2012.05.04 07:00:00.239,0.80179,0.80185,3.00,1.13
2012.05.04 07:00:07.529,0.8018,0.80189,2.63,2.25
2012.05.04 07:00:08.221,0.8018,0.80185,1.13,1.13
2012.05.04 07:00:12.707,0.8018,0.80186,1.50,1.13
2012.05.04 07:00:13.081,0.80179,0.80185,2.25,1.88
2012.05.04 07:00:13.598,0.80176,0.80184,2.63,2.63
2012.05.04 07:00:13.810,0.80177,0.80182,1.13,1.50
2012.05.04 07:00:14.019,0.80177,0.80183,1.88,1.50
2012.05.04 07:00:14.770,0.80176,0.80184,4.13,1.88
2012.05.04 07:00:15.494,0.80176,0.80184,2.63,2.63
2012.05.04 07:00:19.517,0.80176,0.80183,1.88,2.63
2012.05.04 07:00:25.927,0.80176,0.80182,1.88,2.25
2012.05.04 07:00:26.490,0.80176,0.80182,1.13,2.25
2012.05.04 07:00:27.037,0.80176,0.80182,1.88,2.25
2012.05.04 07:00:28.507,0.80174,0.8018,2.25,1.13
2012.05.04 07:00:29.668,0.80173,0.8018,1.80,1.13
2012.05.04 07:00:32.398,0.80173,0.80181,2.25,1.50
2012.05.04 07:00:35.579,0.80173,0.8018,2.25,1.13
2012.05.04 07:00:40.097,0.80173,0.80179,2.25,1.13
2012.05.04 07:00:41.707,0.80173,0.80178,1.05,1.13
2012.05.04 07:00:42.281,0.8017,0.80174,1.50,1.13
2012.05.04 07:00:42.351,0.8017,0.80177,2.25,3.00
2012.05.04 07:00:42.419,0.80168,0.80173,1.88,1.88
2012.05.04 07:00:42.489,0.80167,0.80173,2.93,1.88
2012.05.04 07:00:43.479,0.80166,0.80173,1.80,1.88
2012.05.04 07:00:43.807,0.80167,0.80173,1.43,1.88
2012.05.04 07:00:44.649,0.80167,0.80174,1.88,1.88
2012.05.04 07:00:45.439,0.80167,0.80175,1.13,3.38
2012.05.04 07:00:45.509,0.80168,0.80175,1.50,1.88
2012.05.04 07:00:45.710,0.80169,0.80175,1.50,1.88
2012.05.04 07:00:46.587,0.80169,0.80175,1.50,1.88
2012.05.04 07:00:46.846,0.80168,0.80175,1.50,2.63
2012.05.04 07:00:47.156,0.80168,0.80175,2.25,1.88
2012.05.04 07:00:47.467,0.80167,0.80175,4.50,2.63
2012.05.04 07:00:49.631,0.80168,0.80175,1.50,2.63
2012.05.04 07:00:50.176,0.80168,0.80175,1.50,2.63
2012.05.04 07:00:51.292,0.80169,0.80175,1.13,2.63
2012.05.04 07:00:54.756,0.80169,0.80175,1.88,2.63
2012.05.04 07:00:55.261,0.80169,0.80175,2.63,2.63
2012.05.04 07:00:57.208,0.80169,0.80175,1.88,2.63
2012.05.04 07:00:57.748,0.80167,0.80175,3.75,2.63
2012.05.04 07:00:57.818,0.80167,0.80175,3.00,2.63
2012.05.04 07:00:58.027,0.80167,0.80175,3.00,2.63
2012.05.04 07:00:58.097,0.80167,0.80175,3.00,2.63
2012.05.04 07:00:58.169,0.80167,0.80175,3.75,2.63
2012.05.04 07:00:59.350,0.80169,0.80175,1.50,1.88
2012.05.04 07:01:05.626,0.80169,0.80175,1.50,1.88
2012.05.04 07:01:13.118,0.80169,0.80175,1.50,1.13
2012.05.04 07:01:13.676,0.80168,0.80175,1.50,1.13
2012.05.04 07:01:14.207,0.80169,0.80175,1.50,1.13
2012.05.04 07:01:15.737,0.80169,0.80175,1.50,1.13
2012.05.04 07:01:16.250,0.80169,0.80175,1.50,1.13
2012.05.04 07:01:18.568,0.80168,0.80175,1.50,1.13
2012.05.04 07:01:18.887,0.8017,0.80175,1.50,1.13
2012.05.04 07:01:22.137,0.80173,0.80178,1.13,1.13
2012.05.04 07:01:22.670,0.80174,0.80181,1.50,2.63
2012.05.04 07:01:22.808,0.80173,0.8018,1.88,1.13
2012.05.04 07:01:24.637,0.80173,0.8018,1.88,1.13
2012.05.04 07:01:24.837,0.80173,0.80181,1.88,3.75
2012.05.04 07:01:26.031,0.80175,0.80181,2.63,1.88
2012.05.04 07:01:26.557,0.80175,0.80182,1.50,1.13
2012.05.04 07:01:26.689,0.80174,0.80182,2.63,1.88
2012.05.04 07:01:27.198,0.80174,0.80182,3.38,1.88
2012.05.04 07:01:27.737,0.80175,0.80181,1.88,1.13
2012.05.04 07:01:50.017,0.80175,0.80181,4.13,1.13
2012.05.04 07:01:50.553,0.80175,0.80181,2.63,1.13
2012.05.04 07:01:57.717,0.80177,0.80184,1.13,3.98
2012.05.04 07:01:57.859,0.80177,0.80185,3.38,3.00
2012.05.04 07:01:58.387,0.80178,0.80184,1.88,1.13
2012.05.04 07:02:05.998,0.80177,0.80183,4.13,1.13
2012.05.04 07:02:09.849,0.80178,0.80185,2.25,1.88
2012.05.04 07:02:10.229,0.80177,0.80183,4.88,1.13
2012.05.04 07:02:19.970,0.80177,0.80185,3.38,1.88
2012.05.04 07:02:25.969,0.80178,0.80185,2.25,1.13
2012.05.04 07:02:26.036,0.80178,0.80185,2.25,1.13
2012.05.04 07:02:41.678,0.80178,0.80184,1.13,1.13
2012.05.04 07:02:42.229,0.80177,0.80184,2.25,2.63
2012.05.04 07:02:43.028,0.80178,0.80185,1.13,3.00
2012.05.04 07:02:43.096,0.80177,0.80185,3.00,3.00
2012.05.04 07:02:43.298,0.80178,0.80185,1.13,1.88
2012.05.04 07:02:44.025,0.80177,0.80185,3.00,3.38
2012.05.04 07:02:44.656,0.80178,0.80185,1.13,1.13
2012.05.04 07:02:47.507,0.80178,0.80184,1.88,1.13
2012.05.04 07:02:52.206,0.80178,0.80184,2.63,1.13
2012.05.04 07:02:53.357,0.80178,0.80183,1.88,1.13
2012.05.04 07:02:53.943,0.80178,0.80183,1.13,1.13
2012.05.04 07:03:04.941,0.80174,0.80178,1.88,1.13
2012.05.04 07:03:05.011,0.80172,0.80178,1.88,2.63
2012.05.04 07:03:05.080,0.80171,0.80176,4.50,1.13
2012.05.04 07:03:05.151,0.8017,0.80176,3.15,3.38
2012.05.04 07:03:05.489,0.80167,0.80174,1.13,1.50
2012.05.04 07:03:05.999,0.80169,0.80175,1.13,2.63
2012.05.04 07:03:07.229,0.80167,0.80175,4.13,1.88
2012.05.04 07:03:07.689,0.8017,0.80176,1.13,2.63
2012.05.04 07:03:08.128,0.80168,0.80174,1.13,1.13
2012.05.04 07:03:10.266,0.80169,0.80175,1.88,1.88
2012.05.04 07:03:12.656,0.80167,0.80175,3.38,1.88
2012.05.04 07:03:13.028,0.80166,0.80174,5.63,2.48
2012.05.04 07:03:13.758,0.80168,0.80174,1.13,1.88
2012.05.04 07:03:13.829,0.80168,0.80174,1.88,1.88
2012.05.04 07:03:19.757,0.80167,0.80173,1.50,1.13
2012.05.04 07:03:19.898,0.80166,0.80173,1.13,1.88
2012.05.04 07:03:22.617,0.80162,0.80167,2.63,2.10
2012.05.04 07:03:22.691,0.80163,0.80167,1.50,1.50
2012.05.04 07:03:22.831,0.80158,0.80165,1.50,2.25
2012.05.04 07:03:22.966,0.80158,0.80162,1.50,1.50
2012.05.04 07:03:23.098,0.80156,0.80162,3.00,2.25
2012.05.04 07:03:23.229,0.80158,0.80163,1.13,3.38
2012.05.04 07:03:23.725,0.80157,0.80163,1.88,1.13
2012.05.04 07:03:24.236,0.80157,0.80163,1.13,1.13
2012.05.04 07:03:24.509,0.80157,0.80163,1.13,2.63
2012.05.04 07:03:25.055,0.80156,0.80162,2.25,1.88
2012.05.04 07:03:25.376,0.80156,0.80162,3.75,1.13
2012.05.04 07:03:26.176,0.80156,0.80162,2.25,1.88
2012.05.04 07:03:34.026,0.80156,0.80162,2.63,1.13
2012.05.04 07:03:34.560,0.80157,0.80163,1.88,1.13
2012.05.04 07:03:38.787,0.80156,0.80163,2.63,2.63
2012.05.04 07:03:38.919,0.80155,0.80163,2.25,2.63
2012.05.04 07:03:40.808,0.80155,0.80162,1.88,1.13
2012.05.04 07:03:40.950,0.80154,0.80162,1.88,3.00
2012.05.04 07:03:41.531,0.80154,0.8016,1.13,2.25
2012.05.04 07:03:42.082,0.80154,0.80158,1.13,1.50
2012.05.04 07:03:45.919,0.80155,0.8016,1.13,3.23
2012.05.04 07:03:45.989,0.80155,0.8016,1.88,1.88
2012.05.04 07:03:47.937,0.80153,0.8016,1.13,3.38
2012.05.04 07:03:48.839,0.80154,0.8016,1.13,2.63
2012.05.04 07:03:49.451,0.80154,0.8016,1.13,2.63
2012.05.04 07:03:49.528,0.80156,0.8016,1.13,1.13
2012.05.04 07:03:56.100,0.80157,0.80161,1.13,1.50
2012.05.04 07:03:57.119,0.80157,0.80163,1.88,1.13
2012.05.04 07:03:57.250,0.80158,0.80163,1.13,1.13
2012.05.04 07:03:58.177,0.80156,0.80163,1.88,1.13
2012.05.04 07:03:58.702,0.80156,0.80162,1.13,1.13
2012.05.04 07:03:59.930,0.80157,0.80163,1.88,1.88
2012.05.04 07:04:00.437,0.80157,0.80164,1.50,1.88
2012.05.04 07:04:01.007,0.80158,0.80164,1.13,1.88
2012.05.04 07:04:01.541,0.80158,0.80164,2.63,1.13
2012.05.04 07:04:02.073,0.80162,0.80167,1.13,1.13
2012.05.04 07:04:02.156,0.80162,0.80168,1.88,3.38
2012.05.04 07:04:02.691,0.80162,0.80168,1.88,1.88
2012.05.04 07:04:06.220,0.80162,0.80168,1.13,2.63
2012.05.04 07:04:07.411,0.80162,0.80168,1.88,2.63
2012.05.04 07:04:09.376,0.80162,0.80168,1.13,1.88
2012.05.04 07:04:09.936,0.80161,0.80167,1.88,1.88
2012.05.04 07:04:14.398,0.80161,0.80167,1.88,1.88
2012.05.04 07:04:24.626,0.80162,0.80168,1.50,1.50
2012.05.04 07:04:25.136,0.80162,0.8017,1.88,3.00
2012.05.04 07:04:30.559,0.80162,0.8017,1.13,3.00
2012.05.04 07:04:38.949,0.80164,0.8017,1.13,2.25
2012.05.04 07:04:39.273,0.80166,0.80172,1.13,3.98
2012.05.04 07:04:39.351,0.80166,0.80172,1.13,5.10
2012.05.04 07:04:39.493,0.80169,0.80173,1.13,1.13
2012.05.04 07:04:39.779,0.80169,0.80175,2.63,1.50
2012.05.04 07:04:40.290,0.80169,0.80175,1.13,1.50
2012.05.04 07:04:41.915,0.80169,0.80175,1.88,1.13
2012.05.04 07:04:46.566,0.80169,0.80175,2.63,1.13
2012.05.04 07:04:47.145,0.80169,0.80175,1.88,1.13
2012.05.04 07:04:49.559,0.8017,0.80176,1.13,1.13
2012.05.04 07:04:50.057,0.80169,0.80177,1.13,2.63
2012.05.04 07:04:51.390,0.8017,0.80178,1.13,1.50
2012.05.04 07:05:00.126,0.8017,0.80178,1.13,1.50
2012.05.04 07:05:02.888,0.8017,0.80178,1.88,2.25
2012.05.04 07:05:03.385,0.8017,0.80178,1.13,3.00
2012.05.04 07:05:23.095,0.80167,0.80175,2.63,1.13
2012.05.04 07:05:23.238,0.80167,0.80173,1.13,1.13
2012.05.04 07:05:26.229,0.80167,0.80173,1.13,1.88
2012.05.04 07:05:29.779,0.80167,0.80173,1.13,1.13
2012.05.04 07:05:34.973,0.80167,0.80173,1.88,1.13
2012.05.04 07:05:35.535,0.80168,0.80176,2.63,2.25
2012.05.04 07:05:36.081,0.80165,0.80175,6.60,1.13
2012.05.04 07:05:36.222,0.80163,0.80168,3.00,3.75
2012.05.04 07:05:36.352,0.80158,0.80169,1.50,4.50
2012.05.04 07:05:36.423,0.80159,0.80168,1.13,1.50
2012.05.04 07:05:36.503,0.80159,0.80165,1.13,2.25
2012.05.04 07:05:36.699,0.80158,0.80163,1.13,1.50
2012.05.04 07:05:37.040,0.80156,0.80163,1.13,3.00
2012.05.04 07:05:37.296,0.80158,0.80164,1.13,1.50
2012.05.04 07:05:39.817,0.80156,0.80164,1.88,3.60
2012.05.04 07:05:39.886,0.80156,0.80164,1.88,3.60
2012.05.04 07:05:40.398,0.80155,0.80162,1.88,2.25
2012.05.04 07:05:41.741,0.80154,0.8016,1.13,1.50
2012.05.04 07:05:42.360,0.80154,0.80161,1.88,2.85
2012.05.04 07:05:42.891,0.80155,0.80161,1.88,3.60
2012.05.04 07:05:44.798,0.80155,0.80161,1.13,3.60
2012.05.04 07:05:44.867,0.80155,0.80161,1.13,2.85
2012.05.04 07:05:46.009,0.80157,0.80163,1.88,3.23
2012.05.04 07:05:46.897,0.80157,0.80163,1.88,3.23
2012.05.04 07:05:47.508,0.80157,0.80163,1.13,3.23
2012.05.04 07:05:51.624,0.80157,0.80163,1.13,2.48
2012.05.04 07:05:53.079,0.80157,0.80163,1.13,2.48
2012.05.04 07:05:55.228,0.80155,0.80163,1.88,2.48
2012.05.04 07:05:55.790,0.80155,0.80162,1.88,1.50
2012.05.04 07:06:08.941,0.80156,0.80162,1.13,1.50
2012.05.04 07:06:09.447,0.80156,0.80163,2.63,2.10
2012.05.04 07:06:10.229,0.80156,0.80163,1.88,1.35
2012.05.04 07:06:10.717,0.80156,0.80163,1.88,2.10
2012.05.04 07:06:14.620,0.80156,0.80162,1.88,1.50
2012.05.04 07:06:15.156,0.80156,0.80163,2.63,1.73
2012.05.04 07:06:43.031,0.80156,0.80163,3.38,1.73
2012.05.04 07:06:43.540,0.80156,0.80163,2.55,2.48
2012.05.04 07:06:59.336,0.80156,0.80162,1.13,2.25
2012.05.04 07:07:10.067,0.80156,0.80163,1.88,1.88
2012.05.04 07:07:26.498,0.80156,0.80162,1.50,2.25
2012.05.04 07:07:35.459,0.80154,0.80162,2.63,2.63
2012.05.04 07:07:36.007,0.80154,0.80162,2.63,3.38
2012.05.04 07:07:37.888,0.80154,0.80162,2.63,3.38
2012.05.04 07:07:38.403,0.80154,0.80162,2.63,4.13
2012.05.04 07:07:38.946,0.80154,0.80162,2.63,4.13
2012.05.04 07:07:41.077,0.80155,0.80162,1.50,2.63
2012.05.04 07:07:43.057,0.80155,0.80162,1.50,4.13
2012.05.04 07:07:44.006,0.80154,0.80162,1.88,5.63
2012.05.04 07:07:49.454,0.80155,0.80162,1.50,4.50
2012.05.04 07:07:51.271,0.80154,0.80161,1.88,2.25
2012.05.04 07:07:52.446,0.80155,0.80163,1.50,1.88
2012.05.04 07:07:53.279,0.80155,0.80162,1.50,1.50
2012.05.04 07:07:54.787,0.80154,0.80162,3.38,2.25
2012.05.04 07:07:59.604,0.80154,0.80162,2.63,1.50
2012.05.04 07:08:04.341,0.80154,0.80162,2.63,3.75
2012.05.04 07:08:09.549,0.80154,0.8016,1.88,1.13
2012.05.04 07:08:10.064,0.80158,0.80162,1.13,1.50
2012.05.04 07:08:10.495,0.80161,0.80165,1.13,2.25
2012.05.04 07:08:10.572,0.80161,0.80165,1.88,1.50
2012.05.04 07:08:10.980,0.80158,0.80165,1.13,2.25
2012.05.04 07:08:11.477,0.80157,0.80162,3.00,1.50
2012.05.04 07:08:11.550,0.80155,0.80162,1.50,2.25
2012.05.04 07:08:12.177,0.80157,0.80162,1.88,1.50
2012.05.04 07:08:13.040,0.80157,0.80162,1.88,1.50
2012.05.04 07:08:15.117,0.80156,0.80162,1.88,2.63
2012.05.04 07:08:15.637,0.80156,0.80162,1.88,2.63
2012.05.04 07:08:16.197,0.80156,0.80162,1.88,1.88
2012.05.04 07:08:19.759,0.80156,0.80162,1.88,1.88
2012.05.04 07:08:20.271,0.80157,0.80163,1.88,1.88
2012.05.04 07:08:22.699,0.80156,0.80163,1.50,1.88
2012.05.04 07:08:22.827,0.80157,0.80163,1.13,2.63
2012.05.04 07:08:23.717,0.80155,0.80163,4.13,2.63
2012.05.04 07:08:24.393,0.80155,0.80163,4.13,2.63
2012.05.04 07:08:25.521,0.80156,0.80163,1.88,1.50
2012.05.04 07:08:30.307,0.80158,0.80163,1.13,1.13
2012.05.04 07:08:30.846,0.80158,0.80164,1.13,7.13
2012.05.04 07:08:31.387,0.80158,0.80163,1.13,1.50
2012.05.04 07:08:31.580,0.80155,0.80162,2.63,1.50
2012.05.04 07:08:32.478,0.80156,0.80164,2.63,3.00
2012.05.04 07:08:32.832,0.80159,0.80167,4.13,3.75
2012.05.04 07:08:32.958,0.80159,0.80165,1.13,1.50
2012.05.04 07:08:33.307,0.8016,0.80166,1.88,2.25
2012.05.04 07:08:34.801,0.8016,0.80166,1.88,1.88
2012.05.04 07:08:34.943,0.80158,0.80165,2.63,1.50
2012.05.04 07:08:35.289,0.8016,0.80166,1.88,2.63
2012.05.04 07:08:35.851,0.8016,0.80166,1.88,2.63
2012.05.04 07:08:37.270,0.80158,0.80166,2.25,7.13
2012.05.04 07:08:37.338,0.80158,0.80163,4.13,1.50
2012.05.04 07:08:37.670,0.80156,0.80164,1.88,2.63
2012.05.04 07:08:37.800,0.80158,0.80163,1.13,1.50
2012.05.04 07:08:38.285,0.80161,0.80166,1.13,3.38
2012.05.04 07:08:38.359,0.80161,0.80166,1.13,3.38
2012.05.04 07:08:38.889,0.80161,0.80166,1.13,1.88
2012.05.04 07:08:40.863,0.80159,0.80166,2.63,1.88
2012.05.04 07:08:41.578,0.8016,0.80166,1.13,2.63
2012.05.04 07:08:42.480,0.80162,0.80167,1.13,2.25
2012.05.04 07:08:42.801,0.80162,0.80168,1.13,4.88
2012.05.04 07:08:43.391,0.80159,0.80168,1.50,6.00
2012.05.04 07:08:43.957,0.80163,0.80168,1.13,4.13
2012.05.04 07:08:44.457,0.80162,0.80168,1.13,5.25
2012.05.04 07:08:45.311,0.8016,0.80167,1.88,1.50
2012.05.04 07:08:45.852,0.80161,0.80168,1.88,1.13
2012.05.04 07:08:47.089,0.80163,0.80168,2.10,1.13
2012.05.04 07:08:47.301,0.80167,0.80173,1.50,2.63
2012.05.04 07:08:47.430,0.80169,0.80174,1.88,1.50
2012.05.04 07:08:47.781,0.80168,0.80174,1.13,1.50
2012.05.04 07:08:51.000,0.8017,0.80175,1.13,2.25
2012.05.04 07:08:55.266,0.80169,0.80175,1.13,3.38
2012.05.04 07:09:02.540,0.8017,0.80175,1.13,2.25
2012.05.04 07:09:08.269,0.80168,0.80176,1.13,3.75
2012.05.04 07:09:08.410,0.8017,0.80176,1.13,1.50
2012.05.04 07:09:16.270,0.80169,0.80175,1.50,1.50
2012.05.04 07:09:17.636,0.8017,0.80176,1.13,1.50
2012.05.04 07:09:17.910,0.80173,0.80178,1.13,1.88
2012.05.04 07:09:18.477,0.80174,0.80179,1.13,2.25
2012.05.04 07:09:18.555,0.80174,0.80179,1.13,1.50
2012.05.04 07:09:18.632,0.80174,0.80182,2.63,1.13
2012.05.04 07:09:18.830,0.80175,0.80183,1.88,2.25
2012.05.04 07:09:19.367,0.80177,0.80182,1.13,1.50
2012.05.04 07:09:34.597,0.80175,0.80183,1.88,2.63
2012.05.04 07:09:34.942,0.80175,0.80181,1.13,1.88
2012.05.04 07:09:35.278,0.80172,0.8018,1.13,3.00
2012.05.04 07:09:35.347,0.80175,0.8018,1.13,1.50
2012.05.04 07:09:40.257,0.80174,0.8018,1.50,1.88
2012.05.04 07:09:40.578,0.80174,0.8018,1.13,1.88
2012.05.04 07:09:41.141,0.80174,0.8018,1.13,1.88
2012.05.04 07:09:44.846,0.80173,0.80179,2.25,1.88
2012.05.04 07:09:45.357,0.80172,0.80179,1.50,2.25
2012.05.04 07:09:45.817,0.80173,0.8018,1.50,2.25
2012.05.04 07:09:53.469,0.80172,0.8018,3.38,2.63
2012.05.04 07:09:57.680,0.80172,0.8018,3.75,2.63
2012.05.04 07:09:58.489,0.80172,0.8018,2.63,3.38
2012.05.04 07:10:00.181,0.80174,0.8018,1.13,2.63
2012.05.04 07:10:00.503,0.80173,0.80179,1.13,3.38
2012.05.04 07:10:16.871,0.8017,0.80178,1.50,3.38
2012.05.04 07:10:17.360,0.80169,0.80175,1.88,2.63
2012.05.04 07:10:17.887,0.80169,0.80175,1.50,2.63
2012.05.04 07:10:18.701,0.8017,0.80175,1.13,1.50
2012.05.04 07:10:19.269,0.8017,0.80177,1.13,1.50
2012.05.04 07:10:31.976,0.80172,0.80178,1.13,4.13
2012.05.04 07:10:34.076,0.80172,0.80178,1.13,2.63
2012.05.04 07:10:34.326,0.8017,0.80177,1.88,1.50
2012.05.04 07:10:46.877,0.80172,0.80177,1.13,1.50
2012.05.04 07:10:54.120,0.80171,0.80177,1.13,2.63
2012.05.04 07:10:57.373,0.8017,0.80176,1.88,1.88
2012.05.04 07:11:06.623,0.80171,0.80177,1.13,2.63
2012.05.04 07:11:09.711,0.80171,0.80177,1.13,1.13
2012.05.04 07:11:26.469,0.80173,0.80178,1.13,2.25
2012.05.04 07:11:26.819,0.80175,0.8018,1.88,1.50
2012.05.04 07:11:27.276,0.80177,0.80181,1.88,1.50
2012.05.04 07:11:27.670,0.80176,0.80181,1.50,1.50
2012.05.04 07:11:28.200,0.80177,0.80182,1.13,3.60
2012.05.04 07:11:29.128,0.80177,0.80182,1.13,2.10
2012.05.04 07:11:32.657,0.80176,0.80182,1.88,3.23
2012.05.04 07:11:39.059,0.80176,0.80182,1.88,4.73
2012.05.04 07:11:48.718,0.80177,0.80182,1.13,3.23
2012.05.04 07:11:48.850,0.80178,0.80185,2.25,4.13
2012.05.04 07:11:49.189,0.80179,0.80184,2.25,1.13
2012.05.04 07:11:49.388,0.80178,0.80184,2.63,1.88
2012.05.04 07:11:49.460,0.80178,0.80184,1.88,1.88
2012.05.04 07:11:50.840,0.80178,0.80186,2.63,1.13
2012.05.04 07:11:54.169,0.80178,0.80186,2.63,1.88
2012.05.04 07:11:55.500,0.80178,0.80186,2.63,1.13
2012.05.04 07:12:01.188,0.80179,0.80186,1.50,2.63
2012.05.04 07:12:01.763,0.80178,0.80185,1.88,1.50
2012.05.04 07:12:02.292,0.80179,0.80186,1.50,2.63
2012.05.04 07:12:04.088,0.80178,0.80186,2.63,2.63
2012.05.04 07:12:05.031,0.80178,0.80186,2.63,2.63
2012.05.04 07:12:06.259,0.80178,0.80186,2.63,2.63
2012.05.04 07:12:06.786,0.80178,0.80186,1.88,3.38
2012.05.04 07:12:07.000,0.80177,0.80183,3.00,1.13
2012.05.04 07:12:07.517,0.80179,0.80185,1.13,2.63
2012.05.04 07:12:08.567,0.80178,0.80184,1.13,1.88
2012.05.04 07:12:13.882,0.80178,0.80186,2.63,1.88
2012.05.04 07:12:14.013,0.8018,0.80186,1.13,1.88
2012.05.04 07:12:14.559,0.8018,0.80186,1.88,1.13
2012.05.04 07:12:16.089,0.80179,0.80185,1.88,1.13
2012.05.04 07:12:16.298,0.80178,0.80184,2.63,1.88
2012.05.04 07:12:18.012,0.80179,0.80185,2.25,1.50
2012.05.04 07:12:18.209,0.80179,0.80187,3.75,3.00
2012.05.04 07:12:18.747,0.8018,0.80187,1.50,2.63
2012.05.04 07:12:19.848,0.80179,0.80187,3.00,2.63
2012.05.04 07:12:20.429,0.80179,0.80187,3.00,2.63
2012.05.04 07:12:24.309,0.80179,0.80185,1.13,1.88
2012.05.04 07:12:24.380,0.80177,0.80184,3.98,1.50
2012.05.04 07:12:24.749,0.80179,0.80187,1.13,4.13
2012.05.04 07:12:24.825,0.80179,0.80187,1.88,2.63
2012.05.04 07:12:25.442,0.80179,0.80187,2.63,1.88
2012.05.04 07:12:25.580,0.80179,0.80186,1.13,1.50
2012.05.04 07:12:26.838,0.8018,0.80186,1.13,2.63
2012.05.04 07:12:27.369,0.80179,0.80185,1.88,1.88
2012.05.04 07:12:39.608,0.80179,0.80187,2.63,1.88
2012.05.04 07:12:40.279,0.80179,0.80186,1.88,1.50
2012.05.04 07:12:40.790,0.80179,0.80187,2.63,2.63
2012.05.04 07:12:41.408,0.80181,0.80187,1.13,2.63
2012.05.04 07:12:41.920,0.8018,0.80186,1.88,1.13
2012.05.04 07:12:42.450,0.8018,0.80186,1.13,2.63
2012.05.04 07:12:49.062,0.8018,0.80186,1.88,1.13
2012.05.04 07:12:49.569,0.8018,0.80186,1.13,1.88
2012.05.04 07:12:53.090,0.80182,0.80188,1.13,2.63
2012.05.04 07:12:53.432,0.80183,0.8019,1.50,1.50
2012.05.04 07:12:53.575,0.80187,0.80193,1.50,1.50
2012.05.04 07:12:54.132,0.80187,0.80194,1.50,2.25
2012.05.04 07:12:54.333,0.80187,0.80194,1.50,2.63
2012.05.04 07:12:54.740,0.80189,0.80194,1.50,2.63
2012.05.04 07:12:56.174,0.80188,0.80194,1.50,1.88
2012.05.04 07:12:59.453,0.80185,0.8019,5.48,1.13
2012.05.04 07:12:59.522,0.80185,0.8019,1.88,1.13
2012.05.04 07:12:59.790,0.80183,0.80188,2.25,1.13
2012.05.04 07:12:59.931,0.80183,0.80188,1.88,1.13
2012.05.04 07:13:00.199,0.80184,0.80189,1.13,1.13
2012.05.04 07:13:00.931,0.80186,0.80194,4.35,1.88
2012.05.04 07:13:01.352,0.80185,0.80192,5.63,1.88
2012.05.04 07:13:01.882,0.80185,0.80192,1.88,1.88
2012.05.04 07:13:02.489,0.80183,0.80189,2.25,1.88
2012.05.04 07:13:03.050,0.80181,0.80185,2.25,1.88
2012.05.04 07:13:03.460,0.80178,0.80184,1.88,1.50
2012.05.04 07:13:04.060,0.80178,0.80185,1.50,1.13
2012.05.04 07:13:04.820,0.80179,0.80185,1.88,1.88
2012.05.04 07:13:05.750,0.80179,0.80185,1.88,1.88
2012.05.04 07:13:06.651,0.80177,0.80185,3.38,1.13
2012.05.04 07:13:07.912,0.80187,0.80191,1.13,4.50
2012.05.04 07:13:08.040,0.80184,0.80188,1.50,2.25
2012.05.04 07:13:08.182,0.8018,0.80188,3.38,1.88
2012.05.04 07:13:08.251,0.8018,0.80187,1.13,2.25
2012.05.04 07:13:08.588,0.80179,0.80187,2.25,1.88
2012.05.04 07:13:09.000,0.8018,0.80187,1.88,1.88
2012.05.04 07:13:10.213,0.80182,0.80188,1.13,2.63
2012.05.04 07:13:10.286,0.80182,0.80189,1.13,2.63
2012.05.04 07:13:10.365,0.80182,0.80189,2.63,1.50
2012.05.04 07:13:10.512,0.80182,0.8019,2.63,2.25
2012.05.04 07:13:12.220,0.80184,0.8019,1.50,2.25
2012.05.04 07:13:12.729,0.80184,0.80189,1.50,1.13
2012.05.04 07:13:13.527,0.80182,0.8019,3.38,2.25
2012.05.04 07:13:14.652,0.80183,0.8019,1.50,1.50
2012.05.04 07:13:14.934,0.80186,0.80192,1.13,2.25
2012.05.04 07:13:15.366,0.80185,0.80192,2.25,1.50
2012.05.04 07:13:15.443,0.80184,0.8019,2.63,1.13
2012.05.04 07:13:16.005,0.80183,0.8019,2.25,1.50
2012.05.04 07:13:16.088,0.80183,0.8019,1.50,1.50
2012.05.04 07:13:16.493,0.80186,0.80191,1.13,3.00
2012.05.04 07:13:16.700,0.80185,0.80191,1.13,1.88
2012.05.04 07:13:17.021,0.80186,0.80192,1.88,3.38
2012.05.04 07:13:17.280,0.80186,0.80192,2.63,1.13
2012.05.04 07:13:17.419,0.80186,0.80192,1.88,1.13
2012.05.04 07:13:20.979,0.80187,0.80193,1.13,1.88
2012.05.04 07:13:23.817,0.80188,0.80194,1.13,2.63
2012.05.04 07:13:25.472,0.80188,0.80194,1.13,1.13
2012.05.04 07:13:25.610,0.80188,0.80194,1.13,1.88
2012.05.04 07:13:27.337,0.80186,0.80194,2.63,1.88
2012.05.04 07:13:27.599,0.80186,0.80194,3.38,1.88
2012.05.04 07:13:27.729,0.80186,0.80194,2.63,1.88
2012.05.04 07:13:27.864,0.80186,0.80194,4.13,1.88
2012.05.04 07:13:28.948,0.80186,0.80194,3.38,1.88
2012.05.04 07:13:32.331,0.80186,0.80191,1.50,1.13
2012.05.04 07:13:32.992,0.80185,0.80191,2.25,1.88
2012.05.04 07:13:33.065,0.80185,0.80193,3.75,3.38
2012.05.04 07:13:34.547,0.80185,0.80192,2.63,1.13
2012.05.04 07:13:35.059,0.80186,0.80191,1.13,1.50
2012.05.04 07:13:35.590,0.80185,0.80191,1.13,1.50
2012.05.04 07:13:39.912,0.80182,0.80188,2.25,4.13
2012.05.04 07:13:40.806,0.80181,0.80188,2.25,1.13
2012.05.04 07:13:40.892,0.80184,0.8019,1.13,1.88
2012.05.04 07:13:41.691,0.80184,0.8019,1.13,1.88
2012.05.04 07:13:46.686,0.80186,0.80191,1.13,1.13
2012.05.04 07:13:46.767,0.80186,0.80192,1.13,3.00
2012.05.04 07:13:47.091,0.80186,0.80193,4.13,2.63
2012.05.04 07:13:47.374,0.80187,0.80193,1.50,1.50
2012.05.04 07:13:47.523,0.80187,0.80194,2.25,1.88
2012.05.04 07:13:48.070,0.80188,0.80195,1.50,1.88
2012.05.04 07:13:59.467,0.80188,0.80196,1.50,1.88
2012.05.04 07:14:00.344,0.80188,0.80196,2.25,1.88
2012.05.04 07:14:02.126,0.80188,0.80196,2.25,1.88
2012.05.04 07:14:02.257,0.80188,0.80196,1.50,3.38
2012.05.04 07:14:12.744,0.80188,0.80195,3.38,1.88
2012.05.04 07:14:16.107,0.80188,0.80195,4.13,1.88
2012.05.04 07:14:24.568,0.80189,0.80195,1.13,1.88
2012.05.04 07:14:24.639,0.80189,0.80195,1.88,1.88
2012.05.04 07:14:24.768,0.80189,0.80195,1.13,2.63
2012.05.04 07:14:26.797,0.80188,0.80195,2.63,2.63
2012.05.04 07:14:32.366,0.80189,0.80195,1.13,2.63
2012.05.04 07:14:33.615,0.80187,0.80195,1.88,1.50
2012.05.04 07:14:34.010,0.80187,0.80196,2.63,1.88
2012.05.04 07:14:35.972,0.80187,0.80195,2.63,1.13
2012.05.04 07:14:41.717,0.80188,0.80195,1.50,1.13
2012.05.04 07:14:45.788,0.80188,0.80195,1.50,1.13
2012.05.04 07:14:46.316,0.80188,0.80195,1.50,1.13
2012.05.04 07:14:49.168,0.80188,0.80195,1.50,1.13
2012.05.04 07:14:53.062,0.80188,0.80196,3.38,1.88
2012.05.04 07:14:53.609,0.80188,0.80196,3.38,1.88
2012.05.04 07:14:55.745,0.80188,0.80196,2.63,2.63
2012.05.04 07:15:00.209,0.80188,0.80196,2.63,2.63
2012.05.04 07:15:00.727,0.80188,0.80196,2.63,2.63
2012.05.04 07:15:03.042,0.80187,0.80195,1.13,1.88
2012.05.04 07:15:03.109,0.80187,0.80195,2.63,1.88
2012.05.04 07:15:03.629,0.80188,0.80195,1.50,1.13
2012.05.04 07:15:07.572,0.80187,0.80195,3.75,1.13
2012.05.04 07:15:09.391,0.80188,0.80196,1.88,1.88
2012.05.04 07:15:12.716,0.8019,0.80196,1.13,1.88
2012.05.04 07:15:13.528,0.80188,0.80196,2.25,2.63
2012.05.04 07:15:27.790,0.80187,0.80195,2.25,1.13
2012.05.04 07:15:27.984,0.80187,0.80195,2.25,2.63
2012.05.04 07:15:30.309,0.80189,0.80195,1.13,1.50
2012.05.04 07:15:31.239,0.80187,0.80193,2.25,1.50
2012.05.04 07:15:31.452,0.80186,0.80193,1.50,2.25
2012.05.04 07:15:31.800,0.80187,0.80192,1.13,3.00
2012.05.04 07:15:32.003,0.80183,0.80189,3.75,1.50
2012.05.04 07:15:32.083,0.80182,0.80189,1.50,1.50
2012.05.04 07:15:32.639,0.80182,0.80187,1.88,1.50
2012.05.04 07:15:33.291,0.80181,0.80188,2.25,2.25
2012.05.04 07:15:42.792,0.80181,0.80189,1.50,3.00
2012.05.04 07:15:43.677,0.80182,0.80189,1.13,3.00
2012.05.04 07:15:55.631,0.80183,0.80189,1.13,2.25
2012.05.04 07:16:00.249,0.80184,0.80189,1.13,1.50
2012.05.04 07:16:00.381,0.80182,0.80189,1.88,3.38
2012.05.04 07:16:00.449,0.80182,0.80189,2.63,2.63
2012.05.04 07:16:04.980,0.80181,0.80186,1.13,1.13
2012.05.04 07:16:05.169,0.8018,0.80185,1.88,1.88
2012.05.04 07:16:05.312,0.80179,0.80185,3.00,1.88
2012.05.04 07:16:05.880,0.8018,0.80185,1.50,1.88
2012.05.04 07:16:06.989,0.80181,0.80188,1.13,1.50
2012.05.04 07:16:07.059,0.80183,0.80189,1.13,1.88
2012.05.04 07:16:07.388,0.80184,0.80189,1.50,1.13
2012.05.04 07:16:07.711,0.80185,0.80193,2.25,8.85
2012.05.04 07:16:07.781,0.80185,0.80191,2.63,1.50
2012.05.04 07:16:07.990,0.80185,0.80191,1.13,1.50
2012.05.04 07:16:08.380,0.80185,0.80191,1.88,1.50
2012.05.04 07:16:10.682,0.80185,0.80191,1.13,2.25
2012.05.04 07:16:11.188,0.80185,0.80191,1.88,1.50
2012.05.04 07:16:12.682,0.80186,0.80192,1.13,3.00
2012.05.04 07:16:14.488,0.80183,0.80191,1.50,1.13
2012.05.04 07:16:14.819,0.80186,0.80192,1.13,5.25
2012.05.04 07:16:18.909,0.80183,0.80191,1.50,1.13
2012.05.04 07:16:18.979,0.80186,0.80192,1.13,3.00
2012.05.04 07:16:27.033,0.80182,0.80191,2.63,1.13
2012.05.04 07:16:27.351,0.80186,0.80192,1.13,2.25
2012.05.04 07:16:36.417,0.80187,0.80192,1.13,1.13
2012.05.04 07:16:36.679,0.80187,0.80195,1.13,7.13
2012.05.04 07:16:36.931,0.80187,0.80195,2.63,1.13
2012.05.04 07:16:37.308,0.80187,0.80194,1.88,1.50
2012.05.04 07:16:40.158,0.80187,0.80195,2.25,2.63
2012.05.04 07:16:40.715,0.80187,0.80195,2.25,1.88
2012.05.04 07:16:42.975,0.80187,0.80195,3.00,1.88
2012.05.04 07:16:43.538,0.80187,0.80195,3.00,1.88
2012.05.04 07:16:44.013,0.80186,0.80193,2.25,1.88
2012.05.04 07:16:44.341,0.80186,0.8019,1.13,1.13
2012.05.04 07:16:44.740,0.80184,0.8019,1.13,1.88
2012.05.04 07:16:45.444,0.80184,0.8019,1.13,1.88
2012.05.04 07:16:45.999,0.80184,0.8019,1.88,1.88
2012.05.04 07:16:50.331,0.80187,0.80192,1.13,3.75
2012.05.04 07:16:50.880,0.80187,0.80192,1.13,1.13
2012.05.04 07:16:52.954,0.80187,0.80194,1.13,3.00
2012.05.04 07:16:54.910,0.80185,0.80191,3.38,1.13
2012.05.04 07:16:55.218,0.80184,0.8019,1.50,1.88
2012.05.04 07:16:56.449,0.80185,0.80191,1.13,1.50
2012.05.04 07:16:56.524,0.80185,0.80192,1.13,1.50
2012.05.04 07:16:56.717,0.80185,0.80192,1.13,3.00
2012.05.04 07:16:58.959,0.80185,0.80192,1.88,3.00
2012.05.04 07:16:59.188,0.80185,0.80193,7.13,1.88
2012.05.04 07:16:59.721,0.80185,0.80193,2.25,2.63
2012.05.04 07:17:00.961,0.80185,0.80193,3.00,2.63
2012.05.04 07:17:01.380,0.80184,0.80192,3.38,1.88
2012.05.04 07:17:01.875,0.80185,0.80192,2.25,1.13
2012.05.04 07:17:03.514,0.80185,0.80192,2.25,1.88
2012.05.04 07:17:04.053,0.80185,0.80193,3.00,2.63
2012.05.04 07:17:08.671,0.80185,0.80192,3.75,1.50
2012.05.04 07:17:09.189,0.80185,0.80193,3.00,1.88
2012.05.04 07:17:27.409,0.80185,0.80192,1.13,2.25
2012.05.04 07:17:28.453,0.80184,0.80191,1.88,1.88
2012.05.04 07:17:37.092,0.80183,0.80191,1.13,5.63
2012.05.04 07:17:48.987,0.80184,0.80191,1.13,3.75
2012.05.04 07:17:49.369,0.80184,0.80191,1.13,1.50
2012.05.04 07:17:52.688,0.80183,0.80191,1.88,3.38
2012.05.04 07:17:52.877,0.80183,0.80189,1.88,1.13
2012.05.04 07:17:53.487,0.80183,0.80189,1.13,1.88
2012.05.04 07:17:58.121,0.80182,0.80186,1.13,1.13
2012.05.04 07:17:58.459,0.80178,0.80185,1.13,2.63
2012.05.04 07:18:00.821,0.80178,0.80184,2.25,1.88
2012.05.04 07:18:03.407,0.80178,0.80184,1.80,1.88
2012.05.04 07:18:04.037,0.80179,0.80186,1.05,1.88
2012.05.04 07:18:04.324,0.80178,0.80186,1.50,2.63
2012.05.04 07:18:04.833,0.80179,0.80185,1.13,1.88
2012.05.04 07:18:08.533,0.80177,0.80185,2.25,2.25
2012.05.04 07:18:15.477,0.80177,0.80184,1.13,1.88
2012.05.04 07:18:31.029,0.80177,0.80182,1.13,1.50
2012.05.04 07:18:31.567,0.80175,0.80183,3.00,2.63
2012.05.04 07:18:36.859,0.80175,0.80183,3.00,3.38
2012.05.04 07:18:51.540,0.80175,0.80183,3.75,1.88
2012.05.04 07:18:52.157,0.80175,0.8018,1.13,1.88
2012.05.04 07:18:52.443,0.80171,0.80179,2.25,2.63
2012.05.04 07:18:52.949,0.80171,0.80179,1.50,2.63
2012.05.04 07:19:10.337,0.80171,0.80178,1.13,2.25
2012.05.04 07:19:10.543,0.80169,0.80177,3.75,1.88
2012.05.04 07:19:10.892,0.80166,0.80174,2.63,1.88
2012.05.04 07:19:11.315,0.80163,0.80169,2.63,1.88
2012.05.04 07:19:11.391,0.80161,0.80169,4.13,4.13
2012.05.04 07:19:11.825,0.80163,0.8017,1.88,1.13
2012.05.04 07:19:12.811,0.80165,0.80172,1.50,3.75
2012.05.04 07:19:13.780,0.80162,0.80171,4.50,1.50
2012.05.04 07:19:23.248,0.80164,0.8017,1.50,1.50
2012.05.04 07:19:23.439,0.80161,0.80167,2.63,1.13
2012.05.04 07:19:23.509,0.8016,0.80165,1.13,1.13
2012.05.04 07:19:23.817,0.80159,0.80165,1.50,3.38
2012.05.04 07:19:24.341,0.80159,0.80164,1.13,1.50
2012.05.04 07:19:24.649,0.80156,0.80162,1.88,2.25
2012.05.04 07:19:24.958,0.80156,0.80165,1.88,4.13
2012.05.04 07:19:26.069,0.80156,0.80163,1.88,2.63
2012.05.04 07:19:26.137,0.80156,0.80163,1.88,1.88
2012.05.04 07:19:27.068,0.80156,0.80163,2.63,2.63
2012.05.04 07:19:28.673,0.80156,0.80163,1.88,3.38
2012.05.04 07:19:28.753,0.80153,0.8016,1.50,1.50
2012.05.04 07:19:28.820,0.80153,0.8016,1.13,1.50
2012.05.04 07:19:29.080,0.80152,0.8016,2.25,3.75
2012.05.04 07:19:29.288,0.80154,0.80161,1.13,1.88
2012.05.04 07:19:29.502,0.80154,0.80162,1.13,4.13
2012.05.04 07:19:29.570,0.80154,0.80161,1.13,1.50
2012.05.04 07:19:30.159,0.80154,0.80162,1.88,2.63
2012.05.04 07:19:30.570,0.80154,0.80162,1.13,2.25
2012.05.04 07:19:31.407,0.80154,0.80161,1.13,1.50
2012.05.04 07:19:31.491,0.80154,0.80163,1.88,2.63
2012.05.04 07:19:31.812,0.80155,0.80163,2.25,2.25
2012.05.04 07:19:31.948,0.80155,0.80164,3.00,5.25
2012.05.04 07:19:32.772,0.80155,0.80163,3.00,1.50
2012.05.04 07:19:33.289,0.80155,0.80163,2.25,2.25
2012.05.04 07:19:34.474,0.80155,0.80163,2.25,2.25
2012.05.04 07:19:35.231,0.80155,0.80163,3.00,1.50
2012.05.04 07:19:35.361,0.80155,0.80162,2.25,1.50
2012.05.04 07:19:35.429,0.80155,0.80164,3.00,4.50
2012.05.04 07:19:35.498,0.80155,0.80163,2.25,2.25
2012.05.04 07:19:36.136,0.80155,0.80163,3.00,2.25
2012.05.04 07:19:36.269,0.80155,0.80162,2.25,1.50
2012.05.04 07:19:36.337,0.80155,0.80164,3.00,5.25
2012.05.04 07:19:37.045,0.80155,0.80163,3.00,1.50
2012.05.04 07:19:39.348,0.80155,0.80164,3.00,5.25
2012.05.04 07:19:39.489,0.80155,0.80163,2.25,1.50
2012.05.04 07:19:39.624,0.80154,0.80163,1.88,2.25
2012.05.04 07:19:40.167,0.80154,0.80163,2.63,3.00
2012.05.04 07:19:40.659,0.80154,0.80161,1.88,1.50
2012.05.04 07:19:50.612,0.80154,0.80163,2.25,4.50
2012.05.04 07:19:53.617,0.80154,0.80162,3.00,2.63
2012.05.04 07:19:53.869,0.80153,0.80161,3.23,2.25
2012.05.04 07:19:54.403,0.80153,0.80162,4.73,1.88
2012.05.04 07:19:58.571,0.80153,0.80161,3.23,1.50
2012.05.04 07:19:59.309,0.80153,0.80161,2.63,1.50
2012.05.04 07:19:59.829,0.80153,0.80161,3.38,1.50
2012.05.04 07:20:00.571,0.80153,0.80162,3.38,5.63
2012.05.04 07:20:00.888,0.80155,0.80162,1.50,3.00
2012.05.04 07:20:01.221,0.80154,0.80162,1.50,3.75
2012.05.04 07:20:01.741,0.80154,0.80162,1.50,4.50
2012.05.04 07:20:02.257,0.80154,0.80162,1.50,3.75
2012.05.04 07:20:02.777,0.80153,0.8016,2.63,1.50
2012.05.04 07:20:03.030,0.80154,0.80162,1.50,2.25
2012.05.04 07:20:03.167,0.80154,0.80162,1.50,3.75
2012.05.04 07:20:03.675,0.80154,0.80161,1.88,1.50
2012.05.04 07:20:04.180,0.80154,0.80162,1.13,2.25
2012.05.04 07:20:04.739,0.80154,0.80162,1.88,1.50
2012.05.04 07:20:05.247,0.80154,0.80163,1.13,4.88
2012.05.04 07:20:05.559,0.80154,0.80161,1.13,1.50
2012.05.04 07:20:05.686,0.80154,0.80161,1.13,2.25
2012.05.04 07:20:06.151,0.80153,0.8016,1.88,1.50
2012.05.04 07:20:07.277,0.80154,0.80162,1.88,3.00
2012.05.04 07:20:07.739,0.80154,0.80162,1.88,2.25
2012.05.04 07:20:07.870,0.80154,0.80162,1.13,3.00
2012.05.04 07:20:08.178,0.80155,0.80162,1.50,1.50
2012.05.04 07:20:08.309,0.80154,0.80162,1.88,2.25
2012.05.04 07:20:08.570,0.80154,0.80161,1.88,1.50
2012.05.04 07:20:08.637,0.80154,0.80161,1.13,1.50
2012.05.04 07:20:09.067,0.80154,0.80162,1.88,3.00
2012.05.04 07:20:09.198,0.80154,0.80162,1.88,1.50
2012.05.04 07:20:09.759,0.80155,0.80163,2.25,3.00
2012.05.04 07:20:10.147,0.80155,0.80163,2.25,3.00
2012.05.04 07:20:12.292,0.80156,0.80163,1.50,3.00
2012.05.04 07:20:12.360,0.80155,0.80162,1.50,1.88
2012.05.04 07:20:12.885,0.80154,0.80162,3.23,1.88
2012.05.04 07:20:12.961,0.80154,0.80162,3.23,1.88
2012.05.04 07:20:13.031,0.80154,0.80162,3.23,1.88
2012.05.04 07:20:13.174,0.80154,0.80162,3.23,2.63
2012.05.04 07:20:13.396,0.80154,0.80162,3.23,1.88
2012.05.04 07:20:18.290,0.80154,0.80162,2.10,2.63
2012.05.04 07:20:19.028,0.80154,0.80162,2.10,2.63
2012.05.04 07:20:19.537,0.80153,0.80161,3.23,1.50
2012.05.04 07:20:20.610,0.80156,0.80164,1.50,2.63
2012.05.04 07:20:20.928,0.80156,0.80163,1.50,1.88
2012.05.04 07:20:21.001,0.80156,0.80162,1.50,1.50
2012.05.04 07:20:22.337,0.80155,0.80162,1.50,2.25
2012.05.04 07:20:22.848,0.80155,0.80163,1.50,2.63
2012.05.04 07:20:23.389,0.80155,0.80162,1.50,1.50
2012.05.04 07:20:24.580,0.80155,0.80162,1.50,1.50
2012.05.04 07:20:26.313,0.80156,0.80163,1.50,1.50
2012.05.04 07:20:26.462,0.80158,0.80165,1.50,1.13
2012.05.04 07:20:26.731,0.80157,0.80165,2.85,3.38
2012.05.04 07:20:27.140,0.80156,0.80162,1.88,1.50
2012.05.04 07:20:27.268,0.80156,0.80162,1.50,1.50
2012.05.04 07:20:27.609,0.80156,0.80162,1.88,1.50
2012.05.04 07:20:39.602,0.80154,0.8016,2.85,1.50
2012.05.04 07:20:39.733,0.80153,0.80161,1.50,2.63
2012.05.04 07:20:39.871,0.80154,0.80161,1.13,4.88
2012.05.04 07:20:40.010,0.80154,0.80161,1.13,4.88
2012.05.04 07:20:40.151,0.80151,0.8016,4.73,1.50
2012.05.04 07:20:40.225,0.80154,0.8016,1.13,1.50
2012.05.04 07:20:45.569,0.80156,0.80162,1.13,3.38
2012.05.04 07:20:45.645,0.80156,0.80162,1.88,1.88
2012.05.04 07:20:46.389,0.80155,0.80162,1.13,4.13
2012.05.04 07:20:46.599,0.80154,0.8016,1.13,1.50
2012.05.04 07:20:51.129,0.80153,0.8016,1.50,1.88
2012.05.04 07:20:51.688,0.80153,0.8016,1.50,1.88
2012.05.04 07:20:52.610,0.80153,0.8016,1.13,1.50
2012.05.04 07:20:53.324,0.80152,0.80158,1.88,2.63
2012.05.04 07:20:53.460,0.80152,0.80158,1.88,3.38
2012.05.04 07:20:54.100,0.80151,0.80158,1.13,3.38
2012.05.04 07:20:54.243,0.8015,0.80158,1.50,4.88
2012.05.04 07:20:54.448,0.80151,0.80158,1.13,2.63
2012.05.04 07:20:55.155,0.8015,0.80156,1.50,1.50
2012.05.04 07:20:55.669,0.8015,0.80156,1.50,1.50
2012.05.04 07:20:56.296,0.8015,0.80157,2.25,1.50
2012.05.04 07:20:56.807,0.8015,0.80157,2.25,1.50
2012.05.04 07:21:09.198,0.8015,0.80157,2.25,1.50
2012.05.04 07:21:11.606,0.8015,0.80158,2.25,3.75
2012.05.04 07:21:12.177,0.8015,0.80157,2.25,1.50
2012.05.04 07:21:12.711,0.8015,0.80157,1.50,2.25
2012.05.04 07:21:18.521,0.8015,0.80158,3.00,3.38
2012.05.04 07:21:18.590,0.80151,0.80158,1.50,2.63
2012.05.04 07:21:19.149,0.8015,0.80157,3.00,1.50
2012.05.04 07:21:19.681,0.8015,0.80157,1.13,3.00
2012.05.04 07:21:19.996,0.80152,0.80156,1.13,1.50
2012.05.04 07:21:20.497,0.80151,0.80156,1.13,1.50
2012.05.04 07:21:21.879,0.80151,0.80157,1.88,1.88
2012.05.04 07:21:23.389,0.80151,0.80157,1.88,2.63
2012.05.04 07:21:24.169,0.80151,0.80157,1.88,1.88
2012.05.04 07:21:33.898,0.80149,0.80157,4.50,1.50
2012.05.04 07:21:35.030,0.80149,0.80157,3.75,1.50
2012.05.04 07:21:36.741,0.8015,0.80157,1.50,1.50
2012.05.04 07:21:37.340,0.8015,0.80158,1.50,1.50
2012.05.04 07:21:40.529,0.80152,0.80158,1.13,3.38
2012.05.04 07:21:43.156,0.80152,0.80157,1.13,1.50
2012.05.04 07:21:43.975,0.80152,0.80158,1.13,2.63
2012.05.04 07:21:46.018,0.80149,0.80156,1.13,3.38
2012.05.04 07:21:46.428,0.80149,0.80156,1.13,2.63
2012.05.04 07:21:47.991,0.8015,0.80156,1.13,2.63
2012.05.04 07:21:51.141,0.80149,0.80156,1.88,1.88
2012.05.04 07:21:51.606,0.8015,0.80158,2.63,2.63
2012.05.04 07:21:52.148,0.8015,0.80157,1.13,2.63
2012.05.04 07:21:52.699,0.8015,0.80157,1.13,2.63
2012.05.04 07:21:53.240,0.8015,0.80156,1.13,1.50
2012.05.04 07:21:53.628,0.8015,0.80157,1.13,2.63
2012.05.04 07:21:54.186,0.8015,0.80156,1.13,1.50
2012.05.04 07:21:55.969,0.80152,0.80159,1.88,1.88
2012.05.04 07:21:56.487,0.80153,0.8016,2.25,1.88
2012.05.04 07:21:56.620,0.80152,0.8016,2.63,2.63
2012.05.04 07:21:57.190,0.80152,0.8016,2.63,3.38
2012.05.04 07:21:57.743,0.80152,0.8016,2.63,3.00
2012.05.04 07:21:59.429,0.80152,0.8016,1.88,2.25
2012.05.04 07:21:59.736,0.80152,0.8016,1.88,3.00
2012.05.04 07:22:00.239,0.80152,0.80158,1.88,1.88
2012.05.04 07:22:00.741,0.8015,0.80157,1.50,2.25
2012.05.04 07:22:01.879,0.8015,0.80156,1.50,2.25
2012.05.04 07:22:02.009,0.80148,0.80154,2.63,2.63
2012.05.04 07:22:02.532,0.80148,0.80153,1.13,1.50
2012.05.04 07:22:02.605,0.80146,0.80154,3.75,2.63
2012.05.04 07:22:02.679,0.80148,0.80154,1.88,1.88
2012.05.04 07:22:03.229,0.80148,0.80154,1.88,1.13
2012.05.04 07:22:04.401,0.80148,0.80155,1.88,1.50
2012.05.04 07:22:04.911,0.80149,0.80156,1.50,1.88
2012.05.04 07:22:05.418,0.80149,0.80154,1.50,1.13
2012.05.04 07:22:05.494,0.80146,0.80154,1.88,2.63
2012.05.04 07:22:08.049,0.80147,0.80153,1.13,2.63
2012.05.04 07:22:08.882,0.80145,0.8015,1.13,1.50
2012.05.04 07:22:08.956,0.80143,0.80149,2.25,2.25
2012.05.04 07:22:10.497,0.80144,0.8015,1.13,1.50
2012.05.04 07:22:11.188,0.80144,0.80152,1.88,4.13
2012.05.04 07:22:11.701,0.80144,0.80152,1.88,3.38
2012.05.04 07:22:13.752,0.80145,0.80151,1.13,1.50
2012.05.04 07:22:13.963,0.80145,0.80152,1.88,1.50
2012.05.04 07:22:14.210,0.80147,0.80153,2.63,3.38
2012.05.04 07:22:15.926,0.80146,0.80154,1.88,1.50
2012.05.04 07:22:16.960,0.80147,0.80154,1.13,2.25
2012.05.04 07:22:17.088,0.80147,0.80155,1.88,4.50
2012.05.04 07:22:17.654,0.80147,0.80155,1.88,3.75
2012.05.04 07:22:18.208,0.80147,0.80155,1.13,4.50
2012.05.04 07:22:20.086,0.80147,0.80154,1.88,1.50
2012.05.04 07:22:20.595,0.80147,0.80155,1.88,3.75
2012.05.04 07:22:21.137,0.80147,0.80155,1.88,3.75
2012.05.04 07:22:22.196,0.80147,0.80155,1.88,3.75
2012.05.04 07:22:22.709,0.80147,0.80155,1.88,3.75
2012.05.04 07:22:24.870,0.80147,0.80155,1.88,3.00
2012.05.04 07:22:27.008,0.80147,0.80154,1.88,1.50
2012.05.04 07:22:27.353,0.80147,0.80154,3.38,1.50
2012.05.04 07:22:28.217,0.80147,0.80154,3.38,1.50
2012.05.04 07:22:29.647,0.80147,0.80155,2.63,3.38
2012.05.04 07:22:33.277,0.80147,0.80154,2.25,1.50
2012.05.04 07:22:34.032,0.80148,0.80154,1.13,1.50
2012.05.04 07:22:35.638,0.80149,0.80155,1.88,2.63
2012.05.04 07:22:36.621,0.80149,0.80155,1.88,2.63
2012.05.04 07:22:37.798,0.80148,0.80155,1.50,3.38
2012.05.04 07:22:38.715,0.80148,0.80155,1.50,2.63
2012.05.04 07:22:39.220,0.80148,0.80155,1.50,2.63
2012.05.04 07:22:40.537,0.80148,0.80155,1.50,2.63
2012.05.04 07:22:41.578,0.80148,0.80155,1.50,2.63
2012.05.04 07:22:43.345,0.80148,0.80154,1.50,1.13
2012.05.04 07:22:43.688,0.80146,0.80154,6.38,1.88
2012.05.04 07:22:43.999,0.80147,0.80154,1.13,1.88
2012.05.04 07:22:44.197,0.80147,0.80153,1.13,1.50
2012.05.04 07:22:44.576,0.80147,0.80153,2.25,1.50
2012.05.04 07:22:44.723,0.80147,0.80153,2.25,1.50
2012.05.04 07:22:44.788,0.80147,0.80154,2.25,2.63
2012.05.04 07:22:45.299,0.80147,0.80153,2.25,1.50
2012.05.04 07:22:45.696,0.80147,0.80154,1.88,1.88
2012.05.04 07:22:46.387,0.80147,0.80154,1.88,2.63
2012.05.04 07:22:46.938,0.80147,0.80154,1.88,2.63
2012.05.04 07:22:47.315,0.80147,0.80153,1.13,1.50
2012.05.04 07:22:47.570,0.80148,0.80154,1.88,1.13
2012.05.04 07:22:48.367,0.80148,0.80154,2.63,1.88
2012.05.04 07:22:48.888,0.80148,0.80154,2.63,1.13
2012.05.04 07:22:49.406,0.80148,0.80154,2.63,1.88
2012.05.04 07:22:50.468,0.80148,0.80154,3.00,1.88
2012.05.04 07:22:50.972,0.80149,0.80154,1.13,1.13
2012.05.04 07:22:51.950,0.80148,0.80156,2.25,3.38
2012.05.04 07:22:52.331,0.80148,0.80155,1.13,1.88
2012.05.04 07:22:52.878,0.80147,0.80154,3.94,1.50
2012.05.04 07:22:54.060,0.80147,0.80155,3.94,2.63
2012.05.04 07:22:54.620,0.80148,0.80155,2.25,1.88
2012.05.04 07:22:55.290,0.80148,0.80155,2.25,1.88
2012.05.04 07:22:55.607,0.80148,0.80156,4.13,2.63
2012.05.04 07:22:55.740,0.80148,0.80156,4.13,2.63
2012.05.04 07:22:55.927,0.80148,0.80156,3.38,2.63
2012.05.04 07:22:58.329,0.80148,0.80155,2.63,1.50
2012.05.04 07:22:59.308,0.80149,0.80157,2.63,3.00
2012.05.04 07:23:00.509,0.80149,0.80155,3.38,1.50
2012.05.04 07:23:01.847,0.80149,0.80155,3.38,1.50
2012.05.04 07:23:05.697,0.80149,0.80155,3.00,1.50
2012.05.04 07:23:06.246,0.80149,0.80157,3.00,4.13
2012.05.04 07:23:06.610,0.80149,0.80157,3.00,4.13
2012.05.04 07:23:08.806,0.80149,0.80155,3.00,1.50
2012.05.04 07:23:09.487,0.80149,0.80155,3.00,1.50
2012.05.04 07:23:11.546,0.8015,0.80156,1.13,1.50
2012.05.04 07:23:11.677,0.8015,0.80157,1.13,1.50
2012.05.04 07:23:12.218,0.8015,0.80157,1.13,1.50
2012.05.04 07:23:16.639,0.8015,0.80157,1.13,1.50
2012.05.04 07:23:19.076,0.8015,0.80158,1.13,3.75
2012.05.04 07:23:22.058,0.8015,0.80157,1.13,1.50
2012.05.04 07:23:22.643,0.8015,0.80158,1.13,3.75
2012.05.04 07:23:23.021,0.80151,0.80158,1.50,1.50
2012.05.04 07:23:23.354,0.80156,0.80162,1.13,3.38
2012.05.04 07:23:23.866,0.80156,0.80163,1.88,1.50
2012.05.04 07:23:24.410,0.80156,0.80164,1.13,3.75
2012.05.04 07:23:24.551,0.80156,0.80164,4.13,3.75
2012.05.04 07:23:25.064,0.80158,0.80164,1.88,2.25
2012.05.04 07:23:26.449,0.80157,0.80163,1.88,1.50
2012.05.04 07:23:26.697,0.80157,0.80164,1.88,1.13
2012.05.04 07:23:29.360,0.80158,0.80164,1.50,1.13
2012.05.04 07:23:29.431,0.80161,0.80166,1.13,1.50
2012.05.04 07:23:30.078,0.80161,0.80167,1.13,2.63
2012.05.04 07:23:30.152,0.80159,0.80165,1.13,1.50
2012.05.04 07:23:30.418,0.80161,0.80165,1.13,1.50
2012.05.04 07:23:30.929,0.80159,0.80166,1.50,1.50
2012.05.04 07:23:31.893,0.80159,0.80166,1.13,2.25
2012.05.04 07:23:32.536,0.80159,0.80165,1.88,1.50
2012.05.04 07:23:33.507,0.80161,0.80166,1.13,2.25
2012.05.04 07:23:33.968,0.80163,0.80168,1.13,1.50
2012.05.04 07:23:34.110,0.80163,0.80169,1.88,1.88
2012.05.04 07:23:34.240,0.80165,0.8017,1.13,1.50
2012.05.04 07:23:34.309,0.80166,0.80172,1.88,3.75
2012.05.04 07:23:34.629,0.80167,0.80173,2.25,1.50
2012.05.04 07:23:34.699,0.80167,0.80174,3.00,2.63
2012.05.04 07:23:34.952,0.80167,0.80174,1.50,3.00
2012.05.04 07:23:35.508,0.80167,0.80174,1.50,3.00
2012.05.04 07:23:37.007,0.80166,0.80173,4.88,2.25
2012.05.04 07:23:37.319,0.80165,0.80171,1.88,3.38
2012.05.04 07:23:37.447,0.80166,0.80171,2.25,2.63
2012.05.04 07:23:37.591,0.80165,0.80171,1.88,3.38
2012.05.04 07:23:37.731,0.80166,0.80171,2.25,2.63
2012.05.04 07:23:37.870,0.80164,0.8017,2.25,1.88
2012.05.04 07:23:37.940,0.80164,0.8017,1.50,1.88
2012.05.04 07:23:39.946,0.80165,0.80171,1.13,1.50
2012.05.04 07:23:40.490,0.80165,0.80172,1.88,3.38
2012.05.04 07:23:42.210,0.80165,0.80171,1.88,1.88
2012.05.04 07:23:42.861,0.80165,0.80171,1.88,1.88
2012.05.04 07:23:43.531,0.80164,0.8017,1.88,1.50
2012.05.04 07:23:48.398,0.80165,0.80172,1.50,2.25
2012.05.04 07:23:49.031,0.80166,0.80172,1.88,1.88
2012.05.04 07:23:49.600,0.80166,0.80172,1.88,1.88
2012.05.04 07:23:51.578,0.80165,0.80172,1.13,2.63
2012.05.04 07:23:56.161,0.80165,0.80173,2.25,3.00
2012.05.04 07:24:02.147,0.80166,0.80174,2.63,6.75
2012.05.04 07:24:02.279,0.80166,0.80172,3.38,1.13
2012.05.04 07:24:02.787,0.80167,0.80174,1.50,1.50
2012.05.04 07:24:03.289,0.80167,0.80174,1.50,1.13
2012.05.04 07:24:06.151,0.80167,0.80175,2.63,3.75
2012.05.04 07:24:06.481,0.80166,0.80174,5.10,3.38
2012.05.04 07:24:07.006,0.80167,0.80174,1.13,3.38
2012.05.04 07:24:09.194,0.80168,0.80174,1.88,2.63
2012.05.04 07:24:09.751,0.80168,0.80175,2.63,2.63
2012.05.04 07:24:10.194,0.8017,0.80177,1.88,3.75
2012.05.04 07:24:10.690,0.8017,0.80178,3.00,3.38
2012.05.04 07:24:10.820,0.8017,0.80177,1.13,2.63
2012.05.04 07:24:11.019,0.8017,0.80176,1.13,2.25
2012.05.04 07:24:11.645,0.80167,0.80174,2.55,3.00
2012.05.04 07:24:12.149,0.80167,0.80174,2.25,1.50
2012.05.04 07:24:12.658,0.80167,0.80173,2.25,1.13
2012.05.04 07:24:16.278,0.80167,0.80173,3.00,1.13
2012.05.04 07:24:17.030,0.80168,0.80173,1.50,1.13
2012.05.04 07:24:17.870,0.80167,0.80173,3.75,1.13
2012.05.04 07:24:18.419,0.80167,0.80173,2.25,1.13
2012.05.04 07:24:46.491,0.80168,0.80174,2.63,1.13
2012.05.04 07:24:47.002,0.80169,0.80175,2.63,1.13
2012.05.04 07:24:47.771,0.80169,0.80175,1.88,1.88
2012.05.04 07:25:12.507,0.80168,0.80174,1.88,1.88
2012.05.04 07:25:14.821,0.80167,0.80173,4.88,1.13
2012.05.04 07:25:15.285,0.80167,0.80174,1.13,3.38
2012.05.04 07:25:15.433,0.80167,0.80173,2.25,1.13
2012.05.04 07:25:15.952,0.80167,0.80173,1.50,2.63
2012.05.04 07:25:23.517,0.80169,0.80174,1.13,1.50
2012.05.04 07:25:23.588,0.80169,0.80175,1.13,2.25
2012.05.04 07:25:23.779,0.80172,0.80177,1.13,1.88
2012.05.04 07:25:24.029,0.80175,0.8018,1.88,2.55
2012.05.04 07:25:24.575,0.80176,0.80182,1.13,2.63
2012.05.04 07:25:24.719,0.80173,0.80181,1.50,1.50
2012.05.04 07:25:28.017,0.80174,0.80181,1.13,2.25
2012.05.04 07:25:28.678,0.80173,0.80181,1.50,2.25
2012.05.04 07:25:29.167,0.80173,0.80181,1.50,2.25
2012.05.04 07:25:29.688,0.80173,0.80181,2.25,1.50
2012.05.04 07:25:30.208,0.80173,0.80182,2.25,3.38
2012.05.04 07:25:34.518,0.80173,0.80181,2.25,2.25
2012.05.04 07:25:39.620,0.80172,0.80177,1.13,1.13
2012.05.04 07:25:41.233,0.8017,0.80176,3.38,1.13
2012.05.04 07:25:42.198,0.8017,0.80177,4.13,1.13
2012.05.04 07:25:43.438,0.8017,0.80179,5.25,2.63
2012.05.04 07:25:46.126,0.80171,0.80177,1.50,1.13
2012.05.04 07:25:48.856,0.8017,0.80174,4.13,1.13
2012.05.04 07:25:48.932,0.8017,0.80177,3.38,2.25
2012.05.04 07:25:49.459,0.80167,0.80172,2.25,1.13
2012.05.04 07:25:49.815,0.8016,0.80165,6.00,1.13
2012.05.04 07:25:50.149,0.80161,0.80166,1.50,3.38
2012.05.04 07:25:50.344,0.8016,0.80168,3.00,1.50
2012.05.04 07:25:50.480,0.80161,0.80167,1.88,1.13
2012.05.04 07:25:50.989,0.80161,0.80167,1.88,1.13
2012.05.04 07:25:52.551,0.80161,0.80167,2.63,1.13
2012.05.04 07:25:56.552,0.80161,0.80169,3.38,1.13
2012.05.04 07:26:04.463,0.80163,0.8017,1.13,2.63
2012.05.04 07:26:04.992,0.80163,0.80171,2.63,1.50
2012.05.04 07:26:05.263,0.80165,0.80171,4.35,1.13
2012.05.04 07:26:05.693,0.80167,0.80173,1.88,1.88
2012.05.04 07:26:08.220,0.80167,0.80173,2.63,1.13
2012.05.04 07:26:08.739,0.80168,0.80175,1.13,1.88
2012.05.04 07:26:09.121,0.80171,0.80176,1.13,1.50
2012.05.04 07:26:09.451,0.80173,0.80178,1.13,2.25
2012.05.04 07:26:09.523,0.80173,0.80178,1.13,1.50
2012.05.04 07:26:10.070,0.80173,0.80179,1.88,3.38
2012.05.04 07:26:18.599,0.80174,0.80179,1.13,1.50
2012.05.04 07:26:23.340,0.80177,0.80181,1.13,2.25
2012.05.04 07:26:23.531,0.80177,0.80182,1.13,1.43
2012.05.04 07:26:23.870,0.80177,0.80183,1.13,2.63
2012.05.04 07:26:33.602,0.80176,0.80182,1.13,1.13
2012.05.04 07:26:34.150,0.80176,0.80182,1.13,3.38
2012.05.04 07:26:34.221,0.80174,0.80182,1.50,3.38
2012.05.04 07:26:34.739,0.80174,0.8018,1.50,1.50
2012.05.04 07:26:35.298,0.80174,0.80182,2.25,3.38
2012.05.04 07:26:36.090,0.80174,0.8018,1.50,1.13
2012.05.04 07:26:36.769,0.80174,0.80182,1.13,3.38
2012.05.04 07:26:43.188,0.80173,0.80181,1.88,1.88
2012.05.04 07:26:43.442,0.80175,0.80181,1.13,1.88
2012.05.04 07:26:43.929,0.80175,0.80183,1.88,3.00
2012.05.04 07:26:44.459,0.80174,0.80182,2.63,1.13
2012.05.04 07:26:45.407,0.80175,0.80183,1.88,2.25
2012.05.04 07:26:45.961,0.80175,0.80181,1.88,1.13
2012.05.04 07:26:46.521,0.80176,0.80182,1.13,1.88
2012.05.04 07:26:47.504,0.80174,0.80182,2.63,1.13
2012.05.04 07:26:51.189,0.80174,0.80182,1.88,2.63
2012.05.04 07:26:57.264,0.80176,0.80182,1.13,2.63
2012.05.04 07:26:57.348,0.80178,0.80184,1.88,3.38
2012.05.04 07:26:57.798,0.80179,0.80185,1.13,2.25
2012.05.04 07:27:00.511,0.80177,0.80185,3.38,1.50
2012.05.04 07:27:04.879,0.80177,0.80184,1.50,1.13
2012.05.04 07:27:05.383,0.80176,0.80184,1.88,4.13
2012.05.04 07:27:05.891,0.80178,0.80184,1.13,3.38
2012.05.04 07:27:07.010,0.80177,0.80185,1.88,2.63
2012.05.04 07:27:08.500,0.80178,0.80185,1.13,2.25
2012.05.04 07:27:08.702,0.80178,0.80186,1.88,4.88
2012.05.04 07:27:14.332,0.80176,0.80184,1.50,1.13
2012.05.04 07:27:29.338,0.80176,0.80184,1.13,2.63
2012.05.04 07:27:30.117,0.80176,0.80183,1.13,1.13
2012.05.04 07:27:30.500,0.80176,0.80182,1.88,1.13
2012.05.04 07:27:30.571,0.80176,0.80182,1.13,1.13
2012.05.04 07:27:40.206,0.80176,0.80182,1.88,1.13
2012.05.04 07:27:40.711,0.80176,0.80183,1.13,1.13
2012.05.04 07:27:40.782,0.80176,0.80181,1.13,1.13
2012.05.04 07:27:45.518,0.80176,0.80183,1.13,1.88
2012.05.04 07:27:47.269,0.80176,0.80182,1.13,1.13
2012.05.04 07:27:47.470,0.80174,0.80179,3.53,1.13
2012.05.04 07:27:47.671,0.80174,0.80179,1.65,1.13
2012.05.04 07:27:48.051,0.80172,0.80178,1.88,1.88
2012.05.04 07:27:48.241,0.80172,0.8018,1.88,2.63
2012.05.04 07:27:48.787,0.80172,0.80179,1.88,1.50
2012.05.04 07:27:48.860,0.80174,0.80179,1.13,1.50
2012.05.04 07:28:01.761,0.80172,0.8018,1.88,3.38
2012.05.04 07:28:05.570,0.80172,0.8018,2.63,4.13
2012.05.04 07:28:06.142,0.80172,0.8018,1.88,3.38
2012.05.04 07:28:08.358,0.80172,0.80179,1.88,1.50
2012.05.04 07:28:09.167,0.80172,0.80179,1.88,1.50
2012.05.04 07:28:12.061,0.80172,0.8018,1.88,4.13
2012.05.04 07:28:32.431,0.80172,0.8018,4.13,1.88
2012.05.04 07:28:32.932,0.80174,0.80181,3.00,1.13
2012.05.04 07:28:33.833,0.80174,0.8018,2.63,1.13
2012.05.04 07:28:34.378,0.80174,0.8018,1.88,1.88
2012.05.04 07:28:34.520,0.80171,0.80179,6.60,2.63
2012.05.04 07:28:34.711,0.80171,0.80177,3.00,1.13
2012.05.04 07:28:35.268,0.80172,0.80178,1.88,1.13
2012.05.04 07:28:37.458,0.80171,0.80178,1.50,1.13
2012.05.04 07:28:38.583,0.8017,0.80178,4.50,1.88
2012.05.04 07:28:39.097,0.8017,0.80178,3.00,1.88
2012.05.04 07:28:40.118,0.8017,0.80178,3.53,1.88
2012.05.04 07:28:41.631,0.8017,0.80178,3.75,1.88
2012.05.04 07:28:42.653,0.80172,0.80178,1.13,1.13
2012.05.04 07:28:43.111,0.80172,0.80178,2.63,1.13
2012.05.04 07:28:43.622,0.80171,0.80177,3.38,1.13
2012.05.04 07:28:43.692,0.80172,0.80179,1.50,1.13
2012.05.04 07:28:56.182,0.80171,0.80179,3.38,1.88
2012.05.04 07:29:04.412,0.80171,0.80179,3.38,1.88
2012.05.04 07:29:04.612,0.80173,0.80179,1.88,1.13
2012.05.04 07:29:22.252,0.80173,0.80181,1.88,2.63
2012.05.04 07:29:22.749,0.80175,0.80182,1.50,1.88
2012.05.04 07:29:23.792,0.80175,0.80181,1.88,1.13
2012.05.04 07:29:23.922,0.80175,0.80181,1.88,1.88
2012.05.04 07:29:26.247,0.80175,0.80181,1.50,1.88
2012.05.04 07:29:26.395,0.80177,0.80184,1.50,1.50
2012.05.04 07:29:27.159,0.80175,0.80182,3.00,1.13
2012.05.04 07:29:27.450,0.80176,0.80182,1.88,1.13
2012.05.04 07:29:27.957,0.80176,0.80182,1.88,1.13
2012.05.04 07:29:28.528,0.80176,0.80183,1.88,1.13
2012.05.04 07:29:29.089,0.80175,0.80183,3.38,1.13
2012.05.04 07:29:35.324,0.80175,0.80181,2.63,1.88
2012.05.04 07:29:35.656,0.80173,0.80179,3.75,1.13
2012.05.04 07:29:36.001,0.80173,0.80179,1.50,1.88
2012.05.04 07:29:36.270,0.80173,0.80179,1.13,1.88
2012.05.04 07:29:59.948,0.80174,0.8018,1.13,3.75
2012.05.04 07:30:04.993,0.80174,0.8018,1.13,3.00
2012.05.04 07:30:05.919,0.80174,0.8018,1.13,3.00
2012.05.04 07:30:06.979,0.80174,0.8018,1.13,1.13
2012.05.04 07:30:07.113,0.80174,0.80182,2.63,6.75
2012.05.04 07:30:07.439,0.80176,0.80182,2.25,1.88
2012.05.04 07:30:07.634,0.80175,0.80182,3.00,1.13
2012.05.04 07:30:11.270,0.80177,0.80183,1.50,1.88
2012.05.04 07:30:11.712,0.80178,0.80183,2.25,1.13
2012.05.04 07:30:12.321,0.80179,0.80186,1.50,1.88
2012.05.04 07:30:13.073,0.80179,0.80185,1.50,1.88
2012.05.04 07:30:13.621,0.80179,0.80185,2.25,1.88
2012.05.04 07:30:16.521,0.80179,0.80185,1.50,1.88
2012.05.04 07:30:19.861,0.80179,0.80184,1.50,1.13
2012.05.04 07:30:20.408,0.80178,0.80183,1.13,1.13
2012.05.04 07:30:29.177,0.80177,0.80183,2.40,1.13
2012.05.04 07:30:32.689,0.80177,0.80183,2.63,1.13
2012.05.04 07:30:32.763,0.8018,0.80184,1.50,1.13
2012.05.04 07:30:33.300,0.80178,0.80184,2.25,1.13
2012.05.04 07:30:46.569,0.80178,0.80183,2.40,1.13
2012.05.04 07:30:47.091,0.80177,0.80182,2.40,1.88
2012.05.04 07:30:48.774,0.80177,0.80182,1.13,1.13
2012.05.04 07:30:49.658,0.80177,0.80182,1.13,1.88
2012.05.04 07:31:03.279,0.80177,0.80185,1.13,1.50
2012.05.04 07:31:06.121,0.80178,0.80185,1.13,1.50
2012.05.04 07:31:09.000,0.80175,0.80183,3.00,3.38
2012.05.04 07:31:11.011,0.80176,0.80183,1.50,1.88
2012.05.04 07:31:11.401,0.80177,0.80183,1.50,1.13
2012.05.04 07:31:24.661,0.80176,0.80183,3.75,1.13
2012.05.04 07:31:44.353,0.80178,0.80186,1.50,1.50
2012.05.04 07:31:45.409,0.80178,0.80186,2.25,1.50
2012.05.04 07:31:45.479,0.80178,0.80183,1.50,1.13
2012.05.04 07:31:46.251,0.80178,0.80186,2.25,2.25
2012.05.04 07:31:46.893,0.80178,0.80183,3.00,1.13
2012.05.04 07:31:47.020,0.80178,0.80185,3.00,1.13
2012.05.04 07:31:47.147,0.80178,0.80183,3.00,1.13
2012.05.04 07:31:47.837,0.80178,0.80183,2.25,1.13
2012.05.04 07:31:49.390,0.80178,0.80185,3.00,1.88
2012.05.04 07:31:50.032,0.80178,0.80185,3.00,1.88
2012.05.04 07:31:50.578,0.80178,0.80185,2.25,1.88
2012.05.04 07:31:52.472,0.80178,0.80185,2.25,1.50
2012.05.04 07:31:53.030,0.80178,0.80185,2.25,2.25
2012.05.04 07:31:54.928,0.80178,0.80185,2.25,2.25
2012.05.04 07:31:58.790,0.80179,0.80185,1.50,1.50
2012.05.04 07:31:58.920,0.80178,0.80185,3.00,2.25
2012.05.04 07:32:00.968,0.80178,0.80185,3.00,2.25
2012.05.04 07:32:04.629,0.80178,0.80185,1.50,1.50
2012.05.04 07:32:04.769,0.80178,0.80185,2.25,2.25
2012.05.04 07:32:05.269,0.80179,0.80185,1.50,2.25
2012.05.04 07:32:05.999,0.80178,0.80185,1.50,2.25
2012.05.04 07:32:06.991,0.80178,0.80185,1.50,1.50
2012.05.04 07:32:07.130,0.80178,0.80185,1.50,2.25
2012.05.04 07:32:09.637,0.80179,0.80185,1.50,1.50
2012.05.04 07:32:09.780,0.80178,0.80185,1.50,2.25
2012.05.04 07:32:10.239,0.80178,0.80185,1.50,1.50
2012.05.04 07:32:10.932,0.80178,0.80185,1.50,2.25
2012.05.04 07:32:11.070,0.80178,0.80185,2.25,2.25
2012.05.04 07:32:11.592,0.80179,0.80185,2.25,1.50
2012.05.04 07:32:12.168,0.80179,0.80185,1.50,3.00
2012.05.04 07:32:12.250,0.80177,0.80185,3.38,3.00
2012.05.04 07:32:12.662,0.80179,0.80185,1.50,3.00
2012.05.04 07:32:12.795,0.80179,0.80185,2.25,3.00
2012.05.04 07:32:13.301,0.80179,0.80185,1.50,3.75
2012.05.04 07:32:13.370,0.80178,0.80185,1.50,5.25
2012.05.04 07:32:14.451,0.80178,0.80185,2.25,3.00
2012.05.04 07:32:15.898,0.80179,0.80185,1.50,2.25
2012.05.04 07:32:17.051,0.80178,0.80185,2.25,2.25
2012.05.04 07:32:17.597,0.80179,0.80185,1.50,3.00
2012.05.04 07:32:25.644,0.80179,0.80185,2.25,2.63
2012.05.04 07:32:26.161,0.80179,0.80185,2.63,1.88
2012.05.04 07:32:26.709,0.80179,0.80185,3.38,1.88
2012.05.04 07:32:27.401,0.8018,0.80185,1.13,1.50
2012.05.04 07:32:27.893,0.80181,0.80188,1.88,1.50
2012.05.04 07:32:29.820,0.80181,0.80189,1.88,4.88
2012.05.04 07:32:39.831,0.80181,0.80189,1.88,2.63
2012.05.04 07:32:42.536,0.80181,0.80188,1.88,1.50
2012.05.04 07:32:42.870,0.80183,0.80189,1.13,1.88
2012.05.04 07:32:46.284,0.80183,0.80189,1.13,2.63
2012.05.04 07:32:46.421,0.80183,0.80189,1.13,1.88
2012.05.04 07:33:31.588,0.80181,0.80188,1.50,1.13
2012.05.04 07:33:33.428,0.8018,0.80188,2.25,1.13
2012.05.04 07:33:33.977,0.80181,0.80189,1.13,4.13
2012.05.04 07:33:44.970,0.8018,0.80186,1.13,1.13
2012.05.04 07:33:45.488,0.8018,0.80186,1.13,2.63
2012.05.04 07:33:47.949,0.80176,0.80183,1.50,4.13
2012.05.04 07:33:48.571,0.80175,0.80183,1.13,5.63
2012.05.04 07:33:57.708,0.80175,0.80183,4.73,4.13
2012.05.04 07:33:57.781,0.80177,0.80184,1.50,2.63
2012.05.04 07:33:57.851,0.80177,0.80184,2.25,1.88
2012.05.04 07:33:58.162,0.80178,0.80185,2.25,1.88
2012.05.04 07:34:16.322,0.80178,0.80185,1.50,2.63
2012.05.04 07:34:16.840,0.80177,0.80185,6.38,2.63
2012.05.04 07:34:18.210,0.80177,0.80185,2.63,2.63
2012.05.04 07:34:23.502,0.80177,0.80185,3.38,2.63
2012.05.04 07:34:24.061,0.80177,0.80185,3.00,2.63
2012.05.04 07:34:24.723,0.80177,0.80183,3.00,1.13
2012.05.04 07:34:41.891,0.80177,0.80183,3.00,1.13
2012.05.04 07:34:42.305,0.80178,0.80186,2.63,1.88
2012.05.04 07:34:42.830,0.80178,0.80185,1.50,1.13
2012.05.04 07:34:51.184,0.80177,0.80184,1.50,1.13
2012.05.04 07:34:51.259,0.80176,0.80182,1.88,1.50
2012.05.04 07:34:51.789,0.80175,0.8018,1.13,1.50
2012.05.04 07:34:52.291,0.80175,0.80182,1.13,2.25
2012.05.04 07:34:59.508,0.80173,0.80181,3.87,1.50
2012.05.04 07:34:59.831,0.80174,0.80179,1.13,1.50
2012.05.04 07:35:00.386,0.80173,0.80179,1.13,2.63
2012.05.04 07:35:17.963,0.80173,0.80178,1.13,3.00
2012.05.04 07:35:19.708,0.80173,0.80178,1.13,2.25
2012.05.04 07:35:24.911,0.80171,0.80178,1.13,2.25
2012.05.04 07:35:24.982,0.80171,0.80177,1.13,1.50
2012.05.04 07:35:34.387,0.8017,0.80177,1.13,1.50
2012.05.04 07:35:43.940,0.8017,0.80177,1.13,3.00
2012.05.04 07:35:44.589,0.8017,0.80177,1.13,1.50
2012.05.04 07:36:11.201,0.80169,0.80176,1.13,1.50
2012.05.04 07:36:24.088,0.8017,0.80176,1.13,1.50
2012.05.04 07:36:36.567,0.80169,0.80176,1.88,1.50
2012.05.04 07:36:36.828,0.80169,0.80176,1.13,2.25
2012.05.04 07:36:37.843,0.80168,0.80174,1.88,1.88
2012.05.04 07:37:00.910,0.80168,0.80176,2.63,2.63
2012.05.04 07:37:02.416,0.80171,0.80176,1.13,1.50
2012.05.04 07:37:02.918,0.80171,0.80177,1.88,2.63
2012.05.04 07:37:46.276,0.80171,0.80177,1.88,3.00
2012.05.04 07:38:15.307,0.80171,0.80176,1.13,1.50
2012.05.04 07:38:17.660,0.80176,0.80183,1.88,3.75
2012.05.04 07:38:18.232,0.80176,0.80183,1.88,2.25
2012.05.04 07:38:18.700,0.80174,0.80181,1.13,2.25
2012.05.04 07:38:23.740,0.80176,0.80181,1.13,2.25
2012.05.04 07:38:24.250,0.80176,0.80182,1.13,3.38
2012.05.04 07:38:32.943,0.80176,0.80182,1.88,3.38
2012.05.04 07:38:37.751,0.80177,0.80182,1.13,2.25
2012.05.04 07:38:51.521,0.80177,0.80183,2.63,1.88
2012.05.04 07:38:52.051,0.80177,0.80183,1.88,1.13
2012.05.04 07:38:52.393,0.80176,0.80184,1.88,3.00
2012.05.04 07:38:59.436,0.80177,0.80183,1.13,1.88
2012.05.04 07:39:06.058,0.80178,0.80184,1.13,4.13
2012.05.04 07:39:11.023,0.80178,0.80184,1.13,2.63
2012.05.04 07:39:18.127,0.80178,0.80184,1.13,2.63
2012.05.04 07:39:22.999,0.80178,0.80184,1.13,2.63
2012.05.04 07:39:23.518,0.80176,0.80184,3.38,1.50
2012.05.04 07:39:27.130,0.80176,0.80184,2.63,1.50
2012.05.04 07:39:28.532,0.80177,0.80184,1.13,1.50
2012.05.04 07:39:28.603,0.80177,0.80185,1.88,3.38
2012.05.04 07:39:28.801,0.80179,0.80185,1.50,1.50
2012.05.04 07:39:29.311,0.80179,0.80185,1.05,3.38
2012.05.04 07:39:30.358,0.8018,0.80186,1.88,1.88
2012.05.04 07:39:31.990,0.80181,0.80187,1.13,1.88
2012.05.04 07:40:03.452,0.80181,0.80187,1.13,1.88
2012.05.04 07:40:39.958,0.8018,0.80186,1.88,1.13
2012.05.04 07:40:43.972,0.8018,0.80186,1.88,1.13
2012.05.04 07:40:44.244,0.80183,0.80189,1.13,2.25
2012.05.04 07:40:45.106,0.80181,0.80189,4.88,1.88
2012.05.04 07:40:46.412,0.80181,0.80188,3.38,1.13
2012.05.04 07:40:46.690,0.80181,0.80186,1.88,1.13
2012.05.04 07:40:50.179,0.8018,0.80186,2.25,1.88
2012.05.04 07:40:53.439,0.8018,0.80187,1.88,2.63
2012.05.04 07:40:54.731,0.8018,0.80185,1.13,1.13
2012.05.04 07:40:55.597,0.80179,0.80185,2.25,1.88
2012.05.04 07:40:58.412,0.80177,0.80185,1.88,4.13
2012.05.04 07:40:58.480,0.80177,0.80185,2.25,4.13
2012.05.04 07:41:01.201,0.80177,0.80185,1.88,4.13
2012.05.04 07:41:01.677,0.80176,0.80183,2.25,3.00
2012.05.04 07:41:01.753,0.80176,0.80184,2.25,3.38
2012.05.04 07:41:02.233,0.80177,0.80184,1.50,2.63
2012.05.04 07:41:02.924,0.80178,0.80184,1.50,2.63
2012.05.04 07:41:02.995,0.80176,0.80184,3.00,2.63
2012.05.04 07:41:03.633,0.80176,0.80184,2.25,3.38
2012.05.04 07:41:04.730,0.80176,0.80182,2.25,1.13
2012.05.04 07:41:10.613,0.80177,0.80182,3.00,1.13
2012.05.04 07:41:10.755,0.80177,0.80185,4.13,1.50
2012.05.04 07:41:11.093,0.80179,0.80187,2.25,2.63
2012.05.04 07:41:11.232,0.80178,0.80185,1.50,1.13
2012.05.04 07:41:11.792,0.80177,0.80185,2.25,1.88
2012.05.04 07:41:12.011,0.80177,0.80185,4.50,1.88
2012.05.04 07:41:12.553,0.80179,0.80185,1.50,1.13
2012.05.04 07:41:13.219,0.80177,0.80185,5.25,1.13
2012.05.04 07:41:15.670,0.80179,0.80185,1.88,1.13
2012.05.04 07:41:17.181,0.80179,0.80185,1.88,1.13
2012.05.04 07:41:29.574,0.80177,0.80185,6.00,1.13
2012.05.04 07:41:30.102,0.80177,0.80185,3.75,1.88
2012.05.04 07:41:30.513,0.80177,0.80183,1.88,1.88
2012.05.04 07:41:31.042,0.80177,0.80183,2.63,1.13
2012.05.04 07:41:32.645,0.8018,0.80186,1.50,1.50
2012.05.04 07:41:32.993,0.80179,0.80186,1.50,1.88
2012.05.04 07:41:39.248,0.80179,0.80185,3.38,1.88
2012.05.04 07:41:39.750,0.80179,0.80184,2.25,1.13
2012.05.04 07:41:43.853,0.80179,0.80185,4.13,1.88
2012.05.04 07:41:43.922,0.8018,0.80185,1.50,1.13
2012.05.04 07:41:44.613,0.80178,0.80185,3.75,3.00
2012.05.04 07:41:45.233,0.80182,0.8019,3.75,1.13
2012.05.04 07:41:45.310,0.80182,0.80188,1.50,1.13
2012.05.04 07:41:45.452,0.8018,0.80186,4.88,1.13
2012.05.04 07:41:45.522,0.8018,0.80186,2.93,1.13
2012.05.04 07:41:46.060,0.8018,0.80186,1.88,1.13
2012.05.04 07:41:46.611,0.8018,0.80186,1.13,1.88
2012.05.04 07:41:46.996,0.80178,0.80183,3.38,1.88
2012.05.04 07:41:47.549,0.80178,0.80184,2.63,1.13
2012.05.04 07:41:48.532,0.80177,0.80183,2.63,1.13
2012.05.04 07:41:48.672,0.80176,0.80182,2.63,1.13
2012.05.04 07:41:49.370,0.80176,0.80183,1.88,1.88
2012.05.04 07:41:49.892,0.80175,0.80181,2.63,1.13
2012.05.04 07:41:49.959,0.80175,0.80181,1.13,1.13
2012.05.04 07:41:50.470,0.80174,0.8018,3.00,1.13
2012.05.04 07:41:52.753,0.80174,0.80181,1.50,1.13
2012.05.04 07:41:53.779,0.80174,0.8018,1.50,2.10
2012.05.04 07:41:53.850,0.80172,0.80177,2.63,1.13
2012.05.04 07:41:53.990,0.80172,0.80177,1.13,1.88
2012.05.04 07:41:54.257,0.80172,0.8018,4.13,3.00
2012.05.04 07:41:54.336,0.80173,0.8018,1.50,1.13
2012.05.04 07:41:54.484,0.80175,0.80182,1.50,1.50
2012.05.04 07:41:55.124,0.80174,0.8018,1.50,1.13
2012.05.04 07:41:58.083,0.80174,0.8018,1.50,1.88
2012.05.04 07:41:58.209,0.80172,0.80177,1.50,1.13
2012.05.04 07:41:58.896,0.80171,0.80178,1.50,2.25
2012.05.04 07:41:59.108,0.80175,0.80181,1.50,3.00
2012.05.04 07:41:59.612,0.80175,0.80181,1.50,3.75
2012.05.04 07:42:00.863,0.80175,0.80179,1.50,1.13
2012.05.04 07:42:01.122,0.80173,0.80177,1.50,1.13
2012.05.04 07:42:02.112,0.80172,0.80179,1.50,1.88
2012.05.04 07:42:08.709,0.80173,0.8018,2.63,2.25
2012.05.04 07:42:08.912,0.80174,0.80181,3.00,1.13
2012.05.04 07:42:09.242,0.80178,0.80184,1.50,1.13
2012.05.04 07:42:09.730,0.80177,0.80184,1.50,1.88
2012.05.04 07:42:10.556,0.80176,0.80184,1.88,1.88
2012.05.04 07:42:15.034,0.80175,0.80183,2.25,3.38
2012.05.04 07:42:15.562,0.80173,0.80181,1.13,2.63
2012.05.04 07:42:16.314,0.80172,0.80181,3.00,2.63
2012.05.04 07:42:16.836,0.80172,0.80181,3.00,2.63
2012.05.04 07:42:17.380,0.80173,0.80181,1.50,1.88
2012.05.04 07:42:20.361,0.80173,0.80182,2.25,3.38
2012.05.04 07:42:25.519,0.80173,0.80182,1.50,4.13
2012.05.04 07:42:25.841,0.80175,0.80182,1.50,2.63
2012.05.04 07:42:26.921,0.80174,0.80182,2.63,3.38
2012.05.04 07:42:31.151,0.80173,0.80182,2.63,4.88
2012.05.04 07:42:31.406,0.80174,0.80182,1.50,2.63
2012.05.04 07:42:52.243,0.80175,0.80183,4.13,1.88
2012.05.04 07:42:52.370,0.80177,0.80184,1.50,1.88
2012.05.04 07:42:52.691,0.80178,0.80184,1.50,1.50
2012.05.04 07:42:52.951,0.80177,0.80184,1.50,2.25
2012.05.04 07:42:53.080,0.80178,0.80184,1.50,1.50
2012.05.04 07:42:53.213,0.80178,0.80184,1.50,1.50
2012.05.04 07:42:55.480,0.80177,0.80185,1.50,1.88
2012.05.04 07:42:56.010,0.80176,0.80185,1.88,1.88
2012.05.04 07:42:59.062,0.80177,0.80185,4.13,1.13
2012.05.04 07:43:00.922,0.80178,0.80186,4.13,1.88
2012.05.04 07:43:01.265,0.8018,0.80188,2.25,1.88
2012.05.04 07:43:01.814,0.8018,0.80187,1.50,1.88
2012.05.04 07:43:02.319,0.80179,0.80187,1.88,2.63
2012.05.04 07:43:02.841,0.8018,0.80187,1.50,1.13
2012.05.04 07:43:03.396,0.80175,0.8018,2.85,1.88
2012.05.04 07:43:03.711,0.80174,0.80179,1.50,1.13
2012.05.04 07:43:04.194,0.80172,0.80179,1.13,1.88
2012.05.04 07:43:08.713,0.80174,0.80181,1.13,5.25
2012.05.04 07:43:09.067,0.80177,0.80184,2.63,3.38
2012.05.04 07:43:09.354,0.80177,0.80184,1.50,2.63
2012.05.04 07:43:09.484,0.80176,0.80181,2.25,1.13
2012.05.04 07:43:09.825,0.80174,0.80179,2.25,1.13
2012.05.04 07:43:10.105,0.80172,0.80178,1.50,4.13
2012.05.04 07:43:10.176,0.80171,0.80175,1.50,1.13
2012.05.04 07:43:10.786,0.80169,0.80175,1.13,2.63
2012.05.04 07:43:10.993,0.80169,0.80175,1.88,1.13
2012.05.04 07:43:16.672,0.80168,0.80174,1.50,1.13
2012.05.04 07:43:17.071,0.80167,0.80174,1.13,1.88
2012.05.04 07:43:18.875,0.80166,0.80173,1.50,1.13
2012.05.04 07:43:19.011,0.80166,0.80173,1.50,1.13
2012.05.04 07:43:20.661,0.80166,0.80172,1.50,1.13
2012.05.04 07:43:21.249,0.80165,0.80172,1.50,2.63
2012.05.04 07:43:21.762,0.80165,0.80172,1.50,1.88
2012.05.04 07:43:22.265,0.80164,0.80172,2.63,1.88
2012.05.04 07:43:22.619,0.80163,0.80171,2.63,1.88
2012.05.04 07:43:22.766,0.80162,0.80167,2.25,1.13
2012.05.04 07:43:22.838,0.80163,0.8017,1.50,1.50
2012.05.04 07:43:22.916,0.80163,0.80169,1.50,1.35
2012.05.04 07:43:23.452,0.8016,0.80164,1.50,1.13
2012.05.04 07:43:23.522,0.80158,0.80164,3.00,1.88
2012.05.04 07:43:24.030,0.80158,0.80164,2.63,1.13
2012.05.04 07:43:24.575,0.80157,0.80163,2.63,1.13
2012.05.04 07:43:25.134,0.80156,0.80162,2.63,1.13
2012.05.04 07:43:25.695,0.80155,0.80161,1.88,2.63
2012.05.04 07:43:26.128,0.80154,0.80161,1.88,2.10
2012.05.04 07:43:26.635,0.80154,0.80161,1.88,1.88
2012.05.04 07:43:27.413,0.80155,0.80163,2.63,3.38
2012.05.04 07:43:27.932,0.80155,0.80162,2.63,1.13
2012.05.04 07:43:28.212,0.80154,0.8016,1.88,1.13
2012.05.04 07:43:28.742,0.80152,0.8016,1.88,2.25
2012.05.04 07:43:29.275,0.80151,0.80157,2.63,1.13
2012.05.04 07:43:29.593,0.80149,0.80153,3.38,1.13
2012.05.04 07:43:29.665,0.80149,0.80153,1.13,1.13
2012.05.04 07:43:29.973,0.80146,0.80151,1.50,1.13
2012.05.04 07:43:30.046,0.80147,0.80154,1.50,1.88
2012.05.04 07:43:30.185,0.80146,0.80152,3.38,1.50
2012.05.04 07:43:30.694,0.80146,0.80152,1.88,2.63
2012.05.04 07:43:31.419,0.80145,0.80151,1.88,1.88
2012.05.04 07:43:31.959,0.80145,0.80151,1.13,1.88
2012.05.04 07:43:32.514,0.80144,0.8015,1.88,1.13
2012.05.04 07:43:33.067,0.80145,0.80151,1.13,1.88
2012.05.04 07:43:36.807,0.80146,0.80152,1.13,3.00
2012.05.04 07:43:39.696,0.80146,0.80152,2.63,1.13
2012.05.04 07:43:44.789,0.80146,0.80153,1.88,2.63
2012.05.04 07:43:46.074,0.80146,0.80153,1.88,1.13
2012.05.04 07:43:54.502,0.80146,0.80152,2.63,1.13
2012.05.04 07:43:54.642,0.80149,0.80154,1.50,2.63
2012.05.04 07:43:55.344,0.80149,0.80157,1.50,3.98
2012.05.04 07:43:55.420,0.80148,0.80154,1.50,1.88
2012.05.04 07:43:55.970,0.80148,0.80155,1.50,1.88
2012.05.04 07:43:59.606,0.80149,0.80155,1.50,1.13
2012.05.04 07:43:59.859,0.80147,0.80155,3.75,1.88
2012.05.04 07:44:01.599,0.80149,0.80155,1.50,1.88
2012.05.04 07:44:02.353,0.80148,0.80155,2.25,1.88
2012.05.04 07:44:02.492,0.80147,0.80156,1.88,2.63
2012.05.04 07:44:03.001,0.80147,0.80153,1.13,1.50
2012.05.04 07:44:04.801,0.80146,0.80152,1.13,1.13
2012.05.04 07:44:05.003,0.80143,0.80151,4.88,1.88
2012.05.04 07:44:05.202,0.80144,0.80149,1.13,1.13
2012.05.04 07:44:05.903,0.80143,0.80149,1.88,1.88
2012.05.04 07:44:06.461,0.80143,0.80149,2.63,1.13
2012.05.04 07:44:10.991,0.80144,0.8015,1.88,1.88
2012.05.04 07:44:13.985,0.80146,0.80151,1.50,1.13
2012.05.04 07:44:14.126,0.80147,0.80152,2.25,1.88
2012.05.04 07:44:14.321,0.80149,0.80155,1.50,1.13
2012.05.04 07:44:14.671,0.80152,0.8016,2.63,4.80
2012.05.04 07:44:14.745,0.80154,0.8016,1.50,3.68
2012.05.04 07:44:14.813,0.80154,0.8016,1.50,3.30
2012.05.04 07:44:15.329,0.80153,0.80159,1.88,1.88
2012.05.04 07:44:17.770,0.80152,0.80158,1.88,1.13
2012.05.04 07:44:18.691,0.80152,0.8016,1.88,2.55
2012.05.04 07:44:20.081,0.80154,0.8016,1.13,2.55
2012.05.04 07:44:20.556,0.80155,0.80161,1.88,1.88
2012.05.04 07:44:21.212,0.80155,0.80161,1.88,1.50
2012.05.04 07:44:21.729,0.80156,0.80163,1.50,1.88
2012.05.04 07:44:22.051,0.80157,0.80163,2.63,1.13
2012.05.04 07:44:22.440,0.80157,0.80163,1.88,2.63
2012.05.04 07:44:23.139,0.80157,0.80163,1.88,2.63
2012.05.04 07:44:24.679,0.80157,0.80163,1.13,3.38
2012.05.04 07:44:25.159,0.80157,0.80163,1.13,3.38
2012.05.04 07:44:25.980,0.80157,0.80163,1.13,2.63
2012.05.04 07:44:26.518,0.80156,0.80162,1.88,1.13
2012.05.04 07:44:27.052,0.80156,0.80162,1.88,1.88
2012.05.04 07:44:27.798,0.80156,0.80162,1.88,1.88
2012.05.04 07:44:28.300,0.80157,0.80163,1.88,1.88
2012.05.04 07:44:28.813,0.80157,0.80163,2.63,1.13
2012.05.04 07:44:29.215,0.80157,0.80163,4.13,1.13
2012.05.04 07:44:29.284,0.80157,0.80163,1.88,1.88
2012.05.04 07:44:29.812,0.80157,0.80163,1.88,1.13
2012.05.04 07:44:30.804,0.80156,0.80163,1.13,1.13
2012.05.04 07:45:03.349,0.80155,0.80163,3.00,1.13
2012.05.04 07:45:05.780,0.80155,0.80163,3.00,1.13
2012.05.04 07:45:06.290,0.80155,0.80163,2.25,1.13
2012.05.04 07:45:09.799,0.80155,0.80163,3.00,1.13
2012.05.04 07:45:13.842,0.80155,0.80163,3.75,1.13
2012.05.04 07:45:14.350,0.80157,0.80164,1.50,1.13
2012.05.04 07:45:15.087,0.80156,0.80164,2.63,1.13
2012.05.04 07:45:18.184,0.80157,0.80164,1.50,1.13
2012.05.04 07:45:18.850,0.80157,0.80164,1.50,1.13
2012.05.04 07:45:32.531,0.80159,0.80165,1.88,1.13
2012.05.04 07:45:36.599,0.80158,0.80164,1.88,1.13
2012.05.04 07:46:01.544,0.80156,0.80162,1.88,1.50
2012.05.04 07:46:01.614,0.80154,0.80159,1.13,1.13
2012.05.04 07:46:01.753,0.80155,0.80161,1.13,1.88
2012.05.04 07:46:01.825,0.80154,0.80161,1.88,1.50
2012.05.04 07:46:01.895,0.80154,0.80161,1.13,3.75
2012.05.04 07:46:02.433,0.80153,0.80159,1.13,1.88
2012.05.04 07:46:05.331,0.80152,0.80158,3.00,3.38
2012.05.04 07:46:05.815,0.80151,0.80158,1.88,2.25
2012.05.04 07:46:06.380,0.80151,0.80158,1.88,2.25
2012.05.04 07:46:11.653,0.80154,0.80159,1.13,3.75
2012.05.04 07:46:11.785,0.80154,0.8016,2.25,1.88
2012.05.04 07:46:12.123,0.80157,0.80162,1.50,1.88
2012.05.04 07:46:12.191,0.80157,0.80162,1.50,1.13
2012.05.04 07:46:12.990,0.80156,0.80162,1.88,1.88
2012.05.04 07:46:15.811,0.80156,0.80162,1.88,1.88
2012.05.04 07:46:16.453,0.80156,0.80162,1.88,1.88
2012.05.04 07:46:20.141,0.80155,0.80161,1.13,2.63
2012.05.04 07:46:29.335,0.80153,0.8016,1.50,1.50
2012.05.04 07:46:29.613,0.80152,0.80157,1.13,1.50
2012.05.04 07:46:30.980,0.80153,0.80158,1.13,1.50
2012.05.04 07:46:32.371,0.80151,0.80157,1.88,1.50
2012.05.04 07:46:39.632,0.80151,0.80157,2.63,1.50
2012.05.04 07:46:43.841,0.80152,0.8016,1.88,3.75
2012.05.04 07:46:46.752,0.80152,0.80159,1.88,1.50
2012.05.04 07:46:57.481,0.80153,0.8016,1.13,4.13
2012.05.04 07:46:58.751,0.80151,0.80159,2.63,1.88
2012.05.04 07:46:59.422,0.80152,0.8016,1.88,5.63
2012.05.04 07:47:01.697,0.80153,0.8016,1.50,3.38
2012.05.04 07:47:05.240,0.80152,0.8016,1.88,3.75
2012.05.04 07:47:06.385,0.80151,0.80159,1.88,2.63
2012.05.04 07:47:12.190,0.80151,0.80157,1.88,1.13
2012.05.04 07:47:12.764,0.80151,0.80159,1.88,3.38
2012.05.04 07:47:19.459,0.8015,0.80158,4.88,1.13
2012.05.04 07:47:25.014,0.8015,0.80158,2.63,2.63
2012.05.04 07:47:25.561,0.8015,0.80158,1.88,2.63
2012.05.04 07:47:34.500,0.8015,0.80158,2.25,2.63
2012.05.04 07:47:35.192,0.8015,0.80158,2.25,3.38
2012.05.04 07:47:40.892,0.80151,0.80157,1.13,1.13
2012.05.04 07:47:42.391,0.8015,0.80157,1.13,1.13
2012.05.04 07:47:43.332,0.80151,0.80157,1.13,1.13
2012.05.04 07:47:43.522,0.80151,0.80157,1.88,1.13
2012.05.04 07:47:51.460,0.80151,0.80157,1.13,1.13
2012.05.04 07:47:51.662,0.80155,0.8016,1.13,2.25
2012.05.04 07:47:52.133,0.80155,0.80161,2.63,4.88
2012.05.04 07:47:52.456,0.80155,0.80161,2.63,1.88
2012.05.04 07:47:52.667,0.80154,0.8016,2.63,1.13
2012.05.04 07:47:53.181,0.80154,0.8016,2.63,1.13
2012.05.04 07:48:01.744,0.80154,0.8016,1.88,2.63
2012.05.04 07:48:02.024,0.80153,0.80158,1.13,1.13
2012.05.04 07:48:02.442,0.80151,0.80157,2.25,2.25
2012.05.04 07:48:03.084,0.80145,0.8015,1.18,1.88
2012.05.04 07:48:03.435,0.80147,0.80153,1.50,3.38
2012.05.04 07:48:03.621,0.80147,0.80151,1.50,1.88
2012.05.04 07:48:03.765,0.80147,0.80153,1.50,5.25
2012.05.04 07:48:03.834,0.80145,0.8015,1.50,2.25
2012.05.04 07:48:03.975,0.80144,0.8015,1.80,2.25
2012.05.04 07:48:04.512,0.80142,0.80148,2.25,1.13
2012.05.04 07:48:05.252,0.80143,0.80149,1.88,1.13
2012.05.04 07:48:05.808,0.80143,0.80151,1.88,3.38
2012.05.04 07:48:06.914,0.80145,0.80151,1.13,2.63
2012.05.04 07:48:07.773,0.80146,0.80152,1.13,2.63
2012.05.04 07:48:07.851,0.80147,0.80153,1.13,2.63
2012.05.04 07:48:08.599,0.8015,0.80155,1.13,3.98
2012.05.04 07:48:08.674,0.8015,0.80155,1.13,1.88
2012.05.04 07:48:09.233,0.80151,0.80159,2.63,2.25
2012.05.04 07:48:09.443,0.80153,0.80159,1.13,1.13
2012.05.04 07:48:13.521,0.80152,0.8016,1.13,2.93
2012.05.04 07:48:13.866,0.80156,0.80161,1.88,1.13
2012.05.04 07:48:14.013,0.80156,0.80163,2.63,2.25
2012.05.04 07:48:14.536,0.80156,0.80163,2.63,2.25
2012.05.04 07:48:23.712,0.80156,0.80162,1.88,1.13
2012.05.04 07:48:31.052,0.80157,0.80162,1.13,1.13
2012.05.04 07:48:31.191,0.80158,0.80166,2.63,2.25
2012.05.04 07:48:31.333,0.80158,0.80166,2.63,2.25
2012.05.04 07:48:31.843,0.80158,0.80165,2.63,1.50
2012.05.04 07:48:32.056,0.80157,0.80162,1.50,2.63
2012.05.04 07:48:32.206,0.80155,0.80161,1.13,2.63
2012.05.04 07:48:32.285,0.80151,0.80158,1.88,1.50
2012.05.04 07:48:32.354,0.80151,0.80157,1.13,1.13
2012.05.04 07:48:32.425,0.8015,0.80157,1.13,1.88
2012.05.04 07:48:32.496,0.8015,0.80156,1.88,1.50
2012.05.04 07:48:32.835,0.80147,0.80154,2.25,3.00
2012.05.04 07:48:33.172,0.80145,0.80152,1.50,2.25
2012.05.04 07:48:33.314,0.80147,0.80154,1.50,1.50
2012.05.04 07:48:33.933,0.80147,0.80154,2.25,2.25
2012.05.04 07:48:35.241,0.80149,0.80154,1.13,2.25
2012.05.04 07:48:35.386,0.80148,0.80156,4.13,1.88
2012.05.04 07:48:35.465,0.80151,0.80157,1.13,3.00
2012.05.04 07:49:22.222,0.80152,0.80158,1.13,3.38
2012.05.04 07:49:35.332,0.80152,0.80159,1.13,1.50
2012.05.04 07:49:35.919,0.80152,0.8016,1.13,2.18
2012.05.04 07:49:40.803,0.80153,0.80159,1.13,1.50
2012.05.04 07:49:41.143,0.80157,0.80162,1.13,1.50
2012.05.04 07:49:41.414,0.80157,0.80162,1.13,1.50
2012.05.04 07:49:42.001,0.80157,0.80163,1.88,3.00
2012.05.04 07:49:42.079,0.80157,0.80164,1.88,3.60
2012.05.04 07:49:42.600,0.80156,0.80163,1.88,1.50
2012.05.04 07:49:42.791,0.80156,0.80163,1.13,2.25
2012.05.04 07:50:14.511,0.80156,0.80163,1.13,1.50
2012.05.04 07:50:24.021,0.80156,0.80164,2.63,3.60
2012.05.04 07:50:24.761,0.80156,0.80163,1.13,2.25
2012.05.04 07:50:34.528,0.80156,0.80164,1.13,3.60
2012.05.04 07:50:44.322,0.80156,0.80163,1.13,2.25
2012.05.04 07:50:46.043,0.80156,0.80162,1.13,1.88
2012.05.04 07:50:57.778,0.80156,0.80162,1.13,1.13
2012.05.04 07:51:01.641,0.80156,0.80163,1.13,2.25
2012.05.04 07:51:01.715,0.80156,0.80164,2.63,4.13
2012.05.04 07:51:01.851,0.80156,0.80164,1.13,3.98
2012.05.04 07:51:02.361,0.80156,0.80162,1.88,1.13
2012.05.04 07:51:03.948,0.80156,0.80162,1.88,1.88
2012.05.04 07:51:16.160,0.80157,0.80163,1.13,1.88
2012.05.04 07:51:16.682,0.80157,0.80163,2.63,1.13
2012.05.04 07:51:19.240,0.80157,0.80163,1.13,1.88
2012.05.04 07:51:21.833,0.80157,0.80163,1.88,1.13
2012.05.04 07:51:23.293,0.80156,0.80162,3.83,1.13
2012.05.04 07:51:23.483,0.80156,0.80162,1.88,1.88
2012.05.04 07:51:29.989,0.80155,0.80161,1.88,1.13
2012.05.04 07:51:32.659,0.80155,0.80163,2.63,2.63
2012.05.04 07:52:19.790,0.80156,0.80163,3.75,1.88
2012.05.04 07:52:20.224,0.80156,0.80163,1.50,2.63
2012.05.04 07:52:28.709,0.80157,0.80163,1.50,1.88
2012.05.04 07:52:30.360,0.80157,0.80163,1.50,1.88
2012.05.04 07:52:35.535,0.80157,0.80163,1.50,1.88
2012.05.04 07:52:40.475,0.80157,0.80163,1.50,1.88
2012.05.04 07:52:40.754,0.8016,0.80165,1.88,1.50
2012.05.04 07:52:42.504,0.8016,0.80166,2.63,1.13
2012.05.04 07:52:42.834,0.80164,0.8017,3.00,1.13
2012.05.04 07:52:42.973,0.80164,0.8017,1.88,1.13
2012.05.04 07:52:43.042,0.80164,0.8017,2.63,1.13
2012.05.04 07:52:44.710,0.80165,0.80171,1.13,1.13
2012.05.04 07:52:45.233,0.80164,0.80172,1.50,1.50
2012.05.04 07:52:46.912,0.80164,0.80172,1.50,1.50
2012.05.04 07:52:47.421,0.80164,0.80172,1.50,2.25
2012.05.04 07:52:48.593,0.80164,0.80171,1.50,2.25
2012.05.04 07:52:49.996,0.80165,0.80173,1.50,2.25
2012.05.04 07:52:50.133,0.80165,0.80173,2.25,1.50
2012.05.04 07:52:50.694,0.80167,0.80174,1.88,1.13
2012.05.04 07:52:52.441,0.80168,0.80175,1.13,1.50
2012.05.04 07:52:52.836,0.80165,0.80173,1.50,3.75
2012.05.04 07:52:52.906,0.80164,0.80172,6.08,2.25
2012.05.04 07:52:53.047,0.80166,0.80174,1.50,3.00
2012.05.04 07:52:53.402,0.80163,0.80171,1.13,1.50
2012.05.04 07:52:54.822,0.80164,0.80172,1.13,1.50
2012.05.04 07:52:55.370,0.80164,0.80172,1.13,2.25
2012.05.04 07:52:55.942,0.80165,0.80172,1.13,2.25
2012.05.04 07:52:56.074,0.80165,0.80174,4.88,2.25
2012.05.04 07:52:56.412,0.80165,0.80172,1.95,1.50
2012.05.04 07:52:56.483,0.80168,0.80174,1.13,2.25
2012.05.04 07:52:57.084,0.80168,0.80174,1.13,2.25
2012.05.04 07:52:57.936,0.80168,0.80174,1.13,2.25
2012.05.04 07:53:00.241,0.80168,0.80174,1.13,3.00
2012.05.04 07:53:00.861,0.80168,0.80174,1.13,8.25
2012.05.04 07:53:00.937,0.80162,0.80171,3.00,1.50
2012.05.04 07:53:01.014,0.80162,0.80171,3.38,1.50
2012.05.04 07:53:01.816,0.80163,0.80172,2.25,2.25
2012.05.04 07:53:17.322,0.80164,0.8017,2.63,1.13
2012.05.04 07:53:17.881,0.80165,0.80171,1.88,1.88
2012.05.04 07:53:22.793,0.80165,0.80171,1.13,1.88
2012.05.04 07:53:23.303,0.80164,0.8017,1.13,1.88
2012.05.04 07:53:24.132,0.80164,0.8017,2.63,1.13
2012.05.04 07:53:39.230,0.80166,0.80173,1.13,2.25
2012.05.04 07:53:39.733,0.80167,0.80174,1.13,3.38
2012.05.04 07:53:40.275,0.80167,0.80174,1.13,1.13
2012.05.04 07:53:40.934,0.80167,0.80174,1.13,1.50
2012.05.04 07:53:42.171,0.80167,0.80174,1.88,1.13
2012.05.04 07:53:42.730,0.80168,0.80176,1.88,2.63
2012.05.04 07:53:44.724,0.80168,0.80176,2.63,1.88
2012.05.04 07:53:45.265,0.80169,0.80176,1.50,1.13
2012.05.04 07:53:47.182,0.80169,0.80176,2.25,1.13
2012.05.04 07:53:47.720,0.80169,0.80176,1.50,1.88
2012.05.04 07:53:48.740,0.80169,0.80176,2.25,1.88
2012.05.04 07:53:49.851,0.80169,0.80174,1.50,1.13
2012.05.04 07:53:50.415,0.80168,0.80174,2.63,1.88
2012.05.04 07:53:50.954,0.80167,0.80173,3.75,1.88
2012.05.04 07:53:51.481,0.80167,0.80173,3.75,1.13
2012.05.04 07:53:54.113,0.80168,0.80173,1.20,1.88
2012.05.04 07:53:54.362,0.80169,0.80175,2.25,3.38
2012.05.04 07:53:56.721,0.80169,0.80175,1.50,1.88
2012.05.04 07:53:57.231,0.80169,0.80175,1.50,1.88
2012.05.04 07:54:04.614,0.80169,0.80175,2.63,1.88
2012.05.04 07:54:18.753,0.80169,0.80175,1.88,1.88
2012.05.04 07:54:18.966,0.80167,0.80173,1.50,1.50
2012.05.04 07:54:19.458,0.80165,0.8017,1.50,4.13
2012.05.04 07:54:19.737,0.80159,0.80165,1.13,2.63
2012.05.04 07:54:19.886,0.80155,0.80163,1.88,4.13
2012.05.04 07:54:20.283,0.80155,0.80163,1.95,3.38
2012.05.04 07:54:20.430,0.80155,0.80163,2.70,1.88
2012.05.04 07:54:22.001,0.80155,0.80163,3.75,2.63
2012.05.04 07:54:22.554,0.80157,0.80163,1.13,1.50
2012.05.04 07:54:22.694,0.8016,0.80165,1.50,1.13
2012.05.04 07:54:22.838,0.80161,0.80167,3.75,1.88
2012.05.04 07:54:22.986,0.80164,0.80169,1.88,1.50
2012.05.04 07:54:23.055,0.80165,0.80171,1.50,1.13
2012.05.04 07:54:23.614,0.80165,0.80172,1.88,2.63
2012.05.04 07:54:25.839,0.80165,0.80171,1.13,1.88
2012.05.04 07:54:26.822,0.80165,0.80169,1.13,1.13
2012.05.04 07:54:27.330,0.80162,0.80169,1.13,3.38
2012.05.04 07:54:29.765,0.80165,0.80171,2.63,1.88
2012.05.04 07:54:29.971,0.80164,0.8017,1.50,2.63
2012.05.04 07:54:30.114,0.80163,0.80168,1.13,1.13
2012.05.04 07:54:30.586,0.8016,0.80167,1.50,1.88
2012.05.04 07:54:30.914,0.8016,0.80166,1.50,4.50
2012.05.04 07:54:31.173,0.8016,0.80166,1.50,1.50
2012.05.04 07:54:32.058,0.80161,0.80167,1.13,1.13
2012.05.04 07:54:32.140,0.80163,0.80169,1.88,1.13
2012.05.04 07:54:32.213,0.80162,0.80168,1.88,1.88
2012.05.04 07:54:34.662,0.80162,0.8017,4.88,1.88
2012.05.04 07:54:34.803,0.80163,0.8017,1.50,1.13
2012.05.04 07:54:35.369,0.80165,0.8017,1.13,1.13
2012.05.04 07:54:36.152,0.80165,0.80171,1.13,1.13
2012.05.04 07:54:46.621,0.80168,0.80172,1.13,1.50
2012.05.04 07:54:46.763,0.80168,0.80173,1.13,1.50
2012.05.04 07:54:47.251,0.80168,0.80175,1.88,3.00
2012.05.04 07:54:47.711,0.80167,0.80174,2.25,1.50
2012.05.04 07:54:51.752,0.8017,0.80175,1.13,3.00
2012.05.04 07:54:51.894,0.8017,0.80176,1.88,3.38
2012.05.04 07:54:53.055,0.8017,0.80174,1.13,1.13
2012.05.04 07:54:53.381,0.80167,0.80172,3.00,1.13
2012.05.04 07:54:53.661,0.80168,0.80172,1.58,1.88
2012.05.04 07:54:55.271,0.80167,0.80175,1.58,3.00
2012.05.04 07:54:56.043,0.80167,0.80174,1.13,1.88
2012.05.04 07:54:56.112,0.80171,0.80175,1.88,3.00
2012.05.04 07:54:56.181,0.80171,0.80175,2.63,1.50
2012.05.04 07:54:56.433,0.80171,0.80179,3.38,1.88
2012.05.04 07:54:56.505,0.80174,0.8018,1.58,1.88
2012.05.04 07:54:56.831,0.80177,0.80182,2.25,1.13
2012.05.04 07:54:57.360,0.80177,0.80183,2.25,3.38
2012.05.04 07:54:58.001,0.80177,0.80183,2.25,3.75
2012.05.04 07:54:58.132,0.80177,0.80183,2.25,3.00
2012.05.04 07:54:59.098,0.80179,0.80184,1.13,2.25
2012.05.04 07:54:59.175,0.80179,0.80184,1.13,2.25
2012.05.04 07:55:04.208,0.80178,0.80184,1.50,1.88
2012.05.04 07:55:04.320,0.80175,0.80182,3.75,1.50
2012.05.04 07:55:04.674,0.8017,0.80178,3.38,3.38
2012.05.04 07:55:05.025,0.80168,0.80173,1.13,1.13
2012.05.04 07:55:05.355,0.80167,0.80173,2.25,1.88
2012.05.04 07:55:05.428,0.80167,0.80173,3.00,1.88
2012.05.04 07:55:07.542,0.80169,0.80174,2.63,1.88
2012.05.04 07:55:07.614,0.8017,0.80176,1.50,3.00
2012.05.04 07:55:07.686,0.80173,0.80178,1.88,1.50
2012.05.04 07:55:07.756,0.80173,0.80179,1.88,2.63
2012.05.04 07:55:08.330,0.80172,0.80178,1.88,1.13
2012.05.04 07:55:08.404,0.80172,0.80178,1.13,1.88
2012.05.04 07:55:08.924,0.8017,0.80177,3.00,1.50
2012.05.04 07:55:11.116,0.80172,0.80178,1.13,2.63
2012.05.04 07:55:11.811,0.80172,0.80177,1.13,2.25
2012.05.04 07:55:12.372,0.8017,0.80177,2.25,1.50
2012.05.04 07:55:13.703,0.80171,0.80177,1.88,1.50
2012.05.04 07:55:14.213,0.80172,0.8018,1.88,4.88
2012.05.04 07:55:16.935,0.80172,0.80179,1.13,3.38
2012.05.04 07:55:17.485,0.80169,0.80176,1.88,1.88
2012.05.04 07:55:17.927,0.80168,0.80176,3.00,2.63
2012.05.04 07:55:21.833,0.80172,0.80176,1.13,1.50
2012.05.04 07:55:22.227,0.80169,0.80175,1.50,1.88
2012.05.04 07:55:22.741,0.80168,0.80174,2.25,1.88
2012.05.04 07:55:23.936,0.80168,0.80176,3.38,2.63
2012.05.04 07:55:29.295,0.80169,0.80177,3.38,2.63
2012.05.04 07:55:29.741,0.80173,0.80177,1.13,1.50
2012.05.04 07:55:33.234,0.80173,0.80179,1.13,3.00
2012.05.04 07:55:34.252,0.80173,0.80179,1.13,3.75
2012.05.04 07:55:34.769,0.80173,0.80179,1.13,5.25
2012.05.04 07:55:37.771,0.80172,0.80178,1.13,3.38
2012.05.04 07:55:41.371,0.80172,0.80178,1.13,2.25
2012.05.04 07:55:42.282,0.80172,0.80178,1.13,2.25
2012.05.04 07:55:46.710,0.80172,0.80178,1.13,2.25
2012.05.04 07:55:47.336,0.80172,0.80178,1.13,2.25
2012.05.04 07:55:48.716,0.8017,0.80176,2.25,1.13
2012.05.04 07:55:55.404,0.8017,0.80176,1.50,1.88
2012.05.04 07:56:01.552,0.80172,0.80178,1.13,4.88
2012.05.04 07:56:01.744,0.80172,0.80178,1.88,2.63
2012.05.04 07:56:05.942,0.80172,0.80178,1.88,2.63
2012.05.04 07:56:07.222,0.80172,0.80178,1.88,1.88
2012.05.04 07:56:07.475,0.80173,0.80179,1.88,1.88
2012.05.04 07:56:16.912,0.80174,0.8018,1.88,2.18
2012.05.04 07:56:21.512,0.80173,0.80179,1.88,1.13
2012.05.04 07:56:34.710,0.80173,0.80179,1.13,1.88
2012.05.04 07:56:39.113,0.80174,0.80179,1.13,1.50
2012.05.04 07:56:40.194,0.80173,0.80179,1.13,2.63
2012.05.04 07:56:40.893,0.8017,0.80176,1.13,1.50
2012.05.04 07:56:41.722,0.80169,0.80176,1.88,2.25
2012.05.04 07:56:43.232,0.8017,0.80176,1.13,1.50
2012.05.04 07:56:43.567,0.80168,0.80174,1.13,1.88
2012.05.04 07:56:44.133,0.80168,0.80174,1.50,1.88
2012.05.04 07:56:53.292,0.8017,0.80175,1.13,1.50
2012.05.04 07:56:53.575,0.8017,0.80176,1.13,1.88
2012.05.04 07:56:57.335,0.80169,0.80173,1.13,1.13
2012.05.04 07:56:57.690,0.8016,0.80165,1.50,1.88
2012.05.04 07:56:58.196,0.80158,0.80164,1.50,1.50
2012.05.04 07:56:58.567,0.80154,0.80161,4.50,3.38
2012.05.04 07:56:58.707,0.80156,0.80161,1.88,4.13
2012.05.04 07:56:59.258,0.80155,0.80161,1.50,3.38
2012.05.04 07:57:00.308,0.80155,0.80161,1.13,4.13
2012.05.04 07:57:00.965,0.80155,0.80161,1.50,3.38
2012.05.04 07:57:01.105,0.80155,0.80161,1.50,3.38
2012.05.04 07:57:01.641,0.80155,0.80161,1.13,2.63
2012.05.04 07:57:02.162,0.80155,0.80161,1.13,2.63
2012.05.04 07:57:02.363,0.80157,0.80162,1.13,2.25
2012.05.04 07:57:02.884,0.80156,0.80162,1.88,2.63
2012.05.04 07:57:03.493,0.80154,0.8016,3.00,1.50
2012.05.04 07:57:04.542,0.80154,0.80161,3.00,1.50
2012.05.04 07:57:05.322,0.80154,0.80162,3.60,2.63
2012.05.04 07:57:05.831,0.80155,0.80162,1.13,2.25
2012.05.04 07:57:06.161,0.80157,0.80162,1.13,1.50
2012.05.04 07:57:06.701,0.80157,0.80163,1.13,2.63
2012.05.04 07:57:09.423,0.80157,0.80164,1.13,2.25
2012.05.04 07:57:09.982,0.80157,0.80164,1.13,2.25
2012.05.04 07:57:10.512,0.80157,0.80164,1.13,2.25
2012.05.04 07:57:15.261,0.80162,0.80166,1.88,1.50
2012.05.04 07:57:15.475,0.80164,0.8017,1.88,1.88
2012.05.04 07:57:15.754,0.80161,0.80169,5.48,2.63
2012.05.04 07:57:16.322,0.80164,0.80169,1.13,3.00
2012.05.04 07:57:18.412,0.80162,0.80169,1.50,3.00
2012.05.04 07:57:19.452,0.80162,0.80169,1.50,2.25
2012.05.04 07:57:19.974,0.80165,0.8017,1.13,1.50
2012.05.04 07:57:20.042,0.80165,0.80171,1.13,4.13
2012.05.04 07:57:20.653,0.80165,0.80171,1.88,2.63
2012.05.04 07:57:21.212,0.80165,0.80171,1.88,1.88
2012.05.04 07:57:22.262,0.80167,0.80172,1.13,1.50
2012.05.04 07:57:22.794,0.80166,0.80171,2.63,1.50
2012.05.04 07:57:23.301,0.80166,0.80171,1.88,1.50
2012.05.04 07:57:26.441,0.80166,0.80171,1.88,1.50
2012.05.04 07:57:27.146,0.80166,0.80171,1.88,1.50
2012.05.04 07:57:28.044,0.80166,0.80171,1.88,1.50
2012.05.04 07:57:28.251,0.80166,0.80172,1.88,2.63
2012.05.04 07:57:28.909,0.80166,0.80172,1.88,2.63
2012.05.04 07:57:29.315,0.80164,0.8017,3.00,1.88
2012.05.04 07:57:31.723,0.80165,0.80171,1.13,2.63
2012.05.04 07:57:46.127,0.80162,0.8017,1.79,3.66
2012.05.04 07:57:46.205,0.80162,0.80168,1.41,1.50
2012.05.04 07:57:46.274,0.80162,0.80168,1.79,1.50
2012.05.04 07:57:46.812,0.80162,0.80168,1.79,1.50
2012.05.04 07:57:48.844,0.8016,0.80167,1.13,1.50
2012.05.04 07:57:49.393,0.8016,0.80167,1.88,1.50
2012.05.04 07:57:49.905,0.8016,0.80167,1.88,1.50
2012.05.04 07:57:52.820,0.8016,0.80167,1.88,1.50
2012.05.04 07:58:07.239,0.8016,0.80166,1.88,1.50
2012.05.04 07:58:47.189,0.80161,0.80167,1.50,2.63
2012.05.04 07:59:01.061,0.80164,0.8017,1.13,3.38
2012.05.04 07:59:01.134,0.80164,0.8017,1.88,3.75
2012.05.04 07:59:01.456,0.80165,0.80171,1.13,1.13
2012.05.04 07:59:02.191,0.80165,0.80171,1.13,1.88
2012.05.04 07:59:03.962,0.80165,0.80171,1.13,1.13
2012.05.04 07:59:04.582,0.80165,0.80171,1.13,1.88
2012.05.04 07:59:05.241,0.80163,0.80171,3.75,1.88
2012.05.04 07:59:06.749,0.80163,0.80171,2.25,4.13
2012.05.04 07:59:06.943,0.80163,0.80171,2.25,4.13
2012.05.04 07:59:07.460,0.80163,0.80171,2.25,2.63
2012.05.04 07:59:09.778,0.80165,0.80171,1.88,2.63
2012.05.04 07:59:14.393,0.80166,0.80173,1.88,1.13
2012.05.04 07:59:14.910,0.80166,0.80174,1.88,2.63
2012.05.04 07:59:16.142,0.80167,0.80174,1.13,1.50
2012.05.04 07:59:16.354,0.8017,0.80175,1.13,1.50
2012.05.04 07:59:16.492,0.8017,0.80178,1.13,3.00
2012.05.04 07:59:16.623,0.80172,0.80178,1.13,3.00
2012.05.04 07:59:17.144,0.80171,0.80177,1.88,1.50
2012.05.04 07:59:18.291,0.80172,0.80179,1.13,2.25
2012.05.04 07:59:18.793,0.8017,0.80178,1.88,2.63
2012.05.04 07:59:23.131,0.8017,0.80177,1.88,1.50
2012.05.04 07:59:23.641,0.80169,0.80177,4.50,2.63
2012.05.04 07:59:24.442,0.80171,0.80177,1.88,2.63
2012.05.04 07:59:24.961,0.80171,0.80177,1.88,2.63
2012.05.04 07:59:25.471,0.80171,0.80177,1.88,2.63
2012.05.04 07:59:26.212,0.80171,0.80177,1.88,2.63
2012.05.04 07:59:26.522,0.80173,0.80178,1.13,1.50
2012.05.04 07:59:27.043,0.80173,0.80179,1.88,2.63
2012.05.04 07:59:27.890,0.80173,0.80179,1.13,2.63
2012.05.04 07:59:28.443,0.80173,0.80179,1.88,1.43
2012.05.04 07:59:29.236,0.80172,0.80176,1.88,1.13
2012.05.04 07:59:29.785,0.8017,0.80175,1.13,1.13
2012.05.04 07:59:29.929,0.8017,0.80175,1.13,1.88
2012.05.04 07:59:30.206,0.8017,0.80177,1.50,3.75
2012.05.04 07:59:30.610,0.80169,0.80175,3.75,1.88
2012.05.04 07:59:31.254,0.80169,0.80175,4.50,1.13
2012.05.04 07:59:32.164,0.80169,0.80175,4.88,1.13
2012.05.04 07:59:32.704,0.80169,0.80175,5.63,1.13
2012.05.04 07:59:33.236,0.8017,0.80177,1.50,1.88
2012.05.04 07:59:33.664,0.80169,0.80177,4.88,1.88
2012.05.04 07:59:34.205,0.8017,0.80177,1.50,1.88
2012.05.04 07:59:34.593,0.80172,0.80178,1.88,1.88
2012.05.04 07:59:37.181,0.80172,0.80178,3.38,1.88
2012.05.04 07:59:37.871,0.80172,0.80178,1.88,1.88
2012.05.04 07:59:38.421,0.80172,0.80178,2.63,2.63
2012.05.04 07:59:39.100,0.80172,0.80178,1.88,1.88
2012.05.04 07:59:40.743,0.80172,0.80178,2.63,1.88
2012.05.04 07:59:41.821,0.80173,0.80179,2.63,1.13
2012.05.04 07:59:42.333,0.80173,0.80178,1.13,1.88
2012.05.04 07:59:42.831,0.80173,0.8018,1.88,1.88
2012.05.04 07:59:44.111,0.80173,0.8018,1.13,1.13
2012.05.04 07:59:44.732,0.80175,0.80181,1.13,2.25
2012.05.04 07:59:45.246,0.80176,0.80182,1.50,1.50
2012.05.04 07:59:48.651,0.80174,0.8018,4.50,1.13
2012.05.04 07:59:51.155,0.80174,0.8018,1.50,1.88
2012.05.04 07:59:51.703,0.80174,0.80182,1.88,4.13
2012.05.04 07:59:52.251,0.80174,0.8018,1.88,1.13
2012.05.04 07:59:56.030,0.80174,0.80181,1.88,1.50
2012.05.04 07:59:56.540,0.80174,0.80181,3.38,1.50
2012.05.04 07:59:57.212,0.80176,0.80182,1.50,1.88
2012.05.04 07:59:57.492,0.80177,0.80183,2.63,2.25
2012.05.04 07:59:57.623,0.80176,0.80182,1.50,1.88
2012.05.04 07:59:58.061,0.80174,0.8018,2.63,1.88
2012.05.04 07:59:59.293,0.80174,0.80182,3.38,2.63
