2013.10.31 05:00:00.203,0.98417,0.98421,1.10,1.10
2013.10.31 05:00:00.393,0.98418,0.98421,2.33,1.00
2013.10.31 05:00:00.931,0.98418,0.98422,2.33,1.13
2013.10.31 05:00:01.049,0.98417,0.98423,3.15,1.55
2013.10.31 05:00:01.648,0.98417,0.98422,2.40,1.48
2013.10.31 05:00:01.829,0.98415,0.98419,1.58,1.10
2013.10.31 05:00:02.009,0.98414,0.98419,1.65,1.85
2013.10.31 05:00:02.882,0.98413,0.98418,2.25,1.50
2013.10.31 05:00:03.133,0.98412,0.98416,1.28,1.38
2013.10.31 05:00:03.771,0.98412,0.98416,1.13,1.55
2013.10.31 05:00:06.308,0.9841,0.98414,1.55,1.00
2013.10.31 05:00:06.608,0.98409,0.98413,1.20,1.48
2013.10.31 05:00:07.149,0.98408,0.98413,2.78,1.10
2013.10.31 05:00:07.509,0.98408,0.98413,1.88,3.08
2013.10.31 05:00:08.049,0.98408,0.98413,1.50,3.83
2013.10.31 05:00:08.639,0.9841,0.98413,1.00,3.45
2013.10.31 05:00:10.650,0.98407,0.98412,1.50,3.83
2013.10.31 05:00:19.848,0.98405,0.98408,1.50,1.20
2013.10.31 05:00:20.150,0.98402,0.98405,1.88,1.10
2013.10.31 05:00:20.208,0.98402,0.98405,1.13,1.20
2013.10.31 05:00:21.089,0.98402,0.98405,1.13,1.48
2013.10.31 05:00:21.388,0.984,0.98404,1.00,3.45
2013.10.31 05:00:29.339,0.984,0.98404,1.00,3.45
2013.10.31 05:00:29.399,0.98398,0.98403,1.58,4.65
2013.10.31 05:00:29.639,0.98397,0.98402,2.78,4.20
2013.10.31 05:00:41.908,0.98397,0.98403,2.33,7.58
2013.10.31 05:00:49.438,0.98397,0.98403,2.70,7.58
2013.10.31 05:00:51.402,0.98398,0.98403,1.00,7.58
2013.10.31 05:01:08.618,0.98398,0.98401,1.00,1.48
2013.10.31 05:01:09.142,0.98395,0.984,4.58,1.00
2013.10.31 05:01:09.659,0.98398,0.98401,1.00,1.20
2013.10.31 05:01:15.108,0.98398,0.98402,1.88,1.18
2013.10.31 05:01:15.349,0.98399,0.98403,1.58,1.10
2013.10.31 05:01:15.888,0.98398,0.98403,1.65,1.58
2013.10.31 05:01:22.040,0.98397,0.98401,3.08,5.25
2013.10.31 05:01:22.280,0.98393,0.98397,2.63,1.88
2013.10.31 05:01:22.580,0.98391,0.98394,1.00,1.18
2013.10.31 05:01:23.120,0.9839,0.98394,1.13,1.18
2013.10.31 05:01:24.689,0.9839,0.98395,1.28,1.58
2013.10.31 05:01:26.219,0.9839,0.98395,1.13,3.83
2013.10.31 05:01:31.354,0.98389,0.98395,2.33,3.83
2013.10.31 05:01:32.240,0.98389,0.98395,2.70,3.83
2013.10.31 05:01:32.903,0.98389,0.98395,2.33,3.83
2013.10.31 05:01:33.439,0.9839,0.98395,1.13,2.70
2013.10.31 05:01:38.969,0.9839,0.98395,1.18,1.20
2013.10.31 05:01:41.019,0.9839,0.98395,1.18,1.48
2013.10.31 05:01:55.449,0.98392,0.98395,1.00,1.10
2013.10.31 05:01:55.989,0.98389,0.98395,3.83,1.95
2013.10.31 05:01:58.079,0.98389,0.98395,4.95,1.95
2013.10.31 05:01:58.619,0.98389,0.98395,3.83,1.95
2013.10.31 05:02:04.659,0.98389,0.98395,4.20,2.33
2013.10.31 05:02:05.020,0.98389,0.98394,1.58,3.38
2013.10.31 05:02:05.199,0.98389,0.98394,1.93,1.10
2013.10.31 05:02:05.739,0.9839,0.98395,1.10,2.40
2013.10.31 05:02:06.279,0.98389,0.98395,2.03,2.40
2013.10.31 05:02:06.828,0.9839,0.98395,2.70,2.25
2013.10.31 05:02:07.339,0.9839,0.98395,2.70,2.25
2013.10.31 05:02:13.009,0.98391,0.98395,1.18,2.25
2013.10.31 05:02:13.190,0.98394,0.98398,1.13,3.75
2013.10.31 05:02:13.249,0.98395,0.98398,1.00,1.58
2013.10.31 05:02:13.371,0.98397,0.98402,1.50,2.33
2013.10.31 05:02:13.490,0.98397,0.98404,4.95,2.40
2013.10.31 05:02:22.099,0.984,0.98405,1.00,4.20
2013.10.31 05:02:22.629,0.98398,0.98404,1.28,1.55
2013.10.31 05:02:23.672,0.98398,0.98404,1.10,1.93
2013.10.31 05:02:23.910,0.98396,0.98399,1.20,1.13
2013.10.31 05:02:24.149,0.98393,0.98398,2.03,1.10
2013.10.31 05:02:24.209,0.98393,0.98398,1.28,1.58
2013.10.31 05:02:24.510,0.98391,0.98397,2.78,1.55
2013.10.31 05:02:25.049,0.98391,0.98396,2.03,1.85
2013.10.31 05:02:25.110,0.98391,0.98394,1.10,1.13
2013.10.31 05:02:25.229,0.9839,0.98392,1.13,1.28
2013.10.31 05:02:25.770,0.98389,0.98393,1.10,1.10
2013.10.31 05:02:26.699,0.98389,0.98391,1.10,1.00
2013.10.31 05:02:27.119,0.98387,0.98394,4.20,2.78
2013.10.31 05:02:27.658,0.98389,0.98393,1.10,1.10
2013.10.31 05:02:29.683,0.98387,0.98394,4.95,2.03
2013.10.31 05:02:29.919,0.98387,0.98392,1.95,1.18
2013.10.31 05:02:30.469,0.98389,0.98392,1.13,1.18
2013.10.31 05:02:30.889,0.98389,0.98394,1.48,2.03
2013.10.31 05:02:31.369,0.98388,0.98393,1.55,1.48
2013.10.31 05:02:31.550,0.98386,0.9839,1.20,1.20
2013.10.31 05:02:31.669,0.98386,0.98387,1.00,1.00
2013.10.31 05:02:32.091,0.98387,0.98391,1.00,3.83
2013.10.31 05:02:32.449,0.98389,0.98393,1.00,2.70
2013.10.31 05:02:32.569,0.98389,0.98394,1.48,1.55
2013.10.31 05:02:32.929,0.98388,0.98394,1.28,5.40
2013.10.31 05:02:32.989,0.98388,0.9839,1.18,1.00
2013.10.31 05:02:33.109,0.98386,0.98392,1.95,3.83
2013.10.31 05:02:33.229,0.98384,0.98387,2.33,1.13
2013.10.31 05:02:33.349,0.98382,0.98387,3.45,1.13
2013.10.31 05:02:33.535,0.98382,0.98386,3.45,1.00
2013.10.31 05:02:33.659,0.98382,0.98387,3.45,1.13
2013.10.31 05:02:34.019,0.98385,0.9839,1.50,3.83
2013.10.31 05:02:34.079,0.98382,0.98387,4.20,1.00
2013.10.31 05:02:34.319,0.98382,0.98385,3.83,1.00
2013.10.31 05:02:38.919,0.98382,0.98386,3.83,1.13
2013.10.31 05:02:40.089,0.98382,0.98386,3.45,1.00
2013.10.31 05:02:40.463,0.98382,0.98386,2.33,1.50
2013.10.31 05:02:43.603,0.98382,0.98386,3.08,1.00
2013.10.31 05:02:43.855,0.98379,0.98383,2.70,1.38
2013.10.31 05:02:44.402,0.9838,0.98385,1.00,3.45
2013.10.31 05:02:46.589,0.98379,0.98385,1.58,3.45
2013.10.31 05:02:47.011,0.9838,0.98384,1.00,1.55
2013.10.31 05:02:48.259,0.98382,0.98385,1.00,3.45
2013.10.31 05:02:48.380,0.98382,0.98386,1.38,1.55
2013.10.31 05:02:48.559,0.9838,0.98387,2.78,4.95
2013.10.31 05:02:48.992,0.98382,0.98385,2.33,1.00
2013.10.31 05:02:49.509,0.98382,0.98385,2.25,1.38
2013.10.31 05:02:51.240,0.98382,0.98385,2.33,1.13
2013.10.31 05:02:51.422,0.98378,0.98383,4.20,1.58
2013.10.31 05:02:51.539,0.98379,0.98384,3.83,1.13
2013.10.31 05:02:52.789,0.98379,0.98383,3.38,1.38
2013.10.31 05:02:53.329,0.98379,0.98383,2.03,1.10
2013.10.31 05:02:57.589,0.9838,0.98384,2.03,1.00
2013.10.31 05:02:58.128,0.98382,0.98386,1.38,1.55
2013.10.31 05:03:01.099,0.98382,0.98386,1.13,1.55
2013.10.31 05:03:01.643,0.98382,0.98386,1.50,1.18
2013.10.31 05:03:02.561,0.98381,0.98386,2.33,1.65
2013.10.31 05:03:03.099,0.98379,0.98384,4.20,1.00
2013.10.31 05:03:06.379,0.9838,0.98386,1.65,1.28
2013.10.31 05:03:06.918,0.98381,0.98386,2.70,1.13
2013.10.31 05:03:10.642,0.9838,0.98386,4.20,1.20
2013.10.31 05:03:13.689,0.9838,0.98386,1.93,1.18
2013.10.31 05:03:16.409,0.9838,0.98386,2.40,1.55
2013.10.31 05:03:17.329,0.98381,0.98386,3.08,1.38
2013.10.31 05:03:18.071,0.9838,0.98384,2.93,1.75
2013.10.31 05:03:18.189,0.9838,0.98383,1.38,1.20
2013.10.31 05:03:18.429,0.98381,0.98384,3.08,1.00
2013.10.31 05:03:19.078,0.98381,0.98385,3.08,1.13
2013.10.31 05:03:36.680,0.98384,0.98388,1.00,1.55
2013.10.31 05:03:36.801,0.98386,0.9839,1.00,1.28
2013.10.31 05:03:37.159,0.98389,0.98393,1.20,1.48
2013.10.31 05:03:37.670,0.98389,0.98393,1.20,1.10
2013.10.31 05:03:39.383,0.98389,0.98393,1.20,2.33
2013.10.31 05:03:40.049,0.98389,0.98393,3.45,1.00
2013.10.31 05:03:44.319,0.98389,0.98393,2.33,1.50
2013.10.31 05:03:44.379,0.98387,0.9839,1.18,1.00
2013.10.31 05:03:44.499,0.98386,0.98389,1.00,1.48
2013.10.31 05:03:44.574,0.98386,0.98389,1.00,5.33
2013.10.31 05:03:44.880,0.98382,0.98386,1.10,1.38
2013.10.31 05:03:45.430,0.98381,0.98386,2.70,1.38
2013.10.31 05:03:49.289,0.98381,0.98386,3.08,1.13
2013.10.31 05:03:59.490,0.98382,0.98385,1.18,1.00
2013.10.31 05:04:00.783,0.98381,0.98385,3.45,1.00
2013.10.31 05:04:01.029,0.98382,0.98387,2.03,1.20
2013.10.31 05:04:13.699,0.98383,0.98387,1.48,1.48
2013.10.31 05:04:14.239,0.98381,0.98385,3.83,1.00
2013.10.31 05:04:30.898,0.98381,0.98386,3.83,1.00
2013.10.31 05:04:32.789,0.98384,0.98387,1.00,1.95
2013.10.31 05:04:47.409,0.98384,0.98388,1.65,1.13
2013.10.31 05:04:47.919,0.98383,0.98387,3.75,1.13
2013.10.31 05:04:48.469,0.98383,0.98387,1.58,1.20
2013.10.31 05:05:12.367,0.98383,0.98388,1.20,1.93
2013.10.31 05:05:13.690,0.98381,0.98387,2.63,3.30
2013.10.31 05:05:14.050,0.9838,0.98383,1.55,1.13
2013.10.31 05:05:14.609,0.9838,0.98385,3.45,1.50
2013.10.31 05:05:16.143,0.9838,0.98385,3.83,1.88
2013.10.31 05:05:16.200,0.9838,0.98385,3.45,1.88
2013.10.31 05:05:16.380,0.98376,0.98381,11.94,1.00
2013.10.31 05:05:20.079,0.98378,0.98383,1.48,2.03
2013.10.31 05:05:20.259,0.9838,0.98384,1.20,1.20
2013.10.31 05:05:20.799,0.9838,0.98385,2.33,1.55
2013.10.31 05:05:22.179,0.9838,0.98385,4.50,1.48
2013.10.31 05:05:25.309,0.9838,0.98385,2.33,1.65
2013.10.31 05:05:25.550,0.9838,0.98384,1.50,2.63
2013.10.31 05:05:27.181,0.98382,0.98385,1.38,3.68
2013.10.31 05:05:28.919,0.98381,0.98384,1.00,2.33
2013.10.31 05:05:29.099,0.98376,0.98383,1.13,4.95
2013.10.31 05:05:29.220,0.98375,0.98381,2.25,3.08
2013.10.31 05:05:29.749,0.98376,0.98381,1.05,2.70
2013.10.31 05:05:33.539,0.98375,0.98381,1.85,3.45
2013.10.31 05:05:34.360,0.98377,0.98381,1.50,3.83
2013.10.31 05:05:34.420,0.9838,0.98382,1.88,2.18
2013.10.31 05:05:34.480,0.9838,0.98383,1.88,2.33
2013.10.31 05:05:35.075,0.9838,0.98383,2.25,2.25
2013.10.31 05:05:35.469,0.9838,0.98383,3.00,2.25
2013.10.31 05:05:35.709,0.98382,0.98385,1.00,3.45
2013.10.31 05:05:36.589,0.98382,0.98385,1.13,2.63
2013.10.31 05:05:36.710,0.98382,0.98385,1.50,2.33
2013.10.31 05:05:36.770,0.98382,0.98387,2.25,1.28
2013.10.31 05:05:37.189,0.98382,0.98386,1.88,2.33
2013.10.31 05:05:37.801,0.98382,0.98386,1.38,3.08
2013.10.31 05:05:38.279,0.98381,0.98383,1.38,2.18
2013.10.31 05:05:38.819,0.98379,0.98383,1.38,2.33
2013.10.31 05:05:39.820,0.9838,0.98383,1.50,2.25
2013.10.31 05:05:40.249,0.98381,0.98385,1.88,2.70
2013.10.31 05:05:40.370,0.98381,0.98386,2.33,1.55
2013.10.31 05:05:40.790,0.98381,0.98385,1.00,2.70
2013.10.31 05:05:42.969,0.98381,0.98386,1.95,1.55
2013.10.31 05:05:44.849,0.98381,0.98386,1.95,1.93
2013.10.31 05:05:46.740,0.98381,0.98385,1.95,1.10
2013.10.31 05:05:49.660,0.98381,0.98386,1.95,1.93
2013.10.31 05:05:51.991,0.98381,0.98386,1.20,5.40
2013.10.31 05:05:52.109,0.98381,0.98383,1.10,1.00
2013.10.31 05:05:52.660,0.98379,0.98382,1.58,1.00
2013.10.31 05:05:54.660,0.9838,0.98385,1.13,2.63
2013.10.31 05:05:54.722,0.98381,0.98384,1.50,1.28
2013.10.31 05:05:56.589,0.98379,0.98385,4.20,1.10
2013.10.31 05:05:56.949,0.98383,0.98385,1.00,1.10
2013.10.31 05:06:00.551,0.98381,0.98386,2.70,1.28
2013.10.31 05:06:02.020,0.98384,0.98387,3.00,3.30
2013.10.31 05:06:02.139,0.98384,0.98387,3.38,1.20
2013.10.31 05:06:03.319,0.98382,0.98387,3.15,1.00
2013.10.31 05:06:03.439,0.98381,0.98386,2.63,1.88
2013.10.31 05:06:03.678,0.98381,0.98385,1.58,1.58
2013.10.31 05:06:03.858,0.98381,0.98385,1.95,1.58
2013.10.31 05:06:04.399,0.98381,0.98386,1.95,1.65
2013.10.31 05:06:07.698,0.9838,0.98383,5.03,1.00
2013.10.31 05:06:07.879,0.98376,0.98381,6.45,1.00
2013.10.31 05:06:08.422,0.98378,0.98383,1.58,1.65
2013.10.31 05:06:08.968,0.9838,0.98383,1.20,1.10
2013.10.31 05:06:09.878,0.9838,0.98386,1.65,3.53
2013.10.31 05:06:10.298,0.98382,0.98386,1.13,1.28
2013.10.31 05:06:10.371,0.98382,0.98387,1.13,3.45
2013.10.31 05:06:10.548,0.98381,0.98386,1.58,2.78
2013.10.31 05:06:11.448,0.98379,0.98384,2.33,1.88
2013.10.31 05:06:11.629,0.98377,0.98381,1.20,1.58
2013.10.31 05:06:15.228,0.98376,0.98381,1.55,1.95
2013.10.31 05:06:15.409,0.98378,0.98383,3.00,3.45
2013.10.31 05:06:15.588,0.9838,0.98385,1.13,3.45
2013.10.31 05:06:18.438,0.98382,0.98385,1.38,3.38
2013.10.31 05:06:18.558,0.9838,0.98385,1.50,3.45
2013.10.31 05:06:18.918,0.9838,0.98385,3.83,1.00
2013.10.31 05:06:19.468,0.98382,0.98386,1.48,1.48
2013.10.31 05:06:20.658,0.98381,0.98386,1.28,2.33
2013.10.31 05:06:20.778,0.9838,0.98383,3.83,1.00
2013.10.31 05:06:21.718,0.9838,0.98382,2.55,1.00
2013.10.31 05:06:21.778,0.98376,0.98381,1.08,1.00
2013.10.31 05:06:21.838,0.98376,0.98379,3.00,1.00
2013.10.31 05:06:21.958,0.98375,0.98377,1.48,1.00
2013.10.31 05:06:22.198,0.98373,0.98377,2.33,1.20
2013.10.31 05:06:22.858,0.98372,0.98377,3.53,1.10
2013.10.31 05:06:23.098,0.98373,0.98377,1.10,1.20
2013.10.31 05:06:23.639,0.98372,0.98377,1.65,1.48
2013.10.31 05:06:28.967,0.98372,0.98377,1.50,3.45
2013.10.31 05:06:36.158,0.9837,0.98376,3.00,1.18
2013.10.31 05:06:36.399,0.98369,0.98375,3.45,1.85
2013.10.31 05:06:36.758,0.98368,0.98374,3.53,1.65
2013.10.31 05:06:38.068,0.98368,0.98374,1.55,3.15
2013.10.31 05:06:38.428,0.98367,0.9837,2.33,1.00
2013.10.31 05:06:38.488,0.98365,0.98368,1.20,1.38
2013.10.31 05:06:38.729,0.98365,0.98366,1.20,1.00
2013.10.31 05:06:38.910,0.98363,0.98364,1.00,1.13
2013.10.31 05:06:39.089,0.9836,0.98364,1.18,1.13
2013.10.31 05:06:40.189,0.9836,0.98363,1.28,1.13
2013.10.31 05:06:40.310,0.98355,0.9836,1.45,1.38
2013.10.31 05:06:40.449,0.98354,0.98358,2.33,1.45
2013.10.31 05:06:40.509,0.98354,0.98359,3.08,2.63
2013.10.31 05:06:40.690,0.98357,0.98361,1.65,1.38
2013.10.31 05:06:40.808,0.98357,0.98364,2.40,3.83
2013.10.31 05:06:40.868,0.98359,0.98364,1.38,3.83
2013.10.31 05:06:41.648,0.98358,0.98364,4.20,1.10
2013.10.31 05:06:42.528,0.98358,0.98363,4.20,1.00
2013.10.31 05:06:42.588,0.98358,0.98362,3.83,3.75
2013.10.31 05:06:42.948,0.98351,0.98355,3.08,1.00
2013.10.31 05:06:43.308,0.98353,0.98356,3.08,1.00
2013.10.31 05:06:43.848,0.98354,0.98357,2.33,1.88
2013.10.31 05:06:44.756,0.98359,0.98363,1.85,1.08
2013.10.31 05:06:45.308,0.98359,0.98363,1.93,1.00
2013.10.31 05:06:45.859,0.98361,0.98363,1.18,1.00
2013.10.31 05:06:46.718,0.98359,0.98363,2.18,1.88
2013.10.31 05:06:46.898,0.98359,0.98364,1.20,3.38
2013.10.31 05:06:46.958,0.98359,0.98365,1.55,1.28
2013.10.31 05:06:47.508,0.9836,0.98365,2.70,1.13
2013.10.31 05:06:48.758,0.98359,0.98365,3.83,1.08
2013.10.31 05:06:50.556,0.98359,0.98363,1.93,1.00
2013.10.31 05:06:51.268,0.98359,0.98363,1.55,1.00
2013.10.31 05:06:51.508,0.98359,0.98364,1.93,1.10
2013.10.31 05:06:52.108,0.98361,0.98364,1.10,1.00
2013.10.31 05:06:52.919,0.98361,0.98365,1.10,1.20
2013.10.31 05:07:00.678,0.98361,0.98364,1.10,1.00
2013.10.31 05:07:03.108,0.98361,0.98364,1.95,1.00
2013.10.31 05:07:05.878,0.98361,0.98365,4.20,1.00
2013.10.31 05:07:14.138,0.98363,0.98366,1.48,1.00
2013.10.31 05:07:14.688,0.98363,0.98369,1.48,3.83
2013.10.31 05:07:17.338,0.98362,0.98366,1.65,1.00
2013.10.31 05:07:18.218,0.98363,0.98368,1.48,1.28
2013.10.31 05:07:23.938,0.98363,0.9837,2.03,5.70
2013.10.31 05:07:31.578,0.98364,0.9837,1.20,6.08
2013.10.31 05:07:45.068,0.98364,0.98369,1.10,1.93
2013.10.31 05:07:48.179,0.98361,0.98365,2.18,1.13
2013.10.31 05:07:48.238,0.9836,0.98363,2.33,1.00
2013.10.31 05:07:48.359,0.98359,0.98363,1.50,3.45
2013.10.31 05:07:48.598,0.98359,0.98363,1.95,1.10
2013.10.31 05:07:48.778,0.98359,0.98363,4.20,1.00
2013.10.31 05:07:49.319,0.98361,0.98367,1.10,3.83
2013.10.31 05:07:50.463,0.98361,0.98367,1.20,3.83
2013.10.31 05:07:50.768,0.98361,0.98368,4.20,2.78
2013.10.31 05:07:55.528,0.98361,0.98368,4.20,2.78
2013.10.31 05:07:59.688,0.98361,0.98368,4.20,2.78
2013.10.31 05:08:10.248,0.98362,0.98366,1.55,1.13
2013.10.31 05:08:12.008,0.98362,0.98366,1.18,1.50
2013.10.31 05:08:12.590,0.98362,0.98366,1.18,1.50
2013.10.31 05:08:23.478,0.98362,0.98365,1.18,1.13
2013.10.31 05:08:31.881,0.98362,0.98365,1.20,1.13
2013.10.31 05:08:38.077,0.98362,0.98366,1.48,1.20
2013.10.31 05:08:54.711,0.98362,0.98367,1.55,1.20
2013.10.31 05:08:58.419,0.98362,0.98366,1.55,1.00
2013.10.31 05:09:02.277,0.98362,0.98367,1.55,1.20
2013.10.31 05:09:17.978,0.98361,0.98367,1.95,3.45
2013.10.31 05:09:31.428,0.98361,0.98367,4.20,1.20
2013.10.31 05:09:39.569,0.98363,0.98368,1.58,1.28
2013.10.31 05:09:48.349,0.98363,0.98368,3.83,1.13
2013.10.31 05:09:48.899,0.98363,0.98368,3.83,1.38
2013.10.31 05:09:50.058,0.98363,0.98368,3.83,1.13
2013.10.31 05:09:50.238,0.98366,0.9837,1.28,1.38
2013.10.31 05:09:50.298,0.98367,0.98371,1.10,2.70
2013.10.31 05:09:50.838,0.98367,0.98371,1.10,2.70
2013.10.31 05:09:51.369,0.98367,0.98371,1.10,2.70
2013.10.31 05:09:54.448,0.98368,0.98372,1.13,2.78
2013.10.31 05:09:54.689,0.9837,0.98374,1.00,3.83
2013.10.31 05:09:54.809,0.98371,0.98375,1.38,3.08
2013.10.31 05:09:54.929,0.98371,0.98376,3.45,1.00
2013.10.31 05:09:55.458,0.98371,0.98377,4.58,1.95
2013.10.31 05:10:05.868,0.98374,0.98379,1.38,3.83
2013.10.31 05:10:06.578,0.98374,0.98379,1.00,3.83
2013.10.31 05:10:13.275,0.98373,0.98379,2.33,4.58
2013.10.31 05:10:26.970,0.98374,0.98378,1.00,5.03
2013.10.31 05:10:27.970,0.98374,0.98375,1.00,1.00
2013.10.31 05:10:28.558,0.98372,0.98375,1.55,1.00
2013.10.31 05:10:36.809,0.98372,0.98374,1.55,1.00
2013.10.31 05:10:42.388,0.98371,0.98374,3.30,1.88
2013.10.31 05:10:42.568,0.9837,0.98372,1.00,1.48
2013.10.31 05:10:43.108,0.98369,0.98372,1.00,1.95
2013.10.31 05:10:49.678,0.98369,0.98372,1.13,1.20
2013.10.31 05:10:50.229,0.98369,0.98371,1.13,1.00
2013.10.31 05:10:50.778,0.9837,0.98371,1.00,1.00
2013.10.31 05:10:52.641,0.9837,0.98373,1.00,2.03
2013.10.31 05:10:53.199,0.9837,0.98371,1.00,1.00
2013.10.31 05:10:59.759,0.9837,0.98374,1.00,4.58
2013.10.31 05:10:59.939,0.9837,0.98374,1.48,1.20
2013.10.31 05:11:00.625,0.9837,0.98374,1.48,1.20
2013.10.31 05:11:02.275,0.9837,0.98374,1.20,1.58
2013.10.31 05:11:04.548,0.9837,0.98376,3.08,4.20
2013.10.31 05:11:04.669,0.98372,0.98376,1.88,2.70
2013.10.31 05:11:05.150,0.98373,0.98378,1.00,4.58
2013.10.31 05:11:08.698,0.98372,0.98378,2.33,4.20
2013.10.31 05:11:09.203,0.98373,0.98378,1.65,1.48
2013.10.31 05:11:09.860,0.98373,0.98378,1.65,1.10
2013.10.31 05:11:14.595,0.98373,0.98378,1.65,1.48
2013.10.31 05:11:16.354,0.98373,0.98378,1.65,1.20
2013.10.31 05:11:16.889,0.98373,0.98378,1.65,1.48
2013.10.31 05:11:20.560,0.98372,0.98377,3.45,1.88
2013.10.31 05:11:21.122,0.98373,0.98378,1.28,1.48
2013.10.31 05:11:27.668,0.98373,0.98378,1.28,1.48
2013.10.31 05:11:33.112,0.98373,0.98378,1.20,1.55
2013.10.31 05:11:45.188,0.98373,0.98378,1.58,1.28
2013.10.31 05:11:49.936,0.98373,0.98378,1.65,1.20
2013.10.31 05:11:54.708,0.98374,0.98379,1.10,2.03
2013.10.31 05:11:56.868,0.98374,0.98379,1.20,2.03
2013.10.31 05:12:03.390,0.98374,0.98379,1.10,3.15
2013.10.31 05:12:06.192,0.98373,0.98378,1.50,3.45
2013.10.31 05:12:07.002,0.98373,0.98378,1.28,1.48
2013.10.31 05:12:16.458,0.98373,0.98378,1.18,1.95
2013.10.31 05:12:18.789,0.98372,0.98377,4.20,1.38
2013.10.31 05:12:19.328,0.98372,0.98375,3.08,1.13
2013.10.31 05:12:34.353,0.98372,0.98377,3.45,1.88
2013.10.31 05:12:39.623,0.98373,0.98377,1.18,1.50
2013.10.31 05:12:49.548,0.98373,0.98379,2.40,2.40
2013.10.31 05:13:09.639,0.98373,0.98376,1.00,4.88
2013.10.31 05:13:09.699,0.98369,0.98376,1.00,9.38
2013.10.31 05:13:10.309,0.98365,0.9837,1.28,1.85
2013.10.31 05:13:10.849,0.98365,0.9837,1.18,1.95
2013.10.31 05:13:13.669,0.98365,0.98368,1.18,1.00
2013.10.31 05:13:15.898,0.98364,0.98369,3.75,1.38
2013.10.31 05:13:16.138,0.98364,0.98369,4.20,1.38
2013.10.31 05:13:18.789,0.98364,0.9837,6.83,1.10
2013.10.31 05:13:18.849,0.98367,0.98372,1.50,3.45
2013.10.31 05:13:19.088,0.98369,0.98374,1.95,1.55
2013.10.31 05:13:19.949,0.98369,0.98374,1.10,2.03
2013.10.31 05:13:20.309,0.98365,0.98368,2.18,1.38
2013.10.31 05:13:20.429,0.98363,0.98368,2.33,1.50
2013.10.31 05:13:20.974,0.98366,0.9837,1.00,1.55
2013.10.31 05:13:23.499,0.98366,0.9837,1.00,1.93
2013.10.31 05:13:24.039,0.98363,0.98367,3.83,1.00
2013.10.31 05:13:24.099,0.98363,0.98366,3.83,1.00
2013.10.31 05:13:24.279,0.98357,0.98361,3.45,1.00
2013.10.31 05:13:24.459,0.98357,0.98361,2.25,1.38
2013.10.31 05:13:25.818,0.98356,0.98361,1.18,1.48
2013.10.31 05:13:34.039,0.98356,0.98362,2.40,2.03
2013.10.31 05:13:37.529,0.98358,0.98362,1.00,1.28
2013.10.31 05:13:38.068,0.98359,0.98363,1.13,4.95
2013.10.31 05:13:39.410,0.98359,0.98363,1.20,1.08
2013.10.31 05:13:39.469,0.98362,0.98363,1.00,1.00
2013.10.31 05:13:39.529,0.98362,0.98367,1.58,1.65
2013.10.31 05:13:40.120,0.98363,0.98366,1.00,1.10
2013.10.31 05:13:43.458,0.98363,0.98366,1.00,2.70
2013.10.31 05:13:45.852,0.98362,0.98366,1.00,2.70
2013.10.31 05:13:47.854,0.98363,0.98366,1.00,2.33
2013.10.31 05:13:47.921,0.98363,0.98368,1.13,3.45
2013.10.31 05:13:48.459,0.98363,0.98368,1.13,3.08
2013.10.31 05:13:58.069,0.98364,0.98368,1.00,3.08
2013.10.31 05:13:59.186,0.98363,0.98368,1.13,2.70
2013.10.31 05:14:03.025,0.98363,0.98368,2.25,2.70
2013.10.31 05:14:03.568,0.98363,0.98369,1.65,3.15
2013.10.31 05:14:08.208,0.98363,0.98369,2.25,3.15
2013.10.31 05:14:08.389,0.98366,0.9837,1.00,3.08
2013.10.31 05:14:09.789,0.98364,0.98368,1.10,1.58
2013.10.31 05:14:10.279,0.98361,0.98367,2.78,2.78
2013.10.31 05:14:13.519,0.98361,0.98367,3.15,2.40
2013.10.31 05:14:14.069,0.98364,0.98368,1.10,1.48
2013.10.31 05:14:14.609,0.98362,0.98366,4.20,1.00
2013.10.31 05:14:14.728,0.98362,0.98366,1.95,1.10
2013.10.31 05:14:15.250,0.98362,0.98367,1.58,2.03
2013.10.31 05:14:17.569,0.98362,0.98365,1.58,3.75
2013.10.31 05:14:17.749,0.9836,0.98362,1.00,1.48
2013.10.31 05:14:18.229,0.98361,0.98364,1.20,1.00
2013.10.31 05:14:18.289,0.98361,0.98364,1.20,1.38
2013.10.31 05:14:18.829,0.98357,0.98363,1.55,1.28
2013.10.31 05:14:19.749,0.98357,0.98363,1.55,1.28
2013.10.31 05:14:20.099,0.98359,0.98364,1.38,3.83
2013.10.31 05:14:20.459,0.98362,0.98368,1.18,1.93
2013.10.31 05:14:20.759,0.98362,0.98367,1.18,1.20
2013.10.31 05:14:21.909,0.98362,0.98367,1.18,1.20
2013.10.31 05:14:22.088,0.9836,0.98364,1.00,4.20
2013.10.31 05:14:22.638,0.9836,0.98363,1.00,1.28
2013.10.31 05:14:23.180,0.98359,0.98363,1.13,2.03
2013.10.31 05:14:36.449,0.98359,0.98364,1.50,3.83
2013.10.31 05:14:36.509,0.98361,0.98365,2.63,4.43
2013.10.31 05:14:36.569,0.98363,0.98368,1.20,2.03
2013.10.31 05:14:36.629,0.98365,0.98368,1.00,1.55
2013.10.31 05:14:37.049,0.98367,0.9837,1.00,1.28
2013.10.31 05:14:37.589,0.98367,0.98371,1.00,3.08
2013.10.31 05:14:43.389,0.98366,0.98369,1.00,1.20
2013.10.31 05:14:43.939,0.98366,0.98372,2.03,2.40
2013.10.31 05:14:56.769,0.98365,0.9837,3.45,1.88
2013.10.31 05:14:57.273,0.98365,0.9837,3.08,2.63
2013.10.31 05:15:01.229,0.98365,0.98367,2.25,1.00
2013.10.31 05:15:01.769,0.98364,0.98367,1.18,1.50
2013.10.31 05:15:07.998,0.98364,0.98367,1.18,1.13
2013.10.31 05:15:08.539,0.98364,0.98369,1.28,1.95
2013.10.31 05:15:12.749,0.98365,0.98369,1.20,1.95
2013.10.31 05:15:13.170,0.98367,0.98371,1.00,4.20
2013.10.31 05:15:19.399,0.98367,0.98372,1.20,2.40
2013.10.31 05:15:23.728,0.98367,0.98372,1.58,2.03
2013.10.31 05:15:25.408,0.98367,0.98372,1.20,2.78
2013.10.31 05:15:30.930,0.98367,0.98372,1.48,2.78
2013.10.31 05:15:31.500,0.98367,0.98372,1.58,2.03
2013.10.31 05:15:31.738,0.98367,0.98372,1.58,2.40
2013.10.31 05:15:31.918,0.98367,0.98372,1.58,2.03
2013.10.31 05:15:32.038,0.98367,0.98372,1.20,2.40
2013.10.31 05:15:32.840,0.98367,0.98372,1.58,2.40
2013.10.31 05:15:34.728,0.98368,0.98372,1.38,2.03
2013.10.31 05:15:35.239,0.98368,0.98372,1.13,2.40
2013.10.31 05:15:35.759,0.98368,0.98372,1.38,1.28
2013.10.31 05:15:36.379,0.9837,0.98372,1.00,1.00
2013.10.31 05:15:37.419,0.98371,0.98373,1.00,1.10
2013.10.31 05:15:37.480,0.98371,0.98375,1.38,2.25
2013.10.31 05:15:37.659,0.98372,0.98377,1.48,1.65
2013.10.31 05:15:38.050,0.98372,0.98374,1.48,1.00
2013.10.31 05:15:38.289,0.9837,0.98372,1.00,2.70
2013.10.31 05:15:39.088,0.98366,0.98372,3.08,1.95
2013.10.31 05:15:39.209,0.98369,0.98372,1.00,1.95
2013.10.31 05:15:39.269,0.98368,0.98372,1.20,1.95
2013.10.31 05:15:39.449,0.98366,0.98372,3.83,3.45
2013.10.31 05:15:48.459,0.98367,0.98372,1.55,1.95
2013.10.31 05:15:48.699,0.98371,0.98373,1.38,1.10
2013.10.31 05:15:49.059,0.98371,0.98375,3.75,1.00
2013.10.31 05:15:57.199,0.98372,0.98375,1.00,1.10
2013.10.31 05:15:57.917,0.98371,0.98375,3.83,1.00
2013.10.31 05:16:02.060,0.98374,0.98375,1.00,1.00
2013.10.31 05:16:02.189,0.98374,0.98379,1.50,6.45
2013.10.31 05:16:02.729,0.98374,0.98379,1.50,10.58
2013.10.31 05:16:06.279,0.98374,0.98376,1.50,1.00
2013.10.31 05:16:07.210,0.98375,0.98379,1.00,10.58
2013.10.31 05:16:14.929,0.98375,0.98377,1.00,1.10
2013.10.31 05:16:15.169,0.98374,0.98379,1.88,2.63
2013.10.31 05:16:15.530,0.98377,0.98381,1.00,3.45
2013.10.31 05:16:15.589,0.98377,0.98381,1.13,2.70
2013.10.31 05:16:15.650,0.98378,0.98381,1.13,2.33
2013.10.31 05:16:15.769,0.98379,0.98383,1.20,1.48
2013.10.31 05:16:15.949,0.98379,0.98384,2.70,3.38
2013.10.31 05:16:16.069,0.98379,0.98384,4.88,1.20
2013.10.31 05:16:16.609,0.98379,0.98385,9.45,3.83
2013.10.31 05:16:17.158,0.98379,0.98385,5.70,2.33
2013.10.31 05:16:17.699,0.98385,0.98388,1.88,2.25
2013.10.31 05:16:18.059,0.98389,0.98395,2.78,2.40
2013.10.31 05:16:20.477,0.98389,0.98395,3.15,3.90
2013.10.31 05:16:20.540,0.98388,0.98392,1.45,2.63
2013.10.31 05:16:20.661,0.98385,0.98392,2.40,3.83
2013.10.31 05:16:20.720,0.98385,0.98391,1.55,4.28
2013.10.31 05:16:20.779,0.98384,0.9839,4.20,1.58
2013.10.31 05:16:21.199,0.98384,0.98388,3.83,1.00
2013.10.31 05:16:21.680,0.98385,0.98391,1.38,6.45
2013.10.31 05:16:22.219,0.98384,0.98388,1.58,1.00
2013.10.31 05:16:28.279,0.98384,0.98389,3.83,2.25
2013.10.31 05:16:28.819,0.98387,0.98389,1.20,1.00
2013.10.31 05:16:29.539,0.98388,0.98391,2.33,1.00
2013.10.31 05:16:32.429,0.98387,0.98391,1.10,1.38
2013.10.31 05:16:32.549,0.98386,0.9839,1.10,1.85
2013.10.31 05:16:35.470,0.98383,0.98388,4.20,1.45
2013.10.31 05:16:35.532,0.98383,0.98388,1.95,1.55
2013.10.31 05:16:36.080,0.98383,0.98388,1.10,1.55
2013.10.31 05:16:38.989,0.98381,0.98386,6.23,1.38
2013.10.31 05:16:39.290,0.98378,0.98381,3.83,1.00
2013.10.31 05:16:39.832,0.9838,0.98383,1.00,1.18
2013.10.31 05:16:40.474,0.9838,0.98383,1.65,1.00
2013.10.31 05:16:47.589,0.9838,0.98387,2.40,3.45
2013.10.31 05:16:47.709,0.98382,0.98386,1.00,1.28
2013.10.31 05:16:48.249,0.98382,0.98386,1.18,1.13
2013.10.31 05:16:48.833,0.98382,0.98385,1.18,1.00
2013.10.31 05:16:49.749,0.98382,0.98386,1.65,1.13
2013.10.31 05:16:49.870,0.98383,0.98387,2.55,1.20
2013.10.31 05:16:50.229,0.98383,0.98387,3.00,2.25
2013.10.31 05:16:50.469,0.98381,0.98385,2.33,1.38
2013.10.31 05:16:56.379,0.98382,0.98385,1.65,1.00
2013.10.31 05:16:58.689,0.98382,0.98386,2.40,1.00
2013.10.31 05:16:59.309,0.98381,0.98386,3.45,1.50
2013.10.31 05:17:03.809,0.98382,0.98389,1.55,4.95
2013.10.31 05:17:05.259,0.98382,0.98387,2.40,1.10
2013.10.31 05:17:06.259,0.98383,0.98386,1.48,1.00
2013.10.31 05:17:09.649,0.98383,0.98389,1.95,3.45
2013.10.31 05:17:10.193,0.98383,0.98386,1.48,1.00
2013.10.31 05:17:12.099,0.98382,0.98386,2.40,1.00
2013.10.31 05:17:14.479,0.98382,0.98386,2.40,1.00
2013.10.31 05:17:14.992,0.98382,0.98386,2.40,1.00
2013.10.31 05:17:15.511,0.98382,0.98386,2.40,1.13
2013.10.31 05:17:17.941,0.98381,0.98383,1.00,3.28
2013.10.31 05:17:18.059,0.98381,0.98384,1.85,1.00
2013.10.31 05:17:21.750,0.98381,0.98385,1.85,1.10
2013.10.31 05:17:28.429,0.98382,0.98385,1.50,1.10
2013.10.31 05:17:29.182,0.98382,0.98385,1.65,1.00
2013.10.31 05:17:30.479,0.98382,0.98385,2.03,1.00
2013.10.31 05:17:30.540,0.98383,0.98387,1.43,1.20
2013.10.31 05:17:30.729,0.98385,0.98391,1.58,4.95
2013.10.31 05:17:31.329,0.98385,0.98389,1.95,1.48
2013.10.31 05:17:31.875,0.98384,0.98388,2.03,1.13
2013.10.31 05:17:34.350,0.98383,0.98388,2.70,1.50
2013.10.31 05:17:34.652,0.98383,0.98386,2.70,1.00
2013.10.31 05:17:35.268,0.98382,0.98386,1.58,1.10
2013.10.31 05:17:37.490,0.98383,0.98388,1.20,1.65
2013.10.31 05:17:38.029,0.98384,0.98389,2.63,2.33
2013.10.31 05:17:45.249,0.98384,0.98388,2.25,1.38
2013.10.31 05:17:45.429,0.98383,0.98388,1.65,4.95
2013.10.31 05:17:46.130,0.98383,0.98388,2.03,4.95
2013.10.31 05:17:48.240,0.98383,0.98388,2.03,1.20
2013.10.31 05:17:49.699,0.98383,0.98388,2.03,1.85
2013.10.31 05:17:49.759,0.98383,0.98388,1.65,1.48
2013.10.31 05:17:50.299,0.98383,0.98387,1.00,1.28
2013.10.31 05:17:55.389,0.98383,0.98387,1.38,1.18
2013.10.31 05:18:01.509,0.98383,0.98386,1.00,1.20
2013.10.31 05:18:01.749,0.98382,0.98386,1.00,3.45
2013.10.31 05:18:02.500,0.98382,0.98386,1.88,3.00
2013.10.31 05:18:03.105,0.98382,0.98386,1.88,3.08
2013.10.31 05:18:05.149,0.98382,0.98386,1.50,3.00
2013.10.31 05:18:05.389,0.98384,0.98388,2.63,2.70
2013.10.31 05:18:05.450,0.98384,0.98389,2.70,1.55
2013.10.31 05:18:05.509,0.98384,0.9839,3.45,5.33
2013.10.31 05:18:05.871,0.98387,0.9839,1.50,2.25
2013.10.31 05:18:07.040,0.98384,0.98388,1.10,1.58
2013.10.31 05:18:07.220,0.98383,0.98386,1.10,3.00
2013.10.31 05:18:07.732,0.98381,0.98384,1.88,1.10
2013.10.31 05:18:08.602,0.98383,0.98384,1.00,1.10
2013.10.31 05:18:08.930,0.9838,0.98384,2.18,1.10
2013.10.31 05:18:11.839,0.98379,0.98384,2.78,1.10
2013.10.31 05:18:14.998,0.9838,0.98384,1.10,1.20
2013.10.31 05:18:15.125,0.9838,0.98383,1.00,2.33
2013.10.31 05:18:17.450,0.9838,0.98383,1.13,2.18
2013.10.31 05:18:17.809,0.98381,0.98385,3.60,3.45
2013.10.31 05:18:17.929,0.98383,0.98386,1.50,1.10
2013.10.31 05:18:17.989,0.98383,0.98386,1.13,1.10
2013.10.31 05:18:18.050,0.98382,0.98385,1.58,1.00
2013.10.31 05:18:20.168,0.98382,0.98388,1.58,3.08
2013.10.31 05:18:20.718,0.98382,0.98385,1.58,1.00
2013.10.31 05:18:26.919,0.98382,0.98385,1.58,1.00
2013.10.31 05:18:29.979,0.9838,0.98383,3.38,1.00
2013.10.31 05:18:30.340,0.98378,0.9838,1.00,1.10
2013.10.31 05:18:30.701,0.98375,0.98377,1.00,1.38
2013.10.31 05:18:31.180,0.98372,0.98375,1.00,1.00
2013.10.31 05:18:31.720,0.9837,0.98374,1.55,1.00
2013.10.31 05:18:33.179,0.9837,0.98374,1.28,1.00
2013.10.31 05:18:37.329,0.98371,0.98373,1.10,1.00
2013.10.31 05:18:47.499,0.98372,0.98374,1.13,1.00
2013.10.31 05:18:48.131,0.98372,0.98375,1.50,1.00
2013.10.31 05:18:59.461,0.98372,0.98378,1.95,3.08
2013.10.31 05:19:01.329,0.98372,0.98375,1.95,1.00
2013.10.31 05:19:01.839,0.98372,0.98375,1.95,1.00
2013.10.31 05:19:04.329,0.98372,0.98376,1.95,1.00
2013.10.31 05:19:06.319,0.98372,0.98376,1.95,1.20
2013.10.31 05:19:32.492,0.98375,0.98376,1.13,1.20
2013.10.31 05:19:32.670,0.98377,0.9838,1.00,2.03
2013.10.31 05:19:32.790,0.98378,0.98384,1.20,4.58
2013.10.31 05:19:33.329,0.98379,0.98384,1.00,3.08
2013.10.31 05:19:33.571,0.98379,0.98385,1.18,1.18
2013.10.31 05:19:36.269,0.9838,0.98385,1.58,1.18
2013.10.31 05:19:38.260,0.98383,0.98385,1.00,1.18
2013.10.31 05:19:39.179,0.98383,0.98386,1.20,1.00
2013.10.31 05:19:41.909,0.98383,0.98386,1.20,1.50
2013.10.31 05:19:42.460,0.9838,0.98386,1.65,2.78
2013.10.31 05:19:48.759,0.9838,0.98386,1.28,2.78
2013.10.31 05:19:49.179,0.98377,0.98382,2.78,1.10
2013.10.31 05:19:49.790,0.98377,0.98383,3.53,1.18
2013.10.31 05:19:52.659,0.98379,0.98385,3.75,4.20
2013.10.31 05:19:53.200,0.9838,0.98386,1.65,3.53
2013.10.31 05:19:55.640,0.9838,0.98382,1.10,1.00
2013.10.31 05:19:55.819,0.98377,0.9838,1.18,1.00
2013.10.31 05:19:56.359,0.98377,0.9838,1.18,1.00
2013.10.31 05:20:01.359,0.98377,0.98381,1.28,1.00
2013.10.31 05:20:04.547,0.98377,0.98382,1.65,1.58
2013.10.31 05:20:04.792,0.9838,0.98384,1.38,2.63
2013.10.31 05:20:04.912,0.98381,0.98385,1.48,2.33
2013.10.31 05:20:05.523,0.98381,0.98386,1.48,1.65
2013.10.31 05:20:07.519,0.98381,0.98387,1.20,4.95
2013.10.31 05:20:14.236,0.98381,0.98385,1.20,1.95
2013.10.31 05:20:14.299,0.9838,0.98382,1.65,1.00
2013.10.31 05:20:14.659,0.98378,0.98382,1.10,1.58
2013.10.31 05:20:18.499,0.98378,0.98382,1.10,1.95
2013.10.31 05:20:33.569,0.98378,0.98382,1.48,1.10
2013.10.31 05:20:33.869,0.98381,0.98384,1.13,1.20
2013.10.31 05:20:34.409,0.98381,0.98385,4.58,1.00
2013.10.31 05:20:36.339,0.98381,0.98386,4.58,1.00
2013.10.31 05:20:36.934,0.98381,0.98386,4.58,1.00
2013.10.31 05:20:37.429,0.98381,0.98386,3.38,1.38
2013.10.31 05:20:37.729,0.98377,0.98382,1.65,2.70
2013.10.31 05:20:38.269,0.98377,0.98381,1.65,1.00
2013.10.31 05:20:38.999,0.98377,0.98382,1.93,1.95
2013.10.31 05:20:39.359,0.98381,0.98384,1.13,1.58
2013.10.31 05:20:42.181,0.98381,0.98384,1.50,1.20
2013.10.31 05:20:42.959,0.98382,0.98386,1.20,1.20
2013.10.31 05:20:47.989,0.98382,0.98384,1.10,1.13
2013.10.31 05:20:48.770,0.98381,0.98386,1.65,1.48
2013.10.31 05:20:56.113,0.98382,0.98387,1.10,2.03
2013.10.31 05:21:08.910,0.9838,0.98385,2.70,1.50
2013.10.31 05:21:09.150,0.98378,0.98381,2.09,1.13
2013.10.31 05:21:09.329,0.98378,0.98381,1.94,1.95
2013.10.31 05:21:09.869,0.98376,0.9838,1.18,1.38
2013.10.31 05:21:13.059,0.98377,0.9838,1.10,1.00
2013.10.31 05:21:15.229,0.98377,0.98379,1.10,1.00
2013.10.31 05:21:16.839,0.98377,0.98381,1.10,1.95
2013.10.31 05:21:17.599,0.98377,0.98381,3.08,1.88
2013.10.31 05:21:23.410,0.98371,0.98379,13.79,3.17
2013.10.31 05:21:23.470,0.98371,0.98375,6.07,3.01
2013.10.31 05:21:23.589,0.98366,0.98372,5.25,1.50
2013.10.31 05:21:23.649,0.98368,0.98372,1.00,1.50
2013.10.31 05:21:23.891,0.9837,0.98371,2.18,1.00
2013.10.31 05:21:24.070,0.9837,0.98374,1.13,1.65
2013.10.31 05:21:25.931,0.9837,0.98372,2.18,1.00
2013.10.31 05:21:26.002,0.98368,0.9837,1.55,1.00
2013.10.31 05:21:26.120,0.98366,0.9837,2.03,1.38
2013.10.31 05:21:26.549,0.98366,0.9837,1.10,1.38
2013.10.31 05:21:26.910,0.98365,0.98369,1.20,2.33
2013.10.31 05:21:27.390,0.98364,0.98367,1.18,1.00
2013.10.31 05:21:27.982,0.98367,0.98371,1.00,2.70
2013.10.31 05:21:28.519,0.98365,0.98372,3.08,1.65
2013.10.31 05:21:29.430,0.98365,0.98368,2.18,1.38
2013.10.31 05:21:31.569,0.98363,0.98367,3.83,1.38
2013.10.31 05:21:31.750,0.98364,0.98368,2.03,1.00
2013.10.31 05:21:33.600,0.98365,0.9837,1.20,1.93
2013.10.31 05:21:34.080,0.98364,0.98367,1.18,1.38
2013.10.31 05:21:34.200,0.98356,0.98363,1.13,2.13
2013.10.31 05:21:34.260,0.98356,0.98361,4.50,1.13
2013.10.31 05:21:34.799,0.98356,0.98361,5.33,1.50
2013.10.31 05:21:36.709,0.98356,0.98361,3.08,1.88
2013.10.31 05:21:37.009,0.98356,0.9836,1.10,1.48
2013.10.31 05:21:37.759,0.98356,0.9836,1.48,1.10
2013.10.31 05:21:39.845,0.98356,0.9836,1.10,1.48
2013.10.31 05:21:47.029,0.98354,0.98359,3.00,2.10
2013.10.31 05:21:47.149,0.9834,0.98351,5.25,4.60
2013.10.31 05:21:47.209,0.98333,0.98348,1.50,1.38
2013.10.31 05:21:47.509,0.98335,0.98339,4.36,1.00
2013.10.31 05:21:47.630,0.98333,0.98335,1.88,1.00
2013.10.31 05:21:48.147,0.98335,0.9834,4.51,1.13
2013.10.31 05:21:48.241,0.98333,0.98339,5.33,1.58
2013.10.31 05:21:48.361,0.98334,0.98339,4.51,1.13
2013.10.31 05:21:48.482,0.98333,0.98339,4.58,1.58
2013.10.31 05:21:49.022,0.98336,0.98341,10.88,2.18
2013.10.31 05:21:49.202,0.98338,0.98344,10.51,3.08
2013.10.31 05:21:49.560,0.98342,0.98347,8.93,2.63
2013.10.31 05:21:49.680,0.98344,0.9835,1.58,1.85
2013.10.31 05:21:49.739,0.98345,0.98352,2.68,3.83
2013.10.31 05:21:49.979,0.98345,0.98352,6.53,3.83
2013.10.31 05:21:50.279,0.98346,0.98352,4.48,1.10
2013.10.31 05:21:50.496,0.98346,0.98353,4.48,1.93
2013.10.31 05:21:51.040,0.98346,0.98353,11.71,1.93
2013.10.31 05:21:51.399,0.98348,0.98352,6.76,1.00
2013.10.31 05:21:51.520,0.98348,0.98354,10.13,1.13
2013.10.31 05:21:51.760,0.98348,0.98354,6.01,2.25
2013.10.31 05:21:52.119,0.98348,0.98354,1.18,2.33
2013.10.31 05:21:52.420,0.98346,0.98352,3.75,1.58
2013.10.31 05:21:52.969,0.98346,0.98353,4.10,2.78
2013.10.31 05:21:53.030,0.9835,0.98355,3.85,1.10
2013.10.31 05:21:53.091,0.98353,0.98357,13.51,2.18
2013.10.31 05:21:53.151,0.98356,0.98361,11.71,1.00
2013.10.31 05:21:53.272,0.98356,0.98358,1.13,1.38
2013.10.31 05:21:53.450,0.98353,0.98359,3.83,1.50
2013.10.31 05:21:53.570,0.98352,0.98357,4.88,1.00
2013.10.31 05:21:53.689,0.98352,0.98358,2.25,1.85
2013.10.31 05:21:54.230,0.98352,0.98358,1.00,1.85
2013.10.31 05:21:55.359,0.98351,0.98355,1.13,1.13
2013.10.31 05:21:55.988,0.98351,0.98354,1.13,1.00
2013.10.31 05:21:56.780,0.9835,0.98353,1.88,1.13
2013.10.31 05:21:56.844,0.98349,0.98353,4.20,1.13
2013.10.31 05:21:57.090,0.98349,0.98353,1.38,1.28
2013.10.31 05:21:57.331,0.9835,0.98356,10.96,2.70
2013.10.31 05:21:57.839,0.9835,0.98357,13.21,1.65
2013.10.31 05:21:59.660,0.98351,0.98357,3.03,1.55
2013.10.31 05:22:00.211,0.98351,0.98357,11.28,1.18
2013.10.31 05:22:04.270,0.98351,0.98357,12.16,1.10
2013.10.31 05:22:04.569,0.98352,0.98358,10.51,1.00
2013.10.31 05:22:05.049,0.98352,0.98357,2.70,1.20
2013.10.31 05:22:05.110,0.98352,0.98357,2.70,1.20
2013.10.31 05:22:05.170,0.9835,0.98353,3.45,1.50
2013.10.31 05:22:05.230,0.9835,0.98353,2.70,1.88
2013.10.31 05:22:05.470,0.9835,0.98356,6.76,1.38
2013.10.31 05:22:07.743,0.9835,0.98356,5.26,1.00
2013.10.31 05:22:07.875,0.98349,0.98352,1.18,1.38
2013.10.31 05:22:08.369,0.9835,0.98356,2.58,3.45
2013.10.31 05:22:11.189,0.9835,0.98356,4.86,1.48
2013.10.31 05:22:12.880,0.9835,0.98356,7.21,1.48
2013.10.31 05:22:13.442,0.9835,0.98357,10.96,1.55
2013.10.31 05:22:16.939,0.98352,0.98357,3.00,1.48
2013.10.31 05:22:22.620,0.98356,0.98359,1.13,1.65
2013.10.31 05:22:23.105,0.98358,0.98362,1.00,2.33
2013.10.31 05:22:23.181,0.98358,0.98363,1.10,1.18
2013.10.31 05:22:23.719,0.98356,0.98361,5.33,1.00
2013.10.31 05:22:24.739,0.98356,0.98362,6.08,1.10
2013.10.31 05:22:24.860,0.98359,0.98364,1.88,3.08
2013.10.31 05:22:25.040,0.98359,0.98364,4.58,1.00
2013.10.31 05:22:27.210,0.98361,0.98364,3.38,1.00
2013.10.31 05:22:27.269,0.98361,0.98366,3.08,1.13
2013.10.31 05:22:27.510,0.9836,0.98365,2.03,1.20
2013.10.31 05:22:30.670,0.9836,0.98363,1.18,1.00
2013.10.31 05:22:33.450,0.98359,0.98364,1.38,2.70
2013.10.31 05:22:33.690,0.98356,0.9836,2.70,1.00
2013.10.31 05:22:39.559,0.98354,0.98357,2.33,1.00
2013.10.31 05:22:40.219,0.98353,0.98357,1.65,1.13
2013.10.31 05:22:41.289,0.98353,0.98357,1.28,1.38
2013.10.31 05:22:43.692,0.98352,0.98355,2.70,1.00
2013.10.31 05:22:45.927,0.98352,0.98356,2.70,1.13
2013.10.31 05:22:46.989,0.98352,0.98357,2.70,1.00
2013.10.31 05:22:47.529,0.98354,0.98357,2.33,1.00
2013.10.31 05:22:48.860,0.98352,0.98357,4.58,1.00
2013.10.31 05:22:49.400,0.98352,0.98356,3.08,1.00
2013.10.31 05:22:51.032,0.98352,0.98357,3.08,1.00
2013.10.31 05:22:52.101,0.98353,0.98359,1.65,2.40
2013.10.31 05:22:53.489,0.98355,0.98359,1.00,1.65
2013.10.31 05:22:53.611,0.98357,0.98359,1.00,1.20
2013.10.31 05:22:53.790,0.98357,0.98362,1.55,1.48
2013.10.31 05:22:54.329,0.98357,0.98361,1.13,1.28
2013.10.31 05:23:00.174,0.98354,0.98362,4.20,3.83
2013.10.31 05:23:00.719,0.98355,0.98359,1.18,1.50
2013.10.31 05:23:01.079,0.98357,0.98362,1.00,4.20
2013.10.31 05:23:01.640,0.98358,0.98362,1.13,3.83
2013.10.31 05:23:02.309,0.98357,0.98361,1.13,1.18
2013.10.31 05:23:02.730,0.98358,0.98362,1.38,3.45
2013.10.31 05:23:03.409,0.98358,0.98362,1.13,3.83
2013.10.31 05:23:05.039,0.98359,0.98362,1.13,3.45
2013.10.31 05:23:06.481,0.98357,0.98361,1.13,1.18
2013.10.31 05:23:07.020,0.98357,0.98362,1.38,3.45
2013.10.31 05:23:09.740,0.98357,0.98362,1.38,3.83
2013.10.31 05:23:10.290,0.98355,0.98359,1.18,1.50
2013.10.31 05:23:10.411,0.98357,0.98361,1.13,1.28
2013.10.31 05:23:10.960,0.98355,0.98359,1.28,1.50
2013.10.31 05:23:11.320,0.98355,0.98359,1.00,1.65
2013.10.31 05:23:13.520,0.98355,0.98359,1.13,1.65
2013.10.31 05:23:17.650,0.98355,0.98359,1.00,1.65
2013.10.31 05:23:18.838,0.98355,0.98359,3.00,1.20
2013.10.31 05:23:19.404,0.98356,0.98361,3.08,1.88
2013.10.31 05:23:20.980,0.98358,0.98361,1.10,1.00
2013.10.31 05:23:21.160,0.98361,0.98366,1.10,10.58
2013.10.31 05:23:21.400,0.98363,0.98367,2.70,1.50
2013.10.31 05:23:21.939,0.98364,0.98367,2.70,1.00
2013.10.31 05:23:24.000,0.98364,0.98366,2.63,5.48
2013.10.31 05:23:24.060,0.98362,0.98366,1.00,6.23
2013.10.31 05:23:24.240,0.98359,0.98361,1.20,1.00
2013.10.31 05:23:24.420,0.9836,0.98362,1.50,1.00
2013.10.31 05:23:24.601,0.98364,0.98367,2.33,1.13
2013.10.31 05:23:25.150,0.98364,0.98367,2.33,1.13
2013.10.31 05:23:25.723,0.98364,0.98367,2.33,1.50
2013.10.31 05:23:34.510,0.98363,0.98368,1.55,1.50
2013.10.31 05:23:37.314,0.98363,0.98368,1.10,1.75
2013.10.31 05:23:37.430,0.98357,0.98365,1.00,1.38
2013.10.31 05:23:37.550,0.98359,0.98361,2.18,2.25
2013.10.31 05:23:37.790,0.98356,0.98361,1.38,3.00
2013.10.31 05:23:37.851,0.98358,0.9836,2.55,1.08
2013.10.31 05:23:37.970,0.98356,0.98359,1.00,1.10
2013.10.31 05:23:38.091,0.98355,0.9836,1.10,2.78
2013.10.31 05:23:38.450,0.98355,0.98359,1.20,1.10
2013.10.31 05:23:38.870,0.98355,0.98359,1.10,1.58
2013.10.31 05:23:46.310,0.98357,0.98359,1.00,1.10
2013.10.31 05:23:46.370,0.98357,0.98361,1.00,3.83
2013.10.31 05:23:46.910,0.98355,0.98361,4.20,1.48
2013.10.31 05:23:47.873,0.98355,0.98361,4.20,1.48
2013.10.31 05:24:00.420,0.98355,0.9836,3.45,1.13
2013.10.31 05:24:01.080,0.98355,0.9836,3.45,1.13
2013.10.31 05:24:09.784,0.98356,0.98359,1.55,1.00
2013.10.31 05:24:13.860,0.98357,0.98362,1.85,1.28
2013.10.31 05:24:13.981,0.9836,0.98363,1.50,3.08
2013.10.31 05:24:14.040,0.98361,0.98364,1.00,1.18
2013.10.31 05:24:14.221,0.98362,0.98366,1.58,2.63
2013.10.31 05:24:14.282,0.98362,0.98367,1.65,1.95
2013.10.31 05:24:14.820,0.98363,0.98367,1.48,1.58
2013.10.31 05:24:15.370,0.98362,0.98367,1.65,1.95
2013.10.31 05:24:18.601,0.98362,0.98367,1.28,1.95
2013.10.31 05:24:22.867,0.98363,0.98367,1.10,1.58
2013.10.31 05:24:23.902,0.98359,0.98363,1.88,2.33
2013.10.31 05:24:23.971,0.9836,0.98363,1.00,2.70
2013.10.31 05:24:24.030,0.98357,0.98363,6.08,3.45
2013.10.31 05:24:26.870,0.98357,0.98362,4.20,1.00
2013.10.31 05:24:26.931,0.98357,0.98363,3.83,1.85
2013.10.31 05:24:27.050,0.98357,0.98363,1.10,3.83
2013.10.31 05:24:27.590,0.98357,0.98362,1.95,1.55
2013.10.31 05:24:28.190,0.9836,0.98363,1.00,2.70
2013.10.31 05:24:28.370,0.98362,0.98365,1.00,1.28
2013.10.31 05:24:28.490,0.98362,0.98367,3.08,1.00
2013.10.31 05:24:28.613,0.98363,0.98368,1.00,4.20
2013.10.31 05:24:28.733,0.98364,0.98367,1.10,1.13
2013.10.31 05:24:28.852,0.98363,0.98367,1.65,1.50
2013.10.31 05:24:29.272,0.98364,0.98368,1.58,1.20
2013.10.31 05:24:29.392,0.98364,0.98368,4.58,1.13
2013.10.31 05:24:29.931,0.98364,0.9837,3.08,1.85
2013.10.31 05:24:31.650,0.98367,0.9837,2.10,1.48
2013.10.31 05:24:31.891,0.98371,0.98375,1.00,1.28
2013.10.31 05:24:31.950,0.9837,0.98375,1.10,1.93
2013.10.31 05:24:32.370,0.98368,0.9837,2.25,1.00
2013.10.31 05:24:32.431,0.98363,0.98368,1.58,1.18
2013.10.31 05:24:32.491,0.98363,0.98368,1.20,1.55
2013.10.31 05:24:33.271,0.98362,0.98367,1.55,1.10
2013.10.31 05:24:34.351,0.98362,0.98367,1.65,1.20
2013.10.31 05:24:35.370,0.98362,0.98367,1.28,1.28
2013.10.31 05:24:44.860,0.98363,0.98367,1.95,1.20
2013.10.31 05:24:44.921,0.98365,0.98367,1.45,1.00
2013.10.31 05:24:45.101,0.98366,0.98373,4.20,2.03
2013.10.31 05:24:45.640,0.98369,0.98374,1.00,3.08
2013.10.31 05:24:45.821,0.98369,0.98375,3.45,1.85
2013.10.31 05:24:50.870,0.98371,0.98377,1.58,3.83
2013.10.31 05:24:51.419,0.98371,0.98377,2.33,3.08
2013.10.31 05:24:52.803,0.98372,0.98378,1.28,2.40
2013.10.31 05:25:05.570,0.98372,0.98377,1.18,1.58
2013.10.31 05:25:06.212,0.98372,0.98377,1.28,1.58
2013.10.31 05:25:06.760,0.98372,0.98377,1.13,3.83
2013.10.31 05:25:11.920,0.98372,0.98377,1.28,1.58
2013.10.31 05:25:18.241,0.98372,0.98377,1.55,1.48
2013.10.31 05:25:21.601,0.98374,0.98379,1.00,3.83
2013.10.31 05:25:21.661,0.98374,0.98379,1.13,3.83
2013.10.31 05:25:22.202,0.98374,0.98379,1.18,1.58
2013.10.31 05:25:22.501,0.98373,0.98377,1.10,1.58
2013.10.31 05:25:23.720,0.98372,0.98376,1.10,1.88
2013.10.31 05:25:24.140,0.98373,0.98378,1.08,1.93
2013.10.31 05:25:24.680,0.98372,0.98378,4.20,2.33
2013.10.31 05:25:26.235,0.98372,0.98374,2.63,1.00
2013.10.31 05:25:26.420,0.9837,0.98374,3.08,1.38
2013.10.31 05:25:26.480,0.98372,0.98377,1.20,1.65
2013.10.31 05:25:26.616,0.98372,0.98377,3.45,1.38
2013.10.31 05:25:41.320,0.98374,0.98376,1.10,1.38
2013.10.31 05:25:44.301,0.98375,0.98376,1.00,1.00
2013.10.31 05:25:49.062,0.98374,0.98376,1.00,1.38
2013.10.31 05:25:49.600,0.98375,0.98376,1.00,1.00
2013.10.31 05:25:50.140,0.98374,0.98376,1.00,1.38
2013.10.31 05:25:52.176,0.98375,0.98376,1.00,1.00
2013.10.31 05:25:52.690,0.98374,0.98376,1.00,1.38
2013.10.31 05:25:53.822,0.98373,0.98376,1.20,1.38
2013.10.31 05:25:59.000,0.98372,0.98376,1.28,1.00
2013.10.31 05:26:12.560,0.98373,0.98377,1.58,1.85
2013.10.31 05:26:13.400,0.98372,0.98376,1.28,1.00
2013.10.31 05:26:18.910,0.98371,0.98374,3.45,1.00
2013.10.31 05:26:19.150,0.98371,0.98377,3.45,2.33
2013.10.31 05:26:20.590,0.98371,0.98377,4.20,2.33
2013.10.31 05:26:32.560,0.98371,0.98373,2.25,1.88
2013.10.31 05:26:32.683,0.98369,0.98373,1.13,2.40
2013.10.31 05:26:32.741,0.98369,0.98373,1.45,1.20
2013.10.31 05:26:33.280,0.98369,0.98375,3.45,1.95
2013.10.31 05:26:35.771,0.98369,0.98373,3.38,1.50
2013.10.31 05:26:35.830,0.98368,0.98373,2.70,1.65
2013.10.31 05:26:35.950,0.98368,0.98373,3.45,1.18
2013.10.31 05:26:36.480,0.9837,0.98375,1.55,1.48
2013.10.31 05:26:37.570,0.9837,0.98372,1.10,1.00
2013.10.31 05:26:37.690,0.98369,0.98371,1.00,1.13
2013.10.31 05:26:37.811,0.9837,0.98374,1.38,3.45
2013.10.31 05:26:37.930,0.9837,0.98375,1.48,1.55
2013.10.31 05:26:38.817,0.9837,0.98374,1.38,2.70
2013.10.31 05:26:39.240,0.98369,0.98371,1.50,1.00
2013.10.31 05:26:39.780,0.98367,0.98369,1.55,1.00
2013.10.31 05:26:39.901,0.98365,0.98368,1.65,1.00
2013.10.31 05:26:40.801,0.98366,0.9837,1.48,1.20
2013.10.31 05:26:41.222,0.98365,0.9837,1.55,1.58
2013.10.31 05:26:41.761,0.98364,0.98367,1.48,1.00
2013.10.31 05:26:42.310,0.98364,0.98367,1.10,1.13
2013.10.31 05:26:42.851,0.98363,0.98366,2.03,1.00
2013.10.31 05:26:43.390,0.98363,0.98366,1.50,1.28
2013.10.31 05:26:43.511,0.9836,0.98365,1.65,1.48
2013.10.31 05:26:43.571,0.9836,0.98362,1.10,1.00
2013.10.31 05:26:43.631,0.98358,0.9836,4.36,1.50
2013.10.31 05:26:43.691,0.98355,0.9836,2.33,2.03
2013.10.31 05:26:45.370,0.98355,0.98359,1.10,1.10
2013.10.31 05:26:45.851,0.98357,0.98361,1.00,3.00
2013.10.31 05:26:46.210,0.98361,0.98364,1.50,1.18
2013.10.31 05:26:46.992,0.9836,0.98363,1.50,1.20
2013.10.31 05:26:50.240,0.9836,0.98366,3.15,1.93
2013.10.31 05:26:52.070,0.9836,0.98365,3.08,1.58
2013.10.31 05:26:52.250,0.98357,0.98361,3.08,1.00
2013.10.31 05:26:52.431,0.98361,0.98364,1.00,1.18
2013.10.31 05:26:52.551,0.98363,0.98367,1.50,4.65
2013.10.31 05:26:53.090,0.98362,0.98367,1.10,1.55
2013.10.31 05:26:53.611,0.98362,0.98367,1.10,2.10
2013.10.31 05:26:56.761,0.98363,0.98367,1.13,1.65
2013.10.31 05:26:57.614,0.98362,0.98367,1.48,1.65
2013.10.31 05:26:59.425,0.98362,0.98366,3.45,1.38
2013.10.31 05:27:04.230,0.98362,0.98367,2.70,2.63
2013.10.31 05:27:04.711,0.98363,0.98369,1.20,4.58
2013.10.31 05:27:05.250,0.98362,0.98368,3.15,1.18
2013.10.31 05:27:05.310,0.98362,0.98369,3.15,4.20
2013.10.31 05:27:05.929,0.98364,0.98369,2.70,1.88
2013.10.31 05:27:07.260,0.98364,0.98368,2.70,1.88
2013.10.31 05:27:09.611,0.98361,0.98368,2.03,5.33
2013.10.31 05:27:10.150,0.98361,0.98368,2.03,4.95
2013.10.31 05:27:11.631,0.98361,0.98368,2.03,4.20
2013.10.31 05:27:11.691,0.98363,0.98368,4.95,3.68
2013.10.31 05:27:11.824,0.98365,0.9837,1.38,2.33
2013.10.31 05:27:12.000,0.98365,0.98371,3.08,3.38
2013.10.31 05:27:12.241,0.98365,0.98371,1.48,4.95
2013.10.31 05:27:12.792,0.98366,0.9837,1.50,1.93
2013.10.31 05:27:13.301,0.98365,0.98368,1.10,1.13
2013.10.31 05:27:13.962,0.98364,0.98369,1.93,1.10
2013.10.31 05:27:14.321,0.98365,0.9837,4.58,1.13
2013.10.31 05:27:14.861,0.98368,0.98373,1.28,1.48
2013.10.31 05:27:15.161,0.98368,0.98373,1.28,1.20
2013.10.31 05:27:15.221,0.98368,0.98373,1.55,1.20
2013.10.31 05:27:16.032,0.98369,0.98374,4.13,2.25
2013.10.31 05:27:16.210,0.98367,0.98373,1.95,4.58
2013.10.31 05:27:16.390,0.98367,0.98371,1.95,1.10
2013.10.31 05:27:16.510,0.98367,0.98373,6.45,4.58
2013.10.31 05:27:16.931,0.98369,0.98373,1.00,3.83
2013.10.31 05:27:17.111,0.98369,0.98374,1.55,1.48
2013.10.31 05:27:18.114,0.98371,0.98374,1.38,1.10
2013.10.31 05:27:18.472,0.98372,0.98376,1.55,1.13
2013.10.31 05:27:20.760,0.98373,0.98378,1.48,1.55
2013.10.31 05:27:22.601,0.98374,0.98378,1.00,1.18
2013.10.31 05:27:22.663,0.98376,0.98378,1.38,1.10
2013.10.31 05:27:22.782,0.98377,0.98381,1.13,3.83
2013.10.31 05:27:23.200,0.98375,0.98378,1.10,1.00
2013.10.31 05:27:23.742,0.98373,0.98377,2.78,3.75
2013.10.31 05:27:25.170,0.98372,0.98378,5.33,2.33
2013.10.31 05:27:25.351,0.98372,0.98377,5.25,1.08
2013.10.31 05:27:25.999,0.98374,0.98377,1.13,3.08
2013.10.31 05:27:26.125,0.98372,0.98376,1.88,1.65
2013.10.31 05:27:27.571,0.98369,0.98373,2.25,1.75
2013.10.31 05:27:27.631,0.98369,0.98371,2.18,1.13
2013.10.31 05:27:27.811,0.98366,0.9837,2.18,4.50
2013.10.31 05:27:27.931,0.98364,0.98368,2.25,5.63
2013.10.31 05:27:28.050,0.98362,0.98368,3.45,6.45
2013.10.31 05:27:28.591,0.98362,0.98366,1.48,4.20
2013.10.31 05:27:29.142,0.98362,0.98366,1.20,1.10
2013.10.31 05:27:29.680,0.98362,0.98367,1.48,1.55
2013.10.31 05:27:30.670,0.98362,0.98366,1.20,1.10
2013.10.31 05:27:30.731,0.98362,0.98364,1.20,3.75
2013.10.31 05:27:31.091,0.98361,0.98363,1.13,1.20
2013.10.31 05:27:31.630,0.98361,0.98365,1.55,1.38
2013.10.31 05:27:31.750,0.98363,0.98365,1.13,1.00
2013.10.31 05:27:32.291,0.98363,0.98368,2.03,1.85
2013.10.31 05:27:40.431,0.98363,0.98367,1.28,1.88
2013.10.31 05:27:40.984,0.98364,0.98369,1.20,2.03
2013.10.31 05:27:41.111,0.98364,0.98368,1.20,1.10
2013.10.31 05:27:41.231,0.98366,0.98368,1.00,1.10
2013.10.31 05:27:41.591,0.98364,0.98367,2.55,1.00
2013.10.31 05:27:41.710,0.98362,0.98366,2.25,1.50
2013.10.31 05:27:41.890,0.98358,0.98363,4.20,1.13
2013.10.31 05:27:42.430,0.98359,0.98363,1.38,1.28
2013.10.31 05:27:42.850,0.98358,0.98363,1.48,1.65
2013.10.31 05:27:42.971,0.98358,0.9836,1.48,1.00
2013.10.31 05:27:43.150,0.98355,0.9836,2.78,1.85
2013.10.31 05:27:43.390,0.98353,0.98358,1.88,3.45
2013.10.31 05:27:43.920,0.98353,0.98356,1.50,1.20
2013.10.31 05:27:49.940,0.98354,0.98359,1.10,1.65
2013.10.31 05:27:50.122,0.98355,0.98359,1.13,1.18
2013.10.31 05:27:51.973,0.98355,0.9836,1.38,3.83
2013.10.31 05:27:52.751,0.98356,0.9836,1.20,1.58
2013.10.31 05:27:53.526,0.98357,0.98362,1.00,4.95
2013.10.31 05:27:54.723,0.98357,0.9836,1.00,1.85
2013.10.31 05:27:54.842,0.98357,0.98362,1.00,3.08
2013.10.31 05:27:55.383,0.98358,0.98361,1.00,1.18
2013.10.31 05:27:57.701,0.9836,0.98362,1.00,2.25
2013.10.31 05:27:57.882,0.98361,0.98366,1.48,1.65
2013.10.31 05:27:58.002,0.98361,0.98366,1.95,1.18
2013.10.31 05:27:58.302,0.98361,0.98363,2.18,1.50
2013.10.31 05:27:58.421,0.98361,0.98363,1.00,1.58
2013.10.31 05:27:58.660,0.98357,0.98361,2.70,1.00
2013.10.31 05:28:08.681,0.98357,0.98363,3.45,1.20
2013.10.31 05:28:09.221,0.9836,0.98366,1.75,1.18
2013.10.31 05:28:09.741,0.98362,0.98366,2.03,1.18
2013.10.31 05:28:10.721,0.98362,0.98366,1.50,1.55
2013.10.31 05:28:10.841,0.98358,0.98364,1.55,3.15
2013.10.31 05:28:10.901,0.98358,0.98363,1.48,2.63
2013.10.31 05:28:19.051,0.98359,0.98364,2.93,1.00
2013.10.31 05:28:19.710,0.98361,0.98365,1.00,1.38
2013.10.31 05:28:20.095,0.98362,0.98366,1.38,1.00
2013.10.31 05:28:21.040,0.98362,0.98366,1.00,1.38
2013.10.31 05:28:21.341,0.98358,0.98363,1.38,3.83
2013.10.31 05:28:22.912,0.98358,0.98363,1.00,2.33
2013.10.31 05:28:22.971,0.9836,0.98363,1.00,2.33
2013.10.31 05:28:23.092,0.9836,0.98364,4.20,1.00
2013.10.31 05:28:23.272,0.98363,0.98367,1.38,1.18
2013.10.31 05:28:23.811,0.98363,0.98367,1.13,1.18
2013.10.31 05:28:26.891,0.98361,0.98366,2.40,1.58
2013.10.31 05:28:27.430,0.98358,0.98364,6.83,1.48
2013.10.31 05:28:27.970,0.98359,0.98364,1.65,1.10
2013.10.31 05:28:30.871,0.98361,0.98366,1.38,3.45
2013.10.31 05:28:31.250,0.98361,0.98366,1.55,1.20
2013.10.31 05:28:35.440,0.98361,0.98366,1.55,1.20
2013.10.31 05:28:37.581,0.98363,0.98366,3.38,1.00
2013.10.31 05:28:44.801,0.98365,0.98368,1.00,1.13
2013.10.31 05:28:52.495,0.98367,0.98369,1.00,1.20
2013.10.31 05:28:53.162,0.98365,0.98369,1.10,1.20
2013.10.31 05:28:53.792,0.98365,0.98368,1.10,1.00
2013.10.31 05:28:55.761,0.98365,0.98368,1.48,1.00
2013.10.31 05:28:56.062,0.98364,0.98368,1.55,1.13
2013.10.31 05:28:56.120,0.98367,0.98369,1.00,1.20
2013.10.31 05:29:03.900,0.98367,0.98368,1.00,1.00
2013.10.31 05:29:03.963,0.98364,0.98368,1.28,1.00
2013.10.31 05:29:04.262,0.98363,0.98368,2.70,1.50
2013.10.31 05:29:40.900,0.98363,0.98368,3.45,1.50
2013.10.31 05:29:41.450,0.98364,0.98369,1.55,1.95
2013.10.31 05:29:42.701,0.98364,0.9837,1.65,2.40
2013.10.31 05:29:43.211,0.98363,0.98367,3.45,1.50
2013.10.31 05:29:44.161,0.98365,0.98369,1.48,1.20
2013.10.31 05:29:44.282,0.98365,0.98369,1.48,1.20
2013.10.31 05:29:44.702,0.98366,0.98371,4.13,4.20
2013.10.31 05:29:45.003,0.98373,0.98377,1.20,1.95
2013.10.31 05:29:46.843,0.98373,0.98375,1.10,1.00
2013.10.31 05:29:47.382,0.98373,0.98376,1.10,1.00
2013.10.31 05:29:47.922,0.98375,0.98379,1.00,2.70
2013.10.31 05:29:48.222,0.9838,0.98385,2.25,2.70
2013.10.31 05:29:48.465,0.98381,0.98387,1.28,2.40
2013.10.31 05:29:49.023,0.9838,0.98384,2.70,1.50
2013.10.31 05:29:49.560,0.9838,0.98384,2.33,1.50
2013.10.31 05:29:50.578,0.9838,0.98384,2.25,1.88
2013.10.31 05:29:50.647,0.9838,0.98384,2.70,1.50
2013.10.31 05:29:50.772,0.98382,0.98386,1.18,1.00
2013.10.31 05:29:53.681,0.98384,0.98387,1.00,1.58
2013.10.31 05:29:54.223,0.98384,0.98387,1.13,1.20
2013.10.31 05:29:56.632,0.98381,0.98387,16.58,1.48
2013.10.31 05:29:57.641,0.98383,0.98387,1.48,1.48
2013.10.31 05:29:58.631,0.98383,0.98387,1.48,1.48
2013.10.31 05:30:02.891,0.98383,0.98386,1.48,1.00
2013.10.31 05:30:03.072,0.98378,0.98383,1.65,1.00
2013.10.31 05:30:03.132,0.98378,0.98384,1.93,1.65
2013.10.31 05:30:03.191,0.98379,0.98384,3.08,1.50
2013.10.31 05:30:03.313,0.98381,0.98384,1.13,2.33
2013.10.31 05:30:03.431,0.98381,0.98386,1.50,3.45
2013.10.31 05:30:03.672,0.98381,0.98387,2.40,1.65
2013.10.31 05:30:07.881,0.98381,0.98387,1.55,2.40
2013.10.31 05:30:08.421,0.9838,0.98385,2.70,1.50
2013.10.31 05:30:09.596,0.9838,0.98384,2.33,1.38
2013.10.31 05:30:10.021,0.98379,0.98381,2.18,1.00
2013.10.31 05:30:10.321,0.98375,0.98378,1.95,1.00
2013.10.31 05:30:10.681,0.98371,0.98376,6.08,1.38
2013.10.31 05:30:14.701,0.98374,0.98377,1.00,4.20
2013.10.31 05:30:15.660,0.98374,0.98377,1.00,4.20
2013.10.31 05:30:18.651,0.98373,0.98379,1.58,10.58
2013.10.31 05:30:19.190,0.98373,0.98379,2.33,10.58
2013.10.31 05:30:22.111,0.98375,0.98379,1.00,7.58
2013.10.31 05:30:22.651,0.98374,0.98378,1.13,4.28
2013.10.31 05:30:24.871,0.98373,0.98379,1.58,12.08
2013.10.31 05:30:28.011,0.98375,0.98378,1.00,4.28
2013.10.31 05:30:28.891,0.98373,0.98378,2.33,4.28
2013.10.31 05:30:34.603,0.98373,0.98377,1.20,1.10
2013.10.31 05:30:35.871,0.98371,0.98376,3.83,1.00
2013.10.31 05:30:36.472,0.98371,0.98375,3.83,1.00
2013.10.31 05:30:37.021,0.98371,0.98374,3.83,1.00
2013.10.31 05:30:37.562,0.98371,0.98375,3.83,1.00
2013.10.31 05:30:39.483,0.98372,0.98376,1.20,1.08
2013.10.31 05:30:45.396,0.98373,0.98375,1.00,1.10
2013.10.31 05:30:45.881,0.98375,0.98379,1.00,4.20
2013.10.31 05:30:46.241,0.98378,0.9838,1.13,2.25
2013.10.31 05:30:46.421,0.9838,0.98382,1.00,1.18
2013.10.31 05:30:47.312,0.98379,0.98382,1.13,1.18
2013.10.31 05:30:47.851,0.9838,0.98382,1.13,1.00
2013.10.31 05:30:48.391,0.98377,0.98382,1.48,2.40
2013.10.31 05:30:49.254,0.9838,0.98382,1.00,1.55
2013.10.31 05:30:49.801,0.98377,0.98381,1.48,1.20
2013.10.31 05:30:49.862,0.98377,0.98381,1.48,1.48
2013.10.31 05:30:50.401,0.98375,0.98379,1.20,1.20
2013.10.31 05:30:50.642,0.98373,0.98378,2.70,1.50
2013.10.31 05:30:50.821,0.98371,0.98376,2.40,1.10
2013.10.31 05:30:51.442,0.98371,0.98376,2.40,1.10
2013.10.31 05:30:51.981,0.98372,0.98377,1.48,1.65
2013.10.31 05:30:52.521,0.98374,0.98377,1.13,1.18
2013.10.31 05:30:52.821,0.9837,0.98376,3.45,5.55
2013.10.31 05:30:53.001,0.9837,0.98372,2.55,1.00
2013.10.31 05:30:53.061,0.9837,0.98372,2.18,1.00
2013.10.31 05:30:53.121,0.98366,0.98372,5.52,1.10
2013.10.31 05:30:53.541,0.98371,0.98374,1.00,2.33
2013.10.31 05:30:53.901,0.98376,0.98381,4.95,4.88
2013.10.31 05:30:53.961,0.98376,0.98379,2.70,1.13
2013.10.31 05:30:54.021,0.98376,0.98379,2.33,1.50
2013.10.31 05:30:54.261,0.98373,0.98378,1.65,1.20
2013.10.31 05:30:54.812,0.98373,0.98378,1.65,1.10
2013.10.31 05:30:57.361,0.98376,0.9838,1.50,3.83
2013.10.31 05:30:57.422,0.98378,0.9838,1.88,3.38
2013.10.31 05:30:57.962,0.98379,0.98383,3.45,1.00
2013.10.31 05:30:58.321,0.98379,0.98384,3.45,1.00
2013.10.31 05:31:00.921,0.98379,0.98384,3.45,1.13
2013.10.31 05:31:01.756,0.98383,0.98386,1.58,1.00
2013.10.31 05:31:02.301,0.98383,0.98387,1.58,1.10
2013.10.31 05:31:03.661,0.98384,0.98387,1.00,1.20
2013.10.31 05:31:04.983,0.98384,0.98387,1.00,1.48
2013.10.31 05:31:08.600,0.98383,0.98389,1.20,3.08
2013.10.31 05:31:19.990,0.98383,0.98389,2.70,3.08
2013.10.31 05:31:21.890,0.98383,0.9839,2.78,4.58
2013.10.31 05:31:22.191,0.98382,0.98387,1.20,1.65
2013.10.31 05:31:24.972,0.98382,0.98387,1.48,1.65
2013.10.31 05:31:35.043,0.98382,0.98388,1.95,4.95
2013.10.31 05:31:36.063,0.98382,0.98388,4.20,2.33
2013.10.31 05:31:37.421,0.98383,0.98389,1.65,1.65
2013.10.31 05:31:41.101,0.98385,0.9839,1.00,4.58
2013.10.31 05:31:41.652,0.98385,0.9839,1.18,2.33
2013.10.31 05:31:43.571,0.98387,0.98391,1.00,1.93
2013.10.31 05:31:43.691,0.98387,0.98391,1.13,1.28
2013.10.31 05:31:43.751,0.98389,0.98392,1.00,3.45
2013.10.31 05:31:43.871,0.98389,0.98394,1.88,2.70
2013.10.31 05:31:43.991,0.98389,0.98394,2.03,1.10
2013.10.31 05:31:44.891,0.98389,0.98396,2.03,4.58
2013.10.31 05:31:47.103,0.98393,0.98396,1.00,2.33
2013.10.31 05:31:47.221,0.98393,0.98398,1.58,1.55
2013.10.31 05:31:47.781,0.98394,0.98398,1.00,1.55
2013.10.31 05:31:48.291,0.98394,0.98398,1.00,1.55
2013.10.31 05:31:49.691,0.98393,0.98398,1.20,1.55
2013.10.31 05:31:51.092,0.98391,0.98396,3.45,1.38
2013.10.31 05:31:53.501,0.98391,0.98394,2.25,1.38
2013.10.31 05:31:53.621,0.98388,0.98392,1.48,1.10
2013.10.31 05:31:54.160,0.98387,0.98391,1.55,1.00
2013.10.31 05:31:55.853,0.98387,0.98393,2.03,1.65
2013.10.31 05:31:56.451,0.98389,0.98394,1.38,3.83
2013.10.31 05:31:56.631,0.98389,0.98395,2.03,1.65
2013.10.31 05:31:56.811,0.98393,0.98395,1.00,1.28
2013.10.31 05:31:57.351,0.98392,0.98397,1.00,3.83
2013.10.31 05:31:58.311,0.98392,0.98395,1.50,1.10
2013.10.31 05:32:03.401,0.98392,0.98396,1.50,1.18
2013.10.31 05:32:03.641,0.98394,0.98397,1.13,1.10
2013.10.31 05:32:06.445,0.98394,0.98399,1.75,3.08
2013.10.31 05:32:06.572,0.98396,0.98401,1.95,1.65
2013.10.31 05:32:08.351,0.98396,0.984,5.25,1.00
2013.10.31 05:32:12.072,0.98398,0.98401,1.10,1.00
2013.10.31 05:32:15.721,0.98399,0.98402,1.13,1.48
2013.10.31 05:32:16.681,0.984,0.98402,1.00,1.48
2013.10.31 05:32:19.522,0.984,0.98403,1.38,1.65
2013.10.31 05:32:21.509,0.984,0.98403,1.08,1.10
2013.10.31 05:32:25.512,0.984,0.98403,1.50,1.10
2013.10.31 05:32:26.196,0.98399,0.98401,1.10,1.00
2013.10.31 05:32:26.742,0.98399,0.98402,1.00,3.45
2013.10.31 05:32:28.812,0.98397,0.98402,1.00,3.45
2013.10.31 05:32:28.931,0.98395,0.98399,1.28,1.38
2013.10.31 05:32:29.414,0.98394,0.98398,1.20,1.58
2013.10.31 05:32:29.652,0.98395,0.98398,1.08,1.58
2013.10.31 05:32:30.153,0.98395,0.98398,2.33,1.50
2013.10.31 05:32:30.512,0.98397,0.98399,2.25,1.00
2013.10.31 05:32:31.053,0.98398,0.98401,1.18,1.38
2013.10.31 05:32:31.412,0.98397,0.98401,2.33,2.63
2013.10.31 05:32:32.144,0.98396,0.98399,2.25,8.25
2013.10.31 05:32:32.649,0.98395,0.98399,3.45,7.88
2013.10.31 05:32:32.952,0.98397,0.98401,2.25,1.88
2013.10.31 05:32:33.673,0.98398,0.98402,3.45,1.38
2013.10.31 05:32:34.151,0.98398,0.98403,3.08,1.50
2013.10.31 05:32:34.271,0.984,0.98403,1.95,1.00
2013.10.31 05:32:34.801,0.984,0.98406,4.20,2.70
2013.10.31 05:32:36.351,0.984,0.98403,2.93,1.50
2013.10.31 05:32:36.412,0.984,0.98403,1.00,1.95
2013.10.31 05:32:36.951,0.98398,0.98401,1.55,1.00
2013.10.31 05:32:39.631,0.98399,0.98403,1.58,1.20
2013.10.31 05:32:39.751,0.98399,0.98403,3.83,1.13
2013.10.31 05:32:42.761,0.98401,0.98404,1.10,1.00
2013.10.31 05:32:43.122,0.98403,0.98407,1.00,3.45
2013.10.31 05:32:43.241,0.98403,0.98408,1.95,1.65
2013.10.31 05:32:43.751,0.98403,0.98407,1.48,1.48
2013.10.31 05:32:43.823,0.98404,0.98409,4.20,1.38
2013.10.31 05:32:44.422,0.98404,0.98409,1.48,1.65
2013.10.31 05:32:44.961,0.98405,0.98409,1.55,1.13
2013.10.31 05:32:48.581,0.98406,0.9841,1.48,1.95
2013.10.31 05:32:49.182,0.98406,0.9841,1.48,1.10
2013.10.31 05:32:49.541,0.9841,0.98413,1.38,1.18
2013.10.31 05:32:51.511,0.9841,0.98415,2.70,2.25
2013.10.31 05:32:51.752,0.98413,0.98416,2.25,1.10
2013.10.31 05:32:52.325,0.98414,0.98417,1.10,1.38
2013.10.31 05:32:53.533,0.98413,0.98417,1.65,1.00
2013.10.31 05:32:54.071,0.98414,0.9842,1.20,8.33
2013.10.31 05:32:54.607,0.98414,0.98419,1.13,3.83
2013.10.31 05:32:56.623,0.98411,0.98417,3.00,1.95
2013.10.31 05:32:56.743,0.98411,0.98413,3.00,1.13
2013.10.31 05:32:56.802,0.98411,0.98417,3.45,2.70
2013.10.31 05:32:56.983,0.98411,0.98415,1.38,2.33
2013.10.31 05:32:57.223,0.98413,0.98418,1.50,3.45
2013.10.31 05:32:58.123,0.98413,0.98418,1.00,3.45
2013.10.31 05:32:58.245,0.98412,0.98416,1.10,1.48
2013.10.31 05:33:00.872,0.98411,0.98416,1.18,1.50
2013.10.31 05:33:01.121,0.9841,0.98416,1.58,4.58
2013.10.31 05:33:01.603,0.9841,0.98414,3.00,1.00
2013.10.31 05:33:02.146,0.9841,0.98415,3.08,2.25
2013.10.31 05:33:02.331,0.98409,0.98415,2.03,2.40
2013.10.31 05:33:03.140,0.98409,0.98414,2.03,2.33
2013.10.31 05:33:03.631,0.9841,0.98413,3.08,1.00
2013.10.31 05:33:04.683,0.9841,0.98413,1.55,1.00
2013.10.31 05:33:05.213,0.9841,0.98416,1.48,4.58
2013.10.31 05:33:05.744,0.9841,0.98415,1.10,1.93
2013.10.31 05:33:06.221,0.9841,0.98415,1.95,1.55
2013.10.31 05:33:06.473,0.98411,0.98417,2.03,1.65
2013.10.31 05:33:07.671,0.98413,0.98417,1.20,1.58
2013.10.31 05:33:08.823,0.98414,0.9842,1.10,4.58
2013.10.31 05:33:09.362,0.98414,0.98418,1.10,4.20
2013.10.31 05:33:14.291,0.98413,0.98418,1.13,2.70
2013.10.31 05:33:17.491,0.98412,0.98418,2.33,7.58
2013.10.31 05:33:21.452,0.98413,0.98417,1.00,1.55
2013.10.31 05:33:22.811,0.98412,0.98413,1.10,1.13
2013.10.31 05:33:22.880,0.98408,0.98413,1.38,4.58
2013.10.31 05:33:23.063,0.9841,0.98415,1.50,3.45
2013.10.31 05:33:23.244,0.9841,0.98416,2.03,2.03
2013.10.31 05:33:24.801,0.98411,0.98414,1.20,1.00
2013.10.31 05:33:25.744,0.98412,0.98414,1.00,1.00
2013.10.31 05:33:26.952,0.98411,0.98414,1.20,1.00
2013.10.31 05:33:28.165,0.98412,0.98414,1.00,1.00
2013.10.31 05:33:28.745,0.98413,0.98415,1.10,1.00
2013.10.31 05:33:29.162,0.98413,0.98417,1.20,1.20
2013.10.31 05:33:29.401,0.98414,0.98418,1.38,1.28
2013.10.31 05:33:29.955,0.98413,0.98418,3.45,1.13
2013.10.31 05:33:32.963,0.98415,0.98419,1.58,1.10
2013.10.31 05:33:33.516,0.98417,0.98421,1.38,4.58
2013.10.31 05:33:33.594,0.9842,0.98426,1.58,4.58
2013.10.31 05:33:34.132,0.98419,0.98423,1.55,1.00
2013.10.31 05:33:34.671,0.98419,0.98422,1.55,1.00
2013.10.31 05:33:35.213,0.98419,0.98422,1.55,1.00
2013.10.31 05:33:36.281,0.98419,0.98424,1.55,2.33
2013.10.31 05:33:37.511,0.98422,0.98426,1.00,2.70
2013.10.31 05:33:37.591,0.98424,0.9843,4.73,1.88
2013.10.31 05:33:37.832,0.9843,0.98433,2.85,2.33
2013.10.31 05:33:38.192,0.98429,0.98435,4.20,1.20
2013.10.31 05:33:38.552,0.9843,0.98435,1.50,2.70
2013.10.31 05:33:39.691,0.98428,0.98433,1.50,2.70
2013.10.31 05:33:40.051,0.98427,0.98431,2.25,2.33
2013.10.31 05:33:40.531,0.98426,0.98432,3.90,1.28
2013.10.31 05:33:41.232,0.98426,0.98432,3.90,1.18
2013.10.31 05:33:41.775,0.98427,0.98432,1.58,1.28
2013.10.31 05:33:42.981,0.98428,0.98432,1.38,1.18
2013.10.31 05:33:43.282,0.98425,0.98428,3.00,3.75
2013.10.31 05:33:43.749,0.98423,0.98427,1.05,3.83
2013.10.31 05:33:43.829,0.9842,0.98424,2.63,1.00
2013.10.31 05:33:43.953,0.98418,0.98424,3.08,1.10
2013.10.31 05:33:44.614,0.98418,0.9842,3.00,1.00
2013.10.31 05:33:44.852,0.98413,0.98419,3.45,8.70
2013.10.31 05:33:44.912,0.98413,0.98418,2.63,4.95
2013.10.31 05:33:44.972,0.98411,0.98416,6.08,1.00
2013.10.31 05:33:45.549,0.98411,0.98416,6.45,1.00
2013.10.31 05:33:46.091,0.98413,0.98417,2.70,1.00
2013.10.31 05:33:46.394,0.98413,0.98416,2.25,4.13
2013.10.31 05:33:46.752,0.98411,0.98413,2.18,1.00
2013.10.31 05:33:47.231,0.98411,0.98412,2.18,1.50
2013.10.31 05:33:47.773,0.98407,0.98411,2.25,1.75
2013.10.31 05:33:47.832,0.98406,0.98411,3.08,1.75
2013.10.31 05:33:48.672,0.98406,0.98411,3.45,1.50
2013.10.31 05:33:49.211,0.98406,0.98411,3.08,2.25
2013.10.31 05:33:50.886,0.98407,0.98412,1.65,1.48
2013.10.31 05:33:51.012,0.98407,0.98412,1.28,1.48
2013.10.31 05:33:52.551,0.98406,0.98412,2.70,1.50
2013.10.31 05:33:52.911,0.98406,0.98412,2.25,1.50
2013.10.31 05:33:55.041,0.98406,0.98411,3.08,1.50
2013.10.31 05:33:55.161,0.98404,0.98407,2.33,1.00
2013.10.31 05:33:55.282,0.98401,0.98406,2.25,1.38
2013.10.31 05:33:55.341,0.98403,0.98406,1.18,1.38
2013.10.31 05:33:55.401,0.98401,0.98404,1.10,1.38
2013.10.31 05:33:55.942,0.984,0.98404,1.20,1.38
2013.10.31 05:33:56.182,0.98399,0.98402,2.33,1.00
2013.10.31 05:33:56.248,0.98399,0.98402,2.25,1.38
2013.10.31 05:33:56.491,0.98397,0.984,1.20,4.13
2013.10.31 05:33:56.611,0.98395,0.98399,1.28,1.38
2013.10.31 05:33:56.731,0.98392,0.98396,4.05,1.38
2013.10.31 05:33:56.972,0.98389,0.98393,1.28,1.13
2013.10.31 05:33:58.111,0.9839,0.98392,1.20,1.13
2013.10.31 05:33:59.251,0.9839,0.98393,1.20,1.13
2013.10.31 05:33:59.672,0.98393,0.98397,7.06,2.93
2013.10.31 05:33:59.732,0.98395,0.984,2.33,1.75
2013.10.31 05:33:59.791,0.98398,0.98401,1.00,1.58
2013.10.31 05:33:59.851,0.98399,0.98401,1.38,1.58
2013.10.31 05:34:00.032,0.98401,0.98406,1.10,2.03
2013.10.31 05:34:00.392,0.98401,0.98406,3.08,1.18
2013.10.31 05:34:00.572,0.98406,0.98409,1.00,1.48
2013.10.31 05:34:00.691,0.98406,0.98411,1.00,9.45
2013.10.31 05:34:00.872,0.98408,0.98412,1.10,3.30
2013.10.31 05:34:01.052,0.98408,0.98413,1.48,1.28
2013.10.31 05:34:02.192,0.9841,0.98413,2.25,1.10
2013.10.31 05:34:02.491,0.98409,0.98415,1.65,2.40
2013.10.31 05:34:03.031,0.9841,0.98415,1.88,5.26
2013.10.31 05:34:04.641,0.98409,0.98414,3.83,1.00
2013.10.31 05:34:05.061,0.9841,0.98412,1.20,1.00
2013.10.31 05:34:05.241,0.98406,0.98411,3.45,1.00
2013.10.31 05:34:05.989,0.98406,0.9841,2.63,1.50
2013.10.31 05:34:06.234,0.98405,0.9841,1.55,1.20
2013.10.31 05:34:06.472,0.98406,0.98412,6.83,2.25
2013.10.31 05:34:06.532,0.98406,0.98412,15.45,1.10
2013.10.31 05:34:07.072,0.98408,0.98413,4.83,1.08
2013.10.31 05:34:07.623,0.98408,0.98413,6.76,1.00
2013.10.31 05:34:08.152,0.98408,0.98413,2.95,1.18
2013.10.31 05:34:08.391,0.98408,0.98414,4.95,1.10
2013.10.31 05:34:11.121,0.98411,0.98416,1.00,3.83
2013.10.31 05:34:14.172,0.9841,0.98416,1.58,3.83
2013.10.31 05:34:20.242,0.98409,0.98415,2.78,1.55
2013.10.31 05:34:21.641,0.9841,0.98415,1.10,1.28
2013.10.31 05:34:24.522,0.98411,0.98416,1.38,2.70
2013.10.31 05:34:24.581,0.98411,0.98417,3.45,2.33
2013.10.31 05:34:25.122,0.98411,0.98417,3.45,1.95
2013.10.31 05:34:25.623,0.98411,0.98416,2.33,1.13
2013.10.31 05:34:27.872,0.98411,0.98416,2.33,1.00
2013.10.31 05:34:28.942,0.98411,0.98416,2.33,1.00
2013.10.31 05:34:29.461,0.9841,0.98416,2.03,1.00
2013.10.31 05:34:30.964,0.9841,0.98416,2.40,1.00
2013.10.31 05:34:32.151,0.98413,0.98417,1.00,2.70
2013.10.31 05:34:32.331,0.98413,0.98415,1.00,1.10
2013.10.31 05:34:32.811,0.98413,0.9842,3.45,4.28
2013.10.31 05:34:36.631,0.98413,0.98415,1.48,1.00
2013.10.31 05:34:37.922,0.98413,0.98415,1.00,1.10
2013.10.31 05:34:39.822,0.98414,0.98417,1.00,3.08
2013.10.31 05:34:39.941,0.98414,0.98417,1.00,1.10
2013.10.31 05:34:40.001,0.98414,0.9842,1.55,1.55
2013.10.31 05:34:40.302,0.98419,0.98421,2.55,1.08
2013.10.31 05:34:40.422,0.98419,0.98422,2.63,1.00
2013.10.31 05:34:42.305,0.98416,0.9842,3.00,1.00
2013.10.31 05:34:42.373,0.98414,0.98417,3.45,1.00
2013.10.31 05:34:42.912,0.98414,0.98419,3.45,1.38
2013.10.31 05:34:43.452,0.98414,0.98417,3.45,1.00
2013.10.31 05:34:47.432,0.98417,0.98422,1.00,3.75
2013.10.31 05:34:47.672,0.98419,0.9842,1.13,1.00
2013.10.31 05:34:48.412,0.98419,0.98421,1.13,1.00
2013.10.31 05:34:48.961,0.9842,0.98421,1.00,1.00
2013.10.31 05:34:49.471,0.9842,0.98424,1.00,2.33
2013.10.31 05:34:52.862,0.98419,0.98421,1.00,1.00
2013.10.31 05:34:54.097,0.9842,0.98424,1.00,2.70
2013.10.31 05:34:54.285,0.98419,0.98421,1.00,1.00
2013.10.31 05:34:56.551,0.98419,0.98422,1.00,1.10
2013.10.31 05:34:57.591,0.98418,0.98422,1.10,1.10
2013.10.31 05:35:01.082,0.9842,0.98422,1.00,1.10
2013.10.31 05:35:01.443,0.9842,0.98424,1.00,2.63
2013.10.31 05:35:01.562,0.98419,0.98422,1.00,1.10
2013.10.31 05:35:02.522,0.98419,0.98421,1.00,1.00
2013.10.31 05:35:03.581,0.98419,0.98424,1.00,2.70
2013.10.31 05:35:04.183,0.98418,0.9842,1.00,2.25
2013.10.31 05:35:06.927,0.98419,0.98422,1.00,2.33
2013.10.31 05:35:08.612,0.98418,0.98422,1.00,3.08
2013.10.31 05:35:10.752,0.98419,0.98422,1.00,3.08
2013.10.31 05:35:11.851,0.98418,0.98422,1.00,3.08
2013.10.31 05:35:12.391,0.98418,0.98421,1.10,1.00
2013.10.31 05:35:13.113,0.98419,0.98421,1.00,1.00
2013.10.31 05:35:13.662,0.98419,0.98422,1.00,1.10
2013.10.31 05:35:25.742,0.9842,0.98424,1.00,2.70
2013.10.31 05:35:25.982,0.9842,0.98425,1.10,1.55
2013.10.31 05:35:43.097,0.98418,0.98424,3.83,1.58
2013.10.31 05:35:43.992,0.98418,0.98421,3.08,1.00
2013.10.31 05:35:45.042,0.98418,0.98421,2.70,1.00
2013.10.31 05:35:45.163,0.98421,0.98424,1.00,1.20
2013.10.31 05:35:50.983,0.98421,0.98424,1.10,1.13
2013.10.31 05:35:55.372,0.98422,0.98424,1.00,1.13
2013.10.31 05:35:57.401,0.98419,0.98424,3.45,1.00
2013.10.31 05:35:57.522,0.98422,0.98424,1.00,1.00
2013.10.31 05:36:00.572,0.98421,0.98424,1.10,1.00
2013.10.31 05:36:05.341,0.98421,0.98424,1.48,1.00
2013.10.31 05:36:05.881,0.98423,0.98426,1.00,1.65
2013.10.31 05:36:06.441,0.98423,0.98426,1.00,1.18
2013.10.31 05:36:06.981,0.98421,0.98426,1.38,3.83
2013.10.31 05:36:07.521,0.98423,0.98426,1.00,3.83
2013.10.31 05:36:07.822,0.98423,0.98428,1.50,4.20
2013.10.31 05:36:08.191,0.98425,0.98428,1.00,3.00
2013.10.31 05:36:08.315,0.98425,0.98429,1.00,1.65
2013.10.31 05:36:08.491,0.98424,0.98428,1.38,2.70
2013.10.31 05:36:09.291,0.98425,0.98428,1.13,2.70
2013.10.31 05:36:10.282,0.98423,0.98428,1.00,2.70
2013.10.31 05:36:10.941,0.98423,0.98428,1.00,3.83
2013.10.31 05:36:12.351,0.98423,0.98428,1.00,3.83
2013.10.31 05:36:13.032,0.98423,0.98428,1.00,3.83
2013.10.31 05:36:13.571,0.98423,0.98427,1.00,1.55
2013.10.31 05:36:14.331,0.98425,0.98427,1.00,1.18
2013.10.31 05:36:16.751,0.98424,0.98427,1.00,1.55
2013.10.31 05:36:18.404,0.98423,0.98427,1.00,1.55
2013.10.31 05:36:19.281,0.98424,0.98427,1.00,1.55
2013.10.31 05:36:19.821,0.98423,0.98426,1.00,1.48
2013.10.31 05:36:20.331,0.98423,0.98426,1.00,1.48
2013.10.31 05:36:31.532,0.98421,0.98426,1.55,1.48
2013.10.31 05:36:32.071,0.98422,0.98423,1.10,1.13
2013.10.31 05:36:43.263,0.98422,0.98424,1.58,1.00
2013.10.31 05:36:46.011,0.98423,0.98424,1.00,1.00
2013.10.31 05:36:46.602,0.98423,0.98428,1.00,7.95
2013.10.31 05:36:47.133,0.98422,0.98428,1.95,8.70
2013.10.31 05:36:47.453,0.98424,0.98428,1.00,7.95
2013.10.31 05:36:48.252,0.98422,0.98428,1.20,7.95
2013.10.31 05:36:48.432,0.9842,0.98426,3.83,1.48
2013.10.31 05:36:49.982,0.9842,0.98424,1.18,1.38
2013.10.31 05:36:52.733,0.98422,0.98426,1.00,1.55
2013.10.31 05:36:53.454,0.98423,0.98426,1.00,1.18
2013.10.31 05:36:54.531,0.98422,0.98426,1.00,1.55
2013.10.31 05:36:55.264,0.9842,0.98426,1.18,1.55
2013.10.31 05:36:57.711,0.98422,0.98426,1.00,1.55
2013.10.31 05:36:59.682,0.9842,0.98426,1.18,1.55
2013.10.31 05:37:09.931,0.98419,0.98426,1.65,4.20
2013.10.31 05:37:14.592,0.98419,0.98426,2.03,4.20
2013.10.31 05:37:14.772,0.98423,0.98426,1.00,2.70
2013.10.31 05:37:27.821,0.98423,0.98426,1.38,2.25
2013.10.31 05:37:28.331,0.98423,0.98426,1.13,2.33
2013.10.31 05:37:30.832,0.98423,0.98427,1.13,3.45
2013.10.31 05:37:33.342,0.98423,0.98427,1.38,3.08
2013.10.31 05:37:35.161,0.98423,0.98427,1.13,3.45
2013.10.31 05:37:35.742,0.98424,0.98427,1.00,3.45
2013.10.31 05:37:36.312,0.9842,0.98427,3.15,7.20
2013.10.31 05:37:37.723,0.98423,0.98426,1.00,3.90
2013.10.31 05:37:42.011,0.98424,0.98427,1.00,3.08
2013.10.31 05:37:44.432,0.98423,0.98427,1.00,3.08
2013.10.31 05:37:45.194,0.98423,0.98427,1.00,6.83
2013.10.31 05:37:48.202,0.98423,0.98427,1.00,6.83
2013.10.31 05:37:48.262,0.98423,0.98427,1.00,7.20
2013.10.31 05:37:52.513,0.98422,0.98425,1.13,1.20
2013.10.31 05:37:53.473,0.98423,0.98425,1.00,1.20
2013.10.31 05:37:58.952,0.98424,0.98429,1.00,3.45
2013.10.31 05:38:00.182,0.98424,0.98428,1.00,1.65
2013.10.31 05:38:00.242,0.98422,0.98428,1.18,1.65
2013.10.31 05:38:00.484,0.98425,0.98428,1.50,1.65
2013.10.31 05:38:00.662,0.98423,0.98428,1.10,1.65
2013.10.31 05:38:01.335,0.98424,0.98428,1.00,1.65
2013.10.31 05:38:03.932,0.98423,0.98428,1.10,1.65
2013.10.31 05:38:09.831,0.98423,0.98426,1.50,2.70
2013.10.31 05:38:11.911,0.98424,0.98426,1.00,2.63
2013.10.31 05:38:13.612,0.98424,0.98427,1.00,2.63
2013.10.31 05:38:14.212,0.98424,0.98428,1.00,3.08
2013.10.31 05:38:15.032,0.98423,0.98428,1.13,3.83
2013.10.31 05:38:15.393,0.98426,0.98428,3.75,3.38
2013.10.31 05:38:15.512,0.98427,0.98431,1.00,3.45
2013.10.31 05:38:15.693,0.98429,0.98431,1.00,3.00
2013.10.31 05:38:15.871,0.98429,0.98432,1.45,1.00
2013.10.31 05:38:16.411,0.98429,0.98433,1.28,1.50
2013.10.31 05:38:16.472,0.9843,0.98434,2.63,1.38
2013.10.31 05:38:17.192,0.98431,0.98433,1.10,1.00
2013.10.31 05:38:23.272,0.98429,0.98433,2.03,1.00
2013.10.31 05:38:25.881,0.9843,0.98434,1.20,1.20
2013.10.31 05:38:26.392,0.9843,0.98434,1.48,1.10
2013.10.31 05:38:27.393,0.9843,0.98434,1.10,1.48
2013.10.31 05:38:28.041,0.9843,0.98434,1.20,1.20
2013.10.31 05:38:29.822,0.9843,0.98434,1.10,1.48
2013.10.31 05:38:30.361,0.98429,0.98434,1.55,1.10
2013.10.31 05:38:30.853,0.98428,0.98432,3.45,1.00
2013.10.31 05:38:31.391,0.98429,0.98433,1.38,2.25
2013.10.31 05:38:32.092,0.98429,0.98433,1.38,2.33
2013.10.31 05:38:32.631,0.98429,0.98433,1.38,2.25
2013.10.31 05:38:33.682,0.98429,0.98432,1.48,1.10
2013.10.31 05:38:36.661,0.9843,0.98432,1.13,1.00
2013.10.31 05:38:37.201,0.9843,0.98432,1.38,1.00
2013.10.31 05:38:40.111,0.98428,0.98432,1.18,1.38
2013.10.31 05:38:40.172,0.98427,0.98431,3.45,1.00
2013.10.31 05:38:40.232,0.98427,0.98431,1.20,1.58
2013.10.31 05:38:40.352,0.98427,0.9843,1.10,1.00
2013.10.31 05:38:40.901,0.98427,0.98429,1.10,1.38
2013.10.31 05:38:41.452,0.98428,0.98433,1.00,3.08
2013.10.31 05:38:41.752,0.98427,0.98431,1.10,1.58
2013.10.31 05:38:41.931,0.98427,0.98429,1.10,1.38
2013.10.31 05:38:42.802,0.98427,0.98429,1.20,1.00
2013.10.31 05:38:43.602,0.98427,0.9843,1.58,1.00
2013.10.31 05:38:44.141,0.98426,0.98431,1.55,1.20
2013.10.31 05:38:44.441,0.98433,0.98436,1.20,1.20
2013.10.31 05:38:44.622,0.98433,0.9844,1.38,3.08
2013.10.31 05:38:44.682,0.98433,0.98438,1.93,1.10
2013.10.31 05:38:45.221,0.98436,0.9844,1.10,1.20
2013.10.31 05:38:45.341,0.98436,0.9844,1.48,1.20
2013.10.31 05:38:47.471,0.98436,0.98441,1.48,4.65
2013.10.31 05:38:48.012,0.98434,0.9844,4.20,1.48
2013.10.31 05:38:48.962,0.98434,0.98439,2.70,1.50
2013.10.31 05:38:49.262,0.98429,0.98433,1.65,1.00
2013.10.31 05:38:51.241,0.98429,0.98434,1.65,1.10
2013.10.31 05:38:51.482,0.98429,0.98433,1.18,1.88
2013.10.31 05:38:51.542,0.98428,0.98431,1.10,1.13
2013.10.31 05:38:51.961,0.98424,0.98431,5.70,1.65
2013.10.31 05:38:52.563,0.98424,0.9843,4.20,1.10
2013.10.31 05:38:53.103,0.98427,0.98431,1.75,1.18
2013.10.31 05:39:00.171,0.98427,0.98431,1.93,1.00
2013.10.31 05:39:00.685,0.9843,0.98432,1.00,1.10
2013.10.31 05:39:01.221,0.98427,0.98432,2.03,4.58
2013.10.31 05:39:02.153,0.98427,0.98431,1.93,1.00
2013.10.31 05:39:02.511,0.9843,0.98432,1.50,1.10
2013.10.31 05:39:02.632,0.98428,0.98432,1.20,1.20
2013.10.31 05:39:03.176,0.98428,0.98431,1.10,1.00
2013.10.31 05:39:03.352,0.98426,0.9843,4.20,1.38
2013.10.31 05:39:03.712,0.98422,0.98425,1.58,1.00
2013.10.31 05:39:06.411,0.98421,0.98424,1.18,4.88
2013.10.31 05:39:06.963,0.98421,0.98424,1.00,1.48
2013.10.31 05:39:07.462,0.98421,0.98424,1.38,1.20
2013.10.31 05:39:08.002,0.98421,0.98424,1.00,1.48
2013.10.31 05:39:18.911,0.98421,0.98424,1.00,1.48
2013.10.31 05:39:19.033,0.98418,0.98421,2.70,1.50
2013.10.31 05:39:19.092,0.98418,0.98421,2.25,1.38
2013.10.31 05:39:19.153,0.98414,0.98418,2.70,1.00
2013.10.31 05:39:19.272,0.98413,0.98418,2.40,1.10
2013.10.31 05:39:19.571,0.98411,0.98417,5.33,1.08
2013.10.31 05:39:20.121,0.98411,0.98416,1.93,1.20
2013.10.31 05:39:20.482,0.9841,0.98416,3.83,3.45
2013.10.31 05:39:27.982,0.98411,0.98413,1.10,2.10
2013.10.31 05:39:28.223,0.98406,0.98409,3.00,1.13
2013.10.31 05:39:28.292,0.98406,0.98409,1.00,1.20
2013.10.31 05:39:28.832,0.98405,0.98409,1.10,1.20
2013.10.31 05:39:31.425,0.98404,0.98407,1.55,1.38
2013.10.31 05:39:31.674,0.98401,0.98403,1.00,1.13
2013.10.31 05:39:31.794,0.984,0.98402,1.00,1.10
2013.10.31 05:39:32.152,0.98396,0.984,4.28,1.13
2013.10.31 05:39:32.572,0.98398,0.98403,1.75,2.33
2013.10.31 05:39:32.692,0.98396,0.98401,4.28,1.20
2013.10.31 05:39:33.235,0.98396,0.98401,4.28,1.48
2013.10.31 05:39:34.821,0.98397,0.984,1.48,1.38
2013.10.31 05:39:36.413,0.98399,0.98403,1.38,2.25
2013.10.31 05:39:36.472,0.984,0.98403,1.38,2.63
2013.10.31 05:39:36.653,0.98402,0.98405,1.00,3.08
2013.10.31 05:39:37.191,0.98403,0.98408,1.13,3.45
2013.10.31 05:39:38.451,0.98402,0.98408,1.10,3.45
2013.10.31 05:39:39.434,0.98402,0.98408,1.95,7.20
2013.10.31 05:39:39.795,0.98408,0.98411,1.00,1.28
2013.10.31 05:39:40.153,0.98411,0.98414,1.00,1.10
2013.10.31 05:39:40.711,0.98411,0.98414,1.00,1.10
2013.10.31 05:39:41.071,0.9841,0.98414,1.10,1.10
2013.10.31 05:39:41.671,0.98409,0.98414,1.10,3.38
2013.10.31 05:39:42.211,0.98407,0.98413,2.03,1.65
2013.10.31 05:39:42.452,0.98409,0.98413,1.38,1.18
2013.10.31 05:39:42.991,0.98409,0.98412,1.38,1.48
2013.10.31 05:39:45.572,0.98408,0.98412,1.20,1.48
2013.10.31 05:39:45.632,0.98408,0.98411,1.10,1.50
2013.10.31 05:39:45.692,0.98404,0.98408,3.83,3.75
2013.10.31 05:39:45.813,0.98403,0.98407,2.78,1.38
2013.10.31 05:39:45.933,0.984,0.98405,4.20,1.38
2013.10.31 05:39:46.052,0.984,0.98403,2.63,1.00
2013.10.31 05:39:50.472,0.98399,0.98402,5.33,1.00
2013.10.31 05:39:52.971,0.98399,0.98402,1.58,1.00
2013.10.31 05:39:53.507,0.98397,0.98401,1.58,1.10
2013.10.31 05:39:59.242,0.98397,0.984,1.58,1.00
2013.10.31 05:39:59.301,0.98395,0.98398,3.00,1.00
2013.10.31 05:39:59.602,0.98391,0.98395,2.70,3.75
2013.10.31 05:39:59.902,0.98389,0.98393,2.78,1.00
2013.10.31 05:40:00.874,0.98389,0.98393,2.03,1.13
2013.10.31 05:40:00.993,0.98389,0.9839,1.50,1.00
2013.10.31 05:40:01.558,0.98385,0.98389,1.65,1.13
2013.10.31 05:40:01.982,0.98384,0.98387,3.45,1.00
2013.10.31 05:40:02.102,0.98384,0.98386,1.10,1.13
2013.10.31 05:40:02.223,0.98382,0.98386,2.25,3.45
2013.10.31 05:40:02.583,0.98384,0.98388,2.63,1.00
2013.10.31 05:40:02.642,0.98385,0.9839,2.70,1.13
2013.10.31 05:40:02.763,0.98388,0.98389,1.30,1.00
2013.10.31 05:40:02.883,0.98387,0.98391,1.38,1.00
2013.10.31 05:40:03.302,0.98387,0.98389,1.00,1.00
2013.10.31 05:40:03.422,0.98384,0.9839,2.70,1.85
2013.10.31 05:40:03.961,0.98382,0.98387,3.75,1.00
2013.10.31 05:40:08.171,0.98383,0.98389,1.65,2.40
2013.10.31 05:40:08.791,0.98384,0.98389,2.70,1.50
2013.10.31 05:40:09.452,0.98385,0.9839,1.55,1.58
2013.10.31 05:40:09.632,0.98386,0.98391,4.13,1.20
2013.10.31 05:40:09.752,0.98388,0.98392,2.25,1.00
2013.10.31 05:40:10.111,0.9839,0.98396,3.45,1.95
2013.10.31 05:40:12.801,0.9839,0.98396,1.28,3.75
2013.10.31 05:40:13.341,0.9839,0.98396,1.20,3.83
2013.10.31 05:40:21.951,0.98391,0.98396,1.00,3.83
2013.10.31 05:40:31.152,0.98389,0.98394,1.10,4.95
2013.10.31 05:40:31.271,0.98386,0.98391,1.88,3.08
2013.10.31 05:40:31.392,0.98385,0.98391,1.95,4.58
2013.10.31 05:40:31.451,0.98385,0.98388,1.20,1.00
2013.10.31 05:40:32.922,0.98383,0.98387,1.18,1.20
2013.10.31 05:40:32.983,0.98381,0.98383,3.75,1.00
2013.10.31 05:40:33.284,0.98378,0.98381,2.25,2.33
2013.10.31 05:40:33.462,0.98376,0.98381,1.65,1.48
2013.10.31 05:40:34.001,0.98377,0.98382,1.48,1.55
2013.10.31 05:40:34.543,0.98377,0.98381,1.20,1.10
2013.10.31 05:40:35.081,0.98378,0.98382,1.00,1.28
2013.10.31 05:40:36.171,0.9838,0.98383,1.00,2.70
2013.10.31 05:40:36.291,0.98381,0.98384,1.00,2.03
2013.10.31 05:40:36.831,0.98382,0.98385,1.00,2.70
2013.10.31 05:40:37.471,0.98382,0.98384,1.00,1.13
2013.10.31 05:40:38.842,0.98382,0.98386,1.00,1.65
2013.10.31 05:40:39.382,0.98382,0.98385,1.00,1.48
2013.10.31 05:40:39.922,0.98381,0.98384,1.10,1.13
2013.10.31 05:40:40.902,0.98381,0.98386,1.20,1.65
2013.10.31 05:40:42.283,0.98381,0.98387,1.10,4.20
2013.10.31 05:40:42.822,0.98381,0.98385,1.10,1.95
2013.10.31 05:40:43.061,0.98378,0.98385,1.28,4.95
2013.10.31 05:40:43.811,0.98378,0.98384,4.88,1.65
2013.10.31 05:40:44.052,0.98385,0.9839,1.38,3.45
2013.10.31 05:40:47.301,0.98385,0.98389,1.00,1.55
2013.10.31 05:40:47.363,0.98383,0.98388,1.18,1.48
2013.10.31 05:40:47.422,0.98382,0.98386,3.38,2.20
2013.10.31 05:40:47.902,0.98379,0.98384,2.70,1.38
2013.10.31 05:40:48.201,0.98377,0.98384,4.95,1.55
2013.10.31 05:40:48.381,0.98377,0.98384,4.95,1.55
2013.10.31 05:40:49.061,0.98377,0.98383,4.20,4.95
2013.10.31 05:40:49.121,0.98377,0.98383,1.95,7.20
2013.10.31 05:40:49.482,0.98377,0.98384,5.70,1.28
2013.10.31 05:40:49.901,0.98378,0.98383,1.50,3.08
2013.10.31 05:40:51.121,0.98378,0.98385,2.03,8.33
2013.10.31 05:40:51.661,0.98377,0.98384,4.95,5.40
2013.10.31 05:40:52.021,0.98377,0.98383,2.70,2.70
2013.10.31 05:40:53.082,0.98377,0.98383,1.95,2.70
2013.10.31 05:40:53.388,0.98382,0.98384,1.50,1.55
2013.10.31 05:40:53.693,0.98384,0.98386,1.20,2.18
2013.10.31 05:40:53.756,0.98384,0.9839,1.28,2.03
2013.10.31 05:40:53.823,0.98385,0.98389,2.25,4.13
2013.10.31 05:40:54.483,0.98385,0.98387,2.18,1.38
2013.10.31 05:40:54.783,0.98382,0.98387,1.10,2.78
2013.10.31 05:40:55.083,0.98381,0.98387,1.28,5.78
2013.10.31 05:40:55.631,0.9838,0.98387,2.40,4.95
2013.10.31 05:40:58.381,0.98382,0.98387,1.00,4.58
2013.10.31 05:40:58.741,0.98381,0.98388,5.33,1.55
2013.10.31 05:40:59.259,0.98383,0.98387,2.33,1.50
2013.10.31 05:40:59.323,0.98381,0.98387,2.33,2.33
2013.10.31 05:40:59.502,0.98381,0.98386,2.33,1.38
2013.10.31 05:40:59.742,0.98381,0.98386,2.25,1.38
2013.10.31 05:40:59.862,0.98379,0.98386,2.78,3.45
2013.10.31 05:41:00.282,0.98377,0.98381,1.00,2.33
2013.10.31 05:41:00.462,0.98376,0.98381,1.50,6.45
2013.10.31 05:41:00.581,0.98376,0.9838,1.13,4.28
2013.10.31 05:41:00.941,0.98372,0.98378,1.10,2.70
2013.10.31 05:41:02.573,0.9837,0.98375,2.33,1.38
2013.10.31 05:41:02.873,0.98368,0.98374,1.10,2.70
2013.10.31 05:41:02.935,0.98368,0.98375,3.00,4.58
2013.10.31 05:41:03.242,0.9837,0.98374,2.63,1.00
2013.10.31 05:41:05.461,0.9837,0.98374,2.25,1.88
2013.10.31 05:41:05.644,0.9837,0.98374,2.70,1.88
2013.10.31 05:41:06.181,0.9837,0.98374,2.33,1.88
2013.10.31 05:41:06.722,0.9837,0.98376,2.70,2.33
2013.10.31 05:41:07.261,0.9837,0.98374,1.95,1.10
2013.10.31 05:41:07.324,0.9837,0.98374,1.95,1.20
2013.10.31 05:41:07.561,0.98368,0.98374,4.20,1.20
2013.10.31 05:41:07.861,0.98368,0.98373,2.70,1.00
2013.10.31 05:41:08.420,0.98368,0.98372,3.45,1.00
2013.10.31 05:41:08.982,0.98369,0.98376,2.40,2.33
2013.10.31 05:41:09.403,0.98368,0.98373,3.45,1.00
2013.10.31 05:41:09.941,0.98368,0.98372,3.45,1.00
2013.10.31 05:41:10.181,0.98368,0.98373,7.20,1.00
2013.10.31 05:41:10.722,0.98369,0.98376,4.28,5.33
2013.10.31 05:41:10.961,0.9837,0.98375,3.83,1.00
2013.10.31 05:41:11.813,0.9837,0.98376,3.08,1.10
2013.10.31 05:41:15.031,0.98371,0.98374,1.18,1.13
2013.10.31 05:41:15.212,0.98368,0.98373,1.88,2.33
2013.10.31 05:41:15.331,0.98368,0.98374,1.28,1.28
2013.10.31 05:41:15.452,0.98368,0.98375,2.03,4.20
2013.10.31 05:41:15.511,0.98369,0.98375,2.70,1.95
2013.10.31 05:41:17.271,0.98371,0.98376,1.48,1.18
2013.10.31 05:41:17.332,0.98371,0.98377,1.58,3.08
2013.10.31 05:41:17.692,0.98371,0.98378,3.83,2.40
2013.10.31 05:41:18.051,0.98371,0.98378,4.20,2.03
2013.10.31 05:41:18.233,0.98374,0.98379,1.55,1.20
2013.10.31 05:41:18.351,0.98374,0.98379,1.55,1.48
2013.10.31 05:41:18.712,0.98376,0.9838,1.38,1.18
2013.10.31 05:41:19.251,0.98376,0.98379,1.38,1.10
2013.10.31 05:41:21.131,0.98376,0.9838,1.00,2.03
2013.10.31 05:41:21.912,0.98376,0.9838,7.13,1.10
2013.10.31 05:41:22.092,0.98378,0.98383,4.20,1.00
2013.10.31 05:41:22.613,0.98378,0.98385,3.45,2.78
2013.10.31 05:41:25.111,0.9838,0.98385,3.38,1.20
2013.10.31 05:41:25.663,0.9838,0.98386,3.08,1.48
2013.10.31 05:41:26.185,0.9838,0.98386,2.33,4.95
2013.10.31 05:41:26.672,0.9838,0.98386,2.70,3.45
2013.10.31 05:41:27.221,0.9838,0.98387,3.83,2.40
2013.10.31 05:41:27.691,0.9838,0.98385,1.10,1.65
2013.10.31 05:41:31.262,0.98379,0.98385,1.18,1.55
2013.10.31 05:41:34.342,0.98376,0.98382,3.45,2.33
2013.10.31 05:41:38.483,0.98376,0.9838,3.45,1.00
2013.10.31 05:41:38.851,0.98375,0.98379,1.13,1.18
2013.10.31 05:41:40.151,0.98376,0.98381,1.48,1.18
2013.10.31 05:41:40.691,0.98377,0.98382,1.13,3.45
2013.10.31 05:41:41.232,0.98375,0.98381,2.40,1.28
2013.10.31 05:41:41.351,0.98376,0.98381,2.70,1.13
2013.10.31 05:41:42.372,0.98377,0.98382,1.18,1.20
2013.10.31 05:41:44.322,0.98377,0.98381,1.18,1.00
2013.10.31 05:41:44.681,0.98375,0.98381,1.65,2.03
2013.10.31 05:41:45.221,0.98375,0.9838,2.03,1.10
2013.10.31 05:41:45.837,0.98374,0.98381,4.95,2.78
2013.10.31 05:41:46.154,0.98374,0.98379,1.65,1.08
2013.10.31 05:41:46.332,0.98373,0.98379,1.55,1.28
2013.10.31 05:41:47.382,0.98372,0.98378,4.20,1.48
2013.10.31 05:41:57.467,0.98372,0.98378,3.45,1.58
2013.10.31 05:42:00.452,0.98373,0.98378,5.03,1.10
2013.10.31 05:42:05.872,0.98373,0.98379,1.65,1.55
2013.10.31 05:42:06.411,0.98373,0.98378,1.00,2.70
2013.10.31 05:42:06.950,0.98373,0.98376,1.00,2.63
2013.10.31 05:42:08.641,0.98372,0.98376,1.50,2.70
2013.10.31 05:42:09.181,0.98373,0.98376,1.13,2.33
2013.10.31 05:42:09.301,0.98373,0.98377,1.13,1.28
2013.10.31 05:42:11.766,0.98373,0.98377,1.00,1.55
2013.10.31 05:42:16.841,0.98373,0.98378,1.13,3.83
2013.10.31 05:42:17.600,0.98373,0.98376,1.00,1.48
2013.10.31 05:42:19.533,0.98372,0.98376,1.20,1.48
2013.10.31 05:42:19.952,0.98369,0.98373,4.05,1.00
2013.10.31 05:42:20.131,0.98367,0.9837,1.10,1.88
2013.10.31 05:42:20.251,0.98366,0.98367,1.13,4.50
2013.10.31 05:42:20.312,0.98362,0.98367,2.70,5.70
2013.10.31 05:42:20.851,0.98361,0.98367,3.83,1.95
2013.10.31 05:42:21.702,0.98363,0.98367,1.10,1.48
2013.10.31 05:42:22.781,0.98363,0.98367,1.48,1.10
2013.10.31 05:42:24.013,0.98363,0.98367,1.58,1.20
2013.10.31 05:42:26.082,0.98363,0.98366,1.13,4.35
2013.10.31 05:42:26.142,0.98361,0.98366,1.00,5.18
2013.10.31 05:42:26.262,0.98358,0.98363,1.95,2.25
2013.10.31 05:42:26.322,0.98358,0.98363,1.10,3.00
2013.10.31 05:42:26.442,0.98359,0.98363,1.50,1.28
2013.10.31 05:42:26.682,0.98361,0.98365,1.38,3.38
2013.10.31 05:42:26.922,0.98361,0.98366,1.58,1.28
2013.10.31 05:42:26.982,0.98361,0.98366,1.58,1.20
2013.10.31 05:42:27.101,0.98362,0.98366,1.38,1.18
2013.10.31 05:42:28.702,0.98361,0.98366,3.00,1.20
2013.10.31 05:42:29.553,0.98361,0.98367,3.83,1.10
2013.10.31 05:42:30.121,0.98361,0.98367,1.28,2.25
2013.10.31 05:42:30.602,0.9836,0.98365,1.13,3.45
2013.10.31 05:42:31.141,0.9836,0.98365,1.00,7.20
2013.10.31 05:42:31.442,0.9836,0.98365,1.13,7.20
2013.10.31 05:42:32.081,0.98359,0.98365,1.48,4.20
2013.10.31 05:42:33.101,0.98359,0.98365,3.45,1.95
2013.10.31 05:42:33.704,0.98359,0.98365,3.45,1.58
2013.10.31 05:42:34.251,0.98359,0.98364,3.45,7.88
2013.10.31 05:42:36.662,0.98359,0.98363,3.08,1.00
2013.10.31 05:42:37.142,0.98357,0.98362,3.45,1.38
2013.10.31 05:42:37.562,0.98359,0.98363,1.38,7.50
2013.10.31 05:42:37.741,0.98357,0.98362,3.83,1.13
2013.10.31 05:42:37.801,0.98359,0.98363,1.48,4.20
2013.10.31 05:42:38.342,0.98359,0.98363,1.95,1.10
2013.10.31 05:42:38.701,0.98363,0.98366,1.48,1.00
2013.10.31 05:42:39.362,0.98364,0.98368,1.48,1.10
2013.10.31 05:42:40.512,0.98364,0.98367,1.10,1.00
2013.10.31 05:42:40.572,0.98364,0.98367,1.48,1.00
2013.10.31 05:42:40.691,0.98362,0.98366,2.70,1.38
2013.10.31 05:42:41.351,0.9836,0.98365,3.45,1.13
2013.10.31 05:42:41.861,0.9836,0.98365,2.70,1.50
2013.10.31 05:42:42.463,0.98361,0.98366,1.55,1.10
2013.10.31 05:42:42.822,0.98361,0.98365,1.55,1.00
2013.10.31 05:42:43.362,0.9836,0.98365,2.70,1.13
2013.10.31 05:42:44.541,0.9836,0.98367,2.70,1.65
2013.10.31 05:42:44.663,0.9836,0.98365,1.48,1.18
2013.10.31 05:42:47.572,0.9836,0.98364,1.10,1.10
2013.10.31 05:42:48.090,0.98361,0.98363,1.00,1.00
2013.10.31 05:42:48.631,0.9836,0.98363,1.10,1.00
2013.10.31 05:42:51.512,0.9836,0.98365,1.48,1.28
2013.10.31 05:42:52.911,0.9836,0.98365,1.10,1.88
2013.10.31 05:42:52.972,0.98359,0.98362,1.65,1.13
2013.10.31 05:42:53.092,0.98356,0.98359,3.00,1.00
2013.10.31 05:42:53.212,0.98354,0.98358,1.55,1.88
2013.10.31 05:42:53.751,0.98351,0.98357,4.58,1.20
2013.10.31 05:42:54.301,0.98351,0.98356,3.83,1.00
2013.10.31 05:42:54.481,0.98351,0.98357,3.83,1.10
2013.10.31 05:42:55.721,0.98351,0.98356,3.08,1.00
2013.10.31 05:42:55.962,0.98351,0.98356,3.08,1.00
2013.10.31 05:42:56.562,0.98351,0.98358,3.83,2.40
2013.10.31 05:42:57.282,0.98352,0.98358,1.55,1.65
2013.10.31 05:42:57.641,0.98352,0.98358,1.55,1.28
2013.10.31 05:42:57.951,0.98352,0.98358,1.55,1.65
2013.10.31 05:42:58.602,0.98355,0.98359,1.38,2.33
2013.10.31 05:42:59.141,0.98354,0.9836,1.18,2.78
2013.10.31 05:42:59.681,0.98353,0.98358,3.83,1.00
2013.10.31 05:43:01.391,0.98353,0.98357,3.45,1.00
2013.10.31 05:43:05.132,0.98353,0.98357,1.20,1.20
2013.10.31 05:43:05.862,0.98353,0.98357,1.10,1.48
2013.10.31 05:43:06.402,0.98352,0.98357,1.55,1.10
2013.10.31 05:43:08.081,0.98352,0.98357,1.38,2.33
2013.10.31 05:43:08.812,0.98351,0.98355,1.10,1.58
2013.10.31 05:43:08.932,0.98351,0.98354,1.13,2.33
2013.10.31 05:43:09.471,0.98349,0.98355,2.33,6.00
2013.10.31 05:43:10.021,0.98349,0.98355,2.33,3.83
2013.10.31 05:43:10.562,0.98349,0.98355,4.58,1.58
2013.10.31 05:43:11.041,0.98349,0.98354,3.00,8.63
2013.10.31 05:43:11.462,0.98347,0.98352,1.28,1.48
2013.10.31 05:43:11.884,0.98348,0.98353,1.10,2.03
2013.10.31 05:43:12.003,0.98348,0.98353,1.10,1.65
2013.10.31 05:43:12.422,0.98349,0.98353,1.18,1.50
2013.10.31 05:43:12.782,0.98348,0.98353,1.20,1.65
2013.10.31 05:43:13.322,0.98348,0.98353,1.10,1.65
2013.10.31 05:43:13.992,0.98346,0.98352,4.20,4.20
2013.10.31 05:43:14.411,0.98346,0.98352,1.20,7.58
2013.10.31 05:43:15.521,0.98347,0.98352,1.00,3.45
2013.10.31 05:43:15.582,0.98348,0.98352,1.08,1.45
2013.10.31 05:43:15.762,0.98346,0.98352,1.28,1.65
2013.10.31 05:43:18.376,0.98346,0.98352,1.18,2.03
2013.10.31 05:43:19.934,0.98347,0.98352,1.58,1.55
2013.10.31 05:43:19.994,0.98349,0.98352,1.00,1.55
2013.10.31 05:43:20.292,0.98347,0.98352,2.33,1.55
2013.10.31 05:43:20.351,0.98347,0.98352,1.58,1.65
2013.10.31 05:43:20.722,0.98347,0.98352,3.08,1.13
2013.10.31 05:43:20.962,0.98347,0.9835,1.10,1.38
2013.10.31 05:43:25.631,0.98345,0.9835,2.55,1.88
2013.10.31 05:43:25.752,0.98346,0.9835,1.00,4.20
2013.10.31 05:43:26.291,0.98346,0.9835,1.10,1.48
2013.10.31 05:43:27.691,0.98346,0.9835,1.10,1.10
2013.10.31 05:43:29.142,0.98344,0.9835,2.25,3.83
2013.10.31 05:43:31.969,0.98344,0.98349,2.33,2.25
2013.10.31 05:43:32.098,0.98344,0.98346,2.18,1.38
2013.10.31 05:43:32.641,0.98341,0.98345,2.33,1.00
2013.10.31 05:43:33.691,0.9834,0.98345,3.45,1.10
2013.10.31 05:43:34.208,0.9834,0.98345,1.55,1.10
2013.10.31 05:43:34.276,0.98341,0.98345,1.20,1.43
2013.10.31 05:43:34.342,0.98341,0.98345,1.20,1.05
2013.10.31 05:43:34.463,0.98339,0.98344,2.33,2.25
2013.10.31 05:43:34.582,0.98339,0.98345,2.40,1.18
2013.10.31 05:43:35.612,0.98339,0.98346,5.70,4.13
2013.10.31 05:43:36.151,0.9834,0.98346,2.70,1.95
2013.10.31 05:43:36.972,0.9834,0.98346,2.70,1.95
2013.10.31 05:43:37.514,0.98343,0.98346,1.00,1.48
2013.10.31 05:43:38.052,0.98343,0.98347,1.00,2.03
2013.10.31 05:43:38.616,0.98343,0.98346,1.00,1.48
2013.10.31 05:43:39.172,0.9834,0.98344,3.08,1.38
2013.10.31 05:43:39.472,0.98341,0.98345,1.55,1.00
2013.10.31 05:43:39.712,0.98342,0.98348,2.70,1.95
2013.10.31 05:43:40.012,0.98344,0.98348,2.25,1.88
2013.10.31 05:43:40.672,0.98344,0.98348,2.70,1.00
2013.10.31 05:43:41.032,0.98346,0.98352,2.70,2.70
2013.10.31 05:43:41.092,0.98347,0.98353,2.63,3.83
2013.10.31 05:43:41.211,0.98347,0.98353,3.08,1.58
2013.10.31 05:43:41.392,0.98349,0.98353,2.25,1.38
2013.10.31 05:43:41.751,0.98351,0.98354,2.33,1.13
2013.10.31 05:43:42.292,0.98351,0.98354,2.33,1.00
2013.10.31 05:43:42.652,0.98354,0.98358,4.51,1.00
2013.10.31 05:43:42.891,0.98353,0.98357,2.33,1.38
2013.10.31 05:43:43.013,0.98352,0.98357,1.28,1.48
2013.10.31 05:43:43.752,0.98351,0.98357,4.95,1.20
2013.10.31 05:43:44.676,0.98351,0.98357,1.65,4.50
2013.10.31 05:43:44.862,0.98349,0.98354,4.20,1.00
2013.10.31 05:43:44.923,0.98348,0.98354,2.40,1.55
2013.10.31 05:43:45.282,0.98347,0.98352,2.33,1.38
2013.10.31 05:43:45.463,0.98346,0.98351,3.00,2.70
2013.10.31 05:43:45.881,0.98345,0.98351,3.08,1.10
2013.10.31 05:43:46.122,0.98345,0.98351,1.10,3.83
2013.10.31 05:43:47.219,0.98343,0.98348,1.18,1.58
2013.10.31 05:43:47.772,0.98342,0.98348,1.18,2.03
2013.10.31 05:43:49.821,0.98341,0.98347,1.20,2.70
2013.10.31 05:43:52.602,0.98341,0.98348,4.20,1.55
2013.10.31 05:43:53.211,0.98341,0.98348,5.33,1.28
2013.10.31 05:43:53.992,0.98341,0.98347,3.08,2.33
2013.10.31 05:43:54.292,0.98341,0.98348,5.33,1.28
2013.10.31 05:43:56.722,0.98341,0.98346,4.88,2.70
2013.10.31 05:43:56.842,0.98339,0.98345,4.50,1.18
2013.10.31 05:43:56.903,0.98338,0.98343,1.18,1.58
2013.10.31 05:43:57.623,0.98339,0.98343,3.45,1.00
2013.10.31 05:44:00.771,0.98339,0.98345,1.58,3.45
2013.10.31 05:44:01.822,0.98337,0.98342,3.08,1.00
2013.10.31 05:44:02.362,0.98339,0.98343,1.10,1.58
2013.10.31 05:44:02.422,0.98339,0.98343,1.20,1.20
2013.10.31 05:44:02.601,0.98339,0.98345,2.33,2.33
2013.10.31 05:44:02.841,0.9834,0.98346,1.55,1.28
2013.10.31 05:44:03.392,0.9834,0.98346,1.55,1.28
2013.10.31 05:44:04.233,0.98336,0.98339,1.18,1.00
2013.10.31 05:44:05.252,0.98336,0.98338,1.10,1.38
2013.10.31 05:44:05.612,0.98334,0.98337,2.93,5.43
2013.10.31 05:44:05.913,0.98327,0.9833,1.10,1.38
2013.10.31 05:44:06.033,0.98327,0.98333,1.10,3.08
2013.10.31 05:44:06.154,0.9833,0.98334,1.00,1.55
2013.10.31 05:44:06.214,0.98332,0.98334,1.10,1.13
2013.10.31 05:44:06.392,0.98332,0.98336,2.70,1.00
2013.10.31 05:44:06.932,0.98332,0.98337,1.10,2.03
2013.10.31 05:44:07.232,0.98331,0.98337,1.10,2.03
2013.10.31 05:44:07.352,0.98331,0.98334,1.55,1.50
2013.10.31 05:44:07.412,0.98331,0.98334,1.55,1.50
2013.10.31 05:44:07.711,0.9832,0.98329,1.50,2.88
2013.10.31 05:44:07.893,0.98322,0.98326,2.25,4.13
2013.10.31 05:44:08.134,0.98319,0.98324,1.00,2.25
2013.10.31 05:44:08.193,0.98322,0.98324,1.00,1.13
2013.10.31 05:44:08.312,0.98324,0.98327,1.00,1.13
2013.10.31 05:44:08.373,0.98326,0.9833,1.00,4.58
2013.10.31 05:44:08.493,0.98326,0.9833,1.10,1.50
2013.10.31 05:44:08.852,0.98327,0.98331,1.18,1.43
2013.10.31 05:44:09.512,0.98327,0.98332,1.18,2.33
2013.10.31 05:44:09.572,0.98325,0.98329,1.00,3.76
2013.10.31 05:44:09.631,0.9832,0.98327,4.95,2.13
2013.10.31 05:44:09.752,0.98322,0.98327,1.00,4.21
2013.10.31 05:44:10.112,0.98324,0.98327,2.55,4.83
2013.10.31 05:44:10.472,0.98325,0.98331,2.25,1.95
2013.10.31 05:44:11.312,0.98325,0.98331,2.25,3.55
2013.10.31 05:44:12.072,0.98325,0.9833,2.25,2.63
2013.10.31 05:44:12.582,0.98325,0.9833,2.25,2.63
2013.10.31 05:44:13.103,0.98325,0.9833,2.25,1.88
2013.10.31 05:44:15.913,0.98325,0.9833,3.00,1.00
2013.10.31 05:44:17.325,0.98323,0.98329,2.33,2.70
2013.10.31 05:44:18.411,0.9832,0.98325,1.00,1.50
2013.10.31 05:44:18.712,0.98309,0.98319,2.40,5.25
2013.10.31 05:44:18.835,0.9831,0.98314,2.33,2.13
2013.10.31 05:44:19.252,0.98314,0.98315,1.00,2.18
2013.10.31 05:44:19.372,0.98313,0.98319,2.33,2.25
2013.10.31 05:44:19.492,0.98314,0.9832,3.45,1.20
2013.10.31 05:44:19.792,0.98315,0.9832,1.13,3.75
2013.10.31 05:44:20.212,0.98313,0.98319,1.65,4.96
2013.10.31 05:44:20.393,0.9831,0.98314,1.13,4.20
2013.10.31 05:44:20.453,0.98305,0.98313,1.95,4.21
2013.10.31 05:44:20.693,0.98311,0.98313,4.13,2.18
2013.10.31 05:44:20.944,0.98314,0.98319,2.95,1.50
2013.10.31 05:44:21.482,0.98315,0.98319,2.33,2.13
2013.10.31 05:44:21.542,0.98314,0.98319,1.13,2.95
2013.10.31 05:44:22.081,0.98314,0.9832,1.13,3.83
2013.10.31 05:44:22.324,0.98312,0.9832,1.28,6.08
2013.10.31 05:44:22.624,0.98307,0.98314,3.08,3.47
2013.10.31 05:44:22.683,0.98307,0.98313,1.00,5.26
2013.10.31 05:44:22.863,0.98308,0.98314,1.20,3.83
2013.10.31 05:44:22.924,0.98311,0.98314,1.00,3.08
2013.10.31 05:44:22.984,0.98311,0.98316,1.00,4.20
2013.10.31 05:44:23.042,0.98312,0.98316,1.38,4.20
2013.10.31 05:44:23.222,0.98312,0.98318,1.48,3.08
2013.10.31 05:44:23.763,0.98313,0.98319,1.28,1.93
2013.10.31 05:44:23.882,0.98314,0.9832,2.70,3.08
2013.10.31 05:44:24.421,0.98314,0.9832,3.45,1.00
2013.10.31 05:44:25.082,0.98314,0.9832,3.38,2.33
2013.10.31 05:44:25.443,0.98316,0.9832,2.33,1.88
2013.10.31 05:44:26.112,0.98314,0.9832,3.08,1.75
2013.10.31 05:44:26.732,0.98314,0.9832,3.08,1.75
2013.10.31 05:44:26.792,0.98308,0.98317,1.88,5.13
2013.10.31 05:44:26.985,0.98308,0.98315,2.18,25.21
2013.10.31 05:44:27.044,0.98304,0.98309,1.00,6.08
2013.10.31 05:44:27.163,0.98306,0.98309,1.50,1.65
2013.10.31 05:44:27.703,0.98307,0.98311,1.58,1.48
2013.10.31 05:44:28.181,0.98308,0.98313,3.00,3.00
2013.10.31 05:44:28.242,0.98311,0.98314,1.10,1.00
2013.10.31 05:44:28.301,0.98311,0.98317,1.48,4.20
2013.10.31 05:44:29.093,0.98312,0.98317,2.70,1.00
2013.10.31 05:44:30.251,0.98313,0.98317,1.28,1.38
2013.10.31 05:44:30.432,0.98316,0.98318,1.00,1.13
2013.10.31 05:44:30.791,0.98317,0.98321,2.25,1.88
2013.10.31 05:44:31.471,0.98317,0.98321,2.33,1.38
2013.10.31 05:44:32.011,0.98317,0.98321,2.25,1.50
2013.10.31 05:44:32.192,0.98317,0.98321,2.33,1.50
2013.10.31 05:44:35.181,0.98316,0.98321,1.18,1.50
2013.10.31 05:44:36.872,0.98319,0.98322,1.00,1.10
2013.10.31 05:44:36.992,0.98317,0.98322,3.08,1.50
2013.10.31 05:44:37.531,0.98317,0.98322,3.08,1.50
2013.10.31 05:44:38.132,0.98317,0.98321,1.00,2.70
2013.10.31 05:44:44.001,0.98317,0.98322,1.58,1.65
2013.10.31 05:44:44.611,0.98318,0.98322,1.00,1.18
2013.10.31 05:44:44.672,0.98318,0.98323,1.95,2.25
2013.10.31 05:44:44.972,0.98323,0.98327,3.36,1.00
2013.10.31 05:44:46.613,0.98324,0.98329,1.18,1.10
2013.10.31 05:44:46.732,0.98325,0.98329,1.00,2.70
2013.10.31 05:44:47.931,0.98325,0.9833,1.58,1.55
2013.10.31 05:44:49.562,0.98325,0.9833,1.20,1.55
2013.10.31 05:44:52.351,0.98324,0.9833,2.03,1.55
2013.10.31 05:44:52.892,0.98324,0.98329,1.38,2.70
2013.10.31 05:44:54.822,0.98324,0.9833,1.55,1.55
2013.10.31 05:44:54.942,0.98326,0.98331,2.33,4.13
2013.10.31 05:44:55.484,0.98326,0.9833,1.58,2.70
2013.10.31 05:44:55.602,0.98326,0.9833,1.95,2.70
2013.10.31 05:44:56.021,0.98324,0.9833,2.70,2.70
2013.10.31 05:44:56.261,0.98324,0.9833,2.70,1.95
2013.10.31 05:44:56.382,0.98324,0.9833,2.70,2.33
2013.10.31 05:44:56.562,0.98323,0.98328,1.95,1.65
2013.10.31 05:44:56.922,0.98324,0.98329,1.38,2.33
2013.10.31 05:44:57.041,0.98324,0.98329,1.13,2.70
2013.10.31 05:44:57.102,0.98324,0.98329,1.38,2.33
2013.10.31 05:44:57.791,0.98324,0.98329,1.13,2.70
2013.10.31 05:44:58.341,0.98323,0.98327,1.20,1.20
2013.10.31 05:44:58.867,0.98323,0.98327,1.10,1.48
2013.10.31 05:44:59.442,0.98323,0.98327,1.20,1.20
2013.10.31 05:45:00.074,0.98323,0.98327,1.10,1.48
2013.10.31 05:45:00.658,0.98323,0.98327,1.20,1.20
2013.10.31 05:45:03.541,0.98323,0.98328,1.10,1.55
2013.10.31 05:45:06.281,0.98323,0.98328,1.20,1.55
2013.10.31 05:45:08.214,0.98323,0.98328,1.48,1.28
2013.10.31 05:45:08.762,0.98323,0.98328,1.10,1.55
2013.10.31 05:45:09.681,0.98323,0.98328,1.20,1.55
2013.10.31 05:45:10.803,0.98323,0.98326,1.20,1.00
2013.10.31 05:45:11.342,0.98322,0.98325,3.53,1.13
2013.10.31 05:45:13.796,0.98321,0.98325,5.33,1.13
2013.10.31 05:45:13.916,0.9832,0.98323,1.13,5.95
2013.10.31 05:45:13.974,0.98317,0.98322,3.00,4.13
2013.10.31 05:45:14.842,0.98315,0.98321,1.48,4.58
2013.10.31 05:45:15.382,0.98314,0.98321,1.55,4.58
2013.10.31 05:45:15.683,0.98314,0.98321,1.18,4.58
2013.10.31 05:45:16.264,0.98313,0.98319,3.08,3.03
2013.10.31 05:45:16.328,0.98312,0.98319,2.40,5.28
2013.10.31 05:45:17.432,0.98314,0.98319,1.13,3.90
2013.10.31 05:45:17.492,0.98315,0.98319,2.55,3.65
2013.10.31 05:45:18.032,0.98314,0.98319,4.58,1.50
2013.10.31 05:45:18.532,0.98314,0.98319,2.33,1.65
2013.10.31 05:45:18.593,0.98314,0.98319,2.33,1.58
2013.10.31 05:45:19.013,0.98313,0.98319,1.13,5.86
2013.10.31 05:45:19.192,0.98317,0.9832,1.38,7.35
2013.10.31 05:45:19.372,0.98313,0.98319,4.28,4.73
2013.10.31 05:45:19.552,0.98313,0.98319,1.65,4.73
2013.10.31 05:45:20.452,0.98313,0.98319,1.65,4.36
2013.10.31 05:45:20.633,0.98314,0.98319,7.88,3.75
2013.10.31 05:45:20.752,0.98317,0.98319,1.18,1.13
2013.10.31 05:45:20.994,0.98315,0.98319,1.13,1.65
2013.10.31 05:45:22.123,0.98317,0.98319,1.38,1.10
2013.10.31 05:45:22.482,0.98319,0.9832,1.00,1.00
2013.10.31 05:45:22.843,0.98316,0.9832,6.45,1.00
2013.10.31 05:45:22.962,0.98315,0.9832,1.28,1.48
2013.10.31 05:45:24.043,0.98312,0.98318,1.75,5.63
2013.10.31 05:45:24.944,0.98317,0.98321,1.38,2.33
2013.10.31 05:45:25.012,0.98317,0.98322,3.83,1.38
2013.10.31 05:45:25.492,0.98315,0.98322,3.83,2.66
2013.10.31 05:45:25.793,0.98315,0.9832,1.13,5.63
2013.10.31 05:45:26.812,0.98317,0.9832,1.38,4.73
2013.10.31 05:45:27.051,0.98318,0.9832,1.00,1.00
2013.10.31 05:45:27.111,0.98318,0.9832,1.00,1.00
2013.10.31 05:45:27.652,0.98319,0.98323,1.00,3.08
2013.10.31 05:45:28.276,0.98315,0.98323,5.33,8.58
2013.10.31 05:45:28.402,0.98315,0.9832,1.13,3.73
2013.10.31 05:45:29.722,0.98315,0.9832,3.38,3.35
2013.10.31 05:45:30.022,0.98316,0.9832,3.53,1.00
2013.10.31 05:45:30.382,0.98315,0.9832,3.08,1.55
2013.10.31 05:45:30.502,0.98315,0.9832,1.20,2.03
2013.10.31 05:45:31.391,0.98314,0.9832,1.28,2.65
2013.10.31 05:45:31.752,0.98312,0.98318,1.20,4.10
2013.10.31 05:45:31.811,0.98312,0.98317,1.13,6.01
2013.10.31 05:45:32.172,0.98314,0.98317,1.00,1.55
2013.10.31 05:45:32.233,0.98314,0.98319,1.48,1.65
2013.10.31 05:45:32.742,0.98314,0.98319,1.48,1.28
2013.10.31 05:45:33.203,0.98314,0.98319,1.20,1.65
2013.10.31 05:45:34.182,0.98315,0.98319,1.00,1.65
2013.10.31 05:45:34.832,0.98315,0.98319,2.63,1.08
2013.10.31 05:45:34.953,0.98316,0.9832,2.70,1.13
2013.10.31 05:45:35.193,0.98316,0.9832,2.93,1.13
2013.10.31 05:45:35.256,0.98316,0.9832,1.10,2.33
2013.10.31 05:45:36.972,0.98316,0.9832,1.48,1.10
2013.10.31 05:45:37.032,0.98316,0.9832,1.85,1.10
2013.10.31 05:45:37.272,0.98316,0.9832,1.20,1.00
2013.10.31 05:45:37.453,0.98314,0.98318,2.63,1.50
2013.10.31 05:45:37.992,0.98313,0.98317,1.55,1.38
2013.10.31 05:45:38.532,0.98313,0.98317,1.55,1.38
2013.10.31 05:45:38.952,0.98317,0.98321,2.63,2.55
2013.10.31 05:45:39.132,0.98315,0.98321,3.45,1.38
2013.10.31 05:45:40.762,0.98315,0.98321,3.45,1.00
2013.10.31 05:45:40.882,0.98316,0.98321,1.93,1.00
2013.10.31 05:45:41.422,0.98317,0.98321,3.45,1.00
2013.10.31 05:45:41.662,0.98317,0.98321,2.33,1.00
2013.10.31 05:45:41.722,0.98316,0.98321,5.40,1.38
2013.10.31 05:45:44.881,0.98315,0.9832,1.00,4.10
2013.10.31 05:45:45.521,0.98315,0.9832,1.00,3.83
2013.10.31 05:45:46.952,0.98315,0.9832,1.00,6.00
2013.10.31 05:45:47.474,0.98313,0.9832,1.55,5.33
2013.10.31 05:45:52.492,0.98314,0.98318,1.20,1.20
2013.10.31 05:45:52.733,0.98319,0.98321,1.00,1.00
2013.10.31 05:45:54.413,0.98319,0.98321,1.00,1.00
2013.10.31 05:45:54.772,0.98313,0.98318,3.83,2.13
2013.10.31 05:45:55.472,0.98316,0.98318,1.50,1.13
2013.10.31 05:45:58.772,0.98317,0.98321,1.00,3.08
2013.10.31 05:45:59.012,0.98318,0.98321,1.88,2.55
2013.10.31 05:45:59.133,0.98322,0.98327,1.00,3.08
2013.10.31 05:45:59.769,0.98324,0.98327,1.00,1.48
2013.10.31 05:46:00.292,0.98324,0.98327,1.18,1.38
2013.10.31 05:46:01.173,0.98321,0.98327,1.50,5.26
2013.10.31 05:46:01.293,0.98319,0.98325,2.70,3.46
2013.10.31 05:46:01.354,0.98319,0.98325,2.18,3.53
2013.10.31 05:46:01.416,0.98318,0.98325,1.65,5.33
2013.10.31 05:46:01.963,0.98317,0.98322,2.18,3.33
2013.10.31 05:46:02.022,0.98316,0.98322,1.18,3.43
2013.10.31 05:46:02.982,0.98316,0.98321,2.03,1.48
2013.10.31 05:46:04.062,0.98318,0.98321,1.00,1.48
2013.10.31 05:46:04.602,0.98318,0.98323,1.00,4.58
2013.10.31 05:46:05.143,0.98317,0.98323,1.58,4.58
2013.10.31 05:46:07.572,0.98317,0.98323,2.70,3.83
2013.10.31 05:46:08.106,0.9832,0.98323,1.00,3.45
2013.10.31 05:46:08.662,0.98317,0.98323,2.33,3.83
2013.10.31 05:46:10.222,0.98319,0.98323,1.13,4.58
2013.10.31 05:46:12.543,0.98319,0.98323,1.38,3.45
2013.10.31 05:46:14.347,0.98319,0.98321,1.00,1.00
2013.10.31 05:46:16.013,0.98319,0.98321,1.20,1.00
2013.10.31 05:46:17.032,0.98319,0.98321,1.20,1.13
2013.10.31 05:46:29.882,0.98317,0.98323,3.08,3.08
2013.10.31 05:46:31.051,0.98317,0.98323,3.08,2.70
2013.10.31 05:46:32.532,0.98317,0.98322,2.70,1.88
2013.10.31 05:46:32.657,0.98317,0.98322,2.25,1.38
2013.10.31 05:46:33.054,0.98319,0.98325,5.70,4.20
2013.10.31 05:46:33.112,0.9832,0.98325,2.33,2.25
2013.10.31 05:46:33.472,0.98324,0.98328,1.00,2.70
2013.10.31 05:46:33.832,0.98324,0.98329,3.08,1.13
2013.10.31 05:46:36.152,0.98324,0.9833,3.08,3.83
2013.10.31 05:46:36.513,0.98324,0.98325,3.30,1.88
2013.10.31 05:46:36.812,0.98322,0.98326,1.95,3.45
2013.10.31 05:46:36.872,0.98322,0.98326,1.95,1.20
2013.10.31 05:46:36.992,0.98322,0.98328,3.75,1.55
2013.10.31 05:46:37.232,0.98323,0.98329,1.55,2.40
2013.10.31 05:46:38.922,0.98323,0.98329,1.18,2.40
2013.10.31 05:46:39.042,0.98323,0.98329,1.55,2.40
2013.10.31 05:46:40.772,0.98324,0.9833,4.20,3.08
2013.10.31 05:46:42.092,0.98325,0.98328,1.18,1.13
2013.10.31 05:46:42.272,0.98323,0.98324,2.18,1.00
2013.10.31 05:46:42.333,0.9832,0.98324,1.38,1.00
2013.10.31 05:46:42.932,0.98321,0.98323,1.00,2.20
2013.10.31 05:46:43.672,0.9832,0.98323,1.00,2.20
2013.10.31 05:46:44.222,0.9832,0.98323,1.00,1.38
2013.10.31 05:46:44.714,0.98318,0.98323,1.55,1.00
2013.10.31 05:46:45.831,0.98318,0.98322,1.18,1.38
2013.10.31 05:46:47.982,0.98317,0.98323,4.20,1.48
2013.10.31 05:46:48.733,0.98317,0.98323,4.20,1.48
2013.10.31 05:46:49.312,0.98319,0.98323,1.20,1.20
2013.10.31 05:46:52.242,0.98317,0.98321,3.45,1.88
2013.10.31 05:46:52.544,0.98325,0.98335,4.38,1.10
2013.10.31 05:46:52.842,0.98332,0.98337,1.38,3.08
2013.10.31 05:46:53.022,0.98333,0.98337,2.70,1.13
2013.10.31 05:46:53.142,0.98332,0.98337,1.55,1.20
2013.10.31 05:46:53.262,0.98332,0.98337,1.55,1.10
2013.10.31 05:46:53.383,0.98332,0.98337,1.00,3.45
2013.10.31 05:46:53.802,0.9833,0.98336,1.50,9.83
2013.10.31 05:46:54.103,0.98328,0.98334,1.08,10.83
2013.10.31 05:46:54.462,0.98325,0.98332,2.70,3.78
2013.10.31 05:46:55.002,0.98325,0.98332,2.70,3.53
2013.10.31 05:46:56.244,0.98325,0.9833,2.70,1.50
2013.10.31 05:46:56.792,0.98324,0.98329,1.48,1.65
2013.10.31 05:47:04.185,0.98324,0.98327,1.20,1.13
2013.10.31 05:47:04.302,0.98322,0.98325,2.18,1.00
2013.10.31 05:47:04.602,0.9832,0.98324,1.38,4.11
2013.10.31 05:47:05.151,0.9832,0.98324,1.00,4.20
2013.10.31 05:47:05.821,0.98319,0.98324,1.50,4.20
2013.10.31 05:47:05.882,0.98321,0.98324,1.38,3.75
2013.10.31 05:47:06.182,0.98328,0.98329,1.00,2.18
2013.10.31 05:47:06.242,0.98328,0.98332,1.13,2.70
2013.10.31 05:47:08.693,0.98327,0.98332,1.00,3.46
2013.10.31 05:47:09.392,0.98327,0.98332,1.38,3.08
2013.10.31 05:47:09.752,0.98329,0.98334,3.08,1.13
2013.10.31 05:47:11.672,0.98328,0.98334,3.83,3.38
2013.10.31 05:47:11.732,0.98328,0.98331,1.10,1.00
2013.10.31 05:47:12.271,0.98325,0.98331,2.03,1.65
2013.10.31 05:47:18.502,0.98324,0.9833,4.20,1.48
2013.10.31 05:47:18.562,0.98324,0.9833,4.58,1.48
2013.10.31 05:47:18.742,0.98329,0.98332,1.50,1.58
2013.10.31 05:47:18.806,0.98329,0.98332,1.13,1.48
2013.10.31 05:47:19.163,0.98324,0.98329,1.55,1.10
2013.10.31 05:47:20.902,0.98326,0.98331,1.38,3.45
2013.10.31 05:47:21.983,0.98326,0.98331,1.00,3.45
2013.10.31 05:47:24.091,0.98324,0.9833,2.78,1.28
2013.10.31 05:47:25.621,0.98324,0.9833,4.28,1.10
2013.10.31 05:47:26.148,0.98329,0.98331,1.00,1.00
2013.10.31 05:47:28.982,0.98329,0.98331,1.00,1.13
2013.10.31 05:47:29.733,0.98329,0.98331,1.00,1.38
2013.10.31 05:47:30.335,0.98326,0.98329,2.33,1.00
2013.10.31 05:47:31.202,0.98328,0.98332,1.00,1.20
2013.10.31 05:47:31.812,0.98326,0.98329,2.33,1.00
2013.10.31 05:47:33.522,0.98326,0.98329,2.33,1.00
2013.10.31 05:47:33.642,0.98326,0.98329,2.33,1.00
2013.10.31 05:47:35.892,0.98326,0.9833,2.33,1.13
2013.10.31 05:47:39.063,0.98324,0.9833,4.20,1.48
2013.10.31 05:47:39.972,0.98324,0.9833,3.83,1.48
2013.10.31 05:47:44.295,0.98324,0.9833,3.08,1.48
2013.10.31 05:47:44.412,0.98325,0.9833,1.18,1.48
2013.10.31 05:47:44.984,0.98325,0.9833,1.00,3.45
2013.10.31 05:47:48.561,0.98325,0.98331,1.65,1.65
2013.10.31 05:47:48.627,0.98325,0.98331,2.03,1.65
2013.10.31 05:47:49.172,0.98325,0.98331,1.65,1.65
2013.10.31 05:47:57.491,0.98328,0.98331,1.00,1.65
2013.10.31 05:47:57.732,0.98329,0.98335,1.18,2.40
2013.10.31 05:47:57.854,0.9833,0.98337,3.83,2.03
2013.10.31 05:47:58.213,0.98334,0.9834,1.95,2.70
2013.10.31 05:48:04.822,0.98333,0.98339,1.18,2.03
2013.10.31 05:48:23.502,0.98333,0.98339,2.40,2.03
2013.10.31 05:48:24.334,0.98333,0.98336,1.10,2.63
2013.10.31 05:48:24.872,0.98333,0.98338,1.10,2.03
2013.10.31 05:48:27.797,0.98332,0.98336,1.58,1.45
2013.10.31 05:48:33.241,0.98333,0.98337,1.00,2.70
2013.10.31 05:48:36.332,0.98331,0.98336,2.33,1.55
2013.10.31 05:48:37.552,0.98333,0.98336,1.00,1.55
2013.10.31 05:48:40.323,0.98329,0.98333,4.20,1.20
2013.10.31 05:48:40.682,0.98327,0.9833,1.00,1.48
2013.10.31 05:48:42.082,0.98326,0.98331,1.10,2.03
2013.10.31 05:48:42.444,0.98324,0.98327,1.58,1.00
2013.10.31 05:48:42.967,0.98324,0.98326,1.58,1.00
2013.10.31 05:48:47.917,0.98325,0.98328,1.00,1.48
2013.10.31 05:48:47.989,0.98325,0.98329,1.18,1.38
2013.10.31 05:48:53.592,0.98325,0.9833,2.03,1.95
2013.10.31 05:48:53.893,0.98325,0.9833,2.03,1.58
2013.10.31 05:48:56.652,0.98326,0.9833,1.95,1.95
2013.10.31 05:48:57.197,0.98326,0.9833,1.10,1.95
2013.10.31 05:48:58.982,0.98326,0.98331,1.10,2.40
2013.10.31 05:49:00.854,0.98326,0.98331,1.10,2.78
2013.10.31 05:49:03.012,0.98326,0.98331,1.48,1.28
2013.10.31 05:49:03.252,0.98328,0.98334,1.20,6.45
2013.10.31 05:49:04.673,0.98328,0.98334,1.20,6.83
2013.10.31 05:49:04.912,0.98326,0.98331,1.10,2.03
2013.10.31 05:49:05.272,0.98328,0.98331,1.38,1.10
2013.10.31 05:49:05.452,0.98328,0.98334,1.95,4.95
2013.10.31 05:49:07.941,0.98328,0.98334,1.58,4.95
2013.10.31 05:49:12.947,0.98328,0.98333,1.95,1.28
2013.10.31 05:49:15.532,0.98328,0.98334,1.95,4.20
2013.10.31 05:49:15.653,0.98331,0.98334,1.13,1.20
2013.10.31 05:49:15.893,0.98332,0.98336,1.48,1.10
2013.10.31 05:49:19.752,0.98333,0.98337,1.88,1.18
2013.10.31 05:49:19.932,0.98335,0.98339,1.10,1.48
2013.10.31 05:49:27.792,0.98333,0.98339,5.33,1.58
2013.10.31 05:49:28.332,0.98335,0.9834,1.10,5.03
2013.10.31 05:49:30.402,0.98335,0.9834,1.10,5.03
2013.10.31 05:49:32.822,0.98333,0.98338,2.70,4.88
2013.10.31 05:49:32.882,0.98335,0.98338,2.25,4.13
2013.10.31 05:49:33.392,0.98335,0.98338,2.25,1.38
2013.10.31 05:49:33.512,0.98333,0.98338,4.95,4.88
2013.10.31 05:49:36.982,0.98333,0.98337,3.08,6.75
2013.10.31 05:49:37.222,0.98328,0.98332,3.83,4.75
2013.10.31 05:49:37.282,0.98328,0.98333,3.75,4.20
2013.10.31 05:49:37.523,0.98328,0.98332,1.55,1.10
2013.10.31 05:49:37.643,0.98328,0.98332,3.45,1.00
2013.10.31 05:49:38.452,0.98328,0.98332,3.45,1.13
2013.10.31 05:49:38.812,0.98328,0.98333,1.48,5.03
2013.10.31 05:49:39.472,0.98328,0.98331,1.48,1.00
2013.10.31 05:49:40.012,0.98328,0.98331,1.10,1.13
2013.10.31 05:49:45.307,0.98326,0.98331,3.45,1.50
2013.10.31 05:49:46.982,0.98327,0.98332,1.55,1.20
2013.10.31 05:49:47.283,0.9833,0.98334,1.38,3.83
2013.10.31 05:49:49.963,0.98328,0.98332,1.48,1.20
2013.10.31 05:49:52.552,0.98327,0.98332,1.55,1.20
2013.10.31 05:49:52.792,0.98327,0.98332,1.55,2.70
2013.10.31 05:49:59.283,0.9833,0.98333,1.00,2.03
2013.10.31 05:49:59.832,0.98329,0.98333,1.00,2.03
2013.10.31 05:50:00.382,0.98327,0.98333,2.03,2.78
2013.10.31 05:50:04.243,0.98328,0.98331,1.00,1.45
2013.10.31 05:50:04.783,0.98327,0.98331,1.00,1.55
2013.10.31 05:50:07.153,0.98328,0.98331,1.00,1.18
2013.10.31 05:50:07.726,0.98327,0.98331,1.00,1.55
2013.10.31 05:50:07.855,0.98328,0.98331,1.00,1.18
2013.10.31 05:50:08.392,0.98318,0.9833,1.88,28.95
2013.10.31 05:50:08.512,0.98318,0.98322,1.10,1.58
2013.10.31 05:50:09.052,0.98316,0.98322,3.08,6.45
2013.10.31 05:50:09.172,0.98316,0.98322,3.08,6.83
2013.10.31 05:50:10.032,0.98316,0.98322,3.45,3.33
2013.10.31 05:50:10.572,0.98318,0.98322,1.48,1.58
2013.10.31 05:50:11.052,0.98318,0.98322,1.55,1.00
2013.10.31 05:50:13.791,0.98318,0.98321,1.48,1.00
2013.10.31 05:50:16.342,0.98318,0.98322,1.48,1.10
2013.10.31 05:50:16.823,0.98318,0.98322,1.48,1.10
2013.10.31 05:50:17.372,0.98318,0.98322,3.45,1.00
2013.10.31 05:50:19.224,0.98318,0.98324,4.20,4.20
2013.10.31 05:50:19.582,0.98318,0.98324,1.20,7.58
2013.10.31 05:50:20.164,0.98318,0.98324,1.48,7.58
2013.10.31 05:50:23.542,0.98318,0.98323,1.10,2.78
2013.10.31 05:50:25.772,0.98318,0.98323,1.10,2.03
2013.10.31 05:50:29.384,0.98319,0.98323,1.00,1.65
2013.10.31 05:50:31.262,0.9832,0.98323,1.00,1.28
2013.10.31 05:50:31.385,0.98322,0.98324,1.00,1.58
2013.10.31 05:50:31.504,0.98324,0.98327,1.38,3.00
2013.10.31 05:50:31.683,0.98326,0.98329,1.20,1.58
2013.10.31 05:50:32.286,0.98326,0.98332,1.95,4.20
2013.10.31 05:50:47.102,0.98326,0.98331,1.58,4.65
2013.10.31 05:50:47.162,0.98324,0.98329,3.75,1.88
2013.10.31 05:50:47.344,0.98324,0.98328,1.13,4.88
2013.10.31 05:50:47.583,0.98326,0.98329,1.00,3.45
2013.10.31 05:50:48.132,0.98326,0.98329,1.00,1.28
2013.10.31 05:50:49.433,0.98326,0.98331,1.20,1.65
2013.10.31 05:50:51.782,0.98327,0.98332,1.00,3.83
2013.10.31 05:50:54.523,0.98326,0.9833,1.20,6.45
2013.10.31 05:50:54.825,0.98318,0.98323,2.03,4.95
2013.10.31 05:50:55.122,0.98321,0.98323,1.00,1.00
2013.10.31 05:50:55.242,0.98318,0.98323,2.78,1.13
2013.10.31 05:50:55.722,0.98321,0.98323,1.00,1.00
2013.10.31 05:50:59.052,0.98318,0.98323,1.38,4.21
2013.10.31 05:50:59.593,0.9832,0.98322,1.00,1.18
2013.10.31 05:51:00.262,0.98317,0.98322,1.20,1.55
2013.10.31 05:51:01.983,0.98319,0.98322,1.00,2.03
2013.10.31 05:51:02.522,0.98319,0.98322,1.00,2.03
2013.10.31 05:51:03.072,0.98319,0.98322,1.00,3.70
2013.10.31 05:51:03.392,0.9831,0.98314,1.10,3.31
2013.10.31 05:51:03.452,0.9831,0.98314,1.10,11.06
2013.10.31 05:51:03.992,0.98309,0.98314,1.28,8.06
2013.10.31 05:51:05.792,0.98308,0.98314,3.08,6.83
2013.10.31 05:51:05.913,0.98308,0.98312,2.25,5.73
2013.10.31 05:51:05.973,0.98306,0.98312,2.63,6.56
2013.10.31 05:51:06.093,0.98304,0.98311,4.20,6.16
2013.10.31 05:51:06.452,0.98304,0.98311,3.00,1.38
2013.10.31 05:51:06.992,0.98304,0.98311,2.70,5.78
2013.10.31 05:51:07.052,0.983,0.98307,2.18,3.41
2013.10.31 05:51:07.412,0.98305,0.98309,1.00,2.40
2013.10.31 05:51:07.953,0.98305,0.9831,1.18,2.33
2013.10.31 05:51:09.382,0.98305,0.9831,1.10,5.20
2013.10.31 05:51:09.623,0.98302,0.98308,1.10,3.73
2013.10.31 05:51:11.634,0.98303,0.98308,1.00,4.58
2013.10.31 05:51:12.243,0.98302,0.98308,1.10,6.08
2013.10.31 05:51:13.532,0.98302,0.98308,1.10,4.96
2013.10.31 05:51:14.642,0.98301,0.98308,1.65,3.83
2013.10.31 05:51:14.883,0.98303,0.98308,1.65,1.48
2013.10.31 05:51:15.243,0.98306,0.98308,1.00,1.10
2013.10.31 05:51:15.603,0.98306,0.98311,10.20,1.55
2013.10.31 05:51:15.783,0.98311,0.98312,1.00,1.10
2013.10.31 05:51:21.054,0.98311,0.98315,1.00,1.65
2013.10.31 05:51:21.640,0.9831,0.98315,1.10,1.55
2013.10.31 05:51:22.182,0.9831,0.98315,1.10,1.65
2013.10.31 05:51:22.988,0.9831,0.98315,1.10,1.65
2013.10.31 05:51:24.755,0.9831,0.98315,1.10,1.65
2013.10.31 05:51:24.992,0.9831,0.98315,1.10,1.28
2013.10.31 05:51:25.173,0.98306,0.98309,2.63,1.00
2013.10.31 05:51:25.532,0.98303,0.98308,3.45,1.13
2013.10.31 05:51:26.042,0.98304,0.98308,1.65,1.13
2013.10.31 05:51:26.545,0.98304,0.98307,1.65,1.00
2013.10.31 05:51:27.023,0.98306,0.98309,1.00,1.00
2013.10.31 05:51:28.013,0.98306,0.9831,1.28,1.75
2013.10.31 05:51:28.554,0.98304,0.9831,1.10,3.83
2013.10.31 05:51:33.173,0.98303,0.98309,3.83,4.13
2013.10.31 05:51:33.235,0.98303,0.98309,1.10,4.48
2013.10.31 05:51:36.852,0.98302,0.98306,1.55,1.50
2013.10.31 05:51:36.913,0.98301,0.98304,1.20,1.13
2013.10.31 05:51:37.033,0.98301,0.98303,1.10,1.00
2013.10.31 05:51:37.572,0.983,0.98303,2.03,1.13
2013.10.31 05:51:37.932,0.983,0.98302,1.88,1.38
2013.10.31 05:51:39.173,0.983,0.98302,1.00,1.38
2013.10.31 05:51:42.422,0.98299,0.98302,1.00,1.55
2013.10.31 05:51:42.782,0.98298,0.983,1.13,1.00
2013.10.31 05:51:42.993,0.98299,0.98301,1.00,1.20
2013.10.31 05:51:44.863,0.983,0.98302,1.00,1.38
2013.10.31 05:51:45.162,0.983,0.98302,1.00,1.38
2013.10.31 05:51:45.523,0.98299,0.98302,1.00,1.38
2013.10.31 05:51:48.234,0.983,0.98302,1.00,1.38
2013.10.31 05:51:48.772,0.983,0.98302,1.00,1.38
2013.10.31 05:51:50.132,0.98298,0.98302,1.95,1.75
2013.10.31 05:51:53.232,0.98297,0.98302,3.45,1.38
2013.10.31 05:51:56.673,0.98296,0.98302,1.65,1.55
2013.10.31 05:51:57.212,0.98298,0.98302,1.38,1.55
2013.10.31 05:51:57.513,0.983,0.98302,1.10,1.38
2013.10.31 05:51:57.633,0.983,0.98304,1.48,1.48
2013.10.31 05:51:58.182,0.983,0.98304,1.48,1.48
2013.10.31 05:51:58.711,0.983,0.98304,1.48,1.48
2013.10.31 05:51:58.852,0.98302,0.98306,1.48,1.10
2013.10.31 05:51:59.492,0.98303,0.98308,1.88,2.85
2013.10.31 05:52:00.033,0.98304,0.98309,1.10,1.65
2013.10.31 05:52:02.162,0.98305,0.98309,1.00,1.28
2013.10.31 05:52:02.678,0.98306,0.98309,2.10,1.20
2013.10.31 05:52:02.745,0.98308,0.9831,2.48,2.18
2013.10.31 05:52:03.042,0.98311,0.98314,1.00,2.03
2013.10.31 05:52:03.343,0.98309,0.98314,1.10,1.55
2013.10.31 05:52:03.952,0.98311,0.98314,1.00,1.18
2013.10.31 05:52:04.134,0.98311,0.98315,1.18,1.38
2013.10.31 05:52:04.253,0.98311,0.98315,1.10,1.38
2013.10.31 05:52:04.912,0.9831,0.98315,1.10,1.48
2013.10.31 05:52:06.809,0.98313,0.98315,1.00,1.10
2013.10.31 05:52:07.233,0.98313,0.98317,1.00,1.55
2013.10.31 05:52:07.742,0.98313,0.98322,1.18,1.20
2013.10.31 05:52:08.045,0.98316,0.9832,1.00,5.23
2013.10.31 05:52:08.582,0.98312,0.98319,1.58,5.63
2013.10.31 05:52:11.593,0.98314,0.98318,1.00,3.45
2013.10.31 05:52:11.953,0.98318,0.98322,1.00,3.45
2013.10.31 05:52:13.313,0.98316,0.98322,1.10,5.98
2013.10.31 05:52:13.373,0.98315,0.98321,1.50,5.23
2013.10.31 05:52:13.912,0.98315,0.98321,1.00,7.13
2013.10.31 05:52:15.328,0.98315,0.98321,1.50,7.13
2013.10.31 05:52:16.454,0.98316,0.98321,1.00,6.76
2013.10.31 05:52:16.813,0.98313,0.9832,1.10,9.08
2013.10.31 05:52:17.443,0.98313,0.98318,1.00,3.08
2013.10.31 05:52:17.982,0.98312,0.98318,1.58,3.83
2013.10.31 05:52:20.692,0.98313,0.98318,1.00,5.33
2013.10.31 05:52:22.282,0.98311,0.98318,1.28,3.83
2013.10.31 05:52:22.702,0.9831,0.98315,1.10,1.55
2013.10.31 05:52:22.943,0.9831,0.98315,1.10,1.18
2013.10.31 05:52:23.303,0.98305,0.9831,1.38,5.63
2013.10.31 05:52:23.363,0.98305,0.9831,2.25,4.80
2013.10.31 05:52:23.902,0.98305,0.98311,2.33,3.45
2013.10.31 05:52:24.446,0.98306,0.98311,2.25,2.70
2013.10.31 05:52:27.484,0.98306,0.98311,1.50,2.70
2013.10.31 05:52:27.544,0.98306,0.98309,1.13,1.48
2013.10.31 05:52:28.104,0.98305,0.98309,1.10,1.48
2013.10.31 05:52:28.644,0.98305,0.98309,1.10,1.48
2013.10.31 05:52:28.763,0.98303,0.98309,3.45,1.48
2013.10.31 05:52:31.076,0.98307,0.98309,1.00,1.10
2013.10.31 05:52:31.313,0.98305,0.9831,1.95,1.55
2013.10.31 05:52:31.852,0.98306,0.98311,1.13,2.70
2013.10.31 05:52:32.943,0.98307,0.98311,1.00,3.08
2013.10.31 05:52:33.373,0.98307,0.98311,1.00,3.08
2013.10.31 05:52:33.612,0.98309,0.98314,2.63,3.83
2013.10.31 05:52:34.152,0.98309,0.98314,1.95,1.20
2013.10.31 05:52:34.763,0.98309,0.98314,1.00,3.70
2013.10.31 05:52:35.532,0.98308,0.98314,1.58,4.45
2013.10.31 05:52:36.072,0.9831,0.98314,1.00,3.83
2013.10.31 05:52:37.127,0.9831,0.98314,1.38,2.70
2013.10.31 05:52:37.363,0.98313,0.98317,1.00,3.08
2013.10.31 05:52:38.303,0.98312,0.98317,1.50,3.08
2013.10.31 05:52:39.422,0.98312,0.98317,2.25,2.70
2013.10.31 05:52:39.962,0.98314,0.9832,1.20,3.83
2013.10.31 05:52:50.582,0.98312,0.98318,3.45,1.85
2013.10.31 05:52:51.243,0.98313,0.98318,1.00,3.83
2013.10.31 05:52:55.683,0.9831,0.98315,3.83,1.75
2013.10.31 05:52:55.982,0.98311,0.98315,1.00,1.00
2013.10.31 05:52:56.567,0.98309,0.98315,1.28,1.93
2013.10.31 05:52:56.923,0.98306,0.98314,5.70,4.58
2013.10.31 05:52:57.103,0.98305,0.9831,1.20,3.38
2013.10.31 05:52:57.282,0.98304,0.9831,2.78,3.66
2013.10.31 05:52:57.823,0.98304,0.9831,1.20,3.73
2013.10.31 05:52:58.693,0.98304,0.9831,1.20,3.73
2013.10.31 05:52:59.783,0.98305,0.9831,1.35,3.36
2013.10.31 05:53:00.083,0.98309,0.98312,1.13,1.48
2013.10.31 05:53:03.563,0.9831,0.98314,1.00,3.45
2013.10.31 05:53:03.683,0.98312,0.98315,1.00,3.45
2013.10.31 05:53:04.193,0.98312,0.98316,1.50,2.70
2013.10.31 05:53:07.352,0.98312,0.98316,1.88,2.33
2013.10.31 05:53:07.412,0.98312,0.98317,4.20,1.00
2013.10.31 05:53:11.832,0.98312,0.98318,4.20,2.33
2013.10.31 05:53:11.953,0.98312,0.98318,1.20,4.58
2013.10.31 05:53:14.843,0.98312,0.98318,1.20,9.36
2013.10.31 05:53:15.392,0.98312,0.98318,1.48,8.33
2013.10.31 05:53:16.393,0.98312,0.98318,1.85,4.58
2013.10.31 05:53:16.632,0.98315,0.98319,1.13,1.65
2013.10.31 05:53:22.153,0.98315,0.98318,1.38,1.10
2013.10.31 05:53:23.865,0.98315,0.98319,3.00,4.50
2013.10.31 05:53:23.923,0.98315,0.98321,3.38,1.18
2013.10.31 05:53:24.222,0.98315,0.98321,4.95,6.33
2013.10.31 05:53:24.762,0.98315,0.98321,1.55,5.66
2013.10.31 05:53:25.243,0.98318,0.98321,1.00,1.10
2013.10.31 05:53:25.543,0.9832,0.98323,1.00,1.58
2013.10.31 05:53:25.663,0.98322,0.98324,1.00,1.20
2013.10.31 05:53:25.904,0.98322,0.98324,1.00,1.20
2013.10.31 05:53:26.024,0.98319,0.98324,1.58,7.88
2013.10.31 05:53:26.083,0.98316,0.98322,1.10,4.48
2013.10.31 05:53:26.143,0.98315,0.98322,1.28,4.48
2013.10.31 05:53:26.623,0.98314,0.9832,1.58,4.58
2013.10.31 05:53:29.113,0.98314,0.98318,3.75,1.50
2013.10.31 05:53:39.763,0.98314,0.98319,2.25,1.88
2013.10.31 05:53:40.123,0.98311,0.98314,1.00,2.51
2013.10.31 05:53:40.483,0.98307,0.98313,2.33,2.58
2013.10.31 05:53:46.013,0.98307,0.98312,2.70,1.00
2013.10.31 05:53:46.552,0.98309,0.98314,1.10,2.03
2013.10.31 05:53:47.582,0.98307,0.98314,2.70,3.03
2013.10.31 05:53:48.127,0.98307,0.98311,2.33,1.00
2013.10.31 05:53:48.312,0.98305,0.98311,3.83,1.10
2013.10.31 05:53:48.372,0.98305,0.98309,3.45,1.00
2013.10.31 05:53:49.313,0.98305,0.98309,2.33,1.13
2013.10.31 05:53:49.493,0.98303,0.98308,1.28,1.48
2013.10.31 05:53:49.984,0.98304,0.98308,2.18,1.38
2013.10.31 05:53:50.103,0.98304,0.98309,3.08,1.88
2013.10.31 05:53:50.643,0.98307,0.98311,1.00,1.55
2013.10.31 05:53:51.183,0.98308,0.98311,1.00,1.55
2013.10.31 05:53:51.693,0.98307,0.98311,1.00,1.55
2013.10.31 05:53:51.752,0.98309,0.98311,1.00,1.55
2013.10.31 05:53:51.873,0.98305,0.98311,1.55,1.55
2013.10.31 05:53:59.782,0.98307,0.98312,1.00,3.08
2013.10.31 05:54:00.322,0.98307,0.98313,1.18,1.65
2013.10.31 05:54:00.742,0.98308,0.98313,3.08,1.13
2013.10.31 05:54:00.863,0.98308,0.98314,3.45,2.33
2013.10.31 05:54:01.103,0.9831,0.98314,2.33,1.00
2013.10.31 05:54:02.003,0.9831,0.98316,2.33,1.58
2013.10.31 05:54:03.635,0.98312,0.98317,1.10,1.65
2013.10.31 05:54:03.813,0.98315,0.98319,1.88,1.18
2013.10.31 05:54:03.873,0.98317,0.98319,1.00,1.08
2013.10.31 05:54:04.413,0.98317,0.98323,1.18,2.03
2013.10.31 05:54:05.132,0.98319,0.98324,3.75,4.95
2013.10.31 05:54:05.193,0.9832,0.98324,1.00,4.20
2013.10.31 05:54:05.315,0.98321,0.98324,1.00,3.30
2013.10.31 05:54:05.373,0.98322,0.98325,1.00,1.55
2013.10.31 05:54:06.984,0.98322,0.98327,1.58,1.28
2013.10.31 05:54:07.875,0.98323,0.98327,1.00,1.28
2013.10.31 05:54:08.833,0.98323,0.98328,1.65,1.95
2013.10.31 05:54:09.943,0.98322,0.98325,2.18,1.13
2013.10.31 05:54:10.123,0.9832,0.98325,3.00,3.08
2013.10.31 05:54:10.243,0.98323,0.98326,1.00,1.65
2013.10.31 05:54:11.712,0.98321,0.98327,1.95,3.08
2013.10.31 05:54:12.253,0.98321,0.98327,4.58,2.25
2013.10.31 05:54:12.313,0.98322,0.98328,3.08,1.20
2013.10.31 05:54:13.834,0.98322,0.98327,3.08,1.00
2013.10.31 05:54:20.545,0.98323,0.98327,1.00,1.18
2013.10.31 05:54:39.243,0.98325,0.98326,1.00,1.10
2013.10.31 05:54:39.704,0.98322,0.98326,1.10,1.10
2013.10.31 05:54:40.840,0.98322,0.98326,1.08,1.00
2013.10.31 05:54:42.202,0.98322,0.98328,1.18,1.28
2013.10.31 05:54:43.953,0.98322,0.98328,1.18,1.93
2013.10.31 05:54:44.253,0.9832,0.98326,3.08,1.95
2013.10.31 05:54:44.803,0.98319,0.98324,2.33,1.13
2013.10.31 05:54:45.523,0.98319,0.98326,3.83,1.18
2013.10.31 05:54:46.063,0.98322,0.98327,1.00,3.08
2013.10.31 05:54:46.603,0.98319,0.98327,3.08,5.33
2013.10.31 05:54:48.375,0.98321,0.98327,3.08,1.20
2013.10.31 05:54:49.163,0.98324,0.98327,1.00,1.10
2013.10.31 05:54:50.303,0.98324,0.98328,1.18,1.13
2013.10.31 05:54:50.843,0.98324,0.98327,1.18,1.00
2013.10.31 05:54:52.696,0.98324,0.98328,1.28,1.13
2013.10.31 05:54:57.296,0.98323,0.98327,3.08,1.00
2013.10.31 05:54:59.452,0.98322,0.98327,3.45,1.10
2013.10.31 05:55:03.982,0.98323,0.98326,1.48,1.00
2013.10.31 05:55:06.894,0.98323,0.98328,1.48,2.03
2013.10.31 05:55:18.613,0.98323,0.98327,1.95,1.58
2013.10.31 05:55:18.972,0.9832,0.98325,1.58,2.25
2013.10.31 05:55:19.273,0.98318,0.98325,3.00,8.63
2013.10.31 05:55:19.393,0.98318,0.98323,1.00,4.88
2013.10.31 05:55:19.664,0.98318,0.98323,1.00,4.88
2013.10.31 05:55:19.965,0.98327,0.9833,1.13,1.00
2013.10.31 05:55:20.025,0.98328,0.98331,1.80,4.13
2013.10.31 05:55:20.144,0.98329,0.98334,1.88,3.45
2013.10.31 05:55:22.357,0.9833,0.98334,1.00,3.45
2013.10.31 05:55:22.474,0.98332,0.98334,1.00,1.10
2013.10.31 05:55:22.773,0.98333,0.98337,1.20,1.20
2013.10.31 05:55:23.013,0.98332,0.98337,1.50,7.20
2013.10.31 05:55:29.223,0.98331,0.98335,1.10,1.20
2013.10.31 05:55:29.773,0.98331,0.98334,1.10,7.88
2013.10.31 05:55:30.133,0.98329,0.98332,3.38,1.00
2013.10.31 05:55:30.253,0.98328,0.98331,2.78,1.00
2013.10.31 05:55:30.733,0.9833,0.98332,1.88,1.00
2013.10.31 05:55:31.272,0.9833,0.98332,2.25,1.00
2013.10.31 05:55:32.033,0.98331,0.98332,1.00,1.00
2013.10.31 05:55:33.934,0.98331,0.98333,1.00,1.10
2013.10.31 05:55:40.206,0.9833,0.98333,3.00,1.00
2013.10.31 05:55:40.743,0.98332,0.98334,1.10,1.00
2013.10.31 05:55:46.713,0.98332,0.98334,1.10,1.00
2013.10.31 05:55:47.263,0.98331,0.98333,1.13,1.00
2013.10.31 05:55:57.333,0.98331,0.98334,1.13,1.10
2013.10.31 05:55:57.852,0.98332,0.98334,1.00,1.10
2013.10.31 05:55:58.903,0.98332,0.98333,1.00,1.13
2013.10.31 05:55:59.022,0.98329,0.98333,1.28,1.13
2013.10.31 05:55:59.573,0.9833,0.98334,1.20,1.20
2013.10.31 05:55:59.633,0.98332,0.98334,1.00,1.20
2013.10.31 05:56:06.273,0.9833,0.98334,1.20,1.20
2013.10.31 05:56:06.573,0.98332,0.98334,1.00,1.10
2013.10.31 05:56:08.533,0.98331,0.98334,2.33,1.13
2013.10.31 05:56:14.934,0.98332,0.98334,1.00,1.00
2013.10.31 05:56:15.352,0.9833,0.98333,1.00,1.20
2013.10.31 05:56:20.913,0.9833,0.98332,1.00,1.00
2013.10.31 05:56:24.202,0.98327,0.98332,3.83,1.13
2013.10.31 05:56:24.633,0.98327,0.9833,3.45,1.00
2013.10.31 05:56:26.263,0.98327,0.9833,3.00,1.38
2013.10.31 05:56:26.623,0.9833,0.98332,1.00,1.13
2013.10.31 05:56:26.863,0.9833,0.98334,1.18,1.00
2013.10.31 05:56:26.922,0.9833,0.98332,1.18,1.00
2013.10.31 05:56:27.803,0.98332,0.98333,1.00,1.00
2013.10.31 05:56:28.304,0.98332,0.98334,1.28,1.00
2013.10.31 05:56:29.243,0.98331,0.98336,3.08,1.50
2013.10.31 05:56:34.104,0.98332,0.98335,1.18,1.00
2013.10.31 05:56:34.647,0.98332,0.98336,1.55,1.00
2013.10.31 05:56:35.583,0.98332,0.98335,1.55,1.00
2013.10.31 05:56:36.125,0.98332,0.98334,1.18,1.00
2013.10.31 05:56:38.253,0.98332,0.98336,1.18,1.00
2013.10.31 05:56:38.992,0.98332,0.98336,1.55,1.00
2013.10.31 05:56:39.796,0.98332,0.98336,1.28,1.00
2013.10.31 05:56:40.903,0.98332,0.98337,1.28,1.20
2013.10.31 05:56:42.222,0.98332,0.98338,1.55,2.03
2013.10.31 05:56:42.643,0.98331,0.98335,2.70,1.00
2013.10.31 05:56:43.184,0.98331,0.98334,2.63,1.00
2013.10.31 05:56:43.303,0.98329,0.98334,3.83,1.00
2013.10.31 05:56:44.412,0.98329,0.98334,3.45,1.38
2013.10.31 05:56:45.163,0.98329,0.98334,3.45,1.50
2013.10.31 05:56:45.643,0.98329,0.98334,3.45,1.50
2013.10.31 05:56:45.703,0.98329,0.98334,3.45,1.50
2013.10.31 05:56:46.464,0.98329,0.98334,3.45,1.50
2013.10.31 05:56:50.570,0.9833,0.98335,1.55,1.10
2013.10.31 05:56:50.993,0.98334,0.98337,1.38,3.38
2013.10.31 05:56:51.528,0.98334,0.98338,1.50,1.18
2013.10.31 05:56:51.773,0.98334,0.98338,1.50,1.28
2013.10.31 05:56:52.013,0.98334,0.98338,1.50,1.18
2013.10.31 05:56:52.073,0.98334,0.98338,1.50,1.28
2013.10.31 05:56:52.193,0.98334,0.98338,1.50,1.18
2013.10.31 05:56:52.313,0.98334,0.98338,1.50,1.28
2013.10.31 05:56:55.234,0.98333,0.98338,1.10,1.55
2013.10.31 05:56:55.477,0.98332,0.98336,1.13,1.28
2013.10.31 05:56:56.156,0.98332,0.98336,1.38,1.18
2013.10.31 05:57:00.823,0.98332,0.98338,4.58,1.48
2013.10.31 05:57:01.003,0.98332,0.98336,1.58,1.20
2013.10.31 05:57:01.063,0.98332,0.98336,1.58,1.10
2013.10.31 05:57:02.543,0.98332,0.98336,1.48,1.10
2013.10.31 05:57:03.083,0.98332,0.98335,1.48,1.00
2013.10.31 05:57:03.953,0.98332,0.98335,1.48,1.00
2013.10.31 05:57:07.784,0.98332,0.98335,1.48,1.00
2013.10.31 05:57:09.763,0.98332,0.98337,1.48,1.18
2013.10.31 05:57:10.303,0.98332,0.98337,3.45,1.00
2013.10.31 05:57:22.783,0.98332,0.98336,2.70,1.00
2013.10.31 05:57:23.483,0.98332,0.98335,2.25,1.00
2013.10.31 05:57:23.543,0.98331,0.98334,2.81,1.00
2013.10.31 05:57:23.664,0.98331,0.98337,1.69,1.18
2013.10.31 05:57:24.332,0.98331,0.98334,1.69,1.00
2013.10.31 05:57:25.443,0.98333,0.98338,1.13,6.45
2013.10.31 05:57:31.013,0.98333,0.98338,1.38,6.45
2013.10.31 05:57:31.073,0.98333,0.98335,1.38,1.00
2013.10.31 05:57:40.180,0.98331,0.98336,1.60,1.58
2013.10.31 05:57:47.527,0.98331,0.98336,2.06,1.10
2013.10.31 05:57:48.194,0.98331,0.98336,2.06,1.10
2013.10.31 05:57:50.004,0.98331,0.98336,2.06,1.20
2013.10.31 05:57:53.753,0.98331,0.98336,2.06,1.10
2013.10.31 05:57:57.144,0.98331,0.98336,2.29,2.33
2013.10.31 05:57:57.863,0.98331,0.98336,1.91,3.08
2013.10.31 05:57:58.373,0.98331,0.98333,1.13,1.00
2013.10.31 05:57:58.733,0.98329,0.98335,1.55,2.03
2013.10.31 05:58:04.053,0.98329,0.98331,1.38,1.00
2013.10.31 05:58:05.942,0.98329,0.98334,1.38,9.83
2013.10.31 05:58:06.624,0.98329,0.98331,1.38,1.00
2013.10.31 05:58:12.613,0.98327,0.98331,2.70,1.00
2013.10.31 05:58:13.002,0.98326,0.9833,3.53,1.00
2013.10.31 05:58:19.064,0.98326,0.9833,1.65,1.10
2013.10.31 05:58:23.773,0.98326,0.9833,1.65,1.10
2013.10.31 05:58:24.323,0.98326,0.9833,1.65,1.20
2013.10.31 05:58:24.563,0.98326,0.9833,1.58,1.00
2013.10.31 05:58:24.983,0.98324,0.98326,1.58,1.00
2013.10.31 05:58:25.635,0.98324,0.98327,1.58,1.00
2013.10.31 05:58:26.062,0.98324,0.98327,1.58,1.00
2013.10.31 05:58:30.043,0.98326,0.98328,1.50,1.20
2013.10.31 05:58:38.133,0.98324,0.98329,1.20,1.55
2013.10.31 05:58:38.193,0.98324,0.98328,1.48,1.10
2013.10.31 05:58:38.433,0.98324,0.98328,1.20,1.20
2013.10.31 05:58:49.230,0.98324,0.98328,1.58,1.20
2013.10.31 05:58:49.293,0.98325,0.98328,1.75,1.10
2013.10.31 05:58:49.804,0.98324,0.98328,3.45,1.13
2013.10.31 05:58:53.563,0.98325,0.98328,1.28,1.00
2013.10.31 05:58:54.115,0.98326,0.98328,1.58,1.13
2013.10.31 05:58:57.855,0.98326,0.98328,1.95,1.00
2013.10.31 05:58:58.393,0.98326,0.98328,1.58,1.13
2013.10.31 05:58:58.743,0.98328,0.9833,1.00,1.10
2013.10.31 05:58:59.044,0.98327,0.9833,1.00,1.48
2013.10.31 05:58:59.224,0.98325,0.9833,1.88,4.20
2013.10.31 05:58:59.739,0.98324,0.98329,3.45,1.50
2013.10.31 05:59:05.053,0.98324,0.9833,4.58,1.85
2013.10.31 05:59:15.363,0.98324,0.98329,3.08,1.38
2013.10.31 05:59:16.824,0.98324,0.98329,3.38,1.88
2013.10.31 05:59:16.883,0.98324,0.98329,1.13,4.20
2013.10.31 05:59:17.429,0.98321,0.98327,5.03,1.48
2013.10.31 05:59:26.153,0.98322,0.98328,1.18,2.40
2013.10.31 05:59:32.973,0.98322,0.98328,2.03,1.10
2013.10.31 05:59:33.214,0.98328,0.98332,3.68,1.48
2013.10.31 05:59:33.274,0.98328,0.98332,4.05,1.10
2013.10.31 05:59:33.633,0.98326,0.98332,2.25,1.85
2013.10.31 05:59:33.753,0.98326,0.9833,2.70,1.13
2013.10.31 05:59:34.293,0.98324,0.9833,3.83,1.20
2013.10.31 05:59:35.284,0.98324,0.9833,3.83,1.58
2013.10.31 05:59:35.913,0.98324,0.9833,3.83,1.58
2013.10.31 05:59:36.461,0.98324,0.9833,3.83,1.58
2013.10.31 05:59:36.584,0.98324,0.9833,4.20,1.10
2013.10.31 05:59:37.123,0.98328,0.98331,1.48,1.00
2013.10.31 05:59:37.944,0.98328,0.98331,2.18,1.13
2013.10.31 05:59:38.453,0.98328,0.98333,2.55,1.55
2013.10.31 05:59:38.994,0.9833,0.98333,1.00,1.55
2013.10.31 05:59:41.034,0.98328,0.98333,2.93,1.55
2013.10.31 05:59:41.961,0.98328,0.98333,2.93,1.55
2013.10.31 05:59:42.623,0.98328,0.98332,2.18,1.48
2013.10.31 05:59:43.213,0.98328,0.98332,1.43,1.48
2013.10.31 05:59:43.753,0.98328,0.98332,1.43,1.48
2013.10.31 05:59:44.566,0.98329,0.98332,1.00,1.48
2013.10.31 05:59:45.103,0.98328,0.98332,1.80,1.48
2013.10.31 05:59:46.473,0.98328,0.98332,1.80,1.48
2013.10.31 05:59:47.017,0.98328,0.98332,1.20,1.48
2013.10.31 05:59:47.680,0.98328,0.98332,1.20,1.48
2013.10.31 05:59:48.894,0.98324,0.98331,3.83,1.65
2013.10.31 05:59:48.954,0.98324,0.98329,2.70,1.38
2013.10.31 05:59:50.183,0.98324,0.98329,6.08,1.00
2013.10.31 05:59:50.244,0.98326,0.98333,4.58,3.15
2013.10.31 05:59:50.543,0.98326,0.9833,2.25,1.38
2013.10.31 05:59:50.786,0.98324,0.9833,3.83,1.48
2013.10.31 05:59:51.024,0.98324,0.9833,1.58,4.20
2013.10.31 05:59:56.663,0.98325,0.9833,1.00,4.20
2013.10.31 05:59:57.822,0.98324,0.9833,1.58,4.20
