2008.11.19 11:00:00.199,0.9688,0.96905,11.50,15.60
2008.11.19 11:00:00.539,0.96885,0.96905,3.60,8.40
2008.11.19 11:00:04.248,0.9689,0.969,6.00,1.00
2008.11.19 11:00:04.588,0.96885,0.96905,11.40,1.60
2008.11.19 11:00:10.156,0.96885,0.96905,12.60,1.60
2008.11.19 11:00:10.506,0.96885,0.96905,11.40,1.60
2008.11.19 11:00:15.105,0.96885,0.96905,11.40,6.60
2008.11.19 11:00:15.435,0.96885,0.96905,7.80,13.80
2008.11.19 11:00:15.765,0.9688,0.969,18.00,1.80
2008.11.19 11:00:16.065,0.9688,0.969,14.40,9.00
2008.11.19 11:00:16.407,0.9689,0.96895,5.80,5.80
2008.11.19 11:00:16.705,0.96875,0.9689,6.10,1.80
2008.11.19 11:00:17.935,0.96875,0.9689,5.40,1.80
2008.11.19 11:00:20.104,0.96875,0.96895,11.40,7.80
2008.11.19 11:00:20.614,0.96875,0.9689,5.40,1.80
2008.11.19 11:00:20.954,0.96875,0.9689,4.30,1.80
2008.11.19 11:00:21.293,0.96875,0.96895,10.30,1.80
2008.11.19 11:00:21.763,0.9689,0.96895,3.60,1.80
2008.11.19 11:00:22.103,0.9688,0.969,15.40,1.80
2008.11.19 11:00:22.393,0.96885,0.96905,6.00,19.80
2008.11.19 11:00:22.733,0.96885,0.96905,6.00,13.80
2008.11.19 11:00:23.113,0.9688,0.96905,11.50,15.60
2008.11.19 11:00:23.733,0.96885,0.96905,4.80,15.60
2008.11.19 11:00:24.073,0.9689,0.96905,6.00,1.60
2008.11.19 11:00:24.473,0.9689,0.96905,6.00,6.60
2008.11.19 11:00:24.873,0.96885,0.96905,10.30,6.60
2008.11.19 11:00:25.213,0.96885,0.96905,13.80,21.60
2008.11.19 11:00:25.632,0.9688,0.969,5.40,1.80
2008.11.19 11:00:25.972,0.9689,0.9691,9.60,2.20
2008.11.19 11:00:26.662,0.96885,0.96905,17.40,1.60
2008.11.19 11:00:27.002,0.96885,0.96905,11.40,6.60
2008.11.19 11:00:27.302,0.96885,0.96905,10.30,6.60
2008.11.19 11:00:27.652,0.96885,0.96905,4.30,8.40
2008.11.19 11:00:28.872,0.96885,0.969,3.60,1.80
2008.11.19 11:00:29.152,0.9688,0.969,4.80,7.80
2008.11.19 11:00:29.561,0.9688,0.969,3.60,7.80
2008.11.19 11:00:29.962,0.96875,0.969,10.30,21.00
2008.11.19 11:00:30.311,0.96875,0.96895,12.10,7.80
2008.11.19 11:00:30.601,0.96875,0.969,12.10,21.90
2008.11.19 11:00:31.111,0.96875,0.96895,12.10,6.00
2008.11.19 11:00:31.441,0.96875,0.96895,11.40,7.80
2008.11.19 11:00:31.841,0.96875,0.96895,5.40,7.80
2008.11.19 11:00:32.182,0.96875,0.96895,1.80,15.00
2008.11.19 11:00:32.521,0.96875,0.96895,11.40,7.80
2008.11.19 11:00:33.171,0.96875,0.969,9.60,21.90
2008.11.19 11:00:33.531,0.9689,0.969,1.20,21.00
2008.11.19 11:00:33.820,0.9688,0.969,2.40,21.00
2008.11.19 11:00:34.161,0.9688,0.96905,10.80,22.50
2008.11.19 11:00:34.460,0.9688,0.96905,10.80,21.60
2008.11.19 11:00:36.030,0.9688,0.96905,10.30,21.60
2008.11.19 11:00:36.780,0.96885,0.96905,3.60,14.40
2008.11.19 11:00:36.960,0.96885,0.96905,3.60,8.40
2008.11.19 11:00:37.250,0.96885,0.969,11.40,1.00
2008.11.19 11:00:37.600,0.96885,0.96905,11.40,1.60
2008.11.19 11:00:40.709,0.96885,0.96905,12.10,1.60
2008.11.19 11:00:40.999,0.9689,0.96905,3.60,1.60
2008.11.19 11:00:41.509,0.969,0.96905,9.60,1.00
2008.11.19 11:00:41.799,0.969,0.9693,11.40,21.00
2008.11.19 11:00:42.138,0.96905,0.9693,6.00,21.00
2008.11.19 11:00:42.418,0.96905,0.96925,6.00,7.20
2008.11.19 11:00:42.758,0.9691,0.9692,7.00,7.80
2008.11.19 11:00:43.158,0.969,0.96915,3.60,7.80
2008.11.19 11:00:43.549,0.969,0.9692,3.60,9.00
2008.11.19 11:00:43.848,0.969,0.96925,12.70,21.00
2008.11.19 11:00:44.358,0.96905,0.96925,3.60,1.80
2008.11.19 11:00:46.677,0.9692,0.9693,6.00,5.20
2008.11.19 11:00:46.957,0.96915,0.96935,6.00,21.00
2008.11.19 11:00:47.358,0.96915,0.96935,9.60,1.80
2008.11.19 11:00:47.647,0.9692,0.9693,6.00,1.00
2008.11.19 11:00:47.877,0.9692,0.96935,6.00,1.60
2008.11.19 11:00:49.967,0.96915,0.96935,11.40,1.60
2008.11.19 11:00:51.706,0.96915,0.96935,7.80,21.60
2008.11.19 11:00:52.116,0.9691,0.9693,3.60,7.80
2008.11.19 11:00:52.416,0.96905,0.9693,11.50,15.00
2008.11.19 11:00:52.656,0.96905,0.96925,5.50,1.80
2008.11.19 11:00:53.046,0.96905,0.9692,5.50,1.80
2008.11.19 11:00:53.216,0.96905,0.9692,1.90,1.80
2008.11.19 11:00:53.436,0.96915,0.9692,1.20,1.80
2008.11.19 11:00:53.726,0.96905,0.9692,1.80,1.80
2008.11.19 11:00:55.415,0.96905,0.9692,1.80,7.80
2008.11.19 11:00:55.715,0.96905,0.9692,1.80,19.20
2008.11.19 11:00:56.245,0.96905,0.9692,1.80,21.00
2008.11.19 11:00:58.504,0.969,0.9692,5.40,1.80
2008.11.19 11:00:58.895,0.96905,0.96925,6.00,21.00
2008.11.19 11:00:59.584,0.96905,0.9692,11.40,1.00
2008.11.19 11:00:59.974,0.96915,0.96935,11.40,18.70
2008.11.19 11:01:00.254,0.96915,0.96935,11.40,2.40
2008.11.19 11:01:00.714,0.96915,0.96935,11.40,1.60
2008.11.19 11:01:00.944,0.9692,0.96925,5.80,7.80
2008.11.19 11:01:01.234,0.96905,0.96925,12.10,7.80
2008.11.19 11:01:01.864,0.96915,0.9693,6.00,8.10
2008.11.19 11:01:02.154,0.96925,0.96935,1.20,15.60
2008.11.19 11:01:02.624,0.9691,0.96935,10.30,15.60
2008.11.19 11:01:03.034,0.9691,0.96935,10.30,9.60
2008.11.19 11:01:03.443,0.96915,0.96935,12.60,2.20
2008.11.19 11:01:03.673,0.9692,0.96935,6.00,1.60
2008.11.19 11:01:07.132,0.96915,0.96935,3.00,9.60
2008.11.19 11:01:07.483,0.9691,0.96935,10.30,15.60
2008.11.19 11:01:07.822,0.9691,0.96935,9.60,21.60
2008.11.19 11:01:08.862,0.96925,0.96935,6.00,6.60
2008.11.19 11:01:09.212,0.96915,0.96935,6.00,19.80
2008.11.19 11:01:09.602,0.9691,0.96935,9.60,21.60
2008.11.19 11:01:09.832,0.9691,0.96935,10.30,15.60
2008.11.19 11:01:11.961,0.9691,0.96935,11.50,15.60
2008.11.19 11:01:16.420,0.9691,0.9693,5.50,1.80
2008.11.19 11:01:17.630,0.96915,0.9693,3.60,1.80
2008.11.19 11:01:17.800,0.96915,0.9693,5.40,1.80
2008.11.19 11:01:20.599,0.9691,0.96925,14.40,1.80
2008.11.19 11:01:21.169,0.9691,0.96925,6.10,1.80
2008.11.19 11:01:22.219,0.9691,0.9693,6.10,1.80
2008.11.19 11:01:24.428,0.9691,0.96925,6.10,1.80
2008.11.19 11:01:25.568,0.9691,0.96925,2.50,9.00
2008.11.19 11:01:25.798,0.96905,0.96915,6.60,1.80
2008.11.19 11:01:26.178,0.96905,0.9691,1.80,1.80
2008.11.19 11:01:26.538,0.9691,0.96915,1.20,6.40
2008.11.19 11:01:27.108,0.96895,0.96905,6.10,1.80
2008.11.19 11:01:27.398,0.96895,0.96905,5.40,1.80
2008.11.19 11:01:28.617,0.96895,0.96905,1.80,1.80
2008.11.19 11:01:28.977,0.96895,0.969,1.80,1.80
2008.11.19 11:01:30.997,0.969,0.96905,4.80,1.80
2008.11.19 11:01:31.227,0.96905,0.9691,1.80,1.20
2008.11.19 11:01:31.447,0.969,0.9691,6.00,1.20
2008.11.19 11:01:31.736,0.96895,0.9691,5.40,3.00
2008.11.19 11:01:32.347,0.96895,0.9691,5.40,1.20
2008.11.19 11:01:32.526,0.96895,0.9691,6.10,1.20
2008.11.19 11:01:33.918,0.96895,0.9691,1.80,3.00
2008.11.19 11:01:34.916,0.96895,0.96905,1.80,1.20
2008.11.19 11:01:35.545,0.96895,0.9691,1.80,3.00
2008.11.19 11:01:38.075,0.96895,0.9691,1.80,1.80
2008.11.19 11:01:38.195,0.969,0.9691,3.60,1.80
2008.11.19 11:01:38.255,0.969,0.96915,3.60,4.00
2008.11.19 11:01:38.315,0.969,0.96915,9.60,2.20
2008.11.19 11:01:38.585,0.969,0.96915,9.60,1.20
2008.11.19 11:01:38.755,0.969,0.9691,9.60,1.20
2008.11.19 11:01:38.985,0.969,0.9691,6.00,1.20
2008.11.19 11:01:39.335,0.96895,0.9691,4.30,1.20
2008.11.19 11:01:40.804,0.9689,0.9691,16.20,1.80
2008.11.19 11:01:41.384,0.9689,0.9691,10.30,1.80
2008.11.19 11:01:43.544,0.9689,0.9691,11.50,1.80
2008.11.19 11:01:43.884,0.9689,0.9691,10.30,1.80
2008.11.19 11:01:44.883,0.9689,0.96915,12.10,15.00
2008.11.19 11:01:45.773,0.96895,0.9691,1.80,7.80
2008.11.19 11:01:47.883,0.9689,0.96905,9.00,2.40
2008.11.19 11:01:48.062,0.96885,0.96905,10.30,7.80
2008.11.19 11:01:49.842,0.96895,0.9691,1.80,9.90
2008.11.19 11:01:50.082,0.9689,0.9691,1.80,9.90
2008.11.19 11:01:50.352,0.96895,0.9691,1.80,13.20
2008.11.19 11:01:50.632,0.96895,0.9691,1.80,15.00
2008.11.19 11:01:51.053,0.96885,0.96905,12.10,6.60
2008.11.19 11:01:51.502,0.969,0.96905,3.60,7.80
2008.11.19 11:01:51.842,0.96895,0.96915,12.10,7.80
2008.11.19 11:01:52.201,0.96895,0.96915,6.10,7.80
2008.11.19 11:01:54.601,0.96895,0.9691,1.80,1.80
2008.11.19 11:01:54.881,0.9689,0.96915,12.10,15.00
2008.11.19 11:01:55.331,0.96895,0.9691,1.80,6.00
2008.11.19 11:01:55.671,0.96895,0.9691,1.80,7.80
2008.11.19 11:01:58.480,0.9689,0.96895,3.00,7.80
2008.11.19 11:01:58.650,0.9688,0.96895,1.80,7.80
2008.11.19 11:01:58.930,0.96875,0.96895,12.10,8.40
2008.11.19 11:01:59.290,0.96875,0.96895,10.30,7.80
2008.11.19 11:01:59.750,0.96875,0.96895,9.60,7.80
2008.11.19 11:02:00.560,0.96875,0.96895,10.30,7.80
2008.11.19 11:02:00.970,0.9688,0.9689,4.30,1.00
2008.11.19 11:02:01.209,0.9688,0.96905,10.30,15.60
2008.11.19 11:02:01.829,0.96885,0.96905,4.30,8.40
2008.11.19 11:02:06.528,0.96885,0.96895,1.90,1.80
2008.11.19 11:02:06.768,0.96875,0.96895,10.30,7.80
2008.11.19 11:02:09.947,0.96875,0.96895,10.30,8.40
2008.11.19 11:02:12.817,0.96875,0.96895,9.60,8.40
2008.11.19 11:02:15.466,0.96875,0.96885,9.60,6.00
2008.11.19 11:02:15.926,0.9687,0.96885,7.60,7.80
2008.11.19 11:02:16.146,0.96865,0.96885,4.30,7.80
2008.11.19 11:02:16.686,0.9687,0.96885,3.60,2.20
2008.11.19 11:02:17.086,0.9687,0.96885,3.60,1.00
2008.11.19 11:02:17.376,0.9687,0.9689,12.10,1.80
2008.11.19 11:02:17.885,0.96875,0.96895,1.90,16.20
2008.11.19 11:02:18.285,0.96875,0.9689,10.30,1.50
2008.11.19 11:02:18.625,0.9688,0.96895,3.60,2.40
2008.11.19 11:02:19.035,0.96875,0.9689,10.30,1.00
2008.11.19 11:02:20.215,0.9688,0.9689,3.60,1.00
2008.11.19 11:02:20.505,0.9688,0.969,3.60,15.00
2008.11.19 11:02:21.245,0.9688,0.969,3.60,15.90
2008.11.19 11:02:22.994,0.9688,0.969,3.60,15.00
2008.11.19 11:02:25.624,0.9688,0.96895,3.60,7.80
2008.11.19 11:02:26.423,0.9688,0.969,3.60,15.00
2008.11.19 11:02:27.043,0.9688,0.969,4.80,15.00
2008.11.19 11:02:27.383,0.9688,0.969,4.80,15.60
2008.11.19 11:02:27.703,0.9688,0.969,3.60,15.00
2008.11.19 11:02:29.432,0.96875,0.96895,12.10,7.80
2008.11.19 11:02:29.603,0.96875,0.96895,1.80,15.00
2008.11.19 11:02:30.182,0.96875,0.96895,1.80,21.00
2008.11.19 11:02:38.081,0.96875,0.9689,1.80,1.20
2008.11.19 11:02:55.127,0.96875,0.9689,1.80,16.20
2008.11.19 11:02:55.466,0.96875,0.9688,1.80,1.20
2008.11.19 11:02:55.807,0.9686,0.9688,10.30,1.20
2008.11.19 11:02:56.156,0.9686,0.9688,9.60,1.20
2008.11.19 11:02:59.485,0.9686,0.96885,9.60,21.60
2008.11.19 11:03:02.514,0.9686,0.96885,15.40,21.60
2008.11.19 11:03:03.154,0.9686,0.96885,9.60,21.60
2008.11.19 11:03:04.324,0.9686,0.9688,9.60,1.20
2008.11.19 11:03:04.664,0.9686,0.9688,9.60,8.40
2008.11.19 11:03:14.002,0.9686,0.96875,6.00,1.20
2008.11.19 11:03:14.342,0.96855,0.96875,10.30,1.20
2008.11.19 11:03:14.512,0.96855,0.96875,9.60,10.20
2008.11.19 11:03:15.942,0.96855,0.96875,9.60,9.00
2008.11.19 11:03:22.220,0.96855,0.96875,9.60,7.20
2008.11.19 11:03:22.690,0.9686,0.9688,3.60,15.00
2008.11.19 11:03:25.240,0.9686,0.96875,3.60,1.80
2008.11.19 11:03:31.608,0.9686,0.9687,3.60,1.80
2008.11.19 11:03:32.128,0.9686,0.96875,3.60,1.80
2008.11.19 11:03:32.478,0.9686,0.9688,3.60,9.00
2008.11.19 11:03:32.597,0.9686,0.9688,9.60,7.20
2008.11.19 11:03:32.827,0.9686,0.96885,9.60,21.60
2008.11.19 11:04:26.085,0.9686,0.9688,9.60,7.20
2008.11.19 11:04:27.654,0.96875,0.96885,7.80,6.00
2008.11.19 11:04:27.834,0.96875,0.96885,7.80,13.20
2008.11.19 11:04:28.004,0.96865,0.96885,7.80,21.00
2008.11.19 11:04:28.474,0.96865,0.96885,1.80,21.00
2008.11.19 11:04:45.000,0.96865,0.96885,7.80,19.20
2008.11.19 11:04:45.280,0.96865,0.96885,1.80,21.00
2008.11.19 11:04:55.277,0.96865,0.96875,1.80,7.80
2008.11.19 11:04:55.557,0.96855,0.96875,18.60,8.40
2008.11.19 11:04:55.898,0.96855,0.96875,9.60,7.80
2008.11.19 11:04:56.947,0.96855,0.96875,9.60,15.00
2008.11.19 11:04:57.677,0.9686,0.9688,9.60,7.20
2008.11.19 11:04:58.297,0.96865,0.96885,6.10,8.40
2008.11.19 11:04:58.867,0.9687,0.9688,3.60,1.00
2008.11.19 11:04:59.277,0.9687,0.96885,3.60,1.00
2008.11.19 11:04:59.727,0.96875,0.9689,3.60,1.80
2008.11.19 11:05:00.006,0.96875,0.96895,11.40,3.60
2008.11.19 11:05:03.805,0.96875,0.96895,11.40,2.40
2008.11.19 11:05:18.262,0.96875,0.96895,11.40,1.60
2008.11.19 11:05:18.542,0.96875,0.96895,12.00,1.60
2008.11.19 11:05:18.872,0.96875,0.96895,13.90,1.00
2008.11.19 11:05:19.152,0.96875,0.96895,12.70,1.60
2008.11.19 11:05:19.502,0.9688,0.96895,3.60,1.00
2008.11.19 11:05:21.231,0.9688,0.96895,3.60,1.60
2008.11.19 11:05:30.589,0.9688,0.96895,9.60,1.60
2008.11.19 11:05:30.929,0.9688,0.96895,3.60,1.60
2008.11.19 11:05:31.799,0.9688,0.96895,10.60,1.60
2008.11.19 11:05:32.148,0.9688,0.96895,4.80,1.60
2008.11.19 11:05:32.779,0.9688,0.96895,3.60,1.60
2008.11.19 11:05:36.617,0.9688,0.96895,10.30,1.60
2008.11.19 11:05:36.857,0.96885,0.9691,1.80,24.00
2008.11.19 11:05:37.028,0.96885,0.96905,6.00,21.00
2008.11.19 11:05:40.227,0.96885,0.96905,9.60,9.00
2008.11.19 11:05:40.397,0.96885,0.96905,11.40,1.80
2008.11.19 11:05:40.696,0.96885,0.96905,11.40,1.60
2008.11.19 11:05:44.216,0.9689,0.96905,10.30,1.60
2008.11.19 11:05:44.616,0.96895,0.9692,1.80,27.40
2008.11.19 11:05:44.965,0.9689,0.96915,13.30,15.00
2008.11.19 11:05:45.595,0.96895,0.96915,11.40,1.80
2008.11.19 11:05:46.515,0.96895,0.96915,11.40,1.60
2008.11.19 11:05:49.124,0.969,0.96915,6.00,1.60
2008.11.19 11:05:49.414,0.96895,0.96915,18.60,1.60
2008.11.19 11:05:49.794,0.96895,0.96915,13.80,1.60
2008.11.19 11:05:50.085,0.969,0.96915,6.00,1.60
2008.11.19 11:05:50.374,0.96895,0.96915,13.80,1.60
2008.11.19 11:05:50.734,0.96895,0.96915,12.60,1.60
2008.11.19 11:05:51.074,0.96895,0.96915,11.40,1.60
2008.11.19 11:05:57.232,0.969,0.96915,3.60,1.60
2008.11.19 11:05:57.562,0.969,0.96925,5.40,22.60
2008.11.19 11:06:01.581,0.969,0.9692,1.80,9.00
2008.11.19 11:06:01.692,0.969,0.9692,1.80,15.00
2008.11.19 11:06:02.041,0.96905,0.9692,1.80,21.00
2008.11.19 11:06:02.681,0.96905,0.9692,7.80,19.80
2008.11.19 11:06:03.071,0.96915,0.9692,1.20,8.40
2008.11.19 11:06:03.301,0.96905,0.9692,3.00,6.00
2008.11.19 11:06:03.521,0.96905,0.9692,1.80,15.00
2008.11.19 11:06:03.681,0.96905,0.9692,1.80,21.00
2008.11.19 11:06:07.060,0.96905,0.9692,7.80,19.20
2008.11.19 11:06:07.230,0.96905,0.9692,7.80,13.20
2008.11.19 11:06:07.700,0.96905,0.9692,1.80,9.00
2008.11.19 11:06:09.130,0.96905,0.9692,1.80,1.80
2008.11.19 11:06:09.600,0.96905,0.96915,1.80,1.80
2008.11.19 11:06:10.619,0.96905,0.96915,1.80,3.00
2008.11.19 11:06:10.859,0.96905,0.96915,1.80,10.20
2008.11.19 11:06:14.038,0.96895,0.96905,1.80,1.80
2008.11.19 11:06:14.318,0.96895,0.96905,1.80,15.00
2008.11.19 11:06:14.608,0.9688,0.96895,3.60,7.80
2008.11.19 11:06:14.788,0.96875,0.96895,11.40,15.00
2008.11.19 11:06:14.968,0.96875,0.9689,5.40,1.80
2008.11.19 11:06:15.248,0.96875,0.96885,5.40,1.80
2008.11.19 11:06:15.768,0.96865,0.9688,6.60,1.80
2008.11.19 11:06:16.118,0.96865,0.96885,1.80,15.00
2008.11.19 11:06:16.518,0.96865,0.9688,1.80,1.80
2008.11.19 11:06:21.287,0.96865,0.96885,5.50,1.80
2008.11.19 11:06:21.867,0.96865,0.96885,4.30,1.80
2008.11.19 11:06:22.257,0.96865,0.9688,3.60,1.80
2008.11.19 11:06:22.726,0.96865,0.96885,11.40,13.20
2008.11.19 11:06:23.126,0.96865,0.96885,5.40,15.00
2008.11.19 11:06:26.315,0.96865,0.96885,11.40,13.20
2008.11.19 11:06:26.606,0.96865,0.96885,5.40,15.00
2008.11.19 11:06:26.775,0.96865,0.96885,6.10,7.80
2008.11.19 11:06:27.465,0.96865,0.96885,12.10,7.80
2008.11.19 11:06:27.635,0.96865,0.96885,13.30,7.80
2008.11.19 11:06:27.685,0.96865,0.96885,5.50,1.80
2008.11.19 11:06:27.925,0.96865,0.9689,11.50,21.90
2008.11.19 11:06:28.105,0.96875,0.9689,6.00,19.20
2008.11.19 11:06:28.335,0.96875,0.9689,1.20,1.80
2008.11.19 11:06:28.815,0.96875,0.9689,2.40,1.80
2008.11.19 11:06:29.115,0.9688,0.96895,6.00,1.60
2008.11.19 11:06:29.445,0.9688,0.96895,6.70,1.60
2008.11.19 11:06:29.675,0.96885,0.96895,12.70,1.00
2008.11.19 11:06:29.905,0.96885,0.96905,12.70,7.80
2008.11.19 11:06:31.974,0.96885,0.969,7.80,6.00
2008.11.19 11:06:32.324,0.96885,0.969,1.80,7.80
2008.11.19 11:06:33.404,0.96885,0.96895,1.80,6.00
2008.11.19 11:06:33.584,0.96875,0.96895,12.10,6.00
2008.11.19 11:06:33.814,0.96875,0.96895,12.10,7.80
2008.11.19 11:06:34.164,0.96875,0.96895,6.10,7.80
2008.11.19 11:06:36.253,0.96875,0.96895,12.10,7.80
2008.11.19 11:06:36.553,0.96875,0.96895,6.10,7.80
2008.11.19 11:06:36.903,0.96875,0.96895,12.10,6.00
2008.11.19 11:06:37.133,0.96875,0.96895,6.10,7.80
2008.11.19 11:06:37.762,0.96875,0.96895,5.40,7.80
2008.11.19 11:06:39.592,0.96875,0.96895,12.10,6.00
2008.11.19 11:06:40.292,0.96875,0.96895,6.10,7.80
2008.11.19 11:06:40.642,0.9688,0.969,3.60,8.70
2008.11.19 11:06:40.992,0.9688,0.969,3.60,7.80
2008.11.19 11:06:42.282,0.96875,0.96895,12.10,7.80
2008.11.19 11:06:42.622,0.96885,0.969,6.00,7.20
2008.11.19 11:06:43.101,0.96885,0.96905,6.00,21.00
2008.11.19 11:06:44.361,0.96885,0.96905,6.00,19.20
2008.11.19 11:06:44.941,0.96885,0.96905,6.00,21.00
2008.11.19 11:06:46.261,0.96885,0.96905,6.00,19.20
2008.11.19 11:06:47.161,0.96885,0.96905,6.00,21.00
2008.11.19 11:07:02.737,0.96885,0.969,6.00,7.20
2008.11.19 11:07:03.126,0.9689,0.96895,5.80,1.80
2008.11.19 11:07:03.417,0.9689,0.96895,5.80,7.80
2008.11.19 11:07:03.536,0.96875,0.96895,7.80,13.80
2008.11.19 11:07:03.766,0.96875,0.96895,7.80,14.40
2008.11.19 11:07:04.156,0.96875,0.96885,3.60,1.80
2008.11.19 11:07:04.556,0.96875,0.96885,1.80,1.80
2008.11.19 11:07:04.846,0.96875,0.96885,1.80,6.00
2008.11.19 11:07:05.186,0.9687,0.96885,3.60,7.80
2008.11.19 11:07:10.585,0.9687,0.96885,9.60,6.00
2008.11.19 11:07:11.035,0.9687,0.96885,3.60,7.80
2008.11.19 11:07:12.334,0.9687,0.9689,9.60,7.50
2008.11.19 11:07:12.614,0.96875,0.96895,3.60,14.40
2008.11.19 11:07:12.894,0.96875,0.96895,3.60,8.40
2008.11.19 11:07:17.083,0.96865,0.96885,8.50,7.80
2008.11.19 11:07:17.433,0.96875,0.9689,1.80,15.60
2008.11.19 11:07:17.733,0.96885,0.9689,7.80,1.00
2008.11.19 11:07:18.013,0.96885,0.969,1.80,7.80
2008.11.19 11:07:19.053,0.96885,0.969,9.00,6.00
2008.11.19 11:07:19.393,0.96885,0.96905,9.00,13.80
2008.11.19 11:07:19.793,0.96885,0.969,3.00,1.80
2008.11.19 11:07:20.032,0.96885,0.96905,10.80,7.80
2008.11.19 11:07:22.252,0.9689,0.96905,6.00,6.00
2008.11.19 11:07:22.472,0.96885,0.96905,10.80,7.80
2008.11.19 11:07:22.762,0.96895,0.9691,1.80,7.20
2008.11.19 11:07:23.112,0.9689,0.9691,7.80,7.20
2008.11.19 11:07:23.282,0.9689,0.96915,18.40,21.00
2008.11.19 11:07:23.802,0.96895,0.96915,4.80,15.00
2008.11.19 11:07:25.381,0.96895,0.96915,5.50,7.80
2008.11.19 11:07:25.781,0.96905,0.96915,6.00,2.20
2008.11.19 11:07:26.011,0.96905,0.96925,7.80,23.20
2008.11.19 11:07:26.361,0.96905,0.96925,6.00,21.00
2008.11.19 11:07:26.641,0.96905,0.9692,7.80,13.20
2008.11.19 11:07:27.341,0.96905,0.9692,1.80,9.00
2008.11.19 11:07:27.681,0.96905,0.9692,1.80,1.80
2008.11.19 11:07:27.911,0.96905,0.96925,9.00,21.60
2008.11.19 11:07:28.381,0.9691,0.96925,4.80,2.40
2008.11.19 11:07:28.730,0.9691,0.9693,3.60,2.40
2008.11.19 11:07:29.200,0.9691,0.96935,22.60,21.60
2008.11.19 11:07:29.610,0.9692,0.9694,3.60,14.20
2008.11.19 11:07:29.940,0.96925,0.96945,4.30,9.40
2008.11.19 11:07:30.290,0.9692,0.9694,12.10,1.80
2008.11.19 11:07:30.500,0.9692,0.9694,11.50,7.80
2008.11.19 11:07:30.960,0.9692,0.9694,10.30,7.80
2008.11.19 11:07:31.350,0.9692,0.9694,9.60,7.80
2008.11.19 11:07:31.990,0.9692,0.9694,10.30,7.80
2008.11.19 11:07:32.459,0.9692,0.9694,9.60,7.80
2008.11.19 11:07:32.939,0.9692,0.96935,3.60,7.80
2008.11.19 11:07:33.169,0.96915,0.96935,13.30,1.80
2008.11.19 11:07:33.279,0.9692,0.9693,3.60,1.00
2008.11.19 11:07:33.339,0.9692,0.96935,4.30,2.20
2008.11.19 11:07:33.570,0.9692,0.96935,10.30,1.60
2008.11.19 11:07:33.680,0.9692,0.96935,10.30,1.00
2008.11.19 11:07:38.108,0.9692,0.96935,3.60,7.80
2008.11.19 11:07:38.158,0.9692,0.9694,9.60,17.20
2008.11.19 11:07:38.438,0.96925,0.96935,3.60,1.60
2008.11.19 11:07:38.718,0.96925,0.96935,3.60,1.00
2008.11.19 11:07:41.188,0.9692,0.96935,9.60,1.00
2008.11.19 11:07:41.587,0.9692,0.96925,3.60,6.00
2008.11.19 11:07:41.977,0.9691,0.96925,9.40,7.80
2008.11.19 11:07:42.367,0.9691,0.96925,3.60,7.80
2008.11.19 11:07:42.547,0.96905,0.96925,10.30,7.80
2008.11.19 11:07:42.767,0.96905,0.96925,11.50,7.80
2008.11.19 11:07:44.606,0.96905,0.96925,11.50,6.00
2008.11.19 11:07:44.767,0.9691,0.9693,3.60,19.00
2008.11.19 11:07:45.007,0.9691,0.9693,4.30,5.10
2008.11.19 11:07:45.176,0.96915,0.96935,4.30,12.70
2008.11.19 11:07:45.746,0.96915,0.96935,4.30,8.40
2008.11.19 11:07:46.436,0.96915,0.9693,4.30,1.80
2008.11.19 11:07:47.396,0.9691,0.9693,5.50,7.80
2008.11.19 11:07:47.796,0.9691,0.9693,6.00,15.00
2008.11.19 11:07:51.015,0.9691,0.96925,4.80,7.80
2008.11.19 11:07:51.295,0.9691,0.96925,1.20,7.80
2008.11.19 11:07:51.585,0.9691,0.96925,4.80,6.60
2008.11.19 11:07:51.815,0.9691,0.96925,6.00,1.60
2008.11.19 11:07:52.665,0.96915,0.9693,1.80,6.00
2008.11.19 11:07:53.014,0.9691,0.96925,7.20,13.80
2008.11.19 11:07:53.294,0.9692,0.96925,1.20,13.80
2008.11.19 11:07:53.575,0.96895,0.9692,14.80,9.00
2008.11.19 11:07:53.994,0.9689,0.96915,3.00,21.00
2008.11.19 11:07:54.344,0.9689,0.96915,1.80,21.00
2008.11.19 11:07:57.623,0.96895,0.9691,1.80,7.20
2008.11.19 11:07:57.793,0.96895,0.9691,1.80,13.20
2008.11.19 11:07:58.023,0.96885,0.96905,12.10,13.20
2008.11.19 11:07:58.424,0.96885,0.96905,5.40,15.00
2008.11.19 11:07:59.103,0.96885,0.96905,1.80,21.00
2008.11.19 11:08:11.600,0.96885,0.96905,5.40,13.80
2008.11.19 11:08:11.720,0.96885,0.96905,5.40,7.80
2008.11.19 11:08:11.940,0.96885,0.96905,5.40,3.00
2008.11.19 11:08:12.230,0.9688,0.9689,7.20,1.80
2008.11.19 11:08:12.680,0.96875,0.9689,5.40,1.80
2008.11.19 11:08:12.970,0.96875,0.9689,1.80,7.80
2008.11.19 11:08:13.260,0.96875,0.9689,1.80,21.00
2008.11.19 11:08:14.310,0.96875,0.96885,1.80,1.20
2008.11.19 11:08:15.089,0.96875,0.96885,1.80,13.20
2008.11.19 11:08:15.420,0.9686,0.96885,12.70,10.20
2008.11.19 11:08:15.699,0.96875,0.96885,6.00,6.00
2008.11.19 11:08:16.099,0.9687,0.96885,11.20,6.00
2008.11.19 11:08:16.449,0.9687,0.9689,6.00,13.20
2008.11.19 11:08:16.799,0.96865,0.96885,11.50,1.80
2008.11.19 11:08:17.259,0.96865,0.96885,4.30,1.80
2008.11.19 11:08:17.559,0.9688,0.9689,6.00,14.10
2008.11.19 11:08:17.919,0.9688,0.96895,9.60,1.60
2008.11.19 11:08:18.358,0.96885,0.96905,3.60,15.60
2008.11.19 11:08:19.958,0.969,0.96905,6.00,13.80
2008.11.19 11:08:20.418,0.9689,0.96905,2.40,8.40
2008.11.19 11:08:20.838,0.96885,0.96905,12.10,1.60
2008.11.19 11:08:21.058,0.96895,0.96915,3.60,8.40
2008.11.19 11:08:21.408,0.969,0.9691,11.40,1.00
2008.11.19 11:08:21.797,0.96905,0.96925,9.60,13.80
2008.11.19 11:08:22.077,0.96905,0.96925,11.50,7.80
2008.11.19 11:08:22.367,0.96905,0.96925,10.30,1.20
2008.11.19 11:08:22.827,0.969,0.96915,11.80,8.40
2008.11.19 11:08:23.117,0.96895,0.96915,14.50,6.60
2008.11.19 11:08:23.407,0.96895,0.96915,13.30,6.60
2008.11.19 11:08:23.747,0.96895,0.96915,3.70,15.60
2008.11.19 11:08:23.987,0.96895,0.96905,1.20,1.00
2008.11.19 11:08:24.677,0.96895,0.96905,4.80,1.00
2008.11.19 11:08:24.957,0.96895,0.96915,7.30,8.40
2008.11.19 11:08:25.857,0.969,0.96915,7.20,6.60
2008.11.19 11:08:26.147,0.969,0.96915,1.20,8.40
2008.11.19 11:08:27.236,0.96905,0.96915,4.30,2.40
2008.11.19 11:08:27.586,0.96905,0.96925,7.30,3.60
2008.11.19 11:08:27.816,0.9691,0.96925,3.60,1.80
2008.11.19 11:08:28.326,0.96915,0.96925,6.00,2.20
2008.11.19 11:08:28.496,0.9691,0.96925,17.40,1.60
2008.11.19 11:08:28.786,0.9691,0.96925,12.70,1.60
2008.11.19 11:08:28.956,0.9691,0.96925,6.70,1.60
2008.11.19 11:08:29.176,0.9691,0.96925,6.70,1.00
2008.11.19 11:08:30.275,0.9691,0.96925,6.70,1.60
2008.11.19 11:08:30.955,0.9691,0.96925,6.70,1.80
2008.11.19 11:08:31.345,0.9691,0.96925,5.50,1.80
2008.11.19 11:08:33.085,0.9692,0.96925,6.00,1.80
2008.11.19 11:08:33.415,0.96925,0.9693,1.20,6.60
2008.11.19 11:08:33.655,0.96915,0.96935,12.60,15.60
2008.11.19 11:08:34.115,0.96915,0.96935,12.60,13.80
2008.11.19 11:08:34.814,0.96915,0.96925,3.60,1.60
2008.11.19 11:08:35.674,0.96915,0.9693,5.40,7.80
2008.11.19 11:08:36.125,0.9691,0.96925,12.00,1.00
2008.11.19 11:08:36.474,0.9691,0.96925,4.30,1.60
2008.11.19 11:08:39.534,0.9691,0.96925,4.30,1.80
2008.11.19 11:08:41.483,0.9691,0.96925,4.30,1.60
2008.11.19 11:08:41.723,0.9691,0.96925,5.50,1.60
2008.11.19 11:08:41.833,0.9691,0.96925,4.30,1.80
2008.11.19 11:08:42.003,0.9691,0.96925,10.30,1.80
2008.11.19 11:08:42.063,0.9691,0.96925,4.30,1.80
2008.11.19 11:08:42.393,0.96905,0.96925,11.50,8.40
2008.11.19 11:08:42.803,0.96905,0.96925,5.50,8.40
2008.11.19 11:08:43.152,0.9691,0.96925,4.80,1.80
2008.11.19 11:08:43.392,0.96905,0.96925,11.50,6.60
2008.11.19 11:08:43.682,0.96905,0.96925,5.50,8.40
2008.11.19 11:08:45.242,0.96905,0.96925,11.50,6.60
2008.11.19 11:08:45.522,0.96905,0.96925,10.30,6.60
2008.11.19 11:08:45.872,0.96905,0.96925,3.60,8.40
2008.11.19 11:08:46.402,0.96905,0.96915,3.60,6.00
2008.11.19 11:08:46.582,0.96905,0.96915,1.20,6.00
2008.11.19 11:08:46.752,0.96895,0.96915,15.70,7.80
2008.11.19 11:08:46.912,0.96895,0.9691,2.50,7.20
2008.11.19 11:08:47.201,0.9689,0.96905,6.00,6.00
2008.11.19 11:08:47.381,0.96885,0.96905,12.10,7.80
2008.11.19 11:08:47.611,0.96885,0.96905,6.10,7.80
2008.11.19 11:08:49.251,0.96885,0.96905,5.40,15.00
2008.11.19 11:08:49.721,0.96885,0.96905,12.10,6.00
2008.11.19 11:08:49.951,0.9689,0.96905,4.30,6.00
2008.11.19 11:08:50.171,0.9689,0.969,12.10,1.00
2008.11.19 11:08:50.451,0.96895,0.96915,5.40,8.40
2008.11.19 11:08:50.681,0.96895,0.96915,11.40,1.60
2008.11.19 11:08:51.150,0.969,0.9692,11.40,1.80
2008.11.19 11:08:51.550,0.969,0.9692,5.40,1.80
2008.11.19 11:08:53.010,0.969,0.9692,6.10,1.80
2008.11.19 11:08:53.590,0.969,0.96925,12.10,21.60
2008.11.19 11:08:57.839,0.969,0.96925,11.40,21.60
2008.11.19 11:08:59.709,0.969,0.9692,7.80,7.20
2008.11.19 11:09:00.008,0.96905,0.9692,1.80,9.00
2008.11.19 11:09:00.348,0.96905,0.9692,1.80,21.00
2008.11.19 11:09:02.078,0.969,0.9692,5.40,1.80
2008.11.19 11:09:03.407,0.969,0.96925,11.40,21.60
2008.11.19 11:09:03.827,0.969,0.9692,5.40,1.80
2008.11.19 11:09:06.067,0.969,0.96925,11.40,21.60
2008.11.19 11:09:06.477,0.969,0.9692,5.40,1.80
2008.11.19 11:09:12.905,0.969,0.9692,11.40,1.80
2008.11.19 11:09:13.205,0.969,0.9692,12.10,1.80
2008.11.19 11:09:13.435,0.969,0.96925,12.10,15.60
2008.11.19 11:09:13.945,0.969,0.96925,13.30,15.60
2008.11.19 11:09:14.395,0.969,0.96925,12.10,15.60
2008.11.19 11:09:17.464,0.969,0.9692,6.10,1.80
2008.11.19 11:09:17.984,0.96905,0.9692,3.60,1.80
2008.11.19 11:09:18.374,0.96905,0.96925,11.40,1.80
2008.11.19 11:09:19.184,0.96905,0.96925,6.00,21.00
2008.11.19 11:09:19.574,0.969,0.96925,11.40,21.00
2008.11.19 11:09:26.262,0.969,0.96925,11.40,21.90
2008.11.19 11:09:27.852,0.969,0.96925,11.40,21.00
2008.11.19 11:09:28.302,0.969,0.96925,11.40,21.90
2008.11.19 11:09:28.592,0.96905,0.9692,1.80,21.00
2008.11.19 11:09:29.801,0.96895,0.96915,1.80,21.00
2008.11.19 11:09:30.331,0.96895,0.9691,1.80,21.00
2008.11.19 11:09:30.681,0.96885,0.96905,6.10,7.80
2008.11.19 11:09:31.481,0.96885,0.96895,1.20,6.00
2008.11.19 11:09:31.761,0.96875,0.96895,13.30,6.00
2008.11.19 11:09:32.511,0.96875,0.9689,2.50,1.80
2008.11.19 11:09:32.810,0.96875,0.9689,4.30,1.80
2008.11.19 11:09:33.040,0.96875,0.96895,9.60,15.00
2008.11.19 11:09:34.350,0.96875,0.96895,11.40,15.60
2008.11.19 11:09:34.580,0.96875,0.9689,5.40,1.80
2008.11.19 11:09:35.790,0.96875,0.9689,1.80,7.80
2008.11.19 11:09:36.409,0.96875,0.9689,1.80,1.80
2008.11.19 11:09:43.418,0.96875,0.96885,1.80,1.80
2008.11.19 11:09:43.658,0.96865,0.96885,7.30,8.40
2008.11.19 11:09:43.958,0.96865,0.96885,4.30,7.80
2008.11.19 11:09:45.507,0.96865,0.96885,6.10,2.40
2008.11.19 11:09:45.857,0.96865,0.96885,12.10,1.60
2008.11.19 11:09:46.197,0.9687,0.96885,9.60,1.60
2008.11.19 11:09:46.537,0.9687,0.96895,12.10,15.60
2008.11.19 11:09:48.737,0.9687,0.9689,6.10,1.80
2008.11.19 11:09:52.726,0.9687,0.9689,6.10,7.80
2008.11.19 11:09:53.006,0.96875,0.9689,1.80,7.80
2008.11.19 11:10:10.062,0.96875,0.96885,1.80,1.80
2008.11.19 11:10:10.282,0.96875,0.9689,1.80,7.80
2008.11.19 11:10:11.021,0.96875,0.9689,1.80,8.70
2008.11.19 11:10:11.231,0.96875,0.9689,1.80,7.80
2008.11.19 11:10:13.541,0.96875,0.9689,1.80,1.80
2008.11.19 11:10:13.890,0.9687,0.9689,6.10,1.80
2008.11.19 11:10:14.470,0.9687,0.9689,6.10,7.80
2008.11.19 11:10:14.751,0.96875,0.9689,1.80,7.80
2008.11.19 11:10:18.680,0.96875,0.9689,5.40,7.80
2008.11.19 11:10:18.979,0.96875,0.96895,11.40,1.60
2008.11.19 11:10:19.149,0.96875,0.96895,12.10,1.60
2008.11.19 11:10:19.669,0.96875,0.96895,12.70,1.60
2008.11.19 11:10:20.139,0.96875,0.96895,13.90,1.00
2008.11.19 11:10:21.299,0.96875,0.96895,4.80,8.40
2008.11.19 11:10:21.759,0.96875,0.96895,3.60,8.40
2008.11.19 11:10:22.159,0.9687,0.9689,6.10,1.80
2008.11.19 11:10:22.398,0.96875,0.96885,1.80,1.20
2008.11.19 11:10:26.008,0.96875,0.9689,1.80,15.00
2008.11.19 11:10:29.697,0.96875,0.9689,1.80,7.80
2008.11.19 11:10:29.937,0.9687,0.9689,6.10,1.80
2008.11.19 11:10:32.776,0.96875,0.96895,3.60,3.60
2008.11.19 11:10:37.705,0.96875,0.96895,3.60,2.40
2008.11.19 11:10:40.314,0.9687,0.96895,13.90,15.60
2008.11.19 11:10:43.973,0.9687,0.96895,13.90,16.80
2008.11.19 11:10:44.383,0.9687,0.96895,12.70,16.80
2008.11.19 11:10:46.932,0.9687,0.96895,12.70,15.60
2008.11.19 11:10:47.832,0.9687,0.96895,13.90,15.60
2008.11.19 11:10:49.112,0.9687,0.9689,13.90,1.80
2008.11.19 11:10:50.502,0.96875,0.9689,3.60,1.80
2008.11.19 11:10:52.651,0.96875,0.96885,3.60,1.80
2008.11.19 11:10:54.311,0.96875,0.9688,3.60,1.80
2008.11.19 11:10:54.591,0.96875,0.96885,3.60,1.80
2008.11.19 11:10:54.931,0.96875,0.9689,3.60,1.80
2008.11.19 11:10:55.970,0.96875,0.96885,3.60,1.80
2008.11.19 11:10:56.370,0.96875,0.9689,3.60,1.80
2008.11.19 11:10:57.840,0.96875,0.96895,3.60,9.60
2008.11.19 11:11:01.169,0.96875,0.96895,3.60,15.60
2008.11.19 11:11:09.587,0.96875,0.9689,3.60,1.80
2008.11.19 11:11:10.577,0.96875,0.96895,3.60,15.60
2008.11.19 11:11:10.817,0.9687,0.9689,12.10,1.80
2008.11.19 11:11:11.097,0.9687,0.96895,12.10,21.60
2008.11.19 11:11:13.586,0.9687,0.9689,6.10,1.80
2008.11.19 11:11:25.143,0.9688,0.9689,3.60,1.80
2008.11.19 11:11:25.313,0.9688,0.9689,3.60,1.00
2008.11.19 11:11:25.533,0.96885,0.969,6.00,8.10
2008.11.19 11:11:25.773,0.9689,0.96905,3.60,7.80
2008.11.19 11:11:26.003,0.9689,0.96905,3.60,1.60
2008.11.19 11:11:26.773,0.9689,0.96905,9.60,1.60
2008.11.19 11:11:27.363,0.9689,0.96905,3.60,2.40
2008.11.19 11:11:30.022,0.96895,0.9691,1.80,1.80
2008.11.19 11:11:30.302,0.96895,0.9691,4.30,1.80
2008.11.19 11:11:31.972,0.96895,0.9691,3.60,1.80
2008.11.19 11:11:32.731,0.96895,0.9691,4.30,1.80
2008.11.19 11:11:33.131,0.96895,0.96915,4.30,7.80
2008.11.19 11:11:33.491,0.9689,0.9691,18.00,7.80
2008.11.19 11:11:33.891,0.96895,0.9691,1.80,7.80
2008.11.19 11:11:41.149,0.96895,0.9691,1.80,15.00
2008.11.19 11:11:44.149,0.96895,0.9691,1.80,7.80
2008.11.19 11:11:44.259,0.96895,0.9691,1.80,1.80
2008.11.19 11:11:46.208,0.96895,0.96905,1.80,1.80
2008.11.19 11:11:46.948,0.96895,0.9691,1.80,1.80
2008.11.19 11:11:47.978,0.96905,0.9691,1.80,1.80
2008.11.19 11:11:48.089,0.969,0.96905,7.00,1.00
2008.11.19 11:11:48.428,0.96905,0.9693,1.80,22.80
2008.11.19 11:11:48.838,0.96905,0.9693,7.80,22.80
2008.11.19 11:11:51.108,0.96895,0.96915,4.30,8.40
2008.11.19 11:11:51.407,0.96895,0.96915,3.60,15.60
2008.11.19 11:11:52.287,0.9689,0.96915,10.30,21.60
2008.11.19 11:11:52.637,0.9689,0.96915,10.30,22.60
2008.11.19 11:11:53.107,0.9689,0.96915,10.30,21.60
2008.11.19 11:11:54.206,0.9689,0.96915,10.30,22.60
2008.11.19 11:11:55.206,0.9689,0.969,10.30,1.00
2008.11.19 11:11:55.496,0.9689,0.9691,9.60,1.00
2008.11.19 11:11:55.946,0.9689,0.96915,3.60,9.00
2008.11.19 11:11:56.116,0.9689,0.9691,9.60,1.00
2008.11.19 11:11:57.146,0.9689,0.96905,9.60,1.60
2008.11.19 11:11:58.975,0.9689,0.96905,3.60,1.60
2008.11.19 11:11:59.505,0.9689,0.96905,3.60,1.00
2008.11.19 11:12:00.935,0.9689,0.96905,9.60,1.00
2008.11.19 11:12:01.325,0.9689,0.96905,3.60,1.00
2008.11.19 11:12:01.745,0.9689,0.96905,3.60,2.40
2008.11.19 11:12:03.704,0.9689,0.969,3.60,1.80
2008.11.19 11:12:03.884,0.9689,0.96905,3.60,3.40
2008.11.19 11:12:07.673,0.9689,0.96905,9.60,1.00
2008.11.19 11:12:08.753,0.9689,0.96905,10.30,1.00
2008.11.19 11:12:12.052,0.96895,0.96915,5.40,14.40
2008.11.19 11:12:12.462,0.96895,0.96915,6.10,8.40
2008.11.19 11:12:12.692,0.9689,0.96905,16.20,1.00
2008.11.19 11:12:12.982,0.9689,0.96905,10.30,1.00
2008.11.19 11:12:17.831,0.96895,0.96915,6.10,8.40
2008.11.19 11:12:18.291,0.96895,0.96905,4.30,1.00
2008.11.19 11:12:18.521,0.9689,0.96905,10.30,1.00
2008.11.19 11:12:18.750,0.9689,0.96905,16.20,1.00
2008.11.19 11:12:18.990,0.9689,0.96905,10.30,1.00
2008.11.19 11:12:19.610,0.9689,0.96905,6.00,6.60
2008.11.19 11:12:19.830,0.9689,0.96905,10.90,1.00
2008.11.19 11:12:23.639,0.96895,0.96905,3.60,1.00
2008.11.19 11:12:23.819,0.96895,0.96915,5.40,3.60
2008.11.19 11:12:23.929,0.96895,0.96915,1.80,16.80
2008.11.19 11:12:24.149,0.9689,0.96905,16.80,1.00
2008.11.19 11:12:24.259,0.969,0.96905,5.80,1.00
2008.11.19 11:12:24.439,0.96895,0.96905,5.50,1.00
2008.11.19 11:12:24.599,0.96895,0.96905,1.20,1.00
2008.11.19 11:12:24.819,0.9689,0.96905,16.80,1.00
2008.11.19 11:12:25.219,0.9689,0.96905,10.90,1.00
2008.11.19 11:12:25.559,0.96895,0.96915,6.10,3.60
2008.11.19 11:12:26.019,0.969,0.96915,4.30,3.60
2008.11.19 11:12:26.249,0.96895,0.96915,10.30,1.80
2008.11.19 11:12:27.938,0.969,0.96915,6.00,1.80
2008.11.19 11:12:28.348,0.96895,0.96915,10.30,2.20
2008.11.19 11:12:28.918,0.96895,0.96915,10.30,1.80
2008.11.19 11:12:29.318,0.96895,0.96915,4.30,3.60
2008.11.19 11:12:30.418,0.96895,0.96915,4.30,4.60
2008.11.19 11:12:30.718,0.96895,0.96915,10.30,3.60
2008.11.19 11:12:31.067,0.96895,0.96915,10.30,1.80
2008.11.19 11:12:31.368,0.969,0.96915,9.60,1.80
2008.11.19 11:12:31.828,0.969,0.96915,3.60,1.80
2008.11.19 11:12:32.627,0.969,0.96915,4.30,2.40
2008.11.19 11:12:32.918,0.96905,0.96915,1.80,1.80
2008.11.19 11:12:33.367,0.96905,0.96925,3.60,3.60
2008.11.19 11:12:33.657,0.96915,0.96925,3.60,1.80
2008.11.19 11:12:34.117,0.9692,0.9693,6.60,5.20
2008.11.19 11:12:34.406,0.96925,0.9694,7.90,1.80
2008.11.19 11:12:34.866,0.96935,0.96955,7.80,16.80
2008.11.19 11:12:35.506,0.96935,0.9695,1.80,9.00
2008.11.19 11:12:36.026,0.96935,0.96945,1.80,8.40
2008.11.19 11:12:36.476,0.96925,0.9693,1.80,1.80
2008.11.19 11:12:36.866,0.96915,0.96935,9.60,2.40
2008.11.19 11:12:37.316,0.9691,0.96925,12.10,1.00
2008.11.19 11:12:37.656,0.9691,0.96925,4.20,1.00
2008.11.19 11:12:38.066,0.96905,0.96925,13.90,1.00
2008.11.19 11:12:38.716,0.96905,0.96925,12.70,1.00
2008.11.19 11:12:40.005,0.96905,0.96925,12.10,1.00
2008.11.19 11:12:40.355,0.96905,0.96925,12.10,1.60
2008.11.19 11:12:43.294,0.96915,0.96925,4.30,1.60
2008.11.19 11:12:43.634,0.9692,0.96935,10.30,1.60
2008.11.19 11:12:43.874,0.96925,0.96945,1.80,15.60
2008.11.19 11:12:44.274,0.96925,0.9694,1.80,1.80
2008.11.19 11:12:44.624,0.9692,0.96935,9.60,1.60
2008.11.19 11:12:45.594,0.9692,0.96935,3.60,2.40
2008.11.19 11:12:48.493,0.96925,0.9694,1.80,1.80
2008.11.19 11:12:48.963,0.9692,0.96935,10.20,2.40
2008.11.19 11:12:49.293,0.9692,0.96935,4.30,2.40
2008.11.19 11:12:52.742,0.9692,0.96935,10.30,1.00
2008.11.19 11:12:57.121,0.9693,0.96945,6.00,6.60
2008.11.19 11:12:57.401,0.9693,0.96945,7.20,6.60
2008.11.19 11:12:57.801,0.96935,0.9695,7.80,13.20
2008.11.19 11:12:58.041,0.96935,0.96955,7.80,13.80
2008.11.19 11:12:58.511,0.96935,0.96955,11.40,6.60
2008.11.19 11:12:58.801,0.96935,0.96955,11.40,7.80
2008.11.19 11:12:59.161,0.96945,0.96955,1.80,7.20
2008.11.19 11:12:59.461,0.96945,0.9696,1.80,9.00
2008.11.19 11:12:59.811,0.96935,0.96955,17.40,7.80
2008.11.19 11:13:00.211,0.96935,0.96955,11.40,7.80
2008.11.19 11:13:00.511,0.96935,0.96955,11.40,9.00
2008.11.19 11:13:01.710,0.96935,0.96955,11.40,10.80
2008.11.19 11:13:03.330,0.96935,0.96955,6.00,21.60
2008.11.19 11:13:06.519,0.96935,0.96955,6.00,19.80
2008.11.19 11:13:10.108,0.96935,0.96945,6.00,6.00
2008.11.19 11:13:10.278,0.9693,0.96945,21.40,6.00
2008.11.19 11:13:10.448,0.9693,0.96945,6.00,6.60
2008.11.19 11:13:10.558,0.96935,0.9694,6.00,1.00
2008.11.19 11:13:10.788,0.96935,0.96945,6.00,6.60
2008.11.19 11:13:11.238,0.9693,0.9694,11.80,1.80
2008.11.19 11:13:11.538,0.96925,0.96935,3.60,1.00
2008.11.19 11:13:11.898,0.9692,0.96935,7.90,1.00
2008.11.19 11:13:12.128,0.9692,0.96935,5.50,8.40
2008.11.19 11:13:12.518,0.96925,0.96935,1.80,1.80
2008.11.19 11:13:12.867,0.96925,0.96945,3.00,21.60
2008.11.19 11:13:13.207,0.9692,0.96935,11.80,1.00
2008.11.19 11:13:13.567,0.9692,0.96935,11.80,1.60
2008.11.19 11:13:13.857,0.9692,0.96935,6.00,1.60
2008.11.19 11:13:14.147,0.96915,0.96935,12.60,8.40
2008.11.19 11:13:14.377,0.9692,0.96935,6.00,6.60
2008.11.19 11:13:15.187,0.96915,0.96935,12.60,8.40
2008.11.19 11:13:15.527,0.9692,0.96935,6.00,6.60
2008.11.19 11:13:17.106,0.96915,0.96935,12.60,8.40
2008.11.19 11:13:17.676,0.9692,0.96935,6.00,6.60
2008.11.19 11:13:18.016,0.96915,0.96935,12.60,8.40
2008.11.19 11:13:18.416,0.9692,0.96935,6.00,6.60
2008.11.19 11:13:18.646,0.96915,0.96935,7.80,15.60
2008.11.19 11:13:18.866,0.96915,0.9693,1.80,7.20
2008.11.19 11:13:19.226,0.96915,0.9693,7.80,7.20
2008.11.19 11:13:19.576,0.96915,0.96925,6.00,1.00
2008.11.19 11:13:20.036,0.9691,0.96925,11.50,1.60
2008.11.19 11:13:20.375,0.9691,0.96925,5.50,1.60
2008.11.19 11:13:21.065,0.9691,0.96925,6.70,1.60
2008.11.19 11:13:21.295,0.9691,0.96925,4.80,1.60
2008.11.19 11:13:21.885,0.96915,0.96925,6.00,1.60
2008.11.19 11:13:22.175,0.96915,0.96925,6.00,1.80
2008.11.19 11:13:22.685,0.96905,0.96925,12.10,1.80
2008.11.19 11:13:23.035,0.9691,0.96925,6.00,1.80
2008.11.19 11:13:23.375,0.96905,0.96925,18.10,1.80
2008.11.19 11:13:23.735,0.96905,0.96925,12.10,1.80
2008.11.19 11:13:23.905,0.96905,0.96925,12.10,6.60
2008.11.19 11:13:24.425,0.96905,0.96925,12.10,8.40
2008.11.19 11:13:24.714,0.96905,0.96925,12.10,15.60
2008.11.19 11:13:24.944,0.96905,0.96925,11.40,15.60
2008.11.19 11:13:25.474,0.969,0.96915,16.20,1.00
2008.11.19 11:13:25.714,0.969,0.96915,16.20,1.60
2008.11.19 11:13:26.174,0.969,0.96915,10.30,1.60
2008.11.19 11:13:28.423,0.969,0.96915,4.30,1.60
2008.11.19 11:13:32.853,0.969,0.96915,4.30,1.00
2008.11.19 11:13:33.822,0.96905,0.96925,5.40,12.70
2008.11.19 11:13:33.992,0.969,0.96915,10.30,1.00
2008.11.19 11:13:34.452,0.969,0.96915,4.30,1.00
2008.11.19 11:13:35.852,0.96915,0.9692,5.40,1.00
2008.11.19 11:13:36.252,0.96925,0.96935,3.60,8.40
2008.11.19 11:13:36.742,0.96925,0.9694,1.80,5.20
2008.11.19 11:13:37.042,0.96915,0.9693,9.00,6.00
2008.11.19 11:13:37.322,0.9691,0.9693,4.30,7.80
2008.11.19 11:13:37.612,0.9691,0.9693,10.30,1.80
2008.11.19 11:13:38.351,0.9691,0.9693,9.60,9.00
2008.11.19 11:13:39.211,0.96905,0.96925,8.50,7.80
2008.11.19 11:13:39.501,0.96905,0.96925,5.40,15.60
2008.11.19 11:13:39.791,0.96905,0.96915,3.60,1.00
2008.11.19 11:13:40.141,0.969,0.96915,3.60,2.20
2008.11.19 11:13:40.481,0.969,0.96915,3.60,1.60
2008.11.19 11:13:46.679,0.96915,0.96925,1.80,4.20
2008.11.19 11:13:47.329,0.9691,0.96925,6.00,1.00
2008.11.19 11:13:47.809,0.96905,0.96925,10.80,9.00
2008.11.19 11:13:48.029,0.96905,0.96925,3.60,15.60
2008.11.19 11:13:49.359,0.96905,0.96915,3.60,1.80
2008.11.19 11:13:50.298,0.969,0.96915,3.60,2.40
2008.11.19 11:13:50.528,0.96905,0.96915,5.40,1.80
2008.11.19 11:13:51.078,0.96905,0.96915,1.80,1.80
2008.11.19 11:13:51.548,0.969,0.96925,18.00,15.60
2008.11.19 11:13:51.958,0.96905,0.96925,5.40,6.70
2008.11.19 11:13:52.278,0.96905,0.96925,4.30,2.40
2008.11.19 11:13:52.798,0.96905,0.96925,6.10,2.40
2008.11.19 11:13:53.248,0.96905,0.96925,6.10,6.70
2008.11.19 11:13:53.478,0.96915,0.96925,1.80,1.80
2008.11.19 11:13:53.767,0.96915,0.9693,5.40,6.00
2008.11.19 11:13:54.048,0.96915,0.9693,5.40,1.80
2008.11.19 11:13:54.337,0.9692,0.96935,3.60,1.80
2008.11.19 11:13:56.377,0.9692,0.9694,9.60,7.20
2008.11.19 11:13:57.276,0.96935,0.9694,1.80,7.20
2008.11.19 11:13:57.447,0.96935,0.9695,1.80,1.80
2008.11.19 11:13:57.856,0.96935,0.96955,1.80,21.60
2008.11.19 11:14:02.075,0.96935,0.9695,1.80,13.20
2008.11.19 11:14:02.416,0.96925,0.96945,19.00,1.60
2008.11.19 11:14:02.895,0.96925,0.96945,13.80,1.60
2008.11.19 11:14:04.435,0.96925,0.96945,15.00,1.60
2008.11.19 11:14:04.845,0.96925,0.96945,13.80,1.60
2008.11.19 11:14:05.195,0.96925,0.96945,13.80,2.20
2008.11.19 11:14:05.706,0.96925,0.96945,9.00,9.00
2008.11.19 11:14:05.995,0.9692,0.96945,9.60,21.60
2008.11.19 11:14:06.345,0.96935,0.9695,1.80,7.00
2008.11.19 11:14:06.745,0.96935,0.9695,1.80,6.00
2008.11.19 11:14:06.984,0.96935,0.96945,1.20,21.60
2008.11.19 11:14:07.384,0.9692,0.96935,6.00,13.20
2008.11.19 11:14:07.724,0.9691,0.9693,18.60,1.80
2008.11.19 11:14:08.054,0.9691,0.9693,10.30,1.80
2008.11.19 11:14:09.204,0.96915,0.96935,9.60,7.80
2008.11.19 11:14:09.494,0.96915,0.9693,9.60,1.00
2008.11.19 11:14:09.613,0.9692,0.9694,6.00,19.20
2008.11.19 11:14:09.894,0.96915,0.9694,12.60,21.00
2008.11.19 11:14:10.004,0.96915,0.9694,10.80,21.00
2008.11.19 11:14:12.023,0.9691,0.96935,19.20,15.60
2008.11.19 11:14:12.353,0.9691,0.9693,11.50,1.80
2008.11.19 11:14:12.753,0.9691,0.9693,10.30,1.80
2008.11.19 11:14:13.963,0.9691,0.9693,9.60,1.80
2008.11.19 11:14:14.363,0.96915,0.9693,3.60,1.80
2008.11.19 11:14:14.532,0.96915,0.96935,5.40,3.60
2008.11.19 11:14:14.772,0.96915,0.96935,11.40,1.80
2008.11.19 11:14:15.122,0.96915,0.96935,7.80,9.00
2008.11.19 11:14:15.282,0.96915,0.96935,7.80,13.80
2008.11.19 11:14:15.572,0.9691,0.96925,10.30,1.00
2008.11.19 11:14:15.812,0.96915,0.96935,1.80,21.60
2008.11.19 11:14:16.032,0.96915,0.96935,1.80,25.90
2008.11.19 11:14:16.272,0.96915,0.96935,1.80,21.60
2008.11.19 11:14:16.892,0.96915,0.96935,5.40,14.40
2008.11.19 11:14:17.062,0.96915,0.96935,11.40,1.80
2008.11.19 11:14:17.542,0.96915,0.96935,1.80,21.60
2008.11.19 11:14:17.772,0.9691,0.96925,16.20,1.00
2008.11.19 11:14:18.002,0.9691,0.96925,4.30,1.00
2008.11.19 11:14:18.771,0.96915,0.9693,1.80,7.20
2008.11.19 11:14:19.171,0.96915,0.96935,1.80,21.60
2008.11.19 11:14:23.100,0.96915,0.9693,1.80,1.80
2008.11.19 11:14:23.340,0.9691,0.96925,3.60,1.00
2008.11.19 11:14:23.580,0.96905,0.96925,21.60,1.00
2008.11.19 11:14:23.960,0.96905,0.96925,15.70,6.60
2008.11.19 11:14:24.140,0.96905,0.96925,8.50,2.40
2008.11.19 11:14:24.600,0.96905,0.9692,14.50,1.00
2008.11.19 11:14:24.770,0.96905,0.96925,14.50,1.60
2008.11.19 11:14:27.209,0.96905,0.96925,8.50,2.40
2008.11.19 11:14:27.499,0.96915,0.96925,1.80,1.80
2008.11.19 11:14:27.719,0.96915,0.9693,1.80,1.80
2008.11.19 11:14:31.668,0.9692,0.96935,3.60,4.90
2008.11.19 11:14:32.008,0.96925,0.9694,1.80,3.30
2008.11.19 11:14:32.118,0.96925,0.9694,1.80,7.80
2008.11.19 11:14:32.228,0.96925,0.9693,1.80,1.80
2008.11.19 11:14:32.389,0.96915,0.9693,6.60,1.80
2008.11.19 11:14:32.788,0.9691,0.9693,10.80,1.80
2008.11.19 11:14:33.138,0.9691,0.9693,4.30,1.80
2008.11.19 11:14:36.617,0.9691,0.96935,10.30,25.90
2008.11.19 11:14:36.787,0.9691,0.96935,10.30,21.60
2008.11.19 11:14:46.245,0.9691,0.96935,10.30,22.60
2008.11.19 11:14:46.645,0.9691,0.96935,10.30,21.60
2008.11.19 11:14:50.194,0.96915,0.96935,3.60,8.40
2008.11.19 11:14:52.083,0.96915,0.9693,3.60,1.80
2008.11.19 11:14:52.963,0.96915,0.96935,3.60,8.40
2008.11.19 11:14:53.376,0.9692,0.96935,6.00,6.60
2008.11.19 11:14:53.603,0.96925,0.9694,1.80,5.80
2008.11.19 11:14:53.723,0.96925,0.96945,2.50,15.60
2008.11.19 11:14:53.963,0.96925,0.96945,6.10,8.40
2008.11.19 11:14:55.672,0.96925,0.96945,1.80,21.60
2008.11.19 11:14:55.972,0.96925,0.96945,1.80,22.60
2008.11.19 11:14:56.212,0.96925,0.9694,1.80,15.00
2008.11.19 11:14:56.443,0.9692,0.96935,1.20,1.80
2008.11.19 11:14:56.663,0.96915,0.96935,12.10,1.80
2008.11.19 11:14:57.532,0.96915,0.96935,8.50,9.00
2008.11.19 11:14:57.822,0.96915,0.96925,6.00,1.00
2008.11.19 11:14:58.102,0.9691,0.9693,4.30,1.80
2008.11.19 11:14:58.562,0.9691,0.9693,10.30,1.80
2008.11.19 11:15:00.061,0.9691,0.9693,4.30,1.80
2008.11.19 11:15:00.991,0.9691,0.9693,3.60,1.80
2008.11.19 11:15:02.751,0.96915,0.96935,5.40,8.40
2008.11.19 11:15:02.961,0.96915,0.96935,6.60,2.40
2008.11.19 11:15:03.241,0.96915,0.96935,12.60,2.40
2008.11.19 11:15:03.481,0.96915,0.96935,8.50,2.40
2008.11.19 11:15:06.840,0.96915,0.96925,8.50,1.80
2008.11.19 11:15:07.070,0.96915,0.96925,7.30,1.80
2008.11.19 11:15:07.999,0.96915,0.9692,6.60,1.80
2008.11.19 11:15:08.169,0.96915,0.9692,5.40,1.80
2008.11.19 11:15:08.579,0.96915,0.96925,6.60,1.80
2008.11.19 11:15:15.168,0.96915,0.96925,7.80,1.80
2008.11.19 11:15:15.348,0.96925,0.9693,1.80,1.80
2008.11.19 11:15:16.907,0.96925,0.9694,1.80,1.80
2008.11.19 11:15:17.777,0.96925,0.96935,1.80,7.80
2008.11.19 11:15:17.957,0.9692,0.96935,4.80,2.40
2008.11.19 11:15:20.516,0.96915,0.96935,6.10,8.40
2008.11.19 11:15:20.816,0.96915,0.9693,4.30,1.80
2008.11.19 11:15:21.096,0.9691,0.96925,4.30,1.00
2008.11.19 11:15:21.316,0.96905,0.96925,12.10,2.40
2008.11.19 11:15:21.487,0.96905,0.96925,10.30,1.80
2008.11.19 11:15:21.776,0.96905,0.96925,4.30,1.80
2008.11.19 11:15:22.786,0.96915,0.96925,3.60,1.80
2008.11.19 11:15:23.146,0.96915,0.96935,5.40,14.40
2008.11.19 11:15:23.476,0.96915,0.9693,5.40,1.80
2008.11.19 11:15:23.636,0.96915,0.96935,5.40,9.60
2008.11.19 11:15:23.866,0.96915,0.96935,5.40,3.60
2008.11.19 11:15:25.875,0.96915,0.9693,5.40,1.80
2008.11.19 11:15:26.175,0.96915,0.9693,1.80,1.80
2008.11.19 11:15:32.583,0.96915,0.9693,5.40,1.80
2008.11.19 11:15:32.943,0.96915,0.96935,6.10,8.40
2008.11.19 11:15:33.233,0.96915,0.9693,6.10,1.80
2008.11.19 11:15:36.733,0.96915,0.96925,1.80,1.80
2008.11.19 11:15:37.023,0.9691,0.96925,4.30,2.40
2008.11.19 11:15:37.522,0.96915,0.96925,4.30,2.40
2008.11.19 11:15:37.763,0.9691,0.96925,4.30,2.40
2008.11.19 11:15:38.212,0.9691,0.96925,4.30,3.60
2008.11.19 11:15:38.782,0.9691,0.96925,4.30,3.00
2008.11.19 11:15:39.062,0.9691,0.9693,3.60,1.80
2008.11.19 11:15:39.182,0.9691,0.9693,3.60,13.00
2008.11.19 11:15:39.352,0.96905,0.9693,14.40,20.20
2008.11.19 11:15:39.412,0.96905,0.9693,14.40,15.00
2008.11.19 11:15:39.702,0.9691,0.9693,3.60,7.80
2008.11.19 11:15:39.762,0.9691,0.9693,3.60,1.80
2008.11.19 11:15:48.950,0.96905,0.96925,5.50,15.00
2008.11.19 11:15:49.069,0.96905,0.96925,2.40,21.60
2008.11.19 11:15:49.540,0.96915,0.96925,1.20,21.60
2008.11.19 11:15:49.880,0.9689,0.9691,5.50,1.80
2008.11.19 11:15:50.109,0.9689,0.9691,4.30,1.80
2008.11.19 11:15:50.499,0.9689,0.96905,4.30,1.80
2008.11.19 11:15:51.059,0.96895,0.969,4.30,1.80
2008.11.19 11:15:51.409,0.96895,0.96905,4.30,1.80
2008.11.19 11:15:51.689,0.9689,0.96905,4.30,1.80
2008.11.19 11:15:52.519,0.96895,0.9691,1.80,1.80
2008.11.19 11:15:55.688,0.96895,0.9691,5.40,1.80
2008.11.19 11:15:56.838,0.96895,0.96915,5.40,2.40
2008.11.19 11:16:01.986,0.96895,0.96915,5.40,3.60
2008.11.19 11:16:18.103,0.96895,0.96915,5.40,2.40
2008.11.19 11:16:18.323,0.969,0.9691,6.00,1.00
2008.11.19 11:16:18.773,0.96895,0.96915,7.30,2.40
2008.11.19 11:16:19.112,0.96895,0.96915,6.60,2.40
2008.11.19 11:16:19.352,0.96895,0.96915,5.40,3.60
2008.11.19 11:16:23.501,0.96895,0.96915,5.40,2.40
2008.11.19 11:16:23.831,0.96895,0.96915,5.40,3.60
2008.11.19 11:16:24.881,0.96895,0.96915,5.40,2.40
2008.11.19 11:16:26.731,0.96895,0.96915,6.00,2.40
2008.11.19 11:16:27.130,0.96895,0.96915,7.80,2.40
2008.11.19 11:16:27.550,0.96895,0.96915,7.60,2.40
2008.11.19 11:16:28.720,0.96895,0.96915,5.40,3.60
2008.11.19 11:16:34.689,0.96895,0.96915,11.40,1.80
2008.11.19 11:16:35.089,0.969,0.96915,3.60,3.60
2008.11.19 11:16:35.329,0.9691,0.96925,3.60,3.40
2008.11.19 11:16:35.669,0.96915,0.9693,1.80,2.70
2008.11.19 11:16:35.968,0.96915,0.9693,1.80,1.80
2008.11.19 11:16:42.567,0.96925,0.9693,5.40,1.80
2008.11.19 11:16:42.797,0.9693,0.9694,1.20,4.60
2008.11.19 11:16:42.967,0.9693,0.96945,1.20,6.70
2008.11.19 11:16:43.137,0.9693,0.96945,4.80,6.70
2008.11.19 11:16:43.377,0.96935,0.9695,1.80,1.80
2008.11.19 11:16:45.476,0.96935,0.96945,5.40,1.80
2008.11.19 11:16:45.696,0.96935,0.9695,1.80,1.80
2008.11.19 11:16:45.756,0.9693,0.96945,3.60,2.40
2008.11.19 11:16:46.156,0.96925,0.96945,7.20,2.40
2008.11.19 11:16:46.456,0.96925,0.9694,5.40,1.80
2008.11.19 11:16:46.936,0.96925,0.9694,1.80,1.80
2008.11.19 11:16:47.226,0.9692,0.96935,4.30,2.40
2008.11.19 11:16:47.635,0.9692,0.96935,3.60,2.40
2008.11.19 11:16:47.975,0.96915,0.9693,3.60,1.80
2008.11.19 11:16:48.376,0.96915,0.96935,11.40,3.60
2008.11.19 11:16:49.235,0.96915,0.96935,12.10,3.60
2008.11.19 11:16:49.855,0.96915,0.96935,12.10,2.80
2008.11.19 11:16:50.155,0.9692,0.9694,3.60,2.40
2008.11.19 11:16:50.835,0.96925,0.96935,5.40,1.00
2008.11.19 11:16:51.124,0.96925,0.96935,1.80,1.00
2008.11.19 11:16:51.535,0.9692,0.9694,4.30,2.40
2008.11.19 11:16:59.993,0.96915,0.9694,15.10,15.60
2008.11.19 11:17:00.213,0.96915,0.96935,5.50,1.80
2008.11.19 11:17:00.502,0.96915,0.9693,5.50,1.80
2008.11.19 11:17:03.652,0.9692,0.96935,6.00,4.20
2008.11.19 11:17:03.762,0.9692,0.9694,6.00,20.70
2008.11.19 11:17:04.052,0.9693,0.9694,5.80,15.00
2008.11.19 11:17:04.112,0.96915,0.9693,11.50,1.80
2008.11.19 11:17:04.291,0.96915,0.9693,5.50,1.80
2008.11.19 11:17:06.041,0.96925,0.9694,3.60,2.40
2008.11.19 11:17:06.271,0.96925,0.9694,5.40,2.40
2008.11.19 11:17:06.721,0.96925,0.96935,5.40,1.00
2008.11.19 11:17:07.481,0.9693,0.96945,3.60,1.80
2008.11.19 11:17:07.821,0.96945,0.9695,1.80,6.00
2008.11.19 11:17:08.121,0.96935,0.9695,5.40,1.80
2008.11.19 11:17:08.460,0.96935,0.96955,11.40,2.40
2008.11.19 11:17:09.400,0.96935,0.9695,7.80,13.20
2008.11.19 11:17:09.560,0.96925,0.96945,6.60,2.40
2008.11.19 11:17:09.890,0.9693,0.96945,3.60,2.40
2008.11.19 11:17:10.390,0.96925,0.9694,6.60,6.00
2008.11.19 11:17:10.790,0.96925,0.96935,1.80,19.20
2008.11.19 11:17:11.240,0.9693,0.96935,5.80,16.80
2008.11.19 11:17:11.690,0.96895,0.9692,5.40,1.80
2008.11.19 11:17:11.970,0.96895,0.96925,5.40,10.80
2008.11.19 11:17:13.989,0.96905,0.96925,12.00,10.80
2008.11.19 11:17:14.169,0.96915,0.96925,3.60,3.60
2008.11.19 11:17:14.329,0.96915,0.96925,5.40,1.80
2008.11.19 11:17:14.619,0.96915,0.96935,5.40,3.60
2008.11.19 11:17:15.239,0.96915,0.96935,5.40,2.40
2008.11.19 11:17:15.589,0.96915,0.96935,5.40,3.60
2008.11.19 11:17:15.939,0.96915,0.9693,5.40,1.80
2008.11.19 11:17:16.228,0.9691,0.96925,3.60,7.80
2008.11.19 11:17:16.399,0.96905,0.96925,7.90,7.80
2008.11.19 11:17:16.568,0.96905,0.96925,7.90,8.40
2008.11.19 11:17:16.788,0.96905,0.9692,2.50,1.80
2008.11.19 11:17:17.128,0.96905,0.9692,1.80,1.80
2008.11.19 11:17:18.158,0.96905,0.9692,5.40,1.80
2008.11.19 11:17:18.498,0.96905,0.96925,5.40,3.60
2008.11.19 11:17:20.098,0.96905,0.96925,11.40,1.80
2008.11.19 11:17:20.388,0.96905,0.96925,11.40,1.60
2008.11.19 11:17:20.568,0.96905,0.96925,5.40,2.40
2008.11.19 11:17:21.258,0.96905,0.96925,5.40,3.60
2008.11.19 11:17:22.417,0.9691,0.96925,3.60,2.40
2008.11.19 11:17:22.647,0.96915,0.9693,5.40,2.70
2008.11.19 11:17:22.867,0.96915,0.9693,5.40,1.80
2008.11.19 11:17:23.157,0.96915,0.9693,6.10,1.80
2008.11.19 11:17:23.397,0.96915,0.9693,1.80,1.80
2008.11.19 11:17:23.687,0.9691,0.96925,4.30,2.40
2008.11.19 11:17:24.327,0.9691,0.96925,3.60,2.40
2008.11.19 11:17:24.496,0.96905,0.96925,10.90,8.40
2008.11.19 11:17:24.657,0.96905,0.9692,6.10,1.80
2008.11.19 11:17:25.226,0.96905,0.9692,5.40,1.80
2008.11.19 11:17:25.346,0.969,0.96915,4.30,2.40
2008.11.19 11:17:25.526,0.96895,0.96915,4.30,8.40
2008.11.19 11:17:25.756,0.969,0.96915,7.80,8.40
2008.11.19 11:17:25.866,0.969,0.96915,4.30,8.40
2008.11.19 11:17:26.286,0.969,0.9691,1.00,1.80
2008.11.19 11:17:26.406,0.96895,0.9691,4.30,1.80
2008.11.19 11:17:26.696,0.96895,0.96915,4.30,8.40
2008.11.19 11:17:26.977,0.9689,0.96905,4.30,1.00
2008.11.19 11:17:27.607,0.9689,0.96905,4.30,1.60
2008.11.19 11:17:27.946,0.9689,0.96905,3.60,2.40
2008.11.19 11:17:28.286,0.96885,0.969,4.30,1.80
2008.11.19 11:17:28.626,0.96895,0.96905,1.20,2.40
2008.11.19 11:17:28.906,0.96885,0.96905,11.50,2.40
2008.11.19 11:17:29.256,0.96885,0.969,4.30,1.80
2008.11.19 11:17:31.215,0.96885,0.969,1.90,9.00
2008.11.19 11:17:31.675,0.9688,0.9689,6.60,1.00
2008.11.19 11:17:31.905,0.9688,0.96895,4.30,1.80
2008.11.19 11:17:32.305,0.9688,0.96895,4.30,2.40
2008.11.19 11:17:35.644,0.96885,0.96895,3.60,2.40
2008.11.19 11:17:35.984,0.96885,0.969,4.30,1.80
2008.11.19 11:17:37.064,0.9689,0.96905,4.30,2.40
2008.11.19 11:17:38.483,0.96885,0.96905,10.30,6.60
2008.11.19 11:17:38.593,0.96885,0.969,4.30,1.80
2008.11.19 11:17:46.942,0.96885,0.96895,3.60,1.80
2008.11.19 11:17:47.241,0.9688,0.96895,4.30,2.40
2008.11.19 11:17:48.381,0.96885,0.96895,3.60,2.40
2008.11.19 11:17:48.671,0.96885,0.969,10.30,1.00
2008.11.19 11:17:49.011,0.96895,0.9691,1.80,9.00
2008.11.19 11:17:49.411,0.96895,0.9691,6.10,1.80
2008.11.19 11:17:49.811,0.969,0.96915,3.60,6.70
2008.11.19 11:17:50.102,0.969,0.9692,6.10,1.80
2008.11.19 11:17:50.570,0.96905,0.9692,3.60,1.80
2008.11.19 11:17:50.920,0.96905,0.96915,3.60,1.80
2008.11.19 11:17:51.160,0.969,0.9692,6.10,1.80
2008.11.19 11:17:51.450,0.969,0.96915,4.30,2.40
2008.11.19 11:17:51.800,0.969,0.9691,3.60,1.80
2008.11.19 11:17:57.099,0.96895,0.9691,6.10,1.80
2008.11.19 11:17:57.380,0.96895,0.96905,4.30,1.00
2008.11.19 11:17:57.549,0.9689,0.96905,4.30,2.40
2008.11.19 11:17:58.578,0.9689,0.96905,7.80,2.40
2008.11.19 11:17:59.088,0.96885,0.969,4.30,1.80
2008.11.19 11:17:59.378,0.96885,0.969,5.50,1.80
2008.11.19 11:17:59.498,0.96885,0.969,4.30,1.80
2008.11.19 11:17:59.968,0.96895,0.9691,1.80,14.20
2008.11.19 11:18:00.248,0.96895,0.9691,1.80,13.20
2008.11.19 11:18:00.668,0.96895,0.96905,1.80,1.80
2008.11.19 11:18:01.588,0.96885,0.969,5.50,1.80
2008.11.19 11:18:01.948,0.96885,0.969,4.30,1.80
2008.11.19 11:18:03.307,0.96885,0.969,6.10,1.80
2008.11.19 11:18:03.467,0.96885,0.96905,6.10,2.40
2008.11.19 11:18:04.497,0.96885,0.96905,12.10,2.40
2008.11.19 11:18:05.267,0.9689,0.9691,4.30,1.80
2008.11.19 11:18:05.717,0.96895,0.9691,3.60,1.80
2008.11.19 11:18:07.616,0.96895,0.9691,4.30,1.80
2008.11.19 11:18:08.186,0.969,0.9691,3.60,1.80
2008.11.19 11:18:08.426,0.969,0.96915,3.60,2.40
2008.11.19 11:18:08.596,0.969,0.96915,3.60,1.80
2008.11.19 11:18:08.826,0.969,0.9691,3.60,1.80
2008.11.19 11:18:10.126,0.9689,0.9691,10.30,1.80
2008.11.19 11:18:10.306,0.9689,0.96905,4.30,2.40
2008.11.19 11:18:11.865,0.9689,0.96905,3.60,2.40
2008.11.19 11:18:12.205,0.96895,0.9691,1.80,1.80
2008.11.19 11:18:14.505,0.96895,0.9691,5.40,1.80
2008.11.19 11:18:14.614,0.96895,0.96915,5.40,3.60
2008.11.19 11:18:14.955,0.96895,0.96915,6.10,3.60
2008.11.19 11:18:15.064,0.96895,0.96915,12.10,3.60
2008.11.19 11:18:15.514,0.96895,0.96915,6.10,3.60
2008.11.19 11:18:19.013,0.96905,0.9692,1.80,2.70
2008.11.19 11:18:19.293,0.96905,0.9692,1.80,1.80
2008.11.19 11:18:21.003,0.96905,0.96915,1.80,1.80
2008.11.19 11:18:23.572,0.96905,0.9692,1.80,2.70
2008.11.19 11:18:23.682,0.96905,0.9692,1.80,1.80
2008.11.19 11:18:23.922,0.96905,0.9692,5.40,1.80
2008.11.19 11:18:24.492,0.96905,0.96915,5.40,1.80
2008.11.19 11:18:24.842,0.96905,0.9692,5.40,2.70
2008.11.19 11:18:25.242,0.96905,0.96915,5.40,1.80
2008.11.19 11:18:25.822,0.96905,0.9692,5.40,1.80
2008.11.19 11:18:26.002,0.96905,0.96915,5.40,1.80
2008.11.19 11:18:26.482,0.96905,0.9692,1.80,1.80
2008.11.19 11:18:26.712,0.96905,0.96925,1.80,21.60
2008.11.19 11:18:27.002,0.96905,0.9692,1.80,1.80
2008.11.19 11:18:27.362,0.96905,0.96915,1.80,1.80
2008.11.19 11:18:27.831,0.96905,0.9692,6.10,1.80
2008.11.19 11:18:35.199,0.96905,0.9692,1.80,1.80
2008.11.19 11:18:35.600,0.969,0.96915,4.30,2.40
2008.11.19 11:18:36.179,0.969,0.96915,10.30,1.00
2008.11.19 11:18:36.699,0.96905,0.96915,4.30,2.40
2008.11.19 11:18:36.989,0.96905,0.9692,6.10,1.80
2008.11.19 11:18:37.699,0.96905,0.96915,1.90,1.00
2008.11.19 11:18:38.099,0.969,0.96915,4.30,2.40
2008.11.19 11:18:49.846,0.96905,0.96915,3.60,2.40
2008.11.19 11:18:50.076,0.96905,0.96915,4.30,2.40
2008.11.19 11:18:50.196,0.96905,0.9692,6.10,1.80
2008.11.19 11:18:56.094,0.9691,0.96925,3.60,2.40
2008.11.19 11:18:56.314,0.9691,0.9692,3.60,6.00
2008.11.19 11:18:56.484,0.969,0.96915,12.10,1.00
2008.11.19 11:18:56.644,0.96905,0.96925,1.80,10.80
2008.11.19 11:18:56.875,0.96905,0.9692,1.80,1.80
2008.11.19 11:19:02.103,0.96905,0.9692,5.40,1.80
2008.11.19 11:19:10.931,0.96905,0.9692,1.80,1.80
2008.11.19 11:19:16.159,0.96895,0.96915,6.10,10.80
2008.11.19 11:19:16.460,0.96895,0.96905,3.60,1.80
2008.11.19 11:19:16.879,0.9689,0.9691,3.60,1.80
2008.11.19 11:19:17.400,0.9689,0.96905,3.60,1.80
2008.11.19 11:19:17.690,0.9689,0.9691,4.30,1.80
2008.11.19 11:19:19.179,0.9689,0.96905,4.30,1.80
2008.11.19 11:19:19.799,0.9689,0.96905,3.60,1.80
2008.11.19 11:19:20.029,0.96885,0.96905,7.30,2.40
2008.11.19 11:19:20.379,0.96885,0.96905,5.40,2.40
2008.11.19 11:19:21.648,0.96885,0.969,5.40,1.80
2008.11.19 11:19:22.098,0.96885,0.96905,5.40,2.40
2008.11.19 11:19:25.978,0.9689,0.96905,3.60,2.40
2008.11.19 11:19:26.948,0.9689,0.96905,3.60,1.80
2008.11.19 11:19:27.117,0.96885,0.96905,7.20,1.80
2008.11.19 11:19:27.468,0.96885,0.969,4.80,1.80
2008.11.19 11:19:27.687,0.9688,0.96895,4.30,1.80
2008.11.19 11:19:28.377,0.9688,0.969,3.60,1.80
2008.11.19 11:19:28.777,0.9688,0.96895,3.60,1.80
2008.11.19 11:19:30.276,0.9688,0.969,3.60,2.70
2008.11.19 11:19:30.676,0.96875,0.96895,7.90,1.80
2008.11.19 11:19:30.956,0.96875,0.96895,3.60,1.80
2008.11.19 11:19:31.416,0.9687,0.96895,13.30,21.60
2008.11.19 11:19:31.756,0.9687,0.96895,12.10,21.60
2008.11.19 11:19:32.905,0.9687,0.9688,12.10,1.00
2008.11.19 11:19:33.306,0.9687,0.9689,6.10,2.70
2008.11.19 11:19:33.775,0.96875,0.9688,5.40,1.00
2008.11.19 11:19:34.225,0.96875,0.969,5.40,23.10
2008.11.19 11:19:35.475,0.96875,0.96895,11.40,3.60
2008.11.19 11:19:35.885,0.96875,0.96895,5.40,3.60
2008.11.19 11:19:36.695,0.96875,0.9689,12.60,1.00
2008.11.19 11:19:37.105,0.96875,0.96895,6.00,2.40
2008.11.19 11:19:37.555,0.96875,0.9689,5.40,1.80
2008.11.19 11:19:37.775,0.96875,0.96895,11.40,1.60
2008.11.19 11:19:38.174,0.9688,0.96895,6.00,1.60
2008.11.19 11:19:38.694,0.9688,0.9689,6.00,1.00
2008.11.19 11:19:39.024,0.9688,0.96895,6.00,1.80
2008.11.19 11:19:39.427,0.9688,0.9689,6.00,1.00
2008.11.19 11:19:46.613,0.96875,0.969,11.40,22.50
2008.11.19 11:19:46.952,0.96875,0.96895,5.40,3.60
2008.11.19 11:19:49.901,0.96875,0.9689,5.40,1.80
2008.11.19 11:19:51.171,0.96875,0.9689,1.80,1.80
2008.11.19 11:19:51.341,0.96875,0.9689,1.80,7.80
2008.11.19 11:19:51.681,0.9687,0.96885,5.40,1.80
2008.11.19 11:19:53.661,0.9687,0.96885,6.10,1.80
2008.11.19 11:19:56.080,0.96875,0.9688,6.00,1.00
2008.11.19 11:20:02.108,0.9687,0.9689,11.40,2.70
2008.11.19 11:20:03.888,0.9687,0.9688,6.00,1.00
2008.11.19 11:20:04.238,0.9687,0.9688,10.30,1.00
2008.11.19 11:20:06.727,0.9687,0.9688,6.00,1.00
2008.11.19 11:20:07.087,0.96865,0.96885,6.10,2.40
2008.11.19 11:20:08.947,0.96865,0.96885,6.10,3.60
2008.11.19 11:20:11.306,0.96865,0.96885,6.10,2.40
2008.11.19 11:20:12.626,0.96865,0.96885,7.90,2.40
2008.11.19 11:20:12.796,0.96865,0.96885,7.30,2.40
2008.11.19 11:20:13.136,0.96865,0.96885,6.10,2.40
2008.11.19 11:20:13.306,0.96865,0.96885,6.10,3.60
2008.11.19 11:20:14.676,0.96865,0.96885,12.10,1.80
2008.11.19 11:20:17.655,0.9687,0.96885,6.00,2.20
2008.11.19 11:20:17.995,0.9687,0.96885,9.60,1.00
2008.11.19 11:20:21.284,0.9687,0.96885,3.60,1.00
2008.11.19 11:20:24.354,0.9687,0.96885,3.60,1.60
2008.11.19 11:20:28.163,0.96865,0.96885,12.10,2.20
2008.11.19 11:20:28.392,0.96865,0.96885,6.10,8.40
2008.11.19 11:20:28.802,0.96865,0.96875,5.40,6.00
2008.11.19 11:20:28.982,0.9686,0.9687,11.80,1.80
2008.11.19 11:20:29.462,0.96855,0.96865,3.60,1.00
2008.11.19 11:20:29.752,0.9685,0.9687,3.60,1.80
2008.11.19 11:20:30.032,0.9685,0.96865,3.60,1.00
2008.11.19 11:20:30.312,0.96845,0.96865,13.30,1.00
2008.11.19 11:20:30.662,0.96845,0.96865,12.10,1.60
2008.11.19 11:20:31.521,0.96845,0.96865,13.30,1.60
2008.11.19 11:20:31.701,0.9685,0.96865,3.60,1.60
2008.11.19 11:20:32.141,0.96845,0.96865,12.10,1.60
2008.11.19 11:20:34.461,0.96845,0.96865,12.70,1.60
2008.11.19 11:20:34.641,0.96845,0.96865,13.90,1.00
2008.11.19 11:20:35.220,0.96855,0.9687,1.80,1.80
2008.11.19 11:20:35.510,0.96855,0.96875,7.80,21.60
2008.11.19 11:20:35.681,0.96855,0.96875,11.40,1.80
2008.11.19 11:20:37.650,0.96855,0.96875,11.40,2.20
2008.11.19 11:20:38.000,0.96855,0.96865,6.00,6.60
2008.11.19 11:20:38.170,0.9686,0.96865,5.80,8.40
2008.11.19 11:20:38.530,0.96845,0.96865,6.10,8.40
2008.11.19 11:20:39.589,0.96845,0.96865,12.10,8.40
2008.11.19 11:20:40.109,0.96845,0.96865,6.10,8.40
2008.11.19 11:20:45.478,0.9685,0.96865,3.60,2.40
2008.11.19 11:20:45.768,0.9685,0.96865,3.60,1.80
2008.11.19 11:20:46.008,0.9685,0.9687,3.60,1.80
2008.11.19 11:20:48.307,0.9685,0.96875,9.60,21.60
2008.11.19 11:20:48.547,0.96855,0.96875,6.00,19.80
2008.11.19 11:20:48.897,0.96855,0.96875,6.00,21.60
2008.11.19 11:20:49.737,0.96855,0.96875,6.00,15.60
2008.11.19 11:21:04.234,0.96855,0.9687,6.00,7.20
2008.11.19 11:21:04.404,0.96845,0.9686,7.80,7.20
2008.11.19 11:21:04.624,0.9684,0.96855,7.20,1.80
2008.11.19 11:21:04.793,0.9684,0.96855,11.80,1.80
2008.11.19 11:21:05.143,0.9684,0.96855,11.80,15.00
2008.11.19 11:21:05.603,0.9683,0.9685,19.20,1.80
2008.11.19 11:21:05.953,0.9683,0.9685,13.30,1.80
2008.11.19 11:21:07.393,0.96845,0.9685,1.20,1.80
2008.11.19 11:21:07.733,0.96835,0.9685,4.80,1.80
2008.11.19 11:21:07.943,0.96835,0.96855,12.60,3.60
2008.11.19 11:21:11.252,0.96835,0.9685,3.00,1.80
2008.11.19 11:21:11.652,0.9683,0.9685,11.40,1.80
2008.11.19 11:21:11.932,0.9683,0.9685,12.60,1.80
2008.11.19 11:21:12.152,0.96835,0.96855,5.40,7.80
2008.11.19 11:21:12.382,0.96835,0.96855,3.60,3.60
2008.11.19 11:21:12.722,0.96845,0.9685,1.80,1.00
2008.11.19 11:21:13.162,0.9685,0.96865,4.20,1.80
2008.11.19 11:21:13.502,0.96855,0.9688,10.20,16.20
2008.11.19 11:21:13.791,0.9686,0.9688,3.60,10.20
2008.11.19 11:21:18.040,0.9686,0.9688,9.60,1.20
2008.11.19 11:21:18.320,0.9686,0.96885,10.90,16.80
2008.11.19 11:21:22.629,0.96865,0.96885,3.60,10.80
2008.11.19 11:21:26.398,0.96865,0.96885,3.60,15.60
2008.11.19 11:21:30.127,0.96885,0.96905,11.40,8.40
2008.11.19 11:21:30.397,0.9689,0.969,6.00,1.00
2008.11.19 11:21:30.517,0.96885,0.96905,12.10,1.60
2008.11.19 11:21:30.917,0.9689,0.96905,3.60,1.60
2008.11.19 11:21:31.257,0.96895,0.96915,1.80,22.80
2008.11.19 11:21:31.967,0.9689,0.96905,3.60,1.80
2008.11.19 11:21:32.597,0.96895,0.96915,1.80,22.80
2008.11.19 11:21:32.917,0.9689,0.96905,9.60,1.00
2008.11.19 11:21:33.207,0.9689,0.96905,9.60,1.60
2008.11.19 11:21:33.546,0.9689,0.96905,3.60,1.60
2008.11.19 11:21:46.433,0.9689,0.96905,3.60,1.80
2008.11.19 11:21:56.651,0.96885,0.96905,12.10,1.80
2008.11.19 11:21:58.271,0.96885,0.96905,12.10,3.60
2008.11.19 11:21:58.611,0.96885,0.96905,12.10,1.80
2008.11.19 11:22:00.580,0.96885,0.96905,12.10,2.20
2008.11.19 11:22:01.270,0.96885,0.96905,12.10,1.60
2008.11.19 11:22:01.550,0.96885,0.96905,12.10,1.80
2008.11.19 11:22:04.609,0.96885,0.96905,12.10,3.60
2008.11.19 11:22:05.179,0.96885,0.96905,11.40,10.80
2008.11.19 11:22:11.437,0.96885,0.969,5.40,1.80
2008.11.19 11:22:11.717,0.96885,0.969,3.60,1.80
2008.11.19 11:22:11.837,0.9688,0.969,9.40,1.80
2008.11.19 11:22:12.067,0.9688,0.969,3.60,1.80
2008.11.19 11:22:27.253,0.96875,0.969,13.90,9.00
2008.11.19 11:22:27.434,0.96875,0.96895,11.40,1.80
2008.11.19 11:22:33.662,0.96875,0.96895,12.60,1.80
2008.11.19 11:22:34.292,0.96885,0.969,5.40,2.40
2008.11.19 11:22:34.632,0.96895,0.96905,1.80,1.40
2008.11.19 11:22:35.042,0.96895,0.9692,1.80,21.60
2008.11.19 11:22:37.201,0.96895,0.96915,1.80,15.60
2008.11.19 11:22:45.019,0.96895,0.96915,5.40,8.40
2008.11.19 11:22:45.249,0.96895,0.96915,5.40,2.40
2008.11.19 11:22:45.369,0.969,0.9691,6.00,1.00
2008.11.19 11:22:45.539,0.969,0.9691,9.60,1.00
2008.11.19 11:22:45.599,0.969,0.9692,11.40,2.70
2008.11.19 11:22:45.649,0.969,0.9692,5.40,2.70
2008.11.19 11:22:47.389,0.96895,0.9691,13.20,1.00
2008.11.19 11:22:47.509,0.96895,0.9691,11.40,1.00
2008.11.19 11:22:48.358,0.96905,0.9692,1.80,2.70
2008.11.19 11:22:48.578,0.96895,0.9691,17.40,1.00
2008.11.19 11:22:49.028,0.96895,0.9691,11.40,1.00
2008.11.19 11:22:49.548,0.9691,0.96915,3.60,2.40
2008.11.19 11:22:49.838,0.96915,0.9692,1.00,7.00
2008.11.19 11:22:49.959,0.96925,0.96935,1.80,5.40
2008.11.19 11:22:50.198,0.96925,0.9694,5.40,1.80
2008.11.19 11:22:50.598,0.9693,0.96945,3.60,1.80
2008.11.19 11:22:50.928,0.96935,0.96945,4.30,1.80
2008.11.19 11:22:51.687,0.9693,0.96945,4.30,1.80
2008.11.19 11:22:52.257,0.9693,0.96945,3.60,1.80
2008.11.19 11:22:52.737,0.9693,0.96945,3.60,2.40
2008.11.19 11:22:53.147,0.9693,0.96945,4.30,2.40
2008.11.19 11:22:53.927,0.96925,0.96945,7.20,2.40
2008.11.19 11:22:54.387,0.96925,0.96945,5.40,2.40
2008.11.19 11:22:54.667,0.96925,0.96945,1.80,15.60
2008.11.19 11:22:54.847,0.96925,0.9694,1.80,1.80
2008.11.19 11:22:55.147,0.96925,0.9694,3.60,1.80
2008.11.19 11:22:55.327,0.96925,0.9694,6.60,1.80
2008.11.19 11:22:55.907,0.96925,0.96945,6.60,3.60
2008.11.19 11:22:57.096,0.96925,0.96945,12.60,1.80
2008.11.19 11:22:57.376,0.96925,0.96935,9.00,7.20
2008.11.19 11:22:57.596,0.9692,0.9693,11.80,13.20
2008.11.19 11:22:58.016,0.9692,0.96925,6.00,6.00
2008.11.19 11:22:58.356,0.96895,0.9692,19.60,13.20
2008.11.19 11:22:58.586,0.9689,0.9691,12.00,7.20
2008.11.19 11:22:58.946,0.96885,0.96905,21.40,1.60
2008.11.19 11:22:59.336,0.9689,0.96915,1.80,21.60
2008.11.19 11:23:03.255,0.96895,0.96915,7.80,19.80
2008.11.19 11:23:03.525,0.96895,0.96915,1.80,21.60
2008.11.19 11:23:05.934,0.96895,0.9691,1.80,21.00
2008.11.19 11:23:06.224,0.9689,0.96905,6.00,1.60
2008.11.19 11:23:06.574,0.96885,0.96905,6.00,21.60
2008.11.19 11:23:07.394,0.9688,0.96905,10.30,21.60
2008.11.19 11:23:08.164,0.96885,0.96905,6.00,19.80
2008.11.19 11:23:08.744,0.9688,0.96905,10.30,21.60
2008.11.19 11:23:09.843,0.9688,0.96905,11.50,21.60
2008.11.19 11:23:10.133,0.96885,0.96905,6.00,21.60
2008.11.19 11:23:10.543,0.96885,0.96905,6.00,16.80
2008.11.19 11:23:10.713,0.9689,0.96905,6.00,1.80
2008.11.19 11:23:11.063,0.96895,0.96905,6.00,1.60
2008.11.19 11:23:11.453,0.9689,0.96905,6.00,1.80
2008.11.19 11:23:11.673,0.9689,0.96905,6.00,15.00
2008.11.19 11:23:11.963,0.9689,0.96905,6.00,19.80
2008.11.19 11:23:12.253,0.96885,0.96905,9.00,21.60
2008.11.19 11:23:12.603,0.96885,0.96905,7.80,21.60
2008.11.19 11:23:13.003,0.96885,0.96895,6.00,1.00
2008.11.19 11:23:13.453,0.96875,0.96895,12.60,1.60
2008.11.19 11:23:13.732,0.96875,0.96895,13.80,1.60
2008.11.19 11:23:14.242,0.96875,0.96895,14.50,1.60
2008.11.19 11:23:14.592,0.96875,0.96895,13.30,1.60
2008.11.19 11:23:15.562,0.96875,0.96895,12.60,1.60
2008.11.19 11:23:17.162,0.96875,0.96895,11.40,1.60
2008.11.19 11:23:19.201,0.96875,0.96895,12.60,1.60
2008.11.19 11:23:20.631,0.96875,0.96895,12.60,1.80
2008.11.19 11:23:24.100,0.96875,0.96895,9.00,13.80
2008.11.19 11:23:24.400,0.9687,0.96895,17.20,21.60
2008.11.19 11:23:24.680,0.9688,0.96895,6.00,19.80
2008.11.19 11:23:25.010,0.9687,0.96895,23.20,21.60
2008.11.19 11:23:25.360,0.9687,0.96895,12.60,21.60
2008.11.19 11:23:26.010,0.9687,0.96895,11.40,21.60
2008.11.19 11:23:47.024,0.96875,0.96895,6.00,21.60
2008.11.19 11:23:47.474,0.9687,0.96895,17.20,21.60
2008.11.19 11:23:47.654,0.9687,0.96895,11.40,21.60
2008.11.19 11:23:58.852,0.9687,0.96895,12.60,21.60
2008.11.19 11:24:00.641,0.9687,0.96895,11.40,21.60
2008.11.19 11:24:12.588,0.96875,0.96895,6.00,21.60
2008.11.19 11:24:13.158,0.9687,0.96895,17.20,21.60
2008.11.19 11:24:13.338,0.9687,0.96895,11.40,21.60
2008.11.19 11:24:18.277,0.9687,0.96895,18.40,21.60
2008.11.19 11:24:18.496,0.96875,0.96895,6.00,19.80
2008.11.19 11:24:18.817,0.9687,0.96895,17.20,21.60
2008.11.19 11:24:19.047,0.9687,0.96895,11.40,21.60
2008.11.19 11:24:25.215,0.9687,0.9689,11.40,3.00
2008.11.19 11:24:25.325,0.9687,0.96885,9.60,1.00
2008.11.19 11:24:25.625,0.9687,0.96885,6.00,1.00
2008.11.19 11:24:26.075,0.9687,0.96885,6.00,1.80
2008.11.19 11:24:26.415,0.96865,0.96885,11.40,1.60
2008.11.19 11:24:32.723,0.96865,0.96885,7.80,13.80
2008.11.19 11:24:33.293,0.96865,0.96885,1.80,15.60
2008.11.19 11:24:39.112,0.96865,0.96885,5.40,2.40
2008.11.19 11:24:39.412,0.96865,0.96885,11.40,1.60
2008.11.19 11:24:44.080,0.9687,0.96885,6.00,1.60
2008.11.19 11:24:44.490,0.96865,0.96885,13.20,1.60
2008.11.19 11:24:44.610,0.96865,0.96885,15.10,1.00
2008.11.19 11:24:44.960,0.96875,0.9689,1.80,9.00
2008.11.19 11:24:45.200,0.96875,0.9689,1.80,1.80
2008.11.19 11:24:45.430,0.96875,0.96885,6.00,1.00
2008.11.19 11:24:45.601,0.9687,0.96885,15.40,1.00
2008.11.19 11:24:45.820,0.9687,0.96885,9.60,1.00
2008.11.19 11:24:46.000,0.9687,0.96885,10.20,1.00
2008.11.19 11:24:47.190,0.9687,0.96885,9.60,1.00
2008.11.19 11:24:49.389,0.96875,0.96885,6.00,1.00
2008.11.19 11:24:49.729,0.96875,0.9689,7.80,7.20
2008.11.19 11:24:52.099,0.96875,0.96895,11.40,15.60
2008.11.19 11:24:52.268,0.96875,0.96895,11.40,2.40
2008.11.19 11:24:52.448,0.96875,0.96895,11.40,1.60
2008.11.19 11:24:56.308,0.96875,0.96895,11.40,2.40
2008.11.19 11:24:56.837,0.96875,0.96895,11.40,1.60
2008.11.19 11:24:57.557,0.96875,0.96895,13.20,1.00
2008.11.19 11:25:01.926,0.96875,0.96895,13.20,1.60
2008.11.19 11:25:02.216,0.96875,0.96895,13.20,1.00
2008.11.19 11:25:03.296,0.96875,0.96895,13.20,1.60
2008.11.19 11:25:05.465,0.96875,0.9689,13.20,1.00
2008.11.19 11:25:05.635,0.96875,0.96895,13.20,1.00
2008.11.19 11:25:12.884,0.96885,0.96895,1.80,1.00
2008.11.19 11:25:13.124,0.9688,0.96895,4.20,1.00
2008.11.19 11:25:22.191,0.96885,0.96895,6.00,1.00
2008.11.19 11:25:22.362,0.9688,0.96895,16.00,1.00
2008.11.19 11:25:22.591,0.9688,0.96895,10.00,1.00
2008.11.19 11:25:22.771,0.9688,0.96895,4.90,1.00
2008.11.19 11:25:24.321,0.9688,0.969,7.30,1.80
2008.11.19 11:25:24.721,0.96885,0.969,3.60,1.80
2008.11.19 11:25:26.120,0.9688,0.969,6.10,1.80
2008.11.19 11:25:27.450,0.9688,0.96895,6.10,1.00
2008.11.19 11:25:27.562,0.9688,0.96895,4.90,1.00
2008.11.19 11:25:28.140,0.9688,0.96895,4.20,1.00
2008.11.19 11:25:32.529,0.9688,0.96895,3.60,1.00
2008.11.19 11:25:32.859,0.96875,0.96895,13.90,1.00
2008.11.19 11:25:37.527,0.9688,0.96895,3.60,1.00
2008.11.19 11:25:42.636,0.9688,0.96895,4.20,1.00
2008.11.19 11:25:43.036,0.9688,0.96895,3.60,1.00
2008.11.19 11:25:43.606,0.96875,0.96895,13.90,1.00
2008.11.19 11:25:44.006,0.96875,0.96895,13.20,1.00
2008.11.19 11:25:48.125,0.96875,0.96895,13.20,1.60
2008.11.19 11:25:48.415,0.96875,0.96895,6.60,2.40
2008.11.19 11:25:48.745,0.96875,0.96895,11.40,2.40
2008.11.19 11:25:50.964,0.96875,0.96895,12.60,2.40
2008.11.19 11:25:51.204,0.96875,0.96895,13.20,2.40
2008.11.19 11:25:57.313,0.96875,0.96895,13.20,1.00
2008.11.19 11:26:02.332,0.96875,0.96895,11.40,1.60
2008.11.19 11:26:03.861,0.96875,0.96895,13.20,1.00
2008.11.19 11:26:04.311,0.9688,0.96895,6.00,1.00
2008.11.19 11:26:04.661,0.96875,0.96895,13.20,1.00
2008.11.19 11:26:04.881,0.96875,0.96895,13.90,1.00
2008.11.19 11:26:07.230,0.96885,0.96895,6.00,1.00
2008.11.19 11:26:07.450,0.9689,0.96895,5.80,1.00
2008.11.19 11:26:07.690,0.96875,0.96895,15.10,1.00
2008.11.19 11:26:08.081,0.96875,0.96895,16.30,1.00
2008.11.19 11:26:08.880,0.9688,0.96895,4.20,1.00
2008.11.19 11:26:09.220,0.9688,0.96895,4.90,1.00
2008.11.19 11:26:10.699,0.9688,0.96895,10.30,1.00
2008.11.19 11:26:10.990,0.9688,0.96895,3.60,1.00
2008.11.19 11:26:19.517,0.96875,0.96895,13.90,1.00
2008.11.19 11:26:22.047,0.96875,0.96895,12.70,1.00
2008.11.19 11:26:27.556,0.96875,0.96895,12.10,1.60
2008.11.19 11:26:38.683,0.96875,0.96895,12.10,1.80
2008.11.19 11:26:48.881,0.96875,0.96895,6.10,3.60
2008.11.19 11:26:49.160,0.96875,0.9689,6.10,1.80
2008.11.19 11:26:49.550,0.96875,0.96895,7.80,15.60
2008.11.19 11:26:49.670,0.96875,0.9689,7.80,1.20
2008.11.19 11:26:53.520,0.9688,0.96885,5.80,1.80
2008.11.19 11:26:54.059,0.96865,0.96885,12.10,1.80
2008.11.19 11:26:58.718,0.96865,0.96885,12.10,9.00
2008.11.19 11:26:58.838,0.96865,0.96885,11.40,9.60
2008.11.19 11:26:59.068,0.96865,0.96885,5.40,11.40
2008.11.19 11:26:59.418,0.96865,0.9688,1.80,1.20
2008.11.19 11:27:00.458,0.9686,0.96875,16.30,2.20
2008.11.19 11:27:00.687,0.9686,0.96875,10.30,1.80
2008.11.19 11:27:00.977,0.9686,0.96875,4.30,1.20
2008.11.19 11:27:01.138,0.9686,0.96875,4.30,1.00
2008.11.19 11:27:01.527,0.96855,0.96875,12.10,1.80
2008.11.19 11:27:03.727,0.96865,0.9688,1.80,3.60
2008.11.19 11:27:04.067,0.96865,0.9688,3.00,1.20
2008.11.19 11:27:05.976,0.96865,0.96875,1.80,1.20
2008.11.19 11:27:06.146,0.9686,0.96875,16.60,1.80
2008.11.19 11:27:06.606,0.9686,0.96875,3.60,1.80
2008.11.19 11:27:08.176,0.96855,0.96875,12.10,1.80
2008.11.19 11:27:08.636,0.96855,0.96875,12.10,1.60
2008.11.19 11:27:09.555,0.96865,0.96885,1.80,23.20
2008.11.19 11:27:09.996,0.96865,0.96885,1.80,15.60
2008.11.19 11:27:10.295,0.96875,0.9689,6.00,1.60
2008.11.19 11:27:10.635,0.96875,0.96895,7.80,22.80
2008.11.19 11:27:12.315,0.96875,0.96885,1.80,1.20
2008.11.19 11:27:12.605,0.96865,0.96885,11.40,1.80
2008.11.19 11:27:17.053,0.96865,0.96885,11.40,2.20
2008.11.19 11:27:17.284,0.96865,0.96885,11.40,1.60
2008.11.19 11:27:17.453,0.96865,0.96885,11.40,1.80
2008.11.19 11:27:17.633,0.96865,0.96885,5.40,4.80
2008.11.19 11:27:17.864,0.96865,0.96885,1.80,18.00
2008.11.19 11:27:18.323,0.9686,0.9688,9.40,1.80
2008.11.19 11:27:18.593,0.9686,0.9688,3.60,1.80
2008.11.19 11:27:20.523,0.9686,0.9688,10.60,1.80
2008.11.19 11:27:20.683,0.9686,0.96885,16.60,22.80
2008.11.19 11:27:21.192,0.9686,0.9688,10.60,1.80
2008.11.19 11:27:21.432,0.9686,0.9688,5.50,1.80
2008.11.19 11:27:22.602,0.9686,0.9688,4.30,1.80
2008.11.19 11:27:22.942,0.9686,0.9688,3.60,1.80
2008.11.19 11:27:23.462,0.9686,0.9688,4.80,1.80
2008.11.19 11:27:23.732,0.9686,0.9688,3.60,1.80
2008.11.19 11:27:25.262,0.9686,0.96885,9.60,22.80
2008.11.19 11:27:25.431,0.9686,0.9688,9.40,1.80
2008.11.19 11:27:25.781,0.9686,0.9688,3.60,1.80
2008.11.19 11:27:30.600,0.96875,0.9688,1.20,1.80
2008.11.19 11:27:31.380,0.96865,0.96885,3.60,4.80
2008.11.19 11:27:31.670,0.96865,0.96885,5.40,4.80
2008.11.19 11:27:32.200,0.96865,0.96885,11.40,3.00
2008.11.19 11:27:32.820,0.96865,0.96885,7.80,21.00
2008.11.19 11:27:33.180,0.9686,0.96875,11.50,1.00
2008.11.19 11:27:33.539,0.9686,0.96875,5.50,1.00
2008.11.19 11:27:34.049,0.9686,0.96875,4.80,1.60
2008.11.19 11:27:34.659,0.9686,0.96875,1.20,1.60
2008.11.19 11:27:35.969,0.96855,0.96875,12.10,1.60
2008.11.19 11:27:41.938,0.96855,0.96875,12.10,1.80
2008.11.19 11:27:42.228,0.9686,0.96875,7.20,1.80
2008.11.19 11:27:42.457,0.9687,0.96875,7.00,1.80
2008.11.19 11:27:42.757,0.96855,0.96875,18.10,1.80
2008.11.19 11:27:42.987,0.96855,0.96875,12.10,1.80
2008.11.19 11:27:44.127,0.9686,0.96875,6.00,1.80
2008.11.19 11:27:44.417,0.9686,0.96875,6.00,2.20
2008.11.19 11:27:44.597,0.9687,0.96875,1.20,1.60
2008.11.19 11:27:45.117,0.9687,0.96875,1.20,1.00
2008.11.19 11:27:45.477,0.96855,0.96875,13.90,1.60
2008.11.19 11:27:45.717,0.96865,0.96875,6.00,1.60
2008.11.19 11:27:46.007,0.96865,0.96875,7.20,1.60
2008.11.19 11:27:46.236,0.96865,0.9688,1.80,13.20
2008.11.19 11:27:46.576,0.9686,0.96875,6.00,1.60
2008.11.19 11:27:46.997,0.96855,0.96875,11.40,1.60
2008.11.19 11:27:47.466,0.96855,0.96875,11.40,1.80
2008.11.19 11:27:49.136,0.9686,0.96875,6.00,1.80
2008.11.19 11:27:49.316,0.9686,0.96875,13.00,1.60
2008.11.19 11:27:49.496,0.9687,0.96875,7.00,1.60
2008.11.19 11:27:49.676,0.9687,0.96875,1.20,1.60
2008.11.19 11:27:51.126,0.96855,0.96875,12.60,1.60
2008.11.19 11:28:02.293,0.96855,0.96875,14.40,1.00
2008.11.19 11:28:05.612,0.9686,0.96875,11.80,1.00
2008.11.19 11:28:06.422,0.96855,0.96875,16.30,1.00
2008.11.19 11:28:20.518,0.96855,0.96875,13.30,1.60
2008.11.19 11:28:20.628,0.9686,0.9688,3.60,1.80
2008.11.19 11:28:48.591,0.96865,0.96885,3.60,4.80
2008.11.19 11:28:48.882,0.96865,0.9688,1.80,7.20
2008.11.19 11:28:49.171,0.9686,0.96875,8.20,1.00
2008.11.19 11:28:49.531,0.9686,0.96875,1.20,1.00
2008.11.19 11:28:49.881,0.96865,0.9688,3.00,1.80
2008.11.19 11:28:50.181,0.96865,0.96885,3.00,17.40
2008.11.19 11:28:53.160,0.96865,0.96885,4.20,23.40
2008.11.19 11:28:53.500,0.9686,0.96875,3.60,1.00
2008.11.19 11:28:53.790,0.96855,0.96875,14.50,1.00
2008.11.19 11:28:54.880,0.96855,0.96875,12.70,1.60
2008.11.19 11:28:55.170,0.96855,0.9687,6.70,1.80
2008.11.19 11:28:56.400,0.96855,0.9687,6.10,1.80
2008.11.19 11:28:57.299,0.96855,0.9687,2.50,1.80
2008.11.19 11:28:57.579,0.96845,0.96865,7.80,7.80
2008.11.19 11:28:57.809,0.96845,0.96865,7.80,15.00
2008.11.19 11:28:58.089,0.96845,0.96865,1.80,16.80
2008.11.19 11:28:59.269,0.96845,0.96865,7.80,15.00
2008.11.19 11:28:59.609,0.96845,0.96865,1.80,16.80
2008.11.19 11:29:00.858,0.96845,0.96865,5.40,9.60
2008.11.19 11:29:00.979,0.96845,0.96865,6.00,9.60
2008.11.19 11:29:01.148,0.96845,0.96865,6.00,3.60
2008.11.19 11:29:01.258,0.96845,0.96865,14.40,3.60
2008.11.19 11:29:03.128,0.9685,0.96865,2.40,3.60
2008.11.19 11:29:03.818,0.9685,0.96865,6.00,1.80
2008.11.19 11:29:04.158,0.9685,0.9687,12.60,9.00
2008.11.19 11:29:04.628,0.9685,0.9687,13.30,1.80
2008.11.19 11:29:04.958,0.9685,0.9687,6.10,1.80
2008.11.19 11:29:05.797,0.9685,0.96865,6.10,1.80
2008.11.19 11:29:06.207,0.9685,0.9687,3.60,15.00
2008.11.19 11:29:06.497,0.9685,0.96865,3.60,2.40
2008.11.19 11:29:06.738,0.96845,0.96865,5.40,2.40
2008.11.19 11:29:14.165,0.96845,0.96865,1.80,9.60
2008.11.19 11:29:16.185,0.96845,0.96865,2.40,9.60
2008.11.19 11:29:16.425,0.9685,0.96855,7.60,1.00
2008.11.19 11:29:16.645,0.9684,0.96855,4.20,2.40
2008.11.19 11:29:16.975,0.9684,0.96855,3.60,2.40
2008.11.19 11:29:19.194,0.96845,0.96855,1.80,1.80
2008.11.19 11:29:19.364,0.96845,0.9686,6.00,3.00
2008.11.19 11:29:19.474,0.96845,0.9686,4.20,1.80
2008.11.19 11:29:19.634,0.96855,0.9686,1.80,1.80
2008.11.19 11:29:19.924,0.96855,0.96865,1.80,1.80
2008.11.19 11:29:20.734,0.9686,0.96865,1.80,1.80
2008.11.19 11:29:22.063,0.96855,0.96865,4.20,1.80
2008.11.19 11:29:22.623,0.96865,0.9687,1.80,1.80
2008.11.19 11:29:22.793,0.96865,0.96875,1.80,1.80
2008.11.19 11:29:23.083,0.96865,0.96875,1.80,7.80
2008.11.19 11:29:23.533,0.9686,0.9687,7.60,1.80
2008.11.19 11:29:23.883,0.9686,0.9687,1.80,1.80
2008.11.19 11:29:24.223,0.9686,0.96865,1.20,1.80
2008.11.19 11:29:24.633,0.96855,0.96865,1.00,1.80
2008.11.19 11:29:24.853,0.96855,0.96865,1.80,1.80
2008.11.19 11:29:25.383,0.96855,0.96865,2.40,1.80
2008.11.19 11:29:25.623,0.96855,0.96865,6.00,13.80
2008.11.19 11:29:25.972,0.96845,0.96865,6.60,15.60
2008.11.19 11:29:26.742,0.96855,0.96865,2.40,1.80
2008.11.19 11:29:26.972,0.9686,0.96865,5.80,1.00
2008.11.19 11:29:27.322,0.96845,0.96865,12.00,1.00
2008.11.19 11:29:27.612,0.96845,0.96865,6.60,15.60
2008.11.19 11:29:28.022,0.96855,0.96865,1.80,1.60
2008.11.19 11:29:28.312,0.96855,0.96865,1.80,1.00
2008.11.19 11:29:30.961,0.96855,0.96865,6.00,1.00
2008.11.19 11:29:31.071,0.96855,0.96865,6.60,1.00
2008.11.19 11:29:31.521,0.96855,0.96875,8.40,15.60
2008.11.19 11:29:43.218,0.96855,0.96875,8.40,9.60
2008.11.19 11:29:43.388,0.96855,0.96875,12.00,9.60
2008.11.19 11:29:45.968,0.96855,0.96875,12.00,7.80
2008.11.19 11:29:46.478,0.96855,0.96875,12.00,9.60
2008.11.19 11:29:58.405,0.9687,0.9688,7.80,2.10
2008.11.19 11:29:58.634,0.9687,0.96885,6.60,10.90
2008.11.19 11:29:58.984,0.96875,0.96885,6.60,6.10
2008.11.19 11:29:59.434,0.9688,0.96885,5.80,1.40
2008.11.19 11:29:59.904,0.9688,0.96885,1.20,1.60
2008.11.19 11:30:01.234,0.9687,0.96885,11.40,1.60
2008.11.19 11:30:01.474,0.96885,0.9689,1.20,2.80
2008.11.19 11:30:01.804,0.96875,0.96895,9.60,15.60
2008.11.19 11:30:11.911,0.96875,0.96895,2.40,16.60
2008.11.19 11:30:12.091,0.96875,0.9689,2.40,7.20
2008.11.19 11:30:12.371,0.9687,0.96885,6.60,1.60
2008.11.19 11:30:12.881,0.9688,0.96885,1.20,1.60
2008.11.19 11:30:13.181,0.96865,0.96885,13.20,1.60
2008.11.19 11:30:16.000,0.96865,0.96885,13.20,1.00
2008.11.19 11:30:18.650,0.96865,0.96885,9.60,7.80
2008.11.19 11:30:18.950,0.96875,0.96885,1.20,15.60
2008.11.19 11:30:19.249,0.96865,0.96875,2.40,1.80
2008.11.19 11:30:19.530,0.9685,0.96875,7.80,15.60
2008.11.19 11:30:19.979,0.9686,0.96865,1.20,1.80
2008.11.19 11:30:20.199,0.96855,0.96865,1.20,2.40
2008.11.19 11:30:20.719,0.96845,0.96865,13.90,1.00
2008.11.19 11:30:24.718,0.9685,0.96865,6.00,1.00
2008.11.19 11:30:25.018,0.96845,0.96865,16.80,13.80
2008.11.19 11:30:25.608,0.96845,0.96865,10.80,13.80
2008.11.19 11:30:26.168,0.96855,0.96865,6.00,1.00
2008.11.19 11:30:26.448,0.96855,0.9687,9.60,13.20
2008.11.19 11:30:26.908,0.96855,0.96865,7.80,7.80
2008.11.19 11:30:27.078,0.9686,0.96865,5.10,13.80
2008.11.19 11:30:27.238,0.9686,0.96865,5.80,13.80
2008.11.19 11:30:27.468,0.96845,0.96855,7.80,7.80
2008.11.19 11:30:27.578,0.96845,0.96855,7.20,7.80
2008.11.19 11:30:27.867,0.96845,0.96855,6.00,7.80
2008.11.19 11:30:28.037,0.9684,0.9685,8.20,7.20
2008.11.19 11:30:28.477,0.9684,0.9685,8.20,13.20
2008.11.19 11:30:29.007,0.9684,0.9685,9.40,13.20
2008.11.19 11:30:29.477,0.9684,0.9685,8.20,13.20
2008.11.19 11:30:30.177,0.96835,0.9685,2.40,13.20
2008.11.19 11:30:30.867,0.96835,0.9685,2.40,13.00
2008.11.19 11:30:31.256,0.96835,0.9685,2.40,7.00
2008.11.19 11:30:34.536,0.96835,0.96855,2.40,15.60
2008.11.19 11:30:34.596,0.96835,0.96855,8.40,13.80
2008.11.19 11:30:34.996,0.96835,0.96855,2.40,15.60
2008.11.19 11:30:35.975,0.9684,0.96845,8.80,1.00
2008.11.19 11:30:36.215,0.9683,0.96845,15.40,1.00
2008.11.19 11:30:36.445,0.9683,0.96845,6.00,1.00
2008.11.19 11:30:36.735,0.9683,0.96845,6.00,13.80
2008.11.19 11:30:40.224,0.9683,0.96845,6.00,6.60
2008.11.19 11:30:40.344,0.9683,0.96845,6.00,1.00
2008.11.19 11:30:41.664,0.9683,0.96845,6.00,7.80
2008.11.19 11:30:44.583,0.9683,0.96845,6.00,13.80
2008.11.19 11:30:46.393,0.9683,0.96845,6.00,1.60
2008.11.19 11:30:46.513,0.96835,0.9685,1.80,13.20
2008.11.19 11:30:47.053,0.9683,0.96845,12.40,13.80
2008.11.19 11:30:47.173,0.9683,0.96845,11.80,13.80
2008.11.19 11:30:47.633,0.9683,0.9684,11.80,7.20
2008.11.19 11:30:47.913,0.96825,0.9684,13.20,7.20
2008.11.19 11:30:48.213,0.96825,0.9684,7.20,7.20
2008.11.19 11:30:49.082,0.96835,0.96845,6.00,7.80
2008.11.19 11:30:49.492,0.9683,0.96845,14.20,7.80
2008.11.19 11:30:49.712,0.9683,0.96845,6.00,7.80
2008.11.19 11:30:49.882,0.9683,0.9684,6.00,7.20
2008.11.19 11:30:50.222,0.96825,0.9684,6.00,7.20
2008.11.19 11:30:53.011,0.9683,0.9684,6.00,7.20
2008.11.19 11:30:53.351,0.96825,0.9684,13.20,7.20
2008.11.19 11:30:53.571,0.9684,0.96845,5.80,11.60
2008.11.19 11:30:53.751,0.96825,0.96845,7.20,13.80
2008.11.19 11:30:54.961,0.9683,0.96845,6.00,13.80
2008.11.19 11:30:55.311,0.9683,0.96845,6.00,1.60
2008.11.19 11:30:55.671,0.9683,0.96845,6.60,7.80
2008.11.19 11:30:55.841,0.9683,0.96845,11.80,1.60
2008.11.19 11:30:56.131,0.9683,0.96845,6.00,1.60
2008.11.19 11:30:56.891,0.96825,0.96845,14.70,1.60
2008.11.19 11:30:57.300,0.96835,0.9685,1.80,7.80
2008.11.19 11:30:57.650,0.96835,0.96855,5.40,2.40
2008.11.19 11:31:02.439,0.9685,0.96865,5.10,1.00
2008.11.19 11:31:02.669,0.9685,0.96865,4.50,1.00
2008.11.19 11:31:05.778,0.9685,0.96865,4.50,1.60
2008.11.19 11:31:06.638,0.9685,0.96865,7.80,1.60
2008.11.19 11:31:06.698,0.9685,0.96865,7.80,2.40
2008.11.19 11:31:06.918,0.96845,0.96865,6.30,2.40
2008.11.19 11:31:07.138,0.9684,0.96855,18.10,1.00
2008.11.19 11:31:07.608,0.9684,0.96855,10.50,1.00
2008.11.19 11:31:07.828,0.9684,0.96855,10.50,1.60
2008.11.19 11:31:08.058,0.9684,0.96855,6.00,1.60
2008.11.19 11:31:08.618,0.96835,0.96855,4.50,2.40
2008.11.19 11:31:10.128,0.96835,0.96855,10.50,2.40
2008.11.19 11:31:10.837,0.96835,0.96855,4.50,2.40
2008.11.19 11:31:19.525,0.96835,0.9685,4.50,1.80
2008.11.19 11:31:22.864,0.9684,0.9685,7.00,1.80
2008.11.19 11:31:23.044,0.9684,0.96845,7.00,1.00
2008.11.19 11:31:23.214,0.9683,0.96845,5.10,2.40
2008.11.19 11:31:27.123,0.9683,0.96845,5.10,1.00
2008.11.19 11:31:32.972,0.9683,0.96845,11.10,1.00
2008.11.19 11:31:33.422,0.9683,0.96845,5.10,1.00
2008.11.19 11:31:35.701,0.9683,0.96845,11.10,1.00
2008.11.19 11:31:35.821,0.9683,0.96845,16.90,1.00
2008.11.19 11:31:59.395,0.96835,0.96845,3.60,1.00
2008.11.19 11:31:59.635,0.96835,0.9685,4.50,1.80
2008.11.19 11:31:59.815,0.9684,0.9685,3.60,1.80
2008.11.19 11:32:00.156,0.9684,0.9685,9.60,1.00
2008.11.19 11:32:00.515,0.9684,0.96855,9.60,1.00
2008.11.19 11:32:28.598,0.96835,0.96855,4.50,2.40
2008.11.19 11:32:35.767,0.96835,0.96855,10.50,2.40
2008.11.19 11:32:36.007,0.96835,0.96855,4.50,2.40
2008.11.19 11:32:36.466,0.96835,0.96855,10.50,2.40
2008.11.19 11:32:36.696,0.96835,0.96855,4.50,2.40
2008.11.19 11:32:44.274,0.96845,0.96865,6.00,25.00
2008.11.19 11:32:44.435,0.9684,0.9686,21.40,1.80
2008.11.19 11:32:44.774,0.96845,0.96865,3.60,2.40
2008.11.19 11:32:45.114,0.96845,0.9686,4.50,1.80
2008.11.19 11:32:45.505,0.96845,0.96865,6.30,1.80
2008.11.19 11:32:51.793,0.9685,0.9687,4.50,1.80
2008.11.19 11:32:52.313,0.9685,0.9687,5.10,1.80
2008.11.19 11:32:52.483,0.9685,0.9687,6.30,1.80
2008.11.19 11:32:52.713,0.9685,0.9687,7.50,1.80
2008.11.19 11:32:53.873,0.96855,0.96875,6.00,9.60
2008.11.19 11:33:01.810,0.96855,0.96875,6.00,10.80
2008.11.19 11:33:02.620,0.9685,0.9687,6.30,1.80
2008.11.19 11:33:02.970,0.9685,0.9687,10.90,1.80
2008.11.19 11:33:03.240,0.9685,0.9687,5.40,9.00
2008.11.19 11:33:09.918,0.9685,0.96865,4.80,1.00
2008.11.19 11:33:10.208,0.9685,0.9687,4.20,9.00
2008.11.19 11:33:10.508,0.9685,0.9687,5.40,9.00
2008.11.19 11:33:15.697,0.9686,0.96865,1.20,1.00
2008.11.19 11:33:15.757,0.96845,0.96865,13.20,1.00
2008.11.19 11:33:19.606,0.96855,0.96865,1.80,1.00
2008.11.19 11:33:22.105,0.96845,0.96865,13.20,1.00
2008.11.19 11:33:44.500,0.96855,0.96865,1.80,1.00
2008.11.19 11:33:48.029,0.96845,0.96865,14.10,1.00
2008.11.19 11:33:52.608,0.96845,0.96865,13.20,1.00
2008.11.19 11:33:53.418,0.96845,0.9686,13.20,1.00
2008.11.19 11:33:53.648,0.96845,0.9687,13.20,16.60
2008.11.19 11:34:13.513,0.96855,0.9687,1.80,15.00
2008.11.19 11:34:13.633,0.96855,0.9687,7.80,7.20
2008.11.19 11:34:24.910,0.96855,0.96865,7.80,7.20
2008.11.19 11:34:25.260,0.96855,0.96865,1.80,7.20
2008.11.19 11:34:25.490,0.96845,0.96865,5.40,9.60
2008.11.19 11:34:25.770,0.96845,0.96865,1.80,15.60
2008.11.19 11:34:25.990,0.96845,0.9686,1.80,1.80
2008.11.19 11:34:26.210,0.9684,0.96855,9.60,1.00
2008.11.19 11:34:26.600,0.9684,0.96865,10.50,15.60
2008.11.19 11:34:27.010,0.96845,0.96865,3.60,9.60
2008.11.19 11:34:27.949,0.96845,0.96865,3.60,2.40
2008.11.19 11:34:28.230,0.96845,0.96855,6.00,1.60
2008.11.19 11:34:28.459,0.9684,0.96855,11.80,2.40
2008.11.19 11:34:28.849,0.96835,0.96855,6.30,2.40
2008.11.19 11:34:33.418,0.9684,0.96855,4.50,2.40
2008.11.19 11:34:33.818,0.9684,0.9685,10.50,1.00
2008.11.19 11:34:34.278,0.9684,0.96865,11.10,16.50
2008.11.19 11:34:34.668,0.9685,0.96865,1.80,6.90
2008.11.19 11:34:34.958,0.9685,0.96865,7.60,6.90
2008.11.19 11:34:35.258,0.96845,0.9685,4.20,1.00
2008.11.19 11:34:36.097,0.9684,0.9686,17.50,8.10
2008.11.19 11:34:36.277,0.9684,0.96855,10.50,1.80
2008.11.19 11:34:36.677,0.9684,0.96855,6.00,1.80
2008.11.19 11:34:36.977,0.9684,0.96855,6.00,1.60
2008.11.19 11:34:37.207,0.9684,0.96855,6.00,1.80
2008.11.19 11:34:48.894,0.96835,0.9685,5.40,1.20
2008.11.19 11:34:49.404,0.96835,0.9685,1.80,1.20
2008.11.19 11:34:49.824,0.96835,0.9686,1.80,21.60
2008.11.19 11:34:54.983,0.96835,0.9685,1.80,7.20
2008.11.19 11:34:55.623,0.9683,0.9685,8.80,15.60
2008.11.19 11:34:55.973,0.9683,0.9685,1.80,15.60
2008.11.19 11:34:59.682,0.9683,0.9685,5.40,2.40
2008.11.19 11:35:00.892,0.9683,0.96845,1.80,1.80
2008.11.19 11:35:01.112,0.96825,0.96845,12.30,2.40
2008.11.19 11:35:01.742,0.96825,0.96845,12.90,2.40
2008.11.19 11:35:02.041,0.96825,0.96845,12.90,1.00
2008.11.19 11:35:11.509,0.96825,0.96845,14.10,1.00
2008.11.19 11:35:14.308,0.96835,0.96845,1.80,1.00
2008.11.19 11:35:14.528,0.96835,0.9686,1.80,27.40
2008.11.19 11:35:14.708,0.96835,0.96855,5.40,2.40
2008.11.19 11:35:15.288,0.96835,0.9685,1.80,19.20
2008.11.19 11:35:15.708,0.9683,0.96845,17.20,1.00
2008.11.19 11:35:16.048,0.9683,0.96845,10.00,1.00
2008.11.19 11:35:16.228,0.9683,0.96845,4.20,1.00
2008.11.19 11:35:16.458,0.96835,0.96845,1.80,2.40
2008.11.19 11:35:16.808,0.96835,0.96845,1.00,2.40
2008.11.19 11:35:17.208,0.9683,0.96845,4.20,1.60
2008.11.19 11:35:17.387,0.9683,0.96845,3.60,1.60
2008.11.19 11:35:17.558,0.96825,0.96845,11.40,1.60
2008.11.19 11:35:17.957,0.96825,0.96845,11.40,2.40
2008.11.19 11:35:35.213,0.9683,0.96845,3.60,2.40
2008.11.19 11:35:35.513,0.9683,0.96845,3.60,1.00
2008.11.19 11:35:38.043,0.96835,0.96845,3.60,1.00
2008.11.19 11:35:38.332,0.96825,0.96845,11.40,2.40
2008.11.19 11:35:44.781,0.96825,0.96845,11.40,3.60
2008.11.19 11:35:52.129,0.9683,0.96845,4.50,1.80
2008.11.19 11:35:56.898,0.9683,0.96845,3.60,1.80
2008.11.19 11:35:57.708,0.96825,0.96845,12.30,2.40
2008.11.19 11:36:05.516,0.96825,0.96845,12.30,3.00
2008.11.19 11:36:06.096,0.96825,0.96845,12.30,4.20
2008.11.19 11:36:07.275,0.96825,0.96845,11.40,4.20
2008.11.19 11:36:15.574,0.96825,0.96845,7.80,16.20
2008.11.19 11:36:26.601,0.96825,0.96845,11.40,9.00
2008.11.19 11:37:01.072,0.96825,0.96845,12.30,8.40
2008.11.19 11:37:01.313,0.96825,0.96845,12.30,3.60
2008.11.19 11:37:01.612,0.96825,0.96845,12.30,1.80
2008.11.19 11:37:06.771,0.96825,0.96845,11.40,13.80
2008.11.19 11:37:06.991,0.96825,0.96845,11.40,15.60
2008.11.19 11:37:07.161,0.96825,0.96845,7.80,21.60
2008.11.19 11:37:28.136,0.96825,0.9683,7.80,7.20
2008.11.19 11:37:28.296,0.96825,0.9683,6.00,7.20
2008.11.19 11:37:28.536,0.9683,0.9684,5.80,22.20
2008.11.19 11:37:28.896,0.96815,0.96835,7.80,9.00
2008.11.19 11:37:30.345,0.96815,0.96835,7.80,7.80
2008.11.19 11:37:31.735,0.9682,0.96835,6.00,7.80
2008.11.19 11:37:32.295,0.96815,0.96835,13.80,7.80
2008.11.19 11:37:32.415,0.96815,0.96835,7.80,7.80
2008.11.19 11:37:38.124,0.96825,0.96845,7.80,21.60
2008.11.19 11:37:38.464,0.96825,0.96835,7.80,7.20
2008.11.19 11:37:38.863,0.9683,0.96835,5.80,7.80
2008.11.19 11:37:39.093,0.96815,0.96835,11.40,7.80
2008.11.19 11:37:41.103,0.96815,0.9683,7.80,7.20
2008.11.19 11:37:41.273,0.96815,0.96825,6.00,1.00
2008.11.19 11:37:41.453,0.96815,0.96825,6.00,6.60
2008.11.19 11:37:41.733,0.96805,0.9682,7.80,7.20
2008.11.19 11:37:43.532,0.9681,0.9683,3.60,15.00
2008.11.19 11:37:43.762,0.9681,0.96825,6.00,1.00
2008.11.19 11:37:43.992,0.9681,0.96835,9.60,25.90
2008.11.19 11:37:44.392,0.9681,0.96835,9.60,21.60
2008.11.19 11:37:45.902,0.9681,0.96835,15.40,21.60
2008.11.19 11:37:46.182,0.96805,0.96825,22.00,7.80
2008.11.19 11:37:46.412,0.9681,0.96825,3.60,8.40
2008.11.19 11:37:46.701,0.9681,0.96825,3.60,7.80
2008.11.19 11:37:46.981,0.9681,0.9684,9.60,27.40
2008.11.19 11:37:47.212,0.9681,0.96835,9.60,21.60
2008.11.19 11:37:48.481,0.96815,0.96825,6.00,6.00
2008.11.19 11:37:48.651,0.9682,0.96825,5.80,8.40
2008.11.19 11:37:48.881,0.96805,0.96825,15.90,8.40
2008.11.19 11:37:49.051,0.96805,0.96825,13.50,8.40
2008.11.19 11:37:49.871,0.96805,0.96825,12.60,8.40
2008.11.19 11:37:50.041,0.9681,0.96825,3.60,7.80
2008.11.19 11:37:50.381,0.96805,0.96825,13.20,1.80
2008.11.19 11:37:50.651,0.9681,0.9684,9.60,27.40
2008.11.19 11:37:51.310,0.9681,0.96835,15.40,21.60
2008.11.19 11:37:52.470,0.9682,0.96825,5.80,8.40
2008.11.19 11:37:52.950,0.96805,0.96825,12.60,8.40
2008.11.19 11:37:53.360,0.96805,0.96825,12.60,6.60
2008.11.19 11:37:53.480,0.9681,0.96825,3.60,6.60
2008.11.19 11:37:53.710,0.96815,0.9682,3.60,1.00
2008.11.19 11:37:53.940,0.96815,0.9683,9.60,1.60
2008.11.19 11:37:54.290,0.96815,0.9684,11.40,22.20
2008.11.19 11:37:58.129,0.96815,0.96835,12.60,1.80
2008.11.19 11:37:58.239,0.96815,0.96835,12.60,1.60
2008.11.19 11:37:58.529,0.96825,0.9685,7.80,28.00
2008.11.19 11:37:58.649,0.96825,0.96845,7.80,21.60
2008.11.19 11:37:58.829,0.96825,0.96845,9.00,21.60
2008.11.19 11:38:00.998,0.96825,0.96845,9.00,16.80
2008.11.19 11:38:02.917,0.96825,0.96835,7.20,1.00
2008.11.19 11:38:03.027,0.96825,0.96835,1.20,9.60
2008.11.19 11:38:03.137,0.96825,0.96835,6.00,13.80
2008.11.19 11:38:03.317,0.96825,0.96835,6.00,15.00
2008.11.19 11:38:03.437,0.9683,0.96835,5.80,16.80
2008.11.19 11:38:03.607,0.96815,0.96835,1.80,16.80
2008.11.19 11:38:03.828,0.96815,0.96835,7.80,16.80
2008.11.19 11:38:04.007,0.96815,0.96835,1.80,16.80
2008.11.19 11:38:04.127,0.96815,0.96835,5.40,10.80
2008.11.19 11:38:07.856,0.96815,0.9683,1.80,7.20
2008.11.19 11:38:08.026,0.9681,0.96825,17.20,1.00
2008.11.19 11:38:08.206,0.9681,0.96825,9.60,1.60
2008.11.19 11:38:08.386,0.9681,0.96825,10.20,1.00
2008.11.19 11:38:08.716,0.9681,0.96825,11.10,1.00
2008.11.19 11:38:10.326,0.96815,0.9684,1.80,22.20
2008.11.19 11:38:10.846,0.96815,0.96835,1.80,10.80
2008.11.19 11:38:18.584,0.96815,0.96835,7.80,10.80
2008.11.19 11:38:18.994,0.96815,0.96835,1.80,10.80
2008.11.19 11:38:19.633,0.96815,0.96835,5.40,3.60
2008.11.19 11:38:19.744,0.96815,0.96835,6.30,3.60
2008.11.19 11:38:21.693,0.96815,0.96835,12.30,3.60
2008.11.19 11:38:22.223,0.96815,0.9683,1.80,15.00
2008.11.19 11:38:22.403,0.9681,0.96825,3.60,1.60
2008.11.19 11:38:22.623,0.9681,0.96825,4.20,1.60
2008.11.19 11:38:22.793,0.9681,0.96825,5.10,1.60
2008.11.19 11:38:23.013,0.9681,0.96825,11.10,1.00
2008.11.19 11:38:23.473,0.9681,0.96825,10.50,1.00
2008.11.19 11:38:24.332,0.9681,0.96825,9.60,1.00
2008.11.19 11:38:25.352,0.96805,0.96825,13.50,3.60
2008.11.19 11:38:25.992,0.96805,0.96825,12.60,3.60
2008.11.19 11:38:26.052,0.96805,0.96825,11.40,3.60
2008.11.19 11:38:27.681,0.96805,0.96825,7.80,10.80
2008.11.19 11:38:28.252,0.96805,0.9682,1.80,1.80
2008.11.19 11:38:28.421,0.96795,0.96815,11.40,1.80
2008.11.19 11:38:28.651,0.96795,0.96815,12.60,1.80
2008.11.19 11:38:29.101,0.96795,0.96805,7.80,13.20
2008.11.19 11:38:29.221,0.968,0.96805,5.80,16.80
2008.11.19 11:38:29.451,0.96785,0.96805,7.20,16.80
2008.11.19 11:38:29.561,0.96795,0.96805,1.20,16.80
2008.11.19 11:38:29.791,0.9678,0.968,22.00,1.20
2008.11.19 11:38:29.961,0.9678,0.96795,6.00,1.00
2008.11.19 11:38:30.081,0.96775,0.96795,18.00,1.00
2008.11.19 11:38:30.311,0.96775,0.96795,12.00,1.00
2008.11.19 11:38:30.651,0.9678,0.96795,4.20,1.60
2008.11.19 11:38:31.001,0.9678,0.96795,3.60,1.80
2008.11.19 11:38:31.451,0.96775,0.96795,12.60,2.80
2008.11.19 11:38:31.561,0.96775,0.96795,12.60,1.60
2008.11.19 11:38:31.620,0.96775,0.96795,13.20,1.60
2008.11.19 11:38:31.731,0.96775,0.96795,12.00,1.60
2008.11.19 11:38:32.140,0.96775,0.9679,2.40,1.80
2008.11.19 11:38:32.251,0.9678,0.96785,7.60,1.00
2008.11.19 11:38:32.530,0.96765,0.96775,6.60,1.80
2008.11.19 11:38:32.751,0.96765,0.96775,6.00,1.80
2008.11.19 11:38:33.150,0.9676,0.9679,12.90,27.40
2008.11.19 11:38:34.400,0.96765,0.96785,3.60,10.80
2008.11.19 11:38:35.440,0.9676,0.96775,9.10,1.20
2008.11.19 11:38:35.770,0.9676,0.96775,6.00,1.80
2008.11.19 11:38:36.369,0.96755,0.96775,5.40,8.40
2008.11.19 11:38:36.759,0.96755,0.96775,5.40,9.40
2008.11.19 11:38:39.539,0.9676,0.96775,5.40,8.40
2008.11.19 11:38:39.649,0.9676,0.9677,5.40,1.00
2008.11.19 11:38:39.939,0.9676,0.9679,11.40,27.40
2008.11.19 11:38:40.469,0.9676,0.96785,12.30,15.60
2008.11.19 11:38:40.928,0.9676,0.96785,12.30,16.60
2008.11.19 11:38:41.159,0.9676,0.9678,18.10,1.80
2008.11.19 11:38:41.448,0.9676,0.9678,12.30,1.80
2008.11.19 11:38:41.728,0.9676,0.9678,12.30,7.20
2008.11.19 11:38:42.198,0.9676,0.96765,1.80,6.00
2008.11.19 11:38:42.478,0.9675,0.96765,6.00,8.40
2008.11.19 11:38:42.758,0.96745,0.96765,11.70,8.40
2008.11.19 11:38:42.998,0.9676,0.96765,6.00,6.60
2008.11.19 11:38:43.508,0.96765,0.9677,1.20,9.40
2008.11.19 11:38:43.908,0.9676,0.96765,6.00,6.60
2008.11.19 11:38:44.028,0.9675,0.96765,10.50,2.40
2008.11.19 11:38:44.328,0.96755,0.9676,7.50,1.00
2008.11.19 11:38:44.498,0.9676,0.9678,3.00,15.90
2008.11.19 11:38:44.778,0.9676,0.96775,1.80,6.60
2008.11.19 11:38:45.048,0.96755,0.96775,3.60,8.40
2008.11.19 11:38:45.498,0.9676,0.96775,3.60,7.80
2008.11.19 11:38:46.197,0.96755,0.96775,5.70,7.80
2008.11.19 11:38:46.537,0.96755,0.9677,4.50,1.80
2008.11.19 11:38:46.977,0.96755,0.9678,4.50,21.40
2008.11.19 11:38:47.257,0.9675,0.9677,4.50,1.80
2008.11.19 11:38:47.807,0.96755,0.9677,3.60,7.80
2008.11.19 11:38:47.978,0.96755,0.9678,3.60,26.80
2008.11.19 11:38:48.457,0.96755,0.96775,3.60,8.40
2008.11.19 11:38:49.476,0.9675,0.96765,10.50,1.00
2008.11.19 11:38:49.596,0.9675,0.96765,11.70,1.00
2008.11.19 11:38:49.766,0.9675,0.96765,11.70,1.60
2008.11.19 11:38:49.886,0.96755,0.96765,3.60,1.60
2008.11.19 11:38:50.116,0.96755,0.9678,6.30,27.40
2008.11.19 11:38:50.676,0.96755,0.96775,2.50,15.60
2008.11.19 11:38:51.096,0.9675,0.96765,17.50,1.00
2008.11.19 11:38:51.486,0.9676,0.9678,1.80,20.80
2008.11.19 11:38:51.656,0.9676,0.9678,6.30,7.00
2008.11.19 11:38:52.006,0.9676,0.9678,6.30,1.80
2008.11.19 11:38:52.516,0.9676,0.9678,6.30,1.60
2008.11.19 11:38:53.236,0.9676,0.9678,5.40,7.60
2008.11.19 11:38:53.355,0.9676,0.96775,5.40,1.60
2008.11.19 11:38:53.516,0.96765,0.9679,1.80,27.40
2008.11.19 11:38:53.815,0.96765,0.96785,1.80,21.60
2008.11.19 11:38:54.625,0.96765,0.9678,1.80,7.20
2008.11.19 11:38:54.805,0.96765,0.9678,1.80,13.20
2008.11.19 11:38:54.915,0.9676,0.9677,7.80,1.00
2008.11.19 11:38:55.265,0.9676,0.9678,5.40,9.90
2008.11.19 11:38:55.545,0.9676,0.9678,5.40,7.60
2008.11.19 11:38:55.835,0.9676,0.9678,5.40,1.60
2008.11.19 11:38:58.294,0.9676,0.96775,5.40,1.00
2008.11.19 11:38:58.474,0.9676,0.96775,5.40,1.60
2008.11.19 11:39:11.331,0.96765,0.96785,1.80,19.90
2008.11.19 11:39:11.791,0.96765,0.96785,5.40,12.70
2008.11.19 11:39:12.231,0.96765,0.96785,5.40,8.40
2008.11.19 11:39:12.861,0.96765,0.9678,11.40,1.00
2008.11.19 11:39:13.141,0.96765,0.96785,11.40,1.60
2008.11.19 11:39:16.370,0.9677,0.96785,3.60,1.60
2008.11.19 11:39:16.730,0.96775,0.9679,1.80,6.80
2008.11.19 11:39:16.950,0.96775,0.9679,7.80,8.10
2008.11.19 11:39:17.529,0.96775,0.9679,7.80,7.20
2008.11.19 11:39:17.770,0.9677,0.96785,9.40,8.40
2008.11.19 11:39:18.169,0.9677,0.96785,3.60,8.40
2008.11.19 11:39:19.839,0.9677,0.9678,3.60,2.70
2008.11.19 11:39:20.189,0.96765,0.9677,7.80,1.00
2008.11.19 11:39:20.709,0.96765,0.96785,7.80,15.60
2008.11.19 11:39:21.339,0.96765,0.96785,7.80,21.60
2008.11.19 11:39:21.869,0.96765,0.9678,7.80,7.20
2008.11.19 11:39:22.079,0.96765,0.96775,1.80,1.60
2008.11.19 11:39:22.308,0.96765,0.96775,1.80,7.60
2008.11.19 11:39:22.608,0.96755,0.9677,5.40,7.60
2008.11.19 11:39:22.878,0.96755,0.96765,3.60,1.60
2008.11.19 11:39:24.448,0.96755,0.96765,3.60,1.00
2008.11.19 11:39:25.687,0.96755,0.9677,4.50,1.60
2008.11.19 11:39:25.978,0.96755,0.96775,5.70,8.40
2008.11.19 11:39:26.218,0.9676,0.96775,4.50,2.40
2008.11.19 11:39:26.447,0.9676,0.9677,6.30,1.00
2008.11.19 11:39:26.607,0.9676,0.96775,6.30,1.60
2008.11.19 11:39:27.067,0.9676,0.96775,2.50,6.60
2008.11.19 11:39:27.187,0.96755,0.96775,4.50,8.40
2008.11.19 11:39:27.797,0.9676,0.96775,6.00,6.60
2008.11.19 11:39:28.197,0.9676,0.96765,6.00,1.00
2008.11.19 11:39:28.477,0.96755,0.96765,6.00,6.60
2008.11.19 11:39:28.647,0.9675,0.96765,6.00,6.60
2008.11.19 11:39:30.356,0.9674,0.96755,7.20,6.60
2008.11.19 11:39:30.976,0.9674,0.96755,7.20,6.00
2008.11.19 11:39:31.376,0.9674,0.9675,10.50,1.00
2008.11.19 11:39:31.706,0.96745,0.96755,6.00,1.00
2008.11.19 11:39:31.946,0.96745,0.96755,6.00,1.60
2008.11.19 11:39:32.296,0.96745,0.9676,11.40,6.00
2008.11.19 11:39:32.526,0.96745,0.9676,12.30,6.00
2008.11.19 11:39:32.766,0.96745,0.9676,7.80,6.00
2008.11.19 11:39:33.846,0.96745,0.96765,6.00,23.10
2008.11.19 11:39:33.906,0.9675,0.96765,6.00,20.80
2008.11.19 11:39:34.205,0.9675,0.9677,6.00,22.50
2008.11.19 11:39:34.495,0.96755,0.9677,6.00,20.10
2008.11.19 11:39:34.605,0.96745,0.96755,6.00,13.20
2008.11.19 11:39:34.726,0.96745,0.9675,6.00,6.00
2008.11.19 11:39:35.015,0.96735,0.9675,13.80,6.00
2008.11.19 11:39:35.375,0.9674,0.9675,6.00,6.00
2008.11.19 11:39:35.765,0.9674,0.96755,6.00,7.60
2008.11.19 11:39:36.125,0.9674,0.96755,6.00,6.00
2008.11.19 11:39:37.555,0.96735,0.96755,4.50,7.60
2008.11.19 11:39:39.454,0.9674,0.9675,5.80,7.20
2008.11.19 11:39:39.514,0.9674,0.96745,5.80,6.00
2008.11.19 11:39:39.564,0.9673,0.96745,16.00,6.00
2008.11.19 11:39:39.624,0.9673,0.96745,13.60,7.60
2008.11.19 11:39:39.794,0.9673,0.96745,11.80,8.40
2008.11.19 11:39:40.134,0.96735,0.96745,3.60,1.00
2008.11.19 11:39:40.184,0.96735,0.9675,6.30,1.60
2008.11.19 11:39:40.414,0.96735,0.96755,6.30,8.40
2008.11.19 11:39:40.474,0.96735,0.96745,3.10,1.00
2008.11.19 11:39:40.934,0.96735,0.96745,6.00,1.00
2008.11.19 11:39:41.334,0.9673,0.96745,12.90,1.00
2008.11.19 11:39:42.623,0.96735,0.96745,3.60,1.00
2008.11.19 11:39:42.743,0.9673,0.96745,18.70,1.00
2008.11.19 11:39:43.164,0.9673,0.96745,11.70,1.00
2008.11.19 11:39:43.733,0.9673,0.96745,11.70,1.60
2008.11.19 11:39:44.683,0.96735,0.96745,6.00,1.60
2008.11.19 11:39:45.023,0.96735,0.96745,6.00,1.00
2008.11.19 11:39:45.423,0.96735,0.96755,6.30,8.40
2008.11.19 11:39:45.953,0.9674,0.96755,1.20,8.40
2008.11.19 11:39:46.892,0.9674,0.96755,1.20,6.60
2008.11.19 11:39:47.342,0.96745,0.9675,4.50,1.00
2008.11.19 11:39:47.692,0.9675,0.9676,6.00,1.00
2008.11.19 11:39:47.982,0.9675,0.9676,10.50,1.00
2008.11.19 11:39:48.102,0.9675,0.96765,10.50,1.60
2008.11.19 11:39:58.070,0.96755,0.96765,3.60,1.60
2008.11.19 11:39:58.360,0.96755,0.9677,7.50,1.60
2008.11.19 11:39:58.590,0.96755,0.96775,7.50,8.40
2008.11.19 11:39:59.810,0.9676,0.9677,10.50,1.00
2008.11.19 11:40:04.638,0.9676,0.96775,5.40,2.40
2008.11.19 11:40:04.688,0.9676,0.96775,11.40,1.60
2008.11.19 11:40:04.808,0.96765,0.9678,1.80,1.60
2008.11.19 11:40:04.978,0.9676,0.96775,7.80,6.60
2008.11.19 11:40:05.028,0.9676,0.96775,7.80,13.80
2008.11.19 11:40:05.628,0.96765,0.96775,1.80,1.60
2008.11.19 11:40:06.028,0.96765,0.9678,7.80,7.20
2008.11.19 11:40:06.388,0.9676,0.96775,17.20,1.00
2008.11.19 11:40:06.678,0.9676,0.96775,11.40,1.60
2008.11.19 11:40:07.957,0.9676,0.96775,12.30,1.60
2008.11.19 11:40:10.087,0.9676,0.96775,8.50,1.60
2008.11.19 11:40:10.267,0.9676,0.96775,7.80,1.60
2008.11.19 11:40:11.547,0.9677,0.96775,3.60,1.60
2008.11.19 11:40:11.767,0.9677,0.9678,3.60,7.60
2008.11.19 11:40:11.987,0.9677,0.96785,9.60,1.60
2008.11.19 11:40:12.107,0.96775,0.9679,5.40,4.90
2008.11.19 11:40:12.327,0.96775,0.96785,7.80,6.90
2008.11.19 11:40:12.446,0.9678,0.96785,5.80,8.40
2008.11.19 11:40:12.677,0.96765,0.96785,1.90,8.40
2008.11.19 11:40:12.966,0.9676,0.96785,12.30,16.20
2008.11.19 11:40:13.306,0.9676,0.96785,12.30,16.50
2008.11.19 11:40:13.706,0.96765,0.96785,3.60,8.40
2008.11.19 11:40:13.996,0.9676,0.96775,12.30,1.00
2008.11.19 11:40:14.216,0.9676,0.96775,12.30,1.60
2008.11.19 11:40:14.386,0.96765,0.96785,11.40,8.40
2008.11.19 11:40:14.846,0.96765,0.96785,12.30,8.40
2008.11.19 11:40:15.526,0.9677,0.96785,5.40,7.60
2008.11.19 11:40:15.856,0.9677,0.96785,5.40,1.60
2008.11.19 11:40:16.035,0.9677,0.9679,5.40,8.40
2008.11.19 11:40:16.156,0.96765,0.9678,12.30,1.00
2008.11.19 11:40:16.456,0.9677,0.9678,3.60,1.00
2008.11.19 11:40:16.575,0.9677,0.96785,4.50,2.40
2008.11.19 11:40:16.685,0.9677,0.96785,4.50,8.40
2008.11.19 11:40:16.905,0.9677,0.96785,7.80,8.40
2008.11.19 11:40:17.185,0.96765,0.96785,12.30,8.40
2008.11.19 11:40:17.645,0.9677,0.96785,3.60,8.40
2008.11.19 11:40:17.915,0.9677,0.9679,5.40,8.40
2008.11.19 11:40:18.095,0.9677,0.9679,1.80,15.60
2008.11.19 11:40:18.255,0.96765,0.96785,12.30,8.40
2008.11.19 11:40:18.475,0.96765,0.96785,12.30,6.60
2008.11.19 11:40:18.935,0.96765,0.96785,12.30,8.40
2008.11.19 11:40:20.994,0.9677,0.96785,1.20,8.40
2008.11.19 11:40:27.943,0.9677,0.96785,4.50,1.60
2008.11.19 11:40:28.293,0.96775,0.96795,12.30,8.40
2008.11.19 11:40:31.852,0.96775,0.96795,12.30,6.60
2008.11.19 11:40:32.412,0.96775,0.96795,12.30,8.40
2008.11.19 11:40:38.330,0.96775,0.96795,11.40,8.40
2008.11.19 11:40:38.390,0.96775,0.96785,6.00,1.00
2008.11.19 11:40:38.930,0.9677,0.96785,10.30,1.00
2008.11.19 11:40:39.170,0.9677,0.96785,4.50,1.00
2008.11.19 11:40:40.280,0.9677,0.96785,4.50,1.60
2008.11.19 11:40:45.408,0.9677,0.96785,4.50,1.80
2008.11.19 11:40:46.308,0.9677,0.96785,6.60,1.80
2008.11.19 11:40:46.478,0.96765,0.96785,4.50,8.40
2008.11.19 11:40:48.548,0.96765,0.96785,1.90,15.60
2008.11.19 11:40:48.818,0.9676,0.96775,12.30,1.00
2008.11.19 11:40:49.038,0.96765,0.9678,6.30,1.60
2008.11.19 11:40:49.278,0.96765,0.96785,12.30,8.40
2008.11.19 11:40:49.328,0.9676,0.96775,12.30,1.00
2008.11.19 11:40:49.447,0.9677,0.96775,5.80,1.00
2008.11.19 11:40:49.607,0.96765,0.9678,6.30,1.60
2008.11.19 11:40:49.727,0.96765,0.96785,10.50,8.40
2008.11.19 11:40:50.077,0.96765,0.96785,4.50,8.40
2008.11.19 11:40:51.987,0.9676,0.9678,6.30,7.60
2008.11.19 11:40:52.507,0.96765,0.9678,3.60,7.60
2008.11.19 11:40:52.737,0.96765,0.96785,4.50,12.70
2008.11.19 11:40:53.037,0.96765,0.96785,4.50,8.40
2008.11.19 11:40:54.386,0.96765,0.9678,4.50,1.60
2008.11.19 11:40:54.496,0.96765,0.9678,3.60,7.60
2008.11.19 11:40:54.726,0.9676,0.96775,12.30,1.00
2008.11.19 11:40:54.846,0.9676,0.96775,12.30,1.60
2008.11.19 11:40:55.086,0.9676,0.96775,6.30,1.60
2008.11.19 11:40:55.626,0.9676,0.96775,6.30,1.80
2008.11.19 11:40:58.055,0.96775,0.96785,6.00,14.20
2008.11.19 11:40:58.225,0.96775,0.96785,7.80,4.20
2008.11.19 11:40:58.695,0.96775,0.96795,11.40,1.80
2008.11.19 11:41:02.354,0.96775,0.96795,5.40,2.40
2008.11.19 11:41:02.524,0.96775,0.9679,11.40,1.00
2008.11.19 11:41:02.804,0.96775,0.96795,11.40,4.00
2008.11.19 11:41:03.034,0.9679,0.96795,6.00,1.60
2008.11.19 11:41:03.494,0.9679,0.96795,7.80,1.00
2008.11.19 11:41:03.734,0.9679,0.9682,7.80,13.80
2008.11.19 11:41:04.134,0.96795,0.9682,7.80,7.80
2008.11.19 11:41:04.534,0.96795,0.9682,11.40,6.60
2008.11.19 11:41:04.884,0.96795,0.96815,11.40,2.40
2008.11.19 11:41:05.224,0.96795,0.96815,7.80,21.60
2008.11.19 11:41:06.553,0.96795,0.96805,1.80,6.00
2008.11.19 11:41:06.893,0.9679,0.96805,7.80,15.00
2008.11.19 11:41:07.243,0.96795,0.96805,1.80,6.00
2008.11.19 11:41:07.643,0.96795,0.96815,1.80,17.70
2008.11.19 11:41:07.933,0.96795,0.96815,7.80,16.80
2008.11.19 11:41:08.323,0.96795,0.96815,7.80,15.60
2008.11.19 11:41:09.023,0.96795,0.9681,1.80,1.60
2008.11.19 11:41:09.412,0.96795,0.96815,7.80,21.60
2008.11.19 11:41:19.250,0.96795,0.96815,7.80,16.80
2008.11.19 11:41:22.300,0.9679,0.96805,6.60,1.60
2008.11.19 11:41:22.579,0.96795,0.96805,6.00,2.20
2008.11.19 11:41:22.809,0.96795,0.96815,7.80,16.80
2008.11.19 11:41:24.079,0.96795,0.96815,7.80,15.00
2008.11.19 11:41:24.370,0.96795,0.96815,7.80,13.80
2008.11.19 11:41:24.929,0.96795,0.96815,7.80,15.00
2008.11.19 11:41:25.499,0.96795,0.96815,7.80,16.80
2008.11.19 11:41:25.779,0.96795,0.96815,1.80,16.80
2008.11.19 11:41:26.539,0.96795,0.9681,1.80,1.60
2008.11.19 11:41:26.818,0.96795,0.96815,1.80,16.80
2008.11.19 11:41:27.118,0.96795,0.96815,7.80,16.80
2008.11.19 11:41:31.157,0.968,0.96805,3.60,1.00
2008.11.19 11:41:31.327,0.96805,0.9682,7.80,5.20
2008.11.19 11:41:31.497,0.96805,0.9682,7.80,4.20
2008.11.19 11:41:31.677,0.9681,0.96825,3.60,2.40
2008.11.19 11:41:31.797,0.96815,0.9683,1.80,8.40
2008.11.19 11:41:32.077,0.96815,0.96835,5.40,8.40
2008.11.19 11:41:32.237,0.96825,0.96835,1.80,1.60
2008.11.19 11:41:32.637,0.96825,0.9684,1.80,1.20
2008.11.19 11:41:33.167,0.96825,0.9684,6.00,1.20
2008.11.19 11:41:33.688,0.96825,0.9684,7.80,1.20
2008.11.19 11:41:34.026,0.96825,0.9684,1.80,1.60
2008.11.19 11:41:34.186,0.9684,0.96845,1.20,6.80
2008.11.19 11:41:34.407,0.9683,0.96845,4.50,8.40
2008.11.19 11:41:34.807,0.96825,0.96835,10.50,1.00
2008.11.19 11:41:35.166,0.96825,0.96845,6.30,8.40
2008.11.19 11:41:35.446,0.96825,0.96845,12.30,8.40
2008.11.19 11:41:35.686,0.96825,0.96845,5.40,8.40
2008.11.19 11:41:36.036,0.96825,0.96845,11.40,9.30
2008.11.19 11:41:36.336,0.96825,0.96845,7.80,16.50
2008.11.19 11:41:37.746,0.96825,0.96845,7.80,15.60
2008.11.19 11:41:38.096,0.96825,0.96835,6.00,1.00
2008.11.19 11:41:38.496,0.9682,0.9683,4.50,1.00
2008.11.19 11:41:38.895,0.96825,0.9683,9.60,1.00
2008.11.19 11:41:39.176,0.96815,0.96835,4.50,2.40
2008.11.19 11:41:39.476,0.9682,0.9683,4.50,1.00
2008.11.19 11:41:41.045,0.9682,0.96835,4.50,1.80
2008.11.19 11:41:42.195,0.9682,0.9683,4.50,1.00
2008.11.19 11:41:42.475,0.96825,0.9683,6.00,1.00
2008.11.19 11:41:42.525,0.96825,0.9683,11.40,1.00
2008.11.19 11:41:42.705,0.96825,0.96845,11.40,9.30
2008.11.19 11:41:43.274,0.9682,0.96835,9.40,8.40
2008.11.19 11:41:43.574,0.9683,0.96835,5.80,8.40
2008.11.19 11:41:43.744,0.96815,0.96835,3.60,8.40
2008.11.19 11:41:43.914,0.9681,0.96835,10.50,15.60
2008.11.19 11:41:44.434,0.9681,0.96835,9.60,21.60
2008.11.19 11:41:46.634,0.96815,0.96835,9.60,1.80
2008.11.19 11:41:46.854,0.96815,0.96835,11.40,1.60
2008.11.19 11:41:47.324,0.9682,0.9683,6.00,1.00
2008.11.19 11:41:47.613,0.96815,0.9683,11.40,1.00
2008.11.19 11:41:48.083,0.96815,0.96835,1.80,15.60
2008.11.19 11:41:48.433,0.96815,0.9683,1.80,13.20
2008.11.19 11:41:48.663,0.96815,0.96835,1.80,21.60
2008.11.19 11:41:48.883,0.96815,0.96835,1.80,15.60
2008.11.19 11:41:49.293,0.96815,0.96835,6.00,2.40
2008.11.19 11:41:49.583,0.96825,0.9684,1.80,7.60
2008.11.19 11:41:49.753,0.96825,0.96845,7.80,22.80
2008.11.19 11:41:50.213,0.9683,0.96835,5.80,1.60
2008.11.19 11:41:50.563,0.96815,0.96835,13.20,1.60
2008.11.19 11:41:52.842,0.96815,0.96835,13.20,1.00
2008.11.19 11:42:04.049,0.96815,0.96835,12.60,1.00
2008.11.19 11:42:04.169,0.96815,0.96835,11.40,1.60
2008.11.19 11:42:13.757,0.96815,0.96835,11.40,1.80
2008.11.19 11:42:13.977,0.96815,0.96835,11.40,1.60
2008.11.19 11:42:19.116,0.96815,0.96835,5.40,2.40
2008.11.19 11:42:19.356,0.96815,0.96835,6.00,13.80
2008.11.19 11:42:19.536,0.96815,0.96835,11.40,1.80
2008.11.19 11:42:20.506,0.96815,0.96835,5.40,3.60
2008.11.19 11:42:20.905,0.96815,0.96835,1.80,21.60
2008.11.19 11:42:22.885,0.9681,0.96825,9.60,2.20
2008.11.19 11:42:23.225,0.96815,0.96835,1.80,22.50
2008.11.19 11:42:23.555,0.96815,0.96835,1.80,21.60
2008.11.19 11:42:24.855,0.96815,0.96835,5.40,8.40
2008.11.19 11:42:25.374,0.96815,0.96835,13.20,1.60
2008.11.19 11:42:25.994,0.96825,0.9684,1.80,1.60
2008.11.19 11:42:26.334,0.96825,0.96845,7.80,21.60
2008.11.19 11:42:29.453,0.96825,0.96845,7.80,16.80
2008.11.19 11:42:30.333,0.96825,0.9684,7.80,14.40
2008.11.19 11:42:30.513,0.9683,0.96835,5.80,1.00
2008.11.19 11:42:30.803,0.9681,0.96835,30.10,1.00
2008.11.19 11:42:32.582,0.96815,0.96835,9.60,9.00
2008.11.19 11:42:32.863,0.96815,0.96835,3.00,15.60
2008.11.19 11:42:32.982,0.96815,0.96835,1.80,15.60
2008.11.19 11:42:33.732,0.9682,0.96835,3.60,13.80
2008.11.19 11:42:34.092,0.9682,0.9683,3.60,1.00
2008.11.19 11:42:34.262,0.96825,0.96845,1.80,16.60
2008.11.19 11:42:34.492,0.96825,0.96845,7.80,15.60
2008.11.19 11:42:35.672,0.96825,0.9684,1.80,8.80
2008.11.19 11:42:36.122,0.96825,0.96835,1.80,1.00
2008.11.19 11:42:36.752,0.96815,0.96835,13.20,1.00
2008.11.19 11:42:37.161,0.96815,0.96835,12.00,1.60
2008.11.19 11:42:38.801,0.96815,0.96835,8.40,7.80
2008.11.19 11:42:39.151,0.96815,0.96835,1.80,16.80
2008.11.19 11:42:54.047,0.96815,0.9683,1.80,14.80
2008.11.19 11:42:54.507,0.9681,0.9683,10.20,1.60
2008.11.19 11:42:54.797,0.9681,0.9684,10.20,27.40
2008.11.19 11:42:54.977,0.9681,0.9683,6.60,13.20
2008.11.19 11:42:55.667,0.9681,0.9684,10.20,27.40
2008.11.19 11:43:09.644,0.96815,0.96835,3.60,9.60
2008.11.19 11:43:09.813,0.96815,0.96835,5.40,3.60
2008.11.19 11:43:10.053,0.96815,0.96835,11.40,1.80
2008.11.19 11:43:16.902,0.96815,0.96835,12.00,1.60
2008.11.19 11:43:17.202,0.96815,0.96835,12.00,1.80
2008.11.19 11:43:17.322,0.96815,0.96835,11.40,1.80
2008.11.19 11:43:22.121,0.96815,0.96835,7.80,9.00
2008.11.19 11:43:22.240,0.96815,0.96835,1.80,16.80
2008.11.19 11:43:23.060,0.96815,0.96835,1.80,17.40
2008.11.19 11:43:23.691,0.96815,0.96835,1.80,18.30
2008.11.19 11:43:24.340,0.96815,0.96835,1.80,17.40
2008.11.19 11:43:26.839,0.96815,0.96835,1.80,18.30
2008.11.19 11:43:28.430,0.96815,0.96835,1.80,17.40
2008.11.19 11:43:30.069,0.96815,0.96835,1.80,18.30
2008.11.19 11:43:37.687,0.96815,0.96835,1.80,17.40
2008.11.19 11:43:52.183,0.96815,0.96835,1.80,11.40
2008.11.19 11:43:52.363,0.96815,0.96835,11.40,2.40
2008.11.19 11:43:52.543,0.96815,0.96835,5.40,10.20
2008.11.19 11:43:52.723,0.96815,0.96835,5.40,4.20
2008.11.19 11:43:53.113,0.96815,0.96835,11.40,2.40
2008.11.19 11:43:53.623,0.96815,0.96835,1.80,17.40
2008.11.19 11:43:58.692,0.96815,0.96825,1.80,13.20
2008.11.19 11:43:59.032,0.9681,0.9682,6.00,6.00
2008.11.19 11:43:59.422,0.96795,0.96815,11.70,6.60
2008.11.19 11:43:59.781,0.9679,0.96805,5.40,6.60
2008.11.19 11:44:00.002,0.96785,0.96805,5.70,2.40
2008.11.19 11:44:00.231,0.96785,0.96805,6.30,8.40
2008.11.19 11:44:01.541,0.96785,0.96805,10.50,6.60
2008.11.19 11:44:01.951,0.96785,0.96805,4.50,8.40
2008.11.19 11:44:03.131,0.9679,0.968,1.20,1.60
2008.11.19 11:44:03.351,0.9678,0.96795,11.70,1.00
2008.11.19 11:44:03.920,0.9678,0.96795,11.70,1.60
2008.11.19 11:44:04.370,0.9678,0.96795,10.80,1.60
2008.11.19 11:44:04.490,0.9678,0.96795,9.60,1.00
2008.11.19 11:44:04.661,0.9678,0.9681,9.60,27.40
2008.11.19 11:44:04.840,0.96785,0.96805,3.60,15.60
2008.11.19 11:44:05.810,0.96785,0.96805,4.50,8.40
2008.11.19 11:44:10.939,0.96785,0.96805,4.50,3.60
2008.11.19 11:44:13.368,0.9679,0.96805,1.20,10.80
2008.11.19 11:44:13.428,0.9679,0.96795,1.20,1.00
2008.11.19 11:44:13.598,0.9678,0.96795,12.30,1.00
2008.11.19 11:44:13.768,0.96785,0.9681,1.80,27.40
2008.11.19 11:44:13.948,0.9678,0.96795,12.30,1.00
2008.11.19 11:44:14.108,0.9678,0.96795,18.10,1.00
2008.11.19 11:44:14.388,0.9678,0.96795,12.30,1.00
2008.11.19 11:44:14.618,0.9678,0.96795,10.50,1.60
2008.11.19 11:44:14.678,0.9678,0.96795,9.60,1.60
2008.11.19 11:44:15.068,0.9678,0.96795,9.60,1.80
2008.11.19 11:44:15.188,0.96775,0.96795,10.50,3.60
2008.11.19 11:44:15.468,0.96775,0.96795,12.30,1.80
2008.11.19 11:44:15.708,0.96775,0.96795,4.50,3.60
2008.11.19 11:44:17.327,0.96785,0.9679,6.00,1.30
2008.11.19 11:44:17.597,0.96775,0.968,18.30,17.10
2008.11.19 11:44:17.777,0.9679,0.96795,1.20,2.40
2008.11.19 11:44:18.117,0.9678,0.96795,5.70,1.60
2008.11.19 11:44:18.237,0.9678,0.96795,11.70,1.60
2008.11.19 11:44:19.247,0.9678,0.96795,12.30,1.00
2008.11.19 11:44:19.367,0.96785,0.96795,3.60,1.00
2008.11.19 11:44:19.547,0.96785,0.96805,6.30,8.20
2008.11.19 11:44:19.947,0.96785,0.96805,5.40,3.60
2008.11.19 11:44:20.696,0.96785,0.96805,1.80,10.80
2008.11.19 11:44:24.795,0.96785,0.96805,1.80,12.00
2008.11.19 11:44:25.835,0.96785,0.96805,1.80,18.00
2008.11.19 11:44:30.904,0.96785,0.96805,7.80,18.00
2008.11.19 11:44:31.244,0.96785,0.96805,1.80,18.00
2008.11.19 11:44:32.433,0.96785,0.96805,5.40,12.00
2008.11.19 11:44:32.613,0.9679,0.96805,1.80,3.60
2008.11.19 11:44:33.004,0.9679,0.96805,1.80,1.80
2008.11.19 11:44:33.173,0.9679,0.96805,1.80,1.60
2008.11.19 11:44:44.621,0.96795,0.96815,4.50,10.80
2008.11.19 11:44:45.001,0.96795,0.96815,4.50,2.40
2008.11.19 11:44:45.231,0.96795,0.9681,13.30,1.00
2008.11.19 11:44:45.580,0.96795,0.9682,6.00,23.20
2008.11.19 11:44:45.810,0.96795,0.96815,12.40,2.40
2008.11.19 11:44:45.980,0.96795,0.96815,12.40,1.60
2008.11.19 11:44:54.598,0.96795,0.96815,12.40,1.80
2008.11.19 11:44:54.958,0.96795,0.96815,5.40,3.60
2008.11.19 11:44:55.118,0.96795,0.96815,1.80,16.80
2008.11.19 11:44:55.298,0.9679,0.96815,12.00,16.80
2008.11.19 11:44:55.588,0.9679,0.96815,12.90,10.80
2008.11.19 11:44:57.148,0.96795,0.96815,3.60,3.60
2008.11.19 11:44:58.068,0.96795,0.9681,1.80,1.20
2008.11.19 11:44:58.298,0.96795,0.9681,1.80,2.80
2008.11.19 11:44:59.007,0.96795,0.96805,1.80,1.20
2008.11.19 11:45:01.207,0.96795,0.96805,1.80,2.80
2008.11.19 11:45:01.607,0.96795,0.96805,1.80,1.20
2008.11.19 11:45:15.973,0.96795,0.96815,1.80,27.90
2008.11.19 11:45:16.093,0.96795,0.9681,1.80,16.00
2008.11.19 11:45:18.192,0.96785,0.96805,12.00,1.60
2008.11.19 11:45:18.243,0.96785,0.96805,11.40,1.60
2008.11.19 11:45:18.642,0.96785,0.96805,3.60,1.60
2008.11.19 11:45:19.322,0.9679,0.96805,1.80,1.60
2008.11.19 11:45:24.931,0.96795,0.96815,1.80,27.30
2008.11.19 11:45:25.261,0.96795,0.96815,1.80,22.00
2008.11.19 11:45:25.381,0.9679,0.96815,12.00,16.00
2008.11.19 11:45:48.855,0.96795,0.96815,6.00,14.80
2008.11.19 11:45:49.415,0.96795,0.96815,6.00,16.00
2008.11.19 11:45:49.705,0.96795,0.96815,6.00,10.00
2008.11.19 11:45:50.345,0.96795,0.96815,6.00,16.00
2008.11.19 11:45:50.625,0.96795,0.9681,6.00,1.20
2008.11.19 11:45:50.865,0.9679,0.96805,17.20,1.20
2008.11.19 11:45:51.105,0.96785,0.96805,2.50,10.80
2008.11.19 11:45:51.385,0.9678,0.96795,10.50,1.00
2008.11.19 11:45:51.684,0.9678,0.96795,4.50,1.00
2008.11.19 11:45:52.204,0.9678,0.96795,10.50,1.00
2008.11.19 11:45:53.324,0.9678,0.96795,11.10,1.00
2008.11.19 11:46:04.841,0.9678,0.96795,10.50,1.00
2008.11.19 11:46:11.410,0.9678,0.96795,9.60,1.00
2008.11.19 11:46:14.649,0.9678,0.96795,6.00,1.00
2008.11.19 11:46:14.919,0.96775,0.96795,10.50,2.40
2008.11.19 11:46:15.479,0.96775,0.96795,4.50,2.40
2008.11.19 11:46:19.627,0.96775,0.96795,10.50,1.80
2008.11.19 11:46:19.848,0.9678,0.96795,3.60,1.80
2008.11.19 11:46:20.308,0.9678,0.96795,3.60,2.20
2008.11.19 11:46:20.368,0.9678,0.96795,9.60,1.00
2008.11.19 11:46:20.487,0.9678,0.96795,10.20,1.00
2008.11.19 11:46:20.768,0.9678,0.96795,11.10,1.00
2008.11.19 11:46:21.637,0.9678,0.9679,6.60,1.20
2008.11.19 11:46:21.867,0.9677,0.9679,11.50,2.80
2008.11.19 11:46:22.267,0.9677,0.9679,4.50,2.80
2008.11.19 11:46:22.837,0.96775,0.9679,6.00,1.20
2008.11.19 11:46:27.956,0.9677,0.9679,4.50,2.80
2008.11.19 11:46:28.515,0.96775,0.9679,4.50,1.60
2008.11.19 11:46:28.865,0.96775,0.96785,3.00,2.80
2008.11.19 11:46:29.316,0.96765,0.96785,10.50,2.80
2008.11.19 11:46:38.094,0.9676,0.96775,10.30,2.80
2008.11.19 11:46:38.493,0.9676,0.96775,4.50,1.60
2008.11.19 11:46:38.774,0.96755,0.96775,6.30,2.80
2008.11.19 11:46:41.722,0.9676,0.96775,3.60,2.80
2008.11.19 11:46:41.832,0.9676,0.96775,4.50,1.20
2008.11.19 11:46:42.982,0.9676,0.96785,4.50,21.30
2008.11.19 11:46:43.212,0.9676,0.9678,4.50,2.80
2008.11.19 11:46:43.502,0.9676,0.96775,4.50,1.20
2008.11.19 11:46:43.732,0.96765,0.96785,4.50,8.70
2008.11.19 11:46:43.962,0.9676,0.9678,18.70,1.60
2008.11.19 11:46:44.312,0.96765,0.9678,1.80,1.60
2008.11.19 11:46:49.420,0.96765,0.9678,1.80,2.80
2008.11.19 11:46:53.100,0.96765,0.9678,1.80,10.00
2008.11.19 11:46:53.400,0.96755,0.96775,6.30,3.60
2008.11.19 11:46:53.739,0.96755,0.96775,4.50,1.60
2008.11.19 11:46:53.979,0.9676,0.96775,4.50,1.60
2008.11.19 11:46:54.199,0.9676,0.96775,6.30,1.60
2008.11.19 11:46:54.539,0.9676,0.96775,12.30,1.00
2008.11.19 11:46:56.059,0.9676,0.96775,12.90,1.00
2008.11.19 11:46:56.749,0.96765,0.96775,3.60,1.00
2008.11.19 11:46:56.918,0.96765,0.96775,10.50,1.00
2008.11.19 11:46:57.149,0.96765,0.9679,12.30,17.10
2008.11.19 11:46:57.429,0.96765,0.9678,1.80,1.60
2008.11.19 11:46:58.978,0.96765,0.9678,3.60,1.60
2008.11.19 11:46:59.258,0.96765,0.96785,10.50,2.80
2008.11.19 11:47:10.455,0.9677,0.96785,4.50,1.80
2008.11.19 11:47:10.915,0.9677,0.96785,7.80,1.80
2008.11.19 11:47:11.195,0.96765,0.96785,12.30,1.80
2008.11.19 11:47:11.365,0.96765,0.96785,10.50,2.80
2008.11.19 11:47:24.162,0.96765,0.96785,12.30,3.60
2008.11.19 11:47:24.612,0.96765,0.96785,6.30,3.60
2008.11.19 11:47:25.002,0.96765,0.9678,6.30,1.60
2008.11.19 11:47:25.232,0.96765,0.9678,5.40,1.60
2008.11.19 11:47:33.070,0.96765,0.96785,5.40,3.60
2008.11.19 11:47:52.676,0.9676,0.96775,12.90,1.00
2008.11.19 11:47:52.845,0.9676,0.96775,12.30,1.00
2008.11.19 11:47:53.025,0.9676,0.96775,6.30,1.00
2008.11.19 11:47:53.306,0.9676,0.96775,5.40,1.00
2008.11.19 11:48:01.713,0.9676,0.96775,11.40,1.00
2008.11.19 11:48:02.113,0.9676,0.96775,5.40,1.00
2008.11.19 11:48:02.743,0.9676,0.96775,7.20,1.00
2008.11.19 11:48:02.983,0.9676,0.96775,5.40,1.00
2008.11.19 11:48:03.383,0.96765,0.96775,6.00,1.00
2008.11.19 11:48:03.653,0.9676,0.96775,6.00,1.00
2008.11.19 11:48:04.182,0.9676,0.96775,6.90,1.00
2008.11.19 11:48:04.962,0.96765,0.9678,6.30,1.60
2008.11.19 11:48:05.143,0.96765,0.96785,6.30,7.90
2008.11.19 11:48:05.322,0.9676,0.96775,12.90,1.00
2008.11.19 11:48:05.612,0.9676,0.96775,6.90,1.00
2008.11.19 11:48:08.791,0.96765,0.96775,4.50,1.00
2008.11.19 11:48:09.071,0.96765,0.9678,4.50,1.60
2008.11.19 11:48:09.241,0.9676,0.9678,9.30,1.60
2008.11.19 11:48:09.591,0.96775,0.9678,1.20,3.30
2008.11.19 11:48:09.821,0.9676,0.96775,6.30,1.00
2008.11.19 11:48:11.501,0.9676,0.96775,7.80,2.40
2008.11.19 11:48:11.801,0.9676,0.96775,6.30,2.40
2008.11.19 11:48:11.981,0.9676,0.96775,6.30,1.00
2008.11.19 11:48:15.960,0.9676,0.96775,6.30,1.60
2008.11.19 11:48:18.009,0.9677,0.9678,1.80,1.60
2008.11.19 11:48:18.229,0.9677,0.96785,5.40,6.00
2008.11.19 11:48:18.579,0.9677,0.96785,9.60,6.10
2008.11.19 11:48:18.969,0.9676,0.96775,12.90,1.00
2008.11.19 11:48:19.259,0.9676,0.96775,12.30,1.00
2008.11.19 11:48:19.539,0.9676,0.96775,6.30,1.00
2008.11.19 11:48:20.658,0.9676,0.96775,6.90,1.00
2008.11.19 11:48:21.068,0.9676,0.96775,12.90,1.00
2008.11.19 11:48:21.868,0.9676,0.96775,6.30,1.00
2008.11.19 11:48:22.208,0.9676,0.96775,6.30,1.80
2008.11.19 11:48:23.688,0.96755,0.9677,6.00,1.00
2008.11.19 11:48:24.098,0.9675,0.96765,3.00,1.60
2008.11.19 11:48:24.598,0.96745,0.96765,12.30,2.40
2008.11.19 11:48:26.077,0.9675,0.96765,3.60,2.40
2008.11.19 11:48:26.307,0.9675,0.96765,4.50,1.60
2008.11.19 11:48:26.697,0.9675,0.96765,4.50,1.00
2008.11.19 11:48:26.927,0.9675,0.96765,10.50,1.00
2008.11.19 11:48:27.257,0.9675,0.96765,4.50,1.00
2008.11.19 11:48:30.866,0.9675,0.96765,10.50,1.00
2008.11.19 11:48:31.666,0.9675,0.96765,4.50,1.00
2008.11.19 11:48:32.086,0.9675,0.96765,10.50,1.00
2008.11.19 11:48:32.956,0.9675,0.96765,4.50,1.00
2008.11.19 11:48:35.005,0.96755,0.96775,1.80,10.80
2008.11.19 11:48:35.235,0.96755,0.96775,6.30,3.60
2008.11.19 11:48:35.685,0.9676,0.96775,6.00,1.80
2008.11.19 11:48:35.975,0.96755,0.96775,6.30,3.60
2008.11.19 11:48:47.302,0.96755,0.96775,2.50,10.80
2008.11.19 11:48:47.752,0.9675,0.96765,18.10,1.00
2008.11.19 11:48:47.982,0.96755,0.9677,2.50,1.60
2008.11.19 11:48:48.252,0.9675,0.96765,16.90,1.00
2008.11.19 11:48:48.542,0.9675,0.96765,11.10,1.00
2008.11.19 11:48:50.082,0.96755,0.96765,3.60,1.00
2008.11.19 11:48:50.311,0.96755,0.96775,1.80,10.80
2008.11.19 11:48:50.491,0.96755,0.96775,6.30,3.60
2008.11.19 11:48:50.731,0.96755,0.9677,6.30,1.60
2008.11.19 11:48:51.182,0.96755,0.96775,6.30,3.60
2008.11.19 11:48:52.691,0.96755,0.96775,12.30,1.80
2008.11.19 11:48:53.031,0.9676,0.96775,6.30,1.80
2008.11.19 11:48:53.311,0.96755,0.96775,6.30,3.60
2008.11.19 11:48:55.940,0.9675,0.96765,16.90,1.00
2008.11.19 11:48:56.290,0.9676,0.9677,6.30,1.60
2008.11.19 11:48:56.730,0.9676,0.96775,1.80,3.60
2008.11.19 11:48:56.900,0.96755,0.96775,4.50,3.60
2008.11.19 11:48:57.719,0.9676,0.96775,6.30,3.60
2008.11.19 11:48:58.009,0.9676,0.96775,6.30,1.80
2008.11.19 11:48:58.420,0.96755,0.96775,7.50,3.60
2008.11.19 11:49:09.297,0.96755,0.96775,6.30,3.60
2008.11.19 11:49:09.417,0.96755,0.96775,2.50,10.80
2008.11.19 11:49:09.647,0.96755,0.96765,2.50,1.00
2008.11.19 11:49:09.827,0.96755,0.96775,6.30,3.60
2008.11.19 11:49:09.946,0.96755,0.96775,1.80,10.80
2008.11.19 11:49:10.007,0.9675,0.96765,12.30,1.00
2008.11.19 11:49:11.656,0.9676,0.96765,4.50,1.00
2008.11.19 11:49:11.876,0.9676,0.96775,12.30,1.80
2008.11.19 11:49:12.096,0.9676,0.96775,3.60,2.40
2008.11.19 11:49:12.316,0.9676,0.96775,12.90,1.00
2008.11.19 11:49:12.726,0.96765,0.96775,3.60,1.00
2008.11.19 11:49:12.846,0.96765,0.9678,6.30,1.60
2008.11.19 11:49:12.956,0.96765,0.96785,12.30,3.60
2008.11.19 11:49:13.906,0.9676,0.96775,18.70,1.00
2008.11.19 11:49:14.195,0.9677,0.96775,4.50,1.00
2008.11.19 11:49:14.477,0.96765,0.96785,10.50,1.80
2008.11.19 11:49:14.815,0.96765,0.96785,10.50,3.60
2008.11.19 11:49:15.225,0.96765,0.96785,6.70,10.80
2008.11.19 11:49:15.495,0.9676,0.96775,12.90,1.00
2008.11.19 11:49:15.845,0.96765,0.9677,6.00,1.50
2008.11.19 11:49:16.176,0.9675,0.96765,4.50,2.40
2008.11.19 11:49:16.515,0.9675,0.96765,5.10,1.60
2008.11.19 11:49:16.855,0.9675,0.96765,5.10,1.00
2008.11.19 11:49:18.124,0.96755,0.96765,4.50,1.00
2008.11.19 11:49:18.304,0.96755,0.96775,4.50,3.60
2008.11.19 11:49:19.744,0.9676,0.96775,1.20,10.80
2008.11.19 11:49:19.914,0.9675,0.96765,13.50,1.00
2008.11.19 11:49:20.094,0.9675,0.96765,8.50,1.00
2008.11.19 11:49:20.264,0.9675,0.96765,1.80,1.00
2008.11.19 11:49:20.374,0.9675,0.96765,1.20,1.00
2008.11.19 11:49:20.594,0.9675,0.96765,4.80,1.00
2008.11.19 11:49:20.704,0.96755,0.96775,6.30,3.60
2008.11.19 11:49:22.404,0.96755,0.96775,6.30,2.40
2008.11.19 11:49:22.874,0.96755,0.96775,5.40,2.40
2008.11.19 11:49:23.173,0.9676,0.96765,7.00,1.00
2008.11.19 11:49:23.443,0.96755,0.9677,4.50,1.60
2008.11.19 11:49:23.733,0.96755,0.96775,4.50,2.40
2008.11.19 11:49:23.973,0.9676,0.96765,1.20,10.80
2008.11.19 11:49:24.313,0.96745,0.96755,9.60,1.60
2008.11.19 11:49:24.543,0.96745,0.96765,4.50,6.70
2008.11.19 11:49:24.833,0.96745,0.96765,4.50,2.40
2008.11.19 11:49:25.063,0.96755,0.9676,6.30,2.30
2008.11.19 11:49:25.293,0.9676,0.96765,1.20,2.80
2008.11.19 11:49:25.623,0.96755,0.96775,9.60,6.10
2008.11.19 11:49:25.803,0.96755,0.96775,3.60,3.60
2008.11.19 11:49:28.352,0.9675,0.96765,7.80,1.60
2008.11.19 11:49:28.472,0.9675,0.96765,7.00,3.60
2008.11.19 11:49:28.652,0.96745,0.9676,1.80,8.40
2008.11.19 11:49:28.822,0.96735,0.96755,16.20,3.60
2008.11.19 11:49:28.992,0.96735,0.96755,7.80,3.60
2008.11.19 11:49:29.332,0.96735,0.96755,5.40,3.60
2008.11.19 11:49:31.151,0.96735,0.96755,1.80,10.80
2008.11.19 11:49:31.321,0.96735,0.9675,1.80,2.80
2008.11.19 11:49:31.551,0.9673,0.96745,9.60,1.80
2008.11.19 11:49:31.951,0.96725,0.96745,11.40,1.80
2008.11.19 11:49:39.269,0.96715,0.96735,9.60,2.80
2008.11.19 11:49:41.019,0.96715,0.96735,9.60,1.60
2008.11.19 11:49:41.539,0.96715,0.96735,9.60,2.80
2008.11.19 11:49:43.299,0.9672,0.96735,3.60,1.80
2008.11.19 11:49:43.529,0.9672,0.96735,3.60,1.60
2008.11.19 11:49:43.708,0.9672,0.96735,3.60,1.00
2008.11.19 11:49:44.738,0.96725,0.96745,5.40,4.80
2008.11.19 11:49:45.208,0.96725,0.96745,3.60,2.80
2008.11.19 11:49:45.438,0.9673,0.96745,3.60,2.80
2008.11.19 11:49:45.668,0.96725,0.96745,3.60,2.80
2008.11.19 11:49:45.848,0.96725,0.96745,3.60,4.00
2008.11.19 11:49:46.428,0.96725,0.96745,3.60,10.00
2008.11.19 11:49:47.098,0.96725,0.96745,3.60,10.00
2008.11.19 11:49:47.848,0.96725,0.96745,3.60,2.80
2008.11.19 11:49:48.028,0.96725,0.96745,9.60,2.80
2008.11.19 11:49:48.298,0.96725,0.96745,3.60,2.80
2008.11.19 11:49:48.897,0.96725,0.96745,3.60,1.60
2008.11.19 11:49:49.877,0.96725,0.9675,9.60,22.60
2008.11.19 11:49:50.387,0.9673,0.9675,3.60,9.40
2008.11.19 11:49:50.497,0.9673,0.9675,4.20,2.20
2008.11.19 11:49:50.787,0.96735,0.9675,3.60,2.20
2008.11.19 11:49:50.907,0.9674,0.96755,3.60,2.80
2008.11.19 11:49:51.137,0.9674,0.96755,3.60,2.20
2008.11.19 11:49:51.577,0.9674,0.96755,3.60,1.00
2008.11.19 11:49:52.096,0.9673,0.96755,28.80,1.80
2008.11.19 11:49:52.496,0.96735,0.96755,5.40,3.40
2008.11.19 11:49:54.346,0.96735,0.96755,7.80,9.00
2008.11.19 11:49:54.626,0.96735,0.96755,1.80,9.40
2008.11.19 11:49:55.296,0.96735,0.96755,5.40,3.40
2008.11.19 11:49:55.696,0.96735,0.96755,11.40,9.00
2008.11.19 11:49:56.156,0.96735,0.96755,12.30,1.80
2008.11.19 11:49:56.395,0.96735,0.96755,6.30,3.40
2008.11.19 11:49:56.695,0.96735,0.96755,1.80,10.60
2008.11.19 11:49:58.065,0.96735,0.96755,1.80,16.60
2008.11.19 11:50:00.784,0.96735,0.9675,1.80,7.20
2008.11.19 11:50:01.354,0.96735,0.96755,1.80,15.40
2008.11.19 11:50:01.634,0.96735,0.96755,6.30,2.20
2008.11.19 11:50:01.964,0.9674,0.96755,3.60,1.60
2008.11.19 11:50:02.374,0.96745,0.96765,7.80,15.00
2008.11.19 11:50:02.664,0.96745,0.96765,12.30,3.40
2008.11.19 11:50:07.693,0.96745,0.96765,12.30,2.20
2008.11.19 11:50:07.982,0.96745,0.96765,12.30,1.60
2008.11.19 11:50:08.622,0.9675,0.96765,4.50,2.20
2008.11.19 11:50:09.123,0.9675,0.96765,10.50,1.60
2008.11.19 11:50:09.522,0.9675,0.96765,10.50,1.00
2008.11.19 11:50:11.422,0.9675,0.96765,6.00,1.00
2008.11.19 11:50:11.772,0.9674,0.96765,22.90,3.40
2008.11.19 11:50:13.691,0.9675,0.96765,9.60,2.20
2008.11.19 11:50:14.081,0.96755,0.96775,1.80,12.30
2008.11.19 11:50:14.411,0.96755,0.96775,6.30,2.20
2008.11.19 11:50:16.761,0.9676,0.96775,3.60,2.20
2008.11.19 11:50:17.061,0.96765,0.96785,1.80,20.80
2008.11.19 11:50:17.471,0.96765,0.96785,12.30,2.20
2008.11.19 11:50:17.760,0.9677,0.96795,11.10,16.50
2008.11.19 11:50:18.110,0.9677,0.96785,4.80,1.00
2008.11.19 11:50:18.350,0.9677,0.96785,3.60,1.00
2008.11.19 11:50:19.110,0.9677,0.96785,9.60,1.00
2008.11.19 11:50:19.400,0.96775,0.96795,7.80,9.40
2008.11.19 11:50:19.690,0.96775,0.96795,11.40,2.20
2008.11.19 11:50:19.980,0.9678,0.96795,3.60,2.20
2008.11.19 11:50:20.100,0.9678,0.96795,4.50,2.20
2008.11.19 11:50:20.420,0.9678,0.96795,10.50,1.60
2008.11.19 11:50:20.649,0.9679,0.96805,1.80,3.30
2008.11.19 11:50:20.819,0.9679,0.96805,6.30,2.20
2008.11.19 11:50:21.159,0.9679,0.96805,11.40,1.00
2008.11.19 11:50:21.429,0.96795,0.96815,7.80,15.40
2008.11.19 11:50:21.770,0.96795,0.96815,11.40,9.40
2008.11.19 11:50:28.068,0.96795,0.96815,11.40,2.20
2008.11.19 11:50:28.238,0.9681,0.96815,3.60,2.20
2008.11.19 11:50:28.468,0.9681,0.96815,5.40,1.60
2008.11.19 11:50:28.638,0.9681,0.9684,12.90,1.60
2008.11.19 11:50:29.277,0.96815,0.9684,3.60,1.60
2008.11.19 11:50:29.507,0.96825,0.9685,10.50,1.60
2008.11.19 11:50:32.027,0.96825,0.96845,9.60,1.60
2008.11.19 11:50:32.357,0.9683,0.96835,7.00,2.20
2008.11.19 11:50:33.047,0.96815,0.96835,4.20,1.60
2008.11.19 11:50:35.346,0.96815,0.96835,3.40,7.60
2008.11.19 11:50:35.696,0.96815,0.9683,5.20,1.60
2008.11.19 11:50:36.216,0.96815,0.96825,1.80,1.60
2008.11.19 11:50:36.506,0.9681,0.96825,5.20,1.60
2008.11.19 11:50:36.746,0.9681,0.9683,5.20,2.20
2008.11.19 11:50:37.035,0.96815,0.96835,1.80,19.80
2008.11.19 11:50:37.325,0.96815,0.96835,7.80,7.80
2008.11.19 11:50:37.565,0.96815,0.96835,13.80,1.00
2008.11.19 11:50:39.765,0.9682,0.96835,3.40,1.00
2008.11.19 11:50:42.744,0.9682,0.9683,3.40,1.60
2008.11.19 11:50:43.254,0.96815,0.9683,7.80,1.60
2008.11.19 11:50:43.534,0.9681,0.96825,5.20,1.60
2008.11.19 11:50:43.884,0.9681,0.9682,1.70,1.60
2008.11.19 11:50:44.334,0.96795,0.96825,11.10,25.00
2008.11.19 11:50:44.854,0.968,0.96825,3.40,5.80
2008.11.19 11:50:45.254,0.96805,0.9683,9.40,5.80
2008.11.19 11:50:45.674,0.9681,0.96835,10.60,15.40
2008.11.19 11:50:46.023,0.96815,0.96835,6.00,15.40
2008.11.19 11:50:47.173,0.96805,0.9682,9.40,1.20
2008.11.19 11:50:47.463,0.96805,0.9681,15.40,1.00
2008.11.19 11:50:47.623,0.96805,0.9681,6.00,1.00
2008.11.19 11:50:48.043,0.96805,0.9682,6.00,13.20
2008.11.19 11:50:48.213,0.96805,0.9682,6.00,19.20
2008.11.19 11:50:48.453,0.96795,0.9682,11.20,20.80
2008.11.19 11:50:48.673,0.96795,0.96815,7.80,7.20
2008.11.19 11:50:48.913,0.96795,0.96815,7.80,13.20
2008.11.19 11:50:50.203,0.96795,0.96815,7.80,20.80
2008.11.19 11:50:50.382,0.96795,0.96815,6.00,20.80
2008.11.19 11:50:50.603,0.96795,0.96815,6.00,21.40
2008.11.19 11:50:50.782,0.96795,0.9681,6.00,7.20
2008.11.19 11:50:53.121,0.96795,0.9681,1.80,8.80
2008.11.19 11:50:57.121,0.96785,0.96795,7.20,1.60
2008.11.19 11:50:57.511,0.96775,0.9679,4.20,1.60
2008.11.19 11:50:57.851,0.9677,0.96785,6.00,2.20
2008.11.19 11:50:58.140,0.96765,0.96785,8.50,9.40
2008.11.19 11:50:58.370,0.96765,0.96785,6.00,9.40
2008.11.19 11:50:58.710,0.96765,0.96785,6.60,2.20
2008.11.19 11:50:58.830,0.96765,0.96785,6.00,2.20
2008.11.19 11:50:59.250,0.9676,0.9678,7.80,1.60
2008.11.19 11:50:59.610,0.96765,0.96785,4.20,2.20
2008.11.19 11:51:02.040,0.9676,0.96775,13.80,1.00
2008.11.19 11:51:02.220,0.9676,0.96775,6.00,2.20
2008.11.19 11:51:02.680,0.9676,0.96775,6.60,2.20
2008.11.19 11:51:02.969,0.9676,0.96775,13.20,1.00
2008.11.19 11:51:03.140,0.9676,0.96775,6.00,2.20
2008.11.19 11:51:03.499,0.9677,0.96775,4.60,2.20
2008.11.19 11:51:03.909,0.96775,0.96785,11.20,4.20
2008.11.19 11:51:04.309,0.9678,0.9679,6.00,1.00
2008.11.19 11:51:04.659,0.9678,0.968,9.40,3.70
2008.11.19 11:51:04.869,0.9678,0.96805,10.00,15.40
2008.11.19 11:51:05.109,0.96785,0.96805,3.40,15.40
2008.11.19 11:51:05.289,0.96785,0.968,3.40,1.60
2008.11.19 11:51:05.849,0.96785,0.96805,4.20,2.20
2008.11.19 11:51:08.079,0.96785,0.96805,10.80,1.60
2008.11.19 11:51:08.308,0.96785,0.9681,10.80,14.80
2008.11.19 11:51:08.658,0.96795,0.96815,7.80,18.10
2008.11.19 11:51:08.998,0.96795,0.96815,11.20,2.20
2008.11.19 11:51:09.178,0.96795,0.96815,11.20,1.60
2008.11.19 11:51:13.057,0.96795,0.96815,11.80,1.60
2008.11.19 11:51:13.117,0.96795,0.96815,13.00,1.00
2008.11.19 11:51:26.064,0.96795,0.96815,13.80,1.00
2008.11.19 11:51:31.552,0.9681,0.9682,5.20,1.60
2008.11.19 11:51:31.782,0.9681,0.96825,6.40,4.20
2008.11.19 11:51:31.962,0.9682,0.96835,1.80,1.60
2008.11.19 11:51:32.202,0.9682,0.9684,7.80,1.20
2008.11.19 11:51:32.422,0.96825,0.9684,1.80,2.80
2008.11.19 11:51:32.872,0.9682,0.96835,11.10,1.00
2008.11.19 11:51:33.222,0.9682,0.96835,3.40,1.60
2008.11.19 11:51:33.452,0.96815,0.9683,7.80,1.60
2008.11.19 11:51:33.572,0.96815,0.96835,13.20,1.60
2008.11.19 11:51:34.492,0.96815,0.9682,4.20,1.00
2008.11.19 11:51:34.841,0.96815,0.9682,3.30,1.00
2008.11.19 11:51:35.301,0.96815,0.9682,12.00,1.00
2008.11.19 11:51:35.422,0.96815,0.96835,12.00,1.60
2008.11.19 11:51:35.531,0.96815,0.9683,12.00,1.00
2008.11.19 11:51:35.802,0.96815,0.96835,5.10,2.20
2008.11.19 11:51:36.081,0.96815,0.96835,5.10,3.40
2008.11.19 11:51:36.202,0.96815,0.9683,11.10,1.00
2008.11.19 11:51:36.761,0.96815,0.9683,13.80,1.00
2008.11.19 11:51:37.281,0.9682,0.9683,4.20,1.00
2008.11.19 11:51:37.841,0.96825,0.96835,6.00,1.60
2008.11.19 11:51:38.191,0.9682,0.96835,4.20,1.60
2008.11.19 11:51:40.721,0.96815,0.96835,10.80,8.80
2008.11.19 11:51:41.060,0.96815,0.9683,2.40,2.50
2008.11.19 11:51:41.110,0.9681,0.9683,11.10,2.50
2008.11.19 11:51:41.330,0.9681,0.9682,12.30,1.00
2008.11.19 11:51:42.930,0.9681,0.9682,12.00,1.00
2008.11.19 11:51:45.429,0.9681,0.9682,11.70,1.00
2008.11.19 11:51:47.219,0.9681,0.9682,11.40,1.00
2008.11.19 11:51:47.399,0.9681,0.9682,11.10,1.00
2008.11.19 11:51:48.668,0.9681,0.9682,12.30,1.00
2008.11.19 11:51:51.388,0.9681,0.96835,11.10,16.50
2008.11.19 11:51:54.917,0.9681,0.9683,7.80,8.40
2008.11.19 11:51:55.377,0.9681,0.96825,6.00,14.80
2008.11.19 11:51:55.717,0.96805,0.96825,7.20,15.40
2008.11.19 11:51:56.076,0.96805,0.96825,6.00,15.40
2008.11.19 11:51:56.357,0.96805,0.96825,6.60,15.40
2008.11.19 11:51:56.986,0.96805,0.96825,9.90,8.20
2008.11.19 11:51:57.436,0.9681,0.96825,3.90,1.60
2008.11.19 11:51:57.726,0.9682,0.96835,1.00,12.70
2008.11.19 11:51:58.076,0.96795,0.96815,13.00,2.20
2008.11.19 11:51:58.366,0.9679,0.96815,12.60,2.20
2008.11.19 11:51:58.886,0.9679,0.96815,8.40,9.40
2008.11.19 11:51:59.456,0.96795,0.96815,8.40,15.40
2008.11.19 11:52:00.266,0.96795,0.96815,8.40,16.60
2008.11.19 11:52:00.615,0.9679,0.96805,19.60,1.00
2008.11.19 11:52:00.946,0.9679,0.96805,12.60,1.00
2008.11.19 11:52:01.975,0.96795,0.9681,5.10,1.60
2008.11.19 11:52:02.385,0.968,0.96815,6.00,1.60
2008.11.19 11:52:02.895,0.9681,0.96815,1.80,1.00
2008.11.19 11:52:03.285,0.96805,0.96825,9.90,2.20
2008.11.19 11:52:03.805,0.9681,0.9682,7.60,1.60
2008.11.19 11:52:04.035,0.9681,0.9682,1.80,8.80
2008.11.19 11:52:04.495,0.96805,0.96815,1.80,1.00
2008.11.19 11:52:05.314,0.96795,0.96815,15.60,1.00
2008.11.19 11:52:05.594,0.96795,0.96815,11.10,2.20
2008.11.19 11:52:06.054,0.96795,0.96815,11.10,3.40
2008.11.19 11:52:06.454,0.96795,0.96815,7.80,15.40
2008.11.19 11:52:07.084,0.96795,0.96805,6.00,13.80
2008.11.19 11:52:07.424,0.9678,0.96795,13.60,1.00
2008.11.19 11:52:07.884,0.9679,0.96795,5.80,15.40
2008.11.19 11:52:07.994,0.96765,0.96795,11.10,15.40
2008.11.19 11:52:08.723,0.96765,0.9679,5.10,1.60
2008.11.19 11:52:08.954,0.96765,0.96795,11.10,15.40
2008.11.19 11:52:09.473,0.9677,0.96785,5.10,1.00
2008.11.19 11:52:09.863,0.96775,0.96795,11.20,2.20
2008.11.19 11:52:10.193,0.96775,0.96795,12.00,2.20
2008.11.19 11:52:10.923,0.96775,0.96795,6.00,2.20
2008.11.19 11:52:12.253,0.96775,0.96795,5.20,2.20
2008.11.19 11:52:16.521,0.96775,0.96795,6.00,2.20
2008.11.19 11:52:17.052,0.96775,0.96795,12.00,2.20
2008.11.19 11:52:35.257,0.96775,0.96795,6.00,2.20
2008.11.19 11:52:35.657,0.9678,0.96795,4.20,2.20
2008.11.19 11:52:35.827,0.9678,0.9679,4.20,1.00
2008.11.19 11:52:36.287,0.96785,0.968,4.20,1.60
2008.11.19 11:52:36.737,0.96785,0.9679,1.70,1.60
2008.11.19 11:52:37.147,0.9678,0.9679,5.40,1.00
2008.11.19 11:52:37.496,0.96775,0.96795,13.80,1.00
2008.11.19 11:52:38.016,0.96775,0.96795,5.40,2.20
2008.11.19 11:52:38.346,0.96775,0.96795,4.20,2.20
2008.11.19 11:52:41.246,0.9677,0.9679,7.80,7.20
2008.11.19 11:52:41.546,0.96775,0.96795,3.40,8.80
2008.11.19 11:52:41.786,0.96775,0.96795,4.20,3.30
2008.11.19 11:52:42.125,0.96775,0.96795,3.40,2.20
2008.11.19 11:52:42.915,0.96775,0.96785,3.40,1.00
2008.11.19 11:52:45.445,0.9677,0.96785,4.80,1.00
2008.11.19 11:52:45.725,0.9677,0.96785,4.20,1.00
2008.11.19 11:52:59.821,0.96775,0.96785,6.00,1.00
2008.11.19 11:53:00.221,0.96775,0.96795,6.00,8.80
2008.11.19 11:53:00.451,0.96775,0.96795,10.20,1.60
2008.11.19 11:53:00.911,0.96775,0.96795,6.00,8.80
2008.11.19 11:53:01.211,0.96775,0.9679,1.80,1.60
2008.11.19 11:53:02.001,0.96775,0.9679,1.80,8.80
2008.11.19 11:53:03.950,0.9677,0.9679,1.80,8.80
2008.11.19 11:53:04.170,0.96775,0.9679,6.00,7.20
2008.11.19 11:53:04.710,0.96775,0.96795,6.00,14.80
2008.11.19 11:53:05.560,0.9677,0.9679,12.90,1.60
2008.11.19 11:53:05.790,0.9677,0.9679,3.60,14.80
2008.11.19 11:53:06.190,0.96775,0.96785,1.80,1.20
2008.11.19 11:53:06.700,0.96765,0.9678,6.00,14.40
2008.11.19 11:53:06.999,0.9676,0.96775,6.00,1.20
2008.11.19 11:53:07.339,0.96755,0.96775,1.80,16.00
2008.11.19 11:53:07.949,0.96755,0.96775,1.80,14.80
2008.11.19 11:53:08.509,0.96755,0.9677,1.80,8.80
2008.11.19 11:53:09.239,0.96755,0.9677,1.80,14.80
2008.11.19 11:53:09.779,0.96755,0.9677,1.80,20.80
2008.11.19 11:53:10.639,0.96755,0.96765,1.80,13.20
2008.11.19 11:53:12.988,0.96745,0.96765,7.80,13.20
2008.11.19 11:53:13.268,0.96745,0.96765,1.80,14.80
2008.11.19 11:53:13.728,0.96745,0.9676,1.80,7.20
2008.11.19 11:53:14.028,0.96745,0.9676,1.80,8.80
2008.11.19 11:53:14.598,0.96745,0.9676,1.80,14.80
2008.11.19 11:53:15.007,0.96735,0.96755,6.40,1.60
2008.11.19 11:53:15.457,0.96735,0.9676,9.40,20.80
2008.11.19 11:53:16.567,0.96735,0.9676,10.60,14.80
2008.11.19 11:53:16.857,0.96735,0.9676,12.00,8.80
2008.11.19 11:53:17.197,0.96735,0.9676,12.00,14.80
2008.11.19 11:53:17.487,0.9674,0.96755,3.40,1.60
2008.11.19 11:53:17.997,0.9675,0.96765,6.00,19.20
2008.11.19 11:53:18.167,0.9675,0.9676,6.00,13.20
2008.11.19 11:53:18.566,0.96745,0.9676,6.00,19.20
2008.11.19 11:53:18.846,0.96745,0.96755,6.00,7.20
2008.11.19 11:53:21.176,0.96735,0.96755,1.80,8.80
2008.11.19 11:53:22.656,0.96735,0.96755,6.00,7.20
2008.11.19 11:53:23.056,0.96735,0.96755,7.80,7.20
2008.11.19 11:53:23.415,0.96735,0.9675,5.20,1.60
2008.11.19 11:53:23.755,0.96735,0.96755,3.40,1.60
2008.11.19 11:53:24.285,0.96735,0.9675,1.80,1.60
2008.11.19 11:53:24.525,0.96735,0.9675,3.00,1.60
2008.11.19 11:53:24.815,0.96735,0.96755,12.40,8.80
2008.11.19 11:53:25.205,0.96735,0.9675,5.20,1.60
2008.11.19 11:53:26.185,0.96735,0.9675,1.80,1.60
2008.11.19 11:53:28.194,0.96735,0.96755,1.80,14.80
2008.11.19 11:53:33.543,0.9674,0.9676,8.40,8.10
2008.11.19 11:53:33.833,0.9674,0.9676,9.60,7.20
2008.11.19 11:53:34.224,0.96745,0.96755,6.00,7.20
2008.11.19 11:53:34.563,0.96745,0.9676,1.80,14.80
2008.11.19 11:53:34.923,0.96745,0.9676,1.80,20.80
2008.11.19 11:53:35.223,0.96735,0.96755,1.80,8.80
2008.11.19 11:53:44.930,0.96735,0.96745,1.80,13.00
2008.11.19 11:53:45.100,0.96735,0.96745,1.80,11.40
2008.11.19 11:54:07.335,0.96735,0.96745,1.80,4.20
2008.11.19 11:54:24.421,0.96735,0.96745,1.80,5.80
2008.11.19 11:54:24.771,0.96735,0.96745,1.80,4.20
2008.11.19 11:54:30.210,0.96735,0.96745,1.80,5.80
2008.11.19 11:54:30.489,0.96735,0.96745,1.80,4.20
2008.11.19 11:54:40.757,0.96735,0.96745,1.80,5.80
2008.11.19 11:54:41.277,0.96735,0.96745,1.80,4.20
2008.11.19 11:55:12.029,0.96745,0.9676,4.00,2.60
2008.11.19 11:55:12.200,0.96745,0.9676,10.00,2.60
2008.11.19 11:55:12.559,0.96745,0.9677,11.80,9.40
2008.11.19 11:55:13.709,0.9675,0.9676,4.80,1.00
2008.11.19 11:55:13.989,0.9675,0.96765,4.80,1.00
2008.11.19 11:55:15.718,0.9675,0.96765,4.00,1.60
2008.11.19 11:55:16.068,0.9676,0.9677,1.00,1.60
2008.11.19 11:55:16.368,0.96755,0.96775,2.40,15.40
2008.11.19 11:55:16.948,0.96755,0.96775,5.80,2.20
2008.11.19 11:55:17.128,0.9676,0.96775,1.80,2.20
2008.11.19 11:55:17.998,0.9676,0.9677,1.80,1.00
2008.11.19 11:55:18.118,0.9676,0.96775,1.80,1.00
2008.11.19 11:55:20.007,0.96755,0.96775,5.20,9.40
2008.11.19 11:55:20.397,0.9676,0.96775,1.80,9.40
2008.11.19 11:55:20.807,0.9676,0.96775,1.80,1.60
2008.11.19 11:55:21.018,0.9676,0.96775,1.80,1.00
2008.11.19 11:55:23.416,0.96755,0.96775,13.00,7.80
2008.11.19 11:55:23.646,0.96755,0.96775,6.40,9.40
2008.11.19 11:55:23.866,0.96755,0.96775,5.20,9.40
2008.11.19 11:55:23.977,0.96755,0.96775,5.20,11.20
2008.11.19 11:55:24.146,0.96755,0.9677,5.20,3.60
2008.11.19 11:55:24.736,0.96755,0.9677,1.80,3.60
2008.11.19 11:55:32.804,0.96755,0.9677,5.20,3.60
2008.11.19 11:55:32.914,0.9676,0.96775,1.80,1.60
2008.11.19 11:55:35.383,0.9676,0.96775,1.80,2.20
2008.11.19 11:55:35.903,0.9676,0.96775,1.80,1.60
2008.11.19 11:55:37.503,0.96755,0.96775,11.20,6.60
2008.11.19 11:55:37.793,0.9676,0.96775,1.80,15.40
2008.11.19 11:55:38.073,0.9676,0.96775,1.80,6.60
2008.11.19 11:55:38.423,0.9676,0.96775,1.80,1.60
2008.11.19 11:55:38.783,0.9676,0.9677,1.80,1.00
2008.11.19 11:55:39.072,0.9676,0.96775,1.80,1.60
2008.11.19 11:55:39.353,0.9676,0.96775,1.80,1.00
2008.11.19 11:55:45.061,0.9676,0.96775,7.80,1.00
2008.11.19 11:55:45.451,0.9676,0.96775,1.80,1.00
2008.11.19 11:55:45.801,0.9676,0.96775,7.80,1.00
2008.11.19 11:55:46.561,0.9676,0.96775,1.80,1.00
2008.11.19 11:55:49.900,0.9676,0.96775,1.80,1.60
2008.11.19 11:55:50.700,0.9676,0.96775,1.80,15.40
2008.11.19 11:55:50.980,0.9676,0.96775,1.80,2.20
2008.11.19 11:55:51.500,0.9676,0.96775,1.80,1.60
2008.11.19 11:55:51.850,0.9676,0.9677,1.80,1.00
2008.11.19 11:55:52.360,0.9676,0.96775,1.80,1.00
2008.11.19 11:55:52.829,0.9676,0.9677,1.80,1.00
2008.11.19 11:55:53.649,0.9676,0.96775,1.80,1.00
2008.11.19 11:55:58.888,0.9676,0.9677,1.80,1.00
2008.11.19 11:55:59.548,0.96755,0.96775,9.00,13.80
2008.11.19 11:55:59.728,0.9676,0.96775,1.80,15.40
2008.11.19 11:55:59.948,0.9676,0.96775,1.80,13.80
2008.11.19 11:56:00.118,0.9676,0.96775,1.80,1.60
2008.11.19 11:56:00.697,0.9676,0.96775,1.80,1.00
2008.11.19 11:56:01.547,0.9676,0.96775,1.80,2.20
2008.11.19 11:56:01.787,0.9676,0.9677,1.80,1.00
2008.11.19 11:56:02.067,0.9676,0.96775,1.80,1.60
2008.11.19 11:56:02.767,0.9676,0.96775,1.80,1.00
2008.11.19 11:56:08.076,0.9676,0.96775,1.80,1.60
2008.11.19 11:56:12.045,0.9676,0.96775,1.80,1.00
2008.11.19 11:56:23.652,0.9676,0.96775,7.80,1.00
2008.11.19 11:56:25.152,0.9676,0.96775,1.80,1.00
2008.11.19 11:56:28.391,0.9676,0.96775,1.80,2.20
2008.11.19 11:56:28.681,0.9676,0.96775,1.80,1.60
2008.11.19 11:56:28.911,0.9676,0.96775,1.80,3.30
2008.11.19 11:56:29.091,0.9676,0.96775,1.80,2.20
2008.11.19 11:56:29.431,0.9676,0.96775,1.80,1.60
2008.11.19 11:56:30.830,0.9676,0.9677,1.80,1.00
2008.11.19 11:56:31.130,0.96755,0.9677,3.00,7.20
2008.11.19 11:56:31.510,0.96755,0.9677,3.00,8.80
2008.11.19 11:56:31.800,0.9675,0.96765,11.80,7.80
2008.11.19 11:56:32.040,0.96745,0.96765,11.20,9.40
2008.11.19 11:56:32.220,0.96745,0.9676,7.80,7.20
2008.11.19 11:56:32.740,0.96745,0.9676,1.80,12.40
2008.11.19 11:56:33.440,0.96745,0.96755,1.80,1.60
2008.11.19 11:56:34.899,0.96745,0.9676,1.80,12.40
2008.11.19 11:56:38.488,0.96745,0.9676,7.80,10.80
2008.11.19 11:56:44.517,0.96755,0.9676,1.80,3.60
2008.11.19 11:56:44.887,0.96755,0.9677,1.80,10.80
2008.11.19 11:56:45.117,0.96755,0.96765,1.80,7.20
2008.11.19 11:56:45.287,0.9676,0.96765,5.80,7.80
2008.11.19 11:56:45.697,0.96745,0.96765,7.80,7.80
2008.11.19 11:56:46.457,0.96745,0.96765,9.60,7.80
2008.11.19 11:56:46.677,0.96745,0.96765,7.80,7.80
2008.11.19 11:56:55.004,0.96745,0.96765,9.60,7.80
2008.11.19 11:57:07.401,0.96745,0.96765,9.60,9.40
2008.11.19 11:57:09.001,0.96745,0.96765,9.00,9.40
2008.11.19 11:57:09.461,0.96745,0.96765,7.80,9.40
2008.11.19 11:57:12.930,0.96745,0.96765,9.60,9.40
2008.11.19 11:57:13.440,0.96745,0.96765,9.60,7.80
2008.11.19 11:57:17.929,0.9675,0.96765,6.00,1.00
2008.11.19 11:57:18.429,0.96745,0.96765,13.00,1.00
2008.11.19 11:57:18.549,0.9675,0.96765,3.40,1.00
2008.11.19 11:57:18.839,0.96745,0.96765,13.00,1.00
2008.11.19 11:57:19.169,0.9675,0.9677,4.00,1.60
2008.11.19 11:57:19.459,0.9675,0.96775,11.20,15.40
2008.11.19 11:57:27.907,0.96755,0.96775,3.40,2.20
2008.11.19 11:57:28.246,0.9676,0.9677,1.80,1.00
2008.11.19 11:57:28.366,0.9676,0.96775,1.80,1.60
2008.11.19 11:57:29.266,0.96755,0.9676,9.30,1.00
2008.11.19 11:57:29.386,0.96755,0.9676,7.00,1.20
2008.11.19 11:57:29.506,0.96755,0.9676,6.00,1.20
2008.11.19 11:57:29.796,0.9675,0.9676,11.20,1.20
2008.11.19 11:57:29.976,0.96745,0.9676,18.00,1.20
2008.11.19 11:57:30.156,0.96745,0.9676,13.80,1.20
2008.11.19 11:57:30.506,0.96745,0.9676,13.00,1.20
2008.11.19 11:57:31.876,0.9675,0.9676,6.60,1.20
2008.11.19 11:57:32.095,0.9675,0.9676,6.00,1.20
2008.11.19 11:57:32.735,0.9675,0.9676,6.60,1.20
2008.11.19 11:57:33.065,0.9675,0.9676,6.00,1.20
2008.11.19 11:57:34.005,0.9675,0.9676,6.60,1.20
2008.11.19 11:57:34.185,0.9675,0.9676,6.00,1.20
2008.11.19 11:57:34.585,0.9675,0.9676,6.60,1.20
2008.11.19 11:57:34.884,0.9675,0.9676,6.00,1.20
2008.11.19 11:58:03.298,0.9675,0.96765,4.00,2.80
2008.11.19 11:58:03.768,0.96755,0.9676,5.20,1.00
2008.11.19 11:58:04.058,0.9675,0.96765,9.40,1.20
2008.11.19 11:58:04.507,0.9675,0.96765,7.80,1.20
2008.11.19 11:58:04.787,0.9675,0.96765,6.60,1.20
2008.11.19 11:58:05.127,0.9675,0.96765,6.00,14.40
2008.11.19 11:58:05.637,0.96745,0.96765,11.80,1.20
2008.11.19 11:58:05.987,0.9675,0.9676,4.60,1.00
2008.11.19 11:58:06.527,0.9675,0.9676,5.20,1.00
2008.11.19 11:58:07.157,0.9675,0.9677,5.20,1.60
2008.11.19 11:58:07.377,0.9676,0.96765,1.20,7.20
2008.11.19 11:58:07.617,0.9676,0.96765,1.20,7.80
2008.11.19 11:58:07.797,0.96745,0.96765,7.80,15.40
2008.11.19 11:58:15.215,0.96745,0.96765,1.80,15.40
2008.11.19 11:58:15.446,0.96745,0.96765,7.80,15.40
2008.11.19 11:58:16.695,0.96745,0.96765,1.80,15.40
2008.11.19 11:58:17.075,0.96745,0.96765,7.80,15.40
2008.11.19 11:58:26.342,0.96745,0.96755,7.80,7.20
2008.11.19 11:58:26.692,0.96745,0.9675,1.80,1.20
2008.11.19 11:58:26.992,0.9674,0.96745,1.20,1.00
2008.11.19 11:58:27.212,0.96725,0.96745,13.00,1.00
2008.11.19 11:58:30.681,0.9673,0.96745,3.40,1.00
2008.11.19 11:58:30.971,0.96735,0.9675,1.80,1.20
2008.11.19 11:58:35.810,0.96735,0.96755,1.80,15.40
2008.11.19 11:58:47.047,0.96735,0.96755,5.20,2.20
2008.11.19 11:58:47.397,0.96735,0.9675,11.20,1.00
2008.11.19 11:58:48.197,0.96735,0.96755,1.80,15.40
2008.11.19 11:58:49.767,0.96735,0.96755,1.80,16.00
2008.11.19 11:58:50.237,0.96745,0.96755,1.80,1.60
2008.11.19 11:58:50.467,0.96745,0.9676,1.80,1.60
2008.11.19 11:58:50.636,0.96735,0.96755,13.00,1.00
2008.11.19 11:58:52.986,0.96735,0.9675,13.00,1.00
2008.11.19 11:58:55.336,0.9674,0.9675,9.40,1.00
2008.11.19 11:58:55.555,0.96745,0.9676,1.80,1.20
2008.11.19 11:59:00.684,0.96745,0.96765,1.80,15.40
2008.11.19 11:59:02.483,0.9674,0.96755,9.60,1.00
2008.11.19 11:59:02.664,0.96735,0.96755,13.00,1.60
2008.11.19 11:59:03.863,0.96735,0.96755,12.40,1.60
2008.11.19 11:59:04.093,0.96735,0.96755,7.80,7.80
2008.11.19 11:59:04.323,0.96735,0.96755,1.80,9.40
2008.11.19 11:59:05.333,0.96735,0.96755,1.80,15.40
2008.11.19 11:59:24.948,0.9674,0.96755,6.00,13.80
2008.11.19 11:59:33.546,0.96735,0.96755,1.80,15.40
2008.11.19 11:59:35.236,0.96735,0.96755,1.80,9.40
2008.11.19 11:59:41.764,0.96735,0.96755,1.80,15.40
2008.11.19 11:59:42.914,0.96735,0.96755,1.80,16.00
2008.11.19 11:59:55.221,0.96735,0.96755,11.20,1.60
2008.11.19 11:59:55.451,0.9674,0.96755,1.20,1.60
2008.11.19 11:59:55.621,0.9674,0.96765,10.60,15.40
2008.11.19 11:59:56.860,0.9674,0.96765,11.40,9.40
2008.11.19 11:59:57.480,0.9674,0.96765,11.40,10.50
2008.11.19 11:59:57.820,0.96745,0.9676,11.20,1.00
2008.11.19 11:59:58.230,0.96745,0.96765,11.20,1.60
2008.11.19 11:59:58.570,0.96745,0.96765,6.00,7.80
2008.11.19 11:59:59.090,0.9674,0.96765,11.40,9.40
