2008.05.16 04:00:02.453,1.0467,1.0468,4.00,3.70
2008.05.16 04:00:03.923,1.0467,1.0468,4.00,6.10
2008.05.16 04:00:03.952,1.0467,1.0468,4.00,10.10
2008.05.16 04:00:04.042,1.0467,1.0468,4.00,12.10
2008.05.16 04:00:04.073,1.0467,1.04675,4.00,0.50
2008.05.16 04:00:04.165,1.04665,1.04675,4.00,0.50
2008.05.16 04:00:04.340,1.0466,1.04675,21.00,0.50
2008.05.16 04:00:04.379,1.0466,1.04675,17.00,0.50
2008.05.16 04:00:04.413,1.0466,1.0467,17.00,0.30
2008.05.16 04:00:04.451,1.0466,1.0467,21.00,0.30
2008.05.16 04:00:04.480,1.0466,1.0467,13.00,0.30
2008.05.16 04:00:04.557,1.0466,1.0467,13.00,4.20
2008.05.16 04:00:07.589,1.0466,1.0467,13.70,4.20
2008.05.16 04:00:07.625,1.0466,1.0467,14.30,4.20
2008.05.16 04:00:07.716,1.0467,1.04675,4.00,0.30
2008.05.16 04:00:07.922,1.04665,1.0467,4.00,4.20
2008.05.16 04:00:18.929,1.04665,1.0467,4.00,4.60
2008.05.16 04:00:18.959,1.0467,1.04675,4.00,0.80
2008.05.16 04:00:19.412,1.0467,1.04675,4.00,0.80
2008.05.16 04:00:19.461,1.0467,1.04675,4.00,0.80
2008.05.16 04:00:19.549,1.0467,1.04675,4.00,0.50
2008.05.16 04:00:19.631,1.0467,1.0468,4.00,18.10
2008.05.16 04:00:19.941,1.0467,1.0468,4.00,17.30
2008.05.16 04:00:19.980,1.0467,1.0468,4.00,17.60
2008.05.16 04:00:20.119,1.0467,1.0468,4.00,9.60
2008.05.16 04:00:20.238,1.0467,1.0468,4.00,9.80
2008.05.16 04:00:22.178,1.0467,1.0468,4.00,10.10
2008.05.16 04:00:22.269,1.0467,1.0468,4.00,10.90
2008.05.16 04:00:22.298,1.0467,1.0468,4.00,10.70
2008.05.16 04:00:22.374,1.0467,1.0468,4.00,9.90
2008.05.16 04:00:22.404,1.0467,1.0468,4.00,9.80
2008.05.16 04:00:22.511,1.0467,1.0468,4.00,10.10
2008.05.16 04:00:22.583,1.0467,1.0468,4.00,10.90
2008.05.16 04:00:22.684,1.0467,1.0468,4.00,10.10
2008.05.16 04:00:22.714,1.0467,1.0468,4.00,9.80
2008.05.16 04:00:31.166,1.0467,1.0468,4.00,9.20
2008.05.16 04:00:31.206,1.0467,1.0468,8.00,9.20
2008.05.16 04:00:31.218,1.0468,1.04685,4.00,0.80
2008.05.16 04:00:31.239,1.0468,1.04685,4.00,0.80
2008.05.16 04:00:31.880,1.0467,1.0468,4.80,7.60
2008.05.16 04:00:31.940,1.0467,1.0468,8.40,11.60
2008.05.16 04:00:31.966,1.0467,1.0468,8.00,12.00
2008.05.16 04:00:32.082,1.0467,1.0468,8.00,9.60
2008.05.16 04:00:32.099,1.0467,1.0468,4.00,9.60
2008.05.16 04:00:32.240,1.0467,1.0468,4.00,9.80
2008.05.16 04:00:56.747,1.0468,1.04685,4.00,0.80
2008.05.16 04:00:56.848,1.0468,1.04685,4.00,0.80
2008.05.16 04:00:58.462,1.0468,1.04685,4.00,0.80
2008.05.16 04:01:03.324,1.0467,1.0468,4.80,7.70
2008.05.16 04:01:03.421,1.0467,1.0468,8.80,11.70
2008.05.16 04:01:03.490,1.0467,1.0468,8.00,11.70
2008.05.16 04:01:03.562,1.0467,1.0468,8.00,12.20
2008.05.16 04:01:03.630,1.0467,1.0468,4.00,12.20
2008.05.16 04:01:03.699,1.0467,1.0468,4.00,9.80
2008.05.16 04:01:03.958,1.0467,1.0468,4.00,10.60
2008.05.16 04:01:04.028,1.0467,1.0468,4.00,11.00
2008.05.16 04:01:07.881,1.0467,1.04675,4.00,0.50
2008.05.16 04:01:08.308,1.0466,1.0467,11.20,0.50
2008.05.16 04:01:08.436,1.0466,1.0467,11.20,0.60
2008.05.16 04:01:08.481,1.0467,1.04675,4.00,0.80
2008.05.16 04:01:09.544,1.0467,1.0468,4.00,20.60
2008.05.16 04:01:09.645,1.0467,1.0468,4.00,19.10
2008.05.16 04:01:09.745,1.0467,1.0468,4.00,11.10
2008.05.16 04:01:10.010,1.0467,1.0468,4.00,9.90
2008.05.16 04:01:10.224,1.0467,1.0468,4.00,10.00
2008.05.16 04:01:10.676,1.0467,1.0468,4.00,10.30
2008.05.16 04:01:10.766,1.0467,1.0468,4.00,11.10
2008.05.16 04:01:18.374,1.0467,1.0468,4.00,10.50
2008.05.16 04:01:18.505,1.0467,1.0468,4.00,12.60
2008.05.16 04:01:18.530,1.0467,1.0468,4.00,12.50
2008.05.16 04:01:18.639,1.0467,1.0468,4.00,11.80
2008.05.16 04:01:18.831,1.0467,1.0468,4.40,11.80
2008.05.16 04:01:18.952,1.0467,1.0468,4.80,11.80
2008.05.16 04:01:21.198,1.0467,1.0468,8.80,11.80
2008.05.16 04:01:21.297,1.0468,1.04685,4.00,0.80
2008.05.16 04:01:21.920,1.0467,1.0468,12.80,11.60
2008.05.16 04:01:21.965,1.0467,1.0468,12.40,11.60
2008.05.16 04:01:21.977,1.0467,1.0468,12.00,12.20
2008.05.16 04:01:22.019,1.0467,1.0468,8.00,12.20
2008.05.16 04:01:22.101,1.0467,1.0468,8.00,9.80
2008.05.16 04:01:22.124,1.0467,1.0468,4.00,9.80
2008.05.16 04:01:22.474,1.0467,1.0468,4.00,9.90
2008.05.16 04:01:24.280,1.0467,1.0468,4.00,5.90
2008.05.16 04:01:24.310,1.0467,1.0468,4.00,7.70
2008.05.16 04:01:24.409,1.0467,1.0468,4.00,7.20
2008.05.16 04:01:24.441,1.0468,1.04685,4.00,0.80
2008.05.16 04:01:25.564,1.0468,1.04685,4.00,0.80
2008.05.16 04:01:32.665,1.0467,1.0468,4.80,11.20
2008.05.16 04:01:32.720,1.0467,1.0468,4.40,11.20
2008.05.16 04:01:32.768,1.0467,1.0468,4.00,11.60
2008.05.16 04:01:32.957,1.0467,1.0468,8.00,11.60
2008.05.16 04:01:32.992,1.0467,1.0468,8.00,9.30
2008.05.16 04:01:33.085,1.0467,1.0468,8.00,9.90
2008.05.16 04:01:33.161,1.0467,1.0468,4.00,9.90
2008.05.16 04:01:35.072,1.0467,1.0468,4.00,9.80
2008.05.16 04:01:35.157,1.0467,1.0468,4.00,9.20
2008.05.16 04:01:35.202,1.0468,1.04685,4.00,0.80
2008.05.16 04:01:35.299,1.0468,1.04685,4.00,0.80
2008.05.16 04:01:48.681,1.0467,1.0468,8.80,11.20
2008.05.16 04:01:48.769,1.0467,1.0468,8.00,9.80
2008.05.16 04:01:48.870,1.0467,1.0468,4.00,9.80
2008.05.16 04:01:48.969,1.0467,1.0468,4.00,9.90
2008.05.16 04:01:51.125,1.0467,1.0468,4.00,5.90
2008.05.16 04:01:51.342,1.0468,1.04685,4.00,0.80
2008.05.16 04:01:51.931,1.0468,1.04685,4.00,0.80
2008.05.16 04:01:55.694,1.0468,1.04685,4.00,0.80
2008.05.16 04:01:55.720,1.0468,1.04685,4.00,0.50
2008.05.16 04:01:55.762,1.0468,1.04685,4.00,0.50
2008.05.16 04:01:55.788,1.0468,1.04685,4.00,0.50
2008.05.16 04:01:55.847,1.0468,1.0469,4.00,18.20
2008.05.16 04:01:56.018,1.0468,1.0469,4.00,17.40
2008.05.16 04:01:56.120,1.0468,1.0469,4.00,9.40
2008.05.16 04:01:58.129,1.0468,1.0469,4.00,8.80
2008.05.16 04:01:58.198,1.0468,1.0469,4.00,8.80
2008.05.16 04:01:58.269,1.0469,1.04695,4.00,2.00
2008.05.16 04:01:58.344,1.0467,1.0469,28.00,9.30
2008.05.16 04:01:58.565,1.0468,1.0469,4.00,9.30
2008.05.16 04:02:00.425,1.0468,1.0469,4.00,8.80
2008.05.16 04:02:00.471,1.0469,1.04695,4.00,2.00
2008.05.16 04:02:01.184,1.0469,1.04695,4.00,2.00
2008.05.16 04:02:01.291,1.0469,1.04695,4.00,2.00
2008.05.16 04:02:01.409,1.0469,1.04695,4.00,0.80
2008.05.16 04:02:01.464,1.0468,1.0469,8.40,7.20
2008.05.16 04:02:05.586,1.0468,1.0469,8.40,7.50
2008.05.16 04:02:09.005,1.0468,1.0469,8.40,7.70
2008.05.16 04:02:18.130,1.0468,1.0469,8.40,7.60
2008.05.16 04:02:18.239,1.0468,1.0469,8.80,7.60
2008.05.16 04:02:20.187,1.0468,1.0469,9.60,7.60
2008.05.16 04:02:20.239,1.0468,1.0469,9.60,7.00
2008.05.16 04:02:20.499,1.0468,1.0469,8.80,7.00
2008.05.16 04:02:20.700,1.0468,1.0469,9.60,7.00
2008.05.16 04:02:21.237,1.0468,1.0469,9.80,7.00
2008.05.16 04:02:21.341,1.0468,1.0469,9.60,7.00
2008.05.16 04:02:22.022,1.0468,1.0469,8.80,7.20
2008.05.16 04:02:22.664,1.0468,1.0469,9.60,7.20
2008.05.16 04:02:22.788,1.0468,1.0469,8.80,7.20
2008.05.16 04:02:27.256,1.0468,1.0469,8.80,7.60
2008.05.16 04:02:30.235,1.0468,1.0469,8.80,7.20
2008.05.16 04:02:30.478,1.0468,1.0469,9.60,7.20
2008.05.16 04:02:30.673,1.0468,1.0469,8.80,7.20
2008.05.16 04:02:31.289,1.0468,1.0469,9.60,7.20
2008.05.16 04:02:31.506,1.0468,1.0469,8.80,7.20
2008.05.16 04:02:36.491,1.0468,1.0469,8.80,7.00
2008.05.16 04:02:36.808,1.0468,1.0469,8.80,7.20
2008.05.16 04:02:38.165,1.0468,1.0469,8.80,7.50
2008.05.16 04:02:38.586,1.0468,1.0469,8.80,7.60
2008.05.16 04:02:58.544,1.0468,1.0469,8.80,7.70
2008.05.16 04:02:59.378,1.0468,1.0469,4.80,11.70
2008.05.16 04:02:59.431,1.0468,1.0469,4.40,9.30
2008.05.16 04:02:59.485,1.0468,1.0469,4.00,9.30
2008.05.16 04:02:59.541,1.0468,1.0469,4.00,9.70
2008.05.16 04:02:59.854,1.0468,1.0469,4.00,10.30
2008.05.16 04:03:00.134,1.0467,1.0469,24.00,10.30
2008.05.16 04:03:00.666,1.0467,1.0469,24.00,15.10
2008.05.16 04:03:00.806,1.0467,1.0469,24.00,15.80
2008.05.16 04:03:01.005,1.0467,1.0469,24.00,10.30
2008.05.16 04:03:01.921,1.04675,1.0469,0.70,9.70
2008.05.16 04:03:01.964,1.04675,1.0469,0.70,11.70
2008.05.16 04:03:02.003,1.0468,1.0469,4.00,7.70
2008.05.16 04:03:02.273,1.0468,1.0469,4.40,7.70
2008.05.16 04:03:02.389,1.0468,1.0469,8.40,7.70
2008.05.16 04:03:02.430,1.0468,1.0469,8.80,7.70
2008.05.16 04:03:04.872,1.0468,1.0469,8.40,7.70
2008.05.16 04:03:04.897,1.0468,1.0469,8.40,7.80
2008.05.16 04:03:04.923,1.0468,1.0469,8.40,8.40
2008.05.16 04:03:04.953,1.0468,1.0469,0.50,12.40
2008.05.16 04:03:04.981,1.0467,1.0469,24.00,10.30
2008.05.16 04:03:11.637,1.0467,1.0469,28.00,6.30
2008.05.16 04:03:11.679,1.04675,1.0469,0.70,5.70
2008.05.16 04:03:11.720,1.04675,1.0469,0.70,8.10
2008.05.16 04:03:11.740,1.0468,1.0469,4.00,8.10
2008.05.16 04:03:11.940,1.0468,1.0469,4.40,8.10
2008.05.16 04:03:12.244,1.0468,1.0469,4.80,8.10
2008.05.16 04:03:12.352,1.0468,1.0469,8.80,8.10
2008.05.16 04:03:16.034,1.0468,1.0469,8.80,7.80
2008.05.16 04:03:18.182,1.0468,1.0469,8.40,7.80
2008.05.16 04:03:18.212,1.0468,1.0469,8.40,8.40
2008.05.16 04:03:18.243,1.0467,1.0469,24.00,10.30
2008.05.16 04:03:19.903,1.0468,1.0469,4.00,10.30
2008.05.16 04:03:21.120,1.0468,1.0469,4.00,9.70
2008.05.16 04:03:21.234,1.0469,1.04695,4.00,2.00
2008.05.16 04:03:21.256,1.0469,1.04695,4.00,2.00
2008.05.16 04:03:21.408,1.0469,1.04695,4.00,0.80
2008.05.16 04:03:21.603,1.0469,1.04695,4.00,2.00
2008.05.16 04:03:21.651,1.0468,1.0469,4.00,5.40
2008.05.16 04:03:21.685,1.0468,1.0469,4.00,6.00
2008.05.16 04:03:21.711,1.0468,1.0469,4.00,7.60
2008.05.16 04:03:21.734,1.0467,1.0468,25.70,0.30
2008.05.16 04:03:21.758,1.0467,1.0468,25.70,4.20
2008.05.16 04:03:21.832,1.0467,1.0468,25.60,4.20
2008.05.16 04:03:21.964,1.0467,1.0468,21.60,4.20
2008.05.16 04:03:22.164,1.0468,1.04685,0.50,0.30
2008.05.16 04:03:22.318,1.0468,1.0469,4.80,9.30
2008.05.16 04:03:22.473,1.0469,1.04695,4.00,2.00
2008.05.16 04:03:23.498,1.0468,1.0469,8.80,7.70
2008.05.16 04:03:23.621,1.0468,1.0469,8.80,8.30
2008.05.16 04:03:23.757,1.0468,1.0469,0.50,9.90
2008.05.16 04:03:23.882,1.0467,1.0469,24.50,10.20
2008.05.16 04:03:30.448,1.0467,1.0469,24.50,15.00
2008.05.16 04:03:30.566,1.0467,1.0469,24.50,15.70
2008.05.16 04:03:30.612,1.0467,1.0469,24.00,15.80
2008.05.16 04:03:30.671,1.0467,1.04685,23.20,0.50
2008.05.16 04:03:30.783,1.0467,1.0468,23.20,0.50
2008.05.16 04:03:30.901,1.0467,1.0468,19.20,0.50
2008.05.16 04:03:30.939,1.0467,1.0468,19.20,4.60
2008.05.16 04:03:31.002,1.0467,1.0468,11.20,4.60
2008.05.16 04:03:31.378,1.0467,1.0468,12.00,4.60
2008.05.16 04:03:31.519,1.0468,1.0469,4.00,19.80
2008.05.16 04:03:31.650,1.0468,1.0469,4.00,10.30
2008.05.16 04:03:38.120,1.0468,1.0469,4.00,9.70
2008.05.16 04:03:38.225,1.0468,1.0469,4.40,11.80
2008.05.16 04:03:38.323,1.0468,1.0469,4.40,11.70
2008.05.16 04:03:38.364,1.0469,1.04695,4.00,2.00
2008.05.16 04:03:38.657,1.0468,1.0469,4.40,8.50
2008.05.16 04:03:38.710,1.0468,1.04685,4.00,0.80
2008.05.16 04:03:38.762,1.0468,1.04685,4.00,0.80
2008.05.16 04:03:41.903,1.0468,1.04685,4.00,0.50
2008.05.16 04:03:41.955,1.0468,1.04685,4.00,0.50
2008.05.16 04:03:42.040,1.0468,1.04685,4.00,0.50
2008.05.16 04:03:43.183,1.0468,1.0469,4.00,12.70
2008.05.16 04:03:43.712,1.0468,1.0469,4.00,12.40
2008.05.16 04:03:46.918,1.0468,1.0469,4.00,14.80
2008.05.16 04:03:47.015,1.0468,1.0469,4.00,15.80
2008.05.16 04:03:47.130,1.0468,1.0469,4.00,18.00
2008.05.16 04:03:47.161,1.0468,1.04685,4.00,0.50
2008.05.16 04:03:47.227,1.0467,1.0468,19.20,0.50
2008.05.16 04:03:47.392,1.0467,1.0468,15.20,0.60
2008.05.16 04:03:47.486,1.0468,1.04685,4.00,0.80
2008.05.16 04:03:47.914,1.0468,1.04685,4.00,0.50
2008.05.16 04:03:47.980,1.0468,1.04685,4.00,0.50
2008.05.16 04:03:48.104,1.0468,1.04685,4.00,0.50
2008.05.16 04:03:48.229,1.0468,1.0469,4.00,23.00
2008.05.16 04:03:48.352,1.0468,1.0469,4.00,21.40
2008.05.16 04:03:48.478,1.0468,1.0469,4.00,13.40
2008.05.16 04:03:49.193,1.0468,1.0469,4.00,12.80
2008.05.16 04:03:49.353,1.0469,1.04695,4.00,2.00
2008.05.16 04:03:49.512,1.0469,1.04695,4.00,2.00
2008.05.16 04:03:49.832,1.0469,1.04695,4.00,2.00
2008.05.16 04:03:50.150,1.0469,1.04695,4.00,2.00
2008.05.16 04:03:50.234,1.0469,1.04695,4.00,2.00
2008.05.16 04:03:50.668,1.0469,1.04695,4.00,2.00
2008.05.16 04:03:51.836,1.0468,1.0469,0.80,8.60
2008.05.16 04:03:51.901,1.0468,1.0469,0.60,10.10
2008.05.16 04:03:51.927,1.0468,1.0469,0.60,6.10
2008.05.16 04:03:51.944,1.0467,1.0468,26.50,0.30
2008.05.16 04:03:52.023,1.0468,1.04685,4.00,0.30
2008.05.16 04:03:56.416,1.0468,1.0469,4.40,12.60
2008.05.16 04:03:56.435,1.0468,1.0469,8.40,12.60
2008.05.16 04:03:56.501,1.0468,1.0469,8.80,11.00
2008.05.16 04:03:56.615,1.0468,1.0469,8.80,9.30
2008.05.16 04:03:56.700,1.0468,1.0469,8.80,7.70
2008.05.16 04:03:56.884,1.0469,1.04695,4.00,0.80
2008.05.16 04:04:01.684,1.0468,1.0469,8.80,7.70
2008.05.16 04:04:04.144,1.0468,1.0469,8.40,8.80
2008.05.16 04:04:04.183,1.0468,1.0469,4.40,10.20
2008.05.16 04:04:04.221,1.0468,1.04685,4.00,0.30
2008.05.16 04:04:04.256,1.0468,1.04685,4.00,0.30
2008.05.16 04:04:04.722,1.0467,1.0468,23.20,4.60
2008.05.16 04:04:04.892,1.0467,1.0468,19.20,4.60
2008.05.16 04:04:05.071,1.0467,1.0468,11.20,4.60
2008.05.16 04:04:20.874,1.0467,1.0468,12.00,4.60
2008.05.16 04:04:20.933,1.0468,1.04685,4.00,0.30
2008.05.16 04:04:20.970,1.0468,1.0469,4.40,24.40
2008.05.16 04:04:21.022,1.0468,1.0469,4.40,23.00
2008.05.16 04:04:21.041,1.0468,1.0469,8.40,22.20
2008.05.16 04:04:21.096,1.0468,1.0469,8.40,21.60
2008.05.16 04:04:21.127,1.0468,1.0469,8.40,9.60
2008.05.16 04:04:21.235,1.0468,1.0469,8.80,8.80
2008.05.16 04:04:21.350,1.0468,1.0469,8.80,8.80
2008.05.16 04:04:22.069,1.0468,1.0469,8.80,8.80
2008.05.16 04:04:22.116,1.0468,1.0469,8.80,9.40
2008.05.16 04:04:22.247,1.0468,1.0469,0.60,9.40
2008.05.16 04:04:22.378,1.0467,1.0469,25.60,9.40
2008.05.16 04:04:22.507,1.0467,1.0469,21.60,9.40
2008.05.16 04:04:35.177,1.0468,1.0469,4.00,9.40
2008.05.16 04:05:47.905,1.0468,1.04685,4.00,0.50
2008.05.16 04:05:48.321,1.0467,1.0468,15.20,0.50
2008.05.16 04:05:48.514,1.0468,1.04685,4.00,0.50
2008.05.16 04:05:48.547,1.0468,1.04685,4.00,0.80
2008.05.16 04:05:51.712,1.0468,1.0469,4.00,25.40
2008.05.16 04:05:51.826,1.0468,1.0469,4.00,21.40
2008.05.16 04:05:51.943,1.0468,1.0469,4.00,13.40
2008.05.16 04:05:55.363,1.0468,1.0469,4.00,12.80
2008.05.16 04:05:55.401,1.0468,1.0469,4.00,8.80
2008.05.16 04:05:55.506,1.0469,1.04695,4.00,2.00
2008.05.16 04:05:55.780,1.0469,1.04695,4.00,2.00
2008.05.16 04:05:56.287,1.0469,1.04695,4.00,2.00
2008.05.16 04:05:57.996,1.0469,1.04695,4.00,2.00
2008.05.16 04:06:00.133,1.0468,1.0469,11.20,7.70
2008.05.16 04:06:00.951,1.0468,1.0469,13.60,5.30
2008.05.16 04:06:00.996,1.0469,1.04695,6.80,0.60
2008.05.16 04:06:01.041,1.0469,1.04695,6.80,0.60
2008.05.16 04:06:01.202,1.0469,1.04695,10.80,0.10
2008.05.16 04:06:01.241,1.0469,1.04695,11.20,0.10
2008.05.16 04:06:01.286,1.0469,1.047,11.20,19.80
2008.05.16 04:06:01.351,1.0469,1.047,11.20,15.80
2008.05.16 04:06:01.475,1.04685,1.0469,0.70,0.20
2008.05.16 04:06:01.520,1.0469,1.047,4.00,19.90
2008.05.16 04:06:01.667,1.0469,1.047,4.40,11.80
2008.05.16 04:06:01.715,1.0469,1.047,4.40,7.80
2008.05.16 04:06:01.889,1.0469,1.047,4.00,7.80
2008.05.16 04:06:02.420,1.0469,1.047,10.80,7.80
2008.05.16 04:06:05.131,1.0469,1.047,10.80,8.40
2008.05.16 04:06:05.172,1.0469,1.047,0.60,12.40
2008.05.16 04:06:05.275,1.04685,1.0469,0.50,0.60
2008.05.16 04:06:05.313,1.0468,1.0469,24.00,0.60
2008.05.16 04:06:05.379,1.0468,1.0469,20.00,0.60
2008.05.16 04:06:05.514,1.0468,1.0469,20.00,0.70
2008.05.16 04:06:05.803,1.0468,1.0469,20.00,0.60
2008.05.16 04:06:06.118,1.0468,1.0469,20.00,0.70
2008.05.16 04:06:06.405,1.0468,1.0469,20.00,0.60
2008.05.16 04:06:08.323,1.0468,1.0469,20.00,0.50
2008.05.16 04:06:09.240,1.0468,1.0469,20.00,0.20
2008.05.16 04:06:11.342,1.04685,1.0469,0.70,0.20
2008.05.16 04:06:11.429,1.0469,1.047,4.00,7.90
2008.05.16 04:06:11.489,1.0469,1.047,4.00,7.90
2008.05.16 04:06:11.533,1.0469,1.047,4.00,7.80
2008.05.16 04:06:11.668,1.0469,1.047,4.00,8.40
2008.05.16 04:06:11.739,1.0468,1.047,33.20,8.40
2008.05.16 04:06:11.805,1.0468,1.047,28.40,8.40
2008.05.16 04:06:11.911,1.0468,1.0469,24.80,0.20
2008.05.16 04:06:11.950,1.0468,1.0469,20.80,0.20
2008.05.16 04:06:12.052,1.0468,1.0469,20.00,0.20
2008.05.16 04:06:12.527,1.0468,1.0469,20.00,0.30
2008.05.16 04:06:12.648,1.0468,1.0469,20.80,0.20
2008.05.16 04:06:13.369,1.0468,1.0469,23.20,0.20
2008.05.16 04:06:13.492,1.0468,1.0469,22.40,4.00
2008.05.16 04:06:13.674,1.0468,1.0469,21.60,4.00
2008.05.16 04:06:13.693,1.0468,1.0469,13.60,4.00
2008.05.16 04:06:13.796,1.0468,1.0469,13.60,4.40
2008.05.16 04:06:13.907,1.0468,1.0469,13.60,4.60
2008.05.16 04:06:13.945,1.0468,1.0469,13.60,8.60
2008.05.16 04:06:14.342,1.0468,1.0469,14.40,8.60
2008.05.16 04:06:14.419,1.0468,1.0469,12.00,8.20
2008.05.16 04:06:14.447,1.0468,1.0469,12.00,8.00
2008.05.16 04:06:14.476,1.0468,1.047,12.00,28.40
2008.05.16 04:06:14.746,1.0468,1.047,20.00,16.40
2008.05.16 04:06:16.207,1.0468,1.047,20.80,16.40
2008.05.16 04:06:19.413,1.0468,1.047,24.80,12.40
2008.05.16 04:06:19.476,1.0468,1.047,25.20,12.40
2008.05.16 04:06:19.582,1.0468,1.047,30.40,12.40
2008.05.16 04:06:19.653,1.04685,1.047,0.70,11.80
2008.05.16 04:06:19.723,1.0469,1.047,4.00,11.80
2008.05.16 04:06:19.793,1.0469,1.047,4.40,11.80
2008.05.16 04:06:19.931,1.0469,1.047,8.40,11.80
2008.05.16 04:06:20.001,1.0469,1.047,8.80,11.80
2008.05.16 04:06:20.071,1.0469,1.047,11.20,11.80
2008.05.16 04:06:23.291,1.04685,1.0469,1.10,2.40
2008.05.16 04:06:23.415,1.0469,1.047,8.80,14.00
2008.05.16 04:06:23.499,1.04685,1.0469,0.50,6.40
2008.05.16 04:06:23.529,1.0468,1.0469,28.40,6.60
2008.05.16 04:06:23.614,1.0468,1.0469,19.20,7.20
2008.05.16 04:06:23.721,1.0468,1.0469,19.20,11.20
2008.05.16 04:06:23.876,1.0468,1.0469,19.20,11.60
2008.05.16 04:06:24.030,1.0468,1.0469,11.20,11.60
2008.05.16 04:06:24.194,1.0468,1.0469,11.20,11.70
2008.05.16 04:06:24.937,1.0468,1.0469,12.00,11.70
2008.05.16 04:06:25.102,1.0468,1.0469,12.00,11.60
2008.05.16 04:06:28.143,1.0468,1.0469,12.00,7.60
2008.05.16 04:06:28.168,1.0468,1.0469,12.80,5.20
2008.05.16 04:06:28.245,1.0468,1.0469,12.80,5.00
2008.05.16 04:06:28.271,1.0468,1.0469,12.80,0.20
2008.05.16 04:06:28.481,1.0468,1.0469,20.80,0.20
2008.05.16 04:06:29.212,1.0468,1.047,20.80,16.40
2008.05.16 04:06:31.374,1.0468,1.04695,20.00,0.50
2008.05.16 04:06:31.481,1.0468,1.0469,20.00,4.00
2008.05.16 04:06:31.516,1.0468,1.0469,22.40,4.00
2008.05.16 04:06:31.702,1.0468,1.0469,14.40,4.00
2008.05.16 04:06:31.803,1.0468,1.0469,14.40,4.40
2008.05.16 04:06:31.992,1.0468,1.0469,14.40,8.40
2008.05.16 04:06:32.026,1.0468,1.0469,14.40,8.60
2008.05.16 04:06:40.361,1.0468,1.0469,12.00,8.60
2008.05.16 04:06:40.396,1.0468,1.0469,12.00,8.40
2008.05.16 04:06:40.431,1.0468,1.0469,12.80,8.40
2008.05.16 04:06:40.465,1.0468,1.0469,12.80,0.50
2008.05.16 04:06:40.500,1.0468,1.04695,12.80,0.10
2008.05.16 04:06:40.597,1.0468,1.04695,20.80,0.10
2008.05.16 04:06:40.690,1.0468,1.047,20.80,16.40
2008.05.16 04:07:20.172,1.0468,1.047,20.80,18.80
2008.05.16 04:07:20.276,1.0468,1.047,23.20,18.80
2008.05.16 04:07:20.464,1.0468,1.0469,23.20,4.00
2008.05.16 04:07:20.561,1.0468,1.0469,22.40,4.00
2008.05.16 04:07:20.827,1.0468,1.0469,14.40,4.20
2008.05.16 04:07:20.981,1.0468,1.0469,14.40,8.20
2008.05.16 04:07:21.136,1.0468,1.0469,14.40,8.60
2008.05.16 04:07:27.170,1.0468,1.04685,14.40,0.50
2008.05.16 04:07:27.222,1.0468,1.04685,9.20,0.50
2008.05.16 04:07:27.323,1.0468,1.04685,5.20,0.50
2008.05.16 04:07:27.339,1.0468,1.04685,4.80,0.80
2008.05.16 04:07:27.423,1.0468,1.04685,0.80,0.80
2008.05.16 04:07:27.860,1.0468,1.04685,0.80,0.80
2008.05.16 04:07:30.405,1.0468,1.04685,3.20,0.80
2008.05.16 04:07:30.444,1.0468,1.04685,5.60,0.80
2008.05.16 04:07:30.488,1.0468,1.04685,6.00,0.50
2008.05.16 04:07:30.527,1.0468,1.04685,10.00,0.50
2008.05.16 04:07:30.616,1.0468,1.04685,14.00,0.50
2008.05.16 04:07:30.738,1.0468,1.0469,14.40,20.60
2008.05.16 04:07:30.835,1.0468,1.0469,14.40,16.60
2008.05.16 04:07:30.946,1.0468,1.0469,14.40,8.60
2008.05.16 04:07:31.577,1.0468,1.0469,14.40,9.10
2008.05.16 04:07:38.503,1.0468,1.0469,14.40,9.20
2008.05.16 04:07:39.465,1.0468,1.0469,12.00,9.20
2008.05.16 04:07:45.660,1.0468,1.0469,12.00,9.50
2008.05.16 04:07:45.973,1.0468,1.0469,12.00,9.80
2008.05.16 04:07:46.686,1.0468,1.0469,12.00,9.20
2008.05.16 04:07:48.847,1.0468,1.0469,12.00,9.00
2008.05.16 04:07:50.097,1.0468,1.0469,12.00,9.60
2008.05.16 04:07:50.150,1.0468,1.0469,12.00,13.60
2008.05.16 04:07:50.200,1.0468,1.0469,11.60,13.60
2008.05.16 04:07:50.255,1.04675,1.0469,1.20,13.60
2008.05.16 04:07:50.306,1.04675,1.0469,1.20,13.80
2008.05.16 04:07:50.395,1.0467,1.0469,21.20,13.80
2008.05.16 04:07:50.549,1.0467,1.0469,21.10,13.80
2008.05.16 04:08:08.242,1.0467,1.0469,21.10,13.90
2008.05.16 04:08:17.380,1.0467,1.04685,20.40,0.50
2008.05.16 04:08:17.520,1.0467,1.04685,19.80,0.50
2008.05.16 04:08:17.577,1.0467,1.0468,19.80,4.00
2008.05.16 04:08:17.596,1.0467,1.0468,19.60,4.00
2008.05.16 04:08:17.784,1.0467,1.0468,11.60,4.40
2008.05.16 04:08:18.040,1.0467,1.0468,11.60,4.60
2008.05.16 04:08:18.086,1.0467,1.0468,11.60,8.60
2008.05.16 04:08:26.779,1.0467,1.0468,11.60,8.40
2008.05.16 04:08:26.843,1.0467,1.0468,11.60,4.40
2008.05.16 04:08:31.634,1.0467,1.0468,11.60,4.00
2008.05.16 04:08:38.191,1.0468,1.04685,0.60,0.50
2008.05.16 04:08:38.241,1.0468,1.04685,6.80,0.50
2008.05.16 04:08:38.368,1.0468,1.0469,7.60,19.90
2008.05.16 04:08:38.458,1.0468,1.0469,7.60,22.40
2008.05.16 04:08:38.576,1.0468,1.0469,7.60,17.60
2008.05.16 04:08:38.764,1.0468,1.0469,7.60,17.40
2008.05.16 04:08:38.855,1.0468,1.0469,7.60,9.30
2008.05.16 04:08:40.243,1.0468,1.0469,7.60,9.60
2008.05.16 04:08:40.821,1.0468,1.0469,6.80,9.60
2008.05.16 04:08:41.099,1.0468,1.0469,6.40,14.00
2008.05.16 04:08:41.239,1.0468,1.04685,2.40,0.50
2008.05.16 04:08:41.379,1.0468,1.04685,2.40,0.50
2008.05.16 04:09:30.283,1.0468,1.04685,2.40,0.50
2008.05.16 04:10:52.195,1.0468,1.0469,6.40,24.50
2008.05.16 04:10:52.234,1.0468,1.0469,6.80,24.30
2008.05.16 04:10:52.273,1.0468,1.0469,6.80,18.80
2008.05.16 04:10:52.473,1.0468,1.0469,6.80,10.00
2008.05.16 04:10:52.677,1.0468,1.0469,6.80,9.60
2008.05.16 04:10:52.756,1.0468,1.0469,7.60,9.60
2008.05.16 04:10:52.835,1.0468,1.0469,7.60,9.60
2008.05.16 04:10:53.023,1.0468,1.0469,7.60,9.30
2008.05.16 04:10:53.526,1.0468,1.0469,7.60,9.70
2008.05.16 04:10:54.255,1.0468,1.0469,7.60,9.30
2008.05.16 04:10:54.566,1.0468,1.0469,7.60,9.60
2008.05.16 04:10:54.709,1.0468,1.0469,7.60,9.30
2008.05.16 04:11:05.840,1.0468,1.0469,7.60,9.60
2008.05.16 04:11:13.674,1.0468,1.0469,6.80,9.60
2008.05.16 04:11:13.984,1.0468,1.0469,7.60,9.60
2008.05.16 04:11:14.443,1.0468,1.0469,7.60,9.30
2008.05.16 04:11:14.770,1.0468,1.0469,6.80,9.60
2008.05.16 04:11:15.306,1.0468,1.0469,6.80,9.60
2008.05.16 04:11:16.399,1.0468,1.0469,6.80,9.70
2008.05.16 04:11:23.103,1.0468,1.0469,6.80,9.60
2008.05.16 04:11:38.569,1.0468,1.0469,6.80,10.00
2008.05.16 04:12:15.191,1.0468,1.0469,6.40,10.30
2008.05.16 04:12:15.227,1.0468,1.0469,2.40,14.30
2008.05.16 04:12:15.312,1.0468,1.0469,2.40,17.40
2008.05.16 04:12:15.398,1.0468,1.04685,2.40,0.50
2008.05.16 04:12:15.432,1.0468,1.04685,2.40,0.50
2008.05.16 04:12:20.168,1.0468,1.04685,2.40,0.50
2008.05.16 04:12:34.586,1.0468,1.04685,2.40,2.70
2008.05.16 04:12:40.451,1.0468,1.04685,2.40,2.70
2008.05.16 04:12:47.691,1.0468,1.04685,2.40,2.70
2008.05.16 04:12:58.180,1.0468,1.04685,2.40,0.10
2008.05.16 04:12:58.204,1.0468,1.04685,4.00,0.10
2008.05.16 04:12:58.229,1.0468,1.04685,4.40,0.10
2008.05.16 04:12:58.282,1.0468,1.0469,4.40,22.80
2008.05.16 04:12:58.311,1.0468,1.0469,8.40,18.80
2008.05.16 04:12:58.694,1.0468,1.0469,8.00,7.00
2008.05.16 04:12:58.729,1.0468,1.0469,6.40,17.40
2008.05.16 04:12:59.385,1.0468,1.04685,2.40,0.50
2008.05.16 04:13:03.037,1.0468,1.04685,2.40,0.50
2008.05.16 04:13:05.621,1.0468,1.04685,3.20,0.50
2008.05.16 04:13:05.713,1.0468,1.0469,3.20,30.90
2008.05.16 04:13:05.808,1.0468,1.0469,3.20,26.90
2008.05.16 04:13:05.925,1.0468,1.0469,3.20,18.90
2008.05.16 04:13:06.113,1.0468,1.0469,3.20,18.10
2008.05.16 04:13:06.223,1.0468,1.0469,3.20,15.00
2008.05.16 04:13:06.279,1.0468,1.0469,7.60,10.80
2008.05.16 04:13:07.172,1.0468,1.0469,7.60,6.80
2008.05.16 04:13:07.642,1.0468,1.04685,7.60,0.50
2008.05.16 04:13:07.714,1.0468,1.04685,3.20,0.50
2008.05.16 04:13:08.196,1.0468,1.04685,2.40,0.50
2008.05.16 04:13:08.503,1.0468,1.0469,2.40,31.70
2008.05.16 04:13:08.602,1.0468,1.0469,2.40,30.90
2008.05.16 04:13:08.701,1.0468,1.0469,2.40,26.10
2008.05.16 04:13:08.802,1.0468,1.0469,6.80,18.80
2008.05.16 04:13:08.901,1.0468,1.0469,6.80,10.80
2008.05.16 04:13:20.822,1.0468,1.0469,9.20,10.80
2008.05.16 04:13:20.868,1.0468,1.0469,9.20,6.80
2008.05.16 04:13:20.891,1.0468,1.0469,9.20,6.20
2008.05.16 04:13:20.990,1.0468,1.0469,13.20,6.20
2008.05.16 04:13:21.242,1.0468,1.0469,13.60,6.20
2008.05.16 04:13:21.446,1.0468,1.0469,13.60,5.50
2008.05.16 04:13:21.778,1.0468,1.0469,13.20,5.50
2008.05.16 04:13:22.307,1.0468,1.0469,13.20,5.40
2008.05.16 04:13:30.968,1.0468,1.0469,13.20,5.10
2008.05.16 04:13:31.083,1.0468,1.0469,13.20,5.00
2008.05.16 04:13:33.561,1.0468,1.0469,13.20,5.10
2008.05.16 04:13:33.596,1.0468,1.0469,13.20,5.60
2008.05.16 04:13:33.641,1.0468,1.0469,9.20,9.60
2008.05.16 04:13:33.776,1.0468,1.0469,6.80,9.60
2008.05.16 04:13:33.830,1.0468,1.0469,6.80,9.60
2008.05.16 04:13:34.062,1.0468,1.0469,6.80,9.10
2008.05.16 04:13:34.106,1.0468,1.0469,6.80,9.50
2008.05.16 04:13:34.174,1.0468,1.0469,6.80,5.50
2008.05.16 04:13:34.207,1.0468,1.0469,9.20,5.50
2008.05.16 04:13:34.263,1.0468,1.0469,13.20,5.50
2008.05.16 04:13:34.323,1.0468,1.0469,13.60,5.50
2008.05.16 04:13:34.410,1.0468,1.0469,13.60,5.10
2008.05.16 04:13:34.769,1.0468,1.0469,14.40,5.10
2008.05.16 04:13:35.008,1.0468,1.0469,11.60,0.70
2008.05.16 04:13:35.132,1.0468,1.0469,11.60,1.00
2008.05.16 04:13:35.257,1.0468,1.0469,19.60,1.00
2008.05.16 04:13:35.382,1.0468,1.0469,18.80,1.00
2008.05.16 04:13:35.507,1.0468,1.0469,14.80,1.00
2008.05.16 04:13:35.772,1.0468,1.0469,6.80,1.00
2008.05.16 04:14:14.647,1.0468,1.0469,7.60,1.00
2008.05.16 04:14:14.664,1.0468,1.04695,7.60,1.20
2008.05.16 04:14:14.690,1.0469,1.047,4.40,8.20
2008.05.16 04:14:16.908,1.0469,1.047,0.60,16.20
2008.05.16 04:14:16.999,1.0468,1.047,20.80,16.40
2008.05.16 04:14:17.034,1.0468,1.04695,20.80,0.10
2008.05.16 04:14:17.075,1.0468,1.04695,23.20,0.10
2008.05.16 04:14:17.113,1.0468,1.0469,23.20,4.00
2008.05.16 04:14:17.143,1.0468,1.0469,22.40,4.00
2008.05.16 04:14:17.473,1.0468,1.0469,14.40,4.00
2008.05.16 04:14:17.565,1.0468,1.0469,14.40,4.40
2008.05.16 04:14:17.880,1.0468,1.0469,14.40,4.90
2008.05.16 04:14:17.909,1.0468,1.0469,14.00,4.90
2008.05.16 04:14:17.938,1.0468,1.0469,10.00,8.90
2008.05.16 04:14:18.094,1.0468,1.0469,7.60,9.10
2008.05.16 04:14:18.248,1.0468,1.0469,6.80,9.10
2008.05.16 04:14:18.557,1.0468,1.0469,6.80,9.30
2008.05.16 04:14:18.713,1.0468,1.0469,6.80,9.60
2008.05.16 04:14:18.867,1.0468,1.0469,6.80,9.60
2008.05.16 04:14:19.874,1.0468,1.0469,6.80,5.60
2008.05.16 04:14:19.957,1.0468,1.0469,9.20,5.60
2008.05.16 04:14:20.051,1.0468,1.0469,9.20,5.10
2008.05.16 04:14:20.216,1.0468,1.0469,13.20,4.50
2008.05.16 04:14:20.305,1.0468,1.0469,13.60,4.50
2008.05.16 04:14:20.596,1.0468,1.0469,14.40,4.50
2008.05.16 04:14:28.750,1.0468,1.0469,14.60,4.40
2008.05.16 04:14:34.850,1.0468,1.0469,14.80,4.40
2008.05.16 04:14:52.863,1.0468,1.0469,12.40,4.40
2008.05.16 04:14:52.907,1.0468,1.0469,17.20,4.40
2008.05.16 04:14:52.972,1.0468,1.0469,17.20,4.00
2008.05.16 04:14:53.031,1.0469,1.04695,4.00,0.10
2008.05.16 04:14:53.077,1.0469,1.04695,4.40,0.10
2008.05.16 04:14:53.124,1.0469,1.047,4.40,21.90
2008.05.16 04:14:53.191,1.0469,1.047,4.40,9.90
2008.05.16 04:15:02.882,1.0469,1.047,4.40,13.90
2008.05.16 04:15:02.953,1.0469,1.04695,4.40,0.10
2008.05.16 04:15:02.977,1.0469,1.04695,0.60,0.10
2008.05.16 04:15:03.002,1.04685,1.0469,0.50,2.40
2008.05.16 04:15:03.027,1.0468,1.0469,21.20,2.40
2008.05.16 04:15:03.133,1.0468,1.0469,20.40,2.40
2008.05.16 04:15:03.200,1.0468,1.0469,20.40,6.40
2008.05.16 04:15:03.329,1.0468,1.0469,20.40,6.80
2008.05.16 04:15:03.449,1.0468,1.0469,12.40,6.80
2008.05.16 04:15:09.853,1.0468,1.0469,12.40,6.80
2008.05.16 04:15:10.046,1.0468,1.0469,12.30,6.80
2008.05.16 04:15:11.674,1.0468,1.0469,12.30,10.80
2008.05.16 04:15:11.791,1.0468,1.0469,11.50,10.80
2008.05.16 04:15:11.835,1.0468,1.0469,10.80,11.70
2008.05.16 04:15:11.999,1.0468,1.0469,10.80,7.70
2008.05.16 04:15:12.069,1.0468,1.0469,11.20,7.70
2008.05.16 04:15:12.262,1.0468,1.0469,11.20,7.40
2008.05.16 04:15:12.303,1.0468,1.0469,12.00,7.40
2008.05.16 04:15:13.091,1.0468,1.0469,12.00,7.20
2008.05.16 04:15:13.739,1.0468,1.0469,12.00,7.00
2008.05.16 04:15:15.211,1.0468,1.0469,12.00,6.80
2008.05.16 04:15:16.042,1.0468,1.0469,12.00,7.00
2008.05.16 04:15:18.031,1.0468,1.0469,12.00,6.80
2008.05.16 04:15:18.243,1.0468,1.0469,11.60,6.80
2008.05.16 04:15:19.070,1.0468,1.0469,12.00,6.80
2008.05.16 04:15:57.362,1.0468,1.0469,12.00,2.80
2008.05.16 04:15:58.598,1.0468,1.0469,9.60,2.80
2008.05.16 04:15:58.705,1.0468,1.0469,8.80,2.80
2008.05.16 04:16:05.381,1.0469,1.04695,0.60,0.60
2008.05.16 04:16:05.514,1.047,1.04705,2.40,3.10
2008.05.16 04:16:05.538,1.047,1.04705,2.40,2.60
2008.05.16 04:16:05.745,1.047,1.04705,2.40,2.60
2008.05.16 04:16:10.826,1.047,1.04705,2.40,2.60
2008.05.16 04:16:10.936,1.047,1.04705,2.40,2.60
2008.05.16 04:16:11.231,1.0469,1.047,8.40,10.00
2008.05.16 04:16:11.343,1.0469,1.047,4.00,13.30
2008.05.16 04:16:11.462,1.0468,1.0469,18.80,1.20
2008.05.16 04:16:11.572,1.0468,1.0469,14.80,1.20
2008.05.16 04:16:11.681,1.0468,1.0469,6.80,1.20
2008.05.16 04:16:29.510,1.0468,1.0469,6.80,3.60
2008.05.16 04:16:29.561,1.0468,1.0469,6.80,3.60
2008.05.16 04:16:29.611,1.0468,1.0469,6.80,3.70
2008.05.16 04:16:29.804,1.0468,1.0469,6.80,7.70
2008.05.16 04:16:29.882,1.0468,1.0469,6.80,8.10
2008.05.16 04:16:29.931,1.0468,1.0469,6.80,3.60
2008.05.16 04:16:30.031,1.0468,1.0469,6.80,1.20
2008.05.16 04:16:39.677,1.0468,1.0469,7.60,1.20
2008.05.16 04:16:39.707,1.0468,1.0469,7.60,0.70
2008.05.16 04:16:39.736,1.0468,1.0469,11.60,0.70
2008.05.16 04:16:39.817,1.0468,1.047,12.00,9.10
2008.05.16 04:16:39.845,1.0468,1.047,16.00,9.10
2008.05.16 04:16:39.900,1.0468,1.047,24.00,9.10
2008.05.16 04:16:39.935,1.0468,1.047,20.00,13.10
2008.05.16 04:16:39.973,1.0468,1.047,20.00,12.30
2008.05.16 04:16:40.269,1.0469,1.047,0.60,12.30
2008.05.16 04:16:40.336,1.0469,1.047,4.40,12.30
2008.05.16 04:16:45.366,1.0469,1.04695,4.40,0.50
2008.05.16 04:16:45.497,1.0468,1.0469,20.20,2.40
2008.05.16 04:16:45.759,1.0468,1.0469,12.20,2.80
2008.05.16 04:16:45.890,1.0468,1.0469,12.00,2.80
2008.05.16 04:16:47.791,1.0468,1.0469,11.60,2.80
2008.05.16 04:16:48.008,1.0468,1.0469,12.00,2.80
2008.05.16 04:16:48.243,1.0468,1.0469,12.00,3.00
2008.05.16 04:16:48.428,1.0468,1.0469,12.00,2.80
2008.05.16 04:16:49.920,1.0469,1.04695,4.00,0.50
2008.05.16 04:16:50.046,1.0469,1.04695,4.40,0.50
2008.05.16 04:16:50.172,1.0469,1.047,4.40,21.90
2008.05.16 04:16:50.296,1.0469,1.047,4.40,21.10
2008.05.16 04:16:50.545,1.0469,1.047,4.40,12.30
2008.05.16 04:16:50.919,1.0468,1.0469,17.60,2.40
2008.05.16 04:16:51.029,1.0468,1.0469,20.80,2.40
2008.05.16 04:16:51.139,1.0468,1.0469,20.00,2.40
2008.05.16 04:16:51.356,1.0468,1.0469,20.00,2.80
2008.05.16 04:16:51.467,1.0469,1.04695,0.60,0.60
2008.05.16 04:16:51.577,1.0469,1.04695,4.40,0.50
2008.05.16 04:16:51.688,1.0469,1.047,4.40,25.10
2008.05.16 04:16:51.816,1.0469,1.047,4.40,20.30
2008.05.16 04:16:52.074,1.0469,1.047,4.40,12.30
2008.05.16 04:17:02.123,1.0469,1.047,4.00,12.30
2008.05.16 04:17:02.200,1.0468,1.047,20.80,12.30
2008.05.16 04:17:14.461,1.0468,1.047,20.80,8.30
2008.05.16 04:17:26.039,1.0468,1.047,23.20,8.30
2008.05.16 04:17:26.140,1.0469,1.047,4.00,3.60
2008.05.16 04:17:26.339,1.0469,1.047,4.40,3.60
2008.05.16 04:17:26.439,1.0469,1.047,4.40,7.60
2008.05.16 04:17:26.548,1.0469,1.047,4.00,7.60
2008.05.16 04:17:26.648,1.0469,1.047,4.00,7.70
2008.05.16 04:17:26.748,1.0469,1.047,4.00,8.30
2008.05.16 04:17:26.949,1.04685,1.047,0.70,3.70
2008.05.16 04:17:27.048,1.0469,1.047,4.00,3.60
2008.05.16 04:17:27.316,1.0469,1.047,4.40,3.60
2008.05.16 04:17:27.594,1.0469,1.047,4.80,3.60
2008.05.16 04:17:27.728,1.0469,1.047,11.20,3.60
2008.05.16 04:17:28.048,1.047,1.04705,10.80,1.20
2008.05.16 04:17:28.227,1.047,1.0471,10.80,10.80
2008.05.16 04:17:28.315,1.047,1.0471,10.80,2.80
2008.05.16 04:17:28.495,1.047,1.0471,4.00,2.80
2008.05.16 04:17:28.675,1.0469,1.0471,36.00,3.40
2008.05.16 04:17:28.766,1.0469,1.0471,32.00,3.30
2008.05.16 04:17:28.855,1.0469,1.0471,31.20,7.30
2008.05.16 04:17:28.945,1.04695,1.0471,0.70,6.80
2008.05.16 04:17:29.034,1.047,1.0471,4.00,6.80
2008.05.16 04:17:29.125,1.047,1.0471,4.00,3.30
2008.05.16 04:17:29.325,1.047,1.0471,6.80,7.30
2008.05.16 04:17:29.527,1.047,1.0471,10.80,2.80
2008.05.16 04:17:30.333,1.047,1.0471,10.80,6.80
2008.05.16 04:17:30.909,1.047,1.0471,4.40,14.80
2008.05.16 04:17:31.016,1.047,1.0471,4.00,15.00
2008.05.16 04:17:31.479,1.0469,1.0471,13.50,18.00
2008.05.16 04:17:31.583,1.0469,1.0471,12.70,18.00
2008.05.16 04:17:31.638,1.0469,1.04705,8.00,0.50
2008.05.16 04:17:31.937,1.04685,1.04705,1.90,0.50
2008.05.16 04:17:34.689,1.04685,1.04705,0.70,0.50
2008.05.16 04:17:34.919,1.04685,1.047,0.70,0.80
2008.05.16 04:17:44.639,1.04685,1.04705,0.70,1.70
2008.05.16 04:17:44.697,1.04685,1.047,0.70,0.80
2008.05.16 04:17:46.281,1.04685,1.04705,0.70,1.70
2008.05.16 04:17:46.511,1.04685,1.04705,0.70,0.50
2008.05.16 04:17:53.986,1.0469,1.04705,2.40,0.50
2008.05.16 04:17:54.079,1.04695,1.0471,0.70,21.40
2008.05.16 04:17:54.188,1.047,1.0471,4.00,17.40
2008.05.16 04:17:54.223,1.047,1.0471,4.00,15.00
2008.05.16 04:17:54.314,1.047,1.0471,4.00,11.00
2008.05.16 04:17:54.386,1.047,1.0471,4.00,15.00
2008.05.16 04:17:54.438,1.047,1.0471,4.00,17.40
2008.05.16 04:17:54.625,1.047,1.04705,4.00,0.50
2008.05.16 04:17:54.746,1.0469,1.04705,8.80,0.50
2008.05.16 04:17:54.863,1.0469,1.04705,8.00,0.50
2008.05.16 04:17:55.088,1.04685,1.04705,1.90,0.50
2008.05.16 04:18:03.588,1.04685,1.047,1.90,1.60
2008.05.16 04:18:05.202,1.0469,1.047,2.40,1.60
2008.05.16 04:18:05.386,1.0469,1.047,3.10,1.60
2008.05.16 04:18:05.420,1.0469,1.047,7.10,1.60
2008.05.16 04:18:05.720,1.0469,1.047,15.10,1.60
2008.05.16 04:18:05.734,1.0469,1.047,21.50,1.60
2008.05.16 04:18:05.829,1.0469,1.047,22.00,1.60
2008.05.16 04:18:06.241,1.0469,1.047,22.40,1.60
2008.05.16 04:18:10.373,1.0469,1.047,21.60,1.60
2008.05.16 04:18:10.482,1.0469,1.047,21.60,5.60
2008.05.16 04:18:10.764,1.0469,1.047,13.60,6.00
2008.05.16 04:18:14.116,1.0469,1.047,13.60,6.50
2008.05.16 04:18:14.155,1.0469,1.047,13.60,10.50
2008.05.16 04:18:14.192,1.0469,1.047,13.20,10.50
2008.05.16 04:18:14.205,1.0469,1.047,12.80,10.80
2008.05.16 04:18:14.260,1.0469,1.047,2.40,15.60
2008.05.16 04:18:14.332,1.0468,1.047,21.30,18.00
2008.05.16 04:18:14.421,1.0468,1.047,21.30,22.00
2008.05.16 04:18:14.768,1.0468,1.047,21.30,22.00
2008.05.16 04:18:15.703,1.0468,1.047,21.30,20.40
2008.05.16 04:18:17.322,1.04685,1.047,0.70,19.90
2008.05.16 04:18:17.484,1.0469,1.047,4.00,15.10
2008.05.16 04:18:17.623,1.0469,1.047,4.00,11.10
2008.05.16 04:18:17.677,1.0469,1.047,4.00,11.00
2008.05.16 04:18:17.732,1.0469,1.047,4.40,11.00
2008.05.16 04:18:17.997,1.0469,1.047,4.80,10.80
2008.05.16 04:18:18.015,1.0469,1.047,7.20,10.80
2008.05.16 04:18:18.111,1.0469,1.047,11.20,6.80
2008.05.16 04:18:22.819,1.0469,1.047,11.20,7.30
2008.05.16 04:18:22.944,1.0469,1.047,4.80,11.30
2008.05.16 04:18:23.007,1.0469,1.047,4.40,11.30
2008.05.16 04:18:23.044,1.0469,1.047,0.60,15.30
2008.05.16 04:18:23.063,1.0468,1.047,24.70,15.60
2008.05.16 04:18:23.118,1.0468,1.047,21.50,15.60
2008.05.16 04:18:23.157,1.0468,1.047,21.50,16.40
2008.05.16 04:18:23.222,1.0468,1.0469,21.30,0.80
2008.05.16 04:18:25.828,1.0468,1.0469,20.60,0.80
2008.05.16 04:18:26.014,1.0468,1.0469,20.60,4.80
2008.05.16 04:18:26.068,1.0468,1.0469,20.60,7.20
2008.05.16 04:18:26.123,1.0468,1.0469,20.00,7.20
2008.05.16 04:18:26.179,1.0468,1.0469,12.00,7.20
2008.05.16 04:18:26.550,1.0468,1.0469,12.00,7.60
2008.05.16 04:18:26.671,1.0468,1.0469,12.00,7.20
2008.05.16 04:19:15.843,1.0468,1.0469,12.00,7.70
2008.05.16 04:19:15.954,1.0468,1.0469,1.60,11.70
2008.05.16 04:19:16.010,1.0468,1.0469,1.20,12.00
2008.05.16 04:19:16.063,1.0468,1.0469,0.80,12.00
2008.05.16 04:19:16.206,1.0468,1.0469,0.80,13.60
2008.05.16 04:19:17.597,1.0468,1.04685,0.80,0.50
2008.05.16 04:19:17.706,1.0467,1.0468,29.80,4.00
2008.05.16 04:19:17.762,1.0467,1.0468,28.10,4.00
2008.05.16 04:19:17.972,1.0467,1.0468,26.50,4.00
2008.05.16 04:19:18.015,1.0467,1.0468,18.50,4.00
2008.05.16 04:19:18.091,1.0467,1.0468,19.10,4.00
2008.05.16 04:19:18.147,1.04675,1.0468,0.70,4.00
2008.05.16 04:19:18.200,1.04675,1.0469,0.70,25.00
2008.05.16 04:19:18.257,1.04675,1.0469,0.70,26.40
2008.05.16 04:19:18.313,1.0468,1.0469,4.00,26.40
2008.05.16 04:19:18.367,1.0468,1.0469,4.40,13.40
2008.05.16 04:19:18.690,1.0468,1.0469,4.40,11.80
2008.05.16 04:19:18.898,1.0468,1.0469,11.20,7.60
2008.05.16 04:19:19.646,1.0468,1.0469,11.20,8.10
2008.05.16 04:19:19.852,1.0467,1.0469,20.70,21.00
2008.05.16 04:19:20.283,1.0467,1.0469,20.70,21.30
2008.05.16 04:19:20.442,1.0467,1.0469,20.70,21.40
2008.05.16 04:19:21.079,1.0467,1.0469,20.70,21.00
2008.05.16 04:19:21.348,1.0467,1.04685,20.00,0.50
2008.05.16 04:19:21.479,1.0467,1.0468,20.00,4.00
2008.05.16 04:19:21.607,1.0467,1.0468,22.40,4.00
2008.05.16 04:19:21.737,1.0467,1.0468,21.60,4.00
2008.05.16 04:19:21.867,1.0467,1.0468,13.60,4.00
2008.05.16 04:19:22.007,1.0467,1.0468,13.60,4.40
2008.05.16 04:19:41.637,1.0467,1.0468,13.20,4.40
2008.05.16 04:19:41.658,1.0467,1.0468,13.20,4.90
2008.05.16 04:19:41.693,1.0467,1.0468,12.80,5.20
2008.05.16 04:19:41.728,1.0467,1.0468,2.40,13.20
2008.05.16 04:19:41.861,1.0466,1.0468,27.60,17.20
2008.05.16 04:19:58.413,1.04665,1.0468,0.50,17.20
2008.05.16 04:19:58.447,1.04665,1.0468,0.50,13.20
2008.05.16 04:19:58.539,1.0467,1.0468,2.40,13.20
2008.05.16 04:19:58.589,1.0467,1.0468,2.40,12.60
2008.05.16 04:19:58.724,1.0467,1.0468,6.40,12.60
2008.05.16 04:19:58.758,1.0467,1.0468,6.80,8.60
2008.05.16 04:19:59.019,1.0467,1.0468,7.20,8.40
2008.05.16 04:19:59.108,1.0467,1.0468,9.60,8.40
2008.05.16 04:19:59.197,1.0467,1.0468,13.60,4.40
2008.05.16 04:20:03.441,1.0468,1.04685,0.60,0.50
2008.05.16 04:20:03.484,1.0468,1.04685,6.80,0.50
2008.05.16 04:20:03.504,1.0468,1.04685,6.80,0.50
2008.05.16 04:20:03.677,1.0468,1.0469,10.80,20.80
2008.05.16 04:20:03.807,1.0468,1.0469,11.20,20.40
2008.05.16 04:20:03.991,1.0468,1.0469,11.20,23.80
2008.05.16 04:20:04.047,1.0468,1.0469,11.20,15.80
2008.05.16 04:20:04.134,1.0468,1.0469,11.20,10.20
2008.05.16 04:20:08.135,1.0468,1.0469,11.20,9.80
2008.05.16 04:20:08.226,1.0468,1.0469,15.20,9.80
2008.05.16 04:20:08.254,1.0468,1.0469,15.20,10.10
2008.05.16 04:20:08.337,1.0468,1.0469,16.00,10.10
2008.05.16 04:20:08.432,1.0468,1.0469,16.00,6.10
2008.05.16 04:20:08.473,1.0468,1.0469,16.00,5.80
2008.05.16 04:20:08.675,1.0468,1.0469,26.40,3.50
2008.05.16 04:20:11.697,1.0468,1.0469,22.40,3.50
2008.05.16 04:20:11.957,1.0468,1.0469,21.60,3.50
2008.05.16 04:20:12.003,1.0468,1.0469,21.60,7.50
2008.05.16 04:20:12.168,1.0468,1.0469,21.60,8.00
2008.05.16 04:20:12.194,1.0468,1.0469,21.20,8.30
2008.05.16 04:20:12.220,1.0468,1.0469,10.40,14.70
2008.05.16 04:20:12.245,1.0468,1.0469,4.00,14.80
2008.05.16 04:20:12.316,1.0467,1.0469,23.20,22.80
2008.05.16 04:20:12.341,1.0467,1.0468,22.40,0.20
2008.05.16 04:20:12.388,1.0467,1.0468,21.60,0.20
2008.05.16 04:20:12.421,1.0467,1.0468,15.20,8.10
2008.05.16 04:20:12.457,1.0467,1.0468,14.40,8.40
2008.05.16 04:20:12.571,1.0467,1.0468,12.00,8.40
2008.05.16 04:20:12.595,1.0467,1.0468,12.00,9.00
2008.05.16 04:20:12.701,1.0467,1.0468,4.00,9.00
2008.05.16 04:20:12.918,1.0466,1.0468,23.70,17.40
2008.05.16 04:20:16.052,1.0466,1.0468,24.50,17.40
2008.05.16 04:20:16.152,1.0466,1.0468,33.20,13.20
2008.05.16 04:20:16.252,1.0466,1.0468,34.00,13.20
2008.05.16 04:20:16.351,1.0467,1.0468,2.40,12.80
2008.05.16 04:20:16.452,1.0467,1.0468,2.40,12.20
2008.05.16 04:20:16.563,1.0467,1.0468,6.40,12.20
2008.05.16 04:20:16.762,1.0467,1.0468,13.60,12.00
2008.05.16 04:20:16.866,1.0467,1.0468,13.60,4.00
2008.05.16 04:20:19.123,1.0467,1.0468,13.60,4.40
2008.05.16 04:20:41.321,1.0467,1.0468,13.60,4.90
2008.05.16 04:20:41.432,1.0467,1.0468,13.20,5.20
2008.05.16 04:20:41.542,1.0466,1.0468,23.30,13.60
2008.05.16 04:20:41.651,1.0466,1.0468,23.30,17.60
2008.05.16 04:20:55.128,1.04665,1.0468,0.70,17.00
2008.05.16 04:20:55.163,1.04665,1.0468,0.70,16.80
2008.05.16 04:20:55.197,1.04665,1.0468,0.70,4.80
2008.05.16 04:20:55.257,1.04665,1.0468,0.70,4.20
2008.05.16 04:20:55.375,1.04665,1.04685,0.70,0.50
2008.05.16 04:20:55.669,1.0467,1.0469,0.70,22.40
2008.05.16 04:20:55.729,1.0467,1.0469,0.70,18.40
2008.05.16 04:20:56.380,1.0467,1.0469,0.70,8.00
2008.05.16 04:20:56.605,1.0467,1.0469,0.70,7.00
2008.05.16 04:20:57.455,1.0467,1.0468,0.70,3.20
2008.05.16 04:20:57.624,1.0467,1.0468,0.70,5.30
2008.05.16 04:20:57.711,1.04665,1.0467,0.70,4.00
2008.05.16 04:20:57.796,1.04665,1.0468,0.70,6.60
2008.05.16 04:20:57.891,1.04665,1.0468,0.70,3.40
2008.05.16 04:20:57.965,1.0466,1.0468,22.40,4.00
2008.05.16 04:20:58.050,1.0466,1.0468,23.40,9.00
2008.05.16 04:20:58.134,1.0466,1.0468,23.40,13.00
2008.05.16 04:20:58.219,1.0466,1.0468,23.60,12.80
2008.05.16 04:20:58.303,1.0466,1.0468,23.60,16.80
2008.05.16 04:20:58.387,1.0466,1.0468,23.60,17.20
2008.05.16 04:20:59.598,1.0467,1.04685,0.70,0.10
2008.05.16 04:20:59.938,1.0468,1.04685,2.40,0.10
2008.05.16 04:21:00.074,1.0468,1.0469,2.40,5.90
2008.05.16 04:21:00.124,1.0468,1.0469,3.10,5.30
2008.05.16 04:21:00.269,1.0468,1.0469,7.10,5.30
2008.05.16 04:21:00.344,1.0468,1.0469,11.10,5.30
2008.05.16 04:21:00.394,1.0468,1.0469,11.50,1.20
2008.05.16 04:21:00.444,1.0468,1.0469,12.30,1.20
2008.05.16 04:21:00.494,1.0468,1.0469,20.30,1.20
2008.05.16 04:21:00.543,1.0468,1.0469,20.80,1.20
2008.05.16 04:21:00.823,1.0468,1.0469,27.20,1.20
2008.05.16 04:21:03.414,1.0468,1.0469,26.40,1.20
2008.05.16 04:21:03.489,1.0468,1.0469,22.40,5.20
2008.05.16 04:21:03.765,1.0468,1.0469,14.40,5.60
2008.05.16 04:21:03.969,1.0468,1.0469,13.60,5.60
2008.05.16 04:21:06.451,1.0468,1.0469,11.20,5.60
2008.05.16 04:21:06.516,1.0468,1.0469,4.00,10.50
2008.05.16 04:21:06.581,1.0468,1.0469,4.00,11.00
2008.05.16 04:21:06.710,1.0467,1.0469,24.50,15.60
2008.05.16 04:21:06.780,1.0467,1.0469,24.50,19.60
2008.05.16 04:21:06.886,1.0467,1.0469,22.90,19.60
2008.05.16 04:21:07.001,1.0467,1.0469,22.40,19.60
2008.05.16 04:21:10.058,1.0467,1.0469,22.40,22.00
2008.05.16 04:21:10.171,1.0467,1.04685,21.60,0.50
2008.05.16 04:21:10.286,1.0467,1.0468,21.60,4.00
2008.05.16 04:21:10.371,1.0467,1.0468,13.60,4.00
2008.05.16 04:21:10.800,1.0467,1.0468,13.60,4.40
2008.05.16 04:21:11.516,1.0467,1.0468,6.80,8.60
2008.05.16 04:21:11.690,1.0467,1.0468,4.00,13.00
2008.05.16 04:21:12.246,1.0466,1.0468,23.30,13.60
2008.05.16 04:21:12.421,1.0466,1.0468,23.30,17.60
2008.05.16 04:21:12.484,1.0466,1.0468,23.30,17.60
2008.05.16 04:21:13.959,1.0466,1.0468,23.30,17.90
2008.05.16 04:21:14.275,1.0466,1.0468,23.30,18.20
2008.05.16 04:21:14.624,1.0466,1.04675,22.60,0.50
2008.05.16 04:21:14.665,1.0466,1.04675,22.00,0.50
2008.05.16 04:21:14.705,1.0466,1.04675,21.90,0.50
2008.05.16 04:21:14.745,1.0466,1.0467,21.90,4.00
2008.05.16 04:21:14.845,1.0466,1.0467,21.60,4.00
2008.05.16 04:21:14.955,1.0466,1.0467,13.60,4.00
2008.05.16 04:21:15.077,1.0466,1.0467,17.60,4.00
2008.05.16 04:21:15.201,1.0466,1.0467,13.60,4.00
2008.05.16 04:21:15.326,1.0466,1.0467,14.60,4.00
2008.05.16 04:21:15.452,1.0466,1.0467,15.30,4.00
2008.05.16 04:21:15.711,1.0466,1.0468,23.30,18.20
2008.05.16 04:21:18.915,1.0466,1.0468,23.30,18.40
2008.05.16 04:21:20.838,1.0466,1.04675,22.60,0.50
2008.05.16 04:21:21.004,1.0466,1.0467,22.60,4.00
2008.05.16 04:21:21.059,1.0466,1.0467,22.20,4.00
2008.05.16 04:21:21.279,1.0466,1.0467,18.20,4.40
2008.05.16 04:21:21.359,1.0466,1.0467,14.20,4.40
2008.05.16 04:21:21.879,1.0466,1.0467,14.90,4.40
2008.05.16 04:21:21.985,1.0466,1.0467,14.90,0.50
2008.05.16 04:21:22.090,1.0466,1.0468,15.30,27.80
2008.05.16 04:21:22.186,1.0466,1.0468,15.30,27.00
2008.05.16 04:21:22.424,1.0466,1.0468,23.30,19.00
2008.05.16 04:21:35.375,1.0466,1.04675,22.60,0.50
2008.05.16 04:21:35.563,1.0466,1.0467,22.60,4.00
2008.05.16 04:21:35.657,1.0466,1.0467,22.20,4.00
2008.05.16 04:21:35.754,1.0466,1.0467,14.20,4.00
2008.05.16 04:21:36.193,1.0466,1.0467,14.20,4.40
2008.05.16 04:21:36.724,1.0466,1.0467,14.60,4.00
2008.05.16 04:21:36.863,1.0466,1.0467,15.30,4.00
2008.05.16 04:21:37.015,1.0466,1.0468,15.30,27.80
2008.05.16 04:21:37.200,1.0466,1.0468,15.30,27.00
2008.05.16 04:21:37.274,1.0466,1.0468,23.30,19.00
2008.05.16 04:21:39.485,1.0466,1.0468,23.30,19.80
2008.05.16 04:21:39.585,1.0466,1.0468,22.90,19.20
2008.05.16 04:21:41.398,1.0466,1.0468,26.90,15.20
2008.05.16 04:21:41.475,1.0467,1.0468,2.40,13.20
2008.05.16 04:21:41.614,1.0467,1.0468,2.40,12.60
2008.05.16 04:21:41.702,1.0467,1.0468,6.40,12.60
2008.05.16 04:21:41.840,1.0467,1.0468,6.80,8.60
2008.05.16 04:21:41.924,1.0467,1.0468,6.40,13.20
2008.05.16 04:21:42.050,1.0466,1.0468,22.90,17.90
2008.05.16 04:21:42.238,1.0466,1.0468,22.90,18.40
2008.05.16 04:21:42.407,1.0466,1.0468,22.90,18.00
2008.05.16 04:21:42.744,1.0466,1.0468,22.90,18.40
2008.05.16 04:21:56.226,1.0466,1.0468,22.90,19.20
2008.05.16 04:21:56.288,1.0466,1.0468,23.10,19.20
2008.05.16 04:21:56.443,1.0466,1.0468,23.10,18.40
2008.05.16 04:21:56.617,1.0466,1.0468,23.60,17.80
2008.05.16 04:21:56.685,1.0466,1.0468,23.60,17.50
2008.05.16 04:22:01.784,1.0466,1.0468,23.60,17.70
2008.05.16 04:22:01.833,1.04665,1.0468,0.70,17.20
2008.05.16 04:22:01.873,1.04665,1.0468,1.20,17.20
2008.05.16 04:22:01.913,1.0467,1.0468,2.40,13.20
2008.05.16 04:22:02.016,1.0467,1.0468,6.40,12.60
2008.05.16 04:22:02.106,1.0467,1.0468,6.40,8.60
2008.05.16 04:22:02.214,1.0467,1.0468,6.40,12.60
2008.05.16 04:22:02.255,1.0467,1.0468,4.00,12.80
2008.05.16 04:22:02.388,1.0467,1.0468,4.00,13.20
2008.05.16 04:22:02.657,1.0466,1.0468,25.20,13.70
2008.05.16 04:22:02.790,1.0466,1.0468,23.60,13.70
2008.05.16 04:22:02.925,1.0466,1.0468,23.60,17.70
2008.05.16 04:22:03.459,1.0466,1.0468,23.60,18.00
2008.05.16 04:22:07.796,1.0466,1.0468,23.30,18.00
2008.05.16 04:22:10.066,1.0466,1.0468,23.60,17.40
2008.05.16 04:22:14.146,1.0466,1.0468,27.60,13.40
2008.05.16 04:22:14.168,1.0466,1.0468,28.80,13.40
2008.05.16 04:22:14.194,1.04665,1.0468,0.50,13.40
2008.05.16 04:22:14.321,1.0467,1.0468,2.40,13.40
2008.05.16 04:22:14.412,1.0467,1.0468,2.80,13.20
2008.05.16 04:22:14.445,1.0467,1.0468,6.80,13.20
2008.05.16 04:22:14.466,1.0467,1.0468,6.80,12.60
2008.05.16 04:22:14.626,1.0467,1.0468,6.80,8.60
2008.05.16 04:22:14.674,1.0467,1.0468,6.80,12.60
2008.05.16 04:22:14.747,1.0467,1.0468,4.00,12.80
2008.05.16 04:22:14.883,1.0467,1.0468,4.00,13.40
2008.05.16 04:22:14.969,1.0466,1.0468,26.00,13.40
2008.05.16 04:22:15.060,1.0466,1.0468,23.60,17.60
2008.05.16 04:22:16.046,1.0466,1.0468,23.30,17.90
2008.05.16 04:22:24.865,1.0466,1.0468,23.10,17.90
2008.05.16 04:22:25.386,1.0466,1.0468,23.20,17.90
2008.05.16 04:22:43.313,1.0467,1.0468,2.40,17.90
2008.05.16 04:22:43.424,1.0467,1.0468,6.40,13.90
2008.05.16 04:22:43.448,1.0467,1.0468,6.40,13.30
2008.05.16 04:22:43.523,1.0467,1.0468,6.40,13.10
2008.05.16 04:22:43.628,1.0467,1.0468,6.40,8.80
2008.05.16 04:22:43.731,1.0467,1.0468,6.80,8.80
2008.05.16 04:22:44.017,1.0467,1.0468,7.20,8.60
2008.05.16 04:22:44.042,1.0467,1.0468,9.60,8.60
2008.05.16 04:22:44.139,1.0467,1.0468,13.60,4.60
2008.05.16 04:23:00.506,1.0467,1.0468,13.60,4.80
2008.05.16 04:23:06.308,1.0467,1.0468,13.60,4.60
2008.05.16 04:23:08.663,1.0467,1.0468,11.20,8.60
2008.05.16 04:23:08.738,1.0467,1.0468,10.80,8.80
2008.05.16 04:23:08.768,1.0467,1.0468,6.80,13.60
2008.05.16 04:23:08.798,1.0467,1.0468,6.40,14.10
2008.05.16 04:23:08.837,1.0467,1.0468,6.40,14.70
2008.05.16 04:23:08.888,1.0467,1.0468,4.00,15.20
2008.05.16 04:23:08.980,1.0466,1.0468,23.20,15.20
2008.05.16 04:23:09.098,1.0466,1.0468,23.20,19.20
2008.05.16 04:23:09.503,1.0466,1.0468,22.90,19.20
2008.05.16 04:23:14.162,1.0466,1.0468,23.20,18.00
2008.05.16 04:23:17.418,1.0466,1.0468,27.20,14.00
2008.05.16 04:23:17.493,1.04665,1.0468,0.50,14.00
2008.05.16 04:23:17.564,1.0467,1.0468,2.40,13.40
2008.05.16 04:23:17.637,1.0467,1.0468,6.40,13.40
2008.05.16 04:23:17.670,1.0467,1.0468,6.40,12.80
2008.05.16 04:23:17.782,1.0467,1.0468,6.80,12.80
2008.05.16 04:23:17.901,1.0467,1.0468,6.80,8.80
2008.05.16 04:23:18.041,1.0467,1.0468,9.20,8.80
2008.05.16 04:23:18.077,1.0467,1.0468,9.60,8.60
2008.05.16 04:23:18.137,1.0467,1.0468,13.60,4.60
2008.05.16 04:23:34.872,1.0467,1.0468,13.60,4.80
2008.05.16 04:23:36.835,1.0467,1.0468,13.60,5.10
2008.05.16 04:23:48.029,1.0467,1.0468,13.60,4.80
2008.05.16 04:23:49.428,1.0467,1.0468,13.20,5.10
2008.05.16 04:23:49.463,1.0467,1.0468,6.80,9.10
2008.05.16 04:23:49.498,1.0467,1.0468,6.40,9.30
2008.05.16 04:23:49.555,1.0467,1.0468,6.40,13.30
2008.05.16 04:23:49.592,1.0467,1.0468,6.40,13.90
2008.05.16 04:23:49.606,1.0467,1.0468,4.00,13.90
2008.05.16 04:23:49.658,1.04665,1.0468,0.50,13.90
2008.05.16 04:23:49.804,1.04665,1.0468,0.50,17.90
2008.05.16 04:23:55.617,1.04665,1.0468,1.20,17.30
2008.05.16 04:23:55.638,1.04665,1.0468,1.20,13.30
2008.05.16 04:23:55.708,1.0467,1.0468,2.40,12.80
2008.05.16 04:23:55.751,1.0467,1.0468,6.40,12.80
2008.05.16 04:23:55.822,1.0467,1.0468,6.80,8.80
2008.05.16 04:23:56.216,1.0467,1.0468,7.20,8.60
2008.05.16 04:23:56.408,1.0467,1.0468,13.60,4.60
2008.05.16 04:24:07.497,1.0467,1.0468,11.20,4.60
2008.05.16 04:24:07.711,1.0467,1.0468,15.20,4.60
2008.05.16 04:24:07.765,1.0467,1.0468,15.20,4.00
2008.05.16 04:24:07.875,1.0467,1.0468,16.00,4.00
2008.05.16 04:24:07.930,1.0467,1.0469,16.00,25.60
2008.05.16 04:24:08.189,1.0467,1.0469,24.00,17.60
2008.05.16 04:24:11.266,1.0467,1.0469,24.00,17.40
2008.05.16 04:24:36.580,1.0467,1.04685,23.20,0.50
2008.05.16 04:24:36.698,1.0467,1.0468,19.20,4.00
2008.05.16 04:24:36.826,1.0467,1.0468,21.60,4.50
2008.05.16 04:24:36.954,1.0467,1.0468,13.60,4.50
2008.05.16 04:24:47.414,1.0467,1.0468,13.60,4.80
2008.05.16 04:24:52.375,1.0467,1.0468,13.60,5.00
2008.05.16 04:25:07.404,1.0467,1.0468,13.20,5.20
2008.05.16 04:25:07.455,1.0467,1.0468,6.80,9.20
2008.05.16 04:25:07.486,1.0467,1.0468,6.40,9.20
2008.05.16 04:25:07.560,1.0467,1.0468,6.40,13.20
2008.05.16 04:25:07.584,1.0467,1.0468,4.00,13.30
2008.05.16 04:25:07.604,1.0467,1.0468,4.00,13.90
2008.05.16 04:25:07.667,1.04665,1.0468,0.50,14.70
2008.05.16 04:25:07.694,1.04665,1.0468,0.50,15.00
2008.05.16 04:25:07.764,1.0466,1.0468,23.20,15.00
2008.05.16 04:25:07.790,1.0466,1.0468,23.20,19.00
2008.05.16 04:25:08.420,1.0466,1.0468,23.10,19.00
2008.05.16 04:25:09.242,1.0466,1.0468,22.90,19.00
2008.05.16 04:25:11.012,1.0466,1.0468,23.70,19.00
2008.05.16 04:25:11.135,1.04665,1.0468,0.70,18.40
2008.05.16 04:25:11.208,1.0467,1.0468,4.00,14.40
2008.05.16 04:25:11.282,1.0467,1.0468,6.80,13.30
2008.05.16 04:25:11.357,1.0467,1.0468,6.80,9.30
2008.05.16 04:25:11.432,1.0467,1.0468,6.80,9.00
2008.05.16 04:25:11.754,1.0467,1.0468,9.60,8.80
2008.05.16 04:25:11.829,1.0467,1.0468,13.60,4.80
2008.05.16 04:25:13.200,1.0467,1.0468,13.60,5.00
2008.05.16 04:25:15.604,1.0467,1.0468,13.60,5.60
2008.05.16 04:25:15.666,1.0467,1.0468,3.20,14.40
2008.05.16 04:25:15.690,1.0467,1.0468,2.80,14.40
2008.05.16 04:25:15.702,1.0467,1.0468,2.40,14.60
2008.05.16 04:25:15.777,1.0466,1.0468,22.90,15.00
2008.05.16 04:25:15.897,1.0466,1.0468,22.90,19.00
2008.05.16 04:25:31.960,1.0466,1.0468,22.90,18.90
2008.05.16 04:25:41.297,1.0466,1.0468,22.50,18.90
2008.05.16 04:25:54.870,1.0466,1.0468,22.90,18.90
2008.05.16 04:26:15.866,1.0466,1.0468,22.90,14.90
2008.05.16 04:27:14.175,1.0466,1.0468,22.90,20.50
2008.05.16 04:27:14.237,1.0466,1.0468,22.40,20.60
2008.05.16 04:27:14.297,1.0466,1.0468,22.40,22.80
2008.05.16 04:27:14.357,1.0466,1.04675,21.60,0.50
2008.05.16 04:27:14.476,1.0466,1.0467,21.60,4.00
2008.05.16 04:27:14.742,1.0466,1.0467,21.60,4.20
2008.05.16 04:27:14.802,1.0466,1.0467,21.60,8.20
2008.05.16 04:27:14.862,1.0466,1.0467,13.60,8.60
2008.05.16 04:27:16.919,1.0466,1.0467,17.60,8.60
2008.05.16 04:27:16.958,1.0466,1.0467,15.20,8.20
2008.05.16 04:27:16.987,1.0466,1.0467,15.20,8.00
2008.05.16 04:27:17.026,1.0466,1.0467,15.20,4.00
2008.05.16 04:27:17.137,1.0466,1.04675,15.20,0.50
2008.05.16 04:27:17.158,1.0466,1.0468,16.00,27.80
2008.05.16 04:27:17.274,1.0466,1.0468,16.00,26.20
2008.05.16 04:27:17.368,1.0466,1.0468,16.00,26.10
2008.05.16 04:27:17.576,1.0466,1.0468,24.00,18.10
2008.05.16 04:27:23.989,1.0466,1.0467,24.00,2.40
2008.05.16 04:27:24.117,1.0466,1.0467,24.00,3.20
2008.05.16 04:27:24.196,1.0466,1.0467,19.60,8.00
2008.05.16 04:27:24.277,1.04655,1.0466,1.20,4.20
2008.05.16 04:27:24.438,1.0466,1.04665,12.00,0.80
2008.05.16 04:27:24.518,1.0465,1.0466,19.00,4.00
2008.05.16 04:27:24.678,1.0466,1.0467,8.00,14.50
2008.05.16 04:27:24.759,1.0466,1.0467,8.00,12.90
2008.05.16 04:27:24.925,1.0465,1.0467,26.50,17.30
2008.05.16 04:27:25.007,1.0465,1.0467,18.50,25.30
2008.05.16 04:27:25.252,1.0465,1.0467,26.50,17.30
2008.05.16 04:27:25.851,1.04655,1.04675,0.70,0.50
2008.05.16 04:27:26.773,1.04655,1.0467,0.70,11.20
2008.05.16 04:27:27.033,1.0465,1.04665,19.20,0.50
2008.05.16 04:27:27.119,1.04655,1.0466,0.70,4.00
2008.05.16 04:27:27.288,1.04655,1.0467,0.70,12.10
2008.05.16 04:27:27.374,1.04655,1.0467,0.70,8.10
2008.05.16 04:27:27.637,1.04655,1.0467,0.70,0.20
2008.05.16 04:27:27.806,1.04655,1.04675,0.70,0.50
2008.05.16 04:27:28.633,1.04655,1.04675,1.20,0.50
2008.05.16 04:27:28.874,1.0466,1.0468,5.10,18.20
2008.05.16 04:27:29.028,1.0466,1.0468,9.10,18.10
2008.05.16 04:27:29.183,1.0466,1.0468,8.70,18.10
2008.05.16 04:27:29.338,1.0466,1.0468,13.20,18.00
2008.05.16 04:27:29.493,1.0466,1.04675,12.50,0.50
2008.05.16 04:27:29.647,1.0466,1.04675,8.50,0.50
2008.05.16 04:27:29.807,1.04655,1.04675,0.70,0.50
2008.05.16 04:27:31.160,1.0465,1.04665,32.20,0.50
2008.05.16 04:27:31.241,1.0465,1.0466,25.00,4.00
2008.05.16 04:27:31.314,1.0465,1.0466,23.40,4.00
2008.05.16 04:27:31.383,1.0465,1.0466,23.40,4.40
2008.05.16 04:27:31.466,1.0465,1.0466,22.20,4.40
2008.05.16 04:27:31.535,1.0465,1.0466,14.20,4.40
2008.05.16 04:27:31.763,1.0465,1.0466,14.20,4.60
2008.05.16 04:27:31.942,1.0465,1.0466,13.60,8.60
2008.05.16 04:27:35.409,1.0465,1.0466,13.60,8.20
2008.05.16 04:27:35.620,1.0465,1.0466,14.20,4.00
2008.05.16 04:27:35.830,1.0465,1.0466,17.60,4.00
2008.05.16 04:27:36.040,1.04655,1.0467,0.70,8.00
2008.05.16 04:27:36.383,1.04655,1.04675,0.70,0.50
2008.05.16 04:27:40.581,1.04655,1.0467,0.70,0.80
2008.05.16 04:27:40.731,1.0465,1.04665,23.40,0.50
2008.05.16 04:27:40.816,1.0465,1.0466,22.80,4.00
2008.05.16 04:27:40.985,1.0465,1.0466,21.60,4.00
2008.05.16 04:27:41.100,1.0465,1.0466,13.60,4.00
2008.05.16 04:27:41.269,1.0465,1.0466,13.60,4.20
2008.05.16 04:27:41.354,1.0465,1.0466,13.60,8.60
2008.05.16 04:27:48.892,1.0465,1.0466,13.60,8.20
2008.05.16 04:27:48.972,1.0465,1.0466,14.90,4.20
2008.05.16 04:27:49.053,1.0465,1.0466,14.90,4.00
2008.05.16 04:27:49.134,1.0465,1.0467,14.90,25.60
2008.05.16 04:27:49.214,1.0465,1.0467,22.90,17.30
2008.05.16 04:27:53.394,1.0465,1.0467,26.90,13.30
2008.05.16 04:27:53.613,1.0465,1.0467,26.10,13.30
2008.05.16 04:27:56.895,1.0465,1.0467,24.50,13.30
2008.05.16 04:28:00.076,1.0465,1.0467,22.10,13.30
2008.05.16 04:28:00.147,1.0465,1.0467,21.70,15.70
2008.05.16 04:28:00.244,1.0465,1.0467,21.20,15.70
2008.05.16 04:28:00.316,1.0465,1.0467,19.60,18.90
2008.05.16 04:28:00.385,1.0465,1.0467,19.60,21.30
2008.05.16 04:28:00.456,1.0465,1.04665,18.80,0.50
2008.05.16 04:28:00.525,1.0465,1.0466,18.80,4.00
2008.05.16 04:28:00.757,1.0465,1.0466,18.80,0.30
2008.05.16 04:28:00.853,1.0465,1.0466,10.80,4.60
2008.05.16 04:28:05.142,1.0465,1.0466,11.20,4.60
2008.05.16 04:28:06.172,1.0465,1.0466,11.20,4.20
2008.05.16 04:28:08.585,1.0465,1.0466,11.20,4.60
2008.05.16 04:28:09.636,1.0465,1.0466,11.20,4.40
2008.05.16 04:28:09.668,1.0465,1.0466,12.00,4.40
2008.05.16 04:28:09.765,1.0465,1.0466,12.50,4.00
2008.05.16 04:28:09.874,1.0465,1.0466,16.50,4.00
2008.05.16 04:28:09.957,1.0465,1.0466,15.80,0.90
2008.05.16 04:28:10.146,1.0465,1.0466,16.50,0.80
2008.05.16 04:28:10.241,1.0465,1.0466,16.10,0.80
2008.05.16 04:28:10.524,1.0465,1.0466,24.10,0.80
2008.05.16 04:28:11.588,1.0465,1.0466,23.40,0.80
2008.05.16 04:28:11.708,1.0465,1.0466,19.40,0.80
2008.05.16 04:28:11.831,1.0465,1.0466,19.40,1.20
2008.05.16 04:28:11.886,1.0465,1.0466,11.40,1.20
2008.05.16 04:28:12.151,1.0465,1.0466,10.80,1.20
2008.05.16 04:28:12.212,1.0465,1.0466,10.80,1.40
2008.05.16 04:28:12.292,1.0465,1.0466,10.80,1.80
2008.05.16 04:28:12.350,1.0465,1.0466,10.80,5.80
2008.05.16 04:28:12.493,1.0465,1.0466,10.80,4.80
2008.05.16 04:28:13.842,1.0465,1.0466,10.80,5.00
2008.05.16 04:28:15.302,1.0465,1.0466,11.20,5.00
2008.05.16 04:28:16.222,1.0465,1.0466,11.20,4.80
2008.05.16 04:28:19.901,1.0465,1.0466,11.20,4.60
2008.05.16 04:28:19.950,1.0465,1.0466,15.20,0.60
2008.05.16 04:28:19.966,1.0465,1.0466,16.00,0.30
2008.05.16 04:28:20.038,1.0465,1.0467,16.00,18.30
2008.05.16 04:28:20.133,1.0465,1.0467,16.50,18.30
2008.05.16 04:28:20.150,1.0465,1.0467,24.50,10.30
2008.05.16 04:28:20.364,1.0465,1.0467,24.10,10.30
2008.05.16 04:28:20.377,1.0465,1.0467,24.10,10.20
2008.05.16 04:28:25.320,1.0465,1.0467,24.50,10.20
2008.05.16 04:28:36.829,1.0465,1.0467,24.50,12.60
2008.05.16 04:28:36.888,1.04655,1.0467,0.70,12.00
2008.05.16 04:28:36.948,1.04655,1.0467,0.70,11.80
2008.05.16 04:28:37.006,1.0466,1.0467,4.00,11.80
2008.05.16 04:28:37.154,1.0466,1.0467,4.00,7.80
2008.05.16 04:28:37.262,1.0466,1.0467,4.40,7.80
2008.05.16 04:28:37.457,1.0466,1.0467,4.40,8.00
2008.05.16 04:28:37.513,1.0466,1.0467,8.40,8.00
2008.05.16 04:28:37.568,1.0466,1.0467,8.80,8.00
2008.05.16 04:28:37.623,1.0466,1.0467,11.20,8.00
2008.05.16 04:28:41.098,1.0466,1.0467,11.20,8.60
2008.05.16 04:28:41.156,1.0466,1.0467,10.80,8.60
2008.05.16 04:28:41.176,1.0466,1.0467,10.40,8.60
2008.05.16 04:28:41.196,1.0465,1.0467,26.10,8.60
2008.05.16 04:28:41.284,1.0465,1.0467,24.50,6.20
2008.05.16 04:28:41.385,1.0465,1.0467,24.50,10.20
2008.05.16 04:28:41.406,1.0465,1.0467,20.50,14.20
2008.05.16 04:28:44.283,1.0465,1.0467,20.50,16.60
2008.05.16 04:28:44.332,1.0465,1.04665,19.80,0.50
2008.05.16 04:28:44.377,1.0465,1.04665,19.20,0.50
2008.05.16 04:28:44.631,1.0465,1.0466,19.20,0.20
2008.05.16 04:28:44.721,1.0465,1.0466,11.20,0.60
2008.05.16 04:28:44.828,1.0465,1.0466,11.20,0.80
2008.05.16 04:28:44.964,1.0465,1.0466,11.20,1.10
2008.05.16 04:28:44.994,1.0465,1.0466,11.20,5.10
2008.05.16 04:28:45.597,1.0465,1.0466,11.20,5.40
2008.05.16 04:28:45.938,1.0466,1.04665,6.40,0.30
2008.05.16 04:28:46.109,1.0466,1.0467,10.80,20.00
2008.05.16 04:28:46.449,1.0466,1.0467,11.20,8.00
2008.05.16 04:28:48.381,1.0466,1.0467,11.20,8.60
2008.05.16 04:28:48.408,1.0466,1.0467,8.80,12.60
2008.05.16 04:28:48.437,1.0466,1.0467,8.40,12.60
2008.05.16 04:28:48.489,1.0466,1.0467,8.00,12.60
2008.05.16 04:28:48.516,1.0465,1.0467,18.10,12.60
2008.05.16 04:28:48.640,1.0465,1.0467,18.10,16.60
2008.05.16 04:28:54.368,1.0465,1.0467,17.60,16.60
2008.05.16 04:28:54.544,1.0465,1.0467,20.00,20.60
2008.05.16 04:28:54.650,1.0465,1.0466,19.20,0.60
2008.05.16 04:28:54.746,1.0465,1.0466,19.20,0.80
2008.05.16 04:28:54.942,1.0465,1.0466,19.20,1.10
2008.05.16 04:28:54.997,1.0465,1.0466,19.20,5.10
2008.05.16 04:28:55.166,1.0465,1.0466,11.20,5.10
2008.05.16 04:28:55.374,1.0465,1.0466,11.20,5.20
2008.05.16 04:28:57.764,1.0465,1.0466,8.80,5.20
2008.05.16 04:28:57.955,1.0465,1.0466,8.80,4.90
2008.05.16 04:28:58.015,1.0465,1.0466,8.80,0.60
2008.05.16 04:28:58.063,1.0465,1.0466,9.40,0.60
2008.05.16 04:28:58.114,1.0465,1.04665,9.40,0.50
2008.05.16 04:28:58.174,1.0465,1.0467,10.10,30.20
2008.05.16 04:28:58.214,1.0465,1.0467,10.10,26.20
2008.05.16 04:28:58.300,1.0465,1.0467,10.10,24.60
2008.05.16 04:28:58.503,1.0465,1.0467,18.10,16.60
2008.05.16 04:29:01.873,1.0465,1.04665,17.40,0.50
2008.05.16 04:29:02.064,1.0465,1.0466,19.80,0.60
2008.05.16 04:29:02.128,1.0465,1.0466,11.80,0.60
2008.05.16 04:29:02.220,1.0465,1.0466,11.80,0.70
2008.05.16 04:29:02.316,1.0465,1.0466,11.80,1.50
2008.05.16 04:29:02.381,1.0465,1.0466,11.80,2.20
2008.05.16 04:29:02.447,1.0465,1.0466,11.80,6.20
2008.05.16 04:29:02.511,1.0465,1.0466,11.80,6.40
2008.05.16 04:29:02.652,1.0465,1.0466,11.20,6.40
2008.05.16 04:29:04.795,1.0465,1.0466,11.20,5.60
2008.05.16 04:29:04.829,1.0465,1.0466,11.20,5.40
2008.05.16 04:29:06.659,1.0465,1.0466,11.20,5.20
2008.05.16 04:29:22.096,1.0465,1.0466,11.20,5.10
2008.05.16 04:29:22.304,1.0465,1.0466,11.20,4.60
2008.05.16 04:29:23.457,1.0465,1.0466,11.20,5.00
2008.05.16 04:29:23.795,1.0465,1.0466,11.20,5.20
2008.05.16 04:29:31.596,1.0465,1.0466,11.20,4.80
2008.05.16 04:29:34.595,1.0466,1.04665,2.40,0.80
2008.05.16 04:29:44.563,1.0466,1.04665,2.40,0.80
2008.05.16 04:29:45.599,1.0466,1.04665,2.40,0.80
2008.05.16 04:29:49.004,1.0466,1.04665,2.40,0.80
2008.05.16 04:29:49.169,1.0466,1.04665,2.40,0.50
2008.05.16 04:29:49.324,1.0466,1.04665,2.40,0.50
2008.05.16 04:29:49.424,1.0466,1.0467,2.40,19.80
2008.05.16 04:29:49.515,1.0466,1.0467,2.40,17.90
2008.05.16 04:29:49.631,1.0466,1.0467,2.40,9.90
2008.05.16 04:29:50.036,1.0466,1.0467,2.40,9.60
2008.05.16 04:29:50.206,1.0466,1.0467,2.40,9.30
2008.05.16 04:29:51.093,1.0466,1.0467,2.40,9.60
2008.05.16 04:29:51.717,1.0466,1.0467,2.40,9.20
2008.05.16 04:29:52.199,1.0466,1.0467,2.40,9.50
2008.05.16 04:29:52.243,1.0466,1.0467,2.40,9.70
2008.05.16 04:29:52.548,1.0466,1.0467,2.40,9.80
2008.05.16 04:29:54.024,1.0466,1.0467,2.40,9.20
2008.05.16 04:29:54.096,1.0466,1.0467,2.40,9.30
2008.05.16 04:29:54.407,1.0466,1.0467,2.40,8.80
2008.05.16 04:29:54.468,1.0466,1.0467,10.40,8.80
2008.05.16 04:29:54.528,1.0466,1.0467,10.80,8.80
2008.05.16 04:29:54.588,1.0466,1.0467,13.20,8.80
2008.05.16 04:29:54.650,1.0466,1.0467,13.20,4.80
2008.05.16 04:29:54.916,1.0466,1.0467,13.20,5.00
2008.05.16 04:29:55.123,1.0466,1.0467,13.20,7.40
2008.05.16 04:29:55.226,1.0466,1.0467,13.20,7.20
2008.05.16 04:29:55.641,1.0466,1.0467,13.20,7.10
2008.05.16 04:29:55.895,1.0466,1.0467,13.20,6.80
2008.05.16 04:29:56.253,1.0466,1.0467,13.20,7.20
2008.05.16 04:30:00.206,1.0466,1.0467,13.20,7.40
2008.05.16 04:30:01.633,1.0466,1.0467,12.80,7.40
2008.05.16 04:30:01.685,1.0466,1.0467,2.40,5.60
2008.05.16 04:30:01.801,1.0466,1.0467,2.40,5.80
2008.05.16 04:30:04.396,1.0465,1.0467,19.60,5.80
2008.05.16 04:30:04.537,1.0465,1.0467,19.60,4.80
2008.05.16 04:30:09.118,1.0465,1.0467,19.60,4.20
2008.05.16 04:30:09.154,1.04655,1.0467,0.70,4.20
2008.05.16 04:30:09.183,1.0466,1.0467,8.00,4.20
2008.05.16 04:30:09.219,1.0466,1.0467,10.80,4.20
2008.05.16 04:30:09.388,1.04675,1.0468,2.40,26.00
2008.05.16 04:30:09.890,1.0466,1.0467,4.00,4.80
2008.05.16 04:30:10.028,1.0465,1.0467,19.80,4.80
2008.05.16 04:30:11.026,1.0466,1.0467,2.50,4.80
2008.05.16 04:30:11.164,1.04675,1.0468,2.40,30.30
2008.05.16 04:30:11.975,1.04675,1.0468,2.40,18.80
2008.05.16 04:30:12.460,1.04675,1.0468,2.40,17.70
2008.05.16 04:30:12.580,1.04675,1.0468,2.40,13.70
2008.05.16 04:30:12.700,1.04675,1.0468,2.40,12.80
2008.05.16 04:30:12.821,1.04675,1.0468,2.40,4.80
2008.05.16 04:30:17.139,1.0466,1.04675,23.10,0.50
2008.05.16 04:30:18.147,1.04675,1.0468,2.40,18.40
2008.05.16 04:30:18.256,1.04675,1.0468,2.40,14.40
2008.05.16 04:30:18.368,1.04675,1.0468,2.40,12.80
2008.05.16 04:30:18.531,1.04675,1.0468,2.40,4.80
2008.05.16 04:30:18.850,1.04675,1.0468,2.40,6.40
2008.05.16 04:30:18.961,1.04675,1.0468,2.40,9.20
2008.05.16 04:30:19.398,1.0466,1.0467,14.00,0.30
2008.05.16 04:30:19.774,1.0466,1.0467,13.40,4.20
2008.05.16 04:30:21.935,1.04675,1.0468,2.40,22.10
2008.05.16 04:30:22.061,1.04675,1.0468,2.40,18.40
2008.05.16 04:30:22.156,1.04675,1.0468,2.40,9.80
2008.05.16 04:30:22.182,1.04675,1.0468,2.40,5.80
2008.05.16 04:30:22.238,1.04675,1.0468,2.40,4.20
2008.05.16 04:30:23.575,1.04675,1.0468,2.40,4.80
2008.05.16 04:30:25.439,1.04675,1.0468,2.40,7.20
2008.05.16 04:30:25.539,1.04675,1.0468,2.40,11.00
2008.05.16 04:30:25.647,1.0466,1.04675,21.50,0.50
2008.05.16 04:30:25.915,1.0466,1.0467,21.40,0.30
2008.05.16 04:30:25.960,1.04675,1.0468,1.80,34.50
2008.05.16 04:30:26.005,1.0466,1.0467,13.20,4.20
2008.05.16 04:30:26.751,1.04675,1.0468,1.80,19.20
2008.05.16 04:30:26.922,1.04675,1.0468,0.30,7.40
2008.05.16 04:30:27.092,1.0466,1.0468,19.80,7.20
2008.05.16 04:30:29.712,1.0466,1.0468,19.90,7.20
2008.05.16 04:30:30.319,1.0466,1.0468,22.30,7.20
2008.05.16 04:30:30.410,1.0466,1.04675,22.30,0.50
2008.05.16 04:30:30.541,1.0466,1.04675,21.20,0.50
2008.05.16 04:30:30.753,1.0466,1.0467,13.20,0.80
2008.05.16 04:30:30.996,1.0466,1.0467,13.20,1.00
2008.05.16 04:30:31.091,1.0466,1.0467,13.20,5.00
2008.05.16 04:30:31.708,1.0466,1.0467,11.10,4.80
2008.05.16 04:30:31.814,1.0466,1.0467,11.10,0.80
2008.05.16 04:30:31.910,1.0466,1.0467,19.10,0.80
2008.05.16 04:30:32.004,1.0466,1.0467,19.40,0.80
2008.05.16 04:30:32.202,1.0466,1.0467,19.90,0.80
2008.05.16 04:30:37.142,1.0466,1.0467,20.80,0.80
2008.05.16 04:30:43.982,1.0466,1.0467,23.20,0.80
2008.05.16 04:30:44.093,1.0466,1.0467,24.00,0.80
2008.05.16 04:30:44.211,1.0466,1.0467,24.80,0.80
2008.05.16 04:30:44.344,1.0467,1.0468,4.00,6.60
2008.05.16 04:30:44.427,1.04665,1.0467,0.50,0.80
2008.05.16 04:30:44.453,1.0467,1.0468,8.40,6.60
2008.05.16 04:30:44.500,1.0467,1.0468,8.40,6.60
2008.05.16 04:30:46.583,1.0467,1.0468,8.40,7.00
2008.05.16 04:30:47.718,1.0467,1.0468,8.40,4.60
2008.05.16 04:30:47.860,1.0467,1.0468,8.40,5.20
2008.05.16 04:30:47.959,1.04665,1.0468,0.50,5.20
2008.05.16 04:30:48.123,1.04665,1.0468,0.50,9.20
2008.05.16 04:30:48.953,1.04665,1.0468,0.50,9.30
2008.05.16 04:30:49.197,1.0466,1.0468,21.80,9.30
2008.05.16 04:30:49.617,1.0466,1.04675,21.80,0.50
2008.05.16 04:30:49.784,1.0466,1.04675,19.60,0.50
2008.05.16 04:30:49.976,1.0466,1.04675,11.20,0.50
2008.05.16 04:30:50.357,1.0466,1.0467,11.20,4.20
2008.05.16 04:30:51.188,1.0466,1.04675,11.20,0.50
2008.05.16 04:30:51.327,1.0466,1.04675,11.80,0.50
2008.05.16 04:30:51.466,1.0466,1.0468,12.30,21.90
2008.05.16 04:30:51.606,1.0466,1.0468,12.30,17.90
2008.05.16 04:30:51.745,1.0466,1.0468,20.80,9.60
2008.05.16 04:30:51.885,1.0466,1.0468,20.80,9.60
2008.05.16 04:30:54.260,1.0466,1.0468,20.80,9.30
2008.05.16 04:30:54.793,1.0467,1.0468,2.40,9.30
2008.05.16 04:30:54.974,1.0467,1.0468,2.40,9.20
2008.05.16 04:30:55.167,1.0467,1.0468,2.40,8.60
2008.05.16 04:30:55.362,1.0467,1.0468,6.40,8.60
2008.05.16 04:30:55.567,1.0467,1.0468,10.80,4.80
2008.05.16 04:30:57.259,1.0467,1.0468,10.80,4.60
2008.05.16 04:31:09.190,1.0467,1.0468,10.80,4.40
2008.05.16 04:31:09.215,1.0467,1.0468,10.80,0.50
2008.05.16 04:31:09.349,1.0467,1.04685,9.60,0.50
2008.05.16 04:31:09.450,1.0467,1.0469,10.00,24.20
2008.05.16 04:31:09.503,1.0467,1.0469,10.00,24.00
2008.05.16 04:31:09.527,1.0468,1.0469,0.80,16.00
2008.05.16 04:31:09.563,1.0468,1.0469,0.80,12.50
2008.05.16 04:31:09.658,1.0468,1.0469,0.80,12.40
2008.05.16 04:31:09.683,1.0468,1.0469,0.80,8.40
2008.05.16 04:31:09.773,1.0468,1.0469,0.80,0.60
2008.05.16 04:31:09.971,1.0468,1.0469,0.80,0.30
2008.05.16 04:31:13.523,1.0468,1.0469,0.80,2.60
2008.05.16 04:31:13.597,1.0468,1.04685,0.80,0.50
2008.05.16 04:31:13.747,1.04675,1.04685,1.20,0.50
2008.05.16 04:31:13.796,1.04675,1.0468,1.20,0.50
2008.05.16 04:31:13.943,1.0467,1.0468,11.20,0.50
2008.05.16 04:31:14.016,1.0467,1.0468,11.20,4.40
2008.05.16 04:31:14.067,1.0467,1.0468,11.20,4.60
2008.05.16 04:31:19.788,1.0467,1.0468,11.20,4.80
2008.05.16 04:31:20.238,1.0467,1.0468,11.20,4.60
2008.05.16 04:31:21.969,1.0467,1.0468,7.20,4.60
2008.05.16 04:31:22.139,1.0467,1.0468,3.30,4.60
2008.05.16 04:31:22.309,1.0467,1.0468,3.30,8.60
2008.05.16 04:31:24.508,1.0467,1.0468,3.30,8.80
2008.05.16 04:31:27.943,1.0467,1.0468,4.10,8.80
2008.05.16 04:31:31.941,1.0467,1.0468,4.90,8.80
2008.05.16 04:31:35.769,1.0467,1.0468,4.90,8.60
2008.05.16 04:31:36.067,1.0467,1.0468,5.70,8.60
2008.05.16 04:31:40.100,1.0467,1.0468,6.50,8.60
2008.05.16 04:31:44.085,1.0467,1.0468,7.30,8.60
2008.05.16 04:31:46.317,1.0467,1.0468,7.30,9.00
2008.05.16 04:31:47.690,1.0467,1.0468,7.30,8.80
2008.05.16 04:31:50.761,1.0467,1.0468,7.30,9.20
2008.05.16 04:31:51.492,1.0467,1.0468,7.30,9.00
2008.05.16 04:31:51.810,1.0467,1.0468,7.30,8.60
2008.05.16 04:31:52.054,1.0467,1.0468,7.30,8.80
2008.05.16 04:31:52.541,1.0467,1.0468,7.30,8.60
2008.05.16 04:32:00.314,1.0467,1.0468,7.50,8.60
2008.05.16 04:32:01.359,1.0467,1.0468,7.30,8.60
2008.05.16 04:32:14.400,1.0467,1.0468,4.90,8.60
2008.05.16 04:32:14.426,1.0467,1.0468,4.90,8.40
2008.05.16 04:32:14.470,1.0467,1.0468,10.40,4.40
2008.05.16 04:32:14.508,1.0467,1.0468,10.60,4.00
2008.05.16 04:32:14.677,1.0467,1.04685,10.60,0.10
2008.05.16 04:32:15.122,1.0467,1.04685,18.60,0.10
2008.05.16 04:32:15.324,1.0467,1.0469,18.60,17.20
2008.05.16 04:32:16.351,1.0467,1.0469,18.60,17.50
2008.05.16 04:32:24.536,1.0467,1.0469,18.80,17.50
2008.05.16 04:32:25.478,1.0467,1.0469,18.80,17.20
2008.05.16 04:32:41.925,1.0467,1.0469,19.20,17.20
2008.05.16 04:32:42.230,1.0467,1.0469,19.20,17.00
2008.05.16 04:32:45.142,1.0467,1.0469,18.80,17.00
2008.05.16 04:32:45.337,1.0467,1.04685,18.80,0.50
2008.05.16 04:32:45.398,1.0467,1.04685,17.20,0.50
2008.05.16 04:32:45.446,1.0467,1.0468,17.20,2.40
2008.05.16 04:32:45.502,1.0467,1.0468,17.20,6.40
2008.05.16 04:32:45.557,1.0467,1.0468,16.80,6.40
2008.05.16 04:32:45.653,1.0467,1.0468,8.80,6.40
2008.05.16 04:32:45.752,1.0467,1.0468,8.80,6.80
2008.05.16 04:32:45.911,1.0467,1.0468,8.80,10.80
2008.05.16 04:32:45.933,1.0467,1.0468,8.80,11.00
2008.05.16 04:32:48.185,1.0467,1.0468,8.80,8.20
2008.05.16 04:32:48.260,1.0468,1.0469,0.60,22.80
2008.05.16 04:32:48.335,1.0468,1.0469,5.20,25.20
2008.05.16 04:32:48.409,1.0468,1.0469,5.60,22.80
2008.05.16 04:32:48.560,1.0468,1.0469,9.60,22.60
2008.05.16 04:32:48.709,1.0468,1.0469,9.60,10.60
2008.05.16 04:32:53.113,1.0468,1.0469,9.60,11.00
2008.05.16 04:32:55.704,1.0468,1.0469,9.60,10.80
2008.05.16 04:32:57.364,1.0468,1.0469,9.60,11.00
2008.05.16 04:32:58.885,1.0468,1.0469,11.20,11.00
2008.05.16 04:32:58.910,1.0468,1.0469,11.20,10.80
2008.05.16 04:32:58.930,1.0468,1.0469,11.20,10.60
2008.05.16 04:32:58.983,1.0468,1.0469,11.20,6.60
2008.05.16 04:32:59.026,1.0468,1.0469,11.20,4.00
2008.05.16 04:32:59.313,1.0468,1.047,11.20,24.30
2008.05.16 04:32:59.631,1.0468,1.047,19.20,16.30
2008.05.16 04:33:00.763,1.0468,1.047,19.20,16.40
2008.05.16 04:33:01.847,1.0468,1.047,20.00,16.40
2008.05.16 04:33:03.748,1.0468,1.047,18.40,18.00
2008.05.16 04:33:03.832,1.0468,1.0469,18.40,2.80
2008.05.16 04:33:03.963,1.0468,1.0469,16.80,6.80
2008.05.16 04:33:04.243,1.0468,1.0469,16.80,7.20
2008.05.16 04:33:04.373,1.0468,1.0469,8.80,11.20
2008.05.16 04:33:04.504,1.0468,1.0469,11.20,4.00
2008.05.16 04:33:04.769,1.0468,1.047,12.00,24.40
2008.05.16 04:33:05.052,1.0468,1.047,20.00,16.40
2008.05.16 04:33:14.810,1.0468,1.04695,19.20,0.50
2008.05.16 04:33:14.855,1.0468,1.0469,19.20,0.30
2008.05.16 04:33:14.974,1.0468,1.0469,21.60,4.20
2008.05.16 04:33:15.076,1.0468,1.0469,22.00,4.00
2008.05.16 04:33:15.138,1.04685,1.0469,0.70,4.00
2008.05.16 04:33:15.193,1.0469,1.047,4.00,23.80
2008.05.16 04:33:15.285,1.0469,1.047,4.40,19.00
2008.05.16 04:33:16.584,1.0469,1.047,8.80,11.00
2008.05.16 04:33:19.605,1.0469,1.047,8.80,11.60
2008.05.16 04:33:19.661,1.0469,1.047,8.80,11.60
2008.05.16 04:33:19.753,1.0468,1.047,22.60,11.60
2008.05.16 04:33:19.825,1.0468,1.047,20.80,11.60
2008.05.16 04:33:19.914,1.0468,1.04695,20.10,0.50
2008.05.16 04:33:19.969,1.0468,1.0469,18.50,6.40
2008.05.16 04:33:20.035,1.0468,1.0469,18.20,6.40
2008.05.16 04:33:20.115,1.0468,1.0469,17.60,6.40
2008.05.16 04:33:20.170,1.0468,1.0469,9.60,6.40
2008.05.16 04:33:20.341,1.0468,1.0469,9.60,6.80
2008.05.16 04:33:20.412,1.0468,1.0469,9.60,7.00
2008.05.16 04:33:20.535,1.0468,1.0469,9.60,11.00
2008.05.16 04:33:21.955,1.0468,1.0469,9.60,10.80
2008.05.16 04:33:21.995,1.0468,1.0469,11.20,4.40
2008.05.16 04:33:22.068,1.0468,1.0469,11.20,4.00
2008.05.16 04:33:22.106,1.0468,1.0469,12.00,4.00
2008.05.16 04:33:22.184,1.0468,1.04695,10.40,0.10
2008.05.16 04:33:22.223,1.0468,1.0469,10.40,2.80
2008.05.16 04:33:22.284,1.0468,1.0469,10.40,2.40
2008.05.16 04:33:22.409,1.0468,1.0469,9.60,2.40
2008.05.16 04:33:22.439,1.0468,1.0469,17.60,2.40
2008.05.16 04:33:22.496,1.0468,1.0469,17.60,6.40
2008.05.16 04:33:22.698,1.0468,1.0469,17.60,10.40
2008.05.16 04:33:22.747,1.0468,1.0469,17.60,10.60
2008.05.16 04:33:22.819,1.0468,1.0469,9.60,11.00
2008.05.16 04:33:22.901,1.0468,1.0469,11.20,11.00
2008.05.16 04:33:22.940,1.0468,1.0469,11.20,8.00
2008.05.16 04:33:23.005,1.0468,1.0469,11.20,4.00
2008.05.16 04:33:23.175,1.0468,1.0469,12.80,4.00
2008.05.16 04:33:23.345,1.0468,1.047,12.80,24.40
2008.05.16 04:33:23.514,1.0468,1.047,20.80,15.60
2008.05.16 04:33:23.684,1.0468,1.047,20.00,15.60
2008.05.16 04:33:23.853,1.0468,1.047,20.00,15.60
2008.05.16 04:33:26.923,1.0468,1.047,22.40,15.60
2008.05.16 04:33:30.397,1.0468,1.04695,21.60,0.50
2008.05.16 04:33:30.524,1.0468,1.0469,17.60,4.00
2008.05.16 04:33:30.627,1.0468,1.0469,17.60,6.40
2008.05.16 04:33:30.814,1.0468,1.0469,9.60,6.80
2008.05.16 04:33:30.964,1.0468,1.0469,9.60,11.00
2008.05.16 04:33:31.639,1.0468,1.0469,10.40,11.00
2008.05.16 04:33:31.726,1.0468,1.0469,14.40,6.80
2008.05.16 04:33:31.865,1.0468,1.047,14.40,23.60
2008.05.16 04:33:32.004,1.0468,1.047,22.40,15.60
2008.05.16 04:33:32.281,1.0468,1.047,22.70,15.60
2008.05.16 04:33:32.559,1.0468,1.047,23.50,15.60
2008.05.16 04:33:32.709,1.0469,1.047,4.00,15.10
2008.05.16 04:33:32.790,1.0469,1.047,4.40,15.00
2008.05.16 04:33:32.879,1.0469,1.047,4.40,11.00
2008.05.16 04:33:32.969,1.0469,1.047,4.40,11.60
2008.05.16 04:33:33.059,1.04685,1.047,1.20,11.60
2008.05.16 04:33:33.149,1.0468,1.047,23.20,15.60
2008.05.16 04:33:42.388,1.0468,1.047,22.70,15.60
2008.05.16 04:33:42.482,1.0468,1.047,18.70,19.60
2008.05.16 04:33:42.536,1.0468,1.047,21.10,22.80
2008.05.16 04:33:42.591,1.0468,1.047,21.10,23.60
2008.05.16 04:33:42.643,1.0468,1.04695,20.40,0.50
2008.05.16 04:33:42.699,1.0468,1.0469,20.40,4.00
2008.05.16 04:33:42.897,1.0468,1.0469,20.40,4.20
2008.05.16 04:33:42.974,1.0468,1.0469,20.40,8.20
2008.05.16 04:33:43.028,1.0468,1.0469,12.40,8.20
2008.05.16 04:33:43.442,1.0468,1.0469,12.00,8.20
2008.05.16 04:33:44.061,1.0468,1.0469,12.00,8.60
2008.05.16 04:33:44.619,1.0468,1.0469,12.80,8.60
2008.05.16 04:33:44.750,1.0468,1.0469,14.40,8.00
2008.05.16 04:33:44.775,1.0468,1.047,14.40,24.40
2008.05.16 04:33:44.881,1.0468,1.047,22.40,16.40
2008.05.16 04:33:45.162,1.0468,1.047,22.40,15.60
2008.05.16 04:33:46.358,1.04685,1.047,0.70,15.10
2008.05.16 04:33:46.514,1.0469,1.047,4.00,15.10
2008.05.16 04:33:46.651,1.0469,1.047,4.00,11.10
2008.05.16 04:33:46.826,1.0469,1.047,4.40,11.10
2008.05.16 04:33:46.910,1.0469,1.047,8.40,11.10
2008.05.16 04:33:46.980,1.0469,1.047,8.80,11.10
2008.05.16 04:33:47.234,1.0469,1.047,8.80,11.00
2008.05.16 04:33:49.656,1.0469,1.047,8.80,10.60
2008.05.16 04:33:49.720,1.0469,1.047,12.80,10.60
2008.05.16 04:33:49.768,1.0469,1.047,12.80,8.20
2008.05.16 04:33:49.818,1.0469,1.047,12.80,4.00
2008.05.16 04:33:49.917,1.0469,1.047,13.60,4.00
2008.05.16 04:33:49.965,1.0469,1.047,13.90,4.00
2008.05.16 04:33:50.117,1.0469,1.0471,13.90,26.80
2008.05.16 04:33:50.168,1.0469,1.0471,14.60,23.60
2008.05.16 04:33:50.217,1.0469,1.0471,15.20,23.60
2008.05.16 04:33:50.273,1.0469,1.0471,23.20,15.60
2008.05.16 04:33:51.193,1.0469,1.04705,13.70,0.50
2008.05.16 04:33:51.287,1.0469,1.04705,9.70,0.50
2008.05.16 04:33:51.383,1.0469,1.0471,9.10,22.00
2008.05.16 04:33:51.477,1.0469,1.0471,5.10,24.40
2008.05.16 04:33:51.572,1.0469,1.047,4.70,4.00
2008.05.16 04:33:51.668,1.0469,1.047,4.70,4.20
2008.05.16 04:33:51.765,1.0469,1.047,12.70,4.80
2008.05.16 04:33:51.860,1.0469,1.047,12.70,0.80
2008.05.16 04:33:51.955,1.0469,1.04695,12.00,0.50
2008.05.16 04:33:52.050,1.04685,1.0469,1.20,4.00
2008.05.16 04:33:52.311,1.04685,1.04705,1.90,0.50
2008.05.16 04:33:52.570,1.04685,1.047,1.90,8.00
2008.05.16 04:33:52.840,1.04685,1.047,1.90,10.40
2008.05.16 04:33:53.090,1.0468,1.0469,20.00,4.00
2008.05.16 04:33:53.350,1.0468,1.0469,12.00,8.20
2008.05.16 04:33:53.479,1.0468,1.0469,12.00,8.60
2008.05.16 04:33:53.841,1.0468,1.0469,12.80,8.60
2008.05.16 04:33:53.972,1.0468,1.0469,16.80,0.50
2008.05.16 04:33:54.101,1.0468,1.047,14.40,25.20
2008.05.16 04:33:54.221,1.0468,1.047,22.50,17.20
2008.05.16 04:33:54.463,1.04685,1.047,0.70,15.10
2008.05.16 04:33:54.583,1.0469,1.047,4.00,15.00
2008.05.16 04:33:54.703,1.0469,1.047,4.00,11.00
2008.05.16 04:33:54.832,1.0469,1.047,4.40,11.00
2008.05.16 04:33:55.070,1.0469,1.047,8.80,11.00
2008.05.16 04:33:57.904,1.0469,1.047,9.60,11.00
2008.05.16 04:33:57.959,1.0469,1.047,13.60,4.60
2008.05.16 04:33:58.003,1.0469,1.047,13.60,4.40
2008.05.16 04:33:58.047,1.0469,1.04705,14.00,0.10
2008.05.16 04:33:58.188,1.0469,1.0471,14.00,23.60
2008.05.16 04:33:58.245,1.0469,1.0471,22.00,15.60
2008.05.16 04:33:58.638,1.0469,1.0471,22.80,15.60
2008.05.16 04:33:58.681,1.0469,1.0471,23.40,15.60
2008.05.16 04:33:58.840,1.0469,1.0471,22.60,15.60
2008.05.16 04:34:00.567,1.0469,1.047,22.60,2.40
2008.05.16 04:34:00.726,1.0469,1.047,17.90,2.40
2008.05.16 04:34:00.805,1.0469,1.047,17.90,6.40
2008.05.16 04:34:00.904,1.0469,1.047,17.40,2.80
2008.05.16 04:34:00.928,1.0469,1.047,18.10,2.80
2008.05.16 04:34:00.987,1.0469,1.047,10.10,0.50
2008.05.16 04:34:01.221,1.0469,1.047,14.10,0.50
2008.05.16 04:34:01.273,1.0469,1.0471,22.10,15.60
2008.05.16 04:34:01.294,1.0469,1.0471,21.60,15.60
2008.05.16 04:34:01.343,1.0469,1.0471,22.00,15.60
2008.05.16 04:34:03.270,1.0469,1.0471,24.40,15.60
2008.05.16 04:34:03.486,1.04695,1.0471,0.70,15.10
2008.05.16 04:34:03.518,1.047,1.0471,4.80,15.10
2008.05.16 04:34:03.577,1.047,1.0471,4.80,11.10
2008.05.16 04:34:03.686,1.047,1.0471,4.80,11.00
2008.05.16 04:34:03.817,1.047,1.0471,5.20,11.00
2008.05.16 04:34:03.926,1.047,1.0471,9.60,11.00
2008.05.16 04:34:04.351,1.047,1.0471,9.20,11.00
2008.05.16 04:34:07.863,1.047,1.0471,9.20,11.60
2008.05.16 04:34:07.934,1.047,1.0471,8.40,11.60
2008.05.16 04:34:08.005,1.047,1.0471,8.00,11.60
2008.05.16 04:34:08.074,1.04695,1.0471,1.10,11.60
2008.05.16 04:34:08.150,1.0469,1.0471,22.60,11.60
2008.05.16 04:34:08.221,1.0469,1.0471,22.60,15.60
2008.05.16 04:34:08.868,1.0469,1.0471,18.60,19.60
2008.05.16 04:34:08.933,1.0469,1.0471,18.60,22.80
2008.05.16 04:34:08.997,1.0469,1.0471,18.00,22.80
2008.05.16 04:34:09.061,1.0469,1.0471,20.00,23.60
2008.05.16 04:34:09.126,1.0469,1.04705,19.20,0.50
2008.05.16 04:34:09.319,1.0469,1.047,19.20,4.40
2008.05.16 04:34:09.448,1.0469,1.047,19.20,4.60
2008.05.16 04:34:09.560,1.0469,1.047,11.20,4.60
2008.05.16 04:34:09.623,1.0469,1.047,11.20,8.60
2008.05.16 04:34:11.315,1.0469,1.047,8.80,8.60
2008.05.16 04:34:11.378,1.0469,1.047,9.60,8.60
2008.05.16 04:34:11.441,1.0469,1.047,13.60,0.60
2008.05.16 04:34:11.452,1.0469,1.047,13.60,0.50
2008.05.16 04:34:11.500,1.0469,1.04705,13.60,0.10
2008.05.16 04:34:11.606,1.0469,1.04705,13.90,0.10
2008.05.16 04:34:11.728,1.0469,1.04705,22.00,0.10
2008.05.16 04:34:12.783,1.0469,1.04705,21.70,0.10
2008.05.16 04:34:14.621,1.0469,1.0471,22.30,15.60
2008.05.16 04:34:14.826,1.04695,1.0471,0.70,15.10
2008.05.16 04:34:14.851,1.04695,1.0471,0.70,15.00
2008.05.16 04:34:14.899,1.04695,1.0471,0.70,14.80
2008.05.16 04:34:14.958,1.04695,1.0471,0.70,6.80
2008.05.16 04:34:14.996,1.04695,1.0471,0.70,6.40
2008.05.16 04:34:15.105,1.04695,1.04715,0.70,1.70
2008.05.16 04:34:16.270,1.04695,1.0471,0.70,0.40
2008.05.16 04:34:17.097,1.0469,1.0471,24.00,0.80
2008.05.16 04:34:17.206,1.0469,1.0471,21.60,7.20
2008.05.16 04:34:17.331,1.0469,1.0471,21.70,11.00
2008.05.16 04:34:17.718,1.0469,1.0471,21.60,11.00
2008.05.16 04:34:17.844,1.0469,1.0471,21.60,15.60
2008.05.16 04:34:18.778,1.0469,1.0471,24.00,15.60
2008.05.16 04:34:18.917,1.04695,1.0471,0.70,15.10
2008.05.16 04:34:18.984,1.047,1.0471,4.00,15.10
2008.05.16 04:34:19.125,1.047,1.0471,4.00,11.10
2008.05.16 04:34:19.177,1.047,1.0471,4.00,11.00
2008.05.16 04:34:19.320,1.047,1.0471,4.40,11.00
2008.05.16 04:34:19.428,1.047,1.0471,4.00,11.00
2008.05.16 04:34:19.536,1.047,1.0471,4.00,11.30
2008.05.16 04:34:19.601,1.047,1.0471,4.00,11.90
2008.05.16 04:34:19.739,1.0469,1.0471,22.40,12.00
2008.05.16 04:34:19.802,1.0469,1.0471,21.60,12.00
2008.05.16 04:34:19.961,1.0469,1.0471,21.60,16.00
2008.05.16 04:34:25.302,1.0469,1.047,21.60,2.40
2008.05.16 04:34:25.399,1.0469,1.047,20.80,2.40
2008.05.16 04:34:25.451,1.0469,1.047,16.80,6.40
2008.05.16 04:34:25.710,1.0469,1.047,8.80,6.40
2008.05.16 04:34:25.872,1.0469,1.047,8.80,6.80
2008.05.16 04:34:25.946,1.0469,1.047,8.80,7.00
2008.05.16 04:34:25.981,1.0469,1.047,8.80,11.00
2008.05.16 04:34:27.298,1.0469,1.047,8.80,8.60
2008.05.16 04:34:27.381,1.0469,1.047,9.60,8.60
2008.05.16 04:34:27.459,1.0469,1.047,13.60,4.40
2008.05.16 04:34:27.533,1.0469,1.04705,13.60,0.10
2008.05.16 04:34:27.784,1.0469,1.04705,21.60,0.10
2008.05.16 04:34:29.162,1.0469,1.04705,17.60,0.10
2008.05.16 04:34:29.877,1.0469,1.04705,21.60,0.10
2008.05.16 04:34:29.926,1.0469,1.0471,21.60,15.90
2008.05.16 04:34:29.975,1.0469,1.0471,26.40,15.90
2008.05.16 04:34:30.032,1.0469,1.0471,26.50,15.60
2008.05.16 04:34:30.183,1.047,1.0471,4.00,15.00
2008.05.16 04:34:30.252,1.047,1.0471,4.40,15.00
2008.05.16 04:34:30.359,1.047,1.0471,4.40,11.00
2008.05.16 04:34:30.489,1.047,1.0471,8.80,11.00
2008.05.16 04:34:34.135,1.047,1.0471,8.80,11.60
2008.05.16 04:34:34.185,1.047,1.0471,8.40,11.70
2008.05.16 04:34:34.236,1.047,1.0471,0.60,15.70
2008.05.16 04:34:34.286,1.0469,1.0471,17.60,15.70
2008.05.16 04:34:34.335,1.0469,1.0471,17.60,15.80
2008.05.16 04:34:34.397,1.0469,1.0471,17.60,19.80
2008.05.16 04:34:36.132,1.0469,1.0471,17.60,19.60
2008.05.16 04:34:37.854,1.0469,1.04705,16.80,0.50
2008.05.16 04:34:38.023,1.0469,1.047,16.80,4.00
2008.05.16 04:34:38.237,1.0469,1.047,8.80,6.40
2008.05.16 04:34:38.312,1.0469,1.047,8.80,6.80
2008.05.16 04:34:38.433,1.0469,1.047,8.80,7.00
2008.05.16 04:34:38.517,1.0469,1.047,8.80,11.00
2008.05.16 04:34:41.047,1.0469,1.047,8.80,8.60
2008.05.16 04:34:41.341,1.0469,1.047,8.80,11.00
2008.05.16 04:34:43.537,1.0469,1.047,8.80,8.60
2008.05.16 04:34:43.775,1.0469,1.047,8.80,7.00
2008.05.16 04:34:44.299,1.0469,1.047,8.80,11.00
2008.05.16 04:34:45.766,1.0469,1.047,8.80,8.00
2008.05.16 04:34:45.916,1.0469,1.047,12.80,4.00
2008.05.16 04:34:46.066,1.0469,1.047,11.20,0.50
2008.05.16 04:34:46.216,1.0469,1.047,19.20,0.50
2008.05.16 04:34:46.366,1.0469,1.047,19.20,4.40
2008.05.16 04:34:46.516,1.0469,1.047,19.20,8.60
2008.05.16 04:34:46.666,1.0469,1.047,11.20,8.60
2008.05.16 04:34:47.433,1.0469,1.047,7.20,8.60
2008.05.16 04:34:47.565,1.0469,1.047,4.80,10.00
2008.05.16 04:34:47.697,1.0469,1.047,4.40,14.00
2008.05.16 04:34:47.825,1.0468,1.0469,20.00,0.50
2008.05.16 04:34:48.127,1.0468,1.0469,20.00,0.20
2008.05.16 04:34:48.705,1.0468,1.047,20.00,18.00
2008.05.16 04:34:50.041,1.0468,1.04685,14.80,0.30
2008.05.16 04:34:50.086,1.0468,1.04685,12.00,0.30
2008.05.16 04:34:50.218,1.0468,1.04685,12.00,0.80
2008.05.16 04:34:50.264,1.0467,1.0468,13.60,8.40
2008.05.16 04:34:50.309,1.0468,1.04685,8.00,0.80
2008.05.16 04:34:50.354,1.0467,1.0468,11.20,12.80
2008.05.16 04:34:50.442,1.0467,1.0468,11.20,13.40
2008.05.16 04:34:50.488,1.0468,1.04685,8.00,0.80
2008.05.16 04:34:50.534,1.0467,1.0468,8.00,17.80
2008.05.16 04:34:50.588,1.0467,1.0468,8.00,18.60
2008.05.16 04:34:50.632,1.0466,1.0468,19.80,19.00
2008.05.16 04:34:50.729,1.0466,1.0468,16.00,21.40
2008.05.16 04:34:50.783,1.0466,1.0468,12.00,21.40
2008.05.16 04:34:50.835,1.0466,1.04675,12.00,0.50
2008.05.16 04:34:50.932,1.0466,1.0467,12.00,0.20
2008.05.16 04:34:50.975,1.0466,1.0467,8.00,0.20
2008.05.16 04:34:51.346,1.0465,1.0467,28.10,0.20
2008.05.16 04:34:52.107,1.0465,1.04675,29.70,0.50
2008.05.16 04:34:52.362,1.0465,1.04675,28.10,0.50
2008.05.16 04:34:52.625,1.04655,1.0468,0.70,22.10
2008.05.16 04:34:52.707,1.0466,1.0468,4.00,22.10
2008.05.16 04:34:52.787,1.0466,1.0468,4.40,18.20
2008.05.16 04:34:52.944,1.0466,1.0468,12.40,18.20
2008.05.16 04:34:53.211,1.0466,1.0468,12.80,18.20
2008.05.16 04:34:53.299,1.0466,1.0468,16.80,18.20
2008.05.16 04:34:55.214,1.0466,1.0468,17.00,17.20
2008.05.16 04:34:55.259,1.0466,1.0468,17.00,16.40
2008.05.16 04:34:55.488,1.0466,1.0468,17.60,16.30
2008.05.16 04:34:55.763,1.0467,1.0468,2.40,13.90
2008.05.16 04:34:55.846,1.0467,1.0468,2.40,14.70
2008.05.16 04:34:55.936,1.0467,1.0468,3.10,14.10
2008.05.16 04:34:55.979,1.0468,1.04685,4.00,1.50
2008.05.16 04:34:56.034,1.0468,1.04685,4.40,1.20
2008.05.16 04:34:56.080,1.0468,1.04685,8.40,1.20
2008.05.16 04:34:56.126,1.0468,1.04685,8.40,1.70
2008.05.16 04:34:56.175,1.0468,1.04685,8.40,0.50
2008.05.16 04:34:56.271,1.0468,1.04685,4.40,0.50
2008.05.16 04:34:56.475,1.0467,1.04685,8.50,0.50
2008.05.16 04:34:56.531,1.0467,1.04685,8.00,0.50
2008.05.16 04:34:56.603,1.0466,1.04685,29.20,0.50
2008.05.16 04:34:56.652,1.04665,1.0469,0.70,9.60
2008.05.16 04:34:56.975,1.04665,1.0469,0.70,1.60
2008.05.16 04:34:57.287,1.04665,1.0468,0.70,0.20
2008.05.16 04:34:58.547,1.04665,1.0468,0.70,0.30
2008.05.16 04:34:59.250,1.0467,1.0468,4.70,0.30
2008.05.16 04:34:59.340,1.0467,1.0468,5.10,0.30
2008.05.16 04:34:59.430,1.0467,1.0468,13.10,0.30
2008.05.16 04:34:59.519,1.0467,1.0468,13.60,0.30
2008.05.16 04:34:59.608,1.0467,1.0468,25.60,0.30
2008.05.16 04:35:01.262,1.0467,1.0468,28.00,0.30
2008.05.16 04:35:01.427,1.0467,1.0468,23.20,0.30
2008.05.16 04:35:01.475,1.0467,1.0468,23.20,0.20
2008.05.16 04:35:01.526,1.0467,1.0468,23.20,4.10
2008.05.16 04:35:01.578,1.0467,1.0468,19.20,4.10
2008.05.16 04:35:01.702,1.0467,1.0468,11.20,4.20
2008.05.16 04:35:01.772,1.0467,1.0468,11.20,4.60
2008.05.16 04:35:01.903,1.0467,1.0468,11.20,4.80
2008.05.16 04:35:02.038,1.0467,1.0468,11.20,8.80
2008.05.16 04:35:02.174,1.0467,1.0468,11.20,9.10
2008.05.16 04:35:02.308,1.0467,1.0468,11.20,9.30
2008.05.16 04:35:03.943,1.0467,1.0468,11.20,9.10
2008.05.16 04:35:04.066,1.0467,1.0468,11.20,5.10
2008.05.16 04:35:04.890,1.0467,1.0468,8.80,5.10
2008.05.16 04:35:04.947,1.0467,1.0468,12.80,5.10
2008.05.16 04:35:04.989,1.0467,1.0468,12.80,4.10
2008.05.16 04:35:05.028,1.0468,1.04685,0.60,0.50
2008.05.16 04:35:05.068,1.0468,1.04685,4.40,0.50
2008.05.16 04:35:05.278,1.0468,1.0469,4.40,23.10
2008.05.16 04:35:06.293,1.0468,1.0469,4.40,8.10
2008.05.16 04:35:06.408,1.0468,1.0469,4.40,7.50
2008.05.16 04:35:06.523,1.04685,1.0469,0.50,0.70
2008.05.16 04:35:07.897,1.04685,1.0469,0.50,0.60
2008.05.16 04:35:08.153,1.0468,1.0469,14.40,4.20
2008.05.16 04:35:08.409,1.0468,1.0469,14.40,4.60
2008.05.16 04:35:15.820,1.0468,1.0469,12.00,4.60
2008.05.16 04:35:15.913,1.0468,1.0469,14.40,4.60
2008.05.16 04:35:16.127,1.0468,1.0469,14.40,4.50
2008.05.16 04:35:16.160,1.0468,1.0469,18.40,0.50
2008.05.16 04:35:16.226,1.0468,1.047,16.00,24.40
2008.05.16 04:35:16.257,1.0469,1.047,4.00,20.40
2008.05.16 04:35:16.285,1.0469,1.047,4.40,20.20
2008.05.16 04:35:16.343,1.0469,1.047,4.40,8.20
2008.05.16 04:35:17.784,1.0469,1.047,4.00,8.20
2008.05.16 04:35:17.899,1.0468,1.047,24.00,8.20
2008.05.16 04:35:20.377,1.0468,1.047,20.00,12.20
2008.05.16 04:35:20.451,1.0468,1.04695,22.40,0.50
2008.05.16 04:35:20.526,1.0468,1.0469,22.40,4.00
2008.05.16 04:35:20.602,1.0468,1.0469,22.40,4.10
2008.05.16 04:35:20.760,1.0468,1.0469,14.40,4.50
2008.05.16 04:35:20.952,1.0468,1.0469,14.40,4.60
2008.05.16 04:35:23.257,1.0468,1.047,16.00,24.40
2008.05.16 04:35:23.291,1.0468,1.047,16.00,20.20
2008.05.16 04:35:23.410,1.0468,1.047,24.00,8.20
2008.05.16 04:35:25.402,1.0468,1.047,24.00,9.00
2008.05.16 04:35:25.541,1.0468,1.0469,22.40,4.10
2008.05.16 04:35:25.817,1.0468,1.0469,14.40,4.20
2008.05.16 04:35:25.952,1.0468,1.0469,14.40,4.60
2008.05.16 04:35:32.244,1.0468,1.0469,14.40,4.50
2008.05.16 04:35:34.271,1.0468,1.0469,13.60,4.50
2008.05.16 04:35:34.698,1.0468,1.0469,17.60,0.50
2008.05.16 04:35:34.795,1.0468,1.047,15.20,20.20
2008.05.16 04:35:34.852,1.0468,1.04695,15.20,0.50
2008.05.16 04:35:34.912,1.0468,1.04695,11.20,0.50
2008.05.16 04:35:34.963,1.0468,1.0469,21.60,0.50
2008.05.16 04:35:35.013,1.0468,1.0469,21.60,0.50
2008.05.16 04:35:35.118,1.0468,1.0469,21.60,4.50
2008.05.16 04:35:35.233,1.0468,1.0469,13.60,4.50
2008.05.16 04:35:36.665,1.0468,1.0469,17.60,0.50
2008.05.16 04:35:36.740,1.0468,1.047,15.20,20.40
2008.05.16 04:35:36.805,1.0468,1.047,15.20,20.20
2008.05.16 04:35:36.869,1.0468,1.047,15.20,16.20
2008.05.16 04:35:36.999,1.0468,1.047,23.20,8.20
2008.05.16 04:35:37.726,1.0468,1.0469,23.20,0.20
2008.05.16 04:35:37.961,1.0468,1.0469,24.00,0.20
2008.05.16 04:35:38.582,1.0468,1.0469,23.20,0.20
2008.05.16 04:35:38.698,1.0468,1.0469,25.60,0.20
2008.05.16 04:35:38.718,1.0468,1.0469,21.60,4.10
2008.05.16 04:35:38.997,1.0468,1.0469,13.60,4.10
2008.05.16 04:35:39.301,1.0468,1.0469,13.60,4.50
2008.05.16 04:35:40.437,1.0468,1.0469,17.60,4.50
2008.05.16 04:35:40.512,1.0468,1.0469,15.20,4.10
2008.05.16 04:35:40.649,1.0468,1.0469,15.20,0.20
2008.05.16 04:35:40.699,1.0468,1.0469,16.00,0.20
2008.05.16 04:35:40.944,1.0468,1.0469,24.00,0.20
2008.05.16 04:35:41.213,1.0468,1.047,24.00,8.20
2008.05.16 04:35:43.911,1.0468,1.047,24.00,11.00
2008.05.16 04:35:43.946,1.0468,1.047,24.00,11.20
2008.05.16 04:35:43.980,1.0468,1.047,20.00,15.20
2008.05.16 04:35:44.014,1.0468,1.0469,22.40,0.20
2008.05.16 04:35:44.089,1.0468,1.0469,21.60,0.20
2008.05.16 04:35:44.215,1.0468,1.0469,21.60,0.50
2008.05.16 04:35:44.264,1.0468,1.0469,21.60,4.50
2008.05.16 04:35:44.449,1.0468,1.0469,13.60,4.50
2008.05.16 04:35:45.496,1.0468,1.0469,11.20,4.50
2008.05.16 04:35:45.637,1.0468,1.0469,12.00,4.50
2008.05.16 04:35:45.687,1.0468,1.0469,16.00,0.50
2008.05.16 04:35:45.786,1.0468,1.047,16.00,21.00
2008.05.16 04:35:45.823,1.0468,1.047,16.00,16.20
2008.05.16 04:35:45.924,1.0468,1.047,24.00,8.20
2008.05.16 04:35:46.270,1.0468,1.0469,24.00,0.20
2008.05.16 04:35:48.287,1.0468,1.0469,24.00,0.30
2008.05.16 04:35:48.417,1.0468,1.0469,19.20,0.30
2008.05.16 04:35:48.547,1.0468,1.0469,21.60,4.10
2008.05.16 04:35:48.805,1.0468,1.0469,13.60,4.50
2008.05.16 04:35:50.150,1.0468,1.0469,17.60,4.50
2008.05.16 04:35:50.243,1.0468,1.0469,15.20,4.50
2008.05.16 04:35:50.348,1.0468,1.0469,15.20,4.20
2008.05.16 04:35:50.453,1.0468,1.0469,16.00,4.20
2008.05.16 04:35:50.557,1.0468,1.0469,16.00,0.30
2008.05.16 04:35:50.685,1.0468,1.0469,24.00,0.30
2008.05.16 04:35:54.576,1.0468,1.0469,23.20,0.30
2008.05.16 04:35:54.666,1.0468,1.0469,19.20,4.20
2008.05.16 04:35:54.882,1.0468,1.0469,13.60,4.10
2008.05.16 04:35:55.291,1.0468,1.0469,13.60,4.50
2008.05.16 04:35:56.557,1.0468,1.0469,11.20,4.50
2008.05.16 04:35:56.613,1.0468,1.0469,11.20,0.50
2008.05.16 04:35:56.642,1.0468,1.0469,12.00,0.50
2008.05.16 04:35:56.676,1.0468,1.0469,12.00,0.30
2008.05.16 04:35:56.736,1.0468,1.0469,16.00,0.30
2008.05.16 04:35:56.898,1.0468,1.0469,24.00,0.30
2008.05.16 04:36:03.386,1.0468,1.0469,23.20,0.30
2008.05.16 04:36:03.458,1.0468,1.0469,19.20,4.20
2008.05.16 04:36:03.540,1.0468,1.0469,21.60,4.10
2008.05.16 04:36:03.741,1.0468,1.0469,21.60,4.50
2008.05.16 04:36:03.838,1.0468,1.0469,13.60,4.50
2008.05.16 04:36:05.247,1.0468,1.0469,16.00,0.20
2008.05.16 04:36:05.363,1.0468,1.0469,16.00,0.30
2008.05.16 04:36:05.445,1.0468,1.0469,24.00,0.30
2008.05.16 04:36:07.100,1.0468,1.0469,23.20,0.30
2008.05.16 04:36:07.145,1.0468,1.0469,19.20,0.30
2008.05.16 04:36:07.217,1.0468,1.0469,21.60,0.30
2008.05.16 04:36:07.247,1.0468,1.0469,21.60,4.20
2008.05.16 04:36:07.337,1.0468,1.0469,21.60,4.60
2008.05.16 04:36:07.560,1.0468,1.0469,13.60,4.60
2008.05.16 04:36:08.581,1.0468,1.0469,14.40,4.60
2008.05.16 04:36:08.827,1.0468,1.047,16.50,21.80
2008.05.16 04:36:08.891,1.0468,1.047,16.50,16.20
2008.05.16 04:36:09.056,1.0468,1.047,24.50,8.20
2008.05.16 04:36:12.621,1.04685,1.047,0.70,7.60
2008.05.16 04:36:12.747,1.0469,1.047,4.00,7.60
2008.05.16 04:36:12.868,1.0469,1.047,4.00,7.60
2008.05.16 04:36:13.272,1.0469,1.047,4.40,7.60
2008.05.16 04:36:13.348,1.0469,1.047,11.20,8.10
2008.05.16 04:36:13.433,1.0469,1.047,10.80,8.20
2008.05.16 04:36:13.518,1.0469,1.047,4.00,8.20
2008.05.16 04:36:13.603,1.0468,1.0469,24.80,0.20
2008.05.16 04:36:13.837,1.0468,1.0469,24.00,0.20
2008.05.16 04:36:13.922,1.0468,1.0469,24.50,0.20
2008.05.16 04:36:16.493,1.0468,1.0469,24.50,0.60
2008.05.16 04:36:21.539,1.0468,1.0469,30.90,0.40
2008.05.16 04:36:21.666,1.04685,1.0469,0.70,0.40
2008.05.16 04:36:21.800,1.04685,1.0469,0.70,0.40
2008.05.16 04:36:22.048,1.0469,1.047,11.20,7.60
2008.05.16 04:36:22.873,1.0469,1.047,8.80,7.60
2008.05.16 04:36:22.978,1.0469,1.047,8.40,8.10
2008.05.16 04:36:23.085,1.0468,1.0469,29.30,0.60
2008.05.16 04:36:23.190,1.0468,1.0469,25.30,0.60
2008.05.16 04:36:23.294,1.0468,1.0469,24.50,0.60
2008.05.16 04:36:25.324,1.0468,1.0469,24.50,0.40
2008.05.16 04:36:26.803,1.0468,1.0469,24.50,0.60
2008.05.16 04:36:28.391,1.0468,1.0469,23.80,0.60
2008.05.16 04:36:28.443,1.0468,1.0469,23.20,0.60
2008.05.16 04:36:28.496,1.0468,1.0469,21.60,4.40
2008.05.16 04:36:28.759,1.0468,1.0469,13.60,4.40
2008.05.16 04:36:28.809,1.0468,1.0469,13.60,4.80
2008.05.16 04:36:29.519,1.0468,1.0469,15.20,4.40
2008.05.16 04:36:29.659,1.0468,1.0469,16.00,4.40
2008.05.16 04:36:29.799,1.0468,1.0469,16.00,0.60
2008.05.16 04:36:29.939,1.0468,1.0469,24.00,0.60
2008.05.16 04:36:30.905,1.0468,1.0469,24.00,0.20
2008.05.16 04:36:32.830,1.0468,1.0469,23.20,0.20
2008.05.16 04:36:32.905,1.0468,1.0469,19.20,0.20
2008.05.16 04:36:33.062,1.0468,1.0469,21.60,4.10
2008.05.16 04:36:33.143,1.0468,1.0469,21.60,4.30
2008.05.16 04:36:33.299,1.0468,1.0469,13.60,4.70
2008.05.16 04:36:34.081,1.0468,1.0469,14.40,4.70
2008.05.16 04:36:34.254,1.0468,1.0469,18.40,0.70
2008.05.16 04:36:34.333,1.0468,1.0469,16.00,0.40
2008.05.16 04:36:34.423,1.0468,1.0469,24.00,0.40
2008.05.16 04:36:41.525,1.0468,1.0469,26.40,0.40
2008.05.16 04:36:41.570,1.04685,1.0469,0.70,0.40
2008.05.16 04:36:41.716,1.0469,1.047,4.00,7.60
2008.05.16 04:36:41.762,1.04685,1.0469,0.70,0.20
2008.05.16 04:36:42.226,1.0469,1.047,6.80,7.60
2008.05.16 04:36:42.270,1.0469,1.047,7.20,7.60
2008.05.16 04:36:42.322,1.0469,1.047,11.20,7.60
2008.05.16 04:36:57.981,1.04685,1.0469,1.10,0.40
2008.05.16 04:36:58.388,1.04685,1.0469,1.10,0.20
2008.05.16 04:37:01.573,1.0469,1.047,11.20,7.60
2008.05.16 04:37:01.643,1.0469,1.047,12.00,7.60
2008.05.16 04:37:01.705,1.0469,1.047,12.00,4.80
2008.05.16 04:37:01.765,1.0469,1.04705,16.00,1.20
2008.05.16 04:37:01.884,1.0469,1.0471,16.80,20.10
2008.05.16 04:37:01.988,1.0469,1.0471,24.80,8.10
2008.05.16 04:37:02.146,1.0469,1.0471,24.80,7.60
2008.05.16 04:37:02.546,1.0469,1.0471,24.80,7.60
2008.05.16 04:37:04.182,1.0469,1.0471,20.80,15.60
2008.05.16 04:37:04.229,1.0469,1.0471,20.80,20.60
2008.05.16 04:37:04.333,1.0469,1.047,20.80,2.80
2008.05.16 04:37:04.402,1.0469,1.047,20.00,2.80
2008.05.16 04:37:04.614,1.0469,1.047,20.00,6.80
2008.05.16 04:37:04.656,1.0469,1.047,12.00,6.80
2008.05.16 04:37:05.632,1.0469,1.047,16.00,6.80
2008.05.16 04:37:05.643,1.0469,1.047,16.80,6.80
2008.05.16 04:37:05.806,1.0469,1.047,16.80,2.80
2008.05.16 04:37:05.895,1.0469,1.0471,16.80,19.60
2008.05.16 04:37:05.976,1.0469,1.0471,24.80,7.60
2008.05.16 04:37:06.217,1.0469,1.0471,24.80,7.40
2008.05.16 04:37:08.235,1.0469,1.0471,25.20,7.40
2008.05.16 04:37:08.339,1.0469,1.0471,25.10,7.40
2008.05.16 04:37:08.363,1.0469,1.0471,24.30,7.40
2008.05.16 04:37:08.448,1.0469,1.0471,24.10,7.40
2008.05.16 04:37:08.967,1.0469,1.0471,24.00,7.40
2008.05.16 04:37:11.576,1.0469,1.0471,26.40,7.40
2008.05.16 04:37:11.648,1.0469,1.04705,25.60,0.50
2008.05.16 04:37:11.697,1.0469,1.047,21.60,4.00
2008.05.16 04:37:11.800,1.0469,1.047,21.60,4.40
2008.05.16 04:37:11.912,1.0469,1.047,13.60,4.40
2008.05.16 04:37:15.285,1.0469,1.047,11.20,4.40
2008.05.16 04:37:15.403,1.0469,1.047,12.00,4.40
2008.05.16 04:37:15.434,1.0469,1.047,16.00,0.50
2008.05.16 04:37:15.507,1.0469,1.04705,16.00,0.10
2008.05.16 04:37:15.719,1.0469,1.04705,24.00,0.10
2008.05.16 04:37:22.112,1.0469,1.04705,24.80,0.10
2008.05.16 04:37:22.128,1.04695,1.04705,0.70,0.10
2008.05.16 04:37:22.226,1.047,1.0471,4.00,6.90
2008.05.16 04:37:22.327,1.047,1.0471,4.00,6.80
2008.05.16 04:37:22.705,1.047,1.0471,4.40,6.80
2008.05.16 04:37:22.730,1.047,1.0471,10.80,6.80
2008.05.16 04:37:22.850,1.047,1.0471,10.80,7.30
2008.05.16 04:37:22.866,1.047,1.0471,11.20,7.30
2008.05.16 04:37:23.052,1.0469,1.0471,28.00,7.60
2008.05.16 04:37:23.238,1.0469,1.0471,24.00,7.60
2008.05.16 04:37:24.339,1.0469,1.0471,24.00,7.40
2008.05.16 04:37:30.220,1.0469,1.0471,20.00,11.40
2008.05.16 04:37:30.418,1.0469,1.0471,20.00,11.60
2008.05.16 04:37:30.438,1.0469,1.0471,20.00,15.60
2008.05.16 04:37:30.468,1.0469,1.0471,22.40,18.80
2008.05.16 04:37:30.517,1.0469,1.0471,22.40,19.00
2008.05.16 04:37:30.628,1.0469,1.047,22.40,4.00
2008.05.16 04:37:30.649,1.0469,1.047,21.60,4.00
2008.05.16 04:37:30.742,1.0469,1.047,21.60,4.40
2008.05.16 04:37:31.058,1.0469,1.047,13.60,4.40
2008.05.16 04:37:38.884,1.0469,1.047,11.20,4.40
2008.05.16 04:37:38.944,1.0469,1.047,16.00,0.50
2008.05.16 04:37:38.990,1.0469,1.04705,16.00,0.10
2008.05.16 04:37:39.110,1.0469,1.04705,24.00,0.10
2008.05.16 04:37:39.291,1.0469,1.0471,24.00,7.60
2008.05.16 04:37:41.283,1.0469,1.047,24.00,2.40
2008.05.16 04:37:41.391,1.0469,1.047,20.00,2.40
2008.05.16 04:37:41.436,1.0469,1.047,19.20,2.40
2008.05.16 04:37:41.506,1.0469,1.047,19.20,6.40
2008.05.16 04:37:41.718,1.0469,1.047,11.20,6.80
2008.05.16 04:37:42.315,1.0469,1.047,11.20,7.60
2008.05.16 04:37:43.528,1.0469,1.047,11.20,5.20
2008.05.16 04:37:43.684,1.0469,1.047,16.00,1.20
2008.05.16 04:37:43.755,1.0469,1.047,16.00,0.80
2008.05.16 04:37:43.993,1.0469,1.047,24.00,0.80
2008.05.16 04:37:45.412,1.0469,1.047,20.00,0.80
2008.05.16 04:37:45.533,1.0469,1.047,20.00,3.20
2008.05.16 04:37:45.665,1.0469,1.047,19.20,3.20
2008.05.16 04:37:45.709,1.0469,1.047,19.20,7.20
2008.05.16 04:37:45.733,1.0469,1.047,19.20,7.60
2008.05.16 04:37:45.963,1.0469,1.047,11.20,7.60
2008.05.16 04:37:47.034,1.0469,1.047,11.20,6.80
2008.05.16 04:37:48.173,1.0469,1.047,15.20,6.80
2008.05.16 04:37:48.256,1.0469,1.047,15.20,4.00
2008.05.16 04:37:48.394,1.0469,1.047,16.00,4.00
2008.05.16 04:37:48.487,1.0469,1.0471,16.00,21.20
2008.05.16 04:37:48.606,1.0469,1.0471,16.00,15.60
2008.05.16 04:37:48.701,1.0469,1.0471,24.00,7.60
2008.05.16 04:37:50.126,1.0469,1.0471,24.00,7.80
2008.05.16 04:37:50.272,1.0469,1.047,19.20,6.40
2008.05.16 04:37:50.417,1.0469,1.047,11.20,6.80
2008.05.16 04:38:01.869,1.0469,1.047,12.00,6.80
2008.05.16 04:38:01.925,1.0469,1.047,12.00,6.40
2008.05.16 04:38:01.963,1.0469,1.047,16.00,2.40
2008.05.16 04:38:02.052,1.0469,1.0471,16.00,21.60
2008.05.16 04:38:02.137,1.0469,1.0471,16.00,19.60
2008.05.16 04:38:02.240,1.0469,1.0471,24.00,7.60
2008.05.16 04:38:02.479,1.0469,1.0471,20.00,11.60
2008.05.16 04:38:04.058,1.0469,1.0471,22.40,11.60
2008.05.16 04:38:04.150,1.0469,1.04705,21.60,0.50
2008.05.16 04:38:04.262,1.0469,1.047,21.60,4.00
2008.05.16 04:38:04.308,1.0469,1.047,21.60,4.40
2008.05.16 04:38:04.408,1.0469,1.047,13.60,4.40
2008.05.16 04:38:11.634,1.0469,1.047,13.40,4.40
2008.05.16 04:38:12.788,1.0469,1.047,15.00,4.00
2008.05.16 04:38:12.904,1.0469,1.047,15.70,4.00
2008.05.16 04:38:13.018,1.0469,1.0471,15.70,17.00
2008.05.16 04:38:13.248,1.0469,1.0471,19.70,11.40
2008.05.16 04:38:13.714,1.0469,1.0471,23.70,7.40
2008.05.16 04:38:16.506,1.0469,1.0471,19.70,11.40
2008.05.16 04:38:16.597,1.0469,1.0471,20.00,11.40
2008.05.16 04:38:16.633,1.0469,1.0471,20.50,11.40
2008.05.16 04:38:16.842,1.0469,1.0471,20.50,11.30
2008.05.16 04:38:19.991,1.0469,1.0471,24.50,7.30
2008.05.16 04:38:25.979,1.0469,1.0471,24.50,7.60
2008.05.16 04:38:29.881,1.04695,1.0471,0.70,7.00
2008.05.16 04:38:30.021,1.047,1.0471,4.00,7.00
2008.05.16 04:38:30.516,1.047,1.0471,4.40,7.00
2008.05.16 04:38:30.561,1.047,1.0471,6.80,7.00
2008.05.16 04:38:30.621,1.047,1.0471,7.20,7.00
2008.05.16 04:38:30.664,1.047,1.0471,11.20,7.00
2008.05.16 04:38:41.379,1.047,1.0471,11.20,7.60
2008.05.16 04:38:41.442,1.047,1.0471,0.80,7.60
2008.05.16 04:38:41.463,1.047,1.0471,0.50,7.60
2008.05.16 04:38:41.481,1.0469,1.0471,30.90,7.60
2008.05.16 04:38:41.589,1.0469,1.0471,24.50,7.60
2008.05.16 04:38:42.002,1.0469,1.0471,24.50,7.70
2008.05.16 04:38:42.521,1.0469,1.0471,24.50,7.60
2008.05.16 04:38:43.566,1.0469,1.0471,24.50,7.30
2008.05.16 04:38:44.313,1.0469,1.0471,26.90,7.30
2008.05.16 04:38:44.411,1.04695,1.0471,0.70,6.80
2008.05.16 04:38:44.465,1.047,1.0471,4.00,6.80
2008.05.16 04:38:44.748,1.047,1.0471,4.40,6.80
2008.05.16 04:38:44.999,1.047,1.0471,4.80,6.80
2008.05.16 04:38:45.054,1.047,1.0471,11.20,6.80
2008.05.16 04:38:49.897,1.047,1.0471,11.20,7.30
2008.05.16 04:38:49.963,1.047,1.0471,10.80,7.30
2008.05.16 04:38:50.007,1.047,1.0471,0.50,7.30
2008.05.16 04:38:50.051,1.0469,1.0471,30.90,4.90
2008.05.16 04:38:50.095,1.0469,1.0471,26.90,5.10
2008.05.16 04:38:50.234,1.0469,1.0471,22.40,22.70
2008.05.16 04:38:50.303,1.0469,1.047,22.40,0.50
2008.05.16 04:38:50.409,1.0469,1.047,21.60,0.50
2008.05.16 04:38:50.547,1.0469,1.047,21.60,4.40
2008.05.16 04:38:50.816,1.0469,1.047,13.60,4.40
2008.05.16 04:38:52.975,1.0469,1.047,13.60,5.20
2008.05.16 04:38:59.327,1.0469,1.047,14.40,5.20
2008.05.16 04:38:59.473,1.0469,1.047,18.40,5.20
2008.05.16 04:38:59.507,1.0469,1.047,18.40,4.80
2008.05.16 04:38:59.583,1.0469,1.047,18.40,0.80
2008.05.16 04:38:59.670,1.0469,1.047,18.90,0.80
2008.05.16 04:38:59.704,1.0469,1.047,26.90,0.80
2008.05.16 04:39:01.615,1.0469,1.047,26.20,0.80
2008.05.16 04:39:01.670,1.0469,1.047,22.20,0.80
2008.05.16 04:39:01.725,1.0469,1.047,22.20,4.80
2008.05.16 04:39:01.798,1.0469,1.047,22.20,5.20
2008.05.16 04:39:01.895,1.0469,1.047,14.20,5.20
2008.05.16 04:39:05.642,1.0469,1.047,18.20,5.20
2008.05.16 04:39:05.810,1.0469,1.047,18.20,4.80
2008.05.16 04:39:05.864,1.0469,1.047,18.90,4.80
2008.05.16 04:39:05.960,1.0469,1.047,18.90,0.80
2008.05.16 04:39:06.134,1.0469,1.047,26.90,0.80
2008.05.16 04:39:07.674,1.0469,1.047,26.20,0.80
2008.05.16 04:39:07.718,1.0469,1.047,22.20,4.80
2008.05.16 04:39:08.017,1.0469,1.047,14.20,4.80
2008.05.16 04:39:08.314,1.0469,1.047,13.60,4.80
2008.05.16 04:39:09.235,1.0469,1.047,13.60,5.20
2008.05.16 04:39:10.891,1.0469,1.047,13.60,1.20
2008.05.16 04:39:13.883,1.047,1.04705,2.40,1.70
2008.05.16 04:39:13.908,1.047,1.04705,2.40,1.70
2008.05.16 04:39:13.938,1.047,1.04705,2.80,1.70
2008.05.16 04:39:13.988,1.047,1.04705,6.80,1.70
2008.05.16 04:39:14.229,1.047,1.04705,10.80,1.20
2008.05.16 04:39:14.299,1.047,1.04705,11.20,1.20
2008.05.16 04:39:15.620,1.047,1.04705,4.80,1.20
2008.05.16 04:39:15.696,1.047,1.04705,4.00,1.20
2008.05.16 04:39:15.770,1.0469,1.047,32.50,0.80
2008.05.16 04:39:15.847,1.0469,1.047,30.90,0.80
2008.05.16 04:39:15.922,1.0469,1.047,26.90,0.80
2008.05.16 04:39:17.704,1.0469,1.047,22.90,0.80
2008.05.16 04:39:19.744,1.0469,1.047,26.90,0.80
2008.05.16 04:39:19.801,1.0469,1.047,29.30,0.80
2008.05.16 04:39:19.880,1.04695,1.047,0.70,0.80
2008.05.16 04:39:19.902,1.047,1.04705,0.50,1.20
2008.05.16 04:39:19.949,1.047,1.04705,4.40,1.20
2008.05.16 04:39:20.152,1.0469,1.047,26.10,0.80
2008.05.16 04:39:20.227,1.0469,1.047,26.90,0.80
2008.05.16 04:39:20.391,1.0469,1.047,22.90,0.80
2008.05.16 04:39:21.258,1.0469,1.047,26.90,0.80
2008.05.16 04:39:21.362,1.04695,1.047,0.70,0.80
2008.05.16 04:39:21.492,1.047,1.04705,4.00,1.20
2008.05.16 04:39:21.742,1.047,1.04705,6.80,1.20
2008.05.16 04:39:21.805,1.047,1.04705,10.80,1.20
2008.05.16 04:39:21.854,1.047,1.04705,11.20,1.20
2008.05.16 04:39:25.439,1.0469,1.047,30.90,0.80
2008.05.16 04:39:25.497,1.0469,1.047,26.90,0.80
2008.05.16 04:39:25.615,1.0469,1.047,22.90,0.80
2008.05.16 04:39:26.106,1.0469,1.047,22.20,0.80
2008.05.16 04:39:26.369,1.0469,1.047,14.20,0.80
2008.05.16 04:39:26.426,1.0469,1.047,13.60,0.80
2008.05.16 04:39:26.467,1.0469,1.047,13.60,1.20
2008.05.16 04:39:27.667,1.047,1.04705,6.40,1.70
2008.05.16 04:39:27.776,1.047,1.04705,6.80,1.70
2008.05.16 04:39:27.980,1.047,1.04705,10.80,1.20
2008.05.16 04:39:29.960,1.047,1.04705,10.40,1.70
2008.05.16 04:39:30.090,1.0469,1.047,21.60,1.20
2008.05.16 04:39:30.158,1.0469,1.047,13.60,1.20
2008.05.16 04:39:45.880,1.047,1.04705,2.40,1.80
2008.05.16 04:39:45.934,1.047,1.04705,2.40,1.20
2008.05.16 04:39:45.987,1.047,1.04705,10.40,1.20
2008.05.16 04:39:46.011,1.047,1.04705,10.80,1.20
2008.05.16 04:39:47.549,1.047,1.04705,10.80,1.20
2008.05.16 04:39:47.637,1.047,1.04705,6.80,1.20
2008.05.16 04:39:47.703,1.047,1.04705,6.80,1.70
2008.05.16 04:39:47.769,1.0469,1.047,19.20,3.60
2008.05.16 04:39:47.876,1.0469,1.047,11.20,3.60
2008.05.16 04:39:53.612,1.0469,1.047,12.00,3.60
2008.05.16 04:39:53.690,1.047,1.04705,0.60,1.20
2008.05.16 04:39:53.740,1.047,1.04705,6.80,1.20
2008.05.16 04:39:53.780,1.047,1.04705,6.80,1.20
2008.05.16 04:39:53.821,1.047,1.04705,10.80,1.20
2008.05.16 04:39:54.909,1.047,1.04705,8.40,1.70
2008.05.16 04:39:54.995,1.04695,1.047,0.50,0.80
2008.05.16 04:39:55.081,1.0469,1.047,21.60,1.20
2008.05.16 04:39:55.166,1.0469,1.047,13.60,1.20
2008.05.16 04:40:13.453,1.0469,1.047,12.10,1.20
2008.05.16 04:40:17.156,1.0469,1.047,3.30,1.20
2008.05.16 04:40:22.501,1.0469,1.047,4.10,1.20
2008.05.16 04:40:26.537,1.0469,1.047,4.90,1.20
2008.05.16 04:40:30.511,1.0469,1.047,5.70,1.20
2008.05.16 04:40:34.550,1.0469,1.047,6.50,1.20
2008.05.16 04:40:38.582,1.0469,1.047,7.30,1.20
2008.05.16 04:41:02.775,1.0469,1.047,4.90,3.60
2008.05.16 04:41:02.896,1.0469,1.047,4.40,3.80
2008.05.16 04:41:02.982,1.0469,1.047,4.40,7.90
2008.05.16 04:41:03.067,1.0469,1.047,4.00,14.30
2008.05.16 04:41:03.163,1.04685,1.0469,0.70,0.50
2008.05.16 04:41:03.248,1.0468,1.0469,21.60,0.60
2008.05.16 04:41:03.610,1.0468,1.0469,13.60,0.60
2008.05.16 04:41:03.731,1.0468,1.04695,14.40,0.60
2008.05.16 04:41:03.850,1.0468,1.04695,14.40,0.50
2008.05.16 04:41:03.972,1.0468,1.047,15.20,23.60
2008.05.16 04:41:04.090,1.0468,1.047,15.20,18.00
2008.05.16 04:41:04.211,1.0468,1.047,23.20,10.00
2008.05.16 04:41:07.335,1.04685,1.047,0.70,9.50
2008.05.16 04:41:07.481,1.04685,1.047,0.70,5.50
2008.05.16 04:41:07.546,1.04685,1.047,0.70,7.90
2008.05.16 04:41:07.851,1.0469,1.047,0.50,7.90
2008.05.16 04:41:08.005,1.0469,1.047,0.80,7.60
2008.05.16 04:41:08.069,1.0469,1.047,8.80,3.60
2008.05.16 04:41:09.182,1.0469,1.047,8.80,3.60
2008.05.16 04:41:09.628,1.0469,1.047,8.80,4.10
2008.05.16 04:41:09.703,1.0469,1.047,0.80,12.10
2008.05.16 04:41:09.744,1.0468,1.047,28.50,10.00
2008.05.16 04:41:09.839,1.0468,1.047,23.70,10.00
2008.05.16 04:41:10.064,1.0468,1.047,23.20,10.00
2008.05.16 04:41:10.278,1.0468,1.047,23.70,10.00
2008.05.16 04:41:10.558,1.0468,1.047,23.70,12.40
2008.05.16 04:41:10.662,1.0468,1.0469,23.70,0.60
2008.05.16 04:41:10.783,1.0468,1.0469,22.40,0.60
2008.05.16 04:41:10.902,1.0468,1.0469,21.60,0.60
2008.05.16 04:41:11.267,1.0468,1.0469,13.60,0.60
2008.05.16 04:41:13.619,1.0468,1.0469,13.60,0.60
2008.05.16 04:41:14.090,1.0468,1.0469,14.40,0.60
2008.05.16 04:41:14.268,1.0469,1.047,4.40,32.20
2008.05.16 04:41:14.358,1.0469,1.047,4.40,27.40
2008.05.16 04:41:14.951,1.0468,1.0469,23.20,0.05
2008.05.16 04:41:15.007,1.0468,1.0469,22.40,0.60
2008.05.16 04:41:15.177,1.0468,1.0469,21.60,0.60
2008.05.16 04:41:15.230,1.0468,1.0469,13.60,0.60
2008.05.16 04:41:16.819,1.0468,1.0469,14.40,0.05
2008.05.16 04:41:16.985,1.0468,1.0469,15.20,0.05
2008.05.16 04:41:17.194,1.0468,1.0469,23.20,0.05
2008.05.16 04:41:28.560,1.0468,1.0469,27.20,0.05
2008.05.16 04:41:31.659,1.0468,1.0469,24.80,0.05
2008.05.16 04:41:31.777,1.0468,1.0469,27.20,0.05
2008.05.16 04:41:31.941,1.0468,1.0469,12.80,0.05
2008.05.16 04:41:31.965,1.0468,1.0469,12.30,0.05
2008.05.16 04:41:31.989,1.0468,1.0469,9.50,0.05
2008.05.16 04:41:32.188,1.0468,1.0469,1.50,0.05
2008.05.16 04:41:34.137,1.04675,1.0469,1.20,0.60
2008.05.16 04:41:34.165,1.0467,1.0469,39.20,0.60
2008.05.16 04:41:34.196,1.0467,1.0469,37.20,0.60
2008.05.16 04:41:34.246,1.0467,1.0469,31.60,0.60
2008.05.16 04:41:34.270,1.0467,1.0469,26.10,1.60
2008.05.16 04:41:34.299,1.0467,1.0469,25.60,1.70
2008.05.16 04:41:34.380,1.0467,1.0469,21.60,1.70
2008.05.16 04:41:34.409,1.04675,1.0469,0.70,1.10
2008.05.16 04:41:34.453,1.0468,1.0469,4.00,5.10
2008.05.16 04:41:34.480,1.0468,1.0469,4.00,5.40
2008.05.16 04:41:34.510,1.0468,1.0469,6.40,5.00
2008.05.16 04:41:34.813,1.0468,1.0469,6.80,5.00
2008.05.16 04:41:34.941,1.0468,1.0469,9.20,5.00
2008.05.16 04:41:34.993,1.0468,1.0469,9.60,4.80
2008.05.16 04:41:35.055,1.0468,1.0469,13.60,0.80
2008.05.16 04:41:36.690,1.0468,1.0469,13.60,1.20
2008.05.16 04:41:36.803,1.0468,1.0469,13.60,1.50
2008.05.16 04:41:37.285,1.0468,1.0469,13.60,1.20
2008.05.16 04:41:37.791,1.0468,1.0469,13.60,1.50
2008.05.16 04:41:38.139,1.0468,1.0469,11.20,1.50
2008.05.16 04:41:38.202,1.0468,1.0469,8.40,1.50
2008.05.16 04:41:38.253,1.0468,1.0469,4.00,9.80
2008.05.16 04:41:38.312,1.04675,1.0468,0.70,0.20
2008.05.16 04:41:38.409,1.0468,1.0469,4.00,11.30
2008.05.16 04:41:38.460,1.0467,1.0469,24.80,11.30
2008.05.16 04:41:38.509,1.0467,1.0469,24.00,11.30
2008.05.16 04:41:38.597,1.0467,1.0469,20.00,11.30
2008.05.16 04:41:38.649,1.0467,1.0469,24.00,7.30
2008.05.16 04:41:38.756,1.0468,1.0469,2.80,7.00
2008.05.16 04:41:38.829,1.0468,1.0469,2.40,7.30
2008.05.16 04:41:38.879,1.0468,1.04685,2.40,0.50
2008.05.16 04:41:38.991,1.0467,1.04685,19.20,0.50
2008.05.16 04:41:39.101,1.0467,1.04685,19.20,0.60
2008.05.16 04:41:39.210,1.0467,1.04685,11.20,0.60
2008.05.16 04:41:39.363,1.0467,1.0468,11.20,0.50
2008.05.16 04:41:40.078,1.0467,1.0468,8.80,3.70
2008.05.16 04:41:40.184,1.0467,1.04675,8.80,0.50
2008.05.16 04:41:40.290,1.0466,1.04675,21.60,0.50
2008.05.16 04:41:40.601,1.0466,1.04675,13.60,0.50
2008.05.16 04:41:41.637,1.0467,1.04675,2.40,0.50
2008.05.16 04:41:41.817,1.0467,1.04675,6.80,0.50
2008.05.16 04:41:41.906,1.0467,1.0468,6.80,20.50
2008.05.16 04:41:41.998,1.0467,1.0468,6.80,20.80
2008.05.16 04:41:42.088,1.0467,1.0468,10.80,16.80
2008.05.16 04:41:42.179,1.0467,1.0468,10.40,15.20
2008.05.16 04:41:42.268,1.0467,1.0468,4.00,19.20
2008.05.16 04:41:42.357,1.0467,1.0468,4.00,11.20
2008.05.16 04:41:42.447,1.0467,1.0468,4.00,7.70
2008.05.16 04:41:43.190,1.0466,1.0468,26.40,7.70
2008.05.16 04:41:43.653,1.0466,1.0468,26.90,7.70
2008.05.16 04:41:43.938,1.0466,1.0468,22.90,11.60
2008.05.16 04:41:44.565,1.04665,1.0468,0.70,11.10
2008.05.16 04:41:44.622,1.04665,1.0468,0.70,7.10
2008.05.16 04:41:44.717,1.04665,1.0468,0.70,6.80
2008.05.16 04:41:44.759,1.04665,1.0468,0.70,2.40
2008.05.16 04:41:44.836,1.04665,1.0468,0.70,1.80
2008.05.16 04:41:44.953,1.04665,1.0468,0.70,0.80
2008.05.16 04:41:44.996,1.04665,1.0468,1.20,0.80
2008.05.16 04:41:45.036,1.04665,1.04685,1.20,1.70
2008.05.16 04:41:45.115,1.0467,1.04685,0.70,1.20
2008.05.16 04:41:45.156,1.0467,1.0469,0.70,13.60
2008.05.16 04:41:45.240,1.0467,1.0469,4.70,13.60
2008.05.16 04:41:45.279,1.0467,1.0469,4.70,9.60
2008.05.16 04:41:45.344,1.0467,1.0469,5.10,9.60
2008.05.16 04:41:45.383,1.0467,1.0469,9.10,9.60
2008.05.16 04:41:45.517,1.0467,1.0469,9.60,9.60
2008.05.16 04:41:45.556,1.0467,1.0469,13.60,9.60
2008.05.16 04:41:45.595,1.0467,1.0469,21.60,9.60
2008.05.16 04:41:45.694,1.0467,1.0469,21.60,9.50
2008.05.16 04:41:46.041,1.0467,1.0469,22.10,9.40
2008.05.16 04:41:47.431,1.0467,1.0469,14.10,13.40
2008.05.16 04:41:47.435,1.0467,1.0469,13.60,13.40
2008.05.16 04:41:47.457,1.0467,1.0469,13.10,13.40
2008.05.16 04:41:47.466,1.0467,1.0469,12.70,13.40
2008.05.16 04:41:47.601,1.0467,1.04685,12.00,0.50
2008.05.16 04:41:47.737,1.0467,1.04685,8.00,0.50
2008.05.16 04:41:47.977,1.04665,1.0468,0.70,0.60
2008.05.16 04:41:48.184,1.04665,1.0468,0.70,0.90
2008.05.16 04:41:48.243,1.04665,1.0468,0.70,1.70
2008.05.16 04:41:48.531,1.04665,1.0468,0.70,1.80
2008.05.16 04:41:48.964,1.0466,1.0468,26.90,2.00
2008.05.16 04:41:49.109,1.0466,1.0468,22.90,2.00
2008.05.16 04:41:49.254,1.0466,1.0468,26.90,9.50
2008.05.16 04:41:49.389,1.0466,1.0467,25.60,0.20
2008.05.16 04:41:49.627,1.0466,1.0467,25.60,0.50
2008.05.16 04:41:49.753,1.0466,1.0467,17.60,0.50
2008.05.16 04:41:49.879,1.0466,1.0467,18.40,0.50
2008.05.16 04:41:50.004,1.0466,1.04675,14.40,0.10
2008.05.16 04:41:50.128,1.0466,1.0468,14.40,24.10
2008.05.16 04:41:50.252,1.0466,1.0468,14.40,23.90
2008.05.16 04:41:50.378,1.0466,1.0468,22.90,15.90
2008.05.16 04:41:50.625,1.0466,1.0468,22.90,11.90
2008.05.16 04:41:51.347,1.0466,1.0468,22.90,11.80
2008.05.16 04:41:52.606,1.0466,1.0468,22.90,11.10
2008.05.16 04:41:52.636,1.0466,1.0468,22.90,10.80
2008.05.16 04:41:52.694,1.04665,1.0468,0.70,2.30
2008.05.16 04:41:52.727,1.04665,1.0468,0.70,1.90
2008.05.16 04:41:52.859,1.04665,1.0468,0.70,1.80
2008.05.16 04:41:52.889,1.0466,1.0468,28.80,2.40
2008.05.16 04:41:52.920,1.0466,1.0468,30.40,2.40
2008.05.16 04:41:53.005,1.0466,1.0468,26.40,2.40
2008.05.16 04:41:53.033,1.0466,1.0468,22.40,2.40
2008.05.16 04:41:53.077,1.0466,1.0468,22.90,2.40
2008.05.16 04:41:53.313,1.0466,1.0468,22.90,6.40
2008.05.16 04:41:53.364,1.0466,1.0468,22.90,6.80
2008.05.16 04:41:53.530,1.0466,1.0468,22.90,7.00
2008.05.16 04:41:53.621,1.0466,1.0468,22.90,11.00
2008.05.16 04:41:55.704,1.0466,1.0468,22.40,11.00
2008.05.16 04:41:55.936,1.0466,1.0468,22.40,11.10
2008.05.16 04:41:56.605,1.0466,1.04675,21.60,0.50
2008.05.16 04:41:56.896,1.0466,1.04675,25.60,0.50
2008.05.16 04:41:56.942,1.0466,1.04675,17.60,0.50
2008.05.16 04:41:56.989,1.0466,1.04675,13.60,0.50
2008.05.16 04:41:57.682,1.0466,1.0467,13.60,0.20
2008.05.16 04:41:57.866,1.0466,1.0467,11.20,0.70
2008.05.16 04:41:57.975,1.0466,1.0467,8.40,0.90
2008.05.16 04:41:58.085,1.0465,1.0467,26.50,4.90
2008.05.16 04:42:02.006,1.0465,1.0467,26.50,6.10
2008.05.16 04:42:03.060,1.0465,1.0467,26.50,6.40
2008.05.16 04:42:03.143,1.0465,1.0467,26.50,6.60
2008.05.16 04:42:07.107,1.0465,1.0467,25.70,6.60
2008.05.16 04:42:07.642,1.0465,1.0467,24.90,6.60
2008.05.16 04:42:07.717,1.0465,1.0467,22.50,6.60
2008.05.16 04:42:07.813,1.0465,1.0467,23.70,6.60
2008.05.16 04:42:07.859,1.0465,1.0467,21.70,6.60
2008.05.16 04:42:12.502,1.0465,1.0467,21.70,7.10
2008.05.16 04:42:15.165,1.0465,1.0467,21.70,11.10
2008.05.16 04:42:15.184,1.0465,1.0467,21.70,11.50
2008.05.16 04:42:15.283,1.0465,1.0467,20.50,11.50
2008.05.16 04:42:16.620,1.0465,1.0467,21.30,11.50
2008.05.16 04:42:16.675,1.04655,1.0467,0.70,10.90
2008.05.16 04:42:16.730,1.0466,1.0467,6.40,6.50
2008.05.16 04:42:16.855,1.0466,1.0467,6.80,6.50
2008.05.16 04:42:16.955,1.0466,1.0467,6.80,6.10
2008.05.16 04:42:17.221,1.0466,1.0467,7.20,5.90
2008.05.16 04:42:17.276,1.0466,1.0467,13.60,1.90
2008.05.16 04:42:17.476,1.0466,1.0467,13.60,1.80
2008.05.16 04:42:19.124,1.0466,1.0467,14.40,1.80
2008.05.16 04:42:19.258,1.0466,1.0467,14.40,1.20
2008.05.16 04:42:19.349,1.0466,1.0467,22.40,1.20
2008.05.16 04:42:20.265,1.0466,1.0467,22.40,0.60
2008.05.16 04:42:20.412,1.0466,1.0468,22.40,9.60
2008.05.16 04:42:20.487,1.0467,1.0468,0.40,9.20
2008.05.16 04:42:20.561,1.0467,1.0468,0.40,9.20
2008.05.16 04:42:21.089,1.0467,1.0468,0.60,9.20
2008.05.16 04:42:21.164,1.0467,1.0468,0.60,5.20
2008.05.16 04:42:21.272,1.0467,1.0468,2.80,5.20
2008.05.16 04:42:21.491,1.0467,1.0468,6.80,4.60
2008.05.16 04:42:21.601,1.0467,1.0468,11.30,0.50
2008.05.16 04:42:21.819,1.0467,1.0468,11.70,0.50
2008.05.16 04:42:22.405,1.0467,1.0468,7.20,8.90
2008.05.16 04:42:22.476,1.0467,1.0468,4.00,9.20
2008.05.16 04:42:22.545,1.0466,1.0468,30.80,9.20
2008.05.16 04:42:22.640,1.0466,1.0468,31.60,9.20
2008.05.16 04:42:22.709,1.0466,1.0468,27.60,9.20
2008.05.16 04:42:22.779,1.0466,1.0468,26.80,9.20
2008.05.16 04:42:23.798,1.0467,1.0468,2.40,9.20
2008.05.16 04:42:24.021,1.0467,1.0468,2.40,5.20
2008.05.16 04:42:24.110,1.0467,1.0468,2.40,4.60
2008.05.16 04:42:24.297,1.0467,1.0468,6.80,4.60
2008.05.16 04:42:24.487,1.0467,1.0468,7.20,4.40
2008.05.16 04:42:24.622,1.0467,1.0468,11.20,0.50
2008.05.16 04:42:34.412,1.0467,1.0468,11.80,0.50
2008.05.16 04:42:34.447,1.0467,1.0468,15.80,0.50
2008.05.16 04:42:34.570,1.0467,1.04685,16.00,0.50
2008.05.16 04:42:34.597,1.04675,1.04685,1.20,0.50
2008.05.16 04:42:34.641,1.0468,1.04685,0.80,0.50
2008.05.16 04:42:34.683,1.0468,1.0469,0.80,24.40
2008.05.16 04:42:34.750,1.0468,1.0469,0.80,20.40
2008.05.16 04:42:34.796,1.0468,1.0469,0.80,19.60
2008.05.16 04:42:34.878,1.0468,1.0469,0.80,15.60
2008.05.16 04:42:35.003,1.0468,1.0469,0.80,7.60
2008.05.16 04:42:37.106,1.0468,1.0469,1.20,4.00
2008.05.16 04:42:37.136,1.0468,1.0469,1.20,0.05
2008.05.16 04:42:37.200,1.0468,1.0469,1.90,0.05
2008.05.16 04:42:37.243,1.0468,1.0469,5.90,0.05
2008.05.16 04:42:37.273,1.0468,1.0469,8.30,0.05
2008.05.16 04:42:37.302,1.0468,1.0469,8.80,0.05
2008.05.16 04:42:37.359,1.0468,1.0469,12.80,0.05
2008.05.16 04:42:37.399,1.0468,1.0469,9.30,0.05
2008.05.16 04:42:37.428,1.0468,1.0469,8.80,0.05
2008.05.16 04:42:37.459,1.0468,1.0469,1.60,0.05
2008.05.16 04:42:37.488,1.0468,1.0469,12.90,0.05
2008.05.16 04:42:37.596,1.0468,1.0469,13.00,0.05
2008.05.16 04:42:37.624,1.0468,1.0469,13.70,0.05
2008.05.16 04:42:37.655,1.0468,1.0469,17.70,0.05
2008.05.16 04:42:37.684,1.04685,1.0469,1.20,0.05
2008.05.16 04:42:39.638,1.0468,1.0469,25.90,0.05
2008.05.16 04:42:39.744,1.0468,1.0469,25.80,0.05
2008.05.16 04:42:39.951,1.0468,1.0469,25.30,0.05
2008.05.16 04:42:40.132,1.0468,1.0469,21.30,0.05
2008.05.16 04:42:40.319,1.0468,1.0469,9.20,0.05
2008.05.16 04:42:40.505,1.0468,1.0469,7.90,0.05
2008.05.16 04:42:40.691,1.0468,1.0469,9.80,0.05
2008.05.16 04:42:40.876,1.0468,1.0469,9.20,0.05
2008.05.16 04:42:41.062,1.0468,1.0469,8.40,0.05
2008.05.16 04:42:41.204,1.0468,1.0469,11.70,0.05
2008.05.16 04:42:41.344,1.0468,1.0469,10.10,0.05
2008.05.16 04:42:41.484,1.0468,1.0469,12.40,0.05
2008.05.16 04:42:41.624,1.0468,1.0469,8.90,0.05
2008.05.16 04:42:41.763,1.0468,1.0469,16.90,0.05
2008.05.16 04:42:41.903,1.0468,1.0469,18.50,0.05
2008.05.16 04:42:42.052,1.0468,1.0469,20.90,0.05
2008.05.16 04:42:42.183,1.0468,1.0469,25.70,0.05
2008.05.16 04:42:42.283,1.0468,1.0469,13.20,0.05
2008.05.16 04:42:42.393,1.04685,1.0469,1.20,0.05
2008.05.16 04:42:44.984,1.0468,1.0469,20.00,0.05
2008.05.16 04:42:45.016,1.0468,1.0469,17.20,0.05
2008.05.16 04:42:45.068,1.0468,1.0469,13.20,4.00
2008.05.16 04:42:45.081,1.0468,1.0469,12.80,4.20
2008.05.16 04:42:45.158,1.0468,1.0469,12.80,4.80
2008.05.16 04:42:45.221,1.0468,1.0469,4.80,4.80
2008.05.16 04:42:45.277,1.0468,1.0469,0.80,4.80
2008.05.16 04:42:45.338,1.0468,1.0469,0.80,5.20
2008.05.16 04:42:45.376,1.0468,1.0469,0.80,9.20
2008.05.16 04:42:45.894,1.0468,1.0469,0.80,9.40
2008.05.16 04:42:46.129,1.0468,1.0469,0.80,9.80
2008.05.16 04:42:46.374,1.0468,1.0469,3.60,5.80
2008.05.16 04:42:46.599,1.0468,1.0469,6.80,5.30
2008.05.16 04:42:46.848,1.0468,1.0469,13.60,1.00
2008.05.16 04:42:46.973,1.0468,1.0469,14.40,1.00
2008.05.16 04:42:47.774,1.0468,1.0469,13.60,1.00
2008.05.16 04:42:48.473,1.0468,1.0469,13.60,1.10
2008.05.16 04:42:48.564,1.0468,1.0469,4.00,14.90
2008.05.16 04:42:48.664,1.0468,1.04685,4.00,0.50
2008.05.16 04:42:48.755,1.0467,1.04685,24.00,0.50
2008.05.16 04:42:48.845,1.0467,1.0468,23.20,0.50
2008.05.16 04:42:48.935,1.0467,1.0468,19.20,0.50
2008.05.16 04:42:49.111,1.0467,1.0468,11.20,0.50
2008.05.16 04:42:55.121,1.04675,1.0468,0.70,0.50
2008.05.16 04:42:55.188,1.04675,1.04685,0.70,0.10
2008.05.16 04:42:55.243,1.0468,1.04685,6.80,0.10
2008.05.16 04:42:55.298,1.0468,1.0469,12.00,14.80
2008.05.16 04:42:55.397,1.0468,1.0469,12.00,2.80
2008.05.16 04:42:56.159,1.0468,1.0469,12.00,3.40
2008.05.16 04:42:56.338,1.0468,1.0469,7.60,3.40
2008.05.16 04:42:56.517,1.0468,1.0469,7.60,1.00
2008.05.16 04:42:56.699,1.0468,1.0469,7.60,5.00
2008.05.16 04:42:56.879,1.0468,1.0469,0.80,9.80
2008.05.16 04:42:57.060,1.04675,1.04685,1.20,0.50
2008.05.16 04:42:57.241,1.0467,1.04685,19.40,0.50
2008.05.16 04:42:57.391,1.0467,1.0468,11.20,0.50
2008.05.16 04:42:58.189,1.0467,1.04685,11.20,0.50
2008.05.16 04:42:59.842,1.0467,1.04685,11.90,0.50
2008.05.16 04:42:59.948,1.0468,1.0469,0.80,9.90
2008.05.16 04:43:00.618,1.0468,1.04685,0.80,0.50
2008.05.16 04:43:00.792,1.04675,1.0468,1.20,0.50
2008.05.16 04:43:00.861,1.04675,1.0468,1.20,0.50
2008.05.16 04:43:01.061,1.0467,1.0468,12.80,0.50
2008.05.16 04:43:01.262,1.0467,1.0468,11.60,0.50
2008.05.16 04:43:01.461,1.0468,1.04685,4.00,0.50
2008.05.16 04:43:02.252,1.0468,1.04685,4.00,0.50
2008.05.16 04:43:02.430,1.0468,1.0469,4.00,22.70
2008.05.16 04:43:02.683,1.0468,1.0469,4.00,17.90
2008.05.16 04:43:02.845,1.0468,1.0469,4.00,9.90
2008.05.16 04:43:02.905,1.0468,1.0469,4.80,9.90
2008.05.16 04:43:04.396,1.0468,1.0469,4.80,12.30
2008.05.16 04:43:04.436,1.0468,1.0469,4.00,12.30
2008.05.16 04:43:04.518,1.0468,1.0469,4.00,17.60
2008.05.16 04:43:04.611,1.0468,1.0469,4.00,23.60
2008.05.16 04:43:04.687,1.0468,1.04685,4.00,0.50
2008.05.16 04:43:04.818,1.0467,1.0468,15.20,0.50
2008.05.16 04:43:07.221,1.0468,1.04685,4.00,0.10
2008.05.16 04:43:07.258,1.0468,1.0469,4.00,24.70
2008.05.16 04:43:07.367,1.0468,1.0469,4.00,24.20
2008.05.16 04:43:07.427,1.0468,1.0469,4.00,22.60
2008.05.16 04:43:07.643,1.0468,1.0469,4.00,24.50
2008.05.16 04:43:07.671,1.0468,1.0469,4.00,25.00
2008.05.16 04:43:07.804,1.0467,1.0468,15.20,0.50
2008.05.16 04:43:11.680,1.0467,1.0468,6.80,0.70
2008.05.16 04:43:11.754,1.0467,1.0468,6.80,8.70
2008.05.16 04:43:11.845,1.0467,1.0468,6.40,9.10
2008.05.16 04:43:11.954,1.0467,1.0468,4.00,9.30
2008.05.16 04:43:16.596,1.0467,1.0468,4.00,9.20
2008.05.16 04:43:16.711,1.0468,1.04685,4.00,0.40
2008.05.16 04:43:16.750,1.0468,1.04685,4.00,0.40
2008.05.16 04:43:16.832,1.0468,1.04685,4.00,0.40
2008.05.16 04:43:17.266,1.0468,1.04685,4.00,0.10
2008.05.16 04:43:17.306,1.0468,1.04685,4.00,0.10
2008.05.16 04:43:18.441,1.0467,1.0468,6.80,8.40
2008.05.16 04:43:18.530,1.0467,1.0468,4.00,9.20
2008.05.16 04:43:18.630,1.0467,1.0468,4.00,9.30
2008.05.16 04:43:21.248,1.0467,1.0468,4.00,9.40
2008.05.16 04:43:22.078,1.0467,1.0468,4.00,9.30
2008.05.16 04:43:23.231,1.0467,1.0468,4.00,9.40
2008.05.16 04:43:23.904,1.0467,1.0468,4.00,5.40
2008.05.16 04:43:23.966,1.0467,1.0468,6.40,4.70
2008.05.16 04:43:24.015,1.0467,1.0468,6.40,4.60
2008.05.16 04:43:24.226,1.0468,1.04685,4.00,0.40
2008.05.16 04:43:24.510,1.0468,1.04685,4.00,0.10
2008.05.16 04:43:24.591,1.0468,1.04685,4.00,0.10
2008.05.16 04:43:25.955,1.0467,1.0468,11.20,0.50
2008.05.16 04:43:26.479,1.04675,1.0469,0.70,22.00
2008.05.16 04:43:26.591,1.04675,1.0469,0.70,18.80
2008.05.16 04:43:26.703,1.04675,1.0469,0.70,17.40
2008.05.16 04:43:26.813,1.04675,1.0469,0.70,9.40
2008.05.16 04:43:26.923,1.04675,1.0469,0.70,5.40
2008.05.16 04:43:27.047,1.04675,1.0469,0.70,1.40
2008.05.16 04:43:27.162,1.04675,1.0469,0.70,0.05
2008.05.16 04:43:27.271,1.0468,1.0469,0.80,0.05
2008.05.16 04:43:28.129,1.0468,1.0469,2.10,0.05
2008.05.16 04:43:28.389,1.0468,1.0469,10.50,0.05
2008.05.16 04:43:28.538,1.0468,1.0469,18.50,0.05
2008.05.16 04:43:28.698,1.0468,1.0469,25.50,0.05
2008.05.16 04:43:28.858,1.0468,1.0469,26.00,0.05
2008.05.16 04:43:29.176,1.0468,1.0469,25.70,0.05
2008.05.16 04:43:29.661,1.0468,1.0469,26.00,0.05
2008.05.16 04:43:30.183,1.0468,1.0469,25.20,0.05
2008.05.16 04:43:30.275,1.0468,1.0469,8.40,11.30
2008.05.16 04:43:30.375,1.0468,1.0469,8.00,12.60
2008.05.16 04:43:30.476,1.0467,1.0469,23.70,18.70
2008.05.16 04:43:30.578,1.0467,1.0469,23.20,18.70
2008.05.16 04:43:30.737,1.0467,1.0469,11.20,29.90
2008.05.16 04:43:30.898,1.0467,1.0468,11.20,0.50
2008.05.16 04:43:31.701,1.0467,1.0468,9.60,0.50
2008.05.16 04:43:31.785,1.0467,1.0469,9.60,23.30
2008.05.16 04:43:31.963,1.0467,1.0469,17.60,15.30
2008.05.16 04:43:32.274,1.0467,1.0469,17.60,15.50
2008.05.16 04:43:32.456,1.0467,1.0469,28.80,11.50
2008.05.16 04:43:32.553,1.0467,1.0469,29.00,10.80
2008.05.16 04:43:32.637,1.0467,1.0469,28.00,14.80
2008.05.16 04:43:32.725,1.0467,1.04685,19.20,0.10
2008.05.16 04:43:32.927,1.0467,1.0468,19.20,0.50
2008.05.16 04:43:33.124,1.0467,1.0468,11.20,0.50
2008.05.16 04:43:33.324,1.0467,1.0468,11.20,0.80
2008.05.16 04:43:33.894,1.0467,1.0468,11.20,0.60
2008.05.16 04:43:34.732,1.0467,1.0468,11.20,0.70
2008.05.16 04:43:36.297,1.0467,1.0468,11.20,0.90
2008.05.16 04:43:38.679,1.0467,1.0468,10.80,5.20
2008.05.16 04:43:38.712,1.0467,1.0468,8.40,5.20
2008.05.16 04:43:38.755,1.0467,1.0468,8.40,5.20
2008.05.16 04:43:38.780,1.0467,1.0468,0.50,9.20
2008.05.16 04:43:38.813,1.0466,1.0468,30.10,10.00
2008.05.16 04:43:38.865,1.0466,1.0468,28.90,10.00
2008.05.16 04:43:38.906,1.0466,1.0468,22.40,10.30
2008.05.16 04:43:39.025,1.0466,1.0468,22.40,10.40
2008.05.16 04:43:39.609,1.0466,1.0468,22.40,11.20
2008.05.16 04:43:39.724,1.0466,1.0468,22.40,12.00
2008.05.16 04:43:39.930,1.04665,1.0468,0.70,9.60
2008.05.16 04:43:40.135,1.0467,1.0468,4.00,8.60
2008.05.16 04:43:40.339,1.0467,1.0468,4.40,7.40
2008.05.16 04:43:40.552,1.0467,1.0468,4.80,7.20
2008.05.16 04:43:40.757,1.0467,1.0468,8.80,3.20
2008.05.16 04:43:40.963,1.0467,1.0468,12.80,0.80
2008.05.16 04:43:41.072,1.0467,1.0468,12.80,0.30
2008.05.16 04:43:41.281,1.0467,1.0468,4.40,8.40
2008.05.16 04:43:41.386,1.0467,1.0468,4.00,8.80
2008.05.16 04:43:41.496,1.0467,1.0468,4.00,4.80
2008.05.16 04:43:41.597,1.0467,1.0468,4.40,7.20
2008.05.16 04:43:42.059,1.0467,1.0468,4.80,7.00
2008.05.16 04:43:42.234,1.0467,1.0468,8.80,3.10
2008.05.16 04:43:45.927,1.0467,1.0468,8.80,3.20
2008.05.16 04:43:47.166,1.0467,1.0468,8.80,3.20
2008.05.16 04:43:47.589,1.0467,1.0468,8.80,3.30
2008.05.16 04:43:49.155,1.0467,1.0468,12.80,3.30
2008.05.16 04:43:49.272,1.0467,1.0468,13.60,2.90
2008.05.16 04:43:49.378,1.0467,1.0468,14.10,0.50
2008.05.16 04:43:49.481,1.0467,1.0468,22.10,0.50
2008.05.16 04:43:49.585,1.0467,1.0468,21.40,0.50
2008.05.16 04:43:49.692,1.0467,1.0468,20.00,0.50
2008.05.16 04:43:49.822,1.0467,1.0468,16.00,0.50
2008.05.16 04:43:49.967,1.0467,1.0468,8.00,0.50
2008.05.16 04:43:50.111,1.04665,1.0468,0.70,0.50
2008.05.16 04:43:51.620,1.04665,1.0468,0.70,0.90
2008.05.16 04:43:51.760,1.04665,1.0468,0.70,1.20
2008.05.16 04:43:53.497,1.04665,1.0468,0.70,3.60
2008.05.16 04:43:53.622,1.0466,1.0468,28.50,3.60
2008.05.16 04:43:53.709,1.0466,1.0468,25.90,3.60
2008.05.16 04:43:53.774,1.0466,1.0468,25.10,3.60
2008.05.16 04:43:53.849,1.0466,1.0468,21.10,8.00
2008.05.16 04:43:53.923,1.0466,1.0468,20.90,8.00
2008.05.16 04:43:54.212,1.0466,1.0468,20.90,12.00
2008.05.16 04:43:54.310,1.0466,1.0468,20.90,12.30
2008.05.16 04:43:56.408,1.0466,1.0468,20.90,13.10
2008.05.16 04:43:56.504,1.0466,1.0468,20.50,13.10
2008.05.16 04:43:57.244,1.0466,1.0468,20.80,13.10
2008.05.16 04:43:58.550,1.0466,1.0468,20.70,13.10
2008.05.16 04:43:58.666,1.0466,1.0468,20.10,14.20
2008.05.16 04:43:58.795,1.0466,1.0468,20.00,14.30
2008.05.16 04:44:04.935,1.0466,1.0468,20.00,13.50
2008.05.16 04:44:05.003,1.0466,1.0468,20.00,13.20
2008.05.16 04:44:06.667,1.0466,1.0468,24.00,9.20
2008.05.16 04:44:06.771,1.0466,1.0468,24.00,10.00
2008.05.16 04:44:06.825,1.0466,1.0467,24.00,2.40
2008.05.16 04:44:06.932,1.0466,1.0467,23.20,2.40
2008.05.16 04:44:07.334,1.0466,1.0467,15.20,2.80
2008.05.16 04:44:08.189,1.0466,1.0467,15.80,2.80
2008.05.16 04:44:08.313,1.0466,1.0468,15.80,30.00
2008.05.16 04:44:08.438,1.0466,1.0468,16.50,36.20
2008.05.16 04:44:08.563,1.0467,1.0468,4.00,25.00
2008.05.16 04:44:08.689,1.0467,1.0468,4.00,14.60
2008.05.16 04:44:09.961,1.0467,1.0468,4.00,13.80
2008.05.16 04:44:10.947,1.0467,1.0468,4.00,13.70
2008.05.16 04:44:22.793,1.0467,1.0468,4.00,14.50
2008.05.16 04:44:22.913,1.04665,1.0467,4.00,0.80
2008.05.16 04:44:32.406,1.04665,1.0467,4.70,0.80
2008.05.16 04:44:32.690,1.0467,1.04675,4.00,0.05
2008.05.16 04:44:32.774,1.0467,1.04675,4.40,0.05
2008.05.16 04:44:33.002,1.0467,1.04675,4.80,0.05
2008.05.16 04:44:33.177,1.0467,1.04675,8.80,0.05
2008.05.16 04:44:36.142,1.0467,1.04675,4.80,0.05
2008.05.16 04:44:36.216,1.0467,1.04675,4.40,0.05
2008.05.16 04:44:36.285,1.0467,1.04675,8.00,0.05
2008.05.16 04:44:36.399,1.0467,1.04675,4.00,0.05
2008.05.16 04:44:36.536,1.0466,1.0467,21.60,1.20
2008.05.16 04:44:37.547,1.0466,1.0467,13.60,1.30
2008.05.16 04:44:37.754,1.0466,1.0467,13.60,1.60
2008.05.16 04:44:38.996,1.0466,1.0467,17.60,1.30
2008.05.16 04:44:39.105,1.0466,1.0467,17.60,1.20
2008.05.16 04:44:39.244,1.04665,1.0467,0.50,0.80
2008.05.16 04:44:39.358,1.0467,1.04675,8.40,1.20
2008.05.16 04:44:39.499,1.0468,1.04685,4.00,1.40
2008.05.16 04:44:40.898,1.0467,1.04675,4.80,0.05
2008.05.16 04:44:40.975,1.0467,1.04675,4.40,0.05
2008.05.16 04:44:41.036,1.04665,1.0467,0.70,0.80
2008.05.16 04:44:41.215,1.0467,1.04675,8.00,0.05
2008.05.16 04:44:41.414,1.04665,1.0467,4.00,0.80
2008.05.16 04:44:42.987,1.04665,1.0467,4.00,0.90
2008.05.16 04:44:43.323,1.0466,1.0467,13.60,1.30
2008.05.16 04:44:46.227,1.0466,1.0467,17.60,1.20
2008.05.16 04:44:48.494,1.0466,1.0467,13.60,0.80
2008.05.16 04:44:49.117,1.04665,1.0467,4.00,0.70
2008.05.16 04:44:49.428,1.04665,1.0467,4.00,0.60
2008.05.16 04:44:49.559,1.04665,1.0467,4.00,0.50
2008.05.16 04:44:49.753,1.04665,1.0467,4.00,0.40
2008.05.16 04:44:50.170,1.0467,1.0468,4.00,11.60
2008.05.16 04:44:50.309,1.0467,1.0468,4.00,11.30
2008.05.16 04:44:50.473,1.0467,1.0468,4.00,10.10
2008.05.16 04:44:50.569,1.0467,1.0468,4.00,9.30
2008.05.16 04:44:50.689,1.0467,1.0468,4.00,0.70
2008.05.16 04:44:50.974,1.0467,1.0468,8.00,0.70
2008.05.16 04:44:52.935,1.0467,1.0468,8.00,3.60
2008.05.16 04:44:53.084,1.0467,1.0468,8.00,1.20
2008.05.16 04:44:53.129,1.0467,1.0468,4.00,1.20
2008.05.16 04:44:53.267,1.0467,1.0468,4.00,6.00
2008.05.16 04:44:53.311,1.0467,1.0468,4.00,6.80
2008.05.16 04:44:53.621,1.0467,1.0468,4.00,11.10
2008.05.16 04:45:02.797,1.0467,1.0468,4.00,12.00
2008.05.16 04:45:04.163,1.0467,1.0468,4.00,11.40
2008.05.16 04:45:10.156,1.0467,1.0468,4.00,11.60
2008.05.16 04:45:11.890,1.0467,1.0468,4.00,7.60
2008.05.16 04:45:12.027,1.04665,1.0467,4.00,0.30
2008.05.16 04:45:12.752,1.0467,1.0468,4.00,12.10
2008.05.16 04:45:12.782,1.0467,1.0468,4.00,12.00
2008.05.16 04:45:16.441,1.0467,1.0468,4.00,8.00
2008.05.16 04:45:16.681,1.0467,1.0468,4.00,10.40
2008.05.16 04:45:17.019,1.0468,1.04685,4.00,1.50
2008.05.16 04:45:17.230,1.0468,1.04685,4.00,1.20
2008.05.16 04:45:17.437,1.0468,1.04685,4.00,1.20
2008.05.16 04:45:17.995,1.0468,1.04685,4.00,1.20
2008.05.16 04:45:21.521,1.0468,1.04685,4.00,1.20
2008.05.16 04:45:21.641,1.0468,1.04685,4.00,1.20
2008.05.16 04:45:21.743,1.0468,1.04685,4.00,1.20
2008.05.16 04:45:21.783,1.0468,1.04685,4.00,1.20
2008.05.16 04:45:24.946,1.04675,1.0468,4.00,0.50
2008.05.16 04:45:25.059,1.04675,1.0468,4.00,0.30
2008.05.16 04:45:25.695,1.04675,1.0468,4.00,2.60
2008.05.16 04:45:25.879,1.0467,1.0468,8.80,3.10
2008.05.16 04:45:26.818,1.0467,1.0468,8.80,3.20
2008.05.16 04:45:27.333,1.0467,1.0468,8.80,3.30
2008.05.16 04:45:29.014,1.0467,1.0468,8.80,3.40
2008.05.16 04:45:31.975,1.0467,1.0468,8.80,3.60
2008.05.16 04:45:32.301,1.0467,1.0468,13.60,0.60
2008.05.16 04:45:33.774,1.0468,1.0469,4.00,9.80
2008.05.16 04:45:35.902,1.04675,1.0468,4.00,0.60
2008.05.16 04:45:36.234,1.0467,1.0468,19.80,0.80
2008.05.16 04:45:37.308,1.0467,1.0468,11.80,1.10
2008.05.16 04:45:37.992,1.0467,1.0468,11.80,1.20
2008.05.16 04:45:39.041,1.0467,1.0468,11.80,1.20
2008.05.16 04:45:58.555,1.0467,1.0468,12.80,0.60
2008.05.16 04:45:58.656,1.0467,1.0468,13.60,0.60
2008.05.16 04:46:02.989,1.0467,1.0468,18.10,0.60
2008.05.16 04:46:04.249,1.0467,1.0468,18.10,0.80
2008.05.16 04:46:06.302,1.0467,1.0468,15.20,1.20
2008.05.16 04:46:08.797,1.0467,1.0468,8.80,0.80
2008.05.16 04:46:11.298,1.0467,1.0468,15.20,1.20
2008.05.16 04:46:15.327,1.0467,1.0468,7.20,1.60
2008.05.16 04:46:17.633,1.0467,1.0468,11.20,1.60
2008.05.16 04:46:30.590,1.0468,1.04685,4.00,0.10
2008.05.16 04:46:43.158,1.0468,1.0469,10.40,34.30
2008.05.16 04:46:43.270,1.04675,1.0468,0.50,1.20
2008.05.16 04:46:43.382,1.04675,1.0468,0.50,0.60
2008.05.16 04:46:43.480,1.0469,1.04695,4.00,1.40
2008.05.16 04:46:47.211,1.0468,1.0469,7.20,5.30
2008.05.16 04:46:47.404,1.0468,1.0469,7.20,4.50
2008.05.16 04:46:47.847,1.04675,1.0468,1.30,0.20
2008.05.16 04:46:52.928,1.0468,1.0469,1.20,13.00
2008.05.16 04:46:53.002,1.0467,1.0468,29.30,0.20
2008.05.16 04:46:53.041,1.0468,1.0469,4.80,13.00
2008.05.16 04:46:53.435,1.0467,1.0468,14.10,0.40
2008.05.16 04:46:55.562,1.0469,1.04695,4.00,1.80
2008.05.16 04:46:58.194,1.04675,1.0468,1.30,0.50
2008.05.16 04:46:58.246,1.04675,1.0468,1.10,0.50
2008.05.16 04:46:58.301,1.04675,1.0468,0.70,0.50
2008.05.16 04:46:58.464,1.0468,1.0469,4.80,13.90
2008.05.16 04:47:01.171,1.0467,1.0468,18.90,0.20
2008.05.16 04:47:01.652,1.0469,1.04695,4.00,1.80
2008.05.16 04:47:04.686,1.0468,1.0469,1.20,13.00
2008.05.16 04:47:04.724,1.0468,1.0469,0.80,13.00
2008.05.16 04:47:04.980,1.0468,1.0469,4.80,13.00
2008.05.16 04:47:05.005,1.0467,1.0468,18.10,0.20
2008.05.16 04:47:06.181,1.0467,1.0468,14.10,0.30
2008.05.16 04:47:07.219,1.0469,1.04695,4.00,1.80
2008.05.16 04:47:07.266,1.0469,1.04695,4.00,1.50
2008.05.16 04:47:07.761,1.0469,1.04695,4.00,1.20
2008.05.16 04:47:07.790,1.0469,1.04695,4.00,1.20
2008.05.16 04:47:08.432,1.0469,1.04695,4.00,2.00
2008.05.16 04:47:08.494,1.0468,1.0469,5.20,13.00
2008.05.16 04:47:08.563,1.0467,1.0468,18.90,0.30
2008.05.16 04:47:09.514,1.0468,1.0469,0.80,13.00
2008.05.16 04:47:09.657,1.0467,1.0468,18.10,0.60
2008.05.16 04:47:11.220,1.0468,1.0469,0.80,9.10
2008.05.16 04:47:11.252,1.0468,1.0469,4.80,9.10
2008.05.16 04:47:11.322,1.0468,1.0469,5.20,9.10
2008.05.16 04:47:11.617,1.0468,1.0469,5.00,9.10
2008.05.16 04:47:11.666,1.0468,1.0469,7.40,9.10
2008.05.16 04:47:11.730,1.0468,1.0469,7.90,8.80
2008.05.16 04:47:11.869,1.0468,1.0469,11.90,4.80
2008.05.16 04:47:12.467,1.0468,1.0469,5.00,13.10
2008.05.16 04:47:12.577,1.0467,1.0468,21.60,0.60
2008.05.16 04:47:13.266,1.0467,1.0468,17.60,0.50
2008.05.16 04:47:18.076,1.0467,1.0468,28.00,0.30
2008.05.16 04:47:18.175,1.0468,1.0469,4.60,9.00
2008.05.16 04:47:18.275,1.04675,1.0468,0.70,0.20
2008.05.16 04:47:18.474,1.0468,1.0469,7.40,9.00
2008.05.16 04:47:18.524,1.0468,1.0469,7.90,8.80
2008.05.16 04:47:18.574,1.0468,1.0469,11.90,4.80
2008.05.16 04:47:19.935,1.0467,1.0468,19.70,0.20
2008.05.16 04:47:20.013,1.0467,1.0468,18.90,0.50
2008.05.16 04:47:20.068,1.0468,1.0469,8.60,9.90
2008.05.16 04:47:20.185,1.0468,1.0469,0.60,13.90
2008.05.16 04:47:30.178,1.0467,1.0468,17.60,0.40
2008.05.16 04:47:30.390,1.0467,1.0468,17.60,0.20
2008.05.16 04:47:33.173,1.0467,1.0468,18.10,0.40
2008.05.16 04:47:33.261,1.0467,1.0468,18.10,0.50
2008.05.16 04:47:44.443,1.0467,1.0468,18.10,0.40
2008.05.16 04:47:44.767,1.0467,1.0468,18.10,0.20
2008.05.16 04:47:45.742,1.0467,1.0468,19.80,0.50
2008.05.16 04:47:46.308,1.0467,1.0468,11.80,0.90
2008.05.16 04:47:49.387,1.0468,1.0469,1.10,31.00
2008.05.16 04:47:49.418,1.0468,1.0469,3.50,27.00
2008.05.16 04:47:49.508,1.0468,1.0469,11.50,17.70
2008.05.16 04:47:49.561,1.04675,1.0468,1.10,0.20
2008.05.16 04:47:49.933,1.04675,1.0468,1.10,0.20
2008.05.16 04:47:50.438,1.0468,1.0469,5.50,8.80
2008.05.16 04:47:50.570,1.04675,1.0468,0.70,0.40
2008.05.16 04:47:50.706,1.0467,1.0468,19.70,0.50
2008.05.16 04:47:50.851,1.0467,1.0468,22.10,0.50
2008.05.16 04:47:55.569,1.0467,1.0468,17.70,2.90
2008.05.16 04:47:55.652,1.0467,1.0468,17.00,2.90
2008.05.16 04:47:55.773,1.0467,1.0468,17.00,3.30
2008.05.16 04:47:56.060,1.0467,1.0468,9.40,3.30
2008.05.16 04:47:56.151,1.0467,1.0468,9.40,0.50
2008.05.16 04:47:56.163,1.0467,1.0468,10.10,0.50
2008.05.16 04:47:56.605,1.0467,1.0468,18.10,0.50
2008.05.16 04:47:57.129,1.0467,1.0468,18.10,2.90
2008.05.16 04:47:57.291,1.0467,1.0468,16.80,2.90
2008.05.16 04:47:57.350,1.0467,1.0468,16.80,3.30
2008.05.16 04:47:57.421,1.0467,1.0468,8.80,3.30
2008.05.16 04:48:34.153,1.0467,1.0468,8.80,2.90
2008.05.16 04:48:34.257,1.0467,1.0468,11.20,0.50
2008.05.16 04:48:34.679,1.0467,1.0468,11.20,0.90
2008.05.16 04:48:41.214,1.0467,1.0468,11.20,0.50
2008.05.16 04:48:43.486,1.0467,1.0468,11.20,0.90
2008.05.16 04:48:46.356,1.0467,1.0468,11.20,1.20
2008.05.16 04:49:11.740,1.0467,1.0468,11.20,0.80
2008.05.16 04:49:18.559,1.0467,1.0468,11.20,0.80
2008.05.16 04:49:19.979,1.0467,1.0468,11.20,2.00
2008.05.16 04:49:20.078,1.0467,1.0468,11.20,2.40
2008.05.16 04:49:20.602,1.04665,1.0467,1.60,0.05
2008.05.16 04:49:24.947,1.0467,1.0468,13.60,2.00
2008.05.16 04:49:25.289,1.04665,1.0467,1.60,0.05
2008.05.16 04:49:27.414,1.04665,1.0467,1.60,0.05
2008.05.16 04:49:27.519,1.0467,1.0468,16.80,3.70
2008.05.16 04:49:27.727,1.04665,1.0467,1.60,0.05
2008.05.16 04:49:29.407,1.0467,1.0468,12.80,8.70
2008.05.16 04:49:29.725,1.04675,1.0468,0.70,2.00
2008.05.16 04:49:29.805,1.0468,1.04685,4.00,1.40
2008.05.16 04:49:29.967,1.04675,1.0468,0.70,1.20
2008.05.16 04:49:30.127,1.0467,1.0468,21.60,0.80
2008.05.16 04:49:30.208,1.0467,1.0468,18.40,3.20
2008.05.16 04:49:30.475,1.0467,1.0468,17.60,3.60
2008.05.16 04:49:30.751,1.0467,1.0468,8.80,3.80
2008.05.16 04:49:31.015,1.0467,1.0468,8.80,7.80
2008.05.16 04:49:31.281,1.0467,1.0468,17.60,0.50
2008.05.16 04:49:31.499,1.0467,1.0468,25.60,0.50
2008.05.16 04:49:32.256,1.0467,1.0468,25.60,2.90
2008.05.16 04:49:32.400,1.0467,1.0468,24.80,2.90
2008.05.16 04:49:32.480,1.0467,1.0468,20.80,3.20
2008.05.16 04:49:32.622,1.0467,1.0468,20.80,4.00
2008.05.16 04:49:32.698,1.0467,1.0468,20.80,4.00
2008.05.16 04:49:32.771,1.0467,1.0468,12.80,4.40
2008.05.16 04:49:32.914,1.0467,1.0468,8.80,4.40
2008.05.16 04:49:32.983,1.0467,1.0468,8.80,4.70
2008.05.16 04:49:33.054,1.0467,1.0468,8.80,8.70
2008.05.16 04:49:33.758,1.0467,1.0468,8.80,6.30
2008.05.16 04:49:33.908,1.0467,1.0468,9.60,6.30
2008.05.16 04:49:34.058,1.0467,1.0468,13.60,0.50
2008.05.16 04:49:34.208,1.0467,1.0468,17.60,0.50
2008.05.16 04:49:34.358,1.0467,1.0468,25.60,0.50
2008.05.16 04:49:35.753,1.0467,1.0468,25.60,2.90
2008.05.16 04:49:35.901,1.0467,1.0468,24.80,2.90
2008.05.16 04:49:35.961,1.0467,1.0468,20.80,2.90
2008.05.16 04:49:36.128,1.0467,1.0468,16.80,3.00
2008.05.16 04:49:36.296,1.0467,1.0468,8.80,3.40
2008.05.16 04:49:36.521,1.0467,1.0468,8.80,7.30
2008.05.16 04:49:36.605,1.0467,1.0468,8.80,7.60
2008.05.16 04:49:37.001,1.0467,1.0468,8.80,7.80
2008.05.16 04:49:43.997,1.0467,1.0468,8.80,8.70
2008.05.16 04:49:44.092,1.0467,1.0468,8.80,9.10
2008.05.16 04:49:44.311,1.0467,1.0468,8.40,8.70
2008.05.16 04:49:45.517,1.0467,1.0468,8.40,8.30
2008.05.16 04:49:46.310,1.0467,1.0468,8.40,8.40
2008.05.16 04:49:47.120,1.0467,1.0468,8.40,8.80
2008.05.16 04:49:48.482,1.0467,1.0468,8.40,9.60
2008.05.16 04:49:48.620,1.04665,1.0467,1.10,0.50
2008.05.16 04:49:49.022,1.0467,1.0468,8.40,9.40
2008.05.16 04:49:49.249,1.0467,1.0468,8.40,8.30
2008.05.16 04:49:50.163,1.0467,1.0468,8.40,8.70
2008.05.16 04:49:50.408,1.0467,1.0468,8.40,8.30
2008.05.16 04:49:53.465,1.0467,1.0468,8.80,8.30
2008.05.16 04:49:57.517,1.0467,1.0468,8.40,8.30
2008.05.16 04:49:57.720,1.04665,1.0467,1.10,0.20
2008.05.16 04:49:58.209,1.0467,1.0468,8.40,8.30
2008.05.16 04:49:58.731,1.0467,1.0468,8.80,8.30
2008.05.16 04:50:01.456,1.0467,1.0468,8.40,8.30
2008.05.16 04:50:01.970,1.0467,1.0468,8.80,8.30
2008.05.16 04:50:02.249,1.0467,1.0468,8.40,8.30
2008.05.16 04:50:02.394,1.04665,1.0467,1.10,0.50
2008.05.16 04:50:03.474,1.04665,1.0467,1.10,0.50
2008.05.16 04:50:04.332,1.04665,1.0467,1.10,0.50
2008.05.16 04:50:07.335,1.04665,1.0467,1.10,0.60
2008.05.16 04:50:08.680,1.04665,1.0467,1.10,0.80
2008.05.16 04:50:09.025,1.0467,1.04675,8.40,1.20
2008.05.16 04:50:09.361,1.0467,1.0468,8.40,10.90
2008.05.16 04:50:09.489,1.0468,1.04685,4.00,2.40
2008.05.16 04:50:09.619,1.0468,1.04685,1.60,2.40
2008.05.16 04:50:09.693,1.0468,1.04685,1.60,2.40
2008.05.16 04:50:10.122,1.0467,1.0468,6.00,12.50
2008.05.16 04:50:11.273,1.04665,1.0467,1.10,0.70
2008.05.16 04:50:12.337,1.0467,1.0468,4.40,11.00
2008.05.16 04:50:12.506,1.0467,1.0468,6.00,11.00
2008.05.16 04:50:12.562,1.04665,1.0467,1.10,0.50
2008.05.16 04:50:12.835,1.04665,1.0467,1.10,0.20
2008.05.16 04:50:13.038,1.04665,1.0467,1.10,0.60
2008.05.16 04:50:13.516,1.04665,1.0467,1.10,0.20
2008.05.16 04:50:15.827,1.0467,1.0468,6.80,10.00
2008.05.16 04:50:16.531,1.0467,1.0468,6.80,9.40
2008.05.16 04:50:19.858,1.0467,1.0468,7.60,9.40
2008.05.16 04:50:20.391,1.0467,1.0468,7.60,9.60
2008.05.16 04:50:21.242,1.0467,1.0468,7.60,10.00
2008.05.16 04:50:22.674,1.04665,1.0467,1.10,0.30
2008.05.16 04:50:23.240,1.04665,1.0467,1.10,0.40
2008.05.16 04:50:23.352,1.04665,1.0467,1.10,0.30
2008.05.16 04:50:23.789,1.04665,1.0467,0.50,0.40
2008.05.16 04:50:23.912,1.04665,1.0467,0.50,0.70
2008.05.16 04:50:24.024,1.04665,1.0467,0.50,0.60
2008.05.16 04:50:24.329,1.04665,1.0467,0.50,0.70
2008.05.16 04:50:24.634,1.04665,1.0467,0.50,1.00
2008.05.16 04:50:25.242,1.0466,1.0467,24.00,5.20
2008.05.16 04:50:25.352,1.0466,1.0467,24.00,5.80
2008.05.16 04:50:25.462,1.0466,1.0467,23.20,5.80
2008.05.16 04:50:25.576,1.0466,1.0467,19.20,5.80
2008.05.16 04:50:25.794,1.0466,1.0467,11.20,5.80
2008.05.16 04:50:25.904,1.04655,1.0466,1.10,0.20
2008.05.16 04:50:28.080,1.0466,1.0467,11.20,5.80
2008.05.16 04:50:28.492,1.0466,1.0467,11.20,5.60
2008.05.16 04:50:28.861,1.0466,1.0467,11.20,5.40
2008.05.16 04:50:28.989,1.0466,1.0467,11.20,5.60
2008.05.16 04:50:29.391,1.0466,1.0467,11.20,5.40
2008.05.16 04:50:29.457,1.0466,1.0467,11.20,1.40
2008.05.16 04:50:29.521,1.0466,1.0467,8.80,1.00
2008.05.16 04:50:29.677,1.0466,1.0467,9.60,0.80
2008.05.16 04:50:30.144,1.0466,1.0467,21.60,0.80
2008.05.16 04:50:30.731,1.0466,1.0467,21.60,1.00
2008.05.16 04:50:31.021,1.0466,1.0467,25.60,1.00
2008.05.16 04:50:31.555,1.0466,1.0467,25.60,0.80
2008.05.16 04:50:39.635,1.0466,1.0467,25.60,1.00
2008.05.16 04:50:39.663,1.04655,1.0466,1.60,0.50
2008.05.16 04:50:39.723,1.04655,1.0466,1.60,1.20
2008.05.16 04:50:39.753,1.04655,1.0466,1.60,1.60
2008.05.16 04:50:39.847,1.0466,1.0467,20.80,6.00
2008.05.16 04:50:40.161,1.0466,1.04665,8.80,1.20
2008.05.16 04:50:50.099,1.0466,1.04665,8.40,1.20
2008.05.16 04:50:50.201,1.0466,1.04665,8.40,1.20
2008.05.16 04:50:50.488,1.0466,1.04665,8.40,1.20
2008.05.16 04:50:50.727,1.0466,1.04665,8.00,1.20
2008.05.16 04:50:50.847,1.0466,1.04665,4.00,1.20
2008.05.16 04:50:50.966,1.04655,1.0466,0.70,0.60
2008.05.16 04:50:51.326,1.0466,1.0467,4.00,13.10
2008.05.16 04:50:51.783,1.0466,1.0467,4.00,18.00
2008.05.16 04:50:51.942,1.0465,1.0466,21.20,0.50
2008.05.16 04:50:52.083,1.0465,1.0466,21.70,0.60
2008.05.16 04:50:52.233,1.0465,1.0466,17.70,1.40
2008.05.16 04:50:52.383,1.0465,1.0466,17.70,1.70
2008.05.16 04:50:52.543,1.0465,1.0466,17.70,1.80
2008.05.16 04:50:53.497,1.0465,1.0466,17.70,4.20
2008.05.16 04:50:53.657,1.0465,1.0466,16.40,4.20
2008.05.16 04:50:53.737,1.0465,1.0466,16.40,8.20
2008.05.16 04:50:53.816,1.0465,1.0466,16.40,8.60
2008.05.16 04:50:53.896,1.0465,1.0466,16.40,12.80
2008.05.16 04:50:53.975,1.0465,1.0466,8.40,12.80
2008.05.16 04:50:54.313,1.0465,1.0466,8.40,13.00
2008.05.16 04:50:54.548,1.0465,1.0466,8.40,12.80
2008.05.16 04:50:55.061,1.0465,1.0466,8.80,12.80
2008.05.16 04:50:55.826,1.0465,1.0466,9.60,12.80
2008.05.16 04:50:55.925,1.0466,1.04665,4.00,1.40
2008.05.16 04:50:56.028,1.0466,1.04665,4.00,1.40
2008.05.16 04:50:56.229,1.0466,1.04665,4.00,1.40
2008.05.16 04:50:56.463,1.0466,1.04665,4.00,1.40
2008.05.16 04:50:56.662,1.0466,1.04665,4.00,1.40
2008.05.16 04:50:58.711,1.0466,1.04665,4.00,0.30
2008.05.16 04:51:01.386,1.0466,1.04665,4.00,0.30
2008.05.16 04:51:02.749,1.0466,1.0467,7.20,3.20
2008.05.16 04:51:02.842,1.0466,1.0467,11.20,6.40
2008.05.16 04:51:05.820,1.0466,1.0467,11.10,6.40
2008.05.16 04:51:10.791,1.0466,1.0467,11.20,6.40
2008.05.16 04:51:17.174,1.0466,1.0467,11.20,6.60
2008.05.16 04:51:18.729,1.0466,1.0467,11.20,7.20
2008.05.16 04:51:21.716,1.0466,1.0467,11.20,7.10
2008.05.16 04:51:28.959,1.04655,1.0466,1.10,0.30
2008.05.16 04:51:29.056,1.0466,1.0467,11.20,7.10
2008.05.16 04:51:29.243,1.0466,1.0467,11.20,7.00
2008.05.16 04:51:48.538,1.0466,1.0467,8.80,9.40
2008.05.16 04:51:48.647,1.04655,1.0466,1.10,0.40
2008.05.16 04:51:48.746,1.04655,1.0466,1.10,0.70
2008.05.16 04:51:48.782,1.0466,1.0467,4.40,15.30
2008.05.16 04:51:48.816,1.0466,1.0467,4.00,15.40
2008.05.16 04:51:48.979,1.0465,1.0466,22.90,0.70
2008.05.16 04:51:49.077,1.0465,1.0466,18.10,0.70
2008.05.16 04:51:49.241,1.0465,1.0466,17.60,0.70
2008.05.16 04:51:56.154,1.0465,1.0466,17.60,0.50
2008.05.16 04:51:56.220,1.0465,1.0466,21.60,0.50
2008.05.16 04:51:58.010,1.0465,1.0466,21.60,0.80
2008.05.16 04:51:58.068,1.0465,1.0466,21.60,1.60
2008.05.16 04:52:00.285,1.0465,1.0466,21.60,0.80
2008.05.16 04:52:00.345,1.0465,1.0466,21.60,0.40
2008.05.16 04:52:01.832,1.0465,1.0467,21.60,9.40
2008.05.16 04:52:03.104,1.0465,1.0467,22.10,9.40
2008.05.16 04:52:05.765,1.0465,1.0467,24.50,9.40
2008.05.16 04:52:05.882,1.0465,1.0466,24.50,0.50
2008.05.16 04:52:05.932,1.0465,1.0466,23.80,0.50
2008.05.16 04:52:05.982,1.0465,1.0466,19.20,0.50
2008.05.16 04:52:06.031,1.0465,1.0466,19.20,0.70
2008.05.16 04:52:06.084,1.0465,1.0466,11.20,0.70
2008.05.16 04:52:06.319,1.0465,1.0466,11.20,1.10
2008.05.16 04:52:06.471,1.0465,1.0466,11.20,5.30
2008.05.16 04:52:07.347,1.04655,1.0466,0.70,5.30
2008.05.16 04:52:07.458,1.0466,1.04665,2.40,0.30
2008.05.16 04:52:07.561,1.0466,1.0467,10.80,16.80
2008.05.16 04:52:07.662,1.0466,1.0467,10.80,8.80
2008.05.16 04:52:07.848,1.0466,1.0467,11.20,8.80
2008.05.16 04:52:08.923,1.0466,1.0467,8.80,8.80
2008.05.16 04:52:09.108,1.0466,1.0467,4.00,9.60
2008.05.16 04:52:09.293,1.0465,1.0466,26.10,0.20
2008.05.16 04:52:09.362,1.0465,1.0466,22.10,0.20
2008.05.16 04:52:11.457,1.0465,1.0466,22.10,0.60
2008.05.16 04:52:11.532,1.0465,1.0466,22.10,0.70
2008.05.16 04:52:11.820,1.0465,1.0466,21.60,0.70
2008.05.16 04:52:14.597,1.0465,1.0466,21.60,0.80
2008.05.16 04:52:14.927,1.0465,1.0466,17.60,0.80
2008.05.16 04:52:14.966,1.0465,1.0466,20.00,0.80
2008.05.16 04:52:15.295,1.0465,1.0466,19.20,0.80
2008.05.16 04:52:15.454,1.0465,1.0466,11.20,5.20
2008.05.16 04:52:15.613,1.0465,1.0466,11.20,5.40
2008.05.16 04:52:35.624,1.0465,1.0466,11.20,9.40
2008.05.16 04:52:39.414,1.0465,1.0466,8.80,11.80
2008.05.16 04:53:01.591,1.0465,1.0466,8.80,7.80
2008.05.16 04:53:03.931,1.0465,1.0466,8.80,8.60
2008.05.16 04:53:04.000,1.0465,1.0466,8.80,8.70
2008.05.16 04:53:04.090,1.0465,1.0466,8.80,9.50
2008.05.16 04:53:05.262,1.04645,1.0465,0.50,0.20
2008.05.16 04:53:25.565,1.0465,1.0466,8.80,8.20
2008.05.16 04:53:25.587,1.0465,1.0466,8.80,7.40
2008.05.16 04:53:27.684,1.0465,1.0466,8.80,7.80
2008.05.16 04:53:29.112,1.0465,1.0466,9.60,7.80
2008.05.16 04:53:29.199,1.0465,1.0466,13.60,3.80
2008.05.16 04:53:29.273,1.0465,1.0466,13.60,3.20
2008.05.16 04:53:29.447,1.0465,1.0466,13.60,0.50
2008.05.16 04:53:29.536,1.0465,1.0466,21.60,0.60
2008.05.16 04:53:30.218,1.0465,1.0466,21.60,0.70
2008.05.16 04:53:37.756,1.0465,1.0466,21.60,3.10
2008.05.16 04:53:37.841,1.0465,1.0466,20.80,3.10
2008.05.16 04:53:37.978,1.0465,1.0466,16.80,3.20
2008.05.16 04:53:38.268,1.0465,1.0466,8.80,3.60
2008.05.16 04:53:38.395,1.0465,1.0466,8.80,3.80
2008.05.16 04:53:38.505,1.0465,1.0466,8.80,7.80
2008.05.16 04:53:42.457,1.0465,1.0466,8.80,8.60
2008.05.16 04:53:42.545,1.0465,1.0466,8.80,9.00
2008.05.16 04:53:46.746,1.0465,1.0466,8.80,8.60
2008.05.16 04:53:47.396,1.0465,1.0466,8.80,7.80
2008.05.16 04:53:47.575,1.0465,1.0466,8.80,8.20
2008.05.16 04:53:47.598,1.0465,1.0466,8.80,9.00
2008.05.16 04:53:56.595,1.04645,1.0465,1.10,0.60
2008.05.16 04:53:56.702,1.0465,1.0466,4.80,14.80
2008.05.16 04:53:56.744,1.0465,1.0466,4.40,14.80
2008.05.16 04:53:56.795,1.0465,1.0466,4.00,13.80
2008.05.16 04:53:56.852,1.0465,1.0466,4.00,14.40
2008.05.16 04:53:57.021,1.0464,1.0466,17.60,14.40
2008.05.16 04:54:04.605,1.0464,1.04655,16.80,0.50
2008.05.16 04:54:04.774,1.0464,1.0465,16.80,2.80
2008.05.16 04:54:04.895,1.0464,1.0465,8.80,2.80
2008.05.16 04:54:05.961,1.0465,1.04655,4.00,0.50
2008.05.16 04:54:08.868,1.0464,1.0465,8.80,2.80
2008.05.16 04:54:16.267,1.0464,1.0465,8.40,3.00
2008.05.16 04:54:16.362,1.0464,1.0465,4.40,7.00
2008.05.16 04:54:17.728,1.0465,1.04655,4.00,0.80
2008.05.16 04:54:19.515,1.0464,1.0465,0.50,6.20
2008.05.16 04:54:19.712,1.0464,1.0465,4.40,11.60
2008.05.16 04:54:19.778,1.0464,1.04645,4.00,0.30
2008.05.16 04:54:19.970,1.0464,1.04645,4.00,0.30
2008.05.16 04:54:20.035,1.0464,1.0465,4.00,19.50
2008.05.16 04:54:20.100,1.0464,1.0465,4.00,17.20
2008.05.16 04:54:20.240,1.0464,1.0465,4.00,15.20
2008.05.16 04:54:20.382,1.0464,1.0465,4.00,13.80
2008.05.16 04:54:20.458,1.0464,1.0465,4.00,13.00
2008.05.16 04:54:20.687,1.0464,1.0465,4.00,11.80
2008.05.16 04:54:28.887,1.0464,1.0465,4.00,7.80
2008.05.16 04:54:28.989,1.0464,1.0465,4.00,7.20
2008.05.16 04:54:28.997,1.0465,1.04655,4.00,0.80
2008.05.16 04:54:29.016,1.0465,1.04655,4.00,0.80
2008.05.16 04:54:29.343,1.0465,1.04655,4.00,0.80
2008.05.16 04:54:31.097,1.04635,1.0465,0.70,11.80
2008.05.16 04:54:31.198,1.0463,1.0465,28.50,12.40
2008.05.16 04:54:31.228,1.0463,1.0465,18.10,12.40
2008.05.16 04:54:31.258,1.0464,1.0465,4.00,12.40
2008.05.16 04:54:32.686,1.0464,1.0465,4.00,13.20
2008.05.16 04:54:32.788,1.0463,1.0464,14.10,2.40
2008.05.16 04:54:33.343,1.0463,1.0464,4.80,2.80
2008.05.16 04:54:35.026,1.0463,1.0464,4.80,2.40
2008.05.16 04:54:35.558,1.0463,1.0464,4.80,2.80
2008.05.16 04:54:40.749,1.04635,1.0464,0.80,0.50
2008.05.16 04:54:40.828,1.0464,1.04645,4.00,0.50
2008.05.16 04:54:41.217,1.04635,1.0464,0.80,0.30
2008.05.16 04:54:41.274,1.0463,1.04635,4.00,0.50
2008.05.16 04:54:41.394,1.0463,1.04635,4.00,0.50
2008.05.16 04:54:41.662,1.0463,1.0464,4.00,27.60
2008.05.16 04:54:41.720,1.0463,1.0464,4.00,26.30
2008.05.16 04:54:41.990,1.0464,1.04645,4.00,0.80
2008.05.16 04:54:42.261,1.0464,1.04645,4.00,0.80
2008.05.16 04:54:44.109,1.0464,1.04645,4.00,0.80
2008.05.16 04:54:47.191,1.0463,1.0464,2.80,10.30
2008.05.16 04:54:47.227,1.0463,1.0464,2.40,10.30
2008.05.16 04:54:47.336,1.0463,1.0464,2.40,9.40
2008.05.16 04:54:47.388,1.0463,1.0464,2.40,8.60
2008.05.16 04:54:47.468,1.0463,1.0464,2.40,9.20
2008.05.16 04:54:47.507,1.0463,1.0464,6.40,9.20
2008.05.16 04:54:47.666,1.0463,1.0464,4.00,9.40
2008.05.16 04:54:47.769,1.0463,1.0464,4.00,9.60
2008.05.16 04:54:50.372,1.0463,1.0464,4.00,9.00
2008.05.16 04:54:50.442,1.0463,1.0464,6.40,5.00
2008.05.16 04:54:50.512,1.0464,1.04645,4.00,0.80
2008.05.16 04:54:51.883,1.0464,1.04645,4.00,0.80
2008.05.16 04:55:02.487,1.0464,1.04645,4.00,0.80
2008.05.16 04:55:02.925,1.0464,1.04645,4.00,0.80
2008.05.16 04:55:03.140,1.0464,1.04645,4.00,0.80
2008.05.16 04:55:05.103,1.0463,1.0464,2.80,5.60
2008.05.16 04:55:05.169,1.0463,1.0464,2.40,9.60
2008.05.16 04:55:05.304,1.0463,1.0464,6.40,9.80
2008.05.16 04:55:05.506,1.0463,1.0464,6.40,10.80
2008.05.16 04:55:05.720,1.0463,1.0464,4.00,10.80
2008.05.16 04:55:08.619,1.0463,1.0464,6.40,10.80
2008.05.16 04:55:08.681,1.0463,1.0464,6.40,6.30
2008.05.16 04:55:08.748,1.0464,1.04645,4.00,0.80
2008.05.16 04:55:09.881,1.0463,1.0464,2.80,5.80
2008.05.16 04:55:09.996,1.0463,1.0464,6.40,10.60
2008.05.16 04:55:10.055,1.0463,1.0464,6.40,11.60
2008.05.16 04:55:10.117,1.0463,1.0464,4.00,11.60
2008.05.16 04:55:10.176,1.0463,1.0464,4.00,12.80
2008.05.16 04:55:10.691,1.0463,1.0464,4.00,12.90
2008.05.16 04:55:12.884,1.0463,1.0464,4.00,12.40
2008.05.16 04:55:12.935,1.0463,1.0464,4.00,8.40
2008.05.16 04:55:12.987,1.0463,1.0464,6.40,8.40
2008.05.16 04:55:13.035,1.0464,1.04645,4.00,0.80
2008.05.16 04:55:13.908,1.0464,1.04645,4.00,0.80
2008.05.16 04:55:14.060,1.0463,1.0464,6.40,12.80
2008.05.16 04:55:14.349,1.0463,1.0464,4.00,12.80
2008.05.16 04:55:14.567,1.0463,1.0464,4.00,12.90
2008.05.16 04:55:18.806,1.0463,1.0464,4.00,13.30
2008.05.16 04:55:18.893,1.0463,1.04635,4.00,0.50
2008.05.16 04:55:18.950,1.0463,1.04635,6.40,0.50
2008.05.16 04:55:19.003,1.0463,1.04635,2.40,0.50
2008.05.16 04:55:19.099,1.0463,1.0464,2.40,10.40
2008.05.16 04:55:19.149,1.0463,1.0464,2.40,9.20
2008.05.16 04:55:19.199,1.0464,1.04645,4.00,0.80
2008.05.16 04:55:19.269,1.0464,1.04645,4.00,0.80
2008.05.16 04:55:19.996,1.0464,1.04645,4.00,0.80
2008.05.16 04:55:22.183,1.0463,1.0464,6.80,7.60
2008.05.16 04:55:22.653,1.0463,1.0464,4.40,9.50
2008.05.16 04:55:22.712,1.0463,1.0464,4.40,10.30
2008.05.16 04:55:22.764,1.04625,1.0463,0.70,0.30
2008.05.16 04:55:22.878,1.0463,1.04635,4.00,0.30
2008.05.16 04:55:22.987,1.0462,1.0463,20.30,4.20
2008.05.16 04:55:23.106,1.0462,1.0463,16.30,4.20
2008.05.16 04:55:23.326,1.0462,1.0463,16.30,4.60
2008.05.16 04:55:23.446,1.0462,1.0463,15.60,4.60
2008.05.16 04:55:23.627,1.0462,1.0463,7.60,4.60
2008.05.16 04:55:24.080,1.0463,1.04635,4.00,0.80
2008.05.16 04:55:24.348,1.0463,1.04635,3.80,0.80
2008.05.16 04:55:25.705,1.0463,1.04635,3.80,0.50
2008.05.16 04:55:25.785,1.0463,1.04635,3.80,0.50
2008.05.16 04:55:26.010,1.0463,1.0464,3.80,27.70
2008.05.16 04:55:26.079,1.0463,1.0464,3.80,23.70
2008.05.16 04:55:26.277,1.0463,1.0464,3.80,15.70
2008.05.16 04:55:26.430,1.0463,1.04635,3.80,0.60
2008.05.16 04:55:26.502,1.0461,1.0462,31.20,0.30
2008.05.16 04:55:26.528,1.0461,1.0462,31.20,0.30
2008.05.16 04:55:26.583,1.0462,1.04625,5.50,0.80
2008.05.16 04:55:26.712,1.0461,1.0462,4.50,1.00
2008.05.16 04:55:29.384,1.0461,1.0462,0.50,1.00
2008.05.16 04:55:29.398,1.04605,1.0462,1.00,1.60
2008.05.16 04:55:29.497,1.0462,1.04625,2.00,0.80
2008.05.16 04:55:29.834,1.04605,1.0461,0.70,0.30
2008.05.16 04:55:29.981,1.04605,1.0462,1.70,18.40
2008.05.16 04:55:30.117,1.04605,1.0462,1.70,10.40
2008.05.16 04:55:30.252,1.0461,1.0462,0.50,10.40
2008.05.16 04:55:30.549,1.0462,1.04625,2.10,0.80
2008.05.16 04:55:30.995,1.0461,1.04615,0.50,0.30
2008.05.16 04:55:31.176,1.046,1.0461,9.80,4.20
2008.05.16 04:55:31.357,1.0461,1.04615,0.80,0.80
2008.05.16 04:55:33.629,1.046,1.0461,7.20,1.40
2008.05.16 04:55:33.749,1.04595,1.0461,4.70,8.80
2008.05.16 04:55:33.955,1.04595,1.0461,4.70,10.00
2008.05.16 04:55:34.165,1.0459,1.0461,31.20,10.50
2008.05.16 04:55:34.270,1.046,1.0461,1.80,10.80
2008.05.16 04:55:34.482,1.0459,1.0461,17.60,10.80
2008.05.16 04:55:35.046,1.0459,1.0461,17.60,16.40
2008.05.16 04:55:35.221,1.046,1.04605,2.00,0.50
2008.05.16 04:55:35.396,1.046,1.04605,3.10,0.50
2008.05.16 04:55:35.571,1.046,1.04605,1.20,0.80
2008.05.16 04:55:35.745,1.0459,1.046,1.00,3.10
2008.05.16 04:55:36.786,1.0459,1.046,1.10,3.90
2008.05.16 04:55:37.802,1.04585,1.046,4.80,3.60
2008.05.16 04:55:37.824,1.04585,1.046,8.80,1.20
2008.05.16 04:55:38.034,1.0459,1.046,2.90,1.20
2008.05.16 04:55:38.133,1.04585,1.046,7.30,5.20
2008.05.16 04:55:38.165,1.04585,1.046,6.90,5.20
2008.05.16 04:55:38.235,1.04585,1.046,5.50,5.40
2008.05.16 04:55:38.250,1.0459,1.046,0.70,7.90
2008.05.16 04:55:38.276,1.0459,1.046,1.20,11.00
2008.05.16 04:55:38.448,1.0459,1.046,1.40,7.00
2008.05.16 04:55:38.478,1.04585,1.046,3.50,4.20
2008.05.16 04:55:38.895,1.0459,1.046,1.60,4.20
2008.05.16 04:55:39.061,1.0459,1.046,2.30,11.60
2008.05.16 04:55:39.226,1.0458,1.046,20.00,13.50
2008.05.16 04:55:39.392,1.04575,1.04595,21.60,1.20
2008.05.16 04:55:39.883,1.04575,1.04595,23.90,1.20
2008.05.16 04:55:40.049,1.04575,1.046,25.10,10.90
2008.05.16 04:55:40.168,1.0458,1.046,23.00,10.40
2008.05.16 04:55:40.291,1.0458,1.046,25.40,3.70
2008.05.16 04:55:40.432,1.0458,1.046,25.40,0.80
2008.05.16 04:55:40.542,1.0458,1.046,25.40,0.80
2008.05.16 04:55:41.229,1.04585,1.04605,0.70,0.50
2008.05.16 04:55:41.866,1.0458,1.04605,26.60,0.50
2008.05.16 04:55:42.167,1.0459,1.0461,1.30,14.00
2008.05.16 04:55:42.265,1.0459,1.0461,2.60,14.00
2008.05.16 04:55:42.315,1.04585,1.0461,11.50,14.00
2008.05.16 04:55:42.392,1.04585,1.0461,23.50,14.00
2008.05.16 04:55:42.512,1.04585,1.0461,24.40,14.00
2008.05.16 04:55:42.576,1.04585,1.0461,28.40,14.00
2008.05.16 04:55:42.673,1.04595,1.0461,0.70,13.40
2008.05.16 04:55:42.722,1.04595,1.0461,4.70,9.60
2008.05.16 04:55:42.830,1.04595,1.0461,4.70,9.00
2008.05.16 04:55:42.927,1.04595,1.0461,4.70,7.80
2008.05.16 04:55:43.383,1.04595,1.0461,5.60,7.80
2008.05.16 04:55:44.322,1.04595,1.0461,6.40,7.80
2008.05.16 04:55:45.357,1.04595,1.0461,6.80,7.80
2008.05.16 04:55:46.079,1.0459,1.0461,35.00,8.40
2008.05.16 04:55:46.216,1.04585,1.0461,29.60,10.00
2008.05.16 04:55:46.294,1.0459,1.0461,0.80,10.00
2008.05.16 04:55:47.219,1.0459,1.0461,0.60,10.00
2008.05.16 04:55:47.329,1.0459,1.0461,24.80,10.00
2008.05.16 04:55:47.399,1.046,1.0461,0.70,9.40
2008.05.16 04:55:47.469,1.046,1.0461,1.00,5.40
2008.05.16 04:55:47.541,1.04595,1.0461,7.60,5.40
2008.05.16 04:55:47.758,1.04595,1.0461,8.00,5.40
2008.05.16 04:55:49.587,1.0461,1.04615,0.60,0.80
2008.05.16 04:55:51.162,1.0461,1.04615,2.40,0.50
2008.05.16 04:55:51.230,1.046,1.0461,18.80,0.80
2008.05.16 04:55:51.499,1.0462,1.04625,0.90,0.90
2008.05.16 04:55:52.277,1.046,1.0461,34.30,0.80
2008.05.16 04:55:52.431,1.04595,1.0461,35.60,0.80
2008.05.16 04:55:52.585,1.0461,1.04615,2.10,0.50
2008.05.16 04:55:52.896,1.0462,1.04625,1.30,0.90
2008.05.16 04:55:53.237,1.0461,1.04615,2.00,0.50
2008.05.16 04:55:53.386,1.046,1.0461,14.60,0.50
2008.05.16 04:55:55.470,1.0461,1.04615,2.00,0.50
2008.05.16 04:55:55.622,1.0461,1.0462,2.20,25.20
2008.05.16 04:55:55.669,1.0461,1.0462,2.10,25.50
2008.05.16 04:55:55.723,1.0461,1.0462,2.40,24.30
2008.05.16 04:55:55.768,1.046,1.0462,12.00,22.40
2008.05.16 04:55:55.815,1.046,1.0462,12.00,22.40
2008.05.16 04:55:55.858,1.04605,1.0462,4.70,21.80
2008.05.16 04:55:55.903,1.04605,1.0462,4.70,17.80
2008.05.16 04:55:55.960,1.04605,1.0462,4.70,12.00
2008.05.16 04:55:56.004,1.0462,1.04625,1.70,0.80
2008.05.16 04:55:57.477,1.0462,1.04625,0.90,0.10
2008.05.16 04:55:57.668,1.0461,1.0462,13.30,0.80
2008.05.16 04:55:58.338,1.0461,1.04615,19.70,0.50
2008.05.16 04:55:58.575,1.0461,1.04615,1.00,0.50
2008.05.16 04:55:58.734,1.04605,1.0462,12.70,19.30
2008.05.16 04:55:58.902,1.046,1.0462,32.80,17.50
2008.05.16 04:55:59.059,1.04605,1.0462,4.50,8.00
2008.05.16 04:55:59.214,1.04605,1.0462,6.80,7.20
2008.05.16 04:55:59.370,1.0461,1.0463,13.60,22.30
2008.05.16 04:55:59.526,1.0462,1.0463,0.90,14.30
2008.05.16 04:56:00.213,1.0461,1.0463,17.60,17.20
2008.05.16 04:56:00.445,1.0462,1.04625,1.90,0.60
2008.05.16 04:56:00.675,1.0462,1.04625,0.50,0.50
2008.05.16 04:56:00.953,1.0461,1.0462,10.40,0.50
2008.05.16 04:56:01.257,1.04605,1.0463,15.20,26.60
2008.05.16 04:56:01.404,1.0461,1.0463,4.40,21.00
2008.05.16 04:56:01.528,1.0461,1.0463,0.50,9.90
2008.05.16 04:56:01.676,1.04615,1.0463,0.70,9.30
2008.05.16 04:56:01.789,1.0462,1.0463,2.10,8.10
2008.05.16 04:56:01.915,1.0462,1.0463,1.10,8.10
2008.05.16 04:56:02.040,1.0462,1.0463,2.40,8.20
2008.05.16 04:56:02.288,1.0462,1.0463,2.20,8.10
2008.05.16 04:56:02.598,1.0462,1.04625,2.40,0.50
2008.05.16 04:56:02.813,1.04605,1.04625,25.60,0.50
2008.05.16 04:56:02.993,1.0461,1.0462,5.40,4.00
2008.05.16 04:56:03.083,1.0461,1.0462,5.70,4.40
2008.05.16 04:56:03.174,1.0461,1.0462,0.70,5.00
2008.05.16 04:56:03.264,1.04595,1.0462,27.70,5.20
2008.05.16 04:56:03.355,1.046,1.0462,9.40,9.60
2008.05.16 04:56:03.444,1.04595,1.0462,22.90,12.80
2008.05.16 04:56:03.533,1.04595,1.0462,22.90,12.90
2008.05.16 04:56:03.657,1.046,1.0462,4.70,14.10
2008.05.16 04:56:03.747,1.04595,1.0462,21.60,14.10
2008.05.16 04:56:04.036,1.04595,1.0462,21.60,14.30
2008.05.16 04:56:04.615,1.04595,1.0462,21.60,14.40
2008.05.16 04:56:05.030,1.046,1.0462,10.20,14.50
2008.05.16 04:56:05.447,1.04595,1.0462,24.80,14.00
2008.05.16 04:56:05.568,1.04595,1.0462,28.80,10.00
2008.05.16 04:56:05.667,1.046,1.0462,29.50,7.50
2008.05.16 04:56:05.778,1.04605,1.0462,5.10,7.50
2008.05.16 04:56:06.079,1.0461,1.0462,2.50,7.60
2008.05.16 04:56:06.231,1.04605,1.0462,5.10,7.50
2008.05.16 04:56:07.627,1.0461,1.0462,1.60,11.50
2008.05.16 04:56:07.737,1.0461,1.0462,2.10,10.00
2008.05.16 04:56:07.846,1.04605,1.0462,4.70,12.70
2008.05.16 04:56:07.957,1.04595,1.0462,26.40,14.40
2008.05.16 04:56:08.011,1.04595,1.0462,25.60,14.40
2008.05.16 04:56:08.091,1.04595,1.0462,21.60,14.40
2008.05.16 04:56:08.811,1.046,1.0462,9.20,14.40
2008.05.16 04:56:10.271,1.04595,1.0462,21.60,16.80
2008.05.16 04:56:10.394,1.046,1.04615,3.20,0.50
2008.05.16 04:56:10.617,1.04595,1.04615,24.30,0.60
2008.05.16 04:56:10.725,1.04595,1.04615,12.30,0.60
2008.05.16 04:56:10.860,1.04595,1.0461,16.30,0.50
2008.05.16 04:56:11.319,1.0461,1.04615,1.90,0.60
2008.05.16 04:56:12.392,1.046,1.0462,12.00,32.50
2008.05.16 04:56:12.507,1.0461,1.0462,1.60,27.20
2008.05.16 04:56:12.583,1.0461,1.0462,2.40,23.20
2008.05.16 04:56:12.704,1.0461,1.0462,0.70,15.20
2008.05.16 04:56:13.024,1.046,1.0462,20.00,14.90
2008.05.16 04:56:13.579,1.046,1.0462,20.00,14.10
2008.05.16 04:56:13.681,1.0461,1.0462,2.30,13.70
2008.05.16 04:56:13.867,1.046,1.0462,20.00,11.70
2008.05.16 04:56:13.923,1.0461,1.0462,2.20,10.90
2008.05.16 04:56:14.826,1.046,1.0462,20.00,10.70
2008.05.16 04:56:15.053,1.046,1.0462,20.00,13.10
2008.05.16 04:56:15.151,1.0461,1.04615,0.80,0.50
2008.05.16 04:56:15.375,1.0461,1.0462,1.30,29.70
2008.05.16 04:56:15.449,1.0462,1.04625,0.60,0.90
2008.05.16 04:56:15.524,1.0462,1.04625,2.10,0.80
2008.05.16 04:56:15.599,1.0462,1.04625,1.60,0.80
2008.05.16 04:56:15.680,1.0462,1.04625,2.20,0.80
2008.05.16 04:56:15.755,1.046,1.0462,24.70,8.40
2008.05.16 04:56:16.274,1.0461,1.0462,3.50,9.70
2008.05.16 04:56:16.414,1.0462,1.04625,1.10,0.80
2008.05.16 04:56:16.554,1.0462,1.04625,1.90,0.80
2008.05.16 04:56:21.356,1.0461,1.04615,0.50,0.50
2008.05.16 04:56:21.413,1.0461,1.04615,0.50,0.50
2008.05.16 04:56:21.443,1.046,1.04615,26.20,0.50
2008.05.16 04:56:21.472,1.046,1.04615,25.60,0.50
2008.05.16 04:56:21.524,1.0461,1.04615,4.00,0.50
2008.05.16 04:56:21.857,1.0461,1.04615,4.00,0.60
2008.05.16 04:56:21.992,1.046,1.0461,11.20,0.50
2008.05.16 04:56:24.807,1.0461,1.0462,4.00,26.60
2008.05.16 04:56:24.888,1.0461,1.04615,4.00,0.50
2008.05.16 04:56:25.293,1.0461,1.04615,4.00,0.50
2008.05.16 04:56:27.460,1.0461,1.0462,4.00,30.40
2008.05.16 04:56:27.577,1.0461,1.0462,4.00,25.50
2008.05.16 04:56:27.774,1.0461,1.0462,4.00,17.50
2008.05.16 04:56:28.096,1.0461,1.0462,4.00,16.90
2008.05.16 04:56:28.190,1.0461,1.0462,4.00,15.00
2008.05.16 04:56:28.260,1.0462,1.04625,4.00,0.80
2008.05.16 04:56:28.329,1.0462,1.04625,4.00,0.80
2008.05.16 04:56:28.399,1.0462,1.04625,4.00,0.80
2008.05.16 04:56:30.174,1.0462,1.04625,4.00,0.80
2008.05.16 04:56:38.830,1.0462,1.04625,4.00,0.80
2008.05.16 04:56:41.870,1.0462,1.04625,4.00,0.50
2008.05.16 04:56:41.919,1.0462,1.04625,4.00,0.50
2008.05.16 04:56:41.974,1.0462,1.04625,4.00,0.50
2008.05.16 04:56:42.144,1.04615,1.0462,0.70,0.80
2008.05.16 04:56:42.196,1.0463,1.04635,4.00,0.90
2008.05.16 04:56:42.590,1.0462,1.04625,4.00,0.50
2008.05.16 04:56:43.035,1.0462,1.04625,4.00,0.50
2008.05.16 04:56:43.564,1.0462,1.0463,4.00,21.70
2008.05.16 04:56:43.832,1.0462,1.0463,4.00,9.70
2008.05.16 04:56:44.466,1.0462,1.0463,4.00,10.90
2008.05.16 04:56:44.520,1.0462,1.0463,4.00,11.70
2008.05.16 04:56:44.575,1.0462,1.0463,4.00,12.50
2008.05.16 04:56:44.630,1.0462,1.0463,4.00,13.70
2008.05.16 04:56:46.369,1.0462,1.0463,4.00,13.20
2008.05.16 04:56:46.446,1.0462,1.0463,4.00,15.60
2008.05.16 04:56:46.512,1.0463,1.04635,4.00,0.80
2008.05.16 04:56:46.577,1.0463,1.04635,4.00,0.80
2008.05.16 04:56:46.709,1.0463,1.04635,4.00,0.80
2008.05.16 04:56:46.839,1.0463,1.04635,4.00,0.80
2008.05.16 04:56:47.395,1.0462,1.0463,0.50,7.40
2008.05.16 04:56:47.507,1.0462,1.0463,4.00,9.70
2008.05.16 04:56:48.423,1.0462,1.0463,4.00,10.50
2008.05.16 04:56:48.533,1.0462,1.0463,4.00,12.90
2008.05.16 04:56:48.593,1.0462,1.0463,4.00,13.70
2008.05.16 04:56:49.048,1.0462,1.0463,4.00,12.90
2008.05.16 04:56:49.106,1.0462,1.0463,4.00,10.90
2008.05.16 04:56:49.175,1.0462,1.0463,4.00,9.70
2008.05.16 04:56:51.073,1.0462,1.0463,4.00,12.10
2008.05.16 04:56:51.171,1.0462,1.04625,4.00,0.50
2008.05.16 04:56:51.464,1.0461,1.0462,7.20,0.50
2008.05.16 04:56:53.593,1.0462,1.04625,4.00,0.50
2008.05.16 04:56:53.670,1.0462,1.0463,4.00,27.40
2008.05.16 04:56:53.913,1.0462,1.0463,4.00,21.80
2008.05.16 04:56:53.988,1.0462,1.0463,4.00,13.80
2008.05.16 04:56:55.398,1.0462,1.0463,4.00,17.80
2008.05.16 04:56:56.449,1.0461,1.0463,20.50,17.80
2008.05.16 04:56:59.845,1.0461,1.0463,20.50,18.10
2008.05.16 04:56:59.931,1.0461,1.0463,20.50,19.20
2008.05.16 04:57:03.710,1.0461,1.0463,20.50,18.10
2008.05.16 04:57:04.274,1.0461,1.0463,20.50,18.00
2008.05.16 04:57:05.201,1.0461,1.0463,20.50,17.70
2008.05.16 04:57:05.862,1.04615,1.0463,0.70,17.10
2008.05.16 04:57:05.947,1.04615,1.0463,0.70,13.10
2008.05.16 04:57:06.031,1.0462,1.0463,4.00,13.10
2008.05.16 04:57:06.115,1.0462,1.0463,4.00,9.80
2008.05.16 04:57:06.201,1.0462,1.0463,4.00,7.80
2008.05.16 04:57:06.285,1.0462,1.0463,4.40,7.80
2008.05.16 04:57:06.468,1.0462,1.0463,4.40,12.60
2008.05.16 04:57:06.553,1.0462,1.0463,4.00,14.30
2008.05.16 04:57:06.650,1.0461,1.0463,18.90,14.90
2008.05.16 04:57:06.734,1.0461,1.0463,18.90,16.10
2008.05.16 04:57:06.817,1.0461,1.0463,18.10,20.10
2008.05.16 04:57:09.392,1.04615,1.0463,0.70,19.50
2008.05.16 04:57:09.546,1.0462,1.0463,4.00,9.00
2008.05.16 04:57:09.702,1.0462,1.0463,4.00,7.70
2008.05.16 04:57:09.864,1.0462,1.0463,4.40,7.70
2008.05.16 04:57:11.338,1.04615,1.0462,0.70,0.50
2008.05.16 04:57:11.556,1.0462,1.0463,4.40,12.70
2008.05.16 04:57:16.451,1.0462,1.0463,4.40,11.90
2008.05.16 04:57:16.547,1.0462,1.0463,4.40,12.60
2008.05.16 04:57:16.665,1.0462,1.0463,4.40,11.80
2008.05.16 04:57:17.072,1.0462,1.0463,2.40,11.80
2008.05.16 04:57:17.423,1.0462,1.0463,1.90,11.40
2008.05.16 04:57:22.020,1.0462,1.0463,2.50,11.20
2008.05.16 04:57:22.151,1.0462,1.0463,0.50,15.90
2008.05.16 04:57:22.243,1.0462,1.0463,2.40,11.50
2008.05.16 04:57:22.329,1.0462,1.0463,1.10,11.40
2008.05.16 04:57:27.405,1.0462,1.0463,1.70,12.20
2008.05.16 04:57:27.604,1.0462,1.0463,2.30,13.10
2008.05.16 04:57:28.119,1.0462,1.0463,1.60,11.40
2008.05.16 04:57:30.175,1.0462,1.0463,1.50,11.40
2008.05.16 04:57:30.243,1.0462,1.0463,1.60,10.60
2008.05.16 04:57:30.291,1.0462,1.0463,0.90,10.00
2008.05.16 04:57:30.517,1.0462,1.0463,2.10,8.40
2008.05.16 04:57:30.643,1.0462,1.0463,1.00,7.60
2008.05.16 04:57:31.033,1.0462,1.0463,0.70,7.70
2008.05.16 04:57:33.965,1.0462,1.0463,1.90,8.50
2008.05.16 04:57:34.045,1.0462,1.0463,2.40,10.60
2008.05.16 04:57:34.196,1.0462,1.0463,1.20,11.40
2008.05.16 04:57:39.210,1.0462,1.0463,2.20,11.30
2008.05.16 04:57:48.089,1.0462,1.0463,4.40,11.20
2008.05.16 04:57:52.777,1.0462,1.0463,4.40,11.10
2008.05.16 04:57:54.520,1.0462,1.0463,4.40,11.00
2008.05.16 04:57:57.765,1.0462,1.0463,4.40,11.10
2008.05.16 04:57:59.092,1.0462,1.0463,4.40,12.70
2008.05.16 04:57:59.798,1.0462,1.0463,4.40,12.70
2008.05.16 04:57:59.894,1.0462,1.0463,4.40,11.10
2008.05.16 04:58:00.347,1.0462,1.0463,4.40,11.00
2008.05.16 04:58:04.958,1.0462,1.0463,4.40,10.20
2008.05.16 04:58:05.012,1.0462,1.0463,4.40,8.30
2008.05.16 04:58:05.134,1.0462,1.0463,4.40,7.50
2008.05.16 04:58:06.429,1.0462,1.0463,4.40,7.40
2008.05.16 04:58:15.241,1.0462,1.0463,4.40,6.90
2008.05.16 04:58:15.910,1.0462,1.0463,8.40,4.50
2008.05.16 04:58:15.995,1.0462,1.0463,8.40,4.10
2008.05.16 04:58:16.112,1.0462,1.0463,8.90,4.10
2008.05.16 04:58:16.187,1.0462,1.0463,8.50,4.10
2008.05.16 04:58:16.223,1.0462,1.0463,4.00,0.30
2008.05.16 04:58:16.258,1.0462,1.0464,4.00,29.30
2008.05.16 04:58:16.293,1.0462,1.0463,4.00,0.60
2008.05.16 04:58:16.430,1.0461,1.0463,17.60,3.00
2008.05.16 04:58:16.566,1.0461,1.0463,18.10,2.80
2008.05.16 04:58:16.834,1.0461,1.0463,18.10,7.40
2008.05.16 04:58:17.103,1.0461,1.0463,18.10,7.60
2008.05.16 04:58:17.237,1.0461,1.0463,18.10,11.60
2008.05.16 04:58:17.745,1.0461,1.0463,18.10,11.40
2008.05.16 04:58:18.329,1.0461,1.0463,18.10,11.60
2008.05.16 04:58:18.544,1.0461,1.0463,18.10,12.40
2008.05.16 04:58:18.652,1.0461,1.0463,18.10,12.50
2008.05.16 04:58:19.084,1.0461,1.0463,17.60,12.50
2008.05.16 04:58:19.162,1.0461,1.0463,17.60,11.70
2008.05.16 04:58:19.263,1.0461,1.0463,17.60,11.80
2008.05.16 04:58:19.467,1.0461,1.0463,17.60,11.90
2008.05.16 04:58:21.338,1.0461,1.0463,17.60,12.00
2008.05.16 04:58:21.410,1.0461,1.0463,16.80,12.50
2008.05.16 04:58:21.456,1.0461,1.0463,16.80,13.30
2008.05.16 04:58:21.467,1.0461,1.0463,16.80,15.70
2008.05.16 04:58:21.497,1.0461,1.04625,16.80,0.10
2008.05.16 04:58:21.673,1.0461,1.04625,8.80,0.10
2008.05.16 04:58:22.724,1.0462,1.04625,4.00,0.10
2008.05.16 04:58:27.121,1.0462,1.04625,4.00,0.60
2008.05.16 04:58:27.181,1.0461,1.04625,8.80,0.60
2008.05.16 04:58:27.414,1.0461,1.0462,8.40,0.30
2008.05.16 04:58:27.470,1.0461,1.0462,8.00,0.70
2008.05.16 04:58:27.536,1.0461,1.0462,4.00,4.70
2008.05.16 04:58:27.628,1.0461,1.0462,4.00,4.80
2008.05.16 04:58:30.990,1.0461,1.0462,4.00,5.00
2008.05.16 04:58:31.095,1.0461,1.0462,4.00,5.80
2008.05.16 04:58:31.154,1.0461,1.0462,4.00,6.40
2008.05.16 04:58:31.214,1.0461,1.0462,4.00,9.90
2008.05.16 04:58:31.275,1.0461,1.0462,4.00,13.90
2008.05.16 04:58:31.336,1.0461,1.0462,4.00,20.20
2008.05.16 04:58:34.224,1.0461,1.0462,4.00,23.20
2008.05.16 04:58:34.331,1.0461,1.0462,4.00,24.00
2008.05.16 04:58:34.356,1.0461,1.0462,4.00,23.50
2008.05.16 04:58:34.438,1.0461,1.0462,4.00,22.70
2008.05.16 04:58:34.537,1.0461,1.0462,4.00,17.10
2008.05.16 04:58:34.750,1.0461,1.0462,4.00,9.10
2008.05.16 04:58:35.784,1.0461,1.0462,4.00,11.50
2008.05.16 04:58:35.957,1.0461,1.0462,4.00,12.80
2008.05.16 04:58:36.037,1.0461,1.0462,4.00,9.10
2008.05.16 04:58:36.118,1.0461,1.0462,4.00,14.70
2008.05.16 04:58:36.282,1.0461,1.0462,4.00,22.70
2008.05.16 04:58:36.366,1.046,1.0461,11.20,0.50
2008.05.16 04:58:37.222,1.0461,1.0462,4.00,24.80
2008.05.16 04:58:37.440,1.0461,1.0462,4.00,24.30
2008.05.16 04:58:37.524,1.0461,1.0462,4.00,23.50
2008.05.16 04:58:37.644,1.0461,1.0462,4.00,19.50
2008.05.16 04:58:37.728,1.0461,1.0462,4.00,11.50
2008.05.16 04:58:39.928,1.0461,1.0462,4.00,11.40
2008.05.16 04:58:40.924,1.0461,1.0462,4.00,7.40
2008.05.16 04:58:41.034,1.0462,1.04625,4.00,0.40
2008.05.16 04:58:41.545,1.04605,1.0462,0.70,7.40
2008.05.16 04:58:46.246,1.0461,1.0462,0.50,7.40
2008.05.16 04:58:47.493,1.046,1.0462,17.30,9.00
2008.05.16 04:58:47.524,1.0461,1.0462,4.00,9.00
2008.05.16 04:58:48.093,1.0461,1.0462,4.00,9.10
2008.05.16 04:58:53.292,1.0461,1.0462,4.00,9.00
2008.05.16 04:58:55.329,1.0461,1.0462,4.00,11.40
2008.05.16 04:58:55.444,1.0462,1.04625,4.00,0.40
2008.05.16 04:58:55.649,1.0462,1.04625,4.00,0.10
2008.05.16 04:58:55.664,1.0462,1.04625,4.00,0.10
2008.05.16 04:58:55.737,1.0462,1.04625,4.00,0.10
2008.05.16 04:58:57.036,1.0462,1.0463,4.00,13.00
2008.05.16 04:58:58.973,1.0463,1.04635,4.00,0.40
2008.05.16 04:58:59.003,1.0463,1.04635,4.00,0.40
2008.05.16 04:58:59.105,1.0463,1.04635,4.00,0.40
2008.05.16 04:58:59.124,1.0463,1.04635,4.00,0.40
2008.05.16 04:59:01.039,1.0463,1.04635,4.00,0.40
2008.05.16 04:59:01.560,1.0463,1.04635,4.00,0.40
2008.05.16 04:59:06.881,1.0462,1.0463,0.50,7.70
2008.05.16 04:59:07.017,1.0462,1.0463,4.40,8.50
2008.05.16 04:59:07.152,1.0462,1.0463,4.00,15.60
2008.05.16 04:59:07.286,1.0462,1.0463,4.00,16.80
2008.05.16 04:59:08.508,1.0461,1.0462,13.10,0.50
2008.05.16 04:59:08.844,1.0461,1.0462,10.80,0.80
2008.05.16 04:59:09.175,1.0461,1.0462,2.80,0.80
2008.05.16 04:59:09.253,1.0461,1.0462,2.80,1.00
2008.05.16 04:59:09.333,1.0461,1.0462,2.80,7.40
2008.05.16 04:59:10.075,1.0461,1.0462,2.40,11.60
2008.05.16 04:59:10.282,1.0461,1.0462,4.00,14.00
2008.05.16 04:59:10.488,1.0461,1.0462,4.00,18.00
2008.05.16 04:59:11.015,1.0461,1.0462,4.00,17.80
2008.05.16 04:59:20.618,1.0461,1.0462,4.00,19.40
2008.05.16 04:59:20.744,1.0461,1.0462,4.00,20.00
2008.05.16 04:59:20.853,1.046,1.0461,10.80,0.50
2008.05.16 04:59:20.976,1.046,1.0461,2.80,7.00
2008.05.16 04:59:21.087,1.046,1.0461,6.80,7.00
2008.05.16 04:59:21.625,1.046,1.0461,2.80,7.00
2008.05.16 04:59:22.381,1.046,1.0461,2.80,6.60
2008.05.16 04:59:22.431,1.046,1.0461,3.20,6.40
2008.05.16 04:59:22.480,1.046,1.0462,8.00,30.40
2008.05.16 04:59:22.529,1.046,1.0462,8.00,25.20
2008.05.16 04:59:22.586,1.046,1.0462,8.80,24.70
2008.05.16 04:59:22.636,1.046,1.0462,9.30,23.50
2008.05.16 04:59:22.687,1.0461,1.0462,4.00,23.50
2008.05.16 04:59:22.919,1.0461,1.0462,4.00,18.50
2008.05.16 04:59:23.025,1.0461,1.0462,4.00,20.00
2008.05.16 04:59:23.103,1.0461,1.0462,4.00,20.60
2008.05.16 04:59:23.153,1.0461,1.0462,4.00,24.20
2008.05.16 04:59:23.203,1.0461,1.0462,4.00,25.00
2008.05.16 04:59:23.434,1.046,1.0461,15.80,0.50
2008.05.16 04:59:23.573,1.046,1.0461,3.30,7.00
2008.05.16 04:59:24.419,1.046,1.0461,7.30,7.00
2008.05.16 04:59:24.537,1.046,1.0461,3.30,7.00
2008.05.16 04:59:24.744,1.046,1.0461,7.30,7.00
2008.05.16 04:59:25.687,1.0461,1.04615,4.00,0.30
2008.05.16 04:59:26.720,1.0461,1.0462,4.00,33.20
2008.05.16 04:59:26.811,1.0461,1.0462,4.00,28.70
2008.05.16 04:59:26.874,1.0461,1.0462,4.00,24.80
2008.05.16 04:59:26.928,1.0461,1.0462,4.00,23.50
2008.05.16 04:59:26.983,1.0461,1.0462,4.00,15.50
2008.05.16 04:59:28.448,1.0461,1.0462,4.00,11.50
2008.05.16 04:59:28.498,1.0461,1.0462,4.00,13.40
2008.05.16 04:59:28.662,1.0461,1.0462,4.70,13.40
2008.05.16 04:59:28.703,1.0461,1.0462,5.20,12.80
2008.05.16 04:59:28.752,1.0462,1.0463,4.00,22.60
2008.05.16 04:59:28.806,1.0462,1.0463,4.00,27.50
2008.05.16 04:59:29.065,1.0462,1.0463,4.00,19.50
2008.05.16 04:59:31.749,1.0462,1.0463,4.00,19.40
2008.05.16 04:59:34.073,1.0462,1.0463,4.00,18.60
2008.05.16 04:59:34.184,1.0462,1.0463,4.00,18.00
2008.05.16 04:59:34.288,1.0462,1.0463,4.00,12.10
2008.05.16 04:59:34.298,1.0463,1.04635,4.00,0.30
2008.05.16 04:59:34.414,1.0463,1.04635,4.00,0.30
2008.05.16 04:59:34.802,1.0462,1.0463,0.50,10.10
2008.05.16 04:59:38.436,1.0462,1.0463,0.50,9.40
2008.05.16 04:59:38.481,1.0462,1.0463,1.20,9.40
2008.05.16 04:59:38.689,1.0462,1.0463,0.50,9.40
2008.05.16 04:59:39.326,1.0463,1.04635,4.00,0.30
2008.05.16 04:59:42.034,1.0462,1.0463,4.40,9.40
2008.05.16 04:59:48.245,1.0461,1.0463,18.40,14.20
2008.05.16 04:59:48.311,1.0461,1.0463,17.60,20.80
2008.05.16 04:59:48.375,1.0461,1.0463,17.60,22.00
2008.05.16 04:59:48.485,1.0461,1.0463,17.10,22.00
2008.05.16 04:59:48.552,1.0461,1.0463,12.70,19.60
2008.05.16 04:59:48.626,1.0461,1.0463,12.00,20.10
2008.05.16 04:59:48.683,1.0461,1.0463,8.00,20.10
2008.05.16 04:59:48.748,1.0461,1.0463,8.00,20.30
2008.05.16 04:59:48.948,1.04605,1.0463,0.70,20.30
2008.05.16 04:59:51.610,1.04605,1.0463,0.70,23.60
2008.05.16 04:59:51.651,1.046,1.04625,24.80,0.50
2008.05.16 04:59:51.722,1.046,1.04625,20.80,0.50
2008.05.16 04:59:51.799,1.046,1.0462,20.80,4.00
2008.05.16 04:59:51.813,1.046,1.0462,20.80,4.40
2008.05.16 04:59:51.921,1.046,1.0462,20.80,8.40
2008.05.16 04:59:52.227,1.046,1.0462,20.80,14.80
2008.05.16 04:59:52.338,1.046,1.0462,20.80,15.00
2008.05.16 04:59:52.451,1.04605,1.0462,0.70,13.40
2008.05.16 04:59:52.561,1.0461,1.0462,4.00,9.40
2008.05.16 04:59:52.782,1.0461,1.0462,4.40,9.40
2008.05.16 04:59:53.631,1.0461,1.0462,4.80,9.20
2008.05.16 04:59:53.692,1.0461,1.0462,8.80,4.00
2008.05.16 04:59:53.813,1.0461,1.0463,8.80,36.40
2008.05.16 04:59:53.935,1.0461,1.0463,9.60,35.00
2008.05.16 04:59:53.995,1.0461,1.0463,9.60,34.20
2008.05.16 04:59:54.114,1.0461,1.0463,9.60,30.20
2008.05.16 04:59:54.198,1.0461,1.0463,17.60,22.20
2008.05.16 04:59:58.656,1.0461,1.0463,17.60,23.00
2008.05.16 04:59:58.747,1.0461,1.0462,17.60,2.40
2008.05.16 04:59:58.900,1.0461,1.0462,16.80,2.40
2008.05.16 04:59:59.162,1.0461,1.0462,8.80,2.40
2008.05.16 04:59:59.216,1.0461,1.0462,8.80,4.80
2008.05.16 04:59:59.232,1.0461,1.0462,8.40,5.00
2008.05.16 04:59:59.263,1.0461,1.0462,8.40,5.40
2008.05.16 04:59:59.338,1.0461,1.0462,4.40,9.40
2008.05.16 04:59:59.565,1.0461,1.0462,6.80,7.00
2008.05.16 04:59:59.651,1.0461,1.0462,10.80,4.60
2008.05.16 04:59:59.809,1.0461,1.0463,21.60,28.80
2008.05.16 04:59:59.965,1.0462,1.0463,4.00,23.00
