2012.02.16 14:00:00.217,0.78873,0.78877,1.20,1.50
2012.02.16 14:00:00.970,0.78869,0.78874,2.07,1.20
2012.02.16 14:00:01.049,0.78868,0.78874,1.20,1.20
2012.02.16 14:00:03.045,0.78873,0.78879,5.85,6.38
2012.02.16 14:00:03.123,0.78871,0.78876,1.39,1.50
2012.02.16 14:00:03.201,0.78876,0.78881,2.25,1.95
2012.02.16 14:00:03.272,0.78877,0.78883,2.25,1.95
2012.02.16 14:00:03.343,0.78877,0.78883,2.25,1.95
2012.02.16 14:00:03.428,0.78881,0.78885,1.20,2.25
2012.02.16 14:00:03.982,0.78882,0.78887,1.50,1.20
2012.02.16 14:00:05.187,0.78884,0.78888,1.20,1.50
2012.02.16 14:00:05.388,0.78884,0.7889,2.70,3.00
2012.02.16 14:00:07.386,0.78886,0.78892,1.50,2.70
2012.02.16 14:00:08.676,0.78884,0.78891,1.20,1.50
2012.02.16 14:00:09.188,0.78885,0.78892,1.50,1.20
2012.02.16 14:00:10.543,0.78885,0.78893,2.70,2.70
2012.02.16 14:00:11.837,0.78885,0.78891,1.20,1.50
2012.02.16 14:00:12.159,0.78883,0.78889,1.50,1.20
2012.02.16 14:00:13.275,0.78881,0.78889,2.89,2.70
2012.02.16 14:00:16.777,0.78881,0.78888,2.70,2.25
2012.02.16 14:00:17.326,0.78881,0.78887,1.20,1.50
2012.02.16 14:00:19.361,0.78879,0.78887,4.58,2.70
2012.02.16 14:00:20.230,0.78882,0.78887,1.50,1.20
2012.02.16 14:00:20.742,0.78877,0.78885,4.93,5.25
2012.02.16 14:00:20.897,0.78877,0.78881,1.50,1.50
2012.02.16 14:00:21.181,0.78873,0.7888,2.25,1.20
2012.02.16 14:00:21.727,0.78873,0.7888,2.25,1.20
2012.02.16 14:00:21.798,0.78873,0.7888,4.35,1.20
2012.02.16 14:00:22.416,0.78878,0.78883,1.50,1.20
2012.02.16 14:00:22.913,0.78878,0.78883,1.50,2.14
2012.02.16 14:00:23.860,0.78877,0.78883,3.45,3.27
2012.02.16 14:00:24.218,0.78879,0.78883,1.50,1.20
2012.02.16 14:00:24.354,0.78877,0.78883,1.20,1.20
2012.02.16 14:00:25.018,0.78877,0.78882,1.20,1.50
2012.02.16 14:00:25.161,0.78879,0.78883,1.50,2.70
2012.02.16 14:00:25.297,0.78876,0.78881,1.50,1.20
2012.02.16 14:00:25.369,0.78874,0.78881,2.64,1.20
2012.02.16 14:00:26.740,0.78874,0.78881,1.50,1.95
2012.02.16 14:00:27.093,0.78869,0.78876,3.57,1.20
2012.02.16 14:00:27.921,0.78868,0.78876,2.89,2.70
2012.02.16 14:00:28.125,0.78866,0.78871,2.63,1.20
2012.02.16 14:00:28.200,0.78866,0.78871,3.00,1.20
2012.02.16 14:00:28.741,0.78865,0.78871,2.70,1.20
2012.02.16 14:00:29.232,0.78865,0.78869,1.20,2.25
2012.02.16 14:00:29.921,0.78864,0.78869,1.50,1.13
2012.02.16 14:00:30.459,0.78863,0.78868,1.50,1.20
2012.02.16 14:00:35.059,0.78862,0.78868,1.95,1.20
2012.02.16 14:00:37.656,0.78863,0.78868,1.50,1.20
2012.02.16 14:00:38.388,0.78863,0.78868,2.25,1.20
2012.02.16 14:00:38.881,0.78865,0.78872,3.45,1.50
2012.02.16 14:00:39.302,0.78868,0.78873,1.50,1.95
2012.02.16 14:00:40.106,0.78868,0.78874,1.50,2.25
2012.02.16 14:00:40.661,0.78866,0.78872,1.50,1.50
2012.02.16 14:00:44.799,0.78867,0.78873,1.50,1.20
2012.02.16 14:00:47.895,0.78869,0.78877,2.70,3.83
2012.02.16 14:00:48.457,0.78869,0.78877,2.70,4.20
2012.02.16 14:00:51.229,0.78869,0.78877,2.70,3.83
2012.02.16 14:00:51.854,0.78869,0.78877,2.70,3.83
2012.02.16 14:00:52.375,0.78869,0.78877,2.70,3.83
2012.02.16 14:00:53.577,0.78869,0.78877,2.70,3.83
2012.02.16 14:00:54.106,0.78869,0.78876,2.25,1.58
2012.02.16 14:00:54.661,0.78868,0.78875,1.20,8.85
2012.02.16 14:00:55.197,0.78865,0.78873,2.70,5.14
2012.02.16 14:00:55.276,0.78865,0.78873,2.70,5.89
2012.02.16 14:00:55.612,0.78865,0.78869,1.50,1.20
2012.02.16 14:00:55.814,0.78863,0.78869,1.50,1.20
2012.02.16 14:00:58.675,0.7886,0.78866,2.63,1.20
2012.02.16 14:00:58.752,0.78861,0.78866,1.50,1.20
2012.02.16 14:00:59.314,0.7886,0.78866,1.50,2.70
2012.02.16 14:00:59.604,0.78862,0.78866,1.50,1.20
2012.02.16 14:01:03.341,0.78863,0.78868,1.20,1.50
2012.02.16 14:01:04.261,0.78864,0.78869,2.25,1.20
2012.02.16 14:01:08.998,0.78863,0.78869,3.45,1.20
2012.02.16 14:01:09.285,0.78867,0.78871,1.20,1.50
2012.02.16 14:01:09.648,0.78867,0.78875,5.55,2.25
2012.02.16 14:01:09.799,0.78872,0.78877,3.45,4.13
2012.02.16 14:01:10.087,0.78876,0.7888,1.50,2.25
2012.02.16 14:01:10.698,0.78876,0.78881,2.25,2.33
2012.02.16 14:01:11.193,0.78876,0.78881,1.50,1.20
2012.02.16 14:01:15.530,0.78875,0.7888,1.20,1.50
2012.02.16 14:01:18.841,0.78876,0.78881,1.50,1.20
2012.02.16 14:01:29.482,0.78877,0.78881,2.25,1.20
2012.02.16 14:01:30.559,0.7888,0.78888,1.20,1.77
2012.02.16 14:01:30.760,0.7888,0.78888,1.20,1.39
2012.02.16 14:01:31.324,0.7888,0.78888,1.95,1.39
2012.02.16 14:01:32.034,0.78881,0.78888,2.46,1.39
2012.02.16 14:01:32.147,0.78887,0.78892,2.25,1.95
2012.02.16 14:01:32.703,0.78886,0.78892,3.00,1.20
2012.02.16 14:01:33.595,0.78886,0.78892,2.25,1.20
2012.02.16 14:01:36.923,0.78887,0.78893,1.20,1.20
2012.02.16 14:01:41.280,0.78887,0.78893,1.20,2.33
2012.02.16 14:01:41.350,0.78884,0.78889,1.50,1.20
2012.02.16 14:01:41.561,0.78883,0.78887,1.20,1.50
2012.02.16 14:01:42.396,0.78878,0.78886,4.41,2.70
2012.02.16 14:01:43.018,0.78878,0.78886,2.70,3.45
2012.02.16 14:01:43.888,0.78878,0.78886,2.70,2.70
2012.02.16 14:01:46.712,0.78878,0.78886,4.80,2.70
2012.02.16 14:01:51.810,0.78878,0.78886,4.05,2.70
2012.02.16 14:01:54.213,0.78878,0.78886,4.24,3.45
2012.02.16 14:01:54.889,0.78878,0.78886,4.24,3.45
2012.02.16 14:01:55.937,0.78878,0.78886,4.24,3.45
2012.02.16 14:01:56.196,0.78878,0.78886,6.49,3.45
2012.02.16 14:01:58.021,0.78878,0.78886,5.55,2.70
2012.02.16 14:01:59.180,0.7888,0.78886,1.20,2.70
2012.02.16 14:02:05.721,0.78878,0.78882,1.50,1.20
2012.02.16 14:02:06.244,0.78875,0.7888,2.25,1.20
2012.02.16 14:02:06.332,0.78873,0.78879,1.69,1.50
2012.02.16 14:02:09.789,0.78876,0.78882,1.20,1.50
2012.02.16 14:02:09.928,0.78877,0.78882,1.50,1.50
2012.02.16 14:02:10.340,0.78878,0.78884,1.50,1.20
2012.02.16 14:02:10.908,0.78879,0.78884,2.25,1.20
2012.02.16 14:02:12.121,0.78879,0.78884,1.50,1.20
2012.02.16 14:02:14.549,0.7888,0.78885,1.20,1.50
2012.02.16 14:02:15.076,0.78881,0.78886,2.25,1.20
2012.02.16 14:02:15.656,0.78881,0.78886,2.25,1.20
2012.02.16 14:02:15.965,0.78878,0.78884,4.50,3.45
2012.02.16 14:02:16.044,0.78878,0.78884,3.75,2.70
2012.02.16 14:02:16.120,0.78876,0.78884,3.45,2.70
2012.02.16 14:02:16.679,0.78878,0.78884,1.50,2.70
2012.02.16 14:02:17.576,0.78878,0.78884,2.63,1.20
2012.02.16 14:02:18.410,0.78878,0.78884,3.38,1.20
2012.02.16 14:02:19.178,0.78878,0.78884,3.38,1.20
2012.02.16 14:02:19.256,0.78878,0.78884,3.38,1.20
2012.02.16 14:02:19.808,0.78878,0.78884,3.38,1.20
2012.02.16 14:02:19.948,0.7888,0.78886,1.20,1.50
2012.02.16 14:02:20.204,0.7888,0.78888,2.70,2.89
2012.02.16 14:02:20.771,0.7888,0.78888,4.20,2.89
2012.02.16 14:02:23.151,0.7888,0.78888,4.20,2.70
2012.02.16 14:02:23.226,0.7888,0.78888,3.45,3.45
2012.02.16 14:02:23.736,0.7888,0.78888,4.20,3.45
2012.02.16 14:02:25.904,0.7888,0.78888,3.45,4.05
2012.02.16 14:02:25.981,0.7888,0.78886,3.45,1.20
2012.02.16 14:02:26.543,0.7888,0.78885,1.95,1.50
2012.02.16 14:02:30.948,0.7888,0.78886,2.33,1.20
2012.02.16 14:02:32.849,0.7888,0.78886,3.83,1.20
2012.02.16 14:02:34.148,0.7888,0.78886,3.83,1.95
2012.02.16 14:02:37.008,0.78883,0.78888,1.35,4.32
2012.02.16 14:02:37.692,0.78884,0.78892,1.95,4.20
2012.02.16 14:02:37.787,0.78887,0.78892,1.50,1.20
2012.02.16 14:02:39.489,0.78887,0.78895,3.00,2.25
2012.02.16 14:02:40.033,0.78887,0.78892,1.50,1.20
2012.02.16 14:02:40.609,0.78886,0.78892,2.25,2.70
2012.02.16 14:02:43.148,0.78886,0.78892,2.25,5.33
2012.02.16 14:02:43.434,0.78884,0.7889,2.70,1.50
2012.02.16 14:02:43.512,0.78885,0.78892,2.25,2.33
2012.02.16 14:02:44.235,0.78884,0.7889,2.70,1.50
2012.02.16 14:02:45.645,0.78887,0.78894,5.25,3.75
2012.02.16 14:02:45.864,0.78892,0.78897,2.14,3.75
2012.02.16 14:02:45.939,0.78894,0.78899,1.50,2.25
2012.02.16 14:02:46.592,0.78897,0.78903,1.50,1.88
2012.02.16 14:02:46.802,0.78899,0.78904,1.50,1.20
2012.02.16 14:02:47.803,0.78901,0.78907,1.50,3.19
2012.02.16 14:02:51.986,0.78901,0.78907,1.50,1.50
2012.02.16 14:02:53.459,0.78901,0.78907,1.50,2.25
2012.02.16 14:02:54.076,0.78901,0.78907,1.50,2.25
2012.02.16 14:02:54.768,0.78901,0.78907,1.50,2.25
2012.02.16 14:02:56.890,0.789,0.78905,1.20,1.50
2012.02.16 14:02:57.828,0.78899,0.78905,1.50,1.50
2012.02.16 14:03:01.321,0.789,0.78906,1.50,1.20
2012.02.16 14:03:01.698,0.78898,0.78906,3.08,3.45
2012.02.16 14:03:02.326,0.78898,0.78906,3.83,3.45
2012.02.16 14:03:02.407,0.789,0.78906,1.50,1.95
2012.02.16 14:03:03.129,0.789,0.78904,1.50,1.20
2012.02.16 14:03:03.347,0.78897,0.78903,1.77,2.25
2012.02.16 14:03:04.253,0.78898,0.78904,1.50,2.70
2012.02.16 14:03:04.539,0.78897,0.78903,1.20,2.25
2012.02.16 14:03:06.173,0.78895,0.789,1.50,1.20
2012.02.16 14:03:11.682,0.78896,0.78902,1.20,1.95
2012.02.16 14:03:12.185,0.78896,0.78902,1.95,1.20
2012.02.16 14:03:12.678,0.78897,0.78902,3.94,1.20
2012.02.16 14:03:13.019,0.789,0.78905,1.20,1.50
2012.02.16 14:03:14.024,0.78896,0.78902,2.63,1.50
2012.02.16 14:03:14.107,0.78898,0.78903,1.50,1.20
2012.02.16 14:03:15.012,0.78896,0.78903,1.50,3.08
2012.02.16 14:03:15.762,0.78895,0.78901,1.20,1.50
2012.02.16 14:03:16.942,0.78896,0.78902,1.50,2.25
2012.02.16 14:03:17.824,0.78896,0.78903,1.50,1.20
2012.02.16 14:03:18.111,0.78898,0.78903,1.50,1.20
2012.02.16 14:03:18.715,0.78897,0.78903,1.50,2.70
2012.02.16 14:03:19.365,0.78897,0.78903,1.50,3.45
2012.02.16 14:03:19.459,0.78895,0.78902,1.95,3.00
2012.02.16 14:03:19.673,0.78894,0.78899,1.50,1.20
2012.02.16 14:03:27.996,0.78894,0.78899,2.25,1.20
2012.02.16 14:03:28.553,0.78894,0.78899,1.50,1.20
2012.02.16 14:03:31.660,0.78895,0.78901,1.20,1.20
2012.02.16 14:03:34.219,0.78895,0.78901,1.95,1.20
2012.02.16 14:03:34.364,0.78899,0.78903,1.50,1.50
2012.02.16 14:03:34.440,0.78899,0.78905,2.70,2.70
2012.02.16 14:03:39.487,0.78899,0.78907,2.70,2.70
2012.02.16 14:03:42.550,0.78899,0.78907,2.70,3.45
2012.02.16 14:03:43.062,0.78899,0.78907,2.70,2.70
2012.02.16 14:03:44.935,0.78899,0.78905,2.70,1.20
2012.02.16 14:03:53.113,0.78899,0.78907,2.70,2.70
2012.02.16 14:03:56.341,0.78899,0.78907,2.70,3.45
2012.02.16 14:03:56.861,0.78899,0.78907,2.70,2.70
2012.02.16 14:03:57.417,0.78899,0.78904,1.20,2.25
2012.02.16 14:03:58.731,0.78898,0.78904,2.25,3.45
2012.02.16 14:04:00.815,0.78897,0.78902,1.20,1.50
2012.02.16 14:04:01.267,0.78897,0.78905,3.45,5.70
2012.02.16 14:04:01.817,0.78897,0.78905,3.45,4.20
2012.02.16 14:04:02.502,0.78897,0.78905,2.70,2.70
2012.02.16 14:04:03.023,0.78897,0.78905,4.20,3.45
2012.02.16 14:04:03.934,0.78897,0.78905,3.64,2.70
2012.02.16 14:04:04.483,0.78898,0.78905,1.20,1.50
2012.02.16 14:04:05.680,0.78898,0.78905,1.95,1.50
2012.02.16 14:04:05.761,0.78899,0.78907,1.50,1.50
2012.02.16 14:04:05.838,0.78898,0.78904,4.20,1.50
2012.02.16 14:04:06.192,0.78898,0.78902,1.20,1.50
2012.02.16 14:04:06.399,0.78898,0.78904,2.70,1.50
2012.02.16 14:04:15.287,0.78898,0.78903,1.50,1.20
2012.02.16 14:04:15.431,0.78896,0.78902,2.25,1.50
2012.02.16 14:04:15.498,0.78895,0.789,2.70,1.50
2012.02.16 14:04:16.047,0.78895,0.789,1.20,1.50
2012.02.16 14:04:23.072,0.78895,0.78903,2.70,3.45
2012.02.16 14:04:26.179,0.78897,0.78903,1.20,1.50
2012.02.16 14:04:28.776,0.78897,0.78905,3.45,2.89
2012.02.16 14:04:29.904,0.78897,0.78905,2.70,10.20
2012.02.16 14:04:30.271,0.78894,0.789,1.50,1.50
2012.02.16 14:04:32.576,0.78894,0.789,2.70,1.50
2012.02.16 14:04:35.059,0.78894,0.789,2.70,3.75
2012.02.16 14:04:35.410,0.78891,0.78895,1.20,1.50
2012.02.16 14:04:36.778,0.78888,0.78893,1.77,1.50
2012.02.16 14:04:36.864,0.78883,0.78888,3.11,1.50
2012.02.16 14:04:37.013,0.78883,0.78888,3.45,1.50
2012.02.16 14:04:37.375,0.78881,0.78886,1.39,1.50
2012.02.16 14:04:38.910,0.7888,0.78886,3.08,1.50
2012.02.16 14:04:42.296,0.7888,0.78885,1.88,1.20
2012.02.16 14:04:54.369,0.7888,0.78886,2.63,1.50
2012.02.16 14:04:59.347,0.78881,0.78886,1.20,1.50
2012.02.16 14:05:06.905,0.78882,0.78886,1.20,1.50
2012.02.16 14:05:07.530,0.78882,0.78888,1.95,1.20
2012.02.16 14:05:07.864,0.78882,0.78888,3.45,2.70
2012.02.16 14:05:09.753,0.78882,0.78888,2.70,2.70
2012.02.16 14:05:15.439,0.78884,0.78888,1.50,1.20
2012.02.16 14:05:17.421,0.78882,0.78888,1.20,1.20
2012.02.16 14:05:23.398,0.78882,0.78889,1.20,1.50
2012.02.16 14:05:23.912,0.78887,0.78893,2.70,4.88
2012.02.16 14:05:24.438,0.78887,0.78893,2.70,2.70
2012.02.16 14:05:27.813,0.78887,0.78893,1.20,4.95
2012.02.16 14:05:28.347,0.78887,0.78891,1.20,1.50
2012.02.16 14:05:28.909,0.78886,0.78891,1.20,1.50
2012.02.16 14:05:42.805,0.78887,0.78892,1.50,1.20
2012.02.16 14:06:00.179,0.78887,0.78893,1.50,1.50
2012.02.16 14:06:34.342,0.78887,0.78893,2.70,2.25
2012.02.16 14:06:34.872,0.78884,0.7889,1.95,1.20
2012.02.16 14:06:34.948,0.78884,0.78889,1.95,1.50
2012.02.16 14:06:41.425,0.78886,0.78892,1.50,3.45
2012.02.16 14:06:41.945,0.78886,0.78892,1.50,2.70
2012.02.16 14:06:49.782,0.78886,0.7889,1.20,1.50
2012.02.16 14:06:49.998,0.78884,0.78889,1.95,1.50
2012.02.16 14:06:54.915,0.78882,0.78889,2.70,1.50
2012.02.16 14:06:55.844,0.78884,0.7889,1.50,2.70
2012.02.16 14:06:56.737,0.78884,0.78892,2.25,3.00
2012.02.16 14:06:57.470,0.78884,0.7889,2.25,2.70
2012.02.16 14:06:59.210,0.78884,0.7889,2.25,2.70
2012.02.16 14:06:59.979,0.78884,0.7889,1.50,2.70
2012.02.16 14:07:01.320,0.78884,0.7889,3.45,1.50
2012.02.16 14:07:01.839,0.78884,0.7889,3.45,1.50
2012.02.16 14:07:02.966,0.78882,0.78888,2.89,2.70
2012.02.16 14:07:05.069,0.78885,0.78891,1.20,2.93
2012.02.16 14:07:05.165,0.78885,0.78893,3.45,4.88
2012.02.16 14:07:05.661,0.78885,0.78893,2.70,4.88
2012.02.16 14:07:06.739,0.78885,0.78893,3.45,4.88
2012.02.16 14:07:07.654,0.78885,0.78891,1.20,1.50
2012.02.16 14:07:12.082,0.78884,0.78891,1.20,1.50
2012.02.16 14:07:12.989,0.78884,0.78891,1.95,3.19
2012.02.16 14:07:13.528,0.78884,0.78891,1.20,2.44
2012.02.16 14:07:13.806,0.78886,0.78892,1.50,4.32
2012.02.16 14:07:14.362,0.78886,0.78892,2.25,2.70
2012.02.16 14:07:14.720,0.78888,0.78892,1.50,1.20
2012.02.16 14:07:14.992,0.78886,0.78892,1.50,2.70
2012.02.16 14:07:18.351,0.78892,0.78897,1.50,1.20
2012.02.16 14:07:18.762,0.78894,0.78898,1.35,1.50
2012.02.16 14:07:18.904,0.78897,0.78902,1.50,1.39
2012.02.16 14:07:18.984,0.78894,0.78902,3.45,4.39
2012.02.16 14:07:19.274,0.78898,0.78902,1.50,1.20
2012.02.16 14:07:19.421,0.78899,0.78904,1.20,1.50
2012.02.16 14:07:20.005,0.78899,0.78904,1.20,3.00
2012.02.16 14:07:20.171,0.789,0.78905,1.50,3.45
2012.02.16 14:07:20.729,0.78901,0.78907,2.70,1.50
2012.02.16 14:07:21.853,0.78901,0.78906,2.70,4.88
2012.02.16 14:07:22.128,0.78899,0.78905,1.20,1.58
2012.02.16 14:07:22.681,0.789,0.78905,1.50,1.20
2012.02.16 14:07:26.002,0.78902,0.78908,1.20,2.70
2012.02.16 14:07:26.765,0.78902,0.78907,1.20,1.50
2012.02.16 14:07:27.424,0.78901,0.78907,1.50,2.25
2012.02.16 14:07:27.715,0.78899,0.78904,3.00,1.20
2012.02.16 14:07:29.164,0.78901,0.78907,1.50,1.50
2012.02.16 14:07:31.152,0.78901,0.78907,2.70,2.70
2012.02.16 14:07:31.900,0.78903,0.78907,1.50,1.20
2012.02.16 14:07:35.823,0.78901,0.78907,1.20,1.20
2012.02.16 14:07:36.480,0.78901,0.78906,1.20,1.50
2012.02.16 14:07:37.028,0.78899,0.78905,1.50,1.50
2012.02.16 14:07:37.188,0.78898,0.78903,1.20,1.50
2012.02.16 14:07:38.695,0.78902,0.78906,1.20,1.50
2012.02.16 14:07:39.025,0.78909,0.78914,1.20,1.50
2012.02.16 14:07:39.188,0.78909,0.78915,2.70,1.39
2012.02.16 14:07:39.363,0.78904,0.78909,7.50,1.50
2012.02.16 14:07:39.443,0.78907,0.78913,1.53,2.18
2012.02.16 14:07:40.044,0.78911,0.78915,1.50,1.39
2012.02.16 14:07:40.212,0.78908,0.78914,3.41,1.43
2012.02.16 14:07:40.550,0.78911,0.78915,1.50,1.20
2012.02.16 14:07:42.990,0.78909,0.78915,2.70,4.20
2012.02.16 14:07:43.136,0.78911,0.78915,1.50,4.20
2012.02.16 14:07:43.693,0.7891,0.78915,2.25,1.20
2012.02.16 14:07:44.440,0.78912,0.78918,1.50,1.50
2012.02.16 14:07:44.523,0.78914,0.7892,4.95,2.25
2012.02.16 14:07:44.817,0.78915,0.78922,2.25,1.20
2012.02.16 14:07:45.032,0.78917,0.78923,2.10,1.50
2012.02.16 14:07:45.177,0.7892,0.78924,1.50,1.50
2012.02.16 14:07:45.258,0.7892,0.78926,3.00,1.50
2012.02.16 14:07:45.848,0.78922,0.7893,2.25,2.82
2012.02.16 14:07:45.925,0.78924,0.7893,1.50,1.20
2012.02.16 14:07:46.474,0.78922,0.7893,3.45,2.70
2012.02.16 14:07:46.620,0.78921,0.7893,3.23,3.45
2012.02.16 14:07:46.971,0.78924,0.7893,2.25,1.20
2012.02.16 14:07:47.525,0.78924,0.7893,2.25,1.95
2012.02.16 14:07:47.613,0.78922,0.7893,4.39,1.95
2012.02.16 14:07:47.878,0.78924,0.7893,2.25,1.95
2012.02.16 14:07:48.353,0.78927,0.78932,1.95,1.50
2012.02.16 14:07:49.203,0.78927,0.78931,1.20,1.50
2012.02.16 14:07:49.550,0.78924,0.78928,1.69,1.20
2012.02.16 14:07:49.695,0.78922,0.78928,5.70,1.20
2012.02.16 14:07:49.840,0.78922,0.7893,4.20,1.50
2012.02.16 14:07:50.378,0.78922,0.78928,3.45,1.20
2012.02.16 14:07:50.989,0.78922,0.78928,3.45,1.20
2012.02.16 14:07:51.279,0.78924,0.7893,1.20,1.50
2012.02.16 14:07:51.819,0.78925,0.78931,1.50,1.50
2012.02.16 14:07:55.207,0.78922,0.78926,1.13,1.20
2012.02.16 14:07:55.677,0.78921,0.78926,1.13,2.70
2012.02.16 14:07:55.898,0.78917,0.78923,3.45,1.20
2012.02.16 14:07:55.967,0.78917,0.78923,3.45,1.20
2012.02.16 14:07:57.170,0.78917,0.78923,1.20,2.33
2012.02.16 14:07:57.775,0.78917,0.78921,1.20,1.50
2012.02.16 14:07:59.821,0.78917,0.78923,1.20,1.20
2012.02.16 14:07:59.898,0.78919,0.78923,1.50,1.20
2012.02.16 14:08:01.319,0.78919,0.78924,2.25,1.20
2012.02.16 14:08:01.880,0.78918,0.78923,1.95,1.50
2012.02.16 14:08:03.111,0.78918,0.78924,1.95,1.20
2012.02.16 14:08:03.677,0.78918,0.78924,3.45,1.95
2012.02.16 14:08:05.410,0.78918,0.78924,3.45,1.20
2012.02.16 14:08:08.609,0.78918,0.78924,1.95,1.50
2012.02.16 14:08:08.966,0.78921,0.78926,2.25,1.20
2012.02.16 14:08:09.480,0.78921,0.78926,2.93,1.20
2012.02.16 14:08:10.608,0.78921,0.78926,2.25,1.20
2012.02.16 14:08:12.127,0.78921,0.78927,2.70,1.20
2012.02.16 14:08:16.900,0.78919,0.78926,2.25,1.20
2012.02.16 14:08:17.470,0.78918,0.78925,1.20,1.50
2012.02.16 14:08:19.546,0.78922,0.78927,1.20,2.25
2012.02.16 14:08:20.042,0.78923,0.78929,2.25,1.50
2012.02.16 14:08:20.651,0.78924,0.7893,2.25,1.20
2012.02.16 14:08:22.004,0.78924,0.7893,1.50,1.95
2012.02.16 14:08:22.675,0.78923,0.78929,1.50,2.25
2012.02.16 14:08:24.381,0.78924,0.7893,1.50,1.20
2012.02.16 14:08:25.263,0.78923,0.78929,1.50,1.50
2012.02.16 14:08:26.052,0.78923,0.78929,3.45,1.50
2012.02.16 14:08:26.552,0.78923,0.78929,3.45,1.50
2012.02.16 14:08:27.639,0.78923,0.78929,3.45,1.50
2012.02.16 14:08:28.182,0.78923,0.78929,3.45,1.50
2012.02.16 14:08:28.326,0.78924,0.78931,1.50,2.33
2012.02.16 14:08:30.076,0.78926,0.78932,1.20,5.48
2012.02.16 14:08:30.938,0.78926,0.78932,1.20,2.25
2012.02.16 14:08:35.428,0.78925,0.78932,1.20,2.25
2012.02.16 14:08:35.976,0.78925,0.78932,1.20,3.00
2012.02.16 14:08:36.908,0.78925,0.78932,1.20,3.00
2012.02.16 14:08:38.099,0.78925,0.78932,1.20,3.00
2012.02.16 14:08:38.422,0.78925,0.78932,1.20,2.25
2012.02.16 14:08:40.265,0.78924,0.7893,1.50,1.20
2012.02.16 14:08:40.619,0.78922,0.78927,1.20,1.50
2012.02.16 14:08:42.751,0.78922,0.78929,2.70,2.25
2012.02.16 14:08:43.550,0.78922,0.7893,4.20,2.89
2012.02.16 14:08:43.637,0.78923,0.78929,2.25,1.50
2012.02.16 14:08:45.464,0.78927,0.78931,1.20,1.50
2012.02.16 14:08:45.542,0.78927,0.78933,1.20,1.20
2012.02.16 14:08:45.747,0.78927,0.78931,1.95,1.50
2012.02.16 14:08:45.826,0.78927,0.78933,3.45,2.70
2012.02.16 14:08:46.100,0.78925,0.7893,2.25,1.50
2012.02.16 14:08:49.186,0.78925,0.7893,1.20,1.50
2012.02.16 14:08:49.381,0.78925,0.78932,1.20,1.50
2012.02.16 14:08:49.897,0.78925,0.78932,1.20,2.25
2012.02.16 14:08:51.692,0.78925,0.78929,1.20,1.50
2012.02.16 14:08:51.758,0.78923,0.78929,1.50,2.70
2012.02.16 14:08:55.170,0.78923,0.78929,1.50,3.45
2012.02.16 14:08:55.709,0.78923,0.78929,1.50,2.70
2012.02.16 14:08:55.776,0.78925,0.78929,1.50,1.20
2012.02.16 14:08:55.850,0.78925,0.78931,2.70,3.45
2012.02.16 14:09:00.090,0.78925,0.78931,2.70,3.45
2012.02.16 14:09:00.372,0.78923,0.78929,1.50,3.45
2012.02.16 14:09:04.060,0.78923,0.78929,2.25,2.70
2012.02.16 14:09:04.851,0.78923,0.78929,1.50,2.70
2012.02.16 14:09:09.346,0.78923,0.78929,3.00,1.50
2012.02.16 14:09:09.489,0.78924,0.7893,2.25,1.20
2012.02.16 14:09:09.691,0.78925,0.78932,1.95,2.25
2012.02.16 14:09:10.235,0.78925,0.78932,1.20,2.25
2012.02.16 14:09:11.902,0.78923,0.78929,2.25,1.50
2012.02.16 14:09:12.648,0.7892,0.78925,6.06,1.20
2012.02.16 14:09:13.312,0.78923,0.78928,1.20,2.25
2012.02.16 14:09:13.396,0.78924,0.7893,2.25,1.50
2012.02.16 14:09:13.947,0.78924,0.7893,2.25,1.50
2012.02.16 14:09:15.553,0.78928,0.78932,1.20,3.57
2012.02.16 14:09:15.840,0.78931,0.78937,1.20,1.20
2012.02.16 14:09:24.201,0.78931,0.78935,1.95,1.50
2012.02.16 14:09:25.216,0.78929,0.78934,1.50,1.20
2012.02.16 14:09:25.758,0.78926,0.78931,1.20,2.25
2012.02.16 14:09:26.325,0.78926,0.7893,1.20,1.50
2012.02.16 14:09:26.891,0.78926,0.78932,1.20,1.50
2012.02.16 14:09:27.474,0.78926,0.7893,1.20,1.50
2012.02.16 14:09:28.854,0.78926,0.78931,1.20,2.25
2012.02.16 14:09:34.599,0.78924,0.78932,2.70,4.20
2012.02.16 14:09:37.079,0.78924,0.7893,1.20,1.50
2012.02.16 14:09:37.551,0.78923,0.78929,1.50,3.45
2012.02.16 14:09:38.013,0.78921,0.78926,1.20,1.50
2012.02.16 14:09:40.561,0.78918,0.78924,1.50,1.20
2012.02.16 14:09:41.243,0.7892,0.78925,1.20,1.50
2012.02.16 14:09:41.459,0.78917,0.78923,2.89,3.45
2012.02.16 14:09:41.709,0.78913,0.7892,1.13,1.50
2012.02.16 14:09:41.920,0.78917,0.78921,1.20,1.50
2012.02.16 14:09:42.448,0.78915,0.78921,2.25,2.25
2012.02.16 14:09:42.770,0.78917,0.78923,1.20,3.45
2012.02.16 14:09:43.411,0.78917,0.78923,1.20,1.20
2012.02.16 14:09:43.482,0.78918,0.78923,2.25,1.20
2012.02.16 14:09:45.379,0.78918,0.78923,2.25,1.20
2012.02.16 14:09:46.401,0.78918,0.78924,3.45,1.20
2012.02.16 14:09:48.952,0.78918,0.78924,3.45,1.20
2012.02.16 14:09:49.789,0.78918,0.78924,1.20,2.70
2012.02.16 14:09:51.897,0.78916,0.78922,3.45,1.20
2012.02.16 14:09:52.702,0.78919,0.78925,1.50,5.29
2012.02.16 14:09:52.913,0.78925,0.7893,1.50,1.47
2012.02.16 14:09:53.605,0.78925,0.78931,1.50,3.27
2012.02.16 14:09:54.224,0.78925,0.78931,1.50,2.70
2012.02.16 14:09:54.360,0.78927,0.78931,1.50,1.20
2012.02.16 14:09:54.437,0.78927,0.78933,1.50,6.75
2012.02.16 14:09:55.069,0.78929,0.78934,1.50,1.20
2012.02.16 14:09:57.321,0.78929,0.78935,3.45,1.50
2012.02.16 14:09:58.189,0.78929,0.78935,3.45,1.50
2012.02.16 14:09:58.701,0.78929,0.78935,3.45,1.50
2012.02.16 14:10:01.272,0.78931,0.78937,1.50,2.70
2012.02.16 14:10:01.609,0.78933,0.78937,1.50,1.20
2012.02.16 14:10:01.752,0.78931,0.78937,1.50,2.70
2012.02.16 14:10:01.967,0.78929,0.78935,1.95,1.50
2012.02.16 14:10:04.227,0.78929,0.78935,1.20,4.20
2012.02.16 14:10:05.414,0.78929,0.78935,1.95,3.45
2012.02.16 14:10:05.967,0.7893,0.78935,1.50,1.20
2012.02.16 14:10:08.361,0.7893,0.78934,1.50,1.20
2012.02.16 14:10:08.501,0.78931,0.78936,1.20,1.50
2012.02.16 14:10:10.320,0.78931,0.78936,1.20,2.25
2012.02.16 14:10:11.240,0.78931,0.78936,1.20,1.50
2012.02.16 14:10:12.438,0.7893,0.78935,1.50,1.20
2012.02.16 14:10:12.651,0.78927,0.78931,1.95,1.50
2012.02.16 14:10:12.788,0.78927,0.78933,2.70,1.50
2012.02.16 14:10:16.515,0.78928,0.78935,1.50,2.70
2012.02.16 14:10:16.736,0.78927,0.78933,3.45,1.50
2012.02.16 14:10:17.566,0.78924,0.78929,1.20,1.50
2012.02.16 14:10:21.255,0.78923,0.78927,1.50,1.20
2012.02.16 14:10:21.848,0.7892,0.78926,1.50,1.50
2012.02.16 14:10:22.203,0.78919,0.78926,1.20,3.00
2012.02.16 14:10:22.425,0.78922,0.78926,1.20,2.44
2012.02.16 14:10:22.781,0.78924,0.7893,1.50,2.70
2012.02.16 14:10:22.853,0.78924,0.7893,1.50,2.33
2012.02.16 14:10:23.519,0.78925,0.7893,1.50,1.20
2012.02.16 14:10:24.901,0.78922,0.7893,4.95,3.45
2012.02.16 14:10:25.037,0.78919,0.78926,1.50,4.69
2012.02.16 14:10:25.188,0.78918,0.78923,1.95,2.25
2012.02.16 14:10:25.901,0.78918,0.78924,2.70,1.20
2012.02.16 14:10:26.244,0.78918,0.78924,1.20,3.83
2012.02.16 14:10:26.802,0.78915,0.78921,2.25,1.50
2012.02.16 14:10:27.630,0.78918,0.78924,1.20,4.58
2012.02.16 14:10:27.848,0.78919,0.78924,1.50,3.45
2012.02.16 14:10:28.405,0.78922,0.78929,1.50,2.63
2012.02.16 14:10:29.830,0.78922,0.78928,2.70,1.20
2012.02.16 14:10:30.312,0.78925,0.78931,1.50,1.50
2012.02.16 14:10:30.914,0.78922,0.78927,1.20,1.50
2012.02.16 14:10:34.332,0.78925,0.78931,1.50,4.73
2012.02.16 14:10:35.358,0.78925,0.7893,1.50,1.20
2012.02.16 14:10:40.684,0.78925,0.78929,1.50,1.20
2012.02.16 14:10:50.788,0.78923,0.78929,2.70,2.70
2012.02.16 14:10:51.465,0.78923,0.78928,1.20,1.50
2012.02.16 14:10:52.983,0.78923,0.78929,2.70,3.45
2012.02.16 14:10:55.164,0.78923,0.78927,1.20,1.50
2012.02.16 14:10:55.247,0.78921,0.78926,2.25,1.20
2012.02.16 14:10:56.031,0.7892,0.78925,1.20,1.50
2012.02.16 14:10:58.355,0.7892,0.78926,4.41,1.39
2012.02.16 14:10:59.339,0.78923,0.78929,1.20,1.20
2012.02.16 14:11:00.832,0.78923,0.78929,1.95,1.20
2012.02.16 14:11:01.819,0.78923,0.78929,1.95,1.20
2012.02.16 14:11:03.605,0.78923,0.78929,1.95,1.20
2012.02.16 14:11:04.399,0.78923,0.78929,1.95,1.20
2012.02.16 14:11:05.409,0.78923,0.78929,1.95,1.20
2012.02.16 14:11:07.602,0.78923,0.78929,1.95,1.20
2012.02.16 14:11:10.011,0.78923,0.78929,1.95,1.20
2012.02.16 14:11:10.860,0.78916,0.78921,1.88,2.70
2012.02.16 14:11:10.936,0.78916,0.78921,2.63,2.70
2012.02.16 14:11:11.015,0.78916,0.78924,2.64,3.00
2012.02.16 14:11:11.162,0.78916,0.78921,1.69,2.70
2012.02.16 14:11:11.246,0.78915,0.78921,2.25,3.45
2012.02.16 14:11:11.736,0.78913,0.78917,2.25,1.20
2012.02.16 14:11:11.825,0.78911,0.78917,4.58,2.70
2012.02.16 14:11:12.121,0.78912,0.78917,2.25,1.20
2012.02.16 14:11:12.389,0.78913,0.7892,1.95,3.00
2012.02.16 14:11:12.910,0.78913,0.7892,1.20,2.25
2012.02.16 14:11:13.690,0.78913,0.7892,1.95,3.00
2012.02.16 14:11:14.173,0.78916,0.7892,1.20,1.50
2012.02.16 14:11:15.092,0.78916,0.78921,1.95,1.50
2012.02.16 14:11:17.554,0.78916,0.78921,2.70,2.25
2012.02.16 14:11:18.454,0.78917,0.78923,2.25,1.50
2012.02.16 14:11:18.563,0.78916,0.78921,1.20,1.50
2012.02.16 14:11:18.722,0.78916,0.78921,1.20,1.50
2012.02.16 14:11:19.132,0.78917,0.78923,1.50,3.75
2012.02.16 14:11:19.200,0.78916,0.78921,1.20,1.50
2012.02.16 14:11:19.757,0.78916,0.78922,1.20,3.00
2012.02.16 14:11:20.321,0.78916,0.78922,1.20,3.00
2012.02.16 14:11:20.813,0.78917,0.78923,2.25,4.35
2012.02.16 14:11:20.895,0.78917,0.78923,1.50,3.00
2012.02.16 14:11:21.398,0.78916,0.78922,2.70,1.50
2012.02.16 14:11:22.004,0.78916,0.7892,1.20,2.25
2012.02.16 14:11:24.315,0.78916,0.78921,1.20,2.25
2012.02.16 14:11:25.101,0.78915,0.78921,1.50,3.00
2012.02.16 14:11:25.950,0.78915,0.78921,1.50,3.75
2012.02.16 14:11:26.860,0.78914,0.78919,1.20,2.25
2012.02.16 14:11:27.490,0.78914,0.78919,1.20,2.25
2012.02.16 14:11:27.841,0.78912,0.78917,1.20,1.50
2012.02.16 14:11:28.178,0.7891,0.78916,1.50,1.50
2012.02.16 14:11:30.427,0.78907,0.78913,4.58,2.70
2012.02.16 14:11:30.928,0.78907,0.78911,2.70,1.50
2012.02.16 14:11:31.168,0.78902,0.78907,3.00,1.20
2012.02.16 14:11:31.250,0.78899,0.78906,2.36,3.00
2012.02.16 14:11:31.477,0.78899,0.78905,2.70,2.25
2012.02.16 14:11:32.630,0.78899,0.78905,3.45,2.25
2012.02.16 14:11:33.165,0.78899,0.78905,2.70,2.25
2012.02.16 14:11:34.080,0.789,0.78906,1.71,1.88
2012.02.16 14:11:34.250,0.789,0.78907,2.25,1.20
2012.02.16 14:11:34.398,0.78902,0.78907,1.50,1.20
2012.02.16 14:11:34.966,0.78899,0.78906,2.70,1.69
2012.02.16 14:11:35.626,0.78899,0.78905,4.20,3.00
2012.02.16 14:11:35.727,0.78898,0.78903,3.75,1.95
2012.02.16 14:11:36.290,0.78897,0.78903,1.95,2.70
2012.02.16 14:11:37.392,0.78898,0.78903,1.50,1.95
2012.02.16 14:11:37.955,0.789,0.78905,1.20,3.75
2012.02.16 14:11:38.037,0.789,0.78906,2.70,2.33
2012.02.16 14:11:39.183,0.789,0.78906,2.70,1.95
2012.02.16 14:11:40.376,0.78896,0.78902,2.25,2.25
2012.02.16 14:11:40.921,0.78897,0.78903,1.50,2.55
2012.02.16 14:11:41.637,0.78895,0.78903,3.30,2.70
2012.02.16 14:11:41.884,0.78899,0.78903,1.50,1.20
2012.02.16 14:11:42.411,0.78897,0.78903,3.00,2.70
2012.02.16 14:11:42.923,0.78897,0.78903,2.25,2.70
2012.02.16 14:11:43.426,0.78895,0.78902,2.70,1.50
2012.02.16 14:11:43.505,0.78895,0.78902,1.95,2.25
2012.02.16 14:11:44.504,0.78895,0.78899,1.20,1.50
2012.02.16 14:11:44.800,0.78895,0.78901,2.70,1.50
2012.02.16 14:11:45.292,0.78896,0.78903,1.50,1.95
2012.02.16 14:11:45.908,0.78896,0.78903,1.50,1.95
2012.02.16 14:11:46.273,0.78892,0.789,4.95,3.45
2012.02.16 14:11:46.844,0.78892,0.789,4.20,4.20
2012.02.16 14:11:47.514,0.78892,0.789,2.70,4.20
2012.02.16 14:11:48.015,0.78893,0.78899,1.50,1.50
2012.02.16 14:11:48.444,0.78896,0.78901,1.20,2.25
2012.02.16 14:11:48.605,0.78896,0.78901,1.20,2.25
2012.02.16 14:11:49.513,0.78896,0.78902,1.20,3.83
2012.02.16 14:11:53.244,0.78896,0.78902,1.20,5.33
2012.02.16 14:11:53.461,0.78894,0.78902,2.70,4.58
2012.02.16 14:11:54.348,0.78892,0.78897,1.50,1.20
2012.02.16 14:11:54.841,0.78891,0.78896,1.20,2.25
2012.02.16 14:11:58.212,0.78888,0.78896,2.10,7.50
2012.02.16 14:11:58.280,0.78888,0.78893,1.50,1.95
2012.02.16 14:11:58.354,0.78886,0.78893,3.75,1.20
2012.02.16 14:11:58.503,0.78888,0.78893,1.50,1.20
2012.02.16 14:11:58.583,0.78886,0.78893,2.25,1.95
2012.02.16 14:11:59.002,0.78888,0.78893,1.50,1.20
2012.02.16 14:12:00.435,0.7889,0.78896,1.20,3.45
2012.02.16 14:12:02.593,0.78891,0.78896,1.50,1.20
2012.02.16 14:12:02.859,0.78894,0.789,1.20,4.20
2012.02.16 14:12:08.799,0.78894,0.789,1.20,4.58
2012.02.16 14:12:08.873,0.78892,0.78899,1.50,2.70
2012.02.16 14:12:09.013,0.78891,0.78897,2.70,2.25
2012.02.16 14:12:09.160,0.78889,0.78895,2.89,1.20
2012.02.16 14:12:09.304,0.78889,0.78894,2.89,1.50
2012.02.16 14:12:10.144,0.78889,0.78894,1.20,1.50
2012.02.16 14:12:10.658,0.7889,0.78895,1.50,1.20
2012.02.16 14:12:14.295,0.78889,0.78894,1.20,4.50
2012.02.16 14:12:14.387,0.78885,0.78892,1.20,1.50
2012.02.16 14:12:14.814,0.78889,0.78893,1.50,1.20
2012.02.16 14:12:14.964,0.78886,0.78893,3.00,1.20
2012.02.16 14:12:15.450,0.78886,0.78893,1.50,2.70
2012.02.16 14:12:16.511,0.78886,0.78893,1.50,1.95
2012.02.16 14:12:17.048,0.78886,0.78893,1.50,1.95
2012.02.16 14:12:18.500,0.78886,0.78893,1.50,1.95
2012.02.16 14:12:19.691,0.78885,0.78892,1.20,3.00
2012.02.16 14:12:20.333,0.78888,0.78893,1.50,2.70
2012.02.16 14:12:20.890,0.78887,0.78893,1.50,2.70
2012.02.16 14:12:21.233,0.78889,0.78895,3.45,2.70
2012.02.16 14:12:24.281,0.78886,0.78893,1.50,1.50
2012.02.16 14:12:24.359,0.78886,0.78893,1.50,2.70
2012.02.16 14:12:24.435,0.78886,0.78893,1.50,2.70
2012.02.16 14:12:24.779,0.78886,0.78893,1.50,3.83
2012.02.16 14:12:25.290,0.78886,0.78893,1.50,3.83
2012.02.16 14:12:26.365,0.78886,0.78893,1.50,3.68
2012.02.16 14:12:26.456,0.78886,0.78893,1.50,3.08
2012.02.16 14:12:27.005,0.78886,0.78892,1.50,1.50
2012.02.16 14:12:27.083,0.78886,0.78893,1.50,3.08
2012.02.16 14:12:27.162,0.78886,0.78893,1.50,3.08
2012.02.16 14:12:27.504,0.78886,0.78893,2.25,1.95
2012.02.16 14:12:28.301,0.78886,0.78892,1.50,1.50
2012.02.16 14:12:28.825,0.78886,0.78893,2.25,1.95
2012.02.16 14:12:29.324,0.78887,0.78893,1.20,1.95
2012.02.16 14:12:30.141,0.78887,0.78893,1.20,2.70
2012.02.16 14:12:30.280,0.78887,0.78893,1.20,2.70
2012.02.16 14:12:30.996,0.78887,0.78893,1.20,2.70
2012.02.16 14:12:31.870,0.78887,0.78893,1.20,2.70
2012.02.16 14:12:32.909,0.78885,0.7889,1.50,1.20
2012.02.16 14:12:33.566,0.78882,0.7889,1.95,1.95
2012.02.16 14:12:33.875,0.78887,0.78893,1.35,1.50
2012.02.16 14:12:34.236,0.78889,0.78894,2.25,1.20
2012.02.16 14:12:34.312,0.78889,0.78894,2.25,1.20
2012.02.16 14:12:34.510,0.78885,0.78894,6.95,2.70
2012.02.16 14:12:35.229,0.78889,0.78894,2.25,1.95
2012.02.16 14:12:38.004,0.78889,0.78894,2.25,1.20
2012.02.16 14:12:38.711,0.78889,0.78894,2.25,1.20
2012.02.16 14:12:39.245,0.78889,0.78896,2.25,1.20
2012.02.16 14:12:40.170,0.78889,0.78893,2.25,1.20
2012.02.16 14:12:40.474,0.78885,0.7889,2.14,1.50
2012.02.16 14:12:41.039,0.78885,0.78891,2.70,2.25
2012.02.16 14:12:42.426,0.78885,0.78889,1.20,1.50
2012.02.16 14:12:44.971,0.78883,0.78889,3.45,3.00
2012.02.16 14:12:45.469,0.78884,0.78891,2.25,2.70
2012.02.16 14:12:46.503,0.78884,0.78891,2.25,1.95
2012.02.16 14:12:47.009,0.78884,0.78891,3.00,1.20
2012.02.16 14:12:47.294,0.78884,0.78891,3.00,1.20
2012.02.16 14:12:47.918,0.78883,0.7889,2.70,1.50
2012.02.16 14:12:48.420,0.78883,0.7889,1.95,1.50
2012.02.16 14:12:49.721,0.78884,0.78891,2.25,1.20
2012.02.16 14:12:50.352,0.78885,0.78892,2.70,1.69
2012.02.16 14:12:51.774,0.78885,0.7889,1.20,1.50
2012.02.16 14:12:52.404,0.78885,0.78892,1.20,2.25
2012.02.16 14:12:53.362,0.78886,0.78893,2.25,1.20
2012.02.16 14:12:54.299,0.78886,0.78893,3.00,1.20
2012.02.16 14:12:54.822,0.78887,0.78893,1.50,1.20
2012.02.16 14:12:55.180,0.78887,0.78893,1.50,1.20
2012.02.16 14:12:55.742,0.78888,0.78894,3.45,1.20
2012.02.16 14:12:56.384,0.78888,0.78892,1.20,1.50
2012.02.16 14:13:00.359,0.78888,0.78894,1.20,3.45
2012.02.16 14:13:00.921,0.78887,0.78893,1.20,1.20
2012.02.16 14:13:01.857,0.78887,0.78892,1.20,4.50
2012.02.16 14:13:02.342,0.78885,0.78891,1.50,2.25
2012.02.16 14:13:02.890,0.78883,0.78889,1.50,1.50
2012.02.16 14:13:03.776,0.78887,0.78891,1.20,3.00
2012.02.16 14:13:04.722,0.78887,0.78893,2.70,3.45
2012.02.16 14:13:04.858,0.78887,0.78891,1.20,2.25
2012.02.16 14:13:05.748,0.78885,0.78891,3.45,1.50
2012.02.16 14:13:07.521,0.78885,0.78891,4.20,1.50
2012.02.16 14:13:08.057,0.78887,0.78893,1.50,3.45
2012.02.16 14:13:08.593,0.78887,0.78893,2.25,2.70
2012.02.16 14:13:13.900,0.78887,0.78893,4.20,2.70
2012.02.16 14:13:14.111,0.78889,0.78895,2.25,2.25
2012.02.16 14:13:14.979,0.78889,0.78893,1.50,1.20
2012.02.16 14:13:16.642,0.78887,0.78893,4.20,2.70
2012.02.16 14:13:18.156,0.78885,0.78889,1.50,1.50
2012.02.16 14:13:18.442,0.78889,0.78895,1.50,2.89
2012.02.16 14:13:19.274,0.78887,0.78894,2.70,1.69
2012.02.16 14:13:23.941,0.78886,0.78894,2.70,2.70
2012.02.16 14:13:25.919,0.78886,0.78894,3.45,3.08
2012.02.16 14:13:26.131,0.78888,0.78894,1.50,1.95
2012.02.16 14:13:26.274,0.78886,0.78892,2.70,2.25
2012.02.16 14:13:26.630,0.78886,0.7889,1.20,1.50
2012.02.16 14:13:27.352,0.78886,0.78892,2.70,2.63
2012.02.16 14:13:28.001,0.78886,0.78892,2.70,1.50
2012.02.16 14:13:30.168,0.78886,0.78892,1.50,2.25
2012.02.16 14:13:30.665,0.78888,0.78893,1.50,1.20
2012.02.16 14:13:34.826,0.78888,0.78893,1.50,1.95
2012.02.16 14:13:35.356,0.78888,0.78893,1.50,1.95
2012.02.16 14:13:36.190,0.78888,0.78893,1.50,1.95
2012.02.16 14:13:36.335,0.78886,0.78892,1.50,2.25
2012.02.16 14:13:37.700,0.78886,0.78892,1.50,2.25
2012.02.16 14:13:38.266,0.78886,0.78892,1.50,2.25
2012.02.16 14:13:38.967,0.78886,0.78892,1.50,2.25
2012.02.16 14:13:40.026,0.78887,0.78893,1.50,1.95
2012.02.16 14:13:40.680,0.78895,0.78899,1.20,1.50
2012.02.16 14:13:40.880,0.78902,0.7891,2.70,3.27
2012.02.16 14:13:42.375,0.78902,0.7891,1.95,1.58
2012.02.16 14:13:43.072,0.78903,0.7891,2.25,1.20
2012.02.16 14:13:44.078,0.78903,0.7891,1.88,1.20
2012.02.16 14:13:45.663,0.78903,0.78909,2.25,1.50
2012.02.16 14:13:49.982,0.78902,0.78908,1.20,2.10
2012.02.16 14:13:50.817,0.78902,0.78908,1.20,2.25
2012.02.16 14:13:51.398,0.78902,0.78908,1.20,1.88
2012.02.16 14:13:52.314,0.78901,0.78908,1.20,2.63
2012.02.16 14:13:52.814,0.78901,0.78908,1.20,3.00
2012.02.16 14:13:53.168,0.78897,0.78903,3.45,1.50
2012.02.16 14:13:54.171,0.78898,0.78905,1.50,1.20
2012.02.16 14:13:57.514,0.78897,0.78903,1.20,2.25
2012.02.16 14:13:57.862,0.78897,0.78901,1.20,1.50
2012.02.16 14:13:58.400,0.78897,0.78903,1.95,1.95
2012.02.16 14:14:01.584,0.78899,0.78904,2.85,1.50
2012.02.16 14:14:01.671,0.78901,0.78905,1.20,2.25
2012.02.16 14:14:02.170,0.78902,0.78908,1.50,1.50
2012.02.16 14:14:02.859,0.78902,0.78908,1.95,1.50
2012.02.16 14:14:03.391,0.78902,0.78908,2.03,1.50
2012.02.16 14:14:05.249,0.78906,0.78911,1.35,3.00
2012.02.16 14:14:05.394,0.78905,0.78913,4.80,4.20
2012.02.16 14:14:05.890,0.78909,0.78915,1.20,2.82
2012.02.16 14:14:06.438,0.78909,0.78915,1.20,2.25
2012.02.16 14:14:07.014,0.78907,0.78912,1.73,1.50
2012.02.16 14:14:07.582,0.78907,0.78912,1.20,1.50
2012.02.16 14:14:09.313,0.78907,0.78912,6.68,1.50
2012.02.16 14:14:09.861,0.78907,0.78913,1.20,1.20
2012.02.16 14:14:10.197,0.78907,0.78913,1.73,1.20
2012.02.16 14:14:10.766,0.7891,0.78918,1.05,3.57
2012.02.16 14:14:10.866,0.78909,0.78915,2.03,1.50
2012.02.16 14:14:12.810,0.78909,0.78915,2.03,1.50
2012.02.16 14:14:13.355,0.78909,0.78915,2.10,1.50
2012.02.16 14:14:14.724,0.78911,0.78916,2.10,1.20
2012.02.16 14:14:15.220,0.78911,0.78917,2.70,1.50
2012.02.16 14:14:15.892,0.78911,0.78916,1.20,1.50
2012.02.16 14:14:16.524,0.78911,0.78917,2.70,1.50
2012.02.16 14:14:17.111,0.78911,0.78916,1.20,1.50
2012.02.16 14:14:17.181,0.78907,0.78914,3.50,1.50
2012.02.16 14:14:17.324,0.78907,0.78912,2.75,1.50
2012.02.16 14:14:20.975,0.78907,0.78914,1.80,1.50
2012.02.16 14:14:21.532,0.78908,0.78914,1.55,1.50
2012.02.16 14:14:22.201,0.78909,0.78914,1.20,1.50
2012.02.16 14:14:22.283,0.78912,0.78918,1.80,1.20
2012.02.16 14:14:22.810,0.78912,0.78918,2.40,1.20
2012.02.16 14:14:23.355,0.78912,0.78918,1.88,1.20
2012.02.16 14:14:24.050,0.78912,0.78918,1.88,1.20
2012.02.16 14:14:24.341,0.78916,0.78921,1.20,3.00
2012.02.16 14:14:24.485,0.78916,0.78921,1.20,3.75
2012.02.16 14:14:26.061,0.78916,0.78922,3.38,3.45
2012.02.16 14:14:26.202,0.78918,0.78922,1.50,1.58
2012.02.16 14:14:27.666,0.78916,0.78922,1.20,1.95
2012.02.16 14:14:28.228,0.78916,0.78922,1.20,4.20
2012.02.16 14:14:29.326,0.78913,0.78919,2.70,1.20
2012.02.16 14:14:30.043,0.78913,0.78919,1.20,4.58
2012.02.16 14:14:31.201,0.78913,0.78919,1.20,4.20
2012.02.16 14:14:33.309,0.7891,0.78916,1.50,1.50
2012.02.16 14:14:33.530,0.78908,0.78912,2.66,1.20
2012.02.16 14:14:33.801,0.78906,0.78911,1.95,1.50
2012.02.16 14:14:35.442,0.78907,0.78912,1.50,1.20
2012.02.16 14:14:36.331,0.78906,0.78912,1.95,2.70
2012.02.16 14:14:37.263,0.78906,0.78912,1.20,3.08
2012.02.16 14:14:38.163,0.78906,0.78912,1.20,3.08
2012.02.16 14:14:38.950,0.78904,0.78912,4.05,3.27
2012.02.16 14:14:39.775,0.78904,0.78912,3.30,3.64
2012.02.16 14:14:41.336,0.78904,0.78912,3.45,3.64
2012.02.16 14:14:41.998,0.78904,0.78912,3.45,6.08
2012.02.16 14:14:42.484,0.78904,0.7891,1.20,2.25
2012.02.16 14:14:44.012,0.78902,0.7891,2.70,2.70
2012.02.16 14:14:44.160,0.78899,0.78905,5.17,1.20
2012.02.16 14:14:44.519,0.78899,0.78905,3.45,2.70
2012.02.16 14:14:44.598,0.78899,0.78904,1.20,2.48
2012.02.16 14:14:45.309,0.78897,0.78904,1.91,4.35
2012.02.16 14:14:45.822,0.78901,0.78907,1.20,3.45
2012.02.16 14:14:45.891,0.78901,0.78907,1.20,2.70
2012.02.16 14:14:46.236,0.78901,0.78905,1.20,1.50
2012.02.16 14:14:47.210,0.78899,0.78903,1.50,1.20
2012.02.16 14:14:47.986,0.78897,0.78903,3.45,2.70
2012.02.16 14:14:48.657,0.78898,0.78903,1.50,1.20
2012.02.16 14:14:49.030,0.78897,0.78903,3.61,1.50
2012.02.16 14:14:49.178,0.789,0.78906,1.20,1.95
2012.02.16 14:14:50.141,0.789,0.78906,1.20,1.20
2012.02.16 14:14:52.079,0.78899,0.78904,1.50,1.20
2012.02.16 14:14:53.013,0.78898,0.78903,1.50,1.50
2012.02.16 14:14:53.509,0.78897,0.78904,1.50,1.95
2012.02.16 14:14:53.858,0.78898,0.78904,1.50,1.20
2012.02.16 14:14:54.596,0.78897,0.78904,2.25,1.20
2012.02.16 14:14:55.218,0.78896,0.78903,1.95,2.25
2012.02.16 14:14:55.766,0.78896,0.78903,1.95,1.50
2012.02.16 14:14:57.353,0.78897,0.78904,1.50,3.08
2012.02.16 14:14:57.930,0.78901,0.78907,1.20,3.83
2012.02.16 14:14:58.078,0.78901,0.78907,1.95,3.08
2012.02.16 14:14:58.643,0.78901,0.78907,1.20,1.58
2012.02.16 14:15:02.919,0.78901,0.78908,1.95,1.50
2012.02.16 14:15:04.527,0.78901,0.78908,1.95,1.50
2012.02.16 14:15:05.031,0.78902,0.78909,2.25,1.58
2012.02.16 14:15:06.141,0.78902,0.78909,2.25,1.20
2012.02.16 14:15:06.217,0.78905,0.78911,2.70,3.45
2012.02.16 14:15:14.905,0.78905,0.78911,2.70,3.64
2012.02.16 14:15:15.042,0.78905,0.78911,2.70,3.64
2012.02.16 14:15:15.251,0.78905,0.78909,2.70,1.50
2012.02.16 14:15:15.811,0.78901,0.78908,1.50,1.50
2012.02.16 14:15:16.330,0.78905,0.78909,1.20,1.50
2012.02.16 14:15:16.551,0.78905,0.78911,1.95,1.20
2012.02.16 14:15:16.891,0.78905,0.78909,1.20,1.50
2012.02.16 14:15:19.642,0.78906,0.78912,1.73,3.00
2012.02.16 14:15:19.721,0.78908,0.78912,1.20,1.50
2012.02.16 14:15:20.072,0.78909,0.78916,2.25,2.70
2012.02.16 14:15:20.906,0.78909,0.78916,2.25,1.20
2012.02.16 14:15:21.489,0.78909,0.78916,3.00,1.20
2012.02.16 14:15:22.707,0.78909,0.78916,3.00,1.20
2012.02.16 14:15:23.115,0.78909,0.78914,1.16,1.50
2012.02.16 14:15:23.473,0.78906,0.78914,1.16,2.25
2012.02.16 14:15:23.542,0.78905,0.7891,3.86,1.50
2012.02.16 14:15:24.100,0.78905,0.7891,1.20,1.50
2012.02.16 14:15:26.979,0.78905,0.7891,1.95,1.50
2012.02.16 14:15:28.397,0.7891,0.78916,3.00,1.50
2012.02.16 14:15:28.478,0.7891,0.78916,2.25,2.25
2012.02.16 14:15:28.610,0.7891,0.78916,2.25,1.50
2012.02.16 14:15:28.681,0.78909,0.78914,2.70,1.50
2012.02.16 14:15:29.141,0.7891,0.78916,3.00,1.50
2012.02.16 14:15:29.645,0.7891,0.78916,2.25,1.50
2012.02.16 14:15:30.583,0.7891,0.78916,1.50,1.50
2012.02.16 14:15:31.142,0.78909,0.78915,1.95,1.50
2012.02.16 14:15:31.707,0.78909,0.78915,1.20,1.50
2012.02.16 14:15:31.780,0.78909,0.78913,1.20,1.50
2012.02.16 14:15:42.066,0.78908,0.78913,1.20,1.50
2012.02.16 14:15:42.551,0.78905,0.78911,1.50,1.50
2012.02.16 14:15:44.339,0.78903,0.7891,2.25,1.50
2012.02.16 14:15:45.229,0.78903,0.7891,1.13,2.44
2012.02.16 14:15:45.300,0.78903,0.78909,1.20,1.95
2012.02.16 14:15:45.820,0.78903,0.78908,1.20,1.50
2012.02.16 14:15:47.461,0.78903,0.78907,1.20,1.50
2012.02.16 14:15:47.534,0.78899,0.78905,2.25,1.50
2012.02.16 14:15:47.731,0.78898,0.78904,3.48,1.50
2012.02.16 14:15:48.280,0.78898,0.78904,3.08,1.50
2012.02.16 14:15:48.812,0.78899,0.78905,1.50,1.50
2012.02.16 14:15:57.412,0.78899,0.78904,1.20,1.50
2012.02.16 14:15:57.997,0.78899,0.78905,2.70,1.50
2012.02.16 14:15:58.590,0.78899,0.78905,2.70,1.88
2012.02.16 14:15:59.117,0.78899,0.78905,2.70,1.50
2012.02.16 14:16:13.790,0.78899,0.78905,1.50,2.63
2012.02.16 14:16:14.602,0.78899,0.78905,1.50,2.63
2012.02.16 14:16:14.737,0.78901,0.78905,1.20,2.63
2012.02.16 14:16:16.712,0.78899,0.78905,1.50,3.00
2012.02.16 14:16:17.289,0.78901,0.78905,1.20,3.00
2012.02.16 14:16:20.860,0.78899,0.78905,1.50,1.88
2012.02.16 14:16:21.551,0.78901,0.78905,1.20,1.50
2012.02.16 14:16:30.158,0.789,0.78905,1.20,1.50
2012.02.16 14:16:30.725,0.78899,0.78905,1.50,1.50
2012.02.16 14:16:31.298,0.78899,0.78905,1.50,1.88
2012.02.16 14:16:31.800,0.78899,0.78905,1.50,1.50
2012.02.16 14:16:41.874,0.789,0.78908,1.50,7.95
2012.02.16 14:16:44.322,0.789,0.78907,1.50,1.69
2012.02.16 14:16:44.460,0.789,0.78907,1.50,1.69
2012.02.16 14:16:46.635,0.789,0.78908,1.50,4.39
2012.02.16 14:16:46.744,0.789,0.78908,1.50,4.39
2012.02.16 14:16:48.745,0.78901,0.78908,1.50,1.69
2012.02.16 14:16:49.267,0.78902,0.78909,1.50,4.20
2012.02.16 14:16:50.171,0.78901,0.78907,3.00,1.69
2012.02.16 14:16:50.243,0.78903,0.78909,1.50,6.08
2012.02.16 14:16:50.877,0.789,0.78908,1.50,1.69
2012.02.16 14:16:51.761,0.789,0.78908,1.50,4.13
2012.02.16 14:16:54.823,0.789,0.78908,1.50,3.27
2012.02.16 14:16:55.631,0.789,0.78908,1.50,3.64
2012.02.16 14:16:56.279,0.789,0.78908,2.70,3.64
2012.02.16 14:16:56.846,0.789,0.78908,2.70,3.64
2012.02.16 14:16:57.618,0.789,0.78907,2.70,3.38
2012.02.16 14:16:59.239,0.78899,0.78905,4.20,1.69
2012.02.16 14:16:59.598,0.78893,0.78898,2.25,1.20
2012.02.16 14:17:00.532,0.78894,0.78901,1.50,1.13
2012.02.16 14:17:00.823,0.78895,0.78901,1.95,1.50
2012.02.16 14:17:01.357,0.78898,0.78903,1.50,1.20
2012.02.16 14:17:02.303,0.78893,0.78903,4.95,1.95
2012.02.16 14:17:02.724,0.78895,0.78903,4.20,3.45
2012.02.16 14:17:03.421,0.78895,0.78903,2.70,3.45
2012.02.16 14:17:03.910,0.78895,0.78903,2.70,3.45
2012.02.16 14:17:04.207,0.78895,0.78903,3.45,2.70
2012.02.16 14:17:04.927,0.78895,0.789,1.95,1.50
2012.02.16 14:17:05.356,0.78896,0.78903,1.50,2.70
2012.02.16 14:17:06.223,0.78896,0.789,1.50,1.50
2012.02.16 14:17:06.510,0.78895,0.78902,2.25,1.20
2012.02.16 14:17:09.287,0.78894,0.789,3.00,2.70
2012.02.16 14:17:11.008,0.78894,0.78903,3.75,1.69
2012.02.16 14:17:11.714,0.78894,0.789,3.00,1.50
2012.02.16 14:17:12.448,0.78894,0.78898,1.50,1.20
2012.02.16 14:17:12.748,0.78888,0.78893,1.13,1.50
2012.02.16 14:17:13.173,0.78887,0.78896,2.63,1.50
2012.02.16 14:17:13.922,0.78892,0.78898,3.00,2.70
2012.02.16 14:17:14.774,0.78892,0.78898,4.20,1.50
2012.02.16 14:17:15.481,0.78894,0.78899,1.50,1.05
2012.02.16 14:17:15.766,0.78892,0.78897,4.05,1.13
2012.02.16 14:17:16.125,0.78897,0.78904,1.50,2.14
2012.02.16 14:17:16.482,0.78897,0.78903,1.50,1.69
2012.02.16 14:17:17.104,0.78897,0.78904,1.50,2.14
2012.02.16 14:17:17.193,0.78894,0.78899,1.50,1.13
2012.02.16 14:17:17.682,0.78897,0.78904,1.50,2.14
2012.02.16 14:17:17.895,0.78893,0.78904,3.75,2.89
2012.02.16 14:17:18.184,0.78896,0.78903,1.20,2.07
2012.02.16 14:17:18.390,0.78896,0.78903,1.20,1.69
2012.02.16 14:17:18.953,0.78896,0.78903,1.95,2.44
2012.02.16 14:17:19.515,0.78897,0.78904,1.50,2.14
2012.02.16 14:17:20.390,0.78896,0.78903,3.45,1.69
2012.02.16 14:17:20.975,0.78896,0.78903,1.95,2.25
2012.02.16 14:17:21.835,0.78896,0.78903,1.95,2.25
2012.02.16 14:17:22.392,0.78896,0.78903,1.95,2.25
2012.02.16 14:17:23.634,0.78896,0.78903,1.95,2.25
2012.02.16 14:17:24.186,0.78896,0.78903,1.95,2.25
2012.02.16 14:17:24.733,0.78896,0.78903,1.95,2.25
2012.02.16 14:17:25.382,0.78896,0.78903,1.95,2.25
2012.02.16 14:17:26.312,0.78896,0.78903,1.20,2.25
2012.02.16 14:17:27.960,0.78896,0.78903,1.20,2.44
2012.02.16 14:17:28.507,0.78896,0.78903,1.20,3.19
2012.02.16 14:17:29.424,0.78896,0.78903,1.20,2.44
2012.02.16 14:17:31.369,0.78896,0.78903,1.20,2.25
2012.02.16 14:17:31.916,0.78896,0.78902,1.20,1.20
2012.02.16 14:17:33.229,0.78896,0.78902,1.20,1.39
2012.02.16 14:17:34.002,0.78896,0.789,1.20,1.50
2012.02.16 14:17:35.588,0.78894,0.78899,1.50,1.20
2012.02.16 14:17:36.224,0.7889,0.78896,5.63,1.50
2012.02.16 14:17:36.306,0.78893,0.78899,1.20,2.70
2012.02.16 14:17:37.075,0.7889,0.78895,1.50,1.20
2012.02.16 14:17:38.014,0.78889,0.78895,1.95,2.70
2012.02.16 14:17:38.576,0.7889,0.78895,1.50,1.20
2012.02.16 14:17:40.791,0.7889,0.78895,1.50,1.58
2012.02.16 14:17:41.340,0.78889,0.78895,1.20,3.08
2012.02.16 14:17:42.031,0.78889,0.78895,1.20,2.70
2012.02.16 14:17:44.732,0.7889,0.78895,1.50,1.20
2012.02.16 14:17:46.403,0.78889,0.78895,1.20,3.45
2012.02.16 14:17:46.683,0.78886,0.78892,1.50,1.50
2012.02.16 14:17:47.843,0.78883,0.78891,3.45,2.70
2012.02.16 14:17:48.341,0.78884,0.7889,1.50,1.50
2012.02.16 14:17:52.749,0.78882,0.78888,1.50,1.50
2012.02.16 14:17:54.704,0.78882,0.78888,1.50,1.88
2012.02.16 14:17:55.946,0.78877,0.78883,4.20,1.50
2012.02.16 14:17:56.947,0.78877,0.78883,1.50,5.70
2012.02.16 14:17:57.716,0.78873,0.78877,1.50,2.70
2012.02.16 14:17:57.809,0.78873,0.78879,1.50,2.25
2012.02.16 14:17:57.889,0.78875,0.7888,1.50,1.58
2012.02.16 14:17:58.034,0.78875,0.7888,1.50,1.95
2012.02.16 14:17:58.602,0.78872,0.7888,4.20,2.70
2012.02.16 14:17:59.335,0.78872,0.7888,4.20,2.70
2012.02.16 14:17:59.898,0.78872,0.7888,3.45,4.20
2012.02.16 14:17:59.981,0.78872,0.78876,2.25,1.20
2012.02.16 14:18:00.850,0.7887,0.78876,3.00,1.20
2012.02.16 14:18:01.559,0.78873,0.78879,1.50,2.63
2012.02.16 14:18:04.611,0.78871,0.78876,1.50,1.20
2012.02.16 14:18:06.400,0.78871,0.78877,1.50,1.50
2012.02.16 14:18:06.862,0.78872,0.78878,2.25,1.20
2012.02.16 14:18:07.426,0.78873,0.7888,4.61,1.50
2012.02.16 14:18:08.122,0.78875,0.78881,1.50,2.70
2012.02.16 14:18:08.200,0.78877,0.78881,1.50,1.20
2012.02.16 14:18:08.764,0.78877,0.78882,2.25,1.20
2012.02.16 14:18:09.501,0.78877,0.78882,2.25,1.20
2012.02.16 14:18:09.833,0.78877,0.78883,2.25,1.50
2012.02.16 14:18:09.899,0.78877,0.78882,2.25,1.20
2012.02.16 14:18:10.566,0.78877,0.78882,2.25,1.20
2012.02.16 14:18:11.131,0.78879,0.78883,1.20,1.50
2012.02.16 14:18:11.930,0.78881,0.78886,1.20,1.50
2012.02.16 14:18:12.638,0.78882,0.78889,2.63,2.70
2012.02.16 14:18:13.139,0.78885,0.78892,1.95,4.20
2012.02.16 14:18:13.687,0.78885,0.78892,1.95,3.45
2012.02.16 14:18:14.385,0.78885,0.78892,1.95,3.45
2012.02.16 14:18:16.622,0.78886,0.78892,1.01,3.45
2012.02.16 14:18:16.716,0.78891,0.78896,1.50,3.45
2012.02.16 14:18:16.939,0.78891,0.78896,1.50,1.95
2012.02.16 14:18:18.096,0.78891,0.78896,2.25,1.20
2012.02.16 14:18:18.651,0.78891,0.78896,1.50,1.20
2012.02.16 14:18:19.382,0.78891,0.78896,2.25,1.20
2012.02.16 14:18:20.090,0.78891,0.78899,3.21,1.69
2012.02.16 14:18:20.889,0.78891,0.78896,3.00,1.20
2012.02.16 14:18:21.783,0.78891,0.78899,3.00,1.50
2012.02.16 14:18:21.870,0.78892,0.78898,1.95,1.20
2012.02.16 14:18:22.364,0.78892,0.78898,1.95,1.20
2012.02.16 14:18:28.492,0.78892,0.78898,1.20,1.95
2012.02.16 14:18:31.198,0.78891,0.78898,1.50,1.95
2012.02.16 14:18:31.757,0.78891,0.78898,3.00,1.20
2012.02.16 14:18:32.680,0.78891,0.78898,2.25,1.20
2012.02.16 14:18:34.809,0.78891,0.78898,2.25,1.95
2012.02.16 14:18:36.929,0.78891,0.78897,1.50,1.20
2012.02.16 14:18:37.498,0.7889,0.78896,1.50,1.50
2012.02.16 14:18:40.558,0.7889,0.78896,2.25,1.50
2012.02.16 14:18:41.097,0.7889,0.78896,1.50,1.50
2012.02.16 14:18:42.425,0.78888,0.78894,3.45,1.50
2012.02.16 14:18:47.543,0.78889,0.78896,1.50,1.20
2012.02.16 14:18:52.658,0.78889,0.78897,2.70,3.64
2012.02.16 14:18:54.584,0.78889,0.78895,1.20,1.50
2012.02.16 14:18:55.775,0.78889,0.78897,2.70,5.14
2012.02.16 14:18:56.335,0.78889,0.78897,3.45,3.64
2012.02.16 14:18:57.296,0.78889,0.78896,1.50,2.14
2012.02.16 14:19:01.177,0.78889,0.78896,2.25,1.39
2012.02.16 14:19:01.811,0.78889,0.78896,2.25,1.20
2012.02.16 14:19:02.368,0.78889,0.78896,2.25,1.20
2012.02.16 14:19:02.916,0.78889,0.78896,3.00,1.20
2012.02.16 14:19:03.475,0.7889,0.78897,2.25,2.70
2012.02.16 14:19:04.394,0.78891,0.78897,2.25,1.20
2012.02.16 14:19:07.300,0.78892,0.78897,1.50,1.20
2012.02.16 14:19:07.891,0.78892,0.78898,2.70,1.20
2012.02.16 14:19:10.214,0.78892,0.78898,1.95,1.20
2012.02.16 14:19:11.113,0.78892,0.78898,1.95,1.20
2012.02.16 14:19:11.902,0.78892,0.78898,1.95,1.20
2012.02.16 14:19:12.421,0.78892,0.78898,1.95,1.20
2012.02.16 14:19:12.967,0.78893,0.78899,1.95,2.89
2012.02.16 14:19:13.299,0.78893,0.78899,3.45,1.39
2012.02.16 14:19:14.151,0.78893,0.78899,3.45,1.20
2012.02.16 14:19:15.998,0.78893,0.78899,3.45,1.20
2012.02.16 14:19:18.889,0.78893,0.78899,2.70,1.20
2012.02.16 14:19:21.450,0.78893,0.78899,4.20,1.20
2012.02.16 14:19:22.001,0.78893,0.78899,3.45,1.20
2012.02.16 14:19:22.540,0.78893,0.78899,3.45,1.20
2012.02.16 14:19:23.385,0.78893,0.78899,3.45,1.20
2012.02.16 14:19:35.188,0.78893,0.78897,1.50,1.20
2012.02.16 14:19:35.998,0.78892,0.78897,1.50,1.20
2012.02.16 14:19:36.535,0.78891,0.78897,1.20,3.19
2012.02.16 14:19:40.164,0.78891,0.78897,3.64,1.20
2012.02.16 14:19:40.512,0.78892,0.78899,1.95,1.50
2012.02.16 14:19:41.150,0.78894,0.789,1.50,3.45
2012.02.16 14:19:54.479,0.78894,0.78898,1.50,1.20
2012.02.16 14:20:05.546,0.78894,0.78899,1.50,1.20
2012.02.16 14:20:23.351,0.78894,0.78899,2.25,1.20
2012.02.16 14:20:23.931,0.78897,0.78903,1.20,8.37
2012.02.16 14:20:24.075,0.78898,0.78903,1.50,1.95
2012.02.16 14:20:24.507,0.78899,0.78906,2.25,1.88
2012.02.16 14:20:25.228,0.78899,0.78903,1.50,1.20
2012.02.16 14:20:27.253,0.78899,0.78906,1.50,1.95
2012.02.16 14:20:28.716,0.78898,0.78904,4.20,1.50
2012.02.16 14:20:32.872,0.78898,0.78904,3.45,1.50
2012.02.16 14:20:33.827,0.78898,0.78904,3.45,1.50
2012.02.16 14:20:34.275,0.78901,0.78906,1.20,2.25
2012.02.16 14:20:34.472,0.78901,0.78906,1.20,1.50
2012.02.16 14:20:35.203,0.78901,0.78907,1.20,1.88
2012.02.16 14:20:40.079,0.78901,0.78907,1.20,2.82
2012.02.16 14:20:40.441,0.78899,0.78904,1.95,1.50
2012.02.16 14:20:41.448,0.78897,0.78903,2.25,1.50
2012.02.16 14:20:41.675,0.78897,0.78903,2.70,3.38
2012.02.16 14:20:46.811,0.78898,0.78903,1.20,1.50
2012.02.16 14:20:55.014,0.78898,0.78903,1.20,2.63
2012.02.16 14:20:55.540,0.78894,0.78902,1.50,2.07
2012.02.16 14:20:56.050,0.78898,0.78902,1.20,1.69
2012.02.16 14:20:58.156,0.78894,0.78901,1.50,1.13
2012.02.16 14:20:58.959,0.78898,0.78902,1.20,2.44
2012.02.16 14:21:00.096,0.78895,0.78902,1.95,2.44
2012.02.16 14:21:00.750,0.78895,0.78902,1.20,1.50
2012.02.16 14:21:01.255,0.78895,0.78902,1.20,1.88
2012.02.16 14:21:02.248,0.78895,0.78902,1.20,1.50
2012.02.16 14:21:05.513,0.78895,0.78902,1.20,2.25
2012.02.16 14:21:06.301,0.78895,0.78902,1.20,2.25
2012.02.16 14:21:09.238,0.78897,0.78903,2.25,1.50
2012.02.16 14:21:10.207,0.78897,0.78903,1.50,1.50
2012.02.16 14:21:11.295,0.78898,0.78903,1.20,1.50
2012.02.16 14:21:11.905,0.78898,0.78906,4.20,3.45
2012.02.16 14:21:12.049,0.78898,0.78906,2.70,3.45
2012.02.16 14:21:15.808,0.78901,0.78906,1.50,1.20
2012.02.16 14:21:19.282,0.78901,0.78907,1.50,2.25
2012.02.16 14:21:19.825,0.78901,0.78906,1.50,2.25
2012.02.16 14:21:20.115,0.78897,0.78903,2.25,1.50
2012.02.16 14:21:20.201,0.789,0.78905,1.20,2.25
2012.02.16 14:21:22.323,0.789,0.78904,1.20,1.50
2012.02.16 14:21:22.391,0.78897,0.78904,1.95,1.50
2012.02.16 14:21:22.990,0.78897,0.78902,1.95,2.25
2012.02.16 14:21:23.954,0.78897,0.78902,1.20,1.88
2012.02.16 14:21:24.808,0.78897,0.78902,1.20,1.50
2012.02.16 14:21:25.386,0.78897,0.78903,2.70,2.63
2012.02.16 14:21:26.300,0.78898,0.78905,2.25,1.50
2012.02.16 14:21:26.732,0.78898,0.78906,2.25,2.25
2012.02.16 14:21:27.283,0.78898,0.78906,2.25,2.63
2012.02.16 14:21:27.817,0.78898,0.78906,2.25,3.00
2012.02.16 14:21:29.878,0.78898,0.78904,2.25,1.20
2012.02.16 14:21:30.401,0.78898,0.78904,2.25,1.20
2012.02.16 14:21:31.031,0.78898,0.78904,2.25,1.20
2012.02.16 14:21:31.737,0.78897,0.78903,3.45,1.50
2012.02.16 14:21:32.032,0.78899,0.78904,1.50,1.20
2012.02.16 14:21:32.565,0.78899,0.78904,2.25,1.20
2012.02.16 14:21:33.424,0.78899,0.78904,1.50,1.20
2012.02.16 14:21:36.253,0.789,0.78904,1.50,1.20
2012.02.16 14:21:36.935,0.789,0.78908,2.25,3.94
2012.02.16 14:21:37.486,0.789,0.78904,2.25,1.20
2012.02.16 14:21:40.422,0.78898,0.78904,3.45,1.20
2012.02.16 14:21:41.683,0.78899,0.78906,1.95,1.69
2012.02.16 14:21:44.144,0.78899,0.78906,1.95,1.50
2012.02.16 14:21:44.764,0.78899,0.78906,1.95,1.50
2012.02.16 14:21:45.920,0.78899,0.78905,1.20,1.88
2012.02.16 14:21:46.001,0.78899,0.78903,1.20,1.50
2012.02.16 14:21:47.682,0.78898,0.78903,1.20,1.50
2012.02.16 14:21:49.521,0.78898,0.78904,3.45,1.20
2012.02.16 14:21:54.312,0.78898,0.78903,2.25,1.20
2012.02.16 14:21:54.661,0.789,0.78907,1.50,1.69
2012.02.16 14:21:55.560,0.789,0.78907,2.70,1.69
2012.02.16 14:21:56.102,0.789,0.78908,3.45,4.58
2012.02.16 14:21:59.004,0.789,0.78907,2.70,1.32
2012.02.16 14:21:59.510,0.789,0.78907,2.70,1.32
2012.02.16 14:22:00.037,0.789,0.78906,2.70,1.13
2012.02.16 14:22:00.231,0.78898,0.78903,1.50,1.95
2012.02.16 14:22:00.917,0.78896,0.78902,2.25,1.69
2012.02.16 14:22:01.005,0.78898,0.78903,1.50,1.39
2012.02.16 14:22:02.076,0.789,0.78904,1.20,1.50
2012.02.16 14:22:02.639,0.78901,0.78906,1.50,1.58
2012.02.16 14:22:03.353,0.78901,0.78906,1.50,1.20
2012.02.16 14:22:03.889,0.78901,0.78908,1.50,2.52
2012.02.16 14:22:08.179,0.78902,0.78908,1.20,1.77
2012.02.16 14:22:16.051,0.789,0.78906,1.20,1.20
2012.02.16 14:22:18.547,0.789,0.78906,1.95,1.20
2012.02.16 14:22:19.464,0.789,0.78906,1.95,1.20
2012.02.16 14:22:19.870,0.789,0.78904,1.20,1.50
2012.02.16 14:22:20.423,0.789,0.78906,1.95,1.20
2012.02.16 14:22:23.209,0.78901,0.78907,2.70,1.39
2012.02.16 14:22:23.743,0.78901,0.78907,1.20,4.20
2012.02.16 14:22:27.435,0.78901,0.78907,1.20,4.20
2012.02.16 14:22:30.755,0.78901,0.78907,1.20,2.89
2012.02.16 14:22:31.279,0.78902,0.78907,1.20,1.69
2012.02.16 14:22:40.932,0.78899,0.78907,2.70,2.89
2012.02.16 14:22:41.471,0.78899,0.78907,2.70,3.08
2012.02.16 14:22:43.024,0.78899,0.78907,2.70,3.45
2012.02.16 14:22:44.913,0.78899,0.78907,2.70,3.83
2012.02.16 14:22:46.354,0.78899,0.78906,2.25,1.77
2012.02.16 14:22:46.909,0.78899,0.78906,1.50,1.39
2012.02.16 14:22:50.054,0.78899,0.78906,2.25,2.52
2012.02.16 14:22:50.612,0.78899,0.78906,2.25,2.52
2012.02.16 14:22:51.150,0.78899,0.78906,2.25,2.52
2012.02.16 14:22:53.371,0.78899,0.78906,2.25,1.58
2012.02.16 14:22:54.819,0.78902,0.78906,1.50,1.20
2012.02.16 14:22:56.434,0.789,0.78906,1.50,2.70
2012.02.16 14:22:59.934,0.789,0.78906,2.70,3.08
2012.02.16 14:23:00.452,0.789,0.78906,2.70,2.70
2012.02.16 14:23:27.410,0.789,0.78905,1.50,1.20
2012.02.16 14:23:29.167,0.78899,0.78904,1.20,1.50
2012.02.16 14:23:30.551,0.78899,0.78904,1.20,3.00
2012.02.16 14:23:30.768,0.78896,0.78903,2.25,6.30
2012.02.16 14:23:31.134,0.78892,0.78898,2.25,2.25
2012.02.16 14:23:31.804,0.78886,0.78891,2.25,1.20
2012.02.16 14:23:31.888,0.78884,0.78889,1.50,1.50
2012.02.16 14:23:31.966,0.78883,0.78889,1.95,1.50
2012.02.16 14:23:32.532,0.78883,0.7889,1.95,2.25
2012.02.16 14:23:32.663,0.78883,0.78889,3.45,1.50
2012.02.16 14:23:33.193,0.78883,0.78889,4.20,1.50
2012.02.16 14:23:33.819,0.78883,0.78889,4.20,1.50
2012.02.16 14:23:33.889,0.78884,0.78891,2.25,4.88
2012.02.16 14:23:34.229,0.78887,0.78893,2.25,2.82
2012.02.16 14:23:34.589,0.78888,0.78894,5.85,1.20
2012.02.16 14:23:34.662,0.78891,0.78896,1.20,3.00
2012.02.16 14:23:36.772,0.7889,0.78895,1.50,1.20
2012.02.16 14:23:36.903,0.78893,0.78898,1.50,3.75
2012.02.16 14:23:37.187,0.7889,0.78895,2.25,1.20
2012.02.16 14:23:37.607,0.78888,0.78894,3.00,1.50
2012.02.16 14:23:37.679,0.78888,0.78894,3.00,1.50
2012.02.16 14:23:39.092,0.78892,0.78896,1.20,1.50
2012.02.16 14:23:39.444,0.78888,0.78893,2.25,1.20
2012.02.16 14:23:39.519,0.78889,0.78896,1.50,3.00
2012.02.16 14:23:39.603,0.78889,0.78893,2.25,1.20
2012.02.16 14:23:40.320,0.78892,0.78897,1.50,1.13
2012.02.16 14:23:40.403,0.78887,0.78891,1.13,1.50
2012.02.16 14:23:40.545,0.78889,0.78893,4.50,1.50
2012.02.16 14:23:41.080,0.78888,0.78893,1.20,1.50
2012.02.16 14:23:41.848,0.78888,0.78894,2.70,1.95
2012.02.16 14:23:42.264,0.78891,0.78896,1.95,1.50
2012.02.16 14:23:42.574,0.78893,0.78899,1.50,4.99
2012.02.16 14:23:43.396,0.78893,0.78899,1.50,3.30
2012.02.16 14:23:43.682,0.78895,0.78899,1.50,1.20
2012.02.16 14:23:47.501,0.78895,0.789,1.50,1.20
2012.02.16 14:23:57.046,0.78893,0.78898,1.50,1.20
2012.02.16 14:23:57.406,0.7889,0.78896,1.50,1.95
2012.02.16 14:23:57.698,0.78889,0.78894,1.50,1.20
2012.02.16 14:23:58.342,0.7889,0.78896,3.75,1.50
2012.02.16 14:23:58.424,0.7889,0.78895,3.75,1.95
2012.02.16 14:23:58.500,0.78887,0.78895,2.91,3.45
2012.02.16 14:24:01.774,0.78887,0.78895,2.70,3.83
2012.02.16 14:24:02.612,0.78887,0.78895,2.70,3.83
2012.02.16 14:24:03.633,0.78889,0.78895,1.35,3.08
2012.02.16 14:24:04.451,0.7889,0.78895,1.50,1.95
2012.02.16 14:24:04.869,0.78888,0.78894,1.50,1.50
2012.02.16 14:24:06.510,0.78887,0.78892,1.20,1.50
2012.02.16 14:24:07.102,0.78886,0.7889,1.50,1.20
2012.02.16 14:24:11.659,0.78884,0.7889,1.20,1.20
2012.02.16 14:24:20.143,0.78883,0.7889,1.50,2.89
2012.02.16 14:24:20.290,0.78884,0.7889,1.20,2.14
2012.02.16 14:24:20.851,0.78884,0.7889,2.70,2.70
2012.02.16 14:24:21.415,0.78883,0.78887,1.50,1.20
2012.02.16 14:24:21.639,0.7888,0.78886,2.85,1.50
2012.02.16 14:24:21.859,0.78883,0.78887,1.50,1.20
2012.02.16 14:24:22.007,0.78884,0.7889,1.20,1.20
2012.02.16 14:24:23.181,0.78885,0.7889,1.50,1.20
2012.02.16 14:24:26.501,0.78886,0.78892,1.20,1.43
2012.02.16 14:24:27.062,0.78886,0.78892,1.20,1.05
2012.02.16 14:24:28.049,0.78886,0.78892,4.05,1.05
2012.02.16 14:24:28.126,0.7889,0.78895,1.20,3.19
2012.02.16 14:24:28.695,0.7889,0.78896,2.70,1.50
2012.02.16 14:24:29.052,0.78896,0.78901,1.50,2.70
2012.02.16 14:24:29.792,0.78898,0.78902,1.20,1.50
2012.02.16 14:24:29.929,0.78899,0.78904,1.50,1.43
2012.02.16 14:24:30.441,0.78899,0.78905,1.50,2.63
2012.02.16 14:24:32.210,0.78898,0.78904,1.20,2.63
2012.02.16 14:24:32.530,0.78898,0.78902,1.20,1.50
2012.02.16 14:24:35.499,0.78897,0.78902,1.20,1.50
2012.02.16 14:24:45.315,0.78897,0.78903,1.20,1.20
2012.02.16 14:24:46.698,0.78898,0.78904,1.20,1.88
2012.02.16 14:24:49.777,0.78898,0.78902,1.20,1.50
2012.02.16 14:24:54.576,0.78896,0.78902,1.20,1.50
2012.02.16 14:24:59.610,0.78894,0.78901,1.50,1.20
2012.02.16 14:25:01.190,0.78894,0.78901,1.50,4.05
2012.02.16 14:25:01.275,0.78892,0.78897,1.50,1.20
2012.02.16 14:25:01.813,0.78889,0.78897,1.39,2.70
2012.02.16 14:25:01.883,0.78889,0.78896,1.39,1.88
2012.02.16 14:25:02.693,0.78889,0.78896,2.14,1.50
2012.02.16 14:25:03.211,0.78889,0.78896,2.14,1.50
2012.02.16 14:25:03.762,0.78889,0.78896,2.14,1.50
2012.02.16 14:25:04.310,0.78889,0.78896,2.14,1.50
2012.02.16 14:25:04.847,0.78889,0.78896,2.14,1.50
2012.02.16 14:25:05.398,0.78889,0.78896,2.14,1.50
2012.02.16 14:25:06.138,0.78889,0.78896,2.14,1.50
2012.02.16 14:25:11.284,0.78891,0.78898,4.39,1.50
2012.02.16 14:25:11.895,0.78892,0.78898,1.69,1.50
2012.02.16 14:25:12.947,0.78895,0.78901,1.20,3.45
2012.02.16 14:25:14.442,0.78895,0.78901,1.20,2.70
2012.02.16 14:25:15.088,0.78895,0.78901,1.95,1.20
2012.02.16 14:25:15.633,0.78897,0.78901,1.50,1.20
2012.02.16 14:25:15.822,0.78899,0.78903,1.20,1.80
2012.02.16 14:25:15.964,0.789,0.78906,2.25,1.50
2012.02.16 14:25:16.479,0.789,0.78906,1.50,1.50
2012.02.16 14:25:18.016,0.789,0.78906,2.25,1.50
2012.02.16 14:25:18.220,0.789,0.78906,2.25,1.50
2012.02.16 14:25:19.201,0.789,0.78906,2.25,1.50
2012.02.16 14:25:20.136,0.789,0.78906,2.25,3.00
2012.02.16 14:25:20.351,0.78899,0.78906,1.20,2.44
2012.02.16 14:25:20.892,0.78899,0.78905,1.20,1.20
2012.02.16 14:25:25.928,0.78899,0.78906,1.58,1.50
2012.02.16 14:25:41.868,0.789,0.78907,1.50,1.20
2012.02.16 14:25:43.582,0.789,0.78906,1.50,1.20
2012.02.16 14:25:45.449,0.78898,0.78906,3.64,2.70
2012.02.16 14:25:46.757,0.78898,0.78906,4.20,2.70
2012.02.16 14:25:50.052,0.78898,0.78906,2.89,2.70
2012.02.16 14:25:50.931,0.789,0.78906,1.50,1.20
2012.02.16 14:25:52.881,0.78902,0.78906,1.50,1.20
2012.02.16 14:25:55.413,0.78902,0.7891,1.69,2.55
2012.02.16 14:25:55.932,0.78905,0.7891,1.50,1.50
2012.02.16 14:25:56.006,0.78905,0.7891,1.50,1.20
2012.02.16 14:25:56.298,0.78908,0.78914,2.70,2.70
2012.02.16 14:25:57.826,0.7891,0.78914,1.50,1.20
2012.02.16 14:25:57.976,0.78911,0.78918,1.20,1.50
2012.02.16 14:25:58.067,0.78913,0.78919,1.50,3.45
2012.02.16 14:25:58.949,0.78914,0.78919,1.50,1.20
2012.02.16 14:26:00.802,0.78913,0.78919,1.50,2.70
2012.02.16 14:26:12.032,0.78913,0.78918,1.20,1.88
2012.02.16 14:26:13.331,0.7891,0.78918,2.25,1.80
2012.02.16 14:26:13.568,0.78913,0.78919,1.20,1.50
2012.02.16 14:26:16.110,0.78913,0.7892,1.20,2.63
2012.02.16 14:26:16.660,0.78913,0.78919,1.95,1.20
2012.02.16 14:26:20.950,0.78913,0.78919,1.95,1.20
2012.02.16 14:26:21.818,0.78913,0.78919,1.20,1.20
2012.02.16 14:26:23.209,0.78913,0.7892,1.20,1.50
2012.02.16 14:26:28.279,0.78912,0.7892,2.70,3.45
2012.02.16 14:26:28.621,0.78912,0.7892,2.70,5.93
2012.02.16 14:26:29.288,0.78912,0.78918,2.70,1.88
2012.02.16 14:26:29.647,0.7891,0.78917,1.50,1.50
2012.02.16 14:26:30.205,0.78912,0.78917,1.20,1.13
2012.02.16 14:26:31.125,0.78912,0.78918,1.20,3.38
2012.02.16 14:26:31.654,0.78912,0.78918,1.20,3.00
2012.02.16 14:26:33.811,0.78911,0.78918,1.20,2.25
2012.02.16 14:26:34.564,0.78912,0.78919,1.50,1.95
2012.02.16 14:26:35.084,0.78912,0.78919,1.50,1.20
2012.02.16 14:26:35.470,0.78911,0.78918,1.20,2.63
2012.02.16 14:26:37.473,0.78911,0.78916,1.20,1.88
2012.02.16 14:26:37.800,0.78908,0.78915,2.25,1.62
2012.02.16 14:26:37.944,0.78908,0.78913,2.25,1.20
2012.02.16 14:26:40.235,0.78907,0.78913,1.20,2.63
2012.02.16 14:26:41.462,0.78909,0.78913,1.50,1.20
2012.02.16 14:26:42.920,0.78907,0.78913,4.20,1.20
2012.02.16 14:26:42.993,0.78907,0.78915,4.20,3.45
2012.02.16 14:26:43.526,0.7891,0.78915,1.50,1.20
2012.02.16 14:26:49.245,0.7891,0.78916,2.70,3.08
2012.02.16 14:26:49.750,0.7891,0.78915,1.20,2.21
2012.02.16 14:26:50.410,0.78908,0.78915,1.50,1.38
2012.02.16 14:26:50.488,0.7891,0.78916,2.70,3.45
2012.02.16 14:26:58.731,0.7891,0.78916,1.50,4.20
2012.02.16 14:26:59.325,0.7891,0.78916,1.50,3.45
2012.02.16 14:27:00.491,0.7891,0.78915,1.50,1.20
2012.02.16 14:27:01.684,0.78907,0.78915,2.70,2.70
2012.02.16 14:27:18.446,0.78908,0.78915,1.20,2.70
2012.02.16 14:27:18.990,0.78907,0.78915,2.25,1.50
2012.02.16 14:27:27.401,0.78907,0.78915,2.25,1.50
2012.02.16 14:27:30.658,0.78909,0.78916,1.50,1.95
2012.02.16 14:27:31.211,0.78908,0.78915,1.20,1.50
2012.02.16 14:27:33.493,0.78909,0.78916,1.50,1.20
2012.02.16 14:27:36.862,0.78908,0.78915,1.20,1.50
2012.02.16 14:27:43.521,0.78907,0.78915,2.25,1.50
2012.02.16 14:28:18.631,0.78908,0.78915,1.20,1.69
2012.02.16 14:28:22.569,0.78908,0.78915,1.20,2.93
2012.02.16 14:28:24.200,0.78907,0.78914,1.50,1.13
2012.02.16 14:28:27.965,0.78907,0.78915,1.50,2.55
2012.02.16 14:28:31.347,0.78908,0.78915,1.20,2.25
2012.02.16 14:28:36.817,0.78908,0.78914,1.20,1.20
2012.02.16 14:28:37.330,0.78908,0.78913,1.20,1.50
2012.02.16 14:28:43.738,0.78906,0.78913,1.20,1.50
2012.02.16 14:28:45.423,0.78908,0.78914,1.50,2.70
2012.02.16 14:28:46.742,0.78906,0.78912,2.70,1.50
2012.02.16 14:28:48.801,0.78908,0.78912,1.20,1.50
2012.02.16 14:29:02.016,0.78908,0.78916,2.70,1.50
2012.02.16 14:29:02.094,0.78911,0.78917,2.25,2.63
2012.02.16 14:29:03.451,0.78911,0.78918,3.39,1.20
2012.02.16 14:29:04.141,0.78911,0.78917,2.44,1.50
2012.02.16 14:29:04.929,0.78911,0.78917,2.25,1.50
2012.02.16 14:29:05.448,0.78911,0.78917,2.25,1.50
2012.02.16 14:29:05.658,0.78908,0.78914,6.88,1.20
2012.02.16 14:29:06.189,0.78907,0.78913,3.45,2.70
2012.02.16 14:29:08.202,0.78908,0.78916,1.50,1.50
2012.02.16 14:29:08.553,0.78908,0.78913,2.25,1.20
2012.02.16 14:29:08.990,0.78908,0.78916,3.19,1.50
2012.02.16 14:29:09.802,0.78911,0.78917,1.50,2.25
2012.02.16 14:29:10.541,0.78911,0.78917,2.63,1.50
2012.02.16 14:29:11.110,0.78913,0.78918,1.50,1.20
2012.02.16 14:29:11.642,0.78913,0.78918,2.44,1.20
2012.02.16 14:29:17.519,0.78914,0.78921,2.25,1.20
2012.02.16 14:29:18.181,0.78914,0.78921,1.69,1.20
2012.02.16 14:29:20.226,0.78913,0.78919,5.70,1.50
2012.02.16 14:29:22.221,0.78913,0.78919,2.89,1.50
2012.02.16 14:29:23.192,0.78916,0.78922,3.68,2.33
2012.02.16 14:29:23.281,0.78919,0.78925,1.50,1.50
2012.02.16 14:29:23.819,0.78919,0.78925,1.69,1.50
2012.02.16 14:29:28.578,0.78919,0.78925,1.69,1.50
2012.02.16 14:29:42.421,0.78919,0.78925,1.88,1.50
2012.02.16 14:29:48.114,0.78919,0.78925,1.50,2.63
2012.02.16 14:29:48.673,0.78919,0.78925,1.50,3.00
2012.02.16 14:29:51.755,0.78919,0.78925,6.81,2.25
2012.02.16 14:29:51.970,0.78921,0.78926,1.50,1.20
2012.02.16 14:29:52.322,0.78922,0.78929,2.46,1.20
2012.02.16 14:29:52.889,0.78923,0.78929,2.25,2.70
2012.02.16 14:29:55.039,0.78923,0.78929,2.25,2.70
2012.02.16 14:29:55.597,0.78923,0.78932,3.21,3.00
2012.02.16 14:29:55.813,0.78924,0.78929,1.50,2.70
2012.02.16 14:29:56.353,0.78923,0.78929,2.25,2.70
2012.02.16 14:29:56.848,0.78926,0.78931,1.20,2.25
2012.02.16 14:29:59.521,0.78923,0.78928,1.50,1.20
2012.02.16 14:30:00.083,0.78922,0.78928,1.20,3.45
2012.02.16 14:30:00.774,0.78922,0.78928,1.20,3.45
2012.02.16 14:30:04.547,0.78927,0.78931,1.20,2.25
2012.02.16 14:30:04.908,0.78927,0.78931,1.16,2.25
2012.02.16 14:30:05.522,0.78927,0.78932,2.66,1.50
2012.02.16 14:30:05.886,0.78926,0.78932,1.88,1.50
2012.02.16 14:30:06.039,0.78929,0.78934,1.35,1.50
2012.02.16 14:30:06.398,0.78931,0.78936,1.50,1.20
2012.02.16 14:30:07.113,0.7893,0.78936,1.20,2.70
2012.02.16 14:30:07.672,0.7893,0.78936,1.95,2.70
2012.02.16 14:30:07.941,0.7893,0.78938,1.95,1.50
2012.02.16 14:30:08.009,0.7893,0.78936,1.95,2.70
2012.02.16 14:30:09.189,0.7893,0.78936,1.95,2.70
2012.02.16 14:30:09.336,0.7893,0.78936,1.95,2.70
2012.02.16 14:30:10.838,0.7893,0.78936,1.95,2.70
2012.02.16 14:30:11.338,0.7893,0.78936,2.70,1.50
2012.02.16 14:30:11.885,0.7893,0.78936,1.95,1.50
2012.02.16 14:30:14.010,0.7893,0.78936,1.95,1.50
2012.02.16 14:30:15.159,0.7893,0.78936,1.95,1.50
2012.02.16 14:30:16.085,0.7893,0.78936,1.95,1.50
2012.02.16 14:30:18.740,0.78931,0.78937,1.50,1.50
2012.02.16 14:30:22.226,0.78931,0.78937,1.50,3.00
2012.02.16 14:30:22.741,0.78931,0.78937,1.50,1.50
2012.02.16 14:30:26.263,0.78932,0.78937,1.20,1.50
2012.02.16 14:30:32.823,0.78932,0.78936,1.20,1.50
2012.02.16 14:30:34.251,0.78928,0.78934,1.73,1.50
2012.02.16 14:30:38.342,0.78929,0.78934,1.20,1.50
2012.02.16 14:30:38.557,0.78927,0.78932,4.71,1.50
2012.02.16 14:30:38.919,0.78926,0.78932,2.14,4.95
2012.02.16 14:30:39.003,0.78926,0.78932,1.95,5.14
2012.02.16 14:30:39.649,0.78919,0.78926,3.83,1.50
2012.02.16 14:30:39.933,0.78919,0.78926,3.83,1.50
2012.02.16 14:30:40.143,0.78919,0.78925,1.58,1.50
2012.02.16 14:30:40.691,0.78919,0.78926,1.58,1.50
2012.02.16 14:30:41.345,0.7892,0.78926,1.50,1.50
2012.02.16 14:30:44.572,0.7892,0.78925,1.50,1.13
2012.02.16 14:30:46.114,0.7892,0.78926,1.50,1.88
2012.02.16 14:30:46.839,0.7892,0.78926,1.50,1.88
2012.02.16 14:30:47.357,0.7892,0.78926,1.50,1.88
2012.02.16 14:30:48.571,0.7892,0.78926,1.50,1.88
2012.02.16 14:30:49.079,0.7892,0.78926,1.50,1.50
2012.02.16 14:30:50.516,0.78921,0.78926,1.20,1.50
2012.02.16 14:30:54.460,0.78921,0.78928,3.45,1.50
2012.02.16 14:30:55.368,0.78923,0.78929,1.20,2.25
2012.02.16 14:30:56.009,0.78924,0.7893,1.50,1.50
2012.02.16 14:30:59.523,0.78923,0.78928,1.20,2.25
2012.02.16 14:30:59.596,0.78923,0.78931,2.70,4.95
2012.02.16 14:30:59.674,0.78923,0.78928,1.20,1.50
2012.02.16 14:31:02.484,0.78924,0.7893,1.50,2.25
2012.02.16 14:31:04.866,0.78923,0.78928,1.20,1.50
2012.02.16 14:31:06.484,0.78923,0.78931,3.45,4.39
2012.02.16 14:31:07.037,0.78923,0.78931,3.45,3.45
2012.02.16 14:31:09.103,0.78924,0.78931,4.50,2.70
2012.02.16 14:31:10.004,0.78925,0.78932,2.46,1.50
2012.02.16 14:31:10.082,0.78926,0.78932,1.95,4.20
2012.02.16 14:31:10.632,0.78926,0.78932,1.95,4.20
2012.02.16 14:31:11.270,0.78926,0.78932,1.20,3.45
2012.02.16 14:31:11.464,0.78923,0.78929,1.50,2.25
2012.02.16 14:31:12.005,0.78923,0.78929,1.50,1.50
2012.02.16 14:31:12.560,0.78926,0.78931,1.20,3.00
2012.02.16 14:31:13.131,0.78926,0.78931,1.20,2.25
2012.02.16 14:31:14.084,0.78926,0.78931,1.20,2.25
2012.02.16 14:31:15.027,0.78925,0.78931,1.50,3.45
2012.02.16 14:31:15.896,0.78925,0.78931,1.50,3.45
2012.02.16 14:31:16.751,0.78925,0.78931,1.50,3.45
2012.02.16 14:31:17.202,0.78925,0.78931,1.50,3.45
2012.02.16 14:31:18.224,0.78925,0.78931,1.50,3.45
2012.02.16 14:31:18.833,0.78925,0.78931,1.50,3.45
2012.02.16 14:31:18.905,0.78925,0.78931,1.50,3.45
2012.02.16 14:31:19.488,0.78925,0.78931,1.50,3.45
2012.02.16 14:31:19.660,0.78925,0.78931,1.50,3.45
2012.02.16 14:31:19.742,0.78923,0.7893,1.20,2.25
2012.02.16 14:31:20.175,0.7892,0.78928,2.70,2.70
2012.02.16 14:31:21.597,0.7892,0.78928,3.45,4.20
2012.02.16 14:31:22.096,0.7892,0.78928,2.70,4.20
2012.02.16 14:31:22.653,0.7892,0.78928,3.45,4.20
2012.02.16 14:31:23.189,0.7892,0.78928,4.20,3.45
2012.02.16 14:31:24.100,0.7892,0.78928,4.20,2.70
2012.02.16 14:31:24.600,0.7892,0.78928,4.20,4.20
2012.02.16 14:31:25.109,0.7892,0.78928,4.20,4.20
2012.02.16 14:31:25.934,0.78921,0.78928,1.20,3.00
2012.02.16 14:31:26.497,0.78922,0.78929,1.50,2.70
2012.02.16 14:31:27.297,0.78922,0.78929,2.25,1.95
2012.02.16 14:31:27.830,0.78921,0.78928,1.95,2.25
2012.02.16 14:31:28.804,0.78921,0.78926,2.70,1.50
2012.02.16 14:31:29.025,0.78921,0.78926,1.95,1.50
2012.02.16 14:31:29.321,0.78918,0.78923,1.50,2.70
2012.02.16 14:31:30.389,0.78917,0.78923,1.50,2.70
2012.02.16 14:31:33.084,0.78918,0.78923,1.20,1.50
2012.02.16 14:31:33.739,0.78919,0.78925,1.50,1.50
2012.02.16 14:31:37.692,0.78921,0.78926,1.50,1.20
2012.02.16 14:31:38.105,0.78919,0.78925,3.00,1.50
2012.02.16 14:31:38.929,0.78919,0.78925,1.50,2.63
2012.02.16 14:31:39.547,0.78914,0.78918,3.00,1.20
2012.02.16 14:31:39.619,0.78915,0.78922,1.20,3.57
2012.02.16 14:31:40.163,0.78915,0.78922,1.20,1.50
2012.02.16 14:31:43.525,0.78913,0.78919,2.25,2.70
2012.02.16 14:31:43.882,0.78911,0.78918,1.95,3.00
2012.02.16 14:31:44.246,0.78911,0.78915,1.20,1.50
2012.02.16 14:31:47.241,0.78912,0.78917,1.20,2.25
2012.02.16 14:31:50.121,0.7891,0.78915,1.20,1.50
2012.02.16 14:31:57.053,0.78904,0.78908,3.75,1.50
2012.02.16 14:31:57.361,0.78903,0.78908,1.95,2.25
2012.02.16 14:31:57.648,0.789,0.78906,2.25,1.20
2012.02.16 14:31:58.444,0.78898,0.78906,4.20,2.70
2012.02.16 14:31:59.917,0.78899,0.78906,1.20,4.95
2012.02.16 14:32:00.000,0.78897,0.78904,1.95,2.25
2012.02.16 14:32:04.314,0.78896,0.78903,2.44,1.20
2012.02.16 14:32:05.082,0.78896,0.78903,1.50,1.20
2012.02.16 14:32:05.409,0.78899,0.78903,1.50,1.20
2012.02.16 14:32:09.655,0.78897,0.78902,2.25,1.20
2012.02.16 14:32:09.813,0.78895,0.78902,1.50,2.70
2012.02.16 14:32:09.888,0.78897,0.78902,1.50,1.20
2012.02.16 14:32:10.394,0.78899,0.78904,1.50,1.69
2012.02.16 14:32:13.322,0.78899,0.78905,3.00,1.50
2012.02.16 14:32:13.639,0.78901,0.78907,1.50,3.45
2012.02.16 14:32:14.150,0.78901,0.78907,1.50,3.45
2012.02.16 14:32:14.366,0.78901,0.78907,1.50,4.20
2012.02.16 14:32:15.779,0.78898,0.78906,1.50,1.50
2012.02.16 14:32:18.302,0.78898,0.78906,1.50,2.25
2012.02.16 14:32:18.583,0.78898,0.78902,1.50,1.20
2012.02.16 14:32:19.140,0.78897,0.78902,1.50,1.95
2012.02.16 14:32:19.744,0.78898,0.78905,2.91,2.10
2012.02.16 14:32:19.840,0.78901,0.78907,3.75,1.50
2012.02.16 14:32:20.383,0.78901,0.78907,1.50,2.25
2012.02.16 14:32:20.859,0.78899,0.78904,1.50,1.20
2012.02.16 14:32:21.742,0.78899,0.78904,1.50,1.20
2012.02.16 14:32:28.736,0.78896,0.78902,2.25,1.20
2012.02.16 14:32:29.755,0.78894,0.78902,6.83,2.70
2012.02.16 14:32:29.884,0.78894,0.78902,2.70,4.20
2012.02.16 14:32:30.698,0.78896,0.78902,1.50,2.33
2012.02.16 14:32:30.844,0.78894,0.78902,2.70,5.33
2012.02.16 14:32:31.201,0.78894,0.78902,3.84,2.70
2012.02.16 14:32:31.559,0.78899,0.78905,1.50,1.88
2012.02.16 14:32:33.704,0.78896,0.789,1.50,1.20
2012.02.16 14:32:38.743,0.78899,0.78904,1.50,1.20
2012.02.16 14:32:43.550,0.78899,0.78904,1.50,1.95
2012.02.16 14:32:43.631,0.78896,0.78904,2.33,7.58
2012.02.16 14:32:43.779,0.78896,0.78902,3.83,2.25
2012.02.16 14:32:44.771,0.78896,0.78901,1.88,1.20
2012.02.16 14:32:45.624,0.78897,0.78901,1.50,1.20
2012.02.16 14:32:49.074,0.78896,0.789,1.50,1.20
2012.02.16 14:32:49.597,0.78895,0.789,1.50,1.20
2012.02.16 14:32:52.761,0.78899,0.78903,1.20,1.50
2012.02.16 14:32:53.245,0.78899,0.78905,2.70,1.20
2012.02.16 14:32:53.760,0.78899,0.78906,1.50,1.39
2012.02.16 14:32:55.233,0.78899,0.78906,1.50,3.45
2012.02.16 14:32:55.577,0.78895,0.78903,2.25,6.30
2012.02.16 14:32:55.654,0.78895,0.78902,1.50,1.13
2012.02.16 14:32:56.829,0.78895,0.78902,1.50,1.50
2012.02.16 14:32:57.322,0.78895,0.78903,1.50,3.45
2012.02.16 14:32:57.876,0.78895,0.78903,1.50,4.95
2012.02.16 14:32:58.413,0.78896,0.78902,1.50,2.25
2012.02.16 14:32:58.974,0.78893,0.78901,4.95,2.25
2012.02.16 14:32:59.043,0.78896,0.78902,1.50,2.10
2012.02.16 14:32:59.118,0.78893,0.78901,4.95,1.50
2012.02.16 14:32:59.394,0.78895,0.78903,1.50,4.20
2012.02.16 14:32:59.536,0.78895,0.78903,1.50,4.58
2012.02.16 14:32:59.883,0.78898,0.78903,1.50,2.70
2012.02.16 14:33:00.407,0.78897,0.78904,1.50,7.20
2012.02.16 14:33:00.834,0.78899,0.78904,1.50,1.58
2012.02.16 14:33:01.053,0.78896,0.78903,3.00,1.50
2012.02.16 14:33:02.067,0.78896,0.78904,1.69,3.45
2012.02.16 14:33:02.420,0.78899,0.78904,1.50,2.70
2012.02.16 14:33:02.498,0.78896,0.78904,3.19,4.20
2012.02.16 14:33:03.024,0.78898,0.78904,1.50,1.20
2012.02.16 14:33:03.784,0.78898,0.78904,1.50,2.14
2012.02.16 14:33:03.868,0.78896,0.78904,1.50,4.20
2012.02.16 14:33:05.142,0.78896,0.78904,1.50,3.45
2012.02.16 14:33:06.284,0.78896,0.78903,1.50,1.20
2012.02.16 14:33:06.546,0.78898,0.78903,1.50,1.20
2012.02.16 14:33:07.172,0.78897,0.78903,1.50,2.70
2012.02.16 14:33:07.512,0.78899,0.78903,1.50,1.20
2012.02.16 14:33:09.815,0.78895,0.78903,1.88,3.08
2012.02.16 14:33:10.498,0.78897,0.78903,3.00,1.20
2012.02.16 14:33:10.782,0.78898,0.78905,3.75,1.20
2012.02.16 14:33:15.733,0.78898,0.78905,2.25,1.20
2012.02.16 14:33:16.488,0.78898,0.78905,1.50,1.20
2012.02.16 14:33:28.265,0.78899,0.78905,1.50,1.20
2012.02.16 14:33:28.489,0.78901,0.78905,1.50,1.20
2012.02.16 14:33:29.154,0.78901,0.78907,1.50,1.50
2012.02.16 14:33:31.195,0.78898,0.78906,4.39,1.50
2012.02.16 14:33:33.410,0.78898,0.78906,2.70,1.50
2012.02.16 14:33:35.539,0.78896,0.789,2.83,1.20
2012.02.16 14:33:35.833,0.78896,0.789,1.50,1.58
2012.02.16 14:33:36.062,0.78891,0.789,2.25,2.33
2012.02.16 14:33:36.185,0.78891,0.78896,1.50,1.20
2012.02.16 14:33:36.971,0.78889,0.78895,2.44,1.50
2012.02.16 14:33:37.483,0.78891,0.78896,1.50,1.20
2012.02.16 14:33:38.152,0.78889,0.78895,1.50,1.50
2012.02.16 14:33:41.243,0.7889,0.78896,3.00,1.20
2012.02.16 14:33:41.383,0.7889,0.78898,3.96,1.50
2012.02.16 14:33:41.801,0.7889,0.78898,5.70,1.50
2012.02.16 14:33:42.339,0.78893,0.78899,2.25,1.50
2012.02.16 14:33:43.477,0.78893,0.78899,2.25,1.50
2012.02.16 14:33:44.037,0.78893,0.78899,2.70,1.50
2012.02.16 14:33:45.755,0.78893,0.78898,1.20,1.50
2012.02.16 14:33:46.246,0.78893,0.78898,1.20,1.88
2012.02.16 14:33:46.744,0.7889,0.78896,1.50,1.20
2012.02.16 14:33:47.368,0.78888,0.78896,2.70,3.45
2012.02.16 14:33:50.509,0.78889,0.78896,3.04,2.70
2012.02.16 14:33:51.086,0.78889,0.78896,3.79,2.70
2012.02.16 14:33:51.953,0.78891,0.78897,2.25,2.70
2012.02.16 14:33:56.732,0.78889,0.78895,2.70,1.50
2012.02.16 14:33:58.840,0.7889,0.78895,1.50,1.20
2012.02.16 14:34:00.282,0.78889,0.78895,2.70,2.70
2012.02.16 14:34:02.822,0.78889,0.78893,1.50,1.20
2012.02.16 14:34:03.878,0.78887,0.78892,1.50,1.50
2012.02.16 14:34:03.952,0.78885,0.78891,4.20,2.25
2012.02.16 14:34:04.769,0.78886,0.78892,1.50,1.50
2012.02.16 14:34:05.264,0.78885,0.78891,2.89,1.50
2012.02.16 14:34:05.614,0.78887,0.78893,1.50,3.45
2012.02.16 14:34:06.301,0.78885,0.78892,1.20,1.88
2012.02.16 14:34:06.586,0.78887,0.78893,1.50,3.08
2012.02.16 14:34:06.870,0.78885,0.78891,2.70,1.50
2012.02.16 14:34:07.414,0.78886,0.7889,1.50,1.95
2012.02.16 14:34:08.054,0.78886,0.78891,1.50,1.20
2012.02.16 14:34:08.154,0.78889,0.78894,1.50,1.13
2012.02.16 14:34:08.893,0.78886,0.78891,1.50,1.20
2012.02.16 14:34:11.902,0.78885,0.78891,1.20,1.20
2012.02.16 14:34:12.461,0.78884,0.78889,1.50,1.20
2012.02.16 14:34:13.233,0.78883,0.78889,2.70,2.70
2012.02.16 14:34:13.582,0.78885,0.78889,1.50,1.20
2012.02.16 14:34:15.433,0.78883,0.78889,1.20,1.20
2012.02.16 14:34:16.332,0.78885,0.78889,1.50,1.20
2012.02.16 14:34:16.877,0.78884,0.78889,1.50,1.20
2012.02.16 14:34:19.982,0.78884,0.78891,2.25,1.20
2012.02.16 14:34:20.683,0.78884,0.78891,2.25,1.20
2012.02.16 14:34:21.209,0.78884,0.78891,1.50,1.20
2012.02.16 14:34:21.881,0.78884,0.78891,2.25,1.20
2012.02.16 14:34:22.809,0.78884,0.78891,1.50,1.20
2012.02.16 14:34:33.124,0.78886,0.78892,1.20,2.70
2012.02.16 14:34:34.015,0.78886,0.78892,1.20,3.45
2012.02.16 14:34:34.551,0.78886,0.78892,1.20,2.70
2012.02.16 14:34:36.329,0.78884,0.78889,1.50,1.20
2012.02.16 14:34:37.022,0.78882,0.78889,3.00,1.20
2012.02.16 14:34:37.562,0.78884,0.78889,1.50,1.20
2012.02.16 14:34:39.223,0.78884,0.78891,1.50,1.20
2012.02.16 14:34:42.976,0.78884,0.78891,1.50,4.20
2012.02.16 14:34:43.480,0.78883,0.7889,1.20,2.25
2012.02.16 14:34:44.350,0.78883,0.78889,1.20,1.20
2012.02.16 14:34:49.789,0.78882,0.78887,1.50,1.20
2012.02.16 14:34:54.381,0.78882,0.78889,1.50,1.20
2012.02.16 14:34:59.165,0.78884,0.78889,1.50,1.20
2012.02.16 14:34:59.541,0.78882,0.78889,2.25,2.70
2012.02.16 14:34:59.758,0.7888,0.78886,2.70,2.70
2012.02.16 14:35:00.668,0.7888,0.78886,2.70,3.45
2012.02.16 14:35:01.374,0.7888,0.78886,2.70,3.45
2012.02.16 14:35:01.801,0.7888,0.78884,1.20,1.50
2012.02.16 14:35:02.415,0.7888,0.78886,2.70,3.45
2012.02.16 14:35:02.623,0.7888,0.78886,2.70,3.45
2012.02.16 14:35:02.966,0.78878,0.78883,1.50,2.70
2012.02.16 14:35:03.113,0.78875,0.78882,2.70,1.50
2012.02.16 14:35:03.328,0.78873,0.78878,5.25,1.20
2012.02.16 14:35:03.479,0.78872,0.78878,3.08,3.45
2012.02.16 14:35:04.287,0.78872,0.78878,3.08,4.20
2012.02.16 14:35:04.842,0.78872,0.78878,2.70,3.45
2012.02.16 14:35:06.043,0.78874,0.78878,1.50,1.20
2012.02.16 14:35:08.320,0.78874,0.7888,2.70,3.00
2012.02.16 14:35:12.545,0.78876,0.78882,1.50,3.45
2012.02.16 14:35:15.666,0.78877,0.78884,1.50,1.95
2012.02.16 14:35:15.889,0.78877,0.78884,1.50,1.39
2012.02.16 14:35:16.424,0.78878,0.78884,1.50,2.89
2012.02.16 14:35:17.242,0.78876,0.78883,1.95,1.50
2012.02.16 14:35:17.804,0.78876,0.78883,2.70,1.50
2012.02.16 14:35:18.690,0.78877,0.78884,2.25,1.20
2012.02.16 14:35:19.227,0.78881,0.78887,2.44,1.95
2012.02.16 14:35:19.586,0.78884,0.78889,1.50,1.95
2012.02.16 14:35:19.805,0.78884,0.7889,2.70,2.70
2012.02.16 14:35:20.567,0.78886,0.7889,1.50,1.20
2012.02.16 14:35:24.153,0.78887,0.78893,1.50,1.50
2012.02.16 14:35:24.234,0.78888,0.78893,1.20,1.50
2012.02.16 14:35:24.790,0.78889,0.78894,1.50,1.20
2012.02.16 14:35:25.403,0.78892,0.78898,1.50,3.00
2012.02.16 14:35:29.714,0.78889,0.78894,1.88,1.20
2012.02.16 14:35:29.925,0.78891,0.78897,1.20,2.70
2012.02.16 14:35:31.856,0.78891,0.78897,1.20,3.45
2012.02.16 14:35:33.030,0.78891,0.78897,1.20,3.45
2012.02.16 14:35:33.239,0.78891,0.78897,1.20,4.20
2012.02.16 14:35:34.541,0.78891,0.78897,1.20,3.45
2012.02.16 14:35:35.090,0.78891,0.78897,1.20,3.45
2012.02.16 14:35:36.092,0.7889,0.78896,1.20,1.20
2012.02.16 14:35:53.220,0.7889,0.78896,1.95,1.20
2012.02.16 14:35:53.901,0.7889,0.78896,1.20,1.20
2012.02.16 14:35:54.435,0.7889,0.78896,1.95,1.20
2012.02.16 14:35:55.263,0.7889,0.78896,2.70,1.20
2012.02.16 14:35:55.858,0.78898,0.78902,1.20,1.50
2012.02.16 14:35:55.960,0.78899,0.78904,1.50,1.95
2012.02.16 14:35:56.378,0.78897,0.78903,3.75,4.50
2012.02.16 14:35:56.734,0.78895,0.78901,1.95,1.58
2012.02.16 14:35:57.812,0.78898,0.78902,1.20,2.25
2012.02.16 14:35:58.168,0.78899,0.78905,1.50,3.75
2012.02.16 14:35:59.060,0.78898,0.78904,1.20,2.25
2012.02.16 14:36:00.451,0.78898,0.78904,1.20,3.75
2012.02.16 14:36:00.532,0.78895,0.78901,2.70,2.70
2012.02.16 14:36:02.953,0.78895,0.78901,2.70,3.45
2012.02.16 14:36:03.978,0.78895,0.78899,1.50,1.20
2012.02.16 14:36:04.196,0.78891,0.78898,1.20,3.00
2012.02.16 14:36:04.945,0.78891,0.78898,1.20,1.50
2012.02.16 14:36:05.485,0.78891,0.78898,1.20,2.25
2012.02.16 14:36:06.200,0.78891,0.78898,1.20,2.25
2012.02.16 14:36:06.757,0.78891,0.78898,1.20,2.25
2012.02.16 14:36:07.311,0.78892,0.78899,1.50,2.89
2012.02.16 14:36:08.090,0.78892,0.78899,1.50,1.39
2012.02.16 14:36:08.323,0.78894,0.78899,1.50,1.20
2012.02.16 14:36:08.605,0.78896,0.78902,1.20,4.58
2012.02.16 14:36:09.159,0.78897,0.78902,1.50,2.33
2012.02.16 14:36:09.955,0.78896,0.78902,1.20,3.83
2012.02.16 14:36:10.565,0.78896,0.78902,1.20,4.58
2012.02.16 14:36:12.805,0.78896,0.78902,1.20,4.39
2012.02.16 14:36:12.967,0.78892,0.78898,3.45,1.95
2012.02.16 14:36:13.649,0.78892,0.78898,3.45,1.20
2012.02.16 14:36:17.990,0.78892,0.789,3.45,3.45
2012.02.16 14:36:18.217,0.78895,0.789,1.50,1.20
2012.02.16 14:36:33.407,0.78893,0.78899,1.50,1.50
2012.02.16 14:36:35.387,0.78895,0.789,1.50,2.89
2012.02.16 14:36:35.533,0.78892,0.789,2.70,5.14
2012.02.16 14:36:35.733,0.7889,0.78895,2.10,1.20
2012.02.16 14:36:36.237,0.78891,0.78895,1.50,1.95
2012.02.16 14:36:43.072,0.78891,0.78897,1.50,2.44
2012.02.16 14:36:48.316,0.78891,0.78897,1.50,3.38
2012.02.16 14:36:48.976,0.78891,0.78897,1.50,2.63
2012.02.16 14:36:49.636,0.78891,0.78895,1.50,1.20
2012.02.16 14:36:56.690,0.78891,0.78896,1.50,1.50
2012.02.16 14:37:01.071,0.78891,0.78896,1.50,1.50
2012.02.16 14:37:01.601,0.78891,0.78896,1.50,1.50
2012.02.16 14:37:06.342,0.78891,0.78897,1.50,3.64
2012.02.16 14:37:07.501,0.78891,0.78896,1.50,1.20
2012.02.16 14:37:19.072,0.78891,0.78897,3.45,2.70
2012.02.16 14:37:19.455,0.78893,0.78897,1.50,1.20
2012.02.16 14:37:20.612,0.78893,0.78897,1.50,1.95
2012.02.16 14:37:21.113,0.78891,0.78896,2.70,1.50
2012.02.16 14:37:21.641,0.78891,0.78896,1.95,1.50
2012.02.16 14:37:25.077,0.7889,0.78896,1.50,1.69
2012.02.16 14:37:26.044,0.78892,0.78897,1.50,1.95
2012.02.16 14:37:27.255,0.78889,0.78897,3.45,3.45
2012.02.16 14:37:30.414,0.78889,0.78897,2.70,4.20
2012.02.16 14:37:30.953,0.78889,0.78897,2.70,4.20
2012.02.16 14:37:31.426,0.78889,0.78896,2.70,1.69
2012.02.16 14:37:32.080,0.78889,0.78896,2.70,1.69
2012.02.16 14:37:32.837,0.78889,0.78896,2.70,1.69
2012.02.16 14:37:34.003,0.78889,0.78897,2.70,4.39
2012.02.16 14:37:37.421,0.78889,0.78896,2.70,1.69
2012.02.16 14:37:40.413,0.78889,0.78897,2.70,5.14
2012.02.16 14:37:40.595,0.78884,0.78891,1.50,4.39
2012.02.16 14:37:41.089,0.78885,0.7889,1.20,1.69
2012.02.16 14:37:41.676,0.78885,0.7889,1.20,2.44
2012.02.16 14:37:47.087,0.78885,0.7889,1.95,1.50
2012.02.16 14:37:49.207,0.78885,0.78891,1.20,1.20
2012.02.16 14:37:49.301,0.78887,0.78893,1.20,2.25
2012.02.16 14:37:49.937,0.78887,0.78894,1.20,1.88
2012.02.16 14:37:50.443,0.78889,0.78894,1.50,1.13
2012.02.16 14:37:52.618,0.78887,0.78893,1.20,2.25
2012.02.16 14:37:52.762,0.78887,0.78891,1.20,1.50
2012.02.16 14:37:54.773,0.78886,0.78891,1.20,1.50
2012.02.16 14:37:56.815,0.78886,0.78891,1.20,2.25
2012.02.16 14:37:57.593,0.78886,0.78891,1.20,2.25
2012.02.16 14:37:58.654,0.78886,0.78891,1.20,2.25
2012.02.16 14:37:59.244,0.78886,0.78891,1.20,3.00
2012.02.16 14:37:59.799,0.78886,0.78891,1.20,2.25
2012.02.16 14:38:00.357,0.78883,0.7889,1.50,2.25
2012.02.16 14:38:02.845,0.78882,0.7889,3.38,2.25
2012.02.16 14:38:06.423,0.78885,0.7889,1.20,1.50
2012.02.16 14:38:08.243,0.78886,0.78892,1.50,2.25
2012.02.16 14:38:08.780,0.78885,0.78893,2.70,4.39
2012.02.16 14:38:09.132,0.78885,0.78892,4.39,1.50
2012.02.16 14:38:09.682,0.78888,0.78893,1.50,1.95
2012.02.16 14:38:12.640,0.78888,0.78892,1.20,2.25
2012.02.16 14:38:17.257,0.78887,0.78892,1.20,2.25
2012.02.16 14:38:17.982,0.78888,0.78893,1.50,1.20
2012.02.16 14:38:21.054,0.78888,0.78893,1.50,1.95
2012.02.16 14:38:25.753,0.78888,0.78894,2.70,3.45
2012.02.16 14:38:26.274,0.78888,0.78893,1.20,2.25
2012.02.16 14:38:27.113,0.78888,0.78893,1.20,2.25
2012.02.16 14:38:27.203,0.78885,0.78891,1.95,2.25
2012.02.16 14:38:27.523,0.78888,0.78892,1.20,3.75
2012.02.16 14:38:27.594,0.78884,0.78892,1.50,4.50
2012.02.16 14:38:32.543,0.78886,0.7889,1.20,2.25
2012.02.16 14:38:35.573,0.78886,0.78891,1.20,1.50
2012.02.16 14:38:37.589,0.78886,0.7889,1.20,1.50
2012.02.16 14:38:37.990,0.78883,0.7889,1.20,2.25
2012.02.16 14:38:38.537,0.78883,0.7889,1.20,1.50
2012.02.16 14:38:43.155,0.78885,0.7889,1.20,2.25
2012.02.16 14:38:47.177,0.78885,0.7889,1.20,2.25
2012.02.16 14:38:48.417,0.78882,0.7889,1.50,3.00
2012.02.16 14:38:48.505,0.78885,0.7889,1.20,3.00
2012.02.16 14:38:50.169,0.78882,0.7889,2.70,4.20
2012.02.16 14:38:53.433,0.78882,0.78889,2.70,1.50
2012.02.16 14:38:53.976,0.78882,0.7889,2.70,4.20
2012.02.16 14:38:57.693,0.78886,0.7889,1.20,2.25
2012.02.16 14:38:57.835,0.78886,0.7889,1.20,2.25
2012.02.16 14:38:58.044,0.78884,0.78891,1.20,2.25
2012.02.16 14:39:02.815,0.78883,0.78889,2.70,2.25
2012.02.16 14:39:12.724,0.78881,0.78886,1.50,2.25
2012.02.16 14:39:12.813,0.78878,0.78886,3.83,3.45
2012.02.16 14:39:13.363,0.78878,0.78885,2.70,2.25
2012.02.16 14:39:13.526,0.78876,0.78882,3.45,1.95
2012.02.16 14:39:14.090,0.78876,0.78881,1.20,1.50
2012.02.16 14:39:15.305,0.78872,0.78878,1.95,1.20
2012.02.16 14:39:15.376,0.78873,0.78878,2.25,1.20
2012.02.16 14:39:15.722,0.78872,0.78877,1.20,3.00
2012.02.16 14:39:16.268,0.78872,0.78877,1.20,1.50
2012.02.16 14:39:18.558,0.78871,0.78877,1.50,2.25
2012.02.16 14:39:22.681,0.78871,0.78877,1.50,2.25
2012.02.16 14:39:23.236,0.78871,0.78877,1.50,2.25
2012.02.16 14:39:26.936,0.78871,0.78877,1.50,3.00
2012.02.16 14:39:28.547,0.78871,0.78877,1.50,2.25
2012.02.16 14:39:29.081,0.78871,0.78877,1.50,3.00
2012.02.16 14:39:29.601,0.78871,0.78877,1.50,3.00
2012.02.16 14:39:30.182,0.78871,0.78877,1.50,3.00
2012.02.16 14:39:31.145,0.78871,0.78877,1.50,3.00
2012.02.16 14:39:31.351,0.78868,0.78876,2.70,2.25
2012.02.16 14:39:31.553,0.78868,0.78875,3.45,1.50
2012.02.16 14:39:32.113,0.78868,0.78876,3.45,3.00
2012.02.16 14:39:32.631,0.78868,0.78876,2.70,3.00
2012.02.16 14:39:34.773,0.78868,0.78876,3.45,3.00
2012.02.16 14:39:35.841,0.78868,0.78876,2.70,2.25
2012.02.16 14:39:42.034,0.78868,0.78876,2.70,2.25
2012.02.16 14:39:42.522,0.78868,0.78876,3.45,2.25
2012.02.16 14:39:45.071,0.78868,0.78876,2.25,1.50
2012.02.16 14:39:45.770,0.78868,0.78876,3.00,1.50
2012.02.16 14:39:46.323,0.78868,0.78876,2.25,1.50
2012.02.16 14:39:47.393,0.78868,0.78876,2.25,1.50
2012.02.16 14:39:47.680,0.78862,0.78869,2.25,1.20
2012.02.16 14:39:48.214,0.78862,0.78869,1.50,1.20
2012.02.16 14:39:48.551,0.78862,0.78869,2.25,1.20
2012.02.16 14:39:49.440,0.78862,0.78869,2.25,1.20
2012.02.16 14:39:50.295,0.78862,0.78869,2.25,1.20
2012.02.16 14:39:50.483,0.78862,0.78869,2.25,1.20
2012.02.16 14:39:51.447,0.78862,0.78869,2.25,1.20
2012.02.16 14:39:52.444,0.78862,0.7887,2.25,1.50
2012.02.16 14:39:53.296,0.78868,0.78873,1.50,1.88
2012.02.16 14:39:53.397,0.78869,0.78874,1.50,1.50
2012.02.16 14:39:55.089,0.78866,0.78874,1.50,1.50
2012.02.16 14:39:57.074,0.78868,0.78875,1.50,3.45
2012.02.16 14:39:57.639,0.78868,0.78875,2.25,1.20
2012.02.16 14:39:58.275,0.78868,0.78875,2.25,1.20
2012.02.16 14:39:58.763,0.78868,0.78875,3.00,1.20
2012.02.16 14:39:59.111,0.78871,0.78875,1.50,1.20
2012.02.16 14:40:00.031,0.7887,0.78875,1.50,1.20
2012.02.16 14:40:03.533,0.7887,0.78876,1.50,1.95
2012.02.16 14:40:04.050,0.78871,0.78876,1.50,1.20
2012.02.16 14:40:04.553,0.78871,0.78877,3.00,1.50
2012.02.16 14:40:05.094,0.78873,0.78879,1.50,3.45
2012.02.16 14:40:05.631,0.78873,0.78879,3.00,2.70
2012.02.16 14:40:05.985,0.78876,0.78883,2.25,1.13
2012.02.16 14:40:06.059,0.78879,0.78884,1.95,4.50
2012.02.16 14:40:06.138,0.78879,0.78884,4.95,1.13
2012.02.16 14:40:06.218,0.78879,0.78887,6.08,1.50
2012.02.16 14:40:06.283,0.7888,0.78887,1.50,1.50
2012.02.16 14:40:06.792,0.78881,0.78887,1.50,1.50
2012.02.16 14:40:06.875,0.78883,0.78891,2.25,1.88
2012.02.16 14:40:07.399,0.78889,0.78893,1.20,1.50
2012.02.16 14:40:07.479,0.78889,0.78894,2.70,2.25
2012.02.16 14:40:07.626,0.78889,0.78895,1.20,1.95
2012.02.16 14:40:16.593,0.78889,0.78895,1.20,1.95
2012.02.16 14:40:17.430,0.78889,0.78893,1.20,1.50
2012.02.16 14:40:17.517,0.78889,0.78895,2.70,2.70
2012.02.16 14:40:21.122,0.78889,0.78895,3.45,1.50
2012.02.16 14:40:22.055,0.78889,0.78895,2.70,1.50
2012.02.16 14:40:22.667,0.7889,0.78895,1.20,1.50
2012.02.16 14:40:30.083,0.78891,0.78896,1.50,1.13
2012.02.16 14:40:30.584,0.7889,0.78896,1.20,2.25
2012.02.16 14:40:31.136,0.7889,0.78896,1.20,3.00
2012.02.16 14:40:31.935,0.7889,0.78896,1.20,3.00
2012.02.16 14:40:33.017,0.7889,0.78896,1.20,3.00
2012.02.16 14:40:33.921,0.7889,0.78896,1.20,3.75
2012.02.16 14:40:35.434,0.7889,0.78896,1.20,3.00
2012.02.16 14:40:36.143,0.78888,0.78896,2.70,4.20
2012.02.16 14:40:36.716,0.78888,0.78896,2.70,3.64
2012.02.16 14:40:36.856,0.78887,0.78893,3.00,2.70
2012.02.16 14:40:37.217,0.78885,0.78892,1.50,9.40
2012.02.16 14:40:37.732,0.78881,0.78889,2.70,3.45
2012.02.16 14:40:39.597,0.78879,0.78883,1.50,1.20
2012.02.16 14:40:39.751,0.78877,0.78883,4.58,2.70
2012.02.16 14:40:39.896,0.78875,0.7888,1.16,1.50
2012.02.16 14:40:41.830,0.78877,0.78883,1.20,4.20
2012.02.16 14:40:43.907,0.78874,0.7888,1.50,1.50
2012.02.16 14:40:44.280,0.78876,0.7888,1.20,1.50
2012.02.16 14:40:44.516,0.78876,0.78882,2.70,1.50
2012.02.16 14:40:49.298,0.78876,0.78881,1.50,1.20
2012.02.16 14:40:51.167,0.78878,0.78884,1.50,1.50
2012.02.16 14:40:54.435,0.78878,0.78884,1.50,2.70
2012.02.16 14:40:54.646,0.78876,0.78883,2.70,1.50
2012.02.16 14:40:57.481,0.78876,0.78883,1.95,1.50
2012.02.16 14:40:58.025,0.78878,0.78884,1.50,4.20
2012.02.16 14:40:58.100,0.78876,0.78883,2.70,1.50
2012.02.16 14:40:59.135,0.78876,0.78883,1.95,1.50
2012.02.16 14:40:59.758,0.78876,0.78883,1.20,1.50
2012.02.16 14:41:00.300,0.78876,0.78883,1.95,1.50
2012.02.16 14:41:01.848,0.78876,0.78883,1.20,1.50
2012.02.16 14:41:03.026,0.78876,0.78883,1.95,1.50
2012.02.16 14:41:04.792,0.78876,0.78883,1.20,1.50
2012.02.16 14:41:07.572,0.78877,0.78884,1.50,1.20
2012.02.16 14:41:12.268,0.78878,0.78884,1.50,1.20
2012.02.16 14:41:12.349,0.7888,0.78884,1.50,1.20
2012.02.16 14:41:12.433,0.78882,0.78888,2.70,4.39
2012.02.16 14:41:12.511,0.78885,0.7889,1.20,1.50
2012.02.16 14:41:12.652,0.78885,0.78891,1.20,4.13
2012.02.16 14:41:13.358,0.78885,0.78891,1.20,2.63
2012.02.16 14:41:13.777,0.78888,0.78893,1.50,1.50
2012.02.16 14:41:14.344,0.78888,0.78893,1.50,1.20
2012.02.16 14:41:14.575,0.78885,0.78893,3.45,2.70
2012.02.16 14:41:17.241,0.78885,0.7889,1.20,1.50
2012.02.16 14:41:17.796,0.78884,0.7889,2.70,1.50
2012.02.16 14:41:21.969,0.78884,0.7889,3.45,1.50
2012.02.16 14:41:22.509,0.78885,0.78892,1.50,3.83
2012.02.16 14:41:22.617,0.78883,0.78891,4.20,2.70
2012.02.16 14:41:22.771,0.78883,0.78891,4.95,2.70
2012.02.16 14:41:25.026,0.78883,0.78891,4.20,2.70
2012.02.16 14:41:25.633,0.78883,0.78891,2.70,2.70
2012.02.16 14:41:27.039,0.78883,0.78891,4.20,3.45
2012.02.16 14:41:28.041,0.78883,0.78889,2.25,1.20
2012.02.16 14:41:28.565,0.78883,0.78889,2.25,1.20
2012.02.16 14:41:29.766,0.78883,0.78889,2.25,1.20
2012.02.16 14:41:31.554,0.78883,0.78889,3.00,1.20
2012.02.16 14:41:32.095,0.78883,0.78889,3.75,1.20
2012.02.16 14:41:33.255,0.78883,0.78889,3.94,1.20
2012.02.16 14:41:33.330,0.78885,0.78891,1.95,1.50
2012.02.16 14:41:33.551,0.78886,0.78892,3.60,1.88
2012.02.16 14:41:33.701,0.78888,0.78894,1.20,1.50
2012.02.16 14:41:33.775,0.7889,0.78896,1.50,7.58
2012.02.16 14:41:39.528,0.7889,0.78896,2.25,1.50
2012.02.16 14:41:39.890,0.78894,0.789,1.50,4.05
2012.02.16 14:41:40.107,0.78894,0.789,1.50,2.55
2012.02.16 14:41:41.022,0.78894,0.78901,3.38,1.20
2012.02.16 14:41:41.382,0.78898,0.78902,1.20,1.13
2012.02.16 14:41:41.935,0.78898,0.78904,1.95,2.33
2012.02.16 14:41:42.501,0.78898,0.78904,2.70,1.58
2012.02.16 14:41:43.237,0.78898,0.78904,2.33,1.58
2012.02.16 14:41:48.241,0.78898,0.78904,1.95,1.20
2012.02.16 14:41:49.367,0.78898,0.78904,1.20,1.20
2012.02.16 14:41:49.944,0.78898,0.78904,1.95,1.20
2012.02.16 14:41:50.484,0.78898,0.78904,1.95,1.20
2012.02.16 14:41:51.988,0.78898,0.78904,1.95,1.20
2012.02.16 14:41:52.134,0.78902,0.78909,1.20,6.00
2012.02.16 14:41:52.207,0.78906,0.7891,1.20,4.99
2012.02.16 14:41:52.428,0.78906,0.78914,2.70,2.89
2012.02.16 14:41:52.994,0.78906,0.78914,1.20,3.64
2012.02.16 14:41:54.073,0.78906,0.78913,1.20,1.50
2012.02.16 14:41:54.633,0.78906,0.78914,1.20,1.95
2012.02.16 14:41:54.986,0.78904,0.7891,1.39,1.20
2012.02.16 14:41:56.291,0.78904,0.78908,1.20,1.50
2012.02.16 14:41:58.226,0.78904,0.7891,1.20,1.20
2012.02.16 14:41:58.515,0.78904,0.78908,1.20,1.50
2012.02.16 14:41:59.205,0.78904,0.7891,2.70,2.70
2012.02.16 14:42:02.164,0.78904,0.78908,1.20,1.50
2012.02.16 14:42:04.286,0.78902,0.78906,1.50,1.20
2012.02.16 14:42:13.385,0.789,0.78906,2.70,1.20
2012.02.16 14:42:16.364,0.78899,0.78907,1.50,2.70
2012.02.16 14:42:22.170,0.789,0.78906,1.20,1.20
2012.02.16 14:42:27.935,0.789,0.78906,1.20,3.45
2012.02.16 14:42:28.288,0.78898,0.78902,1.50,1.20
2012.02.16 14:42:28.514,0.78896,0.78901,1.20,1.50
2012.02.16 14:42:29.240,0.78896,0.78902,1.20,1.95
2012.02.16 14:42:30.014,0.78896,0.78902,1.20,2.70
2012.02.16 14:42:42.646,0.78897,0.78902,1.50,1.50
2012.02.16 14:42:43.415,0.78898,0.78905,1.50,1.95
2012.02.16 14:42:43.932,0.78898,0.78905,1.50,3.45
2012.02.16 14:42:44.495,0.78897,0.78904,1.20,1.50
2012.02.16 14:42:45.156,0.78897,0.78904,1.20,2.44
2012.02.16 14:42:46.204,0.78897,0.78904,1.20,3.19
2012.02.16 14:42:46.979,0.78897,0.78901,1.20,1.50
2012.02.16 14:42:47.652,0.78897,0.78904,1.20,2.44
2012.02.16 14:42:48.734,0.78897,0.78904,1.95,2.44
2012.02.16 14:42:49.235,0.78897,0.78904,1.95,2.25
2012.02.16 14:42:50.954,0.78897,0.78903,1.95,1.20
2012.02.16 14:42:51.503,0.78897,0.78903,1.20,1.20
2012.02.16 14:43:00.209,0.78897,0.78901,1.20,1.50
2012.02.16 14:43:01.368,0.78897,0.78903,2.70,2.70
2012.02.16 14:43:04.028,0.78897,0.78902,1.20,1.50
2012.02.16 14:43:04.586,0.78899,0.78905,1.50,3.45
2012.02.16 14:43:05.572,0.78897,0.78903,2.70,1.50
2012.02.16 14:43:15.006,0.78899,0.78903,1.50,1.20
2012.02.16 14:43:16.742,0.78897,0.78903,1.20,2.70
2012.02.16 14:43:17.282,0.78897,0.78903,1.95,1.20
2012.02.16 14:43:19.011,0.78895,0.78904,7.69,2.70
2012.02.16 14:43:29.543,0.78899,0.78904,1.50,1.20
2012.02.16 14:43:36.161,0.78898,0.78904,4.20,2.70
2012.02.16 14:43:37.797,0.78896,0.78902,2.70,1.50
2012.02.16 14:43:43.419,0.78896,0.789,1.20,1.50
2012.02.16 14:43:44.106,0.78896,0.78903,1.20,3.00
2012.02.16 14:43:44.715,0.78896,0.78901,1.20,1.50
2012.02.16 14:43:47.149,0.78895,0.78901,1.20,1.50
2012.02.16 14:43:47.905,0.78895,0.78901,1.20,3.59
2012.02.16 14:43:48.594,0.78893,0.78898,1.50,1.20
2012.02.16 14:43:48.886,0.78892,0.78896,1.20,1.50
2012.02.16 14:43:49.832,0.78895,0.789,1.20,1.88
2012.02.16 14:43:50.513,0.78895,0.78902,1.20,2.63
2012.02.16 14:44:02.312,0.78896,0.78901,1.50,1.20
2012.02.16 14:44:02.803,0.78892,0.78898,1.50,1.50
2012.02.16 14:44:08.061,0.78895,0.78901,1.20,2.70
2012.02.16 14:44:17.654,0.78895,0.78901,1.20,4.20
2012.02.16 14:44:17.737,0.78893,0.78899,1.20,2.70
2012.02.16 14:44:18.243,0.7889,0.78896,1.50,1.50
2012.02.16 14:44:22.792,0.78891,0.78896,1.20,1.50
2012.02.16 14:44:29.209,0.7889,0.78896,2.70,1.50
2012.02.16 14:44:32.276,0.7889,0.78896,1.50,3.00
2012.02.16 14:44:32.866,0.78888,0.78895,1.95,3.75
2012.02.16 14:44:33.073,0.78888,0.78895,1.20,3.75
2012.02.16 14:44:33.635,0.78887,0.78895,1.50,3.00
2012.02.16 14:44:35.486,0.78887,0.78894,2.25,1.50
2012.02.16 14:44:37.065,0.78887,0.78895,2.25,3.00
2012.02.16 14:44:37.603,0.78887,0.78895,2.25,2.25
2012.02.16 14:44:38.230,0.78887,0.78895,3.00,2.25
2012.02.16 14:44:38.738,0.78887,0.78895,3.00,2.25
2012.02.16 14:44:39.787,0.78887,0.78895,2.25,1.50
2012.02.16 14:44:42.001,0.78882,0.7889,2.28,4.50
2012.02.16 14:44:42.211,0.78876,0.78882,1.14,2.10
2012.02.16 14:44:42.285,0.78875,0.78882,2.46,2.10
2012.02.16 14:44:42.361,0.78875,0.78879,2.07,1.80
2012.02.16 14:44:42.442,0.78872,0.78878,1.13,2.25
2012.02.16 14:44:42.521,0.7887,0.78878,4.50,4.35
2012.02.16 14:44:42.877,0.78867,0.78873,4.50,1.50
2012.02.16 14:44:43.441,0.78866,0.78874,2.25,2.70
2012.02.16 14:44:43.905,0.78868,0.78874,1.50,1.20
2012.02.16 14:44:44.444,0.78868,0.78874,3.04,1.20
2012.02.16 14:44:45.579,0.78868,0.78874,2.29,1.20
2012.02.16 14:44:47.282,0.78866,0.78874,2.85,2.70
2012.02.16 14:44:47.424,0.78867,0.78874,2.10,2.70
2012.02.16 14:44:47.885,0.78869,0.78876,1.20,2.44
2012.02.16 14:44:48.812,0.78871,0.78877,1.50,2.70
2012.02.16 14:44:49.545,0.78872,0.78877,2.25,1.20
2012.02.16 14:44:50.095,0.78872,0.78877,2.25,1.20
2012.02.16 14:44:51.425,0.78875,0.78881,2.25,2.70
2012.02.16 14:44:51.826,0.78877,0.78881,1.50,1.20
2012.02.16 14:44:56.136,0.78878,0.78886,1.50,5.44
2012.02.16 14:44:56.342,0.78878,0.78885,2.25,2.70
2012.02.16 14:44:56.865,0.78881,0.78885,1.50,1.20
2012.02.16 14:44:57.508,0.78882,0.78888,1.50,1.95
2012.02.16 14:44:58.328,0.78881,0.78885,1.50,1.20
2012.02.16 14:45:00.347,0.78878,0.78885,1.50,1.20
2012.02.16 14:45:01.243,0.78881,0.78887,3.00,1.50
2012.02.16 14:45:01.544,0.78884,0.78891,2.25,2.70
2012.02.16 14:45:01.761,0.78884,0.7889,3.00,1.50
2012.02.16 14:45:02.793,0.78887,0.78891,1.50,1.20
2012.02.16 14:45:04.126,0.78885,0.78891,3.00,2.70
2012.02.16 14:45:06.846,0.78884,0.78889,1.20,1.50
2012.02.16 14:45:07.058,0.78885,0.78891,1.50,1.50
2012.02.16 14:45:07.280,0.78888,0.78892,1.50,1.20
2012.02.16 14:45:07.962,0.78886,0.78892,1.50,1.20
2012.02.16 14:45:13.676,0.78885,0.78891,1.50,1.50
2012.02.16 14:45:13.819,0.78888,0.78892,1.50,1.20
2012.02.16 14:45:13.966,0.78886,0.78892,1.50,2.70
2012.02.16 14:45:14.575,0.78887,0.78892,1.50,1.20
2012.02.16 14:45:18.587,0.78887,0.78894,1.50,1.20
2012.02.16 14:45:20.621,0.7889,0.78894,1.50,1.20
2012.02.16 14:45:21.750,0.78887,0.78893,3.00,1.50
2012.02.16 14:45:22.287,0.78889,0.78894,1.50,1.95
2012.02.16 14:45:33.110,0.78889,0.78894,1.50,1.95
2012.02.16 14:45:33.454,0.78884,0.78892,1.88,2.25
2012.02.16 14:45:33.524,0.78885,0.78891,1.58,1.95
2012.02.16 14:45:34.085,0.78885,0.78889,1.20,1.50
2012.02.16 14:45:34.225,0.78885,0.78891,2.70,3.45
2012.02.16 14:45:38.766,0.78886,0.78892,1.20,2.70
2012.02.16 14:45:42.751,0.78886,0.78892,1.20,3.45
2012.02.16 14:45:43.411,0.78886,0.78892,1.20,2.70
2012.02.16 14:45:48.868,0.78887,0.78892,1.20,1.50
2012.02.16 14:45:52.424,0.78887,0.78893,1.20,1.95
2012.02.16 14:45:52.830,0.78889,0.78893,1.50,1.20
2012.02.16 14:45:55.033,0.78889,0.78895,1.50,1.88
2012.02.16 14:45:58.563,0.7889,0.78896,1.50,1.20
2012.02.16 14:46:00.948,0.7889,0.78897,1.50,1.20
2012.02.16 14:46:01.172,0.78889,0.78895,2.70,1.50
2012.02.16 14:46:02.166,0.7889,0.78897,1.50,2.70
2012.02.16 14:46:02.678,0.78889,0.78896,1.95,1.50
2012.02.16 14:46:04.434,0.78891,0.78897,1.50,3.45
2012.02.16 14:46:06.114,0.78891,0.78897,1.50,4.20
2012.02.16 14:46:06.843,0.78891,0.78897,1.50,4.20
2012.02.16 14:46:07.743,0.78891,0.78897,1.50,4.20
2012.02.16 14:46:08.425,0.78891,0.78897,1.50,4.20
2012.02.16 14:46:09.986,0.78891,0.78897,1.50,4.39
2012.02.16 14:46:10.545,0.78891,0.78896,1.50,1.50
2012.02.16 14:46:11.276,0.78891,0.78897,1.50,5.14
2012.02.16 14:46:13.972,0.78891,0.78897,1.50,4.20
2012.02.16 14:46:15.936,0.78891,0.78897,1.50,3.45
2012.02.16 14:46:16.510,0.78891,0.78897,1.50,3.45
2012.02.16 14:46:17.327,0.78892,0.78897,1.50,1.20
2012.02.16 14:46:18.896,0.78891,0.78897,1.50,3.45
2012.02.16 14:46:22.563,0.78897,0.78904,3.23,1.77
2012.02.16 14:46:22.929,0.78895,0.78899,5.46,1.50
2012.02.16 14:46:23.214,0.78902,0.78908,2.70,1.20
2012.02.16 14:46:23.290,0.78898,0.78908,1.50,1.95
2012.02.16 14:46:23.862,0.78904,0.7891,1.50,2.44
2012.02.16 14:46:23.956,0.78903,0.78909,1.50,1.50
2012.02.16 14:46:24.097,0.78903,0.78909,1.50,1.50
2012.02.16 14:46:24.642,0.78902,0.78908,2.25,1.50
2012.02.16 14:46:26.755,0.78902,0.78908,1.50,1.50
2012.02.16 14:46:27.660,0.78902,0.78908,1.50,2.25
2012.02.16 14:46:27.747,0.78902,0.78908,1.50,3.00
2012.02.16 14:46:28.089,0.78902,0.78907,1.50,1.50
2012.02.16 14:46:28.645,0.78901,0.78906,1.20,2.25
2012.02.16 14:46:29.279,0.78901,0.78906,1.20,2.25
2012.02.16 14:46:29.803,0.78901,0.78906,1.20,2.25
2012.02.16 14:46:30.213,0.789,0.78904,1.50,1.20
2012.02.16 14:46:30.358,0.78897,0.78902,1.50,1.50
2012.02.16 14:46:31.132,0.78896,0.78902,2.70,3.00
2012.02.16 14:46:31.677,0.78896,0.78902,2.70,2.25
2012.02.16 14:46:35.183,0.78899,0.78905,1.20,6.08
2012.02.16 14:46:35.259,0.78899,0.78905,1.20,3.08
2012.02.16 14:46:35.945,0.78899,0.78904,1.20,1.50
2012.02.16 14:46:37.576,0.78899,0.78904,1.20,3.00
2012.02.16 14:46:38.081,0.78896,0.78902,1.50,1.50
2012.02.16 14:46:39.614,0.78899,0.78904,1.20,1.50
2012.02.16 14:46:40.431,0.78899,0.78904,1.20,2.25
2012.02.16 14:46:40.964,0.78898,0.78904,2.70,2.70
2012.02.16 14:46:54.570,0.78898,0.78904,2.70,4.20
2012.02.16 14:46:55.230,0.78898,0.78904,2.70,2.70
2012.02.16 14:46:57.654,0.78899,0.78904,1.20,1.50
2012.02.16 14:46:57.875,0.78899,0.78907,2.70,4.39
2012.02.16 14:46:59.572,0.78899,0.78906,2.70,1.50
2012.02.16 14:47:00.074,0.78899,0.78906,2.70,1.50
2012.02.16 14:47:00.679,0.78899,0.78906,2.70,1.50
2012.02.16 14:47:01.797,0.78899,0.78905,2.70,1.50
2012.02.16 14:47:05.535,0.78897,0.78905,2.70,4.58
2012.02.16 14:47:08.287,0.78898,0.78905,1.50,1.20
2012.02.16 14:47:11.439,0.78899,0.78906,1.50,2.70
2012.02.16 14:47:12.212,0.78899,0.78906,1.50,2.70
2012.02.16 14:47:13.204,0.78898,0.78905,1.20,3.00
2012.02.16 14:47:13.546,0.78898,0.78902,1.20,1.50
2012.02.16 14:47:24.755,0.78899,0.78904,1.20,2.63
2012.02.16 14:47:25.295,0.78899,0.78904,1.20,1.50
2012.02.16 14:47:28.584,0.789,0.78905,1.50,1.20
2012.02.16 14:47:29.965,0.789,0.78906,1.50,1.50
2012.02.16 14:47:48.910,0.78902,0.78906,1.50,1.20
2012.02.16 14:47:53.474,0.789,0.78906,2.70,3.45
2012.02.16 14:48:10.855,0.789,0.78904,1.20,2.25
2012.02.16 14:48:14.477,0.78898,0.78904,1.50,2.25
2012.02.16 14:48:17.471,0.78898,0.78903,1.20,3.00
2012.02.16 14:48:18.443,0.78898,0.78903,1.20,3.00
2012.02.16 14:48:19.082,0.78898,0.78903,1.20,2.25
2012.02.16 14:48:19.641,0.78898,0.78902,1.20,1.50
2012.02.16 14:48:22.304,0.78896,0.78903,1.20,3.00
2012.02.16 14:48:23.746,0.78896,0.78903,1.20,2.25
2012.02.16 14:48:24.275,0.78896,0.78903,1.20,2.25
2012.02.16 14:48:24.419,0.78896,0.78904,1.20,4.95
2012.02.16 14:48:25.170,0.78896,0.78902,2.70,1.50
2012.02.16 14:48:27.468,0.78896,0.78904,1.20,1.95
2012.02.16 14:48:27.543,0.78897,0.78905,1.50,4.20
2012.02.16 14:48:29.041,0.78899,0.78905,1.20,4.95
2012.02.16 14:48:33.032,0.78899,0.78905,1.20,4.95
2012.02.16 14:48:33.942,0.78899,0.78905,1.20,4.95
2012.02.16 14:48:35.954,0.789,0.78905,1.50,1.20
2012.02.16 14:48:41.390,0.789,0.78906,2.25,1.50
2012.02.16 14:48:52.384,0.789,0.78906,1.50,3.60
2012.02.16 14:48:53.009,0.78899,0.78904,1.20,2.25
2012.02.16 14:48:55.001,0.78898,0.78904,2.70,1.95
2012.02.16 14:48:58.425,0.78898,0.78903,1.20,2.25
2012.02.16 14:48:59.807,0.78897,0.78902,1.50,1.95
2012.02.16 14:49:00.325,0.78896,0.78901,1.20,1.50
2012.02.16 14:49:04.686,0.78895,0.78899,1.50,1.20
2012.02.16 14:49:05.048,0.78893,0.78899,1.20,2.70
2012.02.16 14:49:05.131,0.78893,0.78898,1.20,1.50
2012.02.16 14:49:05.216,0.7889,0.78895,1.50,1.20
2012.02.16 14:49:05.925,0.78889,0.78895,1.58,1.95
2012.02.16 14:49:06.221,0.78889,0.78893,1.20,1.50
2012.02.16 14:49:07.678,0.78889,0.78895,1.20,1.20
2012.02.16 14:49:10.208,0.78889,0.78895,1.20,2.70
2012.02.16 14:49:20.284,0.78889,0.78895,2.25,1.50
2012.02.16 14:49:20.644,0.78891,0.78896,1.50,1.20
2012.02.16 14:49:21.205,0.78891,0.78899,2.70,1.88
2012.02.16 14:49:21.771,0.78891,0.78899,4.43,1.88
2012.02.16 14:49:21.931,0.78893,0.78899,1.50,1.50
2012.02.16 14:49:22.009,0.78893,0.78901,3.00,2.70
2012.02.16 14:49:22.645,0.78896,0.78902,1.50,1.50
2012.02.16 14:49:23.305,0.78895,0.78904,2.91,3.45
2012.02.16 14:49:23.834,0.78895,0.78904,3.66,2.70
2012.02.16 14:49:24.119,0.78895,0.78903,2.25,1.50
2012.02.16 14:49:24.200,0.78894,0.789,4.13,1.50
2012.02.16 14:49:24.494,0.78895,0.78903,2.25,2.25
2012.02.16 14:49:25.673,0.78894,0.78901,1.13,1.50
2012.02.16 14:49:27.541,0.78894,0.78901,1.20,1.50
2012.02.16 14:49:31.454,0.78894,0.78898,1.20,1.50
2012.02.16 14:49:36.033,0.78895,0.78901,2.63,1.50
2012.02.16 14:49:36.124,0.78895,0.78901,2.63,2.25
2012.02.16 14:49:36.342,0.78895,0.78901,2.63,1.50
2012.02.16 14:49:36.851,0.78894,0.789,1.80,1.50
2012.02.16 14:49:39.195,0.78894,0.789,1.20,2.25
2012.02.16 14:49:39.735,0.78894,0.789,1.20,2.25
2012.02.16 14:49:44.376,0.78894,0.789,1.20,2.25
2012.02.16 14:49:44.762,0.78893,0.78897,1.20,1.50
2012.02.16 14:49:45.638,0.78889,0.78895,5.29,1.50
2012.02.16 14:49:46.879,0.78893,0.78897,1.20,1.50
2012.02.16 14:49:47.898,0.78891,0.78896,1.50,1.20
2012.02.16 14:49:48.455,0.7889,0.78896,1.20,3.45
2012.02.16 14:49:49.067,0.7889,0.78896,1.20,3.45
2012.02.16 14:49:53.493,0.78891,0.78896,1.50,1.95
2012.02.16 14:49:56.843,0.78891,0.78896,1.50,1.95
2012.02.16 14:49:57.597,0.7889,0.78895,1.20,1.50
2012.02.16 14:50:01.430,0.78891,0.78896,1.50,1.95
2012.02.16 14:50:02.641,0.7889,0.78895,1.20,1.50
2012.02.16 14:50:08.276,0.7889,0.78896,2.70,1.20
2012.02.16 14:50:08.349,0.78893,0.78899,1.50,4.88
2012.02.16 14:50:08.425,0.78893,0.78899,1.50,3.38
2012.02.16 14:50:08.992,0.78893,0.78899,1.50,2.25
2012.02.16 14:50:09.897,0.78892,0.78896,1.20,1.50
2012.02.16 14:50:11.667,0.78892,0.789,3.45,4.95
2012.02.16 14:50:11.735,0.78892,0.78897,1.95,1.50
2012.02.16 14:50:12.341,0.78892,0.78896,1.20,1.50
2012.02.16 14:50:15.153,0.78889,0.78896,1.65,2.25
2012.02.16 14:50:25.246,0.78889,0.78896,1.20,3.00
2012.02.16 14:50:26.049,0.78889,0.78896,1.20,3.00
2012.02.16 14:50:27.553,0.78889,0.78896,1.20,2.25
2012.02.16 14:50:28.964,0.78889,0.78894,1.20,1.50
2012.02.16 14:50:30.039,0.78889,0.78894,1.20,2.25
2012.02.16 14:50:30.955,0.78887,0.78893,1.95,1.20
2012.02.16 14:50:31.598,0.78886,0.78892,1.50,2.85
2012.02.16 14:50:31.935,0.78882,0.78889,1.05,1.95
2012.02.16 14:50:32.216,0.78881,0.78886,1.95,1.50
2012.02.16 14:50:34.310,0.7888,0.78885,1.50,1.20
2012.02.16 14:50:36.043,0.78882,0.78886,1.20,1.50
2012.02.16 14:50:36.873,0.78882,0.78888,2.70,2.70
2012.02.16 14:50:38.940,0.7888,0.78884,2.25,1.58
2012.02.16 14:50:39.304,0.78876,0.78882,3.45,1.50
2012.02.16 14:50:39.447,0.78876,0.78882,3.45,1.50
2012.02.16 14:50:40.551,0.78874,0.78878,1.50,1.20
2012.02.16 14:50:41.025,0.78872,0.78876,1.20,1.50
2012.02.16 14:50:42.840,0.78872,0.78878,2.70,4.20
2012.02.16 14:50:43.190,0.78876,0.78881,1.95,2.44
2012.02.16 14:50:43.755,0.78876,0.78882,3.64,2.70
2012.02.16 14:50:44.316,0.78878,0.78882,1.50,1.20
2012.02.16 14:50:45.622,0.78876,0.78882,3.45,2.70
2012.02.16 14:50:46.423,0.78876,0.78882,3.45,2.70
2012.02.16 14:50:47.913,0.78877,0.78882,3.75,1.20
2012.02.16 14:50:48.819,0.78877,0.78885,4.20,3.45
2012.02.16 14:50:49.113,0.78877,0.78884,4.20,2.85
2012.02.16 14:50:49.709,0.78875,0.78883,2.25,1.95
2012.02.16 14:50:49.797,0.78877,0.78883,3.45,3.45
2012.02.16 14:50:50.077,0.78877,0.78883,2.70,2.70
2012.02.16 14:50:51.622,0.78877,0.78883,3.45,2.70
2012.02.16 14:50:52.189,0.78877,0.78883,2.70,2.70
2012.02.16 14:50:54.077,0.78877,0.78883,3.45,2.70
2012.02.16 14:50:55.147,0.78877,0.78883,2.70,2.70
2012.02.16 14:50:57.517,0.78877,0.78883,2.70,3.45
2012.02.16 14:50:58.016,0.78877,0.78883,2.70,2.70
2012.02.16 14:51:02.226,0.78875,0.78881,3.45,1.50
2012.02.16 14:51:04.454,0.78875,0.78881,3.45,1.50
2012.02.16 14:51:05.354,0.78875,0.78881,2.70,1.50
2012.02.16 14:51:06.987,0.78875,0.7888,1.20,1.50
2012.02.16 14:51:07.542,0.78872,0.78877,2.70,1.50
2012.02.16 14:51:08.425,0.78872,0.78877,1.95,1.50
2012.02.16 14:51:10.317,0.7887,0.78875,1.95,1.50
2012.02.16 14:51:11.204,0.78869,0.78875,3.00,1.50
2012.02.16 14:51:11.708,0.78869,0.78874,2.25,1.20
2012.02.16 14:51:12.667,0.78869,0.78874,1.50,1.20
2012.02.16 14:51:13.147,0.7887,0.78878,2.25,2.63
2012.02.16 14:51:13.834,0.78869,0.78874,3.00,1.20
2012.02.16 14:51:14.353,0.78869,0.78874,2.25,1.20
2012.02.16 14:51:15.212,0.78871,0.78875,1.20,1.50
2012.02.16 14:51:15.293,0.78871,0.78877,1.20,1.20
2012.02.16 14:51:16.428,0.78871,0.78877,1.41,1.95
2012.02.16 14:51:16.577,0.78874,0.7888,1.20,3.00
2012.02.16 14:51:17.182,0.78874,0.78879,1.20,1.50
2012.02.16 14:51:17.409,0.78875,0.78881,1.50,3.00
2012.02.16 14:51:17.913,0.78875,0.78881,1.50,1.50
2012.02.16 14:51:18.624,0.78875,0.78881,1.50,4.50
2012.02.16 14:51:18.715,0.78871,0.78877,2.25,1.50
2012.02.16 14:51:18.855,0.78871,0.78877,3.45,2.70
2012.02.16 14:51:18.925,0.78871,0.7888,3.45,2.25
2012.02.16 14:51:19.410,0.78869,0.78874,1.50,1.20
2012.02.16 14:51:19.626,0.78868,0.78876,2.89,2.25
2012.02.16 14:51:19.699,0.78868,0.78874,2.89,1.20
2012.02.16 14:51:20.268,0.78868,0.78877,3.64,1.20
2012.02.16 14:51:20.474,0.78868,0.78874,2.89,1.20
2012.02.16 14:51:21.094,0.78868,0.78878,1.95,1.50
2012.02.16 14:51:21.165,0.78868,0.78877,1.95,3.45
2012.02.16 14:51:21.310,0.78868,0.78879,1.95,7.73
2012.02.16 14:51:21.975,0.78868,0.78877,1.95,2.25
2012.02.16 14:51:22.063,0.78865,0.78872,2.25,1.95
2012.02.16 14:51:22.142,0.78868,0.78875,1.50,1.69
2012.02.16 14:51:22.905,0.78868,0.78873,1.50,1.50
2012.02.16 14:51:23.733,0.78865,0.78871,3.00,1.50
2012.02.16 14:51:24.147,0.78865,0.7887,1.50,1.50
2012.02.16 14:51:25.561,0.78863,0.78869,3.00,1.50
2012.02.16 14:51:26.269,0.78863,0.78869,2.25,2.25
2012.02.16 14:51:26.417,0.78863,0.78867,1.50,1.20
2012.02.16 14:51:28.224,0.78863,0.78869,2.25,1.50
2012.02.16 14:51:28.974,0.78863,0.78867,2.25,1.20
2012.02.16 14:51:29.255,0.78863,0.78869,2.25,2.70
2012.02.16 14:51:29.951,0.78861,0.78867,4.20,1.50
2012.02.16 14:51:32.791,0.78861,0.78867,4.20,1.50
2012.02.16 14:51:33.320,0.78861,0.78867,4.95,1.50
2012.02.16 14:51:33.824,0.78862,0.78867,1.50,1.50
2012.02.16 14:51:34.499,0.78863,0.78869,2.25,2.70
2012.02.16 14:51:35.060,0.78863,0.78869,2.25,2.70
2012.02.16 14:51:35.592,0.78863,0.78869,2.25,2.70
2012.02.16 14:51:36.207,0.78863,0.78869,2.25,2.70
2012.02.16 14:51:36.737,0.78863,0.78869,1.50,2.70
2012.02.16 14:51:36.811,0.78861,0.78868,4.20,1.50
2012.02.16 14:51:37.567,0.78861,0.78866,1.20,1.50
2012.02.16 14:51:38.520,0.78859,0.78865,1.20,1.20
2012.02.16 14:51:38.806,0.78856,0.78865,1.36,3.64
2012.02.16 14:51:39.735,0.78849,0.78854,2.25,1.50
2012.02.16 14:51:39.822,0.78838,0.78843,2.25,1.20
2012.02.16 14:51:39.903,0.78843,0.78848,1.50,7.92
2012.02.16 14:51:40.331,0.78835,0.78842,1.50,2.25
2012.02.16 14:51:40.647,0.7884,0.78845,1.50,6.75
2012.02.16 14:51:41.177,0.78834,0.78841,1.50,4.20
2012.02.16 14:51:41.258,0.78834,0.78839,1.50,3.00
2012.02.16 14:51:41.329,0.78833,0.78839,3.45,3.00
2012.02.16 14:51:41.410,0.78833,0.78839,2.70,1.50
2012.02.16 14:51:41.962,0.78833,0.78839,2.70,2.63
2012.02.16 14:51:42.739,0.78833,0.78839,2.70,2.63
2012.02.16 14:51:45.257,0.78833,0.78839,4.20,1.88
2012.02.16 14:51:45.792,0.78833,0.78839,4.20,1.88
2012.02.16 14:51:47.255,0.78833,0.78839,3.00,1.50
2012.02.16 14:51:50.673,0.78839,0.78844,2.25,1.95
2012.02.16 14:51:50.815,0.7884,0.78848,1.50,1.13
2012.02.16 14:51:51.375,0.78839,0.78844,3.00,1.20
2012.02.16 14:51:52.208,0.78839,0.78844,1.50,1.20
2012.02.16 14:51:52.632,0.78839,0.78846,1.50,1.20
2012.02.16 14:51:55.823,0.78839,0.78847,1.50,5.85
2012.02.16 14:51:58.443,0.78839,0.78847,1.50,5.85
2012.02.16 14:51:58.945,0.78839,0.78847,1.50,5.85
2012.02.16 14:52:01.477,0.78839,0.78847,3.45,1.69
2012.02.16 14:52:01.974,0.78839,0.78847,3.45,1.69
2012.02.16 14:52:03.507,0.78845,0.78851,1.20,2.25
2012.02.16 14:52:03.646,0.78845,0.78853,2.70,2.70
2012.02.16 14:52:04.350,0.78845,0.78853,3.45,2.70
2012.02.16 14:52:05.449,0.78845,0.78853,3.45,2.70
2012.02.16 14:52:06.003,0.78849,0.78853,1.20,1.50
2012.02.16 14:52:07.469,0.78848,0.78853,1.20,1.50
2012.02.16 14:52:09.076,0.78848,0.78853,1.20,3.00
2012.02.16 14:52:09.502,0.78844,0.78851,1.50,4.50
2012.02.16 14:52:09.577,0.78842,0.78846,1.33,1.20
2012.02.16 14:52:10.176,0.78837,0.78841,2.29,1.20
2012.02.16 14:52:10.269,0.78834,0.78841,1.13,3.45
2012.02.16 14:52:10.815,0.78833,0.7884,3.08,1.50
2012.02.16 14:52:11.344,0.78833,0.7884,2.70,1.50
2012.02.16 14:52:12.043,0.78833,0.7884,2.70,1.50
2012.02.16 14:52:12.555,0.78833,0.78838,1.20,1.50
2012.02.16 14:52:14.885,0.78833,0.78838,1.20,2.25
2012.02.16 14:52:15.407,0.78833,0.78838,1.20,2.25
2012.02.16 14:52:16.095,0.78832,0.78838,1.50,2.25
2012.02.16 14:52:16.612,0.78832,0.78838,1.50,2.25
2012.02.16 14:52:17.167,0.78832,0.78837,1.50,1.50
2012.02.16 14:52:18.024,0.78832,0.78837,1.50,1.50
2012.02.16 14:52:18.553,0.78831,0.78836,1.20,2.25
2012.02.16 14:52:19.374,0.78831,0.78836,1.20,2.25
2012.02.16 14:52:19.902,0.78831,0.78836,1.20,1.50
2012.02.16 14:52:20.247,0.78828,0.78834,1.50,1.50
2012.02.16 14:52:20.527,0.78828,0.78834,2.70,3.45
2012.02.16 14:52:20.881,0.78828,0.78832,1.20,1.50
2012.02.16 14:52:21.882,0.78828,0.78833,2.70,1.50
2012.02.16 14:52:22.579,0.78828,0.78834,2.70,4.20
2012.02.16 14:52:23.287,0.78828,0.78834,2.70,4.20
2012.02.16 14:52:23.635,0.7883,0.78838,1.95,1.58
2012.02.16 14:52:23.708,0.78832,0.78838,1.50,2.70
2012.02.16 14:52:24.257,0.78833,0.78838,2.25,1.20
2012.02.16 14:52:30.225,0.78831,0.78836,1.50,1.20
2012.02.16 14:52:30.958,0.7883,0.78836,1.50,3.45
2012.02.16 14:52:32.525,0.7883,0.78836,1.50,3.75
2012.02.16 14:52:33.071,0.78829,0.78834,1.20,1.50
2012.02.16 14:52:33.995,0.78829,0.78834,1.20,2.25
2012.02.16 14:52:34.717,0.78826,0.78834,2.25,3.00
2012.02.16 14:52:35.266,0.78829,0.78834,1.20,2.25
2012.02.16 14:52:35.867,0.78826,0.78834,2.25,3.00
2012.02.16 14:52:36.547,0.78826,0.78834,3.45,2.25
2012.02.16 14:52:37.135,0.78826,0.78834,2.70,1.50
2012.02.16 14:52:38.484,0.78826,0.78834,2.70,2.25
2012.02.16 14:52:39.034,0.78826,0.78834,2.70,1.50
2012.02.16 14:52:39.631,0.78826,0.78834,2.70,3.00
2012.02.16 14:52:40.554,0.78826,0.78834,3.45,2.25
2012.02.16 14:52:41.076,0.78826,0.78834,3.45,3.00
2012.02.16 14:52:41.585,0.78828,0.78834,1.20,1.50
2012.02.16 14:52:44.029,0.78828,0.78835,1.20,1.50
2012.02.16 14:52:45.773,0.78828,0.78835,1.20,1.50
2012.02.16 14:52:46.463,0.78828,0.78835,1.20,1.50
2012.02.16 14:52:47.836,0.78828,0.78836,1.20,3.83
2012.02.16 14:52:48.338,0.78826,0.78835,1.20,1.50
2012.02.16 14:52:48.698,0.78826,0.78835,1.20,1.50
2012.02.16 14:52:49.370,0.78826,0.78836,1.95,3.08
2012.02.16 14:52:49.518,0.78826,0.78836,1.95,3.08
2012.02.16 14:52:50.107,0.78826,0.78836,1.95,2.33
2012.02.16 14:52:51.023,0.78826,0.78836,2.70,3.08
2012.02.16 14:52:52.349,0.78826,0.78836,2.89,2.70
2012.02.16 14:52:53.298,0.78826,0.78836,2.89,1.95
2012.02.16 14:52:53.663,0.78828,0.78836,1.20,4.35
2012.02.16 14:52:54.435,0.78828,0.78833,1.20,1.69
2012.02.16 14:52:54.588,0.78823,0.78828,1.95,2.25
2012.02.16 14:52:55.119,0.78823,0.7883,1.20,4.13
2012.02.16 14:52:55.617,0.78823,0.78828,1.20,1.50
2012.02.16 14:52:59.448,0.7882,0.78828,3.45,1.80
2012.02.16 14:53:00.081,0.7882,0.78828,2.70,1.80
2012.02.16 14:53:00.564,0.7882,0.78828,2.70,1.50
2012.02.16 14:53:01.119,0.78821,0.78828,1.50,1.80
2012.02.16 14:53:01.604,0.78823,0.78829,1.50,2.55
2012.02.16 14:53:02.165,0.78823,0.78829,1.50,1.50
2012.02.16 14:53:10.344,0.78824,0.78829,1.20,1.50
2012.02.16 14:53:10.428,0.78825,0.78831,1.50,1.50
2012.02.16 14:53:22.843,0.78825,0.7883,1.50,5.10
2012.02.16 14:53:22.934,0.78822,0.78827,2.25,2.63
2012.02.16 14:53:23.224,0.78819,0.78825,5.25,1.50
2012.02.16 14:53:31.634,0.78815,0.78819,3.58,1.20
2012.02.16 14:53:31.851,0.78813,0.78818,1.95,1.50
2012.02.16 14:53:32.762,0.78813,0.78819,2.70,2.70
2012.02.16 14:53:37.065,0.78814,0.78821,1.50,1.50
2012.02.16 14:53:37.594,0.78813,0.78819,4.20,1.50
2012.02.16 14:53:37.913,0.78813,0.78817,1.20,1.50
2012.02.16 14:53:39.142,0.78811,0.78815,1.50,1.20
2012.02.16 14:53:40.375,0.78812,0.78817,1.20,1.50
2012.02.16 14:53:40.515,0.78812,0.7882,2.70,5.93
2012.02.16 14:53:41.140,0.78812,0.7882,3.45,3.45
2012.02.16 14:53:41.948,0.78815,0.7882,1.50,1.20
2012.02.16 14:53:44.638,0.78816,0.78821,1.20,1.88
2012.02.16 14:53:45.307,0.78815,0.7882,2.44,1.20
2012.02.16 14:53:46.427,0.78815,0.7882,2.25,1.20
2012.02.16 14:53:47.216,0.78816,0.78821,1.20,1.50
2012.02.16 14:53:47.923,0.78816,0.78822,2.70,1.20
2012.02.16 14:53:48.430,0.78818,0.78822,2.25,1.20
2012.02.16 14:53:50.375,0.78824,0.78829,1.50,1.05
2012.02.16 14:53:50.885,0.78824,0.78829,2.46,1.05
2012.02.16 14:53:51.759,0.78825,0.78831,2.25,1.20
2012.02.16 14:53:52.324,0.78825,0.78831,1.50,1.95
2012.02.16 14:53:52.404,0.78825,0.78833,2.25,3.00
2012.02.16 14:53:53.095,0.78825,0.78831,2.25,1.95
2012.02.16 14:53:53.632,0.78828,0.78834,1.50,1.69
2012.02.16 14:53:55.820,0.78826,0.78831,1.50,1.20
2012.02.16 14:53:57.559,0.78823,0.78827,2.46,2.70
2012.02.16 14:53:57.649,0.78821,0.78827,2.70,1.95
2012.02.16 14:53:57.736,0.78823,0.78829,3.00,1.13
2012.02.16 14:53:58.235,0.78825,0.7883,1.43,2.48
2012.02.16 14:53:58.847,0.78823,0.7883,1.50,2.63
2012.02.16 14:53:59.356,0.78824,0.7883,1.50,2.25
2012.02.16 14:54:00.308,0.78822,0.7883,3.00,2.25
2012.02.16 14:54:00.813,0.78823,0.7883,1.50,1.50
2012.02.16 14:54:01.097,0.78823,0.7883,2.70,1.50
2012.02.16 14:54:01.716,0.78825,0.78831,2.25,1.20
2012.02.16 14:54:01.813,0.78823,0.78828,1.50,1.95
2012.02.16 14:54:01.903,0.78822,0.78827,1.50,2.25
2012.02.16 14:54:02.402,0.78824,0.78828,1.50,2.25
2012.02.16 14:54:02.623,0.78822,0.78827,1.50,2.25
2012.02.16 14:54:03.298,0.78821,0.78827,1.50,2.25
2012.02.16 14:54:03.796,0.78819,0.78824,1.95,1.50
2012.02.16 14:54:03.942,0.78816,0.78821,2.66,1.20
2012.02.16 14:54:04.635,0.78816,0.78822,1.50,1.50
2012.02.16 14:54:04.746,0.78819,0.78825,1.50,3.19
2012.02.16 14:54:05.008,0.78816,0.78826,3.00,3.53
2012.02.16 14:54:05.570,0.78819,0.78824,1.50,2.63
2012.02.16 14:54:06.093,0.78816,0.78823,2.25,1.20
2012.02.16 14:54:06.870,0.78817,0.78824,1.50,1.20
2012.02.16 14:54:07.523,0.78818,0.78823,2.25,1.20
2012.02.16 14:54:08.082,0.78818,0.78824,2.25,3.00
2012.02.16 14:54:09.062,0.78816,0.78822,1.50,1.32
2012.02.16 14:54:09.146,0.78814,0.78818,1.50,1.20
2012.02.16 14:54:09.709,0.78818,0.78825,1.50,3.00
2012.02.16 14:54:10.543,0.78817,0.78823,1.50,6.72
2012.02.16 14:54:11.179,0.78816,0.78821,1.50,1.20
2012.02.16 14:54:12.375,0.78814,0.7882,2.25,1.50
2012.02.16 14:54:12.845,0.78814,0.78818,3.00,1.20
2012.02.16 14:54:13.757,0.78814,0.7882,2.25,1.50
2012.02.16 14:54:14.295,0.78814,0.78818,1.50,1.20
2012.02.16 14:54:14.844,0.78812,0.78818,2.70,1.20
2012.02.16 14:54:15.591,0.78812,0.78818,1.95,1.20
2012.02.16 14:54:15.678,0.78814,0.78818,1.50,1.20
2012.02.16 14:54:16.892,0.78814,0.7882,2.25,1.50
2012.02.16 14:54:17.488,0.78814,0.78818,1.50,1.20
2012.02.16 14:54:17.699,0.78812,0.78818,1.20,1.20
2012.02.16 14:54:18.253,0.78813,0.78818,2.25,1.20
2012.02.16 14:54:18.330,0.78814,0.7882,1.20,1.50
2012.02.16 14:54:19.002,0.78815,0.78821,3.00,1.05
2012.02.16 14:54:19.218,0.78818,0.78822,1.50,1.50
2012.02.16 14:54:19.782,0.78815,0.78822,2.46,2.55
2012.02.16 14:54:20.728,0.78818,0.78822,1.50,1.50
2012.02.16 14:54:21.022,0.78817,0.78822,1.20,1.05
2012.02.16 14:54:21.586,0.78816,0.78821,1.98,1.05
2012.02.16 14:54:22.385,0.78816,0.78822,1.81,1.05
2012.02.16 14:54:22.484,0.78819,0.78824,1.50,2.55
2012.02.16 14:54:22.832,0.78815,0.78824,1.50,1.05
2012.02.16 14:54:22.976,0.78814,0.78822,4.18,1.05
2012.02.16 14:54:23.046,0.78817,0.78821,2.25,1.05
2012.02.16 14:54:23.670,0.78817,0.78823,2.25,1.35
2012.02.16 14:54:24.255,0.78816,0.78824,2.08,1.05
2012.02.16 14:54:24.537,0.7882,0.78825,1.20,1.50
2012.02.16 14:54:25.143,0.78819,0.78824,1.69,1.05
2012.02.16 14:54:25.500,0.7882,0.78827,1.20,2.25
2012.02.16 14:54:26.064,0.7882,0.78826,1.20,1.05
2012.02.16 14:54:26.735,0.7882,0.78827,1.20,2.25
2012.02.16 14:54:28.532,0.7882,0.78827,1.20,1.50
2012.02.16 14:54:31.387,0.7882,0.78827,5.70,1.50
2012.02.16 14:54:31.956,0.78821,0.78829,2.44,1.05
2012.02.16 14:54:32.578,0.78821,0.78829,1.50,1.05
2012.02.16 14:54:33.854,0.78821,0.78829,4.53,1.05
2012.02.16 14:54:34.244,0.78823,0.7883,1.88,2.25
2012.02.16 14:54:34.392,0.78821,0.78828,4.88,1.05
2012.02.16 14:54:35.335,0.78823,0.78828,2.63,1.35
2012.02.16 14:54:35.830,0.78824,0.7883,1.20,2.10
2012.02.16 14:54:36.837,0.78824,0.7883,1.20,1.05
2012.02.16 14:54:38.300,0.78824,0.78828,1.20,1.50
2012.02.16 14:54:38.653,0.78822,0.7883,1.95,2.25
2012.02.16 14:54:40.375,0.78822,0.78829,1.95,1.50
2012.02.16 14:54:40.727,0.78822,0.78828,3.45,1.50
2012.02.16 14:54:40.870,0.78822,0.78828,3.45,1.50
2012.02.16 14:54:41.457,0.78823,0.7883,2.25,1.20
2012.02.16 14:54:43.123,0.78824,0.7883,1.50,1.20
2012.02.16 14:54:43.639,0.78823,0.7883,2.25,1.20
2012.02.16 14:54:44.498,0.78823,0.7883,2.25,1.20
2012.02.16 14:54:45.268,0.78823,0.7883,3.00,1.20
2012.02.16 14:54:45.840,0.78825,0.78831,1.20,2.25
2012.02.16 14:54:46.382,0.78825,0.78831,1.20,2.25
2012.02.16 14:54:47.451,0.78825,0.78831,1.20,1.80
2012.02.16 14:54:49.106,0.78826,0.78832,3.75,2.25
2012.02.16 14:54:49.598,0.78828,0.78833,1.50,1.95
2012.02.16 14:54:51.046,0.78827,0.78833,1.20,2.85
2012.02.16 14:54:51.606,0.78828,0.78834,1.50,3.00
2012.02.16 14:54:52.378,0.78828,0.78834,1.50,2.25
2012.02.16 14:54:52.907,0.78828,0.78834,1.50,3.60
2012.02.16 14:54:54.442,0.78827,0.78832,1.95,1.50
2012.02.16 14:54:54.803,0.78828,0.78834,3.00,3.00
2012.02.16 14:54:55.502,0.7883,0.78834,1.20,2.25
2012.02.16 14:54:56.022,0.7883,0.78836,1.20,1.50
2012.02.16 14:54:56.901,0.7883,0.78837,1.20,3.00
2012.02.16 14:54:57.399,0.78831,0.78837,1.50,1.50
2012.02.16 14:54:58.410,0.7883,0.78837,3.11,1.50
2012.02.16 14:54:58.523,0.78831,0.78839,1.50,2.25
2012.02.16 14:54:59.103,0.7883,0.78837,1.50,1.95
2012.02.16 14:54:59.814,0.78829,0.78838,4.91,2.25
2012.02.16 14:55:00.113,0.78834,0.78841,1.50,1.35
2012.02.16 14:55:00.334,0.78834,0.78839,2.25,1.95
2012.02.16 14:55:00.482,0.7883,0.78838,8.74,1.05
2012.02.16 14:55:01.223,0.7883,0.78838,10.68,1.05
2012.02.16 14:55:01.451,0.7883,0.78837,3.57,1.05
2012.02.16 14:55:01.747,0.78831,0.78838,3.38,1.05
2012.02.16 14:55:01.888,0.78833,0.78838,1.20,1.05
2012.02.16 14:55:02.502,0.78833,0.78839,1.95,4.20
2012.02.16 14:55:02.660,0.78831,0.78838,2.63,1.50
2012.02.16 14:55:04.086,0.78831,0.78838,2.82,1.05
2012.02.16 14:55:04.167,0.78831,0.78839,2.82,2.25
2012.02.16 14:55:04.730,0.78831,0.78839,2.82,1.50
2012.02.16 14:55:05.433,0.78833,0.78841,2.25,2.55
2012.02.16 14:55:05.903,0.78835,0.78845,5.91,2.25
2012.02.16 14:55:06.468,0.78838,0.78845,1.20,1.50
2012.02.16 14:55:07.047,0.7884,0.78847,1.20,2.10
2012.02.16 14:55:07.367,0.78844,0.7885,1.20,1.20
2012.02.16 14:55:07.787,0.78846,0.7885,1.50,1.20
2012.02.16 14:55:08.459,0.78846,0.78854,1.50,3.00
2012.02.16 14:55:08.552,0.78847,0.78855,1.20,3.45
2012.02.16 14:55:08.713,0.78847,0.78854,1.20,1.50
2012.02.16 14:55:09.849,0.78847,0.78854,2.33,1.50
2012.02.16 14:55:10.138,0.78848,0.78855,1.50,1.20
2012.02.16 14:55:10.640,0.78849,0.78855,2.25,1.20
2012.02.16 14:55:11.263,0.78849,0.78855,2.25,2.70
2012.02.16 14:55:11.355,0.78845,0.7885,2.83,1.50
2012.02.16 14:55:12.869,0.78842,0.78853,3.78,2.25
2012.02.16 14:55:13.017,0.78847,0.78853,1.20,1.50
2012.02.16 14:55:13.091,0.78845,0.78853,2.78,2.70
2012.02.16 14:55:13.588,0.78845,0.78849,1.50,1.20
2012.02.16 14:55:14.271,0.7884,0.78849,2.07,1.95
2012.02.16 14:55:14.576,0.78841,0.78847,1.50,1.50
2012.02.16 14:55:14.934,0.78835,0.78842,11.33,1.05
2012.02.16 14:55:15.607,0.78835,0.78842,6.68,1.05
2012.02.16 14:55:15.974,0.78842,0.78848,2.25,1.50
2012.02.16 14:55:16.051,0.78838,0.78849,5.10,1.95
2012.02.16 14:55:16.198,0.78843,0.78849,1.20,1.20
2012.02.16 14:55:17.168,0.78838,0.78849,6.94,1.95
2012.02.16 14:55:17.238,0.78843,0.78849,1.20,1.20
2012.02.16 14:55:17.311,0.78838,0.78844,6.94,1.50
2012.02.16 14:55:18.558,0.78841,0.78846,2.25,1.50
2012.02.16 14:55:18.652,0.78841,0.78849,3.26,1.20
2012.02.16 14:55:18.881,0.78846,0.78851,1.20,1.50
2012.02.16 14:55:18.969,0.78852,0.78856,1.20,2.44
2012.02.16 14:55:19.190,0.7885,0.78858,2.44,1.50
2012.02.16 14:55:19.339,0.78854,0.78859,1.50,2.25
2012.02.16 14:55:19.487,0.78854,0.7886,1.50,2.70
2012.02.16 14:55:19.560,0.78849,0.7886,4.18,3.45
2012.02.16 14:55:20.147,0.78848,0.78854,1.71,1.05
2012.02.16 14:55:20.502,0.78845,0.78858,10.58,2.25
2012.02.16 14:55:20.579,0.78857,0.78861,1.20,1.50
2012.02.16 14:55:20.663,0.78857,0.78865,3.45,3.45
2012.02.16 14:55:20.741,0.7886,0.78865,1.50,1.20
2012.02.16 14:55:21.610,0.7886,0.78866,4.20,1.50
2012.02.16 14:55:21.700,0.78861,0.78868,3.00,1.20
2012.02.16 14:55:21.784,0.78864,0.78868,1.50,1.20
2012.02.16 14:55:21.860,0.78861,0.78867,3.00,1.50
2012.02.16 14:55:22.407,0.78862,0.78868,3.00,1.20
2012.02.16 14:55:23.421,0.78862,0.78868,2.25,1.20
2012.02.16 14:55:23.715,0.78858,0.78864,1.71,1.20
2012.02.16 14:55:24.070,0.78851,0.78858,3.00,1.20
2012.02.16 14:55:24.667,0.78849,0.78855,2.67,1.05
2012.02.16 14:55:25.201,0.78848,0.78858,1.13,3.45
2012.02.16 14:55:25.280,0.78847,0.78855,3.11,1.95
2012.02.16 14:55:25.495,0.7885,0.78857,2.25,1.95
2012.02.16 14:55:25.641,0.78848,0.78855,2.63,1.20
2012.02.16 14:55:26.266,0.78848,0.78855,2.63,1.50
2012.02.16 14:55:26.562,0.78848,0.78854,1.88,1.05
2012.02.16 14:55:27.124,0.78847,0.78855,7.20,1.95
2012.02.16 14:55:27.707,0.78848,0.78855,3.79,2.25
2012.02.16 14:55:28.269,0.78851,0.78855,1.50,1.20
2012.02.16 14:55:29.523,0.78849,0.78855,1.50,2.70
2012.02.16 14:55:30.077,0.78849,0.78854,1.50,1.05
2012.02.16 14:55:30.559,0.78847,0.78853,2.70,1.95
2012.02.16 14:55:31.422,0.78847,0.78853,2.70,1.95
2012.02.16 14:55:31.974,0.78847,0.78853,2.89,1.95
2012.02.16 14:55:32.718,0.78845,0.7885,7.17,1.05
2012.02.16 14:55:33.224,0.78846,0.78851,1.33,1.05
2012.02.16 14:55:33.767,0.78847,0.78853,2.89,1.95
2012.02.16 14:55:35.195,0.78847,0.78853,2.89,1.50
2012.02.16 14:55:36.069,0.78846,0.78852,1.33,1.05
2012.02.16 14:55:36.148,0.78847,0.78853,2.89,1.80
2012.02.16 14:55:37.071,0.78849,0.78853,3.00,1.20
2012.02.16 14:55:37.432,0.78849,0.78855,3.75,1.50
2012.02.16 14:55:37.710,0.78848,0.78853,3.00,1.20
2012.02.16 14:55:38.472,0.78848,0.78857,3.00,1.50
2012.02.16 14:55:38.751,0.78848,0.78853,2.25,1.95
2012.02.16 14:55:38.828,0.78848,0.78862,3.00,5.25
2012.02.16 14:55:38.967,0.78848,0.78853,2.25,1.20
2012.02.16 14:55:39.377,0.78851,0.78856,1.50,2.25
2012.02.16 14:55:40.062,0.78848,0.78853,2.25,1.50
2012.02.16 14:55:40.585,0.78851,0.78857,1.50,2.55
2012.02.16 14:55:41.196,0.78851,0.78856,1.50,1.20
2012.02.16 14:55:41.267,0.78851,0.78864,2.25,10.53
2012.02.16 14:55:41.412,0.78858,0.78864,4.50,2.93
2012.02.16 14:55:41.970,0.78858,0.78864,4.50,3.68
2012.02.16 14:55:42.069,0.78872,0.78877,1.39,2.25
2012.02.16 14:55:42.218,0.78873,0.7888,1.43,3.04
2012.02.16 14:55:42.295,0.78879,0.78883,1.20,2.63
2012.02.16 14:55:42.448,0.7888,0.78885,1.88,2.25
2012.02.16 14:55:42.591,0.78882,0.78886,6.04,1.50
2012.02.16 14:55:42.673,0.78886,0.78893,1.50,1.13
2012.02.16 14:55:42.755,0.78885,0.78891,2.70,1.50
2012.02.16 14:55:43.326,0.78888,0.78894,1.50,2.26
2012.02.16 14:55:43.414,0.78886,0.78892,1.50,1.50
2012.02.16 14:55:43.979,0.78886,0.78892,1.50,2.25
2012.02.16 14:55:44.860,0.78885,0.78891,1.20,2.44
2012.02.16 14:55:45.154,0.78883,0.78891,1.50,2.44
2012.02.16 14:55:45.439,0.78881,0.78889,2.70,1.50
2012.02.16 14:55:47.046,0.78883,0.78889,1.20,1.50
2012.02.16 14:55:47.397,0.7888,0.78885,1.50,1.95
2012.02.16 14:55:48.175,0.78875,0.78881,1.50,2.89
2012.02.16 14:55:48.260,0.7887,0.78877,2.25,1.20
2012.02.16 14:55:48.408,0.78869,0.78875,3.45,1.50
2012.02.16 14:55:50.148,0.78869,0.78873,1.50,1.20
2012.02.16 14:55:50.361,0.78867,0.78873,1.20,1.20
2012.02.16 14:55:52.809,0.78873,0.78877,1.20,2.63
2012.02.16 14:55:53.136,0.78876,0.78881,1.20,1.69
2012.02.16 14:55:53.684,0.78876,0.78881,1.20,1.50
2012.02.16 14:55:54.561,0.78878,0.78884,2.10,3.45
2012.02.16 14:55:54.640,0.78881,0.78887,1.20,1.20
2012.02.16 14:55:54.997,0.78883,0.78888,1.20,1.50
2012.02.16 14:55:55.559,0.78883,0.78889,3.66,3.75
2012.02.16 14:55:56.075,0.78888,0.78892,1.20,2.25
2012.02.16 14:55:56.161,0.78888,0.78894,1.20,1.50
2012.02.16 14:55:56.779,0.78886,0.78893,4.50,2.25
2012.02.16 14:55:57.717,0.78887,0.78893,2.10,2.25
2012.02.16 14:55:58.278,0.78886,0.78893,1.20,2.25
2012.02.16 14:55:58.701,0.78885,0.78893,4.35,1.50
2012.02.16 14:55:59.333,0.78882,0.78896,1.91,3.64
2012.02.16 14:55:59.685,0.78885,0.78896,5.10,4.39
2012.02.16 14:56:00.027,0.78882,0.78896,1.50,4.39
2012.02.16 14:56:00.157,0.78888,0.78896,2.70,3.64
2012.02.16 14:56:01.311,0.78884,0.7889,3.08,1.50
2012.02.16 14:56:01.857,0.78884,0.7889,2.70,2.25
2012.02.16 14:56:02.208,0.78884,0.78888,1.20,1.50
2012.02.16 14:56:03.112,0.78884,0.7889,2.70,2.25
2012.02.16 14:56:03.258,0.78877,0.78889,3.26,1.50
2012.02.16 14:56:03.597,0.78884,0.7889,1.95,2.25
2012.02.16 14:56:03.675,0.78886,0.78893,3.00,1.50
2012.02.16 14:56:04.423,0.78886,0.78895,2.46,1.50
2012.02.16 14:56:04.634,0.78884,0.78892,3.83,4.20
2012.02.16 14:56:05.060,0.78883,0.78892,1.71,4.20
2012.02.16 14:56:05.459,0.78887,0.78892,1.50,1.95
2012.02.16 14:56:05.603,0.78887,0.78892,1.50,1.20
2012.02.16 14:56:05.678,0.78881,0.78892,1.53,1.95
2012.02.16 14:56:06.201,0.78884,0.78891,1.58,3.00
2012.02.16 14:56:06.699,0.78881,0.78888,1.13,2.25
2012.02.16 14:56:07.066,0.78879,0.78889,4.92,2.25
2012.02.16 14:56:07.788,0.78884,0.78892,1.95,3.08
2012.02.16 14:56:07.894,0.78881,0.78889,2.46,1.50
2012.02.16 14:56:08.189,0.78885,0.78892,1.50,2.70
2012.02.16 14:56:08.343,0.7888,0.78892,4.22,2.70
2012.02.16 14:56:08.497,0.78884,0.78891,1.20,2.25
2012.02.16 14:56:09.262,0.78884,0.7889,1.95,1.50
2012.02.16 14:56:09.349,0.78884,0.78891,1.95,1.50
2012.02.16 14:56:10.192,0.78883,0.78892,2.70,2.70
2012.02.16 14:56:10.900,0.78884,0.78892,2.07,4.20
2012.02.16 14:56:10.993,0.7888,0.78889,1.91,2.25
2012.02.16 14:56:11.420,0.78883,0.78889,1.50,2.25
2012.02.16 14:56:11.709,0.78884,0.78889,1.58,2.25
2012.02.16 14:56:12.904,0.78884,0.7889,1.95,2.25
2012.02.16 14:56:13.121,0.78886,0.78891,1.20,1.50
2012.02.16 14:56:13.816,0.78886,0.78892,1.95,1.95
2012.02.16 14:56:14.367,0.78886,0.78892,1.58,3.45
2012.02.16 14:56:14.922,0.78884,0.78891,1.13,3.45
2012.02.16 14:56:15.825,0.78884,0.78893,1.88,5.44
2012.02.16 14:56:16.390,0.78886,0.78891,1.13,3.45
2012.02.16 14:56:17.200,0.78884,0.78893,1.13,3.94
2012.02.16 14:56:17.716,0.78884,0.78891,1.88,1.20
2012.02.16 14:56:18.281,0.78884,0.78893,1.88,4.69
2012.02.16 14:56:20.455,0.78885,0.7889,1.13,1.50
2012.02.16 14:56:20.938,0.78885,0.7889,1.13,2.25
2012.02.16 14:56:22.184,0.78883,0.78891,1.58,4.20
2012.02.16 14:56:22.749,0.78884,0.78891,1.13,4.39
2012.02.16 14:56:23.299,0.78883,0.78891,1.58,3.64
2012.02.16 14:56:23.837,0.78883,0.78891,2.33,3.64
2012.02.16 14:56:24.398,0.78883,0.78891,1.58,8.89
2012.02.16 14:56:25.448,0.78879,0.78884,1.88,1.20
2012.02.16 14:56:25.718,0.78878,0.78882,1.95,1.50
2012.02.16 14:56:26.268,0.78878,0.78882,1.20,2.25
2012.02.16 14:56:26.806,0.78878,0.78885,1.95,1.92
2012.02.16 14:56:27.398,0.78876,0.78884,2.25,7.54
2012.02.16 14:56:27.606,0.78872,0.78877,1.50,1.20
2012.02.16 14:56:27.819,0.78869,0.78877,5.14,2.70
2012.02.16 14:56:28.529,0.78867,0.78874,3.08,5.63
2012.02.16 14:56:29.025,0.78864,0.78869,1.50,1.20
2012.02.16 14:56:29.114,0.78858,0.78864,2.70,1.20
2012.02.16 14:56:29.331,0.78862,0.7887,1.13,2.05
2012.02.16 14:56:29.416,0.78863,0.78869,2.89,3.75
2012.02.16 14:56:29.490,0.78865,0.78869,1.50,2.25
2012.02.16 14:56:29.570,0.78869,0.78873,2.70,1.50
2012.02.16 14:56:29.646,0.7887,0.78876,1.50,1.50
2012.02.16 14:56:31.754,0.78874,0.78878,1.20,1.50
2012.02.16 14:56:31.831,0.78874,0.78879,1.20,2.93
2012.02.16 14:56:32.115,0.78876,0.7888,1.50,1.20
2012.02.16 14:56:32.695,0.78877,0.78884,1.50,1.69
2012.02.16 14:56:33.038,0.78881,0.78885,1.20,2.25
2012.02.16 14:56:33.253,0.78881,0.78887,2.70,3.08
2012.02.16 14:56:33.398,0.78878,0.78884,2.63,1.43
2012.02.16 14:56:33.536,0.78881,0.78887,4.20,4.13
2012.02.16 14:56:33.905,0.78883,0.78887,1.50,1.95
2012.02.16 14:56:34.448,0.78883,0.78887,1.50,1.20
2012.02.16 14:56:35.420,0.78881,0.78887,1.20,1.20
2012.02.16 14:56:39.338,0.78882,0.78888,1.20,2.70
2012.02.16 14:56:46.449,0.78883,0.78888,1.50,1.20
2012.02.16 14:56:47.913,0.78882,0.78887,1.20,1.50
2012.02.16 14:56:49.443,0.78881,0.78887,1.50,1.50
2012.02.16 14:56:55.086,0.78879,0.78884,1.50,1.20
2012.02.16 14:56:55.236,0.78877,0.78884,1.13,1.20
2012.02.16 14:56:55.904,0.78876,0.78884,1.20,2.33
2012.02.16 14:56:55.987,0.78876,0.78884,1.20,3.00
2012.02.16 14:56:57.098,0.78876,0.78883,1.20,2.25
2012.02.16 14:56:57.753,0.78876,0.78883,1.20,4.50
2012.02.16 14:57:00.499,0.78875,0.78881,1.20,1.39
2012.02.16 14:57:04.941,0.78875,0.7888,1.20,2.18
2012.02.16 14:57:05.022,0.78872,0.78878,1.20,1.20
2012.02.16 14:57:06.727,0.78872,0.78878,1.20,3.57
2012.02.16 14:57:07.923,0.78872,0.78877,1.20,1.35
2012.02.16 14:57:08.544,0.78872,0.78878,1.20,3.30
2012.02.16 14:57:09.706,0.78869,0.78877,1.20,1.88
2012.02.16 14:57:10.214,0.7887,0.78876,1.50,1.50
2012.02.16 14:57:13.888,0.78871,0.78877,1.50,1.20
2012.02.16 14:57:13.962,0.78873,0.78879,1.20,2.70
2012.02.16 14:57:17.169,0.78873,0.78879,2.70,1.95
2012.02.16 14:57:17.745,0.78873,0.78879,2.70,3.38
2012.02.16 14:57:18.235,0.78873,0.78878,1.20,1.50
2012.02.16 14:57:19.551,0.78874,0.78878,1.20,1.50
2012.02.16 14:57:21.826,0.78874,0.7888,1.20,1.20
2012.02.16 14:57:24.193,0.78873,0.7888,1.50,1.20
2012.02.16 14:57:26.646,0.78872,0.78879,1.95,1.50
2012.02.16 14:57:27.629,0.78872,0.78878,2.70,1.50
2012.02.16 14:57:28.204,0.78872,0.78879,1.20,1.50
2012.02.16 14:57:29.848,0.78871,0.78877,2.70,1.20
2012.02.16 14:57:30.740,0.78871,0.78877,1.20,3.38
2012.02.16 14:57:31.289,0.78871,0.78877,1.20,2.70
2012.02.16 14:57:31.850,0.78871,0.78876,1.20,2.18
2012.02.16 14:57:32.394,0.78871,0.78875,1.20,2.18
2012.02.16 14:57:34.729,0.78867,0.78873,3.83,1.20
2012.02.16 14:57:35.227,0.78867,0.78872,1.20,1.50
2012.02.16 14:57:35.298,0.78864,0.7887,1.50,1.50
2012.02.16 14:57:36.094,0.78863,0.78869,1.20,1.20
2012.02.16 14:57:36.960,0.78861,0.78866,3.75,1.20
2012.02.16 14:57:37.262,0.78859,0.78864,1.33,1.50
2012.02.16 14:57:37.486,0.78858,0.78864,4.20,1.50
2012.02.16 14:57:40.422,0.78865,0.78869,1.20,1.50
2012.02.16 14:57:40.648,0.78865,0.7887,1.20,2.18
2012.02.16 14:57:41.195,0.78865,0.7887,1.20,1.50
2012.02.16 14:57:43.278,0.78864,0.78868,2.25,1.20
2012.02.16 14:57:44.018,0.78862,0.78868,3.45,2.70
2012.02.16 14:57:47.037,0.78862,0.78868,3.45,2.70
2012.02.16 14:57:47.584,0.78862,0.78868,2.70,2.70
2012.02.16 14:57:48.269,0.78862,0.78868,3.45,2.70
2012.02.16 14:57:48.805,0.78862,0.78868,3.45,2.70
2012.02.16 14:57:51.724,0.78862,0.78868,3.45,2.70
2012.02.16 14:57:52.492,0.78862,0.78868,3.45,2.70
2012.02.16 14:57:53.174,0.78862,0.7887,4.20,1.50
2012.02.16 14:57:53.374,0.78862,0.78868,4.20,2.70
2012.02.16 14:57:53.925,0.78862,0.78868,3.45,2.70
2012.02.16 14:57:55.053,0.78862,0.78868,3.45,2.70
2012.02.16 14:57:56.375,0.78862,0.78868,3.45,2.70
2012.02.16 14:58:00.217,0.78862,0.78868,2.70,2.70
2012.02.16 14:58:00.902,0.78862,0.78866,1.50,1.20
2012.02.16 14:58:01.495,0.78858,0.78862,1.20,1.50
2012.02.16 14:58:01.786,0.78856,0.7886,2.25,2.10
2012.02.16 14:58:02.151,0.78848,0.78854,6.45,1.20
2012.02.16 14:58:03.037,0.78849,0.78859,1.50,5.07
2012.02.16 14:58:03.312,0.78852,0.78857,1.50,1.43
2012.02.16 14:58:03.394,0.78855,0.78859,1.20,1.50
2012.02.16 14:58:03.543,0.78861,0.78865,2.25,4.06
2012.02.16 14:58:04.191,0.78854,0.7886,2.46,1.50
2012.02.16 14:58:04.704,0.78855,0.7886,1.50,1.35
2012.02.16 14:58:04.855,0.78856,0.78862,1.95,1.58
2012.02.16 14:58:05.530,0.78856,0.78862,2.70,2.33
2012.02.16 14:58:05.655,0.78853,0.78859,1.50,2.70
2012.02.16 14:58:06.007,0.78851,0.78859,4.39,2.70
2012.02.16 14:58:06.223,0.78854,0.78859,1.50,1.95
2012.02.16 14:58:08.669,0.78855,0.78859,1.50,1.20
2012.02.16 14:58:09.042,0.78856,0.78863,1.35,2.25
2012.02.16 14:58:09.548,0.78857,0.78862,1.71,1.50
2012.02.16 14:58:10.118,0.78857,0.78864,2.46,1.95
2012.02.16 14:58:10.195,0.78859,0.78864,1.50,1.20
2012.02.16 14:58:16.556,0.78859,0.78865,1.50,1.95
2012.02.16 14:58:19.158,0.78857,0.78863,4.95,3.04
2012.02.16 14:58:19.586,0.78859,0.78865,1.50,2.70
2012.02.16 14:58:27.930,0.78859,0.78865,1.50,2.89
2012.02.16 14:58:28.499,0.78855,0.7886,1.20,1.50
2012.02.16 14:58:29.357,0.78852,0.78858,1.50,1.50
2012.02.16 14:58:29.567,0.78852,0.78858,2.70,2.70
2012.02.16 14:58:37.960,0.78855,0.7886,1.20,1.88
2012.02.16 14:58:38.519,0.78856,0.78862,1.50,1.50
2012.02.16 14:58:40.439,0.78857,0.78863,1.50,1.20
2012.02.16 14:58:43.313,0.78857,0.78865,2.70,2.70
2012.02.16 14:58:43.813,0.7886,0.78865,1.50,1.20
2012.02.16 14:58:44.341,0.78862,0.78868,2.70,1.50
2012.02.16 14:58:44.700,0.78863,0.7887,2.25,1.20
2012.02.16 14:58:45.646,0.78863,0.7887,2.25,1.20
2012.02.16 14:58:46.813,0.7886,0.78865,2.83,1.20
2012.02.16 14:58:46.962,0.78862,0.7887,2.25,3.53
2012.02.16 14:58:47.253,0.7886,0.78865,1.88,2.70
2012.02.16 14:58:50.256,0.78862,0.78868,1.20,1.50
2012.02.16 14:58:51.768,0.78862,0.7887,2.70,3.98
2012.02.16 14:58:56.658,0.78862,0.7887,2.70,5.67
2012.02.16 14:58:57.447,0.78861,0.78865,1.50,1.95
2012.02.16 14:58:57.765,0.78859,0.78863,1.20,1.50
2012.02.16 14:59:08.520,0.78857,0.78862,1.50,1.20
2012.02.16 14:59:08.867,0.78855,0.78859,1.50,1.50
2012.02.16 14:59:10.574,0.78853,0.78859,1.69,1.50
2012.02.16 14:59:11.569,0.78852,0.78858,1.20,1.50
2012.02.16 14:59:24.454,0.78853,0.78858,1.50,1.20
2012.02.16 14:59:25.735,0.78852,0.78858,1.20,2.70
2012.02.16 14:59:28.299,0.78853,0.78859,1.50,1.50
2012.02.16 14:59:32.056,0.78852,0.78857,1.20,1.50
2012.02.16 14:59:33.747,0.78851,0.78857,2.70,1.50
2012.02.16 14:59:36.290,0.78851,0.78857,2.70,2.25
2012.02.16 14:59:36.368,0.78849,0.78855,2.78,2.70
2012.02.16 14:59:36.447,0.78852,0.78858,1.20,2.70
2012.02.16 14:59:36.525,0.78852,0.78858,1.20,2.70
2012.02.16 14:59:41.946,0.78851,0.78857,1.20,1.20
2012.02.16 14:59:47.024,0.78851,0.78858,1.20,1.50
2012.02.16 14:59:47.569,0.78852,0.78859,1.50,1.20
2012.02.16 14:59:52.302,0.78852,0.7886,1.50,2.70
2012.02.16 14:59:54.441,0.78853,0.7886,1.20,1.50
2012.02.16 14:59:54.590,0.78856,0.78864,1.50,6.75
2012.02.16 14:59:55.156,0.78857,0.78865,1.50,2.70
2012.02.16 14:59:55.790,0.78853,0.78865,1.20,1.20
