2011.11.16 09:00:00.338,0.76951,0.7696,1.50,1.50
2011.11.16 09:00:00.460,0.76951,0.7696,1.13,1.50
2011.11.16 09:00:01.296,0.76951,0.76963,7.50,1.50
2011.11.16 09:00:02.513,0.76952,0.76963,1.50,4.50
2011.11.16 09:00:03.016,0.7695,0.7696,3.75,2.25
2011.11.16 09:00:04.329,0.7695,0.7696,3.75,2.37
2011.11.16 09:00:04.818,0.76948,0.76959,1.50,3.12
2011.11.16 09:00:05.377,0.76947,0.76958,8.63,1.62
2011.11.16 09:00:05.619,0.76947,0.76958,3.00,4.35
2011.11.16 09:00:06.457,0.76947,0.76958,2.25,5.22
2011.11.16 09:00:07.410,0.76947,0.76958,1.88,5.22
2011.11.16 09:00:08.371,0.76947,0.76957,1.88,3.75
2011.11.16 09:00:08.737,0.76945,0.76956,2.63,2.25
2011.11.16 09:00:11.982,0.76947,0.76957,1.50,2.25
2011.11.16 09:00:16.301,0.76947,0.76957,1.50,1.50
2011.11.16 09:00:16.908,0.76947,0.76957,1.88,2.63
2011.11.16 09:00:23.548,0.76947,0.76957,4.88,1.88
2011.11.16 09:00:24.145,0.76947,0.76957,4.13,3.38
2011.11.16 09:00:29.915,0.76946,0.76954,1.88,1.50
2011.11.16 09:00:30.043,0.76947,0.76957,2.63,1.13
2011.11.16 09:00:30.645,0.76947,0.76957,1.50,1.13
2011.11.16 09:00:37.276,0.76945,0.76955,3.00,1.88
2011.11.16 09:00:40.128,0.76945,0.76955,2.25,2.85
2011.11.16 09:00:41.413,0.76945,0.76955,3.00,1.88
2011.11.16 09:00:42.126,0.76947,0.76955,1.13,1.50
2011.11.16 09:00:42.246,0.76947,0.76957,2.63,2.63
2011.11.16 09:00:57.726,0.76947,0.76957,4.88,1.88
2011.11.16 09:01:02.462,0.76948,0.76957,1.50,1.88
2011.11.16 09:01:05.224,0.76947,0.76957,4.88,1.88
2011.11.16 09:01:08.974,0.76947,0.76957,3.75,1.88
2011.11.16 09:01:09.773,0.76947,0.76957,3.75,1.88
2011.11.16 09:01:11.785,0.76948,0.76957,1.88,1.50
2011.11.16 09:01:12.392,0.76949,0.76958,1.13,1.13
2011.11.16 09:01:12.757,0.76949,0.7696,6.00,3.38
2011.11.16 09:01:13.355,0.76949,0.7696,1.88,3.38
2011.11.16 09:01:14.263,0.76949,0.7696,1.50,3.38
2011.11.16 09:01:14.867,0.76948,0.7696,2.63,4.13
2011.11.16 09:01:15.568,0.76949,0.7696,1.13,3.38
2011.11.16 09:01:15.930,0.76951,0.7696,1.50,3.38
2011.11.16 09:01:17.063,0.76949,0.7696,6.38,3.38
2011.11.16 09:01:18.020,0.76949,0.7696,5.63,3.38
2011.11.16 09:01:18.624,0.76949,0.7696,5.63,3.38
2011.11.16 09:01:19.218,0.76949,0.7696,5.63,3.38
2011.11.16 09:01:21.094,0.76947,0.76958,3.23,2.25
2011.11.16 09:01:21.217,0.76948,0.76958,1.13,2.25
2011.11.16 09:01:21.575,0.76948,0.7696,7.50,2.63
2011.11.16 09:01:21.696,0.76948,0.7696,7.50,2.63
2011.11.16 09:01:22.296,0.76948,0.7696,7.50,2.63
2011.11.16 09:01:23.113,0.76948,0.7696,7.50,2.63
2011.11.16 09:01:23.247,0.7695,0.7696,1.50,1.88
2011.11.16 09:01:23.848,0.76949,0.7696,4.50,3.75
2011.11.16 09:01:23.969,0.76948,0.76959,2.25,1.13
2011.11.16 09:01:25.257,0.76948,0.76957,2.25,1.88
2011.11.16 09:01:25.621,0.76946,0.76955,3.75,1.50
2011.11.16 09:01:26.109,0.76946,0.76955,5.25,1.50
2011.11.16 09:01:26.482,0.76947,0.76958,1.13,5.63
2011.11.16 09:01:26.610,0.76949,0.76958,1.13,3.00
2011.11.16 09:01:27.135,0.76949,0.76959,6.00,1.88
2011.11.16 09:01:27.744,0.76949,0.76959,2.25,1.88
2011.11.16 09:01:37.085,0.76949,0.76959,4.13,1.88
2011.11.16 09:01:37.692,0.76949,0.76959,4.13,1.88
2011.11.16 09:01:39.170,0.76949,0.76959,3.75,1.88
2011.11.16 09:01:39.755,0.76949,0.76959,3.00,3.38
2011.11.16 09:01:42.327,0.76949,0.76959,3.00,1.50
2011.11.16 09:01:43.316,0.7695,0.76959,1.50,3.38
2011.11.16 09:01:43.439,0.76949,0.76959,2.63,3.38
2011.11.16 09:01:47.441,0.76949,0.76959,4.13,1.50
2011.11.16 09:01:53.738,0.76949,0.76959,3.00,1.88
2011.11.16 09:01:56.075,0.76949,0.76959,3.75,1.50
2011.11.16 09:01:56.548,0.76949,0.76959,7.50,4.13
2011.11.16 09:01:57.260,0.76949,0.76957,1.50,1.88
2011.11.16 09:01:58.543,0.76947,0.76957,2.25,1.88
2011.11.16 09:01:59.153,0.76949,0.7696,1.88,1.88
2011.11.16 09:01:59.731,0.7695,0.76961,4.13,1.88
2011.11.16 09:02:00.335,0.7695,0.76961,4.13,3.38
2011.11.16 09:02:01.947,0.7695,0.76961,4.13,3.38
2011.11.16 09:02:04.730,0.7695,0.76961,2.25,1.88
2011.11.16 09:02:05.468,0.7695,0.7696,1.50,1.50
2011.11.16 09:02:05.947,0.76954,0.76961,1.35,3.38
2011.11.16 09:02:06.428,0.76956,0.76965,4.50,2.63
2011.11.16 09:02:07.394,0.76955,0.76965,6.00,2.63
2011.11.16 09:02:11.177,0.76955,0.76965,2.63,2.63
2011.11.16 09:02:11.774,0.76955,0.76965,3.18,4.13
2011.11.16 09:02:12.376,0.76957,0.76966,1.88,3.38
2011.11.16 09:02:13.956,0.76957,0.76965,1.50,2.63
2011.11.16 09:02:16.013,0.76957,0.76966,1.50,1.88
2011.11.16 09:02:21.564,0.76957,0.76967,3.38,2.63
2011.11.16 09:02:23.869,0.76959,0.76969,2.25,5.25
2011.11.16 09:02:26.636,0.76959,0.76968,2.43,1.13
2011.11.16 09:02:27.236,0.76959,0.76969,2.25,1.35
2011.11.16 09:02:28.377,0.76959,0.7697,2.25,1.88
2011.11.16 09:02:28.745,0.76959,0.76969,6.00,1.88
2011.11.16 09:02:29.345,0.76958,0.76968,1.13,2.63
2011.11.16 09:02:30.513,0.76959,0.76968,1.50,2.63
2011.11.16 09:02:30.653,0.76958,0.76967,1.13,1.88
2011.11.16 09:02:31.021,0.76958,0.76965,1.13,1.88
2011.11.16 09:02:31.657,0.76956,0.76966,2.25,1.50
2011.11.16 09:02:33.657,0.76956,0.76966,6.00,1.50
2011.11.16 09:02:36.625,0.76956,0.76966,6.00,1.50
2011.11.16 09:02:37.215,0.76957,0.76967,2.25,1.13
2011.11.16 09:02:41.077,0.76957,0.76966,1.50,1.13
2011.11.16 09:02:41.686,0.76956,0.76966,1.50,1.13
2011.11.16 09:02:42.288,0.76955,0.76963,2.25,1.88
2011.11.16 09:02:42.994,0.76953,0.76964,8.63,1.50
2011.11.16 09:02:44.310,0.76955,0.76964,1.88,1.50
2011.11.16 09:02:45.220,0.76957,0.76965,1.50,1.88
2011.11.16 09:02:45.782,0.76955,0.76965,2.25,3.38
2011.11.16 09:02:47.217,0.76955,0.76965,3.00,1.50
2011.11.16 09:02:48.155,0.76957,0.76966,1.50,1.50
2011.11.16 09:02:48.745,0.76957,0.76967,1.50,1.50
2011.11.16 09:02:49.526,0.76958,0.76967,1.88,1.50
2011.11.16 09:02:49.889,0.76959,0.7697,2.63,4.50
2011.11.16 09:02:50.740,0.76959,0.7697,1.88,2.63
2011.11.16 09:02:51.352,0.7696,0.7697,1.88,2.63
2011.11.16 09:02:51.833,0.76963,0.7697,4.88,1.50
2011.11.16 09:02:52.093,0.76964,0.76972,3.00,1.50
2011.11.16 09:02:52.345,0.76964,0.76975,3.38,1.88
2011.11.16 09:02:52.708,0.76964,0.76974,4.13,1.88
2011.11.16 09:02:53.310,0.76963,0.76972,1.50,1.13
2011.11.16 09:02:55.958,0.76963,0.76973,7.88,1.50
2011.11.16 09:02:56.558,0.76964,0.76973,1.88,1.50
2011.11.16 09:02:56.681,0.76964,0.76976,3.38,4.50
2011.11.16 09:03:02.185,0.76964,0.76973,1.13,1.50
2011.11.16 09:03:04.778,0.76963,0.76973,2.63,2.25
2011.11.16 09:03:06.035,0.76963,0.76973,2.63,1.88
2011.11.16 09:03:06.759,0.76963,0.76973,2.63,2.63
2011.11.16 09:03:08.425,0.76963,0.76972,2.25,4.73
2011.11.16 09:03:08.792,0.76957,0.76968,4.50,2.63
2011.11.16 09:03:09.038,0.76957,0.76968,3.75,2.63
2011.11.16 09:03:16.268,0.76958,0.76968,1.88,1.50
2011.11.16 09:03:17.130,0.7696,0.76971,6.38,1.88
2011.11.16 09:03:17.629,0.7696,0.76972,7.13,3.00
2011.11.16 09:03:19.141,0.76962,0.76972,3.75,2.63
2011.11.16 09:03:19.267,0.76963,0.76972,1.88,1.50
2011.11.16 09:03:19.391,0.76964,0.76974,1.13,2.63
2011.11.16 09:03:27.640,0.76963,0.76974,1.50,4.72
2011.11.16 09:03:27.768,0.76962,0.76971,3.00,1.88
2011.11.16 09:03:28.289,0.76965,0.76971,1.13,1.50
2011.11.16 09:03:28.533,0.76964,0.76974,2.63,1.50
2011.11.16 09:03:28.659,0.76962,0.76972,3.00,1.88
2011.11.16 09:03:29.256,0.76962,0.76972,1.50,4.13
2011.11.16 09:03:30.942,0.76961,0.7697,1.13,1.50
2011.11.16 09:03:38.016,0.7696,0.7697,6.00,1.50
2011.11.16 09:03:38.477,0.76963,0.7697,1.88,1.50
2011.11.16 09:03:38.835,0.76963,0.76973,2.63,3.75
2011.11.16 09:03:46.905,0.76964,0.76974,7.13,3.38
2011.11.16 09:04:04.764,0.76964,0.76974,7.13,2.63
2011.11.16 09:04:05.456,0.76964,0.76974,7.88,1.88
2011.11.16 09:04:13.493,0.76964,0.76974,7.88,1.88
2011.11.16 09:04:22.859,0.76964,0.76974,7.88,1.88
2011.11.16 09:04:25.824,0.76964,0.76974,7.88,1.88
2011.11.16 09:04:26.440,0.76966,0.76975,2.25,2.63
2011.11.16 09:04:27.233,0.76964,0.76974,4.88,2.63
2011.11.16 09:04:30.847,0.76964,0.76974,2.63,2.63
2011.11.16 09:04:32.315,0.76963,0.76972,1.50,1.50
2011.11.16 09:04:32.443,0.76962,0.76972,3.00,2.25
2011.11.16 09:04:34.234,0.76962,0.76972,2.25,3.75
2011.11.16 09:04:36.032,0.76963,0.76973,3.38,1.50
2011.11.16 09:04:36.636,0.76963,0.76975,4.13,3.00
2011.11.16 09:04:39.008,0.76962,0.76972,2.63,2.25
2011.11.16 09:04:39.607,0.76962,0.76972,1.50,4.13
2011.11.16 09:04:47.975,0.76962,0.76972,3.38,3.00
2011.11.16 09:04:52.420,0.76962,0.76971,1.88,1.50
2011.11.16 09:04:54.245,0.76962,0.76971,3.38,1.50
2011.11.16 09:04:55.114,0.76963,0.76972,1.13,2.25
2011.11.16 09:04:57.232,0.76962,0.76972,7.88,2.25
2011.11.16 09:05:03.769,0.76964,0.76972,3.98,3.00
2011.11.16 09:05:04.016,0.76966,0.76975,4.13,1.50
2011.11.16 09:05:04.256,0.76964,0.76974,5.63,1.13
2011.11.16 09:05:04.834,0.76963,0.76973,7.13,1.88
2011.11.16 09:05:10.264,0.76963,0.76973,6.00,3.38
2011.11.16 09:05:10.865,0.76962,0.76971,6.38,2.25
2011.11.16 09:05:11.456,0.76962,0.76972,7.88,1.50
2011.11.16 09:05:12.759,0.76962,0.76972,5.63,2.55
2011.11.16 09:05:13.260,0.76961,0.76972,2.25,2.93
2011.11.16 09:05:14.005,0.76961,0.76972,1.88,3.98
2011.11.16 09:05:16.358,0.7696,0.7697,6.38,1.13
2011.11.16 09:05:17.765,0.76959,0.7697,4.50,2.63
2011.11.16 09:05:18.986,0.7696,0.76971,3.38,2.63
2011.11.16 09:05:19.107,0.76962,0.76972,1.05,3.75
2011.11.16 09:05:19.709,0.76963,0.76973,1.50,2.63
2011.11.16 09:05:29.695,0.76964,0.76976,6.75,5.25
2011.11.16 09:05:30.303,0.76964,0.76976,6.38,4.05
2011.11.16 09:05:30.433,0.76964,0.76974,4.13,1.50
2011.11.16 09:05:33.145,0.76963,0.76974,7.73,1.50
2011.11.16 09:05:34.094,0.76963,0.76974,7.35,1.50
2011.11.16 09:05:35.371,0.76963,0.76974,6.98,1.50
2011.11.16 09:05:35.970,0.76964,0.76974,1.13,1.50
2011.11.16 09:05:36.563,0.76964,0.76974,1.13,1.50
2011.11.16 09:05:37.584,0.76963,0.76968,1.13,2.85
2011.11.16 09:05:38.152,0.76964,0.7697,1.50,1.50
2011.11.16 09:05:38.293,0.76957,0.76968,2.63,1.88
2011.11.16 09:05:38.899,0.76957,0.76968,3.38,5.48
2011.11.16 09:05:39.506,0.76956,0.76968,3.38,5.48
2011.11.16 09:05:43.459,0.76956,0.76965,1.88,1.50
2011.11.16 09:05:43.946,0.76957,0.76967,3.38,2.25
2011.11.16 09:05:46.442,0.76957,0.76965,3.00,1.88
2011.11.16 09:05:46.575,0.76956,0.76966,3.00,2.63
2011.11.16 09:05:46.818,0.76956,0.76966,2.25,1.88
2011.11.16 09:05:47.057,0.76956,0.76965,2.25,1.88
2011.11.16 09:05:47.177,0.76956,0.76966,4.88,1.50
2011.11.16 09:05:47.938,0.76956,0.76967,6.00,1.88
2011.11.16 09:05:49.240,0.76956,0.76967,4.13,1.88
2011.11.16 09:05:50.379,0.76956,0.76963,2.25,2.63
2011.11.16 09:05:50.746,0.7695,0.76959,1.88,1.50
2011.11.16 09:05:51.104,0.7695,0.76959,1.88,3.00
2011.11.16 09:05:51.706,0.76951,0.76959,1.13,1.50
2011.11.16 09:05:52.317,0.76951,0.76961,2.63,2.63
2011.11.16 09:05:53.037,0.76951,0.76961,3.38,1.50
2011.11.16 09:05:55.700,0.76952,0.76961,1.13,1.50
2011.11.16 09:05:56.184,0.76952,0.7696,3.00,1.88
2011.11.16 09:05:56.308,0.76952,0.76961,4.13,1.50
2011.11.16 09:05:56.907,0.76953,0.76962,1.50,1.50
2011.11.16 09:05:57.506,0.76952,0.76962,3.38,2.63
2011.11.16 09:05:58.096,0.76952,0.76962,4.13,1.50
2011.11.16 09:06:00.767,0.76954,0.76964,1.13,2.25
2011.11.16 09:06:01.352,0.76955,0.76965,1.88,1.88
2011.11.16 09:06:01.893,0.76955,0.76965,1.13,1.88
2011.11.16 09:06:02.505,0.76955,0.76965,1.50,3.38
2011.11.16 09:06:02.866,0.76953,0.76962,1.50,6.98
2011.11.16 09:06:02.988,0.76951,0.76962,1.88,6.98
2011.11.16 09:06:03.116,0.76951,0.76962,1.13,6.98
2011.11.16 09:06:03.708,0.76951,0.76962,1.88,3.38
2011.11.16 09:06:04.184,0.76951,0.76962,3.38,1.50
2011.11.16 09:06:04.428,0.76951,0.76962,2.63,1.50
2011.11.16 09:06:05.417,0.76951,0.76962,2.63,1.50
2011.11.16 09:06:06.029,0.76951,0.76961,2.25,1.88
2011.11.16 09:06:06.397,0.76949,0.76958,4.50,1.88
2011.11.16 09:06:06.756,0.76947,0.76957,5.63,1.88
2011.11.16 09:06:07.581,0.76947,0.76957,2.25,4.13
2011.11.16 09:06:08.186,0.76947,0.76956,1.50,1.88
2011.11.16 09:06:08.306,0.76947,0.76957,2.63,2.63
2011.11.16 09:06:11.126,0.76948,0.76958,2.25,2.63
2011.11.16 09:06:11.254,0.76951,0.76959,1.13,1.13
2011.11.16 09:06:11.386,0.76951,0.7696,2.63,1.50
2011.11.16 09:06:11.515,0.76952,0.76961,1.50,2.25
2011.11.16 09:06:11.641,0.76953,0.76961,1.13,1.50
2011.11.16 09:06:12.127,0.76951,0.76961,2.25,1.50
2011.11.16 09:06:12.717,0.76951,0.76961,4.13,1.50
2011.11.16 09:06:13.246,0.76951,0.76957,3.75,3.23
2011.11.16 09:06:13.490,0.76946,0.76956,2.63,1.50
2011.11.16 09:06:14.075,0.76946,0.76958,6.23,4.50
2011.11.16 09:06:17.972,0.76945,0.76955,3.75,1.50
2011.11.16 09:06:20.650,0.76947,0.76954,1.50,1.88
2011.11.16 09:06:20.778,0.76944,0.76954,2.85,1.88
2011.11.16 09:06:23.870,0.76943,0.76953,1.50,2.18
2011.11.16 09:06:24.410,0.76942,0.76951,3.00,2.63
2011.11.16 09:06:24.535,0.76942,0.7695,1.50,1.13
2011.11.16 09:06:25.346,0.7694,0.7695,2.25,2.63
2011.11.16 09:06:29.537,0.7694,0.7695,2.25,1.88
2011.11.16 09:06:29.777,0.76942,0.76952,1.13,2.63
2011.11.16 09:06:32.148,0.76942,0.76953,6.98,1.05
2011.11.16 09:06:32.271,0.76945,0.76955,1.50,3.38
2011.11.16 09:06:32.641,0.76947,0.76955,1.50,1.13
2011.11.16 09:06:33.202,0.76945,0.76955,3.00,4.50
2011.11.16 09:06:33.927,0.76945,0.76955,5.10,2.63
2011.11.16 09:06:34.406,0.76947,0.76957,3.00,3.38
2011.11.16 09:06:35.006,0.76947,0.76953,2.25,1.88
2011.11.16 09:06:35.489,0.76944,0.76952,1.50,1.88
2011.11.16 09:06:35.617,0.76942,0.76951,1.50,1.13
2011.11.16 09:06:35.740,0.7694,0.76951,2.25,1.13
2011.11.16 09:06:37.928,0.7694,0.76952,2.25,4.80
2011.11.16 09:06:40.856,0.7694,0.76952,2.25,5.25
2011.11.16 09:06:40.976,0.7694,0.76952,3.00,4.50
2011.11.16 09:06:43.409,0.76943,0.76953,1.50,4.35
2011.11.16 09:06:43.543,0.76945,0.76955,1.88,4.50
2011.11.16 09:06:43.792,0.76946,0.76955,1.50,3.00
2011.11.16 09:06:44.165,0.76947,0.76957,2.25,2.63
2011.11.16 09:06:45.753,0.76949,0.76958,1.50,2.18
2011.11.16 09:06:46.603,0.7695,0.76959,3.38,1.50
2011.11.16 09:06:46.729,0.76951,0.76961,3.38,2.25
2011.11.16 09:06:47.401,0.76953,0.76963,1.50,6.38
2011.11.16 09:06:49.040,0.76955,0.76964,2.25,2.55
2011.11.16 09:06:49.287,0.76957,0.76966,1.88,1.13
2011.11.16 09:06:52.037,0.76957,0.76967,1.88,3.00
2011.11.16 09:06:55.154,0.76957,0.76967,1.88,3.00
2011.11.16 09:06:55.397,0.76955,0.76966,2.77,3.30
2011.11.16 09:06:56.847,0.76955,0.76963,1.50,2.25
2011.11.16 09:06:57.476,0.76949,0.76957,3.90,1.88
2011.11.16 09:06:57.606,0.76945,0.76954,1.50,1.88
2011.11.16 09:06:57.846,0.76943,0.76954,1.13,4.13
2011.11.16 09:07:06.241,0.76944,0.76953,1.50,1.13
2011.11.16 09:07:06.937,0.76943,0.76953,3.38,2.25
2011.11.16 09:07:07.654,0.76943,0.76953,3.38,2.25
2011.11.16 09:07:08.988,0.76943,0.76953,7.13,2.25
2011.11.16 09:07:09.501,0.76943,0.76953,3.38,2.25
2011.11.16 09:07:10.107,0.76945,0.76955,1.50,3.38
2011.11.16 09:07:17.229,0.76946,0.76955,1.50,3.38
2011.11.16 09:07:17.353,0.76948,0.76956,1.13,1.13
2011.11.16 09:07:17.602,0.76948,0.76959,2.63,3.30
2011.11.16 09:07:18.593,0.76948,0.76959,3.38,2.55
2011.11.16 09:07:19.460,0.76948,0.7696,3.38,4.35
2011.11.16 09:07:20.102,0.76948,0.7696,3.38,3.60
2011.11.16 09:07:21.660,0.76948,0.7696,2.63,3.68
2011.11.16 09:07:22.739,0.76948,0.7696,3.38,6.53
2011.11.16 09:07:24.336,0.76948,0.76959,4.13,1.05
2011.11.16 09:07:24.596,0.76951,0.76962,2.63,6.00
2011.11.16 09:07:25.198,0.76953,0.76963,2.25,4.50
2011.11.16 09:07:27.590,0.76953,0.76962,1.50,2.63
2011.11.16 09:07:29.371,0.76951,0.76961,1.13,1.13
2011.11.16 09:07:36.378,0.76951,0.76961,2.63,1.88
2011.11.16 09:07:36.885,0.76951,0.76961,1.13,1.13
2011.11.16 09:07:41.830,0.76951,0.76962,2.63,4.32
2011.11.16 09:07:42.940,0.76951,0.76962,2.63,3.57
2011.11.16 09:07:46.267,0.7695,0.76962,4.13,2.63
2011.11.16 09:07:46.871,0.76952,0.76962,1.50,1.13
2011.11.16 09:07:47.375,0.76952,0.76963,1.50,5.48
2011.11.16 09:07:48.579,0.76952,0.76962,4.13,1.50
2011.11.16 09:07:50.600,0.76952,0.76962,4.50,2.63
2011.11.16 09:07:50.727,0.76952,0.76962,1.50,1.88
2011.11.16 09:07:51.208,0.76952,0.76963,1.50,1.88
2011.11.16 09:07:51.457,0.76952,0.76963,1.50,2.63
2011.11.16 09:07:52.074,0.76952,0.76963,1.50,1.88
2011.11.16 09:08:00.414,0.76952,0.76963,3.00,1.50
2011.11.16 09:08:00.775,0.76955,0.76964,3.38,1.50
2011.11.16 09:08:01.535,0.76957,0.76965,1.50,1.50
2011.11.16 09:08:03.393,0.76957,0.76967,1.50,1.50
2011.11.16 09:08:04.805,0.76958,0.76967,1.88,1.50
2011.11.16 09:08:05.482,0.76958,0.76969,3.00,6.98
2011.11.16 09:08:05.858,0.76958,0.76965,1.50,2.85
2011.11.16 09:08:05.982,0.76955,0.76965,3.00,4.35
2011.11.16 09:08:11.459,0.76955,0.76961,1.50,1.88
2011.11.16 09:08:11.710,0.76952,0.76961,3.00,2.63
2011.11.16 09:08:12.316,0.76952,0.76962,1.50,6.23
2011.11.16 09:08:13.499,0.7695,0.76956,2.18,1.50
2011.11.16 09:08:13.889,0.76946,0.76956,1.88,2.25
2011.11.16 09:08:14.025,0.76947,0.76957,1.50,1.50
2011.11.16 09:08:14.633,0.7695,0.76957,1.50,1.88
2011.11.16 09:08:15.233,0.76948,0.76955,1.50,1.88
2011.11.16 09:08:15.368,0.76945,0.76954,1.50,1.13
2011.11.16 09:08:16.628,0.76944,0.76954,1.50,1.88
2011.11.16 09:08:16.867,0.76944,0.76953,1.50,1.88
2011.11.16 09:08:18.151,0.76944,0.76954,1.50,2.63
2011.11.16 09:08:22.622,0.76944,0.76954,1.50,3.38
2011.11.16 09:08:23.109,0.76941,0.76951,2.25,1.13
2011.11.16 09:08:23.856,0.76941,0.76952,1.50,5.10
2011.11.16 09:08:23.979,0.76941,0.76952,2.25,4.35
2011.11.16 09:08:24.595,0.76941,0.76952,3.38,2.63
2011.11.16 09:08:25.917,0.76941,0.76951,1.50,1.13
2011.11.16 09:08:26.278,0.76939,0.76949,3.68,1.88
2011.11.16 09:08:26.884,0.76939,0.76948,2.93,1.50
2011.11.16 09:08:33.759,0.76939,0.76949,3.98,1.50
2011.11.16 09:08:34.008,0.76941,0.76951,1.50,4.50
2011.11.16 09:08:36.240,0.76942,0.76951,1.88,3.00
2011.11.16 09:08:37.050,0.76942,0.76952,1.50,3.75
2011.11.16 09:08:37.547,0.76942,0.7695,1.50,1.50
2011.11.16 09:08:40.488,0.76944,0.7695,1.13,1.50
2011.11.16 09:08:40.988,0.76944,0.76952,3.00,1.13
2011.11.16 09:08:41.239,0.76942,0.76952,1.50,4.13
2011.11.16 09:08:42.932,0.76941,0.76951,3.00,1.88
2011.11.16 09:08:43.297,0.76943,0.76952,3.98,1.50
2011.11.16 09:08:43.897,0.76945,0.76953,1.13,2.63
2011.11.16 09:08:44.144,0.76947,0.76956,2.25,2.63
2011.11.16 09:08:44.805,0.76947,0.76957,3.38,4.50
2011.11.16 09:08:44.947,0.76948,0.76957,3.00,2.25
2011.11.16 09:08:45.440,0.76947,0.76957,3.38,3.75
2011.11.16 09:08:45.686,0.76947,0.76955,2.25,1.88
2011.11.16 09:08:45.811,0.76944,0.76954,1.50,3.38
2011.11.16 09:08:46.059,0.76941,0.76951,3.00,1.50
2011.11.16 09:08:46.692,0.76941,0.76951,3.75,1.50
2011.11.16 09:08:48.472,0.76941,0.76951,2.25,2.25
2011.11.16 09:08:49.026,0.76941,0.76951,1.50,3.38
2011.11.16 09:08:49.160,0.76939,0.76949,2.63,1.50
2011.11.16 09:09:23.270,0.76939,0.76949,4.43,2.25
2011.11.16 09:09:23.859,0.76942,0.76952,1.13,4.13
2011.11.16 09:09:24.467,0.76942,0.76952,1.13,2.63
2011.11.16 09:09:25.067,0.76942,0.76952,1.13,3.38
2011.11.16 09:09:30.671,0.7694,0.76949,1.13,1.50
2011.11.16 09:09:30.797,0.76939,0.76949,2.55,4.13
2011.11.16 09:09:32.557,0.76939,0.76946,1.80,1.88
2011.11.16 09:09:33.036,0.76934,0.76944,2.78,1.50
2011.11.16 09:09:38.837,0.76934,0.76944,4.13,1.50
2011.11.16 09:09:39.193,0.76934,0.76944,3.38,1.50
2011.11.16 09:09:39.776,0.76934,0.76944,3.38,1.50
2011.11.16 09:09:49.892,0.76934,0.76944,2.25,1.50
2011.11.16 09:09:50.621,0.76934,0.76944,2.25,3.38
2011.11.16 09:09:50.749,0.76934,0.7694,2.25,1.88
2011.11.16 09:09:50.882,0.76932,0.7694,1.50,1.88
2011.11.16 09:09:51.015,0.76929,0.76939,7.13,1.88
2011.11.16 09:09:51.729,0.76929,0.76939,1.50,2.25
2011.11.16 09:09:52.475,0.76928,0.76937,2.25,2.10
2011.11.16 09:09:52.728,0.76929,0.76939,3.00,1.88
2011.11.16 09:09:53.568,0.76929,0.7694,2.25,2.63
2011.11.16 09:09:54.153,0.76929,0.7694,2.25,3.38
2011.11.16 09:09:58.030,0.76929,0.7694,2.25,3.00
2011.11.16 09:09:58.627,0.76929,0.7694,3.00,1.50
2011.11.16 09:09:59.228,0.76929,0.76939,2.25,1.13
2011.11.16 09:10:00.984,0.76929,0.76939,2.25,1.88
2011.11.16 09:10:02.313,0.76929,0.76939,2.25,1.88
2011.11.16 09:10:02.838,0.76931,0.7694,1.13,1.13
2011.11.16 09:10:03.201,0.76932,0.76941,1.13,4.13
2011.11.16 09:10:03.809,0.76932,0.7694,1.50,2.25
2011.11.16 09:10:04.056,0.76929,0.7694,4.13,2.25
2011.11.16 09:10:04.655,0.7693,0.7694,1.50,2.25
2011.11.16 09:10:05.223,0.76931,0.7694,1.13,1.13
2011.11.16 09:10:05.359,0.76934,0.76941,1.50,1.50
2011.11.16 09:10:05.623,0.76934,0.76944,2.25,4.13
2011.11.16 09:10:06.229,0.76934,0.76944,1.50,4.50
2011.11.16 09:10:06.805,0.76932,0.76943,3.00,2.63
2011.11.16 09:10:07.421,0.76934,0.76943,1.50,1.13
2011.11.16 09:10:08.522,0.76934,0.76943,1.50,1.88
2011.11.16 09:10:09.780,0.76934,0.76943,1.50,1.13
2011.11.16 09:10:14.594,0.76933,0.76943,1.13,2.63
2011.11.16 09:10:15.174,0.76933,0.76943,1.13,2.63
2011.11.16 09:10:16.088,0.76932,0.76943,4.13,2.63
2011.11.16 09:10:16.884,0.76933,0.76943,1.88,2.63
2011.11.16 09:10:19.576,0.76935,0.76943,1.50,1.13
2011.11.16 09:10:21.444,0.76932,0.7694,3.00,1.88
2011.11.16 09:10:21.574,0.7693,0.76939,2.25,1.88
2011.11.16 09:10:23.393,0.76929,0.76939,3.00,1.88
2011.11.16 09:10:25.814,0.7693,0.7694,1.50,2.63
2011.11.16 09:10:26.059,0.76933,0.76941,1.50,2.25
2011.11.16 09:10:30.611,0.76931,0.7694,3.75,1.88
2011.11.16 09:10:30.739,0.76931,0.7694,1.50,1.88
2011.11.16 09:10:31.456,0.76929,0.76939,3.75,1.88
2011.11.16 09:10:32.113,0.76932,0.76941,2.25,3.75
2011.11.16 09:10:33.186,0.76932,0.76941,2.25,3.75
2011.11.16 09:10:35.439,0.76932,0.76941,2.25,1.88
2011.11.16 09:10:40.379,0.76932,0.76942,3.00,2.25
2011.11.16 09:10:40.868,0.76932,0.76941,2.25,3.23
2011.11.16 09:10:41.232,0.76931,0.76942,1.50,5.78
2011.11.16 09:10:41.910,0.7693,0.76942,3.00,6.53
2011.11.16 09:10:42.401,0.7693,0.76942,2.25,6.53
2011.11.16 09:10:48.923,0.7693,0.76941,1.88,3.98
2011.11.16 09:10:49.528,0.76928,0.76939,5.25,1.50
2011.11.16 09:10:50.365,0.76928,0.76939,3.38,1.88
2011.11.16 09:10:55.090,0.76928,0.76939,4.50,1.88
2011.11.16 09:10:56.399,0.76928,0.76939,5.25,1.13
2011.11.16 09:10:58.311,0.76928,0.76935,4.88,1.88
2011.11.16 09:10:58.922,0.76923,0.76932,1.50,1.88
2011.11.16 09:10:59.286,0.76921,0.76931,1.88,1.73
2011.11.16 09:10:59.795,0.76919,0.76931,5.25,3.60
2011.11.16 09:11:00.760,0.76919,0.7693,1.88,1.50
2011.11.16 09:11:01.512,0.76919,0.7693,1.88,1.88
2011.11.16 09:11:02.249,0.76919,0.7693,2.63,1.13
2011.11.16 09:11:02.499,0.7692,0.76931,1.88,5.48
2011.11.16 09:11:03.109,0.76922,0.76932,1.50,1.50
2011.11.16 09:11:04.697,0.76923,0.76932,1.13,1.50
2011.11.16 09:11:05.304,0.76923,0.76932,1.13,2.25
2011.11.16 09:11:06.516,0.76924,0.76933,1.50,1.88
2011.11.16 09:11:07.105,0.76924,0.76934,2.25,5.25
2011.11.16 09:11:07.674,0.76924,0.76934,2.25,5.25
2011.11.16 09:11:11.839,0.76924,0.76934,2.25,7.35
2011.11.16 09:11:12.737,0.76924,0.76934,2.25,5.25
2011.11.16 09:11:13.233,0.76924,0.76934,2.25,6.00
2011.11.16 09:11:13.958,0.76924,0.76934,2.25,8.10
2011.11.16 09:11:14.865,0.76924,0.76934,2.25,5.48
2011.11.16 09:11:15.217,0.76924,0.76933,1.50,1.88
2011.11.16 09:11:15.699,0.76921,0.76933,4.88,3.38
2011.11.16 09:11:17.347,0.76922,0.76932,1.13,1.13
2011.11.16 09:11:18.189,0.76922,0.76933,1.88,6.23
2011.11.16 09:11:18.321,0.76923,0.76933,1.50,4.88
2011.11.16 09:11:19.820,0.76922,0.76933,2.25,1.50
2011.11.16 09:11:21.848,0.76924,0.76933,1.13,1.50
2011.11.16 09:11:22.447,0.76924,0.76934,1.13,1.13
2011.11.16 09:11:23.333,0.76924,0.76934,1.13,1.13
2011.11.16 09:11:27.427,0.76923,0.76931,2.25,1.88
2011.11.16 09:11:27.550,0.76923,0.76934,4.88,2.63
2011.11.16 09:11:28.317,0.76923,0.76934,3.75,1.50
2011.11.16 09:11:28.930,0.76924,0.76934,2.25,3.38
2011.11.16 09:11:29.535,0.76924,0.76934,2.25,1.88
2011.11.16 09:11:30.130,0.76926,0.76936,1.50,4.50
2011.11.16 09:11:30.629,0.76927,0.76938,3.75,4.50
2011.11.16 09:11:31.235,0.76927,0.76938,3.75,4.50
2011.11.16 09:11:31.839,0.76927,0.76938,4.50,2.25
2011.11.16 09:11:32.328,0.76927,0.76934,4.50,1.88
2011.11.16 09:11:32.968,0.76926,0.76935,1.43,3.00
2011.11.16 09:11:33.104,0.76929,0.76939,2.25,1.13
2011.11.16 09:11:33.706,0.7693,0.7694,1.50,6.75
2011.11.16 09:11:34.305,0.7693,0.7694,1.50,6.75
2011.11.16 09:11:35.229,0.76928,0.76938,3.75,1.88
2011.11.16 09:11:35.732,0.7693,0.76939,1.50,2.25
2011.11.16 09:11:37.564,0.76928,0.76937,1.50,2.63
2011.11.16 09:11:38.203,0.76927,0.76934,1.50,1.88
2011.11.16 09:11:38.810,0.76925,0.76934,4.13,1.88
2011.11.16 09:11:39.711,0.76925,0.76936,4.13,2.63
2011.11.16 09:11:41.024,0.76925,0.76936,3.38,2.63
2011.11.16 09:11:42.805,0.76925,0.76936,4.50,1.88
2011.11.16 09:11:43.380,0.76925,0.76936,3.75,1.88
2011.11.16 09:11:45.814,0.76925,0.76936,3.38,1.88
2011.11.16 09:11:51.901,0.76927,0.76936,1.50,1.88
2011.11.16 09:12:03.587,0.76927,0.76934,2.25,1.88
2011.11.16 09:12:03.707,0.76925,0.76934,1.50,1.88
2011.11.16 09:12:03.948,0.76925,0.76935,3.00,1.88
2011.11.16 09:12:04.550,0.76926,0.76936,2.25,3.00
2011.11.16 09:12:05.158,0.76926,0.76936,2.25,3.00
2011.11.16 09:12:05.771,0.76926,0.76936,2.25,2.63
2011.11.16 09:12:06.380,0.76926,0.76936,1.50,2.63
2011.11.16 09:12:26.421,0.76926,0.76937,2.25,1.88
2011.11.16 09:12:26.656,0.76926,0.76937,1.50,1.88
2011.11.16 09:12:44.383,0.76926,0.76937,2.63,2.63
2011.11.16 09:12:47.315,0.76926,0.76937,1.88,2.63
2011.11.16 09:12:48.480,0.76926,0.76937,4.88,1.88
2011.11.16 09:12:48.968,0.76927,0.76937,1.88,1.13
2011.11.16 09:12:49.564,0.76927,0.76937,1.13,1.13
2011.11.16 09:12:50.839,0.76929,0.76939,1.50,3.00
2011.11.16 09:12:53.290,0.76926,0.76937,5.25,1.88
2011.11.16 09:12:53.895,0.76926,0.76937,4.88,1.88
2011.11.16 09:12:54.015,0.76929,0.76936,1.50,1.13
2011.11.16 09:12:54.573,0.76926,0.76937,4.50,1.88
2011.11.16 09:12:55.179,0.76926,0.76937,3.75,1.13
2011.11.16 09:12:56.716,0.76926,0.76937,4.88,1.13
2011.11.16 09:12:58.717,0.76925,0.76932,3.75,1.88
2011.11.16 09:12:58.844,0.76925,0.76934,2.02,1.50
2011.11.16 09:12:59.527,0.76926,0.76936,2.63,1.13
2011.11.16 09:12:59.660,0.76926,0.76937,2.63,4.88
2011.11.16 09:13:00.630,0.76926,0.76936,2.25,2.63
2011.11.16 09:13:00.876,0.76925,0.76935,2.25,1.88
2011.11.16 09:13:01.813,0.76927,0.76932,1.50,1.88
2011.11.16 09:13:01.943,0.76925,0.76932,2.25,1.88
2011.11.16 09:13:02.194,0.76923,0.76932,1.13,1.88
2011.11.16 09:13:03.903,0.76922,0.76932,3.00,1.88
2011.11.16 09:13:12.538,0.76918,0.76927,2.03,3.38
2011.11.16 09:13:12.662,0.76917,0.76925,1.80,2.48
2011.11.16 09:13:12.914,0.76914,0.76925,5.77,2.48
2011.11.16 09:13:13.046,0.76914,0.76926,3.38,1.88
2011.11.16 09:13:13.645,0.76916,0.76926,1.50,1.88
2011.11.16 09:13:24.515,0.76917,0.76927,3.38,1.13
2011.11.16 09:13:24.757,0.76918,0.76927,1.50,1.13
2011.11.16 09:13:25.337,0.76918,0.76928,1.50,2.63
2011.11.16 09:13:25.688,0.76917,0.76924,3.00,1.88
2011.11.16 09:13:25.933,0.76916,0.76923,2.25,1.88
2011.11.16 09:13:26.060,0.76914,0.76923,1.50,1.88
2011.11.16 09:13:26.188,0.76912,0.76923,3.00,2.63
2011.11.16 09:13:31.026,0.76912,0.76923,4.13,1.13
2011.11.16 09:13:31.738,0.76912,0.76921,2.63,1.88
2011.11.16 09:13:32.219,0.76914,0.76924,3.38,1.80
2011.11.16 09:13:32.785,0.76918,0.76926,1.50,1.88
2011.11.16 09:13:32.926,0.76916,0.76926,1.50,1.88
2011.11.16 09:13:33.533,0.76916,0.76926,3.00,1.88
2011.11.16 09:13:34.023,0.76916,0.76925,1.50,3.98
2011.11.16 09:13:34.691,0.76915,0.76925,1.50,5.48
2011.11.16 09:13:35.658,0.76914,0.76921,1.50,1.50
2011.11.16 09:13:35.904,0.76913,0.76924,1.88,2.85
2011.11.16 09:13:36.030,0.76914,0.76924,2.25,2.85
2011.11.16 09:13:36.162,0.76914,0.76924,2.25,2.25
2011.11.16 09:13:36.706,0.76917,0.76925,1.50,1.50
2011.11.16 09:13:37.309,0.76917,0.76927,1.50,3.60
2011.11.16 09:13:38.279,0.76916,0.76927,2.25,2.63
2011.11.16 09:13:39.135,0.76917,0.76927,1.50,2.63
2011.11.16 09:13:40.683,0.76916,0.76923,2.25,1.88
2011.11.16 09:13:41.222,0.76912,0.76923,4.50,1.88
2011.11.16 09:13:41.833,0.76912,0.76923,4.13,1.88
2011.11.16 09:13:54.895,0.76917,0.76924,1.88,1.50
2011.11.16 09:13:55.258,0.76918,0.76928,2.63,2.25
2011.11.16 09:13:56.714,0.76918,0.76928,2.25,4.13
2011.11.16 09:13:57.437,0.76918,0.76928,2.25,4.13
2011.11.16 09:13:58.028,0.76918,0.76928,2.25,4.13
2011.11.16 09:13:59.161,0.76918,0.76925,1.50,1.88
2011.11.16 09:14:07.996,0.76918,0.76926,2.25,2.63
2011.11.16 09:14:17.481,0.76915,0.76926,3.00,2.63
2011.11.16 09:14:23.822,0.76915,0.76925,1.13,1.88
2011.11.16 09:14:33.618,0.76915,0.76925,1.13,2.48
2011.11.16 09:14:53.406,0.76914,0.76925,2.25,2.63
2011.11.16 09:14:54.103,0.76917,0.76923,1.50,1.50
2011.11.16 09:14:54.239,0.76917,0.76926,1.50,2.25
2011.11.16 09:14:54.797,0.76916,0.76928,1.50,4.88
2011.11.16 09:14:55.158,0.76916,0.76928,3.00,4.88
2011.11.16 09:14:55.995,0.76916,0.76928,3.75,4.88
2011.11.16 09:14:56.478,0.7692,0.76928,1.43,2.63
2011.11.16 09:14:56.944,0.7692,0.7693,2.55,1.50
2011.11.16 09:14:57.541,0.76921,0.76931,2.25,1.50
2011.11.16 09:15:11.479,0.76923,0.76932,1.50,1.88
2011.11.16 09:15:12.078,0.76923,0.76933,3.38,2.10
2011.11.16 09:15:14.779,0.76924,0.76933,1.88,2.10
2011.11.16 09:15:19.947,0.76924,0.76936,4.88,3.60
2011.11.16 09:15:29.603,0.76925,0.76935,1.88,2.85
2011.11.16 09:15:30.781,0.76924,0.76935,4.88,3.23
2011.11.16 09:15:33.641,0.76924,0.76933,3.38,1.50
2011.11.16 09:15:36.568,0.76925,0.76933,1.88,1.50
2011.11.16 09:15:36.693,0.76925,0.76936,1.88,1.50
2011.11.16 09:15:37.296,0.76926,0.76937,2.63,1.50
2011.11.16 09:15:41.990,0.76926,0.76938,3.38,5.48
2011.11.16 09:15:42.866,0.76926,0.76938,3.75,5.48
2011.11.16 09:15:46.636,0.76927,0.76938,5.10,1.50
2011.11.16 09:15:47.239,0.76929,0.76939,1.50,2.63
2011.11.16 09:15:49.616,0.76929,0.76939,3.00,2.25
2011.11.16 09:15:51.587,0.7693,0.76939,3.38,1.50
2011.11.16 09:15:52.188,0.76933,0.76942,1.88,1.13
2011.11.16 09:16:00.887,0.76933,0.76943,1.50,2.48
2011.11.16 09:16:01.488,0.76933,0.76943,1.88,2.48
2011.11.16 09:16:05.996,0.76933,0.76943,3.75,3.23
2011.11.16 09:16:07.554,0.76933,0.76943,3.75,3.38
2011.11.16 09:16:10.144,0.76933,0.76943,2.25,1.88
2011.11.16 09:16:12.309,0.76931,0.76941,4.13,2.25
2011.11.16 09:16:12.443,0.76931,0.76941,4.13,2.25
2011.11.16 09:16:19.467,0.76931,0.76941,2.63,3.38
2011.11.16 09:16:19.830,0.7693,0.7694,2.63,3.38
2011.11.16 09:16:19.960,0.7693,0.7694,1.13,3.38
2011.11.16 09:16:20.570,0.76929,0.7694,5.25,2.63
2011.11.16 09:16:22.032,0.7693,0.7694,1.50,2.25
2011.11.16 09:16:25.724,0.76929,0.7694,6.00,3.38
2011.11.16 09:16:26.315,0.76929,0.7694,6.00,2.63
2011.11.16 09:16:28.550,0.7693,0.7694,1.50,2.63
2011.11.16 09:16:29.088,0.7693,0.7694,2.63,2.63
2011.11.16 09:16:29.666,0.7693,0.7694,3.38,2.63
2011.11.16 09:16:33.918,0.76929,0.7694,5.63,2.25
2011.11.16 09:16:34.618,0.76929,0.7694,5.63,2.25
2011.11.16 09:16:42.058,0.76928,0.76936,3.75,3.98
2011.11.16 09:16:42.780,0.76928,0.76936,1.13,1.88
2011.11.16 09:16:42.924,0.76925,0.76936,2.63,3.38
2011.11.16 09:16:43.528,0.76925,0.76936,3.38,1.88
2011.11.16 09:16:49.300,0.76925,0.76935,3.00,1.50
2011.11.16 09:16:49.431,0.76925,0.76933,1.50,1.50
2011.11.16 09:16:49.682,0.76925,0.76936,1.13,1.50
2011.11.16 09:16:50.736,0.76926,0.76937,1.50,2.48
2011.11.16 09:16:53.184,0.76926,0.76937,3.38,1.88
2011.11.16 09:16:53.787,0.76926,0.76937,1.50,1.88
2011.11.16 09:16:54.149,0.76929,0.76937,1.50,2.63
2011.11.16 09:16:54.617,0.76927,0.76937,1.50,4.88
2011.11.16 09:17:01.163,0.76927,0.76937,1.50,3.00
2011.11.16 09:17:01.770,0.76928,0.76939,1.50,4.13
2011.11.16 09:17:03.019,0.76928,0.76937,1.50,1.88
2011.11.16 09:17:03.380,0.76926,0.76937,3.75,2.63
2011.11.16 09:17:08.124,0.76926,0.76937,3.00,3.38
2011.11.16 09:17:10.236,0.76927,0.76937,1.88,3.38
2011.11.16 09:17:10.834,0.76928,0.76938,2.25,1.13
2011.11.16 09:17:12.080,0.76928,0.76936,2.25,1.88
2011.11.16 09:17:12.456,0.76928,0.76938,1.50,2.63
2011.11.16 09:17:12.585,0.76927,0.76937,3.00,2.10
2011.11.16 09:17:12.709,0.76927,0.76936,2.25,2.63
2011.11.16 09:17:13.079,0.76928,0.76937,1.50,1.88
2011.11.16 09:17:13.687,0.76928,0.76938,1.50,1.88
2011.11.16 09:17:18.466,0.76928,0.76938,2.63,2.25
2011.11.16 09:17:24.234,0.76928,0.76938,2.63,4.13
2011.11.16 09:17:34.019,0.76928,0.76937,2.25,1.88
2011.11.16 09:17:36.616,0.76928,0.76937,1.50,1.88
2011.11.16 09:17:39.080,0.76928,0.76938,2.25,2.63
2011.11.16 09:17:41.557,0.76928,0.76938,3.38,2.63
2011.11.16 09:17:42.158,0.76928,0.76938,3.38,1.50
2011.11.16 09:17:47.654,0.76928,0.76937,2.63,3.38
2011.11.16 09:17:47.787,0.76927,0.76938,2.63,3.00
2011.11.16 09:17:48.435,0.76927,0.76937,4.13,1.50
2011.11.16 09:17:49.538,0.76927,0.76937,4.13,1.54
2011.11.16 09:17:50.139,0.76927,0.76936,2.55,1.88
2011.11.16 09:17:50.734,0.76927,0.76937,2.25,4.13
2011.11.16 09:18:01.390,0.76927,0.76937,1.80,1.50
2011.11.16 09:18:01.618,0.76928,0.76937,1.88,1.88
2011.11.16 09:18:02.217,0.76928,0.76938,2.25,1.13
2011.11.16 09:18:04.094,0.76929,0.76939,2.25,1.50
2011.11.16 09:18:04.703,0.76929,0.76939,1.50,4.13
2011.11.16 09:18:05.310,0.7693,0.7694,1.50,2.63
2011.11.16 09:18:05.897,0.7693,0.7694,1.50,3.38
2011.11.16 09:18:06.410,0.7693,0.7694,1.50,4.13
2011.11.16 09:18:06.786,0.7693,0.7694,1.50,2.25
2011.11.16 09:18:10.609,0.7693,0.7694,3.75,3.38
2011.11.16 09:18:12.052,0.76934,0.76943,1.50,1.88
2011.11.16 09:18:12.184,0.76934,0.76944,3.00,4.73
2011.11.16 09:18:12.672,0.76934,0.76941,2.25,1.13
2011.11.16 09:18:12.923,0.76932,0.76941,2.25,1.13
2011.11.16 09:18:13.290,0.76932,0.7694,2.25,1.88
2011.11.16 09:18:14.089,0.76932,0.76942,3.00,2.25
2011.11.16 09:18:14.686,0.76932,0.76942,2.25,1.50
2011.11.16 09:18:16.681,0.76935,0.76944,1.88,3.75
2011.11.16 09:18:16.931,0.76939,0.76948,1.05,2.25
2011.11.16 09:18:17.061,0.76939,0.76949,2.55,4.50
2011.11.16 09:18:17.669,0.76939,0.76949,3.45,2.25
2011.11.16 09:18:18.270,0.76939,0.76949,3.45,1.50
2011.11.16 09:18:19.132,0.7694,0.76949,1.88,1.50
2011.11.16 09:18:19.504,0.76943,0.76953,3.38,2.55
2011.11.16 09:18:20.466,0.76943,0.76952,1.13,1.80
2011.11.16 09:18:22.993,0.76944,0.76954,1.50,1.65
2011.11.16 09:18:23.117,0.76944,0.76955,1.50,1.50
2011.11.16 09:18:23.241,0.76944,0.76952,1.50,2.48
2011.11.16 09:18:23.490,0.76939,0.7695,4.13,1.50
2011.11.16 09:18:23.621,0.76939,0.7695,1.88,2.25
2011.11.16 09:18:24.108,0.76936,0.76947,3.38,1.50
2011.11.16 09:18:25.051,0.76935,0.76945,4.50,1.50
2011.11.16 09:18:31.381,0.76935,0.76945,1.50,4.13
2011.11.16 09:18:31.626,0.76933,0.76944,4.50,1.88
2011.11.16 09:18:31.748,0.76933,0.76943,3.75,1.88
2011.11.16 09:18:33.052,0.76932,0.76942,3.38,1.13
2011.11.16 09:18:33.650,0.76932,0.76942,2.25,3.38
2011.11.16 09:18:34.263,0.76932,0.76939,2.25,1.50
2011.11.16 09:18:34.394,0.76931,0.7694,2.25,1.13
2011.11.16 09:18:34.639,0.76927,0.76938,1.50,1.88
2011.11.16 09:18:34.759,0.76926,0.76938,5.48,3.38
2011.11.16 09:18:35.357,0.76926,0.76937,4.73,1.13
2011.11.16 09:18:39.947,0.76929,0.76938,1.50,3.00
2011.11.16 09:18:40.635,0.76927,0.76937,4.13,2.25
2011.11.16 09:18:41.733,0.76927,0.76937,1.50,3.00
2011.11.16 09:18:45.359,0.76927,0.76937,1.50,3.38
2011.11.16 09:18:46.412,0.76927,0.76935,1.50,1.13
2011.11.16 09:18:46.866,0.76925,0.7693,2.25,1.43
2011.11.16 09:18:47.246,0.76921,0.76926,1.50,1.88
2011.11.16 09:18:47.493,0.76924,0.76928,1.50,3.75
2011.11.16 09:18:47.748,0.76915,0.76923,2.25,2.25
2011.11.16 09:18:47.871,0.76915,0.76921,1.50,1.50
2011.11.16 09:18:48.002,0.76916,0.76924,1.50,2.25
2011.11.16 09:18:48.252,0.76915,0.76924,1.50,1.50
2011.11.16 09:18:48.756,0.76915,0.76925,3.00,2.25
2011.11.16 09:18:49.596,0.76915,0.76925,3.00,2.25
2011.11.16 09:18:51.323,0.76917,0.76928,1.88,4.13
2011.11.16 09:18:53.854,0.76917,0.76927,1.88,1.88
2011.11.16 09:18:54.502,0.76917,0.76926,1.13,2.63
2011.11.16 09:18:54.996,0.76916,0.76925,2.25,3.21
2011.11.16 09:18:59.398,0.76916,0.76925,2.25,1.88
2011.11.16 09:18:59.872,0.76916,0.76926,2.25,2.63
2011.11.16 09:19:01.103,0.76916,0.76925,2.25,1.88
2011.11.16 09:19:01.699,0.76916,0.76925,1.50,2.83
2011.11.16 09:19:03.201,0.76918,0.76926,1.88,1.50
2011.11.16 09:19:10.584,0.76918,0.76928,1.88,2.63
2011.11.16 09:19:13.051,0.76919,0.76928,2.63,1.50
2011.11.16 09:19:13.172,0.76921,0.76931,2.25,2.25
2011.11.16 09:19:13.424,0.76921,0.76931,3.75,2.25
2011.11.16 09:19:15.354,0.76921,0.76931,3.75,4.13
2011.11.16 09:19:15.887,0.76921,0.76929,1.50,1.33
2011.11.16 09:19:16.133,0.76919,0.7693,1.88,2.46
2011.11.16 09:19:19.976,0.7692,0.76931,1.50,2.83
2011.11.16 09:19:28.730,0.7692,0.7693,2.63,1.13
2011.11.16 09:19:29.505,0.7692,0.76929,1.13,1.50
2011.11.16 09:19:32.867,0.7692,0.76932,4.88,4.15
2011.11.16 09:19:32.987,0.7692,0.76932,3.38,4.71
2011.11.16 09:19:33.579,0.7692,0.76932,3.38,3.96
2011.11.16 09:19:34.190,0.7692,0.76932,3.38,4.15
2011.11.16 09:19:35.340,0.7692,0.76932,3.38,3.96
2011.11.16 09:19:36.934,0.7692,0.76932,3.38,4.15
2011.11.16 09:19:37.994,0.7692,0.76932,3.38,3.96
2011.11.16 09:19:39.414,0.7692,0.76932,3.75,3.78
2011.11.16 09:19:39.997,0.7692,0.76932,3.38,4.33
2011.11.16 09:19:41.737,0.7692,0.76932,3.38,4.33
2011.11.16 09:19:42.916,0.7692,0.76932,3.38,3.96
2011.11.16 09:19:46.415,0.7692,0.76932,3.38,4.15
2011.11.16 09:19:47.018,0.76921,0.76932,1.50,3.78
2011.11.16 09:19:47.612,0.76922,0.76932,2.63,3.21
2011.11.16 09:19:47.860,0.76924,0.76933,1.13,1.50
2011.11.16 09:19:48.771,0.76924,0.76935,4.13,1.50
2011.11.16 09:19:49.836,0.76924,0.76935,3.38,1.50
2011.11.16 09:19:50.444,0.76923,0.76934,1.13,2.63
2011.11.16 09:19:51.830,0.76922,0.76934,4.88,2.63
2011.11.16 09:19:52.201,0.76925,0.76935,1.50,4.88
2011.11.16 09:19:55.168,0.76922,0.76934,5.25,2.63
2011.11.16 09:19:57.253,0.76922,0.76934,4.88,2.63
2011.11.16 09:19:57.617,0.7692,0.76929,1.13,1.50
2011.11.16 09:19:58.219,0.76917,0.76929,6.00,2.25
2011.11.16 09:19:58.818,0.76917,0.76929,6.00,2.46
2011.11.16 09:19:59.317,0.76917,0.76929,6.00,2.25
2011.11.16 09:20:02.247,0.7692,0.76929,1.13,1.50
2011.11.16 09:20:02.611,0.7692,0.76931,1.50,1.50
2011.11.16 09:20:03.131,0.76922,0.76931,1.13,2.25
2011.11.16 09:20:03.740,0.76922,0.76932,3.00,2.63
2011.11.16 09:20:07.549,0.76922,0.76932,2.63,4.13
2011.11.16 09:20:07.923,0.76918,0.76928,2.25,3.38
2011.11.16 09:20:09.356,0.76918,0.76928,2.25,3.43
2011.11.16 09:20:14.710,0.76918,0.76926,2.25,1.13
2011.11.16 09:20:14.968,0.76916,0.76926,2.25,3.23
2011.11.16 09:20:15.569,0.76916,0.76926,1.88,3.00
2011.11.16 09:20:22.128,0.76916,0.76926,1.13,2.63
2011.11.16 09:20:25.197,0.76916,0.76926,1.13,2.63
2011.11.16 09:20:26.513,0.76915,0.76922,2.25,1.88
2011.11.16 09:20:26.756,0.76912,0.76921,1.13,1.88
2011.11.16 09:20:27.116,0.76911,0.76921,1.88,1.88
2011.11.16 09:20:28.922,0.76913,0.76922,2.25,1.13
2011.11.16 09:20:29.505,0.76913,0.76923,2.63,1.88
2011.11.16 09:20:30.580,0.76914,0.76924,3.38,1.50
2011.11.16 09:20:31.187,0.76914,0.76924,3.38,1.50
2011.11.16 09:20:32.082,0.76914,0.76924,1.88,1.13
2011.11.16 09:20:32.330,0.76914,0.76924,2.63,1.13
2011.11.16 09:20:39.217,0.76915,0.76924,1.50,1.88
2011.11.16 09:20:43.287,0.76916,0.76925,1.50,1.50
2011.11.16 09:20:43.877,0.76917,0.76926,2.25,1.50
2011.11.16 09:20:45.253,0.76917,0.76927,3.75,1.88
2011.11.16 09:20:47.306,0.76921,0.76931,1.50,3.38
2011.11.16 09:20:47.445,0.76923,0.76932,1.50,2.25
2011.11.16 09:20:48.168,0.76923,0.76932,1.50,1.50
2011.11.16 09:20:51.306,0.76922,0.76933,2.25,1.13
2011.11.16 09:20:51.790,0.76921,0.76931,2.25,2.10
2011.11.16 09:20:52.399,0.76922,0.76931,1.88,2.25
2011.11.16 09:20:55.229,0.76921,0.76931,2.25,2.48
2011.11.16 09:20:55.588,0.76919,0.76929,3.00,1.88
2011.11.16 09:20:59.230,0.7692,0.76929,1.50,1.88
2011.11.16 09:20:59.831,0.7692,0.76929,1.50,1.88
2011.11.16 09:21:02.518,0.76919,0.76929,3.00,3.38
2011.11.16 09:21:03.064,0.76919,0.76929,1.50,4.73
2011.11.16 09:21:03.555,0.76918,0.76928,1.88,1.88
2011.11.16 09:21:04.278,0.76918,0.76928,1.50,1.88
2011.11.16 09:21:04.882,0.76919,0.76929,2.25,4.13
2011.11.16 09:21:05.488,0.76919,0.76929,3.00,3.38
2011.11.16 09:21:06.038,0.76919,0.76929,2.25,4.13
2011.11.16 09:21:13.103,0.76919,0.76929,2.63,1.88
2011.11.16 09:21:13.347,0.76919,0.76929,2.63,1.88
2011.11.16 09:21:13.585,0.76919,0.76929,2.63,3.38
2011.11.16 09:21:15.321,0.76919,0.76929,2.63,1.88
2011.11.16 09:21:15.920,0.76919,0.76929,2.63,1.88
2011.11.16 09:21:19.097,0.76919,0.76929,1.88,3.38
2011.11.16 09:21:19.723,0.76917,0.76924,1.50,1.50
2011.11.16 09:21:19.864,0.76918,0.76927,2.25,1.50
2011.11.16 09:21:20.471,0.76916,0.76927,1.13,2.25
2011.11.16 09:21:20.723,0.76915,0.76924,5.63,1.88
2011.11.16 09:21:20.851,0.76915,0.76924,2.25,3.38
2011.11.16 09:21:25.997,0.76915,0.76922,1.50,1.88
2011.11.16 09:21:26.478,0.7691,0.76919,2.25,1.50
2011.11.16 09:21:32.174,0.7691,0.7692,2.25,2.63
2011.11.16 09:21:32.778,0.76911,0.76921,2.63,1.88
2011.11.16 09:21:33.619,0.76911,0.76921,4.13,1.50
2011.11.16 09:21:40.241,0.76911,0.76921,2.63,1.88
2011.11.16 09:21:44.523,0.76912,0.76923,1.13,3.75
2011.11.16 09:21:45.132,0.76912,0.76923,1.50,6.98
2011.11.16 09:21:45.260,0.76911,0.7692,2.25,1.13
2011.11.16 09:21:45.797,0.76914,0.76921,1.13,1.50
2011.11.16 09:21:46.412,0.76913,0.76922,1.50,1.50
2011.11.16 09:21:56.756,0.76914,0.76922,1.88,1.50
2011.11.16 09:21:57.121,0.76917,0.76926,3.00,1.88
2011.11.16 09:21:57.367,0.76916,0.76924,1.50,1.88
2011.11.16 09:21:57.730,0.76911,0.76921,4.84,1.88
2011.11.16 09:21:58.323,0.76911,0.76921,2.63,1.50
2011.11.16 09:22:00.343,0.76913,0.76922,1.50,3.00
2011.11.16 09:22:00.959,0.76913,0.76922,1.50,4.88
2011.11.16 09:22:01.726,0.76914,0.76922,1.13,2.25
2011.11.16 09:22:02.092,0.76914,0.76923,1.69,4.13
2011.11.16 09:22:02.808,0.76913,0.76924,1.50,4.13
2011.11.16 09:22:03.709,0.76913,0.76924,3.00,4.13
2011.11.16 09:22:04.309,0.76913,0.76924,3.00,2.63
2011.11.16 09:22:04.908,0.76914,0.76924,1.13,1.88
2011.11.16 09:22:05.730,0.76913,0.76924,3.75,1.88
2011.11.16 09:22:06.738,0.76917,0.76924,1.88,1.50
2011.11.16 09:22:07.100,0.76915,0.76925,1.88,1.88
2011.11.16 09:22:07.353,0.76913,0.76925,3.75,3.38
2011.11.16 09:22:07.597,0.76913,0.76923,2.25,1.50
2011.11.16 09:22:20.342,0.76912,0.76923,2.25,5.25
2011.11.16 09:22:22.375,0.76913,0.76923,1.88,5.25
2011.11.16 09:22:22.740,0.76916,0.76923,1.50,2.25
2011.11.16 09:22:23.587,0.76916,0.76924,2.25,1.50
2011.11.16 09:22:23.710,0.76916,0.76926,2.25,1.88
2011.11.16 09:22:28.534,0.76916,0.76926,3.00,1.50
2011.11.16 09:22:30.614,0.76917,0.76926,1.13,1.50
2011.11.16 09:22:31.204,0.76917,0.76926,2.25,1.50
2011.11.16 09:22:31.569,0.76918,0.76929,1.13,5.63
2011.11.16 09:22:31.699,0.76918,0.76928,1.13,1.88
2011.11.16 09:22:32.289,0.76918,0.76929,1.13,4.13
2011.11.16 09:22:34.738,0.76917,0.76929,4.50,4.13
2011.11.16 09:22:35.339,0.76917,0.76928,2.63,1.88
2011.11.16 09:22:35.467,0.76916,0.76926,4.88,1.50
2011.11.16 09:22:36.307,0.76915,0.76924,1.50,1.88
2011.11.16 09:22:36.545,0.76914,0.76924,3.38,1.88
2011.11.16 09:22:41.074,0.76914,0.76922,3.00,1.88
2011.11.16 09:22:41.677,0.76912,0.76922,1.50,4.13
2011.11.16 09:22:43.038,0.76911,0.76921,2.63,1.13
2011.11.16 09:22:45.315,0.76911,0.76921,1.13,2.63
2011.11.16 09:22:45.915,0.7691,0.76921,1.58,4.88
2011.11.16 09:22:46.264,0.7691,0.76921,1.58,4.88
2011.11.16 09:22:47.267,0.7691,0.76921,1.50,6.38
2011.11.16 09:22:49.513,0.76913,0.76923,1.13,2.25
2011.11.16 09:22:50.476,0.76914,0.76924,1.50,2.25
2011.11.16 09:22:51.179,0.76912,0.76923,2.63,2.25
2011.11.16 09:22:51.427,0.76914,0.76923,1.88,2.25
2011.11.16 09:22:51.907,0.76915,0.76924,2.63,1.50
2011.11.16 09:22:53.108,0.76915,0.76924,1.88,1.50
2011.11.16 09:22:53.707,0.76915,0.76924,2.63,1.50
2011.11.16 09:22:55.835,0.76916,0.76926,3.00,2.25
2011.11.16 09:22:55.955,0.76916,0.76926,2.25,3.00
2011.11.16 09:22:57.856,0.76915,0.76925,2.25,1.50
2011.11.16 09:22:58.686,0.76915,0.76926,3.38,1.50
2011.11.16 09:22:59.327,0.76915,0.76924,1.88,1.50
2011.11.16 09:22:59.567,0.76916,0.76926,1.50,3.00
2011.11.16 09:22:59.686,0.76915,0.76924,1.88,1.50
2011.11.16 09:23:01.444,0.76914,0.76924,2.25,2.63
2011.11.16 09:23:02.046,0.76912,0.76923,3.00,1.50
2011.11.16 09:23:06.635,0.76913,0.76923,3.00,1.50
2011.11.16 09:23:06.879,0.76914,0.76924,2.63,2.25
2011.11.16 09:23:40.185,0.76914,0.76923,1.50,1.88
2011.11.16 09:23:40.678,0.76912,0.76923,1.88,3.38
2011.11.16 09:23:41.159,0.76913,0.76923,2.63,1.88
2011.11.16 09:23:41.759,0.76913,0.76922,3.98,1.50
2011.11.16 09:23:42.576,0.76913,0.76925,4.73,3.38
2011.11.16 09:23:52.881,0.76914,0.76925,1.13,2.63
2011.11.16 09:23:53.652,0.76915,0.76925,1.88,2.25
2011.11.16 09:23:54.257,0.76916,0.76925,1.13,1.50
2011.11.16 09:23:54.800,0.76915,0.76925,2.63,1.50
2011.11.16 09:23:55.411,0.76915,0.76926,3.38,3.38
2011.11.16 09:23:59.725,0.76915,0.76925,3.00,1.88
2011.11.16 09:24:00.086,0.76916,0.76926,2.25,1.50
2011.11.16 09:24:04.526,0.76916,0.76926,2.25,2.25
2011.11.16 09:24:07.955,0.76914,0.76924,4.13,1.50
2011.11.16 09:24:11.260,0.76914,0.76924,2.25,3.00
2011.11.16 09:24:15.748,0.76914,0.76924,3.38,1.50
2011.11.16 09:24:16.347,0.76915,0.76926,2.25,1.88
2011.11.16 09:24:18.380,0.76915,0.76926,4.50,1.88
2011.11.16 09:24:18.989,0.76915,0.76925,2.63,2.63
2011.11.16 09:24:19.816,0.76914,0.76924,3.83,3.38
2011.11.16 09:24:20.430,0.76914,0.76924,3.00,4.13
2011.11.16 09:24:22.056,0.76914,0.76924,3.38,2.63
2011.11.16 09:24:34.526,0.76914,0.76924,2.25,3.38
2011.11.16 09:24:47.817,0.76914,0.76922,1.50,2.63
2011.11.16 09:24:48.417,0.76912,0.76922,1.50,4.13
2011.11.16 09:24:51.166,0.7691,0.7692,3.08,2.25
2011.11.16 09:24:53.321,0.76912,0.76922,1.88,3.75
2011.11.16 09:24:54.817,0.76912,0.7692,2.63,1.50
2011.11.16 09:24:55.075,0.76911,0.76921,2.63,2.25
2011.11.16 09:24:57.433,0.7691,0.76919,1.50,2.63
2011.11.16 09:24:57.556,0.76909,0.76919,1.13,2.63
2011.11.16 09:24:58.157,0.76907,0.76918,4.13,1.13
2011.11.16 09:24:58.284,0.76907,0.76918,4.13,1.13
2011.11.16 09:24:58.412,0.76908,0.76918,3.38,1.13
2011.11.16 09:24:59.299,0.76908,0.76918,1.13,1.50
2011.11.16 09:24:59.894,0.76908,0.76918,1.13,1.50
2011.11.16 09:25:04.087,0.76907,0.76919,6.98,2.25
2011.11.16 09:25:06.127,0.76907,0.76917,2.48,1.88
2011.11.16 09:25:09.321,0.76906,0.76917,3.00,5.48
2011.11.16 09:25:09.687,0.76905,0.76914,1.50,3.38
2011.11.16 09:25:09.810,0.76904,0.76913,1.50,1.13
2011.11.16 09:25:10.303,0.76903,0.76912,1.50,1.50
2011.11.16 09:25:13.398,0.76903,0.76912,1.95,1.50
2011.11.16 09:25:14.337,0.76904,0.76914,1.58,4.50
2011.11.16 09:25:14.577,0.76905,0.76915,1.13,3.38
2011.11.16 09:25:14.822,0.76905,0.76912,1.50,2.25
2011.11.16 09:25:15.427,0.76904,0.76914,1.50,3.38
2011.11.16 09:25:17.172,0.76905,0.76915,1.50,4.35
2011.11.16 09:25:19.229,0.76905,0.76915,1.13,1.50
2011.11.16 09:25:21.506,0.76904,0.76914,2.25,1.13
2011.11.16 09:25:22.404,0.76903,0.76914,1.50,2.63
2011.11.16 09:25:23.007,0.76902,0.76913,3.75,1.50
2011.11.16 09:25:25.817,0.76902,0.76911,2.25,1.50
2011.11.16 09:25:30.765,0.76902,0.76911,2.25,1.50
2011.11.16 09:25:31.366,0.76901,0.76911,3.00,1.50
2011.11.16 09:25:32.103,0.76902,0.76911,1.50,1.50
2011.11.16 09:25:33.286,0.76902,0.76911,1.50,1.88
2011.11.16 09:25:33.646,0.76901,0.76911,3.38,1.88
2011.11.16 09:25:34.575,0.76903,0.76911,1.50,1.50
2011.11.16 09:25:34.817,0.76903,0.76911,1.50,1.50
2011.11.16 09:25:35.761,0.76902,0.76911,1.50,1.50
2011.11.16 09:25:37.977,0.76902,0.76911,1.50,1.50
2011.11.16 09:25:40.975,0.76901,0.76911,2.63,2.63
2011.11.16 09:25:42.477,0.76902,0.76911,2.25,2.63
2011.11.16 09:25:43.791,0.76902,0.76911,1.50,1.50
2011.11.16 09:25:46.416,0.76903,0.76911,1.50,1.88
2011.11.16 09:25:47.001,0.76903,0.76913,3.00,4.88
2011.11.16 09:25:47.805,0.76902,0.76913,4.13,1.88
2011.11.16 09:25:50.299,0.76903,0.7691,1.50,1.50
2011.11.16 09:25:50.549,0.76901,0.76912,1.88,3.75
2011.11.16 09:25:57.470,0.76901,0.76912,3.00,3.38
2011.11.16 09:25:57.937,0.76901,0.76912,1.50,3.38
2011.11.16 09:26:01.021,0.76901,0.76912,1.50,1.50
2011.11.16 09:26:02.346,0.76901,0.76912,1.13,3.75
2011.11.16 09:26:04.427,0.76901,0.7691,1.13,1.88
2011.11.16 09:26:12.056,0.76901,0.7691,1.13,1.50
2011.11.16 09:26:12.764,0.76901,0.76911,1.13,1.13
2011.11.16 09:26:14.866,0.76901,0.76911,1.13,1.88
2011.11.16 09:26:15.232,0.76895,0.76905,6.15,1.50
2011.11.16 09:26:15.365,0.7689,0.76898,3.75,1.73
2011.11.16 09:26:15.492,0.76892,0.76897,1.50,2.10
2011.11.16 09:26:15.623,0.7689,0.76896,1.50,3.38
2011.11.16 09:26:15.752,0.76886,0.76896,2.85,3.38
2011.11.16 09:26:15.879,0.76889,0.76898,1.13,3.00
2011.11.16 09:26:16.000,0.76888,0.76898,1.88,3.00
2011.11.16 09:26:17.550,0.76888,0.76899,2.25,2.63
2011.11.16 09:26:17.917,0.76891,0.769,1.50,4.35
2011.11.16 09:26:18.283,0.76887,0.76896,1.50,1.50
2011.11.16 09:26:19.054,0.76887,0.76897,1.50,1.50
2011.11.16 09:26:19.885,0.76887,0.76895,1.13,2.25
2011.11.16 09:26:20.254,0.76881,0.76892,4.13,2.63
2011.11.16 09:26:20.742,0.76885,0.76893,3.38,2.25
2011.11.16 09:26:20.869,0.76884,0.76894,1.50,3.00
2011.11.16 09:26:21.470,0.76885,0.76895,1.50,2.63
2011.11.16 09:26:22.077,0.76885,0.76895,2.25,2.25
2011.11.16 09:26:22.875,0.76887,0.76896,1.50,1.88
2011.11.16 09:26:24.926,0.76887,0.76896,2.25,1.50
2011.11.16 09:26:25.527,0.76887,0.76897,2.25,3.38
2011.11.16 09:26:27.890,0.76888,0.76897,1.50,1.50
2011.11.16 09:26:28.796,0.76889,0.76898,1.50,1.13
2011.11.16 09:26:29.160,0.76894,0.76902,1.50,1.50
2011.11.16 09:26:29.765,0.76894,0.76904,2.25,4.50
2011.11.16 09:26:30.841,0.76894,0.76904,2.63,2.63
2011.11.16 09:26:38.308,0.76892,0.76903,1.50,1.88
2011.11.16 09:26:38.948,0.76893,0.76903,1.28,4.13
2011.11.16 09:26:39.074,0.76892,0.76903,2.03,3.38
2011.11.16 09:26:39.665,0.76892,0.76903,1.65,2.25
2011.11.16 09:26:42.046,0.76892,0.76902,1.28,2.63
2011.11.16 09:26:45.440,0.76891,0.76901,2.93,1.88
2011.11.16 09:26:45.688,0.7689,0.76901,1.05,3.38
2011.11.16 09:26:46.736,0.76891,0.769,1.35,1.13
2011.11.16 09:26:47.325,0.76891,0.76901,1.35,4.13
2011.11.16 09:26:48.256,0.76889,0.76899,1.35,2.25
2011.11.16 09:26:48.380,0.76888,0.76898,2.85,1.13
2011.11.16 09:26:48.856,0.76888,0.76896,1.95,1.88
2011.11.16 09:26:49.207,0.76885,0.76896,5.33,3.38
2011.11.16 09:26:49.915,0.76886,0.76897,1.58,3.00
2011.11.16 09:26:50.277,0.76887,0.76899,4.73,2.25
2011.11.16 09:26:50.397,0.7689,0.769,1.50,4.50
2011.11.16 09:26:50.997,0.7689,0.769,1.88,2.63
2011.11.16 09:26:56.800,0.76892,0.76902,1.50,4.13
2011.11.16 09:27:09.234,0.76892,0.76902,3.38,3.75
2011.11.16 09:27:09.844,0.7689,0.76894,1.50,1.13
2011.11.16 09:27:10.244,0.76888,0.76893,1.50,2.63
2011.11.16 09:27:10.377,0.76883,0.76893,1.13,1.13
2011.11.16 09:27:10.749,0.76884,0.76893,1.50,1.50
2011.11.16 09:27:10.878,0.76886,0.76895,2.25,1.13
2011.11.16 09:27:13.471,0.76886,0.76896,3.75,2.63
2011.11.16 09:27:13.607,0.76888,0.76898,1.50,4.05
2011.11.16 09:27:14.215,0.76888,0.76898,1.50,2.55
2011.11.16 09:27:15.274,0.76888,0.76898,2.25,1.88
2011.11.16 09:27:17.177,0.76893,0.76899,1.35,4.43
2011.11.16 09:27:17.303,0.76893,0.769,2.85,1.50
2011.11.16 09:27:17.696,0.76893,0.76903,3.00,2.25
2011.11.16 09:27:18.301,0.76895,0.76903,1.50,1.50
2011.11.16 09:27:19.738,0.76895,0.76901,1.50,1.50
2011.11.16 09:27:20.435,0.76893,0.76901,1.50,1.50
2011.11.16 09:27:21.674,0.76892,0.76901,1.50,1.50
2011.11.16 09:27:22.880,0.7689,0.769,1.50,1.50
2011.11.16 09:27:23.250,0.76889,0.769,2.85,3.00
2011.11.16 09:27:23.505,0.76889,0.76897,2.25,1.50
2011.11.16 09:27:23.990,0.7689,0.76897,1.50,1.50
2011.11.16 09:27:24.244,0.7689,0.769,1.50,3.00
2011.11.16 09:27:24.845,0.76889,0.769,1.50,1.50
2011.11.16 09:27:26.009,0.76889,0.769,1.50,1.50
2011.11.16 09:27:26.596,0.7689,0.769,1.50,2.25
2011.11.16 09:27:26.720,0.7689,0.76897,1.50,1.50
2011.11.16 09:27:26.970,0.76887,0.76897,3.75,2.59
2011.11.16 09:27:27.590,0.76885,0.76896,1.50,3.38
2011.11.16 09:27:28.079,0.76885,0.76896,1.50,2.25
2011.11.16 09:27:28.437,0.76885,0.76896,1.50,2.25
2011.11.16 09:27:30.588,0.76884,0.76896,3.75,6.00
2011.11.16 09:27:31.061,0.76884,0.76896,3.75,6.38
2011.11.16 09:27:31.194,0.76884,0.76893,2.25,1.50
2011.11.16 09:27:31.797,0.76884,0.76893,2.25,1.50
2011.11.16 09:27:32.610,0.76884,0.76893,2.25,1.50
2011.11.16 09:27:35.229,0.76886,0.76893,1.50,1.50
2011.11.16 09:27:35.362,0.76886,0.76895,1.50,1.50
2011.11.16 09:27:35.958,0.76885,0.76895,3.00,1.50
2011.11.16 09:27:37.598,0.76885,0.76895,2.25,3.00
2011.11.16 09:27:38.196,0.76884,0.76894,2.25,1.50
2011.11.16 09:28:01.197,0.76885,0.76894,1.50,1.50
2011.11.16 09:28:02.489,0.76884,0.76894,1.50,3.00
2011.11.16 09:28:02.609,0.76884,0.76892,1.50,1.50
2011.11.16 09:28:03.236,0.7688,0.76891,1.50,4.13
2011.11.16 09:28:03.850,0.76881,0.76892,1.50,5.37
2011.11.16 09:28:04.455,0.7688,0.7689,1.50,5.48
2011.11.16 09:28:04.579,0.7688,0.76888,1.50,2.07
2011.11.16 09:28:04.943,0.76872,0.76883,1.05,3.00
2011.11.16 09:28:05.696,0.7687,0.76878,2.25,2.25
2011.11.16 09:28:06.062,0.76866,0.76876,3.00,3.00
2011.11.16 09:28:06.429,0.76862,0.76872,3.75,1.43
2011.11.16 09:28:07.028,0.76862,0.76872,2.25,2.93
2011.11.16 09:28:07.389,0.76861,0.7687,1.50,1.43
2011.11.16 09:28:07.841,0.76858,0.76868,3.00,1.43
2011.11.16 09:28:08.447,0.7686,0.76868,2.25,1.43
2011.11.16 09:28:08.692,0.76861,0.76871,3.00,1.50
2011.11.16 09:28:09.300,0.76861,0.76871,3.00,1.13
2011.11.16 09:28:09.937,0.76861,0.76871,3.75,1.13
2011.11.16 09:28:10.549,0.76863,0.76871,1.50,1.13
2011.11.16 09:28:12.693,0.76862,0.76872,3.00,2.25
2011.11.16 09:28:14.354,0.76863,0.76872,1.50,2.25
2011.11.16 09:28:14.900,0.76863,0.76872,1.50,2.25
2011.11.16 09:28:15.569,0.76863,0.76872,1.50,3.00
2011.11.16 09:28:17.391,0.76864,0.76872,1.50,3.00
2011.11.16 09:28:17.523,0.76864,0.76874,2.25,1.88
2011.11.16 09:28:17.653,0.76871,0.76877,1.50,1.50
2011.11.16 09:28:17.780,0.76871,0.76878,1.50,1.50
2011.11.16 09:28:18.389,0.76871,0.7688,1.50,1.50
2011.11.16 09:28:19.928,0.76874,0.76883,2.25,3.75
2011.11.16 09:28:20.174,0.76872,0.76884,6.60,2.25
2011.11.16 09:28:20.301,0.76872,0.76884,4.50,2.25
2011.11.16 09:28:20.434,0.76872,0.76883,3.00,1.50
2011.11.16 09:28:22.400,0.76874,0.76883,1.88,1.50
2011.11.16 09:28:23.008,0.76875,0.76884,3.38,1.50
2011.11.16 09:28:23.252,0.76876,0.76886,1.88,1.50
2011.11.16 09:28:24.095,0.76876,0.76887,1.88,1.13
2011.11.16 09:28:27.829,0.76876,0.76881,1.50,1.88
2011.11.16 09:28:27.953,0.76873,0.7688,5.25,1.88
2011.11.16 09:28:28.081,0.7687,0.76879,1.50,3.00
2011.11.16 09:28:28.210,0.76866,0.76874,2.25,1.88
2011.11.16 09:28:28.817,0.76863,0.76874,6.60,1.13
2011.11.16 09:28:32.888,0.76865,0.76874,1.05,4.13
2011.11.16 09:28:33.237,0.76864,0.76874,1.50,3.75
2011.11.16 09:28:33.836,0.76864,0.76874,2.63,2.25
2011.11.16 09:28:34.296,0.76866,0.76875,1.50,1.05
2011.11.16 09:28:35.225,0.76866,0.76876,1.50,4.05
2011.11.16 09:28:36.326,0.76866,0.76875,1.50,2.18
2011.11.16 09:28:36.925,0.76866,0.76875,1.50,1.05
2011.11.16 09:28:37.386,0.76866,0.76876,1.50,2.55
2011.11.16 09:28:37.986,0.76866,0.76874,1.50,1.88
2011.11.16 09:28:38.503,0.76865,0.76874,1.50,3.38
2011.11.16 09:28:40.276,0.76865,0.76874,1.88,1.50
2011.11.16 09:28:40.524,0.76866,0.76876,1.50,1.50
2011.11.16 09:28:40.888,0.76867,0.76876,1.88,1.50
2011.11.16 09:28:41.248,0.7687,0.7688,1.50,2.63
2011.11.16 09:28:42.470,0.7687,0.7688,2.25,4.13
2011.11.16 09:28:43.079,0.7687,0.7688,1.50,3.38
2011.11.16 09:28:43.429,0.76868,0.76874,3.00,1.88
2011.11.16 09:28:43.672,0.76867,0.76874,2.25,1.88
2011.11.16 09:28:43.920,0.76864,0.76873,2.63,1.88
2011.11.16 09:28:44.514,0.76864,0.76873,1.50,1.13
2011.11.16 09:28:44.876,0.76862,0.76873,3.98,1.88
2011.11.16 09:28:45.359,0.76859,0.76865,8.40,3.38
2011.11.16 09:28:45.483,0.76858,0.76863,1.50,4.13
2011.11.16 09:28:45.869,0.76853,0.76863,2.93,4.13
2011.11.16 09:28:45.997,0.76852,0.76861,1.88,1.50
2011.11.16 09:28:46.599,0.76852,0.76861,1.13,1.50
2011.11.16 09:28:49.771,0.76852,0.76861,2.25,1.50
2011.11.16 09:28:50.512,0.76851,0.7686,3.75,1.88
2011.11.16 09:28:50.761,0.76853,0.76863,1.13,3.75
2011.11.16 09:28:50.897,0.76854,0.76863,2.25,2.25
2011.11.16 09:28:51.022,0.76856,0.76864,1.13,1.50
2011.11.16 09:28:51.574,0.76857,0.76866,2.25,4.50
2011.11.16 09:28:51.944,0.76859,0.76867,1.50,2.63
2011.11.16 09:28:52.440,0.76859,0.76868,1.50,1.13
2011.11.16 09:28:53.258,0.76857,0.76868,3.00,1.13
2011.11.16 09:28:54.796,0.76857,0.76869,3.38,3.00
2011.11.16 09:28:55.395,0.76857,0.76868,3.38,1.88
2011.11.16 09:28:55.625,0.76857,0.76869,3.38,3.00
2011.11.16 09:28:56.422,0.7686,0.7687,2.25,5.63
2011.11.16 09:28:56.553,0.76862,0.7687,1.50,4.13
2011.11.16 09:28:57.736,0.76862,0.76869,1.50,1.13
2011.11.16 09:28:58.686,0.7686,0.76869,1.50,1.13
2011.11.16 09:29:00.636,0.7686,0.76868,2.25,1.88
2011.11.16 09:29:02.481,0.7686,0.76867,1.50,2.63
2011.11.16 09:29:03.446,0.7686,0.76868,2.25,1.88
2011.11.16 09:29:03.958,0.76861,0.76868,1.50,1.88
2011.11.16 09:29:04.802,0.7686,0.76868,1.50,1.50
2011.11.16 09:29:05.408,0.7686,0.76869,3.00,1.13
2011.11.16 09:29:07.261,0.76862,0.76869,1.50,1.13
2011.11.16 09:29:15.855,0.76862,0.76871,2.25,1.88
2011.11.16 09:29:16.458,0.76863,0.76871,2.25,1.13
2011.11.16 09:29:19.260,0.76863,0.7687,1.50,1.88
2011.11.16 09:29:19.856,0.76862,0.76869,1.50,2.18
2011.11.16 09:29:20.338,0.76862,0.76871,1.50,4.43
2011.11.16 09:29:21.398,0.76863,0.76871,1.50,3.38
2011.11.16 09:29:22.004,0.76863,0.76871,1.50,1.13
2011.11.16 09:29:22.450,0.76861,0.76871,3.75,2.63
2011.11.16 09:29:24.129,0.76861,0.76868,1.50,1.13
2011.11.16 09:29:24.373,0.76858,0.76868,3.00,1.50
2011.11.16 09:29:24.997,0.76858,0.76868,3.00,1.13
2011.11.16 09:29:25.139,0.76858,0.76868,3.00,1.13
2011.11.16 09:29:25.257,0.76858,0.76868,3.00,1.13
2011.11.16 09:29:25.985,0.76858,0.76868,3.00,1.13
2011.11.16 09:29:26.771,0.76861,0.76868,1.50,1.13
2011.11.16 09:29:27.373,0.76861,0.76868,1.50,2.63
2011.11.16 09:29:27.626,0.76859,0.76868,1.50,2.63
2011.11.16 09:29:28.443,0.76859,0.76869,1.50,5.63
2011.11.16 09:29:30.153,0.76861,0.76869,1.50,1.50
2011.11.16 09:29:31.704,0.76861,0.76868,1.50,1.88
2011.11.16 09:29:33.467,0.76861,0.76867,1.50,3.38
2011.11.16 09:29:33.597,0.76856,0.76866,4.88,1.88
2011.11.16 09:29:33.962,0.76858,0.76868,1.50,2.63
2011.11.16 09:29:34.438,0.7686,0.76868,1.50,1.88
2011.11.16 09:29:35.531,0.76858,0.76868,1.88,2.25
2011.11.16 09:29:35.682,0.76861,0.76868,1.50,1.13
2011.11.16 09:29:38.012,0.76861,0.76868,1.50,1.88
2011.11.16 09:29:38.145,0.76857,0.76866,1.88,1.50
2011.11.16 09:29:38.269,0.76858,0.76869,1.50,6.00
2011.11.16 09:29:38.400,0.76861,0.76869,1.50,1.13
2011.11.16 09:29:39.767,0.76861,0.76869,1.50,1.88
2011.11.16 09:29:40.260,0.76858,0.76863,1.50,1.88
2011.11.16 09:29:40.396,0.76861,0.76867,1.50,1.88
2011.11.16 09:29:40.519,0.76857,0.76868,6.38,3.00
2011.11.16 09:29:40.764,0.7686,0.76868,1.50,2.63
2011.11.16 09:29:42.993,0.7686,0.76868,2.25,1.13
2011.11.16 09:29:46.579,0.7686,0.76869,2.25,2.63
2011.11.16 09:29:47.567,0.7686,0.76869,1.50,2.63
2011.11.16 09:29:48.909,0.7686,0.76869,2.25,2.63
2011.11.16 09:29:49.518,0.7686,0.76869,1.50,2.63
2011.11.16 09:29:54.852,0.7686,0.76869,2.25,2.63
2011.11.16 09:29:55.713,0.7686,0.76869,2.25,1.88
2011.11.16 09:29:58.831,0.7686,0.76869,2.25,1.88
2011.11.16 09:29:59.485,0.7686,0.76869,2.25,1.88
2011.11.16 09:30:01.512,0.7686,0.76869,2.25,1.88
2011.11.16 09:30:01.865,0.76864,0.76876,3.75,5.18
2011.11.16 09:30:02.264,0.76867,0.76876,1.50,1.43
2011.11.16 09:30:02.746,0.76867,0.76877,1.50,1.50
2011.11.16 09:30:02.868,0.76869,0.76879,1.50,6.00
2011.11.16 09:30:05.330,0.76869,0.76879,1.50,3.00
2011.11.16 09:30:05.472,0.76875,0.76883,1.50,1.50
2011.11.16 09:30:05.907,0.76876,0.76884,1.88,2.63
2011.11.16 09:30:06.040,0.76876,0.76885,1.88,1.50
2011.11.16 09:30:06.659,0.76877,0.76885,1.13,1.50
2011.11.16 09:30:06.789,0.76878,0.76889,2.25,3.75
2011.11.16 09:30:07.120,0.76881,0.76889,1.50,3.75
2011.11.16 09:30:07.723,0.76878,0.76888,1.50,1.13
2011.11.16 09:30:18.058,0.76878,0.76888,2.25,1.13
2011.11.16 09:30:18.637,0.76878,0.76888,1.50,1.13
2011.11.16 09:30:23.616,0.76878,0.76887,2.25,2.63
2011.11.16 09:30:24.308,0.76878,0.76887,2.25,1.13
2011.11.16 09:30:32.422,0.76877,0.76887,2.25,2.63
2011.11.16 09:30:35.723,0.76876,0.76882,1.50,1.88
2011.11.16 09:30:35.983,0.7687,0.76879,3.75,2.63
2011.11.16 09:30:36.402,0.7687,0.76879,3.00,2.63
2011.11.16 09:30:36.787,0.76868,0.76877,1.50,2.63
2011.11.16 09:30:36.915,0.76865,0.76876,5.33,1.88
2011.11.16 09:30:37.897,0.76866,0.76877,1.50,5.63
2011.11.16 09:30:39.904,0.76866,0.76877,2.63,2.25
2011.11.16 09:30:40.510,0.76866,0.76877,4.88,2.25
2011.11.16 09:30:40.878,0.76868,0.76877,3.75,2.25
2011.11.16 09:30:41.430,0.76867,0.76877,4.50,2.25
2011.11.16 09:30:42.038,0.76868,0.76878,5.25,2.63
2011.11.16 09:30:42.637,0.76868,0.76878,4.13,1.88
2011.11.16 09:30:43.119,0.76869,0.76881,4.50,3.30
2011.11.16 09:30:43.870,0.7687,0.76881,1.50,2.25
2011.11.16 09:30:49.469,0.76876,0.76881,1.88,2.25
2011.11.16 09:30:49.590,0.76874,0.76882,4.65,1.50
2011.11.16 09:30:49.721,0.76879,0.76885,1.88,1.50
2011.11.16 09:30:49.967,0.7688,0.76889,1.50,1.13
2011.11.16 09:30:50.568,0.76881,0.76891,1.13,1.50
2011.11.16 09:30:50.689,0.76883,0.76892,1.88,4.13
2011.11.16 09:30:50.808,0.76883,0.76892,6.38,1.88
2011.11.16 09:30:51.048,0.76885,0.76893,1.50,1.13
2011.11.16 09:30:51.649,0.76885,0.76895,1.50,4.50
2011.11.16 09:30:52.408,0.76885,0.76894,1.50,1.13
2011.11.16 09:30:53.840,0.76887,0.76894,1.50,1.13
2011.11.16 09:30:54.450,0.76885,0.76895,1.50,1.13
2011.11.16 09:30:54.822,0.76885,0.76896,1.50,4.13
2011.11.16 09:30:55.378,0.76886,0.76897,1.50,2.25
2011.11.16 09:30:55.619,0.76887,0.76897,1.88,2.63
2011.11.16 09:30:55.984,0.76892,0.769,1.50,2.25
2011.11.16 09:30:56.470,0.76893,0.76902,1.88,1.50
2011.11.16 09:30:56.717,0.76893,0.76904,1.88,3.00
2011.11.16 09:30:56.839,0.76895,0.76904,1.88,3.00
2011.11.16 09:30:57.721,0.76896,0.76906,1.88,3.75
2011.11.16 09:30:58.448,0.76896,0.76906,1.50,1.88
2011.11.16 09:30:59.036,0.76895,0.76906,1.88,3.38
2011.11.16 09:30:59.288,0.76895,0.76903,1.50,1.13
2011.11.16 09:31:00.008,0.76893,0.76904,2.25,1.88
2011.11.16 09:31:03.667,0.76893,0.76904,1.88,1.13
2011.11.16 09:31:03.905,0.76894,0.76904,1.88,1.13
2011.11.16 09:31:07.276,0.76895,0.76904,1.13,1.88
2011.11.16 09:31:07.805,0.76895,0.76904,1.13,1.13
2011.11.16 09:31:19.548,0.76895,0.76904,1.13,1.50
2011.11.16 09:31:21.128,0.76895,0.76905,1.13,3.38
2011.11.16 09:31:24.228,0.76893,0.76904,2.63,2.25
2011.11.16 09:31:24.594,0.76892,0.76902,2.63,4.13
2011.11.16 09:31:24.721,0.76892,0.76901,2.63,2.63
2011.11.16 09:31:24.969,0.76892,0.76901,1.88,2.63
2011.11.16 09:31:25.330,0.7689,0.769,2.25,2.63
2011.11.16 09:31:25.456,0.76889,0.76898,1.13,1.50
2011.11.16 09:31:26.012,0.76888,0.76898,5.25,1.50
2011.11.16 09:31:26.157,0.76886,0.76896,2.63,2.25
2011.11.16 09:31:26.758,0.76886,0.76896,1.88,3.00
2011.11.16 09:31:42.223,0.76886,0.76896,2.25,1.50
2011.11.16 09:31:44.938,0.76886,0.76896,1.88,3.00
2011.11.16 09:31:48.079,0.76884,0.76895,4.50,2.25
2011.11.16 09:31:48.630,0.76885,0.76897,2.25,3.00
2011.11.16 09:31:55.813,0.76888,0.76897,1.50,2.25
2011.11.16 09:31:56.299,0.76891,0.76899,1.50,1.50
2011.11.16 09:31:57.136,0.76888,0.76899,4.13,1.50
2011.11.16 09:32:01.742,0.76888,0.76896,1.50,2.10
2011.11.16 09:32:02.108,0.76889,0.76896,1.88,2.85
2011.11.16 09:32:02.348,0.7689,0.76898,3.38,2.25
2011.11.16 09:32:02.831,0.7689,0.769,3.38,3.38
2011.11.16 09:32:03.433,0.76888,0.76898,3.38,2.25
2011.11.16 09:32:05.298,0.76888,0.76898,1.50,3.00
2011.11.16 09:32:08.500,0.76888,0.76898,2.63,2.25
2011.11.16 09:32:09.058,0.76888,0.76898,1.88,3.00
2011.11.16 09:32:09.418,0.76886,0.76896,4.13,3.60
2011.11.16 09:32:10.213,0.76886,0.76896,4.13,2.25
2011.11.16 09:32:10.343,0.76887,0.76897,1.88,1.50
2011.11.16 09:32:11.069,0.76887,0.76898,2.63,1.88
2011.11.16 09:32:12.560,0.76888,0.76898,1.88,1.88
2011.11.16 09:32:14.519,0.76888,0.76896,1.88,2.10
2011.11.16 09:32:14.646,0.76886,0.76896,5.25,5.10
2011.11.16 09:32:15.252,0.76889,0.76896,1.88,2.85
2011.11.16 09:32:15.503,0.76887,0.76896,1.13,2.85
2011.11.16 09:32:16.048,0.76885,0.76894,2.63,1.50
2011.11.16 09:32:16.769,0.76886,0.76896,3.38,4.35
2011.11.16 09:32:17.251,0.76888,0.76897,1.13,1.13
2011.11.16 09:32:17.378,0.76888,0.76897,1.13,1.13
2011.11.16 09:32:17.956,0.76888,0.76897,1.13,1.13
2011.11.16 09:32:21.485,0.76887,0.76898,1.88,1.50
2011.11.16 09:32:23.788,0.76888,0.76899,1.88,4.50
2011.11.16 09:32:25.820,0.7689,0.76899,1.50,2.25
2011.11.16 09:32:28.477,0.76888,0.76898,2.25,1.50
2011.11.16 09:32:30.216,0.76887,0.76898,3.38,1.50
2011.11.16 09:32:49.924,0.76889,0.76898,1.50,1.50
2011.11.16 09:32:52.756,0.76889,0.76895,1.50,2.10
2011.11.16 09:32:53.003,0.76887,0.76895,1.50,2.85
2011.11.16 09:32:53.249,0.76887,0.76895,1.50,4.35
2011.11.16 09:32:53.848,0.76887,0.76895,1.50,4.35
2011.11.16 09:33:07.432,0.76887,0.76897,1.88,3.75
2011.11.16 09:33:07.564,0.76887,0.76897,2.63,2.63
2011.11.16 09:33:07.813,0.76889,0.76896,1.50,1.88
2011.11.16 09:33:08.057,0.76889,0.76899,1.50,4.88
2011.11.16 09:33:19.408,0.76891,0.76899,1.50,2.25
2011.11.16 09:33:20.518,0.76891,0.76899,1.50,1.88
2011.11.16 09:33:28.218,0.76889,0.76898,1.50,1.50
2011.11.16 09:33:29.868,0.76889,0.76898,1.50,1.50
2011.11.16 09:33:32.077,0.76887,0.76897,4.50,1.50
2011.11.16 09:33:38.718,0.76887,0.76896,2.63,1.88
2011.11.16 09:33:39.199,0.76885,0.76895,2.25,1.50
2011.11.16 09:33:39.617,0.76883,0.76893,3.00,1.50
2011.11.16 09:33:40.000,0.76886,0.76895,1.50,2.10
2011.11.16 09:33:40.548,0.76887,0.76896,2.25,3.38
2011.11.16 09:33:41.159,0.76887,0.76898,3.00,3.75
2011.11.16 09:33:49.387,0.76887,0.76898,3.00,3.38
2011.11.16 09:33:50.436,0.76887,0.76898,3.00,1.88
2011.11.16 09:33:51.924,0.76887,0.76898,3.00,1.88
2011.11.16 09:33:52.837,0.76887,0.76899,2.63,8.48
2011.11.16 09:33:53.646,0.76887,0.76898,2.63,1.88
2011.11.16 09:33:54.118,0.76888,0.76898,1.88,1.88
2011.11.16 09:33:54.709,0.76888,0.76899,1.88,5.10
2011.11.16 09:33:56.600,0.76887,0.76898,4.13,1.50
2011.11.16 09:33:58.371,0.76888,0.76899,1.13,2.63
2011.11.16 09:33:58.983,0.76889,0.76899,1.50,1.88
2011.11.16 09:34:04.009,0.76889,0.769,3.00,4.73
2011.11.16 09:34:04.609,0.7689,0.769,1.50,3.23
2011.11.16 09:34:08.112,0.76888,0.76896,2.25,2.10
2011.11.16 09:34:08.251,0.76891,0.76899,1.50,1.50
2011.11.16 09:34:08.865,0.7689,0.76901,2.25,5.85
2011.11.16 09:34:16.885,0.7689,0.769,2.25,2.85
2011.11.16 09:34:18.272,0.76887,0.76896,2.63,1.50
2011.11.16 09:34:18.827,0.76887,0.76895,3.00,1.35
2011.11.16 09:34:19.068,0.76885,0.76895,3.75,1.35
2011.11.16 09:34:19.674,0.76885,0.76896,4.13,2.85
2011.11.16 09:34:19.806,0.76888,0.76898,2.25,4.65
2011.11.16 09:34:20.056,0.7689,0.76898,1.50,2.63
2011.11.16 09:34:20.783,0.76888,0.76898,3.00,4.88
2011.11.16 09:34:21.147,0.76887,0.76896,1.13,4.88
2011.11.16 09:34:21.511,0.76886,0.76896,1.50,6.38
2011.11.16 09:34:24.229,0.76886,0.76895,1.50,1.50
2011.11.16 09:34:24.833,0.76886,0.76896,3.00,3.00
2011.11.16 09:34:25.440,0.76885,0.76896,4.88,2.10
2011.11.16 09:34:26.039,0.76887,0.76897,2.25,1.50
2011.11.16 09:34:26.954,0.76885,0.76896,2.25,2.48
2011.11.16 09:34:27.558,0.76885,0.76896,2.25,2.48
2011.11.16 09:34:27.800,0.76887,0.76896,1.50,2.48
2011.11.16 09:34:27.920,0.76887,0.76896,1.50,1.73
2011.11.16 09:34:36.659,0.76887,0.76896,1.88,2.10
2011.11.16 09:34:38.114,0.76887,0.76896,1.50,2.48
2011.11.16 09:34:39.365,0.76889,0.76896,1.88,1.73
2011.11.16 09:34:39.492,0.76889,0.76899,1.88,1.50
2011.11.16 09:34:45.267,0.76889,0.76899,1.50,3.00
2011.11.16 09:34:45.875,0.76889,0.76899,1.50,3.75
2011.11.16 09:34:46.575,0.76889,0.76897,1.50,1.35
2011.11.16 09:34:46.821,0.76886,0.76897,2.25,1.35
2011.11.16 09:34:47.435,0.76886,0.76896,1.50,3.60
2011.11.16 09:34:48.205,0.76885,0.76895,1.50,3.38
2011.11.16 09:34:49.213,0.76885,0.76895,4.13,2.25
2011.11.16 09:34:49.464,0.76886,0.76897,1.88,1.88
2011.11.16 09:34:54.863,0.76886,0.76897,1.88,1.88
2011.11.16 09:34:59.585,0.76886,0.76897,1.88,1.88
2011.11.16 09:35:03.246,0.76886,0.76897,1.88,1.13
2011.11.16 09:35:04.718,0.76886,0.76897,1.88,1.88
2011.11.16 09:35:05.543,0.76887,0.76898,1.88,6.23
2011.11.16 09:35:06.416,0.76888,0.76898,2.63,1.50
2011.11.16 09:35:06.910,0.76887,0.76898,1.88,1.50
2011.11.16 09:35:07.519,0.76889,0.76899,1.50,4.13
2011.11.16 09:35:09.667,0.76889,0.76899,1.50,4.13
2011.11.16 09:35:10.033,0.76886,0.76897,2.25,2.63
2011.11.16 09:35:10.159,0.76886,0.76896,1.50,1.88
2011.11.16 09:35:10.858,0.76886,0.76896,1.50,3.23
2011.11.16 09:35:10.989,0.76885,0.76896,1.13,4.73
2011.11.16 09:35:11.594,0.76886,0.76896,1.13,3.00
2011.11.16 09:35:13.569,0.76884,0.7689,3.00,1.88
2011.11.16 09:35:13.814,0.7688,0.76888,1.65,1.50
2011.11.16 09:35:14.059,0.7688,0.7689,1.50,1.50
2011.11.16 09:35:19.017,0.76881,0.7689,1.50,2.25
2011.11.16 09:35:20.975,0.76881,0.76891,1.50,2.63
2011.11.16 09:35:22.091,0.76881,0.76891,3.38,3.00
2011.11.16 09:35:22.688,0.76881,0.76891,2.63,1.50
2011.11.16 09:35:23.172,0.7688,0.76889,1.88,1.50
2011.11.16 09:35:23.958,0.76879,0.76889,2.25,3.00
2011.11.16 09:35:24.796,0.76879,0.76889,2.63,2.25
2011.11.16 09:35:25.281,0.7688,0.76889,1.13,1.50
2011.11.16 09:35:25.648,0.76879,0.76889,2.63,1.50
2011.11.16 09:35:30.721,0.76879,0.76889,4.13,1.88
2011.11.16 09:35:31.280,0.76878,0.7689,4.88,3.00
2011.11.16 09:35:31.523,0.76878,0.7689,1.50,4.35
2011.11.16 09:35:31.894,0.76878,0.76888,1.50,1.50
2011.11.16 09:35:32.497,0.76877,0.76888,2.10,3.00
2011.11.16 09:35:36.547,0.76877,0.76888,2.10,3.75
2011.11.16 09:35:37.246,0.76879,0.76888,1.50,2.25
2011.11.16 09:35:43.569,0.76877,0.76887,3.00,3.00
2011.11.16 09:35:43.930,0.76875,0.76885,3.00,2.25
2011.11.16 09:35:44.533,0.76875,0.76884,2.25,2.47
2011.11.16 09:35:44.658,0.76875,0.76884,1.50,3.22
2011.11.16 09:35:45.258,0.76875,0.76883,1.50,1.50
2011.11.16 09:35:46.257,0.76875,0.76885,1.50,1.50
2011.11.16 09:35:46.743,0.76875,0.76885,1.50,2.47
2011.11.16 09:35:47.229,0.76873,0.76882,3.00,1.50
2011.11.16 09:35:47.831,0.76874,0.76882,1.50,1.50
2011.11.16 09:35:48.781,0.76874,0.76884,1.50,2.10
2011.11.16 09:35:54.234,0.76873,0.76884,2.25,2.85
2011.11.16 09:35:54.838,0.76873,0.76884,7.73,2.47
2011.11.16 09:35:55.198,0.76875,0.76885,3.00,3.00
2011.11.16 09:35:56.387,0.76874,0.76884,3.00,1.50
2011.11.16 09:35:56.987,0.76874,0.76884,2.63,3.00
2011.11.16 09:35:57.951,0.76874,0.76884,4.13,2.25
2011.11.16 09:35:58.679,0.76876,0.76885,1.50,1.50
2011.11.16 09:35:59.475,0.76876,0.76886,1.50,5.85
2011.11.16 09:36:00.081,0.76876,0.76886,1.50,4.13
2011.11.16 09:36:05.587,0.76875,0.76885,1.13,1.50
2011.11.16 09:36:06.187,0.76873,0.76885,4.13,3.15
2011.11.16 09:36:06.780,0.76873,0.76885,4.13,3.15
2011.11.16 09:36:07.554,0.76873,0.76883,3.00,1.50
2011.11.16 09:36:08.536,0.76872,0.76883,2.63,4.88
2011.11.16 09:36:09.138,0.76872,0.76882,3.38,1.50
2011.11.16 09:36:10.528,0.76872,0.76883,1.88,4.13
2011.11.16 09:36:11.116,0.76872,0.76883,1.88,4.13
2011.11.16 09:36:11.698,0.76872,0.76883,1.88,4.13
2011.11.16 09:36:16.404,0.76872,0.76883,1.88,4.88
2011.11.16 09:36:16.998,0.76872,0.76882,1.88,1.50
2011.11.16 09:36:17.507,0.76872,0.76883,1.88,4.13
2011.11.16 09:36:18.358,0.76872,0.76883,1.88,3.38
2011.11.16 09:36:19.058,0.76872,0.76882,3.38,1.50
2011.11.16 09:36:19.295,0.76872,0.76883,1.88,3.38
2011.11.16 09:36:20.465,0.76873,0.76883,1.50,4.13
2011.11.16 09:36:21.696,0.76872,0.76882,3.00,1.13
2011.11.16 09:36:22.302,0.76871,0.76881,1.50,1.50
2011.11.16 09:36:22.791,0.76869,0.7688,1.50,3.00
2011.11.16 09:36:23.537,0.76869,0.76879,1.50,2.63
2011.11.16 09:36:26.760,0.76871,0.7688,1.13,2.63
2011.11.16 09:36:29.538,0.76871,0.76881,1.13,3.23
2011.11.16 09:36:31.343,0.76873,0.76881,1.50,3.23
2011.11.16 09:36:31.935,0.76873,0.76882,1.50,3.00
2011.11.16 09:36:32.751,0.76871,0.76882,3.38,3.00
2011.11.16 09:36:34.519,0.76871,0.76882,1.88,2.63
2011.11.16 09:36:35.248,0.76871,0.76882,1.88,2.63
2011.11.16 09:36:36.319,0.76871,0.76882,1.88,2.63
2011.11.16 09:36:36.910,0.76871,0.76882,1.88,2.63
2011.11.16 09:36:37.435,0.76872,0.76882,1.50,1.13
2011.11.16 09:36:37.922,0.76872,0.76881,3.00,1.50
2011.11.16 09:36:45.238,0.76872,0.76882,3.00,2.63
2011.11.16 09:36:46.567,0.76872,0.76882,2.25,1.50
2011.11.16 09:36:47.055,0.76872,0.76882,2.25,1.50
2011.11.16 09:36:47.657,0.76872,0.76882,2.25,1.50
2011.11.16 09:36:48.780,0.76872,0.76882,2.25,2.25
2011.11.16 09:36:49.381,0.76871,0.76882,1.50,9.60
2011.11.16 09:36:49.978,0.76871,0.76882,1.50,4.50
2011.11.16 09:36:50.780,0.76871,0.76882,1.50,3.38
2011.11.16 09:36:52.889,0.76872,0.76882,3.38,1.88
2011.11.16 09:36:53.249,0.76875,0.76883,1.50,3.00
2011.11.16 09:36:53.372,0.76872,0.76882,2.25,2.10
2011.11.16 09:36:53.958,0.76872,0.76882,3.00,3.23
2011.11.16 09:36:54.561,0.76872,0.76882,2.25,1.13
2011.11.16 09:37:04.811,0.76872,0.76882,3.00,1.13
2011.11.16 09:37:06.524,0.76872,0.76882,3.00,1.13
2011.11.16 09:37:07.766,0.76872,0.76881,3.00,1.50
2011.11.16 09:37:10.011,0.76872,0.76881,2.25,1.50
2011.11.16 09:37:11.087,0.76872,0.76882,2.25,2.25
2011.11.16 09:37:11.888,0.76872,0.76881,2.25,1.50
2011.11.16 09:37:12.476,0.76872,0.76881,2.25,1.50
2011.11.16 09:37:14.019,0.76874,0.76882,1.50,1.13
2011.11.16 09:37:14.603,0.76872,0.76882,3.75,1.13
2011.11.16 09:37:17.318,0.76874,0.76881,1.50,1.13
2011.11.16 09:37:17.440,0.76872,0.76881,2.25,1.88
2011.11.16 09:37:27.913,0.76874,0.76881,1.50,1.50
2011.11.16 09:37:28.753,0.76874,0.76883,1.88,4.50
2011.11.16 09:37:28.885,0.76877,0.76884,1.50,2.25
2011.11.16 09:37:29.625,0.76877,0.76885,1.50,1.88
2011.11.16 09:37:30.938,0.76877,0.76885,1.50,2.63
2011.11.16 09:37:31.425,0.76874,0.76884,1.50,1.88
2011.11.16 09:37:31.884,0.76877,0.76884,1.50,1.88
2011.11.16 09:37:32.970,0.76875,0.76883,3.00,1.13
2011.11.16 09:37:37.735,0.76875,0.76884,1.50,1.50
2011.11.16 09:37:38.591,0.76876,0.76885,1.50,1.13
2011.11.16 09:37:38.711,0.76879,0.76886,1.50,1.13
2011.11.16 09:37:38.841,0.76879,0.76887,4.88,1.35
2011.11.16 09:37:39.350,0.76882,0.76891,1.13,1.35
2011.11.16 09:37:41.130,0.76883,0.76891,1.50,1.35
2011.11.16 09:37:45.157,0.76883,0.76891,2.25,1.35
2011.11.16 09:37:47.758,0.76885,0.76892,4.13,3.60
2011.11.16 09:37:47.886,0.76885,0.76895,4.13,2.25
2011.11.16 09:37:48.481,0.76886,0.76896,1.88,3.00
2011.11.16 09:37:51.201,0.76886,0.76895,1.50,1.88
2011.11.16 09:37:51.329,0.76883,0.76895,3.75,3.38
2011.11.16 09:37:51.577,0.76883,0.76892,1.88,2.25
2011.11.16 09:37:51.821,0.76882,0.76892,2.63,2.25
2011.11.16 09:37:55.888,0.76882,0.76892,1.88,3.00
2011.11.16 09:38:26.767,0.76881,0.7689,3.38,1.50
2011.11.16 09:38:27.357,0.76881,0.7689,1.50,1.50
2011.11.16 09:38:28.150,0.76882,0.76891,1.50,1.50
2011.11.16 09:38:29.927,0.76881,0.7689,3.38,1.50
2011.11.16 09:38:36.132,0.76882,0.7689,1.88,1.50
2011.11.16 09:38:36.727,0.76882,0.76893,2.25,4.50
2011.11.16 09:38:42.501,0.76882,0.76893,1.88,3.75
2011.11.16 09:38:50.690,0.76883,0.76893,1.88,2.25
2011.11.16 09:38:52.412,0.76883,0.76894,3.38,2.63
2011.11.16 09:38:52.546,0.76886,0.76894,1.13,1.50
2011.11.16 09:38:53.155,0.76886,0.76896,1.88,2.63
2011.11.16 09:38:53.999,0.76886,0.76896,1.88,2.25
2011.11.16 09:39:44.047,0.76886,0.76896,3.00,2.63
2011.11.16 09:39:44.661,0.76884,0.76894,1.43,1.35
2011.11.16 09:39:45.548,0.76884,0.76893,1.50,1.50
2011.11.16 09:39:47.721,0.76882,0.7689,1.50,1.50
2011.11.16 09:39:48.081,0.76881,0.7689,1.13,1.50
2011.11.16 09:39:56.166,0.7688,0.7689,2.63,1.50
2011.11.16 09:39:56.772,0.7688,0.7689,2.63,1.88
2011.11.16 09:39:57.336,0.7688,0.7689,2.63,2.25
2011.11.16 09:39:59.079,0.7688,0.7689,4.88,2.25
2011.11.16 09:39:59.972,0.76882,0.76892,1.50,3.75
2011.11.16 09:40:02.502,0.76882,0.76892,1.50,3.98
2011.11.16 09:40:05.687,0.76882,0.76892,2.25,4.13
2011.11.16 09:40:06.508,0.76882,0.76892,1.50,2.63
2011.11.16 09:40:07.237,0.7688,0.7689,1.13,1.50
2011.11.16 09:40:09.935,0.76879,0.76888,2.63,1.13
2011.11.16 09:40:12.654,0.76879,0.76889,2.63,2.25
2011.11.16 09:40:13.243,0.76879,0.76889,4.13,2.25
2011.11.16 09:40:14.986,0.76879,0.76889,3.00,1.50
2011.11.16 09:40:15.596,0.76879,0.76889,4.88,2.25
2011.11.16 09:40:16.189,0.76879,0.76889,2.25,2.25
2011.11.16 09:40:16.789,0.76879,0.76889,3.00,1.88
2011.11.16 09:40:17.382,0.76879,0.7689,3.38,1.50
2011.11.16 09:40:17.745,0.76881,0.7689,1.88,1.50
2011.11.16 09:40:19.445,0.76882,0.76892,3.38,2.25
2011.11.16 09:40:19.565,0.76882,0.76892,3.38,2.25
2011.11.16 09:40:22.665,0.76882,0.76892,3.38,2.25
2011.11.16 09:40:24.431,0.76882,0.76892,2.63,2.25
2011.11.16 09:40:26.027,0.7688,0.7689,4.88,1.88
2011.11.16 09:40:31.492,0.76881,0.7689,1.13,2.25
2011.11.16 09:40:33.589,0.7688,0.7689,4.13,1.88
2011.11.16 09:40:36.043,0.7688,0.76889,2.25,2.25
2011.11.16 09:40:36.408,0.76878,0.76888,1.50,6.98
2011.11.16 09:40:37.724,0.76877,0.76886,1.13,2.25
2011.11.16 09:40:39.391,0.76876,0.76886,5.63,2.25
2011.11.16 09:40:40.458,0.76876,0.76886,4.13,1.50
2011.11.16 09:40:47.859,0.76876,0.76886,3.38,3.00
2011.11.16 09:40:49.894,0.76876,0.76886,4.13,2.25
2011.11.16 09:41:00.665,0.76874,0.76884,2.63,1.50
2011.11.16 09:41:01.264,0.76875,0.76884,2.63,1.50
2011.11.16 09:41:03.105,0.76874,0.76884,2.63,2.25
2011.11.16 09:41:05.570,0.76874,0.76884,1.88,3.38
2011.11.16 09:41:06.760,0.76874,0.76883,1.50,4.88
2011.11.16 09:41:15.576,0.76872,0.76882,3.75,4.13
2011.11.16 09:41:19.061,0.76873,0.76882,2.25,3.00
2011.11.16 09:41:19.634,0.76876,0.76885,1.13,3.00
2011.11.16 09:41:19.766,0.76876,0.76886,1.88,1.50
2011.11.16 09:41:23.128,0.76876,0.76886,1.88,2.44
2011.11.16 09:41:23.495,0.76876,0.76884,1.50,1.50
2011.11.16 09:41:23.615,0.76874,0.76884,1.13,1.50
2011.11.16 09:41:25.054,0.76873,0.76884,3.75,2.85
2011.11.16 09:41:28.204,0.76872,0.76882,1.50,6.38
2011.11.16 09:41:28.448,0.76871,0.7688,1.50,1.50
2011.11.16 09:41:31.443,0.76871,0.7688,1.50,1.88
2011.11.16 09:41:31.923,0.76869,0.76878,1.50,1.50
2011.11.16 09:41:32.517,0.76868,0.76878,3.00,1.50
2011.11.16 09:41:33.213,0.76869,0.76878,1.50,1.88
2011.11.16 09:41:33.579,0.7687,0.7688,1.50,1.13
2011.11.16 09:41:35.896,0.76871,0.76881,2.25,3.00
2011.11.16 09:41:36.390,0.76868,0.7688,4.13,3.38
2011.11.16 09:41:36.759,0.76868,0.76878,1.13,1.50
2011.11.16 09:41:37.362,0.76868,0.76879,3.38,2.25
2011.11.16 09:41:37.722,0.76868,0.76879,3.75,2.25
2011.11.16 09:41:38.446,0.76868,0.76876,1.88,1.50
2011.11.16 09:41:38.583,0.76868,0.76877,1.13,2.25
2011.11.16 09:41:39.787,0.76868,0.76878,1.88,3.38
2011.11.16 09:41:42.914,0.76868,0.76878,2.63,3.38
2011.11.16 09:41:43.592,0.76868,0.76878,1.13,2.25
2011.11.16 09:41:48.283,0.76868,0.76878,1.88,3.00
2011.11.16 09:41:57.785,0.76868,0.76878,2.63,2.25
2011.11.16 09:41:58.554,0.76868,0.76878,2.63,2.25
2011.11.16 09:41:59.751,0.76868,0.76879,3.38,4.13
2011.11.16 09:42:00.467,0.76869,0.76879,1.50,1.13
2011.11.16 09:42:05.428,0.76868,0.76878,2.63,1.50
2011.11.16 09:42:07.565,0.76868,0.76878,3.38,1.13
2011.11.16 09:42:08.835,0.76868,0.76877,1.88,1.13
2011.11.16 09:42:11.804,0.76868,0.76878,2.63,1.13
2011.11.16 09:42:28.333,0.76868,0.76879,3.38,1.13
2011.11.16 09:42:29.286,0.76869,0.7688,1.88,4.88
2011.11.16 09:42:29.882,0.76871,0.7688,1.50,1.13
2011.11.16 09:42:30.363,0.76873,0.7688,1.88,1.13
2011.11.16 09:42:30.900,0.76873,0.76883,4.13,2.63
2011.11.16 09:42:31.505,0.76875,0.76883,1.88,2.25
2011.11.16 09:42:31.750,0.76876,0.76885,1.88,1.88
2011.11.16 09:42:36.015,0.76876,0.76887,3.38,1.88
2011.11.16 09:42:37.744,0.76876,0.76886,3.38,1.88
2011.11.16 09:42:43.003,0.76876,0.76886,3.38,1.13
2011.11.16 09:42:54.370,0.76876,0.76887,3.38,1.13
2011.11.16 09:42:54.973,0.76876,0.76887,3.38,1.13
2011.11.16 09:42:55.099,0.76876,0.76888,5.63,3.38
2011.11.16 09:42:56.002,0.76876,0.76888,7.35,3.38
2011.11.16 09:42:57.199,0.76878,0.76888,1.88,1.50
2011.11.16 09:42:57.804,0.76878,0.7689,3.38,4.50
2011.11.16 09:42:58.524,0.76879,0.7689,1.13,3.38
2011.11.16 09:42:58.767,0.76878,0.76889,3.38,1.50
2011.11.16 09:43:00.559,0.76878,0.7689,3.75,3.38
2011.11.16 09:43:01.946,0.7688,0.76889,1.13,1.50
2011.11.16 09:43:02.729,0.76881,0.76891,1.50,3.00
2011.11.16 09:43:03.684,0.76881,0.76891,2.25,2.25
2011.11.16 09:43:04.284,0.76881,0.76891,3.38,1.50
2011.11.16 09:43:10.137,0.76883,0.76893,1.50,2.63
2011.11.16 09:43:10.269,0.76883,0.76893,2.25,1.88
2011.11.16 09:43:10.860,0.76884,0.76895,2.25,1.88
2011.11.16 09:43:11.230,0.76886,0.76896,1.50,5.10
2011.11.16 09:43:38.645,0.76884,0.76894,3.00,1.13
2011.11.16 09:43:41.510,0.76883,0.76893,2.63,2.10
2011.11.16 09:43:42.120,0.76883,0.76893,1.88,4.35
2011.11.16 09:43:42.727,0.76883,0.76893,1.50,6.23
2011.11.16 09:43:48.466,0.76883,0.76893,1.50,4.13
2011.11.16 09:43:53.034,0.76884,0.76893,1.88,3.75
2011.11.16 09:43:53.276,0.76885,0.76894,2.63,6.00
2011.11.16 09:43:54.890,0.76882,0.76893,3.38,2.48
2011.11.16 09:43:55.484,0.76882,0.76893,2.63,3.23
2011.11.16 09:44:20.555,0.76881,0.76891,2.25,1.50
2011.11.16 09:44:27.123,0.76882,0.76891,1.13,2.25
2011.11.16 09:44:44.105,0.76882,0.76893,1.88,3.98
2011.11.16 09:44:47.293,0.76882,0.76893,2.63,1.50
2011.11.16 09:44:48.445,0.76882,0.76894,2.63,2.85
2011.11.16 09:44:49.169,0.76882,0.76893,2.63,1.13
2011.11.16 09:44:49.754,0.76881,0.76886,1.50,1.50
2011.11.16 09:44:49.922,0.76878,0.76887,3.00,2.25
2011.11.16 09:44:50.289,0.76878,0.76885,1.50,1.13
2011.11.16 09:44:50.535,0.76876,0.76886,1.95,2.25
2011.11.16 09:44:51.134,0.76876,0.76886,1.20,1.50
2011.11.16 09:44:52.254,0.76876,0.76886,1.20,5.85
2011.11.16 09:44:52.381,0.76875,0.76886,4.95,5.25
2011.11.16 09:44:52.985,0.76877,0.76886,1.13,1.50
2011.11.16 09:44:53.105,0.76875,0.76886,4.20,6.00
2011.11.16 09:44:55.480,0.76875,0.76885,3.38,1.35
2011.11.16 09:44:58.794,0.76875,0.76884,2.25,1.50
2011.11.16 09:45:48.096,0.76875,0.76885,6.38,1.50
2011.11.16 09:45:48.645,0.76875,0.76885,1.50,1.50
2011.11.16 09:45:53.832,0.76875,0.76886,1.50,1.88
2011.11.16 09:46:13.942,0.76875,0.76886,2.63,2.78
2011.11.16 09:46:15.846,0.76875,0.76886,1.88,6.23
2011.11.16 09:46:19.235,0.76875,0.76886,3.38,2.03
2011.11.16 09:46:25.381,0.76874,0.76885,4.13,1.50
2011.11.16 09:46:28.722,0.76875,0.76886,1.88,3.23
2011.11.16 09:46:29.271,0.76874,0.76884,5.63,1.50
2011.11.16 09:46:33.606,0.76874,0.76884,4.13,1.50
2011.11.16 09:46:51.381,0.76875,0.76884,1.13,1.50
2011.11.16 09:46:51.984,0.76876,0.76886,1.50,12.53
2011.11.16 09:47:05.052,0.76876,0.76886,1.50,6.30
2011.11.16 09:47:36.833,0.76876,0.76886,1.50,6.15
2011.11.16 09:47:39.555,0.76876,0.76886,1.88,3.30
2011.11.16 09:47:40.152,0.76876,0.76886,1.88,3.00
2011.11.16 09:47:53.681,0.76875,0.76886,1.13,1.88
2011.11.16 09:47:54.241,0.76875,0.76886,1.13,1.13
2011.11.16 09:48:01.022,0.76875,0.76886,1.13,2.63
2011.11.16 09:48:04.343,0.76875,0.76886,1.13,1.13
2011.11.16 09:48:05.510,0.76875,0.76886,1.13,3.38
2011.11.16 09:48:07.015,0.76877,0.76886,1.50,3.38
2011.11.16 09:48:08.934,0.76877,0.76886,1.50,1.80
2011.11.16 09:48:31.159,0.76877,0.76887,4.13,2.63
2011.11.16 09:48:31.409,0.76879,0.76889,1.50,3.75
2011.11.16 09:48:31.941,0.76879,0.76889,1.50,3.00
2011.11.16 09:48:34.647,0.76879,0.76888,1.50,1.35
2011.11.16 09:48:35.242,0.76878,0.76887,1.50,3.75
2011.11.16 09:48:37.743,0.76878,0.76888,1.50,2.25
2011.11.16 09:48:41.748,0.7688,0.76889,1.50,1.50
2011.11.16 09:48:44.642,0.7688,0.76888,1.50,2.85
2011.11.16 09:48:44.765,0.76878,0.76888,3.00,9.60
2011.11.16 09:48:45.004,0.7688,0.76888,1.50,4.50
2011.11.16 09:48:45.124,0.76877,0.76888,2.63,3.00
2011.11.16 09:48:45.722,0.76876,0.76887,3.38,6.00
2011.11.16 09:48:47.956,0.76878,0.76887,1.88,1.50
2011.11.16 09:48:48.558,0.7688,0.76889,1.50,2.63
2011.11.16 09:48:49.170,0.76879,0.76889,1.50,4.13
2011.11.16 09:48:54.823,0.76879,0.76889,3.38,3.00
2011.11.16 09:48:55.365,0.76881,0.7689,1.50,1.50
2011.11.16 09:48:56.084,0.76881,0.76891,1.50,4.13
2011.11.16 09:49:46.059,0.76882,0.7689,1.50,1.50
2011.11.16 09:49:46.474,0.76882,0.76893,2.63,5.56
2011.11.16 09:49:47.296,0.76882,0.76892,2.63,1.43
2011.11.16 09:49:47.416,0.76882,0.76891,2.63,1.50
2011.11.16 09:49:47.535,0.76882,0.76892,2.63,1.43
2011.11.16 09:49:48.136,0.76882,0.76892,2.63,2.93
2011.11.16 09:49:49.873,0.76883,0.76892,2.85,3.68
2011.11.16 09:49:49.997,0.76887,0.76892,1.50,1.05
2011.11.16 09:49:50.475,0.76884,0.76895,2.63,2.63
2011.11.16 09:49:50.719,0.76887,0.76894,1.50,1.50
2011.11.16 09:49:51.246,0.76887,0.76897,1.50,7.35
2011.11.16 09:49:51.854,0.76887,0.76895,1.50,2.25
2011.11.16 09:49:52.214,0.76887,0.76896,1.50,2.63
2011.11.16 09:49:53.564,0.76884,0.76896,3.38,4.13
2011.11.16 09:49:53.811,0.76884,0.76893,2.25,1.13
2011.11.16 09:49:54.419,0.76884,0.76893,1.50,1.50
2011.11.16 09:49:58.680,0.76884,0.76894,3.75,1.50
2011.11.16 09:49:59.171,0.76884,0.76894,2.25,1.50
2011.11.16 09:50:04.114,0.76884,0.76895,1.88,5.10
2011.11.16 09:50:07.332,0.76884,0.76895,2.25,4.35
2011.11.16 09:50:07.933,0.76886,0.76895,1.50,2.25
2011.11.16 09:50:10.258,0.76886,0.76897,1.50,4.88
2011.11.16 09:50:10.385,0.76886,0.76897,1.50,4.13
2011.11.16 09:50:10.986,0.76886,0.76898,4.50,3.60
2011.11.16 09:50:11.103,0.76889,0.76898,1.50,2.10
2011.11.16 09:50:11.467,0.7689,0.76901,1.50,6.60
2011.11.16 09:50:11.586,0.76892,0.76901,1.50,6.60
2011.11.16 09:50:13.031,0.76893,0.769,1.50,1.50
2011.11.16 09:50:13.276,0.76894,0.76902,1.50,1.88
2011.11.16 09:50:14.225,0.76894,0.76904,1.50,1.13
2011.11.16 09:50:14.473,0.76897,0.76905,1.50,4.13
2011.11.16 09:50:14.599,0.76895,0.76905,1.88,3.75
2011.11.16 09:50:14.849,0.76896,0.76906,1.50,4.50
2011.11.16 09:50:15.716,0.76896,0.76907,2.25,3.60
2011.11.16 09:50:16.101,0.76899,0.76908,1.50,3.75
2011.11.16 09:50:18.114,0.76895,0.76903,3.00,1.13
2011.11.16 09:50:18.663,0.76895,0.76903,1.50,1.13
2011.11.16 09:50:20.535,0.76895,0.76905,1.50,5.25
2011.11.16 09:50:26.701,0.76895,0.76903,1.50,1.50
2011.11.16 09:50:36.344,0.76895,0.76904,1.50,1.50
2011.11.16 09:50:36.901,0.76895,0.76904,1.50,1.50
2011.11.16 09:50:38.173,0.76896,0.76905,1.50,1.88
2011.11.16 09:50:38.772,0.76894,0.76905,3.00,1.88
2011.11.16 09:50:39.353,0.76894,0.76905,2.63,1.88
2011.11.16 09:50:47.163,0.76894,0.76905,2.63,1.43
2011.11.16 09:50:53.102,0.76894,0.76906,1.88,7.43
2011.11.16 09:50:57.751,0.76894,0.76906,3.38,7.73
2011.11.16 09:50:59.497,0.76897,0.76907,1.88,7.95
2011.11.16 09:51:00.094,0.76898,0.76908,1.50,5.10
2011.11.16 09:51:01.036,0.76897,0.76906,1.50,1.05
2011.11.16 09:51:01.515,0.76897,0.76907,2.25,2.25
2011.11.16 09:51:22.168,0.76898,0.76907,1.88,1.50
2011.11.16 09:51:22.539,0.76899,0.76909,4.13,1.50
2011.11.16 09:51:24.051,0.76899,0.76908,2.25,1.13
2011.11.16 09:51:24.297,0.76897,0.76907,3.38,2.25
2011.11.16 09:51:25.854,0.76897,0.76907,3.38,1.50
2011.11.16 09:51:26.432,0.76897,0.76907,3.00,1.50
2011.11.16 09:51:27.574,0.76897,0.76907,4.88,1.50
2011.11.16 09:51:28.166,0.76899,0.7691,3.00,5.63
2011.11.16 09:51:28.293,0.76899,0.7691,3.75,3.68
2011.11.16 09:51:28.894,0.76899,0.7691,3.00,4.05
2011.11.16 09:51:30.105,0.76899,0.76908,2.63,1.50
2011.11.16 09:51:30.709,0.76898,0.76909,2.63,5.48
2011.11.16 09:51:40.350,0.76898,0.76908,1.88,1.50
2011.11.16 09:51:41.077,0.76898,0.76909,1.88,3.23
2011.11.16 09:51:49.738,0.769,0.7691,2.63,1.13
2011.11.16 09:51:50.335,0.769,0.76911,2.63,7.80
2011.11.16 09:51:51.505,0.76899,0.76909,3.00,1.50
2011.11.16 09:51:51.868,0.76899,0.76909,2.25,3.00
2011.11.16 09:51:51.993,0.76899,0.76909,1.50,1.50
2011.11.16 09:51:52.573,0.76899,0.76909,3.00,2.25
2011.11.16 09:52:00.723,0.76899,0.76909,1.50,3.98
2011.11.16 09:52:01.328,0.76899,0.76909,1.50,3.23
2011.11.16 09:52:11.473,0.76899,0.76909,1.50,3.98
2011.11.16 09:52:16.783,0.76899,0.76909,1.50,2.85
2011.11.16 09:52:30.247,0.76901,0.7691,3.38,1.80
2011.11.16 09:52:30.843,0.76902,0.7691,2.63,1.05
2011.11.16 09:52:32.594,0.76901,0.7691,2.63,1.05
2011.11.16 09:52:33.185,0.76901,0.76911,2.63,2.25
2011.11.16 09:52:37.172,0.76901,0.76911,2.63,3.00
2011.11.16 09:52:37.537,0.76898,0.76909,5.63,1.50
2011.11.16 09:52:38.135,0.76898,0.76909,4.88,1.50
2011.11.16 09:52:42.481,0.76899,0.7691,2.63,3.00
2011.11.16 09:52:42.942,0.76898,0.76909,4.13,1.50
2011.11.16 09:52:43.755,0.76898,0.76909,4.88,1.50
2011.11.16 09:52:45.562,0.76899,0.76909,1.13,1.50
2011.11.16 09:52:46.783,0.76898,0.76909,5.63,1.50
2011.11.16 09:52:47.447,0.76898,0.76909,4.88,1.50
2011.11.16 09:52:48.034,0.76898,0.76909,3.00,1.50
2011.11.16 09:52:48.602,0.76898,0.76909,3.75,3.00
2011.11.16 09:52:48.969,0.76898,0.76909,4.88,1.50
2011.11.16 09:52:50.347,0.76899,0.76909,2.63,1.50
2011.11.16 09:52:50.827,0.76901,0.76911,1.88,4.13
2011.11.16 09:52:51.190,0.76905,0.76912,1.50,1.50
2011.11.16 09:52:51.323,0.76905,0.76914,1.50,3.42
2011.11.16 09:52:51.737,0.76903,0.76913,2.63,4.73
2011.11.16 09:52:52.110,0.76908,0.76917,1.13,3.30
2011.11.16 09:52:52.717,0.76909,0.76919,1.50,3.60
2011.11.16 09:52:53.439,0.76909,0.76919,1.50,3.60
2011.11.16 09:52:55.207,0.76909,0.76919,1.88,4.35
2011.11.16 09:52:55.905,0.76909,0.76919,3.38,3.60
2011.11.16 09:52:56.268,0.76911,0.76919,1.50,1.05
2011.11.16 09:52:56.394,0.76911,0.76918,1.50,1.05
2011.11.16 09:52:56.515,0.76909,0.76918,1.13,1.05
2011.11.16 09:52:57.459,0.76909,0.7692,3.38,4.72
2011.11.16 09:52:57.702,0.76907,0.76917,3.75,1.05
2011.11.16 09:52:58.253,0.76907,0.76918,1.50,2.55
2011.11.16 09:53:00.567,0.76907,0.76918,1.50,2.55
2011.11.16 09:53:01.164,0.76907,0.76918,1.50,2.85
2011.11.16 09:53:01.892,0.76908,0.76918,1.13,3.60
2011.11.16 09:53:11.495,0.76908,0.76918,3.00,2.85
2011.11.16 09:53:11.616,0.76911,0.76918,1.88,1.35
2011.11.16 09:53:11.735,0.76909,0.76919,4.13,2.85
2011.11.16 09:53:12.323,0.76909,0.76919,3.38,3.00
2011.11.16 09:53:16.149,0.76906,0.76915,2.40,1.50
2011.11.16 09:53:16.278,0.76905,0.76916,3.52,1.35
2011.11.16 09:53:16.404,0.76905,0.76915,1.13,2.25
2011.11.16 09:53:17.123,0.76904,0.76915,1.88,3.00
2011.11.16 09:53:26.868,0.76905,0.76915,1.88,2.25
2011.11.16 09:53:27.343,0.76908,0.76917,1.88,1.05
2011.11.16 09:53:27.945,0.76908,0.76919,2.63,2.85
2011.11.16 09:53:29.257,0.76909,0.7692,1.88,1.13
2011.11.16 09:53:34.716,0.76909,0.7692,3.38,1.13
2011.11.16 09:53:38.838,0.76909,0.76919,1.13,1.50
2011.11.16 09:53:39.433,0.76908,0.76919,2.63,2.25
2011.11.16 09:53:40.002,0.76908,0.76919,2.63,3.00
2011.11.16 09:53:40.755,0.76909,0.76918,1.88,4.50
2011.11.16 09:53:40.878,0.76907,0.76917,3.38,1.50
2011.11.16 09:53:41.486,0.76907,0.76915,2.25,5.25
2011.11.16 09:53:41.726,0.76904,0.76913,3.52,1.88
2011.11.16 09:53:44.244,0.76904,0.76913,1.13,1.88
2011.11.16 09:53:49.636,0.76903,0.76913,2.63,1.88
2011.11.16 09:53:56.381,0.76901,0.76911,3.00,2.63
2011.11.16 09:53:56.509,0.76901,0.76911,2.25,4.13
2011.11.16 09:53:56.759,0.76899,0.7691,1.27,3.38
2011.11.16 09:53:57.606,0.76898,0.76908,4.58,1.50
2011.11.16 09:54:04.973,0.76898,0.76908,2.70,3.38
2011.11.16 09:54:05.456,0.76901,0.76909,1.88,1.88
2011.11.16 09:54:05.816,0.76902,0.76911,2.63,2.25
2011.11.16 09:54:05.934,0.76903,0.76912,1.88,1.50
2011.11.16 09:54:08.188,0.76903,0.76913,2.63,8.25
2011.11.16 09:54:08.306,0.76907,0.76913,1.88,4.50
2011.11.16 09:54:08.665,0.76907,0.76916,1.88,1.50
2011.11.16 09:54:09.145,0.76909,0.76919,1.50,3.23
2011.11.16 09:54:09.747,0.76909,0.76918,1.50,1.73
2011.11.16 09:54:11.035,0.76909,0.76919,1.88,3.97
2011.11.16 09:54:13.239,0.76909,0.76917,1.88,1.80
2011.11.16 09:54:25.176,0.76909,0.76917,2.63,2.55
2011.11.16 09:54:25.766,0.76909,0.76917,2.63,1.80
2011.11.16 09:54:32.336,0.76911,0.76919,1.50,1.50
2011.11.16 09:54:32.460,0.76912,0.76921,2.25,1.50
2011.11.16 09:54:32.945,0.76909,0.76919,3.38,1.50
2011.11.16 09:54:33.535,0.76909,0.76919,4.88,2.25
2011.11.16 09:54:34.848,0.76909,0.76919,4.13,2.25
2011.11.16 09:54:35.454,0.76909,0.76919,4.13,3.00
2011.11.16 09:54:42.779,0.76909,0.76915,2.25,2.63
2011.11.16 09:54:43.147,0.76907,0.76912,1.50,1.88
2011.11.16 09:54:43.508,0.76907,0.76912,1.50,1.88
2011.11.16 09:54:43.626,0.76901,0.76911,3.30,2.25
2011.11.16 09:54:43.866,0.769,0.7691,2.63,2.25
2011.11.16 09:54:44.434,0.76899,0.7691,2.10,1.50
2011.11.16 09:54:45.630,0.76899,0.7691,2.63,2.63
2011.11.16 09:54:46.235,0.76899,0.7691,1.13,2.63
2011.11.16 09:54:46.861,0.76898,0.76908,1.88,1.50
2011.11.16 09:54:47.916,0.76898,0.76908,1.13,2.25
2011.11.16 09:54:48.399,0.76897,0.76908,1.13,1.50
2011.11.16 09:54:59.127,0.76896,0.76908,4.05,2.25
2011.11.16 09:55:02.115,0.76896,0.76907,3.38,2.63
2011.11.16 09:55:02.996,0.76897,0.76907,2.25,2.25
2011.11.16 09:55:08.858,0.76896,0.76906,2.63,1.50
2011.11.16 09:55:10.227,0.76895,0.76906,1.13,6.00
2011.11.16 09:55:10.820,0.76896,0.76906,1.13,6.00
2011.11.16 09:55:11.399,0.76896,0.76908,2.25,3.75
2011.11.16 09:55:11.907,0.76896,0.76908,2.25,3.00
2011.11.16 09:55:12.148,0.76895,0.76905,4.88,2.25
2011.11.16 09:55:13.363,0.76896,0.76905,1.88,2.25
2011.11.16 09:55:13.595,0.76897,0.76907,1.88,1.50
2011.11.16 09:55:15.833,0.76895,0.76905,2.25,1.50
2011.11.16 09:55:16.435,0.76896,0.76906,3.00,1.50
2011.11.16 09:55:22.915,0.76896,0.76906,2.63,1.50
2011.11.16 09:55:23.502,0.76896,0.76906,2.63,1.50
2011.11.16 09:55:25.150,0.76896,0.76904,1.13,1.50
2011.11.16 09:55:25.930,0.76896,0.76904,1.88,1.50
2011.11.16 09:55:26.183,0.76897,0.76906,1.13,2.25
2011.11.16 09:55:29.509,0.76897,0.76906,1.88,1.50
2011.11.16 09:55:33.612,0.76897,0.76909,4.13,3.00
2011.11.16 09:55:35.174,0.76898,0.76909,4.13,2.25
2011.11.16 09:55:35.294,0.76898,0.76909,4.13,2.25
2011.11.16 09:55:44.355,0.76898,0.76909,1.13,3.75
2011.11.16 09:55:44.844,0.76897,0.76908,2.63,1.13
2011.11.16 09:55:45.432,0.76898,0.76907,1.88,1.50
2011.11.16 09:55:46.525,0.76898,0.76907,1.13,1.50
2011.11.16 09:55:48.053,0.76898,0.76907,1.88,1.50
2011.11.16 09:55:49.584,0.76898,0.76907,1.13,1.50
2011.11.16 09:55:54.133,0.76898,0.76907,2.63,1.50
2011.11.16 09:55:57.379,0.76898,0.76909,2.63,4.88
2011.11.16 09:56:02.141,0.769,0.7691,1.50,6.75
2011.11.16 09:56:02.753,0.769,0.7691,1.50,2.25
2011.11.16 09:56:03.281,0.76902,0.76911,1.50,2.25
2011.11.16 09:56:03.673,0.76904,0.76914,1.50,3.38
2011.11.16 09:56:12.905,0.76904,0.76914,4.13,2.63
2011.11.16 09:56:13.168,0.76907,0.76916,1.88,3.38
2011.11.16 09:56:13.529,0.76909,0.76919,1.50,4.88
2011.11.16 09:56:15.960,0.76908,0.76919,2.63,5.48
2011.11.16 09:56:24.498,0.76907,0.76917,2.25,3.23
2011.11.16 09:56:24.744,0.76903,0.76913,2.25,1.50
2011.11.16 09:56:25.407,0.76903,0.76912,1.50,1.88
2011.11.16 09:56:32.891,0.76901,0.76911,2.25,2.25
2011.11.16 09:56:38.596,0.76902,0.76911,1.88,2.25
2011.11.16 09:56:38.718,0.76901,0.7691,1.88,1.13
2011.11.16 09:56:41.447,0.76901,0.7691,2.63,2.25
2011.11.16 09:56:42.049,0.76901,0.76912,1.88,3.00
2011.11.16 09:56:45.016,0.769,0.76911,4.13,1.50
2011.11.16 09:56:45.614,0.76901,0.76912,1.88,2.25
2011.11.16 09:56:51.675,0.76902,0.76912,1.13,1.50
2011.11.16 09:57:06.287,0.76902,0.76913,2.63,1.50
2011.11.16 09:57:06.654,0.76906,0.76915,1.88,2.25
2011.11.16 09:57:07.018,0.76907,0.76917,3.38,2.25
2011.11.16 09:57:08.630,0.76909,0.76919,1.50,3.00
2011.11.16 09:57:10.686,0.76908,0.76917,1.13,1.50
2011.11.16 09:57:11.207,0.76907,0.76917,4.13,1.50
2011.11.16 09:57:13.164,0.76909,0.76919,1.50,3.60
2011.11.16 09:57:13.767,0.76908,0.76918,1.13,1.50
2011.11.16 09:57:19.748,0.76908,0.76919,3.38,2.63
2011.11.16 09:57:20.227,0.76908,0.76918,1.88,6.00
2011.11.16 09:57:20.825,0.76907,0.76917,1.50,2.25
2011.11.16 09:57:23.865,0.76907,0.76917,1.50,5.48
2011.11.16 09:57:25.150,0.76907,0.76915,1.50,1.35
2011.11.16 09:57:25.281,0.76905,0.76915,1.50,2.85
2011.11.16 09:57:25.812,0.76904,0.76913,1.88,1.50
2011.11.16 09:57:32.033,0.76904,0.76913,3.38,1.50
2011.11.16 09:57:32.278,0.76906,0.76913,1.88,1.50
2011.11.16 09:57:32.408,0.76907,0.76915,1.88,1.88
2011.11.16 09:57:33.030,0.76907,0.76918,1.88,2.63
2011.11.16 09:57:33.402,0.76907,0.76918,1.88,4.13
2011.11.16 09:57:33.540,0.76905,0.76914,1.88,1.50
2011.11.16 09:57:34.156,0.76903,0.76912,2.63,1.50
2011.11.16 09:57:34.674,0.76902,0.76912,4.43,2.25
2011.11.16 09:57:35.277,0.76902,0.76912,4.73,2.25
2011.11.16 09:57:35.877,0.76902,0.76912,5.18,2.25
2011.11.16 09:57:36.564,0.76902,0.76912,4.43,2.25
2011.11.16 09:57:37.171,0.76902,0.76912,5.18,2.25
2011.11.16 09:57:37.776,0.76902,0.76912,4.13,1.50
2011.11.16 09:57:38.442,0.76902,0.76912,3.68,2.25
2011.11.16 09:57:38.945,0.76902,0.76912,5.93,1.50
2011.11.16 09:57:39.782,0.76902,0.76912,5.93,2.25
2011.11.16 09:57:40.369,0.76902,0.76912,5.63,1.50
2011.11.16 09:57:40.728,0.76904,0.76914,3.38,1.88
2011.11.16 09:57:41.449,0.76905,0.76917,1.88,3.38
2011.11.16 09:57:42.399,0.76905,0.76917,3.38,1.88
2011.11.16 09:57:43.238,0.76906,0.76917,2.63,2.63
2011.11.16 09:57:45.013,0.76907,0.76919,3.38,8.25
2011.11.16 09:57:45.260,0.7691,0.76919,1.13,1.50
2011.11.16 09:57:45.867,0.76908,0.76918,4.88,1.50
2011.11.16 09:57:47.627,0.76909,0.76918,1.88,1.50
2011.11.16 09:57:47.749,0.7691,0.7692,1.88,2.25
2011.11.16 09:57:49.946,0.76908,0.76913,1.50,1.50
2011.11.16 09:57:50.673,0.76907,0.76913,1.50,2.63
2011.11.16 09:57:50.810,0.76903,0.76913,2.25,2.63
2011.11.16 09:57:51.299,0.76905,0.76914,1.88,1.88
2011.11.16 09:57:51.783,0.76907,0.76917,2.25,1.58
2011.11.16 09:57:55.798,0.76909,0.76918,1.50,1.09
2011.11.16 09:58:00.029,0.76909,0.76918,1.50,2.25
2011.11.16 09:58:05.151,0.76904,0.76913,2.63,1.50
2011.11.16 09:58:05.284,0.76903,0.76913,4.13,1.50
2011.11.16 09:58:05.886,0.76903,0.76913,1.50,3.38
2011.11.16 09:58:09.822,0.76903,0.76913,1.88,1.88
2011.11.16 09:58:11.224,0.76904,0.76913,1.88,1.88
2011.11.16 09:58:14.578,0.76903,0.76913,3.38,1.88
2011.11.16 09:58:18.748,0.76903,0.76913,1.88,1.88
2011.11.16 09:58:19.347,0.76903,0.76913,1.50,3.38
2011.11.16 09:58:19.953,0.76903,0.76911,1.50,2.85
2011.11.16 09:58:20.425,0.76899,0.76909,6.75,1.88
2011.11.16 09:58:20.573,0.76898,0.76907,1.88,1.50
2011.11.16 09:58:21.186,0.76897,0.76907,1.88,2.25
2011.11.16 09:58:21.787,0.76897,0.76907,1.50,2.25
2011.11.16 09:58:27.806,0.76897,0.76907,3.00,2.25
2011.11.16 09:58:28.179,0.76906,0.76914,1.88,3.00
2011.11.16 09:58:28.436,0.76911,0.76919,2.63,2.24
2011.11.16 09:58:28.563,0.76912,0.76919,1.88,1.94
2011.11.16 09:58:29.033,0.76914,0.76921,1.88,1.50
2011.11.16 09:58:29.159,0.76914,0.76923,2.63,1.50
2011.11.16 09:58:29.402,0.76915,0.76925,1.88,3.38
2011.11.16 09:58:30.012,0.76915,0.76925,3.38,3.38
2011.11.16 09:58:33.980,0.76913,0.76923,4.80,1.50
2011.11.16 09:58:34.348,0.76912,0.76921,1.20,2.25
2011.11.16 09:58:34.715,0.76916,0.76925,3.38,3.00
2011.11.16 09:58:34.841,0.76916,0.76926,4.13,2.33
2011.11.16 09:58:35.092,0.76918,0.76926,1.88,1.58
2011.11.16 09:58:35.459,0.7692,0.76929,1.50,1.80
2011.11.16 09:58:35.989,0.76918,0.76929,1.88,3.30
2011.11.16 09:58:36.589,0.76919,0.76929,1.88,2.55
2011.11.16 09:58:36.828,0.76919,0.76925,1.88,1.50
2011.11.16 09:58:36.951,0.76914,0.76925,1.50,3.75
2011.11.16 09:58:37.557,0.76914,0.76924,1.50,1.13
2011.11.16 09:58:37.802,0.76913,0.76924,2.25,1.88
2011.11.16 09:58:38.697,0.76913,0.76924,2.25,2.63
2011.11.16 09:58:39.207,0.76913,0.76924,4.95,1.13
2011.11.16 09:58:40.282,0.76913,0.76924,2.33,6.23
2011.11.16 09:58:40.738,0.7691,0.7692,2.63,1.50
2011.11.16 09:58:41.102,0.76907,0.76916,3.00,1.50
2011.11.16 09:58:41.602,0.76906,0.76915,1.88,1.50
2011.11.16 09:58:41.851,0.76906,0.76917,3.38,1.13
2011.11.16 09:58:43.556,0.76906,0.76918,1.88,4.88
2011.11.16 09:58:45.949,0.76906,0.76918,1.95,4.88
2011.11.16 09:58:46.531,0.76906,0.76918,3.45,5.25
2011.11.16 09:58:47.141,0.76906,0.76916,3.38,1.13
2011.11.16 09:58:50.493,0.76909,0.76916,1.88,1.13
2011.11.16 09:58:50.742,0.76909,0.76918,1.88,1.50
2011.11.16 09:58:51.113,0.76909,0.7692,1.88,3.75
2011.11.16 09:58:51.888,0.7691,0.76917,1.88,1.50
2011.11.16 09:58:52.252,0.76907,0.76917,3.38,1.50
2011.11.16 09:58:52.847,0.76907,0.76917,1.88,2.25
2011.11.16 09:58:54.315,0.76907,0.76917,1.50,2.25
2011.11.16 09:58:59.925,0.76907,0.76917,1.88,2.63
2011.11.16 09:59:03.713,0.76907,0.76917,1.88,2.63
2011.11.16 09:59:06.233,0.76907,0.76917,1.88,1.88
2011.11.16 09:59:11.329,0.76909,0.76918,1.50,3.38
2011.11.16 09:59:12.140,0.76909,0.76917,1.50,1.13
2011.11.16 09:59:12.835,0.76907,0.76917,1.88,2.63
2011.11.16 09:59:23.499,0.76907,0.76917,4.13,2.25
2011.11.16 09:59:24.215,0.76907,0.76917,4.13,1.50
2011.11.16 09:59:24.458,0.76911,0.76921,1.88,4.50
2011.11.16 09:59:27.874,0.76911,0.76921,1.50,2.25
2011.11.16 09:59:34.413,0.76912,0.76923,2.25,4.88
2011.11.16 09:59:34.537,0.76913,0.76923,2.63,3.75
2011.11.16 09:59:35.136,0.76913,0.76924,3.38,3.00
2011.11.16 09:59:36.967,0.76915,0.76924,1.88,2.33
2011.11.16 09:59:37.451,0.76916,0.76926,1.13,2.70
2011.11.16 09:59:37.580,0.76914,0.76925,3.38,2.63
2011.11.16 09:59:45.154,0.76912,0.76924,4.50,2.33
2011.11.16 09:59:46.419,0.76914,0.76925,2.25,1.13
2011.11.16 09:59:46.667,0.76916,0.76926,1.50,3.75
2011.11.16 09:59:47.032,0.76917,0.76927,1.50,1.13
2011.11.16 09:59:47.162,0.76917,0.76928,1.50,2.70
2011.11.16 09:59:47.890,0.76917,0.76928,1.50,1.95
2011.11.16 09:59:48.499,0.76919,0.76929,1.50,4.80
2011.11.16 09:59:49.096,0.76918,0.76927,1.50,1.50
2011.11.16 09:59:50.063,0.76917,0.76927,2.25,2.25
2011.11.16 09:59:50.659,0.76917,0.76927,1.50,2.25
2011.11.16 09:59:51.390,0.76917,0.76927,2.25,1.50
2011.11.16 09:59:58.306,0.76918,0.76929,3.00,2.93
2011.11.16 09:59:58.786,0.76918,0.76929,4.88,2.93
2011.11.16 09:59:59.146,0.76918,0.76929,3.38,1.88
2011.11.16 09:59:59.749,0.76918,0.76929,2.63,2.63
