2014.05.09 01:00:09.821,1.0164,1.01642,1.00,1.69
2014.05.09 01:00:14.153,1.0164,1.01643,1.50,1.25
2014.05.09 01:00:17.138,1.0164,1.01642,1.69,1.00
2014.05.09 01:00:17.289,1.01639,1.01641,2.25,1.00
2014.05.09 01:00:17.695,1.01638,1.01641,1.00,2.82
2014.05.09 01:00:17.998,1.01636,1.0164,2.82,3.94
2014.05.09 01:00:18.049,1.01636,1.01639,2.82,1.00
2014.05.09 01:00:18.303,1.01636,1.0164,3.57,3.19
2014.05.09 01:00:18.808,1.01636,1.0164,2.82,3.94
2014.05.09 01:00:22.208,1.01637,1.01639,1.00,1.00
2014.05.09 01:00:22.341,1.01637,1.0164,1.00,3.94
2014.05.09 01:00:22.864,1.01636,1.0164,2.82,3.94
2014.05.09 01:00:24.845,1.01636,1.01638,2.63,1.25
2014.05.09 01:00:25.185,1.01634,1.01636,1.00,1.25
2014.05.09 01:00:25.338,1.01634,1.01636,1.00,1.25
2014.05.09 01:00:26.096,1.01634,1.01638,2.29,4.32
2014.05.09 01:00:26.298,1.01636,1.01639,1.00,2.82
2014.05.09 01:00:27.451,1.01636,1.01639,3.25,1.25
2014.05.09 01:00:27.956,1.01637,1.01641,2.63,2.25
2014.05.09 01:00:28.007,1.01638,1.01641,2.50,1.00
2014.05.09 01:00:28.513,1.01638,1.01642,4.19,1.13
2014.05.09 01:00:30.036,1.01638,1.01641,4.19,1.00
2014.05.09 01:00:31.053,1.01639,1.01641,1.25,1.00
2014.05.09 01:00:34.780,1.01639,1.01642,1.25,2.63
2014.05.09 01:00:35.285,1.01639,1.01642,3.82,1.00
2014.05.09 01:00:38.850,1.01639,1.01643,1.00,3.57
2014.05.09 01:00:40.041,1.01639,1.01641,1.00,1.00
2014.05.09 01:00:40.092,1.01638,1.01641,1.69,1.00
2014.05.09 01:00:40.831,1.01638,1.01642,1.25,3.57
2014.05.09 01:00:41.492,1.01638,1.01641,1.25,1.00
2014.05.09 01:00:47.859,1.01638,1.01641,1.69,1.00
2014.05.09 01:00:49.133,1.01638,1.01641,2.44,1.00
2014.05.09 01:00:50.130,1.01638,1.01641,2.44,1.00
2014.05.09 01:00:50.832,1.01638,1.01641,1.69,1.00
2014.05.09 01:00:52.640,1.01638,1.01641,2.44,1.00
2014.05.09 01:00:54.145,1.01638,1.01641,1.69,1.00
2014.05.09 01:00:54.702,1.01638,1.0164,1.25,1.00
2014.05.09 01:00:55.006,1.01635,1.01637,1.00,4.32
2014.05.09 01:00:55.109,1.01633,1.01635,1.00,1.00
2014.05.09 01:00:55.866,1.01634,1.01635,1.00,1.00
2014.05.09 01:00:56.968,1.01636,1.01637,1.00,1.00
2014.05.09 01:00:57.120,1.01637,1.01639,1.00,1.13
2014.05.09 01:00:57.639,1.01638,1.01641,1.00,1.13
2014.05.09 01:00:57.691,1.0164,1.01643,1.00,2.82
2014.05.09 01:00:58.198,1.0164,1.01643,1.00,2.07
2014.05.09 01:00:59.582,1.01639,1.01642,1.25,1.00
2014.05.09 01:01:00.161,1.0164,1.01642,1.00,1.25
2014.05.09 01:01:00.321,1.01638,1.0164,1.88,1.00
2014.05.09 01:01:00.625,1.01636,1.01638,1.00,1.69
2014.05.09 01:01:01.188,1.01637,1.01639,1.00,1.69
2014.05.09 01:01:01.693,1.01638,1.0164,1.00,1.25
2014.05.09 01:01:02.428,1.01637,1.0164,1.88,1.25
2014.05.09 01:01:03.517,1.01638,1.0164,1.00,1.25
2014.05.09 01:01:03.821,1.01637,1.01638,1.13,1.00
2014.05.09 01:01:04.073,1.01635,1.01638,1.88,3.19
2014.05.09 01:01:06.394,1.01635,1.01637,1.00,1.00
2014.05.09 01:01:06.906,1.01634,1.01636,1.50,1.00
2014.05.09 01:01:07.259,1.01634,1.01637,1.63,1.50
2014.05.09 01:01:07.663,1.01637,1.0164,3.25,1.63
2014.05.09 01:01:08.169,1.01636,1.01638,1.00,1.00
2014.05.09 01:01:08.674,1.01635,1.01637,1.25,1.00
2014.05.09 01:01:08.926,1.01637,1.01638,1.69,1.88
2014.05.09 01:01:08.977,1.01638,1.0164,1.50,1.00
2014.05.09 01:01:09.029,1.01639,1.01641,1.38,1.00
2014.05.09 01:01:09.547,1.0164,1.01642,1.00,1.50
2014.05.09 01:01:10.618,1.01638,1.01642,3.19,3.57
2014.05.09 01:01:11.123,1.01638,1.0164,1.00,1.00
2014.05.09 01:01:20.879,1.01637,1.0164,2.07,1.38
2014.05.09 01:01:24.918,1.01639,1.01641,1.00,1.69
2014.05.09 01:01:25.428,1.0164,1.01641,1.00,1.69
2014.05.09 01:01:39.797,1.01638,1.01641,1.88,1.00
2014.05.09 01:01:39.900,1.0164,1.01642,1.00,1.50
2014.05.09 01:01:40.535,1.0164,1.01643,2.82,1.50
2014.05.09 01:01:41.040,1.0164,1.01642,2.44,1.00
2014.05.09 01:01:41.547,1.0164,1.01643,2.82,1.50
2014.05.09 01:01:42.052,1.0164,1.01643,3.57,1.00
2014.05.09 01:01:43.080,1.0164,1.01644,3.57,1.69
2014.05.09 01:01:49.783,1.0164,1.01643,2.82,1.00
2014.05.09 01:01:50.288,1.0164,1.01643,1.88,1.25
2014.05.09 01:01:50.824,1.0164,1.01644,3.19,3.19
2014.05.09 01:02:00.109,1.01641,1.01644,1.00,2.44
2014.05.09 01:02:00.463,1.01643,1.01645,1.00,1.69
2014.05.09 01:02:01.010,1.01643,1.01646,1.50,1.25
2014.05.09 01:02:02.684,1.01643,1.01647,1.50,3.57
2014.05.09 01:02:03.189,1.01642,1.01644,1.00,1.00
2014.05.09 01:02:12.778,1.01642,1.01643,1.00,1.00
2014.05.09 01:02:12.880,1.0164,1.01642,1.00,3.19
2014.05.09 01:02:13.385,1.0164,1.01642,1.50,1.25
2014.05.09 01:02:14.766,1.0164,1.01642,1.50,1.38
2014.05.09 01:02:16.515,1.0164,1.01642,1.00,2.82
2014.05.09 01:02:21.589,1.0164,1.01643,2.25,1.69
2014.05.09 01:02:25.885,1.0164,1.01644,3.19,3.57
2014.05.09 01:02:26.389,1.01641,1.01644,1.00,2.44
2014.05.09 01:02:41.712,1.01641,1.01645,2.07,3.94
2014.05.09 01:02:44.493,1.01641,1.01644,1.50,1.69
2014.05.09 01:02:45.099,1.01641,1.01644,1.25,1.00
2014.05.09 01:02:45.603,1.01641,1.01645,1.69,3.57
2014.05.09 01:02:46.995,1.0164,1.01643,3.57,1.00
2014.05.09 01:02:47.546,1.0164,1.01643,2.07,1.00
2014.05.09 01:02:48.844,1.01639,1.01642,1.25,1.00
2014.05.09 01:02:49.146,1.01642,1.01644,1.00,1.00
2014.05.09 01:02:50.302,1.01642,1.01645,1.00,2.82
2014.05.09 01:02:50.827,1.01643,1.01645,1.00,1.32
2014.05.09 01:03:02.814,1.01642,1.01644,1.50,1.00
2014.05.09 01:03:10.733,1.01642,1.01643,2.44,1.00
2014.05.09 01:03:12.072,1.01642,1.01644,1.50,1.00
2014.05.09 01:03:14.952,1.01642,1.01646,1.50,2.82
2014.05.09 01:03:18.232,1.01642,1.01646,2.82,1.69
2014.05.09 01:03:19.594,1.01643,1.01646,1.00,2.07
2014.05.09 01:03:20.099,1.01643,1.01646,1.00,2.07
2014.05.09 01:03:20.402,1.01641,1.01644,1.50,1.00
2014.05.09 01:03:24.107,1.01642,1.01644,2.07,1.00
2014.05.09 01:03:24.818,1.01642,1.01644,2.07,1.00
2014.05.09 01:03:25.154,1.01642,1.01645,1.57,1.00
2014.05.09 01:03:25.700,1.01644,1.01645,1.00,1.00
2014.05.09 01:03:30.068,1.01644,1.01646,1.25,2.50
2014.05.09 01:03:34.093,1.01644,1.01648,1.50,2.82
2014.05.09 01:03:35.163,1.01644,1.01648,1.69,2.82
2014.05.09 01:03:37.689,1.01644,1.01648,1.50,2.82
2014.05.09 01:03:39.818,1.01644,1.01646,1.00,1.00
2014.05.09 01:03:41.264,1.01645,1.01646,1.00,1.00
2014.05.09 01:03:41.416,1.01645,1.01648,1.50,1.25
2014.05.09 01:03:41.806,1.01648,1.01652,1.00,1.00
2014.05.09 01:03:41.857,1.0165,1.01652,1.00,1.50
2014.05.09 01:03:42.361,1.0165,1.01654,2.25,2.82
2014.05.09 01:03:43.625,1.01651,1.01654,1.00,2.82
2014.05.09 01:03:43.776,1.01652,1.01654,1.00,1.25
2014.05.09 01:03:44.674,1.01653,1.01656,1.00,2.82
2014.05.09 01:03:45.192,1.01652,1.01655,1.00,1.32
2014.05.09 01:03:46.309,1.01653,1.01656,1.00,3.00
2014.05.09 01:03:46.816,1.01652,1.01654,1.13,1.00
2014.05.09 01:03:47.018,1.01654,1.01656,1.00,1.25
2014.05.09 01:03:51.043,1.01653,1.01656,1.32,1.00
2014.05.09 01:03:51.295,1.01654,1.01656,1.50,1.00
2014.05.09 01:03:51.346,1.01656,1.01658,1.13,1.00
2014.05.09 01:03:51.447,1.01657,1.0166,1.25,1.50
2014.05.09 01:03:51.599,1.01659,1.01661,1.00,1.13
2014.05.09 01:03:51.902,1.01661,1.01663,1.00,1.00
2014.05.09 01:03:52.710,1.01662,1.01664,1.00,1.13
2014.05.09 01:03:53.013,1.01663,1.01666,1.50,1.32
2014.05.09 01:03:53.525,1.01663,1.01667,2.25,2.07
2014.05.09 01:03:54.065,1.01664,1.01667,1.00,2.07
2014.05.09 01:03:54.622,1.01664,1.01665,1.00,1.00
2014.05.09 01:03:57.626,1.01663,1.01665,1.50,1.00
2014.05.09 01:03:58.837,1.01664,1.01665,1.00,1.13
2014.05.09 01:03:59.536,1.01663,1.01665,1.00,1.13
2014.05.09 01:04:00.147,1.01664,1.01665,1.00,1.00
2014.05.09 01:04:06.531,1.01664,1.01666,1.00,1.00
2014.05.09 01:04:06.683,1.01665,1.01667,1.00,1.00
2014.05.09 01:04:06.734,1.01667,1.01668,1.00,1.88
2014.05.09 01:04:07.138,1.01665,1.01668,1.50,1.69
2014.05.09 01:04:09.812,1.01665,1.01668,1.88,1.69
2014.05.09 01:04:10.065,1.01668,1.01672,2.69,2.82
2014.05.09 01:04:10.763,1.01668,1.01672,1.69,2.82
2014.05.09 01:04:10.965,1.0167,1.01672,1.00,1.50
2014.05.09 01:04:12.854,1.01671,1.01672,1.00,1.00
2014.05.09 01:04:13.373,1.01672,1.01674,1.00,1.00
2014.05.09 01:04:13.477,1.01674,1.01677,1.00,1.69
2014.05.09 01:04:14.353,1.01673,1.01677,2.25,2.07
2014.05.09 01:04:14.858,1.01672,1.01675,1.69,1.00
2014.05.09 01:04:16.503,1.01671,1.01673,2.63,1.00
2014.05.09 01:04:18.463,1.01673,1.01674,1.00,1.00
2014.05.09 01:04:19.454,1.01674,1.01675,1.00,1.00
2014.05.09 01:04:19.959,1.01674,1.01675,1.00,1.00
2014.05.09 01:04:20.868,1.01674,1.01677,1.50,1.25
2014.05.09 01:04:21.384,1.01674,1.01675,1.00,1.00
2014.05.09 01:04:21.636,1.01672,1.01674,1.13,1.00
2014.05.09 01:04:21.889,1.0167,1.01673,1.69,1.50
2014.05.09 01:04:21.940,1.01668,1.01671,2.63,1.00
2014.05.09 01:04:22.243,1.01669,1.0167,1.00,1.00
2014.05.09 01:04:22.748,1.01668,1.01669,1.00,1.00
2014.05.09 01:04:23.051,1.01668,1.0167,1.69,1.00
2014.05.09 01:04:23.561,1.0167,1.01671,1.00,1.00
2014.05.09 01:04:24.116,1.01668,1.0167,2.07,1.00
2014.05.09 01:04:27.596,1.01669,1.01671,2.13,2.25
2014.05.09 01:04:29.701,1.01669,1.01672,2.44,1.50
2014.05.09 01:04:31.126,1.01671,1.01673,1.00,1.50
2014.05.09 01:04:31.683,1.0167,1.01672,1.32,1.00
2014.05.09 01:04:31.784,1.01671,1.01673,1.00,1.50
2014.05.09 01:04:32.347,1.01671,1.01672,1.32,1.00
2014.05.09 01:04:32.903,1.0167,1.01672,1.69,1.00
2014.05.09 01:04:33.561,1.01668,1.01671,1.69,1.50
2014.05.09 01:04:34.077,1.01669,1.0167,1.00,1.00
2014.05.09 01:04:35.211,1.01667,1.01669,2.07,1.00
2014.05.09 01:04:36.643,1.01667,1.01669,1.00,1.00
2014.05.09 01:04:37.155,1.01667,1.01668,1.00,1.50
2014.05.09 01:04:37.206,1.01665,1.01667,2.07,1.00
2014.05.09 01:04:43.929,1.01665,1.01666,1.50,1.00
2014.05.09 01:04:44.283,1.01663,1.01665,1.00,1.00
2014.05.09 01:04:45.021,1.01664,1.01665,1.00,1.00
2014.05.09 01:04:45.526,1.01664,1.01666,1.00,1.00
2014.05.09 01:04:47.951,1.01665,1.01666,1.00,1.00
2014.05.09 01:04:56.872,1.01665,1.01667,1.13,1.50
2014.05.09 01:04:57.176,1.01666,1.01668,1.50,1.50
2014.05.09 01:04:57.378,1.01665,1.01667,2.07,1.50
2014.05.09 01:05:00.006,1.01664,1.01667,1.69,1.00
2014.05.09 01:05:01.017,1.01666,1.01669,2.50,1.00
2014.05.09 01:05:01.342,1.01669,1.01671,1.50,1.00
2014.05.09 01:05:01.843,1.0167,1.01671,1.00,1.00
2014.05.09 01:05:03.289,1.01669,1.01671,1.00,1.13
2014.05.09 01:05:03.391,1.01667,1.0167,2.63,1.00
2014.05.09 01:05:03.903,1.01668,1.01671,1.00,1.25
2014.05.09 01:05:04.512,1.01667,1.01671,3.94,1.25
2014.05.09 01:05:04.716,1.01667,1.01669,1.00,1.00
2014.05.09 01:05:05.057,1.01665,1.01667,1.32,1.00
2014.05.09 01:05:05.585,1.01664,1.01666,2.07,1.00
2014.05.09 01:05:06.466,1.01664,1.01666,1.25,1.00
2014.05.09 01:05:09.365,1.01664,1.01666,2.07,1.00
2014.05.09 01:05:10.537,1.01664,1.01666,2.07,1.00
2014.05.09 01:05:12.406,1.01664,1.01667,2.07,2.50
2014.05.09 01:05:13.657,1.01664,1.01666,1.69,1.00
2014.05.09 01:05:18.222,1.01664,1.01666,1.69,1.00
2014.05.09 01:05:21.069,1.01664,1.01666,1.69,1.00
2014.05.09 01:05:24.341,1.01664,1.01666,1.69,1.00
2014.05.09 01:05:27.794,1.01665,1.01668,1.63,1.50
2014.05.09 01:05:28.308,1.01666,1.01668,1.69,2.50
2014.05.09 01:05:28.828,1.01667,1.01668,1.00,1.50
2014.05.09 01:05:29.379,1.01667,1.01669,1.00,1.00
2014.05.09 01:05:30.217,1.01666,1.01668,2.44,1.50
2014.05.09 01:05:31.964,1.01666,1.01667,1.00,1.00
2014.05.09 01:05:32.116,1.01659,1.01665,2.07,3.75
2014.05.09 01:05:32.270,1.01659,1.01662,2.07,1.50
2014.05.09 01:05:33.601,1.01659,1.0166,1.25,1.00
2014.05.09 01:05:33.904,1.01655,1.01658,1.88,1.38
2014.05.09 01:05:34.207,1.01654,1.01655,1.00,1.50
2014.05.09 01:05:34.359,1.01653,1.01655,1.25,1.50
2014.05.09 01:05:36.780,1.01653,1.01656,2.44,1.50
2014.05.09 01:05:37.286,1.01653,1.01655,1.25,1.00
2014.05.09 01:05:44.075,1.01654,1.01656,1.00,1.50
2014.05.09 01:05:44.579,1.01654,1.01657,1.69,1.00
2014.05.09 01:05:45.342,1.01655,1.01658,1.13,1.69
2014.05.09 01:05:49.878,1.01655,1.01657,1.32,1.00
2014.05.09 01:06:01.066,1.01655,1.01657,1.00,1.69
2014.05.09 01:06:01.581,1.01655,1.01657,1.00,1.69
2014.05.09 01:06:07.743,1.01657,1.01658,1.00,1.50
2014.05.09 01:06:07.895,1.01655,1.01659,1.13,2.25
2014.05.09 01:06:08.351,1.01655,1.01657,1.00,1.00
2014.05.09 01:06:11.219,1.01654,1.01656,1.00,1.50
2014.05.09 01:06:11.725,1.01653,1.01655,2.07,1.00
2014.05.09 01:06:38.377,1.01653,1.01656,1.00,1.25
2014.05.09 01:06:51.700,1.01654,1.01656,1.00,1.00
2014.05.09 01:07:12.694,1.01653,1.01656,2.07,1.00
2014.05.09 01:07:23.788,1.01653,1.01655,1.00,1.32
2014.05.09 01:07:24.092,1.01649,1.01652,1.19,3.25
2014.05.09 01:07:24.598,1.0165,1.01652,1.25,2.25
2014.05.09 01:07:26.350,1.0165,1.01651,1.00,1.00
2014.05.09 01:07:30.540,1.01648,1.0165,1.69,1.00
2014.05.09 01:07:31.058,1.01648,1.01649,1.25,1.50
2014.05.09 01:07:31.564,1.01648,1.0165,1.25,1.50
2014.05.09 01:07:33.351,1.01647,1.0165,2.82,1.50
2014.05.09 01:07:34.648,1.01647,1.01649,1.00,1.88
2014.05.09 01:07:34.952,1.01644,1.01646,1.00,1.00
2014.05.09 01:07:35.970,1.01644,1.01646,1.00,2.44
2014.05.09 01:07:39.341,1.01644,1.01645,1.13,1.00
2014.05.09 01:07:39.443,1.01642,1.01644,2.07,1.50
2014.05.09 01:07:44.513,1.01643,1.01644,1.00,1.00
2014.05.09 01:07:44.614,1.01643,1.01646,1.69,1.00
2014.05.09 01:07:45.129,1.01644,1.01647,1.00,2.07
2014.05.09 01:07:47.691,1.01644,1.01645,1.00,1.00
2014.05.09 01:07:47.898,1.01642,1.01645,1.00,1.32
2014.05.09 01:07:48.410,1.01642,1.01644,1.25,1.00
2014.05.09 01:07:48.919,1.01641,1.01644,2.07,1.00
2014.05.09 01:07:51.439,1.01642,1.01644,1.00,1.00
2014.05.09 01:08:08.768,1.01642,1.01645,1.69,1.50
2014.05.09 01:08:16.346,1.01642,1.01645,1.69,1.00
2014.05.09 01:08:17.453,1.01642,1.01645,1.25,1.00
2014.05.09 01:08:24.284,1.01641,1.01645,3.94,1.25
2014.05.09 01:08:27.277,1.01641,1.01644,3.00,1.25
2014.05.09 01:08:28.310,1.01641,1.01645,2.82,2.07
2014.05.09 01:08:31.892,1.01641,1.01645,1.13,3.57
2014.05.09 01:08:32.843,1.01641,1.01642,1.88,1.00
2014.05.09 01:08:33.348,1.0164,1.01643,1.00,2.82
2014.05.09 01:08:50.852,1.0164,1.01643,2.44,1.00
2014.05.09 01:08:55.061,1.0164,1.01643,2.44,1.00
2014.05.09 01:08:58.401,1.0164,1.01642,1.50,1.00
2014.05.09 01:08:58.650,1.01638,1.01641,2.44,1.50
2014.05.09 01:08:59.227,1.01638,1.0164,1.25,1.00
2014.05.09 01:08:59.732,1.0164,1.01641,1.00,1.00
2014.05.09 01:09:05.366,1.0164,1.01642,1.00,1.00
2014.05.09 01:09:06.148,1.0164,1.01643,1.50,1.25
2014.05.09 01:09:12.141,1.01641,1.01643,1.00,1.32
2014.05.09 01:09:16.806,1.01641,1.01645,1.50,2.82
2014.05.09 01:09:22.784,1.01641,1.01644,1.50,1.63
2014.05.09 01:09:24.866,1.01641,1.01644,1.50,1.25
2014.05.09 01:09:26.871,1.01641,1.01644,1.50,1.19
2014.05.09 01:09:27.979,1.01642,1.01645,1.00,1.88
2014.05.09 01:09:30.888,1.01641,1.01645,2.25,2.82
2014.05.09 01:09:31.193,1.01644,1.01647,3.82,1.00
2014.05.09 01:09:31.296,1.01646,1.01648,2.13,1.00
2014.05.09 01:09:31.500,1.01645,1.01648,1.88,1.25
2014.05.09 01:09:31.602,1.01645,1.01647,1.00,1.00
2014.05.09 01:09:32.057,1.01645,1.01648,1.00,2.44
2014.05.09 01:09:32.108,1.01644,1.01645,1.50,1.25
2014.05.09 01:09:32.337,1.01641,1.01644,1.25,2.25
2014.05.09 01:09:32.439,1.01643,1.01644,1.00,1.00
2014.05.09 01:09:32.490,1.01644,1.01646,1.00,1.25
2014.05.09 01:09:32.642,1.01643,1.01645,1.50,1.69
2014.05.09 01:09:32.693,1.01642,1.01645,1.50,1.69
2014.05.09 01:09:38.334,1.01642,1.01645,1.00,1.32
2014.05.09 01:09:40.722,1.01645,1.01647,1.50,1.00
2014.05.09 01:09:40.772,1.01646,1.01648,1.25,1.13
2014.05.09 01:09:40.824,1.01647,1.01649,1.00,1.50
2014.05.09 01:09:40.977,1.01648,1.0165,1.00,1.32
2014.05.09 01:09:41.482,1.01649,1.01652,1.00,2.82
2014.05.09 01:09:41.785,1.0165,1.01654,1.50,3.57
2014.05.09 01:09:42.290,1.01651,1.01654,1.50,2.07
2014.05.09 01:09:44.035,1.01652,1.01654,1.00,1.69
2014.05.09 01:09:47.686,1.01652,1.01655,1.50,2.07
2014.05.09 01:09:48.719,1.01652,1.01655,1.50,2.07
2014.05.09 01:09:58.740,1.0165,1.01654,3.57,1.25
2014.05.09 01:09:59.078,1.0165,1.01651,2.44,1.00
2014.05.09 01:09:59.230,1.01648,1.01651,1.25,1.00
2014.05.09 01:10:07.107,1.0165,1.01651,1.00,1.00
2014.05.09 01:10:07.209,1.0165,1.01653,2.63,1.25
2014.05.09 01:10:09.677,1.01652,1.01655,1.50,1.13
2014.05.09 01:10:09.981,1.01656,1.01657,1.00,1.00
2014.05.09 01:10:10.234,1.01657,1.0166,1.88,1.13
2014.05.09 01:10:10.284,1.01659,1.01661,1.00,1.00
2014.05.09 01:10:10.488,1.01661,1.01663,1.00,1.69
2014.05.09 01:10:10.993,1.01663,1.01667,1.50,3.19
2014.05.09 01:10:11.887,1.01664,1.01667,1.00,1.00
2014.05.09 01:10:12.395,1.01665,1.01668,1.00,1.32
2014.05.09 01:10:12.914,1.01665,1.01668,1.00,2.82
2014.05.09 01:10:13.419,1.01664,1.01666,1.00,1.00
2014.05.09 01:10:13.873,1.01662,1.01665,1.00,1.88
2014.05.09 01:10:15.782,1.01662,1.01664,1.00,1.25
2014.05.09 01:10:18.516,1.01662,1.01663,1.00,1.00
2014.05.09 01:10:19.040,1.0166,1.01662,1.00,1.00
2014.05.09 01:10:20.920,1.01662,1.01664,1.00,2.82
2014.05.09 01:10:23.079,1.01662,1.01664,1.00,2.82
2014.05.09 01:10:23.780,1.0166,1.01664,1.69,2.82
2014.05.09 01:10:23.881,1.0166,1.01661,1.50,1.00
2014.05.09 01:10:26.342,1.0166,1.01662,1.00,1.32
2014.05.09 01:10:26.847,1.0166,1.01664,3.19,2.07
2014.05.09 01:10:27.251,1.01662,1.01664,1.00,1.00
2014.05.09 01:10:31.480,1.01661,1.01663,1.00,1.13
2014.05.09 01:10:31.995,1.01661,1.01663,1.00,1.13
2014.05.09 01:10:34.895,1.01661,1.01664,1.50,1.69
2014.05.09 01:10:35.418,1.01662,1.01664,1.00,1.00
2014.05.09 01:10:37.607,1.01661,1.01664,1.00,2.44
2014.05.09 01:10:39.491,1.01662,1.01664,1.00,1.69
2014.05.09 01:10:40.031,1.01661,1.01663,1.25,1.00
2014.05.09 01:10:43.469,1.01661,1.01665,1.69,3.57
2014.05.09 01:10:45.263,1.01661,1.01665,1.50,3.57
2014.05.09 01:10:46.864,1.0166,1.01663,2.07,1.00
2014.05.09 01:10:50.356,1.0166,1.01663,2.07,1.00
2014.05.09 01:10:50.881,1.01662,1.01665,1.00,1.13
2014.05.09 01:10:51.356,1.01662,1.01664,1.00,1.25
2014.05.09 01:10:53.106,1.01661,1.01665,1.00,2.07
2014.05.09 01:10:58.822,1.01661,1.01664,1.00,1.69
2014.05.09 01:11:00.611,1.01661,1.01664,1.00,1.69
2014.05.09 01:11:02.173,1.0166,1.01664,2.07,2.44
2014.05.09 01:11:08.216,1.0166,1.01664,2.44,2.82
2014.05.09 01:11:08.968,1.0166,1.01664,2.44,2.82
2014.05.09 01:11:10.309,1.0166,1.01664,1.69,3.57
2014.05.09 01:11:10.662,1.01659,1.01661,1.00,1.00
2014.05.09 01:11:11.269,1.01657,1.0166,1.50,1.50
2014.05.09 01:11:11.320,1.01656,1.01658,3.00,1.00
2014.05.09 01:11:11.522,1.01655,1.01657,1.00,2.07
2014.05.09 01:11:11.826,1.01653,1.01656,3.19,1.00
2014.05.09 01:11:12.366,1.01654,1.01658,1.50,2.82
2014.05.09 01:11:12.881,1.01654,1.01658,1.69,2.82
2014.05.09 01:11:12.983,1.01653,1.01656,3.19,1.00
2014.05.09 01:11:13.285,1.01655,1.01657,2.82,1.00
2014.05.09 01:11:13.337,1.01656,1.01659,1.32,1.00
2014.05.09 01:11:13.388,1.01658,1.0166,1.00,2.25
2014.05.09 01:11:13.895,1.01659,1.01661,1.00,1.00
2014.05.09 01:11:15.137,1.01657,1.01661,2.25,2.44
2014.05.09 01:11:15.188,1.01657,1.01659,1.00,1.00
2014.05.09 01:11:15.693,1.01656,1.01658,1.00,1.00
2014.05.09 01:11:15.997,1.01654,1.01657,2.44,1.00
2014.05.09 01:11:20.101,1.01653,1.01657,3.19,1.69
2014.05.09 01:11:20.253,1.01653,1.01655,1.25,1.00
2014.05.09 01:11:20.770,1.01652,1.01654,1.50,1.00
2014.05.09 01:11:30.406,1.01653,1.01654,1.00,1.00
2014.05.09 01:11:30.558,1.01653,1.01657,2.82,2.44
2014.05.09 01:11:31.063,1.01654,1.01657,1.00,1.69
2014.05.09 01:11:50.690,1.01654,1.01658,3.19,2.07
2014.05.09 01:11:52.513,1.01654,1.01658,3.19,2.07
2014.05.09 01:11:52.767,1.0165,1.01653,1.50,3.38
2014.05.09 01:11:52.971,1.01648,1.01652,1.50,3.00
2014.05.09 01:11:55.584,1.01649,1.01651,1.00,1.00
2014.05.09 01:12:01.095,1.01648,1.01651,2.44,1.00
2014.05.09 01:12:03.735,1.01648,1.0165,1.25,1.00
2014.05.09 01:12:04.597,1.01647,1.0165,1.00,1.88
2014.05.09 01:12:04.951,1.01645,1.01647,1.00,1.00
2014.05.09 01:12:05.470,1.01646,1.01647,1.00,1.00
2014.05.09 01:12:06.480,1.01646,1.01648,1.00,1.25
2014.05.09 01:12:08.117,1.01648,1.0165,1.00,1.50
2014.05.09 01:12:08.220,1.01649,1.01651,1.00,1.13
2014.05.09 01:12:08.725,1.01648,1.01651,1.00,2.07
2014.05.09 01:12:09.339,1.01647,1.0165,2.25,2.07
2014.05.09 01:12:09.888,1.01646,1.01649,1.00,1.69
2014.05.09 01:12:10.191,1.01648,1.01651,1.00,2.44
2014.05.09 01:12:10.705,1.01647,1.01649,1.00,1.25
2014.05.09 01:12:11.929,1.01647,1.0165,1.50,1.32
2014.05.09 01:12:13.200,1.01647,1.0165,1.00,4.17
2014.05.09 01:12:13.351,1.01643,1.01646,1.00,1.00
2014.05.09 01:12:13.402,1.01645,1.01646,1.00,1.00
2014.05.09 01:12:13.554,1.01645,1.01648,1.00,2.07
2014.05.09 01:12:13.706,1.01646,1.01648,1.00,2.07
2014.05.09 01:12:15.039,1.01645,1.01648,1.25,1.13
2014.05.09 01:12:15.292,1.01647,1.01648,1.00,1.00
2014.05.09 01:12:15.797,1.01646,1.01648,1.00,1.00
2014.05.09 01:12:17.800,1.01647,1.01648,1.00,1.25
2014.05.09 01:12:18.312,1.01646,1.01648,1.00,1.25
2014.05.09 01:12:18.900,1.01647,1.01648,1.00,1.00
2014.05.09 01:12:19.203,1.01645,1.01648,2.07,1.00
2014.05.09 01:12:19.254,1.01647,1.01648,1.00,1.00
2014.05.09 01:12:19.456,1.01645,1.01648,2.44,1.00
2014.05.09 01:12:19.977,1.01648,1.01651,1.00,3.00
2014.05.09 01:12:22.327,1.01648,1.01651,1.00,1.00
2014.05.09 01:12:22.429,1.0165,1.01651,1.00,1.00
2014.05.09 01:12:22.533,1.0165,1.01653,1.00,2.82
2014.05.09 01:12:35.069,1.0165,1.01653,1.00,2.07
2014.05.09 01:12:37.754,1.0165,1.01653,1.00,2.82
2014.05.09 01:12:40.541,1.01647,1.01651,1.00,2.82
2014.05.09 01:12:41.557,1.01649,1.01652,1.00,1.88
2014.05.09 01:12:42.063,1.0165,1.01653,1.00,1.88
2014.05.09 01:12:42.588,1.0165,1.01653,1.00,2.82
2014.05.09 01:12:43.186,1.0165,1.01651,1.00,1.00
2014.05.09 01:12:43.641,1.0165,1.01653,1.00,2.82
2014.05.09 01:12:48.391,1.0165,1.01652,1.00,1.00
2014.05.09 01:12:48.895,1.0165,1.01651,1.00,1.00
2014.05.09 01:12:52.665,1.01649,1.01651,1.00,1.00
2014.05.09 01:12:53.170,1.01648,1.01651,1.00,2.07
2014.05.09 01:12:53.684,1.01648,1.01651,1.00,2.07
2014.05.09 01:12:54.854,1.01648,1.01651,1.00,2.07
2014.05.09 01:13:00.307,1.01649,1.01651,1.00,1.69
2014.05.09 01:13:01.921,1.0165,1.01653,1.00,1.69
2014.05.09 01:13:04.625,1.0165,1.01653,2.07,1.00
2014.05.09 01:13:17.810,1.01651,1.01655,1.13,3.79
2014.05.09 01:13:18.700,1.01652,1.01655,1.00,2.44
2014.05.09 01:13:19.204,1.01652,1.01655,1.88,1.25
2014.05.09 01:13:21.413,1.01653,1.01656,1.00,1.69
2014.05.09 01:13:22.690,1.01653,1.01657,1.69,2.82
2014.05.09 01:13:22.791,1.01656,1.01658,1.00,2.44
2014.05.09 01:13:23.922,1.01656,1.01658,1.00,1.32
2014.05.09 01:13:24.897,1.01656,1.01658,1.00,1.32
2014.05.09 01:13:28.923,1.01657,1.01659,1.00,1.00
2014.05.09 01:13:29.227,1.01659,1.01663,3.75,3.00
2014.05.09 01:13:29.483,1.01662,1.01665,1.00,3.00
2014.05.09 01:13:30.913,1.01662,1.01665,1.50,2.44
2014.05.09 01:13:32.121,1.01662,1.01665,1.50,1.69
2014.05.09 01:13:32.627,1.01661,1.01664,1.88,1.69
2014.05.09 01:13:37.559,1.01661,1.01663,1.13,1.25
2014.05.09 01:13:37.660,1.0166,1.01662,1.50,1.00
2014.05.09 01:13:38.187,1.01659,1.01662,1.50,1.63
2014.05.09 01:13:38.712,1.01659,1.01661,1.00,1.19
2014.05.09 01:13:39.770,1.01658,1.0166,1.00,1.19
2014.05.09 01:13:39.871,1.01657,1.0166,1.50,1.57
2014.05.09 01:13:41.272,1.01657,1.0166,1.50,1.00
2014.05.09 01:13:41.323,1.01659,1.0166,1.13,1.00
2014.05.09 01:13:41.424,1.0166,1.01663,1.00,2.44
2014.05.09 01:13:41.930,1.01662,1.01665,1.88,2.44
2014.05.09 01:13:42.514,1.01662,1.01665,1.50,2.44
2014.05.09 01:13:43.978,1.01662,1.01665,1.50,2.44
2014.05.09 01:13:44.130,1.01661,1.01663,1.00,1.00
2014.05.09 01:13:44.637,1.01661,1.01663,1.00,1.00
2014.05.09 01:13:47.288,1.01661,1.01662,1.00,1.25
2014.05.09 01:13:47.389,1.01659,1.01661,1.00,1.00
2014.05.09 01:13:47.491,1.0166,1.01662,1.38,1.69
2014.05.09 01:13:47.694,1.01659,1.01661,2.25,1.00
2014.05.09 01:13:48.201,1.0166,1.01661,1.00,1.00
2014.05.09 01:13:51.376,1.01659,1.01661,1.00,2.25
2014.05.09 01:13:51.427,1.01656,1.01659,2.44,1.00
2014.05.09 01:13:51.528,1.01657,1.01659,1.13,1.00
2014.05.09 01:13:51.680,1.01655,1.01659,3.38,1.69
2014.05.09 01:13:52.186,1.01655,1.01657,1.50,1.25
2014.05.09 01:13:54.958,1.01655,1.01657,1.00,1.69
2014.05.09 01:13:56.470,1.01655,1.01657,1.00,1.69
2014.05.09 01:14:02.188,1.01653,1.01656,2.25,1.19
2014.05.09 01:14:02.696,1.01654,1.01656,1.00,1.25
2014.05.09 01:14:04.582,1.01656,1.01657,1.00,1.69
2014.05.09 01:14:04.684,1.01654,1.01656,1.50,1.00
2014.05.09 01:14:05.088,1.01652,1.01656,2.63,1.69
2014.05.09 01:14:07.614,1.01652,1.01655,2.25,3.42
2014.05.09 01:14:07.816,1.01649,1.01651,1.00,1.25
2014.05.09 01:14:08.349,1.0165,1.01652,1.13,1.00
2014.05.09 01:14:11.125,1.0165,1.01652,1.88,1.00
2014.05.09 01:14:11.227,1.01652,1.01655,1.00,2.44
2014.05.09 01:14:14.826,1.01652,1.01655,1.00,2.44
2014.05.09 01:14:18.514,1.01651,1.01655,3.19,2.44
2014.05.09 01:14:18.666,1.01651,1.01653,1.00,1.00
2014.05.09 01:14:20.815,1.0165,1.01653,2.82,1.00
2014.05.09 01:14:27.344,1.0165,1.01652,1.13,1.50
2014.05.09 01:14:27.871,1.0165,1.01651,1.00,1.00
2014.05.09 01:14:35.816,1.0165,1.01652,1.69,1.00
2014.05.09 01:14:36.120,1.01653,1.01656,1.00,1.50
2014.05.09 01:14:36.172,1.01652,1.01655,1.88,1.69
2014.05.09 01:14:46.066,1.01652,1.01655,1.00,2.07
2014.05.09 01:14:46.572,1.01652,1.01655,1.00,2.07
2014.05.09 01:14:47.111,1.01651,1.01655,2.44,2.07
2014.05.09 01:14:49.620,1.01651,1.01653,1.69,1.00
2014.05.09 01:14:56.311,1.0165,1.01653,1.00,1.00
2014.05.09 01:14:56.564,1.01646,1.0165,2.25,1.13
2014.05.09 01:14:57.102,1.01646,1.0165,2.25,1.38
2014.05.09 01:14:58.218,1.01646,1.01648,1.00,1.00
2014.05.09 01:15:00.513,1.01645,1.01648,1.50,1.00
2014.05.09 01:15:06.312,1.01644,1.01648,3.38,1.32
2014.05.09 01:15:06.851,1.01644,1.01647,2.25,1.25
2014.05.09 01:15:07.356,1.01645,1.01647,1.00,1.25
2014.05.09 01:15:07.859,1.01645,1.01648,1.00,1.69
2014.05.09 01:15:15.509,1.01647,1.01649,1.00,2.07
2014.05.09 01:15:16.510,1.01647,1.01651,2.25,1.50
2014.05.09 01:15:16.813,1.01651,1.01653,1.88,1.00
2014.05.09 01:15:17.135,1.01653,1.01656,1.00,1.88
2014.05.09 01:15:17.648,1.01653,1.01656,1.00,1.13
2014.05.09 01:15:21.897,1.01653,1.01657,1.00,2.63
2014.05.09 01:15:22.201,1.01654,1.01657,1.00,1.13
2014.05.09 01:15:28.745,1.01654,1.01657,1.00,1.38
2014.05.09 01:15:30.108,1.01654,1.01657,1.00,1.13
2014.05.09 01:15:31.239,1.01654,1.01657,1.00,1.88
2014.05.09 01:15:31.988,1.01653,1.01657,1.00,1.88
2014.05.09 01:15:32.883,1.01654,1.01657,1.00,1.13
2014.05.09 01:15:42.048,1.01655,1.01657,1.00,1.32
2014.05.09 01:15:45.091,1.01655,1.01659,2.25,2.82
2014.05.09 01:15:55.753,1.01655,1.01658,2.25,1.32
2014.05.09 01:15:56.796,1.01655,1.01658,2.25,1.32
2014.05.09 01:15:58.117,1.01656,1.01658,1.00,1.32
2014.05.09 01:16:03.965,1.01656,1.01658,1.00,1.32
2014.05.09 01:16:04.118,1.01655,1.01658,2.25,1.32
2014.05.09 01:16:07.312,1.01655,1.01658,1.50,1.32
2014.05.09 01:16:11.730,1.01655,1.01658,1.50,1.32
2014.05.09 01:16:13.916,1.01655,1.01659,3.57,1.50
2014.05.09 01:16:14.220,1.01657,1.0166,4.50,1.00
2014.05.09 01:16:14.524,1.0166,1.01661,1.00,1.00
2014.05.09 01:16:14.576,1.0166,1.01663,1.00,2.07
2014.05.09 01:16:17.742,1.01661,1.01663,1.00,2.07
2014.05.09 01:16:19.342,1.01661,1.01664,1.88,1.25
2014.05.09 01:16:19.961,1.01661,1.01665,2.07,3.19
2014.05.09 01:16:20.612,1.01661,1.01665,2.07,3.19
2014.05.09 01:16:24.424,1.01661,1.01665,1.69,4.32
2014.05.09 01:16:24.940,1.01662,1.01665,1.00,2.07
2014.05.09 01:16:25.488,1.01662,1.01665,1.00,2.07
2014.05.09 01:16:27.450,1.01662,1.01664,1.00,1.19
2014.05.09 01:16:27.754,1.0166,1.01663,1.50,1.32
2014.05.09 01:16:31.705,1.01661,1.01663,1.00,1.32
2014.05.09 01:16:32.357,1.01662,1.01664,1.00,1.32
2014.05.09 01:16:34.993,1.01659,1.01662,1.50,2.29
2014.05.09 01:16:35.097,1.01659,1.01661,1.00,2.25
2014.05.09 01:16:35.249,1.01657,1.01659,1.00,2.48
2014.05.09 01:16:35.503,1.01655,1.01658,1.25,1.00
2014.05.09 01:16:36.059,1.01654,1.01658,3.38,1.69
2014.05.09 01:16:41.174,1.01654,1.01658,2.82,2.44
2014.05.09 01:16:44.027,1.01654,1.01658,2.82,1.69
2014.05.09 01:17:06.204,1.01655,1.01658,1.00,2.82
2014.05.09 01:17:06.256,1.01653,1.01655,1.00,3.79
2014.05.09 01:17:06.307,1.01652,1.01655,1.00,3.79
2014.05.09 01:17:06.847,1.01651,1.01655,3.57,3.79
2014.05.09 01:17:07.800,1.01651,1.01655,3.57,3.60
2014.05.09 01:17:09.937,1.01651,1.01655,2.82,4.54
2014.05.09 01:17:10.884,1.01651,1.01655,2.82,4.54
2014.05.09 01:17:13.792,1.01651,1.01655,2.82,4.54
2014.05.09 01:17:26.705,1.01652,1.01655,1.00,3.79
2014.05.09 01:17:31.445,1.01652,1.01653,1.00,1.25
2014.05.09 01:17:32.151,1.01652,1.01654,1.00,1.54
2014.05.09 01:17:34.313,1.01652,1.01654,1.00,1.54
2014.05.09 01:18:01.937,1.0165,1.01653,1.88,1.38
2014.05.09 01:18:04.190,1.01651,1.01653,1.00,1.38
2014.05.09 01:18:06.518,1.0165,1.01653,1.32,1.38
2014.05.09 01:18:10.950,1.0165,1.01653,2.07,1.38
2014.05.09 01:18:22.011,1.0165,1.01653,2.07,1.13
2014.05.09 01:18:23.281,1.0165,1.01653,1.13,1.32
2014.05.09 01:18:26.428,1.0165,1.01653,1.13,2.07
2014.05.09 01:18:26.932,1.0165,1.01653,1.13,1.32
2014.05.09 01:18:55.483,1.0165,1.01653,1.69,2.25
2014.05.09 01:19:07.665,1.0165,1.01653,1.25,1.50
2014.05.09 01:19:08.199,1.01651,1.01653,1.00,1.50
2014.05.09 01:19:21.511,1.01651,1.01653,1.00,1.50
2014.05.09 01:19:22.089,1.0165,1.01653,1.25,1.50
2014.05.09 01:19:22.800,1.0165,1.01653,1.69,1.50
2014.05.09 01:19:39.608,1.01652,1.01653,1.50,1.50
2014.05.09 01:19:40.930,1.01652,1.01655,1.50,2.07
2014.05.09 01:19:41.334,1.01654,1.01655,1.00,1.32
2014.05.09 01:19:43.202,1.01653,1.01656,1.00,3.19
2014.05.09 01:19:43.710,1.01653,1.01655,1.00,1.88
2014.05.09 01:19:44.254,1.01653,1.01655,1.00,1.50
2014.05.09 01:19:45.430,1.01652,1.01655,1.50,1.25
2014.05.09 01:19:46.112,1.01652,1.01654,1.50,1.00
2014.05.09 01:19:46.466,1.01654,1.01656,1.00,1.32
2014.05.09 01:19:47.084,1.01654,1.01658,1.50,4.92
2014.05.09 01:19:48.100,1.01654,1.01658,2.82,4.54
2014.05.09 01:19:50.403,1.01654,1.01658,2.25,4.92
2014.05.09 01:19:53.085,1.01654,1.01658,2.25,4.17
2014.05.09 01:19:53.236,1.01654,1.01657,1.50,4.17
2014.05.09 01:19:53.829,1.01653,1.01655,1.00,1.50
2014.05.09 01:19:55.398,1.01653,1.01657,2.25,2.07
2014.05.09 01:19:55.903,1.01653,1.01657,3.19,2.07
2014.05.09 01:19:59.359,1.01653,1.01657,2.44,4.17
2014.05.09 01:19:59.864,1.01653,1.01655,1.69,1.50
2014.05.09 01:20:01.104,1.01653,1.01657,2.44,2.07
2014.05.09 01:20:07.316,1.01653,1.01657,2.25,2.07
2014.05.09 01:20:07.620,1.01652,1.01656,1.69,1.38
2014.05.09 01:20:11.901,1.01653,1.01656,2.25,1.63
2014.05.09 01:20:18.796,1.01653,1.01656,1.69,1.50
2014.05.09 01:20:31.388,1.01653,1.01655,1.00,2.48
2014.05.09 01:20:31.641,1.0165,1.01653,1.25,1.50
2014.05.09 01:20:43.102,1.0165,1.01653,1.00,2.82
2014.05.09 01:20:43.649,1.0165,1.01653,1.50,1.69
2014.05.09 01:20:48.062,1.01651,1.01653,1.00,1.50
2014.05.09 01:20:54.191,1.0165,1.01653,1.25,2.48
2014.05.09 01:20:54.495,1.01649,1.01652,1.50,2.07
2014.05.09 01:20:54.698,1.01647,1.01649,1.00,1.92
2014.05.09 01:20:54.749,1.01646,1.01648,1.00,1.00
2014.05.09 01:20:55.290,1.01646,1.01647,1.00,1.00
2014.05.09 01:20:55.442,1.01644,1.01647,1.50,1.50
2014.05.09 01:20:56.452,1.01644,1.01647,1.63,1.50
2014.05.09 01:21:02.471,1.01645,1.01646,1.00,1.00
2014.05.09 01:21:02.976,1.01643,1.01647,2.82,1.69
2014.05.09 01:21:05.879,1.01645,1.01648,1.13,3.04
2014.05.09 01:21:06.996,1.01645,1.01648,1.38,2.29
2014.05.09 01:21:07.785,1.01645,1.01648,1.13,2.29
2014.05.09 01:21:09.532,1.01645,1.01647,1.13,1.00
2014.05.09 01:21:20.124,1.01644,1.01646,1.00,1.30
2014.05.09 01:21:20.227,1.01643,1.01646,1.00,1.92
2014.05.09 01:21:20.756,1.01642,1.01645,1.25,1.50
2014.05.09 01:21:21.300,1.01641,1.01645,3.57,1.69
2014.05.09 01:21:24.837,1.01641,1.01644,1.69,1.00
2014.05.09 01:21:27.190,1.01641,1.01644,1.25,1.88
2014.05.09 01:21:27.241,1.0164,1.01642,1.50,1.00
2014.05.09 01:21:27.293,1.01639,1.01641,3.19,1.00
2014.05.09 01:21:27.444,1.0164,1.01643,1.00,1.32
2014.05.09 01:21:28.292,1.01639,1.01643,3.94,1.32
2014.05.09 01:21:28.797,1.0164,1.01643,1.00,1.32
2014.05.09 01:21:42.711,1.01639,1.01641,1.50,1.00
2014.05.09 01:21:43.165,1.01637,1.01639,1.00,1.00
2014.05.09 01:21:45.899,1.01637,1.01641,3.94,1.13
2014.05.09 01:21:46.101,1.01639,1.01643,2.44,3.57
2014.05.09 01:21:46.613,1.0164,1.01643,1.00,2.07
2014.05.09 01:21:49.083,1.01639,1.01643,2.25,1.88
2014.05.09 01:21:49.701,1.01639,1.01643,3.57,1.50
2014.05.09 01:22:02.724,1.0164,1.01642,1.00,1.00
2014.05.09 01:22:04.467,1.0164,1.01641,1.00,1.00
2014.05.09 01:22:06.478,1.01639,1.01641,2.44,1.00
2014.05.09 01:22:06.631,1.01637,1.01641,2.25,1.88
2014.05.09 01:22:06.681,1.01637,1.01638,1.50,1.00
2014.05.09 01:22:06.853,1.01635,1.01638,3.57,1.00
2014.05.09 01:22:08.109,1.01635,1.01638,1.00,1.32
2014.05.09 01:22:08.620,1.01635,1.01639,1.13,3.94
2014.05.09 01:22:09.958,1.01635,1.01639,1.38,3.94
2014.05.09 01:22:10.466,1.01635,1.01639,1.13,3.94
2014.05.09 01:22:10.976,1.01635,1.01639,1.38,3.94
2014.05.09 01:22:16.834,1.01635,1.01639,2.07,3.19
2014.05.09 01:22:17.371,1.01635,1.01638,2.07,1.00
2014.05.09 01:22:24.568,1.01635,1.01638,1.13,1.25
2014.05.09 01:22:25.085,1.01634,1.01637,2.07,1.50
2014.05.09 01:22:25.590,1.01633,1.01637,5.82,1.00
2014.05.09 01:22:27.165,1.01635,1.01638,1.00,2.44
2014.05.09 01:22:29.223,1.01635,1.01637,1.13,1.00
2014.05.09 01:22:30.211,1.01635,1.01638,1.13,2.44
2014.05.09 01:22:32.830,1.01635,1.01637,1.13,1.00
2014.05.09 01:22:35.968,1.01633,1.01637,2.07,2.44
2014.05.09 01:22:36.272,1.01633,1.01635,1.32,1.00
2014.05.09 01:22:37.527,1.01631,1.01634,4.32,1.00
2014.05.09 01:22:39.067,1.01632,1.01635,1.63,1.50
2014.05.09 01:22:44.020,1.01632,1.01635,2.07,1.00
2014.05.09 01:22:44.878,1.01633,1.01635,1.69,1.00
2014.05.09 01:22:45.597,1.01633,1.01635,2.82,1.00
2014.05.09 01:22:47.098,1.01633,1.01636,2.82,1.00
2014.05.09 01:22:50.408,1.01633,1.01635,2.07,1.00
2014.05.09 01:22:53.758,1.01633,1.01636,1.38,2.44
2014.05.09 01:22:57.846,1.01634,1.01637,1.32,3.00
2014.05.09 01:22:59.408,1.01635,1.01637,1.25,2.25
2014.05.09 01:22:59.661,1.01637,1.0164,1.13,1.00
2014.05.09 01:22:59.711,1.01639,1.0164,1.25,1.00
2014.05.09 01:23:00.236,1.01639,1.01641,1.25,1.00
2014.05.09 01:23:02.746,1.0164,1.01641,2.44,1.00
2014.05.09 01:23:03.361,1.0164,1.01642,3.19,1.00
2014.05.09 01:23:05.462,1.01641,1.01642,1.25,1.00
2014.05.09 01:23:11.333,1.0164,1.01642,1.25,1.13
2014.05.09 01:23:13.035,1.01639,1.01642,2.44,1.13
2014.05.09 01:23:14.964,1.0164,1.01642,1.25,1.13
2014.05.09 01:23:15.974,1.01639,1.01642,1.25,1.13
2014.05.09 01:23:16.278,1.01639,1.0164,2.44,1.00
2014.05.09 01:23:16.329,1.01639,1.01642,2.44,1.50
2014.05.09 01:23:16.837,1.0164,1.01643,1.00,2.07
2014.05.09 01:23:17.374,1.0164,1.01644,3.94,1.88
2014.05.09 01:23:22.891,1.0164,1.01644,4.32,1.69
2014.05.09 01:23:23.493,1.01641,1.01644,2.44,1.50
2014.05.09 01:23:27.074,1.01641,1.01644,2.44,1.50
2014.05.09 01:23:31.290,1.0164,1.01644,3.57,1.00
2014.05.09 01:23:33.294,1.0164,1.01644,3.57,1.25
2014.05.09 01:23:34.554,1.0164,1.01644,3.19,1.63
2014.05.09 01:23:35.076,1.0164,1.01642,1.00,1.00
2014.05.09 01:23:35.128,1.01638,1.01642,1.50,2.82
2014.05.09 01:23:36.897,1.01638,1.0164,1.00,1.00
2014.05.09 01:23:36.998,1.01636,1.0164,1.88,2.82
2014.05.09 01:23:37.503,1.01637,1.0164,1.00,2.07
2014.05.09 01:23:38.879,1.01638,1.01641,1.88,1.69
2014.05.09 01:23:39.232,1.0164,1.01643,1.00,1.69
2014.05.09 01:23:41.822,1.0164,1.01643,1.00,1.25
2014.05.09 01:23:42.900,1.01639,1.01642,2.82,1.00
2014.05.09 01:23:43.271,1.0164,1.01644,3.19,1.69
2014.05.09 01:23:47.439,1.0164,1.01643,2.82,1.00
2014.05.09 01:23:47.940,1.0164,1.01644,1.69,2.82
2014.05.09 01:23:51.992,1.0164,1.01644,2.44,1.88
2014.05.09 01:23:54.640,1.01641,1.01644,3.42,1.00
2014.05.09 01:23:54.741,1.01644,1.01646,1.00,2.44
2014.05.09 01:23:55.344,1.01644,1.01647,1.00,2.44
2014.05.09 01:24:02.098,1.01644,1.01647,1.00,2.44
2014.05.09 01:24:11.488,1.01644,1.01645,1.00,1.00
2014.05.09 01:24:11.589,1.01642,1.01643,1.00,1.00
2014.05.09 01:24:11.640,1.0164,1.01643,2.07,1.00
2014.05.09 01:24:12.221,1.0164,1.01644,2.07,2.44
2014.05.09 01:24:15.417,1.0164,1.01644,3.19,1.69
2014.05.09 01:24:23.635,1.0164,1.01644,3.94,1.00
2014.05.09 01:24:24.315,1.01641,1.01644,1.69,1.00
2014.05.09 01:24:29.758,1.01641,1.01644,1.69,1.00
2014.05.09 01:24:30.010,1.01643,1.01646,1.13,1.69
2014.05.09 01:24:30.515,1.01643,1.01647,1.88,3.19
2014.05.09 01:24:31.705,1.01643,1.01647,2.82,2.44
2014.05.09 01:24:32.805,1.01643,1.01646,2.82,1.00
2014.05.09 01:24:33.431,1.01643,1.01647,2.07,3.19
2014.05.09 01:24:39.135,1.01643,1.01647,1.88,3.19
2014.05.09 01:24:39.727,1.01643,1.01646,1.88,1.25
2014.05.09 01:24:50.138,1.01643,1.01645,1.88,1.00
2014.05.09 01:24:50.749,1.01644,1.01645,1.00,1.00
2014.05.09 01:24:58.829,1.01644,1.01647,1.00,2.07
2014.05.09 01:24:58.880,1.01642,1.01644,2.44,1.00
2014.05.09 01:24:58.983,1.01642,1.01645,1.50,1.25
2014.05.09 01:25:01.497,1.01642,1.01644,1.50,1.00
2014.05.09 01:25:05.475,1.01642,1.01645,1.50,1.25
2014.05.09 01:25:05.626,1.01643,1.01645,1.00,1.25
2014.05.09 01:25:25.331,1.01644,1.01647,1.00,1.50
2014.05.09 01:25:26.309,1.01644,1.01646,1.00,1.00
2014.05.09 01:25:26.985,1.01643,1.01645,1.25,1.00
2014.05.09 01:25:27.555,1.01642,1.01645,1.00,1.25
2014.05.09 01:25:29.289,1.01642,1.01644,1.00,1.00
2014.05.09 01:25:33.551,1.01642,1.01644,1.00,2.07
2014.05.09 01:25:33.703,1.01639,1.01642,1.88,3.25
2014.05.09 01:25:33.807,1.01641,1.01642,1.00,1.00
2014.05.09 01:25:34.313,1.01641,1.01643,1.00,1.00
2014.05.09 01:25:34.848,1.01641,1.01644,1.00,1.50
2014.05.09 01:25:37.470,1.01641,1.01644,1.63,1.50
2014.05.09 01:25:37.623,1.01644,1.01646,1.00,1.50
2014.05.09 01:25:38.238,1.01645,1.01646,1.00,1.00
2014.05.09 01:25:38.774,1.01645,1.01647,1.00,2.44
2014.05.09 01:25:39.307,1.01646,1.01647,1.00,1.25
2014.05.09 01:25:39.889,1.01646,1.01648,3.00,1.00
2014.05.09 01:25:43.845,1.01647,1.01648,1.50,1.25
2014.05.09 01:25:44.253,1.01647,1.01649,3.00,1.50
2014.05.09 01:25:44.356,1.01648,1.01652,2.50,1.13
2014.05.09 01:25:44.460,1.0165,1.01654,2.88,1.50
2014.05.09 01:25:44.968,1.01653,1.01655,2.50,1.00
2014.05.09 01:25:45.475,1.01653,1.01655,1.50,1.00
2014.05.09 01:25:46.004,1.01653,1.01656,1.88,1.69
2014.05.09 01:25:47.961,1.01653,1.01655,1.00,1.19
2014.05.09 01:25:48.063,1.01649,1.01652,1.50,2.13
2014.05.09 01:25:48.570,1.01649,1.01652,1.00,1.88
2014.05.09 01:25:49.105,1.0165,1.01652,1.00,1.50
2014.05.09 01:25:49.251,1.01652,1.01654,1.00,1.32
2014.05.09 01:25:49.791,1.01653,1.01655,1.00,1.25
2014.05.09 01:25:50.172,1.01652,1.01654,1.00,1.25
2014.05.09 01:25:50.275,1.01649,1.01651,1.50,1.00
2014.05.09 01:25:50.326,1.01649,1.01651,1.00,1.00
2014.05.09 01:25:50.831,1.01649,1.01652,2.25,1.25
2014.05.09 01:25:53.495,1.01649,1.01651,1.50,1.00
2014.05.09 01:25:55.454,1.01649,1.01652,2.25,1.69
2014.05.09 01:25:56.018,1.0165,1.01652,1.13,1.25
2014.05.09 01:25:56.119,1.0165,1.01653,2.63,2.25
2014.05.09 01:25:56.374,1.01652,1.01654,1.13,1.25
2014.05.09 01:26:15.833,1.01652,1.01654,1.63,1.00
2014.05.09 01:26:19.201,1.01652,1.01654,2.07,1.00
2014.05.09 01:26:19.724,1.01652,1.01655,2.07,1.50
2014.05.09 01:26:25.747,1.01652,1.01655,1.13,1.69
2014.05.09 01:26:39.154,1.01651,1.01654,2.07,1.00
2014.05.09 01:26:39.661,1.01651,1.01654,1.32,1.00
2014.05.09 01:26:42.847,1.01651,1.01655,1.32,3.19
2014.05.09 01:26:43.447,1.01651,1.01654,1.25,1.88
2014.05.09 01:26:55.325,1.0165,1.01653,2.07,1.00
2014.05.09 01:26:58.960,1.01649,1.01653,3.57,1.00
2014.05.09 01:27:00.824,1.01651,1.01654,1.00,2.25
2014.05.09 01:27:09.335,1.01651,1.01652,1.00,1.00
2014.05.09 01:27:09.654,1.01651,1.01654,1.00,2.25
2014.05.09 01:27:21.670,1.01652,1.01654,1.00,1.50
2014.05.09 01:27:34.087,1.01652,1.01654,1.50,1.38
2014.05.09 01:27:34.871,1.01652,1.01654,2.50,1.00
2014.05.09 01:27:37.603,1.01653,1.01654,1.00,1.50
2014.05.09 01:27:37.805,1.01654,1.01656,1.00,1.13
2014.05.09 01:27:38.676,1.01655,1.01656,1.00,1.00
2014.05.09 01:27:39.397,1.01654,1.01656,1.50,1.00
2014.05.09 01:27:40.616,1.01654,1.01657,1.50,1.50
2014.05.09 01:27:44.725,1.01654,1.01656,1.00,1.00
2014.05.09 01:27:45.332,1.01653,1.01656,1.00,1.50
2014.05.09 01:27:56.627,1.01654,1.01656,1.00,1.50
2014.05.09 01:28:02.073,1.01654,1.01655,1.50,1.00
2014.05.09 01:28:02.615,1.01655,1.01656,1.00,1.00
2014.05.09 01:28:17.816,1.01655,1.01656,1.00,1.50
2014.05.09 01:28:19.032,1.01655,1.01657,1.00,1.00
2014.05.09 01:28:19.556,1.01656,1.01657,1.00,1.00
2014.05.09 01:28:30.143,1.01655,1.01656,1.50,1.00
2014.05.09 01:28:30.295,1.01654,1.01656,1.00,1.00
2014.05.09 01:28:30.800,1.01653,1.01656,1.00,2.63
2014.05.09 01:28:31.088,1.01651,1.01655,2.63,1.00
2014.05.09 01:28:36.000,1.01651,1.01654,1.13,1.00
2014.05.09 01:28:38.030,1.01652,1.01654,1.00,1.00
2014.05.09 01:28:38.828,1.01653,1.01654,1.00,1.00
2014.05.09 01:28:39.755,1.01653,1.01655,1.00,2.63
2014.05.09 01:28:46.244,1.01654,1.01656,1.00,1.13
2014.05.09 01:28:46.751,1.01655,1.01657,1.00,1.00
2014.05.09 01:28:56.755,1.01656,1.01657,1.00,1.00
2014.05.09 01:28:58.635,1.01656,1.01658,1.00,1.88
2014.05.09 01:29:00.182,1.01656,1.01659,1.00,3.38
2014.05.09 01:29:00.436,1.01658,1.0166,1.00,1.31
2014.05.09 01:29:02.093,1.01659,1.01661,1.00,1.00
2014.05.09 01:29:02.146,1.0166,1.01662,1.00,1.50
2014.05.09 01:29:02.197,1.01661,1.01663,1.00,1.50
2014.05.09 01:29:02.401,1.01662,1.01666,2.87,1.00
2014.05.09 01:29:03.118,1.01662,1.01666,2.62,1.50
2014.05.09 01:29:03.269,1.01664,1.01666,1.00,1.00
2014.05.09 01:29:03.919,1.01664,1.01667,1.00,1.25
2014.05.09 01:29:05.319,1.01664,1.01668,1.50,2.06
2014.05.09 01:29:07.949,1.01666,1.01668,1.00,1.69
2014.05.09 01:29:08.050,1.01666,1.0167,1.50,3.19
2014.05.09 01:29:12.073,1.01666,1.0167,1.00,1.69
2014.05.09 01:29:14.052,1.01666,1.0167,1.50,1.25
2014.05.09 01:29:14.762,1.01667,1.0167,1.00,1.25
2014.05.09 01:29:14.815,1.01669,1.0167,1.00,1.25
2014.05.09 01:29:15.476,1.01669,1.01671,1.00,3.19
2014.05.09 01:29:17.996,1.0167,1.01672,1.00,1.00
2014.05.09 01:29:18.200,1.01672,1.01675,2.25,1.00
2014.05.09 01:29:18.719,1.01673,1.01676,1.50,1.25
2014.05.09 01:29:18.872,1.01674,1.01676,1.00,1.25
2014.05.09 01:29:19.176,1.01675,1.01678,1.00,1.25
2014.05.09 01:29:23.466,1.01673,1.01677,2.25,1.00
2014.05.09 01:29:23.618,1.01673,1.01676,1.00,1.69
2014.05.09 01:29:23.770,1.0167,1.01675,3.00,2.44
2014.05.09 01:29:24.363,1.0167,1.01673,2.25,1.00
2014.05.09 01:29:24.667,1.01669,1.01671,1.00,1.00
2014.05.09 01:29:25.121,1.01667,1.01671,1.50,1.00
2014.05.09 01:29:27.735,1.01669,1.01671,1.00,1.00
2014.05.09 01:29:27.887,1.01669,1.01673,1.00,1.25
2014.05.09 01:29:28.366,1.01671,1.01673,1.00,1.00
2014.05.09 01:29:28.959,1.01672,1.01674,1.50,1.00
2014.05.09 01:29:29.509,1.01672,1.01675,1.50,1.00
2014.05.09 01:29:31.670,1.01672,1.01676,1.50,1.25
2014.05.09 01:29:31.973,1.01668,1.01671,1.00,1.50
2014.05.09 01:29:32.428,1.01668,1.01669,1.00,1.00
2014.05.09 01:29:34.219,1.01666,1.01669,1.00,1.50
2014.05.09 01:29:37.998,1.01665,1.01667,1.50,1.00
2014.05.09 01:29:38.302,1.01662,1.01664,1.00,1.00
2014.05.09 01:29:38.606,1.0166,1.01665,3.19,1.50
2014.05.09 01:29:39.112,1.01661,1.01665,1.00,1.50
2014.05.09 01:29:39.575,1.01663,1.01665,1.00,1.00
2014.05.09 01:29:42.313,1.01662,1.01665,2.25,1.25
2014.05.09 01:29:42.862,1.01663,1.01665,1.00,1.00
2014.05.09 01:29:47.436,1.01662,1.01664,1.00,1.00
2014.05.09 01:29:47.941,1.01662,1.01665,1.00,1.00
2014.05.09 01:29:48.446,1.0166,1.01662,1.00,1.00
2014.05.09 01:29:48.497,1.01658,1.01662,3.75,1.00
2014.05.09 01:29:48.548,1.01658,1.0166,3.00,1.00
2014.05.09 01:29:50.335,1.0166,1.01661,1.50,1.50
2014.05.09 01:29:50.487,1.01661,1.01662,1.00,1.00
2014.05.09 01:29:50.841,1.01662,1.01665,1.00,1.50
2014.05.09 01:29:51.346,1.01662,1.01664,1.00,1.00
2014.05.09 01:29:53.706,1.01662,1.01665,1.00,3.19
2014.05.09 01:29:53.757,1.01661,1.01663,1.00,1.00
2014.05.09 01:29:57.951,1.01662,1.01663,1.00,1.00
2014.05.09 01:29:58.052,1.01662,1.01665,1.00,2.44
2014.05.09 01:29:58.374,1.0166,1.01664,1.00,1.00
2014.05.09 01:30:00.451,1.01659,1.01664,3.19,1.50
2014.05.09 01:30:01.028,1.0166,1.01664,1.00,1.00
2014.05.09 01:30:07.051,1.0166,1.01663,1.00,1.00
2014.05.09 01:30:07.759,1.01661,1.01663,1.00,1.00
2014.05.09 01:30:09.468,1.01659,1.01661,1.50,1.00
2014.05.09 01:30:09.569,1.01659,1.01662,1.00,1.13
2014.05.09 01:30:09.836,1.01658,1.01662,1.00,1.50
2014.05.09 01:30:10.343,1.01657,1.01659,1.00,1.87
2014.05.09 01:30:10.849,1.01656,1.01659,1.00,1.87
2014.05.09 01:30:12.378,1.01656,1.01658,1.00,1.00
2014.05.09 01:30:15.177,1.01656,1.01658,2.63,1.00
2014.05.09 01:30:15.329,1.01658,1.01661,1.00,1.00
2014.05.09 01:30:19.314,1.01658,1.01662,1.69,3.94
2014.05.09 01:30:19.516,1.01659,1.01661,1.69,1.00
2014.05.09 01:30:19.567,1.01659,1.01663,1.69,1.88
2014.05.09 01:30:20.655,1.0166,1.01662,1.25,1.00
2014.05.09 01:30:21.200,1.0166,1.01663,1.25,1.13
2014.05.09 01:30:26.326,1.0166,1.01662,1.00,1.00
2014.05.09 01:30:28.259,1.0166,1.01663,1.00,2.07
2014.05.09 01:30:30.895,1.0166,1.01664,2.07,2.44
2014.05.09 01:30:31.402,1.0166,1.01664,2.44,2.07
2014.05.09 01:30:35.395,1.0166,1.01662,2.25,1.00
2014.05.09 01:30:35.496,1.01658,1.01663,3.38,1.88
2014.05.09 01:30:35.597,1.01658,1.01661,1.88,1.25
2014.05.09 01:30:35.901,1.0166,1.01664,1.00,5.52
2014.05.09 01:30:38.867,1.0166,1.01664,2.44,2.07
2014.05.09 01:30:39.480,1.0166,1.01663,2.44,1.00
2014.05.09 01:30:39.784,1.01656,1.0166,1.00,1.50
2014.05.09 01:30:39.835,1.01656,1.01657,1.00,1.00
2014.05.09 01:30:39.886,1.01654,1.01657,1.13,1.00
2014.05.09 01:30:39.987,1.01654,1.01657,1.38,1.00
2014.05.09 01:30:40.089,1.01653,1.01655,2.25,1.00
2014.05.09 01:30:40.595,1.01654,1.01656,1.00,1.19
2014.05.09 01:30:41.100,1.01654,1.01657,1.38,1.19
2014.05.09 01:30:42.621,1.01654,1.01657,1.38,1.25
2014.05.09 01:30:43.133,1.01656,1.01658,1.13,1.19
2014.05.09 01:30:43.669,1.01656,1.01658,1.88,1.00
2014.05.09 01:30:44.195,1.01656,1.01659,2.63,1.19
2014.05.09 01:30:44.726,1.01657,1.01659,1.13,1.19
2014.05.09 01:30:44.930,1.01653,1.01657,2.82,1.25
2014.05.09 01:30:45.445,1.01652,1.01657,4.32,2.44
2014.05.09 01:30:46.135,1.01652,1.01656,3.57,1.25
2014.05.09 01:30:46.438,1.01655,1.01658,1.88,1.25
2014.05.09 01:30:46.690,1.01656,1.01658,1.88,1.25
2014.05.09 01:30:47.228,1.01656,1.01658,1.13,1.25
2014.05.09 01:30:48.672,1.01656,1.01659,1.13,1.25
2014.05.09 01:30:49.182,1.01657,1.01659,1.00,1.25
2014.05.09 01:30:50.676,1.01657,1.01659,1.00,1.19
2014.05.09 01:30:51.718,1.01657,1.0166,1.00,2.82
2014.05.09 01:30:51.769,1.01655,1.01658,1.00,1.75
2014.05.09 01:30:52.274,1.01654,1.01656,1.00,1.00
2014.05.09 01:30:53.556,1.01655,1.01657,1.00,1.69
2014.05.09 01:30:53.910,1.01656,1.01658,1.00,1.25
2014.05.09 01:30:55.416,1.01657,1.01659,1.00,1.69
2014.05.09 01:30:55.720,1.01659,1.01661,2.44,1.00
2014.05.09 01:30:55.822,1.0166,1.01664,1.50,1.57
2014.05.09 01:30:56.226,1.01659,1.01662,1.50,1.63
2014.05.09 01:30:56.681,1.01661,1.01664,1.00,1.19
2014.05.09 01:30:57.191,1.01661,1.01664,1.00,1.57
2014.05.09 01:30:57.497,1.0166,1.01662,1.00,1.32
2014.05.09 01:30:57.801,1.01658,1.0166,1.00,1.00
2014.05.09 01:30:58.307,1.01658,1.0166,1.00,2.82
2014.05.09 01:30:59.882,1.01658,1.0166,1.00,1.00
2014.05.09 01:30:59.987,1.0166,1.01661,1.50,1.50
2014.05.09 01:31:00.493,1.0166,1.01664,2.50,1.69
2014.05.09 01:31:01.255,1.01661,1.01664,1.00,1.57
2014.05.09 01:31:01.761,1.01661,1.01664,1.50,1.63
2014.05.09 01:31:02.127,1.01662,1.01664,1.00,1.32
2014.05.09 01:31:02.639,1.01662,1.01664,1.00,1.63
2014.05.09 01:31:03.165,1.01662,1.01664,1.00,1.25
2014.05.09 01:31:04.610,1.01663,1.01665,1.00,1.32
2014.05.09 01:31:07.988,1.01664,1.01665,1.00,1.25
2014.05.09 01:31:08.090,1.01664,1.01667,2.63,2.63
2014.05.09 01:31:08.141,1.01666,1.01669,2.63,1.00
2014.05.09 01:31:08.515,1.01666,1.01667,1.00,1.69
2014.05.09 01:31:08.669,1.01664,1.01667,1.00,3.57
2014.05.09 01:31:09.227,1.01666,1.01667,1.00,2.82
2014.05.09 01:31:10.325,1.01666,1.01668,1.00,1.13
2014.05.09 01:31:10.831,1.01666,1.01668,1.00,1.32
2014.05.09 01:31:11.141,1.0167,1.01674,1.88,4.88
2014.05.09 01:31:11.596,1.01669,1.01672,1.50,1.50
2014.05.09 01:31:12.102,1.0167,1.01674,1.50,2.82
2014.05.09 01:31:12.254,1.01672,1.01675,1.50,1.69
2014.05.09 01:31:12.766,1.01673,1.01675,1.00,1.69
2014.05.09 01:31:13.070,1.01675,1.01677,1.00,1.25
2014.05.09 01:31:13.373,1.0167,1.01673,1.50,2.44
2014.05.09 01:31:13.676,1.01667,1.0167,1.00,2.69
2014.05.09 01:31:13.778,1.01669,1.01671,1.00,1.00
2014.05.09 01:31:13.829,1.01671,1.01673,1.00,1.00
2014.05.09 01:31:14.337,1.01672,1.01674,1.50,1.00
2014.05.09 01:31:17.001,1.01673,1.01676,1.00,2.44
2014.05.09 01:31:17.507,1.01675,1.01676,1.00,1.00
2014.05.09 01:31:18.017,1.01676,1.01677,1.00,1.00
2014.05.09 01:31:18.541,1.01676,1.01678,1.50,1.69
2014.05.09 01:31:19.074,1.01676,1.01678,1.50,1.00
2014.05.09 01:31:19.680,1.01676,1.01678,1.50,1.00
2014.05.09 01:31:20.184,1.01676,1.01677,1.00,1.00
2014.05.09 01:31:20.439,1.01674,1.01678,3.57,1.69
2014.05.09 01:31:20.949,1.01674,1.01677,1.50,1.25
2014.05.09 01:31:21.475,1.01675,1.01677,1.00,1.25
2014.05.09 01:31:22.518,1.01675,1.01678,1.00,1.69
2014.05.09 01:31:24.379,1.01675,1.01678,1.00,2.07
2014.05.09 01:31:25.720,1.01676,1.01678,1.00,1.69
2014.05.09 01:31:25.821,1.01676,1.01679,1.50,1.25
2014.05.09 01:31:26.863,1.01676,1.01678,1.00,1.32
2014.05.09 01:31:27.379,1.01675,1.01678,1.00,2.44
2014.05.09 01:31:27.899,1.01675,1.01678,1.00,2.82
2014.05.09 01:31:33.305,1.01675,1.01678,1.00,2.82
2014.05.09 01:31:34.534,1.01674,1.01678,1.69,2.82
2014.05.09 01:31:34.639,1.01671,1.01676,2.63,2.13
2014.05.09 01:31:34.693,1.01671,1.01673,1.50,3.00
2014.05.09 01:31:34.745,1.01668,1.01672,9.03,4.19
2014.05.09 01:31:35.302,1.0167,1.01672,1.00,1.25
2014.05.09 01:31:35.808,1.0167,1.01671,1.00,1.25
2014.05.09 01:31:36.320,1.01669,1.01671,1.00,2.44
2014.05.09 01:31:36.827,1.01669,1.01671,1.00,3.19
2014.05.09 01:31:38.464,1.0167,1.01673,1.00,3.57
2014.05.09 01:31:40.319,1.01672,1.01673,1.50,1.00
2014.05.09 01:31:40.370,1.01672,1.01676,2.25,2.82
2014.05.09 01:31:40.884,1.01672,1.01676,3.19,2.07
2014.05.09 01:31:42.363,1.01673,1.01676,1.25,1.88
2014.05.09 01:31:44.383,1.01672,1.01676,4.69,2.07
2014.05.09 01:31:45.413,1.01672,1.01676,4.69,2.63
2014.05.09 01:31:48.349,1.01672,1.01675,4.69,1.00
2014.05.09 01:31:55.937,1.01673,1.01674,1.69,1.00
2014.05.09 01:31:56.470,1.01673,1.01675,1.69,1.00
2014.05.09 01:32:02.505,1.01673,1.01674,1.50,1.00
2014.05.09 01:32:04.949,1.01673,1.01675,1.50,1.00
2014.05.09 01:32:07.518,1.01672,1.01673,1.00,1.00
2014.05.09 01:32:07.670,1.01673,1.01675,1.00,1.32
2014.05.09 01:32:07.922,1.01672,1.01674,1.00,1.38
2014.05.09 01:32:08.074,1.01669,1.01672,1.50,1.32
2014.05.09 01:32:08.579,1.0167,1.01673,1.00,2.82
2014.05.09 01:32:09.518,1.01669,1.01672,1.00,3.57
2014.05.09 01:32:09.873,1.01668,1.0167,1.00,2.07
2014.05.09 01:32:12.082,1.01667,1.01669,1.00,2.07
2014.05.09 01:32:12.133,1.01666,1.01669,1.00,2.07
2014.05.09 01:32:12.386,1.01665,1.01667,1.00,1.63
2014.05.09 01:32:12.436,1.01663,1.01667,2.25,2.07
2014.05.09 01:32:12.942,1.01663,1.01665,1.00,2.07
2014.05.09 01:32:14.177,1.01663,1.01664,1.00,1.00
2014.05.09 01:32:14.850,1.01663,1.01665,1.00,2.82
2014.05.09 01:32:14.951,1.0166,1.01663,1.00,1.69
2014.05.09 01:32:15.053,1.01659,1.01661,1.50,1.00
2014.05.09 01:32:15.558,1.01658,1.01659,1.00,1.00
2014.05.09 01:32:15.894,1.01656,1.01659,3.19,1.00
2014.05.09 01:32:15.996,1.01659,1.01661,1.00,1.00
2014.05.09 01:32:16.148,1.01661,1.01663,1.00,1.00
2014.05.09 01:32:17.768,1.01662,1.01664,1.50,2.25
2014.05.09 01:32:20.371,1.01661,1.01662,1.00,1.50
2014.05.09 01:32:20.472,1.0166,1.01662,1.00,1.00
2014.05.09 01:32:20.574,1.01659,1.01661,1.88,1.00
2014.05.09 01:32:20.676,1.01658,1.01659,1.00,1.00
2014.05.09 01:32:21.131,1.01656,1.01659,2.82,1.00
2014.05.09 01:32:21.977,1.01656,1.01658,1.50,1.00
2014.05.09 01:32:25.132,1.01655,1.01657,1.00,1.00
2014.05.09 01:32:25.537,1.01654,1.01656,2.44,1.00
2014.05.09 01:32:33.201,1.01653,1.01655,1.25,1.00
2014.05.09 01:32:33.727,1.01652,1.01655,1.69,1.00
2014.05.09 01:32:34.454,1.01652,1.01654,1.69,1.00
2014.05.09 01:32:37.686,1.01652,1.01654,2.82,1.00
2014.05.09 01:32:39.507,1.01654,1.01655,1.00,1.00
2014.05.09 01:32:39.557,1.01654,1.01655,1.13,1.00
2014.05.09 01:32:42.564,1.01652,1.01655,1.69,1.00
2014.05.09 01:32:42.616,1.01652,1.01654,2.07,1.00
2014.05.09 01:32:49.531,1.01651,1.01653,1.38,1.00
2014.05.09 01:32:49.734,1.0165,1.01652,1.00,1.50
2014.05.09 01:32:49.786,1.01648,1.0165,1.00,1.00
2014.05.09 01:32:49.940,1.01648,1.0165,1.32,2.25
2014.05.09 01:32:50.193,1.0165,1.01651,1.00,1.00
2014.05.09 01:32:50.698,1.0165,1.01651,1.00,1.00
2014.05.09 01:32:53.837,1.01651,1.01652,1.00,1.00
2014.05.09 01:32:53.888,1.01651,1.01654,1.38,1.25
2014.05.09 01:32:55.756,1.01651,1.01653,1.00,1.00
2014.05.09 01:33:00.994,1.01651,1.01652,1.00,1.00
2014.05.09 01:33:01.583,1.0165,1.01652,2.07,1.00
2014.05.09 01:33:02.114,1.0165,1.01651,1.00,1.00
2014.05.09 01:33:04.034,1.01649,1.01651,1.25,2.50
2014.05.09 01:33:04.672,1.01647,1.0165,3.57,1.00
2014.05.09 01:33:05.813,1.01648,1.0165,1.63,1.00
2014.05.09 01:33:06.382,1.01648,1.0165,1.32,1.00
2014.05.09 01:33:07.760,1.01647,1.0165,3.57,1.00
2014.05.09 01:33:07.962,1.01649,1.01652,1.38,3.94
2014.05.09 01:33:08.740,1.01647,1.01651,3.19,2.50
2014.05.09 01:33:08.792,1.01647,1.0165,2.82,1.50
2014.05.09 01:33:12.782,1.01647,1.0165,2.82,1.00
2014.05.09 01:33:13.086,1.01647,1.01648,1.50,1.00
2014.05.09 01:33:13.195,1.01645,1.01648,1.69,1.13
2014.05.09 01:33:13.247,1.01645,1.01646,1.50,1.00
2014.05.09 01:33:13.298,1.01643,1.01646,1.32,2.25
2014.05.09 01:33:13.551,1.01645,1.01646,1.00,1.50
2014.05.09 01:33:13.855,1.01646,1.01648,1.00,1.00
2014.05.09 01:33:14.381,1.01647,1.01649,1.13,1.50
2014.05.09 01:33:15.711,1.01645,1.01649,2.63,1.50
2014.05.09 01:33:15.812,1.01644,1.01646,3.75,1.00
2014.05.09 01:33:16.016,1.01642,1.01646,2.63,2.25
2014.05.09 01:33:16.535,1.01642,1.01645,1.88,1.50
2014.05.09 01:33:17.066,1.01642,1.01646,2.82,3.94
2014.05.09 01:33:17.629,1.01642,1.01646,2.82,3.94
2014.05.09 01:33:18.523,1.01644,1.01647,1.00,1.69
2014.05.09 01:33:24.487,1.01644,1.01646,1.13,1.00
2014.05.09 01:33:29.977,1.01644,1.01646,1.32,2.50
2014.05.09 01:33:30.180,1.01642,1.01645,2.07,1.50
2014.05.09 01:33:31.025,1.01642,1.01645,1.32,1.50
2014.05.09 01:33:36.001,1.01642,1.01645,1.25,1.50
2014.05.09 01:33:41.669,1.01641,1.01645,2.44,2.07
2014.05.09 01:33:42.708,1.01641,1.01645,2.44,1.88
2014.05.09 01:33:43.247,1.01641,1.01644,1.69,1.00
2014.05.09 01:33:44.190,1.01641,1.01643,1.69,1.00
2014.05.09 01:33:47.698,1.01641,1.01643,1.69,1.00
2014.05.09 01:33:50.708,1.01641,1.01643,1.69,1.00
2014.05.09 01:33:53.228,1.01641,1.01644,2.82,1.00
2014.05.09 01:33:57.072,1.01642,1.01645,1.32,2.25
2014.05.09 01:34:02.569,1.01643,1.01645,1.00,1.00
2014.05.09 01:34:07.161,1.01642,1.01645,1.32,1.50
2014.05.09 01:34:17.914,1.01643,1.01646,1.00,2.44
2014.05.09 01:34:21.967,1.01643,1.01647,1.25,4.32
2014.05.09 01:34:22.621,1.01643,1.01646,1.25,1.00
2014.05.09 01:34:27.014,1.01643,1.01647,1.00,5.07
2014.05.09 01:34:27.529,1.01646,1.01648,1.00,1.69
2014.05.09 01:34:27.682,1.01647,1.01649,1.88,1.00
2014.05.09 01:34:27.884,1.01648,1.0165,1.69,1.00
2014.05.09 01:34:28.411,1.01649,1.01651,1.25,1.00
2014.05.09 01:34:29.975,1.01648,1.0165,1.88,1.00
2014.05.09 01:34:30.231,1.01647,1.01651,4.32,1.13
2014.05.09 01:34:30.998,1.01647,1.01651,3.57,1.32
2014.05.09 01:34:31.799,1.01647,1.01649,1.50,1.00
2014.05.09 01:34:31.951,1.01645,1.01648,1.88,1.00
2014.05.09 01:34:32.204,1.01643,1.01647,2.82,3.19
2014.05.09 01:34:34.123,1.01643,1.01647,1.00,5.07
2014.05.09 01:34:35.454,1.01643,1.01647,2.44,2.25
2014.05.09 01:34:35.505,1.01645,1.01647,1.38,1.00
2014.05.09 01:34:35.910,1.01646,1.01649,1.88,1.00
2014.05.09 01:34:36.264,1.01645,1.01649,2.82,3.19
2014.05.09 01:34:36.727,1.01646,1.01649,1.57,1.88
2014.05.09 01:34:37.486,1.01647,1.0165,1.32,1.00
2014.05.09 01:34:40.390,1.01647,1.0165,1.32,1.38
2014.05.09 01:34:40.927,1.01645,1.01649,1.88,2.63
2014.05.09 01:34:41.180,1.01647,1.01649,1.13,1.50
2014.05.09 01:34:41.434,1.01648,1.01651,1.00,1.25
2014.05.09 01:34:41.688,1.0165,1.01652,1.00,1.00
2014.05.09 01:34:42.201,1.01651,1.01653,1.25,1.00
2014.05.09 01:34:43.194,1.01649,1.01653,3.57,1.50
2014.05.09 01:34:43.897,1.01651,1.01653,1.69,1.00
2014.05.09 01:34:44.867,1.0165,1.01653,2.82,1.00
2014.05.09 01:34:46.500,1.01651,1.01653,1.00,1.13
2014.05.09 01:34:47.022,1.0165,1.01653,2.25,1.32
2014.05.09 01:34:47.719,1.0165,1.01653,1.50,1.63
2014.05.09 01:34:48.023,1.01646,1.01649,2.25,1.00
2014.05.09 01:34:48.225,1.01648,1.0165,1.00,1.00
2014.05.09 01:34:48.741,1.01649,1.01652,1.25,1.88
2014.05.09 01:34:54.652,1.01649,1.01652,2.44,1.13
2014.05.09 01:34:55.380,1.0165,1.01652,1.00,1.63
2014.05.09 01:34:59.797,1.01649,1.01652,1.69,1.38
2014.05.09 01:35:00.380,1.0165,1.01652,1.00,1.38
2014.05.09 01:35:00.990,1.01649,1.01652,1.69,1.38
2014.05.09 01:35:03.423,1.0165,1.01652,1.00,1.38
2014.05.09 01:35:06.303,1.01649,1.01652,1.25,1.38
2014.05.09 01:35:06.832,1.0165,1.01653,1.00,2.82
2014.05.09 01:35:18.352,1.0165,1.01652,1.00,1.32
2014.05.09 01:35:18.656,1.01648,1.01651,1.25,1.38
2014.05.09 01:35:19.009,1.01646,1.0165,3.57,1.69
2014.05.09 01:35:19.514,1.01646,1.01649,1.88,3.19
2014.05.09 01:35:20.019,1.01647,1.01649,2.44,1.00
2014.05.09 01:35:20.070,1.01649,1.0165,1.00,1.50
2014.05.09 01:35:20.603,1.01649,1.0165,1.00,1.00
2014.05.09 01:35:21.127,1.01649,1.01651,1.00,1.13
2014.05.09 01:35:44.222,1.01647,1.01649,1.50,2.44
2014.05.09 01:35:44.753,1.01646,1.01648,1.00,3.19
2014.05.09 01:35:45.076,1.01645,1.01646,1.00,2.44
2014.05.09 01:35:45.593,1.01645,1.01647,1.00,2.44
2014.05.09 01:35:47.002,1.01645,1.01648,1.38,1.50
2014.05.09 01:35:47.154,1.01646,1.01649,1.88,1.50
2014.05.09 01:35:47.306,1.01649,1.0165,1.00,1.00
2014.05.09 01:35:48.064,1.01649,1.01652,2.82,1.00
2014.05.09 01:35:48.572,1.01651,1.01653,1.00,1.00
2014.05.09 01:35:51.094,1.0165,1.01652,1.25,1.00
2014.05.09 01:35:51.600,1.01649,1.01651,2.44,1.00
2014.05.09 01:35:52.152,1.01649,1.01651,2.44,1.00
2014.05.09 01:36:01.187,1.01649,1.01653,2.82,2.44
2014.05.09 01:36:02.823,1.01651,1.01653,1.00,1.69
2014.05.09 01:36:03.601,1.01651,1.01652,1.00,1.00
2014.05.09 01:36:07.575,1.01651,1.01653,1.00,2.44
2014.05.09 01:36:10.660,1.01651,1.01654,1.50,2.07
2014.05.09 01:36:16.203,1.01651,1.01653,1.50,1.00
2014.05.09 01:36:16.709,1.01651,1.01652,1.00,1.00
2014.05.09 01:36:24.011,1.0165,1.01652,1.00,1.38
2014.05.09 01:36:27.235,1.01651,1.01652,1.00,1.00
2014.05.09 01:36:30.739,1.0165,1.01652,2.44,1.00
2014.05.09 01:36:34.826,1.0165,1.01652,1.69,1.38
2014.05.09 01:36:35.363,1.0165,1.01652,1.69,1.13
2014.05.09 01:36:36.391,1.0165,1.01652,2.44,1.00
2014.05.09 01:36:38.935,1.0165,1.01653,1.69,1.88
2014.05.09 01:36:39.447,1.0165,1.01653,1.69,1.13
2014.05.09 01:36:45.443,1.0165,1.01653,2.07,1.00
2014.05.09 01:36:48.449,1.0165,1.01653,2.07,1.00
2014.05.09 01:36:50.709,1.01651,1.01653,1.00,1.00
2014.05.09 01:36:53.657,1.01651,1.01654,1.00,2.44
2014.05.09 01:36:55.383,1.01651,1.01653,1.25,1.00
2014.05.09 01:36:57.050,1.01651,1.01654,1.25,1.50
2014.05.09 01:36:57.454,1.01653,1.01655,1.00,1.00
2014.05.09 01:36:57.984,1.01653,1.01656,1.25,1.00
2014.05.09 01:36:58.922,1.01654,1.01656,1.00,1.00
2014.05.09 01:37:01.536,1.01654,1.01656,1.00,1.00
2014.05.09 01:37:01.687,1.01657,1.0166,3.25,1.00
2014.05.09 01:37:01.789,1.01659,1.01661,1.00,1.00
2014.05.09 01:37:02.042,1.01661,1.01662,1.69,1.50
2014.05.09 01:37:02.547,1.01661,1.01663,1.69,1.00
2014.05.09 01:37:03.602,1.01661,1.01663,3.57,1.00
2014.05.09 01:37:04.125,1.01663,1.01664,1.00,1.00
2014.05.09 01:37:04.674,1.01663,1.01664,1.00,1.00
2014.05.09 01:37:05.199,1.01663,1.01665,1.00,1.00
2014.05.09 01:37:07.182,1.01663,1.01666,1.00,2.44
2014.05.09 01:37:09.715,1.01664,1.01665,1.00,1.00
2014.05.09 01:37:09.816,1.01662,1.01665,1.69,1.00
2014.05.09 01:37:12.132,1.01662,1.01664,1.69,1.50
2014.05.09 01:37:12.641,1.01661,1.01663,1.25,1.00
2014.05.09 01:37:13.156,1.0166,1.01663,2.82,1.00
2014.05.09 01:37:23.188,1.0166,1.01663,2.82,1.00
2014.05.09 01:37:25.246,1.0166,1.01663,2.07,1.00
2014.05.09 01:37:28.247,1.0166,1.01663,2.82,1.00
2014.05.09 01:37:30.742,1.0166,1.01662,2.82,1.00
2014.05.09 01:37:31.282,1.0166,1.01662,2.82,1.00
2014.05.09 01:37:32.742,1.01661,1.01662,1.00,1.00
2014.05.09 01:37:56.328,1.0166,1.01662,1.25,1.00
2014.05.09 01:37:57.330,1.0166,1.01662,1.69,1.00
2014.05.09 01:37:59.074,1.01662,1.01663,1.25,1.00
2014.05.09 01:37:59.617,1.01662,1.01664,1.25,1.00
2014.05.09 01:38:01.088,1.01662,1.01664,1.69,1.00
2014.05.09 01:38:03.045,1.01662,1.01664,1.69,1.00
2014.05.09 01:38:04.056,1.01662,1.01664,1.69,1.00
2014.05.09 01:38:12.081,1.01662,1.01664,1.69,1.00
2014.05.09 01:38:14.131,1.01662,1.01664,1.32,1.00
2014.05.09 01:38:15.115,1.01662,1.01664,2.07,1.00
2014.05.09 01:38:20.107,1.01662,1.01664,1.69,1.00
2014.05.09 01:38:21.117,1.01662,1.01664,1.69,1.00
2014.05.09 01:38:22.155,1.01662,1.01664,1.69,1.00
2014.05.09 01:38:25.138,1.01662,1.01664,1.69,1.00
2014.05.09 01:38:26.128,1.01662,1.01664,1.69,1.00
2014.05.09 01:38:27.129,1.01662,1.01664,1.69,1.00
2014.05.09 01:38:29.161,1.01662,1.01664,1.69,1.00
2014.05.09 01:38:29.484,1.01659,1.01663,3.38,2.50
2014.05.09 01:38:29.990,1.0166,1.01661,3.04,2.25
2014.05.09 01:38:30.142,1.01661,1.01663,1.25,1.50
2014.05.09 01:38:31.054,1.01661,1.01663,1.19,1.50
2014.05.09 01:38:37.578,1.0166,1.01663,2.07,2.25
2014.05.09 01:38:37.629,1.0166,1.01662,1.88,1.00
2014.05.09 01:38:37.782,1.01659,1.01661,1.50,1.00
2014.05.09 01:38:37.985,1.01657,1.0166,1.50,1.00
2014.05.09 01:38:38.491,1.01658,1.0166,1.32,1.00
2014.05.09 01:38:40.122,1.01658,1.0166,1.19,1.00
2014.05.09 01:38:44.833,1.01658,1.01661,3.42,2.25
2014.05.09 01:38:46.118,1.01659,1.01661,1.32,1.50
2014.05.09 01:38:47.737,1.01659,1.01662,2.82,1.50
2014.05.09 01:38:48.763,1.0166,1.01661,1.32,1.00
2014.05.09 01:38:49.320,1.01659,1.01662,2.07,1.00
2014.05.09 01:38:53.350,1.01659,1.01661,1.69,1.00
2014.05.09 01:38:55.370,1.01659,1.01661,1.19,1.50
2014.05.09 01:39:00.862,1.01657,1.0166,2.82,1.00
2014.05.09 01:39:01.755,1.01659,1.0166,1.25,1.00
2014.05.09 01:39:02.259,1.01659,1.01661,1.25,1.50
2014.05.09 01:39:03.790,1.01659,1.01661,2.07,1.50
2014.05.09 01:39:15.803,1.0166,1.01662,1.32,1.00
2014.05.09 01:39:17.247,1.01659,1.01662,2.82,1.00
2014.05.09 01:39:24.243,1.0166,1.01662,1.32,1.00
2014.05.09 01:39:26.483,1.01659,1.01661,1.63,1.00
2014.05.09 01:39:27.216,1.01659,1.01661,1.32,1.00
2014.05.09 01:39:37.547,1.01658,1.01661,1.88,1.00
2014.05.09 01:39:38.054,1.01659,1.01661,1.32,1.00
2014.05.09 01:39:38.749,1.01659,1.01661,1.25,1.00
2014.05.09 01:39:41.128,1.01658,1.01661,2.07,1.00
2014.05.09 01:39:41.738,1.01656,1.01659,1.38,1.00
2014.05.09 01:39:41.791,1.01655,1.01659,4.69,1.50
2014.05.09 01:39:41.944,1.01654,1.01657,3.75,1.00
2014.05.09 01:39:42.248,1.01653,1.01655,1.00,1.00
2014.05.09 01:39:42.753,1.01652,1.01655,1.32,1.00
2014.05.09 01:39:43.257,1.01652,1.01655,2.07,1.00
2014.05.09 01:39:45.441,1.01654,1.01656,1.00,1.50
2014.05.09 01:39:45.984,1.01654,1.01655,1.00,1.00
2014.05.09 01:39:49.551,1.01655,1.01656,2.10,1.00
2014.05.09 01:39:49.652,1.01657,1.01659,2.07,1.00
2014.05.09 01:39:50.157,1.01656,1.01659,2.44,1.00
2014.05.09 01:39:50.409,1.01659,1.0166,1.00,1.00
2014.05.09 01:39:50.561,1.01659,1.01661,1.00,1.00
2014.05.09 01:39:51.065,1.0166,1.01661,1.00,1.00
2014.05.09 01:40:02.223,1.01658,1.0166,1.00,1.13
2014.05.09 01:40:02.729,1.01657,1.01658,1.25,1.00
2014.05.09 01:40:03.436,1.01657,1.01659,1.00,1.13
2014.05.09 01:40:03.953,1.01657,1.01658,1.50,1.00
2014.05.09 01:40:06.175,1.01657,1.01659,1.69,1.88
2014.05.09 01:40:06.680,1.01657,1.01658,1.32,1.00
2014.05.09 01:40:06.984,1.01658,1.0166,1.88,1.50
2014.05.09 01:40:07.137,1.0166,1.01661,1.69,1.50
2014.05.09 01:40:12.352,1.0166,1.01662,1.32,1.00
2014.05.09 01:40:12.987,1.01661,1.01662,1.00,1.00
2014.05.09 01:40:20.107,1.01662,1.01663,1.00,1.00
2014.05.09 01:40:24.467,1.0166,1.01663,1.69,1.00
2014.05.09 01:40:24.986,1.01659,1.01663,1.69,3.75
2014.05.09 01:40:25.505,1.01659,1.01663,1.00,4.69
2014.05.09 01:40:26.010,1.0166,1.01661,1.00,1.00
2014.05.09 01:40:27.175,1.0166,1.01662,1.00,1.00
2014.05.09 01:40:27.905,1.0166,1.01663,1.00,2.82
2014.05.09 01:40:37.482,1.01661,1.01663,1.00,1.00
2014.05.09 01:40:41.380,1.01662,1.01665,1.00,3.94
2014.05.09 01:40:42.267,1.01662,1.01665,1.00,3.19
2014.05.09 01:40:43.011,1.01662,1.01664,1.00,1.00
2014.05.09 01:40:44.693,1.01661,1.01664,1.25,2.25
2014.05.09 01:40:45.010,1.01661,1.01662,1.00,1.00
2014.05.09 01:40:46.634,1.0166,1.01661,1.50,1.00
2014.05.09 01:40:46.837,1.01659,1.0166,1.00,1.00
2014.05.09 01:40:47.242,1.01657,1.01661,2.63,2.63
2014.05.09 01:40:47.445,1.0166,1.01661,1.00,1.50
2014.05.09 01:40:47.698,1.01661,1.01663,1.00,1.69
2014.05.09 01:41:01.869,1.01661,1.01663,1.00,1.32
2014.05.09 01:41:02.923,1.01661,1.01664,1.00,2.07
2014.05.09 01:41:07.715,1.0166,1.01664,2.82,2.82
2014.05.09 01:41:08.524,1.0166,1.01664,2.07,2.44
2014.05.09 01:41:14.363,1.0166,1.01663,1.88,1.25
2014.05.09 01:41:15.365,1.0166,1.01664,2.07,2.44
2014.05.09 01:41:17.785,1.01661,1.01664,1.00,1.69
2014.05.09 01:41:18.423,1.01662,1.01665,1.50,1.32
2014.05.09 01:41:22.571,1.01662,1.01664,1.50,1.25
2014.05.09 01:41:23.584,1.01662,1.01665,1.00,2.07
2014.05.09 01:41:24.409,1.01662,1.01664,1.00,1.00
2014.05.09 01:41:24.561,1.0166,1.01664,1.69,2.82
2014.05.09 01:41:24.612,1.01662,1.01664,1.00,2.44
2014.05.09 01:41:27.640,1.01661,1.01662,1.00,1.00
2014.05.09 01:41:27.897,1.01659,1.01662,1.13,2.25
2014.05.09 01:41:28.766,1.01662,1.01664,1.13,1.50
2014.05.09 01:41:29.271,1.01662,1.01665,1.13,1.69
2014.05.09 01:41:32.532,1.01662,1.01663,1.13,1.25
2014.05.09 01:41:41.285,1.01661,1.01663,1.13,1.50
2014.05.09 01:41:41.816,1.0166,1.01662,1.63,1.00
2014.05.09 01:41:46.171,1.01659,1.01662,2.82,1.00
2014.05.09 01:41:50.262,1.01659,1.01661,1.69,1.00
2014.05.09 01:41:56.729,1.01659,1.01661,1.25,1.00
2014.05.09 01:41:57.424,1.01659,1.01661,2.82,1.00
2014.05.09 01:42:10.764,1.01659,1.01662,4.92,1.00
2014.05.09 01:42:11.270,1.01661,1.01662,1.25,1.00
2014.05.09 01:42:11.776,1.01661,1.01664,3.42,1.00
2014.05.09 01:42:12.282,1.01662,1.01664,1.32,1.00
2014.05.09 01:42:13.095,1.01662,1.01664,1.32,1.00
2014.05.09 01:42:19.123,1.01661,1.01664,1.35,2.25
2014.05.09 01:42:19.225,1.01658,1.01661,1.69,1.00
2014.05.09 01:42:19.731,1.01658,1.0166,1.50,2.50
2014.05.09 01:42:19.986,1.01659,1.01661,1.25,1.00
2014.05.09 01:42:25.489,1.01658,1.0166,1.00,1.00
2014.05.09 01:42:25.692,1.01657,1.0166,2.25,3.25
2014.05.09 01:42:25.845,1.01656,1.01659,1.13,1.00
2014.05.09 01:42:26.351,1.01656,1.01659,1.00,1.69
2014.05.09 01:42:27.460,1.01656,1.01658,1.00,1.00
2014.05.09 01:42:27.580,1.01656,1.01659,1.38,1.69
2014.05.09 01:42:27.682,1.01656,1.01658,1.00,1.00
2014.05.09 01:42:27.835,1.01654,1.01657,2.44,1.00
2014.05.09 01:42:29.823,1.01654,1.01657,2.44,1.00
2014.05.09 01:42:30.800,1.01654,1.01656,2.07,1.00
2014.05.09 01:42:37.130,1.01654,1.01656,1.88,1.00
2014.05.09 01:43:01.635,1.01654,1.01655,1.00,1.00
2014.05.09 01:43:01.686,1.01652,1.01655,2.82,1.00
2014.05.09 01:43:01.737,1.01652,1.01654,2.44,1.00
2014.05.09 01:43:51.231,1.01652,1.01655,1.69,1.88
2014.05.09 01:43:51.484,1.01654,1.01656,1.50,2.50
2014.05.09 01:43:51.587,1.01655,1.01658,1.00,2.82
2014.05.09 01:43:51.739,1.01657,1.01658,1.13,1.00
2014.05.09 01:43:51.992,1.01657,1.01661,2.82,1.69
2014.05.09 01:43:52.498,1.01657,1.0166,1.50,1.25
2014.05.09 01:43:53.055,1.01657,1.01659,1.00,1.00
2014.05.09 01:43:53.560,1.01657,1.0166,1.00,1.25
2014.05.09 01:43:58.283,1.01658,1.01661,1.00,1.00
2014.05.09 01:43:58.434,1.0166,1.01662,1.00,1.69
2014.05.09 01:43:58.940,1.0166,1.01662,1.88,1.00
2014.05.09 01:43:59.445,1.0166,1.01663,1.13,1.25
2014.05.09 01:44:06.466,1.0166,1.01662,1.25,1.00
2014.05.09 01:44:06.972,1.0166,1.01663,1.13,1.25
2014.05.09 01:44:07.498,1.01661,1.01664,1.00,3.19
2014.05.09 01:44:08.530,1.01661,1.01664,1.00,1.69
2014.05.09 01:44:16.927,1.01661,1.01664,1.00,3.19
2014.05.09 01:44:17.130,1.01656,1.0166,3.19,1.50
2014.05.09 01:44:17.636,1.01656,1.01658,1.50,1.00
2014.05.09 01:44:18.297,1.01656,1.01657,1.50,1.00
2014.05.09 01:44:18.828,1.01655,1.01657,1.00,1.00
2014.05.09 01:44:22.955,1.01654,1.01657,1.00,1.25
2014.05.09 01:44:23.933,1.01655,1.01658,1.00,2.44
2014.05.09 01:44:24.236,1.01656,1.01659,3.19,1.00
2014.05.09 01:44:24.742,1.01655,1.01658,2.44,1.13
2014.05.09 01:44:25.281,1.01654,1.01658,2.63,1.00
2014.05.09 01:44:25.634,1.01656,1.01658,1.38,1.00
2014.05.09 01:44:25.735,1.01657,1.0166,1.13,1.00
2014.05.09 01:44:26.247,1.01656,1.0166,4.69,1.25
2014.05.09 01:44:26.756,1.01656,1.0166,1.88,3.57
2014.05.09 01:44:27.009,1.01656,1.01657,1.00,1.00
2014.05.09 01:44:28.228,1.01654,1.01657,1.69,1.00
2014.05.09 01:44:48.681,1.01655,1.01657,1.00,1.25
2014.05.09 01:44:55.266,1.01655,1.01658,1.00,2.44
2014.05.09 01:45:00.375,1.01655,1.01658,1.00,3.19
2014.05.09 01:45:00.892,1.01655,1.01658,1.00,2.44
2014.05.09 01:45:07.884,1.01655,1.01658,1.00,3.57
2014.05.09 01:45:08.746,1.01654,1.01658,2.25,3.94
2014.05.09 01:45:11.880,1.01654,1.01658,1.69,3.94
2014.05.09 01:45:15.908,1.01654,1.01658,1.50,3.94
2014.05.09 01:45:19.955,1.01654,1.01658,1.69,3.19
2014.05.09 01:45:21.954,1.01654,1.01657,1.50,1.25
2014.05.09 01:45:24.625,1.01654,1.01658,1.25,3.94
2014.05.09 01:45:28.688,1.01655,1.01658,1.00,1.69
2014.05.09 01:45:32.715,1.01655,1.01659,1.25,3.94
2014.05.09 01:45:35.259,1.01657,1.01659,1.00,2.44
2014.05.09 01:45:35.562,1.01659,1.01661,1.00,1.00
2014.05.09 01:45:36.377,1.01659,1.01662,1.00,3.19
2014.05.09 01:45:38.302,1.01659,1.01662,1.00,3.19
2014.05.09 01:45:38.977,1.01658,1.01661,1.00,1.69
2014.05.09 01:45:39.280,1.01657,1.01659,1.00,3.19
2014.05.09 01:45:39.785,1.01656,1.01658,1.00,1.69
2014.05.09 01:45:41.073,1.01657,1.01659,1.00,2.44
2014.05.09 01:45:48.859,1.01657,1.0166,2.25,1.00
2014.05.09 01:45:49.162,1.0166,1.01661,1.00,1.00
2014.05.09 01:45:49.696,1.0166,1.01662,1.25,1.00
2014.05.09 01:45:53.398,1.01662,1.01663,1.13,1.00
2014.05.09 01:45:53.902,1.01662,1.01664,1.13,1.00
2014.05.09 01:45:58.809,1.01662,1.01664,1.13,1.00
2014.05.09 01:46:30.113,1.01662,1.01663,1.00,1.00
2014.05.09 01:46:36.347,1.01659,1.01662,3.19,3.25
2014.05.09 01:46:36.874,1.01659,1.0166,1.69,1.00
2014.05.09 01:46:38.866,1.01659,1.01662,1.25,2.25
2014.05.09 01:46:39.069,1.0166,1.01662,2.82,1.00
2014.05.09 01:46:40.939,1.01661,1.01663,1.69,1.50
2014.05.09 01:46:43.041,1.01661,1.01663,2.44,1.00
2014.05.09 01:46:57.883,1.01661,1.01663,3.98,1.00
2014.05.09 01:46:58.186,1.01663,1.01664,1.00,1.00
2014.05.09 01:47:10.476,1.01662,1.01664,1.69,1.00
2014.05.09 01:47:15.570,1.01662,1.01664,1.69,2.13
2014.05.09 01:47:17.009,1.01661,1.01663,3.19,1.00
2014.05.09 01:47:20.045,1.01661,1.01663,3.19,1.00
2014.05.09 01:47:20.549,1.01663,1.01664,1.00,1.00
2014.05.09 01:47:21.060,1.01664,1.01665,1.00,1.50
2014.05.09 01:47:22.384,1.01664,1.01666,1.00,1.00
2014.05.09 01:47:22.487,1.01666,1.01668,1.50,1.00
2014.05.09 01:47:22.537,1.01668,1.01669,1.25,2.25
2014.05.09 01:47:22.841,1.01669,1.01671,1.00,1.50
2014.05.09 01:47:23.348,1.01669,1.0167,1.00,1.00
2014.05.09 01:47:24.472,1.01669,1.01671,1.00,1.50
2014.05.09 01:47:27.473,1.0167,1.01671,1.00,1.00
2014.05.09 01:47:28.596,1.01669,1.01671,1.69,1.00
2014.05.09 01:47:29.885,1.0167,1.01671,1.00,1.00
2014.05.09 01:47:31.466,1.0167,1.01672,1.25,1.00
2014.05.09 01:47:31.769,1.01668,1.0167,1.50,1.50
2014.05.09 01:47:33.740,1.01668,1.0167,2.44,1.00
2014.05.09 01:47:34.258,1.01668,1.01671,2.44,1.00
2014.05.09 01:47:35.741,1.01668,1.01671,2.44,1.00
2014.05.09 01:47:36.363,1.0167,1.01671,1.00,1.00
2014.05.09 01:47:36.869,1.01669,1.01671,1.25,1.00
2014.05.09 01:47:37.413,1.0167,1.01671,1.00,1.00
2014.05.09 01:47:38.227,1.0167,1.01672,1.69,1.00
2014.05.09 01:47:38.910,1.0167,1.01673,1.69,1.00
2014.05.09 01:47:39.213,1.01672,1.01673,1.00,1.00
2014.05.09 01:47:39.718,1.01673,1.01674,1.00,1.00
2014.05.09 01:47:40.399,1.01672,1.01674,2.44,1.00
2014.05.09 01:47:43.309,1.01671,1.01673,1.00,1.00
2014.05.09 01:47:43.892,1.0167,1.01673,1.69,1.00
2014.05.09 01:47:44.438,1.0167,1.01672,1.69,1.00
2014.05.09 01:47:45.175,1.0167,1.01672,1.69,1.00
2014.05.09 01:47:46.190,1.0167,1.01672,2.44,1.00
2014.05.09 01:47:47.889,1.01672,1.01673,1.00,1.00
2014.05.09 01:47:48.444,1.01672,1.01673,1.00,1.00
2014.05.09 01:47:48.949,1.01672,1.01674,1.50,1.00
2014.05.09 01:47:50.343,1.01672,1.01675,2.44,2.25
2014.05.09 01:47:52.995,1.01673,1.01675,1.00,1.50
2014.05.09 01:48:00.296,1.01674,1.01675,1.00,1.25
2014.05.09 01:48:03.501,1.01673,1.01675,1.69,1.00
2014.05.09 01:48:04.149,1.01674,1.01677,1.00,3.19
2014.05.09 01:48:04.671,1.01674,1.01677,1.00,2.44
2014.05.09 01:48:22.067,1.01674,1.01678,1.25,4.69
2014.05.09 01:48:22.587,1.01674,1.01677,1.25,1.00
2014.05.09 01:48:43.617,1.01674,1.01677,1.00,3.19
2014.05.09 01:48:43.769,1.01672,1.01675,1.69,1.00
2014.05.09 01:48:44.022,1.01672,1.01673,1.00,1.00
2014.05.09 01:48:45.647,1.01672,1.01674,1.00,1.00
2014.05.09 01:48:48.656,1.01672,1.01675,1.25,2.25
2014.05.09 01:48:50.955,1.01672,1.01676,1.69,3.19
2014.05.09 01:48:51.502,1.01673,1.01676,1.69,1.50
2014.05.09 01:48:52.039,1.01674,1.01676,1.00,1.00
2014.05.09 01:48:53.704,1.01674,1.01677,1.00,1.69
2014.05.09 01:48:54.210,1.01674,1.01677,1.00,2.07
2014.05.09 01:48:59.311,1.01673,1.01676,1.25,1.88
2014.05.09 01:49:01.045,1.01673,1.01675,1.25,1.00
2014.05.09 01:49:03.542,1.01672,1.01674,1.00,1.00
2014.05.09 01:49:03.845,1.0167,1.01672,1.00,1.38
2014.05.09 01:49:04.392,1.01669,1.01672,1.00,2.63
2014.05.09 01:49:05.117,1.01668,1.0167,2.25,1.00
2014.05.09 01:49:05.170,1.01667,1.01669,1.35,1.00
2014.05.09 01:49:05.675,1.01666,1.01668,2.10,1.69
2014.05.09 01:49:05.726,1.01665,1.01668,1.50,1.69
2014.05.09 01:49:05.777,1.01664,1.01666,1.00,1.50
2014.05.09 01:49:05.827,1.01662,1.01666,1.69,2.63
2014.05.09 01:49:06.181,1.01662,1.01664,1.25,1.00
2014.05.09 01:49:07.492,1.01661,1.01663,3.04,1.00
2014.05.09 01:49:08.106,1.01661,1.01663,3.04,1.00
2014.05.09 01:49:08.704,1.01662,1.01663,1.00,1.00
2014.05.09 01:49:12.496,1.0166,1.01663,1.69,1.00
2014.05.09 01:49:13.001,1.01662,1.01664,1.25,1.00
2014.05.09 01:49:14.823,1.01663,1.01664,1.00,1.00
2014.05.09 01:49:15.353,1.01664,1.01665,1.00,2.63
2014.05.09 01:49:16.194,1.01664,1.01666,1.25,1.88
2014.05.09 01:49:16.497,1.01665,1.01668,1.00,3.57
2014.05.09 01:49:16.751,1.01668,1.0167,1.69,1.00
2014.05.09 01:49:17.255,1.01668,1.01671,1.69,1.13
2014.05.09 01:49:27.774,1.01669,1.01671,1.19,1.00
2014.05.09 01:49:31.130,1.01668,1.01671,1.69,1.00
2014.05.09 01:49:32.733,1.01669,1.01671,1.19,1.00
2014.05.09 01:49:33.723,1.01669,1.01671,1.25,1.00
2014.05.09 01:49:39.744,1.01668,1.01671,1.69,1.00
2014.05.09 01:49:42.186,1.01669,1.01671,1.19,1.00
2014.05.09 01:49:43.290,1.01669,1.01671,1.25,1.00
2014.05.09 01:49:46.267,1.01669,1.01671,1.19,1.00
2014.05.09 01:49:47.306,1.01669,1.01671,1.25,1.00
2014.05.09 01:49:52.860,1.01669,1.01672,1.25,1.88
2014.05.09 01:49:53.164,1.0167,1.01673,4.69,2.25
2014.05.09 01:49:53.710,1.01672,1.01673,1.25,1.00
2014.05.09 01:49:54.323,1.01672,1.01674,1.69,1.00
2014.05.09 01:49:54.374,1.01672,1.01675,1.69,1.00
2014.05.09 01:49:56.301,1.01673,1.01676,1.25,1.50
2014.05.09 01:49:59.955,1.01672,1.01676,1.69,2.07
2014.05.09 01:50:00.157,1.01672,1.01674,1.00,1.00
2014.05.09 01:50:00.267,1.0167,1.01672,2.25,1.00
2014.05.09 01:50:00.320,1.0167,1.01674,1.50,4.13
2014.05.09 01:50:00.370,1.0167,1.01672,1.50,1.00
2014.05.09 01:50:00.875,1.0167,1.01673,2.44,1.00
2014.05.09 01:50:01.394,1.0167,1.01674,1.69,2.25
2014.05.09 01:50:04.054,1.01672,1.01674,1.25,1.00
2014.05.09 01:50:05.458,1.01673,1.01674,1.25,1.00
2014.05.09 01:50:05.610,1.01673,1.01676,1.25,2.25
2014.05.09 01:50:06.468,1.01673,1.01676,1.69,1.50
2014.05.09 01:50:07.365,1.01674,1.01677,1.25,1.00
2014.05.09 01:50:07.877,1.01673,1.01676,1.19,1.50
2014.05.09 01:50:08.469,1.01673,1.01676,1.25,1.50
2014.05.09 01:50:09.490,1.01673,1.01676,1.19,1.50
2014.05.09 01:50:11.501,1.01673,1.01676,1.25,1.50
2014.05.09 01:50:13.207,1.01674,1.01676,1.00,1.00
2014.05.09 01:50:13.713,1.01674,1.01677,1.25,2.25
2014.05.09 01:50:16.948,1.01675,1.01677,1.63,1.00
2014.05.09 01:50:17.150,1.01678,1.01681,1.00,2.63
2014.05.09 01:50:17.454,1.01677,1.0168,1.25,1.00
2014.05.09 01:50:17.963,1.01677,1.01681,3.19,1.88
2014.05.09 01:50:18.165,1.01677,1.01679,1.25,1.00
2014.05.09 01:50:20.531,1.01677,1.01679,1.69,1.00
2014.05.09 01:50:20.582,1.01679,1.01681,1.00,2.63
2014.05.09 01:50:21.054,1.0168,1.01683,1.50,1.00
2014.05.09 01:50:21.782,1.0168,1.01683,3.19,1.00
2014.05.09 01:50:23.199,1.0168,1.01684,3.57,1.50
2014.05.09 01:50:24.886,1.01682,1.01684,1.00,1.00
2014.05.09 01:50:24.987,1.01682,1.01686,1.00,2.25
2014.05.09 01:50:25.290,1.01684,1.01687,1.00,1.25
2014.05.09 01:50:25.817,1.01683,1.01685,3.94,1.00
2014.05.09 01:50:25.971,1.01685,1.01686,1.50,1.00
2014.05.09 01:50:26.073,1.01686,1.0169,2.69,2.07
2014.05.09 01:50:26.277,1.01688,1.01691,1.00,1.00
2014.05.09 01:50:26.430,1.01688,1.0169,1.50,1.00
2014.05.09 01:50:26.936,1.01689,1.01691,1.00,1.50
2014.05.09 01:50:27.392,1.01688,1.01689,1.25,1.00
2014.05.09 01:50:27.897,1.01687,1.0169,1.69,1.00
2014.05.09 01:50:30.169,1.01688,1.0169,1.00,1.00
2014.05.09 01:50:30.220,1.01689,1.01692,1.25,1.50
2014.05.09 01:50:30.473,1.01691,1.01693,1.00,1.50
2014.05.09 01:50:30.523,1.01691,1.01695,2.44,2.82
2014.05.09 01:50:31.042,1.01692,1.01695,1.25,1.50
2014.05.09 01:50:31.626,1.01693,1.01695,1.25,1.00
2014.05.09 01:50:32.134,1.01693,1.01696,1.25,1.88
2014.05.09 01:50:32.891,1.01694,1.01697,1.00,2.07
2014.05.09 01:50:32.992,1.01695,1.01697,1.00,1.69
2014.05.09 01:50:33.095,1.01694,1.01696,1.00,1.13
2014.05.09 01:50:33.979,1.01694,1.01697,1.00,1.32
2014.05.09 01:50:37.496,1.01694,1.01697,2.07,1.00
2014.05.09 01:50:37.547,1.01696,1.01699,2.44,1.50
2014.05.09 01:50:37.698,1.01697,1.01701,3.19,3.19
2014.05.09 01:50:38.671,1.01699,1.01701,1.00,1.69
2014.05.09 01:50:38.976,1.01702,1.01707,4.75,3.75
2014.05.09 01:50:39.030,1.01705,1.01708,2.13,1.50
2014.05.09 01:50:39.083,1.01707,1.01709,1.00,1.00
2014.05.09 01:50:39.186,1.01707,1.01709,3.82,1.00
2014.05.09 01:50:39.288,1.01708,1.01709,1.25,1.00
2014.05.09 01:50:39.340,1.01708,1.0171,2.44,1.00
2014.05.09 01:50:39.442,1.01711,1.01713,1.50,1.50
2014.05.09 01:50:39.695,1.01714,1.01716,1.00,1.00
2014.05.09 01:50:39.847,1.01715,1.01718,1.00,1.00
2014.05.09 01:50:40.507,1.01717,1.01718,1.00,1.00
2014.05.09 01:50:40.811,1.01715,1.01717,1.50,1.00
2014.05.09 01:50:41.215,1.01713,1.01717,1.00,5.07
2014.05.09 01:50:41.316,1.01711,1.01715,1.13,3.57
2014.05.09 01:50:41.919,1.0171,1.01713,1.50,2.69
2014.05.09 01:50:42.222,1.01707,1.0171,1.69,2.50
2014.05.09 01:50:42.525,1.0171,1.01711,1.00,1.00
2014.05.09 01:50:42.677,1.0171,1.01713,1.00,1.00
2014.05.09 01:50:43.603,1.01712,1.01713,1.00,1.00
2014.05.09 01:50:43.704,1.0171,1.01713,2.82,1.00
2014.05.09 01:50:43.906,1.0171,1.01713,2.44,1.00
2014.05.09 01:50:44.210,1.01711,1.01713,1.00,1.00
2014.05.09 01:50:44.363,1.01707,1.01711,2.25,1.68
2014.05.09 01:50:44.517,1.01708,1.01712,1.69,2.10
2014.05.09 01:50:45.124,1.0171,1.01711,1.00,1.00
2014.05.09 01:50:45.679,1.01709,1.01712,2.82,1.00
2014.05.09 01:50:46.188,1.0171,1.01713,1.25,1.50
2014.05.09 01:50:46.693,1.01711,1.01713,1.32,1.00
2014.05.09 01:50:46.996,1.01709,1.01712,2.07,1.00
2014.05.09 01:50:47.149,1.0171,1.01713,1.25,1.00
2014.05.09 01:50:47.383,1.01712,1.01718,5.29,1.50
2014.05.09 01:50:47.487,1.01716,1.0172,4.36,2.25
2014.05.09 01:50:47.590,1.01717,1.01719,1.25,1.00
2014.05.09 01:50:47.691,1.01718,1.0172,2.44,1.50
2014.05.09 01:50:48.007,1.01716,1.01718,2.44,1.00
2014.05.09 01:50:49.616,1.01715,1.01717,2.44,1.00
2014.05.09 01:50:49.768,1.01719,1.01722,1.50,1.00
2014.05.09 01:50:50.274,1.01717,1.0172,3.19,1.00
2014.05.09 01:50:50.426,1.0172,1.01723,3.94,1.50
2014.05.09 01:50:50.793,1.0172,1.01721,1.00,1.00
2014.05.09 01:50:50.894,1.01718,1.0172,1.00,1.00
2014.05.09 01:50:51.420,1.01716,1.01719,2.82,1.00
2014.05.09 01:50:52.128,1.01716,1.01719,2.44,1.50
2014.05.09 01:50:52.431,1.01717,1.01719,1.00,1.88
2014.05.09 01:50:52.972,1.01717,1.01719,2.44,1.00
2014.05.09 01:50:54.537,1.01715,1.01717,3.19,1.00
2014.05.09 01:50:55.546,1.01715,1.01717,2.44,1.00
2014.05.09 01:50:56.678,1.01716,1.01717,2.44,1.00
2014.05.09 01:50:57.287,1.01715,1.01717,1.69,1.00
2014.05.09 01:50:57.590,1.01714,1.01715,1.25,1.00
2014.05.09 01:50:58.556,1.01714,1.01717,3.79,1.00
2014.05.09 01:50:59.072,1.01714,1.01718,4.54,2.44
2014.05.09 01:50:59.577,1.01715,1.01718,1.25,2.25
2014.05.09 01:51:00.085,1.01715,1.01718,1.25,3.25
2014.05.09 01:51:05.369,1.01715,1.01718,2.75,2.50
2014.05.09 01:51:05.471,1.01716,1.01718,2.44,1.00
2014.05.09 01:51:05.976,1.01716,1.01718,1.32,1.00
2014.05.09 01:51:06.755,1.01716,1.01719,1.25,1.50
2014.05.09 01:51:07.058,1.01716,1.01719,1.25,2.50
2014.05.09 01:51:07.412,1.01715,1.01719,1.69,1.69
2014.05.09 01:51:08.996,1.01716,1.01719,1.25,1.00
2014.05.09 01:51:09.097,1.01718,1.01721,1.00,1.50
2014.05.09 01:51:09.300,1.0172,1.01724,1.25,1.88
2014.05.09 01:51:09.402,1.01722,1.01725,1.00,1.13
2014.05.09 01:51:09.907,1.01722,1.01726,1.69,1.69
2014.05.09 01:51:12.382,1.01722,1.01726,1.69,2.82
2014.05.09 01:51:12.906,1.01722,1.01726,1.69,2.25
2014.05.09 01:51:13.708,1.01722,1.01726,1.69,2.63
2014.05.09 01:51:14.271,1.01723,1.01726,2.44,2.25
2014.05.09 01:51:14.697,1.01723,1.01726,2.44,1.88
2014.05.09 01:51:15.218,1.01724,1.01726,1.25,1.88
2014.05.09 01:51:15.726,1.01722,1.01726,1.69,2.07
2014.05.09 01:51:16.231,1.01722,1.01726,1.69,1.69
2014.05.09 01:51:16.780,1.01722,1.01726,1.69,1.50
2014.05.09 01:51:17.285,1.01724,1.01728,1.00,3.19
2014.05.09 01:51:17.832,1.01724,1.01728,1.69,2.44
2014.05.09 01:51:18.630,1.01724,1.01728,1.69,1.50
2014.05.09 01:51:19.573,1.01726,1.01728,1.25,1.00
2014.05.09 01:51:20.285,1.01726,1.01728,1.63,1.00
2014.05.09 01:51:20.438,1.01727,1.0173,1.32,1.50
2014.05.09 01:51:23.230,1.01728,1.01731,1.00,1.69
2014.05.09 01:51:25.698,1.01728,1.01732,3.19,2.44
2014.05.09 01:51:27.156,1.01728,1.01732,3.57,3.19
2014.05.09 01:51:27.660,1.01728,1.01731,3.57,1.00
2014.05.09 01:51:27.920,1.01729,1.01732,1.38,1.25
2014.05.09 01:51:28.022,1.0173,1.01733,2.82,1.50
2014.05.09 01:51:28.124,1.0173,1.01732,3.94,1.00
2014.05.09 01:51:28.225,1.01732,1.01733,2.82,1.00
2014.05.09 01:51:28.730,1.01732,1.01734,2.44,1.00
2014.05.09 01:51:29.235,1.01731,1.01734,1.25,3.00
2014.05.09 01:51:29.740,1.01732,1.01734,2.44,1.00
2014.05.09 01:51:30.043,1.0173,1.01734,1.00,2.50
2014.05.09 01:51:30.805,1.01731,1.01733,1.25,1.00
2014.05.09 01:51:31.837,1.0173,1.01732,1.25,1.00
2014.05.09 01:51:32.732,1.0173,1.01733,2.07,1.00
2014.05.09 01:51:33.237,1.01731,1.01734,1.25,1.50
2014.05.09 01:51:33.812,1.01732,1.01734,1.00,1.00
2014.05.09 01:51:34.338,1.01732,1.01735,1.00,2.44
2014.05.09 01:51:34.842,1.01732,1.01734,1.50,1.00
2014.05.09 01:51:35.247,1.0173,1.01733,1.25,1.00
2014.05.09 01:51:35.752,1.01731,1.01734,1.25,1.00
2014.05.09 01:51:36.458,1.01732,1.01734,1.00,1.00
2014.05.09 01:51:38.150,1.0173,1.01734,3.57,1.00
2014.05.09 01:51:38.353,1.01729,1.01732,2.44,1.00
2014.05.09 01:51:38.959,1.01729,1.01731,1.19,1.00
2014.05.09 01:51:39.262,1.01728,1.0173,3.94,1.00
2014.05.09 01:51:41.860,1.01725,1.01729,3.19,1.50
2014.05.09 01:51:42.366,1.01725,1.01728,1.25,1.50
2014.05.09 01:51:42.871,1.01725,1.01727,1.25,1.00
2014.05.09 01:51:43.376,1.01725,1.01728,1.50,1.25
2014.05.09 01:51:45.079,1.01725,1.01727,1.00,1.69
2014.05.09 01:51:45.130,1.01723,1.01726,1.32,1.00
2014.05.09 01:51:45.182,1.01722,1.01724,1.25,1.00
2014.05.09 01:51:45.688,1.01721,1.01724,1.25,1.00
2014.05.09 01:51:47.539,1.01721,1.01723,1.25,1.00
2014.05.09 01:51:47.691,1.01718,1.01721,1.13,1.50
2014.05.09 01:51:47.792,1.01717,1.01719,1.00,2.50
2014.05.09 01:51:48.248,1.01714,1.01717,1.69,1.00
2014.05.09 01:51:51.300,1.01715,1.01718,1.25,2.25
2014.05.09 01:51:51.782,1.01717,1.01718,1.50,1.50
2014.05.09 01:51:51.985,1.01719,1.01722,1.25,1.00
2014.05.09 01:51:52.384,1.0172,1.01724,1.32,2.44
2014.05.09 01:51:52.637,1.01722,1.01724,1.19,1.00
2014.05.09 01:51:53.143,1.01722,1.01725,1.69,1.50
2014.05.09 01:51:53.497,1.01721,1.01723,1.25,2.63
2014.05.09 01:51:53.650,1.01718,1.01721,1.00,1.00
2014.05.09 01:51:53.703,1.01715,1.01719,3.57,2.50
2014.05.09 01:51:54.220,1.01716,1.01718,1.69,1.00
2014.05.09 01:51:55.493,1.01713,1.01717,3.75,2.50
2014.05.09 01:51:56.000,1.01711,1.01715,4.88,1.00
2014.05.09 01:51:56.713,1.01711,1.01714,4.13,1.00
2014.05.09 01:51:56.766,1.01711,1.01713,1.50,1.50
2014.05.09 01:51:57.324,1.01711,1.01714,1.88,2.50
2014.05.09 01:51:57.680,1.01712,1.01714,1.19,2.25
2014.05.09 01:51:59.212,1.01713,1.01715,1.25,1.00
2014.05.09 01:51:59.993,1.01713,1.01714,1.25,1.00
2014.05.09 01:52:00.634,1.01713,1.01715,1.25,1.00
2014.05.09 01:52:01.139,1.01713,1.01714,1.25,1.00
2014.05.09 01:52:01.644,1.01712,1.01714,1.25,1.50
2014.05.09 01:52:02.728,1.01712,1.01715,2.44,1.00
2014.05.09 01:52:04.615,1.01713,1.01716,1.69,1.00
2014.05.09 01:52:05.121,1.01714,1.01718,1.50,2.44
2014.05.09 01:52:05.729,1.01714,1.01718,2.44,1.69
2014.05.09 01:52:09.686,1.01714,1.01718,2.44,1.50
2014.05.09 01:52:10.685,1.01714,1.01718,1.69,2.44
2014.05.09 01:52:18.057,1.01715,1.01718,1.00,2.44
2014.05.09 01:52:20.138,1.01715,1.01718,2.07,1.50
2014.05.09 01:52:24.743,1.01715,1.01719,2.44,1.50
2014.05.09 01:52:29.169,1.01715,1.01719,2.44,1.69
2014.05.09 01:52:32.361,1.01715,1.01718,2.44,1.00
2014.05.09 01:52:34.136,1.01715,1.01719,1.69,2.82
2014.05.09 01:52:34.655,1.01715,1.01719,1.50,4.32
2014.05.09 01:52:38.852,1.01715,1.01717,1.00,1.00
2014.05.09 01:52:39.403,1.01714,1.01716,1.25,1.00
2014.05.09 01:52:40.221,1.01712,1.01716,3.19,1.00
2014.05.09 01:52:40.652,1.01711,1.01714,1.69,1.00
2014.05.09 01:52:40.855,1.01708,1.01712,3.19,1.00
2014.05.09 01:52:40.957,1.01707,1.0171,2.25,1.50
2014.05.09 01:52:41.260,1.01708,1.0171,1.69,1.50
2014.05.09 01:52:41.311,1.01708,1.01712,3.19,1.50
2014.05.09 01:52:42.343,1.01709,1.01712,1.19,1.00
2014.05.09 01:52:43.132,1.01709,1.01712,1.69,1.00
2014.05.09 01:52:43.334,1.01709,1.0171,1.00,1.00
2014.05.09 01:52:43.485,1.01706,1.01709,1.00,1.00
2014.05.09 01:52:44.932,1.01705,1.01707,1.00,1.00
2014.05.09 01:52:45.034,1.01704,1.01706,1.25,1.00
2014.05.09 01:52:45.592,1.01704,1.01707,1.25,1.50
2014.05.09 01:52:47.551,1.01704,1.01706,1.25,1.00
2014.05.09 01:52:48.056,1.01705,1.01707,1.00,1.50
2014.05.09 01:52:49.017,1.01706,1.01707,1.00,1.00
2014.05.09 01:52:49.550,1.01707,1.01709,1.00,1.69
2014.05.09 01:52:49.651,1.01704,1.01707,1.69,1.00
2014.05.09 01:52:50.664,1.01706,1.01709,1.00,1.69
2014.05.09 01:52:51.074,1.01707,1.01709,1.00,1.00
2014.05.09 01:52:51.125,1.01708,1.0171,1.00,1.00
2014.05.09 01:52:51.329,1.0171,1.01711,1.00,1.00
2014.05.09 01:52:51.532,1.01711,1.01715,2.44,1.69
2014.05.09 01:52:51.748,1.01713,1.01716,1.00,3.57
2014.05.09 01:52:52.254,1.01712,1.01716,1.00,2.82
2014.05.09 01:52:52.759,1.01712,1.01716,1.69,1.25
2014.05.09 01:52:54.084,1.01712,1.01715,1.25,1.00
2014.05.09 01:52:59.480,1.01711,1.01715,1.69,2.44
2014.05.09 01:53:03.466,1.01711,1.01714,1.69,1.00
2014.05.09 01:53:03.975,1.01711,1.01715,1.69,2.44
2014.05.09 01:53:05.544,1.01711,1.01715,1.69,2.25
2014.05.09 01:53:07.505,1.01711,1.01715,1.69,2.44
2014.05.09 01:53:09.550,1.01711,1.01715,1.69,2.25
2014.05.09 01:53:10.657,1.01711,1.01714,1.69,1.00
2014.05.09 01:53:11.541,1.01711,1.01714,1.69,1.00
2014.05.09 01:53:12.941,1.01712,1.01714,1.00,1.00
2014.05.09 01:53:16.583,1.01712,1.01714,2.44,1.00
2014.05.09 01:53:16.892,1.01714,1.01717,1.25,1.50
2014.05.09 01:53:17.398,1.01714,1.01718,3.19,1.00
2014.05.09 01:53:19.045,1.01714,1.01718,3.19,1.00
2014.05.09 01:53:22.000,1.01716,1.01719,1.00,2.44
2014.05.09 01:53:22.304,1.0172,1.01722,2.50,1.00
2014.05.09 01:53:22.761,1.01717,1.01721,3.19,1.00
2014.05.09 01:53:22.913,1.01717,1.01719,2.44,1.00
2014.05.09 01:53:23.418,1.01716,1.01719,1.25,1.50
2014.05.09 01:53:23.973,1.01715,1.01719,1.69,1.50
2014.05.09 01:53:26.210,1.01717,1.01719,1.00,1.00
2014.05.09 01:53:26.717,1.01717,1.0172,1.50,2.44
2014.05.09 01:53:27.120,1.01719,1.01721,1.50,1.50
2014.05.09 01:53:27.171,1.01719,1.01723,2.25,1.88
2014.05.09 01:53:27.720,1.01721,1.01723,1.00,1.00
2014.05.09 01:53:27.922,1.01722,1.01725,1.00,2.07
2014.05.09 01:53:28.333,1.01724,1.01727,1.00,1.69
2014.05.09 01:53:28.386,1.01724,1.01727,1.00,1.25
2014.05.09 01:53:32.432,1.01723,1.01727,3.19,1.25
2014.05.09 01:53:33.510,1.01724,1.01727,1.00,1.25
2014.05.09 01:53:34.016,1.01727,1.01728,1.00,1.00
2014.05.09 01:53:34.369,1.01727,1.0173,1.00,3.19
2014.05.09 01:53:34.470,1.0173,1.01731,1.00,1.50
2014.05.09 01:53:34.622,1.01731,1.01733,1.00,1.00
2014.05.09 01:53:34.673,1.01731,1.01735,1.00,3.19
2014.05.09 01:53:35.718,1.01732,1.01735,1.00,2.44
2014.05.09 01:53:36.223,1.01731,1.01735,2.44,1.69
2014.05.09 01:53:36.427,1.01733,1.01736,1.00,1.25
2014.05.09 01:53:37.215,1.01735,1.01737,1.00,1.69
2014.05.09 01:53:37.720,1.01735,1.01737,1.00,1.25
2014.05.09 01:53:38.787,1.01734,1.01737,1.00,1.25
2014.05.09 01:53:40.881,1.01734,1.01736,1.00,1.25
2014.05.09 01:53:41.455,1.01733,1.01736,1.50,1.25
2014.05.09 01:53:41.964,1.01733,1.01737,1.69,3.19
2014.05.09 01:53:42.623,1.01733,1.01736,1.69,1.00
2014.05.09 01:53:42.932,1.01733,1.01734,1.25,1.50
2014.05.09 01:53:43.439,1.01731,1.01733,1.19,1.00
2014.05.09 01:53:43.490,1.0173,1.01732,1.00,1.00
2014.05.09 01:53:44.045,1.0173,1.01733,1.00,1.69
2014.05.09 01:53:44.298,1.01732,1.01733,1.25,1.50
2014.05.09 01:53:44.601,1.01732,1.01735,1.25,4.50
2014.05.09 01:53:45.106,1.01732,1.01734,1.25,1.00
2014.05.09 01:53:45.656,1.01731,1.01735,2.44,1.69
2014.05.09 01:53:45.972,1.01731,1.01733,1.00,1.00
2014.05.09 01:53:46.276,1.01728,1.01731,1.69,1.50
2014.05.09 01:53:47.111,1.01727,1.01728,1.00,1.50
2014.05.09 01:53:47.212,1.01725,1.01728,1.00,1.50
2014.05.09 01:53:47.719,1.01724,1.01728,3.19,1.00
2014.05.09 01:53:48.224,1.01724,1.01728,3.19,1.00
2014.05.09 01:53:49.093,1.01724,1.01728,3.19,1.25
2014.05.09 01:53:50.121,1.01724,1.01728,3.19,1.00
2014.05.09 01:53:57.364,1.01724,1.01727,2.44,1.00
2014.05.09 01:53:57.870,1.01724,1.01726,1.25,1.00
2014.05.09 01:53:58.990,1.01724,1.01728,1.25,3.19
2014.05.09 01:54:00.779,1.01724,1.01728,1.00,3.19
2014.05.09 01:54:02.207,1.01723,1.01726,2.44,1.00
2014.05.09 01:54:04.234,1.01723,1.01724,1.69,1.00
2014.05.09 01:54:04.537,1.0172,1.01723,1.50,1.00
2014.05.09 01:54:04.639,1.0172,1.01722,2.25,1.00
2014.05.09 01:54:05.160,1.01721,1.01722,1.25,1.00
2014.05.09 01:54:05.312,1.01718,1.01722,2.25,1.50
2014.05.09 01:54:05.566,1.01716,1.0172,4.69,1.00
2014.05.09 01:54:06.269,1.01717,1.0172,1.19,1.00
2014.05.09 01:54:09.517,1.01719,1.01721,1.25,1.00
2014.05.09 01:54:09.669,1.0172,1.01723,1.00,2.85
2014.05.09 01:54:10.616,1.0172,1.01723,1.69,1.50
2014.05.09 01:54:13.940,1.0172,1.01723,1.00,2.44
2014.05.09 01:54:14.041,1.01718,1.01721,1.50,1.25
2014.05.09 01:54:14.546,1.01717,1.0172,1.25,1.50
2014.05.09 01:54:21.028,1.01716,1.0172,2.44,1.69
2014.05.09 01:54:27.065,1.01716,1.0172,2.44,2.25
2014.05.09 01:54:27.608,1.01718,1.0172,1.00,2.25
2014.05.09 01:54:28.185,1.01716,1.0172,1.69,3.00
2014.05.09 01:54:30.824,1.01716,1.01719,1.69,1.00
2014.05.09 01:54:31.349,1.01716,1.01719,1.25,1.50
2014.05.09 01:54:32.972,1.01716,1.0172,1.25,3.94
2014.05.09 01:54:34.005,1.01716,1.0172,1.69,2.25
2014.05.09 01:54:34.798,1.01716,1.01719,1.19,1.00
2014.05.09 01:54:35.325,1.01718,1.01719,1.00,1.00
2014.05.09 01:54:35.858,1.01717,1.01719,1.25,1.00
2014.05.09 01:54:40.946,1.01716,1.01719,1.69,1.00
2014.05.09 01:54:41.986,1.01716,1.01719,1.69,1.00
2014.05.09 01:54:44.954,1.01716,1.01719,1.69,1.00
2014.05.09 01:54:47.985,1.01716,1.01719,1.69,1.00
2014.05.09 01:54:48.401,1.01715,1.01719,3.19,1.69
2014.05.09 01:54:48.704,1.01715,1.01717,1.25,1.00
2014.05.09 01:54:49.315,1.01714,1.01717,1.69,1.00
2014.05.09 01:54:51.167,1.01715,1.01717,1.00,1.00
2014.05.09 01:54:51.319,1.01717,1.01719,2.44,1.00
2014.05.09 01:54:51.825,1.01718,1.0172,1.00,1.00
2014.05.09 01:54:51.876,1.01719,1.01722,1.00,1.50
2014.05.09 01:54:51.977,1.01721,1.01722,1.00,1.00
2014.05.09 01:54:52.482,1.0172,1.01722,1.69,1.00
2014.05.09 01:54:54.752,1.0172,1.01723,3.19,1.50
2014.05.09 01:54:55.055,1.01719,1.0172,1.50,1.00
2014.05.09 01:54:55.156,1.01717,1.0172,1.00,1.00
2014.05.09 01:54:56.281,1.01716,1.0172,1.69,3.19
2014.05.09 01:54:56.814,1.01716,1.01719,1.69,1.00
2014.05.09 01:54:57.680,1.01716,1.0172,1.69,3.94
2014.05.09 01:54:58.220,1.01716,1.01719,1.25,1.00
2014.05.09 01:55:00.074,1.01716,1.01718,1.25,1.00
2014.05.09 01:55:01.124,1.01717,1.0172,1.00,3.19
2014.05.09 01:55:01.791,1.01718,1.0172,1.00,1.50
2014.05.09 01:55:06.187,1.01718,1.01721,1.25,1.00
2014.05.09 01:55:06.288,1.0172,1.01722,1.00,1.50
2014.05.09 01:55:06.793,1.01722,1.01724,1.00,2.25
2014.05.09 01:55:10.904,1.01722,1.01723,1.25,1.00
2014.05.09 01:55:15.818,1.01722,1.01724,1.19,2.25
2014.05.09 01:55:16.822,1.01722,1.01723,1.25,1.00
2014.05.09 01:55:17.747,1.0172,1.01724,1.50,2.50
2014.05.09 01:55:19.328,1.01717,1.0172,2.44,1.00
2014.05.09 01:55:19.430,1.01717,1.01721,2.44,2.25
2014.05.09 01:55:19.532,1.01717,1.0172,1.69,1.00
2014.05.09 01:55:20.059,1.01718,1.01719,1.00,1.00
2014.05.09 01:55:20.922,1.01716,1.01719,2.44,1.00
2014.05.09 01:55:21.560,1.01716,1.01719,2.44,1.00
2014.05.09 01:55:24.160,1.01718,1.01719,1.00,1.00
2014.05.09 01:55:24.262,1.01718,1.01722,2.25,1.50
2014.05.09 01:55:24.364,1.0172,1.01722,1.25,1.50
2014.05.09 01:55:24.667,1.01721,1.01723,1.00,1.50
2014.05.09 01:55:26.562,1.01721,1.01722,1.25,1.50
2014.05.09 01:55:31.599,1.0172,1.01722,1.19,1.00
2014.05.09 01:55:32.143,1.01722,1.01723,1.00,1.00
2014.05.09 01:55:32.817,1.01721,1.01723,1.25,1.00
2014.05.09 01:55:35.384,1.01721,1.01723,1.19,1.00
2014.05.09 01:55:40.104,1.01722,1.01724,2.44,1.00
2014.05.09 01:55:40.413,1.01723,1.01726,1.00,1.25
2014.05.09 01:55:40.919,1.01724,1.01725,1.00,1.00
2014.05.09 01:55:43.686,1.01723,1.01725,1.00,1.00
2014.05.09 01:55:43.737,1.01724,1.01727,1.38,1.50
2014.05.09 01:55:43.889,1.01728,1.0173,2.25,1.50
2014.05.09 01:55:44.040,1.01729,1.01732,1.00,2.44
2014.05.09 01:55:44.545,1.01728,1.01732,1.50,3.19
2014.05.09 01:55:46.009,1.01729,1.01732,1.50,2.44
2014.05.09 01:55:46.111,1.01731,1.01734,1.00,1.50
2014.05.09 01:55:46.615,1.01731,1.01735,1.69,2.44
2014.05.09 01:55:47.131,1.01732,1.01735,1.69,1.00
2014.05.09 01:55:47.785,1.01731,1.01732,1.00,1.00
2014.05.09 01:55:47.988,1.01731,1.01734,1.00,1.69
2014.05.09 01:55:48.089,1.01732,1.01734,1.00,1.00
2014.05.09 01:55:48.544,1.01734,1.01736,1.00,1.69
2014.05.09 01:55:50.398,1.01732,1.01736,2.44,1.50
2014.05.09 01:55:51.487,1.01732,1.01736,1.69,2.44
2014.05.09 01:55:55.274,1.01732,1.01734,1.69,1.00
2014.05.09 01:55:55.989,1.01732,1.01734,1.00,1.50
2014.05.09 01:55:58.502,1.01731,1.01734,3.19,1.50
2014.05.09 01:55:59.009,1.01732,1.01734,1.00,1.50
2014.05.09 01:56:00.337,1.0173,1.01734,2.25,1.50
2014.05.09 01:56:01.300,1.0173,1.01733,1.69,1.00
2014.05.09 01:56:01.503,1.0173,1.01731,1.00,1.25
2014.05.09 01:56:01.604,1.01727,1.0173,3.19,1.00
2014.05.09 01:56:02.111,1.01727,1.0173,2.44,1.00
2014.05.09 01:56:02.620,1.01727,1.01729,1.69,1.00
2014.05.09 01:56:05.997,1.01729,1.0173,1.00,1.00
2014.05.09 01:56:07.635,1.01727,1.01729,1.25,1.00
2014.05.09 01:56:14.006,1.01726,1.01729,1.69,1.00
2014.05.09 01:56:22.122,1.01726,1.01729,1.69,1.00
2014.05.09 01:56:23.118,1.01726,1.01729,1.00,1.00
2014.05.09 01:56:23.169,1.01725,1.01726,1.50,1.00
2014.05.09 01:56:23.271,1.01723,1.01725,1.50,1.00
2014.05.09 01:56:23.574,1.01721,1.01724,2.25,1.00
2014.05.09 01:56:23.867,1.01719,1.01723,1.69,1.50
2014.05.09 01:56:23.968,1.01721,1.01723,1.50,1.00
2014.05.09 01:56:24.272,1.01723,1.01724,1.00,1.50
2014.05.09 01:56:24.424,1.01721,1.01724,1.69,1.00
2014.05.09 01:56:25.333,1.01721,1.01724,3.94,1.00
2014.05.09 01:56:26.008,1.01721,1.01723,1.69,1.00
2014.05.09 01:56:26.210,1.0172,1.01723,1.50,1.50
2014.05.09 01:56:26.412,1.01719,1.01721,1.00,1.00
2014.05.09 01:56:27.018,1.01719,1.01723,1.25,3.94
2014.05.09 01:56:27.119,1.01719,1.01721,1.25,1.00
2014.05.09 01:56:27.675,1.01719,1.01723,2.44,2.44
2014.05.09 01:56:28.129,1.0172,1.01723,1.69,1.50
2014.05.09 01:56:31.701,1.01721,1.01724,1.69,1.00
2014.05.09 01:56:32.005,1.01725,1.01727,1.00,1.00
2014.05.09 01:56:32.308,1.01727,1.0173,3.38,1.00
2014.05.09 01:56:32.613,1.01729,1.01731,1.69,1.00
2014.05.09 01:56:35.758,1.01729,1.01731,1.50,1.00
2014.05.09 01:56:35.859,1.01729,1.01733,3.00,1.00
2014.05.09 01:56:36.368,1.01731,1.01733,1.00,1.00
2014.05.09 01:56:37.536,1.01729,1.01733,1.69,3.19
2014.05.09 01:56:38.041,1.01729,1.01732,1.25,1.00
2014.05.09 01:56:39.719,1.01729,1.01733,2.25,1.50
2014.05.09 01:56:39.770,1.0173,1.01733,1.19,1.50
2014.05.09 01:56:41.202,1.01729,1.01733,1.50,2.25
2014.05.09 01:56:41.303,1.01728,1.01731,1.25,1.00
2014.05.09 01:56:43.780,1.01727,1.0173,1.25,1.00
2014.05.09 01:56:44.284,1.01728,1.01731,1.69,1.00
2014.05.09 01:56:52.010,1.01728,1.0173,1.00,1.00
2014.05.09 01:56:52.552,1.01728,1.01731,1.25,1.00
2014.05.09 01:56:56.432,1.01729,1.01731,1.19,1.00
2014.05.09 01:56:57.639,1.01728,1.01731,1.69,1.00
2014.05.09 01:56:59.874,1.01728,1.01731,1.69,1.00
2014.05.09 01:57:00.965,1.01729,1.01731,1.25,1.00
2014.05.09 01:57:01.066,1.01727,1.0173,1.50,1.00
2014.05.09 01:57:01.570,1.01728,1.01731,1.69,1.00
2014.05.09 01:57:02.117,1.01728,1.01732,2.44,2.44
2014.05.09 01:57:04.378,1.01729,1.01732,1.25,2.25
2014.05.09 01:57:04.944,1.01729,1.01731,1.25,1.00
2014.05.09 01:57:15.831,1.01728,1.01731,1.69,1.50
2014.05.09 01:57:18.480,1.01728,1.01731,1.69,1.00
2014.05.09 01:57:21.757,1.01728,1.01731,1.69,1.00
2014.05.09 01:57:23.450,1.01729,1.01731,1.25,1.00
2014.05.09 01:57:25.655,1.01729,1.01731,1.19,1.00
2014.05.09 01:57:26.009,1.01731,1.01733,1.25,2.25
2014.05.09 01:57:28.264,1.0173,1.01733,2.44,1.00
2014.05.09 01:57:31.203,1.0173,1.01733,2.44,1.00
2014.05.09 01:57:35.231,1.0173,1.01732,1.00,1.00
2014.05.09 01:57:35.332,1.01728,1.01732,2.44,1.00
2014.05.09 01:57:36.216,1.01728,1.01732,3.19,1.00
2014.05.09 01:57:41.242,1.01728,1.01732,2.44,1.69
2014.05.09 01:57:41.372,1.01728,1.01732,2.82,1.69
2014.05.09 01:57:42.048,1.01728,1.01732,2.82,1.69
2014.05.09 01:57:47.634,1.01728,1.01732,2.44,1.69
2014.05.09 01:57:47.937,1.01728,1.01732,2.82,1.69
2014.05.09 01:57:54.791,1.01728,1.01732,2.82,1.50
2014.05.09 01:58:01.511,1.01728,1.01732,2.44,1.69
2014.05.09 01:58:03.820,1.01729,1.01732,1.69,1.50
2014.05.09 01:58:04.357,1.0173,1.01732,1.00,1.00
2014.05.09 01:58:06.861,1.01731,1.01733,1.00,1.00
2014.05.09 01:58:07.113,1.01732,1.01735,1.25,1.50
2014.05.09 01:58:07.265,1.01732,1.01733,1.25,1.00
2014.05.09 01:58:07.568,1.0173,1.01731,1.00,1.00
2014.05.09 01:58:09.025,1.01731,1.01732,1.00,1.00
2014.05.09 01:58:12.575,1.01729,1.01731,1.69,1.00
2014.05.09 01:58:13.044,1.01731,1.01734,1.00,1.50
2014.05.09 01:58:13.551,1.01732,1.01734,1.25,1.00
2014.05.09 01:58:13.705,1.01734,1.01735,1.00,1.50
2014.05.09 01:58:13.957,1.01735,1.01737,1.00,1.00
2014.05.09 01:58:15.140,1.01734,1.01737,2.44,1.00
2014.05.09 01:58:17.000,1.01736,1.01737,1.00,1.00
2014.05.09 01:58:17.101,1.01737,1.01739,2.10,1.00
2014.05.09 01:58:17.455,1.01738,1.01741,1.25,1.50
2014.05.09 01:58:19.066,1.01739,1.01742,1.00,1.25
2014.05.09 01:58:19.879,1.0174,1.01743,1.00,2.44
2014.05.09 01:58:20.382,1.01739,1.01743,2.25,3.19
2014.05.09 01:58:20.892,1.01739,1.01743,3.19,1.69
2014.05.09 01:58:20.943,1.0174,1.01742,1.00,1.00
2014.05.09 01:58:21.197,1.01742,1.01745,1.25,1.88
2014.05.09 01:58:21.702,1.01743,1.01745,1.00,1.88
2014.05.09 01:58:22.751,1.01743,1.01746,1.50,2.44
2014.05.09 01:58:24.013,1.01743,1.01745,1.50,1.00
2014.05.09 01:58:24.716,1.01744,1.01747,1.00,2.44
2014.05.09 01:58:25.070,1.01746,1.01748,1.13,1.50
2014.05.09 01:58:26.581,1.01746,1.01749,1.13,1.69
2014.05.09 01:58:26.884,1.01746,1.01747,1.13,1.00
2014.05.09 01:58:27.633,1.01746,1.01748,1.13,1.00
2014.05.09 01:58:29.337,1.01745,1.01748,2.07,1.50
2014.05.09 01:58:32.807,1.01746,1.01748,1.00,1.00
2014.05.09 01:58:33.110,1.01745,1.01747,2.07,1.00
2014.05.09 01:58:43.672,1.01745,1.01746,1.25,1.50
2014.05.09 01:58:43.987,1.01743,1.01746,1.00,2.50
2014.05.09 01:58:44.191,1.0174,1.01744,1.00,2.50
2014.05.09 01:58:44.650,1.01742,1.01743,1.69,1.00
2014.05.09 01:58:46.349,1.0174,1.01743,3.94,1.00
2014.05.09 01:58:46.856,1.01741,1.01742,1.00,1.50
2014.05.09 01:58:47.361,1.01741,1.01743,1.00,1.00
2014.05.09 01:58:47.868,1.0174,1.01743,1.50,1.00
2014.05.09 01:58:56.399,1.01742,1.01743,1.25,1.00
2014.05.09 01:58:56.903,1.01741,1.01743,1.00,1.00
2014.05.09 01:59:00.079,1.01742,1.01744,2.44,1.00
2014.05.09 01:59:01.919,1.01743,1.01745,1.00,1.00
2014.05.09 01:59:02.953,1.01743,1.01745,1.00,1.50
2014.05.09 01:59:03.788,1.01743,1.01744,1.25,1.00
2014.05.09 01:59:07.683,1.01743,1.01745,1.25,2.25
2014.05.09 01:59:07.986,1.01742,1.01743,1.25,1.00
2014.05.09 01:59:08.087,1.01741,1.01745,2.44,2.44
2014.05.09 01:59:08.744,1.01741,1.01743,2.44,1.00
2014.05.09 01:59:09.248,1.01741,1.01744,1.25,1.00
2014.05.09 01:59:10.363,1.0174,1.01743,2.44,1.00
2014.05.09 01:59:11.159,1.0174,1.01742,1.25,1.00
2014.05.09 01:59:26.598,1.01738,1.0174,2.44,1.00
2014.05.09 01:59:26.750,1.01736,1.01739,1.25,1.00
2014.05.09 01:59:27.255,1.01736,1.01738,1.25,1.00
2014.05.09 01:59:27.996,1.01735,1.01738,1.69,1.50
2014.05.09 01:59:28.525,1.01735,1.01737,1.25,1.00
2014.05.09 01:59:32.800,1.01735,1.01737,1.69,1.00
2014.05.09 01:59:33.304,1.01736,1.01738,1.19,1.00
2014.05.09 01:59:34.093,1.01737,1.01739,1.00,1.50
2014.05.09 01:59:34.247,1.01738,1.0174,1.25,1.00
2014.05.09 01:59:34.477,1.01739,1.01743,1.25,3.38
2014.05.09 01:59:34.630,1.0174,1.01743,1.19,3.00
2014.05.09 01:59:36.303,1.01739,1.01743,1.69,2.63
2014.05.09 01:59:42.029,1.01739,1.01743,2.44,1.69
2014.05.09 01:59:43.950,1.01739,1.01743,2.44,1.50
2014.05.09 01:59:46.321,1.01739,1.01743,2.44,1.69
2014.05.09 01:59:46.626,1.01736,1.0174,1.69,1.50
2014.05.09 01:59:46.930,1.01738,1.0174,1.00,1.00
2014.05.09 01:59:48.761,1.01739,1.01742,1.25,1.50
2014.05.09 01:59:48.862,1.01741,1.01742,1.00,1.00
2014.05.09 01:59:49.369,1.01742,1.01743,1.00,1.00
2014.05.09 01:59:49.873,1.01742,1.01743,1.00,1.00
2014.05.09 01:59:50.406,1.01741,1.01744,1.69,1.00
2014.05.09 01:59:50.910,1.0174,1.01743,2.44,1.00
2014.05.09 01:59:54.378,1.01741,1.01743,1.00,1.69
2014.05.09 01:59:56.111,1.01741,1.01743,2.44,1.00
2014.05.09 01:59:56.213,1.01742,1.01746,2.44,2.25
