2011.02.01 05:00:14.561,0.819,0.81911,3.75,2.63
2011.02.01 05:00:20.356,0.81899,0.8191,3.75,1.13
2011.02.01 05:00:37.300,0.819,0.8191,3.75,1.13
2011.02.01 05:00:46.319,0.81901,0.81911,3.75,3.38
2011.02.01 05:00:59.546,0.819,0.8191,3.75,1.13
2011.02.01 05:01:00.449,0.819,0.81911,3.75,2.25
2011.02.01 05:01:12.826,0.81899,0.81911,3.75,2.25
2011.02.01 05:01:13.875,0.81901,0.81911,3.75,2.25
2011.02.01 05:01:17.777,0.81899,0.81911,3.75,3.75
2011.02.01 05:01:18.329,0.81895,0.81907,6.19,1.13
2011.02.01 05:01:18.680,0.81895,0.81905,4.69,1.50
2011.02.01 05:01:18.921,0.8189,0.81903,3.75,3.00
2011.02.01 05:01:19.150,0.8189,0.81901,1.50,1.50
2011.02.01 05:01:19.677,0.81891,0.81903,4.69,1.88
2011.02.01 05:01:21.227,0.81891,0.81903,3.94,1.88
2011.02.01 05:01:26.207,0.81892,0.81902,3.75,1.13
2011.02.01 05:01:28.807,0.8189,0.81903,4.69,1.88
2011.02.01 05:01:32.107,0.81892,0.81903,3.75,1.88
2011.02.01 05:01:32.850,0.81891,0.81903,3.94,1.88
2011.02.01 05:01:35.881,0.81892,0.81903,3.75,1.13
2011.02.01 05:01:39.049,0.81893,0.81906,1.69,5.63
2011.02.01 05:01:39.751,0.81896,0.81906,3.75,1.50
2011.02.01 05:01:39.978,0.81893,0.81904,5.25,1.13
2011.02.01 05:01:46.847,0.81892,0.81906,3.94,4.88
2011.02.01 05:01:50.466,0.81893,0.81906,3.75,1.13
2011.02.01 05:01:51.047,0.81893,0.81906,3.75,1.13
2011.02.01 05:01:53.575,0.81891,0.81903,3.75,1.50
2011.02.01 05:01:56.461,0.81891,0.81901,3.75,4.88
2011.02.01 05:01:57.047,0.81873,0.81885,3.96,2.25
2011.02.01 05:01:57.169,0.81868,0.81882,4.53,3.75
2011.02.01 05:01:57.284,0.81868,0.81882,4.50,4.64
2011.02.01 05:01:57.865,0.81867,0.81881,4.69,4.50
2011.02.01 05:01:59.030,0.81866,0.81878,4.50,3.94
2011.02.01 05:01:59.262,0.81865,0.8188,3.75,3.19
2011.02.01 05:01:59.380,0.81865,0.8188,6.19,3.00
2011.02.01 05:01:59.500,0.81866,0.8188,1.69,1.13
2011.02.01 05:02:00.058,0.81866,0.8188,1.69,5.25
2011.02.01 05:02:00.173,0.81864,0.81876,4.50,1.13
2011.02.01 05:02:00.405,0.81864,0.81873,3.75,1.73
2011.02.01 05:02:00.833,0.81858,0.81872,4.50,7.32
2011.02.01 05:02:03.140,0.81861,0.81871,3.75,1.88
2011.02.01 05:02:03.697,0.8186,0.81871,3.75,1.88
2011.02.01 05:02:04.029,0.81862,0.81871,3.75,1.88
2011.02.01 05:02:04.592,0.81861,0.81872,3.75,2.07
2011.02.01 05:02:04.821,0.81861,0.81872,3.75,1.69
2011.02.01 05:02:05.377,0.8186,0.81872,4.50,1.69
2011.02.01 05:02:08.637,0.81859,0.81872,1.50,6.19
2011.02.01 05:02:09.186,0.8186,0.81872,1.50,6.19
2011.02.01 05:02:09.521,0.81858,0.81872,3.00,6.19
2011.02.01 05:02:10.108,0.81859,0.81871,1.50,3.75
2011.02.01 05:02:10.438,0.8186,0.81871,1.50,3.75
2011.02.01 05:02:10.991,0.81862,0.81872,1.50,5.25
2011.02.01 05:02:11.599,0.81864,0.81875,1.50,1.50
2011.02.01 05:02:12.845,0.81862,0.81875,5.25,2.25
2011.02.01 05:02:15.205,0.8186,0.81871,4.50,1.50
2011.02.01 05:02:15.323,0.8186,0.81871,4.50,1.50
2011.02.01 05:02:15.769,0.81857,0.81871,3.00,2.25
2011.02.01 05:02:16.321,0.81856,0.81866,3.94,1.54
2011.02.01 05:02:16.674,0.81855,0.81868,1.50,4.54
2011.02.01 05:02:17.227,0.81854,0.81867,4.50,1.54
2011.02.01 05:02:18.467,0.81853,0.81865,3.00,3.75
2011.02.01 05:02:19.238,0.8185,0.8186,2.25,1.69
2011.02.01 05:02:19.822,0.81841,0.81846,1.65,2.25
2011.02.01 05:02:19.949,0.8183,0.81837,1.65,2.03
2011.02.01 05:02:20.063,0.8183,0.81837,1.50,2.03
2011.02.01 05:02:20.670,0.81829,0.81837,2.25,5.78
2011.02.01 05:02:20.933,0.81823,0.81835,1.95,1.50
2011.02.01 05:02:21.609,0.81822,0.81835,1.50,1.50
2011.02.01 05:02:22.279,0.81822,0.81833,1.50,3.75
2011.02.01 05:02:22.764,0.8182,0.81833,1.50,3.75
2011.02.01 05:02:23.103,0.8182,0.81824,3.00,1.50
2011.02.01 05:02:23.225,0.81814,0.81822,4.50,1.50
2011.02.01 05:02:23.342,0.81812,0.81822,1.50,1.50
2011.02.01 05:02:23.666,0.81809,0.81821,5.70,1.50
2011.02.01 05:02:24.122,0.81807,0.81821,1.69,5.25
2011.02.01 05:02:24.919,0.81807,0.81821,3.45,6.00
2011.02.01 05:02:25.306,0.81805,0.81817,1.50,3.75
2011.02.01 05:02:25.730,0.818,0.81815,4.13,3.75
2011.02.01 05:02:26.451,0.81799,0.8181,2.17,3.75
2011.02.01 05:02:26.849,0.81795,0.81804,1.50,1.50
2011.02.01 05:02:26.963,0.81793,0.81805,3.45,3.79
2011.02.01 05:02:27.192,0.81789,0.81803,5.70,5.25
2011.02.01 05:02:27.555,0.81791,0.81802,1.50,3.19
2011.02.01 05:02:28.158,0.81789,0.81802,3.45,3.19
2011.02.01 05:02:28.379,0.8179,0.81801,3.45,1.32
2011.02.01 05:02:28.488,0.8179,0.81802,3.45,3.19
2011.02.01 05:02:28.709,0.8179,0.81802,4.20,1.50
2011.02.01 05:02:29.037,0.81793,0.81804,3.45,1.50
2011.02.01 05:02:29.153,0.81796,0.81807,2.44,5.25
2011.02.01 05:02:29.526,0.81796,0.8181,5.97,4.50
2011.02.01 05:02:29.861,0.81796,0.8181,5.22,4.50
2011.02.01 05:02:30.225,0.81796,0.81807,4.68,1.50
2011.02.01 05:02:30.559,0.81797,0.81806,1.15,1.50
2011.02.01 05:02:31.219,0.81794,0.81806,3.00,1.50
2011.02.01 05:02:31.438,0.81794,0.81809,3.00,4.69
2011.02.01 05:02:31.823,0.81796,0.8181,8.78,4.50
2011.02.01 05:02:32.159,0.81798,0.81812,3.53,5.25
2011.02.01 05:02:32.742,0.81799,0.81812,3.60,4.50
2011.02.01 05:02:33.187,0.81799,0.81812,3.60,3.75
2011.02.01 05:02:33.849,0.818,0.81812,3.60,2.25
2011.02.01 05:02:34.182,0.81806,0.81812,1.50,2.25
2011.02.01 05:02:34.541,0.81801,0.81812,4.35,2.44
2011.02.01 05:02:35.015,0.81806,0.81815,2.25,5.25
2011.02.01 05:02:35.135,0.81807,0.81817,4.54,1.50
2011.02.01 05:02:35.254,0.81807,0.81817,3.60,1.50
2011.02.01 05:02:35.724,0.81802,0.81811,3.68,2.44
2011.02.01 05:02:35.845,0.818,0.81811,3.68,2.44
2011.02.01 05:02:36.071,0.81797,0.81811,6.12,6.19
2011.02.01 05:02:36.591,0.81799,0.8181,3.68,1.50
2011.02.01 05:02:37.150,0.81799,0.81812,3.68,4.69
2011.02.01 05:02:37.729,0.81797,0.81812,2.44,8.44
2011.02.01 05:02:38.388,0.818,0.81811,1.50,2.44
2011.02.01 05:02:38.860,0.81797,0.81811,3.90,3.75
2011.02.01 05:02:39.417,0.81797,0.81812,3.87,3.19
2011.02.01 05:02:39.640,0.81797,0.81809,3.87,2.25
2011.02.01 05:02:40.006,0.81797,0.81805,3.68,1.69
2011.02.01 05:02:40.129,0.81792,0.81806,2.25,3.75
2011.02.01 05:02:40.240,0.81792,0.81804,1.50,1.50
2011.02.01 05:02:41.003,0.81792,0.81802,1.50,1.50
2011.02.01 05:02:41.122,0.81789,0.81803,5.25,3.79
2011.02.01 05:02:42.235,0.8179,0.81803,1.69,2.29
2011.02.01 05:02:42.363,0.81789,0.81802,6.00,1.50
2011.02.01 05:02:43.728,0.81789,0.81803,1.69,2.48
2011.02.01 05:02:44.373,0.81788,0.81803,4.69,2.48
2011.02.01 05:02:44.740,0.81787,0.81798,1.69,3.75
2011.02.01 05:02:44.859,0.8179,0.81802,3.75,2.25
2011.02.01 05:02:45.079,0.81785,0.818,5.25,4.69
2011.02.01 05:02:45.189,0.81782,0.81794,2.44,1.50
2011.02.01 05:02:45.562,0.81778,0.81792,1.69,2.25
2011.02.01 05:02:45.683,0.81778,0.81792,1.69,4.50
2011.02.01 05:02:46.237,0.81778,0.81791,2.44,3.94
2011.02.01 05:02:48.107,0.81776,0.81789,4.69,3.75
2011.02.01 05:02:48.647,0.81778,0.81793,1.69,5.25
2011.02.01 05:02:48.979,0.81779,0.81791,3.94,3.38
2011.02.01 05:02:49.619,0.81779,0.81792,3.94,1.69
2011.02.01 05:02:51.876,0.81779,0.81793,4.58,5.25
2011.02.01 05:02:51.993,0.81779,0.81791,4.50,3.00
2011.02.01 05:02:52.328,0.81778,0.81793,6.19,3.94
2011.02.01 05:02:52.880,0.81778,0.81793,6.19,3.94
2011.02.01 05:02:54.029,0.81778,0.81793,8.44,3.94
2011.02.01 05:02:54.721,0.81778,0.81792,7.69,3.75
2011.02.01 05:02:54.844,0.81778,0.81791,6.19,7.88
2011.02.01 05:02:55.083,0.81775,0.81783,1.50,4.50
2011.02.01 05:02:55.203,0.8177,0.81783,1.50,4.50
2011.02.01 05:02:55.585,0.81768,0.81782,1.69,3.75
2011.02.01 05:02:56.454,0.81768,0.8178,1.69,3.75
2011.02.01 05:02:56.685,0.81762,0.81776,4.50,3.75
2011.02.01 05:02:56.998,0.81762,0.81776,4.54,3.75
2011.02.01 05:02:57.231,0.8176,0.81774,3.75,6.19
2011.02.01 05:02:57.807,0.81759,0.81773,3.75,4.50
2011.02.01 05:02:58.250,0.81759,0.81772,3.75,2.25
2011.02.01 05:02:58.834,0.81758,0.81768,1.50,4.50
2011.02.01 05:02:59.389,0.81758,0.81767,1.50,2.25
2011.02.01 05:02:59.500,0.81756,0.81767,1.50,2.25
2011.02.01 05:03:00.132,0.81756,0.81765,1.50,1.69
2011.02.01 05:03:00.252,0.8175,0.81765,3.81,3.19
2011.02.01 05:03:00.374,0.8175,0.81762,3.81,1.69
2011.02.01 05:03:00.820,0.81754,0.81764,1.69,2.25
2011.02.01 05:03:01.296,0.81758,0.8177,1.50,2.25
2011.02.01 05:03:02.452,0.81758,0.81772,1.69,4.50
2011.02.01 05:03:02.900,0.81762,0.81773,3.75,6.00
2011.02.01 05:03:03.416,0.81764,0.81774,3.94,2.25
2011.02.01 05:03:03.758,0.81758,0.81773,3.94,4.50
2011.02.01 05:03:03.870,0.81761,0.81769,3.75,1.50
2011.02.01 05:03:03.991,0.81757,0.81771,1.50,4.58
2011.02.01 05:03:04.712,0.81757,0.81773,3.19,2.25
2011.02.01 05:03:04.832,0.81761,0.81773,1.50,1.50
2011.02.01 05:03:04.953,0.81757,0.81774,5.25,3.00
2011.02.01 05:03:05.072,0.81757,0.81774,6.23,5.44
2011.02.01 05:03:05.496,0.81757,0.81771,5.29,1.50
2011.02.01 05:03:05.612,0.81757,0.81773,3.19,2.25
2011.02.01 05:03:05.950,0.81762,0.81773,3.75,2.25
2011.02.01 05:03:06.984,0.81761,0.81772,3.75,1.50
2011.02.01 05:03:07.319,0.81758,0.81771,4.69,1.50
2011.02.01 05:03:07.913,0.81758,0.81773,4.69,1.50
2011.02.01 05:03:08.580,0.81758,0.81771,4.50,2.44
2011.02.01 05:03:08.808,0.81757,0.81771,5.44,4.50
2011.02.01 05:03:09.132,0.81757,0.81771,4.69,5.25
2011.02.01 05:03:09.374,0.81757,0.8177,6.94,1.50
2011.02.01 05:03:09.928,0.81757,0.81772,6.94,1.50
2011.02.01 05:03:10.697,0.81757,0.81773,6.94,6.19
2011.02.01 05:03:11.029,0.81757,0.81773,6.19,6.94
2011.02.01 05:03:12.420,0.81762,0.81773,1.50,4.69
2011.02.01 05:03:12.863,0.81761,0.81776,3.00,4.50
2011.02.01 05:03:13.419,0.81763,0.81775,1.50,3.75
2011.02.01 05:03:14.001,0.81763,0.81776,1.50,3.75
2011.02.01 05:03:14.440,0.81763,0.81775,2.25,5.44
2011.02.01 05:03:14.805,0.81759,0.81774,6.23,1.69
2011.02.01 05:03:15.362,0.81762,0.81774,1.73,2.25
2011.02.01 05:03:15.746,0.81767,0.81777,4.69,1.50
2011.02.01 05:03:15.972,0.81767,0.81783,5.44,6.19
2011.02.01 05:03:16.850,0.81771,0.81784,3.75,4.69
2011.02.01 05:03:18.588,0.8177,0.8178,3.75,1.50
2011.02.01 05:03:18.920,0.81765,0.81777,4.50,1.50
2011.02.01 05:03:19.038,0.81769,0.81777,3.75,1.50
2011.02.01 05:03:19.577,0.81769,0.81778,3.75,2.25
2011.02.01 05:03:19.799,0.81767,0.81778,3.75,2.25
2011.02.01 05:03:20.129,0.81769,0.81778,3.75,2.25
2011.02.01 05:03:20.350,0.81765,0.81778,1.50,1.50
2011.02.01 05:03:20.581,0.81766,0.81782,5.44,3.75
2011.02.01 05:03:21.179,0.81768,0.81782,3.75,3.75
2011.02.01 05:03:21.510,0.81771,0.81783,3.75,1.69
2011.02.01 05:03:22.101,0.81772,0.81783,3.75,1.50
2011.02.01 05:03:22.699,0.81771,0.81783,3.75,1.50
2011.02.01 05:03:23.040,0.81773,0.81783,3.75,1.50
2011.02.01 05:03:23.542,0.81774,0.81783,4.50,1.50
2011.02.01 05:03:23.668,0.81776,0.8179,2.44,4.50
2011.02.01 05:03:24.220,0.81777,0.8179,1.73,4.50
2011.02.01 05:03:26.199,0.81778,0.81793,3.94,4.69
2011.02.01 05:03:29.146,0.8178,0.81793,3.75,3.19
2011.02.01 05:03:29.917,0.81776,0.8179,7.73,3.75
2011.02.01 05:03:31.337,0.8178,0.81793,3.75,2.44
2011.02.01 05:03:32.738,0.8178,0.81793,3.75,2.44
2011.02.01 05:03:34.867,0.81778,0.81794,4.69,3.94
2011.02.01 05:03:38.019,0.8178,0.81794,3.75,5.44
2011.02.01 05:03:38.788,0.81777,0.8179,1.09,3.75
2011.02.01 05:03:40.270,0.81782,0.81791,1.50,3.75
2011.02.01 05:03:40.391,0.81782,0.81793,1.50,3.75
2011.02.01 05:03:40.940,0.81781,0.81794,1.50,4.69
2011.02.01 05:03:41.393,0.81781,0.81794,2.44,3.75
2011.02.01 05:03:41.897,0.8178,0.81794,1.50,5.44
2011.02.01 05:03:42.696,0.81783,0.81793,5.25,6.00
2011.02.01 05:03:43.044,0.81783,0.81795,1.50,5.25
2011.02.01 05:03:43.160,0.81783,0.81797,1.50,3.75
2011.02.01 05:03:43.421,0.81783,0.81797,1.50,3.75
2011.02.01 05:03:45.109,0.81783,0.81797,2.25,3.75
2011.02.01 05:03:45.222,0.81786,0.818,5.25,5.29
2011.02.01 05:03:45.559,0.81787,0.818,1.69,6.00
2011.02.01 05:03:45.890,0.81787,0.81796,1.50,1.50
2011.02.01 05:03:46.121,0.81779,0.81794,6.75,2.25
2011.02.01 05:03:46.689,0.81779,0.81794,1.50,6.98
2011.02.01 05:03:47.350,0.81787,0.81794,1.69,1.50
2011.02.01 05:03:47.580,0.81787,0.818,1.69,5.25
2011.02.01 05:03:47.689,0.81786,0.818,4.50,7.50
2011.02.01 05:03:48.369,0.81787,0.818,1.50,7.50
2011.02.01 05:03:48.928,0.81787,0.818,3.19,1.50
2011.02.01 05:03:51.761,0.81789,0.818,5.25,1.50
2011.02.01 05:03:51.883,0.81792,0.81803,1.50,1.50
2011.02.01 05:03:52.218,0.81791,0.81806,1.73,5.25
2011.02.01 05:03:53.168,0.81792,0.81806,1.69,3.75
2011.02.01 05:03:53.827,0.81795,0.81806,1.50,3.75
2011.02.01 05:03:54.293,0.81797,0.81809,1.69,5.25
2011.02.01 05:03:55.190,0.81797,0.81807,2.44,1.05
2011.02.01 05:03:55.298,0.81797,0.81808,1.50,1.50
2011.02.01 05:03:55.410,0.81797,0.81804,1.50,3.75
2011.02.01 05:03:55.640,0.81797,0.81808,2.44,3.75
2011.02.01 05:03:56.680,0.81797,0.81808,3.19,5.25
2011.02.01 05:03:58.057,0.81797,0.81808,3.19,5.25
2011.02.01 05:04:03.686,0.81798,0.81811,3.94,1.50
2011.02.01 05:04:04.177,0.81798,0.81812,4.69,1.50
2011.02.01 05:04:04.400,0.81807,0.81819,1.69,6.00
2011.02.01 05:04:04.738,0.81807,0.8182,7.69,1.50
2011.02.01 05:04:05.322,0.81809,0.81823,2.44,5.25
2011.02.01 05:04:05.549,0.81811,0.81825,4.69,6.75
2011.02.01 05:04:05.664,0.81811,0.81823,1.50,4.50
2011.02.01 05:04:06.108,0.81808,0.81822,2.25,5.25
2011.02.01 05:04:06.218,0.81808,0.8182,2.25,1.50
2011.02.01 05:04:06.880,0.81808,0.81821,6.00,2.25
2011.02.01 05:04:07.870,0.81808,0.81823,2.25,9.19
2011.02.01 05:04:08.470,0.81808,0.81823,2.25,6.94
2011.02.01 05:04:08.809,0.81811,0.81823,1.50,2.25
2011.02.01 05:04:09.142,0.81809,0.81823,1.50,6.94
2011.02.01 05:04:09.718,0.81808,0.81822,3.75,1.69
2011.02.01 05:04:10.709,0.81808,0.81823,3.00,7.69
2011.02.01 05:04:11.118,0.8181,0.81823,6.19,1.50
2011.02.01 05:04:11.344,0.81811,0.81825,4.69,4.50
2011.02.01 05:04:11.940,0.81811,0.81826,1.69,4.50
2011.02.01 05:04:12.739,0.81811,0.81826,1.69,4.50
2011.02.01 05:04:13.404,0.8181,0.81826,6.94,5.25
2011.02.01 05:04:14.008,0.81809,0.81823,1.50,3.94
2011.02.01 05:04:14.668,0.81809,0.81823,1.50,3.94
2011.02.01 05:04:16.088,0.81809,0.81823,1.50,3.75
2011.02.01 05:04:16.648,0.81809,0.81824,1.50,7.69
2011.02.01 05:04:17.238,0.81809,0.81823,1.50,3.94
2011.02.01 05:04:18.527,0.81807,0.81821,3.19,3.94
2011.02.01 05:04:20.988,0.81807,0.81821,6.94,6.19
2011.02.01 05:04:21.648,0.81807,0.81821,6.94,5.44
2011.02.01 05:04:23.425,0.81807,0.81821,7.69,3.94
2011.02.01 05:04:25.526,0.81807,0.81822,6.94,3.19
2011.02.01 05:04:26.078,0.81808,0.8182,1.69,3.98
2011.02.01 05:04:27.436,0.81802,0.81811,6.00,1.69
2011.02.01 05:04:27.552,0.81798,0.81811,3.94,2.44
2011.02.01 05:04:28.219,0.81797,0.81811,2.44,2.44
2011.02.01 05:04:31.487,0.81797,0.81807,2.44,1.50
2011.02.01 05:04:31.825,0.81794,0.81803,1.50,1.69
2011.02.01 05:04:32.186,0.81788,0.81802,1.69,1.77
2011.02.01 05:04:32.864,0.81788,0.81799,1.69,1.73
2011.02.01 05:04:32.988,0.81782,0.81793,1.50,1.69
2011.02.01 05:04:33.211,0.81778,0.81792,7.69,5.44
2011.02.01 05:04:33.549,0.81778,0.81792,6.75,4.50
2011.02.01 05:04:33.881,0.81786,0.81799,6.94,1.54
2011.02.01 05:04:34.344,0.81782,0.81786,2.25,1.50
2011.02.01 05:04:34.465,0.81776,0.81786,3.75,1.73
2011.02.01 05:04:34.585,0.81776,0.81789,4.69,1.50
2011.02.01 05:04:34.700,0.81776,0.81786,4.69,1.50
2011.02.01 05:04:35.240,0.81778,0.81787,1.50,1.50
2011.02.01 05:04:35.589,0.81778,0.81792,5.44,7.69
2011.02.01 05:04:36.698,0.81778,0.81792,6.19,6.19
2011.02.01 05:04:39.938,0.81778,0.81784,2.25,1.69
2011.02.01 05:04:40.159,0.81771,0.81783,4.50,1.69
2011.02.01 05:04:40.710,0.81769,0.81783,5.25,4.69
2011.02.01 05:04:45.570,0.81772,0.81784,1.50,5.25
2011.02.01 05:04:46.022,0.8177,0.81784,1.50,7.69
2011.02.01 05:04:46.800,0.81769,0.81784,1.50,7.69
2011.02.01 05:04:47.358,0.81769,0.81782,1.50,3.94
2011.02.01 05:04:49.248,0.8177,0.81782,1.13,3.94
2011.02.01 05:04:50.537,0.81769,0.81782,1.50,3.94
2011.02.01 05:04:51.348,0.81771,0.81783,1.50,3.75
2011.02.01 05:04:51.462,0.81771,0.81786,1.50,6.75
2011.02.01 05:04:54.339,0.81771,0.81787,5.25,6.00
2011.02.01 05:04:54.890,0.81774,0.81788,3.75,4.50
2011.02.01 05:04:55.007,0.81774,0.81789,6.19,3.75
2011.02.01 05:04:55.568,0.81786,0.81792,1.50,3.00
2011.02.01 05:04:55.716,0.81802,0.81808,3.75,1.50
2011.02.01 05:04:55.832,0.81802,0.8181,3.75,1.50
2011.02.01 05:04:55.952,0.81802,0.81812,3.75,2.25
2011.02.01 05:04:56.071,0.81805,0.81812,3.75,1.50
2011.02.01 05:04:56.598,0.81805,0.81814,3.75,4.69
2011.02.01 05:04:56.708,0.818,0.81814,4.50,4.69
2011.02.01 05:04:57.377,0.818,0.81814,4.50,4.69
2011.02.01 05:04:58.149,0.818,0.81814,4.50,7.69
2011.02.01 05:05:06.867,0.81801,0.81814,3.75,2.44
2011.02.01 05:05:07.459,0.81802,0.81814,1.50,1.50
2011.02.01 05:05:08.018,0.81803,0.81816,4.50,2.25
2011.02.01 05:05:08.643,0.81805,0.81816,1.50,1.50
2011.02.01 05:05:08.869,0.81807,0.81822,1.69,6.00
2011.02.01 05:05:09.439,0.81808,0.81821,2.44,1.50
2011.02.01 05:05:10.738,0.81808,0.8182,2.44,3.75
2011.02.01 05:05:11.508,0.81808,0.81821,2.48,5.44
2011.02.01 05:05:14.770,0.81808,0.81819,2.44,3.75
2011.02.01 05:05:19.128,0.81808,0.81819,1.50,4.50
2011.02.01 05:05:19.574,0.81806,0.81816,2.25,3.75
2011.02.01 05:05:20.128,0.81806,0.81815,1.50,3.75
2011.02.01 05:05:20.798,0.81806,0.81816,1.50,3.75
2011.02.01 05:05:20.913,0.81806,0.81814,1.50,3.75
2011.02.01 05:05:21.029,0.81806,0.81816,1.50,3.75
2011.02.01 05:05:21.759,0.81806,0.81816,3.19,3.75
2011.02.01 05:05:21.869,0.81806,0.81819,3.19,6.04
2011.02.01 05:05:22.201,0.81805,0.81817,1.50,3.79
2011.02.01 05:05:22.581,0.81807,0.81816,1.50,5.25
2011.02.01 05:05:22.919,0.81805,0.81816,1.50,5.25
2011.02.01 05:05:24.139,0.81805,0.81816,1.50,5.25
2011.02.01 05:05:24.250,0.818,0.81814,4.50,1.69
2011.02.01 05:05:27.625,0.81798,0.81813,3.94,6.19
2011.02.01 05:05:28.118,0.81798,0.81813,7.69,2.44
2011.02.01 05:05:34.901,0.81798,0.8181,2.44,3.75
2011.02.01 05:05:39.414,0.81798,0.81808,1.69,3.75
2011.02.01 05:05:39.537,0.81798,0.81811,1.50,9.75
2011.02.01 05:05:39.650,0.81798,0.81811,1.50,9.04
2011.02.01 05:05:39.989,0.81798,0.81811,1.50,13.58
2011.02.01 05:05:40.639,0.81798,0.81811,1.50,13.58
2011.02.01 05:05:41.663,0.81798,0.8181,1.50,3.75
2011.02.01 05:05:42.328,0.81797,0.8181,1.69,3.75
2011.02.01 05:05:42.885,0.81797,0.8181,2.44,3.75
2011.02.01 05:05:43.969,0.81797,0.81808,2.44,1.50
2011.02.01 05:05:44.189,0.81791,0.81804,4.50,1.69
2011.02.01 05:05:44.900,0.81791,0.81804,5.25,3.19
2011.02.01 05:05:45.450,0.81789,0.81802,3.75,1.69
2011.02.01 05:05:51.141,0.81792,0.81803,4.50,2.25
2011.02.01 05:05:51.555,0.81793,0.81806,3.75,1.54
2011.02.01 05:05:52.108,0.81793,0.81807,4.50,2.29
2011.02.01 05:05:54.382,0.81794,0.81808,4.69,1.54
2011.02.01 05:05:54.612,0.81796,0.8181,3.75,6.23
2011.02.01 05:05:56.619,0.81796,0.81805,3.75,1.50
2011.02.01 05:05:57.043,0.81796,0.81803,3.75,2.44
2011.02.01 05:05:57.160,0.81793,0.81803,3.75,2.44
2011.02.01 05:05:57.602,0.81793,0.81806,3.75,1.54
2011.02.01 05:05:57.719,0.81796,0.81806,3.75,1.54
2011.02.01 05:05:58.402,0.81794,0.81806,3.75,1.50
2011.02.01 05:05:58.917,0.81791,0.81805,3.00,3.23
2011.02.01 05:05:59.360,0.81791,0.81806,2.44,8.25
2011.02.01 05:05:59.578,0.81791,0.81803,2.44,1.50
2011.02.01 05:06:00.148,0.81791,0.81803,2.25,2.44
2011.02.01 05:06:00.480,0.81796,0.81806,1.69,3.75
2011.02.01 05:06:00.700,0.81797,0.81809,2.44,1.50
2011.02.01 05:06:00.928,0.81799,0.81812,3.75,2.25
2011.02.01 05:06:02.863,0.81801,0.81812,3.75,1.69
2011.02.01 05:06:03.417,0.81801,0.81814,4.50,3.19
2011.02.01 05:06:10.686,0.818,0.8181,1.50,3.75
2011.02.01 05:06:11.219,0.81799,0.8181,1.50,3.75
2011.02.01 05:06:11.438,0.81799,0.81812,1.50,3.94
2011.02.01 05:06:11.988,0.818,0.81812,1.50,3.94
2011.02.01 05:06:13.128,0.818,0.8181,1.50,3.75
2011.02.01 05:06:13.677,0.818,0.81811,1.50,3.75
2011.02.01 05:06:14.009,0.81799,0.81809,1.50,3.75
2011.02.01 05:06:14.687,0.81799,0.8181,1.50,3.75
2011.02.01 05:06:15.293,0.81798,0.8181,1.50,3.75
2011.02.01 05:06:16.398,0.81797,0.8181,1.69,3.75
2011.02.01 05:06:17.249,0.81797,0.81809,1.50,1.69
2011.02.01 05:06:17.799,0.81797,0.8181,2.25,3.75
2011.02.01 05:06:18.349,0.81801,0.81812,3.75,1.50
2011.02.01 05:06:21.497,0.81798,0.81812,5.25,6.19
2011.02.01 05:06:22.288,0.81798,0.81812,6.00,6.19
2011.02.01 05:06:24.078,0.818,0.81812,3.75,1.69
2011.02.01 05:06:25.648,0.818,0.81812,3.75,1.69
2011.02.01 05:06:27.307,0.81798,0.81813,8.48,2.44
2011.02.01 05:06:29.378,0.81798,0.81813,8.89,2.44
2011.02.01 05:06:32.887,0.81798,0.81812,8.14,1.50
2011.02.01 05:06:35.118,0.818,0.81813,2.25,2.44
2011.02.01 05:06:35.957,0.81799,0.81813,6.75,6.00
2011.02.01 05:06:36.509,0.81801,0.81813,1.50,6.19
2011.02.01 05:06:37.321,0.81804,0.81813,1.50,1.50
2011.02.01 05:06:37.664,0.81801,0.81814,4.50,1.69
2011.02.01 05:06:38.033,0.81802,0.81817,4.50,4.58
2011.02.01 05:06:38.370,0.81801,0.81814,5.25,1.69
2011.02.01 05:06:41.549,0.81807,0.81815,1.69,3.79
2011.02.01 05:06:41.666,0.81808,0.81821,4.69,3.00
2011.02.01 05:06:41.889,0.81809,0.81822,5.25,1.50
2011.02.01 05:06:43.467,0.81812,0.81821,1.50,1.50
2011.02.01 05:06:43.811,0.81809,0.81823,4.69,3.19
2011.02.01 05:06:43.927,0.81811,0.81822,2.44,3.75
2011.02.01 05:06:44.260,0.81811,0.81826,2.44,4.50
2011.02.01 05:06:44.864,0.81816,0.81828,4.50,1.54
2011.02.01 05:06:44.985,0.81814,0.81826,2.25,4.50
2011.02.01 05:06:45.589,0.81815,0.81827,1.50,4.50
2011.02.01 05:06:45.813,0.81815,0.81825,2.44,3.75
2011.02.01 05:06:46.308,0.81815,0.8183,7.69,2.25
2011.02.01 05:06:49.470,0.81818,0.81831,4.69,2.25
2011.02.01 05:06:51.110,0.81817,0.8183,3.19,3.75
2011.02.01 05:06:51.661,0.81817,0.81829,2.44,4.50
2011.02.01 05:06:51.780,0.81817,0.81826,1.69,1.50
2011.02.01 05:06:52.246,0.81817,0.81827,1.69,3.75
2011.02.01 05:06:52.469,0.81817,0.81825,3.19,3.75
2011.02.01 05:06:56.709,0.81817,0.81825,1.50,4.50
2011.02.01 05:06:57.054,0.81815,0.81824,3.00,3.75
2011.02.01 05:07:00.000,0.81815,0.81824,2.44,3.75
2011.02.01 05:07:00.112,0.81815,0.81828,3.19,3.79
2011.02.01 05:07:02.202,0.81817,0.81829,2.44,5.25
2011.02.01 05:07:02.948,0.81817,0.81829,3.19,1.50
2011.02.01 05:07:04.306,0.81817,0.81831,9.19,6.00
2011.02.01 05:07:04.650,0.81821,0.81831,1.50,3.75
2011.02.01 05:07:06.292,0.81821,0.81831,1.50,5.33
2011.02.01 05:07:06.798,0.81817,0.8183,3.00,4.50
2011.02.01 05:07:08.559,0.81817,0.81832,3.94,6.00
2011.02.01 05:07:08.672,0.81826,0.81832,1.69,3.75
2011.02.01 05:07:09.071,0.81826,0.81836,1.69,2.25
2011.02.01 05:07:11.385,0.81827,0.81836,1.69,1.88
2011.02.01 05:07:11.504,0.81827,0.81838,1.69,3.75
2011.02.01 05:07:12.184,0.81826,0.81838,3.19,3.75
2011.02.01 05:07:12.300,0.81826,0.8184,6.94,4.50
2011.02.01 05:07:13.085,0.81827,0.81841,5.44,3.75
2011.02.01 05:07:17.449,0.81826,0.81841,3.94,4.50
2011.02.01 05:07:18.800,0.81826,0.81839,3.94,1.50
2011.02.01 05:07:19.134,0.81826,0.81837,5.25,1.54
2011.02.01 05:07:19.361,0.81824,0.81834,3.00,3.75
2011.02.01 05:07:19.593,0.81824,0.81835,1.50,1.50
2011.02.01 05:07:19.964,0.81824,0.81837,3.75,2.48
2011.02.01 05:07:20.192,0.81822,0.81833,2.44,4.50
2011.02.01 05:07:20.529,0.81816,0.81826,2.25,1.50
2011.02.01 05:07:21.899,0.81815,0.81826,3.75,1.50
2011.02.01 05:07:22.441,0.8181,0.81822,6.00,3.00
2011.02.01 05:07:22.555,0.81811,0.81822,4.69,1.50
2011.02.01 05:07:22.671,0.81811,0.81824,4.69,2.25
2011.02.01 05:07:24.355,0.81815,0.81825,2.44,2.25
2011.02.01 05:07:24.581,0.81818,0.81829,3.75,2.29
2011.02.01 05:07:24.810,0.81817,0.81826,1.69,1.50
2011.02.01 05:07:25.272,0.81815,0.81826,3.75,1.50
2011.02.01 05:07:26.051,0.81815,0.81829,5.44,7.54
2011.02.01 05:07:26.843,0.81817,0.81827,3.75,2.25
2011.02.01 05:07:27.399,0.81816,0.81827,1.50,2.25
2011.02.01 05:07:30.228,0.81815,0.81827,3.75,2.25
2011.02.01 05:07:32.490,0.81815,0.81827,3.75,1.50
2011.02.01 05:07:32.821,0.81814,0.81826,3.75,1.50
2011.02.01 05:07:33.271,0.81814,0.81829,3.19,7.54
2011.02.01 05:07:33.389,0.81818,0.81829,3.75,1.50
2011.02.01 05:07:33.779,0.81818,0.81827,3.75,2.25
2011.02.01 05:07:33.892,0.81814,0.81827,3.75,2.25
2011.02.01 05:07:37.079,0.81813,0.81827,3.75,6.00
2011.02.01 05:07:37.465,0.81812,0.81825,1.50,2.25
2011.02.01 05:07:48.585,0.81812,0.81823,1.50,1.50
2011.02.01 05:07:48.825,0.81809,0.8182,4.50,2.25
2011.02.01 05:07:48.942,0.81807,0.81821,5.25,2.25
2011.02.01 05:07:49.171,0.81809,0.81821,3.75,2.25
2011.02.01 05:07:50.081,0.8181,0.81821,3.75,2.25
2011.02.01 05:07:50.189,0.81807,0.81821,6.94,2.25
2011.02.01 05:07:50.770,0.81807,0.81821,7.69,2.25
2011.02.01 05:07:52.210,0.81807,0.81821,5.44,1.69
2011.02.01 05:07:54.379,0.81809,0.81821,3.75,1.69
2011.02.01 05:07:54.804,0.81806,0.81817,7.69,1.50
2011.02.01 05:07:54.923,0.81806,0.81815,1.50,4.50
2011.02.01 05:07:55.479,0.81803,0.81817,2.25,2.25
2011.02.01 05:07:59.959,0.81802,0.81813,4.50,3.75
2011.02.01 05:08:01.460,0.81802,0.81817,4.50,5.25
2011.02.01 05:08:02.102,0.81802,0.81816,3.00,1.73
2011.02.01 05:08:02.661,0.81802,0.81813,3.00,3.75
2011.02.01 05:08:02.781,0.818,0.81811,3.00,1.50
2011.02.01 05:08:02.901,0.81799,0.81811,1.50,1.50
2011.02.01 05:08:04.225,0.818,0.81812,3.00,3.75
2011.02.01 05:08:04.450,0.81802,0.81814,2.44,4.50
2011.02.01 05:08:05.219,0.81802,0.81814,1.69,4.50
2011.02.01 05:08:05.550,0.81801,0.81811,1.69,1.50
2011.02.01 05:08:05.844,0.81799,0.81811,2.25,1.50
2011.02.01 05:08:07.184,0.81801,0.81813,1.69,5.25
2011.02.01 05:08:07.528,0.81802,0.81814,1.50,4.50
2011.02.01 05:08:07.861,0.81805,0.81814,2.44,3.75
2011.02.01 05:08:07.979,0.81805,0.81817,2.44,3.75
2011.02.01 05:08:09.611,0.81807,0.81817,1.69,3.75
2011.02.01 05:08:10.290,0.81807,0.8182,1.69,5.25
2011.02.01 05:08:11.597,0.81807,0.8182,1.69,5.25
2011.02.01 05:08:13.378,0.81807,0.81816,1.69,3.75
2011.02.01 05:08:19.378,0.81807,0.81819,1.69,4.50
2011.02.01 05:08:33.009,0.81807,0.81817,1.69,1.50
2011.02.01 05:08:33.793,0.81804,0.81817,1.50,5.25
2011.02.01 05:08:33.915,0.81804,0.81812,1.50,1.50
2011.02.01 05:08:34.140,0.81801,0.81812,3.75,1.69
2011.02.01 05:08:36.320,0.81801,0.81814,7.69,1.54
2011.02.01 05:08:36.868,0.81802,0.81815,4.69,2.25
2011.02.01 05:08:38.057,0.81802,0.81814,6.00,1.50
2011.02.01 05:08:38.612,0.81802,0.81815,6.00,2.25
2011.02.01 05:08:39.190,0.81803,0.81815,1.50,1.50
2011.02.01 05:08:40.489,0.81803,0.81816,1.50,4.54
2011.02.01 05:08:44.874,0.81802,0.81816,4.50,4.54
2011.02.01 05:08:47.759,0.81805,0.81817,3.75,3.79
2011.02.01 05:08:49.518,0.81803,0.81811,4.50,1.50
2011.02.01 05:08:49.745,0.818,0.8181,4.50,1.50
2011.02.01 05:08:50.340,0.81798,0.8181,4.50,1.50
2011.02.01 05:08:52.308,0.818,0.81811,3.75,2.25
2011.02.01 05:08:59.068,0.818,0.81813,5.25,4.69
2011.02.01 05:08:59.541,0.81801,0.81814,5.25,1.50
2011.02.01 05:09:00.110,0.81801,0.81814,4.69,1.50
2011.02.01 05:09:00.440,0.81805,0.81816,4.50,2.97
2011.02.01 05:09:00.982,0.81805,0.81817,4.69,1.73
2011.02.01 05:09:01.320,0.81806,0.81817,1.69,1.73
2011.02.01 05:09:02.738,0.81806,0.81817,1.69,1.73
2011.02.01 05:09:04.451,0.81805,0.81816,1.50,1.50
2011.02.01 05:09:04.790,0.81803,0.81814,1.50,3.75
2011.02.01 05:09:05.077,0.81802,0.81814,1.50,4.69
2011.02.01 05:09:05.193,0.81798,0.81812,4.50,1.69
2011.02.01 05:09:06.081,0.81798,0.81811,4.50,1.50
2011.02.01 05:09:07.950,0.81798,0.81812,5.25,3.19
2011.02.01 05:09:10.261,0.81798,0.81811,4.69,10.13
2011.02.01 05:09:15.325,0.8179,0.81803,3.75,1.73
2011.02.01 05:09:15.549,0.8179,0.81799,1.50,3.75
2011.02.01 05:09:16.003,0.8179,0.81797,1.50,3.75
2011.02.01 05:09:16.128,0.81787,0.81798,3.19,3.75
2011.02.01 05:09:16.571,0.81787,0.81795,3.19,3.75
2011.02.01 05:09:16.932,0.81787,0.81797,3.19,3.75
2011.02.01 05:09:17.850,0.81787,0.81797,3.19,4.50
2011.02.01 05:09:19.400,0.81787,0.81795,1.50,4.50
2011.02.01 05:09:21.328,0.81787,0.81796,2.44,5.25
2011.02.01 05:09:22.119,0.81787,0.81796,1.69,5.25
2011.02.01 05:09:22.451,0.81784,0.81794,1.50,6.08
2011.02.01 05:09:22.561,0.8178,0.81791,1.50,1.50
2011.02.01 05:09:22.790,0.81777,0.81791,1.50,1.54
2011.02.01 05:09:22.900,0.8178,0.81789,1.50,3.75
2011.02.01 05:09:23.014,0.81777,0.81788,1.50,3.75
2011.02.01 05:09:23.589,0.81777,0.81791,1.69,1.73
2011.02.01 05:09:24.562,0.81777,0.81791,6.19,5.44
2011.02.01 05:09:27.266,0.81776,0.81789,8.25,1.50
2011.02.01 05:09:27.384,0.81776,0.81789,6.75,1.54
2011.02.01 05:09:27.724,0.81776,0.81786,1.50,1.50
2011.02.01 05:09:28.294,0.81775,0.81786,1.50,1.50
2011.02.01 05:09:30.313,0.8177,0.81781,2.25,1.50
2011.02.01 05:09:30.431,0.8177,0.81781,2.25,1.50
2011.02.01 05:09:31.123,0.81771,0.81781,1.50,1.50
2011.02.01 05:09:32.069,0.81769,0.81781,6.00,1.69
2011.02.01 05:09:36.551,0.81776,0.81783,1.69,1.50
2011.02.01 05:09:36.771,0.81776,0.81789,5.44,1.54
2011.02.01 05:09:37.412,0.81777,0.8179,2.44,6.00
2011.02.01 05:09:37.640,0.81777,0.8179,3.19,4.50
2011.02.01 05:09:38.306,0.81777,0.81786,2.25,1.50
2011.02.01 05:09:38.860,0.81771,0.81782,5.25,2.44
2011.02.01 05:09:38.972,0.8177,0.81782,6.75,2.44
2011.02.01 05:09:39.532,0.81768,0.81782,1.50,2.44
2011.02.01 05:09:42.489,0.81767,0.81781,6.19,4.69
2011.02.01 05:09:45.178,0.81768,0.81782,3.75,6.19
2011.02.01 05:09:48.629,0.81768,0.8178,3.75,1.50
2011.02.01 05:09:48.959,0.81773,0.81781,3.75,2.33
2011.02.01 05:09:49.299,0.81773,0.81783,5.25,1.50
2011.02.01 05:09:49.419,0.81774,0.81786,3.00,1.50
2011.02.01 05:09:50.224,0.81771,0.81786,5.44,1.50
2011.02.01 05:09:51.363,0.81771,0.81787,6.19,5.29
2011.02.01 05:09:51.706,0.81774,0.81786,1.50,1.50
2011.02.01 05:09:52.294,0.81773,0.81786,1.50,6.00
2011.02.01 05:09:55.853,0.81772,0.81786,5.25,6.00
2011.02.01 05:09:55.968,0.81775,0.81789,5.25,2.48
2011.02.01 05:09:56.081,0.81775,0.81786,3.75,1.50
2011.02.01 05:09:56.202,0.81771,0.81785,7.69,4.50
2011.02.01 05:09:56.775,0.81773,0.81784,1.50,1.50
2011.02.01 05:09:56.887,0.81769,0.81781,2.25,1.50
2011.02.01 05:09:59.255,0.81768,0.81781,6.19,1.50
2011.02.01 05:10:01.999,0.81767,0.81779,4.69,1.50
2011.02.01 05:10:04.659,0.81768,0.81779,3.75,1.50
2011.02.01 05:10:05.371,0.81767,0.81779,4.69,1.50
2011.02.01 05:10:06.140,0.81767,0.81776,5.25,1.50
2011.02.01 05:10:06.752,0.81766,0.81776,3.75,1.50
2011.02.01 05:10:07.309,0.81767,0.81776,3.75,1.50
2011.02.01 05:10:08.586,0.81766,0.81776,3.75,2.25
2011.02.01 05:10:08.932,0.81764,0.81771,3.75,1.50
2011.02.01 05:10:09.050,0.81762,0.81771,3.75,1.50
2011.02.01 05:10:10.461,0.81763,0.81771,3.75,1.50
2011.02.01 05:10:13.438,0.81761,0.81771,5.25,1.69
2011.02.01 05:10:13.551,0.81762,0.81773,1.50,1.50
2011.02.01 05:10:13.779,0.81764,0.81773,3.75,1.50
2011.02.01 05:10:14.349,0.81764,0.81776,3.75,3.75
2011.02.01 05:10:15.430,0.81764,0.81771,3.75,1.50
2011.02.01 05:10:15.652,0.81761,0.81776,1.69,7.50
2011.02.01 05:10:16.161,0.81763,0.81776,3.75,1.50
2011.02.01 05:10:16.271,0.81763,0.81772,1.50,1.50
2011.02.01 05:10:16.381,0.81764,0.81775,4.50,1.69
2011.02.01 05:10:16.938,0.81764,0.81774,3.75,2.25
2011.02.01 05:10:17.731,0.81764,0.81774,4.50,2.25
2011.02.01 05:10:18.182,0.81764,0.81772,4.50,1.50
2011.02.01 05:10:18.741,0.81761,0.81772,4.50,1.50
2011.02.01 05:10:18.969,0.81761,0.81774,5.25,2.44
2011.02.01 05:10:19.419,0.81765,0.81774,1.69,1.50
2011.02.01 05:10:19.538,0.81766,0.8178,5.44,6.00
2011.02.01 05:10:20.529,0.81766,0.8178,5.48,6.00
2011.02.01 05:10:22.671,0.81767,0.81779,1.69,1.50
2011.02.01 05:10:23.182,0.81767,0.81779,1.69,1.50
2011.02.01 05:10:29.828,0.81767,0.8178,1.69,1.50
2011.02.01 05:10:33.588,0.81767,0.81781,5.44,5.44
2011.02.01 05:10:34.171,0.81768,0.81782,4.69,3.19
2011.02.01 05:10:34.392,0.81777,0.81784,1.69,5.25
2011.02.01 05:10:34.513,0.81777,0.81787,1.69,1.50
2011.02.01 05:10:34.851,0.81778,0.81791,4.69,1.69
2011.02.01 05:10:35.407,0.81779,0.81791,3.75,1.69
2011.02.01 05:10:36.069,0.81777,0.81792,5.44,4.69
2011.02.01 05:10:37.140,0.8178,0.81792,1.69,1.50
2011.02.01 05:10:37.250,0.81781,0.81793,4.69,3.00
2011.02.01 05:10:37.658,0.81786,0.81795,4.69,1.50
2011.02.01 05:10:37.774,0.81783,0.81796,1.50,5.25
2011.02.01 05:10:38.329,0.81783,0.81794,2.25,1.50
2011.02.01 05:10:38.784,0.81777,0.81793,7.50,6.19
2011.02.01 05:10:40.980,0.81777,0.81791,7.69,1.50
2011.02.01 05:10:43.895,0.81781,0.81794,1.50,7.50
2011.02.01 05:10:44.233,0.81778,0.81792,3.75,1.50
2011.02.01 05:10:44.571,0.81777,0.81785,1.50,6.19
2011.02.01 05:10:44.794,0.81777,0.81788,1.50,3.75
2011.02.01 05:10:45.148,0.81775,0.81786,5.44,1.50
2011.02.01 05:10:45.261,0.81775,0.8179,6.19,3.00
2011.02.01 05:10:45.373,0.81775,0.81787,5.25,1.50
2011.02.01 05:10:45.929,0.81776,0.81787,3.75,1.50
2011.02.01 05:10:47.809,0.81775,0.81787,4.50,1.50
2011.02.01 05:10:53.147,0.81775,0.81787,5.44,1.50
2011.02.01 05:10:53.260,0.81778,0.81789,3.75,3.04
2011.02.01 05:10:53.701,0.81778,0.8179,3.75,1.50
2011.02.01 05:10:54.249,0.81778,0.8179,3.75,2.25
2011.02.01 05:10:59.143,0.81778,0.81792,4.69,7.69
2011.02.01 05:11:05.451,0.81785,0.81793,1.50,7.05
2011.02.01 05:11:05.897,0.81784,0.81795,1.50,1.50
2011.02.01 05:11:06.017,0.81779,0.81793,3.75,1.69
2011.02.01 05:11:06.133,0.81779,0.81793,5.44,2.25
2011.02.01 05:11:06.471,0.81781,0.81793,4.69,1.50
2011.02.01 05:11:06.940,0.81781,0.81796,4.69,3.04
2011.02.01 05:11:08.143,0.81794,0.818,1.50,11.67
2011.02.01 05:11:08.601,0.81798,0.81811,3.75,13.50
2011.02.01 05:11:08.720,0.81801,0.81811,4.50,2.25
2011.02.01 05:11:08.832,0.81801,0.81813,4.50,3.94
2011.02.01 05:11:09.427,0.81801,0.81815,5.25,6.94
2011.02.01 05:11:09.871,0.81803,0.81815,1.50,6.00
2011.02.01 05:11:10.640,0.81802,0.81815,1.50,4.50
2011.02.01 05:11:10.753,0.81805,0.81816,3.75,2.25
2011.02.01 05:11:11.312,0.81804,0.81817,3.75,3.00
2011.02.01 05:11:12.343,0.81802,0.81811,3.75,1.50
2011.02.01 05:11:13.736,0.81801,0.81811,3.75,1.50
2011.02.01 05:11:14.739,0.81798,0.81811,2.45,1.69
2011.02.01 05:11:16.352,0.81797,0.81807,1.51,2.25
2011.02.01 05:11:17.540,0.81793,0.81807,7.54,5.25
2011.02.01 05:11:18.141,0.81793,0.81807,7.54,5.25
2011.02.01 05:11:18.249,0.81795,0.81807,2.26,3.75
2011.02.01 05:11:18.799,0.81798,0.8181,1.70,2.25
2011.02.01 05:11:19.020,0.81797,0.8181,3.94,1.50
2011.02.01 05:11:20.419,0.81797,0.8181,3.94,1.50
2011.02.01 05:11:21.239,0.81797,0.81811,4.69,5.25
2011.02.01 05:11:24.710,0.81797,0.8181,3.94,1.50
2011.02.01 05:11:30.321,0.81796,0.8181,7.69,4.50
2011.02.01 05:11:31.319,0.81796,0.8181,7.73,1.50
2011.02.01 05:11:34.828,0.81797,0.8181,6.19,1.50
2011.02.01 05:11:37.718,0.81798,0.81812,1.50,1.69
2011.02.01 05:11:41.192,0.81797,0.8181,5.44,1.50
2011.02.01 05:11:41.748,0.81797,0.81809,1.69,1.50
2011.02.01 05:11:43.023,0.81797,0.8181,1.69,1.50
2011.02.01 05:11:43.579,0.81796,0.8181,9.23,2.25
2011.02.01 05:11:45.353,0.81796,0.81806,8.44,1.50
2011.02.01 05:11:45.910,0.81798,0.81806,3.75,1.50
2011.02.01 05:11:46.470,0.81796,0.81806,1.50,1.50
2011.02.01 05:11:46.909,0.81796,0.81809,1.50,5.29
2011.02.01 05:11:47.910,0.81797,0.8181,5.25,1.50
2011.02.01 05:11:48.258,0.81799,0.8181,1.50,7.69
2011.02.01 05:11:48.810,0.81796,0.8181,1.50,3.19
2011.02.01 05:11:54.031,0.81798,0.81811,1.50,4.50
2011.02.01 05:11:56.466,0.81798,0.8181,5.25,1.50
2011.02.01 05:11:56.805,0.818,0.8181,3.75,1.50
2011.02.01 05:11:56.923,0.81798,0.8181,1.50,1.50
2011.02.01 05:11:59.738,0.81797,0.81808,6.94,1.50
2011.02.01 05:12:14.495,0.81799,0.81808,1.50,1.50
2011.02.01 05:12:15.049,0.81796,0.81808,6.75,1.50
2011.02.01 05:12:26.051,0.81797,0.81808,6.19,1.50
2011.02.01 05:12:26.592,0.81796,0.81808,2.25,1.50
2011.02.01 05:12:31.979,0.81796,0.81805,4.50,1.50
2011.02.01 05:12:32.090,0.81794,0.81805,2.25,2.44
2011.02.01 05:12:32.813,0.81792,0.81802,1.50,1.69
2011.02.01 05:12:33.959,0.81792,0.81803,1.50,2.29
2011.02.01 05:12:34.745,0.81792,0.81802,1.50,1.69
2011.02.01 05:12:35.312,0.81792,0.81803,1.50,3.23
2011.02.01 05:12:44.988,0.81795,0.81803,3.19,1.50
2011.02.01 05:12:45.103,0.81796,0.81807,5.44,1.50
2011.02.01 05:12:45.223,0.81798,0.81811,4.50,2.25
2011.02.01 05:12:45.341,0.81798,0.81808,4.50,2.25
2011.02.01 05:12:45.880,0.81792,0.81802,1.50,1.69
2011.02.01 05:12:47.470,0.81794,0.81804,3.00,2.44
2011.02.01 05:12:47.748,0.81797,0.81804,1.69,1.50
2011.02.01 05:12:47.867,0.81797,0.8181,1.69,1.50
2011.02.01 05:12:48.421,0.81798,0.81811,4.69,1.69
2011.02.01 05:12:50.229,0.81798,0.81812,5.44,6.19
2011.02.01 05:12:53.360,0.818,0.81812,5.25,1.69
2011.02.01 05:12:53.772,0.818,0.81812,3.75,1.69
2011.02.01 05:12:54.329,0.81798,0.81812,1.69,2.44
2011.02.01 05:13:07.499,0.81797,0.8181,5.44,1.50
2011.02.01 05:13:11.753,0.81798,0.8181,4.69,2.25
2011.02.01 05:13:16.118,0.81798,0.81806,3.75,1.50
2011.02.01 05:13:16.247,0.81796,0.81806,2.25,1.50
2011.02.01 05:13:18.540,0.81797,0.81808,1.69,3.75
2011.02.01 05:13:19.088,0.81797,0.81809,5.44,1.50
2011.02.01 05:13:20.239,0.81796,0.81809,6.19,1.50
2011.02.01 05:13:20.971,0.81797,0.81809,1.69,1.50
2011.02.01 05:13:24.565,0.81798,0.81809,5.44,1.50
2011.02.01 05:13:25.123,0.81798,0.81811,5.44,1.50
2011.02.01 05:13:28.041,0.81799,0.81812,1.69,7.50
2011.02.01 05:13:28.345,0.81802,0.81812,1.50,7.50
2011.02.01 05:13:28.582,0.81804,0.81816,5.44,2.70
2011.02.01 05:13:28.700,0.81802,0.81816,6.00,6.45
2011.02.01 05:13:29.355,0.81803,0.81814,1.50,4.50
2011.02.01 05:13:29.476,0.818,0.81812,5.25,1.50
2011.02.01 05:13:31.580,0.818,0.81813,1.41,4.50
2011.02.01 05:13:31.801,0.81801,0.81814,1.50,6.75
2011.02.01 05:13:32.349,0.81801,0.81815,5.25,5.25
2011.02.01 05:13:32.862,0.81801,0.81815,5.25,5.25
2011.02.01 05:13:37.471,0.818,0.81812,4.50,1.50
2011.02.01 05:13:38.019,0.81799,0.81811,1.50,4.50
2011.02.01 05:13:39.820,0.81801,0.81811,1.50,3.94
2011.02.01 05:13:40.369,0.81801,0.81814,2.25,2.25
2011.02.01 05:13:53.619,0.81801,0.81814,1.69,5.25
2011.02.01 05:13:55.829,0.81801,0.81812,1.73,3.75
2011.02.01 05:14:00.091,0.81799,0.81811,1.54,1.50
2011.02.01 05:14:00.310,0.81799,0.81811,1.50,3.75
2011.02.01 05:14:01.670,0.81802,0.81813,1.69,3.75
2011.02.01 05:14:02.221,0.81806,0.81815,1.69,4.50
2011.02.01 05:14:02.341,0.81806,0.81816,1.69,2.93
2011.02.01 05:14:02.736,0.81806,0.81816,1.50,4.50
2011.02.01 05:14:02.852,0.81806,0.81816,1.50,4.50
2011.02.01 05:14:03.384,0.81803,0.81811,3.00,3.75
2011.02.01 05:14:08.619,0.81802,0.81813,2.25,3.75
2011.02.01 05:14:08.729,0.81802,0.81811,2.25,3.75
2011.02.01 05:14:15.521,0.81805,0.81814,1.50,4.50
2011.02.01 05:14:15.633,0.81804,0.81811,4.69,3.75
2011.02.01 05:14:16.111,0.81806,0.8182,8.48,5.25
2011.02.01 05:14:16.796,0.81807,0.8182,3.94,1.50
2011.02.01 05:14:17.790,0.81807,0.8182,4.69,1.50
2011.02.01 05:14:18.500,0.81806,0.8182,6.23,5.25
2011.02.01 05:14:29.419,0.81807,0.81819,1.69,1.50
2011.02.01 05:14:52.250,0.81807,0.8182,2.44,1.50
2011.02.01 05:14:55.400,0.81809,0.81821,4.50,1.50
2011.02.01 05:14:56.952,0.8181,0.81823,6.94,2.25
2011.02.01 05:14:57.072,0.81813,0.81824,1.50,3.00
2011.02.01 05:14:57.196,0.81815,0.81825,1.69,1.50
2011.02.01 05:14:57.312,0.81815,0.81826,1.69,3.75
2011.02.01 05:14:57.895,0.81817,0.8183,2.25,1.50
2011.02.01 05:14:58.121,0.81818,0.81831,1.69,2.25
2011.02.01 05:15:04.951,0.81818,0.81826,4.50,1.50
2011.02.01 05:15:05.173,0.81816,0.81826,4.50,1.69
2011.02.01 05:15:05.292,0.81816,0.8183,1.50,6.19
2011.02.01 05:15:05.849,0.81817,0.8183,5.44,1.50
2011.02.01 05:15:06.661,0.81816,0.8183,8.48,7.50
2011.02.01 05:15:08.019,0.81817,0.81827,1.50,4.50
2011.02.01 05:15:08.242,0.81818,0.8183,1.69,5.25
2011.02.01 05:15:10.429,0.81821,0.81832,1.69,1.50
2011.02.01 05:15:10.543,0.81822,0.81833,1.69,2.25
2011.02.01 05:15:10.661,0.81824,0.81833,3.75,1.50
2011.02.01 05:15:10.991,0.81821,0.81836,9.79,1.50
2011.02.01 05:15:12.360,0.81821,0.81832,8.48,1.50
2011.02.01 05:15:12.912,0.81822,0.81833,1.50,3.75
2011.02.01 05:15:13.490,0.81822,0.81834,1.50,6.75
2011.02.01 05:15:15.607,0.81822,0.81834,1.50,7.50
2011.02.01 05:15:15.729,0.81819,0.81829,3.00,4.50
2011.02.01 05:15:16.066,0.8182,0.81834,4.69,7.54
2011.02.01 05:15:17.071,0.81819,0.81832,1.50,2.25
2011.02.01 05:15:37.843,0.81816,0.81826,8.25,2.93
2011.02.01 05:15:38.182,0.81816,0.81822,3.75,1.50
2011.02.01 05:15:38.509,0.8181,0.8182,1.50,1.50
2011.02.01 05:15:51.321,0.81808,0.81821,3.75,1.69
2011.02.01 05:15:54.031,0.81805,0.81811,4.50,1.50
2011.02.01 05:15:54.141,0.81807,0.81816,2.25,3.94
2011.02.01 05:15:54.375,0.81806,0.8182,4.69,8.29
2011.02.01 05:15:54.491,0.81806,0.81816,3.75,1.50
2011.02.01 05:15:54.602,0.81802,0.81815,5.25,1.50
2011.02.01 05:15:54.722,0.81806,0.81815,1.69,1.50
2011.02.01 05:15:57.181,0.81806,0.81818,6.19,1.50
2011.02.01 05:15:57.909,0.81806,0.81816,5.44,2.25
2011.02.01 05:15:58.501,0.81804,0.81814,1.50,1.50
2011.02.01 05:15:59.050,0.81803,0.81814,6.00,1.50
2011.02.01 05:15:59.491,0.81803,0.81812,2.25,1.50
2011.02.01 05:15:59.942,0.81801,0.81812,3.75,1.50
2011.02.01 05:16:00.502,0.81801,0.81812,3.75,1.69
2011.02.01 05:16:01.383,0.81801,0.81814,4.50,4.69
2011.02.01 05:16:01.721,0.81802,0.81814,4.50,3.00
2011.02.01 05:16:02.319,0.81802,0.81815,5.25,1.50
2011.02.01 05:16:02.650,0.81804,0.81816,1.69,6.75
2011.02.01 05:16:03.202,0.81806,0.81815,1.50,1.50
2011.02.01 05:16:03.686,0.81803,0.81815,1.50,1.50
2011.02.01 05:16:05.401,0.81802,0.81811,4.50,1.50
2011.02.01 05:16:06.720,0.81801,0.81814,6.19,2.25
2011.02.01 05:16:07.269,0.81802,0.81814,4.69,1.50
2011.02.01 05:16:08.199,0.81802,0.81814,5.44,1.50
2011.02.01 05:16:08.750,0.81802,0.81816,5.25,1.54
2011.02.01 05:16:25.419,0.81804,0.81816,1.50,5.25
2011.02.01 05:16:25.950,0.81806,0.81819,2.29,1.50
2011.02.01 05:16:33.368,0.81806,0.81819,2.25,2.25
2011.02.01 05:16:40.229,0.81807,0.81819,4.50,1.50
2011.02.01 05:16:45.519,0.81807,0.81819,5.25,1.50
2011.02.01 05:17:17.322,0.81808,0.81818,4.50,1.69
2011.02.01 05:17:17.650,0.81807,0.81819,1.69,1.50
2011.02.01 05:17:17.979,0.81807,0.81818,2.44,1.50
2011.02.01 05:17:18.569,0.81807,0.81816,1.69,1.50
2011.02.01 05:17:19.011,0.81803,0.81812,1.50,1.69
2011.02.01 05:17:19.121,0.81801,0.81812,4.50,1.69
2011.02.01 05:17:23.772,0.81805,0.81814,1.50,2.44
2011.02.01 05:17:23.899,0.81806,0.81817,2.44,1.50
2011.02.01 05:17:24.231,0.81806,0.81817,1.50,1.50
2011.02.01 05:17:24.772,0.81805,0.81816,1.50,3.75
2011.02.01 05:17:25.001,0.81804,0.81816,1.50,3.75
2011.02.01 05:17:25.549,0.81803,0.81816,3.75,3.75
2011.02.01 05:17:26.453,0.81803,0.81814,3.00,1.69
2011.02.01 05:17:27.059,0.81801,0.81813,5.25,1.69
2011.02.01 05:17:28.632,0.81803,0.81814,1.50,1.50
2011.02.01 05:17:32.439,0.81804,0.81816,1.50,1.50
2011.02.01 05:17:32.551,0.81803,0.81814,1.50,2.44
2011.02.01 05:17:32.772,0.81805,0.81816,1.69,6.23
2011.02.01 05:17:33.780,0.81807,0.81817,1.50,2.25
2011.02.01 05:17:34.111,0.81805,0.81817,1.50,6.23
2011.02.01 05:17:36.792,0.81805,0.81817,2.25,4.50
2011.02.01 05:17:38.345,0.81807,0.81817,1.50,1.69
2011.02.01 05:17:38.790,0.81804,0.81817,2.25,5.48
2011.02.01 05:17:39.362,0.81803,0.81816,3.00,1.77
2011.02.01 05:17:40.284,0.81803,0.81816,3.75,1.02
2011.02.01 05:17:45.211,0.81802,0.81816,6.00,4.77
2011.02.01 05:17:50.482,0.81802,0.81815,6.75,1.50
2011.02.01 05:17:54.301,0.81802,0.81812,1.50,1.69
2011.02.01 05:17:54.632,0.81804,0.81816,3.00,1.50
2011.02.01 05:17:55.238,0.81804,0.81816,2.25,1.13
2011.02.01 05:17:55.789,0.81804,0.81817,3.00,1.73
2011.02.01 05:17:56.315,0.81805,0.81818,2.44,5.48
2011.02.01 05:17:56.869,0.81807,0.81819,2.25,3.00
2011.02.01 05:17:57.850,0.81808,0.81818,3.75,1.50
2011.02.01 05:17:58.071,0.81806,0.81817,1.50,4.50
2011.02.01 05:17:59.532,0.81804,0.81817,2.25,4.69
2011.02.01 05:17:59.924,0.81805,0.81817,2.44,3.75
2011.02.01 05:18:00.047,0.81807,0.81819,1.50,3.00
2011.02.01 05:18:04.599,0.81807,0.8182,6.19,1.50
2011.02.01 05:18:05.041,0.81811,0.81821,3.00,1.50
2011.02.01 05:18:05.372,0.81816,0.81825,1.50,1.50
2011.02.01 05:18:05.731,0.81816,0.81825,1.50,2.44
2011.02.01 05:18:05.846,0.81812,0.81821,1.50,1.50
2011.02.01 05:18:07.139,0.8181,0.81821,5.25,1.69
2011.02.01 05:18:10.971,0.81811,0.81823,1.69,1.50
2011.02.01 05:18:11.532,0.81813,0.81825,3.75,1.50
2011.02.01 05:18:20.501,0.81811,0.81823,3.00,3.75
2011.02.01 05:18:20.831,0.81809,0.81822,1.69,2.25
2011.02.01 05:18:20.940,0.81811,0.81824,4.50,4.50
2011.02.01 05:18:21.160,0.81809,0.81821,4.50,1.50
2011.02.01 05:18:21.491,0.81812,0.81822,4.50,1.50
2011.02.01 05:18:25.939,0.81811,0.81821,3.75,1.50
2011.02.01 05:18:26.272,0.8181,0.81824,2.25,7.50
2011.02.01 05:18:33.760,0.81813,0.81824,1.50,1.50
2011.02.01 05:18:35.640,0.81813,0.81821,1.50,1.50
2011.02.01 05:18:35.750,0.8181,0.81821,4.50,1.50
2011.02.01 05:18:41.129,0.8181,0.81822,1.50,5.44
2011.02.01 05:18:41.459,0.8181,0.8182,1.50,1.50
2011.02.01 05:18:41.790,0.8181,0.81822,1.50,6.94
2011.02.01 05:18:42.419,0.8181,0.81821,1.50,1.50
2011.02.01 05:18:43.582,0.8181,0.8182,1.50,1.50
2011.02.01 05:18:43.704,0.8181,0.81822,1.50,6.94
2011.02.01 05:18:47.141,0.8181,0.81822,1.50,7.69
2011.02.01 05:18:47.699,0.81808,0.81822,6.75,7.69
2011.02.01 05:18:51.966,0.81808,0.81821,6.00,1.50
2011.02.01 05:18:52.570,0.81808,0.8182,6.00,1.50
2011.02.01 05:18:54.510,0.81812,0.81822,1.50,6.00
2011.02.01 05:18:54.840,0.81812,0.81823,1.50,1.50
2011.02.01 05:19:32.268,0.81813,0.81825,3.19,6.00
2011.02.01 05:19:32.786,0.81816,0.81825,4.50,1.50
2011.02.01 05:19:32.907,0.81818,0.81828,2.25,2.25
2011.02.01 05:19:33.901,0.81816,0.81827,1.50,6.75
2011.02.01 05:19:34.167,0.81816,0.81827,1.50,7.50
2011.02.01 05:19:34.720,0.81815,0.81825,1.50,4.50
2011.02.01 05:19:36.000,0.81815,0.81823,1.50,4.50
2011.02.01 05:19:36.110,0.8181,0.81822,1.50,2.25
2011.02.01 05:19:41.560,0.81815,0.81823,1.50,3.94
2011.02.01 05:19:41.672,0.81819,0.81825,2.25,6.00
2011.02.01 05:19:41.792,0.81819,0.81829,2.25,1.50
2011.02.01 05:19:42.365,0.81819,0.81827,2.25,1.50
2011.02.01 05:19:42.487,0.81818,0.81827,1.50,3.00
2011.02.01 05:19:42.601,0.81815,0.81826,2.25,4.50
2011.02.01 05:19:43.042,0.81815,0.81826,1.50,6.00
2011.02.01 05:19:43.701,0.81808,0.81822,6.00,2.25
2011.02.01 05:19:44.924,0.81808,0.81823,3.94,8.44
2011.02.01 05:19:46.778,0.8181,0.81823,1.69,7.50
2011.02.01 05:19:47.234,0.81817,0.81827,2.25,1.50
2011.02.01 05:19:47.790,0.81816,0.81826,1.50,6.00
2011.02.01 05:19:47.900,0.81816,0.81826,1.50,7.50
2011.02.01 05:19:50.239,0.81813,0.81825,3.00,1.50
2011.02.01 05:19:50.800,0.81814,0.81825,1.50,1.50
2011.02.01 05:19:53.168,0.81815,0.81826,2.44,5.25
2011.02.01 05:19:53.287,0.81815,0.81826,3.94,5.25
2011.02.01 05:19:54.271,0.81819,0.81831,4.50,3.75
2011.02.01 05:19:54.820,0.81819,0.81831,4.50,3.75
2011.02.01 05:19:55.890,0.81821,0.81831,3.75,3.19
2011.02.01 05:19:56.219,0.81819,0.81831,4.50,3.19
2011.02.01 05:19:57.584,0.81819,0.81831,5.25,1.69
2011.02.01 05:19:57.699,0.8182,0.81832,5.25,2.44
2011.02.01 05:19:58.253,0.8182,0.81831,3.75,1.69
2011.02.01 05:19:58.766,0.81819,0.8183,4.50,1.50
2011.02.01 05:20:01.909,0.81819,0.81829,5.25,2.25
2011.02.01 05:20:02.479,0.81817,0.8183,8.44,2.25
2011.02.01 05:20:04.543,0.81817,0.81828,7.69,1.50
2011.02.01 05:20:05.100,0.81817,0.81829,7.69,1.50
2011.02.01 05:20:06.261,0.81821,0.81831,1.69,2.25
2011.02.01 05:20:06.794,0.81818,0.81831,1.50,1.50
2011.02.01 05:20:09.271,0.81822,0.81832,1.69,1.50
2011.02.01 05:20:09.490,0.81819,0.81832,3.75,1.69
2011.02.01 05:20:11.163,0.81818,0.81832,1.50,1.69
2011.02.01 05:20:11.621,0.81819,0.81832,5.25,1.69
2011.02.01 05:20:16.472,0.8182,0.81832,2.44,1.50
2011.02.01 05:20:16.802,0.81826,0.81834,3.19,1.50
2011.02.01 05:20:16.921,0.81826,0.81834,1.50,5.25
2011.02.01 05:20:17.032,0.81822,0.81834,3.00,4.50
2011.02.01 05:20:17.151,0.81827,0.81833,1.50,4.50
2011.02.01 05:20:17.262,0.81825,0.81833,1.50,4.50
2011.02.01 05:20:19.561,0.81825,0.81832,1.50,3.75
2011.02.01 05:20:20.237,0.81824,0.81832,2.25,3.75
2011.02.01 05:20:22.410,0.81824,0.81836,3.00,6.75
2011.02.01 05:20:22.631,0.81825,0.81836,3.94,5.93
2011.02.01 05:20:22.741,0.81825,0.81835,1.69,1.50
2011.02.01 05:20:23.253,0.81824,0.81835,2.25,1.50
2011.02.01 05:20:23.375,0.81826,0.81835,1.50,1.50
2011.02.01 05:20:23.712,0.81825,0.81832,1.50,3.75
2011.02.01 05:20:24.301,0.81825,0.81832,3.94,3.75
2011.02.01 05:20:24.410,0.81827,0.81836,3.75,1.95
2011.02.01 05:20:25.721,0.81827,0.81837,5.25,1.43
2011.02.01 05:20:26.271,0.81827,0.81837,2.44,1.43
2011.02.01 05:20:27.060,0.81827,0.81839,3.19,1.50
2011.02.01 05:20:27.393,0.81829,0.81842,4.50,3.19
2011.02.01 05:20:27.733,0.81827,0.8184,6.19,2.25
2011.02.01 05:20:28.195,0.81827,0.81836,1.50,1.50
2011.02.01 05:20:28.750,0.81826,0.81836,1.50,1.50
2011.02.01 05:20:30.171,0.81824,0.81836,4.50,1.50
2011.02.01 05:20:30.281,0.81824,0.81838,5.25,1.69
2011.02.01 05:20:31.800,0.81824,0.81837,6.75,1.50
2011.02.01 05:20:32.263,0.81824,0.81834,2.25,1.50
2011.02.01 05:20:33.615,0.81824,0.81831,2.25,3.75
2011.02.01 05:20:33.733,0.81818,0.81831,3.75,3.75
2011.02.01 05:20:34.640,0.81818,0.81831,2.25,4.50
2011.02.01 05:20:35.820,0.81819,0.81831,1.50,5.25
2011.02.01 05:20:37.706,0.81822,0.81831,1.69,4.50
2011.02.01 05:20:57.399,0.81822,0.81831,2.25,3.75
2011.02.01 05:20:57.950,0.81822,0.81832,2.25,4.50
2011.02.01 05:20:59.611,0.81822,0.81834,6.75,1.50
2011.02.01 05:21:00.884,0.81823,0.81834,3.75,1.50
2011.02.01 05:21:07.690,0.81823,0.81831,1.50,1.50
2011.02.01 05:21:07.800,0.81822,0.81834,1.50,5.44
2011.02.01 05:21:08.350,0.81822,0.81833,1.50,4.50
2011.02.01 05:21:10.324,0.81821,0.81832,2.44,1.50
2011.02.01 05:21:10.881,0.81819,0.81832,1.50,2.25
2011.02.01 05:21:28.710,0.81819,0.81831,2.25,4.50
2011.02.01 05:21:28.930,0.81822,0.81833,1.50,5.25
2011.02.01 05:21:29.500,0.81822,0.81833,1.50,5.25
2011.02.01 05:21:30.719,0.81821,0.81833,2.44,3.75
2011.02.01 05:21:31.382,0.81826,0.81833,1.50,3.75
2011.02.01 05:21:31.723,0.81826,0.81836,2.44,3.75
2011.02.01 05:21:32.315,0.81828,0.81834,1.50,4.50
2011.02.01 05:21:32.652,0.81826,0.81834,1.50,4.50
2011.02.01 05:21:32.760,0.81826,0.81832,1.50,3.75
2011.02.01 05:21:33.319,0.81825,0.81832,1.50,3.75
2011.02.01 05:21:33.431,0.81825,0.81835,1.50,5.25
2011.02.01 05:21:33.873,0.81825,0.81837,3.19,6.90
2011.02.01 05:21:34.430,0.81826,0.81838,3.19,1.50
2011.02.01 05:21:34.980,0.81828,0.81839,1.50,2.25
2011.02.01 05:21:40.196,0.81828,0.81839,1.69,2.25
2011.02.01 05:21:40.861,0.81828,0.81839,1.69,1.50
2011.02.01 05:21:41.486,0.8183,0.81841,4.50,1.50
2011.02.01 05:21:44.999,0.81829,0.81837,1.50,1.50
2011.02.01 05:21:45.118,0.81829,0.81837,1.50,4.50
2011.02.01 05:21:45.232,0.81829,0.81835,1.50,3.75
2011.02.01 05:21:45.344,0.81829,0.81839,1.50,4.50
2011.02.01 05:21:45.464,0.81825,0.81839,1.50,4.50
2011.02.01 05:21:47.070,0.81824,0.81838,6.00,4.69
2011.02.01 05:21:52.201,0.81824,0.81838,6.00,4.50
2011.02.01 05:21:52.753,0.81825,0.81838,3.00,3.75
2011.02.01 05:21:53.167,0.81828,0.81841,1.50,1.50
2011.02.01 05:21:53.720,0.81828,0.81843,3.00,6.00
2011.02.01 05:21:56.433,0.81828,0.8184,1.50,2.25
2011.02.01 05:21:56.936,0.81825,0.81839,6.00,4.50
2011.02.01 05:21:57.492,0.81826,0.81839,1.50,4.69
2011.02.01 05:22:02.732,0.81824,0.81838,1.50,4.50
2011.02.01 05:22:06.969,0.81826,0.81837,4.69,3.75
2011.02.01 05:22:07.079,0.81826,0.8184,8.44,3.75
2011.02.01 05:22:07.299,0.81828,0.81843,2.25,6.75
2011.02.01 05:22:10.899,0.81829,0.81843,1.50,6.75
2011.02.01 05:22:14.339,0.8183,0.81843,1.50,2.25
2011.02.01 05:22:14.906,0.81829,0.81843,5.25,2.25
2011.02.01 05:22:15.766,0.81835,0.81843,1.50,1.50
2011.02.01 05:22:15.995,0.81838,0.81848,5.44,1.50
2011.02.01 05:22:16.113,0.81838,0.81852,5.44,4.50
2011.02.01 05:22:16.343,0.81835,0.8185,5.25,2.25
2011.02.01 05:22:16.737,0.81838,0.81846,1.50,4.50
2011.02.01 05:22:16.854,0.81836,0.81846,1.50,4.50
2011.02.01 05:22:17.411,0.81836,0.81846,2.25,3.75
2011.02.01 05:22:17.631,0.81836,0.8185,7.73,3.75
2011.02.01 05:22:19.403,0.81838,0.8185,2.25,4.41
2011.02.01 05:22:20.759,0.81838,0.8185,2.44,4.41
2011.02.01 05:22:21.540,0.81838,0.8185,2.44,3.75
2011.02.01 05:22:22.331,0.81838,0.8185,2.44,3.75
2011.02.01 05:22:25.547,0.81838,0.81847,1.50,4.50
2011.02.01 05:22:25.881,0.81836,0.81846,1.50,4.50
2011.02.01 05:22:26.471,0.81835,0.81846,1.50,4.50
2011.02.01 05:22:30.640,0.81833,0.81848,2.25,5.25
2011.02.01 05:22:33.399,0.81834,0.81848,3.00,5.25
2011.02.01 05:22:33.512,0.81839,0.81848,1.50,3.75
2011.02.01 05:22:34.107,0.81839,0.8185,1.50,3.75
2011.02.01 05:22:34.553,0.81837,0.8185,3.94,5.25
2011.02.01 05:22:34.673,0.81839,0.8185,1.50,3.75
2011.02.01 05:22:35.177,0.81839,0.81849,1.50,1.50
2011.02.01 05:22:35.291,0.81839,0.81851,1.50,3.75
2011.02.01 05:22:39.181,0.81838,0.81851,1.69,4.50
2011.02.01 05:22:41.397,0.81838,0.8185,1.69,1.50
2011.02.01 05:22:41.929,0.81838,0.81851,1.69,4.50
2011.02.01 05:22:44.602,0.81837,0.81852,3.19,6.75
2011.02.01 05:22:49.379,0.81839,0.81852,1.69,4.50
2011.02.01 05:22:49.772,0.81843,0.81852,1.69,5.25
2011.02.01 05:22:49.898,0.81841,0.81852,1.50,1.50
2011.02.01 05:22:50.914,0.81843,0.81852,1.50,1.50
2011.02.01 05:22:52.231,0.81842,0.81852,1.50,5.25
2011.02.01 05:22:52.786,0.81841,0.81852,1.50,5.25
2011.02.01 05:22:53.361,0.8184,0.81852,1.50,5.25
2011.02.01 05:22:54.431,0.81842,0.81852,2.25,5.25
2011.02.01 05:22:54.762,0.81845,0.81852,1.69,3.75
2011.02.01 05:22:55.045,0.81844,0.81852,1.50,3.75
2011.02.01 05:22:55.170,0.81844,0.81855,2.25,1.50
2011.02.01 05:22:56.064,0.81842,0.81851,1.50,1.50
2011.02.01 05:22:56.301,0.8184,0.81851,1.50,1.50
2011.02.01 05:22:56.741,0.81839,0.81851,1.50,1.50
2011.02.01 05:22:56.851,0.81841,0.81853,1.50,3.75
2011.02.01 05:22:56.962,0.81841,0.81853,1.50,5.25
2011.02.01 05:22:57.363,0.81842,0.81853,3.00,1.50
2011.02.01 05:22:57.490,0.81847,0.81855,3.94,1.50
2011.02.01 05:22:57.606,0.81847,0.81856,5.44,1.50
2011.02.01 05:22:57.722,0.81848,0.81861,4.50,1.50
2011.02.01 05:22:58.409,0.81848,0.81861,2.44,1.50
2011.02.01 05:22:58.960,0.81848,0.81861,5.44,1.50
2011.02.01 05:23:00.036,0.81846,0.81856,7.69,1.50
2011.02.01 05:23:00.276,0.81845,0.81855,1.50,4.50
2011.02.01 05:23:00.903,0.81844,0.81854,2.25,1.50
2011.02.01 05:23:01.453,0.81844,0.81854,1.50,2.25
2011.02.01 05:23:01.844,0.81842,0.81854,2.25,2.25
2011.02.01 05:23:01.961,0.81845,0.81854,2.25,2.25
2011.02.01 05:23:02.293,0.81847,0.81857,1.69,1.50
2011.02.01 05:23:03.026,0.81846,0.81855,5.25,1.50
2011.02.01 05:23:03.363,0.81843,0.81854,1.50,5.25
2011.02.01 05:23:03.971,0.81835,0.81846,6.00,1.50
2011.02.01 05:23:04.524,0.81835,0.81846,1.50,6.00
2011.02.01 05:23:04.875,0.81832,0.81844,6.19,1.50
2011.02.01 05:23:05.499,0.81833,0.81844,1.50,1.50
2011.02.01 05:23:06.952,0.81835,0.81846,4.69,1.50
2011.02.01 05:23:07.063,0.81836,0.81848,2.25,1.54
2011.02.01 05:23:07.402,0.81838,0.8185,3.75,2.25
2011.02.01 05:23:09.460,0.81838,0.8185,3.94,2.25
2011.02.01 05:23:10.218,0.81838,0.8185,3.94,2.25
2011.02.01 05:23:19.502,0.81841,0.81852,1.69,1.50
2011.02.01 05:23:19.611,0.81841,0.81854,1.69,4.50
2011.02.01 05:23:24.530,0.81841,0.81854,4.50,1.50
2011.02.01 05:23:25.570,0.81842,0.81855,3.75,2.25
2011.02.01 05:23:26.119,0.81842,0.81855,3.75,1.50
2011.02.01 05:23:28.670,0.81844,0.81855,3.75,1.50
2011.02.01 05:23:30.430,0.81845,0.81857,3.75,2.25
2011.02.01 05:23:31.068,0.81844,0.81857,3.75,2.25
2011.02.01 05:23:31.639,0.81845,0.81857,3.75,2.25
2011.02.01 05:23:36.341,0.81844,0.81857,3.75,2.25
2011.02.01 05:23:39.204,0.81844,0.81858,6.19,4.50
2011.02.01 05:23:39.541,0.81847,0.81859,2.25,1.50
2011.02.01 05:23:41.130,0.81847,0.81859,3.19,1.50
2011.02.01 05:23:42.182,0.81847,0.81859,3.19,1.50
2011.02.01 05:23:44.632,0.81848,0.81861,4.50,2.25
2011.02.01 05:23:44.742,0.81851,0.81864,1.50,9.00
2011.02.01 05:23:44.862,0.81851,0.81864,1.54,3.00
2011.02.01 05:23:45.419,0.81851,0.81865,5.29,2.25
2011.02.01 05:23:45.530,0.81851,0.81862,3.79,1.50
2011.02.01 05:23:46.274,0.8185,0.81862,4.50,1.50
2011.02.01 05:23:47.162,0.81854,0.81865,1.50,3.00
2011.02.01 05:23:47.283,0.81856,0.81865,3.75,3.00
2011.02.01 05:23:47.400,0.81854,0.81865,1.50,2.25
2011.02.01 05:23:48.002,0.81853,0.81865,3.79,1.50
2011.02.01 05:23:48.127,0.81853,0.81861,3.79,1.50
2011.02.01 05:23:48.460,0.81848,0.81861,5.25,1.50
2011.02.01 05:23:49.012,0.81847,0.81857,2.48,1.50
2011.02.01 05:23:49.586,0.81845,0.81857,4.50,1.50
2011.02.01 05:23:50.525,0.81845,0.8186,5.25,2.44
2011.02.01 05:23:53.124,0.81847,0.8186,2.44,5.25
2011.02.01 05:24:00.010,0.81847,0.81859,2.44,1.50
2011.02.01 05:24:04.549,0.81847,0.81859,2.25,1.50
2011.02.01 05:24:04.660,0.81847,0.81856,1.50,1.50
2011.02.01 05:24:04.772,0.81844,0.81854,1.50,1.69
2011.02.01 05:24:04.893,0.81844,0.81851,1.50,1.50
2011.02.01 05:24:05.123,0.81841,0.81851,4.50,1.50
2011.02.01 05:24:05.736,0.8184,0.81851,3.75,1.50
2011.02.01 05:24:07.149,0.8184,0.81853,3.75,1.69
2011.02.01 05:24:08.881,0.81842,0.81852,1.50,1.69
2011.02.01 05:24:09.405,0.8184,0.81852,4.50,1.69
2011.02.01 05:24:10.858,0.81841,0.81852,3.75,1.69
2011.02.01 05:24:12.636,0.8184,0.81852,3.75,1.69
2011.02.01 05:24:24.138,0.81838,0.81852,6.94,1.69
2011.02.01 05:24:26.620,0.81838,0.81852,6.19,2.44
2011.02.01 05:24:29.441,0.81838,0.81852,5.44,2.44
2011.02.01 05:24:29.559,0.81839,0.81854,2.25,10.69
2011.02.01 05:24:29.670,0.81843,0.81854,3.94,5.25
2011.02.01 05:24:30.008,0.81842,0.81852,1.50,2.44
2011.02.01 05:24:30.125,0.8184,0.81852,3.75,2.44
2011.02.01 05:24:32.079,0.8184,0.81852,3.75,1.69
2011.02.01 05:24:48.440,0.8184,0.81852,4.50,1.50
2011.02.01 05:24:48.551,0.81843,0.81854,3.75,4.50
2011.02.01 05:24:49.036,0.81846,0.8186,6.94,2.25
2011.02.01 05:24:51.349,0.81846,0.81856,5.29,1.50
2011.02.01 05:24:51.789,0.81843,0.81856,2.25,1.50
2011.02.01 05:24:52.268,0.81841,0.81856,6.94,1.50
2011.02.01 05:24:54.150,0.81842,0.81851,1.50,1.50
2011.02.01 05:24:54.369,0.8184,0.81851,4.50,1.50
2011.02.01 05:25:04.597,0.81841,0.81851,3.75,1.50
2011.02.01 05:25:09.498,0.81839,0.81851,4.50,1.50
2011.02.01 05:25:11.970,0.81839,0.81846,4.50,1.50
2011.02.01 05:25:12.303,0.81836,0.81844,4.50,4.50
2011.02.01 05:25:12.422,0.81834,0.81844,1.50,4.50
2011.02.01 05:25:12.680,0.81834,0.81842,1.50,1.50
2011.02.01 05:25:12.798,0.8183,0.81842,4.50,1.50
2011.02.01 05:25:13.355,0.81828,0.81842,2.31,1.50
2011.02.01 05:25:14.101,0.81827,0.81842,6.24,1.50
2011.02.01 05:25:14.963,0.8183,0.81842,4.54,1.50
2011.02.01 05:25:15.081,0.8183,0.81842,3.75,1.50
2011.02.01 05:25:15.312,0.81832,0.81844,1.50,6.00
2011.02.01 05:25:15.651,0.81835,0.81844,3.75,2.25
2011.02.01 05:25:16.224,0.81835,0.81846,4.50,3.00
2011.02.01 05:25:18.569,0.81836,0.81846,5.25,1.50
2011.02.01 05:25:18.682,0.81837,0.8185,4.69,1.50
2011.02.01 05:25:19.238,0.81837,0.81851,6.94,1.50
2011.02.01 05:25:25.873,0.81837,0.81847,2.25,1.50
2011.02.01 05:25:26.430,0.81837,0.81847,1.50,1.69
2011.02.01 05:25:28.349,0.81836,0.81847,3.75,1.50
2011.02.01 05:25:28.899,0.81834,0.81847,4.50,1.50
2011.02.01 05:25:29.682,0.81836,0.81847,3.75,1.50
2011.02.01 05:25:30.201,0.81835,0.81847,4.50,1.50
2011.02.01 05:25:35.015,0.81835,0.81846,4.50,2.97
2011.02.01 05:25:37.051,0.81835,0.81846,3.75,3.72
2011.02.01 05:25:37.496,0.81834,0.81849,4.05,5.44
2011.02.01 05:25:37.870,0.81839,0.81852,3.94,1.50
2011.02.01 05:25:38.420,0.81839,0.81852,2.25,4.69
2011.02.01 05:25:39.551,0.81838,0.8185,3.75,1.50
2011.02.01 05:25:39.663,0.81837,0.8185,2.25,4.69
2011.02.01 05:25:39.891,0.81836,0.8185,5.25,3.19
2011.02.01 05:25:40.220,0.81834,0.8185,5.25,6.94
2011.02.01 05:25:41.659,0.81835,0.81848,3.75,1.69
2011.02.01 05:25:42.874,0.81834,0.81848,4.50,4.50
2011.02.01 05:25:48.308,0.81832,0.81846,4.50,2.25
2011.02.01 05:25:49.079,0.81829,0.81842,2.25,4.69
2011.02.01 05:25:50.710,0.81828,0.81842,5.25,5.44
2011.02.01 05:25:54.206,0.81831,0.81844,1.50,2.25
2011.02.01 05:25:54.980,0.81831,0.81846,1.50,7.50
2011.02.01 05:26:00.491,0.81835,0.81847,1.50,1.50
2011.02.01 05:26:00.601,0.81838,0.81851,4.50,2.25
2011.02.01 05:26:01.013,0.8184,0.81852,3.75,1.50
2011.02.01 05:26:01.131,0.81838,0.81852,5.25,4.50
2011.02.01 05:26:01.571,0.81838,0.81851,5.25,4.69
2011.02.01 05:26:01.901,0.81829,0.81843,3.75,4.69
2011.02.01 05:26:03.718,0.81828,0.81841,1.50,4.69
2011.02.01 05:26:04.290,0.81829,0.81841,3.75,4.69
2011.02.01 05:26:04.401,0.81831,0.81845,1.50,3.00
2011.02.01 05:26:04.620,0.81833,0.81847,4.50,6.75
2011.02.01 05:26:15.109,0.81834,0.81846,1.69,4.50
2011.02.01 05:26:15.220,0.81836,0.81846,4.50,3.75
2011.02.01 05:26:15.330,0.81836,0.81849,8.25,1.50
2011.02.01 05:26:28.070,0.81838,0.8185,1.80,4.69
2011.02.01 05:26:28.400,0.81841,0.81852,3.75,2.44
2011.02.01 05:26:28.619,0.81838,0.81852,5.25,1.69
2011.02.01 05:26:28.729,0.8184,0.81852,3.75,1.69
2011.02.01 05:26:36.180,0.81841,0.81852,3.75,1.69
2011.02.01 05:26:36.947,0.8184,0.81852,3.75,1.69
2011.02.01 05:26:44.803,0.8184,0.81851,3.75,1.69
2011.02.01 05:26:45.358,0.8184,0.81852,3.75,1.69
2011.02.01 05:26:47.297,0.81842,0.81854,4.50,2.25
2011.02.01 05:26:47.961,0.81842,0.81856,4.50,6.19
2011.02.01 05:26:50.102,0.8184,0.81854,6.00,3.75
2011.02.01 05:26:50.332,0.8184,0.81854,3.75,5.44
2011.02.01 05:26:51.000,0.81839,0.81853,3.75,4.69
2011.02.01 05:26:55.269,0.81839,0.81853,3.75,1.69
2011.02.01 05:26:56.056,0.81838,0.81853,5.25,1.69
2011.02.01 05:26:59.862,0.81838,0.81853,6.00,1.69
2011.02.01 05:27:00.201,0.81841,0.81854,1.50,4.50
2011.02.01 05:27:00.750,0.8184,0.81852,2.44,3.75
2011.02.01 05:27:03.420,0.8184,0.81851,1.50,1.50
2011.02.01 05:27:03.529,0.81838,0.81851,4.50,1.50
2011.02.01 05:27:04.080,0.81838,0.81853,6.00,3.19
2011.02.01 05:27:05.511,0.81839,0.81853,3.75,4.69
2011.02.01 05:27:06.191,0.81839,0.81853,3.75,3.19
2011.02.01 05:27:12.918,0.81846,0.81854,3.19,1.50
2011.02.01 05:27:13.034,0.81845,0.81856,8.44,2.18
2011.02.01 05:27:13.152,0.81841,0.81855,5.25,3.75
2011.02.01 05:27:13.269,0.81845,0.81855,1.50,3.75
2011.02.01 05:27:13.601,0.81841,0.81853,3.75,1.69
2011.02.01 05:27:14.387,0.8184,0.81853,3.75,4.69
2011.02.01 05:27:14.939,0.8184,0.81851,3.75,2.25
2011.02.01 05:27:15.936,0.81838,0.81852,4.69,5.44
2011.02.01 05:27:16.521,0.81838,0.81852,3.94,5.44
2011.02.01 05:27:18.598,0.81839,0.81852,3.75,2.44
2011.02.01 05:27:19.920,0.81837,0.81846,1.50,1.50
2011.02.01 05:27:20.144,0.81831,0.81844,4.50,3.19
2011.02.01 05:27:20.724,0.81831,0.81844,6.00,1.50
2011.02.01 05:27:22.471,0.81831,0.81841,5.25,1.50
2011.02.01 05:27:23.149,0.81828,0.81841,5.25,1.69
2011.02.01 05:27:23.370,0.81828,0.81841,3.75,1.69
2011.02.01 05:27:25.819,0.81828,0.81842,4.69,6.94
2011.02.01 05:27:30.489,0.81828,0.81834,4.50,2.44
2011.02.01 05:27:30.712,0.81827,0.81841,1.69,6.04
2011.02.01 05:27:30.831,0.81825,0.81836,2.25,3.75
2011.02.01 05:27:31.161,0.81827,0.81836,1.50,4.50
2011.02.01 05:27:31.269,0.81823,0.81836,1.50,4.50
2011.02.01 05:27:32.520,0.81823,0.81837,1.50,1.69
2011.02.01 05:27:33.180,0.81823,0.81836,1.50,4.50
2011.02.01 05:27:33.291,0.81822,0.81835,4.50,2.44
2011.02.01 05:27:34.444,0.81823,0.81835,1.50,2.25
2011.02.01 05:27:34.672,0.81823,0.81837,1.50,1.54
2011.02.01 05:27:40.398,0.81822,0.81836,4.50,2.25
2011.02.01 05:27:52.860,0.81823,0.81831,2.25,1.50
2011.02.01 05:27:54.540,0.81821,0.81831,1.50,1.69
2011.02.01 05:27:55.432,0.81824,0.81831,1.69,1.50
2011.02.01 05:27:55.542,0.81826,0.81835,4.69,1.50
2011.02.01 05:27:56.110,0.81828,0.81836,1.50,1.50
2011.02.01 05:28:00.188,0.81824,0.81836,1.50,1.50
2011.02.01 05:28:00.961,0.81823,0.81836,5.25,1.50
2011.02.01 05:28:04.618,0.81823,0.81838,6.00,1.69
2011.02.01 05:28:07.037,0.81823,0.81835,6.00,1.50
2011.02.01 05:28:07.589,0.81821,0.81833,5.25,2.25
2011.02.01 05:28:36.170,0.8182,0.81833,5.25,2.44
2011.02.01 05:28:36.610,0.81818,0.81831,3.75,3.19
2011.02.01 05:28:37.158,0.81817,0.81831,3.00,3.19
2011.02.01 05:28:37.478,0.81817,0.81829,2.25,1.50
2011.02.01 05:28:37.811,0.81816,0.81827,1.50,2.25
2011.02.01 05:28:38.139,0.81814,0.81822,4.50,1.69
2011.02.01 05:28:38.251,0.81811,0.81822,4.50,1.69
2011.02.01 05:28:38.800,0.81812,0.81822,3.75,1.69
2011.02.01 05:28:39.409,0.8181,0.81822,2.25,1.69
2011.02.01 05:28:40.443,0.81813,0.81822,3.75,1.69
2011.02.01 05:28:41.358,0.81811,0.81822,4.50,1.69
2011.02.01 05:28:49.684,0.81812,0.81822,3.75,1.69
2011.02.01 05:28:50.314,0.81811,0.81822,6.00,1.69
2011.02.01 05:28:58.200,0.81811,0.81822,5.25,1.69
2011.02.01 05:28:58.533,0.81813,0.81824,1.50,2.44
2011.02.01 05:28:59.521,0.81816,0.81823,4.50,1.50
2011.02.01 05:29:00.693,0.81816,0.81826,4.50,2.25
2011.02.01 05:29:01.033,0.81814,0.81821,1.50,1.50
2011.02.01 05:29:01.261,0.81812,0.81821,4.50,1.50
2011.02.01 05:29:02.832,0.81817,0.81821,3.75,1.50
2011.02.01 05:29:02.956,0.81817,0.81823,3.75,1.50
2011.02.01 05:29:03.534,0.81816,0.81826,4.50,3.00
2011.02.01 05:29:06.500,0.81817,0.8183,4.69,1.54
2011.02.01 05:29:06.831,0.81819,0.81832,3.75,3.23
2011.02.01 05:29:07.380,0.81818,0.81832,3.75,6.94
2011.02.01 05:29:07.910,0.81817,0.81832,6.75,2.44
2011.02.01 05:29:13.410,0.81819,0.81832,3.75,2.25
2011.02.01 05:29:13.849,0.81817,0.81832,6.94,2.25
2011.02.01 05:29:15.329,0.81817,0.81832,6.94,2.25
2011.02.01 05:29:19.432,0.81821,0.81834,1.50,2.25
2011.02.01 05:29:19.554,0.81823,0.81832,3.75,1.50
2011.02.01 05:29:19.673,0.81819,0.81832,5.29,1.50
2011.02.01 05:29:27.549,0.81821,0.81834,4.50,3.19
2011.02.01 05:29:43.149,0.8182,0.81834,1.50,3.19
2011.02.01 05:30:03.449,0.8182,0.81832,1.50,3.75
2011.02.01 05:30:03.998,0.8182,0.81834,1.50,6.98
2011.02.01 05:30:08.402,0.81823,0.81834,1.50,6.19
2011.02.01 05:30:08.855,0.81823,0.81837,1.50,7.54
2011.02.01 05:30:15.259,0.81823,0.81834,1.50,3.75
2011.02.01 05:30:19.258,0.81825,0.81834,1.50,3.75
2011.02.01 05:30:19.480,0.81826,0.8184,6.94,5.29
2011.02.01 05:30:21.260,0.81827,0.8184,6.19,2.25
2011.02.01 05:30:21.803,0.81827,0.8184,6.19,2.25
2011.02.01 05:30:27.733,0.81827,0.81839,6.19,1.50
2011.02.01 05:30:30.211,0.81827,0.8184,1.69,1.50
2011.02.01 05:30:32.341,0.81827,0.8184,2.78,1.50
2011.02.01 05:30:33.094,0.81827,0.81836,2.44,1.50
2011.02.01 05:30:33.550,0.81825,0.81836,1.50,5.25
2011.02.01 05:30:37.450,0.81824,0.81835,2.25,4.50
2011.02.01 05:30:37.562,0.81826,0.8184,4.50,6.00
2011.02.01 05:30:38.121,0.81826,0.8184,9.00,1.50
2011.02.01 05:30:38.237,0.81828,0.8184,2.25,1.50
2011.02.01 05:30:39.511,0.8183,0.81843,2.44,1.50
2011.02.01 05:30:39.842,0.81835,0.81843,3.75,1.50
2011.02.01 05:30:40.129,0.81836,0.81847,3.75,3.75
2011.02.01 05:30:40.366,0.81837,0.81851,4.50,5.25
2011.02.01 05:30:40.484,0.81838,0.81851,2.25,3.75
2011.02.01 05:30:41.160,0.81838,0.81852,6.75,4.69
2011.02.01 05:30:43.918,0.81838,0.81851,6.19,2.25
2011.02.01 05:30:44.042,0.81838,0.81848,1.50,1.50
2011.02.01 05:30:44.483,0.81836,0.81847,1.50,4.69
2011.02.01 05:30:44.946,0.81839,0.81847,2.25,4.69
2011.02.01 05:30:48.180,0.81834,0.81847,2.29,5.25
2011.02.01 05:30:48.779,0.81834,0.81845,2.29,3.75
2011.02.01 05:30:52.653,0.81831,0.81841,4.54,1.50
2011.02.01 05:30:52.883,0.81829,0.81841,1.50,1.50
2011.02.01 05:30:53.784,0.81828,0.81841,3.00,1.50
2011.02.01 05:31:06.200,0.81828,0.81837,6.75,1.50
2011.02.01 05:31:06.421,0.81828,0.81837,1.50,1.50
2011.02.01 05:31:06.640,0.81828,0.8184,5.44,1.50
2011.02.01 05:31:07.771,0.81828,0.81842,6.19,4.69
2011.02.01 05:31:12.321,0.81828,0.8184,6.00,1.50
2011.02.01 05:31:12.871,0.81828,0.81839,2.44,3.75
2011.02.01 05:31:13.309,0.81828,0.81842,6.19,4.69
2011.02.01 05:31:26.510,0.81829,0.81843,3.75,5.44
2011.02.01 05:31:26.731,0.81829,0.81843,5.25,5.44
2011.02.01 05:31:30.172,0.81828,0.81842,6.19,4.69
2011.02.01 05:31:30.771,0.81828,0.81842,5.44,4.69
2011.02.01 05:31:33.747,0.81828,0.81842,6.00,4.50
2011.02.01 05:31:34.193,0.81829,0.81841,2.25,1.50
2011.02.01 05:31:34.780,0.8183,0.81841,1.50,1.50
2011.02.01 05:31:38.256,0.8183,0.81842,1.69,5.25
2011.02.01 05:31:38.371,0.81836,0.81842,1.69,3.75
2011.02.01 05:31:38.482,0.81836,0.81847,1.69,2.29
2011.02.01 05:31:38.603,0.81837,0.81848,1.69,1.54
2011.02.01 05:31:38.941,0.81838,0.81851,2.44,5.89
2011.02.01 05:31:39.489,0.81838,0.81851,2.44,5.89
2011.02.01 05:31:39.836,0.81841,0.81851,1.50,5.14
2011.02.01 05:31:39.959,0.81838,0.81853,2.25,6.19
2011.02.01 05:31:40.951,0.81838,0.81851,2.25,3.75
2011.02.01 05:31:42.504,0.81838,0.8185,2.25,3.75
2011.02.01 05:31:43.071,0.81838,0.81852,2.25,5.25
2011.02.01 05:31:43.633,0.8184,0.81852,1.50,4.50
2011.02.01 05:31:44.522,0.81841,0.81851,1.50,1.50
2011.02.01 05:31:44.751,0.81838,0.81851,2.25,1.69
2011.02.01 05:31:50.709,0.81838,0.8185,2.44,3.75
2011.02.01 05:31:51.230,0.81838,0.81851,2.44,4.50
2011.02.01 05:31:59.714,0.81838,0.81851,2.44,6.00
2011.02.01 05:32:01.821,0.81838,0.8185,1.69,1.50
2011.02.01 05:32:22.322,0.81837,0.81846,2.44,1.50
2011.02.01 05:32:22.894,0.81836,0.81846,1.50,1.50
2011.02.01 05:32:23.502,0.81835,0.81846,1.50,1.50
2011.02.01 05:32:27.271,0.81835,0.81842,3.75,1.50
2011.02.01 05:32:27.491,0.81831,0.81842,5.25,1.50
2011.02.01 05:32:27.600,0.81831,0.81842,5.25,1.50
2011.02.01 05:32:28.230,0.8183,0.81843,4.50,2.25
2011.02.01 05:32:34.850,0.8183,0.81842,4.50,1.50
2011.02.01 05:32:34.963,0.81828,0.81839,2.25,1.50
2011.02.01 05:32:35.520,0.81827,0.81839,3.75,1.50
2011.02.01 05:32:42.719,0.81826,0.81838,1.50,1.50
2011.02.01 05:32:43.220,0.81824,0.81838,6.00,5.25
2011.02.01 05:32:43.773,0.81823,0.81836,4.50,4.50
2011.02.01 05:32:44.869,0.81825,0.81838,3.75,2.25
2011.02.01 05:32:45.433,0.81825,0.81836,3.75,1.50
2011.02.01 05:32:47.329,0.81825,0.81838,3.75,2.25
2011.02.01 05:32:54.200,0.81823,0.81838,6.75,2.25
2011.02.01 05:33:21.804,0.81826,0.81836,3.75,1.50
2011.02.01 05:33:21.931,0.81829,0.81842,3.75,2.25
2011.02.01 05:33:22.475,0.81829,0.81842,4.50,1.50
2011.02.01 05:33:22.833,0.8183,0.81843,4.50,3.00
2011.02.01 05:33:28.850,0.81832,0.81843,3.75,2.44
2011.02.01 05:33:30.112,0.81832,0.81843,4.69,1.50
2011.02.01 05:33:30.551,0.81835,0.81845,3.75,1.50
2011.02.01 05:33:30.772,0.81836,0.81847,3.75,3.00
2011.02.01 05:33:31.322,0.81835,0.81847,3.75,3.00
2011.02.01 05:33:31.808,0.81833,0.81847,5.25,3.00
2011.02.01 05:33:32.679,0.81833,0.81846,1.50,3.75
2011.02.01 05:33:37.155,0.81833,0.81847,1.50,1.50
2011.02.01 05:33:39.949,0.81833,0.81847,1.50,2.25
2011.02.01 05:33:40.534,0.81834,0.81847,3.75,2.25
2011.02.01 05:33:42.083,0.81834,0.81847,3.75,1.50
2011.02.01 05:33:43.332,0.81835,0.81847,3.75,1.50
2011.02.01 05:33:44.001,0.81834,0.81847,3.75,1.50
2011.02.01 05:33:44.800,0.81835,0.81847,3.75,1.50
2011.02.01 05:33:45.172,0.81835,0.81848,5.44,1.50
2011.02.01 05:33:49.700,0.81837,0.8185,3.19,3.00
2011.02.01 05:33:50.457,0.81838,0.81851,1.69,3.00
2011.02.01 05:33:55.665,0.81837,0.81848,1.50,1.50
2011.02.01 05:34:00.131,0.81833,0.81847,5.25,5.25
2011.02.01 05:34:02.371,0.81833,0.81846,4.50,1.50
2011.02.01 05:34:02.701,0.81829,0.81841,5.25,1.50
2011.02.01 05:34:02.921,0.8183,0.81843,2.25,4.50
2011.02.01 05:34:05.082,0.8183,0.81839,2.25,2.25
2011.02.01 05:34:05.194,0.81827,0.81839,1.50,2.25
2011.02.01 05:34:06.582,0.81824,0.81835,6.75,3.94
2011.02.01 05:34:07.029,0.81827,0.8184,1.50,4.50
2011.02.01 05:34:07.151,0.81826,0.8184,5.25,2.29
2011.02.01 05:34:08.411,0.81827,0.81838,3.75,1.50
2011.02.01 05:34:08.633,0.81827,0.81842,4.73,2.25
2011.02.01 05:34:08.757,0.81829,0.81842,1.69,1.50
2011.02.01 05:34:09.120,0.81832,0.81844,4.69,1.50
2011.02.01 05:34:09.234,0.81836,0.81845,3.75,2.25
2011.02.01 05:34:09.814,0.81832,0.81846,1.69,4.50
2011.02.01 05:34:09.930,0.81832,0.81847,1.69,9.00
2011.02.01 05:34:10.480,0.81835,0.81847,1.50,8.25
2011.02.01 05:34:10.811,0.81835,0.81847,3.75,5.25
2011.02.01 05:34:11.355,0.81833,0.81846,3.19,4.50
2011.02.01 05:34:12.040,0.81833,0.81846,3.19,5.25
2011.02.01 05:34:13.596,0.81833,0.81846,7.69,1.50
2011.02.01 05:34:13.713,0.81836,0.81847,3.19,3.75
2011.02.01 05:34:13.947,0.81836,0.81848,1.50,5.25
2011.02.01 05:34:14.548,0.81834,0.81848,2.25,6.75
2011.02.01 05:34:15.102,0.81833,0.81845,3.00,3.75
2011.02.01 05:34:22.792,0.81837,0.81847,3.75,1.50
2011.02.01 05:34:29.741,0.81838,0.81848,3.75,1.50
2011.02.01 05:34:30.264,0.81839,0.81848,3.75,1.50
2011.02.01 05:34:32.749,0.81834,0.81848,5.25,6.00
2011.02.01 05:34:34.502,0.81838,0.81849,4.50,2.25
2011.02.01 05:34:34.613,0.81838,0.81851,4.50,2.25
2011.02.01 05:34:34.844,0.81839,0.81851,1.69,1.50
2011.02.01 05:34:35.122,0.81838,0.81851,4.50,3.19
2011.02.01 05:34:35.238,0.81836,0.81848,2.25,4.50
2011.02.01 05:34:39.892,0.81834,0.81848,5.25,4.50
2011.02.01 05:34:40.440,0.81836,0.8185,3.75,8.29
2011.02.01 05:34:42.963,0.81838,0.8185,3.75,4.54
2011.02.01 05:34:43.510,0.81834,0.81849,1.50,4.50
2011.02.01 05:34:50.399,0.81833,0.81846,6.00,1.50
2011.02.01 05:34:50.915,0.81833,0.81842,4.50,1.50
2011.02.01 05:34:51.039,0.81831,0.81843,1.69,3.75
2011.02.01 05:34:51.374,0.8183,0.81841,1.69,1.50
2011.02.01 05:34:51.886,0.81827,0.81837,1.50,1.50
2011.02.01 05:34:52.009,0.81824,0.81837,1.50,1.50
2011.02.01 05:34:52.561,0.81823,0.81837,2.25,2.25
2011.02.01 05:34:53.901,0.81822,0.81835,1.50,4.50
2011.02.01 05:34:54.232,0.81828,0.81837,3.75,1.50
2011.02.01 05:34:54.700,0.81825,0.81836,3.75,1.50
2011.02.01 05:34:54.821,0.81822,0.81831,3.75,1.50
2011.02.01 05:34:54.933,0.81822,0.81831,1.50,1.50
2011.02.01 05:34:55.162,0.81819,0.81831,4.50,1.50
2011.02.01 05:34:55.704,0.81818,0.81831,1.69,2.25
2011.02.01 05:34:56.724,0.81818,0.81831,2.44,10.50
2011.02.01 05:34:57.501,0.81818,0.8183,1.69,1.50
2011.02.01 05:35:01.591,0.81818,0.8183,2.40,2.25
2011.02.01 05:35:02.141,0.81818,0.8183,1.69,2.25
2011.02.01 05:35:03.394,0.81818,0.81826,1.69,1.50
2011.02.01 05:35:03.734,0.81815,0.81824,1.50,1.50
2011.02.01 05:35:04.292,0.81816,0.81824,1.50,1.50
2011.02.01 05:35:04.778,0.81817,0.81829,4.69,1.50
2011.02.01 05:35:13.973,0.81822,0.81829,1.50,1.50
2011.02.01 05:35:14.092,0.81822,0.81832,1.50,1.50
2011.02.01 05:35:14.643,0.81822,0.81834,1.50,1.50
2011.02.01 05:35:15.265,0.81821,0.81832,1.50,2.44
2011.02.01 05:35:15.822,0.8182,0.81832,4.50,2.44
2011.02.01 05:35:18.640,0.81821,0.81833,1.69,2.25
2011.02.01 05:35:19.435,0.81825,0.8184,5.44,3.00
2011.02.01 05:35:19.667,0.81827,0.8184,2.44,3.00
2011.02.01 05:35:19.783,0.81827,0.8184,2.44,1.50
2011.02.01 05:35:21.951,0.81827,0.8184,2.44,3.75
2011.02.01 05:35:22.443,0.81827,0.81838,1.50,1.50
2011.02.01 05:35:22.783,0.81827,0.81834,1.50,1.50
2011.02.01 05:35:23.014,0.81825,0.81834,1.50,1.50
2011.02.01 05:35:23.564,0.81826,0.81834,1.50,1.50
2011.02.01 05:35:29.071,0.81825,0.81834,1.50,1.50
2011.02.01 05:35:30.300,0.81822,0.81834,3.19,1.50
2011.02.01 05:35:30.838,0.81823,0.81834,1.50,1.50
2011.02.01 05:35:35.620,0.81823,0.81834,2.25,1.50
2011.02.01 05:35:37.641,0.81823,0.81834,2.25,1.50
2011.02.01 05:35:39.910,0.81823,0.81834,2.25,1.50
2011.02.01 05:35:40.021,0.81823,0.81831,1.50,1.50
2011.02.01 05:35:40.131,0.81819,0.81831,4.50,1.50
2011.02.01 05:35:42.681,0.81819,0.81832,5.44,1.50
2011.02.01 05:35:50.763,0.81823,0.81833,1.50,1.50
2011.02.01 05:35:51.111,0.81826,0.81838,5.25,1.50
2011.02.01 05:36:08.330,0.81824,0.81837,1.50,5.25
2011.02.01 05:36:10.820,0.81824,0.81836,1.50,1.50
2011.02.01 05:36:14.551,0.81824,0.81837,1.50,5.25
2011.02.01 05:36:19.231,0.81824,0.81835,1.50,3.94
2011.02.01 05:36:19.343,0.81823,0.81835,3.75,5.44
2011.02.01 05:36:19.453,0.81823,0.81834,5.44,1.50
2011.02.01 05:36:19.573,0.81823,0.81834,4.69,3.75
2011.02.01 05:36:19.801,0.8182,0.81834,4.50,3.75
2011.02.01 05:36:33.719,0.8182,0.81834,9.00,3.19
2011.02.01 05:36:34.049,0.81826,0.81835,2.44,3.00
2011.02.01 05:36:34.168,0.81828,0.81841,1.69,5.25
2011.02.01 05:36:34.280,0.81828,0.81842,1.69,7.69
2011.02.01 05:36:36.754,0.81828,0.81834,3.75,3.19
2011.02.01 05:36:36.874,0.81821,0.81834,4.50,3.19
2011.02.01 05:36:37.429,0.81821,0.81834,3.75,6.19
2011.02.01 05:36:38.990,0.81821,0.81834,4.69,3.00
2011.02.01 05:36:39.429,0.81823,0.81836,5.25,2.93
2011.02.01 05:36:39.541,0.81825,0.81836,1.69,2.93
2011.02.01 05:36:39.762,0.81826,0.81839,4.69,2.25
2011.02.01 05:36:40.576,0.81828,0.81839,5.44,1.50
2011.02.01 05:36:42.490,0.81828,0.81839,6.19,1.50
2011.02.01 05:36:46.381,0.81828,0.81841,6.19,1.50
2011.02.01 05:36:46.497,0.81827,0.81839,1.50,1.50
2011.02.01 05:36:48.160,0.81829,0.8184,3.75,2.25
2011.02.01 05:36:48.752,0.8183,0.8184,3.75,2.25
2011.02.01 05:36:54.219,0.81825,0.8184,5.25,2.25
2011.02.01 05:37:05.680,0.81825,0.81837,5.25,1.50
2011.02.01 05:37:06.362,0.81827,0.8184,6.00,2.25
2011.02.01 05:37:07.750,0.81828,0.8184,1.69,2.25
2011.02.01 05:37:09.247,0.81827,0.8184,6.94,2.25
2011.02.01 05:37:16.131,0.81828,0.8184,6.19,1.50
2011.02.01 05:37:16.350,0.81829,0.8184,4.50,2.25
2011.02.01 05:37:16.818,0.81835,0.81845,1.50,5.25
2011.02.01 05:37:17.265,0.81833,0.81846,5.25,2.25
2011.02.01 05:37:17.601,0.81831,0.81843,3.94,3.75
2011.02.01 05:37:18.973,0.81832,0.81843,1.50,5.25
2011.02.01 05:37:19.202,0.81829,0.81843,1.50,6.75
2011.02.01 05:37:19.313,0.81828,0.8184,1.50,3.75
2011.02.01 05:37:19.754,0.81826,0.81839,3.00,1.69
2011.02.01 05:37:19.873,0.81827,0.8184,2.44,4.50
2011.02.01 05:37:19.992,0.81827,0.8184,5.25,1.69
2011.02.01 05:37:20.211,0.81827,0.81841,5.44,5.25
2011.02.01 05:37:20.323,0.81827,0.81839,4.50,1.69
2011.02.01 05:37:20.553,0.81827,0.81842,1.69,10.50
2011.02.01 05:37:20.674,0.81826,0.8184,8.25,2.44
2011.02.01 05:37:20.792,0.81827,0.81839,1.50,3.75
2011.02.01 05:37:20.901,0.8183,0.81842,3.75,5.25
2011.02.01 05:37:21.265,0.81831,0.8184,3.75,2.44
2011.02.01 05:37:21.384,0.81827,0.8184,3.75,2.44
2011.02.01 05:37:21.503,0.81827,0.81841,4.69,1.50
2011.02.01 05:37:27.219,0.81827,0.81839,1.69,3.75
2011.02.01 05:37:28.122,0.81825,0.81836,2.25,3.75
2011.02.01 05:37:30.252,0.81826,0.81839,2.44,3.75
2011.02.01 05:37:31.463,0.81827,0.81839,2.44,3.75
2011.02.01 05:37:38.991,0.81827,0.81839,1.69,3.75
2011.02.01 05:37:45.650,0.81827,0.81839,2.44,3.75
2011.02.01 05:37:46.093,0.81829,0.81841,1.50,2.25
2011.02.01 05:37:47.881,0.81832,0.81842,3.00,1.69
2011.02.01 05:37:47.993,0.81835,0.81843,1.50,6.19
2011.02.01 05:37:48.223,0.81836,0.81844,1.69,1.50
2011.02.01 05:37:48.342,0.81836,0.81848,3.19,2.25
2011.02.01 05:37:51.657,0.81836,0.81846,3.00,1.69
2011.02.01 05:37:51.781,0.81833,0.81842,1.50,2.44
2011.02.01 05:37:52.224,0.81829,0.81842,1.50,4.69
2011.02.01 05:37:52.342,0.81828,0.81842,2.25,6.19
2011.02.01 05:37:52.891,0.81828,0.81841,1.50,3.75
2011.02.01 05:37:54.540,0.81828,0.81842,1.50,3.19
2011.02.01 05:37:54.760,0.81828,0.81842,5.25,2.44
2011.02.01 05:37:55.422,0.81831,0.81843,4.50,1.69
2011.02.01 05:37:57.952,0.81833,0.81844,1.50,9.00
2011.02.01 05:37:58.173,0.81834,0.81844,4.50,1.50
2011.02.01 05:37:58.731,0.81833,0.81846,6.00,2.25
2011.02.01 05:38:07.032,0.81835,0.81847,3.94,6.00
2011.02.01 05:38:07.252,0.81835,0.81848,6.94,1.50
2011.02.01 05:38:07.472,0.81836,0.81845,1.50,1.50
2011.02.01 05:38:07.933,0.81831,0.81841,1.50,1.50
2011.02.01 05:38:12.981,0.81828,0.8184,2.25,3.75
2011.02.01 05:38:13.092,0.81828,0.8184,2.25,3.75
2011.02.01 05:38:13.640,0.81828,0.81839,1.50,2.25
2011.02.01 05:38:17.111,0.81828,0.8184,1.50,5.48
2011.02.01 05:38:17.661,0.81828,0.81839,1.50,2.25
2011.02.01 05:38:18.485,0.81825,0.81832,3.75,2.44
2011.02.01 05:38:18.605,0.81823,0.81832,4.50,2.44
2011.02.01 05:38:19.052,0.81825,0.81835,1.50,2.25
2011.02.01 05:38:19.866,0.81826,0.81836,2.44,3.00
2011.02.01 05:38:19.985,0.81827,0.8184,2.25,3.00
2011.02.01 05:38:20.542,0.81827,0.8184,3.94,4.50
2011.02.01 05:38:24.754,0.81832,0.81841,1.50,6.94
2011.02.01 05:38:24.881,0.81834,0.81844,4.50,1.50
2011.02.01 05:38:24.996,0.81834,0.81846,1.50,2.25
2011.02.01 05:38:25.222,0.81835,0.81846,1.50,2.25
2011.02.01 05:38:25.550,0.81834,0.81843,1.50,3.75
2011.02.01 05:38:26.526,0.81834,0.81845,1.50,3.75
2011.02.01 05:38:27.111,0.81834,0.81846,1.50,5.25
2011.02.01 05:38:53.061,0.81834,0.81843,1.50,3.75
2011.02.01 05:38:53.392,0.8183,0.81843,1.50,6.00
2011.02.01 05:38:58.996,0.81832,0.81843,2.25,5.25
2011.02.01 05:38:59.114,0.81832,0.81846,6.00,4.50
2011.02.01 05:39:11.101,0.81832,0.81846,5.25,5.44
2011.02.01 05:39:11.432,0.8183,0.81842,1.50,3.00
2011.02.01 05:39:16.700,0.8183,0.81842,1.50,2.44
2011.02.01 05:39:38.480,0.8183,0.81841,1.50,1.50
2011.02.01 05:39:44.142,0.81829,0.81841,1.50,3.00
2011.02.01 05:39:44.822,0.81827,0.8184,2.44,1.50
2011.02.01 05:40:14.851,0.81828,0.81841,4.69,1.50
2011.02.01 05:40:18.050,0.81829,0.81842,1.50,7.50
2011.02.01 05:40:19.998,0.81829,0.81839,1.50,3.75
2011.02.01 05:40:22.899,0.81829,0.81841,1.50,4.50
2011.02.01 05:40:41.339,0.81829,0.8184,1.50,1.50
2011.02.01 05:40:42.670,0.81829,0.81843,5.25,7.50
2011.02.01 05:40:51.790,0.81833,0.81843,1.69,1.50
2011.02.01 05:40:52.124,0.8184,0.81851,1.50,1.50
2011.02.01 05:40:52.511,0.81843,0.81854,1.50,1.50
2011.02.01 05:40:53.060,0.81843,0.81854,1.50,5.25
2011.02.01 05:40:54.085,0.81844,0.81854,1.69,1.50
2011.02.01 05:40:54.211,0.81844,0.81854,1.50,3.75
2011.02.01 05:40:54.329,0.81842,0.81852,1.50,2.25
2011.02.01 05:40:54.883,0.81842,0.81851,1.50,4.50
2011.02.01 05:40:56.840,0.8184,0.81852,1.50,4.50
2011.02.01 05:40:57.065,0.8184,0.81848,1.50,1.69
2011.02.01 05:40:57.513,0.81839,0.81848,1.50,1.50
2011.02.01 05:40:57.624,0.81839,0.8185,1.50,1.50
2011.02.01 05:40:57.743,0.81839,0.8185,1.50,1.50
2011.02.01 05:40:58.253,0.81839,0.81852,1.69,3.00
2011.02.01 05:40:59.251,0.81839,0.81851,1.50,1.69
2011.02.01 05:40:59.583,0.81836,0.81848,1.50,6.19
2011.02.01 05:40:59.703,0.81836,0.81846,1.50,1.69
2011.02.01 05:40:59.923,0.81834,0.81844,3.75,5.44
2011.02.01 05:41:00.594,0.81832,0.81844,4.50,6.94
2011.02.01 05:41:00.717,0.81835,0.81844,1.50,1.69
2011.02.01 05:41:00.834,0.81833,0.81846,5.25,1.50
2011.02.01 05:41:01.392,0.81835,0.81847,3.75,3.00
2011.02.01 05:41:01.612,0.81836,0.81847,3.19,2.25
2011.02.01 05:41:01.942,0.81837,0.8185,5.44,2.25
2011.02.01 05:41:02.522,0.81838,0.81851,1.69,7.50
2011.02.01 05:41:03.271,0.81838,0.81848,1.69,1.50
2011.02.01 05:41:03.654,0.81837,0.81848,6.00,3.00
2011.02.01 05:41:04.454,0.81838,0.81848,1.50,1.50
2011.02.01 05:41:04.579,0.81839,0.8185,1.50,1.50
2011.02.01 05:41:04.698,0.81841,0.81851,1.69,5.25
2011.02.01 05:41:04.924,0.81843,0.81853,1.50,2.25
2011.02.01 05:41:05.481,0.81843,0.81852,1.50,3.75
2011.02.01 05:41:06.583,0.8184,0.81852,4.69,4.50
2011.02.01 05:41:10.300,0.81837,0.81847,1.50,2.44
2011.02.01 05:41:10.634,0.81839,0.81848,1.50,3.75
2011.02.01 05:41:10.973,0.81839,0.8185,1.50,5.25
2011.02.01 05:41:11.733,0.81839,0.81849,1.50,3.75
2011.02.01 05:41:12.196,0.81837,0.81848,3.00,2.25
2011.02.01 05:41:12.313,0.81836,0.81848,4.50,2.25
2011.02.01 05:41:12.882,0.81834,0.81846,2.25,4.50
2011.02.01 05:41:15.079,0.81836,0.8185,4.69,6.75
2011.02.01 05:41:15.193,0.81836,0.8185,5.44,6.75
2011.02.01 05:41:15.742,0.81837,0.8185,6.75,1.50
2011.02.01 05:41:16.291,0.81838,0.8185,1.50,6.00
2011.02.01 05:41:17.742,0.81838,0.81848,1.50,3.75
2011.02.01 05:41:18.073,0.81837,0.81848,3.00,4.50
2011.02.01 05:41:18.186,0.81832,0.81844,1.50,1.69
2011.02.01 05:41:22.571,0.81834,0.81844,1.69,6.00
2011.02.01 05:41:22.792,0.81834,0.81847,2.44,3.00
2011.02.01 05:41:22.903,0.81833,0.81845,2.44,3.75
2011.02.01 05:41:23.024,0.81832,0.81845,1.50,9.94
2011.02.01 05:41:23.726,0.81831,0.81843,1.50,4.50
2011.02.01 05:41:33.570,0.81833,0.81844,1.69,1.50
2011.02.01 05:41:33.985,0.81835,0.81847,3.75,2.25
2011.02.01 05:41:35.371,0.81838,0.81847,3.75,1.50
2011.02.01 05:41:35.595,0.81833,0.81846,1.50,4.50
2011.02.01 05:41:36.193,0.81835,0.81847,3.75,1.50
2011.02.01 05:41:36.886,0.81833,0.81847,1.50,1.50
2011.02.01 05:41:42.798,0.81833,0.81845,1.50,3.75
2011.02.01 05:41:43.399,0.81833,0.81846,1.50,1.50
2011.02.01 05:41:54.697,0.81833,0.81846,2.44,1.50
2011.02.01 05:41:54.923,0.81838,0.8185,4.50,1.50
2011.02.01 05:41:55.448,0.81839,0.81852,5.25,2.25
2011.02.01 05:42:00.411,0.81838,0.81851,5.44,1.50
2011.02.01 05:42:00.732,0.81843,0.81851,4.50,6.00
2011.02.01 05:42:00.851,0.81838,0.81851,6.19,1.50
2011.02.01 05:42:01.402,0.81839,0.81851,1.09,7.50
2011.02.01 05:42:02.175,0.81838,0.81851,1.69,7.50
2011.02.01 05:42:41.711,0.81839,0.81851,2.44,2.25
2011.02.01 05:42:42.187,0.81839,0.81852,1.69,1.50
2011.02.01 05:42:43.292,0.8184,0.81852,3.75,1.50
2011.02.01 05:42:43.842,0.81839,0.81852,1.69,1.50
2011.02.01 05:43:14.662,0.81839,0.8185,1.69,3.75
2011.02.01 05:43:15.211,0.81838,0.8185,1.69,4.50
2011.02.01 05:43:31.424,0.81837,0.81847,2.25,1.50
2011.02.01 05:43:31.982,0.81838,0.81848,1.69,4.50
2011.02.01 05:44:04.422,0.81837,0.8185,4.69,6.00
2011.02.01 05:44:04.915,0.81839,0.81852,5.25,1.69
2011.02.01 05:44:11.311,0.81839,0.81851,5.25,1.69
2011.02.01 05:44:13.161,0.81839,0.81851,2.07,1.69
2011.02.01 05:44:16.383,0.81842,0.81853,1.69,6.00
2011.02.01 05:44:17.028,0.8184,0.81853,5.25,1.69
2011.02.01 05:44:25.350,0.81843,0.81853,2.25,1.50
2011.02.01 05:44:25.574,0.81843,0.81856,2.25,6.00
2011.02.01 05:44:28.180,0.81844,0.81856,1.50,6.00
2011.02.01 05:44:28.515,0.81846,0.81858,1.50,4.50
2011.02.01 05:44:37.896,0.81846,0.81857,2.25,1.50
2011.02.01 05:44:38.015,0.81846,0.81855,2.25,4.50
2011.02.01 05:44:38.353,0.81842,0.81852,2.25,1.50
2011.02.01 05:44:40.765,0.81844,0.81853,1.50,1.50
2011.02.01 05:44:40.995,0.81846,0.81853,1.50,1.50
2011.02.01 05:44:41.114,0.81847,0.81857,1.69,4.50
2011.02.01 05:44:41.666,0.81847,0.81859,3.94,4.50
2011.02.01 05:44:41.893,0.81847,0.81857,3.94,3.75
2011.02.01 05:44:44.262,0.81847,0.81855,3.94,3.75
2011.02.01 05:44:44.885,0.81847,0.81856,3.19,3.75
2011.02.01 05:44:45.961,0.81847,0.81857,3.19,3.75
2011.02.01 05:44:47.778,0.81847,0.81859,3.94,1.50
2011.02.01 05:44:57.823,0.81847,0.81859,7.69,3.00
2011.02.01 05:44:58.041,0.81847,0.81859,7.69,2.25
2011.02.01 05:44:58.593,0.81848,0.81861,4.69,3.19
2011.02.01 05:45:00.870,0.81848,0.8186,1.69,3.00
2011.02.01 05:45:00.982,0.81848,0.8186,1.69,3.00
2011.02.01 05:45:17.631,0.81848,0.81858,2.44,3.75
2011.02.01 05:45:22.720,0.81848,0.81856,2.44,3.75
2011.02.01 05:45:23.592,0.81848,0.81859,2.44,2.25
2011.02.01 05:45:23.812,0.81848,0.81857,2.44,3.75
2011.02.01 05:45:24.200,0.81848,0.81855,2.25,1.50
2011.02.01 05:45:24.762,0.81845,0.81855,2.25,2.25
2011.02.01 05:45:25.697,0.81844,0.81853,1.50,2.44
2011.02.01 05:45:26.031,0.81844,0.81855,1.50,5.25
2011.02.01 05:45:26.608,0.81845,0.81856,1.69,5.25
2011.02.01 05:45:26.724,0.81846,0.81857,1.69,2.25
2011.02.01 05:45:27.281,0.81848,0.81859,2.25,3.00
2011.02.01 05:45:28.080,0.81847,0.81855,2.44,1.50
2011.02.01 05:45:28.193,0.81847,0.81858,2.44,1.50
2011.02.01 05:45:31.439,0.81848,0.81859,1.69,6.75
2011.02.01 05:45:32.618,0.81848,0.81859,1.69,6.00
2011.02.01 05:45:34.202,0.81849,0.8186,1.50,2.25
2011.02.01 05:45:37.972,0.81849,0.8186,4.50,2.25
2011.02.01 05:45:42.512,0.81848,0.81862,5.44,2.44
2011.02.01 05:45:44.734,0.81854,0.81863,1.50,2.44
2011.02.01 05:45:44.954,0.81856,0.81867,3.19,1.50
2011.02.01 05:45:45.511,0.81855,0.81865,2.25,3.75
2011.02.01 05:45:46.139,0.81855,0.81865,2.25,3.75
2011.02.01 05:45:46.476,0.81852,0.81863,1.50,2.25
2011.02.01 05:45:50.862,0.81851,0.81863,1.50,2.44
2011.02.01 05:45:54.467,0.81853,0.81865,1.50,6.00
2011.02.01 05:45:59.783,0.81853,0.81864,1.50,1.50
2011.02.01 05:46:02.973,0.81854,0.81863,3.00,5.25
2011.02.01 05:46:03.303,0.81857,0.81868,1.69,2.25
2011.02.01 05:46:03.416,0.81857,0.81867,1.50,1.50
2011.02.01 05:46:03.973,0.81857,0.81868,2.44,4.50
2011.02.01 05:46:05.312,0.81857,0.81866,1.50,1.50
2011.02.01 05:46:05.642,0.81854,0.81866,3.98,5.25
2011.02.01 05:46:07.614,0.81856,0.81866,5.25,1.50
2011.02.01 05:46:07.722,0.81856,0.81868,6.00,4.50
2011.02.01 05:46:08.383,0.81856,0.81866,6.00,1.50
2011.02.01 05:46:09.251,0.81855,0.81866,2.25,5.25
2011.02.01 05:46:10.773,0.81855,0.81866,8.44,4.50
2011.02.01 05:46:11.543,0.81857,0.81866,1.69,1.50
2011.02.01 05:46:11.983,0.81857,0.81866,3.00,4.50
2011.02.01 05:46:13.383,0.81857,0.81867,1.50,1.50
2011.02.01 05:46:13.937,0.81854,0.81865,3.23,3.75
2011.02.01 05:46:14.741,0.81854,0.81865,3.23,3.75
2011.02.01 05:46:19.334,0.81854,0.81867,2.25,1.69
2011.02.01 05:46:22.434,0.81854,0.81865,1.80,3.75
2011.02.01 05:46:22.554,0.81857,0.81865,4.50,4.50
2011.02.01 05:46:23.114,0.81857,0.81866,3.75,1.50
2011.02.01 05:46:23.234,0.81854,0.81866,4.50,1.50
2011.02.01 05:46:25.794,0.81851,0.81864,4.50,2.44
2011.02.01 05:46:26.242,0.81851,0.81864,1.50,9.94
2011.02.01 05:46:27.380,0.81851,0.81863,1.50,1.69
2011.02.01 05:46:28.066,0.81851,0.81863,1.50,2.44
2011.02.01 05:46:28.632,0.81851,0.81863,1.50,5.44
2011.02.01 05:46:31.272,0.81851,0.81862,1.50,1.69
2011.02.01 05:46:33.122,0.81849,0.81863,6.00,2.44
2011.02.01 05:46:34.433,0.81851,0.81863,2.25,1.69
2011.02.01 05:46:37.153,0.81855,0.81864,2.25,2.25
2011.02.01 05:46:37.264,0.81858,0.81865,1.50,4.50
2011.02.01 05:46:38.364,0.81857,0.81866,1.69,1.50
2011.02.01 05:46:38.972,0.81854,0.81866,2.25,1.50
2011.02.01 05:46:41.468,0.81851,0.81864,1.50,2.44
2011.02.01 05:46:42.163,0.81851,0.81864,1.50,3.94
2011.02.01 05:46:43.863,0.81851,0.81864,1.50,5.44
2011.02.01 05:46:44.912,0.81851,0.81864,1.50,5.44
2011.02.01 05:46:47.248,0.8185,0.81862,1.50,1.69
2011.02.01 05:46:57.645,0.8185,0.81864,6.75,3.75
2011.02.01 05:46:57.764,0.81854,0.81864,1.50,3.00
2011.02.01 05:47:00.093,0.81854,0.81867,1.50,6.75
2011.02.01 05:47:00.794,0.81856,0.81867,1.50,4.50
2011.02.01 05:47:04.246,0.81858,0.81867,2.25,3.75
2011.02.01 05:47:04.364,0.81858,0.81871,6.00,2.25
2011.02.01 05:47:04.816,0.8186,0.81872,4.50,1.50
2011.02.01 05:47:05.143,0.81863,0.81874,1.50,1.50
2011.02.01 05:47:05.376,0.81864,0.81877,5.25,2.25
2011.02.01 05:47:05.934,0.81864,0.81876,5.25,1.50
2011.02.01 05:47:06.632,0.81864,0.81878,5.25,5.25
2011.02.01 05:47:07.559,0.81865,0.81877,1.50,5.25
2011.02.01 05:47:14.742,0.81864,0.81876,1.50,3.75
2011.02.01 05:47:15.521,0.81864,0.81877,1.50,1.50
2011.02.01 05:47:27.983,0.81866,0.81878,4.50,2.25
2011.02.01 05:47:32.574,0.81868,0.81878,4.50,1.50
2011.02.01 05:47:33.186,0.81868,0.81878,3.75,1.50
2011.02.01 05:47:33.525,0.81865,0.81878,3.00,1.50
2011.02.01 05:47:34.010,0.81867,0.81877,1.50,4.50
2011.02.01 05:47:39.621,0.81867,0.81875,2.44,1.50
2011.02.01 05:47:39.845,0.81864,0.81875,1.50,1.50
2011.02.01 05:47:39.964,0.81866,0.81877,2.44,4.50
2011.02.01 05:47:40.075,0.81866,0.81878,3.19,2.25
2011.02.01 05:47:42.292,0.81867,0.8188,3.19,3.19
2011.02.01 05:47:48.217,0.81866,0.81877,3.19,3.00
2011.02.01 05:47:48.337,0.81866,0.81877,2.44,3.00
2011.02.01 05:47:48.802,0.81864,0.81876,1.50,3.75
2011.02.01 05:47:48.920,0.81866,0.81875,4.50,1.50
2011.02.01 05:47:49.145,0.81866,0.81877,5.25,1.50
2011.02.01 05:47:49.376,0.81863,0.81875,6.00,6.00
2011.02.01 05:47:49.494,0.81861,0.81872,1.50,2.25
2011.02.01 05:47:50.013,0.81863,0.81872,1.69,2.25
2011.02.01 05:47:50.344,0.81866,0.81877,3.75,3.00
2011.02.01 05:47:50.454,0.81867,0.81876,2.25,1.50
2011.02.01 05:47:52.903,0.81867,0.81876,2.25,1.50
2011.02.01 05:47:56.268,0.81867,0.81878,2.25,2.25
2011.02.01 05:47:56.823,0.81867,0.81876,2.25,1.50
2011.02.01 05:47:57.372,0.81867,0.81878,2.25,2.25
2011.02.01 05:47:57.594,0.81868,0.81879,3.75,2.25
2011.02.01 05:47:59.548,0.81875,0.81887,6.94,2.25
2011.02.01 05:47:59.666,0.81875,0.81888,8.44,3.00
2011.02.01 05:48:00.223,0.81876,0.81883,1.50,1.69
2011.02.01 05:48:00.445,0.81875,0.81883,2.44,1.50
2011.02.01 05:48:00.565,0.81876,0.81886,3.75,1.50
2011.02.01 05:48:00.846,0.81872,0.81886,4.50,1.50
2011.02.01 05:48:00.967,0.81874,0.81887,3.75,2.25
2011.02.01 05:48:01.532,0.81877,0.81887,1.50,1.50
2011.02.01 05:48:02.107,0.81877,0.81886,1.50,1.50
2011.02.01 05:48:04.342,0.81877,0.81886,1.69,2.25
2011.02.01 05:48:04.783,0.81874,0.81886,2.25,6.75
2011.02.01 05:48:05.053,0.81874,0.81886,3.19,6.75
2011.02.01 05:48:05.613,0.81876,0.81888,1.69,2.25
2011.02.01 05:48:07.962,0.81877,0.81884,1.50,2.44
2011.02.01 05:48:08.185,0.8187,0.81882,1.50,3.19
2011.02.01 05:48:08.522,0.81869,0.81879,4.50,1.50
2011.02.01 05:48:09.077,0.81867,0.81879,2.44,1.50
2011.02.01 05:48:09.742,0.81867,0.8188,2.44,6.75
2011.02.01 05:48:45.051,0.81869,0.8188,1.50,2.25
2011.02.01 05:48:45.271,0.81867,0.8188,3.19,2.25
2011.02.01 05:48:45.821,0.81867,0.8188,3.19,2.25
2011.02.01 05:48:46.364,0.81867,0.81879,3.19,1.50
2011.02.01 05:48:47.408,0.81867,0.81878,6.19,1.50
2011.02.01 05:48:47.851,0.81867,0.8188,6.19,2.25
2011.02.01 05:48:48.705,0.81867,0.81877,6.19,1.50
2011.02.01 05:48:48.935,0.81867,0.81879,6.19,1.50
2011.02.01 05:48:49.832,0.81867,0.81877,6.19,1.50
2011.02.01 05:48:54.083,0.81867,0.81879,6.19,1.50
2011.02.01 05:48:54.647,0.81867,0.81878,6.19,1.50
2011.02.01 05:48:55.203,0.81867,0.8188,6.19,2.25
2011.02.01 05:48:58.412,0.81867,0.81879,6.19,1.50
2011.02.01 05:49:00.623,0.81867,0.81877,2.44,1.50
2011.02.01 05:49:01.213,0.81867,0.81879,2.44,1.50
2011.02.01 05:49:06.168,0.81867,0.81878,2.44,1.50
2011.02.01 05:49:26.012,0.81867,0.81878,1.50,1.73
2011.02.01 05:49:26.232,0.81867,0.81878,1.50,1.50
2011.02.01 05:49:28.777,0.81867,0.81877,2.25,1.50
2011.02.01 05:49:31.882,0.81867,0.81879,3.00,1.50
2011.02.01 05:49:33.281,0.81868,0.81879,1.50,1.50
2011.02.01 05:49:34.743,0.81868,0.81878,1.50,1.50
2011.02.01 05:49:35.877,0.81868,0.81878,1.50,1.73
2011.02.01 05:49:36.432,0.81868,0.81878,1.50,1.50
2011.02.01 05:49:39.616,0.81868,0.81878,1.50,1.73
2011.02.01 05:49:40.281,0.81867,0.81878,3.00,2.25
2011.02.01 05:49:41.271,0.81867,0.81878,2.25,3.00
2011.02.01 05:49:41.773,0.81867,0.81878,3.00,2.25
2011.02.01 05:49:42.322,0.81867,0.81878,2.44,2.25
2011.02.01 05:49:42.653,0.81865,0.81872,4.50,2.44
2011.02.01 05:49:42.873,0.81864,0.81877,1.50,3.75
2011.02.01 05:49:44.295,0.81862,0.81871,1.50,1.50
2011.02.01 05:49:44.526,0.8186,0.81871,6.00,1.50
2011.02.01 05:49:45.765,0.81861,0.81873,1.69,3.75
2011.02.01 05:49:45.995,0.81863,0.81873,4.50,1.50
2011.02.01 05:49:46.115,0.81863,0.81875,4.50,2.25
2011.02.01 05:49:46.696,0.81863,0.81874,4.50,1.50
2011.02.01 05:49:49.194,0.81862,0.81872,1.50,1.69
2011.02.01 05:49:49.413,0.81861,0.81871,4.50,2.25
2011.02.01 05:49:50.996,0.81861,0.81872,5.25,1.69
2011.02.01 05:49:55.361,0.81861,0.81871,5.25,1.50
2011.02.01 05:50:09.943,0.81861,0.81872,5.25,3.00
2011.02.01 05:50:17.729,0.81861,0.81873,5.25,3.00
2011.02.01 05:50:18.177,0.81863,0.81873,2.25,3.00
2011.02.01 05:50:18.404,0.81863,0.81875,2.25,3.75
2011.02.01 05:50:18.924,0.81864,0.81874,1.50,1.50
2011.02.01 05:50:24.063,0.81865,0.81874,1.50,1.50
2011.02.01 05:50:24.614,0.81862,0.81874,5.25,6.19
2011.02.01 05:50:24.915,0.81863,0.81874,4.50,6.94
2011.02.01 05:50:25.042,0.81861,0.81872,4.50,1.50
2011.02.01 05:50:25.373,0.81863,0.81874,1.50,8.25
2011.02.01 05:50:25.705,0.81863,0.81874,1.50,6.00
2011.02.01 05:50:26.402,0.81864,0.81876,1.50,3.00
2011.02.01 05:50:28.966,0.81864,0.81874,1.50,4.50
2011.02.01 05:50:29.461,0.81862,0.81876,4.50,2.25
2011.02.01 05:50:29.689,0.81864,0.81872,1.50,1.50
2011.02.01 05:50:30.613,0.81863,0.81875,4.50,2.25
2011.02.01 05:50:31.164,0.81864,0.81875,1.50,1.50
2011.02.01 05:50:34.131,0.81864,0.81876,1.50,3.00
2011.02.01 05:50:34.466,0.81863,0.81874,5.25,4.69
2011.02.01 05:50:34.585,0.81863,0.81874,5.25,5.44
2011.02.01 05:50:34.814,0.81863,0.81876,5.25,2.25
2011.02.01 05:50:35.407,0.81864,0.81875,1.50,1.50
2011.02.01 05:50:35.967,0.81864,0.81875,1.50,6.19
2011.02.01 05:50:36.291,0.81862,0.81875,1.50,5.44
2011.02.01 05:50:36.407,0.81866,0.81874,3.75,1.50
2011.02.01 05:50:36.524,0.81862,0.81875,5.25,1.50
2011.02.01 05:50:36.632,0.81863,0.81875,1.50,1.50
2011.02.01 05:50:38.003,0.81864,0.81876,1.50,2.25
2011.02.01 05:50:38.706,0.81864,0.81877,1.50,2.25
2011.02.01 05:50:49.343,0.81866,0.81881,2.44,6.75
2011.02.01 05:50:50.280,0.81867,0.81881,1.69,6.00
2011.02.01 05:51:09.082,0.81868,0.81882,1.02,3.75
2011.02.01 05:51:09.583,0.81867,0.81882,7.02,3.75
2011.02.01 05:51:11.832,0.81867,0.81881,6.83,2.25
2011.02.01 05:51:12.162,0.81866,0.81878,1.50,4.50
2011.02.01 05:51:12.385,0.81867,0.81879,1.69,3.75
2011.02.01 05:51:12.943,0.81867,0.8188,1.69,3.75
2011.02.01 05:51:13.983,0.81867,0.81881,2.44,3.00
2011.02.01 05:51:18.913,0.81867,0.81875,5.25,2.44
2011.02.01 05:51:19.026,0.81863,0.81873,1.58,3.75
2011.02.01 05:51:19.253,0.81863,0.81874,2.25,6.00
2011.02.01 05:51:19.366,0.81863,0.81876,3.00,1.50
2011.02.01 05:51:19.709,0.81864,0.81876,1.50,1.50
2011.02.01 05:51:20.292,0.81864,0.81877,2.25,2.25
2011.02.01 05:51:22.440,0.81866,0.81877,1.69,1.50
2011.02.01 05:51:22.556,0.81866,0.81879,1.69,4.50
2011.02.01 05:51:23.113,0.81868,0.8188,5.25,1.50
2011.02.01 05:51:23.663,0.81868,0.81881,5.25,3.00
2011.02.01 05:51:24.423,0.81868,0.8188,5.25,1.50
2011.02.01 05:51:24.972,0.81868,0.81881,5.25,1.50
2011.02.01 05:51:45.085,0.81876,0.81883,2.25,3.00
2011.02.01 05:51:45.207,0.81877,0.81889,1.69,1.50
2011.02.01 05:51:45.650,0.81879,0.81891,4.50,1.50
2011.02.01 05:51:49.464,0.81877,0.81889,6.94,1.50
2011.02.01 05:51:52.704,0.81877,0.81885,1.50,2.25
2011.02.01 05:51:53.036,0.81872,0.81884,1.50,8.25
2011.02.01 05:51:53.726,0.81873,0.81884,4.50,2.25
2011.02.01 05:51:54.805,0.81874,0.81884,1.50,1.50
2011.02.01 05:51:55.381,0.81877,0.81889,4.69,1.50
2011.02.01 05:51:55.974,0.81877,0.81889,5.44,1.50
2011.02.01 05:51:57.206,0.81876,0.81886,6.00,1.50
2011.02.01 05:51:57.545,0.81874,0.81882,4.50,1.69
2011.02.01 05:51:57.664,0.81872,0.81884,2.25,3.19
2011.02.01 05:51:57.965,0.81873,0.81884,1.50,2.25
2011.02.01 05:51:58.092,0.81876,0.81889,7.69,1.50
2011.02.01 05:52:00.554,0.81877,0.81889,1.69,3.00
2011.02.01 05:52:02.081,0.81877,0.81889,1.69,6.75
2011.02.01 05:52:07.602,0.81877,0.81888,1.69,3.00
2011.02.01 05:52:07.824,0.81871,0.81881,1.50,1.50
2011.02.01 05:52:08.402,0.81871,0.81881,1.50,1.50
2011.02.01 05:52:13.592,0.81871,0.81882,1.50,3.00
2011.02.01 05:52:23.944,0.81873,0.81882,2.25,2.25
2011.02.01 05:52:25.943,0.81871,0.81882,5.25,1.50
2011.02.01 05:52:26.273,0.8187,0.81883,4.50,1.50
2011.02.01 05:52:26.824,0.81869,0.8188,1.50,4.50
2011.02.01 05:52:30.346,0.81869,0.81882,5.25,2.25
2011.02.01 05:52:30.793,0.8187,0.81882,1.50,3.00
2011.02.01 05:53:21.812,0.81869,0.81882,1.69,6.19
2011.02.01 05:53:26.433,0.81872,0.81882,1.50,1.50
2011.02.01 05:53:26.982,0.81872,0.81884,1.50,6.75
2011.02.01 05:53:29.146,0.81869,0.81883,1.50,1.50
2011.02.01 05:53:29.376,0.8187,0.81882,2.44,3.75
2011.02.01 05:53:29.496,0.81869,0.81883,1.50,1.50
2011.02.01 05:53:29.613,0.8187,0.81882,1.69,4.50
2011.02.01 05:53:29.833,0.81868,0.81883,6.94,1.50
2011.02.01 05:53:29.943,0.8187,0.81882,1.69,6.00
2011.02.01 05:53:30.518,0.81871,0.81882,1.69,1.50
2011.02.01 05:53:31.073,0.81868,0.81882,6.94,2.25
2011.02.01 05:53:31.292,0.81869,0.81882,2.25,2.25
2011.02.01 05:53:32.003,0.81871,0.81882,1.50,1.50
2011.02.01 05:53:32.764,0.8187,0.81882,1.69,3.00
2011.02.01 05:53:32.875,0.81869,0.81882,1.50,3.00
2011.02.01 05:53:33.479,0.81868,0.81882,1.69,6.75
2011.02.01 05:53:37.702,0.81867,0.8188,4.69,1.50
2011.02.01 05:53:38.996,0.81867,0.81876,3.00,1.50
2011.02.01 05:53:42.992,0.81866,0.81876,1.50,1.50
2011.02.01 05:53:45.712,0.81866,0.81879,3.19,3.75
2011.02.01 05:53:47.222,0.81866,0.8188,6.94,4.50
2011.02.01 05:53:50.299,0.81867,0.81876,1.69,1.50
2011.02.01 05:53:50.853,0.81866,0.81876,2.25,1.50
2011.02.01 05:53:51.444,0.81866,0.81879,2.25,4.50
2011.02.01 05:53:58.877,0.81867,0.81877,1.69,1.50
2011.02.01 05:53:58.998,0.81867,0.8188,2.44,1.50
2011.02.01 05:54:00.993,0.81867,0.81876,5.44,1.50
2011.02.01 05:54:01.324,0.81864,0.81874,5.25,5.25
2011.02.01 05:54:01.543,0.81864,0.81876,2.25,2.25
2011.02.01 05:54:01.873,0.81865,0.81876,4.50,2.25
2011.02.01 05:54:18.344,0.81867,0.81881,1.50,2.25
2011.02.01 05:54:19.029,0.81869,0.81881,3.75,2.25
2011.02.01 05:54:19.583,0.81867,0.8188,2.44,4.50
2011.02.01 05:54:19.919,0.81867,0.81878,1.69,1.50
2011.02.01 05:54:20.486,0.81865,0.81878,4.50,1.50
2011.02.01 05:54:34.812,0.81867,0.81877,3.75,3.19
2011.02.01 05:54:35.146,0.81864,0.81872,1.50,2.25
2011.02.01 05:54:35.594,0.81864,0.81872,1.50,1.50
2011.02.01 05:54:35.814,0.81864,0.81874,5.25,1.50
2011.02.01 05:54:38.592,0.81866,0.81874,1.69,1.50
2011.02.01 05:54:38.814,0.81868,0.81879,1.69,1.50
2011.02.01 05:54:39.473,0.81868,0.81881,1.69,3.00
2011.02.01 05:54:42.925,0.81871,0.81881,1.50,1.50
2011.02.01 05:54:43.049,0.81873,0.81883,1.50,2.25
2011.02.01 05:54:44.473,0.81872,0.81886,5.44,7.50
2011.02.01 05:54:45.005,0.81875,0.81885,1.69,1.50
2011.02.01 05:54:45.125,0.81875,0.81889,5.44,1.50
2011.02.01 05:54:45.345,0.81876,0.81887,1.50,1.50
2011.02.01 05:54:45.916,0.81874,0.81885,1.50,3.75
2011.02.01 05:54:46.483,0.81873,0.81885,1.50,4.50
2011.02.01 05:54:46.814,0.81876,0.81885,2.44,4.50
2011.02.01 05:54:47.037,0.81874,0.81885,1.50,3.75
2011.02.01 05:54:47.264,0.81872,0.81884,2.25,4.69
2011.02.01 05:54:53.482,0.81871,0.81883,1.50,3.19
2011.02.01 05:55:01.254,0.81873,0.81883,1.50,2.25
2011.02.01 05:55:20.275,0.81872,0.81883,4.69,1.50
2011.02.01 05:55:20.603,0.81869,0.81882,5.25,2.25
2011.02.01 05:55:21.293,0.81869,0.81882,1.50,3.00
2011.02.01 05:55:22.514,0.81875,0.81883,1.50,2.44
2011.02.01 05:55:22.626,0.81875,0.81884,2.25,8.44
2011.02.01 05:55:22.750,0.81875,0.81885,2.44,1.50
2011.02.01 05:55:22.865,0.81873,0.81885,1.50,1.50
2011.02.01 05:55:25.062,0.81873,0.81886,1.50,5.25
2011.02.01 05:55:25.644,0.81873,0.81885,1.50,1.50
2011.02.01 05:55:28.326,0.81873,0.81883,4.50,1.50
2011.02.01 05:55:28.555,0.81871,0.81882,4.50,2.25
2011.02.01 05:55:29.112,0.81869,0.81883,5.25,2.25
2011.02.01 05:55:30.174,0.81869,0.81881,6.00,1.50
2011.02.01 05:55:47.193,0.81868,0.81881,5.44,1.50
2011.02.01 05:55:47.743,0.81867,0.81881,2.44,2.25
2011.02.01 05:55:53.933,0.81867,0.81879,2.44,1.50
2011.02.01 05:56:09.015,0.81868,0.81881,1.69,3.75
2011.02.01 05:56:14.575,0.81867,0.8188,1.69,2.25
2011.02.01 05:56:14.683,0.81866,0.81879,6.75,1.50
2011.02.01 05:56:15.555,0.81864,0.81877,2.25,4.50
2011.02.01 05:56:29.659,0.81865,0.81877,3.94,3.75
2011.02.01 05:56:30.255,0.81866,0.81879,4.69,3.00
2011.02.01 05:56:33.259,0.81867,0.81878,1.69,2.25
2011.02.01 05:56:35.695,0.81866,0.81878,4.69,1.50
2011.02.01 05:56:35.806,0.81865,0.81877,2.25,4.50
2011.02.01 05:56:39.064,0.81865,0.81877,3.19,1.50
2011.02.01 05:56:39.643,0.81865,0.81879,7.69,1.50
2011.02.01 05:56:40.194,0.81866,0.81878,1.69,1.73
2011.02.01 05:56:40.744,0.81865,0.81877,5.25,2.40
2011.02.01 05:56:41.293,0.81864,0.81876,1.50,1.65
2011.02.01 05:56:50.162,0.81864,0.81876,1.50,6.87
2011.02.01 05:56:50.770,0.81863,0.81872,2.25,1.50
2011.02.01 05:56:50.993,0.81863,0.81875,2.25,1.50
2011.02.01 05:56:51.584,0.81863,0.81874,2.25,1.50
2011.02.01 05:56:53.664,0.81863,0.81877,2.25,2.25
2011.02.01 05:56:55.653,0.81865,0.81877,1.69,2.25
2011.02.01 05:56:56.203,0.81866,0.8188,6.94,6.75
2011.02.01 05:57:00.902,0.81866,0.81878,5.25,2.25
2011.02.01 05:57:01.556,0.81864,0.81878,1.50,7.50
2011.02.01 05:57:01.682,0.81866,0.8188,5.44,5.25
2011.02.01 05:57:05.794,0.81867,0.81881,5.44,3.00
2011.02.01 05:57:06.124,0.81866,0.81879,2.44,4.50
2011.02.01 05:57:21.090,0.81864,0.81877,1.50,6.00
2011.02.01 05:57:26.081,0.81864,0.81875,1.50,4.50
2011.02.01 05:57:26.305,0.81863,0.81874,3.00,3.75
2011.02.01 05:57:26.853,0.81864,0.81874,2.25,1.50
2011.02.01 05:57:28.024,0.81864,0.81876,2.25,6.00
2011.02.01 05:57:30.725,0.81864,0.81875,2.25,3.75
2011.02.01 05:57:31.313,0.81864,0.81876,2.25,4.95
2011.02.01 05:57:32.564,0.81864,0.81875,1.50,1.50
2011.02.01 05:57:32.678,0.81863,0.81874,1.50,4.50
2011.02.01 05:57:32.795,0.81863,0.81874,1.50,3.75
2011.02.01 05:57:33.018,0.81863,0.81876,1.50,5.25
2011.02.01 05:57:33.352,0.81864,0.81875,1.50,1.50
2011.02.01 05:57:40.321,0.81864,0.81876,1.50,1.50
2011.02.01 05:57:42.714,0.81867,0.81876,1.50,1.50
2011.02.01 05:57:43.296,0.81867,0.8188,1.50,5.25
2011.02.01 05:57:57.784,0.81868,0.8188,1.69,3.75
2011.02.01 05:57:58.343,0.81869,0.81883,3.75,3.19
2011.02.01 05:57:58.896,0.81869,0.81883,4.50,3.19
2011.02.01 05:58:07.113,0.8187,0.81883,4.50,2.44
2011.02.01 05:58:10.974,0.81876,0.81883,1.69,1.50
2011.02.01 05:58:11.085,0.81876,0.81886,1.69,1.50
2011.02.01 05:58:11.450,0.81871,0.81882,1.50,3.19
2011.02.01 05:58:13.542,0.81873,0.81882,1.69,2.25
2011.02.01 05:58:13.656,0.81877,0.81884,1.69,3.75
2011.02.01 05:58:14.201,0.81877,0.81889,1.69,2.25
2011.02.01 05:58:14.318,0.81877,0.8189,5.44,2.25
2011.02.01 05:58:14.874,0.81879,0.8189,1.50,2.25
2011.02.01 05:58:17.162,0.81877,0.81889,2.44,1.50
2011.02.01 05:58:17.823,0.81875,0.81887,1.50,1.50
2011.02.01 05:58:23.739,0.81877,0.81889,1.50,6.19
2011.02.01 05:58:36.373,0.81877,0.81889,1.69,6.00
2011.02.01 05:58:36.944,0.81875,0.81887,1.50,5.25
2011.02.01 05:58:42.986,0.81877,0.81889,1.50,5.25
2011.02.01 05:58:57.777,0.81879,0.81891,1.50,1.69
2011.02.01 05:59:10.514,0.81879,0.81892,6.75,3.19
2011.02.01 05:59:15.450,0.81881,0.81892,3.00,3.19
2011.02.01 05:59:15.785,0.81887,0.81897,1.69,1.20
2011.02.01 05:59:16.115,0.81887,0.81898,1.69,4.50
2011.02.01 05:59:16.445,0.81886,0.81896,2.25,4.50
2011.02.01 05:59:16.959,0.81886,0.81896,4.50,3.75
2011.02.01 05:59:17.185,0.81886,0.81899,5.44,3.75
2011.02.01 05:59:19.224,0.81886,0.819,9.19,3.75
2011.02.01 05:59:23.556,0.81886,0.81898,2.25,4.50
2011.02.01 05:59:24.213,0.81884,0.81898,1.50,4.50
2011.02.01 05:59:28.746,0.81886,0.81899,2.44,4.50
2011.02.01 05:59:29.112,0.81887,0.81901,2.44,4.50
2011.02.01 05:59:29.225,0.81888,0.81901,2.44,3.75
2011.02.01 05:59:30.507,0.81888,0.81901,3.00,5.25
2011.02.01 05:59:30.958,0.81889,0.819,1.50,1.50
2011.02.01 05:59:38.765,0.81888,0.819,2.44,3.75
2011.02.01 05:59:39.314,0.81888,0.81901,2.44,4.50
2011.02.01 05:59:39.639,0.81889,0.81901,1.69,5.25
2011.02.01 05:59:40.304,0.81889,0.819,1.69,3.75
2011.02.01 05:59:40.744,0.81889,0.81899,1.69,3.75
2011.02.01 05:59:43.474,0.81889,0.81901,1.50,5.25
2011.02.01 05:59:44.045,0.81889,0.81902,2.25,5.25
2011.02.01 05:59:44.593,0.81889,0.819,2.25,3.75
2011.02.01 05:59:49.804,0.8189,0.819,3.00,3.75
2011.02.01 05:59:50.178,0.81898,0.81907,1.69,6.00
2011.02.01 05:59:52.445,0.81897,0.81908,1.69,4.50
