2015.11.25 07:00:00.313,1.22298,1.223,1.00,1.10
2015.11.25 07:00:00.753,1.22296,1.22298,1.95,1.00
2015.11.25 07:00:01.260,1.22297,1.22299,1.12,1.10
2015.11.25 07:00:01.973,1.22296,1.22298,1.20,1.00
2015.11.25 07:00:02.484,1.22297,1.22298,1.10,1.00
2015.11.25 07:00:02.535,1.22299,1.22301,1.00,1.87
2015.11.25 07:00:03.290,1.22298,1.22301,1.00,2.62
2015.11.25 07:00:04.862,1.22298,1.22301,1.00,2.62
2015.11.25 07:00:05.492,1.22297,1.22299,1.20,1.00
2015.11.25 07:00:05.998,1.22298,1.223,1.00,2.25
2015.11.25 07:00:08.689,1.22298,1.223,1.00,1.20
2015.11.25 07:00:09.194,1.22299,1.22301,1.00,1.47
2015.11.25 07:00:10.007,1.22301,1.22303,1.00,2.25
2015.11.25 07:00:10.109,1.22299,1.22302,1.00,1.87
2015.11.25 07:00:10.160,1.223,1.22302,1.00,1.12
2015.11.25 07:00:10.465,1.22298,1.22301,1.87,1.50
2015.11.25 07:00:10.770,1.22298,1.22302,1.87,2.62
2015.11.25 07:00:11.381,1.22299,1.22301,1.12,1.37
2015.11.25 07:00:12.185,1.22298,1.22301,1.12,1.50
2015.11.25 07:00:12.686,1.22298,1.223,1.00,4.12
2015.11.25 07:00:13.192,1.22297,1.22299,1.00,1.12
2015.11.25 07:00:13.496,1.22296,1.22299,1.87,1.87
2015.11.25 07:00:13.598,1.22297,1.22299,1.00,1.12
2015.11.25 07:00:14.961,1.22297,1.22298,1.00,1.00
2015.11.25 07:00:19.984,1.22297,1.22299,1.00,1.87
2015.11.25 07:00:20.490,1.22298,1.22299,1.00,1.87
2015.11.25 07:00:21.301,1.22302,1.22304,1.87,6.75
2015.11.25 07:00:21.352,1.22304,1.22306,1.00,2.70
2015.11.25 07:00:21.860,1.22304,1.22306,1.00,1.95
2015.11.25 07:00:26.069,1.22304,1.22305,1.00,1.00
2015.11.25 07:00:26.170,1.22302,1.22306,3.37,1.20
2015.11.25 07:00:26.221,1.22304,1.22306,1.00,1.10
2015.11.25 07:00:26.424,1.22307,1.22309,1.00,3.00
2015.11.25 07:00:27.421,1.22307,1.22309,1.00,3.00
2015.11.25 07:00:27.927,1.22307,1.22308,1.00,1.50
2015.11.25 07:00:29.355,1.22306,1.22308,1.12,1.12
2015.11.25 07:00:29.406,1.22308,1.2231,1.12,2.25
2015.11.25 07:00:29.457,1.2231,1.22311,1.00,3.37
2015.11.25 07:00:29.508,1.2231,1.22312,1.87,1.10
2015.11.25 07:00:29.609,1.2231,1.22314,1.95,1.50
2015.11.25 07:00:30.013,1.22311,1.22315,1.20,1.10
2015.11.25 07:00:30.115,1.22312,1.22316,1.37,2.25
2015.11.25 07:00:30.935,1.22313,1.22316,1.47,1.10
2015.11.25 07:00:32.573,1.22313,1.22317,1.10,2.62
2015.11.25 07:00:33.460,1.22312,1.22314,3.75,1.00
2015.11.25 07:00:33.663,1.2231,1.22312,1.57,1.00
2015.11.25 07:00:33.867,1.22308,1.22311,2.25,1.00
2015.11.25 07:00:34.518,1.22307,1.22311,3.00,1.50
2015.11.25 07:00:40.685,1.22309,1.22311,1.00,2.62
2015.11.25 07:00:46.075,1.22308,1.2231,1.10,1.10
2015.11.25 07:00:46.176,1.22306,1.22308,1.10,1.00
2015.11.25 07:00:46.575,1.22304,1.22306,1.00,3.00
2015.11.25 07:00:47.808,1.22303,1.22306,1.00,3.00
2015.11.25 07:00:49.557,1.22304,1.22306,1.00,2.62
2015.11.25 07:00:50.100,1.22304,1.22306,1.10,1.87
2015.11.25 07:00:52.007,1.22304,1.22306,1.00,2.70
2015.11.25 07:00:52.517,1.22304,1.22305,1.00,1.00
2015.11.25 07:00:54.559,1.22304,1.22306,1.00,2.70
2015.11.25 07:00:56.762,1.22304,1.22307,1.10,2.70
2015.11.25 07:00:57.557,1.22304,1.22307,1.50,2.62
2015.11.25 07:01:02.304,1.22306,1.22307,1.00,1.00
2015.11.25 07:01:05.461,1.22306,1.22307,1.00,1.00
2015.11.25 07:01:05.562,1.22308,1.2231,1.00,1.95
2015.11.25 07:01:05.917,1.2231,1.22312,1.00,1.87
2015.11.25 07:01:06.430,1.22311,1.22314,1.12,2.62
2015.11.25 07:01:06.937,1.22311,1.22312,1.12,1.12
2015.11.25 07:01:08.713,1.2231,1.22313,1.12,1.87
2015.11.25 07:01:09.156,1.22306,1.22308,7.50,1.50
2015.11.25 07:01:09.208,1.22306,1.22308,1.12,1.50
2015.11.25 07:01:09.815,1.22306,1.22309,1.00,2.32
2015.11.25 07:01:11.729,1.22307,1.22309,1.00,2.70
2015.11.25 07:01:12.787,1.22307,1.2231,1.12,1.95
2015.11.25 07:01:16.237,1.22308,1.2231,1.00,1.10
2015.11.25 07:01:17.746,1.22309,1.22311,1.00,2.62
2015.11.25 07:01:18.274,1.22309,1.22311,1.00,1.95
2015.11.25 07:01:24.822,1.22309,1.22312,1.20,1.95
2015.11.25 07:01:25.351,1.2231,1.22313,1.00,4.12
2015.11.25 07:01:25.896,1.22311,1.22313,1.00,1.87
2015.11.25 07:01:26.061,1.22309,1.22312,1.20,1.00
2015.11.25 07:01:26.749,1.22309,1.22312,4.50,1.00
2015.11.25 07:01:27.325,1.2231,1.22313,1.20,1.12
2015.11.25 07:01:28.378,1.22309,1.22312,3.75,1.00
2015.11.25 07:01:32.234,1.22309,1.22311,2.62,1.00
2015.11.25 07:01:32.437,1.22307,1.22309,1.12,1.50
2015.11.25 07:01:32.866,1.22305,1.22307,1.20,1.00
2015.11.25 07:01:51.676,1.22304,1.22306,1.95,1.00
2015.11.25 07:01:52.183,1.22304,1.22307,1.95,1.12
2015.11.25 07:01:53.407,1.22304,1.22306,1.47,1.00
2015.11.25 07:01:54.915,1.22303,1.22306,2.62,1.12
2015.11.25 07:01:55.492,1.22304,1.22307,1.00,3.37
2015.11.25 07:01:55.998,1.22304,1.22307,1.00,4.12
2015.11.25 07:01:57.235,1.22304,1.22307,1.00,3.37
2015.11.25 07:01:57.743,1.22304,1.22307,1.00,3.37
2015.11.25 07:01:58.470,1.22303,1.22306,1.20,1.20
2015.11.25 07:01:59.146,1.22304,1.22306,1.00,1.20
2015.11.25 07:02:00.158,1.22304,1.22307,1.00,4.12
2015.11.25 07:02:00.971,1.22304,1.22307,1.00,4.12
2015.11.25 07:02:01.416,1.22306,1.22307,1.00,1.87
2015.11.25 07:02:01.923,1.22305,1.22308,1.00,3.37
2015.11.25 07:02:05.564,1.22306,1.22307,1.00,1.00
2015.11.25 07:02:06.124,1.22306,1.22308,1.00,2.62
2015.11.25 07:02:08.752,1.22306,1.22309,1.00,3.00
2015.11.25 07:02:08.906,1.22309,1.2231,1.00,1.50
2015.11.25 07:02:09.059,1.22309,1.22311,1.12,1.12
2015.11.25 07:02:09.617,1.22309,1.22313,1.87,2.25
2015.11.25 07:02:09.819,1.22309,1.22312,1.12,1.69
2015.11.25 07:02:11.798,1.22309,1.22312,1.00,2.25
2015.11.25 07:02:12.214,1.2231,1.22314,2.62,1.87
2015.11.25 07:02:12.671,1.22313,1.22314,1.00,1.00
2015.11.25 07:02:16.373,1.22313,1.22315,1.00,4.87
2015.11.25 07:02:16.780,1.22315,1.22317,1.00,2.62
2015.11.25 07:02:17.285,1.22315,1.22318,1.10,3.45
2015.11.25 07:02:17.819,1.22315,1.22318,1.10,3.45
2015.11.25 07:02:19.748,1.22316,1.22319,1.00,3.75
2015.11.25 07:02:20.256,1.22318,1.2232,1.00,4.12
2015.11.25 07:02:20.813,1.22317,1.2232,1.00,3.75
2015.11.25 07:02:21.841,1.22318,1.2232,1.00,3.00
2015.11.25 07:02:21.993,1.22318,1.2232,1.00,1.10
2015.11.25 07:02:22.502,1.22319,1.22321,1.00,1.87
2015.11.25 07:02:23.047,1.22319,1.22321,1.00,1.10
2015.11.25 07:02:24.418,1.2232,1.22321,1.00,1.10
2015.11.25 07:02:37.630,1.22318,1.22321,2.62,2.25
2015.11.25 07:02:37.738,1.22318,1.22319,1.00,1.00
2015.11.25 07:02:39.613,1.22318,1.2232,1.00,4.57
2015.11.25 07:02:46.806,1.22318,1.2232,1.00,3.37
2015.11.25 07:02:47.312,1.22319,1.22321,1.00,1.20
2015.11.25 07:02:48.252,1.2232,1.22322,1.00,1.87
2015.11.25 07:02:48.759,1.22321,1.22324,1.00,3.37
2015.11.25 07:02:49.282,1.22322,1.22324,1.00,1.50
2015.11.25 07:02:49.587,1.22324,1.22327,1.00,1.47
2015.11.25 07:02:49.790,1.22326,1.22328,1.00,6.00
2015.11.25 07:02:50.755,1.22327,1.22329,1.00,1.87
2015.11.25 07:02:51.315,1.22327,1.22329,1.00,1.50
2015.11.25 07:02:57.548,1.22326,1.22329,1.00,3.00
2015.11.25 07:02:58.332,1.22327,1.22329,1.00,2.62
2015.11.25 07:02:58.840,1.22326,1.22328,1.00,1.00
2015.11.25 07:02:59.990,1.22326,1.22328,1.00,1.37
2015.11.25 07:03:00.498,1.22324,1.22326,1.87,1.00
2015.11.25 07:03:00.650,1.22323,1.22325,1.20,1.00
2015.11.25 07:03:02.173,1.22323,1.22324,1.12,1.00
2015.11.25 07:03:02.325,1.22323,1.22324,1.00,1.00
2015.11.25 07:03:02.579,1.22318,1.22319,1.00,1.00
2015.11.25 07:03:02.630,1.22316,1.22318,2.25,1.00
2015.11.25 07:03:02.782,1.22315,1.22316,2.25,1.10
2015.11.25 07:03:03.153,1.22313,1.22316,1.87,1.57
2015.11.25 07:03:03.210,1.22311,1.22314,3.75,1.50
2015.11.25 07:03:03.515,1.22311,1.22314,3.75,1.50
2015.11.25 07:03:04.339,1.22311,1.22314,3.37,1.12
2015.11.25 07:03:05.265,1.22313,1.22316,1.00,3.75
2015.11.25 07:03:05.817,1.22313,1.22316,1.00,4.12
2015.11.25 07:03:11.640,1.22313,1.22315,1.00,1.00
2015.11.25 07:03:12.148,1.22314,1.22316,1.00,1.50
2015.11.25 07:03:13.000,1.22314,1.22317,1.12,1.87
2015.11.25 07:03:15.191,1.22314,1.22317,1.12,1.50
2015.11.25 07:03:21.059,1.22315,1.22317,1.00,1.50
2015.11.25 07:03:21.590,1.22314,1.22317,1.00,2.25
2015.11.25 07:03:22.128,1.22315,1.22317,1.00,1.50
2015.11.25 07:03:23.142,1.22315,1.22317,1.00,2.25
2015.11.25 07:03:23.293,1.22317,1.22319,1.00,2.25
2015.11.25 07:03:23.496,1.22319,1.22321,1.00,1.87
2015.11.25 07:03:24.002,1.22319,1.22321,1.00,1.00
2015.11.25 07:03:25.472,1.22319,1.22322,1.00,3.37
2015.11.25 07:03:34.147,1.22319,1.22322,1.12,1.50
2015.11.25 07:03:34.199,1.22321,1.22323,1.00,1.50
2015.11.25 07:03:34.908,1.22321,1.22323,1.00,1.50
2015.11.25 07:03:35.715,1.22322,1.22324,1.00,1.50
2015.11.25 07:03:36.223,1.22322,1.22325,1.00,2.62
2015.11.25 07:03:36.730,1.22322,1.22325,1.00,2.25
2015.11.25 07:03:37.264,1.22322,1.22325,1.10,1.95
2015.11.25 07:03:37.803,1.22323,1.22325,1.00,1.95
2015.11.25 07:03:38.107,1.22321,1.22322,1.00,1.00
2015.11.25 07:03:38.484,1.2232,1.22322,1.10,1.00
2015.11.25 07:03:38.990,1.22321,1.22324,1.00,2.70
2015.11.25 07:03:39.193,1.22322,1.22324,1.00,1.20
2015.11.25 07:03:39.497,1.22324,1.22327,1.00,3.00
2015.11.25 07:03:40.006,1.22325,1.22327,1.00,3.00
2015.11.25 07:03:42.293,1.22324,1.22327,1.00,3.00
2015.11.25 07:03:48.347,1.22321,1.22323,1.00,1.57
2015.11.25 07:03:48.398,1.22319,1.22322,1.20,1.00
2015.11.25 07:03:49.158,1.22319,1.22321,1.00,1.00
2015.11.25 07:03:49.687,1.22318,1.22321,1.10,1.50
2015.11.25 07:03:52.319,1.22318,1.22321,1.20,1.87
2015.11.25 07:03:53.586,1.22317,1.2232,1.20,1.12
2015.11.25 07:03:54.193,1.22318,1.22321,1.00,3.45
2015.11.25 07:03:54.905,1.22317,1.2232,1.20,1.00
2015.11.25 07:04:00.955,1.22318,1.22321,1.00,3.45
2015.11.25 07:04:01.467,1.22318,1.22321,1.57,1.87
2015.11.25 07:04:01.519,1.22319,1.22322,1.50,2.70
2015.11.25 07:04:02.027,1.22321,1.22324,1.12,1.50
2015.11.25 07:04:02.794,1.22322,1.22325,1.12,2.25
2015.11.25 07:04:03.300,1.22322,1.22325,1.87,1.50
2015.11.25 07:04:04.774,1.22323,1.22326,1.12,2.25
2015.11.25 07:04:06.088,1.22323,1.22326,1.20,1.87
2015.11.25 07:04:06.747,1.22323,1.22326,1.57,1.12
2015.11.25 07:04:13.268,1.22323,1.22325,1.47,1.00
2015.11.25 07:04:16.805,1.22323,1.22324,1.20,1.00
2015.11.25 07:04:17.179,1.2232,1.22323,3.82,1.10
2015.11.25 07:04:18.087,1.22322,1.22324,1.00,1.50
2015.11.25 07:04:18.589,1.22322,1.22325,3.37,1.50
2015.11.25 07:04:19.128,1.22323,1.22325,1.37,1.10
2015.11.25 07:04:20.930,1.22323,1.22326,1.95,1.20
2015.11.25 07:04:21.910,1.22323,1.22325,1.47,1.00
2015.11.25 07:04:24.451,1.22323,1.22324,1.12,1.00
2015.11.25 07:04:26.960,1.22323,1.22325,1.37,1.10
2015.11.25 07:04:28.053,1.22323,1.22324,1.12,1.00
2015.11.25 07:04:28.574,1.22323,1.22325,1.37,1.10
2015.11.25 07:04:29.081,1.22323,1.22324,1.12,1.00
2015.11.25 07:04:29.747,1.22323,1.22325,1.37,1.10
2015.11.25 07:04:30.253,1.22324,1.22326,1.37,1.10
2015.11.25 07:04:33.359,1.22326,1.22328,1.00,1.87
2015.11.25 07:04:33.563,1.22328,1.22329,1.00,1.00
2015.11.25 07:04:33.615,1.22328,1.22331,1.00,3.37
2015.11.25 07:04:33.717,1.22328,1.22331,1.57,1.10
2015.11.25 07:04:34.224,1.2233,1.22332,1.37,1.10
2015.11.25 07:04:37.466,1.2233,1.22333,2.70,1.00
2015.11.25 07:04:38.223,1.2233,1.22334,4.12,1.12
2015.11.25 07:04:39.075,1.2233,1.22333,4.12,1.00
2015.11.25 07:04:39.580,1.22331,1.22333,1.47,1.00
2015.11.25 07:04:40.136,1.22331,1.22334,2.32,1.00
2015.11.25 07:04:41.130,1.22331,1.22333,1.57,1.00
2015.11.25 07:04:42.207,1.22331,1.22334,1.95,1.50
2015.11.25 07:04:42.712,1.22331,1.22333,1.47,1.00
2015.11.25 07:04:43.936,1.22331,1.22334,1.87,1.95
2015.11.25 07:04:46.801,1.22333,1.22335,1.00,1.20
2015.11.25 07:04:47.311,1.22331,1.22334,2.70,1.00
2015.11.25 07:04:47.816,1.22331,1.22334,1.87,1.75
2015.11.25 07:04:48.514,1.22331,1.22334,1.00,3.00
2015.11.25 07:04:53.628,1.22331,1.22333,1.00,1.12
2015.11.25 07:04:54.423,1.2233,1.22333,1.00,2.62
2015.11.25 07:04:54.474,1.22329,1.22331,1.12,1.10
2015.11.25 07:04:59.306,1.22328,1.22331,1.12,1.95
2015.11.25 07:05:00.190,1.22329,1.22332,1.00,4.12
2015.11.25 07:05:00.695,1.22328,1.22331,1.87,1.20
2015.11.25 07:05:01.387,1.22328,1.22331,2.62,1.20
2015.11.25 07:05:01.896,1.2233,1.22332,1.00,2.25
2015.11.25 07:05:02.407,1.2233,1.22332,1.00,1.10
2015.11.25 07:05:04.881,1.22329,1.22332,1.12,1.10
2015.11.25 07:05:05.267,1.22329,1.22331,1.00,2.25
2015.11.25 07:05:05.774,1.22328,1.22331,1.00,3.00
2015.11.25 07:05:06.280,1.22328,1.22331,1.00,3.37
2015.11.25 07:05:06.967,1.22328,1.22331,1.50,1.87
2015.11.25 07:05:07.474,1.22329,1.22332,1.12,2.62
2015.11.25 07:05:08.234,1.22331,1.22333,1.00,4.50
2015.11.25 07:05:08.740,1.2233,1.22333,1.12,5.25
2015.11.25 07:05:12.403,1.22329,1.22332,1.20,1.95
2015.11.25 07:05:13.381,1.2233,1.22332,1.00,1.87
2015.11.25 07:05:13.913,1.22331,1.22332,1.00,1.00
2015.11.25 07:05:14.622,1.2233,1.22333,1.12,1.87
2015.11.25 07:05:15.001,1.22328,1.22331,1.00,2.62
2015.11.25 07:05:15.204,1.22327,1.2233,1.87,1.75
2015.11.25 07:05:16.755,1.22327,1.2233,1.87,1.87
2015.11.25 07:05:17.279,1.22328,1.2233,1.00,1.12
2015.11.25 07:05:17.806,1.22328,1.2233,1.00,1.12
2015.11.25 07:05:18.433,1.22329,1.22331,1.00,1.12
2015.11.25 07:05:18.942,1.22328,1.22332,1.12,4.50
2015.11.25 07:05:19.785,1.22328,1.22331,1.12,1.75
2015.11.25 07:05:22.559,1.22327,1.22329,1.87,1.50
2015.11.25 07:05:22.711,1.22326,1.22329,1.87,2.25
2015.11.25 07:05:29.392,1.22326,1.22329,1.95,1.57
2015.11.25 07:05:32.560,1.22328,1.22329,1.00,1.10
2015.11.25 07:05:35.651,1.22326,1.22328,1.00,1.10
2015.11.25 07:05:36.159,1.22325,1.22327,1.10,1.50
2015.11.25 07:05:36.665,1.22326,1.22327,1.00,1.50
2015.11.25 07:05:37.344,1.22326,1.22328,1.12,1.10
2015.11.25 07:05:37.559,1.22327,1.22329,1.00,2.62
2015.11.25 07:05:37.928,1.22329,1.22331,1.00,2.62
2015.11.25 07:05:38.181,1.22331,1.22332,1.00,1.20
2015.11.25 07:05:38.692,1.22332,1.22333,1.00,1.10
2015.11.25 07:05:39.198,1.22333,1.22334,1.00,1.12
2015.11.25 07:05:39.502,1.22333,1.22335,1.00,5.32
2015.11.25 07:05:44.546,1.22333,1.22335,1.12,1.57
2015.11.25 07:05:46.523,1.22333,1.22335,1.12,1.20
2015.11.25 07:05:52.978,1.22333,1.22335,1.00,1.50
2015.11.25 07:05:53.484,1.22335,1.22337,1.00,2.62
2015.11.25 07:05:54.504,1.22336,1.22338,1.00,2.62
2015.11.25 07:05:55.011,1.22337,1.22339,1.00,1.12
2015.11.25 07:05:55.062,1.22336,1.22338,1.10,1.00
2015.11.25 07:05:55.808,1.22338,1.2234,1.87,1.00
2015.11.25 07:05:56.971,1.22338,1.2234,1.87,1.00
2015.11.25 07:05:57.493,1.22338,1.2234,2.62,1.00
2015.11.25 07:05:58.514,1.22337,1.22339,2.70,1.00
2015.11.25 07:05:59.037,1.22338,1.22339,1.12,1.00
2015.11.25 07:06:00.493,1.22337,1.22339,2.70,1.00
2015.11.25 07:06:01.344,1.22335,1.22337,1.20,1.00
2015.11.25 07:06:06.234,1.22334,1.22336,3.37,1.00
2015.11.25 07:06:06.762,1.22334,1.22336,1.12,1.50
2015.11.25 07:06:08.340,1.22333,1.22335,1.12,1.10
2015.11.25 07:06:11.690,1.22332,1.22334,1.12,1.00
2015.11.25 07:06:12.515,1.22331,1.22333,1.00,1.10
2015.11.25 07:06:13.023,1.22329,1.22331,1.50,1.00
2015.11.25 07:06:13.074,1.22328,1.22331,2.62,1.10
2015.11.25 07:06:13.613,1.22328,1.22331,1.12,2.25
2015.11.25 07:06:14.125,1.22327,1.2233,3.00,1.10
2015.11.25 07:06:15.165,1.22326,1.22329,2.32,1.00
2015.11.25 07:06:15.692,1.22327,1.22329,1.00,1.10
2015.11.25 07:06:16.546,1.22328,1.2233,1.00,1.50
2015.11.25 07:06:16.910,1.22328,1.22331,3.45,1.00
2015.11.25 07:06:17.615,1.22329,1.22331,1.87,1.00
2015.11.25 07:06:18.123,1.22329,1.22332,2.25,1.12
2015.11.25 07:06:18.896,1.2233,1.22331,1.50,1.00
2015.11.25 07:06:19.406,1.22329,1.22331,1.50,1.00
2015.11.25 07:06:19.933,1.22327,1.2233,2.62,1.00
2015.11.25 07:06:20.310,1.22329,1.22331,2.70,1.00
2015.11.25 07:06:20.465,1.2233,1.22333,1.12,1.20
2015.11.25 07:06:20.718,1.22331,1.22334,3.45,1.12
2015.11.25 07:06:21.022,1.22334,1.22337,1.95,1.87
2015.11.25 07:06:21.609,1.22337,1.2234,3.00,1.12
2015.11.25 07:06:22.117,1.22338,1.2234,1.95,1.00
2015.11.25 07:06:23.052,1.22337,1.2234,1.87,1.00
2015.11.25 07:06:23.204,1.22336,1.22338,1.47,1.00
2015.11.25 07:06:23.307,1.22338,1.2234,1.00,1.10
2015.11.25 07:06:23.662,1.22337,1.22339,3.00,1.00
2015.11.25 07:06:23.763,1.22338,1.22341,1.20,1.00
2015.11.25 07:06:23.965,1.22337,1.22339,3.00,1.00
2015.11.25 07:06:25.024,1.22336,1.22338,2.25,1.00
2015.11.25 07:06:25.531,1.22335,1.22338,2.70,1.00
2015.11.25 07:06:25.835,1.22338,1.22339,1.87,1.00
2015.11.25 07:06:26.223,1.22339,1.22341,1.47,1.12
2015.11.25 07:06:28.427,1.22338,1.22341,2.62,1.10
2015.11.25 07:06:30.390,1.22338,1.22339,1.50,1.00
2015.11.25 07:06:30.646,1.22335,1.22338,3.75,1.00
2015.11.25 07:06:31.152,1.22335,1.22338,2.70,1.00
2015.11.25 07:06:31.555,1.22336,1.22339,3.37,1.10
2015.11.25 07:06:32.501,1.22336,1.22338,2.62,1.00
2015.11.25 07:06:33.032,1.22336,1.22339,3.37,1.10
2015.11.25 07:06:35.993,1.22337,1.22338,1.00,1.00
2015.11.25 07:06:36.959,1.22337,1.22339,1.00,1.10
2015.11.25 07:06:37.509,1.22337,1.22338,1.00,1.00
2015.11.25 07:06:37.914,1.22335,1.22337,1.00,1.00
2015.11.25 07:06:38.016,1.22333,1.22336,1.87,1.00
2015.11.25 07:06:38.655,1.22329,1.2233,1.00,1.57
2015.11.25 07:06:38.706,1.22327,1.2233,1.00,2.32
2015.11.25 07:06:38.808,1.22327,1.2233,1.00,3.00
2015.11.25 07:06:39.466,1.22326,1.22328,1.87,1.87
2015.11.25 07:06:39.952,1.22329,1.2233,1.00,1.20
2015.11.25 07:06:40.538,1.2233,1.22332,1.00,3.00
2015.11.25 07:06:41.321,1.22329,1.2233,1.00,1.10
2015.11.25 07:06:41.380,1.22327,1.2233,1.00,3.07
2015.11.25 07:06:41.887,1.22327,1.2233,1.00,3.75
2015.11.25 07:06:42.392,1.22328,1.2233,1.00,1.87
2015.11.25 07:06:42.787,1.22329,1.22331,1.00,1.10
2015.11.25 07:06:43.292,1.22328,1.2233,1.50,1.57
2015.11.25 07:06:43.696,1.22328,1.22329,1.50,1.00
2015.11.25 07:06:44.130,1.2233,1.22332,1.12,1.10
2015.11.25 07:06:46.243,1.2233,1.22333,1.00,3.37
2015.11.25 07:06:46.749,1.2233,1.22333,1.00,4.12
2015.11.25 07:06:47.289,1.22329,1.22331,1.00,1.57
2015.11.25 07:06:47.796,1.22329,1.22331,1.00,2.25
2015.11.25 07:06:51.145,1.22328,1.22331,1.00,3.37
2015.11.25 07:06:51.651,1.22327,1.22329,1.12,1.00
2015.11.25 07:06:52.161,1.22328,1.22329,1.00,1.00
2015.11.25 07:06:58.262,1.22328,1.22329,1.00,1.20
2015.11.25 07:06:58.865,1.22332,1.22334,1.00,2.32
2015.11.25 07:06:59.371,1.22332,1.22334,1.00,1.95
2015.11.25 07:07:00.094,1.22329,1.22332,4.12,1.00
2015.11.25 07:07:00.807,1.22328,1.2233,1.95,1.00
2015.11.25 07:07:01.313,1.22327,1.22329,3.37,1.00
2015.11.25 07:07:08.265,1.22327,1.22329,2.62,1.00
2015.11.25 07:07:08.824,1.22326,1.22328,1.20,1.00
2015.11.25 07:07:10.390,1.22326,1.22327,1.00,1.00
2015.11.25 07:07:11.269,1.22326,1.22328,1.00,1.00
2015.11.25 07:07:11.776,1.22326,1.22329,1.12,1.10
2015.11.25 07:07:12.494,1.22327,1.22329,1.00,1.10
2015.11.25 07:07:13.123,1.22326,1.22329,1.50,1.10
2015.11.25 07:07:14.747,1.22327,1.22329,1.00,1.10
2015.11.25 07:07:20.136,1.22328,1.2233,1.00,1.57
2015.11.25 07:07:20.237,1.22329,1.22332,1.00,2.25
2015.11.25 07:07:20.288,1.22331,1.22333,1.00,4.57
2015.11.25 07:07:20.441,1.22332,1.22334,1.00,1.00
2015.11.25 07:07:20.492,1.22333,1.22335,1.00,2.62
2015.11.25 07:07:20.997,1.22335,1.22337,1.00,1.10
2015.11.25 07:07:22.358,1.22333,1.22335,1.20,1.00
2015.11.25 07:07:27.399,1.22333,1.22336,3.07,1.00
2015.11.25 07:07:28.121,1.22334,1.22336,1.47,1.00
2015.11.25 07:07:28.630,1.22335,1.22337,1.12,1.00
2015.11.25 07:07:30.076,1.22334,1.22336,3.07,1.00
2015.11.25 07:07:30.734,1.22335,1.22337,1.12,1.00
2015.11.25 07:07:31.220,1.22338,1.22341,1.00,2.25
2015.11.25 07:07:31.271,1.22341,1.22342,1.00,2.25
2015.11.25 07:07:31.374,1.22341,1.22343,1.50,1.10
2015.11.25 07:07:31.884,1.22339,1.22341,1.87,1.00
2015.11.25 07:07:32.633,1.22337,1.22339,1.00,1.00
2015.11.25 07:07:32.684,1.22335,1.22337,1.00,1.10
2015.11.25 07:07:33.190,1.22334,1.22337,2.25,1.10
2015.11.25 07:07:33.717,1.22335,1.22337,1.00,1.10
2015.11.25 07:07:34.394,1.22334,1.22337,2.25,1.10
2015.11.25 07:07:34.927,1.22335,1.22337,1.00,1.10
2015.11.25 07:07:35.526,1.22334,1.22337,2.25,1.10
2015.11.25 07:07:36.036,1.22335,1.22337,1.00,1.10
2015.11.25 07:07:38.052,1.22336,1.22338,1.00,1.50
2015.11.25 07:07:39.050,1.22336,1.22338,1.00,1.12
2015.11.25 07:07:40.420,1.22337,1.22339,1.00,1.20
2015.11.25 07:07:40.940,1.22338,1.2234,1.00,1.20
2015.11.25 07:07:42.172,1.22337,1.2234,2.25,1.57
2015.11.25 07:07:42.426,1.22336,1.22338,1.10,1.00
2015.11.25 07:07:42.933,1.22335,1.22338,1.00,1.87
2015.11.25 07:07:43.819,1.22337,1.22339,1.00,1.50
2015.11.25 07:07:44.277,1.22338,1.22341,1.00,2.62
2015.11.25 07:07:44.782,1.22336,1.22338,3.07,1.00
2015.11.25 07:07:45.160,1.22335,1.22338,1.50,2.32
2015.11.25 07:07:45.464,1.22335,1.22337,1.00,1.50
2015.11.25 07:07:45.970,1.22334,1.22337,2.62,1.50
2015.11.25 07:07:48.297,1.22336,1.22338,1.00,1.95
2015.11.25 07:07:49.621,1.22337,1.22339,1.00,1.95
2015.11.25 07:07:50.106,1.22338,1.2234,1.00,2.70
2015.11.25 07:07:54.982,1.22337,1.2234,1.00,3.45
2015.11.25 07:07:56.728,1.22338,1.2234,1.00,3.45
2015.11.25 07:07:57.233,1.22339,1.22342,1.12,1.87
2015.11.25 07:07:57.695,1.22341,1.22343,1.00,2.25
2015.11.25 07:07:58.000,1.22339,1.22341,1.87,1.00
2015.11.25 07:07:58.506,1.2234,1.22342,1.00,1.10
2015.11.25 07:07:59.815,1.22337,1.22339,1.00,1.00
2015.11.25 07:07:59.867,1.22337,1.22339,1.12,1.10
2015.11.25 07:08:00.686,1.22336,1.22339,1.12,1.57
2015.11.25 07:08:01.573,1.22337,1.22339,1.00,1.57
2015.11.25 07:08:01.675,1.22338,1.2234,1.00,2.62
2015.11.25 07:08:02.233,1.22339,1.22341,1.00,1.95
2015.11.25 07:08:02.968,1.22336,1.22338,4.50,1.00
2015.11.25 07:08:03.534,1.22337,1.22339,1.57,1.00
2015.11.25 07:08:04.046,1.22337,1.2234,3.00,1.00
2015.11.25 07:08:04.725,1.22337,1.22339,2.62,1.00
2015.11.25 07:08:10.960,1.22337,1.2234,3.00,1.00
2015.11.25 07:08:11.775,1.22338,1.22341,1.20,3.00
2015.11.25 07:08:12.294,1.22341,1.22343,1.12,1.00
2015.11.25 07:08:13.410,1.22341,1.22344,1.87,1.00
2015.11.25 07:08:21.481,1.22342,1.22345,1.57,1.57
2015.11.25 07:08:21.989,1.22342,1.22345,4.87,1.00
2015.11.25 07:08:22.528,1.22342,1.22344,2.62,1.00
2015.11.25 07:08:23.036,1.22342,1.22344,2.32,1.00
2015.11.25 07:08:23.356,1.22342,1.22344,1.47,1.00
2015.11.25 07:08:23.835,1.2234,1.22343,2.25,1.00
2015.11.25 07:08:24.358,1.22341,1.22342,1.10,1.00
2015.11.25 07:08:24.866,1.22341,1.22343,1.10,1.00
2015.11.25 07:08:25.404,1.2234,1.22342,3.75,1.00
2015.11.25 07:08:25.907,1.2234,1.22342,2.25,1.00
2015.11.25 07:08:26.060,1.22339,1.22341,1.57,1.00
2015.11.25 07:08:26.567,1.22334,1.22335,2.25,1.00
2015.11.25 07:08:26.618,1.22332,1.22334,3.82,1.00
2015.11.25 07:08:26.973,1.22331,1.22333,1.95,1.00
2015.11.25 07:08:27.779,1.22331,1.22333,2.32,1.00
2015.11.25 07:08:28.296,1.22331,1.22334,1.10,1.50
2015.11.25 07:08:28.995,1.2233,1.22333,3.82,1.00
2015.11.25 07:08:29.509,1.22331,1.22334,1.50,1.10
2015.11.25 07:08:31.391,1.22331,1.22333,1.00,1.00
2015.11.25 07:08:32.297,1.22331,1.22334,1.50,1.10
2015.11.25 07:08:34.369,1.22332,1.22335,1.00,2.62
2015.11.25 07:08:37.285,1.22332,1.22335,1.87,1.50
2015.11.25 07:08:46.964,1.22332,1.22334,1.12,1.00
2015.11.25 07:08:47.586,1.22333,1.22335,1.57,1.00
2015.11.25 07:08:48.103,1.22334,1.22336,1.12,1.00
2015.11.25 07:08:50.901,1.22333,1.22336,3.75,1.00
2015.11.25 07:08:51.687,1.22333,1.22335,3.00,1.00
2015.11.25 07:08:53.038,1.22334,1.22336,1.10,1.00
2015.11.25 07:08:54.644,1.22334,1.22335,1.10,1.00
2015.11.25 07:08:55.097,1.22332,1.22334,2.25,1.00
2015.11.25 07:08:55.841,1.22332,1.22334,2.25,1.00
2015.11.25 07:08:56.464,1.22332,1.22334,2.25,1.00
2015.11.25 07:08:59.224,1.22332,1.22334,1.50,1.00
2015.11.25 07:09:00.061,1.22332,1.22335,1.87,1.20
2015.11.25 07:09:01.844,1.22331,1.22334,2.32,1.00
2015.11.25 07:09:02.401,1.22332,1.22335,1.12,1.10
2015.11.25 07:09:03.009,1.22333,1.22336,1.00,3.75
2015.11.25 07:09:03.516,1.22333,1.22336,1.00,2.32
2015.11.25 07:09:04.295,1.22332,1.22335,1.57,1.00
2015.11.25 07:09:04.874,1.22331,1.22333,2.32,1.00
2015.11.25 07:09:05.400,1.22331,1.22334,4.50,1.00
2015.11.25 07:09:06.326,1.22333,1.22336,1.00,3.45
2015.11.25 07:09:07.762,1.22333,1.22335,1.00,1.00
2015.11.25 07:09:13.074,1.22333,1.22336,1.00,3.45
2015.11.25 07:09:13.588,1.22333,1.22335,1.00,1.50
2015.11.25 07:09:14.095,1.22332,1.22335,1.12,2.32
2015.11.25 07:09:15.358,1.22331,1.22332,1.20,1.00
2015.11.25 07:09:15.662,1.22327,1.22329,1.87,1.00
2015.11.25 07:09:16.101,1.22323,1.22324,1.50,1.00
2015.11.25 07:09:16.154,1.22322,1.22324,1.00,1.00
2015.11.25 07:09:19.229,1.22322,1.22323,1.00,1.00
2015.11.25 07:09:22.329,1.22322,1.22324,1.00,1.00
2015.11.25 07:09:22.838,1.22323,1.22325,1.00,1.00
2015.11.25 07:09:25.619,1.22322,1.22325,1.10,2.25
2015.11.25 07:09:30.091,1.22321,1.22324,2.25,1.00
2015.11.25 07:09:31.917,1.22321,1.22323,1.12,1.00
2015.11.25 07:09:32.069,1.22318,1.22321,3.82,1.00
2015.11.25 07:09:32.728,1.22318,1.22321,1.00,2.62
2015.11.25 07:09:33.240,1.22317,1.2232,2.25,1.10
2015.11.25 07:09:36.033,1.22317,1.2232,1.50,1.87
2015.11.25 07:09:36.138,1.22316,1.22318,1.87,1.12
2015.11.25 07:09:36.647,1.22315,1.22318,3.75,1.12
2015.11.25 07:09:39.677,1.22315,1.22317,2.62,1.10
2015.11.25 07:09:40.246,1.22313,1.22315,2.62,1.10
2015.11.25 07:09:40.299,1.22311,1.22313,1.57,1.00
2015.11.25 07:09:41.060,1.22311,1.22314,1.20,1.57
2015.11.25 07:09:41.606,1.2231,1.22313,3.75,1.00
2015.11.25 07:09:42.319,1.22312,1.22313,1.00,1.00
2015.11.25 07:09:43.290,1.22312,1.22314,1.00,1.57
2015.11.25 07:09:43.797,1.2231,1.22313,2.62,1.50
2015.11.25 07:09:43.899,1.2231,1.22312,1.12,1.00
2015.11.25 07:09:45.198,1.2231,1.22312,1.00,2.25
2015.11.25 07:09:45.957,1.2231,1.22311,1.00,1.10
2015.11.25 07:09:46.059,1.22308,1.2231,1.12,1.00
2015.11.25 07:09:46.262,1.22309,1.22311,1.00,1.10
2015.11.25 07:09:46.997,1.22311,1.22313,1.00,2.62
2015.11.25 07:09:47.504,1.22312,1.22314,1.10,1.37
2015.11.25 07:09:48.011,1.22313,1.22315,1.00,3.00
2015.11.25 07:09:48.528,1.22313,1.22315,1.00,2.62
2015.11.25 07:09:49.320,1.22312,1.22315,1.10,3.37
2015.11.25 07:09:49.829,1.22311,1.22313,1.50,1.00
2015.11.25 07:09:50.195,1.2231,1.22312,1.87,1.00
2015.11.25 07:09:50.251,1.22309,1.22311,1.50,1.50
2015.11.25 07:09:56.376,1.22308,1.2231,3.37,1.00
2015.11.25 07:09:57.108,1.22306,1.22307,3.45,1.50
2015.11.25 07:09:57.160,1.22303,1.22306,1.57,1.50
2015.11.25 07:09:58.302,1.22304,1.22306,1.12,2.25
2015.11.25 07:09:58.668,1.22302,1.22305,1.00,3.37
2015.11.25 07:09:59.175,1.22302,1.22304,1.00,1.87
2015.11.25 07:09:59.694,1.223,1.22303,2.25,1.20
2015.11.25 07:10:00.131,1.22299,1.22302,2.70,1.87
2015.11.25 07:10:00.385,1.22298,1.223,2.32,1.87
2015.11.25 07:10:00.537,1.22295,1.22299,2.32,1.95
2015.11.25 07:10:01.043,1.22295,1.22299,2.25,1.50
2015.11.25 07:10:01.631,1.22295,1.22299,2.32,1.57
2015.11.25 07:10:03.496,1.22296,1.22299,1.87,1.12
2015.11.25 07:10:05.411,1.22296,1.223,4.50,1.87
2015.11.25 07:10:05.514,1.22298,1.223,1.87,1.12
2015.11.25 07:10:06.061,1.223,1.22304,1.87,1.12
2015.11.25 07:10:06.570,1.22302,1.22304,1.10,1.12
2015.11.25 07:10:07.261,1.22301,1.22306,2.62,1.95
2015.11.25 07:10:10.302,1.22304,1.22306,1.00,1.95
2015.11.25 07:10:10.839,1.22303,1.22306,1.00,3.45
2015.11.25 07:10:13.017,1.22302,1.22304,1.20,1.00
2015.11.25 07:10:13.874,1.22303,1.22305,1.00,1.50
2015.11.25 07:10:14.380,1.22304,1.22306,1.00,2.62
2015.11.25 07:10:14.885,1.22304,1.22305,1.00,1.20
2015.11.25 07:10:15.631,1.22304,1.22306,1.00,3.00
2015.11.25 07:10:18.942,1.22303,1.22305,1.00,1.95
2015.11.25 07:10:20.614,1.22302,1.22305,1.00,1.95
2015.11.25 07:10:21.227,1.223,1.22302,2.25,1.50
2015.11.25 07:10:21.332,1.22296,1.22299,1.12,1.00
2015.11.25 07:10:21.787,1.22295,1.22298,1.50,1.50
2015.11.25 07:10:22.091,1.22293,1.22297,1.87,1.10
2015.11.25 07:10:22.489,1.22293,1.22295,1.00,1.50
2015.11.25 07:10:22.794,1.22291,1.22294,1.12,1.50
2015.11.25 07:10:23.301,1.22291,1.22294,1.12,1.12
2015.11.25 07:10:25.207,1.2229,1.22293,1.00,1.10
2015.11.25 07:10:25.972,1.22288,1.22289,1.12,1.50
2015.11.25 07:10:26.024,1.22285,1.22289,1.00,3.07
2015.11.25 07:10:26.076,1.22284,1.22289,2.25,3.75
2015.11.25 07:10:26.584,1.22287,1.22289,1.12,1.00
2015.11.25 07:10:27.126,1.22289,1.2229,1.00,1.00
2015.11.25 07:10:27.178,1.22291,1.22292,1.00,1.00
2015.11.25 07:10:27.279,1.22292,1.22293,1.12,1.10
2015.11.25 07:10:27.381,1.22295,1.22296,1.00,1.00
2015.11.25 07:10:27.584,1.22295,1.22299,1.87,1.50
2015.11.25 07:10:30.224,1.22295,1.22298,1.50,1.00
2015.11.25 07:10:30.495,1.22294,1.22297,1.00,1.10
2015.11.25 07:10:31.002,1.22293,1.22296,1.20,1.00
2015.11.25 07:10:31.681,1.22294,1.22298,1.57,1.50
2015.11.25 07:10:31.985,1.22296,1.223,1.47,1.50
2015.11.25 07:10:32.491,1.22296,1.223,1.37,2.25
2015.11.25 07:10:33.565,1.22295,1.22299,1.20,1.12
2015.11.25 07:10:34.362,1.22295,1.22298,1.47,1.10
2015.11.25 07:10:34.869,1.22295,1.22299,1.95,1.87
2015.11.25 07:10:36.041,1.223,1.22302,1.00,2.62
2015.11.25 07:10:37.367,1.223,1.22302,1.00,1.87
2015.11.25 07:10:38.287,1.22301,1.22303,1.00,2.32
2015.11.25 07:10:39.842,1.22301,1.22302,1.00,1.00
2015.11.25 07:10:43.103,1.22301,1.22303,1.00,1.57
2015.11.25 07:10:44.838,1.22301,1.22303,1.00,1.10
2015.11.25 07:10:45.828,1.22305,1.22307,1.00,2.25
2015.11.25 07:10:46.285,1.22304,1.22306,1.37,1.10
2015.11.25 07:10:46.933,1.22302,1.22303,1.00,1.00
2015.11.25 07:10:46.985,1.223,1.22302,2.32,1.00
2015.11.25 07:10:47.494,1.22301,1.22303,1.50,1.00
2015.11.25 07:10:48.181,1.22302,1.22303,1.00,1.00
2015.11.25 07:10:48.487,1.22303,1.22306,1.10,2.32
2015.11.25 07:10:48.589,1.22305,1.22307,1.00,2.25
2015.11.25 07:10:48.690,1.22306,1.22308,1.00,1.10
2015.11.25 07:10:48.893,1.22307,1.22309,1.47,1.50
2015.11.25 07:10:49.535,1.22307,1.22309,1.87,1.00
2015.11.25 07:10:50.144,1.22307,1.22309,2.62,1.00
2015.11.25 07:10:50.645,1.22307,1.22309,1.87,1.00
2015.11.25 07:10:51.054,1.22306,1.22308,1.10,1.00
2015.11.25 07:10:51.105,1.22305,1.22307,3.00,1.00
2015.11.25 07:10:51.611,1.22306,1.22307,1.10,1.00
2015.11.25 07:10:53.305,1.22305,1.22307,2.25,1.00
2015.11.25 07:10:53.891,1.22304,1.22306,2.25,1.00
2015.11.25 07:10:55.178,1.22304,1.22306,1.87,1.00
2015.11.25 07:10:55.938,1.22305,1.22306,1.10,1.00
2015.11.25 07:10:57.921,1.22304,1.22306,1.87,1.00
2015.11.25 07:10:58.898,1.22304,1.22306,1.20,1.00
2015.11.25 07:10:59.865,1.22303,1.22306,3.00,1.00
2015.11.25 07:11:01.187,1.22304,1.22306,1.12,1.00
2015.11.25 07:11:03.596,1.22303,1.22306,2.32,1.10
2015.11.25 07:11:04.128,1.22304,1.22307,3.75,1.00
2015.11.25 07:11:04.634,1.22305,1.22307,1.87,1.00
2015.11.25 07:11:06.232,1.22305,1.22307,1.57,1.00
2015.11.25 07:11:12.786,1.22305,1.22306,1.20,1.00
2015.11.25 07:11:13.203,1.22303,1.22305,1.10,1.00
2015.11.25 07:11:13.710,1.22301,1.22303,1.10,1.00
2015.11.25 07:11:14.217,1.223,1.22302,1.12,1.00
2015.11.25 07:11:14.757,1.22299,1.22302,3.75,1.00
2015.11.25 07:11:16.361,1.22298,1.22301,3.00,1.50
2015.11.25 07:11:16.413,1.22295,1.22297,1.50,1.00
2015.11.25 07:11:16.923,1.22296,1.22298,1.12,1.50
2015.11.25 07:11:17.821,1.22296,1.22297,1.00,1.00
2015.11.25 07:11:17.873,1.22295,1.22297,1.10,1.00
2015.11.25 07:11:18.381,1.22295,1.22298,2.32,1.50
2015.11.25 07:11:19.648,1.22295,1.22297,1.57,1.00
2015.11.25 07:11:20.650,1.22295,1.22298,1.20,2.25
2015.11.25 07:11:24.457,1.22295,1.22297,1.50,1.00
2015.11.25 07:11:25.044,1.22293,1.22296,1.95,2.25
2015.11.25 07:11:25.095,1.22292,1.22294,1.12,1.10
2015.11.25 07:11:26.000,1.22291,1.22293,2.32,1.00
2015.11.25 07:11:27.115,1.22292,1.22294,1.00,1.57
2015.11.25 07:11:28.180,1.22291,1.22293,1.10,1.00
2015.11.25 07:11:28.678,1.22289,1.22291,1.12,1.10
2015.11.25 07:11:28.982,1.22291,1.22293,1.00,1.00
2015.11.25 07:11:29.500,1.22291,1.22294,1.10,2.25
2015.11.25 07:11:31.562,1.22291,1.22293,1.10,1.00
2015.11.25 07:11:32.102,1.22291,1.22294,1.57,1.50
2015.11.25 07:11:32.608,1.22292,1.22294,1.00,1.00
2015.11.25 07:11:38.326,1.22291,1.22294,1.57,1.50
2015.11.25 07:11:39.807,1.2229,1.22291,1.12,1.00
2015.11.25 07:11:40.010,1.22287,1.2229,1.87,1.50
2015.11.25 07:11:40.111,1.22287,1.2229,1.12,2.32
2015.11.25 07:11:40.687,1.22288,1.2229,1.00,1.57
2015.11.25 07:11:41.948,1.22289,1.2229,1.00,1.10
2015.11.25 07:11:42.049,1.22288,1.2229,1.00,1.10
2015.11.25 07:11:42.302,1.22291,1.22292,1.00,1.12
2015.11.25 07:11:42.843,1.22291,1.22293,1.50,1.00
2015.11.25 07:11:44.599,1.22294,1.22296,1.00,4.87
2015.11.25 07:11:44.650,1.22294,1.22296,1.00,1.00
2015.11.25 07:11:44.701,1.22296,1.22297,1.00,1.00
2015.11.25 07:11:45.006,1.22301,1.22302,1.00,3.75
2015.11.25 07:11:45.209,1.223,1.22303,1.50,3.37
2015.11.25 07:11:48.574,1.223,1.22303,1.10,3.07
2015.11.25 07:11:49.100,1.223,1.22302,1.10,1.00
2015.11.25 07:11:52.191,1.22299,1.22302,1.20,2.32
2015.11.25 07:11:52.720,1.22299,1.22301,1.10,1.50
2015.11.25 07:11:54.760,1.223,1.22301,1.00,1.50
2015.11.25 07:11:55.189,1.22298,1.22301,1.10,3.07
2015.11.25 07:11:55.645,1.22297,1.223,2.25,2.62
2015.11.25 07:11:55.949,1.22297,1.22298,1.00,1.00
2015.11.25 07:11:56.679,1.22295,1.22299,2.25,2.62
2015.11.25 07:11:57.345,1.22295,1.22299,2.25,3.37
2015.11.25 07:11:58.449,1.22297,1.22298,1.00,1.50
2015.11.25 07:11:58.960,1.22296,1.22299,1.50,1.12
2015.11.25 07:12:00.365,1.22297,1.223,1.12,3.37
2015.11.25 07:12:01.604,1.22299,1.223,1.00,1.00
2015.11.25 07:12:01.655,1.22299,1.22301,1.20,1.12
2015.11.25 07:12:03.750,1.223,1.22301,1.00,1.00
2015.11.25 07:12:03.903,1.22301,1.22303,1.00,1.50
2015.11.25 07:12:04.286,1.22302,1.22304,1.10,1.00
2015.11.25 07:12:06.467,1.22302,1.22305,1.10,2.32
2015.11.25 07:12:09.220,1.22303,1.22305,1.00,1.57
2015.11.25 07:12:10.799,1.22305,1.22307,1.00,1.00
2015.11.25 07:12:11.103,1.22307,1.22309,1.00,1.87
2015.11.25 07:12:11.256,1.22307,1.2231,1.00,3.07
2015.11.25 07:12:13.103,1.22307,1.2231,1.00,2.62
2015.11.25 07:12:13.827,1.22306,1.22309,1.12,1.10
2015.11.25 07:12:14.080,1.22305,1.22308,2.25,1.87
2015.11.25 07:12:14.590,1.22305,1.22308,1.00,3.00
2015.11.25 07:12:16.244,1.22304,1.22307,1.50,1.12
2015.11.25 07:12:19.493,1.22301,1.22304,1.75,3.45
2015.11.25 07:12:19.544,1.223,1.22302,1.00,1.10
2015.11.25 07:12:20.050,1.22301,1.22302,1.00,1.10
2015.11.25 07:12:22.212,1.22301,1.22303,1.00,1.12
2015.11.25 07:12:22.416,1.22302,1.22304,1.00,1.57
2015.11.25 07:12:22.467,1.22303,1.22304,1.00,1.00
2015.11.25 07:12:22.772,1.22305,1.22307,1.12,1.12
2015.11.25 07:12:23.481,1.22306,1.22307,1.00,1.00
2015.11.25 07:12:23.735,1.22307,1.22309,1.00,1.57
2015.11.25 07:12:24.241,1.22308,1.2231,1.00,1.12
2015.11.25 07:12:26.802,1.22308,1.22311,1.12,1.57
2015.11.25 07:12:30.268,1.22308,1.22311,1.87,1.10
2015.11.25 07:12:30.775,1.22309,1.22312,1.87,2.25
2015.11.25 07:12:31.804,1.2231,1.22312,1.12,1.10
2015.11.25 07:12:32.333,1.22311,1.22313,1.00,1.50
2015.11.25 07:12:32.842,1.22312,1.22314,1.00,2.25
2015.11.25 07:12:37.404,1.22312,1.22314,1.00,1.12
2015.11.25 07:12:37.658,1.22314,1.22316,1.00,1.10
2015.11.25 07:12:37.911,1.22315,1.22317,1.00,1.50
2015.11.25 07:12:38.418,1.22316,1.22318,1.00,1.47
2015.11.25 07:12:38.924,1.22315,1.22319,1.12,3.75
2015.11.25 07:12:39.758,1.22314,1.22317,1.12,1.00
2015.11.25 07:12:42.292,1.22315,1.22317,1.12,1.00
2015.11.25 07:12:42.697,1.22319,1.22321,1.00,1.10
2015.11.25 07:12:43.230,1.2232,1.22323,1.00,2.25
2015.11.25 07:12:44.142,1.22319,1.22322,1.12,1.10
2015.11.25 07:12:45.325,1.2232,1.22323,1.00,1.87
2015.11.25 07:12:45.832,1.2232,1.22322,1.47,1.00
2015.11.25 07:12:46.611,1.2232,1.22322,1.10,1.00
2015.11.25 07:12:47.503,1.2232,1.22322,1.10,1.00
2015.11.25 07:12:49.055,1.2232,1.22324,1.00,3.37
2015.11.25 07:12:49.864,1.22321,1.22324,1.00,4.12
2015.11.25 07:12:50.426,1.2232,1.22323,1.12,1.12
2015.11.25 07:12:52.158,1.22318,1.22321,1.57,1.00
2015.11.25 07:12:53.241,1.22319,1.22322,1.12,1.57
2015.11.25 07:12:53.959,1.22318,1.22321,1.57,1.00
2015.11.25 07:12:54.467,1.22318,1.22321,1.57,1.00
2015.11.25 07:12:57.492,1.22318,1.2232,1.10,1.00
2015.11.25 07:13:00.491,1.22317,1.22319,2.32,1.00
2015.11.25 07:13:04.480,1.22317,1.22319,1.57,1.00
2015.11.25 07:13:06.512,1.22316,1.22319,4.12,1.00
2015.11.25 07:13:07.487,1.22317,1.22319,1.10,1.00
2015.11.25 07:13:09.477,1.22316,1.22319,3.75,1.00
2015.11.25 07:13:09.997,1.22317,1.22319,1.00,1.00
2015.11.25 07:13:10.537,1.22317,1.22319,1.00,1.00
2015.11.25 07:13:11.459,1.22318,1.2232,1.00,1.10
2015.11.25 07:13:17.237,1.22313,1.22316,4.87,1.50
2015.11.25 07:13:17.288,1.22313,1.22315,1.00,1.12
2015.11.25 07:13:17.643,1.22311,1.22313,1.00,1.10
2015.11.25 07:13:26.933,1.22312,1.22314,1.00,1.50
2015.11.25 07:13:27.883,1.22313,1.22315,1.00,1.87
2015.11.25 07:13:27.934,1.22314,1.22317,1.00,2.32
2015.11.25 07:13:29.150,1.22315,1.22317,1.00,1.57
2015.11.25 07:13:33.270,1.22314,1.22317,1.12,1.50
2015.11.25 07:13:33.818,1.22314,1.22316,1.00,1.10
2015.11.25 07:13:34.325,1.22313,1.22315,1.00,1.10
2015.11.25 07:13:35.395,1.22312,1.22315,1.00,1.57
2015.11.25 07:13:35.497,1.2231,1.22314,3.00,1.75
2015.11.25 07:13:35.852,1.22308,1.22313,3.37,1.87
2015.11.25 07:13:35.954,1.2231,1.22313,1.12,1.10
2015.11.25 07:13:36.861,1.22309,1.22312,2.70,1.00
2015.11.25 07:13:37.401,1.22309,1.22312,1.87,1.57
2015.11.25 07:13:37.758,1.22307,1.22309,3.00,1.00
2015.11.25 07:13:38.339,1.22302,1.22305,1.50,2.25
2015.11.25 07:13:38.392,1.22299,1.22302,2.32,1.50
2015.11.25 07:13:38.595,1.22297,1.223,2.32,1.00
2015.11.25 07:13:39.104,1.22297,1.223,1.87,1.12
2015.11.25 07:13:39.655,1.22297,1.223,1.10,1.50
2015.11.25 07:13:40.169,1.22297,1.223,1.00,1.87
2015.11.25 07:13:42.194,1.22298,1.223,1.00,1.12
2015.11.25 07:13:42.700,1.22299,1.22302,1.00,1.87
2015.11.25 07:13:43.227,1.223,1.22303,1.00,2.25
2015.11.25 07:13:43.733,1.223,1.22303,1.00,1.12
2015.11.25 07:13:44.261,1.223,1.22303,1.00,1.87
2015.11.25 07:13:44.917,1.22301,1.22303,1.00,1.12
2015.11.25 07:13:46.298,1.223,1.22303,1.12,1.87
2015.11.25 07:13:46.777,1.22302,1.22305,1.00,1.87
2015.11.25 07:13:47.283,1.22301,1.22304,1.12,1.10
2015.11.25 07:13:47.637,1.223,1.22302,1.57,1.00
2015.11.25 07:13:48.704,1.223,1.22303,1.00,2.25
2015.11.25 07:13:49.211,1.22301,1.22303,1.00,1.12
2015.11.25 07:13:51.670,1.223,1.22303,1.87,1.87
2015.11.25 07:13:54.454,1.223,1.22303,1.00,1.12
2015.11.25 07:13:55.505,1.223,1.22303,1.12,5.25
2015.11.25 07:13:56.123,1.22298,1.22301,1.12,1.57
2015.11.25 07:13:56.628,1.22299,1.22301,1.00,1.10
2015.11.25 07:13:57.134,1.223,1.22302,1.00,1.12
2015.11.25 07:13:57.488,1.22301,1.22303,1.00,1.87
2015.11.25 07:13:57.922,1.22303,1.22305,1.00,1.00
2015.11.25 07:13:58.434,1.22303,1.22305,1.00,1.50
2015.11.25 07:14:01.127,1.22303,1.22306,1.00,2.62
2015.11.25 07:14:01.598,1.22304,1.22307,1.87,1.95
2015.11.25 07:14:02.104,1.22305,1.22307,1.12,1.10
2015.11.25 07:14:02.611,1.22305,1.22308,1.12,1.20
2015.11.25 07:14:04.463,1.22307,1.22309,1.00,1.10
2015.11.25 07:14:04.566,1.22308,1.2231,1.00,1.10
2015.11.25 07:14:05.111,1.22307,1.2231,1.12,1.10
2015.11.25 07:14:05.415,1.22306,1.22308,1.57,1.00
2015.11.25 07:14:05.516,1.22305,1.22308,1.20,1.50
2015.11.25 07:14:06.099,1.22304,1.22306,2.32,1.00
2015.11.25 07:14:06.636,1.22304,1.22306,2.32,1.00
2015.11.25 07:14:07.185,1.22304,1.22306,2.32,1.00
2015.11.25 07:14:09.015,1.22304,1.22306,2.32,1.00
2015.11.25 07:14:09.917,1.22306,1.22308,1.00,1.10
2015.11.25 07:14:10.221,1.22308,1.2231,1.00,1.00
2015.11.25 07:14:10.729,1.22308,1.22311,1.00,3.00
2015.11.25 07:14:14.400,1.22309,1.2231,1.00,1.00
2015.11.25 07:14:14.946,1.22308,1.22311,1.12,2.25
2015.11.25 07:14:15.452,1.22309,1.2231,1.00,1.00
2015.11.25 07:14:17.656,1.22308,1.22311,1.12,1.75
2015.11.25 07:14:18.618,1.22309,1.2231,1.00,1.00
2015.11.25 07:14:19.123,1.22308,1.22312,1.50,3.75
2015.11.25 07:14:19.896,1.22309,1.2231,1.00,1.00
2015.11.25 07:14:20.401,1.22309,1.22312,1.00,3.37
2015.11.25 07:14:21.534,1.2231,1.22311,1.00,1.00
2015.11.25 07:14:22.041,1.22309,1.22312,1.50,1.75
2015.11.25 07:14:24.061,1.22308,1.22311,2.25,1.50
2015.11.25 07:14:24.595,1.22307,1.2231,2.25,1.50
2015.11.25 07:14:25.109,1.22308,1.22311,1.00,2.25
2015.11.25 07:14:29.847,1.22308,1.22311,1.12,1.50
2015.11.25 07:14:38.589,1.22307,1.2231,1.87,1.10
2015.11.25 07:14:42.066,1.22309,1.2231,1.12,1.10
2015.11.25 07:14:42.120,1.2231,1.22313,1.00,2.62
2015.11.25 07:14:42.626,1.22311,1.22313,1.50,1.10
2015.11.25 07:14:42.981,1.22312,1.22315,1.10,1.57
2015.11.25 07:14:49.724,1.22313,1.22315,1.00,1.10
2015.11.25 07:14:50.231,1.22313,1.22316,1.20,1.00
2015.11.25 07:14:50.282,1.22315,1.22316,1.00,1.00
2015.11.25 07:14:50.799,1.22316,1.22318,1.50,1.00
2015.11.25 07:14:53.056,1.22315,1.22318,1.87,1.57
2015.11.25 07:14:56.214,1.22317,1.22319,1.00,1.50
2015.11.25 07:14:57.081,1.22316,1.22318,1.00,1.10
2015.11.25 07:14:57.538,1.22318,1.22319,1.00,1.50
2015.11.25 07:14:58.271,1.22318,1.2232,1.00,2.62
2015.11.25 07:14:58.524,1.22319,1.22321,1.00,1.87
2015.11.25 07:14:58.929,1.22321,1.22323,1.00,1.87
2015.11.25 07:15:00.267,1.22321,1.22323,1.00,1.12
2015.11.25 07:15:06.253,1.22321,1.22323,1.00,1.50
2015.11.25 07:15:06.760,1.2232,1.22322,1.00,1.10
2015.11.25 07:15:07.404,1.2232,1.22322,1.00,1.10
2015.11.25 07:15:08.388,1.2232,1.22322,1.00,1.57
2015.11.25 07:15:09.126,1.22319,1.22321,1.00,1.10
2015.11.25 07:15:09.785,1.22319,1.22321,1.00,1.10
2015.11.25 07:15:10.595,1.22318,1.2232,1.00,1.00
2015.11.25 07:15:12.693,1.22317,1.2232,1.95,1.00
2015.11.25 07:15:13.253,1.22318,1.2232,1.00,1.00
2015.11.25 07:15:13.761,1.22319,1.22321,1.00,1.57
2015.11.25 07:15:14.963,1.2232,1.22321,1.00,1.10
2015.11.25 07:15:15.115,1.22321,1.22323,1.00,1.10
2015.11.25 07:15:15.642,1.22321,1.22324,1.10,2.25
2015.11.25 07:15:17.458,1.22321,1.22323,1.10,1.00
2015.11.25 07:15:35.029,1.22322,1.22324,1.00,1.50
2015.11.25 07:15:45.617,1.22322,1.22324,1.00,1.00
2015.11.25 07:15:45.820,1.22326,1.22328,1.00,3.07
2015.11.25 07:15:45.922,1.22327,1.22328,1.87,1.10
2015.11.25 07:15:46.406,1.22329,1.2233,1.00,1.50
2015.11.25 07:15:46.963,1.22329,1.2233,1.00,1.50
2015.11.25 07:15:48.116,1.22328,1.2233,1.10,1.00
2015.11.25 07:15:48.725,1.22328,1.22329,1.00,1.00
2015.11.25 07:15:49.269,1.22326,1.22329,1.87,1.50
2015.11.25 07:15:49.877,1.22328,1.22329,1.00,1.00
2015.11.25 07:15:50.384,1.22328,1.2233,1.00,1.57
2015.11.25 07:15:50.890,1.22328,1.2233,1.00,1.57
2015.11.25 07:15:51.398,1.22328,1.22329,1.00,1.00
2015.11.25 07:15:51.905,1.22327,1.22329,1.10,1.50
2015.11.25 07:15:52.977,1.22327,1.22329,1.10,2.25
2015.11.25 07:15:59.970,1.22326,1.22328,1.10,1.50
2015.11.25 07:16:01.595,1.22326,1.22328,1.10,1.50
2015.11.25 07:16:20.619,1.22326,1.22329,1.10,3.00
2015.11.25 07:16:20.771,1.22328,1.2233,1.00,1.87
2015.11.25 07:16:21.517,1.22328,1.2233,1.00,2.62
2015.11.25 07:16:22.196,1.22328,1.2233,1.00,1.87
2015.11.25 07:16:22.866,1.2233,1.22332,1.00,1.12
2015.11.25 07:16:23.677,1.2233,1.22332,1.00,1.12
2015.11.25 07:16:24.225,1.2233,1.22332,1.00,1.12
2015.11.25 07:16:24.732,1.2233,1.22332,1.00,1.12
2015.11.25 07:16:24.884,1.2233,1.22333,1.00,2.25
2015.11.25 07:16:25.188,1.22335,1.22336,1.00,1.57
2015.11.25 07:16:25.960,1.22336,1.22338,1.00,1.12
2015.11.25 07:16:26.477,1.22336,1.22337,1.10,1.10
2015.11.25 07:16:26.983,1.22337,1.22338,1.00,1.12
2015.11.25 07:16:27.587,1.22336,1.22337,1.10,1.10
2015.11.25 07:16:28.665,1.22337,1.22338,1.00,1.57
2015.11.25 07:16:30.308,1.22336,1.22338,1.95,1.57
2015.11.25 07:16:31.728,1.22336,1.22337,1.20,1.00
2015.11.25 07:16:32.719,1.22335,1.22337,2.62,1.00
2015.11.25 07:16:33.973,1.22337,1.22339,1.00,1.87
2015.11.25 07:16:35.237,1.22335,1.22338,3.37,1.10
2015.11.25 07:16:35.771,1.22335,1.22337,2.62,1.00
2015.11.25 07:16:36.277,1.22336,1.22338,1.20,1.57
2015.11.25 07:16:36.782,1.22336,1.22338,1.87,1.00
2015.11.25 07:16:37.801,1.22335,1.22338,3.75,1.10
2015.11.25 07:16:38.347,1.22335,1.22337,3.75,1.00
2015.11.25 07:16:39.384,1.22335,1.22338,3.75,1.10
2015.11.25 07:16:39.895,1.22334,1.22336,2.62,1.00
2015.11.25 07:16:40.724,1.22334,1.22336,1.10,1.12
2015.11.25 07:16:42.441,1.22333,1.22336,1.20,2.25
2015.11.25 07:16:42.695,1.22333,1.22336,1.87,1.57
2015.11.25 07:16:42.797,1.22333,1.22335,1.20,1.12
2015.11.25 07:16:55.326,1.22332,1.22334,1.12,1.00
2015.11.25 07:16:55.942,1.2233,1.22332,1.67,2.25
2015.11.25 07:16:55.994,1.22328,1.22329,1.12,1.00
2015.11.25 07:16:56.502,1.22326,1.22329,2.62,1.10
2015.11.25 07:16:57.546,1.22326,1.22328,2.62,1.10
2015.11.25 07:16:58.060,1.22326,1.22327,1.12,1.00
2015.11.25 07:16:58.849,1.22326,1.22328,1.12,1.10
2015.11.25 07:16:59.915,1.22326,1.22327,1.12,1.00
2015.11.25 07:17:01.167,1.22325,1.22328,2.25,1.57
2015.11.25 07:17:01.745,1.22327,1.22329,2.25,1.10
2015.11.25 07:17:01.797,1.22328,1.2233,3.00,1.10
2015.11.25 07:17:02.345,1.22328,1.22331,3.00,1.50
2015.11.25 07:17:05.404,1.22329,1.22331,1.95,1.00
2015.11.25 07:17:05.915,1.2233,1.22332,1.20,1.00
2015.11.25 07:17:08.709,1.2233,1.22333,1.20,2.32
2015.11.25 07:17:09.396,1.22331,1.22333,1.00,1.00
2015.11.25 07:17:14.044,1.22327,1.22328,2.32,1.00
2015.11.25 07:17:14.098,1.22326,1.22328,1.87,1.50
2015.11.25 07:17:14.352,1.22324,1.22326,3.00,1.10
2015.11.25 07:17:14.656,1.22325,1.22327,1.10,1.87
2015.11.25 07:17:14.708,1.22325,1.22327,1.10,1.87
2015.11.25 07:17:14.759,1.22325,1.22327,1.10,1.87
2015.11.25 07:17:15.208,1.22327,1.22328,1.00,1.57
2015.11.25 07:17:15.716,1.22328,1.22331,1.00,3.37
2015.11.25 07:17:16.851,1.22329,1.22331,1.00,2.25
2015.11.25 07:17:17.362,1.22329,1.22331,1.00,1.87
2015.11.25 07:17:17.868,1.22329,1.22331,1.00,1.12
2015.11.25 07:17:18.613,1.22329,1.22331,1.00,1.12
2015.11.25 07:17:19.514,1.22329,1.22331,1.00,1.12
2015.11.25 07:17:21.624,1.22327,1.2233,1.57,1.50
2015.11.25 07:17:21.726,1.22329,1.2233,1.00,1.10
2015.11.25 07:17:22.464,1.22329,1.22331,1.00,1.87
2015.11.25 07:17:22.982,1.22329,1.2233,1.00,1.10
2015.11.25 07:17:25.196,1.22328,1.2233,1.10,1.57
2015.11.25 07:17:25.881,1.22327,1.22329,1.10,1.57
2015.11.25 07:17:26.875,1.22327,1.22329,1.00,1.87
2015.11.25 07:17:28.750,1.22326,1.22328,1.10,1.10
2015.11.25 07:17:29.257,1.22327,1.22328,1.00,1.10
2015.11.25 07:17:30.033,1.22328,1.2233,1.00,4.12
2015.11.25 07:17:33.195,1.22327,1.22329,1.00,1.87
2015.11.25 07:17:33.957,1.22325,1.22328,1.87,2.32
2015.11.25 07:17:34.161,1.22325,1.22328,1.20,3.37
2015.11.25 07:17:34.666,1.22326,1.22328,1.00,2.62
2015.11.25 07:17:35.173,1.22325,1.22328,1.20,1.87
2015.11.25 07:17:36.969,1.22325,1.22328,1.20,1.50
2015.11.25 07:17:37.020,1.22327,1.22329,1.00,1.87
2015.11.25 07:17:37.528,1.22328,1.22331,1.00,4.12
2015.11.25 07:17:38.029,1.2233,1.22331,1.00,1.12
2015.11.25 07:17:39.912,1.22329,1.22331,1.10,1.12
2015.11.25 07:17:40.217,1.22331,1.22333,1.00,3.00
2015.11.25 07:17:40.937,1.22331,1.22333,1.00,2.25
2015.11.25 07:17:41.416,1.22333,1.22335,1.00,2.62
2015.11.25 07:17:44.161,1.22332,1.22335,1.00,3.37
2015.11.25 07:17:44.693,1.22332,1.22335,1.00,5.62
2015.11.25 07:17:45.517,1.22331,1.22333,1.20,1.10
2015.11.25 07:17:45.939,1.22327,1.22329,3.45,2.62
2015.11.25 07:17:45.991,1.22326,1.22329,1.50,2.62
2015.11.25 07:17:46.506,1.22326,1.22329,1.10,3.00
2015.11.25 07:17:46.967,1.22326,1.22329,1.10,2.25
2015.11.25 07:17:47.513,1.22327,1.22329,1.00,3.37
2015.11.25 07:17:47.816,1.22329,1.22332,1.10,4.12
2015.11.25 07:17:48.626,1.22329,1.22332,1.20,2.62
2015.11.25 07:17:51.288,1.22327,1.2233,2.70,1.12
2015.11.25 07:17:51.796,1.22327,1.2233,1.10,2.62
2015.11.25 07:17:54.711,1.22328,1.2233,1.00,1.87
2015.11.25 07:17:55.218,1.22327,1.22328,1.00,1.00
2015.11.25 07:17:55.787,1.22326,1.22329,2.25,2.32
2015.11.25 07:17:56.295,1.22327,1.22329,1.00,1.12
2015.11.25 07:17:59.380,1.22328,1.2233,1.50,1.57
2015.11.25 07:17:59.888,1.2233,1.22332,1.10,4.12
2015.11.25 07:18:00.771,1.2233,1.22332,1.20,1.00
2015.11.25 07:18:01.228,1.22331,1.22333,1.00,1.10
2015.11.25 07:18:01.735,1.22331,1.22334,1.20,1.57
2015.11.25 07:18:02.288,1.22331,1.22333,1.20,1.00
2015.11.25 07:18:02.796,1.22331,1.22334,1.12,1.50
2015.11.25 07:18:02.847,1.22331,1.22334,1.87,1.10
2015.11.25 07:18:05.852,1.22332,1.22335,1.50,1.57
2015.11.25 07:18:06.660,1.22332,1.22334,1.50,1.00
2015.11.25 07:18:07.170,1.22331,1.22334,2.62,1.87
2015.11.25 07:18:21.757,1.22332,1.22334,1.50,1.00
2015.11.25 07:18:30.653,1.22332,1.22333,1.00,1.00
2015.11.25 07:18:31.347,1.22331,1.22332,2.62,1.00
2015.11.25 07:18:31.855,1.22331,1.22333,1.87,1.50
2015.11.25 07:18:32.572,1.22331,1.22332,1.87,1.00
2015.11.25 07:18:34.369,1.22331,1.22333,1.12,1.57
2015.11.25 07:18:36.386,1.22331,1.22332,1.12,1.00
2015.11.25 07:18:38.146,1.22331,1.22333,2.62,1.57
2015.11.25 07:18:38.247,1.22331,1.22333,1.50,1.57
2015.11.25 07:18:38.298,1.22333,1.22334,1.00,2.25
2015.11.25 07:18:38.500,1.22331,1.22333,3.37,1.50
2015.11.25 07:18:39.602,1.22327,1.22328,2.25,2.25
2015.11.25 07:18:39.704,1.22324,1.22325,2.25,1.00
2015.11.25 07:18:39.756,1.22324,1.22326,1.50,3.00
2015.11.25 07:18:39.857,1.22322,1.22324,1.57,1.00
2015.11.25 07:18:40.163,1.22322,1.22324,1.57,1.00
2015.11.25 07:18:40.265,1.22324,1.22326,1.00,2.25
2015.11.25 07:18:40.683,1.22324,1.22327,2.25,1.00
2015.11.25 07:18:43.755,1.22326,1.22329,2.25,1.10
2015.11.25 07:18:44.273,1.22326,1.22328,1.87,1.00
2015.11.25 07:18:45.477,1.22326,1.22328,1.12,1.00
2015.11.25 07:18:45.629,1.22324,1.22326,1.87,1.00
2015.11.25 07:18:46.135,1.22322,1.22325,3.00,1.10
2015.11.25 07:18:46.661,1.22323,1.22325,1.10,1.10
2015.11.25 07:18:52.886,1.22324,1.22326,1.00,2.25
2015.11.25 07:18:53.392,1.22324,1.22326,1.50,1.10
2015.11.25 07:18:53.898,1.22323,1.22325,1.50,1.10
2015.11.25 07:18:58.055,1.22323,1.22326,1.00,3.37
2015.11.25 07:18:58.308,1.22323,1.22326,1.00,2.25
2015.11.25 07:18:58.848,1.22324,1.22326,1.10,2.25
2015.11.25 07:18:59.733,1.22324,1.22326,1.10,2.25
2015.11.25 07:19:00.800,1.22326,1.22328,1.00,3.00
2015.11.25 07:19:01.155,1.22327,1.22328,1.00,1.10
2015.11.25 07:19:01.460,1.22329,1.22333,3.00,2.17
2015.11.25 07:19:01.512,1.22331,1.22333,1.00,1.50
2015.11.25 07:19:01.999,1.22334,1.22336,1.00,1.87
2015.11.25 07:19:04.925,1.22336,1.22337,1.00,2.32
2015.11.25 07:19:05.666,1.22336,1.22338,1.00,2.32
2015.11.25 07:19:07.667,1.22337,1.22339,1.95,1.57
2015.11.25 07:19:10.736,1.22337,1.22339,1.10,1.57
2015.11.25 07:19:26.576,1.22336,1.22339,1.10,3.75
2015.11.25 07:19:27.082,1.22335,1.22336,1.00,1.00
2015.11.25 07:19:27.133,1.22334,1.22336,1.10,1.10
2015.11.25 07:19:27.962,1.22335,1.22336,1.00,1.10
2015.11.25 07:19:32.499,1.22336,1.22337,1.00,1.50
2015.11.25 07:19:33.389,1.22335,1.22336,1.00,1.57
2015.11.25 07:19:33.913,1.22334,1.22335,1.00,2.32
2015.11.25 07:19:38.842,1.22335,1.22336,1.00,1.57
2015.11.25 07:19:39.349,1.22336,1.22337,1.00,1.10
2015.11.25 07:19:40.040,1.22337,1.22339,1.00,2.25
2015.11.25 07:19:47.902,1.22338,1.2234,1.10,1.50
2015.11.25 07:19:48.004,1.22341,1.22343,1.00,3.75
2015.11.25 07:19:48.258,1.22342,1.22344,1.10,1.50
2015.11.25 07:19:48.713,1.22342,1.22344,1.10,1.50
2015.11.25 07:19:48.764,1.22344,1.22345,1.00,1.10
2015.11.25 07:19:49.289,1.22344,1.22345,1.00,1.10
2015.11.25 07:19:50.908,1.22344,1.22346,1.00,4.50
2015.11.25 07:19:52.664,1.22344,1.22345,1.00,1.10
2015.11.25 07:19:53.625,1.22344,1.22346,1.00,3.75
2015.11.25 07:19:58.257,1.22345,1.22346,1.00,1.10
2015.11.25 07:19:59.971,1.22344,1.22346,1.00,1.57
2015.11.25 07:20:00.498,1.22348,1.22349,1.00,1.10
2015.11.25 07:20:03.984,1.22348,1.2235,1.10,2.25
2015.11.25 07:20:04.582,1.22349,1.22351,1.00,3.75
2015.11.25 07:20:13.282,1.22349,1.2235,1.12,1.00
2015.11.25 07:20:14.020,1.2235,1.22351,1.00,1.10
2015.11.25 07:20:14.526,1.22349,1.2235,1.12,1.00
2015.11.25 07:20:16.437,1.22346,1.22348,1.95,1.50
2015.11.25 07:20:16.488,1.22346,1.22348,1.00,1.50
2015.11.25 07:20:17.850,1.22346,1.22349,1.00,3.00
2015.11.25 07:20:18.384,1.22346,1.22349,1.12,2.25
2015.11.25 07:20:18.587,1.22349,1.2235,1.00,1.57
2015.11.25 07:20:19.588,1.22349,1.22351,1.00,4.95
2015.11.25 07:20:22.249,1.22349,1.22351,1.00,1.10
2015.11.25 07:20:22.553,1.2235,1.22353,1.87,1.75
2015.11.25 07:20:22.756,1.22353,1.22355,1.10,3.00
2015.11.25 07:20:22.958,1.22353,1.22355,1.10,2.25
2015.11.25 07:20:23.110,1.22356,1.22359,1.10,9.37
2015.11.25 07:20:23.212,1.22357,1.22358,1.10,1.00
2015.11.25 07:20:23.839,1.22358,1.2236,1.00,3.00
2015.11.25 07:20:24.346,1.22358,1.2236,1.00,3.75
2015.11.25 07:20:25.361,1.22358,1.2236,1.00,2.25
2015.11.25 07:20:26.339,1.22358,1.2236,1.00,3.00
2015.11.25 07:20:27.882,1.22358,1.2236,1.00,2.25
2015.11.25 07:20:28.388,1.22357,1.22359,1.50,1.00
2015.11.25 07:20:29.413,1.22357,1.22359,1.20,1.10
2015.11.25 07:20:30.600,1.22357,1.22358,1.10,1.50
2015.11.25 07:20:30.653,1.22355,1.22358,1.37,3.00
2015.11.25 07:20:30.805,1.22355,1.22357,1.10,2.25
2015.11.25 07:20:32.506,1.22353,1.22355,1.50,1.00
2015.11.25 07:20:32.607,1.22352,1.22356,1.75,3.07
2015.11.25 07:20:32.709,1.22351,1.22354,3.37,1.00
2015.11.25 07:20:33.414,1.22351,1.22354,1.37,2.25
2015.11.25 07:20:33.667,1.22349,1.22352,1.37,1.50
2015.11.25 07:20:34.174,1.22348,1.2235,1.87,1.00
2015.11.25 07:20:35.359,1.22351,1.22353,1.00,3.07
2015.11.25 07:20:35.763,1.22352,1.22354,1.00,3.37
2015.11.25 07:20:35.916,1.22351,1.22353,1.12,1.10
2015.11.25 07:20:36.294,1.22355,1.22357,1.00,3.00
2015.11.25 07:20:36.446,1.22356,1.22357,1.00,1.10
2015.11.25 07:20:36.749,1.22354,1.22356,2.25,1.00
2015.11.25 07:20:37.104,1.22356,1.22358,1.00,1.50
2015.11.25 07:20:37.903,1.22356,1.22358,1.57,1.10
2015.11.25 07:20:38.416,1.22357,1.22359,1.12,1.12
2015.11.25 07:20:39.176,1.22356,1.22359,3.00,1.10
2015.11.25 07:20:40.612,1.22356,1.22358,1.87,1.00
2015.11.25 07:20:41.121,1.22356,1.22358,2.70,1.10
2015.11.25 07:20:42.044,1.22357,1.2236,1.95,2.25
2015.11.25 07:20:42.589,1.22358,1.2236,1.12,2.25
2015.11.25 07:20:43.582,1.22358,1.2236,1.10,1.57
2015.11.25 07:20:44.139,1.22359,1.2236,1.00,1.10
2015.11.25 07:20:44.676,1.22357,1.2236,3.00,1.57
2015.11.25 07:20:46.125,1.22357,1.22359,3.00,1.00
2015.11.25 07:20:46.682,1.22357,1.22359,1.12,1.00
2015.11.25 07:20:47.584,1.22356,1.22358,2.25,1.00
2015.11.25 07:20:49.255,1.22356,1.22358,1.12,1.00
2015.11.25 07:20:49.511,1.22354,1.22356,1.12,1.10
2015.11.25 07:20:49.613,1.22352,1.22356,1.75,2.25
2015.11.25 07:20:49.714,1.22353,1.22355,1.10,1.57
2015.11.25 07:20:49.867,1.22354,1.22357,1.00,1.50
2015.11.25 07:20:50.070,1.22356,1.22358,1.10,3.00
2015.11.25 07:20:50.578,1.22357,1.22358,1.00,1.00
2015.11.25 07:20:51.086,1.22357,1.22359,1.10,1.12
2015.11.25 07:20:51.856,1.22357,1.22359,1.12,1.00
2015.11.25 07:20:52.390,1.22356,1.22358,1.50,1.10
2015.11.25 07:20:53.174,1.22358,1.2236,1.20,2.25
2015.11.25 07:20:55.795,1.22358,1.2236,1.20,1.50
2015.11.25 07:20:55.846,1.22358,1.2236,1.57,2.25
2015.11.25 07:20:56.472,1.22357,1.22359,1.10,1.57
2015.11.25 07:21:03.665,1.22356,1.22358,1.87,1.00
2015.11.25 07:21:04.296,1.22354,1.22357,1.87,1.00
2015.11.25 07:21:04.600,1.22353,1.22356,1.12,1.57
2015.11.25 07:21:05.359,1.22353,1.22356,1.20,1.87
2015.11.25 07:21:09.301,1.22354,1.22355,1.12,1.10
2015.11.25 07:21:09.608,1.22357,1.22358,1.00,1.00
2015.11.25 07:21:10.116,1.22357,1.22359,1.10,1.12
2015.11.25 07:21:13.631,1.22358,1.22359,1.00,1.12
2015.11.25 07:21:14.481,1.22358,1.2236,1.10,2.32
2015.11.25 07:21:20.089,1.22357,1.22359,1.12,1.50
2015.11.25 07:21:20.606,1.22357,1.2236,1.12,3.07
2015.11.25 07:21:24.992,1.22357,1.22359,1.12,1.00
2015.11.25 07:21:25.819,1.22357,1.2236,1.12,3.07
2015.11.25 07:21:26.325,1.22356,1.22359,1.50,1.50
2015.11.25 07:21:29.007,1.22357,1.22358,1.10,1.00
2015.11.25 07:21:29.922,1.22358,1.22359,1.00,1.57
2015.11.25 07:21:31.178,1.22357,1.22359,1.10,1.57
2015.11.25 07:21:31.883,1.22357,1.22359,1.00,1.87
2015.11.25 07:21:39.005,1.22357,1.22359,1.00,1.87
2015.11.25 07:21:40.861,1.22358,1.22359,1.10,1.00
2015.11.25 07:21:42.264,1.22356,1.22359,1.12,2.32
2015.11.25 07:21:42.771,1.22355,1.22358,1.12,2.32
2015.11.25 07:21:43.279,1.22356,1.22358,1.00,2.25
2015.11.25 07:21:43.781,1.22356,1.22358,1.00,2.25
2015.11.25 07:21:44.288,1.22356,1.22358,1.00,2.25
2015.11.25 07:21:44.827,1.22356,1.22358,1.00,2.25
2015.11.25 07:21:45.528,1.22357,1.22358,1.00,1.57
2015.11.25 07:21:46.042,1.22357,1.22359,1.00,1.87
2015.11.25 07:21:48.721,1.22358,1.2236,1.00,3.00
2015.11.25 07:21:49.230,1.22359,1.2236,1.00,1.10
2015.11.25 07:21:55.651,1.22359,1.2236,1.00,1.10
2015.11.25 07:21:56.237,1.22362,1.22363,1.00,1.50
2015.11.25 07:21:56.288,1.22362,1.22363,1.00,1.10
2015.11.25 07:21:57.931,1.2236,1.22363,2.25,1.57
2015.11.25 07:22:02.090,1.22362,1.22363,1.00,1.10
2015.11.25 07:22:03.271,1.22361,1.22363,1.10,1.10
2015.11.25 07:22:08.385,1.22361,1.22363,1.12,1.00
2015.11.25 07:22:09.322,1.22363,1.22364,1.00,1.10
2015.11.25 07:22:09.829,1.22363,1.22365,1.10,1.50
2015.11.25 07:22:10.335,1.22363,1.22365,1.95,1.50
2015.11.25 07:22:11.062,1.22364,1.22366,1.00,2.32
2015.11.25 07:22:11.568,1.22364,1.22365,1.12,1.00
2015.11.25 07:22:12.796,1.22364,1.22366,1.00,2.32
2015.11.25 07:22:12.998,1.22366,1.22368,1.12,1.50
2015.11.25 07:22:13.252,1.22367,1.22369,1.50,2.70
2015.11.25 07:22:14.178,1.22368,1.22369,1.20,1.95
2015.11.25 07:22:15.066,1.22368,1.2237,1.10,2.25
2015.11.25 07:22:15.117,1.22368,1.2237,1.10,1.50
2015.11.25 07:22:15.467,1.22369,1.22371,1.50,1.57
2015.11.25 07:22:15.977,1.22371,1.22372,1.00,1.50
2015.11.25 07:22:16.544,1.2237,1.22372,1.10,1.50
2015.11.25 07:22:17.275,1.22371,1.22372,1.00,1.50
2015.11.25 07:22:19.797,1.2237,1.22372,1.20,1.50
2015.11.25 07:22:21.995,1.22369,1.2237,1.50,1.00
2015.11.25 07:22:23.000,1.22368,1.22371,1.10,3.37
2015.11.25 07:22:25.515,1.22369,1.2237,1.00,1.50
2015.11.25 07:22:25.668,1.22369,1.22371,1.00,1.57
2015.11.25 07:22:26.202,1.2237,1.22372,1.00,1.50
2015.11.25 07:22:26.456,1.22373,1.22374,1.00,1.00
2015.11.25 07:22:26.963,1.22373,1.22375,1.20,1.50
2015.11.25 07:22:27.482,1.22374,1.22375,1.00,1.00
2015.11.25 07:22:29.040,1.22373,1.22375,1.20,1.50
2015.11.25 07:22:29.559,1.22374,1.22375,1.00,1.00
2015.11.25 07:22:30.189,1.22373,1.22376,1.57,1.75
2015.11.25 07:22:30.696,1.22374,1.22375,1.12,1.00
2015.11.25 07:22:33.158,1.22375,1.22376,1.00,1.50
2015.11.25 07:22:33.706,1.22374,1.22377,1.12,2.25
2015.11.25 07:22:35.342,1.22375,1.22377,1.20,1.50
2015.11.25 07:22:35.393,1.22375,1.22377,1.20,1.50
2015.11.25 07:22:35.699,1.22378,1.2238,1.50,1.50
2015.11.25 07:22:36.211,1.22378,1.2238,1.50,1.50
2015.11.25 07:22:36.722,1.22379,1.2238,1.00,1.50
2015.11.25 07:22:38.877,1.22378,1.2238,1.50,1.50
2015.11.25 07:22:40.712,1.22377,1.22379,1.50,2.32
2015.11.25 07:22:41.222,1.22378,1.22379,1.00,1.50
2015.11.25 07:22:43.481,1.22376,1.22379,3.00,1.50
2015.11.25 07:22:43.988,1.22378,1.22379,1.00,1.50
2015.11.25 07:22:44.602,1.22377,1.22379,1.12,2.25
2015.11.25 07:22:45.118,1.22377,1.22379,1.00,1.50
2015.11.25 07:22:47.158,1.22376,1.22379,3.00,3.00
2015.11.25 07:22:48.437,1.22376,1.22378,2.25,1.00
2015.11.25 07:22:49.404,1.22375,1.22377,2.32,1.00
2015.11.25 07:22:49.910,1.22375,1.22377,2.32,1.00
2015.11.25 07:22:50.249,1.22375,1.22376,1.12,1.10
2015.11.25 07:22:50.755,1.22373,1.22375,1.47,1.50
2015.11.25 07:22:51.464,1.22372,1.22374,1.87,1.00
2015.11.25 07:22:52.477,1.22372,1.22374,1.87,1.00
2015.11.25 07:22:53.391,1.22372,1.22373,1.12,1.00
2015.11.25 07:22:57.920,1.22372,1.22374,1.12,1.10
2015.11.25 07:22:58.123,1.2237,1.22372,2.62,1.00
2015.11.25 07:22:58.648,1.2237,1.22372,1.87,1.00
2015.11.25 07:22:59.288,1.2237,1.22372,2.62,1.00
2015.11.25 07:23:00.459,1.2237,1.22372,3.37,1.00
2015.11.25 07:23:01.107,1.2237,1.22372,3.37,1.00
2015.11.25 07:23:02.114,1.2237,1.22375,3.37,2.25
2015.11.25 07:23:02.216,1.22364,1.22367,1.12,1.50
2015.11.25 07:23:02.958,1.22358,1.2236,9.37,1.87
2015.11.25 07:23:03.009,1.22356,1.22358,1.95,1.00
2015.11.25 07:23:03.470,1.22356,1.22359,2.70,1.10
2015.11.25 07:23:04.126,1.22357,1.22359,2.32,1.00
2015.11.25 07:23:04.632,1.22358,1.2236,1.12,1.12
2015.11.25 07:23:05.922,1.22359,1.22361,1.12,1.95
2015.11.25 07:23:06.798,1.22359,1.22362,2.62,1.50
2015.11.25 07:23:06.900,1.22361,1.22363,1.00,1.57
2015.11.25 07:23:07.204,1.22363,1.22365,1.00,2.25
2015.11.25 07:23:07.618,1.22364,1.22366,1.87,1.50
2015.11.25 07:23:08.134,1.22366,1.22367,1.00,1.50
2015.11.25 07:23:09.433,1.22365,1.22367,1.12,1.50
2015.11.25 07:23:09.585,1.22367,1.22368,1.12,1.10
2015.11.25 07:23:10.243,1.22367,1.2237,1.12,1.50
2015.11.25 07:23:10.759,1.22368,1.22371,1.87,3.37
2015.11.25 07:23:11.063,1.22371,1.22373,1.00,1.50
2015.11.25 07:23:11.569,1.22372,1.22373,1.00,1.00
2015.11.25 07:23:12.557,1.22371,1.22373,1.00,1.87
2015.11.25 07:23:14.317,1.22371,1.22374,1.20,1.50
2015.11.25 07:23:15.466,1.22372,1.22375,1.00,3.75
2015.11.25 07:23:17.308,1.22372,1.22375,1.10,3.75
2015.11.25 07:23:17.828,1.22373,1.22376,1.00,2.62
2015.11.25 07:23:18.336,1.2237,1.22373,4.50,1.10
2015.11.25 07:23:18.915,1.22371,1.22374,1.12,1.87
2015.11.25 07:23:19.439,1.22372,1.22373,1.00,1.00
2015.11.25 07:23:20.046,1.22372,1.22375,1.10,3.37
2015.11.25 07:23:20.590,1.22373,1.22376,1.12,1.87
2015.11.25 07:23:22.476,1.22372,1.22375,1.10,3.75
2015.11.25 07:23:23.135,1.22371,1.22374,1.20,2.62
2015.11.25 07:23:23.952,1.22372,1.22373,1.00,1.00
2015.11.25 07:23:24.459,1.22371,1.22374,1.20,1.12
2015.11.25 07:23:24.966,1.22372,1.22373,1.12,1.00
2015.11.25 07:23:25.316,1.22372,1.22375,1.20,1.50
2015.11.25 07:23:25.824,1.22373,1.22376,1.00,3.37
2015.11.25 07:23:27.580,1.22374,1.22375,1.12,1.00
2015.11.25 07:23:27.732,1.22374,1.22377,1.12,2.25
2015.11.25 07:23:27.885,1.22376,1.22378,1.37,3.00
2015.11.25 07:23:28.088,1.22377,1.22379,1.87,1.50
2015.11.25 07:23:30.368,1.22377,1.22379,1.37,1.10
2015.11.25 07:23:32.211,1.22376,1.22379,4.12,1.00
2015.11.25 07:23:33.810,1.22377,1.22379,1.47,1.00
2015.11.25 07:23:33.912,1.22379,1.22381,1.47,1.50
2015.11.25 07:23:35.941,1.22378,1.2238,1.87,1.10
2015.11.25 07:23:40.978,1.22378,1.22381,1.20,1.75
2015.11.25 07:23:41.282,1.22379,1.22382,2.32,1.75
2015.11.25 07:23:41.484,1.2238,1.22382,1.95,1.10
2015.11.25 07:23:42.556,1.22381,1.22383,1.37,1.50
2015.11.25 07:23:43.064,1.22381,1.22384,1.95,1.50
2015.11.25 07:23:43.950,1.22381,1.22384,2.62,1.10
2015.11.25 07:23:44.499,1.22381,1.22383,1.50,1.00
2015.11.25 07:23:46.627,1.2238,1.22382,2.62,1.00
2015.11.25 07:23:46.830,1.22379,1.22381,1.00,1.50
2015.11.25 07:23:47.331,1.22378,1.22381,1.87,1.75
2015.11.25 07:23:47.845,1.22377,1.22379,1.10,1.10
2015.11.25 07:23:49.119,1.22376,1.22378,2.62,1.00
2015.11.25 07:23:49.272,1.22375,1.22377,1.87,1.00
2015.11.25 07:23:49.526,1.22373,1.22375,1.87,1.10
2015.11.25 07:23:50.069,1.22373,1.22375,1.20,1.50
2015.11.25 07:23:51.832,1.22371,1.22373,2.62,1.00
2015.11.25 07:23:52.596,1.22371,1.22373,1.12,1.00
2015.11.25 07:23:53.016,1.22368,1.22369,3.37,1.00
2015.11.25 07:23:53.067,1.22365,1.22367,2.62,1.00
2015.11.25 07:23:54.256,1.22367,1.22368,1.00,4.57
2015.11.25 07:23:54.872,1.22367,1.22369,1.10,1.57
2015.11.25 07:23:55.430,1.22365,1.22367,1.87,3.75
2015.11.25 07:23:55.582,1.22364,1.22367,1.87,4.57
2015.11.25 07:23:58.972,1.22364,1.22366,1.87,3.75
2015.11.25 07:23:59.489,1.22364,1.22367,1.10,4.12
2015.11.25 07:23:59.745,1.22364,1.22367,1.87,2.70
2015.11.25 07:24:00.540,1.22365,1.22366,1.00,1.00
2015.11.25 07:24:00.843,1.22363,1.22365,2.62,1.10
2015.11.25 07:24:01.097,1.22362,1.22364,1.20,1.10
2015.11.25 07:24:02.180,1.2236,1.22363,1.95,1.87
2015.11.25 07:24:02.687,1.22359,1.2236,1.20,1.10
2015.11.25 07:24:03.262,1.22355,1.22358,1.20,2.25
2015.11.25 07:24:03.771,1.22354,1.22357,1.95,1.12
2015.11.25 07:24:04.025,1.22357,1.22358,1.00,1.10
2015.11.25 07:24:04.126,1.2236,1.22361,1.10,2.32
2015.11.25 07:24:04.457,1.2236,1.22363,2.62,5.25
2015.11.25 07:24:04.510,1.22363,1.22365,1.00,4.50
2015.11.25 07:24:05.017,1.22363,1.22365,1.10,2.32
2015.11.25 07:24:05.615,1.22364,1.22365,1.00,1.57
2015.11.25 07:24:07.628,1.22363,1.22364,1.10,1.00
2015.11.25 07:24:08.135,1.22364,1.22365,1.00,1.57
2015.11.25 07:24:08.761,1.22363,1.22366,1.20,1.50
2015.11.25 07:24:08.812,1.22364,1.22366,1.00,1.50
2015.11.25 07:24:09.116,1.22363,1.22364,1.00,1.00
2015.11.25 07:24:09.470,1.22362,1.22365,1.20,1.12
2015.11.25 07:24:09.622,1.22363,1.22364,1.00,1.00
2015.11.25 07:24:10.347,1.22364,1.22365,1.00,1.00
2015.11.25 07:24:14.211,1.22363,1.22366,1.20,1.37
2015.11.25 07:24:14.363,1.22365,1.22366,1.00,1.10
2015.11.25 07:24:14.903,1.22366,1.22367,1.12,1.10
2015.11.25 07:24:15.446,1.22365,1.22368,1.95,2.32
2015.11.25 07:24:15.801,1.22367,1.22369,1.87,1.00
2015.11.25 07:24:16.574,1.22369,1.22372,1.12,1.87
2015.11.25 07:24:16.880,1.22364,1.22366,8.62,1.10
2015.11.25 07:24:17.149,1.22363,1.22366,2.62,1.57
2015.11.25 07:24:17.684,1.22363,1.22366,1.87,1.10
2015.11.25 07:24:18.107,1.22362,1.22364,2.25,1.00
2015.11.25 07:24:18.208,1.2236,1.22362,1.20,1.12
2015.11.25 07:24:18.788,1.22361,1.22364,1.20,1.75
2015.11.25 07:24:18.890,1.22363,1.22366,1.20,2.25
2015.11.25 07:24:19.966,1.22361,1.22363,2.32,1.00
2015.11.25 07:24:20.472,1.22361,1.22363,1.95,1.87
2015.11.25 07:24:20.776,1.22359,1.2236,1.12,1.10
2015.11.25 07:24:21.525,1.22359,1.22361,1.47,1.10
2015.11.25 07:24:22.237,1.22358,1.2236,1.87,1.00
2015.11.25 07:24:24.471,1.22358,1.2236,1.20,1.50
2015.11.25 07:24:24.775,1.22356,1.22359,1.87,2.25
2015.11.25 07:24:25.281,1.22357,1.22358,1.00,1.00
2015.11.25 07:24:25.789,1.22355,1.22357,2.62,1.12
2015.11.25 07:24:29.753,1.22356,1.22358,1.00,1.50
2015.11.25 07:24:30.259,1.22357,1.22358,1.00,1.00
2015.11.25 07:24:34.381,1.22355,1.22359,2.62,2.62
2015.11.25 07:24:34.853,1.22354,1.22355,1.00,1.57
2015.11.25 07:24:35.469,1.22353,1.22355,1.00,1.10
2015.11.25 07:24:36.929,1.22354,1.22355,1.00,1.57
2015.11.25 07:24:38.077,1.22353,1.22355,1.00,1.57
2015.11.25 07:24:39.077,1.22352,1.22353,1.20,1.00
2015.11.25 07:24:39.582,1.22352,1.22354,1.00,2.25
2015.11.25 07:24:40.088,1.22352,1.22354,1.10,1.50
2015.11.25 07:24:40.848,1.22352,1.22354,1.10,1.50
2015.11.25 07:24:43.662,1.22353,1.22355,1.10,2.25
2015.11.25 07:24:44.173,1.22352,1.22355,1.50,2.25
2015.11.25 07:24:44.680,1.22354,1.22355,1.00,2.25
2015.11.25 07:24:48.425,1.22352,1.22355,1.50,3.00
2015.11.25 07:24:49.115,1.22352,1.22354,1.00,1.87
2015.11.25 07:24:50.958,1.22352,1.22355,1.75,3.45
2015.11.25 07:24:51.113,1.22352,1.22354,1.00,3.37
2015.11.25 07:24:52.089,1.22352,1.22354,1.00,3.00
2015.11.25 07:24:54.669,1.22352,1.22353,1.00,1.10
2015.11.25 07:24:55.091,1.22354,1.22356,1.00,1.87
2015.11.25 07:24:55.193,1.22354,1.22356,1.00,1.12
2015.11.25 07:24:55.396,1.22352,1.22355,1.10,4.12
2015.11.25 07:24:55.591,1.22352,1.22353,1.00,1.10
2015.11.25 07:24:55.952,1.22352,1.22354,1.00,3.00
2015.11.25 07:24:56.482,1.22354,1.22355,1.10,2.32
2015.11.25 07:24:56.989,1.22354,1.22355,1.10,1.10
2015.11.25 07:25:00.141,1.22354,1.22357,1.10,3.00
2015.11.25 07:25:01.097,1.22354,1.22357,1.10,3.00
2015.11.25 07:25:02.286,1.22355,1.22356,1.00,1.12
2015.11.25 07:25:02.793,1.22354,1.22356,1.10,1.87
2015.11.25 07:25:03.304,1.22354,1.22356,1.10,1.12
2015.11.25 07:25:03.931,1.22354,1.22357,1.10,3.75
2015.11.25 07:25:04.438,1.22355,1.22357,1.10,3.75
2015.11.25 07:25:04.944,1.22355,1.22357,1.10,3.75
2015.11.25 07:25:09.066,1.22354,1.22356,1.10,2.62
2015.11.25 07:25:09.572,1.22354,1.22356,1.00,2.62
2015.11.25 07:25:10.135,1.22354,1.22356,1.10,2.62
2015.11.25 07:25:11.114,1.22355,1.22356,1.00,1.87
2015.11.25 07:25:11.317,1.22354,1.22356,1.10,1.12
2015.11.25 07:25:12.069,1.22361,1.22362,1.00,5.62
2015.11.25 07:25:12.120,1.22362,1.22364,1.00,2.62
2015.11.25 07:25:12.577,1.22361,1.22363,1.00,7.87
2015.11.25 07:25:12.780,1.22363,1.22364,1.00,1.57
2015.11.25 07:25:13.464,1.22363,1.22365,1.00,4.12
2015.11.25 07:25:14.127,1.22363,1.22366,1.10,3.37
2015.11.25 07:25:14.773,1.22365,1.22367,1.87,1.20
2015.11.25 07:25:15.287,1.22367,1.22368,1.00,1.87
2015.11.25 07:25:23.348,1.22366,1.22367,1.10,1.10
2015.11.25 07:25:23.856,1.22365,1.22367,1.10,2.25
2015.11.25 07:25:24.261,1.22365,1.22367,1.10,1.50
2015.11.25 07:25:24.713,1.22365,1.22367,1.10,1.50
2015.11.25 07:25:25.231,1.22365,1.22367,1.50,1.10
2015.11.25 07:25:27.627,1.22365,1.22366,1.00,1.00
2015.11.25 07:25:27.920,1.22363,1.22365,1.50,1.00
2015.11.25 07:25:40.631,1.22363,1.22366,1.87,1.10
2015.11.25 07:25:41.142,1.22365,1.22366,1.10,1.00
2015.11.25 07:25:49.099,1.22363,1.22366,1.47,1.50
2015.11.25 07:25:49.302,1.22361,1.22365,2.25,1.87
2015.11.25 07:25:49.555,1.2236,1.22362,1.12,1.00
2015.11.25 07:25:49.757,1.22356,1.22359,1.87,1.10
2015.11.25 07:25:50.403,1.22355,1.22358,1.75,1.00
2015.11.25 07:25:50.504,1.22355,1.22356,1.00,1.00
2015.11.25 07:25:50.606,1.22353,1.22356,1.87,1.10
2015.11.25 07:25:51.112,1.22353,1.22355,1.12,1.00
2015.11.25 07:25:51.604,1.22351,1.22354,1.12,1.10
2015.11.25 07:25:52.112,1.22351,1.22353,1.12,1.00
2015.11.25 07:25:53.014,1.2235,1.22354,1.12,2.70
2015.11.25 07:25:53.065,1.2235,1.22354,1.12,3.37
2015.11.25 07:25:58.874,1.22351,1.22353,2.62,1.10
2015.11.25 07:25:59.554,1.2235,1.22354,1.87,2.25
2015.11.25 07:26:10.363,1.22351,1.22355,1.50,2.25
2015.11.25 07:26:10.881,1.22351,1.22355,1.87,1.57
2015.11.25 07:26:18.775,1.22351,1.22354,1.57,1.87
2015.11.25 07:26:19.079,1.22348,1.22351,1.10,3.00
2015.11.25 07:26:19.586,1.22346,1.2235,1.50,1.87
2015.11.25 07:26:25.949,1.22345,1.22349,2.25,1.50
2015.11.25 07:26:26.253,1.22341,1.22345,2.70,1.87
2015.11.25 07:26:26.786,1.22341,1.22344,1.95,1.50
2015.11.25 07:26:27.507,1.2234,1.22344,1.50,3.75
2015.11.25 07:26:29.227,1.22341,1.22344,1.12,1.12
2015.11.25 07:26:29.754,1.22341,1.22344,1.10,1.50
2015.11.25 07:26:32.067,1.22342,1.22344,1.00,2.25
2015.11.25 07:26:32.271,1.22343,1.22345,1.00,1.12
2015.11.25 07:26:32.322,1.22344,1.22347,1.50,1.12
2015.11.25 07:26:32.423,1.22346,1.22349,1.95,1.12
2015.11.25 07:26:32.475,1.22347,1.2235,1.00,1.87
2015.11.25 07:26:32.627,1.22348,1.22351,1.10,2.62
2015.11.25 07:26:33.267,1.2235,1.22352,1.00,1.87
2015.11.25 07:26:33.773,1.22349,1.22352,1.10,1.87
2015.11.25 07:26:34.280,1.22349,1.22352,1.47,1.12
2015.11.25 07:26:34.807,1.2235,1.22352,1.57,1.10
2015.11.25 07:26:35.110,1.22353,1.22356,1.87,3.07
2015.11.25 07:26:35.860,1.22352,1.22354,1.20,1.12
2015.11.25 07:26:42.442,1.22351,1.22354,1.20,2.62
2015.11.25 07:26:43.050,1.2235,1.22354,1.50,3.37
2015.11.25 07:26:45.674,1.2235,1.22353,1.12,1.37
2015.11.25 07:26:46.360,1.22349,1.22352,1.50,1.50
2015.11.25 07:26:50.162,1.22351,1.22353,1.37,1.50
2015.11.25 07:26:50.704,1.22356,1.22359,1.50,1.12
2015.11.25 07:26:51.218,1.22357,1.22359,1.47,1.12
2015.11.25 07:26:51.726,1.22356,1.2236,1.57,2.62
2015.11.25 07:26:54.491,1.22356,1.2236,2.70,1.87
2015.11.25 07:26:55.471,1.22355,1.2236,2.25,3.37
2015.11.25 07:26:58.783,1.22354,1.22359,3.00,3.75
2015.11.25 07:26:58.935,1.22354,1.22356,2.25,1.10
2015.11.25 07:26:59.138,1.22349,1.22351,1.95,1.10
2015.11.25 07:26:59.290,1.22346,1.2235,1.87,1.87
2015.11.25 07:27:00.033,1.22346,1.2235,1.47,3.37
2015.11.25 07:27:00.557,1.22346,1.2235,1.20,3.37
2015.11.25 07:27:01.694,1.22346,1.22349,1.12,1.37
2015.11.25 07:27:01.948,1.22343,1.22346,1.50,1.10
2015.11.25 07:27:02.153,1.22341,1.22346,3.75,2.62
2015.11.25 07:27:02.409,1.2234,1.22344,1.12,2.25
2015.11.25 07:27:02.950,1.22339,1.22344,3.00,3.37
2015.11.25 07:27:04.319,1.22336,1.22338,1.57,1.10
2015.11.25 07:27:04.776,1.22337,1.2234,1.50,1.12
2015.11.25 07:27:05.692,1.22336,1.2234,3.37,1.12
2015.11.25 07:27:06.710,1.22335,1.22338,3.00,1.00
2015.11.25 07:27:06.913,1.22334,1.22337,2.25,1.57
2015.11.25 07:27:07.419,1.22337,1.22341,1.12,3.37
2015.11.25 07:27:08.238,1.2234,1.22343,1.75,3.45
2015.11.25 07:27:08.767,1.22341,1.22345,1.12,3.37
2015.11.25 07:27:10.628,1.22339,1.22342,1.50,1.10
2015.11.25 07:27:11.171,1.22338,1.22342,1.87,2.62
2015.11.25 07:27:12.609,1.22336,1.2234,3.00,2.25
2015.11.25 07:27:12.919,1.22335,1.22338,1.50,1.12
2015.11.25 07:27:13.425,1.22333,1.22337,2.62,1.87
2015.11.25 07:27:13.578,1.22332,1.22337,2.62,3.00
2015.11.25 07:27:14.120,1.22332,1.22335,1.47,1.12
2015.11.25 07:27:14.525,1.22331,1.22335,1.10,1.87
2015.11.25 07:27:15.108,1.22331,1.22335,3.37,1.20
2015.11.25 07:27:15.613,1.22331,1.22335,2.62,1.50
2015.11.25 07:27:16.238,1.22332,1.22336,1.87,1.12
2015.11.25 07:27:16.744,1.22333,1.22337,1.50,2.25
2015.11.25 07:27:17.843,1.22331,1.22335,3.37,2.25
2015.11.25 07:27:18.611,1.22333,1.22335,1.00,1.50
2015.11.25 07:27:18.763,1.22333,1.22336,1.10,1.87
2015.11.25 07:27:19.193,1.22334,1.22337,1.50,1.00
2015.11.25 07:27:19.715,1.22335,1.22338,1.50,1.57
2015.11.25 07:27:21.036,1.22337,1.22338,1.12,1.10
2015.11.25 07:27:21.341,1.22341,1.22343,1.50,1.10
2015.11.25 07:27:21.393,1.22341,1.22345,1.87,2.32
2015.11.25 07:27:23.534,1.22341,1.22345,1.50,1.50
2015.11.25 07:27:24.040,1.2234,1.22345,1.95,4.12
2015.11.25 07:27:24.747,1.2234,1.22344,1.20,1.12
2015.11.25 07:27:28.657,1.22339,1.22343,1.47,1.87
2015.11.25 07:27:28.860,1.22336,1.2234,1.87,1.10
2015.11.25 07:27:29.012,1.22335,1.22339,3.00,1.12
2015.11.25 07:27:29.665,1.22335,1.22339,1.47,4.12
2015.11.25 07:27:30.172,1.22333,1.22338,3.37,2.25
2015.11.25 07:27:30.964,1.22333,1.22336,1.37,1.50
2015.11.25 07:27:31.074,1.22332,1.22336,1.95,1.50
2015.11.25 07:27:35.726,1.22331,1.22336,3.75,3.37
2015.11.25 07:27:37.591,1.22333,1.22336,1.00,2.25
2015.11.25 07:27:37.693,1.22334,1.22337,1.10,3.00
2015.11.25 07:27:38.200,1.22333,1.22336,2.62,1.10
2015.11.25 07:27:39.007,1.22335,1.22337,1.10,1.57
2015.11.25 07:27:39.109,1.22336,1.22338,1.10,1.12
2015.11.25 07:27:39.211,1.22339,1.22342,1.10,1.87
2015.11.25 07:27:39.313,1.22338,1.22342,2.25,1.10
2015.11.25 07:27:41.719,1.22338,1.22341,3.75,1.00
2015.11.25 07:27:41.871,1.22338,1.22339,1.10,1.57
2015.11.25 07:27:41.974,1.22334,1.22339,3.75,2.62
2015.11.25 07:27:45.699,1.22333,1.22337,3.00,1.10
2015.11.25 07:27:46.193,1.22333,1.22335,1.50,1.00
2015.11.25 07:27:46.250,1.22331,1.22335,1.20,2.25
2015.11.25 07:27:46.759,1.2233,1.22334,5.25,1.20
2015.11.25 07:27:49.244,1.22328,1.22333,4.57,4.12
2015.11.25 07:27:49.753,1.22329,1.22333,1.95,1.12
2015.11.25 07:27:50.333,1.2233,1.22333,1.20,1.37
2015.11.25 07:27:50.994,1.22331,1.22334,1.00,2.62
2015.11.25 07:27:51.197,1.22332,1.22334,1.00,1.87
2015.11.25 07:27:51.742,1.22332,1.22334,1.10,1.10
2015.11.25 07:27:52.299,1.22333,1.22334,1.00,1.10
2015.11.25 07:27:52.951,1.22332,1.22335,2.62,1.37
2015.11.25 07:27:54.727,1.22331,1.22336,3.00,2.25
2015.11.25 07:27:55.132,1.2233,1.22332,1.47,1.95
2015.11.25 07:27:55.183,1.22328,1.22331,2.25,1.87
2015.11.25 07:27:55.234,1.22327,1.2233,1.20,1.12
2015.11.25 07:27:55.752,1.22326,1.22328,1.10,1.10
2015.11.25 07:27:56.259,1.22324,1.22327,2.25,1.00
2015.11.25 07:27:56.765,1.22326,1.22328,1.20,1.10
2015.11.25 07:27:57.308,1.22324,1.22327,2.62,1.10
2015.11.25 07:27:58.799,1.22324,1.22326,2.25,1.00
2015.11.25 07:27:59.007,1.22323,1.22325,1.12,1.00
2015.11.25 07:27:59.261,1.2232,1.22323,1.50,1.12
2015.11.25 07:28:01.969,1.2232,1.22323,1.95,2.25
2015.11.25 07:28:02.224,1.2232,1.22324,3.00,1.10
2015.11.25 07:28:02.775,1.2232,1.22323,2.25,1.00
2015.11.25 07:28:05.200,1.2232,1.22324,2.25,1.57
2015.11.25 07:28:07.067,1.2232,1.22323,2.25,1.00
2015.11.25 07:28:07.924,1.22319,1.22323,3.75,1.10
2015.11.25 07:28:08.483,1.22319,1.22322,2.25,1.00
2015.11.25 07:28:09.453,1.22318,1.22321,1.75,1.10
2015.11.25 07:28:13.617,1.22318,1.2232,1.57,1.10
2015.11.25 07:28:21.331,1.22316,1.22319,2.25,1.00
2015.11.25 07:28:22.025,1.22316,1.22319,1.50,1.00
2015.11.25 07:28:23.586,1.22318,1.22319,1.00,1.00
2015.11.25 07:28:23.789,1.2232,1.22321,1.00,1.00
2015.11.25 07:28:24.183,1.2232,1.22323,1.75,3.45
2015.11.25 07:28:24.562,1.22319,1.22323,2.25,1.95
2015.11.25 07:28:26.019,1.22318,1.22322,3.00,1.50
2015.11.25 07:28:29.487,1.22318,1.22321,2.62,1.00
2015.11.25 07:28:30.796,1.22318,1.22321,1.57,1.10
2015.11.25 07:28:31.339,1.22318,1.22321,1.10,1.10
2015.11.25 07:28:31.899,1.22317,1.22321,3.07,1.50
2015.11.25 07:28:32.407,1.22317,1.2232,1.12,1.10
2015.11.25 07:28:32.945,1.22317,1.22321,2.25,2.32
2015.11.25 07:28:34.018,1.22319,1.22323,1.87,2.32
2015.11.25 07:28:35.972,1.22323,1.22325,1.95,1.00
2015.11.25 07:28:36.175,1.22324,1.22328,1.10,3.75
2015.11.25 07:28:36.731,1.22324,1.22328,1.00,3.75
2015.11.25 07:28:39.654,1.22323,1.22327,1.95,1.50
2015.11.25 07:28:39.806,1.22324,1.22327,1.50,1.10
2015.11.25 07:28:40.313,1.22324,1.22328,1.87,1.57
2015.11.25 07:28:43.294,1.22324,1.22327,1.50,1.00
2015.11.25 07:28:49.293,1.22324,1.22328,2.25,1.10
2015.11.25 07:28:50.517,1.22324,1.22327,1.50,1.00
2015.11.25 07:28:51.436,1.22321,1.22322,2.25,1.00
2015.11.25 07:28:51.487,1.22318,1.22321,2.62,1.00
2015.11.25 07:28:51.741,1.22317,1.22322,4.12,2.25
2015.11.25 07:28:52.247,1.22316,1.2232,4.87,1.57
2015.11.25 07:28:52.298,1.22316,1.22319,2.70,3.00
2015.11.25 07:28:56.718,1.22316,1.2232,1.87,1.57
2015.11.25 07:28:57.693,1.22317,1.22321,1.87,2.32
2015.11.25 07:28:58.271,1.22317,1.2232,2.25,1.00
2015.11.25 07:28:58.777,1.22316,1.2232,4.12,1.50
2015.11.25 07:29:00.804,1.22317,1.22321,1.87,1.57
2015.11.25 07:29:01.700,1.22318,1.22321,1.12,1.50
2015.11.25 07:29:01.752,1.22319,1.22323,1.20,1.87
2015.11.25 07:29:02.058,1.22319,1.22323,1.12,3.00
2015.11.25 07:29:06.511,1.22317,1.2232,1.12,1.10
2015.11.25 07:29:06.815,1.22316,1.2232,1.20,2.62
2015.11.25 07:29:07.393,1.22316,1.2232,1.12,2.25
2015.11.25 07:29:07.444,1.22317,1.22321,1.20,3.00
2015.11.25 07:29:07.596,1.22317,1.22321,1.87,1.57
2015.11.25 07:29:08.435,1.22317,1.22322,3.37,3.75
2015.11.25 07:29:08.890,1.22317,1.2232,1.87,1.12
2015.11.25 07:29:09.143,1.22316,1.22319,1.20,1.10
2015.11.25 07:29:09.245,1.22316,1.22319,1.12,1.75
2015.11.25 07:29:09.677,1.22314,1.22317,1.00,1.00
2015.11.25 07:29:09.779,1.22314,1.22318,1.87,2.25
2015.11.25 07:29:10.284,1.22315,1.22319,1.87,1.75
2015.11.25 07:29:11.402,1.22312,1.22313,3.00,1.20
2015.11.25 07:29:11.459,1.2231,1.22312,1.00,1.12
2015.11.25 07:29:11.866,1.2231,1.22314,2.70,1.12
2015.11.25 07:29:12.306,1.22314,1.22315,1.00,1.10
2015.11.25 07:29:12.612,1.22316,1.2232,3.45,2.25
2015.11.25 07:29:12.664,1.22317,1.2232,1.10,1.57
2015.11.25 07:29:12.867,1.22321,1.22322,1.00,2.25
2015.11.25 07:29:13.364,1.22325,1.22326,2.62,1.00
2015.11.25 07:29:13.466,1.22326,1.22329,1.00,2.25
2015.11.25 07:29:13.973,1.22324,1.22328,1.95,1.50
2015.11.25 07:29:14.227,1.22323,1.22324,2.25,1.00
2015.11.25 07:29:14.625,1.22322,1.22323,1.87,1.57
2015.11.25 07:29:14.676,1.22319,1.22323,1.87,2.32
2015.11.25 07:29:15.437,1.22321,1.22324,1.00,3.00
2015.11.25 07:29:15.989,1.22321,1.22324,1.10,2.32
2015.11.25 07:29:16.508,1.22321,1.22324,2.25,1.00
2015.11.25 07:29:16.712,1.22324,1.22327,1.50,2.25
2015.11.25 07:29:17.286,1.22326,1.22328,1.95,1.00
2015.11.25 07:29:17.793,1.22325,1.2233,3.45,3.00
2015.11.25 07:29:18.535,1.22325,1.22329,1.95,1.75
2015.11.25 07:29:19.041,1.22324,1.22328,1.95,1.75
2015.11.25 07:29:19.345,1.2232,1.22323,1.87,1.12
2015.11.25 07:29:19.758,1.22318,1.22322,2.62,1.57
2015.11.25 07:29:20.367,1.22318,1.22321,1.50,1.00
2015.11.25 07:29:21.299,1.22318,1.22322,1.87,1.57
2015.11.25 07:29:22.699,1.2232,1.22322,1.00,1.10
2015.11.25 07:29:23.237,1.22319,1.22322,1.10,1.10
2015.11.25 07:29:26.384,1.22317,1.22321,1.87,1.00
2015.11.25 07:29:27.373,1.22319,1.22322,1.20,1.57
2015.11.25 07:29:27.925,1.22319,1.22322,1.87,1.00
2015.11.25 07:29:28.735,1.22319,1.22323,2.62,1.10
2015.11.25 07:29:30.582,1.22321,1.22324,1.00,2.25
2015.11.25 07:29:31.330,1.22324,1.22326,1.12,1.87
2015.11.25 07:29:31.381,1.22324,1.22328,1.87,1.57
2015.11.25 07:29:36.360,1.22326,1.22328,1.00,1.10
2015.11.25 07:29:37.119,1.22324,1.22328,3.37,1.10
2015.11.25 07:29:38.915,1.22325,1.22329,1.47,1.87
2015.11.25 07:29:39.788,1.22324,1.22328,2.62,1.10
2015.11.25 07:29:43.049,1.22326,1.22329,1.00,1.12
2015.11.25 07:29:43.101,1.22327,1.22329,1.00,1.12
2015.11.25 07:29:43.553,1.2233,1.22332,1.20,1.00
2015.11.25 07:29:43.604,1.22329,1.22333,2.62,1.10
2015.11.25 07:29:43.758,1.22329,1.22333,1.37,2.25
2015.11.25 07:29:43.810,1.22328,1.22332,2.70,1.12
2015.11.25 07:29:47.357,1.22329,1.22331,1.00,1.10
2015.11.25 07:29:47.458,1.22331,1.22333,1.00,2.25
2015.11.25 07:29:47.831,1.22333,1.22335,1.10,1.87
2015.11.25 07:29:47.885,1.22334,1.22337,1.10,2.25
2015.11.25 07:29:48.392,1.22334,1.22337,1.12,1.10
2015.11.25 07:29:49.805,1.22333,1.22337,3.45,1.50
2015.11.25 07:29:50.893,1.22331,1.22336,2.70,3.00
2015.11.25 07:29:53.445,1.22331,1.22335,1.95,1.87
2015.11.25 07:29:53.931,1.22329,1.22333,1.95,2.25
2015.11.25 07:30:01.434,1.2233,1.22333,1.50,1.50
2015.11.25 07:30:01.941,1.2233,1.22334,1.95,2.25
2015.11.25 07:30:03.144,1.2233,1.22334,2.62,1.10
2015.11.25 07:30:04.282,1.22334,1.22337,1.10,3.07
2015.11.25 07:30:04.789,1.22335,1.22338,1.10,1.57
2015.11.25 07:30:05.346,1.22335,1.22338,1.50,1.50
2015.11.25 07:30:06.078,1.22334,1.22338,1.20,4.12
2015.11.25 07:30:06.484,1.22333,1.22335,1.57,1.00
2015.11.25 07:30:07.054,1.22332,1.22335,1.10,2.32
2015.11.25 07:30:07.359,1.2233,1.22333,2.62,1.50
2015.11.25 07:30:07.765,1.22329,1.22332,2.62,1.12
2015.11.25 07:30:08.506,1.22329,1.22332,1.12,1.75
2015.11.25 07:30:09.213,1.2233,1.22331,1.00,1.00
2015.11.25 07:30:09.991,1.2233,1.22333,2.62,1.50
2015.11.25 07:30:11.976,1.22331,1.22334,1.12,1.87
2015.11.25 07:30:12.901,1.22332,1.22334,1.12,1.12
2015.11.25 07:30:13.053,1.22332,1.22336,1.95,1.87
2015.11.25 07:30:13.885,1.22333,1.22336,1.00,1.87
2015.11.25 07:30:14.394,1.22332,1.22336,2.70,1.87
2015.11.25 07:30:15.201,1.22333,1.22336,1.12,1.12
2015.11.25 07:30:15.810,1.22332,1.22335,1.10,1.10
2015.11.25 07:30:16.013,1.22331,1.22334,1.12,2.25
2015.11.25 07:30:16.351,1.22329,1.22331,1.87,1.00
2015.11.25 07:30:16.503,1.22328,1.22331,2.32,1.00
2015.11.25 07:30:17.001,1.22331,1.22334,1.00,1.87
2015.11.25 07:30:17.760,1.22332,1.22335,1.00,2.25
2015.11.25 07:30:18.063,1.22334,1.22337,1.00,3.37
2015.11.25 07:30:18.613,1.22334,1.22337,1.00,3.00
2015.11.25 07:30:19.121,1.22335,1.22338,1.00,1.87
2015.11.25 07:30:19.608,1.22337,1.22339,1.00,1.10
2015.11.25 07:30:19.760,1.22338,1.2234,1.12,1.50
2015.11.25 07:30:20.274,1.22339,1.22342,1.00,2.62
2015.11.25 07:30:21.131,1.22337,1.22341,2.32,1.57
2015.11.25 07:30:21.658,1.22338,1.22341,1.00,1.57
2015.11.25 07:30:24.087,1.22337,1.22341,1.57,2.32
2015.11.25 07:30:27.742,1.22336,1.2234,1.87,1.12
2015.11.25 07:30:28.258,1.22335,1.22339,1.87,1.12
2015.11.25 07:30:28.614,1.22333,1.22336,1.10,1.50
2015.11.25 07:30:29.150,1.22332,1.22335,1.00,1.10
2015.11.25 07:30:30.813,1.22333,1.22337,1.87,1.87
2015.11.25 07:30:32.767,1.22332,1.22336,1.95,1.10
2015.11.25 07:30:33.526,1.22331,1.22334,1.12,1.20
2015.11.25 07:30:33.729,1.22328,1.22333,4.12,3.07
2015.11.25 07:30:34.237,1.22329,1.22332,1.00,1.57
2015.11.25 07:30:34.809,1.22331,1.22333,1.00,1.57
2015.11.25 07:30:35.120,1.22334,1.22337,1.00,1.57
2015.11.25 07:30:35.669,1.22333,1.22337,1.12,2.62
2015.11.25 07:30:36.285,1.22332,1.22335,1.00,1.10
2015.11.25 07:30:40.566,1.22332,1.22336,1.87,1.87
2015.11.25 07:30:41.071,1.22332,1.22335,1.50,1.10
2015.11.25 07:30:42.321,1.22333,1.22335,1.00,1.10
2015.11.25 07:30:42.625,1.22334,1.22337,1.57,1.00
2015.11.25 07:30:42.929,1.22335,1.22339,1.95,1.10
2015.11.25 07:30:43.622,1.22336,1.22339,1.00,1.10
2015.11.25 07:30:44.129,1.22335,1.22339,1.95,1.10
2015.11.25 07:30:44.654,1.22336,1.22339,1.00,1.10
2015.11.25 07:30:45.183,1.22336,1.22341,3.37,3.75
2015.11.25 07:30:46.457,1.22337,1.22341,1.12,2.62
2015.11.25 07:30:47.197,1.22336,1.2234,1.95,1.10
2015.11.25 07:30:48.578,1.22336,1.22341,3.45,3.37
2015.11.25 07:30:50.687,1.22338,1.2234,1.50,1.00
2015.11.25 07:30:51.058,1.22341,1.22342,1.00,1.12
2015.11.25 07:30:51.110,1.22341,1.22343,1.50,1.00
2015.11.25 07:30:53.334,1.22341,1.22344,1.00,1.10
2015.11.25 07:30:55.243,1.22341,1.22345,2.25,2.62
2015.11.25 07:30:55.708,1.22342,1.22346,3.00,1.50
2015.11.25 07:30:58.666,1.22342,1.22345,2.62,1.00
2015.11.25 07:31:00.151,1.22342,1.22345,1.95,1.00
2015.11.25 07:31:01.765,1.22341,1.22344,1.87,2.25
2015.11.25 07:31:01.866,1.2234,1.22343,1.10,1.50
2015.11.25 07:31:02.372,1.22339,1.22343,1.95,1.10
2015.11.25 07:31:02.676,1.22341,1.22344,1.00,2.62
2015.11.25 07:31:03.737,1.22341,1.22344,1.12,1.57
2015.11.25 07:31:04.256,1.22342,1.22345,1.00,2.62
2015.11.25 07:31:05.371,1.22341,1.22344,1.00,1.57
2015.11.25 07:31:06.234,1.2234,1.22342,2.70,1.00
2015.11.25 07:31:07.468,1.2234,1.22342,1.57,1.00
2015.11.25 07:31:08.039,1.22339,1.22341,1.20,1.00
2015.11.25 07:31:08.644,1.22339,1.22342,1.95,1.00
2015.11.25 07:31:10.621,1.2234,1.22342,1.00,1.00
2015.11.25 07:31:11.349,1.2234,1.22343,3.37,1.00
2015.11.25 07:31:13.175,1.22339,1.2234,1.50,1.10
2015.11.25 07:31:13.227,1.22336,1.22338,1.47,1.00
2015.11.25 07:31:14.681,1.22334,1.22337,2.25,1.00
2015.11.25 07:31:15.138,1.22333,1.22336,2.70,1.00
2015.11.25 07:31:15.644,1.22333,1.22335,1.57,1.00
2015.11.25 07:31:16.275,1.22333,1.22336,3.07,1.00
2015.11.25 07:31:17.086,1.22333,1.22336,3.82,1.00
2015.11.25 07:31:17.843,1.22333,1.22335,1.20,1.00
2015.11.25 07:31:19.301,1.22336,1.22338,1.00,1.12
2015.11.25 07:31:19.806,1.22334,1.22337,3.75,1.00
2015.11.25 07:31:20.907,1.22335,1.22338,1.20,1.00
2015.11.25 07:31:21.571,1.22336,1.22338,1.00,1.00
2015.11.25 07:31:22.636,1.22335,1.22337,1.95,1.00
2015.11.25 07:31:22.687,1.22337,1.22339,1.00,1.00
2015.11.25 07:31:23.802,1.22336,1.22339,1.12,1.50
2015.11.25 07:31:24.324,1.22335,1.22338,2.70,1.00
2015.11.25 07:31:24.856,1.22335,1.22338,1.95,1.00
2015.11.25 07:31:25.372,1.22336,1.22339,1.00,2.25
2015.11.25 07:31:27.073,1.22336,1.22338,1.00,1.00
2015.11.25 07:31:27.225,1.22334,1.22336,1.12,1.00
2015.11.25 07:31:27.428,1.22333,1.22335,1.10,1.00
2015.11.25 07:31:27.945,1.22333,1.22336,1.10,3.00
2015.11.25 07:31:28.853,1.22332,1.22335,1.87,1.00
2015.11.25 07:31:31.209,1.22333,1.22336,1.10,3.00
2015.11.25 07:31:31.822,1.22333,1.22336,1.95,1.00
2015.11.25 07:31:32.328,1.22334,1.22337,1.10,2.25
2015.11.25 07:31:32.530,1.22332,1.22335,2.25,1.00
2015.11.25 07:31:33.506,1.22327,1.22328,6.75,1.12
2015.11.25 07:31:33.558,1.22326,1.22328,1.00,3.37
2015.11.25 07:31:34.064,1.22325,1.22328,1.00,3.37
2015.11.25 07:31:34.846,1.22326,1.22328,1.00,1.50
2015.11.25 07:31:35.557,1.22326,1.22328,1.00,1.12
2015.11.25 07:31:37.671,1.22324,1.22327,1.87,1.10
2015.11.25 07:31:38.366,1.22325,1.22328,1.12,1.87
2015.11.25 07:31:39.568,1.22324,1.22326,1.87,1.00
2015.11.25 07:31:40.013,1.22321,1.22324,1.87,1.12
2015.11.25 07:31:40.519,1.22319,1.22322,3.45,1.00
2015.11.25 07:31:43.361,1.22317,1.22319,1.20,1.00
2015.11.25 07:31:43.869,1.22316,1.22319,3.07,1.00
2015.11.25 07:31:45.368,1.22316,1.22319,1.87,1.10
2015.11.25 07:31:46.076,1.22316,1.22318,1.12,1.00
2015.11.25 07:31:46.618,1.22316,1.22319,1.87,1.10
2015.11.25 07:31:47.135,1.22317,1.2232,1.00,1.87
2015.11.25 07:31:47.997,1.22316,1.22318,1.12,1.00
2015.11.25 07:31:48.516,1.22316,1.22318,1.12,1.00
2015.11.25 07:31:49.666,1.22317,1.22319,1.00,1.10
2015.11.25 07:31:50.176,1.22316,1.22318,1.12,1.00
2015.11.25 07:31:51.211,1.22316,1.22317,1.12,1.00
2015.11.25 07:31:51.888,1.22316,1.22319,1.87,1.10
2015.11.25 07:31:53.138,1.22316,1.22318,1.87,1.00
2015.11.25 07:31:53.648,1.22316,1.22319,1.95,1.00
2015.11.25 07:31:54.058,1.22318,1.2232,1.00,2.32
2015.11.25 07:31:54.714,1.2232,1.22321,1.00,1.00
2015.11.25 07:31:55.222,1.22321,1.22322,1.00,1.00
2015.11.25 07:31:56.798,1.22321,1.22324,1.00,3.07
2015.11.25 07:31:57.400,1.22322,1.22324,1.10,2.25
2015.11.25 07:31:58.207,1.22322,1.22323,1.10,1.00
2015.11.25 07:31:59.330,1.22322,1.22324,1.10,2.25
2015.11.25 07:31:59.874,1.22323,1.22324,1.00,2.25
2015.11.25 07:32:00.389,1.22323,1.22325,1.00,1.50
2015.11.25 07:32:00.920,1.22324,1.22326,1.00,3.07
2015.11.25 07:32:01.425,1.22323,1.22325,1.00,1.50
2015.11.25 07:32:02.438,1.22323,1.22324,1.00,1.50
2015.11.25 07:32:03.199,1.22323,1.22325,1.00,1.00
2015.11.25 07:32:03.708,1.22323,1.22324,1.00,1.00
2015.11.25 07:32:04.215,1.22323,1.22325,1.00,3.00
2015.11.25 07:32:04.722,1.22323,1.22324,1.00,1.50
2015.11.25 07:32:05.263,1.22322,1.22324,1.10,1.50
2015.11.25 07:32:05.823,1.22322,1.22325,1.10,3.00
2015.11.25 07:32:07.241,1.22322,1.22324,1.10,1.00
2015.11.25 07:32:07.748,1.22321,1.22323,1.87,1.00
2015.11.25 07:32:08.281,1.22321,1.22324,1.87,1.50
2015.11.25 07:32:09.459,1.22321,1.22323,1.87,1.00
2015.11.25 07:32:09.713,1.22318,1.22321,1.50,1.00
2015.11.25 07:32:10.315,1.22318,1.22321,1.20,2.32
2015.11.25 07:32:10.820,1.22318,1.2232,1.20,1.00
2015.11.25 07:32:11.326,1.22318,1.22321,1.20,2.32
2015.11.25 07:32:12.131,1.22317,1.22319,1.50,1.00
2015.11.25 07:32:12.893,1.22317,1.22319,1.00,1.10
2015.11.25 07:32:13.272,1.22314,1.22316,1.12,1.00
2015.11.25 07:32:13.526,1.22311,1.22313,2.25,1.00
2015.11.25 07:32:14.201,1.22309,1.22311,1.12,1.12
2015.11.25 07:32:14.256,1.22308,1.2231,2.25,1.00
2015.11.25 07:32:14.611,1.22307,1.22309,3.75,1.10
2015.11.25 07:32:15.198,1.22306,1.22308,1.00,4.12
2015.11.25 07:32:15.504,1.22303,1.22304,1.12,1.00
2015.11.25 07:32:16.011,1.22303,1.22306,1.50,3.00
2015.11.25 07:32:16.447,1.22304,1.22306,1.00,2.25
2015.11.25 07:32:17.495,1.22304,1.22306,1.00,2.25
2015.11.25 07:32:17.546,1.22305,1.22306,1.00,1.50
2015.11.25 07:32:17.950,1.22307,1.22309,1.00,2.25
2015.11.25 07:32:18.255,1.22316,1.22317,1.12,3.00
2015.11.25 07:32:18.306,1.22317,1.22318,1.00,1.57
2015.11.25 07:32:18.509,1.2232,1.22321,1.50,3.07
2015.11.25 07:32:19.015,1.22321,1.22322,1.00,1.50
2015.11.25 07:32:20.326,1.2232,1.22321,1.00,1.10
2015.11.25 07:32:20.833,1.22321,1.22322,1.00,1.50
2015.11.25 07:32:22.160,1.2232,1.22322,1.00,2.25
2015.11.25 07:32:22.414,1.22318,1.22321,2.62,1.50
2015.11.25 07:32:23.007,1.22319,1.22321,1.00,2.25
2015.11.25 07:32:23.860,1.22318,1.22321,1.50,3.00
2015.11.25 07:32:24.371,1.22318,1.22319,1.50,1.10
2015.11.25 07:32:24.928,1.22319,1.2232,1.00,3.00
2015.11.25 07:32:25.436,1.22318,1.22319,1.50,1.10
2015.11.25 07:32:26.042,1.22317,1.22319,1.00,1.57
2015.11.25 07:32:26.549,1.22317,1.22318,1.50,1.00
2015.11.25 07:32:27.294,1.22319,1.22321,1.87,1.10
2015.11.25 07:32:27.598,1.22323,1.22325,1.00,1.50
2015.11.25 07:32:27.964,1.22321,1.22323,1.00,1.00
2015.11.25 07:32:28.403,1.22319,1.22321,1.00,1.00
2015.11.25 07:32:29.864,1.22318,1.22321,1.50,2.32
2015.11.25 07:32:30.807,1.22319,1.22321,1.00,2.32
2015.11.25 07:32:31.594,1.22319,1.22321,1.00,2.25
2015.11.25 07:32:32.101,1.2232,1.22322,1.00,2.25
2015.11.25 07:32:32.849,1.22321,1.22322,1.00,1.10
2015.11.25 07:32:35.777,1.2232,1.22322,1.00,2.32
2015.11.25 07:32:36.132,1.22318,1.22321,1.00,1.57
2015.11.25 07:32:36.385,1.22318,1.22319,1.00,1.00
2015.11.25 07:32:37.013,1.22318,1.22321,1.00,3.75
2015.11.25 07:32:38.678,1.22319,1.22321,1.00,2.25
2015.11.25 07:32:40.115,1.2232,1.22321,1.00,1.00
2015.11.25 07:32:40.620,1.2232,1.22323,1.00,4.50
2015.11.25 07:32:42.718,1.22319,1.22322,1.87,1.50
2015.11.25 07:32:44.092,1.2232,1.22323,1.00,3.00
2015.11.25 07:32:45.007,1.22321,1.22322,1.00,1.00
2015.11.25 07:32:45.525,1.2232,1.22323,1.00,1.75
2015.11.25 07:32:46.032,1.22321,1.22324,1.00,3.00
2015.11.25 07:32:47.384,1.22321,1.22323,1.50,1.12
2015.11.25 07:32:48.165,1.22322,1.22323,1.00,1.12
2015.11.25 07:32:48.519,1.22323,1.22324,1.00,1.10
2015.11.25 07:32:49.274,1.22322,1.22324,1.00,1.10
2015.11.25 07:32:49.685,1.22324,1.22326,1.87,1.50
2015.11.25 07:32:49.736,1.22327,1.22329,1.00,1.50
2015.11.25 07:32:50.242,1.22328,1.2233,1.00,1.50
2015.11.25 07:32:50.344,1.22329,1.22331,1.00,1.10
2015.11.25 07:32:50.886,1.2233,1.22331,1.00,1.10
2015.11.25 07:32:51.392,1.22329,1.22331,1.00,1.57
2015.11.25 07:32:51.493,1.22328,1.22331,1.12,2.62
2015.11.25 07:32:51.696,1.22326,1.22328,1.20,1.00
2015.11.25 07:32:51.899,1.22325,1.22327,2.62,1.00
2015.11.25 07:32:53.811,1.22325,1.22326,1.00,1.00
2015.11.25 07:32:55.239,1.22324,1.22326,1.12,1.00
2015.11.25 07:32:56.058,1.22325,1.22326,1.00,1.10
2015.11.25 07:32:58.202,1.22324,1.22326,1.12,1.00
2015.11.25 07:32:58.658,1.22323,1.22324,1.12,1.00
2015.11.25 07:32:59.081,1.22319,1.2232,5.25,1.00
2015.11.25 07:32:59.132,1.22318,1.22319,1.00,1.00
2015.11.25 07:32:59.638,1.22318,1.2232,1.00,1.57
2015.11.25 07:33:00.925,1.22319,1.2232,1.00,1.10
2015.11.25 07:33:01.179,1.2232,1.22322,1.00,1.87
2015.11.25 07:33:01.382,1.22319,1.22322,2.62,1.10
2015.11.25 07:33:02.162,1.2232,1.22322,1.00,1.57
2015.11.25 07:33:02.719,1.2232,1.22322,1.00,2.25
2015.11.25 07:33:02.872,1.2232,1.22322,1.00,1.50
2015.11.25 07:33:03.416,1.22324,1.22326,1.00,1.87
2015.11.25 07:33:03.771,1.22323,1.22325,1.00,1.10
2015.11.25 07:33:04.176,1.22324,1.22326,1.00,1.87
2015.11.25 07:33:04.803,1.22323,1.22325,1.00,1.10
2015.11.25 07:33:06.292,1.22324,1.22326,1.00,1.12
2015.11.25 07:33:06.810,1.22325,1.22327,1.00,2.25
2015.11.25 07:33:07.317,1.22326,1.22327,1.00,1.10
2015.11.25 07:33:07.805,1.22323,1.22325,1.87,1.00
2015.11.25 07:33:08.007,1.22321,1.22323,1.50,1.00
2015.11.25 07:33:08.513,1.22321,1.22323,1.00,2.25
2015.11.25 07:33:09.103,1.22322,1.22324,1.00,1.95
2015.11.25 07:33:09.407,1.22322,1.22326,3.37,1.75
2015.11.25 07:33:09.508,1.22324,1.22326,1.00,1.50
2015.11.25 07:33:10.014,1.22325,1.22327,1.00,1.50
2015.11.25 07:33:10.464,1.22327,1.22328,1.50,1.00
2015.11.25 07:33:10.516,1.22328,1.2233,1.00,2.25
2015.11.25 07:33:10.669,1.22327,1.2233,1.87,1.00
2015.11.25 07:33:10.872,1.22326,1.22329,1.00,1.87
2015.11.25 07:33:11.955,1.22329,1.2233,1.00,1.12
2015.11.25 07:33:12.467,1.22329,1.22331,1.00,2.62
2015.11.25 07:33:14.000,1.22329,1.22332,1.12,2.25
2015.11.25 07:33:14.494,1.22332,1.22334,1.00,1.50
2015.11.25 07:33:15.051,1.22333,1.22335,1.00,2.25
2015.11.25 07:33:15.702,1.22333,1.22335,1.50,1.50
2015.11.25 07:33:16.260,1.22333,1.22335,1.00,1.87
2015.11.25 07:33:17.277,1.22333,1.22335,1.00,1.12
2015.11.25 07:33:17.783,1.22333,1.22335,1.00,1.87
2015.11.25 07:33:18.540,1.22333,1.22335,1.00,1.12
2015.11.25 07:33:19.095,1.22333,1.22335,1.00,1.87
2015.11.25 07:33:19.601,1.22332,1.22334,1.00,1.10
2015.11.25 07:33:20.445,1.22331,1.22334,1.50,1.57
2015.11.25 07:33:21.257,1.22332,1.22334,1.00,1.57
2015.11.25 07:33:22.077,1.22333,1.22335,1.87,1.12
2015.11.25 07:33:22.142,1.22335,1.22337,1.00,1.20
2015.11.25 07:33:23.413,1.22334,1.22337,1.12,1.50
2015.11.25 07:33:23.920,1.22335,1.22337,1.12,1.00
2015.11.25 07:33:24.815,1.22334,1.22337,1.50,1.00
2015.11.25 07:33:25.686,1.22334,1.22336,1.12,1.00
2015.11.25 07:33:26.362,1.22335,1.22337,1.00,2.25
2015.11.25 07:33:26.894,1.22334,1.22336,1.00,1.00
2015.11.25 07:33:27.400,1.22333,1.22335,1.12,1.00
2015.11.25 07:33:27.949,1.22334,1.22336,1.00,1.00
2015.11.25 07:33:29.437,1.22334,1.22336,1.87,1.12
2015.11.25 07:33:30.249,1.22335,1.22337,1.00,2.62
2015.11.25 07:33:30.637,1.22335,1.22337,1.12,1.10
2015.11.25 07:33:31.147,1.22336,1.22338,1.00,1.50
2015.11.25 07:33:32.104,1.22335,1.22337,1.00,1.95
2015.11.25 07:33:32.155,1.22333,1.22336,1.87,1.10
2015.11.25 07:33:32.206,1.22334,1.22335,1.12,1.00
2015.11.25 07:33:32.720,1.22335,1.22336,1.00,1.00
2015.11.25 07:33:33.517,1.22334,1.22336,1.12,1.00
2015.11.25 07:33:33.572,1.22334,1.22337,1.87,1.00
2015.11.25 07:33:34.380,1.22334,1.22336,1.12,1.00
2015.11.25 07:33:34.923,1.22335,1.22336,1.12,1.00
2015.11.25 07:33:36.773,1.22334,1.22336,2.62,1.00
2015.11.25 07:33:37.077,1.2233,1.22332,2.70,1.00
2015.11.25 07:33:37.524,1.2233,1.22332,1.87,1.00
2015.11.25 07:33:37.577,1.2233,1.22332,2.62,1.00
2015.11.25 07:33:38.086,1.2233,1.22332,1.37,1.00
2015.11.25 07:33:38.792,1.2233,1.22331,1.87,1.00
2015.11.25 07:33:39.299,1.22329,1.22331,3.37,1.00
2015.11.25 07:33:40.769,1.22329,1.22331,2.62,1.00
2015.11.25 07:33:41.275,1.22331,1.22332,1.12,1.00
2015.11.25 07:33:42.343,1.22331,1.22333,1.12,1.00
2015.11.25 07:33:43.622,1.22332,1.22334,1.37,1.00
2015.11.25 07:33:44.138,1.22333,1.22335,1.87,1.00
2015.11.25 07:33:46.999,1.22333,1.22335,2.62,1.00
2015.11.25 07:33:47.151,1.22336,1.22338,1.00,1.00
2015.11.25 07:33:47.253,1.22337,1.22339,1.00,1.10
2015.11.25 07:33:47.766,1.22339,1.22341,1.00,1.12
2015.11.25 07:33:47.817,1.22343,1.22345,1.00,1.57
2015.11.25 07:33:48.424,1.22342,1.22345,1.87,1.10
2015.11.25 07:33:48.859,1.22341,1.22344,1.12,1.87
2015.11.25 07:33:49.366,1.2234,1.22342,1.12,1.00
2015.11.25 07:33:50.179,1.2234,1.22343,2.62,1.10
2015.11.25 07:33:50.709,1.22341,1.22343,1.00,1.10
2015.11.25 07:33:51.215,1.2234,1.22343,1.87,1.10
2015.11.25 07:33:52.151,1.2234,1.22342,1.12,1.00
2015.11.25 07:33:52.717,1.2234,1.22341,1.12,1.00
2015.11.25 07:33:53.022,1.22336,1.22338,1.50,1.00
2015.11.25 07:33:53.073,1.22334,1.22336,2.62,1.00
2015.11.25 07:33:53.542,1.22333,1.22336,1.87,8.25
2015.11.25 07:33:54.050,1.22333,1.22335,1.12,1.00
2015.11.25 07:33:54.804,1.22333,1.22334,1.00,1.00
2015.11.25 07:33:55.315,1.22333,1.22335,1.00,1.50
2015.11.25 07:33:56.683,1.22334,1.22336,1.00,8.32
2015.11.25 07:33:57.565,1.22333,1.22336,2.62,8.25
2015.11.25 07:33:58.082,1.22334,1.22336,1.00,8.25
2015.11.25 07:33:59.586,1.22335,1.22336,1.50,7.50
2015.11.25 07:34:00.093,1.22334,1.22336,1.12,1.00
2015.11.25 07:34:00.602,1.22334,1.22336,1.12,1.00
2015.11.25 07:34:02.533,1.22331,1.22334,3.00,1.00
2015.11.25 07:34:03.040,1.22332,1.22334,1.37,1.00
2015.11.25 07:34:04.111,1.22333,1.22335,1.12,1.57
2015.11.25 07:34:04.890,1.22333,1.22335,1.37,1.00
2015.11.25 07:34:05.298,1.22331,1.22334,2.32,1.00
2015.11.25 07:34:05.805,1.2233,1.22332,1.87,1.00
2015.11.25 07:34:06.308,1.2233,1.22332,1.12,2.32
2015.11.25 07:34:06.613,1.22326,1.22328,1.87,1.00
2015.11.25 07:34:07.397,1.22326,1.22329,2.62,1.00
2015.11.25 07:34:07.917,1.22327,1.2233,1.12,1.50
2015.11.25 07:34:08.474,1.22326,1.22329,1.87,1.00
2015.11.25 07:34:09.108,1.22326,1.22329,1.00,1.50
2015.11.25 07:34:10.485,1.22325,1.22328,1.87,1.00
2015.11.25 07:34:11.953,1.22326,1.22329,1.00,3.07
2015.11.25 07:34:12.535,1.22326,1.22328,1.00,1.00
2015.11.25 07:34:14.818,1.22327,1.2233,1.00,3.37
2015.11.25 07:34:15.324,1.22326,1.22329,1.12,1.57
2015.11.25 07:34:15.856,1.22325,1.22328,2.25,1.00
2015.11.25 07:34:16.545,1.22326,1.22329,1.00,2.32
2015.11.25 07:34:19.286,1.22327,1.22329,1.00,1.57
2015.11.25 07:34:20.117,1.22326,1.22329,1.00,2.32
2015.11.25 07:34:21.816,1.22326,1.22328,1.00,1.00
2015.11.25 07:34:22.324,1.22327,1.22328,1.00,1.00
2015.11.25 07:34:22.916,1.22326,1.22328,1.00,1.00
2015.11.25 07:34:24.465,1.22325,1.22328,1.00,1.50
2015.11.25 07:34:24.984,1.22325,1.22327,1.00,1.00
2015.11.25 07:34:25.831,1.22325,1.22328,1.00,4.57
2015.11.25 07:34:30.855,1.22326,1.22328,1.00,3.82
2015.11.25 07:34:31.381,1.22325,1.22328,1.00,3.82
2015.11.25 07:34:32.360,1.22326,1.22328,1.00,3.82
2015.11.25 07:34:35.438,1.22327,1.22328,1.00,1.10
2015.11.25 07:34:35.844,1.22328,1.2233,1.00,2.32
2015.11.25 07:34:38.580,1.2233,1.22332,1.00,1.00
2015.11.25 07:34:39.039,1.22328,1.22329,1.00,1.00
2015.11.25 07:34:39.758,1.22327,1.22329,1.00,1.00
2015.11.25 07:34:40.271,1.22326,1.22328,1.00,1.50
2015.11.25 07:34:40.780,1.22325,1.22327,1.00,1.50
2015.11.25 07:34:41.317,1.22324,1.22326,1.00,2.25
2015.11.25 07:34:43.357,1.22323,1.22325,1.00,1.50
2015.11.25 07:34:43.560,1.2232,1.22323,1.00,1.50
2015.11.25 07:34:43.763,1.22319,1.22321,1.00,1.00
2015.11.25 07:34:46.398,1.2232,1.22321,1.00,1.50
2015.11.25 07:34:46.500,1.22321,1.22323,1.00,2.32
2015.11.25 07:34:47.109,1.2232,1.22322,1.00,1.50
2015.11.25 07:34:48.785,1.22321,1.22323,1.00,1.10
2015.11.25 07:34:49.293,1.22321,1.22323,1.00,1.00
2015.11.25 07:34:51.429,1.22321,1.22322,1.00,1.00
2015.11.25 07:34:52.393,1.22321,1.22323,1.00,2.25
2015.11.25 07:34:53.641,1.22321,1.22323,1.00,2.25
2015.11.25 07:34:57.391,1.22321,1.22323,1.00,2.25
2015.11.25 07:34:59.182,1.22321,1.22322,1.00,1.00
2015.11.25 07:35:00.793,1.22321,1.22323,1.00,3.00
2015.11.25 07:35:01.346,1.22322,1.22323,1.00,1.50
2015.11.25 07:35:02.398,1.22321,1.22323,1.00,1.50
2015.11.25 07:35:04.044,1.22321,1.22323,1.00,1.50
2015.11.25 07:35:08.419,1.22321,1.22323,1.00,1.50
2015.11.25 07:35:10.122,1.2232,1.22321,1.00,1.00
2015.11.25 07:35:10.864,1.22319,1.22321,1.87,1.00
2015.11.25 07:35:13.695,1.22319,1.22322,1.87,1.00
2015.11.25 07:35:14.573,1.22319,1.22321,1.00,1.00
2015.11.25 07:35:15.487,1.22319,1.22322,1.87,1.00
2015.11.25 07:35:17.670,1.2232,1.22323,1.00,2.32
2015.11.25 07:35:19.341,1.22322,1.22323,1.50,1.50
2015.11.25 07:35:19.444,1.22323,1.22324,1.00,1.00
2015.11.25 07:35:19.747,1.22323,1.22326,1.20,1.00
2015.11.25 07:35:21.407,1.22324,1.22327,1.00,3.00
2015.11.25 07:35:21.458,1.22326,1.22327,1.00,2.25
2015.11.25 07:35:21.559,1.22327,1.22329,1.00,2.25
2015.11.25 07:35:22.588,1.22328,1.2233,1.00,1.00
2015.11.25 07:35:23.094,1.22326,1.22328,1.95,1.00
2015.11.25 07:35:23.297,1.22324,1.22326,2.62,1.00
2015.11.25 07:35:23.499,1.22323,1.22325,1.87,1.00
2015.11.25 07:35:24.317,1.22323,1.22325,1.00,1.10
2015.11.25 07:35:25.650,1.22319,1.2232,3.00,1.50
2015.11.25 07:35:25.706,1.22318,1.22319,1.00,1.00
2015.11.25 07:35:25.807,1.22317,1.22319,1.87,1.50
2015.11.25 07:35:26.314,1.22318,1.2232,1.00,2.32
2015.11.25 07:35:26.886,1.22319,1.22321,1.50,2.62
2015.11.25 07:35:27.393,1.22319,1.22321,1.50,1.00
2015.11.25 07:35:32.576,1.22318,1.2232,1.50,1.00
2015.11.25 07:35:33.233,1.22319,1.2232,1.00,1.00
2015.11.25 07:35:34.139,1.22318,1.2232,1.50,1.00
2015.11.25 07:35:34.715,1.22318,1.2232,1.50,1.00
2015.11.25 07:35:35.570,1.22318,1.2232,2.25,1.00
2015.11.25 07:35:36.391,1.22318,1.22321,2.25,2.25
2015.11.25 07:35:37.042,1.22319,1.22321,1.00,2.25
2015.11.25 07:35:37.606,1.22319,1.22322,1.87,1.50
2015.11.25 07:35:38.714,1.22319,1.22321,1.87,1.00
2015.11.25 07:35:41.503,1.22319,1.22322,1.87,1.00
2015.11.25 07:35:43.677,1.2232,1.22323,1.00,3.00
2015.11.25 07:35:44.599,1.2232,1.22322,1.00,1.00
2015.11.25 07:35:46.654,1.22321,1.22323,1.00,3.00
2015.11.25 07:35:47.514,1.22322,1.22323,1.00,1.00
2015.11.25 07:35:47.668,1.22322,1.22325,1.00,3.75
2015.11.25 07:35:49.917,1.22324,1.22326,1.00,2.32
2015.11.25 07:35:50.222,1.22326,1.22327,1.00,1.00
2015.11.25 07:35:50.729,1.22325,1.22326,1.00,1.00
2015.11.25 07:35:51.233,1.22325,1.22326,1.00,1.00
2015.11.25 07:35:51.538,1.22322,1.22324,1.87,1.00
2015.11.25 07:35:51.847,1.22318,1.22319,1.12,1.00
2015.11.25 07:35:52.322,1.22317,1.2232,1.87,1.00
2015.11.25 07:35:53.292,1.22318,1.2232,1.00,1.00
2015.11.25 07:35:55.319,1.22318,1.2232,1.12,1.00
2015.11.25 07:35:55.829,1.22318,1.2232,1.12,1.00
2015.11.25 07:35:57.717,1.22318,1.22319,1.00,1.00
2015.11.25 07:35:58.371,1.22317,1.22319,1.20,1.00
2015.11.25 07:36:03.272,1.22317,1.22319,1.12,1.00
2015.11.25 07:36:05.704,1.22316,1.22318,1.87,1.00
2015.11.25 07:36:07.367,1.22315,1.22317,1.37,1.50
2015.11.25 07:36:07.570,1.2231,1.22312,1.12,1.00
2015.11.25 07:36:07.773,1.2231,1.22311,1.00,1.00
2015.11.25 07:36:08.028,1.22305,1.22308,1.00,3.07
2015.11.25 07:36:08.449,1.22305,1.22306,1.00,1.50
2015.11.25 07:36:08.957,1.22304,1.22306,1.00,2.25
2015.11.25 07:36:09.757,1.22305,1.22306,1.00,1.50
2015.11.25 07:36:10.324,1.22304,1.22306,1.00,1.50
2015.11.25 07:36:10.832,1.22304,1.22305,1.00,1.00
2015.11.25 07:36:11.375,1.22303,1.22304,1.50,1.00
2015.11.25 07:36:11.750,1.22304,1.22306,1.00,2.25
2015.11.25 07:36:14.463,1.22304,1.22305,1.00,1.00
2015.11.25 07:36:15.109,1.22303,1.22305,2.25,1.00
2015.11.25 07:36:15.630,1.22303,1.22305,3.37,1.00
2015.11.25 07:36:17.763,1.22303,1.22305,2.62,1.00
2015.11.25 07:36:18.269,1.22303,1.22305,3.07,1.00
2015.11.25 07:36:19.169,1.22303,1.22305,3.07,1.00
2015.11.25 07:36:21.005,1.22303,1.22306,2.70,1.50
2015.11.25 07:36:21.792,1.22304,1.22306,1.00,1.00
2015.11.25 07:36:22.299,1.22303,1.22306,1.95,1.50
2015.11.25 07:36:22.955,1.22304,1.22306,1.00,1.50
2015.11.25 07:36:23.493,1.22303,1.22305,1.00,1.50
2015.11.25 07:36:24.704,1.22303,1.22304,1.00,1.00
2015.11.25 07:36:25.345,1.22302,1.22304,2.25,1.00
2015.11.25 07:36:25.906,1.22303,1.22305,1.00,2.25
2015.11.25 07:36:29.992,1.22303,1.22305,1.00,1.00
2015.11.25 07:36:31.239,1.22303,1.22305,2.25,1.00
2015.11.25 07:36:31.786,1.22303,1.22306,2.25,2.25
2015.11.25 07:36:32.794,1.22303,1.22305,1.50,1.00
2015.11.25 07:36:34.501,1.22303,1.22305,1.00,1.00
2015.11.25 07:36:35.007,1.22302,1.22304,2.70,1.00
2015.11.25 07:36:36.107,1.22304,1.22306,1.00,2.25
2015.11.25 07:36:37.655,1.22304,1.22306,1.00,1.50
2015.11.25 07:36:37.959,1.22303,1.22306,1.00,2.25
2015.11.25 07:36:38.315,1.22302,1.22304,1.87,1.00
2015.11.25 07:36:40.951,1.22303,1.22305,1.00,1.50
2015.11.25 07:36:41.459,1.22302,1.22305,1.50,2.25
2015.11.25 07:36:41.862,1.22301,1.22303,1.12,1.50
2015.11.25 07:36:42.762,1.22301,1.22304,1.12,1.50
2015.11.25 07:36:43.268,1.22302,1.22305,1.12,1.50
2015.11.25 07:36:43.781,1.22303,1.22305,1.00,1.00
2015.11.25 07:36:44.389,1.22301,1.22304,2.62,1.00
2015.11.25 07:36:45.430,1.22304,1.22306,1.00,1.50
2015.11.25 07:36:45.936,1.22305,1.22307,1.00,1.00
2015.11.25 07:36:47.201,1.22303,1.22305,1.87,1.00
2015.11.25 07:36:47.793,1.22303,1.22305,2.62,1.00
2015.11.25 07:36:48.927,1.22303,1.22305,1.87,1.00
2015.11.25 07:36:49.231,1.22306,1.22308,1.12,1.57
2015.11.25 07:36:49.593,1.22304,1.22307,2.70,1.00
2015.11.25 07:36:50.340,1.22304,1.22307,3.45,1.00
2015.11.25 07:36:50.492,1.22306,1.22309,1.00,1.50
2015.11.25 07:36:50.645,1.22308,1.2231,1.00,1.57
2015.11.25 07:36:50.949,1.22309,1.22312,1.12,1.50
2015.11.25 07:36:51.001,1.22308,1.2231,4.50,1.00
2015.11.25 07:36:51.153,1.22309,1.22313,2.62,1.00
2015.11.25 07:36:51.941,1.22308,1.22311,3.45,1.00
2015.11.25 07:36:52.446,1.22308,1.2231,2.62,1.00
2015.11.25 07:36:52.952,1.22308,1.2231,1.50,1.00
2015.11.25 07:36:53.535,1.22308,1.2231,1.50,1.00
2015.11.25 07:36:54.750,1.22309,1.22311,1.00,1.00
2015.11.25 07:36:55.255,1.22308,1.2231,1.87,1.00
2015.11.25 07:36:57.093,1.22309,1.22311,1.00,1.00
2015.11.25 07:36:57.600,1.22309,1.22312,2.62,1.00
2015.11.25 07:36:58.134,1.2231,1.22312,1.87,1.00
2015.11.25 07:37:01.468,1.2231,1.22312,1.37,1.00
2015.11.25 07:37:01.620,1.22309,1.22311,1.12,1.00
2015.11.25 07:37:02.127,1.22307,1.22309,1.87,1.50
2015.11.25 07:37:02.179,1.22307,1.22309,1.37,1.50
2015.11.25 07:37:02.231,1.22305,1.22307,1.87,3.00
2015.11.25 07:37:02.334,1.223,1.22304,3.82,1.87
2015.11.25 07:37:02.437,1.223,1.22302,1.10,1.50
2015.11.25 07:37:02.819,1.22295,1.22297,1.50,1.00
2015.11.25 07:37:03.336,1.22295,1.22296,1.00,1.00
2015.11.25 07:37:03.437,1.22295,1.22298,1.50,1.57
2015.11.25 07:37:04.049,1.22295,1.22298,2.62,1.10
2015.11.25 07:37:06.133,1.22297,1.223,1.00,4.12
2015.11.25 07:37:06.440,1.22298,1.223,1.00,1.12
2015.11.25 07:37:06.947,1.22299,1.22301,1.00,1.87
2015.11.25 07:37:07.477,1.22299,1.22301,1.00,1.00
2015.11.25 07:37:07.985,1.223,1.22303,1.00,2.62
2015.11.25 07:37:08.672,1.22299,1.22302,1.12,1.10
2015.11.25 07:37:09.230,1.223,1.22302,1.00,1.10
2015.11.25 07:37:09.534,1.22302,1.22304,1.00,1.87
2015.11.25 07:37:09.636,1.22304,1.22306,1.00,1.87
2015.11.25 07:37:10.037,1.22305,1.22307,1.12,1.10
2015.11.25 07:37:10.846,1.22304,1.22306,1.37,1.50
2015.11.25 07:37:11.386,1.22304,1.22306,1.00,1.50
2015.11.25 07:37:11.895,1.22305,1.22307,1.50,1.00
2015.11.25 07:37:12.300,1.22307,1.22309,1.00,1.57
2015.11.25 07:37:12.705,1.2231,1.22312,1.00,1.00
2015.11.25 07:37:13.211,1.2231,1.22313,1.00,2.32
2015.11.25 07:37:14.129,1.22309,1.22312,1.12,1.00
2015.11.25 07:37:15.864,1.22308,1.22311,2.62,1.00
2015.11.25 07:37:18.588,1.22309,1.22311,1.87,1.00
2015.11.25 07:37:19.109,1.22309,1.22312,2.62,1.00
2015.11.25 07:37:20.296,1.22311,1.22314,1.00,1.50
2015.11.25 07:37:20.816,1.22311,1.22313,1.00,1.00
2015.11.25 07:37:22.361,1.22311,1.22313,1.87,1.00
2015.11.25 07:37:22.614,1.22312,1.22315,1.12,1.10
2015.11.25 07:37:23.680,1.22313,1.22316,1.00,3.37
2015.11.25 07:37:24.329,1.22313,1.22316,1.00,3.07
2015.11.25 07:37:25.687,1.22314,1.22316,1.00,2.32
2015.11.25 07:37:28.094,1.22313,1.22316,1.00,2.32
2015.11.25 07:37:30.781,1.22314,1.22316,1.00,1.57
2015.11.25 07:37:32.486,1.22314,1.22316,1.00,1.50
2015.11.25 07:37:32.891,1.22316,1.22318,1.00,1.87
2015.11.25 07:37:33.044,1.22318,1.22319,1.00,1.50
2015.11.25 07:37:33.246,1.22318,1.22319,1.00,1.00
2015.11.25 07:37:33.297,1.22319,1.22321,1.00,1.00
2015.11.25 07:37:33.836,1.22321,1.22322,1.00,1.00
2015.11.25 07:37:34.342,1.22321,1.22323,1.00,1.50
2015.11.25 07:37:36.459,1.22321,1.22322,1.00,1.00
2015.11.25 07:37:37.446,1.22322,1.22324,1.00,1.50
2015.11.25 07:37:37.955,1.22322,1.22324,1.00,1.50
2015.11.25 07:37:38.260,1.22321,1.22324,1.87,3.75
2015.11.25 07:37:38.809,1.22321,1.22323,1.12,1.00
2015.11.25 07:37:41.875,1.2232,1.22323,1.12,1.50
2015.11.25 07:37:43.086,1.2232,1.22322,1.12,1.00
2015.11.25 07:37:48.147,1.22321,1.22322,1.00,1.00
2015.11.25 07:37:48.654,1.2232,1.22322,1.87,1.00
2015.11.25 07:37:49.009,1.22321,1.22324,1.00,3.07
2015.11.25 07:37:50.176,1.22322,1.22324,1.00,1.00
2015.11.25 07:37:51.572,1.22321,1.22324,1.12,1.50
2015.11.25 07:37:52.933,1.22322,1.22324,1.12,1.00
2015.11.25 07:37:53.438,1.22324,1.22326,1.00,2.25
2015.11.25 07:37:53.642,1.22327,1.22329,1.00,1.50
2015.11.25 07:37:53.945,1.22328,1.22331,1.12,2.25
2015.11.25 07:37:54.493,1.22328,1.2233,1.12,1.00
2015.11.25 07:37:55.006,1.22328,1.22331,1.12,1.50
2015.11.25 07:37:56.498,1.22329,1.22331,1.00,1.00
2015.11.25 07:37:57.718,1.22328,1.22331,1.87,1.50
2015.11.25 07:37:58.225,1.22327,1.2233,2.25,1.00
2015.11.25 07:37:59.262,1.22328,1.2233,1.00,1.00
2015.11.25 07:38:00.892,1.22327,1.2233,1.87,1.00
2015.11.25 07:38:02.026,1.22327,1.22329,1.12,1.00
2015.11.25 07:38:02.556,1.22328,1.2233,1.00,1.00
2015.11.25 07:38:03.087,1.22327,1.22329,1.87,1.00
2015.11.25 07:38:05.988,1.22327,1.2233,1.87,1.50
2015.11.25 07:38:06.669,1.22328,1.2233,1.50,1.00
2015.11.25 07:38:07.829,1.22327,1.22329,1.12,1.10
2015.11.25 07:38:07.881,1.22325,1.22327,2.62,1.00
2015.11.25 07:38:08.728,1.22325,1.22328,2.62,1.10
2015.11.25 07:38:09.436,1.22327,1.22329,1.00,1.12
2015.11.25 07:38:09.691,1.22327,1.2233,1.00,2.32
2015.11.25 07:38:10.199,1.22327,1.22329,1.87,1.00
2015.11.25 07:38:10.837,1.22327,1.22329,1.87,1.00
2015.11.25 07:38:13.631,1.22327,1.2233,2.62,1.00
2015.11.25 07:38:18.872,1.22329,1.22331,1.00,1.57
2015.11.25 07:38:21.515,1.22328,1.22331,1.00,2.32
2015.11.25 07:38:22.022,1.22329,1.22331,1.00,2.32
2015.11.25 07:38:24.371,1.22328,1.22331,1.00,2.32
2015.11.25 07:38:24.877,1.22328,1.22331,1.00,2.62
2015.11.25 07:38:25.553,1.22329,1.22331,1.00,1.87
2015.11.25 07:38:26.059,1.22329,1.22331,1.00,1.00
2015.11.25 07:38:27.318,1.22329,1.22332,1.00,3.07
2015.11.25 07:38:28.739,1.2233,1.22332,1.00,1.57
2015.11.25 07:38:29.044,1.22334,1.22336,1.00,1.10
2015.11.25 07:38:29.552,1.22335,1.22336,1.00,1.10
2015.11.25 07:38:30.340,1.22335,1.22337,1.12,1.57
2015.11.25 07:38:30.745,1.22333,1.22335,1.00,1.00
2015.11.25 07:38:31.252,1.22332,1.22335,1.00,2.62
2015.11.25 07:38:31.754,1.22333,1.22335,1.12,1.12
2015.11.25 07:38:32.999,1.22334,1.22336,1.00,3.00
2015.11.25 07:38:33.429,1.22334,1.22336,1.00,1.57
2015.11.25 07:38:33.950,1.22333,1.22336,1.00,2.32
2015.11.25 07:38:34.355,1.22334,1.22336,1.00,1.50
2015.11.25 07:38:34.892,1.22335,1.22337,1.00,1.00
2015.11.25 07:38:36.572,1.22334,1.22337,1.00,2.25
2015.11.25 07:38:36.876,1.22334,1.22336,1.00,1.87
2015.11.25 07:38:37.869,1.22334,1.22336,1.00,1.57
2015.11.25 07:38:39.534,1.22333,1.22335,1.00,1.00
2015.11.25 07:38:39.636,1.22332,1.22334,1.00,1.50
2015.11.25 07:38:39.789,1.2233,1.22333,1.12,1.00
2015.11.25 07:38:40.297,1.2233,1.22333,1.00,3.00
2015.11.25 07:38:44.567,1.22329,1.22332,1.50,1.57
2015.11.25 07:38:45.477,1.22329,1.2233,1.00,1.00
2015.11.25 07:38:46.001,1.22328,1.2233,1.00,1.57
2015.11.25 07:38:46.541,1.22327,1.2233,1.00,1.57
2015.11.25 07:38:47.648,1.22328,1.2233,1.00,1.57
2015.11.25 07:38:48.613,1.22327,1.2233,1.00,2.32
2015.11.25 07:38:49.120,1.22327,1.22329,1.00,1.00
2015.11.25 07:38:49.707,1.22327,1.2233,1.00,2.32
2015.11.25 07:38:50.264,1.22326,1.22329,1.87,1.00
2015.11.25 07:38:50.568,1.22323,1.22326,1.12,2.25
2015.11.25 07:38:50.623,1.22322,1.22324,1.47,1.00
2015.11.25 07:38:51.161,1.22321,1.22323,1.00,1.00
2015.11.25 07:38:51.212,1.22319,1.22323,1.20,1.00
2015.11.25 07:38:53.906,1.22319,1.22324,2.32,2.32
2015.11.25 07:38:57.408,1.22319,1.22323,1.57,1.00
2015.11.25 07:38:58.197,1.22318,1.22321,1.37,1.10
2015.11.25 07:38:58.254,1.22316,1.22321,1.95,1.57
2015.11.25 07:38:59.501,1.22317,1.22321,1.37,1.10
2015.11.25 07:39:00.396,1.22317,1.2232,1.37,1.00
2015.11.25 07:39:04.185,1.22319,1.2232,1.00,1.00
2015.11.25 07:39:08.501,1.22319,1.22321,1.12,1.00
2015.11.25 07:39:10.112,1.22318,1.22321,1.12,1.50
2015.11.25 07:39:10.649,1.22319,1.22321,1.00,1.00
2015.11.25 07:39:12.760,1.22318,1.22321,1.12,1.50
2015.11.25 07:39:13.449,1.22319,1.22321,1.00,1.00
2015.11.25 07:39:13.955,1.22317,1.2232,1.95,1.00
2015.11.25 07:39:14.806,1.22317,1.22319,1.47,1.00
2015.11.25 07:39:14.958,1.22316,1.22318,1.87,1.00
2015.11.25 07:39:15.262,1.22314,1.22316,1.95,1.00
2015.11.25 07:39:15.812,1.22311,1.22313,1.37,1.00
2015.11.25 07:39:17.458,1.22311,1.22314,1.87,1.00
2015.11.25 07:39:18.926,1.22311,1.22313,1.87,1.00
2015.11.25 07:39:19.585,1.22311,1.22312,1.12,1.00
2015.11.25 07:39:20.315,1.2231,1.22312,1.37,1.10
2015.11.25 07:39:22.325,1.2231,1.22312,1.37,1.10
2015.11.25 07:39:22.528,1.22304,1.22307,2.25,1.00
2015.11.25 07:39:22.913,1.22304,1.22307,1.50,1.75
2015.11.25 07:39:23.622,1.22305,1.22307,1.00,1.50
2015.11.25 07:39:23.673,1.22306,1.22307,1.00,1.00
2015.11.25 07:39:23.724,1.2231,1.22312,1.00,6.00
2015.11.25 07:39:23.825,1.22309,1.22312,1.50,2.25
2015.11.25 07:39:24.336,1.2231,1.22314,1.12,2.62
2015.11.25 07:39:24.943,1.22312,1.22314,1.00,1.12
2015.11.25 07:39:26.258,1.22312,1.22314,1.00,1.12
2015.11.25 07:39:26.764,1.22313,1.22314,1.00,1.00
2015.11.25 07:39:32.438,1.22312,1.22314,1.00,1.00
2015.11.25 07:39:34.875,1.22311,1.22314,1.00,1.50
2015.11.25 07:39:35.871,1.22312,1.22314,1.00,1.00
2015.11.25 07:39:36.377,1.22313,1.22315,1.00,1.00
2015.11.25 07:39:37.449,1.22314,1.22315,1.00,1.00
2015.11.25 07:39:37.754,1.22318,1.2232,1.00,1.10
2015.11.25 07:39:38.658,1.22318,1.2232,1.10,1.00
2015.11.25 07:39:39.310,1.22319,1.2232,1.00,1.00
2015.11.25 07:39:39.614,1.2232,1.22322,1.00,1.50
2015.11.25 07:39:40.143,1.2232,1.22323,1.00,2.62
2015.11.25 07:39:47.467,1.22319,1.22322,1.50,1.00
2015.11.25 07:39:47.974,1.22319,1.22322,1.00,2.25
2015.11.25 07:39:48.723,1.22318,1.22321,1.20,1.00
2015.11.25 07:39:49.230,1.22317,1.2232,2.25,1.00
2015.11.25 07:39:50.123,1.22317,1.2232,2.25,1.00
2015.11.25 07:39:50.630,1.22317,1.2232,2.25,1.00
2015.11.25 07:39:56.416,1.22317,1.22319,1.47,1.00
2015.11.25 07:39:57.076,1.22317,1.2232,1.95,1.00
2015.11.25 07:39:58.460,1.22317,1.22319,1.37,1.00
2015.11.25 07:39:58.511,1.22316,1.22319,1.20,1.00
2015.11.25 07:40:00.218,1.22317,1.2232,1.00,2.32
2015.11.25 07:40:01.971,1.22318,1.2232,1.00,1.57
2015.11.25 07:40:02.507,1.22319,1.22321,1.00,1.00
2015.11.25 07:40:03.468,1.2232,1.22321,1.00,1.00
2015.11.25 07:40:03.791,1.22321,1.22324,1.00,6.07
2015.11.25 07:40:04.549,1.2232,1.22323,1.12,1.00
2015.11.25 07:40:05.354,1.22321,1.22324,1.00,3.00
2015.11.25 07:40:05.607,1.22322,1.22324,1.00,1.00
2015.11.25 07:40:05.911,1.22325,1.22326,1.00,1.50
2015.11.25 07:40:05.962,1.22325,1.22327,1.00,1.00
2015.11.25 07:40:06.586,1.22324,1.22327,1.00,1.50
2015.11.25 07:40:07.092,1.22325,1.22327,1.00,1.00
2015.11.25 07:40:09.700,1.22324,1.22327,1.00,1.50
2015.11.25 07:40:11.349,1.22324,1.22327,2.25,1.00
2015.11.25 07:40:11.757,1.22326,1.22329,1.20,1.00
2015.11.25 07:40:12.415,1.22325,1.22328,3.37,1.00
2015.11.25 07:40:14.987,1.22326,1.22329,1.20,1.12
2015.11.25 07:40:15.644,1.22325,1.22328,3.37,1.00
2015.11.25 07:40:19.332,1.22326,1.22329,2.32,1.00
2015.11.25 07:40:19.839,1.22327,1.2233,1.10,1.50
2015.11.25 07:40:20.365,1.22326,1.22329,2.62,1.00
2015.11.25 07:40:21.999,1.22326,1.22329,1.12,1.00
2015.11.25 07:40:22.565,1.22327,1.22329,1.10,1.00
2015.11.25 07:40:26.163,1.22327,1.2233,1.20,1.50
2015.11.25 07:40:26.568,1.22326,1.22328,1.12,1.00
2015.11.25 07:40:27.792,1.22326,1.22329,1.50,1.00
2015.11.25 07:40:28.297,1.22326,1.22328,1.12,1.00
2015.11.25 07:40:28.802,1.22326,1.22328,1.00,1.00
2015.11.25 07:40:28.954,1.22324,1.22326,1.57,1.00
2015.11.25 07:40:29.706,1.22324,1.22326,1.87,1.00
2015.11.25 07:40:30.617,1.22324,1.22327,3.00,1.00
2015.11.25 07:40:31.188,1.22325,1.22327,2.25,1.00
2015.11.25 07:40:32.445,1.22325,1.22328,2.70,1.00
2015.11.25 07:40:37.001,1.22328,1.2233,1.00,1.50
2015.11.25 07:40:37.052,1.22329,1.2233,1.00,1.00
2015.11.25 07:40:37.558,1.22331,1.22332,1.00,1.00
2015.11.25 07:40:37.661,1.22329,1.22331,1.12,1.00
2015.11.25 07:40:38.245,1.22327,1.22329,1.57,1.00
2015.11.25 07:40:39.934,1.22326,1.22329,2.62,1.00
2015.11.25 07:40:40.441,1.22326,1.22328,1.50,1.00
2015.11.25 07:40:43.089,1.22327,1.22329,1.37,1.00
2015.11.25 07:40:43.546,1.22327,1.2233,1.87,1.50
2015.11.25 07:40:43.850,1.22327,1.22328,1.12,1.00
2015.11.25 07:40:44.595,1.22327,1.22329,1.37,1.00
2015.11.25 07:40:44.802,1.22328,1.22331,1.12,1.57
2015.11.25 07:40:45.560,1.22328,1.22331,1.87,1.50
2015.11.25 07:40:46.151,1.22328,1.2233,1.87,1.00
2015.11.25 07:40:46.859,1.22328,1.22331,1.87,1.50
2015.11.25 07:40:47.475,1.22329,1.2233,1.12,1.00
2015.11.25 07:40:48.677,1.22328,1.22329,1.12,1.00
2015.11.25 07:40:49.612,1.22327,1.22329,1.37,1.00
2015.11.25 07:40:53.002,1.22327,1.2233,1.87,1.00
2015.11.25 07:40:55.189,1.22327,1.22331,3.75,1.00
2015.11.25 07:40:56.416,1.22328,1.22332,1.20,2.25
2015.11.25 07:40:59.250,1.22328,1.22332,2.32,1.50
2015.11.25 07:41:00.892,1.22329,1.22332,1.37,1.50
2015.11.25 07:41:00.943,1.22329,1.2233,1.12,1.00
2015.11.25 07:41:01.451,1.22328,1.2233,1.37,1.00
2015.11.25 07:41:02.145,1.22328,1.22329,1.12,1.00
2015.11.25 07:41:02.703,1.22328,1.2233,1.37,1.00
2015.11.25 07:41:02.805,1.22327,1.22329,1.12,1.00
2015.11.25 07:41:03.478,1.22326,1.22328,1.37,1.00
2015.11.25 07:41:03.530,1.22324,1.22327,2.25,1.00
2015.11.25 07:41:07.422,1.22324,1.22327,1.87,1.00
2015.11.25 07:41:08.094,1.22324,1.22327,1.87,1.00
2015.11.25 07:41:13.274,1.22324,1.22327,1.37,1.00
2015.11.25 07:41:13.820,1.22324,1.22326,1.37,1.00
2015.11.25 07:41:15.905,1.22325,1.22328,2.32,1.00
2015.11.25 07:41:15.956,1.22326,1.22329,1.20,1.00
2015.11.25 07:41:16.557,1.22326,1.22328,1.12,1.00
2015.11.25 07:41:17.218,1.22325,1.22327,1.12,1.00
2015.11.25 07:41:24.200,1.22325,1.22327,1.12,1.00
2015.11.25 07:41:25.271,1.22325,1.22327,1.12,1.00
2015.11.25 07:41:29.353,1.22326,1.22327,1.00,1.00
2015.11.25 07:41:29.879,1.22326,1.22328,1.00,1.00
2015.11.25 07:41:30.470,1.22326,1.22329,1.00,1.50
2015.11.25 07:41:31.028,1.22326,1.22328,1.00,1.00
2015.11.25 07:41:36.707,1.22326,1.22329,1.12,1.00
2015.11.25 07:41:38.872,1.22327,1.2233,1.00,1.57
2015.11.25 07:41:42.493,1.22326,1.22329,2.62,1.00
2015.11.25 07:41:54.950,1.22326,1.22328,1.87,1.00
2015.11.25 07:41:55.626,1.22325,1.22327,1.37,1.00
2015.11.25 07:41:56.127,1.22325,1.22328,1.87,1.00
2015.11.25 07:41:56.683,1.22326,1.22329,1.12,1.50
2015.11.25 07:41:57.465,1.22327,1.22329,1.00,1.00
2015.11.25 07:41:58.008,1.22327,1.2233,1.12,1.00
2015.11.25 07:42:00.915,1.22327,1.22329,1.12,1.00
2015.11.25 07:42:01.693,1.22327,1.2233,1.12,1.00
2015.11.25 07:42:05.098,1.22326,1.22329,2.70,1.00
2015.11.25 07:42:05.603,1.22329,1.22331,1.00,1.57
2015.11.25 07:42:06.910,1.22328,1.22331,1.00,1.57
2015.11.25 07:42:12.120,1.22326,1.22328,1.87,1.00
2015.11.25 07:42:12.569,1.22321,1.22324,1.00,2.70
2015.11.25 07:42:12.620,1.22321,1.22323,1.00,1.50
2015.11.25 07:42:12.867,1.22319,1.22322,1.12,1.00
2015.11.25 07:42:13.374,1.22319,1.22321,1.12,1.00
2015.11.25 07:42:16.101,1.22319,1.22321,1.00,1.50
2015.11.25 07:42:16.645,1.22321,1.22322,1.00,1.00
2015.11.25 07:42:17.151,1.22321,1.22323,1.00,1.12
2015.11.25 07:42:18.631,1.2232,1.22322,1.12,2.50
2015.11.25 07:42:18.685,1.22321,1.22323,1.00,1.12
2015.11.25 07:42:20.169,1.2232,1.22323,1.12,1.12
2015.11.25 07:42:22.930,1.22321,1.22323,1.00,1.12
2015.11.25 07:42:23.641,1.22323,1.22324,1.00,2.25
2015.11.25 07:42:24.160,1.22322,1.22324,1.00,2.25
2015.11.25 07:42:27.266,1.22319,1.22322,2.70,1.00
2015.11.25 07:42:32.204,1.22319,1.22321,1.95,1.00
2015.11.25 07:42:35.367,1.22319,1.22322,2.70,1.00
2015.11.25 07:42:35.872,1.2232,1.22321,1.12,1.00
2015.11.25 07:42:37.037,1.22319,1.22321,1.95,1.00
2015.11.25 07:42:37.240,1.22318,1.2232,2.62,1.00
2015.11.25 07:42:37.341,1.22317,1.22318,1.00,1.00
2015.11.25 07:42:37.847,1.22315,1.22318,3.37,1.00
2015.11.25 07:42:38.837,1.22316,1.22319,1.20,1.00
2015.11.25 07:42:41.396,1.22317,1.22319,1.00,1.00
2015.11.25 07:42:42.740,1.22316,1.22319,1.20,1.50
2015.11.25 07:42:42.791,1.22315,1.22318,2.62,1.00
2015.11.25 07:42:45.359,1.22316,1.22319,1.12,1.50
2015.11.25 07:42:47.270,1.22317,1.22319,1.00,1.50
2015.11.25 07:42:48.931,1.22316,1.22319,1.12,1.50
2015.11.25 07:42:49.438,1.22317,1.22319,1.10,1.50
2015.11.25 07:42:54.883,1.22316,1.22318,1.87,1.00
2015.11.25 07:42:56.146,1.22317,1.22319,1.10,2.25
2015.11.25 07:42:58.284,1.22317,1.22318,1.10,1.00
2015.11.25 07:43:00.235,1.22316,1.22318,1.20,1.00
2015.11.25 07:43:03.891,1.22315,1.22317,1.87,1.00
2015.11.25 07:43:03.942,1.22316,1.22318,1.20,1.50
2015.11.25 07:43:03.994,1.22315,1.22317,1.87,1.00
2015.11.25 07:43:04.096,1.22313,1.22315,1.87,1.12
2015.11.25 07:43:04.198,1.22311,1.22313,1.10,1.00
2015.11.25 07:43:04.701,1.2231,1.22313,1.87,1.00
2015.11.25 07:43:05.600,1.2231,1.22312,1.12,1.00
2015.11.25 07:43:06.105,1.2231,1.22313,1.87,1.00
2015.11.25 07:43:06.911,1.2231,1.22312,1.12,1.00
2015.11.25 07:43:09.038,1.2231,1.22313,1.87,1.00
2015.11.25 07:43:12.277,1.2231,1.22312,1.12,1.00
2015.11.25 07:43:12.853,1.2231,1.22312,1.87,1.00
2015.11.25 07:43:14.554,1.22312,1.22314,1.00,1.00
2015.11.25 07:43:16.646,1.22312,1.22313,1.00,1.00
2015.11.25 07:43:17.204,1.2231,1.22313,2.25,1.50
2015.11.25 07:43:17.997,1.2231,1.22313,1.10,1.50
2015.11.25 07:43:18.547,1.2231,1.22312,1.10,1.00
2015.11.25 07:43:19.052,1.22309,1.22312,1.00,3.45
2015.11.25 07:43:19.578,1.22311,1.22312,1.00,1.00
2015.11.25 07:43:19.881,1.22312,1.22314,1.00,3.07
2015.11.25 07:43:20.387,1.22311,1.22313,1.00,1.50
2015.11.25 07:43:23.526,1.22312,1.22314,1.00,1.10
2015.11.25 07:43:24.037,1.2231,1.22312,2.62,1.00
2015.11.25 07:43:24.393,1.22311,1.22313,1.00,1.50
2015.11.25 07:43:25.083,1.22311,1.22314,1.12,1.00
2015.11.25 07:43:25.592,1.22311,1.22314,1.87,1.00
2015.11.25 07:43:27.281,1.22312,1.22314,1.12,1.00
2015.11.25 07:43:33.721,1.22312,1.22315,1.87,1.00
2015.11.25 07:43:34.162,1.22314,1.22316,1.00,1.50
2015.11.25 07:43:34.668,1.22316,1.22319,3.37,1.50
2015.11.25 07:43:38.576,1.22316,1.22318,1.50,1.00
2015.11.25 07:43:40.649,1.22316,1.22319,2.25,1.50
2015.11.25 07:43:40.750,1.22318,1.2232,1.00,2.25
2015.11.25 07:43:40.902,1.2232,1.22321,1.00,1.57
2015.11.25 07:43:41.105,1.22321,1.22323,1.00,1.00
2015.11.25 07:43:41.615,1.22321,1.22324,1.00,2.32
2015.11.25 07:43:42.426,1.2232,1.22323,1.87,1.00
2015.11.25 07:43:43.742,1.22321,1.22322,1.00,1.00
2015.11.25 07:43:44.666,1.2232,1.22323,1.12,1.50
2015.11.25 07:43:45.980,1.2232,1.22322,1.12,1.00
2015.11.25 07:43:46.573,1.22318,1.2232,2.62,1.00
2015.11.25 07:43:49.335,1.22318,1.2232,1.47,1.00
2015.11.25 07:43:50.297,1.22317,1.2232,3.37,1.00
2015.11.25 07:43:50.841,1.22317,1.22319,1.47,1.00
2015.11.25 07:43:51.548,1.22317,1.22319,1.37,1.00
2015.11.25 07:43:54.427,1.22317,1.22318,1.20,1.00
2015.11.25 07:43:54.479,1.22317,1.2232,1.47,1.00
2015.11.25 07:43:54.580,1.22318,1.22321,1.12,1.50
2015.11.25 07:43:54.682,1.22319,1.22322,1.87,2.25
2015.11.25 07:43:54.935,1.22321,1.22323,1.00,1.00
2015.11.25 07:43:55.758,1.22321,1.22323,1.00,1.00
2015.11.25 07:43:59.431,1.2232,1.22323,1.10,1.50
2015.11.25 07:43:59.735,1.22321,1.22323,1.00,1.50
2015.11.25 07:44:01.915,1.22323,1.22325,1.00,1.00
2015.11.25 07:44:02.433,1.22328,1.22329,1.10,1.00
2015.11.25 07:44:02.485,1.22328,1.2233,1.00,2.25
2015.11.25 07:44:02.992,1.22329,1.22331,1.12,2.25
2015.11.25 07:44:03.094,1.22328,1.2233,1.20,1.00
2015.11.25 07:44:05.063,1.22329,1.2233,1.00,1.00
2015.11.25 07:44:05.570,1.2233,1.22331,1.10,1.50
2015.11.25 07:44:06.841,1.2233,1.22332,1.00,2.25
2015.11.25 07:44:07.423,1.22331,1.22333,1.10,1.50
2015.11.25 07:44:07.676,1.22332,1.22334,1.00,2.25
2015.11.25 07:44:07.778,1.22333,1.22335,1.10,2.25
2015.11.25 07:44:10.603,1.22331,1.22334,2.25,1.00
2015.11.25 07:44:11.147,1.22331,1.22333,1.50,1.00
2015.11.25 07:44:11.901,1.22331,1.22334,1.50,1.00
2015.11.25 07:44:12.430,1.2233,1.22333,1.50,1.50
2015.11.25 07:44:18.434,1.2233,1.22333,1.87,1.50
2015.11.25 07:44:18.807,1.22327,1.2233,2.62,1.50
2015.11.25 07:44:19.314,1.22328,1.22331,1.37,2.25
2015.11.25 07:44:19.687,1.22331,1.22334,2.25,1.00
2015.11.25 07:44:20.192,1.22331,1.22334,4.50,1.00
2015.11.25 07:44:21.355,1.22332,1.22335,2.62,1.00
2015.11.25 07:44:21.507,1.22333,1.22336,2.62,1.00
2015.11.25 07:44:22.012,1.22334,1.22337,3.00,1.00
2015.11.25 07:44:23.099,1.22335,1.22338,1.37,1.00
2015.11.25 07:44:23.606,1.22334,1.22337,3.37,1.00
2015.11.25 07:44:24.765,1.22334,1.22337,1.50,1.50
2015.11.25 07:44:25.072,1.22334,1.22336,1.50,1.00
2015.11.25 07:44:25.528,1.22334,1.22336,1.50,1.00
2015.11.25 07:44:28.361,1.22336,1.22338,1.20,1.00
2015.11.25 07:44:28.464,1.22337,1.22339,1.12,1.00
2015.11.25 07:44:29.085,1.22336,1.22338,2.25,1.00
2015.11.25 07:44:29.237,1.22336,1.2234,2.25,1.50
2015.11.25 07:44:29.288,1.22336,1.22338,1.50,1.00
2015.11.25 07:44:29.592,1.22338,1.22339,1.00,1.00
2015.11.25 07:44:29.997,1.22336,1.2234,2.25,1.50
2015.11.25 07:44:30.150,1.22336,1.22339,1.50,1.00
2015.11.25 07:44:30.555,1.22334,1.22337,1.50,1.00
2015.11.25 07:44:31.810,1.22334,1.22337,1.50,1.00
2015.11.25 07:44:33.597,1.22334,1.22337,1.50,1.00
2015.11.25 07:44:34.597,1.22333,1.22337,4.50,1.50
2015.11.25 07:44:34.652,1.22334,1.22336,1.12,1.00
2015.11.25 07:44:35.160,1.22333,1.22337,1.12,3.00
2015.11.25 07:44:35.841,1.22334,1.22337,1.87,2.25
2015.11.25 07:44:37.595,1.22334,1.22337,1.37,2.25
2015.11.25 07:44:38.111,1.22333,1.22336,2.25,1.00
2015.11.25 07:44:38.643,1.22334,1.22335,1.00,1.00
2015.11.25 07:44:39.403,1.22334,1.22336,1.12,1.00
2015.11.25 07:44:39.908,1.22334,1.22335,1.12,1.00
2015.11.25 07:44:42.366,1.22333,1.22336,1.87,1.00
2015.11.25 07:44:44.295,1.22333,1.22335,1.87,1.00
2015.11.25 07:44:46.651,1.22333,1.22336,1.50,1.50
2015.11.25 07:44:46.753,1.22333,1.22335,4.12,1.00
2015.11.25 07:44:46.956,1.22334,1.22336,1.10,1.50
2015.11.25 07:44:47.592,1.22334,1.22336,1.12,1.00
2015.11.25 07:44:49.300,1.22334,1.22337,1.12,1.00
2015.11.25 07:44:49.709,1.22327,1.22331,7.12,1.00
2015.11.25 07:44:49.862,1.22321,1.22323,2.62,1.00
2015.11.25 07:44:50.369,1.22321,1.22323,1.47,1.00
2015.11.25 07:44:50.914,1.2232,1.22322,1.47,1.00
2015.11.25 07:44:51.116,1.22318,1.2232,1.95,1.00
2015.11.25 07:44:51.723,1.22318,1.22321,2.70,1.00
2015.11.25 07:44:53.465,1.22318,1.2232,3.75,1.00
2015.11.25 07:44:55.149,1.22318,1.2232,1.47,1.00
2015.11.25 07:44:55.756,1.22319,1.22321,1.37,1.00
2015.11.25 07:44:56.894,1.22319,1.22321,1.37,1.00
2015.11.25 07:45:03.290,1.2232,1.22322,1.37,1.00
2015.11.25 07:45:03.795,1.22319,1.22321,1.37,1.00
2015.11.25 07:45:04.300,1.22319,1.2232,1.12,1.00
2015.11.25 07:45:04.452,1.22319,1.22322,1.87,1.00
2015.11.25 07:45:05.257,1.22323,1.22325,2.50,1.50
2015.11.25 07:45:06.475,1.22322,1.22324,1.37,1.00
2015.11.25 07:45:06.983,1.22322,1.22324,1.12,1.00
2015.11.25 07:45:07.490,1.22322,1.22324,1.37,1.00
2015.11.25 07:45:07.642,1.22322,1.22324,1.37,1.00
2015.11.25 07:45:08.075,1.22321,1.22323,1.47,1.00
2015.11.25 07:45:08.582,1.22322,1.22323,1.12,1.00
2015.11.25 07:45:09.191,1.22321,1.22324,1.47,1.00
2015.11.25 07:45:10.125,1.22321,1.22325,1.95,1.50
2015.11.25 07:45:10.430,1.22321,1.22323,1.47,1.00
2015.11.25 07:45:11.167,1.2232,1.22323,3.00,1.00
2015.11.25 07:45:13.077,1.2232,1.22324,3.75,1.00
2015.11.25 07:45:13.331,1.22324,1.22328,1.12,2.32
2015.11.25 07:45:13.483,1.22325,1.22329,1.87,1.57
2015.11.25 07:45:14.152,1.22325,1.22329,1.12,2.25
2015.11.25 07:45:14.509,1.22324,1.22327,1.95,1.00
2015.11.25 07:45:15.822,1.22324,1.22326,1.00,1.00
2015.11.25 07:45:16.480,1.22323,1.22325,1.12,1.00
2015.11.25 07:45:16.582,1.22321,1.22324,1.87,1.00
2015.11.25 07:45:17.065,1.22319,1.22322,1.87,1.00
2015.11.25 07:45:17.571,1.2232,1.22323,1.00,1.50
2015.11.25 07:45:17.826,1.22321,1.22325,1.50,1.57
2015.11.25 07:45:18.376,1.2232,1.22323,2.62,1.00
2015.11.25 07:45:18.885,1.2232,1.22323,1.12,1.00
2015.11.25 07:45:19.497,1.22321,1.22324,1.50,1.00
2015.11.25 07:45:21.994,1.22321,1.22323,1.87,1.00
2015.11.25 07:45:23.223,1.22321,1.22324,2.62,1.10
2015.11.25 07:45:23.839,1.22323,1.22324,1.00,1.00
2015.11.25 07:45:24.143,1.22321,1.22323,2.25,1.00
2015.11.25 07:45:24.649,1.22321,1.22323,2.62,1.00
2015.11.25 07:45:25.792,1.2232,1.22323,2.62,1.00
2015.11.25 07:45:26.250,1.22319,1.22321,2.62,1.00
2015.11.25 07:45:26.454,1.22317,1.22318,1.00,1.00
2015.11.25 07:45:26.961,1.22315,1.22317,2.62,1.00
2015.11.25 07:45:29.189,1.22316,1.22318,1.12,1.00
2015.11.25 07:45:29.712,1.22316,1.22319,3.37,1.10
2015.11.25 07:45:30.218,1.22316,1.22318,3.37,1.00
2015.11.25 07:45:31.161,1.22316,1.22319,3.75,1.00
2015.11.25 07:45:31.976,1.22317,1.2232,1.87,1.00
2015.11.25 07:45:32.481,1.22319,1.22321,3.37,1.00
2015.11.25 07:45:32.936,1.2232,1.22323,1.87,1.00
2015.11.25 07:45:33.088,1.22321,1.22324,1.75,1.00
2015.11.25 07:45:33.625,1.22322,1.22324,1.37,1.00
2015.11.25 07:45:34.136,1.22322,1.22324,1.87,1.00
2015.11.25 07:45:35.233,1.22321,1.22322,1.00,1.00
2015.11.25 07:45:35.294,1.22319,1.22321,1.12,1.00
2015.11.25 07:45:37.010,1.22319,1.22321,1.37,1.00
2015.11.25 07:45:38.723,1.22319,1.22322,1.87,1.00
2015.11.25 07:45:41.824,1.22319,1.22321,1.87,1.00
2015.11.25 07:45:43.113,1.22318,1.2232,1.50,1.00
2015.11.25 07:45:43.165,1.22316,1.22318,2.32,1.00
2015.11.25 07:45:43.722,1.22317,1.22318,1.00,1.00
2015.11.25 07:45:44.410,1.22316,1.22317,1.12,1.00
2015.11.25 07:45:45.333,1.22316,1.22318,1.12,1.00
2015.11.25 07:45:46.359,1.22315,1.22317,2.25,1.00
2015.11.25 07:45:46.916,1.22316,1.22318,1.12,1.00
2015.11.25 07:45:47.170,1.22318,1.22319,1.00,1.00
2015.11.25 07:45:47.952,1.22318,1.2232,1.87,1.00
2015.11.25 07:45:48.459,1.2232,1.22322,1.87,1.10
2015.11.25 07:45:48.864,1.22319,1.22321,2.62,1.00
2015.11.25 07:45:49.434,1.22318,1.2232,1.87,1.00
2015.11.25 07:45:56.777,1.22319,1.22321,1.12,1.00
2015.11.25 07:45:57.339,1.22319,1.2232,1.12,1.00
2015.11.25 07:45:58.164,1.22318,1.22321,3.37,1.00
2015.11.25 07:45:59.177,1.2232,1.22323,1.00,1.95
2015.11.25 07:45:59.851,1.2232,1.22322,1.20,1.00
2015.11.25 07:46:00.360,1.22318,1.2232,3.45,1.00
2015.11.25 07:46:01.036,1.22319,1.22321,1.12,1.00
2015.11.25 07:46:01.662,1.22319,1.22322,1.87,1.00
2015.11.25 07:46:01.967,1.22324,1.22326,1.12,1.10
2015.11.25 07:46:02.473,1.22323,1.22325,2.62,1.00
2015.11.25 07:46:03.005,1.22323,1.22326,3.75,1.00
2015.11.25 07:46:03.512,1.22323,1.22325,2.62,1.00
2015.11.25 07:46:04.818,1.22323,1.22324,1.12,1.00
2015.11.25 07:46:05.978,1.22322,1.22324,1.87,1.00
2015.11.25 07:46:13.479,1.22323,1.22325,1.12,1.00
2015.11.25 07:46:13.683,1.22324,1.22326,3.37,1.10
2015.11.25 07:46:16.726,1.22324,1.22326,1.20,1.00
2015.11.25 07:46:17.233,1.22323,1.22325,4.12,1.00
2015.11.25 07:46:19.935,1.22323,1.22326,4.12,1.00
2015.11.25 07:46:20.907,1.22324,1.22326,2.62,1.00
2015.11.25 07:46:27.611,1.22324,1.22326,1.12,1.00
2015.11.25 07:46:28.277,1.22323,1.22325,2.62,1.00
2015.11.25 07:46:29.635,1.22323,1.22326,3.37,1.00
2015.11.25 07:46:30.892,1.22323,1.22325,3.37,1.00
2015.11.25 07:46:31.751,1.22323,1.22326,4.12,1.00
2015.11.25 07:46:32.314,1.22323,1.22325,4.12,1.00
2015.11.25 07:46:39.193,1.22323,1.22326,4.12,1.00
2015.11.25 07:46:43.459,1.22324,1.22326,1.37,1.10
2015.11.25 07:46:43.763,1.22322,1.22324,3.37,1.00
2015.11.25 07:46:43.915,1.22322,1.22324,1.87,1.00
2015.11.25 07:46:44.456,1.22316,1.22319,4.87,1.00
2015.11.25 07:46:46.060,1.22316,1.22318,3.37,1.00
2015.11.25 07:46:46.566,1.22316,1.22317,1.12,1.00
2015.11.25 07:46:47.502,1.22316,1.22318,1.37,1.00
2015.11.25 07:46:48.015,1.22317,1.22318,1.10,1.00
2015.11.25 07:46:54.701,1.22316,1.22318,1.87,1.00
2015.11.25 07:46:56.232,1.22316,1.22318,1.87,1.00
2015.11.25 07:46:56.773,1.22317,1.22319,1.95,1.00
2015.11.25 07:46:57.598,1.22317,1.22319,2.62,1.00
2015.11.25 07:46:58.110,1.22317,1.22319,2.62,1.00
2015.11.25 07:46:58.618,1.22318,1.2232,1.47,1.00
2015.11.25 07:47:00.741,1.22318,1.2232,1.47,1.00
2015.11.25 07:47:01.272,1.22317,1.22319,1.87,1.00
2015.11.25 07:47:01.880,1.22317,1.22319,1.12,1.00
2015.11.25 07:47:02.698,1.22317,1.22319,1.87,1.00
2015.11.25 07:47:06.476,1.22317,1.22319,1.87,1.00
2015.11.25 07:47:09.191,1.22317,1.22319,1.87,1.00
2015.11.25 07:47:09.444,1.22314,1.22315,1.00,1.00
2015.11.25 07:47:10.552,1.22312,1.22314,1.12,1.00
2015.11.25 07:47:11.106,1.22311,1.22313,1.87,1.00
2015.11.25 07:47:11.613,1.22311,1.22313,1.12,1.00
2015.11.25 07:47:12.373,1.22311,1.22313,1.12,1.00
2015.11.25 07:47:17.661,1.22311,1.22313,1.12,1.00
2015.11.25 07:47:19.398,1.22311,1.22313,1.12,1.00
2015.11.25 07:47:20.210,1.2231,1.22312,1.20,1.00
2015.11.25 07:47:21.059,1.2231,1.22312,1.47,1.00
2015.11.25 07:47:21.948,1.2231,1.22312,1.20,1.00
2015.11.25 07:47:22.497,1.2231,1.22312,1.47,1.00
2015.11.25 07:47:23.703,1.2231,1.22312,1.20,1.00
2015.11.25 07:47:24.209,1.22309,1.22311,1.87,1.00
2015.11.25 07:47:25.651,1.22309,1.22311,1.87,1.00
2015.11.25 07:47:26.157,1.22308,1.2231,1.87,1.00
2015.11.25 07:47:26.874,1.22308,1.2231,1.50,1.00
2015.11.25 07:47:27.377,1.22307,1.2231,2.62,1.00
2015.11.25 07:47:27.680,1.22309,1.22312,1.20,1.00
2015.11.25 07:47:28.185,1.2231,1.22312,1.12,1.00
2015.11.25 07:47:28.709,1.22309,1.22311,2.25,1.00
2015.11.25 07:47:29.215,1.22309,1.22311,1.20,1.00
2015.11.25 07:47:30.168,1.22308,1.22311,4.12,1.00
2015.11.25 07:47:31.086,1.22308,1.22311,3.37,1.00
2015.11.25 07:47:31.957,1.2231,1.22312,1.12,1.50
2015.11.25 07:47:37.905,1.22309,1.22312,4.12,1.00
2015.11.25 07:47:41.073,1.22309,1.22312,4.12,1.00
2015.11.25 07:47:41.957,1.22309,1.22311,2.62,1.00
2015.11.25 07:47:42.160,1.22307,1.22309,2.62,1.00
2015.11.25 07:47:42.210,1.22307,1.22309,1.95,1.00
2015.11.25 07:47:42.465,1.22303,1.22305,1.12,1.00
2015.11.25 07:47:43.594,1.22302,1.22304,1.12,1.00
2015.11.25 07:47:43.799,1.22303,1.22306,1.10,2.32
2015.11.25 07:47:43.851,1.22304,1.22306,1.00,1.57
2015.11.25 07:47:44.361,1.22306,1.22308,1.00,3.00
2015.11.25 07:47:45.217,1.22305,1.22308,1.12,2.25
2015.11.25 07:47:45.623,1.22303,1.22306,1.10,2.32
2015.11.25 07:47:46.158,1.22304,1.22306,1.00,1.50
2015.11.25 07:47:48.985,1.22303,1.22305,1.00,1.10
2015.11.25 07:47:53.849,1.22303,1.22306,1.10,2.32
2015.11.25 07:48:01.461,1.22302,1.22305,1.87,1.00
2015.11.25 07:48:01.976,1.22304,1.22306,1.00,2.32
2015.11.25 07:48:02.128,1.22302,1.22304,1.12,1.00
2015.11.25 07:48:02.433,1.22293,1.22295,3.75,1.00
2015.11.25 07:48:02.845,1.22293,1.22295,1.12,1.20
2015.11.25 07:48:02.947,1.22292,1.22294,1.37,1.00
2015.11.25 07:48:03.250,1.22289,1.22291,2.62,1.12
2015.11.25 07:48:03.403,1.22289,1.22292,1.87,1.10
2015.11.25 07:48:03.504,1.22288,1.2229,4.20,1.00
2015.11.25 07:48:04.841,1.22289,1.22291,1.12,1.10
2015.11.25 07:48:05.296,1.22291,1.22292,1.00,1.10
2015.11.25 07:48:06.332,1.22291,1.22293,1.00,2.32
2015.11.25 07:48:06.846,1.22291,1.22293,1.00,1.10
2015.11.25 07:48:08.154,1.22291,1.22293,1.00,1.57
2015.11.25 07:48:08.660,1.22291,1.22293,1.00,1.95
2015.11.25 07:48:09.224,1.22291,1.22293,1.00,1.95
2015.11.25 07:48:09.517,1.22289,1.22292,1.20,1.00
2015.11.25 07:48:10.023,1.22289,1.22292,1.12,1.87
2015.11.25 07:48:10.596,1.2229,1.22292,1.00,1.87
2015.11.25 07:48:11.304,1.2229,1.22293,1.00,3.00
2015.11.25 07:48:11.810,1.22291,1.22293,1.00,1.50
2015.11.25 07:48:12.379,1.22291,1.22293,1.00,1.10
2015.11.25 07:48:16.135,1.22297,1.22298,1.50,1.05
2015.11.25 07:48:16.187,1.22297,1.22299,1.50,1.00
2015.11.25 07:48:16.288,1.22301,1.22302,1.00,2.62
2015.11.25 07:48:16.339,1.22301,1.22302,1.00,1.00
2015.11.25 07:48:17.673,1.22301,1.22303,1.10,1.00
2015.11.25 07:48:17.725,1.22303,1.22304,1.00,1.00
2015.11.25 07:48:18.130,1.223,1.22303,1.87,1.00
2015.11.25 07:48:18.434,1.223,1.22301,1.10,1.00
2015.11.25 07:48:19.030,1.22299,1.22301,1.00,1.00
2015.11.25 07:48:20.104,1.22298,1.22301,1.12,1.10
2015.11.25 07:48:20.683,1.22299,1.22301,1.00,1.10
2015.11.25 07:48:21.139,1.223,1.22302,1.00,1.57
2015.11.25 07:48:21.443,1.22302,1.22305,1.00,2.25
2015.11.25 07:48:21.596,1.22303,1.22305,1.00,1.10
2015.11.25 07:48:22.582,1.22304,1.22306,1.00,1.57
2015.11.25 07:48:23.088,1.22304,1.22307,1.00,1.57
2015.11.25 07:48:23.748,1.22304,1.22306,1.00,1.00
2015.11.25 07:48:24.001,1.22302,1.22305,1.00,1.57
2015.11.25 07:48:24.759,1.22303,1.22305,1.00,1.57
2015.11.25 07:48:25.594,1.22302,1.22305,1.00,1.57
2015.11.25 07:48:26.064,1.223,1.22303,4.12,1.00
2015.11.25 07:48:27.226,1.223,1.22303,2.62,1.00
2015.11.25 07:48:28.384,1.22301,1.22304,1.95,1.00
2015.11.25 07:48:30.980,1.22302,1.22305,2.25,1.57
2015.11.25 07:48:31.285,1.22303,1.22305,1.20,1.00
2015.11.25 07:48:31.691,1.22301,1.22303,3.37,1.00
2015.11.25 07:48:32.217,1.22301,1.22304,4.12,1.00
2015.11.25 07:48:32.744,1.22301,1.22303,1.87,1.00
2015.11.25 07:48:35.418,1.22302,1.22304,1.95,1.00
2015.11.25 07:48:36.924,1.22302,1.22305,4.87,1.00
2015.11.25 07:48:37.430,1.22302,1.22304,4.12,1.00
2015.11.25 07:48:39.178,1.22303,1.22305,1.47,1.00
2015.11.25 07:48:39.881,1.22302,1.22304,1.87,1.00
2015.11.25 07:48:47.708,1.22302,1.22304,1.87,1.00
2015.11.25 07:48:48.164,1.22302,1.22304,1.47,1.50
2015.11.25 07:48:48.317,1.22298,1.223,3.37,1.00
2015.11.25 07:48:49.142,1.22297,1.22299,1.12,1.00
2015.11.25 07:48:52.282,1.22296,1.22298,1.47,1.00
2015.11.25 07:48:52.384,1.22295,1.22298,1.87,1.00
2015.11.25 07:48:52.790,1.22294,1.22297,4.50,1.00
2015.11.25 07:48:53.501,1.22294,1.22297,3.75,1.00
2015.11.25 07:48:55.378,1.22294,1.22296,1.12,1.00
2015.11.25 07:48:55.899,1.22293,1.22296,3.37,1.00
2015.11.25 07:48:58.500,1.22294,1.22297,1.95,1.87
2015.11.25 07:48:59.014,1.22294,1.22297,2.70,1.87
2015.11.25 07:49:00.094,1.22295,1.22298,1.12,1.95
2015.11.25 07:49:00.417,1.22298,1.223,1.20,1.87
2015.11.25 07:49:01.715,1.22298,1.223,1.87,1.00
2015.11.25 07:49:02.228,1.22298,1.22299,1.20,1.00
2015.11.25 07:49:02.994,1.22298,1.223,1.12,1.50
2015.11.25 07:49:07.102,1.22297,1.22298,1.00,1.00
2015.11.25 07:49:07.568,1.22295,1.22296,1.87,1.00
2015.11.25 07:49:08.836,1.22295,1.22297,1.12,1.50
2015.11.25 07:49:09.240,1.22294,1.22296,1.87,1.00
2015.11.25 07:49:14.128,1.22294,1.22296,1.87,1.00
2015.11.25 07:49:17.466,1.22293,1.22295,1.87,1.00
2015.11.25 07:49:17.971,1.22292,1.22295,3.45,1.10
2015.11.25 07:49:22.203,1.22293,1.22296,1.95,1.00
2015.11.25 07:49:22.728,1.22293,1.22296,2.62,1.00
2015.11.25 07:49:27.792,1.22293,1.22295,1.12,1.00
2015.11.25 07:49:28.095,1.22291,1.22293,1.12,1.00
2015.11.25 07:49:28.511,1.22289,1.22291,2.62,1.00
2015.11.25 07:49:30.586,1.22288,1.22291,1.12,1.00
2015.11.25 07:49:30.890,1.22286,1.22288,1.12,2.25
2015.11.25 07:49:31.396,1.22285,1.22286,1.20,1.00
2015.11.25 07:49:32.645,1.22285,1.22287,1.47,1.50
2015.11.25 07:49:32.700,1.22284,1.22287,3.37,1.50
2015.11.25 07:49:33.209,1.22285,1.22287,1.12,1.00
2015.11.25 07:49:33.945,1.22285,1.22288,1.12,5.32
2015.11.25 07:49:37.235,1.22286,1.22288,1.00,4.50
2015.11.25 07:49:37.820,1.22286,1.22288,3.37,3.75
2015.11.25 07:49:38.326,1.22287,1.22289,1.12,1.10
2015.11.25 07:49:40.714,1.22286,1.22288,1.95,1.00
2015.11.25 07:49:41.693,1.22288,1.2229,1.00,1.87
2015.11.25 07:49:42.198,1.22288,1.2229,1.00,1.10
2015.11.25 07:49:43.525,1.22287,1.22289,1.95,1.00
2015.11.25 07:49:44.166,1.22287,1.2229,1.95,1.10
2015.11.25 07:49:44.845,1.22288,1.2229,1.00,1.10
2015.11.25 07:49:45.565,1.22287,1.22289,2.70,1.00
2015.11.25 07:49:46.489,1.22287,1.2229,2.70,1.10
2015.11.25 07:49:47.147,1.22287,1.22289,1.95,1.00
2015.11.25 07:49:47.349,1.22289,1.22291,1.00,1.87
2015.11.25 07:49:47.725,1.22286,1.22287,1.00,1.50
2015.11.25 07:49:48.185,1.22284,1.22286,1.00,1.00
2015.11.25 07:49:48.927,1.22285,1.22287,1.00,3.82
2015.11.25 07:49:49.434,1.22285,1.22286,1.00,1.00
2015.11.25 07:49:50.276,1.22281,1.22284,2.62,1.00
2015.11.25 07:49:50.378,1.22281,1.22284,1.20,1.00
2015.11.25 07:49:50.884,1.22282,1.22284,1.00,1.50
2015.11.25 07:49:51.394,1.22283,1.22285,1.20,1.00
2015.11.25 07:49:51.702,1.22284,1.22286,1.00,2.25
2015.11.25 07:49:52.158,1.22283,1.22285,1.00,1.00
2015.11.25 07:49:53.133,1.22283,1.22285,1.00,1.10
2015.11.25 07:49:53.707,1.22283,1.22285,1.00,2.32
2015.11.25 07:49:54.701,1.22283,1.22285,1.00,1.57
2015.11.25 07:49:55.208,1.22283,1.22285,1.00,2.32
2015.11.25 07:49:55.512,1.22281,1.22284,1.95,1.50
2015.11.25 07:49:56.013,1.22281,1.22283,1.12,2.25
2015.11.25 07:49:56.570,1.22279,1.22281,2.70,1.00
2015.11.25 07:49:57.027,1.22281,1.22283,1.00,1.10
2015.11.25 07:49:57.434,1.22283,1.22284,1.00,1.10
2015.11.25 07:49:57.960,1.22282,1.22284,1.00,1.10
2015.11.25 07:49:59.173,1.22283,1.22285,1.00,2.62
2015.11.25 07:49:59.679,1.22282,1.22284,1.12,1.57
2015.11.25 07:50:01.709,1.22282,1.22284,1.12,2.62
2015.11.25 07:50:04.232,1.22281,1.22283,1.00,1.10
2015.11.25 07:50:06.246,1.22281,1.22284,1.00,3.07
2015.11.25 07:50:08.478,1.22282,1.22284,1.00,2.32
2015.11.25 07:50:09.148,1.22281,1.22283,1.00,1.50
2015.11.25 07:50:09.654,1.22281,1.22283,1.00,1.50
2015.11.25 07:50:10.618,1.2228,1.22283,1.20,3.00
2015.11.25 07:50:11.124,1.22281,1.22283,1.10,1.50
2015.11.25 07:50:16.410,1.22279,1.22283,2.62,1.50
2015.11.25 07:50:17.087,1.22281,1.22283,1.10,1.50
2015.11.25 07:50:18.497,1.22281,1.22283,1.95,1.50
2015.11.25 07:50:19.289,1.22281,1.22283,1.20,1.50
2015.11.25 07:50:20.398,1.22282,1.22284,1.00,1.50
2015.11.25 07:50:21.194,1.22282,1.22284,1.00,1.50
2015.11.25 07:50:24.772,1.22282,1.22284,1.00,2.25
2015.11.25 07:50:25.077,1.22281,1.22283,1.20,1.00
2015.11.25 07:50:28.476,1.22282,1.22284,1.00,1.50
2015.11.25 07:50:30.847,1.22281,1.22283,4.20,1.00
2015.11.25 07:50:31.396,1.22282,1.22284,1.12,1.00
2015.11.25 07:50:32.053,1.22281,1.22284,6.00,1.00
2015.11.25 07:50:32.205,1.2228,1.22282,1.50,1.50
2015.11.25 07:50:32.884,1.2228,1.22283,2.62,1.00
2015.11.25 07:50:33.491,1.2228,1.22283,1.50,1.00
2015.11.25 07:50:34.832,1.22279,1.22283,3.00,1.00
2015.11.25 07:50:35.795,1.22279,1.22283,4.50,1.50
2015.11.25 07:50:36.302,1.22279,1.22283,4.50,1.50
2015.11.25 07:50:36.840,1.22279,1.22283,4.50,1.00
2015.11.25 07:50:37.396,1.2228,1.22283,1.50,1.50
2015.11.25 07:50:38.242,1.2228,1.22283,1.87,1.00
2015.11.25 07:50:39.842,1.2228,1.22283,2.62,1.00
2015.11.25 07:50:40.348,1.22282,1.22283,1.57,1.00
2015.11.25 07:50:40.878,1.22282,1.22284,1.57,1.00
2015.11.25 07:50:44.385,1.22282,1.22284,1.10,1.00
2015.11.25 07:50:44.926,1.22282,1.22284,1.10,1.00
2015.11.25 07:50:49.028,1.22281,1.22283,1.95,1.00
2015.11.25 07:50:49.332,1.22279,1.22283,2.25,1.50
2015.11.25 07:50:50.125,1.22279,1.22283,2.25,2.25
2015.11.25 07:50:50.884,1.22279,1.22282,2.25,1.00
2015.11.25 07:50:53.145,1.22279,1.22283,2.25,2.25
2015.11.25 07:50:53.448,1.22279,1.22283,1.50,1.50
2015.11.25 07:50:54.667,1.22279,1.22283,2.25,2.25
2015.11.25 07:50:55.639,1.22279,1.22283,2.25,1.50
2015.11.25 07:50:55.740,1.2228,1.22283,1.20,1.50
2015.11.25 07:50:56.250,1.22281,1.22283,1.50,1.00
2015.11.25 07:50:56.352,1.22282,1.22285,1.12,2.32
2015.11.25 07:50:57.025,1.22281,1.22283,3.37,1.00
2015.11.25 07:50:57.800,1.22281,1.22283,2.62,1.00
2015.11.25 07:51:00.124,1.22281,1.22283,4.87,1.00
2015.11.25 07:51:00.731,1.22281,1.22283,4.12,1.00
2015.11.25 07:51:01.271,1.22281,1.22283,4.87,1.00
2015.11.25 07:51:03.000,1.22281,1.22284,5.62,1.00
2015.11.25 07:51:03.304,1.22281,1.22283,4.12,1.00
2015.11.25 07:51:06.538,1.22281,1.22283,4.12,1.00
2015.11.25 07:51:09.598,1.22281,1.22283,3.37,1.00
2015.11.25 07:51:10.593,1.22281,1.22283,4.12,1.00
2015.11.25 07:51:11.194,1.22281,1.22284,4.87,1.00
2015.11.25 07:51:15.676,1.22281,1.22283,4.12,1.00
2015.11.25 07:51:16.195,1.22281,1.22283,2.62,1.00
2015.11.25 07:51:17.135,1.22282,1.22284,1.00,2.32
2015.11.25 07:51:22.098,1.22283,1.22285,1.00,2.62
2015.11.25 07:51:22.629,1.22284,1.22286,1.00,4.50
2015.11.25 07:51:22.932,1.22284,1.22287,3.37,1.75
2015.11.25 07:51:23.084,1.22289,1.22292,1.00,3.75
2015.11.25 07:51:23.236,1.2229,1.22292,1.00,1.10
2015.11.25 07:51:23.882,1.2229,1.22292,1.00,1.57
2015.11.25 07:51:24.388,1.2229,1.22292,1.00,3.00
2015.11.25 07:51:25.566,1.2229,1.22292,1.00,1.50
2015.11.25 07:51:26.342,1.22291,1.22293,1.00,3.07
2015.11.25 07:51:27.077,1.22294,1.22296,1.00,3.45
2015.11.25 07:51:27.230,1.22295,1.22297,1.00,1.10
2015.11.25 07:51:27.737,1.22297,1.22299,1.00,1.57
2015.11.25 07:51:29.881,1.22297,1.22298,1.00,1.00
2015.11.25 07:51:30.402,1.22299,1.22301,1.00,3.00
2015.11.25 07:51:30.908,1.223,1.22302,1.00,3.00
2015.11.25 07:51:31.652,1.223,1.22301,1.00,1.00
2015.11.25 07:51:31.956,1.223,1.22301,1.00,1.00
2015.11.25 07:51:32.210,1.22301,1.22303,1.00,1.00
2015.11.25 07:51:32.261,1.22301,1.22303,1.00,1.00
2015.11.25 07:51:32.514,1.22306,1.22308,1.00,2.32
2015.11.25 07:51:33.052,1.22307,1.22308,1.00,1.00
2015.11.25 07:51:33.558,1.22307,1.22309,1.00,1.50
2015.11.25 07:51:34.608,1.22307,1.22308,1.00,1.57
2015.11.25 07:51:34.764,1.22304,1.22308,1.47,1.57
2015.11.25 07:51:34.815,1.22304,1.22306,1.47,1.00
2015.11.25 07:51:35.019,1.22302,1.22304,5.25,1.00
2015.11.25 07:51:35.070,1.22303,1.22305,1.00,1.00
2015.11.25 07:51:35.122,1.22307,1.22308,1.12,1.50
2015.11.25 07:51:35.174,1.22307,1.22308,1.87,1.00
2015.11.25 07:51:35.775,1.22307,1.22309,1.10,1.50
2015.11.25 07:51:36.283,1.22307,1.22308,1.10,1.00
2015.11.25 07:51:40.701,1.22306,1.22308,1.10,1.00
2015.11.25 07:51:44.736,1.22307,1.22308,1.00,1.00
2015.11.25 07:51:45.762,1.22306,1.22307,1.00,1.00
2015.11.25 07:51:47.638,1.22307,1.22308,1.00,1.00
2015.11.25 07:51:47.791,1.22307,1.22308,1.00,1.00
2015.11.25 07:51:48.313,1.22307,1.22309,1.00,1.50
2015.11.25 07:51:48.821,1.22307,1.22308,1.00,1.00
2015.11.25 07:51:49.560,1.22306,1.22308,1.10,1.00
2015.11.25 07:51:50.985,1.22307,1.22308,1.00,1.00
2015.11.25 07:51:54.168,1.22307,1.22309,1.00,1.57
2015.11.25 07:51:55.399,1.22307,1.22308,1.00,1.00
2015.11.25 07:51:56.979,1.22306,1.22308,1.10,1.00
2015.11.25 07:51:57.869,1.22307,1.22308,1.00,1.00
2015.11.25 07:51:58.375,1.22307,1.22309,1.00,1.57
2015.11.25 07:51:59.121,1.22307,1.22308,1.00,1.00
2015.11.25 07:52:00.539,1.22307,1.22309,1.00,2.32
2015.11.25 07:52:02.292,1.22307,1.22308,1.00,1.00
2015.11.25 07:52:03.120,1.22306,1.22308,1.00,1.00
2015.11.25 07:52:03.273,1.2231,1.22312,1.00,3.45
2015.11.25 07:52:03.375,1.22311,1.22312,1.50,1.00
2015.11.25 07:52:03.815,1.22313,1.22315,1.00,3.82
2015.11.25 07:52:10.716,1.22313,1.22315,1.00,1.10
2015.11.25 07:52:12.838,1.22313,1.22314,1.00,1.00
2015.11.25 07:52:13.366,1.22313,1.22315,1.00,1.10
2015.11.25 07:52:19.188,1.22313,1.22314,1.00,1.00
2015.11.25 07:52:22.697,1.22313,1.22315,1.00,1.10
2015.11.25 07:52:24.288,1.22312,1.22315,1.00,2.32
2015.11.25 07:52:24.793,1.22312,1.22314,1.00,1.00
2015.11.25 07:52:25.639,1.22312,1.22314,1.00,2.25
2015.11.25 07:52:26.658,1.22312,1.22313,1.50,1.00
2015.11.25 07:52:26.759,1.22313,1.22315,1.00,1.57
2015.11.25 07:52:27.144,1.22318,1.22319,1.00,2.32
2015.11.25 07:52:27.803,1.22316,1.22317,1.00,1.00
2015.11.25 07:52:28.992,1.22316,1.22317,1.00,1.00
2015.11.25 07:52:29.500,1.22317,1.22318,1.00,1.50
2015.11.25 07:52:30.245,1.22318,1.22319,1.00,2.32
2015.11.25 07:52:37.216,1.22317,1.22318,1.00,1.50
2015.11.25 07:52:37.721,1.22317,1.22319,1.00,2.32
2015.11.25 07:52:38.345,1.22316,1.22318,1.00,1.50
2015.11.25 07:52:38.396,1.22315,1.22318,1.57,1.50
2015.11.25 07:52:38.903,1.22315,1.22317,1.00,1.57
2015.11.25 07:52:39.408,1.22315,1.22316,1.00,1.00
2015.11.25 07:52:40.325,1.22315,1.22316,1.00,1.00
2015.11.25 07:52:40.855,1.22316,1.22318,1.00,3.07
2015.11.25 07:52:43.063,1.22315,1.22316,1.10,1.00
2015.11.25 07:52:43.600,1.22316,1.22317,1.00,1.50
2015.11.25 07:52:46.305,1.22316,1.22317,1.00,1.50
2015.11.25 07:52:46.861,1.22316,1.22318,1.00,3.00
2015.11.25 07:52:49.766,1.22316,1.22318,1.00,1.50
2015.11.25 07:52:50.071,1.22318,1.2232,1.00,2.62
2015.11.25 07:52:50.577,1.22319,1.2232,1.10,1.00
2015.11.25 07:52:52.395,1.2232,1.22321,1.00,3.00
2015.11.25 07:52:52.903,1.22318,1.2232,1.10,1.00
2015.11.25 07:52:53.267,1.22318,1.22319,1.50,1.00
2015.11.25 07:52:53.760,1.22316,1.22317,1.00,1.00
2015.11.25 07:52:56.937,1.22315,1.22317,1.00,1.00
2015.11.25 07:52:57.241,1.22313,1.22316,2.70,2.25
2015.11.25 07:52:57.393,1.22314,1.22316,1.00,3.82
2015.11.25 07:52:57.949,1.22313,1.22314,1.50,1.00
2015.11.25 07:52:58.460,1.22314,1.22315,1.00,1.50
2015.11.25 07:52:58.966,1.22314,1.22315,1.00,1.50
2015.11.25 07:53:00.149,1.22314,1.22315,1.00,1.00
2015.11.25 07:53:00.655,1.22315,1.22316,1.00,2.25
2015.11.25 07:53:01.445,1.22313,1.22314,1.10,1.00
2015.11.25 07:53:03.054,1.22314,1.22315,1.00,1.00
2015.11.25 07:53:03.562,1.22315,1.22316,1.00,1.00
2015.11.25 07:53:05.480,1.22313,1.22315,1.50,1.00
2015.11.25 07:53:05.857,1.22313,1.22314,1.00,1.00
2015.11.25 07:53:06.365,1.22311,1.22313,3.37,1.00
2015.11.25 07:53:06.870,1.2231,1.22312,1.87,1.00
2015.11.25 07:53:07.396,1.22312,1.22313,1.00,1.00
2015.11.25 07:53:08.373,1.22312,1.22313,1.00,1.00
2015.11.25 07:53:09.416,1.2231,1.22314,1.95,1.50
2015.11.25 07:53:09.470,1.22313,1.22315,1.00,3.82
2015.11.25 07:53:10.598,1.22314,1.22316,1.00,5.32
2015.11.25 07:53:12.971,1.22313,1.22315,1.00,1.50
2015.11.25 07:53:13.594,1.22313,1.22314,1.00,1.00
2015.11.25 07:53:13.971,1.22311,1.22313,1.87,1.00
2015.11.25 07:53:14.565,1.22313,1.22314,1.00,1.00
2015.11.25 07:53:18.545,1.22313,1.22315,1.00,3.00
2015.11.25 07:53:20.563,1.22311,1.22313,1.20,1.00
2015.11.25 07:53:24.104,1.22313,1.22315,1.00,3.07
2015.11.25 07:53:24.711,1.22313,1.22314,1.00,1.00
2015.11.25 07:53:32.429,1.22313,1.22315,1.00,2.32
2015.11.25 07:53:33.202,1.22314,1.22316,1.00,1.20
2015.11.25 07:53:33.257,1.22316,1.22318,1.00,2.25
2015.11.25 07:53:33.310,1.22315,1.22316,1.87,1.00
2015.11.25 07:53:33.819,1.22318,1.22319,1.00,1.50
2015.11.25 07:53:34.526,1.22316,1.22317,1.20,1.00
2015.11.25 07:53:35.111,1.22318,1.2232,1.00,3.75
2015.11.25 07:53:35.566,1.22317,1.22318,1.50,1.00
2015.11.25 07:53:35.937,1.22318,1.2232,1.00,1.50
2015.11.25 07:53:35.989,1.22318,1.2232,1.00,1.50
2015.11.25 07:53:37.601,1.22318,1.22319,1.00,1.00
2015.11.25 07:53:38.118,1.22318,1.2232,1.00,1.50
2015.11.25 07:53:38.624,1.22319,1.2232,1.00,1.00
2015.11.25 07:53:39.130,1.22318,1.22319,1.00,1.57
2015.11.25 07:53:43.443,1.22319,1.2232,6.37,1.00
2015.11.25 07:53:43.495,1.22321,1.22324,1.87,1.00
2015.11.25 07:53:43.596,1.22322,1.22325,1.75,1.00
2015.11.25 07:53:44.052,1.22322,1.22324,1.10,1.00
2015.11.25 07:53:44.656,1.22321,1.22323,2.62,1.00
2015.11.25 07:53:45.163,1.22321,1.22323,1.00,1.12
2015.11.25 07:53:45.962,1.22322,1.22324,1.00,1.50
2015.11.25 07:53:50.266,1.22321,1.22323,1.00,1.12
2015.11.25 07:53:51.575,1.22322,1.22324,1.00,2.25
2015.11.25 07:53:53.599,1.22322,1.22323,1.00,1.00
2015.11.25 07:53:54.383,1.22321,1.22323,1.10,1.50
2015.11.25 07:53:55.062,1.22321,1.22322,1.00,1.00
2015.11.25 07:53:55.874,1.2232,1.22321,1.00,1.00
2015.11.25 07:53:57.328,1.2232,1.22322,1.00,2.25
2015.11.25 07:53:58.044,1.2232,1.22322,1.00,3.00
2015.11.25 07:54:00.124,1.2232,1.22321,1.00,1.10
2015.11.25 07:54:03.548,1.2232,1.22321,1.00,1.00
2015.11.25 07:54:03.859,1.22322,1.22324,1.00,4.50
2015.11.25 07:54:04.549,1.22322,1.22324,1.10,3.00
2015.11.25 07:54:06.259,1.22322,1.22323,1.10,1.00
2015.11.25 07:54:07.577,1.22322,1.22324,1.10,3.75
2015.11.25 07:54:08.901,1.22322,1.22324,1.00,3.75
2015.11.25 07:54:09.428,1.22321,1.22322,1.00,1.10
2015.11.25 07:54:10.458,1.22321,1.22323,1.00,3.00
2015.11.25 07:54:11.255,1.22321,1.22324,1.12,3.75
2015.11.25 07:54:11.508,1.22323,1.22324,1.00,1.00
2015.11.25 07:54:12.287,1.22324,1.22325,1.00,1.57
2015.11.25 07:54:14.573,1.22323,1.22324,1.00,1.00
2015.11.25 07:54:15.079,1.22323,1.22324,1.00,1.00
2015.11.25 07:54:16.981,1.22323,1.22325,1.00,3.07
2015.11.25 07:54:17.511,1.22324,1.22325,1.00,1.00
2015.11.25 07:54:18.190,1.22323,1.22324,1.00,1.00
2015.11.25 07:54:19.067,1.22324,1.22325,1.00,1.50
2015.11.25 07:54:21.033,1.22322,1.22324,1.10,1.00
2015.11.25 07:54:21.541,1.22321,1.22322,1.00,1.00
2015.11.25 07:54:22.867,1.22321,1.22323,1.00,3.07
2015.11.25 07:54:23.379,1.22321,1.22323,1.00,2.32
2015.11.25 07:54:24.386,1.22321,1.22322,1.00,1.00
2015.11.25 07:54:24.901,1.22321,1.22322,1.00,1.00
2015.11.25 07:54:25.408,1.22321,1.22323,1.00,2.32
2015.11.25 07:54:28.578,1.22322,1.22324,1.00,3.75
2015.11.25 07:54:29.085,1.22322,1.22323,1.00,1.00
2015.11.25 07:54:29.696,1.22323,1.22325,1.00,3.00
2015.11.25 07:54:30.760,1.22323,1.22325,1.00,1.50
2015.11.25 07:54:31.138,1.22324,1.22326,1.00,1.10
2015.11.25 07:54:33.511,1.22325,1.22327,1.00,2.25
2015.11.25 07:54:33.613,1.22325,1.22327,1.12,1.50
2015.11.25 07:54:34.597,1.22327,1.22329,1.00,1.57
2015.11.25 07:54:35.114,1.22328,1.22329,1.00,1.57
2015.11.25 07:54:38.765,1.22327,1.22329,1.00,1.50
2015.11.25 07:54:39.504,1.22327,1.22328,1.00,1.00
2015.11.25 07:54:40.398,1.22327,1.22328,1.00,1.00
2015.11.25 07:54:43.962,1.22327,1.22329,1.00,2.25
2015.11.25 07:54:45.047,1.22327,1.22328,1.00,1.00
2015.11.25 07:54:45.738,1.22327,1.22328,1.00,1.00
2015.11.25 07:54:45.991,1.22328,1.2233,1.00,3.45
2015.11.25 07:54:46.544,1.22329,1.2233,1.00,1.00
2015.11.25 07:54:47.051,1.22329,1.22331,1.00,2.32
2015.11.25 07:54:50.193,1.22328,1.22331,1.00,3.07
2015.11.25 07:54:51.018,1.22328,1.2233,1.00,1.50
2015.11.25 07:54:52.997,1.22329,1.2233,1.00,1.00
2015.11.25 07:54:55.276,1.22328,1.2233,1.00,1.00
2015.11.25 07:54:55.983,1.22329,1.2233,1.00,1.00
2015.11.25 07:54:57.045,1.22328,1.2233,1.00,1.00
2015.11.25 07:54:57.551,1.22329,1.2233,1.00,1.00
2015.11.25 07:54:58.355,1.22328,1.2233,1.00,1.00
2015.11.25 07:54:58.863,1.22329,1.22331,1.00,1.10
2015.11.25 07:54:59.973,1.22328,1.22331,1.20,1.00
2015.11.25 07:55:00.479,1.22329,1.22332,1.00,3.07
2015.11.25 07:55:00.987,1.22328,1.22331,1.20,1.50
2015.11.25 07:55:01.782,1.22327,1.2233,1.95,1.00
2015.11.25 07:55:02.288,1.22327,1.22329,1.12,1.00
2015.11.25 07:55:03.937,1.22326,1.22329,1.20,1.00
2015.11.25 07:55:04.478,1.22326,1.22328,1.10,1.00
2015.11.25 07:55:05.207,1.22326,1.22329,1.20,2.25
2015.11.25 07:55:06.428,1.22327,1.22329,1.10,1.00
2015.11.25 07:55:06.682,1.22329,1.2233,1.00,2.25
2015.11.25 07:55:10.014,1.22329,1.22331,1.00,2.25
2015.11.25 07:55:11.165,1.22327,1.22329,2.62,1.00
2015.11.25 07:55:11.718,1.22327,1.22328,1.00,1.00
2015.11.25 07:55:12.223,1.22327,1.22329,1.00,1.12
2015.11.25 07:55:13.033,1.22327,1.22329,1.57,1.12
2015.11.25 07:55:13.568,1.22328,1.2233,1.00,2.25
2015.11.25 07:55:14.658,1.22328,1.2233,1.00,2.25
2015.11.25 07:55:15.164,1.22327,1.2233,1.20,3.00
2015.11.25 07:55:17.893,1.22328,1.2233,1.00,3.00
2015.11.25 07:55:18.542,1.22328,1.22329,1.00,1.50
2015.11.25 07:55:18.848,1.22323,1.22325,3.07,2.25
2015.11.25 07:55:19.356,1.22323,1.22324,1.10,1.00
2015.11.25 07:55:19.894,1.22323,1.22325,1.00,1.50
2015.11.25 07:55:22.695,1.22322,1.22324,1.95,1.00
2015.11.25 07:55:23.094,1.2232,1.22321,1.87,1.50
2015.11.25 07:55:23.145,1.22318,1.22321,1.50,2.25
2015.11.25 07:55:23.651,1.2232,1.22322,1.12,1.50
2015.11.25 07:55:24.156,1.22321,1.22322,1.00,1.00
2015.11.25 07:55:24.690,1.22321,1.22323,1.00,1.00
2015.11.25 07:55:32.336,1.22321,1.22322,1.00,1.00
2015.11.25 07:55:34.488,1.22319,1.22321,3.00,1.00
2015.11.25 07:55:42.820,1.22319,1.22321,1.95,1.00
2015.11.25 07:55:43.418,1.22318,1.2232,1.47,1.00
2015.11.25 07:55:43.671,1.22318,1.2232,1.47,1.00
2015.11.25 07:55:43.773,1.22317,1.22318,1.12,1.00
2015.11.25 07:55:44.304,1.22317,1.22318,1.20,1.00
2015.11.25 07:55:47.748,1.22317,1.22319,1.20,1.00
2015.11.25 07:55:48.001,1.22318,1.2232,1.95,1.00
2015.11.25 07:55:51.831,1.22317,1.22319,2.25,1.00
2015.11.25 07:55:56.020,1.22317,1.22319,2.25,1.00
2015.11.25 07:55:56.526,1.22316,1.22318,2.62,1.00
2015.11.25 07:56:05.962,1.22316,1.22318,1.87,1.00
2015.11.25 07:56:06.468,1.22315,1.22316,1.87,1.00
2015.11.25 07:56:08.519,1.22315,1.22317,1.87,1.50
2015.11.25 07:56:08.908,1.22313,1.22314,1.10,1.00
2015.11.25 07:56:08.959,1.22311,1.22314,2.62,1.00
2015.11.25 07:56:09.473,1.22312,1.22313,1.95,1.00
2015.11.25 07:56:09.978,1.22312,1.22314,2.62,1.00
2015.11.25 07:56:10.400,1.22312,1.22314,1.50,1.50
2015.11.25 07:56:10.552,1.2231,1.22312,2.62,1.00
2015.11.25 07:56:14.743,1.2231,1.22312,2.62,1.00
2015.11.25 07:56:15.098,1.22308,1.2231,1.37,1.10
2015.11.25 07:56:15.251,1.22309,1.2231,1.00,1.10
2015.11.25 07:56:15.302,1.22308,1.2231,1.12,1.10
2015.11.25 07:56:15.858,1.22308,1.22309,1.87,1.00
2015.11.25 07:56:16.365,1.22309,1.2231,1.00,1.10
2015.11.25 07:56:19.884,1.22309,1.22311,1.50,1.57
2015.11.25 07:56:21.671,1.22309,1.2231,1.50,1.00
2015.11.25 07:56:22.177,1.22309,1.22311,3.37,1.10
2015.11.25 07:56:23.404,1.22309,1.22311,1.12,1.10
2015.11.25 07:56:23.912,1.2231,1.22311,1.00,1.00
2015.11.25 07:56:25.905,1.22309,1.22311,1.20,1.00
2015.11.25 07:56:26.109,1.22307,1.22309,1.95,1.00
2015.11.25 07:56:26.616,1.22307,1.22308,1.20,1.00
2015.11.25 07:56:28.423,1.22307,1.22309,1.20,1.00
2015.11.25 07:56:28.927,1.2231,1.22311,1.00,1.10
2015.11.25 07:56:28.979,1.2231,1.22311,1.00,1.10
2015.11.25 07:56:29.485,1.22309,1.22311,1.20,1.00
2015.11.25 07:56:30.906,1.22309,1.22311,1.20,1.00
2015.11.25 07:56:32.285,1.22311,1.22313,1.00,2.25
2015.11.25 07:56:34.479,1.22311,1.22313,1.00,3.00
2015.11.25 07:56:34.985,1.22311,1.22313,1.00,2.32
2015.11.25 07:56:37.240,1.22312,1.22314,1.00,1.50
2015.11.25 07:56:38.859,1.22313,1.22314,1.00,1.00
2015.11.25 07:56:39.371,1.22313,1.22315,1.00,1.57
2015.11.25 07:56:43.210,1.22313,1.22314,1.00,1.00
2015.11.25 07:56:44.221,1.22312,1.22314,1.00,1.50
2015.11.25 07:56:45.471,1.22312,1.22314,1.00,1.50
2015.11.25 07:56:46.325,1.22311,1.22313,1.00,1.10
2015.11.25 07:56:46.831,1.2231,1.22313,1.00,4.50
2015.11.25 07:56:47.472,1.22311,1.22313,1.00,4.50
2015.11.25 07:56:49.272,1.22311,1.22313,1.00,3.00
2015.11.25 07:56:49.525,1.22313,1.22314,1.00,1.00
2015.11.25 07:56:50.530,1.22312,1.22313,1.10,1.00
2015.11.25 07:56:51.138,1.22313,1.22314,1.00,1.10
2015.11.25 07:56:57.932,1.22312,1.22315,1.00,3.75
2015.11.25 07:56:58.600,1.22313,1.22315,1.00,3.75
2015.11.25 07:57:00.423,1.22313,1.22315,1.00,1.50
2015.11.25 07:57:00.945,1.22313,1.22315,1.10,1.50
2015.11.25 07:57:01.495,1.22314,1.22315,1.00,1.00
2015.11.25 07:57:03.222,1.22313,1.22315,1.10,1.00
2015.11.25 07:57:06.041,1.22312,1.22314,1.12,1.00
2015.11.25 07:57:11.232,1.22312,1.22314,3.37,1.00
2015.11.25 07:57:18.133,1.22312,1.22314,2.62,1.00
2015.11.25 07:57:18.488,1.22312,1.22314,1.87,1.00
2015.11.25 07:57:18.590,1.2231,1.22312,3.75,1.00
2015.11.25 07:57:19.104,1.2231,1.22311,1.00,1.10
2015.11.25 07:57:19.612,1.22308,1.2231,1.95,1.00
2015.11.25 07:57:20.520,1.22309,1.2231,1.12,1.00
2015.11.25 07:57:21.026,1.22308,1.22309,2.70,1.00
2015.11.25 07:57:24.281,1.22308,1.2231,2.70,1.00
2015.11.25 07:57:25.352,1.22308,1.22309,1.00,1.10
2015.11.25 07:57:25.403,1.22306,1.22307,1.10,1.00
2015.11.25 07:57:26.322,1.22306,1.22308,1.10,1.00
2015.11.25 07:57:26.670,1.22309,1.22311,1.00,1.50
2015.11.25 07:57:26.722,1.2231,1.22311,1.10,1.00
2015.11.25 07:57:27.635,1.22309,1.22311,1.87,1.00
2015.11.25 07:57:28.440,1.22309,1.22311,1.12,1.00
2015.11.25 07:57:28.795,1.22307,1.22308,1.20,1.00
2015.11.25 07:57:29.373,1.22307,1.22309,1.20,1.00
2015.11.25 07:57:31.551,1.22307,1.22308,1.20,1.00
2015.11.25 07:57:33.222,1.22307,1.22309,2.70,1.00
2015.11.25 07:57:34.307,1.22307,1.22309,2.70,1.00
2015.11.25 07:57:34.813,1.22309,1.2231,1.12,1.00
2015.11.25 07:57:38.686,1.22309,1.22311,1.12,1.10
2015.11.25 07:57:39.335,1.22311,1.22313,1.12,1.00
2015.11.25 07:57:40.242,1.22311,1.22313,1.12,1.10
2015.11.25 07:57:40.761,1.22311,1.22312,1.12,1.00
2015.11.25 07:57:41.637,1.2231,1.22312,1.20,1.00
2015.11.25 07:57:44.277,1.2231,1.22312,1.20,1.00
2015.11.25 07:57:44.631,1.22309,1.2231,1.12,1.00
2015.11.25 07:57:44.884,1.22307,1.22308,1.10,1.00
2015.11.25 07:57:45.640,1.22307,1.22309,1.87,1.00
2015.11.25 07:57:55.586,1.22307,1.22309,1.87,1.00
2015.11.25 07:57:56.102,1.22307,1.22308,1.12,1.00
2015.11.25 07:57:56.977,1.22307,1.22309,1.12,1.00
2015.11.25 07:57:57.857,1.22307,1.22308,1.12,1.00
2015.11.25 07:57:58.161,1.22307,1.2231,1.87,1.10
2015.11.25 07:57:58.695,1.22308,1.2231,1.37,1.00
2015.11.25 07:57:59.882,1.22309,1.22311,1.12,1.10
2015.11.25 07:58:00.413,1.2231,1.22312,1.00,1.10
2015.11.25 07:58:04.296,1.2231,1.22312,1.87,1.10
2015.11.25 07:58:04.802,1.22311,1.22313,1.95,1.00
2015.11.25 07:58:05.389,1.22311,1.22313,3.37,1.00
2015.11.25 07:58:05.896,1.22311,1.22312,2.62,1.00
2015.11.25 07:58:06.402,1.22313,1.22314,1.12,1.00
2015.11.25 07:58:12.025,1.22313,1.22315,1.12,1.00
2015.11.25 07:58:12.622,1.22313,1.22315,1.95,1.00
2015.11.25 07:58:14.325,1.22314,1.22316,1.50,1.00
2015.11.25 07:58:14.832,1.22313,1.22315,1.20,1.50
2015.11.25 07:58:15.569,1.22312,1.22314,2.62,1.00
2015.11.25 07:58:15.877,1.22313,1.22316,1.10,2.25
2015.11.25 07:58:17.385,1.22312,1.22315,3.37,1.00
2015.11.25 07:58:20.289,1.22314,1.22316,1.00,1.50
2015.11.25 07:58:20.848,1.22313,1.22316,1.57,2.25
2015.11.25 07:58:21.521,1.22313,1.22316,2.25,2.25
2015.11.25 07:58:22.037,1.22313,1.22315,1.50,1.00
2015.11.25 07:58:23.593,1.22313,1.22316,2.25,2.25
2015.11.25 07:58:36.368,1.22313,1.22316,1.10,2.25
2015.11.25 07:58:36.870,1.22312,1.22314,1.95,1.00
2015.11.25 07:58:37.274,1.22312,1.22314,1.12,1.00
2015.11.25 07:58:37.578,1.22306,1.22308,2.25,1.12
2015.11.25 07:58:37.629,1.22304,1.22306,2.62,1.00
2015.11.25 07:58:38.431,1.22302,1.22303,1.12,1.00
2015.11.25 07:58:38.954,1.22302,1.22304,1.12,1.10
2015.11.25 07:58:39.740,1.22303,1.22305,1.20,1.00
2015.11.25 07:58:40.362,1.22303,1.22306,1.95,1.00
2015.11.25 07:58:41.567,1.22303,1.22304,1.10,1.00
2015.11.25 07:58:42.415,1.22304,1.22306,1.95,1.00
2015.11.25 07:58:43.017,1.22304,1.22307,2.70,1.00
2015.11.25 07:58:43.322,1.22307,1.22308,1.12,1.00
2015.11.25 07:58:43.866,1.22307,1.22309,1.37,1.00
2015.11.25 07:58:47.365,1.22307,1.22308,1.12,1.00
2015.11.25 07:58:59.296,1.22306,1.22308,3.45,1.00
2015.11.25 07:58:59.879,1.22307,1.22309,1.87,1.00
2015.11.25 07:59:00.912,1.22306,1.22308,3.45,1.00
2015.11.25 07:59:01.418,1.22307,1.22308,1.87,1.00
2015.11.25 07:59:01.926,1.22307,1.22309,2.70,1.00
2015.11.25 07:59:02.437,1.22307,1.22309,1.20,1.00
2015.11.25 07:59:03.095,1.22308,1.2231,1.37,1.00
2015.11.25 07:59:03.719,1.22308,1.2231,1.50,1.00
2015.11.25 07:59:04.226,1.2231,1.22311,1.12,1.00
2015.11.25 07:59:04.580,1.2231,1.22313,1.85,1.10
2015.11.25 07:59:05.114,1.22312,1.22314,1.12,1.00
2015.11.25 07:59:07.465,1.22312,1.22313,1.00,1.50
2015.11.25 07:59:07.616,1.22308,1.2231,1.10,1.00
2015.11.25 07:59:08.151,1.22308,1.2231,1.12,1.00
2015.11.25 07:59:08.657,1.22308,1.2231,2.62,1.00
2015.11.25 07:59:09.112,1.22309,1.22312,1.95,1.10
2015.11.25 07:59:09.646,1.2231,1.22313,1.20,2.32
2015.11.25 07:59:10.151,1.22311,1.22313,1.10,1.50
2015.11.25 07:59:10.202,1.2231,1.22312,1.87,1.00
2015.11.25 07:59:13.379,1.2231,1.22312,1.50,1.00
2015.11.25 07:59:13.889,1.22311,1.22313,1.87,1.00
2015.11.25 07:59:14.962,1.2231,1.22312,1.12,1.00
2015.11.25 07:59:15.468,1.22309,1.22311,1.47,1.00
2015.11.25 07:59:21.225,1.22309,1.22311,2.70,1.00
2015.11.25 07:59:22.325,1.2231,1.22312,1.20,1.00
2015.11.25 07:59:22.730,1.22309,1.22311,2.62,1.00
2015.11.25 07:59:27.914,1.22309,1.22311,1.37,1.00
2015.11.25 07:59:29.814,1.22309,1.2231,1.12,1.10
2015.11.25 07:59:30.463,1.2231,1.22312,1.12,1.10
2015.11.25 07:59:36.833,1.22311,1.22312,1.00,1.10
2015.11.25 07:59:37.404,1.22312,1.22315,1.00,3.75
2015.11.25 07:59:38.163,1.22313,1.22315,1.00,3.00
2015.11.25 07:59:38.834,1.22313,1.22315,1.00,1.57
2015.11.25 07:59:41.022,1.22313,1.22316,1.00,5.25
2015.11.25 07:59:41.615,1.22313,1.22316,1.00,4.50
2015.11.25 07:59:43.624,1.22313,1.22314,1.00,1.50
2015.11.25 07:59:44.854,1.22312,1.22314,1.00,2.32
2015.11.25 07:59:45.434,1.22311,1.22313,1.00,1.00
2015.11.25 07:59:48.857,1.22312,1.22313,1.00,1.00
2015.11.25 07:59:49.363,1.22312,1.22314,1.00,1.57
2015.11.25 07:59:49.907,1.22312,1.22314,1.00,1.57
2015.11.25 07:59:56.068,1.22312,1.22314,1.00,1.10
2015.11.25 07:59:56.575,1.22312,1.22314,1.00,1.10
2015.11.25 07:59:57.076,1.22312,1.22313,1.00,1.00
2015.11.25 07:59:58.523,1.22312,1.22314,1.00,1.10
2015.11.25 07:59:59.294,1.22313,1.22315,1.00,2.32
