2011.06.28 01:00:06.456,0.80777,0.80787,1.50,4.88
2011.06.28 01:00:06.678,0.80776,0.80787,1.88,4.88
2011.06.28 01:00:11.710,0.80775,0.80787,2.33,1.88
2011.06.28 01:00:14.044,0.80779,0.80788,1.13,4.50
2011.06.28 01:00:14.712,0.80779,0.8079,1.13,2.25
2011.06.28 01:00:15.271,0.8078,0.80791,1.13,3.00
2011.06.28 01:00:16.590,0.8078,0.80791,1.20,3.00
2011.06.28 01:00:17.813,0.80784,0.80791,3.75,2.25
2011.06.28 01:00:18.152,0.80785,0.80796,1.13,1.50
2011.06.28 01:00:19.620,0.80782,0.80793,2.03,7.35
2011.06.28 01:00:19.730,0.80782,0.80793,1.95,8.10
2011.06.28 01:00:20.280,0.80782,0.80791,1.13,3.75
2011.06.28 01:00:21.382,0.80782,0.80789,1.13,2.10
2011.06.28 01:00:21.711,0.8078,0.80789,1.13,3.60
2011.06.28 01:00:22.043,0.80779,0.80789,1.50,3.60
2011.06.28 01:00:22.272,0.8078,0.80789,1.13,2.10
2011.06.28 01:00:22.492,0.80776,0.80784,1.50,1.35
2011.06.28 01:00:22.821,0.8078,0.80789,1.13,5.85
2011.06.28 01:00:24.141,0.80782,0.8079,1.13,2.10
2011.06.28 01:00:25.472,0.80783,0.80791,1.13,3.60
2011.06.28 01:00:25.583,0.80781,0.80791,1.13,5.85
2011.06.28 01:00:26.181,0.80781,0.8079,1.13,2.25
2011.06.28 01:00:28.981,0.80781,0.80791,1.13,8.85
2011.06.28 01:00:29.421,0.80779,0.80789,1.13,2.10
2011.06.28 01:00:32.521,0.80781,0.8079,1.13,4.35
2011.06.28 01:00:34.074,0.8078,0.80789,1.13,2.85
2011.06.28 01:00:38.030,0.80778,0.80789,1.13,2.10
2011.06.28 01:00:39.250,0.80778,0.80789,1.88,2.10
2011.06.28 01:00:39.801,0.80778,0.80788,1.88,1.35
2011.06.28 01:00:40.362,0.80781,0.80789,1.50,1.50
2011.06.28 01:00:40.912,0.80779,0.80787,1.88,1.50
2011.06.28 01:00:41.304,0.80777,0.80786,1.13,1.50
2011.06.28 01:00:41.969,0.80776,0.80785,1.13,1.50
2011.06.28 01:00:42.301,0.80775,0.80784,1.13,2.10
2011.06.28 01:00:42.851,0.80774,0.80783,1.13,1.50
2011.06.28 01:00:42.960,0.80773,0.80783,1.50,1.50
2011.06.28 01:00:43.512,0.80773,0.80782,1.50,1.13
2011.06.28 01:00:43.622,0.80773,0.80784,1.88,4.35
2011.06.28 01:00:43.740,0.80773,0.80782,1.50,1.13
2011.06.28 01:00:49.034,0.80769,0.80779,1.50,1.13
2011.06.28 01:00:49.590,0.80767,0.80778,1.88,1.50
2011.06.28 01:00:52.982,0.80767,0.80777,1.88,2.25
2011.06.28 01:00:53.532,0.80767,0.80777,1.88,1.50
2011.06.28 01:00:54.083,0.80765,0.80777,6.38,2.25
2011.06.28 01:00:54.750,0.80764,0.80774,1.50,1.13
2011.06.28 01:00:55.299,0.80763,0.80774,1.88,1.13
2011.06.28 01:00:59.611,0.80767,0.80775,3.75,1.13
2011.06.28 01:01:03.207,0.80767,0.80776,3.75,1.50
2011.06.28 01:01:04.660,0.80769,0.80778,1.13,1.50
2011.06.28 01:01:05.211,0.80769,0.80778,1.13,1.50
2011.06.28 01:01:05.540,0.80767,0.80777,4.88,1.13
2011.06.28 01:01:06.222,0.80768,0.80779,1.13,2.25
2011.06.28 01:01:06.770,0.80769,0.80779,1.13,2.25
2011.06.28 01:01:13.621,0.80769,0.80779,1.13,1.88
2011.06.28 01:01:19.706,0.80767,0.80776,2.25,1.13
2011.06.28 01:01:19.932,0.80765,0.80776,6.00,1.13
2011.06.28 01:01:20.479,0.80765,0.80777,1.13,3.98
2011.06.28 01:01:21.911,0.80765,0.80775,1.13,2.10
2011.06.28 01:01:22.026,0.80763,0.80773,1.88,1.13
2011.06.28 01:01:22.252,0.80765,0.80775,4.50,2.85
2011.06.28 01:01:23.720,0.80763,0.80773,2.63,1.13
2011.06.28 01:01:24.160,0.80762,0.80773,2.25,1.73
2011.06.28 01:01:24.822,0.80765,0.80774,1.13,5.85
2011.06.28 01:01:25.371,0.80766,0.80775,1.50,1.13
2011.06.28 01:01:25.481,0.80766,0.80776,1.50,5.25
2011.06.28 01:01:26.141,0.80764,0.80773,5.25,1.13
2011.06.28 01:01:26.488,0.80763,0.80774,3.00,2.85
2011.06.28 01:01:27.372,0.80767,0.80776,1.13,1.50
2011.06.28 01:01:30.862,0.80764,0.80772,4.50,1.35
2011.06.28 01:01:31.082,0.80761,0.8077,5.25,1.13
2011.06.28 01:01:31.633,0.8076,0.8077,1.88,1.13
2011.06.28 01:01:32.181,0.80761,0.80771,1.13,3.98
2011.06.28 01:01:32.623,0.80764,0.80771,1.13,1.35
2011.06.28 01:01:32.742,0.8076,0.8077,3.00,1.35
2011.06.28 01:01:32.852,0.80761,0.8077,1.13,1.35
2011.06.28 01:01:33.661,0.80762,0.80771,6.00,1.13
2011.06.28 01:01:36.682,0.80762,0.8077,4.50,1.13
2011.06.28 01:01:37.891,0.80762,0.80772,1.50,2.10
2011.06.28 01:01:38.110,0.80762,0.80772,1.50,1.35
2011.06.28 01:01:39.164,0.80766,0.80774,1.13,1.50
2011.06.28 01:01:39.501,0.80767,0.80775,1.50,1.35
2011.06.28 01:01:39.943,0.80769,0.80779,1.13,1.13
2011.06.28 01:01:40.173,0.80768,0.80777,1.50,3.75
2011.06.28 01:01:40.292,0.80768,0.80774,1.50,1.50
2011.06.28 01:01:40.510,0.80763,0.80772,2.25,1.13
2011.06.28 01:01:40.843,0.80765,0.80775,1.50,2.85
2011.06.28 01:01:41.072,0.80766,0.80776,1.88,1.13
2011.06.28 01:01:45.351,0.80764,0.80772,2.25,1.13
2011.06.28 01:01:45.463,0.80766,0.80775,1.88,5.25
2011.06.28 01:01:45.692,0.80764,0.80774,2.25,1.13
2011.06.28 01:01:46.239,0.80763,0.80774,2.25,1.13
2011.06.28 01:01:46.831,0.80763,0.80771,1.50,1.13
2011.06.28 01:01:47.381,0.80765,0.80774,1.88,1.50
2011.06.28 01:01:47.494,0.80766,0.80775,1.50,5.63
2011.06.28 01:01:47.722,0.80767,0.80777,1.13,4.50
2011.06.28 01:01:49.203,0.80765,0.80774,2.25,1.13
2011.06.28 01:01:49.541,0.80762,0.80773,3.00,1.88
2011.06.28 01:01:50.310,0.80762,0.80773,1.50,1.88
2011.06.28 01:01:50.865,0.80761,0.80771,1.50,1.73
2011.06.28 01:01:51.204,0.80762,0.80773,1.88,2.25
2011.06.28 01:01:51.761,0.80763,0.80773,2.25,1.50
2011.06.28 01:01:53.741,0.80764,0.80773,1.13,5.25
2011.06.28 01:01:54.291,0.80766,0.80776,1.50,2.10
2011.06.28 01:01:54.400,0.80766,0.80776,1.50,1.35
2011.06.28 01:01:59.751,0.80766,0.80776,2.63,1.13
2011.06.28 01:02:00.743,0.80765,0.80775,1.50,1.88
2011.06.28 01:02:01.301,0.80765,0.80775,1.50,5.63
2011.06.28 01:02:01.886,0.80765,0.80774,1.50,1.13
2011.06.28 01:02:02.442,0.80764,0.80773,1.50,1.73
2011.06.28 01:02:03.885,0.80761,0.80769,3.75,1.13
2011.06.28 01:02:04.440,0.80758,0.80769,1.50,1.73
2011.06.28 01:02:04.989,0.80758,0.80768,1.50,1.35
2011.06.28 01:02:07.410,0.80758,0.80769,3.00,4.88
2011.06.28 01:02:07.745,0.80761,0.8077,1.88,5.10
2011.06.28 01:02:08.080,0.80763,0.80772,1.13,2.10
2011.06.28 01:02:09.212,0.80761,0.80771,3.00,1.50
2011.06.28 01:02:10.874,0.80761,0.80771,3.00,1.50
2011.06.28 01:02:11.873,0.80763,0.80772,1.13,1.50
2011.06.28 01:02:12.211,0.80761,0.80771,2.25,1.50
2011.06.28 01:02:17.275,0.80761,0.8077,1.50,1.88
2011.06.28 01:02:17.832,0.80761,0.8077,1.50,1.88
2011.06.28 01:02:19.863,0.80761,0.80772,1.88,2.25
2011.06.28 01:02:20.522,0.80758,0.8077,1.50,3.75
2011.06.28 01:02:20.633,0.80757,0.80766,2.25,1.13
2011.06.28 01:02:20.860,0.8076,0.80769,1.50,1.13
2011.06.28 01:02:21.411,0.8076,0.80769,1.50,1.13
2011.06.28 01:02:22.993,0.80759,0.80766,1.50,1.13
2011.06.28 01:02:23.333,0.80757,0.80767,2.63,1.13
2011.06.28 01:02:25.004,0.80756,0.80763,1.50,1.13
2011.06.28 01:02:25.124,0.80757,0.80766,1.88,6.00
2011.06.28 01:02:26.980,0.80757,0.80766,1.88,1.50
2011.06.28 01:02:27.642,0.80753,0.80763,5.25,1.13
2011.06.28 01:02:27.755,0.80752,0.80761,5.25,1.13
2011.06.28 01:02:30.682,0.80753,0.80764,6.00,1.88
2011.06.28 01:02:30.792,0.80753,0.80764,6.75,1.88
2011.06.28 01:02:31.672,0.8076,0.80768,1.50,7.50
2011.06.28 01:02:31.782,0.8076,0.80768,1.50,4.50
2011.06.28 01:02:32.552,0.80759,0.80769,3.00,1.50
2011.06.28 01:02:33.101,0.80759,0.80769,2.25,1.50
2011.06.28 01:02:33.654,0.8076,0.8077,1.50,1.13
2011.06.28 01:02:34.871,0.8076,0.8077,1.50,1.13
2011.06.28 01:02:38.002,0.80758,0.80768,2.25,1.88
2011.06.28 01:02:38.335,0.80757,0.80768,2.25,1.13
2011.06.28 01:02:38.916,0.80757,0.80768,1.50,1.13
2011.06.28 01:03:00.881,0.80757,0.80768,2.29,1.13
2011.06.28 01:03:01.499,0.80757,0.80768,2.48,1.13
2011.06.28 01:03:02.184,0.80757,0.80768,2.25,1.13
2011.06.28 01:03:14.182,0.80757,0.80768,3.00,1.13
2011.06.28 01:03:15.060,0.80758,0.80769,1.50,1.13
2011.06.28 01:03:17.730,0.80757,0.80767,6.75,1.13
2011.06.28 01:03:22.320,0.80758,0.80767,1.50,1.13
2011.06.28 01:03:24.581,0.80759,0.80768,1.50,1.13
2011.06.28 01:03:27.392,0.80759,0.8077,1.50,2.63
2011.06.28 01:03:43.230,0.80758,0.80769,1.50,1.13
2011.06.28 01:04:00.720,0.80758,0.80769,2.25,1.88
2011.06.28 01:04:06.371,0.80758,0.80769,2.25,1.88
2011.06.28 01:04:07.363,0.80758,0.80767,1.50,1.13
2011.06.28 01:04:08.133,0.80758,0.80767,2.25,1.13
2011.06.28 01:04:08.539,0.8076,0.8077,1.50,1.13
2011.06.28 01:04:09.092,0.8076,0.8077,1.50,1.13
2011.06.28 01:04:10.085,0.80761,0.80772,2.25,1.50
2011.06.28 01:04:10.422,0.80763,0.80773,1.50,1.13
2011.06.28 01:04:10.643,0.80763,0.80775,3.00,1.13
2011.06.28 01:04:11.202,0.80764,0.80774,6.00,1.13
2011.06.28 01:04:11.311,0.80765,0.80776,1.13,2.10
2011.06.28 01:04:15.071,0.80764,0.80776,5.25,1.88
2011.06.28 01:04:15.624,0.80765,0.80776,1.13,7.35
2011.06.28 01:04:17.061,0.80765,0.80776,1.13,5.25
2011.06.28 01:04:29.683,0.80771,0.80777,1.50,4.50
2011.06.28 01:04:35.111,0.80768,0.80777,1.50,1.88
2011.06.28 01:04:35.440,0.8077,0.80778,1.50,1.50
2011.06.28 01:04:37.350,0.80771,0.80781,1.50,5.63
2011.06.28 01:04:38.780,0.80771,0.80781,1.50,1.13
2011.06.28 01:04:46.381,0.8077,0.8078,2.63,1.13
2011.06.28 01:04:46.932,0.80766,0.80777,1.50,1.13
2011.06.28 01:04:48.933,0.80765,0.80774,2.25,1.13
2011.06.28 01:04:52.112,0.80769,0.80777,1.50,1.13
2011.06.28 01:04:52.333,0.80768,0.80777,2.25,1.13
2011.06.28 01:04:52.441,0.80768,0.80775,1.50,1.13
2011.06.28 01:04:56.782,0.80767,0.80776,1.50,1.13
2011.06.28 01:04:57.992,0.80768,0.80778,1.50,1.50
2011.06.28 01:04:59.333,0.80768,0.80779,2.63,2.25
2011.06.28 01:04:59.662,0.80772,0.8078,1.13,1.35
2011.06.28 01:04:59.882,0.80772,0.80781,1.88,1.50
2011.06.28 01:05:00.871,0.80772,0.80781,1.13,5.81
2011.06.28 01:05:01.531,0.80772,0.80781,1.13,6.36
2011.06.28 01:05:02.161,0.80771,0.80781,1.50,6.36
2011.06.28 01:05:02.386,0.8077,0.80778,1.50,1.13
2011.06.28 01:05:02.508,0.80768,0.80778,1.13,1.13
2011.06.28 01:05:09.602,0.8077,0.8078,1.13,3.00
2011.06.28 01:05:10.151,0.8077,0.80781,2.25,4.88
2011.06.28 01:05:10.480,0.80772,0.80781,1.50,4.88
2011.06.28 01:05:19.874,0.8077,0.80781,3.00,4.50
2011.06.28 01:05:26.804,0.80772,0.80781,1.50,4.88
2011.06.28 01:05:27.144,0.8077,0.80781,1.50,4.88
2011.06.28 01:05:27.701,0.8077,0.8078,1.50,5.25
2011.06.28 01:05:31.103,0.80772,0.80782,1.50,2.25
2011.06.28 01:05:33.619,0.80772,0.80782,1.50,1.50
2011.06.28 01:05:40.870,0.80772,0.80783,1.50,6.98
2011.06.28 01:05:41.859,0.80773,0.80783,1.50,5.85
2011.06.28 01:05:42.412,0.80773,0.80783,2.66,1.35
2011.06.28 01:05:42.960,0.80773,0.80784,2.25,1.13
2011.06.28 01:05:43.511,0.80774,0.80784,1.50,1.13
2011.06.28 01:05:45.002,0.80778,0.80786,1.13,3.75
2011.06.28 01:05:45.552,0.80778,0.80788,1.13,1.73
2011.06.28 01:05:46.212,0.80779,0.80788,1.50,1.13
2011.06.28 01:05:46.431,0.80779,0.80788,1.50,1.13
2011.06.28 01:05:48.171,0.80779,0.80788,1.50,3.23
2011.06.28 01:05:48.392,0.80777,0.80787,2.63,1.13
2011.06.28 01:05:50.174,0.80776,0.80786,1.50,1.50
2011.06.28 01:05:51.813,0.80776,0.80784,1.50,1.88
2011.06.28 01:05:51.933,0.80774,0.80784,2.25,1.88
2011.06.28 01:05:53.133,0.80774,0.80785,2.63,5.25
2011.06.28 01:05:53.352,0.80775,0.80786,1.50,1.73
2011.06.28 01:05:53.682,0.80773,0.80784,7.16,1.88
2011.06.28 01:05:58.611,0.80775,0.80784,1.88,1.50
2011.06.28 01:06:00.771,0.80778,0.80787,1.88,3.75
2011.06.28 01:06:01.110,0.80778,0.8079,2.63,5.25
2011.06.28 01:06:01.658,0.80779,0.8079,1.13,4.50
2011.06.28 01:06:01.770,0.80778,0.80789,1.50,1.50
2011.06.28 01:06:03.208,0.80776,0.80788,2.63,6.23
2011.06.28 01:06:03.760,0.80776,0.80787,2.63,1.13
2011.06.28 01:06:07.759,0.80775,0.80785,1.50,1.50
2011.06.28 01:06:08.409,0.80774,0.80784,1.50,2.63
2011.06.28 01:06:10.648,0.80773,0.80783,1.91,1.50
2011.06.28 01:06:10.979,0.80775,0.80783,1.50,1.50
2011.06.28 01:06:11.309,0.80776,0.80783,1.50,1.50
2011.06.28 01:06:11.529,0.80773,0.80783,2.66,1.50
2011.06.28 01:06:13.972,0.80773,0.80783,2.25,1.50
2011.06.28 01:06:14.528,0.80774,0.80783,1.50,1.50
2011.06.28 01:06:15.349,0.80774,0.80784,2.25,2.10
2011.06.28 01:06:17.176,0.80775,0.80785,1.50,2.25
2011.06.28 01:06:17.620,0.80776,0.80787,1.50,2.25
2011.06.28 01:06:17.950,0.80778,0.80788,1.13,2.25
2011.06.28 01:06:31.041,0.80775,0.80786,2.25,1.88
2011.06.28 01:06:31.162,0.80774,0.80783,3.00,1.50
2011.06.28 01:06:32.171,0.80778,0.80786,1.13,5.25
2011.06.28 01:06:32.290,0.80777,0.80786,3.75,2.63
2011.06.28 01:06:32.399,0.80776,0.80785,1.50,1.50
2011.06.28 01:06:32.729,0.80777,0.80786,1.13,3.00
2011.06.28 01:06:32.839,0.80777,0.80786,1.13,1.50
2011.06.28 01:06:34.190,0.80776,0.80786,1.88,1.50
2011.06.28 01:06:35.880,0.80778,0.80786,1.13,1.50
2011.06.28 01:06:36.098,0.80778,0.80788,1.13,1.50
2011.06.28 01:06:46.481,0.8078,0.80788,1.13,1.50
2011.06.28 01:06:46.919,0.80778,0.80788,1.88,1.88
2011.06.28 01:06:49.710,0.80779,0.80787,1.50,1.50
2011.06.28 01:06:50.149,0.80778,0.80787,1.13,2.10
2011.06.28 01:06:54.279,0.8078,0.80787,1.50,2.10
2011.06.28 01:06:54.499,0.80778,0.80787,1.88,2.10
2011.06.28 01:06:59.570,0.80776,0.80787,1.50,2.85
2011.06.28 01:06:59.683,0.80776,0.80787,1.50,3.60
2011.06.28 01:07:02.364,0.80776,0.80784,1.50,1.50
2011.06.28 01:07:02.592,0.80775,0.80785,5.66,1.50
2011.06.28 01:07:02.713,0.80779,0.80785,1.50,1.50
2011.06.28 01:07:02.940,0.80774,0.80785,1.88,1.50
2011.06.28 01:07:03.600,0.80773,0.80784,6.38,2.63
2011.06.28 01:07:03.821,0.80773,0.8078,1.50,1.50
2011.06.28 01:07:04.040,0.8077,0.8078,1.50,1.50
2011.06.28 01:07:07.669,0.8077,0.8078,1.50,1.50
2011.06.28 01:07:07.780,0.8077,0.80779,1.50,1.13
2011.06.28 01:07:08.329,0.80769,0.80779,1.88,1.88
2011.06.28 01:07:13.958,0.80771,0.8078,1.13,2.25
2011.06.28 01:07:14.291,0.80774,0.80783,1.13,1.50
2011.06.28 01:07:15.459,0.80776,0.80784,3.75,1.13
2011.06.28 01:07:16.091,0.80779,0.80788,1.13,3.00
2011.06.28 01:07:18.924,0.80778,0.80787,1.13,1.50
2011.06.28 01:07:19.160,0.80775,0.80784,1.88,1.50
2011.06.28 01:07:19.273,0.80773,0.80783,1.50,1.13
2011.06.28 01:07:22.529,0.80777,0.80784,1.13,1.50
2011.06.28 01:07:22.750,0.80774,0.80784,4.50,1.88
2011.06.28 01:07:22.970,0.80774,0.80784,3.75,1.88
2011.06.28 01:07:23.592,0.80773,0.80784,1.50,1.88
2011.06.28 01:07:24.740,0.80775,0.80784,1.13,2.25
2011.06.28 01:07:25.071,0.80773,0.80784,2.25,2.63
2011.06.28 01:07:25.510,0.80775,0.80784,1.13,4.50
2011.06.28 01:07:25.843,0.80774,0.80784,4.50,2.25
2011.06.28 01:07:25.960,0.80773,0.80784,1.88,3.00
2011.06.28 01:07:27.199,0.80772,0.8078,1.50,1.13
2011.06.28 01:07:30.239,0.80773,0.80782,1.50,1.50
2011.06.28 01:07:30.350,0.80773,0.80783,1.50,1.50
2011.06.28 01:07:33.144,0.80774,0.80784,1.50,2.25
2011.06.28 01:07:33.370,0.80776,0.80785,1.13,5.10
2011.06.28 01:07:34.600,0.80777,0.80786,1.13,6.00
2011.06.28 01:07:37.289,0.80775,0.80786,1.13,1.50
2011.06.28 01:07:37.401,0.80774,0.80785,1.50,1.88
2011.06.28 01:07:37.621,0.80773,0.80782,1.13,1.50
2011.06.28 01:07:37.732,0.8077,0.8078,1.88,1.88
2011.06.28 01:07:41.012,0.8077,0.80781,4.50,2.10
2011.06.28 01:07:44.849,0.8077,0.80781,6.00,2.10
2011.06.28 01:07:46.670,0.8077,0.80781,6.00,2.10
2011.06.28 01:07:46.782,0.8077,0.8078,5.25,2.25
2011.06.28 01:07:47.011,0.8077,0.80779,4.50,1.88
2011.06.28 01:07:52.179,0.80769,0.80778,1.13,2.25
2011.06.28 01:07:52.728,0.80769,0.80778,1.13,2.25
2011.06.28 01:07:54.202,0.80768,0.80778,2.25,1.50
2011.06.28 01:07:57.090,0.80767,0.80777,5.63,1.73
2011.06.28 01:08:00.270,0.80766,0.80776,1.50,1.50
2011.06.28 01:08:01.259,0.80764,0.80776,5.25,4.73
2011.06.28 01:08:01.614,0.80764,0.80774,1.50,1.35
2011.06.28 01:08:02.720,0.80762,0.80772,6.38,1.88
2011.06.28 01:08:09.460,0.80762,0.8077,1.88,1.50
2011.06.28 01:08:09.693,0.8076,0.80769,3.75,2.10
2011.06.28 01:08:10.254,0.80759,0.80769,1.50,2.10
2011.06.28 01:08:11.030,0.80758,0.80768,5.25,1.88
2011.06.28 01:08:14.899,0.80758,0.80768,1.88,1.88
2011.06.28 01:08:16.350,0.80759,0.80768,1.13,1.50
2011.06.28 01:08:18.380,0.80759,0.80769,1.13,1.35
2011.06.28 01:08:18.601,0.80762,0.8077,1.88,1.50
2011.06.28 01:08:18.894,0.80762,0.80772,1.88,1.13
2011.06.28 01:08:22.462,0.80764,0.80773,1.13,1.50
2011.06.28 01:08:23.021,0.80764,0.80774,1.88,6.60
2011.06.28 01:08:25.220,0.80762,0.8077,1.50,1.13
2011.06.28 01:08:26.051,0.8076,0.8077,2.63,1.88
2011.06.28 01:08:31.042,0.80761,0.8077,1.50,1.13
2011.06.28 01:08:31.379,0.80762,0.80773,1.88,2.25
2011.06.28 01:08:38.889,0.80767,0.80773,1.13,1.50
2011.06.28 01:08:39.001,0.80767,0.80775,1.88,4.50
2011.06.28 01:08:39.223,0.80768,0.80777,1.13,1.50
2011.06.28 01:08:39.450,0.80768,0.80779,1.88,1.50
2011.06.28 01:08:40.000,0.80768,0.80778,1.88,1.50
2011.06.28 01:08:40.549,0.80767,0.80778,1.88,2.25
2011.06.28 01:08:43.489,0.80766,0.80776,1.50,1.50
2011.06.28 01:08:44.039,0.80765,0.80775,1.88,1.50
2011.06.28 01:08:45.749,0.80763,0.80773,1.50,1.50
2011.06.28 01:08:48.319,0.80765,0.80773,1.50,1.50
2011.06.28 01:08:48.430,0.80767,0.80778,1.88,3.00
2011.06.28 01:08:48.651,0.80769,0.80778,1.88,2.25
2011.06.28 01:08:52.179,0.8077,0.8078,1.13,1.50
2011.06.28 01:08:52.728,0.8077,0.8078,1.50,2.25
2011.06.28 01:08:57.039,0.80768,0.80779,2.25,1.88
2011.06.28 01:08:57.261,0.80768,0.80779,2.25,1.88
2011.06.28 01:08:57.370,0.80769,0.80779,1.13,1.50
2011.06.28 01:08:57.809,0.80768,0.80777,1.50,1.13
2011.06.28 01:09:00.732,0.80763,0.80773,8.25,1.13
2011.06.28 01:09:01.301,0.80762,0.80772,1.50,4.50
2011.06.28 01:09:05.300,0.80761,0.8077,1.50,1.13
2011.06.28 01:09:08.149,0.8076,0.8077,2.63,1.13
2011.06.28 01:09:14.619,0.80759,0.80769,1.13,1.13
2011.06.28 01:09:16.931,0.8076,0.80771,5.25,1.88
2011.06.28 01:09:28.971,0.80761,0.80773,1.13,1.88
2011.06.28 01:09:29.519,0.80763,0.80774,1.50,1.88
2011.06.28 01:09:30.179,0.80764,0.80774,1.13,1.50
2011.06.28 01:09:36.109,0.80765,0.80774,1.50,5.25
2011.06.28 01:09:36.548,0.80764,0.80776,1.50,3.38
2011.06.28 01:09:37.950,0.80764,0.80775,1.50,1.50
2011.06.28 01:09:38.060,0.80763,0.80772,2.25,1.13
2011.06.28 01:09:38.283,0.80764,0.80776,1.50,2.63
2011.06.28 01:09:41.801,0.80766,0.80776,1.13,1.88
2011.06.28 01:09:43.829,0.80763,0.80773,2.25,1.13
2011.06.28 01:09:44.160,0.80766,0.80775,1.13,1.50
2011.06.28 01:09:44.719,0.80766,0.80776,1.13,1.88
2011.06.28 01:09:48.670,0.80763,0.80775,1.13,2.63
2011.06.28 01:09:51.060,0.80763,0.80773,1.13,1.13
2011.06.28 01:09:58.849,0.80762,0.80772,3.75,1.88
2011.06.28 01:09:59.399,0.8076,0.80771,1.88,1.50
2011.06.28 01:10:01.021,0.80762,0.80773,1.13,5.25
2011.06.28 01:10:18.560,0.80762,0.8077,1.50,1.50
2011.06.28 01:10:20.530,0.80763,0.80773,1.13,1.50
2011.06.28 01:10:21.080,0.80763,0.80774,1.88,2.25
2011.06.28 01:10:21.300,0.80762,0.80772,2.25,1.50
2011.06.28 01:10:22.961,0.80763,0.80773,1.50,1.13
2011.06.28 01:10:23.510,0.80764,0.80775,2.25,1.50
2011.06.28 01:10:34.759,0.80766,0.80775,1.13,1.50
2011.06.28 01:10:36.688,0.80765,0.80775,1.50,1.88
2011.06.28 01:10:43.975,0.80764,0.80774,1.13,1.88
2011.06.28 01:10:46.200,0.80762,0.80774,1.88,5.63
2011.06.28 01:10:46.421,0.80765,0.80774,1.13,4.50
2011.06.28 01:10:46.751,0.80766,0.80776,1.50,1.50
2011.06.28 01:10:46.861,0.80767,0.80779,1.13,3.98
2011.06.28 01:10:47.192,0.80772,0.8078,1.13,1.50
2011.06.28 01:10:47.411,0.80773,0.80782,1.13,1.50
2011.06.28 01:10:47.521,0.80774,0.80784,1.50,1.50
2011.06.28 01:10:47.630,0.80772,0.80781,1.50,1.13
2011.06.28 01:10:48.178,0.80772,0.8078,1.50,1.50
2011.06.28 01:10:50.339,0.80771,0.8078,1.50,1.50
2011.06.28 01:11:07.159,0.80771,0.8078,1.50,1.50
2011.06.28 01:11:08.260,0.80772,0.80781,1.88,2.25
2011.06.28 01:11:08.813,0.80771,0.8078,3.00,1.50
2011.06.28 01:11:09.369,0.8077,0.8078,1.54,1.50
2011.06.28 01:11:09.701,0.80774,0.80784,1.13,1.50
2011.06.28 01:11:09.918,0.80774,0.80786,1.13,5.63
2011.06.28 01:11:20.912,0.80776,0.80786,1.13,1.59
2011.06.28 01:11:22.990,0.80784,0.8079,1.13,2.85
2011.06.28 01:11:23.213,0.80779,0.80787,4.35,1.50
2011.06.28 01:11:23.333,0.80782,0.80792,1.13,3.00
2011.06.28 01:11:23.563,0.80782,0.80792,1.13,2.25
2011.06.28 01:11:24.120,0.80781,0.80792,1.13,2.25
2011.06.28 01:11:25.665,0.80779,0.80788,1.50,1.13
2011.06.28 01:11:26.662,0.80775,0.80784,1.50,1.50
2011.06.28 01:11:26.892,0.80772,0.80781,1.50,1.50
2011.06.28 01:11:27.469,0.8077,0.80781,2.25,1.50
2011.06.28 01:11:27.801,0.80775,0.80782,1.13,3.75
2011.06.28 01:11:28.350,0.80775,0.80784,1.13,1.50
2011.06.28 01:11:29.460,0.80776,0.80785,4.50,1.13
2011.06.28 01:11:29.681,0.80778,0.80788,1.13,1.50
2011.06.28 01:11:32.601,0.80779,0.8079,1.13,1.50
2011.06.28 01:11:36.969,0.80777,0.80788,1.13,2.25
2011.06.28 01:11:39.843,0.80779,0.80788,1.13,2.25
2011.06.28 01:11:42.859,0.80779,0.80788,1.13,2.25
2011.06.28 01:11:43.411,0.80779,0.80788,1.13,1.50
2011.06.28 01:11:45.601,0.80781,0.80791,1.13,5.63
2011.06.28 01:11:48.040,0.80781,0.8079,1.13,1.50
2011.06.28 01:11:48.590,0.8078,0.80789,1.88,1.50
2011.06.28 01:11:51.412,0.80777,0.80783,4.50,1.50
2011.06.28 01:11:51.532,0.80775,0.80783,1.50,1.50
2011.06.28 01:11:51.652,0.80774,0.80781,1.88,1.50
2011.06.28 01:11:51.772,0.80772,0.80781,1.50,2.25
2011.06.28 01:11:52.329,0.8077,0.80781,1.50,2.25
2011.06.28 01:11:53.295,0.80769,0.80781,1.88,2.25
2011.06.28 01:11:59.210,0.8077,0.80779,1.13,1.50
2011.06.28 01:11:59.433,0.80768,0.80777,2.25,1.13
2011.06.28 01:12:02.743,0.80769,0.80779,1.13,2.25
2011.06.28 01:12:03.260,0.80769,0.80779,1.13,2.25
2011.06.28 01:12:09.732,0.80768,0.80777,2.25,1.13
2011.06.28 01:12:10.288,0.80767,0.80778,1.50,1.88
2011.06.28 01:12:14.530,0.80766,0.80777,1.13,2.25
2011.06.28 01:12:39.051,0.80764,0.80775,6.38,1.50
2011.06.28 01:12:40.639,0.80764,0.80775,2.63,2.63
2011.06.28 01:12:41.190,0.80764,0.80774,1.88,1.50
2011.06.28 01:12:44.739,0.80765,0.80773,1.13,1.50
2011.06.28 01:12:45.481,0.80764,0.80773,1.13,1.50
2011.06.28 01:12:54.870,0.80763,0.80775,1.88,1.50
2011.06.28 01:12:58.240,0.80764,0.80776,1.50,1.88
2011.06.28 01:13:01.789,0.80765,0.80775,1.13,1.13
2011.06.28 01:13:04.469,0.80765,0.80774,1.13,2.25
2011.06.28 01:13:06.590,0.80764,0.80774,1.13,2.25
2011.06.28 01:13:10.390,0.80764,0.80774,1.13,2.25
2011.06.28 01:13:51.050,0.80763,0.80774,1.50,2.63
2011.06.28 01:13:56.969,0.80763,0.80773,1.55,1.50
2011.06.28 01:14:05.390,0.80764,0.80774,1.17,2.25
2011.06.28 01:14:05.939,0.80764,0.80774,1.13,1.50
2011.06.28 01:14:07.341,0.80765,0.80775,1.13,2.25
2011.06.28 01:14:07.890,0.80767,0.80776,1.13,2.25
2011.06.28 01:14:11.899,0.80767,0.80776,1.13,3.00
2011.06.28 01:14:13.920,0.80767,0.80776,1.13,2.25
2011.06.28 01:14:22.910,0.80765,0.80775,1.50,1.13
2011.06.28 01:14:23.459,0.80764,0.80774,1.13,2.25
2011.06.28 01:14:27.519,0.80762,0.80773,5.63,2.25
2011.06.28 01:14:31.079,0.80763,0.80773,1.13,2.25
2011.06.28 01:14:33.171,0.80763,0.80774,6.04,1.50
2011.06.28 01:14:33.282,0.80768,0.80777,1.13,3.00
2011.06.28 01:14:38.945,0.80768,0.80777,1.13,1.50
2011.06.28 01:14:39.280,0.8077,0.8078,1.13,3.00
2011.06.28 01:14:40.518,0.8077,0.80779,1.13,1.50
2011.06.28 01:14:41.069,0.8077,0.80779,1.13,1.50
2011.06.28 01:14:50.091,0.80772,0.8078,1.13,2.25
2011.06.28 01:14:50.969,0.8077,0.8078,1.13,3.00
2011.06.28 01:14:51.481,0.80769,0.80779,1.13,2.25
2011.06.28 01:14:54.675,0.80769,0.80778,1.13,2.25
2011.06.28 01:14:55.671,0.80767,0.80777,1.13,1.50
2011.06.28 01:14:55.782,0.80766,0.80776,1.50,1.50
2011.06.28 01:14:58.652,0.80764,0.80773,1.13,2.25
2011.06.28 01:15:06.090,0.80763,0.80772,1.13,2.25
2011.06.28 01:15:06.530,0.8076,0.80772,1.20,2.25
2011.06.28 01:15:08.509,0.8076,0.80771,1.20,1.13
2011.06.28 01:15:08.625,0.80759,0.80771,6.08,1.88
2011.06.28 01:15:12.344,0.80759,0.8077,1.58,4.88
2011.06.28 01:15:14.305,0.80758,0.80769,1.65,1.13
2011.06.28 01:15:20.869,0.80758,0.80769,2.25,1.13
2011.06.28 01:15:21.444,0.80758,0.80769,2.40,1.13
2011.06.28 01:15:29.419,0.80758,0.80768,2.25,1.50
2011.06.28 01:15:29.930,0.80758,0.80769,2.25,1.88
2011.06.28 01:15:31.844,0.80758,0.80769,2.33,1.88
2011.06.28 01:15:32.313,0.80758,0.80769,2.40,1.88
2011.06.28 01:15:36.335,0.80758,0.80768,1.65,1.13
2011.06.28 01:15:37.882,0.80758,0.80767,2.25,1.50
2011.06.28 01:15:38.430,0.80758,0.80768,2.25,1.13
2011.06.28 01:15:40.830,0.80758,0.80767,1.50,2.25
2011.06.28 01:15:43.140,0.80759,0.80767,1.50,1.50
2011.06.28 01:15:46.981,0.80758,0.80766,1.50,1.13
2011.06.28 01:15:50.375,0.80757,0.80766,1.50,1.13
2011.06.28 01:15:53.621,0.80758,0.80766,1.50,1.13
2011.06.28 01:15:57.860,0.80758,0.80768,1.50,1.13
2011.06.28 01:15:58.732,0.80757,0.80766,1.50,1.13
2011.06.28 01:16:00.129,0.80758,0.80766,1.50,1.13
2011.06.28 01:16:04.869,0.80758,0.80767,2.25,1.73
2011.06.28 01:16:05.860,0.80758,0.80767,2.25,1.35
2011.06.28 01:16:07.099,0.80758,0.80766,1.50,1.13
2011.06.28 01:16:09.180,0.80759,0.80767,1.50,1.35
2011.06.28 01:16:09.741,0.80759,0.80769,1.50,1.13
2011.06.28 01:16:13.202,0.80758,0.80767,2.25,1.13
2011.06.28 01:16:22.701,0.80758,0.80769,2.25,1.13
2011.06.28 01:16:23.691,0.80759,0.8077,1.50,1.73
2011.06.28 01:16:26.899,0.80759,0.80768,2.25,1.13
2011.06.28 01:16:30.530,0.80758,0.80768,1.50,1.88
2011.06.28 01:16:31.192,0.80758,0.80767,1.50,1.13
2011.06.28 01:16:32.191,0.80758,0.80768,1.50,1.13
2011.06.28 01:16:33.482,0.80758,0.80769,2.63,1.13
2011.06.28 01:16:39.111,0.80758,0.80768,1.50,1.13
2011.06.28 01:16:44.116,0.80757,0.80767,6.75,1.13
2011.06.28 01:16:44.670,0.80757,0.80767,1.50,1.13
2011.06.28 01:16:45.331,0.80757,0.80768,1.50,1.50
2011.06.28 01:16:49.304,0.80757,0.80766,1.50,1.13
2011.06.28 01:16:49.642,0.80756,0.80764,3.75,1.13
2011.06.28 01:16:50.200,0.80753,0.80764,6.00,1.13
2011.06.28 01:17:02.190,0.80753,0.80764,5.25,1.13
2011.06.28 01:17:12.672,0.80756,0.80765,1.50,1.13
2011.06.28 01:17:13.219,0.80756,0.80766,4.50,1.73
2011.06.28 01:17:18.685,0.80756,0.80765,5.25,1.13
2011.06.28 01:17:19.241,0.80753,0.80764,2.25,1.13
2011.06.28 01:17:24.735,0.80753,0.80763,1.50,1.73
2011.06.28 01:17:26.340,0.80753,0.8076,1.50,1.13
2011.06.28 01:17:26.891,0.8075,0.8076,1.50,1.13
2011.06.28 01:17:27.449,0.8075,0.80761,3.75,1.13
2011.06.28 01:17:30.129,0.80753,0.80762,1.50,1.13
2011.06.28 01:17:30.459,0.80753,0.80762,2.25,1.13
2011.06.28 01:17:31.124,0.80754,0.80763,1.50,1.13
2011.06.28 01:17:43.131,0.80755,0.80767,6.98,1.50
2011.06.28 01:17:43.564,0.80758,0.80769,1.88,5.63
2011.06.28 01:17:48.571,0.80758,0.80768,1.50,1.13
2011.06.28 01:17:49.999,0.80758,0.80767,1.50,1.13
2011.06.28 01:17:50.332,0.80756,0.80764,1.50,1.13
2011.06.28 01:17:52.540,0.80755,0.80765,1.50,1.13
2011.06.28 01:18:02.833,0.80755,0.80765,3.75,1.13
2011.06.28 01:18:04.602,0.80755,0.80761,3.75,1.13
2011.06.28 01:18:04.711,0.80752,0.80761,6.00,1.13
2011.06.28 01:18:13.829,0.80752,0.80762,6.00,1.13
2011.06.28 01:18:17.871,0.80752,0.8076,5.25,1.13
2011.06.28 01:18:18.420,0.80751,0.8076,1.50,1.13
2011.06.28 01:18:35.680,0.80748,0.80753,2.48,1.50
2011.06.28 01:18:35.901,0.80743,0.80753,1.50,1.50
2011.06.28 01:18:36.012,0.80742,0.80751,6.00,1.13
2011.06.28 01:18:36.600,0.80742,0.8075,1.50,1.13
2011.06.28 01:18:37.370,0.80742,0.80751,1.50,1.13
2011.06.28 01:18:41.101,0.8074,0.80749,2.25,1.13
2011.06.28 01:18:41.984,0.80746,0.80753,1.13,6.75
2011.06.28 01:18:42.251,0.80743,0.80752,4.50,1.13
2011.06.28 01:18:42.382,0.80745,0.80754,1.13,1.50
2011.06.28 01:18:42.716,0.80744,0.80753,1.50,1.13
2011.06.28 01:18:43.274,0.80742,0.80751,1.50,1.13
2011.06.28 01:18:50.781,0.80744,0.80755,1.50,1.88
2011.06.28 01:18:58.224,0.80742,0.80751,1.50,1.13
2011.06.28 01:18:59.443,0.80741,0.8075,2.25,1.13
2011.06.28 01:19:07.310,0.8074,0.8075,1.50,1.13
2011.06.28 01:19:07.860,0.8074,0.80751,1.50,1.13
2011.06.28 01:19:09.080,0.80745,0.80753,1.13,5.25
2011.06.28 01:19:09.193,0.80745,0.80756,6.38,2.63
2011.06.28 01:19:09.412,0.80743,0.80755,1.50,1.88
2011.06.28 01:19:09.741,0.80744,0.80755,2.25,1.13
2011.06.28 01:19:10.292,0.80744,0.80752,1.50,1.13
2011.06.28 01:19:14.972,0.80746,0.80757,5.25,5.25
2011.06.28 01:19:15.520,0.80747,0.80758,2.25,1.13
2011.06.28 01:19:16.183,0.80748,0.80759,2.63,1.13
2011.06.28 01:19:20.761,0.80747,0.80759,6.00,1.13
2011.06.28 01:19:43.601,0.80747,0.80758,6.00,1.50
2011.06.28 01:19:43.931,0.80744,0.80755,2.25,1.88
2011.06.28 01:19:44.268,0.80751,0.80758,1.50,1.13
2011.06.28 01:19:44.547,0.80752,0.8076,1.88,3.75
2011.06.28 01:19:44.682,0.80751,0.80761,1.50,1.88
2011.06.28 01:19:48.174,0.80749,0.8076,5.63,1.88
2011.06.28 01:19:48.512,0.80749,0.8076,1.50,2.63
2011.06.28 01:19:49.720,0.8075,0.8076,1.13,2.63
2011.06.28 01:19:53.481,0.80751,0.8076,1.13,1.50
2011.06.28 01:19:55.982,0.80749,0.8076,1.88,1.50
2011.06.28 01:20:25.131,0.80749,0.8076,2.10,2.63
2011.06.28 01:20:31.921,0.80749,0.8076,1.58,1.88
2011.06.28 01:20:36.276,0.80756,0.80764,1.13,5.63
2011.06.28 01:20:36.392,0.80756,0.80764,1.13,1.50
2011.06.28 01:20:36.831,0.80756,0.80764,1.13,1.50
2011.06.28 01:20:36.944,0.80754,0.80761,3.75,1.88
2011.06.28 01:20:37.172,0.80751,0.80761,1.95,1.88
2011.06.28 01:20:37.720,0.80751,0.80762,1.88,1.88
2011.06.28 01:20:39.130,0.80751,0.80761,1.88,1.13
2011.06.28 01:20:42.912,0.80755,0.80764,1.13,1.50
2011.06.28 01:20:43.131,0.80757,0.80766,1.13,2.25
2011.06.28 01:20:47.260,0.80753,0.80764,2.66,1.13
2011.06.28 01:20:47.591,0.80752,0.80762,1.50,1.13
2011.06.28 01:20:48.140,0.80753,0.80763,1.50,1.88
2011.06.28 01:21:10.091,0.80755,0.80763,3.75,1.13
2011.06.28 01:21:10.200,0.80753,0.80763,6.75,1.13
2011.06.28 01:21:10.641,0.80756,0.80766,1.13,1.50
2011.06.28 01:21:11.972,0.80756,0.80766,1.13,1.50
2011.06.28 01:21:12.084,0.80752,0.80764,2.25,2.63
2011.06.28 01:21:13.272,0.80752,0.80762,1.50,1.88
2011.06.28 01:21:20.872,0.80751,0.80761,1.50,1.50
2011.06.28 01:21:21.420,0.80751,0.80761,2.25,1.50
2011.06.28 01:21:23.321,0.80752,0.80764,5.25,1.88
2011.06.28 01:21:25.940,0.80752,0.80761,1.50,1.88
2011.06.28 01:21:26.381,0.80752,0.80764,1.50,3.38
2011.06.28 01:21:28.710,0.80752,0.80762,5.25,1.13
2011.06.28 01:21:30.039,0.80752,0.80763,5.63,1.13
2011.06.28 01:21:31.712,0.80757,0.80764,1.13,1.50
2011.06.28 01:21:32.261,0.8076,0.80768,1.13,2.25
2011.06.28 01:21:32.484,0.8076,0.80769,1.13,1.50
2011.06.28 01:21:33.258,0.80761,0.80771,1.13,1.13
2011.06.28 01:21:33.595,0.80763,0.80772,1.13,2.85
2011.06.28 01:21:33.943,0.80763,0.80774,1.13,2.25
2011.06.28 01:21:34.171,0.80765,0.80774,1.13,1.50
2011.06.28 01:21:34.722,0.80765,0.80775,1.13,2.63
2011.06.28 01:21:36.703,0.80764,0.80774,1.50,1.13
2011.06.28 01:21:37.142,0.80761,0.80771,1.50,1.50
2011.06.28 01:21:38.256,0.8076,0.80771,1.88,2.25
2011.06.28 01:21:40.371,0.8076,0.8077,1.88,1.13
2011.06.28 01:21:40.924,0.80759,0.80769,1.50,1.13
2011.06.28 01:21:41.702,0.80761,0.80771,1.13,1.50
2011.06.28 01:21:42.251,0.80761,0.80772,1.13,2.25
2011.06.28 01:21:42.801,0.80761,0.80772,1.88,1.50
2011.06.28 01:21:43.130,0.80763,0.80772,1.13,1.50
2011.06.28 01:21:45.751,0.80761,0.8077,1.50,1.88
2011.06.28 01:21:45.972,0.80758,0.80769,1.88,1.88
2011.06.28 01:21:47.200,0.80758,0.80768,1.13,1.50
2011.06.28 01:21:48.855,0.80756,0.80765,1.50,1.13
2011.06.28 01:21:49.415,0.80755,0.80765,1.13,1.88
2011.06.28 01:21:49.538,0.80756,0.80767,1.13,6.00
2011.06.28 01:21:49.766,0.80761,0.80769,1.13,1.50
2011.06.28 01:21:49.884,0.80761,0.8077,1.13,1.50
2011.06.28 01:21:50.002,0.80758,0.80768,1.88,3.75
2011.06.28 01:21:50.332,0.80757,0.80767,1.50,1.50
2011.06.28 01:21:57.590,0.80757,0.80768,1.88,1.50
2011.06.28 01:21:59.382,0.8076,0.80769,1.13,5.25
2011.06.28 01:21:59.710,0.8076,0.80769,1.13,5.25
2011.06.28 01:22:03.611,0.8076,0.80771,1.13,6.00
2011.06.28 01:22:10.821,0.8076,0.80771,1.13,5.25
2011.06.28 01:22:27.810,0.80764,0.80771,1.50,1.50
2011.06.28 01:22:28.142,0.80769,0.80776,1.13,1.50
2011.06.28 01:22:28.802,0.80765,0.80775,1.88,2.63
2011.06.28 01:22:29.133,0.80769,0.80776,1.13,2.32
2011.06.28 01:22:29.350,0.80767,0.80775,1.50,4.50
2011.06.28 01:22:29.902,0.80769,0.80776,1.13,1.50
2011.06.28 01:22:30.232,0.80767,0.80776,1.88,1.50
2011.06.28 01:22:30.343,0.80769,0.80778,1.13,1.12
2011.06.28 01:22:30.563,0.80767,0.80776,1.13,5.32
2011.06.28 01:22:31.122,0.80768,0.80777,1.13,1.87
2011.06.28 01:22:31.342,0.80766,0.80777,1.88,1.87
2011.06.28 01:22:31.453,0.80769,0.80778,1.13,1.12
2011.06.28 01:22:31.781,0.80766,0.80777,4.88,1.87
2011.06.28 01:22:31.893,0.80768,0.80776,1.13,4.57
2011.06.28 01:22:32.233,0.80766,0.80776,1.88,4.57
2011.06.28 01:22:32.344,0.80771,0.80776,1.13,4.50
2011.06.28 01:22:32.462,0.80769,0.80779,1.13,1.50
2011.06.28 01:22:32.817,0.80766,0.80776,1.13,1.88
2011.06.28 01:22:33.373,0.80767,0.80776,1.13,1.50
2011.06.28 01:22:33.931,0.80768,0.80778,1.88,1.50
2011.06.28 01:22:36.252,0.80766,0.80774,4.50,1.13
2011.06.28 01:22:36.582,0.80765,0.80776,1.88,5.25
2011.06.28 01:22:39.622,0.80765,0.80776,1.88,6.30
2011.06.28 01:22:39.731,0.80765,0.80776,1.88,6.30
2011.06.28 01:22:41.963,0.80763,0.80776,1.13,5.63
2011.06.28 01:22:42.073,0.80763,0.80773,1.13,1.13
2011.06.28 01:22:56.191,0.80764,0.80773,1.13,1.50
2011.06.28 01:23:09.493,0.80766,0.80775,1.13,2.25
2011.06.28 01:23:09.614,0.80766,0.80776,1.13,2.63
2011.06.28 01:23:11.222,0.80765,0.80775,1.88,1.13
2011.06.28 01:23:14.463,0.80766,0.80776,1.13,1.50
2011.06.28 01:23:14.574,0.80768,0.80777,1.13,1.50
2011.06.28 01:23:15.130,0.80768,0.80778,1.88,1.50
2011.06.28 01:23:17.351,0.80771,0.8078,1.13,2.25
2011.06.28 01:23:17.684,0.80772,0.80781,1.50,1.13
2011.06.28 01:23:17.801,0.80774,0.80783,1.13,2.25
2011.06.28 01:23:17.912,0.80774,0.80785,1.13,1.50
2011.06.28 01:23:18.133,0.80779,0.80788,1.13,1.50
2011.06.28 01:23:18.360,0.80779,0.80789,1.13,1.88
2011.06.28 01:23:21.450,0.80776,0.80784,3.75,1.13
2011.06.28 01:23:21.891,0.80779,0.80786,1.13,4.50
2011.06.28 01:23:22.772,0.80778,0.80787,1.13,1.50
2011.06.28 01:23:24.311,0.80777,0.80786,1.13,1.50
2011.06.28 01:23:24.641,0.80773,0.80785,2.63,1.88
2011.06.28 01:23:29.253,0.80772,0.80783,1.50,1.88
2011.06.28 01:23:29.802,0.80771,0.80781,1.50,1.13
2011.06.28 01:23:30.351,0.8077,0.8078,1.50,1.13
2011.06.28 01:23:37.731,0.80768,0.80779,1.50,1.13
2011.06.28 01:23:41.911,0.80767,0.80779,6.00,1.13
2011.06.28 01:23:44.112,0.80767,0.80777,4.50,1.13
2011.06.28 01:23:48.731,0.80767,0.80777,4.50,1.13
2011.06.28 01:24:08.582,0.80767,0.80777,1.50,1.13
2011.06.28 01:24:13.886,0.80768,0.8078,2.25,1.88
2011.06.28 01:24:18.001,0.80768,0.8078,2.25,1.88
2011.06.28 01:24:21.681,0.8077,0.8078,1.13,1.50
2011.06.28 01:24:22.011,0.80769,0.80779,6.00,1.13
2011.06.28 01:24:25.063,0.8077,0.8078,4.50,1.50
2011.06.28 01:24:25.622,0.80769,0.8078,1.50,2.63
2011.06.28 01:24:28.460,0.80769,0.80781,3.38,2.25
2011.06.28 01:24:30.602,0.80768,0.8078,4.88,1.13
2011.06.28 01:24:40.891,0.80768,0.80777,2.25,1.13
2011.06.28 01:24:41.604,0.80767,0.80777,2.25,1.13
2011.06.28 01:24:42.780,0.80767,0.8078,1.88,2.25
2011.06.28 01:24:42.890,0.80767,0.80778,1.50,1.13
2011.06.28 01:24:45.535,0.80768,0.80779,1.13,1.50
2011.06.28 01:24:45.760,0.80768,0.80778,3.75,1.88
2011.06.28 01:24:49.372,0.80767,0.80779,6.38,1.88
2011.06.28 01:25:00.021,0.80767,0.80778,6.00,1.13
2011.06.28 01:25:00.130,0.80768,0.80778,1.13,1.13
2011.06.28 01:25:01.820,0.80768,0.80776,1.50,1.50
2011.06.28 01:25:01.941,0.80766,0.80776,1.50,1.50
2011.06.28 01:25:04.031,0.80763,0.80774,5.25,1.13
2011.06.28 01:25:07.102,0.80761,0.80772,2.25,1.13
2011.06.28 01:25:07.210,0.80761,0.80772,1.50,2.63
2011.06.28 01:25:08.611,0.80762,0.80772,1.13,1.50
2011.06.28 01:25:09.160,0.80762,0.80774,1.88,1.88
2011.06.28 01:25:11.541,0.80761,0.80772,6.00,1.88
2011.06.28 01:25:20.952,0.80762,0.80772,1.50,1.50
2011.06.28 01:25:21.283,0.80765,0.80774,1.13,1.50
2011.06.28 01:25:21.842,0.80765,0.80775,1.13,1.88
2011.06.28 01:25:22.581,0.80765,0.80776,1.13,3.75
2011.06.28 01:25:32.542,0.80763,0.80774,5.25,1.88
2011.06.28 01:25:34.551,0.80766,0.80775,1.13,5.25
2011.06.28 01:25:37.261,0.80765,0.80775,1.13,1.88
2011.06.28 01:25:48.840,0.80766,0.80775,1.13,1.50
2011.06.28 01:25:50.170,0.80764,0.80773,5.25,1.13
2011.06.28 01:25:59.662,0.80764,0.80774,1.13,4.50
2011.06.28 01:26:00.211,0.80764,0.80776,1.88,1.13
2011.06.28 01:26:00.761,0.80765,0.80776,2.25,1.13
2011.06.28 01:26:10.832,0.80765,0.80775,1.50,1.88
2011.06.28 01:26:11.380,0.80765,0.80774,1.50,1.50
2011.06.28 01:26:13.591,0.80765,0.80775,2.25,1.50
2011.06.28 01:26:16.040,0.80765,0.80776,1.50,1.88
2011.06.28 01:26:21.695,0.80764,0.80775,1.50,1.88
2011.06.28 01:26:22.248,0.80763,0.80774,4.88,1.50
2011.06.28 01:26:22.370,0.80763,0.80771,3.75,1.13
2011.06.28 01:26:22.926,0.80763,0.8077,3.75,1.88
2011.06.28 01:26:23.372,0.8076,0.8077,1.13,1.88
2011.06.28 01:26:24.814,0.80763,0.80772,1.13,1.50
2011.06.28 01:26:25.372,0.80761,0.80771,1.50,2.25
2011.06.28 01:26:26.250,0.80761,0.8077,1.50,1.13
2011.06.28 01:26:26.802,0.8076,0.8077,1.88,1.13
2011.06.28 01:26:38.504,0.80759,0.80768,1.50,1.13
2011.06.28 01:26:39.060,0.8076,0.80769,1.50,1.13
2011.06.28 01:26:43.632,0.80757,0.80768,4.50,1.50
2011.06.28 01:26:47.493,0.80758,0.80768,1.50,1.50
2011.06.28 01:26:49.251,0.80757,0.80768,1.50,1.50
2011.06.28 01:26:49.772,0.80755,0.80766,1.13,1.88
2011.06.28 01:26:50.319,0.80756,0.80767,1.13,1.88
2011.06.28 01:26:51.542,0.80756,0.80766,1.13,1.50
2011.06.28 01:26:51.654,0.80755,0.80765,1.50,1.88
2011.06.28 01:26:52.213,0.80753,0.80763,4.99,1.50
2011.06.28 01:26:53.749,0.80757,0.80765,1.13,2.25
2011.06.28 01:26:53.872,0.80757,0.80768,1.13,2.25
2011.06.28 01:26:54.424,0.80756,0.80767,5.63,1.88
2011.06.28 01:26:55.203,0.80756,0.80766,5.63,1.50
2011.06.28 01:26:55.322,0.80756,0.80763,4.50,1.13
2011.06.28 01:26:55.658,0.80749,0.8076,5.85,1.13
2011.06.28 01:26:56.432,0.8075,0.80761,1.50,2.25
2011.06.28 01:27:01.700,0.80751,0.80761,3.60,1.50
2011.06.28 01:27:01.813,0.80755,0.80762,1.13,1.50
2011.06.28 01:27:01.922,0.80752,0.80761,5.25,1.88
2011.06.28 01:27:02.470,0.8075,0.8076,1.50,1.13
2011.06.28 01:27:04.831,0.80751,0.80762,1.13,2.25
2011.06.28 01:27:05.381,0.80751,0.80763,2.63,1.13
2011.06.28 01:27:06.042,0.80751,0.80764,2.63,2.63
2011.06.28 01:27:07.693,0.80753,0.80764,1.13,1.50
2011.06.28 01:27:08.575,0.80752,0.80761,4.50,1.13
2011.06.28 01:27:10.663,0.80751,0.8076,1.50,1.88
2011.06.28 01:27:13.194,0.8075,0.80759,1.13,2.25
2011.06.28 01:27:17.202,0.8075,0.80759,1.13,2.25
2011.06.28 01:27:22.465,0.8075,0.80759,1.13,3.00
2011.06.28 01:27:22.802,0.8075,0.80759,1.13,2.25
2011.06.28 01:27:26.880,0.80751,0.80762,1.13,3.00
2011.06.28 01:27:26.995,0.80751,0.80762,1.13,2.25
2011.06.28 01:27:27.227,0.80757,0.80763,1.13,1.50
2011.06.28 01:27:27.345,0.80752,0.80763,2.10,1.88
2011.06.28 01:27:31.522,0.80753,0.80759,3.75,1.13
2011.06.28 01:27:31.632,0.8075,0.80759,1.50,1.13
2011.06.28 01:27:31.741,0.8075,0.80761,1.50,1.13
2011.06.28 01:27:32.289,0.80749,0.80761,1.50,1.13
2011.06.28 01:27:32.951,0.8075,0.80761,1.13,1.13
2011.06.28 01:27:34.883,0.80752,0.80761,1.50,1.13
2011.06.28 01:27:36.732,0.8075,0.80761,6.38,1.13
2011.06.28 01:27:53.862,0.80751,0.8076,1.50,1.13
2011.06.28 01:27:54.761,0.80751,0.80761,1.50,1.50
2011.06.28 01:27:57.172,0.80751,0.80763,2.63,1.50
2011.06.28 01:27:57.721,0.80751,0.80761,1.50,1.88
2011.06.28 01:28:04.733,0.80751,0.80761,1.50,1.50
2011.06.28 01:28:05.281,0.80752,0.80762,1.50,1.13
2011.06.28 01:28:07.653,0.80751,0.80761,1.50,1.50
2011.06.28 01:28:11.472,0.80751,0.80761,1.50,1.50
2011.06.28 01:28:12.021,0.80751,0.80762,5.25,1.13
2011.06.28 01:28:12.571,0.80751,0.80763,6.00,2.63
2011.06.28 01:28:14.004,0.80751,0.80762,6.00,1.13
2011.06.28 01:28:20.723,0.80751,0.80762,4.50,1.13
2011.06.28 01:28:21.382,0.80749,0.80761,5.63,2.25
2011.06.28 01:28:36.961,0.80749,0.80759,5.25,1.50
2011.06.28 01:28:37.402,0.80747,0.80758,2.25,1.88
2011.06.28 01:28:38.282,0.80745,0.80754,3.75,1.88
2011.06.28 01:28:38.832,0.80744,0.80754,2.25,1.13
2011.06.28 01:28:39.381,0.80744,0.80754,1.50,1.13
2011.06.28 01:28:39.930,0.80744,0.80755,2.25,4.88
2011.06.28 01:28:40.842,0.80745,0.80755,1.50,4.50
2011.06.28 01:28:44.091,0.80745,0.80755,1.50,1.50
2011.06.28 01:28:44.422,0.80745,0.80756,1.50,1.13
2011.06.28 01:28:51.510,0.80745,0.80756,1.50,1.50
2011.06.28 01:28:53.254,0.80745,0.80756,1.50,1.50
2011.06.28 01:28:55.073,0.80745,0.80757,1.88,1.50
2011.06.28 01:28:56.282,0.80745,0.80756,1.88,1.88
2011.06.28 01:28:57.271,0.80744,0.80756,4.88,2.63
2011.06.28 01:29:00.472,0.80746,0.80756,1.13,2.25
2011.06.28 01:29:03.762,0.80748,0.80757,1.50,1.88
2011.06.28 01:29:04.092,0.80748,0.80759,1.50,1.88
2011.06.28 01:29:04.202,0.80748,0.80759,2.25,1.88
2011.06.28 01:29:04.423,0.80748,0.80758,1.50,1.50
2011.06.28 01:29:05.164,0.80748,0.80758,1.50,1.50
2011.06.28 01:29:06.452,0.80748,0.80758,1.88,1.50
2011.06.28 01:29:29.781,0.80746,0.80758,1.88,2.25
2011.06.28 01:29:30.331,0.80746,0.80758,1.88,2.25
2011.06.28 01:29:31.013,0.80747,0.80758,2.10,2.25
2011.06.28 01:29:31.130,0.80748,0.80758,1.13,2.25
2011.06.28 01:29:50.741,0.80748,0.80757,1.50,1.13
2011.06.28 01:29:51.074,0.80746,0.80755,2.25,1.13
2011.06.28 01:29:51.192,0.80745,0.80755,3.38,1.88
2011.06.28 01:29:52.336,0.80745,0.80757,5.63,2.25
2011.06.28 01:29:52.453,0.80747,0.80757,1.13,2.25
2011.06.28 01:29:57.971,0.80748,0.80759,1.50,2.25
2011.06.28 01:29:58.743,0.80749,0.8076,5.25,1.88
2011.06.28 01:29:59.291,0.8075,0.8076,1.50,1.88
2011.06.28 01:30:05.301,0.80749,0.8076,5.25,1.13
2011.06.28 01:30:08.761,0.80748,0.80759,1.50,1.50
2011.06.28 01:30:08.872,0.80748,0.80759,1.50,1.50
2011.06.28 01:30:10.442,0.80748,0.80759,1.50,1.50
2011.06.28 01:30:14.141,0.80748,0.80758,1.50,1.88
2011.06.28 01:30:16.882,0.80748,0.80758,1.88,1.50
2011.06.28 01:30:47.404,0.80748,0.8076,5.63,1.50
2011.06.28 01:30:47.631,0.80748,0.8076,5.63,1.50
2011.06.28 01:30:50.672,0.80749,0.8076,1.13,1.88
2011.06.28 01:30:59.872,0.80748,0.80758,5.63,1.50
2011.06.28 01:31:09.492,0.80748,0.80758,1.88,1.50
2011.06.28 01:31:09.713,0.80748,0.80759,1.88,1.88
2011.06.28 01:31:24.005,0.80748,0.80757,1.50,1.50
2011.06.28 01:31:24.234,0.80748,0.80758,1.50,1.88
2011.06.28 01:31:30.962,0.80748,0.80757,1.50,1.13
2011.06.28 01:31:31.621,0.80746,0.80756,1.13,1.50
2011.06.28 01:31:32.612,0.80744,0.80754,2.25,1.13
2011.06.28 01:31:33.396,0.80744,0.80755,1.88,1.13
2011.06.28 01:31:36.063,0.80743,0.80752,2.25,1.13
2011.06.28 01:31:38.482,0.80745,0.80757,4.88,2.25
2011.06.28 01:31:45.743,0.80745,0.80755,4.50,1.50
2011.06.28 01:31:46.071,0.80743,0.80754,1.13,1.88
2011.06.28 01:31:47.504,0.80743,0.80755,1.13,3.00
2011.06.28 01:31:48.060,0.80745,0.80755,1.50,1.50
2011.06.28 01:31:54.981,0.80745,0.80757,5.63,2.25
2011.06.28 01:31:57.053,0.80745,0.80752,4.50,1.13
2011.06.28 01:31:58.373,0.80745,0.80754,1.50,1.50
2011.06.28 01:31:58.593,0.80745,0.80755,1.50,1.50
2011.06.28 01:32:05.873,0.80745,0.80756,1.88,1.50
2011.06.28 01:32:06.421,0.80745,0.80755,1.50,1.88
2011.06.28 01:32:14.503,0.80745,0.80755,1.50,1.50
2011.06.28 01:32:39.660,0.80745,0.80755,1.50,1.50
2011.06.28 01:32:39.991,0.80742,0.80753,1.50,1.50
2011.06.28 01:32:41.262,0.80744,0.80754,1.13,3.00
2011.06.28 01:32:41.482,0.80744,0.80755,1.13,1.88
2011.06.28 01:32:44.741,0.80743,0.80754,4.50,1.88
2011.06.28 01:32:46.935,0.8074,0.80751,1.88,1.13
2011.06.28 01:32:47.273,0.80739,0.80748,4.50,1.13
2011.06.28 01:32:48.151,0.80738,0.80749,4.50,1.50
2011.06.28 01:32:51.091,0.80738,0.80749,6.00,1.13
2011.06.28 01:32:51.754,0.80739,0.80749,1.88,1.13
2011.06.28 01:32:52.914,0.80738,0.80749,6.00,1.13
2011.06.28 01:32:58.063,0.80738,0.80748,4.50,1.13
2011.06.28 01:32:58.281,0.80736,0.80747,1.88,1.50
2011.06.28 01:33:01.163,0.80739,0.80748,1.13,1.50
2011.06.28 01:33:01.712,0.80739,0.80749,1.88,1.13
2011.06.28 01:33:02.970,0.80742,0.80752,1.13,1.13
2011.06.28 01:33:03.087,0.80739,0.8075,9.00,1.13
2011.06.28 01:33:04.855,0.80737,0.80744,4.50,1.50
2011.06.28 01:33:04.975,0.80738,0.80746,1.88,1.50
2011.06.28 01:33:05.204,0.80739,0.80748,4.50,1.50
2011.06.28 01:33:07.818,0.80736,0.80748,4.88,2.25
2011.06.28 01:33:15.093,0.80737,0.80748,1.88,1.50
2011.06.28 01:33:19.824,0.80737,0.80748,1.50,1.50
2011.06.28 01:33:22.003,0.80738,0.80748,1.50,1.50
2011.06.28 01:33:22.552,0.80737,0.80749,2.25,1.50
2011.06.28 01:33:23.541,0.80738,0.8075,1.50,2.25
2011.06.28 01:33:24.173,0.80738,0.8075,5.25,2.25
2011.06.28 01:33:32.072,0.80739,0.80751,1.50,1.50
2011.06.28 01:33:33.282,0.80739,0.80751,1.50,1.50
2011.06.28 01:33:33.616,0.80743,0.80753,1.50,1.50
2011.06.28 01:33:34.150,0.8074,0.80752,2.25,6.38
2011.06.28 01:33:34.815,0.8074,0.8075,1.50,1.50
2011.06.28 01:33:35.043,0.8074,0.8075,1.50,1.50
2011.06.28 01:33:35.372,0.8074,0.8075,1.50,1.50
2011.06.28 01:33:35.703,0.80741,0.80752,1.13,1.50
2011.06.28 01:33:35.922,0.80742,0.80753,5.25,1.50
2011.06.28 01:33:36.368,0.80746,0.80755,1.13,1.50
2011.06.28 01:33:36.594,0.80748,0.80756,1.50,1.50
2011.06.28 01:33:36.823,0.80744,0.80759,3.00,5.25
2011.06.28 01:33:37.567,0.80747,0.80759,1.50,5.25
2011.06.28 01:33:40.444,0.80747,0.80758,1.50,1.50
2011.06.28 01:33:41.003,0.80747,0.80758,1.50,1.50
2011.06.28 01:33:42.381,0.80747,0.80758,1.50,1.50
2011.06.28 01:33:42.952,0.80746,0.80758,2.25,1.50
2011.06.28 01:33:43.619,0.80746,0.80754,1.50,1.13
2011.06.28 01:33:43.740,0.80746,0.80754,1.50,3.75
2011.06.28 01:33:43.964,0.80745,0.80757,4.50,1.50
2011.06.28 01:33:44.194,0.80744,0.80758,2.25,3.75
2011.06.28 01:33:44.305,0.80744,0.80758,3.00,4.88
2011.06.28 01:33:44.643,0.80744,0.80758,6.75,3.75
2011.06.28 01:33:45.081,0.80744,0.80758,6.00,4.88
2011.06.28 01:33:45.415,0.80743,0.80755,1.50,1.13
2011.06.28 01:33:45.971,0.80743,0.80755,1.50,1.13
2011.06.28 01:33:46.852,0.80744,0.80756,1.50,5.25
2011.06.28 01:33:47.183,0.80749,0.8076,1.50,1.50
2011.06.28 01:33:47.404,0.80749,0.8076,2.25,2.10
2011.06.28 01:33:48.075,0.80749,0.8076,1.50,2.48
2011.06.28 01:33:48.641,0.80748,0.8076,6.00,1.50
2011.06.28 01:33:48.974,0.80748,0.80759,4.50,1.13
2011.06.28 01:33:50.405,0.80748,0.8076,1.50,1.88
2011.06.28 01:33:51.072,0.80749,0.80761,1.50,1.50
2011.06.28 01:33:51.621,0.8075,0.80762,2.25,1.88
2011.06.28 01:33:53.052,0.8075,0.80763,6.00,2.25
2011.06.28 01:33:53.273,0.80752,0.80764,1.13,6.00
2011.06.28 01:33:53.713,0.80753,0.80763,1.50,1.13
2011.06.28 01:33:53.827,0.80751,0.80762,1.50,2.25
2011.06.28 01:33:54.493,0.80753,0.80762,4.88,1.50
2011.06.28 01:33:54.711,0.80755,0.80767,1.50,2.25
2011.06.28 01:33:57.783,0.80754,0.80763,4.50,1.13
2011.06.28 01:33:58.003,0.80755,0.80766,1.50,6.00
2011.06.28 01:33:58.220,0.80755,0.80766,1.50,5.25
2011.06.28 01:33:59.102,0.80754,0.80766,3.00,1.50
2011.06.28 01:34:00.805,0.80755,0.80767,2.63,1.50
2011.06.28 01:34:02.822,0.80755,0.80764,1.88,3.75
2011.06.28 01:34:02.934,0.80753,0.80763,5.25,1.50
2011.06.28 01:34:03.493,0.80753,0.80762,1.50,1.50
2011.06.28 01:34:17.371,0.80753,0.80762,1.50,1.50
2011.06.28 01:34:17.941,0.80753,0.80762,1.50,1.50
2011.06.28 01:34:18.712,0.80751,0.80762,1.50,1.50
2011.06.28 01:34:18.822,0.80751,0.80762,1.50,1.50
2011.06.28 01:34:19.434,0.80749,0.80761,6.00,1.50
2011.06.28 01:34:21.692,0.80749,0.8076,5.25,1.50
2011.06.28 01:34:22.244,0.80749,0.8076,1.50,1.50
2011.06.28 01:34:22.791,0.80748,0.8076,5.25,2.25
2011.06.28 01:34:26.041,0.80748,0.8076,6.00,1.50
2011.06.28 01:34:26.156,0.80749,0.80761,1.50,6.75
2011.06.28 01:34:26.715,0.80749,0.80761,1.88,6.75
2011.06.28 01:34:30.365,0.80749,0.80761,2.25,1.50
2011.06.28 01:34:31.361,0.80749,0.80762,1.50,2.25
2011.06.28 01:34:32.351,0.80749,0.80761,1.50,1.50
2011.06.28 01:34:39.719,0.80749,0.8076,1.50,1.88
2011.06.28 01:34:40.284,0.80749,0.8076,1.50,1.50
2011.06.28 01:34:45.771,0.80749,0.8076,2.25,1.50
2011.06.28 01:34:52.404,0.80749,0.8076,9.00,2.25
2011.06.28 01:34:52.513,0.80747,0.80757,4.50,1.13
2011.06.28 01:34:52.733,0.80745,0.80757,1.50,1.13
2011.06.28 01:34:53.282,0.80745,0.80757,1.50,1.50
2011.06.28 01:34:53.954,0.80745,0.80756,1.50,1.50
2011.06.28 01:34:54.891,0.80743,0.80755,6.00,5.25
2011.06.28 01:34:55.003,0.80743,0.80755,4.50,6.00
2011.06.28 01:34:55.550,0.80742,0.80753,1.50,2.63
2011.06.28 01:35:12.970,0.80742,0.80753,1.50,1.50
2011.06.28 01:35:13.522,0.80739,0.80752,2.25,1.50
2011.06.28 01:35:17.872,0.80741,0.80753,3.75,1.13
2011.06.28 01:35:18.369,0.80742,0.80754,1.50,1.50
2011.06.28 01:35:23.110,0.80743,0.80755,4.50,1.50
2011.06.28 01:35:23.662,0.80742,0.80754,1.50,1.50
2011.06.28 01:35:24.652,0.80742,0.80754,5.63,1.50
2011.06.28 01:35:24.871,0.80744,0.80756,1.50,2.25
2011.06.28 01:35:35.549,0.80744,0.80756,2.25,2.25
2011.06.28 01:35:35.662,0.80746,0.80757,1.13,1.50
2011.06.28 01:35:35.991,0.80746,0.80758,4.88,2.25
2011.06.28 01:35:37.672,0.80748,0.8076,4.88,1.50
2011.06.28 01:35:39.542,0.80755,0.8076,3.75,1.50
2011.06.28 01:35:39.655,0.80751,0.80763,1.50,1.50
2011.06.28 01:35:40.102,0.80753,0.80765,2.63,1.50
2011.06.28 01:35:46.493,0.80752,0.80762,1.50,1.50
2011.06.28 01:35:46.606,0.80751,0.80761,4.50,1.50
2011.06.28 01:35:47.162,0.80749,0.80761,3.00,2.25
2011.06.28 01:35:57.554,0.80751,0.80762,1.50,3.00
2011.06.28 01:35:57.663,0.80752,0.80762,1.88,1.50
2011.06.28 01:35:57.881,0.80752,0.80765,6.38,1.50
2011.06.28 01:35:58.432,0.80752,0.80766,10.13,5.25
2011.06.28 01:35:58.981,0.80754,0.80766,1.50,6.00
2011.06.28 01:36:01.623,0.80753,0.80762,1.50,1.13
2011.06.28 01:36:01.842,0.80751,0.80761,2.25,1.50
2011.06.28 01:36:02.062,0.80751,0.80761,2.25,1.50
2011.06.28 01:36:02.172,0.80751,0.80762,3.00,1.13
2011.06.28 01:36:02.392,0.80755,0.80768,4.88,4.50
2011.06.28 01:36:02.723,0.80757,0.8077,2.25,2.25
2011.06.28 01:36:03.054,0.80757,0.80768,1.50,4.50
2011.06.28 01:36:03.163,0.80758,0.80769,3.75,1.50
2011.06.28 01:36:03.751,0.80757,0.80769,2.25,1.50
2011.06.28 01:36:04.312,0.80759,0.80771,1.50,2.25
2011.06.28 01:36:13.791,0.80759,0.8077,1.88,1.50
2011.06.28 01:36:19.276,0.80758,0.80769,6.00,1.50
2011.06.28 01:36:19.617,0.80756,0.80765,1.50,1.13
2011.06.28 01:36:25.767,0.80758,0.80767,1.13,2.25
2011.06.28 01:36:26.321,0.80758,0.80767,1.13,1.50
2011.06.28 01:36:27.204,0.80755,0.80763,5.25,1.88
2011.06.28 01:36:27.534,0.80758,0.80766,1.13,5.25
2011.06.28 01:36:27.763,0.80758,0.80767,1.13,2.25
2011.06.28 01:36:42.444,0.80756,0.80765,4.50,1.13
2011.06.28 01:36:46.122,0.80756,0.80766,1.13,3.75
2011.06.28 01:36:46.672,0.80756,0.80767,1.13,1.50
2011.06.28 01:36:51.972,0.80754,0.80762,4.50,1.13
2011.06.28 01:36:54.108,0.80753,0.80762,1.50,1.13
2011.06.28 01:37:15.172,0.80751,0.80762,1.54,1.13
2011.06.28 01:37:15.721,0.80751,0.80762,1.50,1.88
2011.06.28 01:37:15.943,0.8075,0.80761,1.88,1.50
2011.06.28 01:37:16.272,0.8075,0.8076,1.88,1.88
2011.06.28 01:37:28.231,0.80753,0.80762,1.13,4.50
2011.06.28 01:37:28.563,0.80751,0.8076,1.05,1.88
2011.06.28 01:37:29.114,0.80752,0.80761,1.46,1.13
2011.06.28 01:37:29.672,0.80753,0.80761,1.91,1.13
2011.06.28 01:37:30.003,0.80756,0.80764,1.13,1.50
2011.06.28 01:37:30.222,0.80756,0.80766,4.88,1.88
2011.06.28 01:37:33.413,0.80757,0.80767,1.13,1.50
2011.06.28 01:37:33.852,0.80757,0.80768,1.54,1.50
2011.06.28 01:37:52.973,0.80756,0.80763,4.16,1.13
2011.06.28 01:37:53.412,0.80757,0.80767,1.13,1.50
2011.06.28 01:37:53.634,0.80757,0.80768,1.13,6.75
2011.06.28 01:37:54.181,0.80757,0.80768,1.13,2.25
2011.06.28 01:37:55.503,0.80756,0.80767,4.88,1.50
2011.06.28 01:37:55.834,0.80755,0.80763,4.50,1.50
2011.06.28 01:37:56.163,0.80756,0.80767,1.13,1.50
2011.06.28 01:37:56.382,0.80756,0.80767,1.13,6.00
2011.06.28 01:37:57.594,0.80755,0.80765,1.50,1.50
2011.06.28 01:38:00.604,0.80756,0.80765,1.13,1.50
2011.06.28 01:38:01.152,0.80756,0.80767,1.13,2.25
2011.06.28 01:38:04.712,0.80758,0.80767,1.13,1.50
2011.06.28 01:38:31.132,0.80758,0.80768,1.13,1.88
2011.06.28 01:38:43.001,0.80759,0.80768,1.91,1.13
2011.06.28 01:38:43.598,0.80759,0.80768,1.50,1.13
2011.06.28 01:38:45.383,0.80759,0.80768,1.16,1.13
2011.06.28 01:38:48.781,0.80759,0.80768,2.66,1.13
2011.06.28 01:38:49.332,0.80759,0.80768,2.66,1.13
2011.06.28 01:38:50.211,0.80759,0.80768,1.16,1.13
2011.06.28 01:38:50.762,0.80759,0.80768,2.66,1.13
2011.06.28 01:38:51.411,0.80759,0.80768,1.16,1.13
2011.06.28 01:38:52.111,0.80759,0.80768,2.66,1.13
2011.06.28 01:38:52.961,0.80759,0.80768,2.66,1.13
2011.06.28 01:38:56.641,0.80759,0.80768,2.66,1.13
2011.06.28 01:38:57.301,0.80759,0.80768,2.66,1.13
2011.06.28 01:38:57.802,0.80759,0.80768,2.66,1.13
2011.06.28 01:38:58.351,0.80758,0.80768,1.13,1.13
2011.06.28 01:39:39.605,0.80759,0.8077,1.13,1.50
2011.06.28 01:39:42.584,0.8076,0.80769,1.13,1.50
2011.06.28 01:39:45.472,0.8076,0.80769,1.13,2.25
2011.06.28 01:39:45.692,0.80757,0.80766,1.88,1.50
2011.06.28 01:39:45.914,0.80756,0.80765,1.50,1.13
2011.06.28 01:40:07.113,0.80757,0.80765,1.13,2.25
2011.06.28 01:40:07.553,0.80755,0.80764,1.13,1.50
2011.06.28 01:40:27.751,0.80753,0.80764,1.88,1.88
2011.06.28 01:40:28.301,0.80755,0.80764,1.13,1.50
2011.06.28 01:40:33.183,0.80752,0.80764,1.88,1.88
2011.06.28 01:40:33.293,0.80755,0.80764,1.13,1.50
2011.06.28 01:40:37.986,0.80752,0.80764,1.50,1.88
2011.06.28 01:40:41.743,0.80752,0.80763,4.50,2.25
2011.06.28 01:40:45.931,0.80751,0.80761,1.16,1.50
2011.06.28 01:40:53.132,0.80751,0.80762,1.50,1.13
2011.06.28 01:41:16.421,0.80752,0.80762,5.25,1.50
2011.06.28 01:41:22.969,0.80755,0.80765,1.13,2.63
2011.06.28 01:41:24.643,0.80756,0.80765,1.13,1.50
2011.06.28 01:41:24.972,0.80754,0.80765,2.25,1.88
2011.06.28 01:41:37.494,0.80756,0.80765,1.13,1.50
2011.06.28 01:41:37.832,0.80754,0.80764,1.88,1.13
2011.06.28 01:41:38.745,0.80754,0.80765,5.25,1.88
2011.06.28 01:41:43.013,0.80756,0.80765,1.13,1.50
2011.06.28 01:41:59.542,0.80754,0.80765,2.25,1.88
2011.06.28 01:42:24.652,0.80755,0.80766,1.13,2.25
2011.06.28 01:42:24.981,0.80754,0.80764,1.13,1.13
2011.06.28 01:43:07.744,0.80757,0.80767,1.13,1.50
2011.06.28 01:43:08.962,0.80757,0.80768,1.88,3.00
2011.06.28 01:43:09.510,0.80757,0.80768,1.88,2.25
2011.06.28 01:43:13.778,0.80759,0.80769,1.88,4.50
2011.06.28 01:43:14.331,0.80759,0.8077,1.88,2.25
2011.06.28 01:43:15.433,0.80761,0.80772,1.50,1.13
2011.06.28 01:43:16.427,0.80762,0.80773,1.50,1.88
2011.06.28 01:43:16.766,0.80764,0.80775,1.50,2.63
2011.06.28 01:43:17.114,0.80768,0.80776,1.13,4.50
2011.06.28 01:43:17.697,0.80764,0.80775,5.25,1.88
2011.06.28 01:43:19.472,0.80767,0.80776,1.13,2.25
2011.06.28 01:43:19.584,0.80763,0.80774,3.00,1.13
2011.06.28 01:43:20.141,0.80762,0.80773,1.88,1.50
2011.06.28 01:43:20.583,0.80761,0.80772,1.50,1.13
2011.06.28 01:43:21.243,0.80761,0.8077,1.50,1.13
2011.06.28 01:43:26.323,0.8076,0.80772,1.13,5.63
2011.06.28 01:43:26.771,0.80762,0.80772,1.13,5.63
2011.06.28 01:43:28.315,0.80763,0.80774,1.88,5.25
2011.06.28 01:43:28.875,0.80763,0.80775,1.88,1.50
2011.06.28 01:43:30.602,0.80763,0.80773,1.88,1.88
2011.06.28 01:43:33.513,0.80763,0.80772,1.13,2.25
2011.06.28 01:43:33.856,0.80761,0.80771,1.50,2.25
2011.06.28 01:43:36.842,0.80761,0.8077,1.50,2.10
2011.06.28 01:43:36.953,0.80759,0.80765,5.25,1.13
2011.06.28 01:43:37.172,0.80755,0.80765,6.41,1.13
2011.06.28 01:43:37.285,0.80756,0.80766,2.25,1.50
2011.06.28 01:43:37.840,0.80756,0.80767,1.50,1.13
2011.06.28 01:43:38.390,0.80756,0.80766,1.50,1.50
2011.06.28 01:43:42.831,0.80755,0.80762,2.25,1.13
2011.06.28 01:43:43.162,0.80757,0.80764,1.88,4.50
2011.06.28 01:43:43.556,0.80757,0.80766,1.88,1.50
2011.06.28 01:43:44.692,0.80756,0.80766,1.50,1.50
2011.06.28 01:43:45.352,0.80755,0.80762,1.50,1.13
2011.06.28 01:43:45.461,0.80754,0.80762,1.50,1.13
2011.06.28 01:43:46.012,0.80753,0.80762,1.50,1.13
2011.06.28 01:43:49.314,0.80755,0.80765,1.13,1.50
2011.06.28 01:43:49.532,0.80755,0.80766,1.88,1.50
2011.06.28 01:43:50.133,0.80759,0.80768,1.13,6.75
2011.06.28 01:43:50.573,0.80759,0.80769,1.88,5.63
2011.06.28 01:43:51.452,0.8076,0.8077,1.13,1.88
2011.06.28 01:43:52.332,0.8076,0.80771,1.13,2.25
2011.06.28 01:43:52.881,0.8076,0.80771,1.88,1.50
2011.06.28 01:43:54.182,0.8076,0.8077,1.13,1.13
2011.06.28 01:43:56.816,0.80761,0.80771,1.13,1.88
2011.06.28 01:44:01.152,0.80758,0.80769,5.25,1.13
2011.06.28 01:44:15.212,0.80758,0.80768,1.50,1.50
2011.06.28 01:44:15.811,0.80758,0.80769,1.50,1.13
2011.06.28 01:44:18.693,0.80758,0.80769,1.50,1.88
2011.06.28 01:44:19.243,0.80757,0.80768,1.13,4.50
2011.06.28 01:44:19.462,0.80757,0.80768,1.13,6.00
2011.06.28 01:44:29.451,0.80758,0.80767,1.13,1.50
2011.06.28 01:44:29.673,0.80755,0.80766,1.50,2.63
2011.06.28 01:44:29.781,0.80754,0.80766,2.63,2.63
2011.06.28 01:44:33.602,0.80758,0.80767,1.13,1.50
2011.06.28 01:44:43.522,0.8076,0.80769,1.13,1.50
2011.06.28 01:44:43.634,0.80764,0.8077,1.13,1.50
2011.06.28 01:44:43.963,0.80764,0.80773,1.50,1.50
2011.06.28 01:44:44.512,0.80763,0.80773,1.50,1.50
2011.06.28 01:44:46.782,0.80767,0.80774,1.13,1.35
2011.06.28 01:44:47.006,0.80763,0.80772,1.88,1.50
2011.06.28 01:44:47.562,0.80764,0.80774,1.13,1.13
2011.06.28 01:44:48.152,0.80763,0.80773,1.50,1.13
2011.06.28 01:44:48.732,0.80761,0.80773,1.13,2.63
2011.06.28 01:44:50.497,0.80762,0.80772,3.26,4.50
2011.06.28 01:44:50.723,0.80767,0.80772,1.50,4.50
2011.06.28 01:44:50.836,0.80767,0.80776,2.25,1.50
2011.06.28 01:44:51.391,0.80767,0.80777,2.25,1.50
2011.06.28 01:44:54.501,0.80767,0.80772,1.50,1.13
2011.06.28 01:44:54.613,0.80763,0.80772,1.50,1.13
2011.06.28 01:44:54.942,0.80762,0.80772,1.13,1.13
2011.06.28 01:44:55.931,0.80761,0.80771,2.25,1.50
2011.06.28 01:45:01.943,0.80762,0.80772,1.13,1.88
2011.06.28 01:45:03.671,0.80761,0.80771,2.63,1.88
2011.06.28 01:45:11.202,0.80761,0.80772,2.63,1.50
2011.06.28 01:45:13.573,0.80764,0.80773,1.13,1.50
2011.06.28 01:45:14.122,0.80764,0.80774,1.13,2.04
2011.06.28 01:45:17.661,0.80764,0.80774,1.13,2.04
2011.06.28 01:45:18.291,0.80764,0.80774,1.13,2.04
2011.06.28 01:45:18.842,0.80764,0.80774,1.13,2.04
2011.06.28 01:45:21.804,0.80764,0.80774,1.13,2.04
2011.06.28 01:45:25.451,0.80762,0.80774,1.88,2.04
2011.06.28 01:45:38.515,0.80768,0.80775,1.13,1.50
2011.06.28 01:45:38.634,0.80764,0.80774,5.25,1.50
2011.06.28 01:45:38.754,0.80768,0.80775,1.13,1.50
2011.06.28 01:45:38.972,0.80768,0.80777,1.13,2.25
2011.06.28 01:45:42.804,0.80763,0.80773,1.50,1.88
2011.06.28 01:45:42.922,0.80762,0.80773,5.66,1.88
2011.06.28 01:45:43.252,0.80763,0.80775,1.88,1.88
2011.06.28 01:45:47.693,0.80762,0.80771,2.25,1.13
2011.06.28 01:45:48.571,0.80761,0.80771,1.88,1.13
2011.06.28 01:46:04.884,0.80759,0.80771,1.13,1.73
2011.06.28 01:46:04.995,0.80758,0.80768,1.13,1.13
2011.06.28 01:46:05.113,0.80756,0.80767,6.00,1.13
2011.06.28 01:46:05.714,0.80756,0.80766,4.50,1.13
2011.06.28 01:46:06.272,0.80755,0.80766,1.88,1.50
2011.06.28 01:46:15.492,0.80754,0.80765,1.88,1.35
2011.06.28 01:46:24.076,0.80752,0.80764,2.25,1.73
2011.06.28 01:46:24.632,0.80752,0.80764,1.50,2.48
2011.06.28 01:46:27.572,0.80752,0.80763,1.50,1.13
2011.06.28 01:46:30.002,0.80752,0.80763,1.50,1.88
2011.06.28 01:46:32.112,0.80751,0.80763,1.88,1.13
2011.06.28 01:46:45.406,0.80753,0.80763,1.13,1.13
2011.06.28 01:46:47.791,0.80753,0.80763,1.50,1.88
2011.06.28 01:47:01.465,0.80752,0.80763,1.88,1.35
2011.06.28 01:47:07.973,0.80754,0.80764,1.13,3.98
2011.06.28 01:47:11.591,0.80754,0.80764,1.13,2.85
2011.06.28 01:47:12.251,0.80753,0.80764,1.13,2.85
2011.06.28 01:47:19.706,0.80753,0.80763,1.50,1.88
2011.06.28 01:47:20.043,0.80754,0.80763,1.13,1.50
2011.06.28 01:48:01.314,0.80754,0.80766,2.63,2.10
2011.06.28 01:48:01.423,0.80756,0.80766,1.13,2.10
2011.06.28 01:48:10.212,0.80756,0.80767,1.13,2.25
2011.06.28 01:48:15.552,0.80758,0.80767,1.13,2.25
2011.06.28 01:48:19.063,0.80759,0.80768,1.13,6.75
2011.06.28 01:48:20.884,0.80756,0.80767,1.13,1.50
2011.06.28 01:49:01.722,0.80755,0.80767,1.88,4.73
2011.06.28 01:49:07.782,0.80756,0.80767,1.13,4.35
2011.06.28 01:49:24.132,0.80756,0.80765,1.13,1.35
2011.06.28 01:49:46.272,0.80756,0.80765,1.13,1.50
2011.06.28 01:49:49.274,0.80756,0.80766,1.13,3.75
2011.06.28 01:49:49.831,0.80755,0.80766,1.13,4.50
2011.06.28 01:50:16.051,0.80756,0.80766,1.13,3.75
2011.06.28 01:50:23.812,0.80756,0.80765,1.13,1.50
2011.06.28 01:50:24.473,0.80757,0.80767,1.13,1.50
2011.06.28 01:50:25.021,0.80757,0.80767,1.13,1.50
2011.06.28 01:50:26.802,0.80758,0.80767,1.13,1.50
2011.06.28 01:50:31.072,0.80761,0.80767,1.13,1.50
2011.06.28 01:50:31.667,0.80761,0.8077,1.13,1.50
2011.06.28 01:50:32.333,0.8076,0.80769,1.13,1.50
2011.06.28 01:50:34.883,0.80759,0.80768,1.50,1.88
2011.06.28 01:50:52.753,0.80758,0.80767,1.13,1.50
2011.06.28 01:51:01.592,0.80756,0.80767,1.13,1.50
2011.06.28 01:51:01.813,0.80755,0.80765,1.88,1.13
2011.06.28 01:51:02.362,0.80753,0.80763,1.50,2.85
2011.06.28 01:51:03.681,0.80753,0.80762,1.50,1.13
2011.06.28 01:51:11.071,0.80753,0.80763,1.50,2.85
2011.06.28 01:51:11.450,0.80754,0.80765,2.63,2.10
2011.06.28 01:51:12.006,0.80757,0.80767,1.50,2.85
2011.06.28 01:51:24.223,0.80755,0.80765,1.50,1.50
2011.06.28 01:51:25.134,0.80762,0.80769,1.13,2.25
2011.06.28 01:51:25.244,0.80758,0.80768,2.63,3.23
2011.06.28 01:51:25.574,0.8076,0.80771,4.88,5.10
2011.06.28 01:51:26.122,0.80759,0.80769,1.50,1.50
2011.06.28 01:51:28.587,0.8076,0.80769,1.88,2.85
2011.06.28 01:51:32.264,0.8076,0.80771,1.88,6.60
2011.06.28 01:51:39.454,0.8076,0.80769,1.50,1.13
2011.06.28 01:51:40.004,0.80758,0.80768,1.13,1.73
2011.06.28 01:51:40.556,0.80759,0.80768,1.13,1.50
2011.06.28 01:51:41.883,0.8076,0.80769,1.13,2.10
2011.06.28 01:51:42.432,0.8076,0.80769,1.13,1.35
2011.06.28 01:51:45.584,0.80761,0.8077,1.13,1.50
2011.06.28 01:51:45.915,0.80761,0.80772,4.88,2.85
2011.06.28 01:51:47.125,0.80767,0.80776,1.13,2.25
2011.06.28 01:51:47.244,0.80767,0.80776,1.13,1.50
2011.06.28 01:51:47.792,0.80767,0.80776,1.13,1.50
2011.06.28 01:51:49.342,0.80767,0.80777,1.13,2.48
2011.06.28 01:52:19.648,0.80767,0.80778,2.63,1.50
2011.06.28 01:52:20.203,0.80767,0.80779,1.88,1.13
2011.06.28 01:52:22.161,0.80773,0.8078,1.13,2.85
2011.06.28 01:52:22.281,0.80771,0.80781,2.25,1.50
2011.06.28 01:52:22.723,0.80771,0.80782,5.25,1.88
2011.06.28 01:52:23.827,0.80772,0.80782,1.13,1.88
2011.06.28 01:52:25.704,0.80771,0.80781,1.13,1.13
2011.06.28 01:52:26.694,0.80776,0.80782,1.13,3.38
2011.06.28 01:52:27.025,0.80773,0.80782,1.50,1.13
2011.06.28 01:52:27.803,0.8077,0.8078,1.50,1.13
2011.06.28 01:52:28.353,0.8077,0.8078,1.50,1.13
2011.06.28 01:52:30.113,0.8077,0.80781,1.50,1.88
2011.06.28 01:52:30.762,0.8077,0.80782,1.88,4.88
2011.06.28 01:52:32.774,0.8077,0.8078,1.88,1.73
2011.06.28 01:52:33.104,0.80769,0.80779,2.25,1.50
2011.06.28 01:52:35.082,0.80769,0.8078,1.50,2.85
2011.06.28 01:52:37.092,0.8077,0.8078,1.13,3.98
2011.06.28 01:52:41.082,0.80769,0.80779,1.88,1.13
2011.06.28 01:52:47.903,0.80775,0.80782,1.13,1.35
2011.06.28 01:52:48.125,0.80772,0.80781,1.13,1.50
2011.06.28 01:52:48.248,0.80774,0.80783,1.13,1.50
2011.06.28 01:52:48.587,0.80771,0.80782,1.50,1.13
2011.06.28 01:52:49.153,0.8077,0.80782,1.50,1.88
2011.06.28 01:52:49.484,0.80773,0.80782,1.50,1.88
2011.06.28 01:52:55.853,0.80773,0.80783,1.88,1.73
2011.06.28 01:52:58.254,0.80775,0.80784,1.13,1.50
2011.06.28 01:52:58.363,0.80774,0.80784,3.75,1.88
2011.06.28 01:52:58.975,0.80772,0.80782,1.50,1.35
2011.06.28 01:53:00.414,0.80775,0.80783,1.13,3.75
2011.06.28 01:53:00.855,0.80774,0.80782,3.75,1.13
2011.06.28 01:53:01.412,0.80771,0.80782,2.25,1.88
2011.06.28 01:53:08.840,0.8077,0.80782,1.50,2.63
2011.06.28 01:53:12.515,0.80776,0.80782,1.13,4.50
2011.06.28 01:53:12.854,0.80776,0.80785,1.50,1.50
2011.06.28 01:53:12.963,0.80778,0.80785,1.13,1.50
2011.06.28 01:53:14.396,0.80776,0.80786,1.13,3.00
2011.06.28 01:53:14.844,0.80773,0.80782,1.16,1.13
2011.06.28 01:53:15.172,0.8077,0.80781,1.50,5.10
2011.06.28 01:53:19.464,0.80771,0.80782,1.13,1.35
2011.06.28 01:53:19.795,0.80777,0.80785,1.50,1.35
2011.06.28 01:53:20.893,0.80774,0.80782,3.75,1.13
2011.06.28 01:53:21.443,0.80773,0.80782,1.50,3.23
2011.06.28 01:53:23.312,0.8077,0.80782,6.00,3.23
2011.06.28 01:53:33.187,0.8077,0.80781,2.25,1.13
2011.06.28 01:53:34.244,0.80771,0.80782,1.50,6.23
2011.06.28 01:53:34.684,0.80774,0.80783,1.13,2.25
2011.06.28 01:53:35.012,0.80778,0.80787,1.13,2.10
2011.06.28 01:53:36.012,0.80777,0.80786,1.13,1.50
2011.06.28 01:53:36.343,0.80777,0.80785,1.13,2.85
2011.06.28 01:53:36.453,0.80775,0.80784,3.75,1.50
2011.06.28 01:53:36.672,0.80775,0.80781,3.75,1.13
2011.06.28 01:53:36.784,0.80771,0.8078,5.25,1.35
2011.06.28 01:53:40.583,0.80774,0.80782,1.13,1.50
2011.06.28 01:53:41.124,0.80774,0.80784,1.13,1.88
2011.06.28 01:53:41.673,0.80773,0.80783,1.13,1.13
2011.06.28 01:53:43.592,0.8077,0.80782,6.00,1.88
2011.06.28 01:53:44.692,0.80771,0.8078,1.50,1.13
2011.06.28 01:53:45.782,0.8077,0.80782,1.50,2.63
2011.06.28 01:53:47.742,0.80771,0.8078,1.50,1.13
2011.06.28 01:53:48.073,0.80774,0.80783,1.13,2.25
2011.06.28 01:53:50.153,0.80774,0.80785,1.13,2.25
2011.06.28 01:53:52.573,0.80777,0.80787,1.13,1.50
2011.06.28 01:53:52.794,0.80775,0.80787,5.63,2.25
2011.06.28 01:53:53.342,0.80775,0.80787,1.13,3.00
2011.06.28 01:53:54.683,0.80777,0.80787,1.50,2.25
2011.06.28 01:53:56.333,0.80777,0.80787,1.50,2.25
2011.06.28 01:53:56.882,0.80776,0.80786,1.50,1.50
2011.06.28 01:54:01.073,0.80775,0.80786,1.13,2.25
2011.06.28 01:54:01.403,0.80772,0.80782,3.75,1.50
2011.06.28 01:54:01.952,0.80772,0.80782,1.50,2.10
2011.06.28 01:54:04.243,0.80775,0.80782,1.13,1.35
2011.06.28 01:54:04.353,0.80775,0.80785,1.13,5.25
2011.06.28 01:54:06.923,0.80773,0.80782,1.50,1.13
2011.06.28 01:54:11.998,0.80776,0.80783,1.13,1.50
2011.06.28 01:54:12.333,0.80778,0.80785,1.13,4.50
2011.06.28 01:54:12.553,0.80776,0.80787,1.13,2.25
2011.06.28 01:54:15.981,0.80777,0.80787,2.25,1.50
2011.06.28 01:54:25.233,0.80777,0.80787,1.50,1.88
2011.06.28 01:54:25.453,0.80779,0.80788,1.13,1.50
2011.06.28 01:54:26.004,0.8078,0.80789,1.13,2.25
2011.06.28 01:54:26.224,0.80778,0.80788,1.50,2.25
2011.06.28 01:54:26.771,0.80778,0.80788,1.50,2.25
2011.06.28 01:54:27.322,0.80777,0.80788,1.88,3.00
2011.06.28 01:54:29.043,0.80781,0.80788,1.13,1.50
2011.06.28 01:54:29.593,0.80781,0.80789,1.13,1.50
2011.06.28 01:54:30.214,0.8078,0.80789,1.13,1.50
2011.06.28 01:54:31.024,0.80781,0.8079,1.13,1.50
2011.06.28 01:54:32.342,0.80782,0.80792,1.50,2.25
2011.06.28 01:54:33.113,0.80782,0.80792,1.50,1.50
2011.06.28 01:54:33.744,0.80781,0.80792,1.13,1.50
2011.06.28 01:54:34.298,0.8078,0.80791,1.13,1.50
2011.06.28 01:54:34.854,0.80781,0.80791,1.13,1.50
2011.06.28 01:54:35.402,0.80782,0.80792,1.50,1.50
2011.06.28 01:54:35.952,0.80782,0.80792,1.50,1.50
2011.06.28 01:54:36.501,0.80782,0.80792,1.50,1.50
2011.06.28 01:54:37.224,0.8078,0.80789,2.25,1.13
2011.06.28 01:54:37.454,0.80786,0.80795,1.13,4.50
2011.06.28 01:54:38.555,0.80783,0.80792,6.75,1.13
2011.06.28 01:54:39.773,0.80785,0.80794,1.13,1.50
2011.06.28 01:54:39.993,0.80785,0.80796,1.13,2.25
2011.06.28 01:54:40.967,0.80788,0.80797,1.13,2.25
2011.06.28 01:54:44.323,0.80788,0.80797,1.13,2.25
2011.06.28 01:54:44.985,0.80788,0.80797,1.13,1.50
2011.06.28 01:54:49.713,0.80789,0.80798,1.13,4.50
2011.06.28 01:54:50.263,0.8079,0.808,1.50,5.25
2011.06.28 01:54:51.032,0.8079,0.80801,1.50,3.38
2011.06.28 01:54:58.174,0.80789,0.808,1.50,1.13
2011.06.28 01:54:58.723,0.80788,0.80799,1.88,1.50
2011.06.28 01:55:04.664,0.80788,0.80798,1.88,1.88
2011.06.28 01:55:05.211,0.80787,0.80799,1.88,6.00
2011.06.28 01:55:08.085,0.8079,0.80799,1.13,1.50
2011.06.28 01:55:08.644,0.8079,0.808,1.13,6.38
2011.06.28 01:55:20.273,0.80791,0.808,1.50,1.13
2011.06.28 01:55:20.603,0.80793,0.80803,1.13,6.38
2011.06.28 01:55:20.717,0.80796,0.80803,1.50,4.50
2011.06.28 01:55:21.055,0.80796,0.80807,1.88,1.50
2011.06.28 01:55:21.611,0.80797,0.80807,5.25,1.50
2011.06.28 01:55:23.254,0.80799,0.80809,1.13,1.88
2011.06.28 01:55:23.913,0.808,0.8081,1.88,1.13
2011.06.28 01:55:31.364,0.80801,0.80811,1.50,1.50
2011.06.28 01:55:31.912,0.80801,0.80812,2.25,1.13
2011.06.28 01:55:33.653,0.80803,0.80813,1.88,1.88
2011.06.28 01:55:36.845,0.80804,0.80815,1.13,2.25
2011.06.28 01:55:36.953,0.80805,0.80815,1.50,1.50
2011.06.28 01:55:37.174,0.80805,0.80816,1.50,5.63
2011.06.28 01:55:37.284,0.80808,0.80817,1.13,1.50
2011.06.28 01:55:39.834,0.80808,0.80818,1.13,7.13
2011.06.28 01:55:41.046,0.8081,0.80818,1.13,2.25
2011.06.28 01:55:41.382,0.8081,0.80821,1.88,2.25
2011.06.28 01:55:41.917,0.8081,0.8082,1.88,1.50
2011.06.28 01:55:43.024,0.8081,0.8082,1.50,1.50
2011.06.28 01:55:46.643,0.80809,0.80819,1.13,1.13
2011.06.28 01:55:50.047,0.80807,0.80815,1.50,1.50
2011.06.28 01:55:50.386,0.80805,0.80816,1.50,1.88
2011.06.28 01:55:50.503,0.80805,0.80814,1.50,1.13
2011.06.28 01:55:51.053,0.80803,0.80813,1.88,1.13
2011.06.28 01:55:52.154,0.80806,0.80816,1.13,1.50
2011.06.28 01:55:52.376,0.80803,0.80814,1.50,1.88
2011.06.28 01:55:52.987,0.80806,0.80815,1.13,5.25
2011.06.28 01:55:55.455,0.80808,0.80817,1.13,3.75
2011.06.28 01:55:58.852,0.80808,0.80816,1.13,1.50
2011.06.28 01:56:05.143,0.80809,0.80818,1.13,1.50
2011.06.28 01:56:07.640,0.8081,0.8082,1.13,2.25
2011.06.28 01:56:07.863,0.8081,0.8082,1.13,1.50
2011.06.28 01:56:08.415,0.80815,0.80822,1.13,2.63
2011.06.28 01:56:09.525,0.80813,0.80822,1.13,2.63
2011.06.28 01:56:15.763,0.80813,0.80822,1.13,1.50
2011.06.28 01:56:15.874,0.80811,0.80821,5.63,1.88
2011.06.28 01:56:37.802,0.80812,0.80822,1.13,2.25
2011.06.28 01:56:38.135,0.80816,0.80825,1.13,2.25
2011.06.28 01:56:38.904,0.80817,0.80826,1.13,1.50
2011.06.28 01:56:39.240,0.80815,0.80824,3.75,1.13
2011.06.28 01:56:39.357,0.80813,0.80824,1.50,1.88
2011.06.28 01:56:42.433,0.80814,0.80823,1.13,1.50
2011.06.28 01:56:42.763,0.80816,0.80825,1.13,2.25
2011.06.28 01:56:43.314,0.80817,0.80825,1.13,1.50
2011.06.28 01:56:45.685,0.80815,0.80823,4.50,1.50
2011.06.28 01:56:45.805,0.80812,0.80823,1.88,1.50
2011.06.28 01:56:46.362,0.80811,0.80823,1.13,1.88
2011.06.28 01:56:47.494,0.80815,0.80824,1.13,4.50
2011.06.28 01:56:48.265,0.80816,0.80825,1.13,1.50
2011.06.28 01:56:48.703,0.80814,0.80823,1.50,1.88
2011.06.28 01:56:48.815,0.80817,0.80823,1.13,1.50
2011.06.28 01:56:48.934,0.80811,0.80823,3.00,2.63
2011.06.28 01:56:51.043,0.80814,0.80824,1.13,4.50
2011.06.28 01:56:52.033,0.80815,0.80825,1.50,2.25
2011.06.28 01:56:52.365,0.80818,0.80827,1.88,2.25
2011.06.28 01:56:52.583,0.80816,0.80825,1.13,1.50
2011.06.28 01:56:54.763,0.80817,0.80827,1.13,1.50
2011.06.28 01:56:55.096,0.80817,0.80828,1.13,2.25
2011.06.28 01:56:58.462,0.8082,0.80829,1.13,2.25
2011.06.28 01:56:58.793,0.8082,0.80829,1.13,1.50
2011.06.28 01:57:00.945,0.80817,0.80827,2.63,1.13
2011.06.28 01:57:02.873,0.80818,0.80828,1.13,2.25
2011.06.28 01:57:03.423,0.80819,0.8083,1.13,2.25
2011.06.28 01:57:06.635,0.80819,0.80829,1.13,1.50
2011.06.28 01:57:10.656,0.80818,0.80829,1.13,2.25
2011.06.28 01:57:11.983,0.80818,0.80829,1.13,1.50
2011.06.28 01:57:13.392,0.80817,0.80829,5.63,2.25
2011.06.28 01:57:15.704,0.80815,0.80825,1.13,1.13
2011.06.28 01:57:15.815,0.80814,0.80826,1.88,6.00
2011.06.28 01:57:15.925,0.80813,0.80825,1.13,1.13
2011.06.28 01:57:16.265,0.8081,0.80821,1.88,2.25
2011.06.28 01:57:17.953,0.80811,0.80822,1.13,5.25
2011.06.28 01:57:18.284,0.80818,0.80825,1.13,1.50
2011.06.28 01:57:19.053,0.80816,0.80825,1.88,1.50
2011.06.28 01:57:19.164,0.80814,0.80824,4.50,1.50
2011.06.28 01:57:19.942,0.80813,0.80824,1.13,2.25
2011.06.28 01:57:20.162,0.80813,0.80822,1.13,1.88
2011.06.28 01:57:24.413,0.80813,0.80824,1.13,2.25
2011.06.28 01:57:25.584,0.80815,0.80825,1.13,1.50
2011.06.28 01:57:28.802,0.80816,0.80825,1.13,2.25
2011.06.28 01:57:29.904,0.80815,0.80824,1.13,1.50
2011.06.28 01:57:31.446,0.80813,0.80824,1.13,2.25
2011.06.28 01:57:32.003,0.80812,0.80822,1.13,1.50
2011.06.28 01:57:33.214,0.80812,0.80822,1.13,3.38
2011.06.28 01:57:36.234,0.80812,0.8082,1.13,4.50
2011.06.28 01:57:36.782,0.80812,0.80821,1.13,2.25
2011.06.28 01:57:37.113,0.80812,0.80821,1.13,3.00
2011.06.28 01:57:37.665,0.80813,0.80821,1.13,1.50
2011.06.28 01:57:37.995,0.80817,0.80825,1.13,1.50
2011.06.28 01:57:38.105,0.80814,0.80823,3.75,1.13
2011.06.28 01:57:38.613,0.80812,0.80822,1.13,1.50
2011.06.28 01:57:39.295,0.80815,0.80822,1.13,1.50
2011.06.28 01:57:43.073,0.80813,0.80823,1.50,1.50
2011.06.28 01:57:45.717,0.80817,0.80823,1.13,4.50
2011.06.28 01:57:46.050,0.80817,0.80827,1.13,4.58
2011.06.28 01:57:47.262,0.80817,0.80825,1.13,1.50
2011.06.28 01:57:48.034,0.80814,0.80825,4.88,2.25
2011.06.28 01:57:48.362,0.80814,0.80823,1.13,1.50
2011.06.28 01:57:51.686,0.80817,0.80825,1.13,1.50
2011.06.28 01:57:52.000,0.80817,0.80825,1.13,2.25
2011.06.28 01:57:53.452,0.80817,0.80826,1.13,1.50
2011.06.28 01:57:56.013,0.80817,0.80825,1.13,2.25
2011.06.28 01:57:56.898,0.80815,0.80824,1.13,7.88
2011.06.28 01:58:00.294,0.80812,0.80822,1.88,1.50
2011.06.28 01:58:02.623,0.80816,0.80823,1.13,6.00
2011.06.28 01:58:03.172,0.80817,0.80826,1.13,1.50
2011.06.28 01:58:07.484,0.80814,0.80825,4.88,1.50
2011.06.28 01:58:08.033,0.80814,0.80824,1.13,5.25
2011.06.28 01:58:09.023,0.80816,0.80825,1.13,1.50
2011.06.28 01:58:09.572,0.80815,0.80825,1.13,1.50
2011.06.28 01:58:09.901,0.80817,0.80826,1.13,1.50
2011.06.28 01:58:11.004,0.80816,0.80825,1.13,1.50
2011.06.28 01:58:11.553,0.80817,0.80826,1.13,1.50
2011.06.28 01:58:12.102,0.80816,0.80825,1.13,1.50
2011.06.28 01:58:15.034,0.80817,0.80826,1.13,2.25
2011.06.28 01:58:15.363,0.80815,0.80826,5.63,3.00
2011.06.28 01:58:15.913,0.80815,0.80824,1.13,1.50
2011.06.28 01:58:19.042,0.80814,0.80824,1.13,2.63
2011.06.28 01:58:19.263,0.80818,0.80825,1.13,2.25
2011.06.28 01:58:19.813,0.80818,0.80826,1.13,1.50
2011.06.28 01:58:20.036,0.80814,0.80824,5.48,3.75
2011.06.28 01:58:20.592,0.80813,0.80824,1.13,6.00
2011.06.28 01:58:24.133,0.80813,0.80824,5.63,5.25
2011.06.28 01:58:24.245,0.80816,0.80826,1.13,1.50
2011.06.28 01:58:24.791,0.80816,0.80827,1.13,2.25
2011.06.28 01:58:32.927,0.80816,0.80827,1.13,6.00
2011.06.28 01:58:33.045,0.80813,0.80822,9.26,1.50
2011.06.28 01:58:33.167,0.80812,0.80822,1.88,3.00
2011.06.28 01:58:34.163,0.80812,0.80822,1.13,6.00
2011.06.28 01:58:45.582,0.80814,0.80823,1.13,1.50
2011.06.28 01:58:45.913,0.80814,0.80825,1.88,2.25
2011.06.28 01:58:48.672,0.80814,0.80825,1.13,3.00
2011.06.28 01:58:48.891,0.80813,0.80824,4.50,1.88
2011.06.28 01:58:50.333,0.80812,0.80823,1.88,1.13
2011.06.28 01:58:54.782,0.80812,0.80822,1.88,1.13
2011.06.28 01:59:00.182,0.80812,0.80823,1.88,4.88
2011.06.28 01:59:07.943,0.80812,0.80821,1.13,3.75
2011.06.28 01:59:08.934,0.80812,0.80822,1.88,4.50
2011.06.28 01:59:15.813,0.80813,0.80823,1.50,5.63
2011.06.28 01:59:15.923,0.80815,0.80824,1.13,1.50
2011.06.28 01:59:20.772,0.80814,0.80824,1.50,6.00
2011.06.28 01:59:21.323,0.80811,0.80823,1.50,1.88
2011.06.28 01:59:22.472,0.80812,0.80821,1.50,3.75
2011.06.28 01:59:23.023,0.80812,0.80822,1.50,6.00
2011.06.28 01:59:23.574,0.80816,0.80823,1.50,1.50
2011.06.28 01:59:23.794,0.80813,0.80823,1.88,1.88
2011.06.28 01:59:24.343,0.80813,0.80822,1.50,1.88
2011.06.28 01:59:25.443,0.80811,0.80823,1.13,6.75
2011.06.28 01:59:25.993,0.80811,0.80823,1.13,6.75
2011.06.28 01:59:28.683,0.80811,0.80823,1.13,6.75
2011.06.28 01:59:29.282,0.80811,0.80821,1.13,2.25
2011.06.28 01:59:29.944,0.80812,0.80821,1.13,1.50
2011.06.28 01:59:31.373,0.80811,0.8082,1.13,1.50
2011.06.28 01:59:31.922,0.80811,0.8082,1.13,6.00
2011.06.28 01:59:33.733,0.80811,0.80822,1.13,4.50
2011.06.28 01:59:34.505,0.8081,0.80821,1.13,1.50
2011.06.28 01:59:34.833,0.8081,0.80818,1.13,3.75
2011.06.28 01:59:35.382,0.8081,0.80819,1.13,4.50
2011.06.28 01:59:36.154,0.8081,0.80818,1.13,3.75
2011.06.28 01:59:39.454,0.80811,0.80819,1.13,1.50
2011.06.28 01:59:39.563,0.80811,0.80821,1.13,2.25
2011.06.28 01:59:40.112,0.80811,0.80821,1.13,1.50
2011.06.28 01:59:40.662,0.80811,0.8082,1.13,3.75
2011.06.28 01:59:41.213,0.80811,0.80821,1.13,1.50
2011.06.28 01:59:41.543,0.80811,0.80819,1.13,3.75
2011.06.28 01:59:42.092,0.80811,0.80821,1.13,1.50
2011.06.28 01:59:42.643,0.80811,0.8082,1.13,6.00
2011.06.28 01:59:43.302,0.80811,0.80821,1.13,3.38
2011.06.28 01:59:44.914,0.80811,0.8082,1.13,2.25
2011.06.28 01:59:45.462,0.80809,0.8082,1.13,1.50
2011.06.28 01:59:45.574,0.80808,0.8082,2.48,3.00
2011.06.28 01:59:46.121,0.80808,0.80819,1.73,4.50
2011.06.28 01:59:47.474,0.80809,0.8082,1.13,1.50
2011.06.28 01:59:48.022,0.80808,0.80819,1.13,1.50
2011.06.28 01:59:49.041,0.8081,0.80819,1.50,1.50
2011.06.28 01:59:49.152,0.80811,0.8082,1.50,6.00
2011.06.28 01:59:50.034,0.80811,0.80819,1.50,2.25
2011.06.28 01:59:50.256,0.80809,0.80817,1.50,1.88
2011.06.28 01:59:50.483,0.80808,0.80817,1.50,1.88
2011.06.28 01:59:50.925,0.80804,0.8081,2.25,1.13
2011.06.28 01:59:51.143,0.80803,0.8081,1.50,1.13
2011.06.28 01:59:51.692,0.80803,0.8081,4.50,1.13
2011.06.28 01:59:52.132,0.80802,0.80812,1.50,1.88
2011.06.28 01:59:52.683,0.80802,0.80812,1.50,1.88
2011.06.28 01:59:54.806,0.80802,0.80811,1.50,1.50
2011.06.28 01:59:55.363,0.80801,0.80811,1.50,1.50
2011.06.28 01:59:56.133,0.80801,0.8081,1.50,1.50
2011.06.28 01:59:56.245,0.808,0.80809,2.25,1.50
2011.06.28 01:59:56.795,0.808,0.80809,1.50,2.25
2011.06.28 01:59:57.135,0.80805,0.80811,1.50,1.50
2011.06.28 01:59:57.364,0.80804,0.80813,1.50,1.50
2011.06.28 01:59:57.473,0.80803,0.80811,1.50,1.13
2011.06.28 01:59:58.022,0.80802,0.80811,3.75,1.13
2011.06.28 01:59:58.583,0.80799,0.80811,2.25,6.38
2011.06.28 01:59:59.132,0.80799,0.8081,3.00,1.50
2011.06.28 01:59:59.904,0.80799,0.80808,3.00,1.13
