2009.06.22 06:00:00.679,0.9602,0.96025,2.60,8.00
2009.06.22 06:00:00.909,0.96025,0.9603,1.00,11.20
2009.06.22 06:00:01.190,0.96025,0.9603,5.80,8.00
2009.06.22 06:00:01.299,0.96025,0.96035,5.80,9.20
2009.06.22 06:00:02.318,0.96025,0.9603,5.80,8.00
2009.06.22 06:00:02.369,0.96025,0.9603,9.00,8.00
2009.06.22 06:00:02.539,0.9603,0.96035,2.60,8.60
2009.06.22 06:00:02.659,0.9603,0.96035,5.80,9.20
2009.06.22 06:00:02.718,0.96025,0.96035,5.80,8.00
2009.06.22 06:00:02.828,0.96025,0.96035,5.80,8.20
2009.06.22 06:00:02.889,0.96025,0.9603,5.80,8.00
2009.06.22 06:00:04.078,0.9602,0.9603,10.60,11.20
2009.06.22 06:00:04.478,0.9602,0.9603,5.80,11.20
2009.06.22 06:00:05.238,0.9602,0.9603,5.80,12.40
2009.06.22 06:00:08.167,0.96025,0.96035,5.80,10.20
2009.06.22 06:00:09.067,0.96025,0.9603,1.60,7.00
2009.06.22 06:00:09.227,0.96015,0.96025,3.20,8.00
2009.06.22 06:00:09.407,0.96015,0.96025,3.20,9.00
2009.06.22 06:00:09.707,0.9601,0.96015,4.80,8.00
2009.06.22 06:00:09.987,0.96005,0.9601,1.60,8.00
2009.06.22 06:00:10.277,0.96,0.96005,4.80,8.00
2009.06.22 06:00:11.017,0.95995,0.96,1.60,8.60
2009.06.22 06:00:11.296,0.96,0.96005,1.60,9.70
2009.06.22 06:00:11.527,0.96,0.96005,5.80,7.40
2009.06.22 06:00:11.816,0.96,0.9601,4.20,2.10
2009.06.22 06:00:12.147,0.96,0.96015,6.20,13.00
2009.06.22 06:00:12.536,0.96005,0.9602,10.60,2.80
2009.06.22 06:00:13.216,0.9601,0.9602,4.80,8.00
2009.06.22 06:00:16.026,0.96005,0.96015,4.80,8.00
2009.06.22 06:00:16.265,0.96005,0.9601,4.80,8.00
2009.06.22 06:00:20.354,0.96005,0.96015,4.80,8.00
2009.06.22 06:00:20.814,0.96005,0.9601,4.80,3.20
2009.06.22 06:00:20.924,0.96005,0.9601,4.80,3.80
2009.06.22 06:00:20.984,0.96005,0.9601,3.20,3.80
2009.06.22 06:00:21.044,0.96,0.9601,4.80,3.80
2009.06.22 06:00:24.063,0.95985,0.95995,4.80,8.00
2009.06.22 06:00:24.403,0.9598,0.95995,4.80,14.00
2009.06.22 06:00:24.753,0.9598,0.9599,4.80,1.60
2009.06.22 06:00:29.602,0.95975,0.95985,5.80,1.60
2009.06.22 06:00:32.111,0.9598,0.95985,7.40,1.20
2009.06.22 06:00:32.931,0.9598,0.95985,5.60,1.20
2009.06.22 06:00:33.031,0.95975,0.95985,9.40,1.20
2009.06.22 06:00:33.541,0.95975,0.9599,9.40,2.80
2009.06.22 06:00:34.981,0.95975,0.95985,9.40,1.20
2009.06.22 06:00:39.999,0.95995,0.96005,1.60,2.80
2009.06.22 06:00:40.289,0.95995,0.96,1.60,3.20
2009.06.22 06:00:40.629,0.95985,0.96,7.20,8.00
2009.06.22 06:00:40.859,0.95985,0.96,1.60,10.80
2009.06.22 06:00:41.029,0.95985,0.95995,1.60,8.00
2009.06.22 06:00:41.369,0.9598,0.9599,7.40,1.20
2009.06.22 06:00:41.549,0.95975,0.95985,8.40,1.20
2009.06.22 06:00:41.779,0.95975,0.95985,7.40,1.20
2009.06.22 06:00:41.959,0.9598,0.9599,3.20,2.80
2009.06.22 06:00:42.309,0.9598,0.9599,13.80,1.60
2009.06.22 06:00:42.609,0.9598,0.95995,13.80,8.00
2009.06.22 06:00:43.589,0.9599,0.96,3.20,27.80
2009.06.22 06:00:43.819,0.9599,0.96,3.20,11.20
2009.06.22 06:00:44.109,0.9599,0.96,3.20,3.20
2009.06.22 06:00:45.608,0.9599,0.96,3.20,8.00
2009.06.22 06:00:45.668,0.9599,0.96,3.20,9.60
2009.06.22 06:00:45.728,0.95985,0.9599,4.00,1.60
2009.06.22 06:00:45.788,0.95985,0.9599,1.60,3.20
2009.06.22 06:00:45.908,0.9598,0.9599,10.60,3.20
2009.06.22 06:00:45.968,0.9598,0.9599,3.20,3.20
2009.06.22 06:00:46.238,0.9598,0.9599,4.80,3.20
2009.06.22 06:00:46.928,0.9598,0.9599,4.80,11.20
2009.06.22 06:00:47.108,0.9598,0.9599,4.80,3.20
2009.06.22 06:01:13.373,0.9597,0.9598,12.80,4.20
2009.06.22 06:01:13.652,0.9596,0.9597,17.20,1.60
2009.06.22 06:01:13.942,0.95955,0.9597,10.40,2.80
2009.06.22 06:01:14.281,0.95955,0.95965,10.40,1.60
2009.06.22 06:01:14.742,0.9595,0.9596,4.80,1.60
2009.06.22 06:01:16.451,0.9595,0.95965,10.40,2.80
2009.06.22 06:01:16.681,0.95955,0.9596,1.60,1.60
2009.06.22 06:01:17.080,0.95955,0.95965,1.60,1.60
2009.06.22 06:01:17.490,0.95955,0.95965,4.80,1.60
2009.06.22 06:01:20.510,0.95955,0.9597,4.80,16.80
2009.06.22 06:01:26.378,0.95955,0.9597,10.40,15.60
2009.06.22 06:01:26.428,0.9596,0.9597,1.60,14.20
2009.06.22 06:01:26.608,0.9596,0.9597,4.80,9.40
2009.06.22 06:01:26.908,0.95955,0.9597,10.60,3.20
2009.06.22 06:01:27.298,0.95955,0.9597,10.40,9.60
2009.06.22 06:01:28.058,0.95955,0.9597,10.40,9.20
2009.06.22 06:01:33.487,0.9596,0.9597,4.80,1.80
2009.06.22 06:01:34.246,0.9596,0.9597,4.80,1.00
2009.06.22 06:01:39.815,0.95965,0.9597,4.80,1.00
2009.06.22 06:01:39.985,0.95965,0.9597,4.80,1.00
2009.06.22 06:01:40.225,0.95965,0.95975,4.80,1.60
2009.06.22 06:01:41.325,0.95965,0.95975,5.80,1.60
2009.06.22 06:01:41.495,0.9597,0.9598,4.80,12.40
2009.06.22 06:01:41.605,0.9597,0.95985,4.80,5.80
2009.06.22 06:01:42.964,0.9598,0.95985,3.20,11.00
2009.06.22 06:01:43.144,0.9598,0.95985,4.80,11.00
2009.06.22 06:01:43.264,0.9598,0.95985,4.80,1.20
2009.06.22 06:01:43.324,0.9598,0.95995,4.80,7.20
2009.06.22 06:01:43.444,0.9598,0.95995,4.80,6.80
2009.06.22 06:01:43.594,0.9598,0.95995,4.80,6.40
2009.06.22 06:01:44.384,0.95975,0.9599,10.40,15.60
2009.06.22 06:01:44.904,0.95975,0.9599,10.40,16.40
2009.06.22 06:01:50.082,0.95975,0.9599,4.80,16.40
2009.06.22 06:01:53.092,0.9598,0.9599,4.80,1.00
2009.06.22 06:01:53.412,0.9598,0.9599,4.80,2.60
2009.06.22 06:01:53.802,0.9598,0.9599,3.20,10.80
2009.06.22 06:01:54.041,0.95975,0.9599,4.80,10.60
2009.06.22 06:01:54.862,0.95975,0.9599,4.80,18.00
2009.06.22 06:01:56.871,0.95975,0.9599,4.80,17.60
2009.06.22 06:01:57.511,0.95975,0.9599,4.80,18.20
2009.06.22 06:01:59.870,0.95975,0.9599,7.40,18.20
2009.06.22 06:02:00.030,0.9598,0.9599,4.80,3.80
2009.06.22 06:02:00.560,0.9598,0.9599,4.80,3.20
2009.06.22 06:02:38.721,0.95985,0.9599,4.80,6.60
2009.06.22 06:02:38.951,0.95985,0.9599,4.80,1.80
2009.06.22 06:02:39.341,0.95985,0.9599,4.80,1.00
2009.06.22 06:02:39.570,0.95985,0.95995,4.80,6.20
2009.06.22 06:02:42.130,0.95985,0.95995,4.80,4.80
2009.06.22 06:02:42.410,0.9599,0.95995,4.80,1.60
2009.06.22 06:02:42.640,0.95985,0.96,4.80,8.80
2009.06.22 06:02:46.769,0.95985,0.96,4.80,8.40
2009.06.22 06:02:46.829,0.95985,0.96,4.80,8.00
2009.06.22 06:03:12.353,0.95985,0.96,4.80,8.60
2009.06.22 06:03:12.473,0.95985,0.96,4.80,10.00
2009.06.22 06:03:13.453,0.95985,0.96,4.80,9.40
2009.06.22 06:03:13.792,0.95985,0.96,4.80,8.00
2009.06.22 06:03:14.142,0.95985,0.96,4.80,9.00
2009.06.22 06:03:14.442,0.95985,0.96,4.80,10.80
2009.06.22 06:03:19.471,0.95985,0.96,4.80,10.60
2009.06.22 06:03:20.861,0.9599,0.96,4.80,3.20
2009.06.22 06:03:43.095,0.9598,0.9599,3.20,3.20
2009.06.22 06:04:18.067,0.9598,0.9599,12.00,3.20
2009.06.22 06:04:18.247,0.9598,0.9599,12.20,3.20
2009.06.22 06:04:18.307,0.95985,0.95995,1.60,1.60
2009.06.22 06:04:18.547,0.95985,0.96,1.60,14.20
2009.06.22 06:04:18.767,0.95985,0.96,5.60,14.20
2009.06.22 06:04:20.826,0.95985,0.96,8.80,11.00
2009.06.22 06:04:24.875,0.95985,0.96,10.40,7.00
2009.06.22 06:04:25.405,0.95985,0.96,4.80,7.80
2009.06.22 06:04:25.525,0.9598,0.9599,4.80,3.20
2009.06.22 06:04:27.185,0.95985,0.95995,4.80,6.80
2009.06.22 06:04:27.245,0.95985,0.95995,4.80,4.40
2009.06.22 06:04:27.355,0.95985,0.95995,4.80,1.60
2009.06.22 06:04:27.415,0.95985,0.96,4.80,6.20
2009.06.22 06:04:27.645,0.95985,0.96,4.80,5.40
2009.06.22 06:04:27.705,0.95985,0.96,4.80,3.80
2009.06.22 06:04:28.224,0.9599,0.96,1.60,1.40
2009.06.22 06:04:28.514,0.9599,0.96,4.80,3.20
2009.06.22 06:04:32.503,0.95995,0.96005,4.80,6.20
2009.06.22 06:04:32.784,0.95995,0.96,1.60,3.20
2009.06.22 06:04:32.903,0.9599,0.96,5.00,3.20
2009.06.22 06:04:38.052,0.95985,0.96,10.40,19.80
2009.06.22 06:04:38.162,0.95985,0.95995,4.80,1.60
2009.06.22 06:04:38.722,0.95985,0.9599,4.80,1.60
2009.06.22 06:04:38.992,0.9599,0.96,1.00,6.10
2009.06.22 06:04:39.292,0.95995,0.96,1.60,1.00
2009.06.22 06:04:39.672,0.95995,0.96005,4.80,2.20
2009.06.22 06:04:40.681,0.95995,0.96005,4.80,1.60
2009.06.22 06:04:41.761,0.95995,0.96005,4.80,8.00
2009.06.22 06:04:51.579,0.9599,0.96,4.80,3.20
2009.06.22 06:04:58.897,0.95985,0.96,4.80,10.80
2009.06.22 06:04:58.957,0.9599,0.96,3.20,6.00
2009.06.22 06:04:59.307,0.9599,0.96,4.80,3.20
2009.06.22 06:04:59.647,0.95985,0.96,4.80,14.00
2009.06.22 06:05:00.117,0.95985,0.96,4.80,19.40
2009.06.22 06:05:00.237,0.95985,0.95995,4.80,8.00
2009.06.22 06:05:04.276,0.95985,0.95995,4.80,12.40
2009.06.22 06:05:04.446,0.95985,0.95995,4.80,8.00
2009.06.22 06:05:05.126,0.95985,0.95995,4.80,10.80
2009.06.22 06:05:05.675,0.95985,0.95995,4.80,8.00
2009.06.22 06:05:14.263,0.95985,0.96,4.80,20.00
2009.06.22 06:05:14.604,0.95985,0.95995,4.80,3.20
2009.06.22 06:05:14.993,0.95985,0.96,4.80,20.00
2009.06.22 06:05:15.214,0.95985,0.96,4.80,21.60
2009.06.22 06:05:15.443,0.95985,0.96,4.80,22.00
2009.06.22 06:05:15.733,0.95985,0.96,4.80,21.60
2009.06.22 06:05:16.943,0.95985,0.96,4.80,18.40
2009.06.22 06:05:18.023,0.95985,0.96,4.80,19.20
2009.06.22 06:05:18.313,0.9598,0.95985,1.00,1.00
2009.06.22 06:05:18.602,0.9598,0.9599,3.20,4.40
2009.06.22 06:05:18.932,0.9598,0.95995,4.80,5.80
2009.06.22 06:05:20.422,0.9598,0.9599,4.80,8.00
2009.06.22 06:05:20.652,0.9598,0.9599,3.20,17.40
2009.06.22 06:05:20.712,0.95975,0.95985,4.80,1.40
2009.06.22 06:05:20.982,0.95975,0.9599,4.80,19.40
2009.06.22 06:05:21.042,0.9597,0.95985,4.80,12.40
2009.06.22 06:05:21.152,0.95975,0.95985,1.00,12.40
2009.06.22 06:05:21.382,0.9598,0.95985,1.60,1.20
2009.06.22 06:05:21.561,0.95985,0.95995,4.80,10.20
2009.06.22 06:05:21.782,0.95985,0.95995,4.80,1.00
2009.06.22 06:05:21.951,0.95985,0.96,4.80,19.20
2009.06.22 06:05:22.191,0.95985,0.96,4.80,18.00
2009.06.22 06:05:22.551,0.95985,0.96,4.80,9.20
2009.06.22 06:05:22.731,0.95985,0.96,10.40,9.20
2009.06.22 06:05:23.011,0.95985,0.96,10.40,17.40
2009.06.22 06:05:24.331,0.95985,0.96,4.80,17.40
2009.06.22 06:05:24.611,0.95985,0.96,4.80,18.00
2009.06.22 06:05:24.881,0.9598,0.95995,10.60,4.40
2009.06.22 06:05:25.111,0.95985,0.95995,3.20,9.20
2009.06.22 06:05:25.341,0.95985,0.96,4.80,20.80
2009.06.22 06:05:25.691,0.95985,0.96,4.80,20.00
2009.06.22 06:05:25.851,0.95985,0.96,4.80,21.60
2009.06.22 06:05:26.011,0.9598,0.9599,4.80,3.20
2009.06.22 06:05:27.041,0.95975,0.9599,10.40,12.40
2009.06.22 06:05:27.220,0.95975,0.9599,10.40,13.80
2009.06.22 06:05:27.450,0.95975,0.9599,10.40,17.00
2009.06.22 06:05:27.680,0.9597,0.95985,4.80,1.20
2009.06.22 06:05:28.020,0.9597,0.95985,1.60,10.00
2009.06.22 06:05:28.351,0.95985,0.9599,3.20,9.20
2009.06.22 06:05:28.760,0.9598,0.95985,3.20,8.00
2009.06.22 06:05:29.220,0.9598,0.9599,3.20,9.20
2009.06.22 06:05:30.369,0.9598,0.9599,4.80,8.00
2009.06.22 06:05:30.949,0.95975,0.95985,5.60,1.20
2009.06.22 06:05:31.609,0.95975,0.9599,7.40,8.00
2009.06.22 06:05:31.729,0.95985,0.9599,1.60,8.00
2009.06.22 06:05:31.969,0.9598,0.96,17.20,20.40
2009.06.22 06:05:32.209,0.9598,0.96,13.40,22.00
2009.06.22 06:05:32.489,0.9598,0.96,13.40,14.00
2009.06.22 06:05:34.619,0.9599,0.96,1.60,14.00
2009.06.22 06:05:34.788,0.95985,0.95995,1.60,1.60
2009.06.22 06:05:35.018,0.9598,0.9599,17.20,1.60
2009.06.22 06:05:35.238,0.9598,0.9599,1.60,1.60
2009.06.22 06:05:35.348,0.95975,0.9599,7.20,1.60
2009.06.22 06:05:35.408,0.95975,0.9599,7.60,1.60
2009.06.22 06:05:35.609,0.95985,0.95995,1.60,8.00
2009.06.22 06:05:37.908,0.9599,0.95995,3.20,8.00
2009.06.22 06:05:38.128,0.9599,0.96,3.20,3.20
2009.06.22 06:05:38.458,0.95985,0.96,1.60,3.20
2009.06.22 06:05:38.517,0.95985,0.96,1.60,12.40
2009.06.22 06:05:38.737,0.95985,0.96,4.80,9.20
2009.06.22 06:05:39.188,0.95985,0.95995,3.20,1.60
2009.06.22 06:05:40.237,0.95985,0.95995,3.20,6.40
2009.06.22 06:05:40.347,0.95975,0.95985,18.40,2.80
2009.06.22 06:05:40.577,0.95975,0.95985,10.40,1.20
2009.06.22 06:05:40.797,0.95975,0.9599,10.40,9.20
2009.06.22 06:05:40.857,0.95975,0.9599,10.40,15.80
2009.06.22 06:05:41.907,0.95975,0.9599,10.40,15.40
2009.06.22 06:05:43.346,0.95975,0.9599,10.40,7.40
2009.06.22 06:05:43.906,0.9598,0.9599,4.80,3.20
2009.06.22 06:05:50.245,0.95985,0.9599,2.60,3.20
2009.06.22 06:05:50.425,0.9599,0.96,4.80,3.80
2009.06.22 06:05:50.655,0.9599,0.96,4.80,3.20
2009.06.22 06:05:53.784,0.9599,0.96,10.60,3.20
2009.06.22 06:05:53.904,0.96,0.96005,3.20,4.40
2009.06.22 06:05:54.184,0.96005,0.9601,1.60,8.00
2009.06.22 06:05:54.354,0.96005,0.9601,1.60,2.40
2009.06.22 06:05:54.474,0.96005,0.9601,1.60,2.00
2009.06.22 06:05:54.764,0.96005,0.9601,4.80,1.60
2009.06.22 06:05:55.563,0.96005,0.9602,4.80,10.00
2009.06.22 06:05:56.833,0.96005,0.96015,1.60,8.00
2009.06.22 06:05:57.533,0.96005,0.9601,1.60,1.60
2009.06.22 06:05:57.763,0.96005,0.9601,1.60,1.80
2009.06.22 06:05:57.823,0.96005,0.9601,1.60,2.20
2009.06.22 06:05:58.053,0.96005,0.9601,1.60,1.60
2009.06.22 06:05:59.003,0.96005,0.96015,1.60,8.00
2009.06.22 06:06:02.532,0.96,0.96015,3.20,1.60
2009.06.22 06:06:02.762,0.96005,0.96015,1.60,1.60
2009.06.22 06:06:03.002,0.96005,0.96015,1.60,8.00
2009.06.22 06:06:03.231,0.96005,0.96015,1.60,8.80
2009.06.22 06:06:08.150,0.96,0.96015,4.80,9.60
2009.06.22 06:06:09.080,0.96,0.96015,7.40,9.60
2009.06.22 06:06:09.310,0.96005,0.9602,4.80,21.60
2009.06.22 06:06:09.590,0.96005,0.9602,4.80,21.00
2009.06.22 06:06:11.420,0.96005,0.96015,4.80,3.20
2009.06.22 06:06:11.600,0.96005,0.9602,4.80,22.60
2009.06.22 06:06:11.880,0.96005,0.9602,4.80,10.00
2009.06.22 06:06:12.060,0.96005,0.9602,4.80,5.40
2009.06.22 06:06:12.400,0.96005,0.9602,4.80,8.00
2009.06.22 06:06:12.689,0.96005,0.9602,4.80,7.40
2009.06.22 06:06:18.448,0.96005,0.9602,4.80,8.20
2009.06.22 06:06:18.508,0.96005,0.9602,4.80,9.20
2009.06.22 06:06:19.328,0.96005,0.96015,4.80,1.60
2009.06.22 06:06:19.618,0.96005,0.9601,4.80,1.00
2009.06.22 06:06:21.367,0.96005,0.9601,3.20,1.00
2009.06.22 06:06:23.946,0.96005,0.9601,3.20,1.00
2009.06.22 06:06:24.167,0.9601,0.9602,3.20,8.60
2009.06.22 06:06:24.346,0.9601,0.9602,3.20,5.00
2009.06.22 06:06:24.566,0.9601,0.9602,3.20,4.40
2009.06.22 06:06:24.796,0.9601,0.9602,5.00,3.80
2009.06.22 06:06:25.017,0.9601,0.9602,10.60,2.60
2009.06.22 06:06:25.246,0.96025,0.9603,1.60,1.00
2009.06.22 06:06:25.406,0.9602,0.96035,5.00,7.40
2009.06.22 06:06:25.586,0.9602,0.9603,7.40,1.60
2009.06.22 06:06:25.756,0.9602,0.9603,3.20,2.20
2009.06.22 06:06:25.936,0.96015,0.9603,6.20,4.00
2009.06.22 06:06:26.096,0.96015,0.9603,3.20,4.20
2009.06.22 06:06:26.266,0.96015,0.9603,3.20,13.60
2009.06.22 06:06:26.626,0.96015,0.96025,4.80,8.00
2009.06.22 06:06:27.316,0.96015,0.96025,3.20,8.00
2009.06.22 06:06:27.376,0.96015,0.96025,3.20,9.20
2009.06.22 06:06:27.717,0.96015,0.96025,3.20,8.00
2009.06.22 06:06:27.886,0.96015,0.96025,3.20,8.80
2009.06.22 06:06:27.946,0.96015,0.9602,3.20,2.80
2009.06.22 06:06:28.065,0.96015,0.9602,3.20,3.20
2009.06.22 06:06:28.125,0.96015,0.9602,3.20,3.60
2009.06.22 06:06:28.365,0.96005,0.96015,6.90,1.20
2009.06.22 06:06:28.486,0.96015,0.9602,8.80,1.00
2009.06.22 06:06:28.716,0.96015,0.96025,4.80,1.20
2009.06.22 06:06:29.045,0.96015,0.96025,3.20,1.20
2009.06.22 06:06:29.225,0.9602,0.96025,3.20,1.20
2009.06.22 06:06:29.455,0.9602,0.9603,3.20,16.80
2009.06.22 06:06:29.925,0.9602,0.9603,3.20,16.60
2009.06.22 06:06:30.265,0.9602,0.96025,3.20,1.20
2009.06.22 06:06:31.115,0.9602,0.9603,3.20,16.60
2009.06.22 06:06:32.174,0.9602,0.9603,3.20,8.60
2009.06.22 06:06:32.734,0.9602,0.96025,3.20,1.20
2009.06.22 06:06:36.214,0.9602,0.9603,3.20,16.60
2009.06.22 06:06:37.133,0.9601,0.9602,8.40,1.20
2009.06.22 06:06:37.643,0.9601,0.9602,8.60,1.20
2009.06.22 06:06:39.343,0.96015,0.9602,3.20,1.20
2009.06.22 06:06:39.683,0.96015,0.9602,3.20,1.20
2009.06.22 06:06:41.262,0.96015,0.9602,3.20,1.40
2009.06.22 06:06:41.502,0.96015,0.9602,3.20,1.60
2009.06.22 06:06:43.402,0.9601,0.9602,3.20,5.20
2009.06.22 06:06:43.862,0.95995,0.96005,3.20,1.20
2009.06.22 06:06:44.202,0.9599,0.96,4.80,1.60
2009.06.22 06:06:44.592,0.9599,0.96,3.20,10.80
2009.06.22 06:06:45.621,0.9599,0.96,3.20,8.00
2009.06.22 06:06:46.191,0.96005,0.9601,3.20,9.50
2009.06.22 06:06:46.651,0.9601,0.9602,3.20,17.20
2009.06.22 06:06:47.071,0.9601,0.9602,3.20,3.80
2009.06.22 06:06:51.710,0.96005,0.9602,4.80,12.20
2009.06.22 06:06:51.870,0.96005,0.9602,4.80,19.80
2009.06.22 06:06:52.330,0.96005,0.9601,3.20,1.20
2009.06.22 06:06:53.330,0.96,0.96015,4.80,8.00
2009.06.22 06:06:53.509,0.96,0.9601,3.20,1.60
2009.06.22 06:06:53.909,0.95995,0.9601,10.40,3.40
2009.06.22 06:06:54.259,0.95995,0.96005,3.20,1.60
2009.06.22 06:06:54.949,0.95995,0.96,3.20,1.60
2009.06.22 06:06:55.299,0.9599,0.96,4.80,1.60
2009.06.22 06:06:55.589,0.9599,0.96,3.20,1.60
2009.06.22 06:06:55.950,0.9599,0.96,3.20,8.00
2009.06.22 06:06:57.239,0.95985,0.96,4.80,8.00
2009.06.22 06:06:57.520,0.95985,0.96,3.20,10.80
2009.06.22 06:06:57.759,0.95985,0.95995,3.20,1.60
2009.06.22 06:06:57.929,0.9598,0.95995,5.00,8.00
2009.06.22 06:06:58.228,0.95985,0.9599,1.60,1.60
2009.06.22 06:06:58.928,0.9598,0.9599,2.60,1.60
2009.06.22 06:06:59.328,0.95985,0.96,1.60,8.00
2009.06.22 06:06:59.548,0.95985,0.96,7.20,8.00
2009.06.22 06:07:00.977,0.9599,0.96005,1.60,9.00
2009.06.22 06:07:01.248,0.9599,0.96005,1.60,8.20
2009.06.22 06:07:01.537,0.95995,0.96005,4.80,8.00
2009.06.22 06:07:01.868,0.95985,0.96,10.40,1.20
2009.06.22 06:07:02.258,0.95985,0.96,10.40,12.40
2009.06.22 06:07:02.607,0.95985,0.95995,8.80,4.40
2009.06.22 06:07:02.887,0.95985,0.96,8.80,23.40
2009.06.22 06:07:04.317,0.95985,0.96,8.80,19.00
2009.06.22 06:07:04.607,0.9599,0.96,3.20,8.00
2009.06.22 06:07:06.956,0.95995,0.96005,3.20,14.00
2009.06.22 06:07:07.116,0.95995,0.96005,3.20,8.00
2009.06.22 06:07:07.356,0.95995,0.96005,3.20,10.80
2009.06.22 06:07:08.036,0.95995,0.96005,4.80,8.00
2009.06.22 06:07:08.266,0.95995,0.96005,3.20,8.00
2009.06.22 06:07:08.546,0.96,0.9601,3.20,12.40
2009.06.22 06:07:08.776,0.96005,0.9601,1.60,8.60
2009.06.22 06:07:11.305,0.9599,0.96,8.80,3.00
2009.06.22 06:07:11.655,0.9599,0.96,8.80,11.00
2009.06.22 06:07:12.115,0.9599,0.96,3.20,11.00
2009.06.22 06:07:12.415,0.96,0.96005,3.20,2.00
2009.06.22 06:07:12.635,0.96005,0.9601,1.60,12.60
2009.06.22 06:07:12.865,0.96005,0.9601,1.60,8.00
2009.06.22 06:07:13.105,0.96005,0.96015,4.80,9.40
2009.06.22 06:07:13.385,0.96015,0.9602,1.60,8.60
2009.06.22 06:07:13.674,0.9601,0.96015,3.20,8.00
2009.06.22 06:07:14.065,0.9601,0.96015,1.60,8.00
2009.06.22 06:07:14.644,0.96,0.96015,4.80,8.00
2009.06.22 06:07:15.314,0.96,0.9601,3.20,4.40
2009.06.22 06:07:15.494,0.95995,0.9601,10.60,2.80
2009.06.22 06:07:15.554,0.95995,0.9601,8.80,7.00
2009.06.22 06:07:15.664,0.95995,0.96005,8.80,1.60
2009.06.22 06:07:15.944,0.95995,0.96005,3.20,1.60
2009.06.22 06:07:16.524,0.96,0.9601,4.80,8.60
2009.06.22 06:07:16.684,0.96,0.9601,3.20,8.60
2009.06.22 06:07:16.794,0.96,0.9601,6.40,8.60
2009.06.22 06:07:17.144,0.96,0.9601,9.60,8.00
2009.06.22 06:07:17.374,0.96,0.9601,4.80,1.80
2009.06.22 06:07:17.744,0.96005,0.9601,3.20,1.80
2009.06.22 06:07:18.154,0.96005,0.96015,3.20,2.20
2009.06.22 06:07:18.424,0.96005,0.96015,3.20,8.60
2009.06.22 06:07:18.644,0.96005,0.96015,3.20,9.20
2009.06.22 06:07:18.994,0.96005,0.96015,4.80,9.20
2009.06.22 06:07:19.223,0.96015,0.9602,1.60,9.80
2009.06.22 06:07:19.553,0.96015,0.9602,1.60,6.40
2009.06.22 06:07:19.893,0.9601,0.9602,4.80,8.60
2009.06.22 06:07:24.252,0.9601,0.9602,4.80,5.00
2009.06.22 06:07:24.732,0.96015,0.9602,1.60,4.20
2009.06.22 06:07:25.052,0.96015,0.9602,1.60,4.60
2009.06.22 06:07:25.282,0.9601,0.9602,4.80,5.00
2009.06.22 06:07:26.971,0.9601,0.9602,4.80,8.60
2009.06.22 06:07:27.471,0.9601,0.9602,1.60,8.60
2009.06.22 06:07:30.311,0.96,0.9601,2.90,1.00
2009.06.22 06:07:30.541,0.96,0.9601,13.00,1.00
2009.06.22 06:07:30.760,0.96,0.9601,13.80,3.00
2009.06.22 06:07:31.051,0.96,0.9601,3.20,3.20
2009.06.22 06:07:31.330,0.96,0.9601,3.20,3.80
2009.06.22 06:07:31.680,0.96005,0.9601,1.60,4.00
2009.06.22 06:07:31.910,0.96,0.96005,1.60,8.00
2009.06.22 06:07:32.190,0.96,0.9601,3.20,14.00
2009.06.22 06:07:32.420,0.96,0.9601,3.20,8.60
2009.06.22 06:07:32.650,0.96,0.9601,3.20,14.00
2009.06.22 06:07:33.320,0.96,0.96005,3.20,1.20
2009.06.22 06:07:33.820,0.96,0.9601,3.20,14.00
2009.06.22 06:07:35.090,0.96,0.9601,7.40,14.00
2009.06.22 06:07:35.479,0.96005,0.96015,3.20,11.20
2009.06.22 06:07:35.819,0.96005,0.9601,3.20,2.40
2009.06.22 06:07:36.169,0.96005,0.9601,3.20,1.20
2009.06.22 06:07:37.249,0.96005,0.9601,3.20,1.00
2009.06.22 06:07:37.369,0.96005,0.96015,3.20,2.20
2009.06.22 06:07:37.549,0.96005,0.96015,5.60,2.20
2009.06.22 06:07:39.468,0.96005,0.96015,3.20,2.20
2009.06.22 06:07:40.598,0.95995,0.96,5.60,3.20
2009.06.22 06:07:40.928,0.95995,0.96,1.60,3.20
2009.06.22 06:07:41.228,0.9599,0.96,3.20,11.20
2009.06.22 06:07:41.518,0.95985,0.9599,3.20,1.60
2009.06.22 06:07:41.908,0.95985,0.95995,3.20,8.00
2009.06.22 06:07:42.967,0.95985,0.96,3.20,21.20
2009.06.22 06:07:43.867,0.95985,0.96,3.20,20.60
2009.06.22 06:07:44.097,0.9599,0.96,3.20,15.80
2009.06.22 06:07:44.557,0.9599,0.96,3.20,3.20
2009.06.22 06:07:45.917,0.9599,0.96,7.70,9.60
2009.06.22 06:07:46.087,0.9599,0.96,8.80,8.00
2009.06.22 06:07:46.247,0.96,0.9601,3.20,27.20
2009.06.22 06:07:46.477,0.96,0.9601,3.20,11.20
2009.06.22 06:07:46.597,0.96005,0.9601,3.20,3.60
2009.06.22 06:07:46.817,0.96005,0.9601,3.20,1.20
2009.06.22 06:07:46.977,0.96005,0.96015,3.20,1.60
2009.06.22 06:07:49.116,0.96,0.9601,7.40,2.20
2009.06.22 06:07:49.347,0.96,0.96005,1.60,7.80
2009.06.22 06:07:49.626,0.96,0.96005,3.20,4.40
2009.06.22 06:07:49.846,0.96,0.9601,3.20,15.60
2009.06.22 06:07:50.066,0.96,0.9601,3.20,14.00
2009.06.22 06:07:50.236,0.96,0.9601,3.20,12.60
2009.06.22 06:07:52.835,0.95995,0.9601,4.80,14.60
2009.06.22 06:07:53.105,0.95995,0.9601,4.80,17.80
2009.06.22 06:07:53.405,0.95995,0.96005,3.20,1.60
2009.06.22 06:07:59.154,0.95995,0.96,3.20,1.60
2009.06.22 06:07:59.384,0.95995,0.96005,3.20,8.00
2009.06.22 06:07:59.724,0.9599,0.96,7.40,3.20
2009.06.22 06:07:59.944,0.9599,0.96,3.20,3.80
2009.06.22 06:08:00.114,0.9599,0.96,3.20,13.20
2009.06.22 06:08:00.823,0.9599,0.96,3.20,11.20
2009.06.22 06:08:04.373,0.9599,0.96,3.20,12.40
2009.06.22 06:08:04.812,0.95985,0.96,3.20,10.80
2009.06.22 06:08:05.042,0.95985,0.95995,3.20,8.00
2009.06.22 06:08:05.612,0.9598,0.9599,4.80,8.00
2009.06.22 06:08:06.032,0.95985,0.9599,1.60,8.00
2009.06.22 06:08:06.862,0.9598,0.95985,4.80,8.00
2009.06.22 06:08:07.661,0.95975,0.95985,3.20,9.20
2009.06.22 06:08:07.771,0.95975,0.95985,4.80,8.00
2009.06.22 06:08:09.131,0.95975,0.95985,3.20,8.00
2009.06.22 06:08:09.401,0.95975,0.95985,3.20,9.20
2009.06.22 06:08:09.691,0.9598,0.9599,3.20,17.60
2009.06.22 06:08:10.021,0.95975,0.95985,4.80,8.00
2009.06.22 06:08:11.121,0.95975,0.95985,3.20,8.00
2009.06.22 06:08:11.351,0.9597,0.95985,3.20,10.80
2009.06.22 06:08:11.531,0.9597,0.9598,3.20,1.60
2009.06.22 06:08:11.930,0.9597,0.9598,3.20,2.20
2009.06.22 06:08:12.041,0.9597,0.9598,3.20,2.80
2009.06.22 06:08:12.161,0.9597,0.9598,9.40,1.20
2009.06.22 06:08:12.381,0.95975,0.9598,3.20,1.20
2009.06.22 06:08:12.491,0.95975,0.95985,3.20,2.20
2009.06.22 06:08:12.760,0.95975,0.95985,3.20,1.60
2009.06.22 06:08:13.110,0.95975,0.9599,3.20,19.00
2009.06.22 06:08:13.860,0.95975,0.9599,4.80,19.00
2009.06.22 06:08:15.090,0.95975,0.9599,4.80,18.20
2009.06.22 06:08:15.260,0.95975,0.95985,1.60,1.60
2009.06.22 06:08:15.709,0.95975,0.9598,1.60,1.60
2009.06.22 06:08:18.189,0.95965,0.95975,13.80,1.60
2009.06.22 06:08:18.489,0.95965,0.9598,13.80,14.80
2009.06.22 06:08:19.459,0.95965,0.95975,13.80,1.60
2009.06.22 06:08:19.839,0.95965,0.95975,11.40,1.60
2009.06.22 06:08:20.289,0.95965,0.9597,4.80,1.60
2009.06.22 06:08:24.917,0.95965,0.95975,4.80,1.60
2009.06.22 06:08:32.696,0.95975,0.9598,1.60,1.60
2009.06.22 06:08:33.435,0.95975,0.9598,1.60,2.80
2009.06.22 06:08:33.495,0.95975,0.9598,1.60,6.00
2009.06.22 06:08:33.675,0.9597,0.9598,3.20,6.00
2009.06.22 06:08:33.725,0.9597,0.95975,3.20,1.60
2009.06.22 06:08:34.065,0.95965,0.95975,10.40,1.60
2009.06.22 06:08:39.114,0.95965,0.95975,10.40,6.20
2009.06.22 06:08:39.464,0.9596,0.9597,12.20,1.60
2009.06.22 06:08:39.634,0.9596,0.9597,11.40,2.80
2009.06.22 06:08:39.854,0.9596,0.9597,10.40,1.60
2009.06.22 06:08:40.074,0.9596,0.9597,4.80,4.40
2009.06.22 06:08:40.354,0.95965,0.9597,1.60,4.40
2009.06.22 06:08:45.153,0.95955,0.95965,13.80,1.60
2009.06.22 06:08:45.502,0.95955,0.95965,1.60,1.60
2009.06.22 06:08:45.613,0.95955,0.95965,1.60,10.80
2009.06.22 06:08:45.852,0.95955,0.9596,1.60,1.60
2009.06.22 06:08:46.022,0.95955,0.9596,10.40,1.60
2009.06.22 06:08:46.183,0.95955,0.95965,10.40,1.60
2009.06.22 06:08:46.333,0.95955,0.9597,10.40,24.60
2009.06.22 06:08:47.215,0.95955,0.95965,18.40,1.60
2009.06.22 06:08:47.454,0.95955,0.95965,10.40,1.60
2009.06.22 06:08:47.624,0.95955,0.95965,7.20,1.60
2009.06.22 06:08:47.864,0.9595,0.95965,4.80,9.20
2009.06.22 06:08:48.324,0.9595,0.9596,4.80,1.60
2009.06.22 06:08:49.204,0.95955,0.9596,5.60,1.60
2009.06.22 06:08:49.494,0.95955,0.9596,10.40,1.60
2009.06.22 06:08:52.103,0.95955,0.9596,1.60,3.20
2009.06.22 06:08:52.273,0.9595,0.9596,1.60,3.20
2009.06.22 06:08:52.453,0.9595,0.9596,4.80,5.00
2009.06.22 06:08:52.623,0.9595,0.95965,4.80,9.20
2009.06.22 06:08:52.963,0.95955,0.95965,10.40,10.80
2009.06.22 06:08:53.253,0.95955,0.95965,10.40,1.60
2009.06.22 06:08:56.892,0.95955,0.95965,10.40,4.00
2009.06.22 06:08:57.182,0.9595,0.95965,4.80,4.40
2009.06.22 06:08:59.132,0.95955,0.95965,3.20,6.00
2009.06.22 06:08:59.471,0.95955,0.95965,4.80,3.20
2009.06.22 06:08:59.801,0.95955,0.9597,4.80,5.80
2009.06.22 06:09:05.870,0.95955,0.9597,4.80,4.40
2009.06.22 06:09:06.210,0.95955,0.9597,4.80,2.80
2009.06.22 06:09:06.380,0.95955,0.9597,10.80,2.80
2009.06.22 06:09:06.540,0.95965,0.9597,3.20,1.20
2009.06.22 06:09:06.770,0.95965,0.9598,10.40,4.40
2009.06.22 06:09:07.000,0.9597,0.9598,4.80,6.00
2009.06.22 06:09:07.280,0.95975,0.95985,3.20,4.00
2009.06.22 06:09:07.560,0.95985,0.9599,4.80,2.80
2009.06.22 06:09:07.849,0.95985,0.9599,4.80,1.20
2009.06.22 06:09:08.119,0.9599,0.96,3.20,4.60
2009.06.22 06:09:08.529,0.95995,0.96005,1.60,13.00
2009.06.22 06:09:08.909,0.95995,0.96005,1.60,5.00
2009.06.22 06:09:09.829,0.95995,0.96005,1.60,3.60
2009.06.22 06:09:11.469,0.95995,0.96005,4.80,3.60
2009.06.22 06:09:11.698,0.96,0.96005,1.60,2.00
2009.06.22 06:09:12.328,0.96,0.96005,1.60,5.20
2009.06.22 06:09:12.558,0.96,0.96005,1.60,2.00
2009.06.22 06:09:13.928,0.96,0.96005,1.60,1.40
2009.06.22 06:09:14.208,0.96,0.9601,1.60,8.20
2009.06.22 06:09:14.728,0.96,0.9601,1.60,5.00
2009.06.22 06:09:14.968,0.9599,0.96,3.20,1.00
2009.06.22 06:09:15.238,0.9599,0.96,3.20,1.80
2009.06.22 06:09:15.638,0.95985,0.96,3.20,3.40
2009.06.22 06:09:16.237,0.9598,0.96,16.80,3.40
2009.06.22 06:09:16.527,0.9598,0.95995,8.80,8.00
2009.06.22 06:09:16.977,0.9598,0.9599,1.00,3.80
2009.06.22 06:09:17.087,0.9598,0.9599,1.00,11.80
2009.06.22 06:09:17.267,0.95975,0.95985,1.60,1.60
2009.06.22 06:09:17.387,0.95975,0.95985,1.60,8.00
2009.06.22 06:09:17.627,0.9598,0.95985,1.60,8.00
2009.06.22 06:09:17.917,0.95975,0.95985,1.60,8.00
2009.06.22 06:09:18.537,0.9597,0.95985,5.60,8.00
2009.06.22 06:09:18.717,0.9597,0.95985,7.20,9.20
2009.06.22 06:09:18.947,0.9597,0.95985,3.20,8.00
2009.06.22 06:09:19.567,0.95975,0.95985,1.60,8.00
2009.06.22 06:09:20.036,0.9597,0.95985,1.60,8.00
2009.06.22 06:09:20.836,0.95965,0.9598,7.60,8.00
2009.06.22 06:09:21.126,0.95965,0.9598,7.20,8.00
2009.06.22 06:09:21.356,0.95975,0.95985,2.60,1.60
2009.06.22 06:09:22.536,0.95975,0.9598,1.00,5.20
2009.06.22 06:09:25.085,0.95975,0.95985,2.60,11.00
2009.06.22 06:09:25.145,0.95975,0.95985,2.60,10.80
2009.06.22 06:09:25.315,0.95975,0.95985,2.60,9.20
2009.06.22 06:09:25.435,0.9598,0.9599,1.60,19.80
2009.06.22 06:09:25.495,0.9598,0.9599,1.60,19.60
2009.06.22 06:09:25.695,0.9598,0.9599,1.60,18.80
2009.06.22 06:09:25.926,0.9598,0.9599,1.60,10.80
2009.06.22 06:09:26.265,0.95975,0.9599,16.80,10.80
2009.06.22 06:09:26.555,0.9598,0.9599,4.20,10.80
2009.06.22 06:09:26.775,0.95975,0.9599,8.80,6.00
2009.06.22 06:09:27.055,0.95975,0.9599,8.80,9.20
2009.06.22 06:09:28.594,0.95975,0.9599,8.80,6.00
2009.06.22 06:09:29.454,0.95975,0.9599,8.00,6.00
2009.06.22 06:09:30.254,0.95975,0.9599,8.00,9.20
2009.06.22 06:09:30.434,0.95975,0.9599,8.00,2.80
2009.06.22 06:09:30.614,0.95975,0.9599,10.40,1.60
2009.06.22 06:09:30.894,0.9598,0.95995,3.20,1.20
2009.06.22 06:09:31.114,0.95995,0.96,1.60,8.00
2009.06.22 06:09:31.404,0.95995,0.96,1.60,6.40
2009.06.22 06:09:31.643,0.95985,0.95995,6.80,3.20
2009.06.22 06:09:31.864,0.95985,0.96005,6.80,8.60
2009.06.22 06:09:32.723,0.9599,0.96005,3.20,8.00
2009.06.22 06:09:32.963,0.96,0.96005,1.60,8.00
2009.06.22 06:09:33.133,0.96,0.9601,1.60,16.20
2009.06.22 06:09:35.543,0.96,0.9601,1.60,23.20
2009.06.22 06:09:35.773,0.96,0.9601,1.60,10.00
2009.06.22 06:09:35.943,0.96,0.9601,1.60,8.60
2009.06.22 06:09:36.113,0.95995,0.9601,2.60,16.20
2009.06.22 06:09:37.292,0.96,0.9601,1.60,8.60
2009.06.22 06:09:37.462,0.95995,0.9601,2.60,16.20
2009.06.22 06:09:37.812,0.96,0.9601,1.60,16.20
2009.06.22 06:09:37.932,0.96,0.9601,1.60,15.60
2009.06.22 06:09:37.992,0.96,0.9601,1.60,14.20
2009.06.22 06:09:38.162,0.95995,0.9601,2.60,8.60
2009.06.22 06:09:38.402,0.95995,0.9601,2.60,8.00
2009.06.22 06:09:40.482,0.95995,0.9601,2.60,3.80
2009.06.22 06:09:40.832,0.95995,0.9601,2.60,1.60
2009.06.22 06:09:41.061,0.96,0.96015,1.60,8.80
2009.06.22 06:09:43.451,0.96,0.96015,1.60,8.80
2009.06.22 06:09:43.561,0.96,0.96015,1.60,8.60
2009.06.22 06:09:43.680,0.96,0.96015,1.60,8.80
2009.06.22 06:09:43.781,0.96,0.96015,1.60,8.80
2009.06.22 06:09:44.100,0.95995,0.9601,9.00,1.20
2009.06.22 06:09:44.270,0.95995,0.9601,9.00,1.20
2009.06.22 06:09:44.620,0.95995,0.9601,9.20,2.80
2009.06.22 06:09:44.910,0.95995,0.9601,3.60,2.80
2009.06.22 06:09:45.260,0.95995,0.9601,3.60,3.60
2009.06.22 06:09:46.270,0.95995,0.9601,3.60,5.20
2009.06.22 06:09:46.430,0.95995,0.9601,1.80,13.80
2009.06.22 06:09:47.570,0.95995,0.9601,1.80,17.00
2009.06.22 06:09:47.800,0.96,0.9601,3.20,13.80
2009.06.22 06:09:48.030,0.96005,0.9601,1.00,4.00
2009.06.22 06:09:48.190,0.96005,0.9601,1.00,5.80
2009.06.22 06:09:48.350,0.96,0.9601,1.60,8.00
2009.06.22 06:09:48.630,0.96,0.96005,1.00,1.20
2009.06.22 06:09:48.869,0.9599,0.96005,1.60,8.00
2009.06.22 06:09:49.150,0.95985,0.96,8.40,1.20
2009.06.22 06:09:49.389,0.9599,0.96,1.60,2.80
2009.06.22 06:09:50.579,0.9599,0.96,1.60,1.20
2009.06.22 06:09:50.859,0.9599,0.96,1.60,2.80
2009.06.22 06:09:51.089,0.9599,0.96,1.60,3.20
2009.06.22 06:09:51.320,0.9599,0.96,1.60,7.20
2009.06.22 06:09:51.559,0.9599,0.96,1.60,11.80
2009.06.22 06:09:51.739,0.9599,0.95995,1.60,8.00
2009.06.22 06:09:52.029,0.95985,0.95995,2.60,8.00
2009.06.22 06:09:52.818,0.9599,0.95995,3.20,8.00
2009.06.22 06:09:52.988,0.95995,0.96,1.00,3.20
2009.06.22 06:09:53.268,0.95995,0.96,2.60,1.00
2009.06.22 06:09:53.608,0.95995,0.96005,2.60,1.00
2009.06.22 06:09:53.898,0.95995,0.9601,2.60,22.80
2009.06.22 06:09:54.068,0.95995,0.9601,2.60,22.60
2009.06.22 06:09:55.058,0.95995,0.9601,2.60,22.00
2009.06.22 06:09:56.548,0.9599,0.96005,11.60,7.80
2009.06.22 06:09:56.667,0.9599,0.96,5.80,1.60
2009.06.22 06:09:56.778,0.9599,0.96,5.80,3.20
2009.06.22 06:09:56.888,0.9599,0.96,4.20,3.20
2009.06.22 06:09:57.357,0.9599,0.96,4.20,3.80
2009.06.22 06:09:59.817,0.9599,0.96,4.20,3.20
2009.06.22 06:10:01.466,0.96,0.96005,1.60,2.80
2009.06.22 06:10:01.586,0.96,0.96005,1.60,1.20
2009.06.22 06:10:03.136,0.96,0.9601,1.60,10.60
2009.06.22 06:10:03.366,0.96,0.96005,1.60,1.20
2009.06.22 06:10:03.596,0.96,0.9601,1.60,17.00
2009.06.22 06:10:04.116,0.96,0.9601,1.60,19.40
2009.06.22 06:10:04.456,0.96,0.9601,1.60,16.20
2009.06.22 06:10:04.625,0.96,0.96005,1.60,1.20
2009.06.22 06:10:09.784,0.96005,0.9601,1.00,4.60
2009.06.22 06:10:10.005,0.96005,0.96015,1.00,13.20
2009.06.22 06:10:10.224,0.96005,0.96015,1.00,14.60
2009.06.22 06:10:11.254,0.96005,0.96015,2.60,14.60
2009.06.22 06:10:11.374,0.96005,0.96015,1.00,14.60
2009.06.22 06:10:11.434,0.96005,0.96015,1.00,12.20
2009.06.22 06:10:11.664,0.96005,0.96015,2.60,11.40
2009.06.22 06:10:12.534,0.96005,0.96015,2.60,11.60
2009.06.22 06:10:12.864,0.96,0.9601,5.80,3.20
2009.06.22 06:10:13.254,0.96,0.9601,4.20,3.20
2009.06.22 06:10:14.723,0.96005,0.9601,2.60,3.20
2009.06.22 06:10:15.133,0.9601,0.9602,1.60,25.80
2009.06.22 06:10:16.333,0.96,0.9601,5.80,3.20
2009.06.22 06:10:16.513,0.9601,0.96015,1.60,3.60
2009.06.22 06:10:16.693,0.9601,0.96015,1.60,1.20
2009.06.22 06:10:16.992,0.9601,0.9602,1.60,25.80
2009.06.22 06:10:17.342,0.96,0.9602,13.40,25.80
2009.06.22 06:10:17.513,0.96005,0.9601,1.00,1.60
2009.06.22 06:10:17.682,0.96005,0.9601,1.00,3.20
2009.06.22 06:10:17.853,0.96,0.9601,4.20,3.20
2009.06.22 06:10:20.212,0.96,0.96015,4.20,4.40
2009.06.22 06:10:20.432,0.96005,0.96015,1.00,1.60
2009.06.22 06:10:32.949,0.9601,0.96015,3.20,1.60
2009.06.22 06:10:33.009,0.9601,0.9602,4.20,9.80
2009.06.22 06:10:33.299,0.9601,0.9602,4.20,9.60
2009.06.22 06:10:33.578,0.9601,0.9602,4.20,3.80
2009.06.22 06:10:44.136,0.9601,0.9602,4.20,3.20
2009.06.22 06:10:46.516,0.96005,0.9602,2.60,1.20
2009.06.22 06:10:46.785,0.96005,0.9602,2.60,2.80
2009.06.22 06:10:47.785,0.96005,0.96015,2.60,2.80
2009.06.22 06:10:48.125,0.96005,0.9601,1.00,1.00
2009.06.22 06:10:48.515,0.96005,0.9601,1.00,2.20
2009.06.22 06:10:48.625,0.9601,0.9602,4.20,6.20
2009.06.22 06:10:48.745,0.9601,0.9602,4.20,9.40
2009.06.22 06:10:48.915,0.9601,0.9602,4.20,3.80
2009.06.22 06:10:54.044,0.9601,0.96015,1.00,8.00
2009.06.22 06:10:54.314,0.96005,0.9601,4.20,2.20
2009.06.22 06:10:54.604,0.96005,0.9601,4.20,2.80
2009.06.22 06:10:55.283,0.96,0.9601,4.80,8.60
2009.06.22 06:10:58.563,0.96,0.96005,4.80,3.20
2009.06.22 06:10:58.833,0.96,0.9601,4.80,8.20
2009.06.22 06:10:59.003,0.96,0.9601,4.80,8.60
2009.06.22 06:10:59.632,0.96005,0.9601,1.00,8.60
2009.06.22 06:10:59.803,0.96005,0.9601,5.80,8.00
2009.06.22 06:10:59.972,0.96005,0.96015,5.80,10.80
2009.06.22 06:11:00.422,0.96005,0.96015,5.80,1.00
2009.06.22 06:11:00.782,0.9601,0.96015,1.00,1.00
2009.06.22 06:11:01.112,0.9601,0.9602,5.80,3.80
2009.06.22 06:11:05.471,0.9601,0.9602,5.80,11.00
2009.06.22 06:11:05.811,0.9601,0.9602,5.80,11.20
2009.06.22 06:11:06.271,0.9601,0.9602,5.80,9.60
2009.06.22 06:11:06.331,0.9601,0.9602,5.80,4.80
2009.06.22 06:11:09.360,0.9601,0.9602,5.80,5.80
2009.06.22 06:11:09.700,0.9601,0.9602,3.20,9.40
2009.06.22 06:11:10.030,0.96005,0.9601,5.80,1.20
2009.06.22 06:11:15.009,0.96005,0.9601,5.80,1.60
2009.06.22 06:11:15.119,0.96005,0.9601,5.80,1.20
2009.06.22 06:11:23.897,0.96005,0.9601,5.80,1.40
2009.06.22 06:11:24.067,0.96005,0.9601,5.80,1.60
2009.06.22 06:11:27.006,0.96005,0.9601,5.80,1.80
2009.06.22 06:11:27.356,0.96005,0.9601,5.80,2.20
2009.06.22 06:11:30.055,0.96005,0.9601,5.80,1.60
2009.06.22 06:11:34.844,0.96005,0.9601,5.80,1.20
2009.06.22 06:11:35.024,0.96005,0.9601,5.80,1.20
2009.06.22 06:11:37.323,0.96005,0.9601,2.60,1.20
2009.06.22 06:11:37.443,0.96015,0.9602,5.80,7.60
2009.06.22 06:11:37.613,0.96015,0.96025,3.00,11.60
2009.06.22 06:11:37.893,0.96015,0.96025,3.00,10.00
2009.06.22 06:11:38.003,0.9602,0.9603,4.20,3.80
2009.06.22 06:11:38.913,0.9602,0.9603,4.20,3.20
2009.06.22 06:11:41.762,0.9602,0.96035,6.20,6.20
2009.06.22 06:11:42.592,0.9602,0.96035,5.80,7.60
2009.06.22 06:11:42.812,0.9602,0.96035,5.80,7.40
2009.06.22 06:11:42.872,0.9602,0.96035,5.80,5.60
2009.06.22 06:11:43.042,0.9602,0.96035,5.80,4.80
2009.06.22 06:11:43.102,0.9602,0.96035,5.80,4.40
2009.06.22 06:11:44.132,0.96025,0.96035,1.00,4.40
2009.06.22 06:11:44.422,0.96025,0.96035,5.80,1.60
2009.06.22 06:11:44.712,0.96025,0.9604,5.80,11.60
2009.06.22 06:11:46.951,0.9603,0.9604,3.20,13.20
2009.06.22 06:11:47.121,0.9603,0.9604,5.80,8.40
2009.06.22 06:11:47.341,0.9603,0.9604,5.80,4.60
2009.06.22 06:11:48.960,0.9603,0.96045,5.80,7.60
2009.06.22 06:11:55.169,0.9603,0.96045,5.80,10.40
2009.06.22 06:11:55.699,0.9603,0.96045,5.80,5.60
2009.06.22 06:11:56.039,0.96035,0.96045,1.00,5.60
2009.06.22 06:11:56.159,0.96035,0.9604,4.20,1.60
2009.06.22 06:11:56.339,0.96035,0.9604,5.80,1.00
2009.06.22 06:11:56.449,0.96035,0.96045,5.80,9.40
2009.06.22 06:11:56.559,0.96035,0.9605,5.80,9.40
2009.06.22 06:11:56.739,0.96035,0.9605,5.80,13.60
2009.06.22 06:11:56.848,0.96035,0.9605,5.80,12.00
2009.06.22 06:11:59.218,0.96035,0.9605,5.80,13.20
2009.06.22 06:11:59.968,0.96035,0.9605,5.80,12.00
2009.06.22 06:12:00.418,0.96035,0.9605,5.80,13.20
2009.06.22 06:12:00.758,0.96035,0.9605,5.80,13.20
2009.06.22 06:12:01.098,0.96045,0.9605,1.60,8.40
2009.06.22 06:12:01.327,0.96045,0.9605,1.60,5.20
2009.06.22 06:12:01.557,0.9604,0.9605,4.80,4.00
2009.06.22 06:12:11.805,0.96035,0.96045,1.00,4.40
2009.06.22 06:12:12.105,0.96035,0.9604,4.20,1.60
2009.06.22 06:12:12.335,0.96035,0.9604,5.80,1.60
2009.06.22 06:12:12.625,0.96045,0.9605,5.80,26.80
2009.06.22 06:12:12.745,0.96045,0.9605,5.80,9.20
2009.06.22 06:12:12.975,0.9605,0.96055,4.20,2.80
2009.06.22 06:12:13.035,0.9605,0.96055,4.20,1.20
2009.06.22 06:12:13.205,0.9605,0.9606,5.80,2.20
2009.06.22 06:12:13.614,0.96045,0.96055,22.80,1.60
2009.06.22 06:12:13.905,0.96045,0.9606,5.80,3.60
2009.06.22 06:12:14.364,0.96045,0.9605,1.60,1.60
2009.06.22 06:12:14.595,0.9604,0.9605,4.80,4.40
2009.06.22 06:12:15.184,0.9604,0.96055,4.80,4.80
2009.06.22 06:12:15.474,0.96045,0.9605,4.80,2.00
2009.06.22 06:12:15.894,0.96045,0.96055,4.80,2.00
2009.06.22 06:12:16.074,0.9605,0.9606,1.60,19.40
2009.06.22 06:12:16.304,0.96045,0.9606,4.80,14.60
2009.06.22 06:12:17.244,0.96055,0.9606,1.60,14.60
2009.06.22 06:12:19.253,0.96055,0.9606,1.80,14.60
2009.06.22 06:12:24.272,0.96045,0.9606,3.20,14.60
2009.06.22 06:12:24.502,0.96045,0.9606,3.20,15.40
2009.06.22 06:12:24.792,0.9605,0.9606,1.60,15.40
2009.06.22 06:12:25.032,0.96045,0.9606,3.20,15.40
2009.06.22 06:12:25.782,0.96045,0.96055,3.20,3.20
2009.06.22 06:12:26.062,0.96045,0.9606,3.20,15.40
2009.06.22 06:12:26.301,0.9605,0.9606,4.80,3.40
2009.06.22 06:12:26.412,0.96055,0.9606,1.60,3.40
2009.06.22 06:12:26.531,0.9605,0.9606,4.80,3.40
2009.06.22 06:12:28.311,0.9605,0.9606,4.80,4.80
2009.06.22 06:12:28.421,0.9605,0.96055,4.80,1.60
2009.06.22 06:12:28.481,0.9605,0.96055,3.20,1.60
2009.06.22 06:12:28.531,0.96045,0.96055,5.80,1.60
2009.06.22 06:12:34.549,0.96045,0.9605,5.80,1.00
2009.06.22 06:12:34.859,0.96045,0.9605,5.80,3.40
2009.06.22 06:12:36.159,0.96045,0.9605,5.80,4.40
2009.06.22 06:12:39.518,0.96045,0.9605,5.80,5.20
2009.06.22 06:12:39.998,0.96045,0.9605,4.20,5.20
2009.06.22 06:12:44.597,0.96045,0.9605,1.00,3.20
2009.06.22 06:12:44.877,0.9604,0.9605,5.80,3.20
2009.06.22 06:12:45.557,0.9604,0.9605,4.20,3.20
2009.06.22 06:12:47.146,0.9604,0.9605,2.60,8.80
2009.06.22 06:12:47.377,0.96035,0.9604,1.60,1.60
2009.06.22 06:12:47.717,0.9603,0.9604,3.20,2.80
2009.06.22 06:12:47.776,0.9603,0.96035,3.20,1.20
2009.06.22 06:12:48.066,0.96025,0.96035,3.20,1.20
2009.06.22 06:12:48.406,0.9602,0.96025,6.90,1.20
2009.06.22 06:12:48.746,0.96015,0.96025,3.20,1.20
2009.06.22 06:12:49.256,0.96015,0.9602,3.20,1.20
2009.06.22 06:12:51.785,0.9602,0.96025,3.20,1.20
2009.06.22 06:12:52.915,0.9601,0.9602,6.20,4.20
2009.06.22 06:12:53.136,0.96005,0.9601,5.00,1.20
2009.06.22 06:12:53.985,0.9601,0.9602,4.20,6.00
2009.06.22 06:12:54.315,0.9601,0.9602,4.20,5.80
2009.06.22 06:12:54.765,0.9601,0.9602,4.20,5.60
2009.06.22 06:12:56.864,0.9601,0.9602,4.20,6.00
2009.06.22 06:12:57.044,0.9601,0.9602,5.80,4.00
2009.06.22 06:12:57.394,0.9601,0.9602,5.80,4.20
2009.06.22 06:12:57.504,0.9601,0.9602,5.80,4.60
2009.06.22 06:12:58.204,0.9601,0.9602,5.80,4.00
2009.06.22 06:12:58.534,0.9601,0.9602,5.80,4.20
2009.06.22 06:12:59.203,0.9601,0.9602,5.80,4.00
2009.06.22 06:12:59.424,0.9601,0.9602,5.80,4.00
2009.06.22 06:12:59.644,0.96,0.9601,10.20,1.20
2009.06.22 06:12:59.863,0.96,0.9601,10.20,2.20
2009.06.22 06:13:00.653,0.96,0.9601,13.90,1.20
2009.06.22 06:13:01.553,0.96,0.9601,14.70,2.20
2009.06.22 06:13:01.843,0.96015,0.9602,4.80,1.20
2009.06.22 06:13:02.113,0.96015,0.9602,4.80,1.00
2009.06.22 06:13:02.983,0.96015,0.96025,4.80,1.60
2009.06.22 06:13:03.203,0.9601,0.96025,4.80,2.80
2009.06.22 06:13:03.433,0.9601,0.96025,1.60,4.20
2009.06.22 06:13:03.652,0.96,0.96015,7.40,5.20
2009.06.22 06:13:03.933,0.96,0.9601,5.80,1.60
2009.06.22 06:13:04.522,0.9601,0.9602,4.80,11.60
2009.06.22 06:13:04.872,0.96,0.96015,5.80,13.20
2009.06.22 06:13:05.282,0.96,0.96015,5.80,14.80
2009.06.22 06:13:06.322,0.96,0.96015,6.20,14.80
2009.06.22 06:13:06.662,0.9601,0.96015,1.60,8.00
2009.06.22 06:13:07.012,0.9601,0.96015,4.80,8.00
2009.06.22 06:13:07.182,0.9601,0.96015,1.60,8.00
2009.06.22 06:13:07.352,0.96,0.96015,5.80,12.40
2009.06.22 06:13:07.702,0.96,0.96015,5.80,13.20
2009.06.22 06:13:07.931,0.96,0.9601,5.80,1.60
2009.06.22 06:13:10.181,0.96,0.9601,6.60,1.60
2009.06.22 06:13:10.361,0.9601,0.96015,2.40,4.20
2009.06.22 06:13:10.591,0.96005,0.9601,2.10,1.60
2009.06.22 06:13:10.711,0.96,0.9601,5.80,1.60
2009.06.22 06:13:17.300,0.96,0.9601,5.80,3.20
2009.06.22 06:13:21.618,0.96,0.9601,6.60,3.20
2009.06.22 06:13:21.958,0.9601,0.96015,1.60,3.80
2009.06.22 06:13:22.068,0.9601,0.96015,1.00,3.80
2009.06.22 06:13:22.178,0.96,0.9601,5.80,3.20
2009.06.22 06:13:22.638,0.96,0.9601,8.40,3.20
2009.06.22 06:13:22.748,0.96005,0.9601,3.20,3.20
2009.06.22 06:13:22.928,0.9601,0.96015,1.60,1.60
2009.06.22 06:13:23.168,0.9601,0.9602,4.80,1.60
2009.06.22 06:13:23.338,0.9601,0.96015,4.80,2.40
2009.06.22 06:13:23.568,0.9601,0.96015,1.60,4.00
2009.06.22 06:13:23.858,0.96,0.9601,5.80,1.60
2009.06.22 06:13:29.306,0.96,0.9601,8.40,1.60
2009.06.22 06:13:29.536,0.9601,0.96015,4.80,1.60
2009.06.22 06:13:29.766,0.9601,0.9602,4.80,2.40
2009.06.22 06:13:30.056,0.9601,0.96015,3.20,1.20
2009.06.22 06:13:30.336,0.96,0.9601,5.80,1.60
2009.06.22 06:13:32.356,0.96005,0.9601,3.20,1.60
2009.06.22 06:13:32.586,0.9601,0.96015,4.80,1.60
2009.06.22 06:13:32.926,0.9601,0.9602,4.80,8.00
2009.06.22 06:13:33.205,0.96,0.9601,5.80,1.60
2009.06.22 06:13:33.965,0.96,0.96015,7.40,6.80
2009.06.22 06:13:34.075,0.9601,0.96015,3.20,2.80
2009.06.22 06:13:34.236,0.9601,0.96015,3.20,1.20
2009.06.22 06:13:34.525,0.9601,0.96015,4.80,5.60
2009.06.22 06:13:34.805,0.96,0.96015,6.20,5.20
2009.06.22 06:13:35.105,0.96,0.96015,6.20,6.80
2009.06.22 06:13:35.405,0.9601,0.96015,1.60,4.20
2009.06.22 06:13:35.635,0.96,0.9601,5.80,1.60
2009.06.22 06:13:35.935,0.96005,0.9601,1.00,1.60
2009.06.22 06:13:36.045,0.9601,0.9602,5.80,10.40
2009.06.22 06:13:36.215,0.9601,0.96015,7.40,1.60
2009.06.22 06:13:36.435,0.96015,0.9602,1.60,3.20
2009.06.22 06:13:36.665,0.96015,0.96025,4.80,1.60
2009.06.22 06:13:37.364,0.96015,0.9602,4.80,1.60
2009.06.22 06:13:37.714,0.9601,0.9602,4.80,1.60
2009.06.22 06:13:39.504,0.96005,0.9602,5.80,2.80
2009.06.22 06:13:39.784,0.96005,0.9602,5.80,3.60
2009.06.22 06:13:40.814,0.96005,0.9602,5.80,11.60
2009.06.22 06:13:41.393,0.96005,0.9602,5.80,3.60
2009.06.22 06:13:43.643,0.96005,0.9601,1.60,3.20
2009.06.22 06:13:43.823,0.96,0.9601,5.80,3.20
2009.06.22 06:13:44.213,0.96005,0.9601,1.00,3.20
2009.06.22 06:13:44.393,0.96005,0.9601,5.80,1.20
2009.06.22 06:13:47.592,0.96005,0.9601,5.80,1.00
2009.06.22 06:13:48.352,0.96005,0.96015,5.80,4.80
2009.06.22 06:13:48.922,0.96005,0.96015,5.80,3.20
2009.06.22 06:13:49.732,0.96005,0.96015,5.80,1.60
2009.06.22 06:13:50.081,0.96005,0.96015,5.80,4.80
2009.06.22 06:13:50.701,0.96005,0.96015,5.80,3.20
2009.06.22 06:13:51.051,0.96005,0.96015,6.60,4.80
2009.06.22 06:13:51.431,0.96005,0.9602,7.40,9.40
2009.06.22 06:13:51.661,0.96005,0.9602,7.40,10.40
2009.06.22 06:13:52.061,0.96005,0.96015,7.40,3.20
2009.06.22 06:13:53.271,0.96005,0.96015,7.40,1.60
2009.06.22 06:13:53.501,0.96005,0.96015,5.80,1.60
2009.06.22 06:13:53.831,0.96005,0.9601,1.60,3.20
2009.06.22 06:13:54.110,0.96005,0.9601,1.60,11.20
2009.06.22 06:13:54.280,0.96,0.9601,5.80,3.20
2009.06.22 06:13:54.790,0.96005,0.9601,2.60,3.20
2009.06.22 06:13:55.080,0.96005,0.96015,5.80,9.60
2009.06.22 06:13:58.589,0.96005,0.96015,5.80,9.20
2009.06.22 06:13:58.649,0.96005,0.9601,4.80,1.20
2009.06.22 06:13:58.699,0.96,0.9601,13.80,3.20
2009.06.22 06:13:58.979,0.96005,0.9601,3.20,3.20
2009.06.22 06:13:59.159,0.96005,0.96015,4.80,10.80
2009.06.22 06:13:59.219,0.96005,0.96015,5.80,10.60
2009.06.22 06:13:59.329,0.96005,0.96015,5.80,9.20
2009.06.22 06:13:59.389,0.96005,0.9601,5.80,1.20
2009.06.22 06:14:01.059,0.9601,0.9602,4.80,10.30
2009.06.22 06:14:01.229,0.9601,0.9602,4.80,3.20
2009.06.22 06:14:03.298,0.9601,0.9602,4.80,12.40
2009.06.22 06:14:03.768,0.9601,0.9602,4.80,8.40
2009.06.22 06:14:04.108,0.9601,0.9602,4.80,3.20
2009.06.22 06:14:04.448,0.9601,0.9602,4.80,11.20
2009.06.22 06:14:05.437,0.96005,0.9602,12.80,8.00
2009.06.22 06:14:05.718,0.9601,0.9602,1.60,6.30
2009.06.22 06:14:05.948,0.9601,0.9602,4.80,7.90
2009.06.22 06:14:06.237,0.9601,0.9602,4.80,11.20
2009.06.22 06:14:07.147,0.9601,0.9602,4.80,3.20
2009.06.22 06:14:18.044,0.9601,0.96015,4.80,4.60
2009.06.22 06:14:18.345,0.96005,0.9601,8.00,3.20
2009.06.22 06:14:18.454,0.96,0.9601,12.80,3.20
2009.06.22 06:14:18.675,0.96,0.9601,4.80,3.20
2009.06.22 06:14:19.694,0.96,0.9601,7.40,3.20
2009.06.22 06:14:19.984,0.96005,0.9601,4.80,4.40
2009.06.22 06:14:20.144,0.96005,0.9601,4.80,2.80
2009.06.22 06:14:21.324,0.96,0.9601,4.80,3.20
2009.06.22 06:14:21.893,0.96,0.9601,12.80,3.20
2009.06.22 06:14:26.013,0.96005,0.9601,4.80,2.00
2009.06.22 06:14:26.303,0.96005,0.9601,12.80,2.20
2009.06.22 06:14:27.732,0.96005,0.9601,11.20,2.20
2009.06.22 06:14:28.752,0.96005,0.96015,3.20,10.20
2009.06.22 06:14:30.602,0.96005,0.9601,3.20,5.40
2009.06.22 06:14:30.832,0.96005,0.9601,3.20,6.00
2009.06.22 06:14:32.131,0.96005,0.9601,3.20,6.40
2009.06.22 06:14:32.422,0.96005,0.9601,3.20,4.80
2009.06.22 06:14:32.931,0.96005,0.96015,3.20,10.20
2009.06.22 06:14:38.120,0.96005,0.9601,3.20,3.40
2009.06.22 06:14:38.280,0.96005,0.9601,3.20,4.00
2009.06.22 06:14:38.580,0.96005,0.9601,3.20,5.00
2009.06.22 06:14:38.690,0.96005,0.9601,3.20,5.80
2009.06.22 06:14:40.029,0.96005,0.9601,3.20,4.20
2009.06.22 06:14:41.749,0.96005,0.9601,3.20,5.80
2009.06.22 06:14:42.149,0.96005,0.96015,3.20,11.60
2009.06.22 06:14:42.329,0.96,0.9601,3.20,3.20
2009.06.22 06:14:42.949,0.96,0.96005,3.20,1.60
2009.06.22 06:14:43.118,0.95995,0.96005,3.20,1.60
2009.06.22 06:14:43.229,0.95995,0.96005,1.60,1.60
2009.06.22 06:14:43.349,0.9599,0.96,3.20,2.20
2009.06.22 06:14:43.688,0.9599,0.96,3.20,4.20
2009.06.22 06:14:43.858,0.95985,0.95995,11.20,1.20
2009.06.22 06:14:44.078,0.95985,0.95995,3.20,8.00
2009.06.22 06:14:44.768,0.95985,0.9599,3.20,1.60
2009.06.22 06:14:48.217,0.9598,0.9599,21.20,2.80
2009.06.22 06:14:48.547,0.9598,0.9599,3.20,10.80
2009.06.22 06:14:49.037,0.9598,0.9599,4.80,10.80
2009.06.22 06:14:49.447,0.9598,0.9599,1.60,12.20
2009.06.22 06:14:49.737,0.95975,0.95985,4.80,9.20
2009.06.22 06:14:50.077,0.9597,0.9598,4.80,9.20
2009.06.22 06:14:50.367,0.95975,0.9598,3.20,1.20
2009.06.22 06:14:50.657,0.95975,0.95985,3.20,1.60
2009.06.22 06:14:51.637,0.9598,0.9599,1.60,13.40
2009.06.22 06:14:51.876,0.9598,0.95985,3.20,8.00
2009.06.22 06:14:52.107,0.95985,0.9599,3.20,1.00
2009.06.22 06:14:52.377,0.9598,0.9599,4.80,8.00
2009.06.22 06:14:52.716,0.9598,0.9599,3.20,9.60
2009.06.22 06:14:52.946,0.9598,0.9599,6.60,1.00
2009.06.22 06:14:53.296,0.95985,0.95995,10.00,10.80
2009.06.22 06:14:53.646,0.9599,0.96,3.20,11.20
2009.06.22 06:14:54.056,0.9599,0.96,3.20,3.20
2009.06.22 06:14:55.316,0.95995,0.96005,1.60,4.40
2009.06.22 06:14:55.486,0.95995,0.96005,1.60,2.80
2009.06.22 06:14:56.465,0.95995,0.96005,1.60,4.40
2009.06.22 06:14:56.585,0.95995,0.96005,1.60,5.20
2009.06.22 06:14:56.755,0.95995,0.96,1.60,3.20
2009.06.22 06:14:56.876,0.9599,0.96,3.20,4.40
2009.06.22 06:14:57.685,0.95995,0.96,1.60,4.40
2009.06.22 06:14:57.845,0.95995,0.96005,1.60,1.60
2009.06.22 06:14:58.135,0.95995,0.96005,1.60,2.80
2009.06.22 06:14:58.255,0.9599,0.96,26.00,3.20
2009.06.22 06:14:58.425,0.9599,0.96,4.80,3.20
2009.06.22 06:14:58.655,0.9599,0.96,3.20,4.40
2009.06.22 06:15:00.044,0.9599,0.96005,16.40,9.20
2009.06.22 06:15:00.384,0.9599,0.96005,32.40,1.20
2009.06.22 06:15:00.504,0.95995,0.96005,1.60,2.80
2009.06.22 06:15:01.354,0.95995,0.96005,3.20,4.40
2009.06.22 06:15:01.745,0.95995,0.96005,1.60,8.00
2009.06.22 06:15:02.144,0.95995,0.96005,1.60,3.20
2009.06.22 06:15:02.754,0.95995,0.96005,3.20,3.20
2009.06.22 06:15:02.934,0.95995,0.96,3.20,8.00
2009.06.22 06:15:03.334,0.95995,0.96005,3.20,8.00
2009.06.22 06:15:03.844,0.95995,0.96005,3.20,3.20
2009.06.22 06:15:04.653,0.95995,0.96,1.60,3.20
2009.06.22 06:15:05.043,0.9599,0.96,3.20,3.20
2009.06.22 06:15:06.413,0.95995,0.96,1.60,3.20
2009.06.22 06:15:06.823,0.95995,0.96005,3.20,4.40
2009.06.22 06:15:06.933,0.95995,0.96005,1.60,4.40
2009.06.22 06:15:07.163,0.95995,0.96005,1.60,3.20
2009.06.22 06:15:08.572,0.95995,0.96005,1.60,1.60
2009.06.22 06:15:08.842,0.96,0.96005,4.80,1.60
2009.06.22 06:15:09.133,0.96,0.9601,4.80,4.80
2009.06.22 06:15:09.352,0.96,0.9601,4.80,3.20
2009.06.22 06:15:13.681,0.96,0.9601,3.20,3.20
2009.06.22 06:15:15.251,0.96,0.9601,3.20,11.20
2009.06.22 06:15:15.661,0.96,0.9601,3.20,3.20
2009.06.22 06:15:16.401,0.9599,0.9601,25.40,16.40
2009.06.22 06:15:16.581,0.95995,0.9601,1.60,16.40
2009.06.22 06:15:17.370,0.95995,0.9601,9.60,8.40
2009.06.22 06:15:17.601,0.95995,0.96005,1.60,8.00
2009.06.22 06:15:17.880,0.95995,0.9601,16.40,16.40
2009.06.22 06:15:18.110,0.96,0.9601,3.20,3.20
2009.06.22 06:15:19.380,0.9599,0.9601,21.40,16.40
2009.06.22 06:15:19.600,0.9599,0.9601,19.80,16.40
2009.06.22 06:15:19.930,0.9599,0.9601,25.40,16.40
2009.06.22 06:15:20.210,0.95995,0.9601,1.60,13.20
2009.06.22 06:15:20.390,0.96005,0.9601,1.60,9.20
2009.06.22 06:15:21.089,0.96005,0.9601,1.60,1.60
2009.06.22 06:15:21.530,0.96005,0.96015,1.60,8.00
2009.06.22 06:15:23.069,0.96,0.9601,4.80,3.20
2009.06.22 06:15:23.649,0.96,0.9601,1.60,12.40
2009.06.22 06:15:23.939,0.95995,0.9601,1.60,14.00
2009.06.22 06:15:24.388,0.95995,0.9601,9.60,6.00
2009.06.22 06:15:25.009,0.95995,0.9601,1.60,14.80
2009.06.22 06:15:25.858,0.95995,0.9601,9.60,6.80
2009.06.22 06:15:26.368,0.95995,0.9601,9.60,6.00
2009.06.22 06:15:26.818,0.95995,0.96005,8.00,1.60
2009.06.22 06:15:27.108,0.95995,0.96,8.00,1.60
2009.06.22 06:15:28.087,0.95995,0.96005,8.00,1.60
2009.06.22 06:15:38.056,0.96,0.9601,3.20,17.20
2009.06.22 06:15:38.385,0.96,0.9601,3.20,3.20
2009.06.22 06:15:39.365,0.96005,0.9601,43.60,2.80
2009.06.22 06:15:39.485,0.9601,0.9602,3.20,9.40
2009.06.22 06:15:39.885,0.9601,0.9602,3.20,3.20
2009.06.22 06:15:42.744,0.96005,0.9601,8.00,1.00
2009.06.22 06:15:42.914,0.96005,0.96015,6.40,8.60
2009.06.22 06:15:43.204,0.96,0.96015,23.40,10.20
2009.06.22 06:15:43.364,0.96,0.96015,18.60,11.00
2009.06.22 06:15:43.524,0.96,0.96015,7.40,11.00
2009.06.22 06:15:43.694,0.96,0.9601,7.40,4.60
2009.06.22 06:15:44.104,0.96,0.9601,10.60,4.60
2009.06.22 06:15:44.904,0.96,0.9601,10.60,4.20
2009.06.22 06:15:45.484,0.96,0.9601,7.40,4.20
2009.06.22 06:15:45.774,0.96,0.9601,4.80,3.20
2009.06.22 06:15:46.473,0.96,0.9601,3.20,3.20
2009.06.22 06:15:57.131,0.96,0.9601,3.20,8.80
2009.06.22 06:15:57.371,0.95995,0.96,1.60,3.20
2009.06.22 06:15:57.490,0.95985,0.96,12.40,1.60
2009.06.22 06:15:57.760,0.9599,0.96005,1.60,9.20
2009.06.22 06:15:58.161,0.95995,0.96005,1.60,8.00
2009.06.22 06:15:58.520,0.95995,0.96005,1.60,1.60
2009.06.22 06:15:58.750,0.95995,0.9601,3.20,18.00
2009.06.22 06:15:58.970,0.96,0.9601,1.60,18.00
2009.06.22 06:15:59.410,0.96,0.9601,1.60,17.80
2009.06.22 06:15:59.700,0.96,0.9601,1.60,21.00
2009.06.22 06:15:59.880,0.9599,0.96,7.20,3.20
2009.06.22 06:15:59.940,0.9599,0.96,3.20,3.20
2009.06.22 06:16:03.309,0.95995,0.96,1.60,3.20
2009.06.22 06:16:03.479,0.96005,0.96015,1.60,13.20
2009.06.22 06:16:03.759,0.96005,0.9601,1.60,8.40
2009.06.22 06:16:03.999,0.96005,0.9601,1.60,5.60
2009.06.22 06:16:04.289,0.96,0.96015,1.60,11.80
2009.06.22 06:16:04.919,0.96005,0.96015,1.60,11.80
2009.06.22 06:16:05.779,0.96005,0.9601,1.60,1.20
2009.06.22 06:16:06.239,0.96005,0.9602,11.20,9.20
2009.06.22 06:16:06.689,0.9601,0.9602,1.60,3.20
2009.06.22 06:16:07.029,0.9601,0.9602,1.60,8.00
2009.06.22 06:16:08.638,0.96015,0.9602,1.60,8.00
2009.06.22 06:16:08.978,0.96005,0.9601,1.60,3.20
2009.06.22 06:16:10.638,0.96,0.9601,4.80,3.20
2009.06.22 06:16:10.927,0.96,0.9601,11.20,3.20
2009.06.22 06:16:11.808,0.96,0.9601,3.20,4.40
2009.06.22 06:16:14.107,0.96,0.9601,3.20,3.20
2009.06.22 06:16:14.386,0.96,0.9601,3.20,4.40
2009.06.22 06:16:20.965,0.96005,0.96015,1.60,1.20
2009.06.22 06:16:21.315,0.96005,0.9602,11.20,5.00
2009.06.22 06:16:21.645,0.9601,0.96025,1.60,12.80
2009.06.22 06:16:21.985,0.96015,0.96025,1.60,1.60
2009.06.22 06:16:22.265,0.9601,0.96025,9.60,2.80
2009.06.22 06:16:22.495,0.9601,0.96025,1.60,9.20
2009.06.22 06:16:23.234,0.96015,0.96025,1.60,9.20
2009.06.22 06:16:23.605,0.96015,0.9602,1.60,3.20
2009.06.22 06:16:23.724,0.96005,0.9602,16.80,12.40
2009.06.22 06:16:23.894,0.96005,0.9602,9.60,16.40
2009.06.22 06:16:28.543,0.96005,0.9602,1.60,17.20
2009.06.22 06:16:28.653,0.96005,0.9602,9.60,17.20
2009.06.22 06:16:29.003,0.96005,0.9602,9.60,15.60
2009.06.22 06:16:29.743,0.9601,0.9602,3.20,6.00
2009.06.22 06:16:30.034,0.9601,0.9602,3.20,3.20
2009.06.22 06:16:33.702,0.9601,0.96025,4.80,12.40
2009.06.22 06:16:34.162,0.96025,0.9604,4.80,23.40
2009.06.22 06:16:34.392,0.96025,0.9604,12.80,8.00
2009.06.22 06:16:34.561,0.96025,0.9604,13.40,9.20
2009.06.22 06:16:34.742,0.9603,0.9604,3.20,9.20
2009.06.22 06:16:34.912,0.9603,0.9604,4.80,9.20
2009.06.22 06:16:35.301,0.96035,0.96045,1.60,3.20
2009.06.22 06:16:35.651,0.96035,0.9605,7.20,9.20
2009.06.22 06:16:35.991,0.9604,0.9605,4.80,9.20
2009.06.22 06:16:36.161,0.9604,0.9605,4.80,8.00
2009.06.22 06:16:36.271,0.9604,0.96055,4.80,12.40
2009.06.22 06:16:36.851,0.9605,0.96055,1.60,12.40
2009.06.22 06:16:36.961,0.9605,0.9606,6.40,8.00
2009.06.22 06:16:37.461,0.9605,0.9606,4.80,8.00
2009.06.22 06:16:37.751,0.96055,0.9606,1.60,3.20
2009.06.22 06:16:39.870,0.96055,0.96065,4.80,12.40
2009.06.22 06:16:40.040,0.96055,0.96065,4.80,8.00
2009.06.22 06:16:40.211,0.96055,0.96065,4.80,3.20
2009.06.22 06:16:40.890,0.96055,0.96065,4.80,8.00
2009.06.22 06:16:41.310,0.96055,0.9606,5.80,3.20
2009.06.22 06:16:41.590,0.96055,0.9606,8.00,3.20
2009.06.22 06:16:42.050,0.9605,0.9606,12.80,3.20
2009.06.22 06:16:43.030,0.9605,0.9606,3.20,3.20
2009.06.22 06:16:46.639,0.9605,0.9606,3.20,12.40
2009.06.22 06:16:46.699,0.96045,0.96055,7.60,1.60
2009.06.22 06:16:46.808,0.96045,0.96055,3.20,1.60
2009.06.22 06:16:46.979,0.96045,0.96055,3.20,8.00
2009.06.22 06:16:47.948,0.9604,0.9605,8.00,6.80
2009.06.22 06:16:48.228,0.96035,0.9605,8.00,14.80
2009.06.22 06:16:51.028,0.96035,0.96045,1.60,1.20
2009.06.22 06:16:51.318,0.96035,0.96045,1.60,2.80
2009.06.22 06:16:51.478,0.9603,0.9604,25.00,1.60
2009.06.22 06:16:51.709,0.9603,0.9604,24.60,1.60
2009.06.22 06:16:51.868,0.9603,0.96035,10.60,1.60
2009.06.22 06:16:52.218,0.9603,0.96035,8.00,1.60
2009.06.22 06:16:52.568,0.96025,0.96035,8.00,1.60
2009.06.22 06:16:53.487,0.9603,0.9604,5.80,2.80
2009.06.22 06:16:53.657,0.9603,0.9604,7.40,1.60
2009.06.22 06:16:53.837,0.9603,0.9604,18.60,1.60
2009.06.22 06:16:54.567,0.9603,0.9604,19.00,1.60
2009.06.22 06:16:54.737,0.9603,0.9604,19.40,1.60
2009.06.22 06:16:55.087,0.9603,0.9604,19.00,1.60
2009.06.22 06:16:55.546,0.9603,0.9604,18.60,1.60
2009.06.22 06:17:02.835,0.9603,0.9604,15.40,1.60
2009.06.22 06:17:03.415,0.9603,0.9604,18.60,1.60
2009.06.22 06:17:05.784,0.9603,0.9604,19.00,1.60
2009.06.22 06:17:06.124,0.9603,0.9604,19.40,1.60
2009.06.22 06:17:06.354,0.9603,0.96045,16.20,2.80
2009.06.22 06:17:06.854,0.9603,0.9604,18.60,1.60
2009.06.22 06:17:09.203,0.9603,0.96045,15.40,2.80
2009.06.22 06:17:09.383,0.9603,0.96045,15.80,2.80
2009.06.22 06:17:09.543,0.9603,0.96045,16.20,2.80
2009.06.22 06:17:19.401,0.9603,0.96045,15.40,2.80
2009.06.22 06:17:19.581,0.9603,0.96045,17.00,2.80
2009.06.22 06:17:19.871,0.96035,0.96045,1.60,1.20
2009.06.22 06:17:19.991,0.96035,0.96045,1.60,2.80
2009.06.22 06:17:24.300,0.9603,0.96045,16.40,2.80
2009.06.22 06:17:24.529,0.9603,0.96045,16.80,2.80
2009.06.22 06:17:24.760,0.9603,0.96045,17.00,2.80
2009.06.22 06:17:25.449,0.9603,0.96045,16.40,2.80
2009.06.22 06:17:35.318,0.9603,0.96045,16.00,2.80
2009.06.22 06:17:35.427,0.9603,0.96045,15.40,2.80
2009.06.22 06:17:38.136,0.9603,0.96045,17.00,2.80
2009.06.22 06:17:47.614,0.96035,0.96045,1.60,1.60
2009.06.22 06:17:51.513,0.96035,0.96045,1.60,2.80
2009.06.22 06:17:52.223,0.9603,0.96045,12.80,2.80
2009.06.22 06:17:52.343,0.9603,0.9604,12.80,4.40
2009.06.22 06:17:52.523,0.9603,0.9604,3.20,4.40
2009.06.22 06:18:04.440,0.96025,0.9604,18.40,2.80
2009.06.22 06:18:04.550,0.9603,0.96045,1.60,8.00
2009.06.22 06:18:04.820,0.96035,0.9605,1.60,11.80
2009.06.22 06:18:04.990,0.96035,0.9605,1.60,17.20
2009.06.22 06:18:05.110,0.96035,0.9605,1.60,13.20
2009.06.22 06:18:05.160,0.96035,0.9605,9.60,13.20
2009.06.22 06:18:05.390,0.96035,0.9605,9.60,13.80
2009.06.22 06:18:05.510,0.96035,0.9605,9.60,13.40
2009.06.22 06:18:06.749,0.96035,0.9605,1.60,19.80
2009.06.22 06:18:06.979,0.96035,0.9605,1.60,19.60
2009.06.22 06:18:07.259,0.96035,0.96045,1.60,1.20
2009.06.22 06:18:11.498,0.9603,0.96035,11.20,1.20
2009.06.22 06:18:11.668,0.9603,0.96035,8.00,1.20
2009.06.22 06:18:16.367,0.96025,0.9604,11.40,2.80
2009.06.22 06:18:19.656,0.96025,0.9604,11.40,3.60
2009.06.22 06:18:20.736,0.96025,0.9604,11.40,2.80
2009.06.22 06:18:26.685,0.9603,0.9604,8.00,2.80
2009.06.22 06:18:26.905,0.96025,0.9604,11.40,2.80
2009.06.22 06:18:28.774,0.96025,0.96045,17.00,8.00
2009.06.22 06:18:29.594,0.96025,0.96035,17.00,1.20
2009.06.22 06:18:31.483,0.96025,0.9604,17.00,2.80
2009.06.22 06:18:31.773,0.96025,0.9604,17.00,3.60
2009.06.22 06:18:32.993,0.96025,0.9604,11.40,3.60
2009.06.22 06:18:33.223,0.96025,0.96035,8.00,1.20
2009.06.22 06:18:33.754,0.9602,0.96035,27.00,1.20
2009.06.22 06:18:34.083,0.96025,0.96035,8.00,1.20
2009.06.22 06:18:35.233,0.96025,0.96035,9.00,2.80
2009.06.22 06:18:35.652,0.96025,0.96035,1.00,2.80
2009.06.22 06:18:35.763,0.9602,0.96035,18.60,1.80
2009.06.22 06:18:35.822,0.9602,0.96025,9.60,1.20
2009.06.22 06:18:35.932,0.9602,0.96025,8.00,1.20
2009.06.22 06:18:36.082,0.96015,0.96025,16.60,1.20
2009.06.22 06:18:36.372,0.96015,0.96025,9.00,1.20
2009.06.22 06:18:42.121,0.96015,0.96025,12.00,1.20
2009.06.22 06:18:42.181,0.96015,0.96025,12.80,1.20
2009.06.22 06:18:44.661,0.96015,0.9603,14.40,8.00
2009.06.22 06:18:44.821,0.96015,0.96025,12.80,1.20
2009.06.22 06:18:47.310,0.96015,0.96025,11.60,1.20
2009.06.22 06:18:47.370,0.96015,0.96025,10.60,1.20
2009.06.22 06:18:48.809,0.96015,0.96025,18.20,1.20
2009.06.22 06:18:52.748,0.9602,0.96025,17.00,1.20
2009.06.22 06:18:52.978,0.9603,0.96035,3.20,9.20
2009.06.22 06:18:53.268,0.9603,0.9604,4.20,4.40
2009.06.22 06:18:53.618,0.9603,0.9604,4.20,3.20
2009.06.22 06:18:55.978,0.96035,0.96045,1.60,12.40
2009.06.22 06:18:56.257,0.96045,0.9605,3.20,5.20
2009.06.22 06:18:56.588,0.96045,0.96055,13.80,1.20
2009.06.22 06:18:56.817,0.96045,0.9606,7.00,18.80
2009.06.22 06:18:57.037,0.9604,0.9605,12.60,2.80
2009.06.22 06:18:57.387,0.96045,0.9605,1.60,9.20
2009.06.22 06:18:57.557,0.96045,0.9605,2.40,9.20
2009.06.22 06:18:58.137,0.96045,0.9605,1.60,9.20
2009.06.22 06:18:58.357,0.96035,0.9605,7.40,9.20
2009.06.22 06:18:58.537,0.96035,0.9605,5.80,9.20
2009.06.22 06:18:58.897,0.96035,0.96045,5.80,8.00
2009.06.22 06:19:03.666,0.96035,0.96045,7.40,8.00
2009.06.22 06:19:04.056,0.9604,0.9605,5.80,8.00
2009.06.22 06:19:04.456,0.9604,0.96055,5.80,12.40
2009.06.22 06:19:05.605,0.9604,0.9605,4.20,3.20
2009.06.22 06:19:54.744,0.9603,0.9604,14.20,3.20
2009.06.22 06:19:55.134,0.9603,0.9604,4.20,3.20
2009.06.22 06:19:55.763,0.96035,0.96045,1.00,14.00
2009.06.22 06:19:55.923,0.96035,0.96045,1.00,8.00
2009.06.22 06:19:56.393,0.9603,0.96045,12.20,9.20
2009.06.22 06:19:56.713,0.9603,0.9604,4.20,3.20
2009.06.22 06:20:03.222,0.96035,0.9604,1.00,3.20
2009.06.22 06:20:03.451,0.9603,0.9604,13.80,3.20
2009.06.22 06:20:03.681,0.9603,0.9604,5.80,3.20
2009.06.22 06:20:04.011,0.9603,0.96045,7.40,9.60
2009.06.22 06:20:04.241,0.9603,0.96045,15.40,8.00
2009.06.22 06:20:05.741,0.9603,0.9604,7.40,8.00
2009.06.22 06:20:05.971,0.9604,0.96045,1.60,8.00
2009.06.22 06:20:06.432,0.9604,0.9605,3.20,7.40
2009.06.22 06:20:06.770,0.9604,0.9605,3.20,3.20
2009.06.22 06:20:10.870,0.9604,0.9605,3.20,7.60
2009.06.22 06:20:10.929,0.9604,0.9605,3.20,9.20
2009.06.22 06:20:10.980,0.9604,0.96045,1.60,3.20
2009.06.22 06:20:11.329,0.9603,0.96045,15.00,3.20
2009.06.22 06:20:11.559,0.9603,0.96045,18.60,8.00
2009.06.22 06:20:11.739,0.9603,0.96045,15.40,8.00
2009.06.22 06:20:11.909,0.9603,0.96045,18.60,8.00
2009.06.22 06:20:12.089,0.96035,0.96045,1.60,8.00
2009.06.22 06:20:12.259,0.96035,0.96045,3.20,1.60
2009.06.22 06:20:12.529,0.96035,0.9605,8.00,24.40
2009.06.22 06:20:12.809,0.96035,0.9605,9.60,23.80
2009.06.22 06:20:13.109,0.96035,0.9604,1.60,8.00
2009.06.22 06:20:13.519,0.96035,0.96045,8.00,2.80
2009.06.22 06:20:13.809,0.96035,0.9605,1.60,23.40
2009.06.22 06:20:13.979,0.96035,0.9605,1.60,20.20
2009.06.22 06:20:14.159,0.9604,0.9605,3.20,6.80
2009.06.22 06:20:14.709,0.9604,0.9605,3.20,3.20
2009.06.22 06:20:15.790,0.96035,0.9605,9.60,19.60
2009.06.22 06:20:15.958,0.96035,0.9605,9.60,19.80
2009.06.22 06:20:16.228,0.96035,0.9605,1.60,20.20
2009.06.22 06:20:20.157,0.9603,0.9605,23.00,20.20
2009.06.22 06:20:20.327,0.96035,0.96045,3.20,3.20
2009.06.22 06:20:20.447,0.96035,0.96045,7.40,2.40
2009.06.22 06:20:20.677,0.9604,0.9605,3.20,12.40
2009.06.22 06:20:20.957,0.9604,0.9605,3.20,11.20
2009.06.22 06:20:29.285,0.96045,0.96055,1.60,1.60
2009.06.22 06:20:30.895,0.96045,0.96055,1.60,8.00
2009.06.22 06:20:34.574,0.9605,0.96055,8.80,1.60
2009.06.22 06:20:34.864,0.9606,0.96065,3.20,8.20
2009.06.22 06:20:35.093,0.9606,0.9607,3.20,14.00
2009.06.22 06:20:35.274,0.9606,0.9607,3.20,12.40
2009.06.22 06:20:35.483,0.9606,0.9607,3.20,11.20
2009.06.22 06:20:36.833,0.96055,0.9606,6.40,8.00
2009.06.22 06:20:37.233,0.9605,0.9606,12.20,8.00
2009.06.22 06:20:37.823,0.96065,0.9607,1.60,9.80
2009.06.22 06:20:37.943,0.96065,0.9607,3.20,8.60
2009.06.22 06:20:38.233,0.9606,0.96065,1.60,8.00
2009.06.22 06:20:43.722,0.9606,0.96065,1.60,1.60
2009.06.22 06:20:43.891,0.9606,0.96065,1.60,4.80
2009.06.22 06:20:44.071,0.9605,0.96065,4.80,8.00
2009.06.22 06:20:44.301,0.9605,0.96065,1.60,9.20
2009.06.22 06:20:44.361,0.96045,0.96065,16.80,9.20
2009.06.22 06:20:44.532,0.96045,0.9606,16.80,10.80
2009.06.22 06:20:44.592,0.96045,0.96055,17.00,1.20
2009.06.22 06:20:46.491,0.96045,0.9606,17.00,9.20
2009.06.22 06:20:46.731,0.96045,0.96055,17.00,1.20
2009.06.22 06:20:47.461,0.96045,0.9606,17.00,10.00
2009.06.22 06:20:47.700,0.96045,0.9606,11.40,16.40
2009.06.22 06:20:48.031,0.96045,0.96055,1.60,9.20
2009.06.22 06:20:48.670,0.9604,0.96055,21.20,9.60
2009.06.22 06:20:49.010,0.9604,0.9605,4.80,3.20
2009.06.22 06:20:49.520,0.9603,0.9604,7.40,1.60
2009.06.22 06:20:49.880,0.96025,0.96035,7.20,8.00
2009.06.22 06:20:50.230,0.9602,0.9603,3.20,8.00
2009.06.22 06:20:50.460,0.9602,0.9603,1.60,8.00
2009.06.22 06:20:50.690,0.9602,0.9603,3.20,8.00
2009.06.22 06:20:50.920,0.9602,0.9603,7.20,8.00
2009.06.22 06:20:51.160,0.9602,0.9603,7.40,8.00
2009.06.22 06:20:51.440,0.9602,0.96025,7.40,1.20
2009.06.22 06:20:51.560,0.96015,0.96025,17.00,1.20
2009.06.22 06:20:51.960,0.96025,0.9603,1.60,5.60
2009.06.22 06:20:52.080,0.9603,0.9604,3.20,8.90
2009.06.22 06:20:52.310,0.9603,0.9604,7.40,11.20
2009.06.22 06:20:52.609,0.9603,0.96045,15.40,9.20
2009.06.22 06:20:52.969,0.96035,0.96045,1.60,8.60
2009.06.22 06:20:53.309,0.9603,0.96045,17.00,8.20
2009.06.22 06:20:53.549,0.9603,0.96045,18.00,8.00
2009.06.22 06:20:53.659,0.96035,0.96045,1.60,8.00
2009.06.22 06:20:54.349,0.9603,0.9604,4.80,3.20
2009.06.22 06:20:54.409,0.9603,0.9604,3.20,3.20
2009.06.22 06:20:54.989,0.96035,0.96045,3.20,14.00
2009.06.22 06:20:55.439,0.96035,0.9604,1.60,3.20
2009.06.22 06:20:55.719,0.9603,0.9604,12.80,3.20
2009.06.22 06:20:56.169,0.96025,0.96035,7.20,8.00
2009.06.22 06:20:56.518,0.96015,0.96025,17.00,1.20
2009.06.22 06:21:01.298,0.96015,0.96025,17.80,1.20
2009.06.22 06:21:01.478,0.96015,0.96025,18.60,1.20
2009.06.22 06:21:01.707,0.9602,0.9603,17.00,1.60
2009.06.22 06:21:01.817,0.96025,0.96035,1.60,2.80
2009.06.22 06:21:02.047,0.96025,0.96035,3.20,2.80
2009.06.22 06:21:02.497,0.96025,0.96035,5.60,2.80
2009.06.22 06:21:04.447,0.9603,0.96035,3.20,1.20
2009.06.22 06:21:04.667,0.9603,0.9604,3.20,11.20
2009.06.22 06:21:04.897,0.9603,0.9604,5.00,3.20
2009.06.22 06:21:06.606,0.9603,0.9604,4.80,3.20
2009.06.22 06:21:12.175,0.96035,0.9604,1.60,3.20
2009.06.22 06:21:12.345,0.9604,0.9605,3.20,11.00
2009.06.22 06:21:12.575,0.9604,0.9605,3.20,8.00
2009.06.22 06:21:12.865,0.9604,0.9605,13.80,1.00
2009.06.22 06:21:13.034,0.96045,0.96055,1.60,8.00
2009.06.22 06:21:13.215,0.9604,0.96055,15.40,8.00
2009.06.22 06:21:15.634,0.96035,0.96045,15.40,2.80
2009.06.22 06:21:15.875,0.96035,0.9604,5.60,1.20
2009.06.22 06:21:16.044,0.9603,0.9604,11.40,1.20
2009.06.22 06:21:16.204,0.9603,0.96035,1.60,1.20
2009.06.22 06:21:16.893,0.9603,0.9604,1.60,1.20
2009.06.22 06:21:19.753,0.9603,0.96045,13.20,9.20
2009.06.22 06:21:19.853,0.9603,0.96045,21.20,9.20
2009.06.22 06:21:20.073,0.96035,0.96045,8.00,1.20
2009.06.22 06:21:21.003,0.96035,0.96045,1.60,1.60
2009.06.22 06:21:21.402,0.96035,0.96045,1.60,8.00
2009.06.22 06:21:29.391,0.9603,0.96045,10.60,10.80
2009.06.22 06:21:29.680,0.96025,0.96045,17.00,10.80
2009.06.22 06:21:30.310,0.9604,0.96045,3.20,8.00
2009.06.22 06:21:30.550,0.9604,0.96045,3.20,1.20
2009.06.22 06:21:30.891,0.9604,0.9605,3.20,11.20
2009.06.22 06:21:31.170,0.9604,0.9605,3.20,3.20
2009.06.22 06:21:31.690,0.9604,0.9605,3.20,11.20
2009.06.22 06:21:32.280,0.9604,0.9605,3.20,3.20
2009.06.22 06:21:34.129,0.9604,0.9605,11.20,3.20
2009.06.22 06:21:34.410,0.9604,0.9605,13.00,3.20
2009.06.22 06:21:34.709,0.9604,0.9605,5.00,3.20
2009.06.22 06:21:35.239,0.9604,0.9605,3.20,3.20
2009.06.22 06:21:35.459,0.96045,0.9605,1.60,3.20
2009.06.22 06:21:35.739,0.9604,0.9605,6.60,3.20
2009.06.22 06:21:36.469,0.9604,0.9605,14.60,3.20
2009.06.22 06:21:37.658,0.96045,0.9605,1.60,3.20
2009.06.22 06:21:37.879,0.96045,0.96055,3.40,8.00
2009.06.22 06:21:38.169,0.96045,0.9606,3.40,21.00
2009.06.22 06:21:38.459,0.96045,0.9606,1.60,17.80
2009.06.22 06:21:39.348,0.96045,0.9606,1.60,21.00
2009.06.22 06:21:39.688,0.96045,0.9606,3.40,16.20
2009.06.22 06:21:40.028,0.9605,0.9606,8.00,8.20
2009.06.22 06:21:40.328,0.9605,0.9606,8.00,10.80
2009.06.22 06:21:40.718,0.9605,0.9606,8.00,9.40
2009.06.22 06:21:41.448,0.9605,0.9606,9.60,1.20
2009.06.22 06:21:41.748,0.9605,0.96065,11.40,1.20
2009.06.22 06:21:42.037,0.9605,0.9606,11.40,1.20
2009.06.22 06:21:42.328,0.9605,0.9606,6.60,8.00
2009.06.22 06:21:42.747,0.9605,0.9606,6.60,9.20
2009.06.22 06:21:43.077,0.96055,0.9606,1.60,1.20
2009.06.22 06:21:43.407,0.96055,0.9606,3.20,1.20
2009.06.22 06:21:43.699,0.96055,0.96065,3.20,3.20
2009.06.22 06:21:44.327,0.96055,0.9607,3.20,19.20
2009.06.22 06:21:44.737,0.96055,0.9607,4.80,17.60
2009.06.22 06:21:45.007,0.96055,0.9607,6.60,17.60
2009.06.22 06:21:45.507,0.96055,0.9607,5.00,17.60
2009.06.22 06:21:45.977,0.96055,0.9607,6.40,16.40
2009.06.22 06:21:46.316,0.9607,0.96075,5.20,1.20
2009.06.22 06:21:46.617,0.9607,0.96085,14.40,1.60
2009.06.22 06:21:46.906,0.9608,0.9609,1.60,6.00
2009.06.22 06:21:47.126,0.9608,0.96095,1.80,5.40
2009.06.22 06:21:47.476,0.9608,0.96095,14.60,5.40
2009.06.22 06:21:47.936,0.9608,0.96095,14.60,5.80
2009.06.22 06:21:48.266,0.9608,0.96095,14.60,2.60
2009.06.22 06:21:48.487,0.9608,0.96095,14.60,5.80
2009.06.22 06:21:48.886,0.9608,0.96095,14.60,2.60
2009.06.22 06:21:49.166,0.96085,0.96095,8.00,1.20
2009.06.22 06:21:49.516,0.96085,0.96095,8.00,1.20
2009.06.22 06:21:49.916,0.9608,0.96095,14.60,1.20
2009.06.22 06:21:50.255,0.9608,0.96095,6.60,2.60
2009.06.22 06:21:50.645,0.96085,0.96095,13.00,1.00
2009.06.22 06:21:50.975,0.96085,0.961,13.00,10.80
2009.06.22 06:21:51.265,0.96085,0.96095,5.00,3.20
2009.06.22 06:21:51.555,0.96085,0.96095,13.00,1.60
2009.06.22 06:21:51.895,0.96085,0.96095,12.80,1.60
2009.06.22 06:21:52.235,0.96085,0.961,12.80,9.40
2009.06.22 06:21:52.575,0.96085,0.961,12.80,11.00
2009.06.22 06:21:53.255,0.96085,0.961,12.80,12.40
2009.06.22 06:21:53.605,0.96085,0.961,12.80,12.80
2009.06.22 06:21:54.185,0.96085,0.96095,3.20,1.60
2009.06.22 06:21:55.284,0.96085,0.961,3.20,21.80
2009.06.22 06:21:55.574,0.96085,0.961,4.80,20.60
2009.06.22 06:21:56.154,0.96085,0.961,4.80,20.60
2009.06.22 06:21:56.264,0.96085,0.961,4.80,23.00
2009.06.22 06:21:57.244,0.96085,0.961,4.80,21.40
2009.06.22 06:21:57.644,0.96085,0.961,4.80,23.40
2009.06.22 06:21:57.974,0.96085,0.961,3.20,19.80
2009.06.22 06:21:58.414,0.96085,0.9609,3.20,1.20
2009.06.22 06:22:02.003,0.96085,0.96095,3.20,1.60
2009.06.22 06:22:02.702,0.96085,0.96095,4.80,1.60
2009.06.22 06:22:02.932,0.96085,0.96095,3.20,1.60
2009.06.22 06:22:08.971,0.96085,0.9609,8.00,3.20
2009.06.22 06:22:09.141,0.9608,0.9609,12.80,3.20
2009.06.22 06:22:09.371,0.9608,0.9609,4.80,3.20
2009.06.22 06:22:09.781,0.9608,0.9609,3.20,3.20
2009.06.22 06:22:10.121,0.96085,0.9609,3.20,1.60
2009.06.22 06:22:10.821,0.96085,0.96095,3.20,8.60
2009.06.22 06:22:11.180,0.96085,0.9609,3.20,1.60
2009.06.22 06:22:18.539,0.9608,0.9609,3.20,12.60
2009.06.22 06:22:18.780,0.9607,0.9608,5.60,3.20
2009.06.22 06:22:18.959,0.96075,0.96085,3.20,9.20
2009.06.22 06:22:19.509,0.96075,0.9608,3.20,1.60
2009.06.22 06:22:19.748,0.96075,0.96085,3.20,8.00
2009.06.22 06:22:20.089,0.9607,0.9608,14.00,1.60
2009.06.22 06:22:23.728,0.9607,0.9608,15.20,1.60
2009.06.22 06:22:24.128,0.9607,0.9608,13.60,1.60
2009.06.22 06:22:24.467,0.9607,0.9608,15.20,1.60
2009.06.22 06:22:26.157,0.9607,0.9608,4.80,1.60
2009.06.22 06:22:26.447,0.96065,0.9608,18.00,2.80
2009.06.22 06:22:26.507,0.96065,0.9608,19.60,2.80
2009.06.22 06:22:26.727,0.96065,0.9608,11.60,10.80
2009.06.22 06:22:28.236,0.96065,0.9608,9.80,10.80
2009.06.22 06:22:29.026,0.9607,0.9608,8.00,2.80
2009.06.22 06:22:29.386,0.96065,0.9608,19.60,3.60
2009.06.22 06:22:29.736,0.96065,0.9608,9.80,11.60
2009.06.22 06:22:30.066,0.96065,0.9608,17.80,3.80
2009.06.22 06:22:30.356,0.96065,0.9608,9.80,11.80
2009.06.22 06:22:30.966,0.96065,0.9608,9.80,12.00
2009.06.22 06:22:31.066,0.96065,0.9608,9.80,12.20
2009.06.22 06:22:31.525,0.9607,0.96075,2.40,1.20
2009.06.22 06:22:31.816,0.9607,0.96075,1.60,2.80
2009.06.22 06:22:31.926,0.9606,0.96075,32.20,2.80
2009.06.22 06:22:32.226,0.96055,0.96065,19.40,1.20
2009.06.22 06:22:32.565,0.96055,0.96065,11.40,1.20
2009.06.22 06:22:32.975,0.96055,0.96065,22.60,1.20
2009.06.22 06:22:33.085,0.9606,0.9607,13.20,8.00
2009.06.22 06:22:33.316,0.9606,0.9607,13.20,1.60
2009.06.22 06:22:35.155,0.9606,0.9607,15.00,1.60
2009.06.22 06:22:35.384,0.9607,0.96075,8.00,2.00
2009.06.22 06:22:36.005,0.96065,0.9607,1.60,1.60
2009.06.22 06:22:36.244,0.9606,0.9607,23.00,1.60
2009.06.22 06:22:36.814,0.9606,0.9607,15.00,1.60
2009.06.22 06:22:37.054,0.9606,0.9607,13.20,1.60
2009.06.22 06:22:39.384,0.9606,0.9607,22.80,1.60
2009.06.22 06:22:39.674,0.9606,0.96075,22.80,3.60
2009.06.22 06:22:45.142,0.9607,0.96075,8.00,3.60
2009.06.22 06:22:45.362,0.9607,0.96075,8.00,2.80
2009.06.22 06:22:45.582,0.9607,0.96075,8.00,1.20
2009.06.22 06:22:45.692,0.9606,0.96075,15.80,1.20
2009.06.22 06:22:45.852,0.96065,0.96075,1.60,2.80
2009.06.22 06:22:51.881,0.9607,0.96075,3.20,1.20
2009.06.22 06:22:52.271,0.9607,0.9608,3.20,4.40
2009.06.22 06:22:53.560,0.9607,0.9608,3.20,3.20
2009.06.22 06:23:01.488,0.9607,0.9608,22.00,1.60
2009.06.22 06:23:01.549,0.9608,0.96085,1.60,14.00
2009.06.22 06:23:01.660,0.9607,0.96085,13.40,9.20
2009.06.22 06:23:01.719,0.96075,0.96085,9.60,1.20
2009.06.22 06:23:01.938,0.96075,0.96085,9.80,1.20
2009.06.22 06:23:01.989,0.96075,0.96085,10.20,1.20
2009.06.22 06:23:02.158,0.96075,0.96085,12.20,1.20
2009.06.22 06:23:02.558,0.96075,0.96085,13.00,1.20
2009.06.22 06:23:04.847,0.96075,0.96085,13.00,4.40
2009.06.22 06:23:05.068,0.96075,0.96085,12.00,4.40
2009.06.22 06:23:05.247,0.9608,0.9609,8.00,6.60
2009.06.22 06:23:05.638,0.9608,0.9609,9.60,5.00
2009.06.22 06:23:05.917,0.9608,0.96085,8.00,1.20
2009.06.22 06:23:06.377,0.96075,0.96085,1.60,1.20
2009.06.22 06:23:07.427,0.96075,0.9609,1.60,13.00
2009.06.22 06:23:07.787,0.9607,0.9609,19.00,13.00
2009.06.22 06:23:08.137,0.96075,0.9609,1.60,10.00
2009.06.22 06:23:08.247,0.9607,0.9609,19.00,13.00
2009.06.22 06:23:08.546,0.96075,0.9609,1.60,13.00
2009.06.22 06:23:08.827,0.96075,0.96085,1.60,1.20
2009.06.22 06:23:09.566,0.96075,0.9609,1.60,13.00
2009.06.22 06:23:13.585,0.96075,0.9609,9.60,5.00
2009.06.22 06:23:14.225,0.96075,0.9609,11.20,5.00
2009.06.22 06:23:14.505,0.96075,0.9609,14.40,5.00
2009.06.22 06:23:14.565,0.96075,0.9609,15.20,5.00
2009.06.22 06:23:14.625,0.9608,0.9609,8.00,5.00
2009.06.22 06:23:15.025,0.9608,0.9609,8.00,4.40
2009.06.22 06:23:15.255,0.9608,0.9609,9.60,4.40
2009.06.22 06:23:15.435,0.9608,0.9609,9.60,9.20
2009.06.22 06:23:15.725,0.9608,0.96085,9.60,3.80
2009.06.22 06:23:15.885,0.9608,0.96085,5.60,7.80
2009.06.22 06:23:16.205,0.9607,0.9608,5.10,6.00
2009.06.22 06:23:16.655,0.96065,0.9608,19.40,9.20
2009.06.22 06:23:16.875,0.9607,0.96075,2.40,1.60
2009.06.22 06:23:17.424,0.9606,0.96075,22.80,2.80
2009.06.22 06:23:17.765,0.9606,0.9607,5.20,1.60
2009.06.22 06:23:18.214,0.9606,0.96065,8.00,1.20
2009.06.22 06:23:18.665,0.96055,0.96065,19.40,1.20
2009.06.22 06:23:18.954,0.96055,0.9607,19.40,2.80
2009.06.22 06:23:19.424,0.96055,0.96065,19.40,1.20
2009.06.22 06:23:19.764,0.96055,0.9607,19.40,2.80
2009.06.22 06:23:20.454,0.9606,0.9607,3.20,2.80
2009.06.22 06:23:20.574,0.96065,0.96075,1.60,14.80
2009.06.22 06:23:20.744,0.96065,0.9607,1.60,3.20
2009.06.22 06:23:20.804,0.9606,0.96065,5.00,3.20
2009.06.22 06:23:21.004,0.9606,0.96065,18.00,4.60
2009.06.22 06:23:21.114,0.9606,0.9607,14.80,12.60
2009.06.22 06:23:21.454,0.96065,0.9607,1.60,5.10
2009.06.22 06:23:21.743,0.96065,0.9607,8.00,5.10
2009.06.22 06:23:22.193,0.96065,0.96075,1.60,1.60
2009.06.22 06:23:23.273,0.9607,0.96075,8.00,1.60
2009.06.22 06:23:25.173,0.96065,0.96075,1.60,1.60
2009.06.22 06:23:25.513,0.9606,0.96075,30.60,1.60
2009.06.22 06:23:25.863,0.96065,0.96075,8.00,1.60
2009.06.22 06:23:26.202,0.96065,0.96075,1.60,1.60
2009.06.22 06:23:26.522,0.9606,0.96075,30.60,1.60
2009.06.22 06:23:27.092,0.9607,0.96075,8.00,1.60
2009.06.22 06:23:27.262,0.96065,0.96075,1.60,1.60
2009.06.22 06:23:27.602,0.96065,0.96075,8.00,1.60
2009.06.22 06:23:27.943,0.9606,0.96075,21.20,8.00
2009.06.22 06:23:28.352,0.9606,0.96075,29.20,1.60
2009.06.22 06:23:28.742,0.9606,0.9607,24.80,1.60
2009.06.22 06:23:29.652,0.9606,0.96075,24.80,1.60
2009.06.22 06:23:29.882,0.9606,0.9607,15.40,8.00
2009.06.22 06:23:30.062,0.9606,0.9607,23.40,1.60
2009.06.22 06:23:30.302,0.96065,0.9607,4.20,1.60
2009.06.22 06:23:30.592,0.9607,0.9608,4.80,3.80
2009.06.22 06:23:32.891,0.96065,0.96075,1.60,8.00
2009.06.22 06:23:33.181,0.9606,0.9607,8.00,2.80
2009.06.22 06:23:33.461,0.9606,0.9607,8.00,6.00
2009.06.22 06:23:33.851,0.96055,0.96065,11.40,1.20
2009.06.22 06:23:34.141,0.96055,0.9607,9.80,15.00
2009.06.22 06:23:34.370,0.96055,0.9607,3.40,18.20
2009.06.22 06:23:35.910,0.96055,0.9607,3.40,18.00
2009.06.22 06:23:39.269,0.96055,0.9607,3.40,18.00
2009.06.22 06:23:39.379,0.96055,0.9607,3.40,18.20
2009.06.22 06:23:41.149,0.96055,0.9607,5.00,18.20
2009.06.22 06:23:41.309,0.96055,0.9607,5.00,15.00
2009.06.22 06:23:41.479,0.9606,0.9607,8.00,7.00
2009.06.22 06:23:42.549,0.96055,0.9607,10.60,15.00
2009.06.22 06:23:42.788,0.96055,0.9607,18.60,7.00
2009.06.22 06:23:43.019,0.9606,0.9607,1.80,15.00
2009.06.22 06:23:44.128,0.9606,0.9607,1.80,14.60
2009.06.22 06:23:44.408,0.9606,0.9607,1.80,14.00
2009.06.22 06:23:45.388,0.9606,0.9607,3.20,14.00
2009.06.22 06:23:45.628,0.9606,0.9607,3.20,17.20
2009.06.22 06:23:45.788,0.9606,0.9607,3.20,14.00
2009.06.22 06:23:45.898,0.9606,0.9607,3.20,11.20
2009.06.22 06:23:46.018,0.9606,0.9607,3.20,3.20
2009.06.22 06:23:48.327,0.9606,0.9607,15.80,3.20
2009.06.22 06:23:48.687,0.9606,0.9607,12.80,3.20
2009.06.22 06:23:48.907,0.9606,0.9607,3.20,3.20
2009.06.22 06:23:55.475,0.9606,0.9607,3.20,4.40
2009.06.22 06:24:01.104,0.9606,0.96065,1.80,2.80
2009.06.22 06:24:01.334,0.9605,0.96065,28.00,2.80
2009.06.22 06:24:01.574,0.9605,0.96065,27.80,2.80
2009.06.22 06:24:02.924,0.9606,0.96065,1.60,2.80
2009.06.22 06:24:03.363,0.9606,0.9607,3.20,4.40
2009.06.22 06:24:05.153,0.9606,0.9607,1.60,4.40
2009.06.22 06:24:05.273,0.96055,0.96065,9.60,2.80
2009.06.22 06:24:05.393,0.96055,0.96065,1.60,2.80
2009.06.22 06:24:05.453,0.9605,0.96065,27.80,2.80
2009.06.22 06:24:05.693,0.9605,0.96065,22.00,2.80
2009.06.22 06:24:05.803,0.9605,0.96065,21.80,10.80
2009.06.22 06:24:10.712,0.9606,0.9607,1.60,14.80
2009.06.22 06:24:11.052,0.96055,0.9606,5.20,1.00
2009.06.22 06:24:11.112,0.96055,0.9606,5.20,1.20
2009.06.22 06:24:11.391,0.9606,0.96065,1.60,9.20
2009.06.22 06:24:14.091,0.9606,0.9607,1.60,6.00
2009.06.22 06:24:14.321,0.9606,0.9607,1.60,14.00
2009.06.22 06:24:14.551,0.9606,0.96065,1.60,8.00
2009.06.22 06:24:14.781,0.9606,0.96065,1.60,3.20
2009.06.22 06:24:15.131,0.9606,0.9607,1.60,14.00
2009.06.22 06:24:15.351,0.96055,0.9607,8.80,17.20
2009.06.22 06:24:17.260,0.96055,0.96065,8.80,4.40
2009.06.22 06:24:17.370,0.96055,0.96065,8.80,9.20
2009.06.22 06:24:17.654,0.96055,0.96065,8.80,3.20
2009.06.22 06:24:17.820,0.96055,0.9607,3.40,17.20
2009.06.22 06:24:18.120,0.96055,0.9607,11.40,9.20
2009.06.22 06:24:22.759,0.96055,0.9607,11.40,7.60
2009.06.22 06:24:23.669,0.96055,0.9607,11.40,8.80
2009.06.22 06:24:24.008,0.96055,0.9607,8.80,14.80
2009.06.22 06:24:24.359,0.96055,0.9607,8.80,13.80
2009.06.22 06:24:29.877,0.96055,0.9607,1.60,15.40
2009.06.22 06:24:32.716,0.96055,0.9607,1.60,17.20
2009.06.22 06:24:33.186,0.96055,0.9607,1.60,18.20
2009.06.22 06:24:34.446,0.96055,0.96065,1.60,3.20
2009.06.22 06:24:36.216,0.96055,0.96065,15.20,3.20
2009.06.22 06:24:36.386,0.96055,0.9607,17.00,6.00
2009.06.22 06:24:36.766,0.96055,0.9607,17.00,2.80
2009.06.22 06:24:37.276,0.96055,0.9607,17.00,6.00
2009.06.22 06:24:37.925,0.96055,0.9607,17.00,5.60
2009.06.22 06:24:38.335,0.96055,0.9607,17.00,4.40
2009.06.22 06:24:38.615,0.9606,0.96075,3.40,12.40
2009.06.22 06:24:38.735,0.9606,0.96075,3.40,9.20
2009.06.22 06:24:38.975,0.9606,0.9607,3.40,1.20
2009.06.22 06:24:39.905,0.9606,0.96075,3.40,8.00
2009.06.22 06:24:40.255,0.9606,0.96075,3.40,9.20
2009.06.22 06:24:41.694,0.9606,0.96065,3.40,1.20
2009.06.22 06:24:44.114,0.9606,0.96065,17.80,1.20
2009.06.22 06:24:44.453,0.96055,0.96065,19.20,1.20
2009.06.22 06:24:45.563,0.96055,0.9607,19.20,1.20
2009.06.22 06:24:45.804,0.96055,0.9607,19.20,9.20
2009.06.22 06:24:45.913,0.96055,0.9607,9.40,17.20
2009.06.22 06:24:46.423,0.96055,0.9607,7.80,17.20
2009.06.22 06:24:46.773,0.96055,0.9607,7.80,14.00
2009.06.22 06:24:54.891,0.96055,0.9607,7.80,17.20
2009.06.22 06:24:55.061,0.9605,0.9606,10.40,3.20
2009.06.22 06:24:55.231,0.9605,0.9606,8.80,3.20
2009.06.22 06:24:59.220,0.9606,0.96065,3.20,17.20
2009.06.22 06:24:59.500,0.9606,0.9607,3.20,11.20
2009.06.22 06:24:59.730,0.9606,0.9607,3.20,3.20
2009.06.22 06:25:00.310,0.96065,0.9607,1.60,3.20
2009.06.22 06:25:01.560,0.96065,0.9607,1.80,3.20
2009.06.22 06:25:01.669,0.96065,0.96075,5.40,15.60
2009.06.22 06:25:01.789,0.96065,0.96075,5.40,9.20
2009.06.22 06:25:02.069,0.9607,0.96075,1.60,7.60
2009.06.22 06:25:02.240,0.96075,0.9608,1.60,17.20
2009.06.22 06:25:02.349,0.96075,0.9608,1.60,14.00
2009.06.22 06:25:02.639,0.96075,0.9608,1.60,3.20
2009.06.22 06:25:06.528,0.9607,0.9608,1.60,7.60
2009.06.22 06:25:06.759,0.9607,0.9608,1.60,15.60
2009.06.22 06:25:07.048,0.96075,0.9608,1.60,15.60
2009.06.22 06:25:07.328,0.96075,0.9608,1.60,8.00
2009.06.22 06:25:07.448,0.96075,0.96085,1.60,22.60
2009.06.22 06:25:08.818,0.96075,0.96085,1.60,22.00
2009.06.22 06:25:10.687,0.96075,0.96085,1.60,21.00
2009.06.22 06:25:10.847,0.96075,0.96085,1.60,22.60
2009.06.22 06:25:11.807,0.96075,0.96085,1.60,24.20
2009.06.22 06:25:12.227,0.96075,0.96085,1.60,22.60
2009.06.22 06:25:14.126,0.96075,0.96085,1.60,21.00
2009.06.22 06:25:14.407,0.96075,0.96085,1.60,101.00
2009.06.22 06:25:14.706,0.96075,0.96085,1.60,102.60
2009.06.22 06:25:15.036,0.96075,0.96085,1.60,104.20
2009.06.22 06:25:15.326,0.96075,0.96085,1.60,102.60
2009.06.22 06:25:15.666,0.96075,0.96085,1.60,102.00
2009.06.22 06:25:16.296,0.96075,0.96085,1.60,97.20
2009.06.22 06:25:16.577,0.96085,0.9609,1.60,9.00
2009.06.22 06:25:16.896,0.96085,0.9609,1.60,17.20
2009.06.22 06:25:17.176,0.9609,0.961,1.60,23.40
2009.06.22 06:25:17.556,0.9609,0.96095,1.60,8.00
2009.06.22 06:25:17.795,0.9609,0.961,1.60,23.40
2009.06.22 06:25:18.785,0.9609,0.961,1.60,23.60
2009.06.22 06:25:19.225,0.9609,0.961,1.60,23.40
2009.06.22 06:25:19.465,0.9609,0.961,1.60,12.20
2009.06.22 06:25:19.745,0.96085,0.96095,11.40,1.60
2009.06.22 06:25:19.916,0.96085,0.96095,9.60,2.80
2009.06.22 06:25:20.245,0.96085,0.96095,1.60,11.60
2009.06.22 06:25:20.595,0.96085,0.96095,1.60,19.60
2009.06.22 06:25:21.425,0.96085,0.96095,1.60,18.00
2009.06.22 06:25:21.655,0.96085,0.96095,1.60,20.40
2009.06.22 06:25:22.145,0.96085,0.96095,1.60,23.60
2009.06.22 06:25:22.255,0.96085,0.96095,1.60,20.40
2009.06.22 06:25:30.852,0.96085,0.96095,1.60,12.40
2009.06.22 06:25:31.313,0.96085,0.96095,1.60,22.00
2009.06.22 06:25:31.542,0.96085,0.96095,1.60,19.60
2009.06.22 06:25:32.042,0.96085,0.96095,1.60,13.20
2009.06.22 06:25:32.262,0.96085,0.96095,1.60,19.60
2009.06.22 06:25:32.782,0.96085,0.96095,1.60,13.20
2009.06.22 06:25:33.222,0.96085,0.96095,1.60,5.20
2009.06.22 06:25:33.912,0.96085,0.96095,1.60,18.80
2009.06.22 06:25:34.142,0.96085,0.96095,1.60,19.60
2009.06.22 06:25:38.451,0.96085,0.96095,1.60,21.00
2009.06.22 06:25:39.380,0.9608,0.96095,12.00,21.00
2009.06.22 06:25:44.649,0.9607,0.9608,20.00,3.20
2009.06.22 06:25:44.759,0.96075,0.96085,8.80,1.60
2009.06.22 06:25:44.939,0.96075,0.9609,8.80,27.40
2009.06.22 06:25:45.279,0.9607,0.96085,13.00,8.00
2009.06.22 06:25:45.629,0.9607,0.96085,13.00,8.60
2009.06.22 06:25:45.969,0.9608,0.96085,8.00,1.00
2009.06.22 06:25:46.259,0.96075,0.96085,1.60,8.00
2009.06.22 06:25:46.549,0.96075,0.9609,8.80,12.40
2009.06.22 06:25:46.769,0.96075,0.9609,10.40,15.60
2009.06.22 06:25:47.938,0.9608,0.9609,3.20,15.60
2009.06.22 06:25:48.208,0.9608,0.9609,3.20,4.40
2009.06.22 06:25:48.429,0.9608,0.9609,3.20,3.00
2009.06.22 06:25:49.638,0.9608,0.9609,3.20,3.20
2009.06.22 06:26:03.644,0.9608,0.9609,3.20,4.60
2009.06.22 06:26:03.814,0.96075,0.9608,12.60,3.20
2009.06.22 06:26:04.044,0.96075,0.9608,1.80,3.20
2009.06.22 06:26:04.444,0.96065,0.9608,11.20,6.00
2009.06.22 06:26:04.674,0.96065,0.9608,1.60,17.20
2009.06.22 06:26:04.964,0.96065,0.96075,1.60,8.00
2009.06.22 06:26:07.633,0.9607,0.96075,3.20,8.00
2009.06.22 06:26:08.024,0.9607,0.9608,3.20,11.80
2009.06.22 06:26:08.303,0.9607,0.9608,3.20,20.20
2009.06.22 06:26:08.543,0.9606,0.96075,14.80,8.00
2009.06.22 06:26:08.993,0.96065,0.9608,1.60,17.00
2009.06.22 06:26:09.523,0.96065,0.9608,1.60,16.60
2009.06.22 06:26:09.743,0.96065,0.9608,1.60,16.40
2009.06.22 06:26:24.030,0.9606,0.9608,21.00,17.00
2009.06.22 06:26:26.419,0.9606,0.9608,26.80,17.00
2009.06.22 06:26:42.895,0.9606,0.9608,26.80,16.00
2009.06.22 06:26:43.575,0.9606,0.9608,26.80,15.80
2009.06.22 06:26:46.224,0.9606,0.96075,17.60,8.00
2009.06.22 06:26:46.404,0.9606,0.9607,8.80,3.20
2009.06.22 06:26:46.684,0.9606,0.9607,3.20,3.20
2009.06.22 06:26:47.324,0.9606,0.96075,13.20,12.40
2009.06.22 06:26:47.584,0.9606,0.96075,13.20,9.20
2009.06.22 06:26:47.694,0.9606,0.96075,19.00,9.20
2009.06.22 06:26:47.814,0.9606,0.96075,27.00,1.20
2009.06.22 06:26:48.174,0.9606,0.9608,27.00,19.80
2009.06.22 06:26:49.333,0.9606,0.9607,10.60,3.20
2009.06.22 06:26:49.503,0.9606,0.9607,3.20,3.20
2009.06.22 06:26:56.072,0.9606,0.9607,11.20,3.20
2009.06.22 06:26:56.462,0.9606,0.9607,3.20,3.20
2009.06.22 06:27:02.650,0.96065,0.9608,7.20,22.00
2009.06.22 06:27:18.396,0.96065,0.9608,7.20,18.80
2009.06.22 06:27:18.626,0.96065,0.9608,5.60,18.80
2009.06.22 06:27:19.916,0.96065,0.9608,7.20,22.00
2009.06.22 06:27:27.174,0.96065,0.9608,7.20,23.60
2009.06.22 06:27:28.375,0.96065,0.9608,7.20,22.80
2009.06.22 06:27:28.554,0.96065,0.9608,7.20,22.00
2009.06.22 06:27:37.342,0.9607,0.9608,3.20,22.00
2009.06.22 06:27:37.552,0.9607,0.9608,3.20,12.40
2009.06.22 06:27:37.672,0.9607,0.9608,3.20,4.40
2009.06.22 06:27:37.872,0.9607,0.9608,3.20,3.20
2009.06.22 06:27:57.167,0.9607,0.9608,5.20,3.20
2009.06.22 06:28:15.473,0.96075,0.9608,5.60,3.20
2009.06.22 06:28:25.610,0.9607,0.9608,19.00,3.20
2009.06.22 06:28:28.800,0.9607,0.9608,11.00,3.20
2009.06.22 06:28:35.898,0.9607,0.9608,19.00,3.20
2009.06.22 06:28:36.128,0.9607,0.9608,11.00,3.20
2009.06.22 06:28:36.627,0.9607,0.9608,19.00,3.20
2009.06.22 06:28:43.316,0.9607,0.9608,11.00,3.20
2009.06.22 06:28:44.056,0.9607,0.9608,19.00,3.20
2009.06.22 06:28:44.335,0.9607,0.9608,11.00,3.20
2009.06.22 06:28:46.575,0.9607,0.9608,8.80,3.20
2009.06.22 06:28:46.635,0.9607,0.9608,9.80,3.20
2009.06.22 06:28:46.805,0.9607,0.9608,11.00,3.20
2009.06.22 06:28:49.265,0.9607,0.9608,15.80,3.20
2009.06.22 06:28:49.384,0.9607,0.9608,15.80,9.00
2009.06.22 06:28:49.485,0.9607,0.9608,8.00,9.20
2009.06.22 06:28:49.654,0.96065,0.9607,11.60,3.20
2009.06.22 06:28:49.994,0.9607,0.9608,8.00,10.60
2009.06.22 06:28:50.344,0.96065,0.9608,16.40,10.60
2009.06.22 06:28:51.944,0.9607,0.9608,8.00,10.60
2009.06.22 06:28:54.043,0.9607,0.9608,15.80,3.20
2009.06.22 06:28:54.263,0.9607,0.9608,21.40,3.20
2009.06.22 06:28:54.433,0.9607,0.9608,13.40,3.20
2009.06.22 06:28:55.703,0.9607,0.9608,21.40,3.20
2009.06.22 06:28:59.292,0.9607,0.9608,13.40,3.20
2009.06.22 06:29:00.202,0.9607,0.9608,21.40,3.20
2009.06.22 06:29:00.812,0.9607,0.9608,13.40,3.20
2009.06.22 06:29:01.841,0.9607,0.9608,11.80,3.20
2009.06.22 06:29:01.962,0.9607,0.9608,10.00,3.20
2009.06.22 06:29:21.836,0.9607,0.9608,10.00,11.20
2009.06.22 06:29:22.137,0.9607,0.9608,10.00,3.20
2009.06.22 06:29:22.376,0.9607,0.9608,11.60,3.20
2009.06.22 06:29:22.496,0.9607,0.9608,13.40,3.20
2009.06.22 06:29:27.285,0.9607,0.9608,7.80,3.20
2009.06.22 06:29:27.625,0.9607,0.9608,14.20,3.20
2009.06.22 06:29:27.955,0.96075,0.9608,1.60,1.00
2009.06.22 06:29:28.526,0.96075,0.9608,4.80,1.00
2009.06.22 06:29:28.825,0.96075,0.96085,1.60,10.80
2009.06.22 06:29:29.115,0.96075,0.96085,1.60,13.20
2009.06.22 06:29:29.415,0.9608,0.96085,1.60,2.80
2009.06.22 06:29:29.705,0.9608,0.96085,1.60,1.20
2009.06.22 06:29:30.005,0.96085,0.9609,3.20,1.20
2009.06.22 06:29:30.364,0.9609,0.96095,9.60,2.80
2009.06.22 06:29:30.715,0.96095,0.961,1.60,6.80
2009.06.22 06:29:31.114,0.96095,0.961,1.60,4.40
2009.06.22 06:29:31.665,0.96095,0.96105,1.60,12.40
2009.06.22 06:29:32.014,0.96095,0.96105,1.60,17.20
2009.06.22 06:29:32.354,0.96095,0.96105,1.60,26.80
2009.06.22 06:29:32.634,0.96095,0.96105,1.60,28.40
2009.06.22 06:29:32.874,0.96095,0.96105,1.60,26.80
2009.06.22 06:29:33.154,0.9609,0.961,7.80,3.20
2009.06.22 06:29:33.964,0.9609,0.961,15.80,3.20
2009.06.22 06:29:34.253,0.9609,0.961,7.80,3.20
2009.06.22 06:29:34.474,0.9609,0.961,15.80,3.20
2009.06.22 06:29:34.753,0.9609,0.961,7.80,3.20
2009.06.22 06:29:34.964,0.9609,0.961,15.80,3.20
2009.06.22 06:29:35.713,0.9609,0.961,7.80,3.20
2009.06.22 06:29:36.733,0.9609,0.961,13.20,3.20
2009.06.22 06:29:38.133,0.961,0.96105,1.60,8.00
2009.06.22 06:29:38.433,0.96095,0.961,3.40,3.20
2009.06.22 06:29:38.763,0.96095,0.961,1.60,3.20
2009.06.22 06:29:41.092,0.9609,0.961,13.20,3.20
2009.06.22 06:29:42.552,0.96095,0.961,1.60,3.20
2009.06.22 06:29:42.722,0.9609,0.961,14.80,3.20
2009.06.22 06:29:42.921,0.9609,0.961,21.20,3.20
2009.06.22 06:29:43.551,0.9609,0.961,13.20,3.20
2009.06.22 06:29:44.291,0.9609,0.961,7.80,3.20
2009.06.22 06:29:44.571,0.96095,0.96105,7.40,12.40
2009.06.22 06:29:44.861,0.96095,0.96105,7.40,1.60
2009.06.22 06:29:45.151,0.96095,0.9611,13.20,9.20
2009.06.22 06:29:45.501,0.961,0.9611,15.80,3.20
2009.06.22 06:29:46.031,0.961,0.9611,7.80,3.20
2009.06.22 06:29:48.450,0.961,0.9611,15.40,3.20
2009.06.22 06:29:48.870,0.961,0.9611,7.40,3.20
2009.06.22 06:29:50.140,0.9611,0.96115,1.00,7.80
2009.06.22 06:29:54.339,0.9611,0.9612,8.00,6.00
2009.06.22 06:29:54.739,0.96105,0.9612,9.40,9.20
2009.06.22 06:29:55.318,0.9611,0.9612,5.80,9.20
2009.06.22 06:29:55.488,0.9611,0.96125,7.40,25.80
2009.06.22 06:29:55.708,0.9611,0.9612,7.40,3.20
2009.06.22 06:29:55.878,0.9611,0.9612,13.20,3.20
2009.06.22 06:29:56.168,0.96115,0.96125,4.20,8.00
2009.06.22 06:29:56.448,0.96115,0.9613,19.00,17.20
2009.06.22 06:29:56.798,0.96115,0.9613,20.80,17.20
2009.06.22 06:29:56.978,0.96115,0.9613,20.80,20.40
2009.06.22 06:29:57.258,0.96115,0.9613,20.80,20.40
2009.06.22 06:29:59.947,0.96125,0.9613,2.60,11.20
2009.06.22 06:30:00.527,0.9612,0.9613,1.60,11.20
2009.06.22 06:30:00.877,0.96115,0.9613,8.40,17.20
2009.06.22 06:30:01.517,0.96115,0.9613,2.60,17.20
2009.06.22 06:30:01.977,0.96115,0.9613,2.60,14.00
2009.06.22 06:30:02.497,0.96115,0.96125,1.00,1.60
2009.06.22 06:30:02.607,0.96115,0.9613,7.40,14.00
2009.06.22 06:30:02.777,0.96115,0.9613,2.60,12.40
2009.06.22 06:30:04.326,0.96115,0.9613,7.40,14.00
2009.06.22 06:30:04.826,0.96115,0.9613,2.60,14.00
2009.06.22 06:30:05.556,0.96115,0.9613,4.20,14.00
2009.06.22 06:30:05.996,0.96115,0.9613,4.20,12.40
2009.06.22 06:30:06.456,0.96115,0.9613,2.60,12.40
2009.06.22 06:30:06.806,0.96115,0.9613,2.60,11.20
2009.06.22 06:30:06.976,0.96115,0.9613,2.60,12.40
2009.06.22 06:30:10.195,0.96115,0.9613,4.20,12.40
2009.06.22 06:30:12.035,0.96115,0.9613,2.60,12.40
2009.06.22 06:30:17.223,0.96115,0.9613,2.60,14.00
2009.06.22 06:30:19.173,0.96115,0.96125,2.60,9.40
2009.06.22 06:30:19.513,0.9611,0.9612,4.20,3.20
2009.06.22 06:30:37.848,0.9611,0.9612,4.20,3.80
2009.06.22 06:30:38.548,0.9611,0.9612,4.20,11.80
2009.06.22 06:30:38.888,0.9611,0.9612,4.20,3.80
2009.06.22 06:30:40.518,0.9611,0.9612,4.20,11.80
2009.06.22 06:30:40.797,0.9611,0.9612,4.20,3.80
2009.06.22 06:30:41.377,0.96105,0.96115,10.00,2.80
2009.06.22 06:30:41.607,0.96105,0.96115,2.60,12.40
2009.06.22 06:30:42.587,0.96105,0.9611,2.60,8.00
2009.06.22 06:30:43.517,0.96105,0.96115,2.60,2.80
2009.06.22 06:30:45.956,0.96105,0.96115,2.60,9.20
2009.06.22 06:30:46.306,0.96105,0.96115,2.60,2.80
2009.06.22 06:30:47.706,0.96105,0.9611,2.60,3.20
2009.06.22 06:30:47.876,0.961,0.9611,9.00,3.20
2009.06.22 06:30:48.376,0.96095,0.9611,9.40,11.20
2009.06.22 06:30:48.836,0.96095,0.96105,4.20,1.20
2009.06.22 06:30:49.656,0.96095,0.96105,4.20,9.20
2009.06.22 06:30:49.835,0.96095,0.9611,4.20,15.60
2009.06.22 06:30:50.075,0.96095,0.9611,4.20,16.40
2009.06.22 06:30:50.255,0.96095,0.9611,4.20,18.00
2009.06.22 06:30:50.475,0.96095,0.9611,2.60,18.60
2009.06.22 06:30:50.765,0.96095,0.96105,2.60,1.20
2009.06.22 06:30:50.995,0.96095,0.961,1.00,1.60
2009.06.22 06:30:51.635,0.9609,0.961,11.60,11.20
2009.06.22 06:30:51.855,0.96095,0.961,1.00,3.00
2009.06.22 06:30:52.724,0.96095,0.961,1.00,8.00
2009.06.22 06:30:53.154,0.96095,0.961,1.00,3.00
2009.06.22 06:30:53.565,0.96095,0.961,1.00,8.00
2009.06.22 06:30:54.248,0.96095,0.961,1.00,4.80
2009.06.22 06:30:54.534,0.9609,0.96095,2.60,3.20
2009.06.22 06:30:54.804,0.9609,0.961,5.80,8.00
2009.06.22 06:30:55.164,0.9609,0.96095,1.60,1.60
2009.06.22 06:30:55.564,0.9608,0.9609,1.60,1.20
2009.06.22 06:30:55.944,0.9608,0.9609,8.00,1.20
2009.06.22 06:30:56.344,0.96085,0.96095,2.60,6.80
2009.06.22 06:30:56.684,0.96085,0.96095,9.00,6.80
2009.06.22 06:30:57.094,0.96085,0.96095,2.60,1.20
2009.06.22 06:30:57.264,0.96085,0.96095,9.00,2.80
2009.06.22 06:30:57.554,0.96085,0.96095,10.60,1.20
2009.06.22 06:30:57.903,0.96085,0.96095,9.00,2.80
2009.06.22 06:30:58.173,0.96085,0.96095,10.60,1.20
2009.06.22 06:30:58.503,0.96085,0.96095,12.20,1.20
2009.06.22 06:30:58.733,0.96085,0.961,10.60,11.40
2009.06.22 06:30:59.073,0.96085,0.96095,2.60,3.20
2009.06.22 06:30:59.253,0.96085,0.961,2.60,21.40
2009.06.22 06:30:59.483,0.96085,0.96095,2.60,2.80
2009.06.22 06:30:59.644,0.96085,0.96095,9.00,1.20
2009.06.22 06:30:59.943,0.96085,0.961,12.20,10.60
2009.06.22 06:31:00.403,0.96085,0.961,2.60,19.40
2009.06.22 06:31:00.763,0.96085,0.96095,2.60,1.20
2009.06.22 06:31:01.172,0.96085,0.961,7.40,16.20
2009.06.22 06:31:01.572,0.96085,0.96095,1.00,2.80
2009.06.22 06:31:04.402,0.96085,0.9609,1.00,8.00
2009.06.22 06:31:04.792,0.9609,0.96095,1.00,3.80
2009.06.22 06:31:05.192,0.9608,0.9609,3.20,16.40
2009.06.22 06:31:05.481,0.9608,0.9609,4.80,8.00
2009.06.22 06:31:05.771,0.9608,0.96085,1.60,1.20
2009.06.22 06:31:06.121,0.96075,0.9609,12.20,10.00
2009.06.22 06:31:06.471,0.96075,0.96085,10.60,1.20
2009.06.22 06:31:06.821,0.9607,0.9608,3.40,11.20
2009.06.22 06:31:07.041,0.96065,0.96075,19.20,1.20
2009.06.22 06:31:07.221,0.96065,0.96075,12.00,1.20
2009.06.22 06:31:07.571,0.96065,0.96075,11.80,1.20
2009.06.22 06:31:07.921,0.96065,0.96075,19.80,1.20
2009.06.22 06:31:08.941,0.96065,0.96075,14.20,1.20
2009.06.22 06:31:09.001,0.96065,0.96075,12.20,1.20
2009.06.22 06:31:09.121,0.96065,0.96075,10.60,1.20
2009.06.22 06:31:09.181,0.96065,0.96075,2.60,2.80
2009.06.22 06:31:09.471,0.96065,0.96075,1.00,2.80
2009.06.22 06:31:11.420,0.96065,0.96075,4.20,1.20
2009.06.22 06:31:11.590,0.9607,0.9608,2.60,3.20
2009.06.22 06:31:11.750,0.9607,0.96075,3.20,1.20
2009.06.22 06:31:11.930,0.96065,0.96075,2.60,1.20
2009.06.22 06:31:12.170,0.9606,0.9607,16.60,3.20
2009.06.22 06:31:12.390,0.9606,0.9607,6.80,3.20
2009.06.22 06:31:12.510,0.9606,0.9607,11.00,3.20
2009.06.22 06:31:13.360,0.9606,0.9607,11.20,3.20
2009.06.22 06:31:17.329,0.9606,0.9607,16.40,3.20
2009.06.22 06:31:17.609,0.9606,0.9607,9.00,3.20
2009.06.22 06:31:17.958,0.9606,0.9607,16.40,3.20
2009.06.22 06:31:21.767,0.9607,0.9608,2.60,11.20
2009.06.22 06:31:22.008,0.9607,0.9608,4.20,3.20
2009.06.22 06:31:22.128,0.9607,0.9608,2.60,3.20
2009.06.22 06:31:22.638,0.9607,0.9608,4.20,3.20
2009.06.22 06:31:22.987,0.9607,0.9608,2.60,3.20
2009.06.22 06:31:24.027,0.9607,0.9608,12.20,3.20
2009.06.22 06:31:24.197,0.9607,0.9608,9.00,3.20
2009.06.22 06:31:24.367,0.96065,0.96075,8.40,1.20
2009.06.22 06:31:25.407,0.9607,0.96075,1.60,11.60
2009.06.22 06:31:25.818,0.96065,0.9608,3.40,16.40
2009.06.22 06:31:26.227,0.96065,0.9608,14.20,8.40
2009.06.22 06:31:26.516,0.96075,0.96085,3.60,7.60
2009.06.22 06:31:26.756,0.96075,0.96085,1.00,4.40
2009.06.22 06:31:27.046,0.9608,0.96085,8.00,2.80
2009.06.22 06:31:27.416,0.9607,0.96075,7.80,1.20
2009.06.22 06:31:27.656,0.96065,0.9608,12.40,12.40
2009.06.22 06:31:27.877,0.9607,0.96075,9.60,1.20
2009.06.22 06:31:28.166,0.96065,0.96075,20.00,1.20
2009.06.22 06:31:28.386,0.96065,0.9608,12.00,12.40
2009.06.22 06:31:28.616,0.96065,0.9608,19.20,9.20
2009.06.22 06:31:29.006,0.96065,0.9608,11.20,9.20
2009.06.22 06:31:29.496,0.96065,0.96075,11.20,1.20
2009.06.22 06:31:30.006,0.96065,0.96075,10.20,1.20
2009.06.22 06:31:30.396,0.96065,0.9608,10.20,12.40
2009.06.22 06:31:30.806,0.96065,0.96075,4.60,8.00
2009.06.22 06:31:31.155,0.96065,0.9608,4.60,12.40
2009.06.22 06:31:33.535,0.9607,0.96075,1.60,1.20
2009.06.22 06:31:33.765,0.96065,0.96075,2.60,1.20
2009.06.22 06:31:34.165,0.96065,0.96075,10.60,1.20
2009.06.22 06:31:34.605,0.96065,0.96075,12.20,1.20
2009.06.22 06:31:34.834,0.96065,0.96075,10.60,1.20
2009.06.22 06:31:35.005,0.96065,0.96075,12.20,1.20
2009.06.22 06:31:35.475,0.96065,0.96075,10.60,2.80
2009.06.22 06:31:35.814,0.96065,0.96075,9.00,2.80
2009.06.22 06:31:36.214,0.96065,0.96075,1.00,2.80
2009.06.22 06:31:36.674,0.9606,0.96065,8.00,1.60
2009.06.22 06:31:37.074,0.96055,0.96065,2.60,1.20
2009.06.22 06:31:37.364,0.96055,0.9607,2.60,16.40
2009.06.22 06:31:37.544,0.96055,0.96065,4.20,2.80
2009.06.22 06:31:37.714,0.96055,0.96065,2.60,1.60
2009.06.22 06:31:38.284,0.9606,0.9607,2.60,13.20
2009.06.22 06:31:38.624,0.9606,0.9607,2.60,11.80
2009.06.22 06:31:39.083,0.96055,0.96065,2.60,1.20
2009.06.22 06:31:39.354,0.96055,0.96065,4.20,1.20
2009.06.22 06:31:39.693,0.96055,0.96065,2.60,1.20
2009.06.22 06:31:40.663,0.9606,0.96065,5.80,1.20
2009.06.22 06:31:40.954,0.9606,0.9607,2.60,11.20
2009.06.22 06:31:41.293,0.9606,0.9607,9.00,3.20
2009.06.22 06:31:41.523,0.96065,0.96075,10.60,1.20
2009.06.22 06:31:41.693,0.96065,0.9608,12.20,9.80
2009.06.22 06:31:41.973,0.96065,0.9608,12.20,7.20
2009.06.22 06:31:50.031,0.9607,0.9608,8.00,9.60
2009.06.22 06:31:50.201,0.9607,0.9608,8.00,9.00
2009.06.22 06:31:50.261,0.96065,0.9608,2.60,17.00
2009.06.22 06:31:50.441,0.96065,0.96075,2.60,1.60
2009.06.22 06:31:50.551,0.96065,0.96075,1.00,1.60
2009.06.22 06:31:50.891,0.96065,0.96075,1.00,8.00
2009.06.22 06:31:51.241,0.96065,0.96075,1.00,2.80
2009.06.22 06:31:55.629,0.96065,0.96075,1.00,10.80
2009.06.22 06:31:56.079,0.96065,0.96075,9.00,2.80
2009.06.22 06:31:56.769,0.96065,0.96075,1.00,2.80
2009.06.22 06:31:59.029,0.96065,0.96075,2.60,1.20
2009.06.22 06:31:59.668,0.96065,0.96075,2.60,9.20
2009.06.22 06:32:00.288,0.96065,0.96075,2.60,8.00
2009.06.22 06:32:01.148,0.96065,0.9608,4.20,8.80
2009.06.22 06:32:01.488,0.96065,0.96075,5.00,8.00
2009.06.22 06:32:01.778,0.96065,0.96075,2.60,8.00
2009.06.22 06:32:02.808,0.9606,0.9607,3.00,11.20
2009.06.22 06:32:02.928,0.9606,0.9607,6.80,11.20
2009.06.22 06:32:03.328,0.9606,0.9607,4.60,11.20
2009.06.22 06:32:03.448,0.9606,0.9607,3.60,11.20
2009.06.22 06:32:03.627,0.9606,0.9607,2.60,3.20
2009.06.22 06:32:04.667,0.9606,0.9607,9.00,3.20
2009.06.22 06:32:05.027,0.96055,0.96065,14.40,3.20
2009.06.22 06:32:05.248,0.96055,0.96065,11.20,4.00
2009.06.22 06:32:05.357,0.9605,0.9606,5.80,3.20
2009.06.22 06:32:05.477,0.9605,0.9606,4.20,3.20
2009.06.22 06:32:07.607,0.9605,0.96055,3.20,9.20
2009.06.22 06:32:07.837,0.96045,0.9605,1.60,3.20
2009.06.22 06:32:08.127,0.9604,0.9605,9.00,3.20
2009.06.22 06:32:08.476,0.9604,0.9605,8.00,4.40
2009.06.22 06:32:08.876,0.9604,0.9605,8.00,6.00
2009.06.22 06:32:09.056,0.9604,0.96045,8.00,1.20
2009.06.22 06:32:09.896,0.9604,0.9605,8.00,6.00
2009.06.22 06:32:10.516,0.9604,0.9605,8.00,3.20
2009.06.22 06:32:10.876,0.9604,0.9605,9.00,3.20
2009.06.22 06:32:11.626,0.96035,0.96045,3.20,10.20
2009.06.22 06:32:11.965,0.96045,0.96055,8.00,3.60
2009.06.22 06:32:12.355,0.96045,0.96055,5.80,8.00
2009.06.22 06:32:12.536,0.96045,0.9605,5.80,1.60
2009.06.22 06:32:12.655,0.9605,0.96055,3.20,2.40
2009.06.22 06:32:12.816,0.9605,0.9606,4.20,8.00
2009.06.22 06:32:12.935,0.9605,0.96065,4.20,14.80
2009.06.22 06:32:13.445,0.96045,0.96055,16.80,3.20
2009.06.22 06:32:13.716,0.9604,0.96055,15.40,4.40
2009.06.22 06:32:13.885,0.9604,0.96055,4.20,15.60
2009.06.22 06:32:14.095,0.96045,0.9605,1.00,8.00
2009.06.22 06:32:14.325,0.9604,0.9605,5.80,8.00
2009.06.22 06:32:14.785,0.9604,0.9605,4.20,8.00
2009.06.22 06:32:15.055,0.96045,0.96055,4.20,10.80
2009.06.22 06:32:15.405,0.96045,0.9605,4.20,1.00
2009.06.22 06:32:15.745,0.96045,0.96055,4.20,3.20
2009.06.22 06:32:16.084,0.96045,0.9606,13.80,8.00
2009.06.22 06:32:16.474,0.96045,0.96055,5.80,3.20
2009.06.22 06:32:16.824,0.96045,0.96055,13.80,3.20
2009.06.22 06:32:17.114,0.96045,0.96055,5.80,3.20
2009.06.22 06:32:17.444,0.96045,0.96055,4.20,3.20
2009.06.22 06:32:20.084,0.96045,0.96055,7.40,3.20
2009.06.22 06:32:20.263,0.9605,0.9606,1.60,17.20
2009.06.22 06:32:20.504,0.9605,0.96055,3.20,3.20
2009.06.22 06:32:20.734,0.9605,0.96055,4.80,3.20
2009.06.22 06:32:21.023,0.9605,0.9606,3.20,8.00
2009.06.22 06:32:21.303,0.9605,0.9606,4.80,8.00
2009.06.22 06:32:21.973,0.96055,0.9606,1.60,8.00
2009.06.22 06:32:22.423,0.9605,0.9606,4.80,8.00
2009.06.22 06:32:22.723,0.9605,0.9606,3.20,8.00
2009.06.22 06:32:22.903,0.96055,0.9606,1.60,8.00
2009.06.22 06:32:24.163,0.9605,0.9606,1.60,15.60
2009.06.22 06:32:24.343,0.96045,0.9606,7.40,9.20
2009.06.22 06:32:24.693,0.9605,0.9606,2.60,8.00
2009.06.22 06:32:24.872,0.9605,0.96065,5.80,14.00
2009.06.22 06:32:25.792,0.9605,0.96055,5.80,1.60
2009.06.22 06:32:25.972,0.9605,0.96055,5.80,1.20
2009.06.22 06:32:26.202,0.9605,0.96055,5.80,1.00
2009.06.22 06:32:27.452,0.9605,0.9606,4.20,9.00
2009.06.22 06:32:27.952,0.9605,0.9606,4.20,8.40
2009.06.22 06:32:28.292,0.9605,0.96055,4.20,1.00
2009.06.22 06:32:28.762,0.96045,0.96055,19.60,1.00
2009.06.22 06:32:29.091,0.96045,0.9606,19.60,8.00
2009.06.22 06:32:29.581,0.96045,0.96055,19.60,1.00
2009.06.22 06:32:29.871,0.96045,0.9606,19.60,8.00
2009.06.22 06:32:30.381,0.96045,0.96055,22.00,1.60
2009.06.22 06:32:30.671,0.9605,0.96055,1.60,1.60
2009.06.22 06:32:31.151,0.96045,0.96055,21.20,1.60
2009.06.22 06:32:31.501,0.96045,0.96055,13.20,1.60
2009.06.22 06:32:31.851,0.96045,0.96055,12.40,1.60
2009.06.22 06:32:32.241,0.96045,0.9605,1.60,8.00
2009.06.22 06:32:32.511,0.9604,0.9605,4.20,3.60
2009.06.22 06:32:32.681,0.9604,0.9605,4.20,12.40
2009.06.22 06:32:33.081,0.9604,0.96045,4.20,1.60
2009.06.22 06:32:33.310,0.9604,0.9605,4.20,8.00
2009.06.22 06:32:33.590,0.96045,0.9605,1.60,8.00
2009.06.22 06:32:33.880,0.9605,0.96055,4.20,3.00
2009.06.22 06:32:34.430,0.9605,0.96055,5.20,3.00
2009.06.22 06:32:34.770,0.96045,0.96055,20.60,3.00
2009.06.22 06:32:35.110,0.96045,0.96055,11.60,1.60
2009.06.22 06:32:35.380,0.96045,0.9606,5.80,11.60
2009.06.22 06:32:35.720,0.9604,0.9605,1.60,4.40
2009.06.22 06:32:36.050,0.96035,0.9605,22.80,7.00
2009.06.22 06:32:36.390,0.96035,0.96045,21.20,1.60
2009.06.22 06:32:36.789,0.96035,0.96045,15.40,1.60
2009.06.22 06:32:36.959,0.9604,0.96045,9.60,1.60
2009.06.22 06:32:37.799,0.9604,0.9605,9.60,5.60
2009.06.22 06:32:38.150,0.96045,0.9605,8.00,5.60
2009.06.22 06:32:38.559,0.96045,0.9605,8.00,4.00
2009.06.22 06:32:38.769,0.96035,0.9605,19.60,4.00
2009.06.22 06:32:39.009,0.96035,0.9605,19.60,2.60
2009.06.22 06:32:39.239,0.9604,0.9605,4.80,2.60
2009.06.22 06:32:39.459,0.9605,0.96055,12.20,1.60
2009.06.22 06:32:39.629,0.9605,0.96055,12.20,1.00
2009.06.22 06:32:39.969,0.9605,0.96055,13.00,1.00
2009.06.22 06:32:40.129,0.9605,0.96055,12.20,1.00
2009.06.22 06:32:40.468,0.9605,0.96055,11.20,1.00
2009.06.22 06:32:40.859,0.96045,0.96055,19.60,1.00
2009.06.22 06:32:41.668,0.96045,0.9606,19.60,2.80
2009.06.22 06:32:44.248,0.96045,0.9606,21.20,2.80
2009.06.22 06:32:44.548,0.96045,0.9605,22.80,1.60
2009.06.22 06:32:44.718,0.96045,0.9605,19.60,1.60
2009.06.22 06:32:44.838,0.9605,0.9606,8.00,3.60
2009.06.22 06:32:45.068,0.96045,0.9605,19.60,1.60
2009.06.22 06:32:45.527,0.96045,0.9605,11.60,1.60
2009.06.22 06:32:46.927,0.96045,0.96055,11.60,1.60
2009.06.22 06:32:47.107,0.9605,0.96055,3.20,1.60
2009.06.22 06:32:47.287,0.9605,0.96055,1.00,1.60
2009.06.22 06:32:47.407,0.96045,0.96055,13.20,1.60
2009.06.22 06:32:47.747,0.96045,0.96055,11.60,1.60
2009.06.22 06:32:47.927,0.96045,0.96055,10.00,1.60
2009.06.22 06:32:48.097,0.9605,0.96055,3.20,1.60
2009.06.22 06:32:48.497,0.96045,0.96055,11.80,1.60
2009.06.22 06:32:48.897,0.96045,0.9606,11.60,8.00
2009.06.22 06:32:52.446,0.9605,0.9606,8.80,8.00
2009.06.22 06:32:52.736,0.96055,0.9606,1.60,8.00
2009.06.22 06:32:52.956,0.96055,0.9606,4.80,8.00
2009.06.22 06:32:53.236,0.96055,0.9607,4.80,9.20
2009.06.22 06:32:53.475,0.9606,0.9607,3.20,8.00
2009.06.22 06:32:53.766,0.9606,0.9607,4.80,8.00
2009.06.22 06:32:56.445,0.9606,0.9607,3.20,8.00
2009.06.22 06:32:56.785,0.96055,0.96065,14.60,1.20
2009.06.22 06:32:57.005,0.96055,0.96065,2.60,9.20
2009.06.22 06:32:57.295,0.9605,0.96055,8.80,1.60
2009.06.22 06:33:00.284,0.9605,0.9606,8.80,1.20
2009.06.22 06:33:00.394,0.9605,0.96055,8.80,1.60
2009.06.22 06:33:01.753,0.9605,0.9606,8.80,1.60
2009.06.22 06:33:03.023,0.9605,0.9606,8.80,8.00
2009.06.22 06:33:04.043,0.9605,0.9606,8.80,1.60
2009.06.22 06:33:11.021,0.9605,0.96055,5.60,9.20
2009.06.22 06:33:11.361,0.96045,0.96055,12.40,1.60
2009.06.22 06:33:11.712,0.96045,0.9606,14.00,12.40
2009.06.22 06:33:11.991,0.96045,0.9606,11.60,8.00
2009.06.22 06:33:14.750,0.96045,0.9606,11.60,9.60
2009.06.22 06:33:15.020,0.96045,0.9605,12.40,1.60
2009.06.22 06:33:18.180,0.96045,0.96055,1.60,24.40
2009.06.22 06:33:18.400,0.96045,0.96055,1.60,12.40
2009.06.22 06:33:30.567,0.96045,0.96055,1.00,12.40
2009.06.22 06:33:30.907,0.9604,0.96055,13.80,12.40
2009.06.22 06:33:31.147,0.9605,0.96055,1.60,8.00
2009.06.22 06:33:31.386,0.9605,0.9606,1.60,17.40
2009.06.22 06:33:31.896,0.9605,0.96055,1.60,3.20
2009.06.22 06:33:32.016,0.96045,0.96055,7.40,4.40
2009.06.22 06:33:32.246,0.96045,0.9605,7.40,8.00
2009.06.22 06:33:33.356,0.9605,0.96055,1.60,8.00
2009.06.22 06:33:33.586,0.9605,0.9606,1.60,17.40
2009.06.22 06:33:34.755,0.9605,0.96055,1.60,3.20
2009.06.22 06:33:36.495,0.9605,0.9606,1.60,15.80
2009.06.22 06:33:36.665,0.9605,0.9606,1.60,15.60
2009.06.22 06:33:36.905,0.9605,0.96055,1.60,8.00
2009.06.22 06:33:37.255,0.9605,0.9606,1.60,16.00
2009.06.22 06:33:37.485,0.9605,0.96055,1.60,8.00
2009.06.22 06:33:39.335,0.96045,0.9605,5.80,8.00
2009.06.22 06:33:39.455,0.96045,0.9605,5.80,3.20
2009.06.22 06:33:39.904,0.96045,0.9605,5.80,4.80
2009.06.22 06:33:40.024,0.96045,0.9605,5.80,5.20
2009.06.22 06:33:40.144,0.96045,0.9605,5.80,5.60
2009.06.22 06:33:40.424,0.9604,0.9605,5.80,5.60
2009.06.22 06:33:40.714,0.9604,0.9605,1.60,9.20
2009.06.22 06:33:41.064,0.96035,0.96045,15.40,3.20
2009.06.22 06:33:41.404,0.96035,0.96045,7.40,8.00
2009.06.22 06:33:41.754,0.96035,0.9605,9.00,16.00
2009.06.22 06:33:42.164,0.96035,0.9605,17.00,16.00
2009.06.22 06:33:42.504,0.96035,0.9605,17.00,8.00
2009.06.22 06:33:42.734,0.96035,0.9605,15.40,8.00
2009.06.22 06:33:42.894,0.96035,0.9605,15.40,16.00
2009.06.22 06:33:43.064,0.96035,0.9605,15.40,8.00
2009.06.22 06:33:43.564,0.96035,0.9605,17.00,8.00
2009.06.22 06:33:43.794,0.96035,0.9605,15.40,11.20
2009.06.22 06:33:44.033,0.96035,0.9605,15.40,8.00
2009.06.22 06:33:44.383,0.96035,0.9605,15.40,16.00
2009.06.22 06:33:44.733,0.96035,0.9605,15.40,8.00
2009.06.22 06:33:45.083,0.9604,0.9605,8.00,8.00
2009.06.22 06:33:46.753,0.9604,0.9605,8.00,6.60
2009.06.22 06:33:47.263,0.9604,0.9605,1.00,6.40
2009.06.22 06:33:47.553,0.9604,0.9605,4.20,1.60
2009.06.22 06:33:47.793,0.9604,0.96055,4.20,12.40
2009.06.22 06:33:48.592,0.9604,0.96055,16.80,12.40
2009.06.22 06:33:48.772,0.9604,0.96055,17.80,12.40
2009.06.22 06:33:49.792,0.9604,0.96055,16.20,12.40
2009.06.22 06:33:49.852,0.9604,0.96055,8.20,12.40
2009.06.22 06:33:50.062,0.9604,0.96055,8.00,12.40
2009.06.22 06:33:50.342,0.9604,0.96055,7.80,12.40
2009.06.22 06:33:50.452,0.9604,0.96055,5.80,12.40
2009.06.22 06:33:51.471,0.9605,0.96055,4.20,14.00
2009.06.22 06:33:51.881,0.9605,0.96065,5.80,13.40
2009.06.22 06:33:51.991,0.9605,0.96065,5.80,12.80
2009.06.22 06:33:53.411,0.9605,0.9606,2.60,3.20
2009.06.22 06:33:53.641,0.96045,0.9606,19.60,3.20
2009.06.22 06:33:53.981,0.96045,0.9606,18.80,11.20
2009.06.22 06:33:56.850,0.96045,0.96055,17.20,2.80
2009.06.22 06:33:57.240,0.96045,0.96055,17.20,1.60
2009.06.22 06:33:57.520,0.96045,0.96055,17.20,2.80
2009.06.22 06:33:58.380,0.96045,0.96055,11.60,1.60
2009.06.22 06:33:58.740,0.9604,0.9605,13.20,3.20
2009.06.22 06:33:58.980,0.9604,0.9605,11.60,3.20
2009.06.22 06:34:00.129,0.9604,0.9605,2.80,22.00
2009.06.22 06:34:00.410,0.9604,0.9605,1.00,18.80
2009.06.22 06:34:00.639,0.9604,0.9605,2.20,22.00
2009.06.22 06:34:01.040,0.9604,0.9605,3.80,22.00
2009.06.22 06:34:01.369,0.96035,0.96045,18.80,1.20
2009.06.22 06:34:01.779,0.9604,0.96045,4.20,1.20
2009.06.22 06:34:02.119,0.96035,0.9605,22.80,3.20
2009.06.22 06:34:02.359,0.96035,0.9605,17.60,17.20
2009.06.22 06:34:02.719,0.96035,0.9605,18.60,3.20
2009.06.22 06:34:03.099,0.9604,0.96045,3.80,1.20
2009.06.22 06:34:03.209,0.96035,0.9605,18.60,3.20
2009.06.22 06:34:03.439,0.9604,0.9605,4.20,3.20
2009.06.22 06:34:03.769,0.9604,0.9605,3.40,6.00
2009.06.22 06:34:03.938,0.9604,0.9605,4.20,3.20
2009.06.22 06:34:06.638,0.9604,0.9605,11.60,3.20
2009.06.22 06:34:06.998,0.9604,0.96045,8.00,1.20
2009.06.22 06:34:10.687,0.96035,0.96045,16.40,1.20
2009.06.22 06:34:11.147,0.96035,0.96045,10.00,2.80
2009.06.22 06:34:11.507,0.96035,0.96045,2.60,9.20
2009.06.22 06:34:11.787,0.96035,0.96045,2.60,2.80
2009.06.22 06:34:12.236,0.96035,0.96045,2.60,9.20
2009.06.22 06:34:13.136,0.96035,0.96045,2.60,10.80
2009.06.22 06:34:13.236,0.96035,0.96045,2.60,2.80
2009.06.22 06:34:13.796,0.9604,0.9605,2.60,11.80
2009.06.22 06:34:15.995,0.9604,0.9605,3.60,11.80
2009.06.22 06:34:16.235,0.9604,0.9605,4.20,11.80
2009.06.22 06:34:17.435,0.9604,0.9605,11.60,11.80
2009.06.22 06:34:17.605,0.9604,0.9605,4.20,11.80
2009.06.22 06:34:17.775,0.96035,0.96045,3.60,9.20
2009.06.22 06:34:17.945,0.96035,0.96045,2.60,9.20
2009.06.22 06:34:19.275,0.96035,0.96045,2.60,2.80
2009.06.22 06:34:20.415,0.9603,0.96045,21.20,6.00
2009.06.22 06:34:20.765,0.96035,0.9604,1.00,3.20
2009.06.22 06:34:21.184,0.9603,0.9604,13.80,3.20
2009.06.22 06:34:21.535,0.96035,0.9604,2.60,3.20
2009.06.22 06:34:21.864,0.96035,0.96045,9.00,2.80
2009.06.22 06:34:22.564,0.96035,0.96045,2.60,2.80
2009.06.22 06:34:22.964,0.96035,0.96045,9.00,2.80
2009.06.22 06:34:23.364,0.9603,0.9604,12.20,3.20
2009.06.22 06:34:24.384,0.9603,0.9604,13.80,3.20
2009.06.22 06:34:24.674,0.9603,0.9604,12.20,3.20
2009.06.22 06:34:25.693,0.9603,0.9604,13.80,3.20
2009.06.22 06:34:26.043,0.9603,0.9604,12.20,3.20
2009.06.22 06:34:26.373,0.9603,0.9604,4.20,3.20
2009.06.22 06:34:27.333,0.9603,0.9604,12.20,3.20
2009.06.22 06:34:27.723,0.9603,0.9604,4.20,3.20
2009.06.22 06:34:27.963,0.9603,0.9604,12.20,3.20
2009.06.22 06:34:28.253,0.9603,0.9604,12.20,1.60
2009.06.22 06:34:28.653,0.96035,0.96045,2.60,2.80
2009.06.22 06:34:29.812,0.96035,0.96045,2.60,9.20
2009.06.22 06:34:30.342,0.96035,0.96045,2.60,1.20
2009.06.22 06:34:30.512,0.96035,0.96045,2.60,9.20
2009.06.22 06:34:31.282,0.96035,0.96045,2.60,12.40
2009.06.22 06:34:31.582,0.96035,0.96045,2.60,9.20
2009.06.22 06:34:32.213,0.96035,0.9604,2.60,3.20
2009.06.22 06:34:35.291,0.9603,0.9604,4.20,3.20
2009.06.22 06:34:36.841,0.9603,0.9604,12.20,3.20
2009.06.22 06:34:37.191,0.96035,0.9604,1.00,6.80
2009.06.22 06:34:38.220,0.96035,0.9604,1.00,5.80
2009.06.22 06:34:41.919,0.96035,0.9604,1.00,4.20
2009.06.22 06:34:42.739,0.96035,0.9604,2.60,3.80
2009.06.22 06:34:42.919,0.96035,0.9604,4.20,3.20
2009.06.22 06:34:43.199,0.96035,0.96045,4.20,9.20
2009.06.22 06:34:43.259,0.96035,0.9604,4.20,3.20
2009.06.22 06:34:47.358,0.96035,0.96045,2.60,2.80
2009.06.22 06:34:47.768,0.96035,0.96045,2.60,10.80
2009.06.22 06:34:48.158,0.96035,0.96045,2.60,9.20
2009.06.22 06:34:53.737,0.9604,0.96045,1.60,1.20
2009.06.22 06:34:54.146,0.9604,0.9605,4.20,11.20
2009.06.22 06:34:54.797,0.9604,0.9605,7.00,11.20
2009.06.22 06:34:55.156,0.9604,0.9605,9.00,3.20
2009.06.22 06:35:00.045,0.9604,0.9605,10.60,3.20
2009.06.22 06:35:00.395,0.9605,0.96055,2.00,7.80
2009.06.22 06:35:02.334,0.9605,0.96055,2.40,7.80
2009.06.22 06:35:02.675,0.9605,0.96055,4.00,3.80
2009.06.22 06:35:06.293,0.9604,0.96055,10.60,16.40
2009.06.22 06:35:06.734,0.9604,0.96055,9.00,24.40
2009.06.22 06:35:07.593,0.9604,0.96055,10.60,24.40
2009.06.22 06:35:07.813,0.9604,0.96055,10.60,16.40
2009.06.22 06:35:08.093,0.9604,0.96055,9.00,24.40
2009.06.22 06:35:13.652,0.9604,0.96055,9.00,18.20
2009.06.22 06:35:14.142,0.9604,0.96055,10.60,18.20
2009.06.22 06:35:16.851,0.9604,0.96055,9.00,26.20
2009.06.22 06:35:17.441,0.9604,0.96055,9.00,18.20
2009.06.22 06:35:17.951,0.9604,0.96055,9.00,26.20
2009.06.22 06:35:19.191,0.9604,0.96055,16.00,26.20
2009.06.22 06:35:19.831,0.9604,0.96055,9.00,26.20
2009.06.22 06:35:23.989,0.9604,0.9605,11.40,3.20
2009.06.22 06:35:24.569,0.9604,0.9605,4.20,3.20
2009.06.22 06:35:24.799,0.96035,0.96045,15.00,3.20
2009.06.22 06:35:25.039,0.9604,0.96045,8.60,3.20
2009.06.22 06:35:25.369,0.96035,0.9604,9.00,3.20
2009.06.22 06:35:25.709,0.9603,0.9604,4.20,3.20
2009.06.22 06:35:26.429,0.9603,0.9604,12.20,3.20
2009.06.22 06:35:26.779,0.9603,0.9604,4.20,3.20
2009.06.22 06:35:27.068,0.9603,0.9604,12.20,3.20
2009.06.22 06:35:28.068,0.9603,0.9604,4.20,3.20
2009.06.22 06:35:28.648,0.9603,0.9604,12.20,3.20
2009.06.22 06:35:30.568,0.9603,0.9604,4.20,3.20
2009.06.22 06:35:31.308,0.9603,0.9604,12.20,3.20
2009.06.22 06:35:31.658,0.9603,0.9604,13.80,3.20
2009.06.22 06:35:32.357,0.9603,0.9604,12.20,3.20
2009.06.22 06:35:32.937,0.9603,0.9604,4.20,3.20
2009.06.22 06:35:33.887,0.9603,0.9604,12.20,3.20
2009.06.22 06:35:34.237,0.9603,0.9604,4.20,3.20
2009.06.22 06:35:34.527,0.9603,0.9604,12.20,3.20
2009.06.22 06:35:34.988,0.9603,0.9604,4.20,3.20
2009.06.22 06:35:40.026,0.9603,0.9604,4.20,11.20
2009.06.22 06:35:50.153,0.9603,0.9604,4.20,3.20
2009.06.22 06:35:56.622,0.96025,0.96035,11.60,1.20
2009.06.22 06:35:56.962,0.96025,0.9603,1.00,3.20
2009.06.22 06:35:57.371,0.96025,0.9603,1.00,1.60
2009.06.22 06:35:57.771,0.96025,0.96035,9.00,2.80
2009.06.22 06:35:57.941,0.96025,0.96035,10.60,1.20
2009.06.22 06:35:58.231,0.9603,0.96035,8.00,1.20
2009.06.22 06:35:58.761,0.96025,0.96035,10.60,1.20
2009.06.22 06:35:59.491,0.96025,0.96035,9.00,1.20
2009.06.22 06:36:00.451,0.96025,0.96035,10.60,1.20
2009.06.22 06:36:01.670,0.96025,0.96035,9.00,1.20
2009.06.22 06:36:02.980,0.96025,0.96035,10.60,1.20
2009.06.22 06:36:07.869,0.96025,0.96035,12.20,1.20
2009.06.22 06:36:07.979,0.96025,0.96035,10.60,1.20
2009.06.22 06:36:08.089,0.96025,0.96035,9.00,1.20
2009.06.22 06:36:08.209,0.96025,0.96035,8.00,5.20
2009.06.22 06:36:08.429,0.96025,0.9603,8.00,3.20
2009.06.22 06:36:08.779,0.9602,0.9603,12.20,3.20
2009.06.22 06:36:09.128,0.9602,0.9603,4.20,3.20
2009.06.22 06:36:09.468,0.9602,0.9603,5.80,3.20
2009.06.22 06:36:10.848,0.9602,0.9603,13.80,3.20
2009.06.22 06:36:11.408,0.9602,0.9603,5.80,3.20
2009.06.22 06:36:12.277,0.9602,0.9603,15.40,3.20
2009.06.22 06:36:12.627,0.9602,0.9603,7.80,3.20
2009.06.22 06:36:15.517,0.96015,0.96025,20.80,3.20
2009.06.22 06:36:15.857,0.96015,0.96025,15.80,3.20
2009.06.22 06:36:16.487,0.96015,0.96025,6.20,3.20
2009.06.22 06:36:16.777,0.96015,0.96025,12.20,3.20
2009.06.22 06:36:17.346,0.96015,0.96025,4.20,3.20
2009.06.22 06:36:17.636,0.9601,0.9602,11.60,3.20
2009.06.22 06:36:17.696,0.9601,0.9602,10.60,3.20
2009.06.22 06:36:18.736,0.96005,0.96015,19.60,3.20
2009.06.22 06:36:19.016,0.9601,0.96015,4.20,4.80
2009.06.22 06:36:19.317,0.9601,0.9602,4.20,12.80
2009.06.22 06:36:19.656,0.9601,0.9602,4.20,11.20
2009.06.22 06:36:20.456,0.9601,0.96015,1.00,3.20
2009.06.22 06:36:20.676,0.9601,0.9602,1.00,11.20
2009.06.22 06:36:20.896,0.9601,0.96015,2.60,3.20
2009.06.22 06:36:21.126,0.9601,0.9602,1.00,17.60
2009.06.22 06:36:21.636,0.9601,0.9602,2.60,3.20
2009.06.22 06:36:22.045,0.9601,0.9602,4.20,3.20
2009.06.22 06:36:22.496,0.9601,0.9602,2.60,3.20
2009.06.22 06:36:22.895,0.9601,0.9602,2.60,11.20
2009.06.22 06:36:23.575,0.9601,0.9602,4.20,3.20
2009.06.22 06:36:24.806,0.9601,0.9602,2.60,3.20
2009.06.22 06:36:25.034,0.9601,0.9602,3.00,3.20
2009.06.22 06:36:25.265,0.9601,0.9602,6.20,3.20
2009.06.22 06:36:25.944,0.9601,0.9602,3.00,3.20
2009.06.22 06:36:26.124,0.9601,0.9602,6.20,3.20
2009.06.22 06:36:26.634,0.96015,0.96025,3.20,3.20
2009.06.22 06:36:27.104,0.96015,0.96025,7.20,1.20
2009.06.22 06:36:27.464,0.96015,0.96025,16.40,1.20
2009.06.22 06:36:27.924,0.9602,0.96025,8.00,1.20
2009.06.22 06:36:28.264,0.9602,0.9603,18.00,4.40
2009.06.22 06:36:28.614,0.96025,0.96035,16.40,1.20
2009.06.22 06:36:28.784,0.9603,0.9604,8.00,19.40
2009.06.22 06:36:29.064,0.9603,0.9604,8.00,17.00
2009.06.22 06:36:29.184,0.9603,0.9604,8.00,3.20
2009.06.22 06:36:32.393,0.9603,0.9604,9.00,3.20
2009.06.22 06:36:33.263,0.96035,0.9604,8.00,3.20
2009.06.22 06:36:34.542,0.9603,0.9604,9.00,3.20
2009.06.22 06:36:40.061,0.96035,0.9604,1.60,3.20
2009.06.22 06:36:43.870,0.96025,0.9604,19.80,3.20
2009.06.22 06:36:44.090,0.9602,0.9603,11.80,3.20
2009.06.22 06:36:44.460,0.9602,0.9603,4.20,3.20
2009.06.22 06:36:46.120,0.9602,0.9603,11.20,2.60
2009.06.22 06:36:46.450,0.96025,0.9603,1.00,2.60
2009.06.22 06:36:47.139,0.9603,0.9604,1.60,23.60
2009.06.22 06:36:47.599,0.96025,0.96035,10.60,4.80
2009.06.22 06:36:47.869,0.96025,0.96035,4.20,8.00
2009.06.22 06:36:48.159,0.96025,0.96035,2.60,8.00
2009.06.22 06:36:48.439,0.96025,0.9604,12.20,3.20
2009.06.22 06:36:49.179,0.96025,0.9604,10.60,11.20
2009.06.22 06:36:49.759,0.96025,0.9604,12.20,11.20
2009.06.22 06:36:50.118,0.96025,0.9604,12.20,3.20
2009.06.22 06:36:51.478,0.96025,0.9604,10.60,23.20
2009.06.22 06:36:51.758,0.96025,0.9604,12.20,3.20
2009.06.22 06:36:51.978,0.96025,0.9604,12.20,15.20
2009.06.22 06:36:52.398,0.96025,0.9604,12.20,11.20
2009.06.22 06:36:52.808,0.96025,0.9604,12.20,3.20
2009.06.22 06:36:54.917,0.96025,0.9604,12.20,11.20
2009.06.22 06:36:55.367,0.96025,0.9604,12.20,3.20
2009.06.22 06:36:57.876,0.9603,0.9604,8.00,3.20
2009.06.22 06:36:58.397,0.96025,0.9604,12.20,3.20
2009.06.22 06:36:58.867,0.9603,0.9604,8.00,3.20
2009.06.22 06:36:59.616,0.96025,0.9604,10.60,3.20
2009.06.22 06:36:59.916,0.9603,0.9604,8.00,3.20
2009.06.22 06:37:01.366,0.96025,0.9604,12.20,3.20
2009.06.22 06:37:01.646,0.9603,0.9604,8.00,3.20
2009.06.22 06:37:01.866,0.9603,0.9604,9.00,3.20
2009.06.22 06:37:02.086,0.9603,0.9604,2.60,3.20
2009.06.22 06:37:02.495,0.9603,0.9604,3.40,3.20
2009.06.22 06:37:02.616,0.9603,0.9604,4.00,3.20
2009.06.22 06:37:02.676,0.9603,0.9604,9.00,3.20
2009.06.22 06:37:03.575,0.9603,0.9604,4.00,3.20
2009.06.22 06:37:03.745,0.9603,0.9604,4.80,3.20
2009.06.22 06:37:03.865,0.9603,0.9604,5.00,3.20
2009.06.22 06:37:04.155,0.9603,0.9604,9.00,3.20
2009.06.22 06:37:04.335,0.9603,0.9604,10.60,3.20
2009.06.22 06:37:04.445,0.9603,0.9604,9.00,3.20
2009.06.22 06:37:04.675,0.96035,0.9604,5.60,3.20
2009.06.22 06:37:04.915,0.96035,0.9605,18.00,12.40
2009.06.22 06:37:05.355,0.96035,0.9605,18.00,11.20
2009.06.22 06:37:05.595,0.96035,0.9605,18.00,12.40
2009.06.22 06:37:12.203,0.9604,0.9605,1.00,11.20
2009.06.22 06:37:12.503,0.9604,0.9605,1.00,3.20
2009.06.22 06:37:17.872,0.9604,0.9605,9.00,3.20
2009.06.22 06:37:18.212,0.9604,0.9605,1.00,3.20
2009.06.22 06:37:19.481,0.9604,0.9605,9.00,3.20
2009.06.22 06:37:19.701,0.9604,0.9605,1.00,3.20
2009.06.22 06:37:21.191,0.9604,0.9605,9.00,3.20
2009.06.22 06:37:21.481,0.9604,0.9605,1.00,3.20
2009.06.22 06:37:32.218,0.9603,0.96045,2.60,25.00
2009.06.22 06:37:32.838,0.9603,0.96045,3.20,25.00
2009.06.22 06:37:32.898,0.9603,0.96045,10.60,17.00
2009.06.22 06:37:33.598,0.9603,0.96045,9.00,17.00
2009.06.22 06:37:33.958,0.9603,0.96045,3.60,25.00
2009.06.22 06:37:34.178,0.9603,0.96045,3.60,24.40
2009.06.22 06:37:34.498,0.96035,0.96045,1.60,8.00
2009.06.22 06:37:34.718,0.96035,0.9605,13.80,3.20
2009.06.22 06:37:34.938,0.9604,0.9605,2.60,5.60
2009.06.22 06:37:35.218,0.96035,0.9605,12.80,7.20
2009.06.22 06:37:35.628,0.96035,0.9605,19.80,11.20
2009.06.22 06:37:35.928,0.96035,0.9605,22.40,11.20
2009.06.22 06:37:36.277,0.9604,0.96055,1.60,10.40
2009.06.22 06:37:36.607,0.96045,0.9605,1.60,8.00
2009.06.22 06:37:36.957,0.9604,0.9605,16.40,3.20
2009.06.22 06:37:37.307,0.9604,0.9605,14.20,3.20
2009.06.22 06:37:37.767,0.9604,0.9605,3.60,3.20
2009.06.22 06:37:38.657,0.96035,0.9605,19.00,3.20
2009.06.22 06:37:38.897,0.96035,0.9605,17.40,14.00
2009.06.22 06:37:39.137,0.96035,0.9605,15.80,14.00
2009.06.22 06:37:39.357,0.9603,0.9604,10.60,3.20
2009.06.22 06:37:39.587,0.9603,0.9604,9.00,3.20
2009.06.22 06:37:39.766,0.9603,0.9604,6.00,3.20
2009.06.22 06:37:39.997,0.96035,0.9604,1.60,3.20
2009.06.22 06:37:40.157,0.9603,0.9604,9.00,3.20
2009.06.22 06:37:41.726,0.9603,0.9604,10.60,3.20
2009.06.22 06:37:42.086,0.96035,0.9605,8.40,15.60
2009.06.22 06:37:42.426,0.96035,0.9605,18.00,14.00
2009.06.22 06:37:44.126,0.96035,0.9605,18.00,15.60
2009.06.22 06:37:44.406,0.96035,0.9605,18.00,17.20
2009.06.22 06:37:44.795,0.96035,0.9605,18.00,15.60
2009.06.22 06:37:45.295,0.96035,0.9605,16.40,15.60
2009.06.22 06:37:45.525,0.96035,0.9605,16.40,17.20
2009.06.22 06:37:45.805,0.96035,0.9605,18.00,17.20
2009.06.22 06:37:46.895,0.96035,0.9605,18.00,14.00
2009.06.22 06:37:47.934,0.96035,0.9605,18.00,17.20
2009.06.22 06:37:50.474,0.96035,0.9605,18.00,18.00
2009.06.22 06:37:50.595,0.96035,0.9605,18.00,19.60
2009.06.22 06:37:51.714,0.96045,0.9605,1.60,8.00
2009.06.22 06:37:51.984,0.96045,0.9605,1.60,4.00
2009.06.22 06:37:52.274,0.96045,0.9605,2.60,4.00
2009.06.22 06:37:52.443,0.96045,0.96055,2.60,10.40
2009.06.22 06:37:52.813,0.96045,0.9605,2.60,4.00
2009.06.22 06:37:55.683,0.96045,0.9605,1.60,4.00
2009.06.22 06:37:55.982,0.9604,0.9605,6.20,3.20
2009.06.22 06:37:56.532,0.9604,0.9605,3.60,3.20
2009.06.22 06:37:58.182,0.9604,0.9605,2.60,3.20
2009.06.22 06:37:59.622,0.9604,0.9605,2.60,11.20
2009.06.22 06:37:59.952,0.9604,0.9605,2.60,3.20
2009.06.22 06:38:05.540,0.9604,0.9605,3.40,3.20
2009.06.22 06:38:07.760,0.9604,0.9605,3.40,3.20
2009.06.22 06:38:07.930,0.9604,0.9605,3.40,3.20
2009.06.22 06:38:09.909,0.9604,0.9605,4.00,3.20
2009.06.22 06:38:10.079,0.9604,0.9605,4.60,3.20
2009.06.22 06:38:11.669,0.9604,0.9605,4.60,3.20
2009.06.22 06:38:12.309,0.9604,0.9605,6.80,3.20
2009.06.22 06:38:12.659,0.9604,0.9605,9.00,3.20
2009.06.22 06:38:16.958,0.9604,0.9605,8.00,3.20
2009.06.22 06:38:17.178,0.96035,0.9605,18.00,11.20
2009.06.22 06:38:17.457,0.96035,0.96045,8.40,8.00
2009.06.22 06:38:18.267,0.96035,0.96045,2.60,8.00
2009.06.22 06:38:20.817,0.96035,0.96045,4.20,8.00
2009.06.22 06:38:24.856,0.96035,0.96045,2.60,8.00
2009.06.22 06:38:30.544,0.9604,0.96045,2.60,8.00
2009.06.22 06:38:31.064,0.9604,0.9605,2.60,11.20
2009.06.22 06:38:31.514,0.9604,0.9605,2.60,3.20
2009.06.22 06:38:31.804,0.96035,0.96045,10.60,4.80
2009.06.22 06:38:32.084,0.96035,0.96045,4.20,3.20
2009.06.22 06:38:32.364,0.96035,0.96045,4.20,8.00
2009.06.22 06:38:34.213,0.96035,0.96045,4.20,12.40
2009.06.22 06:38:34.433,0.96035,0.96045,2.60,12.40
2009.06.22 06:38:34.723,0.96035,0.96045,2.60,9.20
2009.06.22 06:38:36.003,0.96035,0.96045,2.60,12.40
2009.06.22 06:38:36.933,0.96035,0.96045,2.60,9.20
2009.06.22 06:38:37.822,0.96035,0.96045,2.60,8.00
2009.06.22 06:38:37.932,0.96035,0.96045,4.20,8.00
2009.06.22 06:38:38.632,0.96035,0.96045,2.60,8.00
2009.06.22 06:38:38.802,0.9603,0.96045,6.80,16.40
2009.06.22 06:38:39.372,0.9603,0.96045,6.80,18.80
2009.06.22 06:38:43.931,0.9604,0.96045,1.00,8.00
2009.06.22 06:38:44.091,0.9604,0.9605,2.60,20.40
2009.06.22 06:38:44.151,0.9604,0.9605,2.60,11.20
2009.06.22 06:38:45.181,0.9604,0.9605,7.60,11.20
2009.06.22 06:38:50.050,0.96035,0.9605,4.20,11.20
2009.06.22 06:38:50.450,0.96035,0.9605,4.20,16.40
2009.06.22 06:38:50.739,0.96035,0.9605,2.60,19.60
2009.06.22 06:38:51.029,0.96035,0.9605,4.20,12.40
2009.06.22 06:38:51.310,0.96035,0.96045,4.20,8.00
2009.06.22 06:38:52.189,0.96035,0.96045,2.60,8.00
2009.06.22 06:38:52.359,0.96035,0.9605,2.60,16.40
2009.06.22 06:38:52.709,0.9603,0.9604,12.60,3.20
2009.06.22 06:38:52.889,0.9603,0.9604,9.00,3.20
2009.06.22 06:38:53.249,0.9603,0.9604,9.80,3.20
2009.06.22 06:38:57.658,0.9603,0.9604,9.80,3.20
2009.06.22 06:38:58.008,0.9603,0.9604,9.80,3.20
2009.06.22 06:38:58.468,0.96035,0.9604,1.60,3.20
2009.06.22 06:38:58.578,0.96035,0.9604,2.60,3.20
2009.06.22 06:38:58.968,0.96035,0.96045,2.60,8.00
2009.06.22 06:38:59.307,0.96035,0.9605,8.40,16.40
2009.06.22 06:39:02.337,0.9605,0.9606,1.60,5.00
2009.06.22 06:39:02.687,0.96045,0.9606,21.20,5.00
2009.06.22 06:39:03.477,0.9605,0.9606,3.20,5.00
2009.06.22 06:39:03.756,0.96055,0.96065,2.60,11.60
2009.06.22 06:39:03.976,0.96055,0.96065,2.60,11.80
2009.06.22 06:39:04.946,0.96055,0.96065,1.60,11.80
2009.06.22 06:39:05.286,0.9605,0.9606,9.20,3.20
2009.06.22 06:39:05.676,0.9605,0.9606,7.60,3.20
2009.06.22 06:39:08.595,0.96055,0.9606,2.60,2.40
2009.06.22 06:39:08.775,0.96055,0.96065,2.60,10.40
2009.06.22 06:39:11.085,0.96055,0.9606,1.60,3.20
2009.06.22 06:39:11.364,0.9606,0.96065,1.00,6.20
2009.06.22 06:39:11.704,0.9606,0.9607,2.60,3.20
2009.06.22 06:39:13.094,0.9607,0.96075,1.00,10.30
2009.06.22 06:39:13.434,0.9607,0.96075,2.60,5.00
2009.06.22 06:39:13.614,0.96075,0.9608,1.60,8.00
2009.06.22 06:39:14.464,0.9607,0.9608,9.00,3.20
2009.06.22 06:39:14.684,0.9607,0.9608,8.00,3.20
2009.06.22 06:39:14.864,0.96065,0.9608,20.20,11.60
2009.06.22 06:39:15.104,0.96065,0.9608,12.20,19.60
2009.06.22 06:39:15.343,0.9607,0.9608,1.60,11.20
2009.06.22 06:39:15.723,0.9607,0.9608,1.60,8.00
2009.06.22 06:39:16.014,0.9607,0.9608,4.80,8.00
2009.06.22 06:39:16.243,0.96075,0.9608,1.60,8.00
2009.06.22 06:39:17.263,0.96075,0.9608,2.60,8.00
2009.06.22 06:39:17.543,0.9608,0.9609,1.60,8.00
2009.06.22 06:39:17.833,0.9608,0.9609,1.60,4.40
2009.06.22 06:39:18.123,0.9608,0.9609,1.60,9.80
2009.06.22 06:39:18.463,0.9608,0.9609,1.60,5.00
2009.06.22 06:39:18.743,0.96085,0.9609,1.00,5.00
2009.06.22 06:39:18.913,0.96085,0.96095,2.60,11.40
2009.06.22 06:39:19.183,0.96085,0.96095,2.60,10.80
2009.06.22 06:39:19.362,0.96085,0.96095,2.60,10.40
2009.06.22 06:39:19.593,0.96085,0.96095,2.60,8.00
2009.06.22 06:39:19.832,0.96085,0.96095,4.20,8.00
2009.06.22 06:39:20.732,0.96085,0.96095,2.60,8.00
2009.06.22 06:39:24.321,0.96085,0.9609,1.00,1.60
2009.06.22 06:39:24.991,0.96085,0.96095,1.00,10.80
2009.06.22 06:39:25.871,0.96085,0.96095,2.60,9.20
2009.06.22 06:39:28.570,0.96065,0.96075,4.80,8.00
2009.06.22 06:39:28.900,0.96065,0.96075,3.20,8.00
2009.06.22 06:39:30.021,0.96065,0.9607,3.20,1.60
2009.06.22 06:39:32.799,0.96065,0.96075,3.20,2.80
2009.06.22 06:39:40.028,0.9604,0.9605,6.80,11.20
2009.06.22 06:39:40.317,0.9604,0.9605,1.00,11.20
2009.06.22 06:39:43.687,0.9604,0.9605,2.60,11.20
2009.06.22 06:39:46.066,0.9604,0.9605,4.20,11.20
2009.06.22 06:39:46.126,0.9604,0.9605,2.60,11.20
2009.06.22 06:39:46.416,0.9604,0.9605,1.00,11.20
2009.06.22 06:39:47.306,0.9604,0.9605,4.20,11.20
2009.06.22 06:39:47.506,0.9604,0.9605,1.00,11.20
2009.06.22 06:39:47.966,0.96045,0.9605,1.00,3.20
2009.06.22 06:39:48.206,0.96045,0.96055,1.00,10.80
2009.06.22 06:39:48.486,0.96045,0.9606,2.60,24.60
2009.06.22 06:39:48.756,0.96045,0.9606,10.60,19.00
2009.06.22 06:39:49.035,0.96045,0.96055,9.00,1.20
2009.06.22 06:39:49.785,0.96045,0.9605,8.00,3.20
2009.06.22 06:39:50.075,0.9604,0.9605,6.80,3.20
2009.06.22 06:39:50.195,0.96045,0.9605,1.00,3.20
2009.06.22 06:39:50.355,0.96045,0.96055,5.20,4.40
2009.06.22 06:39:50.595,0.9605,0.9606,4.20,14.20
2009.06.22 06:39:50.765,0.96055,0.9606,1.00,4.20
2009.06.22 06:39:51.775,0.96055,0.96065,1.00,10.60
2009.06.22 06:39:52.395,0.96055,0.9606,1.00,3.20
2009.06.22 06:39:52.674,0.9605,0.9606,2.60,3.20
2009.06.22 06:39:52.895,0.9605,0.9606,1.00,3.20
2009.06.22 06:39:53.854,0.9605,0.9606,1.00,11.20
2009.06.22 06:39:54.144,0.9605,0.9606,4.20,3.20
2009.06.22 06:39:54.724,0.9605,0.9606,4.20,11.20
2009.06.22 06:39:55.014,0.9605,0.9606,4.20,3.20
2009.06.22 06:39:55.244,0.96055,0.9606,1.00,7.40
2009.06.22 06:39:55.524,0.96055,0.9606,1.00,8.00
2009.06.22 06:39:55.804,0.96055,0.96065,1.00,12.00
2009.06.22 06:39:57.864,0.9606,0.96065,1.00,14.40
2009.06.22 06:39:58.213,0.96055,0.9606,9.60,3.20
2009.06.22 06:39:58.453,0.96055,0.9606,1.00,2.60
2009.06.22 06:39:58.773,0.96055,0.9606,1.00,8.00
2009.06.22 06:39:59.003,0.96055,0.9606,1.00,4.20
2009.06.22 06:39:59.293,0.96055,0.9606,1.00,1.00
2009.06.22 06:39:59.463,0.96055,0.96065,1.00,9.00
2009.06.22 06:39:59.793,0.96055,0.9606,1.00,1.00
2009.06.22 06:40:00.063,0.96055,0.9606,2.60,4.20
2009.06.22 06:40:00.403,0.96055,0.9606,1.00,1.00
2009.06.22 06:40:01.202,0.96055,0.9606,1.00,8.00
2009.06.22 06:40:01.902,0.96055,0.96065,1.00,9.00
2009.06.22 06:40:02.472,0.96055,0.9606,1.00,8.00
2009.06.22 06:40:02.862,0.96055,0.9606,1.00,2.60
2009.06.22 06:40:02.982,0.96055,0.9606,1.00,1.00
2009.06.22 06:40:03.592,0.96055,0.9606,1.00,8.00
2009.06.22 06:40:03.652,0.9605,0.9606,4.20,11.20
2009.06.22 06:40:03.872,0.9605,0.9606,4.20,3.20
2009.06.22 06:40:04.102,0.96055,0.9606,1.00,4.20
2009.06.22 06:40:04.392,0.96055,0.9606,1.00,8.00
2009.06.22 06:40:04.852,0.96055,0.9606,1.00,1.00
2009.06.22 06:40:06.191,0.9605,0.9606,13.80,3.20
2009.06.22 06:40:06.451,0.9605,0.9606,5.80,3.20
2009.06.22 06:40:06.781,0.9605,0.9606,4.20,11.20
2009.06.22 06:40:08.361,0.96055,0.9606,1.00,2.60
2009.06.22 06:40:08.531,0.96055,0.9606,1.00,5.80
2009.06.22 06:40:08.711,0.9605,0.96055,8.00,3.20
2009.06.22 06:40:08.931,0.96045,0.96055,14.20,3.20
2009.06.22 06:40:09.161,0.96045,0.9605,4.20,4.40
2009.06.22 06:40:09.341,0.96045,0.96055,2.60,3.20
2009.06.22 06:40:09.511,0.96045,0.96055,2.60,9.20
2009.06.22 06:40:09.690,0.96045,0.96055,2.60,12.40
2009.06.22 06:40:09.980,0.96045,0.96055,2.60,4.40
2009.06.22 06:40:10.490,0.96045,0.96055,2.60,8.00
2009.06.22 06:40:10.840,0.96045,0.9606,2.60,25.20
2009.06.22 06:40:11.140,0.96045,0.9606,9.00,25.20
2009.06.22 06:40:11.370,0.96045,0.9606,10.60,25.20
2009.06.22 06:40:11.780,0.96045,0.96055,10.60,3.20
2009.06.22 06:40:12.010,0.96045,0.9606,10.60,25.20
2009.06.22 06:40:12.240,0.96045,0.96055,10.60,3.20
2009.06.22 06:40:12.590,0.96045,0.9606,2.60,25.40
2009.06.22 06:40:12.870,0.96045,0.96055,2.60,8.00
2009.06.22 06:40:13.330,0.96045,0.96055,2.60,9.20
2009.06.22 06:40:13.619,0.96045,0.96055,1.00,8.00
2009.06.22 06:40:13.849,0.96045,0.96055,2.60,9.20
2009.06.22 06:40:16.089,0.96045,0.96055,2.60,9.20
2009.06.22 06:40:16.369,0.96045,0.9606,4.20,11.20
2009.06.22 06:40:17.388,0.96045,0.9606,2.60,24.80
2009.06.22 06:40:17.848,0.96045,0.9606,2.60,21.60
2009.06.22 06:40:18.128,0.96045,0.9606,4.20,11.20
2009.06.22 06:40:20.368,0.9605,0.9606,1.60,11.20
2009.06.22 06:40:20.598,0.96045,0.96055,1.00,6.00
2009.06.22 06:40:20.878,0.96045,0.9605,1.00,1.60
2009.06.22 06:40:21.118,0.96045,0.96055,4.20,8.00
2009.06.22 06:40:21.397,0.96045,0.96055,2.60,8.00
2009.06.22 06:40:21.608,0.96045,0.9606,4.20,12.40
2009.06.22 06:40:21.837,0.96045,0.9606,4.20,11.20
2009.06.22 06:40:22.017,0.96045,0.9606,4.20,23.20
2009.06.22 06:40:22.487,0.96045,0.9606,4.20,11.20
2009.06.22 06:40:26.266,0.96045,0.9606,2.60,12.40
2009.06.22 06:40:26.716,0.96045,0.96055,2.60,8.00
2009.06.22 06:40:27.236,0.96045,0.96055,1.00,8.60
2009.06.22 06:40:27.756,0.96045,0.96055,1.00,8.20
2009.06.22 06:40:27.986,0.96045,0.96055,1.00,8.00
2009.06.22 06:40:30.295,0.96045,0.96055,2.60,8.00
2009.06.22 06:40:35.374,0.96045,0.96055,2.60,9.20
2009.06.22 06:40:35.724,0.96045,0.9605,2.60,8.00
2009.06.22 06:40:35.994,0.96045,0.96055,2.60,8.00
2009.06.22 06:40:39.743,0.96045,0.9606,2.60,12.40
2009.06.22 06:40:40.153,0.96045,0.96055,2.60,8.00
2009.06.22 06:40:40.553,0.96045,0.96055,1.00,8.00
2009.06.22 06:40:42.143,0.96045,0.96055,1.00,10.80
2009.06.22 06:40:42.842,0.96045,0.96055,1.00,9.20
2009.06.22 06:40:43.003,0.96045,0.96055,2.60,9.20
2009.06.22 06:40:46.002,0.96045,0.9605,2.60,1.20
2009.06.22 06:40:48.171,0.9604,0.9605,1.60,11.20
2009.06.22 06:40:48.741,0.9604,0.9605,4.20,11.20
2009.06.22 06:40:49.941,0.9604,0.9605,1.60,11.20
2009.06.22 06:40:50.281,0.9604,0.9605,4.20,11.20
2009.06.22 06:40:54.210,0.9604,0.9605,1.60,11.20
2009.06.22 06:40:54.440,0.9604,0.9605,4.20,11.20
2009.06.22 06:40:54.550,0.9604,0.9605,1.60,11.20
2009.06.22 06:40:56.159,0.9605,0.96055,3.20,10.50
2009.06.22 06:40:56.379,0.9605,0.96055,4.20,5.20
2009.06.22 06:40:56.619,0.96045,0.96055,5.00,1.20
2009.06.22 06:40:57.079,0.96045,0.9606,18.60,11.20
2009.06.22 06:40:57.479,0.96045,0.9606,10.60,11.20
2009.06.22 06:40:58.509,0.96045,0.9606,18.60,11.20
2009.06.22 06:40:58.569,0.9605,0.9606,3.20,3.20
2009.06.22 06:40:59.658,0.9605,0.9606,3.40,3.20
2009.06.22 06:40:59.718,0.9605,0.9606,3.60,3.20
2009.06.22 06:41:01.478,0.96055,0.9606,1.00,3.20
2009.06.22 06:41:01.708,0.96055,0.96065,1.00,8.00
2009.06.22 06:41:01.948,0.9605,0.9606,5.20,3.20
2009.06.22 06:41:02.178,0.9605,0.9606,3.60,3.20
2009.06.22 06:41:03.147,0.96055,0.9606,1.00,3.20
2009.06.22 06:41:03.427,0.9605,0.9606,10.60,3.20
2009.06.22 06:41:03.788,0.9605,0.9606,5.20,3.20
2009.06.22 06:41:04.437,0.96055,0.9606,1.00,1.60
2009.06.22 06:41:04.667,0.96055,0.96065,1.00,8.00
2009.06.22 06:41:12.405,0.96055,0.96065,2.60,8.00
2009.06.22 06:41:12.675,0.96055,0.96065,2.60,1.60
2009.06.22 06:41:12.845,0.96055,0.9607,4.20,12.40
2009.06.22 06:41:12.955,0.96055,0.96065,4.20,8.00
2009.06.22 06:41:13.335,0.96055,0.9607,4.20,12.40
2009.06.22 06:41:13.615,0.9606,0.9607,8.00,10.80
2009.06.22 06:41:14.005,0.96055,0.9607,21.40,6.00
2009.06.22 06:41:14.445,0.96055,0.9607,18.00,11.20
2009.06.22 06:41:14.905,0.96055,0.9607,8.40,12.40
2009.06.22 06:41:15.305,0.96055,0.96065,8.40,8.00
2009.06.22 06:41:15.745,0.96055,0.96065,8.40,1.60
2009.06.22 06:41:16.044,0.96055,0.96065,8.40,8.00
2009.06.22 06:41:16.334,0.96055,0.96065,8.40,1.60
2009.06.22 06:41:16.694,0.96055,0.96065,8.40,8.00
2009.06.22 06:41:17.734,0.96055,0.96065,8.40,1.60
2009.06.22 06:41:18.084,0.96055,0.96065,8.40,8.00
2009.06.22 06:41:18.414,0.96055,0.96065,2.60,8.00
2009.06.22 06:41:27.182,0.96055,0.96065,7.40,8.00
2009.06.22 06:41:27.471,0.9606,0.96065,8.00,8.00
2009.06.22 06:41:27.812,0.9606,0.9607,8.00,3.20
2009.06.22 06:41:28.511,0.9606,0.9607,8.20,3.20
2009.06.22 06:41:45.467,0.9606,0.9607,8.20,11.20
2009.06.22 06:41:45.997,0.9606,0.9607,8.80,11.20
2009.06.22 06:41:55.795,0.9606,0.9607,7.60,11.20
2009.06.22 06:41:56.195,0.9606,0.9607,6.00,11.20
2009.06.22 06:41:56.425,0.96055,0.9607,10.60,11.20
2009.06.22 06:41:56.595,0.96055,0.96065,2.60,8.00
2009.06.22 06:41:56.715,0.96055,0.96065,5.20,10.80
2009.06.22 06:41:57.014,0.96055,0.9606,2.60,1.20
2009.06.22 06:41:57.345,0.9605,0.9606,4.20,3.20
2009.06.22 06:41:57.694,0.9605,0.9606,4.20,11.20
2009.06.22 06:42:04.893,0.9605,0.9606,8.40,11.20
2009.06.22 06:42:05.173,0.9605,0.9606,7.40,11.20
2009.06.22 06:42:05.342,0.9605,0.9606,2.60,11.20
2009.06.22 06:42:06.362,0.9605,0.9606,4.20,11.20
2009.06.22 06:42:07.362,0.9605,0.9606,2.60,11.20
2009.06.22 06:42:10.811,0.9605,0.9606,2.60,11.20
2009.06.22 06:42:11.571,0.9605,0.9606,2.60,3.20
2009.06.22 06:42:11.912,0.96055,0.96065,2.60,13.20
2009.06.22 06:42:12.141,0.96055,0.96065,2.60,8.00
2009.06.22 06:42:16.410,0.96055,0.96065,5.80,8.00
2009.06.22 06:42:16.470,0.9606,0.96065,1.00,8.00
2009.06.22 06:42:16.650,0.9606,0.96065,2.00,8.00
2009.06.22 06:42:16.710,0.9606,0.9607,8.00,11.20
2009.06.22 06:42:17.000,0.9606,0.9607,9.60,11.20
2009.06.22 06:42:20.429,0.9606,0.9607,8.60,11.20
2009.06.22 06:42:20.589,0.96055,0.9606,18.60,1.00
2009.06.22 06:42:21.208,0.96055,0.9606,17.00,1.00
2009.06.22 06:42:25.178,0.96055,0.9606,17.00,1.00
2009.06.22 06:42:25.808,0.9606,0.9607,2.60,11.20
2009.06.22 06:42:26.128,0.9606,0.9607,10.20,15.40
2009.06.22 06:42:26.458,0.96055,0.9607,10.00,12.40
2009.06.22 06:42:28.707,0.9605,0.96055,12.70,3.20
2009.06.22 06:42:28.877,0.9605,0.96055,12.00,3.20
2009.06.22 06:42:28.937,0.96055,0.9606,5.80,8.00
2009.06.22 06:42:29.167,0.96055,0.96065,4.20,11.40
2009.06.22 06:42:29.327,0.96055,0.9606,3.20,2.00
2009.06.22 06:42:29.437,0.9606,0.96065,1.00,8.60
2009.06.22 06:42:29.597,0.96055,0.9606,9.40,1.00
2009.06.22 06:42:29.837,0.9606,0.9607,2.60,9.80
2009.06.22 06:42:30.176,0.9606,0.9607,2.60,3.20
2009.06.22 06:42:30.516,0.9606,0.9607,10.00,3.20
2009.06.22 06:42:31.306,0.9606,0.9607,10.00,11.20
2009.06.22 06:42:31.526,0.9606,0.9607,10.00,3.20
2009.06.22 06:42:33.495,0.9606,0.9607,10.00,11.20
2009.06.22 06:42:40.594,0.9606,0.96065,10.00,3.20
2009.06.22 06:42:40.874,0.9606,0.9607,8.40,11.20
2009.06.22 06:42:41.054,0.9606,0.9607,10.00,11.20
2009.06.22 06:42:45.763,0.9606,0.9607,10.00,3.20
2009.06.22 06:42:47.942,0.9606,0.9607,10.00,11.20
2009.06.22 06:42:48.232,0.96055,0.96065,13.80,1.60
2009.06.22 06:42:48.572,0.96055,0.96065,4.20,8.00
2009.06.22 06:42:48.852,0.96055,0.96065,2.60,8.00
2009.06.22 06:43:00.499,0.96055,0.96065,4.20,8.00
2009.06.22 06:43:07.078,0.96055,0.96065,2.60,8.00
2009.06.22 06:43:08.277,0.9605,0.9606,9.60,3.20
2009.06.22 06:43:08.807,0.9605,0.9606,1.60,8.00
2009.06.22 06:43:11.046,0.9605,0.96055,1.60,3.20
2009.06.22 06:43:11.216,0.9605,0.96055,1.60,8.00
2009.06.22 06:43:11.276,0.96045,0.96055,8.40,8.00
2009.06.22 06:43:11.617,0.96045,0.96055,16.40,1.20
2009.06.22 06:43:11.906,0.96045,0.96055,2.60,1.20
2009.06.22 06:43:14.226,0.9605,0.96055,2.60,9.20
2009.06.22 06:43:14.466,0.9605,0.9606,4.20,3.80
2009.06.22 06:43:14.766,0.9605,0.9606,4.20,3.20
2009.06.22 06:43:14.936,0.9605,0.9606,11.60,3.20
2009.06.22 06:43:15.575,0.9605,0.9606,4.20,3.20
2009.06.22 06:43:16.325,0.9605,0.9606,11.60,3.20
2009.06.22 06:43:18.275,0.96055,0.9606,1.00,1.60
2009.06.22 06:43:18.655,0.96055,0.9606,1.00,1.80
2009.06.22 06:43:19.065,0.9605,0.9606,12.20,3.20
2009.06.22 06:43:19.486,0.9605,0.9606,4.20,3.20
2009.06.22 06:43:21.554,0.9605,0.9606,12.20,3.20
2009.06.22 06:43:21.614,0.9605,0.9606,4.20,3.20
2009.06.22 06:43:22.104,0.9605,0.9606,4.20,11.20
2009.06.22 06:43:23.254,0.9605,0.9606,10.60,11.20
2009.06.22 06:43:23.664,0.96045,0.96055,2.60,9.20
2009.06.22 06:43:24.473,0.9604,0.96055,15.80,12.40
2009.06.22 06:43:24.953,0.9604,0.9605,3.00,11.20
2009.06.22 06:43:25.353,0.9604,0.9605,13.00,11.20
2009.06.22 06:43:25.983,0.9604,0.9605,11.60,11.20
2009.06.22 06:43:26.493,0.9604,0.9605,9.00,3.20
2009.06.22 06:43:26.842,0.9604,0.9605,4.20,11.20
2009.06.22 06:43:27.293,0.9604,0.9605,11.60,11.20
2009.06.22 06:43:27.523,0.9604,0.9605,4.20,3.20
2009.06.22 06:43:27.743,0.9604,0.9605,13.00,3.20
2009.06.22 06:43:28.032,0.9604,0.9605,4.20,3.20
2009.06.22 06:43:28.252,0.9604,0.9605,9.00,3.20
2009.06.22 06:43:30.682,0.9604,0.9605,12.20,3.20
2009.06.22 06:43:30.982,0.9604,0.9605,19.40,3.20
2009.06.22 06:43:31.042,0.96045,0.96055,11.20,3.80
2009.06.22 06:43:31.222,0.9605,0.96055,1.00,3.80
2009.06.22 06:43:31.282,0.9605,0.96055,2.60,3.20
2009.06.22 06:43:31.463,0.9605,0.96055,4.20,4.00
2009.06.22 06:43:31.692,0.96055,0.9606,1.00,2.00
2009.06.22 06:43:32.102,0.96055,0.96065,4.20,11.60
2009.06.22 06:43:32.562,0.96055,0.96065,1.00,9.20
2009.06.22 06:43:33.271,0.96055,0.96065,1.00,10.80
2009.06.22 06:43:33.511,0.96055,0.96065,1.00,8.00
2009.06.22 06:43:33.951,0.96055,0.9606,1.00,2.20
2009.06.22 06:43:35.801,0.96055,0.9606,1.00,1.80
2009.06.22 06:43:36.040,0.96055,0.96065,1.00,10.80
2009.06.22 06:43:36.380,0.96055,0.96065,1.00,8.00
2009.06.22 06:43:38.090,0.96055,0.96065,1.00,10.80
2009.06.22 06:43:38.440,0.96055,0.96065,2.60,8.00
2009.06.22 06:43:38.660,0.96055,0.9607,9.00,17.20
2009.06.22 06:43:38.930,0.96055,0.96065,2.60,8.00
2009.06.22 06:43:43.099,0.96055,0.96065,2.60,9.20
2009.06.22 06:43:45.328,0.9606,0.9607,2.60,11.80
2009.06.22 06:43:45.598,0.9606,0.9607,2.60,11.20
2009.06.22 06:43:45.838,0.9606,0.9607,2.60,3.20
2009.06.22 06:43:46.118,0.9606,0.9607,3.60,3.20
2009.06.22 06:43:46.398,0.9606,0.9607,11.60,3.20
2009.06.22 06:43:50.337,0.9606,0.96065,8.80,11.20
2009.06.22 06:43:50.627,0.96055,0.96065,8.40,8.00
2009.06.22 06:43:50.967,0.96055,0.96065,2.60,8.00
2009.06.22 06:43:51.187,0.96055,0.96065,2.60,8.60
2009.06.22 06:43:51.547,0.96055,0.96065,2.60,8.00
2009.06.22 06:43:52.176,0.96055,0.9606,2.60,1.00
2009.06.22 06:43:53.086,0.96055,0.9606,2.60,1.00
2009.06.22 06:43:53.406,0.96055,0.9606,2.60,1.20
2009.06.22 06:43:53.517,0.9605,0.9606,11.00,3.20
2009.06.22 06:43:53.686,0.9605,0.9606,14.60,3.20
2009.06.22 06:43:53.797,0.9605,0.9606,4.20,3.20
2009.06.22 06:43:57.886,0.9605,0.9606,5.80,3.20
2009.06.22 06:44:00.475,0.9605,0.9606,4.20,3.20
2009.06.22 06:44:01.725,0.9605,0.9606,11.60,3.20
2009.06.22 06:44:02.064,0.9605,0.9606,4.20,3.20
2009.06.22 06:44:02.414,0.9606,0.9607,2.60,13.40
2009.06.22 06:44:02.755,0.9606,0.9607,2.60,3.80
2009.06.22 06:44:02.994,0.9606,0.9607,2.60,3.20
2009.06.22 06:44:04.064,0.9606,0.9607,3.60,3.20
2009.06.22 06:44:04.464,0.9606,0.9607,8.00,3.20
2009.06.22 06:44:04.784,0.9606,0.9607,16.00,3.20
2009.06.22 06:44:07.263,0.9606,0.9607,16.20,3.20
2009.06.22 06:44:08.073,0.9606,0.9607,2.60,1.60
2009.06.22 06:44:08.243,0.9606,0.9607,21.80,1.60
2009.06.22 06:44:08.473,0.96065,0.96075,1.00,10.80
2009.06.22 06:44:09.112,0.96065,0.96075,1.00,2.80
2009.06.22 06:44:09.623,0.9606,0.9607,9.60,3.20
2009.06.22 06:44:09.802,0.96055,0.9607,22.20,14.00
2009.06.22 06:44:10.032,0.96055,0.9607,20.60,14.00
2009.06.22 06:44:10.322,0.96055,0.9607,12.60,14.00
2009.06.22 06:44:11.352,0.96055,0.9607,11.60,14.40
2009.06.22 06:44:11.622,0.96055,0.96065,8.40,1.20
2009.06.22 06:44:11.862,0.96055,0.9607,10.00,11.60
2009.06.22 06:44:12.092,0.96055,0.96065,8.40,9.20
2009.06.22 06:44:12.382,0.96055,0.96065,10.20,1.20
2009.06.22 06:44:12.662,0.96065,0.9607,1.00,1.00
2009.06.22 06:44:12.952,0.96065,0.96075,1.00,3.60
2009.06.22 06:44:13.241,0.96065,0.96075,9.00,1.20
2009.06.22 06:44:13.532,0.96065,0.96075,2.60,9.20
2009.06.22 06:44:14.221,0.96065,0.96075,1.00,10.80
2009.06.22 06:44:14.681,0.96065,0.96075,1.00,2.80
2009.06.22 06:44:15.121,0.96065,0.96075,1.00,10.80
2009.06.22 06:44:15.401,0.96065,0.9607,1.00,3.20
2009.06.22 06:44:15.731,0.9606,0.9607,11.60,3.20
2009.06.22 06:44:20.041,0.9606,0.9607,10.60,3.20
2009.06.22 06:44:20.331,0.9606,0.9607,2.60,3.20
2009.06.22 06:44:22.159,0.96065,0.9607,1.00,3.20
2009.06.22 06:44:22.449,0.96065,0.9607,1.00,1.60
2009.06.22 06:44:24.529,0.96065,0.96075,2.60,13.00
2009.06.22 06:44:24.819,0.96065,0.9607,1.00,1.60
2009.06.22 06:44:26.148,0.96065,0.9607,4.20,1.60
2009.06.22 06:44:26.549,0.96065,0.9607,1.00,1.60
2009.06.22 06:44:26.778,0.96065,0.96075,2.60,10.80
2009.06.22 06:44:27.178,0.96065,0.9607,1.00,1.60
2009.06.22 06:44:27.528,0.9606,0.9607,1.60,3.20
2009.06.22 06:44:27.858,0.96055,0.9607,16.40,15.00
2009.06.22 06:44:28.078,0.96055,0.9607,8.40,15.00
2009.06.22 06:44:28.298,0.96055,0.9607,2.60,15.60
2009.06.22 06:44:28.518,0.96055,0.96065,2.60,9.20
2009.06.22 06:44:28.858,0.96055,0.96065,2.60,1.20
2009.06.22 06:44:29.198,0.96055,0.96065,2.60,8.00
2009.06.22 06:44:29.588,0.96055,0.9607,10.60,14.00
2009.06.22 06:44:29.928,0.96055,0.9607,10.60,15.00
2009.06.22 06:44:30.308,0.9606,0.9607,2.60,14.60
2009.06.22 06:44:30.647,0.96065,0.9607,1.00,2.00
2009.06.22 06:44:30.997,0.9606,0.9607,2.60,2.80
2009.06.22 06:44:31.327,0.9606,0.9607,14.80,3.20
2009.06.22 06:44:31.667,0.9606,0.9607,11.60,3.20
2009.06.22 06:44:32.007,0.96055,0.9607,10.60,7.60
2009.06.22 06:44:32.307,0.96055,0.9607,12.20,3.20
2009.06.22 06:44:32.997,0.96055,0.9607,2.60,15.60
2009.06.22 06:44:35.357,0.96055,0.9607,10.60,15.60
2009.06.22 06:44:35.696,0.96055,0.9607,2.60,15.60
2009.06.22 06:44:36.046,0.96055,0.96065,2.60,8.00
2009.06.22 06:44:37.966,0.96055,0.9607,2.60,10.80
2009.06.22 06:44:38.536,0.96055,0.9607,2.60,7.60
2009.06.22 06:44:39.285,0.96055,0.9607,2.60,9.20
2009.06.22 06:44:39.566,0.96055,0.9607,2.60,10.80
2009.06.22 06:44:40.375,0.96055,0.9607,10.60,7.60
2009.06.22 06:44:40.775,0.96055,0.9607,2.60,7.60
2009.06.22 06:44:43.165,0.96055,0.9607,2.60,10.80
2009.06.22 06:44:44.005,0.96055,0.9607,10.60,10.80
2009.06.22 06:44:44.584,0.96055,0.9607,2.60,10.80
2009.06.22 06:44:44.994,0.9606,0.9607,2.60,3.20
2009.06.22 06:44:45.454,0.96055,0.9607,10.60,3.20
2009.06.22 06:44:45.674,0.96055,0.9607,6.60,15.60
2009.06.22 06:44:45.894,0.96055,0.9607,5.00,15.60
2009.06.22 06:44:46.224,0.96055,0.96065,2.60,8.00
2009.06.22 06:44:48.343,0.96055,0.9607,2.60,15.60
2009.06.22 06:44:48.633,0.96055,0.9607,2.60,17.20
2009.06.22 06:44:48.873,0.96055,0.96065,2.60,8.00
2009.06.22 06:44:49.143,0.9606,0.96065,2.60,8.00
2009.06.22 06:44:49.363,0.96055,0.9607,10.60,8.60
2009.06.22 06:44:49.683,0.96055,0.96065,4.20,9.20
2009.06.22 06:44:49.853,0.9605,0.9606,11.60,3.20
2009.06.22 06:44:50.033,0.9605,0.9606,4.20,3.20
2009.06.22 06:44:55.371,0.9605,0.9606,4.20,11.20
2009.06.22 06:44:56.931,0.9605,0.9606,4.20,3.20
2009.06.22 06:44:57.401,0.9605,0.9606,4.20,11.20
2009.06.22 06:45:19.675,0.9605,0.9606,4.20,3.20
2009.06.22 06:45:19.966,0.9605,0.9606,4.20,11.20
2009.06.22 06:45:20.655,0.9605,0.9606,4.20,3.20
2009.06.22 06:45:22.265,0.9605,0.9606,12.20,3.20
2009.06.22 06:45:23.825,0.9605,0.9606,4.20,3.20
2009.06.22 06:45:27.233,0.9605,0.9606,4.20,11.20
2009.06.22 06:45:33.842,0.9605,0.9606,4.20,3.20
2009.06.22 06:45:36.262,0.9605,0.9606,4.20,11.20
2009.06.22 06:45:37.571,0.96045,0.9605,9.90,1.00
2009.06.22 06:45:37.961,0.9605,0.9606,10.60,8.00
2009.06.22 06:45:38.311,0.9605,0.96055,2.60,8.20
2009.06.22 06:45:38.661,0.96045,0.96055,4.60,8.00
2009.06.22 06:45:38.991,0.96045,0.96055,2.60,9.20
2009.06.22 06:45:41.750,0.96045,0.96055,10.60,1.20
2009.06.22 06:45:42.660,0.96055,0.9606,1.60,8.00
2009.06.22 06:45:43.000,0.9605,0.9606,2.00,8.00
2009.06.22 06:45:43.340,0.9605,0.9606,2.80,8.00
2009.06.22 06:45:43.620,0.96055,0.9606,4.00,8.00
2009.06.22 06:45:43.961,0.96055,0.9606,3.20,8.00
2009.06.22 06:45:44.319,0.96055,0.96065,5.80,8.00
2009.06.22 06:45:45.049,0.96055,0.96065,2.60,8.00
2009.06.22 06:45:47.379,0.96055,0.96065,10.60,1.60
2009.06.22 06:45:47.829,0.96055,0.96065,2.60,8.00
2009.06.22 06:45:48.349,0.96055,0.96065,5.80,8.00
2009.06.22 06:45:48.610,0.9606,0.96065,4.20,8.00
2009.06.22 06:45:48.849,0.9606,0.9607,13.80,11.20
2009.06.22 06:45:49.118,0.96065,0.9607,1.00,8.00
2009.06.22 06:45:49.469,0.96065,0.9607,1.00,2.20
2009.06.22 06:45:50.338,0.96065,0.96075,9.00,2.80
2009.06.22 06:45:50.748,0.96065,0.96075,1.00,10.80
2009.06.22 06:45:53.267,0.9606,0.9607,2.60,1.60
2009.06.22 06:45:53.378,0.9606,0.9607,16.00,3.20
2009.06.22 06:45:53.608,0.9606,0.9607,16.00,11.20
2009.06.22 06:45:53.837,0.9606,0.9607,14.40,11.20
2009.06.22 06:45:54.297,0.9606,0.9607,13.60,11.20
2009.06.22 06:45:54.577,0.9606,0.9607,13.60,12.40
2009.06.22 06:45:55.277,0.9606,0.9607,12.00,12.40
2009.06.22 06:45:56.047,0.96065,0.9607,6.80,6.00
2009.06.22 06:45:56.228,0.96065,0.96075,2.60,9.20
2009.06.22 06:45:56.737,0.96065,0.96075,1.00,2.80
2009.06.22 06:45:57.087,0.96065,0.96075,2.60,6.00
2009.06.22 06:45:58.126,0.96065,0.96075,2.60,2.80
2009.06.22 06:45:58.506,0.96065,0.96075,2.60,4.80
2009.06.22 06:45:58.677,0.96065,0.96075,2.60,8.00
2009.06.22 06:45:58.856,0.96065,0.96075,2.60,1.60
2009.06.22 06:45:59.036,0.96065,0.96075,10.60,4.80
2009.06.22 06:45:59.196,0.96065,0.96075,2.60,1.60
2009.06.22 06:45:59.366,0.96065,0.96075,10.60,1.60
2009.06.22 06:45:59.536,0.96065,0.96075,10.60,4.80
2009.06.22 06:45:59.886,0.9607,0.9608,4.20,11.80
2009.06.22 06:46:00.126,0.9607,0.9608,4.20,3.80
2009.06.22 06:46:00.636,0.9607,0.9608,3.60,3.80
2009.06.22 06:46:00.756,0.96065,0.96075,10.60,1.60
2009.06.22 06:46:00.986,0.96065,0.96075,9.80,1.60
2009.06.22 06:46:01.096,0.96065,0.96075,2.60,2.80
2009.06.22 06:46:01.556,0.96065,0.96075,2.60,10.80
2009.06.22 06:46:02.005,0.96065,0.96075,1.00,2.80
2009.06.22 06:46:04.535,0.96065,0.96075,2.60,2.80
2009.06.22 06:46:05.045,0.96065,0.96075,9.00,2.80
2009.06.22 06:46:05.385,0.96065,0.96075,2.60,10.80
2009.06.22 06:46:05.815,0.96065,0.96075,2.60,2.80
2009.06.22 06:46:06.034,0.9606,0.9607,10.60,3.20
2009.06.22 06:46:06.314,0.9606,0.9607,9.00,3.20
2009.06.22 06:46:06.664,0.9606,0.9607,5.00,3.20
2009.06.22 06:46:07.574,0.9606,0.9607,4.20,1.60
2009.06.22 06:46:07.924,0.9606,0.96075,4.20,12.40
2009.06.22 06:46:08.514,0.9606,0.96075,4.20,13.20
2009.06.22 06:46:09.074,0.9606,0.96075,4.20,13.80
2009.06.22 06:46:09.773,0.9606,0.96075,4.20,14.40
2009.06.22 06:46:10.883,0.9606,0.96075,4.20,13.80
2009.06.22 06:46:15.792,0.96065,0.9607,5.80,2.20
2009.06.22 06:46:16.372,0.96065,0.9607,5.80,5.40
2009.06.22 06:46:16.762,0.96065,0.9607,5.80,2.80
2009.06.22 06:46:17.222,0.9606,0.96075,4.20,13.80
2009.06.22 06:46:17.402,0.96065,0.9607,5.80,2.20
2009.06.22 06:46:18.551,0.96065,0.96075,5.80,2.00
2009.06.22 06:46:18.671,0.9607,0.9608,1.00,11.10
2009.06.22 06:46:18.731,0.9607,0.9608,1.00,9.30
2009.06.22 06:46:18.841,0.9607,0.9608,1.00,9.50
2009.06.22 06:46:18.961,0.96065,0.96075,10.60,4.80
2009.06.22 06:46:19.181,0.96065,0.96075,13.80,4.80
2009.06.22 06:46:19.641,0.96065,0.96075,5.80,4.80
2009.06.22 06:46:19.761,0.96065,0.96075,5.80,8.00
2009.06.22 06:46:20.351,0.96065,0.96075,5.80,4.80
2009.06.22 06:46:21.921,0.96065,0.96075,5.80,1.60
2009.06.22 06:46:25.780,0.96065,0.96075,5.80,8.00
2009.06.22 06:46:43.065,0.96065,0.96075,4.80,8.00
2009.06.22 06:46:43.305,0.96065,0.9607,3.20,2.00
2009.06.22 06:46:43.485,0.9606,0.96075,4.20,13.40
2009.06.22 06:46:43.715,0.9606,0.96075,4.20,14.20
2009.06.22 06:46:43.825,0.9606,0.96075,4.20,14.00
2009.06.22 06:46:43.996,0.9606,0.96075,4.20,14.80
2009.06.22 06:46:44.345,0.9606,0.9607,4.20,8.00
2009.06.22 06:46:45.265,0.96055,0.96065,5.80,8.00
2009.06.22 06:46:45.495,0.96055,0.96065,4.20,8.00
2009.06.22 06:46:53.353,0.96055,0.96065,4.20,10.20
2009.06.22 06:46:53.703,0.9605,0.96065,4.80,14.80
2009.06.22 06:46:54.743,0.9605,0.96065,4.80,13.80
2009.06.22 06:46:54.923,0.9606,0.96065,1.00,13.20
2009.06.22 06:46:55.222,0.96055,0.96065,4.20,8.00
2009.06.22 06:47:05.410,0.9606,0.96065,8.00,1.60
2009.06.22 06:47:05.630,0.9606,0.9607,8.00,5.20
2009.06.22 06:47:05.860,0.96055,0.96065,7.40,8.00
2009.06.22 06:47:06.220,0.96055,0.96065,2.60,9.20
2009.06.22 06:47:06.600,0.9606,0.96065,1.00,9.20
2009.06.22 06:47:13.738,0.9606,0.96065,1.00,7.40
2009.06.22 06:47:13.958,0.96055,0.9606,1.00,3.20
2009.06.22 06:47:14.068,0.96055,0.9606,3.20,1.60
2009.06.22 06:47:14.288,0.9605,0.9606,19.60,3.20
2009.06.22 06:47:14.578,0.9605,0.9606,5.80,3.20
2009.06.22 06:47:14.918,0.9605,0.9606,4.20,3.20
2009.06.22 06:47:20.426,0.9605,0.9606,12.20,3.20
2009.06.22 06:47:20.816,0.9605,0.9606,4.20,3.20
2009.06.22 06:47:25.945,0.9605,0.9606,3.60,3.20
2009.06.22 06:47:26.285,0.9605,0.9606,5.20,3.20
2009.06.22 06:47:26.915,0.9605,0.9606,2.60,3.20
2009.06.22 06:47:36.473,0.9605,0.9606,4.20,3.20
2009.06.22 06:47:36.803,0.9605,0.9606,6.00,3.20
2009.06.22 06:47:37.842,0.96055,0.96065,2.60,8.00
2009.06.22 06:47:40.392,0.9605,0.9606,8.40,3.20
2009.06.22 06:47:40.912,0.9605,0.9606,14.80,3.20
2009.06.22 06:47:42.921,0.96055,0.96065,2.60,4.00
2009.06.22 06:47:43.321,0.96055,0.9606,1.00,1.60
2009.06.22 06:47:53.928,0.96055,0.9607,2.60,16.40
2009.06.22 06:47:54.318,0.96055,0.9607,2.60,15.60
2009.06.22 06:47:54.438,0.96055,0.96065,2.60,8.00
2009.06.22 06:47:56.738,0.9606,0.96065,2.60,8.00
2009.06.22 06:47:57.138,0.9606,0.9607,2.60,11.20
2009.06.22 06:48:00.137,0.96055,0.9607,21.20,11.20
2009.06.22 06:48:00.247,0.96055,0.96065,11.60,8.00
2009.06.22 06:48:00.357,0.96055,0.96065,8.40,8.00
2009.06.22 06:48:00.697,0.9606,0.9607,8.00,3.20
2009.06.22 06:48:00.817,0.96055,0.96065,10.00,8.00
2009.06.22 06:48:00.927,0.9606,0.9607,9.00,7.60
2009.06.22 06:48:01.107,0.9606,0.9607,9.00,3.20
2009.06.22 06:48:01.327,0.96055,0.9607,27.20,1.00
2009.06.22 06:48:01.567,0.96065,0.96075,2.60,9.20
2009.06.22 06:48:01.787,0.96065,0.9608,2.60,16.60
2009.06.22 06:48:02.006,0.96065,0.9608,2.60,12.40
2009.06.22 06:48:05.006,0.96065,0.9608,2.60,11.20
2009.06.22 06:48:05.396,0.96065,0.9608,2.60,12.40
2009.06.22 06:48:05.845,0.96065,0.9608,2.60,11.20
2009.06.22 06:48:06.125,0.96065,0.9608,2.60,12.40
2009.06.22 06:48:07.965,0.96065,0.9608,4.20,12.40
2009.06.22 06:48:14.553,0.9607,0.9608,2.60,4.40
2009.06.22 06:48:14.663,0.9607,0.9608,2.60,3.20
2009.06.22 06:48:16.093,0.96075,0.9608,1.00,3.20
2009.06.22 06:48:16.373,0.96075,0.96085,1.00,9.20
2009.06.22 06:48:16.493,0.96075,0.96085,1.00,10.80
2009.06.22 06:48:16.663,0.96075,0.9608,1.00,1.00
2009.06.22 06:48:16.903,0.96075,0.96085,1.00,8.60
2009.06.22 06:48:17.973,0.96075,0.9608,1.00,1.00
2009.06.22 06:48:21.102,0.96075,0.96085,1.00,8.60
2009.06.22 06:48:22.431,0.96075,0.96085,2.60,8.60
2009.06.22 06:48:23.471,0.96075,0.96085,1.00,8.60
2009.06.22 06:48:26.400,0.9608,0.96085,3.20,8.00
2009.06.22 06:48:26.510,0.9608,0.96085,4.20,8.00
2009.06.22 06:48:26.790,0.9608,0.9609,1.00,11.20
2009.06.22 06:48:27.130,0.96085,0.96095,2.60,10.60
2009.06.22 06:48:27.410,0.96085,0.961,2.60,17.80
2009.06.22 06:48:27.690,0.96085,0.961,4.20,27.60
2009.06.22 06:48:28.320,0.96085,0.961,4.20,26.00
2009.06.22 06:48:30.060,0.96085,0.961,4.20,29.40
2009.06.22 06:48:30.350,0.9609,0.961,2.60,3.20
2009.06.22 06:48:31.730,0.9609,0.961,2.60,11.20
2009.06.22 06:48:35.348,0.96085,0.96095,2.60,9.20
2009.06.22 06:48:36.568,0.96085,0.96095,2.60,10.00
2009.06.22 06:48:36.738,0.9609,0.96095,2.60,9.20
2009.06.22 06:48:36.908,0.9609,0.961,2.60,11.20
2009.06.22 06:48:37.418,0.9609,0.961,2.60,3.20
2009.06.22 06:48:38.828,0.96085,0.961,10.60,3.20
2009.06.22 06:48:39.047,0.96085,0.9609,9.60,3.20
2009.06.22 06:48:39.168,0.9608,0.9609,4.60,3.20
2009.06.22 06:48:39.788,0.9608,0.9609,4.20,3.20
2009.06.22 06:48:40.127,0.9608,0.9609,4.20,11.80
2009.06.22 06:48:41.297,0.9607,0.96085,19.20,8.00
2009.06.22 06:48:41.537,0.9607,0.9608,8.40,3.20
2009.06.22 06:48:41.657,0.9607,0.9608,2.60,3.20
2009.06.22 06:48:41.947,0.9607,0.9608,4.20,3.20
2009.06.22 06:48:42.117,0.9607,0.9608,2.60,3.20
2009.06.22 06:48:42.227,0.9607,0.9608,2.60,11.20
2009.06.22 06:48:43.096,0.9607,0.9608,4.20,3.20
2009.06.22 06:48:43.386,0.96065,0.9607,4.80,1.00
2009.06.22 06:48:43.666,0.9606,0.9607,2.60,11.20
2009.06.22 06:48:48.695,0.96065,0.9607,1.00,11.20
2009.06.22 06:48:48.865,0.96065,0.9607,1.00,3.20
2009.06.22 06:48:48.986,0.96065,0.96075,2.60,10.80
2009.06.22 06:48:49.305,0.96065,0.96075,2.60,9.20
2009.06.22 06:48:49.625,0.96065,0.96075,2.60,1.20
2009.06.22 06:48:51.115,0.96075,0.9608,1.60,8.60
2009.06.22 06:48:51.505,0.9608,0.96085,4.20,3.20
2009.06.22 06:48:51.885,0.96085,0.96095,2.60,5.20
2009.06.22 06:48:52.164,0.96085,0.96095,2.60,1.20
2009.06.22 06:48:52.994,0.96085,0.961,2.60,23.60
2009.06.22 06:48:53.334,0.96085,0.961,2.60,22.20
2009.06.22 06:48:53.914,0.96085,0.9609,2.60,3.20
2009.06.22 06:48:54.084,0.9608,0.9609,9.00,3.20
2009.06.22 06:48:54.254,0.9608,0.9609,11.20,3.20
2009.06.22 06:48:54.424,0.9608,0.9609,9.60,3.20
2009.06.22 06:48:55.063,0.9608,0.9609,8.40,3.20
2009.06.22 06:48:55.284,0.9608,0.9609,6.80,3.20
2009.06.22 06:48:55.623,0.96085,0.96095,1.00,17.00
2009.06.22 06:48:55.843,0.96085,0.96095,2.60,2.20
2009.06.22 06:48:56.253,0.9608,0.9609,10.60,3.20
2009.06.22 06:48:56.363,0.9608,0.9609,9.00,3.20
2009.06.22 06:48:56.533,0.9608,0.9609,5.00,3.20
2009.06.22 06:48:56.823,0.9608,0.9609,3.40,3.20
2009.06.22 06:48:57.103,0.9608,0.9609,4.20,3.20
2009.06.22 06:48:58.953,0.96075,0.96085,5.00,11.20
2009.06.22 06:48:59.213,0.9607,0.9608,4.20,3.20
2009.06.22 06:49:00.723,0.96065,0.9608,5.00,12.40
2009.06.22 06:49:00.782,0.96065,0.96075,3.40,1.20
2009.06.22 06:49:00.982,0.96065,0.9608,3.40,17.20
2009.06.22 06:49:01.092,0.96065,0.9608,3.00,17.20
2009.06.22 06:49:01.202,0.96065,0.96075,2.60,1.20
2009.06.22 06:49:03.112,0.96065,0.96075,4.60,1.20
2009.06.22 06:49:04.892,0.96065,0.96075,2.60,1.20
2009.06.22 06:49:07.171,0.9607,0.96075,1.60,1.20
2009.06.22 06:49:07.451,0.96065,0.96075,2.60,2.80
2009.06.22 06:49:07.781,0.96065,0.9607,1.00,1.60
2009.06.22 06:49:08.131,0.9607,0.96075,2.60,8.00
2009.06.22 06:49:08.470,0.9607,0.9608,2.60,3.20
2009.06.22 06:49:08.690,0.96075,0.96085,1.60,9.20
2009.06.22 06:49:08.920,0.96075,0.96085,2.60,9.20
2009.06.22 06:49:09.260,0.96075,0.96085,2.60,8.00
2009.06.22 06:49:10.420,0.96075,0.96085,2.60,8.80
2009.06.22 06:49:10.720,0.96075,0.9608,1.00,3.20
2009.06.22 06:49:10.970,0.9607,0.9608,4.20,3.20
2009.06.22 06:49:11.260,0.96075,0.96085,4.20,9.20
2009.06.22 06:49:11.540,0.96075,0.96085,3.20,9.20
2009.06.22 06:49:11.830,0.96075,0.96085,2.60,8.00
2009.06.22 06:49:14.289,0.9607,0.9608,5.80,3.20
2009.06.22 06:49:14.629,0.9607,0.9608,4.20,3.20
2009.06.22 06:49:14.909,0.96075,0.96085,2.60,9.20
2009.06.22 06:49:15.189,0.96075,0.96085,2.60,8.00
2009.06.22 06:49:18.858,0.96075,0.96085,2.60,1.60
2009.06.22 06:49:19.028,0.96075,0.9609,4.20,13.20
2009.06.22 06:49:19.308,0.96075,0.9609,4.20,12.40
2009.06.22 06:49:19.428,0.96075,0.9609,4.20,22.00
2009.06.22 06:49:20.208,0.96075,0.9609,2.60,22.00
2009.06.22 06:49:20.317,0.96075,0.9609,2.60,12.40
2009.06.22 06:49:23.187,0.96075,0.9609,2.60,14.20
2009.06.22 06:49:23.407,0.96075,0.9609,2.60,12.40
2009.06.22 06:49:23.757,0.96075,0.9609,2.60,11.20
2009.06.22 06:49:24.047,0.96075,0.9609,10.60,4.40
2009.06.22 06:49:24.396,0.96075,0.9609,2.60,12.40
2009.06.22 06:49:24.847,0.96075,0.9609,5.80,12.40
2009.06.22 06:49:25.066,0.9608,0.9609,2.60,4.40
2009.06.22 06:49:25.336,0.96085,0.96095,2.60,8.60
2009.06.22 06:49:25.496,0.96085,0.9609,2.60,1.60
2009.06.22 06:49:25.597,0.9609,0.961,1.00,13.20
2009.06.22 06:49:25.936,0.9609,0.961,2.60,3.80
2009.06.22 06:49:28.956,0.9609,0.961,1.00,3.80
2009.06.22 06:49:30.205,0.9609,0.961,1.00,11.80
2009.06.22 06:49:30.535,0.9609,0.961,2.60,3.80
2009.06.22 06:49:30.815,0.96095,0.96105,2.60,9.20
2009.06.22 06:49:31.105,0.96095,0.96105,2.60,4.40
2009.06.22 06:49:31.385,0.961,0.96105,3.60,1.20
2009.06.22 06:49:31.665,0.961,0.9611,4.20,3.20
2009.06.22 06:49:32.006,0.96105,0.9611,10.40,1.60
2009.06.22 06:49:32.335,0.96115,0.9612,1.60,8.00
2009.06.22 06:49:32.625,0.96115,0.96125,1.60,2.80
2009.06.22 06:49:32.845,0.9612,0.9613,1.60,8.60
2009.06.22 06:49:33.204,0.96125,0.9613,1.60,8.00
2009.06.22 06:49:33.434,0.96125,0.96135,1.60,13.40
2009.06.22 06:49:33.834,0.96125,0.96135,1.60,10.20
2009.06.22 06:49:34.614,0.96125,0.9613,1.60,3.20
2009.06.22 06:49:35.554,0.96115,0.9612,2.60,1.60
2009.06.22 06:49:35.774,0.96115,0.9612,1.60,8.00
2009.06.22 06:49:36.064,0.96115,0.9612,1.60,10.80
2009.06.22 06:49:36.634,0.9611,0.9612,1.60,11.60
2009.06.22 06:49:36.923,0.96115,0.9612,1.60,10.80
2009.06.22 06:49:37.503,0.96105,0.96115,2.60,1.20
2009.06.22 06:49:37.843,0.96105,0.9612,2.60,17.40
2009.06.22 06:49:38.003,0.96105,0.9612,2.60,18.20
2009.06.22 06:49:38.283,0.96105,0.96115,2.60,8.00
2009.06.22 06:49:38.453,0.96105,0.96115,2.60,1.60
2009.06.22 06:49:38.853,0.96105,0.9612,2.60,19.80
2009.06.22 06:49:39.543,0.96105,0.9612,2.60,20.80
2009.06.22 06:49:40.243,0.96105,0.9612,2.60,19.60
2009.06.22 06:49:40.473,0.961,0.96105,6.10,1.60
2009.06.22 06:49:40.653,0.961,0.9611,3.60,3.20
2009.06.22 06:49:40.942,0.961,0.96105,8.40,1.60
2009.06.22 06:49:41.173,0.96105,0.96115,2.60,3.20
2009.06.22 06:49:41.292,0.96105,0.9612,5.80,16.40
2009.06.22 06:49:41.583,0.96115,0.9612,1.60,13.20
2009.06.22 06:49:41.752,0.96115,0.9612,2.20,4.40
2009.06.22 06:49:42.092,0.96125,0.9613,1.00,6.20
2009.06.22 06:49:42.442,0.96125,0.9613,5.80,3.20
2009.06.22 06:49:42.852,0.96125,0.96135,2.60,8.00
2009.06.22 06:49:43.812,0.9613,0.96135,1.60,8.00
2009.06.22 06:49:46.051,0.96125,0.96135,2.60,1.60
2009.06.22 06:49:46.291,0.96125,0.96135,1.00,2.80
2009.06.22 06:49:46.341,0.96125,0.96135,1.00,9.20
2009.06.22 06:49:46.631,0.96125,0.96135,1.00,11.60
2009.06.22 06:49:46.861,0.96125,0.96135,1.00,9.20
2009.06.22 06:49:46.911,0.96125,0.9613,1.00,8.00
2009.06.22 06:49:47.251,0.96125,0.96135,2.60,8.00
2009.06.22 06:49:48.551,0.96125,0.96135,7.40,9.20
2009.06.22 06:49:48.891,0.96125,0.96135,11.80,1.20
2009.06.22 06:49:49.251,0.96125,0.96135,10.60,1.60
2009.06.22 06:49:49.531,0.96125,0.96135,2.60,8.00
2009.06.22 06:49:50.220,0.9612,0.96125,5.60,1.40
2009.06.22 06:49:50.520,0.9611,0.96125,10.60,8.00
2009.06.22 06:49:50.750,0.9611,0.96125,2.60,8.00
2009.06.22 06:49:51.150,0.9611,0.9612,2.60,3.20
2009.06.22 06:49:51.330,0.9611,0.9612,3.00,3.20
2009.06.22 06:49:52.510,0.9611,0.96125,5.60,8.00
2009.06.22 06:49:52.850,0.96115,0.96125,2.60,2.80
2009.06.22 06:49:53.199,0.96115,0.9613,2.60,15.60
2009.06.22 06:49:53.549,0.96115,0.96125,2.60,1.20
2009.06.22 06:49:53.660,0.96115,0.96125,1.00,2.80
2009.06.22 06:49:54.099,0.96115,0.96125,2.60,1.60
2009.06.22 06:49:55.369,0.96125,0.9613,6.80,10.80
2009.06.22 06:49:55.719,0.96125,0.96135,1.60,4.40
2009.06.22 06:49:55.949,0.96125,0.9613,1.60,3.20
2009.06.22 06:49:56.519,0.9612,0.9613,1.60,11.20
2009.06.22 06:50:00.598,0.96115,0.9612,9.00,1.00
2009.06.22 06:50:00.898,0.96115,0.9612,3.00,1.60
2009.06.22 06:50:01.188,0.96115,0.9612,2.60,1.60
2009.06.22 06:50:03.357,0.96115,0.96125,2.60,4.80
2009.06.22 06:50:03.707,0.9611,0.96125,10.00,8.00
2009.06.22 06:50:04.027,0.9611,0.9612,11.00,3.20
2009.06.22 06:50:04.377,0.9611,0.9612,2.80,3.20
2009.06.22 06:50:04.767,0.9611,0.9612,2.80,3.20
2009.06.22 06:50:05.117,0.9611,0.9612,2.20,11.20
2009.06.22 06:50:05.347,0.9611,0.9612,2.20,11.20
2009.06.22 06:50:05.517,0.9611,0.9612,2.00,3.20
2009.06.22 06:50:05.786,0.9611,0.9612,2.60,3.20
2009.06.22 06:50:05.947,0.9611,0.9612,2.00,3.20
2009.06.22 06:50:06.856,0.9612,0.96125,1.00,2.80
2009.06.22 06:50:07.146,0.9612,0.9613,1.00,12.80
2009.06.22 06:50:07.376,0.9612,0.9613,1.00,3.20
2009.06.22 06:50:07.716,0.9612,0.9613,5.20,3.20
2009.06.22 06:50:08.066,0.9612,0.9613,19.60,3.20
2009.06.22 06:50:08.466,0.96135,0.9614,1.60,9.40
2009.06.22 06:50:08.686,0.96135,0.9614,1.60,13.40
2009.06.22 06:50:08.806,0.96135,0.9614,2.60,10.20
2009.06.22 06:50:08.986,0.96135,0.9614,1.60,10.20
2009.06.22 06:50:09.166,0.96135,0.9614,1.60,11.20
2009.06.22 06:50:09.286,0.9613,0.96135,1.60,8.00
2009.06.22 06:50:09.646,0.96125,0.96135,5.80,8.00
2009.06.22 06:50:10.116,0.96125,0.96135,2.60,8.00
2009.06.22 06:50:10.526,0.96125,0.96135,1.00,8.00
2009.06.22 06:50:10.935,0.96125,0.96135,4.20,8.00
2009.06.22 06:50:11.235,0.96125,0.96135,1.00,8.00
2009.06.22 06:50:11.465,0.96125,0.96135,5.80,8.00
2009.06.22 06:50:14.954,0.96125,0.96135,2.60,8.00
2009.06.22 06:50:15.124,0.96125,0.96135,1.60,8.00
2009.06.22 06:50:15.294,0.9612,0.96135,13.60,8.00
2009.06.22 06:50:15.414,0.9612,0.9613,5.60,1.60
2009.06.22 06:50:15.764,0.96115,0.9613,22.20,3.20
2009.06.22 06:50:15.934,0.96125,0.9613,1.60,3.20
2009.06.22 06:50:16.104,0.96125,0.9613,1.60,1.60
2009.06.22 06:50:17.264,0.96125,0.96135,1.60,8.00
2009.06.22 06:50:17.494,0.96135,0.9614,1.00,9.00
2009.06.22 06:50:17.664,0.9613,0.9614,11.20,5.00
2009.06.22 06:50:17.894,0.9613,0.96135,9.60,3.20
2009.06.22 06:50:18.004,0.96135,0.9614,1.60,12.20
2009.06.22 06:50:18.224,0.96135,0.9614,1.60,10.60
2009.06.22 06:50:18.444,0.96135,0.9614,1.60,19.60
2009.06.22 06:50:18.744,0.96125,0.9613,8.00,1.60
2009.06.22 06:50:19.074,0.96125,0.9614,8.00,3.20
2009.06.22 06:50:19.573,0.9612,0.96135,5.60,8.00
2009.06.22 06:50:20.693,0.9612,0.96135,7.20,8.00
2009.06.22 06:50:21.113,0.96125,0.9613,1.60,1.60
2009.06.22 06:50:21.293,0.96135,0.9614,4.20,3.80
2009.06.22 06:50:21.463,0.96135,0.9614,4.20,3.20
2009.06.22 06:50:21.793,0.96135,0.9614,8.00,1.60
2009.06.22 06:50:22.133,0.9613,0.96145,9.60,8.00
2009.06.22 06:50:22.472,0.96125,0.9614,7.20,11.20
2009.06.22 06:50:22.702,0.96125,0.96135,1.60,8.00
2009.06.22 06:50:23.053,0.96115,0.96135,26.40,8.00
2009.06.22 06:50:23.402,0.9612,0.96135,1.60,8.00
2009.06.22 06:50:23.732,0.9612,0.9613,1.60,1.60
2009.06.22 06:50:32.190,0.96135,0.9614,1.60,3.20
2009.06.22 06:50:32.680,0.96125,0.96135,7.20,1.60
2009.06.22 06:50:33.070,0.9613,0.96135,1.60,1.60
2009.06.22 06:50:34.270,0.96125,0.9614,1.60,4.80
2009.06.22 06:50:34.440,0.96125,0.9614,18.40,1.60
2009.06.22 06:50:34.670,0.9613,0.9614,9.60,1.60
2009.06.22 06:50:35.819,0.96135,0.9614,1.60,1.60
2009.06.22 06:50:36.109,0.9613,0.9614,9.60,1.60
2009.06.22 06:50:36.879,0.96135,0.9614,1.60,1.60
2009.06.22 06:50:37.319,0.9615,0.96155,1.00,11.90
2009.06.22 06:50:37.729,0.9615,0.9616,8.00,3.80
2009.06.22 06:50:38.009,0.96145,0.9615,8.80,3.20
2009.06.22 06:50:38.179,0.96145,0.9615,1.60,3.20
2009.06.22 06:50:38.559,0.96145,0.96155,1.60,4.40
2009.06.22 06:50:38.959,0.9614,0.9615,9.60,3.20
2009.06.22 06:50:39.708,0.96145,0.96155,3.20,4.40
2009.06.22 06:50:40.158,0.96155,0.96165,1.60,22.40
2009.06.22 06:50:40.508,0.9616,0.9617,1.00,3.20
2009.06.22 06:50:40.688,0.9616,0.96175,10.60,12.40
2009.06.22 06:50:40.918,0.96165,0.96175,2.60,9.20
2009.06.22 06:50:41.368,0.96165,0.96175,2.60,8.00
2009.06.22 06:50:41.538,0.96165,0.96175,1.60,8.00
2009.06.22 06:50:41.818,0.96165,0.9617,1.60,11.20
2009.06.22 06:50:42.228,0.96165,0.9617,4.20,11.20
2009.06.22 06:50:42.348,0.96165,0.9617,7.40,8.00
2009.06.22 06:50:42.688,0.9617,0.9618,1.60,11.20
2009.06.22 06:50:42.978,0.96175,0.9618,1.60,3.20
2009.06.22 06:50:43.277,0.9618,0.9619,2.60,11.20
2009.06.22 06:50:43.627,0.9618,0.9619,2.60,3.20
2009.06.22 06:50:44.817,0.9618,0.9619,1.00,3.20
2009.06.22 06:50:45.897,0.96175,0.9619,12.20,11.20
2009.06.22 06:50:46.137,0.96175,0.9619,4.20,11.20
2009.06.22 06:50:46.307,0.96175,0.9619,2.60,11.20
2009.06.22 06:50:46.657,0.96175,0.9618,2.60,3.20
2009.06.22 06:50:46.767,0.96175,0.9618,1.60,3.20
2009.06.22 06:50:46.817,0.9617,0.9618,8.00,9.20
2009.06.22 06:50:46.927,0.96165,0.9618,7.40,14.00
2009.06.22 06:50:47.267,0.96165,0.9618,1.60,13.40
2009.06.22 06:50:47.566,0.9616,0.96175,12.80,8.00
2009.06.22 06:50:47.897,0.96165,0.9617,10.60,1.60
2009.06.22 06:50:48.176,0.96165,0.96175,4.20,1.60
2009.06.22 06:50:48.396,0.96165,0.9618,2.60,11.80
2009.06.22 06:50:48.906,0.96165,0.9618,2.60,17.80
2009.06.22 06:50:49.456,0.96165,0.96175,2.60,1.60
2009.06.22 06:50:50.656,0.96165,0.96175,8.40,1.60
2009.06.22 06:50:51.036,0.9618,0.96185,1.00,5.10
2009.06.22 06:50:51.386,0.9618,0.9619,1.00,3.80
2009.06.22 06:50:51.716,0.9618,0.9619,5.40,3.20
2009.06.22 06:50:52.065,0.9618,0.9619,5.80,3.20
2009.06.22 06:50:52.755,0.9618,0.9619,5.00,3.80
2009.06.22 06:50:52.925,0.9618,0.9619,1.00,5.40
2009.06.22 06:50:53.095,0.96175,0.9618,5.00,1.60
2009.06.22 06:50:53.205,0.96175,0.9618,1.00,1.60
2009.06.22 06:50:53.325,0.9617,0.9618,9.60,3.20
2009.06.22 06:50:53.445,0.96165,0.96175,2.60,8.00
2009.06.22 06:50:53.565,0.96165,0.9617,2.60,1.60
2009.06.22 06:50:53.675,0.96165,0.9617,1.00,1.60
2009.06.22 06:50:55.385,0.9616,0.9617,17.00,1.60
2009.06.22 06:50:55.724,0.9616,0.9617,20.20,1.60
2009.06.22 06:50:56.025,0.9616,0.9617,17.00,1.60
2009.06.22 06:50:57.105,0.96165,0.96175,1.60,5.00
2009.06.22 06:50:57.684,0.9616,0.96175,17.80,5.00
2009.06.22 06:50:58.074,0.9616,0.96175,27.00,1.20
2009.06.22 06:50:58.414,0.96165,0.96175,8.00,1.20
2009.06.22 06:50:58.644,0.96165,0.9618,8.00,16.20
2009.06.22 06:50:58.764,0.9616,0.96175,27.00,1.20
2009.06.22 06:51:00.083,0.9617,0.96175,9.60,1.20
2009.06.22 06:51:00.374,0.9617,0.9618,9.60,6.00
2009.06.22 06:51:00.713,0.9617,0.9618,8.00,6.00
2009.06.22 06:51:00.833,0.96165,0.9618,3.20,14.00
2009.06.22 06:51:01.093,0.96165,0.96175,3.20,1.20
2009.06.22 06:51:01.153,0.96165,0.96175,1.60,1.20
2009.06.22 06:51:01.263,0.96165,0.9618,1.60,14.00
2009.06.22 06:51:02.183,0.9616,0.9618,28.40,14.00
2009.06.22 06:51:02.463,0.9616,0.96175,28.60,1.20
2009.06.22 06:51:03.113,0.9616,0.96175,27.00,1.20
2009.06.22 06:51:05.592,0.9616,0.96175,23.80,1.20
2009.06.22 06:51:05.702,0.9616,0.96175,27.00,1.20
2009.06.22 06:51:06.102,0.9616,0.96175,23.80,1.20
2009.06.22 06:51:06.212,0.96165,0.96175,6.40,1.20
2009.06.22 06:51:06.722,0.9616,0.96175,23.80,1.20
2009.06.22 06:51:07.352,0.96165,0.9618,1.60,15.60
2009.06.22 06:51:07.642,0.9616,0.9618,21.20,14.00
2009.06.22 06:51:07.922,0.96165,0.96175,1.60,1.20
2009.06.22 06:51:08.511,0.96165,0.96175,6.40,1.20
2009.06.22 06:51:09.041,0.96165,0.96175,8.00,1.20
2009.06.22 06:51:09.431,0.96165,0.96175,6.40,1.20
2009.06.22 06:51:10.951,0.96165,0.96175,1.60,1.20
2009.06.22 06:51:11.611,0.9616,0.96175,24.00,2.80
2009.06.22 06:51:12.080,0.9616,0.96175,32.40,2.80
2009.06.22 06:51:14.730,0.9616,0.96165,1.60,8.00
2009.06.22 06:51:14.960,0.96155,0.96165,10.20,10.80
2009.06.22 06:51:15.190,0.96155,0.9616,1.00,3.20
2009.06.22 06:51:15.490,0.9615,0.96155,5.60,2.80
2009.06.22 06:51:15.899,0.96145,0.96155,8.60,1.60
2009.06.22 06:51:18.689,0.96145,0.96155,7.40,1.60
2009.06.22 06:51:18.799,0.96145,0.96155,5.60,2.80
2009.06.22 06:51:19.079,0.96145,0.96155,13.60,2.80
2009.06.22 06:51:19.369,0.9614,0.96155,23.60,2.80
2009.06.22 06:51:19.429,0.9614,0.96155,29.60,2.80
2009.06.22 06:51:20.849,0.9615,0.96155,3.20,2.80
2009.06.22 06:51:21.248,0.96145,0.9616,13.80,9.80
2009.06.22 06:51:21.479,0.9615,0.9616,3.20,9.80
2009.06.22 06:51:21.538,0.9615,0.9616,3.20,3.80
2009.06.22 06:51:21.698,0.96145,0.9616,13.80,3.80
2009.06.22 06:51:23.448,0.96145,0.9615,9.60,3.20
2009.06.22 06:51:23.668,0.9614,0.9615,3.20,4.40
2009.06.22 06:51:23.848,0.9614,0.9615,3.20,3.20
2009.06.22 06:51:28.037,0.9614,0.96155,17.60,15.40
2009.06.22 06:51:28.307,0.96145,0.96155,1.60,1.00
2009.06.22 06:51:28.697,0.9615,0.9616,2.60,8.00
2009.06.22 06:51:29.166,0.96155,0.96165,1.60,9.20
2009.06.22 06:51:29.516,0.96155,0.96165,1.60,4.40
2009.06.22 06:51:30.546,0.96155,0.96165,1.60,1.20
2009.06.22 06:51:31.356,0.96155,0.96165,1.60,4.40
2009.06.22 06:51:31.476,0.96155,0.96165,1.60,8.00
2009.06.22 06:51:32.116,0.96155,0.96165,1.60,9.20
2009.06.22 06:51:33.436,0.96155,0.96165,1.60,15.60
2009.06.22 06:51:34.055,0.96155,0.96165,1.60,9.20
2009.06.22 06:51:35.035,0.96155,0.96165,1.60,4.40
2009.06.22 06:51:36.724,0.96155,0.96165,1.60,12.40
2009.06.22 06:51:37.014,0.9615,0.96165,17.00,10.80
2009.06.22 06:51:39.284,0.9615,0.96165,15.40,9.20
2009.06.22 06:51:39.574,0.9615,0.96165,14.60,9.20
2009.06.22 06:51:39.814,0.9615,0.96165,17.00,9.20
2009.06.22 06:51:40.104,0.9615,0.96165,17.80,9.20
2009.06.22 06:51:40.454,0.9615,0.9616,17.00,3.20
2009.06.22 06:51:40.784,0.9615,0.96165,13.80,9.20
2009.06.22 06:51:41.234,0.9615,0.9616,3.20,3.20
2009.06.22 06:51:45.872,0.96145,0.9616,13.80,3.20
2009.06.22 06:51:45.982,0.96145,0.9616,13.80,4.00
2009.06.22 06:51:54.241,0.96145,0.96155,1.60,1.20
2009.06.22 06:51:57.140,0.9614,0.96155,23.80,9.20
2009.06.22 06:51:57.320,0.9614,0.9615,18.60,1.60
2009.06.22 06:51:57.490,0.9614,0.9615,11.20,3.20
2009.06.22 06:51:57.710,0.9614,0.9615,3.20,3.20
2009.06.22 06:51:57.870,0.9614,0.9615,2.60,1.60
2009.06.22 06:51:58.220,0.96135,0.96145,8.00,1.20
2009.06.22 06:51:58.449,0.9613,0.9614,13.00,3.20
2009.06.22 06:51:58.680,0.9613,0.9614,3.20,3.20
2009.06.22 06:51:58.949,0.9613,0.9614,11.20,1.60
2009.06.22 06:51:59.289,0.9613,0.9614,3.20,3.20
2009.06.22 06:52:00.929,0.96135,0.9614,3.20,6.00
2009.06.22 06:52:01.379,0.96135,0.96145,3.20,5.00
2009.06.22 06:52:01.669,0.96135,0.9614,4.00,4.50
2009.06.22 06:52:01.908,0.96125,0.9614,8.00,7.40
2009.06.22 06:52:02.248,0.96125,0.96135,1.60,8.00
2009.06.22 06:52:02.478,0.96125,0.9614,1.60,17.00
2009.06.22 06:52:03.738,0.9613,0.9614,3.20,12.40
2009.06.22 06:52:04.248,0.9613,0.9614,3.20,3.20
2009.06.22 06:52:05.728,0.96125,0.96135,12.80,3.20
2009.06.22 06:52:05.967,0.96125,0.96135,25.20,3.20
2009.06.22 06:52:06.197,0.9613,0.9614,1.00,2.80
2009.06.22 06:52:06.547,0.9613,0.96145,12.20,10.60
2009.06.22 06:52:06.718,0.9613,0.96145,12.20,9.20
2009.06.22 06:52:07.007,0.9613,0.96145,18.60,9.20
2009.06.22 06:52:07.407,0.9613,0.96145,18.60,10.80
2009.06.22 06:52:07.707,0.9613,0.96145,18.60,9.20
2009.06.22 06:52:07.887,0.9613,0.96145,18.60,10.80
2009.06.22 06:52:08.158,0.9613,0.96145,15.40,10.80
2009.06.22 06:52:08.847,0.9613,0.96145,15.40,9.20
2009.06.22 06:52:09.317,0.9613,0.9614,5.80,8.00
2009.06.22 06:52:12.086,0.9614,0.9615,1.00,8.00
2009.06.22 06:52:12.436,0.96135,0.9615,20.00,1.60
2009.06.22 06:52:12.786,0.96135,0.9615,15.40,6.00
2009.06.22 06:52:13.116,0.96135,0.9615,18.40,1.60
2009.06.22 06:52:14.575,0.96135,0.9615,15.40,2.80
2009.06.22 06:52:15.145,0.96135,0.9615,15.40,12.40
2009.06.22 06:52:15.545,0.96135,0.9615,9.80,12.40
2009.06.22 06:52:15.905,0.96135,0.96145,8.00,1.20
2009.06.22 06:52:16.175,0.9613,0.96145,27.60,2.80
2009.06.22 06:52:17.035,0.9614,0.9615,3.20,11.20
2009.06.22 06:52:17.215,0.9614,0.9615,3.20,3.20
2009.06.22 06:52:30.002,0.9613,0.96145,29.60,2.80
2009.06.22 06:52:30.392,0.9613,0.96145,31.00,2.80
2009.06.22 06:52:30.732,0.9613,0.96145,27.80,9.20
2009.06.22 06:52:31.142,0.9614,0.96145,3.20,8.00
2009.06.22 06:52:31.481,0.9614,0.9615,3.20,11.20
2009.06.22 06:52:31.802,0.9614,0.9615,3.20,3.20
2009.06.22 06:52:36.171,0.9614,0.9615,11.20,3.20
2009.06.22 06:52:36.340,0.9614,0.9615,3.20,3.20
2009.06.22 06:52:37.720,0.9614,0.9615,11.20,3.20
2009.06.22 06:52:38.050,0.9614,0.9615,3.20,3.20
2009.06.22 06:52:40.619,0.9614,0.9615,11.20,3.20
2009.06.22 06:52:40.909,0.9614,0.9615,19.40,3.20
2009.06.22 06:52:41.139,0.9614,0.96155,23.80,9.20
2009.06.22 06:52:41.469,0.96145,0.96155,9.60,3.20
2009.06.22 06:52:42.089,0.96145,0.9616,13.40,12.20
2009.06.22 06:52:42.269,0.9615,0.9616,8.00,2.80
2009.06.22 06:52:42.489,0.96145,0.9616,20.20,2.80
2009.06.22 06:52:43.288,0.96145,0.9616,18.80,2.80
2009.06.22 06:52:43.499,0.96145,0.9616,18.80,8.00
2009.06.22 06:52:43.899,0.9615,0.9616,3.80,8.00
2009.06.22 06:52:44.358,0.9615,0.9616,18.00,1.60
2009.06.22 06:52:49.257,0.9615,0.96165,16.40,9.20
2009.06.22 06:52:49.557,0.9615,0.96165,19.60,9.20
2009.06.22 06:52:50.287,0.9615,0.96165,16.40,9.20
2009.06.22 06:52:53.226,0.9615,0.96165,1.60,9.20
2009.06.22 06:52:53.346,0.96145,0.9616,23.80,3.20
2009.06.22 06:52:53.526,0.96145,0.9616,22.20,3.20
2009.06.22 06:52:53.586,0.96145,0.9616,22.00,3.20
2009.06.22 06:52:55.236,0.9615,0.9616,2.40,3.20
2009.06.22 06:52:55.396,0.96145,0.9616,16.00,14.00
2009.06.22 06:52:55.556,0.96145,0.96155,15.80,1.20
2009.06.22 06:52:55.956,0.9615,0.96155,2.20,9.20
2009.06.22 06:52:56.825,0.96145,0.96155,5.60,9.20
2009.06.22 06:52:57.115,0.9614,0.96155,22.80,9.20
2009.06.22 06:52:57.295,0.9614,0.96155,27.60,9.20
2009.06.22 06:53:00.364,0.9614,0.96155,26.00,9.20
2009.06.22 06:53:00.644,0.9614,0.9615,26.00,1.60
2009.06.22 06:53:00.934,0.9614,0.9615,26.20,1.60
2009.06.22 06:53:01.504,0.9614,0.9615,29.40,1.60
2009.06.22 06:53:01.854,0.9614,0.9615,26.20,1.60
2009.06.22 06:53:03.924,0.96145,0.96155,2.00,10.80
2009.06.22 06:53:04.094,0.96145,0.96155,13.80,2.80
2009.06.22 06:53:04.154,0.96145,0.96155,13.80,1.60
2009.06.22 06:53:11.022,0.96145,0.96155,4.80,8.00
2009.06.22 06:53:11.312,0.9614,0.9615,29.20,1.60
2009.06.22 06:53:14.341,0.9614,0.9615,32.40,1.60
2009.06.22 06:53:15.151,0.9614,0.9615,10.40,1.60
2009.06.22 06:53:15.491,0.9614,0.96145,3.20,1.60
2009.06.22 06:53:18.710,0.9614,0.9615,8.20,6.00
2009.06.22 06:53:18.940,0.9614,0.9615,16.20,1.60
2009.06.22 06:53:19.280,0.9614,0.9615,14.60,1.60
2009.06.22 06:53:19.450,0.9614,0.9615,11.40,1.60
2009.06.22 06:53:19.670,0.9614,0.9615,13.00,1.60
2009.06.22 06:53:20.020,0.9614,0.9615,16.20,1.60
2009.06.22 06:53:20.350,0.9614,0.9615,19.40,1.60
2009.06.22 06:53:20.700,0.9614,0.9615,18.00,1.60
2009.06.22 06:53:20.999,0.9614,0.9615,12.80,3.20
2009.06.22 06:53:21.330,0.9614,0.96145,3.20,1.60
2009.06.22 06:53:24.389,0.9614,0.9615,4.80,10.80
2009.06.22 06:53:24.619,0.9614,0.9615,12.80,1.60
2009.06.22 06:53:29.008,0.9614,0.96145,11.20,1.60
2009.06.22 06:53:29.188,0.9614,0.96145,3.20,1.60
2009.06.22 06:53:37.965,0.9614,0.9615,3.20,12.40
2009.06.22 06:53:38.126,0.9614,0.9615,3.20,11.20
2009.06.22 06:53:38.185,0.9614,0.9615,3.20,3.20
2009.06.22 06:53:44.724,0.9614,0.9615,3.20,12.40
2009.06.22 06:53:45.694,0.9614,0.9615,3.20,11.20
2009.06.22 06:54:05.189,0.9614,0.9615,4.00,11.20
2009.06.22 06:54:05.529,0.96145,0.96155,3.20,4.80
2009.06.22 06:54:05.771,0.9614,0.9615,3.20,3.20
2009.06.22 06:54:06.449,0.9614,0.9615,3.20,11.20
2009.06.22 06:54:07.488,0.9614,0.9615,3.20,3.20
2009.06.22 06:54:08.768,0.96135,0.9615,21.40,3.20
2009.06.22 06:54:09.388,0.9614,0.9615,3.20,3.20
2009.06.22 06:54:10.188,0.96145,0.9616,13.80,11.20
2009.06.22 06:54:10.548,0.9615,0.9616,3.20,11.20
2009.06.22 06:54:11.057,0.96145,0.9616,13.80,11.20
2009.06.22 06:54:11.617,0.9615,0.9616,3.20,8.00
2009.06.22 06:54:12.777,0.9615,0.9616,4.20,8.00
2009.06.22 06:54:16.516,0.9615,0.96155,4.20,1.60
2009.06.22 06:54:17.136,0.9615,0.9616,4.20,8.00
2009.06.22 06:54:17.666,0.9615,0.96155,4.20,1.60
2009.06.22 06:54:43.920,0.9615,0.9616,4.20,8.00
2009.06.22 06:54:48.798,0.9615,0.9616,3.20,8.00
2009.06.22 06:54:49.898,0.9615,0.96165,3.20,15.60
2009.06.22 06:54:50.158,0.9615,0.9616,3.20,8.00
2009.06.22 06:54:51.408,0.9615,0.96165,3.20,15.60
2009.06.22 06:54:51.767,0.9615,0.9616,3.20,8.00
2009.06.22 06:55:01.875,0.9615,0.96165,3.20,15.60
2009.06.22 06:55:02.215,0.9615,0.96165,11.20,7.60
2009.06.22 06:55:02.615,0.9615,0.9616,3.20,8.00
2009.06.22 06:55:05.614,0.9615,0.9616,4.20,8.00
2009.06.22 06:55:05.944,0.96155,0.9616,4.80,8.00
2009.06.22 06:55:06.664,0.96155,0.96165,4.80,11.20
2009.06.22 06:55:07.284,0.96155,0.9616,4.80,8.00
2009.06.22 06:55:13.962,0.96165,0.9617,3.20,8.60
2009.06.22 06:55:14.192,0.96165,0.9617,3.20,7.00
2009.06.22 06:55:14.472,0.96165,0.96175,4.80,8.60
2009.06.22 06:55:15.922,0.96165,0.96175,4.80,9.20
2009.06.22 06:55:16.272,0.96165,0.96175,4.80,8.60
2009.06.22 06:55:16.771,0.9617,0.96175,3.20,8.00
2009.06.22 06:55:17.282,0.9617,0.9618,4.80,11.20
2009.06.22 06:55:17.552,0.96175,0.96185,5.80,11.00
2009.06.22 06:55:17.781,0.96175,0.9619,21.20,11.80
2009.06.22 06:55:18.021,0.96175,0.9619,22.80,11.80
2009.06.22 06:55:18.201,0.96175,0.9619,25.20,11.80
2009.06.22 06:55:21.370,0.96175,0.9619,22.00,20.00
2009.06.22 06:55:21.671,0.96175,0.96185,3.20,10.80
2009.06.22 06:55:21.901,0.96175,0.9618,1.60,1.60
2009.06.22 06:55:21.960,0.9617,0.9618,14.40,1.60
2009.06.22 06:55:24.120,0.9617,0.9618,3.20,3.20
2009.06.22 06:55:24.340,0.9617,0.9618,3.20,11.20
2009.06.22 06:55:25.190,0.9617,0.9618,3.20,21.20
2009.06.22 06:55:25.360,0.9616,0.9617,12.80,2.20
2009.06.22 06:55:25.520,0.9616,0.9617,3.20,3.20
2009.06.22 06:55:25.859,0.9616,0.9617,3.20,11.80
2009.06.22 06:55:26.899,0.9616,0.9617,11.20,3.80
2009.06.22 06:55:27.299,0.9616,0.9617,3.20,11.80
2009.06.22 06:55:28.099,0.9616,0.9617,3.20,3.80
2009.06.22 06:55:29.568,0.9616,0.9617,11.20,3.80
2009.06.22 06:55:29.919,0.9616,0.9617,3.20,3.80
2009.06.22 06:55:31.188,0.9616,0.9617,3.20,3.20
2009.06.22 06:55:40.156,0.96155,0.96165,15.20,1.20
2009.06.22 06:55:42.165,0.9616,0.96165,1.60,1.20
2009.06.22 06:55:42.285,0.9616,0.9617,3.20,11.20
2009.06.22 06:55:42.575,0.9616,0.9617,3.20,3.20
2009.06.22 06:55:43.705,0.96165,0.96175,1.60,10.00
2009.06.22 06:55:43.995,0.96165,0.96175,1.60,9.20
2009.06.22 06:55:44.695,0.9616,0.96175,27.60,9.20
2009.06.22 06:55:46.114,0.9616,0.96175,29.20,9.20
2009.06.22 06:55:46.394,0.96165,0.96175,1.60,9.20
2009.06.22 06:55:59.331,0.9616,0.9617,3.20,3.20
2009.06.22 06:55:59.621,0.9616,0.9617,3.20,11.20
2009.06.22 06:56:14.808,0.9616,0.9617,3.20,3.20
2009.06.22 06:56:17.487,0.96165,0.9617,1.60,1.80
2009.06.22 06:56:17.667,0.96165,0.96175,1.60,11.00
2009.06.22 06:56:20.166,0.96165,0.96175,1.60,10.80
2009.06.22 06:56:28.624,0.9616,0.96175,12.80,10.80
2009.06.22 06:56:28.674,0.9616,0.9617,12.80,3.20
2009.06.22 06:56:28.854,0.9616,0.9617,11.20,3.20
2009.06.22 06:56:28.974,0.9616,0.9617,3.20,3.20
2009.06.22 06:56:29.714,0.9616,0.9617,16.00,3.20
2009.06.22 06:56:33.543,0.9616,0.96175,24.00,12.60
2009.06.22 06:56:38.822,0.9616,0.96175,24.00,11.20
2009.06.22 06:56:38.882,0.9616,0.96175,24.00,10.00
2009.06.22 06:56:42.331,0.9616,0.96175,27.20,12.60
2009.06.22 06:56:42.801,0.9616,0.96175,24.00,12.60
2009.06.22 06:56:43.141,0.9616,0.96175,12.60,11.80
2009.06.22 06:56:43.301,0.96165,0.96175,1.60,11.80
2009.06.22 06:56:43.471,0.96165,0.96175,1.60,10.80
2009.06.22 06:56:44.034,0.96165,0.96175,1.60,10.60
2009.06.22 06:56:44.331,0.96165,0.96175,1.60,9.20
2009.06.22 06:56:47.140,0.9616,0.96175,6.60,9.20
2009.06.22 06:56:47.320,0.9616,0.9617,5.00,3.20
2009.06.22 06:56:47.550,0.96165,0.96175,1.60,11.80
2009.06.22 06:56:47.780,0.96165,0.96175,3.20,8.00
2009.06.22 06:56:48.790,0.9617,0.9618,2.60,17.80
2009.06.22 06:56:49.070,0.9617,0.9618,12.20,2.60
2009.06.22 06:56:49.359,0.9617,0.9618,17.80,1.00
2009.06.22 06:56:49.649,0.9617,0.9618,16.80,1.00
2009.06.22 06:56:49.999,0.9617,0.9618,22.40,1.00
2009.06.22 06:56:50.329,0.9617,0.96185,24.00,10.00
2009.06.22 06:56:51.019,0.9617,0.96185,24.00,10.60
2009.06.22 06:56:51.919,0.9617,0.96185,25.60,10.60
2009.06.22 06:56:52.099,0.96165,0.96175,13.60,1.20
2009.06.22 06:56:52.149,0.96165,0.96175,12.00,1.20
2009.06.22 06:56:52.320,0.96165,0.96175,2.40,9.20
2009.06.22 06:56:52.709,0.96165,0.96175,4.00,8.00
2009.06.22 06:56:54.238,0.9617,0.96175,3.40,8.00
2009.06.22 06:56:54.578,0.9617,0.9618,3.20,11.80
2009.06.22 06:56:57.187,0.9617,0.9618,14.40,11.80
2009.06.22 06:56:57.417,0.9617,0.9618,16.00,8.00
2009.06.22 06:56:58.257,0.9617,0.9618,12.80,8.00
2009.06.22 06:56:58.997,0.9617,0.96185,20.80,11.20
2009.06.22 06:56:59.177,0.9617,0.96185,22.40,12.60
2009.06.22 06:56:59.347,0.96175,0.96185,1.60,12.60
2009.06.22 06:57:00.886,0.9617,0.96185,22.40,12.60
2009.06.22 06:57:02.406,0.9617,0.96185,25.60,12.60
2009.06.22 06:57:03.706,0.9617,0.96185,22.40,12.60
2009.06.22 06:57:05.355,0.9617,0.9618,14.40,8.00
2009.06.22 06:57:05.695,0.9617,0.9618,12.80,8.00
2009.06.22 06:57:06.555,0.9617,0.9618,17.60,8.00
2009.06.22 06:57:06.796,0.9617,0.9618,16.00,8.00
2009.06.22 06:57:07.845,0.9617,0.9618,14.40,8.00
2009.06.22 06:57:08.755,0.9617,0.9618,17.60,8.00
2009.06.22 06:57:09.035,0.9617,0.9618,14.40,8.00
2009.06.22 06:57:09.325,0.9617,0.9618,17.60,8.00
2009.06.22 06:57:12.144,0.9617,0.9618,14.40,8.00
2009.06.22 06:57:12.304,0.9617,0.96185,22.40,12.60
2009.06.22 06:57:12.854,0.9617,0.96185,22.40,12.80
2009.06.22 06:57:13.023,0.9617,0.9618,17.60,8.00
2009.06.22 06:57:13.304,0.9617,0.9618,16.00,8.00
2009.06.22 06:57:13.543,0.9617,0.9618,17.60,8.00
2009.06.22 06:57:13.884,0.9617,0.9618,12.80,8.00
2009.06.22 06:57:14.513,0.9617,0.9618,16.00,8.00
2009.06.22 06:57:14.983,0.9617,0.9618,12.80,8.00
2009.06.22 06:57:15.213,0.9617,0.96185,12.80,11.60
2009.06.22 06:57:15.263,0.9617,0.96185,16.00,11.60
2009.06.22 06:57:15.443,0.9617,0.96185,16.00,11.80
2009.06.22 06:57:15.733,0.9617,0.96185,24.00,12.20
2009.06.22 06:57:16.073,0.9617,0.96185,25.60,12.20
2009.06.22 06:57:16.413,0.9617,0.9618,16.00,8.00
2009.06.22 06:57:17.153,0.9617,0.9618,12.80,8.00
2009.06.22 06:57:17.842,0.9617,0.9618,16.00,8.00
2009.06.22 06:57:18.982,0.9617,0.9618,14.40,8.00
2009.06.22 06:57:23.761,0.9617,0.9618,11.20,8.00
2009.06.22 06:57:24.651,0.96175,0.9618,10.60,8.00
2009.06.22 06:57:24.881,0.9618,0.9619,6.40,11.80
2009.06.22 06:57:44.626,0.9618,0.9619,7.20,11.80
2009.06.22 06:57:58.373,0.9618,0.9619,8.80,11.80
2009.06.22 06:57:59.172,0.9618,0.96185,11.60,3.20
2009.06.22 06:57:59.332,0.9618,0.96185,1.60,3.20
2009.06.22 06:57:59.443,0.96185,0.9619,1.00,3.80
2009.06.22 06:57:59.662,0.9618,0.9619,2.60,4.80
2009.06.22 06:57:59.883,0.9618,0.9619,14.80,4.40
2009.06.22 06:58:00.002,0.9618,0.9619,3.20,3.20
2009.06.22 06:58:00.172,0.9618,0.9619,11.20,3.20
2009.06.22 06:58:00.392,0.96175,0.9619,22.40,3.20
2009.06.22 06:58:00.742,0.9618,0.9619,3.20,3.20
2009.06.22 06:58:01.092,0.9618,0.9619,11.20,3.20
2009.06.22 06:58:01.442,0.96175,0.9619,22.00,3.20
2009.06.22 06:58:01.682,0.96175,0.9619,16.40,3.20
2009.06.22 06:58:02.432,0.9618,0.9619,3.20,3.20
2009.06.22 06:58:06.371,0.96175,0.9619,16.40,3.20
2009.06.22 06:58:07.970,0.9618,0.9619,3.20,3.20
2009.06.22 06:58:08.431,0.96175,0.9619,16.40,3.20
2009.06.22 06:58:10.570,0.9618,0.9619,3.20,3.20
2009.06.22 06:58:15.959,0.9619,0.96195,3.20,5.80
2009.06.22 06:58:16.198,0.9619,0.962,3.20,11.80
2009.06.22 06:58:17.348,0.9619,0.96195,3.20,1.00
2009.06.22 06:58:17.638,0.96185,0.96195,1.60,2.20
2009.06.22 06:58:17.808,0.96185,0.96195,1.60,10.00
2009.06.22 06:58:18.038,0.9618,0.96195,11.40,10.60
2009.06.22 06:58:20.137,0.9618,0.96195,11.40,10.00
2009.06.22 06:58:21.347,0.9618,0.96195,11.00,10.00
2009.06.22 06:58:21.567,0.9618,0.96195,11.00,11.60
2009.06.22 06:58:21.737,0.9618,0.96195,11.00,10.00
2009.06.22 06:58:21.857,0.9618,0.96195,12.60,10.00
2009.06.22 06:58:22.147,0.9618,0.9619,1.60,3.20
2009.06.22 06:58:22.317,0.96175,0.9619,22.20,3.20
2009.06.22 06:58:22.677,0.96175,0.9619,20.60,3.20
2009.06.22 06:58:27.026,0.9618,0.96195,11.00,11.60
2009.06.22 06:58:27.246,0.9618,0.96195,11.20,11.60
2009.06.22 06:58:27.476,0.9618,0.96195,11.20,10.00
2009.06.22 06:58:27.646,0.9618,0.96195,12.80,11.60
2009.06.22 06:58:29.025,0.9618,0.96195,9.60,11.60
2009.06.22 06:58:29.565,0.9618,0.96195,10.00,11.60
2009.06.22 06:58:29.805,0.9618,0.9619,3.20,3.20
2009.06.22 06:58:30.095,0.96175,0.9619,22.60,3.20
2009.06.22 06:58:30.375,0.96175,0.9619,21.00,3.20
2009.06.22 06:58:30.595,0.9618,0.9619,3.20,3.20
2009.06.22 06:58:32.924,0.96175,0.9619,21.00,3.20
2009.06.22 06:58:33.845,0.9618,0.9619,3.20,3.20
2009.06.22 06:58:34.914,0.96175,0.9619,21.00,3.20
2009.06.22 06:58:37.493,0.9618,0.9619,3.20,3.20
2009.06.22 06:58:37.603,0.9618,0.9619,3.20,11.20
2009.06.22 06:58:37.663,0.9618,0.9619,3.20,3.20
2009.06.22 06:58:38.083,0.9618,0.9619,3.20,11.20
2009.06.22 06:58:38.203,0.96175,0.9619,21.00,3.20
2009.06.22 06:58:38.313,0.96175,0.9619,21.00,11.20
2009.06.22 06:58:38.603,0.96175,0.9619,21.00,3.20
2009.06.22 06:58:38.723,0.96175,0.9619,15.20,3.20
2009.06.22 06:58:40.982,0.96175,0.96185,14.00,3.20
2009.06.22 06:58:41.162,0.9618,0.96185,1.20,3.20
2009.06.22 06:58:41.562,0.9618,0.9619,3.20,12.40
2009.06.22 06:58:41.793,0.9618,0.96195,4.80,10.00
2009.06.22 06:58:42.062,0.9618,0.96195,14.40,10.00
2009.06.22 06:58:42.352,0.9618,0.96195,16.00,10.00
2009.06.22 06:58:46.801,0.9618,0.96195,12.80,10.00
2009.06.22 06:58:47.891,0.9618,0.96195,11.20,10.00
2009.06.22 06:58:52.160,0.9618,0.96195,5.80,10.60
2009.06.22 06:58:52.390,0.9618,0.96195,5.80,11.80
2009.06.22 06:58:52.720,0.9618,0.96195,1.60,12.00
2009.06.22 06:58:52.830,0.96175,0.9619,22.00,11.20
2009.06.22 06:58:53.189,0.96175,0.9619,20.40,11.20
2009.06.22 06:58:54.579,0.9618,0.9619,3.20,11.20
2009.06.22 06:59:01.178,0.9618,0.9619,3.20,11.20
2009.06.22 06:59:01.787,0.96175,0.9619,20.40,11.20
2009.06.22 06:59:05.017,0.9618,0.9619,3.20,11.20
2009.06.22 06:59:07.276,0.96175,0.9619,12.40,11.20
2009.06.22 06:59:07.386,0.9618,0.9619,3.20,11.20
2009.06.22 06:59:07.936,0.96175,0.9619,13.80,11.20
2009.06.22 06:59:08.236,0.9618,0.9619,3.20,11.20
2009.06.22 06:59:08.636,0.96175,0.9619,15.40,11.20
2009.06.22 06:59:09.186,0.9618,0.9619,3.20,11.20
2009.06.22 06:59:09.595,0.96175,0.9619,15.40,11.20
2009.06.22 06:59:09.765,0.9618,0.9619,3.20,11.20
2009.06.22 06:59:11.205,0.96175,0.9619,15.40,11.20
2009.06.22 06:59:11.946,0.9618,0.9619,3.20,11.20
2009.06.22 06:59:13.575,0.96175,0.9619,7.40,11.20
2009.06.22 06:59:13.754,0.96175,0.9619,1.60,11.20
2009.06.22 06:59:13.984,0.9618,0.9619,1.60,11.20
2009.06.22 06:59:14.275,0.9617,0.96185,18.00,1.20
2009.06.22 06:59:14.445,0.96175,0.96185,1.60,2.80
2009.06.22 06:59:14.804,0.96175,0.96185,1.60,10.80
2009.06.22 06:59:15.154,0.9617,0.96185,14.20,11.60
2009.06.22 06:59:15.484,0.9617,0.96185,17.40,11.60
2009.06.22 06:59:15.864,0.9617,0.96185,9.40,11.60
2009.06.22 06:59:16.324,0.9617,0.96185,14.20,11.60
2009.06.22 06:59:16.734,0.9617,0.96185,14.20,11.80
2009.06.22 06:59:17.134,0.9617,0.9618,6.20,8.00
2009.06.22 06:59:17.534,0.9617,0.9618,9.40,8.00
2009.06.22 06:59:18.034,0.9617,0.9618,6.20,8.00
2009.06.22 06:59:18.263,0.9617,0.9618,4.60,8.00
2009.06.22 06:59:18.484,0.9617,0.9618,6.20,8.00
2009.06.22 06:59:19.183,0.9617,0.9618,4.60,8.00
2009.06.22 06:59:19.873,0.9617,0.9618,7.80,8.00
2009.06.22 06:59:20.153,0.9617,0.9618,4.60,8.00
2009.06.22 06:59:20.383,0.9617,0.9618,7.80,8.00
2009.06.22 06:59:20.563,0.9617,0.9618,9.40,8.00
2009.06.22 06:59:20.783,0.9617,0.9618,7.80,8.00
2009.06.22 06:59:20.963,0.96175,0.9618,1.60,8.00
2009.06.22 06:59:33.300,0.9617,0.9618,9.40,8.00
2009.06.22 06:59:34.120,0.9617,0.9618,14.20,8.00
2009.06.22 06:59:34.340,0.9617,0.9618,19.80,3.00
2009.06.22 06:59:34.789,0.9618,0.96185,3.20,2.80
2009.06.22 06:59:35.020,0.9618,0.9619,3.20,11.20
2009.06.22 06:59:35.689,0.9618,0.9619,3.20,3.20
2009.06.22 06:59:36.079,0.9618,0.9619,5.60,3.20
2009.06.22 06:59:36.369,0.96185,0.96195,1.60,9.20
2009.06.22 06:59:36.649,0.9618,0.96195,24.60,8.00
2009.06.22 06:59:37.419,0.9618,0.96195,27.80,8.00
2009.06.22 06:59:37.699,0.9618,0.96195,24.60,9.20
2009.06.22 06:59:37.989,0.9618,0.96195,27.80,9.20
2009.06.22 06:59:38.229,0.96185,0.96195,1.60,9.20
2009.06.22 06:59:38.469,0.9618,0.9619,13.60,3.20
2009.06.22 06:59:38.918,0.9618,0.9619,5.60,3.20
2009.06.22 06:59:39.098,0.9618,0.9619,11.80,3.20
2009.06.22 06:59:39.329,0.9618,0.96195,8.80,9.20
2009.06.22 06:59:39.388,0.9618,0.96195,7.20,9.20
2009.06.22 06:59:39.508,0.9618,0.96195,15.00,9.20
2009.06.22 06:59:40.018,0.9618,0.96195,16.60,9.20
2009.06.22 06:59:40.138,0.9618,0.96195,24.60,9.20
2009.06.22 06:59:40.198,0.9618,0.96195,22.20,10.20
2009.06.22 06:59:40.308,0.9618,0.96195,22.20,10.60
2009.06.22 06:59:41.388,0.9618,0.96195,21.00,10.60
2009.06.22 06:59:41.738,0.96185,0.9619,13.80,1.00
2009.06.22 06:59:41.798,0.96185,0.96195,9.60,2.20
2009.06.22 06:59:41.968,0.96185,0.9619,9.60,1.60
2009.06.22 06:59:42.028,0.96185,0.96195,8.00,2.60
2009.06.22 06:59:42.197,0.9618,0.9619,1.60,3.20
2009.06.22 06:59:42.298,0.96175,0.9619,20.60,3.20
2009.06.22 06:59:42.408,0.96175,0.9619,15.00,3.20
2009.06.22 06:59:43.247,0.9618,0.9619,3.20,3.20
2009.06.22 06:59:43.597,0.96185,0.962,13.80,11.20
2009.06.22 06:59:44.127,0.9619,0.962,3.20,11.20
2009.06.22 06:59:48.226,0.96185,0.962,7.00,11.20
2009.06.22 06:59:48.456,0.96185,0.962,14.80,11.20
2009.06.22 06:59:50.495,0.96185,0.962,6.80,11.20
2009.06.22 06:59:51.625,0.96185,0.962,14.80,11.20
2009.06.22 06:59:56.134,0.9619,0.962,3.20,11.20
2009.06.22 06:59:56.364,0.96195,0.962,1.60,8.00
2009.06.22 06:59:56.594,0.96195,0.962,1.00,1.00
2009.06.22 06:59:56.754,0.9619,0.962,14.80,1.00
2009.06.22 06:59:56.935,0.96195,0.962,1.00,1.00
2009.06.22 06:59:57.114,0.9619,0.962,13.20,1.00
2009.06.22 06:59:57.294,0.9619,0.962,13.40,1.00
2009.06.22 06:59:57.994,0.9619,0.962,11.80,1.00
2009.06.22 06:59:58.224,0.9619,0.962,12.40,1.00
2009.06.22 06:59:58.494,0.96195,0.962,1.60,1.00
2009.06.22 06:59:58.784,0.96195,0.962,2.60,3.20
2009.06.22 06:59:59.124,0.9619,0.962,10.40,3.20
2009.06.22 06:59:59.303,0.9619,0.962,9.00,3.20
