2013.04.29 03:00:06.715,0.97463,0.97471,1.50,1.13
2013.04.29 03:00:07.075,0.97461,0.97469,5.40,1.65
2013.04.29 03:00:07.614,0.97461,0.97469,4.65,1.65
2013.04.29 03:00:22.995,0.97461,0.9747,6.90,1.50
2013.04.29 03:00:23.555,0.97463,0.9747,1.88,1.13
2013.04.29 03:00:43.301,0.97465,0.97472,5.11,1.50
2013.04.29 03:00:43.605,0.9747,0.97478,4.50,1.13
2013.04.29 03:00:44.405,0.97476,0.97481,3.75,1.50
2013.04.29 03:00:44.717,0.97478,0.97485,2.25,1.13
2013.04.29 03:00:45.685,0.97476,0.97485,2.78,1.88
2013.04.29 03:00:45.985,0.97476,0.97484,1.88,1.13
2013.04.29 03:00:46.226,0.97475,0.97483,2.25,1.88
2013.04.29 03:00:55.646,0.97475,0.97485,2.25,4.50
2013.04.29 03:00:56.005,0.97478,0.97485,1.73,1.13
2013.04.29 03:00:56.254,0.97481,0.97489,1.65,2.03
2013.04.29 03:00:56.436,0.97483,0.97489,1.88,1.50
2013.04.29 03:00:56.496,0.97483,0.97491,1.88,2.63
2013.04.29 03:01:01.127,0.97483,0.97491,1.88,1.50
2013.04.29 03:01:01.746,0.97485,0.97492,1.88,1.13
2013.04.29 03:01:02.104,0.97486,0.97494,3.90,1.28
2013.04.29 03:01:02.477,0.97488,0.97495,1.88,1.13
2013.04.29 03:01:02.835,0.9749,0.97498,1.50,3.00
2013.04.29 03:01:03.995,0.97494,0.975,2.25,3.23
2013.04.29 03:01:04.355,0.97496,0.97503,3.00,3.38
2013.04.29 03:01:04.655,0.97496,0.97501,2.25,1.13
2013.04.29 03:01:04.775,0.97498,0.97505,3.00,2.25
2013.04.29 03:01:04.834,0.97498,0.97505,3.00,2.63
2013.04.29 03:01:05.015,0.97502,0.97506,2.25,1.50
2013.04.29 03:01:05.415,0.97505,0.97509,2.25,1.65
2013.04.29 03:01:05.954,0.97505,0.9751,2.25,1.50
2013.04.29 03:01:06.074,0.97503,0.9751,3.75,1.50
2013.04.29 03:01:06.614,0.97503,0.9751,1.50,1.50
2013.04.29 03:01:11.584,0.97502,0.9751,2.25,1.50
2013.04.29 03:01:14.285,0.97508,0.97513,1.13,3.75
2013.04.29 03:01:14.405,0.97509,0.97516,1.50,1.28
2013.04.29 03:01:14.536,0.97509,0.97518,1.50,3.75
2013.04.29 03:01:14.836,0.97511,0.97519,1.50,3.00
2013.04.29 03:01:21.844,0.97511,0.97523,4.50,2.25
2013.04.29 03:01:28.085,0.97511,0.97519,3.00,1.50
2013.04.29 03:01:31.777,0.97511,0.97519,2.63,2.25
2013.04.29 03:01:40.098,0.97511,0.97519,3.53,1.65
2013.04.29 03:01:40.644,0.97511,0.97519,4.28,1.65
2013.04.29 03:01:41.374,0.97512,0.97519,1.13,3.90
2013.04.29 03:01:42.905,0.9751,0.97517,2.25,1.65
2013.04.29 03:01:42.965,0.97509,0.97515,2.25,1.13
2013.04.29 03:01:43.025,0.97508,0.97515,2.25,1.88
2013.04.29 03:01:43.085,0.97508,0.97514,2.25,4.13
2013.04.29 03:01:43.324,0.97503,0.9751,1.28,1.50
2013.04.29 03:01:44.714,0.97503,0.9751,1.28,1.50
2013.04.29 03:01:45.076,0.975,0.97508,6.00,1.50
2013.04.29 03:01:45.135,0.975,0.97508,5.25,3.00
2013.04.29 03:01:46.455,0.975,0.97508,3.00,3.00
2013.04.29 03:01:46.905,0.975,0.97508,3.00,3.75
2013.04.29 03:01:47.545,0.975,0.97508,3.75,1.50
2013.04.29 03:01:48.355,0.97501,0.9751,1.65,4.13
2013.04.29 03:01:48.415,0.97502,0.9751,1.13,3.75
2013.04.29 03:01:48.535,0.97502,0.97511,1.88,1.50
2013.04.29 03:01:51.696,0.97502,0.9751,1.13,3.00
2013.04.29 03:01:51.815,0.97501,0.9751,1.65,4.13
2013.04.29 03:01:51.995,0.975,0.97508,2.25,3.75
2013.04.29 03:01:53.354,0.975,0.97508,3.00,3.00
2013.04.29 03:01:53.905,0.97501,0.97508,1.28,3.00
2013.04.29 03:01:54.525,0.975,0.97508,3.00,3.75
2013.04.29 03:01:55.154,0.975,0.97508,3.00,3.00
2013.04.29 03:01:55.635,0.97501,0.97508,1.28,2.25
2013.04.29 03:01:55.694,0.97501,0.97509,2.03,2.40
2013.04.29 03:01:55.754,0.97501,0.97509,1.28,3.90
2013.04.29 03:01:57.135,0.97501,0.97509,1.50,3.75
2013.04.29 03:01:57.475,0.97501,0.97509,1.28,3.90
2013.04.29 03:01:59.055,0.97501,0.97509,1.50,3.75
2013.04.29 03:01:59.475,0.97501,0.97509,1.28,3.90
2013.04.29 03:02:00.895,0.97501,0.97509,2.25,3.75
2013.04.29 03:02:01.315,0.97501,0.97509,2.03,3.90
2013.04.29 03:02:02.754,0.97501,0.97509,2.03,3.15
2013.04.29 03:02:02.815,0.97502,0.9751,1.13,2.25
2013.04.29 03:02:03.455,0.97501,0.9751,2.03,1.88
2013.04.29 03:02:03.575,0.97501,0.97509,1.28,3.15
2013.04.29 03:02:04.895,0.97502,0.97509,1.13,3.00
2013.04.29 03:02:05.135,0.97502,0.9751,1.13,1.50
2013.04.29 03:02:14.935,0.97503,0.97511,2.25,1.65
2013.04.29 03:02:15.056,0.97505,0.97512,1.88,1.50
2013.04.29 03:02:15.115,0.97506,0.97514,1.65,2.22
2013.04.29 03:02:23.566,0.97509,0.97517,1.65,3.75
2013.04.29 03:02:23.875,0.9751,0.97519,4.13,1.28
2013.04.29 03:02:24.665,0.97511,0.97519,1.65,1.28
2013.04.29 03:02:25.216,0.9751,0.97519,4.88,1.28
2013.04.29 03:02:26.996,0.97513,0.97519,1.13,1.28
2013.04.29 03:02:27.355,0.97516,0.97524,3.15,2.40
2013.04.29 03:02:27.535,0.97516,0.97524,2.40,1.65
2013.04.29 03:02:27.715,0.97515,0.97524,3.38,2.40
2013.04.29 03:02:27.776,0.97516,0.97524,1.13,2.25
2013.04.29 03:02:28.315,0.97516,0.97524,4.88,1.50
2013.04.29 03:02:30.114,0.97518,0.97526,1.13,2.25
2013.04.29 03:02:30.925,0.97518,0.97525,2.25,1.50
2013.04.29 03:02:31.045,0.97519,0.97527,1.88,1.50
2013.04.29 03:02:31.167,0.97519,0.97526,1.65,1.50
2013.04.29 03:02:31.705,0.9752,0.97528,2.63,1.88
2013.04.29 03:02:31.885,0.9752,0.97528,2.63,1.88
2013.04.29 03:02:32.245,0.97519,0.97526,1.28,2.25
2013.04.29 03:02:32.546,0.97514,0.97522,2.40,1.65
2013.04.29 03:02:32.605,0.97514,0.97522,1.65,1.65
2013.04.29 03:02:40.346,0.97512,0.9752,2.48,2.25
2013.04.29 03:02:40.586,0.9751,0.97516,2.25,1.50
2013.04.29 03:02:40.881,0.97506,0.97511,1.28,1.50
2013.04.29 03:02:40.952,0.97504,0.97509,1.50,1.65
2013.04.29 03:02:41.495,0.97502,0.97509,1.50,1.65
2013.04.29 03:02:46.466,0.97504,0.9751,1.13,3.75
2013.04.29 03:02:46.525,0.97504,0.97511,2.63,1.65
2013.04.29 03:02:46.826,0.97509,0.97516,1.50,1.13
2013.04.29 03:02:46.886,0.97509,0.97517,1.65,2.25
2013.04.29 03:02:46.947,0.97509,0.97517,2.40,1.50
2013.04.29 03:02:47.006,0.9751,0.97517,1.88,1.35
2013.04.29 03:02:47.186,0.97515,0.9752,1.50,1.73
2013.04.29 03:02:47.365,0.97516,0.9752,1.69,2.48
2013.04.29 03:02:47.616,0.97514,0.97521,3.75,1.88
2013.04.29 03:02:47.674,0.97514,0.97521,3.90,1.50
2013.04.29 03:02:48.155,0.97515,0.97523,2.25,2.63
2013.04.29 03:02:48.586,0.97513,0.97521,2.63,3.00
2013.04.29 03:02:48.646,0.97513,0.9752,1.50,1.13
2013.04.29 03:02:48.766,0.97516,0.97523,1.50,1.13
2013.04.29 03:02:48.886,0.97518,0.97525,1.13,1.88
2013.04.29 03:02:50.855,0.97518,0.97525,1.88,1.13
2013.04.29 03:02:53.684,0.97516,0.97525,2.40,2.63
2013.04.29 03:02:55.996,0.97514,0.97524,5.10,3.35
2013.04.29 03:02:56.175,0.97514,0.97519,2.03,2.85
2013.04.29 03:02:56.357,0.9751,0.97517,3.00,1.13
2013.04.29 03:02:56.475,0.97509,0.97516,1.65,1.50
2013.04.29 03:02:57.995,0.97508,0.97516,2.40,3.75
2013.04.29 03:03:12.244,0.97508,0.97516,1.88,3.90
2013.04.29 03:03:14.545,0.97508,0.97516,3.00,1.65
2013.04.29 03:03:23.795,0.97508,0.97516,3.00,1.50
2013.04.29 03:03:24.160,0.97509,0.97517,1.88,1.65
2013.04.29 03:03:24.226,0.9751,0.97518,2.25,1.88
2013.04.29 03:03:24.285,0.97512,0.9752,1.50,2.25
2013.04.29 03:03:24.346,0.97512,0.9752,1.13,1.50
2013.04.29 03:03:24.845,0.97516,0.97522,3.15,1.69
2013.04.29 03:03:24.915,0.97518,0.97524,1.50,1.65
2013.04.29 03:03:38.333,0.97517,0.97525,2.63,1.88
2013.04.29 03:03:45.073,0.97517,0.97525,2.63,2.63
2013.04.29 03:03:55.586,0.97517,0.97525,3.00,1.73
2013.04.29 03:03:55.946,0.97525,0.97532,1.50,1.13
2013.04.29 03:03:56.005,0.97526,0.97533,1.65,3.75
2013.04.29 03:03:56.127,0.97529,0.97535,2.48,1.50
2013.04.29 03:03:56.308,0.97529,0.97537,3.60,2.25
2013.04.29 03:03:56.925,0.97526,0.97534,2.78,1.65
2013.04.29 03:03:57.000,0.97526,0.97534,1.65,1.65
2013.04.29 03:03:57.549,0.97524,0.97532,1.88,2.25
2013.04.29 03:03:58.050,0.97523,0.97532,1.73,2.25
2013.04.29 03:03:59.355,0.97524,0.97532,1.13,2.25
2013.04.29 03:03:59.477,0.97522,0.9753,6.00,1.13
2013.04.29 03:03:59.655,0.9752,0.97528,3.00,1.13
2013.04.29 03:03:59.836,0.97519,0.97528,2.03,1.88
2013.04.29 03:04:08.326,0.97518,0.97526,3.38,1.50
2013.04.29 03:04:08.937,0.97518,0.97526,2.63,1.50
2013.04.29 03:04:09.945,0.97518,0.97526,2.63,1.50
2013.04.29 03:04:14.755,0.97518,0.97526,1.88,1.50
2013.04.29 03:04:15.116,0.97518,0.97525,1.50,1.13
2013.04.29 03:04:15.295,0.97516,0.97523,1.50,1.88
2013.04.29 03:04:15.357,0.97514,0.97523,4.28,4.88
2013.04.29 03:04:15.476,0.97512,0.97519,2.25,1.65
2013.04.29 03:04:15.535,0.9751,0.97518,4.50,1.50
2013.04.29 03:04:15.656,0.9751,0.97518,1.88,1.50
2013.04.29 03:04:15.837,0.97506,0.97515,2.03,2.10
2013.04.29 03:04:16.156,0.97508,0.97517,3.90,2.07
2013.04.29 03:04:16.696,0.9751,0.97518,1.88,1.50
2013.04.29 03:04:23.665,0.97512,0.9752,1.88,2.63
2013.04.29 03:04:23.966,0.97517,0.97523,1.50,1.13
2013.04.29 03:04:24.205,0.97517,0.97525,1.50,1.13
2013.04.29 03:04:24.805,0.97518,0.97526,1.50,1.88
2013.04.29 03:04:27.315,0.97518,0.97526,1.50,2.63
2013.04.29 03:04:32.486,0.97518,0.97526,2.63,2.63
2013.04.29 03:04:32.606,0.9752,0.97527,1.13,1.13
2013.04.29 03:04:32.726,0.9752,0.97528,2.25,1.50
2013.04.29 03:04:36.165,0.97521,0.97529,1.13,1.50
2013.04.29 03:04:36.525,0.97523,0.9753,1.13,1.50
2013.04.29 03:04:57.849,0.97523,0.97531,2.63,2.63
2013.04.29 03:04:58.395,0.97523,0.97531,1.88,4.88
2013.04.29 03:05:00.325,0.97523,0.97531,1.88,3.38
2013.04.29 03:05:01.295,0.97523,0.97531,2.63,2.25
2013.04.29 03:05:01.836,0.97523,0.97531,1.88,2.25
2013.04.29 03:05:09.506,0.97524,0.97532,1.65,2.03
2013.04.29 03:05:09.986,0.97526,0.97533,1.88,1.13
2013.04.29 03:05:10.536,0.97527,0.97534,1.13,1.88
2013.04.29 03:05:11.085,0.97528,0.97535,1.13,1.50
2013.04.29 03:05:18.775,0.97528,0.97537,1.88,3.53
2013.04.29 03:05:18.957,0.97529,0.97537,1.65,2.03
2013.04.29 03:05:19.135,0.9753,0.97537,1.13,1.50
2013.04.29 03:05:19.676,0.97531,0.97539,2.40,2.40
2013.04.29 03:05:22.374,0.97531,0.97539,2.40,1.65
2013.04.29 03:05:23.675,0.97532,0.9754,1.50,2.25
2013.04.29 03:05:23.976,0.97537,0.97542,1.50,1.88
2013.04.29 03:05:24.335,0.9754,0.9755,1.88,4.50
2013.04.29 03:05:24.875,0.97541,0.97548,1.65,1.50
2013.04.29 03:05:25.435,0.97542,0.9755,1.50,2.25
2013.04.29 03:05:25.975,0.97541,0.97549,1.65,2.59
2013.04.29 03:05:27.485,0.97542,0.97549,2.25,1.65
2013.04.29 03:05:28.595,0.97542,0.97549,1.50,1.65
2013.04.29 03:05:28.786,0.9754,0.97548,2.25,1.88
2013.04.29 03:05:29.325,0.9754,0.97548,2.25,1.88
2013.04.29 03:05:29.875,0.97541,0.97548,1.50,1.13
2013.04.29 03:05:30.235,0.9754,0.97548,1.50,1.88
2013.04.29 03:05:30.355,0.9754,0.97548,1.50,2.63
2013.04.29 03:05:30.474,0.9754,0.97548,1.50,1.88
2013.04.29 03:05:30.535,0.97541,0.97549,3.15,2.40
2013.04.29 03:05:31.065,0.97542,0.97549,1.50,1.65
2013.04.29 03:05:32.416,0.97541,0.97549,3.15,1.65
2013.04.29 03:05:32.535,0.97541,0.97549,1.65,2.40
2013.04.29 03:05:32.665,0.97541,0.97549,3.15,1.65
2013.04.29 03:05:35.305,0.97541,0.97549,4.65,1.65
2013.04.29 03:05:36.636,0.97543,0.9755,1.50,1.88
2013.04.29 03:05:36.996,0.97546,0.97551,2.25,1.88
2013.04.29 03:05:37.356,0.97549,0.97556,1.13,1.13
2013.04.29 03:05:37.417,0.9755,0.97557,1.88,2.25
2013.04.29 03:05:37.955,0.97552,0.97557,1.50,2.25
2013.04.29 03:05:38.255,0.97551,0.97559,2.40,1.65
2013.04.29 03:05:38.435,0.97551,0.97557,2.40,1.50
2013.04.29 03:05:38.675,0.97551,0.97559,1.65,1.65
2013.04.29 03:05:39.217,0.9755,0.97556,1.50,1.50
2013.04.29 03:05:39.275,0.97549,0.97556,1.65,2.25
2013.04.29 03:05:39.576,0.97547,0.97555,1.50,1.88
2013.04.29 03:05:39.935,0.97547,0.97555,3.75,1.13
2013.04.29 03:05:40.236,0.97549,0.97556,1.65,1.13
2013.04.29 03:05:40.295,0.97549,0.97556,3.90,1.13
2013.04.29 03:05:40.596,0.97551,0.97559,3.90,2.03
2013.04.29 03:05:42.595,0.9755,0.97558,2.63,1.88
2013.04.29 03:05:42.717,0.97549,0.97555,3.00,1.13
2013.04.29 03:05:42.835,0.97548,0.97554,2.25,2.63
2013.04.29 03:05:42.896,0.97546,0.97554,4.50,3.75
2013.04.29 03:05:43.015,0.97546,0.97553,1.65,1.51
2013.04.29 03:05:43.135,0.97545,0.97553,2.07,2.63
2013.04.29 03:05:43.436,0.97546,0.97553,3.75,2.25
2013.04.29 03:05:43.675,0.97547,0.97554,3.75,1.65
2013.04.29 03:05:44.216,0.97547,0.97555,3.75,1.88
2013.04.29 03:05:45.925,0.97548,0.97555,1.13,1.50
2013.04.29 03:05:46.475,0.97548,0.97555,1.88,1.88
2013.04.29 03:05:47.015,0.97548,0.97557,1.50,4.65
2013.04.29 03:05:48.725,0.97549,0.97557,1.65,2.40
2013.04.29 03:05:50.259,0.97549,0.97557,2.63,1.50
2013.04.29 03:05:50.566,0.97548,0.97554,1.50,2.85
2013.04.29 03:05:50.685,0.97546,0.97554,2.40,2.78
2013.04.29 03:05:50.806,0.97544,0.9755,2.25,1.13
2013.04.29 03:05:50.866,0.97542,0.9755,2.63,1.88
2013.04.29 03:05:51.225,0.97542,0.9755,4.88,1.13
2013.04.29 03:05:55.095,0.97544,0.9755,1.50,2.63
2013.04.29 03:05:55.456,0.97536,0.97543,3.15,2.26
2013.04.29 03:05:55.575,0.97533,0.97543,4.50,3.39
2013.04.29 03:05:55.696,0.97534,0.9754,1.50,1.13
2013.04.29 03:05:55.756,0.97531,0.97539,1.84,1.65
2013.04.29 03:05:56.295,0.97531,0.97539,1.65,1.65
2013.04.29 03:05:58.915,0.97532,0.9754,3.15,2.03
2013.04.29 03:05:59.257,0.97535,0.97544,3.23,3.01
2013.04.29 03:05:59.315,0.97536,0.97544,1.73,3.76
2013.04.29 03:05:59.496,0.97542,0.97548,1.65,1.88
2013.04.29 03:05:59.556,0.97542,0.97549,1.65,1.13
2013.04.29 03:05:59.795,0.97543,0.97551,1.50,2.63
2013.04.29 03:06:02.225,0.97543,0.97551,2.25,1.13
2013.04.29 03:06:03.795,0.97543,0.97549,1.50,1.50
2013.04.29 03:06:04.036,0.97541,0.97548,1.88,3.75
2013.04.29 03:06:04.215,0.97541,0.97548,2.63,1.50
2013.04.29 03:06:04.755,0.97542,0.9755,1.65,2.03
2013.04.29 03:06:07.900,0.97541,0.9755,1.88,2.78
2013.04.29 03:06:08.445,0.9754,0.97549,4.28,1.88
2013.04.29 03:06:08.566,0.9754,0.97545,1.50,3.15
2013.04.29 03:06:08.874,0.97536,0.97543,3.75,2.25
2013.04.29 03:06:08.945,0.97532,0.9754,2.40,1.65
2013.04.29 03:06:09.125,0.97532,0.9754,2.63,1.50
2013.04.29 03:06:09.665,0.97536,0.97543,1.13,1.13
2013.04.29 03:06:09.726,0.97536,0.97543,1.13,1.88
2013.04.29 03:06:09.965,0.97538,0.97545,2.25,3.90
2013.04.29 03:06:10.266,0.9754,0.97547,3.15,2.07
2013.04.29 03:06:10.326,0.97541,0.97548,1.88,2.25
2013.04.29 03:06:10.386,0.97544,0.9755,2.25,1.65
2013.04.29 03:06:10.925,0.97544,0.9755,3.00,2.40
2013.04.29 03:06:11.435,0.97544,0.9755,1.50,2.40
2013.04.29 03:06:19.686,0.97543,0.97553,1.73,1.70
2013.04.29 03:06:19.925,0.97547,0.97553,2.48,1.70
2013.04.29 03:06:20.047,0.9755,0.97555,1.73,1.13
2013.04.29 03:06:20.105,0.9755,0.97559,1.73,3.00
2013.04.29 03:06:20.165,0.97551,0.97559,2.48,1.13
2013.04.29 03:06:20.706,0.97551,0.97559,2.48,1.13
2013.04.29 03:06:25.434,0.97551,0.97559,2.48,1.50
2013.04.29 03:06:32.065,0.97549,0.97554,3.00,1.88
2013.04.29 03:06:32.192,0.97548,0.97554,1.50,4.13
2013.04.29 03:06:32.318,0.97545,0.97553,2.40,2.78
2013.04.29 03:06:32.386,0.97543,0.97549,1.50,2.25
2013.04.29 03:06:32.565,0.97543,0.9755,1.50,1.65
2013.04.29 03:06:32.746,0.97544,0.97552,4.88,1.69
2013.04.29 03:06:33.105,0.97551,0.97558,1.13,1.88
2013.04.29 03:06:36.005,0.9755,0.97557,1.13,1.88
2013.04.29 03:06:36.066,0.97548,0.97556,3.00,1.13
2013.04.29 03:06:36.618,0.97548,0.97556,2.25,1.88
2013.04.29 03:06:37.995,0.97548,0.97556,2.25,2.63
2013.04.29 03:06:38.637,0.97548,0.97556,1.50,4.13
2013.04.29 03:06:59.976,0.97547,0.97553,1.13,1.13
2013.04.29 03:07:00.346,0.97546,0.97552,1.65,1.13
2013.04.29 03:07:00.706,0.97543,0.9755,2.48,1.13
2013.04.29 03:07:00.886,0.97543,0.97549,1.50,3.53
2013.04.29 03:07:01.007,0.97542,0.97546,1.50,1.13
2013.04.29 03:07:01.545,0.97539,0.97546,1.13,1.88
2013.04.29 03:07:01.606,0.97537,0.97546,3.00,2.03
2013.04.29 03:07:01.666,0.97537,0.97544,2.25,1.88
2013.04.29 03:07:01.727,0.97535,0.97543,1.65,1.13
2013.04.29 03:07:01.849,0.97534,0.97542,4.13,1.13
2013.04.29 03:07:02.476,0.97533,0.97541,1.13,1.88
2013.04.29 03:07:02.602,0.97532,0.97541,1.88,2.63
2013.04.29 03:07:02.727,0.97531,0.9754,1.80,1.88
2013.04.29 03:07:02.847,0.9753,0.97538,1.88,4.13
2013.04.29 03:07:02.966,0.97529,0.97537,2.40,1.65
2013.04.29 03:07:03.086,0.97529,0.97536,2.40,3.75
2013.04.29 03:07:03.445,0.97527,0.97534,2.10,3.00
2013.04.29 03:07:04.256,0.97527,0.97535,2.25,1.50
2013.04.29 03:07:04.615,0.97528,0.97536,2.63,2.25
2013.04.29 03:07:08.529,0.97528,0.97536,2.63,1.50
2013.04.29 03:07:12.205,0.97528,0.97536,1.88,1.88
2013.04.29 03:07:13.746,0.97528,0.97536,1.88,1.50
2013.04.29 03:07:14.286,0.9753,0.97537,1.50,1.09
2013.04.29 03:07:15.116,0.97529,0.97536,1.65,1.50
2013.04.29 03:07:15.176,0.97528,0.97536,1.50,1.88
2013.04.29 03:07:15.477,0.97524,0.97532,1.65,2.03
2013.04.29 03:07:16.276,0.97526,0.97533,1.65,1.13
2013.04.29 03:07:16.457,0.97529,0.97536,2.40,2.25
2013.04.29 03:07:16.944,0.97531,0.97536,3.00,1.50
2013.04.29 03:07:17.010,0.97533,0.97539,3.38,1.13
2013.04.29 03:07:17.745,0.97533,0.97539,2.63,1.13
2013.04.29 03:07:18.657,0.97532,0.97538,1.50,1.13
2013.04.29 03:07:18.836,0.97531,0.97538,1.50,3.75
2013.04.29 03:07:19.075,0.9753,0.97537,1.88,2.07
2013.04.29 03:07:19.621,0.97531,0.97538,1.65,1.13
2013.04.29 03:07:20.300,0.97531,0.97539,1.65,1.28
2013.04.29 03:07:34.296,0.97532,0.9754,1.50,3.00
2013.04.29 03:07:39.642,0.9753,0.97538,2.63,1.13
2013.04.29 03:07:50.657,0.9753,0.97538,2.25,2.63
2013.04.29 03:07:51.196,0.9753,0.97536,1.50,1.13
2013.04.29 03:08:01.826,0.9753,0.97538,2.25,3.38
2013.04.29 03:08:10.297,0.9753,0.97538,2.63,2.25
2013.04.29 03:08:17.975,0.9753,0.97538,2.25,2.63
2013.04.29 03:08:18.675,0.9753,0.97537,1.50,1.65
2013.04.29 03:08:25.106,0.97528,0.97535,2.44,1.13
2013.04.29 03:08:25.225,0.97526,0.97533,1.28,2.25
2013.04.29 03:08:25.286,0.97525,0.97532,2.44,3.15
2013.04.29 03:08:25.406,0.97524,0.97531,2.40,1.50
2013.04.29 03:08:25.466,0.97517,0.97526,1.88,5.25
2013.04.29 03:08:25.767,0.97514,0.9752,1.13,2.25
2013.04.29 03:08:25.887,0.97512,0.97517,1.50,1.13
2013.04.29 03:08:25.947,0.97508,0.97517,2.40,2.63
2013.04.29 03:08:26.485,0.97509,0.97517,3.90,1.13
2013.04.29 03:08:26.785,0.97511,0.97519,1.65,1.28
2013.04.29 03:08:26.846,0.97512,0.97519,1.13,1.13
2013.04.29 03:08:27.400,0.97513,0.9752,1.50,1.50
2013.04.29 03:08:28.084,0.97511,0.97519,1.65,2.03
2013.04.29 03:08:28.626,0.9751,0.97519,2.63,2.03
2013.04.29 03:08:29.729,0.97511,0.97519,1.65,2.03
2013.04.29 03:08:32.115,0.97511,0.9752,1.65,2.25
2013.04.29 03:08:32.237,0.97512,0.9752,1.13,1.88
2013.04.29 03:08:32.786,0.97513,0.97521,1.88,3.38
2013.04.29 03:08:34.836,0.97513,0.97519,1.88,2.25
2013.04.29 03:08:35.197,0.97509,0.97517,1.84,1.13
2013.04.29 03:08:35.736,0.9751,0.97518,1.50,2.25
2013.04.29 03:08:36.756,0.97509,0.97517,2.40,1.13
2013.04.29 03:08:43.900,0.97509,0.97517,2.40,1.50
2013.04.29 03:08:44.086,0.97507,0.97515,2.40,2.78
2013.04.29 03:08:44.266,0.97505,0.97512,1.28,1.88
2013.04.29 03:08:44.453,0.97502,0.97511,1.65,1.88
2013.04.29 03:08:44.523,0.97502,0.97509,1.65,1.13
2013.04.29 03:08:45.807,0.97499,0.97505,1.88,3.00
2013.04.29 03:08:45.866,0.97498,0.97505,3.94,3.38
2013.04.29 03:08:46.057,0.97489,0.97499,3.00,6.75
2013.04.29 03:08:46.116,0.97491,0.97499,4.73,11.25
2013.04.29 03:08:46.177,0.97487,0.97494,1.13,4.50
2013.04.29 03:08:46.237,0.9748,0.97491,3.38,2.25
2013.04.29 03:08:46.300,0.97484,0.97494,1.13,4.35
2013.04.29 03:08:46.371,0.97479,0.97488,3.00,1.50
2013.04.29 03:08:46.616,0.9748,0.97488,2.25,1.50
2013.04.29 03:08:47.166,0.97481,0.97489,2.25,1.50
2013.04.29 03:08:47.467,0.97485,0.97493,1.50,3.38
2013.04.29 03:08:47.526,0.97485,0.97493,2.25,1.13
2013.04.29 03:08:47.828,0.97486,0.97494,1.50,1.88
2013.04.29 03:08:48.368,0.97486,0.97494,1.50,1.88
2013.04.29 03:08:48.917,0.97488,0.97494,1.50,1.13
2013.04.29 03:08:49.397,0.97487,0.97496,1.50,1.50
2013.04.29 03:08:50.807,0.97488,0.97496,1.50,1.50
2013.04.29 03:08:51.106,0.9749,0.97498,1.50,1.13
2013.04.29 03:08:51.626,0.9749,0.97499,1.50,2.63
2013.04.29 03:08:52.856,0.97491,0.97499,3.00,1.13
2013.04.29 03:08:52.917,0.97491,0.975,3.00,1.13
2013.04.29 03:08:54.489,0.97493,0.97501,1.50,2.25
2013.04.29 03:08:54.796,0.97497,0.97505,1.88,1.88
2013.04.29 03:08:55.335,0.97496,0.97504,1.65,2.40
2013.04.29 03:08:55.907,0.97495,0.97504,2.63,2.40
2013.04.29 03:08:56.838,0.97495,0.97503,3.75,1.13
2013.04.29 03:09:03.176,0.97498,0.97505,1.13,3.38
2013.04.29 03:09:03.296,0.97499,0.97507,1.65,1.28
2013.04.29 03:09:03.477,0.975,0.97507,1.73,1.13
2013.04.29 03:09:03.536,0.97503,0.9751,2.40,4.50
2013.04.29 03:09:03.596,0.97504,0.97512,1.32,2.25
2013.04.29 03:09:03.657,0.97505,0.97514,2.25,3.90
2013.04.29 03:09:03.716,0.97506,0.97515,1.65,3.75
2013.04.29 03:09:03.836,0.97507,0.97514,1.50,1.13
2013.04.29 03:09:03.955,0.97507,0.97515,1.50,3.00
2013.04.29 03:09:05.196,0.97507,0.97515,2.25,1.50
2013.04.29 03:09:08.536,0.97506,0.97515,3.90,1.50
2013.04.29 03:09:08.596,0.97505,0.97513,4.13,1.50
2013.04.29 03:09:23.117,0.97505,0.97513,3.38,3.00
2013.04.29 03:09:23.177,0.97505,0.97512,2.63,3.00
2013.04.29 03:09:25.166,0.97505,0.97512,3.38,1.50
2013.04.29 03:09:29.646,0.97505,0.97513,3.75,1.50
2013.04.29 03:09:29.827,0.97508,0.97516,2.63,1.65
2013.04.29 03:09:30.386,0.9751,0.97518,1.50,1.50
2013.04.29 03:09:41.197,0.97509,0.97517,1.88,3.15
2013.04.29 03:09:41.791,0.97509,0.97517,1.88,3.15
2013.04.29 03:09:57.641,0.9751,0.97517,1.50,3.38
2013.04.29 03:09:59.746,0.97508,0.97514,1.28,2.25
2013.04.29 03:09:59.867,0.97507,0.97513,1.50,1.13
2013.04.29 03:10:00.166,0.97502,0.9751,2.25,4.13
2013.04.29 03:10:00.286,0.97502,0.97508,1.50,3.00
2013.04.29 03:10:00.826,0.97502,0.97508,1.50,1.50
2013.04.29 03:10:02.029,0.97501,0.97508,1.50,1.13
2013.04.29 03:10:02.277,0.97499,0.97507,2.25,4.13
2013.04.29 03:10:02.580,0.97494,0.97501,2.63,1.13
2013.04.29 03:10:02.887,0.97491,0.97498,1.50,1.13
2013.04.29 03:10:03.247,0.97492,0.97499,1.88,1.50
2013.04.29 03:10:03.307,0.97493,0.97501,1.88,2.25
2013.04.29 03:10:03.616,0.97494,0.97502,1.65,2.40
2013.04.29 03:10:04.156,0.97495,0.97503,1.50,1.13
2013.04.29 03:10:04.396,0.97497,0.97505,1.50,3.38
2013.04.29 03:10:04.946,0.97498,0.97506,2.63,1.50
2013.04.29 03:10:05.757,0.97499,0.97506,1.50,1.50
2013.04.29 03:10:06.986,0.97499,0.97507,1.65,3.15
2013.04.29 03:10:07.527,0.975,0.97508,2.25,1.88
2013.04.29 03:10:12.396,0.975,0.97508,1.88,1.88
2013.04.29 03:10:12.756,0.97497,0.97504,1.50,1.65
2013.04.29 03:10:13.258,0.97496,0.97504,1.28,1.65
2013.04.29 03:10:13.506,0.97496,0.97504,2.03,1.65
2013.04.29 03:10:19.366,0.97495,0.97502,1.50,1.50
2013.04.29 03:10:19.887,0.97494,0.97502,3.53,1.65
2013.04.29 03:10:20.579,0.97494,0.97502,1.65,1.65
2013.04.29 03:10:21.136,0.97493,0.97502,2.25,1.65
2013.04.29 03:10:21.668,0.97493,0.97502,3.00,1.65
2013.04.29 03:10:34.068,0.97494,0.97502,2.78,1.65
2013.04.29 03:10:35.856,0.97494,0.97502,2.03,1.65
2013.04.29 03:10:36.995,0.97494,0.97503,1.65,3.00
2013.04.29 03:10:43.576,0.97495,0.97503,2.25,2.63
2013.04.29 03:10:52.776,0.97496,0.97503,1.65,1.50
2013.04.29 03:10:53.316,0.97498,0.97505,2.25,2.25
2013.04.29 03:10:53.556,0.97503,0.97511,1.13,1.65
2013.04.29 03:10:53.869,0.97504,0.97512,1.50,1.84
2013.04.29 03:10:54.178,0.97505,0.97514,4.50,1.28
2013.04.29 03:10:54.541,0.97507,0.97515,3.00,1.13
2013.04.29 03:11:11.275,0.97507,0.97516,3.53,1.13
2013.04.29 03:11:11.397,0.97506,0.97513,1.88,1.13
2013.04.29 03:11:11.516,0.97504,0.97513,2.59,2.25
2013.04.29 03:11:11.756,0.97503,0.97511,1.50,1.50
2013.04.29 03:11:12.356,0.97503,0.97512,2.25,3.00
2013.04.29 03:11:57.350,0.97505,0.97511,1.50,2.63
2013.04.29 03:11:57.536,0.97503,0.97509,1.50,1.50
2013.04.29 03:11:59.337,0.97503,0.97509,1.50,2.63
2013.04.29 03:11:59.846,0.97501,0.97509,3.00,3.38
2013.04.29 03:12:39.066,0.97501,0.97508,2.25,1.13
2013.04.29 03:12:40.538,0.97501,0.97508,1.50,1.13
2013.04.29 03:12:41.786,0.97502,0.97509,2.25,1.13
2013.04.29 03:12:54.055,0.97501,0.97508,1.50,1.13
2013.04.29 03:13:14.126,0.97501,0.97509,3.00,1.88
2013.04.29 03:13:35.145,0.975,0.97508,3.75,1.13
2013.04.29 03:13:43.386,0.97499,0.97507,1.50,1.13
2013.04.29 03:13:43.506,0.97498,0.97504,3.00,1.13
2013.04.29 03:13:43.566,0.97498,0.97504,1.50,1.88
2013.04.29 03:13:43.746,0.97496,0.97502,3.75,1.50
2013.04.29 03:13:43.927,0.97494,0.975,1.50,3.00
2013.04.29 03:13:44.049,0.97493,0.97499,1.84,2.25
2013.04.29 03:13:44.177,0.97492,0.97498,2.25,1.13
2013.04.29 03:13:44.298,0.97492,0.97499,2.63,2.25
2013.04.29 03:13:44.737,0.97494,0.975,3.38,1.50
2013.04.29 03:13:45.097,0.97498,0.97504,1.50,2.63
2013.04.29 03:13:45.396,0.97495,0.97501,1.88,1.65
2013.04.29 03:13:45.456,0.97493,0.97501,3.38,1.88
2013.04.29 03:13:45.966,0.97492,0.97499,1.50,1.88
2013.04.29 03:14:00.217,0.97494,0.97501,1.50,3.23
2013.04.29 03:14:09.087,0.97493,0.97499,2.25,1.13
2013.04.29 03:14:10.177,0.97494,0.97501,1.50,2.63
2013.04.29 03:14:12.576,0.97493,0.97499,2.25,1.13
2013.04.29 03:14:19.946,0.97493,0.97499,1.50,1.13
2013.04.29 03:14:20.638,0.97492,0.97499,2.25,3.38
2013.04.29 03:14:52.396,0.97491,0.97499,1.50,4.88
2013.04.29 03:14:52.637,0.97489,0.97496,2.25,1.65
2013.04.29 03:14:52.817,0.97485,0.97491,1.32,1.65
2013.04.29 03:14:52.937,0.97483,0.97489,2.25,1.13
2013.04.29 03:14:53.497,0.97482,0.97489,1.88,1.88
2013.04.29 03:14:54.818,0.97483,0.97489,1.50,1.13
2013.04.29 03:14:55.516,0.97482,0.97489,1.88,1.88
2013.04.29 03:15:16.136,0.97482,0.97489,1.13,1.88
2013.04.29 03:15:21.389,0.97483,0.97489,3.00,1.88
2013.04.29 03:15:21.626,0.97485,0.97492,2.40,1.50
2013.04.29 03:15:23.208,0.97487,0.97493,1.50,3.15
2013.04.29 03:15:23.387,0.97487,0.97494,4.88,1.50
2013.04.29 03:15:23.507,0.9749,0.97497,1.13,5.63
2013.04.29 03:15:23.626,0.97491,0.97499,3.00,4.88
2013.04.29 03:15:24.167,0.97493,0.97499,1.13,1.13
2013.04.29 03:15:26.896,0.97492,0.975,3.38,1.50
2013.04.29 03:15:27.017,0.97494,0.97501,2.25,1.65
2013.04.29 03:15:27.536,0.97494,0.97502,3.00,1.88
2013.04.29 03:15:33.506,0.97493,0.97501,2.40,2.40
2013.04.29 03:15:37.296,0.97494,0.97501,3.00,1.65
2013.04.29 03:15:37.536,0.97493,0.97501,2.40,2.40
2013.04.29 03:15:57.960,0.97493,0.975,2.40,1.50
2013.04.29 03:16:00.391,0.97493,0.975,2.40,1.50
2013.04.29 03:16:01.716,0.97493,0.97501,2.40,4.65
2013.04.29 03:16:03.147,0.97493,0.97499,1.50,1.88
2013.04.29 03:16:03.400,0.97491,0.97498,1.50,3.15
2013.04.29 03:16:03.706,0.97491,0.97496,1.50,2.25
2013.04.29 03:16:04.637,0.9749,0.97498,2.40,3.90
2013.04.29 03:16:05.476,0.9749,0.97496,1.65,3.00
2013.04.29 03:16:06.947,0.97488,0.97496,1.65,3.90
2013.04.29 03:16:07.067,0.97486,0.97492,1.50,1.13
2013.04.29 03:16:07.427,0.97484,0.97489,2.25,3.00
2013.04.29 03:16:07.547,0.97484,0.97489,2.63,1.50
2013.04.29 03:16:08.097,0.97484,0.97489,1.50,1.50
2013.04.29 03:16:08.217,0.97481,0.97488,2.25,1.13
2013.04.29 03:16:08.338,0.97481,0.97487,1.50,1.13
2013.04.29 03:16:08.577,0.97477,0.97485,4.13,1.13
2013.04.29 03:16:08.698,0.97478,0.97484,1.13,1.50
2013.04.29 03:16:08.757,0.97477,0.97484,1.50,3.19
2013.04.29 03:16:08.877,0.97475,0.97482,1.50,1.13
2013.04.29 03:16:09.237,0.97474,0.97479,1.50,1.13
2013.04.29 03:16:09.546,0.97472,0.97479,3.00,1.50
2013.04.29 03:16:11.016,0.97472,0.97478,2.25,1.35
2013.04.29 03:16:17.265,0.9747,0.97478,3.75,2.25
2013.04.29 03:16:18.287,0.97471,0.97478,2.03,1.50
2013.04.29 03:16:28.566,0.97472,0.97479,1.88,2.40
2013.04.29 03:16:29.394,0.97473,0.97479,1.13,1.65
2013.04.29 03:16:39.376,0.97472,0.97479,3.75,1.65
2013.04.29 03:16:40.516,0.97472,0.9748,3.75,4.13
2013.04.29 03:16:43.206,0.97472,0.97479,2.25,1.65
2013.04.29 03:16:43.757,0.97472,0.97479,3.38,1.65
2013.04.29 03:16:51.539,0.97472,0.97479,1.50,1.65
2013.04.29 03:16:55.367,0.97472,0.97479,2.63,1.65
2013.04.29 03:16:55.919,0.97471,0.97479,2.03,1.65
2013.04.29 03:17:00.316,0.97472,0.97479,1.88,1.65
2013.04.29 03:17:04.117,0.97473,0.97479,1.65,1.50
2013.04.29 03:17:04.718,0.97473,0.97479,1.50,1.65
2013.04.29 03:17:06.696,0.97473,0.9748,3.00,3.38
2013.04.29 03:17:12.326,0.97474,0.9748,1.50,2.25
2013.04.29 03:17:12.827,0.97475,0.97483,3.00,2.25
2013.04.29 03:17:15.347,0.97476,0.97483,3.15,2.25
2013.04.29 03:17:15.407,0.97479,0.97485,2.25,3.38
2013.04.29 03:17:15.467,0.97479,0.97485,3.00,2.63
2013.04.29 03:17:15.527,0.97483,0.97487,2.25,1.73
2013.04.29 03:17:15.707,0.97485,0.9749,1.50,1.88
2013.04.29 03:17:16.038,0.97488,0.97493,2.25,1.88
2013.04.29 03:17:16.097,0.97488,0.97494,3.00,1.65
2013.04.29 03:17:16.158,0.9749,0.97496,1.50,1.88
2013.04.29 03:17:16.218,0.97493,0.97498,2.25,3.00
2013.04.29 03:17:16.339,0.97493,0.97498,3.00,1.50
2013.04.29 03:17:16.518,0.97496,0.97504,6.00,1.32
2013.04.29 03:17:16.637,0.97498,0.97504,2.25,2.03
2013.04.29 03:17:16.758,0.975,0.97505,2.25,1.50
2013.04.29 03:17:17.002,0.97502,0.97508,2.25,1.50
2013.04.29 03:17:17.068,0.97502,0.97508,3.00,1.88
2013.04.29 03:17:17.128,0.97503,0.97507,1.50,1.28
2013.04.29 03:17:17.667,0.97504,0.9751,1.50,2.25
2013.04.29 03:17:17.906,0.975,0.97507,1.13,2.40
2013.04.29 03:17:18.028,0.97497,0.97505,1.88,1.13
2013.04.29 03:17:18.392,0.97496,0.97503,3.00,2.25
2013.04.29 03:17:19.997,0.97495,0.97503,1.50,2.25
2013.04.29 03:17:23.117,0.97496,0.97503,3.75,1.13
2013.04.29 03:17:25.947,0.97496,0.97502,1.50,1.65
2013.04.29 03:17:46.127,0.97495,0.97502,1.50,1.65
2013.04.29 03:17:51.446,0.97493,0.97501,2.63,3.00
2013.04.29 03:17:51.747,0.97492,0.97499,1.50,3.15
2013.04.29 03:17:52.107,0.97491,0.97499,2.03,3.15
2013.04.29 03:18:01.512,0.97492,0.97499,1.50,3.15
2013.04.29 03:18:27.047,0.97493,0.975,1.50,1.88
2013.04.29 03:18:27.287,0.97494,0.975,1.50,1.13
2013.04.29 03:18:27.660,0.97495,0.97503,2.25,4.13
2013.04.29 03:18:27.777,0.97495,0.97501,1.50,3.00
2013.04.29 03:18:31.540,0.97495,0.97501,1.50,3.00
2013.04.29 03:18:48.096,0.97494,0.97502,2.40,3.15
2013.04.29 03:18:50.067,0.97494,0.97501,1.65,1.50
2013.04.29 03:18:50.627,0.97494,0.975,1.50,1.13
2013.04.29 03:18:51.567,0.97494,0.97501,1.65,3.00
2013.04.29 03:18:52.107,0.97494,0.975,2.25,1.13
2013.04.29 03:18:53.516,0.97494,0.975,1.65,1.50
2013.04.29 03:19:00.387,0.97494,0.97502,3.90,2.40
2013.04.29 03:19:21.089,0.97496,0.97503,2.25,1.88
2013.04.29 03:19:21.267,0.97498,0.97505,1.50,1.13
2013.04.29 03:19:21.328,0.975,0.97506,1.50,2.63
2013.04.29 03:19:21.390,0.97501,0.97507,1.50,1.65
2013.04.29 03:19:21.638,0.97502,0.9751,2.63,3.38
2013.04.29 03:19:21.698,0.97503,0.9751,1.13,1.50
2013.04.29 03:19:22.357,0.97504,0.97511,3.75,1.65
2013.04.29 03:19:24.127,0.97504,0.97511,2.25,1.50
2013.04.29 03:19:29.039,0.97504,0.97512,3.53,4.13
2013.04.29 03:19:29.466,0.97502,0.97509,1.88,1.65
2013.04.29 03:19:29.589,0.97501,0.97508,1.88,4.13
2013.04.29 03:19:30.137,0.975,0.97508,2.63,3.75
2013.04.29 03:19:30.867,0.97501,0.97508,1.65,2.25
2013.04.29 03:19:31.347,0.975,0.97508,2.25,4.13
2013.04.29 03:19:32.257,0.975,0.97505,1.50,1.14
2013.04.29 03:19:32.617,0.97496,0.97503,2.78,1.50
2013.04.29 03:19:33.165,0.97494,0.97502,5.03,2.40
2013.04.29 03:19:53.087,0.97493,0.97501,5.25,1.50
2013.04.29 03:19:57.437,0.97495,0.97503,1.50,4.13
2013.04.29 03:19:57.498,0.97497,0.97503,1.50,1.50
2013.04.29 03:19:57.558,0.97497,0.97503,1.50,1.50
2013.04.29 03:19:57.998,0.97497,0.97505,1.50,5.63
2013.04.29 03:19:59.098,0.97497,0.97503,1.50,1.13
2013.04.29 03:19:59.339,0.97495,0.97503,2.25,4.13
2013.04.29 03:20:00.677,0.97496,0.97503,3.00,1.13
2013.04.29 03:20:00.737,0.97496,0.97504,3.90,1.65
2013.04.29 03:20:01.037,0.97497,0.97504,1.50,1.13
2013.04.29 03:20:01.217,0.97496,0.97503,1.50,1.13
2013.04.29 03:20:01.640,0.97497,0.97504,1.50,1.65
2013.04.29 03:20:02.315,0.97497,0.97505,1.50,2.63
2013.04.29 03:20:02.797,0.97496,0.97504,3.75,2.63
2013.04.29 03:20:02.857,0.97496,0.97503,1.50,1.13
2013.04.29 03:20:14.705,0.97496,0.97502,1.65,1.50
2013.04.29 03:20:15.247,0.97497,0.97504,1.50,2.40
2013.04.29 03:20:15.791,0.97498,0.97504,1.50,1.65
2013.04.29 03:20:20.058,0.97497,0.97504,1.50,1.50
2013.04.29 03:20:20.177,0.97495,0.97502,2.25,1.65
2013.04.29 03:20:40.147,0.97494,0.97502,3.75,3.38
2013.04.29 03:20:40.267,0.97495,0.97502,1.13,3.00
2013.04.29 03:20:40.807,0.97495,0.97503,3.75,1.88
2013.04.29 03:21:00.975,0.97496,0.97503,2.25,1.13
2013.04.29 03:21:17.187,0.97496,0.97504,4.65,3.15
2013.04.29 03:21:17.548,0.97499,0.97505,1.50,1.13
2013.04.29 03:21:17.727,0.97499,0.97506,3.15,1.13
2013.04.29 03:21:17.787,0.97501,0.97507,3.00,1.28
2013.04.29 03:21:18.087,0.97503,0.9751,3.00,2.25
2013.04.29 03:21:19.397,0.97503,0.97509,2.25,1.13
2013.04.29 03:21:23.588,0.97501,0.97509,3.75,1.88
2013.04.29 03:21:59.587,0.975,0.97508,3.00,1.88
2013.04.29 03:21:59.769,0.975,0.97506,1.50,1.13
2013.04.29 03:21:59.888,0.97497,0.97503,2.63,1.13
2013.04.29 03:22:00.008,0.97496,0.97502,1.13,1.65
2013.04.29 03:22:24.997,0.97494,0.97502,3.75,3.38
2013.04.29 03:22:25.358,0.97495,0.97502,1.50,3.15
2013.04.29 03:22:26.137,0.97496,0.97503,1.50,2.25
2013.04.29 03:22:31.197,0.97495,0.97502,1.50,1.13
2013.04.29 03:22:32.747,0.97494,0.97502,4.65,1.65
2013.04.29 03:22:41.027,0.97495,0.97503,3.75,2.63
2013.04.29 03:23:41.073,0.97494,0.97503,2.03,1.88
2013.04.29 03:23:52.213,0.97495,0.97504,1.50,1.28
2013.04.29 03:23:53.367,0.97495,0.97504,2.25,1.28
2013.04.29 03:23:53.428,0.97498,0.97505,1.50,2.26
2013.04.29 03:23:53.788,0.97504,0.9751,3.15,1.13
2013.04.29 03:23:54.327,0.97504,0.97512,3.90,2.63
2013.04.29 03:23:55.298,0.97503,0.97511,1.50,2.25
2013.04.29 03:23:55.938,0.97504,0.97511,3.90,1.13
2013.04.29 03:23:56.468,0.97504,0.97511,3.90,1.13
2013.04.29 03:24:09.174,0.97506,0.97512,1.13,1.50
2013.04.29 03:24:10.718,0.97504,0.97512,5.40,1.50
2013.04.29 03:24:11.278,0.97506,0.97512,1.88,1.50
2013.04.29 03:24:11.819,0.97506,0.97512,2.63,1.50
2013.04.29 03:24:12.178,0.97514,0.97519,1.13,2.25
2013.04.29 03:24:12.238,0.97514,0.97521,1.88,3.00
2013.04.29 03:24:12.778,0.97514,0.97521,1.50,1.88
2013.04.29 03:24:12.897,0.97512,0.97518,3.00,1.13
2013.04.29 03:24:13.437,0.97512,0.9752,3.15,1.65
2013.04.29 03:24:24.249,0.97518,0.97524,1.13,2.64
2013.04.29 03:24:24.430,0.97518,0.97523,1.73,1.13
2013.04.29 03:24:24.653,0.97518,0.97524,1.50,2.64
2013.04.29 03:24:24.781,0.97519,0.97524,1.50,1.50
2013.04.29 03:24:24.908,0.9752,0.97528,2.40,3.90
2013.04.29 03:24:25.148,0.97524,0.9753,1.13,2.25
2013.04.29 03:24:25.697,0.97524,0.9753,1.13,1.50
2013.04.29 03:24:27.507,0.97524,0.97532,1.88,3.00
2013.04.29 03:24:27.698,0.97526,0.97532,1.13,1.50
2013.04.29 03:24:27.877,0.97525,0.97532,1.65,1.50
2013.04.29 03:24:28.473,0.97524,0.9753,1.88,1.50
2013.04.29 03:24:29.017,0.97523,0.9753,1.13,1.65
2013.04.29 03:24:29.377,0.97522,0.97528,1.65,1.50
2013.04.29 03:24:29.917,0.97521,0.97527,1.88,1.50
2013.04.29 03:24:32.498,0.9752,0.97527,3.00,1.50
2013.04.29 03:24:32.558,0.97518,0.97523,1.50,1.50
2013.04.29 03:24:32.798,0.97516,0.97522,1.13,1.65
2013.04.29 03:24:32.918,0.97514,0.97521,4.50,1.32
2013.04.29 03:24:33.037,0.97514,0.9752,2.25,1.13
2013.04.29 03:24:33.337,0.97515,0.97522,1.50,1.65
2013.04.29 03:24:35.538,0.97516,0.97524,1.65,3.15
2013.04.29 03:24:35.838,0.97518,0.97525,1.13,1.50
2013.04.29 03:24:36.377,0.97517,0.97525,2.25,1.88
2013.04.29 03:24:36.857,0.97518,0.97525,3.00,1.13
2013.04.29 03:24:37.748,0.97519,0.97527,1.65,1.65
2013.04.29 03:24:38.286,0.9752,0.97528,3.00,2.25
2013.04.29 03:24:40.287,0.9752,0.97528,3.00,1.88
2013.04.29 03:24:40.528,0.9752,0.97528,4.13,1.50
2013.04.29 03:24:41.308,0.9752,0.97528,4.88,1.50
2013.04.29 03:24:41.428,0.97522,0.97529,3.00,1.28
2013.04.29 03:24:44.008,0.9752,0.97528,5.25,1.50
2013.04.29 03:24:46.837,0.97522,0.9753,2.25,3.00
2013.04.29 03:24:50.219,0.97523,0.9753,1.13,1.50
2013.04.29 03:24:50.727,0.97524,0.97531,1.13,1.50
2013.04.29 03:24:53.751,0.97524,0.9753,1.88,1.50
2013.04.29 03:24:54.612,0.97524,0.9753,1.13,1.50
2013.04.29 03:24:54.797,0.97526,0.97532,1.13,1.50
2013.04.29 03:24:56.087,0.97526,0.97533,1.88,1.50
2013.04.29 03:24:56.208,0.97525,0.9753,1.65,1.50
2013.04.29 03:24:56.995,0.97525,0.97532,2.40,1.50
2013.04.29 03:25:01.029,0.97525,0.97532,2.40,1.50
2013.04.29 03:25:08.657,0.97525,0.97533,2.40,1.65
2013.04.29 03:25:08.838,0.97526,0.97535,1.73,3.38
2013.04.29 03:25:09.018,0.97531,0.97536,2.48,2.25
2013.04.29 03:25:09.079,0.97531,0.97539,5.48,1.50
2013.04.29 03:25:09.198,0.97533,0.97541,3.00,2.07
2013.04.29 03:25:09.437,0.97531,0.97539,6.23,1.50
2013.04.29 03:25:24.888,0.97533,0.9754,1.50,1.65
2013.04.29 03:25:25.368,0.97535,0.97541,1.13,2.25
2013.04.29 03:25:25.488,0.97535,0.97541,1.88,1.50
2013.04.29 03:25:25.728,0.97538,0.97546,2.63,4.50
2013.04.29 03:25:25.848,0.9754,0.97546,1.73,1.50
2013.04.29 03:25:25.967,0.97542,0.97548,2.40,1.50
2013.04.29 03:25:27.467,0.97542,0.9755,4.65,3.90
2013.04.29 03:25:28.537,0.97543,0.9755,1.50,1.65
2013.04.29 03:25:34.167,0.97542,0.9755,3.90,1.65
2013.04.29 03:25:34.477,0.97541,0.97548,2.25,1.50
2013.04.29 03:25:40.917,0.97542,0.97549,1.65,2.25
2013.04.29 03:25:42.326,0.97543,0.9755,1.13,1.50
2013.04.29 03:25:42.447,0.97543,0.97549,1.50,1.50
2013.04.29 03:25:46.095,0.97541,0.97548,3.00,1.50
2013.04.29 03:25:50.588,0.9754,0.97545,1.88,3.00
2013.04.29 03:25:50.767,0.97537,0.97543,1.50,2.25
2013.04.29 03:25:50.888,0.97533,0.97541,1.50,3.38
2013.04.29 03:25:51.127,0.97533,0.97539,2.25,3.34
2013.04.29 03:25:51.668,0.97532,0.97539,1.50,3.15
2013.04.29 03:25:56.784,0.97533,0.97541,4.50,3.75
2013.04.29 03:26:13.597,0.97534,0.9754,1.50,1.13
2013.04.29 03:26:13.717,0.97535,0.97541,1.50,1.50
2013.04.29 03:26:13.957,0.97537,0.97543,1.50,1.13
2013.04.29 03:26:14.082,0.97538,0.97544,2.25,1.65
2013.04.29 03:26:14.207,0.97539,0.97546,1.65,2.07
2013.04.29 03:26:14.597,0.9754,0.97547,3.00,1.13
2013.04.29 03:26:33.188,0.9754,0.97547,1.65,1.50
2013.04.29 03:26:38.400,0.97538,0.97546,3.00,3.75
2013.04.29 03:26:38.757,0.97536,0.97542,1.50,1.50
2013.04.29 03:26:38.817,0.97536,0.97542,2.25,1.50
2013.04.29 03:26:39.392,0.97536,0.97542,2.63,1.50
2013.04.29 03:26:42.207,0.97535,0.97542,1.13,3.75
2013.04.29 03:26:43.909,0.97536,0.97543,1.88,2.25
2013.04.29 03:26:48.901,0.97536,0.97542,1.88,2.25
2013.04.29 03:26:49.838,0.97536,0.97542,1.88,2.25
2013.04.29 03:26:51.417,0.97536,0.97542,3.00,1.50
2013.04.29 03:26:51.477,0.97536,0.97544,3.00,3.00
2013.04.29 03:26:51.658,0.97538,0.97544,1.50,1.50
2013.04.29 03:26:51.957,0.97536,0.97544,2.25,3.75
2013.04.29 03:26:52.022,0.97536,0.97544,3.00,3.75
2013.04.29 03:26:53.247,0.97536,0.97544,3.00,3.75
2013.04.29 03:26:57.868,0.97536,0.97542,1.88,1.50
2013.04.29 03:26:57.928,0.97535,0.97542,2.85,3.00
2013.04.29 03:26:58.407,0.97535,0.9754,2.85,2.25
2013.04.29 03:26:59.587,0.97534,0.97542,2.10,4.50
2013.04.29 03:27:13.987,0.97536,0.97542,1.13,2.25
2013.04.29 03:27:14.651,0.97536,0.97542,1.13,3.00
2013.04.29 03:27:20.047,0.97536,0.97541,1.13,1.50
2013.04.29 03:27:24.258,0.97535,0.97543,1.73,4.14
2013.04.29 03:27:24.379,0.97536,0.97543,3.98,2.25
2013.04.29 03:27:24.439,0.97538,0.97544,3.98,1.50
2013.04.29 03:27:24.618,0.9754,0.97546,1.50,2.25
2013.04.29 03:27:25.497,0.9754,0.97546,1.50,1.50
2013.04.29 03:27:26.038,0.97541,0.97547,1.13,1.50
2013.04.29 03:27:26.587,0.97542,0.97548,1.65,1.50
2013.04.29 03:27:31.067,0.9754,0.97547,2.40,1.50
2013.04.29 03:27:31.249,0.9754,0.97545,1.65,2.25
2013.04.29 03:27:31.609,0.97539,0.97544,1.13,2.25
2013.04.29 03:27:33.409,0.97539,0.97545,1.50,1.50
2013.04.29 03:27:33.588,0.97541,0.97546,1.13,2.25
2013.04.29 03:27:33.708,0.97541,0.97547,1.13,1.50
2013.04.29 03:27:38.147,0.97541,0.97549,2.63,2.25
2013.04.29 03:27:38.759,0.97542,0.97547,1.50,2.25
2013.04.29 03:27:38.818,0.97539,0.97547,6.15,3.00
2013.04.29 03:27:39.357,0.97541,0.97547,1.13,2.25
2013.04.29 03:27:40.408,0.97539,0.97547,3.90,2.25
2013.04.29 03:27:40.468,0.97539,0.97546,3.15,1.50
2013.04.29 03:27:41.650,0.97539,0.97546,3.90,1.50
2013.04.29 03:27:45.938,0.97541,0.97547,1.88,1.50
2013.04.29 03:27:47.378,0.97541,0.97547,1.73,1.50
2013.04.29 03:27:47.858,0.97541,0.97547,1.13,1.50
2013.04.29 03:27:49.308,0.97541,0.97547,1.50,1.50
2013.04.29 03:27:49.367,0.97541,0.97547,1.50,1.50
2013.04.29 03:27:49.728,0.9754,0.97547,1.65,1.50
2013.04.29 03:27:50.388,0.97541,0.97547,1.13,1.50
2013.04.29 03:27:58.689,0.9754,0.97547,1.65,3.00
2013.04.29 03:27:58.875,0.9754,0.97545,1.65,1.50
2013.04.29 03:28:00.808,0.97539,0.97545,1.50,6.15
2013.04.29 03:28:00.868,0.97536,0.97541,1.13,1.50
2013.04.29 03:28:01.718,0.97536,0.97541,1.13,3.00
2013.04.29 03:28:03.620,0.97533,0.97538,2.97,3.00
2013.04.29 03:28:03.869,0.9753,0.97536,2.48,2.25
2013.04.29 03:28:03.934,0.97528,0.97534,3.90,3.00
2013.04.29 03:28:04.058,0.97528,0.97534,3.38,3.00
2013.04.29 03:28:04.178,0.97526,0.97533,3.00,2.63
2013.04.29 03:28:04.299,0.97524,0.9753,1.88,1.50
2013.04.29 03:28:04.606,0.97522,0.97528,1.73,2.25
2013.04.29 03:28:04.968,0.97522,0.9753,3.00,3.75
2013.04.29 03:28:05.147,0.97524,0.9753,1.65,1.50
2013.04.29 03:28:05.269,0.97525,0.97531,1.13,2.25
2013.04.29 03:28:06.048,0.97524,0.97532,1.65,3.90
2013.04.29 03:28:06.557,0.97524,0.97532,1.65,4.65
2013.04.29 03:28:07.569,0.97525,0.97533,1.13,2.25
2013.04.29 03:28:07.878,0.97529,0.97535,1.13,1.88
2013.04.29 03:28:07.998,0.97527,0.97534,1.88,1.65
2013.04.29 03:28:09.218,0.97527,0.97531,1.50,1.50
2013.04.29 03:28:09.518,0.97524,0.9753,2.03,1.50
2013.04.29 03:28:09.639,0.97524,0.9753,1.35,2.25
2013.04.29 03:28:09.758,0.97524,0.97532,2.03,5.40
2013.04.29 03:28:09.878,0.97522,0.97529,2.63,1.65
2013.04.29 03:28:10.179,0.97528,0.97534,1.13,5.25
2013.04.29 03:28:10.239,0.97528,0.97534,1.13,1.50
2013.04.29 03:28:10.303,0.97528,0.97536,1.88,3.75
2013.04.29 03:28:10.368,0.97528,0.97536,2.63,3.00
2013.04.29 03:28:10.607,0.9753,0.97536,1.13,1.50
2013.04.29 03:28:10.858,0.97531,0.97538,1.13,3.00
2013.04.29 03:28:11.168,0.9753,0.97538,2.40,4.13
2013.04.29 03:28:20.938,0.9753,0.97538,2.25,3.75
2013.04.29 03:28:21.119,0.9753,0.97536,1.50,2.25
2013.04.29 03:28:21.712,0.97528,0.97534,1.13,1.50
2013.04.29 03:28:22.228,0.97527,0.97534,2.03,1.50
2013.04.29 03:28:22.588,0.97526,0.97533,1.50,3.15
2013.04.29 03:28:22.889,0.97525,0.97531,1.13,3.00
2013.04.29 03:28:23.248,0.9752,0.97527,1.88,1.50
2013.04.29 03:28:23.794,0.9752,0.97526,1.50,1.50
2013.04.29 03:28:24.838,0.9752,0.97527,1.50,1.50
2013.04.29 03:28:25.387,0.97519,0.97527,2.40,1.50
2013.04.29 03:28:35.068,0.9752,0.97528,1.50,3.00
2013.04.29 03:28:35.308,0.97518,0.97526,4.50,3.00
2013.04.29 03:28:35.489,0.97516,0.97524,1.88,4.65
2013.04.29 03:28:36.030,0.97516,0.97524,1.50,3.90
2013.04.29 03:28:36.549,0.97515,0.97522,1.88,3.15
2013.04.29 03:28:36.608,0.97514,0.97521,1.50,3.00
2013.04.29 03:28:36.947,0.97511,0.97517,3.00,1.50
2013.04.29 03:28:37.466,0.9751,0.97517,1.88,1.50
2013.04.29 03:28:41.758,0.97511,0.97517,1.50,1.50
2013.04.29 03:28:41.878,0.97512,0.97519,1.50,3.15
2013.04.29 03:28:42.118,0.97511,0.97519,3.75,4.28
2013.04.29 03:28:44.331,0.97511,0.97519,2.25,4.28
2013.04.29 03:28:44.880,0.97511,0.97519,2.25,3.53
2013.04.29 03:28:46.691,0.97511,0.97519,1.50,3.90
2013.04.29 03:28:46.938,0.9751,0.97516,1.13,3.00
2013.04.29 03:28:47.298,0.97509,0.97515,1.13,1.13
2013.04.29 03:28:47.360,0.97505,0.97511,1.50,3.00
2013.04.29 03:28:47.539,0.97504,0.97511,2.03,2.25
2013.04.29 03:28:47.720,0.97504,0.97509,1.13,2.25
2013.04.29 03:28:48.798,0.97501,0.97509,1.88,4.65
2013.04.29 03:28:51.199,0.97501,0.97509,1.88,3.90
2013.04.29 03:28:51.877,0.97502,0.97509,1.50,1.65
2013.04.29 03:28:52.858,0.97503,0.97509,2.63,1.50
2013.04.29 03:28:53.038,0.97504,0.97512,2.40,4.13
2013.04.29 03:28:53.337,0.97505,0.97512,1.50,1.88
2013.04.29 03:28:56.962,0.97506,0.97513,1.50,1.50
2013.04.29 03:28:57.478,0.97506,0.97513,1.50,1.50
2013.04.29 03:28:57.598,0.97505,0.97512,1.50,2.25
2013.04.29 03:28:58.230,0.97505,0.97512,1.50,3.00
2013.04.29 03:29:04.407,0.97505,0.97513,2.25,2.63
2013.04.29 03:29:12.058,0.97506,0.97515,2.25,4.36
2013.04.29 03:29:21.859,0.97508,0.97514,1.50,1.50
2013.04.29 03:29:22.411,0.97508,0.97515,2.25,1.51
2013.04.29 03:29:23.408,0.97511,0.97517,1.50,2.40
2013.04.29 03:29:23.529,0.97512,0.97518,2.40,1.13
2013.04.29 03:29:23.838,0.97514,0.97521,3.75,1.50
2013.04.29 03:29:23.958,0.97516,0.97523,1.50,1.88
2013.04.29 03:29:24.138,0.97516,0.97523,3.75,1.13
2013.04.29 03:29:24.438,0.97516,0.97523,2.25,1.50
2013.04.29 03:29:24.498,0.97516,0.97524,3.75,4.28
2013.04.29 03:29:27.818,0.97517,0.97525,1.50,3.00
2013.04.29 03:29:29.149,0.97518,0.97525,2.25,1.88
2013.04.29 03:29:29.569,0.97522,0.97529,3.00,1.13
2013.04.29 03:29:29.748,0.97522,0.9753,3.90,2.78
2013.04.29 03:29:30.258,0.97524,0.97531,1.65,1.50
2013.04.29 03:29:30.378,0.97527,0.97533,1.50,3.15
2013.04.29 03:29:30.739,0.97528,0.97535,4.13,1.50
2013.04.29 03:29:30.799,0.97529,0.97536,3.38,1.50
2013.04.29 03:29:30.979,0.97529,0.97535,2.48,2.25
2013.04.29 03:29:31.100,0.97526,0.97533,1.13,1.65
2013.04.29 03:29:31.218,0.97525,0.97531,1.65,1.50
2013.04.29 03:29:31.538,0.97523,0.9753,1.28,1.50
2013.04.29 03:29:36.503,0.97523,0.97531,1.65,3.53
2013.04.29 03:29:39.557,0.97524,0.97531,1.50,2.03
2013.04.29 03:29:53.999,0.97525,0.97531,2.40,1.50
2013.04.29 03:29:54.358,0.97527,0.97533,1.50,1.28
2013.04.29 03:29:54.419,0.97527,0.97533,1.50,1.28
2013.04.29 03:29:54.538,0.97529,0.97537,3.38,3.75
2013.04.29 03:29:54.898,0.97531,0.97539,3.75,2.25
2013.04.29 03:29:56.368,0.97531,0.97537,2.25,1.13
2013.04.29 03:29:57.161,0.97531,0.97539,3.75,3.75
2013.04.29 03:29:57.418,0.97532,0.97539,1.50,1.88
2013.04.29 03:30:01.808,0.97533,0.97541,2.25,5.40
2013.04.29 03:30:01.929,0.97534,0.97541,1.88,3.00
2013.04.29 03:30:02.918,0.97533,0.9754,3.04,2.25
2013.04.29 03:30:09.348,0.97534,0.9754,2.67,2.25
2013.04.29 03:30:12.088,0.97534,0.97542,3.42,3.75
2013.04.29 03:30:28.768,0.97534,0.97542,1.88,3.75
2013.04.29 03:30:29.128,0.97533,0.9754,1.50,2.40
2013.04.29 03:30:29.667,0.97532,0.97539,1.50,1.88
2013.04.29 03:30:40.110,0.97532,0.97538,1.50,1.50
2013.04.29 03:30:45.939,0.97532,0.97538,1.50,1.50
2013.04.29 03:30:49.187,0.97531,0.97539,2.40,3.90
2013.04.29 03:30:50.617,0.97531,0.97539,4.65,1.65
2013.04.29 03:31:01.278,0.97533,0.9754,2.63,1.50
2013.04.29 03:31:01.588,0.97536,0.97542,1.65,3.75
2013.04.29 03:31:02.117,0.97536,0.97542,1.65,2.25
2013.04.29 03:31:02.419,0.97539,0.97545,3.15,1.50
2013.04.29 03:31:02.718,0.97544,0.97551,3.15,1.50
2013.04.29 03:31:02.778,0.97544,0.97551,2.40,3.00
2013.04.29 03:31:03.148,0.97548,0.97553,1.13,3.38
2013.04.29 03:31:03.279,0.97551,0.97558,3.90,3.75
2013.04.29 03:31:04.058,0.97551,0.97557,1.50,1.13
2013.04.29 03:31:04.358,0.97548,0.97553,2.40,3.75
2013.04.29 03:31:04.659,0.97541,0.97548,1.50,3.23
2013.04.29 03:31:05.198,0.97541,0.97548,1.50,3.15
2013.04.29 03:31:05.558,0.97542,0.97549,3.75,1.13
2013.04.29 03:31:07.898,0.97542,0.9755,3.75,1.88
2013.04.29 03:31:10.147,0.97544,0.97551,1.50,2.48
2013.04.29 03:31:10.328,0.97546,0.97553,3.15,1.50
2013.04.29 03:31:10.448,0.97548,0.97554,2.25,1.65
2013.04.29 03:31:10.688,0.97549,0.97557,4.28,1.65
2013.04.29 03:31:10.869,0.97552,0.97558,1.50,1.50
2013.04.29 03:31:11.228,0.97553,0.9756,2.25,1.88
2013.04.29 03:31:12.770,0.97553,0.9756,3.00,1.88
2013.04.29 03:31:16.549,0.97555,0.97562,1.50,2.78
2013.04.29 03:31:16.623,0.97555,0.97562,1.50,2.78
2013.04.29 03:31:18.948,0.97556,0.97562,3.75,1.13
2013.04.29 03:31:22.609,0.97557,0.97563,3.75,1.13
2013.04.29 03:31:22.957,0.97558,0.97565,4.35,1.88
2013.04.29 03:31:23.208,0.97563,0.97569,1.50,1.13
2013.04.29 03:31:23.828,0.97563,0.9757,2.25,2.63
2013.04.29 03:31:24.448,0.97563,0.97569,1.50,3.15
2013.04.29 03:31:25.009,0.97563,0.9757,2.25,2.63
2013.04.29 03:31:27.059,0.97564,0.9757,1.50,1.13
2013.04.29 03:31:27.178,0.97565,0.97573,3.00,3.75
2013.04.29 03:31:27.238,0.97566,0.97573,1.13,3.15
2013.04.29 03:31:27.299,0.97567,0.97573,1.13,1.65
2013.04.29 03:31:27.779,0.97567,0.97574,3.38,1.13
2013.04.29 03:31:28.018,0.97568,0.97574,1.13,1.13
2013.04.29 03:31:28.319,0.97568,0.97575,1.13,1.65
2013.04.29 03:31:28.379,0.97569,0.97577,2.25,2.63
2013.04.29 03:31:28.678,0.97571,0.97578,2.63,2.40
2013.04.29 03:31:28.739,0.97571,0.97579,4.13,2.63
2013.04.29 03:31:29.398,0.97571,0.97577,3.38,1.13
2013.04.29 03:31:29.460,0.9757,0.97574,2.25,3.00
2013.04.29 03:31:29.578,0.97566,0.97572,1.50,3.00
2013.04.29 03:31:29.818,0.97562,0.97569,2.63,1.13
2013.04.29 03:31:29.879,0.97562,0.97568,1.50,1.65
2013.04.29 03:31:29.938,0.97561,0.97567,2.25,1.13
2013.04.29 03:31:30.608,0.9756,0.97567,2.63,1.13
2013.04.29 03:31:31.911,0.9756,0.97568,2.78,2.40
2013.04.29 03:31:32.269,0.97568,0.97574,1.13,2.25
2013.04.29 03:31:33.108,0.97567,0.97574,1.50,3.38
2013.04.29 03:31:33.828,0.97564,0.97571,2.25,1.13
2013.04.29 03:31:33.889,0.97563,0.97569,1.50,1.13
2013.04.29 03:31:34.428,0.97563,0.97569,1.50,3.38
2013.04.29 03:31:34.669,0.97561,0.97567,2.25,1.13
2013.04.29 03:31:35.101,0.97561,0.97568,3.00,1.13
2013.04.29 03:31:35.169,0.97563,0.97569,1.50,1.88
2013.04.29 03:31:35.348,0.97563,0.9757,1.50,1.73
2013.04.29 03:31:35.708,0.97565,0.97571,2.25,1.65
2013.04.29 03:31:35.948,0.97566,0.97573,1.88,1.65
2013.04.29 03:31:40.418,0.97567,0.97575,3.75,1.88
2013.04.29 03:31:44.339,0.97567,0.97575,6.75,1.65
2013.04.29 03:31:44.938,0.97569,0.97576,1.88,1.50
2013.04.29 03:31:45.178,0.97569,0.97577,5.63,1.50
2013.04.29 03:31:45.838,0.97569,0.97577,3.75,3.75
2013.04.29 03:31:46.319,0.97568,0.97575,5.85,3.15
2013.04.29 03:31:46.984,0.97566,0.97573,1.88,1.13
2013.04.29 03:31:47.051,0.97567,0.97574,1.50,1.13
2013.04.29 03:31:47.228,0.97565,0.97572,2.63,3.38
2013.04.29 03:31:47.289,0.97567,0.97573,3.38,1.50
2013.04.29 03:31:47.408,0.97566,0.97572,1.13,3.38
2013.04.29 03:31:47.528,0.97567,0.97573,1.88,1.73
2013.04.29 03:31:47.653,0.97567,0.97573,1.88,1.65
2013.04.29 03:31:47.838,0.97569,0.97575,1.50,1.65
2013.04.29 03:31:47.959,0.97568,0.97575,1.88,1.88
2013.04.29 03:31:48.258,0.97567,0.97573,1.50,1.65
2013.04.29 03:31:49.558,0.97567,0.97574,3.75,1.13
2013.04.29 03:31:51.693,0.97567,0.97573,1.50,2.03
2013.04.29 03:31:51.759,0.97565,0.97573,5.25,3.00
2013.04.29 03:31:51.940,0.97563,0.9757,2.25,3.15
2013.04.29 03:31:51.999,0.97563,0.97568,2.25,1.50
2013.04.29 03:31:52.058,0.97562,0.97567,1.88,1.13
2013.04.29 03:31:52.359,0.97559,0.97565,1.88,1.13
2013.04.29 03:31:52.899,0.97559,0.97566,2.25,2.85
2013.04.29 03:31:53.259,0.97559,0.97567,1.50,2.25
2013.04.29 03:31:53.379,0.9756,0.97568,3.75,3.00
2013.04.29 03:31:53.798,0.97562,0.97569,3.75,1.88
2013.04.29 03:31:54.098,0.97562,0.9757,6.38,3.15
2013.04.29 03:31:55.278,0.97564,0.97572,1.50,4.69
2013.04.29 03:31:55.518,0.97564,0.97572,3.75,2.44
2013.04.29 03:31:56.358,0.97566,0.97572,1.50,1.35
2013.04.29 03:31:56.538,0.97567,0.97574,1.13,4.13
2013.04.29 03:31:56.720,0.97569,0.97576,1.50,2.03
2013.04.29 03:31:58.768,0.97569,0.97576,1.50,1.65
2013.04.29 03:32:00.249,0.97568,0.97574,1.88,1.50
2013.04.29 03:32:00.429,0.97568,0.97574,1.13,1.50
2013.04.29 03:32:01.469,0.97567,0.97572,1.50,1.50
2013.04.29 03:32:01.772,0.97563,0.9757,1.50,3.38
2013.04.29 03:32:01.829,0.97562,0.97567,1.13,1.50
2013.04.29 03:32:01.948,0.9756,0.97567,2.25,1.65
2013.04.29 03:32:02.618,0.97561,0.97567,1.50,1.65
2013.04.29 03:32:07.799,0.97561,0.97567,2.25,1.65
2013.04.29 03:32:08.038,0.97562,0.97569,1.13,3.00
2013.04.29 03:32:08.158,0.97564,0.97571,1.50,2.37
2013.04.29 03:32:08.338,0.97563,0.9757,2.25,2.63
2013.04.29 03:32:09.848,0.97563,0.9757,2.40,1.50
2013.04.29 03:32:10.208,0.97562,0.97569,1.73,1.50
2013.04.29 03:32:11.176,0.97562,0.97569,2.25,1.65
2013.04.29 03:32:11.678,0.97562,0.9757,4.13,4.50
2013.04.29 03:32:11.738,0.97562,0.9757,4.13,3.75
2013.04.29 03:32:12.370,0.97563,0.97571,1.65,4.50
2013.04.29 03:32:12.549,0.97565,0.97571,3.38,2.25
2013.04.29 03:32:12.611,0.97567,0.97573,3.00,1.50
2013.04.29 03:32:13.148,0.97568,0.97575,2.25,2.63
2013.04.29 03:32:14.318,0.97568,0.97575,1.13,5.25
2013.04.29 03:32:14.558,0.97569,0.97575,1.50,2.25
2013.04.29 03:32:15.098,0.97568,0.97576,5.63,2.40
2013.04.29 03:32:26.938,0.97568,0.97576,3.38,3.90
2013.04.29 03:32:28.698,0.97568,0.97576,3.38,3.15
2013.04.29 03:32:30.748,0.97569,0.97577,1.65,1.88
2013.04.29 03:32:33.888,0.9757,0.97577,3.00,1.13
2013.04.29 03:32:34.438,0.9757,0.97578,4.88,2.25
2013.04.29 03:32:40.309,0.97572,0.97578,1.50,1.50
2013.04.29 03:32:40.610,0.97578,0.97585,1.88,2.44
2013.04.29 03:32:41.149,0.97575,0.97583,5.25,1.50
2013.04.29 03:32:41.209,0.97575,0.97582,4.50,1.88
2013.04.29 03:32:41.269,0.97575,0.97581,2.25,1.65
2013.04.29 03:32:41.328,0.97573,0.9758,3.38,1.88
2013.04.29 03:32:41.639,0.97572,0.97578,1.50,1.13
2013.04.29 03:32:41.878,0.97569,0.97577,6.15,1.88
2013.04.29 03:32:43.798,0.97571,0.97579,3.38,2.63
2013.04.29 03:32:43.866,0.97573,0.9758,1.50,2.25
2013.04.29 03:32:43.929,0.97573,0.9758,3.00,1.13
2013.04.29 03:32:44.234,0.97575,0.97581,3.75,1.65
2013.04.29 03:32:44.540,0.97579,0.97587,3.90,3.90
2013.04.29 03:32:45.258,0.97579,0.97587,3.90,2.40
2013.04.29 03:32:46.748,0.97582,0.97589,2.25,2.40
2013.04.29 03:32:53.088,0.97582,0.97588,2.25,1.88
2013.04.29 03:32:53.329,0.97578,0.97585,2.25,1.88
2013.04.29 03:32:53.629,0.97575,0.97581,2.63,1.50
2013.04.29 03:32:53.748,0.97573,0.9758,3.38,1.50
2013.04.29 03:32:54.049,0.97572,0.97579,2.44,1.88
2013.04.29 03:32:54.229,0.97571,0.97579,3.00,3.23
2013.04.29 03:32:54.288,0.97571,0.97579,3.15,3.15
2013.04.29 03:32:55.789,0.97571,0.97578,2.25,1.13
2013.04.29 03:33:01.468,0.97571,0.97579,3.90,2.40
2013.04.29 03:33:07.170,0.97569,0.97575,4.88,1.50
2013.04.29 03:33:07.349,0.97569,0.97575,3.00,1.50
2013.04.29 03:33:07.408,0.97569,0.97576,4.13,1.50
2013.04.29 03:33:07.470,0.97571,0.97578,3.15,1.50
2013.04.29 03:33:09.518,0.9757,0.97575,2.85,1.50
2013.04.29 03:33:09.638,0.9757,0.97577,1.50,2.40
2013.04.29 03:33:09.938,0.9757,0.97577,1.50,2.40
2013.04.29 03:33:10.178,0.97571,0.97579,4.50,3.23
2013.04.29 03:33:10.419,0.97577,0.97583,1.50,3.38
2013.04.29 03:33:10.478,0.97577,0.97583,1.88,2.63
2013.04.29 03:33:10.539,0.97579,0.97584,1.65,2.25
2013.04.29 03:33:10.658,0.97579,0.97584,3.53,1.50
2013.04.29 03:33:10.898,0.97579,0.97587,4.28,2.40
2013.04.29 03:33:13.901,0.97579,0.97586,4.28,1.50
2013.04.29 03:33:14.138,0.97577,0.97583,1.50,1.50
2013.04.29 03:33:14.762,0.97578,0.97585,1.50,1.13
2013.04.29 03:33:15.278,0.97577,0.97585,1.50,3.38
2013.04.29 03:33:20.958,0.97579,0.97585,1.88,1.13
2013.04.29 03:33:21.478,0.97579,0.97587,2.03,3.90
2013.04.29 03:33:22.001,0.97579,0.97587,1.65,3.15
2013.04.29 03:33:23.850,0.97579,0.97587,2.40,3.90
2013.04.29 03:33:24.028,0.97579,0.97587,4.65,1.65
2013.04.29 03:33:26.068,0.97579,0.97587,2.40,3.15
2013.04.29 03:33:30.680,0.97578,0.97585,2.25,1.50
2013.04.29 03:33:30.979,0.97571,0.97579,5.78,1.65
2013.04.29 03:33:31.099,0.97575,0.97581,1.50,2.48
2013.04.29 03:33:31.160,0.97575,0.97581,2.63,1.50
2013.04.29 03:33:31.338,0.97577,0.97583,1.50,1.50
2013.04.29 03:33:34.191,0.97575,0.9758,1.50,1.88
2013.04.29 03:33:34.259,0.97571,0.97579,4.65,1.65
2013.04.29 03:33:34.319,0.97571,0.97578,3.75,1.13
2013.04.29 03:33:49.078,0.9757,0.97578,4.88,1.88
2013.04.29 03:33:49.388,0.9757,0.97578,3.38,3.38
2013.04.29 03:33:49.811,0.97572,0.9758,2.25,4.88
2013.04.29 03:33:49.879,0.97573,0.9758,1.13,3.75
2013.04.29 03:33:50.124,0.97573,0.9758,1.88,1.50
2013.04.29 03:33:50.560,0.97572,0.97579,3.98,2.25
2013.04.29 03:33:51.039,0.97571,0.97577,1.13,1.88
2013.04.29 03:33:51.099,0.97568,0.97576,3.15,1.50
2013.04.29 03:33:51.419,0.97568,0.97575,1.50,4.13
2013.04.29 03:33:51.599,0.97567,0.97574,1.88,1.65
2013.04.29 03:33:51.779,0.97567,0.97573,1.13,3.00
2013.04.29 03:33:52.479,0.97565,0.97572,2.25,2.25
2013.04.29 03:33:52.780,0.97563,0.9757,1.13,1.88
2013.04.29 03:33:52.839,0.97563,0.97569,1.13,1.65
2013.04.29 03:33:53.198,0.9756,0.97567,2.63,3.75
2013.04.29 03:33:53.768,0.9756,0.97567,1.50,3.90
2013.04.29 03:33:54.069,0.97556,0.97563,1.50,1.88
2013.04.29 03:33:54.376,0.97555,0.97562,1.50,1.65
2013.04.29 03:33:54.618,0.97555,0.97563,2.63,3.00
2013.04.29 03:33:54.798,0.97558,0.97563,1.13,1.50
2013.04.29 03:33:55.159,0.97559,0.97565,1.65,1.50
2013.04.29 03:33:58.730,0.97558,0.97565,2.25,1.13
2013.04.29 03:33:58.789,0.97556,0.97564,1.65,1.65
2013.04.29 03:33:58.909,0.97555,0.97563,2.25,4.50
2013.04.29 03:33:59.269,0.97556,0.97563,2.40,1.13
2013.04.29 03:33:59.760,0.97561,0.97566,1.50,1.13
2013.04.29 03:34:00.069,0.97562,0.97569,3.00,2.48
2013.04.29 03:34:01.270,0.97563,0.9757,1.13,3.94
2013.04.29 03:34:01.509,0.97564,0.97572,3.75,3.90
2013.04.29 03:34:05.300,0.97565,0.97572,3.00,3.90
2013.04.29 03:34:05.689,0.97567,0.97572,3.00,1.50
2013.04.29 03:34:05.929,0.97572,0.97577,1.50,1.13
2013.04.29 03:34:06.049,0.97573,0.97578,2.25,1.50
2013.04.29 03:34:07.419,0.97573,0.97579,3.00,1.28
2013.04.29 03:34:07.929,0.97573,0.9758,3.75,1.50
2013.04.29 03:34:12.309,0.97575,0.97582,1.50,3.90
2013.04.29 03:34:12.429,0.97577,0.97582,1.50,3.15
2013.04.29 03:34:12.549,0.97578,0.97584,1.50,3.90
2013.04.29 03:34:12.669,0.97579,0.97587,5.40,1.65
2013.04.29 03:34:13.858,0.97579,0.97587,2.40,2.03
2013.04.29 03:34:14.159,0.97579,0.97587,1.65,3.53
2013.04.29 03:34:14.219,0.9758,0.97587,1.50,1.28
2013.04.29 03:34:19.358,0.97581,0.97589,2.40,3.90
2013.04.29 03:34:20.348,0.97582,0.97589,1.50,3.15
2013.04.29 03:34:20.409,0.97583,0.9759,1.50,2.63
2013.04.29 03:34:20.709,0.97585,0.97591,1.50,1.88
2013.04.29 03:34:20.768,0.97587,0.97593,1.50,4.50
2013.04.29 03:34:20.829,0.97588,0.97595,1.50,4.13
2013.04.29 03:34:21.009,0.97589,0.97596,3.90,2.63
2013.04.29 03:34:21.188,0.9759,0.97597,1.50,1.50
2013.04.29 03:34:21.488,0.97591,0.97598,3.00,1.88
2013.04.29 03:34:22.548,0.97591,0.97598,3.00,1.88
2013.04.29 03:34:22.849,0.9759,0.97595,1.50,1.88
2013.04.29 03:34:23.089,0.9759,0.97597,2.25,1.13
2013.04.29 03:34:24.199,0.97591,0.97599,1.65,4.50
2013.04.29 03:34:24.259,0.97592,0.97599,1.50,2.25
2013.04.29 03:34:26.751,0.97593,0.976,3.00,1.50
2013.04.29 03:34:27.308,0.97594,0.97601,1.50,1.65
2013.04.29 03:34:27.978,0.97593,0.976,1.50,1.50
2013.04.29 03:34:30.688,0.97593,0.97599,1.50,1.50
2013.04.29 03:34:31.048,0.97591,0.97599,2.40,3.75
2013.04.29 03:34:33.239,0.97591,0.97598,2.25,1.50
2013.04.29 03:34:33.599,0.97588,0.97593,1.50,1.50
2013.04.29 03:34:33.959,0.97584,0.9759,1.13,1.50
2013.04.29 03:34:36.759,0.97586,0.97592,2.63,1.13
2013.04.29 03:34:36.880,0.97589,0.97595,1.13,2.63
2013.04.29 03:34:37.239,0.9759,0.97598,1.50,2.63
2013.04.29 03:34:37.299,0.97591,0.97598,3.75,1.13
2013.04.29 03:34:38.318,0.97591,0.97598,3.00,1.88
2013.04.29 03:34:40.158,0.97591,0.97598,3.15,1.88
2013.04.29 03:34:40.948,0.97591,0.97599,3.90,2.63
2013.04.29 03:34:41.728,0.97591,0.97599,4.65,2.63
2013.04.29 03:34:41.908,0.97591,0.97599,2.40,4.88
2013.04.29 03:34:42.548,0.97591,0.97599,1.65,4.88
2013.04.29 03:34:46.771,0.97592,0.97599,1.50,2.25
2013.04.29 03:34:47.229,0.97593,0.97599,1.50,2.25
2013.04.29 03:34:50.828,0.97591,0.97599,4.65,2.25
2013.04.29 03:34:58.408,0.97591,0.97599,4.65,2.25
2013.04.29 03:34:59.951,0.97592,0.97599,1.50,2.25
2013.04.29 03:35:00.879,0.97591,0.97599,2.40,4.50
2013.04.29 03:35:03.548,0.97591,0.97598,2.40,1.50
2013.04.29 03:35:14.658,0.97591,0.97597,1.65,1.50
2013.04.29 03:35:17.260,0.97589,0.97594,1.65,3.75
2013.04.29 03:35:17.381,0.97585,0.97591,1.50,1.50
2013.04.29 03:35:17.440,0.97582,0.9759,4.50,1.13
2013.04.29 03:35:17.561,0.9758,0.97587,1.13,1.50
2013.04.29 03:35:17.799,0.97579,0.97587,1.65,2.03
2013.04.29 03:35:18.158,0.97576,0.97584,1.88,1.50
2013.04.29 03:35:18.219,0.97575,0.97583,1.50,1.88
2013.04.29 03:35:18.339,0.97571,0.97579,2.63,1.50
2013.04.29 03:35:18.879,0.9757,0.97577,1.13,1.50
2013.04.29 03:35:19.398,0.97568,0.97577,3.75,2.25
2013.04.29 03:35:20.088,0.9757,0.97577,1.13,1.50
2013.04.29 03:35:20.466,0.97568,0.97576,1.88,2.40
2013.04.29 03:35:20.769,0.97565,0.97573,4.13,2.63
2013.04.29 03:35:21.548,0.97565,0.97573,3.38,2.25
2013.04.29 03:35:22.549,0.97565,0.97573,2.25,2.63
2013.04.29 03:35:23.148,0.97565,0.97573,3.00,2.63
2013.04.29 03:35:24.259,0.97565,0.97573,3.38,2.25
2013.04.29 03:35:24.633,0.97568,0.97576,4.88,2.40
2013.04.29 03:35:32.549,0.97568,0.97576,2.63,3.15
2013.04.29 03:35:33.029,0.97567,0.97574,1.88,3.15
2013.04.29 03:35:33.569,0.97566,0.97573,1.50,1.88
2013.04.29 03:35:33.872,0.97564,0.9757,1.50,3.00
2013.04.29 03:35:33.939,0.97565,0.9757,1.13,2.25
2013.04.29 03:35:34.440,0.97565,0.97571,1.13,1.65
2013.04.29 03:35:34.563,0.97564,0.9757,1.50,3.00
2013.04.29 03:35:35.628,0.97565,0.9757,1.13,1.50
2013.04.29 03:35:37.800,0.97566,0.97572,1.50,3.15
2013.04.29 03:35:38.159,0.97568,0.97574,1.13,3.00
2013.04.29 03:35:39.839,0.97565,0.97572,2.25,1.88
2013.04.29 03:35:39.900,0.97564,0.97571,3.90,1.50
2013.04.29 03:35:40.260,0.97563,0.9757,1.50,3.38
2013.04.29 03:35:40.796,0.97563,0.9757,1.50,1.88
2013.04.29 03:35:41.819,0.97563,0.9757,1.65,1.13
2013.04.29 03:35:42.179,0.97566,0.97573,1.65,1.13
2013.04.29 03:35:42.718,0.97566,0.97574,1.65,3.15
2013.04.29 03:35:44.539,0.97566,0.97574,1.65,3.90
2013.04.29 03:35:45.078,0.97564,0.97571,1.65,1.50
2013.04.29 03:35:45.628,0.97563,0.97569,2.03,1.50
2013.04.29 03:35:50.581,0.97563,0.97569,1.50,1.65
2013.04.29 03:35:51.270,0.97563,0.9757,2.25,1.13
2013.04.29 03:35:51.568,0.97564,0.97572,2.40,2.63
2013.04.29 03:35:51.869,0.97567,0.97575,3.00,1.50
2013.04.29 03:35:52.456,0.97567,0.97575,3.00,2.25
2013.04.29 03:35:53.136,0.97567,0.97573,2.25,1.13
2013.04.29 03:35:53.679,0.97567,0.97575,3.00,3.38
2013.04.29 03:35:54.328,0.97567,0.97575,3.00,3.38
2013.04.29 03:35:55.209,0.97567,0.97574,2.25,1.88
2013.04.29 03:35:55.330,0.97567,0.97575,3.00,3.00
2013.04.29 03:35:57.409,0.97567,0.97575,3.00,2.25
2013.04.29 03:36:11.978,0.97568,0.97576,3.75,3.75
2013.04.29 03:36:28.538,0.97568,0.97575,2.25,1.13
2013.04.29 03:36:28.658,0.97568,0.97574,2.25,1.65
2013.04.29 03:36:29.061,0.97564,0.97571,2.10,3.75
2013.04.29 03:36:29.248,0.97565,0.97571,1.35,3.75
2013.04.29 03:36:29.683,0.97563,0.97569,1.50,1.65
2013.04.29 03:36:30.228,0.97563,0.97569,1.50,1.65
2013.04.29 03:36:31.189,0.97561,0.97568,1.65,1.50
2013.04.29 03:36:33.068,0.97563,0.97569,1.50,1.65
2013.04.29 03:36:33.602,0.97563,0.97569,1.50,1.65
2013.04.29 03:36:34.775,0.97563,0.97569,1.50,1.65
2013.04.29 03:36:37.911,0.97563,0.97569,1.50,1.65
2013.04.29 03:36:39.480,0.97563,0.9757,2.25,1.13
2013.04.29 03:36:40.018,0.97563,0.9757,2.25,1.88
2013.04.29 03:36:45.879,0.97563,0.9757,2.25,1.13
2013.04.29 03:36:46.180,0.97567,0.97573,1.88,3.00
2013.04.29 03:36:46.241,0.97568,0.97574,1.65,1.13
2013.04.29 03:36:46.790,0.9757,0.97575,1.50,1.13
2013.04.29 03:36:48.469,0.97568,0.97574,3.00,1.13
2013.04.29 03:36:48.529,0.97568,0.97573,1.50,1.13
2013.04.29 03:36:48.768,0.97565,0.97572,2.63,1.13
2013.04.29 03:36:49.858,0.97565,0.97573,3.00,3.00
2013.04.29 03:36:50.039,0.97567,0.97575,1.50,4.88
2013.04.29 03:36:52.749,0.97566,0.97573,1.50,1.13
2013.04.29 03:36:52.810,0.97564,0.97572,2.78,4.13
2013.04.29 03:36:56.118,0.97565,0.97572,1.50,1.88
2013.04.29 03:37:16.168,0.97565,0.97572,2.25,1.13
2013.04.29 03:37:23.389,0.97563,0.97571,2.40,4.13
2013.04.29 03:37:23.748,0.97561,0.97569,2.03,3.15
2013.04.29 03:37:25.219,0.97563,0.9757,1.50,2.63
2013.04.29 03:37:46.029,0.97562,0.9757,2.25,4.88
2013.04.29 03:37:47.281,0.97562,0.9757,2.25,6.38
2013.04.29 03:38:02.240,0.97562,0.9757,2.25,5.63
2013.04.29 03:38:07.149,0.97563,0.9757,1.50,3.38
2013.04.29 03:38:07.389,0.97565,0.97572,1.88,2.96
2013.04.29 03:38:07.749,0.97567,0.97574,3.00,2.78
2013.04.29 03:38:07.808,0.97566,0.97574,2.40,3.90
2013.04.29 03:38:08.558,0.97566,0.97573,2.40,1.13
2013.04.29 03:38:09.399,0.97566,0.97574,1.65,3.53
2013.04.29 03:38:09.881,0.97568,0.97574,1.50,1.28
2013.04.29 03:38:12.160,0.97566,0.97574,5.03,3.00
2013.04.29 03:38:12.219,0.97565,0.9757,1.50,1.13
2013.04.29 03:38:12.579,0.97563,0.97569,1.13,2.25
2013.04.29 03:38:12.639,0.97564,0.97569,1.50,2.25
2013.04.29 03:38:12.819,0.97564,0.97571,1.50,3.90
2013.04.29 03:38:13.359,0.97564,0.97571,1.50,2.40
2013.04.29 03:38:24.188,0.97565,0.97571,2.63,1.50
2013.04.29 03:38:26.988,0.97567,0.97573,1.50,1.50
2013.04.29 03:38:29.088,0.97567,0.97575,3.75,4.88
2013.04.29 03:38:33.699,0.97567,0.97575,4.50,4.13
2013.04.29 03:38:37.028,0.97567,0.97575,4.50,4.13
2013.04.29 03:38:37.579,0.97567,0.97574,4.50,1.13
2013.04.29 03:38:38.965,0.97568,0.97575,1.50,3.38
2013.04.29 03:38:40.620,0.97567,0.97573,1.50,1.50
2013.04.29 03:38:49.028,0.97567,0.97575,3.75,6.38
2013.04.29 03:38:49.658,0.97567,0.97575,4.50,4.13
2013.04.29 03:38:53.220,0.97569,0.97575,2.25,1.50
2013.04.29 03:38:53.609,0.9757,0.97576,1.50,1.65
2013.04.29 03:38:54.449,0.9757,0.97577,1.50,3.15
2013.04.29 03:38:59.789,0.9757,0.97577,1.88,1.50
2013.04.29 03:39:00.136,0.97572,0.97578,1.50,1.13
2013.04.29 03:39:15.360,0.97573,0.97579,5.63,1.50
2013.04.29 03:39:15.599,0.97577,0.97583,1.50,1.88
2013.04.29 03:39:15.660,0.97579,0.97584,2.25,1.65
2013.04.29 03:39:15.720,0.9758,0.97585,1.50,1.13
2013.04.29 03:39:17.250,0.97581,0.97588,1.65,1.88
2013.04.29 03:39:18.640,0.97581,0.97588,1.65,1.13
2013.04.29 03:39:19.059,0.97579,0.97586,3.15,1.50
2013.04.29 03:39:19.420,0.97577,0.97583,2.25,1.13
2013.04.29 03:39:19.479,0.97577,0.97582,1.50,1.13
2013.04.29 03:39:19.741,0.97576,0.97583,1.65,1.88
2013.04.29 03:39:19.802,0.97577,0.97584,3.00,2.78
2013.04.29 03:39:20.370,0.97577,0.97585,3.75,2.25
2013.04.29 03:39:22.949,0.97579,0.97585,1.65,1.88
2013.04.29 03:39:23.470,0.9758,0.97585,1.50,1.13
2013.04.29 03:39:28.749,0.9758,0.97587,1.50,1.65
2013.04.29 03:39:38.889,0.97579,0.97586,1.65,1.50
2013.04.29 03:39:39.809,0.97577,0.97584,3.75,2.63
2013.04.29 03:39:39.870,0.97577,0.97583,1.50,2.25
2013.04.29 03:39:39.929,0.97575,0.97581,3.00,1.13
2013.04.29 03:39:39.989,0.97575,0.9758,1.50,1.13
2013.04.29 03:39:40.299,0.97572,0.9758,3.00,2.63
2013.04.29 03:39:44.501,0.97573,0.9758,2.25,1.88
2013.04.29 03:39:45.039,0.97573,0.9758,2.25,1.88
2013.04.29 03:39:45.579,0.97574,0.97581,3.15,2.25
2013.04.29 03:39:46.119,0.97575,0.97582,1.50,1.65
2013.04.29 03:39:46.420,0.97578,0.97583,1.13,3.00
2013.04.29 03:39:46.539,0.97576,0.97583,1.65,3.00
2013.04.29 03:39:46.599,0.97576,0.97583,2.40,1.50
2013.04.29 03:39:46.899,0.97575,0.97581,1.50,2.63
2013.04.29 03:39:47.439,0.97573,0.9758,2.25,1.50
2013.04.29 03:39:50.060,0.97572,0.9758,2.25,3.00
2013.04.29 03:39:50.947,0.97572,0.97579,2.25,1.13
2013.04.29 03:39:54.818,0.97572,0.97579,1.50,1.65
2013.04.29 03:39:59.219,0.97572,0.97579,1.50,1.65
2013.04.29 03:39:59.897,0.97571,0.97578,3.15,1.50
2013.04.29 03:40:00.848,0.97571,0.97578,2.40,2.25
2013.04.29 03:40:14.829,0.97571,0.97578,2.40,1.50
2013.04.29 03:40:19.589,0.97572,0.97578,1.50,1.50
2013.04.29 03:40:40.069,0.97572,0.97578,1.50,1.50
2013.04.29 03:40:46.949,0.97571,0.97578,2.40,2.25
2013.04.29 03:41:00.120,0.97571,0.97578,1.65,2.25
2013.04.29 03:41:06.590,0.97572,0.97577,1.50,1.50
2013.04.29 03:41:06.649,0.9757,0.97577,2.25,3.00
2013.04.29 03:41:06.770,0.97569,0.97575,1.65,1.50
2013.04.29 03:41:07.129,0.97567,0.97574,1.50,3.15
2013.04.29 03:41:08.589,0.97568,0.97575,2.25,1.88
2013.04.29 03:41:11.829,0.97568,0.97575,1.50,2.63
2013.04.29 03:41:13.559,0.97568,0.97574,1.50,1.13
2013.04.29 03:41:14.066,0.97567,0.97572,1.50,1.13
2013.04.29 03:41:15.320,0.97567,0.97573,2.25,1.13
2013.04.29 03:41:15.859,0.97568,0.97574,1.50,1.65
2013.04.29 03:41:16.419,0.97568,0.97574,2.25,1.65
2013.04.29 03:41:17.759,0.97568,0.97574,3.00,1.65
2013.04.29 03:41:17.820,0.97569,0.97576,1.65,3.38
2013.04.29 03:41:17.940,0.97571,0.97576,1.65,1.88
2013.04.29 03:41:18.969,0.97572,0.97578,1.50,3.00
2013.04.29 03:41:20.704,0.97572,0.97579,1.50,2.03
2013.04.29 03:41:21.622,0.97572,0.97578,1.50,1.50
2013.04.29 03:41:21.680,0.97571,0.97578,1.65,3.00
2013.04.29 03:41:22.039,0.97569,0.97576,2.63,3.90
2013.04.29 03:41:22.939,0.97569,0.97576,1.50,3.15
2013.04.29 03:41:23.544,0.97569,0.97576,1.50,3.90
2013.04.29 03:41:25.829,0.9757,0.97576,1.50,2.40
2013.04.29 03:41:26.369,0.9757,0.97576,1.50,1.65
2013.04.29 03:41:26.679,0.97569,0.97576,1.50,3.90
2013.04.29 03:41:36.759,0.9757,0.97576,1.50,1.65
2013.04.29 03:41:37.379,0.97568,0.97575,4.50,1.13
2013.04.29 03:41:38.232,0.97568,0.97576,4.88,3.90
2013.04.29 03:41:38.780,0.97569,0.97577,3.00,2.78
2013.04.29 03:41:41.659,0.9757,0.97577,1.50,2.03
2013.04.29 03:41:51.729,0.9757,0.97577,1.50,2.03
2013.04.29 03:41:56.260,0.97568,0.97573,3.00,1.13
2013.04.29 03:41:56.319,0.97567,0.97573,1.50,1.88
2013.04.29 03:41:57.837,0.97567,0.97574,1.50,2.40
2013.04.29 03:41:58.079,0.97569,0.97577,3.15,6.00
2013.04.29 03:41:58.499,0.97567,0.97575,1.50,4.88
2013.04.29 03:42:00.039,0.97569,0.97577,2.25,6.15
2013.04.29 03:42:17.260,0.97568,0.97575,1.88,3.00
2013.04.29 03:42:17.379,0.97566,0.97574,2.40,2.40
2013.04.29 03:42:18.560,0.97567,0.97573,1.50,1.50
2013.04.29 03:42:18.799,0.97566,0.97573,1.65,3.75
2013.04.29 03:42:20.739,0.97566,0.97573,2.40,3.00
2013.04.29 03:42:34.729,0.97566,0.97572,1.65,1.50
2013.04.29 03:42:35.326,0.97566,0.97572,2.40,1.50
2013.04.29 03:42:35.859,0.97566,0.97572,1.65,1.50
2013.04.29 03:42:36.440,0.97563,0.97571,3.90,4.50
2013.04.29 03:42:36.499,0.97563,0.97571,3.90,7.50
2013.04.29 03:42:36.833,0.97561,0.97567,2.40,3.00
2013.04.29 03:42:36.904,0.97559,0.97567,2.40,4.65
2013.04.29 03:42:37.449,0.97559,0.97566,1.65,1.50
2013.04.29 03:42:46.191,0.97558,0.97565,2.63,1.50
2013.04.29 03:42:46.699,0.97558,0.97566,3.38,2.25
2013.04.29 03:42:46.819,0.97558,0.97565,2.63,3.00
2013.04.29 03:42:48.720,0.97557,0.97563,1.88,1.50
2013.04.29 03:42:48.780,0.97555,0.97563,2.63,4.50
2013.04.29 03:42:49.079,0.97551,0.97557,3.15,1.50
2013.04.29 03:42:50.409,0.9755,0.97557,3.38,3.75
2013.04.29 03:42:55.527,0.97552,0.97559,1.88,3.38
2013.04.29 03:42:55.709,0.97553,0.97559,1.13,1.50
2013.04.29 03:42:56.009,0.97552,0.97557,1.50,1.50
2013.04.29 03:42:57.050,0.9755,0.97557,2.63,3.75
2013.04.29 03:43:04.439,0.97551,0.97557,1.65,3.75
2013.04.29 03:43:10.799,0.97551,0.97557,2.40,1.50
2013.04.29 03:43:13.929,0.97551,0.97558,2.40,2.25
2013.04.29 03:43:14.230,0.97545,0.9755,2.25,1.65
2013.04.29 03:43:14.352,0.9754,0.97546,2.25,1.50
2013.04.29 03:43:14.410,0.97539,0.97546,1.50,2.25
2013.04.29 03:43:14.590,0.9754,0.97546,3.00,1.50
2013.04.29 03:43:15.890,0.9754,0.97546,2.25,1.50
2013.04.29 03:43:16.069,0.9754,0.97546,1.50,3.00
2013.04.29 03:43:18.197,0.97538,0.97544,1.50,1.50
2013.04.29 03:43:19.529,0.97537,0.97544,1.50,1.50
2013.04.29 03:43:19.652,0.97537,0.97543,1.50,2.25
2013.04.29 03:43:19.770,0.97535,0.97541,1.13,1.50
2013.04.29 03:43:19.949,0.97533,0.97539,3.00,1.50
2013.04.29 03:43:20.369,0.97535,0.97543,2.63,3.75
2013.04.29 03:43:20.619,0.97537,0.97544,3.00,1.50
2013.04.29 03:43:21.299,0.97537,0.97543,3.00,1.50
2013.04.29 03:43:21.419,0.97537,0.97545,4.13,2.25
2013.04.29 03:43:21.600,0.97539,0.97545,2.40,1.50
2013.04.29 03:43:21.840,0.9754,0.97547,1.13,3.00
2013.04.29 03:43:23.300,0.97539,0.97545,2.03,1.50
2013.04.29 03:43:37.389,0.9754,0.97546,1.13,1.50
2013.04.29 03:43:37.570,0.9754,0.97547,1.88,1.50
2013.04.29 03:43:38.110,0.9754,0.97547,1.88,1.50
2013.04.29 03:43:39.056,0.9754,0.97547,1.88,2.25
2013.04.29 03:43:39.562,0.97539,0.97546,2.25,2.25
2013.04.29 03:43:40.063,0.9754,0.97546,1.88,1.50
2013.04.29 03:43:43.160,0.97539,0.97546,3.00,1.50
2013.04.29 03:43:43.456,0.97539,0.97545,2.25,1.13
2013.04.29 03:43:43.969,0.97539,0.97546,1.65,2.63
2013.04.29 03:43:44.805,0.97538,0.97545,2.25,2.25
2013.04.29 03:43:45.399,0.97538,0.97544,1.50,1.28
2013.04.29 03:43:45.519,0.97536,0.97543,1.65,1.50
2013.04.29 03:43:51.640,0.97535,0.97542,3.00,1.88
2013.04.29 03:43:51.699,0.97533,0.97541,5.59,2.25
2013.04.29 03:43:51.999,0.97535,0.97541,2.63,2.25
2013.04.29 03:43:52.320,0.97537,0.97544,3.38,2.25
2013.04.29 03:43:52.739,0.97535,0.97543,4.88,1.88
2013.04.29 03:43:53.429,0.97535,0.97542,3.75,1.88
2013.04.29 03:43:53.553,0.97534,0.97541,1.69,2.25
2013.04.29 03:43:53.679,0.97534,0.97541,1.65,1.13
2013.04.29 03:43:53.920,0.97533,0.9754,3.75,1.88
2013.04.29 03:43:53.980,0.97532,0.9754,1.69,3.38
2013.04.29 03:43:56.930,0.97532,0.9754,1.88,2.63
2013.04.29 03:43:57.689,0.97535,0.97541,1.13,1.88
2013.04.29 03:43:57.869,0.97535,0.97542,2.63,1.50
2013.04.29 03:43:58.409,0.97535,0.97543,4.13,2.25
2013.04.29 03:43:59.091,0.97535,0.97542,3.75,1.13
2013.04.29 03:43:59.630,0.97537,0.97544,3.00,1.65
2013.04.29 03:43:59.690,0.97538,0.97545,1.50,3.38
2013.04.29 03:44:02.009,0.97538,0.97545,1.88,1.50
2013.04.29 03:44:02.370,0.97538,0.97544,1.13,1.50
2013.04.29 03:44:02.910,0.97538,0.97544,1.13,1.50
2013.04.29 03:44:05.110,0.9754,0.97546,1.13,1.50
2013.04.29 03:44:05.665,0.9754,0.97547,1.88,1.50
2013.04.29 03:44:19.411,0.97539,0.97547,2.78,2.40
2013.04.29 03:44:19.950,0.9754,0.97546,1.13,2.25
2013.04.29 03:44:26.553,0.97539,0.97547,3.00,2.25
2013.04.29 03:44:45.225,0.9754,0.97548,1.65,3.90
2013.04.29 03:44:45.615,0.97542,0.97548,1.50,1.65
2013.04.29 03:44:49.049,0.97544,0.97549,2.25,1.88
2013.04.29 03:44:49.710,0.97547,0.97554,3.75,7.35
2013.04.29 03:44:49.770,0.97548,0.97553,1.50,3.98
2013.04.29 03:44:50.071,0.97551,0.97555,2.25,1.50
2013.04.29 03:44:50.190,0.97551,0.97556,3.00,1.13
2013.04.29 03:44:50.310,0.97552,0.97557,1.50,1.13
2013.04.29 03:44:50.840,0.97553,0.9756,4.50,1.88
2013.04.29 03:45:06.745,0.97553,0.97559,3.00,2.40
2013.04.29 03:45:08.859,0.97553,0.97559,1.50,3.15
2013.04.29 03:45:14.699,0.97553,0.97559,1.50,2.78
2013.04.29 03:45:23.839,0.97553,0.97559,1.50,1.65
2013.04.29 03:45:52.339,0.97552,0.97559,1.50,1.65
2013.04.29 03:45:53.979,0.97551,0.97559,3.90,1.65
2013.04.29 03:45:54.499,0.97552,0.97559,1.50,1.65
2013.04.29 03:45:56.431,0.97551,0.97559,4.65,1.65
2013.04.29 03:45:57.360,0.97553,0.97559,1.13,1.50
2013.04.29 03:45:57.659,0.97555,0.97561,1.50,1.13
2013.04.29 03:45:57.721,0.97555,0.97561,2.63,1.13
2013.04.29 03:45:58.080,0.97558,0.97565,1.88,1.50
2013.04.29 03:45:58.259,0.9756,0.97567,1.50,2.03
2013.04.29 03:45:58.440,0.9756,0.97568,4.13,3.38
2013.04.29 03:45:58.620,0.9756,0.97567,2.25,2.03
2013.04.29 03:46:00.884,0.9756,0.97567,2.25,1.50
2013.04.29 03:46:01.010,0.97561,0.97569,1.65,2.40
2013.04.29 03:46:02.426,0.97561,0.97568,1.50,1.88
2013.04.29 03:46:14.190,0.9756,0.97568,4.13,3.00
2013.04.29 03:46:15.700,0.9756,0.97567,2.63,1.50
2013.04.29 03:46:16.059,0.97558,0.97566,2.63,3.75
2013.04.29 03:46:16.479,0.97558,0.97566,4.88,1.50
2013.04.29 03:46:33.770,0.9756,0.97567,1.13,1.50
2013.04.29 03:46:34.440,0.97559,0.97567,1.65,1.65
2013.04.29 03:46:35.071,0.97558,0.97566,3.75,2.25
2013.04.29 03:46:37.790,0.97556,0.97563,2.78,1.50
2013.04.29 03:46:38.150,0.97555,0.97562,1.13,3.15
2013.04.29 03:46:38.453,0.97552,0.9756,3.00,3.38
2013.04.29 03:46:38.570,0.9755,0.97558,2.63,3.00
2013.04.29 03:46:38.938,0.97548,0.97556,3.75,3.75
2013.04.29 03:46:52.230,0.97549,0.97557,3.90,1.65
2013.04.29 03:46:52.959,0.97551,0.97559,1.65,3.15
2013.04.29 03:46:53.950,0.97551,0.97558,1.50,1.13
2013.04.29 03:46:56.539,0.97551,0.97559,1.65,3.15
2013.04.29 03:46:57.049,0.97551,0.97559,1.65,3.90
2013.04.29 03:47:13.030,0.97551,0.97558,1.50,1.13
2013.04.29 03:47:29.580,0.9755,0.97558,1.50,4.50
2013.04.29 03:47:29.760,0.97549,0.97556,1.50,1.13
2013.04.29 03:47:31.295,0.97548,0.97556,4.13,1.88
2013.04.29 03:47:53.570,0.9755,0.97558,3.75,2.25
2013.04.29 03:48:05.191,0.9755,0.97558,4.88,1.50
2013.04.29 03:48:14.170,0.97551,0.97559,4.65,1.65
2013.04.29 03:48:18.190,0.97551,0.97559,3.15,1.65
2013.04.29 03:48:46.770,0.9755,0.97558,3.75,1.50
2013.04.29 03:49:07.150,0.9755,0.97558,2.63,3.75
2013.04.29 03:49:16.091,0.9755,0.97556,2.48,2.25
2013.04.29 03:49:17.071,0.97548,0.97554,4.73,2.64
2013.04.29 03:49:17.430,0.97539,0.97547,2.10,5.25
2013.04.29 03:49:17.550,0.97539,0.97546,2.03,3.00
2013.04.29 03:49:17.670,0.97539,0.97544,1.28,2.25
2013.04.29 03:49:18.179,0.9754,0.97546,1.73,3.75
2013.04.29 03:49:21.460,0.9754,0.97546,3.38,1.50
2013.04.29 03:49:21.640,0.97542,0.97548,1.50,1.50
2013.04.29 03:49:38.815,0.97541,0.97548,1.50,1.88
2013.04.29 03:49:38.883,0.97539,0.97546,1.65,1.50
2013.04.29 03:49:39.035,0.97537,0.97544,1.50,1.50
2013.04.29 03:49:39.401,0.97537,0.97543,1.13,2.25
2013.04.29 03:49:39.520,0.97536,0.97541,2.03,1.50
2013.04.29 03:49:39.701,0.97532,0.97539,3.00,1.65
2013.04.29 03:49:39.826,0.9753,0.97537,1.88,3.00
2013.04.29 03:49:40.131,0.97526,0.97532,4.13,3.00
2013.04.29 03:49:40.191,0.97526,0.97532,2.40,3.00
2013.04.29 03:49:40.310,0.97523,0.97529,3.38,1.49
2013.04.29 03:49:40.430,0.97517,0.97525,1.50,4.50
2013.04.29 03:49:40.490,0.9752,0.97524,1.73,2.25
2013.04.29 03:49:41.040,0.9752,0.97524,1.73,2.25
2013.04.29 03:49:41.580,0.97518,0.97524,3.38,5.25
2013.04.29 03:49:41.641,0.97518,0.97522,1.35,2.25
2013.04.29 03:49:41.702,0.97516,0.97522,3.53,3.15
2013.04.29 03:49:41.771,0.97516,0.9752,2.03,2.25
2013.04.29 03:49:42.011,0.9751,0.97518,2.25,3.00
2013.04.29 03:49:42.201,0.97513,0.9752,1.88,3.72
2013.04.29 03:49:42.261,0.97514,0.9752,1.88,2.25
2013.04.29 03:49:42.441,0.97515,0.97522,1.13,3.94
2013.04.29 03:49:42.741,0.97515,0.97521,1.50,3.00
2013.04.29 03:49:42.860,0.97518,0.97525,1.13,3.00
2013.04.29 03:49:42.981,0.97519,0.97525,1.13,2.25
2013.04.29 03:49:43.340,0.97522,0.97528,1.13,2.25
2013.04.29 03:49:43.400,0.9752,0.97528,1.88,3.00
2013.04.29 03:49:43.520,0.97519,0.97526,1.35,3.00
2013.04.29 03:49:45.690,0.97521,0.97528,1.13,2.25
2013.04.29 03:49:46.971,0.97522,0.97529,1.13,3.00
2013.04.29 03:49:47.093,0.97524,0.97532,1.65,5.78
2013.04.29 03:49:47.346,0.97526,0.97533,1.13,1.50
2013.04.29 03:49:47.414,0.97526,0.97534,2.48,3.75
2013.04.29 03:49:47.541,0.97528,0.97535,1.50,1.13
2013.04.29 03:49:47.609,0.97526,0.97534,6.30,3.90
2013.04.29 03:49:47.910,0.97533,0.97541,1.65,2.10
2013.04.29 03:49:47.970,0.97532,0.9754,2.63,3.00
2013.04.29 03:49:48.520,0.97533,0.9754,1.13,3.00
2013.04.29 03:49:48.831,0.97531,0.97538,1.50,3.00
2013.04.29 03:49:50.261,0.97531,0.97538,1.50,3.00
2013.04.29 03:49:55.540,0.9753,0.97536,1.88,1.13
2013.04.29 03:49:55.900,0.97525,0.97531,1.50,2.63
2013.04.29 03:49:56.081,0.97522,0.97529,3.90,3.00
2013.04.29 03:49:59.661,0.97522,0.97528,1.50,1.13
2013.04.29 03:50:09.651,0.97522,0.97527,1.50,1.13
2013.04.29 03:50:11.670,0.97522,0.97528,1.13,1.13
2013.04.29 03:50:11.791,0.97523,0.9753,2.25,1.13
2013.04.29 03:50:14.690,0.97523,0.9753,3.75,1.13
2013.04.29 03:50:16.791,0.97524,0.97531,3.38,2.40
2013.04.29 03:50:17.153,0.9753,0.97534,2.25,2.25
2013.04.29 03:50:17.222,0.9753,0.97537,3.75,1.13
2013.04.29 03:50:17.770,0.97532,0.97538,1.50,1.73
2013.04.29 03:50:21.520,0.97531,0.97538,2.25,1.88
2013.04.29 03:50:22.154,0.97531,0.97537,1.50,1.13
2013.04.29 03:50:42.119,0.9753,0.97537,3.38,3.90
2013.04.29 03:50:53.130,0.9753,0.97537,3.38,3.90
2013.04.29 03:50:57.223,0.9753,0.97537,3.38,2.40
2013.04.29 03:50:57.286,0.97531,0.97538,1.50,1.88
2013.04.29 03:51:03.772,0.97532,0.97538,1.50,1.13
2013.04.29 03:51:05.391,0.97533,0.97539,3.00,1.65
2013.04.29 03:51:05.930,0.97533,0.9754,3.75,1.65
2013.04.29 03:51:06.493,0.97534,0.97541,1.50,2.63
2013.04.29 03:51:20.150,0.97533,0.97539,2.25,1.13
2013.04.29 03:51:20.272,0.97532,0.97539,1.50,2.63
2013.04.29 03:51:29.225,0.97532,0.97539,2.25,1.88
2013.04.29 03:51:34.322,0.97533,0.9754,1.50,2.63
2013.04.29 03:51:34.440,0.97533,0.9754,3.00,1.88
2013.04.29 03:51:41.331,0.97533,0.9754,4.13,1.50
2013.04.29 03:51:42.738,0.97533,0.9754,4.88,1.50
2013.04.29 03:51:43.100,0.97532,0.97539,2.25,1.65
2013.04.29 03:51:58.021,0.97533,0.9754,2.40,1.88
2013.04.29 03:51:58.560,0.97534,0.9754,1.65,1.13
2013.04.29 03:51:59.551,0.97533,0.9754,4.50,1.13
2013.04.29 03:52:00.090,0.97533,0.97541,4.88,2.40
2013.04.29 03:52:00.850,0.97535,0.97541,1.50,1.65
2013.04.29 03:52:02.471,0.97536,0.97543,1.65,4.32
2013.04.29 03:52:02.593,0.97538,0.97545,1.50,4.69
2013.04.29 03:52:02.710,0.97539,0.97545,1.65,1.13
2013.04.29 03:52:03.011,0.97543,0.97547,1.50,1.50
2013.04.29 03:52:03.130,0.97543,0.9755,2.25,3.00
2013.04.29 03:52:03.250,0.97542,0.97548,1.50,1.13
2013.04.29 03:52:03.790,0.97542,0.97548,1.50,1.50
2013.04.29 03:52:04.681,0.97542,0.97549,2.63,1.50
2013.04.29 03:52:05.220,0.97543,0.9755,1.50,3.00
2013.04.29 03:52:05.521,0.9754,0.97547,4.50,1.65
2013.04.29 03:52:06.080,0.9754,0.97547,2.25,2.40
2013.04.29 03:52:24.213,0.97539,0.97547,4.50,2.40
2013.04.29 03:52:24.510,0.97538,0.97544,1.65,1.50
2013.04.29 03:52:24.812,0.97537,0.97543,1.50,1.13
2013.04.29 03:52:25.170,0.97535,0.97542,2.25,1.65
2013.04.29 03:52:26.150,0.97536,0.97543,1.65,1.50
2013.04.29 03:52:26.330,0.97538,0.97545,1.13,2.25
2013.04.29 03:52:26.511,0.97538,0.97545,3.38,1.50
2013.04.29 03:52:28.060,0.97538,0.97545,4.13,1.50
2013.04.29 03:52:47.030,0.97539,0.97545,1.50,1.50
2013.04.29 03:53:00.510,0.97539,0.97547,3.75,2.78
2013.04.29 03:53:03.481,0.9754,0.97547,1.50,1.88
2013.04.29 03:53:16.688,0.97542,0.97547,1.50,1.13
2013.04.29 03:53:17.303,0.97543,0.97549,1.50,1.65
2013.04.29 03:53:17.610,0.97541,0.97547,1.50,1.88
2013.04.29 03:53:19.738,0.97541,0.97547,1.50,1.88
2013.04.29 03:53:38.180,0.9754,0.97547,2.25,1.13
2013.04.29 03:53:51.620,0.9754,0.97547,2.25,1.13
2013.04.29 03:54:06.231,0.9754,0.97546,1.50,1.88
2013.04.29 03:54:06.782,0.9754,0.97546,1.50,1.50
2013.04.29 03:54:12.051,0.97538,0.97546,1.65,3.00
2013.04.29 03:54:12.592,0.97538,0.97545,2.63,1.88
2013.04.29 03:54:13.000,0.97538,0.97544,1.13,3.15
2013.04.29 03:54:13.520,0.97538,0.97544,1.88,3.15
2013.04.29 03:54:14.041,0.97538,0.97544,1.65,2.25
2013.04.29 03:54:14.600,0.97538,0.97544,1.50,3.15
2013.04.29 03:54:15.020,0.97536,0.97542,1.50,1.88
2013.04.29 03:54:15.141,0.97534,0.9754,1.65,1.50
2013.04.29 03:54:15.383,0.97532,0.97538,1.13,3.75
2013.04.29 03:54:15.620,0.97531,0.97536,2.40,2.25
2013.04.29 03:54:16.161,0.97529,0.97536,2.85,3.00
2013.04.29 03:54:17.923,0.9753,0.97536,1.88,2.25
2013.04.29 03:54:19.270,0.9753,0.97536,1.88,2.25
2013.04.29 03:54:25.836,0.9753,0.97536,1.88,2.25
2013.04.29 03:54:29.731,0.97529,0.97534,2.85,1.50
2013.04.29 03:54:40.240,0.9753,0.97536,1.88,2.25
2013.04.29 03:54:46.140,0.9753,0.97536,2.63,2.25
2013.04.29 03:54:56.391,0.9753,0.97536,3.00,2.25
2013.04.29 03:54:57.870,0.9753,0.97535,1.50,2.25
2013.04.29 03:55:01.431,0.9753,0.97535,1.88,2.25
2013.04.29 03:55:02.024,0.97529,0.97536,1.73,3.75
2013.04.29 03:55:02.270,0.9753,0.97536,2.63,1.50
2013.04.29 03:55:02.391,0.97529,0.97536,1.73,3.00
2013.04.29 03:55:02.932,0.9753,0.97536,1.88,3.00
2013.04.29 03:55:03.291,0.9753,0.97534,1.73,2.25
2013.04.29 03:55:03.412,0.97528,0.97534,3.23,3.00
2013.04.29 03:55:03.531,0.97527,0.97534,1.50,5.40
2013.04.29 03:55:03.593,0.97525,0.9753,1.88,1.50
2013.04.29 03:55:03.951,0.9752,0.97526,1.73,3.00
2013.04.29 03:55:05.711,0.97521,0.97526,3.15,1.50
2013.04.29 03:55:05.891,0.97521,0.97529,2.63,1.50
2013.04.29 03:55:05.951,0.97523,0.97528,1.88,1.50
2013.04.29 03:55:06.370,0.97521,0.97527,1.65,3.00
2013.04.29 03:55:06.911,0.97518,0.97523,2.25,1.50
2013.04.29 03:55:07.153,0.97515,0.97521,1.50,1.50
2013.04.29 03:55:07.211,0.97513,0.97519,3.23,3.00
2013.04.29 03:55:07.451,0.97508,0.97516,4.13,3.00
2013.04.29 03:55:07.570,0.9751,0.97517,1.50,1.50
2013.04.29 03:55:08.351,0.9751,0.97518,2.25,3.00
2013.04.29 03:55:08.471,0.97511,0.97519,2.25,1.88
2013.04.29 03:55:08.531,0.97512,0.97519,3.00,1.13
2013.04.29 03:55:09.400,0.97514,0.9752,1.50,2.63
2013.04.29 03:55:09.541,0.97515,0.97522,2.25,3.90
2013.04.29 03:55:09.601,0.97516,0.97525,2.85,3.00
2013.04.29 03:55:09.781,0.97519,0.97527,2.40,1.65
2013.04.29 03:55:10.321,0.9752,0.97527,1.13,1.50
2013.04.29 03:55:10.441,0.97521,0.97529,1.65,3.90
2013.04.29 03:55:11.223,0.97523,0.97528,1.13,1.50
2013.04.29 03:55:11.641,0.97523,0.9753,1.88,1.50
2013.04.29 03:55:11.821,0.97523,0.9753,1.13,3.00
2013.04.29 03:55:12.241,0.97523,0.9753,1.88,1.50
2013.04.29 03:55:17.371,0.97524,0.9753,1.65,1.50
2013.04.29 03:55:17.490,0.97526,0.97532,1.65,1.50
2013.04.29 03:55:17.793,0.97528,0.97535,1.13,3.00
2013.04.29 03:55:18.391,0.97529,0.97537,3.15,2.78
2013.04.29 03:55:18.751,0.97531,0.97539,3.15,2.40
2013.04.29 03:55:19.581,0.97531,0.97538,3.15,1.50
2013.04.29 03:55:19.941,0.9753,0.97537,1.88,2.25
2013.04.29 03:55:21.369,0.9753,0.97538,4.13,2.25
2013.04.29 03:55:22.111,0.97534,0.9754,1.50,2.25
2013.04.29 03:55:22.170,0.97534,0.97541,1.50,3.72
2013.04.29 03:55:22.471,0.97534,0.9754,1.50,1.88
2013.04.29 03:55:22.592,0.97532,0.97539,1.50,1.65
2013.04.29 03:55:25.322,0.97531,0.97539,3.15,2.40
2013.04.29 03:55:25.381,0.9753,0.97537,2.63,1.50
2013.04.29 03:55:26.222,0.97529,0.97537,3.75,3.75
2013.04.29 03:55:26.581,0.97527,0.97534,2.48,5.25
2013.04.29 03:55:26.882,0.9752,0.97528,2.25,6.75
2013.04.29 03:55:27.071,0.9752,0.97525,2.63,1.50
2013.04.29 03:55:27.252,0.97517,0.97524,1.50,2.25
2013.04.29 03:55:27.372,0.97516,0.97521,1.65,1.50
2013.04.29 03:55:27.432,0.97515,0.9752,1.50,2.25
2013.04.29 03:55:27.491,0.97513,0.9752,1.50,3.75
2013.04.29 03:55:27.671,0.9751,0.97516,1.13,3.00
2013.04.29 03:55:28.830,0.97512,0.97518,1.13,2.25
2013.04.29 03:55:30.331,0.97511,0.97516,1.50,2.25
2013.04.29 03:55:30.391,0.97509,0.97515,1.88,3.00
2013.04.29 03:55:30.752,0.97506,0.97512,2.25,3.00
2013.04.29 03:55:30.811,0.97507,0.97514,1.13,3.00
2013.04.29 03:55:31.050,0.97506,0.97512,1.50,3.00
2013.04.29 03:55:31.471,0.97504,0.97511,1.13,1.50
2013.04.29 03:55:31.711,0.97501,0.97508,1.88,1.50
2013.04.29 03:55:32.255,0.97503,0.9751,1.88,4.50
2013.04.29 03:55:32.502,0.97506,0.97514,1.65,2.40
2013.04.29 03:55:33.008,0.97507,0.97514,1.50,1.65
2013.04.29 03:55:35.101,0.97507,0.97513,1.50,1.50
2013.04.29 03:55:35.221,0.97505,0.97511,1.50,1.65
2013.04.29 03:55:35.342,0.97502,0.97508,1.50,1.50
2013.04.29 03:55:35.701,0.975,0.97507,1.50,3.75
2013.04.29 03:55:35.814,0.975,0.97505,2.25,1.50
2013.04.29 03:55:37.802,0.97501,0.97507,1.65,1.50
2013.04.29 03:55:38.501,0.97502,0.97509,1.50,3.15
2013.04.29 03:55:38.621,0.97503,0.9751,1.88,3.38
2013.04.29 03:55:39.281,0.97503,0.9751,2.63,2.63
2013.04.29 03:55:41.570,0.97503,0.97511,2.63,3.90
2013.04.29 03:55:42.311,0.97503,0.97509,1.50,1.65
2013.04.29 03:55:42.670,0.97501,0.97508,1.65,1.50
2013.04.29 03:55:43.090,0.97503,0.9751,1.13,3.00
2013.04.29 03:55:46.031,0.97503,0.97509,1.88,1.50
2013.04.29 03:55:47.090,0.97503,0.97509,1.13,1.50
2013.04.29 03:55:51.301,0.97503,0.9751,3.38,1.13
2013.04.29 03:55:52.682,0.97503,0.97511,3.38,2.03
2013.04.29 03:55:52.861,0.97505,0.97513,5.63,2.25
2013.04.29 03:55:52.982,0.97507,0.97514,2.25,2.78
2013.04.29 03:55:53.281,0.97507,0.97514,3.00,3.53
2013.04.29 03:55:55.701,0.97509,0.97515,3.00,1.73
2013.04.29 03:55:56.061,0.97511,0.97515,1.50,2.25
2013.04.29 03:55:56.241,0.97513,0.97517,1.50,2.40
2013.04.29 03:55:56.421,0.97516,0.97523,1.50,1.13
2013.04.29 03:55:56.481,0.97519,0.97523,2.25,1.73
2013.04.29 03:55:56.606,0.97517,0.97523,1.50,1.50
2013.04.29 03:55:56.676,0.97521,0.97526,2.25,4.13
2013.04.29 03:55:56.802,0.97521,0.97525,2.25,1.13
2013.04.29 03:55:56.921,0.97523,0.97527,1.50,2.25
2013.04.29 03:55:56.987,0.97523,0.97527,2.25,2.40
2013.04.29 03:55:58.571,0.97522,0.97528,1.50,1.13
2013.04.29 03:55:58.631,0.97521,0.97529,3.15,1.65
2013.04.29 03:55:59.540,0.9752,0.97528,3.38,1.50
2013.04.29 03:56:00.160,0.97519,0.97526,1.65,1.50
2013.04.29 03:56:00.401,0.97516,0.97524,1.65,4.65
2013.04.29 03:56:00.521,0.97513,0.9752,1.88,1.88
2013.04.29 03:56:00.641,0.97511,0.97518,2.40,1.50
2013.04.29 03:56:00.702,0.9751,0.97516,1.73,3.00
2013.04.29 03:56:02.371,0.9751,0.97517,1.13,1.50
2013.04.29 03:56:09.130,0.9751,0.97517,1.13,2.25
2013.04.29 03:56:23.660,0.9751,0.97518,3.38,1.50
2013.04.29 03:56:31.541,0.97511,0.97517,1.28,2.25
2013.04.29 03:56:36.861,0.97511,0.97518,1.65,1.50
2013.04.29 03:57:27.821,0.97511,0.97519,2.63,3.00
2013.04.29 03:57:28.131,0.97515,0.97521,1.13,3.00
2013.04.29 03:57:28.251,0.97515,0.97521,1.50,2.25
2013.04.29 03:57:28.552,0.97515,0.97523,2.82,1.50
2013.04.29 03:57:28.672,0.97513,0.9752,3.38,1.50
2013.04.29 03:57:28.731,0.97514,0.97521,1.13,3.00
2013.04.29 03:57:28.851,0.97515,0.97521,1.13,1.50
2013.04.29 03:57:29.032,0.97511,0.97519,5.37,1.65
2013.04.29 03:57:29.151,0.97511,0.97519,2.03,3.90
2013.04.29 03:57:33.814,0.97509,0.97516,5.25,2.85
2013.04.29 03:57:33.884,0.97508,0.97514,1.50,1.50
2013.04.29 03:57:34.013,0.97506,0.97512,1.50,1.13
2013.04.29 03:57:34.201,0.97503,0.97511,4.47,4.50
2013.04.29 03:57:34.745,0.97502,0.97509,1.50,2.40
2013.04.29 03:57:35.290,0.97502,0.97509,1.50,2.40
2013.04.29 03:57:36.112,0.97501,0.97508,1.65,1.50
2013.04.29 03:57:38.523,0.97501,0.97509,2.40,3.90
2013.04.29 03:57:38.901,0.975,0.97507,1.88,3.00
2013.04.29 03:57:39.261,0.97499,0.97505,1.50,3.75
2013.04.29 03:57:39.501,0.97495,0.97501,2.63,1.50
2013.04.29 03:57:39.561,0.97494,0.97501,2.10,3.00
2013.04.29 03:57:40.340,0.97495,0.97501,1.13,2.25
2013.04.29 03:57:40.883,0.97495,0.97502,3.38,1.50
2013.04.29 03:57:41.002,0.97499,0.97504,1.50,1.28
2013.04.29 03:57:41.241,0.975,0.97507,1.13,2.63
2013.04.29 03:57:41.361,0.97501,0.97507,3.15,1.13
2013.04.29 03:57:41.482,0.975,0.97507,1.13,2.63
2013.04.29 03:57:41.780,0.97501,0.97508,3.15,1.50
2013.04.29 03:57:42.321,0.97501,0.97508,3.15,1.50
2013.04.29 03:57:42.381,0.975,0.97508,2.63,2.25
2013.04.29 03:57:43.153,0.97499,0.97507,5.48,2.25
2013.04.29 03:57:43.273,0.97496,0.97503,3.75,2.63
2013.04.29 03:57:43.332,0.97496,0.97501,3.00,1.50
2013.04.29 03:57:43.451,0.97493,0.97498,1.32,1.50
2013.04.29 03:57:44.001,0.97493,0.97499,1.88,1.50
2013.04.29 03:57:45.530,0.97493,0.97499,1.13,1.50
2013.04.29 03:57:45.771,0.97491,0.97497,3.15,1.50
2013.04.29 03:57:46.334,0.9749,0.97497,1.88,1.50
2013.04.29 03:57:49.471,0.97489,0.97495,3.00,1.13
2013.04.29 03:57:49.782,0.97487,0.97493,2.25,3.38
2013.04.29 03:57:49.842,0.97483,0.97491,1.88,1.50
2013.04.29 03:57:50.080,0.97483,0.97489,4.13,1.50
2013.04.29 03:57:52.242,0.97485,0.97491,1.50,2.25
2013.04.29 03:57:52.362,0.97486,0.97493,1.65,3.00
2013.04.29 03:57:52.541,0.97488,0.97493,1.88,1.50
2013.04.29 03:57:52.902,0.97493,0.97497,1.50,1.50
2013.04.29 03:57:53.081,0.97492,0.97499,3.00,1.65
2013.04.29 03:57:53.381,0.97492,0.97498,1.50,1.50
2013.04.29 03:57:53.996,0.97491,0.97498,1.13,1.65
2013.04.29 03:57:55.461,0.97491,0.97499,1.88,3.38
2013.04.29 03:57:55.701,0.97492,0.97499,1.88,1.88
2013.04.29 03:57:55.761,0.97492,0.97499,1.13,3.38
2013.04.29 03:57:57.311,0.97493,0.97499,1.65,1.13
2013.04.29 03:57:58.031,0.97491,0.97499,4.13,4.13
2013.04.29 03:57:58.272,0.97495,0.97501,2.40,1.50
2013.04.29 03:57:58.392,0.97496,0.97504,3.75,3.00
2013.04.29 03:57:58.751,0.97498,0.97504,1.65,1.13
2013.04.29 03:57:59.051,0.975,0.97507,1.50,1.13
2013.04.29 03:57:59.351,0.97501,0.97508,1.50,1.28
2013.04.29 03:58:00.450,0.97501,0.97507,1.50,3.60
2013.04.29 03:58:00.691,0.97495,0.97501,1.09,2.25
2013.04.29 03:58:01.231,0.97494,0.97501,1.50,2.40
2013.04.29 03:58:01.770,0.97494,0.97501,1.88,1.50
2013.04.29 03:58:02.010,0.97493,0.975,1.65,2.25
2013.04.29 03:58:04.815,0.97491,0.97498,2.85,3.00
2013.04.29 03:58:05.361,0.97491,0.97495,1.88,2.25
2013.04.29 03:58:05.929,0.9749,0.97495,3.53,2.25
2013.04.29 03:58:06.470,0.97486,0.97493,4.13,1.50
2013.04.29 03:58:06.591,0.97483,0.9749,3.38,1.88
2013.04.29 03:58:06.711,0.97481,0.97487,2.25,1.50
2013.04.29 03:58:06.771,0.97481,0.97485,1.50,1.50
2013.04.29 03:58:07.313,0.97479,0.97485,2.67,2.25
2013.04.29 03:58:07.431,0.9748,0.97487,1.65,3.00
2013.04.29 03:58:08.221,0.9748,0.97488,2.40,3.90
2013.04.29 03:58:08.521,0.9748,0.97488,2.40,1.65
2013.04.29 03:58:08.701,0.97481,0.97488,1.88,1.50
2013.04.29 03:58:08.881,0.97483,0.97491,3.90,2.78
2013.04.29 03:58:09.061,0.97485,0.97491,2.25,2.03
2013.04.29 03:58:09.241,0.97489,0.97496,3.00,1.65
2013.04.29 03:58:09.302,0.9749,0.97497,1.65,2.63
2013.04.29 03:58:09.660,0.97492,0.97499,3.00,2.25
2013.04.29 03:58:09.780,0.97491,0.97499,1.50,3.00
2013.04.29 03:58:10.442,0.9749,0.97498,3.15,1.65
2013.04.29 03:58:12.700,0.97489,0.97497,4.50,1.50
2013.04.29 03:58:14.928,0.97489,0.97496,1.88,1.50
2013.04.29 03:58:15.232,0.97485,0.97492,1.50,4.88
2013.04.29 03:58:15.351,0.97481,0.97489,4.50,4.88
2013.04.29 03:58:17.311,0.97483,0.97489,1.65,1.50
2013.04.29 03:58:17.553,0.97487,0.97492,1.50,1.88
2013.04.29 03:58:17.673,0.97487,0.97494,3.00,1.13
2013.04.29 03:58:17.742,0.97487,0.97495,4.88,1.88
2013.04.29 03:58:17.862,0.9749,0.97497,2.40,3.75
2013.04.29 03:58:18.161,0.97492,0.975,4.13,2.25
2013.04.29 03:58:18.400,0.97492,0.97499,3.00,1.13
2013.04.29 03:58:18.581,0.97491,0.97498,2.63,1.65
2013.04.29 03:58:21.891,0.97492,0.97498,1.88,1.50
2013.04.29 03:58:22.011,0.97493,0.975,3.90,1.13
2013.04.29 03:58:22.371,0.97492,0.97499,1.50,1.88
2013.04.29 03:58:22.911,0.97491,0.97499,2.25,4.13
2013.04.29 03:58:23.540,0.97491,0.97497,1.50,1.50
2013.04.29 03:58:29.381,0.97489,0.97495,2.63,1.50
2013.04.29 03:58:29.682,0.97484,0.97491,1.13,2.40
2013.04.29 03:58:29.802,0.97482,0.97488,1.50,1.65
2013.04.29 03:58:30.360,0.97481,0.97488,1.50,1.65
2013.04.29 03:58:33.041,0.97482,0.97489,3.00,1.13
2013.04.29 03:58:39.261,0.97482,0.9749,3.38,1.50
2013.04.29 03:58:39.799,0.97482,0.9749,4.13,1.50
2013.04.29 03:58:40.841,0.97484,0.97492,3.75,3.19
2013.04.29 03:58:41.142,0.97488,0.97494,2.40,1.50
2013.04.29 03:58:41.202,0.97489,0.97496,1.13,1.88
2013.04.29 03:58:41.383,0.97491,0.97498,3.00,3.04
2013.04.29 03:58:41.502,0.97489,0.97497,3.75,2.63
2013.04.29 03:58:41.741,0.97489,0.97497,3.00,2.63
2013.04.29 03:58:42.171,0.97487,0.97494,1.50,4.88
2013.04.29 03:58:42.474,0.97483,0.9749,2.40,3.75
2013.04.29 03:58:42.591,0.97484,0.9749,1.50,1.50
2013.04.29 03:58:43.101,0.97483,0.9749,1.65,1.50
2013.04.29 03:58:47.411,0.97484,0.97492,1.50,4.88
2013.04.29 03:58:47.932,0.97482,0.9749,3.75,3.75
2013.04.29 03:58:47.991,0.97482,0.97489,1.50,1.88
2013.04.29 03:58:50.340,0.97484,0.97489,1.50,2.25
2013.04.29 03:58:50.641,0.97489,0.97493,1.50,1.65
2013.04.29 03:58:50.761,0.97489,0.97496,1.88,2.63
2013.04.29 03:58:50.941,0.97491,0.97498,1.50,4.28
2013.04.29 03:58:51.485,0.97492,0.97499,1.50,1.13
2013.04.29 03:58:52.412,0.9749,0.97498,1.65,1.65
2013.04.29 03:58:52.712,0.97484,0.97491,2.25,1.65
2013.04.29 03:58:53.262,0.97485,0.97492,3.75,1.13
2013.04.29 03:58:53.322,0.97487,0.97493,1.88,1.73
2013.04.29 03:58:53.381,0.97488,0.97494,1.50,1.88
2013.04.29 03:58:53.507,0.9749,0.97496,1.65,1.50
2013.04.29 03:58:53.572,0.97491,0.97498,3.00,2.40
2013.04.29 03:58:53.931,0.97493,0.975,3.90,1.13
2013.04.29 03:58:53.991,0.97493,0.97501,3.90,1.65
2013.04.29 03:58:55.121,0.97497,0.97503,1.13,3.00
2013.04.29 03:58:55.242,0.97497,0.97504,2.63,1.50
2013.04.29 03:58:55.301,0.97498,0.97506,3.15,1.65
2013.04.29 03:58:55.601,0.97496,0.97503,1.50,1.65
2013.04.29 03:58:57.131,0.97495,0.97502,3.00,1.13
2013.04.29 03:58:57.252,0.97495,0.97501,1.50,1.65
2013.04.29 03:58:57.373,0.97493,0.97501,4.28,3.15
2013.04.29 03:58:57.911,0.97491,0.97499,3.75,3.38
2013.04.29 03:59:02.982,0.97492,0.97498,1.13,1.50
2013.04.29 03:59:03.492,0.97492,0.97499,1.50,1.88
2013.04.29 03:59:21.352,0.97493,0.97499,1.65,1.50
2013.04.29 03:59:21.711,0.97493,0.97501,4.65,1.65
2013.04.29 03:59:23.702,0.97495,0.97502,2.25,1.13
2013.04.29 03:59:23.761,0.97496,0.97503,1.50,2.40
2013.04.29 03:59:28.101,0.97498,0.97505,1.50,1.13
2013.04.29 03:59:28.161,0.97498,0.97506,1.65,3.90
2013.04.29 03:59:28.342,0.975,0.97507,3.75,1.88
2013.04.29 03:59:41.393,0.97501,0.97508,1.50,1.65
2013.04.29 03:59:41.511,0.97502,0.97509,3.75,1.13
2013.04.29 03:59:42.051,0.97502,0.9751,4.88,2.40
2013.04.29 03:59:42.571,0.97503,0.97511,1.50,2.40
2013.04.29 03:59:43.812,0.97496,0.97506,8.63,1.13
2013.04.29 03:59:43.874,0.97498,0.97504,1.88,1.13
2013.04.29 03:59:43.943,0.97497,0.97503,1.73,3.00
2013.04.29 03:59:44.181,0.97495,0.97501,1.88,1.84
2013.04.29 03:59:44.242,0.97493,0.97499,3.00,1.13
2013.04.29 03:59:44.302,0.97492,0.97499,2.63,2.63
2013.04.29 03:59:44.841,0.97493,0.97501,1.65,4.65
2013.04.29 03:59:44.962,0.97493,0.97501,3.90,2.40
2013.04.29 03:59:45.322,0.97495,0.97502,3.00,1.88
2013.04.29 03:59:45.502,0.97495,0.97503,3.90,1.65
2013.04.29 03:59:45.683,0.97496,0.97503,1.50,1.88
2013.04.29 03:59:45.802,0.97494,0.97502,1.88,2.07
2013.04.29 03:59:46.103,0.97493,0.975,3.00,1.13
2013.04.29 03:59:46.163,0.97493,0.97499,1.50,1.13
2013.04.29 03:59:46.401,0.97491,0.97499,3.00,3.38
2013.04.29 03:59:49.861,0.97491,0.97499,3.75,3.38
2013.04.29 03:59:51.101,0.97493,0.97501,3.00,4.35
2013.04.29 03:59:51.163,0.97495,0.97501,1.50,1.65
2013.04.29 03:59:51.341,0.97495,0.97503,3.15,3.53
2013.04.29 03:59:51.462,0.97497,0.97504,3.00,1.88
2013.04.29 03:59:58.791,0.97496,0.97504,2.63,5.63
2013.04.29 03:59:59.154,0.97493,0.97501,2.40,2.40
