2013.04.02 20:00:00.087,0.93437,0.93444,3.38,2.63
2013.04.02 20:00:00.398,0.93441,0.93447,2.25,3.15
2013.04.02 20:00:00.758,0.93444,0.93451,4.35,2.25
2013.04.02 20:00:01.803,0.93444,0.93449,2.03,1.50
2013.04.02 20:00:02.850,0.93444,0.93449,1.28,1.50
2013.04.02 20:00:03.844,0.93444,0.93449,2.03,1.50
2013.04.02 20:00:04.347,0.93445,0.9345,1.50,1.50
2013.04.02 20:00:04.885,0.93446,0.93452,1.50,1.50
2013.04.02 20:00:06.847,0.93445,0.93449,2.25,1.13
2013.04.02 20:00:07.026,0.93445,0.93449,1.50,1.13
2013.04.02 20:00:08.957,0.93442,0.93448,2.25,3.00
2013.04.02 20:00:09.076,0.93443,0.93449,2.33,1.50
2013.04.02 20:00:09.197,0.93444,0.9345,1.50,2.25
2013.04.02 20:00:09.256,0.93441,0.93447,1.88,1.50
2013.04.02 20:00:09.496,0.93444,0.9345,1.73,2.25
2013.04.02 20:00:10.036,0.93443,0.93449,3.00,1.50
2013.04.02 20:00:10.608,0.93445,0.9345,1.50,1.50
2013.04.02 20:00:11.157,0.93445,0.9345,1.50,1.50
2013.04.02 20:00:13.987,0.93445,0.9345,1.50,1.50
2013.04.02 20:00:14.477,0.93443,0.93448,2.48,1.50
2013.04.02 20:00:17.409,0.93443,0.93448,3.38,1.50
2013.04.02 20:00:17.997,0.93443,0.93448,2.48,1.50
2013.04.02 20:00:18.507,0.93443,0.93449,3.38,1.50
2013.04.02 20:00:19.635,0.93445,0.9345,1.50,1.50
2013.04.02 20:00:20.626,0.93445,0.9345,1.50,1.50
2013.04.02 20:00:21.169,0.93443,0.93448,2.48,1.50
2013.04.02 20:00:22.014,0.93443,0.93448,3.38,1.50
2013.04.02 20:00:22.552,0.93443,0.93448,2.48,1.50
2013.04.02 20:00:30.156,0.93441,0.93446,10.85,1.50
2013.04.02 20:00:30.216,0.93443,0.93448,2.25,3.98
2013.04.02 20:00:30.336,0.93439,0.93445,1.65,1.50
2013.04.02 20:00:30.397,0.93438,0.93443,1.50,1.73
2013.04.02 20:00:30.457,0.93438,0.93442,1.50,1.88
2013.04.02 20:00:30.636,0.93436,0.93442,1.50,2.63
2013.04.02 20:00:31.727,0.93434,0.9344,2.03,1.50
2013.04.02 20:00:32.266,0.93432,0.93438,4.20,1.50
2013.04.02 20:00:33.457,0.93434,0.93438,1.50,1.50
2013.04.02 20:00:38.695,0.93432,0.93438,4.58,1.50
2013.04.02 20:00:39.007,0.93432,0.93438,2.25,1.50
2013.04.02 20:00:41.046,0.93432,0.93438,1.50,1.50
2013.04.02 20:00:43.376,0.93432,0.93438,1.50,1.50
2013.04.02 20:00:44.424,0.93432,0.93438,1.50,1.50
2013.04.02 20:00:44.486,0.93434,0.93438,1.13,1.50
2013.04.02 20:00:44.606,0.93434,0.93439,2.85,1.50
2013.04.02 20:00:44.917,0.93437,0.93442,1.50,1.13
2013.04.02 20:00:45.476,0.93438,0.93443,1.13,1.50
2013.04.02 20:00:46.016,0.93438,0.93445,1.88,3.00
2013.04.02 20:00:47.356,0.93437,0.93443,1.73,1.50
2013.04.02 20:00:50.347,0.93438,0.93445,1.88,3.00
2013.04.02 20:00:50.904,0.93437,0.93443,1.73,1.50
2013.04.02 20:00:51.694,0.93428,0.93439,1.50,2.63
2013.04.02 20:00:51.756,0.93427,0.93434,1.50,2.63
2013.04.02 20:00:51.936,0.93421,0.93428,3.75,1.50
2013.04.02 20:00:52.060,0.93421,0.93427,3.00,1.50
2013.04.02 20:00:52.246,0.93419,0.93425,3.00,1.50
2013.04.02 20:00:52.797,0.93419,0.93424,1.50,1.50
2013.04.02 20:00:53.861,0.93419,0.93425,3.60,1.50
2013.04.02 20:00:57.377,0.93421,0.93427,1.50,1.50
2013.04.02 20:00:58.896,0.93419,0.93425,3.23,1.50
2013.04.02 20:00:58.956,0.93419,0.93425,2.40,1.50
2013.04.02 20:00:59.496,0.93417,0.93423,2.78,1.50
2013.04.02 20:01:00.419,0.93417,0.93423,3.53,1.50
2013.04.02 20:01:00.518,0.93417,0.93423,2.78,2.25
2013.04.02 20:01:01.066,0.93419,0.93425,1.88,1.50
2013.04.02 20:01:01.651,0.93419,0.93425,1.88,1.50
2013.04.02 20:01:02.195,0.93417,0.93423,3.53,1.50
2013.04.02 20:01:02.766,0.93419,0.93424,1.50,1.13
2013.04.02 20:01:03.617,0.93419,0.93424,1.50,1.13
2013.04.02 20:01:03.930,0.93419,0.93425,2.63,1.50
2013.04.02 20:01:03.997,0.9342,0.93425,1.50,1.50
2013.04.02 20:01:04.057,0.93421,0.93427,1.50,1.65
2013.04.02 20:01:04.605,0.93419,0.93425,3.38,1.50
2013.04.02 20:01:05.245,0.93419,0.93425,1.88,1.50
2013.04.02 20:01:05.786,0.93419,0.93424,1.50,1.65
2013.04.02 20:01:07.446,0.93419,0.93424,1.88,1.50
2013.04.02 20:01:09.208,0.93419,0.93424,1.13,1.50
2013.04.02 20:01:18.796,0.93419,0.93423,1.13,1.50
2013.04.02 20:01:18.976,0.93416,0.93422,1.50,1.50
2013.04.02 20:01:19.515,0.93414,0.93422,4.13,1.50
2013.04.02 20:01:19.945,0.93414,0.93422,2.63,3.00
2013.04.02 20:01:20.485,0.93414,0.93422,2.63,3.75
2013.04.02 20:01:20.795,0.93416,0.93422,1.50,3.00
2013.04.02 20:01:21.795,0.93414,0.9342,2.63,1.50
2013.04.02 20:01:22.284,0.93414,0.93422,2.63,3.75
2013.04.02 20:01:22.747,0.93414,0.93421,1.88,1.50
2013.04.02 20:01:22.927,0.93412,0.93417,4.13,1.50
2013.04.02 20:01:23.106,0.93412,0.93418,2.25,2.40
2013.04.02 20:01:23.167,0.93411,0.93417,1.13,2.25
2013.04.02 20:01:23.466,0.93411,0.93416,1.88,1.50
2013.04.02 20:01:23.826,0.93413,0.93419,1.50,2.40
2013.04.02 20:01:24.488,0.93413,0.93419,2.25,1.50
2013.04.02 20:01:25.615,0.93414,0.9342,1.50,1.13
2013.04.02 20:01:25.976,0.93416,0.93422,3.00,1.88
2013.04.02 20:01:26.036,0.93416,0.93421,3.00,1.13
2013.04.02 20:01:26.216,0.93412,0.93418,2.25,1.50
2013.04.02 20:01:26.636,0.93414,0.9342,3.38,3.75
2013.04.02 20:01:26.756,0.93417,0.93422,1.58,2.25
2013.04.02 20:01:26.877,0.93418,0.93424,2.63,3.00
2013.04.02 20:01:26.940,0.93422,0.93428,1.50,4.50
2013.04.02 20:01:27.306,0.93424,0.93429,1.65,1.50
2013.04.02 20:01:27.547,0.93422,0.93429,3.00,2.40
2013.04.02 20:01:27.856,0.93422,0.93428,2.25,1.50
2013.04.02 20:01:31.186,0.93421,0.93425,1.50,1.50
2013.04.02 20:01:31.306,0.93419,0.93424,1.50,1.13
2013.04.02 20:01:35.616,0.93419,0.93425,1.50,1.50
2013.04.02 20:01:36.095,0.93417,0.93424,5.25,2.25
2013.04.02 20:01:36.276,0.93419,0.93424,1.50,2.25
2013.04.02 20:01:36.827,0.93419,0.93424,1.50,1.50
2013.04.02 20:01:37.347,0.93419,0.93425,4.88,1.50
2013.04.02 20:01:37.646,0.93418,0.93423,1.50,1.65
2013.04.02 20:01:37.896,0.93417,0.93423,2.25,2.40
2013.04.02 20:01:38.707,0.93418,0.93424,1.13,1.50
2013.04.02 20:01:39.326,0.9342,0.93426,1.50,1.65
2013.04.02 20:01:44.547,0.93424,0.9343,1.50,3.75
2013.04.02 20:01:44.667,0.93427,0.93434,1.13,1.50
2013.04.02 20:01:44.846,0.93426,0.93432,2.25,1.33
2013.04.02 20:01:44.966,0.93427,0.93433,1.73,2.25
2013.04.02 20:01:45.092,0.93427,0.93432,1.50,1.13
2013.04.02 20:01:45.413,0.93427,0.93434,2.48,2.63
2013.04.02 20:01:46.706,0.9343,0.93435,2.85,2.25
2013.04.02 20:01:46.767,0.93432,0.93437,1.50,2.25
2013.04.02 20:01:46.898,0.93434,0.9344,1.88,4.88
2013.04.02 20:01:47.586,0.93432,0.93438,2.25,1.88
2013.04.02 20:01:47.787,0.93421,0.93429,1.88,4.88
2013.04.02 20:01:48.325,0.93419,0.93424,2.63,1.50
2013.04.02 20:01:48.851,0.93419,0.93425,1.88,1.50
2013.04.02 20:01:59.326,0.93419,0.93424,3.38,1.50
2013.04.02 20:01:59.688,0.93418,0.93424,1.50,3.38
2013.04.02 20:01:59.756,0.93418,0.93424,1.50,2.63
2013.04.02 20:02:00.356,0.9342,0.93426,1.50,3.53
2013.04.02 20:02:00.416,0.93421,0.93427,1.50,1.50
2013.04.02 20:02:00.717,0.93426,0.93432,1.50,5.03
2013.04.02 20:02:00.777,0.93426,0.93432,1.50,3.53
2013.04.02 20:02:00.836,0.93426,0.93431,1.50,1.13
2013.04.02 20:02:01.196,0.93426,0.93431,1.50,1.13
2013.04.02 20:02:04.420,0.93426,0.93432,1.50,3.38
2013.04.02 20:02:04.607,0.93428,0.93434,1.50,1.35
2013.04.02 20:02:04.786,0.93429,0.93435,1.50,1.50
2013.04.02 20:02:05.376,0.93429,0.93434,1.50,1.13
2013.04.02 20:02:05.507,0.93422,0.93429,1.50,1.65
2013.04.02 20:02:05.566,0.93422,0.93428,1.50,1.88
2013.04.02 20:02:07.338,0.93422,0.93429,2.48,1.50
2013.04.02 20:02:07.896,0.93426,0.93431,1.50,1.88
2013.04.02 20:02:08.457,0.93426,0.93431,1.50,1.88
2013.04.02 20:02:09.233,0.93426,0.93432,2.25,2.25
2013.04.02 20:02:09.897,0.93424,0.9343,3.15,1.50
2013.04.02 20:02:10.196,0.93424,0.93429,1.50,1.13
2013.04.02 20:02:11.336,0.93422,0.93429,3.15,1.88
2013.04.02 20:02:12.536,0.93424,0.93429,1.50,1.13
2013.04.02 20:02:13.105,0.93422,0.93429,3.15,1.88
2013.04.02 20:02:14.095,0.93424,0.93429,1.50,1.88
2013.04.02 20:02:14.216,0.93422,0.93427,1.65,1.50
2013.04.02 20:02:14.337,0.93419,0.93424,2.03,1.50
2013.04.02 20:02:14.457,0.93417,0.93423,3.30,1.50
2013.04.02 20:02:14.816,0.93421,0.93427,1.65,1.88
2013.04.02 20:02:14.936,0.9342,0.93428,1.88,1.50
2013.04.02 20:02:15.486,0.93424,0.93429,1.50,1.50
2013.04.02 20:02:17.397,0.93422,0.93428,1.65,1.50
2013.04.02 20:02:17.937,0.9342,0.93425,1.35,1.50
2013.04.02 20:02:18.287,0.93418,0.93425,4.35,3.75
2013.04.02 20:02:21.229,0.93419,0.93425,2.33,2.25
2013.04.02 20:02:22.044,0.93419,0.93425,1.35,1.50
2013.04.02 20:02:26.946,0.93419,0.93425,1.65,1.50
2013.04.02 20:02:28.296,0.93419,0.93425,2.40,1.50
2013.04.02 20:02:28.836,0.93419,0.93425,2.40,1.50
2013.04.02 20:02:39.378,0.93419,0.93425,1.65,2.25
2013.04.02 20:02:42.195,0.93419,0.93424,1.13,1.50
2013.04.02 20:02:55.736,0.93419,0.93425,3.38,1.50
2013.04.02 20:02:59.846,0.93421,0.93427,1.88,1.50
2013.04.02 20:03:00.398,0.93419,0.93425,3.60,1.50
2013.04.02 20:03:00.989,0.93421,0.93427,1.88,1.50
2013.04.02 20:03:01.059,0.93421,0.93426,1.88,1.50
2013.04.02 20:03:05.656,0.93421,0.93427,2.63,1.50
2013.04.02 20:03:06.206,0.93419,0.93427,3.38,1.88
2013.04.02 20:03:06.394,0.93418,0.93424,1.50,2.40
2013.04.02 20:03:06.945,0.93418,0.93424,1.50,2.40
2013.04.02 20:03:07.305,0.93416,0.93424,7.50,2.78
2013.04.02 20:03:14.736,0.93418,0.93424,1.50,2.78
2013.04.02 20:03:27.636,0.93417,0.93423,1.50,1.88
2013.04.02 20:03:35.856,0.93417,0.93423,1.50,1.50
2013.04.02 20:03:42.218,0.93417,0.93423,1.50,1.13
2013.04.02 20:03:42.636,0.9342,0.93425,1.50,2.03
2013.04.02 20:03:42.697,0.9342,0.93426,1.88,1.50
2013.04.02 20:03:42.878,0.93423,0.93427,1.35,2.25
2013.04.02 20:03:42.957,0.93425,0.9343,1.50,1.73
2013.04.02 20:03:43.150,0.93426,0.93432,1.50,3.31
2013.04.02 20:03:43.636,0.93426,0.93432,1.50,2.03
2013.04.02 20:03:44.950,0.93425,0.93431,3.00,1.13
2013.04.02 20:03:45.019,0.93422,0.9343,1.69,1.88
2013.04.02 20:03:45.566,0.93424,0.9343,1.50,1.73
2013.04.02 20:03:46.877,0.93421,0.93426,6.75,3.23
2013.04.02 20:03:46.997,0.93416,0.93421,1.50,1.50
2013.04.02 20:03:47.418,0.93417,0.93424,3.00,1.88
2013.04.02 20:03:47.967,0.93418,0.93423,1.50,1.13
2013.04.02 20:03:48.523,0.93418,0.93423,1.50,1.50
2013.04.02 20:03:49.056,0.93418,0.93423,1.50,1.50
2013.04.02 20:03:49.236,0.93418,0.93424,3.60,2.63
2013.04.02 20:03:49.356,0.9342,0.93425,2.10,1.50
2013.04.02 20:03:49.716,0.93425,0.93431,1.50,3.00
2013.04.02 20:03:51.775,0.93424,0.9343,1.50,1.13
2013.04.02 20:03:51.895,0.93423,0.9343,3.00,1.35
2013.04.02 20:03:51.956,0.93415,0.93423,3.00,3.04
2013.04.02 20:03:52.075,0.93408,0.93414,1.50,1.88
2013.04.02 20:03:52.149,0.93406,0.93412,3.00,1.50
2013.04.02 20:03:52.216,0.93406,0.93412,3.00,1.50
2013.04.02 20:03:52.985,0.93408,0.93413,1.50,1.13
2013.04.02 20:03:55.680,0.93408,0.93414,1.88,2.63
2013.04.02 20:03:56.201,0.93408,0.93414,1.50,2.25
2013.04.02 20:03:56.747,0.93407,0.93416,2.25,3.98
2013.04.02 20:03:56.807,0.93409,0.93417,3.00,2.85
2013.04.02 20:03:59.616,0.93411,0.93416,1.50,1.13
2013.04.02 20:03:59.736,0.93411,0.93417,3.00,1.13
2013.04.02 20:03:59.797,0.93413,0.9342,2.31,3.38
2013.04.02 20:03:59.916,0.93415,0.9342,2.31,1.88
2013.04.02 20:04:00.217,0.93427,0.93437,10.35,1.13
2013.04.02 20:04:00.581,0.93428,0.93434,3.00,1.50
2013.04.02 20:04:02.618,0.93425,0.93431,1.50,1.65
2013.04.02 20:04:02.677,0.93424,0.93429,3.75,1.50
2013.04.02 20:04:02.797,0.93424,0.93431,1.50,1.65
2013.04.02 20:04:03.609,0.93425,0.93429,1.50,1.50
2013.04.02 20:04:03.687,0.93423,0.93428,3.00,1.50
2013.04.02 20:04:04.658,0.93425,0.93432,1.88,1.88
2013.04.02 20:04:04.837,0.93429,0.93435,3.00,1.50
2013.04.02 20:04:05.207,0.93429,0.93435,3.00,1.13
2013.04.02 20:04:05.387,0.93432,0.93439,1.50,3.38
2013.04.02 20:04:05.447,0.93431,0.93437,3.00,1.13
2013.04.02 20:04:05.767,0.93437,0.93445,2.25,3.00
2013.04.02 20:04:05.826,0.93438,0.93443,3.75,1.13
2013.04.02 20:04:07.728,0.93438,0.93443,3.00,1.13
2013.04.02 20:04:07.850,0.93439,0.93446,1.65,1.65
2013.04.02 20:04:08.396,0.93441,0.93447,1.50,1.13
2013.04.02 20:04:12.807,0.93441,0.93447,1.50,1.88
2013.04.02 20:04:13.345,0.9344,0.93447,3.00,1.88
2013.04.02 20:04:14.555,0.93439,0.93445,1.50,1.13
2013.04.02 20:04:14.689,0.93439,0.93445,1.50,1.13
2013.04.02 20:04:15.229,0.93442,0.93448,1.32,2.25
2013.04.02 20:04:15.297,0.93443,0.93448,2.25,2.25
2013.04.02 20:04:15.656,0.93447,0.93453,1.50,1.88
2013.04.02 20:04:16.460,0.93445,0.93452,3.57,1.13
2013.04.02 20:04:26.079,0.93447,0.93453,2.25,1.73
2013.04.02 20:04:27.616,0.93446,0.93451,1.88,1.65
2013.04.02 20:04:34.107,0.93445,0.9345,1.88,1.50
2013.04.02 20:04:34.287,0.93442,0.93448,2.25,1.50
2013.04.02 20:04:34.587,0.93438,0.93445,1.50,2.63
2013.04.02 20:04:34.647,0.93439,0.93444,1.50,1.65
2013.04.02 20:04:36.786,0.93438,0.93443,1.50,1.50
2013.04.02 20:04:37.326,0.93436,0.93442,1.50,1.65
2013.04.02 20:04:38.256,0.93435,0.93441,2.25,1.50
2013.04.02 20:04:39.156,0.93436,0.93442,6.75,1.65
2013.04.02 20:04:39.457,0.93438,0.93443,1.13,3.75
2013.04.02 20:04:39.517,0.93438,0.93444,1.50,1.65
2013.04.02 20:04:40.176,0.93438,0.93443,2.25,1.50
2013.04.02 20:04:48.846,0.93438,0.93444,1.50,1.65
2013.04.02 20:04:49.027,0.93436,0.93442,2.63,1.13
2013.04.02 20:04:49.086,0.93436,0.93442,1.88,2.63
2013.04.02 20:04:49.206,0.93434,0.9344,1.50,2.25
2013.04.02 20:04:49.566,0.93434,0.9344,2.25,1.50
2013.04.02 20:05:05.766,0.93434,0.9344,2.25,1.50
2013.04.02 20:05:10.070,0.93432,0.93438,3.00,1.50
2013.04.02 20:05:10.496,0.9343,0.93436,1.50,1.50
2013.04.02 20:05:14.816,0.9343,0.93436,1.50,1.50
2013.04.02 20:05:14.937,0.9343,0.93436,1.13,2.25
2013.04.02 20:05:15.296,0.93432,0.93438,2.25,2.25
2013.04.02 20:05:18.816,0.93432,0.93438,2.25,2.48
2013.04.02 20:05:18.879,0.93428,0.93434,6.00,1.50
2013.04.02 20:05:18.946,0.93426,0.93433,2.25,3.75
2013.04.02 20:05:19.007,0.93426,0.93433,1.50,3.75
2013.04.02 20:05:19.128,0.93425,0.93431,1.65,1.50
2013.04.02 20:05:19.616,0.93426,0.93433,1.50,3.75
2013.04.02 20:05:21.347,0.93424,0.93431,1.50,1.50
2013.04.02 20:05:22.896,0.93427,0.93433,1.13,3.00
2013.04.02 20:05:22.957,0.93428,0.93434,1.13,1.88
2013.04.02 20:05:23.078,0.93428,0.93435,1.50,4.88
2013.04.02 20:05:23.337,0.9343,0.93437,1.73,6.00
2013.04.02 20:05:23.457,0.9343,0.93437,1.13,3.75
2013.04.02 20:05:23.641,0.93431,0.93438,1.50,1.50
2013.04.02 20:05:23.768,0.9343,0.93437,1.50,3.15
2013.04.02 20:05:24.317,0.9343,0.93437,1.50,3.90
2013.04.02 20:05:25.976,0.9343,0.93437,1.50,3.15
2013.04.02 20:05:42.227,0.93429,0.93435,1.65,1.50
2013.04.02 20:05:43.316,0.9343,0.93434,1.65,1.50
2013.04.02 20:05:43.444,0.93429,0.93435,1.65,1.50
2013.04.02 20:05:46.358,0.93429,0.93434,1.65,1.50
2013.04.02 20:05:46.477,0.93429,0.93435,1.65,1.50
2013.04.02 20:05:47.522,0.9343,0.93434,1.65,1.50
2013.04.02 20:05:48.157,0.93429,0.93435,1.50,1.50
2013.04.02 20:05:48.278,0.93426,0.93432,1.88,2.40
2013.04.02 20:05:48.336,0.93426,0.93432,1.88,2.40
2013.04.02 20:05:49.336,0.93426,0.93433,1.88,1.13
2013.04.02 20:05:49.637,0.9343,0.93436,1.88,3.00
2013.04.02 20:05:49.947,0.93431,0.93437,1.50,1.65
2013.04.02 20:05:50.367,0.93428,0.93434,2.25,1.65
2013.04.02 20:05:50.498,0.93425,0.93431,3.00,3.00
2013.04.02 20:05:50.677,0.93423,0.93429,1.50,1.65
2013.04.02 20:05:51.216,0.93423,0.93429,2.25,1.65
2013.04.02 20:05:52.397,0.93423,0.93428,2.25,1.50
2013.04.02 20:05:54.524,0.93422,0.93428,1.50,1.50
2013.04.02 20:05:55.436,0.93421,0.93427,3.15,2.25
2013.04.02 20:05:56.247,0.93422,0.93429,1.50,3.15
2013.04.02 20:05:56.606,0.93423,0.9343,2.25,1.88
2013.04.02 20:06:00.486,0.93421,0.93429,5.93,1.13
2013.04.02 20:06:00.547,0.93421,0.93428,6.00,1.13
2013.04.02 20:06:00.857,0.93419,0.93425,1.13,3.75
2013.04.02 20:06:10.979,0.93419,0.93423,1.13,1.50
2013.04.02 20:06:11.037,0.93416,0.93423,1.13,1.50
2013.04.02 20:06:11.576,0.93415,0.93421,1.50,1.50
2013.04.02 20:06:12.726,0.93415,0.93421,1.50,1.50
2013.04.02 20:06:14.686,0.93415,0.93421,1.88,1.50
2013.04.02 20:06:14.809,0.93415,0.93422,1.50,1.88
2013.04.02 20:06:15.321,0.93417,0.93422,1.50,1.73
2013.04.02 20:06:15.650,0.93416,0.93422,1.50,1.13
2013.04.02 20:06:16.158,0.93416,0.93422,1.50,1.13
2013.04.02 20:06:17.828,0.93413,0.93418,3.38,1.50
2013.04.02 20:06:18.066,0.9341,0.93416,2.25,1.65
2013.04.02 20:06:21.199,0.93411,0.93418,1.50,3.23
2013.04.02 20:06:24.146,0.93411,0.93418,1.88,3.15
2013.04.02 20:06:24.665,0.93412,0.93418,1.50,3.15
2013.04.02 20:06:26.188,0.93412,0.93416,2.25,1.50
2013.04.02 20:06:26.486,0.93409,0.93415,2.25,1.50
2013.04.02 20:06:26.851,0.93409,0.93416,1.50,1.50
2013.04.02 20:06:27.396,0.9341,0.93417,1.50,4.13
2013.04.02 20:06:30.566,0.9341,0.93417,1.13,3.00
2013.04.02 20:06:30.686,0.93411,0.93419,1.65,5.25
2013.04.02 20:06:31.106,0.93412,0.93417,1.65,1.50
2013.04.02 20:06:31.227,0.9341,0.93415,1.50,1.50
2013.04.02 20:06:31.756,0.9341,0.93417,1.50,3.38
2013.04.02 20:06:34.923,0.93409,0.93415,2.03,1.50
2013.04.02 20:06:36.848,0.93409,0.93414,1.50,1.35
2013.04.02 20:06:37.484,0.93406,0.93412,2.25,1.50
2013.04.02 20:06:39.528,0.93408,0.93413,1.50,1.50
2013.04.02 20:06:39.587,0.93403,0.93407,2.25,1.13
2013.04.02 20:06:39.767,0.93398,0.93404,2.85,1.50
2013.04.02 20:06:39.827,0.93399,0.93405,1.65,2.25
2013.04.02 20:06:40.376,0.93403,0.93408,1.50,1.13
2013.04.02 20:06:40.661,0.93401,0.93407,3.15,1.50
2013.04.02 20:06:41.206,0.93403,0.93409,1.50,1.88
2013.04.02 20:06:42.734,0.93402,0.93408,1.65,1.50
2013.04.02 20:06:43.046,0.93404,0.93411,1.65,3.38
2013.04.02 20:06:43.106,0.93404,0.9341,1.65,1.50
2013.04.02 20:06:43.227,0.93408,0.93414,1.88,1.88
2013.04.02 20:06:43.928,0.93409,0.93415,1.65,1.50
2013.04.02 20:06:44.437,0.9341,0.93415,1.50,2.25
2013.04.02 20:06:44.981,0.93409,0.93415,2.25,1.73
2013.04.02 20:06:48.051,0.93409,0.93415,1.50,2.63
2013.04.02 20:06:48.877,0.93407,0.93412,3.00,1.13
2013.04.02 20:06:48.936,0.93407,0.93412,3.00,1.13
2013.04.02 20:06:49.566,0.93407,0.93413,1.50,1.88
2013.04.02 20:06:50.306,0.93405,0.93411,3.53,1.50
2013.04.02 20:06:50.486,0.93404,0.9341,1.13,1.50
2013.04.02 20:06:51.057,0.93404,0.93409,1.13,1.50
2013.04.02 20:06:54.517,0.93404,0.93409,1.13,1.50
2013.04.02 20:06:59.342,0.93403,0.93409,1.50,2.25
2013.04.02 20:07:03.316,0.93403,0.93409,1.50,1.50
2013.04.02 20:07:03.556,0.93403,0.93407,1.50,1.50
2013.04.02 20:07:11.347,0.93403,0.9341,1.50,1.88
2013.04.02 20:07:15.799,0.93406,0.93412,1.50,4.50
2013.04.02 20:07:15.867,0.93406,0.93412,1.50,4.50
2013.04.02 20:07:17.893,0.93407,0.93413,1.50,1.50
2013.04.02 20:07:21.756,0.93407,0.93413,1.50,1.50
2013.04.02 20:07:22.058,0.93411,0.93421,6.23,1.65
2013.04.02 20:07:22.117,0.93414,0.93421,1.50,1.65
2013.04.02 20:07:22.177,0.93415,0.9342,1.50,1.50
2013.04.02 20:07:22.368,0.93417,0.93422,1.50,1.50
2013.04.02 20:07:22.788,0.93413,0.93419,2.25,1.50
2013.04.02 20:07:22.848,0.93413,0.93419,1.50,1.50
2013.04.02 20:07:23.408,0.9341,0.93417,1.50,4.13
2013.04.02 20:07:26.197,0.9341,0.93415,1.50,1.50
2013.04.02 20:07:28.563,0.93409,0.93415,1.65,1.50
2013.04.02 20:07:35.437,0.93409,0.93415,2.25,1.50
2013.04.02 20:07:40.113,0.93409,0.93415,1.50,2.63
2013.04.02 20:07:42.216,0.93411,0.93417,1.50,5.63
2013.04.02 20:07:42.278,0.93412,0.93419,4.13,3.75
2013.04.02 20:07:42.336,0.93412,0.93417,3.38,2.25
2013.04.02 20:07:45.745,0.93415,0.93421,1.50,1.50
2013.04.02 20:07:53.006,0.93415,0.93421,1.50,1.50
2013.04.02 20:07:53.128,0.93413,0.9342,1.50,3.38
2013.04.02 20:07:53.658,0.9341,0.93416,2.25,1.65
2013.04.02 20:07:54.308,0.93408,0.93415,1.50,1.50
2013.04.02 20:08:07.196,0.9341,0.93417,1.50,4.50
2013.04.02 20:08:09.670,0.93411,0.93417,2.25,1.50
2013.04.02 20:08:11.701,0.93411,0.93418,6.00,1.50
2013.04.02 20:08:14.690,0.93416,0.93421,1.50,1.13
2013.04.02 20:08:46.357,0.93414,0.9342,1.88,1.13
2013.04.02 20:08:46.418,0.93413,0.93418,2.25,2.25
2013.04.02 20:08:46.597,0.93409,0.93414,1.50,1.88
2013.04.02 20:08:47.466,0.93408,0.93414,2.25,2.25
2013.04.02 20:08:47.587,0.93408,0.93414,2.25,1.50
2013.04.02 20:08:51.537,0.93412,0.93417,1.50,1.13
2013.04.02 20:08:51.596,0.93412,0.93418,3.38,2.25
2013.04.02 20:08:51.657,0.93412,0.93418,5.25,1.50
2013.04.02 20:08:52.016,0.93416,0.93421,1.50,1.50
2013.04.02 20:08:56.138,0.93414,0.9342,2.25,1.50
2013.04.02 20:09:05.157,0.93411,0.93417,1.50,2.25
2013.04.02 20:09:05.461,0.93409,0.93415,2.40,3.75
2013.04.02 20:09:11.007,0.93408,0.93414,1.50,2.03
2013.04.02 20:09:14.882,0.93407,0.93413,2.25,2.25
2013.04.02 20:09:22.566,0.93407,0.93413,1.50,4.50
2013.04.02 20:09:22.628,0.93406,0.93411,1.50,1.50
2013.04.02 20:09:23.067,0.93407,0.93413,1.50,5.25
2013.04.02 20:09:23.127,0.93407,0.93413,1.65,4.50
2013.04.02 20:09:29.737,0.93408,0.93414,1.50,1.88
2013.04.02 20:09:30.484,0.93407,0.93413,2.40,1.50
2013.04.02 20:09:44.696,0.93408,0.93414,1.50,3.38
2013.04.02 20:09:44.757,0.93409,0.93415,2.40,1.50
2013.04.02 20:09:47.686,0.9341,0.93417,1.50,4.13
2013.04.02 20:09:54.307,0.93409,0.93415,1.65,1.50
2013.04.02 20:10:00.567,0.93409,0.93415,1.65,1.50
2013.04.02 20:10:01.808,0.93409,0.93415,1.65,1.50
2013.04.02 20:10:02.438,0.9341,0.93417,1.50,4.13
2013.04.02 20:10:03.917,0.93409,0.93415,1.65,1.50
2013.04.02 20:10:04.460,0.93411,0.93417,3.38,3.00
2013.04.02 20:10:04.819,0.93413,0.9342,3.75,1.50
2013.04.02 20:10:05.120,0.93415,0.93421,1.50,2.25
2013.04.02 20:10:07.862,0.93415,0.93421,1.50,1.50
2013.04.02 20:10:09.941,0.93415,0.93421,1.50,1.50
2013.04.02 20:10:13.636,0.93415,0.93421,1.50,1.50
2013.04.02 20:10:14.180,0.93413,0.9342,1.50,1.50
2013.04.02 20:10:14.957,0.93413,0.93419,1.50,1.50
2013.04.02 20:10:15.316,0.93415,0.93421,1.50,2.25
2013.04.02 20:10:16.865,0.93415,0.93421,1.50,2.25
2013.04.02 20:10:19.450,0.93415,0.93421,1.50,2.25
2013.04.02 20:10:19.699,0.93415,0.93421,1.50,1.50
2013.04.02 20:10:42.540,0.93414,0.9342,2.25,1.50
2013.04.02 20:10:43.980,0.93414,0.9342,2.25,1.50
2013.04.02 20:10:52.001,0.93414,0.9342,2.25,1.50
2013.04.02 20:10:55.597,0.93414,0.9342,2.25,1.50
2013.04.02 20:11:03.031,0.93414,0.93421,1.50,3.75
2013.04.02 20:11:10.859,0.93412,0.93419,3.00,1.50
2013.04.02 20:11:11.217,0.93414,0.93421,1.50,3.75
2013.04.02 20:11:29.070,0.93413,0.9342,1.20,1.50
2013.04.02 20:11:35.078,0.93414,0.93421,1.50,4.50
2013.04.02 20:11:35.207,0.93412,0.93419,3.38,2.63
2013.04.02 20:11:35.267,0.93412,0.93418,1.50,1.13
2013.04.02 20:11:35.388,0.93409,0.93416,1.65,2.40
2013.04.02 20:11:35.627,0.93407,0.93414,1.50,3.90
2013.04.02 20:11:35.987,0.93407,0.93414,1.50,3.90
2013.04.02 20:11:36.967,0.93407,0.93414,1.50,3.90
2013.04.02 20:11:38.857,0.93408,0.93414,2.63,1.50
2013.04.02 20:11:50.096,0.93407,0.93412,1.73,1.50
2013.04.02 20:11:51.746,0.93408,0.93414,1.88,3.00
2013.04.02 20:11:55.638,0.93408,0.93414,1.13,3.00
2013.04.02 20:11:55.817,0.93408,0.93414,1.50,2.40
2013.04.02 20:11:59.058,0.93407,0.93414,1.50,3.15
2013.04.02 20:11:59.239,0.93408,0.93414,1.50,4.73
2013.04.02 20:11:59.308,0.93405,0.93411,1.50,1.73
2013.04.02 20:11:59.367,0.93402,0.93408,3.75,1.65
2013.04.02 20:11:59.427,0.93403,0.93409,1.50,1.65
2013.04.02 20:11:59.487,0.934,0.93407,3.00,3.90
2013.04.02 20:11:59.547,0.934,0.93405,1.50,1.50
2013.04.02 20:11:59.966,0.93401,0.93407,3.75,1.50
2013.04.02 20:12:00.527,0.93401,0.93407,3.00,1.50
2013.04.02 20:12:01.261,0.93403,0.93409,1.50,2.63
2013.04.02 20:12:01.788,0.93403,0.93409,1.50,1.88
2013.04.02 20:12:03.616,0.93401,0.93408,1.50,1.50
2013.04.02 20:12:05.322,0.93402,0.93408,1.50,1.50
2013.04.02 20:12:06.061,0.93401,0.93407,1.88,1.50
2013.04.02 20:12:06.367,0.93404,0.93409,1.13,2.25
2013.04.02 20:12:06.938,0.93405,0.93411,1.50,1.65
2013.04.02 20:12:08.149,0.93405,0.9341,1.50,1.50
2013.04.02 20:12:08.752,0.93402,0.93408,1.13,2.25
2013.04.02 20:12:10.077,0.93404,0.93409,1.13,3.00
2013.04.02 20:12:10.654,0.93404,0.93409,1.13,1.50
2013.04.02 20:12:14.377,0.93404,0.93408,1.13,1.50
2013.04.02 20:12:14.797,0.93401,0.93407,1.65,1.50
2013.04.02 20:12:15.166,0.93398,0.93403,1.58,1.50
2013.04.02 20:12:15.493,0.93399,0.93405,1.88,3.00
2013.04.02 20:12:22.158,0.93399,0.93405,1.50,3.00
2013.04.02 20:12:22.717,0.93399,0.93404,3.45,1.50
2013.04.02 20:12:23.961,0.934,0.93404,1.65,1.50
2013.04.02 20:12:24.282,0.934,0.93406,1.13,3.00
2013.04.02 20:12:32.939,0.934,0.93406,1.88,3.00
2013.04.02 20:12:43.424,0.93399,0.93404,2.10,1.50
2013.04.02 20:13:04.297,0.93401,0.93406,1.13,3.00
2013.04.02 20:13:12.088,0.93396,0.93404,5.63,1.13
2013.04.02 20:13:12.148,0.93396,0.93402,3.38,1.50
2013.04.02 20:13:12.388,0.93396,0.93401,1.65,1.50
2013.04.02 20:13:12.447,0.93396,0.934,2.25,1.50
2013.04.02 20:13:12.567,0.93395,0.93402,1.20,4.13
2013.04.02 20:13:13.047,0.93396,0.93403,1.65,1.50
2013.04.02 20:13:13.567,0.93398,0.93404,1.88,3.00
2013.04.02 20:13:14.507,0.93397,0.93402,1.65,1.50
2013.04.02 20:13:15.308,0.93397,0.93404,1.65,3.38
2013.04.02 20:13:20.638,0.93396,0.93402,1.13,1.50
2013.04.02 20:13:21.033,0.93396,0.93402,2.25,1.65
2013.04.02 20:13:21.098,0.93393,0.93398,1.50,1.50
2013.04.02 20:13:21.637,0.93394,0.93399,3.08,1.50
2013.04.02 20:13:21.707,0.93396,0.93402,1.13,4.88
2013.04.02 20:13:21.898,0.93396,0.934,1.50,1.50
2013.04.02 20:13:22.437,0.93396,0.93402,1.50,2.78
2013.04.02 20:13:33.373,0.93397,0.93402,1.73,2.25
2013.04.02 20:13:33.557,0.93397,0.93403,3.08,2.25
2013.04.02 20:13:34.067,0.93397,0.93403,3.08,1.50
2013.04.02 20:13:41.063,0.93397,0.93403,3.83,2.25
2013.04.02 20:13:41.187,0.93397,0.93403,3.08,1.50
2013.04.02 20:13:41.247,0.93395,0.93401,3.08,1.50
2013.04.02 20:13:44.337,0.93395,0.93401,3.23,1.50
2013.04.02 20:13:44.458,0.93393,0.93399,3.98,1.50
2013.04.02 20:13:44.980,0.93393,0.934,1.88,1.50
2013.04.02 20:13:45.547,0.93396,0.93401,1.50,2.25
2013.04.02 20:13:45.607,0.93397,0.93403,1.73,4.50
2013.04.02 20:13:45.787,0.93397,0.93402,2.33,1.50
2013.04.02 20:13:52.938,0.93399,0.93404,3.00,2.25
2013.04.02 20:13:53.497,0.93399,0.93406,4.50,1.50
2013.04.02 20:13:54.897,0.93397,0.93403,5.67,1.50
2013.04.02 20:13:55.017,0.93396,0.93402,2.25,1.50
2013.04.02 20:13:55.077,0.93397,0.93403,1.69,1.65
2013.04.02 20:13:55.828,0.93397,0.93403,3.00,1.65
2013.04.02 20:13:59.047,0.93397,0.93403,3.00,2.03
2013.04.02 20:13:59.597,0.93397,0.93403,2.25,1.65
2013.04.02 20:14:00.018,0.93399,0.93403,1.13,2.25
2013.04.02 20:14:00.139,0.93398,0.93403,3.23,1.50
2013.04.02 20:14:00.677,0.93401,0.93406,1.13,1.50
2013.04.02 20:14:06.128,0.93404,0.93408,1.13,3.38
2013.04.02 20:14:06.247,0.93404,0.93408,1.13,2.25
2013.04.02 20:14:08.797,0.93404,0.93409,1.13,2.25
2013.04.02 20:14:08.987,0.93402,0.93407,1.65,1.50
2013.04.02 20:14:09.527,0.93401,0.93408,1.65,3.00
2013.04.02 20:14:12.317,0.93401,0.93406,1.50,1.50
2013.04.02 20:14:12.559,0.93404,0.9341,1.65,5.63
2013.04.02 20:14:12.757,0.93406,0.9341,1.50,1.50
2013.04.02 20:14:13.677,0.93407,0.93413,1.65,1.50
2013.04.02 20:14:16.518,0.93408,0.93414,1.88,1.50
2013.04.02 20:14:16.698,0.9341,0.93416,1.50,1.65
2013.04.02 20:14:20.217,0.9341,0.93416,2.63,3.00
2013.04.02 20:14:20.396,0.93411,0.93418,1.65,4.13
2013.04.02 20:14:20.938,0.93411,0.93418,1.50,3.60
2013.04.02 20:14:29.147,0.93411,0.93416,1.50,2.40
2013.04.02 20:14:30.021,0.9341,0.93416,2.25,1.65
2013.04.02 20:14:32.452,0.93408,0.93414,2.63,1.50
2013.04.02 20:14:33.011,0.93408,0.93414,1.88,1.50
2013.04.02 20:14:36.437,0.93408,0.93414,2.63,1.50
2013.04.02 20:14:36.738,0.93404,0.93412,4.28,1.88
2013.04.02 20:14:37.037,0.93404,0.93408,1.50,1.65
2013.04.02 20:14:38.649,0.93402,0.93408,2.63,1.65
2013.04.02 20:14:39.008,0.93407,0.93412,1.50,4.50
2013.04.02 20:14:39.188,0.93405,0.93411,1.88,1.65
2013.04.02 20:14:39.248,0.93405,0.93411,2.63,1.65
2013.04.02 20:14:39.880,0.93405,0.9341,1.88,1.50
2013.04.02 20:14:43.958,0.93406,0.93411,1.50,1.65
2013.04.02 20:14:44.266,0.93406,0.93413,1.50,3.23
2013.04.02 20:14:44.447,0.93406,0.93411,1.50,1.65
2013.04.02 20:14:55.347,0.93403,0.93409,3.38,1.50
2013.04.02 20:14:55.588,0.93402,0.93408,3.00,1.50
2013.04.02 20:14:55.948,0.93399,0.93406,3.00,1.50
2013.04.02 20:14:56.128,0.93401,0.93406,1.13,1.50
2013.04.02 20:14:58.741,0.93402,0.93408,1.50,1.65
2013.04.02 20:14:59.837,0.934,0.93406,5.10,1.50
2013.04.02 20:14:59.958,0.93398,0.93404,6.83,1.50
2013.04.02 20:15:00.088,0.93397,0.93403,1.65,1.50
2013.04.02 20:15:00.568,0.93397,0.93403,2.48,2.25
2013.04.02 20:15:01.107,0.93398,0.93405,1.88,3.00
2013.04.02 20:15:03.789,0.93399,0.93405,1.65,1.50
2013.04.02 20:15:05.004,0.93399,0.93404,1.65,1.50
2013.04.02 20:15:06.158,0.934,0.93405,2.25,1.50
2013.04.02 20:15:06.697,0.93404,0.93409,1.13,1.50
2013.04.02 20:15:07.770,0.93404,0.93411,1.88,3.15
2013.04.02 20:15:08.767,0.93404,0.9341,1.88,1.50
2013.04.02 20:15:08.888,0.93402,0.93408,1.50,1.50
2013.04.02 20:15:09.309,0.93404,0.9341,1.88,1.50
2013.04.02 20:15:12.838,0.93404,0.9341,1.88,2.25
2013.04.02 20:15:12.958,0.93405,0.93412,1.50,4.65
2013.04.02 20:15:14.047,0.93406,0.93412,1.50,3.15
2013.04.02 20:15:21.657,0.93404,0.93409,3.75,1.50
2013.04.02 20:15:22.147,0.93404,0.93408,1.13,1.50
2013.04.02 20:15:27.198,0.93404,0.9341,1.13,4.13
2013.04.02 20:15:27.557,0.93407,0.93414,1.50,4.50
2013.04.02 20:15:28.078,0.93406,0.93412,2.63,1.88
2013.04.02 20:15:34.725,0.93406,0.93412,2.63,2.63
2013.04.02 20:15:37.907,0.93406,0.93412,1.50,3.38
2013.04.02 20:15:38.267,0.93403,0.93409,1.73,1.50
2013.04.02 20:15:43.227,0.93403,0.93409,2.25,2.40
2013.04.02 20:15:43.348,0.93403,0.93409,2.25,2.25
2013.04.02 20:15:43.965,0.93403,0.93409,1.50,3.15
2013.04.02 20:15:44.417,0.93401,0.93407,1.50,1.65
2013.04.02 20:15:44.958,0.93403,0.93408,1.50,1.28
2013.04.02 20:15:45.077,0.93403,0.93408,1.50,2.03
2013.04.02 20:15:46.246,0.93403,0.93409,2.25,1.50
2013.04.02 20:15:54.157,0.93403,0.93408,1.50,1.65
2013.04.02 20:15:59.256,0.93403,0.93408,1.50,1.50
2013.04.02 20:15:59.578,0.93404,0.9341,1.65,2.25
2013.04.02 20:15:59.637,0.93404,0.9341,2.40,1.50
2013.04.02 20:16:01.367,0.93406,0.9341,1.50,1.50
2013.04.02 20:16:02.086,0.93404,0.9341,1.50,1.50
2013.04.02 20:16:08.865,0.93403,0.9341,1.50,1.88
2013.04.02 20:16:15.887,0.93405,0.9341,1.50,1.73
2013.04.02 20:16:19.440,0.93404,0.9341,2.25,1.73
2013.04.02 20:16:19.997,0.93402,0.93407,1.50,1.50
2013.04.02 20:16:22.207,0.93402,0.93407,1.50,1.50
2013.04.02 20:16:22.578,0.93406,0.93411,1.50,1.50
2013.04.02 20:16:22.638,0.93406,0.93412,1.50,1.13
2013.04.02 20:16:23.117,0.93404,0.9341,3.15,1.50
2013.04.02 20:16:40.659,0.93407,0.93412,1.50,4.50
2013.04.02 20:16:40.838,0.93407,0.93412,1.50,1.88
2013.04.02 20:16:42.692,0.93406,0.93412,2.25,1.65
2013.04.02 20:16:47.808,0.93407,0.93413,1.50,2.25
2013.04.02 20:17:03.719,0.93406,0.9341,1.50,2.25
2013.04.02 20:17:05.098,0.93405,0.9341,1.50,2.48
2013.04.02 20:17:09.148,0.93404,0.93409,1.50,1.50
2013.04.02 20:17:11.718,0.93406,0.93411,1.05,2.25
2013.04.02 20:17:12.137,0.93406,0.93411,1.50,1.50
2013.04.02 20:17:20.525,0.93406,0.93412,1.50,1.88
2013.04.02 20:17:42.067,0.93405,0.93411,1.65,1.50
2013.04.02 20:17:42.589,0.93406,0.93412,1.50,1.88
2013.04.02 20:17:45.922,0.93404,0.9341,1.50,1.50
2013.04.02 20:17:46.581,0.93404,0.9341,1.50,1.50
2013.04.02 20:17:47.233,0.93404,0.93409,1.50,1.88
2013.04.02 20:18:12.463,0.93404,0.9341,1.50,3.23
2013.04.02 20:18:21.637,0.93401,0.93407,3.38,2.40
2013.04.02 20:18:22.176,0.934,0.93406,1.88,1.65
2013.04.02 20:18:31.718,0.93401,0.93407,1.13,4.50
2013.04.02 20:18:32.306,0.93402,0.93408,1.50,2.40
2013.04.02 20:18:47.609,0.93402,0.93407,2.25,1.50
2013.04.02 20:19:28.167,0.93401,0.93406,1.50,2.40
2013.04.02 20:19:37.587,0.93402,0.93408,1.50,6.23
2013.04.02 20:19:37.708,0.93401,0.93408,1.50,4.50
2013.04.02 20:19:37.768,0.93404,0.93408,1.50,2.25
2013.04.02 20:19:42.537,0.93404,0.9341,2.25,5.63
2013.04.02 20:19:42.899,0.93406,0.93412,1.50,1.88
2013.04.02 20:19:43.457,0.93405,0.9341,1.65,1.50
2013.04.02 20:19:44.337,0.93408,0.93412,1.50,2.63
2013.04.02 20:20:02.911,0.93405,0.93411,1.65,1.50
2013.04.02 20:20:03.230,0.93401,0.93407,2.25,1.50
2013.04.02 20:20:07.922,0.93403,0.93408,1.50,1.65
2013.04.02 20:20:08.588,0.93402,0.93408,1.50,1.65
2013.04.02 20:20:14.018,0.93404,0.9341,1.50,4.88
2013.04.02 20:20:15.147,0.93402,0.93408,1.50,1.50
2013.04.02 20:21:08.434,0.93401,0.93407,2.40,1.50
2013.04.02 20:21:13.257,0.93403,0.93409,1.50,1.13
2013.04.02 20:21:13.772,0.93402,0.93408,1.65,1.50
2013.04.02 20:21:18.848,0.93402,0.93408,2.40,1.50
2013.04.02 20:21:20.237,0.93404,0.9341,1.50,3.38
2013.04.02 20:21:20.835,0.93404,0.9341,1.50,3.00
2013.04.02 20:21:22.368,0.93404,0.9341,2.25,1.50
2013.04.02 20:21:23.013,0.93404,0.9341,2.25,1.50
2013.04.02 20:21:29.288,0.93403,0.93409,1.50,2.63
2013.04.02 20:21:29.599,0.93399,0.93404,1.65,1.50
2013.04.02 20:21:30.138,0.93398,0.93404,1.50,2.25
2013.04.02 20:21:32.777,0.934,0.93404,1.50,1.88
2013.04.02 20:21:33.839,0.93397,0.93403,1.65,1.50
2013.04.02 20:21:34.198,0.93393,0.93399,1.50,4.88
2013.04.02 20:21:35.248,0.93393,0.93398,1.50,1.13
2013.04.02 20:21:39.241,0.93397,0.93403,1.88,2.63
2013.04.02 20:21:39.311,0.934,0.93405,1.65,3.38
2013.04.02 20:21:44.118,0.93398,0.93403,1.50,1.50
2013.04.02 20:21:44.358,0.93399,0.93405,1.65,4.13
2013.04.02 20:21:44.887,0.93399,0.93405,3.00,3.00
2013.04.02 20:21:47.079,0.93397,0.93403,3.75,2.48
2013.04.02 20:21:47.612,0.93397,0.93403,2.25,3.23
2013.04.02 20:21:49.198,0.93398,0.93403,1.50,2.48
2013.04.02 20:21:50.112,0.93398,0.93404,2.63,2.25
2013.04.02 20:21:50.418,0.93402,0.93406,1.50,1.50
2013.04.02 20:21:51.518,0.93399,0.93405,1.65,1.50
2013.04.02 20:21:52.058,0.93402,0.93407,1.50,2.63
2013.04.02 20:21:54.287,0.93402,0.93407,1.50,3.38
2013.04.02 20:21:57.258,0.93402,0.93407,1.65,2.63
2013.04.02 20:21:57.558,0.93403,0.93409,2.25,3.38
2013.04.02 20:21:58.108,0.93404,0.93409,1.50,1.88
2013.04.02 20:22:05.838,0.93404,0.9341,1.13,1.88
2013.04.02 20:22:05.958,0.93406,0.93411,1.50,1.13
2013.04.02 20:22:07.579,0.93407,0.93412,1.50,1.88
2013.04.02 20:22:27.048,0.93405,0.9341,1.50,1.13
2013.04.02 20:22:27.168,0.93406,0.9341,1.50,1.13
2013.04.02 20:22:36.148,0.93404,0.9341,2.25,2.63
2013.04.02 20:22:42.108,0.93404,0.93409,2.25,1.50
2013.04.02 20:22:42.288,0.93402,0.93408,1.50,1.50
2013.04.02 20:22:43.648,0.93402,0.93408,1.50,1.50
2013.04.02 20:22:48.138,0.93403,0.93409,1.50,1.88
2013.04.02 20:23:48.162,0.93403,0.93409,1.50,2.25
2013.04.02 20:24:01.047,0.93403,0.93409,1.50,1.50
2013.04.02 20:24:01.606,0.93403,0.93409,1.50,1.50
2013.04.02 20:24:10.707,0.93404,0.9341,1.50,2.25
2013.04.02 20:24:11.008,0.93404,0.93411,3.15,1.50
2013.04.02 20:24:30.099,0.93404,0.9341,2.25,2.25
2013.04.02 20:24:45.530,0.93404,0.93409,1.50,1.50
2013.04.02 20:25:07.442,0.93403,0.93409,1.50,1.50
2013.04.02 20:25:22.808,0.93404,0.93409,1.50,2.25
2013.04.02 20:25:24.068,0.93404,0.9341,1.65,2.25
2013.04.02 20:25:24.608,0.93405,0.93411,1.65,2.25
2013.04.02 20:25:26.158,0.93406,0.93411,1.50,1.50
2013.04.02 20:25:26.719,0.93405,0.93411,1.50,1.88
2013.04.02 20:25:53.834,0.93406,0.9341,1.50,1.50
2013.04.02 20:26:14.699,0.93406,0.93412,1.50,2.25
2013.04.02 20:26:16.021,0.93406,0.93411,1.50,1.50
2013.04.02 20:26:16.170,0.93406,0.93412,1.50,2.25
2013.04.02 20:26:19.009,0.93407,0.93412,2.25,1.13
2013.04.02 20:26:43.759,0.9341,0.93416,1.13,7.50
2013.04.02 20:26:43.939,0.9341,0.93417,3.38,1.50
2013.04.02 20:26:43.999,0.93411,0.93418,1.65,3.00
2013.04.02 20:26:44.120,0.93415,0.9342,1.50,3.00
2013.04.02 20:26:44.179,0.93415,0.9342,1.50,1.50
2013.04.02 20:26:44.718,0.93416,0.93422,1.50,4.13
2013.04.02 20:26:46.729,0.93418,0.93424,1.88,5.63
2013.04.02 20:26:46.789,0.93418,0.93424,1.88,3.38
2013.04.02 20:26:47.501,0.93417,0.93421,1.50,1.50
2013.04.02 20:26:48.048,0.93415,0.93421,1.50,1.50
2013.04.02 20:26:54.739,0.93416,0.93421,1.50,1.50
2013.04.02 20:27:07.458,0.93416,0.93423,3.00,2.03
2013.04.02 20:27:07.520,0.93417,0.93423,1.50,2.03
2013.04.02 20:27:13.628,0.93417,0.93423,1.50,1.65
2013.04.02 20:27:13.949,0.9342,0.93426,2.63,1.50
2013.04.02 20:27:14.496,0.9342,0.93426,2.48,1.50
2013.04.02 20:27:14.678,0.93424,0.93428,1.50,2.25
2013.04.02 20:27:14.740,0.9342,0.93427,3.23,1.50
2013.04.02 20:27:57.820,0.93421,0.93426,1.65,1.50
2013.04.02 20:28:00.598,0.93421,0.93426,1.65,1.50
2013.04.02 20:28:02.820,0.9342,0.93426,2.63,2.25
2013.04.02 20:28:03.058,0.93418,0.93424,2.63,1.50
2013.04.02 20:28:03.119,0.93417,0.93423,1.50,1.50
2013.04.02 20:28:03.981,0.93417,0.93422,1.50,1.50
2013.04.02 20:28:07.268,0.93417,0.93422,1.50,1.50
2013.04.02 20:28:07.758,0.93416,0.93423,1.50,2.40
2013.04.02 20:28:07.947,0.93414,0.9342,1.65,2.25
2013.04.02 20:28:08.248,0.93413,0.93419,1.13,1.50
2013.04.02 20:28:11.459,0.93413,0.93418,1.13,1.50
2013.04.02 20:28:23.125,0.9341,0.93416,1.88,2.25
2013.04.02 20:28:25.469,0.9341,0.93416,1.13,3.00
2013.04.02 20:28:25.710,0.93408,0.93415,1.50,1.50
2013.04.02 20:28:29.194,0.93411,0.93416,1.13,3.75
2013.04.02 20:28:32.278,0.93408,0.93415,1.50,2.25
2013.04.02 20:28:36.259,0.93408,0.93415,1.50,2.63
2013.04.02 20:28:36.379,0.93407,0.93413,1.50,1.50
2013.04.02 20:28:36.929,0.93408,0.93414,1.50,1.88
2013.04.02 20:28:37.589,0.93408,0.93415,1.50,1.13
2013.04.02 20:28:44.189,0.93408,0.93416,4.50,1.88
2013.04.02 20:28:50.740,0.93408,0.93415,3.75,1.50
2013.04.02 20:28:50.919,0.93408,0.93414,1.50,2.63
2013.04.02 20:28:54.134,0.93408,0.93416,1.88,6.00
2013.04.02 20:28:55.732,0.93408,0.93414,1.50,2.03
2013.04.02 20:28:55.804,0.93408,0.93412,2.25,1.88
2013.04.02 20:28:56.309,0.93407,0.93413,1.13,1.13
2013.04.02 20:28:56.653,0.93405,0.93413,1.88,2.63
2013.04.02 20:29:13.470,0.93407,0.93413,1.13,1.88
2013.04.02 20:29:15.309,0.93408,0.93414,1.13,1.50
2013.04.02 20:29:16.030,0.93408,0.93413,1.13,1.88
2013.04.02 20:29:16.849,0.93406,0.93413,1.73,2.63
2013.04.02 20:29:17.412,0.93407,0.93413,1.13,1.88
2013.04.02 20:29:20.839,0.93406,0.93413,1.13,2.63
2013.04.02 20:29:21.508,0.93405,0.93412,1.13,3.38
2013.04.02 20:29:21.748,0.93405,0.93411,1.13,2.63
2013.04.02 20:29:21.930,0.93403,0.93409,1.50,1.50
2013.04.02 20:29:22.443,0.93402,0.93409,2.03,1.50
2013.04.02 20:29:22.509,0.93408,0.93413,1.13,1.63
2013.04.02 20:29:23.209,0.93407,0.93412,1.13,3.38
2013.04.02 20:29:26.402,0.93408,0.93414,1.88,5.72
2013.04.02 20:29:33.118,0.93407,0.93412,1.13,3.00
2013.04.02 20:29:36.752,0.93408,0.93414,1.88,5.25
2013.04.02 20:29:37.278,0.93408,0.93414,1.13,5.25
2013.04.02 20:29:38.268,0.93407,0.93412,1.13,3.00
2013.04.02 20:29:38.719,0.93407,0.93412,1.13,1.50
2013.04.02 20:29:41.298,0.93407,0.93413,1.50,1.13
2013.04.02 20:29:41.359,0.93412,0.93423,4.13,3.00
2013.04.02 20:29:41.418,0.93417,0.93423,1.13,3.00
2013.04.02 20:29:41.479,0.9342,0.93427,3.75,4.20
2013.04.02 20:29:41.599,0.93418,0.93424,2.63,2.25
2013.04.02 20:29:41.658,0.93418,0.93424,2.48,3.00
2013.04.02 20:29:42.078,0.93418,0.93426,2.63,3.15
2013.04.02 20:29:42.259,0.93411,0.93419,1.65,2.63
2013.04.02 20:29:42.318,0.93411,0.93417,3.15,1.50
2013.04.02 20:29:42.617,0.9341,0.93417,1.50,1.88
2013.04.02 20:29:43.278,0.93407,0.93414,3.23,2.25
2013.04.02 20:29:46.078,0.93408,0.93413,1.13,1.50
2013.04.02 20:29:49.019,0.93407,0.93413,2.25,2.78
2013.04.02 20:29:49.078,0.93405,0.93413,1.88,5.03
2013.04.02 20:29:49.137,0.93406,0.93411,1.13,1.50
2013.04.02 20:29:51.600,0.93406,0.93411,1.13,1.50
2013.04.02 20:29:51.719,0.93406,0.93413,1.88,2.63
2013.04.02 20:29:51.845,0.93409,0.93415,1.13,3.00
2013.04.02 20:29:52.027,0.93411,0.93415,1.13,1.50
2013.04.02 20:29:53.378,0.93409,0.93415,2.25,1.50
2013.04.02 20:29:53.791,0.9341,0.93416,1.13,1.50
2013.04.02 20:30:02.528,0.93408,0.93414,1.50,3.75
2013.04.02 20:30:02.828,0.93406,0.93412,1.95,2.25
2013.04.02 20:30:03.429,0.93407,0.93413,1.13,1.50
2013.04.02 20:30:04.089,0.93405,0.93412,2.48,2.25
2013.04.02 20:30:05.338,0.93407,0.93413,1.13,1.50
2013.04.02 20:30:07.748,0.93406,0.93413,1.13,3.60
2013.04.02 20:30:07.869,0.93406,0.93412,1.50,1.73
2013.04.02 20:30:07.989,0.93406,0.93413,2.48,1.50
2013.04.02 20:30:08.168,0.93406,0.93413,3.08,2.25
2013.04.02 20:30:11.127,0.93406,0.93413,3.00,2.25
2013.04.02 20:30:11.188,0.93404,0.93411,7.35,3.60
2013.04.02 20:30:11.489,0.93403,0.93409,1.50,4.13
2013.04.02 20:30:12.096,0.93404,0.93409,1.65,2.25
2013.04.02 20:30:16.636,0.93405,0.93411,1.13,4.50
2013.04.02 20:30:16.939,0.93407,0.93413,1.13,1.50
2013.04.02 20:30:17.187,0.93407,0.93413,1.13,1.50
2013.04.02 20:30:17.248,0.93405,0.93413,4.73,3.00
2013.04.02 20:30:18.199,0.93407,0.93413,1.13,3.00
2013.04.02 20:30:18.318,0.93405,0.93413,4.73,3.75
2013.04.02 20:30:19.399,0.93407,0.93413,1.13,2.25
2013.04.02 20:30:24.046,0.93407,0.93413,1.13,1.50
2013.04.02 20:30:26.028,0.93406,0.93413,1.65,2.25
2013.04.02 20:30:26.149,0.93406,0.93411,1.50,1.50
2013.04.02 20:30:26.941,0.93403,0.93409,1.73,1.50
2013.04.02 20:30:27.591,0.93402,0.93407,1.88,1.50
2013.04.02 20:30:28.298,0.93401,0.93407,2.40,1.50
2013.04.02 20:30:31.439,0.93402,0.93407,1.65,2.25
2013.04.02 20:30:35.908,0.93402,0.93407,1.65,1.50
2013.04.02 20:30:40.568,0.93402,0.93408,1.65,1.50
2013.04.02 20:30:40.688,0.93404,0.93411,1.13,3.94
2013.04.02 20:30:40.870,0.93407,0.93412,1.13,2.25
2013.04.02 20:30:41.408,0.93406,0.93412,1.88,3.00
2013.04.02 20:30:53.336,0.93406,0.9341,1.13,1.50
2013.04.02 20:30:53.858,0.93404,0.9341,1.50,1.50
2013.04.02 20:30:56.470,0.93406,0.93412,1.88,2.25
2013.04.02 20:31:00.102,0.93407,0.93412,1.65,2.25
2013.04.02 20:31:12.289,0.93408,0.93414,1.50,5.63
2013.04.02 20:31:13.184,0.93408,0.93413,1.50,1.50
2013.04.02 20:31:17.828,0.93408,0.93414,1.50,4.88
2013.04.02 20:31:19.348,0.93408,0.93412,1.50,1.50
2013.04.02 20:31:20.104,0.93406,0.93412,1.65,1.50
2013.04.02 20:31:24.858,0.93406,0.93413,1.65,1.50
2013.04.02 20:31:51.800,0.93406,0.93412,1.65,2.25
2013.04.02 20:31:57.310,0.93407,0.93413,1.65,1.50
2013.04.02 20:31:58.388,0.93407,0.93413,2.40,1.50
2013.04.02 20:31:58.946,0.93407,0.93413,1.65,1.50
2013.04.02 20:32:00.663,0.93407,0.93413,2.40,3.00
2013.04.02 20:32:03.439,0.93407,0.93413,2.40,1.50
2013.04.02 20:32:07.810,0.93407,0.93413,2.40,1.50
2013.04.02 20:32:11.877,0.93407,0.93413,2.40,1.50
2013.04.02 20:32:14.685,0.93407,0.93413,2.40,1.50
2013.04.02 20:32:19.858,0.93407,0.93413,2.40,1.50
2013.04.02 20:32:20.384,0.93404,0.9341,1.50,1.50
2013.04.02 20:32:33.211,0.93405,0.93411,1.65,1.50
2013.04.02 20:33:33.333,0.93404,0.9341,1.88,2.25
2013.04.02 20:33:42.638,0.93404,0.93412,4.13,1.65
2013.04.02 20:33:42.918,0.93404,0.93411,3.38,3.15
2013.04.02 20:33:43.102,0.93404,0.9341,3.75,2.25
2013.04.02 20:33:43.229,0.93404,0.93409,1.88,1.50
2013.04.02 20:33:45.148,0.93405,0.93411,1.50,1.28
2013.04.02 20:33:45.329,0.93408,0.93413,1.88,2.25
2013.04.02 20:33:45.449,0.93407,0.93413,2.25,1.50
2013.04.02 20:33:45.570,0.93408,0.93415,4.13,1.35
2013.04.02 20:33:45.823,0.93412,0.93418,1.65,3.00
2013.04.02 20:33:45.891,0.93414,0.93419,1.50,1.13
2013.04.02 20:34:06.969,0.93414,0.9342,2.40,2.25
2013.04.02 20:34:07.733,0.93416,0.93422,1.50,1.88
2013.04.02 20:34:32.337,0.93415,0.9342,1.50,1.50
2013.04.02 20:34:33.830,0.93414,0.9342,2.40,2.25
2013.04.02 20:34:34.131,0.93412,0.93418,1.50,2.25
2013.04.02 20:34:34.829,0.93412,0.93418,1.50,1.50
2013.04.02 20:34:35.368,0.93413,0.93418,1.13,1.50
2013.04.02 20:34:36.331,0.93413,0.9342,1.13,3.00
2013.04.02 20:34:39.592,0.93414,0.9342,1.65,3.00
2013.04.02 20:34:39.780,0.93413,0.93418,1.13,1.50
2013.04.02 20:34:40.649,0.93413,0.9342,1.13,3.00
2013.04.02 20:34:54.528,0.93413,0.93418,1.88,1.50
2013.04.02 20:35:03.587,0.93414,0.93419,1.65,1.50
2013.04.02 20:35:06.228,0.93414,0.93419,1.65,1.50
2013.04.02 20:35:06.750,0.93414,0.9342,1.65,1.50
2013.04.02 20:35:15.768,0.93413,0.9342,1.88,1.50
2013.04.02 20:35:16.008,0.93413,0.93419,1.88,1.50
2013.04.02 20:35:17.020,0.93413,0.93419,1.13,1.50
2013.04.02 20:35:19.733,0.93415,0.93419,1.50,1.50
2013.04.02 20:36:04.168,0.93415,0.93421,1.50,1.65
2013.04.02 20:36:05.213,0.93414,0.9342,2.40,1.50
2013.04.02 20:36:15.464,0.93415,0.93422,2.25,4.13
2013.04.02 20:36:16.009,0.93416,0.93422,1.88,2.25
2013.04.02 20:36:20.980,0.93416,0.93422,1.88,1.50
2013.04.02 20:36:25.159,0.93414,0.93421,3.38,1.65
2013.04.02 20:36:25.715,0.93414,0.9342,3.38,1.50
2013.04.02 20:36:45.509,0.93416,0.93421,1.50,1.88
2013.04.02 20:37:56.008,0.93413,0.93418,1.88,1.50
2013.04.02 20:37:56.070,0.93411,0.93417,1.80,1.13
2013.04.02 20:37:56.559,0.93409,0.93415,2.03,1.50
2013.04.02 20:37:58.559,0.93408,0.93416,1.88,2.03
2013.04.02 20:38:14.273,0.9341,0.93416,1.50,1.28
2013.04.02 20:38:22.079,0.93408,0.93416,1.88,2.03
2013.04.02 20:38:41.799,0.93408,0.93419,1.88,7.35
2013.04.02 20:38:42.419,0.93411,0.93419,1.88,1.65
2013.04.02 20:38:52.583,0.93411,0.93419,1.88,1.65
2013.04.02 20:38:52.710,0.9341,0.93416,1.50,2.40
2013.04.02 20:38:53.009,0.93408,0.93416,1.88,1.65
2013.04.02 20:38:53.250,0.9341,0.93416,2.63,1.50
2013.04.02 20:38:55.209,0.93411,0.93418,1.65,1.50
2013.04.02 20:39:01.243,0.93412,0.93418,1.65,2.25
2013.04.02 20:39:41.189,0.93412,0.93418,1.65,3.00
2013.04.02 20:39:41.746,0.93411,0.93417,1.50,1.13
2013.04.02 20:39:41.869,0.9341,0.93416,1.50,1.65
2013.04.02 20:39:41.930,0.93409,0.93416,1.65,1.65
2013.04.02 20:39:42.109,0.93406,0.93412,1.65,1.50
2013.04.02 20:39:42.649,0.93407,0.93415,1.50,2.63
2013.04.02 20:39:43.009,0.93409,0.93415,1.50,1.73
2013.04.02 20:39:43.729,0.93408,0.93415,1.50,1.88
2013.04.02 20:39:44.090,0.9341,0.93417,2.25,1.88
2013.04.02 20:39:44.391,0.93409,0.93415,1.65,1.50
2013.04.02 20:39:44.749,0.93409,0.93416,1.65,2.40
2013.04.02 20:39:45.289,0.93409,0.93416,1.65,2.40
2013.04.02 20:39:45.759,0.9341,0.93416,1.50,1.65
2013.04.02 20:39:47.049,0.93409,0.93416,1.65,2.40
2013.04.02 20:39:47.557,0.93409,0.93415,1.65,1.50
2013.04.02 20:39:59.229,0.93409,0.93416,1.88,1.50
2013.04.02 20:39:59.469,0.93411,0.93418,1.65,2.63
2013.04.02 20:40:00.029,0.93412,0.93417,1.65,1.50
2013.04.02 20:40:00.549,0.93409,0.93417,1.73,1.50
2013.04.02 20:40:05.162,0.93411,0.93417,1.65,1.50
2013.04.02 20:40:06.400,0.9341,0.93417,1.50,1.88
2013.04.02 20:40:06.579,0.93411,0.93416,1.88,1.50
2013.04.02 20:40:06.700,0.93409,0.93416,1.88,1.50
2013.04.02 20:40:12.700,0.93411,0.93417,1.13,2.25
2013.04.02 20:40:13.009,0.93411,0.93417,1.88,1.50
2013.04.02 20:40:13.847,0.93411,0.93417,1.13,1.50
2013.04.02 20:40:17.930,0.93413,0.93418,1.50,2.03
2013.04.02 20:40:18.479,0.93411,0.93418,1.65,2.63
2013.04.02 20:40:19.960,0.93412,0.93418,1.65,3.38
2013.04.02 20:40:24.159,0.9341,0.93418,1.73,3.38
2013.04.02 20:40:33.761,0.93411,0.93418,1.65,1.88
2013.04.02 20:40:34.299,0.93411,0.93419,3.15,2.63
2013.04.02 20:40:34.929,0.93413,0.93419,1.50,2.63
2013.04.02 20:40:35.609,0.93411,0.93418,2.40,1.50
2013.04.02 20:40:36.121,0.93412,0.93419,1.65,1.13
2013.04.02 20:40:37.559,0.93413,0.93419,1.50,1.88
2013.04.02 20:40:37.919,0.93414,0.9342,2.40,1.50
2013.04.02 20:40:40.879,0.93415,0.93422,1.13,4.13
2013.04.02 20:40:41.000,0.93416,0.93422,1.65,3.75
2013.04.02 20:40:41.549,0.93416,0.93422,1.65,1.50
2013.04.02 20:40:46.279,0.93416,0.93422,1.50,2.25
2013.04.02 20:40:52.609,0.93414,0.93422,2.63,2.40
2013.04.02 20:40:52.790,0.93412,0.93418,1.50,1.65
2013.04.02 20:40:53.350,0.93411,0.93418,1.13,1.65
2013.04.02 20:40:54.169,0.93411,0.93418,1.13,1.65
2013.04.02 20:40:56.199,0.93414,0.93419,1.50,1.88
2013.04.02 20:40:56.728,0.93414,0.93419,1.50,2.78
2013.04.02 20:40:58.739,0.93413,0.93419,1.50,3.53
2013.04.02 20:40:59.460,0.93413,0.93419,1.50,2.78
2013.04.02 20:41:00.193,0.93413,0.93419,1.50,4.28
2013.04.02 20:41:00.876,0.93413,0.93419,1.50,3.53
2013.04.02 20:41:02.300,0.93412,0.93419,2.25,3.53
2013.04.02 20:41:02.420,0.93411,0.93417,1.50,1.13
2013.04.02 20:41:02.780,0.93408,0.93415,1.13,1.50
2013.04.02 20:41:02.840,0.93407,0.93413,1.73,3.00
2013.04.02 20:41:02.907,0.93406,0.93412,1.50,3.75
2013.04.02 20:41:03.031,0.93399,0.93407,1.88,4.50
2013.04.02 20:41:03.090,0.93399,0.93406,1.88,1.65
2013.04.02 20:41:03.809,0.93403,0.9341,1.50,1.58
2013.04.02 20:41:03.870,0.93406,0.9341,1.50,1.50
2013.04.02 20:41:03.931,0.93406,0.93411,1.13,1.50
2013.04.02 20:41:03.990,0.93402,0.93411,1.65,1.50
2013.04.02 20:41:04.587,0.93404,0.93409,1.13,1.50
2013.04.02 20:41:04.953,0.93406,0.93412,1.50,1.65
2013.04.02 20:41:19.280,0.93404,0.9341,1.13,1.50
2013.04.02 20:41:27.119,0.93403,0.9341,2.63,1.50
2013.04.02 20:41:47.571,0.93403,0.9341,1.88,1.50
2013.04.02 20:42:00.559,0.93403,0.93411,1.88,1.50
2013.04.02 20:42:10.342,0.93403,0.9341,1.88,1.50
2013.04.02 20:42:12.544,0.93403,0.9341,1.88,1.50
2013.04.02 20:42:12.610,0.93405,0.93413,1.88,2.25
2013.04.02 20:42:13.202,0.93407,0.93414,1.50,1.50
2013.04.02 20:42:13.819,0.93408,0.93416,1.88,1.80
2013.04.02 20:42:14.759,0.9341,0.93416,1.50,2.40
2013.04.02 20:42:14.820,0.93411,0.93417,1.65,2.10
2013.04.02 20:42:15.427,0.9341,0.93416,2.63,1.50
2013.04.02 20:42:16.349,0.93411,0.93418,1.65,1.50
2013.04.02 20:42:16.891,0.93413,0.93419,1.50,2.63
2013.04.02 20:42:17.433,0.93413,0.93419,1.50,1.88
2013.04.02 20:42:18.050,0.93416,0.93425,6.98,6.00
2013.04.02 20:42:18.229,0.93419,0.93427,1.13,4.50
2013.04.02 20:42:18.742,0.9342,0.93428,2.78,1.50
2013.04.02 20:42:21.389,0.9342,0.93428,2.78,1.50
2013.04.02 20:42:22.167,0.93422,0.9343,1.88,1.65
2013.04.02 20:42:25.289,0.93422,0.93429,1.13,1.50
2013.04.02 20:42:28.180,0.93422,0.9343,1.88,1.65
2013.04.02 20:42:28.300,0.93423,0.93431,1.50,3.00
2013.04.02 20:42:28.420,0.93426,0.9343,1.50,1.50
2013.04.02 20:42:30.200,0.93426,0.93433,1.50,3.00
2013.04.02 20:42:36.275,0.93425,0.93433,1.50,3.38
2013.04.02 20:42:36.529,0.9343,0.93436,1.50,2.25
2013.04.02 20:42:36.710,0.93433,0.93438,1.50,1.50
2013.04.02 20:42:37.357,0.93433,0.93439,1.50,1.50
2013.04.02 20:42:51.599,0.9343,0.93439,1.13,1.13
2013.04.02 20:42:53.908,0.9343,0.93436,1.13,1.50
2013.04.02 20:42:53.975,0.93427,0.93433,2.63,1.13
2013.04.02 20:42:54.099,0.93425,0.93433,3.15,1.88
2013.04.02 20:42:54.158,0.93424,0.93433,1.50,1.88
2013.04.02 20:42:56.028,0.93426,0.93433,1.50,1.13
2013.04.02 20:42:56.388,0.9343,0.93438,1.13,1.65
2013.04.02 20:43:00.459,0.93431,0.93439,1.13,1.65
2013.04.02 20:43:01.531,0.9343,0.93441,1.88,2.63
2013.04.02 20:43:07.263,0.9343,0.9344,1.50,1.65
2013.04.02 20:43:08.269,0.9343,0.9344,1.50,1.65
2013.04.02 20:43:09.289,0.93428,0.93439,2.25,3.60
2013.04.02 20:43:09.649,0.93426,0.93435,3.15,1.13
2013.04.02 20:43:11.699,0.93425,0.93434,1.13,3.98
2013.04.02 20:43:11.959,0.93425,0.93434,1.13,3.98
2013.04.02 20:43:16.208,0.93425,0.93434,1.13,1.80
2013.04.02 20:43:17.258,0.93427,0.93434,1.50,1.50
2013.04.02 20:43:17.913,0.93428,0.93439,3.23,1.13
2013.04.02 20:43:20.538,0.9343,0.93439,1.13,1.88
2013.04.02 20:43:23.878,0.93428,0.93439,3.08,1.88
2013.04.02 20:43:32.560,0.9343,0.93439,1.13,1.88
2013.04.02 20:43:33.419,0.9343,0.93439,1.13,3.38
2013.04.02 20:43:42.079,0.9343,0.93439,1.13,1.13
2013.04.02 20:43:45.768,0.93429,0.93438,1.13,1.88
2013.04.02 20:43:47.469,0.93429,0.93437,1.88,1.65
2013.04.02 20:43:59.139,0.93427,0.93435,1.50,2.63
2013.04.02 20:44:00.639,0.93426,0.93433,1.13,1.65
2013.04.02 20:44:05.239,0.93426,0.93432,1.13,1.50
2013.04.02 20:44:05.359,0.93424,0.93431,1.13,1.65
2013.04.02 20:44:05.420,0.93423,0.9343,1.50,1.13
2013.04.02 20:44:10.238,0.93421,0.93428,1.13,1.65
2013.04.02 20:44:15.907,0.93421,0.9343,1.50,2.63
2013.04.02 20:44:16.208,0.93422,0.9343,1.13,2.25
2013.04.02 20:44:16.268,0.93424,0.9343,1.13,2.25
2013.04.02 20:44:16.509,0.93424,0.93432,1.13,1.50
2013.04.02 20:44:18.588,0.93427,0.93435,1.13,1.65
2013.04.02 20:44:27.347,0.93426,0.93436,2.10,1.88
2013.04.02 20:44:27.410,0.93426,0.93435,1.50,1.13
2013.04.02 20:44:27.649,0.93426,0.93436,2.10,2.63
2013.04.02 20:44:28.070,0.93427,0.93436,1.13,2.63
2013.04.02 20:44:42.108,0.93428,0.93437,1.13,2.44
2013.04.02 20:44:51.690,0.93427,0.93438,1.13,3.23
2013.04.02 20:44:51.809,0.93428,0.93437,1.13,1.73
2013.04.02 20:44:54.889,0.93428,0.93437,1.13,1.13
2013.04.02 20:44:59.318,0.93428,0.93436,1.13,1.65
2013.04.02 20:45:01.348,0.93429,0.93435,1.13,1.50
2013.04.02 20:45:03.429,0.93426,0.93434,1.13,1.65
2013.04.02 20:45:19.802,0.93426,0.93434,1.65,1.13
2013.04.02 20:45:21.660,0.93425,0.93434,2.25,1.13
2013.04.02 20:45:22.265,0.93426,0.93434,1.65,1.13
2013.04.02 20:45:41.176,0.93426,0.93434,1.65,1.13
2013.04.02 20:46:13.229,0.93424,0.93432,2.40,1.13
2013.04.02 20:46:13.589,0.93424,0.93434,1.88,1.88
2013.04.02 20:46:15.459,0.93425,0.93434,1.50,2.63
2013.04.02 20:46:33.104,0.93426,0.93435,1.13,1.13
2013.04.02 20:47:03.849,0.93426,0.93434,1.50,1.13
2013.04.02 20:47:03.911,0.93425,0.93433,2.78,1.13
2013.04.02 20:47:04.571,0.93425,0.93433,1.28,1.13
2013.04.02 20:47:06.650,0.93425,0.93434,1.28,2.63
2013.04.02 20:47:07.376,0.93426,0.93435,1.88,1.13
2013.04.02 20:47:46.380,0.93426,0.93434,1.65,1.13
2013.04.02 20:47:46.980,0.93428,0.93438,2.25,1.13
2013.04.02 20:47:47.040,0.9343,0.93439,1.13,1.88
2013.04.02 20:48:04.840,0.93432,0.93439,1.65,1.13
2013.04.02 20:48:28.860,0.93431,0.9344,3.38,1.13
2013.04.02 20:48:36.910,0.93431,0.93443,3.23,1.13
2013.04.02 20:48:36.973,0.93435,0.93445,1.13,2.63
2013.04.02 20:48:37.032,0.93434,0.93445,1.88,1.88
2013.04.02 20:48:37.211,0.93435,0.93445,1.13,1.88
2013.04.02 20:48:42.205,0.93435,0.93445,1.13,4.13
2013.04.02 20:48:43.271,0.93435,0.93444,1.13,1.54
2013.04.02 20:48:45.371,0.93435,0.93445,1.13,2.63
2013.04.02 20:48:46.822,0.93435,0.93445,1.13,3.38
2013.04.02 20:49:04.680,0.93435,0.93444,1.13,2.25
2013.04.02 20:49:05.261,0.93434,0.93443,1.13,1.43
2013.04.02 20:49:05.441,0.93432,0.9344,1.50,1.13
2013.04.02 20:49:06.351,0.93431,0.93442,1.13,1.73
2013.04.02 20:49:06.412,0.93434,0.93442,1.13,1.65
2013.04.02 20:49:08.820,0.93434,0.93441,1.13,1.65
2013.04.02 20:49:08.881,0.9343,0.9344,1.65,1.13
2013.04.02 20:49:09.422,0.93434,0.93442,1.13,1.65
2013.04.02 20:49:10.345,0.93434,0.93441,1.13,1.65
2013.04.02 20:49:14.441,0.93431,0.9344,1.13,1.13
2013.04.02 20:49:15.190,0.93429,0.93439,1.13,1.65
2013.04.02 20:49:15.251,0.93429,0.93438,1.13,1.13
2013.04.02 20:49:15.311,0.93428,0.93436,1.13,1.65
2013.04.02 20:49:15.371,0.93427,0.93433,1.84,1.13
2013.04.02 20:49:15.611,0.93425,0.93434,1.13,2.63
2013.04.02 20:49:15.911,0.93425,0.93434,1.13,2.85
2013.04.02 20:49:16.031,0.93425,0.93433,1.13,1.50
2013.04.02 20:49:16.580,0.93425,0.93434,1.13,2.63
2013.04.02 20:49:19.200,0.93425,0.93434,1.13,2.63
2013.04.02 20:49:19.321,0.93428,0.93436,1.13,2.25
2013.04.02 20:49:19.381,0.93429,0.93436,1.13,2.25
2013.04.02 20:49:19.501,0.93431,0.93439,1.13,1.65
2013.04.02 20:49:20.570,0.93431,0.93438,1.13,1.65
2013.04.02 20:49:21.313,0.93431,0.93438,1.13,2.37
2013.04.02 20:49:23.350,0.9343,0.93437,1.13,1.50
2013.04.02 20:49:23.620,0.93428,0.93434,1.13,2.25
2013.04.02 20:49:24.160,0.93428,0.93435,1.13,2.22
2013.04.02 20:49:25.466,0.93428,0.93435,1.13,2.22
2013.04.02 20:49:25.590,0.93428,0.93434,1.13,2.18
2013.04.02 20:49:25.830,0.93428,0.93434,1.13,2.18
2013.04.02 20:49:27.690,0.93428,0.93436,1.13,2.22
2013.04.02 20:49:28.320,0.93428,0.93436,1.13,1.50
2013.04.02 20:49:30.770,0.93428,0.93437,1.13,2.63
2013.04.02 20:49:50.541,0.93428,0.93436,1.13,1.50
2013.04.02 20:49:55.073,0.93428,0.93436,1.13,1.50
2013.04.02 20:49:58.561,0.93427,0.93435,1.50,1.13
2013.04.02 20:49:58.680,0.93424,0.93432,4.28,1.13
2013.04.02 20:49:58.980,0.93424,0.93435,4.50,1.50
2013.04.02 20:49:59.040,0.93428,0.93435,1.13,2.25
2013.04.02 20:50:00.600,0.93428,0.93437,1.13,2.63
2013.04.02 20:50:03.470,0.93428,0.93437,1.13,3.42
2013.04.02 20:50:09.180,0.93428,0.93437,1.13,3.42
2013.04.02 20:50:19.410,0.93429,0.93438,1.13,2.63
2013.04.02 20:50:23.530,0.93428,0.93436,1.13,1.65
2013.04.02 20:50:28.090,0.93429,0.93436,1.13,1.65
2013.04.02 20:50:29.300,0.93428,0.93436,1.13,2.40
2013.04.02 20:50:33.040,0.93429,0.93436,1.13,1.65
2013.04.02 20:50:37.082,0.93429,0.93438,1.13,2.63
2013.04.02 20:50:43.050,0.93429,0.93438,1.13,1.88
2013.04.02 20:50:59.523,0.93427,0.93437,1.13,1.65
2013.04.02 20:51:01.880,0.93428,0.93437,1.13,1.65
2013.04.02 20:51:02.980,0.93427,0.93437,1.13,1.65
2013.04.02 20:51:04.600,0.93428,0.93435,1.13,1.50
2013.04.02 20:51:27.811,0.93427,0.93436,1.13,1.65
2013.04.02 20:51:29.662,0.93428,0.93438,1.88,1.13
2013.04.02 20:51:31.862,0.93427,0.93437,1.13,1.65
2013.04.02 20:51:33.963,0.93428,0.93437,1.13,1.65
2013.04.02 20:51:37.510,0.93427,0.93437,1.13,1.65
2013.04.02 20:51:51.233,0.93426,0.93437,1.88,1.65
2013.04.02 20:51:52.620,0.93427,0.93437,1.13,1.65
2013.04.02 20:51:53.232,0.93426,0.93437,2.63,1.65
2013.04.02 20:51:55.411,0.93427,0.93437,1.13,1.65
2013.04.02 20:51:55.951,0.93426,0.93437,2.63,1.65
2013.04.02 20:51:58.201,0.93427,0.93437,1.13,1.65
2013.04.02 20:52:02.833,0.93426,0.93435,1.13,1.50
2013.04.02 20:52:03.955,0.93427,0.93435,1.13,1.50
2013.04.02 20:52:04.490,0.93426,0.93435,1.13,1.50
2013.04.02 20:52:05.034,0.93425,0.93435,1.80,1.50
2013.04.02 20:52:05.151,0.93424,0.93435,3.60,4.35
2013.04.02 20:52:06.360,0.93424,0.93433,3.00,2.48
2013.04.02 20:52:06.877,0.93424,0.93433,2.85,2.48
2013.04.02 20:52:08.341,0.93424,0.93433,3.00,2.48
2013.04.02 20:52:08.949,0.93424,0.93433,2.85,2.48
2013.04.02 20:52:10.056,0.93424,0.93433,3.00,2.48
2013.04.02 20:52:10.560,0.93424,0.93433,2.85,2.48
2013.04.02 20:52:11.420,0.93424,0.93433,3.00,2.48
2013.04.02 20:52:12.150,0.93424,0.93433,2.85,2.48
2013.04.02 20:52:19.530,0.93424,0.93433,3.00,2.48
2013.04.02 20:52:25.083,0.93424,0.93433,3.75,2.48
2013.04.02 20:52:27.051,0.93425,0.93435,1.28,4.35
2013.04.02 20:52:27.231,0.93428,0.93435,1.13,1.50
2013.04.02 20:52:42.171,0.93427,0.93435,1.13,1.50
2013.04.02 20:52:52.540,0.93426,0.93435,2.25,2.10
2013.04.02 20:52:56.158,0.93427,0.93435,1.13,1.50
2013.04.02 20:53:04.187,0.93426,0.93435,1.50,1.50
2013.04.02 20:53:07.370,0.93427,0.93434,1.13,1.50
2013.04.02 20:53:09.912,0.93426,0.93434,1.88,3.75
2013.04.02 20:53:10.781,0.93424,0.93432,1.50,3.00
2013.04.02 20:53:21.914,0.93424,0.93432,1.50,3.75
2013.04.02 20:53:22.280,0.93423,0.9343,1.13,2.25
2013.04.02 20:53:25.242,0.93423,0.9343,1.13,3.00
2013.04.02 20:53:25.362,0.93418,0.93429,1.28,1.50
2013.04.02 20:53:25.541,0.93417,0.93425,1.13,3.00
2013.04.02 20:53:25.722,0.93416,0.93422,1.13,2.25
2013.04.02 20:53:26.362,0.93412,0.93422,1.50,3.00
2013.04.02 20:53:26.438,0.93411,0.93418,1.13,3.75
2013.04.02 20:53:27.421,0.93411,0.93417,1.13,1.50
2013.04.02 20:53:27.961,0.93408,0.93416,1.28,1.50
2013.04.02 20:53:28.813,0.9341,0.93417,1.13,1.50
2013.04.02 20:53:29.561,0.93406,0.93415,2.63,3.00
2013.04.02 20:53:30.481,0.93411,0.93415,1.88,1.50
2013.04.02 20:53:30.541,0.93411,0.93418,1.88,1.50
2013.04.02 20:53:31.080,0.93411,0.93418,1.13,1.50
2013.04.02 20:53:31.832,0.93406,0.93416,4.50,1.09
2013.04.02 20:53:31.891,0.93405,0.93415,3.00,1.65
2013.04.02 20:53:31.952,0.93403,0.93415,3.00,1.65
2013.04.02 20:53:32.313,0.934,0.93412,2.25,3.00
2013.04.02 20:53:33.602,0.934,0.9341,1.50,3.00
2013.04.02 20:53:33.963,0.934,0.93408,1.50,3.00
2013.04.02 20:53:34.022,0.934,0.93408,1.50,1.50
2013.04.02 20:53:35.181,0.93404,0.93414,1.13,3.38
2013.04.02 20:53:35.306,0.93402,0.93411,1.50,3.00
2013.04.02 20:53:35.432,0.93406,0.93412,2.63,2.25
2013.04.02 20:53:35.491,0.93406,0.93417,2.63,1.88
2013.04.02 20:53:35.611,0.93406,0.93416,3.38,1.50
2013.04.02 20:53:36.182,0.9341,0.93419,1.50,1.50
2013.04.02 20:53:37.244,0.93413,0.93421,3.00,4.35
2013.04.02 20:53:37.421,0.93414,0.93423,1.28,2.10
2013.04.02 20:53:37.782,0.93414,0.93422,1.05,1.13
2013.04.02 20:53:38.141,0.93411,0.93419,1.28,1.88
2013.04.02 20:53:38.868,0.9341,0.93419,1.13,3.38
2013.04.02 20:53:38.933,0.93402,0.93411,1.50,1.13
2013.04.02 20:53:38.997,0.934,0.93411,1.65,1.13
2013.04.02 20:53:39.362,0.93398,0.93408,1.13,1.13
2013.04.02 20:53:39.902,0.93398,0.93409,6.75,3.00
2013.04.02 20:53:40.021,0.93398,0.93411,3.38,3.38
2013.04.02 20:53:41.111,0.93399,0.93411,2.63,1.88
2013.04.02 20:54:01.071,0.93399,0.93411,4.50,3.38
2013.04.02 20:54:02.304,0.93398,0.93409,1.13,2.07
2013.04.02 20:54:02.661,0.93395,0.93404,1.28,3.00
2013.04.02 20:54:03.022,0.93392,0.93402,1.13,1.50
2013.04.02 20:54:03.082,0.93392,0.93401,1.13,1.50
2013.04.02 20:54:03.452,0.93388,0.93399,1.50,1.50
2013.04.02 20:54:04.762,0.93393,0.93401,1.50,1.13
2013.04.02 20:54:04.884,0.93393,0.934,2.25,1.13
2013.04.02 20:54:05.124,0.93391,0.93401,1.50,1.13
2013.04.02 20:54:05.252,0.93391,0.934,1.65,1.13
2013.04.02 20:54:05.313,0.93394,0.93401,1.13,1.50
2013.04.02 20:54:05.374,0.93392,0.93401,2.25,1.50
2013.04.02 20:54:05.434,0.9339,0.93401,2.25,3.00
2013.04.02 20:54:05.493,0.93386,0.93401,3.38,3.75
2013.04.02 20:54:05.733,0.93386,0.93399,1.50,2.25
2013.04.02 20:54:06.093,0.93387,0.93399,4.28,3.75
2013.04.02 20:54:06.452,0.93387,0.93399,1.28,3.75
2013.04.02 20:54:07.232,0.93385,0.93395,1.13,1.13
2013.04.02 20:54:07.292,0.93383,0.93394,1.13,1.13
2013.04.02 20:54:07.412,0.93382,0.9339,1.13,3.00
2013.04.02 20:54:07.831,0.93379,0.9339,1.88,1.50
2013.04.02 20:54:08.484,0.93379,0.9339,1.88,2.25
2013.04.02 20:54:09.891,0.93382,0.9339,1.13,1.50
2013.04.02 20:54:10.203,0.93385,0.93394,1.13,2.25
2013.04.02 20:54:12.456,0.93385,0.93398,1.13,3.38
2013.04.02 20:54:12.993,0.93388,0.93399,1.13,1.13
2013.04.02 20:54:18.003,0.93386,0.93399,1.13,3.00
2013.04.02 20:54:18.361,0.93388,0.93401,1.13,3.38
2013.04.02 20:54:29.202,0.93386,0.93399,1.50,3.00
2013.04.02 20:54:30.322,0.93388,0.93399,1.13,1.50
2013.04.02 20:54:36.331,0.93389,0.93401,1.13,1.13
2013.04.02 20:54:54.643,0.93389,0.93401,1.20,1.13
2013.04.02 20:55:00.762,0.93385,0.93404,1.65,3.00
2013.04.02 20:55:03.211,0.93392,0.93404,1.80,3.00
2013.04.02 20:55:04.245,0.93393,0.93404,1.43,1.88
2013.04.02 20:55:04.364,0.93393,0.93408,2.93,2.03
2013.04.02 20:55:15.642,0.93395,0.9341,2.40,2.55
2013.04.02 20:55:16.001,0.934,0.93416,3.00,2.38
2013.04.02 20:55:17.811,0.934,0.93417,3.15,2.03
2013.04.02 20:55:17.991,0.934,0.93417,3.15,1.88
2013.04.02 20:55:18.292,0.934,0.93415,3.15,1.65
2013.04.02 20:55:28.401,0.934,0.93417,3.15,4.39
2013.04.02 20:55:40.321,0.934,0.93414,3.15,2.03
2013.04.02 20:55:42.177,0.934,0.93415,2.78,1.50
2013.04.02 20:55:42.767,0.934,0.93414,3.15,1.65
2013.04.02 20:55:50.312,0.93401,0.93415,1.95,3.00
2013.04.02 20:56:05.321,0.93402,0.93419,1.88,4.13
2013.04.02 20:56:06.826,0.93403,0.93419,1.50,3.38
2013.04.02 20:56:15.731,0.93402,0.93419,1.13,3.53
2013.04.02 20:56:18.221,0.93402,0.93419,1.13,2.78
2013.04.02 20:56:22.064,0.9341,0.93419,1.13,1.28
2013.04.02 20:56:22.381,0.93411,0.93422,1.88,1.13
2013.04.02 20:56:22.442,0.93413,0.93423,1.13,1.13
2013.04.02 20:56:24.772,0.93413,0.93425,1.13,1.13
2013.04.02 20:56:24.892,0.93415,0.93425,1.13,1.13
2013.04.02 20:56:37.093,0.93413,0.93425,1.13,1.13
2013.04.02 20:56:40.022,0.93415,0.93425,1.13,1.13
2013.04.02 20:56:44.554,0.93415,0.93425,1.13,1.13
2013.04.02 20:56:47.084,0.93415,0.93426,1.13,1.13
2013.04.02 20:56:47.901,0.93411,0.93426,5.03,1.88
2013.04.02 20:56:47.961,0.93411,0.93424,1.13,1.32
2013.04.02 20:56:48.671,0.93406,0.93424,1.13,3.19
2013.04.02 20:56:49.232,0.93409,0.93421,1.35,1.13
2013.04.02 20:56:51.244,0.93409,0.93422,1.35,1.28
2013.04.02 20:56:51.362,0.93409,0.93423,1.50,1.13
2013.04.02 20:56:55.881,0.93406,0.93424,1.65,1.73
2013.04.02 20:57:11.012,0.93404,0.93421,3.15,1.13
2013.04.02 20:57:15.022,0.93404,0.93422,1.65,1.88
2013.04.02 20:57:34.291,0.93404,0.93424,3.15,2.82
2013.04.02 20:57:38.432,0.93404,0.93422,3.15,1.13
2013.04.02 20:57:38.612,0.9341,0.93423,3.00,2.07
2013.04.02 20:57:39.114,0.9341,0.93424,3.15,1.65
2013.04.02 20:57:42.422,0.93415,0.93426,1.88,1.69
2013.04.02 20:57:42.482,0.93417,0.93426,1.50,1.13
2013.04.02 20:57:42.542,0.93415,0.93426,1.13,1.13
2013.04.02 20:57:45.401,0.93412,0.93424,2.63,2.52
2013.04.02 20:57:47.401,0.93412,0.93424,2.63,1.73
2013.04.02 20:57:51.032,0.93415,0.93428,1.50,1.13
2013.04.02 20:57:53.404,0.93418,0.93429,1.50,2.25
2013.04.02 20:58:00.904,0.93418,0.93429,1.50,1.50
2013.04.02 20:58:02.748,0.93418,0.93429,1.50,1.50
2013.04.02 20:58:02.818,0.93414,0.93427,1.28,2.18
2013.04.02 20:58:03.560,0.93414,0.93427,1.28,1.43
2013.04.02 20:58:03.812,0.93414,0.93427,1.28,2.18
2013.04.02 20:58:18.023,0.93418,0.93429,1.35,1.88
2013.04.02 20:58:21.141,0.93414,0.93429,1.65,3.00
2013.04.02 20:58:23.372,0.93418,0.93429,2.03,2.07
2013.04.02 20:58:23.942,0.9342,0.93429,1.13,2.63
2013.04.02 20:58:25.481,0.93418,0.93429,2.48,2.07
2013.04.02 20:58:27.883,0.9342,0.93429,1.13,1.88
2013.04.02 20:58:28.192,0.9342,0.93431,1.13,3.75
2013.04.02 20:58:30.342,0.9342,0.93431,1.13,4.50
2013.04.02 20:58:34.507,0.9342,0.93429,1.13,1.50
2013.04.02 20:58:35.196,0.93421,0.93431,4.13,3.38
2013.04.02 20:58:35.738,0.9342,0.9343,1.50,1.50
2013.04.02 20:58:45.492,0.93418,0.93429,1.35,1.50
2013.04.02 20:58:47.559,0.9342,0.93429,1.13,2.25
2013.04.02 20:58:50.789,0.9342,0.93429,1.13,2.25
2013.04.02 20:58:53.175,0.93421,0.93431,4.13,3.00
2013.04.02 20:58:55.182,0.9342,0.93431,1.50,3.00
2013.04.02 20:58:55.364,0.9342,0.93432,1.50,3.30
2013.04.02 20:58:55.422,0.9342,0.93431,1.50,1.50
2013.04.02 20:58:55.962,0.9342,0.93431,5.25,1.50
2013.04.02 20:58:56.362,0.9342,0.93432,5.25,1.43
2013.04.02 20:58:56.423,0.93421,0.9343,3.75,1.50
2013.04.02 20:58:56.663,0.9342,0.93432,1.13,1.43
2013.04.02 20:58:57.882,0.9342,0.93432,1.13,2.18
2013.04.02 20:58:58.002,0.9342,0.93432,1.13,1.43
2013.04.02 20:58:59.046,0.9342,0.93432,1.13,2.18
2013.04.02 20:58:59.291,0.9342,0.93432,1.13,1.43
2013.04.02 20:59:00.182,0.93419,0.93432,0.83,1.43
2013.04.02 20:59:02.061,0.93419,0.93429,0.38,0.75
2013.04.02 20:59:02.241,0.93419,0.93432,0.38,1.28
2013.04.02 20:59:02.851,0.93419,0.93431,0.38,0.75
2013.04.02 20:59:15.134,0.93419,0.93432,1.13,0.75
2013.04.02 20:59:15.371,0.93414,0.93432,0.75,0.75
2013.04.02 20:59:16.270,0.93414,0.93432,0.83,0.75
2013.04.02 20:59:17.493,0.93414,0.9343,0.83,0.75
2013.04.02 20:59:18.020,0.93414,0.93429,0.83,0.75
2013.04.02 20:59:22.152,0.93414,0.93428,0.83,0.75
2013.04.02 20:59:23.520,0.93414,0.93429,0.83,0.75
2013.04.02 20:59:25.921,0.93412,0.93428,0.83,0.75
2013.04.02 20:59:27.681,0.93414,0.93429,0.83,0.75
2013.04.02 20:59:30.380,0.93412,0.9343,0.83,0.75
2013.04.02 20:59:31.281,0.93416,0.93436,0.83,3.00
2013.04.02 20:59:39.681,0.93416,0.93435,0.83,0.75
2013.04.02 20:59:40.263,0.93416,0.93436,0.83,3.75
2013.04.02 20:59:44.085,0.93416,0.93435,0.83,0.75
2013.04.02 20:59:47.860,0.93416,0.93435,0.75,0.75
2013.04.02 20:59:48.160,0.93419,0.93435,0.30,0.75
2013.04.02 20:59:49.270,0.93428,0.93435,0.38,0.75
2013.04.02 20:59:49.342,0.93428,0.93446,1.13,0.75
2013.04.02 20:59:49.401,0.93428,0.93448,1.13,0.75
2013.04.02 20:59:49.520,0.9343,0.93449,0.75,1.13
2013.04.02 20:59:51.510,0.9343,0.93448,0.75,0.75
2013.04.02 20:59:55.174,0.9343,0.93449,0.75,0.30
2013.04.02 20:59:58.151,0.9343,0.9345,0.75,1.13
