2007.04.30 09:00:03.261,1.1969,1.197,8.60,0.90
2007.04.30 09:00:03.953,1.1969,1.197,4.60,17.60
2007.04.30 09:00:04.495,1.1969,1.197,8.60,13.60
2007.04.30 09:00:04.850,1.1969,1.197,4.60,17.60
2007.04.30 09:00:14.293,1.1969,1.197,9.40,13.60
2007.04.30 09:00:14.566,1.1969,1.1971,9.40,63.90
2007.04.30 09:00:14.611,1.1969,1.1971,19.80,25.60
2007.04.30 09:00:14.924,1.1969,1.197,17.40,0.80
2007.04.30 09:00:15.539,1.197,1.1971,8.80,0.80
2007.04.30 09:00:17.123,1.197,1.19715,9.60,13.10
2007.04.30 09:00:17.351,1.1971,1.1972,4.80,24.30
2007.04.30 09:00:20.266,1.1971,1.19715,0.80,0.30
2007.04.30 09:00:20.483,1.197,1.19715,21.60,0.30
2007.04.30 09:00:20.768,1.197,1.1971,17.60,0.80
2007.04.30 09:00:21.023,1.197,1.19715,17.60,13.10
2007.04.30 09:00:21.266,1.1971,1.19715,2.40,1.10
2007.04.30 09:00:21.564,1.197,1.19715,12.00,1.10
2007.04.30 09:00:21.792,1.1971,1.1972,0.80,18.70
2007.04.30 09:00:25.948,1.197,1.19715,4.80,17.10
2007.04.30 09:00:30.810,1.197,1.19715,8.80,13.10
2007.04.30 09:00:33.485,1.197,1.1972,16.80,21.90
2007.04.30 09:00:33.899,1.1971,1.1972,4.80,19.50
2007.04.30 09:00:37.223,1.1971,1.1972,9.60,1.10
2007.04.30 09:00:37.504,1.1971,1.19725,19.20,2.80
2007.04.30 09:00:37.816,1.1971,1.19725,19.20,5.20
2007.04.30 09:00:38.107,1.1971,1.19725,20.00,5.20
2007.04.30 09:00:38.385,1.1971,1.19725,18.40,5.20
2007.04.30 09:00:38.606,1.1972,1.19725,0.80,3.50
2007.04.30 09:00:38.883,1.1971,1.1972,12.80,0.70
2007.04.30 09:00:39.114,1.1971,1.19725,4.80,21.20
2007.04.30 09:00:39.545,1.1971,1.19725,4.80,18.80
2007.04.30 09:00:39.878,1.1971,1.1972,4.80,0.60
2007.04.30 09:00:41.175,1.1971,1.19725,4.80,20.40
2007.04.30 09:00:41.412,1.1971,1.1972,8.80,0.80
2007.04.30 09:00:41.663,1.1971,1.19725,12.80,4.50
2007.04.30 09:00:42.515,1.1971,1.19725,16.80,0.50
2007.04.30 09:00:45.186,1.1971,1.1972,12.80,4.00
2007.04.30 09:00:45.452,1.1971,1.1972,4.80,19.20
2007.04.30 09:00:46.159,1.1971,1.1972,4.80,18.40
2007.04.30 09:00:55.171,1.1971,1.1972,4.80,16.80
2007.04.30 09:00:55.484,1.1971,1.1972,4.80,19.20
2007.04.30 09:00:56.382,1.1971,1.1972,4.80,18.40
2007.04.30 09:00:56.827,1.1971,1.1972,4.80,20.00
2007.04.30 09:00:57.117,1.1971,1.1972,4.80,18.40
2007.04.30 09:00:57.422,1.1971,1.1972,4.80,43.90
2007.04.30 09:00:57.711,1.1971,1.1972,4.80,44.70
2007.04.30 09:00:57.965,1.197,1.1971,11.20,4.80
2007.04.30 09:00:58.281,1.197,1.1971,8.80,6.40
2007.04.30 09:00:59.803,1.197,1.1971,8.80,6.40
2007.04.30 09:01:00.411,1.197,1.1971,9.60,6.40
2007.04.30 09:01:02.048,1.197,1.1971,9.60,5.60
2007.04.30 09:01:02.346,1.197,1.1971,9.60,4.80
2007.04.30 09:01:02.652,1.197,1.1971,9.60,5.60
2007.04.30 09:01:06.670,1.197,1.1971,9.60,6.40
2007.04.30 09:01:10.704,1.197,1.1971,9.60,7.20
2007.04.30 09:01:12.413,1.197,1.1971,9.60,8.00
2007.04.30 09:01:13.073,1.197,1.1971,9.60,7.20
2007.04.30 09:01:14.742,1.197,1.1971,9.60,8.00
2007.04.30 09:01:15.872,1.197,1.1971,2.30,8.00
2007.04.30 09:01:16.732,1.19695,1.1971,11.20,8.80
2007.04.30 09:01:18.664,1.19695,1.1971,11.20,9.60
2007.04.30 09:01:19.289,1.19695,1.1971,11.20,8.80
2007.04.30 09:01:19.598,1.19695,1.1971,11.20,4.80
2007.04.30 09:01:20.935,1.197,1.1971,0.60,5.60
2007.04.30 09:01:21.330,1.197,1.1971,2.30,4.80
2007.04.30 09:01:22.661,1.197,1.1971,4.00,5.60
2007.04.30 09:01:23.378,1.1971,1.1972,0.60,58.30
2007.04.30 09:01:23.706,1.197,1.1971,22.40,5.60
2007.04.30 09:01:24.014,1.197,1.1971,27.10,0.80
2007.04.30 09:01:24.366,1.197,1.1972,44.00,5.60
2007.04.30 09:01:24.708,1.1971,1.1972,0.60,6.40
2007.04.30 09:01:25.921,1.1971,1.1972,3.20,7.20
2007.04.30 09:01:28.659,1.1971,1.1972,0.60,8.00
2007.04.30 09:01:29.586,1.197,1.1972,44.00,9.60
2007.04.30 09:01:29.831,1.197,1.1972,44.00,6.40
2007.04.30 09:01:30.346,1.197,1.1972,44.00,8.00
2007.04.30 09:01:32.648,1.1971,1.1972,3.10,8.80
2007.04.30 09:01:33.336,1.197,1.1972,28.00,14.40
2007.04.30 09:01:33.908,1.197,1.1972,4.70,14.40
2007.04.30 09:01:34.310,1.19695,1.1972,22.40,13.60
2007.04.30 09:01:36.656,1.197,1.1972,2.70,14.40
2007.04.30 09:01:40.639,1.19695,1.1972,22.40,15.20
2007.04.30 09:01:40.917,1.197,1.1972,38.40,13.60
2007.04.30 09:01:41.311,1.1971,1.1972,2.20,14.40
2007.04.30 09:01:41.641,1.1971,1.1972,1.30,13.60
2007.04.30 09:01:42.932,1.1971,1.19725,1.30,15.60
2007.04.30 09:01:44.631,1.1971,1.1972,4.80,0.90
2007.04.30 09:01:49.849,1.1971,1.1972,4.80,0.80
2007.04.30 09:01:50.275,1.1971,1.19725,4.80,16.40
2007.04.30 09:01:50.523,1.1971,1.19725,8.80,12.40
2007.04.30 09:01:51.954,1.1971,1.19725,8.80,13.20
2007.04.30 09:01:52.227,1.1971,1.1972,8.80,0.70
2007.04.30 09:01:52.617,1.1971,1.1972,8.80,0.60
2007.04.30 09:01:52.900,1.1971,1.19725,8.80,7.60
2007.04.30 09:01:53.194,1.1971,1.19725,8.80,8.40
2007.04.30 09:01:57.594,1.1971,1.1972,8.80,0.50
2007.04.30 09:01:58.929,1.1971,1.19725,8.80,8.40
2007.04.30 09:01:59.263,1.1971,1.19725,8.80,9.20
2007.04.30 09:01:59.513,1.1971,1.1972,16.80,0.70
2007.04.30 09:02:01.267,1.1972,1.19725,8.00,7.50
2007.04.30 09:02:01.753,1.1972,1.19725,8.00,3.60
2007.04.30 09:02:02.057,1.1972,1.1973,12.80,14.90
2007.04.30 09:02:06.228,1.1971,1.1972,51.90,0.50
2007.04.30 09:02:06.442,1.1972,1.19735,5.60,14.40
2007.04.30 09:02:08.783,1.1972,1.1973,4.80,0.60
2007.04.30 09:02:09.576,1.1972,1.19735,4.80,15.20
2007.04.30 09:02:10.213,1.1972,1.1973,4.80,0.90
2007.04.30 09:02:11.895,1.1972,1.19735,4.80,15.20
2007.04.30 09:02:12.859,1.1972,1.1973,4.80,13.60
2007.04.30 09:02:13.349,1.1972,1.1973,4.80,14.40
2007.04.30 09:02:13.558,1.1972,1.1973,4.80,15.20
2007.04.30 09:02:13.888,1.1972,1.1973,4.80,14.40
2007.04.30 09:02:17.049,1.1972,1.1973,5.60,14.40
2007.04.30 09:02:18.089,1.1972,1.1973,4.80,14.40
2007.04.30 09:02:27.401,1.1971,1.1973,22.40,14.40
2007.04.30 09:02:27.844,1.1972,1.1973,4.80,14.40
2007.04.30 09:02:28.481,1.1972,1.1973,5.60,14.40
2007.04.30 09:02:28.781,1.1972,1.1973,6.40,14.40
2007.04.30 09:02:30.094,1.1972,1.1973,6.40,13.60
2007.04.30 09:02:30.506,1.1972,1.1973,5.60,13.60
2007.04.30 09:02:30.738,1.1972,1.1973,6.40,13.60
2007.04.30 09:02:31.003,1.19725,1.1973,1.60,13.60
2007.04.30 09:02:31.478,1.19725,1.1973,2.40,9.60
2007.04.30 09:02:32.036,1.19725,1.1973,2.40,8.80
2007.04.30 09:02:32.771,1.19725,1.1973,2.40,4.80
2007.04.30 09:02:33.281,1.19725,1.1973,2.40,8.80
2007.04.30 09:02:34.078,1.19725,1.1973,2.40,4.80
2007.04.30 09:02:34.444,1.19725,1.1974,2.40,15.20
2007.04.30 09:02:38.438,1.1973,1.1974,4.00,13.60
2007.04.30 09:02:38.667,1.1973,1.1974,4.80,13.60
2007.04.30 09:02:39.145,1.1973,1.1974,4.80,12.80
2007.04.30 09:02:39.971,1.1973,1.1974,4.80,13.60
2007.04.30 09:02:41.278,1.19725,1.1974,7.20,13.60
2007.04.30 09:02:41.480,1.1973,1.1974,8.80,9.60
2007.04.30 09:02:42.106,1.1973,1.1974,8.80,8.80
2007.04.30 09:02:43.106,1.1973,1.1974,9.60,8.80
2007.04.30 09:02:44.097,1.1973,1.1974,10.40,8.80
2007.04.30 09:02:44.456,1.1973,1.1974,9.60,8.80
2007.04.30 09:02:45.799,1.1973,1.1974,9.60,4.80
2007.04.30 09:02:46.082,1.1974,1.1975,3.20,12.80
2007.04.30 09:02:46.395,1.1974,1.1975,8.80,12.80
2007.04.30 09:02:47.116,1.1974,1.1975,11.20,12.80
2007.04.30 09:02:47.696,1.1974,1.1975,9.60,15.20
2007.04.30 09:02:47.973,1.1974,1.1975,7.20,16.80
2007.04.30 09:02:48.985,1.1974,1.1975,7.20,13.60
2007.04.30 09:02:49.762,1.1974,1.1975,7.20,14.40
2007.04.30 09:02:49.998,1.1974,1.1975,5.60,14.40
2007.04.30 09:02:50.305,1.1974,1.1975,8.00,14.40
2007.04.30 09:02:50.804,1.1974,1.1975,20.80,5.60
2007.04.30 09:02:51.031,1.1974,1.1975,24.00,0.80
2007.04.30 09:02:51.798,1.1974,1.1975,27.20,0.80
2007.04.30 09:02:52.053,1.1974,1.1975,24.80,0.80
2007.04.30 09:02:52.263,1.1974,1.1975,21.60,0.80
2007.04.30 09:02:52.497,1.1974,1.1975,20.80,0.80
2007.04.30 09:02:52.804,1.1974,1.1975,27.20,0.80
2007.04.30 09:02:53.006,1.1975,1.1976,4.80,16.00
2007.04.30 09:02:53.701,1.1975,1.1976,7.20,16.00
2007.04.30 09:02:54.368,1.1975,1.1976,6.40,16.00
2007.04.30 09:02:54.802,1.1975,1.1976,4.80,16.00
2007.04.30 09:03:00.695,1.1975,1.1976,4.80,17.60
2007.04.30 09:03:00.919,1.1974,1.1975,8.00,16.00
2007.04.30 09:03:01.437,1.1974,1.1975,7.20,16.80
2007.04.30 09:03:01.727,1.1974,1.1975,8.80,16.80
2007.04.30 09:03:01.992,1.1974,1.1975,8.00,16.80
2007.04.30 09:03:02.317,1.1974,1.1975,2.40,16.80
2007.04.30 09:03:02.581,1.1974,1.1975,1.60,16.80
2007.04.30 09:03:03.016,1.1973,1.1975,19.20,16.80
2007.04.30 09:03:03.273,1.1973,1.1975,16.80,16.80
2007.04.30 09:03:03.766,1.1973,1.1974,11.20,11.20
2007.04.30 09:03:04.045,1.1973,1.1974,11.20,12.80
2007.04.30 09:03:04.429,1.1973,1.1974,16.80,4.80
2007.04.30 09:03:04.762,1.1973,1.1974,20.00,4.80
2007.04.30 09:03:04.982,1.1973,1.1975,20.00,20.80
2007.04.30 09:03:05.328,1.1973,1.1975,19.20,16.00
2007.04.30 09:03:05.551,1.1973,1.1975,19.20,13.60
2007.04.30 09:03:07.420,1.1973,1.1975,18.40,17.60
2007.04.30 09:03:08.755,1.1973,1.1975,17.60,17.60
2007.04.30 09:03:11.669,1.1973,1.1975,17.60,24.80
2007.04.30 09:03:11.910,1.1973,1.1974,17.60,4.00
2007.04.30 09:03:12.116,1.1973,1.1974,25.60,4.80
2007.04.30 09:03:12.380,1.1973,1.1974,26.40,4.80
2007.04.30 09:03:12.745,1.1973,1.1974,18.40,4.80
2007.04.30 09:03:14.395,1.1973,1.1974,12.00,8.80
2007.04.30 09:03:15.575,1.19725,1.1974,14.40,8.80
2007.04.30 09:03:15.974,1.1973,1.1974,1.60,9.60
2007.04.30 09:03:16.619,1.1973,1.1974,6.30,9.60
2007.04.30 09:03:17.322,1.1973,1.1974,3.50,9.60
2007.04.30 09:03:18.997,1.1973,1.1974,3.40,9.60
2007.04.30 09:03:21.601,1.19725,1.1974,20.00,5.60
2007.04.30 09:03:23.978,1.1973,1.1974,6.80,0.80
2007.04.30 09:03:24.203,1.19725,1.1974,28.00,0.10
2007.04.30 09:03:27.341,1.1973,1.1975,27.80,13.60
2007.04.30 09:03:27.611,1.1973,1.1975,39.00,9.60
2007.04.30 09:03:28.307,1.19725,1.1975,31.20,13.60
2007.04.30 09:03:28.578,1.1974,1.1975,1.00,13.60
2007.04.30 09:03:29.018,1.19725,1.1975,30.40,13.60
2007.04.30 09:03:31.956,1.1973,1.1975,54.30,9.60
2007.04.30 09:03:32.344,1.1974,1.1975,5.30,9.60
2007.04.30 09:03:32.951,1.1974,1.1975,7.30,9.60
2007.04.30 09:03:33.345,1.1973,1.1975,59.10,9.60
2007.04.30 09:03:36.664,1.1974,1.1975,2.80,9.60
2007.04.30 09:03:37.338,1.1974,1.1975,1.00,9.60
2007.04.30 09:03:38.986,1.1973,1.1975,61.50,9.60
2007.04.30 09:03:40.646,1.1973,1.1975,63.10,5.60
2007.04.30 09:03:40.926,1.1974,1.1976,0.60,18.40
2007.04.30 09:03:41.139,1.1973,1.1976,84.70,9.60
2007.04.30 09:03:42.307,1.1974,1.1975,11.70,4.00
2007.04.30 09:03:42.611,1.19735,1.1975,24.00,4.80
2007.04.30 09:03:43.299,1.1974,1.1975,15.20,9.60
2007.04.30 09:03:45.625,1.1974,1.1975,13.60,9.60
2007.04.30 09:03:46.623,1.1974,1.1975,15.20,9.60
2007.04.30 09:03:48.959,1.1974,1.1975,15.20,11.20
2007.04.30 09:03:49.241,1.1974,1.1975,19.20,7.20
2007.04.30 09:03:49.544,1.1974,1.1975,19.20,6.40
2007.04.30 09:03:49.819,1.1974,1.1975,15.20,10.40
2007.04.30 09:03:50.286,1.1974,1.1975,15.20,11.20
2007.04.30 09:03:50.538,1.1974,1.1975,15.20,12.00
2007.04.30 09:03:53.838,1.1974,1.1975,14.40,12.00
2007.04.30 09:03:54.261,1.1974,1.1975,14.40,11.20
2007.04.30 09:03:54.555,1.1974,1.1975,13.60,11.20
2007.04.30 09:03:55.950,1.1974,1.1975,1.60,15.20
2007.04.30 09:03:56.223,1.1973,1.1974,27.20,4.80
2007.04.30 09:03:56.447,1.1973,1.1974,18.40,4.80
2007.04.30 09:03:56.919,1.1973,1.1975,27.20,16.00
2007.04.30 09:03:57.912,1.1973,1.1975,27.20,15.20
2007.04.30 09:03:59.465,1.1973,1.1975,26.40,15.20
2007.04.30 09:03:59.768,1.1973,1.1975,25.60,15.20
2007.04.30 09:04:00.549,1.1973,1.1974,17.60,4.80
2007.04.30 09:04:01.237,1.1974,1.1975,12.00,27.20
2007.04.30 09:04:01.441,1.1974,1.1975,12.80,12.00
2007.04.30 09:04:01.869,1.1973,1.1975,52.70,12.00
2007.04.30 09:04:01.905,1.1974,1.1975,12.80,9.60
2007.04.30 09:04:02.232,1.1974,1.1975,13.60,9.60
2007.04.30 09:04:02.807,1.1973,1.1974,42.30,4.00
2007.04.30 09:04:03.078,1.1973,1.1974,17.60,5.60
2007.04.30 09:04:03.299,1.1973,1.1974,18.40,5.60
2007.04.30 09:04:08.887,1.19725,1.1973,2.40,4.00
2007.04.30 09:04:09.171,1.19725,1.1973,2.40,4.80
2007.04.30 09:04:09.434,1.1972,1.1973,14.40,8.80
2007.04.30 09:04:09.741,1.1972,1.1973,15.20,8.80
2007.04.30 09:04:10.152,1.1972,1.1973,14.40,8.80
2007.04.30 09:04:11.856,1.1972,1.1973,13.60,8.80
2007.04.30 09:04:12.187,1.1972,1.1973,12.80,8.80
2007.04.30 09:04:12.463,1.1971,1.1973,30.40,8.80
2007.04.30 09:04:12.784,1.1971,1.1973,28.80,12.80
2007.04.30 09:04:13.043,1.1971,1.1972,20.00,4.80
2007.04.30 09:04:13.517,1.1972,1.19725,2.40,0.80
2007.04.30 09:04:13.776,1.1972,1.1973,4.30,19.20
2007.04.30 09:04:13.998,1.1972,1.1973,5.10,14.40
2007.04.30 09:04:14.242,1.1972,1.1973,5.60,22.40
2007.04.30 09:04:14.805,1.1972,1.1973,5.60,14.40
2007.04.30 09:04:15.078,1.1972,1.1973,5.60,13.60
2007.04.30 09:04:15.495,1.1972,1.1973,0.80,13.60
2007.04.30 09:04:16.137,1.1971,1.1973,31.20,13.60
2007.04.30 09:04:17.202,1.1971,1.1973,30.40,13.60
2007.04.30 09:04:17.864,1.1971,1.1972,22.40,0.80
2007.04.30 09:04:18.129,1.1971,1.1972,22.40,4.80
2007.04.30 09:04:18.719,1.1971,1.1972,21.60,4.80
2007.04.30 09:04:19.193,1.1971,1.1972,21.90,4.80
2007.04.30 09:04:20.185,1.1971,1.1972,22.70,4.80
2007.04.30 09:04:20.860,1.1971,1.1972,21.90,4.80
2007.04.30 09:04:21.865,1.1971,1.1972,20.30,4.80
2007.04.30 09:04:22.162,1.1971,1.1972,18.70,4.80
2007.04.30 09:04:22.519,1.1971,1.1972,17.10,4.80
2007.04.30 09:04:31.062,1.1971,1.1973,17.10,34.40
2007.04.30 09:04:32.501,1.1971,1.1973,18.70,34.40
2007.04.30 09:04:33.161,1.1971,1.1973,17.10,37.60
2007.04.30 09:04:47.448,1.1972,1.1973,8.00,36.00
2007.04.30 09:04:47.780,1.1971,1.1972,9.90,0.60
2007.04.30 09:04:48.040,1.1972,1.1973,20.80,12.80
2007.04.30 09:04:48.342,1.1972,1.19735,24.80,6.40
2007.04.30 09:04:48.548,1.1972,1.1973,24.40,0.80
2007.04.30 09:04:48.775,1.1972,1.1973,20.80,0.50
2007.04.30 09:04:49.444,1.1972,1.1973,24.80,0.60
2007.04.30 09:04:50.437,1.1972,1.1973,21.10,0.50
2007.04.30 09:04:57.026,1.1972,1.19735,12.80,19.20
2007.04.30 09:04:57.380,1.1972,1.1973,0.80,26.40
2007.04.30 09:04:57.859,1.1971,1.1973,28.80,34.40
2007.04.30 09:04:58.349,1.1971,1.1972,25.60,0.80
2007.04.30 09:05:08.325,1.19705,1.1971,0.20,2.40
2007.04.30 09:05:08.587,1.1971,1.1972,12.80,9.60
2007.04.30 09:05:08.844,1.1971,1.1972,20.80,9.60
2007.04.30 09:05:09.407,1.1971,1.1972,12.80,13.60
2007.04.30 09:05:09.643,1.1971,1.1972,4.80,19.20
2007.04.30 09:05:09.915,1.1971,1.1972,0.80,19.20
2007.04.30 09:05:10.403,1.19705,1.1972,0.20,19.20
2007.04.30 09:05:11.971,1.19705,1.1971,0.20,4.00
2007.04.30 09:05:12.197,1.19705,1.1971,0.20,4.80
2007.04.30 09:05:14.182,1.19705,1.1971,0.20,8.80
2007.04.30 09:05:15.317,1.19705,1.1971,0.20,4.80
2007.04.30 09:05:16.376,1.19705,1.1971,0.20,8.80
2007.04.30 09:05:18.040,1.197,1.1971,1.70,16.80
2007.04.30 09:05:18.296,1.197,1.1971,12.10,12.80
2007.04.30 09:05:18.593,1.197,1.1971,20.90,8.80
2007.04.30 09:05:18.933,1.197,1.1971,22.50,8.80
2007.04.30 09:05:19.440,1.197,1.1971,14.50,12.80
2007.04.30 09:05:19.702,1.1969,1.197,24.80,4.00
2007.04.30 09:05:19.944,1.197,1.1971,1.60,24.80
2007.04.30 09:05:20.254,1.1969,1.197,28.00,4.80
2007.04.30 09:05:20.491,1.1969,1.1971,28.00,21.60
2007.04.30 09:05:21.288,1.1969,1.1971,26.40,21.60
2007.04.30 09:05:23.018,1.1969,1.1971,26.40,17.60
2007.04.30 09:05:23.287,1.1969,1.197,16.00,4.80
2007.04.30 09:05:23.522,1.1969,1.197,16.00,8.80
2007.04.30 09:05:23.970,1.1969,1.197,15.20,8.80
2007.04.30 09:05:25.012,1.1969,1.197,23.20,8.80
2007.04.30 09:05:25.344,1.1969,1.1971,27.20,24.00
2007.04.30 09:05:25.574,1.1969,1.1971,27.20,21.60
2007.04.30 09:05:25.839,1.1969,1.197,15.20,8.80
2007.04.30 09:05:27.969,1.1969,1.197,14.40,8.80
2007.04.30 09:05:28.236,1.1969,1.197,15.70,8.80
2007.04.30 09:05:28.784,1.1969,1.197,16.50,8.80
2007.04.30 09:05:29.932,1.1969,1.197,14.90,8.80
2007.04.30 09:05:30.352,1.1969,1.197,18.90,4.80
2007.04.30 09:05:31.345,1.1969,1.197,18.10,4.80
2007.04.30 09:05:31.444,1.1969,1.197,5.70,4.80
2007.04.30 09:05:32.280,1.19685,1.197,18.80,4.80
2007.04.30 09:05:33.684,1.19685,1.197,18.00,4.80
2007.04.30 09:05:34.012,1.19685,1.197,18.80,4.80
2007.04.30 09:05:34.553,1.19695,1.1971,15.20,16.80
2007.04.30 09:05:34.852,1.19695,1.1971,14.40,8.80
2007.04.30 09:05:35.225,1.19695,1.1971,19.20,4.80
2007.04.30 09:05:36.898,1.1969,1.197,48.70,4.80
2007.04.30 09:05:37.228,1.19695,1.197,1.00,4.80
2007.04.30 09:05:37.619,1.1969,1.197,4.40,4.80
2007.04.30 09:05:37.826,1.19685,1.197,19.50,4.20
2007.04.30 09:05:39.332,1.19685,1.197,18.70,4.20
2007.04.30 09:05:39.662,1.19685,1.197,19.50,4.20
2007.04.30 09:05:40.529,1.1969,1.197,6.90,4.20
2007.04.30 09:05:41.298,1.1969,1.197,4.50,4.20
2007.04.30 09:05:43.935,1.19685,1.197,19.50,4.20
2007.04.30 09:05:44.498,1.19685,1.197,18.70,4.20
2007.04.30 09:05:44.827,1.19685,1.197,17.90,4.20
2007.04.30 09:05:48.870,1.19685,1.197,17.90,5.00
2007.04.30 09:06:02.575,1.1969,1.197,12.80,5.00
2007.04.30 09:06:02.901,1.1969,1.197,12.80,1.00
2007.04.30 09:06:07.220,1.1969,1.197,13.60,1.00
2007.04.30 09:06:11.867,1.1969,1.197,12.80,1.00
2007.04.30 09:06:13.860,1.1969,1.197,13.60,1.00
2007.04.30 09:06:17.823,1.1969,1.197,9.60,5.00
2007.04.30 09:06:18.844,1.1969,1.197,8.80,5.00
2007.04.30 09:06:19.149,1.1969,1.197,8.80,9.00
2007.04.30 09:06:19.503,1.19685,1.197,0.40,14.60
2007.04.30 09:06:19.841,1.1969,1.197,12.80,13.00
2007.04.30 09:06:20.069,1.1969,1.197,12.80,9.00
2007.04.30 09:06:29.415,1.19685,1.1969,0.40,4.00
2007.04.30 09:06:29.666,1.19685,1.1969,0.40,4.80
2007.04.30 09:06:29.942,1.19685,1.1969,0.40,0.80
2007.04.30 09:06:30.149,1.19685,1.197,0.40,19.20
2007.04.30 09:06:30.476,1.19685,1.1969,0.40,4.80
2007.04.30 09:06:32.792,1.19685,1.1969,0.40,4.80
2007.04.30 09:06:37.461,1.1968,1.1969,20.70,4.80
2007.04.30 09:06:39.454,1.1968,1.1969,2.00,4.80
2007.04.30 09:06:40.078,1.1967,1.1969,77.00,5.60
2007.04.30 09:06:40.406,1.1967,1.1969,71.40,9.60
2007.04.30 09:06:40.945,1.1967,1.1969,64.20,9.60
2007.04.30 09:06:42.780,1.1967,1.1968,56.70,4.00
2007.04.30 09:06:42.983,1.19665,1.1968,26.70,8.80
2007.04.30 09:06:43.213,1.19665,1.1968,21.10,4.80
2007.04.30 09:06:44.530,1.19665,1.1968,20.30,4.80
2007.04.30 09:06:46.438,1.19665,1.1968,18.70,4.80
2007.04.30 09:06:46.671,1.1967,1.1968,7.60,5.60
2007.04.30 09:06:47.239,1.1967,1.1968,6.00,6.40
2007.04.30 09:06:47.519,1.1967,1.1968,8.30,5.60
2007.04.30 09:06:47.762,1.19665,1.1968,17.90,6.40
2007.04.30 09:06:47.979,1.19665,1.1968,17.20,5.60
2007.04.30 09:06:48.757,1.19665,1.1968,5.20,9.60
2007.04.30 09:06:49.055,1.19665,1.1968,5.20,13.60
2007.04.30 09:06:49.271,1.19665,1.1968,1.90,13.60
2007.04.30 09:06:49.608,1.19665,1.1968,0.70,12.80
2007.04.30 09:06:49.893,1.19665,1.1967,0.50,4.00
2007.04.30 09:06:50.265,1.1966,1.1967,27.60,4.80
2007.04.30 09:07:09.674,1.1966,1.1967,22.00,0.80
2007.04.30 09:07:32.497,1.19665,1.1967,0.40,4.80
2007.04.30 09:07:33.891,1.1966,1.1967,8.80,8.80
2007.04.30 09:07:34.166,1.1965,1.1966,32.30,4.80
2007.04.30 09:07:34.378,1.1965,1.1966,24.30,4.80
2007.04.30 09:07:34.607,1.1965,1.1966,22.70,4.80
2007.04.30 09:07:34.961,1.1966,1.1967,1.60,23.60
2007.04.30 09:07:35.964,1.1966,1.1967,10.40,10.40
2007.04.30 09:07:36.195,1.1966,1.1967,16.80,2.40
2007.04.30 09:07:36.458,1.1966,1.1968,24.80,20.80
2007.04.30 09:07:36.688,1.1966,1.1968,24.80,19.20
2007.04.30 09:07:36.957,1.1966,1.1968,25.60,19.20
2007.04.30 09:07:38.285,1.1966,1.1968,21.60,19.20
2007.04.30 09:07:38.539,1.1966,1.1968,21.60,20.00
2007.04.30 09:07:39.234,1.1966,1.1968,22.40,16.00
2007.04.30 09:07:39.448,1.1967,1.1968,12.80,9.60
2007.04.30 09:07:39.709,1.1967,1.1968,12.80,10.40
2007.04.30 09:07:40.894,1.1966,1.1968,27.20,13.60
2007.04.30 09:07:41.142,1.1966,1.1968,28.00,13.60
2007.04.30 09:07:41.606,1.1966,1.1968,27.20,13.60
2007.04.30 09:07:42.269,1.1966,1.1968,28.00,13.60
2007.04.30 09:07:42.936,1.1966,1.1967,19.20,4.80
2007.04.30 09:07:43.724,1.1966,1.1967,18.40,4.80
2007.04.30 09:07:44.838,1.1966,1.1967,19.20,4.80
2007.04.30 09:07:45.385,1.1966,1.1967,18.40,4.80
2007.04.30 09:07:45.595,1.1966,1.1967,17.60,4.80
2007.04.30 09:07:47.228,1.1966,1.1967,18.40,4.80
2007.04.30 09:07:48.465,1.1966,1.1967,19.20,4.80
2007.04.30 09:07:48.879,1.1966,1.1967,17.60,4.80
2007.04.30 09:07:49.162,1.1966,1.1967,16.80,4.80
2007.04.30 09:07:50.908,1.1966,1.1967,16.80,5.60
2007.04.30 09:07:51.517,1.1966,1.1968,16.80,37.60
2007.04.30 09:07:53.224,1.1966,1.1967,17.60,5.60
2007.04.30 09:07:53.849,1.1966,1.1967,18.40,5.60
2007.04.30 09:07:56.183,1.1966,1.1967,17.60,5.60
2007.04.30 09:07:57.253,1.1966,1.1967,18.40,5.60
2007.04.30 09:07:57.514,1.1966,1.1967,17.60,5.60
2007.04.30 09:07:58.933,1.1966,1.1967,19.20,5.60
2007.04.30 09:08:00.238,1.1966,1.1967,17.60,5.60
2007.04.30 09:08:04.016,1.1966,1.1967,17.60,6.40
2007.04.30 09:08:04.230,1.1966,1.1967,9.60,10.40
2007.04.30 09:08:04.520,1.1966,1.1967,1.60,18.40
2007.04.30 09:08:04.747,1.1965,1.1966,46.60,4.80
2007.04.30 09:08:04.966,1.1965,1.1966,22.70,4.80
2007.04.30 09:08:05.324,1.1965,1.1966,21.90,4.80
2007.04.30 09:08:05.676,1.1965,1.1966,21.10,4.80
2007.04.30 09:08:08.559,1.1965,1.1966,21.90,4.80
2007.04.30 09:08:09.011,1.1965,1.1966,22.70,4.80
2007.04.30 09:08:09.342,1.1965,1.1966,23.50,4.80
2007.04.30 09:08:09.986,1.19655,1.1966,0.20,4.80
2007.04.30 09:08:13.270,1.19655,1.1967,0.20,20.00
2007.04.30 09:08:13.497,1.19655,1.1967,0.20,13.60
2007.04.30 09:08:14.658,1.1966,1.1967,4.00,13.60
2007.04.30 09:08:14.888,1.1966,1.1967,16.80,5.60
2007.04.30 09:08:15.187,1.1966,1.1967,17.60,5.60
2007.04.30 09:08:17.674,1.1966,1.1967,18.40,5.60
2007.04.30 09:08:17.970,1.1966,1.1967,18.40,4.80
2007.04.30 09:08:18.923,1.1966,1.1967,17.60,5.60
2007.04.30 09:08:19.341,1.1967,1.1968,8.00,30.40
2007.04.30 09:08:19.595,1.1966,1.1967,31.10,1.60
2007.04.30 09:08:19.913,1.1966,1.1967,39.90,0.80
2007.04.30 09:08:20.206,1.1967,1.1968,12.80,9.60
2007.04.30 09:08:20.880,1.1967,1.1968,13.60,9.60
2007.04.30 09:08:22.569,1.1967,1.1968,14.40,8.80
2007.04.30 09:08:22.796,1.1967,1.1968,13.60,8.80
2007.04.30 09:08:23.043,1.1967,1.1968,14.40,8.80
2007.04.30 09:08:23.931,1.1967,1.1968,0.80,12.80
2007.04.30 09:08:24.873,1.1966,1.1968,28.80,12.80
2007.04.30 09:08:25.962,1.1966,1.1968,28.00,12.80
2007.04.30 09:08:26.516,1.1966,1.1968,28.80,12.80
2007.04.30 09:08:27.967,1.1966,1.1968,28.00,12.80
2007.04.30 09:08:29.270,1.1967,1.1968,0.80,13.60
2007.04.30 09:08:30.086,1.1967,1.1968,0.80,12.80
2007.04.30 09:08:30.967,1.1967,1.1968,0.80,16.80
2007.04.30 09:08:34.952,1.1967,1.1968,12.80,16.80
2007.04.30 09:08:35.181,1.1967,1.1968,14.40,8.80
2007.04.30 09:08:35.401,1.1967,1.1968,18.40,4.80
2007.04.30 09:08:36.844,1.1967,1.1968,13.60,8.80
2007.04.30 09:08:38.946,1.1967,1.1968,13.60,9.60
2007.04.30 09:08:39.269,1.1967,1.1968,0.80,9.60
2007.04.30 09:08:39.596,1.1967,1.1968,0.80,17.60
2007.04.30 09:08:39.934,1.1967,1.1968,13.60,17.60
2007.04.30 09:08:40.179,1.1967,1.1968,13.60,9.60
2007.04.30 09:08:46.862,1.19665,1.1968,14.40,9.60
2007.04.30 09:08:47.235,1.19665,1.1968,2.40,12.00
2007.04.30 09:08:47.517,1.19655,1.1967,23.30,0.80
2007.04.30 09:08:47.719,1.19655,1.1967,20.10,0.80
2007.04.30 09:08:48.009,1.1966,1.1968,6.90,15.20
2007.04.30 09:08:49.563,1.19655,1.1968,27.30,14.40
2007.04.30 09:08:49.898,1.19655,1.1968,27.30,13.60
2007.04.30 09:08:50.756,1.19655,1.1968,27.30,14.40
2007.04.30 09:08:51.555,1.19655,1.1968,27.30,13.60
2007.04.30 09:08:56.204,1.19655,1.1968,27.30,14.40
2007.04.30 09:08:56.861,1.19655,1.1968,27.30,13.60
2007.04.30 09:08:58.201,1.1966,1.1968,4.80,14.40
2007.04.30 09:08:58.859,1.19655,1.1968,27.30,15.20
2007.04.30 09:08:59.421,1.19655,1.1967,17.00,4.00
2007.04.30 09:09:04.508,1.1966,1.1968,7.10,20.00
2007.04.30 09:09:09.500,1.19655,1.1968,20.20,19.20
2007.04.30 09:09:10.494,1.1966,1.1968,2.00,20.00
2007.04.30 09:09:12.045,1.1966,1.1968,0.90,0.80
2007.04.30 09:09:12.630,1.19655,1.19685,20.20,23.20
2007.04.30 09:09:13.127,1.1966,1.1968,0.80,0.50
2007.04.30 09:09:14.146,1.1966,1.1968,0.60,0.70
2007.04.30 09:09:14.816,1.19655,1.19685,20.20,24.80
2007.04.30 09:09:15.371,1.1966,1.19685,20.00,24.80
2007.04.30 09:09:16.142,1.1966,1.19685,20.00,25.60
2007.04.30 09:09:16.464,1.1966,1.19685,20.00,26.40
2007.04.30 09:09:17.796,1.1966,1.19685,20.00,27.20
2007.04.30 09:09:18.128,1.1966,1.19685,20.00,26.40
2007.04.30 09:09:18.466,1.1966,1.1968,20.00,0.90
2007.04.30 09:09:18.788,1.1966,1.19685,20.00,26.40
2007.04.30 09:09:36.881,1.1966,1.19685,25.60,20.80
2007.04.30 09:09:37.876,1.1966,1.19685,25.60,18.40
2007.04.30 09:09:43.851,1.1966,1.1968,21.60,18.40
2007.04.30 09:09:46.840,1.1966,1.1968,21.30,18.40
2007.04.30 09:09:51.463,1.1966,1.1968,21.40,18.40
2007.04.30 09:09:58.950,1.1966,1.1967,4.60,8.80
2007.04.30 09:09:59.170,1.19655,1.1966,0.20,4.80
2007.04.30 09:10:00.583,1.19655,1.1966,0.20,8.80
2007.04.30 09:10:00.795,1.1966,1.1967,0.80,26.40
2007.04.30 09:10:01.036,1.1966,1.1967,0.80,11.20
2007.04.30 09:10:01.335,1.19655,1.1966,0.20,12.80
2007.04.30 09:10:01.632,1.19655,1.1966,0.20,4.80
2007.04.30 09:10:03.447,1.1966,1.1967,8.00,9.60
2007.04.30 09:10:05.439,1.1966,1.1967,8.00,7.90
2007.04.30 09:10:05.648,1.1966,1.1967,8.00,8.00
2007.04.30 09:10:07.410,1.19655,1.1967,0.20,10.40
2007.04.30 09:10:07.650,1.19655,1.1967,0.20,12.80
2007.04.30 09:10:07.897,1.19655,1.1966,0.20,4.80
2007.04.30 09:10:09.462,1.19655,1.1966,0.20,4.80
2007.04.30 09:10:10.430,1.19655,1.1967,0.20,23.20
2007.04.30 09:10:10.684,1.1965,1.1967,29.30,20.00
2007.04.30 09:10:11.216,1.1966,1.1967,0.60,12.80
2007.04.30 09:10:11.436,1.1966,1.1967,3.90,8.80
2007.04.30 09:10:12.407,1.19655,1.1967,0.20,12.80
2007.04.30 09:10:13.760,1.1966,1.1967,2.20,9.60
2007.04.30 09:10:14.012,1.1966,1.1967,2.20,5.60
2007.04.30 09:10:16.746,1.19655,1.1967,9.00,9.60
2007.04.30 09:10:16.980,1.1965,1.1967,30.90,13.60
2007.04.30 09:10:17.414,1.1965,1.1966,22.10,4.80
2007.04.30 09:10:23.861,1.19645,1.1965,0.80,4.80
2007.04.30 09:10:24.172,1.1964,1.1965,13.00,4.80
2007.04.30 09:10:24.390,1.19635,1.1965,31.20,0.80
2007.04.30 09:10:24.633,1.1964,1.1966,14.50,20.00
2007.04.30 09:10:24.971,1.1964,1.1966,37.60,10.40
2007.04.30 09:10:25.199,1.1965,1.19665,6.30,0.80
2007.04.30 09:10:25.456,1.1965,1.1967,0.90,17.60
2007.04.30 09:10:25.734,1.19645,1.1967,28.80,17.60
2007.04.30 09:10:26.084,1.1965,1.1967,12.50,17.60
2007.04.30 09:10:26.361,1.19645,1.1967,31.20,17.60
2007.04.30 09:10:26.592,1.1965,1.1967,6.60,13.60
2007.04.30 09:10:27.301,1.19645,1.1967,24.00,14.40
2007.04.30 09:10:27.519,1.1965,1.1966,2.90,4.80
2007.04.30 09:10:28.194,1.19645,1.1966,23.20,4.80
2007.04.30 09:10:29.717,1.19645,1.1966,21.60,4.80
2007.04.30 09:10:29.949,1.19645,1.1966,18.40,4.80
2007.04.30 09:10:30.184,1.19645,1.1966,19.20,4.80
2007.04.30 09:10:32.041,1.19645,1.1966,18.40,8.80
2007.04.30 09:10:32.372,1.19645,1.1966,1.60,14.40
2007.04.30 09:10:32.932,1.19645,1.1966,0.80,14.40
2007.04.30 09:10:35.687,1.19645,1.1966,4.80,10.40
2007.04.30 09:10:35.924,1.19645,1.1966,17.60,4.80
2007.04.30 09:10:36.585,1.19645,1.1966,18.40,4.80
2007.04.30 09:10:36.877,1.19645,1.1966,6.40,11.20
2007.04.30 09:10:37.144,1.1964,1.1966,39.20,10.40
2007.04.30 09:10:37.499,1.1964,1.1966,30.60,14.40
2007.04.30 09:10:41.962,1.1965,1.1966,16.00,13.60
2007.04.30 09:10:42.174,1.1965,1.1966,16.80,5.60
2007.04.30 09:10:42.797,1.1965,1.1966,17.60,4.80
2007.04.30 09:10:43.016,1.1965,1.1966,16.80,5.60
2007.04.30 09:10:44.928,1.19645,1.1965,0.20,0.80
2007.04.30 09:10:45.390,1.1965,1.1966,16.80,5.60
2007.04.30 09:10:46.996,1.1965,1.1966,16.80,9.60
2007.04.30 09:10:47.302,1.1965,1.1966,12.80,13.60
2007.04.30 09:10:47.537,1.19645,1.1966,0.20,15.20
2007.04.30 09:10:50.289,1.19645,1.1965,0.20,4.00
2007.04.30 09:10:50.552,1.19645,1.1965,0.20,4.80
2007.04.30 09:10:55.516,1.19645,1.1966,0.20,15.20
2007.04.30 09:10:55.930,1.1965,1.1966,16.80,15.20
2007.04.30 09:10:56.133,1.1965,1.1966,17.60,5.60
2007.04.30 09:10:58.875,1.1965,1.1966,13.60,9.60
2007.04.30 09:11:02.798,1.1965,1.1966,13.60,0.60
2007.04.30 09:11:06.925,1.1965,1.1966,12.80,0.70
2007.04.30 09:11:07.467,1.1965,1.19665,16.80,7.20
2007.04.30 09:11:08.484,1.1965,1.19665,12.80,11.20
2007.04.30 09:11:09.915,1.19645,1.1966,0.20,27.20
2007.04.30 09:11:23.433,1.19645,1.19665,0.20,20.80
2007.04.30 09:11:35.420,1.1965,1.1966,16.80,5.60
2007.04.30 09:11:36.436,1.1965,1.1966,12.80,9.60
2007.04.30 09:11:36.952,1.1965,1.1966,4.80,15.20
2007.04.30 09:11:37.455,1.19645,1.1966,0.20,15.20
2007.04.30 09:11:45.443,1.19645,1.1966,0.20,18.40
2007.04.30 09:11:45.695,1.19645,1.1965,0.20,4.00
2007.04.30 09:11:45.973,1.19645,1.1965,0.20,4.80
2007.04.30 09:11:58.735,1.19645,1.1965,0.20,0.80
2007.04.30 09:11:58.979,1.19645,1.1966,0.20,19.20
2007.04.30 09:12:02.385,1.1965,1.1966,7.20,15.20
2007.04.30 09:12:02.723,1.1966,1.19665,12.00,4.80
2007.04.30 09:12:02.991,1.1965,1.1966,20.80,9.60
2007.04.30 09:12:03.257,1.1966,1.1967,16.80,5.60
2007.04.30 09:12:03.924,1.1966,1.1967,17.60,6.40
2007.04.30 09:12:05.382,1.1966,1.1967,13.60,10.40
2007.04.30 09:12:18.997,1.1965,1.1967,32.00,14.40
2007.04.30 09:12:19.200,1.1965,1.1967,29.60,14.40
2007.04.30 09:12:22.652,1.1965,1.1967,29.60,10.40
2007.04.30 09:12:22.920,1.1966,1.1967,13.60,9.60
2007.04.30 09:12:25.508,1.1966,1.1967,17.60,5.60
2007.04.30 09:12:26.517,1.1966,1.1967,13.60,9.60
2007.04.30 09:12:27.407,1.1966,1.1968,13.60,49.60
2007.04.30 09:12:28.910,1.1966,1.1967,13.60,0.80
2007.04.30 09:12:29.111,1.1966,1.1968,13.60,49.60
2007.04.30 09:12:29.506,1.1966,1.1968,17.60,45.60
2007.04.30 09:12:30.607,1.1966,1.1968,17.60,49.60
2007.04.30 09:12:30.876,1.1965,1.1967,48.70,0.90
2007.04.30 09:12:31.112,1.1965,1.19675,29.60,17.60
2007.04.30 09:12:31.934,1.1966,1.19675,16.80,9.60
2007.04.30 09:12:32.136,1.1966,1.1968,17.60,43.20
2007.04.30 09:12:37.889,1.1966,1.1968,17.60,36.00
2007.04.30 09:12:38.552,1.19665,1.1967,1.60,0.90
2007.04.30 09:12:38.846,1.1967,1.19685,13.60,26.40
2007.04.30 09:12:39.098,1.1967,1.1969,12.80,42.40
2007.04.30 09:12:39.331,1.1967,1.1968,12.80,0.50
2007.04.30 09:12:39.580,1.1967,1.1969,16.80,35.20
2007.04.30 09:12:39.874,1.1967,1.1968,17.60,0.50
2007.04.30 09:12:40.879,1.1967,1.1969,17.60,32.80
2007.04.30 09:12:41.484,1.1967,1.1968,13.60,0.60
2007.04.30 09:12:41.896,1.1967,1.1968,13.60,0.80
2007.04.30 09:12:42.891,1.1967,1.1968,13.60,0.70
2007.04.30 09:12:44.188,1.19675,1.1969,0.40,36.80
2007.04.30 09:12:45.810,1.19675,1.1968,0.40,0.70
2007.04.30 09:12:46.478,1.19675,1.1968,0.40,0.80
2007.04.30 09:12:50.619,1.19675,1.1968,0.40,0.80
2007.04.30 09:12:57.448,1.1967,1.1969,0.70,0.70
2007.04.30 09:12:57.722,1.1967,1.1969,0.60,0.70
2007.04.30 09:12:58.180,1.19665,1.19695,28.00,28.80
2007.04.30 09:13:00.293,1.19665,1.1969,20.00,31.20
2007.04.30 09:13:00.562,1.19665,1.1969,20.00,32.80
2007.04.30 09:13:02.288,1.19665,1.1969,28.00,32.80
2007.04.30 09:13:02.874,1.1967,1.1968,0.60,0.80
2007.04.30 09:13:03.118,1.19665,1.19695,28.00,27.20
2007.04.30 09:13:03.910,1.19665,1.1969,20.00,32.80
2007.04.30 09:13:05.243,1.19665,1.1969,16.00,44.00
2007.04.30 09:13:05.461,1.1967,1.1968,0.80,28.00
2007.04.30 09:13:05.724,1.1965,1.1968,68.70,37.60
2007.04.30 09:13:06.185,1.1965,1.1968,71.10,39.20
2007.04.30 09:13:06.430,1.1967,1.1968,0.70,0.90
2007.04.30 09:13:06.694,1.1966,1.1969,59.10,39.20
2007.04.30 09:13:06.942,1.1966,1.1969,58.30,38.40
2007.04.30 09:13:07.220,1.1966,1.1969,58.30,42.40
2007.04.30 09:13:07.508,1.1967,1.1968,0.80,0.70
2007.04.30 09:13:09.592,1.1966,1.1969,66.30,40.00
2007.04.30 09:13:09.884,1.1967,1.1968,0.90,0.90
2007.04.30 09:13:11.296,1.1966,1.1969,61.50,42.40
2007.04.30 09:13:11.861,1.1967,1.1968,0.70,0.90
2007.04.30 09:13:15.609,1.1966,1.1969,71.10,42.40
2007.04.30 09:13:15.859,1.1966,1.1969,79.90,38.40
2007.04.30 09:13:17.605,1.1966,1.1968,98.30,13.60
2007.04.30 09:13:17.881,1.1966,1.1968,79.10,13.60
2007.04.30 09:13:18.247,1.1967,1.1968,7.80,13.60
2007.04.30 09:13:24.924,1.1966,1.1968,80.70,5.60
2007.04.30 09:13:26.921,1.1967,1.1968,8.10,5.60
2007.04.30 09:13:27.883,1.1967,1.1968,5.50,5.60
2007.04.30 09:13:35.157,1.1966,1.1968,80.70,5.60
2007.04.30 09:13:38.893,1.1966,1.1968,83.90,5.60
2007.04.30 09:13:39.219,1.1966,1.1968,83.90,5.60
2007.04.30 09:13:39.491,1.19665,1.1968,20.00,4.80
2007.04.30 09:13:39.999,1.1967,1.1968,2.90,4.80
2007.04.30 09:13:41.847,1.19665,1.1968,22.40,4.80
2007.04.30 09:14:05.117,1.1967,1.1968,18.40,4.80
2007.04.30 09:14:05.361,1.1968,1.1969,2.40,28.80
2007.04.30 09:14:05.777,1.1967,1.1968,20.80,4.80
2007.04.30 09:14:07.776,1.1967,1.1968,18.40,4.80
2007.04.30 09:14:08.129,1.1968,1.1969,2.40,28.80
2007.04.30 09:14:12.982,1.1967,1.1968,20.80,4.80
2007.04.30 09:14:13.285,1.1967,1.1969,20.80,33.60
2007.04.30 09:14:13.375,1.1967,1.1969,18.40,33.60
2007.04.30 09:14:14.089,1.1967,1.1969,20.80,33.60
2007.04.30 09:14:35.939,1.1967,1.1969,28.80,14.40
2007.04.30 09:14:36.220,1.1967,1.1969,28.80,13.60
2007.04.30 09:14:36.942,1.1967,1.1969,26.40,13.60
2007.04.30 09:14:43.187,1.1967,1.1969,27.20,13.60
2007.04.30 09:14:43.520,1.1967,1.1969,28.80,13.60
2007.04.30 09:14:46.840,1.1967,1.1968,28.80,4.80
2007.04.30 09:14:47.130,1.1967,1.1968,28.00,4.80
2007.04.30 09:14:47.518,1.19665,1.1968,29.60,4.80
2007.04.30 09:14:47.886,1.1967,1.1968,9.30,4.80
2007.04.30 09:14:48.889,1.1967,1.1968,29.60,0.80
2007.04.30 09:14:49.135,1.1968,1.1969,2.20,9.60
2007.04.30 09:14:50.084,1.1967,1.1969,63.10,9.60
2007.04.30 09:14:53.769,1.1967,1.1969,60.70,9.60
2007.04.30 09:14:54.200,1.1967,1.1969,59.10,9.60
2007.04.30 09:14:54.483,1.1967,1.1969,60.70,9.60
2007.04.30 09:14:57.744,1.1967,1.1969,61.50,9.60
2007.04.30 09:15:01.710,1.1967,1.1969,62.30,9.60
2007.04.30 09:15:05.695,1.1967,1.1969,63.10,9.60
2007.04.30 09:15:09.675,1.1968,1.1969,1.90,9.60
2007.04.30 09:15:11.006,1.1967,1.1969,63.90,9.60
2007.04.30 09:15:13.663,1.1968,1.1969,1.10,9.60
2007.04.30 09:15:17.732,1.1968,1.1969,11.20,9.60
2007.04.30 09:15:21.679,1.1968,1.1969,12.00,9.60
2007.04.30 09:15:22.997,1.1968,1.1969,13.60,9.60
2007.04.30 09:15:25.628,1.1968,1.1969,14.40,9.60
2007.04.30 09:15:29.712,1.1968,1.1969,15.20,9.60
2007.04.30 09:15:33.723,1.1968,1.1969,15.20,8.80
2007.04.30 09:15:33.760,1.1967,1.1969,67.20,8.80
2007.04.30 09:15:34.913,1.1968,1.1969,4.80,9.60
2007.04.30 09:15:35.709,1.1967,1.1969,67.20,8.80
2007.04.30 09:15:48.326,1.1967,1.1969,81.10,4.80
2007.04.30 09:15:51.535,1.1967,1.1969,90.70,4.80
2007.04.30 09:15:51.939,1.1968,1.1969,4.10,4.80
2007.04.30 09:15:52.641,1.1967,1.1969,78.50,4.80
2007.04.30 09:15:56.304,1.1967,1.1969,80.10,4.80
2007.04.30 09:15:57.550,1.1967,1.1969,76.10,8.80
2007.04.30 09:15:59.283,1.1968,1.1969,0.90,4.80
2007.04.30 09:16:03.416,1.1968,1.1969,10.80,4.80
2007.04.30 09:16:03.476,1.1968,1.1969,2.20,4.80
2007.04.30 09:16:03.968,1.19675,1.1969,32.10,4.80
2007.04.30 09:16:04.628,1.1968,1.1969,31.40,4.80
2007.04.30 09:16:08.198,1.1968,1.1969,30.45,4.80
2007.04.30 09:16:09.427,1.1968,1.1969,17.65,8.80
2007.04.30 09:16:10.109,1.1967,1.1969,64.80,14.40
2007.04.30 09:16:10.447,1.1967,1.1968,54.40,4.00
2007.04.30 09:16:10.708,1.1968,1.1969,1.00,25.60
2007.04.30 09:16:10.944,1.1967,1.1968,15.20,8.80
2007.04.30 09:16:11.164,1.1967,1.1968,14.40,8.80
2007.04.30 09:16:12.167,1.1966,1.1968,66.30,8.80
2007.04.30 09:16:13.932,1.1967,1.1968,4.60,4.80
2007.04.30 09:16:14.147,1.19665,1.1969,29.60,13.60
2007.04.30 09:16:15.086,1.19665,1.1969,32.00,13.60
2007.04.30 09:16:17.912,1.1968,1.1969,2.30,12.80
2007.04.30 09:16:18.121,1.1968,1.1969,3.80,8.80
2007.04.30 09:16:18.455,1.1967,1.19695,80.70,1.60
2007.04.30 09:16:23.544,1.1968,1.1969,1.70,4.00
2007.04.30 09:16:23.833,1.19675,1.1969,21.65,8.00
2007.04.30 09:16:24.071,1.19675,1.1969,12.85,9.60
2007.04.30 09:16:24.549,1.1967,1.1969,63.10,8.80
2007.04.30 09:16:26.228,1.1967,1.1969,59.10,12.80
2007.04.30 09:16:26.457,1.1967,1.1968,23.25,4.80
2007.04.30 09:16:26.936,1.1967,1.1969,20.05,16.00
2007.04.30 09:16:27.461,1.1968,1.1969,0.05,13.60
2007.04.30 09:16:29.496,1.1968,1.1969,0.05,12.80
2007.04.30 09:16:35.431,1.1968,1.1969,0.05,20.80
2007.04.30 09:16:35.927,1.1968,1.1969,12.80,12.00
2007.04.30 09:16:36.179,1.1968,1.1969,12.80,8.80
2007.04.30 09:16:36.871,1.1968,1.1969,13.60,8.80
2007.04.30 09:16:37.855,1.1968,1.1969,14.40,8.80
2007.04.30 09:16:38.113,1.1968,1.1969,13.60,8.80
2007.04.30 09:16:39.053,1.1968,1.1969,12.80,8.80
2007.04.30 09:16:39.391,1.1968,1.1969,13.60,8.80
2007.04.30 09:16:40.513,1.1968,1.1969,12.80,8.80
2007.04.30 09:16:42.504,1.1968,1.1969,13.10,8.80
2007.04.30 09:16:42.764,1.1968,1.1969,12.80,8.80
2007.04.30 09:16:46.068,1.1968,1.1969,13.60,8.80
2007.04.30 09:16:46.489,1.1968,1.1969,12.80,8.80
2007.04.30 09:16:50.024,1.1967,1.1968,43.90,4.80
2007.04.30 09:16:50.752,1.1968,1.1969,0.05,13.60
2007.04.30 09:16:52.901,1.1968,1.1969,0.05,21.60
2007.04.30 09:16:57.114,1.1968,1.1969,0.05,24.80
2007.04.30 09:17:01.471,1.1968,1.1969,0.05,0.50
2007.04.30 09:17:03.720,1.1967,1.1969,14.40,0.60
2007.04.30 09:17:03.967,1.1967,1.1969,14.40,33.60
2007.04.30 09:17:05.441,1.1967,1.1969,13.60,39.20
2007.04.30 09:17:05.775,1.1967,1.1968,9.60,0.70
2007.04.30 09:17:06.103,1.1967,1.1969,5.60,65.50
2007.04.30 09:17:08.760,1.1967,1.1968,5.60,0.50
2007.04.30 09:17:09.003,1.1967,1.19695,14.40,32.80
2007.04.30 09:17:09.757,1.1967,1.1969,14.40,31.20
2007.04.30 09:17:09.986,1.1967,1.1969,14.40,39.20
2007.04.30 09:17:10.205,1.1967,1.19685,4.80,18.40
2007.04.30 09:17:10.718,1.1967,1.19685,4.80,20.00
2007.04.30 09:17:11.042,1.1967,1.19685,4.80,20.00
2007.04.30 09:17:11.414,1.1967,1.1968,4.80,0.70
2007.04.30 09:17:11.745,1.1967,1.19685,4.80,20.80
2007.04.30 09:17:12.724,1.1967,1.19685,4.80,20.00
2007.04.30 09:17:20.383,1.1967,1.19685,6.40,20.00
2007.04.30 09:17:20.708,1.1967,1.1968,6.40,0.70
2007.04.30 09:17:21.042,1.1967,1.19685,4.80,19.20
2007.04.30 09:17:24.570,1.1967,1.1968,6.40,0.90
2007.04.30 09:17:26.235,1.1967,1.19685,4.80,19.20
2007.04.30 09:17:27.951,1.1967,1.1968,4.80,0.90
2007.04.30 09:17:28.342,1.1967,1.19685,4.80,20.80
2007.04.30 09:17:28.600,1.1967,1.1968,4.80,0.90
2007.04.30 09:17:29.029,1.1967,1.19685,4.80,22.40
2007.04.30 09:17:31.008,1.1967,1.19685,4.80,20.00
2007.04.30 09:17:32.005,1.1967,1.19685,4.80,19.20
2007.04.30 09:17:36.245,1.1967,1.19685,4.80,24.00
2007.04.30 09:17:36.626,1.1967,1.1968,0.80,0.70
2007.04.30 09:17:36.894,1.19665,1.19685,0.50,29.60
2007.04.30 09:17:45.986,1.19665,1.1968,0.50,0.50
2007.04.30 09:17:47.639,1.19665,1.19675,0.50,0.80
2007.04.30 09:17:47.963,1.19665,1.1967,0.50,0.70
2007.04.30 09:17:48.188,1.19665,1.19675,0.20,25.60
2007.04.30 09:17:48.532,1.19665,1.1967,0.20,0.50
2007.04.30 09:17:48.829,1.19665,1.19675,0.20,0.80
2007.04.30 09:17:52.523,1.19665,1.1967,0.20,0.80
2007.04.30 09:17:54.308,1.1966,1.1967,9.60,12.80
2007.04.30 09:17:57.298,1.1966,1.1967,10.40,12.80
2007.04.30 09:17:59.297,1.1966,1.1967,9.60,12.80
2007.04.30 09:18:01.904,1.1966,1.1968,13.60,32.80
2007.04.30 09:18:02.941,1.1966,1.1968,15.20,32.80
2007.04.30 09:18:04.268,1.1966,1.1968,15.30,32.80
2007.04.30 09:18:04.611,1.1966,1.1968,15.30,28.80
2007.04.30 09:18:05.121,1.1966,1.1968,16.10,28.00
2007.04.30 09:18:05.405,1.1966,1.1968,16.10,27.20
2007.04.30 09:18:05.694,1.1965,1.1968,64.00,27.20
2007.04.30 09:18:06.209,1.1966,1.1968,16.90,26.40
2007.04.30 09:18:07.269,1.1966,1.1968,7.10,26.40
2007.04.30 09:18:07.551,1.1965,1.1968,62.40,25.60
2007.04.30 09:18:08.271,1.1966,1.1968,4.80,26.40
2007.04.30 09:18:09.573,1.1966,1.1968,0.70,25.60
2007.04.30 09:18:15.582,1.19655,1.1968,20.10,26.40
2007.04.30 09:18:15.880,1.19655,1.1968,20.10,25.60
2007.04.30 09:18:17.174,1.1965,1.1968,66.40,25.60
2007.04.30 09:18:17.505,1.1966,1.1968,5.10,25.60
2007.04.30 09:18:17.715,1.1965,1.1968,66.40,25.60
2007.04.30 09:18:18.026,1.1966,1.1968,3.40,25.60
2007.04.30 09:18:19.771,1.1966,1.1968,7.00,25.60
2007.04.30 09:18:25.514,1.1966,1.1967,2.70,12.80
2007.04.30 09:18:28.197,1.1965,1.1967,51.30,12.80
2007.04.30 09:18:30.985,1.1965,1.1968,62.60,75.10
2007.04.30 09:18:31.525,1.1965,1.1968,45.70,75.10
2007.04.30 09:18:39.836,1.1966,1.1967,4.10,17.60
2007.04.30 09:18:40.165,1.1966,1.1967,0.10,45.50
2007.04.30 09:18:46.896,1.19645,1.1966,0.80,22.40
2007.04.30 09:18:47.365,1.1964,1.1966,24.80,22.40
2007.04.30 09:18:47.879,1.1965,1.1966,4.80,16.80
2007.04.30 09:18:50.718,1.1965,1.1966,5.60,16.80
2007.04.30 09:18:51.786,1.1965,1.1966,6.40,16.80
2007.04.30 09:18:52.673,1.1965,1.1966,5.60,16.80
2007.04.30 09:18:53.097,1.1965,1.1966,5.60,17.60
2007.04.30 09:18:54.440,1.1964,1.1965,36.80,12.00
2007.04.30 09:18:54.872,1.1964,1.1965,23.20,12.80
2007.04.30 09:18:55.806,1.1964,1.1965,15.20,12.80
2007.04.30 09:18:57.798,1.1964,1.1965,16.00,12.80
2007.04.30 09:19:00.136,1.1964,1.1965,24.00,12.80
2007.04.30 09:19:00.329,1.1964,1.1965,16.00,12.80
2007.04.30 09:19:01.045,1.1964,1.1966,16.00,62.30
2007.04.30 09:19:01.325,1.1964,1.1966,22.40,62.30
2007.04.30 09:19:01.785,1.1964,1.1965,24.80,0.80
2007.04.30 09:19:02.118,1.1964,1.1965,16.80,0.70
2007.04.30 09:19:07.886,1.1964,1.1966,14.40,62.30
2007.04.30 09:19:08.096,1.1964,1.1966,22.40,61.50
2007.04.30 09:19:08.340,1.1964,1.1966,21.60,60.70
2007.04.30 09:19:08.922,1.1964,1.1966,24.00,0.50
2007.04.30 09:19:09.170,1.1965,1.1966,4.00,0.80
2007.04.30 09:19:09.412,1.1965,1.19665,4.00,15.20
2007.04.30 09:19:09.663,1.1965,1.1966,4.00,0.90
2007.04.30 09:19:11.330,1.1965,1.19675,16.00,27.20
2007.04.30 09:19:13.054,1.1965,1.19675,16.80,28.00
2007.04.30 09:19:13.321,1.1965,1.1967,17.60,0.90
2007.04.30 09:19:14.064,1.1965,1.1967,16.00,0.60
2007.04.30 09:19:16.077,1.1965,1.1967,15.20,0.60
2007.04.30 09:19:16.405,1.1965,1.19675,16.00,29.60
2007.04.30 09:19:16.739,1.1966,1.19675,4.00,29.60
2007.04.30 09:19:16.994,1.1966,1.19675,8.80,22.40
2007.04.30 09:19:17.206,1.1966,1.1967,8.80,0.80
2007.04.30 09:19:22.053,1.1966,1.1967,9.60,0.80
2007.04.30 09:19:22.387,1.1966,1.1967,11.20,0.60
2007.04.30 09:19:22.939,1.1966,1.1967,11.20,0.70
2007.04.30 09:19:23.630,1.1966,1.19675,9.60,13.60
2007.04.30 09:19:25.040,1.1966,1.19675,11.20,13.60
2007.04.30 09:19:25.358,1.1966,1.1967,10.40,0.50
2007.04.30 09:19:30.018,1.1966,1.1967,8.80,12.80
2007.04.30 09:19:38.323,1.1966,1.1967,9.60,12.80
2007.04.30 09:19:39.325,1.1966,1.1967,12.00,12.80
2007.04.30 09:19:40.244,1.1966,1.1967,20.00,8.80
2007.04.30 09:19:40.475,1.1966,1.1968,20.00,21.60
2007.04.30 09:19:40.764,1.1967,1.1968,4.80,20.80
2007.04.30 09:19:40.978,1.1967,1.1968,4.80,16.80
2007.04.30 09:19:41.281,1.1967,1.1968,8.80,12.80
2007.04.30 09:19:41.783,1.1967,1.1968,9.60,12.80
2007.04.30 09:19:42.202,1.1967,1.1968,5.60,20.80
2007.04.30 09:19:42.449,1.1967,1.1968,0.80,20.80
2007.04.30 09:19:42.786,1.1966,1.1968,20.80,20.80
2007.04.30 09:19:43.028,1.1966,1.1968,22.40,20.80
2007.04.30 09:19:43.239,1.1966,1.1968,20.80,20.80
2007.04.30 09:19:43.478,1.1966,1.1968,20.80,0.70
2007.04.30 09:19:45.295,1.1967,1.1968,4.00,0.80
2007.04.30 09:19:45.531,1.1967,1.1969,12.00,28.00
2007.04.30 09:19:45.872,1.1967,1.1969,16.00,0.80
2007.04.30 09:19:46.111,1.1967,1.1969,12.80,0.60
2007.04.30 09:19:46.431,1.1967,1.19695,13.60,21.60
2007.04.30 09:19:46.918,1.1967,1.1969,14.40,0.70
2007.04.30 09:19:52.268,1.1967,1.1968,14.40,0.90
2007.04.30 09:19:52.518,1.1967,1.1968,14.40,0.80
2007.04.30 09:19:53.106,1.1967,1.1969,13.60,70.30
2007.04.30 09:19:53.599,1.1967,1.1969,9.60,70.30
2007.04.30 09:19:53.926,1.1967,1.1968,8.80,0.90
2007.04.30 09:19:54.486,1.1967,1.1968,4.80,0.90
2007.04.30 09:19:57.249,1.1966,1.1968,20.80,0.50
2007.04.30 09:19:57.474,1.1966,1.19685,16.80,29.60
2007.04.30 09:19:57.911,1.1966,1.19685,18.40,29.60
2007.04.30 09:19:58.206,1.1966,1.19685,16.80,29.60
2007.04.30 09:20:01.477,1.1967,1.1968,4.00,0.70
2007.04.30 09:20:03.427,1.1966,1.1968,16.00,0.80
2007.04.30 09:20:09.317,1.1966,1.19685,12.00,22.00
2007.04.30 09:20:10.201,1.1966,1.1968,11.20,0.80
2007.04.30 09:20:10.529,1.1966,1.1968,11.20,0.90
2007.04.30 09:20:10.794,1.1966,1.1968,11.20,19.60
2007.04.30 09:20:11.065,1.1966,1.1968,9.60,19.60
2007.04.30 09:20:11.282,1.1966,1.1968,9.60,20.40
2007.04.30 09:20:11.539,1.1966,1.1968,9.60,21.20
2007.04.30 09:20:12.090,1.1966,1.1968,10.40,21.20
2007.04.30 09:20:12.857,1.1966,1.1968,10.40,20.40
2007.04.30 09:20:14.182,1.1966,1.1968,10.40,18.80
2007.04.30 09:20:14.517,1.1966,1.1968,11.20,18.80
2007.04.30 09:20:19.825,1.1966,1.1968,10.40,18.80
2007.04.30 09:20:21.610,1.1966,1.1968,10.40,0.80
2007.04.30 09:20:22.489,1.1966,1.1968,12.00,0.80
2007.04.30 09:20:24.146,1.1966,1.19685,10.40,24.40
2007.04.30 09:20:24.483,1.1966,1.19685,9.60,24.40
2007.04.30 09:20:27.136,1.1966,1.1968,10.40,0.80
2007.04.30 09:20:27.803,1.1966,1.19685,12.00,24.40
2007.04.30 09:20:28.472,1.1966,1.1968,10.40,0.80
2007.04.30 09:20:28.798,1.1966,1.1968,10.40,0.60
2007.04.30 09:20:29.095,1.1966,1.19685,9.60,24.00
2007.04.30 09:20:29.458,1.1966,1.19685,11.20,24.00
2007.04.30 09:20:29.792,1.1966,1.1967,11.20,0.80
2007.04.30 09:20:30.127,1.1966,1.1967,11.20,0.60
2007.04.30 09:20:30.453,1.1966,1.1968,9.60,37.60
2007.04.30 09:20:31.120,1.1966,1.1968,8.80,62.30
2007.04.30 09:20:33.413,1.1966,1.1968,10.40,63.90
2007.04.30 09:20:37.016,1.1966,1.1967,4.80,0.80
2007.04.30 09:20:38.094,1.1966,1.1967,1.60,0.70
2007.04.30 09:20:38.425,1.1965,1.1967,11.20,0.70
2007.04.30 09:20:38.630,1.1965,1.19675,12.00,29.60
2007.04.30 09:20:39.356,1.1965,1.19675,10.40,29.60
2007.04.30 09:20:46.398,1.1965,1.1967,10.40,59.60
2007.04.30 09:20:46.731,1.1965,1.1967,9.60,59.60
2007.04.30 09:20:47.727,1.1965,1.1966,5.60,0.60
2007.04.30 09:20:47.948,1.19645,1.19665,0.20,28.00
2007.04.30 09:21:02.996,1.19645,1.1965,0.20,8.80
2007.04.30 09:21:03.353,1.19645,1.1965,0.20,12.80
2007.04.30 09:21:04.346,1.19645,1.1965,0.05,12.80
2007.04.30 09:21:05.605,1.19645,1.1965,0.05,13.20
2007.04.30 09:21:06.555,1.1964,1.1965,13.70,13.20
2007.04.30 09:21:06.805,1.1964,1.1965,12.90,14.00
2007.04.30 09:21:08.326,1.1964,1.1965,12.90,13.20
2007.04.30 09:21:12.960,1.1964,1.1965,8.90,16.80
2007.04.30 09:21:13.229,1.1964,1.1965,14.50,12.80
2007.04.30 09:21:13.889,1.1964,1.1965,15.30,12.80
2007.04.30 09:21:15.676,1.1964,1.1965,15.30,0.50
2007.04.30 09:21:16.534,1.1964,1.1966,12.90,67.10
2007.04.30 09:21:16.870,1.1964,1.1965,15.30,12.80
2007.04.30 09:21:17.133,1.1964,1.1965,12.90,12.80
2007.04.30 09:21:17.377,1.1964,1.1965,15.30,12.80
2007.04.30 09:21:19.796,1.1964,1.1965,3.60,12.80
2007.04.30 09:21:21.525,1.19635,1.1965,16.10,13.20
2007.04.30 09:21:21.761,1.19635,1.1965,16.90,13.20
2007.04.30 09:21:23.853,1.19635,1.1965,15.30,13.20
2007.04.30 09:21:24.479,1.1964,1.1965,3.10,13.20
2007.04.30 09:21:25.531,1.19635,1.1965,14.50,13.20
2007.04.30 09:21:26.528,1.19635,1.1965,12.90,13.20
2007.04.30 09:21:26.857,1.19635,1.1965,15.30,13.20
2007.04.30 09:21:27.109,1.19635,1.1965,12.90,13.20
2007.04.30 09:21:27.829,1.19635,1.1965,15.30,13.20
2007.04.30 09:21:29.828,1.19635,1.1965,15.30,12.80
2007.04.30 09:21:32.499,1.19635,1.1965,14.50,12.80
2007.04.30 09:21:33.174,1.1963,1.1965,53.70,13.60
2007.04.30 09:21:33.448,1.1963,1.1965,49.70,17.60
2007.04.30 09:21:33.686,1.1963,1.1965,50.50,16.80
2007.04.30 09:21:34.434,1.1963,1.1965,53.70,12.80
2007.04.30 09:21:35.810,1.1964,1.1965,2.10,13.60
2007.04.30 09:21:39.086,1.1964,1.1965,2.60,14.00
2007.04.30 09:21:40.812,1.1963,1.1965,45.70,18.00
2007.04.30 09:21:41.362,1.1964,1.1965,3.00,14.00
2007.04.30 09:21:43.979,1.1964,1.1965,3.30,14.00
2007.04.30 09:21:45.023,1.1963,1.1965,52.10,14.00
2007.04.30 09:21:45.408,1.1963,1.1965,52.10,13.60
2007.04.30 09:21:45.798,1.1963,1.1965,51.30,13.60
2007.04.30 09:21:45.889,1.1964,1.1965,4.50,13.60
2007.04.30 09:21:46.458,1.1964,1.1965,1.90,14.40
2007.04.30 09:21:47.758,1.1964,1.1965,1.10,18.40
2007.04.30 09:21:48.018,1.1963,1.1965,50.40,18.40
2007.04.30 09:21:48.334,1.1963,1.1965,39.20,20.00
2007.04.30 09:21:48.543,1.1964,1.1965,0.80,28.00
2007.04.30 09:21:48.783,1.1964,1.1965,1.60,28.00
2007.04.30 09:21:49.000,1.1963,1.1965,10.45,28.00
2007.04.30 09:21:50.791,1.1963,1.1964,8.80,8.00
2007.04.30 09:21:51.047,1.1963,1.1964,0.60,16.00
2007.04.30 09:21:51.279,1.1963,1.1964,2.20,25.60
2007.04.30 09:21:51.495,1.19615,1.1964,19.20,25.60
2007.04.30 09:21:51.796,1.19625,1.1964,0.80,21.60
2007.04.30 09:21:52.056,1.1962,1.1964,24.00,12.40
2007.04.30 09:21:52.379,1.1963,1.1964,4.10,0.60
2007.04.30 09:21:52.630,1.19625,1.1964,7.20,4.40
2007.04.30 09:21:53.228,1.1963,1.1964,1.20,13.20
2007.04.30 09:21:53.443,1.19625,1.1964,8.00,18.00
2007.04.30 09:21:53.929,1.19625,1.1964,8.00,17.20
2007.04.30 09:21:54.769,1.19625,1.1964,7.20,17.20
2007.04.30 09:21:55.434,1.19625,1.1964,11.20,13.20
2007.04.30 09:21:55.769,1.19625,1.1964,12.00,14.00
2007.04.30 09:21:56.699,1.19625,1.1964,12.00,13.60
2007.04.30 09:21:57.963,1.19625,1.1964,11.20,13.60
2007.04.30 09:21:59.010,1.19625,1.1964,3.20,20.00
2007.04.30 09:21:59.306,1.19625,1.1963,0.80,0.80
2007.04.30 09:21:59.756,1.19625,1.1963,0.80,0.80
2007.04.30 09:22:01.226,1.19625,1.1963,1.10,0.80
2007.04.30 09:22:02.089,1.19625,1.1963,0.80,1.20
2007.04.30 09:22:02.421,1.1962,1.1963,17.10,0.80
2007.04.30 09:22:10.379,1.1962,1.1963,14.70,12.80
2007.04.30 09:22:10.603,1.1962,1.1963,13.90,12.80
2007.04.30 09:22:11.083,1.19625,1.1963,0.60,12.80
2007.04.30 09:22:25.567,1.19625,1.1963,0.20,12.80
2007.04.30 09:22:40.481,1.19625,1.1963,1.70,12.80
2007.04.30 09:22:41.911,1.19625,1.1963,2.50,4.80
2007.04.30 09:22:42.120,1.19625,1.1963,0.20,4.80
2007.04.30 09:22:42.333,1.19625,1.1964,0.20,23.20
2007.04.30 09:22:42.555,1.19625,1.1964,2.50,19.20
2007.04.30 09:22:45.322,1.1963,1.1964,8.80,15.20
2007.04.30 09:22:45.610,1.1963,1.1964,8.80,13.60
2007.04.30 09:22:49.547,1.1963,1.1964,8.80,15.20
2007.04.30 09:22:49.971,1.19625,1.1964,2.50,19.20
2007.04.30 09:22:51.882,1.19625,1.1963,2.50,12.80
2007.04.30 09:22:52.315,1.19625,1.1963,0.20,12.80
2007.04.30 09:22:52.858,1.19625,1.1963,0.20,16.80
2007.04.30 09:22:53.368,1.19625,1.1963,0.10,16.80
2007.04.30 09:22:54.298,1.19625,1.1963,0.10,8.80
2007.04.30 09:22:54.536,1.19625,1.1963,0.10,8.00
2007.04.30 09:22:57.827,1.19625,1.1963,0.10,16.80
2007.04.30 09:22:59.887,1.19625,1.1963,0.10,17.60
2007.04.30 09:23:00.113,1.1961,1.1962,16.00,0.80
2007.04.30 09:23:00.347,1.1961,1.1962,1.60,16.00
2007.04.30 09:23:00.602,1.196,1.1962,20.80,16.80
2007.04.30 09:23:00.888,1.196,1.1961,13.60,12.00
2007.04.30 09:23:01.152,1.196,1.1961,9.60,12.80
2007.04.30 09:23:01.979,1.196,1.1961,10.40,8.00
2007.04.30 09:23:02.503,1.196,1.1961,5.60,8.00
2007.04.30 09:23:02.751,1.196,1.1961,4.80,8.00
2007.04.30 09:23:02.983,1.196,1.1961,4.00,8.00
2007.04.30 09:23:04.935,1.196,1.1961,4.00,4.00
2007.04.30 09:23:05.590,1.196,1.1962,12.00,20.80
2007.04.30 09:23:05.889,1.196,1.1962,16.80,21.60
2007.04.30 09:23:06.164,1.196,1.1962,16.80,13.60
2007.04.30 09:23:06.432,1.196,1.1962,17.60,13.60
2007.04.30 09:23:06.729,1.196,1.1962,17.60,12.80
2007.04.30 09:23:07.460,1.196,1.1962,25.60,12.80
2007.04.30 09:23:07.865,1.1961,1.1962,16.80,5.60
2007.04.30 09:23:08.249,1.1961,1.1962,8.80,10.40
2007.04.30 09:23:08.494,1.196,1.1962,17.60,14.40
2007.04.30 09:23:12.891,1.1961,1.1962,4.80,22.40
2007.04.30 09:23:13.449,1.196,1.1962,12.00,22.40
2007.04.30 09:23:14.226,1.196,1.1962,16.00,22.40
2007.04.30 09:23:14.465,1.196,1.1962,16.80,14.40
2007.04.30 09:23:23.845,1.196,1.1962,17.60,14.40
2007.04.30 09:23:24.520,1.196,1.1962,17.90,14.40
2007.04.30 09:23:24.855,1.196,1.1962,17.10,14.40
2007.04.30 09:23:25.502,1.196,1.1962,17.10,13.60
2007.04.30 09:23:25.827,1.196,1.1962,17.90,13.60
2007.04.30 09:23:26.845,1.196,1.1961,17.90,4.80
2007.04.30 09:23:28.852,1.196,1.1961,17.10,4.80
2007.04.30 09:23:30.176,1.196,1.1961,17.90,4.80
2007.04.30 09:23:30.513,1.196,1.1961,17.10,4.80
2007.04.30 09:23:32.442,1.19595,1.196,2.40,2.50
2007.04.30 09:23:32.990,1.19595,1.196,1.60,7.30
2007.04.30 09:23:33.237,1.1959,1.196,13.60,7.30
2007.04.30 09:23:33.480,1.1959,1.196,18.40,4.80
2007.04.30 09:23:33.683,1.1959,1.196,13.60,7.30
2007.04.30 09:23:34.494,1.19595,1.196,1.60,7.30
2007.04.30 09:23:34.829,1.1959,1.196,13.60,7.30
2007.04.30 09:23:35.112,1.1959,1.196,13.60,8.10
2007.04.30 09:23:36.085,1.1959,1.196,13.60,7.30
2007.04.30 09:23:37.126,1.1959,1.196,3.90,7.30
2007.04.30 09:23:38.147,1.1959,1.196,1.00,8.10
2007.04.30 09:23:38.916,1.19585,1.196,14.40,7.30
2007.04.30 09:23:40.772,1.19585,1.196,13.60,7.30
2007.04.30 09:23:41.004,1.1958,1.196,54.30,8.90
2007.04.30 09:23:41.425,1.19585,1.196,0.80,9.70
2007.04.30 09:23:42.817,1.1958,1.196,6.30,17.70
2007.04.30 09:23:43.095,1.19575,1.19595,22.40,0.80
2007.04.30 09:23:43.386,1.1958,1.1959,0.80,6.50
2007.04.30 09:23:43.610,1.19565,1.1959,40.00,7.30
2007.04.30 09:23:43.875,1.1958,1.1959,0.80,8.10
2007.04.30 09:23:44.084,1.1957,1.1959,2.90,7.30
2007.04.30 09:23:44.688,1.1957,1.1959,32.00,7.30
2007.04.30 09:23:45.800,1.1957,1.1959,1.50,7.30
2007.04.30 09:23:46.078,1.1957,1.1959,30.40,10.50
2007.04.30 09:23:46.435,1.1957,1.1958,29.60,4.00
2007.04.30 09:23:46.686,1.1957,1.1958,22.40,7.30
2007.04.30 09:23:47.475,1.1957,1.1959,3.70,13.70
2007.04.30 09:23:47.697,1.19565,1.1959,27.20,11.30
2007.04.30 09:23:47.919,1.1957,1.1959,27.20,7.30
2007.04.30 09:23:48.420,1.1957,1.1959,48.00,4.80
2007.04.30 09:23:48.750,1.1957,1.1959,40.00,4.80
2007.04.30 09:23:48.987,1.1957,1.1959,36.00,7.30
2007.04.30 09:23:49.229,1.1957,1.1959,40.80,4.80
2007.04.30 09:23:49.454,1.19575,1.1959,20.00,4.80
2007.04.30 09:23:50.464,1.1958,1.1959,2.70,7.30
2007.04.30 09:23:50.798,1.1957,1.1959,33.60,7.30
2007.04.30 09:23:51.047,1.1957,1.1959,3.30,7.30
2007.04.30 09:23:51.325,1.1957,1.1959,61.50,4.80
2007.04.30 09:23:51.792,1.1957,1.1959,66.30,4.80
2007.04.30 09:23:52.792,1.1957,1.1959,51.10,7.30
2007.04.30 09:23:53.030,1.1957,1.1959,8.80,8.10
2007.04.30 09:23:53.320,1.1957,1.1959,10.60,8.10
2007.04.30 09:23:53.542,1.1957,1.1959,2.20,8.10
2007.04.30 09:23:54.070,1.1958,1.1959,0.80,8.10
2007.04.30 09:23:56.113,1.19565,1.1959,32.00,8.10
2007.04.30 09:23:56.441,1.19565,1.1959,32.80,8.10
2007.04.30 09:23:57.105,1.19565,1.1959,32.00,8.10
2007.04.30 09:23:57.690,1.1957,1.1959,27.20,8.10
2007.04.30 09:23:58.723,1.19565,1.1959,32.00,8.10
2007.04.30 09:23:59.772,1.1957,1.1958,6.80,0.80
2007.04.30 09:23:59.976,1.1957,1.1958,7.60,4.80
2007.04.30 09:24:00.433,1.19565,1.1959,28.00,8.90
2007.04.30 09:24:00.761,1.1957,1.1959,38.40,8.90
2007.04.30 09:24:01.081,1.1958,1.1959,3.60,8.10
2007.04.30 09:24:01.384,1.1958,1.1959,1.40,7.30
2007.04.30 09:24:01.595,1.1957,1.1959,23.20,10.50
2007.04.30 09:24:01.870,1.19565,1.1959,23.20,10.50
2007.04.30 09:24:02.094,1.19565,1.1959,23.20,8.10
2007.04.30 09:24:02.425,1.19565,1.1959,23.20,10.50
2007.04.30 09:24:02.930,1.1957,1.1959,62.30,9.60
2007.04.30 09:24:03.422,1.19565,1.1959,32.80,9.60
2007.04.30 09:24:04.420,1.19565,1.1959,31.20,9.60
2007.04.30 09:24:07.302,1.1957,1.1959,26.40,9.60
2007.04.30 09:24:08.066,1.1957,1.1959,26.40,10.40
2007.04.30 09:24:08.286,1.1957,1.1959,18.40,10.40
2007.04.30 09:24:08.904,1.1957,1.1958,14.40,9.60
2007.04.30 09:24:09.732,1.1957,1.1958,14.40,8.80
2007.04.30 09:24:11.020,1.1957,1.1958,10.40,4.80
2007.04.30 09:24:11.278,1.1958,1.1959,12.00,24.80
2007.04.30 09:24:11.498,1.1958,1.1959,12.00,20.00
2007.04.30 09:24:12.390,1.1958,1.1959,12.00,17.60
2007.04.30 09:24:13.039,1.1958,1.1959,0.80,10.40
2007.04.30 09:24:13.244,1.1957,1.1958,17.60,0.80
2007.04.30 09:24:13.456,1.1958,1.1959,0.80,10.40
2007.04.30 09:24:14.717,1.1958,1.1959,0.80,9.60
2007.04.30 09:24:15.038,1.1958,1.1959,12.00,9.60
2007.04.30 09:24:15.948,1.1958,1.1959,12.00,8.80
2007.04.30 09:24:16.388,1.1958,1.1959,12.00,8.80
2007.04.30 09:24:16.706,1.1958,1.1959,12.80,9.60
2007.04.30 09:24:17.168,1.1958,1.1959,12.80,10.40
2007.04.30 09:24:22.211,1.1957,1.1959,26.40,0.90
2007.04.30 09:24:22.356,1.1957,1.19595,26.40,13.60
2007.04.30 09:24:23.616,1.1957,1.19595,26.40,12.80
2007.04.30 09:24:23.820,1.1958,1.1959,14.40,0.50
2007.04.30 09:24:24.055,1.1958,1.196,13.60,43.20
2007.04.30 09:24:24.289,1.1958,1.1959,13.60,0.80
2007.04.30 09:24:24.861,1.1957,1.196,34.40,58.30
2007.04.30 09:24:25.076,1.1957,1.1959,27.20,0.80
2007.04.30 09:24:26.949,1.1957,1.19595,27.20,12.80
2007.04.30 09:24:27.765,1.1957,1.19595,27.20,13.60
2007.04.30 09:24:28.796,1.1958,1.1959,12.00,0.70
2007.04.30 09:24:29.022,1.1958,1.1959,12.80,0.90
2007.04.30 09:24:29.951,1.1958,1.196,8.80,42.40
2007.04.30 09:24:30.174,1.1958,1.1959,8.00,0.90
2007.04.30 09:24:30.433,1.1957,1.1959,29.60,0.70
2007.04.30 09:24:30.663,1.1957,1.19595,27.20,12.80
2007.04.30 09:24:31.892,1.1957,1.19595,25.60,13.60
2007.04.30 09:24:33.023,1.1958,1.1959,0.10,0.50
2007.04.30 09:24:37.006,1.1958,1.1959,0.10,0.90
2007.04.30 09:24:38.956,1.1958,1.1959,12.80,0.50
2007.04.30 09:24:42.289,1.1958,1.1959,12.80,0.80
2007.04.30 09:24:42.602,1.1958,1.196,18.40,44.00
2007.04.30 09:24:42.834,1.1958,1.1959,20.00,0.90
2007.04.30 09:24:43.102,1.1958,1.196,19.20,44.00
2007.04.30 09:24:43.316,1.1958,1.1959,20.00,0.70
2007.04.30 09:24:43.644,1.1958,1.1959,20.80,0.80
2007.04.30 09:24:43.906,1.1958,1.1959,21.60,0.80
2007.04.30 09:24:44.880,1.1959,1.196,16.80,0.90
2007.04.30 09:24:45.156,1.1959,1.1961,16.80,38.40
2007.04.30 09:24:45.916,1.1959,1.1961,17.60,40.00
2007.04.30 09:24:49.949,1.1959,1.1961,17.60,36.00
2007.04.30 09:24:50.619,1.1959,1.1961,16.80,33.60
2007.04.30 09:24:51.905,1.1959,1.196,17.60,4.80
2007.04.30 09:24:57.175,1.1959,1.196,17.60,4.70
2007.04.30 09:24:58.819,1.196,1.1961,16.00,18.40
2007.04.30 09:24:59.055,1.196,1.1961,16.80,4.80
2007.04.30 09:24:59.273,1.196,1.1961,16.80,5.60
2007.04.30 09:24:59.864,1.19595,1.196,2.40,4.80
2007.04.30 09:25:00.073,1.19595,1.196,2.40,5.60
2007.04.30 09:25:00.436,1.19595,1.196,1.60,5.60
2007.04.30 09:25:01.163,1.1959,1.196,17.60,5.60
2007.04.30 09:25:01.928,1.1959,1.196,17.60,6.40
2007.04.30 09:25:03.823,1.1959,1.196,4.60,6.40
2007.04.30 09:25:15.526,1.1959,1.196,17.60,5.60
2007.04.30 09:25:16.066,1.19595,1.196,0.80,5.60
2007.04.30 09:25:16.582,1.19595,1.196,1.60,5.60
2007.04.30 09:25:17.579,1.19595,1.196,2.40,5.60
2007.04.30 09:25:18.918,1.196,1.1961,16.80,7.20
2007.04.30 09:25:19.252,1.196,1.1961,16.80,4.80
2007.04.30 09:25:19.489,1.196,1.1961,12.80,0.80
2007.04.30 09:25:19.740,1.196,1.1962,12.80,12.80
2007.04.30 09:25:19.997,1.1961,1.1963,12.00,20.80
2007.04.30 09:25:20.244,1.1961,1.1963,15.20,12.80
2007.04.30 09:25:20.585,1.1961,1.1962,18.40,0.80
2007.04.30 09:25:20.814,1.1961,1.1962,17.60,4.80
2007.04.30 09:25:21.138,1.1961,1.1962,17.60,5.60
2007.04.30 09:25:21.346,1.1961,1.1962,0.80,9.60
2007.04.30 09:25:21.856,1.196,1.1961,29.60,4.00
2007.04.30 09:25:22.118,1.196,1.1961,17.60,4.80
2007.04.30 09:25:22.915,1.19595,1.1961,2.40,8.80
2007.04.30 09:25:24.242,1.196,1.1961,12.00,4.80
2007.04.30 09:25:24.472,1.196,1.1961,16.80,4.80
2007.04.30 09:25:25.468,1.196,1.1961,12.80,8.80
2007.04.30 09:25:26.560,1.196,1.1961,16.80,4.80
2007.04.30 09:25:27.434,1.196,1.1961,16.80,4.80
2007.04.30 09:25:27.893,1.196,1.1961,16.80,4.80
2007.04.30 09:25:29.846,1.196,1.1961,17.60,4.80
2007.04.30 09:25:31.798,1.196,1.1961,17.60,4.80
2007.04.30 09:25:32.007,1.196,1.1961,6.20,4.80
2007.04.30 09:25:40.836,1.19595,1.1961,20.00,4.80
2007.04.30 09:25:41.149,1.196,1.1961,6.60,5.60
2007.04.30 09:25:42.497,1.19595,1.1961,20.00,4.80
2007.04.30 09:25:42.977,1.1961,1.1962,2.40,11.20
2007.04.30 09:25:43.280,1.196,1.1962,23.20,6.40
2007.04.30 09:25:43.497,1.196,1.1962,66.30,6.40
2007.04.30 09:25:43.824,1.19595,1.1962,55.90,9.60
2007.04.30 09:25:44.073,1.19595,1.1962,24.80,9.60
2007.04.30 09:25:44.342,1.1961,1.1962,2.30,5.60
2007.04.30 09:25:44.585,1.196,1.1962,67.10,5.60
2007.04.30 09:25:49.440,1.1961,1.1962,1.60,4.80
2007.04.30 09:25:49.704,1.196,1.1962,71.10,5.60
2007.04.30 09:25:50.036,1.196,1.1962,77.50,5.60
2007.04.30 09:25:50.614,1.19605,1.1962,22.40,5.60
2007.04.30 09:25:53.454,1.1961,1.1962,4.30,5.60
2007.04.30 09:25:53.687,1.19605,1.1962,20.00,5.60
2007.04.30 09:25:54.449,1.19605,1.1962,16.00,9.60
2007.04.30 09:25:56.462,1.1961,1.1962,3.60,9.60
2007.04.30 09:25:57.044,1.19605,1.1962,14.90,9.60
2007.04.30 09:25:57.286,1.196,1.1962,71.10,10.40
2007.04.30 09:25:59.879,1.196,1.1962,54.30,10.40
2007.04.30 09:26:00.382,1.196,1.1961,11.90,8.00
2007.04.30 09:26:00.708,1.196,1.1961,5.70,4.80
2007.04.30 09:26:01.450,1.196,1.1961,17.60,4.80
2007.04.30 09:26:01.982,1.196,1.1962,17.60,5.60
2007.04.30 09:26:02.308,1.196,1.1962,17.60,0.60
2007.04.30 09:26:03.770,1.196,1.1962,17.60,0.70
2007.04.30 09:26:06.760,1.1961,1.19625,12.00,8.00
2007.04.30 09:26:07.060,1.1961,1.1962,12.80,0.70
2007.04.30 09:26:08.755,1.1961,1.19625,0.80,8.00
2007.04.30 09:26:08.987,1.196,1.1962,26.40,0.70
2007.04.30 09:26:09.203,1.196,1.1962,17.60,0.60
2007.04.30 09:26:09.421,1.196,1.1962,13.60,19.20
2007.04.30 09:26:09.752,1.196,1.1962,17.60,15.20
2007.04.30 09:26:09.975,1.196,1.1962,17.60,0.50
2007.04.30 09:26:10.360,1.196,1.19625,17.60,12.00
2007.04.30 09:26:15.062,1.196,1.19625,25.60,12.00
2007.04.30 09:26:24.918,1.196,1.1962,17.60,30.40
2007.04.30 09:26:29.010,1.196,1.1961,13.60,0.60
2007.04.30 09:26:30.669,1.196,1.1961,12.80,4.80
2007.04.30 09:26:31.436,1.196,1.1961,12.80,8.80
2007.04.30 09:26:31.669,1.196,1.1961,12.80,10.40
2007.04.30 09:26:31.886,1.196,1.1961,12.80,11.20
2007.04.30 09:26:36.586,1.196,1.1961,13.60,9.60
2007.04.30 09:26:37.539,1.196,1.1961,13.60,8.80
2007.04.30 09:26:47.940,1.196,1.1961,24.00,0.80
2007.04.30 09:26:48.135,1.1961,1.1962,12.80,9.60
2007.04.30 09:26:48.397,1.196,1.1961,26.40,8.80
2007.04.30 09:26:48.614,1.196,1.1961,14.40,8.80
2007.04.30 09:26:48.973,1.196,1.1961,13.60,8.80
2007.04.30 09:26:49.853,1.196,1.1962,25.60,14.40
2007.04.30 09:26:50.067,1.196,1.1962,25.60,9.60
2007.04.30 09:26:51.296,1.196,1.1961,21.60,8.00
2007.04.30 09:26:51.527,1.196,1.1961,13.60,8.80
2007.04.30 09:26:54.288,1.1961,1.1962,8.00,32.00
2007.04.30 09:26:55.646,1.1961,1.1962,8.00,40.10
2007.04.30 09:27:00.261,1.1961,1.1962,2.80,40.70
2007.04.30 09:27:02.583,1.196,1.1962,24.30,41.60
2007.04.30 09:27:02.916,1.196,1.1961,8.40,0.80
2007.04.30 09:27:03.914,1.196,1.1962,16.40,36.00
2007.04.30 09:27:04.804,1.196,1.1962,17.20,36.00
2007.04.30 09:27:08.231,1.196,1.1961,18.00,0.80
2007.04.30 09:27:11.892,1.196,1.1961,21.20,0.80
2007.04.30 09:27:12.429,1.1961,1.1962,9.20,0.60
2007.04.30 09:27:12.932,1.1961,1.1962,10.00,0.80
2007.04.30 09:27:15.212,1.1961,1.1963,10.80,37.60
2007.04.30 09:27:16.807,1.1961,1.1962,11.60,0.90
2007.04.30 09:27:20.855,1.1961,1.1963,12.40,37.60
2007.04.30 09:27:24.723,1.1961,1.1962,13.20,9.60
2007.04.30 09:27:24.942,1.1961,1.1962,12.40,9.60
2007.04.30 09:27:28.824,1.1961,1.1962,13.60,9.60
2007.04.30 09:27:30.766,1.1961,1.1962,12.80,9.60
2007.04.30 09:27:32.058,1.1961,1.1962,13.60,9.60
2007.04.30 09:27:34.425,1.1961,1.1962,13.60,10.40
2007.04.30 09:27:35.748,1.1961,1.1962,12.80,10.40
2007.04.30 09:27:40.781,1.196,1.1962,30.40,10.40
2007.04.30 09:27:41.098,1.196,1.1962,17.60,10.40
2007.04.30 09:27:52.071,1.196,1.1962,17.60,11.20
2007.04.30 09:27:52.334,1.196,1.1961,13.60,8.80
2007.04.30 09:27:53.404,1.196,1.1961,17.60,4.80
2007.04.30 09:27:53.868,1.196,1.1961,7.30,4.80
2007.04.30 09:27:55.400,1.19595,1.1961,14.40,8.80
2007.04.30 09:28:03.714,1.19595,1.1961,13.60,8.80
2007.04.30 09:28:04.576,1.196,1.1961,5.10,10.40
2007.04.30 09:28:04.808,1.1959,1.1961,67.10,9.60
2007.04.30 09:28:05.186,1.196,1.1961,5.30,9.60
2007.04.30 09:28:05.419,1.1959,1.1961,67.90,10.40
2007.04.30 09:28:05.751,1.1959,1.1961,67.10,10.40
2007.04.30 09:28:08.346,1.1959,1.1961,66.30,9.60
2007.04.30 09:28:08.743,1.1959,1.1961,67.10,9.60
2007.04.30 09:28:09.678,1.1959,1.1961,67.10,10.40
2007.04.30 09:28:11.016,1.1959,1.1961,67.10,9.60
2007.04.30 09:28:11.987,1.19595,1.1961,14.40,8.80
2007.04.30 09:28:12.561,1.1959,1.1961,69.50,9.60
2007.04.30 09:28:12.973,1.19595,1.1961,14.40,8.80
2007.04.30 09:28:13.945,1.1959,1.1961,71.10,9.60
2007.04.30 09:28:14.386,1.1959,1.1961,71.10,10.40
2007.04.30 09:28:16.675,1.1959,1.1961,71.10,9.60
2007.04.30 09:28:17.040,1.196,1.1961,1.10,11.20
2007.04.30 09:28:19.369,1.1959,1.1961,71.10,9.60
2007.04.30 09:28:20.938,1.1959,1.1961,71.10,8.80
2007.04.30 09:28:21.945,1.196,1.1961,5.20,8.80
2007.04.30 09:28:22.669,1.196,1.1961,4.10,9.60
2007.04.30 09:28:23.014,1.196,1.1961,5.80,8.80
2007.04.30 09:28:23.634,1.196,1.1961,12.80,9.60
2007.04.30 09:28:25.681,1.196,1.1961,13.60,9.60
2007.04.30 09:28:26.013,1.196,1.1961,13.60,8.80
2007.04.30 09:28:26.345,1.196,1.1961,13.60,9.60
2007.04.30 09:28:27.340,1.196,1.1961,13.60,8.80
2007.04.30 09:28:27.546,1.196,1.1961,13.60,9.60
2007.04.30 09:28:27.867,1.196,1.1961,12.80,9.60
2007.04.30 09:28:28.099,1.196,1.1961,13.60,9.60
2007.04.30 09:28:29.788,1.196,1.1961,12.80,9.60
2007.04.30 09:28:30.972,1.196,1.1961,13.60,9.60
2007.04.30 09:28:34.643,1.196,1.1961,13.60,8.80
2007.04.30 09:28:35.985,1.196,1.1961,13.60,9.60
2007.04.30 09:28:37.918,1.196,1.1961,12.80,9.60
2007.04.30 09:28:39.926,1.196,1.1961,4.80,9.60
2007.04.30 09:28:40.303,1.196,1.1961,4.80,10.40
2007.04.30 09:28:40.529,1.196,1.1961,12.80,10.40
2007.04.30 09:28:40.791,1.196,1.1961,12.80,9.60
2007.04.30 09:28:41.732,1.196,1.1961,12.80,10.40
2007.04.30 09:28:41.935,1.1959,1.196,40.70,8.00
2007.04.30 09:28:42.298,1.1959,1.196,13.60,8.80
2007.04.30 09:28:42.781,1.1959,1.196,12.80,9.60
2007.04.30 09:28:43.027,1.1959,1.196,13.60,10.40
2007.04.30 09:28:43.889,1.1958,1.196,53.50,12.00
2007.04.30 09:28:44.109,1.1958,1.196,21.60,20.80
2007.04.30 09:28:44.388,1.1958,1.1959,17.60,8.80
2007.04.30 09:28:44.632,1.1958,1.1959,13.60,8.80
2007.04.30 09:28:44.867,1.1958,1.196,17.60,20.00
2007.04.30 09:28:45.245,1.1958,1.196,18.40,11.20
2007.04.30 09:28:46.919,1.1958,1.196,18.40,10.40
2007.04.30 09:28:47.950,1.1958,1.196,18.40,11.20
2007.04.30 09:28:49.281,1.1958,1.1959,18.40,4.80
2007.04.30 09:28:49.613,1.1958,1.1959,17.60,4.80
2007.04.30 09:28:50.888,1.1958,1.1959,17.70,4.80
2007.04.30 09:28:51.851,1.1958,1.1959,0.20,8.80
2007.04.30 09:28:54.435,1.1958,1.1959,0.20,8.80
2007.04.30 09:28:55.860,1.1957,1.1958,17.60,4.00
2007.04.30 09:28:56.140,1.1957,1.1958,18.50,4.80
2007.04.30 09:28:56.387,1.1957,1.1958,20.90,4.00
2007.04.30 09:28:56.759,1.1957,1.1958,18.50,4.00
2007.04.30 09:28:57.003,1.1958,1.1959,0.20,19.20
2007.04.30 09:28:57.241,1.1957,1.1959,18.60,8.00
2007.04.30 09:28:57.508,1.1957,1.1959,64.80,8.00
2007.04.30 09:28:59.879,1.1957,1.1959,65.60,8.00
2007.04.30 09:29:00.573,1.1957,1.1959,64.00,8.00
2007.04.30 09:29:04.555,1.1957,1.1959,30.40,17.60
2007.04.30 09:29:04.798,1.1957,1.1958,30.20,0.80
2007.04.30 09:29:05.004,1.1957,1.1958,17.60,4.00
2007.04.30 09:29:05.225,1.1958,1.1959,0.80,7.20
2007.04.30 09:29:05.457,1.1957,1.1959,17.60,8.00
2007.04.30 09:29:05.835,1.1958,1.1959,3.50,8.00
2007.04.30 09:29:06.893,1.1957,1.1959,41.50,8.00
2007.04.30 09:29:07.101,1.1957,1.1959,0.60,8.00
2007.04.30 09:29:07.409,1.1957,1.1959,4.40,8.00
2007.04.30 09:29:07.887,1.1957,1.1959,5.70,8.00
2007.04.30 09:29:10.503,1.1957,1.1959,1.70,8.00
2007.04.30 09:29:10.868,1.19565,1.1959,21.60,8.80
2007.04.30 09:29:11.205,1.1957,1.1959,0.80,17.60
2007.04.30 09:29:11.535,1.19565,1.1958,17.60,4.00
2007.04.30 09:29:16.848,1.1956,1.1958,98.30,4.00
2007.04.30 09:29:17.443,1.19565,1.1959,21.60,10.40
2007.04.30 09:29:18.060,1.1957,1.1959,1.50,9.60
2007.04.30 09:29:18.973,1.1957,1.1959,25.60,8.80
2007.04.30 09:29:19.202,1.1957,1.1959,63.10,8.80
2007.04.30 09:29:22.508,1.1958,1.1959,0.80,8.80
2007.04.30 09:29:22.804,1.19565,1.1959,29.60,8.80
2007.04.30 09:29:23.159,1.1957,1.1959,20.80,8.80
2007.04.30 09:29:24.388,1.1958,1.1959,12.80,8.80
2007.04.30 09:29:26.074,1.1958,1.1959,12.80,17.60
2007.04.30 09:29:26.416,1.1957,1.1958,39.10,4.00
2007.04.30 09:29:26.647,1.1957,1.1958,17.60,4.80
2007.04.30 09:29:26.980,1.1957,1.1958,16.80,4.80
2007.04.30 09:29:30.400,1.1957,1.1958,17.60,4.80
2007.04.30 09:29:32.806,1.1957,1.1958,13.60,8.80
2007.04.30 09:29:33.393,1.1957,1.1958,17.60,4.80
2007.04.30 09:29:33.985,1.1957,1.1958,16.80,4.80
2007.04.30 09:29:34.467,1.1958,1.1959,0.80,20.80
2007.04.30 09:29:35.018,1.1958,1.1959,0.80,8.80
2007.04.30 09:29:35.523,1.1958,1.1959,16.80,4.80
2007.04.30 09:29:35.797,1.1958,1.1959,17.60,4.80
2007.04.30 09:29:36.036,1.1958,1.1959,16.80,4.80
2007.04.30 09:29:52.985,1.1959,1.196,8.80,8.80
2007.04.30 09:29:53.515,1.1959,1.196,12.80,8.80
2007.04.30 09:30:26.275,1.1959,1.196,12.80,9.60
2007.04.30 09:30:32.694,1.1959,1.196,12.80,8.80
2007.04.30 09:30:33.500,1.1959,1.196,16.80,4.80
2007.04.30 09:30:35.836,1.1959,1.196,16.80,5.60
2007.04.30 09:30:48.530,1.1959,1.196,16.80,9.60
2007.04.30 09:30:50.854,1.1959,1.196,12.80,14.40
2007.04.30 09:30:51.159,1.1958,1.1959,23.20,4.80
2007.04.30 09:30:51.366,1.1958,1.1959,20.00,4.80
2007.04.30 09:30:51.737,1.1958,1.1959,19.20,4.80
2007.04.30 09:30:51.977,1.1958,1.196,27.20,19.20
2007.04.30 09:30:52.516,1.1959,1.196,4.00,14.40
2007.04.30 09:30:52.748,1.1959,1.196,8.00,14.40
2007.04.30 09:30:52.996,1.1959,1.196,16.80,12.50
2007.04.30 09:30:53.203,1.1959,1.196,4.80,12.50
2007.04.30 09:30:53.466,1.1958,1.196,33.60,18.10
2007.04.30 09:30:53.845,1.1958,1.196,32.80,18.10
2007.04.30 09:30:54.397,1.1959,1.196,16.80,14.10
2007.04.30 09:30:54.615,1.1959,1.196,16.80,8.50
2007.04.30 09:30:54.821,1.1959,1.196,24.80,8.50
2007.04.30 09:30:55.089,1.1959,1.196,16.80,8.50
2007.04.30 09:30:57.834,1.196,1.1961,16.00,16.00
2007.04.30 09:30:58.288,1.196,1.1961,13.00,4.80
2007.04.30 09:31:00.410,1.196,1.1961,13.80,4.80
2007.04.30 09:31:02.298,1.196,1.1962,13.80,31.20
2007.04.30 09:31:05.363,1.196,1.1961,0.80,12.70
2007.04.30 09:31:05.662,1.1959,1.1961,14.60,20.00
2007.04.30 09:31:06.131,1.1959,1.196,13.80,0.80
2007.04.30 09:31:07.789,1.1959,1.1961,1.80,26.40
2007.04.30 09:31:08.028,1.1958,1.1961,29.00,63.10
2007.04.30 09:31:08.400,1.1958,1.1961,29.80,63.10
2007.04.30 09:31:08.792,1.1959,1.196,9.80,0.50
2007.04.30 09:31:09.000,1.1959,1.196,13.80,0.50
2007.04.30 09:31:13.360,1.1959,1.1961,21.80,16.00
2007.04.30 09:31:13.597,1.1959,1.1961,21.80,0.70
2007.04.30 09:31:18.762,1.196,1.1962,12.20,65.50
2007.04.30 09:31:18.955,1.196,1.1962,13.00,59.10
2007.04.30 09:31:19.207,1.196,1.1962,13.00,26.40
2007.04.30 09:31:19.747,1.196,1.1962,13.80,28.80
2007.04.30 09:31:28.027,1.196,1.1961,21.80,0.60
2007.04.30 09:31:28.382,1.1961,1.1962,12.00,17.60
2007.04.30 09:31:28.626,1.1961,1.1962,12.80,0.70
2007.04.30 09:31:28.905,1.1961,1.1962,13.60,0.50
2007.04.30 09:31:29.112,1.1961,1.1962,13.60,0.90
2007.04.30 09:31:29.323,1.1961,1.19625,17.60,7.20
2007.04.30 09:31:33.703,1.1961,1.1962,17.60,4.80
2007.04.30 09:31:34.147,1.1961,1.1962,17.60,5.60
2007.04.30 09:31:35.979,1.1961,1.19625,25.60,1.60
2007.04.30 09:31:36.240,1.1961,1.1963,25.60,14.40
2007.04.30 09:31:36.597,1.1961,1.1963,27.20,13.60
2007.04.30 09:31:37.350,1.1961,1.1963,27.20,14.40
2007.04.30 09:31:38.676,1.1961,1.1963,27.20,13.60
2007.04.30 09:31:39.640,1.1961,1.19635,27.20,15.20
2007.04.30 09:31:41.669,1.1961,1.1963,31.20,13.60
2007.04.30 09:31:42.975,1.1962,1.1963,17.60,5.60
2007.04.30 09:31:46.647,1.1962,1.1963,25.60,5.60
2007.04.30 09:31:46.912,1.1962,1.1963,25.60,4.80
2007.04.30 09:31:47.296,1.1962,1.19635,25.60,0.80
2007.04.30 09:31:47.601,1.1962,1.1964,25.60,20.00
2007.04.30 09:31:47.858,1.1962,1.1964,29.60,16.00
2007.04.30 09:31:48.115,1.1962,1.1964,30.40,11.20
2007.04.30 09:31:48.331,1.1963,1.1964,16.80,6.40
2007.04.30 09:31:48.911,1.1963,1.1964,16.80,7.20
2007.04.30 09:31:49.208,1.1963,1.1964,16.80,11.20
2007.04.30 09:31:49.442,1.19625,1.1963,4.00,5.60
2007.04.30 09:31:49.668,1.1962,1.1963,17.60,5.60
2007.04.30 09:31:50.234,1.1962,1.1963,25.60,5.60
2007.04.30 09:31:50.466,1.1962,1.1963,25.60,1.60
2007.04.30 09:31:50.683,1.1962,1.1964,25.60,17.60
2007.04.30 09:31:50.963,1.19625,1.1964,0.80,17.60
2007.04.30 09:31:51.198,1.19625,1.1964,0.80,16.00
2007.04.30 09:31:51.543,1.19625,1.1963,0.80,4.80
2007.04.30 09:31:52.781,1.19625,1.1963,0.80,5.60
2007.04.30 09:31:53.063,1.1962,1.1963,17.60,5.60
2007.04.30 09:31:55.774,1.1963,1.1964,8.00,17.60
2007.04.30 09:31:55.985,1.1963,1.1964,12.80,7.20
2007.04.30 09:31:56.431,1.1963,1.1964,16.80,7.20
2007.04.30 09:31:56.682,1.1963,1.1964,17.60,7.20
2007.04.30 09:31:56.937,1.1963,1.1964,17.60,5.60
2007.04.30 09:31:57.887,1.1963,1.1964,17.60,4.80
2007.04.30 09:32:00.755,1.1963,1.1964,18.40,4.80
2007.04.30 09:32:01.002,1.1964,1.1965,12.80,11.20
2007.04.30 09:32:03.736,1.1964,1.1965,12.80,11.20
2007.04.30 09:32:04.068,1.1964,1.1965,12.80,12.00
2007.04.30 09:32:06.962,1.1964,1.1965,12.80,11.20
2007.04.30 09:32:10.028,1.1964,1.1965,12.80,11.20
2007.04.30 09:32:10.292,1.1964,1.1965,12.80,12.00
2007.04.30 09:32:24.328,1.1964,1.1965,12.80,12.00
2007.04.30 09:32:27.895,1.1964,1.1965,12.80,12.80
2007.04.30 09:32:29.864,1.1964,1.1965,12.80,12.00
2007.04.30 09:32:31.295,1.1964,1.1965,5.00,12.00
2007.04.30 09:32:35.290,1.19635,1.1965,20.80,8.00
2007.04.30 09:32:42.029,1.19635,1.1965,21.60,6.40
2007.04.30 09:32:45.084,1.1964,1.1965,0.70,0.60
2007.04.30 09:32:45.571,1.19635,1.19655,20.80,8.00
2007.04.30 09:32:45.915,1.1964,1.1965,0.70,0.90
2007.04.30 09:32:46.350,1.19635,1.19655,16.80,12.80
2007.04.30 09:32:47.644,1.19635,1.19655,20.80,8.80
2007.04.30 09:32:49.302,1.1964,1.1965,0.80,0.60
2007.04.30 09:32:49.581,1.1964,1.1965,0.90,0.50
2007.04.30 09:32:50.936,1.1964,1.1965,0.70,0.60
2007.04.30 09:32:51.326,1.1964,1.1965,0.80,0.60
2007.04.30 09:32:54.937,1.19635,1.19655,17.60,12.80
2007.04.30 09:32:55.866,1.1964,1.1965,0.90,0.80
2007.04.30 09:33:00.631,1.19635,1.19655,16.80,14.40
2007.04.30 09:33:00.959,1.1963,1.1965,0.60,0.70
2007.04.30 09:33:04.278,1.1963,1.19655,30.40,17.60
2007.04.30 09:33:05.285,1.1963,1.1965,25.60,20.80
2007.04.30 09:33:05.625,1.1963,1.1965,17.60,20.80
2007.04.30 09:33:05.884,1.1963,1.1965,13.60,28.00
2007.04.30 09:33:06.948,1.1963,1.1965,13.60,31.20
2007.04.30 09:33:09.794,1.1963,1.1965,12.80,33.60
2007.04.30 09:33:13.214,1.1963,1.1965,12.80,34.40
2007.04.30 09:33:14.272,1.1963,1.1964,12.80,9.60
2007.04.30 09:33:14.492,1.19625,1.1964,1.60,16.00
2007.04.30 09:33:14.923,1.19625,1.1964,1.60,15.20
2007.04.30 09:33:15.208,1.1962,1.1964,32.80,16.00
2007.04.30 09:33:15.505,1.1962,1.1964,25.60,20.00
2007.04.30 09:33:15.981,1.1962,1.1964,25.60,19.20
2007.04.30 09:33:16.245,1.1962,1.1964,25.60,20.00
2007.04.30 09:33:16.575,1.1962,1.1964,25.60,20.80
2007.04.30 09:33:17.262,1.1962,1.1963,16.80,4.00
2007.04.30 09:33:17.463,1.1962,1.1963,12.80,8.80
2007.04.30 09:33:22.237,1.1962,1.1963,17.60,4.80
2007.04.30 09:33:22.574,1.1962,1.1963,12.80,8.80
2007.04.30 09:33:22.897,1.1962,1.1963,12.80,9.60
2007.04.30 09:33:47.858,1.1962,1.1963,4.80,13.60
2007.04.30 09:33:48.419,1.1961,1.1963,32.00,13.60
2007.04.30 09:33:48.840,1.1961,1.1963,27.20,17.60
2007.04.30 09:33:52.493,1.1961,1.1963,26.40,17.60
2007.04.30 09:33:53.823,1.1961,1.1963,27.20,17.60
2007.04.30 09:34:00.130,1.1961,1.1963,26.40,17.60
2007.04.30 09:34:00.768,1.1961,1.1962,25.60,5.60
2007.04.30 09:34:00.980,1.1961,1.1962,17.60,7.20
2007.04.30 09:34:02.044,1.1961,1.1962,17.60,8.00
2007.04.30 09:34:02.790,1.1961,1.1962,17.60,7.20
2007.04.30 09:34:03.787,1.1961,1.1962,17.60,8.00
2007.04.30 09:34:09.769,1.1961,1.19625,17.60,9.60
2007.04.30 09:34:14.703,1.1961,1.19625,18.40,9.60
2007.04.30 09:34:18.407,1.1961,1.19625,18.40,8.00
2007.04.30 09:34:18.624,1.1961,1.1962,17.60,0.50
2007.04.30 09:34:18.970,1.1961,1.19625,25.60,0.90
2007.04.30 09:34:19.691,1.1961,1.1963,21.60,20.00
2007.04.30 09:34:26.358,1.1961,1.1963,21.60,0.70
2007.04.30 09:34:26.606,1.1961,1.19635,22.40,19.20
2007.04.30 09:34:27.125,1.1961,1.1963,26.40,0.70
2007.04.30 09:34:29.717,1.1961,1.1962,27.20,0.70
2007.04.30 09:34:29.948,1.1961,1.1963,18.40,23.20
2007.04.30 09:34:30.948,1.1961,1.1962,17.60,0.90
2007.04.30 09:34:58.925,1.1961,1.1962,17.60,5.60
2007.04.30 09:35:04.199,1.1961,1.1963,17.60,20.00
2007.04.30 09:35:12.893,1.1961,1.1963,17.60,21.60
2007.04.30 09:35:13.899,1.1961,1.1962,17.60,0.50
2007.04.30 09:35:14.883,1.1961,1.1962,17.60,0.80
2007.04.30 09:35:16.883,1.1961,1.1963,17.60,22.40
2007.04.30 09:35:20.833,1.1961,1.1963,18.40,24.80
2007.04.30 09:35:21.045,1.1961,1.1963,17.60,24.80
2007.04.30 09:35:21.453,1.1961,1.1963,18.40,24.80
2007.04.30 09:35:28.826,1.1961,1.1963,18.40,24.00
2007.04.30 09:35:29.826,1.1961,1.1963,17.60,24.00
2007.04.30 09:35:39.169,1.1961,1.1962,18.40,4.80
2007.04.30 09:35:42.608,1.1961,1.1962,21.20,4.80
2007.04.30 09:35:42.924,1.1961,1.1963,29.20,13.60
2007.04.30 09:35:44.251,1.1961,1.1963,30.00,10.40
2007.04.30 09:35:44.506,1.1962,1.1963,12.80,10.40
2007.04.30 09:35:44.927,1.1962,1.1963,12.80,9.60
2007.04.30 09:35:45.509,1.1962,1.1963,12.80,10.40
2007.04.30 09:35:45.792,1.1962,1.1963,13.60,9.60
2007.04.30 09:35:46.250,1.1962,1.1963,17.60,9.60
2007.04.30 09:35:46.520,1.1962,1.1963,17.60,5.60
2007.04.30 09:35:47.471,1.1962,1.1963,13.60,9.60
2007.04.30 09:35:55.218,1.1962,1.1963,14.40,9.60
2007.04.30 09:35:57.207,1.1962,1.1963,13.60,9.60
2007.04.30 09:36:04.627,1.1962,1.1963,2.90,9.60
2007.04.30 09:36:07.801,1.1962,1.1963,0.80,10.40
2007.04.30 09:36:08.007,1.1962,1.1963,0.80,16.80
2007.04.30 09:36:08.383,1.19605,1.1962,22.80,4.80
2007.04.30 09:36:08.646,1.1961,1.1962,4.70,4.80
2007.04.30 09:36:08.929,1.1961,1.1962,7.50,4.80
2007.04.30 09:36:11.485,1.19605,1.1962,19.20,5.60
2007.04.30 09:36:12.834,1.1961,1.1962,1.40,5.60
2007.04.30 09:36:13.825,1.196,1.1962,83.90,6.40
2007.04.30 09:36:20.781,1.196,1.1962,83.10,6.40
2007.04.30 09:36:21.113,1.1961,1.1962,9.00,7.20
2007.04.30 09:36:21.784,1.196,1.1962,77.50,11.20
2007.04.30 09:36:23.425,1.196,1.1962,81.50,7.20
2007.04.30 09:36:23.739,1.196,1.1962,77.50,11.20
2007.04.30 09:36:23.992,1.1961,1.1962,0.60,10.40
2007.04.30 09:36:24.341,1.196,1.1962,81.50,7.20
2007.04.30 09:36:24.971,1.196,1.1962,80.70,7.20
2007.04.30 09:36:25.766,1.196,1.1962,81.50,7.20
2007.04.30 09:36:26.770,1.196,1.1962,77.50,11.20
2007.04.30 09:36:27.757,1.196,1.1962,81.50,6.40
2007.04.30 09:36:27.971,1.1961,1.1962,3.80,5.60
2007.04.30 09:36:28.421,1.196,1.1962,100.10,0.80
2007.04.30 09:36:28.681,1.19605,1.1963,32.20,11.20
2007.04.30 09:36:28.886,1.19605,1.1963,33.10,15.20
2007.04.30 09:36:29.445,1.19605,1.1962,29.10,4.80
2007.04.30 09:36:29.697,1.19605,1.1962,19.20,4.80
2007.04.30 09:36:31.782,1.1961,1.1962,17.60,4.80
2007.04.30 09:36:34.100,1.1961,1.1962,17.60,5.60
2007.04.30 09:36:35.754,1.1961,1.1962,17.60,6.40
2007.04.30 09:36:37.308,1.1961,1.1962,17.60,7.20
2007.04.30 09:36:37.572,1.1961,1.1962,17.60,6.40
2007.04.30 09:36:39.973,1.1961,1.1962,17.60,7.20
2007.04.30 09:36:40.400,1.1961,1.1962,13.60,11.20
2007.04.30 09:36:41.400,1.1961,1.1962,13.60,10.40
2007.04.30 09:36:41.874,1.1961,1.1962,17.60,6.40
2007.04.30 09:36:42.578,1.196,1.1962,83.90,6.40
2007.04.30 09:36:44.994,1.196,1.1962,86.30,5.60
2007.04.30 09:36:52.343,1.1961,1.1963,4.80,14.40
2007.04.30 09:36:52.650,1.1961,1.1963,2.80,14.40
2007.04.30 09:36:52.921,1.19605,1.1963,33.00,14.40
2007.04.30 09:36:53.405,1.19605,1.1963,29.10,17.60
2007.04.30 09:36:58.339,1.19605,1.1963,29.10,18.40
2007.04.30 09:37:00.715,1.1962,1.1963,0.80,18.40
2007.04.30 09:37:00.920,1.1961,1.1963,50.00,10.40
2007.04.30 09:37:01.375,1.1962,1.1963,2.60,10.40
2007.04.30 09:37:02.706,1.1962,1.1963,5.00,10.40
2007.04.30 09:37:03.246,1.1961,1.1963,64.40,9.60
2007.04.30 09:37:06.690,1.1962,1.1963,4.70,17.60
2007.04.30 09:37:06.999,1.1961,1.1963,3.90,17.60
2007.04.30 09:37:09.991,1.1962,1.1963,12.80,17.60
2007.04.30 09:37:10.218,1.1962,1.1963,13.60,17.60
2007.04.30 09:37:10.510,1.1962,1.1963,17.60,13.60
2007.04.30 09:37:11.996,1.1962,1.1963,13.60,17.60
2007.04.30 09:37:12.579,1.1962,1.1963,17.60,13.60
2007.04.30 09:37:14.474,1.1962,1.1963,13.60,17.60
2007.04.30 09:37:28.626,1.1962,1.1963,13.60,8.80
2007.04.30 09:37:30.957,1.1962,1.1963,13.60,9.60
2007.04.30 09:37:50.142,1.1962,1.1963,13.60,13.60
2007.04.30 09:37:55.857,1.1962,1.1963,17.60,9.60
2007.04.30 09:37:56.859,1.1962,1.1963,17.60,5.60
2007.04.30 09:37:57.086,1.1962,1.1964,25.60,15.20
2007.04.30 09:37:57.743,1.1962,1.1964,25.60,16.00
2007.04.30 09:37:57.922,1.19615,1.1964,30.40,16.00
2007.04.30 09:37:59.386,1.1961,1.1963,77.10,4.80
2007.04.30 09:37:59.632,1.1961,1.1963,79.50,8.80
2007.04.30 09:37:59.852,1.1962,1.1963,6.80,9.60
2007.04.30 09:38:00.510,1.1962,1.1963,6.60,5.60
2007.04.30 09:38:03.829,1.19615,1.1963,17.60,5.60
2007.04.30 09:38:04.160,1.1962,1.1963,8.40,5.60
2007.04.30 09:38:06.446,1.1962,1.1963,7.40,0.80
2007.04.30 09:38:06.815,1.19615,1.1964,26.40,22.40
2007.04.30 09:38:07.148,1.19615,1.1964,26.40,23.20
2007.04.30 09:38:16.799,1.1962,1.1963,9.30,5.60
2007.04.30 09:38:16.998,1.19615,1.1963,18.40,5.60
2007.04.30 09:38:18.981,1.1962,1.1963,8.40,5.60
2007.04.30 09:38:19.892,1.1962,1.1963,3.50,5.60
2007.04.30 09:38:20.102,1.1962,1.1963,4.80,4.80
2007.04.30 09:38:20.425,1.19615,1.1964,25.60,21.60
2007.04.30 09:38:20.968,1.19615,1.1964,25.60,20.80
2007.04.30 09:38:21.255,1.19615,1.1964,25.60,21.60
2007.04.30 09:38:24.625,1.1962,1.1964,2.70,19.20
2007.04.30 09:38:24.835,1.19615,1.1964,26.40,20.00
2007.04.30 09:38:25.628,1.1962,1.19635,6.50,0.80
2007.04.30 09:38:25.870,1.1962,1.1964,1.90,20.00
2007.04.30 09:38:26.079,1.1962,1.1964,24.00,20.00
2007.04.30 09:38:26.328,1.1963,1.1964,28.00,5.60
2007.04.30 09:38:26.662,1.1963,1.1964,59.10,0.80
2007.04.30 09:38:26.942,1.1963,1.1965,60.70,12.50
2007.04.30 09:38:27.427,1.1964,1.1965,12.80,14.10
2007.04.30 09:38:27.657,1.1964,1.1965,12.80,12.30
2007.04.30 09:38:27.870,1.1964,1.1965,8.00,13.10
2007.04.30 09:38:28.075,1.1964,1.1965,8.00,21.10
2007.04.30 09:38:28.418,1.1963,1.1965,25.60,22.20
2007.04.30 09:38:28.702,1.1963,1.1965,25.60,21.40
2007.04.30 09:38:28.989,1.1963,1.1965,25.60,22.20
2007.04.30 09:38:29.412,1.1963,1.1964,16.80,5.60
2007.04.30 09:38:29.742,1.1963,1.1964,16.80,0.80
2007.04.30 09:38:30.012,1.1963,1.1965,21.60,18.40
2007.04.30 09:38:30.738,1.1964,1.1965,12.00,18.40
2007.04.30 09:38:30.974,1.1964,1.1965,12.80,10.40
2007.04.30 09:38:31.407,1.1964,1.1965,12.80,12.40
2007.04.30 09:38:31.734,1.1964,1.1965,12.80,12.30
2007.04.30 09:38:35.050,1.1964,1.1965,40.70,12.30
2007.04.30 09:38:35.353,1.1964,1.1965,43.40,9.60
2007.04.30 09:38:35.558,1.1964,1.1965,47.80,5.60
2007.04.30 09:38:35.803,1.1964,1.1965,46.50,5.60
2007.04.30 09:38:37.707,1.1964,1.1965,46.80,5.60
2007.04.30 09:38:38.368,1.1964,1.1965,46.50,5.60
2007.04.30 09:38:41.187,1.19635,1.1965,48.10,5.60
2007.04.30 09:38:41.573,1.1964,1.1965,3.70,5.60
2007.04.30 09:38:42.915,1.19635,1.1965,48.50,5.60
2007.04.30 09:38:46.023,1.19635,1.1965,49.20,4.80
2007.04.30 09:38:46.302,1.1964,1.1965,1.60,4.80
2007.04.30 09:38:46.944,1.19635,1.1965,49.20,4.80
2007.04.30 09:38:47.991,1.1964,1.1965,7.80,4.80
2007.04.30 09:38:50.324,1.19635,1.1966,61.20,16.80
2007.04.30 09:38:50.830,1.19635,1.1966,65.20,16.00
2007.04.30 09:38:51.249,1.1964,1.1966,0.70,15.20
2007.04.30 09:38:51.453,1.19635,1.1966,65.20,16.00
2007.04.30 09:39:04.949,1.1964,1.1966,1.40,20.00
2007.04.30 09:39:18.555,1.1964,1.1966,55.20,19.20
2007.04.30 09:39:18.819,1.1964,1.1966,55.20,20.00
2007.04.30 09:39:25.310,1.19635,1.1966,60.80,20.00
2007.04.30 09:39:29.504,1.19635,1.1966,60.80,20.80
2007.04.30 09:39:29.845,1.19635,1.1966,60.80,20.00
2007.04.30 09:39:33.064,1.19635,1.1966,60.80,19.20
2007.04.30 09:39:33.348,1.1964,1.1966,18.20,20.00
2007.04.30 09:39:36.174,1.19635,1.1966,60.80,19.20
2007.04.30 09:39:36.438,1.19635,1.1966,60.80,20.00
2007.04.30 09:39:41.922,1.1965,1.1966,16.90,10.40
2007.04.30 09:39:45.461,1.1965,1.1966,7.50,10.40
2007.04.30 09:39:49.779,1.1965,1.1966,13.30,11.20
2007.04.30 09:39:50.110,1.1964,1.1966,81.90,10.40
2007.04.30 09:39:52.067,1.1964,1.1966,83.50,9.60
2007.04.30 09:39:52.275,1.1964,1.1966,83.50,10.40
2007.04.30 09:39:53.433,1.1965,1.1966,41.50,9.60
2007.04.30 09:39:53.708,1.1965,1.1966,41.50,10.40
2007.04.30 09:39:58.207,1.1965,1.1966,41.50,11.20
2007.04.30 09:39:58.749,1.1965,1.1966,41.50,10.40
2007.04.30 09:39:59.635,1.1965,1.1966,40.70,10.40
2007.04.30 09:40:02.400,1.1965,1.1966,44.70,6.40
2007.04.30 09:40:02.885,1.1965,1.1966,45.50,6.40
2007.04.30 09:40:03.283,1.1964,1.1966,87.70,6.40
2007.04.30 09:40:05.723,1.1964,1.1966,88.30,6.40
2007.04.30 09:40:06.390,1.1965,1.1966,17.00,10.40
2007.04.30 09:40:08.706,1.1964,1.1966,82.90,10.40
2007.04.30 09:40:11.708,1.1965,1.1966,9.60,10.40
2007.04.30 09:40:20.973,1.1964,1.1966,82.90,10.40
2007.04.30 09:40:21.305,1.1964,1.1966,70.90,10.40
2007.04.30 09:40:21.594,1.1964,1.1966,21.40,16.00
2007.04.30 09:40:21.930,1.1965,1.1966,9.10,20.00
2007.04.30 09:40:22.136,1.1964,1.1966,78.90,10.40
2007.04.30 09:40:27.953,1.1964,1.1966,79.30,9.60
2007.04.30 09:40:28.543,1.1964,1.1966,83.30,5.60
2007.04.30 09:40:33.908,1.1965,1.1966,10.60,5.60
2007.04.30 09:40:34.931,1.1964,1.1966,87.00,6.40
2007.04.30 09:40:41.949,1.1965,1.1966,41.50,5.60
2007.04.30 09:40:42.277,1.1965,1.1966,41.50,6.40
2007.04.30 09:40:45.596,1.1965,1.1966,45.50,6.40
2007.04.30 09:40:47.867,1.1965,1.1966,12.00,10.40
2007.04.30 09:40:48.083,1.1964,1.1965,48.00,4.80
2007.04.30 09:40:48.393,1.1964,1.1965,47.20,4.80
2007.04.30 09:40:48.637,1.1964,1.1965,46.80,4.80
2007.04.30 09:40:55.503,1.1964,1.1965,47.60,4.80
2007.04.30 09:40:56.013,1.1964,1.1966,59.10,15.20
2007.04.30 09:40:56.224,1.1964,1.1965,47.10,0.80
2007.04.30 09:40:56.462,1.1964,1.1965,46.80,4.80
2007.04.30 09:40:56.828,1.1964,1.1965,47.60,4.80
2007.04.30 09:40:57.062,1.1965,1.1966,40.70,10.40
2007.04.30 09:41:03.447,1.1965,1.1966,44.70,6.40
2007.04.30 09:41:03.834,1.1965,1.1966,44.70,5.60
2007.04.30 09:41:10.827,1.1965,1.1966,45.50,5.60
2007.04.30 09:41:13.825,1.1965,1.1966,45.50,6.40
2007.04.30 09:41:14.080,1.1965,1.1966,44.70,6.40
2007.04.30 09:41:16.700,1.1964,1.1966,88.20,6.40
2007.04.30 09:41:16.817,1.1964,1.1966,87.40,7.20
2007.04.30 09:41:17.710,1.1965,1.1966,45.50,7.20
2007.04.30 09:41:18.804,1.1965,1.1966,45.50,6.40
2007.04.30 09:41:19.014,1.1965,1.1966,45.50,7.20
2007.04.30 09:41:19.427,1.1965,1.1966,41.50,10.40
2007.04.30 09:41:19.761,1.1965,1.1966,41.50,11.20
2007.04.30 09:41:21.396,1.1965,1.1966,33.50,15.20
2007.04.30 09:41:22.347,1.1965,1.1966,33.50,19.20
2007.04.30 09:41:26.785,1.1965,1.1966,33.70,19.20
2007.04.30 09:41:29.102,1.1965,1.1966,32.90,19.20
2007.04.30 09:41:33.751,1.1965,1.1966,33.70,19.20
2007.04.30 09:41:38.735,1.1965,1.1966,33.70,18.40
2007.04.30 09:41:48.799,1.1965,1.1966,32.90,18.40
2007.04.30 09:41:51.682,1.1965,1.1966,33.70,18.40
2007.04.30 09:42:09.602,1.1965,1.1966,32.90,18.40
2007.04.30 09:42:11.811,1.1965,1.1966,36.90,14.40
2007.04.30 09:42:13.853,1.1965,1.1966,37.70,14.40
2007.04.30 09:42:14.138,1.1965,1.1966,36.90,14.40
2007.04.30 09:42:15.853,1.1965,1.1966,37.70,14.40
2007.04.30 09:42:16.913,1.1965,1.1966,37.70,15.20
2007.04.30 09:42:19.241,1.1965,1.1966,36.90,15.20
2007.04.30 09:42:21.714,1.1965,1.1966,36.90,14.40
2007.04.30 09:42:22.961,1.1965,1.1966,37.70,14.40
2007.04.30 09:42:22.989,1.1965,1.1966,37.70,0.80
2007.04.30 09:42:24.040,1.1965,1.1966,36.90,14.40
2007.04.30 09:42:26.025,1.1965,1.1966,43.10,13.60
2007.04.30 09:42:26.916,1.1965,1.1966,43.10,8.00
2007.04.30 09:42:27.401,1.1965,1.1966,47.10,4.80
2007.04.30 09:42:27.624,1.1965,1.1966,47.50,5.60
2007.04.30 09:42:27.877,1.1966,1.1967,36.70,16.80
2007.04.30 09:42:28.168,1.1966,1.1967,36.70,10.40
2007.04.30 09:42:29.873,1.1966,1.1967,36.70,9.60
2007.04.30 09:42:34.941,1.1966,1.1967,36.70,10.40
2007.04.30 09:42:41.641,1.1966,1.1967,44.70,6.40
2007.04.30 09:42:42.975,1.1966,1.1967,45.50,6.40
2007.04.30 09:42:48.631,1.1966,1.1967,45.50,5.60
2007.04.30 09:42:49.626,1.1966,1.1967,44.70,5.60
2007.04.30 09:42:57.383,1.1966,1.1967,44.70,0.70
2007.04.30 09:42:58.920,1.1966,1.19675,45.50,6.80
2007.04.30 09:42:59.923,1.1965,1.19675,62.50,22.80
2007.04.30 09:43:00.195,1.1965,1.1967,61.70,0.60
2007.04.30 09:43:00.411,1.1965,1.1966,47.30,0.60
2007.04.30 09:43:00.641,1.1965,1.1966,46.50,0.70
2007.04.30 09:43:01.222,1.1965,1.1966,45.70,0.80
2007.04.30 09:43:01.564,1.1965,1.1966,46.50,0.50
2007.04.30 09:43:04.891,1.1965,1.1967,45.70,32.00
2007.04.30 09:43:07.552,1.1965,1.1967,44.90,34.40
2007.04.30 09:43:16.491,1.1965,1.1966,44.90,0.60
2007.04.30 09:43:16.716,1.1965,1.1967,49.10,0.90
2007.04.30 09:43:17.089,1.1965,1.1967,49.40,0.90
2007.04.30 09:43:17.308,1.1966,1.1967,4.00,0.90
2007.04.30 09:43:18.363,1.1965,1.19675,67.50,17.20
2007.04.30 09:43:18.571,1.1965,1.19675,65.10,21.20
2007.04.30 09:43:19.829,1.1966,1.1967,4.00,0.70
2007.04.30 09:43:20.109,1.1966,1.19675,21.60,10.00
2007.04.30 09:43:20.968,1.1966,1.19675,44.70,0.80
2007.04.30 09:43:21.189,1.1966,1.1968,44.70,25.30
2007.04.30 09:43:21.411,1.1966,1.19675,44.70,5.40
2007.04.30 09:43:21.893,1.1965,1.19675,59.60,18.00
2007.04.30 09:43:23.429,1.1966,1.19675,8.00,14.80
2007.04.30 09:43:23.712,1.1966,1.19675,20.80,10.80
2007.04.30 09:43:24.516,1.1966,1.19675,20.80,11.60
2007.04.30 09:43:24.853,1.1966,1.1967,12.80,0.70
2007.04.30 09:43:25.071,1.1966,1.1967,0.80,23.20
2007.04.30 09:43:25.475,1.1965,1.1967,47.60,32.80
2007.04.30 09:43:25.846,1.1965,1.1967,47.60,32.50
2007.04.30 09:43:26.096,1.1965,1.1966,46.80,0.80
2007.04.30 09:43:27.442,1.1965,1.1966,47.00,0.70
2007.04.30 09:43:27.669,1.1965,1.1967,47.80,33.30
2007.04.30 09:43:28.499,1.1965,1.1967,47.60,33.30
2007.04.30 09:43:28.834,1.1965,1.1967,46.80,33.30
2007.04.30 09:43:29.495,1.1965,1.1967,48.20,33.30
2007.04.30 09:43:29.795,1.1965,1.1967,49.00,32.80
2007.04.30 09:43:32.819,1.1965,1.1967,48.60,30.40
2007.04.30 09:43:34.473,1.1965,1.1967,48.60,31.20
2007.04.30 09:43:38.122,1.1965,1.1966,47.00,0.90
2007.04.30 09:43:40.104,1.1965,1.1967,25.50,61.50
2007.04.30 09:43:41.070,1.1965,1.1966,23.60,0.70
2007.04.30 09:43:43.752,1.1965,1.1966,21.80,0.70
2007.04.30 09:43:44.660,1.1965,1.1966,21.80,0.50
2007.04.30 09:43:44.959,1.1965,1.1966,21.80,0.50
2007.04.30 09:43:45.169,1.1965,1.1966,21.80,0.50
2007.04.30 09:43:45.576,1.1965,1.19665,21.80,15.20
2007.04.30 09:43:45.782,1.1965,1.19665,20.20,14.40
2007.04.30 09:43:46.014,1.1965,1.1966,20.20,0.70
2007.04.30 09:43:48.441,1.1965,1.1967,20.20,61.60
2007.04.30 09:43:49.751,1.1965,1.1967,20.20,64.00
2007.04.30 09:43:50.089,1.1965,1.1967,20.20,62.40
2007.04.30 09:44:00.414,1.1965,1.1966,20.20,0.80
2007.04.30 09:44:00.688,1.1965,1.1967,36.10,22.40
2007.04.30 09:44:02.724,1.1965,1.1967,32.10,25.60
2007.04.30 09:44:02.880,1.1965,1.19675,32.10,30.80
2007.04.30 09:44:04.722,1.1965,1.1966,32.10,0.90
2007.04.30 09:44:05.012,1.1965,1.1967,16.20,48.10
2007.04.30 09:44:05.266,1.1965,1.19675,32.10,37.20
2007.04.30 09:44:05.479,1.1965,1.19675,32.10,31.60
2007.04.30 09:44:05.717,1.1965,1.1966,32.10,0.80
2007.04.30 09:44:06.002,1.1965,1.19665,16.20,14.40
2007.04.30 09:44:07.036,1.1965,1.1967,16.20,61.70
2007.04.30 09:44:07.935,1.1965,1.1966,12.20,0.80
2007.04.30 09:44:08.946,1.1965,1.19665,12.20,19.20
2007.04.30 09:44:09.632,1.1965,1.1966,12.20,0.90
2007.04.30 09:44:14.026,1.1965,1.19665,12.20,17.60
2007.04.30 09:44:19.925,1.1965,1.1966,12.20,0.70
2007.04.30 09:44:20.337,1.1965,1.1966,16.20,0.60
2007.04.30 09:44:20.569,1.1965,1.1966,20.20,0.70
2007.04.30 09:44:21.314,1.1965,1.1966,0.60,0.70
2007.04.30 09:44:22.669,1.1964,1.19665,69.30,18.40
2007.04.30 09:44:28.316,1.1964,1.19665,73.30,14.40
2007.04.30 09:44:29.316,1.1965,1.1966,0.70,0.80
2007.04.30 09:44:30.305,1.1964,1.19665,73.30,14.40
2007.04.30 09:44:31.305,1.1965,1.1966,2.60,24.00
2007.04.30 09:44:31.556,1.19635,1.1965,24.90,12.40
2007.04.30 09:44:31.924,1.19635,1.1965,23.30,12.40
2007.04.30 09:44:32.298,1.19635,1.1965,23.20,12.40
2007.04.30 09:44:32.634,1.1964,1.1965,4.70,12.40
2007.04.30 09:44:34.290,1.1963,1.1965,51.90,12.40
2007.04.30 09:44:34.509,1.1963,1.1965,39.90,20.40
2007.04.30 09:44:35.196,1.1963,1.1965,15.00,21.20
2007.04.30 09:44:35.783,1.19625,1.1964,44.70,12.00
2007.04.30 09:44:36.072,1.19625,1.1964,19.20,12.80
2007.04.30 09:44:36.291,1.19625,1.1964,20.00,12.80
2007.04.30 09:44:36.623,1.19625,1.1964,16.00,12.80
2007.04.30 09:44:38.192,1.19625,1.1964,15.20,12.80
2007.04.30 09:44:41.508,1.1963,1.1964,9.30,4.80
2007.04.30 09:44:42.034,1.19625,1.1965,38.30,26.80
2007.04.30 09:44:42.541,1.19625,1.1965,38.30,27.60
2007.04.30 09:44:42.812,1.19625,1.1964,18.40,12.80
2007.04.30 09:44:43.040,1.1963,1.1964,14.40,12.80
2007.04.30 09:44:44.163,1.1963,1.1964,11.20,20.80
2007.04.30 09:44:45.518,1.1964,1.1965,1.80,57.60
2007.04.30 09:44:45.897,1.1964,1.1965,1.00,54.10
2007.04.30 09:44:46.102,1.1963,1.1965,66.30,26.40
2007.04.30 09:44:46.382,1.1963,1.1965,76.70,21.60
2007.04.30 09:44:47.054,1.1964,1.1965,4.40,21.60
2007.04.30 09:44:47.277,1.1964,1.1965,1.10,24.80
2007.04.30 09:44:47.897,1.1964,1.1965,5.80,20.80
2007.04.30 09:44:48.177,1.1964,1.1965,6.10,20.80
2007.04.30 09:44:48.467,1.1964,1.1965,5.20,20.80
2007.04.30 09:44:49.208,1.19635,1.1965,17.30,20.80
2007.04.30 09:44:50.355,1.19635,1.1965,16.50,20.80
2007.04.30 09:44:50.576,1.1964,1.1965,14.50,20.80
2007.04.30 09:44:50.926,1.1964,1.1965,14.40,20.80
2007.04.30 09:44:51.169,1.1964,1.1965,13.60,20.80
2007.04.30 09:44:51.497,1.1964,1.1965,14.40,20.80
2007.04.30 09:44:51.901,1.1964,1.1965,13.60,20.80
2007.04.30 09:44:52.931,1.1964,1.1965,14.40,20.80
2007.04.30 09:44:55.782,1.1965,1.1966,4.80,38.30
2007.04.30 09:44:56.034,1.1965,1.1966,9.60,25.60
2007.04.30 09:44:56.242,1.1965,1.1966,13.60,21.60
2007.04.30 09:44:57.906,1.1965,1.1966,17.60,13.60
2007.04.30 09:45:03.865,1.1965,1.1966,13.60,17.60
2007.04.30 09:45:10.557,1.1964,1.1966,70.20,17.60
2007.04.30 09:45:15.526,1.1965,1.1966,4.60,17.60
2007.04.30 09:45:15.856,1.1964,1.1966,72.80,18.40
2007.04.30 09:45:18.398,1.1965,1.1966,5.60,17.60
2007.04.30 09:45:23.157,1.1964,1.1966,72.80,18.40
2007.04.30 09:45:23.951,1.1964,1.1966,72.80,19.20
2007.04.30 09:45:24.164,1.1964,1.1966,72.00,22.40
2007.04.30 09:45:24.421,1.19635,1.1966,54.00,24.00
2007.04.30 09:45:24.682,1.19635,1.1966,50.80,24.00
2007.04.30 09:45:25.156,1.19635,1.1966,44.90,24.80
2007.04.30 09:45:25.358,1.1964,1.1965,1.00,12.80
2007.04.30 09:45:25.565,1.1964,1.1965,4.90,16.80
2007.04.30 09:45:25.816,1.1963,1.1965,67.10,16.80
2007.04.30 09:45:26.481,1.1963,1.1965,63.90,18.40
2007.04.30 09:45:26.698,1.1964,1.1965,4.50,19.70
2007.04.30 09:45:26.901,1.1964,1.1965,2.70,20.40
2007.04.30 09:45:27.416,1.1963,1.1965,63.90,20.50
2007.04.30 09:45:32.791,1.1963,1.1965,63.90,20.40
2007.04.30 09:45:32.998,1.1964,1.1965,1.00,18.80
2007.04.30 09:45:33.223,1.1963,1.1965,63.90,20.80
2007.04.30 09:45:37.399,1.19635,1.1965,16.80,12.80
2007.04.30 09:45:37.775,1.1964,1.1965,4.50,12.80
2007.04.30 09:45:37.976,1.1963,1.1965,59.90,12.00
2007.04.30 09:45:38.278,1.19625,1.1964,51.10,16.00
2007.04.30 09:45:38.628,1.1963,1.1964,5.20,16.80
2007.04.30 09:45:43.413,1.1963,1.1964,9.60,17.60
2007.04.30 09:45:46.656,1.1963,1.1964,9.60,21.60
2007.04.30 09:45:49.291,1.1963,1.1964,33.50,0.80
2007.04.30 09:45:49.497,1.1963,1.1965,33.50,29.60
2007.04.30 09:45:51.864,1.1963,1.19655,33.50,36.00
2007.04.30 09:45:52.057,1.1963,1.19655,34.30,34.40
2007.04.30 09:45:52.722,1.1964,1.19655,4.00,14.40
2007.04.30 09:45:53.017,1.1964,1.1965,19.90,0.70
2007.04.30 09:45:53.258,1.1964,1.1966,27.90,34.40
2007.04.30 09:45:53.677,1.1964,1.19665,27.90,32.80
2007.04.30 09:45:53.934,1.1964,1.19665,28.70,32.80
2007.04.30 09:46:02.921,1.1964,1.1966,39.10,0.50
2007.04.30 09:46:09.322,1.1964,1.19665,39.10,28.80
2007.04.30 09:46:09.566,1.1964,1.19665,39.10,29.60
2007.04.30 09:46:11.648,1.1964,1.1966,39.10,0.70
2007.04.30 09:46:11.978,1.1964,1.19665,39.10,29.60
2007.04.30 09:46:29.799,1.1964,1.1965,39.10,8.00
2007.04.30 09:46:30.023,1.1964,1.1965,13.60,16.80
2007.04.30 09:46:30.872,1.1964,1.1965,12.80,17.60
2007.04.30 09:46:31.741,1.1964,1.1965,12.80,18.40
2007.04.30 09:46:36.876,1.1964,1.1965,4.00,23.90
2007.04.30 09:46:37.135,1.1963,1.1965,38.30,24.80
2007.04.30 09:46:37.363,1.1964,1.1965,8.80,24.50
2007.04.30 09:46:37.900,1.1964,1.1965,8.80,23.70
2007.04.30 09:46:38.874,1.1964,1.1965,8.80,24.50
2007.04.30 09:46:40.143,1.1964,1.19655,8.80,26.10
2007.04.30 09:46:41.454,1.1964,1.1965,8.80,28.60
2007.04.30 09:46:41.665,1.1964,1.1965,4.80,55.20
2007.04.30 09:46:41.881,1.1963,1.1964,13.60,0.80
2007.04.30 09:46:42.132,1.1963,1.1965,8.80,71.50
2007.04.30 09:46:42.747,1.1963,1.1965,9.60,73.10
2007.04.30 09:46:49.185,1.1963,1.1965,9.60,73.90
2007.04.30 09:46:51.191,1.1963,1.1965,9.60,73.90
2007.04.30 09:46:51.815,1.1963,1.1964,8.80,0.80
2007.04.30 09:46:54.834,1.1963,1.1965,9.60,73.90
2007.04.30 09:46:59.360,1.1963,1.1965,9.60,73.90
2007.04.30 09:47:18.634,1.1963,1.1964,9.60,22.40
2007.04.30 09:47:20.415,1.1963,1.1965,9.60,73.10
2007.04.30 09:47:22.052,1.1963,1.1964,13.60,0.80
2007.04.30 09:47:22.384,1.1963,1.1965,13.60,56.40
2007.04.30 09:47:22.602,1.1963,1.1964,33.50,0.80
2007.04.30 09:47:23.008,1.1963,1.19655,33.50,36.70
2007.04.30 09:47:24.392,1.1963,1.1965,9.60,69.90
2007.04.30 09:47:25.652,1.1963,1.1965,9.60,74.70
2007.04.30 09:47:27.268,1.1963,1.1965,9.60,73.90
2007.04.30 09:47:28.914,1.1963,1.1965,9.60,74.70
2007.04.30 09:47:29.192,1.1963,1.1964,9.60,0.50
2007.04.30 09:47:29.699,1.1963,1.1965,9.60,73.10
2007.04.30 09:47:30.643,1.1963,1.1965,8.80,77.00
2007.04.30 09:47:36.352,1.1963,1.1965,8.80,77.80
2007.04.30 09:47:39.121,1.1963,1.1965,8.80,77.00
2007.04.30 09:47:39.996,1.1963,1.1964,8.80,0.90
2007.04.30 09:47:41.992,1.1963,1.1964,8.80,0.80
2007.04.30 09:47:45.975,1.1963,1.1964,8.80,0.90
2007.04.30 09:47:48.300,1.1963,1.1964,8.80,22.40
2007.04.30 09:47:50.224,1.1963,1.1964,8.80,23.20
2007.04.30 09:47:50.469,1.19625,1.1963,0.80,0.80
2007.04.30 09:47:51.618,1.19625,1.1963,2.10,0.80
2007.04.30 09:47:55.274,1.1963,1.1964,4.00,24.00
2007.04.30 09:47:55.505,1.1963,1.1964,8.80,21.60
2007.04.30 09:48:00.507,1.1963,1.1964,8.80,22.40
2007.04.30 09:48:00.727,1.1963,1.1964,8.80,21.60
2007.04.30 09:48:04.892,1.19625,1.1963,2.10,0.80
2007.04.30 09:48:05.148,1.19625,1.1963,1.30,0.80
2007.04.30 09:48:08.733,1.19625,1.1963,1.30,0.80
2007.04.30 09:48:11.570,1.19625,1.1964,2.10,26.80
2007.04.30 09:48:23.551,1.19625,1.1964,1.30,28.40
2007.04.30 09:48:23.882,1.19625,1.1964,1.30,29.00
2007.04.30 09:48:28.324,1.1963,1.1964,8.00,23.00
2007.04.30 09:48:28.534,1.19625,1.1963,1.30,0.90
2007.04.30 09:48:28.864,1.19625,1.1963,0.60,10.40
2007.04.30 09:48:29.424,1.19625,1.19635,0.60,18.40
2007.04.30 09:48:31.856,1.1962,1.19635,14.20,36.00
2007.04.30 09:48:34.179,1.1962,1.1963,0.80,0.90
2007.04.30 09:48:34.472,1.1962,1.1963,0.60,24.10
2007.04.30 09:48:34.696,1.1961,1.19625,46.00,5.40
2007.04.30 09:48:34.984,1.1961,1.1962,21.30,0.80
2007.04.30 09:48:35.243,1.1962,1.19625,0.70,0.00
2007.04.30 09:48:35.450,1.1961,1.1963,80.00,20.00
2007.04.30 09:48:35.670,1.1961,1.1963,80.00,17.60
2007.04.30 09:48:36.410,1.1962,1.1963,0.80,17.60
2007.04.30 09:48:37.167,1.1961,1.1963,87.40,20.80
2007.04.30 09:48:37.830,1.1961,1.1963,65.30,24.80
2007.04.30 09:48:38.105,1.19605,1.1963,72.80,24.80
2007.04.30 09:48:38.474,1.19605,1.1963,70.40,24.80
2007.04.30 09:48:38.738,1.19605,1.1963,61.60,24.80
2007.04.30 09:48:40.819,1.19605,1.1963,65.60,24.00
2007.04.30 09:48:41.820,1.1962,1.1963,0.50,20.00
2007.04.30 09:48:42.035,1.1961,1.1963,76.60,20.00
2007.04.30 09:49:00.413,1.19615,1.1963,18.40,12.00
2007.04.30 09:49:11.621,1.1962,1.1963,13.60,8.00
2007.04.30 09:49:15.559,1.1962,1.1963,17.60,8.00
2007.04.30 09:49:17.462,1.1962,1.1963,13.60,8.00
2007.04.30 09:49:17.678,1.1962,1.1963,17.60,8.00
2007.04.30 09:49:21.994,1.1962,1.1963,18.40,8.00
2007.04.30 09:49:22.892,1.1962,1.1963,17.60,8.00
2007.04.30 09:49:23.252,1.1962,1.1963,18.40,8.00
2007.04.30 09:49:23.652,1.1962,1.1963,19.20,8.00
2007.04.30 09:49:23.983,1.1962,1.1963,18.40,8.00
2007.04.30 09:49:24.649,1.1962,1.1963,18.10,8.00
2007.04.30 09:49:25.521,1.1962,1.1963,17.30,8.00
2007.04.30 09:49:26.307,1.1962,1.1963,18.10,8.00
2007.04.30 09:49:26.645,1.1962,1.1963,14.10,12.00
2007.04.30 09:49:26.981,1.1962,1.1963,10.40,20.00
2007.04.30 09:49:27.238,1.1962,1.1963,14.40,15.20
2007.04.30 09:49:27.464,1.1962,1.1963,18.40,12.80
2007.04.30 09:49:27.669,1.1962,1.1963,21.60,12.00
2007.04.30 09:49:27.927,1.1962,1.1963,21.60,8.00
2007.04.30 09:49:28.169,1.1962,1.1963,21.60,7.20
2007.04.30 09:49:28.411,1.1962,1.1964,41.50,22.40
2007.04.30 09:49:28.974,1.1962,1.1964,41.50,21.60
2007.04.30 09:49:29.212,1.1962,1.1964,41.50,22.40
2007.04.30 09:49:29.472,1.19625,1.1964,0.80,22.40
2007.04.30 09:49:30.277,1.1963,1.1964,4.00,18.40
2007.04.30 09:49:30.484,1.1963,1.1964,8.80,16.80
2007.04.30 09:49:30.811,1.1963,1.1964,12.80,8.80
2007.04.30 09:49:31.080,1.1963,1.1964,12.00,8.00
2007.04.30 09:49:31.598,1.1963,1.1965,40.70,23.50
2007.04.30 09:49:31.864,1.1963,1.1965,40.70,24.30
2007.04.30 09:49:35.895,1.1963,1.1965,40.70,23.50
2007.04.30 09:49:37.159,1.1963,1.1965,40.70,25.10
2007.04.30 09:49:38.824,1.1963,1.1965,41.50,25.10
2007.04.30 09:49:40.586,1.1963,1.1965,41.50,24.30
2007.04.30 09:49:45.576,1.1963,1.1965,38.30,25.60
2007.04.30 09:49:49.555,1.1963,1.1964,38.30,0.80
2007.04.30 09:49:50.183,1.1963,1.1964,16.80,0.80
2007.04.30 09:49:52.487,1.1963,1.1965,38.30,24.80
2007.04.30 09:49:53.808,1.1963,1.1965,38.30,25.60
2007.04.30 09:49:55.004,1.1963,1.1965,38.30,26.40
2007.04.30 09:49:55.808,1.1963,1.1965,38.30,25.60
2007.04.30 09:50:06.829,1.1963,1.1965,38.30,26.40
2007.04.30 09:50:07.487,1.1963,1.1965,38.30,25.60
2007.04.30 09:50:07.822,1.1963,1.1965,38.30,24.80
2007.04.30 09:50:08.128,1.1963,1.1965,38.30,24.00
2007.04.30 09:50:08.359,1.1964,1.1965,4.00,16.80
2007.04.30 09:50:08.643,1.1964,1.1965,4.00,16.00
2007.04.30 09:50:08.937,1.1964,1.1965,5.10,15.20
2007.04.30 09:50:09.155,1.1964,1.1965,6.40,15.20
2007.04.30 09:50:09.448,1.1964,1.1965,34.80,8.00
2007.04.30 09:50:09.789,1.1964,1.1965,40.00,6.40
2007.04.30 09:50:10.046,1.1964,1.1965,38.10,4.80
2007.04.30 09:50:10.256,1.1964,1.1965,38.10,6.40
2007.04.30 09:50:10.482,1.1964,1.1965,38.40,6.40
2007.04.30 09:50:10.725,1.1964,1.1965,38.80,6.40
2007.04.30 09:50:11.730,1.1964,1.1965,39.50,6.40
2007.04.30 09:50:12.470,1.1964,1.1965,38.80,6.40
2007.04.30 09:50:18.511,1.1964,1.1966,38.80,40.80
2007.04.30 09:50:26.762,1.1964,1.1965,38.80,0.80
2007.04.30 09:50:29.089,1.1964,1.1966,38.80,43.20
2007.04.30 09:50:30.412,1.1964,1.1966,42.80,41.60
2007.04.30 09:50:32.737,1.1964,1.1966,42.80,40.00
2007.04.30 09:50:37.719,1.1964,1.1966,42.30,36.80
2007.04.30 09:50:38.716,1.1964,1.1966,41.50,36.80
2007.04.30 09:50:38.978,1.1964,1.1966,41.50,38.40
2007.04.30 09:50:40.170,1.1964,1.1966,37.50,45.60
2007.04.30 09:50:41.828,1.1964,1.1965,38.30,0.70
2007.04.30 09:50:42.484,1.1964,1.1966,42.30,43.20
2007.04.30 09:50:42.855,1.1964,1.1965,41.50,0.60
2007.04.30 09:50:50.474,1.1964,1.1965,40.70,7.20
2007.04.30 09:50:51.467,1.1964,1.1965,36.70,11.20
2007.04.30 09:50:51.742,1.1964,1.1965,36.70,14.20
2007.04.30 09:50:53.125,1.1964,1.1965,37.50,14.20
2007.04.30 09:50:53.788,1.1964,1.1965,37.50,12.60
2007.04.30 09:50:54.787,1.1964,1.1965,36.70,12.60
2007.04.30 09:51:11.719,1.1964,1.1965,36.70,12.50
2007.04.30 09:51:11.957,1.1964,1.1965,37.50,12.50
2007.04.30 09:51:13.372,1.1964,1.1965,38.30,12.50
2007.04.30 09:51:17.172,1.1964,1.19655,38.30,14.10
2007.04.30 09:51:18.716,1.1964,1.19655,42.30,12.00
2007.04.30 09:51:18.924,1.1964,1.1966,42.30,47.20
2007.04.30 09:51:25.618,1.1964,1.1965,21.60,0.80
2007.04.30 09:51:25.828,1.1964,1.1966,16.80,55.90
2007.04.30 09:51:26.042,1.1964,1.1966,17.60,55.10
2007.04.30 09:51:26.262,1.1964,1.1966,21.60,51.10
2007.04.30 09:51:33.326,1.1964,1.1966,21.60,51.10
2007.04.30 09:51:33.862,1.1964,1.1966,26.90,0.80
2007.04.30 09:51:34.083,1.1964,1.1966,44.40,0.70
2007.04.30 09:51:38.314,1.1964,1.1966,43.60,0.90
2007.04.30 09:51:38.856,1.1965,1.19665,4.00,12.80
2007.04.30 09:51:39.637,1.1965,1.19665,8.00,13.60
2007.04.30 09:51:39.890,1.1965,1.1966,8.00,26.40
2007.04.30 09:51:40.227,1.1964,1.1966,30.00,51.10
2007.04.30 09:51:40.465,1.1964,1.1965,23.00,0.50
2007.04.30 09:51:40.736,1.1964,1.1966,22.50,52.70
2007.04.30 09:51:42.573,1.1964,1.1966,21.60,52.70
2007.04.30 09:51:47.943,1.1964,1.1965,17.60,12.80
2007.04.30 09:51:48.272,1.1964,1.1965,16.00,16.80
2007.04.30 09:51:48.592,1.1964,1.1965,16.80,16.80
2007.04.30 09:51:48.936,1.1964,1.1965,16.80,17.60
2007.04.30 09:51:49.273,1.1964,1.1965,18.40,13.60
2007.04.30 09:52:18.828,1.1964,1.1965,17.60,13.60
2007.04.30 09:52:19.158,1.1964,1.1965,18.40,13.60
2007.04.30 09:52:19.467,1.1964,1.1965,16.80,17.60
2007.04.30 09:52:27.134,1.1964,1.1965,17.60,17.60
2007.04.30 09:52:27.457,1.1964,1.1965,16.80,17.60
2007.04.30 09:52:29.788,1.1964,1.1965,16.00,17.60
2007.04.30 09:52:32.026,1.1964,1.1965,16.80,17.60
2007.04.30 09:52:39.741,1.1964,1.1965,16.00,17.60
2007.04.30 09:52:43.066,1.1964,1.1965,16.80,17.60
2007.04.30 09:52:43.659,1.1964,1.1965,17.60,17.60
2007.04.30 09:52:44.083,1.1964,1.1965,16.80,17.60
2007.04.30 09:52:46.718,1.1964,1.1965,17.60,17.60
2007.04.30 09:52:47.812,1.1964,1.1965,16.80,17.60
2007.04.30 09:52:53.496,1.1964,1.1965,20.80,13.60
2007.04.30 09:52:55.820,1.1964,1.1965,20.80,12.80
2007.04.30 09:52:56.150,1.1964,1.1965,21.60,12.80
2007.04.30 09:52:57.113,1.1964,1.1965,22.40,12.80
2007.04.30 09:52:57.388,1.1964,1.1965,21.60,12.80
2007.04.30 09:52:57.679,1.1964,1.1965,22.40,12.80
2007.04.30 09:52:58.078,1.1964,1.1965,21.60,12.80
2007.04.30 09:53:00.135,1.1964,1.1965,22.40,12.80
2007.04.30 09:53:02.740,1.19635,1.1965,23.20,12.80
2007.04.30 09:53:03.790,1.1964,1.1965,11.10,12.80
2007.04.30 09:53:04.098,1.19635,1.1965,23.20,12.80
2007.04.30 09:53:05.121,1.19635,1.1965,22.40,12.80
2007.04.30 09:53:05.778,1.1964,1.1965,5.00,12.80
2007.04.30 09:53:07.114,1.1964,1.1965,11.10,12.80
2007.04.30 09:53:08.676,1.1964,1.1965,6.70,12.80
2007.04.30 09:53:09.695,1.1964,1.1965,7.00,12.80
2007.04.30 09:53:09.982,1.1964,1.1965,3.00,12.80
2007.04.30 09:53:10.978,1.19635,1.1965,24.60,12.80
2007.04.30 09:53:11.551,1.1963,1.1965,64.80,13.60
2007.04.30 09:53:11.762,1.1963,1.1964,52.00,11.20
2007.04.30 09:53:11.994,1.1964,1.1965,2.20,35.60
2007.04.30 09:53:12.314,1.1963,1.1964,16.00,16.00
2007.04.30 09:53:12.523,1.19625,1.1964,4.80,11.20
2007.04.30 09:53:12.753,1.19625,1.1964,25.50,11.20
2007.04.30 09:53:12.982,1.19625,1.1965,41.50,24.50
2007.04.30 09:53:14.409,1.1963,1.1965,41.50,24.50
2007.04.30 09:53:16.736,1.19625,1.1965,41.50,24.50
2007.04.30 09:53:17.044,1.1963,1.1965,1.20,25.30
2007.04.30 09:53:17.322,1.19625,1.1965,42.30,25.30
2007.04.30 09:53:27.364,1.1963,1.1964,16.50,12.80
2007.04.30 09:53:27.627,1.1963,1.1964,1.20,12.80
2007.04.30 09:53:38.000,1.1963,1.1964,8.80,16.80
2007.04.30 09:53:38.319,1.19625,1.1963,0.80,12.00
2007.04.30 09:53:38.866,1.1962,1.1963,22.40,12.80
2007.04.30 09:53:39.089,1.1962,1.1963,14.40,12.80
2007.04.30 09:53:39.294,1.1962,1.1963,21.60,12.80
2007.04.30 09:53:39.654,1.1962,1.1963,22.40,12.80
2007.04.30 09:53:39.906,1.1962,1.1963,22.40,8.00
2007.04.30 09:53:40.415,1.1962,1.1964,42.30,24.80
2007.04.30 09:53:40.645,1.1962,1.1964,42.30,22.40
2007.04.30 09:53:40.923,1.1963,1.1964,16.80,14.40
2007.04.30 09:53:41.222,1.1963,1.1964,8.80,16.80
2007.04.30 09:53:41.436,1.1963,1.1964,0.80,20.80
2007.04.30 09:53:41.661,1.19625,1.1964,0.80,22.40
2007.04.30 09:53:44.963,1.19625,1.1964,0.80,27.20
2007.04.30 09:53:46.005,1.19625,1.1964,0.80,0.50
2007.04.30 09:53:46.957,1.1962,1.1965,36.70,101.00
2007.04.30 09:53:47.288,1.1962,1.1964,38.30,0.50
2007.04.30 09:53:51.215,1.1963,1.1964,8.00,0.80
2007.04.30 09:53:51.454,1.1963,1.1964,12.80,0.80
2007.04.30 09:53:52.072,1.1963,1.1965,12.80,69.20
2007.04.30 09:54:00.528,1.1963,1.1965,16.80,63.60
2007.04.30 09:54:01.256,1.1963,1.1964,20.80,0.80
2007.04.30 09:54:01.575,1.1963,1.1965,40.70,0.90
2007.04.30 09:54:15.570,1.1963,1.1965,36.70,0.60
2007.04.30 09:54:23.856,1.1964,1.19655,12.80,21.10
2007.04.30 09:54:24.194,1.1964,1.19655,12.80,20.90
2007.04.30 09:54:32.846,1.1964,1.19655,16.80,20.90
2007.04.30 09:54:33.515,1.1964,1.1965,16.80,0.90
2007.04.30 09:54:36.172,1.1964,1.1965,17.60,18.50
2007.04.30 09:54:38.111,1.1964,1.1965,16.80,18.50
2007.04.30 09:54:43.487,1.1964,1.19655,16.80,20.10
2007.04.30 09:54:49.914,1.1964,1.1965,16.80,18.70
2007.04.30 09:54:50.132,1.1964,1.1965,16.80,19.50
2007.04.30 09:54:50.406,1.1964,1.1965,17.60,19.50
2007.04.30 09:54:52.120,1.1964,1.1965,16.80,19.50
2007.04.30 09:54:58.442,1.1964,1.1965,16.80,19.30
2007.04.30 09:55:04.413,1.1964,1.1965,20.80,15.30
2007.04.30 09:55:04.715,1.1964,1.1965,20.80,14.50
2007.04.30 09:55:05.406,1.1964,1.1965,20.80,15.60
2007.04.30 09:55:06.403,1.1964,1.1965,16.80,19.30
2007.04.30 09:55:06.736,1.1964,1.1965,16.80,18.50
2007.04.30 09:55:07.399,1.1964,1.1965,20.80,13.70
2007.04.30 09:55:16.032,1.1964,1.1965,20.80,14.50
2007.04.30 09:55:21.971,1.1964,1.1965,12.80,18.50
2007.04.30 09:55:23.298,1.1964,1.1965,4.80,22.50
2007.04.30 09:55:23.539,1.1963,1.1965,44.70,24.40
2007.04.30 09:55:23.869,1.1963,1.1964,36.70,8.00
2007.04.30 09:55:24.119,1.1963,1.1964,12.00,8.00
2007.04.30 09:55:29.324,1.1963,1.1964,8.00,18.40
2007.04.30 09:55:29.612,1.1962,1.1964,42.30,22.40
2007.04.30 09:55:29.950,1.1962,1.1964,41.50,22.40
2007.04.30 09:55:37.963,1.1962,1.1964,40.70,22.40
2007.04.30 09:55:38.183,1.1962,1.1964,41.50,22.40
2007.04.30 09:55:39.624,1.1962,1.1964,41.50,23.20
2007.04.30 09:55:39.922,1.1962,1.1964,42.30,23.20
2007.04.30 09:55:40.124,1.1962,1.1964,40.70,23.20
2007.04.30 09:55:40.618,1.1962,1.1964,41.50,23.20
2007.04.30 09:55:40.950,1.1962,1.1964,40.70,23.20
2007.04.30 09:55:41.224,1.1962,1.1964,41.50,23.20
2007.04.30 09:55:43.606,1.1962,1.1964,42.30,23.20
2007.04.30 09:55:43.941,1.1962,1.1964,41.50,23.20
2007.04.30 09:55:47.587,1.19625,1.1964,0.80,23.20
2007.04.30 09:55:49.234,1.1962,1.1964,40.70,23.20
2007.04.30 09:55:49.703,1.1962,1.1964,15.10,23.20
2007.04.30 09:55:51.372,1.19615,1.1964,46.30,23.20
2007.04.30 09:55:59.216,1.1962,1.1964,18.00,26.40
2007.04.30 09:56:01.685,1.19615,1.1964,43.10,26.40
2007.04.30 09:56:01.931,1.19615,1.1964,42.30,26.40
2007.04.30 09:56:05.917,1.19615,1.1964,43.10,26.40
2007.04.30 09:56:06.205,1.1962,1.1964,8.10,26.40
2007.04.30 09:56:22.263,1.1962,1.1964,36.70,26.40
2007.04.30 09:56:23.605,1.1962,1.1964,38.30,26.40
2007.04.30 09:56:26.531,1.1962,1.1964,36.70,26.40
2007.04.30 09:56:27.130,1.1962,1.1964,38.30,26.40
2007.04.30 09:56:39.213,1.1962,1.1964,36.70,26.40
2007.04.30 09:56:41.992,1.1962,1.19645,36.70,30.40
2007.04.30 09:56:45.853,1.1962,1.19645,37.50,30.40
2007.04.30 09:57:00.122,1.1962,1.19645,36.70,30.40
2007.04.30 09:57:05.105,1.1962,1.19645,37.50,30.40
2007.04.30 09:57:07.791,1.1962,1.19645,36.70,30.40
2007.04.30 09:57:10.016,1.1962,1.1964,36.70,27.20
2007.04.30 09:57:16.436,1.1962,1.1964,36.70,26.40
2007.04.30 09:57:17.895,1.1962,1.19635,37.50,0.80
2007.04.30 09:57:18.778,1.1962,1.19635,36.70,0.80
2007.04.30 09:57:19.108,1.1962,1.19635,37.50,0.80
2007.04.30 09:57:20.044,1.1962,1.19635,36.70,0.80
2007.04.30 09:57:20.351,1.1962,1.1963,33.50,12.00
2007.04.30 09:57:20.569,1.1962,1.1963,13.60,12.80
2007.04.30 09:57:22.429,1.1962,1.1963,14.40,12.80
2007.04.30 09:57:25.749,1.1962,1.1963,14.40,8.80
2007.04.30 09:57:32.220,1.19615,1.1963,15.20,8.80
2007.04.30 09:57:33.048,1.1962,1.1963,4.90,8.80
2007.04.30 09:57:38.834,1.1962,1.1963,3.50,9.60
2007.04.30 09:57:39.080,1.1961,1.1962,21.60,8.80
2007.04.30 09:57:39.337,1.19605,1.1962,24.80,0.80
2007.04.30 09:57:39.551,1.1961,1.1963,7.70,23.20
2007.04.30 09:57:40.941,1.1961,1.1963,15.30,19.20
2007.04.30 09:57:42.298,1.1961,1.1963,46.90,19.20
2007.04.30 09:57:45.235,1.19605,1.1963,48.50,19.20
2007.04.30 09:57:49.270,1.1961,1.1963,1.00,21.60
2007.04.30 09:57:57.301,1.19605,1.1963,44.70,25.60
2007.04.30 09:57:57.512,1.19605,1.1962,40.70,8.00
2007.04.30 09:57:57.752,1.1961,1.1962,5.60,8.80
2007.04.30 09:57:57.966,1.19605,1.1962,16.80,8.80
2007.04.30 09:58:02.944,1.1961,1.1962,20.80,0.80
2007.04.30 09:58:03.245,1.1961,1.1963,43.60,21.60
2007.04.30 09:58:05.268,1.1961,1.1963,42.80,21.60
2007.04.30 09:58:05.845,1.1961,1.1963,41.20,21.60
2007.04.30 09:58:06.124,1.1961,1.1963,43.60,21.60
2007.04.30 09:58:06.411,1.1961,1.1963,41.20,21.60
2007.04.30 09:58:09.490,1.1961,1.1963,43.60,21.60
2007.04.30 09:58:10.129,1.1961,1.1963,41.20,21.60
2007.04.30 09:58:11.914,1.1961,1.1962,13.60,8.80
2007.04.30 09:58:12.576,1.1961,1.1962,12.80,8.80
2007.04.30 09:58:12.803,1.1961,1.1962,12.80,10.40
2007.04.30 09:58:13.047,1.1961,1.1962,12.80,11.20
2007.04.30 09:58:15.528,1.1961,1.1962,4.40,11.20
2007.04.30 09:58:25.208,1.1961,1.1962,2.30,11.20
2007.04.30 09:58:32.852,1.196,1.1962,96.40,10.40
2007.04.30 09:58:33.089,1.1961,1.1962,2.10,11.20
2007.04.30 09:58:33.327,1.1961,1.1962,3.70,11.20
2007.04.30 09:58:34.056,1.1961,1.1962,8.40,11.20
2007.04.30 09:58:35.496,1.1961,1.1962,4.00,11.20
2007.04.30 09:58:36.160,1.196,1.1962,89.20,12.00
2007.04.30 09:58:36.491,1.1961,1.1962,2.10,16.00
2007.04.30 09:58:37.490,1.196,1.1962,90.90,12.00
2007.04.30 09:58:38.154,1.196,1.1962,90.10,15.20
2007.04.30 09:58:45.456,1.1962,1.19625,1.60,1.60
2007.04.30 09:58:45.672,1.1962,1.1963,1.60,49.50
2007.04.30 09:58:45.927,1.1961,1.1962,24.80,12.80
2007.04.30 09:58:46.198,1.1961,1.1962,22.40,13.60
2007.04.30 09:58:46.456,1.1961,1.1962,24.00,13.60
2007.04.30 09:58:47.061,1.1961,1.1962,23.20,13.60
2007.04.30 09:58:47.669,1.1961,1.1962,22.40,13.60
2007.04.30 09:58:48.001,1.1961,1.1962,24.80,13.60
2007.04.30 09:58:48.447,1.1961,1.1962,24.00,13.60
2007.04.30 09:58:48.999,1.1961,1.1962,24.80,13.60
2007.04.30 09:58:49.719,1.1961,1.1962,22.40,13.60
2007.04.30 09:58:50.864,1.1961,1.1962,22.40,12.80
2007.04.30 09:58:51.766,1.1961,1.1962,22.40,13.60
2007.04.30 09:58:55.365,1.1961,1.1962,18.40,18.40
2007.04.30 09:58:55.756,1.1961,1.1962,18.40,17.60
2007.04.30 09:58:57.082,1.1961,1.1962,16.80,17.60
2007.04.30 09:58:57.342,1.1961,1.1962,18.40,17.60
2007.04.30 09:58:57.747,1.1961,1.1962,17.60,17.60
2007.04.30 09:58:57.956,1.1961,1.1962,17.60,18.40
2007.04.30 09:58:58.265,1.1961,1.1962,17.60,17.60
2007.04.30 09:58:59.742,1.1961,1.1962,18.40,16.80
2007.04.30 09:59:00.423,1.1961,1.1962,22.40,12.80
2007.04.30 09:59:01.343,1.1961,1.1962,20.80,12.80
2007.04.30 09:59:01.757,1.1961,1.1962,16.00,12.80
2007.04.30 09:59:03.664,1.1961,1.1962,16.00,14.40
2007.04.30 09:59:04.738,1.1961,1.1962,12.00,14.40
2007.04.30 09:59:04.988,1.196,1.1961,30.70,12.80
2007.04.30 09:59:05.197,1.196,1.1961,20.60,12.80
2007.04.30 09:59:05.410,1.196,1.1961,20.20,12.80
2007.04.30 09:59:05.912,1.196,1.1961,17.60,12.80
2007.04.30 09:59:07.337,1.196,1.1961,20.00,12.80
2007.04.30 09:59:08.232,1.19595,1.1961,20.80,12.80
2007.04.30 09:59:09.725,1.196,1.1961,16.80,12.80
2007.04.30 09:59:11.584,1.196,1.1961,17.00,12.80
2007.04.30 09:59:12.986,1.196,1.1961,16.80,12.80
2007.04.30 09:59:13.373,1.196,1.1961,16.80,14.00
2007.04.30 09:59:13.603,1.196,1.19605,16.80,0.80
2007.04.30 09:59:16.030,1.196,1.1961,16.80,11.30
2007.04.30 09:59:16.608,1.196,1.1961,16.80,10.40
2007.04.30 09:59:16.917,1.196,1.1961,16.80,8.80
2007.04.30 09:59:17.695,1.196,1.1961,19.20,8.80
2007.04.30 09:59:17.926,1.196,1.1961,19.40,8.80
2007.04.30 09:59:22.702,1.196,1.1961,16.80,8.80
2007.04.30 09:59:26.327,1.196,1.1961,12.80,12.80
2007.04.30 09:59:26.532,1.196,1.1961,16.80,8.80
2007.04.30 09:59:27.271,1.196,1.1961,4.80,16.80
2007.04.30 09:59:28.283,1.196,1.1962,4.80,72.70
2007.04.30 09:59:30.344,1.196,1.1961,4.80,0.60
2007.04.30 09:59:31.544,1.1959,1.1961,50.30,0.90
2007.04.30 09:59:31.926,1.1959,1.19615,43.90,24.80
2007.04.30 09:59:33.142,1.1959,1.1961,43.90,21.60
2007.04.30 09:59:33.357,1.196,1.1961,4.00,23.20
2007.04.30 09:59:34.005,1.196,1.1961,4.80,25.50
2007.04.30 09:59:34.909,1.1959,1.1961,61.50,21.30
2007.04.30 09:59:35.160,1.1959,1.1961,56.70,21.30
2007.04.30 09:59:39.332,1.1959,1.19605,36.70,9.60
2007.04.30 09:59:39.582,1.1959,1.19605,32.70,9.60
2007.04.30 09:59:47.633,1.1959,1.19605,32.70,13.60
2007.04.30 09:59:53.346,1.1959,1.19605,28.70,17.60
