2014.08.01 07:00:01.305,1.02958,1.0296,1.00,2.44
2014.08.01 07:00:01.823,1.02957,1.0296,5.44,1.69
2014.08.01 07:00:02.340,1.02958,1.0296,1.00,1.69
2014.08.01 07:00:04.219,1.02959,1.02961,1.00,2.25
2014.08.01 07:00:04.270,1.0296,1.02961,1.00,1.00
2014.08.01 07:00:04.675,1.02962,1.02964,1.50,1.69
2014.08.01 07:00:05.680,1.02962,1.02964,1.69,1.25
2014.08.01 07:00:12.522,1.02963,1.02965,1.00,1.69
2014.08.01 07:00:13.026,1.02963,1.02965,1.25,1.69
2014.08.01 07:00:14.692,1.02963,1.02965,1.50,1.19
2014.08.01 07:00:15.621,1.02962,1.02965,5.44,1.69
2014.08.01 07:00:16.299,1.02963,1.02965,1.00,1.69
2014.08.01 07:00:18.378,1.02962,1.02965,3.94,3.19
2014.08.01 07:00:18.836,1.02964,1.02967,1.00,7.69
2014.08.01 07:00:19.189,1.02967,1.02968,1.00,1.13
2014.08.01 07:00:19.694,1.02967,1.02969,1.00,1.69
2014.08.01 07:00:20.921,1.02967,1.02969,1.50,2.44
2014.08.01 07:00:22.476,1.02967,1.02969,1.00,2.44
2014.08.01 07:00:22.578,1.02968,1.0297,1.50,1.00
2014.08.01 07:00:23.082,1.02968,1.0297,1.50,2.44
2014.08.01 07:00:23.587,1.02968,1.0297,1.50,1.69
2014.08.01 07:00:24.269,1.02967,1.02969,2.44,1.00
2014.08.01 07:00:24.773,1.02967,1.02969,1.50,1.69
2014.08.01 07:00:25.580,1.02967,1.02969,1.69,1.25
2014.08.01 07:00:26.783,1.02968,1.02971,2.69,3.00
2014.08.01 07:00:26.934,1.02971,1.02972,1.50,1.50
2014.08.01 07:00:27.036,1.02973,1.02975,1.00,1.69
2014.08.01 07:00:27.541,1.02973,1.02975,1.00,2.44
2014.08.01 07:00:28.981,1.02972,1.02974,2.44,1.25
2014.08.01 07:00:29.792,1.02971,1.02973,3.00,1.50
2014.08.01 07:00:29.945,1.02969,1.02971,1.50,3.00
2014.08.01 07:00:30.199,1.02967,1.02969,2.44,1.25
2014.08.01 07:00:31.174,1.02968,1.02971,1.00,2.25
2014.08.01 07:00:31.679,1.0297,1.02973,1.50,6.94
2014.08.01 07:00:31.730,1.02971,1.02973,1.00,4.50
2014.08.01 07:00:31.831,1.02972,1.02974,1.69,1.25
2014.08.01 07:00:32.286,1.02971,1.02972,1.00,1.69
2014.08.01 07:00:32.488,1.02969,1.02972,2.25,3.94
2014.08.01 07:00:32.992,1.02969,1.02972,5.44,1.69
2014.08.01 07:00:33.510,1.0297,1.02972,1.50,1.69
2014.08.01 07:00:35.882,1.0297,1.02971,1.69,1.00
2014.08.01 07:00:36.135,1.02968,1.0297,1.25,1.69
2014.08.01 07:00:36.236,1.02969,1.02971,1.00,1.25
2014.08.01 07:00:37.196,1.0297,1.02972,1.00,1.69
2014.08.01 07:00:39.312,1.02971,1.02973,1.00,1.00
2014.08.01 07:00:39.363,1.02972,1.02974,1.00,3.00
2014.08.01 07:00:39.869,1.02971,1.02974,3.94,1.69
2014.08.01 07:00:41.931,1.02972,1.02974,1.25,1.00
2014.08.01 07:00:42.437,1.02973,1.02975,1.25,1.00
2014.08.01 07:00:42.740,1.02975,1.02976,1.50,1.50
2014.08.01 07:00:44.101,1.02975,1.02977,1.00,3.19
2014.08.01 07:00:44.606,1.02975,1.02976,1.00,1.00
2014.08.01 07:00:46.458,1.02975,1.02978,1.00,3.19
2014.08.01 07:00:46.610,1.02975,1.02977,1.69,1.00
2014.08.01 07:00:46.712,1.02976,1.02978,2.50,1.25
2014.08.01 07:00:46.813,1.02977,1.0298,2.69,2.25
2014.08.01 07:00:47.369,1.02979,1.02981,1.00,8.44
2014.08.01 07:00:49.976,1.02977,1.0298,4.69,3.19
2014.08.01 07:00:52.076,1.02977,1.0298,2.44,1.50
2014.08.01 07:00:52.582,1.02977,1.0298,4.69,1.69
2014.08.01 07:00:53.338,1.02979,1.02981,1.00,6.00
2014.08.01 07:00:53.843,1.02977,1.0298,4.69,1.69
2014.08.01 07:00:54.801,1.02977,1.0298,3.19,3.19
2014.08.01 07:00:55.331,1.02978,1.0298,1.00,3.19
2014.08.01 07:00:55.861,1.02978,1.0298,1.25,1.25
2014.08.01 07:00:56.802,1.02977,1.0298,3.19,1.25
2014.08.01 07:00:57.107,1.02978,1.0298,2.44,1.00
2014.08.01 07:00:57.612,1.02978,1.0298,2.44,1.00
2014.08.01 07:01:00.223,1.02978,1.0298,3.94,1.00
2014.08.01 07:01:01.132,1.02978,1.0298,3.19,1.00
2014.08.01 07:01:02.134,1.02978,1.0298,3.94,1.00
2014.08.01 07:01:02.659,1.02978,1.0298,1.00,1.00
2014.08.01 07:01:03.750,1.02977,1.0298,3.94,3.19
2014.08.01 07:01:04.262,1.02977,1.02979,2.44,1.00
2014.08.01 07:01:04.934,1.02976,1.02979,4.69,1.50
2014.08.01 07:01:10.077,1.02978,1.02981,3.19,4.69
2014.08.01 07:01:11.102,1.02979,1.02981,1.00,2.44
2014.08.01 07:01:12.074,1.02979,1.02981,1.25,2.44
2014.08.01 07:01:13.002,1.0298,1.02982,1.00,1.00
2014.08.01 07:01:13.507,1.02979,1.02981,4.69,1.00
2014.08.01 07:01:14.522,1.02979,1.02981,1.25,1.69
2014.08.01 07:01:15.030,1.02978,1.0298,3.19,1.00
2014.08.01 07:01:15.534,1.02977,1.0298,6.19,1.69
2014.08.01 07:01:20.137,1.02979,1.0298,1.00,1.25
2014.08.01 07:01:21.528,1.02978,1.0298,1.25,1.25
2014.08.01 07:01:23.318,1.02977,1.0298,3.19,1.69
2014.08.01 07:01:23.848,1.02978,1.0298,1.00,3.19
2014.08.01 07:01:24.352,1.02978,1.0298,1.25,1.69
2014.08.01 07:01:24.857,1.02979,1.0298,1.00,1.25
2014.08.01 07:01:27.043,1.02978,1.02981,1.69,6.19
2014.08.01 07:01:28.592,1.02979,1.0298,1.00,1.25
2014.08.01 07:01:28.895,1.0298,1.02982,3.44,1.69
2014.08.01 07:01:29.403,1.02979,1.02981,2.44,1.25
2014.08.01 07:01:29.907,1.0298,1.02982,1.00,2.44
2014.08.01 07:01:30.431,1.02979,1.0298,2.25,1.25
2014.08.01 07:01:30.937,1.02979,1.02981,1.25,1.25
2014.08.01 07:01:31.443,1.02979,1.02981,2.69,1.25
2014.08.01 07:01:31.695,1.02978,1.02981,3.19,1.25
2014.08.01 07:01:32.206,1.02978,1.02981,4.69,1.69
2014.08.01 07:01:32.711,1.02978,1.02981,3.19,1.00
2014.08.01 07:01:33.217,1.02978,1.02981,4.69,2.44
2014.08.01 07:01:33.823,1.02979,1.02982,2.69,4.69
2014.08.01 07:01:34.586,1.02979,1.02982,1.69,5.44
2014.08.01 07:01:35.645,1.02979,1.02982,4.69,3.19
2014.08.01 07:01:36.334,1.02981,1.02982,1.00,2.44
2014.08.01 07:01:36.845,1.0298,1.02982,1.69,2.44
2014.08.01 07:01:37.720,1.02981,1.02983,1.00,2.25
2014.08.01 07:01:38.076,1.0298,1.02982,2.44,1.25
2014.08.01 07:01:38.632,1.02981,1.02983,1.50,3.19
2014.08.01 07:01:39.137,1.0298,1.02982,1.00,3.19
2014.08.01 07:01:41.137,1.0298,1.02982,1.00,3.75
2014.08.01 07:01:41.642,1.0298,1.02981,1.00,1.25
2014.08.01 07:01:41.693,1.02978,1.0298,3.19,1.25
2014.08.01 07:01:41.845,1.02979,1.02982,2.50,1.00
2014.08.01 07:01:42.717,1.02979,1.02982,1.50,3.94
2014.08.01 07:01:44.982,1.0298,1.02981,1.00,1.25
2014.08.01 07:01:45.487,1.02979,1.02982,3.19,3.19
2014.08.01 07:01:46.698,1.02979,1.02981,1.50,2.44
2014.08.01 07:01:47.202,1.02978,1.02981,1.69,4.69
2014.08.01 07:01:49.963,1.02979,1.02981,1.00,3.00
2014.08.01 07:01:50.065,1.02979,1.02982,1.00,3.19
2014.08.01 07:01:50.570,1.0298,1.02981,1.00,1.25
2014.08.01 07:01:52.055,1.0298,1.02982,1.25,1.69
2014.08.01 07:01:52.512,1.02981,1.02984,1.50,2.25
2014.08.01 07:01:52.563,1.0298,1.02982,2.25,2.44
2014.08.01 07:01:52.967,1.02982,1.02983,1.00,1.00
2014.08.01 07:01:53.119,1.0298,1.02982,2.44,1.25
2014.08.01 07:01:53.977,1.0298,1.02983,3.94,1.69
2014.08.01 07:01:54.943,1.0298,1.02982,1.69,1.25
2014.08.01 07:01:55.872,1.02979,1.02982,3.94,4.69
2014.08.01 07:01:56.852,1.02979,1.02982,4.69,3.19
2014.08.01 07:01:57.951,1.0298,1.02983,1.00,2.25
2014.08.01 07:01:58.456,1.0298,1.02983,4.69,3.19
2014.08.01 07:01:58.961,1.02979,1.02982,5.44,1.69
2014.08.01 07:01:59.163,1.02982,1.02984,1.00,1.50
2014.08.01 07:01:59.416,1.02983,1.02985,1.25,1.25
2014.08.01 07:01:59.921,1.02982,1.02984,2.44,1.25
2014.08.01 07:02:00.678,1.02982,1.02984,1.50,3.19
2014.08.01 07:02:01.384,1.02981,1.02982,1.00,1.00
2014.08.01 07:02:01.485,1.02979,1.02982,3.19,1.25
2014.08.01 07:02:01.536,1.02979,1.02983,3.44,3.94
2014.08.01 07:02:02.041,1.0298,1.02984,5.44,5.44
2014.08.01 07:02:02.708,1.0298,1.02982,1.25,1.25
2014.08.01 07:02:03.218,1.0298,1.02984,6.94,5.44
2014.08.01 07:02:06.536,1.02982,1.02984,1.00,3.94
2014.08.01 07:02:07.040,1.02982,1.02984,1.25,1.25
2014.08.01 07:02:08.415,1.02982,1.02983,1.00,1.25
2014.08.01 07:02:08.667,1.0298,1.02982,2.44,1.69
2014.08.01 07:02:09.172,1.02982,1.02983,1.00,1.25
2014.08.01 07:02:10.483,1.02981,1.02984,2.44,4.69
2014.08.01 07:02:10.989,1.02981,1.02984,3.94,3.19
2014.08.01 07:02:16.662,1.02983,1.02985,1.00,3.94
2014.08.01 07:02:17.167,1.02983,1.02985,1.25,1.69
2014.08.01 07:02:19.011,1.02983,1.02984,1.25,1.00
2014.08.01 07:02:19.533,1.02983,1.02985,1.69,1.25
2014.08.01 07:02:27.542,1.02984,1.02985,1.00,1.69
2014.08.01 07:02:27.693,1.02984,1.02987,1.69,3.19
2014.08.01 07:02:28.299,1.02985,1.02987,1.00,2.44
2014.08.01 07:02:29.005,1.02984,1.02987,2.44,2.44
2014.08.01 07:02:30.333,1.02985,1.02987,1.00,1.69
2014.08.01 07:02:33.411,1.02986,1.02987,1.00,1.69
2014.08.01 07:02:34.813,1.02986,1.02988,1.69,2.44
2014.08.01 07:02:35.834,1.02986,1.02989,3.94,2.44
2014.08.01 07:02:43.590,1.02988,1.0299,1.00,4.69
2014.08.01 07:02:44.116,1.02987,1.0299,4.69,3.19
2014.08.01 07:02:46.165,1.02989,1.02991,1.00,1.69
2014.08.01 07:02:46.368,1.02988,1.0299,1.25,2.44
2014.08.01 07:02:49.575,1.02989,1.0299,1.00,2.44
2014.08.01 07:02:50.084,1.02988,1.02989,1.25,1.00
2014.08.01 07:02:51.368,1.02989,1.0299,1.00,3.00
2014.08.01 07:02:51.917,1.02989,1.0299,1.00,1.69
2014.08.01 07:02:52.185,1.02989,1.02992,1.00,1.69
2014.08.01 07:02:52.286,1.02989,1.0299,1.25,1.00
2014.08.01 07:02:52.803,1.02988,1.0299,1.69,1.69
2014.08.01 07:02:56.528,1.02987,1.0299,3.19,1.50
2014.08.01 07:02:57.050,1.02987,1.0299,5.44,2.44
2014.08.01 07:02:57.927,1.02989,1.02991,1.00,3.94
2014.08.01 07:02:59.462,1.02988,1.0299,2.44,1.25
2014.08.01 07:03:06.592,1.02987,1.0299,3.94,3.94
2014.08.01 07:03:07.054,1.02988,1.0299,1.00,3.75
2014.08.01 07:03:07.562,1.02989,1.0299,1.00,2.44
2014.08.01 07:03:08.693,1.02988,1.0299,1.25,2.44
2014.08.01 07:03:09.615,1.02988,1.0299,1.00,3.94
2014.08.01 07:03:10.129,1.02987,1.0299,3.94,3.94
2014.08.01 07:03:12.669,1.02987,1.02989,2.44,1.25
2014.08.01 07:03:13.173,1.02988,1.02991,1.00,3.75
2014.08.01 07:03:13.681,1.02989,1.0299,1.00,2.44
2014.08.01 07:03:15.716,1.02987,1.0299,5.44,2.44
2014.08.01 07:03:16.726,1.02989,1.0299,1.00,2.44
2014.08.01 07:03:17.380,1.02989,1.02991,1.25,1.69
2014.08.01 07:03:17.894,1.02989,1.0299,1.25,1.00
2014.08.01 07:03:23.351,1.02988,1.0299,1.69,3.19
2014.08.01 07:03:28.412,1.02989,1.02991,1.00,3.94
2014.08.01 07:03:28.932,1.02988,1.02991,3.94,3.94
2014.08.01 07:03:33.711,1.0299,1.02991,1.00,1.25
2014.08.01 07:03:34.216,1.02989,1.02992,1.69,3.94
2014.08.01 07:03:36.728,1.02988,1.02991,2.44,3.94
2014.08.01 07:03:38.705,1.02988,1.02991,3.94,2.44
2014.08.01 07:03:39.713,1.02988,1.02991,3.19,1.69
2014.08.01 07:03:41.720,1.02988,1.02991,3.19,3.19
2014.08.01 07:03:42.737,1.02988,1.02991,1.25,2.44
2014.08.01 07:03:43.248,1.02988,1.02991,3.19,3.19
2014.08.01 07:03:44.458,1.0299,1.02993,1.69,10.69
2014.08.01 07:03:45.063,1.02989,1.02992,1.50,1.69
2014.08.01 07:03:45.581,1.02989,1.02991,1.69,1.25
2014.08.01 07:03:47.320,1.02988,1.0299,2.44,1.25
2014.08.01 07:03:50.326,1.02987,1.0299,3.19,3.94
2014.08.01 07:03:51.905,1.02987,1.0299,2.44,1.69
2014.08.01 07:03:52.413,1.02987,1.0299,4.69,2.44
2014.08.01 07:03:54.324,1.02987,1.0299,4.69,2.44
2014.08.01 07:03:56.360,1.02987,1.0299,4.69,2.44
2014.08.01 07:03:57.173,1.02987,1.0299,1.69,2.44
2014.08.01 07:03:57.680,1.02987,1.02989,1.25,1.69
2014.08.01 07:04:04.368,1.02986,1.02989,3.19,3.94
2014.08.01 07:04:06.382,1.02986,1.02989,4.69,2.44
2014.08.01 07:04:09.400,1.02986,1.02989,3.19,3.94
2014.08.01 07:04:10.276,1.02987,1.02989,1.00,3.94
2014.08.01 07:04:10.888,1.02986,1.02989,4.69,2.44
2014.08.01 07:04:12.678,1.02986,1.02988,3.94,1.00
2014.08.01 07:04:13.412,1.02986,1.02988,1.25,1.69
2014.08.01 07:04:14.021,1.02987,1.02988,1.00,1.25
2014.08.01 07:04:14.528,1.02986,1.02989,3.19,3.19
2014.08.01 07:04:17.715,1.02986,1.02988,2.44,1.00
2014.08.01 07:04:18.444,1.02986,1.02988,1.25,1.25
2014.08.01 07:04:30.477,1.02986,1.02988,3.19,1.00
2014.08.01 07:04:30.984,1.02986,1.02989,3.19,3.94
2014.08.01 07:04:36.492,1.02986,1.02989,1.69,5.44
2014.08.01 07:04:40.004,1.02987,1.02988,1.00,1.25
2014.08.01 07:04:40.559,1.02987,1.02989,1.25,1.69
2014.08.01 07:04:47.538,1.02986,1.02989,2.44,3.94
2014.08.01 07:04:54.820,1.02985,1.02987,3.00,1.00
2014.08.01 07:04:55.578,1.02985,1.02986,1.69,1.00
2014.08.01 07:04:56.503,1.02984,1.02986,3.19,1.00
2014.08.01 07:04:57.016,1.02984,1.02986,1.00,1.00
2014.08.01 07:04:57.778,1.02983,1.02986,3.19,1.25
2014.08.01 07:04:59.718,1.02984,1.02986,1.25,1.25
2014.08.01 07:05:09.681,1.02984,1.02987,2.44,5.44
2014.08.01 07:05:15.717,1.02984,1.02987,2.44,5.44
2014.08.01 07:05:17.624,1.02983,1.02985,5.44,1.00
2014.08.01 07:05:18.129,1.02983,1.02986,2.44,3.19
2014.08.01 07:05:18.434,1.02983,1.02984,1.50,1.00
2014.08.01 07:05:18.723,1.0298,1.02982,6.75,1.00
2014.08.01 07:05:19.238,1.0298,1.02983,1.69,3.94
2014.08.01 07:05:19.442,1.02979,1.02981,1.50,1.25
2014.08.01 07:05:19.847,1.02976,1.02979,4.50,3.94
2014.08.01 07:05:19.897,1.02976,1.02978,2.25,1.69
2014.08.01 07:05:20.402,1.02975,1.02977,2.44,3.19
2014.08.01 07:05:21.029,1.02974,1.02976,2.44,1.25
2014.08.01 07:05:21.536,1.02975,1.02977,1.25,1.69
2014.08.01 07:05:22.773,1.02976,1.02977,1.00,3.19
2014.08.01 07:05:23.335,1.02977,1.02978,1.00,3.00
2014.08.01 07:05:23.538,1.02978,1.0298,3.00,1.69
2014.08.01 07:05:23.589,1.02979,1.0298,1.50,1.25
2014.08.01 07:05:24.398,1.02978,1.02981,2.25,3.94
2014.08.01 07:05:24.925,1.02979,1.02981,1.25,3.19
2014.08.01 07:05:25.550,1.02978,1.02981,1.69,5.44
2014.08.01 07:05:42.651,1.02977,1.02979,1.69,1.25
2014.08.01 07:05:43.660,1.02977,1.0298,4.69,3.94
2014.08.01 07:05:44.647,1.02977,1.0298,3.19,3.94
2014.08.01 07:05:48.691,1.02977,1.0298,3.19,3.94
2014.08.01 07:05:49.558,1.02977,1.02979,1.00,2.44
2014.08.01 07:05:50.062,1.02976,1.02978,1.69,1.25
2014.08.01 07:05:52.581,1.02976,1.02978,3.19,1.00
2014.08.01 07:05:53.570,1.02976,1.02978,1.69,1.25
2014.08.01 07:05:56.459,1.02977,1.02979,1.50,3.75
2014.08.01 07:05:56.611,1.02978,1.0298,4.69,1.00
2014.08.01 07:05:56.712,1.02977,1.02978,1.50,1.00
2014.08.01 07:05:57.217,1.02976,1.02979,2.44,5.44
2014.08.01 07:05:57.990,1.02976,1.02977,2.44,1.00
2014.08.01 07:05:58.495,1.02975,1.02977,2.44,1.25
2014.08.01 07:05:59.035,1.02975,1.02977,1.00,3.94
2014.08.01 07:06:00.573,1.02974,1.02976,1.25,1.25
2014.08.01 07:06:01.078,1.02973,1.02975,2.44,1.25
2014.08.01 07:06:03.302,1.02972,1.02973,1.25,1.00
2014.08.01 07:06:03.837,1.0297,1.02973,3.19,3.94
2014.08.01 07:06:04.544,1.0297,1.02972,1.25,1.25
2014.08.01 07:06:08.030,1.02969,1.0297,1.69,1.00
2014.08.01 07:06:08.636,1.02968,1.0297,1.00,2.44
2014.08.01 07:06:09.140,1.02966,1.02967,1.25,1.00
2014.08.01 07:06:09.645,1.02966,1.02968,1.69,1.69
2014.08.01 07:06:10.457,1.02966,1.02968,3.94,1.50
2014.08.01 07:06:11.578,1.02966,1.02968,1.69,1.00
2014.08.01 07:06:12.086,1.02966,1.02968,3.19,1.00
2014.08.01 07:06:12.396,1.02966,1.02968,2.44,1.00
2014.08.01 07:06:12.448,1.02968,1.02971,4.94,6.19
2014.08.01 07:06:12.954,1.02969,1.0297,2.44,1.00
2014.08.01 07:06:15.892,1.0297,1.02971,1.00,1.25
2014.08.01 07:06:16.396,1.02969,1.0297,1.25,1.00
2014.08.01 07:06:20.694,1.02968,1.0297,3.75,1.00
2014.08.01 07:06:21.199,1.02967,1.02969,3.19,1.00
2014.08.01 07:06:21.887,1.02967,1.02968,1.25,1.00
2014.08.01 07:06:25.901,1.02966,1.02967,3.75,1.00
2014.08.01 07:06:26.003,1.02965,1.02967,1.50,1.00
2014.08.01 07:06:26.283,1.02965,1.02966,1.00,1.69
2014.08.01 07:06:26.384,1.02963,1.02966,3.19,2.25
2014.08.01 07:06:26.890,1.02964,1.02967,2.44,5.44
2014.08.01 07:06:27.394,1.02965,1.02967,1.69,1.69
2014.08.01 07:06:30.250,1.02965,1.02968,4.69,3.19
2014.08.01 07:06:31.707,1.02967,1.02968,1.00,1.25
2014.08.01 07:06:32.265,1.02967,1.02969,1.69,3.19
2014.08.01 07:06:33.697,1.02967,1.02968,1.69,1.00
2014.08.01 07:06:33.869,1.02961,1.02964,4.50,2.50
2014.08.01 07:06:33.920,1.02961,1.02964,4.50,2.50
2014.08.01 07:06:33.971,1.02962,1.02964,1.00,1.00
2014.08.01 07:06:34.073,1.02963,1.02965,1.00,2.44
2014.08.01 07:06:34.377,1.02965,1.02967,1.00,3.19
2014.08.01 07:06:34.882,1.02966,1.02968,1.69,2.44
2014.08.01 07:06:38.132,1.02967,1.02969,1.00,3.19
2014.08.01 07:06:38.639,1.02967,1.02969,1.25,2.44
2014.08.01 07:06:44.530,1.02967,1.02969,1.00,4.69
2014.08.01 07:06:45.035,1.02966,1.02969,3.19,4.69
2014.08.01 07:06:46.059,1.02965,1.02968,1.50,1.69
2014.08.01 07:06:46.570,1.02965,1.02968,2.44,3.19
2014.08.01 07:06:47.804,1.02966,1.02967,1.00,1.25
2014.08.01 07:06:48.317,1.02967,1.02969,1.00,3.94
2014.08.01 07:06:48.824,1.02968,1.0297,1.00,1.00
2014.08.01 07:06:51.445,1.02968,1.02969,1.25,1.00
2014.08.01 07:06:51.597,1.02968,1.02969,2.44,1.00
2014.08.01 07:06:51.648,1.02969,1.02971,4.50,1.50
2014.08.01 07:06:51.800,1.02971,1.02973,1.19,2.25
2014.08.01 07:06:51.951,1.0297,1.02973,4.88,1.00
2014.08.01 07:06:52.052,1.02971,1.02973,1.19,1.00
2014.08.01 07:06:52.623,1.02971,1.02974,3.19,3.94
2014.08.01 07:06:53.999,1.02973,1.02975,1.00,3.94
2014.08.01 07:06:54.503,1.02973,1.02976,2.44,5.44
2014.08.01 07:06:54.655,1.02971,1.02974,2.25,3.19
2014.08.01 07:06:54.756,1.0297,1.02974,3.00,3.38
2014.08.01 07:06:55.059,1.02967,1.02969,2.25,2.44
2014.08.01 07:06:55.161,1.02969,1.0297,1.00,2.44
2014.08.01 07:06:55.262,1.02967,1.0297,3.19,3.94
2014.08.01 07:06:58.880,1.02967,1.02969,1.00,3.94
2014.08.01 07:07:00.625,1.02966,1.02968,2.44,1.25
2014.08.01 07:07:01.485,1.02966,1.02969,5.44,2.44
2014.08.01 07:07:01.990,1.02966,1.02968,2.44,1.00
2014.08.01 07:07:02.495,1.02965,1.02968,6.94,1.69
2014.08.01 07:07:07.995,1.02966,1.02968,4.69,1.25
2014.08.01 07:07:08.096,1.02967,1.0297,3.44,5.25
2014.08.01 07:07:08.197,1.02967,1.0297,4.69,3.94
2014.08.01 07:07:08.350,1.02968,1.02971,3.44,3.00
2014.08.01 07:07:08.855,1.02968,1.02971,6.19,1.25
2014.08.01 07:07:09.432,1.02968,1.02972,8.44,3.94
2014.08.01 07:07:09.898,1.02968,1.0297,4.25,1.00
2014.08.01 07:07:11.589,1.02967,1.02969,4.69,1.00
2014.08.01 07:07:11.741,1.02967,1.02969,1.69,2.44
2014.08.01 07:07:15.087,1.02967,1.02968,1.25,1.00
2014.08.01 07:07:15.592,1.02968,1.02969,1.00,3.19
2014.08.01 07:07:16.098,1.02967,1.02969,1.25,3.19
2014.08.01 07:07:16.603,1.02968,1.02969,1.00,3.19
2014.08.01 07:07:17.767,1.02967,1.02969,1.25,3.19
2014.08.01 07:07:23.294,1.02968,1.02969,1.00,2.44
2014.08.01 07:07:26.255,1.02967,1.02969,1.69,2.44
2014.08.01 07:07:26.831,1.02966,1.02969,3.19,4.69
2014.08.01 07:07:27.685,1.02967,1.02969,1.00,4.69
2014.08.01 07:07:28.192,1.02967,1.02969,1.69,1.69
2014.08.01 07:07:38.878,1.02967,1.02969,1.00,3.94
2014.08.01 07:07:53.825,1.02968,1.0297,1.00,1.00
2014.08.01 07:07:54.129,1.02971,1.02972,2.44,1.00
2014.08.01 07:07:54.635,1.02971,1.02973,1.25,3.19
2014.08.01 07:07:55.140,1.0297,1.02973,1.25,4.69
2014.08.01 07:07:59.246,1.0297,1.02973,1.50,2.44
2014.08.01 07:07:59.760,1.0297,1.02973,2.44,3.94
2014.08.01 07:08:02.062,1.0297,1.02973,1.13,3.19
2014.08.01 07:08:02.581,1.0297,1.02972,1.32,1.25
2014.08.01 07:08:03.859,1.02969,1.02971,2.44,1.69
2014.08.01 07:08:04.363,1.02969,1.0297,1.00,1.00
2014.08.01 07:08:04.885,1.02969,1.02971,1.69,1.25
2014.08.01 07:08:05.391,1.02968,1.0297,2.44,2.44
2014.08.01 07:08:05.896,1.02968,1.02969,1.25,1.00
2014.08.01 07:08:07.668,1.02967,1.02969,3.94,1.25
2014.08.01 07:08:08.178,1.02968,1.02969,1.00,1.25
2014.08.01 07:08:10.319,1.02967,1.02969,3.94,1.25
2014.08.01 07:08:11.499,1.02968,1.0297,1.00,3.19
2014.08.01 07:08:12.315,1.02968,1.0297,1.69,1.25
2014.08.01 07:08:14.286,1.02969,1.02971,1.00,3.19
2014.08.01 07:08:14.809,1.0297,1.02972,1.88,2.44
2014.08.01 07:08:15.424,1.0297,1.02972,2.07,1.25
2014.08.01 07:08:16.515,1.0297,1.02973,1.88,3.19
2014.08.01 07:08:17.020,1.0297,1.02973,2.44,4.69
2014.08.01 07:08:23.024,1.0297,1.02971,1.00,1.25
2014.08.01 07:08:23.530,1.02967,1.02969,3.94,1.00
2014.08.01 07:08:24.565,1.02967,1.02969,2.44,1.69
2014.08.01 07:08:29.244,1.02968,1.02969,1.00,1.69
2014.08.01 07:08:29.769,1.02967,1.02968,1.69,1.00
2014.08.01 07:08:42.613,1.02966,1.02968,1.69,1.25
2014.08.01 07:08:56.745,1.02966,1.02967,1.00,1.25
2014.08.01 07:08:57.050,1.02963,1.02965,3.75,1.00
2014.08.01 07:08:57.555,1.02965,1.02967,2.44,1.25
2014.08.01 07:08:57.656,1.02965,1.02968,2.44,5.44
2014.08.01 07:08:58.547,1.02965,1.02968,3.94,3.94
2014.08.01 07:08:59.055,1.02965,1.02968,3.19,2.25
2014.08.01 07:08:59.582,1.02965,1.02968,4.69,3.94
2014.08.01 07:09:03.788,1.02966,1.02967,1.00,1.25
2014.08.01 07:09:03.889,1.02963,1.02965,3.19,1.00
2014.08.01 07:09:03.940,1.02962,1.02965,3.00,1.00
2014.08.01 07:09:04.446,1.02964,1.02966,1.00,1.00
2014.08.01 07:09:04.958,1.02962,1.02965,5.44,1.69
2014.08.01 07:09:05.478,1.02962,1.02964,4.69,1.00
2014.08.01 07:09:05.983,1.02964,1.02965,1.25,1.00
2014.08.01 07:09:06.236,1.02965,1.02966,1.25,1.00
2014.08.01 07:09:07.295,1.02966,1.02969,1.69,6.19
2014.08.01 07:09:07.346,1.02966,1.02968,1.69,1.25
2014.08.01 07:09:07.699,1.02964,1.02967,6.19,1.00
2014.08.01 07:09:08.205,1.02966,1.02968,1.25,1.69
2014.08.01 07:09:08.443,1.02966,1.02968,1.25,1.69
2014.08.01 07:09:11.316,1.02966,1.02968,3.19,1.00
2014.08.01 07:09:13.334,1.02966,1.02968,1.69,1.25
2014.08.01 07:09:21.221,1.02965,1.02967,2.44,1.00
2014.08.01 07:09:21.323,1.02964,1.02966,3.00,1.00
2014.08.01 07:09:22.282,1.02963,1.02965,3.19,1.00
2014.08.01 07:09:22.736,1.02962,1.02963,3.00,1.00
2014.08.01 07:09:23.270,1.02961,1.02963,4.69,1.00
2014.08.01 07:09:27.372,1.02963,1.02964,1.00,1.25
2014.08.01 07:09:28.955,1.02963,1.02964,1.25,1.00
2014.08.01 07:09:32.371,1.02963,1.02965,1.69,1.69
2014.08.01 07:09:32.674,1.02965,1.02966,1.69,1.00
2014.08.01 07:09:33.913,1.02965,1.02967,1.69,1.69
2014.08.01 07:09:46.533,1.02964,1.02967,2.44,2.25
2014.08.01 07:09:47.048,1.02965,1.02967,1.25,3.19
2014.08.01 07:09:51.896,1.02966,1.02967,1.00,1.25
2014.08.01 07:09:52.401,1.02965,1.02967,1.69,1.25
2014.08.01 07:09:55.421,1.02964,1.02966,3.19,1.00
2014.08.01 07:09:55.573,1.02962,1.02965,3.94,3.19
2014.08.01 07:09:58.507,1.02962,1.02964,2.44,1.00
2014.08.01 07:09:59.032,1.02961,1.02964,3.94,3.94
2014.08.01 07:10:00.118,1.02961,1.02964,3.19,3.94
2014.08.01 07:10:00.623,1.0296,1.02962,2.44,1.25
2014.08.01 07:10:03.148,1.02959,1.02961,2.25,1.00
2014.08.01 07:10:03.402,1.02956,1.02958,1.69,2.44
2014.08.01 07:10:05.350,1.02957,1.02958,1.00,3.94
2014.08.01 07:10:06.932,1.02956,1.02958,1.50,3.19
2014.08.01 07:10:07.084,1.02955,1.02957,1.69,2.44
2014.08.01 07:10:07.639,1.02956,1.02957,1.00,2.44
2014.08.01 07:10:08.144,1.02955,1.02957,1.69,3.19
2014.08.01 07:10:08.652,1.02954,1.02958,3.00,4.69
2014.08.01 07:10:10.483,1.02954,1.02957,1.00,3.19
2014.08.01 07:10:10.990,1.02953,1.02957,3.00,2.25
2014.08.01 07:10:12.209,1.02954,1.02957,1.00,1.50
2014.08.01 07:10:12.716,1.02954,1.02957,1.00,3.19
2014.08.01 07:10:13.454,1.02955,1.02957,1.00,3.19
2014.08.01 07:10:16.492,1.02955,1.02957,1.00,1.69
2014.08.01 07:10:17.508,1.02954,1.02956,2.44,1.25
2014.08.01 07:10:18.484,1.02954,1.02957,3.19,3.94
2014.08.01 07:10:19.010,1.02955,1.02957,1.00,3.19
2014.08.01 07:10:19.978,1.02954,1.02956,3.19,1.25
2014.08.01 07:10:20.705,1.02955,1.02956,1.00,1.25
2014.08.01 07:10:21.217,1.02954,1.02956,2.44,1.25
2014.08.01 07:10:27.112,1.02955,1.02956,1.00,1.69
2014.08.01 07:10:27.617,1.02955,1.02957,1.69,2.44
2014.08.01 07:10:30.528,1.02955,1.02957,1.00,3.19
2014.08.01 07:10:35.517,1.02954,1.02956,1.25,1.25
2014.08.01 07:10:38.156,1.02955,1.02956,1.00,2.44
2014.08.01 07:10:38.822,1.02954,1.02956,1.69,2.44
2014.08.01 07:10:40.189,1.02953,1.02955,1.25,2.44
2014.08.01 07:10:41.197,1.02953,1.02954,1.00,1.25
2014.08.01 07:10:42.558,1.02952,1.02954,1.69,2.44
2014.08.01 07:10:49.884,1.02953,1.02954,1.00,1.25
2014.08.01 07:10:50.036,1.02954,1.02956,2.44,1.69
2014.08.01 07:10:50.541,1.02955,1.02956,1.50,1.25
2014.08.01 07:10:51.047,1.02955,1.02957,1.69,1.25
2014.08.01 07:10:59.658,1.02955,1.02957,1.00,2.44
2014.08.01 07:11:00.212,1.02954,1.02957,3.19,3.19
2014.08.01 07:11:01.677,1.02955,1.02956,1.00,2.44
2014.08.01 07:11:05.994,1.02954,1.02956,1.25,1.69
2014.08.01 07:11:16.348,1.02955,1.02957,1.25,1.69
2014.08.01 07:11:17.160,1.02956,1.02957,1.00,1.25
2014.08.01 07:11:17.664,1.02956,1.02959,2.44,4.69
2014.08.01 07:11:18.219,1.02956,1.02959,3.94,3.19
2014.08.01 07:11:18.673,1.02958,1.0296,1.50,1.00
2014.08.01 07:11:18.976,1.0296,1.02963,2.44,3.94
2014.08.01 07:11:19.382,1.02962,1.02964,1.00,3.19
2014.08.01 07:11:20.200,1.02962,1.02964,2.44,1.25
2014.08.01 07:11:22.990,1.02962,1.02963,1.25,1.00
2014.08.01 07:11:23.546,1.0296,1.02963,2.44,3.94
2014.08.01 07:11:26.118,1.0296,1.02961,1.25,1.00
2014.08.01 07:11:27.657,1.0296,1.02962,1.69,1.69
2014.08.01 07:11:28.161,1.0296,1.02961,1.25,1.00
2014.08.01 07:11:34.860,1.02961,1.02963,1.00,3.94
2014.08.01 07:11:34.911,1.02961,1.02963,1.00,3.94
2014.08.01 07:11:35.372,1.02962,1.02964,2.50,3.00
2014.08.01 07:11:35.884,1.02962,1.02964,2.25,3.19
2014.08.01 07:11:36.399,1.02962,1.02964,2.44,1.69
2014.08.01 07:11:37.007,1.02962,1.02964,2.25,3.19
2014.08.01 07:11:45.006,1.02962,1.02964,2.44,1.69
2014.08.01 07:11:46.051,1.02962,1.02964,1.50,3.19
2014.08.01 07:11:52.125,1.02962,1.02964,2.25,1.69
2014.08.01 07:11:52.654,1.02962,1.02964,2.25,3.19
2014.08.01 07:11:54.143,1.02962,1.02964,2.44,3.19
2014.08.01 07:11:59.187,1.02962,1.02964,2.25,3.19
2014.08.01 07:12:02.192,1.02962,1.02964,2.25,1.25
2014.08.01 07:12:02.713,1.02962,1.02964,1.00,3.94
2014.08.01 07:12:03.592,1.02962,1.02964,2.44,1.25
2014.08.01 07:12:04.097,1.02963,1.02964,1.00,1.25
2014.08.01 07:12:06.580,1.02962,1.02964,4.69,1.25
2014.08.01 07:12:12.690,1.02962,1.02963,2.25,1.00
2014.08.01 07:12:13.231,1.02962,1.02964,2.25,1.00
2014.08.01 07:12:16.617,1.02963,1.02965,1.00,1.00
2014.08.01 07:12:16.819,1.02964,1.02966,1.50,2.44
2014.08.01 07:12:17.326,1.02965,1.02966,1.25,1.00
2014.08.01 07:12:20.031,1.02964,1.02967,3.75,1.00
2014.08.01 07:12:20.581,1.02964,1.02966,4.50,1.00
2014.08.01 07:12:21.981,1.02964,1.02966,3.00,1.00
2014.08.01 07:12:22.992,1.02964,1.02966,3.00,1.00
2014.08.01 07:12:23.651,1.02964,1.02966,3.75,1.00
2014.08.01 07:12:29.010,1.02965,1.02968,1.25,4.69
2014.08.01 07:12:29.517,1.02965,1.02966,1.25,1.00
2014.08.01 07:12:31.549,1.02964,1.02966,3.00,1.00
2014.08.01 07:12:32.205,1.02964,1.02966,3.75,1.00
2014.08.01 07:12:32.760,1.02964,1.02966,3.00,1.00
2014.08.01 07:12:33.266,1.02964,1.02966,2.44,1.25
2014.08.01 07:12:34.947,1.02964,1.02965,2.44,1.00
2014.08.01 07:12:35.452,1.02965,1.02967,1.00,3.94
2014.08.01 07:12:36.003,1.02964,1.02967,2.44,4.69
2014.08.01 07:12:36.542,1.02964,1.02967,3.94,3.19
2014.08.01 07:12:42.559,1.02965,1.02966,1.25,1.00
2014.08.01 07:12:43.072,1.02965,1.02967,1.25,1.69
2014.08.01 07:12:56.809,1.02966,1.02967,1.50,1.25
2014.08.01 07:12:57.314,1.02967,1.02969,1.00,4.69
2014.08.01 07:12:58.025,1.02967,1.02969,1.69,1.00
2014.08.01 07:13:03.645,1.02966,1.02968,1.25,1.25
2014.08.01 07:13:04.151,1.02965,1.02967,3.94,1.00
2014.08.01 07:13:04.658,1.02965,1.02967,1.69,1.69
2014.08.01 07:13:06.512,1.02965,1.02966,1.25,1.00
2014.08.01 07:13:09.382,1.02965,1.02967,1.25,1.69
2014.08.01 07:13:09.898,1.02965,1.02966,1.25,1.00
2014.08.01 07:13:10.615,1.02965,1.02967,1.25,1.69
2014.08.01 07:13:14.133,1.02964,1.02966,3.94,1.00
2014.08.01 07:13:16.744,1.02964,1.02966,2.44,1.00
2014.08.01 07:13:17.355,1.02964,1.02966,3.94,1.00
2014.08.01 07:13:19.029,1.02965,1.02968,3.50,2.44
2014.08.01 07:13:21.622,1.02965,1.02967,3.94,1.00
2014.08.01 07:13:21.875,1.02967,1.02969,3.75,1.50
2014.08.01 07:13:22.026,1.0297,1.02973,4.50,1.00
2014.08.01 07:13:22.531,1.02972,1.02973,1.25,1.00
2014.08.01 07:13:24.065,1.02971,1.02973,2.44,1.25
2014.08.01 07:13:24.571,1.02972,1.02973,1.00,1.25
2014.08.01 07:13:27.311,1.02972,1.02974,1.25,2.44
2014.08.01 07:13:27.972,1.02972,1.02973,1.25,1.00
2014.08.01 07:13:28.736,1.02972,1.02974,1.25,2.44
2014.08.01 07:13:30.399,1.02972,1.02974,1.00,4.69
2014.08.01 07:13:31.001,1.02971,1.02974,2.44,5.44
2014.08.01 07:13:34.239,1.0297,1.02971,1.50,1.00
2014.08.01 07:13:34.491,1.02966,1.02969,1.00,1.00
2014.08.01 07:13:34.750,1.02966,1.02967,1.25,1.00
2014.08.01 07:13:35.273,1.02966,1.02968,1.25,3.19
2014.08.01 07:13:35.778,1.02966,1.02968,4.19,1.25
2014.08.01 07:13:37.062,1.02968,1.02969,1.25,1.00
2014.08.01 07:13:37.315,1.02969,1.02972,4.50,3.19
2014.08.01 07:13:37.538,1.02971,1.02973,1.25,2.44
2014.08.01 07:13:38.080,1.02971,1.02972,1.25,1.00
2014.08.01 07:13:38.972,1.0297,1.02971,1.25,1.00
2014.08.01 07:13:40.276,1.0297,1.02972,2.44,1.69
2014.08.01 07:13:40.808,1.0297,1.02971,2.44,1.00
2014.08.01 07:13:44.262,1.02969,1.0297,2.25,1.00
2014.08.01 07:13:44.313,1.02968,1.0297,1.25,1.00
2014.08.01 07:13:44.817,1.02968,1.02969,1.69,1.00
2014.08.01 07:13:45.772,1.02967,1.0297,4.69,3.94
2014.08.01 07:13:46.277,1.02967,1.02969,3.94,1.00
2014.08.01 07:13:46.803,1.02967,1.02969,3.94,1.25
2014.08.01 07:13:50.491,1.02968,1.02969,1.00,3.19
2014.08.01 07:13:51.151,1.02967,1.02969,1.69,3.19
2014.08.01 07:13:51.655,1.02967,1.02968,1.69,1.00
2014.08.01 07:13:52.500,1.02967,1.02969,2.44,1.69
2014.08.01 07:13:52.903,1.02968,1.0297,1.00,4.50
2014.08.01 07:13:52.954,1.02967,1.02969,1.25,2.44
2014.08.01 07:13:53.483,1.02967,1.02968,1.69,1.00
2014.08.01 07:13:55.585,1.02967,1.02969,1.25,1.69
2014.08.01 07:13:56.148,1.02967,1.02969,1.00,2.44
2014.08.01 07:13:58.583,1.02966,1.02968,3.19,1.00
2014.08.01 07:13:58.634,1.02966,1.02968,1.50,1.25
2014.08.01 07:13:58.786,1.02965,1.02967,3.19,1.00
2014.08.01 07:13:58.887,1.02965,1.02968,3.94,2.44
2014.08.01 07:13:59.039,1.02966,1.02968,1.00,2.44
2014.08.01 07:13:59.564,1.02965,1.02967,4.69,1.00
2014.08.01 07:14:01.157,1.02965,1.02967,2.44,1.69
2014.08.01 07:14:02.245,1.02966,1.02968,1.00,3.19
2014.08.01 07:14:02.750,1.02967,1.02968,1.00,1.25
2014.08.01 07:14:03.428,1.02967,1.02969,1.25,2.44
2014.08.01 07:14:03.983,1.02967,1.02969,4.69,1.00
2014.08.01 07:14:04.523,1.02968,1.0297,1.25,1.25
2014.08.01 07:14:05.028,1.02967,1.02969,1.69,2.44
2014.08.01 07:14:10.774,1.02966,1.02968,3.94,1.00
2014.08.01 07:14:11.304,1.02966,1.02969,3.94,3.19
2014.08.01 07:14:13.092,1.02966,1.02968,3.94,1.00
2014.08.01 07:14:13.598,1.02966,1.02969,3.94,3.94
2014.08.01 07:14:14.103,1.02966,1.02968,3.94,1.00
2014.08.01 07:14:14.676,1.02966,1.02968,3.75,1.00
2014.08.01 07:14:14.933,1.02966,1.02969,3.75,3.94
2014.08.01 07:14:15.448,1.02966,1.02968,2.25,1.00
2014.08.01 07:14:15.971,1.02967,1.02968,1.00,1.50
2014.08.01 07:14:16.843,1.02966,1.02967,1.00,1.00
2014.08.01 07:14:16.944,1.02964,1.02966,3.00,1.00
2014.08.01 07:14:17.460,1.02963,1.02965,1.69,1.25
2014.08.01 07:14:18.132,1.02963,1.02966,2.44,3.94
2014.08.01 07:14:19.116,1.02963,1.02966,3.19,3.94
2014.08.01 07:14:20.906,1.02964,1.02965,1.00,1.25
2014.08.01 07:14:21.411,1.02964,1.02966,1.25,2.44
2014.08.01 07:14:22.775,1.02964,1.02965,1.25,1.00
2014.08.01 07:14:25.751,1.02964,1.02966,1.25,2.44
2014.08.01 07:14:26.306,1.02964,1.02965,1.25,1.00
2014.08.01 07:14:26.811,1.02963,1.02966,4.69,3.19
2014.08.01 07:14:27.621,1.02963,1.02965,4.69,1.00
2014.08.01 07:14:28.143,1.02963,1.02965,3.19,1.25
2014.08.01 07:14:29.204,1.02964,1.02966,1.00,2.44
2014.08.01 07:14:29.689,1.02964,1.02967,3.19,3.94
2014.08.01 07:14:41.871,1.02966,1.02968,1.69,1.00
2014.08.01 07:14:42.376,1.02967,1.02969,1.25,1.69
2014.08.01 07:14:42.885,1.02967,1.02968,1.25,1.00
2014.08.01 07:14:44.293,1.02966,1.02969,3.94,3.94
2014.08.01 07:14:46.384,1.02966,1.02968,3.94,1.00
2014.08.01 07:14:46.893,1.02966,1.02969,3.94,3.19
2014.08.01 07:14:47.554,1.02966,1.02968,3.19,1.00
2014.08.01 07:14:48.064,1.02966,1.02969,3.94,3.19
2014.08.01 07:14:49.262,1.02966,1.02968,3.19,1.00
2014.08.01 07:14:49.766,1.02966,1.02969,3.94,3.94
2014.08.01 07:14:50.286,1.02966,1.02968,3.94,1.00
2014.08.01 07:14:52.087,1.02966,1.02968,2.44,1.25
2014.08.01 07:14:53.097,1.02966,1.02969,3.94,3.94
2014.08.01 07:14:53.602,1.02966,1.02968,2.44,1.50
2014.08.01 07:14:54.107,1.02965,1.02967,3.19,1.50
2014.08.01 07:14:55.119,1.02965,1.02968,3.94,3.19
2014.08.01 07:14:56.129,1.02965,1.02968,3.94,3.94
2014.08.01 07:14:56.667,1.02966,1.02968,1.00,4.69
2014.08.01 07:14:57.640,1.02966,1.02968,1.25,2.44
2014.08.01 07:14:59.915,1.02966,1.02967,1.00,1.69
2014.08.01 07:15:00.437,1.02964,1.02967,4.69,2.44
2014.08.01 07:15:00.942,1.02963,1.02966,6.19,2.44
2014.08.01 07:15:02.143,1.02965,1.02966,1.50,1.25
2014.08.01 07:15:02.766,1.02965,1.02967,1.25,1.69
2014.08.01 07:15:05.752,1.02965,1.02968,3.19,2.44
2014.08.01 07:15:07.170,1.02967,1.02968,1.00,1.25
2014.08.01 07:15:07.776,1.02967,1.02969,1.25,3.94
2014.08.01 07:15:08.787,1.02966,1.02969,2.44,5.44
2014.08.01 07:15:13.255,1.02966,1.02967,1.25,1.00
2014.08.01 07:15:22.693,1.02965,1.02967,3.75,1.00
2014.08.01 07:15:23.197,1.02964,1.02966,1.69,1.69
2014.08.01 07:15:24.155,1.02963,1.02965,6.94,1.00
2014.08.01 07:15:24.761,1.02963,1.02965,4.69,1.25
2014.08.01 07:15:25.921,1.02963,1.02964,2.44,1.00
2014.08.01 07:15:26.426,1.02963,1.02965,3.94,1.25
2014.08.01 07:15:26.991,1.02963,1.02964,3.94,1.00
2014.08.01 07:15:27.650,1.02963,1.02966,3.19,3.94
2014.08.01 07:15:28.199,1.02963,1.02966,4.69,2.44
2014.08.01 07:15:28.884,1.02963,1.02966,4.69,2.44
2014.08.01 07:15:31.630,1.02966,1.02968,1.00,2.44
2014.08.01 07:15:31.884,1.02968,1.02971,4.69,1.50
2014.08.01 07:15:31.985,1.02969,1.02971,3.19,1.00
2014.08.01 07:15:32.695,1.02969,1.02971,1.50,3.94
2014.08.01 07:15:32.847,1.02968,1.0297,1.25,1.25
2014.08.01 07:15:34.115,1.02968,1.02969,1.25,1.00
2014.08.01 07:15:38.660,1.02967,1.02969,3.00,1.00
2014.08.01 07:15:39.418,1.02967,1.02968,1.25,1.00
2014.08.01 07:15:40.850,1.02967,1.02968,1.25,1.00
2014.08.01 07:15:40.952,1.02965,1.02967,3.00,1.00
2014.08.01 07:15:41.306,1.02964,1.02966,1.69,1.69
2014.08.01 07:15:44.441,1.02965,1.02967,1.69,1.25
2014.08.01 07:15:45.247,1.02966,1.02968,1.25,1.69
2014.08.01 07:15:45.752,1.02966,1.02967,1.25,1.00
2014.08.01 07:15:46.280,1.02966,1.02968,1.25,1.25
2014.08.01 07:15:58.411,1.02965,1.02967,5.44,1.00
2014.08.01 07:15:58.921,1.02967,1.02968,1.00,1.00
2014.08.01 07:16:01.599,1.02966,1.02968,1.69,1.25
2014.08.01 07:16:02.963,1.02966,1.02967,1.25,1.00
2014.08.01 07:16:06.234,1.02965,1.02967,3.75,1.00
2014.08.01 07:16:07.151,1.02965,1.02967,5.44,1.00
2014.08.01 07:16:07.932,1.02965,1.02967,4.69,1.25
2014.08.01 07:16:10.134,1.02965,1.02967,3.94,1.00
2014.08.01 07:16:11.256,1.02965,1.02967,2.44,1.25
2014.08.01 07:16:12.354,1.02965,1.02967,3.94,1.00
2014.08.01 07:16:13.750,1.02966,1.02969,1.50,2.25
2014.08.01 07:16:14.113,1.02968,1.0297,1.00,1.25
2014.08.01 07:16:19.461,1.02969,1.02971,1.00,3.19
2014.08.01 07:16:19.512,1.0297,1.02972,1.25,1.50
2014.08.01 07:16:19.613,1.02971,1.02974,1.25,4.32
2014.08.01 07:16:20.119,1.02971,1.02974,3.94,3.19
2014.08.01 07:16:20.825,1.02971,1.02974,2.44,3.19
2014.08.01 07:16:21.805,1.02971,1.02974,3.94,3.19
2014.08.01 07:16:22.815,1.02971,1.02974,1.69,4.69
2014.08.01 07:16:27.108,1.02971,1.02974,3.94,2.44
2014.08.01 07:16:32.310,1.02973,1.02974,1.00,1.25
2014.08.01 07:16:32.563,1.02973,1.02976,4.69,2.44
2014.08.01 07:16:35.843,1.02973,1.02976,3.19,3.19
2014.08.01 07:16:38.557,1.02973,1.02976,4.69,1.69
2014.08.01 07:16:40.612,1.02973,1.02976,2.44,3.94
2014.08.01 07:16:44.580,1.02974,1.02976,1.00,3.19
2014.08.01 07:16:45.126,1.02974,1.02977,2.44,3.94
2014.08.01 07:16:48.431,1.02973,1.02976,3.94,3.94
2014.08.01 07:16:58.072,1.02972,1.02975,3.94,1.25
2014.08.01 07:16:58.586,1.02972,1.02975,5.44,1.69
2014.08.01 07:17:00.897,1.02972,1.02974,3.94,1.00
2014.08.01 07:17:01.422,1.02972,1.02974,1.25,1.25
2014.08.01 07:17:10.992,1.02971,1.02973,4.69,1.00
2014.08.01 07:17:11.346,1.0297,1.02973,2.44,4.69
2014.08.01 07:17:11.821,1.02969,1.02971,2.25,1.69
2014.08.01 07:17:11.974,1.02967,1.02969,1.50,1.00
2014.08.01 07:17:13.149,1.02966,1.02968,3.19,1.00
2014.08.01 07:17:14.018,1.02966,1.02968,1.25,1.25
2014.08.01 07:17:23.521,1.02965,1.02967,2.44,1.00
2014.08.01 07:17:24.026,1.02965,1.02968,3.19,3.19
2014.08.01 07:17:24.553,1.02965,1.02968,1.69,4.69
2014.08.01 07:17:26.754,1.02964,1.02966,4.50,1.00
2014.08.01 07:17:27.259,1.02965,1.02967,1.00,2.44
2014.08.01 07:17:28.895,1.02965,1.02968,2.44,4.69
2014.08.01 07:17:29.950,1.02965,1.02968,1.69,5.44
2014.08.01 07:17:41.634,1.02964,1.02966,3.94,1.00
2014.08.01 07:17:42.148,1.02964,1.02967,3.94,2.44
2014.08.01 07:17:43.288,1.02964,1.02966,3.94,1.00
2014.08.01 07:17:43.441,1.02963,1.02965,1.50,3.19
2014.08.01 07:17:43.895,1.02962,1.02963,1.25,1.00
2014.08.01 07:17:44.422,1.02961,1.02963,3.94,1.25
2014.08.01 07:17:46.538,1.02961,1.02964,3.94,3.94
2014.08.01 07:17:47.878,1.02963,1.02964,1.00,3.19
2014.08.01 07:17:48.080,1.02964,1.02966,1.25,4.69
2014.08.01 07:17:52.405,1.02965,1.02966,1.00,3.94
2014.08.01 07:17:52.924,1.02964,1.02966,1.25,4.69
2014.08.01 07:17:53.798,1.02965,1.02966,1.00,4.69
2014.08.01 07:17:54.303,1.02964,1.02966,1.69,3.94
2014.08.01 07:17:57.755,1.02964,1.02966,1.00,3.94
2014.08.01 07:17:59.950,1.02964,1.02966,1.25,3.94
2014.08.01 07:18:00.621,1.02963,1.02965,3.94,1.00
2014.08.01 07:18:01.143,1.02963,1.02965,1.69,1.69
2014.08.01 07:18:03.411,1.02962,1.02965,3.94,3.94
2014.08.01 07:18:07.878,1.02961,1.02963,3.00,1.00
2014.08.01 07:18:07.929,1.02959,1.02962,1.50,1.00
2014.08.01 07:18:09.344,1.02958,1.0296,2.44,2.44
2014.08.01 07:18:09.546,1.02957,1.02958,1.25,1.00
2014.08.01 07:18:10.052,1.02955,1.02958,3.19,3.19
2014.08.01 07:18:11.236,1.02955,1.02957,1.69,1.00
2014.08.01 07:18:11.745,1.02955,1.02958,2.44,4.69
2014.08.01 07:18:15.573,1.02955,1.02958,1.69,5.44
2014.08.01 07:18:17.058,1.02955,1.02956,1.69,1.00
2014.08.01 07:18:18.488,1.02955,1.02957,2.44,1.25
2014.08.01 07:18:19.036,1.02955,1.02957,3.94,1.00
2014.08.01 07:18:20.596,1.02955,1.02958,1.69,6.19
2014.08.01 07:18:21.111,1.02955,1.02957,1.69,1.25
2014.08.01 07:18:21.996,1.02955,1.02957,1.69,1.00
2014.08.01 07:18:22.198,1.02954,1.02956,2.44,1.25
2014.08.01 07:18:22.708,1.02955,1.02958,3.19,3.94
2014.08.01 07:18:23.218,1.02956,1.02958,1.00,3.94
2014.08.01 07:18:24.096,1.02956,1.02958,1.25,3.19
2014.08.01 07:18:24.666,1.02956,1.02957,1.69,1.00
2014.08.01 07:18:25.188,1.02956,1.02958,1.69,1.25
2014.08.01 07:18:26.228,1.02956,1.02957,1.69,1.00
2014.08.01 07:18:26.380,1.02957,1.0296,3.50,3.19
2014.08.01 07:18:26.430,1.02958,1.0296,2.44,2.44
2014.08.01 07:18:26.935,1.02959,1.02961,1.00,1.00
2014.08.01 07:18:27.440,1.02959,1.02961,2.25,1.00
2014.08.01 07:18:27.945,1.0296,1.02961,1.00,1.00
2014.08.01 07:18:28.451,1.02959,1.02961,4.50,1.00
2014.08.01 07:18:28.956,1.02959,1.02961,4.50,1.00
2014.08.01 07:18:29.530,1.02958,1.0296,1.50,3.19
2014.08.01 07:18:29.581,1.02957,1.02959,1.69,1.00
2014.08.01 07:18:33.552,1.02957,1.02959,1.69,3.94
2014.08.01 07:18:34.067,1.02957,1.02959,1.50,3.94
2014.08.01 07:18:34.827,1.02956,1.02958,3.19,1.25
2014.08.01 07:19:01.700,1.02956,1.02957,1.25,1.00
2014.08.01 07:19:02.222,1.02955,1.02958,3.19,3.19
2014.08.01 07:19:12.381,1.02957,1.02959,1.00,2.25
2014.08.01 07:19:12.533,1.02958,1.02961,5.44,5.44
2014.08.01 07:19:12.789,1.02957,1.02959,3.00,1.00
2014.08.01 07:19:12.890,1.02958,1.0296,1.69,2.44
2014.08.01 07:19:13.455,1.02958,1.02959,1.25,1.00
2014.08.01 07:19:14.012,1.02956,1.02958,2.44,1.25
2014.08.01 07:19:17.398,1.02955,1.02958,3.94,3.19
2014.08.01 07:19:17.904,1.02954,1.02955,3.00,1.00
2014.08.01 07:19:18.107,1.02956,1.02958,3.94,1.00
2014.08.01 07:19:18.511,1.02954,1.02957,4.50,1.00
2014.08.01 07:19:19.016,1.02954,1.02955,1.25,1.50
2014.08.01 07:19:20.157,1.02953,1.02955,2.44,1.69
2014.08.01 07:19:20.664,1.02954,1.02956,1.00,4.69
2014.08.01 07:19:21.169,1.02953,1.02956,3.94,4.69
2014.08.01 07:19:22.344,1.02953,1.02955,1.00,3.94
2014.08.01 07:19:22.848,1.02952,1.02954,1.25,1.69
2014.08.01 07:19:23.380,1.02952,1.02954,1.00,3.19
2014.08.01 07:19:23.927,1.02952,1.02954,3.94,1.00
2014.08.01 07:19:25.648,1.02952,1.02955,3.94,3.94
2014.08.01 07:19:26.152,1.02952,1.02954,1.25,1.69
2014.08.01 07:19:29.970,1.02953,1.02955,1.00,4.69
2014.08.01 07:19:30.576,1.02954,1.02956,1.00,5.44
2014.08.01 07:19:31.082,1.02954,1.02956,1.69,1.69
2014.08.01 07:19:32.718,1.02955,1.02956,1.25,1.00
2014.08.01 07:19:34.117,1.02956,1.02959,1.50,4.50
2014.08.01 07:19:34.420,1.0296,1.02961,1.00,1.00
2014.08.01 07:19:35.812,1.02961,1.02962,1.25,1.00
2014.08.01 07:19:35.913,1.02961,1.02963,1.25,2.44
2014.08.01 07:19:37.517,1.0296,1.02962,3.19,1.00
2014.08.01 07:19:38.208,1.0296,1.02961,1.69,1.00
2014.08.01 07:19:38.674,1.02958,1.0296,1.69,3.25
2014.08.01 07:19:38.876,1.02956,1.02958,1.50,1.00
2014.08.01 07:19:39.643,1.02956,1.02957,1.25,1.00
2014.08.01 07:19:40.917,1.02955,1.02957,3.94,1.25
2014.08.01 07:19:41.925,1.02956,1.02957,1.25,1.00
2014.08.01 07:19:43.528,1.02956,1.02958,1.25,2.44
2014.08.01 07:19:44.955,1.02955,1.02958,1.25,3.19
2014.08.01 07:19:45.461,1.02955,1.02958,1.69,5.44
2014.08.01 07:19:46.222,1.02955,1.02956,1.69,1.00
2014.08.01 07:19:46.726,1.02954,1.02956,2.44,1.00
2014.08.01 07:19:47.255,1.02954,1.02956,2.44,1.69
2014.08.01 07:19:48.788,1.02954,1.02955,1.25,1.00
2014.08.01 07:19:49.309,1.02954,1.02956,1.25,2.44
2014.08.01 07:19:50.258,1.02953,1.02955,3.19,1.25
2014.08.01 07:19:50.511,1.02952,1.02953,1.00,1.00
2014.08.01 07:19:51.066,1.02951,1.02954,3.19,4.69
2014.08.01 07:19:51.470,1.0295,1.02953,3.94,1.25
2014.08.01 07:19:51.983,1.0295,1.02953,5.44,1.69
2014.08.01 07:19:53.163,1.02951,1.02954,1.25,3.94
2014.08.01 07:19:53.670,1.02951,1.02954,2.44,5.07
2014.08.01 07:19:54.394,1.02951,1.02953,3.94,1.00
2014.08.01 07:19:55.702,1.02951,1.02953,2.44,1.25
2014.08.01 07:19:56.408,1.0295,1.02953,1.50,3.19
2014.08.01 07:19:56.936,1.02951,1.02953,1.25,1.69
2014.08.01 07:19:58.734,1.02951,1.02953,3.94,1.00
2014.08.01 07:20:00.008,1.02951,1.02953,1.69,1.25
2014.08.01 07:20:04.021,1.0295,1.02953,3.00,1.50
2014.08.01 07:20:04.530,1.0295,1.02953,5.44,2.44
2014.08.01 07:20:12.791,1.0295,1.02953,1.50,2.44
2014.08.01 07:20:13.296,1.0295,1.02953,3.94,4.69
2014.08.01 07:20:14.699,1.0295,1.02953,2.44,4.69
2014.08.01 07:20:15.677,1.0295,1.02953,3.94,3.94
2014.08.01 07:20:19.785,1.02951,1.02953,3.94,1.00
2014.08.01 07:20:24.842,1.02951,1.02953,4.69,1.25
2014.08.01 07:20:25.958,1.02951,1.02953,4.69,1.00
2014.08.01 07:20:33.085,1.02951,1.02954,4.69,3.94
2014.08.01 07:20:33.654,1.02951,1.02954,3.94,4.69
2014.08.01 07:20:34.679,1.02951,1.02954,4.69,3.94
2014.08.01 07:20:36.872,1.02951,1.02954,3.19,3.94
2014.08.01 07:20:37.982,1.02951,1.02954,4.69,2.44
2014.08.01 07:20:51.988,1.02953,1.02955,1.00,4.69
2014.08.01 07:20:52.501,1.02954,1.02956,1.00,3.19
2014.08.01 07:20:53.218,1.02954,1.02956,1.69,1.69
2014.08.01 07:20:56.633,1.02954,1.02956,2.44,1.00
2014.08.01 07:20:57.158,1.02954,1.02957,3.19,3.94
2014.08.01 07:20:59.165,1.02954,1.02956,2.44,1.00
2014.08.01 07:20:59.670,1.02954,1.02956,1.69,1.69
2014.08.01 07:21:00.176,1.02954,1.02957,4.69,1.69
2014.08.01 07:21:00.832,1.02956,1.02957,1.00,1.69
2014.08.01 07:21:01.336,1.02957,1.02958,1.00,1.25
2014.08.01 07:21:02.102,1.02956,1.02959,2.44,6.19
2014.08.01 07:21:04.684,1.02957,1.02961,2.69,10.50
2014.08.01 07:21:04.836,1.0296,1.02961,1.25,1.00
2014.08.01 07:21:05.357,1.02959,1.02962,3.94,3.19
2014.08.01 07:21:06.177,1.02959,1.02961,3.19,1.00
2014.08.01 07:21:06.329,1.02958,1.0296,1.00,1.69
2014.08.01 07:21:06.834,1.02957,1.02959,1.69,1.25
2014.08.01 07:21:08.119,1.02957,1.02959,3.94,1.00
2014.08.01 07:21:08.271,1.02959,1.02962,1.00,6.19
2014.08.01 07:21:09.226,1.02959,1.02962,4.69,3.19
2014.08.01 07:21:14.114,1.0296,1.02963,3.19,5.44
2014.08.01 07:21:15.148,1.0296,1.02963,1.69,5.44
2014.08.01 07:21:17.934,1.0296,1.02963,3.19,3.94
2014.08.01 07:21:19.161,1.0296,1.02963,3.19,5.44
2014.08.01 07:21:20.226,1.0296,1.02963,1.50,1.50
2014.08.01 07:21:20.277,1.0296,1.02962,1.50,1.00
2014.08.01 07:21:20.378,1.02958,1.02961,9.19,4.69
2014.08.01 07:21:20.530,1.02957,1.0296,2.44,3.94
2014.08.01 07:21:21.634,1.02957,1.0296,2.44,2.82
2014.08.01 07:21:21.938,1.02959,1.02961,1.25,1.69
2014.08.01 07:21:22.443,1.02959,1.02962,4.69,1.69
2014.08.01 07:21:25.464,1.02959,1.02962,3.19,3.19
2014.08.01 07:21:25.970,1.0296,1.02962,1.00,2.44
2014.08.01 07:21:26.500,1.0296,1.02962,1.25,1.25
2014.08.01 07:21:30.764,1.02959,1.02961,4.69,1.00
2014.08.01 07:21:30.916,1.02958,1.02961,3.19,4.69
2014.08.01 07:21:31.880,1.02959,1.02961,1.00,2.44
2014.08.01 07:21:32.390,1.0296,1.02962,1.00,2.44
2014.08.01 07:21:33.207,1.0296,1.02962,1.25,1.25
2014.08.01 07:21:34.273,1.02959,1.02961,4.69,1.00
2014.08.01 07:21:34.777,1.02959,1.02961,1.25,1.69
2014.08.01 07:21:35.340,1.02959,1.02961,1.00,3.19
2014.08.01 07:21:36.509,1.02958,1.0296,1.00,3.94
2014.08.01 07:21:37.013,1.02957,1.02959,1.69,1.25
2014.08.01 07:21:38.909,1.02957,1.02959,1.00,3.19
2014.08.01 07:21:40.122,1.02957,1.02959,1.25,3.19
2014.08.01 07:21:51.481,1.02956,1.02959,6.19,3.19
2014.08.01 07:21:51.988,1.02957,1.02959,1.50,2.44
2014.08.01 07:21:52.602,1.02957,1.02959,1.69,1.25
2014.08.01 07:21:53.116,1.02958,1.0296,1.00,3.75
2014.08.01 07:21:53.267,1.02959,1.02961,2.44,1.69
2014.08.01 07:21:58.682,1.02959,1.02962,3.94,3.19
2014.08.01 07:22:00.201,1.02959,1.02961,2.44,1.00
2014.08.01 07:22:00.726,1.02958,1.02961,5.44,2.44
2014.08.01 07:22:01.533,1.02958,1.02961,3.94,3.94
2014.08.01 07:22:02.543,1.02959,1.02961,1.00,3.94
2014.08.01 07:22:03.048,1.02958,1.02961,3.94,4.69
2014.08.01 07:22:09.457,1.02959,1.02962,6.19,3.19
2014.08.01 07:22:29.368,1.02961,1.02963,1.00,3.94
2014.08.01 07:22:29.671,1.02963,1.02965,1.50,1.00
2014.08.01 07:22:29.823,1.02964,1.02966,1.00,3.94
2014.08.01 07:22:31.692,1.02964,1.02965,1.69,1.00
2014.08.01 07:22:32.196,1.02964,1.02966,1.69,1.69
2014.08.01 07:22:32.723,1.02964,1.02965,1.69,1.00
2014.08.01 07:22:33.530,1.02964,1.02966,1.69,1.69
2014.08.01 07:22:50.849,1.02964,1.02965,1.69,1.00
2014.08.01 07:22:51.354,1.02964,1.02966,1.69,2.44
2014.08.01 07:22:52.982,1.02964,1.02965,1.25,1.00
2014.08.01 07:22:53.033,1.02962,1.02965,3.00,3.94
2014.08.01 07:22:53.800,1.02961,1.02963,4.69,1.00
2014.08.01 07:22:53.952,1.0296,1.02962,1.25,1.25
2014.08.01 07:22:54.844,1.02961,1.02962,1.50,1.25
2014.08.01 07:22:55.349,1.02961,1.02963,1.69,1.69
2014.08.01 07:22:57.395,1.02961,1.02962,1.69,1.00
2014.08.01 07:22:57.935,1.02961,1.02963,1.69,3.94
2014.08.01 07:23:00.616,1.02961,1.02962,1.25,1.00
2014.08.01 07:23:02.362,1.0296,1.02962,1.25,1.25
2014.08.01 07:23:06.855,1.02959,1.0296,2.25,1.00
2014.08.01 07:23:06.906,1.02958,1.0296,1.50,1.69
2014.08.01 07:23:07.410,1.02959,1.02961,1.25,2.44
2014.08.01 07:23:10.072,1.0296,1.02962,1.00,5.25
2014.08.01 07:23:10.578,1.02961,1.02963,1.00,4.50
2014.08.01 07:23:13.134,1.02959,1.02961,1.00,2.44
2014.08.01 07:23:13.285,1.02959,1.02961,1.00,3.75
2014.08.01 07:23:14.236,1.02959,1.02961,1.00,2.44
2014.08.01 07:23:17.450,1.02959,1.02961,1.00,4.50
2014.08.01 07:23:18.007,1.02959,1.02961,1.00,3.94
2014.08.01 07:23:18.513,1.0296,1.02961,1.00,1.25
2014.08.01 07:23:20.158,1.0296,1.02962,1.25,5.44
2014.08.01 07:23:24.810,1.0296,1.02961,1.25,1.00
2014.08.01 07:23:29.493,1.02959,1.02961,3.00,1.00
2014.08.01 07:23:44.794,1.0296,1.02961,2.44,1.00
2014.08.01 07:23:45.312,1.02961,1.02963,1.00,3.94
2014.08.01 07:23:46.285,1.02961,1.02963,1.00,1.69
2014.08.01 07:23:46.386,1.02962,1.02963,1.00,2.44
2014.08.01 07:23:56.816,1.02962,1.02964,1.25,3.19
2014.08.01 07:23:57.372,1.02963,1.02964,1.00,1.69
2014.08.01 07:23:58.388,1.02962,1.02964,1.69,1.69
2014.08.01 07:23:59.397,1.02962,1.02964,1.00,3.94
2014.08.01 07:24:00.578,1.02962,1.02964,1.25,2.44
2014.08.01 07:24:01.698,1.02962,1.02964,1.00,3.94
2014.08.01 07:24:10.753,1.02962,1.02964,1.25,3.19
2014.08.01 07:24:12.333,1.02962,1.02964,1.00,4.69
2014.08.01 07:24:13.238,1.02962,1.02964,1.25,3.19
2014.08.01 07:24:14.314,1.02962,1.02964,1.00,4.69
2014.08.01 07:24:15.330,1.02962,1.02964,1.69,1.25
2014.08.01 07:24:18.400,1.02963,1.02964,1.00,1.69
2014.08.01 07:24:18.932,1.02964,1.02966,1.69,2.44
2014.08.01 07:24:27.848,1.02964,1.02966,1.00,3.94
2014.08.01 07:24:28.359,1.02963,1.02966,4.69,3.94
2014.08.01 07:24:39.643,1.02963,1.02964,1.00,1.25
2014.08.01 07:24:39.845,1.02961,1.02963,2.44,1.25
2014.08.01 07:25:02.806,1.0296,1.02962,2.44,1.25
2014.08.01 07:25:03.312,1.02959,1.02961,1.50,1.25
2014.08.01 07:25:05.330,1.02958,1.02961,3.19,3.19
2014.08.01 07:25:06.067,1.02959,1.02961,1.00,2.44
2014.08.01 07:25:06.572,1.02959,1.02962,1.69,5.44
2014.08.01 07:25:14.371,1.0296,1.02962,1.00,5.44
2014.08.01 07:25:14.832,1.02958,1.0296,1.50,2.50
2014.08.01 07:25:14.883,1.02957,1.02959,1.50,2.25
2014.08.01 07:25:15.288,1.02959,1.02961,2.44,1.00
2014.08.01 07:25:15.809,1.02959,1.02962,4.69,3.19
2014.08.01 07:25:20.390,1.02959,1.02962,3.94,4.69
2014.08.01 07:25:21.603,1.02959,1.02962,5.44,4.69
2014.08.01 07:25:26.957,1.0296,1.02963,3.94,3.19
2014.08.01 07:25:27.971,1.0296,1.02963,2.44,4.69
2014.08.01 07:25:31.882,1.02961,1.02963,2.44,1.00
2014.08.01 07:25:32.086,1.02962,1.02965,5.44,2.44
2014.08.01 07:25:32.590,1.02964,1.02966,1.25,2.44
2014.08.01 07:25:53.155,1.02965,1.02967,1.00,3.94
2014.08.01 07:25:53.700,1.02964,1.02967,3.19,3.94
2014.08.01 07:25:54.141,1.02966,1.02967,1.00,1.25
2014.08.01 07:25:54.653,1.02965,1.02967,2.44,1.25
2014.08.01 07:26:01.442,1.02965,1.02967,1.00,3.19
2014.08.01 07:26:01.970,1.02964,1.02967,3.19,4.69
2014.08.01 07:26:04.021,1.02965,1.02967,1.00,3.19
2014.08.01 07:26:04.526,1.02964,1.02967,3.19,3.19
2014.08.01 07:26:05.363,1.02965,1.02966,1.00,1.25
2014.08.01 07:26:06.178,1.02964,1.02967,3.94,3.19
2014.08.01 07:26:09.183,1.02965,1.02967,1.00,3.19
2014.08.01 07:26:09.698,1.02964,1.02967,3.19,3.19
2014.08.01 07:26:10.625,1.02965,1.02967,1.00,3.19
2014.08.01 07:26:11.144,1.02964,1.02967,3.19,3.19
2014.08.01 07:26:12.683,1.02965,1.02966,1.00,1.25
2014.08.01 07:26:13.199,1.02964,1.02966,2.44,1.25
2014.08.01 07:26:13.726,1.02965,1.02967,1.00,3.19
2014.08.01 07:26:14.234,1.02964,1.02967,3.19,3.19
2014.08.01 07:26:18.941,1.02963,1.02965,1.25,1.25
2014.08.01 07:26:19.244,1.02961,1.02962,1.00,1.50
2014.08.01 07:26:19.345,1.02959,1.02962,3.94,1.25
2014.08.01 07:26:19.850,1.02959,1.02962,6.94,1.69
2014.08.01 07:26:20.919,1.02961,1.02962,1.00,1.25
2014.08.01 07:26:24.186,1.02962,1.02963,1.00,3.00
2014.08.01 07:26:24.339,1.02963,1.02965,1.25,1.69
2014.08.01 07:26:25.348,1.02963,1.02966,5.44,1.69
2014.08.01 07:26:30.384,1.02963,1.02966,4.69,1.69
2014.08.01 07:26:31.472,1.02963,1.02965,2.25,2.44
2014.08.01 07:26:31.876,1.02961,1.02963,3.94,1.25
2014.08.01 07:26:33.651,1.02962,1.02964,1.00,3.19
2014.08.01 07:26:34.163,1.02961,1.02964,3.94,1.69
2014.08.01 07:26:35.891,1.02961,1.02964,1.50,1.50
2014.08.01 07:26:35.993,1.0296,1.02963,2.44,3.19
2014.08.01 07:26:40.989,1.02961,1.02963,1.00,1.19
2014.08.01 07:26:42.037,1.02961,1.02963,1.25,1.25
2014.08.01 07:26:44.046,1.02961,1.02963,1.00,1.19
2014.08.01 07:26:44.577,1.02962,1.02964,1.00,1.25
2014.08.01 07:26:45.082,1.02962,1.02965,1.69,1.69
2014.08.01 07:26:45.627,1.02962,1.02964,1.25,1.00
2014.08.01 07:26:48.662,1.02961,1.02964,2.44,1.69
2014.08.01 07:26:49.698,1.02961,1.02963,1.69,1.25
2014.08.01 07:26:50.680,1.0296,1.02963,6.19,1.69
2014.08.01 07:27:00.721,1.02959,1.02961,2.25,1.00
2014.08.01 07:27:00.822,1.02958,1.02959,1.00,1.25
2014.08.01 07:27:01.326,1.02957,1.0296,3.94,3.94
2014.08.01 07:27:01.830,1.02956,1.02959,3.94,1.69
2014.08.01 07:27:02.843,1.02956,1.02959,4.69,1.25
2014.08.01 07:27:03.836,1.02956,1.02959,3.94,1.69
2014.08.01 07:27:07.217,1.02957,1.02959,1.00,2.44
2014.08.01 07:27:07.570,1.02958,1.0296,1.25,1.69
2014.08.01 07:27:08.075,1.02959,1.02961,3.19,1.25
2014.08.01 07:27:11.337,1.02959,1.0296,1.50,1.25
2014.08.01 07:27:11.590,1.02957,1.02959,1.69,1.25
2014.08.01 07:27:13.374,1.02956,1.02959,4.69,3.19
2014.08.01 07:27:22.048,1.02957,1.02959,1.00,3.94
2014.08.01 07:27:23.243,1.02956,1.02959,3.19,3.94
2014.08.01 07:27:34.433,1.02956,1.02959,1.25,2.44
2014.08.01 07:27:35.476,1.02956,1.02959,3.19,3.94
2014.08.01 07:27:54.304,1.02956,1.02957,1.69,1.00
2014.08.01 07:27:54.808,1.02955,1.02957,3.94,1.25
2014.08.01 07:28:02.572,1.02954,1.02957,3.19,3.19
2014.08.01 07:28:03.293,1.02953,1.02956,3.94,3.19
2014.08.01 07:28:03.345,1.02955,1.02956,1.00,2.25
2014.08.01 07:28:03.395,1.02955,1.02957,3.94,1.50
2014.08.01 07:28:03.551,1.02954,1.02957,1.25,1.69
2014.08.01 07:28:04.059,1.02954,1.02956,3.19,1.25
2014.08.01 07:28:07.605,1.02953,1.02956,5.44,2.44
2014.08.01 07:28:08.373,1.02953,1.02956,3.94,1.25
2014.08.01 07:28:08.879,1.02954,1.02956,1.25,1.69
2014.08.01 07:28:12.618,1.02953,1.02956,3.94,1.25
2014.08.01 07:28:13.163,1.02953,1.02956,5.44,1.69
2014.08.01 07:28:13.671,1.02953,1.02956,3.19,1.69
2014.08.01 07:28:14.180,1.02953,1.02956,5.44,1.69
2014.08.01 07:28:18.143,1.02953,1.02955,2.44,1.25
2014.08.01 07:28:18.901,1.02952,1.02954,3.19,1.00
2014.08.01 07:28:19.406,1.02951,1.02953,3.19,1.00
2014.08.01 07:28:19.969,1.02951,1.02953,3.94,1.25
2014.08.01 07:28:23.972,1.02951,1.02953,1.00,4.69
2014.08.01 07:28:24.981,1.02951,1.02953,1.50,1.00
2014.08.01 07:28:27.998,1.02951,1.02953,1.50,1.19
2014.08.01 07:28:29.966,1.0295,1.02953,3.19,3.19
2014.08.01 07:28:33.007,1.0295,1.02953,1.69,4.69
2014.08.01 07:28:33.897,1.0295,1.02952,1.50,1.19
2014.08.01 07:28:34.721,1.0295,1.02952,1.69,1.25
2014.08.01 07:28:36.927,1.0295,1.02953,3.94,3.19
2014.08.01 07:28:38.202,1.0295,1.02952,1.50,3.94
2014.08.01 07:28:38.454,1.02951,1.02954,1.69,6.19
2014.08.01 07:28:39.346,1.0295,1.02953,3.94,2.44
2014.08.01 07:28:45.336,1.02951,1.02953,1.00,1.69
2014.08.01 07:28:45.849,1.0295,1.02953,2.44,3.19
2014.08.01 07:28:47.239,1.02951,1.02953,1.00,3.19
2014.08.01 07:28:47.962,1.02952,1.02953,1.00,2.25
2014.08.01 07:28:48.474,1.02952,1.02954,1.00,5.44
2014.08.01 07:28:48.987,1.02951,1.02954,2.44,5.44
2014.08.01 07:28:50.061,1.02952,1.02953,1.00,1.25
2014.08.01 07:28:50.515,1.0295,1.02952,1.69,1.25
2014.08.01 07:28:54.474,1.02951,1.02953,1.00,1.69
2014.08.01 07:28:54.999,1.0295,1.02953,2.44,3.19
2014.08.01 07:28:56.289,1.0295,1.02952,1.50,1.19
2014.08.01 07:28:58.736,1.02951,1.02952,1.00,1.00
2014.08.01 07:28:59.242,1.0295,1.02952,1.50,1.19
2014.08.01 07:28:59.747,1.02951,1.02952,1.00,1.25
2014.08.01 07:29:00.251,1.0295,1.02952,1.69,1.25
2014.08.01 07:29:00.756,1.02951,1.02953,1.00,3.19
2014.08.01 07:29:01.260,1.02949,1.02951,2.44,1.25
2014.08.01 07:29:01.765,1.0295,1.02952,1.00,3.19
2014.08.01 07:29:03.795,1.02947,1.0295,3.00,5.00
2014.08.01 07:29:03.897,1.02946,1.02948,2.25,3.25
2014.08.01 07:29:04.401,1.02947,1.02948,1.50,2.25
2014.08.01 07:29:04.906,1.02946,1.02948,1.25,3.94
2014.08.01 07:29:05.917,1.02946,1.02948,1.00,3.94
2014.08.01 07:29:07.752,1.02945,1.02948,2.44,3.94
2014.08.01 07:29:08.357,1.02945,1.02946,1.00,1.25
2014.08.01 07:29:08.862,1.02945,1.02948,2.44,6.19
2014.08.01 07:29:12.856,1.02946,1.02948,1.00,3.94
2014.08.01 07:29:13.580,1.02946,1.02948,1.25,1.69
2014.08.01 07:29:14.594,1.02946,1.02948,1.00,3.19
2014.08.01 07:29:15.604,1.02946,1.02948,1.69,1.25
2014.08.01 07:29:16.413,1.02946,1.02947,1.00,1.25
2014.08.01 07:29:16.514,1.02944,1.02946,2.44,1.69
2014.08.01 07:29:17.786,1.02944,1.02946,2.25,3.19
2014.08.01 07:29:18.300,1.02943,1.02945,1.00,4.69
2014.08.01 07:29:18.805,1.02942,1.02944,2.44,1.25
2014.08.01 07:29:20.326,1.02942,1.02944,1.00,2.44
2014.08.01 07:29:21.316,1.02941,1.02944,4.69,3.94
2014.08.01 07:29:23.234,1.02942,1.02944,1.25,1.25
2014.08.01 07:29:23.335,1.02943,1.02945,3.44,1.69
2014.08.01 07:29:23.840,1.02945,1.02947,1.00,3.19
2014.08.01 07:29:24.352,1.02944,1.02947,4.69,3.19
2014.08.01 07:29:24.878,1.02945,1.02947,1.00,2.44
2014.08.01 07:29:25.395,1.02944,1.02947,3.94,3.19
2014.08.01 07:29:25.909,1.02944,1.02947,6.19,3.19
2014.08.01 07:29:26.626,1.02944,1.02947,4.69,3.57
2014.08.01 07:29:31.909,1.02945,1.02947,1.00,2.44
2014.08.01 07:29:32.363,1.02943,1.02946,3.19,3.19
2014.08.01 07:29:32.906,1.02944,1.02946,1.00,3.19
2014.08.01 07:29:33.743,1.02943,1.02945,2.44,1.25
2014.08.01 07:29:37.377,1.02944,1.02945,1.00,1.25
2014.08.01 07:29:37.892,1.02945,1.02946,1.00,1.25
2014.08.01 07:29:38.466,1.02945,1.02947,1.25,1.69
2014.08.01 07:29:40.501,1.02944,1.02947,5.44,3.19
2014.08.01 07:29:42.501,1.02944,1.02947,3.19,1.69
2014.08.01 07:29:43.006,1.02944,1.02947,3.94,3.19
2014.08.01 07:29:43.510,1.02944,1.02947,4.69,1.69
2014.08.01 07:29:44.052,1.02944,1.02947,5.07,1.25
2014.08.01 07:29:44.557,1.02944,1.02947,5.07,3.19
2014.08.01 07:29:47.112,1.02944,1.02946,2.25,1.19
2014.08.01 07:29:47.721,1.02944,1.02946,3.94,1.25
2014.08.01 07:29:48.679,1.02945,1.02947,1.00,1.69
2014.08.01 07:29:49.185,1.02945,1.02947,2.44,1.69
2014.08.01 07:29:49.640,1.02943,1.02945,1.69,1.25
2014.08.01 07:29:50.650,1.02942,1.02945,5.44,1.69
2014.08.01 07:29:59.393,1.02942,1.02943,4.69,1.00
2014.08.01 07:29:59.898,1.02943,1.02944,3.19,1.00
2014.08.01 07:30:00.403,1.02942,1.02944,4.69,1.00
2014.08.01 07:30:00.908,1.02942,1.02944,3.94,1.69
2014.08.01 07:30:01.414,1.02942,1.02943,1.25,1.00
2014.08.01 07:30:01.919,1.02942,1.02944,2.44,1.25
2014.08.01 07:30:02.889,1.02942,1.02943,1.00,1.25
2014.08.01 07:30:03.394,1.02942,1.02944,1.00,2.25
2014.08.01 07:30:03.899,1.02942,1.02944,1.00,3.19
2014.08.01 07:30:05.897,1.02942,1.02944,1.00,1.50
2014.08.01 07:30:20.003,1.02942,1.02944,1.00,2.44
2014.08.01 07:30:21.972,1.02942,1.02944,1.00,2.25
2014.08.01 07:30:22.977,1.02942,1.02944,1.00,3.94
2014.08.01 07:30:24.891,1.02941,1.02944,3.19,6.19
2014.08.01 07:30:27.200,1.02942,1.02943,1.00,1.25
2014.08.01 07:30:31.780,1.02941,1.02943,4.69,1.50
2014.08.01 07:30:32.601,1.02941,1.02943,2.69,1.50
2014.08.01 07:30:33.105,1.02941,1.02943,2.44,1.69
2014.08.01 07:30:36.611,1.02941,1.02943,2.69,1.25
2014.08.01 07:30:37.117,1.02941,1.02943,3.19,1.25
2014.08.01 07:30:38.144,1.02941,1.02943,1.00,2.25
2014.08.01 07:30:41.077,1.02942,1.02944,1.25,2.44
2014.08.01 07:30:42.411,1.02942,1.02943,1.69,1.00
2014.08.01 07:30:42.916,1.02942,1.02945,2.44,5.44
2014.08.01 07:30:45.108,1.02942,1.02945,3.19,4.69
2014.08.01 07:30:49.098,1.02942,1.02945,3.19,4.69
2014.08.01 07:30:50.143,1.02942,1.02944,1.00,1.69
2014.08.01 07:30:53.162,1.02942,1.02944,1.69,2.44
2014.08.01 07:30:54.137,1.02942,1.02944,1.50,3.94
2014.08.01 07:30:54.646,1.02942,1.02945,3.94,3.19
2014.08.01 07:31:01.989,1.02942,1.02943,1.25,1.00
2014.08.01 07:31:03.626,1.02943,1.02944,1.00,1.00
2014.08.01 07:31:03.931,1.02944,1.02947,3.19,6.94
2014.08.01 07:31:04.435,1.02944,1.02946,3.94,1.00
2014.08.01 07:31:05.874,1.02944,1.02946,3.94,1.25
2014.08.01 07:31:12.884,1.02945,1.02947,1.00,1.00
2014.08.01 07:31:24.368,1.02945,1.02948,1.25,1.50
2014.08.01 07:31:24.672,1.02947,1.02949,1.00,3.94
2014.08.01 07:31:25.460,1.02947,1.02949,1.25,3.19
2014.08.01 07:31:26.033,1.02947,1.02948,1.25,1.00
2014.08.01 07:31:26.185,1.02945,1.02948,2.44,3.94
2014.08.01 07:31:33.179,1.02946,1.02948,1.00,3.19
2014.08.01 07:31:33.331,1.02948,1.0295,1.00,3.94
2014.08.01 07:31:33.838,1.02947,1.02949,1.50,1.19
2014.08.01 07:31:34.373,1.02948,1.0295,1.00,3.94
2014.08.01 07:31:35.047,1.02947,1.0295,2.44,3.94
2014.08.01 07:31:35.709,1.02948,1.0295,1.00,3.94
2014.08.01 07:31:36.275,1.02947,1.0295,3.94,3.94
2014.08.01 07:31:36.793,1.02946,1.02949,2.44,4.69
2014.08.01 07:31:39.358,1.02945,1.02947,1.69,1.25
2014.08.01 07:32:01.465,1.02944,1.02947,4.69,3.19
2014.08.01 07:32:01.972,1.02945,1.02947,1.00,3.19
2014.08.01 07:32:03.474,1.02945,1.02947,1.25,1.69
2014.08.01 07:32:05.472,1.02945,1.02947,1.00,1.69
2014.08.01 07:32:09.448,1.02945,1.02947,1.25,1.69
2014.08.01 07:32:10.468,1.02945,1.02947,1.00,2.07
2014.08.01 07:32:13.495,1.02945,1.02947,1.25,2.44
2014.08.01 07:32:14.499,1.02945,1.02947,1.00,3.94
2014.08.01 07:32:15.481,1.02944,1.02947,5.44,3.94
2014.08.01 07:32:15.993,1.02945,1.02947,1.00,3.94
2014.08.01 07:32:16.510,1.02945,1.02947,1.00,1.69
2014.08.01 07:32:17.029,1.02945,1.02947,1.00,3.19
2014.08.01 07:32:17.550,1.02944,1.02947,5.44,3.19
2014.08.01 07:32:22.519,1.02944,1.02947,2.44,1.69
2014.08.01 07:32:23.023,1.02944,1.02947,3.19,3.94
2014.08.01 07:32:23.542,1.02944,1.02947,4.69,2.44
2014.08.01 07:32:24.518,1.02944,1.02947,4.69,3.94
2014.08.01 07:32:30.561,1.02944,1.02946,1.00,3.19
2014.08.01 07:32:32.571,1.02944,1.02946,1.00,1.25
2014.08.01 07:32:34.576,1.02944,1.02947,1.69,3.94
2014.08.01 07:32:35.091,1.02944,1.02947,2.44,5.44
2014.08.01 07:32:51.541,1.02944,1.02946,1.50,1.19
2014.08.01 07:32:52.654,1.02944,1.02947,1.50,5.44
2014.08.01 07:32:53.185,1.02944,1.02946,1.50,1.19
2014.08.01 07:32:54.552,1.02944,1.02946,1.69,1.25
2014.08.01 07:33:00.566,1.02944,1.02946,1.00,1.69
2014.08.01 07:33:15.753,1.02943,1.02946,1.69,4.69
2014.08.01 07:33:16.258,1.02943,1.02946,3.44,3.94
2014.08.01 07:33:16.769,1.02943,1.02945,1.50,1.19
2014.08.01 07:33:18.063,1.02944,1.02945,1.50,1.00
2014.08.01 07:33:18.581,1.02943,1.02946,3.94,3.94
2014.08.01 07:33:22.199,1.02943,1.02945,1.50,1.19
2014.08.01 07:33:23.165,1.02943,1.02945,1.69,1.25
2014.08.01 07:33:24.187,1.02943,1.02945,1.50,1.19
2014.08.01 07:33:25.208,1.02943,1.02946,2.44,4.69
2014.08.01 07:33:26.420,1.02944,1.02946,1.00,2.44
2014.08.01 07:33:28.607,1.02943,1.02946,4.69,2.44
2014.08.01 07:33:30.993,1.02944,1.02946,1.00,3.19
2014.08.01 07:33:31.498,1.02943,1.02946,4.69,2.44
2014.08.01 07:33:32.004,1.02945,1.02947,1.69,1.25
2014.08.01 07:33:32.847,1.02945,1.02948,1.69,3.19
2014.08.01 07:33:33.352,1.02946,1.02948,1.00,3.19
2014.08.01 07:33:39.415,1.02945,1.02946,1.25,1.00
2014.08.01 07:33:40.026,1.02945,1.02947,1.25,1.69
2014.08.01 07:33:40.839,1.02944,1.02947,4.69,1.69
2014.08.01 07:33:41.560,1.02944,1.02947,3.19,1.25
2014.08.01 07:33:42.066,1.02944,1.02946,3.94,1.00
2014.08.01 07:33:42.866,1.02944,1.02946,3.19,1.25
2014.08.01 07:33:43.808,1.02945,1.02946,1.00,1.25
2014.08.01 07:33:47.787,1.02945,1.02947,1.25,1.69
2014.08.01 07:33:50.473,1.02945,1.02947,1.00,3.19
2014.08.01 07:34:00.951,1.02943,1.02946,3.94,3.19
2014.08.01 07:34:01.931,1.02945,1.02946,1.00,3.19
2014.08.01 07:34:02.921,1.02943,1.02946,3.94,3.19
2014.08.01 07:34:03.688,1.02944,1.02946,1.00,3.19
2014.08.01 07:34:04.952,1.02944,1.02946,1.25,3.19
2014.08.01 07:34:06.368,1.02944,1.02947,3.94,1.69
2014.08.01 07:34:06.672,1.02947,1.0295,3.94,3.19
2014.08.01 07:34:07.681,1.02947,1.0295,3.19,3.19
2014.08.01 07:34:14.719,1.02947,1.0295,4.69,1.69
2014.08.01 07:34:20.700,1.02948,1.0295,1.00,2.44
2014.08.01 07:34:24.324,1.02947,1.0295,3.19,3.94
2014.08.01 07:34:36.048,1.02948,1.0295,1.00,3.94
2014.08.01 07:34:36.654,1.02947,1.0295,3.19,4.69
2014.08.01 07:34:37.158,1.02947,1.0295,4.69,2.44
2014.08.01 07:34:40.804,1.02947,1.0295,3.19,3.94
2014.08.01 07:34:45.799,1.02947,1.0295,4.69,2.44
2014.08.01 07:34:46.810,1.02948,1.0295,1.00,3.94
2014.08.01 07:34:47.472,1.02947,1.02949,3.94,1.25
2014.08.01 07:34:52.845,1.02947,1.0295,3.94,3.94
2014.08.01 07:34:58.338,1.02947,1.02949,3.19,1.00
2014.08.01 07:34:59.865,1.02947,1.02949,1.69,1.00
2014.08.01 07:35:00.411,1.02947,1.02949,3.94,1.00
2014.08.01 07:35:00.919,1.02947,1.0295,4.69,1.25
2014.08.01 07:35:01.460,1.02947,1.0295,3.94,2.44
2014.08.01 07:35:03.884,1.02947,1.0295,3.19,1.69
2014.08.01 07:35:04.388,1.02947,1.0295,3.94,4.69
2014.08.01 07:35:04.896,1.02947,1.0295,1.69,4.69
2014.08.01 07:35:15.070,1.02948,1.0295,1.00,3.94
2014.08.01 07:35:15.576,1.02947,1.0295,1.69,4.69
2014.08.01 07:35:17.122,1.02947,1.0295,1.69,2.44
2014.08.01 07:35:17.651,1.02947,1.0295,3.19,3.19
2014.08.01 07:35:19.518,1.02947,1.0295,1.69,2.44
2014.08.01 07:35:20.023,1.02947,1.0295,3.19,3.19
2014.08.01 07:35:22.762,1.02947,1.0295,1.25,2.44
2014.08.01 07:35:23.270,1.02947,1.0295,1.69,4.69
2014.08.01 07:35:29.971,1.02946,1.02949,2.44,3.94
2014.08.01 07:35:30.173,1.02944,1.02947,2.44,2.44
2014.08.01 07:35:30.695,1.02944,1.02947,3.94,3.94
2014.08.01 07:35:31.211,1.02944,1.02946,1.69,1.69
2014.08.01 07:35:32.820,1.02945,1.02947,1.00,4.69
2014.08.01 07:35:33.364,1.02945,1.02947,1.00,4.50
2014.08.01 07:35:33.887,1.02944,1.02947,2.44,4.50
2014.08.01 07:35:34.399,1.02945,1.02947,1.00,4.50
2014.08.01 07:35:35.137,1.02944,1.02947,2.44,4.50
2014.08.01 07:35:35.943,1.02945,1.02947,1.00,4.50
2014.08.01 07:35:36.475,1.02944,1.02947,3.94,3.19
2014.08.01 07:35:38.129,1.02944,1.02947,2.44,4.69
2014.08.01 07:35:38.634,1.02945,1.02947,1.00,4.69
2014.08.01 07:35:39.147,1.02944,1.02947,4.69,3.94
2014.08.01 07:35:39.752,1.02945,1.02947,1.00,3.94
2014.08.01 07:35:40.561,1.02944,1.02947,2.44,3.94
2014.08.01 07:35:41.067,1.02945,1.02947,1.00,3.94
2014.08.01 07:35:41.572,1.02944,1.02947,3.19,3.94
2014.08.01 07:35:49.164,1.02944,1.02947,4.69,3.94
2014.08.01 07:35:51.183,1.02944,1.02947,2.44,4.69
2014.08.01 07:35:59.847,1.02943,1.02945,3.19,1.00
2014.08.01 07:36:00.356,1.02943,1.02945,1.69,1.25
2014.08.01 07:36:03.017,1.02943,1.02944,1.00,1.69
2014.08.01 07:36:03.522,1.02941,1.02944,3.94,2.44
2014.08.01 07:36:11.087,1.02942,1.02945,3.94,3.19
2014.08.01 07:36:13.611,1.02943,1.02946,1.50,3.00
2014.08.01 07:36:13.964,1.02944,1.02947,3.94,1.69
2014.08.01 07:36:15.570,1.02946,1.02948,2.44,3.00
2014.08.01 07:36:15.874,1.02948,1.0295,1.25,2.44
2014.08.01 07:36:22.839,1.02947,1.0295,3.94,3.19
2014.08.01 07:36:25.823,1.02947,1.0295,3.19,3.19
2014.08.01 07:36:26.846,1.02947,1.0295,3.19,3.19
2014.08.01 07:36:27.827,1.02947,1.0295,3.94,3.19
2014.08.01 07:36:28.846,1.02947,1.0295,2.44,1.25
2014.08.01 07:36:29.389,1.02947,1.0295,4.69,1.69
2014.08.01 07:36:30.834,1.02947,1.0295,5.44,3.19
2014.08.01 07:36:32.848,1.02947,1.0295,3.94,3.19
2014.08.01 07:36:33.896,1.02947,1.0295,2.44,1.69
2014.08.01 07:36:34.421,1.02947,1.0295,3.19,3.19
2014.08.01 07:36:48.951,1.02947,1.0295,3.94,3.19
2014.08.01 07:36:49.913,1.02947,1.0295,2.44,3.19
2014.08.01 07:36:53.944,1.02947,1.0295,4.69,2.44
2014.08.01 07:36:55.536,1.02949,1.02952,1.69,5.44
2014.08.01 07:36:55.840,1.02952,1.02954,1.25,2.25
2014.08.01 07:36:56.345,1.02953,1.02956,2.44,4.69
2014.08.01 07:36:57.142,1.02953,1.02956,3.19,3.19
2014.08.01 07:36:59.191,1.02953,1.02956,1.69,4.69
2014.08.01 07:37:00.602,1.02952,1.02954,1.25,1.25
2014.08.01 07:37:01.131,1.02951,1.02953,1.25,1.69
2014.08.01 07:37:02.873,1.0295,1.02953,1.69,5.44
2014.08.01 07:37:05.905,1.0295,1.02953,3.94,4.69
2014.08.01 07:37:06.913,1.0295,1.02953,2.44,4.69
2014.08.01 07:37:07.931,1.0295,1.02953,3.94,3.19
2014.08.01 07:37:08.889,1.0295,1.02953,1.69,2.44
2014.08.01 07:37:09.415,1.0295,1.02953,3.94,4.69
2014.08.01 07:37:13.729,1.0295,1.02952,1.25,3.19
2014.08.01 07:37:14.737,1.02949,1.02952,2.44,3.19
2014.08.01 07:37:15.746,1.02949,1.02952,3.94,3.19
2014.08.01 07:37:17.225,1.0295,1.02953,4.69,3.19
2014.08.01 07:37:17.851,1.02951,1.02954,3.94,2.44
2014.08.01 07:37:23.281,1.02951,1.02953,1.00,1.00
2014.08.01 07:37:23.787,1.0295,1.02953,3.94,2.44
2014.08.01 07:37:27.602,1.02951,1.02953,1.00,2.44
2014.08.01 07:37:29.071,1.0295,1.02953,3.19,3.19
2014.08.01 07:37:30.381,1.02951,1.02953,1.00,2.44
2014.08.01 07:37:30.886,1.0295,1.02953,3.19,3.19
2014.08.01 07:37:31.422,1.02951,1.02953,1.00,2.44
2014.08.01 07:37:32.027,1.0295,1.02953,3.19,3.19
2014.08.01 07:37:32.592,1.0295,1.02953,1.69,1.25
2014.08.01 07:37:33.101,1.02951,1.02953,1.00,2.44
2014.08.01 07:37:34.625,1.02951,1.02953,1.25,1.25
2014.08.01 07:37:37.616,1.0295,1.02953,2.44,3.19
2014.08.01 07:37:38.939,1.0295,1.02952,1.00,3.94
2014.08.01 07:37:39.452,1.02949,1.02952,2.44,3.19
2014.08.01 07:37:39.960,1.02949,1.02952,5.44,1.69
2014.08.01 07:37:40.522,1.02949,1.02951,1.50,3.19
2014.08.01 07:37:40.826,1.02946,1.02948,4.50,3.94
2014.08.01 07:37:41.028,1.02947,1.02949,1.50,3.94
2014.08.01 07:37:41.383,1.02949,1.0295,1.00,1.25
2014.08.01 07:37:43.705,1.02948,1.02951,2.44,3.19
2014.08.01 07:37:44.160,1.02946,1.02948,1.69,1.25
2014.08.01 07:37:44.664,1.02945,1.02947,1.25,1.69
2014.08.01 07:37:45.375,1.02945,1.02947,1.50,2.44
2014.08.01 07:37:46.284,1.02945,1.02947,1.69,1.25
2014.08.01 07:37:46.729,1.02947,1.02948,1.00,1.50
2014.08.01 07:37:46.780,1.02947,1.0295,2.44,2.44
2014.08.01 07:37:47.286,1.02948,1.0295,3.19,1.00
2014.08.01 07:37:47.388,1.02949,1.02952,5.44,2.44
2014.08.01 07:37:48.388,1.02949,1.02952,3.94,3.19
2014.08.01 07:38:01.120,1.0295,1.02952,1.00,2.44
2014.08.01 07:38:01.658,1.0295,1.02952,1.25,1.25
2014.08.01 07:38:02.482,1.02949,1.02952,3.94,1.25
2014.08.01 07:38:03.003,1.0295,1.02952,1.25,1.69
2014.08.01 07:38:04.499,1.02949,1.02952,2.44,3.94
2014.08.01 07:38:05.639,1.02949,1.0295,1.69,1.00
2014.08.01 07:38:06.144,1.02949,1.02951,1.69,1.25
2014.08.01 07:38:07.683,1.02949,1.0295,1.25,1.00
2014.08.01 07:38:07.834,1.02947,1.0295,4.69,1.25
2014.08.01 07:38:08.344,1.02947,1.0295,3.94,3.19
2014.08.01 07:38:13.350,1.02946,1.02948,1.25,1.69
2014.08.01 07:38:14.423,1.02946,1.02948,3.19,1.00
2014.08.01 07:38:14.576,1.02947,1.0295,3.94,2.44
2014.08.01 07:38:15.080,1.02947,1.02949,1.69,1.25
2014.08.01 07:38:15.598,1.02945,1.02948,3.94,2.44
2014.08.01 07:38:16.557,1.02945,1.02948,3.94,3.94
2014.08.01 07:38:17.569,1.02945,1.02948,3.94,2.44
2014.08.01 07:38:18.833,1.02946,1.02948,3.19,1.00
2014.08.01 07:38:19.337,1.02947,1.02949,1.25,1.69
2014.08.01 07:38:19.842,1.02946,1.02948,3.94,1.25
2014.08.01 07:38:23.274,1.02945,1.02947,3.94,1.00
2014.08.01 07:38:23.790,1.02945,1.02948,3.19,3.19
2014.08.01 07:38:24.876,1.02945,1.02948,3.19,4.69
2014.08.01 07:38:25.416,1.02944,1.02946,2.44,1.69
2014.08.01 07:38:26.273,1.02943,1.02946,4.69,4.69
2014.08.01 07:38:28.416,1.02943,1.02944,2.44,1.00
2014.08.01 07:38:28.932,1.02942,1.02944,1.25,1.69
2014.08.01 07:38:31.454,1.02941,1.02943,3.94,1.00
2014.08.01 07:38:32.004,1.02941,1.02943,3.94,1.25
2014.08.01 07:38:34.501,1.02941,1.02944,3.94,2.44
2014.08.01 07:38:38.511,1.02941,1.02944,3.94,2.44
2014.08.01 07:38:39.522,1.02942,1.02944,1.00,3.19
2014.08.01 07:38:40.026,1.02941,1.02944,3.19,4.69
2014.08.01 07:38:47.577,1.0294,1.02943,4.69,2.44
2014.08.01 07:38:48.121,1.02941,1.02943,1.00,2.44
2014.08.01 07:38:48.625,1.0294,1.02943,4.69,2.44
2014.08.01 07:38:49.170,1.02941,1.02943,1.00,2.44
2014.08.01 07:38:49.674,1.0294,1.02942,1.69,1.69
2014.08.01 07:38:50.560,1.0294,1.02943,3.94,2.82
2014.08.01 07:39:01.178,1.02942,1.02943,1.00,1.25
2014.08.01 07:39:01.704,1.02942,1.02944,1.25,1.69
2014.08.01 07:39:02.229,1.02942,1.02943,1.25,1.00
2014.08.01 07:39:02.751,1.02942,1.02944,1.25,1.69
2014.08.01 07:39:07.631,1.02941,1.02944,4.69,2.44
2014.08.01 07:39:18.799,1.0294,1.02942,3.94,1.00
2014.08.01 07:39:19.303,1.0294,1.02943,4.69,2.44
2014.08.01 07:39:28.750,1.02941,1.02944,1.69,2.44
2014.08.01 07:39:29.256,1.02941,1.02943,1.25,1.69
2014.08.01 07:39:43.701,1.02941,1.02944,3.19,2.44
2014.08.01 07:39:44.714,1.02941,1.02944,3.19,2.44
2014.08.01 07:39:58.841,1.02941,1.02943,3.19,1.00
2014.08.01 07:39:59.867,1.02941,1.02943,3.19,1.25
2014.08.01 07:40:00.856,1.02941,1.02943,3.19,1.00
2014.08.01 07:40:01.361,1.02941,1.02943,3.94,1.25
2014.08.01 07:40:01.869,1.02941,1.02943,3.94,1.00
2014.08.01 07:40:02.941,1.02941,1.02944,4.69,1.69
2014.08.01 07:40:03.446,1.02941,1.02943,3.94,1.00
2014.08.01 07:40:04.113,1.02942,1.02944,1.25,1.69
2014.08.01 07:40:04.618,1.02942,1.02943,1.25,1.00
2014.08.01 07:40:05.730,1.02942,1.02944,1.25,1.69
2014.08.01 07:40:13.894,1.02941,1.02944,4.69,1.69
2014.08.01 07:40:16.942,1.02941,1.02944,3.94,1.69
2014.08.01 07:40:19.870,1.02941,1.02943,3.19,1.00
2014.08.01 07:40:20.374,1.02941,1.02943,3.19,1.25
2014.08.01 07:40:32.910,1.02942,1.02943,1.00,1.25
2014.08.01 07:40:33.430,1.02942,1.02944,1.25,1.69
2014.08.01 07:40:36.504,1.02942,1.02944,3.94,1.00
2014.08.01 07:40:37.016,1.02944,1.02945,1.25,1.00
2014.08.01 07:40:37.530,1.02944,1.02946,1.25,1.69
2014.08.01 07:40:42.905,1.02945,1.02948,2.44,3.00
2014.08.01 07:40:43.057,1.02947,1.02949,3.44,1.25
2014.08.01 07:40:43.814,1.02948,1.0295,1.69,1.69
2014.08.01 07:40:45.129,1.02949,1.0295,2.44,1.00
2014.08.01 07:40:45.633,1.02949,1.02952,3.94,4.69
2014.08.01 07:40:46.138,1.02949,1.02952,4.69,3.19
2014.08.01 07:40:48.150,1.0295,1.02951,1.25,1.00
2014.08.01 07:40:48.654,1.02949,1.02952,4.69,3.19
2014.08.01 07:40:52.479,1.0295,1.02953,6.19,2.44
2014.08.01 07:41:00.766,1.0295,1.02952,4.69,1.00
2014.08.01 07:41:01.282,1.0295,1.02952,1.25,1.69
2014.08.01 07:41:05.400,1.02949,1.02951,3.00,1.00
2014.08.01 07:41:05.704,1.02946,1.02948,2.25,3.25
2014.08.01 07:41:06.511,1.02945,1.02947,2.44,1.00
2014.08.01 07:41:07.016,1.02945,1.02948,5.44,2.44
2014.08.01 07:41:07.521,1.02946,1.02948,3.19,1.50
2014.08.01 07:41:08.026,1.02947,1.02949,2.44,2.44
2014.08.01 07:41:12.457,1.02948,1.02949,1.00,1.25
2014.08.01 07:41:20.489,1.02948,1.0295,2.44,1.69
2014.08.01 07:41:20.792,1.0295,1.02952,1.25,2.44
2014.08.01 07:41:22.794,1.0295,1.02953,1.69,3.19
2014.08.01 07:41:23.314,1.0295,1.02953,4.69,2.44
2014.08.01 07:41:24.257,1.02951,1.02953,1.00,2.44
2014.08.01 07:41:24.358,1.02951,1.02954,1.50,3.75
2014.08.01 07:41:26.332,1.02951,1.02954,4.69,5.44
2014.08.01 07:41:28.613,1.0295,1.02952,4.69,1.00
2014.08.01 07:41:29.119,1.0295,1.02953,4.69,3.19
2014.08.01 07:41:29.664,1.0295,1.02953,2.44,6.19
2014.08.01 07:41:33.338,1.0295,1.02953,4.69,3.19
2014.08.01 07:41:34.053,1.0295,1.02953,3.00,1.00
2014.08.01 07:41:34.558,1.02951,1.02953,2.25,1.00
2014.08.01 07:41:35.215,1.02951,1.02954,3.00,3.19
2014.08.01 07:41:35.720,1.02951,1.02953,1.00,1.00
2014.08.01 07:41:39.388,1.02952,1.02953,1.00,1.00
2014.08.01 07:41:39.948,1.02951,1.02953,2.25,1.00
2014.08.01 07:41:42.240,1.02951,1.02954,1.50,3.19
2014.08.01 07:41:49.814,1.02951,1.02954,3.19,5.44
2014.08.01 07:41:58.444,1.02952,1.02953,1.00,1.25
2014.08.01 07:41:59.380,1.02952,1.02954,1.00,2.44
2014.08.01 07:41:59.885,1.02952,1.02953,1.00,1.00
2014.08.01 07:42:00.761,1.02951,1.02953,3.00,1.25
2014.08.01 07:42:07.192,1.02951,1.02954,4.69,3.19
2014.08.01 07:42:08.215,1.02951,1.02954,3.19,4.69
2014.08.01 07:42:15.212,1.02951,1.02953,3.94,1.00
2014.08.01 07:42:19.744,1.02951,1.02954,4.69,3.19
2014.08.01 07:42:20.319,1.02951,1.02954,3.19,4.69
2014.08.01 07:42:22.339,1.02951,1.02952,1.00,1.25
2014.08.01 07:42:22.854,1.02949,1.02951,6.19,1.00
2014.08.01 07:42:23.359,1.02949,1.02951,6.19,1.25
2014.08.01 07:42:26.389,1.02949,1.02951,5.44,1.00
2014.08.01 07:42:27.359,1.02949,1.02951,3.19,1.25
2014.08.01 07:42:30.562,1.02949,1.0295,1.25,1.00
2014.08.01 07:42:31.066,1.02949,1.02951,3.19,1.25
2014.08.01 07:42:32.579,1.02949,1.02951,1.50,3.94
2014.08.01 07:42:33.628,1.02949,1.02951,2.44,1.69
2014.08.01 07:42:52.663,1.02949,1.02952,2.44,1.69
2014.08.01 07:42:53.171,1.02949,1.02952,4.69,3.94
2014.08.01 07:43:06.854,1.02949,1.02952,4.69,2.44
2014.08.01 07:43:12.676,1.02951,1.02953,1.00,2.25
2014.08.01 07:43:13.440,1.0295,1.02953,4.50,1.25
2014.08.01 07:43:14.653,1.0295,1.02953,4.69,3.19
2014.08.01 07:43:15.644,1.0295,1.02952,4.69,1.00
2014.08.01 07:43:16.669,1.0295,1.02952,1.25,1.25
2014.08.01 07:43:17.688,1.0295,1.02953,3.94,3.19
2014.08.01 07:43:21.698,1.0295,1.02953,3.00,1.25
2014.08.01 07:43:22.677,1.0295,1.02953,5.44,1.69
2014.08.01 07:43:23.702,1.0295,1.02953,2.25,1.69
2014.08.01 07:43:26.466,1.02951,1.02954,1.00,6.19
2014.08.01 07:43:26.972,1.02951,1.02954,1.00,6.19
2014.08.01 07:43:27.478,1.02951,1.02953,1.00,1.00
2014.08.01 07:43:29.678,1.0295,1.02952,4.50,1.00
2014.08.01 07:43:32.759,1.0295,1.02951,2.44,1.00
2014.08.01 07:43:33.264,1.0295,1.02952,3.94,1.00
2014.08.01 07:43:33.815,1.0295,1.02951,1.50,1.00
2014.08.01 07:43:35.781,1.0295,1.02952,3.94,1.00
2014.08.01 07:43:36.742,1.0295,1.02951,1.50,1.00
2014.08.01 07:43:37.763,1.0295,1.02952,3.94,1.00
2014.08.01 07:43:38.757,1.0295,1.02951,1.50,1.00
2014.08.01 07:43:41.711,1.02951,1.02952,1.00,1.00
2014.08.01 07:43:42.577,1.0295,1.02952,1.50,1.00
2014.08.01 07:43:43.283,1.02949,1.02952,8.44,1.00
2014.08.01 07:43:43.790,1.0295,1.02952,2.44,1.00
2014.08.01 07:43:44.976,1.02949,1.02951,2.44,1.50
2014.08.01 07:43:45.481,1.02949,1.02951,2.44,1.00
2014.08.01 07:43:46.349,1.02949,1.02951,1.69,1.25
2014.08.01 07:43:46.551,1.02947,1.0295,2.82,1.00
2014.08.01 07:43:47.140,1.02948,1.02949,1.00,1.00
2014.08.01 07:43:54.075,1.02948,1.02949,1.69,1.00
2014.08.01 07:44:00.034,1.02948,1.0295,1.00,1.00
2014.08.01 07:44:02.967,1.02948,1.02949,3.00,1.50
2014.08.01 07:44:03.507,1.02949,1.0295,1.25,1.00
2014.08.01 07:44:08.549,1.02948,1.02949,3.00,1.00
2014.08.01 07:44:13.074,1.02949,1.0295,1.25,1.00
2014.08.01 07:44:17.808,1.02948,1.02949,3.75,1.00
2014.08.01 07:44:18.414,1.02948,1.02949,1.25,1.00
2014.08.01 07:44:18.946,1.02947,1.02949,3.19,1.00
2014.08.01 07:44:19.451,1.02947,1.02948,1.69,1.00
2014.08.01 07:44:20.510,1.02946,1.02948,1.50,1.00
2014.08.01 07:44:21.056,1.02946,1.02948,2.25,1.00
2014.08.01 07:44:21.567,1.02947,1.02948,1.25,1.00
2014.08.01 07:44:23.476,1.02946,1.02947,1.00,1.50
2014.08.01 07:44:23.526,1.02944,1.02946,2.25,1.00
2014.08.01 07:44:23.728,1.02943,1.02944,2.25,1.00
2014.08.01 07:44:24.255,1.02943,1.02945,2.44,1.00
2014.08.01 07:44:25.072,1.02945,1.02947,3.57,1.50
2014.08.01 07:44:25.174,1.02946,1.02948,1.25,1.00
2014.08.01 07:44:25.275,1.02947,1.02949,2.44,1.00
2014.08.01 07:44:26.252,1.02947,1.02948,1.69,1.00
2014.08.01 07:44:26.797,1.02946,1.02947,1.50,1.00
2014.08.01 07:44:27.301,1.02946,1.02948,3.94,1.00
2014.08.01 07:44:28.276,1.02946,1.02947,3.94,1.00
2014.08.01 07:44:30.163,1.02946,1.02948,2.44,2.44
2014.08.01 07:44:30.682,1.02946,1.02948,3.94,1.50
2014.08.01 07:44:32.323,1.02946,1.02948,2.44,1.69
2014.08.01 07:44:34.471,1.02944,1.02947,4.32,1.00
2014.08.01 07:44:34.776,1.02943,1.02944,1.50,1.00
2014.08.01 07:44:35.334,1.02943,1.02945,2.75,1.50
2014.08.01 07:44:35.839,1.02943,1.02945,1.25,1.25
2014.08.01 07:44:39.366,1.02943,1.02944,1.25,1.00
2014.08.01 07:44:39.720,1.02941,1.02943,1.25,1.69
2014.08.01 07:44:41.641,1.0294,1.02943,3.19,3.94
2014.08.01 07:44:42.146,1.0294,1.02943,1.00,6.19
2014.08.01 07:44:42.658,1.0294,1.02943,3.19,5.44
2014.08.01 07:44:44.654,1.0294,1.02943,3.19,3.94
2014.08.01 07:44:47.683,1.02941,1.02943,2.44,1.00
2014.08.01 07:44:49.386,1.02942,1.02944,1.25,2.44
2014.08.01 07:44:49.436,1.02942,1.02944,1.25,2.44
2014.08.01 07:44:49.538,1.02944,1.02946,2.13,1.00
2014.08.01 07:44:49.589,1.02946,1.02949,4.69,3.00
2014.08.01 07:44:49.690,1.02947,1.0295,3.19,3.94
2014.08.01 07:44:50.599,1.02947,1.0295,1.69,5.44
2014.08.01 07:44:52.609,1.02947,1.02948,1.25,1.00
2014.08.01 07:44:54.350,1.02946,1.02949,3.94,3.19
2014.08.01 07:44:54.928,1.02947,1.02948,1.25,1.00
2014.08.01 07:44:55.595,1.02947,1.02949,1.25,1.69
2014.08.01 07:44:58.441,1.02947,1.0295,1.00,3.00
2014.08.01 07:44:59.937,1.02948,1.02951,1.00,2.25
2014.08.01 07:45:00.442,1.0295,1.02952,1.00,1.00
2014.08.01 07:45:00.543,1.02951,1.02954,1.00,3.00
2014.08.01 07:45:00.846,1.02949,1.02951,1.50,1.00
2014.08.01 07:45:01.456,1.02948,1.02951,1.88,1.50
2014.08.01 07:45:01.962,1.02949,1.02951,1.00,1.50
2014.08.01 07:45:02.518,1.02948,1.02951,1.50,1.50
2014.08.01 07:45:06.772,1.02948,1.02951,3.94,2.44
2014.08.01 07:45:08.491,1.02948,1.02951,2.44,3.94
2014.08.01 07:45:12.669,1.02946,1.02949,1.00,3.75
2014.08.01 07:45:12.922,1.02941,1.02943,2.97,1.25
2014.08.01 07:45:13.438,1.02941,1.02944,5.22,2.44
2014.08.01 07:45:15.195,1.02942,1.02945,3.19,2.44
2014.08.01 07:45:15.801,1.02943,1.02945,2.44,1.00
2014.08.01 07:45:16.509,1.02943,1.02946,2.44,2.44
2014.08.01 07:45:17.014,1.02943,1.02946,2.44,3.19
2014.08.01 07:45:17.832,1.02944,1.02946,2.44,1.69
2014.08.01 07:45:18.336,1.02945,1.02948,1.00,3.38
2014.08.01 07:45:18.590,1.02947,1.0295,1.69,5.44
2014.08.01 07:45:18.691,1.02947,1.02948,2.44,1.00
2014.08.01 07:45:18.994,1.02945,1.02946,3.19,1.00
2014.08.01 07:45:23.280,1.02945,1.02947,1.25,2.44
2014.08.01 07:45:23.584,1.02947,1.02949,3.19,1.69
2014.08.01 07:45:24.341,1.02948,1.0295,1.25,2.44
2014.08.01 07:45:25.064,1.02949,1.02951,1.25,3.19
2014.08.01 07:45:28.263,1.02949,1.0295,2.44,1.00
2014.08.01 07:45:28.466,1.02946,1.02949,1.50,2.44
2014.08.01 07:45:28.568,1.02945,1.02948,3.19,4.69
2014.08.01 07:45:29.124,1.02945,1.02947,3.19,1.50
2014.08.01 07:45:29.629,1.02945,1.02946,2.44,1.00
2014.08.01 07:45:32.789,1.02944,1.02946,3.19,1.00
2014.08.01 07:45:33.307,1.02944,1.02946,3.19,1.00
2014.08.01 07:45:34.629,1.02945,1.02947,2.44,2.44
2014.08.01 07:45:39.091,1.02945,1.02946,2.44,1.00
2014.08.01 07:45:39.775,1.02945,1.02947,2.44,2.44
2014.08.01 07:45:41.001,1.02945,1.02946,1.25,1.00
2014.08.01 07:45:41.813,1.02945,1.02947,1.25,3.19
2014.08.01 07:45:42.321,1.02945,1.02946,1.25,1.00
2014.08.01 07:45:43.556,1.02944,1.02946,2.44,1.25
2014.08.01 07:45:49.603,1.02943,1.02945,2.44,1.00
2014.08.01 07:45:51.692,1.02944,1.02946,1.25,2.44
2014.08.01 07:45:59.586,1.02945,1.02947,1.25,2.44
2014.08.01 07:46:17.073,1.02946,1.02947,2.44,1.50
2014.08.01 07:46:17.225,1.02947,1.02949,1.69,4.50
2014.08.01 07:46:17.982,1.02948,1.0295,2.44,1.25
2014.08.01 07:46:20.116,1.02947,1.02949,1.00,2.50
2014.08.01 07:46:20.621,1.02947,1.02948,2.44,3.00
2014.08.01 07:46:21.127,1.02946,1.02948,2.44,1.69
2014.08.01 07:46:21.581,1.02944,1.02946,3.19,1.50
2014.08.01 07:46:22.488,1.02944,1.02946,1.69,1.69
2014.08.01 07:46:26.542,1.02944,1.02946,1.00,2.44
2014.08.01 07:46:26.744,1.02942,1.02945,3.94,2.44
2014.08.01 07:46:27.735,1.02942,1.02945,4.69,2.44
2014.08.01 07:46:39.761,1.02943,1.02946,1.25,2.44
2014.08.01 07:46:40.291,1.02943,1.02946,1.69,4.69
2014.08.01 07:46:52.843,1.02942,1.02945,2.44,1.25
2014.08.01 07:46:53.352,1.02942,1.02945,4.69,1.69
2014.08.01 07:46:54.880,1.02942,1.02945,2.44,4.69
2014.08.01 07:46:56.459,1.02942,1.02944,1.00,3.94
2014.08.01 07:46:56.992,1.02941,1.02943,1.69,1.25
2014.08.01 07:47:00.486,1.02941,1.02944,3.19,3.94
2014.08.01 07:47:18.547,1.02942,1.02944,2.44,1.00
2014.08.01 07:47:27.272,1.02943,1.02945,3.19,1.25
2014.08.01 07:47:32.600,1.02943,1.02945,3.94,1.00
2014.08.01 07:47:35.316,1.02944,1.02946,1.25,1.69
2014.08.01 07:47:36.084,1.02944,1.02945,1.25,1.00
2014.08.01 07:47:36.628,1.02944,1.02946,2.44,1.69
2014.08.01 07:47:37.266,1.02944,1.02945,2.44,1.00
2014.08.01 07:47:39.556,1.02944,1.02946,1.25,1.69
2014.08.01 07:47:39.859,1.02946,1.02947,1.25,1.00
2014.08.01 07:47:39.961,1.02947,1.02949,1.25,2.25
2014.08.01 07:47:40.467,1.02947,1.02948,2.25,1.00
2014.08.01 07:47:40.972,1.02947,1.02949,2.44,1.50
2014.08.01 07:47:42.964,1.02948,1.0295,1.25,3.19
2014.08.01 07:47:43.166,1.0295,1.02952,1.25,1.69
2014.08.01 07:47:43.872,1.0295,1.02951,1.25,1.00
2014.08.01 07:47:44.339,1.02948,1.0295,1.50,1.50
2014.08.01 07:47:44.390,1.02947,1.02948,1.00,1.00
2014.08.01 07:47:44.895,1.02946,1.02947,1.25,1.50
2014.08.01 07:47:45.683,1.02945,1.02947,2.44,2.44
2014.08.01 07:47:57.726,1.02944,1.02947,1.69,2.44
2014.08.01 07:47:58.233,1.02944,1.02947,3.19,3.19
2014.08.01 07:48:02.553,1.02946,1.02947,1.00,2.25
2014.08.01 07:48:02.706,1.02946,1.02949,6.19,1.50
2014.08.01 07:48:03.211,1.02948,1.02949,2.44,1.00
2014.08.01 07:48:05.947,1.02949,1.02951,2.75,3.00
2014.08.01 07:48:06.452,1.02951,1.02952,3.19,1.00
2014.08.01 07:48:06.957,1.02951,1.02954,3.19,3.94
2014.08.01 07:48:08.443,1.02952,1.02953,1.25,1.00
2014.08.01 07:48:09.972,1.02951,1.02954,3.94,3.19
2014.08.01 07:48:13.452,1.02952,1.02954,2.44,2.25
2014.08.01 07:48:14.461,1.02952,1.02954,2.44,2.44
2014.08.01 07:48:15.470,1.02951,1.02953,3.94,1.00
2014.08.01 07:48:18.486,1.02951,1.02953,3.19,1.25
2014.08.01 07:48:37.594,1.02951,1.02953,2.44,1.00
2014.08.01 07:48:38.588,1.02951,1.02953,1.25,1.25
2014.08.01 07:48:42.608,1.02951,1.02953,3.19,1.00
2014.08.01 07:48:44.593,1.02951,1.02953,1.69,1.25
2014.08.01 07:48:49.432,1.02951,1.02952,1.25,1.00
2014.08.01 07:48:49.634,1.02948,1.0295,1.25,1.69
2014.08.01 07:48:50.988,1.02949,1.02951,1.00,3.94
2014.08.01 07:48:51.493,1.02949,1.02951,1.25,1.69
2014.08.01 07:48:53.728,1.02949,1.0295,1.25,1.00
2014.08.01 07:48:54.243,1.02948,1.02951,4.69,2.44
2014.08.01 07:49:01.683,1.02949,1.02952,1.25,3.19
2014.08.01 07:49:02.205,1.02949,1.02952,2.44,4.69
2014.08.01 07:49:02.956,1.0295,1.02952,1.00,3.94
2014.08.01 07:49:03.469,1.0295,1.02952,1.25,3.94
2014.08.01 07:49:09.737,1.02951,1.02953,1.69,1.25
2014.08.01 07:49:10.242,1.02951,1.02952,1.25,1.00
2014.08.01 07:49:10.798,1.02951,1.02953,1.69,1.00
2014.08.01 07:49:11.729,1.02951,1.02954,5.44,1.69
2014.08.01 07:49:13.673,1.02954,1.02955,1.25,1.50
2014.08.01 07:49:13.826,1.02955,1.02959,4.51,1.00
2014.08.01 07:49:14.345,1.02957,1.0296,5.44,3.72
2014.08.01 07:49:15.378,1.02957,1.02959,4.69,1.00
2014.08.01 07:49:16.759,1.02957,1.02959,3.19,1.25
2014.08.01 07:49:18.494,1.02956,1.02959,3.94,3.94
2014.08.01 07:49:18.898,1.02958,1.02959,1.00,1.25
2014.08.01 07:49:19.907,1.02958,1.0296,1.25,1.25
2014.08.01 07:49:24.300,1.02957,1.02958,1.25,1.00
2014.08.01 07:49:24.805,1.02957,1.02959,1.25,2.44
2014.08.01 07:49:25.208,1.02959,1.0296,1.00,1.69
2014.08.01 07:49:26.703,1.02958,1.0296,2.44,1.25
2014.08.01 07:49:27.990,1.02958,1.02959,1.25,1.00
2014.08.01 07:49:28.495,1.02957,1.0296,2.44,3.94
2014.08.01 07:49:29.003,1.02958,1.0296,1.00,3.19
2014.08.01 07:49:29.510,1.02957,1.0296,3.94,3.94
2014.08.01 07:49:30.015,1.02958,1.0296,1.25,1.69
2014.08.01 07:49:42.982,1.02957,1.0296,3.19,2.44
2014.08.01 07:49:43.968,1.02957,1.0296,4.69,1.25
2014.08.01 07:49:47.072,1.02957,1.02959,3.00,1.00
2014.08.01 07:49:47.123,1.02956,1.02958,2.25,1.50
2014.08.01 07:49:47.628,1.02955,1.02957,1.69,1.25
2014.08.01 07:49:48.233,1.02954,1.02957,2.44,3.19
2014.08.01 07:49:49.242,1.02954,1.02957,3.94,1.69
2014.08.01 07:49:51.012,1.02954,1.02956,2.44,1.00
2014.08.01 07:49:51.315,1.02953,1.02955,1.25,1.69
2014.08.01 07:49:51.847,1.02951,1.02954,3.94,3.19
2014.08.01 07:49:52.358,1.02951,1.02954,1.50,1.50
2014.08.01 07:49:52.863,1.0295,1.02953,1.50,1.50
2014.08.01 07:49:53.551,1.0295,1.02952,1.50,1.00
2014.08.01 07:49:54.061,1.0295,1.02953,1.50,1.50
2014.08.01 07:49:55.587,1.0295,1.02952,1.00,1.00
2014.08.01 07:49:55.892,1.02949,1.0295,1.00,1.00
2014.08.01 07:49:56.094,1.02949,1.02952,1.00,2.25
2014.08.01 07:49:56.599,1.0295,1.02953,1.00,2.25
2014.08.01 07:50:01.315,1.0295,1.02952,1.00,1.00
2014.08.01 07:50:01.833,1.0295,1.02953,1.50,1.50
2014.08.01 07:50:02.342,1.0295,1.02952,1.00,1.00
2014.08.01 07:50:02.870,1.02949,1.02952,3.75,1.00
2014.08.01 07:50:03.123,1.02951,1.02952,1.00,1.00
2014.08.01 07:50:03.648,1.0295,1.02952,1.00,1.00
2014.08.01 07:50:04.154,1.02949,1.02952,3.00,1.00
2014.08.01 07:50:04.458,1.02948,1.02952,1.69,3.25
2014.08.01 07:50:04.761,1.02952,1.02954,1.00,3.75
2014.08.01 07:50:04.812,1.02951,1.02954,1.50,2.25
2014.08.01 07:50:05.469,1.02951,1.02954,1.00,2.50
2014.08.01 07:50:05.973,1.02951,1.02954,3.94,2.69
2014.08.01 07:50:06.480,1.02951,1.02954,3.94,5.00
2014.08.01 07:50:10.449,1.0295,1.02952,4.69,1.00
2014.08.01 07:50:11.410,1.0295,1.02952,1.25,1.25
2014.08.01 07:50:11.865,1.02947,1.0295,3.94,1.00
2014.08.01 07:50:12.370,1.02947,1.0295,3.94,1.00
2014.08.01 07:50:12.876,1.02947,1.0295,1.69,1.25
2014.08.01 07:50:13.381,1.02947,1.0295,2.44,3.19
2014.08.01 07:50:13.897,1.02947,1.0295,4.69,1.69
2014.08.01 07:50:14.923,1.02949,1.02951,1.00,3.00
2014.08.01 07:50:15.226,1.0295,1.02954,1.00,7.50
2014.08.01 07:50:15.813,1.0295,1.02954,1.00,3.75
2014.08.01 07:50:16.027,1.0295,1.02951,1.00,1.00
2014.08.01 07:50:16.537,1.02949,1.02951,2.44,1.25
2014.08.01 07:50:17.045,1.02949,1.02951,3.19,1.00
2014.08.01 07:50:17.360,1.0295,1.02953,1.00,1.50
2014.08.01 07:50:17.567,1.02949,1.02953,3.94,1.50
2014.08.01 07:50:17.771,1.02948,1.02951,3.19,3.19
2014.08.01 07:50:20.792,1.02947,1.0295,5.44,3.19
2014.08.01 07:50:22.783,1.02947,1.0295,6.19,3.19
2014.08.01 07:50:23.805,1.02947,1.0295,6.19,3.19
2014.08.01 07:50:25.536,1.02948,1.0295,1.00,3.19
2014.08.01 07:50:26.042,1.02947,1.0295,5.44,1.69
2014.08.01 07:50:29.812,1.02947,1.0295,5.44,3.19
2014.08.01 07:50:35.533,1.02947,1.02949,1.00,3.19
2014.08.01 07:50:35.886,1.02945,1.02948,2.44,3.19
2014.08.01 07:50:36.408,1.02944,1.02947,3.19,3.19
2014.08.01 07:50:36.770,1.02946,1.02947,1.00,3.00
2014.08.01 07:50:36.972,1.02948,1.0295,1.00,6.19
2014.08.01 07:50:37.485,1.02947,1.0295,4.69,3.19
2014.08.01 07:50:38.035,1.02947,1.0295,4.69,1.69
2014.08.01 07:50:41.409,1.02949,1.0295,1.00,1.69
2014.08.01 07:50:41.662,1.02947,1.02949,1.00,1.69
2014.08.01 07:50:41.865,1.02946,1.02947,1.25,1.00
2014.08.01 07:50:42.168,1.02947,1.0295,2.44,7.69
2014.08.01 07:50:44.093,1.02947,1.0295,4.69,5.44
2014.08.01 07:50:45.065,1.02947,1.0295,3.19,3.19
2014.08.01 07:50:47.535,1.02948,1.0295,1.00,2.44
2014.08.01 07:50:48.077,1.02948,1.0295,1.25,1.25
2014.08.01 07:50:52.114,1.02948,1.0295,1.50,2.44
2014.08.01 07:50:53.140,1.02948,1.0295,1.25,1.25
2014.08.01 07:50:54.123,1.02948,1.02951,1.25,2.25
2014.08.01 07:50:54.325,1.0295,1.02951,1.00,1.00
2014.08.01 07:50:54.629,1.02954,1.02956,4.69,1.00
2014.08.01 07:50:54.781,1.02955,1.02957,1.25,1.25
2014.08.01 07:50:55.286,1.02956,1.02957,1.25,1.00
2014.08.01 07:50:55.946,1.02954,1.02957,3.94,2.44
2014.08.01 07:50:57.939,1.02954,1.02956,3.94,1.00
2014.08.01 07:50:58.343,1.02952,1.02955,3.94,3.94
2014.08.01 07:51:01.569,1.02953,1.02955,1.25,1.69
2014.08.01 07:51:01.671,1.02955,1.02956,1.25,2.25
2014.08.01 07:51:01.973,1.02959,1.0296,1.00,1.25
2014.08.01 07:51:02.478,1.02958,1.02961,3.94,7.69
2014.08.01 07:51:03.789,1.02958,1.02959,1.25,1.00
2014.08.01 07:51:04.748,1.02957,1.02959,3.19,1.25
2014.08.01 07:51:05.254,1.02956,1.02958,1.69,1.25
2014.08.01 07:51:07.128,1.02957,1.02958,1.00,1.69
2014.08.01 07:51:07.684,1.02957,1.02959,1.00,3.75
2014.08.01 07:51:08.191,1.02957,1.02959,5.44,1.25
2014.08.01 07:51:08.999,1.02957,1.02959,4.69,1.00
2014.08.01 07:51:10.011,1.02957,1.02959,1.69,1.00
2014.08.01 07:51:10.988,1.02957,1.02959,5.44,1.00
2014.08.01 07:51:12.018,1.02957,1.02959,3.19,1.25
2014.08.01 07:51:12.784,1.02957,1.02959,1.50,3.19
2014.08.01 07:51:13.288,1.02956,1.02958,2.44,2.44
2014.08.01 07:51:13.794,1.02955,1.02957,1.69,1.25
2014.08.01 07:51:14.500,1.02956,1.02958,1.00,2.25
2014.08.01 07:51:14.753,1.02957,1.02959,5.44,1.00
2014.08.01 07:51:15.257,1.02957,1.02958,1.00,1.00
2014.08.01 07:51:15.762,1.02957,1.02959,2.44,1.69
2014.08.01 07:51:16.414,1.02958,1.02959,1.00,1.69
2014.08.01 07:51:16.926,1.02958,1.02959,1.00,1.25
2014.08.01 07:51:17.431,1.02958,1.0296,1.69,1.69
2014.08.01 07:51:19.208,1.02957,1.0296,3.19,3.94
2014.08.01 07:51:19.713,1.02958,1.0296,1.00,3.19
2014.08.01 07:51:20.222,1.02958,1.0296,1.25,2.44
2014.08.01 07:51:22.996,1.02957,1.02959,4.69,1.00
2014.08.01 07:51:23.520,1.02957,1.0296,3.94,2.44
2014.08.01 07:51:28.456,1.02957,1.02959,3.19,1.25
2014.08.01 07:51:28.961,1.02958,1.02959,1.25,1.00
2014.08.01 07:51:29.594,1.02957,1.02959,1.25,1.25
2014.08.01 07:51:30.099,1.02958,1.0296,1.69,1.25
2014.08.01 07:51:33.662,1.02958,1.02959,1.69,1.00
2014.08.01 07:51:34.167,1.02958,1.0296,1.25,2.44
2014.08.01 07:51:36.722,1.02957,1.02959,3.19,1.00
2014.08.01 07:51:37.239,1.02957,1.02959,2.44,1.25
2014.08.01 07:51:37.851,1.02958,1.02959,1.00,1.25
2014.08.01 07:51:38.529,1.02958,1.0296,1.25,3.19
2014.08.01 07:51:41.899,1.02957,1.0296,3.94,4.69
2014.08.01 07:51:44.206,1.02958,1.0296,1.00,3.94
2014.08.01 07:51:44.729,1.02957,1.0296,4.69,3.94
2014.08.01 07:51:45.234,1.02958,1.0296,1.25,1.69
2014.08.01 07:51:46.178,1.02957,1.02959,5.44,1.00
2014.08.01 07:51:46.934,1.02957,1.02959,3.94,1.25
2014.08.01 07:51:49.444,1.02957,1.02959,1.00,4.69
2014.08.01 07:51:49.949,1.02958,1.0296,1.50,2.44
2014.08.01 07:51:50.652,1.02958,1.0296,1.69,1.25
2014.08.01 07:51:51.661,1.02958,1.0296,1.00,3.19
2014.08.01 07:51:52.165,1.02957,1.0296,3.19,3.19
2014.08.01 07:51:54.023,1.02958,1.02959,1.00,1.25
2014.08.01 07:51:54.585,1.02957,1.02959,3.19,1.25
2014.08.01 07:51:55.113,1.02956,1.02958,1.25,1.69
2014.08.01 07:51:58.186,1.02955,1.02957,1.69,1.69
2014.08.01 07:51:58.692,1.02956,1.02957,1.00,1.25
2014.08.01 07:51:59.418,1.02955,1.02958,3.19,3.94
2014.08.01 07:51:59.925,1.02956,1.02958,1.00,3.94
2014.08.01 07:52:00.431,1.02955,1.02958,4.69,2.44
2014.08.01 07:52:01.208,1.02955,1.02958,3.19,3.94
2014.08.01 07:52:07.858,1.02956,1.02957,1.00,1.69
2014.08.01 07:52:08.766,1.02955,1.02957,3.19,1.25
2014.08.01 07:52:12.788,1.02956,1.02957,1.00,1.25
2014.08.01 07:52:13.293,1.02957,1.02959,2.25,1.50
2014.08.01 07:52:13.797,1.02958,1.0296,1.25,2.44
2014.08.01 07:52:14.318,1.02958,1.0296,1.00,3.94
2014.08.01 07:52:19.288,1.02958,1.02961,3.19,3.94
2014.08.01 07:52:30.435,1.02957,1.02959,1.25,1.25
2014.08.01 07:52:32.273,1.02957,1.02958,1.25,1.00
2014.08.01 07:52:32.781,1.02956,1.02958,3.19,1.25
2014.08.01 07:52:41.533,1.02957,1.02958,1.00,1.25
2014.08.01 07:52:42.195,1.02957,1.02959,1.00,3.00
2014.08.01 07:52:43.304,1.02957,1.02959,1.00,3.00
2014.08.01 07:52:49.100,1.02956,1.02959,2.44,3.75
2014.08.01 07:52:50.983,1.02957,1.02959,1.00,3.00
2014.08.01 07:52:51.954,1.02956,1.02959,2.44,3.75
2014.08.01 07:52:53.166,1.02957,1.02959,1.00,3.00
2014.08.01 07:52:57.480,1.02956,1.02959,3.94,3.00
2014.08.01 07:52:58.061,1.02956,1.02959,5.44,3.19
2014.08.01 07:53:00.315,1.02957,1.02959,1.00,3.94
2014.08.01 07:53:03.258,1.02957,1.0296,4.69,4.69
2014.08.01 07:53:04.252,1.02957,1.0296,4.69,3.94
2014.08.01 07:53:05.259,1.02957,1.0296,5.44,3.94
2014.08.01 07:53:10.294,1.02957,1.0296,3.19,3.94
2014.08.01 07:53:11.271,1.02957,1.0296,4.69,3.94
2014.08.01 07:53:12.278,1.02957,1.0296,4.69,3.94
2014.08.01 07:53:14.264,1.02957,1.0296,4.69,3.94
2014.08.01 07:53:15.268,1.02957,1.0296,3.19,3.94
2014.08.01 07:53:17.917,1.02958,1.0296,3.19,1.25
2014.08.01 07:53:18.574,1.02959,1.02961,1.00,3.19
2014.08.01 07:53:19.084,1.02959,1.02961,1.25,1.69
2014.08.01 07:53:22.914,1.02959,1.02961,1.00,3.19
2014.08.01 07:53:23.946,1.02959,1.02961,1.25,1.69
2014.08.01 07:53:37.976,1.02959,1.02961,1.00,3.19
2014.08.01 07:53:39.002,1.02959,1.02961,1.25,1.69
2014.08.01 07:53:50.648,1.02958,1.02959,1.00,1.69
2014.08.01 07:53:51.161,1.02956,1.02959,3.94,3.19
2014.08.01 07:53:51.672,1.02956,1.02958,1.25,1.25
2014.08.01 07:53:55.665,1.02956,1.02958,1.00,3.94
2014.08.01 07:53:56.180,1.02955,1.02958,2.44,3.94
2014.08.01 07:53:57.062,1.02955,1.02956,1.00,1.69
2014.08.01 07:53:57.566,1.02954,1.02956,2.44,1.25
2014.08.01 07:54:00.080,1.02954,1.02956,1.50,2.44
2014.08.01 07:54:00.584,1.02953,1.02956,4.69,3.19
2014.08.01 07:54:01.094,1.02954,1.02956,1.50,2.44
2014.08.01 07:54:03.083,1.02953,1.02956,5.44,3.19
2014.08.01 07:54:03.639,1.02954,1.02956,1.00,3.19
2014.08.01 07:54:05.112,1.02954,1.02956,1.69,1.25
2014.08.01 07:54:07.088,1.02953,1.02956,3.19,3.94
2014.08.01 07:54:08.883,1.02952,1.02953,2.25,1.00
2014.08.01 07:54:09.388,1.02951,1.02954,6.94,2.44
2014.08.01 07:54:09.911,1.02951,1.02954,3.94,3.94
2014.08.01 07:54:11.982,1.02952,1.02953,1.00,1.69
2014.08.01 07:54:12.740,1.02951,1.02953,1.25,2.44
2014.08.01 07:54:13.245,1.02951,1.02953,1.00,3.94
2014.08.01 07:54:14.874,1.02951,1.02953,1.25,1.69
2014.08.01 07:54:19.856,1.02951,1.02953,1.50,3.19
2014.08.01 07:54:21.891,1.0295,1.02952,2.25,2.44
2014.08.01 07:54:22.295,1.02948,1.02951,6.94,5.44
2014.08.01 07:54:24.290,1.02948,1.02951,2.25,3.19
2014.08.01 07:54:24.799,1.02948,1.0295,2.44,1.25
2014.08.01 07:54:26.289,1.02948,1.0295,1.00,3.19
2014.08.01 07:54:28.290,1.02948,1.0295,1.69,1.69
2014.08.01 07:54:32.330,1.02948,1.0295,1.00,3.19
2014.08.01 07:54:34.343,1.02948,1.0295,1.25,1.69
2014.08.01 07:54:36.758,1.02949,1.0295,1.00,2.44
2014.08.01 07:54:37.977,1.02948,1.0295,2.44,1.25
2014.08.01 07:54:39.360,1.02948,1.02951,6.19,1.69
2014.08.01 07:54:40.375,1.02948,1.02951,3.94,3.19
2014.08.01 07:54:50.422,1.02949,1.02951,1.00,2.44
2014.08.01 07:54:50.675,1.0295,1.02952,1.69,1.25
2014.08.01 07:54:50.927,1.02952,1.02954,1.00,3.19
2014.08.01 07:54:51.428,1.02953,1.02955,1.50,3.19
2014.08.01 07:54:52.122,1.02953,1.02955,1.69,1.69
2014.08.01 07:54:56.132,1.02953,1.02955,1.00,3.19
2014.08.01 07:54:56.986,1.02952,1.02955,4.69,3.19
2014.08.01 07:54:57.496,1.02953,1.02955,1.00,3.19
2014.08.01 07:54:57.598,1.02953,1.02958,1.00,6.75
2014.08.01 07:54:57.917,1.02953,1.02957,1.00,1.00
2014.08.01 07:54:58.119,1.02955,1.02956,1.00,3.00
2014.08.01 07:54:58.248,1.02953,1.02956,2.44,3.00
2014.08.01 07:54:58.349,1.02955,1.02957,1.50,2.44
2014.08.01 07:54:58.703,1.02957,1.02958,1.00,1.25
2014.08.01 07:54:58.805,1.02958,1.02961,1.25,6.94
2014.08.01 07:54:59.320,1.02958,1.0296,1.69,1.25
2014.08.01 07:54:59.838,1.02959,1.0296,1.50,1.25
2014.08.01 07:55:00.041,1.02957,1.0296,2.44,3.19
2014.08.01 07:55:00.553,1.02959,1.02962,1.00,1.50
2014.08.01 07:55:00.755,1.02959,1.02964,1.00,5.25
2014.08.01 07:55:01.209,1.02958,1.02964,1.00,1.50
2014.08.01 07:55:01.597,1.02957,1.02962,1.00,3.75
2014.08.01 07:55:01.925,1.02957,1.02959,1.69,1.69
2014.08.01 07:55:02.536,1.02958,1.02959,1.00,1.69
2014.08.01 07:55:03.051,1.02956,1.02959,1.13,5.44
2014.08.01 07:55:03.404,1.02955,1.02957,1.69,1.00
2014.08.01 07:55:03.932,1.02954,1.02957,1.69,4.69
2014.08.01 07:55:05.741,1.02953,1.02956,2.44,4.69
2014.08.01 07:55:06.045,1.02952,1.02953,2.44,1.00
2014.08.01 07:55:06.398,1.0295,1.02952,5.25,1.00
2014.08.01 07:55:07.599,1.02951,1.02952,1.00,1.00
2014.08.01 07:55:07.701,1.02951,1.02954,1.00,2.25
2014.08.01 07:55:08.224,1.02952,1.02953,1.00,1.00
2014.08.01 07:55:08.781,1.02951,1.02953,1.50,1.00
2014.08.01 07:55:11.120,1.02951,1.02954,4.69,1.69
2014.08.01 07:55:24.228,1.02952,1.02954,1.00,1.69
2014.08.01 07:55:24.735,1.02951,1.02954,3.94,2.44
2014.08.01 07:55:25.243,1.02952,1.02954,1.25,1.69
2014.08.01 07:55:28.735,1.02952,1.02953,1.25,1.00
2014.08.01 07:55:34.329,1.02951,1.02953,1.00,1.00
2014.08.01 07:55:34.844,1.02951,1.02954,1.00,2.25
2014.08.01 07:55:35.867,1.02952,1.02954,1.00,1.50
2014.08.01 07:55:36.396,1.02951,1.02954,1.50,1.50
2014.08.01 07:55:36.897,1.02951,1.02954,3.94,3.19
2014.08.01 07:55:38.274,1.02952,1.02954,3.19,1.00
2014.08.01 07:55:38.781,1.02952,1.02954,1.00,1.00
2014.08.01 07:55:39.404,1.02953,1.02954,1.00,1.00
2014.08.01 07:55:40.793,1.02953,1.02955,1.25,3.19
2014.08.01 07:55:41.712,1.02954,1.02956,1.00,3.19
2014.08.01 07:55:42.226,1.02954,1.02957,1.69,4.69
2014.08.01 07:55:42.782,1.02955,1.02957,1.25,1.69
2014.08.01 07:55:52.839,1.02954,1.02957,3.19,4.69
2014.08.01 07:55:53.816,1.02954,1.02957,1.25,2.44
2014.08.01 07:55:54.344,1.02954,1.02957,1.69,4.69
2014.08.01 07:55:56.545,1.02954,1.02955,1.25,1.00
2014.08.01 07:56:11.900,1.02954,1.02957,3.19,2.44
2014.08.01 07:56:14.913,1.02954,1.02955,1.69,1.00
2014.08.01 07:56:20.171,1.02953,1.02956,4.69,1.69
2014.08.01 07:56:20.222,1.02952,1.02954,2.25,1.00
2014.08.01 07:56:21.047,1.02951,1.02954,3.94,3.94
2014.08.01 07:56:21.572,1.02951,1.02953,4.69,1.00
2014.08.01 07:56:22.155,1.02952,1.02954,1.25,2.44
2014.08.01 07:56:23.923,1.02951,1.02953,4.69,1.00
2014.08.01 07:56:27.136,1.02952,1.02954,1.25,2.44
2014.08.01 07:56:35.832,1.02952,1.02954,3.94,1.00
2014.08.01 07:56:36.338,1.02953,1.02955,1.25,1.25
2014.08.01 07:56:36.844,1.02953,1.02956,5.44,1.69
2014.08.01 07:56:38.407,1.02954,1.02957,4.69,2.44
2014.08.01 07:56:38.936,1.02955,1.02958,5.44,1.69
2014.08.01 07:56:40.621,1.02957,1.02958,1.00,1.69
2014.08.01 07:56:41.169,1.02956,1.02958,1.25,1.69
2014.08.01 07:56:42.531,1.02956,1.02959,3.19,3.19
2014.08.01 07:56:43.557,1.02956,1.02959,4.69,4.69
2014.08.01 07:56:44.632,1.02956,1.02959,4.69,4.69
2014.08.01 07:56:45.758,1.02956,1.02959,1.69,2.44
2014.08.01 07:56:46.263,1.02956,1.02959,5.44,3.19
2014.08.01 07:56:48.592,1.02956,1.02959,3.19,3.94
2014.08.01 07:56:54.889,1.02956,1.02958,1.00,4.69
2014.08.01 07:56:55.394,1.02955,1.02956,1.25,1.00
2014.08.01 07:56:56.137,1.02954,1.02957,4.69,2.44
2014.08.01 07:56:59.927,1.02954,1.02957,4.69,3.94
2014.08.01 07:57:00.949,1.02954,1.02957,4.69,3.19
2014.08.01 07:57:02.613,1.02956,1.02958,1.25,1.25
2014.08.01 07:57:10.355,1.02956,1.02957,1.25,1.00
2014.08.01 07:57:11.565,1.02955,1.02957,2.44,1.25
2014.08.01 07:57:12.170,1.02955,1.02956,1.25,1.00
2014.08.01 07:57:12.685,1.02954,1.02956,1.69,1.69
2014.08.01 07:57:13.613,1.02954,1.02956,4.69,1.00
2014.08.01 07:57:16.546,1.02954,1.02957,3.94,3.19
2014.08.01 07:57:21.662,1.02954,1.02957,3.19,3.94
2014.08.01 07:57:23.663,1.02954,1.02957,5.44,1.69
2014.08.01 07:57:33.700,1.02954,1.02957,3.19,3.94
2014.08.01 07:57:35.383,1.02955,1.02957,1.00,2.44
2014.08.01 07:57:35.920,1.02955,1.02957,1.25,1.25
2014.08.01 07:57:39.753,1.02954,1.02957,3.94,3.19
2014.08.01 07:57:40.287,1.02955,1.02957,1.50,2.44
2014.08.01 07:57:40.809,1.02954,1.02957,3.94,3.19
2014.08.01 07:57:42.277,1.02955,1.02957,1.00,3.19
2014.08.01 07:57:42.781,1.02955,1.02957,1.69,1.25
2014.08.01 07:57:43.754,1.02954,1.02957,3.19,3.19
2014.08.01 07:57:44.775,1.02954,1.02957,5.44,1.69
2014.08.01 07:57:56.626,1.02954,1.02956,2.44,1.00
2014.08.01 07:57:57.145,1.02953,1.02956,4.69,1.69
2014.08.01 07:57:58.697,1.02953,1.02956,3.19,3.19
2014.08.01 07:58:02.242,1.02953,1.02954,1.00,1.25
2014.08.01 07:58:02.746,1.02951,1.02954,3.19,3.94
2014.08.01 07:58:33.949,1.0295,1.02953,2.44,3.94
2014.08.01 07:58:36.929,1.02949,1.02952,5.44,3.19
2014.08.01 07:58:37.970,1.02949,1.02952,6.94,1.69
2014.08.01 07:58:42.989,1.0295,1.02953,1.50,2.44
2014.08.01 07:58:43.291,1.02952,1.02954,1.00,3.19
2014.08.01 07:58:43.798,1.02952,1.02955,3.19,4.69
2014.08.01 07:58:46.015,1.02952,1.02955,4.69,1.50
2014.08.01 07:58:46.319,1.02955,1.02958,4.69,2.44
2014.08.01 07:58:54.229,1.02956,1.02959,5.44,1.50
2014.08.01 07:58:55.136,1.02957,1.02959,1.00,3.19
2014.08.01 07:58:55.439,1.02955,1.02957,1.25,1.69
2014.08.01 07:58:56.398,1.02954,1.02956,3.94,1.00
2014.08.01 07:58:56.903,1.02954,1.02956,2.44,1.25
2014.08.01 07:59:10.400,1.02954,1.02956,1.00,3.19
2014.08.01 07:59:10.933,1.02953,1.02956,3.19,3.19
2014.08.01 07:59:13.398,1.02953,1.02956,4.69,1.69
2014.08.01 07:59:23.445,1.02955,1.02958,1.50,1.50
2014.08.01 07:59:23.849,1.02958,1.02959,1.25,1.00
2014.08.01 07:59:24.354,1.02958,1.0296,1.69,1.25
2014.08.01 07:59:29.665,1.02958,1.02959,1.25,1.00
2014.08.01 07:59:29.817,1.02956,1.02958,1.25,2.44
2014.08.01 07:59:30.321,1.02955,1.02957,3.19,1.00
2014.08.01 07:59:30.830,1.02954,1.02957,4.69,1.69
2014.08.01 07:59:34.258,1.02954,1.02956,2.44,1.00
2014.08.01 07:59:34.767,1.02954,1.02956,1.69,1.25
2014.08.01 07:59:36.333,1.02956,1.02958,1.50,1.50
2014.08.01 07:59:36.940,1.02955,1.02957,1.25,1.25
2014.08.01 07:59:37.444,1.02954,1.02957,1.69,3.94
2014.08.01 07:59:40.324,1.02954,1.02957,3.94,1.69
2014.08.01 07:59:41.348,1.02954,1.02957,1.69,3.94
2014.08.01 07:59:46.388,1.02953,1.02956,2.44,3.94
2014.08.01 07:59:47.401,1.02953,1.02956,4.69,2.44
2014.08.01 07:59:48.410,1.02953,1.02956,3.19,3.94
2014.08.01 07:59:49.461,1.02954,1.02956,1.25,1.69
2014.08.01 07:59:53.678,1.02954,1.02955,1.25,1.00
2014.08.01 07:59:53.830,1.02952,1.02954,1.69,1.00
2014.08.01 07:59:54.335,1.0295,1.02951,1.00,1.25
2014.08.01 07:59:54.487,1.02948,1.02951,1.69,4.69
2014.08.01 07:59:54.993,1.02947,1.02949,1.25,1.25
2014.08.01 07:59:55.619,1.02947,1.0295,3.94,1.69
2014.08.01 07:59:56.631,1.02947,1.0295,3.94,3.19
2014.08.01 07:59:57.654,1.02947,1.0295,3.94,1.69
