2011.10.11 09:00:01.068,0.76726,0.76736,2.63,1.50
2011.10.11 09:00:01.568,0.76726,0.76735,2.63,1.50
2011.10.11 09:00:02.528,0.76726,0.76735,2.25,4.13
2011.10.11 09:00:02.663,0.76725,0.76733,1.50,2.25
2011.10.11 09:00:02.793,0.76723,0.76731,3.00,1.50
2011.10.11 09:00:03.263,0.76721,0.76726,1.50,1.50
2011.10.11 09:00:03.526,0.76716,0.76726,1.13,1.88
2011.10.11 09:00:04.128,0.76716,0.76724,1.13,1.50
2011.10.11 09:00:05.159,0.76714,0.76724,1.88,2.25
2011.10.11 09:00:05.297,0.76714,0.76724,1.88,3.00
2011.10.11 09:00:05.898,0.76712,0.76722,1.88,3.00
2011.10.11 09:00:06.469,0.76711,0.76722,3.38,4.13
2011.10.11 09:00:07.042,0.76715,0.76722,3.75,2.25
2011.10.11 09:00:07.546,0.76717,0.76723,3.75,1.50
2011.10.11 09:00:07.790,0.76715,0.76724,4.50,2.63
2011.10.11 09:00:09.360,0.76715,0.76724,1.50,3.38
2011.10.11 09:00:09.903,0.76715,0.76724,1.13,1.50
2011.10.11 09:00:10.030,0.76717,0.76725,3.75,2.63
2011.10.11 09:00:10.760,0.76714,0.76724,5.10,1.50
2011.10.11 09:00:11.369,0.76714,0.76723,4.50,1.88
2011.10.11 09:00:11.737,0.76714,0.76723,5.25,1.50
2011.10.11 09:00:12.746,0.76714,0.76723,5.25,2.63
2011.10.11 09:00:13.468,0.76714,0.76724,5.63,1.13
2011.10.11 09:00:14.196,0.76715,0.76725,1.13,1.13
2011.10.11 09:00:18.709,0.76715,0.76726,2.63,2.63
2011.10.11 09:00:20.104,0.76717,0.76725,1.50,1.88
2011.10.11 09:00:20.476,0.76715,0.76725,5.63,1.13
2011.10.11 09:00:20.602,0.76718,0.76725,1.88,1.13
2011.10.11 09:00:21.004,0.7672,0.7673,1.88,2.25
2011.10.11 09:00:21.404,0.7672,0.7673,1.88,1.50
2011.10.11 09:00:22.011,0.76721,0.76731,1.13,1.50
2011.10.11 09:00:22.858,0.7672,0.76731,1.88,2.25
2011.10.11 09:00:23.636,0.76719,0.76731,6.38,5.63
2011.10.11 09:00:23.770,0.76718,0.76729,5.25,1.88
2011.10.11 09:00:24.148,0.76716,0.76727,5.25,2.63
2011.10.11 09:00:24.690,0.76715,0.76726,2.63,1.50
2011.10.11 09:00:25.612,0.76715,0.76726,2.63,3.00
2011.10.11 09:00:25.872,0.76714,0.76724,7.50,1.50
2011.10.11 09:00:26.121,0.76714,0.76723,3.75,4.13
2011.10.11 09:00:26.667,0.76713,0.76722,1.13,1.50
2011.10.11 09:00:27.271,0.76712,0.76722,1.13,1.13
2011.10.11 09:00:27.798,0.76712,0.76723,1.88,4.73
2011.10.11 09:00:28.766,0.76711,0.76723,4.88,4.13
2011.10.11 09:00:29.751,0.76711,0.76722,4.88,3.38
2011.10.11 09:00:30.362,0.7671,0.76721,1.88,1.88
2011.10.11 09:00:33.397,0.76711,0.76722,1.50,1.50
2011.10.11 09:00:34.282,0.76711,0.76722,1.50,3.75
2011.10.11 09:00:40.365,0.7671,0.76721,1.88,1.88
2011.10.11 09:00:40.960,0.76711,0.76721,1.13,1.13
2011.10.11 09:00:42.611,0.7671,0.7672,1.50,2.63
2011.10.11 09:00:42.746,0.76709,0.7672,4.88,3.38
2011.10.11 09:00:43.593,0.76709,0.7672,2.48,1.50
2011.10.11 09:00:46.532,0.7671,0.76717,4.50,1.88
2011.10.11 09:00:46.991,0.76705,0.76716,1.88,3.38
2011.10.11 09:00:47.585,0.76704,0.76715,5.25,1.13
2011.10.11 09:00:48.177,0.76704,0.76714,1.13,1.13
2011.10.11 09:00:50.074,0.76702,0.76712,5.25,1.50
2011.10.11 09:00:50.199,0.76701,0.76712,5.63,1.50
2011.10.11 09:00:50.566,0.76701,0.76709,1.50,1.80
2011.10.11 09:00:50.930,0.76702,0.76712,3.38,3.00
2011.10.11 09:00:51.061,0.76702,0.76712,4.13,1.50
2011.10.11 09:00:59.436,0.76699,0.76704,3.00,1.88
2011.10.11 09:00:59.679,0.76697,0.76706,3.23,3.00
2011.10.11 09:00:59.810,0.76698,0.76709,6.38,1.50
2011.10.11 09:01:00.417,0.76697,0.76708,5.63,1.50
2011.10.11 09:01:01.027,0.76697,0.76708,5.63,3.38
2011.10.11 09:01:03.806,0.76697,0.76707,1.13,2.63
2011.10.11 09:01:03.927,0.76695,0.76705,1.50,1.13
2011.10.11 09:01:05.256,0.76695,0.76705,1.88,1.13
2011.10.11 09:01:05.844,0.76695,0.76705,1.88,1.88
2011.10.11 09:01:06.804,0.76695,0.76705,3.38,1.50
2011.10.11 09:01:07.170,0.76697,0.76705,1.88,1.50
2011.10.11 09:01:07.548,0.76695,0.76704,2.63,1.50
2011.10.11 09:01:07.808,0.76696,0.76704,1.88,2.63
2011.10.11 09:01:08.779,0.76697,0.76705,1.88,2.63
2011.10.11 09:01:11.999,0.76697,0.76706,2.63,1.50
2011.10.11 09:01:12.586,0.76698,0.76706,1.88,1.50
2011.10.11 09:01:16.064,0.76697,0.76707,2.63,1.88
2011.10.11 09:01:18.197,0.76697,0.76707,1.13,3.38
2011.10.11 09:01:18.447,0.76696,0.76706,1.88,4.35
2011.10.11 09:01:18.578,0.76695,0.76704,1.13,3.00
2011.10.11 09:01:19.759,0.76692,0.76696,1.86,1.50
2011.10.11 09:01:20.248,0.76687,0.76696,1.88,2.10
2011.10.11 09:01:20.767,0.76687,0.76695,1.88,2.25
2011.10.11 09:01:21.375,0.76687,0.76695,1.88,2.63
2011.10.11 09:01:22.467,0.76688,0.76695,1.88,2.25
2011.10.11 09:01:23.067,0.76689,0.76698,2.63,2.63
2011.10.11 09:01:23.920,0.76687,0.76695,4.13,2.25
2011.10.11 09:01:24.055,0.76685,0.76695,2.63,4.13
2011.10.11 09:01:24.658,0.76685,0.76694,1.88,1.50
2011.10.11 09:01:25.025,0.76688,0.76694,1.88,1.50
2011.10.11 09:01:25.268,0.76688,0.76695,1.88,1.88
2011.10.11 09:01:27.330,0.76688,0.76698,1.88,6.00
2011.10.11 09:01:27.935,0.76689,0.76698,1.88,5.63
2011.10.11 09:01:28.296,0.76691,0.76698,1.88,4.88
2011.10.11 09:01:28.895,0.7669,0.767,2.63,4.88
2011.10.11 09:01:29.500,0.7669,0.767,2.63,5.63
2011.10.11 09:01:31.391,0.76689,0.76699,1.88,4.35
2011.10.11 09:01:32.591,0.76688,0.76698,1.13,1.13
2011.10.11 09:01:33.505,0.76687,0.76698,1.88,2.63
2011.10.11 09:01:35.800,0.76687,0.76699,1.50,2.63
2011.10.11 09:01:37.415,0.76687,0.76698,1.50,1.50
2011.10.11 09:01:37.864,0.76685,0.76694,3.00,1.88
2011.10.11 09:01:38.001,0.76684,0.76695,2.25,2.63
2011.10.11 09:01:38.492,0.76685,0.76696,2.63,3.00
2011.10.11 09:01:39.084,0.76686,0.76697,1.13,4.50
2011.10.11 09:01:39.674,0.76686,0.76697,2.63,3.00
2011.10.11 09:01:40.290,0.76686,0.76697,2.63,1.88
2011.10.11 09:01:41.718,0.76685,0.76697,2.25,2.63
2011.10.11 09:01:42.089,0.76687,0.76697,2.63,2.63
2011.10.11 09:01:43.920,0.76685,0.76695,3.21,1.13
2011.10.11 09:01:44.167,0.76686,0.76698,3.38,5.63
2011.10.11 09:01:45.877,0.76686,0.76696,1.50,3.23
2011.10.11 09:01:46.479,0.76685,0.76696,4.88,3.98
2011.10.11 09:01:47.087,0.76686,0.76697,1.13,3.38
2011.10.11 09:01:49.023,0.76687,0.76697,2.63,1.50
2011.10.11 09:01:49.266,0.76689,0.76697,1.88,1.50
2011.10.11 09:01:52.337,0.76686,0.76697,2.63,1.50
2011.10.11 09:01:52.457,0.76689,0.76698,1.88,3.00
2011.10.11 09:01:52.585,0.76689,0.76698,1.88,2.25
2011.10.11 09:01:53.954,0.76687,0.76696,1.88,1.35
2011.10.11 09:01:54.556,0.76688,0.76697,1.88,1.50
2011.10.11 09:01:55.114,0.76688,0.76698,1.88,3.00
2011.10.11 09:01:55.687,0.76687,0.76696,2.63,1.50
2011.10.11 09:01:56.277,0.76687,0.76696,1.88,2.25
2011.10.11 09:01:59.803,0.76687,0.76693,1.88,2.10
2011.10.11 09:02:00.048,0.76681,0.7669,1.13,4.73
2011.10.11 09:02:00.639,0.76682,0.76691,1.88,3.75
2011.10.11 09:02:01.008,0.76685,0.76692,1.88,1.80
2011.10.11 09:02:01.140,0.76686,0.76694,1.88,1.50
2011.10.11 09:02:01.680,0.76685,0.76694,1.88,1.35
2011.10.11 09:02:01.813,0.76683,0.76694,1.88,2.25
2011.10.11 09:02:02.896,0.76682,0.76693,1.88,2.25
2011.10.11 09:02:03.484,0.76682,0.76693,1.13,4.50
2011.10.11 09:02:04.103,0.76685,0.76694,1.88,1.88
2011.10.11 09:02:04.705,0.76684,0.76694,1.88,3.00
2011.10.11 09:02:05.297,0.76685,0.76694,1.88,1.13
2011.10.11 09:02:05.909,0.76685,0.76694,2.63,5.48
2011.10.11 09:02:08.590,0.76685,0.76694,2.63,1.13
2011.10.11 09:02:09.198,0.76685,0.76694,1.88,1.88
2011.10.11 09:02:10.479,0.76685,0.76695,1.88,4.13
2011.10.11 09:02:11.778,0.76684,0.76695,2.63,3.38
2011.10.11 09:02:12.883,0.76684,0.76694,1.88,2.85
2011.10.11 09:02:13.007,0.76682,0.76693,4.13,2.63
2011.10.11 09:02:13.377,0.76682,0.7669,2.63,1.50
2011.10.11 09:02:16.259,0.76682,0.76692,1.88,1.88
2011.10.11 09:02:16.779,0.76682,0.76692,1.88,3.00
2011.10.11 09:02:16.917,0.76682,0.76692,1.88,4.13
2011.10.11 09:02:18.340,0.76682,0.76692,1.88,7.50
2011.10.11 09:02:18.914,0.76681,0.76691,1.88,1.88
2011.10.11 09:02:19.191,0.76683,0.76692,2.63,2.63
2011.10.11 09:02:22.105,0.7668,0.76691,4.13,3.98
2011.10.11 09:02:22.226,0.7668,0.7669,1.88,1.50
2011.10.11 09:02:22.350,0.7668,0.76687,1.13,1.50
2011.10.11 09:02:22.719,0.7668,0.76691,2.63,1.88
2011.10.11 09:02:23.086,0.76682,0.76692,2.63,1.13
2011.10.11 09:02:26.718,0.76682,0.76692,2.63,2.25
2011.10.11 09:02:26.853,0.7668,0.7669,6.38,2.85
2011.10.11 09:02:27.459,0.76679,0.76691,2.63,5.85
2011.10.11 09:02:27.594,0.76682,0.76691,1.13,2.63
2011.10.11 09:02:28.078,0.76682,0.76692,1.13,1.50
2011.10.11 09:02:30.056,0.76682,0.76692,2.63,1.50
2011.10.11 09:02:33.775,0.76691,0.76696,1.88,4.15
2011.10.11 09:02:34.144,0.76697,0.76702,1.50,3.75
2011.10.11 09:02:34.279,0.76701,0.76709,1.88,2.25
2011.10.11 09:02:34.536,0.76699,0.76707,1.13,2.25
2011.10.11 09:02:34.661,0.76701,0.7671,1.88,1.50
2011.10.11 09:02:35.266,0.767,0.76709,1.88,2.25
2011.10.11 09:02:35.830,0.76699,0.76709,1.88,2.63
2011.10.11 09:02:36.677,0.76699,0.76708,1.88,1.50
2011.10.11 09:02:37.266,0.76697,0.76708,3.38,5.48
2011.10.11 09:02:37.391,0.76695,0.76703,2.25,1.50
2011.10.11 09:02:37.519,0.76694,0.76703,1.50,1.50
2011.10.11 09:02:37.768,0.76694,0.76704,1.13,2.63
2011.10.11 09:02:37.899,0.76693,0.76704,1.88,2.63
2011.10.11 09:02:38.594,0.76694,0.76702,1.88,1.50
2011.10.11 09:02:39.768,0.7669,0.76695,5.99,1.35
2011.10.11 09:02:39.904,0.76692,0.76698,2.63,1.50
2011.10.11 09:02:40.151,0.76691,0.767,1.88,3.75
2011.10.11 09:02:40.280,0.76689,0.767,1.88,5.48
2011.10.11 09:02:40.769,0.76692,0.76699,2.63,2.85
2011.10.11 09:02:41.164,0.76695,0.76704,1.88,1.50
2011.10.11 09:02:41.769,0.76695,0.76705,1.88,3.68
2011.10.11 09:02:42.378,0.76693,0.76705,3.38,4.43
2011.10.11 09:02:43.239,0.76693,0.76704,3.38,3.15
2011.10.11 09:02:43.736,0.76693,0.76703,2.63,1.88
2011.10.11 09:02:44.698,0.76692,0.76702,1.13,1.50
2011.10.11 09:02:45.069,0.76691,0.767,1.13,1.50
2011.10.11 09:02:45.560,0.76689,0.767,1.88,3.38
2011.10.11 09:02:45.685,0.76689,0.76699,1.88,1.50
2011.10.11 09:02:46.261,0.76689,0.767,1.88,3.38
2011.10.11 09:02:46.751,0.76688,0.76698,1.13,1.88
2011.10.11 09:02:46.882,0.76689,0.76699,1.13,1.88
2011.10.11 09:02:47.249,0.76691,0.767,2.63,1.50
2011.10.11 09:02:47.855,0.76692,0.76704,1.88,1.88
2011.10.11 09:02:47.978,0.76692,0.76704,1.88,1.88
2011.10.11 09:02:48.576,0.76693,0.76704,3.38,1.13
2011.10.11 09:02:49.086,0.76693,0.76703,1.88,1.13
2011.10.11 09:02:56.144,0.76692,0.76703,1.88,1.50
2011.10.11 09:02:56.724,0.76694,0.76704,1.50,3.38
2011.10.11 09:02:57.087,0.76696,0.76706,2.63,1.50
2011.10.11 09:02:57.337,0.76696,0.76707,3.00,1.13
2011.10.11 09:02:57.851,0.76696,0.76707,2.25,2.63
2011.10.11 09:02:58.824,0.76697,0.76707,1.50,1.88
2011.10.11 09:02:59.426,0.76696,0.76706,1.13,1.13
2011.10.11 09:03:04.478,0.76696,0.76707,2.25,1.50
2011.10.11 09:03:05.067,0.76696,0.76707,3.00,1.50
2011.10.11 09:03:06.304,0.76696,0.76707,3.00,1.50
2011.10.11 09:03:06.997,0.76696,0.76707,2.25,1.50
2011.10.11 09:03:08.203,0.76696,0.76707,3.00,1.50
2011.10.11 09:03:17.058,0.76696,0.76707,3.00,1.50
2011.10.11 09:03:26.957,0.76696,0.76707,3.75,1.50
2011.10.11 09:03:29.869,0.76696,0.76707,3.00,1.50
2011.10.11 09:03:41.931,0.76696,0.76707,1.50,3.38
2011.10.11 09:03:42.306,0.76694,0.76704,1.50,2.63
2011.10.11 09:03:42.792,0.76693,0.76703,3.83,1.13
2011.10.11 09:03:43.399,0.76693,0.76704,6.15,1.13
2011.10.11 09:03:47.364,0.76693,0.76703,2.70,1.13
2011.10.11 09:04:04.121,0.76692,0.76702,1.50,1.88
2011.10.11 09:04:04.725,0.76692,0.76702,1.13,1.13
2011.10.11 09:04:09.397,0.76692,0.76703,1.88,1.13
2011.10.11 09:04:11.076,0.76692,0.76703,3.38,1.13
2011.10.11 09:04:12.290,0.76693,0.76704,2.63,1.13
2011.10.11 09:04:13.831,0.76693,0.76704,2.63,2.63
2011.10.11 09:04:14.427,0.76693,0.76704,2.63,1.88
2011.10.11 09:04:15.119,0.76692,0.76704,2.63,1.13
2011.10.11 09:04:15.606,0.76696,0.76704,1.88,1.50
2011.10.11 09:04:15.853,0.76697,0.76706,1.88,2.25
2011.10.11 09:04:16.458,0.76697,0.76707,1.88,1.13
2011.10.11 09:04:18.598,0.76697,0.76707,1.50,2.63
2011.10.11 09:04:20.555,0.76697,0.76707,3.38,2.25
2011.10.11 09:04:21.381,0.76697,0.76708,1.88,1.88
2011.10.11 09:04:23.737,0.76698,0.76708,1.13,1.13
2011.10.11 09:04:31.052,0.76698,0.76707,1.13,2.10
2011.10.11 09:04:31.179,0.76696,0.76705,3.00,2.48
2011.10.11 09:04:31.313,0.76696,0.76703,1.50,1.88
2011.10.11 09:04:31.802,0.76694,0.76704,1.88,1.13
2011.10.11 09:04:31.931,0.76695,0.76705,1.88,1.50
2011.10.11 09:04:32.065,0.76696,0.76706,1.13,3.23
2011.10.11 09:04:32.667,0.76694,0.76706,2.63,3.98
2011.10.11 09:04:33.279,0.76694,0.76705,2.63,2.63
2011.10.11 09:04:33.887,0.76694,0.76705,3.00,1.88
2011.10.11 09:04:34.796,0.76693,0.76704,1.88,2.63
2011.10.11 09:04:35.400,0.76693,0.76704,1.88,2.63
2011.10.11 09:04:37.638,0.76693,0.76703,1.50,2.63
2011.10.11 09:04:38.238,0.76691,0.76701,3.00,3.38
2011.10.11 09:04:38.850,0.76692,0.76702,2.25,3.38
2011.10.11 09:04:40.806,0.76692,0.76703,2.25,1.13
2011.10.11 09:04:55.339,0.76692,0.76703,3.38,1.13
2011.10.11 09:04:55.472,0.76693,0.76704,2.63,1.88
2011.10.11 09:04:55.600,0.76695,0.76704,1.13,1.50
2011.10.11 09:04:55.971,0.76695,0.76706,1.13,2.25
2011.10.11 09:05:01.750,0.76696,0.76705,2.25,1.88
2011.10.11 09:05:02.117,0.76694,0.76702,1.50,1.88
2011.10.11 09:05:02.245,0.76692,0.76701,2.25,1.88
2011.10.11 09:05:02.371,0.76691,0.76702,3.00,1.13
2011.10.11 09:05:05.490,0.7669,0.76702,4.13,1.13
2011.10.11 09:05:05.620,0.7669,0.76701,4.13,1.88
2011.10.11 09:05:11.548,0.76691,0.76702,2.63,2.63
2011.10.11 09:05:14.601,0.76691,0.76702,4.13,2.63
2011.10.11 09:05:19.190,0.76692,0.76702,1.13,1.13
2011.10.11 09:05:27.176,0.76693,0.76703,1.13,3.38
2011.10.11 09:05:35.955,0.76692,0.76703,1.13,1.13
2011.10.11 09:05:36.561,0.76691,0.76702,3.00,1.88
2011.10.11 09:05:53.117,0.76691,0.76702,3.00,4.13
2011.10.11 09:05:53.717,0.76691,0.76702,3.00,1.88
2011.10.11 09:06:15.054,0.76692,0.76703,1.88,3.38
2011.10.11 09:06:16.558,0.76691,0.76702,3.38,1.13
2011.10.11 09:06:21.208,0.76692,0.76703,1.88,3.00
2011.10.11 09:06:22.150,0.76692,0.76704,2.63,3.38
2011.10.11 09:06:28.640,0.76692,0.76703,1.13,2.63
2011.10.11 09:06:35.487,0.76691,0.76701,3.75,1.88
2011.10.11 09:06:35.607,0.76692,0.76702,1.13,1.13
2011.10.11 09:06:37.990,0.76691,0.76702,1.13,3.38
2011.10.11 09:06:43.727,0.76695,0.76703,1.50,1.50
2011.10.11 09:06:43.849,0.76695,0.76705,1.88,5.48
2011.10.11 09:06:44.098,0.76693,0.76703,2.63,1.88
2011.10.11 09:06:44.231,0.76693,0.76702,1.88,1.50
2011.10.11 09:06:58.730,0.76694,0.76702,1.88,2.25
2011.10.11 09:07:00.447,0.76695,0.76703,1.88,3.75
2011.10.11 09:07:01.224,0.76694,0.76703,1.88,4.50
2011.10.11 09:07:02.898,0.76695,0.76703,1.88,3.75
2011.10.11 09:07:03.504,0.76694,0.76703,1.88,3.75
2011.10.11 09:07:05.906,0.76695,0.76705,2.63,4.13
2011.10.11 09:07:06.511,0.76697,0.76705,1.13,1.50
2011.10.11 09:07:07.474,0.76694,0.76704,1.88,1.50
2011.10.11 09:07:09.459,0.76696,0.76704,1.88,1.50
2011.10.11 09:07:10.744,0.76694,0.76704,1.88,1.50
2011.10.11 09:07:11.425,0.76693,0.76704,3.38,1.50
2011.10.11 09:07:13.566,0.76693,0.76703,1.50,3.98
2011.10.11 09:07:13.689,0.76694,0.76702,1.88,1.50
2011.10.11 09:07:14.420,0.76692,0.76702,1.88,1.13
2011.10.11 09:07:16.477,0.76692,0.76702,1.50,2.63
2011.10.11 09:07:17.078,0.76692,0.76702,1.13,1.13
2011.10.11 09:07:18.648,0.76692,0.76702,1.50,1.88
2011.10.11 09:07:20.567,0.76691,0.76702,3.38,2.63
2011.10.11 09:07:21.820,0.76693,0.76703,2.63,1.50
2011.10.11 09:07:22.188,0.76692,0.76702,2.25,2.63
2011.10.11 09:07:22.797,0.76692,0.76702,2.25,2.63
2011.10.11 09:07:25.198,0.76693,0.76702,1.50,2.63
2011.10.11 09:07:25.331,0.76694,0.76704,1.13,1.13
2011.10.11 09:07:25.460,0.76692,0.76703,2.25,2.63
2011.10.11 09:07:34.229,0.76691,0.76701,3.00,2.63
2011.10.11 09:07:34.587,0.76689,0.767,5.63,1.88
2011.10.11 09:07:35.065,0.76689,0.76701,4.13,2.63
2011.10.11 09:07:36.069,0.76689,0.767,1.88,1.88
2011.10.11 09:07:36.558,0.76689,0.767,3.38,1.88
2011.10.11 09:07:43.726,0.76689,0.76698,2.25,1.88
2011.10.11 09:07:44.316,0.76688,0.76698,1.13,4.35
2011.10.11 09:07:44.680,0.76689,0.767,1.88,1.50
2011.10.11 09:07:45.277,0.7669,0.767,2.25,1.50
2011.10.11 09:07:45.881,0.7669,0.76701,1.50,1.88
2011.10.11 09:07:47.026,0.7669,0.767,1.50,2.63
2011.10.11 09:07:50.990,0.7669,0.767,1.88,1.13
2011.10.11 09:08:07.965,0.7669,0.76701,3.38,3.75
2011.10.11 09:08:08.698,0.76691,0.76701,2.63,3.00
2011.10.11 09:08:18.417,0.76691,0.76702,4.88,2.63
2011.10.11 09:08:20.702,0.76692,0.76703,4.88,2.63
2011.10.11 09:08:21.304,0.76693,0.76703,1.13,3.00
2011.10.11 09:08:23.374,0.76693,0.76703,3.00,1.13
2011.10.11 09:08:23.498,0.76695,0.76705,1.50,1.50
2011.10.11 09:08:23.629,0.76695,0.76703,1.50,1.88
2011.10.11 09:08:23.880,0.76693,0.76703,1.88,1.88
2011.10.11 09:08:25.200,0.76692,0.76704,3.38,1.88
2011.10.11 09:08:27.238,0.76692,0.76702,3.00,1.88
2011.10.11 09:08:39.878,0.76691,0.76701,4.88,1.13
2011.10.11 09:08:43.435,0.76692,0.76702,2.63,1.50
2011.10.11 09:08:44.036,0.76692,0.76701,1.13,1.13
2011.10.11 09:08:44.755,0.76692,0.76702,1.88,1.88
2011.10.11 09:08:48.377,0.76694,0.76703,1.13,2.63
2011.10.11 09:08:48.957,0.76693,0.76703,1.88,3.38
2011.10.11 09:08:52.356,0.76692,0.76702,1.88,1.13
2011.10.11 09:08:52.959,0.76691,0.76702,4.50,1.88
2011.10.11 09:08:53.554,0.76693,0.76702,1.50,1.13
2011.10.11 09:08:59.884,0.76695,0.76703,1.50,3.75
2011.10.11 09:09:00.131,0.76693,0.76703,2.25,3.00
2011.10.11 09:09:15.876,0.76693,0.76703,1.88,1.88
2011.10.11 09:09:26.735,0.76693,0.76703,3.38,2.63
2011.10.11 09:09:27.325,0.76693,0.76703,1.50,4.35
2011.10.11 09:09:27.447,0.76691,0.76703,3.38,4.35
2011.10.11 09:09:43.153,0.76692,0.76701,1.50,1.13
2011.10.11 09:09:45.890,0.76692,0.76702,2.63,1.13
2011.10.11 09:09:47.437,0.76693,0.76703,2.63,1.73
2011.10.11 09:09:55.785,0.76691,0.76703,3.38,2.48
2011.10.11 09:10:03.207,0.76692,0.76703,3.36,1.73
2011.10.11 09:10:03.333,0.76693,0.76704,1.50,2.25
2011.10.11 09:10:03.915,0.76693,0.76704,1.50,1.50
2011.10.11 09:10:08.987,0.76693,0.76703,1.50,1.88
2011.10.11 09:10:11.730,0.76693,0.76703,1.88,3.75
2011.10.11 09:10:12.339,0.76691,0.76702,2.25,1.88
2011.10.11 09:10:16.857,0.76691,0.76701,1.13,1.13
2011.10.11 09:10:19.362,0.76693,0.76703,2.63,2.25
2011.10.11 09:10:19.611,0.76691,0.76701,2.25,1.13
2011.10.11 09:10:31.577,0.7669,0.76701,1.80,2.63
2011.10.11 09:10:32.046,0.7669,0.76701,1.50,1.20
2011.10.11 09:10:32.750,0.76689,0.76698,1.05,1.13
2011.10.11 09:10:33.349,0.76689,0.76699,1.88,1.50
2011.10.11 09:10:33.907,0.76689,0.76701,1.88,2.63
2011.10.11 09:10:38.973,0.76689,0.76699,2.18,1.50
2011.10.11 09:10:40.688,0.76689,0.76699,1.13,1.88
2011.10.11 09:11:02.149,0.76687,0.76699,4.50,3.38
2011.10.11 09:11:02.831,0.76688,0.76699,4.13,1.50
2011.10.11 09:11:03.199,0.7669,0.767,1.13,1.50
2011.10.11 09:11:03.795,0.7669,0.76702,1.88,4.50
2011.10.11 09:11:05.170,0.7669,0.767,1.50,1.88
2011.10.11 09:11:05.765,0.76689,0.767,1.43,3.38
2011.10.11 09:11:06.572,0.76689,0.767,3.68,1.88
2011.10.11 09:11:08.400,0.7669,0.767,1.43,1.13
2011.10.11 09:11:10.791,0.76691,0.76701,1.13,3.75
2011.10.11 09:11:12.616,0.76691,0.76701,1.88,3.00
2011.10.11 09:11:13.326,0.76692,0.76702,2.63,1.50
2011.10.11 09:11:13.781,0.76695,0.76703,1.13,2.25
2011.10.11 09:11:13.914,0.76694,0.76704,1.50,3.23
2011.10.11 09:11:14.517,0.76693,0.76703,2.25,2.63
2011.10.11 09:11:15.107,0.76692,0.76703,2.25,3.00
2011.10.11 09:11:18.310,0.76692,0.76703,1.50,1.13
2011.10.11 09:11:22.541,0.76691,0.76701,2.25,2.63
2011.10.11 09:11:23.146,0.76692,0.76702,1.13,1.13
2011.10.11 09:11:28.328,0.76691,0.76701,2.25,2.63
2011.10.11 09:11:29.143,0.76691,0.76701,1.50,1.50
2011.10.11 09:11:32.511,0.76691,0.76702,2.25,1.13
2011.10.11 09:11:35.392,0.76692,0.76703,2.25,2.63
2011.10.11 09:11:35.878,0.76692,0.76701,1.50,1.13
2011.10.11 09:11:36.435,0.7669,0.76701,2.63,1.13
2011.10.11 09:11:36.564,0.7669,0.76698,1.50,1.13
2011.10.11 09:11:36.694,0.7669,0.767,1.13,2.25
2011.10.11 09:11:36.823,0.7669,0.76702,2.63,1.88
2011.10.11 09:11:37.072,0.7669,0.767,2.25,2.63
2011.10.11 09:11:38.234,0.7669,0.76701,1.50,2.63
2011.10.11 09:11:39.886,0.7669,0.76701,3.38,2.63
2011.10.11 09:11:40.476,0.7669,0.767,2.63,1.13
2011.10.11 09:11:44.477,0.7669,0.767,1.88,1.13
2011.10.11 09:11:45.047,0.7669,0.767,2.63,1.13
2011.10.11 09:11:45.617,0.7669,0.767,1.88,1.13
2011.10.11 09:11:47.484,0.7669,0.767,1.88,1.13
2011.10.11 09:11:48.075,0.7669,0.767,1.88,1.13
2011.10.11 09:11:48.644,0.7669,0.767,2.11,1.13
2011.10.11 09:11:50.349,0.7669,0.767,1.88,1.13
2011.10.11 09:11:50.898,0.7669,0.767,1.88,1.13
2011.10.11 09:11:59.288,0.7669,0.767,1.50,2.63
2011.10.11 09:12:05.755,0.76689,0.767,1.13,1.50
2011.10.11 09:12:06.347,0.7669,0.767,2.25,1.88
2011.10.11 09:12:06.468,0.76687,0.767,4.88,2.63
2011.10.11 09:12:07.067,0.76688,0.76699,1.88,1.50
2011.10.11 09:12:10.231,0.76687,0.76698,1.13,2.63
2011.10.11 09:12:19.177,0.76686,0.76696,1.13,1.13
2011.10.11 09:12:22.556,0.76686,0.76696,1.13,1.88
2011.10.11 09:12:22.798,0.76685,0.76695,1.88,1.88
2011.10.11 09:12:23.643,0.76676,0.76686,1.50,1.50
2011.10.11 09:12:23.770,0.76676,0.76685,2.25,1.88
2011.10.11 09:12:24.141,0.76674,0.76685,4.88,1.88
2011.10.11 09:12:24.736,0.76674,0.76685,3.00,1.13
2011.10.11 09:12:28.115,0.76674,0.76684,2.25,1.88
2011.10.11 09:12:28.241,0.76672,0.76683,5.25,1.88
2011.10.11 09:12:28.728,0.76671,0.76682,3.75,1.88
2011.10.11 09:12:28.863,0.7667,0.76681,2.25,1.13
2011.10.11 09:12:29.470,0.7667,0.76681,1.88,1.50
2011.10.11 09:12:30.092,0.76669,0.7668,1.13,1.88
2011.10.11 09:12:32.231,0.76672,0.76682,1.50,3.75
2011.10.11 09:12:39.998,0.76673,0.76682,1.50,1.50
2011.10.11 09:12:40.479,0.76673,0.76682,2.25,1.50
2011.10.11 09:12:45.371,0.76672,0.76682,1.50,1.50
2011.10.11 09:12:49.330,0.76671,0.76681,2.25,1.50
2011.10.11 09:12:51.927,0.7667,0.76681,1.50,2.48
2011.10.11 09:12:53.227,0.76671,0.76681,1.50,3.00
2011.10.11 09:13:09.164,0.7667,0.76681,3.75,2.25
2011.10.11 09:13:17.411,0.7667,0.76681,2.63,1.50
2011.10.11 09:13:19.345,0.76671,0.76682,3.38,1.88
2011.10.11 09:13:19.834,0.76671,0.7668,1.50,1.13
2011.10.11 09:13:21.973,0.76671,0.7668,3.60,1.13
2011.10.11 09:13:22.434,0.76673,0.76683,1.13,2.25
2011.10.11 09:13:29.882,0.76671,0.76682,2.85,2.63
2011.10.11 09:13:36.831,0.76671,0.76682,1.50,1.88
2011.10.11 09:13:38.192,0.76671,0.76681,1.50,1.13
2011.10.11 09:13:38.889,0.76671,0.76682,1.13,2.63
2011.10.11 09:13:46.316,0.76671,0.76681,1.88,1.13
2011.10.11 09:13:46.443,0.76671,0.76682,1.88,2.63
2011.10.11 09:13:52.420,0.76672,0.76682,1.13,1.13
2011.10.11 09:13:58.591,0.76672,0.76682,1.50,2.63
2011.10.11 09:14:06.689,0.76671,0.76681,3.38,1.13
2011.10.11 09:14:30.201,0.76671,0.76676,1.50,1.88
2011.10.11 09:14:30.725,0.76663,0.76673,2.25,1.88
2011.10.11 09:14:30.977,0.76662,0.76672,2.63,1.13
2011.10.11 09:14:31.466,0.76662,0.76673,2.63,2.63
2011.10.11 09:14:32.639,0.76662,0.7667,1.50,1.88
2011.10.11 09:14:32.884,0.76659,0.7667,1.88,2.63
2011.10.11 09:14:33.253,0.7666,0.76671,1.50,4.50
2011.10.11 09:14:33.733,0.76659,0.7667,4.13,1.88
2011.10.11 09:14:35.232,0.76659,0.76671,3.38,3.15
2011.10.11 09:14:36.189,0.76659,0.76671,2.63,5.10
2011.10.11 09:14:39.804,0.76659,0.76671,4.88,3.00
2011.10.11 09:14:40.152,0.7666,0.76671,1.50,3.75
2011.10.11 09:14:40.282,0.76659,0.7667,1.88,3.38
2011.10.11 09:14:41.720,0.76659,0.76671,2.63,3.75
2011.10.11 09:14:42.406,0.76659,0.76671,3.38,3.00
2011.10.11 09:14:45.370,0.7666,0.76671,1.50,3.75
2011.10.11 09:14:53.547,0.76661,0.76671,1.13,1.13
2011.10.11 09:14:58.239,0.76661,0.76672,1.13,2.63
2011.10.11 09:14:58.835,0.7666,0.76672,4.13,2.63
2011.10.11 09:14:59.659,0.76661,0.76672,1.88,2.63
2011.10.11 09:15:10.523,0.7666,0.76672,3.38,2.63
2011.10.11 09:15:12.739,0.7666,0.76672,3.38,2.25
2011.10.11 09:15:16.231,0.76661,0.76672,1.13,2.25
2011.10.11 09:15:17.578,0.7666,0.76672,2.48,2.63
2011.10.11 09:15:19.708,0.7666,0.76672,1.88,2.63
2011.10.11 09:15:25.395,0.76661,0.76672,1.88,3.38
2011.10.11 09:15:25.939,0.76661,0.76672,1.88,2.63
2011.10.11 09:15:27.638,0.76661,0.76672,1.88,2.63
2011.10.11 09:15:33.299,0.7666,0.76672,3.38,2.63
2011.10.11 09:15:33.660,0.7666,0.76671,1.13,1.50
2011.10.11 09:15:34.230,0.7666,0.76671,1.88,3.38
2011.10.11 09:15:36.403,0.76659,0.7667,2.25,2.25
2011.10.11 09:15:37.006,0.76659,0.76669,2.25,1.50
2011.10.11 09:15:37.930,0.76659,0.76669,1.88,1.50
2011.10.11 09:15:41.978,0.76659,0.76669,3.38,1.50
2011.10.11 09:15:42.100,0.76661,0.76669,1.88,1.50
2011.10.11 09:15:42.658,0.7666,0.76669,1.88,1.50
2011.10.11 09:15:45.399,0.76661,0.76669,1.88,1.50
2011.10.11 09:16:02.687,0.7666,0.7667,2.63,1.88
2011.10.11 09:16:03.416,0.7666,0.76669,1.88,2.25
2011.10.11 09:16:17.763,0.76657,0.76667,2.63,1.13
2011.10.11 09:16:17.892,0.76657,0.76667,1.88,1.88
2011.10.11 09:16:18.504,0.76656,0.76665,1.43,1.13
2011.10.11 09:16:18.627,0.76656,0.76665,1.43,2.63
2011.10.11 09:16:18.994,0.76652,0.7666,1.13,1.50
2011.10.11 09:16:19.124,0.76651,0.7666,2.63,1.50
2011.10.11 09:16:19.729,0.76651,0.76662,3.38,1.50
2011.10.11 09:16:32.068,0.76652,0.76661,1.88,2.25
2011.10.11 09:16:33.482,0.76652,0.76661,1.88,2.25
2011.10.11 09:16:34.083,0.76652,0.76661,1.88,2.25
2011.10.11 09:16:34.331,0.76652,0.76661,1.88,2.25
2011.10.11 09:16:34.913,0.76651,0.76661,2.63,3.54
2011.10.11 09:16:35.042,0.76651,0.76661,2.63,2.79
2011.10.11 09:16:36.448,0.76651,0.76661,1.88,3.54
2011.10.11 09:16:37.564,0.76651,0.76661,2.63,2.63
2011.10.11 09:16:38.733,0.76653,0.76661,1.88,2.25
2011.10.11 09:16:38.860,0.76651,0.76661,2.63,1.88
2011.10.11 09:16:40.010,0.76652,0.76661,1.88,3.00
2011.10.11 09:16:42.650,0.76652,0.76661,1.88,3.75
2011.10.11 09:16:43.239,0.76652,0.76661,1.88,2.25
2011.10.11 09:16:47.182,0.76653,0.76661,1.88,1.50
2011.10.11 09:16:47.315,0.76655,0.76663,1.88,4.88
2011.10.11 09:16:47.441,0.76655,0.76663,1.88,2.63
2011.10.11 09:16:48.489,0.76655,0.76662,1.88,1.88
2011.10.11 09:16:51.923,0.76653,0.76662,3.00,2.25
2011.10.11 09:16:55.382,0.76654,0.76664,1.50,1.13
2011.10.11 09:16:56.445,0.76655,0.76665,1.50,2.63
2011.10.11 09:16:56.580,0.76656,0.76666,1.50,1.13
2011.10.11 09:16:58.133,0.76655,0.76666,3.00,2.25
2011.10.11 09:17:02.111,0.76654,0.76665,1.50,3.98
2011.10.11 09:17:02.350,0.76655,0.76665,1.50,1.13
2011.10.11 09:17:02.964,0.76655,0.76666,3.00,1.88
2011.10.11 09:17:03.570,0.76656,0.76667,1.50,3.00
2011.10.11 09:17:04.392,0.76655,0.76665,3.00,1.88
2011.10.11 09:17:05.078,0.76656,0.76666,1.50,3.00
2011.10.11 09:17:07.760,0.76656,0.76667,2.63,4.50
2011.10.11 09:17:08.352,0.76657,0.76668,2.25,1.13
2011.10.11 09:17:09.081,0.76657,0.76667,2.25,2.63
2011.10.11 09:17:10.195,0.76659,0.76667,3.00,2.63
2011.10.11 09:17:10.444,0.76658,0.76667,1.50,2.63
2011.10.11 09:17:11.050,0.76656,0.76666,1.50,2.63
2011.10.11 09:17:12.804,0.76658,0.76667,2.10,1.88
2011.10.11 09:17:12.933,0.76658,0.76668,2.25,1.88
2011.10.11 09:17:14.136,0.76657,0.76667,5.25,1.88
2011.10.11 09:17:15.219,0.76657,0.76667,3.00,1.88
2011.10.11 09:17:17.854,0.76662,0.76669,1.50,2.63
2011.10.11 09:17:18.462,0.76661,0.7667,3.75,1.13
2011.10.11 09:17:19.703,0.76661,0.7667,2.25,1.88
2011.10.11 09:17:21.393,0.7666,0.76668,3.00,1.88
2011.10.11 09:17:21.528,0.7666,0.7667,2.18,2.63
2011.10.11 09:17:21.658,0.76661,0.7667,1.50,1.13
2011.10.11 09:17:22.026,0.76661,0.76669,1.50,1.88
2011.10.11 09:17:22.636,0.7666,0.76669,2.25,1.88
2011.10.11 09:17:25.984,0.7666,0.76666,1.50,1.88
2011.10.11 09:17:26.115,0.76659,0.76666,1.50,1.88
2011.10.11 09:17:28.044,0.76656,0.76664,4.50,2.63
2011.10.11 09:17:28.415,0.76655,0.76664,2.25,2.63
2011.10.11 09:17:29.139,0.76655,0.76664,2.25,1.13
2011.10.11 09:17:36.181,0.76654,0.76662,2.25,1.13
2011.10.11 09:17:37.287,0.76653,0.76663,3.98,1.13
2011.10.11 09:17:37.644,0.76656,0.76664,3.98,1.50
2011.10.11 09:17:38.260,0.76657,0.76664,2.48,1.50
2011.10.11 09:17:38.651,0.76657,0.76668,3.98,1.88
2011.10.11 09:17:40.573,0.76657,0.76666,1.50,1.88
2011.10.11 09:17:41.427,0.76656,0.76665,1.50,1.88
2011.10.11 09:17:42.035,0.76656,0.76666,2.25,3.38
2011.10.11 09:17:45.089,0.76655,0.76664,2.25,1.88
2011.10.11 09:17:46.750,0.76654,0.76666,3.00,3.38
2011.10.11 09:17:47.455,0.76654,0.76664,1.50,1.13
2011.10.11 09:17:50.276,0.76654,0.76665,4.88,1.13
2011.10.11 09:17:50.798,0.76656,0.76666,2.48,2.63
2011.10.11 09:17:50.923,0.76656,0.76666,2.48,1.88
2011.10.11 09:17:53.157,0.76658,0.76667,1.88,1.50
2011.10.11 09:17:53.525,0.76659,0.7667,1.50,3.38
2011.10.11 09:17:53.925,0.76658,0.76668,3.00,1.88
2011.10.11 09:17:55.643,0.76663,0.7667,1.50,1.13
2011.10.11 09:17:55.892,0.76661,0.7667,2.25,1.88
2011.10.11 09:17:56.023,0.76661,0.7667,1.50,1.88
2011.10.11 09:17:56.637,0.76658,0.76669,3.75,2.63
2011.10.11 09:17:56.765,0.76657,0.76669,2.25,2.63
2011.10.11 09:17:59.093,0.76659,0.76668,2.10,1.13
2011.10.11 09:17:59.652,0.76661,0.7667,3.00,2.63
2011.10.11 09:17:59.792,0.76659,0.76668,1.50,1.88
2011.10.11 09:18:03.473,0.76659,0.7667,2.48,2.25
2011.10.11 09:18:03.605,0.7666,0.76671,1.50,6.60
2011.10.11 09:18:03.976,0.76658,0.76669,2.25,2.63
2011.10.11 09:18:04.568,0.76658,0.76669,1.50,3.38
2011.10.11 09:18:06.454,0.76658,0.76668,2.25,1.88
2011.10.11 09:18:11.572,0.76659,0.76669,1.50,1.50
2011.10.11 09:18:16.816,0.76663,0.76672,1.50,3.98
2011.10.11 09:18:17.065,0.7666,0.76669,1.50,1.88
2011.10.11 09:18:17.672,0.76658,0.76669,2.25,1.88
2011.10.11 09:18:18.270,0.7666,0.76669,2.63,1.50
2011.10.11 09:18:19.698,0.76658,0.76666,2.25,2.10
2011.10.11 09:18:19.941,0.76657,0.76667,1.13,1.50
2011.10.11 09:18:20.543,0.76657,0.76667,1.13,2.63
2011.10.11 09:18:21.034,0.76658,0.76667,1.88,1.88
2011.10.11 09:18:24.161,0.76663,0.76669,1.88,3.75
2011.10.11 09:18:24.285,0.76663,0.7667,1.88,2.25
2011.10.11 09:18:24.646,0.76662,0.76671,1.88,5.25
2011.10.11 09:18:24.784,0.7666,0.76669,2.63,2.25
2011.10.11 09:18:25.396,0.7666,0.76669,2.63,3.00
2011.10.11 09:18:25.534,0.76657,0.76667,2.63,2.63
2011.10.11 09:18:26.144,0.76657,0.76666,2.63,2.63
2011.10.11 09:18:26.859,0.76656,0.76665,2.63,3.60
2011.10.11 09:18:27.490,0.76656,0.76665,1.88,5.70
2011.10.11 09:18:28.210,0.76656,0.76666,1.88,1.73
2011.10.11 09:18:28.790,0.76656,0.76666,1.88,1.13
2011.10.11 09:18:29.391,0.76657,0.76667,1.88,4.50
2011.10.11 09:18:33.290,0.76658,0.76667,1.88,2.63
2011.10.11 09:18:33.541,0.76659,0.76668,1.88,2.25
2011.10.11 09:18:37.286,0.76656,0.76667,2.63,1.50
2011.10.11 09:18:37.894,0.76656,0.76667,1.88,3.00
2011.10.11 09:18:39.532,0.76655,0.76666,3.00,2.63
2011.10.11 09:18:49.331,0.76655,0.76666,4.35,1.88
2011.10.11 09:18:50.030,0.76655,0.76667,4.35,3.00
2011.10.11 09:18:52.533,0.76655,0.76667,2.25,3.00
2011.10.11 09:18:53.515,0.76656,0.76666,2.25,1.13
2011.10.11 09:19:00.027,0.76657,0.76668,1.13,5.25
2011.10.11 09:19:04.166,0.76657,0.76667,1.50,3.75
2011.10.11 09:19:06.785,0.76655,0.76666,1.50,1.88
2011.10.11 09:19:08.179,0.76656,0.76667,1.88,6.38
2011.10.11 09:19:08.770,0.76656,0.76666,2.25,1.88
2011.10.11 09:19:09.010,0.76656,0.76667,2.25,2.25
2011.10.11 09:19:10.731,0.76656,0.76666,3.00,1.88
2011.10.11 09:19:10.852,0.76656,0.76667,2.63,1.88
2011.10.11 09:19:11.221,0.76658,0.76667,1.50,1.88
2011.10.11 09:19:11.821,0.76659,0.76667,1.50,1.88
2011.10.11 09:19:12.347,0.76658,0.76667,1.50,1.88
2011.10.11 09:19:14.353,0.7666,0.76669,2.25,2.18
2011.10.11 09:19:14.868,0.7666,0.76668,1.50,1.88
2011.10.11 09:19:15.473,0.76659,0.76668,3.00,1.88
2011.10.11 09:19:15.849,0.76662,0.76668,1.50,1.88
2011.10.11 09:19:16.099,0.76662,0.7667,1.50,1.88
2011.10.11 09:19:16.710,0.76658,0.76668,2.25,1.13
2011.10.11 09:19:23.357,0.76661,0.7667,1.88,3.38
2011.10.11 09:19:24.704,0.7666,0.7667,1.13,3.38
2011.10.11 09:19:26.891,0.7666,0.7667,2.63,3.38
2011.10.11 09:19:36.163,0.7666,0.7667,2.63,3.38
2011.10.11 09:19:38.804,0.7666,0.7667,1.13,2.63
2011.10.11 09:19:40.064,0.76659,0.7667,1.88,3.38
2011.10.11 09:19:40.551,0.76657,0.76669,3.38,1.88
2011.10.11 09:19:42.102,0.7666,0.76669,1.88,1.50
2011.10.11 09:19:45.189,0.7666,0.7667,1.88,4.13
2011.10.11 09:19:52.744,0.76658,0.76669,1.13,1.50
2011.10.11 09:19:54.011,0.76659,0.76669,1.88,1.88
2011.10.11 09:19:59.210,0.76662,0.7667,1.88,4.13
2011.10.11 09:19:59.333,0.7666,0.7667,1.13,4.50
2011.10.11 09:20:00.065,0.7666,0.76669,1.88,1.50
2011.10.11 09:20:00.430,0.76662,0.76669,1.88,1.50
2011.10.11 09:20:01.035,0.7666,0.7667,3.38,3.00
2011.10.11 09:20:01.165,0.7666,0.7667,1.50,3.00
2011.10.11 09:20:01.537,0.76658,0.76669,2.63,1.50
2011.10.11 09:20:06.567,0.76659,0.76669,1.88,2.63
2011.10.11 09:20:16.041,0.76658,0.76669,3.38,2.25
2011.10.11 09:20:30.111,0.76657,0.76668,1.50,1.13
2011.10.11 09:20:34.615,0.76658,0.76667,1.50,1.88
2011.10.11 09:20:35.725,0.76656,0.76666,4.50,1.88
2011.10.11 09:20:35.857,0.76653,0.76664,2.63,1.13
2011.10.11 09:20:46.543,0.76653,0.76664,2.25,1.13
2011.10.11 09:20:47.143,0.76653,0.76664,1.50,3.68
2011.10.11 09:20:57.121,0.76653,0.76663,1.50,1.88
2011.10.11 09:21:03.841,0.76653,0.76664,1.86,2.63
2011.10.11 09:21:17.594,0.76654,0.76664,1.50,1.88
2011.10.11 09:21:18.339,0.76654,0.76664,1.86,1.50
2011.10.11 09:21:18.475,0.76654,0.76666,2.25,1.50
2011.10.11 09:21:19.084,0.76656,0.76667,1.50,1.50
2011.10.11 09:21:20.655,0.76656,0.76667,1.86,2.25
2011.10.11 09:21:24.049,0.76656,0.76667,1.50,2.25
2011.10.11 09:21:25.855,0.76656,0.76667,1.50,2.25
2011.10.11 09:21:26.214,0.76655,0.76664,1.50,1.05
2011.10.11 09:21:26.845,0.76654,0.76666,3.36,3.45
2011.10.11 09:21:27.223,0.76654,0.76666,3.36,1.50
2011.10.11 09:21:29.170,0.76654,0.76666,3.36,1.50
2011.10.11 09:21:33.305,0.76654,0.76666,1.50,2.10
2011.10.11 09:21:34.029,0.76654,0.76666,2.25,3.60
2011.10.11 09:21:39.632,0.76654,0.76664,1.86,1.50
2011.10.11 09:21:40.230,0.76654,0.76663,1.50,2.25
2011.10.11 09:21:41.474,0.76654,0.76664,1.50,2.25
2011.10.11 09:22:00.153,0.76654,0.76665,1.86,4.35
2011.10.11 09:22:03.393,0.76655,0.76665,2.25,1.50
2011.10.11 09:22:07.052,0.76655,0.76666,3.00,2.25
2011.10.11 09:22:07.780,0.76655,0.76665,1.50,1.50
2011.10.11 09:22:08.500,0.76655,0.76666,1.50,2.25
2011.10.11 09:22:08.620,0.76655,0.76666,1.50,2.25
2011.10.11 09:22:09.220,0.76655,0.76667,2.61,4.50
2011.10.11 09:22:09.822,0.76654,0.76666,2.25,2.25
2011.10.11 09:22:10.230,0.76654,0.76665,1.50,1.50
2011.10.11 09:22:16.354,0.76654,0.76665,1.50,1.50
2011.10.11 09:22:16.954,0.76654,0.76666,1.50,3.00
2011.10.11 09:22:18.778,0.76654,0.76666,1.50,3.38
2011.10.11 09:22:22.130,0.76654,0.76666,1.50,4.13
2011.10.11 09:22:36.523,0.76654,0.76665,1.86,1.50
2011.10.11 09:22:37.688,0.76654,0.76665,1.86,1.50
2011.10.11 09:22:43.379,0.76656,0.76666,1.50,1.50
2011.10.11 09:22:44.241,0.76657,0.76667,1.50,1.88
2011.10.11 09:22:44.372,0.76657,0.76667,1.50,1.88
2011.10.11 09:22:46.314,0.76657,0.76667,1.50,3.38
2011.10.11 09:22:53.301,0.76655,0.76666,1.50,2.10
2011.10.11 09:22:53.803,0.76655,0.76667,1.50,3.75
2011.10.11 09:23:02.225,0.76658,0.76667,1.50,1.88
2011.10.11 09:23:07.901,0.76658,0.76667,1.50,3.00
2011.10.11 09:23:08.624,0.76656,0.76664,1.50,1.50
2011.10.11 09:23:12.443,0.76654,0.76666,1.50,3.75
2011.10.11 09:23:13.284,0.76655,0.76667,2.25,6.75
2011.10.11 09:23:19.759,0.76655,0.76667,2.25,6.00
2011.10.11 09:23:24.005,0.76657,0.76667,1.50,4.88
2011.10.11 09:23:24.616,0.76657,0.76667,1.50,1.50
2011.10.11 09:23:40.577,0.76657,0.76667,1.50,1.50
2011.10.11 09:23:56.731,0.76657,0.76667,1.50,1.50
2011.10.11 09:23:56.971,0.76657,0.76665,1.50,3.75
2011.10.11 09:23:57.095,0.76657,0.76667,1.50,4.35
2011.10.11 09:23:57.688,0.76656,0.76666,1.50,1.88
2011.10.11 09:23:58.049,0.76657,0.76666,1.50,2.63
2011.10.11 09:23:58.595,0.76659,0.76666,1.50,1.13
2011.10.11 09:23:59.191,0.76659,0.76667,1.50,2.63
2011.10.11 09:24:00.553,0.76659,0.76667,1.50,2.63
2011.10.11 09:24:01.703,0.76659,0.76667,1.50,2.63
2011.10.11 09:24:02.298,0.76659,0.76667,1.50,1.88
2011.10.11 09:24:03.003,0.76659,0.76668,1.50,1.88
2011.10.11 09:24:03.133,0.7666,0.76668,1.50,1.88
2011.10.11 09:24:06.370,0.76659,0.76669,2.25,2.85
2011.10.11 09:24:08.924,0.76658,0.76669,1.50,5.10
2011.10.11 09:24:15.216,0.76658,0.76668,2.25,1.50
2011.10.11 09:24:19.449,0.76658,0.76668,1.50,1.88
2011.10.11 09:24:29.261,0.76658,0.76668,1.50,4.50
2011.10.11 09:24:29.504,0.76656,0.76668,1.50,6.00
2011.10.11 09:24:30.778,0.76657,0.76667,1.50,1.50
2011.10.11 09:24:31.406,0.76659,0.76668,1.88,3.38
2011.10.11 09:24:32.196,0.76659,0.76668,1.50,2.63
2011.10.11 09:24:35.596,0.76658,0.76668,1.50,3.38
2011.10.11 09:24:35.968,0.76656,0.76668,3.75,4.13
2011.10.11 09:24:38.185,0.76656,0.76667,2.25,1.50
2011.10.11 09:24:39.139,0.76656,0.76667,2.25,2.25
2011.10.11 09:24:39.720,0.76658,0.76667,1.50,1.50
2011.10.11 09:24:41.020,0.76658,0.76667,1.50,1.50
2011.10.11 09:24:45.602,0.76656,0.76667,2.25,1.50
2011.10.11 09:24:47.663,0.76657,0.76668,2.25,2.25
2011.10.11 09:24:48.773,0.76657,0.76668,2.25,1.13
2011.10.11 09:24:49.382,0.76657,0.76668,4.11,1.13
2011.10.11 09:24:51.277,0.76657,0.76668,3.75,1.13
2011.10.11 09:25:13.081,0.76659,0.76669,1.50,4.13
2011.10.11 09:25:16.431,0.76658,0.76668,1.50,2.85
2011.10.11 09:25:19.659,0.76657,0.76668,2.25,3.23
2011.10.11 09:25:22.800,0.76657,0.76668,3.00,3.23
2011.10.11 09:25:25.563,0.76657,0.76667,3.00,2.48
2011.10.11 09:25:25.931,0.76656,0.76665,1.50,1.50
2011.10.11 09:25:26.531,0.76656,0.76666,1.50,3.60
2011.10.11 09:25:28.547,0.76656,0.76666,1.50,3.60
2011.10.11 09:25:35.281,0.76656,0.76666,1.50,2.10
2011.10.11 09:25:35.894,0.76658,0.76667,1.50,1.88
2011.10.11 09:25:36.974,0.76657,0.76667,1.50,6.38
2011.10.11 09:25:39.471,0.76661,0.76668,1.88,1.13
2011.10.11 09:25:39.832,0.76659,0.7667,3.23,1.88
2011.10.11 09:25:40.473,0.76662,0.76671,1.50,2.63
2011.10.11 09:25:41.071,0.7666,0.76671,1.50,1.50
2011.10.11 09:25:44.105,0.7666,0.76671,2.25,5.63
2011.10.11 09:25:44.351,0.7666,0.76669,2.25,1.50
2011.10.11 09:25:46.323,0.76658,0.76669,3.00,2.25
2011.10.11 09:25:47.521,0.7666,0.7667,1.50,3.00
2011.10.11 09:25:47.643,0.76658,0.7667,4.86,4.88
2011.10.11 09:25:47.778,0.76658,0.76666,2.61,1.50
2011.10.11 09:25:48.159,0.76661,0.76668,1.88,1.88
2011.10.11 09:25:49.157,0.76659,0.76668,2.25,3.00
2011.10.11 09:25:49.409,0.7666,0.76666,1.88,2.63
2011.10.11 09:25:49.545,0.7666,0.76668,1.88,1.88
2011.10.11 09:25:49.680,0.76658,0.76668,3.00,3.23
2011.10.11 09:25:49.927,0.76658,0.76668,3.00,1.88
2011.10.11 09:25:50.299,0.7666,0.76668,2.25,1.88
2011.10.11 09:25:50.803,0.7666,0.76668,1.50,1.88
2011.10.11 09:25:51.404,0.7666,0.76668,1.50,1.88
2011.10.11 09:25:52.011,0.7666,0.7667,1.50,4.13
2011.10.11 09:25:52.368,0.7666,0.76669,1.50,1.50
2011.10.11 09:25:52.956,0.7666,0.76669,1.50,1.50
2011.10.11 09:25:53.446,0.76659,0.76666,2.25,1.50
2011.10.11 09:25:54.052,0.76655,0.76665,2.25,1.50
2011.10.11 09:25:56.752,0.76655,0.76664,1.50,2.10
2011.10.11 09:25:56.887,0.76654,0.76664,3.00,6.98
2011.10.11 09:25:57.016,0.76654,0.76662,1.50,3.00
2011.10.11 09:25:57.263,0.76652,0.76663,2.25,3.00
2011.10.11 09:25:57.392,0.76652,0.76662,2.25,1.50
2011.10.11 09:25:58.872,0.76653,0.76662,1.50,1.50
2011.10.11 09:26:02.659,0.76655,0.76662,1.88,1.35
2011.10.11 09:26:03.242,0.76652,0.76663,1.50,2.85
2011.10.11 09:26:03.841,0.76652,0.76664,1.50,5.63
2011.10.11 09:26:05.822,0.76652,0.76664,1.50,5.63
2011.10.11 09:26:06.183,0.76651,0.76663,3.00,2.85
2011.10.11 09:26:07.927,0.76655,0.76663,1.88,4.35
2011.10.11 09:26:10.578,0.76653,0.76664,1.50,2.63
2011.10.11 09:26:10.708,0.76653,0.76665,2.25,6.23
2011.10.11 09:26:11.881,0.76653,0.76664,1.50,5.10
2011.10.11 09:26:19.233,0.76655,0.76664,1.88,5.10
2011.10.11 09:26:19.596,0.76653,0.76662,1.50,2.85
2011.10.11 09:26:22.965,0.76653,0.76661,1.50,2.10
2011.10.11 09:26:23.094,0.76652,0.76661,1.50,2.85
2011.10.11 09:26:23.691,0.7665,0.76661,2.25,2.85
2011.10.11 09:26:35.062,0.7665,0.7666,2.25,1.50
2011.10.11 09:26:35.640,0.7665,0.76661,3.00,2.85
2011.10.11 09:26:37.099,0.7665,0.76661,3.00,4.73
2011.10.11 09:26:43.843,0.7665,0.76661,2.25,4.35
2011.10.11 09:27:01.568,0.7665,0.7666,1.88,1.13
2011.10.11 09:27:02.473,0.7665,0.7666,1.50,2.63
2011.10.11 09:27:13.041,0.76649,0.7666,1.13,4.13
2011.10.11 09:27:50.058,0.76649,0.76661,3.23,4.50
2011.10.11 09:27:50.669,0.7665,0.76661,2.63,1.50
2011.10.11 09:27:50.911,0.76651,0.76663,1.88,2.63
2011.10.11 09:27:51.454,0.76651,0.76663,2.25,1.88
2011.10.11 09:27:52.065,0.7665,0.76663,3.38,1.88
2011.10.11 09:27:52.783,0.7665,0.76662,4.13,3.38
2011.10.11 09:27:55.944,0.76652,0.76662,1.50,2.63
2011.10.11 09:27:56.293,0.76653,0.76662,1.86,1.88
2011.10.11 09:27:56.438,0.76654,0.76665,2.63,1.88
2011.10.11 09:27:56.925,0.76656,0.76666,1.13,3.00
2011.10.11 09:27:59.991,0.76655,0.76665,1.50,1.88
2011.10.11 09:28:00.454,0.76653,0.76663,1.88,1.88
2011.10.11 09:28:01.055,0.76653,0.76663,3.38,1.50
2011.10.11 09:28:02.384,0.76653,0.76663,1.88,1.88
2011.10.11 09:28:03.037,0.76653,0.76663,4.13,1.13
2011.10.11 09:28:04.704,0.76653,0.76663,1.88,1.13
2011.10.11 09:28:05.191,0.76654,0.76664,1.50,1.13
2011.10.11 09:28:06.952,0.76653,0.76664,3.75,1.50
2011.10.11 09:28:08.515,0.76654,0.76666,2.63,1.13
2011.10.11 09:28:08.648,0.76657,0.76666,1.88,2.25
2011.10.11 09:28:08.778,0.76657,0.76668,3.38,2.63
2011.10.11 09:28:09.473,0.76659,0.76669,1.50,2.63
2011.10.11 09:28:09.621,0.76656,0.76666,3.00,1.88
2011.10.11 09:28:10.358,0.76655,0.76666,1.13,4.88
2011.10.11 09:28:11.107,0.76654,0.76665,3.38,1.88
2011.10.11 09:28:11.834,0.76654,0.76664,1.88,1.13
2011.10.11 09:28:14.451,0.76653,0.76664,1.50,1.88
2011.10.11 09:28:16.172,0.76652,0.76663,3.38,1.88
2011.10.11 09:28:19.394,0.76652,0.76664,4.13,2.63
2011.10.11 09:28:19.656,0.76654,0.76665,2.63,2.63
2011.10.11 09:28:20.270,0.76655,0.76666,1.13,3.00
2011.10.11 09:28:20.818,0.76655,0.76666,2.63,2.25
2011.10.11 09:28:21.687,0.76656,0.76666,2.25,2.25
2011.10.11 09:28:22.082,0.76657,0.76668,4.13,1.50
2011.10.11 09:28:23.114,0.76658,0.76669,1.13,1.88
2011.10.11 09:28:23.507,0.76659,0.76669,1.50,1.13
2011.10.11 09:28:24.649,0.76658,0.76669,1.50,2.63
2011.10.11 09:28:25.256,0.76657,0.76667,3.00,1.13
2011.10.11 09:28:25.627,0.76657,0.76666,1.50,1.88
2011.10.11 09:28:27.062,0.76657,0.76667,1.50,1.13
2011.10.11 09:28:27.423,0.76659,0.76669,1.88,3.00
2011.10.11 09:28:28.033,0.76659,0.76669,1.88,1.13
2011.10.11 09:28:31.386,0.76659,0.76669,1.88,1.13
2011.10.11 09:28:33.183,0.76658,0.76669,4.13,2.63
2011.10.11 09:28:33.722,0.76658,0.76669,2.63,2.63
2011.10.11 09:28:34.792,0.76659,0.76669,1.13,1.13
2011.10.11 09:28:35.666,0.76658,0.76668,2.25,2.63
2011.10.11 09:28:35.807,0.76658,0.76668,1.50,3.38
2011.10.11 09:28:36.417,0.76657,0.76668,1.50,1.88
2011.10.11 09:28:37.872,0.76657,0.76668,2.25,1.88
2011.10.11 09:28:41.648,0.76659,0.76668,1.88,1.50
2011.10.11 09:28:41.778,0.76661,0.76669,1.50,1.13
2011.10.11 09:28:42.342,0.76659,0.76668,3.00,1.88
2011.10.11 09:28:42.539,0.76657,0.76668,2.25,3.38
2011.10.11 09:28:44.832,0.76657,0.76668,1.88,1.88
2011.10.11 09:28:45.424,0.76658,0.76668,1.50,1.13
2011.10.11 09:28:47.141,0.76658,0.76668,1.50,1.13
2011.10.11 09:28:48.523,0.76657,0.76668,1.88,2.63
2011.10.11 09:28:49.101,0.76658,0.76668,1.88,1.13
2011.10.11 09:28:50.109,0.76658,0.76668,1.13,1.13
2011.10.11 09:28:51.303,0.76658,0.76668,2.48,1.13
2011.10.11 09:28:51.793,0.76659,0.76668,1.50,1.13
2011.10.11 09:28:52.485,0.76657,0.76668,2.63,2.63
2011.10.11 09:28:53.093,0.76658,0.76669,1.50,3.38
2011.10.11 09:28:53.225,0.76659,0.76669,1.88,3.00
2011.10.11 09:28:53.834,0.76658,0.76668,3.00,1.88
2011.10.11 09:28:54.703,0.76658,0.76669,1.50,1.13
2011.10.11 09:28:55.273,0.76659,0.7667,3.23,2.25
2011.10.11 09:28:55.522,0.76658,0.76669,3.00,1.13
2011.10.11 09:28:56.123,0.76658,0.76669,2.25,2.63
2011.10.11 09:28:57.443,0.7666,0.7667,1.13,2.63
2011.10.11 09:28:57.938,0.76661,0.76669,1.50,1.88
2011.10.11 09:28:58.063,0.7666,0.7667,1.13,1.88
2011.10.11 09:28:58.676,0.76658,0.7667,3.38,2.63
2011.10.11 09:28:59.986,0.76658,0.7667,3.38,2.63
2011.10.11 09:29:00.357,0.76658,0.7667,2.63,3.38
2011.10.11 09:29:00.966,0.76658,0.76668,2.25,1.45
2011.10.11 09:29:01.453,0.7666,0.7667,1.88,1.50
2011.10.11 09:29:01.693,0.76659,0.7667,1.13,1.50
2011.10.11 09:29:02.300,0.76659,0.7667,2.63,1.50
2011.10.11 09:29:03.737,0.7666,0.76671,1.88,2.63
2011.10.11 09:29:05.383,0.76661,0.76672,1.88,1.88
2011.10.11 09:29:05.995,0.76661,0.76672,1.88,2.63
2011.10.11 09:29:06.957,0.76659,0.76671,4.13,1.13
2011.10.11 09:29:08.710,0.76659,0.76671,3.38,2.63
2011.10.11 09:29:10.622,0.76659,0.76668,1.50,1.13
2011.10.11 09:29:13.531,0.76657,0.76668,2.25,1.88
2011.10.11 09:29:14.010,0.76658,0.76667,1.50,1.88
2011.10.11 09:29:14.613,0.76658,0.76668,1.50,3.38
2011.10.11 09:29:30.307,0.76656,0.76667,4.13,1.13
2011.10.11 09:29:34.354,0.76656,0.76667,3.38,1.13
2011.10.11 09:29:34.950,0.76656,0.76667,3.38,1.13
2011.10.11 09:29:41.485,0.76656,0.76667,1.50,1.13
2011.10.11 09:29:45.938,0.76656,0.76667,1.50,1.13
2011.10.11 09:29:53.393,0.76656,0.76667,1.50,1.13
2011.10.11 09:29:58.210,0.76656,0.76667,2.25,1.13
2011.10.11 09:29:58.791,0.76656,0.76667,2.25,1.13
2011.10.11 09:30:00.203,0.76656,0.76667,2.25,1.13
2011.10.11 09:30:00.790,0.76656,0.76667,3.00,1.13
2011.10.11 09:30:02.293,0.76656,0.76667,2.25,1.13
2011.10.11 09:30:02.889,0.76656,0.76667,2.25,1.13
2011.10.11 09:30:03.474,0.76657,0.76667,1.50,1.13
2011.10.11 09:30:04.531,0.76657,0.76667,1.50,1.13
2011.10.11 09:30:06.864,0.76656,0.76667,2.25,1.13
2011.10.11 09:30:07.880,0.76656,0.76667,3.00,1.13
2011.10.11 09:30:08.125,0.76656,0.76667,3.00,1.13
2011.10.11 09:30:11.121,0.76656,0.76667,3.00,1.13
2011.10.11 09:30:11.700,0.76656,0.76667,2.25,1.13
2011.10.11 09:30:17.136,0.76656,0.76667,3.75,1.88
2011.10.11 09:30:17.890,0.76656,0.76667,3.75,1.88
2011.10.11 09:30:19.135,0.76658,0.76669,1.88,3.38
2011.10.11 09:30:19.380,0.76658,0.76669,2.63,1.88
2011.10.11 09:30:19.971,0.76658,0.76669,1.13,2.63
2011.10.11 09:30:21.338,0.76658,0.76669,1.88,2.63
2011.10.11 09:30:34.881,0.76658,0.76669,1.13,2.63
2011.10.11 09:30:41.702,0.76658,0.76668,1.50,1.88
2011.10.11 09:30:48.952,0.76657,0.76669,3.00,4.13
2011.10.11 09:30:49.558,0.76657,0.76668,3.00,1.88
2011.10.11 09:30:51.463,0.76658,0.76669,1.13,4.13
2011.10.11 09:30:51.835,0.76658,0.76669,2.63,3.38
2011.10.11 09:30:53.273,0.7666,0.76669,1.50,1.13
2011.10.11 09:30:54.005,0.7666,0.7667,2.63,1.13
2011.10.11 09:30:54.544,0.76661,0.76671,2.63,1.13
2011.10.11 09:30:56.590,0.76661,0.76671,2.25,2.63
2011.10.11 09:30:59.599,0.7666,0.76671,1.88,3.38
2011.10.11 09:31:01.000,0.7666,0.7667,2.25,3.98
2011.10.11 09:31:01.605,0.76659,0.76667,1.50,1.88
2011.10.11 09:31:01.742,0.76658,0.76667,3.00,1.88
2011.10.11 09:31:03.065,0.76658,0.76668,3.00,1.13
2011.10.11 09:31:05.644,0.76658,0.76668,3.00,2.63
2011.10.11 09:31:05.775,0.76658,0.76668,2.25,1.35
2011.10.11 09:31:05.902,0.76658,0.76668,3.00,3.98
2011.10.11 09:31:14.166,0.76655,0.76667,3.75,2.63
2011.10.11 09:31:14.307,0.76655,0.76666,3.00,1.88
2011.10.11 09:31:15.491,0.76655,0.76666,2.25,3.98
2011.10.11 09:31:16.094,0.76655,0.76666,1.50,4.13
2011.10.11 09:31:18.550,0.76655,0.76666,1.50,4.58
2011.10.11 09:31:25.242,0.76655,0.76666,2.63,2.25
2011.10.11 09:31:26.331,0.76655,0.76666,2.63,4.13
2011.10.11 09:31:30.411,0.76655,0.76666,1.50,1.88
2011.10.11 09:31:32.345,0.76657,0.76666,1.13,1.50
2011.10.11 09:31:33.940,0.76655,0.76666,3.23,1.50
2011.10.11 09:31:46.884,0.76655,0.76666,3.00,3.38
2011.10.11 09:31:47.484,0.76655,0.76665,1.50,1.13
2011.10.11 09:31:53.519,0.76654,0.76665,1.88,1.50
2011.10.11 09:31:56.751,0.76654,0.76664,1.88,1.13
2011.10.11 09:31:58.362,0.76654,0.76664,1.13,1.13
2011.10.11 09:31:58.969,0.76654,0.76664,1.88,1.13
2011.10.11 09:32:14.462,0.76655,0.76666,3.38,2.63
2011.10.11 09:32:18.348,0.76655,0.76666,3.38,2.63
2011.10.11 09:32:23.398,0.76655,0.76665,3.00,1.88
2011.10.11 09:32:23.645,0.76654,0.76664,1.88,1.13
2011.10.11 09:32:24.971,0.76655,0.76665,1.50,2.25
2011.10.11 09:32:25.098,0.76655,0.76665,2.25,1.50
2011.10.11 09:32:25.661,0.76655,0.76666,3.00,1.13
2011.10.11 09:32:35.480,0.76655,0.76666,2.25,2.63
2011.10.11 09:32:37.809,0.76655,0.76665,2.25,1.88
2011.10.11 09:32:37.934,0.76655,0.76663,1.50,1.88
2011.10.11 09:32:38.537,0.76654,0.76664,2.25,2.63
2011.10.11 09:32:39.248,0.76654,0.76664,2.63,3.00
2011.10.11 09:32:40.801,0.76654,0.76664,2.25,4.50
2011.10.11 09:32:47.570,0.76654,0.76664,2.25,2.63
2011.10.11 09:32:49.402,0.76654,0.76664,1.50,3.00
2011.10.11 09:32:49.979,0.76654,0.76664,1.50,2.25
2011.10.11 09:32:54.607,0.76654,0.76664,1.50,3.00
2011.10.11 09:32:55.372,0.76654,0.76664,2.25,3.00
2011.10.11 09:32:58.521,0.76654,0.76663,1.50,1.88
2011.10.11 09:32:58.770,0.76654,0.76664,1.50,3.75
2011.10.11 09:32:59.371,0.76654,0.76664,1.50,3.75
2011.10.11 09:32:59.619,0.76652,0.76664,1.13,4.50
2011.10.11 09:33:02.131,0.76653,0.76664,1.50,3.75
2011.10.11 09:33:03.050,0.76653,0.76664,3.38,3.00
2011.10.11 09:33:03.173,0.76654,0.76664,1.88,3.00
2011.10.11 09:33:06.871,0.76655,0.76666,2.10,1.88
2011.10.11 09:33:10.103,0.76655,0.76666,2.10,1.88
2011.10.11 09:33:12.161,0.76655,0.76666,2.48,1.50
2011.10.11 09:33:16.970,0.76656,0.76664,1.50,1.88
2011.10.11 09:33:17.362,0.76655,0.76666,2.25,1.73
2011.10.11 09:33:17.865,0.76655,0.76665,1.50,1.13
2011.10.11 09:33:23.000,0.76655,0.76664,1.50,1.13
2011.10.11 09:33:23.121,0.76653,0.76664,1.86,1.88
2011.10.11 09:33:24.743,0.76654,0.76664,1.13,1.13
2011.10.11 09:33:26.581,0.76653,0.76665,3.38,2.63
2011.10.11 09:33:26.709,0.76653,0.76665,2.63,3.38
2011.10.11 09:33:26.830,0.76653,0.76665,3.38,2.63
2011.10.11 09:33:30.783,0.76653,0.76665,3.38,4.50
2011.10.11 09:33:37.731,0.76653,0.76665,3.38,4.50
2011.10.11 09:33:41.411,0.76653,0.76665,3.38,4.50
2011.10.11 09:33:43.329,0.76653,0.76665,3.38,3.75
2011.10.11 09:33:44.103,0.76653,0.76665,3.38,4.50
2011.10.11 09:33:44.678,0.76653,0.76665,3.38,4.50
2011.10.11 09:33:50.842,0.76653,0.76665,3.38,3.75
2011.10.11 09:33:51.431,0.76654,0.76665,2.25,2.25
2011.10.11 09:33:52.454,0.76654,0.76665,1.50,1.13
2011.10.11 09:33:53.050,0.76654,0.76666,1.50,13.20
2011.10.11 09:33:53.665,0.76653,0.76665,2.25,3.00
2011.10.11 09:34:03.480,0.76653,0.76664,2.63,1.88
2011.10.11 09:34:04.077,0.76653,0.76664,1.88,3.68
2011.10.11 09:34:04.931,0.76653,0.76664,2.63,2.63
2011.10.11 09:34:06.359,0.76653,0.76665,3.38,3.75
2011.10.11 09:34:06.943,0.76654,0.76665,1.50,2.25
2011.10.11 09:34:08.400,0.76653,0.76663,1.50,1.88
2011.10.11 09:34:08.524,0.76651,0.76663,4.73,3.38
2011.10.11 09:34:09.240,0.76651,0.76663,5.84,1.50
2011.10.11 09:34:09.359,0.76653,0.76664,1.50,2.63
2011.10.11 09:34:14.987,0.76654,0.76664,1.50,1.50
2011.10.11 09:34:15.993,0.76654,0.76665,1.50,2.25
2011.10.11 09:34:16.552,0.76653,0.76665,2.63,5.10
2011.10.11 09:34:17.033,0.76655,0.76665,1.13,4.35
2011.10.11 09:34:17.643,0.76653,0.76664,3.75,1.13
2011.10.11 09:34:19.715,0.76655,0.76666,1.13,4.13
2011.10.11 09:34:20.441,0.76653,0.76665,3.36,2.63
2011.10.11 09:34:21.052,0.76653,0.76665,3.00,2.63
2011.10.11 09:34:23.841,0.76653,0.76663,1.50,1.73
2011.10.11 09:34:45.102,0.76653,0.76663,1.50,2.63
2011.10.11 09:34:51.744,0.76653,0.76663,1.50,1.13
2011.10.11 09:35:15.434,0.76653,0.76664,3.38,2.25
2011.10.11 09:35:16.204,0.76654,0.76664,1.13,1.50
2011.10.11 09:35:25.973,0.76653,0.76664,1.88,1.88
2011.10.11 09:35:47.979,0.76655,0.76665,1.88,2.25
2011.10.11 09:35:48.578,0.76655,0.76666,3.38,4.13
2011.10.11 09:35:50.558,0.76656,0.76666,1.13,1.88
2011.10.11 09:35:55.296,0.76656,0.76666,3.38,1.13
2011.10.11 09:35:57.878,0.76656,0.76666,2.63,1.13
2011.10.11 09:36:26.318,0.76656,0.76666,1.50,3.23
2011.10.11 09:36:29.093,0.76656,0.76665,1.50,1.88
2011.10.11 09:36:33.312,0.76656,0.76666,1.50,1.88
2011.10.11 09:36:39.360,0.76656,0.76665,1.50,1.88
2011.10.11 09:36:39.935,0.76654,0.76664,1.50,1.88
2011.10.11 09:36:40.072,0.76653,0.76664,1.88,2.63
2011.10.11 09:36:41.700,0.76653,0.76664,2.63,1.13
2011.10.11 09:36:44.292,0.76653,0.76664,1.13,2.63
2011.10.11 09:36:47.913,0.76654,0.76664,1.50,1.88
2011.10.11 09:36:50.491,0.76654,0.76665,1.13,3.38
2011.10.11 09:37:01.785,0.76653,0.76664,2.25,1.13
2011.10.11 09:37:02.151,0.76652,0.76662,2.63,1.13
2011.10.11 09:37:14.659,0.76652,0.76661,1.50,2.63
2011.10.11 09:37:15.144,0.76652,0.76663,1.50,2.25
2011.10.11 09:37:15.862,0.76652,0.76663,1.50,1.50
2011.10.11 09:37:16.670,0.76652,0.76662,1.50,1.88
2011.10.11 09:37:17.273,0.76651,0.76662,2.63,2.48
2011.10.11 09:37:20.504,0.76652,0.76664,1.50,6.75
2011.10.11 09:37:26.812,0.76652,0.76663,1.50,1.88
2011.10.11 09:37:28.020,0.76651,0.76662,2.63,1.88
2011.10.11 09:37:30.261,0.76652,0.76663,1.13,3.75
2011.10.11 09:37:30.835,0.76652,0.76662,1.13,2.25
2011.10.11 09:37:32.851,0.7665,0.76662,4.13,3.00
2011.10.11 09:37:52.006,0.76651,0.76661,1.50,2.85
2011.10.11 09:37:52.611,0.7665,0.76662,3.38,4.13
2011.10.11 09:37:58.042,0.76652,0.76662,1.88,2.63
2011.10.11 09:37:58.611,0.76652,0.76663,1.88,2.63
2011.10.11 09:37:59.198,0.76651,0.76662,3.38,1.13
2011.10.11 09:38:00.471,0.7665,0.76662,3.38,1.13
2011.10.11 09:38:02.001,0.7665,0.76662,3.38,2.25
2011.10.11 09:38:03.741,0.76651,0.76662,3.38,1.50
2011.10.11 09:38:05.522,0.76651,0.76662,1.50,2.52
2011.10.11 09:38:06.133,0.7665,0.7666,2.63,1.13
2011.10.11 09:38:07.831,0.76651,0.76661,1.88,2.63
2011.10.11 09:38:09.108,0.76651,0.7666,1.13,2.25
2011.10.11 09:38:09.635,0.76648,0.76658,2.25,2.25
2011.10.11 09:38:09.766,0.76647,0.76658,1.50,1.88
2011.10.11 09:38:11.081,0.76646,0.76657,3.00,4.73
2011.10.11 09:38:11.741,0.76646,0.76656,1.50,1.13
2011.10.11 09:38:12.236,0.76646,0.76656,1.50,2.63
2011.10.11 09:38:12.955,0.76646,0.76656,1.50,2.25
2011.10.11 09:38:13.290,0.76643,0.76653,1.88,3.38
2011.10.11 09:38:14.108,0.76643,0.76653,2.25,3.75
2011.10.11 09:38:14.841,0.76643,0.76654,2.63,3.98
2011.10.11 09:38:15.413,0.76644,0.76655,1.13,3.75
2011.10.11 09:38:16.025,0.76645,0.76655,1.13,1.88
2011.10.11 09:38:17.208,0.76643,0.76654,2.25,2.48
2011.10.11 09:38:17.814,0.76643,0.76654,1.13,1.13
2011.10.11 09:38:18.598,0.76643,0.76655,2.63,2.63
2011.10.11 09:38:19.598,0.76644,0.76655,1.50,1.88
2011.10.11 09:38:20.586,0.76646,0.76655,1.50,1.13
2011.10.11 09:38:21.073,0.76646,0.76654,1.50,1.88
2011.10.11 09:38:21.203,0.76644,0.76655,2.63,1.50
2011.10.11 09:38:21.339,0.76644,0.76654,1.88,1.50
2011.10.11 09:38:21.469,0.76644,0.76655,2.63,1.13
2011.10.11 09:38:22.259,0.76644,0.76655,3.38,1.13
2011.10.11 09:38:23.356,0.76645,0.76656,3.38,1.13
2011.10.11 09:38:24.072,0.76645,0.76657,3.38,4.13
2011.10.11 09:38:24.659,0.76645,0.76657,1.50,3.75
2011.10.11 09:38:26.397,0.76645,0.76656,1.50,2.48
2011.10.11 09:38:28.098,0.76644,0.76656,2.25,6.60
2011.10.11 09:38:29.055,0.76644,0.76655,4.13,1.13
2011.10.11 09:38:35.861,0.76645,0.76656,2.25,1.13
2011.10.11 09:38:36.223,0.76645,0.76656,2.25,1.13
2011.10.11 09:38:36.880,0.76647,0.76657,1.50,1.13
2011.10.11 09:38:37.024,0.76647,0.76658,1.50,2.63
2011.10.11 09:38:50.713,0.76648,0.76658,1.88,3.00
2011.10.11 09:38:51.322,0.76649,0.7666,1.49,1.50
2011.10.11 09:38:51.454,0.76651,0.76662,1.50,8.10
2011.10.11 09:38:53.529,0.7665,0.76662,2.25,5.85
2011.10.11 09:38:55.381,0.7665,0.7666,1.50,1.13
2011.10.11 09:38:57.238,0.76652,0.76662,1.50,8.48
2011.10.11 09:38:57.842,0.7665,0.76661,1.50,2.25
2011.10.11 09:38:58.786,0.76651,0.76662,1.50,8.48
2011.10.11 09:38:59.159,0.76652,0.76662,1.50,3.75
2011.10.11 09:38:59.721,0.76652,0.76662,2.25,1.88
2011.10.11 09:39:01.252,0.76655,0.76663,3.38,2.25
2011.10.11 09:39:01.382,0.76656,0.76666,1.13,1.35
2011.10.11 09:39:01.513,0.76658,0.76667,1.50,1.13
2011.10.11 09:39:02.173,0.76655,0.76665,3.75,1.13
2011.10.11 09:39:02.310,0.76654,0.76664,2.25,3.00
2011.10.11 09:39:02.928,0.76656,0.76664,1.50,1.88
2011.10.11 09:39:03.776,0.76655,0.76665,1.50,1.13
2011.10.11 09:39:05.630,0.76654,0.76664,2.25,3.38
2011.10.11 09:39:06.237,0.76652,0.76662,1.88,1.50
2011.10.11 09:39:06.608,0.76653,0.76664,1.50,1.50
2011.10.11 09:39:07.474,0.76654,0.76664,1.88,1.50
2011.10.11 09:39:08.082,0.76655,0.76665,2.25,1.13
2011.10.11 09:39:08.573,0.76653,0.76664,2.63,1.50
2011.10.11 09:39:09.822,0.76654,0.76664,4.13,1.13
2011.10.11 09:39:10.432,0.76654,0.76665,4.13,2.25
2011.10.11 09:39:17.321,0.76655,0.76665,2.63,1.13
2011.10.11 09:39:17.449,0.76657,0.76666,2.63,1.88
2011.10.11 09:39:17.813,0.76657,0.76667,2.63,1.50
2011.10.11 09:39:20.423,0.76658,0.76669,1.88,4.50
2011.10.11 09:39:22.835,0.76658,0.76669,2.63,3.75
2011.10.11 09:39:23.331,0.76659,0.76669,1.50,1.13
2011.10.11 09:39:24.058,0.76658,0.76669,4.13,3.00
2011.10.11 09:39:27.373,0.76661,0.76671,1.50,1.88
2011.10.11 09:39:27.870,0.7666,0.76669,1.50,4.28
2011.10.11 09:39:27.997,0.76658,0.76668,1.50,1.13
2011.10.11 09:39:28.844,0.76658,0.76668,3.00,1.50
2011.10.11 09:39:31.230,0.7666,0.7667,1.88,4.13
2011.10.11 09:39:31.710,0.76659,0.76671,3.00,4.13
2011.10.11 09:39:32.264,0.76659,0.76671,2.25,3.75
2011.10.11 09:39:33.201,0.7666,0.76671,2.63,1.88
2011.10.11 09:39:33.323,0.76662,0.76671,1.88,1.88
2011.10.11 09:39:33.933,0.7666,0.7667,1.50,1.13
2011.10.11 09:39:34.869,0.76659,0.7667,4.13,1.50
2011.10.11 09:39:36.532,0.76659,0.7667,4.13,3.00
2011.10.11 09:39:41.243,0.76659,0.76669,1.50,1.50
2011.10.11 09:39:52.780,0.76659,0.76668,1.50,1.13
2011.10.11 09:39:53.145,0.76659,0.76668,1.50,1.13
2011.10.11 09:39:54.455,0.76662,0.76669,1.50,1.50
2011.10.11 09:39:54.703,0.76662,0.76672,1.50,3.00
2011.10.11 09:39:55.192,0.7666,0.76669,2.25,1.13
2011.10.11 09:39:55.560,0.76659,0.76669,1.50,1.13
2011.10.11 09:39:58.280,0.7666,0.7667,2.63,1.50
2011.10.11 09:39:58.872,0.76659,0.76669,2.25,2.63
2011.10.11 09:39:58.998,0.76659,0.76669,1.50,2.63
2011.10.11 09:40:05.502,0.76659,0.76668,1.50,1.88
2011.10.11 09:40:06.603,0.76659,0.76669,1.50,1.13
2011.10.11 09:40:09.446,0.7666,0.7667,1.50,1.50
2011.10.11 09:40:10.850,0.76661,0.7667,1.50,1.13
2011.10.11 09:40:12.300,0.76661,0.76671,1.88,1.50
2011.10.11 09:40:13.886,0.76662,0.76671,1.50,1.13
2011.10.11 09:40:14.018,0.76664,0.76671,1.50,1.13
2011.10.11 09:40:14.148,0.76662,0.76672,1.50,3.38
2011.10.11 09:40:15.069,0.7666,0.76671,1.13,3.75
2011.10.11 09:40:15.674,0.7666,0.76671,1.88,3.75
2011.10.11 09:40:16.282,0.76659,0.76669,1.50,1.13
2011.10.11 09:40:17.142,0.76658,0.76668,2.25,1.50
2011.10.11 09:40:17.283,0.76658,0.76668,2.25,1.50
2011.10.11 09:40:18.252,0.76658,0.76667,1.50,1.88
2011.10.11 09:40:18.865,0.76657,0.76666,1.50,1.50
2011.10.11 09:40:19.684,0.76656,0.76666,1.88,1.50
2011.10.11 09:40:20.281,0.76656,0.76666,1.88,1.50
2011.10.11 09:40:22.058,0.76655,0.76666,1.50,1.13
2011.10.11 09:40:22.781,0.76655,0.76665,2.25,1.13
2011.10.11 09:40:23.553,0.76656,0.76665,1.50,1.13
2011.10.11 09:40:24.597,0.76656,0.76666,1.50,1.13
2011.10.11 09:40:28.241,0.76655,0.76666,2.25,1.13
2011.10.11 09:40:34.823,0.76656,0.76667,1.88,2.25
2011.10.11 09:40:35.954,0.76658,0.76667,1.88,1.50
2011.10.11 09:40:36.444,0.76658,0.76668,1.50,1.13
2011.10.11 09:40:37.661,0.76657,0.76668,3.38,1.13
2011.10.11 09:40:38.865,0.76659,0.76669,1.88,2.63
2011.10.11 09:40:40.410,0.7666,0.7667,1.50,1.88
2011.10.11 09:40:41.013,0.76659,0.7667,1.88,2.10
2011.10.11 09:40:41.735,0.76659,0.7667,2.63,3.38
2011.10.11 09:40:42.495,0.76659,0.76669,1.13,1.13
2011.10.11 09:40:43.103,0.76659,0.7667,1.88,3.38
2011.10.11 09:40:43.714,0.76658,0.76669,3.38,2.63
2011.10.11 09:40:44.894,0.76658,0.76669,1.50,2.63
2011.10.11 09:40:47.809,0.76657,0.76668,2.63,1.13
2011.10.11 09:40:48.150,0.76657,0.76668,2.63,1.13
2011.10.11 09:40:49.809,0.76657,0.76668,2.63,1.13
2011.10.11 09:40:51.471,0.76657,0.76668,1.50,2.25
2011.10.11 09:40:52.227,0.76659,0.76668,1.50,4.88
2011.10.11 09:40:52.355,0.76656,0.76667,1.13,1.88
2011.10.11 09:40:52.952,0.76656,0.76667,1.13,1.88
2011.10.11 09:40:53.567,0.76656,0.76667,1.13,2.25
2011.10.11 09:40:54.771,0.76655,0.76666,3.38,1.50
2011.10.11 09:41:00.430,0.76655,0.76666,1.13,1.13
2011.10.11 09:41:04.781,0.76656,0.76666,1.88,1.13
2011.10.11 09:41:16.052,0.76655,0.76666,3.38,1.88
2011.10.11 09:41:16.750,0.76655,0.76666,2.63,1.13
2011.10.11 09:41:20.631,0.76655,0.76667,2.63,3.75
2011.10.11 09:41:21.994,0.76657,0.76667,1.88,1.88
2011.10.11 09:41:22.242,0.76656,0.76667,1.88,2.63
2011.10.11 09:41:22.841,0.76655,0.76667,1.88,3.00
2011.10.11 09:41:26.310,0.76654,0.76666,3.98,3.00
2011.10.11 09:41:32.791,0.76657,0.76666,1.13,4.13
2011.10.11 09:41:33.164,0.76657,0.76668,1.88,2.25
2011.10.11 09:41:34.739,0.76656,0.76666,1.13,1.13
2011.10.11 09:41:35.382,0.76655,0.76665,1.13,1.13
2011.10.11 09:41:59.920,0.76658,0.76666,1.88,2.25
2011.10.11 09:42:02.165,0.76657,0.76666,1.88,2.25
2011.10.11 09:42:05.857,0.76659,0.76666,1.88,2.25
2011.10.11 09:42:06.210,0.76659,0.76667,1.88,1.13
2011.10.11 09:42:06.768,0.76662,0.7667,1.88,1.88
2011.10.11 09:42:07.845,0.76661,0.7667,1.13,1.13
2011.10.11 09:42:08.574,0.76662,0.7667,1.88,1.13
2011.10.11 09:42:09.173,0.76662,0.76672,1.88,4.13
2011.10.11 09:42:11.593,0.76659,0.7667,1.88,3.00
2011.10.11 09:42:12.201,0.76658,0.76668,1.88,2.25
2011.10.11 09:42:13.140,0.76657,0.76666,1.13,1.50
2011.10.11 09:42:13.599,0.76656,0.76665,2.63,1.50
2011.10.11 09:42:17.425,0.76658,0.76665,1.88,1.13
2011.10.11 09:42:17.677,0.76658,0.76667,1.88,1.88
2011.10.11 09:42:20.142,0.7666,0.76667,1.88,1.50
2011.10.11 09:42:22.041,0.76661,0.76668,1.88,1.13
2011.10.11 09:42:22.283,0.76661,0.7667,1.88,1.13
2011.10.11 09:42:22.891,0.76661,0.7667,1.88,1.88
2011.10.11 09:42:23.489,0.7666,0.7667,1.88,1.13
2011.10.11 09:42:24.792,0.76661,0.7667,1.88,1.88
2011.10.11 09:42:35.940,0.76659,0.7667,2.63,2.63
2011.10.11 09:42:36.065,0.76659,0.76667,1.88,1.50
2011.10.11 09:42:36.681,0.76657,0.76667,1.88,1.88
2011.10.11 09:42:37.280,0.76656,0.76665,1.88,1.88
2011.10.11 09:42:37.881,0.76655,0.76665,3.38,1.88
2011.10.11 09:42:40.560,0.76657,0.76665,1.88,1.88
2011.10.11 09:42:42.214,0.76658,0.76665,1.88,1.13
2011.10.11 09:42:42.757,0.76656,0.76665,1.88,1.13
2011.10.11 09:42:43.359,0.76657,0.76665,1.88,1.13
2011.10.11 09:42:43.951,0.76655,0.76665,2.63,1.13
2011.10.11 09:42:44.533,0.76656,0.76665,1.13,1.13
2011.10.11 09:42:45.168,0.76655,0.76665,2.63,1.88
2011.10.11 09:42:45.538,0.76655,0.76664,1.13,2.25
2011.10.11 09:42:45.667,0.76653,0.76663,1.13,1.50
2011.10.11 09:42:47.703,0.76653,0.76663,2.63,2.25
2011.10.11 09:42:48.317,0.76653,0.76663,1.13,4.50
2011.10.11 09:42:51.751,0.76653,0.76663,1.13,1.88
2011.10.11 09:42:52.673,0.76653,0.76663,1.13,2.48
2011.10.11 09:42:53.511,0.76652,0.76663,1.13,3.60
2011.10.11 09:42:55.129,0.76653,0.76663,1.88,2.25
2011.10.11 09:42:56.082,0.76656,0.76663,1.88,1.13
2011.10.11 09:42:56.210,0.76654,0.76663,4.13,1.50
2011.10.11 09:42:56.334,0.76655,0.76664,1.13,1.95
2011.10.11 09:42:56.932,0.76654,0.76664,2.63,3.45
2011.10.11 09:42:57.496,0.76653,0.76664,1.13,3.38
2011.10.11 09:42:58.451,0.76653,0.76664,2.63,3.00
2011.10.11 09:43:04.300,0.76657,0.76664,1.88,2.25
2011.10.11 09:43:04.648,0.76655,0.76664,1.13,1.88
2011.10.11 09:43:05.260,0.76654,0.76664,2.63,1.88
2011.10.11 09:43:07.263,0.76657,0.76664,1.88,1.50
2011.10.11 09:43:07.964,0.76654,0.76664,1.13,2.25
2011.10.11 09:43:15.551,0.76653,0.76663,1.88,1.43
2011.10.11 09:43:20.191,0.76653,0.76664,1.88,2.55
2011.10.11 09:43:20.612,0.76658,0.76664,1.88,1.43
2011.10.11 09:43:21.211,0.76658,0.76667,1.88,1.50
2011.10.11 09:43:23.349,0.76659,0.76668,1.88,2.25
2011.10.11 09:43:24.537,0.76659,0.76668,1.88,2.25
2011.10.11 09:43:25.027,0.76659,0.76668,1.13,1.13
2011.10.11 09:43:25.540,0.76657,0.76666,2.63,2.85
2011.10.11 09:43:25.670,0.76655,0.76665,3.38,2.25
2011.10.11 09:43:29.792,0.76657,0.76666,1.50,3.60
2011.10.11 09:43:29.932,0.76661,0.7667,1.88,2.55
2011.10.11 09:43:30.306,0.76659,0.76668,1.13,3.23
2011.10.11 09:43:31.745,0.76658,0.76668,2.63,2.10
2011.10.11 09:43:34.267,0.76658,0.76668,1.88,2.85
2011.10.11 09:43:34.836,0.76656,0.76668,3.38,5.48
2011.10.11 09:43:36.355,0.76658,0.76668,1.88,3.23
2011.10.11 09:43:51.291,0.76656,0.76666,3.38,1.13
2011.10.11 09:43:51.650,0.76656,0.76665,1.88,1.50
2011.10.11 09:43:52.830,0.76656,0.76666,1.88,2.63
2011.10.11 09:43:54.860,0.76656,0.76666,2.63,1.50
2011.10.11 09:43:59.047,0.76658,0.76667,1.88,1.50
2011.10.11 09:43:59.614,0.76659,0.76668,1.88,1.50
2011.10.11 09:44:00.818,0.76657,0.76668,2.63,2.25
2011.10.11 09:44:01.168,0.76659,0.76668,1.88,1.50
2011.10.11 09:44:01.530,0.76661,0.76669,1.88,1.88
2011.10.11 09:44:01.992,0.76659,0.76669,1.13,1.88
2011.10.11 09:44:02.578,0.76659,0.76669,1.13,2.18
2011.10.11 09:44:05.451,0.76658,0.76669,1.88,5.40
2011.10.11 09:44:06.271,0.76658,0.76667,1.13,2.85
2011.10.11 09:44:06.794,0.76657,0.76667,2.63,3.60
2011.10.11 09:44:10.968,0.7666,0.76667,1.88,2.85
2011.10.11 09:44:11.331,0.7666,0.7667,1.88,5.78
2011.10.11 09:44:12.025,0.76659,0.76669,1.88,1.88
2011.10.11 09:44:12.397,0.76658,0.76667,1.88,1.13
2011.10.11 09:44:13.207,0.76659,0.76668,1.13,2.63
2011.10.11 09:44:15.926,0.76662,0.76668,1.88,2.25
2011.10.11 09:44:16.330,0.76658,0.76668,4.13,1.50
2011.10.11 09:44:16.463,0.76657,0.76668,2.63,3.60
2011.10.11 09:44:17.073,0.76657,0.76668,2.63,2.93
2011.10.11 09:44:17.684,0.76657,0.76667,2.63,1.35
2011.10.11 09:44:18.423,0.76657,0.76667,1.13,1.35
2011.10.11 09:44:21.280,0.76657,0.76667,2.63,1.35
2011.10.11 09:44:32.680,0.76656,0.76667,2.25,1.13
2011.10.11 09:44:40.081,0.76656,0.76667,3.00,2.63
2011.10.11 09:44:42.160,0.76656,0.76668,3.00,3.38
2011.10.11 09:44:45.428,0.76656,0.76667,2.25,1.88
2011.10.11 09:44:46.144,0.76656,0.76667,2.25,1.13
2011.10.11 09:44:48.101,0.76656,0.76666,1.50,1.88
2011.10.11 09:44:48.468,0.76655,0.76666,1.13,2.63
2011.10.11 09:44:49.944,0.76653,0.76665,6.30,1.88
2011.10.11 09:44:50.445,0.76654,0.76665,2.18,1.13
2011.10.11 09:44:51.052,0.76655,0.76667,4.13,2.63
2011.10.11 09:44:51.890,0.76655,0.76667,2.25,2.63
2011.10.11 09:44:56.299,0.76655,0.76667,5.99,1.50
2011.10.11 09:44:57.025,0.76656,0.76668,3.38,1.88
2011.10.11 09:44:59.590,0.76657,0.76668,1.50,2.63
2011.10.11 09:45:01.530,0.76657,0.76668,2.25,1.50
2011.10.11 09:45:02.863,0.76657,0.76668,2.25,3.00
2011.10.11 09:45:03.475,0.76656,0.76667,3.00,1.50
2011.10.11 09:45:03.994,0.76656,0.76667,2.25,1.50
2011.10.11 09:45:05.758,0.76656,0.76666,2.25,2.63
2011.10.11 09:45:06.112,0.76656,0.76664,1.50,1.88
2011.10.11 09:45:06.355,0.76654,0.76664,3.00,3.00
2011.10.11 09:45:07.018,0.76652,0.76662,2.63,1.13
2011.10.11 09:45:07.173,0.76652,0.76662,1.13,1.13
2011.10.11 09:45:07.782,0.76651,0.76662,3.75,2.63
2011.10.11 09:45:12.612,0.76651,0.76661,3.00,1.88
2011.10.11 09:45:13.193,0.7665,0.76661,1.13,3.00
2011.10.11 09:45:13.805,0.76649,0.76657,3.38,1.88
2011.10.11 09:45:14.412,0.76648,0.76657,1.50,3.38
2011.10.11 09:45:16.430,0.76646,0.76655,2.25,1.50
2011.10.11 09:45:16.805,0.76643,0.76651,1.50,1.13
2011.10.11 09:45:17.290,0.76643,0.76653,2.63,1.50
2011.10.11 09:45:18.094,0.76643,0.76652,1.50,1.13
2011.10.11 09:45:21.523,0.76646,0.76655,1.88,3.00
2011.10.11 09:45:22.026,0.76647,0.76656,2.63,1.13
2011.10.11 09:45:22.622,0.76647,0.76658,5.63,1.50
2011.10.11 09:45:22.742,0.76649,0.76659,2.25,2.25
2011.10.11 09:45:23.706,0.7665,0.7666,1.50,1.13
2011.10.11 09:45:24.232,0.7665,0.76661,3.00,1.50
2011.10.11 09:45:30.474,0.76648,0.76654,2.25,1.88
2011.10.11 09:45:30.725,0.76645,0.76654,1.50,2.48
2011.10.11 09:45:31.334,0.76643,0.76654,3.38,2.63
2011.10.11 09:45:32.350,0.76644,0.76655,2.63,1.88
2011.10.11 09:45:33.074,0.76644,0.76655,1.88,1.88
2011.10.11 09:45:36.072,0.76644,0.76654,1.50,1.13
2011.10.11 09:45:36.682,0.76644,0.76655,3.00,2.63
2011.10.11 09:45:37.264,0.76644,0.76655,2.25,3.00
2011.10.11 09:45:38.223,0.76645,0.76655,1.50,1.88
2011.10.11 09:45:38.930,0.76645,0.76655,1.50,1.50
2011.10.11 09:45:39.533,0.76645,0.76655,1.50,3.38
2011.10.11 09:45:41.332,0.76646,0.76655,1.50,2.63
2011.10.11 09:45:43.993,0.76647,0.76655,2.10,2.63
2011.10.11 09:45:44.382,0.76658,0.76666,1.88,1.50
2011.10.11 09:45:44.643,0.76659,0.76669,1.13,1.50
2011.10.11 09:45:45.274,0.76659,0.7667,1.88,1.43
2011.10.11 09:45:47.763,0.76659,0.76669,1.50,2.55
2011.10.11 09:45:48.347,0.76658,0.76668,1.88,1.13
2011.10.11 09:45:54.458,0.7666,0.76668,1.50,1.13
2011.10.11 09:45:54.719,0.76661,0.7667,1.50,1.88
2011.10.11 09:45:54.853,0.76659,0.7667,2.18,1.88
2011.10.11 09:45:55.463,0.76658,0.76668,3.00,1.13
2011.10.11 09:46:06.614,0.76662,0.7667,1.50,1.88
2011.10.11 09:46:06.745,0.7666,0.76669,1.50,2.48
2011.10.11 09:46:07.338,0.76657,0.76669,5.25,4.35
2011.10.11 09:46:07.704,0.76659,0.76669,1.50,1.88
2011.10.11 09:46:09.379,0.76658,0.76668,2.63,1.13
2011.10.11 09:46:20.485,0.76659,0.7667,3.38,3.75
2011.10.11 09:46:23.849,0.76659,0.76669,2.25,2.25
2011.10.11 09:46:26.793,0.7666,0.76668,1.50,1.13
2011.10.11 09:46:27.392,0.76658,0.76668,1.88,1.88
2011.10.11 09:46:29.869,0.76658,0.76668,1.88,2.25
2011.10.11 09:46:31.337,0.76659,0.76668,1.50,1.88
2011.10.11 09:46:32.132,0.76659,0.76669,1.50,2.63
2011.10.11 09:46:44.460,0.76658,0.76669,1.88,2.85
2011.10.11 09:46:45.069,0.76658,0.76669,1.88,6.38
2011.10.11 09:46:46.974,0.76659,0.76669,1.50,4.50
2011.10.11 09:46:47.580,0.76659,0.7667,1.50,6.23
2011.10.11 09:46:48.665,0.76658,0.76664,2.25,1.88
2011.10.11 09:46:49.113,0.76653,0.76663,3.75,2.55
2011.10.11 09:46:49.726,0.76653,0.76664,2.25,2.55
2011.10.11 09:46:50.092,0.76655,0.76665,1.50,1.43
2011.10.11 09:46:50.534,0.76656,0.76667,2.25,7.50
2011.10.11 09:46:53.072,0.76655,0.76666,1.50,1.13
2011.10.11 09:46:54.884,0.76654,0.76665,3.00,1.13
2011.10.11 09:46:58.222,0.76654,0.76665,1.88,6.00
2011.10.11 09:46:58.587,0.76656,0.76665,1.13,4.13
2011.10.11 09:47:04.753,0.76656,0.76665,1.50,1.50
2011.10.11 09:47:09.151,0.76656,0.76667,1.13,3.38
2011.10.11 09:47:18.244,0.76654,0.76666,4.13,3.22
2011.10.11 09:47:19.650,0.76655,0.76665,1.50,3.00
2011.10.11 09:47:20.252,0.76655,0.76665,1.50,1.13
2011.10.11 09:47:48.128,0.76655,0.76665,1.88,1.13
2011.10.11 09:47:49.990,0.76655,0.76665,1.50,2.63
2011.10.11 09:47:50.600,0.76654,0.76664,1.13,1.88
2011.10.11 09:47:50.959,0.76653,0.76663,1.50,1.88
2011.10.11 09:48:08.389,0.76654,0.76663,1.13,1.13
2011.10.11 09:48:16.846,0.76654,0.76664,1.13,3.75
2011.10.11 09:49:11.119,0.76653,0.76664,1.50,2.25
2011.10.11 09:49:11.595,0.76652,0.76663,1.88,3.00
2011.10.11 09:49:16.666,0.76651,0.76662,2.25,2.63
2011.10.11 09:49:17.033,0.7665,0.76659,2.25,1.88
2011.10.11 09:49:17.720,0.76649,0.7666,3.00,1.88
2011.10.11 09:49:18.835,0.76649,0.76659,3.00,1.88
2011.10.11 09:49:30.506,0.76648,0.76659,1.50,1.50
2011.10.11 09:49:43.141,0.76648,0.76659,1.50,5.85
2011.10.11 09:49:43.739,0.76648,0.76658,1.50,1.13
2011.10.11 09:49:50.451,0.76648,0.76659,2.25,7.35
2011.10.11 09:49:59.453,0.76648,0.76659,1.50,1.13
2011.10.11 09:50:10.211,0.76649,0.7666,3.38,3.00
2011.10.11 09:50:10.581,0.7665,0.7666,1.50,3.00
2011.10.11 09:50:11.191,0.7665,0.7666,1.50,1.13
2011.10.11 09:50:18.621,0.7665,0.76659,1.50,1.88
2011.10.11 09:50:19.662,0.76649,0.76659,2.25,1.50
2011.10.11 09:50:32.605,0.76649,0.76658,2.25,2.63
2011.10.11 09:50:47.649,0.76649,0.76658,2.25,1.13
2011.10.11 09:50:53.436,0.76649,0.76658,2.25,2.63
2011.10.11 09:50:54.040,0.76649,0.76659,2.63,1.13
2011.10.11 09:50:54.640,0.76649,0.7666,3.38,4.50
2011.10.11 09:51:02.421,0.76649,0.76659,2.25,1.88
2011.10.11 09:51:03.678,0.76649,0.7666,1.50,2.25
2011.10.11 09:51:19.734,0.76647,0.76658,3.00,1.88
2011.10.11 09:51:23.851,0.76648,0.7666,1.88,1.50
2011.10.11 09:51:24.093,0.76648,0.76661,4.88,1.88
2011.10.11 09:51:24.224,0.7665,0.76661,1.50,1.13
2011.10.11 09:51:24.809,0.7665,0.76661,2.25,2.63
2011.10.11 09:51:26.059,0.76651,0.76662,1.88,2.25
2011.10.11 09:51:33.717,0.76651,0.76659,1.50,1.88
2011.10.11 09:51:34.081,0.76649,0.7666,1.50,2.25
2011.10.11 09:51:52.308,0.76649,0.7666,1.50,4.13
2011.10.11 09:52:19.130,0.76649,0.76657,1.50,1.35
2011.10.11 09:52:19.492,0.76645,0.76656,2.25,5.25
2011.10.11 09:52:19.623,0.76644,0.76655,3.00,4.50
2011.10.11 09:52:40.915,0.76644,0.76653,1.50,1.50
2011.10.11 09:53:01.117,0.76641,0.76653,2.25,4.13
2011.10.11 09:53:02.319,0.76642,0.76653,1.50,3.75
2011.10.11 09:53:09.681,0.76642,0.76653,2.25,3.00
2011.10.11 09:53:10.261,0.76642,0.76652,2.25,2.25
2011.10.11 09:53:10.631,0.76641,0.76652,4.13,3.00
2011.10.11 09:53:11.349,0.76641,0.76652,4.88,1.13
2011.10.11 09:53:14.992,0.76641,0.76652,4.13,1.13
2011.10.11 09:53:16.029,0.76641,0.76652,1.50,2.63
2011.10.11 09:53:16.615,0.76641,0.76651,1.50,2.63
2011.10.11 09:53:18.378,0.76641,0.76651,1.50,1.50
2011.10.11 09:53:19.019,0.76637,0.76645,3.75,1.88
2011.10.11 09:53:19.149,0.76635,0.76644,1.50,3.00
2011.10.11 09:53:19.274,0.76633,0.76642,2.25,1.88
2011.10.11 09:53:19.640,0.76633,0.76643,2.25,1.50
2011.10.11 09:53:20.489,0.76632,0.76644,1.50,5.85
2011.10.11 09:53:21.093,0.76632,0.76644,2.25,5.48
2011.10.11 09:53:21.602,0.76633,0.76643,1.88,1.13
2011.10.11 09:53:22.212,0.76634,0.76644,1.88,1.13
2011.10.11 09:53:22.710,0.76636,0.76645,1.50,1.50
2011.10.11 09:53:22.840,0.76636,0.76646,3.00,1.80
2011.10.11 09:53:23.672,0.76636,0.76647,1.50,1.05
2011.10.11 09:53:24.848,0.76636,0.76645,2.25,1.88
2011.10.11 09:53:24.977,0.76635,0.76645,1.50,3.98
2011.10.11 09:53:25.824,0.76635,0.76645,1.88,1.13
2011.10.11 09:53:26.837,0.76638,0.76645,1.50,1.50
2011.10.11 09:53:27.201,0.76638,0.76648,3.38,1.13
2011.10.11 09:53:27.803,0.76639,0.7665,1.88,3.00
2011.10.11 09:53:31.451,0.76639,0.76649,2.25,1.88
2011.10.11 09:53:32.019,0.76638,0.76649,1.13,2.63
2011.10.11 09:53:32.598,0.76637,0.76649,4.13,1.50
2011.10.11 09:53:33.170,0.76637,0.76649,4.50,1.50
2011.10.11 09:53:34.261,0.76637,0.76649,2.25,2.85
2011.10.11 09:53:34.382,0.76637,0.76647,1.50,1.50
2011.10.11 09:53:35.444,0.76636,0.76645,3.00,1.88
2011.10.11 09:53:36.252,0.76636,0.76646,3.00,1.88
2011.10.11 09:53:42.634,0.76635,0.76645,2.25,1.35
2011.10.11 09:53:42.761,0.76636,0.76646,1.50,1.88
2011.10.11 09:53:42.889,0.76635,0.76647,5.99,1.88
2011.10.11 09:53:43.615,0.76637,0.76647,1.50,2.63
2011.10.11 09:53:44.654,0.76637,0.76648,1.50,1.50
2011.10.11 09:53:51.613,0.76636,0.76645,1.50,1.88
2011.10.11 09:53:51.742,0.76636,0.76646,1.13,1.88
2011.10.11 09:53:52.133,0.76636,0.76646,2.63,1.13
2011.10.11 09:54:04.505,0.76636,0.76646,3.00,2.25
2011.10.11 09:54:05.519,0.76637,0.76647,1.50,1.50
2011.10.11 09:54:13.308,0.76637,0.76648,3.00,2.25
2011.10.11 09:54:16.465,0.76639,0.7665,1.13,7.88
2011.10.11 09:54:22.375,0.76638,0.76646,1.50,1.13
2011.10.11 09:54:22.511,0.76637,0.76648,2.63,1.35
2011.10.11 09:54:22.643,0.76638,0.76649,1.50,5.25
2011.10.11 09:54:22.771,0.76637,0.76649,1.50,4.13
2011.10.11 09:54:35.892,0.76636,0.76648,3.75,4.35
2011.10.11 09:54:36.482,0.76636,0.76648,2.25,3.60
2011.10.11 09:54:50.007,0.76637,0.76649,1.13,2.63
2011.10.11 09:55:05.889,0.76637,0.76648,1.13,2.63
2011.10.11 09:55:06.513,0.76636,0.76648,2.63,1.50
2011.10.11 09:55:18.385,0.76637,0.76646,1.50,1.88
2011.10.11 09:55:18.980,0.76637,0.76647,1.50,2.63
2011.10.11 09:55:19.550,0.76637,0.76647,1.50,2.63
2011.10.11 09:55:20.471,0.76637,0.76647,1.50,3.38
2011.10.11 09:55:29.118,0.76637,0.76647,1.88,1.50
2011.10.11 09:55:29.896,0.76637,0.76647,1.88,1.50
2011.10.11 09:55:34.890,0.76637,0.76648,2.63,2.25
2011.10.11 09:55:35.467,0.76637,0.76649,4.50,4.50
2011.10.11 09:56:07.609,0.76638,0.76649,1.88,1.88
2011.10.11 09:56:12.597,0.76638,0.76649,1.88,1.88
2011.10.11 09:56:15.463,0.76637,0.76649,8.25,2.63
2011.10.11 09:56:19.387,0.76637,0.76649,6.38,3.00
2011.10.11 09:56:23.120,0.76637,0.76648,1.88,1.13
2011.10.11 09:56:23.673,0.76637,0.76648,4.50,1.13
2011.10.11 09:56:23.810,0.76638,0.76648,1.13,1.88
2011.10.11 09:56:24.173,0.76639,0.76648,2.63,1.13
2011.10.11 09:56:24.782,0.76637,0.76648,6.00,1.50
2011.10.11 09:56:25.391,0.76637,0.76648,5.25,2.25
2011.10.11 09:56:25.957,0.76637,0.76649,6.38,2.25
2011.10.11 09:56:28.739,0.76638,0.76649,6.00,1.50
2011.10.11 09:56:29.344,0.76638,0.7665,1.50,2.25
2011.10.11 09:56:29.941,0.76638,0.76649,1.50,1.88
2011.10.11 09:56:30.656,0.76638,0.7665,1.88,3.38
2011.10.11 09:56:36.539,0.76639,0.7665,1.50,3.38
2011.10.11 09:56:38.566,0.76639,0.7665,1.50,1.88
2011.10.11 09:56:41.509,0.76641,0.7665,1.88,1.50
2011.10.11 09:56:42.087,0.7664,0.7665,1.50,1.50
2011.10.11 09:56:49.081,0.7664,0.76651,1.50,3.00
2011.10.11 09:56:58.511,0.7664,0.76651,3.00,1.50
2011.10.11 09:56:58.993,0.76643,0.76652,1.50,1.50
2011.10.11 09:56:59.678,0.76644,0.76652,1.50,1.50
2011.10.11 09:57:00.280,0.76642,0.76652,2.25,1.50
2011.10.11 09:57:00.400,0.76643,0.76652,1.50,1.50
2011.10.11 09:57:00.520,0.76643,0.76652,1.50,1.50
2011.10.11 09:57:00.761,0.76644,0.76652,1.50,1.50
2011.10.11 09:57:01.803,0.76644,0.76652,1.50,1.50
2011.10.11 09:57:02.171,0.76642,0.76652,2.25,2.10
2011.10.11 09:57:03.161,0.76642,0.76652,2.25,1.88
2011.10.11 09:57:04.385,0.76642,0.76652,2.25,1.88
2011.10.11 09:57:04.762,0.76642,0.76651,1.50,1.13
2011.10.11 09:57:05.220,0.76639,0.76651,2.25,6.98
2011.10.11 09:57:05.550,0.76637,0.7665,4.88,5.48
2011.10.11 09:57:07.810,0.76638,0.76647,1.50,1.13
2011.10.11 09:57:08.831,0.76635,0.76647,4.49,1.50
2011.10.11 09:57:10.613,0.76636,0.76646,1.86,1.50
2011.10.11 09:57:15.421,0.76636,0.76646,1.86,1.50
2011.10.11 09:57:18.769,0.76636,0.76646,1.50,1.50
2011.10.11 09:57:19.372,0.76636,0.76646,2.25,1.50
2011.10.11 09:57:20.102,0.76636,0.76646,2.25,1.50
2011.10.11 09:57:20.711,0.76636,0.76646,1.50,1.50
2011.10.11 09:57:23.404,0.76636,0.76646,1.50,1.50
2011.10.11 09:57:25.426,0.76635,0.76646,3.74,1.50
2011.10.11 09:57:25.913,0.76636,0.76647,2.61,1.50
2011.10.11 09:57:26.734,0.76637,0.76649,1.50,6.38
2011.10.11 09:57:33.622,0.76637,0.76648,1.50,3.23
2011.10.11 09:57:34.229,0.76637,0.76648,1.50,2.85
2011.10.11 09:57:34.581,0.76637,0.76648,1.50,5.10
2011.10.11 09:57:35.059,0.76637,0.76648,2.25,3.60
2011.10.11 09:57:39.310,0.76637,0.76648,2.25,1.50
2011.10.11 09:57:39.560,0.76639,0.76649,1.50,2.25
2011.10.11 09:57:41.980,0.76639,0.76649,1.50,2.25
2011.10.11 09:57:42.799,0.76639,0.76649,1.50,2.25
2011.10.11 09:57:43.787,0.76639,0.76649,1.50,1.50
2011.10.11 09:57:45.703,0.76639,0.76649,1.50,1.50
2011.10.11 09:57:52.797,0.76639,0.7665,2.25,3.00
2011.10.11 09:58:03.772,0.76638,0.76648,1.50,1.50
2011.10.11 09:58:04.498,0.76636,0.76647,1.50,3.38
2011.10.11 09:58:04.635,0.76634,0.76646,2.25,5.63
2011.10.11 09:58:05.830,0.76634,0.76645,1.50,3.00
2011.10.11 09:58:06.193,0.76632,0.76643,2.25,2.63
2011.10.11 09:58:06.801,0.76633,0.76643,1.50,1.88
2011.10.11 09:58:08.973,0.76633,0.76642,1.50,1.50
2011.10.11 09:58:09.571,0.76633,0.76644,1.50,2.63
2011.10.11 09:58:16.141,0.76633,0.76644,2.25,2.63
2011.10.11 09:58:16.748,0.76635,0.76644,1.50,1.88
2011.10.11 09:58:17.318,0.76635,0.76645,1.50,1.13
2011.10.11 09:58:20.991,0.76634,0.76645,2.61,1.13
2011.10.11 09:58:21.581,0.76633,0.76644,1.50,1.88
2011.10.11 09:58:22.171,0.76633,0.76644,1.50,1.88
2011.10.11 09:58:29.083,0.76635,0.76645,1.50,1.50
2011.10.11 09:58:33.290,0.76635,0.76645,2.25,1.50
2011.10.11 09:58:33.654,0.76634,0.76644,1.50,1.50
2011.10.11 09:59:17.970,0.76633,0.76644,2.25,2.85
2011.10.11 09:59:18.561,0.76633,0.76644,2.25,2.10
2011.10.11 09:59:22.824,0.76632,0.76644,2.25,1.35
2011.10.11 09:59:31.461,0.76635,0.76645,1.50,4.73
2011.10.11 09:59:34.468,0.76635,0.76645,1.50,1.88
2011.10.11 09:59:34.596,0.76635,0.76645,1.50,1.88
2011.10.11 09:59:35.088,0.76639,0.76646,1.50,1.13
2011.10.11 09:59:35.571,0.76639,0.7665,2.25,2.63
2011.10.11 09:59:35.692,0.76641,0.7665,1.50,1.50
2011.10.11 09:59:35.946,0.76643,0.76651,1.50,1.13
2011.10.11 09:59:36.335,0.76645,0.76654,1.50,1.88
2011.10.11 09:59:36.945,0.76644,0.76653,1.50,1.13
2011.10.11 09:59:42.265,0.76645,0.76654,1.50,1.50
2011.10.11 09:59:42.398,0.76645,0.76654,1.50,1.50
2011.10.11 09:59:42.988,0.76644,0.76654,1.50,4.50
2011.10.11 09:59:44.613,0.76642,0.76653,3.00,3.23
2011.10.11 09:59:44.865,0.76642,0.76653,2.25,2.48
2011.10.11 09:59:45.460,0.76644,0.76653,1.50,1.50
2011.10.11 09:59:46.525,0.76644,0.76653,2.25,1.13
2011.10.11 09:59:47.233,0.76644,0.76653,1.50,1.13
2011.10.11 09:59:47.840,0.76644,0.76653,1.50,1.13
2011.10.11 09:59:48.490,0.76644,0.76654,1.50,1.88
2011.10.11 09:59:50.231,0.76643,0.76654,1.50,2.25
2011.10.11 09:59:50.782,0.76642,0.76655,2.25,3.75
2011.10.11 09:59:51.503,0.76644,0.76654,1.50,1.88
2011.10.11 09:59:53.002,0.76644,0.76654,1.50,2.63
2011.10.11 09:59:53.845,0.76642,0.76652,2.25,1.13
2011.10.11 09:59:54.921,0.76643,0.76654,1.50,1.88
