2015.07.27 18:00:00.069,1.23207,1.2321,1.00,1.12
2015.07.27 18:00:01.615,1.23207,1.23209,1.00,1.12
2015.07.27 18:00:01.870,1.23205,1.23208,1.50,1.10
2015.07.27 18:00:04.560,1.23205,1.23209,1.00,1.37
2015.07.27 18:00:05.111,1.23204,1.23208,1.00,1.50
2015.07.27 18:00:05.213,1.23202,1.23206,1.10,1.00
2015.07.27 18:00:05.314,1.23202,1.23205,1.00,1.87
2015.07.27 18:00:05.669,1.23199,1.23204,1.20,1.12
2015.07.27 18:00:05.771,1.23199,1.23202,1.12,1.12
2015.07.27 18:00:06.322,1.23198,1.23201,1.00,1.12
2015.07.27 18:00:10.305,1.23197,1.232,1.87,1.10
2015.07.27 18:00:10.609,1.23195,1.23196,3.00,1.00
2015.07.27 18:00:10.812,1.23192,1.23195,2.25,1.10
2015.07.27 18:00:10.863,1.23192,1.23194,1.00,1.00
2015.07.27 18:00:10.965,1.2319,1.23192,1.20,1.00
2015.07.27 18:00:13.589,1.23189,1.23192,1.50,1.00
2015.07.27 18:00:13.981,1.23187,1.2319,2.25,2.62
2015.07.27 18:00:14.032,1.23185,1.23188,1.12,1.00
2015.07.27 18:00:14.537,1.23185,1.23187,1.10,1.00
2015.07.27 18:00:18.647,1.23186,1.23188,1.37,1.50
2015.07.27 18:00:18.699,1.23187,1.2319,1.12,1.12
2015.07.27 18:00:18.802,1.23188,1.23191,1.10,1.00
2015.07.27 18:00:19.347,1.23189,1.23191,1.00,1.00
2015.07.27 18:00:23.718,1.23188,1.23191,1.57,1.00
2015.07.27 18:00:23.920,1.23187,1.23189,1.20,1.00
2015.07.27 18:00:24.356,1.23188,1.23191,1.50,1.10
2015.07.27 18:00:24.863,1.23189,1.23192,1.00,2.25
2015.07.27 18:00:28.203,1.23189,1.23192,1.50,1.10
2015.07.27 18:00:31.188,1.2319,1.23192,1.00,1.10
2015.07.27 18:00:31.729,1.2319,1.23193,1.87,1.00
2015.07.27 18:00:42.053,1.23192,1.23194,1.00,1.00
2015.07.27 18:00:42.942,1.23192,1.23194,1.10,1.00
2015.07.27 18:00:45.456,1.23192,1.23195,1.57,1.00
2015.07.27 18:00:46.246,1.23192,1.23194,1.57,1.00
2015.07.27 18:00:47.182,1.23193,1.23196,1.00,1.10
2015.07.27 18:00:47.719,1.23194,1.23197,1.50,1.10
2015.07.27 18:00:47.973,1.23196,1.23199,1.50,1.12
2015.07.27 18:00:48.479,1.23196,1.23199,1.50,1.00
2015.07.27 18:00:49.003,1.23197,1.232,1.00,1.10
2015.07.27 18:00:50.439,1.23197,1.232,2.70,1.00
2015.07.27 18:00:50.979,1.23199,1.23201,1.00,1.00
2015.07.27 18:00:55.363,1.232,1.23201,1.00,1.00
2015.07.27 18:00:55.864,1.23199,1.23201,2.32,1.00
2015.07.27 18:00:56.552,1.23198,1.23201,2.62,1.00
2015.07.27 18:00:56.704,1.23197,1.232,1.57,1.00
2015.07.27 18:00:58.115,1.23198,1.232,1.10,1.00
2015.07.27 18:00:58.318,1.23199,1.23201,1.20,1.00
2015.07.27 18:01:05.408,1.23201,1.23204,2.25,1.00
2015.07.27 18:01:05.914,1.23202,1.23205,1.87,1.00
2015.07.27 18:01:06.116,1.23203,1.23206,1.10,1.00
2015.07.27 18:01:07.047,1.23204,1.23206,1.00,1.00
2015.07.27 18:01:07.552,1.23204,1.23207,1.10,1.00
2015.07.27 18:01:08.057,1.23204,1.23207,2.25,1.00
2015.07.27 18:01:10.110,1.23204,1.23207,1.00,1.10
2015.07.27 18:01:15.925,1.23205,1.23208,1.00,1.00
2015.07.27 18:01:21.468,1.23205,1.23208,1.87,1.00
2015.07.27 18:01:24.136,1.23206,1.23209,1.10,1.00
2015.07.27 18:01:28.378,1.23205,1.23208,1.50,1.00
2015.07.27 18:01:30.391,1.23206,1.23209,1.10,1.00
2015.07.27 18:01:42.027,1.23206,1.23209,1.00,4.50
2015.07.27 18:01:42.571,1.23205,1.23207,1.00,1.10
2015.07.27 18:01:44.204,1.23205,1.23207,1.00,1.87
2015.07.27 18:01:44.306,1.23203,1.23206,1.00,1.10
2015.07.27 18:01:44.832,1.23202,1.23205,3.37,1.00
2015.07.27 18:01:48.194,1.23203,1.23206,1.00,2.32
2015.07.27 18:01:52.559,1.23202,1.23205,3.37,2.10
2015.07.27 18:01:52.814,1.23197,1.232,1.00,1.87
2015.07.27 18:01:53.365,1.23196,1.23199,1.12,1.50
2015.07.27 18:01:53.467,1.23197,1.232,1.00,2.25
2015.07.27 18:01:53.720,1.23199,1.23201,1.00,1.12
2015.07.27 18:01:54.226,1.23199,1.23202,1.00,1.87
2015.07.27 18:01:56.406,1.23198,1.23201,1.00,1.87
2015.07.27 18:01:57.876,1.23198,1.232,1.00,1.12
2015.07.27 18:01:58.806,1.23197,1.232,1.00,1.87
2015.07.27 18:01:59.856,1.23196,1.23199,1.00,1.10
2015.07.27 18:02:00.220,1.23194,1.23196,1.12,1.00
2015.07.27 18:02:00.271,1.23193,1.23196,1.20,1.00
2015.07.27 18:02:00.323,1.23192,1.23195,1.50,1.00
2015.07.27 18:02:00.727,1.23193,1.23196,1.12,1.10
2015.07.27 18:02:01.235,1.23192,1.23195,1.20,1.00
2015.07.27 18:02:01.783,1.23191,1.23194,1.50,1.00
2015.07.27 18:02:01.935,1.23193,1.23196,1.12,1.10
2015.07.27 18:02:16.885,1.23194,1.23196,1.20,1.00
2015.07.27 18:02:17.870,1.23194,1.23197,1.95,1.00
2015.07.27 18:02:18.779,1.23194,1.23197,2.70,1.00
2015.07.27 18:02:19.308,1.23194,1.23197,2.70,1.00
2015.07.27 18:02:24.883,1.23194,1.23197,2.70,1.00
2015.07.27 18:02:32.889,1.23194,1.23197,2.32,1.00
2015.07.27 18:02:37.911,1.23194,1.23197,1.95,1.00
2015.07.27 18:02:39.923,1.23194,1.23197,1.95,1.00
2015.07.27 18:02:40.299,1.23195,1.23198,2.25,1.00
2015.07.27 18:02:40.451,1.23197,1.232,1.10,1.10
2015.07.27 18:02:40.957,1.23198,1.23201,1.10,1.10
2015.07.27 18:02:41.631,1.23198,1.23201,1.00,1.12
2015.07.27 18:02:43.397,1.23197,1.23199,1.00,1.10
2015.07.27 18:02:43.902,1.23196,1.23199,1.00,1.10
2015.07.27 18:02:48.250,1.23196,1.23199,1.12,1.00
2015.07.27 18:02:49.727,1.23198,1.232,1.00,1.57
2015.07.27 18:02:49.913,1.232,1.23203,1.12,1.00
2015.07.27 18:02:50.519,1.23199,1.23202,1.37,1.00
2015.07.27 18:02:53.609,1.232,1.23204,1.75,1.87
2015.07.27 18:02:53.711,1.23201,1.23204,1.50,1.00
2015.07.27 18:02:58.324,1.232,1.23203,1.75,1.00
2015.07.27 18:02:58.855,1.23199,1.23202,3.37,1.00
2015.07.27 18:03:07.865,1.23202,1.23205,1.10,1.10
2015.07.27 18:03:08.371,1.23204,1.23207,1.10,1.10
2015.07.27 18:03:08.876,1.23205,1.23208,1.00,2.62
2015.07.27 18:03:11.635,1.23204,1.23207,1.57,1.57
2015.07.27 18:03:13.158,1.23205,1.23208,1.00,1.50
2015.07.27 18:03:13.673,1.23205,1.23208,1.10,1.20
2015.07.27 18:03:19.605,1.23205,1.23208,1.12,1.00
2015.07.27 18:03:20.122,1.23207,1.2321,1.00,1.95
2015.07.27 18:03:20.476,1.23209,1.23211,1.00,1.50
2015.07.27 18:03:20.781,1.23212,1.23215,2.62,1.00
2015.07.27 18:03:21.225,1.23214,1.23217,1.87,2.25
2015.07.27 18:03:22.175,1.23214,1.23217,1.87,1.00
2015.07.27 18:03:25.001,1.23214,1.23217,1.12,1.00
2015.07.27 18:03:26.876,1.23213,1.23216,1.87,1.00
2015.07.27 18:03:29.492,1.23211,1.23214,1.50,1.50
2015.07.27 18:03:29.796,1.23206,1.23209,3.00,1.00
2015.07.27 18:03:37.005,1.23208,1.23211,1.12,1.12
2015.07.27 18:03:37.208,1.23211,1.23214,1.00,1.87
2015.07.27 18:03:37.410,1.23212,1.23215,1.10,1.95
2015.07.27 18:03:43.283,1.23211,1.23213,1.12,1.12
2015.07.27 18:03:43.334,1.23209,1.23211,1.50,1.00
2015.07.27 18:03:43.637,1.2321,1.23213,1.10,1.00
2015.07.27 18:03:44.611,1.23211,1.23214,1.00,1.10
2015.07.27 18:03:45.117,1.2321,1.23213,1.10,1.00
2015.07.27 18:03:46.302,1.23211,1.23214,1.00,1.10
2015.07.27 18:03:46.869,1.23211,1.23214,1.12,1.00
2015.07.27 18:03:48.496,1.23212,1.23215,1.50,1.00
2015.07.27 18:03:49.373,1.23213,1.23216,1.50,1.00
2015.07.27 18:03:49.424,1.23214,1.23217,1.10,1.10
2015.07.27 18:03:49.945,1.23216,1.23217,1.00,1.00
2015.07.27 18:03:49.996,1.23217,1.2322,1.00,1.12
2015.07.27 18:03:50.150,1.23218,1.23221,1.95,1.00
2015.07.27 18:03:50.656,1.23219,1.23222,1.00,1.10
2015.07.27 18:03:52.036,1.23219,1.23222,1.12,1.00
2015.07.27 18:03:52.642,1.23219,1.23221,1.12,1.00
2015.07.27 18:03:52.794,1.23218,1.23221,1.10,1.00
2015.07.27 18:03:52.913,1.23216,1.23218,2.32,1.00
2015.07.27 18:03:53.419,1.23214,1.23217,1.12,1.00
2015.07.27 18:03:53.925,1.23213,1.23216,2.62,1.00
2015.07.27 18:03:58.714,1.23213,1.23216,1.87,1.00
2015.07.27 18:04:06.547,1.23213,1.23215,1.20,1.00
2015.07.27 18:04:11.812,1.23213,1.23215,1.00,1.12
2015.07.27 18:04:19.099,1.23213,1.23215,1.00,1.20
2015.07.27 18:04:38.872,1.23213,1.23216,2.32,1.10
2015.07.27 18:04:39.413,1.23214,1.23216,1.00,1.10
2015.07.27 18:04:39.565,1.23216,1.23217,1.00,1.50
2015.07.27 18:04:39.616,1.23216,1.23218,1.00,1.10
2015.07.27 18:04:39.718,1.23217,1.2322,1.10,1.00
2015.07.27 18:04:40.224,1.23218,1.23221,1.00,1.10
2015.07.27 18:04:42.600,1.23217,1.23219,2.32,1.00
2015.07.27 18:04:43.106,1.23217,1.23219,1.00,1.10
2015.07.27 18:04:43.996,1.23216,1.23219,3.07,1.10
2015.07.27 18:04:44.300,1.23215,1.23217,1.00,1.00
2015.07.27 18:04:45.109,1.23214,1.23217,1.00,1.10
2015.07.27 18:04:45.483,1.23212,1.23215,2.32,1.00
2015.07.27 18:04:45.992,1.23213,1.23215,1.00,1.00
2015.07.27 18:04:46.498,1.23212,1.23215,2.70,1.00
2015.07.27 18:04:48.490,1.23213,1.23215,1.00,1.00
2015.07.27 18:04:49.667,1.23212,1.23215,2.32,1.10
2015.07.27 18:04:50.425,1.23212,1.23215,3.75,1.00
2015.07.27 18:04:50.981,1.23212,1.23215,1.95,1.00
2015.07.27 18:04:55.509,1.23212,1.23215,1.95,1.00
2015.07.27 18:04:56.068,1.23212,1.23215,1.57,1.00
2015.07.27 18:05:00.937,1.23212,1.23215,1.95,1.00
2015.07.27 18:05:01.923,1.23212,1.23215,1.95,1.00
2015.07.27 18:05:09.367,1.23209,1.23213,1.75,1.00
2015.07.27 18:05:09.469,1.23209,1.23212,1.10,1.10
2015.07.27 18:05:13.991,1.2321,1.23212,1.00,1.10
2015.07.27 18:05:14.194,1.23211,1.23214,1.00,1.10
2015.07.27 18:05:15.375,1.2321,1.23213,1.57,1.00
2015.07.27 18:05:16.184,1.23212,1.23215,1.00,1.12
2015.07.27 18:05:16.769,1.23212,1.23215,1.50,1.10
2015.07.27 18:05:17.275,1.23213,1.23216,1.00,1.12
2015.07.27 18:05:17.803,1.23212,1.23215,1.87,1.10
2015.07.27 18:05:18.353,1.23213,1.23216,1.87,1.10
2015.07.27 18:05:18.707,1.23215,1.23218,1.00,1.50
2015.07.27 18:05:19.213,1.23214,1.23217,1.00,1.10
2015.07.27 18:05:22.262,1.23214,1.23217,1.00,1.87
2015.07.27 18:05:22.774,1.23214,1.23216,1.00,1.12
2015.07.27 18:05:22.976,1.23211,1.23214,1.95,1.00
2015.07.27 18:05:23.569,1.23212,1.23215,1.00,1.10
2015.07.27 18:05:29.305,1.23211,1.23214,2.32,1.00
2015.07.27 18:05:33.997,1.23212,1.23215,1.00,1.12
2015.07.27 18:05:38.819,1.23211,1.23214,1.00,1.10
2015.07.27 18:05:40.732,1.23212,1.23215,1.00,1.10
2015.07.27 18:05:42.949,1.23211,1.23214,1.57,1.00
2015.07.27 18:05:44.428,1.23212,1.23215,1.00,1.10
2015.07.27 18:06:08.325,1.23213,1.23215,1.00,1.00
2015.07.27 18:06:08.505,1.23215,1.23217,1.00,1.00
2015.07.27 18:06:09.011,1.23215,1.23218,1.10,1.00
2015.07.27 18:06:15.091,1.23215,1.23218,1.80,1.00
2015.07.27 18:06:15.193,1.23217,1.2322,1.12,1.10
2015.07.27 18:06:15.497,1.23218,1.2322,1.50,1.00
2015.07.27 18:06:15.598,1.23219,1.23222,1.10,1.12
2015.07.27 18:06:15.816,1.2322,1.23223,1.87,1.50
2015.07.27 18:06:18.866,1.2322,1.23223,1.57,1.10
2015.07.27 18:06:19.464,1.2322,1.23223,1.87,1.00
2015.07.27 18:06:29.422,1.2322,1.23223,1.87,1.10
2015.07.27 18:06:29.726,1.23219,1.23222,1.00,1.12
2015.07.27 18:06:32.413,1.2322,1.23222,1.00,1.00
2015.07.27 18:06:32.921,1.23221,1.23224,1.00,1.12
2015.07.27 18:06:33.771,1.2322,1.23223,1.50,1.10
2015.07.27 18:06:38.125,1.2322,1.23223,2.25,1.00
2015.07.27 18:06:39.774,1.2322,1.23223,1.50,1.10
2015.07.27 18:06:48.267,1.23221,1.23224,1.00,1.12
2015.07.27 18:06:48.784,1.23221,1.23224,1.10,1.10
2015.07.27 18:06:54.837,1.23221,1.23224,1.00,1.12
2015.07.27 18:07:00.908,1.23221,1.23224,1.00,1.50
2015.07.27 18:07:07.746,1.23221,1.23224,1.00,1.12
2015.07.27 18:07:21.712,1.23221,1.23224,3.00,1.00
2015.07.27 18:07:22.219,1.23222,1.23225,1.20,1.10
2015.07.27 18:07:22.764,1.23221,1.23224,2.25,1.00
2015.07.27 18:07:27.729,1.23222,1.23225,1.20,1.57
2015.07.27 18:07:28.970,1.23222,1.23225,1.12,1.50
2015.07.27 18:07:32.291,1.23222,1.23224,1.00,2.17
2015.07.27 18:07:32.630,1.23215,1.23218,2.25,1.00
2015.07.27 18:07:33.237,1.23216,1.23219,1.10,1.50
2015.07.27 18:07:38.761,1.23217,1.2322,1.00,1.10
2015.07.27 18:07:39.905,1.23218,1.2322,1.00,1.10
2015.07.27 18:07:39.957,1.2322,1.23221,1.00,1.10
2015.07.27 18:07:40.162,1.23221,1.23224,1.00,3.45
2015.07.27 18:07:40.668,1.23221,1.23224,1.95,1.00
2015.07.27 18:07:41.471,1.23221,1.23224,1.95,1.00
2015.07.27 18:07:52.584,1.23224,1.23226,1.00,1.12
2015.07.27 18:07:52.989,1.23226,1.23227,1.12,2.25
2015.07.27 18:07:53.294,1.23223,1.23225,1.12,1.00
2015.07.27 18:07:53.823,1.23223,1.23225,1.12,1.12
2015.07.27 18:07:54.380,1.23222,1.23225,1.12,1.50
2015.07.27 18:07:56.056,1.23221,1.23222,2.25,1.12
2015.07.27 18:07:56.107,1.23218,1.23219,1.50,1.00
2015.07.27 18:07:56.158,1.23216,1.23219,2.70,1.00
2015.07.27 18:07:56.310,1.23218,1.23221,1.00,1.75
2015.07.27 18:07:58.819,1.23217,1.2322,1.00,1.50
2015.07.27 18:07:59.122,1.23215,1.23218,1.10,1.10
2015.07.27 18:08:00.588,1.23214,1.23216,1.12,1.00
2015.07.27 18:08:00.640,1.23212,1.23215,2.32,1.00
2015.07.27 18:08:00.777,1.2321,1.23213,1.00,1.10
2015.07.27 18:08:01.082,1.23213,1.23216,1.00,1.87
2015.07.27 18:08:03.267,1.23213,1.23216,1.12,1.10
2015.07.27 18:08:04.423,1.23211,1.23214,3.00,1.00
2015.07.27 18:08:04.575,1.2321,1.23213,1.00,1.10
2015.07.27 18:08:04.829,1.23212,1.23215,1.00,2.25
2015.07.27 18:08:06.704,1.23212,1.23215,1.00,1.12
2015.07.27 18:08:16.127,1.23211,1.23213,1.00,1.10
2015.07.27 18:08:16.639,1.2321,1.23213,1.00,1.10
2015.07.27 18:08:17.146,1.23209,1.23212,1.20,1.00
2015.07.27 18:08:18.139,1.2321,1.23213,1.00,1.12
2015.07.27 18:08:20.238,1.23208,1.23211,1.20,1.00
2015.07.27 18:08:20.745,1.23209,1.23212,1.00,1.12
2015.07.27 18:08:21.252,1.23209,1.23212,1.00,1.10
2015.07.27 18:08:24.142,1.2321,1.23213,1.00,1.12
2015.07.27 18:08:27.420,1.23211,1.23214,1.00,2.25
2015.07.27 18:08:27.925,1.23211,1.23214,1.00,1.12
2015.07.27 18:08:44.694,1.23212,1.23216,1.00,3.37
2015.07.27 18:08:45.200,1.23212,1.23215,1.00,1.12
2015.07.27 18:08:54.423,1.23211,1.23214,1.00,1.10
2015.07.27 18:08:55.182,1.23211,1.23214,1.00,1.12
2015.07.27 18:09:03.148,1.23211,1.23214,1.00,3.75
2015.07.27 18:09:03.685,1.23211,1.23214,1.00,1.50
2015.07.27 18:09:14.008,1.23212,1.23215,1.00,1.50
2015.07.27 18:09:14.773,1.23212,1.23215,1.00,1.12
2015.07.27 18:09:20.454,1.23211,1.23213,1.00,1.12
2015.07.27 18:09:20.556,1.23209,1.23212,1.10,1.50
2015.07.27 18:09:20.856,1.23211,1.23214,1.00,1.12
2015.07.27 18:09:21.363,1.23212,1.23215,1.00,1.50
2015.07.27 18:09:26.772,1.2321,1.23212,1.00,1.10
2015.07.27 18:09:26.823,1.23209,1.23212,1.00,1.10
2015.07.27 18:09:27.329,1.23206,1.23211,3.00,1.10
2015.07.27 18:09:27.854,1.23206,1.23211,2.25,1.10
2015.07.27 18:09:30.295,1.23206,1.23211,1.57,1.12
2015.07.27 18:09:31.906,1.23206,1.23211,1.95,1.12
2015.07.27 18:09:32.477,1.23206,1.23211,3.00,1.10
2015.07.27 18:09:42.498,1.23208,1.23211,1.00,1.20
2015.07.27 18:09:44.118,1.23207,1.2321,1.20,1.00
2015.07.27 18:09:44.666,1.23207,1.23209,1.20,1.00
2015.07.27 18:09:46.676,1.23208,1.23209,1.00,1.00
2015.07.27 18:09:47.199,1.23206,1.23209,1.10,2.25
2015.07.27 18:09:47.552,1.23205,1.23208,1.00,1.12
2015.07.27 18:09:48.076,1.23204,1.23207,1.00,1.12
2015.07.27 18:09:48.472,1.23202,1.23204,1.10,1.00
2015.07.27 18:09:48.778,1.232,1.23202,1.20,1.00
2015.07.27 18:09:53.046,1.23199,1.23202,1.10,1.50
2015.07.27 18:09:53.400,1.23197,1.232,1.20,1.00
2015.07.27 18:10:01.320,1.23197,1.232,2.25,1.00
2015.07.27 18:10:06.489,1.23199,1.23201,1.00,1.00
2015.07.27 18:10:07.001,1.23199,1.23202,1.00,1.10
2015.07.27 18:10:12.837,1.23199,1.23202,1.00,1.12
2015.07.27 18:10:13.348,1.23198,1.23201,1.00,1.10
2015.07.27 18:10:14.905,1.23198,1.23201,2.62,1.10
2015.07.27 18:10:15.158,1.23201,1.23204,1.00,1.10
2015.07.27 18:10:16.927,1.23201,1.23204,1.00,1.12
2015.07.27 18:10:22.636,1.232,1.23202,1.87,1.00
2015.07.27 18:10:26.177,1.23199,1.23202,3.45,1.00
2015.07.27 18:10:27.926,1.23199,1.23202,3.45,1.00
2015.07.27 18:10:30.351,1.23199,1.23202,1.57,1.00
2015.07.27 18:10:30.856,1.23198,1.23201,1.95,1.00
2015.07.27 18:10:33.076,1.23198,1.232,1.00,1.00
2015.07.27 18:10:33.178,1.23196,1.23199,1.00,1.80
2015.07.27 18:10:33.482,1.23193,1.23195,2.70,1.00
2015.07.27 18:10:38.805,1.23193,1.23196,1.87,1.57
2015.07.27 18:10:40.220,1.23192,1.23195,1.95,1.00
2015.07.27 18:10:40.727,1.23192,1.23195,1.95,1.00
2015.07.27 18:10:47.401,1.23193,1.23196,1.00,1.50
2015.07.27 18:11:18.787,1.23192,1.23195,1.12,1.10
2015.07.27 18:11:23.157,1.23194,1.23197,1.00,1.87
2015.07.27 18:11:28.202,1.23194,1.23197,1.00,1.50
2015.07.27 18:11:32.203,1.23193,1.23196,1.00,1.20
2015.07.27 18:11:33.486,1.23195,1.23198,1.00,1.12
2015.07.27 18:11:33.838,1.23198,1.232,1.12,1.00
2015.07.27 18:11:34.345,1.23198,1.23201,1.87,1.10
2015.07.27 18:11:40.926,1.23199,1.23201,1.12,1.10
2015.07.27 18:11:41.028,1.232,1.23203,1.00,1.10
2015.07.27 18:11:41.531,1.23202,1.23205,1.00,1.12
2015.07.27 18:11:42.093,1.23201,1.23204,1.87,1.10
2015.07.27 18:11:42.594,1.23202,1.23205,1.00,1.10
2015.07.27 18:11:46.223,1.23201,1.23204,1.20,1.00
2015.07.27 18:11:47.318,1.23202,1.23205,1.00,1.20
2015.07.27 18:11:51.625,1.23201,1.23204,1.10,1.00
2015.07.27 18:11:52.013,1.23199,1.23202,2.25,1.00
2015.07.27 18:11:52.518,1.232,1.23203,1.00,1.10
2015.07.27 18:12:01.369,1.232,1.23203,1.37,1.10
2015.07.27 18:12:01.884,1.23202,1.23205,1.00,1.87
2015.07.27 18:12:13.779,1.232,1.23203,1.10,1.00
2015.07.27 18:12:17.970,1.23199,1.23202,1.95,1.00
2015.07.27 18:12:41.380,1.232,1.23203,1.00,1.10
2015.07.27 18:12:45.706,1.23199,1.23202,2.25,1.00
2015.07.27 18:13:02.499,1.232,1.23202,1.47,1.00
2015.07.27 18:13:02.652,1.23203,1.23206,1.00,1.50
2015.07.27 18:13:03.158,1.23203,1.23206,1.00,1.10
2015.07.27 18:13:09.995,1.23203,1.23205,1.00,1.00
2015.07.27 18:13:10.146,1.23201,1.23204,1.57,1.12
2015.07.27 18:13:10.450,1.23199,1.23202,1.50,1.00
2015.07.27 18:13:10.955,1.23199,1.23202,1.20,1.00
2015.07.27 18:13:13.828,1.23198,1.23201,2.25,1.00
2015.07.27 18:13:14.329,1.23198,1.23201,1.10,1.00
2015.07.27 18:13:17.749,1.23198,1.23201,1.00,1.12
2015.07.27 18:13:25.980,1.23196,1.23199,1.87,1.00
2015.07.27 18:13:26.511,1.23196,1.23199,1.00,1.10
2015.07.27 18:13:29.545,1.23197,1.232,1.00,1.50
2015.07.27 18:13:29.850,1.23194,1.23197,1.12,1.00
2015.07.27 18:13:34.569,1.23197,1.232,1.10,1.10
2015.07.27 18:13:35.076,1.23197,1.232,1.87,1.00
2015.07.27 18:13:45.477,1.23198,1.23201,1.10,1.10
2015.07.27 18:13:46.032,1.23199,1.23201,1.10,1.00
2015.07.27 18:13:46.336,1.232,1.23203,1.10,1.10
2015.07.27 18:13:47.375,1.23199,1.23202,1.12,1.00
2015.07.27 18:13:50.085,1.23199,1.23202,1.00,1.10
2015.07.27 18:14:02.000,1.23197,1.232,4.50,1.00
2015.07.27 18:14:02.510,1.23197,1.23199,2.70,1.00
2015.07.27 18:14:07.003,1.23197,1.232,3.45,1.00
2015.07.27 18:14:07.339,1.23199,1.23201,1.00,1.00
2015.07.27 18:14:07.844,1.23199,1.23202,1.00,1.57
2015.07.27 18:14:10.090,1.23201,1.23202,1.12,1.10
2015.07.27 18:14:10.309,1.23204,1.23207,1.00,1.10
2015.07.27 18:14:10.817,1.23205,1.23208,1.00,1.10
2015.07.27 18:14:11.348,1.23206,1.23209,1.12,1.00
2015.07.27 18:14:13.036,1.23207,1.2321,1.10,1.10
2015.07.27 18:14:13.561,1.23207,1.2321,1.12,1.00
2015.07.27 18:14:38.273,1.23207,1.2321,1.00,1.10
2015.07.27 18:14:56.068,1.23208,1.2321,1.87,1.10
2015.07.27 18:14:56.120,1.23209,1.23212,1.10,1.00
2015.07.27 18:14:56.631,1.2321,1.23213,1.00,1.57
2015.07.27 18:14:59.328,1.23209,1.23212,1.10,1.00
2015.07.27 18:15:02.902,1.2321,1.23213,1.00,1.10
2015.07.27 18:15:04.632,1.23209,1.23212,1.10,1.00
2015.07.27 18:15:05.138,1.23208,1.23211,1.87,1.00
2015.07.27 18:15:06.648,1.23208,1.23211,1.57,1.10
2015.07.27 18:15:07.152,1.23208,1.2321,1.10,1.00
2015.07.27 18:15:07.724,1.23208,1.23211,1.57,1.10
2015.07.27 18:15:08.842,1.23207,1.2321,1.87,1.00
2015.07.27 18:15:10.620,1.23208,1.23211,1.57,1.10
2015.07.27 18:15:13.276,1.23209,1.23211,1.00,1.10
2015.07.27 18:15:13.428,1.2321,1.23213,1.00,1.10
2015.07.27 18:15:14.308,1.23212,1.23215,1.00,1.87
2015.07.27 18:15:14.460,1.23214,1.23217,1.00,1.57
2015.07.27 18:15:14.915,1.23217,1.2322,1.00,2.25
2015.07.27 18:15:15.420,1.23217,1.2322,1.00,1.87
2015.07.27 18:15:18.754,1.23216,1.23219,1.10,1.10
2015.07.27 18:15:25.070,1.23216,1.23219,1.47,1.10
2015.07.27 18:15:25.589,1.23217,1.2322,1.10,1.50
2015.07.27 18:15:26.133,1.23216,1.23219,1.12,1.00
2015.07.27 18:15:26.687,1.23216,1.23219,1.10,1.10
2015.07.27 18:15:27.135,1.23219,1.23221,1.00,1.57
2015.07.27 18:15:27.796,1.23219,1.23221,1.00,1.00
2015.07.27 18:15:27.948,1.23216,1.23219,1.12,1.00
2015.07.27 18:15:28.450,1.23216,1.23219,1.10,1.00
2015.07.27 18:15:28.957,1.23215,1.23218,1.12,1.00
2015.07.27 18:15:29.733,1.23216,1.23219,1.10,1.00
2015.07.27 18:15:30.263,1.23215,1.23218,1.10,1.00
2015.07.27 18:15:32.274,1.23216,1.23219,1.00,1.10
2015.07.27 18:15:38.780,1.23215,1.23218,1.10,1.00
2015.07.27 18:15:41.560,1.23214,1.23217,3.00,1.00
2015.07.27 18:15:41.889,1.23216,1.23219,1.00,1.10
2015.07.27 18:15:47.828,1.23216,1.23219,1.00,1.47
2015.07.27 18:15:48.807,1.23216,1.23219,1.00,1.10
2015.07.27 18:15:58.769,1.23215,1.23218,1.10,1.00
2015.07.27 18:16:13.580,1.23215,1.23218,1.47,1.00
2015.07.27 18:16:13.631,1.23217,1.2322,1.00,1.10
2015.07.27 18:16:14.541,1.23216,1.23219,1.10,1.00
2015.07.27 18:16:14.926,1.23218,1.2322,1.00,1.10
2015.07.27 18:16:15.432,1.23217,1.2322,1.00,1.57
2015.07.27 18:16:15.938,1.23216,1.23219,1.10,1.00
2015.07.27 18:16:17.705,1.23217,1.23219,1.12,1.00
2015.07.27 18:16:18.012,1.23219,1.23221,1.00,1.00
2015.07.27 18:16:18.520,1.23218,1.23221,1.00,1.57
2015.07.27 18:16:19.034,1.23218,1.2322,1.00,1.00
2015.07.27 18:16:22.633,1.23218,1.23221,1.00,1.57
2015.07.27 18:16:23.161,1.23218,1.2322,1.00,1.00
2015.07.27 18:16:27.046,1.23218,1.23221,1.00,1.57
2015.07.27 18:16:27.583,1.23219,1.23221,1.00,1.00
2015.07.27 18:16:33.183,1.2322,1.23221,1.00,1.00
2015.07.27 18:16:35.983,1.23219,1.23221,1.00,1.00
2015.07.27 18:16:40.480,1.23217,1.2322,1.95,1.00
2015.07.27 18:16:43.847,1.23219,1.23221,1.00,1.10
2015.07.27 18:16:44.355,1.23218,1.23221,1.00,1.57
2015.07.27 18:16:44.865,1.23218,1.2322,1.00,1.00
2015.07.27 18:16:45.385,1.23218,1.23221,1.00,1.57
2015.07.27 18:16:46.211,1.23218,1.23221,1.37,1.57
2015.07.27 18:16:48.260,1.23218,1.23221,1.12,1.57
2015.07.27 18:16:50.222,1.23218,1.23221,1.37,1.57
2015.07.27 18:16:51.199,1.23218,1.23221,1.12,1.57
2015.07.27 18:16:52.211,1.23219,1.23221,1.00,1.10
2015.07.27 18:16:52.537,1.23217,1.2322,1.95,1.50
2015.07.27 18:16:56.482,1.23218,1.2322,1.00,1.00
2015.07.27 18:17:01.072,1.23218,1.23221,1.00,1.57
2015.07.27 18:17:07.551,1.23218,1.2322,1.00,1.00
2015.07.27 18:17:08.097,1.23219,1.2322,1.00,1.00
2015.07.27 18:17:10.372,1.23219,1.23221,1.00,1.10
2015.07.27 18:17:15.142,1.23218,1.23221,1.00,1.95
2015.07.27 18:17:18.736,1.23217,1.2322,1.57,1.00
2015.07.27 18:17:26.139,1.23218,1.2322,1.00,1.50
2015.07.27 18:17:26.190,1.23222,1.23225,2.47,11.25
2015.07.27 18:17:26.241,1.23221,1.23222,3.22,1.00
2015.07.27 18:17:26.342,1.23225,1.23228,2.55,1.50
2015.07.27 18:17:26.393,1.23226,1.23228,1.67,1.00
2015.07.27 18:17:26.444,1.23227,1.2323,1.50,1.00
2015.07.27 18:17:28.101,1.23227,1.2323,1.20,1.50
2015.07.27 18:17:28.607,1.23227,1.2323,1.47,1.50
2015.07.27 18:17:32.775,1.23227,1.2323,1.20,1.50
2015.07.27 18:17:37.350,1.23228,1.2323,1.00,1.00
2015.07.27 18:17:38.743,1.23227,1.2323,1.20,1.50
2015.07.27 18:17:42.754,1.23229,1.23232,1.00,1.87
2015.07.27 18:17:45.564,1.23229,1.23232,2.47,1.10
2015.07.27 18:17:45.898,1.23232,1.23235,1.00,1.10
2015.07.27 18:17:45.949,1.23232,1.23233,1.00,1.00
2015.07.27 18:17:46.001,1.23229,1.23232,1.20,1.00
2015.07.27 18:17:46.506,1.2323,1.23231,1.00,1.00
2015.07.27 18:17:46.967,1.23228,1.23231,1.20,1.50
2015.07.27 18:17:49.008,1.23228,1.2323,1.12,1.00
2015.07.27 18:17:49.110,1.23226,1.23229,2.32,1.00
2015.07.27 18:17:58.894,1.23226,1.23229,2.62,1.00
2015.07.27 18:17:58.995,1.23228,1.23231,1.00,1.50
2015.07.27 18:18:02.882,1.23228,1.2323,1.00,1.00
2015.07.27 18:18:03.411,1.23226,1.23229,1.57,1.00
2015.07.27 18:18:03.918,1.23226,1.23229,1.57,1.00
2015.07.27 18:18:09.427,1.23228,1.2323,1.00,1.00
2015.07.27 18:18:09.932,1.23228,1.23231,1.10,1.00
2015.07.27 18:18:14.354,1.2323,1.23232,1.00,1.10
2015.07.27 18:18:14.511,1.23233,1.23236,1.12,1.10
2015.07.27 18:18:14.965,1.23235,1.23237,1.00,1.57
2015.07.27 18:18:15.471,1.23236,1.23238,1.00,1.12
2015.07.27 18:18:15.973,1.23236,1.23239,1.00,1.87
2015.07.27 18:18:20.027,1.23236,1.23238,1.00,1.00
2015.07.27 18:18:36.886,1.23236,1.23239,1.00,1.87
2015.07.27 18:18:37.388,1.23237,1.23239,1.12,1.00
2015.07.27 18:18:37.692,1.2324,1.23243,1.10,1.57
2015.07.27 18:18:38.199,1.23241,1.23244,1.10,1.57
2015.07.27 18:18:39.878,1.23241,1.23244,2.55,1.10
2015.07.27 18:18:40.068,1.23243,1.23246,1.20,1.00
2015.07.27 18:18:43.520,1.23243,1.23245,1.20,1.00
2015.07.27 18:18:52.751,1.23243,1.23246,1.20,1.50
2015.07.27 18:18:53.361,1.23242,1.23245,1.50,1.00
2015.07.27 18:18:53.873,1.23242,1.23244,1.10,1.00
2015.07.27 18:18:54.442,1.23241,1.23243,1.50,1.00
2015.07.27 18:18:57.093,1.23244,1.23248,2.10,3.67
2015.07.27 18:18:57.144,1.23246,1.23247,1.12,1.12
2015.07.27 18:18:57.195,1.23246,1.23248,1.87,1.00
2015.07.27 18:18:57.246,1.23249,1.2325,1.35,1.12
2015.07.27 18:18:57.651,1.23245,1.23248,1.50,1.00
2015.07.27 18:18:58.174,1.23245,1.23248,1.12,1.00
2015.07.27 18:18:59.136,1.23244,1.23247,2.62,1.00
2015.07.27 18:19:01.384,1.23244,1.23247,1.20,1.00
2015.07.27 18:19:02.308,1.23244,1.23246,1.10,1.00
2015.07.27 18:19:10.316,1.23244,1.23247,1.20,1.00
2015.07.27 18:19:18.680,1.23243,1.23246,3.75,1.00
2015.07.27 18:19:28.675,1.23242,1.23243,1.10,1.00
2015.07.27 18:19:28.777,1.23237,1.2324,1.50,1.00
2015.07.27 18:19:34.304,1.23236,1.23239,1.57,1.00
2015.07.27 18:19:34.845,1.23235,1.23238,1.50,1.00
2015.07.27 18:19:50.607,1.23235,1.23241,2.25,2.25
2015.07.27 18:19:54.412,1.23235,1.23241,3.00,1.50
2015.07.27 18:19:58.766,1.23235,1.23239,3.00,1.00
2015.07.27 18:20:02.148,1.23238,1.23239,1.00,1.00
2015.07.27 18:20:02.199,1.23238,1.23241,1.10,1.10
2015.07.27 18:20:02.301,1.2324,1.23242,1.00,1.12
2015.07.27 18:20:02.453,1.23241,1.23243,1.00,1.00
2015.07.27 18:20:02.955,1.23241,1.23244,1.00,1.10
2015.07.27 18:20:09.477,1.23239,1.23242,1.50,1.00
2015.07.27 18:20:15.175,1.23239,1.23241,1.10,1.00
2015.07.27 18:20:15.985,1.23239,1.23242,1.10,1.57
2015.07.27 18:20:24.496,1.23238,1.23241,2.25,1.00
2015.07.27 18:20:25.306,1.23239,1.23242,1.10,1.57
2015.07.27 18:20:25.830,1.2324,1.23243,1.00,1.12
2015.07.27 18:20:27.791,1.2324,1.23241,1.00,1.00
2015.07.27 18:20:28.322,1.2324,1.23243,1.00,1.12
2015.07.27 18:20:34.465,1.23241,1.23244,1.00,1.50
2015.07.27 18:20:34.972,1.2324,1.23243,1.10,1.10
2015.07.27 18:20:35.486,1.23241,1.23244,1.00,1.12
2015.07.27 18:20:36.407,1.2324,1.23243,1.10,1.10
2015.07.27 18:20:37.114,1.23241,1.23244,1.00,1.12
2015.07.27 18:20:37.642,1.2324,1.23243,1.10,1.57
2015.07.27 18:20:38.188,1.23239,1.23242,1.12,1.00
2015.07.27 18:20:39.689,1.2324,1.23243,1.10,1.10
2015.07.27 18:20:42.089,1.23241,1.23243,1.00,1.10
2015.07.27 18:20:43.212,1.23241,1.23244,1.87,1.12
2015.07.27 18:20:43.401,1.23242,1.23245,1.20,1.50
2015.07.27 18:20:45.926,1.23243,1.23246,1.00,1.57
2015.07.27 18:20:47.742,1.23243,1.23246,3.75,1.00
2015.07.27 18:20:47.844,1.23245,1.23248,1.00,1.10
2015.07.27 18:20:50.945,1.23246,1.23249,1.00,1.10
2015.07.27 18:20:53.559,1.23245,1.23248,1.10,1.00
2015.07.27 18:20:58.769,1.23244,1.23247,2.25,1.00
2015.07.27 18:20:59.361,1.23246,1.23249,1.00,1.10
2015.07.27 18:21:02.325,1.23246,1.23248,1.00,1.00
2015.07.27 18:21:02.830,1.23244,1.23247,1.50,1.00
2015.07.27 18:21:03.781,1.23245,1.23248,1.10,1.00
2015.07.27 18:21:12.273,1.23245,1.23248,1.00,1.12
2015.07.27 18:21:13.180,1.23243,1.23246,2.70,1.00
2015.07.27 18:21:13.799,1.23243,1.23246,2.70,1.00
2015.07.27 18:21:16.593,1.23244,1.23246,1.00,1.00
2015.07.27 18:21:16.694,1.23247,1.23248,1.00,1.12
2015.07.27 18:21:16.898,1.23249,1.23252,1.00,1.12
2015.07.27 18:21:17.292,1.23251,1.23254,1.00,2.25
2015.07.27 18:21:17.445,1.23251,1.23254,1.00,1.12
2015.07.27 18:21:17.950,1.23251,1.23254,1.00,1.10
2015.07.27 18:21:18.788,1.23252,1.23255,1.00,1.87
2015.07.27 18:21:21.513,1.23251,1.23253,1.00,1.00
2015.07.27 18:21:22.064,1.2325,1.23253,1.20,1.00
2015.07.27 18:21:22.585,1.2325,1.23253,1.47,1.00
2015.07.27 18:21:24.341,1.2325,1.23253,2.32,1.00
2015.07.27 18:21:25.370,1.2325,1.23253,2.62,1.00
2015.07.27 18:21:30.346,1.2325,1.23253,2.62,1.50
2015.07.27 18:21:31.349,1.2325,1.23253,2.62,1.50
2015.07.27 18:21:33.353,1.2325,1.23253,2.62,1.50
2015.07.27 18:21:36.763,1.23251,1.23254,1.47,1.50
2015.07.27 18:21:37.740,1.23251,1.23253,1.47,1.00
2015.07.27 18:21:38.520,1.23251,1.23253,1.12,1.00
2015.07.27 18:21:39.047,1.23252,1.23253,1.00,1.00
2015.07.27 18:21:46.537,1.23251,1.23253,1.87,1.00
2015.07.27 18:21:47.040,1.23251,1.23252,1.00,1.00
2015.07.27 18:21:47.091,1.23249,1.2325,1.05,1.12
2015.07.27 18:21:47.294,1.23246,1.23249,1.00,2.62
2015.07.27 18:21:47.395,1.23244,1.23247,1.20,1.10
2015.07.27 18:21:47.901,1.23244,1.23247,1.12,1.12
2015.07.27 18:21:50.278,1.23244,1.23245,1.00,1.00
2015.07.27 18:21:50.784,1.23243,1.23246,1.00,1.87
2015.07.27 18:21:54.267,1.23243,1.23245,1.00,1.12
2015.07.27 18:21:55.363,1.23244,1.23246,1.00,1.05
2015.07.27 18:22:00.776,1.23244,1.23246,5.25,1.42
2015.07.27 18:22:00.928,1.23246,1.23249,1.50,1.87
2015.07.27 18:22:01.080,1.23248,1.23251,1.50,1.67
2015.07.27 18:22:01.233,1.2325,1.23253,1.50,1.50
2015.07.27 18:22:01.487,1.23253,1.23255,1.00,1.50
2015.07.27 18:22:01.589,1.23253,1.23256,1.00,1.87
2015.07.27 18:22:02.092,1.23253,1.23256,1.00,3.37
2015.07.27 18:22:02.244,1.23252,1.23255,1.50,1.87
2015.07.27 18:22:02.776,1.23252,1.23254,1.00,1.10
2015.07.27 18:22:11.600,1.23253,1.23256,1.00,1.50
2015.07.27 18:22:11.904,1.23254,1.23256,1.00,1.00
2015.07.27 18:22:13.488,1.23253,1.23257,1.50,4.50
2015.07.27 18:22:14.012,1.23253,1.23256,1.00,2.62
2015.07.27 18:22:20.737,1.23251,1.23254,1.10,1.50
2015.07.27 18:22:21.287,1.23251,1.23253,1.00,1.00
2015.07.27 18:22:22.942,1.23251,1.23254,1.00,1.10
2015.07.27 18:22:23.246,1.23254,1.23257,1.50,1.87
2015.07.27 18:22:23.499,1.23257,1.23258,1.00,1.50
2015.07.27 18:22:24.042,1.23256,1.23258,1.00,1.50
2015.07.27 18:22:24.548,1.23256,1.23258,1.50,1.00
2015.07.27 18:22:25.442,1.23256,1.23257,1.00,1.12
2015.07.27 18:22:25.493,1.23255,1.23257,1.00,1.12
2015.07.27 18:22:25.646,1.23252,1.23255,1.00,2.62
2015.07.27 18:22:25.748,1.23251,1.23254,1.00,3.00
2015.07.27 18:22:26.255,1.2325,1.23252,1.50,1.12
2015.07.27 18:22:26.955,1.2325,1.23252,1.00,1.10
2015.07.27 18:22:27.656,1.2325,1.23251,1.50,1.00
2015.07.27 18:22:28.656,1.2325,1.23252,1.00,1.10
2015.07.27 18:22:30.303,1.2325,1.23251,1.50,1.00
2015.07.27 18:22:30.859,1.2325,1.23252,1.00,1.10
2015.07.27 18:22:33.626,1.2325,1.23252,1.00,1.20
2015.07.27 18:22:33.778,1.23248,1.23249,1.00,1.00
2015.07.27 18:22:33.931,1.23245,1.23246,1.95,1.00
2015.07.27 18:22:34.134,1.23243,1.23244,1.50,1.00
2015.07.27 18:22:34.667,1.23241,1.23243,1.12,1.00
2015.07.27 18:22:34.769,1.23238,1.23241,1.50,1.00
2015.07.27 18:22:34.921,1.23237,1.2324,1.50,1.00
2015.07.27 18:22:35.429,1.23236,1.23239,1.87,1.00
2015.07.27 18:22:37.445,1.23237,1.2324,1.12,1.50
2015.07.27 18:22:37.942,1.23239,1.23242,1.00,1.57
2015.07.27 18:22:43.052,1.23238,1.23241,1.57,1.00
2015.07.27 18:22:44.142,1.23238,1.23241,1.00,4.87
2015.07.27 18:22:45.655,1.23237,1.23238,1.00,1.00
2015.07.27 18:22:45.808,1.23235,1.23238,1.00,1.10
2015.07.27 18:22:45.859,1.23234,1.23235,1.10,1.50
2015.07.27 18:22:46.011,1.2323,1.23233,1.12,1.00
2015.07.27 18:22:48.489,1.23231,1.23234,1.10,1.10
2015.07.27 18:22:49.677,1.2323,1.23233,1.12,1.00
2015.07.27 18:22:50.182,1.23231,1.23234,1.10,1.10
2015.07.27 18:22:50.696,1.2323,1.23233,1.00,3.07
2015.07.27 18:22:54.201,1.23231,1.23234,1.00,3.00
2015.07.27 18:22:55.017,1.2323,1.23233,1.00,1.10
2015.07.27 18:22:55.169,1.23232,1.23234,1.00,1.10
2015.07.27 18:22:55.472,1.23236,1.23237,1.00,2.25
2015.07.27 18:22:56.180,1.23236,1.23239,1.10,1.00
2015.07.27 18:23:00.199,1.23237,1.2324,1.00,1.95
2015.07.27 18:23:01.197,1.23238,1.23241,1.00,1.87
2015.07.27 18:23:01.704,1.23238,1.23241,1.12,1.00
2015.07.27 18:23:16.111,1.2324,1.23241,1.00,1.00
2015.07.27 18:23:16.620,1.2324,1.23242,1.00,1.10
2015.07.27 18:23:18.718,1.23239,1.23242,1.57,1.57
2015.07.27 18:23:22.143,1.2324,1.23242,1.00,1.10
2015.07.27 18:23:22.646,1.2324,1.23241,1.00,1.00
2015.07.27 18:23:23.152,1.23239,1.23242,1.10,1.57
2015.07.27 18:23:23.669,1.23239,1.23241,1.12,1.00
2015.07.27 18:23:24.226,1.23239,1.23242,1.12,1.50
2015.07.27 18:23:33.096,1.23239,1.23241,1.12,1.00
2015.07.27 18:23:33.147,1.23238,1.23241,1.50,1.50
2015.07.27 18:23:33.299,1.23235,1.23238,1.87,1.00
2015.07.27 18:23:34.654,1.23236,1.23239,1.12,1.50
2015.07.27 18:23:38.290,1.23237,1.2324,1.10,1.00
2015.07.27 18:23:38.796,1.23238,1.23241,1.00,1.57
2015.07.27 18:23:42.496,1.23237,1.2324,1.10,1.50
2015.07.27 18:23:42.598,1.23235,1.23238,2.25,1.00
2015.07.27 18:23:53.550,1.23235,1.23238,1.50,1.00
2015.07.27 18:23:55.220,1.23236,1.23239,1.10,1.10
2015.07.27 18:23:55.758,1.23237,1.2324,1.10,1.00
2015.07.27 18:23:56.268,1.23236,1.23239,1.12,1.00
2015.07.27 18:23:57.783,1.23235,1.23238,2.62,1.00
2015.07.27 18:23:58.087,1.23235,1.23238,1.12,1.10
2015.07.27 18:23:58.901,1.23237,1.23239,1.00,1.12
2015.07.27 18:23:59.003,1.23235,1.23238,1.72,1.10
2015.07.27 18:24:08.032,1.23237,1.2324,1.00,1.12
2015.07.27 18:24:08.617,1.23238,1.2324,1.00,1.10
2015.07.27 18:24:10.024,1.23237,1.2324,1.57,1.57
2015.07.27 18:24:11.090,1.23237,1.23238,1.10,1.00
2015.07.27 18:24:11.631,1.23237,1.23239,1.10,1.00
2015.07.27 18:24:12.367,1.23237,1.2324,1.10,1.57
2015.07.27 18:24:28.646,1.23238,1.23241,1.00,1.87
2015.07.27 18:24:39.349,1.23237,1.2324,1.57,1.10
2015.07.27 18:24:42.275,1.23237,1.2324,1.00,2.62
2015.07.27 18:24:43.179,1.23236,1.2324,1.00,3.75
2015.07.27 18:24:44.860,1.23236,1.23239,1.50,1.87
2015.07.27 18:24:45.366,1.23237,1.23238,1.00,1.10
2015.07.27 18:24:45.867,1.23236,1.23238,1.00,1.10
2015.07.27 18:24:46.373,1.23235,1.23238,1.50,1.57
2015.07.27 18:24:46.878,1.23235,1.23238,1.00,4.57
2015.07.27 18:24:47.218,1.23229,1.23232,1.10,1.10
2015.07.27 18:24:48.331,1.23229,1.23232,1.00,1.12
2015.07.27 18:24:57.907,1.23229,1.23232,1.10,1.10
2015.07.27 18:25:04.864,1.23229,1.23232,1.00,1.12
2015.07.27 18:25:10.454,1.23229,1.23232,1.10,1.00
2015.07.27 18:25:18.706,1.23228,1.23231,1.57,1.00
2015.07.27 18:25:22.523,1.23231,1.23232,1.00,1.10
2015.07.27 18:25:22.827,1.23234,1.23237,1.00,5.25
2015.07.27 18:25:23.363,1.23234,1.23237,1.00,4.87
2015.07.27 18:25:31.759,1.23233,1.23235,1.00,1.50
2015.07.27 18:25:32.064,1.23231,1.23235,1.00,3.75
2015.07.27 18:25:32.659,1.23231,1.23234,1.00,1.12
2015.07.27 18:25:34.835,1.2323,1.23233,1.10,1.10
2015.07.27 18:26:23.013,1.2323,1.23232,1.00,1.00
2015.07.27 18:26:23.325,1.23226,1.23229,1.50,1.00
2015.07.27 18:26:23.959,1.23226,1.23229,1.50,1.00
2015.07.27 18:26:25.734,1.23228,1.23231,1.00,1.57
2015.07.27 18:26:26.918,1.23229,1.23232,1.00,1.87
2015.07.27 18:26:27.423,1.23229,1.23232,1.00,1.10
2015.07.27 18:26:38.727,1.23228,1.23231,1.20,1.00
2015.07.27 18:26:49.056,1.23227,1.2323,1.20,1.00
2015.07.27 18:26:51.683,1.23228,1.23231,1.00,1.12
2015.07.27 18:26:54.260,1.23228,1.23231,1.00,1.10
2015.07.27 18:27:14.113,1.23227,1.2323,1.95,1.50
2015.07.27 18:27:16.690,1.23226,1.23229,1.95,1.00
2015.07.27 18:27:21.633,1.23226,1.23229,1.12,1.00
2015.07.27 18:27:22.213,1.23226,1.23229,1.37,1.00
2015.07.27 18:27:23.510,1.23227,1.2323,1.12,2.32
2015.07.27 18:27:23.813,1.23226,1.23228,1.12,1.00
2015.07.27 18:27:24.191,1.2322,1.23223,1.00,1.10
2015.07.27 18:27:33.409,1.23222,1.23224,1.00,1.87
2015.07.27 18:27:33.663,1.23225,1.23228,1.00,1.10
2015.07.27 18:27:34.189,1.23226,1.23229,1.12,1.10
2015.07.27 18:27:34.920,1.23227,1.2323,1.12,2.62
2015.07.27 18:27:35.458,1.23227,1.2323,1.20,1.50
2015.07.27 18:27:35.611,1.23229,1.2323,1.00,1.00
2015.07.27 18:27:35.915,1.23232,1.23233,1.00,1.00
2015.07.27 18:27:36.425,1.23231,1.23233,1.10,1.00
2015.07.27 18:27:36.971,1.23231,1.23234,1.57,1.00
2015.07.27 18:27:38.646,1.23232,1.23235,1.00,1.57
2015.07.27 18:27:40.263,1.23231,1.23234,1.10,1.00
2015.07.27 18:27:46.355,1.23231,1.23234,1.47,1.00
2015.07.27 18:27:46.663,1.23234,1.23236,1.00,1.10
2015.07.27 18:27:54.682,1.23234,1.23235,1.00,1.00
2015.07.27 18:27:55.239,1.23233,1.23234,1.87,1.00
2015.07.27 18:27:56.146,1.23232,1.23233,1.10,1.00
2015.07.27 18:27:56.198,1.23232,1.23233,1.10,1.00
2015.07.27 18:27:56.704,1.23231,1.23233,1.00,1.00
2015.07.27 18:27:58.868,1.23231,1.23234,1.00,1.57
2015.07.27 18:28:07.368,1.2323,1.23231,1.57,1.00
2015.07.27 18:28:07.672,1.23229,1.23231,1.20,1.00
2015.07.27 18:28:10.337,1.23229,1.23232,1.10,1.00
2015.07.27 18:28:10.844,1.23229,1.23232,1.00,1.12
2015.07.27 18:28:15.483,1.23229,1.2323,1.00,1.00
2015.07.27 18:28:18.240,1.23229,1.23232,1.00,2.62
2015.07.27 18:28:18.807,1.23229,1.23233,1.00,3.75
2015.07.27 18:28:19.327,1.2323,1.23233,1.00,1.50
2015.07.27 18:28:19.833,1.2323,1.23233,1.00,1.12
2015.07.27 18:28:23.723,1.23229,1.23232,1.00,1.87
2015.07.27 18:28:26.533,1.23228,1.23231,1.10,2.32
2015.07.27 18:28:27.051,1.23228,1.23231,1.00,2.62
2015.07.27 18:28:28.049,1.23228,1.23229,1.00,1.00
2015.07.27 18:28:28.586,1.23227,1.23228,1.00,1.00
2015.07.27 18:28:31.078,1.23226,1.23228,1.57,1.00
2015.07.27 18:28:31.635,1.23228,1.23229,1.00,1.10
2015.07.27 18:28:41.119,1.23227,1.23228,1.50,1.00
2015.07.27 18:28:42.300,1.23228,1.23229,1.00,1.00
2015.07.27 18:28:44.243,1.23226,1.23228,2.32,1.00
2015.07.27 18:28:44.294,1.23227,1.23229,1.00,1.00
2015.07.27 18:28:44.799,1.23228,1.23229,1.00,1.00
2015.07.27 18:28:51.371,1.23227,1.23229,1.87,1.00
2015.07.27 18:29:07.059,1.23228,1.23231,1.10,1.10
2015.07.27 18:29:16.658,1.23228,1.23229,1.10,1.00
2015.07.27 18:29:21.141,1.23228,1.2323,1.10,1.00
2015.07.27 18:29:22.889,1.23228,1.23231,1.10,1.10
2015.07.27 18:29:23.486,1.23228,1.2323,1.20,1.00
2015.07.27 18:29:35.458,1.23229,1.2323,1.00,1.00
2015.07.27 18:29:35.980,1.23229,1.23231,1.10,1.00
2015.07.27 18:29:43.397,1.23229,1.23232,1.20,1.57
2015.07.27 18:29:48.961,1.23228,1.23231,2.25,1.00
2015.07.27 18:29:51.716,1.23229,1.23232,1.10,1.57
2015.07.27 18:29:53.839,1.23229,1.23232,1.95,1.57
2015.07.27 18:29:54.145,1.23234,1.23236,1.00,1.10
2015.07.27 18:29:55.913,1.23233,1.23235,1.47,1.00
2015.07.27 18:29:56.418,1.23233,1.23235,1.12,1.00
2015.07.27 18:29:56.955,1.23234,1.23235,1.00,1.00
2015.07.27 18:30:01.210,1.23235,1.23236,1.00,1.00
2015.07.27 18:30:01.413,1.23235,1.23238,1.20,1.10
2015.07.27 18:30:01.918,1.23235,1.23238,1.50,1.00
2015.07.27 18:30:02.502,1.23237,1.2324,1.00,1.12
2015.07.27 18:30:06.823,1.23236,1.23239,1.10,1.10
2015.07.27 18:30:08.756,1.23236,1.23239,1.50,1.00
2015.07.27 18:30:09.761,1.23236,1.23239,1.10,1.10
2015.07.27 18:30:13.476,1.23236,1.23239,1.87,1.00
2015.07.27 18:30:27.248,1.23238,1.2324,1.00,1.00
2015.07.27 18:30:28.067,1.23238,1.23241,1.00,2.32
2015.07.27 18:30:33.477,1.23238,1.23241,1.00,1.95
2015.07.27 18:30:34.472,1.23238,1.23241,1.00,2.32
2015.07.27 18:30:35.201,1.23238,1.2324,1.00,1.00
2015.07.27 18:30:41.873,1.23237,1.23239,1.10,1.00
2015.07.27 18:30:42.401,1.23236,1.23239,1.10,1.00
2015.07.27 18:30:52.061,1.23237,1.23239,1.00,1.00
2015.07.27 18:30:58.656,1.23236,1.23239,1.57,1.50
2015.07.27 18:31:48.565,1.23236,1.23238,1.00,1.00
2015.07.27 18:31:56.446,1.23236,1.23239,1.00,1.57
2015.07.27 18:31:56.991,1.23236,1.23238,1.00,1.00
2015.07.27 18:32:00.407,1.23236,1.23237,1.00,1.00
2015.07.27 18:32:00.508,1.23234,1.23237,1.10,1.50
2015.07.27 18:32:01.015,1.23234,1.23236,1.00,1.00
2015.07.27 18:32:02.818,1.23234,1.23237,1.00,1.10
2015.07.27 18:32:07.841,1.23234,1.23237,1.12,2.92
2015.07.27 18:32:08.144,1.23229,1.23231,1.00,1.50
2015.07.27 18:32:08.681,1.23227,1.23229,1.00,1.00
2015.07.27 18:32:08.833,1.23226,1.23229,1.10,1.00
2015.07.27 18:32:10.744,1.23226,1.23228,1.00,1.00
2015.07.27 18:32:11.249,1.23225,1.23228,1.12,1.10
2015.07.27 18:32:12.909,1.23224,1.23227,1.47,1.00
2015.07.27 18:32:13.438,1.23224,1.23227,1.10,1.00
2015.07.27 18:32:17.328,1.23224,1.23227,1.95,1.00
2015.07.27 18:32:18.438,1.23224,1.23227,1.95,1.00
2015.07.27 18:32:18.973,1.23225,1.23228,1.00,1.10
2015.07.27 18:32:25.906,1.23225,1.23228,2.62,1.10
2015.07.27 18:32:26.159,1.23227,1.2323,1.00,1.57
2015.07.27 18:32:32.308,1.23227,1.2323,1.00,3.37
2015.07.27 18:32:33.766,1.23227,1.2323,1.00,1.87
2015.07.27 18:32:43.998,1.23227,1.23228,1.87,1.00
2015.07.27 18:32:44.223,1.23229,1.23231,1.00,1.12
2015.07.27 18:32:58.837,1.23229,1.23232,1.00,2.70
2015.07.27 18:32:59.388,1.23229,1.23231,1.00,1.00
2015.07.27 18:33:00.203,1.23229,1.23232,1.00,2.70
2015.07.27 18:33:00.405,1.2323,1.23231,1.72,1.00
2015.07.27 18:33:00.584,1.23234,1.23236,1.12,1.00
2015.07.27 18:33:00.686,1.23235,1.23238,1.50,3.75
2015.07.27 18:33:00.738,1.23238,1.23239,1.00,2.25
2015.07.27 18:33:00.789,1.23238,1.23241,1.50,1.57
2015.07.27 18:33:00.891,1.23241,1.23243,1.00,1.10
2015.07.27 18:33:02.499,1.2324,1.23243,1.10,1.50
2015.07.27 18:33:02.843,1.23237,1.2324,1.87,1.00
2015.07.27 18:33:02.894,1.23237,1.2324,1.12,1.00
2015.07.27 18:33:03.435,1.23236,1.23239,1.00,1.00
2015.07.27 18:33:04.603,1.23235,1.23238,1.00,1.00
2015.07.27 18:33:09.629,1.23235,1.23237,1.00,3.00
2015.07.27 18:33:09.680,1.23234,1.23235,1.00,1.00
2015.07.27 18:33:09.731,1.23232,1.23235,1.00,1.00
2015.07.27 18:33:09.883,1.2323,1.23233,3.00,1.00
2015.07.27 18:33:10.400,1.23229,1.23232,2.62,1.00
2015.07.27 18:33:12.417,1.2323,1.23233,1.12,1.00
2015.07.27 18:33:13.462,1.2323,1.23232,1.12,1.00
2015.07.27 18:33:13.765,1.23227,1.2323,1.87,1.50
2015.07.27 18:33:14.120,1.23226,1.23229,1.50,1.50
2015.07.27 18:33:14.627,1.23226,1.23229,1.10,1.00
2015.07.27 18:33:28.044,1.23225,1.23228,1.47,1.00
2015.07.27 18:33:28.549,1.23225,1.23228,1.20,1.00
2015.07.27 18:33:29.337,1.23225,1.23228,1.47,1.00
2015.07.27 18:33:30.832,1.23225,1.23228,1.20,1.00
2015.07.27 18:33:31.844,1.23226,1.23229,1.00,1.10
2015.07.27 18:33:37.745,1.23227,1.2323,1.00,1.87
2015.07.27 18:33:38.352,1.23225,1.23228,1.57,1.35
2015.07.27 18:33:38.404,1.23224,1.23226,2.25,1.00
2015.07.27 18:33:38.708,1.23217,1.23219,1.10,1.00
2015.07.27 18:33:39.406,1.23217,1.2322,1.00,1.57
2015.07.27 18:33:53.721,1.23217,1.2322,1.00,3.30
2015.07.27 18:33:53.772,1.23214,1.23217,2.62,1.00
2015.07.27 18:33:54.278,1.23214,1.23217,1.50,1.00
2015.07.27 18:33:54.683,1.23214,1.23216,1.00,1.00
2015.07.27 18:33:56.625,1.23215,1.23217,1.05,1.50
2015.07.27 18:33:56.676,1.23215,1.23217,1.05,1.00
2015.07.27 18:33:59.125,1.23214,1.23217,1.50,1.00
2015.07.27 18:33:59.630,1.23214,1.23216,1.65,1.00
2015.07.27 18:34:00.181,1.23214,1.23217,2.85,1.00
2015.07.27 18:34:02.997,1.23214,1.23215,1.00,1.00
2015.07.27 18:34:03.302,1.23211,1.23214,1.37,1.50
2015.07.27 18:34:03.404,1.2321,1.23212,1.50,1.00
2015.07.27 18:34:04.201,1.23206,1.23208,2.62,1.00
2015.07.27 18:34:04.353,1.23204,1.23207,1.37,1.50
2015.07.27 18:34:04.914,1.23203,1.23206,3.37,1.00
2015.07.27 18:34:12.026,1.23204,1.23207,1.50,1.00
2015.07.27 18:34:12.787,1.23205,1.23208,1.95,1.00
2015.07.27 18:34:13.091,1.23206,1.23209,1.87,1.00
2015.07.27 18:34:13.656,1.23207,1.2321,3.00,1.00
2015.07.27 18:34:15.886,1.2321,1.23213,1.00,1.57
2015.07.27 18:34:16.761,1.2321,1.23213,1.47,1.00
2015.07.27 18:34:17.414,1.23209,1.23212,1.50,1.00
2015.07.27 18:34:17.667,1.23208,1.23211,1.10,1.00
2015.07.27 18:34:17.902,1.23205,1.23208,2.62,1.00
2015.07.27 18:34:17.953,1.23205,1.23208,1.12,1.00
2015.07.27 18:34:21.178,1.23207,1.23209,1.37,1.50
2015.07.27 18:34:21.229,1.23207,1.2321,2.47,1.00
2015.07.27 18:34:21.735,1.23207,1.23211,3.22,1.00
2015.07.27 18:34:22.242,1.23208,1.23211,1.47,1.00
2015.07.27 18:34:22.748,1.2321,1.23213,1.00,1.57
2015.07.27 18:34:23.838,1.2321,1.23211,1.00,1.00
2015.07.27 18:34:24.173,1.23206,1.23209,1.10,1.00
2015.07.27 18:34:37.991,1.23207,1.23209,1.12,1.00
2015.07.27 18:34:38.043,1.23209,1.23211,1.00,1.12
2015.07.27 18:34:38.144,1.23209,1.23212,1.00,2.70
2015.07.27 18:34:38.650,1.2321,1.23212,1.00,1.10
2015.07.27 18:34:39.186,1.23211,1.23214,1.00,1.12
2015.07.27 18:34:39.856,1.23212,1.23214,1.00,1.12
2015.07.27 18:34:44.143,1.2321,1.23213,1.00,1.10
2015.07.27 18:34:45.859,1.23211,1.23214,1.00,2.62
2015.07.27 18:34:46.062,1.23212,1.23214,1.00,1.10
2015.07.27 18:34:46.568,1.23213,1.23215,1.00,1.10
2015.07.27 18:34:47.110,1.23212,1.23214,1.00,1.00
2015.07.27 18:34:47.628,1.23213,1.23215,1.00,1.10
2015.07.27 18:34:48.271,1.23212,1.23215,1.12,1.57
2015.07.27 18:34:50.354,1.23212,1.23214,1.12,1.00
2015.07.27 18:34:52.758,1.23212,1.23213,1.00,1.00
2015.07.27 18:34:56.131,1.23212,1.23214,1.00,1.10
2015.07.27 18:34:56.612,1.2321,1.23213,1.00,1.12
2015.07.27 18:34:56.663,1.23209,1.23212,1.10,1.10
2015.07.27 18:34:56.866,1.23207,1.2321,1.10,1.00
2015.07.27 18:35:15.864,1.23207,1.23209,1.00,1.00
2015.07.27 18:35:16.429,1.23207,1.2321,1.00,1.57
2015.07.27 18:35:21.467,1.23207,1.2321,1.12,1.00
2015.07.27 18:35:21.923,1.2321,1.23213,1.00,2.25
2015.07.27 18:35:22.126,1.23211,1.23214,1.00,1.12
2015.07.27 18:35:22.812,1.23212,1.23216,1.00,3.37
2015.07.27 18:35:23.066,1.23214,1.23216,1.00,1.10
2015.07.27 18:35:27.389,1.23214,1.23215,1.00,1.00
2015.07.27 18:35:27.542,1.23212,1.23215,1.00,2.62
2015.07.27 18:35:28.250,1.23211,1.23214,1.10,1.10
2015.07.27 18:35:29.959,1.23211,1.23214,1.00,1.12
2015.07.27 18:35:46.098,1.23211,1.23214,1.37,1.12
2015.07.27 18:35:48.023,1.23211,1.23214,1.47,1.10
2015.07.27 18:35:48.538,1.23211,1.23214,1.10,1.10
2015.07.27 18:35:50.331,1.23211,1.23214,1.50,1.00
2015.07.27 18:35:51.624,1.23211,1.23214,1.20,1.00
2015.07.27 18:35:59.235,1.23211,1.23214,1.00,1.12
2015.07.27 18:36:08.305,1.2321,1.23212,1.10,1.00
2015.07.27 18:36:08.507,1.23208,1.23211,1.10,1.50
2015.07.27 18:36:09.021,1.23208,1.2321,1.10,1.00
2015.07.27 18:36:09.526,1.23206,1.23209,1.12,1.50
2015.07.27 18:36:33.227,1.23206,1.23209,1.10,2.32
2015.07.27 18:36:39.128,1.23206,1.23209,1.12,1.00
2015.07.27 18:36:40.237,1.23206,1.23209,1.10,1.00
2015.07.27 18:36:50.959,1.23205,1.23208,2.25,1.00
2015.07.27 18:37:03.686,1.23205,1.23208,2.62,1.00
2015.07.27 18:37:12.932,1.23205,1.23208,1.12,1.00
2015.07.27 18:37:25.547,1.23206,1.23209,1.10,1.57
2015.07.27 18:37:33.279,1.23206,1.23209,1.12,1.00
2015.07.27 18:37:41.647,1.23209,1.23211,1.00,1.57
2015.07.27 18:37:41.748,1.2321,1.23213,1.00,1.50
2015.07.27 18:37:42.254,1.2321,1.23213,1.12,2.25
2015.07.27 18:37:42.558,1.23209,1.23212,1.57,1.00
2015.07.27 18:37:44.151,1.23211,1.23213,1.00,2.32
2015.07.27 18:37:44.930,1.23211,1.23212,1.00,1.00
2015.07.27 18:37:48.234,1.23211,1.23213,1.12,1.00
2015.07.27 18:37:52.288,1.2321,1.23212,1.00,1.00
2015.07.27 18:37:52.795,1.2321,1.23213,1.12,1.87
2015.07.27 18:37:55.270,1.2321,1.23212,1.50,1.00
2015.07.27 18:38:02.574,1.23211,1.23213,1.10,1.00
2015.07.27 18:38:04.453,1.23211,1.23214,1.10,3.45
2015.07.27 18:38:04.979,1.23211,1.23213,1.10,1.00
2015.07.27 18:38:10.684,1.23211,1.23214,1.10,1.20
2015.07.27 18:38:10.786,1.23212,1.23215,1.50,3.00
2015.07.27 18:38:11.289,1.23213,1.23216,1.50,1.00
2015.07.27 18:38:18.421,1.23214,1.23217,1.10,2.25
2015.07.27 18:38:18.927,1.23215,1.23217,1.00,1.50
2015.07.27 18:38:21.239,1.23215,1.23218,3.22,3.07
2015.07.27 18:38:21.545,1.23218,1.23221,1.50,3.00
2015.07.27 18:38:22.798,1.23218,1.2322,1.50,1.00
2015.07.27 18:38:23.750,1.23218,1.2322,1.12,1.00
2015.07.27 18:38:24.449,1.23217,1.23219,1.95,1.00
2015.07.27 18:38:25.118,1.23218,1.23221,1.00,2.70
2015.07.27 18:38:30.564,1.23219,1.23221,1.87,1.57
2015.07.27 18:38:30.767,1.23223,1.23226,1.95,2.25
2015.07.27 18:38:30.970,1.23225,1.23228,1.12,1.57
2015.07.27 18:38:31.514,1.23226,1.23228,1.00,1.10
2015.07.27 18:38:32.021,1.23224,1.23227,4.20,1.00
2015.07.27 18:38:33.735,1.23224,1.23227,1.95,1.00
2015.07.27 18:38:38.733,1.23225,1.23228,1.00,1.57
2015.07.27 18:38:42.800,1.23226,1.23228,1.87,1.10
2015.07.27 18:38:42.902,1.23227,1.2323,1.57,1.00
2015.07.27 18:38:43.023,1.23228,1.23231,1.37,1.57
2015.07.27 18:38:43.532,1.23228,1.23231,1.20,1.00
2015.07.27 18:38:44.039,1.23227,1.23228,1.12,1.00
2015.07.27 18:38:44.141,1.23223,1.23225,2.62,1.00
2015.07.27 18:38:44.731,1.23223,1.23224,1.00,1.00
2015.07.27 18:38:45.091,1.23221,1.23224,1.10,1.00
2015.07.27 18:38:53.231,1.23221,1.23224,1.12,1.00
2015.07.27 18:38:54.944,1.23222,1.23225,1.10,1.50
2015.07.27 18:38:55.755,1.23221,1.23224,1.50,1.00
2015.07.27 18:38:58.068,1.23221,1.23224,1.10,1.10
2015.07.27 18:38:58.575,1.2322,1.23223,1.87,1.00
2015.07.27 18:39:02.357,1.2322,1.23223,1.10,1.57
2015.07.27 18:39:02.900,1.23219,1.23222,1.50,1.00
2015.07.27 18:39:07.525,1.23219,1.23222,3.37,1.00
2015.07.27 18:39:09.582,1.23219,1.2322,1.12,1.00
2015.07.27 18:39:09.725,1.23218,1.23221,1.47,1.00
2015.07.27 18:39:10.536,1.23218,1.23221,1.20,1.00
2015.07.27 18:39:13.541,1.23218,1.23221,1.47,1.00
2015.07.27 18:39:16.619,1.23218,1.23221,1.20,1.00
2015.07.27 18:39:19.523,1.23218,1.23221,1.47,1.00
2015.07.27 18:39:22.559,1.23219,1.23221,1.37,1.00
2015.07.27 18:39:23.032,1.2322,1.23223,1.12,1.57
2015.07.27 18:39:26.275,1.23222,1.23223,1.00,1.00
2015.07.27 18:39:26.579,1.23226,1.23229,1.00,2.32
2015.07.27 18:39:28.611,1.23225,1.23228,1.10,1.50
2015.07.27 18:39:34.655,1.23224,1.23227,1.50,1.00
2015.07.27 18:39:34.909,1.23223,1.23226,1.10,1.57
2015.07.27 18:39:38.599,1.23223,1.23225,1.10,1.00
2015.07.27 18:39:38.650,1.23221,1.23224,1.20,1.00
2015.07.27 18:39:38.853,1.23219,1.23222,1.95,1.00
2015.07.27 18:39:39.360,1.23219,1.23222,1.00,1.10
2015.07.27 18:39:44.535,1.23218,1.23221,1.20,1.00
2015.07.27 18:39:45.076,1.23218,1.23221,1.47,1.00
2015.07.27 18:39:47.623,1.23218,1.23221,1.10,3.00
2015.07.27 18:39:48.260,1.23217,1.2322,1.50,1.00
2015.07.27 18:39:49.578,1.23218,1.23221,1.10,2.25
2015.07.27 18:39:50.097,1.23218,1.23221,1.00,2.62
2015.07.27 18:39:50.627,1.23219,1.23221,1.00,1.12
2015.07.27 18:39:51.112,1.23219,1.23222,1.00,2.32
2015.07.27 18:39:52.224,1.23219,1.23221,1.00,1.00
2015.07.27 18:39:54.643,1.23216,1.23219,1.87,1.50
2015.07.27 18:39:55.177,1.23216,1.23219,1.50,1.00
2015.07.27 18:39:55.549,1.23219,1.23222,1.00,3.37
2015.07.27 18:39:55.702,1.2322,1.23222,1.00,1.12
2015.07.27 18:39:57.326,1.2322,1.23223,1.00,1.10
2015.07.27 18:40:02.329,1.2322,1.23221,1.10,1.00
2015.07.27 18:40:02.685,1.23218,1.23221,1.10,1.50
2015.07.27 18:40:04.593,1.23219,1.23221,1.00,1.10
2015.07.27 18:40:04.898,1.23218,1.23219,1.50,1.00
2015.07.27 18:40:04.950,1.23217,1.23218,1.10,1.50
2015.07.27 18:40:05.101,1.23215,1.23216,1.00,1.00
2015.07.27 18:40:05.152,1.23214,1.23216,1.00,1.00
2015.07.27 18:40:05.660,1.23213,1.23216,1.12,1.10
2015.07.27 18:40:06.586,1.23212,1.23215,1.10,1.00
2015.07.27 18:40:12.563,1.23212,1.23215,1.95,1.00
2015.07.27 18:40:16.593,1.23212,1.23215,1.10,1.00
2015.07.27 18:40:26.109,1.23213,1.23216,1.12,1.10
2015.07.27 18:40:27.473,1.23213,1.23216,1.80,1.00
2015.07.27 18:40:27.524,1.23215,1.23217,2.47,1.57
2015.07.27 18:40:27.727,1.2322,1.23222,1.20,1.00
2015.07.27 18:40:28.234,1.23221,1.23223,1.10,1.00
2015.07.27 18:40:28.589,1.23221,1.23224,1.10,1.00
2015.07.27 18:40:29.285,1.23221,1.23224,1.87,1.00
2015.07.27 18:40:29.942,1.2322,1.23223,1.87,1.00
2015.07.27 18:40:30.447,1.2322,1.23223,1.12,1.00
2015.07.27 18:40:35.428,1.2322,1.23223,1.10,1.87
2015.07.27 18:40:35.479,1.2322,1.23221,1.10,1.00
2015.07.27 18:40:36.010,1.23218,1.23221,1.50,1.50
2015.07.27 18:40:39.849,1.2322,1.23222,1.00,1.00
2015.07.27 18:40:40.355,1.2322,1.23222,1.12,1.00
2015.07.27 18:40:42.053,1.2322,1.23223,1.50,1.00
2015.07.27 18:40:42.626,1.23222,1.23225,1.00,1.10
2015.07.27 18:40:44.611,1.23223,1.23225,1.00,1.00
2015.07.27 18:40:44.662,1.23223,1.23226,1.37,2.32
2015.07.27 18:40:44.915,1.23226,1.23229,1.00,1.10
2015.07.27 18:40:48.917,1.23227,1.23229,1.00,1.10
2015.07.27 18:40:49.170,1.23228,1.23231,1.00,1.10
2015.07.27 18:40:50.197,1.23228,1.23231,3.37,1.10
2015.07.27 18:40:50.746,1.23229,1.23232,1.12,1.10
2015.07.27 18:40:51.753,1.23228,1.23231,1.12,1.00
2015.07.27 18:40:52.274,1.23228,1.23231,1.10,1.50
2015.07.27 18:41:14.821,1.23228,1.23231,1.00,1.87
2015.07.27 18:41:28.245,1.23228,1.23231,1.00,1.95
2015.07.27 18:41:29.766,1.23228,1.2323,1.00,1.00
2015.07.27 18:41:36.952,1.23227,1.2323,1.10,1.50
2015.07.27 18:41:37.458,1.23227,1.2323,1.00,1.87
2015.07.27 18:41:38.234,1.23228,1.23231,1.00,2.62
2015.07.27 18:41:38.736,1.23228,1.23231,1.00,1.87
2015.07.27 18:41:39.250,1.23228,1.23231,1.10,1.50
2015.07.27 18:41:44.254,1.23229,1.23232,1.00,2.32
2015.07.27 18:41:49.574,1.2323,1.23233,1.00,1.95
2015.07.27 18:41:59.687,1.23229,1.23232,1.20,1.00
2015.07.27 18:42:01.472,1.2323,1.23233,1.00,1.95
2015.07.27 18:42:02.488,1.23229,1.23232,1.95,1.00
2015.07.27 18:42:06.429,1.2323,1.23233,1.00,1.20
2015.07.27 18:42:06.581,1.23231,1.23234,1.72,2.15
2015.07.27 18:42:06.732,1.23232,1.23235,1.20,1.00
2015.07.27 18:42:12.516,1.23232,1.23235,1.47,1.00
2015.07.27 18:42:15.504,1.23232,1.23235,1.20,1.00
2015.07.27 18:42:16.497,1.23232,1.23235,1.47,1.00
2015.07.27 18:42:22.513,1.23232,1.23235,1.20,1.50
2015.07.27 18:42:23.018,1.23231,1.23234,1.00,1.95
2015.07.27 18:42:23.220,1.23229,1.23232,3.00,1.00
2015.07.27 18:42:24.054,1.2323,1.23233,1.10,1.87
2015.07.27 18:42:24.358,1.23228,1.23231,1.20,1.00
2015.07.27 18:42:25.015,1.23227,1.2323,3.00,1.00
2015.07.27 18:42:25.786,1.23227,1.23228,1.10,2.25
2015.07.27 18:42:25.991,1.23221,1.23224,1.50,1.00
2015.07.27 18:42:26.496,1.23221,1.23224,1.20,1.00
2015.07.27 18:42:31.386,1.23223,1.23224,1.00,1.00
2015.07.27 18:42:31.488,1.23224,1.23227,1.87,2.62
2015.07.27 18:42:31.589,1.23225,1.23228,1.50,1.10
2015.07.27 18:42:34.559,1.23225,1.23228,1.95,1.00
2015.07.27 18:42:36.964,1.23226,1.23229,1.37,1.57
2015.07.27 18:42:37.148,1.23228,1.23231,1.12,1.12
2015.07.27 18:42:44.990,1.23228,1.23231,1.10,1.57
2015.07.27 18:42:45.192,1.23226,1.23229,1.50,1.00
2015.07.27 18:42:45.445,1.23226,1.23229,1.10,1.10
2015.07.27 18:42:50.291,1.23226,1.23229,1.47,1.10
2015.07.27 18:42:55.503,1.23228,1.23231,1.00,2.25
2015.07.27 18:42:55.655,1.23228,1.23231,1.47,1.00
2015.07.27 18:42:56.615,1.23228,1.23231,1.20,1.00
2015.07.27 18:42:58.176,1.23227,1.2323,1.12,1.00
2015.07.27 18:42:58.779,1.23226,1.23229,1.50,1.00
2015.07.27 18:42:59.285,1.23226,1.23229,1.12,1.10
2015.07.27 18:43:06.770,1.23226,1.23229,1.00,1.50
2015.07.27 18:43:07.529,1.23225,1.23228,1.00,1.12
2015.07.27 18:43:09.204,1.23226,1.23228,1.00,1.12
2015.07.27 18:43:09.558,1.23227,1.2323,1.00,1.10
2015.07.27 18:43:16.267,1.23227,1.2323,1.37,1.10
2015.07.27 18:43:17.300,1.23227,1.2323,1.12,1.10
2015.07.27 18:43:17.948,1.23225,1.23228,1.50,1.00
2015.07.27 18:43:18.499,1.23225,1.23228,1.00,1.12
2015.07.27 18:43:18.961,1.23222,1.23226,2.62,1.00
2015.07.27 18:43:19.466,1.23223,1.23226,1.00,1.10
2015.07.27 18:43:24.137,1.23221,1.23224,1.87,1.00
2015.07.27 18:43:24.441,1.23219,1.23221,1.50,1.00
2015.07.27 18:43:24.593,1.23218,1.2322,1.00,1.00
2015.07.27 18:43:25.565,1.23217,1.2322,1.20,1.50
2015.07.27 18:43:25.978,1.23219,1.23222,1.00,1.87
2015.07.27 18:43:26.282,1.2322,1.23223,1.10,1.10
2015.07.27 18:43:29.045,1.23219,1.23222,1.50,1.00
2015.07.27 18:43:32.853,1.2322,1.23223,1.10,1.10
2015.07.27 18:43:36.086,1.23219,1.23222,1.50,1.00
2015.07.27 18:43:36.599,1.23219,1.23222,1.12,1.10
2015.07.27 18:43:39.080,1.23218,1.23221,1.20,1.50
2015.07.27 18:43:39.586,1.23218,1.23221,1.37,1.57
2015.07.27 18:43:40.094,1.23218,1.2322,1.37,1.00
2015.07.27 18:43:40.672,1.23218,1.2322,1.00,1.00
2015.07.27 18:43:41.011,1.23216,1.23219,1.10,1.10
2015.07.27 18:43:41.468,1.23218,1.23221,1.00,2.25
2015.07.27 18:43:47.692,1.23217,1.2322,1.12,1.12
2015.07.27 18:43:48.198,1.23219,1.23222,1.50,1.87
2015.07.27 18:43:48.502,1.2322,1.23223,1.10,1.00
2015.07.27 18:43:52.270,1.2322,1.23223,1.47,1.00
2015.07.27 18:43:52.896,1.23221,1.23224,1.12,1.10
2015.07.27 18:43:56.298,1.23222,1.23225,1.37,1.12
2015.07.27 18:43:56.584,1.23223,1.23226,1.12,1.10
2015.07.27 18:43:59.282,1.23223,1.23226,1.37,1.10
2015.07.27 18:44:01.078,1.23222,1.23225,2.70,1.00
2015.07.27 18:44:01.586,1.23222,1.23225,1.47,1.00
2015.07.27 18:44:02.100,1.23222,1.23225,1.10,1.00
2015.07.27 18:44:02.404,1.2322,1.23223,1.87,1.00
2015.07.27 18:44:02.657,1.23218,1.23221,1.47,1.00
2015.07.27 18:44:03.745,1.23218,1.23221,1.12,1.10
2015.07.27 18:44:04.734,1.23218,1.23221,1.37,1.10
2015.07.27 18:44:05.576,1.23218,1.2322,1.37,1.00
2015.07.27 18:44:05.728,1.23216,1.23219,2.25,1.00
2015.07.27 18:44:05.829,1.23216,1.23218,1.50,1.00
2015.07.27 18:44:06.163,1.23214,1.23217,2.25,1.00
2015.07.27 18:44:07.819,1.23216,1.23219,1.00,1.12
2015.07.27 18:44:08.360,1.23214,1.23217,2.25,1.00
2015.07.27 18:44:08.715,1.23213,1.23216,1.20,1.00
2015.07.27 18:44:09.219,1.23212,1.23215,1.12,1.00
2015.07.27 18:44:10.556,1.23211,1.23214,1.95,1.00
2015.07.27 18:44:11.012,1.23213,1.23216,1.10,1.10
2015.07.27 18:44:11.528,1.23214,1.23217,1.00,1.12
2015.07.27 18:44:12.034,1.23214,1.23217,1.95,1.00
2015.07.27 18:44:12.570,1.23215,1.23218,1.00,1.10
2015.07.27 18:44:13.125,1.23216,1.23218,1.00,1.10
2015.07.27 18:44:13.328,1.23218,1.23221,1.00,1.50
2015.07.27 18:44:13.429,1.23218,1.23221,1.00,1.10
2015.07.27 18:44:14.238,1.23218,1.23221,1.37,1.10
2015.07.27 18:44:14.696,1.23216,1.2322,2.62,1.00
2015.07.27 18:44:16.914,1.23218,1.23221,1.37,1.10
2015.07.27 18:44:18.266,1.23218,1.23221,1.12,1.57
2015.07.27 18:44:19.367,1.23218,1.23221,1.37,1.57
2015.07.27 18:44:24.069,1.23221,1.23222,1.00,1.57
2015.07.27 18:44:24.121,1.23221,1.23223,1.50,1.10
2015.07.27 18:44:24.224,1.23222,1.23225,1.20,1.00
2015.07.27 18:44:25.290,1.23222,1.23225,1.57,1.00
2015.07.27 18:44:27.275,1.23222,1.23225,1.20,1.00
2015.07.27 18:44:28.466,1.23221,1.23224,1.50,1.00
2015.07.27 18:44:28.719,1.2322,1.23222,1.12,1.00
2015.07.27 18:44:28.871,1.23218,1.23221,1.10,1.00
2015.07.27 18:44:29.023,1.23217,1.23219,1.12,1.00
2015.07.27 18:44:29.175,1.23214,1.23217,1.50,1.00
2015.07.27 18:44:30.386,1.23214,1.23217,2.62,1.00
2015.07.27 18:44:34.266,1.23214,1.23217,1.50,1.00
2015.07.27 18:44:39.936,1.23214,1.23217,1.20,1.00
2015.07.27 18:44:44.018,1.23214,1.23217,1.47,1.00
2015.07.27 18:44:45.024,1.23214,1.23217,1.20,1.00
2015.07.27 18:44:52.707,1.23214,1.23217,1.50,1.00
2015.07.27 18:44:53.213,1.23213,1.23216,1.50,1.00
2015.07.27 18:44:53.761,1.23212,1.23215,1.47,1.00
2015.07.27 18:44:54.448,1.23212,1.23215,1.47,1.00
2015.07.27 18:44:55.086,1.23212,1.23215,1.20,1.00
2015.07.27 18:44:55.640,1.23213,1.23216,1.20,1.00
2015.07.27 18:44:56.146,1.23213,1.23216,1.47,1.00
2015.07.27 18:44:58.868,1.23213,1.23216,1.95,1.00
2015.07.27 18:44:59.373,1.23212,1.23215,1.50,1.00
2015.07.27 18:45:00.505,1.23213,1.23216,1.10,1.00
2015.07.27 18:45:21.965,1.23212,1.23215,1.50,1.00
2015.07.27 18:45:27.228,1.23213,1.23216,1.20,1.00
2015.07.27 18:45:37.910,1.23213,1.23216,1.87,1.00
2015.07.27 18:45:53.037,1.23216,1.23217,1.00,1.50
2015.07.27 18:45:53.240,1.23219,1.2322,1.12,2.25
2015.07.27 18:45:53.555,1.2322,1.23223,1.10,1.00
2015.07.27 18:46:00.624,1.2322,1.23223,1.47,1.00
2015.07.27 18:46:00.826,1.23222,1.23225,1.20,1.10
2015.07.27 18:46:01.339,1.23222,1.23225,1.50,1.00
2015.07.27 18:46:03.614,1.23222,1.23225,1.50,1.00
2015.07.27 18:46:11.132,1.23223,1.23226,1.47,1.00
2015.07.27 18:46:15.571,1.23223,1.23226,1.95,1.00
2015.07.27 18:46:16.077,1.23226,1.23227,1.00,2.25
2015.07.27 18:46:16.534,1.23226,1.23229,1.00,1.20
2015.07.27 18:46:24.556,1.23226,1.23229,1.47,1.00
2015.07.27 18:46:26.597,1.23226,1.23229,1.20,1.00
2015.07.27 18:46:27.566,1.23226,1.23229,1.47,1.00
2015.07.27 18:46:28.104,1.23227,1.2323,1.12,3.75
2015.07.27 18:46:45.502,1.23227,1.23229,1.12,1.00
2015.07.27 18:46:45.603,1.23226,1.23227,1.20,1.00
2015.07.27 18:46:45.806,1.23223,1.23226,1.20,1.50
2015.07.27 18:46:49.554,1.23223,1.23226,1.00,2.62
2015.07.27 18:46:49.909,1.23221,1.23224,1.20,1.00
2015.07.27 18:46:51.102,1.23221,1.23224,1.47,1.00
2015.07.27 18:46:51.619,1.23222,1.23225,1.12,1.10
2015.07.27 18:46:53.081,1.23223,1.23226,1.12,1.12
2015.07.27 18:46:53.672,1.23224,1.23227,1.00,1.87
2015.07.27 18:46:55.392,1.23224,1.23227,1.37,1.87
2015.07.27 18:46:55.943,1.23224,1.23227,1.37,1.00
2015.07.27 18:46:58.372,1.23224,1.23227,1.12,1.00
2015.07.27 18:47:00.394,1.23224,1.23227,1.37,1.00
2015.07.27 18:47:02.987,1.23224,1.23227,1.37,1.00
2015.07.27 18:47:03.998,1.23224,1.23227,1.37,1.00
2015.07.27 18:47:04.734,1.23224,1.23228,4.72,1.00
2015.07.27 18:47:04.836,1.23227,1.2323,1.12,4.12
2015.07.27 18:47:05.342,1.23227,1.2323,1.00,4.87
2015.07.27 18:47:05.847,1.23227,1.2323,1.00,5.25
2015.07.27 18:47:08.453,1.23227,1.2323,1.00,6.37
2015.07.27 18:47:10.819,1.23225,1.23228,1.12,1.10
2015.07.27 18:47:14.123,1.23226,1.23229,1.00,6.75
2015.07.27 18:47:14.918,1.23225,1.23228,1.12,1.10
2015.07.27 18:47:20.239,1.23225,1.23228,1.72,1.10
2015.07.27 18:47:23.263,1.23227,1.2323,1.12,4.12
2015.07.27 18:47:24.621,1.23226,1.23229,1.12,1.10
2015.07.27 18:47:26.349,1.23227,1.23229,1.00,3.07
2015.07.27 18:47:26.855,1.23226,1.23229,1.12,3.82
2015.07.27 18:47:29.080,1.23226,1.23229,1.00,5.70
2015.07.27 18:47:31.996,1.23226,1.23229,1.00,5.70
2015.07.27 18:47:46.553,1.23228,1.2323,1.00,3.75
2015.07.27 18:47:47.059,1.23228,1.2323,1.00,3.07
2015.07.27 18:47:47.659,1.23227,1.2323,1.12,3.82
2015.07.27 18:47:54.736,1.23227,1.2323,1.00,4.50
2015.07.27 18:47:59.732,1.23226,1.23227,1.00,1.30
2015.07.27 18:47:59.783,1.23224,1.23226,1.12,1.00
2015.07.27 18:47:59.884,1.23223,1.23224,1.00,1.00
2015.07.27 18:47:59.936,1.23221,1.23224,1.12,1.00
2015.07.27 18:48:00.593,1.2322,1.23223,1.12,1.00
2015.07.27 18:48:07.688,1.2322,1.23222,1.00,1.00
2015.07.27 18:48:07.840,1.23219,1.2322,1.20,2.25
2015.07.27 18:48:08.286,1.23217,1.2322,1.10,4.20
2015.07.27 18:48:08.791,1.23218,1.2322,1.00,3.45
2015.07.27 18:48:22.573,1.23218,1.2322,1.95,2.25
2015.07.27 18:48:22.726,1.23221,1.23223,1.00,2.62
2015.07.27 18:48:23.252,1.23221,1.23223,1.00,2.25
2015.07.27 18:48:23.814,1.23221,1.23224,1.00,1.10
2015.07.27 18:48:37.314,1.23221,1.23224,1.00,4.20
2015.07.27 18:48:38.275,1.2322,1.23223,1.10,1.87
2015.07.27 18:48:38.816,1.23219,1.23222,1.20,1.50
2015.07.27 18:48:39.841,1.2322,1.23223,1.00,6.45
2015.07.27 18:48:40.382,1.2322,1.23223,1.12,4.87
2015.07.27 18:48:45.455,1.2322,1.23223,1.00,5.25
2015.07.27 18:48:45.759,1.23217,1.23219,1.00,1.00
2015.07.27 18:48:46.265,1.23215,1.23218,1.50,1.00
2015.07.27 18:48:47.083,1.23216,1.23219,1.10,1.87
2015.07.27 18:48:47.560,1.23219,1.23221,1.00,1.87
2015.07.27 18:48:47.938,1.23219,1.23222,1.10,1.20
2015.07.27 18:48:48.091,1.23222,1.23223,1.00,4.20
2015.07.27 18:48:48.639,1.23223,1.23224,1.00,2.62
2015.07.27 18:48:49.169,1.23223,1.23225,1.00,3.07
2015.07.27 18:48:49.372,1.23224,1.23225,1.00,2.25
2015.07.27 18:48:49.541,1.23226,1.23228,1.00,1.00
2015.07.27 18:48:50.048,1.23227,1.23229,1.00,3.07
2015.07.27 18:48:50.607,1.23228,1.23231,1.10,1.57
2015.07.27 18:48:51.112,1.23229,1.23231,1.10,1.00
2015.07.27 18:48:55.768,1.23228,1.2323,1.50,1.00
2015.07.27 18:49:00.699,1.23229,1.23231,1.10,1.00
2015.07.27 18:49:05.586,1.2323,1.23233,1.00,4.87
2015.07.27 18:49:11.104,1.2323,1.23233,1.87,2.62
2015.07.27 18:49:11.206,1.23233,1.23235,1.00,4.12
2015.07.27 18:49:11.883,1.23234,1.23237,1.12,1.87
2015.07.27 18:49:15.265,1.23234,1.23237,1.50,1.00
2015.07.27 18:49:17.705,1.23234,1.23237,1.87,1.00
2015.07.27 18:49:22.292,1.23234,1.23236,1.50,1.00
2015.07.27 18:49:22.343,1.23234,1.23236,1.10,1.00
2015.07.27 18:49:23.382,1.23234,1.23237,1.37,1.57
2015.07.27 18:49:23.887,1.23235,1.23238,1.50,1.00
2015.07.27 18:49:30.802,1.23235,1.23238,1.10,1.10
2015.07.27 18:49:31.717,1.23234,1.23236,1.87,1.00
2015.07.27 18:49:32.225,1.23234,1.23235,1.10,1.00
2015.07.27 18:49:32.782,1.23233,1.23235,1.00,1.00
2015.07.27 18:49:33.307,1.23234,1.23235,1.00,1.50
2015.07.27 18:49:38.532,1.23233,1.23235,1.95,1.00
2015.07.27 18:49:39.039,1.23232,1.23233,1.10,1.00
2015.07.27 18:49:39.545,1.23232,1.23234,1.00,1.10
2015.07.27 18:49:40.092,1.23233,1.23235,1.10,3.00
2015.07.27 18:49:40.598,1.23231,1.23234,1.75,1.50
2015.07.27 18:49:40.700,1.23231,1.23233,1.10,1.00
2015.07.27 18:49:41.208,1.23231,1.23233,1.10,1.00
2015.07.27 18:49:42.398,1.23231,1.23233,1.10,1.00
2015.07.27 18:49:46.032,1.23231,1.23234,1.10,3.37
2015.07.27 18:49:47.681,1.23231,1.23233,1.10,1.00
2015.07.27 18:49:48.229,1.23231,1.23232,1.10,1.00
2015.07.27 18:49:48.734,1.23229,1.23232,1.50,1.50
2015.07.27 18:49:54.005,1.23229,1.23232,1.10,2.70
2015.07.27 18:49:54.270,1.23227,1.2323,2.62,1.50
2015.07.27 18:49:54.775,1.23227,1.23229,1.87,1.00
2015.07.27 18:49:59.271,1.23227,1.2323,1.87,1.50
2015.07.27 18:50:00.218,1.23227,1.23229,1.87,1.00
2015.07.27 18:50:00.486,1.23225,1.23228,1.20,1.10
2015.07.27 18:50:01.784,1.23226,1.23229,1.00,2.62
2015.07.27 18:50:03.000,1.23226,1.23229,1.00,2.62
2015.07.27 18:50:05.665,1.23226,1.23229,1.20,2.25
2015.07.27 18:50:06.217,1.23226,1.23228,1.20,1.00
2015.07.27 18:50:06.826,1.23226,1.23229,1.20,1.00
2015.07.27 18:50:07.129,1.23231,1.23235,2.47,2.25
2015.07.27 18:50:07.233,1.23232,1.23235,1.12,1.57
2015.07.27 18:50:07.806,1.23232,1.23235,1.87,1.50
2015.07.27 18:50:14.191,1.23232,1.23234,1.87,1.00
2015.07.27 18:50:14.777,1.23232,1.23234,1.20,1.00
2015.07.27 18:50:15.433,1.23232,1.23234,1.47,1.00
2015.07.27 18:50:16.079,1.23232,1.23234,1.20,1.00
2015.07.27 18:50:17.298,1.23231,1.23232,1.50,1.00
2015.07.27 18:50:17.450,1.23229,1.23232,1.20,1.50
2015.07.27 18:50:19.721,1.23228,1.23231,1.50,1.00
2015.07.27 18:50:20.227,1.23228,1.23231,1.20,1.00
2015.07.27 18:50:22.138,1.23227,1.2323,1.12,1.00
2015.07.27 18:50:22.642,1.23228,1.23231,1.00,1.57
2015.07.27 18:50:22.946,1.23229,1.23232,1.50,1.50
2015.07.27 18:50:23.553,1.23231,1.23232,1.00,1.00
2015.07.27 18:50:23.705,1.23232,1.23234,1.00,1.10
2015.07.27 18:50:24.236,1.23232,1.23235,1.20,1.50
2015.07.27 18:50:24.745,1.23232,1.23234,1.20,1.00
2015.07.27 18:50:26.648,1.23232,1.23235,1.12,1.57
2015.07.27 18:50:27.154,1.23232,1.23234,1.12,1.00
2015.07.27 18:50:31.022,1.23232,1.23234,1.37,1.00
2015.07.27 18:50:33.026,1.23232,1.23234,1.12,1.00
2015.07.27 18:50:37.174,1.23232,1.23234,1.37,1.00
2015.07.27 18:50:37.767,1.23232,1.23235,1.37,1.10
2015.07.27 18:50:38.530,1.23232,1.23235,1.12,1.10
2015.07.27 18:50:40.950,1.23232,1.23234,1.12,1.00
2015.07.27 18:50:41.536,1.23232,1.23235,1.20,1.50
2015.07.27 18:50:44.149,1.23232,1.23235,1.47,1.50
2015.07.27 18:50:46.169,1.23232,1.23235,1.20,1.50
2015.07.27 18:50:47.000,1.23232,1.23234,1.20,1.00
2015.07.27 18:50:47.347,1.2323,1.23233,1.00,1.10
2015.07.27 18:50:48.649,1.23231,1.23234,1.00,1.87
2015.07.27 18:50:49.180,1.23232,1.23234,1.12,1.10
2015.07.27 18:50:49.686,1.23232,1.23235,1.20,1.57
2015.07.27 18:50:50.192,1.23232,1.23234,1.20,1.00
2015.07.27 18:50:51.785,1.23231,1.23233,1.12,1.00
2015.07.27 18:50:52.291,1.2323,1.23233,1.47,1.50
2015.07.27 18:50:53.328,1.23231,1.23234,1.97,1.57
2015.07.27 18:50:53.432,1.23233,1.23235,1.87,1.10
2015.07.27 18:50:53.483,1.23234,1.23236,1.87,1.12
2015.07.27 18:50:53.635,1.23235,1.23238,1.95,1.00
2015.07.27 18:50:54.144,1.23235,1.23239,2.62,1.00
2015.07.27 18:50:54.296,1.23237,1.2324,1.10,1.10
2015.07.27 18:51:08.932,1.23237,1.2324,1.50,1.00
2015.07.27 18:51:09.437,1.23236,1.23239,1.87,1.00
2015.07.27 18:51:10.788,1.23237,1.2324,1.12,1.00
2015.07.27 18:51:11.332,1.23236,1.23239,1.12,1.00
2015.07.27 18:51:11.848,1.23236,1.23239,1.00,1.10
2015.07.27 18:51:12.354,1.23235,1.23238,1.10,1.00
2015.07.27 18:51:27.108,1.23236,1.23239,1.00,1.10
2015.07.27 18:51:34.036,1.23235,1.23238,1.20,1.00
2015.07.27 18:51:47.441,1.23235,1.23238,1.12,1.00
2015.07.27 18:52:00.855,1.23235,1.23237,1.12,1.00
2015.07.27 18:52:01.057,1.2323,1.23233,1.00,1.87
2015.07.27 18:52:01.563,1.23229,1.23232,1.00,1.20
2015.07.27 18:52:11.116,1.23228,1.23231,1.20,1.00
2015.07.27 18:52:22.093,1.23228,1.23231,1.47,1.00
2015.07.27 18:52:29.111,1.23228,1.23231,1.20,1.00
2015.07.27 18:52:35.156,1.23228,1.23231,1.47,1.00
2015.07.27 18:52:46.148,1.23231,1.23233,1.50,1.12
2015.07.27 18:52:46.300,1.23233,1.23236,1.12,1.87
2015.07.27 18:52:46.805,1.23233,1.23236,1.12,1.00
2015.07.27 18:52:47.159,1.23236,1.23239,1.00,2.25
2015.07.27 18:52:47.261,1.23236,1.23239,1.00,1.57
2015.07.27 18:52:49.117,1.23236,1.23239,1.37,1.10
2015.07.27 18:52:49.270,1.23239,1.23241,1.00,1.10
2015.07.27 18:52:49.782,1.23239,1.23242,1.00,1.10
2015.07.27 18:52:50.752,1.2324,1.23243,1.00,1.10
2015.07.27 18:52:51.258,1.23241,1.23244,1.00,1.10
2015.07.27 18:52:58.781,1.2324,1.23243,1.47,1.00
2015.07.27 18:52:59.285,1.2324,1.23243,1.10,1.00
2015.07.27 18:53:00.187,1.23239,1.23242,1.50,1.00
2015.07.27 18:53:00.390,1.23237,1.2324,1.20,1.00
2015.07.27 18:53:00.896,1.23235,1.23238,1.87,1.00
2015.07.27 18:53:01.407,1.23235,1.23238,1.50,1.00
2015.07.27 18:53:08.279,1.23235,1.23238,1.20,1.50
2015.07.27 18:53:15.871,1.23235,1.23238,1.00,2.25
2015.07.27 18:53:18.726,1.23234,1.23237,1.12,1.57
2015.07.27 18:53:21.673,1.23234,1.23237,1.37,1.10
2015.07.27 18:53:22.181,1.23235,1.23238,1.20,1.00
2015.07.27 18:53:22.731,1.23235,1.23238,1.50,1.00
2015.07.27 18:53:29.064,1.23235,1.23238,1.10,1.00
2015.07.27 18:53:29.907,1.23234,1.23236,1.00,1.00
2015.07.27 18:53:30.059,1.23232,1.23234,1.12,1.00
2015.07.27 18:53:30.110,1.23231,1.23232,1.00,1.00
2015.07.27 18:53:30.162,1.23229,1.23232,1.87,1.00
2015.07.27 18:53:30.314,1.23228,1.23231,2.25,1.00
2015.07.27 18:53:33.548,1.23228,1.23231,3.00,1.00
2015.07.27 18:53:34.082,1.23227,1.23231,2.25,1.00
2015.07.27 18:53:34.589,1.23227,1.2323,1.50,1.00
2015.07.27 18:53:35.095,1.23227,1.2323,1.50,1.00
2015.07.27 18:53:42.149,1.23227,1.2323,3.00,1.00
2015.07.27 18:53:45.819,1.23228,1.23231,1.50,1.00
2015.07.27 18:53:46.360,1.23227,1.23231,2.62,1.00
2015.07.27 18:53:47.068,1.23226,1.23229,1.87,1.00
2015.07.27 18:53:47.220,1.23225,1.23228,1.87,1.00
2015.07.27 18:53:52.107,1.23225,1.23227,1.50,1.50
2015.07.27 18:53:52.158,1.23224,1.23227,1.50,4.12
2015.07.27 18:53:52.259,1.23222,1.23224,1.12,1.00
2015.07.27 18:53:52.413,1.23221,1.23224,1.20,1.00
2015.07.27 18:53:52.949,1.2322,1.23223,1.50,1.00
2015.07.27 18:54:00.137,1.2322,1.23223,1.20,1.00
2015.07.27 18:54:03.868,1.23222,1.23223,1.00,1.00
2015.07.27 18:54:04.095,1.23223,1.23225,1.12,1.10
2015.07.27 18:54:04.601,1.23222,1.23225,1.57,1.10
2015.07.27 18:54:07.665,1.23221,1.23224,1.50,1.00
2015.07.27 18:54:08.173,1.23223,1.23226,1.12,1.87
2015.07.27 18:54:08.398,1.23225,1.23227,1.12,1.12
2015.07.27 18:54:08.907,1.23225,1.23227,1.12,1.10
2015.07.27 18:54:18.685,1.23226,1.23229,1.00,3.37
2015.07.27 18:54:21.966,1.23226,1.23229,1.12,1.57
2015.07.27 18:54:22.485,1.23227,1.2323,1.00,1.95
2015.07.27 18:54:25.756,1.23227,1.23229,1.12,1.00
2015.07.27 18:54:26.261,1.23226,1.23229,1.12,1.57
2015.07.27 18:54:27.207,1.23225,1.23228,1.20,1.00
2015.07.27 18:54:29.834,1.23225,1.23228,1.47,1.00
2015.07.27 18:54:31.829,1.23225,1.23228,1.20,1.00
2015.07.27 18:54:32.840,1.23225,1.23228,1.47,1.00
2015.07.27 18:54:34.851,1.23225,1.23228,1.20,1.00
2015.07.27 18:54:36.958,1.23225,1.23228,1.47,1.00
2015.07.27 18:54:46.692,1.23226,1.23227,1.00,1.00
2015.07.27 18:54:47.427,1.23226,1.23228,1.00,1.20
2015.07.27 18:54:52.128,1.23227,1.23229,1.00,1.12
2015.07.27 18:54:52.230,1.23228,1.23231,1.87,2.25
2015.07.27 18:54:52.331,1.23231,1.23233,1.00,1.12
2015.07.27 18:54:52.483,1.23231,1.23234,1.10,1.00
2015.07.27 18:54:58.745,1.23232,1.23235,1.12,1.10
2015.07.27 18:54:59.251,1.23233,1.23235,1.20,1.00
2015.07.27 18:54:59.756,1.23233,1.23236,1.20,1.57
2015.07.27 18:55:00.315,1.23233,1.23235,1.20,1.00
2015.07.27 18:55:02.280,1.23233,1.23234,1.10,1.00
2015.07.27 18:55:05.568,1.2323,1.23232,1.12,1.00
2015.07.27 18:55:05.770,1.23227,1.2323,1.87,1.00
2015.07.27 18:55:06.299,1.23227,1.2323,1.00,1.12
2015.07.27 18:55:07.162,1.23226,1.23227,1.10,1.00
2015.07.27 18:55:07.690,1.23225,1.23227,1.57,1.00
2015.07.27 18:55:08.196,1.23225,1.23226,1.00,1.00
2015.07.27 18:55:10.306,1.23222,1.23225,2.25,1.50
2015.07.27 18:55:10.509,1.23221,1.23223,1.12,1.00
2015.07.27 18:55:10.812,1.2322,1.23223,1.12,1.12
2015.07.27 18:55:11.591,1.2322,1.23223,1.20,1.00
2015.07.27 18:55:18.859,1.2322,1.23223,1.47,1.00
2015.07.27 18:55:18.962,1.23221,1.23224,1.87,1.57
2015.07.27 18:55:19.165,1.23225,1.23228,1.12,1.12
2015.07.27 18:55:19.266,1.23226,1.23229,1.87,1.10
2015.07.27 18:55:19.519,1.23228,1.23231,1.10,1.10
2015.07.27 18:55:20.903,1.2323,1.23233,1.50,1.50
2015.07.27 18:55:21.156,1.23232,1.23235,1.00,2.25
2015.07.27 18:55:21.672,1.23232,1.23235,1.10,1.10
2015.07.27 18:55:23.111,1.23231,1.23234,1.50,1.00
2015.07.27 18:55:28.235,1.23232,1.23235,1.47,1.10
2015.07.27 18:55:31.936,1.23231,1.23234,1.50,1.00
2015.07.27 18:55:32.038,1.2323,1.23233,1.12,1.00
2015.07.27 18:55:32.140,1.23228,1.23231,1.87,1.00
2015.07.27 18:55:32.646,1.23228,1.23231,1.50,1.00
2015.07.27 18:55:35.513,1.2323,1.23233,1.00,1.12
2015.07.27 18:55:36.450,1.23229,1.23232,1.10,1.10
2015.07.27 18:55:38.725,1.23228,1.23231,1.12,1.00
2015.07.27 18:55:40.634,1.2323,1.23231,1.00,1.00
2015.07.27 18:55:40.837,1.23231,1.23234,1.00,1.10
2015.07.27 18:55:42.363,1.2323,1.23233,1.12,1.00
2015.07.27 18:55:47.144,1.23231,1.23234,1.10,1.00
2015.07.27 18:55:48.885,1.23231,1.23234,1.00,1.12
2015.07.27 18:55:50.046,1.2323,1.23233,1.10,1.10
2015.07.27 18:55:50.551,1.23229,1.23232,1.20,1.10
2015.07.27 18:55:55.573,1.23227,1.2323,2.62,1.00
2015.07.27 18:55:56.080,1.23228,1.23231,1.12,1.00
2015.07.27 18:55:58.788,1.23227,1.2323,1.87,1.00
2015.07.27 18:56:02.902,1.23229,1.23232,1.95,1.10
2015.07.27 18:56:03.004,1.23231,1.23234,1.87,1.50
2015.07.27 18:56:03.055,1.23232,1.23235,1.00,1.87
2015.07.27 18:56:03.157,1.23234,1.23237,1.00,3.37
2015.07.27 18:56:03.665,1.23234,1.23237,1.00,2.25
2015.07.27 18:56:05.267,1.23235,1.23237,1.00,1.12
2015.07.27 18:56:05.469,1.23235,1.23238,1.95,1.00
2015.07.27 18:56:06.014,1.23235,1.23238,1.50,1.00
2015.07.27 18:56:13.779,1.23234,1.23237,1.87,1.00
2015.07.27 18:56:14.184,1.23234,1.23237,1.10,1.00
2015.07.27 18:56:14.484,1.23234,1.23235,1.00,1.00
2015.07.27 18:56:14.989,1.23234,1.23236,1.00,1.00
2015.07.27 18:56:19.308,1.23233,1.23236,1.10,1.50
2015.07.27 18:56:44.207,1.23233,1.23236,1.47,1.00
2015.07.27 18:56:45.212,1.23233,1.23236,1.20,1.00
2015.07.27 18:56:46.215,1.23233,1.23236,1.47,1.00
2015.07.27 18:56:48.231,1.23233,1.23236,1.20,1.00
2015.07.27 18:56:49.538,1.23233,1.23236,1.47,1.00
2015.07.27 18:56:50.078,1.23233,1.23236,1.87,1.00
2015.07.27 18:56:50.996,1.23234,1.23237,1.35,1.50
2015.07.27 18:56:51.048,1.23236,1.23238,1.72,1.57
2015.07.27 18:56:51.150,1.23239,1.23241,1.00,1.00
2015.07.27 18:56:51.252,1.23239,1.23242,1.00,1.12
2015.07.27 18:56:51.795,1.23238,1.23241,1.10,1.10
2015.07.27 18:56:55.636,1.23238,1.2324,1.10,1.50
2015.07.27 18:56:55.773,1.23236,1.23239,1.10,1.50
2015.07.27 18:56:56.284,1.23236,1.23239,1.00,2.62
2015.07.27 18:57:07.102,1.23235,1.23237,1.00,1.20
2015.07.27 18:57:07.653,1.23234,1.23236,1.00,1.10
2015.07.27 18:57:16.100,1.23234,1.23237,1.20,1.57
2015.07.27 18:57:17.137,1.23234,1.23236,1.10,1.00
2015.07.27 18:57:38.786,1.23234,1.23235,1.00,1.00
2015.07.27 18:57:39.067,1.23231,1.23234,1.10,1.00
2015.07.27 18:57:39.582,1.2323,1.23233,1.10,1.00
2015.07.27 18:57:47.438,1.23229,1.23232,1.50,1.00
2015.07.27 18:57:54.658,1.23233,1.23234,1.00,1.10
2015.07.27 18:57:54.810,1.23234,1.23237,1.00,3.37
2015.07.27 18:57:55.359,1.23234,1.23237,1.00,3.00
2015.07.27 18:57:59.769,1.23232,1.23235,1.10,1.00
2015.07.27 18:58:00.073,1.23234,1.23235,1.00,1.10
2015.07.27 18:58:15.215,1.23234,1.23237,1.12,1.12
2015.07.27 18:58:15.519,1.23235,1.23238,1.10,1.00
2015.07.27 18:58:16.645,1.23234,1.23236,1.87,1.00
2015.07.27 18:58:17.185,1.23234,1.23235,1.00,1.00
2015.07.27 18:58:19.865,1.23234,1.23236,1.00,1.10
2015.07.27 18:58:24.342,1.23234,1.23237,1.12,1.57
2015.07.27 18:58:25.283,1.23235,1.23238,1.00,1.57
2015.07.27 18:58:27.146,1.23235,1.23238,1.00,2.62
2015.07.27 18:58:27.431,1.23233,1.23236,1.10,1.50
2015.07.27 18:58:27.482,1.23232,1.23234,1.10,1.00
2015.07.27 18:58:27.787,1.23229,1.23232,1.12,1.00
2015.07.27 18:58:28.300,1.23229,1.23232,1.10,1.10
2015.07.27 18:58:33.385,1.23228,1.23231,1.50,1.00
2015.07.27 18:58:36.678,1.2323,1.23231,1.35,1.00
2015.07.27 18:58:36.932,1.23234,1.23237,1.10,1.00
2015.07.27 18:58:39.384,1.23234,1.23236,1.10,1.00
2015.07.27 18:58:39.898,1.23233,1.23236,1.00,3.37
2015.07.27 18:58:44.453,1.23233,1.23234,1.00,3.75
2015.07.27 18:58:44.504,1.23228,1.2323,1.12,1.00
2015.07.27 18:58:44.687,1.23226,1.23229,3.37,1.00
2015.07.27 18:58:45.193,1.23226,1.23229,1.50,1.00
2015.07.27 18:58:46.153,1.23227,1.2323,1.10,1.10
2015.07.27 18:58:46.699,1.23227,1.2323,1.12,1.00
2015.07.27 18:58:51.060,1.23227,1.2323,2.25,1.00
2015.07.27 18:58:51.212,1.23229,1.23232,1.37,1.10
2015.07.27 18:58:52.159,1.23229,1.23232,1.20,1.50
2015.07.27 18:58:52.670,1.23228,1.23231,1.50,1.00
2015.07.27 18:59:09.967,1.23229,1.23232,1.10,1.50
2015.07.27 18:59:11.047,1.2323,1.23232,1.00,1.00
2015.07.27 18:59:15.082,1.23229,1.23232,3.45,1.00
2015.07.27 18:59:18.195,1.2323,1.23232,1.00,1.00
2015.07.27 18:59:21.264,1.23229,1.23232,1.10,1.00
2015.07.27 18:59:21.365,1.23228,1.23231,2.25,1.00
2015.07.27 18:59:21.816,1.23229,1.23232,1.10,1.00
2015.07.27 18:59:30.226,1.23228,1.23231,1.50,1.00
2015.07.27 18:59:33.472,1.23228,1.23231,1.10,1.00
2015.07.27 18:59:39.218,1.23227,1.2323,1.87,1.50
2015.07.27 18:59:39.269,1.23227,1.23229,1.12,1.00
2015.07.27 18:59:39.774,1.23227,1.23229,1.00,1.50
2015.07.27 18:59:40.181,1.23226,1.23227,1.57,1.00
2015.07.27 18:59:40.412,1.23225,1.23227,1.00,1.10
2015.07.27 18:59:40.919,1.23225,1.23226,1.00,1.00
2015.07.27 18:59:41.428,1.23225,1.23227,1.00,1.10
2015.07.27 18:59:42.172,1.23226,1.23228,1.00,3.00
2015.07.27 18:59:42.477,1.23238,1.2324,1.00,1.87
2015.07.27 18:59:43.036,1.23237,1.2324,1.50,3.75
2015.07.27 18:59:43.543,1.23238,1.23239,1.12,1.00
2015.07.27 18:59:43.947,1.23236,1.23238,1.12,1.00
2015.07.27 18:59:44.150,1.23235,1.23238,1.10,2.25
2015.07.27 18:59:44.655,1.23235,1.23237,1.00,1.00
2015.07.27 18:59:45.162,1.23235,1.23236,1.00,1.00
2015.07.27 18:59:46.217,1.23234,1.23236,1.95,1.00
2015.07.27 18:59:46.749,1.23234,1.23236,1.20,1.00
2015.07.27 18:59:47.357,1.23235,1.23236,1.00,1.00
2015.07.27 18:59:48.058,1.23235,1.23238,1.00,2.70
2015.07.27 18:59:50.404,1.23235,1.23237,1.00,1.00
2015.07.27 18:59:51.836,1.23234,1.23237,1.20,1.50
2015.07.27 18:59:52.713,1.23234,1.23236,1.10,1.00
2015.07.27 18:59:53.702,1.23234,1.23237,1.20,1.50
2015.07.27 18:59:54.253,1.23234,1.23236,1.20,1.00
2015.07.27 18:59:55.117,1.23234,1.23235,1.10,1.00
2015.07.27 18:59:55.270,1.23229,1.23232,1.87,1.00
2015.07.27 18:59:55.777,1.23229,1.23231,1.10,1.00
