2008.08.04 22:00:02.016,1.082,1.0822,11.80,5.40
2008.08.04 22:00:24.546,1.0821,1.0822,5.40,10.80
2008.08.04 22:00:48.875,1.0821,1.0822,5.40,5.40
2008.08.04 22:01:06.865,1.0822,1.0823,5.40,10.80
2008.08.04 22:01:50.823,1.0821,1.0822,5.40,5.40
2008.08.04 22:02:32.461,1.0821,1.0822,5.40,10.80
2008.08.04 22:02:43.599,1.0821,1.0822,5.40,5.40
2008.08.04 22:02:43.994,1.0822,1.0823,5.40,10.80
2008.08.04 22:03:03.733,1.0821,1.0822,5.40,5.40
2008.08.04 22:03:27.113,1.0822,1.0823,1.00,15.90
2008.08.04 22:03:27.382,1.0822,1.08235,5.40,37.20
2008.08.04 22:04:15.036,1.0823,1.0824,5.40,11.80
2008.08.04 22:04:15.301,1.0823,1.0824,5.40,10.80
2008.08.04 22:04:40.033,1.0824,1.0825,5.40,11.80
2008.08.04 22:04:40.268,1.0824,1.0825,5.40,10.80
2008.08.04 22:04:42.032,1.0824,1.0825,5.40,11.80
2008.08.04 22:04:45.500,1.0824,1.08245,5.40,1.00
2008.08.04 22:04:45.716,1.0823,1.0824,5.40,5.40
2008.08.04 22:04:46.074,1.0823,1.0824,5.40,10.80
2008.08.04 22:04:54.247,1.0822,1.0823,5.40,5.40
2008.08.04 22:05:17.181,1.0823,1.0824,1.00,15.90
2008.08.04 22:05:17.403,1.0823,1.0824,5.40,10.80
2008.08.04 22:05:17.483,1.0822,1.0823,5.40,5.40
2008.08.04 22:06:17.604,1.0821,1.0824,12.40,5.40
2008.08.04 22:07:39.656,1.0821,1.0824,15.60,5.40
2008.08.04 22:07:43.532,1.0822,1.0823,5.40,5.40
2008.08.04 22:08:20.811,1.0823,1.0824,5.40,5.40
2008.08.04 22:09:04.715,1.0823,1.0824,5.40,6.40
2008.08.04 22:09:20.618,1.0822,1.0824,5.50,6.40
2008.08.04 22:09:59.465,1.0822,1.0823,5.40,1.00
2008.08.04 22:09:59.594,1.0821,1.08235,6.00,13.50
2008.08.04 22:10:00.171,1.0821,1.08235,6.00,25.30
2008.08.04 22:10:02.574,1.08215,1.08235,1.00,13.50
2008.08.04 22:10:02.742,1.08215,1.08235,1.00,6.40
2008.08.04 22:10:03.063,1.0822,1.08245,5.50,24.30
2008.08.04 22:10:20.570,1.0822,1.08235,5.40,1.00
2008.08.04 22:10:23.940,1.0822,1.08235,5.50,2.10
2008.08.04 22:11:22.118,1.0822,1.0823,1.00,1.00
2008.08.04 22:11:24.657,1.0822,1.08235,1.00,2.10
2008.08.04 22:12:04.424,1.0822,1.0823,5.50,1.00
2008.08.04 22:12:25.254,1.08225,1.08235,1.00,1.60
2008.08.04 22:12:25.409,1.08225,1.0824,1.00,13.50
2008.08.04 22:12:48.607,1.0823,1.08235,1.00,1.00
2008.08.04 22:12:48.720,1.0823,1.0824,5.40,14.30
2008.08.04 22:13:13.458,1.0823,1.08235,5.40,1.40
2008.08.04 22:13:16.927,1.0823,1.08235,5.40,1.00
2008.08.04 22:13:18.646,1.08225,1.0823,1.00,5.40
2008.08.04 22:13:18.669,1.0822,1.0823,6.00,6.40
2008.08.04 22:13:18.698,1.0822,1.08235,5.50,7.50
2008.08.04 22:13:29.400,1.08225,1.0823,1.00,5.40
2008.08.04 22:13:29.731,1.0823,1.0824,5.40,14.30
2008.08.04 22:13:39.263,1.0823,1.08235,5.40,1.20
2008.08.04 22:13:40.171,1.0823,1.0824,5.40,14.30
2008.08.04 22:14:24.212,1.08225,1.0823,1.00,5.40
2008.08.04 22:14:24.241,1.0822,1.08235,6.60,7.50
2008.08.04 22:14:24.411,1.0822,1.08235,6.00,8.10
2008.08.04 22:14:24.679,1.0823,1.08235,5.40,2.70
2008.08.04 22:14:24.971,1.0823,1.08245,5.50,34.20
2008.08.04 22:14:25.121,1.0823,1.08245,5.50,29.40
2008.08.04 22:14:25.410,1.0823,1.08245,5.50,25.10
2008.08.04 22:14:39.842,1.08235,1.0824,1.00,5.40
2008.08.04 22:14:40.077,1.0824,1.08245,5.40,1.00
2008.08.04 22:15:36.100,1.0824,1.0825,5.50,6.40
2008.08.04 22:15:59.090,1.0824,1.08245,5.40,1.00
2008.08.04 22:16:02.859,1.0823,1.0824,9.30,6.40
2008.08.04 22:16:03.049,1.0823,1.0824,6.00,6.40
2008.08.04 22:16:03.418,1.0823,1.0824,5.50,11.80
2008.08.04 22:16:22.600,1.0823,1.0824,6.00,11.80
2008.08.04 22:16:22.787,1.0824,1.08245,5.40,2.20
2008.08.04 22:16:22.974,1.0824,1.08245,5.40,1.00
2008.08.04 22:16:24.228,1.0823,1.0824,13.40,1.00
2008.08.04 22:16:24.453,1.0824,1.08245,5.40,1.00
2008.08.04 22:17:24.014,1.08235,1.08245,1.00,1.00
2008.08.04 22:17:24.338,1.08235,1.0824,1.00,5.40
2008.08.04 22:17:24.469,1.0823,1.0824,6.00,6.40
2008.08.04 22:17:24.956,1.0823,1.0824,5.50,11.80
2008.08.04 22:17:25.365,1.0823,1.0824,6.00,11.80
2008.08.04 22:17:25.537,1.08235,1.0824,1.00,5.40
2008.08.04 22:17:27.495,1.08235,1.0824,3.30,5.40
2008.08.04 22:17:27.707,1.0824,1.0825,3.30,17.70
2008.08.04 22:17:27.920,1.0824,1.08245,5.40,1.00
2008.08.04 22:17:28.966,1.0823,1.0824,13.00,1.00
2008.08.04 22:17:29.138,1.0823,1.0824,6.00,6.40
2008.08.04 22:17:29.620,1.0823,1.0824,5.50,11.80
2008.08.04 22:17:33.781,1.08235,1.0824,1.00,5.40
2008.08.04 22:17:33.898,1.0824,1.08245,5.40,1.00
2008.08.04 22:17:35.324,1.0823,1.0824,11.00,1.00
2008.08.04 22:17:35.487,1.0823,1.0824,6.00,6.40
2008.08.04 22:17:35.796,1.08225,1.0823,7.90,1.00
2008.08.04 22:17:36.515,1.0823,1.08235,5.40,2.70
2008.08.04 22:17:36.806,1.0823,1.08235,5.50,1.30
2008.08.04 22:17:37.095,1.0823,1.08245,5.50,19.70
2008.08.04 22:17:39.029,1.0824,1.0825,5.40,15.30
2008.08.04 22:17:39.133,1.0824,1.0825,5.40,14.30
2008.08.04 22:17:39.344,1.0824,1.0825,5.50,25.10
2008.08.04 22:17:39.456,1.0824,1.0825,5.40,13.50
2008.08.04 22:17:44.442,1.08235,1.0824,1.00,5.40
2008.08.04 22:17:44.554,1.0823,1.08235,5.40,1.00
2008.08.04 22:17:46.780,1.0823,1.08245,5.50,8.60
2008.08.04 22:17:46.962,1.0823,1.08245,5.50,8.10
2008.08.04 22:17:55.230,1.0823,1.08235,5.40,1.00
2008.08.04 22:17:57.520,1.0823,1.08235,5.40,2.10
2008.08.04 22:17:57.760,1.0822,1.0823,8.70,6.40
2008.08.04 22:17:58.128,1.0822,1.0823,5.50,6.40
2008.08.04 22:17:58.810,1.0823,1.08235,1.00,7.20
2008.08.04 22:17:58.961,1.0823,1.0824,1.00,16.70
2008.08.04 22:17:59.109,1.0822,1.0823,8.70,6.40
2008.08.04 22:17:59.260,1.0822,1.0823,5.50,6.40
2008.08.04 22:17:59.549,1.0823,1.08235,5.40,2.20
2008.08.04 22:18:03.150,1.0823,1.08235,5.40,1.00
2008.08.04 22:18:04.469,1.0823,1.0824,5.50,12.40
2008.08.04 22:18:04.541,1.0823,1.0824,5.50,7.00
2008.08.04 22:18:04.611,1.0823,1.0824,5.50,6.40
2008.08.04 22:18:22.704,1.0823,1.08235,5.40,1.00
2008.08.04 22:18:39.701,1.0823,1.0824,5.50,12.40
2008.08.04 22:18:39.823,1.0823,1.0824,5.50,11.80
2008.08.04 22:18:49.889,1.0823,1.08235,5.40,1.00
2008.08.04 22:19:23.613,1.0822,1.0823,13.00,1.00
2008.08.04 22:19:23.820,1.0822,1.08235,6.00,8.10
2008.08.04 22:19:24.019,1.0822,1.08235,5.50,18.90
2008.08.04 22:19:44.815,1.08225,1.0823,1.00,5.40
2008.08.04 22:19:44.992,1.0823,1.0824,5.40,15.10
2008.08.04 22:19:45.026,1.0823,1.08245,5.50,31.00
2008.08.04 22:19:45.058,1.0823,1.08245,5.50,30.50
2008.08.04 22:19:49.993,1.0823,1.08235,5.40,1.00
2008.08.04 22:20:44.946,1.08225,1.08235,1.00,1.00
2008.08.04 22:20:50.196,1.08225,1.08235,1.00,1.00
2008.08.04 22:21:50.530,1.0823,1.08235,5.40,1.00
2008.08.04 22:22:10.952,1.0823,1.0824,5.50,11.80
2008.08.04 22:22:13.998,1.0824,1.08245,1.00,15.20
2008.08.04 22:22:14.350,1.0824,1.0825,5.50,11.80
2008.08.04 22:22:18.593,1.0825,1.08255,5.40,1.60
2008.08.04 22:22:20.597,1.0824,1.0825,11.00,1.00
2008.08.04 22:22:20.756,1.0825,1.08255,5.40,3.30
2008.08.04 22:22:20.848,1.0824,1.0825,6.00,6.40
2008.08.04 22:22:21.206,1.0824,1.0825,5.50,11.80
2008.08.04 22:23:09.998,1.0825,1.08255,5.40,12.00
2008.08.04 22:23:10.094,1.0825,1.08255,5.40,2.20
2008.08.04 22:23:10.275,1.0825,1.08255,5.40,1.60
2008.08.04 22:23:15.338,1.08245,1.0825,1.00,5.40
2008.08.04 22:23:15.512,1.08245,1.0825,1.00,5.40
2008.08.04 22:23:15.683,1.0824,1.0825,6.00,6.40
2008.08.04 22:23:16.073,1.0824,1.0825,5.50,11.80
2008.08.04 22:23:17.017,1.0824,1.0825,6.00,6.40
2008.08.04 22:23:17.213,1.08245,1.0825,1.00,5.40
2008.08.04 22:23:24.951,1.0824,1.0825,6.00,5.40
2008.08.04 22:23:27.061,1.0825,1.08255,5.40,1.60
2008.08.04 22:23:31.999,1.0825,1.08255,5.40,1.10
2008.08.04 22:23:32.229,1.0825,1.0826,5.40,11.80
2008.08.04 22:23:45.486,1.0825,1.0826,5.50,11.80
2008.08.04 22:24:32.399,1.0825,1.0826,3.30,6.40
2008.08.04 22:26:24.499,1.0825,1.0826,5.50,11.80
2008.08.04 22:26:28.465,1.08245,1.0825,7.80,1.00
2008.08.04 22:26:28.779,1.0824,1.08245,5.40,1.80
2008.08.04 22:26:33.057,1.0824,1.08245,5.40,3.30
2008.08.04 22:26:33.254,1.0824,1.08245,1.00,7.60
2008.08.04 22:26:33.546,1.0823,1.0824,4.20,5.40
2008.08.04 22:26:43.586,1.0824,1.08245,5.40,1.00
2008.08.04 22:26:46.240,1.0823,1.0824,15.30,6.40
2008.08.04 22:26:47.041,1.0824,1.08245,1.00,17.00
2008.08.04 22:26:50.661,1.0823,1.08235,5.40,1.00
2008.08.04 22:26:50.771,1.0824,1.08245,1.00,25.90
2008.08.04 22:26:52.929,1.0823,1.0824,4.60,6.40
2008.08.04 22:27:03.310,1.0823,1.08235,5.40,1.00
2008.08.04 22:27:03.441,1.0824,1.08245,1.00,17.90
2008.08.04 22:27:05.466,1.0823,1.0824,5.40,13.50
2008.08.04 22:27:06.233,1.0823,1.08245,5.50,31.00
2008.08.04 22:27:06.539,1.0823,1.08245,5.50,23.20
2008.08.04 22:28:06.781,1.0823,1.0824,3.30,6.40
2008.08.04 22:29:16.018,1.0823,1.0824,1.00,6.40
2008.08.04 22:29:18.001,1.0823,1.0824,3.30,6.40
2008.08.04 22:29:44.671,1.0823,1.0824,5.50,11.80
2008.08.04 22:31:06.151,1.0823,1.0824,3.30,6.40
2008.08.04 22:31:58.555,1.0823,1.0824,5.50,11.80
2008.08.04 22:32:00.621,1.0822,1.08225,5.40,1.00
2008.08.04 22:32:07.405,1.0822,1.0823,5.50,12.40
2008.08.04 22:32:07.708,1.0822,1.08235,5.50,24.70
2008.08.04 22:33:01.353,1.0822,1.0823,3.30,6.40
2008.08.04 22:33:41.809,1.0821,1.0822,19.00,1.00
2008.08.04 22:33:41.933,1.0821,1.08225,3.90,2.10
2008.08.04 22:33:42.052,1.0821,1.08225,14.70,3.50
2008.08.04 22:33:42.175,1.0821,1.08225,6.00,8.90
2008.08.04 22:33:42.630,1.0821,1.08225,5.50,19.70
2008.08.04 22:33:47.319,1.0821,1.0822,5.40,11.80
2008.08.04 22:33:59.766,1.0821,1.0822,5.50,11.80
2008.08.04 22:34:16.753,1.0821,1.08215,5.40,1.00
2008.08.04 22:34:26.850,1.08205,1.0821,5.50,5.40
2008.08.04 22:34:26.982,1.082,1.08205,9.40,1.00
2008.08.04 22:34:27.112,1.082,1.08205,5.40,1.00
2008.08.04 22:34:28.312,1.082,1.0821,5.40,11.80
2008.08.04 22:34:28.922,1.082,1.08205,5.40,1.00
2008.08.04 22:34:31.728,1.0819,1.082,21.60,6.40
2008.08.04 22:34:31.850,1.0819,1.082,8.60,6.40
2008.08.04 22:34:31.970,1.0819,1.082,5.40,6.40
2008.08.04 22:34:32.090,1.0819,1.082,5.50,5.40
2008.08.04 22:34:32.320,1.0819,1.082,8.70,10.80
2008.08.04 22:34:32.444,1.08195,1.082,1.00,5.40
2008.08.04 22:34:32.691,1.082,1.0821,5.40,11.80
2008.08.04 22:34:35.662,1.08185,1.0819,32.80,1.00
2008.08.04 22:34:37.973,1.08185,1.0819,17.30,1.00
2008.08.04 22:34:38.109,1.082,1.0821,5.40,12.90
2008.08.04 22:34:38.360,1.082,1.0821,5.40,11.80
2008.08.04 22:34:39.942,1.082,1.08205,5.40,1.00
2008.08.04 22:35:40.299,1.0819,1.08205,4.00,1.00
2008.08.04 22:35:44.462,1.082,1.0821,5.40,11.80
2008.08.04 22:35:47.320,1.082,1.0821,5.40,13.30
2008.08.04 22:35:47.441,1.082,1.08205,5.40,1.00
2008.08.04 22:36:26.952,1.082,1.0821,5.40,11.80
2008.08.04 22:36:29.452,1.082,1.08205,5.40,1.00
2008.08.04 22:36:32.576,1.082,1.0821,5.40,11.80
2008.08.04 22:36:34.622,1.082,1.0821,5.40,12.90
2008.08.04 22:36:34.763,1.082,1.08205,5.40,1.00
2008.08.04 22:37:13.232,1.0819,1.082,8.60,6.40
2008.08.04 22:37:13.392,1.0819,1.082,5.40,6.40
2008.08.04 22:37:26.482,1.0819,1.08195,5.40,1.00
2008.08.04 22:37:35.338,1.0818,1.0819,5.90,6.40
2008.08.04 22:37:35.984,1.0818,1.0819,5.40,11.80
2008.08.04 22:38:13.020,1.0818,1.08185,5.40,1.00
2008.08.04 22:38:16.677,1.0818,1.0819,5.40,11.80
2008.08.04 22:38:47.536,1.08175,1.0818,11.90,1.00
2008.08.04 22:38:47.650,1.0817,1.0818,12.60,5.40
2008.08.04 22:38:49.167,1.0817,1.0818,5.50,10.80
2008.08.04 22:38:49.286,1.0817,1.0818,5.40,11.80
2008.08.04 22:38:49.534,1.0817,1.0818,8.70,10.80
2008.08.04 22:38:49.660,1.08175,1.0818,1.00,5.40
2008.08.04 22:38:49.840,1.0818,1.0819,5.40,11.80
2008.08.04 22:38:50.339,1.0818,1.08185,5.40,1.00
2008.08.04 22:39:21.623,1.0818,1.0819,5.40,13.20
2008.08.04 22:39:21.851,1.0818,1.0819,5.40,11.80
2008.08.04 22:39:34.548,1.0818,1.08185,5.40,1.00
2008.08.04 22:40:34.034,1.0818,1.08185,5.40,2.90
2008.08.04 22:40:34.123,1.0817,1.0818,5.40,6.40
2008.08.04 22:40:56.487,1.0817,1.0818,5.50,5.40
2008.08.04 22:40:57.185,1.0817,1.0818,6.20,5.40
2008.08.04 22:41:05.546,1.0818,1.08185,5.40,1.00
2008.08.04 22:41:08.434,1.0817,1.0818,10.00,1.00
2008.08.04 22:41:08.555,1.0818,1.08185,5.40,3.70
2008.08.04 22:41:08.673,1.0817,1.0818,5.40,6.40
2008.08.04 22:41:25.261,1.0817,1.08175,5.40,1.00
2008.08.04 22:41:28.450,1.0817,1.0818,5.40,11.80
2008.08.04 22:41:29.698,1.0817,1.08175,5.40,1.00
2008.08.04 22:41:37.494,1.0816,1.0817,12.90,1.00
2008.08.04 22:41:37.630,1.0816,1.0817,5.90,6.40
2008.08.04 22:41:37.987,1.0816,1.0817,5.40,11.80
2008.08.04 22:41:38.715,1.0816,1.08165,5.40,1.00
2008.08.04 22:41:42.735,1.0816,1.0817,5.40,12.40
2008.08.04 22:41:42.887,1.0816,1.0817,5.40,11.80
2008.08.04 22:41:43.291,1.0816,1.0817,5.90,6.40
2008.08.04 22:41:44.224,1.0816,1.0817,5.40,11.80
2008.08.04 22:41:44.406,1.0816,1.08165,5.40,1.00
2008.08.04 22:41:44.575,1.0816,1.08165,5.90,1.00
2008.08.04 22:41:45.799,1.0816,1.0817,5.90,6.40
2008.08.04 22:41:47.405,1.0816,1.0817,5.90,7.00
2008.08.04 22:41:47.524,1.0816,1.08165,5.90,1.00
2008.08.04 22:41:47.745,1.0816,1.0817,5.90,7.00
2008.08.04 22:41:47.864,1.0816,1.0817,5.90,6.40
2008.08.04 22:41:48.184,1.0817,1.08175,1.00,10.60
2008.08.04 22:41:48.686,1.0817,1.08175,5.90,1.00
2008.08.04 22:41:52.006,1.0816,1.0817,12.90,1.00
2008.08.04 22:41:52.093,1.0816,1.0817,5.90,6.40
2008.08.04 22:41:53.264,1.0817,1.08175,5.90,1.00
2008.08.04 22:41:53.583,1.0817,1.0818,5.90,6.40
2008.08.04 22:41:55.185,1.08165,1.0817,14.70,1.00
2008.08.04 22:41:55.314,1.08165,1.0817,9.40,1.00
2008.08.04 22:41:55.444,1.0816,1.0817,5.90,6.40
2008.08.04 22:41:55.900,1.0817,1.08175,1.00,11.20
2008.08.04 22:41:56.022,1.0817,1.08175,1.00,10.20
2008.08.04 22:41:57.763,1.0816,1.0817,9.10,6.40
2008.08.04 22:41:57.923,1.0816,1.0817,5.90,6.40
2008.08.04 22:42:07.701,1.0816,1.0817,6.20,5.40
2008.08.04 22:42:07.820,1.0817,1.08175,1.00,6.60
2008.08.04 22:42:17.317,1.0817,1.08175,5.90,1.00
2008.08.04 22:42:17.988,1.0816,1.0817,12.90,1.00
2008.08.04 22:42:18.048,1.0816,1.0817,10.50,1.00
2008.08.04 22:42:18.091,1.0816,1.0817,5.90,6.40
2008.08.04 22:42:19.847,1.0817,1.08175,1.00,11.60
2008.08.04 22:42:20.027,1.0817,1.08175,1.00,10.60
2008.08.04 22:42:21.810,1.0817,1.0818,5.90,7.60
2008.08.04 22:42:21.986,1.0817,1.0818,5.90,6.40
2008.08.04 22:43:00.981,1.0817,1.08175,5.40,1.00
2008.08.04 22:43:41.878,1.0817,1.0818,5.40,11.80
2008.08.04 22:43:42.325,1.0817,1.0818,5.90,6.40
2008.08.04 22:43:50.198,1.0817,1.08175,5.40,1.00
2008.08.04 22:43:57.103,1.0817,1.0818,5.40,11.80
2008.08.04 22:43:57.694,1.0817,1.0818,5.90,6.40
2008.08.04 22:43:58.304,1.0817,1.08175,5.40,1.00
2008.08.04 22:44:24.690,1.0817,1.0818,5.40,12.90
2008.08.04 22:44:24.827,1.0817,1.0818,5.40,11.80
2008.08.04 22:44:25.256,1.0817,1.0818,5.90,6.40
2008.08.04 22:44:26.051,1.0817,1.08175,5.40,1.00
2008.08.04 22:44:28.682,1.0817,1.0818,5.40,12.90
2008.08.04 22:44:28.925,1.0817,1.0818,5.40,11.80
2008.08.04 22:44:29.414,1.0817,1.0818,5.90,6.40
2008.08.04 22:44:29.994,1.0817,1.08175,5.90,1.00
2008.08.04 22:44:30.206,1.0817,1.08175,5.40,1.00
2008.08.04 22:44:32.636,1.0817,1.0818,5.40,11.80
2008.08.04 22:44:32.895,1.0817,1.0818,5.90,6.40
2008.08.04 22:44:33.809,1.0817,1.08175,5.40,1.00
2008.08.04 22:44:37.234,1.0817,1.0818,5.40,12.90
2008.08.04 22:44:37.373,1.0817,1.0818,5.40,11.80
2008.08.04 22:44:37.912,1.0817,1.0818,5.90,6.40
2008.08.04 22:44:49.406,1.0817,1.08175,5.90,1.00
2008.08.04 22:44:49.906,1.0817,1.08175,5.40,1.00
2008.08.04 22:45:03.600,1.0817,1.0818,5.50,11.80
2008.08.04 22:45:03.797,1.0817,1.0818,5.40,11.80
2008.08.04 22:45:04.187,1.0817,1.0818,5.90,6.40
2008.08.04 22:45:06.214,1.0817,1.0818,5.40,11.80
2008.08.04 22:45:06.306,1.0817,1.0818,5.40,13.20
2008.08.04 22:45:06.500,1.0817,1.08175,5.40,1.00
2008.08.04 22:45:13.322,1.0817,1.0818,5.40,7.80
2008.08.04 22:45:13.553,1.0817,1.0818,5.40,6.40
2008.08.04 22:45:14.112,1.0817,1.0818,5.90,6.40
2008.08.04 22:45:14.486,1.0817,1.0818,5.40,7.80
2008.08.04 22:45:14.744,1.0817,1.08175,5.40,1.00
2008.08.04 22:45:29.501,1.0816,1.0817,5.90,6.40
2008.08.04 22:45:30.819,1.0816,1.0817,9.10,6.40
2008.08.04 22:45:31.252,1.0817,1.08175,5.40,1.00
2008.08.04 22:45:34.759,1.0817,1.0818,5.40,7.80
2008.08.04 22:45:34.900,1.0817,1.0818,5.40,6.40
2008.08.04 22:45:35.288,1.0817,1.0818,5.90,6.40
2008.08.04 22:45:36.890,1.0818,1.08185,5.40,1.00
2008.08.04 22:45:37.073,1.0818,1.0819,5.40,7.50
2008.08.04 22:45:37.262,1.0818,1.0819,5.40,6.40
2008.08.04 22:45:37.713,1.0818,1.0819,5.90,6.40
2008.08.04 22:45:39.696,1.0819,1.08195,1.00,9.00
2008.08.04 22:45:39.926,1.0818,1.0819,5.90,6.40
2008.08.04 22:45:43.296,1.0818,1.0819,6.20,6.40
2008.08.04 22:46:38.106,1.0818,1.0819,1.30,1.00
2008.08.04 22:46:38.758,1.0818,1.0819,4.00,1.00
2008.08.04 22:47:06.776,1.0818,1.0819,4.10,1.00
2008.08.04 22:47:06.989,1.08185,1.08195,1.00,5.20
2008.08.04 22:47:07.193,1.0819,1.08195,5.40,1.00
2008.08.04 22:47:07.436,1.0819,1.082,5.40,6.40
2008.08.04 22:47:07.628,1.0819,1.082,5.50,5.40
2008.08.04 22:47:07.818,1.0819,1.082,6.20,5.40
2008.08.04 22:47:08.058,1.0819,1.082,5.40,6.40
2008.08.04 22:47:10.831,1.0819,1.082,5.40,7.00
2008.08.04 22:47:10.917,1.0819,1.08195,5.40,1.00
2008.08.04 22:47:15.392,1.0819,1.082,5.40,7.00
2008.08.04 22:47:15.553,1.0819,1.082,5.40,9.10
2008.08.04 22:47:15.974,1.0819,1.082,5.90,9.10
2008.08.04 22:47:21.802,1.0819,1.082,5.90,6.40
2008.08.04 22:47:54.196,1.0819,1.082,6.20,5.40
2008.08.04 22:47:54.285,1.082,1.08205,5.40,2.50
2008.08.04 22:47:54.314,1.082,1.08205,5.40,1.00
2008.08.04 22:47:56.615,1.082,1.08205,5.40,4.30
2008.08.04 22:47:56.735,1.0819,1.082,5.90,6.40
2008.08.04 22:48:04.023,1.0819,1.082,6.20,6.40
2008.08.04 22:48:56.860,1.0819,1.082,1.80,1.00
2008.08.04 22:49:03.769,1.0819,1.082,1.30,1.00
2008.08.04 22:49:03.847,1.0819,1.082,1.00,1.00
2008.08.04 22:49:03.925,1.0819,1.082,1.00,1.00
2008.08.04 22:49:04.187,1.0819,1.082,2.90,1.00
2008.08.04 22:49:05.226,1.0819,1.082,1.00,1.00
2008.08.04 22:49:05.316,1.0819,1.082,1.00,1.00
2008.08.04 22:49:07.591,1.0819,1.08195,5.40,1.00
2008.08.04 22:49:08.270,1.0819,1.082,5.50,6.40
2008.08.04 22:49:08.509,1.0819,1.082,6.20,6.40
2008.08.04 22:49:10.756,1.08195,1.082,1.00,5.40
2008.08.04 22:49:10.878,1.08195,1.082,1.00,5.40
2008.08.04 22:49:11.779,1.0819,1.082,6.70,6.40
2008.08.04 22:49:11.953,1.0819,1.082,6.20,6.40
2008.08.04 22:49:55.449,1.0819,1.08195,5.90,1.00
2008.08.04 22:49:55.677,1.0819,1.08195,5.40,1.00
2008.08.04 22:49:58.256,1.0818,1.0819,13.10,1.00
2008.08.04 22:49:58.407,1.0818,1.0819,6.20,6.40
2008.08.04 22:50:00.647,1.0818,1.0819,6.70,6.40
2008.08.04 22:50:00.793,1.0819,1.08195,5.40,4.40
2008.08.04 22:50:00.907,1.08185,1.0819,1.00,5.40
2008.08.04 22:50:03.651,1.0819,1.08195,5.40,1.00
2008.08.04 22:50:03.905,1.0819,1.082,5.40,11.30
2008.08.04 22:50:04.175,1.0819,1.082,5.40,9.90
2008.08.04 22:50:05.186,1.0819,1.082,5.40,9.90
2008.08.04 22:50:08.492,1.0819,1.082,5.40,10.80
2008.08.04 22:50:11.894,1.0819,1.082,5.40,9.90
2008.08.04 22:50:12.180,1.08185,1.0819,5.50,3.50
2008.08.04 22:50:14.196,1.0819,1.082,5.40,11.80
2008.08.04 22:50:15.240,1.0819,1.082,5.40,11.80
2008.08.04 22:50:15.280,1.0819,1.082,5.40,10.80
2008.08.04 22:50:16.213,1.0819,1.08195,5.40,1.00
2008.08.04 22:50:36.246,1.0819,1.08195,5.40,1.30
2008.08.04 22:50:40.201,1.0819,1.08195,5.40,5.50
2008.08.04 22:50:40.317,1.0819,1.08195,5.40,6.00
2008.08.04 22:50:40.442,1.0818,1.0819,6.20,6.40
2008.08.04 22:51:12.701,1.0818,1.08185,5.40,1.00
2008.08.04 22:51:24.472,1.0818,1.0819,5.50,7.90
2008.08.04 22:51:24.545,1.0818,1.0819,5.50,6.40
2008.08.04 22:51:25.063,1.0818,1.0819,6.20,6.40
2008.08.04 22:51:57.177,1.0819,1.08195,3.20,8.20
2008.08.04 22:51:57.499,1.082,1.0821,5.50,40.70
2008.08.04 22:51:57.767,1.082,1.0821,5.50,11.80
2008.08.04 22:51:59.946,1.082,1.08205,5.40,1.00
2008.08.04 22:52:00.281,1.082,1.08205,5.40,1.60
2008.08.04 22:52:00.546,1.0819,1.082,12.60,1.00
2008.08.04 22:52:02.126,1.0819,1.08195,10.00,1.00
2008.08.04 22:52:02.416,1.0819,1.08195,5.40,1.00
2008.08.04 22:53:02.543,1.08185,1.08195,1.00,1.00
2008.08.04 22:53:25.948,1.08185,1.08195,1.00,1.00
2008.08.04 22:53:26.045,1.0818,1.0819,17.50,1.00
2008.08.04 22:53:26.150,1.0818,1.0819,6.20,6.40
2008.08.04 22:54:26.361,1.0818,1.0819,6.70,1.00
2008.08.04 22:55:00.505,1.0818,1.0819,6.20,6.40
2008.08.04 22:55:45.863,1.0819,1.08195,1.00,8.00
2008.08.04 22:55:45.972,1.0819,1.08195,1.00,7.00
2008.08.04 22:55:46.108,1.0819,1.08195,5.40,1.00
2008.08.04 22:55:59.978,1.0819,1.082,5.50,12.40
2008.08.04 22:56:00.058,1.0819,1.082,5.50,11.80
2008.08.04 22:56:00.337,1.0819,1.082,5.50,12.40
2008.08.04 22:56:00.450,1.0819,1.08195,5.40,1.00
2008.08.04 22:57:01.211,1.0819,1.08195,1.00,1.00
2008.08.04 22:57:07.950,1.0819,1.082,1.20,2.50
2008.08.04 22:57:08.078,1.0819,1.082,1.20,1.00
2008.08.04 22:57:09.106,1.082,1.08205,1.00,9.00
2008.08.04 22:57:09.911,1.0819,1.082,5.50,6.40
2008.08.04 22:57:10.100,1.0819,1.082,5.50,7.90
2008.08.04 22:57:10.290,1.0819,1.08195,5.40,1.00
2008.08.04 22:57:27.755,1.0819,1.082,5.50,7.50
2008.08.04 22:57:27.927,1.0819,1.082,5.50,6.40
2008.08.04 22:57:33.434,1.0819,1.08195,5.40,1.00
2008.08.04 22:58:06.319,1.0819,1.082,5.50,6.40
2008.08.04 22:58:15.342,1.0819,1.082,6.00,6.40
2008.08.04 22:58:15.567,1.082,1.08205,5.40,1.80
2008.08.04 22:58:15.788,1.082,1.08205,5.40,1.00
2008.08.04 22:58:16.007,1.082,1.0821,5.50,11.80
2008.08.04 22:58:22.564,1.082,1.08205,5.40,1.00
2008.08.04 22:58:36.150,1.082,1.08205,5.40,1.60
2008.08.04 22:58:36.252,1.0819,1.082,10.50,1.00
2008.08.04 22:58:36.428,1.0819,1.082,5.90,6.40
2008.08.04 22:59:00.688,1.0819,1.082,5.40,6.40
2008.08.04 22:59:33.047,1.0819,1.082,5.50,6.40
2008.08.04 22:59:34.975,1.0819,1.082,5.40,6.40
2008.08.04 22:59:36.685,1.08185,1.082,1.00,1.00
2008.08.04 22:59:36.924,1.0819,1.08195,5.40,1.00
2008.08.04 22:59:44.443,1.0819,1.082,5.40,7.80
2008.08.04 22:59:44.654,1.0819,1.082,5.40,6.40
2008.08.04 22:59:49.765,1.0819,1.08195,5.40,1.00
2008.08.04 22:59:57.798,1.0819,1.08195,5.40,1.20
