2009.04.23 10:00:01.298,0.9831,0.98315,8.60,4.80
2009.04.23 10:00:01.798,0.9831,0.9832,11.40,9.60
2009.04.23 10:00:02.777,0.9831,0.98325,12.60,22.20
2009.04.23 10:00:03.547,0.98305,0.98315,19.00,4.80
2009.04.23 10:00:03.877,0.9831,0.98315,8.60,4.80
2009.04.23 10:00:04.047,0.9831,0.9832,8.60,4.80
2009.04.23 10:00:05.617,0.98305,0.98315,12.60,4.80
2009.04.23 10:00:06.557,0.98305,0.98315,20.60,4.80
2009.04.23 10:00:12.445,0.98305,0.9832,21.80,9.60
2009.04.23 10:00:12.675,0.9831,0.9832,16.60,4.80
2009.04.23 10:00:12.975,0.9831,0.98325,17.80,7.60
2009.04.23 10:00:13.215,0.98315,0.98325,8.60,6.40
2009.04.23 10:00:13.775,0.98315,0.98325,8.60,7.60
2009.04.23 10:00:14.005,0.9831,0.98325,27.00,17.20
2009.04.23 10:00:14.425,0.9831,0.9832,11.40,4.80
2009.04.23 10:00:14.824,0.9831,0.98325,12.60,20.80
2009.04.23 10:00:15.164,0.9831,0.98325,19.00,11.20
2009.04.23 10:00:23.132,0.98315,0.9833,24.20,9.60
2009.04.23 10:00:23.312,0.9831,0.98315,19.10,4.80
2009.04.23 10:00:23.602,0.98315,0.9833,6.00,14.80
2009.04.23 10:00:23.712,0.9831,0.9832,20.60,4.80
2009.04.23 10:00:23.952,0.9831,0.98325,12.60,11.20
2009.04.23 10:00:24.053,0.9831,0.9832,19.40,9.60
2009.04.23 10:00:24.292,0.9831,0.9832,25.80,9.60
2009.04.23 10:00:24.572,0.9831,0.98325,27.00,6.40
2009.04.23 10:00:24.632,0.9831,0.98325,19.00,11.20
2009.04.23 10:00:27.521,0.9831,0.98325,20.60,11.00
2009.04.23 10:00:27.871,0.9831,0.98325,19.00,13.20
2009.04.23 10:00:28.162,0.9831,0.98325,12.60,13.20
2009.04.23 10:00:28.341,0.9831,0.9832,11.40,9.60
2009.04.23 10:00:36.219,0.9831,0.9832,13.00,9.60
2009.04.23 10:00:48.006,0.9831,0.9832,11.40,9.60
2009.04.23 10:00:48.586,0.9831,0.98325,19.00,9.60
2009.04.23 10:00:49.166,0.98315,0.98325,2.80,4.80
2009.04.23 10:00:49.818,0.9832,0.98325,2.60,4.80
2009.04.23 10:00:50.166,0.98315,0.98325,8.60,9.60
2009.04.23 10:00:50.506,0.98315,0.98325,16.20,4.80
2009.04.23 10:00:50.856,0.9832,0.9833,2.60,24.00
2009.04.23 10:01:05.122,0.9832,0.9833,2.60,14.40
2009.04.23 10:01:05.532,0.9832,0.98325,2.60,4.80
2009.04.23 10:01:07.482,0.9831,0.9832,22.20,4.80
2009.04.23 10:01:07.891,0.9831,0.98315,19.00,4.80
2009.04.23 10:01:08.292,0.9831,0.98315,12.60,4.80
2009.04.23 10:01:09.771,0.9831,0.98315,11.40,4.80
2009.04.23 10:01:11.511,0.9831,0.98315,12.60,4.80
2009.04.23 10:01:12.131,0.9831,0.9832,12.60,4.80
2009.04.23 10:01:13.160,0.98315,0.98325,8.00,4.80
2009.04.23 10:01:13.630,0.9831,0.98325,20.60,6.40
2009.04.23 10:01:14.090,0.9831,0.98325,20.60,4.80
2009.04.23 10:01:14.320,0.9831,0.98325,11.80,14.40
2009.04.23 10:01:15.270,0.9831,0.98325,11.80,15.60
2009.04.23 10:01:15.740,0.9831,0.9832,10.60,4.80
2009.04.23 10:01:16.260,0.9831,0.9832,2.60,9.60
2009.04.23 10:01:16.670,0.9831,0.98315,2.60,4.80
2009.04.23 10:01:17.120,0.98305,0.98315,8.00,4.80
2009.04.23 10:01:17.529,0.983,0.98315,28.60,4.80
2009.04.23 10:01:19.448,0.983,0.98315,20.60,9.60
2009.04.23 10:01:24.307,0.983,0.9831,12.60,4.80
2009.04.23 10:01:24.987,0.983,0.9831,3.80,4.80
2009.04.23 10:01:27.908,0.9831,0.9832,8.60,4.80
2009.04.23 10:01:29.486,0.9831,0.9832,10.20,4.80
2009.04.23 10:01:32.546,0.9831,0.9832,8.60,4.80
2009.04.23 10:01:33.006,0.98305,0.9832,16.20,4.80
2009.04.23 10:01:33.116,0.98305,0.9832,11.40,14.40
2009.04.23 10:01:35.905,0.98305,0.9831,9.80,4.80
2009.04.23 10:01:39.174,0.983,0.98305,15.10,4.80
2009.04.23 10:01:42.193,0.98305,0.9831,17.80,1.00
2009.04.23 10:01:42.643,0.9831,0.9832,8.00,12.80
2009.04.23 10:01:43.123,0.98305,0.9832,17.80,17.60
2009.04.23 10:01:43.593,0.9831,0.9832,8.00,12.80
2009.04.23 10:01:46.212,0.98305,0.9832,21.00,9.60
2009.04.23 10:01:46.662,0.9831,0.9832,8.60,14.40
2009.04.23 10:01:46.952,0.9831,0.9832,9.80,4.80
2009.04.23 10:01:47.342,0.98315,0.9832,10.80,4.80
2009.04.23 10:01:47.632,0.98315,0.9833,10.80,24.00
2009.04.23 10:01:47.982,0.98315,0.98325,2.80,4.80
2009.04.23 10:01:48.562,0.98315,0.9833,2.80,28.80
2009.04.23 10:01:48.902,0.98315,0.98325,2.80,4.80
2009.04.23 10:01:50.001,0.98315,0.98325,2.80,6.80
2009.04.23 10:01:50.171,0.98315,0.98325,8.60,11.80
2009.04.23 10:01:50.341,0.98315,0.98325,11.40,4.80
2009.04.23 10:01:50.791,0.9832,0.9833,14.20,4.80
2009.04.23 10:01:51.031,0.9832,0.9833,12.60,4.80
2009.04.23 10:02:07.157,0.9832,0.9833,11.40,11.20
2009.04.23 10:02:07.558,0.98315,0.9833,9.80,16.00
2009.04.23 10:02:08.307,0.98315,0.9832,9.80,1.60
2009.04.23 10:02:09.476,0.98315,0.9833,9.80,17.60
2009.04.23 10:02:09.877,0.98315,0.98325,1.20,15.80
2009.04.23 10:02:10.176,0.9831,0.98325,3.80,22.20
2009.04.23 10:02:10.526,0.9831,0.9832,3.80,4.80
2009.04.23 10:02:11.916,0.9831,0.98325,3.80,24.00
2009.04.23 10:02:12.436,0.9831,0.98325,12.60,14.40
2009.04.23 10:02:12.896,0.98315,0.98325,1.20,7.80
2009.04.23 10:02:13.126,0.98315,0.98325,1.20,6.40
2009.04.23 10:02:14.565,0.9831,0.9832,19.00,4.80
2009.04.23 10:02:17.365,0.9831,0.98325,19.00,11.20
2009.04.23 10:02:17.525,0.98315,0.98325,1.20,6.40
2009.04.23 10:02:21.564,0.9831,0.98325,19.00,11.20
2009.04.23 10:02:22.013,0.9831,0.98325,19.00,20.80
2009.04.23 10:02:22.183,0.9831,0.9832,12.60,4.80
2009.04.23 10:02:26.033,0.9831,0.9832,3.80,4.80
2009.04.23 10:02:29.942,0.9831,0.9832,3.80,6.40
2009.04.23 10:02:30.342,0.98305,0.9831,10.00,4.80
2009.04.23 10:02:30.452,0.983,0.9831,12.60,4.80
2009.04.23 10:02:33.551,0.98305,0.9831,1.20,4.80
2009.04.23 10:02:34.131,0.98305,0.9831,9.80,1.60
2009.04.23 10:02:34.431,0.98305,0.9832,9.80,25.60
2009.04.23 10:02:37.440,0.98305,0.98315,9.80,4.80
2009.04.23 10:02:40.019,0.98305,0.9832,9.80,25.60
2009.04.23 10:02:41.349,0.98305,0.9832,11.40,25.60
2009.04.23 10:02:42.029,0.98305,0.9832,13.00,24.00
2009.04.23 10:02:42.718,0.9831,0.9832,11.40,9.60
2009.04.23 10:02:42.888,0.9831,0.9832,8.60,9.60
2009.04.23 10:02:43.239,0.9831,0.9832,11.40,9.60
2009.04.23 10:02:43.878,0.98305,0.9832,14.60,14.40
2009.04.23 10:02:44.238,0.98305,0.9832,11.40,16.00
2009.04.23 10:02:45.408,0.98305,0.98315,11.40,4.80
2009.04.23 10:02:45.948,0.98305,0.9832,11.40,16.00
2009.04.23 10:02:48.637,0.98305,0.9832,11.40,17.60
2009.04.23 10:02:48.867,0.98305,0.98315,11.40,4.80
2009.04.23 10:02:49.147,0.98305,0.98315,11.40,8.00
2009.04.23 10:02:49.717,0.98305,0.98315,11.40,4.80
2009.04.23 10:02:56.325,0.98305,0.9832,11.40,14.40
2009.04.23 10:02:56.545,0.98305,0.9832,11.40,17.60
2009.04.23 10:02:59.455,0.98305,0.9831,11.40,3.20
2009.04.23 10:02:59.804,0.98305,0.9832,11.40,17.60
2009.04.23 10:03:00.684,0.98305,0.9832,9.80,17.60
2009.04.23 10:03:01.084,0.98305,0.9832,9.80,14.40
2009.04.23 10:03:03.903,0.98305,0.98315,9.80,4.80
2009.04.23 10:03:06.813,0.983,0.98315,3.80,19.20
2009.04.23 10:03:07.423,0.983,0.9831,3.80,19.20
2009.04.23 10:03:08.162,0.983,0.9831,3.80,14.40
2009.04.23 10:03:09.472,0.983,0.9831,2.60,19.20
2009.04.23 10:03:09.752,0.98295,0.9831,2.80,24.00
2009.04.23 10:03:16.360,0.9829,0.98305,28.60,4.80
2009.04.23 10:03:16.640,0.9829,0.98305,27.00,4.80
2009.04.23 10:03:16.861,0.9829,0.98305,14.20,24.00
2009.04.23 10:03:17.280,0.9829,0.983,12.60,4.80
2009.04.23 10:03:17.460,0.9829,0.983,20.60,4.80
2009.04.23 10:03:20.000,0.9829,0.983,3.80,14.40
2009.04.23 10:03:26.138,0.98285,0.98295,9.60,14.40
2009.04.23 10:03:26.648,0.9828,0.9829,3.80,4.80
2009.04.23 10:03:27.288,0.98285,0.98295,1.20,14.40
2009.04.23 10:03:27.798,0.98285,0.98295,1.20,9.60
2009.04.23 10:03:29.067,0.9828,0.9829,11.80,4.80
2009.04.23 10:03:30.557,0.9828,0.9829,13.40,4.80
2009.04.23 10:03:33.706,0.9828,0.9829,2.80,9.60
2009.04.23 10:03:34.176,0.9828,0.9829,2.60,19.20
2009.04.23 10:03:34.466,0.98275,0.9829,2.80,24.00
2009.04.23 10:03:35.726,0.9827,0.98285,28.60,4.80
2009.04.23 10:03:36.016,0.98275,0.9829,2.80,24.00
2009.04.23 10:03:37.176,0.98275,0.9829,3.60,24.00
2009.04.23 10:03:37.645,0.98275,0.9829,2.80,24.00
2009.04.23 10:03:37.865,0.98275,0.9829,4.40,24.00
2009.04.23 10:03:38.145,0.98275,0.9829,17.80,14.40
2009.04.23 10:03:38.435,0.9828,0.9829,2.80,9.60
2009.04.23 10:03:38.995,0.98285,0.9829,1.60,4.80
2009.04.23 10:03:39.545,0.98285,0.9829,1.60,9.60
2009.04.23 10:03:39.934,0.98285,0.9829,1.00,14.40
2009.04.23 10:03:40.404,0.98275,0.98285,8.60,4.80
2009.04.23 10:03:40.694,0.98275,0.9829,9.80,14.40
2009.04.23 10:03:40.924,0.98275,0.9829,11.40,14.40
2009.04.23 10:03:41.334,0.98275,0.9829,11.40,9.60
2009.04.23 10:03:41.554,0.98285,0.9829,1.60,14.40
2009.04.23 10:03:42.015,0.9827,0.98285,28.60,4.80
2009.04.23 10:03:42.244,0.98285,0.9829,1.60,7.20
2009.04.23 10:03:42.754,0.98275,0.9829,17.80,4.80
2009.04.23 10:03:43.214,0.98275,0.9829,10.80,9.60
2009.04.23 10:03:43.514,0.98275,0.9829,10.80,14.40
2009.04.23 10:03:44.044,0.98275,0.9829,9.20,19.20
2009.04.23 10:03:44.784,0.98275,0.9829,10.80,19.20
2009.04.23 10:03:45.313,0.9828,0.9829,8.00,19.20
2009.04.23 10:03:45.773,0.98275,0.9829,10.80,19.20
2009.04.23 10:03:46.293,0.98275,0.9829,10.80,22.40
2009.04.23 10:03:47.273,0.98275,0.9829,10.80,19.20
2009.04.23 10:03:49.053,0.98275,0.9829,2.80,24.00
2009.04.23 10:03:49.802,0.98275,0.9829,2.80,27.20
2009.04.23 10:03:53.591,0.9828,0.9829,3.80,4.80
2009.04.23 10:03:54.861,0.9828,0.9829,2.80,4.80
2009.04.23 10:03:55.251,0.9828,0.9829,2.80,9.60
2009.04.23 10:03:55.431,0.98275,0.9829,2.80,14.40
2009.04.23 10:03:58.560,0.98275,0.9829,2.80,14.40
2009.04.23 10:03:59.320,0.98275,0.9829,6.00,14.40
2009.04.23 10:03:59.720,0.98275,0.9829,4.40,14.40
2009.04.23 10:04:00.010,0.98275,0.9829,2.80,14.40
2009.04.23 10:04:01.390,0.9828,0.9829,3.80,4.80
2009.04.23 10:04:02.129,0.9829,0.983,3.80,9.60
2009.04.23 10:04:02.649,0.9829,0.983,3.80,4.80
2009.04.23 10:04:03.679,0.9829,0.983,11.80,4.80
2009.04.23 10:04:04.159,0.98295,0.9831,2.80,4.80
2009.04.23 10:04:04.439,0.98295,0.9831,10.80,4.80
2009.04.23 10:04:05.068,0.98295,0.98315,10.80,14.40
2009.04.23 10:04:06.038,0.98295,0.98315,10.80,16.00
2009.04.23 10:04:06.368,0.98295,0.9831,9.60,6.40
2009.04.23 10:04:06.658,0.98285,0.98305,25.80,4.80
2009.04.23 10:04:07.118,0.98285,0.98295,2.80,4.80
2009.04.23 10:04:09.147,0.98275,0.98295,25.80,4.80
2009.04.23 10:04:09.707,0.98275,0.9829,25.80,4.80
2009.04.23 10:04:11.387,0.98285,0.9829,1.20,4.80
2009.04.23 10:04:11.857,0.98285,0.98295,1.20,4.80
2009.04.23 10:04:13.657,0.9828,0.98295,2.60,4.80
2009.04.23 10:04:16.416,0.98275,0.98295,19.40,4.80
2009.04.23 10:04:19.735,0.98275,0.9829,19.40,4.80
2009.04.23 10:04:19.836,0.98275,0.9829,10.80,4.80
2009.04.23 10:04:20.115,0.98275,0.9829,10.80,9.60
2009.04.23 10:04:20.405,0.98275,0.9829,9.20,14.40
2009.04.23 10:04:23.114,0.9828,0.9829,11.80,4.80
2009.04.23 10:04:29.602,0.9828,0.98285,10.60,4.80
2009.04.23 10:04:29.932,0.9828,0.98285,8.00,4.80
2009.04.23 10:04:30.042,0.9827,0.9828,14.70,4.80
2009.04.23 10:04:30.313,0.9827,0.9828,11.80,4.80
2009.04.23 10:04:36.201,0.98255,0.98265,7.60,4.80
2009.04.23 10:04:36.311,0.98255,0.9827,4.40,14.40
2009.04.23 10:04:36.481,0.98255,0.98265,4.40,4.80
2009.04.23 10:04:36.881,0.98255,0.98265,2.80,4.80
2009.04.23 10:04:39.980,0.9825,0.98265,3.80,9.60
2009.04.23 10:04:40.100,0.9825,0.9826,3.80,4.80
2009.04.23 10:04:40.500,0.9825,0.9826,2.60,14.40
2009.04.23 10:04:41.180,0.98245,0.98255,2.80,4.80
2009.04.23 10:04:43.329,0.98245,0.9826,2.80,14.40
2009.04.23 10:04:43.899,0.98245,0.9826,10.80,9.60
2009.04.23 10:04:45.320,0.9825,0.9826,8.00,9.60
2009.04.23 10:04:45.429,0.9825,0.9826,11.80,4.80
2009.04.23 10:04:47.228,0.9825,0.9826,18.20,4.80
2009.04.23 10:04:47.398,0.98255,0.9826,1.20,4.80
2009.04.23 10:04:47.798,0.98255,0.9827,1.20,17.60
2009.04.23 10:04:48.038,0.98255,0.9827,9.20,17.60
2009.04.23 10:04:48.448,0.98255,0.9827,9.20,16.00
2009.04.23 10:04:48.748,0.98255,0.9827,10.80,14.40
2009.04.23 10:04:50.368,0.98255,0.9827,19.40,14.40
2009.04.23 10:04:52.337,0.98255,0.9827,19.40,17.60
2009.04.23 10:04:52.627,0.98255,0.98265,11.40,4.80
2009.04.23 10:04:52.867,0.98255,0.9827,2.80,27.20
2009.04.23 10:04:53.317,0.98255,0.9827,9.20,27.20
2009.04.23 10:04:53.727,0.98255,0.9826,9.20,3.20
2009.04.23 10:04:54.467,0.98255,0.98265,8.00,4.80
2009.04.23 10:04:54.756,0.98255,0.98265,2.80,4.80
2009.04.23 10:04:55.156,0.9825,0.98265,28.60,9.60
2009.04.23 10:04:55.326,0.98255,0.98265,2.80,14.40
2009.04.23 10:04:55.796,0.98255,0.98265,2.80,9.60
2009.04.23 10:04:56.486,0.98255,0.98265,9.20,9.60
2009.04.23 10:04:56.766,0.98255,0.9826,9.20,15.00
2009.04.23 10:04:57.048,0.9825,0.98255,8.00,7.20
2009.04.23 10:04:57.506,0.9824,0.9825,28.60,4.80
2009.04.23 10:04:58.865,0.98245,0.9825,2.80,4.80
2009.04.23 10:04:59.455,0.98245,0.98255,2.80,4.80
2009.04.23 10:05:00.685,0.98245,0.9826,17.80,14.40
2009.04.23 10:05:01.035,0.98245,0.98255,16.20,4.80
2009.04.23 10:05:01.615,0.98255,0.98265,1.20,5.20
2009.04.23 10:05:02.005,0.98255,0.98265,1.20,4.80
2009.04.23 10:05:02.814,0.98255,0.98265,2.80,4.80
2009.04.23 10:05:03.284,0.98255,0.98265,11.40,4.80
2009.04.23 10:05:03.684,0.98255,0.98265,9.80,4.80
2009.04.23 10:05:05.054,0.98255,0.9827,9.80,24.00
2009.04.23 10:05:05.234,0.98255,0.98265,9.80,4.80
2009.04.23 10:05:09.103,0.98255,0.9827,9.80,24.00
2009.04.23 10:05:10.513,0.9825,0.98265,28.60,4.80
2009.04.23 10:05:10.632,0.9825,0.9826,20.60,4.80
2009.04.23 10:05:13.322,0.9825,0.9826,5.40,4.80
2009.04.23 10:05:14.242,0.9825,0.9826,5.40,14.40
2009.04.23 10:05:14.412,0.9825,0.9826,5.40,4.80
2009.04.23 10:05:17.761,0.98245,0.98255,15.40,4.80
2009.04.23 10:05:18.151,0.9825,0.98255,8.00,4.80
2009.04.23 10:05:18.552,0.98245,0.9826,25.80,14.40
2009.04.23 10:05:22.070,0.98245,0.9826,30.60,14.40
2009.04.23 10:05:24.130,0.98245,0.9826,29.00,14.40
2009.04.23 10:05:25.479,0.98245,0.9826,21.00,14.40
2009.04.23 10:05:25.589,0.98245,0.9826,14.60,24.00
2009.04.23 10:05:25.939,0.98245,0.9826,19.40,19.20
2009.04.23 10:05:27.289,0.98245,0.9826,19.40,24.00
2009.04.23 10:05:27.798,0.98245,0.9826,19.40,19.20
2009.04.23 10:05:28.269,0.98245,0.9826,9.80,24.00
2009.04.23 10:05:28.968,0.98245,0.9826,17.80,24.00
2009.04.23 10:05:29.598,0.98245,0.9826,9.80,24.00
2009.04.23 10:05:30.678,0.98245,0.9826,17.80,24.00
2009.04.23 10:05:31.158,0.98245,0.9826,9.80,24.00
2009.04.23 10:05:31.618,0.98245,0.9826,11.40,24.00
2009.04.23 10:05:34.897,0.98245,0.9826,19.40,24.00
2009.04.23 10:05:36.826,0.98245,0.9826,11.40,24.00
2009.04.23 10:05:37.286,0.98245,0.9826,19.40,24.00
2009.04.23 10:05:37.746,0.98245,0.9826,11.40,24.00
2009.04.23 10:05:40.236,0.98245,0.9826,19.40,24.00
2009.04.23 10:05:40.886,0.98245,0.9826,11.40,24.00
2009.04.23 10:05:41.905,0.98245,0.98255,11.40,4.80
2009.04.23 10:05:42.375,0.98245,0.9826,11.40,24.00
2009.04.23 10:05:43.025,0.9825,0.9826,8.00,19.20
2009.04.23 10:05:49.123,0.9825,0.9826,13.40,4.80
2009.04.23 10:05:50.723,0.9825,0.9826,18.20,4.80
2009.04.23 10:05:50.843,0.9825,0.9826,11.80,4.80
2009.04.23 10:05:54.172,0.9825,0.9826,3.80,4.80
2009.04.23 10:06:14.257,0.98255,0.9827,2.80,24.00
2009.04.23 10:06:14.767,0.98255,0.9827,11.40,24.00
2009.04.23 10:06:16.547,0.98255,0.9827,19.40,24.00
2009.04.23 10:06:17.007,0.98255,0.9827,17.80,24.00
2009.04.23 10:06:19.016,0.9826,0.9827,2.80,9.60
2009.04.23 10:06:19.236,0.9826,0.9827,8.00,19.20
2009.04.23 10:06:19.646,0.98255,0.9827,19.40,24.00
2009.04.23 10:06:19.766,0.9826,0.9827,8.60,14.40
2009.04.23 10:06:20.156,0.98255,0.9827,19.40,24.00
2009.04.23 10:06:23.285,0.9826,0.9827,9.80,9.60
2009.04.23 10:06:23.745,0.9826,0.9827,17.80,4.80
2009.04.23 10:06:24.045,0.9826,0.9827,20.60,4.80
2009.04.23 10:06:27.374,0.98265,0.98275,1.20,14.40
2009.04.23 10:06:27.784,0.98265,0.98275,1.20,4.80
2009.04.23 10:06:28.174,0.98265,0.98275,9.80,4.80
2009.04.23 10:06:28.284,0.9827,0.9828,2.80,19.20
2009.04.23 10:06:28.404,0.9827,0.9828,9.20,4.80
2009.04.23 10:06:28.694,0.9827,0.9828,8.00,9.60
2009.04.23 10:06:29.044,0.9827,0.9828,20.60,4.80
2009.04.23 10:06:29.334,0.98265,0.9828,10.80,24.00
2009.04.23 10:06:30.553,0.98265,0.9828,9.20,24.00
2009.04.23 10:06:33.123,0.9827,0.9828,1.20,19.20
2009.04.23 10:06:33.573,0.9827,0.9828,9.80,9.60
2009.04.23 10:06:34.043,0.9827,0.9828,8.00,19.20
2009.04.23 10:06:34.852,0.98265,0.9828,19.40,24.00
2009.04.23 10:06:39.461,0.98265,0.9828,19.40,14.40
2009.04.23 10:06:39.731,0.9827,0.9828,8.00,19.20
2009.04.23 10:06:40.071,0.9827,0.9828,12.60,9.60
2009.04.23 10:06:40.131,0.9827,0.9828,11.80,14.40
2009.04.23 10:06:40.461,0.9827,0.9828,8.00,19.20
2009.04.23 10:06:40.801,0.98265,0.9828,19.40,24.00
2009.04.23 10:06:41.390,0.9827,0.9828,9.20,4.80
2009.04.23 10:06:41.671,0.9827,0.9828,11.80,4.80
2009.04.23 10:07:08.854,0.98275,0.98285,1.20,14.40
2009.04.23 10:07:09.194,0.98275,0.98285,2.80,9.60
2009.04.23 10:07:09.554,0.98275,0.9829,2.80,24.00
2009.04.23 10:07:09.963,0.98275,0.9829,9.20,24.00
2009.04.23 10:07:11.213,0.98275,0.9829,25.80,24.00
2009.04.23 10:07:11.393,0.98285,0.9829,1.20,4.80
2009.04.23 10:07:11.454,0.98285,0.98295,1.20,16.00
2009.04.23 10:07:11.903,0.98285,0.98295,1.20,9.60
2009.04.23 10:07:12.143,0.98285,0.98295,2.80,9.60
2009.04.23 10:07:12.613,0.98285,0.983,11.40,24.00
2009.04.23 10:07:12.834,0.98285,0.983,19.40,24.00
2009.04.23 10:07:15.682,0.98285,0.9829,17.80,1.60
2009.04.23 10:07:16.372,0.98285,0.9829,9.20,1.60
2009.04.23 10:07:17.132,0.98285,0.983,9.20,25.60
2009.04.23 10:07:17.702,0.98285,0.98295,8.00,4.80
2009.04.23 10:07:18.102,0.98285,0.98295,2.80,16.00
2009.04.23 10:07:18.562,0.9828,0.98295,11.80,16.00
2009.04.23 10:07:19.042,0.98285,0.98295,1.20,11.20
2009.04.23 10:07:19.161,0.98285,0.9829,1.20,1.60
2009.04.23 10:07:19.631,0.98285,0.9829,9.20,1.60
2009.04.23 10:07:20.021,0.98285,0.98295,1.20,16.00
2009.04.23 10:07:20.541,0.98285,0.9829,1.20,4.80
2009.04.23 10:07:21.241,0.9828,0.9829,3.80,19.20
2009.04.23 10:07:21.611,0.98275,0.98285,1.20,6.40
2009.04.23 10:07:22.431,0.98275,0.9828,1.20,4.80
2009.04.23 10:07:23.750,0.9827,0.9828,3.80,9.60
2009.04.23 10:07:23.990,0.9827,0.9828,3.80,4.80
2009.04.23 10:07:24.340,0.9827,0.9828,3.80,19.20
2009.04.23 10:07:25.380,0.9827,0.98275,1.20,9.60
2009.04.23 10:07:25.720,0.98265,0.98275,8.00,16.00
2009.04.23 10:07:26.050,0.9826,0.9827,11.80,4.80
2009.04.23 10:07:27.969,0.9826,0.9827,11.80,14.40
2009.04.23 10:07:28.649,0.98255,0.9826,9.20,9.60
2009.04.23 10:07:29.010,0.9825,0.9826,10.60,16.00
2009.04.23 10:07:29.349,0.98245,0.9825,9.80,4.80
2009.04.23 10:07:29.639,0.98245,0.9825,2.80,4.80
2009.04.23 10:07:29.979,0.98245,0.9825,4.40,4.80
2009.04.23 10:07:30.309,0.98245,0.9825,2.80,4.80
2009.04.23 10:07:30.819,0.9824,0.9825,12.60,9.60
2009.04.23 10:07:31.039,0.9824,0.9825,3.80,9.60
2009.04.23 10:07:31.549,0.9824,0.98245,3.80,4.80
2009.04.23 10:07:34.709,0.9824,0.98255,20.60,19.20
2009.04.23 10:07:35.218,0.9825,0.9826,1.20,9.60
2009.04.23 10:07:35.558,0.9825,0.9826,3.80,9.60
2009.04.23 10:07:35.857,0.9825,0.9826,11.80,4.80
2009.04.23 10:07:36.197,0.98255,0.9826,1.20,4.80
2009.04.23 10:07:36.547,0.98255,0.9827,2.80,28.00
2009.04.23 10:07:36.887,0.98255,0.9827,9.20,25.60
2009.04.23 10:07:40.256,0.98255,0.9827,9.80,4.80
2009.04.23 10:07:40.596,0.98255,0.9827,8.00,25.60
2009.04.23 10:07:41.106,0.9825,0.9826,16.60,1.60
2009.04.23 10:07:49.184,0.98255,0.9827,17.80,4.80
2009.04.23 10:07:50.344,0.98255,0.9827,19.40,4.80
2009.04.23 10:07:51.553,0.98255,0.9827,17.80,4.80
2009.04.23 10:07:53.213,0.98255,0.98275,19.40,16.00
2009.04.23 10:07:53.743,0.98255,0.9827,19.40,4.80
2009.04.23 10:07:57.082,0.98275,0.98285,9.20,11.80
2009.04.23 10:07:57.372,0.98275,0.9829,19.40,4.80
2009.04.23 10:07:58.172,0.9828,0.98295,16.60,14.40
2009.04.23 10:07:59.502,0.9829,0.983,3.80,4.80
2009.04.23 10:08:00.142,0.98295,0.98305,4.40,4.80
2009.04.23 10:08:00.382,0.9829,0.98305,19.40,4.80
2009.04.23 10:08:00.831,0.9829,0.9831,16.60,22.40
2009.04.23 10:08:01.281,0.9829,0.9831,16.60,27.20
2009.04.23 10:08:02.271,0.98305,0.98315,8.00,9.80
2009.04.23 10:08:02.751,0.98305,0.9832,1.20,20.80
2009.04.23 10:08:02.971,0.98305,0.9832,2.80,19.20
2009.04.23 10:08:03.441,0.98305,0.98315,2.80,4.80
2009.04.23 10:08:07.580,0.98305,0.98315,4.40,4.80
2009.04.23 10:08:07.870,0.98305,0.98315,2.80,14.40
2009.04.23 10:08:08.250,0.98295,0.9831,16.60,14.40
2009.04.23 10:08:08.549,0.98295,0.9831,16.60,16.00
2009.04.23 10:08:09.130,0.9829,0.98305,18.20,4.80
2009.04.23 10:08:09.419,0.9829,0.983,10.20,4.80
2009.04.23 10:08:09.989,0.9829,0.983,8.60,4.80
2009.04.23 10:08:11.129,0.98295,0.983,6.40,4.80
2009.04.23 10:08:11.809,0.983,0.9831,8.00,9.60
2009.04.23 10:08:12.279,0.98295,0.9831,16.60,9.60
2009.04.23 10:08:12.739,0.98295,0.9831,19.40,14.40
2009.04.23 10:08:13.028,0.98295,0.98305,11.40,4.80
2009.04.23 10:08:14.448,0.98295,0.9831,17.80,22.40
2009.04.23 10:08:14.788,0.98295,0.9831,17.80,27.20
2009.04.23 10:08:15.128,0.98295,0.9831,17.80,25.60
2009.04.23 10:08:15.248,0.983,0.9831,1.20,20.80
2009.04.23 10:08:15.358,0.983,0.9831,11.80,16.00
2009.04.23 10:08:15.688,0.98305,0.9831,1.20,14.40
2009.04.23 10:08:16.207,0.98315,0.9832,1.20,14.40
2009.04.23 10:08:16.607,0.98315,0.98325,1.20,14.80
2009.04.23 10:08:16.777,0.98315,0.98325,2.80,14.80
2009.04.23 10:08:17.067,0.98315,0.98325,1.20,14.80
2009.04.23 10:08:17.817,0.98315,0.98325,1.20,16.40
2009.04.23 10:08:18.277,0.98305,0.98315,8.00,9.60
2009.04.23 10:08:18.847,0.983,0.98315,16.60,14.40
2009.04.23 10:08:19.147,0.98305,0.9831,1.20,4.80
2009.04.23 10:08:19.607,0.983,0.98315,8.60,14.40
2009.04.23 10:08:20.477,0.98305,0.98315,1.20,14.40
2009.04.23 10:08:21.566,0.9831,0.9832,3.80,19.20
2009.04.23 10:08:22.036,0.9831,0.9832,3.80,9.60
2009.04.23 10:08:23.386,0.9831,0.9832,12.60,9.60
2009.04.23 10:08:23.716,0.9832,0.9833,2.80,15.20
2009.04.23 10:08:24.006,0.9832,0.9833,3.80,19.20
2009.04.23 10:08:24.596,0.98325,0.9833,1.20,9.60
2009.04.23 10:08:24.835,0.98325,0.9834,2.80,24.00
2009.04.23 10:08:25.116,0.98325,0.9834,10.80,24.00
2009.04.23 10:08:27.255,0.9832,0.98335,20.60,11.20
2009.04.23 10:08:27.655,0.9832,0.9833,20.60,4.80
2009.04.23 10:08:27.945,0.9832,0.9833,12.60,4.80
2009.04.23 10:08:28.345,0.9832,0.9833,20.60,4.80
2009.04.23 10:08:29.145,0.98325,0.9833,8.00,4.80
2009.04.23 10:08:29.425,0.98325,0.9833,9.60,4.80
2009.04.23 10:08:29.954,0.9833,0.9834,12.20,21.60
2009.04.23 10:08:30.124,0.98335,0.9835,2.80,27.20
2009.04.23 10:08:30.464,0.98335,0.9835,2.80,14.40
2009.04.23 10:08:30.754,0.98345,0.9835,1.60,14.40
2009.04.23 10:08:31.144,0.98345,0.9835,1.60,19.20
2009.04.23 10:08:31.554,0.98345,0.9835,1.60,14.40
2009.04.23 10:08:34.183,0.98345,0.98355,1.20,11.20
2009.04.23 10:08:35.223,0.9834,0.9835,8.00,9.60
2009.04.23 10:08:35.573,0.98335,0.98345,4.40,4.80
2009.04.23 10:08:36.583,0.98335,0.9835,4.40,25.60
2009.04.23 10:08:37.043,0.98335,0.9835,2.80,25.60
2009.04.23 10:08:37.522,0.98335,0.9835,2.80,27.20
2009.04.23 10:08:38.062,0.98335,0.9835,2.80,33.60
2009.04.23 10:08:38.342,0.9833,0.98345,20.60,16.00
2009.04.23 10:08:38.702,0.98335,0.98345,1.20,11.20
2009.04.23 10:08:39.552,0.9833,0.98345,20.60,16.00
2009.04.23 10:08:39.732,0.9833,0.9834,3.80,9.60
2009.04.23 10:08:40.732,0.9833,0.9834,2.60,14.40
2009.04.23 10:08:41.141,0.98325,0.98335,9.80,4.80
2009.04.23 10:08:41.812,0.98325,0.98335,9.80,6.40
2009.04.23 10:08:42.851,0.98325,0.98335,9.80,4.80
2009.04.23 10:08:44.781,0.98325,0.9834,9.80,17.60
2009.04.23 10:08:46.401,0.98325,0.9834,9.80,14.40
2009.04.23 10:08:48.430,0.98325,0.9834,9.80,16.00
2009.04.23 10:08:48.710,0.98325,0.9834,9.80,17.60
2009.04.23 10:08:48.930,0.9833,0.9834,1.20,4.80
2009.04.23 10:08:49.450,0.9833,0.9834,3.80,4.80
2009.04.23 10:08:49.799,0.9833,0.9834,12.60,4.80
2009.04.23 10:08:51.339,0.9834,0.98345,1.20,8.80
2009.04.23 10:08:51.629,0.98335,0.9835,9.20,22.40
2009.04.23 10:08:51.849,0.98335,0.9835,4.40,27.20
2009.04.23 10:08:52.889,0.9834,0.9835,1.20,20.80
2009.04.23 10:08:53.339,0.9834,0.9835,3.80,14.40
2009.04.23 10:08:54.318,0.98335,0.9835,9.20,22.40
2009.04.23 10:08:54.658,0.98335,0.9835,1.20,33.60
2009.04.23 10:08:54.818,0.98335,0.9834,1.20,1.60
2009.04.23 10:08:56.218,0.98335,0.9835,1.20,27.20
2009.04.23 10:08:56.668,0.9833,0.98345,20.60,4.80
2009.04.23 10:08:57.118,0.9833,0.98345,20.60,11.20
2009.04.23 10:08:57.628,0.98335,0.9835,9.80,14.40
2009.04.23 10:08:58.677,0.98335,0.9835,9.80,4.80
2009.04.23 10:08:59.697,0.9834,0.98345,3.80,1.60
2009.04.23 10:09:04.066,0.9835,0.98355,2.80,4.80
2009.04.23 10:09:04.356,0.98355,0.98365,1.20,12.00
2009.04.23 10:09:05.076,0.98355,0.9836,1.20,4.80
2009.04.23 10:09:05.486,0.98355,0.9836,1.20,16.00
2009.04.23 10:09:05.656,0.98355,0.9836,1.20,12.80
2009.04.23 10:09:05.946,0.98355,0.9836,1.20,11.20
2009.04.23 10:09:09.935,0.98355,0.98365,1.20,6.40
2009.04.23 10:09:10.335,0.98355,0.9837,9.20,30.40
2009.04.23 10:09:10.565,0.98355,0.98365,1.20,4.80
2009.04.23 10:09:10.684,0.98355,0.98365,2.80,4.80
2009.04.23 10:09:11.084,0.98355,0.9836,2.80,1.60
2009.04.23 10:09:11.754,0.9835,0.9836,20.60,8.00
2009.04.23 10:09:11.854,0.98355,0.98365,1.20,17.60
2009.04.23 10:09:12.214,0.98355,0.98365,1.20,12.80
2009.04.23 10:09:14.533,0.98355,0.98365,1.20,9.60
2009.04.23 10:09:15.104,0.98355,0.98365,9.20,9.60
2009.04.23 10:09:15.963,0.98355,0.98365,9.20,11.20
2009.04.23 10:09:16.723,0.98355,0.98365,9.20,9.60
2009.04.23 10:09:17.543,0.98355,0.98365,1.20,9.60
2009.04.23 10:09:17.892,0.98355,0.98365,9.20,9.60
2009.04.23 10:09:18.453,0.98355,0.98365,1.20,14.40
2009.04.23 10:09:18.972,0.98355,0.98365,1.20,11.20
2009.04.23 10:09:20.122,0.98355,0.98365,4.40,9.60
2009.04.23 10:09:20.412,0.98355,0.9837,9.20,22.40
2009.04.23 10:09:20.812,0.9836,0.9837,2.60,22.40
2009.04.23 10:09:22.272,0.9837,0.98375,1.20,9.60
2009.04.23 10:09:22.791,0.98365,0.98375,9.20,11.20
2009.04.23 10:09:23.262,0.98355,0.98365,9.80,4.80
2009.04.23 10:09:23.721,0.98355,0.98365,1.20,4.80
2009.04.23 10:09:24.241,0.98355,0.98365,1.20,6.40
2009.04.23 10:09:24.701,0.98355,0.98365,1.20,4.80
2009.04.23 10:09:25.041,0.9836,0.9837,2.60,27.20
2009.04.23 10:09:25.881,0.9836,0.9837,3.80,22.40
2009.04.23 10:09:25.991,0.98365,0.9837,1.20,4.80
2009.04.23 10:09:27.620,0.98365,0.98375,1.20,17.60
2009.04.23 10:09:29.550,0.98365,0.9837,1.20,4.80
2009.04.23 10:09:29.790,0.98365,0.98375,1.20,12.80
2009.04.23 10:09:31.339,0.98365,0.98375,1.20,17.60
2009.04.23 10:09:31.619,0.98365,0.98375,1.20,12.80
2009.04.23 10:09:32.559,0.98365,0.98375,1.20,17.60
2009.04.23 10:09:33.979,0.9836,0.9837,12.60,3.20
2009.04.23 10:09:34.219,0.9836,0.9837,12.60,8.00
2009.04.23 10:09:36.858,0.98365,0.9837,1.20,6.40
2009.04.23 10:09:37.078,0.9837,0.9838,3.80,28.80
2009.04.23 10:09:37.378,0.9837,0.9838,3.80,22.40
2009.04.23 10:09:46.866,0.9837,0.9838,3.80,17.60
2009.04.23 10:09:47.386,0.9837,0.9838,3.80,22.40
2009.04.23 10:09:57.453,0.98365,0.98375,1.20,19.20
2009.04.23 10:10:03.282,0.9836,0.98375,20.60,19.20
2009.04.23 10:10:04.002,0.9836,0.98375,20.60,24.00
2009.04.23 10:10:08.221,0.9836,0.98375,20.60,22.40
2009.04.23 10:10:09.910,0.9836,0.9837,19.40,4.80
2009.04.23 10:10:10.210,0.9836,0.9837,19.40,6.40
2009.04.23 10:10:10.330,0.9836,0.9837,11.40,11.20
2009.04.23 10:10:11.689,0.9836,0.9837,2.60,12.80
2009.04.23 10:10:15.259,0.98355,0.98365,8.60,4.80
2009.04.23 10:10:15.959,0.98355,0.98365,16.60,6.40
2009.04.23 10:10:16.708,0.98355,0.98365,8.60,6.40
2009.04.23 10:10:18.658,0.98355,0.98365,8.60,4.80
2009.04.23 10:10:19.978,0.98355,0.98365,8.60,6.40
2009.04.23 10:10:20.657,0.98355,0.98365,16.60,6.40
2009.04.23 10:10:21.187,0.9836,0.9837,2.60,25.60
2009.04.23 10:10:21.477,0.98355,0.9836,9.80,1.60
2009.04.23 10:10:21.957,0.98355,0.98365,16.60,6.40
2009.04.23 10:10:22.477,0.98355,0.98365,8.60,6.40
2009.04.23 10:10:28.196,0.98355,0.98365,8.00,6.40
2009.04.23 10:10:28.256,0.98355,0.9837,2.80,25.60
2009.04.23 10:10:28.706,0.9835,0.98365,20.60,6.40
2009.04.23 10:10:32.874,0.9836,0.98365,2.60,6.40
2009.04.23 10:10:33.104,0.9835,0.98365,11.80,17.60
2009.04.23 10:10:33.794,0.9835,0.9836,10.60,8.00
2009.04.23 10:10:34.204,0.9835,0.9836,2.60,12.80
2009.04.23 10:10:39.813,0.9835,0.9836,11.40,11.20
2009.04.23 10:10:40.273,0.9835,0.98365,12.60,22.40
2009.04.23 10:10:40.503,0.9835,0.98365,20.60,17.60
2009.04.23 10:10:40.953,0.9836,0.9837,8.00,22.40
2009.04.23 10:10:41.363,0.9836,0.9837,10.60,22.40
2009.04.23 10:10:41.652,0.98355,0.98365,8.00,8.00
2009.04.23 10:10:44.392,0.98355,0.98365,8.00,4.80
2009.04.23 10:10:44.961,0.9836,0.9837,10.60,12.80
2009.04.23 10:10:45.412,0.9836,0.9837,2.60,12.80
2009.04.23 10:10:49.710,0.98365,0.9837,1.20,8.00
2009.04.23 10:10:50.190,0.98365,0.9838,9.20,27.20
2009.04.23 10:10:50.480,0.9837,0.98375,2.60,4.80
2009.04.23 10:10:50.880,0.98365,0.9838,17.80,22.40
2009.04.23 10:10:51.290,0.9837,0.9838,2.60,22.40
2009.04.23 10:10:51.680,0.9837,0.98385,11.80,22.40
2009.04.23 10:10:52.330,0.9837,0.98385,20.60,22.40
2009.04.23 10:10:52.620,0.9837,0.98385,20.60,17.60
2009.04.23 10:10:53.289,0.9837,0.98385,20.60,22.40
2009.04.23 10:10:53.749,0.9837,0.98385,20.60,20.80
2009.04.23 10:10:54.039,0.9838,0.98385,8.00,6.40
2009.04.23 10:10:54.969,0.9838,0.9839,8.00,20.80
2009.04.23 10:10:55.320,0.98385,0.9839,8.00,16.00
2009.04.23 10:10:55.679,0.9838,0.98385,8.00,4.80
2009.04.23 10:10:56.129,0.98375,0.98385,8.00,4.80
2009.04.23 10:10:56.429,0.98375,0.9838,8.00,4.80
2009.04.23 10:10:56.719,0.98375,0.9838,8.00,17.60
2009.04.23 10:10:58.008,0.9839,0.98395,8.00,12.00
2009.04.23 10:10:58.238,0.9839,0.98405,2.60,33.60
2009.04.23 10:10:58.698,0.9839,0.98405,2.60,38.40
2009.04.23 10:10:58.878,0.9839,0.984,2.60,4.80
2009.04.23 10:10:59.788,0.9839,0.98395,3.80,4.80
2009.04.23 10:11:00.078,0.984,0.9841,2.60,38.40
2009.04.23 10:11:00.408,0.984,0.98405,2.60,4.80
2009.04.23 10:11:00.759,0.98405,0.9841,8.60,11.20
2009.04.23 10:11:01.098,0.9841,0.9842,1.20,15.60
2009.04.23 10:11:01.388,0.9841,0.98415,1.20,4.80
2009.04.23 10:11:01.787,0.9841,0.9842,1.20,20.80
2009.04.23 10:11:02.398,0.98415,0.9842,1.20,4.80
2009.04.23 10:11:02.877,0.9842,0.98425,2.60,17.60
2009.04.23 10:11:03.157,0.9841,0.9842,12.60,4.80
2009.04.23 10:11:03.667,0.9841,0.9842,20.60,4.80
2009.04.23 10:11:06.277,0.98385,0.98395,16.20,6.40
2009.04.23 10:11:06.676,0.98385,0.9839,11.80,4.80
2009.04.23 10:11:07.197,0.98375,0.9838,3.20,4.80
2009.04.23 10:11:07.496,0.9837,0.98375,12.60,1.60
2009.04.23 10:11:07.826,0.9837,0.9838,12.60,6.40
2009.04.23 10:11:08.336,0.9837,0.9838,3.80,6.40
2009.04.23 10:11:09.316,0.98375,0.98385,1.20,6.40
2009.04.23 10:11:09.615,0.9838,0.98385,2.60,6.40
2009.04.23 10:11:09.955,0.9837,0.98375,23.80,1.60
2009.04.23 10:11:16.064,0.9838,0.98385,8.60,4.80
2009.04.23 10:11:16.414,0.9838,0.9839,8.60,12.80
2009.04.23 10:11:17.394,0.98375,0.9839,9.80,17.60
2009.04.23 10:11:17.914,0.9838,0.9839,2.60,22.40
2009.04.23 10:11:19.553,0.9838,0.9839,3.80,6.40
2009.04.23 10:11:21.193,0.9838,0.9839,12.60,6.40
2009.04.23 10:11:21.424,0.9838,0.9839,11.40,11.20
2009.04.23 10:11:21.763,0.9838,0.9839,19.40,12.80
2009.04.23 10:11:22.233,0.9838,0.9839,19.40,17.60
2009.04.23 10:11:23.732,0.9838,0.9839,10.60,17.60
2009.04.23 10:11:25.552,0.9838,0.9839,2.60,17.60
2009.04.23 10:11:26.421,0.9838,0.9839,2.60,9.60
2009.04.23 10:11:26.771,0.9838,0.9839,2.60,17.60
2009.04.23 10:11:27.171,0.9838,0.9839,10.60,17.60
2009.04.23 10:11:27.461,0.9838,0.9839,2.60,17.60
2009.04.23 10:11:28.611,0.98375,0.98385,8.00,4.80
2009.04.23 10:11:28.841,0.9837,0.98385,27.00,4.80
2009.04.23 10:11:29.771,0.9837,0.9838,25.80,12.80
2009.04.23 10:11:30.171,0.9837,0.9838,19.00,8.00
2009.04.23 10:11:30.580,0.9837,0.98385,19.00,4.80
2009.04.23 10:11:31.660,0.9837,0.98385,19.00,12.80
2009.04.23 10:11:31.940,0.9837,0.98375,19.00,1.60
2009.04.23 10:11:38.009,0.9837,0.98375,12.60,1.60
2009.04.23 10:11:38.188,0.9837,0.98375,3.80,1.60
2009.04.23 10:11:40.828,0.9837,0.9838,2.60,8.00
2009.04.23 10:11:40.998,0.9837,0.9838,2.60,12.80
2009.04.23 10:11:41.118,0.9837,0.9838,2.60,22.40
2009.04.23 10:11:48.796,0.98355,0.9837,3.80,22.40
2009.04.23 10:11:49.016,0.9836,0.9837,2.60,22.40
2009.04.23 10:11:51.745,0.9835,0.9836,11.40,8.00
2009.04.23 10:11:51.915,0.9835,0.9836,11.40,12.80
2009.04.23 10:11:52.365,0.9835,0.9836,2.60,12.80
2009.04.23 10:11:53.465,0.9835,0.9836,2.60,22.40
2009.04.23 10:12:09.861,0.9835,0.9836,3.80,17.60
2009.04.23 10:12:10.211,0.9835,0.98365,3.80,17.60
2009.04.23 10:12:10.861,0.9835,0.98365,3.80,16.00
2009.04.23 10:12:11.361,0.9836,0.98365,2.60,17.60
2009.04.23 10:12:11.930,0.9835,0.98365,3.80,17.60
2009.04.23 10:12:23.358,0.9835,0.98365,3.80,22.40
2009.04.23 10:12:23.877,0.9835,0.98365,3.80,17.60
2009.04.23 10:12:35.975,0.9835,0.9836,2.60,8.00
2009.04.23 10:12:36.084,0.9835,0.9836,2.60,22.40
2009.04.23 10:12:47.272,0.9834,0.9835,2.80,4.80
2009.04.23 10:12:47.622,0.9834,0.98355,3.80,20.80
2009.04.23 10:12:47.852,0.9834,0.98355,3.80,16.00
2009.04.23 10:12:48.091,0.9834,0.98355,3.80,20.80
2009.04.23 10:13:00.248,0.9834,0.98355,3.80,16.00
2009.04.23 10:13:00.928,0.9834,0.98355,3.80,19.20
2009.04.23 10:13:02.118,0.9834,0.98355,3.80,14.40
2009.04.23 10:13:04.918,0.9834,0.98355,3.80,19.20
2009.04.23 10:13:08.017,0.9834,0.98355,3.80,14.40
2009.04.23 10:13:09.506,0.9834,0.98355,5.40,14.40
2009.04.23 10:13:11.996,0.9834,0.98355,5.40,19.20
2009.04.23 10:13:12.176,0.9834,0.98355,3.80,19.20
2009.04.23 10:13:15.295,0.9835,0.9836,1.60,14.40
2009.04.23 10:13:17.265,0.9835,0.98355,1.60,14.40
2009.04.23 10:13:17.555,0.9835,0.9836,1.60,14.40
2009.04.23 10:13:20.084,0.9835,0.98355,1.60,14.40
2009.04.23 10:13:20.764,0.9834,0.98355,5.40,16.00
2009.04.23 10:13:21.584,0.9834,0.98355,3.80,20.80
2009.04.23 10:13:22.093,0.9834,0.98355,3.80,16.00
2009.04.23 10:13:22.383,0.9834,0.98345,2.60,4.80
2009.04.23 10:13:22.733,0.9833,0.98345,30.20,4.80
2009.04.23 10:13:23.063,0.9833,0.98345,5.40,14.40
2009.04.23 10:13:24.453,0.9833,0.98345,11.80,9.60
2009.04.23 10:13:24.793,0.9833,0.9835,27.00,14.80
2009.04.23 10:13:25.253,0.98335,0.98355,15.00,19.20
2009.04.23 10:13:26.452,0.9835,0.9836,2.60,19.20
2009.04.23 10:13:27.422,0.9835,0.98355,3.20,4.80
2009.04.23 10:13:27.642,0.9835,0.98355,1.60,4.80
2009.04.23 10:13:29.462,0.9834,0.98355,20.60,6.40
2009.04.23 10:13:29.921,0.9834,0.98355,12.60,6.40
2009.04.23 10:13:38.809,0.9834,0.98355,14.20,6.40
2009.04.23 10:13:50.226,0.9834,0.98355,12.60,6.40
2009.04.23 10:14:03.363,0.9834,0.98355,3.80,16.00
2009.04.23 10:14:04.353,0.9834,0.98345,3.80,1.60
2009.04.23 10:14:04.653,0.9834,0.9835,2.60,6.40
2009.04.23 10:14:04.933,0.9834,0.9835,2.60,11.20
2009.04.23 10:14:09.192,0.9834,0.9835,2.60,9.60
2009.04.23 10:14:09.352,0.9834,0.9835,3.80,4.80
2009.04.23 10:14:09.752,0.98345,0.9835,1.20,3.20
2009.04.23 10:14:10.282,0.9834,0.98355,22.20,6.40
2009.04.23 10:14:10.582,0.9834,0.98355,14.20,6.40
2009.04.23 10:14:12.051,0.9834,0.98355,12.60,6.40
2009.04.23 10:14:12.471,0.9834,0.98355,14.20,6.40
2009.04.23 10:14:12.991,0.9835,0.9836,2.60,18.40
2009.04.23 10:14:15.070,0.9835,0.9836,2.60,20.80
2009.04.23 10:14:15.460,0.9835,0.9836,2.60,19.20
2009.04.23 10:14:16.040,0.9835,0.9836,2.60,9.60
2009.04.23 10:14:33.446,0.9835,0.98355,2.60,4.80
2009.04.23 10:14:33.806,0.9835,0.98355,1.60,4.80
2009.04.23 10:14:33.986,0.98345,0.9836,4.40,19.20
2009.04.23 10:14:34.336,0.9834,0.98355,15.80,4.80
2009.04.23 10:14:34.516,0.9834,0.98355,14.20,4.80
2009.04.23 10:14:37.115,0.9834,0.98355,3.80,14.40
2009.04.23 10:14:39.264,0.9835,0.98355,1.60,4.80
2009.04.23 10:14:39.614,0.9835,0.98355,2.60,4.80
2009.04.23 10:14:39.784,0.9835,0.9836,2.60,19.20
2009.04.23 10:14:40.984,0.9835,0.9836,2.60,24.00
2009.04.23 10:14:49.802,0.98345,0.9836,3.00,24.00
2009.04.23 10:14:49.862,0.98345,0.9835,3.30,4.80
2009.04.23 10:14:50.282,0.9834,0.9835,11.40,9.60
2009.04.23 10:14:50.512,0.9834,0.9835,2.60,9.60
2009.04.23 10:15:00.619,0.9834,0.9835,2.60,19.20
2009.04.23 10:15:03.989,0.9834,0.9835,2.60,9.60
2009.04.23 10:15:04.489,0.9834,0.98355,12.60,11.20
2009.04.23 10:15:06.758,0.98345,0.98355,10.00,4.80
2009.04.23 10:15:07.168,0.9835,0.9836,2.60,9.60
2009.04.23 10:15:10.027,0.9835,0.98365,20.60,5.60
2009.04.23 10:15:10.367,0.98355,0.9837,9.80,14.40
2009.04.23 10:15:10.427,0.98355,0.98365,8.60,6.40
2009.04.23 10:15:10.817,0.98345,0.9835,24.60,1.60
2009.04.23 10:15:10.877,0.98345,0.98355,16.60,6.40
2009.04.23 10:15:11.237,0.98345,0.9835,13.20,3.20
2009.04.23 10:15:11.347,0.9835,0.9836,15.00,11.20
2009.04.23 10:15:11.687,0.9835,0.9836,17.80,4.80
2009.04.23 10:15:12.357,0.9835,0.98365,19.00,6.40
2009.04.23 10:15:16.376,0.9835,0.98365,19.00,11.20
2009.04.23 10:15:17.455,0.9835,0.9836,11.40,4.80
2009.04.23 10:15:17.615,0.9835,0.9836,2.60,9.60
2009.04.23 10:15:23.324,0.98355,0.98365,9.80,7.20
2009.04.23 10:15:23.564,0.9836,0.9837,2.60,19.20
2009.04.23 10:15:24.674,0.9836,0.98365,2.60,4.80
2009.04.23 10:15:25.084,0.9836,0.98365,2.60,14.40
2009.04.23 10:15:25.313,0.98345,0.9835,7.50,1.60
2009.04.23 10:15:25.544,0.9835,0.98355,2.60,4.80
2009.04.23 10:15:27.853,0.9835,0.9836,2.60,19.20
2009.04.23 10:15:28.783,0.9835,0.9836,3.80,14.40
2009.04.23 10:15:28.893,0.9835,0.98365,12.60,20.80
2009.04.23 10:15:29.282,0.9835,0.98365,12.60,16.00
2009.04.23 10:15:32.402,0.9835,0.98365,14.20,14.40
2009.04.23 10:15:37.471,0.98355,0.9837,9.80,19.20
2009.04.23 10:15:37.700,0.9836,0.9837,2.60,19.20
2009.04.23 10:15:40.520,0.98355,0.9837,12.60,19.20
2009.04.23 10:15:40.570,0.9836,0.9837,2.60,19.20
2009.04.23 10:15:41.940,0.9836,0.98365,2.60,4.80
2009.04.23 10:15:41.999,0.9835,0.98365,22.20,4.80
2009.04.23 10:15:42.119,0.9835,0.98365,12.60,4.80
2009.04.23 10:15:42.299,0.9836,0.9837,2.60,24.00
2009.04.23 10:15:42.749,0.9835,0.98365,22.20,4.80
2009.04.23 10:15:43.209,0.9835,0.98365,12.60,4.80
2009.04.23 10:15:46.628,0.9835,0.9836,11.40,4.80
2009.04.23 10:15:47.208,0.9835,0.9836,11.40,9.60
2009.04.23 10:15:54.866,0.9835,0.9836,2.60,9.60
2009.04.23 10:15:57.455,0.98345,0.9835,10.80,4.80
2009.04.23 10:15:57.575,0.98345,0.98355,11.60,4.80
2009.04.23 10:15:58.006,0.98345,0.98355,10.20,4.80
2009.04.23 10:16:08.993,0.98345,0.98355,8.60,4.80
2009.04.23 10:16:15.001,0.9834,0.98355,19.00,7.00
2009.04.23 10:16:15.461,0.9834,0.98355,19.00,6.40
2009.04.23 10:16:15.701,0.98345,0.98355,1.20,11.20
2009.04.23 10:16:17.980,0.98345,0.98355,2.80,9.60
2009.04.23 10:16:18.480,0.98345,0.98355,1.20,11.20
2009.04.23 10:16:18.761,0.98345,0.98355,1.20,16.00
2009.04.23 10:16:22.080,0.98345,0.98355,2.80,14.40
2009.04.23 10:16:34.696,0.9834,0.98355,9.80,19.40
2009.04.23 10:16:35.106,0.9834,0.98355,3.80,20.80
2009.04.23 10:16:35.286,0.98345,0.98355,1.20,16.00
2009.04.23 10:16:39.815,0.9834,0.98355,3.80,23.20
2009.04.23 10:16:40.105,0.9834,0.98355,3.80,21.60
2009.04.23 10:16:40.385,0.98345,0.98355,1.20,16.00
2009.04.23 10:16:46.663,0.9834,0.9835,3.80,9.60
2009.04.23 10:16:47.333,0.9834,0.9835,3.80,14.40
2009.04.23 10:16:50.593,0.9834,0.9835,1.20,17.60
2009.04.23 10:16:50.883,0.9833,0.9834,3.80,14.40
2009.04.23 10:16:51.682,0.9833,0.9834,2.60,20.80
2009.04.23 10:16:52.032,0.9833,0.98335,8.00,11.20
2009.04.23 10:16:52.762,0.98325,0.98335,1.20,11.20
2009.04.23 10:16:59.261,0.9833,0.9834,2.60,22.40
2009.04.23 10:16:59.760,0.98325,0.98335,2.80,11.20
2009.04.23 10:17:00.331,0.98325,0.98335,1.20,14.00
2009.04.23 10:17:00.790,0.98325,0.98335,1.20,13.40
2009.04.23 10:17:01.210,0.98325,0.9833,1.20,11.20
2009.04.23 10:17:01.610,0.9832,0.9833,3.80,17.60
2009.04.23 10:17:02.530,0.9832,0.9833,3.80,22.40
2009.04.23 10:17:03.570,0.9832,0.9833,3.80,17.60
2009.04.23 10:17:04.479,0.9832,0.9833,3.80,22.40
2009.04.23 10:17:04.759,0.9832,0.9833,3.80,17.60
2009.04.23 10:17:05.109,0.9832,0.9833,3.80,22.40
2009.04.23 10:17:05.969,0.9832,0.9833,3.80,17.60
2009.04.23 10:17:07.928,0.9832,0.9833,2.60,22.40
2009.04.23 10:17:09.848,0.9831,0.98325,3.80,17.60
2009.04.23 10:17:10.018,0.9831,0.9832,3.80,4.80
2009.04.23 10:17:10.338,0.9831,0.98315,3.80,4.80
2009.04.23 10:17:12.377,0.98305,0.98315,8.60,4.80
2009.04.23 10:17:12.607,0.98295,0.9831,10.20,8.00
2009.04.23 10:17:12.897,0.98295,0.9831,8.60,8.00
2009.04.23 10:17:13.067,0.98295,0.98305,8.60,4.80
2009.04.23 10:17:13.517,0.9829,0.98305,12.60,4.80
2009.04.23 10:17:14.847,0.98305,0.9831,2.60,9.60
2009.04.23 10:17:15.187,0.9829,0.983,1.20,1.60
2009.04.23 10:17:15.527,0.98285,0.98305,3.80,22.40
2009.04.23 10:17:16.046,0.98285,0.98295,13.40,4.80
2009.04.23 10:17:16.617,0.9829,0.983,2.60,27.20
2009.04.23 10:17:16.956,0.9829,0.983,2.60,25.60
2009.04.23 10:17:17.296,0.9828,0.9829,2.60,10.40
2009.04.23 10:17:17.586,0.98275,0.9828,5.60,4.80
2009.04.23 10:17:17.986,0.98265,0.98275,8.60,4.80
2009.04.23 10:17:18.288,0.98265,0.9828,8.60,4.80
2009.04.23 10:17:18.926,0.9827,0.98285,1.20,15.60
2009.04.23 10:17:19.306,0.98265,0.9828,8.60,11.20
2009.04.23 10:17:19.646,0.98265,0.9828,8.60,16.00
2009.04.23 10:17:19.935,0.98265,0.9828,8.60,11.20
2009.04.23 10:17:20.326,0.98265,0.9828,8.60,9.60
2009.04.23 10:17:20.665,0.98265,0.98285,19.80,16.00
2009.04.23 10:17:21.127,0.98265,0.98275,8.60,4.80
2009.04.23 10:17:21.875,0.98265,0.9828,18.20,9.60
2009.04.23 10:17:24.244,0.98275,0.9829,10.80,19.20
2009.04.23 10:17:24.584,0.9828,0.9829,2.60,19.20
2009.04.23 10:17:28.443,0.9828,0.98295,3.80,14.40
2009.04.23 10:17:28.673,0.9828,0.9829,10.60,9.60
2009.04.23 10:17:28.963,0.9828,0.9829,10.60,4.80
2009.04.23 10:17:29.433,0.9829,0.983,2.80,9.60
2009.04.23 10:17:29.723,0.9829,0.983,1.60,9.60
2009.04.23 10:17:32.212,0.9829,0.983,2.60,4.80
2009.04.23 10:17:32.952,0.9829,0.983,2.60,9.60
2009.04.23 10:17:33.682,0.9829,0.98305,12.60,14.40
2009.04.23 10:17:35.122,0.9829,0.983,11.40,4.80
2009.04.23 10:17:35.935,0.9829,0.983,2.60,9.60
2009.04.23 10:17:37.771,0.98285,0.98295,10.20,4.80
2009.04.23 10:17:38.002,0.98285,0.98295,8.60,4.80
2009.04.23 10:17:39.221,0.98285,0.98295,10.00,4.80
2009.04.23 10:17:40.441,0.98295,0.983,1.60,9.60
2009.04.23 10:17:48.049,0.98285,0.98295,10.20,4.80
2009.04.23 10:17:49.358,0.98285,0.983,10.20,4.80
2009.04.23 10:17:49.888,0.9829,0.98305,11.40,14.40
2009.04.23 10:17:50.248,0.9829,0.98305,14.20,4.80
2009.04.23 10:17:50.778,0.983,0.98305,1.60,4.80
2009.04.23 10:17:51.178,0.98295,0.98305,10.20,4.80
2009.04.23 10:17:52.238,0.98295,0.98305,10.60,4.80
2009.04.23 10:17:52.718,0.98295,0.983,1.80,9.60
2009.04.23 10:18:00.246,0.983,0.98305,1.60,14.40
2009.04.23 10:18:00.536,0.98295,0.983,1.80,9.60
2009.04.23 10:18:01.166,0.983,0.98305,1.60,14.40
2009.04.23 10:18:01.805,0.983,0.98305,1.60,14.40
2009.04.23 10:18:02.225,0.98295,0.98305,1.80,14.40
2009.04.23 10:18:02.665,0.98295,0.983,1.80,4.80
2009.04.23 10:18:02.995,0.98295,0.983,1.80,9.60
2009.04.23 10:18:03.595,0.9829,0.983,4.20,9.60
2009.04.23 10:18:04.235,0.98285,0.98295,7.80,4.80
2009.04.23 10:18:04.514,0.98285,0.98295,10.20,4.80
2009.04.23 10:18:04.915,0.9829,0.98305,10.20,19.20
2009.04.23 10:18:05.315,0.9829,0.98305,10.20,19.80
2009.04.23 10:18:05.894,0.98295,0.98305,1.60,20.00
2009.04.23 10:18:06.074,0.98295,0.98305,1.60,20.00
2009.04.23 10:18:06.584,0.98295,0.98305,1.60,20.20
2009.04.23 10:18:07.344,0.9829,0.98305,10.20,20.00
2009.04.23 10:18:07.644,0.9829,0.98305,10.20,19.20
2009.04.23 10:18:08.604,0.98295,0.98305,1.60,21.40
2009.04.23 10:18:09.004,0.9828,0.98295,4.20,14.40
2009.04.23 10:18:09.343,0.98285,0.98295,1.60,19.20
2009.04.23 10:18:09.634,0.9827,0.9829,20.60,9.60
2009.04.23 10:18:09.974,0.9828,0.98285,1.60,4.80
2009.04.23 10:18:11.003,0.9827,0.98285,14.20,4.80
2009.04.23 10:18:12.743,0.9827,0.9828,13.00,4.80
2009.04.23 10:18:13.253,0.9827,0.9828,4.20,4.80
2009.04.23 10:18:13.432,0.9827,0.9828,4.20,9.60
2009.04.23 10:18:18.001,0.9827,0.98285,5.40,14.40
2009.04.23 10:18:20.261,0.9827,0.9828,4.20,14.40
2009.04.23 10:18:20.371,0.98265,0.9828,9.80,22.40
2009.04.23 10:18:20.931,0.98265,0.98275,8.60,4.80
2009.04.23 10:18:21.880,0.9826,0.98275,5.40,4.80
2009.04.23 10:18:22.550,0.9827,0.98275,1.60,4.80
2009.04.23 10:18:25.430,0.9826,0.98275,5.40,4.80
2009.04.23 10:18:25.899,0.9826,0.98275,3.80,4.80
2009.04.23 10:18:29.399,0.9826,0.98275,5.40,4.80
2009.04.23 10:18:30.998,0.9827,0.98275,1.60,4.80
2009.04.23 10:18:31.748,0.98265,0.98275,10.20,4.80
2009.04.23 10:18:32.098,0.98275,0.98285,1.60,14.40
2009.04.23 10:18:32.448,0.98275,0.98285,1.60,9.60
2009.04.23 10:18:37.857,0.9827,0.98285,2.80,9.60
2009.04.23 10:18:38.146,0.9827,0.98285,2.80,4.80
2009.04.23 10:18:38.477,0.9828,0.98285,1.60,4.80
2009.04.23 10:18:39.176,0.9828,0.98285,4.20,4.80
2009.04.23 10:18:39.466,0.9828,0.9829,4.20,9.60
2009.04.23 10:18:39.756,0.9829,0.98295,1.60,4.80
2009.04.23 10:18:40.276,0.98295,0.98305,1.60,14.40
2009.04.23 10:18:40.746,0.98295,0.98305,1.60,9.60
2009.04.23 10:18:47.455,0.9829,0.98305,1.60,11.20
2009.04.23 10:18:47.694,0.9829,0.983,1.60,4.80
2009.04.23 10:18:48.154,0.9829,0.98305,1.60,11.20
2009.04.23 10:18:52.273,0.9829,0.98295,1.60,4.80
2009.04.23 10:18:52.903,0.9829,0.983,1.60,9.60
2009.04.23 10:18:53.463,0.98275,0.98285,24.60,4.80
2009.04.23 10:18:54.023,0.98275,0.98285,16.60,4.80
2009.04.23 10:18:56.492,0.98275,0.98285,8.00,4.80
2009.04.23 10:19:05.110,0.98285,0.98295,1.60,9.60
2009.04.23 10:19:07.530,0.98285,0.98295,1.60,12.80
2009.04.23 10:19:07.759,0.98285,0.98295,1.60,9.60
2009.04.23 10:19:08.629,0.98285,0.9829,1.60,4.80
2009.04.23 10:19:09.389,0.98275,0.98285,15.00,1.00
2009.04.23 10:19:09.739,0.9828,0.98295,7.60,9.60
2009.04.23 10:19:10.029,0.9828,0.98295,7.60,4.80
2009.04.23 10:19:10.429,0.9828,0.98295,10.20,4.80
2009.04.23 10:19:11.439,0.98295,0.98305,1.60,9.60
2009.04.23 10:19:14.937,0.98305,0.9831,1.60,10.70
2009.04.23 10:19:15.227,0.983,0.98305,2.60,4.80
2009.04.23 10:19:15.567,0.98305,0.98315,1.60,4.80
2009.04.23 10:19:16.837,0.983,0.98315,8.00,4.80
2009.04.23 10:19:17.167,0.9831,0.9832,1.60,9.60
2009.04.23 10:19:17.497,0.983,0.98315,8.00,4.80
2009.04.23 10:19:17.957,0.98305,0.98315,1.60,4.80
2009.04.23 10:19:18.606,0.983,0.98315,8.00,4.80
2009.04.23 10:19:21.826,0.983,0.98315,16.60,4.80
2009.04.23 10:19:23.785,0.98305,0.98315,8.60,4.80
2009.04.23 10:19:26.175,0.983,0.98315,20.60,4.80
2009.04.23 10:19:26.535,0.983,0.9831,19.40,9.60
2009.04.23 10:19:26.805,0.983,0.9831,17.80,9.60
2009.04.23 10:19:26.985,0.983,0.9831,17.80,4.80
2009.04.23 10:19:27.404,0.983,0.98315,19.00,4.80
2009.04.23 10:19:27.764,0.983,0.98315,20.60,4.80
2009.04.23 10:19:39.922,0.983,0.98315,19.00,4.80
2009.04.23 10:19:40.161,0.983,0.9831,17.80,4.80
2009.04.23 10:19:40.731,0.983,0.98315,20.60,4.80
2009.04.23 10:19:41.021,0.98305,0.98315,8.60,4.80
2009.04.23 10:19:46.340,0.98305,0.9832,9.80,9.60
2009.04.23 10:19:46.810,0.9831,0.9832,2.60,9.60
2009.04.23 10:19:48.019,0.9831,0.9832,11.40,9.60
2009.04.23 10:19:49.169,0.9831,0.98325,12.60,14.40
2009.04.23 10:19:49.290,0.9831,0.98325,14.20,14.40
2009.04.23 10:19:52.068,0.9832,0.9833,1.60,17.60
2009.04.23 10:19:52.228,0.9831,0.98325,14.20,4.80
2009.04.23 10:19:52.868,0.9831,0.98325,12.60,4.80
2009.04.23 10:19:53.218,0.9831,0.98325,12.60,5.40
2009.04.23 10:19:53.568,0.98305,0.98315,16.60,9.60
2009.04.23 10:19:54.088,0.983,0.98305,3.20,14.40
2009.04.23 10:19:54.268,0.9829,0.98305,8.60,14.40
2009.04.23 10:19:54.778,0.98285,0.98305,10.20,20.00
2009.04.23 10:19:55.248,0.9828,0.983,16.60,14.40
2009.04.23 10:19:57.167,0.9829,0.98295,2.60,4.80
2009.04.23 10:19:57.387,0.9829,0.983,2.60,4.80
2009.04.23 10:19:57.687,0.9829,0.983,2.60,9.60
2009.04.23 10:19:57.907,0.9829,0.983,2.60,4.80
2009.04.23 10:19:58.377,0.9829,0.98305,5.40,14.40
2009.04.23 10:19:58.667,0.9829,0.98305,14.20,4.80
2009.04.23 10:19:59.856,0.9829,0.983,14.20,4.80
2009.04.23 10:20:00.196,0.9829,0.98305,5.40,17.60
2009.04.23 10:20:00.758,0.9829,0.983,2.60,19.20
2009.04.23 10:20:02.356,0.9829,0.98295,2.60,4.80
2009.04.23 10:20:02.806,0.9828,0.98295,20.60,4.80
2009.04.23 10:20:03.326,0.9828,0.98295,12.60,14.40
2009.04.23 10:20:03.376,0.9828,0.9829,11.40,4.80
2009.04.23 10:20:03.836,0.9828,0.98295,12.60,16.20
2009.04.23 10:20:04.056,0.9828,0.98295,12.60,22.40
2009.04.23 10:20:04.805,0.9828,0.98295,12.60,25.60
2009.04.23 10:20:06.505,0.9828,0.9829,12.60,4.80
2009.04.23 10:20:07.895,0.9828,0.98295,14.20,14.40
2009.04.23 10:20:08.385,0.9828,0.9829,13.00,4.80
2009.04.23 10:20:08.665,0.9828,0.9829,11.40,9.60
2009.04.23 10:20:08.834,0.9828,0.98295,14.20,14.40
2009.04.23 10:20:09.124,0.9828,0.9829,13.00,4.80
2009.04.23 10:20:09.414,0.9828,0.98295,14.20,14.40
2009.04.23 10:20:09.884,0.9828,0.98285,5.40,4.80
2009.04.23 10:20:10.124,0.9828,0.98295,3.80,19.20
2009.04.23 10:20:11.704,0.9828,0.98295,5.40,22.40
2009.04.23 10:20:12.114,0.9828,0.9829,3.80,4.80
2009.04.23 10:20:13.604,0.9828,0.9829,2.60,14.40
2009.04.23 10:20:14.013,0.9828,0.9829,3.80,4.80
2009.04.23 10:20:14.193,0.9828,0.98285,2.60,4.80
2009.04.23 10:20:14.713,0.9828,0.9829,1.60,17.60
2009.04.23 10:20:16.793,0.9828,0.9829,1.60,14.40
2009.04.23 10:20:18.622,0.9828,0.98285,1.60,9.60
2009.04.23 10:20:18.732,0.9827,0.98285,2.80,11.20
2009.04.23 10:20:18.852,0.9827,0.98275,2.80,1.00
2009.04.23 10:20:19.202,0.9827,0.98275,1.20,1.00
2009.04.23 10:20:19.322,0.9827,0.98275,1.20,4.80
2009.04.23 10:20:19.732,0.98265,0.98275,11.40,9.60
2009.04.23 10:20:19.952,0.98265,0.98275,2.60,9.60
2009.04.23 10:20:20.592,0.9826,0.9827,2.80,4.80
2009.04.23 10:20:21.111,0.98255,0.98265,16.60,4.80
2009.04.23 10:20:22.051,0.98255,0.98265,15.00,4.80
2009.04.23 10:20:22.571,0.9825,0.98265,19.00,4.80
2009.04.23 10:20:23.601,0.9825,0.98265,20.60,4.80
2009.04.23 10:20:27.060,0.98255,0.9827,2.80,27.20
2009.04.23 10:20:27.240,0.98255,0.9827,2.80,24.00
2009.04.23 10:20:27.530,0.98255,0.9827,11.40,14.40
2009.04.23 10:20:27.710,0.98255,0.98265,8.60,4.80
2009.04.23 10:20:29.999,0.98255,0.9827,16.60,9.60
2009.04.23 10:20:30.279,0.98255,0.9827,16.60,4.80
2009.04.23 10:20:30.509,0.98255,0.98275,16.60,22.40
2009.04.23 10:20:31.239,0.98255,0.98275,16.60,19.20
2009.04.23 10:20:31.699,0.98255,0.98275,16.60,22.40
2009.04.23 10:20:34.288,0.98255,0.98275,16.60,19.20
2009.04.23 10:20:40.896,0.98265,0.9828,1.20,25.60
2009.04.23 10:20:41.116,0.98265,0.9828,2.80,27.20
2009.04.23 10:20:41.476,0.98265,0.9828,4.40,27.20
2009.04.23 10:20:41.596,0.98265,0.9828,4.40,24.00
2009.04.23 10:20:44.166,0.98275,0.98285,1.20,14.40
2009.04.23 10:20:44.456,0.98265,0.98285,17.80,12.80
2009.04.23 10:20:44.746,0.98265,0.98285,17.80,18.40
2009.04.23 10:20:45.215,0.98265,0.98275,25.80,3.20
2009.04.23 10:20:47.315,0.98265,0.98275,24.60,4.80
2009.04.23 10:20:47.675,0.98265,0.9827,8.00,4.80
2009.04.23 10:20:48.115,0.9826,0.98275,27.00,6.40
2009.04.23 10:20:48.525,0.9826,0.98275,27.00,4.80
2009.04.23 10:20:49.495,0.9826,0.98275,27.00,6.40
2009.04.23 10:20:51.325,0.9826,0.98275,19.00,12.80
2009.04.23 10:20:51.684,0.9826,0.9827,12.60,4.80
2009.04.23 10:20:52.394,0.98275,0.9828,8.00,9.10
2009.04.23 10:20:52.784,0.98275,0.9829,8.00,20.80
2009.04.23 10:20:53.074,0.9827,0.9829,11.40,14.40
2009.04.23 10:20:53.624,0.98275,0.9829,4.40,9.60
2009.04.23 10:20:54.124,0.98275,0.9829,2.80,9.60
2009.04.23 10:20:54.973,0.98275,0.98285,2.80,4.80
2009.04.23 10:20:57.452,0.98275,0.9829,2.80,14.40
2009.04.23 10:20:57.812,0.9828,0.98285,1.60,4.80
2009.04.23 10:20:58.164,0.98275,0.98285,1.20,14.40
2009.04.23 10:20:59.932,0.98275,0.98285,1.20,9.60
2009.04.23 10:21:02.711,0.98275,0.98285,1.20,17.60
2009.04.23 10:21:03.481,0.98265,0.9828,2.80,14.40
2009.04.23 10:21:03.891,0.98265,0.98275,1.20,11.20
2009.04.23 10:21:04.181,0.98265,0.98275,2.80,14.40
2009.04.23 10:21:04.522,0.98265,0.98275,1.20,16.00
2009.04.23 10:21:05.101,0.98265,0.98275,2.80,9.60
2009.04.23 10:21:05.910,0.98265,0.98275,1.20,11.20
2009.04.23 10:21:06.241,0.9827,0.98275,2.60,9.60
2009.04.23 10:21:07.180,0.9826,0.98275,3.80,16.00
2009.04.23 10:21:07.410,0.9826,0.98275,3.80,14.40
2009.04.23 10:21:07.880,0.9826,0.9827,3.80,4.80
2009.04.23 10:21:26.086,0.98255,0.9827,4.40,20.80
2009.04.23 10:21:26.386,0.98255,0.9827,2.80,19.20
2009.04.23 10:21:29.325,0.98255,0.9827,2.80,22.40
2009.04.23 10:21:31.564,0.9826,0.9827,1.60,14.40
2009.04.23 10:21:31.914,0.9827,0.98275,2.60,6.40
2009.04.23 10:21:44.101,0.9826,0.98275,8.60,8.00
2009.04.23 10:21:44.601,0.9826,0.98275,8.60,4.80
2009.04.23 10:22:02.757,0.9826,0.9828,15.00,27.60
2009.04.23 10:22:03.198,0.9826,0.9828,8.60,22.40
2009.04.23 10:22:06.695,0.9826,0.9828,8.60,27.20
2009.04.23 10:22:07.795,0.9826,0.98275,16.20,4.80
2009.04.23 10:22:08.145,0.9826,0.98275,19.00,4.80
2009.04.23 10:22:11.844,0.9826,0.9828,11.40,27.20
2009.04.23 10:22:12.304,0.9826,0.9828,8.60,27.20
2009.04.23 10:22:15.214,0.9826,0.9827,8.60,1.60
2009.04.23 10:22:19.093,0.9826,0.9828,8.60,27.20
2009.04.23 10:22:21.102,0.9826,0.98275,8.60,4.80
2009.04.23 10:22:26.541,0.9826,0.98275,9.80,4.80
2009.04.23 10:22:26.961,0.9826,0.98275,12.60,4.80
2009.04.23 10:22:28.540,0.9826,0.9828,11.40,27.20
2009.04.23 10:22:28.660,0.9826,0.9828,8.60,27.20
2009.04.23 10:22:28.841,0.9826,0.98275,8.60,4.80
2009.04.23 10:22:29.240,0.9826,0.9828,8.60,27.20
2009.04.23 10:22:29.760,0.9826,0.98275,8.60,4.80
2009.04.23 10:22:30.290,0.9826,0.9827,8.60,1.60
2009.04.23 10:22:31.040,0.9826,0.98275,8.60,6.40
2009.04.23 10:22:32.989,0.9826,0.98275,8.60,7.20
2009.04.23 10:22:33.269,0.9826,0.9827,8.60,1.60
2009.04.23 10:22:33.619,0.9826,0.98275,8.60,6.40
2009.04.23 10:22:40.227,0.98275,0.98295,11.40,17.20
2009.04.23 10:22:41.088,0.9829,0.983,2.80,11.60
2009.04.23 10:22:41.487,0.9829,0.983,3.80,9.60
2009.04.23 10:22:41.887,0.9829,0.983,3.80,4.80
2009.04.23 10:22:42.817,0.98305,0.98315,1.20,12.40
2009.04.23 10:22:43.287,0.98295,0.98315,14.20,17.20
2009.04.23 10:22:43.747,0.98295,0.98315,11.40,17.20
2009.04.23 10:22:45.987,0.98295,0.9831,8.60,6.40
2009.04.23 10:22:46.326,0.98295,0.9831,8.60,8.00
2009.04.23 10:22:46.666,0.98295,0.9831,8.60,4.80
2009.04.23 10:22:47.026,0.98295,0.98315,9.80,20.40
2009.04.23 10:22:48.066,0.98295,0.98315,9.80,18.80
2009.04.23 10:22:48.296,0.98295,0.98315,11.40,13.80
2009.04.23 10:22:48.765,0.98305,0.9831,1.20,4.80
2009.04.23 10:22:49.285,0.98305,0.98315,1.20,13.80
2009.04.23 10:22:52.335,0.98295,0.983,9.80,1.60
2009.04.23 10:22:52.454,0.983,0.9831,2.60,19.20
2009.04.23 10:22:56.524,0.983,0.9831,2.60,20.80
2009.04.23 10:22:56.923,0.98295,0.983,9.80,1.60
2009.04.23 10:22:57.333,0.98295,0.983,9.80,3.20
2009.04.23 10:22:58.873,0.98295,0.9831,9.80,24.00
2009.04.23 10:22:59.263,0.98295,0.9831,9.80,22.40
2009.04.23 10:22:59.713,0.98295,0.9831,9.80,19.20
2009.04.23 10:23:00.393,0.983,0.9831,2.60,19.20
2009.04.23 10:23:11.670,0.983,0.9831,2.60,19.20
2009.04.23 10:23:12.080,0.98295,0.9831,11.40,19.20
2009.04.23 10:23:12.540,0.98295,0.9831,9.80,20.80
2009.04.23 10:23:13.499,0.983,0.9831,1.20,16.00
2009.04.23 10:23:13.609,0.983,0.9831,3.80,14.40
2009.04.23 10:23:14.819,0.983,0.9831,3.80,9.60
2009.04.23 10:23:15.109,0.9831,0.98315,3.80,5.00
2009.04.23 10:23:15.639,0.98305,0.9832,2.80,19.20
2009.04.23 10:23:16.929,0.98305,0.9832,2.80,20.80
2009.04.23 10:23:17.109,0.98305,0.9832,1.20,22.40
2009.04.23 10:23:18.658,0.98305,0.9832,1.20,25.60
2009.04.23 10:23:19.458,0.98305,0.9832,1.20,22.40
2009.04.23 10:23:19.738,0.98305,0.9832,2.80,14.40
2009.04.23 10:23:19.918,0.98305,0.9832,2.80,9.60
2009.04.23 10:23:20.448,0.98315,0.98325,2.80,9.60
2009.04.23 10:23:20.688,0.98315,0.98325,1.20,9.60
2009.04.23 10:23:21.098,0.98315,0.9833,1.20,28.80
2009.04.23 10:23:21.318,0.98315,0.9832,1.20,1.60
2009.04.23 10:23:21.607,0.98315,0.9833,1.20,30.40
2009.04.23 10:23:21.717,0.98315,0.9833,1.20,24.00
2009.04.23 10:23:22.357,0.9831,0.9832,17.80,4.80
2009.04.23 10:23:22.827,0.9831,0.98325,1.20,17.60
2009.04.23 10:23:22.937,0.98305,0.9832,16.20,9.60
2009.04.23 10:23:23.737,0.9831,0.9832,1.20,4.80
2009.04.23 10:23:24.087,0.98305,0.9832,24.20,9.60
2009.04.23 10:23:24.207,0.98305,0.9832,7.60,22.40
2009.04.23 10:23:24.607,0.98305,0.9832,1.20,22.40
2009.04.23 10:23:24.837,0.98305,0.9831,1.20,1.60
2009.04.23 10:23:25.527,0.98305,0.98315,1.20,11.20
2009.04.23 10:23:27.026,0.9831,0.9832,3.80,14.40
2009.04.23 10:23:29.006,0.9831,0.9832,1.20,17.60
2009.04.23 10:23:29.245,0.98305,0.9832,1.20,22.40
2009.04.23 10:23:29.636,0.98305,0.9832,1.20,16.00
2009.04.23 10:23:29.985,0.98305,0.9832,7.60,9.60
2009.04.23 10:23:30.095,0.98305,0.9832,7.60,19.20
2009.04.23 10:23:30.395,0.98305,0.9832,1.20,20.80
2009.04.23 10:23:30.455,0.98305,0.9832,1.20,22.40
2009.04.23 10:23:33.174,0.98305,0.9832,1.20,20.80
2009.04.23 10:23:33.294,0.98305,0.9832,2.80,19.20
2009.04.23 10:23:37.684,0.9831,0.9832,1.20,14.40
2009.04.23 10:23:38.044,0.9831,0.9832,3.80,14.40
2009.04.23 10:23:44.382,0.9831,0.9832,3.80,4.80
2009.04.23 10:23:47.711,0.9832,0.9833,1.20,23.20
2009.04.23 10:23:47.821,0.98315,0.98325,1.20,11.20
2009.04.23 10:24:01.048,0.9832,0.9833,1.20,14.40
2009.04.23 10:24:01.218,0.98315,0.98325,1.20,11.20
2009.04.23 10:24:08.037,0.98315,0.98325,1.20,11.40
2009.04.23 10:24:08.146,0.98315,0.98325,1.20,11.80
2009.04.23 10:24:09.586,0.98315,0.98325,1.20,11.20
2009.04.23 10:24:09.916,0.98315,0.9833,2.80,22.40
2009.04.23 10:24:10.326,0.9832,0.9833,1.20,14.40
2009.04.23 10:24:10.505,0.9832,0.9833,3.80,14.40
2009.04.23 10:24:12.185,0.9832,0.98325,2.60,9.60
2009.04.23 10:24:12.585,0.98315,0.98325,2.80,9.60
2009.04.23 10:24:13.045,0.98315,0.9833,2.80,9.60
2009.04.23 10:24:21.593,0.98325,0.9833,1.20,9.60
2009.04.23 10:24:21.763,0.98325,0.9834,1.20,26.40
2009.04.23 10:24:22.153,0.98315,0.9833,4.40,9.60
2009.04.23 10:24:22.563,0.98315,0.9833,2.80,9.60
2009.04.23 10:24:22.622,0.98315,0.98335,9.80,14.40
2009.04.23 10:24:23.422,0.98315,0.9833,9.80,9.60
2009.04.23 10:24:24.182,0.98325,0.98335,1.20,17.60
2009.04.23 10:24:24.412,0.98315,0.98325,25.80,3.20
2009.04.23 10:24:24.802,0.9832,0.9833,1.20,4.80
2009.04.23 10:24:25.662,0.98325,0.98335,1.20,16.00
2009.04.23 10:24:26.192,0.9833,0.9834,2.60,19.20
2009.04.23 10:24:26.672,0.9832,0.9834,24.60,11.20
2009.04.23 10:24:27.012,0.98315,0.9833,2.80,9.60
2009.04.23 10:24:30.001,0.98315,0.9833,2.80,14.40
2009.04.23 10:24:31.131,0.98325,0.98335,1.20,11.20
2009.04.23 10:24:34.700,0.98325,0.98335,1.20,14.40
2009.04.23 10:24:35.170,0.9832,0.9833,3.80,9.60
2009.04.23 10:24:35.629,0.9832,0.9833,3.80,14.40
2009.04.23 10:24:36.119,0.9832,0.98335,3.80,17.60
2009.04.23 10:24:36.469,0.98325,0.98335,1.20,9.60
2009.04.23 10:24:36.929,0.98325,0.98335,1.20,11.20
2009.04.23 10:24:39.149,0.98325,0.98335,1.20,9.60
2009.04.23 10:24:39.378,0.98325,0.9834,1.20,22.40
2009.04.23 10:24:39.978,0.98325,0.9833,3.20,7.20
2009.04.23 10:24:40.258,0.98315,0.98325,21.00,4.80
2009.04.23 10:24:40.478,0.98315,0.98325,16.20,3.20
2009.04.23 10:24:41.200,0.98315,0.9833,1.20,11.20
2009.04.23 10:24:41.538,0.98315,0.9833,2.80,9.60
2009.04.23 10:24:42.358,0.9832,0.9833,3.20,9.60
2009.04.23 10:24:42.777,0.98315,0.9833,2.80,9.60
2009.04.23 10:24:43.747,0.98315,0.98335,17.80,9.60
2009.04.23 10:24:44.207,0.98325,0.9834,1.20,18.40
2009.04.23 10:24:44.477,0.98325,0.98335,2.80,9.60
2009.04.23 10:24:44.717,0.98325,0.9834,2.80,9.60
2009.04.23 10:24:48.476,0.98335,0.98345,1.20,11.20
2009.04.23 10:24:48.996,0.98335,0.98345,1.20,9.60
2009.04.23 10:24:49.286,0.98335,0.9835,2.80,23.20
2009.04.23 10:24:49.746,0.98335,0.9834,1.20,2.40
2009.04.23 10:24:50.266,0.98335,0.98345,1.20,11.20
2009.04.23 10:24:51.596,0.9835,0.98355,2.80,8.90
2009.04.23 10:24:51.835,0.9835,0.9838,2.80,20.00
2009.04.23 10:24:52.176,0.9835,0.9838,2.80,19.20
2009.04.23 10:24:52.236,0.98345,0.9838,25.80,14.40
2009.04.23 10:24:52.515,0.98345,0.9838,17.80,14.40
2009.04.23 10:24:52.985,0.9835,0.9837,17.80,9.60
2009.04.23 10:24:54.345,0.9835,0.98365,17.80,4.80
2009.04.23 10:24:54.565,0.9835,0.9836,16.20,4.80
2009.04.23 10:24:54.975,0.9835,0.9837,17.80,9.60
2009.04.23 10:24:55.835,0.98355,0.9837,2.80,14.40
2009.04.23 10:24:56.174,0.98355,0.9837,2.80,19.20
2009.04.23 10:24:56.744,0.98355,0.9837,2.80,25.60
2009.04.23 10:24:57.154,0.98355,0.9837,1.20,20.80
2009.04.23 10:24:58.564,0.98355,0.9837,2.80,20.80
2009.04.23 10:25:01.053,0.98355,0.9837,2.80,25.60
2009.04.23 10:25:01.213,0.98355,0.98365,1.20,1.60
2009.04.23 10:25:01.613,0.98355,0.9837,1.20,22.40
2009.04.23 10:25:01.853,0.9835,0.98355,6.90,4.80
2009.04.23 10:25:01.913,0.98355,0.9836,1.20,6.40
2009.04.23 10:25:02.663,0.98355,0.9836,1.20,3.20
2009.04.23 10:25:02.713,0.98355,0.9836,1.20,8.00
2009.04.23 10:25:03.183,0.9835,0.9836,3.80,8.00
2009.04.23 10:25:03.993,0.9835,0.9836,3.80,17.60
2009.04.23 10:25:05.282,0.9834,0.9835,20.60,1.60
2009.04.23 10:25:05.612,0.9835,0.9836,1.20,22.40
2009.04.23 10:25:13.500,0.9835,0.9836,3.80,8.00
2009.04.23 10:25:13.980,0.9835,0.9836,3.80,12.80
2009.04.23 10:25:14.150,0.9835,0.9836,3.80,8.00
2009.04.23 10:25:14.260,0.9835,0.9836,2.80,8.00
2009.04.23 10:25:14.720,0.9835,0.9836,3.80,8.00
2009.04.23 10:25:15.950,0.9835,0.9836,3.80,4.80
2009.04.23 10:25:16.609,0.98355,0.9837,2.80,20.80
2009.04.23 10:25:16.949,0.9836,0.9837,1.60,19.20
2009.04.23 10:25:17.129,0.9836,0.9837,2.60,20.80
2009.04.23 10:25:18.889,0.9836,0.98365,1.60,11.20
2009.04.23 10:25:18.999,0.9836,0.98365,1.60,9.60
2009.04.23 10:25:19.449,0.98355,0.98365,1.20,11.20
2009.04.23 10:25:19.928,0.9835,0.9836,3.80,6.40
2009.04.23 10:25:20.289,0.9835,0.9836,3.80,16.00
2009.04.23 10:25:21.608,0.9835,0.98355,2.60,4.80
2009.04.23 10:25:21.899,0.9834,0.9835,13.40,9.60
2009.04.23 10:25:24.737,0.9834,0.98345,1.20,4.80
2009.04.23 10:25:25.028,0.9834,0.9835,3.80,16.00
2009.04.23 10:25:25.257,0.9834,0.98345,2.60,9.60
2009.04.23 10:25:25.548,0.9834,0.98345,1.60,9.60
2009.04.23 10:25:25.767,0.9833,0.98345,20.60,12.80
2009.04.23 10:25:25.937,0.9833,0.9834,19.00,6.40
2009.04.23 10:25:26.217,0.9834,0.98345,1.20,17.80
2009.04.23 10:25:26.397,0.98335,0.9834,12.70,1.60
2009.04.23 10:25:27.047,0.98345,0.98365,9.80,11.20
2009.04.23 10:25:27.997,0.98345,0.9836,8.60,12.80
2009.04.23 10:25:28.476,0.9834,0.98345,19.00,1.60
2009.04.23 10:25:28.637,0.9834,0.9835,19.00,6.40
2009.04.23 10:25:28.816,0.9834,0.9835,12.60,6.40
2009.04.23 10:25:31.046,0.98345,0.98355,1.20,11.20
2009.04.23 10:25:31.276,0.9834,0.98345,19.00,1.60
2009.04.23 10:25:31.786,0.98345,0.9836,2.80,14.40
2009.04.23 10:25:32.076,0.98345,0.9836,2.80,9.60
2009.04.23 10:25:32.246,0.9834,0.98355,8.60,12.80
2009.04.23 10:25:32.356,0.9834,0.98355,10.20,9.60
2009.04.23 10:25:32.745,0.9834,0.9836,19.40,9.60
2009.04.23 10:25:32.976,0.9834,0.9835,8.60,4.80
2009.04.23 10:25:33.335,0.9834,0.9835,8.60,9.60
2009.04.23 10:25:33.565,0.9834,0.98355,1.20,22.40
2009.04.23 10:25:34.025,0.98335,0.9835,9.20,27.20
2009.04.23 10:25:34.205,0.98335,0.9834,1.20,3.20
2009.04.23 10:25:34.765,0.98335,0.98345,1.20,6.40
2009.04.23 10:25:34.935,0.9833,0.98345,2.60,17.60
2009.04.23 10:25:35.105,0.98325,0.98345,17.80,17.60
2009.04.23 10:25:35.675,0.9834,0.98345,2.60,11.20
2009.04.23 10:25:36.195,0.9833,0.98345,10.20,12.80
2009.04.23 10:25:36.415,0.9833,0.98345,11.40,20.80
2009.04.23 10:25:36.655,0.9833,0.98345,10.00,20.80
2009.04.23 10:25:36.894,0.9833,0.98345,9.80,14.40
2009.04.23 10:25:37.124,0.9833,0.98345,12.60,14.40
2009.04.23 10:25:37.414,0.98335,0.98345,1.20,9.60
2009.04.23 10:25:38.394,0.98335,0.9835,1.20,29.00
2009.04.23 10:25:38.744,0.98335,0.9835,1.20,28.80
2009.04.23 10:25:39.374,0.9833,0.98345,19.00,4.80
2009.04.23 10:25:39.554,0.9833,0.9834,19.00,4.80
2009.04.23 10:25:50.911,0.98325,0.98335,6.40,8.00
2009.04.23 10:25:51.422,0.9832,0.9834,20.60,19.20
2009.04.23 10:25:51.641,0.98325,0.9833,9.80,1.60
2009.04.23 10:25:52.051,0.98325,0.98345,9.80,17.60
2009.04.23 10:25:54.870,0.98325,0.9834,2.80,9.60
2009.04.23 10:25:55.890,0.98325,0.98345,16.20,17.60
2009.04.23 10:25:58.089,0.98325,0.98345,16.20,16.00
2009.04.23 10:25:58.259,0.9833,0.98345,2.80,20.80
2009.04.23 10:25:58.609,0.98335,0.98345,1.20,11.20
2009.04.23 10:26:05.677,0.98335,0.9834,1.20,9.60
2009.04.23 10:26:05.787,0.9833,0.9834,3.80,14.40
2009.04.23 10:26:08.857,0.9833,0.9834,3.80,19.20
2009.04.23 10:26:10.626,0.9833,0.9834,2.60,24.00
2009.04.23 10:26:10.966,0.9832,0.98335,3.80,22.40
2009.04.23 10:26:11.476,0.9832,0.9833,3.80,19.20
2009.04.23 10:26:13.105,0.98325,0.9833,1.20,4.80
2009.04.23 10:26:14.206,0.98325,0.98335,1.20,11.20
2009.04.23 10:26:15.425,0.9832,0.9833,3.80,9.60
2009.04.23 10:26:16.045,0.9832,0.9833,3.80,14.40
2009.04.23 10:26:26.502,0.9832,0.98325,1.60,9.00
2009.04.23 10:26:26.802,0.9832,0.98325,1.60,18.60
2009.04.23 10:26:26.912,0.9831,0.98325,14.20,18.60
2009.04.23 10:26:27.032,0.9831,0.9832,12.60,4.80
2009.04.23 10:26:27.322,0.9831,0.9832,3.80,4.80
2009.04.23 10:26:31.371,0.9832,0.9833,1.20,6.40
2009.04.23 10:26:31.601,0.9832,0.9833,3.80,4.80
2009.04.23 10:26:32.121,0.9832,0.98325,1.60,11.20
2009.04.23 10:26:34.220,0.9832,0.9833,2.80,19.20
2009.04.23 10:26:34.600,0.98315,0.98325,9.20,11.20
2009.04.23 10:26:34.770,0.9832,0.98325,1.60,11.20
2009.04.23 10:26:34.891,0.98315,0.98325,1.20,11.20
2009.04.23 10:26:39.349,0.98315,0.9832,1.20,3.20
2009.04.23 10:26:39.469,0.98315,0.9833,2.80,25.60
2009.04.23 10:26:39.579,0.9832,0.9833,1.20,20.80
2009.04.23 10:26:39.809,0.9832,0.9833,1.20,16.00
2009.04.23 10:26:39.989,0.9832,0.98325,1.60,9.60
2009.04.23 10:26:46.217,0.9832,0.98325,1.60,11.20
2009.04.23 10:26:46.728,0.9832,0.98325,1.60,9.60
2009.04.23 10:26:48.647,0.9832,0.98325,1.60,11.20
2009.04.23 10:26:49.997,0.9831,0.98315,3.80,3.20
2009.04.23 10:26:50.107,0.9831,0.98315,3.80,4.80
2009.04.23 10:26:50.487,0.9831,0.9832,2.80,12.80
2009.04.23 10:26:50.767,0.9831,0.9832,2.80,9.60
2009.04.23 10:26:50.887,0.98315,0.98325,1.20,16.00
2009.04.23 10:26:51.186,0.9832,0.98325,1.60,11.20
2009.04.23 10:26:52.066,0.9832,0.98325,1.60,9.60
2009.04.23 10:26:53.716,0.98315,0.9833,2.80,19.20
2009.04.23 10:26:53.836,0.9832,0.9833,1.20,14.40
2009.04.23 10:26:54.246,0.9832,0.9833,3.80,14.40
2009.04.23 10:27:01.584,0.98315,0.98325,7.60,9.60
2009.04.23 10:27:02.054,0.9831,0.9832,2.60,4.80
2009.04.23 10:27:02.164,0.9831,0.9832,2.60,9.60
2009.04.23 10:27:02.694,0.9831,0.9832,2.60,14.40
2009.04.23 10:27:03.044,0.9831,0.9832,2.60,9.60
2009.04.23 10:27:03.563,0.9831,0.9832,2.60,4.80
2009.04.23 10:27:03.673,0.9831,0.98325,3.80,16.60
2009.04.23 10:27:04.133,0.9831,0.98325,12.60,4.80
2009.04.23 10:27:05.413,0.9831,0.9832,11.40,4.80
2009.04.23 10:27:06.003,0.9831,0.98325,12.60,7.00
2009.04.23 10:27:06.223,0.9831,0.98325,12.60,4.80
2009.04.23 10:27:07.413,0.9831,0.9832,11.40,4.80
2009.04.23 10:27:08.272,0.9831,0.9832,8.60,8.00
2009.04.23 10:27:08.392,0.98305,0.98315,1.00,6.40
2009.04.23 10:27:08.692,0.983,0.98315,27.00,4.80
2009.04.23 10:27:09.132,0.983,0.98315,19.00,4.80
2009.04.23 10:27:09.372,0.983,0.98315,20.60,4.80
2009.04.23 10:27:09.662,0.9831,0.98315,2.60,4.80
2009.04.23 10:27:10.182,0.98305,0.98315,2.80,4.80
2009.04.23 10:27:10.472,0.983,0.98315,28.60,4.80
2009.04.23 10:27:10.922,0.983,0.9831,20.60,4.80
2009.04.23 10:27:11.391,0.983,0.9831,19.00,4.80
2009.04.23 10:27:11.741,0.983,0.9831,3.80,9.60
2009.04.23 10:27:11.861,0.983,0.9831,3.80,4.80
2009.04.23 10:27:15.670,0.983,0.98315,5.40,24.00
2009.04.23 10:27:15.831,0.98305,0.98315,8.00,14.40
2009.04.23 10:27:16.180,0.98305,0.98315,9.60,14.40
2009.04.23 10:27:16.630,0.9831,0.9832,8.00,19.20
2009.04.23 10:27:16.690,0.9831,0.98315,8.00,4.80
2009.04.23 10:27:16.920,0.9831,0.98315,1.60,4.80
2009.04.23 10:27:17.380,0.98305,0.98315,8.00,4.80
2009.04.23 10:27:17.610,0.98305,0.9832,9.60,9.60
2009.04.23 10:27:18.240,0.98305,0.9832,9.60,14.40
2009.04.23 10:27:18.720,0.98305,0.9832,9.60,9.60
2009.04.23 10:27:18.950,0.9831,0.9832,8.00,9.60
2009.04.23 10:27:25.678,0.983,0.9831,16.30,4.80
2009.04.23 10:27:25.968,0.983,0.98305,4.80,4.80
2009.04.23 10:27:26.438,0.98285,0.98305,22.20,4.80
2009.04.23 10:27:26.778,0.98285,0.98305,20.60,16.00
2009.04.23 10:27:27.248,0.98285,0.98305,20.60,20.80
2009.04.23 10:27:27.487,0.9829,0.98305,8.00,22.40
2009.04.23 10:27:27.998,0.9829,0.98305,2.80,19.20
2009.04.23 10:27:28.287,0.9829,0.98305,7.60,22.40
2009.04.23 10:27:28.868,0.9828,0.9829,33.40,4.80
2009.04.23 10:27:29.167,0.9828,0.9829,19.00,4.80
2009.04.23 10:27:29.527,0.9828,0.98295,8.00,22.40
2009.04.23 10:27:29.707,0.98275,0.9829,23.00,4.80
2009.04.23 10:27:30.177,0.98275,0.9829,15.00,4.80
2009.04.23 10:27:30.517,0.9828,0.98285,7.60,4.80
2009.04.23 10:27:30.847,0.9828,0.98295,7.60,19.20
2009.04.23 10:27:31.137,0.9828,0.98295,20.60,9.60
2009.04.23 10:28:00.959,0.9828,0.98295,22.20,9.60
2009.04.23 10:28:01.479,0.98285,0.98295,2.80,4.80
2009.04.23 10:28:01.829,0.9828,0.98295,22.20,9.60
2009.04.23 10:28:10.877,0.98285,0.983,9.80,4.80
2009.04.23 10:28:13.586,0.9829,0.983,1.20,4.80
2009.04.23 10:28:13.636,0.9829,0.983,2.80,4.80
2009.04.23 10:28:13.866,0.9829,0.98305,3.80,20.80
2009.04.23 10:28:14.226,0.9829,0.98305,3.80,19.20
2009.04.23 10:28:14.336,0.9829,0.98305,11.80,19.20
2009.04.23 10:28:14.456,0.9829,0.98305,20.60,9.60
2009.04.23 10:28:14.796,0.9829,0.98305,22.20,9.60
2009.04.23 10:28:14.966,0.98295,0.98305,9.80,4.80
2009.04.23 10:28:18.505,0.9829,0.98305,20.60,12.80
2009.04.23 10:28:18.795,0.9829,0.983,12.60,4.80
2009.04.23 10:28:18.975,0.9829,0.983,3.80,4.80
2009.04.23 10:28:19.195,0.9829,0.983,3.80,9.60
2009.04.23 10:28:20.215,0.9829,0.983,12.60,9.60
2009.04.23 10:28:28.163,0.9829,0.983,3.80,9.60
2009.04.23 10:28:29.333,0.9829,0.983,3.80,4.80
2009.04.23 10:28:29.722,0.9829,0.983,12.60,4.80
2009.04.23 10:28:30.412,0.98295,0.98305,2.80,4.80
2009.04.23 10:28:30.812,0.98295,0.9831,9.20,27.20
2009.04.23 10:28:30.992,0.98295,0.98305,2.80,4.80
2009.04.23 10:28:32.582,0.98295,0.98305,9.80,4.80
2009.04.23 10:28:33.411,0.983,0.9831,2.60,14.40
2009.04.23 10:28:36.271,0.98305,0.9831,1.20,9.60
2009.04.23 10:28:36.571,0.98305,0.9831,1.20,4.80
2009.04.23 10:28:36.851,0.98305,0.98315,9.80,4.80
2009.04.23 10:28:43.739,0.98305,0.9832,9.80,4.80
2009.04.23 10:28:50.397,0.9831,0.9832,8.60,4.80
2009.04.23 10:28:50.687,0.9831,0.9832,9.80,4.80
2009.04.23 10:28:51.037,0.98315,0.98325,2.80,4.80
2009.04.23 10:28:51.377,0.9831,0.98325,8.60,4.80
2009.04.23 10:28:51.727,0.98315,0.98325,2.80,4.80
2009.04.23 10:28:52.897,0.98325,0.9833,1.20,4.80
2009.04.23 10:28:53.476,0.98325,0.98335,1.20,16.00
2009.04.23 10:28:54.106,0.98325,0.98335,1.20,14.40
2009.04.23 10:28:54.336,0.98325,0.98335,2.80,14.40
2009.04.23 10:28:55.266,0.98325,0.98335,2.80,4.80
2009.04.23 10:28:55.386,0.98325,0.98335,2.80,14.40
2009.04.23 10:28:55.556,0.98325,0.98335,1.20,14.40
2009.04.23 10:28:55.676,0.98325,0.98335,2.80,14.40
2009.04.23 10:28:56.026,0.98325,0.98335,2.80,4.80
2009.04.23 10:28:56.546,0.9833,0.98335,1.20,4.80
2009.04.23 10:28:56.846,0.98335,0.98345,1.20,16.00
2009.04.23 10:28:57.136,0.9833,0.9834,3.80,19.20
2009.04.23 10:28:57.486,0.9833,0.9834,3.80,14.40
2009.04.23 10:28:57.836,0.9833,0.9834,3.80,19.20
2009.04.23 10:29:00.455,0.98325,0.98335,1.20,16.00
2009.04.23 10:29:00.505,0.98325,0.98335,1.20,14.40
2009.04.23 10:29:01.785,0.98325,0.98335,1.20,16.00
2009.04.23 10:29:08.723,0.98325,0.9833,1.20,9.60
2009.04.23 10:29:09.013,0.98325,0.9833,1.20,14.40
2009.04.23 10:29:09.193,0.98325,0.9833,1.20,19.20
2009.04.23 10:29:09.652,0.9832,0.9833,3.80,19.20
2009.04.23 10:29:11.662,0.9832,0.9833,2.60,24.00
2009.04.23 10:29:16.371,0.98315,0.98325,1.20,6.40
2009.04.23 10:29:22.530,0.98315,0.98325,2.80,4.80
2009.04.23 10:29:25.959,0.9831,0.98325,20.60,12.80
2009.04.23 10:29:26.129,0.9831,0.9832,2.60,24.00
2009.04.23 10:29:26.358,0.98305,0.9832,9.20,24.00
2009.04.23 10:29:26.828,0.98305,0.9832,1.20,27.20
2009.04.23 10:29:26.998,0.98305,0.98315,1.20,4.80
2009.04.23 10:29:27.338,0.98305,0.98315,2.80,4.80
2009.04.23 10:29:27.749,0.9831,0.9832,2.60,24.00
2009.04.23 10:29:27.918,0.9831,0.98325,17.80,18.20
2009.04.23 10:29:28.098,0.98315,0.98325,2.80,14.40
2009.04.23 10:29:28.508,0.98315,0.98325,2.80,4.80
2009.04.23 10:29:29.358,0.9831,0.98315,12.50,1.60
2009.04.23 10:29:29.638,0.983,0.9831,12.60,4.80
2009.04.23 10:29:30.388,0.983,0.9831,3.80,4.80
2009.04.23 10:29:31.467,0.98305,0.9831,1.20,4.80
2009.04.23 10:29:31.937,0.98305,0.98315,9.80,4.80
2009.04.23 10:29:32.607,0.9831,0.98315,8.60,4.80
2009.04.23 10:29:32.897,0.9831,0.9832,8.60,4.80
2009.04.23 10:29:38.036,0.98305,0.9832,2.80,14.40
2009.04.23 10:29:38.256,0.98305,0.9832,16.20,4.80
2009.04.23 10:29:38.496,0.98305,0.9832,17.80,4.80
2009.04.23 10:29:38.726,0.98305,0.9832,2.80,14.40
2009.04.23 10:29:39.006,0.983,0.9832,28.60,14.40
2009.04.23 10:29:39.236,0.98305,0.9832,2.80,14.40
2009.04.23 10:29:39.755,0.98305,0.9832,17.80,4.80
2009.04.23 10:29:40.035,0.98305,0.9832,2.80,14.40
2009.04.23 10:29:40.395,0.98305,0.9832,15.00,4.80
2009.04.23 10:29:40.565,0.98305,0.9832,16.60,4.80
2009.04.23 10:29:40.835,0.98305,0.9832,10.20,4.80
2009.04.23 10:29:41.005,0.98305,0.9832,17.80,4.80
2009.04.23 10:29:41.185,0.98305,0.9832,2.80,14.40
2009.04.23 10:29:41.425,0.98305,0.9832,16.60,4.80
2009.04.23 10:29:41.935,0.98305,0.9832,2.80,14.40
2009.04.23 10:29:42.175,0.98305,0.9832,16.60,4.80
2009.04.23 10:29:42.415,0.98305,0.9832,2.80,14.40
2009.04.23 10:29:43.154,0.98305,0.9832,16.60,4.80
2009.04.23 10:29:43.335,0.98305,0.9832,17.80,4.80
2009.04.23 10:29:43.624,0.98305,0.9832,9.80,4.80
2009.04.23 10:29:43.794,0.98305,0.9832,17.80,4.80
2009.04.23 10:29:43.964,0.98305,0.9832,2.80,14.40
2009.04.23 10:29:44.544,0.9832,0.9833,1.20,15.50
2009.04.23 10:29:44.714,0.9832,0.9833,1.20,14.40
2009.04.23 10:29:45.154,0.98315,0.98325,8.00,11.20
2009.04.23 10:29:45.334,0.98315,0.98325,2.80,4.80
2009.04.23 10:29:45.624,0.98315,0.98325,2.80,14.40
2009.04.23 10:29:45.974,0.98305,0.98325,25.80,14.40
2009.04.23 10:29:49.413,0.98305,0.9832,17.80,9.60
2009.04.23 10:29:49.583,0.98305,0.9832,19.40,9.60
2009.04.23 10:29:49.933,0.98305,0.9832,17.80,9.60
2009.04.23 10:29:52.052,0.98305,0.98325,25.80,14.40
2009.04.23 10:29:57.601,0.98305,0.98325,19.40,14.40
2009.04.23 10:29:57.961,0.98305,0.9832,9.20,9.60
2009.04.23 10:30:00.080,0.98305,0.9832,2.80,24.00
2009.04.23 10:30:00.650,0.98305,0.98315,2.80,4.80
2009.04.23 10:30:02.990,0.98305,0.98315,1.20,4.80
2009.04.23 10:30:06.889,0.983,0.98315,19.40,6.40
2009.04.23 10:30:07.279,0.983,0.98315,16.60,8.00
2009.04.23 10:30:07.459,0.98295,0.98315,24.20,17.60
2009.04.23 10:30:12.418,0.983,0.98315,8.60,6.40
2009.04.23 10:30:12.537,0.983,0.98315,8.60,4.80
2009.04.23 10:30:12.947,0.983,0.98315,16.60,4.80
2009.04.23 10:30:13.527,0.98295,0.98315,25.80,14.40
2009.04.23 10:30:14.167,0.98295,0.98315,24.20,17.60
2009.04.23 10:30:14.627,0.98295,0.98315,25.80,14.40
2009.04.23 10:30:15.837,0.98295,0.98315,25.80,14.80
2009.04.23 10:30:16.067,0.98295,0.9831,24.20,4.80
2009.04.23 10:30:16.357,0.98295,0.9831,16.20,4.80
2009.04.23 10:30:16.826,0.98295,0.9831,16.20,17.60
2009.04.23 10:30:16.946,0.98295,0.98305,8.60,4.80
2009.04.23 10:30:19.056,0.98295,0.98305,9.80,4.80
2009.04.23 10:30:28.744,0.98305,0.9831,9.20,2.00
2009.04.23 10:30:29.093,0.9831,0.9832,1.20,19.20
2009.04.23 10:30:29.263,0.983,0.98315,8.00,14.40
2009.04.23 10:30:30.643,0.98315,0.98325,1.20,18.30
2009.04.23 10:30:31.043,0.9831,0.98315,9.60,9.60
2009.04.23 10:30:31.203,0.983,0.98315,8.00,12.80
2009.04.23 10:30:31.553,0.98305,0.9831,1.20,4.80
2009.04.23 10:30:34.003,0.9831,0.9832,3.80,4.80
2009.04.23 10:30:34.292,0.9831,0.9832,3.80,14.40
2009.04.23 10:30:34.762,0.9831,0.9832,3.80,19.20
2009.04.23 10:30:34.982,0.9831,0.9832,3.80,9.60
2009.04.23 10:30:35.452,0.98315,0.9832,1.20,4.80
2009.04.23 10:30:36.941,0.9831,0.98315,2.50,4.80
2009.04.23 10:30:37.181,0.9829,0.9831,9.20,9.60
2009.04.23 10:30:37.471,0.9829,0.9831,2.80,14.40
2009.04.23 10:30:38.241,0.9829,0.98305,23.00,8.00
2009.04.23 10:30:38.591,0.98295,0.98305,15.00,9.60
2009.04.23 10:30:38.941,0.98295,0.9831,2.80,14.40
2009.04.23 10:30:39.681,0.98305,0.9831,1.20,4.80
2009.04.23 10:30:39.851,0.98305,0.98315,1.20,18.60
2009.04.23 10:30:40.351,0.983,0.98315,27.00,9.00
2009.04.23 10:30:40.581,0.983,0.98315,28.60,4.80
2009.04.23 10:30:41.011,0.98315,0.98325,1.20,10.50
2009.04.23 10:30:41.410,0.98315,0.9832,1.20,4.80
2009.04.23 10:30:41.580,0.98315,0.98325,1.20,19.00
2009.04.23 10:30:43.100,0.98315,0.98325,1.20,18.80
2009.04.23 10:30:43.610,0.98315,0.9832,1.20,4.80
2009.04.23 10:30:44.090,0.9832,0.98325,2.60,7.40
2009.04.23 10:30:44.570,0.9832,0.9833,2.60,24.00
2009.04.23 10:30:44.870,0.9832,0.9833,3.80,19.20
2009.04.23 10:30:45.569,0.9832,0.9833,2.60,24.00
2009.04.23 10:30:45.859,0.98315,0.9832,6.60,9.60
2009.04.23 10:30:46.090,0.9831,0.9832,8.00,9.60
2009.04.23 10:30:46.499,0.98305,0.9832,2.80,19.20
2009.04.23 10:30:46.839,0.98305,0.98315,2.80,4.80
2009.04.23 10:30:47.260,0.983,0.98315,14.40,17.60
2009.04.23 10:30:47.619,0.983,0.9831,9.80,4.80
2009.04.23 10:30:47.979,0.983,0.9831,8.60,4.80
2009.04.23 10:30:48.449,0.98285,0.983,24.20,4.80
2009.04.23 10:30:48.929,0.98295,0.983,2.80,4.80
2009.04.23 10:30:50.319,0.98305,0.98315,1.20,10.40
2009.04.23 10:30:50.608,0.98305,0.9831,1.20,4.80
2009.04.23 10:30:52.468,0.98295,0.9831,9.20,14.40
2009.04.23 10:30:52.808,0.98295,0.98305,2.80,4.80
2009.04.23 10:30:53.377,0.98295,0.983,2.80,4.80
2009.04.23 10:30:53.737,0.983,0.9831,2.60,9.60
2009.04.23 10:30:54.067,0.983,0.98305,3.80,4.80
2009.04.23 10:30:54.647,0.983,0.98305,1.20,4.80
2009.04.23 10:30:54.947,0.983,0.98305,3.80,4.80
2009.04.23 10:30:55.300,0.9831,0.98315,3.80,4.80
2009.04.23 10:30:55.978,0.98315,0.9832,1.20,4.80
2009.04.23 10:30:56.388,0.98315,0.98325,1.20,16.00
2009.04.23 10:30:56.737,0.98305,0.9832,9.20,9.60
2009.04.23 10:30:57.736,0.98305,0.9832,9.20,14.40
2009.04.23 10:30:58.086,0.98315,0.9832,1.20,4.80
2009.04.23 10:30:58.626,0.9832,0.9833,1.20,19.20
2009.04.23 10:30:58.926,0.9832,0.9833,3.80,19.20
2009.04.23 10:30:59.846,0.9832,0.9833,11.80,14.40
2009.04.23 10:31:01.186,0.98315,0.9833,9.20,22.40
2009.04.23 10:31:06.105,0.9833,0.9834,8.00,20.80
2009.04.23 10:31:06.435,0.9833,0.9834,11.80,4.80
2009.04.23 10:31:06.955,0.9834,0.98345,1.20,9.60
2009.04.23 10:31:07.244,0.9834,0.9835,11.80,14.40
2009.04.23 10:31:08.114,0.98335,0.98345,9.20,9.60
2009.04.23 10:31:08.964,0.98335,0.98345,9.20,11.20
2009.04.23 10:31:09.833,0.98335,0.9834,1.60,15.20
2009.04.23 10:31:10.123,0.9832,0.9833,8.00,17.60
2009.04.23 10:31:10.363,0.98315,0.9833,8.60,22.40
2009.04.23 10:31:11.073,0.98305,0.98315,10.80,1.60
2009.04.23 10:31:11.533,0.98305,0.9832,9.80,9.60
2009.04.23 10:31:12.064,0.983,0.98305,23.00,1.60
2009.04.23 10:31:12.463,0.98305,0.98315,8.60,6.40
2009.04.23 10:31:12.803,0.983,0.98305,11.80,1.60
2009.04.23 10:31:13.153,0.98315,0.9832,1.20,13.60
2009.04.23 10:31:13.453,0.98315,0.9832,1.20,5.60
2009.04.23 10:31:13.803,0.98315,0.98325,1.20,9.30
2009.04.23 10:31:14.902,0.9832,0.9833,1.20,16.40
2009.04.23 10:31:15.242,0.9832,0.9833,3.80,18.80
2009.04.23 10:31:15.992,0.9832,0.9833,11.80,16.30
2009.04.23 10:31:16.682,0.98325,0.98335,1.20,24.00
2009.04.23 10:31:16.962,0.9832,0.98335,11.80,28.80
2009.04.23 10:31:17.911,0.9832,0.98335,20.60,19.20
2009.04.23 10:31:20.331,0.98315,0.9833,8.00,28.80
2009.04.23 10:31:20.781,0.9831,0.98325,12.60,4.80
2009.04.23 10:31:25.210,0.98315,0.98325,8.60,4.80
2009.04.23 10:31:25.490,0.9832,0.98325,1.20,4.80
2009.04.23 10:31:25.660,0.9832,0.9833,2.60,38.40
2009.04.23 10:31:26.310,0.9832,0.9833,2.60,33.60
2009.04.23 10:31:26.669,0.98315,0.98325,10.60,22.40
2009.04.23 10:31:27.129,0.98315,0.9832,10.60,8.00
2009.04.23 10:31:27.349,0.9831,0.9832,10.60,17.60
2009.04.23 10:31:30.248,0.9831,0.9832,2.60,17.60
2009.04.23 10:31:30.588,0.9831,0.98315,2.60,4.80
2009.04.23 10:31:30.818,0.983,0.9831,8.00,8.00
2009.04.23 10:31:31.728,0.98295,0.9831,16.60,8.00
2009.04.23 10:31:34.157,0.9829,0.9831,20.60,22.40
2009.04.23 10:31:35.087,0.98295,0.9831,8.00,22.40
2009.04.23 10:31:37.887,0.9829,0.9831,20.60,22.40
2009.04.23 10:31:40.926,0.98295,0.9831,8.00,17.60
2009.04.23 10:31:41.266,0.9829,0.9831,20.60,22.40
2009.04.23 10:31:46.655,0.98295,0.9831,16.60,12.80
2009.04.23 10:31:47.164,0.983,0.9831,8.60,12.80
2009.04.23 10:31:47.675,0.98295,0.9831,16.60,12.80
2009.04.23 10:31:50.324,0.98295,0.9831,16.60,8.00
2009.04.23 10:31:51.973,0.983,0.9831,16.60,8.00
2009.04.23 10:31:52.323,0.983,0.98305,20.60,1.60
2009.04.23 10:31:52.893,0.98305,0.98315,8.60,6.40
2009.04.23 10:31:54.313,0.98305,0.98315,8.60,11.20
2009.04.23 10:31:54.712,0.98305,0.98315,8.60,6.40
2009.04.23 10:32:00.171,0.98305,0.98315,8.60,14.40
2009.04.23 10:32:00.331,0.98305,0.98315,8.60,6.40
2009.04.23 10:32:00.841,0.983,0.98305,17.70,1.60
2009.04.23 10:32:06.660,0.98305,0.98315,8.60,19.20
2009.04.23 10:32:10.979,0.98305,0.98315,16.60,19.20
2009.04.23 10:32:11.139,0.98305,0.98315,8.60,19.20
2009.04.23 10:32:11.548,0.98305,0.98315,8.60,11.20
2009.04.23 10:32:11.969,0.98305,0.98315,8.60,4.80
2009.04.23 10:32:12.498,0.98305,0.9832,8.60,19.20
2009.04.23 10:32:12.928,0.98305,0.9832,16.60,19.20
2009.04.23 10:32:16.868,0.98305,0.9831,16.60,1.60
2009.04.23 10:32:19.017,0.98305,0.9831,17.80,1.60
2009.04.23 10:32:19.586,0.98305,0.9831,24.20,1.60
2009.04.23 10:32:22.836,0.98305,0.98315,24.20,9.60
2009.04.23 10:32:22.946,0.98305,0.98315,16.20,8.00
2009.04.23 10:32:23.516,0.98305,0.98315,9.80,8.00
2009.04.23 10:32:23.916,0.98305,0.98315,1.20,8.00
2009.04.23 10:32:38.132,0.983,0.9831,3.80,9.60
2009.04.23 10:32:38.312,0.98305,0.9831,1.20,11.20
2009.04.23 10:32:39.122,0.983,0.9831,10.60,11.20
2009.04.23 10:32:39.412,0.983,0.98305,8.00,9.60
2009.04.23 10:32:39.822,0.98295,0.98305,9.20,9.60
2009.04.23 10:32:40.002,0.98295,0.98305,1.20,9.60
2009.04.23 10:32:41.091,0.98295,0.98305,1.20,14.40
2009.04.23 10:32:42.241,0.98295,0.98305,1.20,9.60
2009.04.23 10:32:49.180,0.98295,0.98305,1.20,14.40
2009.04.23 10:32:52.299,0.98295,0.98305,1.20,14.40
2009.04.23 10:32:52.768,0.98295,0.98305,1.20,9.60
2009.04.23 10:32:53.218,0.98295,0.98305,1.20,14.40
2009.04.23 10:32:54.588,0.98295,0.98305,1.20,9.60
2009.04.23 10:32:55.358,0.9829,0.983,8.00,17.60
2009.04.23 10:32:55.588,0.98285,0.983,9.20,22.40
2009.04.23 10:32:57.047,0.9829,0.983,8.00,17.60
2009.04.23 10:32:57.167,0.98285,0.983,9.20,17.60
2009.04.23 10:32:57.747,0.98285,0.983,1.20,22.40
2009.04.23 10:32:59.397,0.98285,0.98295,8.00,15.80
2009.04.23 10:32:59.627,0.9828,0.9829,3.80,12.80
2009.04.23 10:32:59.907,0.9828,0.9829,3.80,8.00
2009.04.23 10:33:02.126,0.98285,0.98295,9.20,11.20
2009.04.23 10:33:11.404,0.9829,0.983,8.00,12.70
2009.04.23 10:33:20.502,0.98285,0.9829,9.20,1.60
2009.04.23 10:33:22.441,0.9829,0.983,8.00,12.70
2009.04.23 10:33:22.661,0.9829,0.983,8.00,17.60
2009.04.23 10:33:24.381,0.98285,0.983,9.20,17.60
2009.04.23 10:33:24.711,0.98285,0.983,9.20,22.40
2009.04.23 10:33:35.198,0.98285,0.983,9.20,27.20
2009.04.23 10:33:35.478,0.98285,0.983,9.20,29.60
2009.04.23 10:33:35.528,0.98285,0.98295,1.20,8.00
2009.04.23 10:33:50.624,0.9828,0.98295,11.80,12.80
2009.04.23 10:33:50.794,0.9828,0.9829,3.80,8.00
2009.04.23 10:33:51.084,0.9828,0.9829,3.80,12.80
2009.04.23 10:34:08.380,0.9828,0.9829,3.80,22.40
2009.04.23 10:34:16.119,0.98275,0.98285,4.40,8.00
2009.04.23 10:34:16.478,0.98275,0.98285,4.40,3.20
2009.04.23 10:34:17.678,0.9827,0.9828,22.60,8.00
2009.04.23 10:34:18.008,0.9827,0.9828,19.80,8.00
2009.04.23 10:34:18.238,0.9826,0.9827,20.60,3.20
2009.04.23 10:34:18.688,0.98265,0.98275,8.60,4.80
2009.04.23 10:34:19.257,0.98265,0.98275,8.60,6.40
2009.04.23 10:34:19.487,0.98265,0.98275,8.60,8.00
2009.04.23 10:34:19.947,0.98265,0.98275,8.60,4.80
2009.04.23 10:34:20.517,0.98265,0.98275,8.60,6.40
2009.04.23 10:34:21.317,0.98265,0.98275,8.60,11.20
2009.04.23 10:34:22.347,0.98265,0.98275,8.60,6.40
2009.04.23 10:34:22.636,0.98265,0.98275,8.60,8.00
2009.04.23 10:34:22.967,0.98265,0.98275,16.60,6.40
2009.04.23 10:34:23.017,0.98265,0.98275,16.60,4.80
2009.04.23 10:34:27.537,0.9827,0.98275,8.00,4.80
2009.04.23 10:34:30.235,0.98265,0.98275,16.60,6.40
2009.04.23 10:34:38.063,0.98265,0.98275,16.60,8.00
2009.04.23 10:34:39.093,0.98265,0.98275,16.60,6.40
2009.04.23 10:34:46.131,0.98265,0.98275,16.60,4.80
2009.04.23 10:34:51.880,0.9827,0.98275,2.60,4.80
2009.04.23 10:34:52.170,0.9827,0.9828,2.60,9.60
2009.04.23 10:34:53.219,0.9827,0.98285,3.80,22.40
2009.04.23 10:34:53.609,0.98275,0.98285,1.20,16.00
2009.04.23 10:34:58.408,0.98275,0.98285,1.20,17.60
2009.04.23 10:34:58.698,0.9827,0.98285,3.80,22.40
2009.04.23 10:34:58.808,0.98275,0.98285,1.20,16.00
2009.04.23 10:35:02.728,0.98275,0.98285,4.40,16.00
2009.04.23 10:35:03.247,0.98275,0.98285,9.20,9.60
2009.04.23 10:35:03.647,0.98275,0.9829,17.80,24.00
2009.04.23 10:35:03.757,0.98275,0.9829,9.80,24.00
2009.04.23 10:35:05.746,0.98275,0.9829,9.80,25.60
2009.04.23 10:35:05.916,0.98275,0.9829,9.80,27.20
2009.04.23 10:35:11.335,0.9828,0.9829,1.20,14.40
2009.04.23 10:35:11.625,0.9828,0.9829,3.80,14.40
2009.04.23 10:35:12.695,0.9828,0.9829,3.80,4.80
2009.04.23 10:35:13.344,0.9828,0.9829,3.80,14.40
2009.04.23 10:35:15.664,0.9828,0.9829,3.80,4.80
2009.04.23 10:35:17.633,0.9828,0.9829,11.80,4.80
2009.04.23 10:35:18.043,0.9828,0.9829,8.00,6.40
2009.04.23 10:35:18.333,0.9828,0.9829,8.00,4.80
2009.04.23 10:35:18.503,0.9828,0.9829,11.80,4.80
2009.04.23 10:35:19.083,0.98285,0.98295,1.20,11.20
2009.04.23 10:35:36.109,0.98275,0.98285,1.20,16.00
2009.04.23 10:35:39.538,0.9827,0.9828,1.20,9.60
2009.04.23 10:35:39.998,0.9827,0.98275,3.80,4.80
2009.04.23 10:35:40.178,0.9827,0.98275,2.60,4.80
2009.04.23 10:35:40.358,0.9827,0.9828,2.60,14.40
2009.04.23 10:35:42.807,0.9827,0.9828,2.60,9.60
2009.04.23 10:35:45.437,0.9827,0.9828,2.60,14.40
2009.04.23 10:35:46.486,0.9827,0.9828,2.60,9.60
2009.04.23 10:35:53.555,0.9827,0.9828,10.60,9.60
2009.04.23 10:35:53.734,0.9827,0.9828,19.40,9.60
2009.04.23 10:35:54.134,0.98275,0.98285,1.20,4.80
2009.04.23 10:35:54.534,0.98275,0.9829,2.80,25.60
2009.04.23 10:35:54.945,0.98275,0.9829,1.20,25.60
2009.04.23 10:35:57.284,0.98275,0.9829,1.20,27.20
2009.04.23 10:35:57.464,0.98275,0.9829,9.20,32.80
2009.04.23 10:35:57.923,0.98275,0.98285,1.20,4.80
2009.04.23 10:35:58.103,0.98275,0.98285,1.20,6.40
2009.04.23 10:36:00.143,0.98275,0.98285,4.40,6.40
2009.04.23 10:36:00.623,0.98275,0.98285,4.40,4.80
2009.04.23 10:36:00.913,0.98275,0.98285,1.20,4.80
2009.04.23 10:36:06.501,0.9828,0.9829,3.80,14.40
2009.04.23 10:36:18.269,0.98275,0.9829,9.20,20.80
2009.04.23 10:36:18.549,0.98275,0.9829,12.40,25.60
2009.04.23 10:36:18.829,0.98275,0.9829,14.60,4.80
2009.04.23 10:36:19.298,0.98275,0.9829,22.60,4.80
2009.04.23 10:36:20.258,0.98275,0.9829,21.00,4.80
2009.04.23 10:36:22.847,0.98275,0.9829,13.00,4.80
2009.04.23 10:36:23.237,0.98275,0.9829,14.60,4.80
2009.04.23 10:36:23.477,0.98275,0.9829,11.40,4.80
2009.04.23 10:36:32.005,0.9828,0.9829,3.80,14.40
2009.04.23 10:36:46.922,0.9828,0.9829,5.40,16.00
2009.04.23 10:36:47.262,0.9828,0.9829,1.20,20.80
2009.04.23 10:36:48.721,0.98275,0.9829,2.80,25.60
2009.04.23 10:37:00.508,0.98275,0.9829,1.20,24.00
2009.04.23 10:37:00.618,0.98275,0.9829,2.80,25.60
2009.04.23 10:37:01.688,0.98275,0.9829,2.80,27.20
2009.04.23 10:37:03.648,0.98275,0.9829,4.40,27.20
2009.04.23 10:37:03.708,0.98275,0.9829,4.40,22.40
2009.04.23 10:37:04.227,0.98275,0.9829,9.20,25.60
2009.04.23 10:37:04.507,0.98275,0.9829,12.40,25.60
2009.04.23 10:37:04.967,0.98275,0.9829,14.00,20.80
2009.04.23 10:37:05.497,0.98275,0.9829,11.40,14.40
2009.04.23 10:37:06.007,0.9828,0.9829,2.60,14.40
2009.04.23 10:37:06.247,0.98275,0.9829,11.40,14.40
2009.04.23 10:37:07.337,0.98275,0.9829,9.80,16.00
2009.04.23 10:37:11.906,0.98275,0.98285,4.40,4.80
2009.04.23 10:37:12.545,0.9827,0.9828,12.60,4.80
2009.04.23 10:37:15.995,0.9827,0.9828,11.40,9.60
2009.04.23 10:37:39.429,0.9827,0.9828,11.40,4.80
2009.04.23 10:37:41.419,0.9827,0.9828,11.40,9.60
2009.04.23 10:37:50.146,0.9827,0.9828,2.60,9.60
2009.04.23 10:37:50.256,0.9827,0.9828,10.60,9.60
2009.04.23 10:37:50.676,0.9827,0.9828,2.60,9.60
2009.04.23 10:38:02.134,0.9827,0.9828,2.60,9.60
2009.04.23 10:38:13.321,0.9827,0.9828,2.60,11.20
2009.04.23 10:38:16.280,0.9827,0.9828,2.60,12.80
2009.04.23 10:38:17.890,0.9827,0.9828,2.60,20.80
2009.04.23 10:38:26.868,0.9827,0.9828,2.60,19.20
2009.04.23 10:38:36.525,0.9826,0.9828,20.60,25.60
2009.04.23 10:38:43.723,0.9826,0.9827,20.60,1.60
2009.04.23 10:38:44.164,0.9826,0.9828,20.60,27.20
2009.04.23 10:38:46.792,0.9826,0.98275,20.60,9.60
2009.04.23 10:38:55.361,0.9826,0.98275,20.60,11.20
2009.04.23 10:38:55.650,0.9826,0.98275,20.60,9.60
2009.04.23 10:39:00.739,0.9826,0.98275,19.40,14.40
2009.04.23 10:39:01.299,0.9826,0.9827,11.40,4.80
2009.04.23 10:39:07.488,0.9826,0.9827,2.60,4.80
2009.04.23 10:39:08.408,0.9826,0.9827,2.60,14.40
2009.04.23 10:39:08.518,0.98255,0.9827,8.00,19.20
2009.04.23 10:39:09.067,0.98255,0.9827,8.00,24.00
2009.04.23 10:39:10.177,0.9825,0.9827,20.60,25.60
2009.04.23 10:39:16.135,0.9825,0.9826,19.40,4.80
2009.04.23 10:39:16.245,0.9825,0.9826,8.00,17.60
2009.04.23 10:39:16.596,0.98245,0.9826,9.00,24.80
2009.04.23 10:39:16.765,0.9824,0.98255,30.20,4.80
2009.04.23 10:39:17.005,0.9824,0.98255,31.80,4.80
2009.04.23 10:39:17.345,0.98245,0.98265,19.80,20.80
2009.04.23 10:39:21.324,0.98245,0.9826,19.80,9.60
2009.04.23 10:39:22.124,0.9825,0.9826,8.00,9.60
2009.04.23 10:39:22.404,0.9825,0.98265,9.20,11.20
2009.04.23 10:39:22.994,0.9825,0.98265,11.80,11.20
2009.04.23 10:39:23.294,0.9825,0.98265,11.80,9.60
2009.04.23 10:39:25.384,0.9825,0.98265,11.80,11.20
2009.04.23 10:39:30.562,0.9825,0.98255,2.60,14.40
2009.04.23 10:39:30.792,0.9824,0.98255,9.60,14.40
2009.04.23 10:39:31.192,0.98235,0.98245,8.00,16.80
2009.04.23 10:39:31.582,0.9824,0.9825,1.60,20.00
2009.04.23 10:39:31.762,0.9824,0.9825,1.60,14.40
2009.04.23 10:39:32.222,0.98235,0.9825,10.40,4.80
2009.04.23 10:39:33.101,0.98235,0.9825,10.20,4.80
2009.04.23 10:39:35.201,0.98245,0.98255,1.20,14.40
2009.04.23 10:39:35.481,0.9824,0.9825,1.60,19.20
2009.04.23 10:39:35.761,0.9824,0.9825,8.00,14.40
2009.04.23 10:39:36.001,0.9824,0.9825,8.00,4.80
2009.04.23 10:39:36.460,0.9824,0.9825,8.00,14.40
2009.04.23 10:39:37.490,0.9824,0.98255,11.80,20.80
2009.04.23 10:39:38.240,0.9824,0.98255,8.00,16.00
2009.04.23 10:39:38.410,0.98245,0.98255,8.00,16.00
2009.04.23 10:39:43.239,0.98245,0.98255,8.00,6.40
2009.04.23 10:39:44.099,0.98245,0.98255,8.00,14.40
2009.04.23 10:39:44.998,0.98245,0.98255,8.00,16.00
2009.04.23 10:39:47.558,0.9824,0.98255,8.00,16.00
2009.04.23 10:39:50.907,0.98245,0.98255,8.00,16.00
2009.04.23 10:39:53.956,0.9824,0.98255,8.00,16.00
2009.04.23 10:40:01.105,0.9824,0.98245,1.60,9.60
2009.04.23 10:40:01.634,0.9823,0.98245,11.80,9.60
2009.04.23 10:40:03.004,0.9823,0.98245,11.80,10.00
2009.04.23 10:40:03.294,0.9823,0.98245,11.80,9.60
2009.04.23 10:40:07.113,0.9823,0.98245,3.80,14.40
2009.04.23 10:40:08.123,0.9823,0.98245,12.60,14.40
2009.04.23 10:40:10.652,0.98235,0.98245,4.40,4.80
2009.04.23 10:40:10.832,0.98235,0.9825,4.40,24.00
2009.04.23 10:40:11.232,0.9824,0.9825,2.60,24.00
2009.04.23 10:40:11.792,0.98235,0.98255,22.60,16.00
2009.04.23 10:40:11.912,0.98235,0.98255,17.80,16.00
2009.04.23 10:40:12.302,0.98235,0.9825,9.80,4.80
2009.04.23 10:40:12.872,0.98235,0.98255,17.80,18.40
2009.04.23 10:40:18.060,0.9824,0.9825,8.00,22.40
2009.04.23 10:40:19.050,0.9824,0.9825,8.00,20.80
2009.04.23 10:40:21.020,0.98235,0.9825,8.00,20.80
2009.04.23 10:40:26.079,0.9824,0.9825,1.60,24.00
2009.04.23 10:40:27.168,0.9823,0.9825,22.20,24.00
2009.04.23 10:40:27.918,0.9824,0.9825,3.20,24.00
2009.04.23 10:40:30.878,0.98235,0.9825,13.00,4.80
2009.04.23 10:40:31.237,0.9825,0.98255,8.00,4.80
2009.04.23 10:40:31.688,0.9824,0.98255,22.20,4.80
2009.04.23 10:40:32.677,0.9824,0.98255,22.20,9.60
2009.04.23 10:40:33.327,0.9825,0.98255,1.00,9.60
2009.04.23 10:40:35.606,0.9824,0.98255,20.60,9.60
2009.04.23 10:40:35.846,0.9824,0.98255,19.40,4.80
2009.04.23 10:40:36.016,0.9824,0.98255,9.20,19.20
2009.04.23 10:40:36.366,0.9824,0.98255,8.00,14.40
2009.04.23 10:40:36.786,0.98235,0.98255,19.40,14.40
2009.04.23 10:40:37.136,0.98235,0.9825,11.40,4.80
2009.04.23 10:40:48.553,0.98235,0.9825,19.40,4.80
2009.04.23 10:40:48.843,0.98235,0.98255,19.40,14.40
2009.04.23 10:40:49.313,0.98235,0.9825,11.40,4.80
2009.04.23 10:40:51.033,0.98235,0.9825,19.40,4.80
2009.04.23 10:40:51.362,0.98235,0.9825,11.40,4.80
2009.04.23 10:40:52.032,0.98235,0.98255,19.40,14.40
2009.04.23 10:40:52.552,0.9824,0.98255,8.00,9.60
2009.04.23 10:40:53.642,0.9824,0.98255,8.00,14.40
2009.04.23 10:40:57.221,0.9823,0.9825,22.20,25.60
2009.04.23 10:40:58.651,0.98235,0.9825,8.00,20.80
2009.04.23 10:40:58.890,0.98235,0.9825,9.60,19.20
2009.04.23 10:40:59.291,0.9824,0.9825,1.60,24.00
2009.04.23 10:41:00.580,0.98235,0.9825,9.60,24.00
2009.04.23 10:41:00.930,0.9824,0.9825,1.60,24.00
2009.04.23 10:41:02.090,0.9824,0.98245,1.60,4.80
2009.04.23 10:41:02.320,0.9824,0.9825,1.60,24.00
2009.04.23 10:41:03.300,0.98235,0.9825,19.40,4.80
2009.04.23 10:41:04.299,0.98235,0.9825,11.40,4.80
2009.04.23 10:41:04.709,0.98235,0.9824,8.00,1.60
2009.04.23 10:41:05.169,0.9823,0.9825,20.60,27.20
2009.04.23 10:41:06.119,0.9823,0.98245,20.60,3.20
2009.04.23 10:41:07.129,0.9823,0.98245,20.60,12.80
2009.04.23 10:41:07.368,0.9823,0.98235,20.60,1.60
2009.04.23 10:41:11.867,0.9823,0.9824,12.60,4.80
2009.04.23 10:41:20.305,0.9823,0.9824,20.60,1.60
2009.04.23 10:41:21.935,0.98235,0.9824,8.00,1.60
2009.04.23 10:41:29.463,0.98235,0.9825,8.00,20.80
2009.04.23 10:41:31.063,0.9823,0.98245,20.60,9.60
2009.04.23 10:41:35.302,0.9823,0.98245,10.60,16.00
2009.04.23 10:41:35.803,0.9823,0.9824,2.60,4.80
2009.04.23 10:41:37.202,0.9823,0.98235,2.60,4.80
2009.04.23 10:41:37.531,0.9823,0.9824,2.60,14.40
2009.04.23 10:41:37.871,0.9822,0.9823,19.40,1.60
2009.04.23 10:41:40.311,0.9823,0.98235,2.60,13.40
2009.04.23 10:41:40.711,0.9822,0.9823,2.60,19.20
2009.04.23 10:41:41.161,0.98215,0.9823,9.20,9.60
2009.04.23 10:41:41.640,0.9822,0.9823,1.60,14.40
2009.04.23 10:41:43.460,0.9822,0.9823,4.40,14.40
2009.04.23 10:41:43.640,0.9822,0.9823,3.80,9.60
2009.04.23 10:41:44.160,0.9822,0.98235,11.80,9.60
2009.04.23 10:41:44.670,0.9822,0.98235,3.80,14.40
2009.04.23 10:41:45.699,0.9822,0.98235,5.40,14.40
2009.04.23 10:41:49.818,0.9822,0.9823,5.40,4.80
2009.04.23 10:41:55.957,0.9822,0.98235,5.40,14.40
2009.04.23 10:41:56.697,0.9822,0.98235,13.40,9.60
2009.04.23 10:41:57.227,0.9822,0.98235,14.20,4.80
2009.04.23 10:41:57.636,0.9822,0.98235,22.20,4.80
2009.04.23 10:41:58.546,0.9823,0.98235,1.60,4.80
2009.04.23 10:41:58.906,0.9823,0.9824,1.60,24.00
2009.04.23 10:41:59.086,0.9822,0.9824,22.20,25.60
2009.04.23 10:42:00.356,0.9822,0.9824,20.60,24.00
2009.04.23 10:42:00.836,0.9822,0.9824,22.20,25.60
2009.04.23 10:42:15.422,0.9822,0.9824,20.60,25.60
2009.04.23 10:42:22.330,0.98225,0.9824,8.00,20.80
2009.04.23 10:42:22.720,0.9822,0.98235,14.20,4.80
2009.04.23 10:42:27.339,0.9823,0.98235,1.60,4.80
2009.04.23 10:42:30.768,0.9823,0.9824,1.60,24.00
2009.04.23 10:42:30.878,0.98225,0.9824,10.20,9.60
2009.04.23 10:42:31.048,0.98225,0.9824,11.40,4.80
2009.04.23 10:42:31.508,0.9823,0.9824,16.60,1.60
2009.04.23 10:42:31.788,0.9823,0.9824,17.80,1.60
2009.04.23 10:42:32.068,0.9823,0.9825,22.20,24.00
2009.04.23 10:42:32.528,0.9824,0.9825,1.60,24.00
2009.04.23 10:42:32.998,0.98235,0.9825,9.60,24.00
2009.04.23 10:42:35.047,0.9824,0.9825,1.60,24.00
2009.04.23 10:42:35.447,0.9823,0.98245,19.40,6.40
2009.04.23 10:42:35.837,0.9823,0.9824,20.60,1.60
2009.04.23 10:42:35.957,0.9824,0.9825,1.60,24.00
2009.04.23 10:42:37.127,0.98235,0.9825,9.60,19.20
2009.04.23 10:42:37.247,0.9824,0.9825,1.60,24.00
2009.04.23 10:42:39.896,0.9823,0.9825,22.20,24.00
2009.04.23 10:42:50.004,0.9823,0.9825,28.60,24.00
2009.04.23 10:42:56.903,0.9823,0.9825,22.20,25.60
2009.04.23 10:42:59.591,0.9823,0.9825,28.60,25.60
2009.04.23 10:43:00.111,0.98235,0.9825,8.00,25.60
2009.04.23 10:43:00.231,0.9823,0.9825,28.60,25.60
2009.04.23 10:43:24.335,0.9823,0.98245,28.60,4.80
2009.04.23 10:43:24.515,0.9823,0.9825,28.60,25.60
2009.04.23 10:43:28.754,0.9823,0.9825,22.20,24.00
2009.04.23 10:43:29.204,0.98235,0.9825,8.00,24.00
2009.04.23 10:43:29.374,0.9823,0.9825,22.20,24.00
2009.04.23 10:43:29.884,0.9823,0.98245,14.20,4.80
2009.04.23 10:43:30.064,0.9823,0.9825,22.20,25.60
2009.04.23 10:43:31.513,0.9823,0.9825,22.20,27.20
2009.04.23 10:43:31.624,0.9823,0.9824,14.20,4.80
2009.04.23 10:43:31.864,0.9823,0.9824,12.60,4.80
2009.04.23 10:43:32.034,0.9823,0.98245,22.20,14.40
2009.04.23 10:43:32.443,0.9823,0.98245,22.20,9.60
2009.04.23 10:43:33.856,0.9823,0.9825,22.20,25.60
2009.04.23 10:43:35.952,0.9823,0.98245,22.20,4.80
2009.04.23 10:43:39.392,0.9823,0.9825,22.20,25.60
2009.04.23 10:43:39.842,0.9823,0.98245,22.20,4.80
2009.04.23 10:43:45.180,0.9823,0.9825,22.20,24.00
2009.04.23 10:43:45.240,0.9823,0.98245,22.20,4.80
2009.04.23 10:43:46.830,0.9823,0.9824,14.20,4.80
2009.04.23 10:43:47.170,0.9823,0.98245,14.20,4.80
2009.04.23 10:43:48.060,0.9823,0.98245,22.20,4.80
2009.04.23 10:43:48.410,0.9823,0.9824,2.60,4.80
2009.04.23 10:43:48.989,0.9823,0.9824,2.60,9.60
2009.04.23 10:43:49.339,0.98225,0.9823,8.30,4.80
2009.04.23 10:43:49.729,0.98225,0.9823,2.80,4.80
2009.04.23 10:43:49.959,0.98225,0.9824,8.00,20.80
2009.04.23 10:43:51.569,0.9822,0.9824,20.60,22.40
2009.04.23 10:43:51.798,0.9822,0.9824,12.60,25.60
2009.04.23 10:43:52.319,0.9822,0.9824,20.60,20.80
2009.04.23 10:43:55.908,0.9822,0.9824,12.60,25.60
2009.04.23 10:44:03.206,0.9822,0.9824,14.20,25.60
2009.04.23 10:44:08.485,0.9823,0.9824,2.60,19.20
2009.04.23 10:44:09.274,0.9823,0.9824,2.60,14.40
2009.04.23 10:44:23.181,0.9823,0.9824,2.60,4.80
2009.04.23 10:44:24.611,0.98225,0.9823,7.70,4.80
2009.04.23 10:44:24.841,0.9822,0.9823,22.60,4.80
2009.04.23 10:44:25.181,0.9822,0.9823,19.40,9.60
2009.04.23 10:44:25.291,0.9822,0.9823,11.40,9.60
2009.04.23 10:44:25.580,0.9822,0.9823,12.60,4.80
2009.04.23 10:44:25.691,0.9822,0.9824,14.20,28.80
2009.04.23 10:44:25.920,0.9822,0.9824,14.20,25.60
2009.04.23 10:44:26.730,0.98225,0.9824,8.60,16.00
2009.04.23 10:44:33.209,0.98225,0.98235,8.60,4.80
2009.04.23 10:44:33.599,0.9822,0.98235,8.60,11.20
2009.04.23 10:44:33.948,0.9822,0.98225,8.60,4.80
2009.04.23 10:44:34.348,0.98215,0.98235,10.20,20.80
2009.04.23 10:44:34.968,0.98215,0.98235,16.60,20.80
2009.04.23 10:44:37.507,0.9822,0.98235,15.00,11.20
2009.04.23 10:44:38.178,0.9822,0.98235,15.00,6.40
2009.04.23 10:44:38.977,0.9822,0.98235,23.00,6.40
2009.04.23 10:44:39.537,0.9822,0.98235,15.00,11.20
2009.04.23 10:44:40.117,0.9822,0.9823,6.40,9.60
2009.04.23 10:44:40.407,0.9822,0.9823,6.40,11.20
2009.04.23 10:44:40.737,0.98215,0.9822,16.60,4.80
2009.04.23 10:44:41.087,0.98215,0.98225,16.60,4.80
2009.04.23 10:44:42.047,0.9822,0.98235,8.60,12.00
2009.04.23 10:44:42.806,0.9822,0.98235,8.60,11.20
2009.04.23 10:44:48.165,0.9822,0.98235,8.60,23.20
2009.04.23 10:44:51.275,0.9822,0.98225,8.60,4.80
2009.04.23 10:44:52.454,0.9822,0.98225,8.60,3.20
2009.04.23 10:45:01.102,0.98225,0.9824,15.00,14.40
2009.04.23 10:45:02.532,0.98225,0.9824,15.00,16.00
2009.04.23 10:45:04.481,0.98225,0.9823,15.00,1.60
2009.04.23 10:45:06.061,0.98225,0.9824,15.00,11.20
2009.04.23 10:45:06.711,0.98225,0.9824,15.00,16.00
2009.04.23 10:45:06.950,0.98225,0.9823,15.00,1.60
2009.04.23 10:45:07.450,0.98225,0.9824,15.00,16.00
2009.04.23 10:45:19.588,0.98225,0.9824,8.60,16.00
2009.04.23 10:45:21.867,0.98225,0.9823,8.60,1.60
2009.04.23 10:45:26.566,0.98225,0.9824,8.60,16.00
2009.04.23 10:45:27.526,0.98225,0.9824,10.20,14.40
2009.04.23 10:45:30.145,0.98225,0.9824,8.60,16.00
2009.04.23 10:45:32.084,0.98225,0.9824,8.60,11.20
2009.04.23 10:45:34.394,0.98225,0.9824,10.20,9.60
2009.04.23 10:45:44.972,0.98225,0.9824,8.60,11.20
2009.04.23 10:45:45.891,0.98225,0.9824,8.60,16.00
2009.04.23 10:46:08.546,0.98225,0.9824,8.60,11.20
2009.04.23 10:46:09.056,0.98225,0.9824,10.20,9.60
2009.04.23 10:46:09.666,0.98225,0.9824,16.60,4.80
2009.04.23 10:46:09.895,0.9823,0.98245,2.80,19.60
2009.04.23 10:46:10.018,0.98225,0.98245,16.60,6.40
2009.04.23 10:46:10.595,0.9823,0.98255,17.80,17.60
2009.04.23 10:46:10.945,0.9823,0.98255,20.60,14.40
2009.04.23 10:46:11.295,0.9824,0.98255,1.60,14.40
2009.04.23 10:46:11.475,0.9824,0.98255,1.60,13.60
2009.04.23 10:46:12.645,0.9824,0.98255,1.60,13.80
2009.04.23 10:46:13.064,0.98235,0.98255,9.60,8.80
2009.04.23 10:46:13.514,0.9824,0.98255,1.60,13.80
2009.04.23 10:46:14.484,0.9823,0.98255,28.60,13.80
2009.04.23 10:46:14.704,0.9823,0.98255,20.60,13.80
2009.04.23 10:46:15.724,0.98235,0.98255,6.40,13.80
2009.04.23 10:46:22.532,0.98235,0.98255,6.40,13.40
2009.04.23 10:46:22.652,0.98235,0.98255,6.40,13.60
2009.04.23 10:46:23.712,0.98235,0.9825,6.40,4.80
2009.04.23 10:46:24.042,0.9823,0.9825,20.60,4.80
2009.04.23 10:46:24.542,0.9823,0.9825,19.00,6.40
2009.04.23 10:46:24.662,0.9823,0.9825,19.00,11.20
2009.04.23 10:46:31.480,0.9823,0.9825,20.60,4.80
2009.04.23 10:46:31.980,0.9823,0.9825,20.60,6.40
2009.04.23 10:46:32.380,0.9823,0.98255,20.60,20.00
2009.04.23 10:46:32.660,0.9824,0.98255,1.60,20.00
2009.04.23 10:46:32.830,0.9824,0.98255,1.60,15.20
2009.04.23 10:46:36.699,0.9823,0.9825,20.60,4.80
2009.04.23 10:46:36.759,0.9824,0.9825,1.60,4.80
2009.04.23 10:46:36.869,0.9824,0.9825,1.60,9.60
2009.04.23 10:46:37.169,0.9824,0.98255,1.60,20.00
2009.04.23 10:46:37.229,0.9823,0.98255,20.60,20.00
2009.04.23 10:46:37.349,0.9823,0.98255,20.60,20.20
2009.04.23 10:46:37.509,0.9823,0.98255,20.60,20.40
2009.04.23 10:46:38.038,0.9824,0.9825,1.60,9.60
2009.04.23 10:46:44.577,0.9823,0.9825,28.60,11.20
2009.04.23 10:46:45.037,0.9823,0.9825,20.60,11.20
2009.04.23 10:46:48.996,0.9823,0.9824,19.00,1.60
2009.04.23 10:46:49.236,0.9823,0.98245,9.00,6.40
2009.04.23 10:46:49.416,0.9823,0.9824,10.20,1.60
2009.04.23 10:46:49.716,0.9823,0.9824,10.20,1.80
2009.04.23 10:46:49.885,0.9823,0.9824,3.80,1.80
2009.04.23 10:46:51.965,0.9823,0.9824,3.80,1.60
2009.04.23 10:46:53.115,0.9823,0.9824,3.80,1.80
2009.04.23 10:46:53.535,0.9823,0.9824,2.60,4.80
2009.04.23 10:47:04.322,0.98225,0.98235,10.20,4.80
2009.04.23 10:47:04.432,0.9822,0.98235,13.40,4.80
2009.04.23 10:47:04.732,0.9822,0.98235,11.80,5.20
2009.04.23 10:47:04.902,0.9822,0.9823,9.00,4.80
2009.04.23 10:47:05.012,0.9822,0.98235,3.80,7.20
2009.04.23 10:47:05.462,0.9822,0.98235,3.80,4.80
2009.04.23 10:47:05.922,0.9822,0.9824,11.80,25.60
2009.04.23 10:47:06.262,0.9822,0.9824,11.80,11.20
2009.04.23 10:47:07.791,0.9822,0.9824,11.80,16.00
2009.04.23 10:47:08.191,0.9822,0.9824,11.80,11.20
2009.04.23 10:47:08.661,0.9822,0.9824,11.80,16.00
2009.04.23 10:47:09.641,0.9822,0.9824,11.80,17.60
2009.04.23 10:47:09.881,0.9822,0.9824,20.60,27.20
2009.04.23 10:47:10.161,0.9822,0.9823,20.60,3.20
2009.04.23 10:47:10.211,0.9822,0.98235,11.80,13.60
2009.04.23 10:47:10.261,0.9822,0.9823,3.80,4.80
2009.04.23 10:47:10.600,0.9822,0.98225,2.60,4.80
2009.04.23 10:47:10.881,0.9821,0.98225,3.80,17.20
2009.04.23 10:47:11.690,0.9821,0.9822,2.60,4.80
2009.04.23 10:47:11.860,0.9821,0.9822,2.60,19.20
2009.04.23 10:47:14.799,0.9821,0.9822,2.60,9.60
2009.04.23 10:47:19.139,0.9821,0.9822,3.80,4.80
2009.04.23 10:47:19.598,0.9821,0.98225,10.20,15.00
2009.04.23 10:47:19.699,0.9821,0.98225,19.00,5.40
2009.04.23 10:47:22.508,0.9821,0.98225,17.80,5.40
2009.04.23 10:47:22.618,0.982,0.98215,19.40,4.80
2009.04.23 10:47:22.908,0.98205,0.98215,6.40,4.80
2009.04.23 10:47:23.247,0.982,0.9822,14.20,19.20
2009.04.23 10:47:23.358,0.982,0.9822,14.20,24.00
2009.04.23 10:47:23.697,0.982,0.9822,12.60,24.00
2009.04.23 10:47:24.037,0.9821,0.9822,2.60,19.20
2009.04.23 10:47:24.387,0.9821,0.98215,1.60,9.60
2009.04.23 10:47:25.587,0.982,0.98215,14.20,9.60
2009.04.23 10:47:26.567,0.982,0.98215,12.60,16.00
2009.04.23 10:47:27.086,0.982,0.98215,3.80,16.00
2009.04.23 10:47:28.586,0.982,0.98215,5.40,14.40
2009.04.23 10:47:28.876,0.982,0.98215,2.60,19.20
2009.04.23 10:47:29.166,0.982,0.9821,2.60,4.80
2009.04.23 10:47:29.686,0.982,0.9821,2.60,14.40
2009.04.23 10:47:31.106,0.982,0.9821,2.60,16.00
2009.04.23 10:47:31.336,0.982,0.98205,2.60,11.20
2009.04.23 10:47:31.506,0.9819,0.98205,11.80,11.20
2009.04.23 10:47:31.805,0.9819,0.982,10.60,4.80
2009.04.23 10:47:31.986,0.9818,0.98195,3.80,11.20
2009.04.23 10:47:32.625,0.98175,0.98195,32.80,10.40
2009.04.23 10:47:32.736,0.9818,0.98195,2.80,14.40
2009.04.23 10:47:33.205,0.98175,0.9819,11.40,9.60
2009.04.23 10:47:34.035,0.98175,0.9819,2.80,9.60
2009.04.23 10:47:34.505,0.9818,0.9819,2.60,4.80
2009.04.23 10:47:34.795,0.9818,0.9819,2.60,14.40
2009.04.23 10:47:35.025,0.9818,0.98185,2.60,9.60
2009.04.23 10:47:35.495,0.9817,0.98185,12.60,9.60
2009.04.23 10:47:37.754,0.9817,0.9819,20.60,25.60
2009.04.23 10:47:38.264,0.9817,0.9819,20.60,20.80
2009.04.23 10:47:39.004,0.9817,0.9819,20.60,25.60
2009.04.23 10:47:41.513,0.9817,0.9819,20.60,24.00
2009.04.23 10:47:43.013,0.9817,0.9818,20.60,1.00
2009.04.23 10:47:43.132,0.9817,0.98185,14.20,10.80
2009.04.23 10:47:43.473,0.9818,0.98185,1.60,10.80
2009.04.23 10:47:43.813,0.9818,0.9819,1.60,24.00
2009.04.23 10:47:44.383,0.9818,0.9819,1.60,19.20
2009.04.23 10:47:44.732,0.98175,0.9819,10.20,19.20
2009.04.23 10:47:54.430,0.98175,0.9818,10.20,4.80
2009.04.23 10:47:54.660,0.9817,0.9818,19.40,9.60
2009.04.23 10:47:55.060,0.9817,0.9818,13.00,9.60
2009.04.23 10:47:55.700,0.9817,0.9819,14.20,34.40
2009.04.23 10:47:56.210,0.9818,0.9819,1.60,19.20
2009.04.23 10:47:57.639,0.9817,0.9819,19.00,19.20
2009.04.23 10:47:57.869,0.9817,0.98185,19.00,4.80
2009.04.23 10:47:59.180,0.9817,0.98185,20.60,4.80
2009.04.23 10:48:02.508,0.98175,0.9819,10.20,19.20
2009.04.23 10:48:03.178,0.98175,0.9819,18.20,19.20
2009.04.23 10:48:03.598,0.98175,0.9819,18.20,14.40
2009.04.23 10:48:03.778,0.98185,0.9819,1.60,9.60
2009.04.23 10:48:04.068,0.98185,0.98195,1.60,15.00
2009.04.23 10:48:04.807,0.98185,0.98195,1.60,14.40
2009.04.23 10:48:05.487,0.9818,0.98195,10.20,14.40
2009.04.23 10:48:10.616,0.9818,0.98195,10.20,14.40
2009.04.23 10:48:10.856,0.9818,0.98195,8.60,14.60
2009.04.23 10:48:11.366,0.9818,0.98195,8.60,14.40
2009.04.23 10:48:11.646,0.9819,0.98195,1.60,14.40
2009.04.23 10:48:11.826,0.9819,0.98195,1.60,9.60
2009.04.23 10:48:12.526,0.98185,0.98195,9.60,9.60
2009.04.23 10:48:12.926,0.9819,0.982,1.60,19.20
2009.04.23 10:48:16.394,0.9819,0.98195,1.60,9.60
2009.04.23 10:48:16.675,0.9818,0.98195,20.60,9.60
2009.04.23 10:48:19.354,0.9818,0.98195,19.40,14.40
2009.04.23 10:48:19.464,0.9818,0.98195,13.00,14.40
2009.04.23 10:48:19.814,0.9818,0.9819,13.00,4.80
2009.04.23 10:48:23.173,0.9818,0.9819,5.40,4.80
2009.04.23 10:48:23.503,0.9818,0.98195,5.40,9.60
2009.04.23 10:48:32.861,0.9818,0.98195,5.40,9.80
2009.04.23 10:48:33.161,0.9819,0.98195,1.60,10.20
2009.04.23 10:48:33.281,0.9818,0.98195,5.40,10.20
2009.04.23 10:48:34.764,0.9819,0.98195,2.60,10.20
2009.04.23 10:48:34.880,0.9818,0.98195,3.80,10.20
2009.04.23 10:48:36.670,0.98185,0.98195,2.80,10.20
2009.04.23 10:48:36.830,0.98185,0.982,2.80,19.20
2009.04.23 10:48:37.249,0.9819,0.982,2.60,19.20
2009.04.23 10:48:41.618,0.9819,0.982,2.60,21.40
2009.04.23 10:48:41.789,0.9818,0.98195,4.20,14.40
2009.04.23 10:48:42.258,0.9818,0.9819,2.60,4.80
2009.04.23 10:48:42.318,0.9818,0.9819,2.60,14.40
2009.04.23 10:48:44.178,0.9818,0.9819,1.60,19.20
2009.04.23 10:48:44.698,0.9817,0.9819,20.60,19.20
2009.04.23 10:48:51.106,0.9818,0.9819,2.60,4.80
2009.04.23 10:48:55.815,0.9818,0.9819,4.20,4.80
2009.04.23 10:48:57.465,0.9818,0.98195,4.20,19.20
2009.04.23 10:48:57.765,0.9818,0.9819,4.20,4.80
2009.04.23 10:49:07.272,0.9818,0.982,20.60,19.20
2009.04.23 10:49:07.682,0.9818,0.98195,17.80,4.80
2009.04.23 10:49:08.342,0.98185,0.982,8.60,19.20
2009.04.23 10:49:08.682,0.98185,0.982,10.20,19.20
2009.04.23 10:49:10.621,0.98185,0.982,8.60,19.20
2009.04.23 10:49:10.801,0.98185,0.982,10.20,19.20
2009.04.23 10:49:13.081,0.98185,0.982,10.20,14.40
2009.04.23 10:49:13.141,0.98185,0.982,10.20,9.60
2009.04.23 10:49:13.191,0.98195,0.982,1.60,9.60
2009.04.23 10:49:13.251,0.98195,0.98205,1.60,19.20
2009.04.23 10:49:13.541,0.98195,0.98205,1.60,14.40
2009.04.23 10:49:13.891,0.9819,0.9821,17.80,24.00
2009.04.23 10:49:14.171,0.98195,0.9821,8.00,19.20
2009.04.23 10:49:14.521,0.98205,0.98215,1.60,19.20
2009.04.23 10:49:14.800,0.98205,0.98215,1.60,14.40
2009.04.23 10:49:16.330,0.98205,0.98215,1.60,9.60
2009.04.23 10:49:16.800,0.9821,0.9822,1.60,19.20
2009.04.23 10:49:17.240,0.98215,0.9822,1.60,4.80
2009.04.23 10:49:17.410,0.98215,0.98225,1.60,14.40
2009.04.23 10:49:19.079,0.98215,0.98225,1.60,17.60
2009.04.23 10:49:19.839,0.98215,0.98225,1.60,14.40
2009.04.23 10:49:19.959,0.98205,0.9822,16.60,4.80
2009.04.23 10:49:20.429,0.9821,0.9822,15.00,9.60
2009.04.23 10:49:20.719,0.9821,0.98225,16.60,9.60
2009.04.23 10:49:20.889,0.9821,0.98225,16.60,4.80
2009.04.23 10:49:21.059,0.9821,0.9823,16.60,25.60
2009.04.23 10:49:21.709,0.9821,0.9823,15.00,25.60
2009.04.23 10:49:22.629,0.9821,0.9822,8.60,4.80
2009.04.23 10:49:23.038,0.98205,0.9822,16.60,9.60
2009.04.23 10:49:24.438,0.98205,0.9822,8.60,19.20
2009.04.23 10:49:26.438,0.98215,0.9822,1.60,19.20
2009.04.23 10:49:27.067,0.9821,0.9822,4.20,19.20
2009.04.23 10:49:30.017,0.9821,0.9822,4.20,9.60
2009.04.23 10:49:31.416,0.9821,0.9822,1.60,24.00
2009.04.23 10:49:31.706,0.9821,0.9822,1.60,19.20
2009.04.23 10:49:32.106,0.9821,0.9822,1.60,14.40
2009.04.23 10:49:32.216,0.98215,0.98225,1.60,15.40
2009.04.23 10:49:34.806,0.98215,0.98225,1.60,15.20
2009.04.23 10:49:35.665,0.98215,0.98225,1.60,14.40
2009.04.23 10:49:38.235,0.98215,0.98225,1.60,15.20
2009.04.23 10:49:39.105,0.98215,0.98225,1.60,14.40
2009.04.23 10:49:46.223,0.98205,0.9822,10.20,19.20
2009.04.23 10:49:46.493,0.9821,0.9822,1.60,19.20
2009.04.23 10:49:46.773,0.982,0.9822,20.60,20.80
2009.04.23 10:49:49.082,0.9821,0.9822,1.60,19.20
2009.04.23 10:49:50.652,0.9821,0.9822,1.60,24.00
2009.04.23 10:49:51.062,0.98205,0.9822,8.60,24.00
2009.04.23 10:49:51.472,0.98205,0.9822,8.60,19.20
2009.04.23 10:49:52.851,0.982,0.9822,20.60,19.20
2009.04.23 10:49:53.371,0.982,0.9822,19.00,20.80
2009.04.23 10:49:54.571,0.982,0.9822,20.60,19.20
2009.04.23 10:50:01.509,0.982,0.9822,19.00,20.80
2009.04.23 10:50:02.189,0.982,0.98215,19.00,1.80
2009.04.23 10:50:02.479,0.982,0.98215,12.60,10.20
2009.04.23 10:50:03.709,0.982,0.98215,14.20,10.20
2009.04.23 10:50:03.878,0.982,0.98215,17.80,15.00
2009.04.23 10:50:04.218,0.982,0.9821,11.40,4.80
2009.04.23 10:50:04.449,0.982,0.98215,12.60,10.20
2009.04.23 10:50:07.248,0.982,0.98215,12.60,9.80
2009.04.23 10:50:07.298,0.982,0.9822,20.60,24.00
2009.04.23 10:50:21.514,0.982,0.98215,12.60,9.60
2009.04.23 10:50:22.494,0.98205,0.9822,2.80,24.00
2009.04.23 10:50:22.904,0.9821,0.9822,3.80,14.40
2009.04.23 10:50:23.074,0.9821,0.9822,2.60,19.20
2009.04.23 10:50:23.244,0.98205,0.9822,6.00,24.00
2009.04.23 10:50:23.634,0.98205,0.9822,2.80,24.00
2009.04.23 10:50:27.233,0.98205,0.9822,4.40,24.00
2009.04.23 10:50:36.001,0.9821,0.9822,2.80,19.20
2009.04.23 10:50:36.181,0.9821,0.9822,3.80,14.40
2009.04.23 10:50:39.690,0.9822,0.98225,1.60,12.00
2009.04.23 10:50:39.980,0.98215,0.9823,2.80,24.00
2009.04.23 10:50:40.220,0.98215,0.9823,2.80,19.20
2009.04.23 10:50:40.460,0.9823,0.98235,1.60,14.40
2009.04.23 10:50:40.960,0.98235,0.9825,10.20,19.20
2009.04.23 10:50:41.400,0.98235,0.9825,11.40,9.60
2009.04.23 10:50:41.579,0.98235,0.98255,17.80,15.20
2009.04.23 10:50:43.149,0.98235,0.98255,17.80,14.40
2009.04.23 10:50:43.269,0.98235,0.98255,17.80,15.20
2009.04.23 10:50:43.499,0.98235,0.9825,17.80,4.80
2009.04.23 10:50:43.839,0.98235,0.9825,17.80,9.60
2009.04.23 10:50:44.349,0.98235,0.98245,1.60,16.00
2009.04.23 10:50:44.579,0.98235,0.98245,1.60,16.20
2009.04.23 10:50:44.759,0.98225,0.9824,2.80,20.80
2009.04.23 10:50:45.449,0.9822,0.9824,17.80,27.20
2009.04.23 10:50:45.739,0.9822,0.98235,8.60,6.40
2009.04.23 10:50:49.458,0.9822,0.9824,16.60,16.00
2009.04.23 10:50:49.917,0.9822,0.9824,17.80,16.00
2009.04.23 10:50:53.706,0.98225,0.98245,11.40,11.40
2009.04.23 10:50:53.996,0.98225,0.98245,11.40,16.40
2009.04.23 10:50:54.056,0.98225,0.98245,11.40,14.60
2009.04.23 10:50:54.626,0.98225,0.98245,11.40,19.60
2009.04.23 10:50:55.316,0.98225,0.9824,2.80,9.60
2009.04.23 10:50:55.666,0.98225,0.98235,2.80,9.60
2009.04.23 10:50:56.146,0.9822,0.98235,5.40,15.20
2009.04.23 10:50:56.666,0.9822,0.9823,3.80,4.80
2009.04.23 10:51:01.445,0.98215,0.9823,11.40,9.60
2009.04.23 10:51:01.845,0.9822,0.9823,2.80,4.80
2009.04.23 10:51:02.074,0.98215,0.9823,2.80,19.20
2009.04.23 10:51:02.364,0.98215,0.9823,2.80,9.60
2009.04.23 10:51:03.104,0.9821,0.9823,16.60,19.20
2009.04.23 10:51:03.214,0.9822,0.9823,1.60,19.20
2009.04.23 10:51:03.624,0.9821,0.9823,8.60,22.40
2009.04.23 10:51:03.974,0.9821,0.9823,8.60,27.20
2009.04.23 10:51:04.704,0.9821,0.98225,9.80,4.80
2009.04.23 10:51:05.054,0.98215,0.9823,1.20,22.40
2009.04.23 10:51:08.743,0.98215,0.9823,1.20,20.80
2009.04.23 10:51:09.543,0.9821,0.9823,8.60,20.80
2009.04.23 10:51:10.003,0.98205,0.9822,2.80,14.40
2009.04.23 10:51:10.472,0.98205,0.9822,1.20,20.80
2009.04.23 10:51:10.942,0.98205,0.9822,1.20,25.60
2009.04.23 10:51:11.062,0.98205,0.9822,1.20,20.80
2009.04.23 10:51:19.390,0.98205,0.9821,1.20,1.00
2009.04.23 10:51:26.839,0.98205,0.9821,1.20,1.00
2009.04.23 10:51:32.117,0.98205,0.98215,1.20,10.20
2009.04.23 10:51:32.357,0.98205,0.98215,1.20,11.60
2009.04.23 10:51:32.527,0.982,0.9821,5.40,4.80
2009.04.23 10:51:32.937,0.982,0.9821,5.40,14.40
2009.04.23 10:51:49.703,0.982,0.9821,3.80,14.40
2009.04.23 10:51:54.942,0.982,0.9821,3.80,19.20
2009.04.23 10:51:59.410,0.982,0.9821,3.80,9.60
2009.04.23 10:52:00.630,0.982,0.9821,5.40,9.60
2009.04.23 10:52:00.970,0.982,0.9821,5.40,4.80
2009.04.23 10:52:01.200,0.9821,0.98215,1.60,19.20
2009.04.23 10:52:01.260,0.98205,0.98215,2.80,14.40
2009.04.23 10:52:01.720,0.98215,0.9822,1.60,4.80
2009.04.23 10:52:02.250,0.98215,0.98225,1.60,16.00
2009.04.23 10:52:02.990,0.98215,0.98225,1.60,11.00
2009.04.23 10:52:03.460,0.9822,0.9823,1.60,24.00
2009.04.23 10:52:03.630,0.98225,0.98235,1.60,24.40
2009.04.23 10:52:03.860,0.98225,0.98235,1.60,19.60
2009.04.23 10:52:06.169,0.98225,0.98235,1.60,19.40
2009.04.23 10:52:06.289,0.98225,0.98235,1.60,19.20
2009.04.23 10:52:06.749,0.98225,0.98235,1.60,16.00
2009.04.23 10:52:06.919,0.98225,0.98235,1.60,11.00
2009.04.23 10:52:07.259,0.98225,0.98235,1.60,16.00
2009.04.23 10:52:08.068,0.98225,0.9823,1.60,4.80
2009.04.23 10:52:08.238,0.98215,0.9823,17.80,4.80
2009.04.23 10:52:08.638,0.98215,0.9823,17.80,9.60
2009.04.23 10:52:15.917,0.9823,0.98235,1.20,4.80
2009.04.23 10:52:16.217,0.9823,0.9824,3.80,14.40
2009.04.23 10:52:16.557,0.9823,0.9824,3.80,4.80
2009.04.23 10:52:18.476,0.9823,0.98245,3.80,15.00
2009.04.23 10:52:18.926,0.9823,0.98245,3.80,14.40
2009.04.23 10:52:19.106,0.9823,0.98245,14.20,4.80
2009.04.23 10:52:21.835,0.9823,0.98245,12.60,4.80
2009.04.23 10:52:22.305,0.9823,0.98245,3.80,14.40
2009.04.23 10:52:22.925,0.9823,0.9824,3.80,9.60
2009.04.23 10:52:23.345,0.9823,0.9824,3.80,14.40
2009.04.23 10:52:23.985,0.98215,0.9823,14.00,9.60
2009.04.23 10:52:24.445,0.98215,0.98235,17.80,14.40
2009.04.23 10:52:40.840,0.98215,0.98235,17.80,15.20
2009.04.23 10:52:45.949,0.98215,0.98235,16.20,16.80
2009.04.23 10:52:48.349,0.98215,0.98235,16.20,16.80
2009.04.23 10:52:48.519,0.98215,0.98235,16.20,17.00
2009.04.23 10:52:55.627,0.98215,0.9823,9.80,4.80
2009.04.23 10:52:55.747,0.98215,0.9823,2.80,16.00
2009.04.23 10:52:56.137,0.98215,0.9823,2.80,24.00
2009.04.23 10:52:56.417,0.9821,0.9822,8.60,1.60
2009.04.23 10:52:56.737,0.9821,0.98225,8.60,6.40
2009.04.23 10:52:58.026,0.98215,0.9822,1.20,1.80
2009.04.23 10:52:58.297,0.9821,0.9822,8.60,1.80
2009.04.23 10:52:58.806,0.9821,0.98225,8.60,7.40
2009.04.23 10:52:59.326,0.9821,0.98225,8.60,7.80
2009.04.23 10:53:01.916,0.9821,0.98225,8.60,7.40
2009.04.23 10:53:04.155,0.9821,0.9822,8.60,1.60
2009.04.23 10:53:04.575,0.9821,0.98225,9.80,6.40
2009.04.23 10:53:04.965,0.98215,0.9823,16.20,9.60
2009.04.23 10:53:05.374,0.9822,0.9823,8.60,9.60
2009.04.23 10:53:05.485,0.9822,0.9823,8.60,11.20
2009.04.23 10:53:05.664,0.9822,0.9823,8.60,9.60
2009.04.23 10:53:05.724,0.98215,0.9823,9.80,9.60
2009.04.23 10:53:20.211,0.9822,0.9823,8.60,4.80
2009.04.23 10:53:20.501,0.9822,0.98235,8.60,7.20
2009.04.23 10:53:21.481,0.9822,0.98235,9.80,9.60
2009.04.23 10:53:21.821,0.98225,0.9824,8.60,11.20
2009.04.23 10:53:22.171,0.98225,0.98245,17.80,12.80
2009.04.23 10:53:22.471,0.98225,0.98245,9.80,12.80
2009.04.23 10:53:22.760,0.98225,0.98245,9.80,17.60
2009.04.23 10:53:22.870,0.98225,0.98245,9.80,18.00
2009.04.23 10:53:24.300,0.98225,0.9824,9.80,4.80
2009.04.23 10:53:24.580,0.98225,0.9824,9.80,11.20
2009.04.23 10:53:25.110,0.9822,0.9823,8.60,1.60
2009.04.23 10:53:25.560,0.9822,0.98235,8.60,6.40
2009.04.23 10:53:25.680,0.98215,0.98235,16.20,16.00
2009.04.23 10:53:27.639,0.98215,0.98235,17.80,16.00
2009.04.23 10:53:36.517,0.98215,0.98235,11.40,16.00
2009.04.23 10:53:44.935,0.98215,0.98235,11.40,16.80
2009.04.23 10:53:46.875,0.98215,0.98235,14.20,16.80
2009.04.23 10:53:47.115,0.98215,0.98235,20.60,16.80
2009.04.23 10:53:47.275,0.98215,0.98235,20.60,16.00
2009.04.23 10:53:47.555,0.98215,0.98235,19.00,16.00
2009.04.23 10:53:51.403,0.98215,0.98235,19.00,11.20
2009.04.23 10:53:51.623,0.98215,0.98235,27.00,11.20
2009.04.23 10:53:52.303,0.98215,0.98235,19.00,11.20
2009.04.23 10:53:52.653,0.9822,0.9823,15.00,1.60
2009.04.23 10:53:53.223,0.9822,0.9823,8.60,1.60
2009.04.23 10:54:01.401,0.98215,0.9823,17.40,8.00
2009.04.23 10:54:02.021,0.98215,0.98235,15.00,25.60
2009.04.23 10:54:02.361,0.98215,0.9823,2.80,19.20
2009.04.23 10:54:13.538,0.98215,0.9823,16.20,9.60
2009.04.23 10:54:19.686,0.98215,0.9823,9.80,19.20
2009.04.23 10:54:22.496,0.98215,0.9823,9.80,20.80
2009.04.23 10:54:22.726,0.98215,0.9823,9.80,19.20
2009.04.23 10:54:23.006,0.98215,0.9823,9.80,20.80
2009.04.23 10:54:25.645,0.98215,0.9823,9.80,22.40
2009.04.23 10:54:25.755,0.98215,0.9822,2.80,1.60
2009.04.23 10:54:29.454,0.98215,0.98225,1.20,11.20
2009.04.23 10:54:30.035,0.98215,0.98225,2.80,9.60
2009.04.23 10:54:30.144,0.98215,0.9823,11.40,19.20
2009.04.23 10:54:35.153,0.98215,0.98235,17.80,17.00
2009.04.23 10:54:36.722,0.9822,0.98235,10.20,5.80
2009.04.23 10:54:36.952,0.9823,0.98235,1.20,4.80
2009.04.23 10:54:37.243,0.9823,0.98245,3.80,18.20
2009.04.23 10:54:37.482,0.98235,0.98255,17.80,23.20
2009.04.23 10:54:38.112,0.9824,0.9826,10.20,16.00
2009.04.23 10:54:38.502,0.98245,0.9826,4.40,9.60
2009.04.23 10:54:39.382,0.9824,0.98255,20.60,4.80
2009.04.23 10:54:39.602,0.9824,0.98255,19.00,6.40
2009.04.23 10:54:39.941,0.98245,0.9826,2.80,9.60
2009.04.23 10:54:40.272,0.98245,0.9826,4.40,9.60
2009.04.23 10:54:41.222,0.98245,0.9826,4.40,11.20
2009.04.23 10:54:41.631,0.9824,0.9826,16.60,16.00
2009.04.23 10:54:42.091,0.9824,0.98255,10.20,9.60
2009.04.23 10:54:42.321,0.9824,0.98255,8.60,9.60
2009.04.23 10:54:43.101,0.98235,0.98255,11.40,11.20
2009.04.23 10:54:43.211,0.98235,0.9825,2.80,9.60
2009.04.23 10:54:44.261,0.98235,0.9825,4.40,9.60
2009.04.23 10:54:44.751,0.9823,0.98245,12.60,16.00
2009.04.23 10:54:45.191,0.9823,0.9824,12.60,4.80
2009.04.23 10:54:50.359,0.9823,0.98245,20.60,4.80
2009.04.23 10:54:50.479,0.9823,0.98245,19.00,4.80
2009.04.23 10:54:52.959,0.9823,0.98245,3.80,14.40
2009.04.23 10:54:53.379,0.9823,0.98245,3.80,16.00
2009.04.23 10:54:55.808,0.9823,0.98245,3.80,14.40
2009.04.23 10:54:56.857,0.9823,0.98245,5.40,14.40
2009.04.23 10:54:57.027,0.9823,0.98245,14.20,4.80
2009.04.23 10:54:57.967,0.9823,0.98245,3.80,16.00
2009.04.23 10:54:58.777,0.9823,0.9824,3.80,9.60
2009.04.23 10:54:59.217,0.9823,0.9824,3.80,14.40
2009.04.23 10:55:04.096,0.98215,0.9823,22.60,14.40
2009.04.23 10:55:04.206,0.98215,0.98225,11.20,14.40
2009.04.23 10:55:04.266,0.98215,0.98225,4.80,14.40
2009.04.23 10:55:04.546,0.9821,0.98225,12.60,14.40
2009.04.23 10:55:04.776,0.98215,0.98225,1.20,11.20
2009.04.23 10:55:09.404,0.98215,0.9822,1.20,1.60
2009.04.23 10:55:09.574,0.98215,0.9822,2.80,1.60
2009.04.23 10:55:09.794,0.98215,0.98225,1.20,11.20
2009.04.23 10:55:10.364,0.9821,0.98225,3.80,16.80
2009.04.23 10:55:10.534,0.98215,0.98225,1.20,11.80
2009.04.23 10:55:13.764,0.98215,0.98225,1.20,12.20
2009.04.23 10:55:14.113,0.98215,0.98225,1.20,12.40
2009.04.23 10:55:14.354,0.98215,0.98225,1.20,11.80
2009.04.23 10:55:14.813,0.98215,0.98225,1.20,11.20
2009.04.23 10:55:14.993,0.98215,0.98225,1.20,9.60
2009.04.23 10:55:24.111,0.98215,0.98225,2.80,9.60
2009.04.23 10:55:24.931,0.98215,0.9823,2.80,19.20
2009.04.23 10:55:50.645,0.98215,0.9823,11.40,9.60
2009.04.23 10:55:50.755,0.98215,0.9823,17.80,9.60
2009.04.23 10:55:51.814,0.98215,0.9823,16.20,9.60
2009.04.23 10:56:22.807,0.98215,0.9823,9.80,19.20
2009.04.23 10:56:23.407,0.98215,0.9823,11.40,19.20
2009.04.23 10:56:23.587,0.9822,0.9823,3.80,14.40
2009.04.23 10:56:26.406,0.9822,0.9823,3.80,4.80
2009.04.23 10:56:46.351,0.98225,0.9824,1.20,28.80
2009.04.23 10:56:46.411,0.98225,0.9824,1.20,27.20
2009.04.23 10:57:03.757,0.98225,0.9824,1.20,25.60
2009.04.23 10:57:05.736,0.98225,0.9824,2.80,24.00
2009.04.23 10:57:32.000,0.98235,0.98245,1.60,14.40
2009.04.23 10:57:32.470,0.9823,0.9825,10.20,25.60
2009.04.23 10:57:32.690,0.98245,0.9825,1.60,9.60
2009.04.23 10:57:33.190,0.9824,0.9826,10.20,25.60
2009.04.23 10:57:36.509,0.9824,0.9826,8.60,27.20
2009.04.23 10:57:43.317,0.98245,0.9826,2.80,25.60
2009.04.23 10:57:43.587,0.98245,0.9826,2.80,9.60
2009.04.23 10:57:44.577,0.98245,0.9826,2.80,19.20
2009.04.23 10:57:44.918,0.9824,0.9826,8.60,20.80
2009.04.23 10:57:45.197,0.9824,0.9826,8.60,25.60
2009.04.23 10:57:46.567,0.98235,0.98255,11.40,14.40
2009.04.23 10:57:53.295,0.9824,0.98255,2.80,19.20
2009.04.23 10:57:53.535,0.98245,0.9826,1.20,25.60
2009.04.23 10:57:55.104,0.98245,0.9826,2.80,24.00
2009.04.23 10:57:58.924,0.9825,0.9826,1.20,19.20
2009.04.23 10:57:59.214,0.9825,0.9826,2.80,9.60
2009.04.23 10:57:59.383,0.9825,0.9826,3.80,4.80
2009.04.23 10:58:01.053,0.98255,0.9827,1.20,28.00
2009.04.23 10:58:01.173,0.98255,0.9827,1.20,22.40
2009.04.23 10:58:01.473,0.98255,0.9827,2.80,19.20
2009.04.23 10:58:01.643,0.9826,0.9827,1.20,14.40
2009.04.23 10:58:06.522,0.98265,0.9828,2.80,19.20
2009.04.23 10:58:07.802,0.98265,0.9828,2.80,24.80
2009.04.23 10:58:07.921,0.98265,0.9828,2.80,19.20
2009.04.23 10:58:08.691,0.98265,0.9828,11.40,9.60
2009.04.23 10:58:10.401,0.9827,0.9828,9.80,4.80
2009.04.23 10:58:10.811,0.9827,0.9828,11.40,4.80
2009.04.23 10:58:11.281,0.9827,0.9828,14.20,4.80
2009.04.23 10:58:13.090,0.9828,0.98295,8.60,6.40
2009.04.23 10:58:13.600,0.9828,0.9829,8.60,4.80
2009.04.23 10:58:14.000,0.9828,0.98295,10.20,9.60
2009.04.23 10:58:14.270,0.9828,0.98295,10.20,4.80
2009.04.23 10:58:14.620,0.9828,0.9829,8.60,4.80
2009.04.23 10:58:15.010,0.98285,0.98295,1.60,20.00
2009.04.23 10:58:15.360,0.98285,0.98295,1.60,10.20
2009.04.23 10:58:16.929,0.98275,0.9829,17.80,4.80
2009.04.23 10:58:17.779,0.98275,0.9829,17.80,9.60
2009.04.23 10:58:33.955,0.98275,0.9829,25.80,9.60
2009.04.23 10:58:34.525,0.98275,0.9829,17.80,9.60
2009.04.23 10:58:35.585,0.98275,0.9829,11.40,9.60
2009.04.23 10:58:38.494,0.9828,0.9829,5.40,4.80
2009.04.23 10:58:40.043,0.9828,0.98285,2.60,4.80
2009.04.23 10:58:40.283,0.9827,0.9828,23.80,4.80
2009.04.23 10:58:40.513,0.98275,0.9829,2.80,25.60
2009.04.23 10:58:40.793,0.98275,0.98285,2.80,9.60
2009.04.23 10:58:41.613,0.9828,0.98285,1.20,9.60
2009.04.23 10:58:47.682,0.98265,0.98285,11.40,9.60
2009.04.23 10:58:50.401,0.98265,0.98285,11.40,14.40
2009.04.23 10:58:51.771,0.98265,0.9828,11.40,4.80
2009.04.23 10:58:51.991,0.98265,0.9828,2.80,19.20
2009.04.23 10:58:52.171,0.98265,0.9828,1.20,20.80
2009.04.23 10:58:56.719,0.98265,0.9828,2.80,20.80
2009.04.23 10:58:57.999,0.98265,0.9828,1.20,20.80
2009.04.23 10:59:00.099,0.9826,0.98275,12.60,4.80
2009.04.23 10:59:00.398,0.98265,0.9828,2.80,24.80
2009.04.23 10:59:00.669,0.98265,0.9828,2.80,28.80
2009.04.23 10:59:00.889,0.98265,0.9828,4.40,20.80
2009.04.23 10:59:01.728,0.98265,0.9828,2.80,19.20
2009.04.23 10:59:03.188,0.98265,0.9828,11.40,9.60
2009.04.23 10:59:05.408,0.98265,0.9828,2.80,20.80
2009.04.23 10:59:14.965,0.98265,0.9828,11.40,19.20
2009.04.23 10:59:17.984,0.98265,0.9828,11.40,9.60
2009.04.23 10:59:19.824,0.9827,0.9828,11.40,4.80
2009.04.23 10:59:20.234,0.9827,0.9828,14.20,4.80
2009.04.23 10:59:20.414,0.98275,0.9829,11.40,25.60
2009.04.23 10:59:20.754,0.98275,0.9829,11.40,19.20
2009.04.23 10:59:22.503,0.9828,0.9829,5.40,4.80
2009.04.23 10:59:24.253,0.9828,0.98295,14.20,5.80
2009.04.23 10:59:24.633,0.98285,0.983,2.80,19.20
2009.04.23 10:59:26.192,0.9829,0.983,2.80,14.40
2009.04.23 10:59:26.482,0.9829,0.983,5.40,4.80
2009.04.23 10:59:28.432,0.98295,0.983,2.80,4.80
2009.04.23 10:59:28.602,0.98295,0.98305,2.80,9.60
2009.04.23 10:59:31.801,0.983,0.9831,3.80,14.40
2009.04.23 10:59:35.150,0.98285,0.98305,25.40,9.60
2009.04.23 10:59:35.680,0.98285,0.98305,16.20,14.40
2009.04.23 10:59:36.270,0.98285,0.983,16.20,4.80
2009.04.23 10:59:36.570,0.98285,0.983,16.20,9.60
2009.04.23 10:59:37.839,0.98285,0.983,9.80,9.60
2009.04.23 10:59:38.069,0.9828,0.983,19.00,17.60
2009.04.23 10:59:38.529,0.98285,0.983,7.60,10.40
2009.04.23 10:59:38.759,0.9829,0.983,4.40,9.60
2009.04.23 10:59:39.269,0.9829,0.98305,3.80,17.00
2009.04.23 10:59:41.878,0.98295,0.9831,2.80,19.20
2009.04.23 10:59:41.989,0.98295,0.9831,2.80,20.80
2009.04.23 10:59:42.279,0.98295,0.9831,2.80,25.60
2009.04.23 10:59:43.118,0.9829,0.983,3.80,4.80
2009.04.23 10:59:43.458,0.98295,0.983,1.20,1.60
2009.04.23 10:59:43.748,0.983,0.9831,2.60,19.20
2009.04.23 10:59:44.538,0.983,0.9831,2.60,9.60
2009.04.23 10:59:47.007,0.98315,0.9832,1.20,4.80
2009.04.23 10:59:47.297,0.98315,0.98325,1.20,11.20
2009.04.23 10:59:47.927,0.98315,0.9833,2.80,20.80
2009.04.23 10:59:49.367,0.9832,0.9833,3.80,6.40
2009.04.23 10:59:49.877,0.9832,0.9833,3.80,4.80
2009.04.23 10:59:50.157,0.9832,0.9833,12.60,4.80
2009.04.23 10:59:51.326,0.9832,0.9833,19.00,4.80
2009.04.23 10:59:51.556,0.9833,0.98345,2.80,22.00
2009.04.23 10:59:51.796,0.98335,0.98345,1.20,17.20
2009.04.23 10:59:54.645,0.98335,0.9835,1.20,22.40
2009.04.23 10:59:55.115,0.9833,0.9834,3.80,4.80
2009.04.23 10:59:57.305,0.9833,0.9834,3.80,7.20
2009.04.23 10:59:58.624,0.9833,0.9834,3.80,6.40
2009.04.23 10:59:58.735,0.9833,0.9834,3.80,4.80
2009.04.23 10:59:59.144,0.9833,0.9834,2.60,9.60
2009.04.23 10:59:59.254,0.98325,0.9834,17.80,9.60
