2016.05.05 20:00:00.041,1.07237,1.07242,1.87,1.10
2016.05.05 20:00:00.582,1.07238,1.07242,1.50,1.00
2016.05.05 20:00:00.887,1.07241,1.07246,1.50,1.00
2016.05.05 20:00:01.484,1.0724,1.07247,1.87,2.14
2016.05.05 20:00:01.739,1.07239,1.07245,2.06,2.98
2016.05.05 20:00:01.842,1.07236,1.07242,4.69,1.10
2016.05.05 20:00:02.652,1.07236,1.07238,1.50,1.00
2016.05.05 20:00:02.703,1.07234,1.07238,1.87,1.45
2016.05.05 20:00:02.805,1.07231,1.07238,2.06,5.96
2016.05.05 20:00:03.261,1.07233,1.0724,1.37,4.01
2016.05.05 20:00:03.363,1.07233,1.0724,1.69,2.32
2016.05.05 20:00:03.587,1.07233,1.07235,1.12,1.65
2016.05.05 20:00:03.638,1.07231,1.07235,4.12,2.77
2016.05.05 20:00:03.689,1.0723,1.07232,1.50,1.12
2016.05.05 20:00:03.740,1.07226,1.07232,1.50,1.12
2016.05.05 20:00:04.449,1.07226,1.07229,2.25,1.37
2016.05.05 20:00:04.601,1.07223,1.07226,1.12,1.00
2016.05.05 20:00:04.755,1.07226,1.07229,1.19,1.50
2016.05.05 20:00:04.906,1.07226,1.07229,1.69,1.00
2016.05.05 20:00:05.161,1.07223,1.07226,3.75,2.06
2016.05.05 20:00:05.315,1.07221,1.07224,1.87,1.50
2016.05.05 20:00:05.366,1.07221,1.07224,1.50,1.00
2016.05.05 20:00:05.469,1.07221,1.07228,1.50,1.87
2016.05.05 20:00:05.572,1.07221,1.07228,1.50,1.39
2016.05.05 20:00:05.623,1.07221,1.07228,1.10,2.00
2016.05.05 20:00:05.827,1.07223,1.07232,2.06,2.44
2016.05.05 20:00:05.929,1.07223,1.07232,5.06,1.62
2016.05.05 20:00:06.447,1.07226,1.07232,1.31,1.12
2016.05.05 20:00:07.717,1.07229,1.07232,1.25,1.12
2016.05.05 20:00:08.224,1.07229,1.07232,1.25,1.10
2016.05.05 20:00:09.660,1.07232,1.07233,1.25,2.32
2016.05.05 20:00:09.712,1.07232,1.07239,1.01,3.00
2016.05.05 20:00:09.814,1.07235,1.07239,1.25,1.12
2016.05.05 20:00:10.361,1.07235,1.07241,1.01,4.12
2016.05.05 20:00:10.918,1.07235,1.0724,1.01,1.10
2016.05.05 20:00:13.477,1.07235,1.07241,1.01,2.25
2016.05.05 20:00:13.631,1.07236,1.07242,1.87,2.44
2016.05.05 20:00:13.683,1.07238,1.07242,1.37,2.06
2016.05.05 20:00:13.734,1.07238,1.07243,1.87,1.00
2016.05.05 20:00:13.835,1.07239,1.07245,2.25,1.57
2016.05.05 20:00:14.190,1.07241,1.07246,1.47,2.21
2016.05.05 20:00:17.350,1.07241,1.07247,1.50,3.00
2016.05.05 20:00:18.233,1.07241,1.07246,1.50,1.65
2016.05.05 20:00:18.739,1.07241,1.07246,1.50,2.02
2016.05.05 20:00:19.330,1.07241,1.07246,1.50,1.27
2016.05.05 20:00:24.199,1.07241,1.07245,1.50,1.00
2016.05.05 20:00:24.510,1.07239,1.07242,1.37,1.00
2016.05.05 20:00:25.017,1.07238,1.07242,2.62,1.00
2016.05.05 20:00:27.122,1.07238,1.07243,2.62,1.12
2016.05.05 20:00:28.054,1.07238,1.07243,1.47,1.10
2016.05.05 20:00:29.578,1.07237,1.07244,3.19,4.88
2016.05.05 20:00:30.083,1.07237,1.07243,2.89,1.12
2016.05.05 20:00:30.590,1.07237,1.07242,1.39,2.89
2016.05.05 20:00:31.054,1.07237,1.07242,1.31,1.95
2016.05.05 20:00:32.861,1.07237,1.07241,1.31,1.00
2016.05.05 20:00:33.166,1.07237,1.07239,1.31,1.00
2016.05.05 20:00:33.371,1.07235,1.07238,1.31,2.89
2016.05.05 20:00:41.284,1.07235,1.07239,1.31,1.10
2016.05.05 20:00:43.229,1.07235,1.0724,1.39,1.20
2016.05.05 20:00:44.332,1.07236,1.07241,1.00,1.95
2016.05.05 20:00:44.535,1.07237,1.07243,1.95,1.12
2016.05.05 20:00:45.441,1.07235,1.07242,3.56,2.25
2016.05.05 20:00:48.768,1.07238,1.07242,1.00,1.50
2016.05.05 20:00:58.474,1.07237,1.07243,1.20,1.87
2016.05.05 20:00:58.981,1.07238,1.07242,1.00,1.20
2016.05.05 20:01:00.407,1.07239,1.07243,1.00,1.50
2016.05.05 20:01:03.901,1.07238,1.07243,1.00,1.50
2016.05.05 20:01:04.441,1.07239,1.07244,1.00,1.50
2016.05.05 20:01:12.444,1.07239,1.07242,1.00,1.00
2016.05.05 20:01:12.748,1.07238,1.07242,1.50,1.65
2016.05.05 20:01:13.444,1.07237,1.07242,2.51,1.65
2016.05.05 20:01:13.952,1.07238,1.07242,1.50,1.65
2016.05.05 20:01:14.357,1.07238,1.07242,2.25,1.20
2016.05.05 20:01:14.897,1.07239,1.07243,1.25,2.81
2016.05.05 20:01:18.317,1.07239,1.07244,1.01,4.12
2016.05.05 20:01:20.509,1.0724,1.07244,1.00,4.12
2016.05.05 20:01:25.798,1.0724,1.07244,1.00,1.57
2016.05.05 20:01:29.651,1.07242,1.07245,1.00,1.12
2016.05.05 20:01:29.904,1.07245,1.07249,1.01,1.65
2016.05.05 20:01:30.107,1.07247,1.0725,1.00,1.47
2016.05.05 20:01:30.209,1.07248,1.07251,1.25,1.95
2016.05.05 20:01:30.776,1.07249,1.07253,1.00,1.47
2016.05.05 20:01:30.980,1.07249,1.07254,1.20,1.01
2016.05.05 20:01:32.097,1.0725,1.07254,1.25,1.20
2016.05.05 20:01:43.186,1.07251,1.07255,1.00,2.62
2016.05.05 20:01:43.742,1.07251,1.07255,1.12,1.57
2016.05.05 20:01:44.249,1.07252,1.07255,1.00,2.32
2016.05.05 20:01:47.121,1.07253,1.07255,1.00,2.32
2016.05.05 20:01:47.475,1.07251,1.07255,1.39,2.25
2016.05.05 20:01:49.412,1.07253,1.07255,1.00,2.25
2016.05.05 20:01:49.571,1.0726,1.07262,1.25,1.00
2016.05.05 20:01:49.623,1.07262,1.07264,1.00,1.57
2016.05.05 20:01:49.674,1.07264,1.07266,1.00,1.10
2016.05.05 20:01:49.827,1.07265,1.07268,1.12,1.50
2016.05.05 20:01:50.333,1.07266,1.0727,1.01,1.45
2016.05.05 20:01:59.031,1.07264,1.07268,2.06,1.00
2016.05.05 20:01:59.544,1.07264,1.07268,2.14,1.50
2016.05.05 20:02:00.051,1.07264,1.07269,1.76,2.77
2016.05.05 20:02:00.559,1.07264,1.07268,1.76,1.00
2016.05.05 20:02:01.109,1.07265,1.07269,1.25,1.10
2016.05.05 20:02:02.309,1.07266,1.07269,1.10,1.00
2016.05.05 20:02:02.867,1.07264,1.07269,1.25,1.27
2016.05.05 20:02:02.969,1.07263,1.07269,2.81,1.57
2016.05.05 20:02:08.049,1.07263,1.07269,2.51,2.02
2016.05.05 20:02:08.530,1.07265,1.0727,3.56,1.87
2016.05.05 20:02:08.834,1.07268,1.07272,1.39,1.00
2016.05.05 20:02:09.344,1.07269,1.07272,1.00,1.00
2016.05.05 20:02:09.871,1.07268,1.07272,1.31,1.00
2016.05.05 20:02:11.583,1.07267,1.07272,2.81,1.12
2016.05.05 20:02:12.431,1.07267,1.07272,2.06,1.87
2016.05.05 20:02:16.294,1.07267,1.07272,2.06,1.12
2016.05.05 20:02:20.152,1.07266,1.0727,1.39,1.00
2016.05.05 20:02:20.663,1.07265,1.07269,1.29,1.00
2016.05.05 20:02:20.866,1.07262,1.07266,2.81,1.00
2016.05.05 20:02:20.917,1.07262,1.07266,2.44,1.00
2016.05.05 20:02:20.968,1.07263,1.07268,1.39,1.57
2016.05.05 20:02:21.474,1.07263,1.07268,1.25,1.12
2016.05.05 20:02:25.066,1.07263,1.07268,1.25,1.37
2016.05.05 20:02:28.188,1.07261,1.07266,1.10,1.10
2016.05.05 20:02:33.534,1.07262,1.07266,1.12,1.10
2016.05.05 20:02:34.040,1.07262,1.07268,1.39,1.87
2016.05.05 20:02:37.651,1.07262,1.07268,1.31,1.87
2016.05.05 20:02:38.854,1.07262,1.07267,1.29,1.10
2016.05.05 20:02:41.610,1.07263,1.07268,1.01,1.12
2016.05.05 20:02:49.256,1.07262,1.07268,2.14,1.12
2016.05.05 20:02:53.127,1.07262,1.07266,1.69,1.10
2016.05.05 20:02:53.280,1.0726,1.07266,4.31,1.10
2016.05.05 20:02:53.787,1.07261,1.07266,1.87,1.12
2016.05.05 20:02:53.838,1.07262,1.07268,1.31,3.00
2016.05.05 20:02:54.446,1.07262,1.07268,2.06,1.87
2016.05.05 20:02:57.639,1.07263,1.07269,1.25,2.25
2016.05.05 20:03:10.309,1.07262,1.07267,1.10,1.10
2016.05.05 20:03:11.106,1.07262,1.07266,1.10,1.00
2016.05.05 20:03:11.633,1.07262,1.07268,1.20,1.31
2016.05.05 20:03:33.723,1.07263,1.07268,1.00,1.31
2016.05.05 20:03:34.028,1.07265,1.0727,1.00,2.25
2016.05.05 20:03:34.079,1.07265,1.0727,1.12,1.00
2016.05.05 20:03:35.017,1.07265,1.07269,1.12,1.00
2016.05.05 20:03:36.949,1.07265,1.07268,1.12,1.00
2016.05.05 20:03:37.152,1.07264,1.0727,1.87,1.50
2016.05.05 20:03:38.308,1.07265,1.07269,1.12,1.00
2016.05.05 20:03:38.814,1.07264,1.07268,1.37,1.00
2016.05.05 20:03:39.320,1.07264,1.07269,1.87,1.00
2016.05.05 20:03:40.011,1.07264,1.07269,1.12,1.00
2016.05.05 20:03:43.656,1.07263,1.07269,1.50,1.31
2016.05.05 20:03:43.859,1.07262,1.07267,1.50,1.00
2016.05.05 20:03:45.601,1.07263,1.07267,1.37,1.00
2016.05.05 20:03:51.552,1.07263,1.07267,1.12,1.00
2016.05.05 20:03:55.084,1.07263,1.07268,1.12,1.39
2016.05.05 20:04:01.454,1.07265,1.07269,1.00,1.20
2016.05.05 20:04:01.960,1.07266,1.07271,1.00,3.00
2016.05.05 20:04:02.112,1.07266,1.07271,1.10,2.32
2016.05.05 20:04:21.597,1.07265,1.0727,1.12,1.00
2016.05.05 20:04:22.363,1.07265,1.0727,1.10,1.12
2016.05.05 20:04:24.379,1.07266,1.07271,1.00,2.25
2016.05.05 20:04:25.483,1.07265,1.07271,1.20,2.25
2016.05.05 20:04:33.752,1.07266,1.07271,1.00,2.06
2016.05.05 20:04:38.158,1.07265,1.07271,1.20,2.06
2016.05.05 20:04:43.931,1.07266,1.07271,1.00,2.06
2016.05.05 20:04:47.752,1.07265,1.07271,1.20,2.06
2016.05.05 20:05:42.106,1.07263,1.07269,1.39,1.50
2016.05.05 20:05:50.537,1.07261,1.07267,2.06,1.37
2016.05.05 20:05:50.789,1.0726,1.07266,1.50,2.25
2016.05.05 20:05:51.902,1.07259,1.07266,2.25,4.12
2016.05.05 20:05:52.472,1.07259,1.07266,1.87,4.50
2016.05.05 20:05:53.240,1.07258,1.07265,2.89,1.37
2016.05.05 20:06:00.710,1.07257,1.07262,1.50,1.25
2016.05.05 20:06:00.860,1.07256,1.07259,1.12,1.25
2016.05.05 20:06:00.911,1.07255,1.07259,1.10,1.29
2016.05.05 20:06:01.063,1.07255,1.07261,1.20,3.75
2016.05.05 20:06:03.322,1.07254,1.0726,1.39,1.50
2016.05.05 20:06:03.830,1.07253,1.0726,2.25,4.31
2016.05.05 20:06:05.723,1.07251,1.07258,4.31,3.37
2016.05.05 20:06:29.830,1.07251,1.07258,2.14,3.37
2016.05.05 20:06:37.649,1.07251,1.07258,2.44,2.25
2016.05.05 20:06:48.969,1.07252,1.07257,1.12,1.00
2016.05.05 20:06:49.272,1.0725,1.07255,2.06,3.75
2016.05.05 20:06:49.323,1.0725,1.07255,1.31,3.75
2016.05.05 20:07:01.814,1.07249,1.07254,1.37,1.00
2016.05.05 20:07:01.865,1.07249,1.07252,1.37,1.01
2016.05.05 20:07:01.967,1.07247,1.07253,1.50,2.44
2016.05.05 20:07:02.472,1.07246,1.07251,1.50,1.00
2016.05.05 20:07:15.081,1.07246,1.07252,1.87,1.39
2016.05.05 20:07:24.637,1.07245,1.07252,3.00,2.81
2016.05.05 20:07:25.243,1.07244,1.0725,2.06,1.00
2016.05.05 20:07:25.452,1.07242,1.07249,3.86,1.57
2016.05.05 20:07:25.959,1.07242,1.07248,1.69,1.10
2016.05.05 20:07:27.205,1.07242,1.07247,1.69,1.00
2016.05.05 20:07:27.307,1.07241,1.07245,1.37,1.25
2016.05.05 20:07:27.477,1.07238,1.07244,2.62,1.10
2016.05.05 20:07:46.443,1.0724,1.07244,1.12,1.10
2016.05.05 20:07:46.967,1.0724,1.07246,1.57,1.12
2016.05.05 20:07:54.202,1.07241,1.07248,2.25,7.31
2016.05.05 20:07:57.356,1.07241,1.07247,1.50,1.69
2016.05.05 20:08:02.113,1.07241,1.07247,2.25,2.44
2016.05.05 20:08:04.774,1.07242,1.07248,1.50,4.31
2016.05.05 20:08:22.537,1.07243,1.07249,1.12,3.00
2016.05.05 20:08:28.201,1.07243,1.07249,1.50,3.00
2016.05.05 20:08:42.569,1.07244,1.07249,1.00,3.00
2016.05.05 20:08:43.075,1.07245,1.0725,1.50,2.06
2016.05.05 20:08:44.493,1.07245,1.0725,1.57,1.69
2016.05.05 20:09:00.632,1.07245,1.0725,1.87,1.39
2016.05.05 20:09:08.471,1.07248,1.07252,1.00,1.31
2016.05.05 20:09:08.573,1.07248,1.07253,1.20,1.01
2016.05.05 20:09:11.756,1.07249,1.07253,1.00,1.01
2016.05.05 20:09:37.833,1.07249,1.07255,1.57,2.62
2016.05.05 20:09:39.860,1.07249,1.07255,1.57,1.87
2016.05.05 20:09:40.678,1.07249,1.07255,1.20,1.87
2016.05.05 20:09:43.651,1.07248,1.07253,1.01,1.10
2016.05.05 20:10:18.708,1.07249,1.07254,1.00,5.21
2016.05.05 20:10:19.257,1.07248,1.07254,1.20,6.34
2016.05.05 20:10:31.590,1.07249,1.07254,1.00,7.09
2016.05.05 20:10:34.197,1.07248,1.07254,1.20,5.96
2016.05.05 20:10:36.315,1.07249,1.07253,1.00,1.20
2016.05.05 20:10:38.423,1.07248,1.07254,1.95,6.75
2016.05.05 20:10:38.931,1.07249,1.07254,1.10,6.82
2016.05.05 20:10:39.478,1.07251,1.07254,1.00,5.32
2016.05.05 20:10:39.776,1.07254,1.07259,1.10,3.75
2016.05.05 20:10:42.610,1.07254,1.07259,1.37,1.00
2016.05.05 20:10:44.424,1.07254,1.0726,1.50,4.50
2016.05.05 20:10:48.470,1.07255,1.0726,1.12,4.50
2016.05.05 20:10:51.947,1.07255,1.0726,1.12,4.50
2016.05.05 20:11:09.992,1.07255,1.0726,1.10,4.87
2016.05.05 20:11:15.802,1.07256,1.0726,1.00,3.94
2016.05.05 20:11:15.954,1.07256,1.07261,1.20,1.10
2016.05.05 20:11:16.460,1.07257,1.07263,1.20,4.20
2016.05.05 20:11:17.001,1.07258,1.07263,1.00,3.45
2016.05.05 20:11:17.608,1.07259,1.07263,1.00,3.45
2016.05.05 20:11:23.295,1.07258,1.07263,1.57,2.77
2016.05.05 20:11:26.427,1.07259,1.07263,1.00,3.15
2016.05.05 20:11:26.631,1.07262,1.07265,1.00,1.01
2016.05.05 20:11:27.144,1.07262,1.07267,1.10,1.50
2016.05.05 20:11:29.354,1.07262,1.07267,1.12,1.10
2016.05.05 20:11:35.412,1.07262,1.07268,1.12,2.44
2016.05.05 20:11:50.290,1.07262,1.07268,1.20,3.19
2016.05.05 20:11:51.345,1.07263,1.07268,1.00,3.19
2016.05.05 20:11:51.851,1.07262,1.07268,1.20,2.44
2016.05.05 20:12:00.454,1.07263,1.07268,1.00,2.44
2016.05.05 20:12:00.955,1.07262,1.07268,1.20,2.44
2016.05.05 20:12:01.466,1.07262,1.07268,1.12,2.44
2016.05.05 20:12:11.289,1.07259,1.07265,2.14,1.50
2016.05.05 20:12:11.495,1.07259,1.07264,2.06,1.37
2016.05.05 20:12:12.001,1.07258,1.07264,1.62,1.87
2016.05.05 20:12:12.706,1.07256,1.07261,1.47,3.75
2016.05.05 20:12:12.841,1.07254,1.07261,2.44,4.87
2016.05.05 20:12:21.737,1.07256,1.07261,1.00,2.62
2016.05.05 20:12:21.853,1.07256,1.07261,1.50,1.00
2016.05.05 20:12:22.409,1.07258,1.07263,1.20,1.50
2016.05.05 20:12:22.923,1.07259,1.07265,1.12,2.06
2016.05.05 20:12:23.431,1.07259,1.07265,1.20,2.06
2016.05.05 20:12:26.407,1.0726,1.07265,1.00,1.69
2016.05.05 20:12:31.311,1.0726,1.07266,1.20,2.06
2016.05.05 20:12:33.290,1.07261,1.07266,1.00,2.06
2016.05.05 20:12:34.634,1.0726,1.07266,1.20,2.06
2016.05.05 20:12:42.055,1.07258,1.07263,2.51,1.07
2016.05.05 20:12:42.561,1.07257,1.07262,1.12,1.10
2016.05.05 20:12:48.004,1.07257,1.07262,1.10,1.12
2016.05.05 20:12:55.394,1.07255,1.07261,1.39,2.81
2016.05.05 20:13:10.599,1.07259,1.07261,1.00,1.87
2016.05.05 20:13:10.802,1.0726,1.07264,1.57,1.00
2016.05.05 20:13:11.309,1.07259,1.07265,1.57,1.69
2016.05.05 20:13:31.266,1.0726,1.07264,1.00,1.12
2016.05.05 20:13:31.771,1.0726,1.07266,1.20,1.81
2016.05.05 20:14:00.327,1.07258,1.07265,3.75,3.19
2016.05.05 20:14:00.631,1.07257,1.07262,1.69,1.20
2016.05.05 20:14:04.375,1.07256,1.07261,1.87,1.50
2016.05.05 20:14:04.887,1.07257,1.07262,1.10,1.12
2016.05.05 20:14:11.650,1.07256,1.07261,1.87,1.00
2016.05.05 20:14:12.553,1.07259,1.07261,1.00,1.00
2016.05.05 20:14:12.604,1.07259,1.07263,1.10,1.00
2016.05.05 20:14:13.120,1.07259,1.07263,1.50,1.00
2016.05.05 20:14:13.625,1.07261,1.07263,1.00,1.00
2016.05.05 20:14:13.727,1.07262,1.07264,1.00,1.00
2016.05.05 20:14:13.778,1.07263,1.07266,1.00,1.12
2016.05.05 20:14:13.829,1.07264,1.07268,1.12,1.25
2016.05.05 20:14:14.335,1.07264,1.07269,1.12,1.20
2016.05.05 20:14:15.228,1.07264,1.07268,1.12,1.00
2016.05.05 20:14:15.734,1.07264,1.07269,1.12,1.20
2016.05.05 20:14:19.674,1.07263,1.07269,1.76,1.20
2016.05.05 20:14:20.376,1.07265,1.07269,1.00,1.20
2016.05.05 20:14:20.528,1.07266,1.07272,1.12,3.26
2016.05.05 20:14:20.832,1.07264,1.07269,1.12,1.20
2016.05.05 20:14:21.034,1.07265,1.07271,1.12,1.76
2016.05.05 20:14:25.757,1.07266,1.07271,1.00,1.25
2016.05.05 20:14:27.138,1.07266,1.0727,1.00,1.00
2016.05.05 20:14:28.261,1.07266,1.07271,1.10,1.25
2016.05.05 20:14:29.546,1.07264,1.0727,3.00,1.00
2016.05.05 20:14:29.597,1.07264,1.07268,2.62,1.25
2016.05.05 20:14:29.906,1.07264,1.0727,1.20,1.00
2016.05.05 20:14:34.503,1.07265,1.0727,1.00,1.00
2016.05.05 20:14:35.102,1.07265,1.07271,1.12,1.01
2016.05.05 20:14:43.203,1.07266,1.07271,1.00,1.01
2016.05.05 20:14:43.305,1.07266,1.07271,1.50,1.25
2016.05.05 20:15:00.015,1.07267,1.07272,1.50,1.19
2016.05.05 20:15:03.622,1.07267,1.07269,1.37,1.00
2016.05.05 20:15:07.960,1.07265,1.07268,2.25,1.00
2016.05.05 20:15:08.809,1.07264,1.07269,2.44,1.00
2016.05.05 20:15:09.315,1.07266,1.07269,1.37,1.00
2016.05.05 20:15:09.921,1.07265,1.07269,1.12,1.00
2016.05.05 20:15:20.986,1.07266,1.0727,1.10,1.00
2016.05.05 20:15:21.504,1.07266,1.07269,1.10,1.00
2016.05.05 20:15:22.017,1.07265,1.07269,1.87,1.00
2016.05.05 20:15:30.975,1.07264,1.07268,2.44,1.00
2016.05.05 20:15:31.481,1.07264,1.07268,2.44,1.00
2016.05.05 20:15:34.674,1.07264,1.07268,2.44,1.00
2016.05.05 20:15:36.865,1.07264,1.07268,2.06,1.00
2016.05.05 20:15:38.275,1.07264,1.07268,2.06,1.00
2016.05.05 20:15:39.467,1.07264,1.07268,2.06,1.00
2016.05.05 20:15:41.896,1.07264,1.07268,2.44,1.00
2016.05.05 20:15:56.785,1.07264,1.07268,2.06,1.00
2016.05.05 20:15:59.230,1.07264,1.07268,2.44,1.00
2016.05.05 20:16:02.321,1.07264,1.0727,3.56,1.45
2016.05.05 20:16:02.624,1.07269,1.07273,1.12,1.50
2016.05.05 20:16:03.936,1.07269,1.07273,1.12,1.00
2016.05.05 20:16:08.140,1.07269,1.07274,1.87,1.01
2016.05.05 20:16:11.920,1.0727,1.07276,1.12,1.50
2016.05.05 20:16:12.426,1.0727,1.07276,3.75,1.50
2016.05.05 20:16:17.114,1.07271,1.07276,1.87,1.00
2016.05.05 20:16:18.011,1.07271,1.07277,1.87,1.25
2016.05.05 20:16:20.831,1.07272,1.07278,1.12,1.69
2016.05.05 20:16:35.041,1.07272,1.07278,4.69,1.00
2016.05.05 20:16:35.606,1.07273,1.07279,1.12,1.50
2016.05.05 20:16:38.284,1.07273,1.07279,1.12,1.50
2016.05.05 20:16:47.619,1.07272,1.07278,3.26,1.00
2016.05.05 20:16:48.141,1.07273,1.07279,1.75,1.10
2016.05.05 20:16:50.081,1.07274,1.07279,1.00,1.10
2016.05.05 20:16:52.677,1.07273,1.07279,1.75,1.10
2016.05.05 20:16:54.213,1.07273,1.07277,1.75,1.00
2016.05.05 20:16:54.366,1.07272,1.07277,1.01,1.00
2016.05.05 20:17:10.093,1.07272,1.07278,1.01,2.25
2016.05.05 20:17:10.598,1.07272,1.07278,1.01,1.50
2016.05.05 20:17:11.104,1.07274,1.07279,1.00,1.10
2016.05.05 20:17:11.879,1.07273,1.07279,1.75,1.10
2016.05.05 20:17:20.410,1.07273,1.07279,1.10,1.50
2016.05.05 20:17:22.024,1.07272,1.07279,2.81,1.50
2016.05.05 20:17:29.651,1.07272,1.07279,2.81,1.50
2016.05.05 20:17:35.031,1.07273,1.07279,1.47,1.00
2016.05.05 20:17:35.778,1.07273,1.07278,1.47,1.00
2016.05.05 20:17:35.829,1.07273,1.07276,1.47,1.00
2016.05.05 20:17:35.931,1.07271,1.07276,1.50,1.37
2016.05.05 20:17:36.494,1.0727,1.07275,2.06,1.12
2016.05.05 20:17:37.679,1.0727,1.07276,1.22,1.50
2016.05.05 20:17:38.947,1.07271,1.07277,1.47,1.00
2016.05.05 20:17:39.453,1.07272,1.07278,1.39,1.00
2016.05.05 20:17:46.325,1.07272,1.07277,1.01,1.00
2016.05.05 20:17:46.528,1.0727,1.07276,1.69,1.00
2016.05.05 20:17:56.326,1.0727,1.07277,2.44,1.50
2016.05.05 20:18:00.484,1.0727,1.07276,1.69,1.00
2016.05.05 20:18:17.026,1.0727,1.07277,2.44,1.50
2016.05.05 20:18:25.586,1.0727,1.07276,1.69,1.00
2016.05.05 20:18:28.015,1.0727,1.07277,2.44,1.50
2016.05.05 20:18:35.706,1.07272,1.07277,1.00,1.00
2016.05.05 20:19:01.719,1.07271,1.07277,1.20,1.00
2016.05.05 20:19:07.954,1.07272,1.07277,1.00,1.00
2016.05.05 20:19:15.127,1.07272,1.07278,1.12,3.26
2016.05.05 20:19:35.064,1.07271,1.07277,1.87,1.00
2016.05.05 20:20:09.278,1.07272,1.07277,1.12,1.00
2016.05.05 20:20:28.748,1.07272,1.07279,2.81,1.50
2016.05.05 20:20:31.871,1.07272,1.07278,2.06,1.00
2016.05.05 20:20:32.125,1.0727,1.07276,1.87,1.00
2016.05.05 20:21:02.400,1.07271,1.07277,1.37,1.69
2016.05.05 20:21:07.149,1.0727,1.07276,1.75,1.00
2016.05.05 20:21:15.104,1.07271,1.07277,1.37,1.69
2016.05.05 20:21:35.626,1.0727,1.07277,1.50,1.25
2016.05.05 20:21:55.107,1.07271,1.07278,1.47,2.51
2016.05.05 20:22:00.441,1.07271,1.07278,1.37,3.19
2016.05.05 20:22:20.066,1.07271,1.07278,1.47,2.81
2016.05.05 20:22:27.147,1.07272,1.07278,1.37,1.31
2016.05.05 20:22:27.652,1.07272,1.07278,1.39,1.57
2016.05.05 20:22:55.056,1.07271,1.07278,2.44,3.82
2016.05.05 20:22:59.665,1.07272,1.07278,1.22,3.75
2016.05.05 20:23:03.584,1.07271,1.07278,2.14,4.57
2016.05.05 20:23:15.019,1.07271,1.07277,1.10,1.25
2016.05.05 20:23:36.525,1.07271,1.07277,1.37,1.76
2016.05.05 20:23:39.416,1.0727,1.07277,2.06,1.76
2016.05.05 20:23:42.281,1.07271,1.07277,1.37,1.76
2016.05.05 20:23:45.331,1.0727,1.07277,2.06,1.76
2016.05.05 20:24:15.053,1.07271,1.07277,1.37,1.25
2016.05.05 20:24:43.126,1.07272,1.07278,1.87,1.69
2016.05.05 20:24:43.227,1.07273,1.07279,2.32,1.50
2016.05.05 20:24:43.281,1.07273,1.07279,3.00,1.00
2016.05.05 20:24:43.832,1.07273,1.07279,1.50,1.00
2016.05.05 20:24:52.403,1.07272,1.07278,3.00,1.19
2016.05.05 20:24:52.505,1.07272,1.07277,1.00,1.25
2016.05.05 20:24:54.458,1.0727,1.07277,4.31,1.25
2016.05.05 20:24:55.857,1.07271,1.07278,2.14,2.25
2016.05.05 20:24:56.364,1.07272,1.07279,1.69,1.50
2016.05.05 20:25:01.793,1.07272,1.07278,1.31,1.00
2016.05.05 20:25:07.705,1.07271,1.07278,2.44,3.75
2016.05.05 20:25:08.217,1.07272,1.07278,1.22,1.00
2016.05.05 20:25:12.548,1.07274,1.07279,1.00,1.00
2016.05.05 20:25:13.055,1.07274,1.07281,4.50,1.19
2016.05.05 20:25:19.692,1.07275,1.07281,2.14,1.00
2016.05.05 20:25:20.197,1.07275,1.07282,2.14,1.50
2016.05.05 20:25:21.519,1.07275,1.07281,1.25,1.00
2016.05.05 20:25:22.430,1.07274,1.0728,1.10,1.00
2016.05.05 20:25:37.112,1.07274,1.07281,1.47,2.06
2016.05.05 20:25:41.975,1.07274,1.07281,2.70,1.31
2016.05.05 20:25:42.332,1.07273,1.0728,4.69,1.10
2016.05.05 20:25:49.552,1.07273,1.07281,4.69,2.81
2016.05.05 20:25:54.998,1.07274,1.0728,1.10,1.10
2016.05.05 20:26:02.310,1.07273,1.07279,2.06,1.00
2016.05.05 20:26:10.028,1.07273,1.0728,2.06,1.10
2016.05.05 20:26:10.636,1.07273,1.07279,1.22,1.00
2016.05.05 20:26:18.450,1.07272,1.07279,3.19,1.10
2016.05.05 20:26:18.988,1.07273,1.07279,1.22,1.00
2016.05.05 20:26:22.417,1.07272,1.07278,1.50,1.00
2016.05.05 20:26:22.668,1.07273,1.0728,2.44,1.01
2016.05.05 20:26:27.683,1.07273,1.07279,2.44,1.00
2016.05.05 20:26:28.189,1.07274,1.07281,1.50,1.76
2016.05.05 20:26:29.354,1.07273,1.07279,1.50,1.25
2016.05.05 20:26:29.405,1.07272,1.07279,1.50,1.25
2016.05.05 20:26:29.910,1.07271,1.07278,5.25,1.00
2016.05.05 20:26:35.086,1.07272,1.07279,1.50,1.25
2016.05.05 20:26:43.898,1.07273,1.07279,1.69,1.10
2016.05.05 20:26:44.404,1.07272,1.07279,1.66,2.32
2016.05.05 20:26:44.909,1.07271,1.07278,3.00,1.00
2016.05.05 20:26:52.756,1.07272,1.07278,1.39,1.00
2016.05.05 20:26:53.262,1.07273,1.0728,1.62,2.06
2016.05.05 20:26:57.174,1.07275,1.0728,1.19,1.12
2016.05.05 20:26:57.384,1.07277,1.07283,1.37,2.25
2016.05.05 20:26:57.739,1.07275,1.07282,1.66,1.87
2016.05.05 20:27:04.619,1.07276,1.07283,1.62,8.25
2016.05.05 20:27:15.053,1.07275,1.07282,1.66,1.12
2016.05.05 20:27:16.834,1.07275,1.07282,5.89,1.12
2016.05.05 20:27:24.602,1.07277,1.07282,1.37,1.10
2016.05.05 20:27:28.800,1.07277,1.07282,1.00,6.82
2016.05.05 20:27:29.309,1.07275,1.07282,1.69,7.57
2016.05.05 20:27:33.619,1.07276,1.07282,1.39,1.10
2016.05.05 20:27:34.126,1.07277,1.07283,1.10,8.32
2016.05.05 20:27:55.117,1.07277,1.07283,1.47,6.07
2016.05.05 20:28:04.692,1.07277,1.07283,1.20,4.57
2016.05.05 20:28:05.198,1.07277,1.07283,1.47,5.32
2016.05.05 20:28:11.472,1.07278,1.07283,1.37,6.82
2016.05.05 20:28:14.810,1.07279,1.07284,1.37,2.32
2016.05.05 20:28:32.266,1.07279,1.07284,1.37,3.56
2016.05.05 20:28:32.790,1.07279,1.07284,1.37,3.56
2016.05.05 20:28:33.208,1.07277,1.07283,1.66,2.51
2016.05.05 20:28:35.519,1.07277,1.07283,1.47,3.45
2016.05.05 20:28:36.047,1.07276,1.07283,1.50,4.20
2016.05.05 20:28:41.177,1.07276,1.07283,1.47,4.50
2016.05.05 20:28:55.037,1.07277,1.07283,1.37,1.50
2016.05.05 20:28:55.562,1.07277,1.07284,1.47,3.56
2016.05.05 20:28:56.106,1.07278,1.07284,1.62,2.62
2016.05.05 20:29:08.007,1.07278,1.07284,1.25,3.37
2016.05.05 20:29:11.770,1.07277,1.07284,3.19,3.07
2016.05.05 20:29:12.885,1.07277,1.07284,1.95,3.56
2016.05.05 20:29:20.659,1.07278,1.07284,1.95,3.26
2016.05.05 20:29:20.761,1.0728,1.07284,1.37,2.32
2016.05.05 20:29:21.977,1.07277,1.07284,3.00,3.26
2016.05.05 20:29:40.650,1.07282,1.07284,2.25,3.19
2016.05.05 20:29:41.061,1.07278,1.07284,1.47,2.25
2016.05.05 20:29:41.872,1.07277,1.07283,1.50,1.00
2016.05.05 20:29:50.097,1.07278,1.07284,1.57,1.50
2016.05.05 20:29:50.603,1.07278,1.07285,1.95,1.95
2016.05.05 20:29:51.131,1.07278,1.07284,1.00,2.32
2016.05.05 20:29:51.637,1.07277,1.07283,1.37,1.10
2016.05.05 20:29:52.106,1.07275,1.07282,2.14,1.00
2016.05.05 20:30:00.288,1.07275,1.07277,1.20,2.44
2016.05.05 20:30:00.390,1.07272,1.07277,1.00,2.06
2016.05.05 20:30:00.593,1.07272,1.07279,1.00,1.84
2016.05.05 20:30:01.049,1.07272,1.07281,1.57,2.59
2016.05.05 20:30:08.058,1.07273,1.07281,1.00,2.59
2016.05.05 20:30:08.160,1.07275,1.07283,1.00,4.01
2016.05.05 20:30:08.344,1.07275,1.07283,1.57,2.62
2016.05.05 20:30:11.349,1.07274,1.07281,1.50,1.00
2016.05.05 20:30:11.501,1.07273,1.07281,2.51,1.76
2016.05.05 20:30:32.179,1.07274,1.07282,1.00,2.89
2016.05.05 20:30:32.533,1.07274,1.07283,1.87,1.87
2016.05.05 20:30:59.083,1.07273,1.07279,3.75,1.00
2016.05.05 20:30:59.236,1.07271,1.07277,2.06,1.50
2016.05.05 20:31:00.641,1.07271,1.07278,1.12,1.25
2016.05.05 20:31:00.844,1.07272,1.07281,1.39,2.14
2016.05.05 20:31:10.487,1.07273,1.0728,1.00,1.20
2016.05.05 20:31:10.791,1.07274,1.07283,1.50,2.81
2016.05.05 20:31:23.790,1.07274,1.07282,1.12,1.12
2016.05.05 20:31:24.300,1.07273,1.07282,1.95,1.87
2016.05.05 20:31:35.891,1.07273,1.0728,1.20,1.00
2016.05.05 20:31:43.413,1.07272,1.07281,3.37,1.10
2016.05.05 20:32:01.801,1.07272,1.07279,2.62,1.00
2016.05.05 20:32:02.105,1.0727,1.07277,1.31,2.44
2016.05.05 20:32:02.409,1.07269,1.07277,2.32,3.94
2016.05.05 20:32:03.407,1.07271,1.07277,1.00,3.19
2016.05.05 20:32:07.002,1.07269,1.07277,3.00,2.00
2016.05.05 20:32:09.536,1.07271,1.07277,1.00,4.69
2016.05.05 20:32:10.339,1.07271,1.07277,1.00,1.69
2016.05.05 20:32:10.908,1.07269,1.07277,3.45,1.69
2016.05.05 20:32:14.656,1.07269,1.07277,2.70,2.00
2016.05.05 20:32:15.723,1.0727,1.07277,1.31,2.00
2016.05.05 20:32:17.717,1.0727,1.07278,1.91,5.44
2016.05.05 20:32:17.919,1.0727,1.07278,2.00,4.69
2016.05.05 20:32:24.866,1.07269,1.07277,2.06,2.44
2016.05.05 20:32:25.372,1.07269,1.07275,1.25,1.95
2016.05.05 20:32:46.457,1.07269,1.07276,1.62,3.75
2016.05.05 20:32:49.476,1.07269,1.07276,1.31,4.50
2016.05.05 20:32:55.868,1.07269,1.07276,2.06,1.75
2016.05.05 20:32:56.660,1.0727,1.07276,1.12,1.75
2016.05.05 20:32:57.174,1.07269,1.07276,1.25,2.25
2016.05.05 20:33:12.467,1.07269,1.07276,1.25,1.87
2016.05.05 20:33:21.838,1.07269,1.07276,2.06,2.62
2016.05.05 20:33:22.511,1.07269,1.07276,1.69,2.62
2016.05.05 20:33:23.166,1.07269,1.07276,2.44,1.87
2016.05.05 20:33:26.637,1.07275,1.07277,1.50,1.69
2016.05.05 20:33:26.740,1.07276,1.0728,1.19,1.12
2016.05.05 20:33:26.791,1.07276,1.07281,1.00,1.95
2016.05.05 20:33:27.314,1.07275,1.0728,1.00,1.50
2016.05.05 20:33:30.061,1.07277,1.07281,1.19,4.57
2016.05.05 20:33:30.213,1.07277,1.07281,2.06,1.95
2016.05.05 20:33:30.314,1.07278,1.07284,3.94,2.62
2016.05.05 20:33:32.073,1.0728,1.07284,1.00,2.62
2016.05.05 20:33:34.165,1.07279,1.07284,1.25,2.62
2016.05.05 20:33:38.324,1.07279,1.07286,1.69,2.89
2016.05.05 20:33:39.308,1.0728,1.07286,1.00,3.00
2016.05.05 20:33:42.682,1.07279,1.07286,1.25,3.75
2016.05.05 20:33:51.928,1.0728,1.07285,1.00,1.31
2016.05.05 20:34:07.452,1.07281,1.07285,1.00,1.31
2016.05.05 20:34:28.683,1.0728,1.07286,1.50,2.25
2016.05.05 20:34:30.985,1.07281,1.07286,1.00,2.25
2016.05.05 20:34:35.667,1.07281,1.07286,1.50,1.57
2016.05.05 20:34:49.156,1.07281,1.07286,1.00,1.57
2016.05.05 20:34:49.208,1.0728,1.07283,1.00,1.00
2016.05.05 20:34:49.715,1.0728,1.07284,1.00,1.10
2016.05.05 20:35:25.591,1.0728,1.07284,1.00,1.50
2016.05.05 20:35:37.701,1.0728,1.07284,1.25,1.10
2016.05.05 20:36:17.123,1.07279,1.07284,1.50,1.10
2016.05.05 20:36:21.921,1.0728,1.07284,1.00,1.10
2016.05.05 20:36:22.427,1.07279,1.07284,1.00,1.69
2016.05.05 20:36:26.647,1.0728,1.07284,1.00,1.50
2016.05.05 20:36:28.309,1.07279,1.07284,1.69,1.50
2016.05.05 20:36:28.846,1.0728,1.07284,1.00,1.50
2016.05.05 20:36:30.496,1.0728,1.07284,1.00,1.10
2016.05.05 20:36:49.527,1.07281,1.07284,1.00,1.00
2016.05.05 20:36:49.730,1.07282,1.07288,1.00,3.56
2016.05.05 20:36:50.236,1.07282,1.07288,1.00,1.87
2016.05.05 20:36:55.584,1.07283,1.07288,1.00,1.50
2016.05.05 20:36:55.686,1.07283,1.07289,1.10,1.76
2016.05.05 20:37:00.632,1.07282,1.07289,1.00,1.69
2016.05.05 20:37:24.725,1.07283,1.07289,1.00,1.22
2016.05.05 20:37:27.593,1.07283,1.0729,1.00,1.31
2016.05.05 20:37:32.424,1.07282,1.0729,1.10,3.94
2016.05.05 20:37:32.475,1.07282,1.0729,1.00,4.69
2016.05.05 20:37:33.090,1.07281,1.07289,1.69,1.69
2016.05.05 20:37:36.340,1.07283,1.0729,1.00,3.94
2016.05.05 20:37:36.545,1.07284,1.07291,1.00,6.19
2016.05.05 20:37:40.259,1.07285,1.07291,1.00,3.56
2016.05.05 20:37:46.569,1.07284,1.07291,1.10,2.81
2016.05.05 20:37:48.327,1.07285,1.07291,1.00,2.81
2016.05.05 20:37:48.841,1.07284,1.07291,1.10,2.81
2016.05.05 20:37:50.620,1.07285,1.07291,1.00,2.81
2016.05.05 20:37:51.131,1.07285,1.07291,1.00,4.20
2016.05.05 20:37:56.407,1.07287,1.07291,1.00,1.87
2016.05.05 20:37:56.610,1.07287,1.07293,1.00,1.10
2016.05.05 20:37:57.594,1.07287,1.07294,1.10,1.57
2016.05.05 20:38:06.169,1.07287,1.07293,1.10,1.00
2016.05.05 20:38:07.048,1.07289,1.07293,1.00,1.00
2016.05.05 20:38:07.099,1.07289,1.07297,1.12,3.19
2016.05.05 20:38:07.616,1.07289,1.07297,1.00,3.19
2016.05.05 20:38:08.472,1.07288,1.07296,2.51,1.31
2016.05.05 20:38:09.017,1.07288,1.07296,1.25,3.56
2016.05.05 20:38:10.622,1.07287,1.07295,1.10,1.12
2016.05.05 20:38:11.172,1.07287,1.07295,1.00,4.87
2016.05.05 20:38:11.823,1.0729,1.07294,1.00,1.12
2016.05.05 20:38:11.925,1.0729,1.07295,1.00,1.10
2016.05.05 20:38:12.027,1.07288,1.07296,1.95,1.87
2016.05.05 20:38:12.613,1.07288,1.07296,1.12,1.87
2016.05.05 20:38:13.606,1.07289,1.07296,1.00,1.37
2016.05.05 20:38:14.128,1.07289,1.07297,1.00,1.50
2016.05.05 20:38:15.734,1.0729,1.07297,1.00,1.87
2016.05.05 20:38:16.279,1.0729,1.07297,1.10,1.31
2016.05.05 20:38:59.105,1.07292,1.07296,1.00,1.57
2016.05.05 20:38:59.308,1.07293,1.07301,1.46,5.44
2016.05.05 20:38:59.359,1.07293,1.07301,2.14,3.26
2016.05.05 20:38:59.895,1.07293,1.073,2.14,1.00
2016.05.05 20:39:00.906,1.07292,1.073,1.95,2.44
2016.05.05 20:39:01.210,1.07291,1.07298,2.14,1.12
2016.05.05 20:39:01.575,1.07294,1.07298,1.00,1.12
2016.05.05 20:39:01.685,1.07294,1.07301,1.69,1.76
2016.05.05 20:39:06.368,1.07294,1.073,1.69,1.00
2016.05.05 20:39:06.910,1.07294,1.07301,1.69,1.76
2016.05.05 20:39:12.477,1.07295,1.07302,1.00,6.56
2016.05.05 20:39:12.995,1.07294,1.07301,2.77,1.25
2016.05.05 20:39:19.490,1.07294,1.07301,3.19,1.01
2016.05.05 20:39:32.616,1.07294,1.07301,2.44,1.39
2016.05.05 20:39:33.337,1.07294,1.07301,2.44,1.39
2016.05.05 20:39:33.847,1.07294,1.073,1.69,1.10
2016.05.05 20:39:48.257,1.07296,1.07301,1.00,2.44
2016.05.05 20:39:48.762,1.07295,1.07303,1.10,8.44
2016.05.05 20:40:11.282,1.07296,1.07302,1.00,1.29
2016.05.05 20:40:11.587,1.07299,1.07306,1.84,1.12
2016.05.05 20:40:12.094,1.073,1.07308,1.00,3.00
2016.05.05 20:40:16.164,1.073,1.07308,1.00,3.00
2016.05.05 20:40:17.750,1.07301,1.07308,1.00,2.25
2016.05.05 20:40:18.129,1.07303,1.07309,1.00,2.25
2016.05.05 20:40:18.653,1.07303,1.07311,1.00,4.31
2016.05.05 20:40:21.618,1.07308,1.07311,1.00,1.69
2016.05.05 20:40:21.720,1.0731,1.07312,1.00,1.00
2016.05.05 20:40:22.192,1.07307,1.07314,2.89,1.87
2016.05.05 20:40:22.294,1.07306,1.07314,2.44,3.37
2016.05.05 20:40:22.651,1.07305,1.07312,2.81,1.12
2016.05.05 20:40:23.111,1.07304,1.07311,1.31,2.25
2016.05.05 20:40:23.474,1.07308,1.07311,1.69,1.50
2016.05.05 20:40:23.526,1.07308,1.07314,1.31,1.50
2016.05.05 20:40:23.627,1.07306,1.07314,1.50,3.37
2016.05.05 20:40:27.074,1.07306,1.07314,1.19,2.25
2016.05.05 20:40:29.576,1.07306,1.07309,1.00,1.00
2016.05.05 20:40:29.729,1.07301,1.07305,1.00,1.01
2016.05.05 20:40:29.780,1.07301,1.07302,1.00,1.00
2016.05.05 20:40:29.932,1.07294,1.07301,2.24,1.35
2016.05.05 20:40:30.033,1.07293,1.07297,1.19,1.00
2016.05.05 20:40:30.084,1.07292,1.07296,1.01,1.00
2016.05.05 20:40:30.186,1.0729,1.07296,1.84,1.76
2016.05.05 20:40:30.969,1.07293,1.07296,1.26,2.81
2016.05.05 20:40:31.122,1.07294,1.073,1.76,1.16
2016.05.05 20:40:33.689,1.07293,1.07301,1.84,1.69
2016.05.05 20:40:35.091,1.07293,1.07301,1.84,1.69
2016.05.05 20:40:36.822,1.07294,1.07301,1.00,2.44
2016.05.05 20:40:40.931,1.07296,1.07301,1.00,1.76
2016.05.05 20:40:41.033,1.07294,1.07301,1.01,2.06
2016.05.05 20:40:41.561,1.07294,1.07301,1.01,3.19
2016.05.05 20:40:42.684,1.07293,1.07301,2.21,2.44
2016.05.05 20:41:00.716,1.07293,1.07301,1.39,4.50
2016.05.05 20:41:01.254,1.07292,1.07299,2.59,1.10
2016.05.05 20:41:07.566,1.07291,1.07299,2.44,2.70
2016.05.05 20:41:08.072,1.07291,1.07299,1.39,2.62
2016.05.05 20:41:08.989,1.07291,1.07298,1.10,1.10
2016.05.05 20:41:29.290,1.07292,1.07299,1.00,1.87
2016.05.05 20:41:29.814,1.07291,1.07299,2.06,1.76
2016.05.05 20:41:30.679,1.07291,1.07298,1.31,1.50
2016.05.05 20:41:33.374,1.07291,1.07297,1.12,1.00
2016.05.05 20:41:37.238,1.07289,1.07296,2.06,1.00
2016.05.05 20:41:38.301,1.0729,1.07297,1.31,1.00
2016.05.05 20:41:42.698,1.0729,1.07298,1.31,2.51
2016.05.05 20:41:54.413,1.07293,1.073,1.25,7.87
2016.05.05 20:41:54.515,1.07293,1.07302,2.44,4.31
2016.05.05 20:41:55.483,1.07293,1.07299,2.44,1.00
2016.05.05 20:41:55.586,1.07291,1.07299,1.50,1.57
2016.05.05 20:41:56.097,1.07291,1.07298,1.12,1.00
2016.05.05 20:41:56.604,1.07291,1.07297,1.12,1.00
2016.05.05 20:41:57.116,1.07291,1.07298,1.12,1.00
2016.05.05 20:42:00.649,1.0729,1.07297,1.50,1.00
2016.05.05 20:42:02.699,1.0729,1.07298,1.50,1.69
2016.05.05 20:42:12.165,1.07293,1.07298,1.00,1.69
2016.05.05 20:42:12.319,1.07293,1.07301,2.89,2.81
2016.05.05 20:42:12.912,1.07293,1.07301,4.31,1.01
2016.05.05 20:42:25.290,1.07293,1.073,3.37,1.19
2016.05.05 20:42:25.490,1.0729,1.07298,2.62,1.57
2016.05.05 20:42:26.024,1.0729,1.07297,2.25,1.00
2016.05.05 20:42:28.274,1.07289,1.07296,1.87,1.00
2016.05.05 20:42:35.165,1.07289,1.07297,1.50,1.00
2016.05.05 20:42:58.306,1.07292,1.07297,1.19,1.00
2016.05.05 20:42:58.408,1.07293,1.07301,4.01,1.31
2016.05.05 20:42:58.914,1.07293,1.07301,4.31,1.01
2016.05.05 20:43:03.732,1.07293,1.07297,3.56,1.00
2016.05.05 20:43:03.936,1.07286,1.07294,1.37,1.50
2016.05.05 20:43:04.443,1.07285,1.07294,2.25,2.32
2016.05.05 20:43:11.888,1.07285,1.07293,1.50,1.00
2016.05.05 20:43:17.058,1.07285,1.07294,1.50,2.32
2016.05.05 20:43:17.564,1.07285,1.07294,1.87,2.62
2016.05.05 20:43:41.505,1.07288,1.07294,1.00,1.87
2016.05.05 20:43:42.011,1.07285,1.07294,2.62,1.12
2016.05.05 20:43:59.210,1.07287,1.07294,3.82,1.01
2016.05.05 20:44:24.214,1.07287,1.07295,4.76,1.31
2016.05.05 20:44:42.187,1.07288,1.07292,1.25,1.50
2016.05.05 20:44:42.411,1.07283,1.07291,2.06,2.81
2016.05.05 20:44:43.988,1.07282,1.0729,2.06,2.25
2016.05.05 20:44:49.102,1.07284,1.07292,1.00,5.51
2016.05.05 20:44:49.153,1.07285,1.07292,1.10,3.34
2016.05.05 20:44:49.204,1.07287,1.07292,1.87,1.10
2016.05.05 20:44:49.710,1.07287,1.07294,2.06,1.50
2016.05.05 20:46:23.164,1.07287,1.07296,2.14,3.94
2016.05.05 20:46:46.576,1.07287,1.07296,2.81,3.94
2016.05.05 20:47:30.489,1.07287,1.07294,1.87,1.57
2016.05.05 20:47:30.693,1.07282,1.07289,1.50,1.25
2016.05.05 20:47:31.199,1.07282,1.0729,1.10,3.19
2016.05.05 20:47:33.530,1.07282,1.0729,2.62,1.29
2016.05.05 20:47:36.554,1.07282,1.07291,1.12,1.87
2016.05.05 20:47:43.354,1.07282,1.07287,1.12,1.00
2016.05.05 20:47:43.455,1.07278,1.07285,1.19,2.62
2016.05.05 20:47:43.507,1.07277,1.07279,3.82,1.00
2016.05.05 20:47:43.558,1.07275,1.07278,1.76,1.00
2016.05.05 20:47:43.609,1.07274,1.07275,1.12,1.00
2016.05.05 20:47:43.761,1.07267,1.07276,3.19,1.75
2016.05.05 20:47:44.309,1.07269,1.07277,1.45,1.94
2016.05.05 20:47:44.361,1.07269,1.07277,1.57,1.69
2016.05.05 20:47:44.868,1.07269,1.07277,3.94,1.69
2016.05.05 20:47:45.541,1.0727,1.07277,1.00,1.69
2016.05.05 20:47:46.563,1.07269,1.07277,2.06,2.44
2016.05.05 20:47:47.070,1.0727,1.07277,1.00,2.44
2016.05.05 20:47:57.583,1.07271,1.07277,1.00,1.69
2016.05.05 20:47:58.089,1.0727,1.07278,1.50,1.94
2016.05.05 20:47:58.797,1.07271,1.07278,1.00,1.94
2016.05.05 20:47:59.345,1.0727,1.07278,1.50,1.94
2016.05.05 20:48:01.263,1.0727,1.07279,2.25,1.69
2016.05.05 20:48:01.314,1.0727,1.07279,2.81,1.50
2016.05.05 20:48:01.820,1.07272,1.0728,1.25,1.69
2016.05.05 20:48:07.969,1.07272,1.0728,1.69,1.69
2016.05.05 20:48:11.077,1.07272,1.07273,1.00,1.00
2016.05.05 20:48:11.178,1.07266,1.07274,5.25,3.75
2016.05.05 20:48:24.252,1.07267,1.07276,1.00,1.75
2016.05.05 20:48:25.154,1.07266,1.07276,2.51,2.25
2016.05.05 20:48:25.655,1.07267,1.07276,1.00,1.75
2016.05.05 20:48:43.202,1.07266,1.07276,5.89,2.25
2016.05.05 20:48:43.752,1.07267,1.07276,1.00,1.75
2016.05.05 20:48:46.532,1.07268,1.07277,1.00,3.75
2016.05.05 20:48:46.666,1.07268,1.07277,2.14,3.00
2016.05.05 20:48:46.717,1.07269,1.07277,1.45,2.25
2016.05.05 20:49:01.877,1.07269,1.07279,2.02,2.62
2016.05.05 20:49:09.085,1.07268,1.07275,1.42,1.00
2016.05.05 20:49:13.587,1.07269,1.07276,1.44,1.10
2016.05.05 20:49:15.695,1.0727,1.07279,1.50,3.00
2016.05.05 20:49:16.009,1.07268,1.07278,2.92,2.44
2016.05.05 20:49:16.516,1.07268,1.07277,1.61,1.12
2016.05.05 20:49:17.022,1.07269,1.07278,1.45,2.25
2016.05.05 20:49:24.021,1.07268,1.07278,1.87,2.62
2016.05.05 20:49:24.561,1.07269,1.07278,1.00,2.62
2016.05.05 20:49:25.067,1.07268,1.07278,1.76,2.62
2016.05.05 20:49:32.132,1.07268,1.07278,2.17,3.00
2016.05.05 20:49:44.130,1.07268,1.07277,1.12,1.37
2016.05.05 20:49:53.367,1.07266,1.07272,1.05,1.00
2016.05.05 20:49:53.571,1.07263,1.07269,1.00,2.62
2016.05.05 20:49:53.673,1.0726,1.07268,2.06,1.91
2016.05.05 20:49:53.775,1.0726,1.07265,1.31,1.00
2016.05.05 20:49:53.876,1.07259,1.07268,2.25,3.45
2016.05.05 20:49:54.383,1.0726,1.07269,1.10,1.87
2016.05.05 20:49:54.525,1.07268,1.0727,1.00,1.50
2016.05.05 20:49:54.628,1.0727,1.07274,1.87,3.82
2016.05.05 20:49:54.730,1.0727,1.07276,1.87,1.10
2016.05.05 20:49:55.763,1.07273,1.07278,1.00,1.56
2016.05.05 20:49:55.864,1.07274,1.07279,1.00,1.87
2016.05.05 20:49:55.915,1.07276,1.07279,1.87,1.00
2016.05.05 20:50:00.120,1.07276,1.07281,1.87,1.69
2016.05.05 20:50:00.416,1.07273,1.07278,1.76,1.00
2016.05.05 20:50:00.771,1.07272,1.07276,1.20,1.00
2016.05.05 20:50:00.822,1.07271,1.07275,1.10,1.00
2016.05.05 20:50:00.924,1.07267,1.07274,1.47,1.10
2016.05.05 20:50:01.129,1.07265,1.07271,1.62,1.00
2016.05.05 20:50:01.282,1.07264,1.07269,1.00,1.01
2016.05.05 20:50:02.570,1.07261,1.07269,1.12,1.10
2016.05.05 20:50:03.407,1.07259,1.07268,2.25,1.00
2016.05.05 20:50:04.189,1.07259,1.07269,2.25,1.57
2016.05.05 20:50:09.218,1.0726,1.07268,1.50,1.00
2016.05.05 20:50:10.083,1.07259,1.07269,3.00,2.32
2016.05.05 20:50:12.895,1.0726,1.07268,1.50,1.00
2016.05.05 20:50:13.174,1.07259,1.07267,1.12,1.12
2016.05.05 20:50:16.403,1.07258,1.0726,1.20,1.00
2016.05.05 20:50:16.505,1.07253,1.07256,2.62,1.00
2016.05.05 20:50:16.556,1.07249,1.07256,1.37,1.00
2016.05.05 20:50:16.682,1.07249,1.07256,1.00,1.50
2016.05.05 20:50:17.189,1.07248,1.07257,3.19,2.81
2016.05.05 20:50:20.567,1.07248,1.07256,1.87,1.12
2016.05.05 20:50:20.872,1.07252,1.07257,1.20,1.50
2016.05.05 20:50:21.175,1.07254,1.07258,1.25,1.00
2016.05.05 20:50:21.327,1.07254,1.07262,1.25,1.62
2016.05.05 20:50:25.339,1.07252,1.07261,1.76,1.69
2016.05.05 20:50:28.083,1.07252,1.0726,1.01,1.39
2016.05.05 20:50:33.292,1.07253,1.0726,1.07,1.62
2016.05.05 20:50:33.596,1.07255,1.07262,1.76,1.12
2016.05.05 20:50:34.395,1.07255,1.07262,1.76,1.37
2016.05.05 20:50:37.252,1.07255,1.07262,1.76,1.12
2016.05.05 20:50:38.704,1.07256,1.07261,1.76,1.00
2016.05.05 20:50:38.856,1.07254,1.07261,3.75,1.12
2016.05.05 20:50:38.907,1.07253,1.0726,2.14,1.11
2016.05.05 20:50:39.211,1.0725,1.0726,4.69,2.17
2016.05.05 20:50:39.314,1.07251,1.0726,2.44,2.06
2016.05.05 20:50:45.176,1.07252,1.0726,2.81,1.37
2016.05.05 20:50:47.282,1.07252,1.07261,3.19,1.37
2016.05.05 20:50:49.888,1.07254,1.07261,1.00,1.37
2016.05.05 20:50:51.141,1.07255,1.07263,1.50,1.12
2016.05.05 20:50:51.647,1.07256,1.07263,1.25,1.37
2016.05.05 20:50:54.232,1.07257,1.07263,1.00,1.37
2016.05.05 20:50:54.794,1.07257,1.07264,1.19,1.75
2016.05.05 20:50:55.059,1.07255,1.07264,2.81,1.75
2016.05.05 20:50:55.161,1.07255,1.07264,2.81,1.00
2016.05.05 20:50:55.667,1.07257,1.07265,2.25,1.87
2016.05.05 20:50:56.172,1.07257,1.07265,3.19,1.12
2016.05.05 20:50:57.325,1.07257,1.07266,3.56,1.01
2016.05.05 20:51:10.611,1.07257,1.07266,2.81,2.89
2016.05.05 20:51:11.854,1.07257,1.07266,4.31,2.14
2016.05.05 20:51:15.170,1.07257,1.07264,3.56,1.00
2016.05.05 20:51:15.273,1.07254,1.07264,2.81,1.87
2016.05.05 20:51:15.324,1.07254,1.07264,2.81,1.87
2016.05.05 20:51:15.830,1.07253,1.07263,3.56,1.50
2016.05.05 20:51:19.172,1.07253,1.07262,2.81,1.00
2016.05.05 20:51:21.161,1.07254,1.07263,1.31,2.62
2016.05.05 20:51:26.244,1.07254,1.07263,2.06,1.00
2016.05.05 20:51:26.901,1.07253,1.07262,5.44,1.00
2016.05.05 20:51:27.903,1.07253,1.07261,1.69,1.00
2016.05.05 20:51:28.408,1.07253,1.07262,1.69,1.87
2016.05.05 20:51:28.923,1.07254,1.07263,2.06,1.00
2016.05.05 20:51:29.988,1.07254,1.07262,1.31,1.00
2016.05.05 20:51:34.797,1.07253,1.07263,2.81,1.50
2016.05.05 20:51:36.468,1.07253,1.07262,2.06,1.00
2016.05.05 20:51:44.094,1.07252,1.07261,1.31,1.00
2016.05.05 20:51:55.034,1.07252,1.07262,1.69,1.87
2016.05.05 20:51:55.540,1.07251,1.07261,3.94,1.00
2016.05.05 20:51:56.367,1.07252,1.07262,2.44,1.50
2016.05.05 20:52:05.353,1.07252,1.07261,2.44,1.00
2016.05.05 20:52:06.979,1.07251,1.0726,2.06,1.00
2016.05.05 20:52:07.891,1.07251,1.07261,2.81,1.00
2016.05.05 20:52:08.422,1.07251,1.0726,2.06,1.00
2016.05.05 20:52:10.878,1.07251,1.07261,2.81,1.00
2016.05.05 20:52:14.661,1.07252,1.0726,1.56,1.00
2016.05.05 20:52:16.454,1.07251,1.07259,2.06,1.00
2016.05.05 20:52:16.707,1.0725,1.07259,4.01,1.00
2016.05.05 20:52:20.302,1.07252,1.0726,1.12,1.00
2016.05.05 20:52:20.808,1.07251,1.07259,1.62,1.00
2016.05.05 20:52:22.877,1.07252,1.0726,1.12,1.12
2016.05.05 20:52:23.383,1.07251,1.07259,1.62,1.00
2016.05.05 20:52:24.894,1.07251,1.07258,1.62,1.00
2016.05.05 20:52:26.665,1.07253,1.07259,1.00,1.00
2016.05.05 20:52:26.767,1.07253,1.07261,1.00,3.37
2016.05.05 20:52:27.384,1.07254,1.07263,1.00,1.87
2016.05.05 20:52:27.893,1.07253,1.07262,2.06,1.00
2016.05.05 20:52:28.500,1.07253,1.07263,1.31,1.87
2016.05.05 20:52:29.005,1.07254,1.07263,1.00,1.87
2016.05.05 20:52:32.640,1.07254,1.07263,1.12,1.87
2016.05.05 20:52:37.448,1.07254,1.07263,1.12,1.50
2016.05.05 20:52:39.645,1.07254,1.07264,4.31,6.56
2016.05.05 20:52:45.729,1.07254,1.07262,1.31,1.00
2016.05.05 20:52:46.236,1.07254,1.07261,1.31,1.00
2016.05.05 20:52:47.890,1.07254,1.07261,1.00,1.00
2016.05.05 20:52:49.189,1.07254,1.07262,1.00,1.12
2016.05.05 20:52:49.695,1.07252,1.07261,4.31,1.00
2016.05.05 20:52:50.200,1.07253,1.07263,1.31,1.87
2016.05.05 20:52:50.708,1.07253,1.07263,1.31,1.87
2016.05.05 20:52:51.209,1.07254,1.07263,1.00,1.87
2016.05.05 20:52:53.839,1.07253,1.07263,2.06,1.87
2016.05.05 20:52:57.108,1.07255,1.07263,1.00,1.37
2016.05.05 20:52:57.159,1.07257,1.07263,1.00,1.00
2016.05.05 20:52:57.211,1.07258,1.07266,1.50,1.19
2016.05.05 20:52:57.312,1.07261,1.07266,1.00,1.25
2016.05.05 20:52:57.617,1.07261,1.07268,1.19,1.00
2016.05.05 20:52:58.076,1.07261,1.07268,1.25,1.00
2016.05.05 20:52:58.178,1.07261,1.0727,1.25,1.00
2016.05.05 20:53:00.120,1.0726,1.07269,1.19,1.00
2016.05.05 20:53:05.860,1.07259,1.07268,1.19,1.00
2016.05.05 20:53:05.911,1.07259,1.07268,1.00,1.00
2016.05.05 20:53:06.266,1.07257,1.07266,2.06,1.00
2016.05.05 20:53:06.621,1.0726,1.07266,1.50,1.00
2016.05.05 20:53:06.773,1.07262,1.0727,1.12,1.39
2016.05.05 20:53:06.875,1.07262,1.07272,1.87,2.44
2016.05.05 20:53:07.418,1.07262,1.07271,1.00,1.00
2016.05.05 20:53:10.162,1.07261,1.0727,1.37,1.50
2016.05.05 20:53:10.711,1.0726,1.07269,2.32,1.00
2016.05.05 20:53:15.377,1.0726,1.0727,5.06,1.12
2016.05.05 20:53:17.282,1.0726,1.07269,2.06,1.00
2016.05.05 20:53:17.821,1.07261,1.07269,1.00,1.00
2016.05.05 20:53:26.214,1.07261,1.0727,1.00,1.12
2016.05.05 20:53:27.001,1.07261,1.07269,1.00,1.00
2016.05.05 20:53:27.872,1.07261,1.0727,1.00,1.12
2016.05.05 20:53:28.404,1.07261,1.0727,1.00,1.37
2016.05.05 20:53:36.836,1.07262,1.0727,1.25,1.00
2016.05.05 20:53:37.342,1.07262,1.07271,1.25,1.12
2016.05.05 20:53:42.941,1.07261,1.0727,2.06,1.00
2016.05.05 20:53:46.053,1.0726,1.07269,5.44,1.00
2016.05.05 20:53:46.104,1.0726,1.07268,5.44,1.00
2016.05.05 20:53:46.610,1.07261,1.07268,1.00,1.50
2016.05.05 20:53:52.444,1.07261,1.07267,1.00,1.00
2016.05.05 20:53:52.951,1.07261,1.07268,1.00,1.87
2016.05.05 20:53:53.970,1.07259,1.07268,1.76,1.87
2016.05.05 20:54:00.575,1.07262,1.0727,1.00,4.12
2016.05.05 20:54:01.362,1.0726,1.07266,2.44,1.00
2016.05.05 20:54:01.869,1.0726,1.07266,1.25,1.00
2016.05.05 20:54:02.375,1.07261,1.07267,1.19,1.00
2016.05.05 20:54:07.323,1.07261,1.07267,1.69,1.00
2016.05.05 20:54:07.830,1.0726,1.07266,4.31,1.00
2016.05.05 20:54:07.931,1.07261,1.07268,1.69,1.00
2016.05.05 20:54:08.468,1.07261,1.07268,1.69,1.00
2016.05.05 20:54:09.329,1.07261,1.07266,1.69,1.00
2016.05.05 20:54:09.648,1.07261,1.07267,1.25,1.00
2016.05.05 20:54:10.155,1.07261,1.07266,1.00,1.00
2016.05.05 20:54:10.614,1.07261,1.07268,1.00,1.00
2016.05.05 20:54:11.047,1.07261,1.07266,1.00,1.00
2016.05.05 20:54:11.320,1.07261,1.07268,2.25,1.00
2016.05.05 20:54:11.472,1.07261,1.07268,3.19,1.00
2016.05.05 20:54:11.980,1.07263,1.07268,1.69,1.00
2016.05.05 20:54:12.487,1.07261,1.07268,2.44,1.00
2016.05.05 20:54:13.034,1.07264,1.07269,1.00,1.00
2016.05.05 20:54:13.792,1.07262,1.07269,4.31,1.00
2016.05.05 20:54:15.138,1.07262,1.07267,1.56,1.00
2016.05.05 20:54:15.644,1.07261,1.07268,1.69,1.00
2016.05.05 20:54:20.535,1.07262,1.07269,1.56,1.00
2016.05.05 20:54:25.576,1.07262,1.07268,1.56,1.00
2016.05.05 20:54:26.082,1.07261,1.07269,3.94,1.00
2016.05.05 20:54:26.386,1.0726,1.07267,1.69,1.00
2016.05.05 20:54:36.476,1.07261,1.07268,1.69,1.00
2016.05.05 20:54:51.846,1.07262,1.07271,1.31,1.25
2016.05.05 20:54:52.099,1.07264,1.07274,2.44,1.12
2016.05.05 20:54:52.618,1.07265,1.07275,1.50,1.87
2016.05.05 20:54:54.329,1.07265,1.07275,1.50,1.87
2016.05.05 20:54:57.031,1.07265,1.07275,1.50,1.87
2016.05.05 20:54:59.481,1.07266,1.07276,1.00,3.56
2016.05.05 20:55:00.293,1.07265,1.07274,1.12,1.12
2016.05.05 20:55:00.699,1.07265,1.07272,1.00,1.00
2016.05.05 20:55:01.220,1.07263,1.07271,1.19,1.00
2016.05.05 20:55:01.755,1.07263,1.0727,1.19,1.00
2016.05.05 20:55:02.995,1.07263,1.07271,1.19,1.00
2016.05.05 20:55:03.973,1.07263,1.07272,1.19,1.00
2016.05.05 20:55:04.835,1.07264,1.07272,1.19,1.00
2016.05.05 20:55:05.368,1.07264,1.07273,1.19,1.00
2016.05.05 20:55:06.265,1.07264,1.07272,1.19,1.00
2016.05.05 20:55:08.758,1.07264,1.07271,1.19,1.00
2016.05.05 20:55:15.893,1.07264,1.0727,1.19,1.00
2016.05.05 20:55:16.045,1.07261,1.0727,1.19,1.00
2016.05.05 20:55:16.198,1.07261,1.07268,1.19,1.00
2016.05.05 20:55:18.311,1.07261,1.07269,1.19,1.00
2016.05.05 20:55:28.374,1.07261,1.0727,1.69,1.00
2016.05.05 20:55:30.350,1.07261,1.07269,1.69,1.00
2016.05.05 20:55:32.979,1.07261,1.0727,1.69,1.00
2016.05.05 20:55:46.107,1.07261,1.07269,1.19,1.00
2016.05.05 20:55:46.777,1.07261,1.0727,1.69,1.00
2016.05.05 20:55:47.283,1.07261,1.07271,2.44,1.00
2016.05.05 20:55:47.821,1.07261,1.0727,1.69,1.00
2016.05.05 20:55:48.328,1.07261,1.07271,2.44,1.00
2016.05.05 20:55:52.897,1.07261,1.0727,1.69,1.00
2016.05.05 20:56:05.903,1.07261,1.07271,2.44,1.00
2016.05.05 20:56:06.414,1.07262,1.07272,1.19,1.12
2016.05.05 20:56:08.680,1.07261,1.07271,2.44,1.00
2016.05.05 20:56:12.209,1.07261,1.0727,1.19,1.00
2016.05.05 20:56:17.663,1.0726,1.0727,3.19,1.00
2016.05.05 20:56:18.483,1.0726,1.07269,1.19,1.00
2016.05.05 20:56:20.622,1.0726,1.0727,1.69,2.25
2016.05.05 20:56:21.183,1.0726,1.07269,1.19,1.00
2016.05.05 20:56:21.937,1.0726,1.07265,1.19,1.00
2016.05.05 20:56:22.165,1.07253,1.07261,1.56,1.00
2016.05.05 20:56:22.216,1.0725,1.07258,1.56,1.00
2016.05.05 20:56:23.077,1.07251,1.0726,1.56,1.50
2016.05.05 20:56:25.467,1.07252,1.07262,2.81,3.00
2016.05.05 20:56:25.924,1.07255,1.07262,1.19,1.00
2016.05.05 20:56:26.632,1.07256,1.07266,1.69,1.00
2016.05.05 20:56:28.654,1.07258,1.07266,1.19,1.00
2016.05.05 20:56:30.385,1.07258,1.07267,1.19,1.00
2016.05.05 20:56:31.377,1.07258,1.07268,1.69,1.87
2016.05.05 20:56:31.782,1.07258,1.07263,1.19,1.00
2016.05.05 20:56:31.833,1.07257,1.07263,1.25,1.50
2016.05.05 20:56:31.935,1.07253,1.07262,1.19,3.75
2016.05.05 20:56:32.553,1.07252,1.0726,1.31,1.00
2016.05.05 20:56:40.862,1.07252,1.07262,1.31,5.25
2016.05.05 20:56:44.475,1.07252,1.0726,1.19,1.00
2016.05.05 20:56:54.357,1.07252,1.07261,1.19,1.00
2016.05.05 20:56:54.510,1.07255,1.07264,1.25,1.12
2016.05.05 20:56:55.299,1.07254,1.07263,1.69,1.50
2016.05.05 20:56:56.965,1.07254,1.07264,1.69,2.62
2016.05.05 20:56:57.940,1.07254,1.07263,1.19,1.00
2016.05.05 20:57:00.453,1.07256,1.07263,1.00,2.25
2016.05.05 20:57:02.204,1.07256,1.07264,1.00,3.00
2016.05.05 20:57:04.506,1.07256,1.07263,1.00,1.50
2016.05.05 20:57:06.172,1.07256,1.07264,1.00,1.50
2016.05.05 20:57:06.678,1.07257,1.07265,1.00,2.25
2016.05.05 20:57:07.287,1.07256,1.07265,1.19,2.25
2016.05.05 20:57:07.798,1.07257,1.07264,1.19,1.50
2016.05.05 20:57:08.601,1.07257,1.07265,1.19,2.25
2016.05.05 20:57:09.677,1.07257,1.07264,1.19,1.50
2016.05.05 20:57:14.963,1.07255,1.07258,1.50,1.00
2016.05.05 20:57:15.064,1.07252,1.07258,2.81,1.00
2016.05.05 20:57:15.370,1.07251,1.07258,1.12,1.12
2016.05.05 20:57:18.852,1.07252,1.07258,1.00,1.00
2016.05.05 20:57:20.439,1.07252,1.07257,1.00,1.00
2016.05.05 20:57:20.945,1.07252,1.07258,1.00,1.50
2016.05.05 20:57:21.958,1.07251,1.07258,1.12,1.50
2016.05.05 20:57:22.960,1.07252,1.07258,1.00,1.50
2016.05.05 20:57:23.678,1.07251,1.07258,1.12,2.06
2016.05.05 20:57:27.989,1.07255,1.07258,1.00,2.06
2016.05.05 20:57:28.499,1.07255,1.07257,1.00,1.50
2016.05.05 20:57:40.655,1.07255,1.0726,1.00,1.12
2016.05.05 20:57:40.972,1.07253,1.07263,1.69,1.00
2016.05.05 20:57:41.175,1.07255,1.07265,1.25,1.00
2016.05.05 20:57:41.277,1.07257,1.07266,1.00,1.00
2016.05.05 20:57:41.620,1.07256,1.07265,1.19,1.00
2016.05.05 20:57:42.168,1.07256,1.07266,1.69,1.50
2016.05.05 20:57:43.970,1.07256,1.07265,1.19,1.00
2016.05.05 20:57:44.221,1.07254,1.07264,1.19,1.00
2016.05.05 20:57:45.579,1.07253,1.07263,1.69,1.00
2016.05.05 20:57:47.984,1.07254,1.07264,1.19,1.00
2016.05.05 20:57:48.532,1.07255,1.07265,1.25,1.00
2016.05.05 20:57:56.389,1.07254,1.07263,1.19,1.00
2016.05.05 20:57:56.800,1.07255,1.07265,1.25,1.00
2016.05.05 20:58:13.759,1.07256,1.07266,1.00,1.00
2016.05.05 20:58:14.013,1.0726,1.07268,1.00,1.00
2016.05.05 20:58:14.064,1.0726,1.0727,1.00,1.69
2016.05.05 20:58:15.515,1.07261,1.07271,1.00,1.19
2016.05.05 20:58:16.026,1.0726,1.0727,1.00,1.25
2016.05.05 20:58:16.820,1.07261,1.07271,1.00,1.00
2016.05.05 20:58:17.327,1.07261,1.07271,1.00,1.52
2016.05.05 20:58:17.828,1.0726,1.0727,1.00,1.27
2016.05.05 20:58:30.558,1.07259,1.07269,1.25,1.00
2016.05.05 20:58:33.370,1.0726,1.07269,1.00,1.00
2016.05.05 20:58:34.008,1.07259,1.07269,1.69,1.00
2016.05.05 20:58:36.674,1.07259,1.07269,1.50,1.46
2016.05.05 20:58:37.576,1.07258,1.07268,1.00,1.25
2016.05.05 20:58:37.680,1.07257,1.07266,1.00,1.00
2016.05.05 20:58:38.214,1.07256,1.07266,1.69,1.00
2016.05.05 20:58:38.764,1.07257,1.07267,1.00,1.00
2016.05.05 20:58:39.482,1.07258,1.07268,1.00,1.25
2016.05.05 20:58:41.487,1.07257,1.07267,1.00,1.00
2016.05.05 20:58:42.002,1.07258,1.07268,1.00,1.25
2016.05.05 20:58:42.548,1.07257,1.07267,1.00,1.00
2016.05.05 20:58:44.479,1.07256,1.07266,1.25,1.00
2016.05.05 20:58:45.294,1.07257,1.07267,1.00,1.00
2016.05.05 20:58:46.163,1.07258,1.07268,1.00,1.25
2016.05.05 20:58:49.511,1.07257,1.07267,1.00,1.00
2016.05.05 20:58:51.371,1.07258,1.07268,1.00,1.25
2016.05.05 20:58:58.360,1.07258,1.07268,1.00,1.19
2016.05.05 20:58:58.679,1.07254,1.07262,1.00,1.69
2016.05.05 20:58:58.883,1.07252,1.07261,1.12,1.00
2016.05.05 20:58:59.389,1.07253,1.07261,1.00,1.00
2016.05.05 20:59:00.186,1.07254,1.07262,1.00,1.57
2016.05.05 20:59:00.712,1.07255,1.07261,0.75,1.01
2016.05.05 20:59:04.482,1.07254,1.0726,0.75,0.26
2016.05.05 20:59:05.026,1.07255,1.0726,0.75,0.26
2016.05.05 20:59:05.698,1.07256,1.0726,0.75,0.26
2016.05.05 20:59:06.349,1.07257,1.0726,0.75,0.26
2016.05.05 20:59:07.989,1.07256,1.0726,0.75,0.26
2016.05.05 20:59:08.495,1.07255,1.0726,0.75,0.75
2016.05.05 20:59:10.308,1.07253,1.0726,0.75,0.75
2016.05.05 20:59:12.678,1.07254,1.0726,0.75,0.75
2016.05.05 20:59:14.478,1.07255,1.0726,0.75,0.75
2016.05.05 20:59:14.985,1.07254,1.0726,0.75,0.75
2016.05.05 20:59:18.783,1.07253,1.0726,1.50,0.75
2016.05.05 20:59:22.788,1.07254,1.0726,0.75,0.75
2016.05.05 20:59:31.313,1.07254,1.07261,0.75,0.75
2016.05.05 20:59:31.980,1.07255,1.07262,0.75,1.69
2016.05.05 20:59:35.102,1.07254,1.07262,0.75,1.69
2016.05.05 20:59:35.622,1.07254,1.07261,0.75,0.75
2016.05.05 20:59:39.707,1.07255,1.07261,0.75,0.75
2016.05.05 20:59:44.112,1.07257,1.07261,0.75,0.75
2016.05.05 20:59:44.618,1.07256,1.07262,0.75,0.75
2016.05.05 20:59:45.124,1.07261,1.07262,0.37,0.75
2016.05.05 20:59:45.226,1.07256,1.07262,0.75,0.75
2016.05.05 20:59:45.754,1.07256,1.07261,0.75,0.75
2016.05.05 20:59:46.264,1.07255,1.07261,0.75,0.75
2016.05.05 20:59:46.618,1.07254,1.07264,0.75,0.75
2016.05.05 20:59:46.719,1.07253,1.07262,0.75,0.75
2016.05.05 20:59:46.972,1.07256,1.07266,0.75,1.50
2016.05.05 20:59:47.023,1.07256,1.07263,0.75,1.50
2016.05.05 20:59:47.225,1.07254,1.07262,0.75,0.75
2016.05.05 20:59:47.326,1.07254,1.0726,0.75,0.75
2016.05.05 20:59:47.745,1.07254,1.07262,0.75,0.75
2016.05.05 20:59:48.287,1.07254,1.07263,0.75,1.50
2016.05.05 20:59:51.416,1.07255,1.07263,0.75,1.50
2016.05.05 20:59:51.517,1.07255,1.07261,0.75,0.75
2016.05.05 20:59:51.720,1.07255,1.07263,0.75,1.50
2016.05.05 20:59:55.111,1.07255,1.07262,0.75,0.75
2016.05.05 20:59:55.611,1.07255,1.07259,0.75,0.75
2016.05.05 20:59:55.713,1.07255,1.07262,0.75,0.75
2016.05.05 20:59:55.841,1.07255,1.0726,0.75,0.75
2016.05.05 20:59:56.123,1.07256,1.07262,0.75,1.50
2016.05.05 20:59:56.332,1.07256,1.0726,0.75,0.75
2016.05.05 20:59:56.635,1.07254,1.07258,0.75,0.75
2016.05.05 20:59:57.146,1.07253,1.07258,0.75,0.75
2016.05.05 20:59:57.353,1.07253,1.0726,0.75,0.75
2016.05.05 20:59:59.329,1.07253,1.07258,0.75,0.75
2016.05.05 20:59:59.833,1.07253,1.07261,0.75,0.75
