2012.11.22 05:00:00.579,0.82383,0.8239,2.85,2.25
2012.11.22 05:00:01.117,0.82383,0.8239,2.85,1.50
2012.11.22 05:00:16.537,0.82385,0.82393,1.73,2.48
2012.11.22 05:00:16.600,0.82385,0.82393,3.98,1.50
2012.11.22 05:00:16.727,0.82388,0.82396,2.48,5.48
2012.11.22 05:00:17.028,0.82388,0.82396,2.48,3.98
2012.11.22 05:00:17.567,0.82388,0.82396,2.48,1.73
2012.11.22 05:00:20.057,0.82387,0.82396,2.48,3.98
2012.11.22 05:00:20.417,0.82389,0.82396,3.75,1.50
2012.11.22 05:00:20.537,0.82389,0.82398,3.98,3.38
2012.11.22 05:00:21.317,0.82388,0.82397,2.10,2.48
2012.11.22 05:00:25.228,0.82388,0.82395,1.50,1.73
2012.11.22 05:00:25.408,0.82387,0.82393,1.73,1.73
2012.11.22 05:00:26.267,0.82386,0.82395,2.48,1.73
2012.11.22 05:00:27.767,0.82388,0.82395,1.50,1.73
2012.11.22 05:00:28.327,0.82388,0.82396,1.73,1.73
2012.11.22 05:00:28.867,0.82387,0.82395,1.73,2.10
2012.11.22 05:00:29.048,0.82384,0.82393,4.73,1.50
2012.11.22 05:00:29.107,0.82384,0.82393,4.50,1.50
2012.11.22 05:00:29.622,0.82383,0.82392,1.73,1.73
2012.11.22 05:00:29.693,0.82383,0.82391,1.73,1.73
2012.11.22 05:00:38.197,0.82383,0.82391,1.73,1.73
2012.11.22 05:00:56.576,0.82385,0.82391,1.13,1.73
2012.11.22 05:01:04.084,0.82384,0.82391,1.05,1.73
2012.11.22 05:01:04.788,0.82385,0.82391,1.13,1.73
2012.11.22 05:01:05.307,0.82385,0.82391,1.28,1.73
2012.11.22 05:01:12.199,0.82387,0.82396,1.80,2.48
2012.11.22 05:01:12.441,0.82388,0.82396,1.73,3.23
2012.11.22 05:01:14.258,0.82391,0.82398,2.63,3.23
2012.11.22 05:01:14.619,0.82392,0.824,1.80,2.48
2012.11.22 05:01:14.977,0.82393,0.824,1.73,2.48
2012.11.22 05:01:15.676,0.82394,0.82402,1.13,1.13
2012.11.22 05:01:15.817,0.82394,0.824,1.50,2.48
2012.11.22 05:01:16.008,0.8239,0.82398,2.25,1.50
2012.11.22 05:01:16.068,0.8239,0.82399,2.48,2.48
2012.11.22 05:01:16.188,0.82389,0.82397,2.48,1.73
2012.11.22 05:01:22.997,0.82386,0.82395,2.48,2.48
2012.11.22 05:01:23.118,0.82385,0.82391,2.25,1.50
2012.11.22 05:01:23.358,0.82384,0.82391,2.48,1.73
2012.11.22 05:01:34.468,0.82383,0.82391,2.10,2.48
2012.11.22 05:01:54.508,0.82382,0.8239,1.73,1.50
2012.11.22 05:01:54.838,0.82382,0.8239,1.88,2.25
2012.11.22 05:01:56.907,0.82382,0.8239,2.10,1.50
2012.11.22 05:02:03.618,0.82382,0.82389,1.73,1.50
2012.11.22 05:02:03.679,0.82381,0.82389,2.25,1.73
2012.11.22 05:02:03.978,0.8238,0.82385,1.73,1.50
2012.11.22 05:02:04.338,0.82377,0.82387,2.48,1.50
2012.11.22 05:02:04.422,0.82377,0.82386,2.48,2.48
2012.11.22 05:02:17.237,0.82377,0.82385,3.00,2.25
2012.11.22 05:02:17.778,0.8238,0.82384,1.35,1.50
2012.11.22 05:02:18.618,0.82376,0.82385,1.73,3.23
2012.11.22 05:02:19.568,0.82375,0.82382,2.25,2.25
2012.11.22 05:02:19.870,0.82375,0.82382,1.50,1.73
2012.11.22 05:02:19.999,0.82375,0.82382,1.73,1.73
2012.11.22 05:02:20.539,0.82374,0.82381,1.50,1.73
2012.11.22 05:02:21.088,0.82376,0.82382,1.35,2.10
2012.11.22 05:02:21.508,0.8238,0.82385,1.13,3.00
2012.11.22 05:02:21.868,0.82381,0.82387,1.73,2.25
2012.11.22 05:02:22.107,0.82384,0.8239,1.73,13.28
2012.11.22 05:02:22.348,0.82385,0.82392,1.73,1.50
2012.11.22 05:02:24.433,0.82385,0.82393,1.58,1.73
2012.11.22 05:02:25.118,0.82385,0.82392,1.50,1.50
2012.11.22 05:02:25.238,0.82385,0.82393,1.58,5.85
2012.11.22 05:02:27.318,0.82383,0.8239,1.73,2.48
2012.11.22 05:02:27.617,0.8238,0.82388,2.48,1.50
2012.11.22 05:02:37.498,0.82377,0.82384,3.38,3.75
2012.11.22 05:02:37.678,0.82374,0.82383,3.98,1.73
2012.11.22 05:02:37.857,0.82374,0.82384,5.48,2.48
2012.11.22 05:02:40.897,0.82375,0.82383,1.73,3.00
2012.11.22 05:02:41.078,0.82374,0.82383,1.73,3.98
2012.11.22 05:02:41.328,0.82373,0.8238,2.48,1.50
2012.11.22 05:02:41.639,0.82371,0.82379,2.48,1.73
2012.11.22 05:02:41.758,0.82371,0.82379,1.73,1.73
2012.11.22 05:02:45.068,0.8237,0.82377,1.50,2.48
2012.11.22 05:02:45.645,0.8237,0.82377,1.50,2.48
2012.11.22 05:02:50.682,0.8237,0.82377,1.73,1.73
2012.11.22 05:03:01.207,0.8237,0.8238,2.48,3.98
2012.11.22 05:03:04.938,0.82373,0.82381,1.73,2.85
2012.11.22 05:03:05.178,0.82374,0.82383,1.73,2.48
2012.11.22 05:03:05.299,0.82375,0.82382,1.73,2.48
2012.11.22 05:03:05.817,0.82376,0.82382,1.73,1.50
2012.11.22 05:03:07.488,0.82377,0.82385,1.73,2.48
2012.11.22 05:03:18.168,0.82377,0.82384,1.73,2.48
2012.11.22 05:03:18.298,0.82376,0.82383,1.50,1.73
2012.11.22 05:03:19.097,0.82376,0.82383,2.25,1.73
2012.11.22 05:03:24.230,0.82376,0.82383,1.50,2.48
2012.11.22 05:03:46.327,0.82376,0.82385,2.25,1.73
2012.11.22 05:03:46.628,0.8238,0.82388,1.35,6.75
2012.11.22 05:03:46.748,0.8238,0.82387,1.35,1.73
2012.11.22 05:03:46.938,0.82378,0.82386,1.73,3.23
2012.11.22 05:03:47.477,0.82376,0.82386,2.48,2.48
2012.11.22 05:03:53.357,0.82375,0.82385,2.48,1.73
2012.11.22 05:03:53.539,0.82375,0.82385,3.23,1.73
2012.11.22 05:04:15.018,0.82376,0.82384,1.50,1.73
2012.11.22 05:04:15.138,0.82376,0.82383,1.50,2.48
2012.11.22 05:04:15.659,0.82376,0.82383,1.50,3.23
2012.11.22 05:04:35.318,0.82375,0.82382,2.48,1.73
2012.11.22 05:04:38.008,0.82378,0.82385,2.25,3.00
2012.11.22 05:04:38.128,0.82378,0.82385,2.48,1.73
2012.11.22 05:04:38.898,0.8238,0.82388,2.48,2.10
2012.11.22 05:04:39.138,0.82381,0.8239,3.23,2.48
2012.11.22 05:05:07.528,0.82383,0.82391,2.48,3.75
2012.11.22 05:05:07.768,0.82386,0.82392,1.50,3.00
2012.11.22 05:05:07.890,0.82384,0.82391,1.73,3.00
2012.11.22 05:05:09.718,0.82385,0.82392,2.25,2.25
2012.11.22 05:05:09.898,0.82386,0.82394,1.73,3.23
2012.11.22 05:05:11.348,0.82386,0.82394,1.73,3.98
2012.11.22 05:05:11.468,0.82385,0.82393,1.73,1.73
2012.11.22 05:05:11.650,0.82384,0.82392,1.50,4.73
2012.11.22 05:05:11.958,0.82386,0.82393,3.23,3.00
2012.11.22 05:05:12.318,0.82385,0.82393,1.73,2.25
2012.11.22 05:05:15.728,0.82384,0.82393,1.73,2.48
2012.11.22 05:05:17.793,0.82385,0.82393,2.48,2.25
2012.11.22 05:05:23.229,0.82385,0.82393,1.73,2.48
2012.11.22 05:05:26.488,0.8238,0.82387,3.38,3.00
2012.11.22 05:05:26.547,0.8238,0.82387,1.50,3.75
2012.11.22 05:05:26.849,0.82379,0.82388,1.73,2.48
2012.11.22 05:05:26.969,0.82378,0.82385,2.10,2.48
2012.11.22 05:05:52.508,0.82378,0.82384,1.73,3.98
2012.11.22 05:05:52.688,0.82376,0.82383,2.48,2.48
2012.11.22 05:06:13.236,0.82375,0.82383,3.98,2.48
2012.11.22 05:06:27.388,0.82376,0.82384,3.98,2.48
2012.11.22 05:06:44.509,0.82378,0.82387,3.23,3.23
2012.11.22 05:06:44.639,0.82381,0.82388,1.73,1.88
2012.11.22 05:06:48.590,0.82382,0.82391,2.48,3.23
2012.11.22 05:06:49.079,0.82383,0.82392,2.85,2.48
2012.11.22 05:06:49.439,0.82386,0.82393,2.25,2.48
2012.11.22 05:06:52.127,0.82386,0.82393,1.50,2.48
2012.11.22 05:06:53.616,0.82385,0.82393,1.73,2.48
2012.11.22 05:07:07.418,0.82385,0.82393,2.48,1.73
2012.11.22 05:07:47.769,0.82386,0.82394,1.50,1.50
2012.11.22 05:07:47.949,0.82387,0.82395,1.73,3.23
2012.11.22 05:07:52.628,0.82385,0.82394,2.48,4.73
2012.11.22 05:07:52.688,0.82385,0.82394,2.48,4.73
2012.11.22 05:09:37.588,0.82386,0.82394,1.73,2.48
2012.11.22 05:10:18.788,0.82386,0.82393,1.73,1.50
2012.11.22 05:10:19.319,0.82386,0.82393,1.73,1.50
2012.11.22 05:10:38.827,0.82385,0.82394,2.48,2.48
2012.11.22 05:11:02.048,0.82385,0.82393,1.73,1.73
2012.11.22 05:11:14.588,0.82383,0.8239,3.98,1.73
2012.11.22 05:11:15.140,0.82384,0.82392,1.73,2.48
2012.11.22 05:11:15.668,0.82382,0.82388,2.48,2.25
2012.11.22 05:11:15.909,0.82379,0.82385,2.63,1.73
2012.11.22 05:11:15.969,0.82379,0.82385,1.88,1.73
2012.11.22 05:11:16.089,0.8238,0.82387,1.73,1.35
2012.11.22 05:11:16.780,0.82378,0.82385,2.48,1.73
2012.11.22 05:11:18.282,0.82378,0.82385,1.73,1.73
2012.11.22 05:11:20.410,0.82377,0.82385,2.48,2.48
2012.11.22 05:11:25.769,0.82377,0.82383,1.73,3.75
2012.11.22 05:11:26.071,0.82376,0.82383,1.73,2.48
2012.11.22 05:11:26.139,0.82376,0.82383,2.48,1.50
2012.11.22 05:11:26.319,0.82377,0.82385,1.73,3.23
2012.11.22 05:11:34.989,0.82376,0.82385,3.23,4.73
2012.11.22 05:11:35.230,0.82375,0.82382,2.48,2.48
2012.11.22 05:11:35.768,0.82373,0.8238,2.48,1.73
2012.11.22 05:11:36.794,0.82372,0.8238,1.73,3.98
2012.11.22 05:11:36.861,0.82371,0.82379,3.23,2.48
2012.11.22 05:11:45.958,0.8237,0.82378,3.23,1.73
2012.11.22 05:11:47.658,0.82369,0.82378,2.48,3.23
2012.11.22 05:11:50.088,0.82368,0.82376,2.48,1.73
2012.11.22 05:11:50.148,0.82368,0.82374,1.50,1.50
2012.11.22 05:11:50.508,0.82365,0.82372,1.35,2.48
2012.11.22 05:11:50.928,0.82365,0.82373,3.23,1.73
2012.11.22 05:11:51.336,0.82365,0.82373,3.23,4.73
2012.11.22 05:11:51.518,0.82365,0.82371,3.23,1.73
2012.11.22 05:11:54.597,0.82365,0.82373,3.98,2.25
2012.11.22 05:11:55.239,0.82365,0.82373,3.98,1.50
2012.11.22 05:11:57.198,0.82365,0.82374,5.48,1.73
2012.11.22 05:11:57.498,0.82369,0.82376,1.50,1.50
2012.11.22 05:11:57.800,0.82371,0.82379,3.23,2.48
2012.11.22 05:11:58.623,0.82371,0.82379,3.23,1.73
2012.11.22 05:12:02.428,0.82371,0.82379,3.23,2.48
2012.11.22 05:12:07.558,0.8237,0.82379,3.60,1.73
2012.11.22 05:12:10.589,0.82373,0.82379,2.48,1.73
2012.11.22 05:12:10.828,0.82375,0.8238,1.50,1.73
2012.11.22 05:12:11.010,0.82375,0.82382,3.23,2.10
2012.11.22 05:12:11.139,0.82376,0.82383,2.48,2.25
2012.11.22 05:12:11.499,0.8238,0.82386,3.98,2.48
2012.11.22 05:12:11.933,0.82382,0.82388,1.73,2.25
2012.11.22 05:12:12.020,0.82382,0.82389,1.73,1.73
2012.11.22 05:12:13.319,0.82387,0.82393,1.50,1.50
2012.11.22 05:12:13.438,0.82389,0.82395,2.48,5.48
2012.11.22 05:12:13.559,0.82387,0.82395,2.48,2.48
2012.11.22 05:12:16.978,0.82388,0.82395,3.98,1.73
2012.11.22 05:12:21.881,0.82388,0.82395,1.50,1.73
2012.11.22 05:12:22.020,0.82387,0.82393,1.50,1.73
2012.11.22 05:12:28.258,0.82382,0.82391,3.23,3.98
2012.11.22 05:12:28.378,0.82382,0.82391,3.23,3.98
2012.11.22 05:12:30.259,0.82383,0.82391,1.73,4.73
2012.11.22 05:12:30.928,0.82383,0.82391,3.23,1.73
2012.11.22 05:12:32.478,0.82385,0.82392,1.73,2.48
2012.11.22 05:12:33.038,0.82386,0.82394,1.73,3.98
2012.11.22 05:12:37.388,0.82385,0.82394,2.40,1.73
2012.11.22 05:13:07.568,0.82385,0.8239,1.50,2.25
2012.11.22 05:13:07.809,0.82384,0.82391,1.35,1.73
2012.11.22 05:13:07.930,0.82383,0.8239,1.13,1.50
2012.11.22 05:13:16.390,0.82385,0.82392,1.73,1.50
2012.11.22 05:13:16.808,0.82388,0.82394,1.73,2.48
2012.11.22 05:13:17.129,0.82389,0.82396,1.73,2.48
2012.11.22 05:13:17.489,0.8239,0.82398,1.73,2.25
2012.11.22 05:13:24.028,0.8239,0.82397,2.85,1.50
2012.11.22 05:13:42.558,0.82391,0.82399,3.23,1.73
2012.11.22 05:13:42.618,0.82395,0.82401,1.50,3.75
2012.11.22 05:13:42.868,0.82393,0.82401,3.75,3.00
2012.11.22 05:13:43.408,0.82394,0.82401,1.73,2.48
2012.11.22 05:13:46.269,0.82395,0.82402,1.73,1.50
2012.11.22 05:13:46.688,0.82396,0.82404,1.73,2.48
2012.11.22 05:13:50.189,0.82396,0.82402,1.50,2.48
2012.11.22 05:13:59.559,0.82395,0.82403,2.48,2.10
2012.11.22 05:14:11.858,0.82397,0.82404,3.23,1.50
2012.11.22 05:14:12.369,0.82396,0.82405,3.23,3.23
2012.11.22 05:15:06.350,0.824,0.82406,1.50,3.75
2012.11.22 05:15:06.789,0.82397,0.82405,1.73,1.50
2012.11.22 05:15:09.168,0.82398,0.82405,1.73,2.48
2012.11.22 05:15:09.700,0.82398,0.82406,1.73,2.48
2012.11.22 05:15:14.069,0.82399,0.82407,2.48,2.48
2012.11.22 05:15:14.749,0.82399,0.82407,3.23,1.73
2012.11.22 05:15:15.802,0.82404,0.82409,1.50,1.50
2012.11.22 05:15:15.872,0.82404,0.82411,2.48,1.13
2012.11.22 05:15:17.349,0.82407,0.82412,3.00,1.50
2012.11.22 05:15:17.529,0.82407,0.82415,1.73,3.23
2012.11.22 05:15:17.830,0.82409,0.82416,1.73,2.10
2012.11.22 05:15:18.369,0.82406,0.82415,3.23,3.23
2012.11.22 05:15:18.909,0.82406,0.82414,1.73,2.48
2012.11.22 05:15:19.733,0.82406,0.82414,2.48,1.73
2012.11.22 05:15:20.302,0.82406,0.82414,1.73,1.73
2012.11.22 05:15:20.848,0.82406,0.82414,1.73,1.73
2012.11.22 05:15:21.466,0.82406,0.82414,1.73,1.73
2012.11.22 05:15:21.800,0.82409,0.82416,1.50,3.38
2012.11.22 05:15:22.099,0.8241,0.82418,2.25,3.98
2012.11.22 05:15:22.301,0.82411,0.82418,2.48,1.50
2012.11.22 05:15:22.610,0.82409,0.82415,1.50,2.48
2012.11.22 05:15:23.110,0.82406,0.82413,1.50,2.25
2012.11.22 05:15:23.309,0.82403,0.82411,5.85,1.73
2012.11.22 05:15:26.289,0.82404,0.82413,2.48,5.25
2012.11.22 05:15:26.349,0.82405,0.82413,1.73,4.50
2012.11.22 05:15:26.710,0.82407,0.82415,2.48,2.48
2012.11.22 05:15:26.889,0.82407,0.82416,2.48,1.73
2012.11.22 05:15:34.691,0.82413,0.82419,1.50,2.63
2012.11.22 05:15:36.669,0.82411,0.82418,1.73,1.50
2012.11.22 05:15:38.730,0.82414,0.8242,1.73,2.25
2012.11.22 05:15:39.270,0.82414,0.82421,1.50,2.48
2012.11.22 05:15:39.787,0.82415,0.82421,1.73,1.50
2012.11.22 05:15:40.210,0.82418,0.82425,2.25,2.48
2012.11.22 05:15:40.330,0.82418,0.82426,3.98,3.23
2012.11.22 05:15:40.389,0.82419,0.82428,1.73,4.35
2012.11.22 05:15:40.570,0.8242,0.82428,1.73,1.50
2012.11.22 05:15:40.999,0.8242,0.82428,1.73,2.48
2012.11.22 05:15:41.549,0.82419,0.82427,1.73,1.73
2012.11.22 05:15:41.830,0.8242,0.82428,2.48,2.48
2012.11.22 05:15:43.669,0.82423,0.82431,3.00,4.50
2012.11.22 05:15:43.790,0.82423,0.82431,3.23,3.98
2012.11.22 05:15:44.221,0.82426,0.82432,1.50,1.50
2012.11.22 05:15:49.340,0.82426,0.82433,1.50,1.73
2012.11.22 05:15:55.048,0.82424,0.82432,3.23,1.73
2012.11.22 05:15:55.581,0.82425,0.82433,1.73,1.73
2012.11.22 05:15:56.419,0.82426,0.82434,3.00,3.00
2012.11.22 05:15:58.699,0.82425,0.82433,3.23,2.48
2012.11.22 05:15:59.218,0.82425,0.82433,2.48,3.23
2012.11.22 05:16:04.699,0.82425,0.82433,1.73,2.25
2012.11.22 05:16:04.819,0.82427,0.82435,4.58,2.48
2012.11.22 05:16:04.940,0.82427,0.82435,6.08,1.73
2012.11.22 05:16:05.618,0.82427,0.82435,2.85,1.73
2012.11.22 05:16:05.978,0.82428,0.82436,2.10,3.23
2012.11.22 05:16:06.520,0.82429,0.82436,2.48,1.73
2012.11.22 05:16:09.309,0.8243,0.82436,1.50,2.48
2012.11.22 05:16:26.949,0.82426,0.82434,3.23,1.50
2012.11.22 05:16:27.009,0.82427,0.82434,1.73,1.73
2012.11.22 05:16:27.570,0.82426,0.82433,1.73,1.35
2012.11.22 05:16:28.599,0.82427,0.82434,1.73,1.73
2012.11.22 05:16:33.029,0.82426,0.82433,1.73,1.73
2012.11.22 05:16:33.150,0.82427,0.82435,1.73,4.73
2012.11.22 05:16:33.389,0.82427,0.82433,1.50,1.73
2012.11.22 05:16:33.939,0.82427,0.82433,1.50,1.50
2012.11.22 05:16:35.789,0.82426,0.82434,2.25,3.23
2012.11.22 05:16:36.099,0.82426,0.82435,1.73,4.73
2012.11.22 05:16:36.879,0.82427,0.82435,3.23,1.73
2012.11.22 05:16:38.219,0.82426,0.82434,1.50,2.48
2012.11.22 05:16:40.179,0.82427,0.82434,1.50,3.23
2012.11.22 05:16:48.658,0.82427,0.82434,1.50,3.23
2012.11.22 05:16:49.019,0.82428,0.82435,1.73,1.88
2012.11.22 05:16:49.259,0.82429,0.82437,3.98,1.73
2012.11.22 05:16:49.509,0.82431,0.82437,2.25,1.73
2012.11.22 05:16:49.939,0.82431,0.8244,1.73,1.73
2012.11.22 05:16:50.498,0.82431,0.8244,1.50,1.73
2012.11.22 05:16:51.229,0.82431,0.8244,1.58,1.73
2012.11.22 05:16:55.399,0.82433,0.8244,2.48,1.50
2012.11.22 05:16:55.459,0.82435,0.82442,2.08,2.63
2012.11.22 05:16:55.580,0.82437,0.82444,1.20,2.48
2012.11.22 05:16:55.639,0.82438,0.82446,1.43,3.60
2012.11.22 05:16:59.229,0.82438,0.82444,3.83,1.50
2012.11.22 05:16:59.785,0.82438,0.82446,2.18,2.10
2012.11.22 05:17:00.089,0.8244,0.82449,2.48,3.23
2012.11.22 05:17:01.642,0.82439,0.82446,3.23,5.48
2012.11.22 05:17:01.711,0.82437,0.82444,3.75,3.75
2012.11.22 05:17:01.770,0.82436,0.82443,2.25,2.48
2012.11.22 05:17:06.629,0.82438,0.82443,3.68,1.50
2012.11.22 05:17:06.930,0.82442,0.8245,1.73,1.73
2012.11.22 05:17:07.049,0.82444,0.82451,2.48,1.50
2012.11.22 05:17:08.059,0.82443,0.82451,1.73,1.50
2012.11.22 05:17:08.369,0.82445,0.82452,1.50,3.98
2012.11.22 05:17:08.899,0.82442,0.82452,2.48,5.48
2012.11.22 05:17:11.318,0.82442,0.8245,3.98,1.50
2012.11.22 05:17:11.859,0.82441,0.8245,1.73,3.23
2012.11.22 05:17:12.350,0.8244,0.8245,3.23,3.98
2012.11.22 05:17:12.670,0.82441,0.8245,1.50,2.48
2012.11.22 05:17:13.601,0.82444,0.82452,2.48,3.75
2012.11.22 05:17:14.470,0.82445,0.82452,1.50,1.50
2012.11.22 05:17:14.589,0.82445,0.82453,2.48,3.00
2012.11.22 05:17:16.573,0.82445,0.82453,2.48,3.23
2012.11.22 05:17:16.699,0.82445,0.82453,1.73,2.25
2012.11.22 05:17:16.759,0.82446,0.82453,3.00,1.50
2012.11.22 05:17:17.121,0.82448,0.82458,3.00,1.73
2012.11.22 05:17:18.799,0.8245,0.82457,2.48,1.73
2012.11.22 05:17:21.009,0.82448,0.82456,3.83,2.48
2012.11.22 05:17:21.850,0.82447,0.82456,3.23,2.48
2012.11.22 05:17:22.089,0.82447,0.82456,4.73,1.73
2012.11.22 05:17:23.613,0.82448,0.82456,2.48,2.25
2012.11.22 05:17:24.070,0.82448,0.82454,1.73,2.48
2012.11.22 05:17:26.776,0.82448,0.82456,1.73,3.23
2012.11.22 05:17:27.231,0.82446,0.82453,1.73,3.98
2012.11.22 05:17:32.820,0.82448,0.82454,1.73,1.73
2012.11.22 05:17:32.880,0.82449,0.82455,1.50,1.05
2012.11.22 05:17:33.419,0.82448,0.82456,2.85,1.73
2012.11.22 05:17:34.089,0.82448,0.82458,2.85,2.48
2012.11.22 05:17:35.669,0.82451,0.82459,1.73,4.73
2012.11.22 05:17:36.029,0.82452,0.8246,1.50,2.48
2012.11.22 05:17:36.149,0.82452,0.8246,1.73,2.48
2012.11.22 05:17:39.309,0.82453,0.82461,1.73,4.50
2012.11.22 05:17:40.115,0.82453,0.82461,1.73,5.48
2012.11.22 05:17:42.269,0.8245,0.82458,3.23,3.23
2012.11.22 05:17:43.479,0.82452,0.8246,1.50,3.98
2012.11.22 05:17:44.139,0.8245,0.82458,4.73,3.23
2012.11.22 05:17:44.260,0.82453,0.8246,1.73,1.73
2012.11.22 05:17:45.369,0.82454,0.82461,3.23,3.00
2012.11.22 05:17:45.960,0.82454,0.82462,3.23,2.48
2012.11.22 05:17:46.710,0.82454,0.82462,1.73,1.73
2012.11.22 05:17:46.890,0.82457,0.82463,3.00,2.25
2012.11.22 05:17:46.951,0.82457,0.82465,4.13,1.73
2012.11.22 05:17:47.069,0.82458,0.82468,2.25,1.50
2012.11.22 05:17:47.369,0.82459,0.8247,6.60,3.23
2012.11.22 05:17:50.009,0.8246,0.82467,1.13,3.00
2012.11.22 05:17:51.999,0.82461,0.8247,2.25,5.48
2012.11.22 05:17:52.240,0.82461,0.8247,3.75,3.00
2012.11.22 05:17:52.359,0.82461,0.82469,1.50,1.73
2012.11.22 05:17:52.479,0.82461,0.8247,1.50,3.23
2012.11.22 05:17:54.349,0.8246,0.82469,2.48,3.23
2012.11.22 05:17:54.897,0.8246,0.82469,1.73,3.23
2012.11.22 05:17:55.179,0.82459,0.8247,3.00,2.85
2012.11.22 05:17:55.969,0.82461,0.82469,2.25,3.98
2012.11.22 05:17:56.741,0.82461,0.82467,1.50,1.73
2012.11.22 05:17:57.830,0.8246,0.82467,2.48,1.73
2012.11.22 05:17:58.191,0.8246,0.82468,2.48,1.50
2012.11.22 05:17:58.669,0.82459,0.8247,2.10,1.35
2012.11.22 05:18:00.459,0.82459,0.82469,2.85,1.73
2012.11.22 05:18:00.519,0.82459,0.82468,2.85,3.00
2012.11.22 05:18:01.194,0.82459,0.8247,3.60,4.35
2012.11.22 05:18:06.549,0.82461,0.8247,2.48,4.35
2012.11.22 05:18:07.819,0.82461,0.8247,2.48,6.60
2012.11.22 05:18:13.850,0.82461,0.82469,2.48,1.73
2012.11.22 05:18:14.370,0.82461,0.82469,2.48,1.73
2012.11.22 05:18:18.519,0.82461,0.82469,1.73,1.73
2012.11.22 05:18:19.048,0.82461,0.82469,3.23,1.73
2012.11.22 05:18:23.124,0.82461,0.82468,1.73,1.73
2012.11.22 05:18:23.189,0.82461,0.82468,1.50,1.73
2012.11.22 05:18:23.491,0.82458,0.82466,1.73,3.23
2012.11.22 05:18:23.558,0.82456,0.82468,4.73,3.98
2012.11.22 05:18:24.929,0.82459,0.82468,2.48,3.98
2012.11.22 05:18:26.864,0.82459,0.82468,2.48,5.48
2012.11.22 05:18:29.088,0.82456,0.82466,4.73,4.73
2012.11.22 05:18:29.593,0.82457,0.82466,1.50,3.23
2012.11.22 05:18:30.099,0.82457,0.82466,1.50,3.98
2012.11.22 05:18:32.249,0.82457,0.82466,2.25,3.00
2012.11.22 05:18:32.538,0.82456,0.82466,2.10,3.23
2012.11.22 05:18:34.591,0.82456,0.82465,2.10,3.00
2012.11.22 05:18:35.148,0.82456,0.82464,2.85,1.73
2012.11.22 05:18:40.168,0.82458,0.82464,1.50,1.73
2012.11.22 05:18:42.499,0.82457,0.82465,2.48,3.23
2012.11.22 05:18:42.680,0.82457,0.82466,4.50,2.48
2012.11.22 05:18:44.819,0.82459,0.82466,1.73,1.73
2012.11.22 05:18:47.761,0.8246,0.82467,1.50,3.98
2012.11.22 05:18:50.198,0.8246,0.82467,1.73,2.48
2012.11.22 05:18:52.550,0.82458,0.82463,1.50,2.25
2012.11.22 05:18:52.730,0.82455,0.82462,1.88,1.73
2012.11.22 05:18:52.909,0.82452,0.82463,2.95,4.73
2012.11.22 05:18:53.150,0.82453,0.82462,2.25,3.23
2012.11.22 05:18:53.690,0.82452,0.8246,1.50,2.48
2012.11.22 05:18:56.369,0.82452,0.8246,2.25,1.50
2012.11.22 05:18:57.003,0.82452,0.82459,1.50,1.73
2012.11.22 05:18:57.449,0.82454,0.82461,1.50,1.50
2012.11.22 05:18:57.568,0.82452,0.8246,2.25,1.73
2012.11.22 05:18:58.078,0.82451,0.82459,3.98,1.73
2012.11.22 05:19:24.079,0.82452,0.8246,1.50,1.50
2012.11.22 05:19:24.559,0.82452,0.8246,3.75,1.73
2012.11.22 05:19:24.619,0.82454,0.82462,2.25,2.25
2012.11.22 05:19:24.980,0.82452,0.82461,1.50,1.73
2012.11.22 05:19:25.099,0.82452,0.8246,4.50,1.73
2012.11.22 05:19:25.639,0.82452,0.8246,2.25,1.50
2012.11.22 05:19:38.069,0.82454,0.82461,2.25,2.25
2012.11.22 05:19:38.190,0.82454,0.82462,3.75,2.48
2012.11.22 05:19:38.250,0.82454,0.82462,3.75,1.73
2012.11.22 05:19:38.430,0.82457,0.82464,2.25,3.00
2012.11.22 05:19:38.550,0.82458,0.82466,1.50,1.73
2012.11.22 05:19:39.030,0.82458,0.82467,1.50,2.10
2012.11.22 05:19:39.580,0.82459,0.82469,3.00,1.73
2012.11.22 05:19:39.891,0.82462,0.82472,2.25,3.23
2012.11.22 05:19:46.140,0.82464,0.8247,1.50,1.73
2012.11.22 05:19:46.500,0.82462,0.8247,1.73,3.75
2012.11.22 05:19:46.802,0.82461,0.82471,3.00,1.35
2012.11.22 05:19:47.901,0.8246,0.8247,3.00,3.98
2012.11.22 05:19:50.889,0.82463,0.8247,1.50,1.50
2012.11.22 05:19:53.099,0.82462,0.8247,1.73,1.50
2012.11.22 05:19:54.232,0.82459,0.82468,2.25,5.48
2012.11.22 05:19:54.419,0.82459,0.82467,2.48,1.73
2012.11.22 05:19:56.149,0.82457,0.82465,1.35,1.73
2012.11.22 05:19:56.629,0.82457,0.82465,2.10,1.73
2012.11.22 05:19:57.110,0.82455,0.82462,1.13,2.48
2012.11.22 05:19:57.230,0.82452,0.82461,1.73,1.73
2012.11.22 05:19:57.350,0.8245,0.82459,3.98,2.48
2012.11.22 05:19:57.889,0.82452,0.82459,1.73,1.73
2012.11.22 05:20:01.701,0.82453,0.8246,2.03,3.98
2012.11.22 05:20:02.239,0.82453,0.8246,2.03,3.98
2012.11.22 05:20:03.507,0.82453,0.8246,2.10,3.98
2012.11.22 05:20:13.409,0.82453,0.82461,2.85,3.98
2012.11.22 05:20:42.539,0.82451,0.8246,6.23,1.73
2012.11.22 05:20:42.660,0.82448,0.82455,3.75,3.75
2012.11.22 05:20:42.781,0.82449,0.82455,1.50,2.48
2012.11.22 05:20:43.220,0.82447,0.82455,1.73,3.98
2012.11.22 05:20:47.459,0.82445,0.82453,3.23,1.50
2012.11.22 05:20:49.700,0.82446,0.82453,1.50,2.48
2012.11.22 05:20:50.539,0.82445,0.82453,1.73,2.25
2012.11.22 05:20:51.037,0.82445,0.82453,1.73,2.48
2012.11.22 05:20:54.541,0.82443,0.8245,2.48,1.50
2012.11.22 05:20:54.671,0.82441,0.82448,1.73,1.73
2012.11.22 05:20:54.730,0.82439,0.82447,3.98,1.50
2012.11.22 05:20:54.851,0.82438,0.82445,1.50,1.50
2012.11.22 05:20:55.029,0.82437,0.82444,1.43,1.73
2012.11.22 05:20:55.389,0.82436,0.82443,1.50,4.50
2012.11.22 05:20:55.701,0.82432,0.8244,3.20,4.73
2012.11.22 05:20:55.760,0.82432,0.8244,3.20,4.73
2012.11.22 05:20:56.300,0.82432,0.82439,1.73,1.73
2012.11.22 05:20:56.539,0.8243,0.82438,1.73,1.73
2012.11.22 05:20:57.081,0.82427,0.82434,2.25,2.25
2012.11.22 05:20:57.439,0.82426,0.82434,2.10,1.73
2012.11.22 05:21:10.456,0.82427,0.82435,1.73,3.23
2012.11.22 05:21:11.950,0.82427,0.82435,3.23,1.50
2012.11.22 05:21:12.009,0.8243,0.82437,3.98,2.10
2012.11.22 05:21:12.190,0.82432,0.82438,1.50,1.50
2012.11.22 05:21:12.309,0.82432,0.82438,1.73,1.73
2012.11.22 05:21:19.389,0.82433,0.82441,3.98,1.73
2012.11.22 05:21:19.750,0.82436,0.82445,3.98,1.73
2012.11.22 05:21:19.810,0.82436,0.82446,3.98,3.98
2012.11.22 05:21:19.930,0.82436,0.82446,4.73,3.23
2012.11.22 05:21:20.109,0.82438,0.82447,1.73,2.48
2012.11.22 05:21:52.599,0.82441,0.82449,2.48,4.73
2012.11.22 05:21:52.659,0.82441,0.82449,2.48,4.73
2012.11.22 05:21:52.840,0.82439,0.82447,3.00,3.00
2012.11.22 05:21:53.243,0.82439,0.82447,1.73,3.23
2012.11.22 05:21:53.491,0.82439,0.82447,1.73,2.48
2012.11.22 05:21:54.017,0.82439,0.82447,1.50,2.48
2012.11.22 05:21:54.577,0.8244,0.82448,3.00,3.00
2012.11.22 05:21:54.759,0.8244,0.82448,3.98,3.23
2012.11.22 05:21:54.880,0.82444,0.82449,1.50,1.50
2012.11.22 05:21:55.244,0.82444,0.82451,3.23,1.73
2012.11.22 05:21:55.620,0.82447,0.82454,3.00,1.88
2012.11.22 05:21:55.680,0.82447,0.82454,3.98,2.63
2012.11.22 05:21:55.860,0.82446,0.82456,3.75,3.38
2012.11.22 05:21:56.590,0.82446,0.82454,3.75,3.98
2012.11.22 05:21:58.750,0.82445,0.82453,3.23,1.73
2012.11.22 05:21:58.809,0.82445,0.82453,2.48,3.23
2012.11.22 05:22:04.750,0.82443,0.8245,1.73,1.50
2012.11.22 05:22:05.229,0.82442,0.82451,2.48,3.98
2012.11.22 05:22:15.540,0.82443,0.82451,1.73,3.23
2012.11.22 05:22:15.899,0.82446,0.82453,3.00,1.50
2012.11.22 05:22:17.039,0.82446,0.82453,1.50,2.48
2012.11.22 05:22:17.219,0.82446,0.82454,1.73,2.48
2012.11.22 05:22:22.290,0.82446,0.82455,2.48,3.98
2012.11.22 05:22:22.989,0.82446,0.82452,1.50,1.13
2012.11.22 05:22:30.310,0.82445,0.82452,4.73,1.73
2012.11.22 05:22:30.819,0.82445,0.82453,1.73,1.73
2012.11.22 05:22:32.099,0.82445,0.82453,3.98,1.73
2012.11.22 05:22:32.221,0.82445,0.82455,3.75,3.23
2012.11.22 05:22:32.759,0.82445,0.82453,3.75,1.13
2012.11.22 05:22:47.112,0.82447,0.82455,2.48,1.73
2012.11.22 05:23:00.569,0.82446,0.82454,1.73,1.73
2012.11.22 05:23:00.810,0.82445,0.82451,1.73,1.73
2012.11.22 05:23:00.930,0.82443,0.82451,1.73,2.10
2012.11.22 05:23:01.480,0.82441,0.82448,1.73,1.73
2012.11.22 05:23:53.790,0.82444,0.82451,3.23,2.25
2012.11.22 05:23:54.102,0.82446,0.82454,1.73,2.48
2012.11.22 05:23:54.349,0.82446,0.82452,1.73,1.73
2012.11.22 05:24:03.181,0.82444,0.82451,2.25,3.23
2012.11.22 05:24:11.041,0.82447,0.82454,1.50,2.25
2012.11.22 05:24:11.160,0.82446,0.82454,2.48,3.98
2012.11.22 05:24:11.400,0.82445,0.82453,3.60,1.73
2012.11.22 05:24:11.581,0.82444,0.82452,2.85,1.73
2012.11.22 05:24:12.120,0.82443,0.82454,4.88,2.48
2012.11.22 05:24:16.210,0.82444,0.82454,2.48,2.48
2012.11.22 05:24:17.880,0.82441,0.82451,2.85,3.23
2012.11.22 05:24:19.159,0.82443,0.82451,2.25,2.48
2012.11.22 05:24:19.400,0.82445,0.82453,1.50,2.48
2012.11.22 05:24:39.390,0.82445,0.82453,3.00,2.48
2012.11.22 05:24:39.449,0.82445,0.82453,1.50,1.50
2012.11.22 05:24:51.621,0.82444,0.82452,2.85,2.48
2012.11.22 05:24:51.680,0.82443,0.82449,1.88,1.50
2012.11.22 05:24:53.650,0.82444,0.82452,3.23,1.73
2012.11.22 05:24:55.481,0.82445,0.82453,1.73,2.48
2012.11.22 05:25:00.590,0.82445,0.82453,1.73,1.50
2012.11.22 05:25:14.371,0.82447,0.82455,1.73,2.48
2012.11.22 05:25:28.069,0.82447,0.82453,1.88,1.50
2012.11.22 05:25:28.429,0.82445,0.82452,2.03,1.50
2012.11.22 05:25:29.520,0.82445,0.82452,1.28,1.73
2012.11.22 05:25:30.060,0.82444,0.82452,1.65,1.13
2012.11.22 05:25:30.539,0.82444,0.82454,3.90,2.85
2012.11.22 05:25:34.010,0.82447,0.82455,1.80,3.75
2012.11.22 05:25:35.530,0.82447,0.82456,2.25,1.73
2012.11.22 05:25:36.070,0.82448,0.82457,1.50,3.60
2012.11.22 05:25:36.609,0.82447,0.82456,3.30,1.73
2012.11.22 05:25:55.500,0.82448,0.82454,1.88,1.73
2012.11.22 05:25:56.536,0.82446,0.82455,2.55,1.73
2012.11.22 05:26:01.472,0.82446,0.82455,2.48,2.48
2012.11.22 05:26:03.625,0.82446,0.82453,1.50,1.73
2012.11.22 05:26:06.111,0.82446,0.82453,1.73,1.73
2012.11.22 05:26:06.558,0.82444,0.82452,2.48,2.48
2012.11.22 05:26:09.400,0.82443,0.8245,1.13,3.98
2012.11.22 05:26:09.520,0.82441,0.82449,2.03,3.75
2012.11.22 05:26:10.250,0.82442,0.82449,1.65,3.23
2012.11.22 05:26:12.750,0.82441,0.82449,1.73,3.98
2012.11.22 05:26:27.160,0.82442,0.82449,1.50,1.50
2012.11.22 05:26:27.709,0.82442,0.82449,1.50,1.73
2012.11.22 05:26:48.250,0.8244,0.8245,3.23,3.23
2012.11.22 05:26:55.290,0.82442,0.82451,3.00,6.38
2012.11.22 05:26:55.410,0.8244,0.8245,4.73,1.73
2012.11.22 05:26:55.601,0.8244,0.82449,2.48,1.73
2012.11.22 05:27:02.398,0.8244,0.82449,2.48,1.73
2012.11.22 05:27:04.070,0.82441,0.8245,2.48,1.73
2012.11.22 05:27:04.310,0.82441,0.8245,1.73,2.48
2012.11.22 05:27:04.835,0.8244,0.8245,3.23,2.48
2012.11.22 05:27:05.380,0.82441,0.8245,1.73,2.48
2012.11.22 05:27:12.229,0.82441,0.82448,2.48,6.23
2012.11.22 05:27:12.350,0.82441,0.82448,2.25,6.23
2012.11.22 05:27:13.791,0.8244,0.82447,1.73,1.35
2012.11.22 05:27:19.200,0.82439,0.82446,1.13,2.48
2012.11.22 05:27:19.571,0.82437,0.82443,1.50,3.98
2012.11.22 05:27:19.631,0.82437,0.82443,1.50,4.73
2012.11.22 05:27:19.991,0.82434,0.8244,2.10,1.50
2012.11.22 05:27:20.110,0.82434,0.8244,1.35,1.73
2012.11.22 05:27:40.209,0.82433,0.82441,1.73,5.48
2012.11.22 05:28:07.690,0.82433,0.8244,2.48,1.50
2012.11.22 05:28:08.312,0.82432,0.8244,1.73,2.48
2012.11.22 05:29:50.459,0.82432,0.8244,3.98,1.50
2012.11.22 05:30:02.660,0.82432,0.8244,2.67,2.48
2012.11.22 05:30:16.149,0.82432,0.8244,4.92,2.25
2012.11.22 05:30:16.939,0.82432,0.8244,2.67,2.48
2012.11.22 05:30:35.062,0.82431,0.82438,2.48,1.73
2012.11.22 05:30:35.121,0.8243,0.82436,1.73,1.73
2012.11.22 05:30:35.301,0.82427,0.82435,4.73,5.48
2012.11.22 05:30:35.721,0.82426,0.82432,1.50,1.50
2012.11.22 05:30:35.842,0.82425,0.82432,1.73,1.73
2012.11.22 05:30:36.380,0.82426,0.82432,1.73,1.50
2012.11.22 05:30:37.007,0.82426,0.82434,1.73,2.48
2012.11.22 05:30:55.691,0.82426,0.82434,1.73,2.48
2012.11.22 05:31:11.241,0.82428,0.82435,2.48,2.48
2012.11.22 05:31:11.361,0.82426,0.82435,4.73,2.48
2012.11.22 05:31:11.902,0.82426,0.82434,2.48,1.73
2012.11.22 05:31:36.591,0.82426,0.82434,2.48,2.48
2012.11.22 05:31:37.382,0.82428,0.82434,3.23,2.48
2012.11.22 05:31:43.566,0.82428,0.82434,3.23,1.73
2012.11.22 05:31:49.171,0.82426,0.82434,1.35,6.23
2012.11.22 05:31:49.291,0.82425,0.82433,3.23,2.48
2012.11.22 05:31:51.750,0.82424,0.82433,2.85,3.23
2012.11.22 05:31:52.051,0.8242,0.82429,3.23,3.23
2012.11.22 05:31:52.552,0.8242,0.82428,2.48,2.48
2012.11.22 05:31:54.050,0.82419,0.82429,3.98,3.23
2012.11.22 05:31:54.290,0.82419,0.82428,2.48,2.48
2012.11.22 05:31:55.530,0.8242,0.82428,2.48,2.48
2012.11.22 05:31:56.624,0.8242,0.82428,3.23,2.48
2012.11.22 05:32:00.530,0.8242,0.82428,3.98,2.48
2012.11.22 05:32:01.102,0.8242,0.82428,2.48,1.73
2012.11.22 05:32:01.630,0.8242,0.82428,3.23,2.48
2012.11.22 05:32:02.684,0.8242,0.82428,2.25,2.48
2012.11.22 05:32:13.140,0.8242,0.82428,2.48,1.73
2012.11.22 05:32:24.411,0.82418,0.82424,2.48,2.10
2012.11.22 05:32:24.471,0.82416,0.82422,1.50,1.50
2012.11.22 05:32:24.602,0.82415,0.82423,1.73,1.73
2012.11.22 05:32:25.151,0.82416,0.82423,2.25,3.23
2012.11.22 05:32:25.670,0.82416,0.82423,1.50,1.50
2012.11.22 05:32:25.850,0.82416,0.82423,2.25,3.23
2012.11.22 05:32:26.854,0.82416,0.82425,2.25,2.48
2012.11.22 05:32:26.921,0.82416,0.82425,3.23,1.73
2012.11.22 05:32:36.351,0.82418,0.82426,2.48,1.73
2012.11.22 05:32:47.435,0.82418,0.82426,2.25,2.48
2012.11.22 05:32:49.411,0.82418,0.82426,3.23,1.73
2012.11.22 05:32:54.280,0.82419,0.82428,3.98,2.25
2012.11.22 05:33:14.990,0.82418,0.82426,2.48,1.88
2012.11.22 05:33:15.123,0.82416,0.82423,1.50,3.00
2012.11.22 05:33:15.680,0.82414,0.82423,3.98,2.48
2012.11.22 05:33:15.870,0.82414,0.82424,6.98,3.98
2012.11.22 05:33:20.873,0.82415,0.82424,1.73,3.23
2012.11.22 05:33:31.889,0.82415,0.82423,3.15,1.50
2012.11.22 05:33:33.220,0.82415,0.82423,3.23,1.73
2012.11.22 05:33:36.080,0.82415,0.82424,3.23,2.48
2012.11.22 05:33:57.752,0.82415,0.82422,1.73,1.73
2012.11.22 05:33:59.310,0.82413,0.8242,1.50,2.48
2012.11.22 05:33:59.491,0.82412,0.82419,1.73,1.73
2012.11.22 05:34:04.943,0.82409,0.82418,5.25,1.73
2012.11.22 05:34:20.366,0.82409,0.82417,1.73,1.50
2012.11.22 05:34:20.491,0.82408,0.82415,1.50,2.48
2012.11.22 05:34:20.731,0.82406,0.82413,1.13,2.48
2012.11.22 05:34:20.792,0.82406,0.82414,1.35,1.73
2012.11.22 05:34:21.152,0.82403,0.8241,1.73,2.48
2012.11.22 05:34:21.691,0.82403,0.82411,1.73,1.73
2012.11.22 05:34:22.251,0.82403,0.82412,1.73,2.48
2012.11.22 05:34:31.860,0.82402,0.8241,3.23,3.98
2012.11.22 05:34:31.931,0.82402,0.82409,3.23,1.73
2012.11.22 05:34:34.251,0.82401,0.82409,3.00,2.48
2012.11.22 05:34:43.531,0.82403,0.8241,3.23,1.50
2012.11.22 05:34:43.809,0.82403,0.82409,1.50,2.48
2012.11.22 05:34:46.960,0.824,0.82409,5.48,2.48
2012.11.22 05:35:55.520,0.824,0.82408,3.75,2.48
2012.11.22 05:35:55.860,0.824,0.82409,3.38,1.73
2012.11.22 05:35:56.566,0.824,0.8241,3.60,1.73
2012.11.22 05:35:59.131,0.82404,0.82411,1.73,3.98
2012.11.22 05:35:59.251,0.82403,0.8241,1.73,2.48
2012.11.22 05:35:59.431,0.82401,0.82408,3.98,1.50
2012.11.22 05:35:59.791,0.82403,0.8241,2.48,1.50
2012.11.22 05:36:00.572,0.82403,0.8241,2.48,2.25
2012.11.22 05:36:01.110,0.82403,0.8241,2.48,2.48
2012.11.22 05:36:21.180,0.82402,0.82409,1.73,1.73
2012.11.22 05:37:00.728,0.82401,0.8241,3.23,1.73
2012.11.22 05:37:34.002,0.82403,0.82412,2.48,1.73
2012.11.22 05:37:34.362,0.82405,0.82413,2.48,4.73
2012.11.22 05:37:34.601,0.82405,0.82412,1.73,1.73
2012.11.22 05:37:37.501,0.82404,0.82412,3.23,1.73
2012.11.22 05:37:37.622,0.82406,0.82413,1.50,2.48
2012.11.22 05:37:38.041,0.82407,0.82414,2.85,1.35
2012.11.22 05:37:38.221,0.82408,0.82416,4.35,4.73
2012.11.22 05:37:38.641,0.82408,0.82417,4.35,1.73
2012.11.22 05:37:39.451,0.82409,0.82417,1.50,1.73
2012.11.22 05:37:39.631,0.82406,0.82413,3.98,1.50
2012.11.22 05:37:39.691,0.82408,0.82416,1.73,4.73
2012.11.22 05:37:40.231,0.82406,0.82413,2.48,1.50
2012.11.22 05:37:41.690,0.82408,0.82416,1.73,5.48
2012.11.22 05:37:44.241,0.82409,0.82416,2.25,4.73
2012.11.22 05:37:44.601,0.82411,0.82419,3.23,2.48
2012.11.22 05:37:47.761,0.82413,0.82421,1.73,3.00
2012.11.22 05:37:47.881,0.82415,0.82421,1.73,2.48
2012.11.22 05:37:48.121,0.82416,0.82424,3.98,1.73
2012.11.22 05:37:52.473,0.82416,0.82423,1.73,1.73
2012.11.22 05:37:54.271,0.82416,0.82425,3.23,2.48
2012.11.22 05:37:58.581,0.82416,0.82422,3.00,1.50
2012.11.22 05:37:58.881,0.82414,0.8242,1.88,1.73
2012.11.22 05:38:04.981,0.82412,0.82419,1.73,1.73
2012.11.22 05:38:12.672,0.82414,0.8242,1.50,1.73
2012.11.22 05:38:40.387,0.82411,0.82419,4.13,1.73
2012.11.22 05:38:51.331,0.82413,0.82419,3.30,1.73
2012.11.22 05:38:51.512,0.82414,0.8242,1.73,2.48
2012.11.22 05:38:52.661,0.82416,0.82422,1.05,1.50
2012.11.22 05:38:53.020,0.82417,0.82424,1.05,1.73
2012.11.22 05:38:53.441,0.82419,0.82425,2.48,1.50
2012.11.22 05:38:53.741,0.82421,0.82428,1.73,1.35
2012.11.22 05:38:54.041,0.8242,0.82427,3.60,1.73
2012.11.22 05:38:54.642,0.82421,0.82428,1.73,2.48
2012.11.22 05:38:54.761,0.82421,0.82428,2.48,1.50
2012.11.22 05:38:54.821,0.82422,0.82429,3.23,2.25
2012.11.22 05:38:55.240,0.82425,0.82431,1.73,1.73
2012.11.22 05:38:56.080,0.82425,0.82432,1.88,1.88
2012.11.22 05:38:56.382,0.82423,0.82431,6.23,2.48
2012.11.22 05:38:56.778,0.82424,0.82433,2.48,2.85
2012.11.22 05:38:57.300,0.82424,0.82432,1.73,1.73
2012.11.22 05:39:00.620,0.82425,0.82432,1.28,1.73
2012.11.22 05:39:07.901,0.82424,0.82432,1.73,2.48
2012.11.22 05:39:17.321,0.82424,0.82432,2.48,1.73
2012.11.22 05:39:23.761,0.82425,0.82433,2.63,2.63
2012.11.22 05:39:24.300,0.82426,0.82433,1.73,1.50
2012.11.22 05:39:24.992,0.82425,0.82432,1.73,2.48
2012.11.22 05:39:37.544,0.82425,0.82432,1.50,2.48
2012.11.22 05:39:38.063,0.82425,0.82432,1.65,2.48
2012.11.22 05:39:46.141,0.82426,0.82433,1.73,2.48
2012.11.22 05:39:49.421,0.82426,0.82433,1.50,2.48
2012.11.22 05:39:52.169,0.82426,0.82433,1.73,1.73
2012.11.22 05:40:03.902,0.82424,0.82431,4.73,2.25
2012.11.22 05:40:04.082,0.82424,0.82431,1.73,1.73
2012.11.22 05:40:11.012,0.82425,0.82433,2.48,1.50
2012.11.22 05:40:11.070,0.82425,0.82434,3.98,3.23
2012.11.22 05:40:11.601,0.82425,0.82434,3.98,3.23
2012.11.22 05:40:27.001,0.82424,0.82433,1.73,3.98
2012.11.22 05:40:30.031,0.82425,0.82433,1.73,3.98
2012.11.22 05:40:30.571,0.82424,0.82433,1.73,3.98
2012.11.22 05:40:31.425,0.82424,0.82433,1.65,3.98
2012.11.22 05:40:35.111,0.82425,0.82433,3.98,2.25
2012.11.22 05:40:48.941,0.82424,0.82432,2.48,1.50
2012.11.22 05:40:49.061,0.82425,0.82432,1.73,2.48
2012.11.22 05:40:50.003,0.82426,0.82433,1.73,1.50
2012.11.22 05:41:22.090,0.82425,0.82434,6.60,1.73
2012.11.22 05:41:23.132,0.82426,0.82434,1.35,1.73
2012.11.22 05:41:50.761,0.82425,0.82435,5.10,3.23
2012.11.22 05:42:25.525,0.82425,0.82435,3.23,2.48
2012.11.22 05:42:54.785,0.82425,0.82435,1.73,2.48
2012.11.22 05:43:04.101,0.82427,0.82435,1.73,1.73
2012.11.22 05:43:20.196,0.82428,0.82435,2.48,1.73
2012.11.22 05:43:48.491,0.82428,0.82436,1.73,3.98
2012.11.22 05:43:48.851,0.82427,0.82436,3.98,3.98
2012.11.22 05:44:09.494,0.82427,0.82436,2.48,1.73
2012.11.22 05:44:14.721,0.82427,0.82436,2.48,3.23
2012.11.22 05:44:52.611,0.8243,0.82436,1.50,3.00
2012.11.22 05:44:52.793,0.82433,0.8244,1.73,2.48
2012.11.22 05:44:53.031,0.82433,0.8244,2.48,1.50
2012.11.22 05:44:53.672,0.82434,0.82441,1.73,1.73
2012.11.22 05:44:53.923,0.82437,0.82444,1.50,2.25
2012.11.22 05:44:53.982,0.82437,0.82444,1.73,1.73
2012.11.22 05:44:54.342,0.82437,0.82445,2.48,1.50
2012.11.22 05:44:54.906,0.82437,0.82445,1.73,1.73
2012.11.22 05:45:01.317,0.82438,0.82445,1.73,3.23
2012.11.22 05:45:01.863,0.82437,0.82445,3.98,2.48
2012.11.22 05:45:02.422,0.82438,0.82445,1.73,1.73
2012.11.22 05:45:03.072,0.82438,0.82446,3.57,2.25
2012.11.22 05:45:03.192,0.8244,0.82446,1.73,1.73
2012.11.22 05:45:03.734,0.8244,0.82447,1.73,1.73
2012.11.22 05:45:03.923,0.82441,0.8245,3.98,3.23
2012.11.22 05:45:05.652,0.82442,0.8245,3.23,2.48
2012.11.22 05:45:05.893,0.82443,0.8245,1.73,3.23
2012.11.22 05:45:12.782,0.82443,0.8245,3.98,1.50
2012.11.22 05:45:14.182,0.82441,0.8245,3.23,2.48
2012.11.22 05:45:14.792,0.82443,0.8245,3.23,1.50
2012.11.22 05:45:15.152,0.82441,0.8245,4.73,2.48
2012.11.22 05:45:16.802,0.82445,0.82451,1.50,3.00
2012.11.22 05:45:17.102,0.82441,0.8245,4.73,3.23
2012.11.22 05:45:17.473,0.82444,0.82451,1.50,1.50
2012.11.22 05:45:17.831,0.82445,0.82453,3.00,1.50
2012.11.22 05:45:18.204,0.82446,0.82455,3.75,4.35
2012.11.22 05:45:18.276,0.82446,0.82452,3.00,2.25
2012.11.22 05:45:18.821,0.82446,0.82454,1.73,4.73
2012.11.22 05:45:19.700,0.82446,0.82454,1.73,2.48
2012.11.22 05:45:20.044,0.82446,0.82454,1.73,2.48
2012.11.22 05:45:20.172,0.82446,0.82454,1.73,2.48
2012.11.22 05:45:29.611,0.82446,0.82454,1.99,1.73
2012.11.22 05:45:36.974,0.82446,0.82454,1.73,1.73
2012.11.22 05:45:46.011,0.82446,0.82454,2.48,1.73
2012.11.22 05:45:46.552,0.82446,0.82455,2.52,4.73
2012.11.22 05:45:52.372,0.82448,0.82455,3.23,2.25
2012.11.22 05:45:53.023,0.82448,0.82456,3.23,1.73
2012.11.22 05:45:53.483,0.82448,0.82454,1.73,1.73
2012.11.22 05:45:54.142,0.82448,0.82455,2.48,1.73
2012.11.22 05:45:54.262,0.82448,0.82456,2.48,3.98
2012.11.22 05:45:58.742,0.82452,0.82457,1.13,3.00
2012.11.22 05:45:58.863,0.82452,0.8246,2.63,3.00
2012.11.22 05:45:59.222,0.82451,0.8246,6.75,1.50
2012.11.22 05:45:59.343,0.82452,0.82461,4.13,3.98
2012.11.22 05:45:59.473,0.82453,0.82461,1.88,2.48
2012.11.22 05:45:59.713,0.82453,0.82459,1.13,1.50
2012.11.22 05:45:59.772,0.82453,0.82459,1.35,1.73
2012.11.22 05:46:05.682,0.82453,0.82461,2.48,4.50
2012.11.22 05:46:05.802,0.82453,0.82462,2.25,3.98
2012.11.22 05:46:06.341,0.82453,0.82463,2.25,3.38
2012.11.22 05:46:07.874,0.82453,0.82461,2.25,1.73
2012.11.22 05:46:08.123,0.82453,0.8246,2.48,2.48
2012.11.22 05:46:08.613,0.82454,0.82464,4.50,3.98
2012.11.22 05:46:08.732,0.82454,0.82464,4.50,3.98
2012.11.22 05:46:09.943,0.82458,0.82466,1.73,2.85
2012.11.22 05:46:10.004,0.82458,0.82466,1.73,2.85
2012.11.22 05:46:10.563,0.82458,0.82465,1.73,1.73
2012.11.22 05:46:11.892,0.82456,0.82464,1.73,1.73
2012.11.22 05:46:18.932,0.82456,0.82463,2.25,1.73
2012.11.22 05:46:21.892,0.82456,0.82463,2.25,4.13
2012.11.22 05:46:22.074,0.82458,0.82466,2.25,2.25
2012.11.22 05:46:22.142,0.82458,0.82466,1.73,2.48
2012.11.22 05:46:22.683,0.82458,0.82467,2.48,3.75
2012.11.22 05:46:23.209,0.82458,0.82467,3.98,3.23
2012.11.22 05:46:23.711,0.82458,0.82466,1.50,1.73
2012.11.22 05:46:25.963,0.82458,0.82465,1.73,1.50
2012.11.22 05:46:39.508,0.82458,0.82466,2.48,1.73
2012.11.22 05:46:41.088,0.82458,0.82467,3.23,3.23
2012.11.22 05:46:46.243,0.82462,0.8247,2.25,4.13
2012.11.22 05:46:46.794,0.82461,0.82467,2.48,2.25
2012.11.22 05:46:47.042,0.8246,0.82467,1.73,2.48
2012.11.22 05:46:57.809,0.8246,0.82467,1.73,2.48
2012.11.22 05:47:09.962,0.82458,0.82467,3.23,2.48
2012.11.22 05:47:19.452,0.82457,0.82465,1.73,1.73
2012.11.22 05:47:19.812,0.82457,0.82465,2.25,1.73
2012.11.22 05:47:28.477,0.82456,0.82463,2.85,1.73
2012.11.22 05:47:58.122,0.82455,0.82461,2.48,1.50
2012.11.22 05:47:58.482,0.82453,0.82461,1.73,2.48
2012.11.22 05:47:59.032,0.82452,0.8246,2.48,1.73
2012.11.22 05:47:59.334,0.82451,0.8246,1.35,2.48
2012.11.22 05:48:05.112,0.8245,0.82458,3.23,4.73
2012.11.22 05:48:05.172,0.8245,0.82457,2.48,1.73
2012.11.22 05:48:05.471,0.82448,0.82455,1.88,3.23
2012.11.22 05:48:05.713,0.82449,0.82457,3.75,2.25
2012.11.22 05:48:05.773,0.82449,0.82457,3.75,2.48
2012.11.22 05:48:06.313,0.82449,0.82458,1.35,2.48
2012.11.22 05:48:06.552,0.82449,0.82458,1.88,1.73
2012.11.22 05:48:10.393,0.82448,0.82453,4.50,2.25
2012.11.22 05:48:10.692,0.82448,0.82455,3.38,1.50
2012.11.22 05:48:11.211,0.82448,0.82455,1.88,3.23
2012.11.22 05:48:24.521,0.82446,0.82453,1.13,1.73
2012.11.22 05:48:25.117,0.82446,0.82452,1.13,1.73
2012.11.22 05:48:40.744,0.82446,0.82452,1.88,1.50
2012.11.22 05:48:41.102,0.82445,0.82454,1.73,2.48
2012.11.22 05:48:44.424,0.82445,0.82452,1.50,1.73
2012.11.22 05:48:44.482,0.82443,0.82452,4.50,2.48
2012.11.22 05:48:44.962,0.82443,0.8245,1.35,3.98
2012.11.22 05:48:45.082,0.82443,0.8245,1.13,4.73
2012.11.22 05:48:53.482,0.82443,0.82449,1.13,1.50
2012.11.22 05:48:54.352,0.82442,0.8245,2.10,1.58
2012.11.22 05:48:54.922,0.82443,0.82451,1.13,3.75
2012.11.22 05:48:55.381,0.82443,0.82451,1.13,3.98
2012.11.22 05:49:04.464,0.82442,0.82451,2.85,3.98
2012.11.22 05:49:05.152,0.82443,0.82451,1.13,3.98
2012.11.22 05:49:14.387,0.82442,0.8245,3.98,1.73
2012.11.22 05:49:30.691,0.82443,0.8245,2.10,2.48
2012.11.22 05:49:34.056,0.82443,0.8245,1.88,2.48
2012.11.22 05:49:45.046,0.82444,0.8245,1.13,1.73
2012.11.22 05:49:50.371,0.82444,0.82452,1.13,2.48
2012.11.22 05:49:53.982,0.82444,0.82452,1.13,1.50
2012.11.22 05:49:54.998,0.82443,0.82452,4.88,1.58
2012.11.22 05:49:55.341,0.82443,0.82452,5.25,1.58
2012.11.22 05:49:57.955,0.82443,0.82451,3.75,1.73
2012.11.22 05:50:02.312,0.82443,0.82451,1.88,1.73
2012.11.22 05:50:18.254,0.82443,0.82452,1.13,2.48
2012.11.22 05:50:42.992,0.82441,0.82449,1.73,1.73
2012.11.22 05:50:45.072,0.82441,0.82451,1.73,2.48
2012.11.22 05:50:55.113,0.82441,0.82448,2.48,3.38
2012.11.22 05:50:55.173,0.82441,0.82448,1.50,5.10
2012.11.22 05:50:55.486,0.82438,0.82444,1.35,1.50
2012.11.22 05:50:56.033,0.82437,0.82444,1.73,1.73
2012.11.22 05:50:59.755,0.82434,0.82441,1.50,1.50
2012.11.22 05:50:59.823,0.82433,0.82441,2.48,1.73
2012.11.22 05:50:59.944,0.82433,0.82441,1.73,2.85
2012.11.22 05:51:00.063,0.82433,0.8244,1.50,1.50
2012.11.22 05:51:00.123,0.82433,0.8244,1.73,1.73
2012.11.22 05:51:00.303,0.82431,0.82438,3.98,2.25
2012.11.22 05:51:00.663,0.82429,0.82436,3.98,3.98
2012.11.22 05:51:00.783,0.82428,0.82436,1.73,5.48
2012.11.22 05:51:02.222,0.82428,0.82436,2.48,2.48
2012.11.22 05:51:02.582,0.82428,0.82435,1.73,3.98
2012.11.22 05:51:13.822,0.82427,0.82434,1.73,1.73
2012.11.22 05:51:13.942,0.82425,0.82433,3.23,2.48
2012.11.22 05:51:14.243,0.82424,0.82433,2.85,3.23
2012.11.22 05:51:16.352,0.82424,0.82432,1.50,3.98
2012.11.22 05:51:16.914,0.82423,0.82432,3.23,3.23
2012.11.22 05:51:43.233,0.82425,0.82432,3.23,1.50
2012.11.22 05:51:43.293,0.82426,0.82433,1.73,1.50
2012.11.22 05:51:43.664,0.82426,0.82434,2.48,1.73
2012.11.22 05:51:44.792,0.82426,0.82434,1.73,1.73
2012.11.22 05:51:44.854,0.82425,0.82433,2.48,1.73
2012.11.22 05:51:45.392,0.82425,0.82434,1.73,3.23
2012.11.22 05:52:02.393,0.82427,0.82435,1.73,3.98
2012.11.22 05:52:02.902,0.82429,0.82435,1.50,3.98
2012.11.22 05:52:03.893,0.82429,0.82437,3.23,2.48
2012.11.22 05:52:06.326,0.82429,0.82436,2.48,1.58
2012.11.22 05:52:08.217,0.82429,0.82436,2.48,1.50
2012.11.22 05:52:08.623,0.82427,0.82435,2.48,3.75
2012.11.22 05:52:09.643,0.82427,0.82435,1.73,5.33
2012.11.22 05:52:10.344,0.82427,0.82435,1.73,4.73
2012.11.22 05:52:33.723,0.82428,0.82437,2.48,2.33
2012.11.22 05:52:33.843,0.8243,0.82438,2.25,3.75
2012.11.22 05:52:33.963,0.82431,0.82439,1.92,1.73
2012.11.22 05:52:34.142,0.82435,0.82444,2.48,4.35
2012.11.22 05:52:34.262,0.82435,0.82441,2.48,2.48
2012.11.22 05:52:35.693,0.82435,0.82444,2.48,2.48
2012.11.22 05:52:54.638,0.82435,0.82444,4.73,2.48
2012.11.22 05:53:15.190,0.82435,0.82443,1.50,2.48
2012.11.22 05:53:16.454,0.82435,0.82442,2.48,1.73
2012.11.22 05:53:18.435,0.82435,0.82444,3.98,2.48
2012.11.22 05:53:35.305,0.82435,0.82444,3.23,1.73
2012.11.22 05:53:55.472,0.82437,0.82445,1.73,6.23
2012.11.22 05:53:55.593,0.82437,0.82445,1.73,4.73
2012.11.22 05:53:56.113,0.82437,0.82445,1.73,4.50
2012.11.22 05:53:57.297,0.82437,0.82445,1.73,4.58
2012.11.22 05:54:31.552,0.82437,0.82446,5.85,6.23
2012.11.22 05:54:31.913,0.82435,0.82442,3.23,1.73
2012.11.22 05:54:32.343,0.82436,0.82442,1.50,2.48
2012.11.22 05:54:37.913,0.82436,0.82442,3.00,1.50
2012.11.22 05:54:38.762,0.82436,0.82442,1.50,1.73
2012.11.22 05:54:41.093,0.82436,0.82442,2.25,1.50
2012.11.22 05:54:41.274,0.82436,0.82444,3.23,1.73
2012.11.22 05:55:29.613,0.82439,0.82447,1.73,3.75
2012.11.22 05:55:29.793,0.82439,0.82447,1.73,3.98
2012.11.22 05:55:44.983,0.8244,0.82448,1.88,3.38
2012.11.22 05:55:45.223,0.82442,0.82449,1.05,2.10
2012.11.22 05:55:45.765,0.82444,0.82451,2.63,1.73
2012.11.22 05:55:47.723,0.82447,0.82454,2.85,3.08
2012.11.22 05:55:47.788,0.82447,0.82456,3.60,2.10
2012.11.22 05:55:48.523,0.82449,0.82459,3.75,1.73
2012.11.22 05:55:49.073,0.82449,0.82458,4.50,1.73
2012.11.22 05:55:55.184,0.82451,0.82459,2.48,3.98
2012.11.22 05:55:55.304,0.82451,0.8246,1.05,1.73
2012.11.22 05:55:59.363,0.82451,0.82459,1.05,2.48
2012.11.22 05:55:59.493,0.8245,0.82459,6.90,1.73
2012.11.22 05:56:00.464,0.82451,0.82458,2.78,2.48
2012.11.22 05:56:01.242,0.82451,0.82459,1.05,1.73
2012.11.22 05:56:03.383,0.82451,0.82458,1.65,2.48
2012.11.22 05:56:03.633,0.82452,0.82459,1.88,1.73
2012.11.22 05:56:07.154,0.8245,0.82458,1.73,2.48
2012.11.22 05:56:07.464,0.8245,0.82456,1.73,1.88
2012.11.22 05:56:07.763,0.82446,0.82453,2.25,3.68
2012.11.22 05:56:08.303,0.82445,0.8245,1.73,2.25
2012.11.22 05:56:08.854,0.82443,0.82452,2.48,4.73
2012.11.22 05:56:09.152,0.82442,0.82451,1.50,3.23
2012.11.22 05:56:09.584,0.82443,0.82452,1.50,2.48
2012.11.22 05:56:10.083,0.82443,0.8245,2.48,2.48
2012.11.22 05:56:10.216,0.82443,0.82452,3.00,1.73
2012.11.22 05:56:10.283,0.82444,0.82453,2.25,7.20
2012.11.22 05:56:10.524,0.82444,0.82452,2.48,1.73
2012.11.22 05:56:10.824,0.82444,0.82452,2.25,1.35
2012.11.22 05:56:11.063,0.82444,0.82452,3.23,3.60
2012.11.22 05:56:11.183,0.82444,0.82452,4.50,2.10
2012.11.22 05:56:11.363,0.82444,0.82451,3.00,1.73
2012.11.22 05:56:11.423,0.82444,0.82451,3.23,1.73
2012.11.22 05:56:11.483,0.82444,0.82452,3.75,1.73
2012.11.22 05:56:11.723,0.82444,0.82452,3.23,3.23
2012.11.22 05:56:11.844,0.82444,0.82451,3.23,3.23
2012.11.22 05:56:11.904,0.82444,0.82451,3.23,3.00
2012.11.22 05:56:11.963,0.82444,0.82452,2.48,2.48
2012.11.22 05:56:12.205,0.82444,0.82453,2.48,3.45
2012.11.22 05:56:12.333,0.82444,0.82452,2.48,1.05
2012.11.22 05:56:12.514,0.82444,0.82452,1.73,1.80
2012.11.22 05:56:12.633,0.82444,0.82452,1.73,1.80
2012.11.22 05:56:12.753,0.82444,0.82451,1.50,3.98
2012.11.22 05:56:13.234,0.82445,0.82451,1.50,1.50
2012.11.22 05:56:13.773,0.82444,0.82451,1.50,2.48
2012.11.22 05:56:13.834,0.82444,0.82451,1.73,2.48
2012.11.22 05:56:14.253,0.82443,0.82451,2.48,2.48
2012.11.22 05:56:14.373,0.82443,0.82451,1.50,1.73
2012.11.22 05:56:14.554,0.82443,0.82451,2.48,4.73
2012.11.22 05:56:15.093,0.82443,0.82451,2.48,2.48
2012.11.22 05:56:15.274,0.82443,0.82451,2.25,2.48
2012.11.22 05:56:15.455,0.82443,0.8245,1.50,1.73
2012.11.22 05:56:15.574,0.82443,0.82451,3.00,1.73
2012.11.22 05:56:16.053,0.82443,0.82451,1.73,2.48
2012.11.22 05:56:16.179,0.82443,0.82451,2.25,1.73
2012.11.22 05:56:16.364,0.82443,0.82451,1.73,2.48
2012.11.22 05:56:16.904,0.82443,0.82451,2.25,4.73
2012.11.22 05:56:17.564,0.82444,0.82452,1.73,1.73
2012.11.22 05:56:17.923,0.82443,0.82451,2.10,1.73
2012.11.22 05:56:18.043,0.82445,0.82453,1.73,4.35
2012.11.22 05:56:18.164,0.82443,0.8245,2.48,1.73
2012.11.22 05:56:18.224,0.82445,0.82452,1.73,1.80
2012.11.22 05:56:18.463,0.82443,0.82451,3.98,3.98
2012.11.22 05:56:18.584,0.82443,0.82451,3.98,1.73
2012.11.22 05:56:19.005,0.82443,0.82451,3.23,3.98
2012.11.22 05:56:19.254,0.82443,0.82451,2.25,1.73
2012.11.22 05:56:19.373,0.82443,0.82451,1.73,3.23
2012.11.22 05:56:19.493,0.82443,0.82451,2.25,2.48
2012.11.22 05:56:19.674,0.82443,0.8245,1.73,1.73
2012.11.22 05:56:20.214,0.82443,0.82451,2.25,4.73
2012.11.22 05:56:20.633,0.82443,0.8245,1.35,2.48
2012.11.22 05:56:20.694,0.82443,0.82451,3.60,1.73
2012.11.22 05:56:21.003,0.82443,0.82451,2.63,1.73
2012.11.22 05:56:21.183,0.82442,0.8245,4.35,2.48
2012.11.22 05:56:21.303,0.82443,0.82452,3.75,2.85
2012.11.22 05:56:21.484,0.82443,0.8245,3.23,3.23
2012.11.22 05:56:21.663,0.82443,0.82452,3.00,1.73
2012.11.22 05:56:21.844,0.82442,0.82451,3.98,1.73
2012.11.22 05:56:22.203,0.82443,0.82452,3.75,2.85
2012.11.22 05:56:22.754,0.82443,0.82451,3.23,1.73
2012.11.22 05:56:23.295,0.82443,0.82451,3.23,6.23
2012.11.22 05:57:17.503,0.82444,0.82452,1.73,3.00
2012.11.22 05:57:17.564,0.82444,0.82452,2.48,3.23
2012.11.22 05:57:17.803,0.82448,0.82453,1.50,3.08
2012.11.22 05:57:18.283,0.82448,0.82454,1.73,1.50
2012.11.22 05:57:18.523,0.82446,0.82455,1.73,4.05
2012.11.22 05:57:18.643,0.82445,0.82452,5.10,1.50
2012.11.22 05:57:19.204,0.82445,0.82452,4.50,1.50
2012.11.22 05:57:20.062,0.82445,0.82455,3.00,4.73
2012.11.22 05:57:24.815,0.82445,0.82453,1.73,3.60
2012.11.22 05:57:25.295,0.82447,0.82455,1.50,2.48
2012.11.22 05:57:25.354,0.82447,0.82455,1.50,2.48
2012.11.22 05:57:30.474,0.82448,0.82455,1.73,3.23
2012.11.22 05:57:30.534,0.82445,0.82453,4.35,5.10
2012.11.22 05:57:30.775,0.82445,0.82456,3.00,2.48
2012.11.22 05:57:31.313,0.82447,0.82456,1.50,3.98
2012.11.22 05:57:43.611,0.82451,0.82456,1.50,1.73
2012.11.22 05:57:43.673,0.82454,0.82461,2.25,6.98
2012.11.22 05:57:43.794,0.82455,0.82462,1.58,1.35
2012.11.22 05:57:44.215,0.82456,0.82464,3.00,1.50
2012.11.22 05:57:47.744,0.82458,0.82462,1.50,1.88
2012.11.22 05:57:48.283,0.82455,0.8246,1.73,1.13
2012.11.22 05:57:54.524,0.82454,0.8246,1.73,1.88
2012.11.22 05:57:56.513,0.82454,0.8246,1.50,1.13
2012.11.22 05:58:05.056,0.82454,0.82459,2.48,1.13
2012.11.22 05:58:09.699,0.82457,0.82464,3.75,1.50
2012.11.22 05:58:10.244,0.82459,0.82466,1.50,2.85
2012.11.22 05:58:10.603,0.82458,0.82463,1.50,2.85
2012.11.22 05:58:10.664,0.82456,0.8246,2.25,1.13
2012.11.22 05:58:10.784,0.82455,0.8246,1.73,1.35
2012.11.22 05:58:11.323,0.82455,0.82463,3.23,4.35
2012.11.22 05:58:12.725,0.82456,0.82463,2.48,2.25
2012.11.22 05:58:12.856,0.82458,0.82465,1.50,1.35
2012.11.22 05:58:12.924,0.82458,0.82465,1.50,1.35
2012.11.22 05:58:13.103,0.82459,0.82465,1.73,2.85
2012.11.22 05:58:13.285,0.82459,0.82463,1.50,1.13
2012.11.22 05:58:13.343,0.82459,0.82463,1.73,1.35
2012.11.22 05:58:18.304,0.8246,0.82466,2.25,3.00
2012.11.22 05:58:18.423,0.82464,0.82472,2.25,1.88
2012.11.22 05:58:18.544,0.82465,0.82474,2.40,2.25
2012.11.22 05:58:18.929,0.82465,0.82473,1.65,2.25
2012.11.22 05:58:18.997,0.82465,0.82473,1.73,2.48
2012.11.22 05:58:27.404,0.82464,0.82473,1.73,3.60
2012.11.22 05:58:27.643,0.82464,0.82471,2.48,2.48
2012.11.22 05:58:28.229,0.82464,0.82474,1.50,2.85
2012.11.22 05:58:41.743,0.82466,0.82474,1.88,1.50
2012.11.22 05:58:42.053,0.82466,0.82473,1.13,2.48
2012.11.22 05:58:54.051,0.82466,0.82472,1.50,2.25
2012.11.22 05:58:54.571,0.82465,0.82471,1.50,1.50
2012.11.22 05:58:57.463,0.82463,0.82471,2.48,2.48
2012.11.22 05:59:04.024,0.82464,0.82471,1.73,1.50
2012.11.22 05:59:09.553,0.82464,0.82471,1.73,1.73
2012.11.22 05:59:21.563,0.82465,0.82472,1.13,3.75
2012.11.22 05:59:21.625,0.82465,0.82473,2.10,2.85
2012.11.22 05:59:24.594,0.82465,0.82471,1.73,3.23
2012.11.22 05:59:24.714,0.82463,0.82471,4.35,4.73
2012.11.22 05:59:24.842,0.82463,0.82471,4.35,3.98
2012.11.22 05:59:25.344,0.82466,0.82473,1.73,1.73
2012.11.22 05:59:25.694,0.8247,0.82475,1.13,1.13
2012.11.22 05:59:25.814,0.82467,0.82476,3.23,2.48
2012.11.22 05:59:27.943,0.8247,0.82477,2.48,1.35
2012.11.22 05:59:28.564,0.8247,0.82478,2.48,1.35
2012.11.22 05:59:30.565,0.82472,0.8248,2.48,2.25
2012.11.22 05:59:31.084,0.82471,0.82479,3.98,1.73
2012.11.22 05:59:32.004,0.82471,0.82479,3.98,2.48
2012.11.22 05:59:47.654,0.82471,0.82479,1.50,3.23
2012.11.22 05:59:48.133,0.82468,0.82475,3.75,1.50
2012.11.22 05:59:48.673,0.8247,0.82476,2.25,2.25
2012.11.22 05:59:48.795,0.8247,0.82476,2.48,1.73
2012.11.22 05:59:48.993,0.8247,0.82478,4.73,2.85
2012.11.22 05:59:55.455,0.8247,0.82477,1.50,3.00
2012.11.22 05:59:55.584,0.82469,0.82476,2.48,1.73
2012.11.22 05:59:55.829,0.82471,0.82478,1.73,1.50
2012.11.22 05:59:55.893,0.82471,0.82478,1.73,1.50
2012.11.22 05:59:56.863,0.82471,0.82478,1.50,3.00
2012.11.22 05:59:57.632,0.82471,0.82479,2.48,3.98
2012.11.22 05:59:58.973,0.82471,0.82478,1.73,3.00
2012.11.22 05:59:59.094,0.82468,0.82476,1.50,1.50
2012.11.22 05:59:59.153,0.82468,0.82476,1.73,1.50
2012.11.22 05:59:59.657,0.82471,0.82477,1.50,2.25
2012.11.22 05:59:59.845,0.82471,0.82477,3.00,1.50
