2014.07.22 15:00:00.316,1.01494,1.01496,2.25,3.19
2014.07.22 15:00:00.669,1.01495,1.01498,1.00,1.69
2014.07.22 15:00:01.151,1.01497,1.015,2.50,1.50
2014.07.22 15:00:01.254,1.01497,1.01498,1.00,2.25
2014.07.22 15:00:01.764,1.01496,1.01498,1.00,3.94
2014.07.22 15:00:02.274,1.01495,1.01497,1.50,2.44
2014.07.22 15:00:02.375,1.01497,1.015,1.00,3.00
2014.07.22 15:00:04.754,1.01499,1.015,1.00,2.44
2014.07.22 15:00:08.407,1.01498,1.01499,1.50,2.25
2014.07.22 15:00:08.710,1.01496,1.01498,1.50,5.25
2014.07.22 15:00:09.216,1.01496,1.01499,1.00,1.50
2014.07.22 15:00:09.721,1.01497,1.01499,2.25,3.19
2014.07.22 15:00:10.226,1.01497,1.01499,1.00,3.00
2014.07.22 15:00:12.130,1.01498,1.015,2.50,1.50
2014.07.22 15:00:14.153,1.01498,1.01499,1.50,2.44
2014.07.22 15:00:14.684,1.01498,1.015,1.00,3.19
2014.07.22 15:00:15.767,1.01498,1.015,1.00,1.00
2014.07.22 15:00:16.304,1.01498,1.01499,1.00,2.25
2014.07.22 15:00:17.090,1.01498,1.015,1.00,2.25
2014.07.22 15:00:17.605,1.01497,1.01499,1.50,2.75
2014.07.22 15:00:20.339,1.01498,1.01499,1.00,1.25
2014.07.22 15:00:21.501,1.01498,1.015,1.00,2.25
2014.07.22 15:00:22.190,1.01498,1.015,1.50,3.19
2014.07.22 15:00:22.897,1.01497,1.01499,2.25,2.75
2014.07.22 15:00:23.417,1.01498,1.015,1.00,3.19
2014.07.22 15:00:25.605,1.01499,1.01502,1.50,3.00
2014.07.22 15:00:26.111,1.01499,1.01501,1.25,1.69
2014.07.22 15:00:26.616,1.01499,1.015,1.00,1.25
2014.07.22 15:00:27.421,1.01498,1.015,2.44,1.84
2014.07.22 15:00:27.775,1.01499,1.01501,2.69,1.99
2014.07.22 15:00:28.283,1.01499,1.015,1.25,1.00
2014.07.22 15:00:29.166,1.01498,1.015,2.44,1.69
2014.07.22 15:00:31.465,1.01498,1.015,1.50,3.19
2014.07.22 15:00:31.969,1.01498,1.015,1.69,3.19
2014.07.22 15:00:32.790,1.01498,1.015,1.50,3.19
2014.07.22 15:00:35.773,1.01498,1.015,1.25,3.94
2014.07.22 15:00:37.807,1.01498,1.015,1.00,3.94
2014.07.22 15:00:38.313,1.01498,1.015,1.00,3.75
2014.07.22 15:00:38.819,1.01498,1.01499,1.00,1.25
2014.07.22 15:00:39.450,1.01497,1.01499,1.69,1.69
2014.07.22 15:00:47.788,1.01497,1.01498,1.00,1.25
2014.07.22 15:00:52.951,1.01496,1.01499,2.44,3.19
2014.07.22 15:00:53.255,1.01498,1.015,1.00,5.44
2014.07.22 15:00:58.129,1.01497,1.01499,1.50,2.44
2014.07.22 15:00:59.126,1.01498,1.01499,1.00,1.25
2014.07.22 15:01:00.876,1.01497,1.01499,6.19,1.25
2014.07.22 15:01:03.463,1.01498,1.015,1.00,3.94
2014.07.22 15:01:06.005,1.01499,1.015,1.00,3.00
2014.07.22 15:01:06.107,1.01497,1.01499,4.69,1.25
2014.07.22 15:01:08.674,1.01497,1.015,3.19,2.25
2014.07.22 15:01:09.191,1.01497,1.015,4.69,2.44
2014.07.22 15:01:11.322,1.01496,1.01498,1.25,1.25
2014.07.22 15:01:11.423,1.01497,1.015,1.00,2.25
2014.07.22 15:01:11.927,1.01497,1.015,2.44,3.94
2014.07.22 15:01:12.715,1.01498,1.015,1.00,3.94
2014.07.22 15:01:16.409,1.01498,1.015,1.50,1.25
2014.07.22 15:01:16.956,1.01498,1.015,1.50,3.19
2014.07.22 15:01:17.485,1.01498,1.015,1.69,3.19
2014.07.22 15:01:18.878,1.01499,1.015,1.00,3.94
2014.07.22 15:01:19.536,1.01498,1.015,1.50,3.94
2014.07.22 15:01:20.966,1.01497,1.01499,1.50,3.19
2014.07.22 15:01:21.277,1.01495,1.01498,3.19,3.19
2014.07.22 15:01:21.781,1.01496,1.01498,1.50,3.19
2014.07.22 15:01:22.305,1.01495,1.01498,3.19,2.44
2014.07.22 15:01:23.264,1.01496,1.01498,1.00,2.44
2014.07.22 15:01:25.673,1.01497,1.01499,1.50,3.19
2014.07.22 15:01:26.192,1.01497,1.015,3.19,3.19
2014.07.22 15:01:27.081,1.01498,1.015,1.00,3.94
2014.07.22 15:01:31.024,1.01497,1.01499,4.69,1.25
2014.07.22 15:01:31.552,1.01497,1.01498,2.44,1.00
2014.07.22 15:01:31.956,1.01495,1.01497,1.50,1.00
2014.07.22 15:01:32.058,1.01494,1.01495,1.69,1.00
2014.07.22 15:01:32.260,1.01492,1.01494,2.44,1.69
2014.07.22 15:01:33.274,1.01492,1.01494,1.00,3.19
2014.07.22 15:01:33.993,1.01493,1.01495,1.00,3.19
2014.07.22 15:01:34.095,1.01494,1.01498,4.69,3.00
2014.07.22 15:01:34.198,1.01497,1.01499,3.44,1.25
2014.07.22 15:01:36.128,1.01498,1.015,1.50,1.25
2014.07.22 15:01:37.986,1.01499,1.015,1.00,1.25
2014.07.22 15:01:38.139,1.015,1.01502,1.69,2.44
2014.07.22 15:01:38.448,1.01501,1.01503,1.00,3.00
2014.07.22 15:01:39.000,1.01501,1.01502,1.50,1.25
2014.07.22 15:01:39.519,1.01501,1.01503,1.00,3.00
2014.07.22 15:01:41.021,1.015,1.01502,1.50,1.00
2014.07.22 15:01:41.529,1.015,1.01502,2.25,3.19
2014.07.22 15:01:42.036,1.015,1.01502,2.44,1.69
2014.07.22 15:01:43.436,1.01501,1.01502,1.00,1.25
2014.07.22 15:01:45.649,1.01502,1.01503,1.00,2.25
2014.07.22 15:01:46.158,1.01502,1.01503,1.00,1.25
2014.07.22 15:01:48.867,1.01501,1.01503,1.50,3.19
2014.07.22 15:01:49.372,1.015,1.01502,5.44,1.00
2014.07.22 15:01:49.879,1.01502,1.01503,1.00,1.25
2014.07.22 15:01:51.059,1.015,1.01503,3.75,3.50
2014.07.22 15:01:55.089,1.01501,1.01502,1.00,2.25
2014.07.22 15:01:55.598,1.015,1.01501,2.25,1.69
2014.07.22 15:01:57.506,1.01499,1.015,1.50,1.25
2014.07.22 15:01:57.658,1.01498,1.015,1.69,1.69
2014.07.22 15:01:58.011,1.01497,1.01498,1.50,2.44
2014.07.22 15:01:58.523,1.01497,1.01499,1.69,1.69
2014.07.22 15:01:58.825,1.01499,1.015,1.00,1.50
2014.07.22 15:01:59.387,1.01499,1.015,1.00,1.25
2014.07.22 15:02:01.413,1.01498,1.015,1.00,3.19
2014.07.22 15:02:03.725,1.01498,1.015,1.00,3.94
2014.07.22 15:02:04.230,1.01498,1.01499,1.50,1.25
2014.07.22 15:02:06.419,1.01499,1.015,1.00,1.25
2014.07.22 15:02:14.528,1.01498,1.015,1.50,2.44
2014.07.22 15:02:15.187,1.01497,1.01499,3.19,1.25
2014.07.22 15:02:15.490,1.01498,1.015,1.00,3.00
2014.07.22 15:02:16.196,1.01498,1.015,1.50,3.19
2014.07.22 15:02:17.709,1.01498,1.015,2.50,2.25
2014.07.22 15:02:18.531,1.01499,1.015,1.00,2.44
2014.07.22 15:02:19.040,1.01498,1.015,1.69,3.19
2014.07.22 15:02:19.552,1.01498,1.015,1.50,3.19
2014.07.22 15:02:22.470,1.01498,1.015,1.69,1.69
2014.07.22 15:02:25.977,1.01498,1.01499,1.50,2.44
2014.07.22 15:02:26.482,1.01497,1.01499,1.00,3.19
2014.07.22 15:02:26.987,1.01497,1.01499,1.00,2.25
2014.07.22 15:02:28.622,1.01497,1.01499,1.00,3.19
2014.07.22 15:02:29.155,1.01497,1.01499,1.00,2.44
2014.07.22 15:02:29.660,1.01497,1.01499,1.50,3.19
2014.07.22 15:02:30.165,1.01497,1.01499,1.00,3.00
2014.07.22 15:02:30.420,1.01496,1.01498,2.44,1.69
2014.07.22 15:02:30.925,1.01497,1.01498,1.00,1.50
2014.07.22 15:02:31.450,1.01497,1.01498,1.00,1.25
2014.07.22 15:02:34.415,1.01496,1.01498,1.50,2.44
2014.07.22 15:02:35.123,1.01497,1.01498,1.00,1.25
2014.07.22 15:02:35.628,1.01496,1.01497,1.50,1.25
2014.07.22 15:02:36.133,1.01497,1.01498,1.00,1.25
2014.07.22 15:02:37.744,1.01498,1.01499,1.00,1.25
2014.07.22 15:02:38.723,1.01497,1.01499,1.00,2.44
2014.07.22 15:02:38.879,1.01496,1.01498,2.44,1.25
2014.07.22 15:02:39.383,1.01496,1.01497,1.00,1.25
2014.07.22 15:02:39.938,1.01495,1.01497,3.00,3.19
2014.07.22 15:02:41.552,1.01496,1.01498,2.44,1.69
2014.07.22 15:02:42.058,1.01497,1.01498,1.00,1.25
2014.07.22 15:02:42.562,1.01496,1.01498,1.50,2.44
2014.07.22 15:02:43.067,1.01496,1.01498,2.25,3.19
2014.07.22 15:02:44.531,1.01495,1.01497,3.00,3.19
2014.07.22 15:02:45.060,1.01494,1.01496,2.25,3.19
2014.07.22 15:02:45.581,1.01493,1.01495,1.69,1.25
2014.07.22 15:02:46.085,1.01494,1.01495,1.00,3.19
2014.07.22 15:02:46.822,1.01493,1.01495,2.25,3.19
2014.07.22 15:02:47.797,1.01493,1.01495,3.25,1.00
2014.07.22 15:02:49.017,1.01493,1.01495,2.25,3.19
2014.07.22 15:02:49.622,1.01493,1.01495,3.25,1.00
2014.07.22 15:02:49.825,1.01492,1.01494,5.25,3.94
2014.07.22 15:02:50.430,1.01493,1.01495,1.50,4.69
2014.07.22 15:02:50.581,1.0149,1.01494,1.69,3.44
2014.07.22 15:02:51.105,1.01489,1.0149,1.50,1.25
2014.07.22 15:02:52.437,1.0149,1.01491,1.00,1.69
2014.07.22 15:02:53.295,1.01489,1.0149,1.25,1.00
2014.07.22 15:02:54.221,1.01488,1.0149,1.50,3.19
2014.07.22 15:02:55.794,1.01487,1.01488,3.75,1.25
2014.07.22 15:02:55.996,1.01485,1.01487,2.44,1.25
2014.07.22 15:02:56.501,1.01486,1.01488,1.00,4.69
2014.07.22 15:02:57.005,1.01485,1.01487,1.50,3.19
2014.07.22 15:02:58.393,1.01486,1.01487,1.00,2.25
2014.07.22 15:02:58.904,1.01485,1.01487,1.50,3.19
2014.07.22 15:03:00.248,1.01484,1.01485,1.50,1.25
2014.07.22 15:03:00.763,1.01485,1.01486,1.00,1.69
2014.07.22 15:03:01.519,1.01485,1.01487,1.00,2.25
2014.07.22 15:03:02.229,1.01485,1.01486,1.00,1.25
2014.07.22 15:03:03.215,1.01484,1.01486,3.19,1.69
2014.07.22 15:03:03.730,1.01484,1.01485,1.50,1.25
2014.07.22 15:03:05.728,1.01484,1.01486,2.50,2.25
2014.07.22 15:03:05.779,1.01485,1.01487,1.00,2.44
2014.07.22 15:03:06.284,1.01485,1.01487,1.00,3.94
2014.07.22 15:03:07.264,1.01486,1.01487,1.00,3.00
2014.07.22 15:03:13.746,1.01487,1.01489,1.00,2.44
2014.07.22 15:03:13.950,1.01489,1.0149,1.00,2.44
2014.07.22 15:03:14.254,1.0149,1.01492,1.50,1.25
2014.07.22 15:03:14.761,1.0149,1.01492,1.50,3.19
2014.07.22 15:03:16.575,1.01491,1.01492,1.00,2.25
2014.07.22 15:03:17.588,1.0149,1.01492,1.50,3.19
2014.07.22 15:03:18.092,1.01491,1.01492,1.00,2.25
2014.07.22 15:03:18.703,1.01491,1.01492,1.00,2.44
2014.07.22 15:03:20.177,1.0149,1.01492,1.50,2.44
2014.07.22 15:03:22.215,1.01491,1.01492,1.00,1.25
2014.07.22 15:03:22.731,1.0149,1.01492,1.69,1.69
2014.07.22 15:03:23.795,1.0149,1.01491,1.25,1.00
2014.07.22 15:03:28.501,1.01491,1.01493,1.50,4.69
2014.07.22 15:03:28.907,1.01494,1.01495,1.00,1.69
2014.07.22 15:03:29.431,1.01494,1.01496,2.50,3.00
2014.07.22 15:03:30.460,1.01494,1.01496,1.50,3.94
2014.07.22 15:03:30.976,1.01493,1.01495,1.00,3.94
2014.07.22 15:03:31.280,1.01494,1.01496,3.25,2.25
2014.07.22 15:03:32.141,1.01495,1.01496,1.00,1.25
2014.07.22 15:03:35.456,1.01494,1.01496,1.50,2.44
2014.07.22 15:03:36.178,1.01495,1.01496,1.50,1.25
2014.07.22 15:03:46.847,1.01494,1.01496,2.44,3.19
2014.07.22 15:03:48.106,1.01494,1.01496,2.25,3.19
2014.07.22 15:03:51.333,1.01494,1.01496,5.44,1.25
2014.07.22 15:03:51.384,1.01495,1.015,2.50,9.00
2014.07.22 15:03:51.639,1.01499,1.01501,2.69,3.94
2014.07.22 15:03:52.145,1.01501,1.01502,1.50,1.25
2014.07.22 15:03:55.797,1.01501,1.01503,2.50,2.25
2014.07.22 15:03:56.362,1.01501,1.01503,1.50,3.19
2014.07.22 15:03:58.488,1.015,1.01501,1.25,1.00
2014.07.22 15:03:58.993,1.01499,1.01501,1.69,1.69
2014.07.22 15:03:59.418,1.015,1.01502,1.00,2.25
2014.07.22 15:03:59.925,1.01501,1.01502,1.00,1.25
2014.07.22 15:04:00.311,1.01502,1.01504,1.00,3.19
2014.07.22 15:04:00.816,1.01503,1.01505,1.00,3.94
2014.07.22 15:04:01.322,1.01504,1.01505,1.00,3.75
2014.07.22 15:04:01.862,1.01504,1.01505,1.00,2.44
2014.07.22 15:04:02.586,1.01503,1.01505,1.69,3.19
2014.07.22 15:04:04.143,1.01504,1.01505,1.00,1.69
2014.07.22 15:04:04.822,1.01504,1.01506,1.00,1.25
2014.07.22 15:04:05.326,1.01504,1.01506,1.00,1.69
2014.07.22 15:04:05.847,1.01504,1.01506,1.00,1.25
2014.07.22 15:04:06.351,1.01504,1.01506,1.00,1.69
2014.07.22 15:04:07.213,1.01504,1.01506,1.00,3.00
2014.07.22 15:04:07.842,1.01505,1.01506,1.00,1.69
2014.07.22 15:04:08.346,1.01505,1.01507,1.69,2.44
2014.07.22 15:04:08.966,1.01505,1.01506,1.50,1.25
2014.07.22 15:04:14.019,1.01505,1.01507,1.69,2.44
2014.07.22 15:04:14.776,1.01506,1.01507,1.00,1.69
2014.07.22 15:04:15.692,1.01505,1.01507,1.69,2.44
2014.07.22 15:04:16.196,1.01505,1.01507,1.50,3.94
2014.07.22 15:04:21.964,1.01506,1.01509,2.69,6.75
2014.07.22 15:04:22.067,1.01508,1.01513,8.69,27.00
2014.07.22 15:04:22.525,1.01512,1.01514,1.00,3.00
2014.07.22 15:04:23.031,1.01512,1.01514,1.50,2.44
2014.07.22 15:04:24.398,1.01512,1.01514,3.19,1.25
2014.07.22 15:04:24.945,1.01513,1.01514,1.00,1.69
2014.07.22 15:04:25.613,1.01512,1.01514,2.44,2.44
2014.07.22 15:04:26.017,1.01512,1.01516,2.50,4.50
2014.07.22 15:04:26.321,1.01517,1.01519,3.94,1.50
2014.07.22 15:04:26.422,1.01516,1.01518,4.69,1.25
2014.07.22 15:04:26.930,1.01515,1.01517,3.19,1.25
2014.07.22 15:04:29.046,1.01516,1.01517,1.00,1.25
2014.07.22 15:04:29.550,1.01516,1.01518,1.69,1.69
2014.07.22 15:04:31.962,1.01517,1.01519,1.00,3.19
2014.07.22 15:04:32.467,1.01517,1.01519,3.19,1.50
2014.07.22 15:04:32.972,1.01516,1.01518,3.19,1.25
2014.07.22 15:04:36.695,1.01518,1.01519,1.25,1.50
2014.07.22 15:04:36.796,1.01519,1.01521,2.69,4.69
2014.07.22 15:04:37.310,1.01519,1.01521,1.69,4.69
2014.07.22 15:04:37.975,1.01518,1.0152,5.25,1.00
2014.07.22 15:04:38.434,1.01517,1.01518,1.25,1.00
2014.07.22 15:04:39.443,1.01516,1.01518,3.19,1.69
2014.07.22 15:04:45.212,1.01515,1.01517,3.00,1.50
2014.07.22 15:04:45.263,1.01514,1.01516,2.25,1.00
2014.07.22 15:04:45.771,1.01514,1.01515,1.25,2.25
2014.07.22 15:04:46.080,1.01512,1.01514,3.00,2.50
2014.07.22 15:04:46.603,1.01512,1.01513,1.69,1.00
2014.07.22 15:04:52.279,1.01511,1.01513,3.19,1.69
2014.07.22 15:04:53.084,1.01511,1.01513,4.69,1.50
2014.07.22 15:05:04.622,1.01513,1.01514,1.00,3.19
2014.07.22 15:05:04.672,1.01513,1.01515,1.50,2.25
2014.07.22 15:05:05.180,1.01514,1.01515,1.00,2.44
2014.07.22 15:05:05.787,1.01514,1.01516,1.25,2.29
2014.07.22 15:05:06.819,1.01514,1.01516,1.00,4.69
2014.07.22 15:05:07.779,1.01514,1.01516,1.69,2.44
2014.07.22 15:05:11.740,1.01515,1.01516,1.00,1.50
2014.07.22 15:05:11.892,1.01516,1.01518,1.69,1.69
2014.07.22 15:05:12.657,1.01517,1.01518,1.00,1.69
2014.07.22 15:05:13.164,1.01516,1.01518,1.25,2.44
2014.07.22 15:05:13.669,1.01515,1.01517,2.25,2.50
2014.07.22 15:05:13.772,1.01511,1.01513,6.00,6.25
2014.07.22 15:05:13.925,1.01512,1.01514,1.00,10.69
2014.07.22 15:05:14.228,1.0151,1.01512,5.25,1.00
2014.07.22 15:05:15.881,1.0151,1.01511,1.00,2.44
2014.07.22 15:05:16.410,1.01509,1.01511,1.69,2.44
2014.07.22 15:05:19.564,1.0151,1.01511,1.50,1.25
2014.07.22 15:05:27.362,1.0151,1.01512,1.00,3.00
2014.07.22 15:05:27.903,1.0151,1.01511,1.69,1.00
2014.07.22 15:05:30.906,1.01509,1.01511,4.69,1.69
2014.07.22 15:05:31.804,1.0151,1.01511,1.00,1.25
2014.07.22 15:05:32.309,1.0151,1.01512,3.19,1.50
2014.07.22 15:05:32.815,1.0151,1.01511,1.25,1.00
2014.07.22 15:05:38.904,1.0151,1.01512,2.50,3.19
2014.07.22 15:05:39.430,1.0151,1.01513,1.50,4.69
2014.07.22 15:05:39.942,1.0151,1.01512,1.69,1.25
2014.07.22 15:05:41.534,1.01511,1.01512,1.00,1.25
2014.07.22 15:05:41.990,1.01512,1.01514,5.07,2.25
2014.07.22 15:05:42.091,1.01515,1.01516,1.50,1.25
2014.07.22 15:05:42.394,1.01516,1.01519,3.44,4.50
2014.07.22 15:05:43.176,1.01516,1.01518,3.19,1.25
2014.07.22 15:05:43.378,1.01517,1.01519,1.00,3.00
2014.07.22 15:05:44.693,1.01518,1.0152,1.00,5.44
2014.07.22 15:05:45.047,1.01519,1.01521,3.94,1.25
2014.07.22 15:05:45.568,1.0152,1.01522,1.00,6.19
2014.07.22 15:05:46.100,1.0152,1.01522,1.25,3.19
2014.07.22 15:05:47.053,1.0152,1.01522,1.00,3.19
2014.07.22 15:05:48.072,1.0152,1.01522,1.69,3.19
2014.07.22 15:05:49.586,1.01521,1.01522,1.00,1.69
2014.07.22 15:05:50.092,1.01521,1.01523,2.44,2.44
2014.07.22 15:05:52.133,1.01522,1.01523,1.00,2.44
2014.07.22 15:05:54.356,1.01521,1.01523,1.69,1.25
2014.07.22 15:05:56.647,1.01522,1.01524,1.25,3.19
2014.07.22 15:06:00.551,1.01523,1.01526,1.50,3.75
2014.07.22 15:06:00.754,1.01526,1.01528,1.50,1.00
2014.07.22 15:06:00.856,1.01528,1.01529,1.00,1.25
2014.07.22 15:06:03.938,1.01527,1.01529,3.19,1.25
2014.07.22 15:06:04.447,1.01527,1.01529,1.00,3.94
2014.07.22 15:06:04.750,1.01523,1.01525,1.69,1.69
2014.07.22 15:06:05.103,1.01524,1.01526,3.94,1.00
2014.07.22 15:06:05.820,1.01525,1.01527,1.25,2.44
2014.07.22 15:06:06.123,1.01524,1.01525,1.50,1.00
2014.07.22 15:06:06.628,1.01524,1.01525,1.00,1.69
2014.07.22 15:06:08.880,1.01523,1.01525,2.44,1.69
2014.07.22 15:06:09.385,1.01522,1.01524,1.69,2.44
2014.07.22 15:06:09.953,1.01522,1.01524,1.00,3.19
2014.07.22 15:06:11.957,1.01522,1.01524,1.25,2.44
2014.07.22 15:06:15.945,1.01522,1.01524,1.00,2.44
2014.07.22 15:06:19.965,1.01522,1.01524,3.19,1.69
2014.07.22 15:06:20.470,1.01522,1.01523,2.44,1.00
2014.07.22 15:06:21.003,1.01521,1.01523,3.19,1.25
2014.07.22 15:06:21.720,1.01522,1.01524,1.00,2.44
2014.07.22 15:06:22.230,1.01522,1.01524,1.69,1.69
2014.07.22 15:06:27.424,1.01522,1.01524,1.00,2.44
2014.07.22 15:06:28.050,1.01522,1.01524,1.25,2.44
2014.07.22 15:06:28.701,1.01521,1.01523,5.44,1.00
2014.07.22 15:06:30.052,1.01521,1.01523,3.94,1.25
2014.07.22 15:06:30.364,1.01522,1.01524,2.50,3.00
2014.07.22 15:06:36.130,1.01523,1.01524,1.00,3.19
2014.07.22 15:06:40.319,1.01522,1.01524,2.44,2.44
2014.07.22 15:06:43.099,1.01522,1.01524,1.00,1.50
2014.07.22 15:06:43.150,1.01519,1.01523,6.75,1.50
2014.07.22 15:06:43.253,1.01521,1.01523,1.00,5.44
2014.07.22 15:06:43.758,1.01522,1.01524,1.00,3.94
2014.07.22 15:06:44.615,1.01522,1.01524,3.19,1.69
2014.07.22 15:06:47.853,1.01523,1.01526,3.00,3.75
2014.07.22 15:06:48.158,1.01526,1.01528,1.69,1.69
2014.07.22 15:06:48.462,1.01528,1.0153,1.00,3.94
2014.07.22 15:06:49.224,1.01528,1.0153,1.69,1.25
2014.07.22 15:06:49.801,1.01529,1.0153,1.00,1.25
2014.07.22 15:06:50.325,1.01529,1.01531,3.94,1.25
2014.07.22 15:06:50.834,1.01529,1.01531,3.94,1.00
2014.07.22 15:06:56.621,1.01529,1.01531,3.94,1.25
2014.07.22 15:06:57.914,1.01529,1.01531,3.94,1.00
2014.07.22 15:07:00.203,1.01529,1.0153,2.44,1.00
2014.07.22 15:07:02.915,1.01529,1.01531,3.19,1.25
2014.07.22 15:07:03.218,1.01531,1.01533,1.00,5.44
2014.07.22 15:07:03.739,1.0153,1.01532,3.19,1.25
2014.07.22 15:07:04.711,1.01529,1.01531,2.25,1.00
2014.07.22 15:07:05.216,1.0153,1.01531,2.44,1.00
2014.07.22 15:07:06.830,1.01529,1.01531,3.94,1.69
2014.07.22 15:07:10.023,1.0153,1.01531,1.00,1.69
2014.07.22 15:07:10.527,1.01529,1.01531,3.94,1.69
2014.07.22 15:07:12.445,1.01529,1.0153,3.19,1.00
2014.07.22 15:07:12.961,1.01529,1.0153,2.44,1.00
2014.07.22 15:07:13.470,1.01529,1.0153,2.44,1.00
2014.07.22 15:07:14.048,1.01529,1.0153,2.44,1.00
2014.07.22 15:07:15.484,1.01529,1.0153,2.44,1.00
2014.07.22 15:07:17.554,1.01527,1.0153,4.50,1.00
2014.07.22 15:07:17.756,1.01526,1.01528,1.50,1.50
2014.07.22 15:07:18.263,1.01524,1.01526,3.94,1.50
2014.07.22 15:07:18.818,1.01525,1.01528,4.69,1.50
2014.07.22 15:07:18.919,1.01527,1.01528,1.25,2.25
2014.07.22 15:07:19.424,1.01527,1.01529,1.00,1.69
2014.07.22 15:07:20.622,1.01528,1.01529,1.69,1.50
2014.07.22 15:07:21.127,1.01528,1.0153,1.00,2.44
2014.07.22 15:07:21.632,1.01528,1.01529,1.25,1.50
2014.07.22 15:07:22.268,1.01527,1.01528,3.75,1.00
2014.07.22 15:07:22.773,1.01528,1.0153,3.94,1.50
2014.07.22 15:07:27.242,1.01527,1.01529,3.00,1.00
2014.07.22 15:07:27.606,1.01526,1.01528,2.25,1.50
2014.07.22 15:07:28.118,1.01526,1.01528,3.50,2.25
2014.07.22 15:07:28.623,1.01526,1.01527,1.25,1.00
2014.07.22 15:07:29.144,1.01526,1.01528,1.69,1.69
2014.07.22 15:07:29.755,1.01526,1.01528,2.44,1.00
2014.07.22 15:07:30.262,1.01527,1.01528,3.19,1.00
2014.07.22 15:07:30.616,1.01524,1.01527,3.94,3.25
2014.07.22 15:07:30.718,1.01523,1.01525,6.19,1.00
2014.07.22 15:07:30.871,1.0152,1.01523,3.75,3.25
2014.07.22 15:07:31.024,1.01518,1.01522,5.25,2.50
2014.07.22 15:07:31.529,1.01519,1.0152,2.44,1.50
2014.07.22 15:07:32.034,1.01518,1.01519,2.44,2.25
2014.07.22 15:07:32.642,1.01517,1.01519,3.19,2.44
2014.07.22 15:07:34.467,1.01517,1.01519,3.19,2.25
2014.07.22 15:07:40.982,1.01517,1.01518,3.00,1.00
2014.07.22 15:07:42.958,1.01517,1.01518,3.19,1.00
2014.07.22 15:07:46.650,1.01517,1.01519,3.19,2.25
2014.07.22 15:07:47.721,1.01517,1.01518,3.19,1.00
2014.07.22 15:07:49.543,1.01517,1.01519,3.19,3.19
2014.07.22 15:07:55.488,1.01517,1.01518,3.19,1.00
2014.07.22 15:07:57.005,1.01517,1.01519,3.19,3.19
2014.07.22 15:08:00.354,1.01517,1.01518,3.19,1.00
2014.07.22 15:08:00.877,1.01516,1.01518,1.00,1.00
2014.07.22 15:08:00.979,1.01514,1.01517,1.00,4.00
2014.07.22 15:08:01.031,1.01512,1.01515,5.44,6.00
2014.07.22 15:08:01.083,1.0151,1.01514,3.75,4.75
2014.07.22 15:08:01.610,1.0151,1.01511,3.19,1.50
2014.07.22 15:08:02.224,1.01509,1.01511,1.50,1.00
2014.07.22 15:08:02.757,1.0151,1.01511,3.19,1.50
2014.07.22 15:08:03.492,1.01511,1.01512,2.44,1.50
2014.07.22 15:08:04.047,1.01508,1.01511,1.50,3.25
2014.07.22 15:08:04.553,1.01509,1.0151,3.19,1.00
2014.07.22 15:08:08.340,1.01509,1.0151,2.44,1.50
2014.07.22 15:08:08.491,1.01507,1.01509,1.00,2.25
2014.07.22 15:08:10.202,1.01507,1.01509,1.00,1.69
2014.07.22 15:08:11.105,1.01506,1.01508,3.00,1.00
2014.07.22 15:08:11.812,1.01506,1.01507,1.25,1.00
2014.07.22 15:08:12.324,1.01506,1.01508,1.00,1.25
2014.07.22 15:08:13.535,1.01507,1.01509,1.00,3.75
2014.07.22 15:08:14.595,1.01507,1.01509,1.00,4.69
2014.07.22 15:08:15.826,1.01507,1.01509,1.00,3.75
2014.07.22 15:08:17.134,1.01507,1.01508,1.00,1.25
2014.07.22 15:08:17.639,1.01507,1.01509,1.00,2.25
2014.07.22 15:08:18.245,1.01507,1.01509,1.00,3.19
2014.07.22 15:08:19.119,1.01507,1.01508,1.25,1.00
2014.07.22 15:08:19.623,1.01507,1.01508,1.69,1.00
2014.07.22 15:08:20.132,1.01508,1.01509,1.00,2.44
2014.07.22 15:08:22.869,1.01507,1.01508,1.69,1.00
2014.07.22 15:08:23.856,1.01507,1.01509,1.00,2.44
2014.07.22 15:08:25.754,1.01507,1.01508,3.19,1.00
2014.07.22 15:08:29.274,1.01507,1.01509,1.00,2.44
2014.07.22 15:08:32.054,1.01508,1.0151,1.00,2.25
2014.07.22 15:08:32.560,1.01509,1.01511,2.50,1.50
2014.07.22 15:08:36.946,1.01509,1.0151,3.94,1.00
2014.07.22 15:08:37.458,1.0151,1.01512,1.00,3.19
2014.07.22 15:08:38.718,1.0151,1.01511,1.25,1.00
2014.07.22 15:08:59.297,1.01511,1.01514,7.50,1.00
2014.07.22 15:08:59.399,1.01514,1.01517,4.00,1.00
2014.07.22 15:08:59.855,1.01516,1.01519,1.00,3.19
2014.07.22 15:09:00.059,1.01516,1.01517,1.69,1.00
2014.07.22 15:09:00.210,1.01516,1.01519,4.19,1.25
2014.07.22 15:09:00.722,1.01517,1.01519,1.69,2.44
2014.07.22 15:09:01.238,1.01517,1.01519,2.69,1.69
2014.07.22 15:09:01.752,1.01517,1.01519,1.69,2.44
2014.07.22 15:09:02.267,1.01517,1.01519,2.69,1.69
2014.07.22 15:09:02.926,1.01514,1.01517,1.00,4.50
2014.07.22 15:09:03.029,1.01513,1.01515,1.00,4.25
2014.07.22 15:09:03.535,1.01512,1.01514,1.69,1.69
2014.07.22 15:09:04.343,1.01513,1.01516,1.00,2.25
2014.07.22 15:09:04.546,1.01516,1.01518,1.69,3.19
2014.07.22 15:09:05.051,1.01517,1.01519,1.69,2.44
2014.07.22 15:09:06.352,1.01515,1.01518,2.25,2.50
2014.07.22 15:09:06.709,1.01513,1.01515,4.69,1.25
2014.07.22 15:09:07.815,1.01513,1.01515,3.94,1.00
2014.07.22 15:09:08.755,1.01513,1.01515,3.94,1.25
2014.07.22 15:09:10.764,1.01513,1.01515,3.94,1.00
2014.07.22 15:09:11.736,1.01513,1.01515,3.94,1.25
2014.07.22 15:09:12.603,1.01513,1.01514,2.44,1.50
2014.07.22 15:09:13.110,1.01512,1.01513,1.50,1.25
2014.07.22 15:09:15.884,1.01511,1.01512,1.50,1.00
2014.07.22 15:09:19.639,1.01511,1.01512,2.44,1.00
2014.07.22 15:09:28.891,1.0151,1.01512,1.25,2.44
2014.07.22 15:09:29.547,1.0151,1.01511,1.25,1.00
2014.07.22 15:09:39.489,1.0151,1.01512,1.00,1.25
2014.07.22 15:09:53.941,1.01511,1.01512,1.50,1.25
2014.07.22 15:09:54.446,1.01512,1.01513,1.00,1.25
2014.07.22 15:10:00.249,1.01511,1.01512,5.25,1.00
2014.07.22 15:10:00.350,1.01512,1.01514,1.00,1.25
2014.07.22 15:10:00.977,1.01512,1.01513,1.00,1.25
2014.07.22 15:10:05.347,1.01512,1.01513,1.50,1.25
2014.07.22 15:10:08.400,1.01512,1.01514,1.00,1.50
2014.07.22 15:10:14.787,1.01512,1.01513,1.69,1.00
2014.07.22 15:10:15.319,1.01511,1.01513,3.94,1.00
2014.07.22 15:10:25.289,1.01511,1.01512,1.69,1.00
2014.07.22 15:10:32.218,1.01511,1.01513,1.00,1.25
2014.07.22 15:10:38.134,1.01511,1.01512,2.44,1.00
2014.07.22 15:10:46.962,1.0151,1.01511,3.19,1.00
2014.07.22 15:10:57.742,1.01511,1.01512,1.25,1.00
2014.07.22 15:11:07.647,1.01511,1.01513,1.25,3.19
2014.07.22 15:11:11.562,1.01511,1.01513,1.00,3.19
2014.07.22 15:11:14.637,1.01511,1.01513,1.25,3.19
2014.07.22 15:11:15.151,1.01511,1.01512,1.25,1.00
2014.07.22 15:11:15.662,1.0151,1.01512,3.19,1.69
2014.07.22 15:11:16.207,1.01511,1.01512,1.00,1.25
2014.07.22 15:11:17.096,1.0151,1.01512,2.44,1.69
2014.07.22 15:11:20.028,1.01511,1.01513,1.00,3.75
2014.07.22 15:11:20.534,1.01512,1.01513,1.00,1.69
2014.07.22 15:11:25.624,1.01511,1.01513,3.94,1.69
2014.07.22 15:11:26.128,1.01511,1.01513,1.00,3.00
2014.07.22 15:11:26.736,1.01511,1.01512,1.25,1.00
2014.07.22 15:11:49.026,1.0151,1.01512,4.50,1.00
2014.07.22 15:11:51.774,1.01512,1.01514,1.00,4.69
2014.07.22 15:11:52.079,1.01512,1.01516,7.75,5.25
2014.07.22 15:11:52.287,1.01515,1.01519,2.50,3.00
2014.07.22 15:11:52.803,1.01517,1.01518,1.00,1.25
2014.07.22 15:11:53.779,1.01518,1.01519,1.00,2.44
2014.07.22 15:11:54.285,1.01518,1.0152,4.19,1.69
2014.07.22 15:11:59.215,1.01518,1.01519,1.69,1.00
2014.07.22 15:12:03.205,1.01517,1.01518,3.94,1.00
2014.07.22 15:12:10.962,1.01517,1.01518,2.44,1.00
2014.07.22 15:12:11.114,1.01513,1.01516,3.00,2.25
2014.07.22 15:12:11.267,1.01511,1.01513,3.00,1.00
2014.07.22 15:12:12.482,1.01511,1.01512,1.50,1.00
2014.07.22 15:12:12.583,1.01511,1.01512,1.50,1.25
2014.07.22 15:12:23.066,1.0151,1.01513,4.69,3.19
2014.07.22 15:12:23.985,1.01511,1.01513,1.00,4.69
2014.07.22 15:12:26.217,1.0151,1.01511,1.00,1.25
2014.07.22 15:12:36.262,1.0151,1.01512,1.69,2.44
2014.07.22 15:12:42.196,1.0151,1.01511,1.00,1.69
2014.07.22 15:12:42.702,1.01508,1.0151,3.94,1.00
2014.07.22 15:12:43.206,1.01508,1.0151,3.94,1.25
2014.07.22 15:12:45.380,1.01509,1.01511,1.00,3.94
2014.07.22 15:12:45.582,1.0151,1.01512,3.94,1.69
2014.07.22 15:12:47.767,1.01512,1.01513,1.00,1.50
2014.07.22 15:12:48.411,1.01513,1.01514,1.00,2.25
2014.07.22 15:12:48.463,1.01513,1.01517,2.50,3.75
2014.07.22 15:12:48.619,1.01517,1.01518,1.00,1.00
2014.07.22 15:12:49.074,1.01518,1.0152,1.25,3.19
2014.07.22 15:12:49.579,1.01517,1.01519,1.25,2.44
2014.07.22 15:12:53.090,1.01517,1.01518,1.25,1.00
2014.07.22 15:12:55.555,1.01518,1.01519,1.00,1.25
2014.07.22 15:12:55.656,1.01519,1.01521,1.50,1.50
2014.07.22 15:12:56.171,1.0152,1.01522,1.50,4.69
2014.07.22 15:12:56.677,1.0152,1.01522,1.69,3.94
2014.07.22 15:12:57.633,1.0152,1.01522,1.50,3.19
2014.07.22 15:12:58.648,1.0152,1.01522,1.69,3.19
2014.07.22 15:13:00.468,1.0152,1.01522,1.50,3.19
2014.07.22 15:13:01.698,1.0152,1.01522,1.69,3.19
2014.07.22 15:13:18.240,1.01521,1.01522,1.00,2.44
2014.07.22 15:13:20.779,1.01521,1.01523,1.25,3.94
2014.07.22 15:13:21.747,1.01521,1.01523,1.00,3.94
2014.07.22 15:13:28.654,1.0152,1.01522,2.44,1.69
2014.07.22 15:13:29.161,1.01521,1.01522,1.00,1.25
2014.07.22 15:13:29.677,1.0152,1.01522,2.44,1.25
2014.07.22 15:13:30.283,1.0152,1.01522,3.44,1.25
2014.07.22 15:13:30.793,1.0152,1.01522,2.25,1.69
2014.07.22 15:13:38.066,1.0152,1.01522,2.25,3.94
2014.07.22 15:13:38.885,1.0152,1.01522,2.44,2.44
2014.07.22 15:13:39.913,1.0152,1.01522,2.25,3.94
2014.07.22 15:13:43.899,1.0152,1.01522,2.44,2.44
2014.07.22 15:13:44.229,1.01522,1.01523,1.50,1.69
2014.07.22 15:13:56.229,1.01522,1.01524,1.69,3.94
2014.07.22 15:13:58.206,1.01522,1.01524,1.50,3.94
2014.07.22 15:14:01.244,1.01522,1.01524,1.69,2.44
2014.07.22 15:14:04.179,1.01522,1.01524,1.50,3.94
2014.07.22 15:14:09.245,1.01522,1.01524,1.25,3.94
2014.07.22 15:14:11.302,1.01522,1.01524,1.00,3.94
2014.07.22 15:14:14.265,1.01522,1.01524,1.25,2.44
2014.07.22 15:14:24.293,1.01522,1.01524,1.00,3.94
2014.07.22 15:14:30.356,1.01521,1.01523,2.44,1.69
2014.07.22 15:14:41.247,1.0152,1.01522,3.19,1.00
2014.07.22 15:14:45.173,1.01521,1.01523,1.25,5.44
2014.07.22 15:14:46.001,1.01521,1.01523,1.00,3.19
2014.07.22 15:14:46.513,1.0152,1.01522,4.19,1.25
2014.07.22 15:14:47.023,1.0152,1.01522,3.19,1.69
2014.07.22 15:14:57.516,1.0152,1.01522,3.19,1.00
2014.07.22 15:14:58.430,1.0152,1.01522,3.19,1.25
2014.07.22 15:14:59.411,1.0152,1.01522,3.19,1.00
2014.07.22 15:15:00.417,1.0152,1.01521,1.00,1.50
2014.07.22 15:15:00.518,1.01518,1.0152,1.69,1.69
2014.07.22 15:15:05.461,1.01519,1.0152,1.00,1.69
2014.07.22 15:15:05.967,1.01518,1.0152,1.25,1.69
2014.07.22 15:15:07.445,1.01517,1.01519,3.19,1.00
2014.07.22 15:15:07.949,1.01518,1.0152,1.00,1.00
2014.07.22 15:15:12.301,1.01519,1.0152,1.00,1.00
2014.07.22 15:15:12.807,1.01518,1.0152,1.00,1.00
2014.07.22 15:15:50.939,1.01517,1.01519,2.44,1.00
2014.07.22 15:16:08.600,1.01518,1.0152,1.50,1.50
2014.07.22 15:16:09.105,1.01517,1.01519,3.94,1.00
2014.07.22 15:16:12.628,1.01517,1.01519,1.69,1.00
2014.07.22 15:16:13.133,1.01516,1.01518,1.69,1.50
2014.07.22 15:16:14.917,1.01516,1.01517,1.00,1.00
2014.07.22 15:16:15.421,1.01516,1.01518,1.50,1.69
2014.07.22 15:16:18.590,1.01515,1.01518,2.25,1.69
2014.07.22 15:16:36.367,1.01516,1.01517,1.00,1.00
2014.07.22 15:16:36.872,1.01516,1.01517,1.00,1.00
2014.07.22 15:16:39.177,1.01515,1.01517,2.25,1.00
2014.07.22 15:16:48.829,1.01516,1.01518,1.00,2.44
2014.07.22 15:16:49.132,1.01518,1.0152,1.50,3.00
2014.07.22 15:16:49.435,1.0152,1.01523,1.00,1.00
2014.07.22 15:16:49.740,1.01524,1.01527,2.32,1.00
2014.07.22 15:16:49.791,1.01525,1.01527,1.00,1.00
2014.07.22 15:16:50.448,1.01525,1.01528,1.00,2.44
2014.07.22 15:16:50.973,1.01525,1.01527,1.50,1.00
2014.07.22 15:16:51.226,1.01524,1.01526,1.50,1.00
2014.07.22 15:16:51.681,1.01522,1.01524,4.69,1.00
2014.07.22 15:16:52.830,1.01523,1.01525,1.00,1.50
2014.07.22 15:16:56.728,1.01524,1.01526,1.00,1.00
2014.07.22 15:16:56.830,1.01525,1.01527,1.00,1.50
2014.07.22 15:16:57.336,1.01526,1.01527,1.00,1.00
2014.07.22 15:16:57.856,1.01526,1.01528,1.50,3.00
2014.07.22 15:17:02.069,1.01527,1.01528,1.00,1.50
2014.07.22 15:17:07.696,1.01526,1.01528,2.44,1.50
2014.07.22 15:17:11.350,1.01526,1.01527,1.00,1.00
2014.07.22 15:17:12.123,1.01526,1.01528,1.00,1.69
2014.07.22 15:17:18.276,1.01527,1.01528,1.00,1.50
2014.07.22 15:17:18.781,1.01526,1.01528,1.00,2.25
2014.07.22 15:17:19.954,1.01525,1.01527,3.75,1.00
2014.07.22 15:17:20.467,1.01526,1.01528,1.00,1.69
2014.07.22 15:17:21.494,1.01525,1.01528,3.19,1.00
2014.07.22 15:17:21.696,1.01527,1.01529,1.00,3.19
2014.07.22 15:17:24.005,1.01526,1.01528,1.50,1.00
2014.07.22 15:17:24.510,1.01527,1.01529,1.00,2.44
2014.07.22 15:17:25.015,1.01527,1.01528,1.00,1.00
2014.07.22 15:17:25.918,1.01527,1.01529,1.25,2.25
2014.07.22 15:17:26.221,1.01529,1.01531,1.50,2.49
2014.07.22 15:17:26.726,1.01529,1.01531,1.50,1.00
2014.07.22 15:17:29.396,1.01529,1.01531,1.50,1.50
2014.07.22 15:17:29.913,1.0153,1.01532,1.00,1.69
2014.07.22 15:17:30.320,1.01529,1.01531,1.50,1.00
2014.07.22 15:17:30.826,1.0153,1.01532,1.00,1.69
2014.07.22 15:17:31.414,1.01529,1.0153,1.00,1.00
2014.07.22 15:17:31.955,1.01529,1.01531,2.25,1.00
2014.07.22 15:17:32.461,1.0153,1.01532,1.00,1.00
2014.07.22 15:17:41.758,1.01531,1.01532,1.00,1.00
2014.07.22 15:17:42.263,1.01532,1.01533,1.50,1.00
2014.07.22 15:17:42.768,1.01531,1.01533,1.00,1.50
2014.07.22 15:17:44.095,1.0153,1.01532,2.25,1.00
2014.07.22 15:17:44.599,1.01531,1.01533,1.00,1.69
2014.07.22 15:17:45.105,1.0153,1.01532,1.50,1.00
2014.07.22 15:18:01.901,1.01529,1.01531,3.00,1.00
2014.07.22 15:18:06.927,1.01528,1.0153,1.50,1.00
2014.07.22 15:18:07.439,1.01529,1.01531,1.00,1.25
2014.07.22 15:18:22.158,1.01527,1.0153,4.69,1.00
2014.07.22 15:18:23.358,1.01527,1.01529,2.25,1.00
2014.07.22 15:18:41.907,1.01526,1.01528,2.44,1.00
2014.07.22 15:18:42.009,1.01527,1.01529,1.00,3.00
2014.07.22 15:18:42.111,1.01526,1.01527,1.25,1.00
2014.07.22 15:18:42.212,1.01524,1.01526,1.50,2.25
2014.07.22 15:18:42.364,1.01522,1.01524,2.25,1.00
2014.07.22 15:18:42.466,1.01521,1.01522,1.50,1.50
2014.07.22 15:18:42.618,1.01519,1.01521,1.25,1.00
2014.07.22 15:18:42.971,1.01518,1.01519,1.50,1.00
2014.07.22 15:18:43.585,1.01518,1.01519,1.25,1.00
2014.07.22 15:18:49.614,1.01517,1.01519,3.19,1.50
2014.07.22 15:18:54.196,1.01518,1.0152,1.00,2.25
2014.07.22 15:19:00.222,1.01519,1.0152,1.00,1.00
2014.07.22 15:19:00.727,1.01518,1.01519,1.00,1.00
2014.07.22 15:19:03.721,1.01517,1.01519,2.44,1.50
2014.07.22 15:19:08.061,1.01517,1.01518,1.00,1.00
2014.07.22 15:19:08.600,1.01516,1.01518,1.00,1.50
2014.07.22 15:19:16.100,1.01517,1.01519,1.00,2.44
2014.07.22 15:19:16.984,1.01516,1.01518,1.69,1.00
2014.07.22 15:19:17.541,1.01517,1.01519,1.00,1.50
2014.07.22 15:19:18.072,1.01516,1.01518,2.44,1.00
2014.07.22 15:19:25.088,1.01517,1.01518,1.25,1.00
2014.07.22 15:19:25.595,1.01517,1.01519,3.19,1.00
2014.07.22 15:19:27.050,1.01518,1.0152,1.00,2.25
2014.07.22 15:19:51.476,1.01519,1.0152,1.00,1.50
2014.07.22 15:19:51.682,1.0152,1.01522,1.00,4.69
2014.07.22 15:19:53.518,1.01521,1.01522,1.00,1.00
2014.07.22 15:19:54.023,1.0152,1.01522,1.00,1.00
2014.07.22 15:20:03.633,1.01521,1.01523,1.00,3.00
2014.07.22 15:20:09.739,1.01522,1.01527,3.25,1.00
2014.07.22 15:20:09.943,1.01526,1.01528,3.25,1.50
2014.07.22 15:20:10.450,1.01526,1.01527,2.25,1.50
2014.07.22 15:20:12.154,1.01527,1.01529,1.00,3.19
2014.07.22 15:20:12.357,1.01526,1.01528,2.25,1.00
2014.07.22 15:20:13.145,1.01527,1.01528,1.00,1.00
2014.07.22 15:20:14.462,1.01527,1.01529,1.00,1.69
2014.07.22 15:20:14.775,1.01526,1.01528,2.25,1.50
2014.07.22 15:20:19.679,1.01527,1.01528,1.00,1.00
2014.07.22 15:20:20.290,1.01526,1.01528,2.25,1.00
2014.07.22 15:20:22.229,1.01527,1.01528,1.00,1.00
2014.07.22 15:20:22.742,1.01527,1.01529,1.00,4.69
2014.07.22 15:20:26.608,1.01527,1.01528,1.50,1.00
2014.07.22 15:20:26.810,1.01528,1.0153,1.25,1.00
2014.07.22 15:20:26.912,1.0153,1.01531,1.00,2.25
2014.07.22 15:20:27.425,1.01529,1.01531,2.44,1.50
2014.07.22 15:21:00.175,1.0153,1.01532,1.00,4.69
2014.07.22 15:21:02.276,1.0153,1.01531,1.00,1.00
2014.07.22 15:21:04.790,1.01529,1.01531,1.25,2.50
2014.07.22 15:21:06.055,1.01528,1.0153,1.69,1.00
2014.07.22 15:21:20.905,1.0153,1.01531,1.00,1.00
2014.07.22 15:21:21.007,1.01531,1.01533,1.50,2.25
2014.07.22 15:21:21.512,1.0153,1.01532,1.50,1.50
2014.07.22 15:21:22.068,1.0153,1.01531,1.00,1.00
2014.07.22 15:21:22.572,1.01531,1.01532,1.00,1.50
2014.07.22 15:21:22.673,1.01529,1.01531,1.25,1.00
2014.07.22 15:21:24.284,1.0153,1.01532,1.00,3.19
2014.07.22 15:21:26.081,1.01529,1.01532,1.50,3.94
2014.07.22 15:21:26.630,1.0153,1.01532,1.00,3.94
2014.07.22 15:21:27.195,1.01529,1.01532,1.50,3.94
2014.07.22 15:21:27.699,1.01529,1.01531,1.50,1.00
2014.07.22 15:21:37.011,1.0153,1.01532,1.00,3.94
2014.07.22 15:21:37.530,1.0153,1.01532,1.50,2.25
2014.07.22 15:21:38.035,1.01531,1.01532,1.00,1.50
2014.07.22 15:21:38.439,1.01529,1.01532,1.50,3.19
2014.07.22 15:21:38.641,1.0153,1.01532,1.00,3.19
2014.07.22 15:21:39.163,1.0153,1.01532,1.00,3.94
2014.07.22 15:21:39.667,1.01531,1.01532,1.00,2.44
2014.07.22 15:21:40.020,1.01529,1.01531,1.00,1.00
2014.07.22 15:21:40.424,1.0153,1.01533,1.00,3.75
2014.07.22 15:21:40.937,1.0153,1.01532,1.00,1.50
2014.07.22 15:21:41.443,1.01531,1.01533,1.50,2.44
2014.07.22 15:21:41.948,1.01531,1.01533,1.00,4.69
2014.07.22 15:21:42.454,1.01531,1.01532,1.00,1.00
2014.07.22 15:21:42.960,1.0153,1.01532,1.00,2.25
2014.07.22 15:21:43.575,1.01529,1.01531,2.25,1.00
2014.07.22 15:21:44.768,1.0153,1.01532,1.00,3.19
2014.07.22 15:21:45.732,1.01529,1.01531,2.25,1.00
2014.07.22 15:22:06.297,1.01528,1.0153,1.69,1.00
2014.07.22 15:22:12.002,1.01529,1.01531,1.00,3.00
2014.07.22 15:22:12.507,1.0153,1.01532,1.00,2.25
2014.07.22 15:22:13.012,1.01529,1.01531,1.69,1.00
2014.07.22 15:22:13.718,1.01528,1.0153,1.25,1.00
2014.07.22 15:22:22.253,1.01527,1.01529,2.44,1.00
2014.07.22 15:22:22.762,1.01526,1.01528,3.19,1.00
2014.07.22 15:22:23.217,1.01528,1.0153,1.00,3.94
2014.07.22 15:22:24.157,1.01527,1.01529,2.44,1.00
2014.07.22 15:22:26.174,1.01527,1.01528,1.50,1.00
2014.07.22 15:22:26.686,1.01527,1.01529,1.50,3.00
2014.07.22 15:22:27.198,1.01527,1.01528,1.50,1.00
2014.07.22 15:22:27.300,1.01525,1.01527,1.50,3.25
2014.07.22 15:22:27.452,1.01523,1.01525,2.44,1.00
2014.07.22 15:22:29.114,1.01524,1.01527,1.50,1.50
2014.07.22 15:22:29.268,1.01526,1.01528,2.25,1.50
2014.07.22 15:22:29.775,1.01526,1.01529,2.25,2.44
2014.07.22 15:22:31.122,1.01527,1.01529,1.50,2.44
2014.07.22 15:22:32.511,1.01527,1.01529,1.00,3.19
2014.07.22 15:22:33.017,1.01527,1.01528,1.00,1.00
2014.07.22 15:22:33.219,1.01528,1.0153,1.00,3.75
2014.07.22 15:22:33.421,1.0153,1.01531,1.00,1.00
2014.07.22 15:22:34.013,1.0153,1.01532,1.50,1.25
2014.07.22 15:22:37.083,1.01531,1.01532,1.00,1.00
2014.07.22 15:22:37.588,1.01531,1.01533,1.50,3.00
2014.07.22 15:22:38.042,1.01529,1.01531,1.00,2.50
2014.07.22 15:22:38.700,1.01528,1.0153,1.50,2.50
2014.07.22 15:22:38.853,1.01527,1.01529,1.50,2.50
2014.07.22 15:22:39.426,1.01526,1.01528,2.25,3.44
2014.07.22 15:22:39.629,1.01524,1.01526,2.44,1.00
2014.07.22 15:22:39.782,1.01523,1.01525,1.69,1.00
2014.07.22 15:22:40.740,1.01524,1.01527,1.00,2.44
2014.07.22 15:22:40.946,1.01527,1.01529,1.00,1.00
2014.07.22 15:22:41.102,1.01529,1.01531,1.50,1.00
2014.07.22 15:22:41.606,1.01529,1.01532,2.44,1.50
2014.07.22 15:22:42.111,1.0153,1.01532,1.25,1.00
2014.07.22 15:22:49.893,1.01529,1.01531,1.50,1.00
2014.07.22 15:22:50.398,1.01528,1.0153,1.00,1.00
2014.07.22 15:22:51.905,1.01527,1.01529,1.50,1.00
2014.07.22 15:22:52.511,1.01527,1.01528,1.00,1.00
2014.07.22 15:22:53.033,1.01527,1.01529,1.00,2.44
2014.07.22 15:22:54.291,1.01526,1.01529,1.50,3.19
2014.07.22 15:23:00.672,1.01526,1.01528,1.00,1.00
2014.07.22 15:23:00.824,1.01524,1.01526,2.25,1.00
2014.07.22 15:23:00.926,1.01523,1.01525,1.25,1.50
2014.07.22 15:23:01.827,1.01522,1.01524,1.69,1.00
2014.07.22 15:23:04.626,1.01521,1.01523,3.19,1.00
2014.07.22 15:23:10.553,1.01522,1.01524,1.69,2.25
2014.07.22 15:23:10.654,1.01524,1.01527,2.63,5.25
2014.07.22 15:23:10.757,1.01524,1.01526,3.00,2.25
2014.07.22 15:23:11.265,1.01525,1.01527,1.00,1.25
2014.07.22 15:23:11.570,1.01524,1.01525,1.50,1.00
2014.07.22 15:23:12.076,1.01523,1.01525,1.25,1.00
2014.07.22 15:23:26.631,1.01522,1.01524,2.44,1.00
2014.07.22 15:23:29.738,1.01521,1.01523,1.00,1.00
2014.07.22 15:23:41.494,1.0152,1.01522,1.69,1.00
2014.07.22 15:23:42.712,1.01521,1.01522,1.00,1.00
2014.07.22 15:23:43.462,1.0152,1.01522,1.25,1.50
2014.07.22 15:23:43.766,1.01519,1.0152,1.00,1.00
2014.07.22 15:23:44.119,1.01517,1.01519,3.94,1.00
2014.07.22 15:23:44.624,1.01517,1.01518,1.00,1.00
2014.07.22 15:23:48.607,1.01518,1.01519,1.00,1.00
2014.07.22 15:23:48.910,1.01519,1.01521,1.00,1.50
2014.07.22 15:23:49.416,1.01519,1.0152,1.00,1.00
2014.07.22 15:23:49.921,1.01518,1.0152,1.69,1.50
2014.07.22 15:23:54.952,1.01517,1.0152,3.00,2.50
2014.07.22 15:23:55.467,1.01517,1.01518,1.25,1.00
2014.07.22 15:23:56.302,1.01517,1.01519,1.00,1.50
2014.07.22 15:23:58.144,1.01517,1.01519,1.25,1.00
2014.07.22 15:23:58.813,1.01517,1.01519,1.25,1.50
2014.07.22 15:24:00.047,1.01517,1.01519,1.25,1.00
2014.07.22 15:24:00.250,1.01518,1.0152,1.25,3.00
2014.07.22 15:24:05.973,1.01519,1.0152,1.00,1.00
2014.07.22 15:24:06.480,1.01518,1.0152,2.44,1.50
2014.07.22 15:24:19.246,1.01519,1.01521,1.00,3.00
2014.07.22 15:24:43.480,1.01518,1.0152,1.69,1.00
2014.07.22 15:25:03.618,1.01519,1.01521,1.00,2.25
2014.07.22 15:25:09.737,1.01519,1.01521,1.00,1.50
2014.07.22 15:25:10.243,1.0152,1.01522,1.00,1.50
2014.07.22 15:25:24.804,1.01521,1.01523,1.00,2.44
2014.07.22 15:25:27.283,1.01522,1.01523,1.00,1.50
2014.07.22 15:25:27.809,1.01521,1.01523,1.69,1.50
2014.07.22 15:25:33.646,1.01522,1.01523,2.25,1.50
2014.07.22 15:25:33.848,1.01524,1.01525,1.50,1.00
2014.07.22 15:25:34.353,1.01523,1.01524,1.25,1.00
2014.07.22 15:25:34.878,1.01522,1.01524,3.19,1.00
2014.07.22 15:25:35.772,1.01522,1.01524,2.44,1.00
2014.07.22 15:25:36.292,1.01523,1.01525,1.25,2.25
2014.07.22 15:25:43.921,1.01522,1.01524,3.94,1.00
2014.07.22 15:25:44.545,1.01523,1.01525,1.00,2.25
2014.07.22 15:25:45.908,1.01524,1.01525,1.25,2.25
2014.07.22 15:25:45.959,1.01524,1.01527,3.44,3.75
2014.07.22 15:25:46.162,1.01527,1.01529,1.00,1.00
2014.07.22 15:25:47.361,1.01528,1.0153,1.00,3.19
2014.07.22 15:25:48.186,1.01529,1.0153,1.00,3.00
2014.07.22 15:25:48.696,1.01528,1.0153,2.44,1.00
2014.07.22 15:25:49.201,1.01529,1.01531,1.50,1.00
2014.07.22 15:25:52.062,1.01529,1.01531,1.00,1.00
2014.07.22 15:25:52.567,1.01528,1.0153,1.69,1.00
2014.07.22 15:25:57.991,1.01528,1.01529,1.00,1.00
2014.07.22 15:25:58.498,1.01527,1.01529,1.50,1.50
2014.07.22 15:26:00.363,1.01528,1.01529,1.00,1.00
2014.07.22 15:26:00.875,1.01527,1.01529,1.69,1.50
2014.07.22 15:26:01.864,1.01527,1.01528,1.50,1.00
2014.07.22 15:26:01.965,1.01525,1.01527,2.25,1.50
2014.07.22 15:26:02.127,1.01524,1.01525,1.00,1.00
2014.07.22 15:26:02.600,1.01523,1.01525,1.69,1.50
2014.07.22 15:26:03.110,1.01523,1.01524,1.00,1.00
2014.07.22 15:26:03.624,1.01522,1.01524,2.44,1.00
2014.07.22 15:26:04.128,1.01521,1.01523,2.44,1.00
2014.07.22 15:26:09.215,1.01522,1.01524,1.50,1.00
2014.07.22 15:26:28.697,1.01523,1.01525,1.00,3.00
2014.07.22 15:26:29.204,1.01522,1.01524,1.69,1.00
2014.07.22 15:26:31.131,1.01522,1.01524,1.25,1.00
2014.07.22 15:26:31.671,1.01523,1.01525,2.44,1.00
2014.07.22 15:26:32.912,1.01523,1.01524,1.00,1.00
2014.07.22 15:26:33.438,1.01523,1.01525,1.50,1.00
2014.07.22 15:26:34.004,1.01523,1.01524,1.00,1.00
2014.07.22 15:26:34.687,1.01523,1.01525,1.50,1.00
2014.07.22 15:26:43.554,1.01524,1.01525,1.00,2.25
2014.07.22 15:26:43.857,1.01526,1.01528,2.50,1.50
2014.07.22 15:26:44.362,1.01527,1.01529,1.00,2.44
2014.07.22 15:26:46.737,1.01526,1.01528,1.69,1.00
2014.07.22 15:26:47.191,1.01525,1.01527,1.50,2.50
2014.07.22 15:26:47.396,1.01523,1.01525,1.25,1.50
2014.07.22 15:26:51.125,1.01522,1.01524,3.19,1.00
2014.07.22 15:26:51.691,1.01523,1.01525,1.00,1.50
2014.07.22 15:26:53.940,1.01522,1.01524,3.19,1.00
2014.07.22 15:26:55.337,1.01523,1.01525,1.00,1.50
2014.07.22 15:26:56.251,1.01525,1.0153,4.88,6.94
2014.07.22 15:26:56.919,1.01527,1.01529,1.00,1.00
2014.07.22 15:26:57.494,1.01528,1.0153,1.00,4.69
2014.07.22 15:26:58.540,1.01528,1.0153,1.00,4.69
2014.07.22 15:26:59.161,1.01527,1.01528,1.00,1.00
2014.07.22 15:26:59.263,1.01525,1.01527,2.25,3.00
2014.07.22 15:26:59.778,1.01524,1.01526,1.50,3.25
2014.07.22 15:27:00.289,1.01523,1.01525,1.25,1.00
2014.07.22 15:27:02.608,1.01523,1.01524,1.00,1.00
2014.07.22 15:27:03.959,1.01523,1.01525,1.00,1.50
2014.07.22 15:27:16.983,1.01522,1.01525,1.50,3.19
2014.07.22 15:27:17.290,1.01523,1.01525,1.00,2.25
2014.07.22 15:27:17.856,1.01523,1.01525,1.00,1.50
2014.07.22 15:27:19.102,1.01522,1.01524,2.44,1.00
2014.07.22 15:27:34.674,1.01521,1.01523,1.69,1.00
2014.07.22 15:27:42.313,1.01522,1.01524,1.25,1.50
2014.07.22 15:27:42.842,1.01523,1.01525,1.00,1.00
2014.07.22 15:27:44.122,1.01522,1.01524,2.44,1.00
2014.07.22 15:27:44.626,1.01523,1.01525,1.00,1.00
2014.07.22 15:27:47.329,1.01522,1.01524,2.44,1.00
2014.07.22 15:27:48.654,1.01522,1.01525,2.44,1.50
2014.07.22 15:27:49.199,1.01522,1.01524,2.44,1.00
2014.07.22 15:27:49.735,1.01523,1.01525,1.00,1.00
2014.07.22 15:27:50.848,1.01522,1.01524,2.44,1.00
2014.07.22 15:27:51.352,1.01523,1.01525,1.00,1.00
2014.07.22 15:27:51.897,1.01522,1.01524,3.19,1.00
2014.07.22 15:27:52.668,1.01523,1.01525,1.00,1.00
2014.07.22 15:27:53.274,1.01522,1.01524,2.44,1.00
2014.07.22 15:27:53.814,1.01523,1.01525,1.00,1.00
2014.07.22 15:27:54.319,1.01522,1.01524,2.44,1.00
2014.07.22 15:27:56.162,1.01523,1.01525,1.00,1.50
2014.07.22 15:27:57.483,1.01522,1.01524,2.44,1.00
2014.07.22 15:28:02.606,1.01522,1.01523,1.00,1.00
2014.07.22 15:28:03.116,1.01521,1.01523,1.69,1.00
2014.07.22 15:28:16.594,1.01522,1.01523,1.00,1.50
2014.07.22 15:28:17.113,1.01521,1.01523,1.00,1.50
2014.07.22 15:28:29.263,1.01522,1.01524,1.00,1.50
2014.07.22 15:28:42.264,1.01522,1.01523,1.00,1.00
2014.07.22 15:28:42.788,1.01521,1.01523,2.25,1.00
2014.07.22 15:28:44.424,1.01521,1.01522,1.00,1.00
2014.07.22 15:28:44.929,1.0152,1.01522,1.50,1.00
2014.07.22 15:28:49.504,1.01521,1.01523,1.00,3.19
2014.07.22 15:29:10.103,1.01521,1.01522,1.25,1.00
2014.07.22 15:29:11.008,1.01521,1.01523,1.69,1.00
2014.07.22 15:29:11.524,1.01521,1.01522,1.00,1.00
2014.07.22 15:29:13.171,1.0152,1.01522,2.44,1.00
2014.07.22 15:29:27.379,1.01519,1.01522,3.19,1.00
2014.07.22 15:29:28.187,1.01519,1.0152,1.25,1.00
2014.07.22 15:29:28.701,1.01519,1.01521,1.50,2.25
2014.07.22 15:29:31.690,1.01519,1.0152,1.00,1.00
2014.07.22 15:29:33.014,1.01517,1.01519,3.19,1.00
2014.07.22 15:29:33.551,1.01517,1.01519,1.69,1.50
2014.07.22 15:29:33.854,1.01516,1.01518,2.25,3.25
2014.07.22 15:29:34.360,1.01517,1.01518,1.50,1.00
2014.07.22 15:29:34.943,1.01517,1.01518,1.00,1.00
2014.07.22 15:29:35.474,1.01517,1.01519,1.00,1.50
2014.07.22 15:29:36.583,1.01516,1.01519,3.94,1.50
2014.07.22 15:29:37.139,1.01517,1.01519,1.00,1.50
2014.07.22 15:29:39.252,1.01518,1.01519,1.00,1.00
2014.07.22 15:29:42.220,1.01519,1.0152,1.00,1.00
2014.07.22 15:29:42.270,1.01519,1.01521,1.00,1.00
2014.07.22 15:29:48.887,1.01519,1.0152,1.00,1.00
2014.07.22 15:29:49.269,1.01516,1.01519,3.00,4.69
2014.07.22 15:29:49.574,1.01514,1.01516,2.25,1.50
2014.07.22 15:29:50.199,1.01514,1.01515,1.00,1.00
2014.07.22 15:29:50.721,1.01514,1.01516,1.50,1.50
2014.07.22 15:29:51.688,1.01514,1.01515,1.00,1.00
2014.07.22 15:29:53.617,1.01514,1.01516,1.50,1.50
2014.07.22 15:29:54.401,1.01515,1.01517,1.00,2.44
2014.07.22 15:29:54.962,1.01516,1.01517,1.00,1.25
2014.07.22 15:29:55.114,1.01517,1.0152,1.00,2.44
2014.07.22 15:29:55.266,1.01518,1.0152,3.00,1.00
2014.07.22 15:29:55.771,1.01519,1.01521,1.00,1.00
2014.07.22 15:29:57.125,1.0152,1.01521,1.00,1.00
2014.07.22 15:29:57.630,1.01519,1.01521,1.69,1.00
2014.07.22 15:29:59.786,1.0152,1.01521,1.00,1.00
2014.07.22 15:30:02.982,1.0152,1.01522,1.50,1.69
2014.07.22 15:30:03.994,1.01521,1.01523,1.50,3.19
2014.07.22 15:30:04.297,1.01522,1.01524,2.50,1.50
2014.07.22 15:30:04.537,1.01523,1.01525,1.00,1.00
2014.07.22 15:30:05.043,1.01524,1.01526,1.50,2.44
2014.07.22 15:30:07.754,1.01525,1.01526,1.00,1.00
2014.07.22 15:30:08.612,1.01525,1.01527,1.00,3.19
2014.07.22 15:30:09.640,1.01525,1.01527,1.00,2.44
2014.07.22 15:30:09.895,1.01527,1.01529,1.00,1.00
2014.07.22 15:30:09.948,1.01528,1.0153,1.00,1.50
2014.07.22 15:30:10.251,1.0153,1.01531,1.00,1.00
2014.07.22 15:30:13.838,1.01529,1.0153,1.00,1.00
2014.07.22 15:30:15.253,1.01528,1.0153,3.00,1.00
2014.07.22 15:30:18.936,1.01527,1.01529,1.25,1.00
2014.07.22 15:30:19.139,1.01525,1.01528,3.00,1.00
2014.07.22 15:30:19.500,1.01523,1.01525,1.00,1.50
2014.07.22 15:30:20.649,1.01522,1.01524,3.94,1.00
2014.07.22 15:30:21.459,1.01522,1.01524,1.69,1.00
2014.07.22 15:30:22.066,1.01522,1.01524,2.44,1.50
2014.07.22 15:30:25.594,1.01522,1.01523,1.00,1.00
2014.07.22 15:30:26.099,1.01521,1.01523,1.00,2.25
2014.07.22 15:30:26.301,1.01519,1.01521,2.44,1.00
2014.07.22 15:30:28.102,1.01519,1.01521,1.25,1.00
2014.07.22 15:30:28.812,1.01519,1.01521,2.44,1.50
2014.07.22 15:30:29.525,1.01519,1.01521,1.00,1.00
2014.07.22 15:30:45.361,1.01518,1.0152,2.44,1.00
2014.07.22 15:30:45.866,1.01518,1.0152,1.25,1.00
2014.07.22 15:30:48.075,1.01518,1.0152,1.69,1.00
2014.07.22 15:30:48.580,1.01518,1.0152,1.25,1.00
2014.07.22 15:30:52.022,1.01518,1.01521,1.25,1.50
2014.07.22 15:31:01.249,1.01517,1.01521,3.94,1.69
2014.07.22 15:31:01.509,1.01519,1.01521,1.00,1.50
2014.07.22 15:31:02.802,1.01519,1.01521,1.00,1.50
2014.07.22 15:31:03.166,1.01518,1.01521,1.25,1.50
2014.07.22 15:31:03.469,1.01519,1.01521,1.00,3.00
2014.07.22 15:31:05.582,1.01517,1.0152,2.44,1.00
2014.07.22 15:31:06.679,1.01517,1.01519,3.94,1.00
2014.07.22 15:31:09.688,1.01517,1.0152,2.44,1.00
2014.07.22 15:31:16.427,1.01518,1.01521,4.69,1.00
2014.07.22 15:31:16.992,1.01519,1.01521,1.69,1.00
2014.07.22 15:31:18.006,1.0152,1.01521,1.50,1.00
2014.07.22 15:31:18.208,1.01521,1.01523,1.00,1.00
2014.07.22 15:31:18.412,1.01524,1.01525,3.00,1.50
2014.07.22 15:31:18.463,1.01525,1.01527,3.94,1.00
2014.07.22 15:31:18.513,1.01526,1.01528,2.44,1.00
2014.07.22 15:31:18.817,1.01528,1.01529,1.00,1.00
2014.07.22 15:31:19.323,1.01527,1.01529,1.50,1.00
2014.07.22 15:31:19.828,1.01527,1.01529,3.94,1.00
2014.07.22 15:31:20.763,1.01528,1.0153,1.25,1.50
2014.07.22 15:31:21.067,1.01529,1.01531,1.00,1.50
2014.07.22 15:31:23.278,1.01529,1.0153,1.00,1.50
2014.07.22 15:31:25.264,1.01528,1.0153,1.69,1.50
2014.07.22 15:31:27.147,1.01527,1.01529,1.69,1.00
2014.07.22 15:31:27.981,1.01528,1.01529,1.00,1.00
2014.07.22 15:31:28.512,1.01528,1.0153,1.00,2.25
2014.07.22 15:31:29.031,1.01529,1.0153,1.50,1.00
2014.07.22 15:31:35.524,1.01529,1.01531,1.50,1.00
2014.07.22 15:31:36.684,1.0153,1.01531,1.00,1.00
2014.07.22 15:31:37.269,1.0153,1.01532,1.50,3.19
2014.07.22 15:31:39.968,1.01531,1.01532,1.00,2.25
2014.07.22 15:31:40.322,1.01532,1.01533,1.50,1.00
2014.07.22 15:31:40.423,1.01533,1.01535,1.00,2.25
2014.07.22 15:31:40.986,1.01534,1.01535,1.00,1.50
2014.07.22 15:31:41.530,1.01532,1.01534,2.44,1.00
2014.07.22 15:31:43.621,1.01533,1.01534,1.00,1.00
2014.07.22 15:31:44.144,1.01532,1.01534,1.69,1.00
2014.07.22 15:31:44.716,1.01532,1.01534,1.25,1.00
2014.07.22 15:31:45.843,1.01532,1.01534,1.69,1.00
2014.07.22 15:31:48.579,1.01532,1.01533,1.00,1.00
2014.07.22 15:31:50.152,1.01532,1.01534,1.69,1.50
2014.07.22 15:31:50.699,1.01532,1.01533,1.00,1.00
2014.07.22 15:31:51.203,1.01532,1.01534,1.50,1.00
2014.07.22 15:31:52.315,1.01532,1.01534,1.25,1.00
2014.07.22 15:31:52.850,1.01532,1.01534,1.50,1.00
2014.07.22 15:31:53.567,1.01533,1.01535,1.00,2.25
2014.07.22 15:31:54.601,1.01532,1.01534,2.25,1.00
2014.07.22 15:31:55.105,1.01533,1.01535,1.00,1.69
2014.07.22 15:32:05.850,1.01534,1.01536,1.00,3.00
2014.07.22 15:32:10.179,1.01533,1.01535,2.44,1.00
2014.07.22 15:32:10.948,1.01534,1.01536,1.00,2.44
2014.07.22 15:32:11.462,1.01533,1.01535,1.50,1.00
2014.07.22 15:32:15.854,1.01533,1.01534,1.00,1.00
2014.07.22 15:32:16.360,1.01533,1.01535,1.50,1.50
2014.07.22 15:32:16.865,1.01532,1.01534,1.00,1.00
2014.07.22 15:32:19.000,1.01532,1.01534,1.00,3.19
2014.07.22 15:32:19.365,1.0153,1.01532,1.50,1.50
2014.07.22 15:32:21.394,1.01531,1.01532,1.00,1.00
2014.07.22 15:32:21.899,1.0153,1.01532,1.00,1.50
2014.07.22 15:32:47.548,1.01529,1.01531,1.50,1.00
2014.07.22 15:32:48.053,1.01529,1.0153,1.00,1.00
2014.07.22 15:32:48.557,1.01529,1.01531,1.00,1.69
2014.07.22 15:33:00.613,1.0153,1.01531,1.00,1.00
2014.07.22 15:33:00.815,1.01531,1.01533,1.00,3.00
2014.07.22 15:33:00.918,1.01532,1.01534,1.00,2.44
2014.07.22 15:33:02.291,1.01534,1.01536,1.25,1.50
2014.07.22 15:33:02.342,1.01535,1.01539,5.70,2.25
2014.07.22 15:33:02.851,1.01537,1.01539,3.00,1.00
2014.07.22 15:33:03.356,1.01537,1.0154,2.25,2.44
2014.07.22 15:33:06.118,1.01537,1.01539,3.00,1.00
2014.07.22 15:33:08.978,1.01537,1.0154,2.25,3.94
2014.07.22 15:33:09.867,1.01537,1.01539,2.25,1.00
2014.07.22 15:33:10.069,1.01535,1.01537,3.19,1.00
2014.07.22 15:33:10.677,1.01532,1.01534,2.44,1.50
2014.07.22 15:33:11.282,1.01532,1.01534,2.44,1.50
2014.07.22 15:33:11.787,1.01533,1.01534,1.00,1.00
2014.07.22 15:33:31.040,1.01533,1.01535,1.32,2.25
2014.07.22 15:33:32.961,1.01532,1.01534,1.69,1.00
2014.07.22 15:33:40.966,1.01531,1.01533,2.82,1.00
2014.07.22 15:33:47.807,1.01532,1.01534,1.00,1.00
2014.07.22 15:33:49.338,1.01532,1.01534,2.44,1.00
2014.07.22 15:33:50.367,1.01532,1.01534,1.69,1.00
2014.07.22 15:33:52.371,1.01532,1.01534,1.69,1.00
2014.07.22 15:33:53.351,1.01532,1.01534,1.69,1.00
2014.07.22 15:33:56.437,1.01532,1.01534,2.44,1.00
2014.07.22 15:33:57.404,1.01532,1.01534,1.69,1.00
2014.07.22 15:34:02.720,1.01533,1.01535,1.00,2.25
2014.07.22 15:34:04.107,1.01534,1.01536,1.50,1.50
2014.07.22 15:34:04.210,1.01536,1.01537,1.00,1.00
2014.07.22 15:34:04.613,1.01534,1.01536,1.69,1.00
2014.07.22 15:34:16.566,1.01533,1.01535,1.69,1.00
2014.07.22 15:34:24.870,1.01534,1.01536,1.00,2.25
2014.07.22 15:34:25.379,1.01533,1.01535,1.25,1.50
2014.07.22 15:34:29.477,1.01532,1.01534,1.69,1.00
2014.07.22 15:34:30.087,1.01532,1.01534,1.69,1.00
2014.07.22 15:34:30.597,1.01533,1.01535,1.00,1.50
2014.07.22 15:34:33.695,1.01532,1.01534,2.44,1.00
2014.07.22 15:34:44.024,1.01532,1.01533,1.25,1.00
2014.07.22 15:34:45.586,1.01531,1.01533,2.44,1.50
2014.07.22 15:34:46.090,1.01532,1.01533,2.44,1.00
2014.07.22 15:34:47.567,1.01532,1.01534,1.25,1.00
2014.07.22 15:34:48.071,1.01532,1.01534,2.44,1.00
2014.07.22 15:34:49.015,1.01532,1.01534,3.19,1.00
2014.07.22 15:34:55.015,1.01532,1.01534,3.19,1.00
2014.07.22 15:34:55.520,1.01533,1.01535,1.25,2.25
2014.07.22 15:35:00.830,1.01532,1.01534,2.44,1.00
2014.07.22 15:35:01.349,1.01533,1.01535,1.25,2.25
2014.07.22 15:35:01.871,1.01532,1.01534,2.44,1.00
2014.07.22 15:35:02.390,1.01533,1.01535,1.25,2.25
2014.07.22 15:35:11.211,1.01532,1.01534,2.44,1.00
2014.07.22 15:35:21.160,1.01532,1.01534,2.44,1.00
2014.07.22 15:35:23.125,1.01532,1.01534,2.44,1.00
2014.07.22 15:35:24.141,1.01532,1.01534,2.44,1.00
2014.07.22 15:35:25.322,1.01532,1.01534,1.00,1.00
2014.07.22 15:35:25.526,1.01531,1.01533,2.25,1.50
2014.07.22 15:35:26.051,1.0153,1.01532,1.25,1.50
2014.07.22 15:35:38.989,1.01531,1.01532,1.00,1.00
2014.07.22 15:35:41.295,1.01531,1.01533,1.00,3.94
2014.07.22 15:35:41.807,1.0153,1.01532,1.00,1.00
2014.07.22 15:35:44.797,1.01531,1.01533,1.00,3.75
2014.07.22 15:35:45.100,1.01533,1.01535,1.00,3.19
2014.07.22 15:35:46.625,1.01532,1.01535,3.94,1.50
2014.07.22 15:35:47.131,1.01533,1.01535,1.00,1.50
2014.07.22 15:35:48.103,1.01532,1.01535,3.94,1.50
2014.07.22 15:35:48.611,1.01532,1.01534,2.44,1.00
2014.07.22 15:35:49.116,1.01533,1.01535,1.00,2.25
2014.07.22 15:35:51.628,1.01532,1.01534,2.44,1.00
2014.07.22 15:35:52.468,1.01532,1.01534,1.00,3.94
2014.07.22 15:35:52.658,1.0153,1.01532,1.00,1.50
2014.07.22 15:35:55.829,1.01531,1.01533,1.00,3.94
2014.07.22 15:35:58.209,1.0153,1.01532,2.44,1.00
2014.07.22 15:35:59.209,1.01531,1.01533,1.00,2.25
2014.07.22 15:36:20.283,1.01532,1.01533,1.00,1.00
2014.07.22 15:36:20.814,1.01532,1.01534,1.00,2.44
2014.07.22 15:36:21.420,1.01533,1.01535,1.00,2.25
2014.07.22 15:36:21.924,1.01532,1.01534,2.44,1.00
2014.07.22 15:36:28.084,1.01532,1.01534,2.44,1.00
2014.07.22 15:36:28.592,1.01531,1.01533,3.19,1.00
2014.07.22 15:36:31.031,1.0153,1.01532,1.69,1.00
2014.07.22 15:36:31.541,1.01529,1.01531,2.25,1.00
2014.07.22 15:36:38.152,1.0153,1.01532,1.00,1.50
2014.07.22 15:36:38.660,1.01529,1.01531,2.44,1.00
2014.07.22 15:36:41.348,1.0153,1.01532,1.00,1.00
2014.07.22 15:36:43.158,1.01532,1.01533,1.00,1.25
2014.07.22 15:36:43.676,1.01532,1.01534,1.00,1.69
2014.07.22 15:36:53.239,1.01531,1.01533,1.50,1.00
2014.07.22 15:36:54.444,1.01531,1.01532,1.00,1.00
2014.07.22 15:36:54.976,1.01531,1.01533,1.50,2.25
2014.07.22 15:37:06.388,1.01531,1.01532,1.00,1.00
2014.07.22 15:37:07.631,1.0153,1.01532,3.19,1.00
2014.07.22 15:37:11.405,1.0153,1.01532,1.00,1.00
2014.07.22 15:37:11.918,1.0153,1.01532,2.25,1.00
2014.07.22 15:37:13.510,1.01531,1.01533,1.00,2.25
2014.07.22 15:37:15.711,1.0153,1.01532,3.19,1.00
2014.07.22 15:37:16.216,1.01531,1.01533,1.00,3.00
2014.07.22 15:37:18.204,1.0153,1.01532,1.50,1.00
2014.07.22 15:37:18.708,1.01529,1.01531,3.19,1.00
2014.07.22 15:37:19.244,1.0153,1.01532,1.00,1.00
2014.07.22 15:37:19.748,1.01529,1.01531,3.00,1.00
2014.07.22 15:37:22.248,1.01529,1.0153,1.50,1.00
2014.07.22 15:37:22.756,1.01528,1.0153,1.00,1.25
2014.07.22 15:37:23.210,1.01523,1.01529,13.77,4.19
2014.07.22 15:37:23.414,1.01522,1.01524,3.75,1.00
2014.07.22 15:37:25.650,1.01521,1.01523,1.50,1.00
2014.07.22 15:37:26.195,1.01521,1.01523,1.50,2.44
2014.07.22 15:37:26.706,1.0152,1.01522,1.00,1.00
2014.07.22 15:37:27.221,1.01521,1.01522,1.00,1.00
2014.07.22 15:37:27.937,1.0152,1.01522,1.00,1.00
2014.07.22 15:37:29.816,1.01521,1.01522,1.00,1.00
2014.07.22 15:37:33.220,1.0152,1.01522,1.50,1.69
2014.07.22 15:37:35.199,1.01521,1.01522,1.00,1.69
2014.07.22 15:37:43.410,1.0152,1.01522,1.00,1.00
2014.07.22 15:37:43.917,1.0152,1.01522,1.00,1.00
2014.07.22 15:37:44.431,1.01519,1.01521,3.94,1.00
2014.07.22 15:37:45.932,1.0152,1.01522,1.00,1.00
2014.07.22 15:37:47.630,1.01521,1.01523,1.00,3.19
2014.07.22 15:37:50.208,1.01519,1.01521,1.69,1.00
2014.07.22 15:37:51.052,1.0152,1.01521,1.00,1.00
2014.07.22 15:37:52.577,1.01519,1.01521,1.69,1.00
2014.07.22 15:37:53.082,1.0152,1.01521,1.00,1.00
2014.07.22 15:38:03.080,1.0152,1.01522,1.00,1.69
2014.07.22 15:38:03.585,1.01521,1.01522,1.00,1.69
2014.07.22 15:38:07.439,1.0152,1.01522,1.00,3.44
2014.07.22 15:38:07.944,1.01521,1.01522,1.00,1.25
2014.07.22 15:38:08.450,1.01521,1.01523,1.69,1.00
2014.07.22 15:38:09.458,1.01521,1.01523,3.94,1.00
2014.07.22 15:38:09.963,1.01521,1.01523,3.00,1.00
2014.07.22 15:38:10.468,1.01522,1.01524,1.69,1.50
2014.07.22 15:38:10.782,1.01524,1.01526,4.75,2.25
2014.07.22 15:38:12.044,1.01526,1.01527,1.25,1.00
2014.07.22 15:38:12.094,1.01526,1.01528,1.69,2.25
2014.07.22 15:38:12.498,1.01528,1.0153,1.00,1.25
2014.07.22 15:38:18.202,1.01529,1.0153,1.00,1.00
2014.07.22 15:38:18.712,1.01528,1.0153,1.69,1.00
2014.07.22 15:38:21.297,1.01529,1.0153,1.00,1.00
2014.07.22 15:38:21.802,1.01528,1.0153,3.19,1.00
2014.07.22 15:38:22.510,1.01528,1.0153,2.44,1.00
2014.07.22 15:38:27.696,1.01529,1.0153,1.00,1.00
2014.07.22 15:38:28.226,1.01528,1.01529,1.25,1.00
2014.07.22 15:38:28.815,1.01529,1.01531,1.00,1.00
2014.07.22 15:38:29.522,1.01529,1.01531,1.00,1.00
2014.07.22 15:38:29.573,1.01528,1.0153,1.25,1.00
2014.07.22 15:38:35.906,1.01529,1.01532,1.00,3.19
2014.07.22 15:38:39.206,1.01528,1.01532,2.25,3.94
2014.07.22 15:38:42.387,1.01528,1.0153,3.00,1.00
2014.07.22 15:38:43.060,1.01529,1.0153,1.00,1.00
2014.07.22 15:38:47.497,1.01528,1.0153,3.19,1.00
2014.07.22 15:38:53.418,1.01529,1.0153,1.00,1.00
2014.07.22 15:38:55.602,1.01528,1.0153,1.50,1.00
2014.07.22 15:38:56.614,1.01529,1.0153,1.00,1.00
2014.07.22 15:38:58.215,1.01528,1.0153,1.00,2.50
2014.07.22 15:38:58.721,1.01528,1.0153,2.25,1.00
2014.07.22 15:39:03.928,1.01528,1.0153,1.50,1.00
2014.07.22 15:39:04.440,1.01527,1.01529,1.00,1.00
2014.07.22 15:39:11.453,1.01528,1.01529,1.00,1.00
2014.07.22 15:39:18.982,1.01527,1.01529,2.25,1.50
2014.07.22 15:39:22.093,1.01526,1.01528,2.44,1.00
2014.07.22 15:39:22.449,1.01527,1.01529,1.00,1.00
2014.07.22 15:39:24.593,1.01527,1.01529,1.00,3.19
2014.07.22 15:39:25.546,1.01525,1.01527,3.75,1.50
2014.07.22 15:39:26.256,1.01524,1.01526,3.94,1.00
2014.07.22 15:39:26.977,1.01523,1.01525,3.00,1.00
2014.07.22 15:39:27.481,1.01523,1.01524,1.50,1.00
2014.07.22 15:39:28.023,1.01523,1.01525,2.25,1.00
2014.07.22 15:39:28.954,1.01524,1.01525,1.00,1.00
2014.07.22 15:39:33.654,1.01524,1.01526,1.00,1.00
2014.07.22 15:39:33.959,1.01523,1.01525,1.25,1.00
2014.07.22 15:39:42.227,1.01523,1.01526,1.50,1.25
2014.07.22 15:39:42.781,1.01524,1.01526,1.00,1.25
2014.07.22 15:39:48.496,1.01523,1.01526,1.50,1.25
2014.07.22 15:39:56.373,1.01523,1.01525,2.25,1.00
2014.07.22 15:40:11.318,1.01523,1.01524,1.50,1.00
2014.07.22 15:40:13.309,1.01523,1.01525,2.25,1.00
2014.07.22 15:40:15.121,1.01523,1.01524,1.50,1.00
2014.07.22 15:40:19.287,1.01522,1.01524,3.94,1.00
2014.07.22 15:40:19.910,1.01522,1.01523,1.69,1.00
2014.07.22 15:40:22.201,1.01521,1.01523,1.69,1.00
2014.07.22 15:40:36.800,1.01521,1.01522,1.00,1.00
2014.07.22 15:40:37.316,1.0152,1.01522,3.00,1.25
2014.07.22 15:40:38.607,1.01521,1.01523,1.00,2.44
2014.07.22 15:40:43.137,1.01521,1.01523,1.00,2.44
2014.07.22 15:40:45.182,1.01521,1.01523,1.00,2.44
2014.07.22 15:40:48.028,1.0152,1.01522,2.25,1.25
2014.07.22 15:41:00.739,1.01521,1.01523,1.00,3.94
2014.07.22 15:41:01.648,1.01522,1.01523,1.00,1.25
2014.07.22 15:41:04.603,1.01522,1.01523,1.25,1.00
2014.07.22 15:41:04.654,1.01523,1.01525,1.50,1.00
2014.07.22 15:41:04.757,1.01525,1.01528,2.50,6.75
2014.07.22 15:41:04.861,1.01527,1.01529,1.00,1.50
2014.07.22 15:41:09.075,1.01527,1.01528,1.00,1.25
2014.07.22 15:41:09.277,1.01524,1.01526,1.50,1.00
2014.07.22 15:41:09.784,1.01524,1.01525,1.50,1.00
2014.07.22 15:41:14.112,1.01522,1.01524,2.44,1.00
2014.07.22 15:41:15.478,1.01524,1.01526,1.00,3.19
2014.07.22 15:41:19.675,1.01523,1.01525,1.25,1.00
2014.07.22 15:41:20.185,1.01524,1.01525,1.00,1.50
2014.07.22 15:41:23.735,1.01524,1.01525,1.50,1.00
2014.07.22 15:41:24.263,1.01524,1.01525,1.00,1.00
2014.07.22 15:41:30.792,1.01524,1.01525,1.00,1.00
2014.07.22 15:41:43.061,1.01522,1.01524,2.44,1.00
2014.07.22 15:41:52.468,1.01522,1.01524,1.50,1.50
2014.07.22 15:41:52.972,1.01521,1.01523,3.19,1.00
2014.07.22 15:41:55.452,1.01522,1.01523,1.00,1.00
2014.07.22 15:42:12.416,1.01522,1.01524,1.50,2.44
2014.07.22 15:42:14.240,1.01522,1.01523,1.00,1.00
2014.07.22 15:42:16.542,1.01522,1.01524,1.50,2.44
2014.07.22 15:42:19.889,1.01522,1.01523,1.00,1.00
2014.07.22 15:42:22.077,1.01522,1.01524,1.00,1.69
2014.07.22 15:42:35.204,1.01522,1.01523,1.00,1.00
2014.07.22 15:42:36.082,1.01522,1.01524,1.00,2.44
2014.07.22 15:42:44.547,1.01523,1.01525,1.50,1.25
2014.07.22 15:42:44.650,1.01525,1.01526,1.00,1.00
2014.07.22 15:42:44.701,1.01525,1.01528,1.00,3.00
2014.07.22 15:42:44.955,1.01528,1.0153,1.00,2.44
2014.07.22 15:42:45.736,1.0153,1.01531,1.00,1.69
2014.07.22 15:42:49.158,1.0153,1.01532,1.50,3.94
2014.07.22 15:42:49.677,1.0153,1.01531,1.00,1.00
2014.07.22 15:42:51.832,1.0153,1.01533,1.00,4.69
2014.07.22 15:42:52.893,1.01532,1.01533,1.00,1.00
2014.07.22 15:42:57.930,1.01531,1.01533,1.50,1.50
2014.07.22 15:43:00.754,1.01531,1.01532,1.50,1.50
2014.07.22 15:43:01.258,1.01531,1.01533,1.00,7.69
2014.07.22 15:43:01.764,1.01531,1.01533,1.00,3.00
2014.07.22 15:43:10.900,1.01531,1.01532,1.00,1.00
2014.07.22 15:43:11.573,1.01531,1.01533,1.00,1.50
2014.07.22 15:43:12.117,1.01531,1.01532,1.00,1.00
2014.07.22 15:43:12.269,1.0153,1.01531,1.25,1.00
2014.07.22 15:43:12.473,1.01526,1.01529,2.25,3.19
2014.07.22 15:43:12.988,1.01525,1.01527,1.50,1.00
2014.07.22 15:43:13.191,1.01524,1.01526,1.69,1.00
2014.07.22 15:43:13.713,1.01524,1.01526,1.00,2.25
2014.07.22 15:43:14.219,1.01523,1.01525,1.69,1.00
2014.07.22 15:43:18.582,1.01523,1.01525,1.00,3.00
2014.07.22 15:43:19.087,1.01522,1.01524,3.94,1.50
2014.07.22 15:43:19.138,1.01523,1.01524,1.00,1.00
2014.07.22 15:43:19.712,1.01524,1.01525,1.00,1.50
2014.07.22 15:43:25.711,1.01524,1.01526,1.00,3.19
2014.07.22 15:43:26.016,1.01525,1.01527,1.50,1.19
2014.07.22 15:43:26.542,1.01526,1.01527,1.00,1.00
2014.07.22 15:43:26.744,1.01526,1.01528,1.00,2.44
2014.07.22 15:43:27.277,1.01525,1.01527,2.25,1.50
2014.07.22 15:43:27.781,1.01525,1.01526,1.00,1.50
2014.07.22 15:43:34.458,1.01524,1.01526,1.00,2.50
2014.07.22 15:43:36.088,1.01525,1.01526,1.00,2.25
2014.07.22 15:43:36.616,1.01524,1.01526,1.00,2.50
2014.07.22 15:43:37.166,1.01524,1.01525,1.00,1.00
2014.07.22 15:43:39.975,1.01524,1.01526,1.00,2.25
2014.07.22 15:43:43.137,1.01523,1.01525,1.69,1.00
2014.07.22 15:43:45.040,1.01524,1.01526,1.25,1.50
2014.07.22 15:43:45.091,1.01525,1.01528,3.25,1.00
2014.07.22 15:43:45.312,1.01528,1.01531,2.50,2.44
2014.07.22 15:43:45.820,1.01529,1.0153,1.00,1.00
2014.07.22 15:43:46.426,1.01529,1.01531,1.00,2.25
2014.07.22 15:43:54.830,1.0153,1.01532,1.50,1.50
2014.07.22 15:43:55.761,1.01532,1.01533,1.00,2.44
2014.07.22 15:43:58.495,1.0153,1.01532,2.44,1.00
2014.07.22 15:43:59.000,1.0153,1.01531,2.44,1.00
2014.07.22 15:44:02.173,1.0153,1.01532,1.50,1.69
2014.07.22 15:44:02.789,1.01531,1.01533,1.00,2.44
2014.07.22 15:44:03.307,1.01532,1.01533,1.50,1.00
2014.07.22 15:44:04.377,1.01532,1.01534,1.50,3.19
2014.07.22 15:44:34.761,1.01532,1.01533,1.00,1.00
2014.07.22 15:44:36.995,1.01532,1.01534,1.50,3.94
2014.07.22 15:45:00.121,1.01532,1.01533,1.00,1.00
2014.07.22 15:45:02.431,1.0153,1.01532,1.50,1.00
2014.07.22 15:45:02.836,1.01531,1.01533,1.00,1.00
2014.07.22 15:45:03.346,1.01532,1.01533,1.00,1.00
2014.07.22 15:45:19.159,1.0153,1.01532,2.44,1.00
2014.07.22 15:45:19.663,1.01532,1.01533,1.00,1.50
2014.07.22 15:45:20.167,1.0153,1.01532,2.44,1.00
2014.07.22 15:45:20.776,1.01531,1.01533,1.00,1.50
2014.07.22 15:45:24.203,1.01531,1.01532,1.00,1.00
2014.07.22 15:45:30.299,1.01531,1.01533,1.00,3.19
2014.07.22 15:45:43.660,1.0153,1.01532,1.25,1.00
2014.07.22 15:45:45.143,1.01532,1.01533,1.00,2.44
2014.07.22 15:45:47.464,1.0153,1.01532,1.69,1.00
2014.07.22 15:45:50.781,1.01532,1.01533,1.00,1.50
2014.07.22 15:46:00.869,1.01532,1.01534,1.50,1.69
2014.07.22 15:46:04.277,1.01532,1.01533,1.00,1.00
2014.07.22 15:46:07.866,1.0153,1.01532,2.44,1.00
2014.07.22 15:46:15.899,1.01531,1.01533,1.00,2.25
2014.07.22 15:46:18.413,1.0153,1.01532,1.69,1.00
2014.07.22 15:46:21.917,1.01531,1.01533,1.00,1.50
2014.07.22 15:46:33.671,1.01532,1.01534,1.50,2.25
2014.07.22 15:46:36.674,1.01532,1.01535,1.25,1.00
2014.07.22 15:46:43.990,1.01532,1.01534,1.69,2.25
2014.07.22 15:46:44.300,1.01533,1.01535,1.00,2.44
2014.07.22 15:46:52.220,1.01531,1.01533,3.19,1.00
2014.07.22 15:46:52.730,1.01531,1.01533,1.00,1.50
2014.07.22 15:47:07.755,1.0153,1.01532,1.69,1.00
2014.07.22 15:47:08.494,1.01532,1.01533,1.00,1.69
2014.07.22 15:47:14.955,1.01532,1.01534,1.50,2.44
2014.07.22 15:47:42.410,1.01532,1.01533,1.00,1.00
2014.07.22 15:47:50.595,1.0153,1.01532,2.25,1.00
2014.07.22 15:47:52.111,1.01532,1.01533,1.00,3.94
2014.07.22 15:47:52.616,1.01531,1.01532,1.00,1.00
2014.07.22 15:47:53.162,1.01532,1.01533,1.00,3.19
2014.07.22 15:48:06.242,1.0153,1.01532,3.00,1.00
2014.07.22 15:48:06.885,1.01532,1.01533,1.00,1.69
2014.07.22 15:48:19.797,1.01531,1.01533,1.00,3.19
2014.07.22 15:48:24.142,1.01532,1.01533,1.00,3.19
2014.07.22 15:48:31.141,1.01531,1.01533,1.00,3.19
2014.07.22 15:48:33.553,1.01532,1.01533,1.00,1.25
2014.07.22 15:48:55.247,1.0153,1.01532,1.50,1.00
2014.07.22 15:48:59.973,1.0153,1.01532,1.00,1.69
2014.07.22 15:49:17.209,1.0153,1.01531,1.50,1.00
2014.07.22 15:49:17.263,1.01527,1.0153,3.94,1.00
2014.07.22 15:49:17.518,1.01526,1.01527,1.00,1.69
2014.07.22 15:49:18.023,1.01526,1.01528,1.00,4.50
2014.07.22 15:49:18.430,1.01528,1.0153,1.00,3.19
2014.07.22 15:49:18.582,1.01529,1.01531,1.00,3.75
2014.07.22 15:49:19.113,1.0153,1.01531,1.00,1.69
2014.07.22 15:49:29.250,1.01529,1.01531,1.50,3.19
2014.07.22 15:49:30.129,1.0153,1.01531,1.00,3.19
2014.07.22 15:49:39.651,1.01529,1.01531,1.50,3.19
2014.07.22 15:49:42.763,1.0153,1.01531,1.00,1.69
2014.07.22 15:49:48.684,1.01529,1.01531,2.25,1.69
2014.07.22 15:49:49.729,1.01529,1.01531,1.50,2.69
2014.07.22 15:49:51.838,1.01529,1.01531,2.25,2.44
2014.07.22 15:49:52.861,1.01529,1.01531,2.25,2.44
2014.07.22 15:49:54.516,1.01528,1.0153,1.00,2.25
2014.07.22 15:49:54.819,1.01525,1.01527,1.00,4.69
2014.07.22 15:49:55.325,1.01524,1.01525,1.00,1.00
2014.07.22 15:50:03.809,1.01525,1.01526,1.00,1.69
2014.07.22 15:50:04.314,1.01524,1.01526,3.00,1.69
2014.07.22 15:50:05.172,1.01524,1.01525,2.25,1.00
2014.07.22 15:50:07.815,1.01524,1.01526,1.50,3.19
2014.07.22 15:50:13.018,1.01524,1.01525,1.00,1.00
2014.07.22 15:50:15.614,1.01524,1.01526,1.50,2.44
2014.07.22 15:50:16.920,1.01524,1.01525,1.50,1.00
2014.07.22 15:50:21.035,1.01519,1.01525,4.50,1.00
2014.07.22 15:50:21.138,1.0152,1.01523,7.50,4.50
2014.07.22 15:50:21.190,1.01519,1.01522,2.25,3.44
2014.07.22 15:50:21.293,1.01521,1.01522,1.00,1.50
2014.07.22 15:50:21.546,1.01522,1.01524,1.00,1.69
2014.07.22 15:50:32.129,1.01523,1.01525,1.00,1.25
2014.07.22 15:50:33.190,1.01524,1.01525,1.00,1.00
2014.07.22 15:50:47.997,1.01524,1.01526,1.50,3.94
2014.07.22 15:50:48.150,1.01526,1.01529,3.25,2.44
2014.07.22 15:50:48.354,1.01529,1.0153,1.00,1.69
2014.07.22 15:50:52.446,1.01529,1.01531,2.25,3.19
2014.07.22 15:51:21.376,1.0153,1.01532,2.25,1.69
2014.07.22 15:51:21.916,1.0153,1.01532,1.00,1.25
2014.07.22 15:51:28.934,1.0153,1.01532,1.00,2.44
2014.07.22 15:51:30.523,1.01529,1.01531,1.50,1.25
2014.07.22 15:51:54.683,1.01529,1.0153,1.00,1.00
2014.07.22 15:51:55.199,1.01528,1.0153,1.00,1.00
2014.07.22 15:51:58.006,1.01528,1.0153,1.00,1.69
2014.07.22 15:52:01.450,1.01528,1.0153,1.00,1.69
2014.07.22 15:52:07.723,1.01528,1.0153,1.00,2.44
2014.07.22 15:52:15.313,1.01527,1.01529,2.25,1.69
2014.07.22 15:52:16.724,1.01528,1.0153,1.00,3.19
2014.07.22 15:52:20.290,1.01528,1.0153,1.00,2.44
2014.07.22 15:52:22.526,1.01529,1.0153,1.50,1.00
2014.07.22 15:52:23.031,1.01529,1.01531,1.50,2.44
2014.07.22 15:52:24.988,1.0153,1.01532,1.00,2.25
2014.07.22 15:52:25.141,1.01531,1.01533,1.50,3.94
2014.07.22 15:52:53.579,1.01532,1.01533,1.00,1.69
2014.07.22 15:52:54.084,1.01531,1.01533,1.50,1.69
2014.07.22 15:53:04.665,1.01531,1.01532,1.00,1.00
2014.07.22 15:53:06.775,1.0153,1.01532,3.19,1.00
2014.07.22 15:53:24.688,1.01531,1.01532,1.00,1.00
2014.07.22 15:53:28.427,1.0153,1.01532,2.25,1.00
2014.07.22 15:53:28.931,1.01531,1.01533,1.00,1.25
2014.07.22 15:53:43.709,1.0153,1.01532,1.50,1.00
2014.07.22 15:53:46.957,1.01529,1.01531,2.44,1.00
2014.07.22 15:53:47.462,1.0153,1.01532,1.00,1.50
2014.07.22 15:53:49.252,1.01531,1.01532,1.00,1.00
2014.07.22 15:54:07.691,1.01531,1.01533,1.00,4.69
2014.07.22 15:54:08.707,1.01531,1.01533,1.00,4.69
2014.07.22 15:54:10.709,1.01531,1.01533,1.00,4.69
2014.07.22 15:54:12.632,1.01531,1.01533,1.00,4.69
2014.07.22 15:54:12.783,1.01529,1.01531,2.25,1.25
2014.07.22 15:54:13.288,1.0153,1.01532,1.00,3.19
2014.07.22 15:54:13.793,1.0153,1.01532,1.00,1.69
2014.07.22 15:54:30.892,1.01531,1.01533,1.00,1.50
2014.07.22 15:54:56.679,1.01531,1.01532,1.00,1.25
2014.07.22 15:54:56.831,1.01529,1.01531,3.00,1.00
2014.07.22 15:54:57.351,1.0153,1.01532,1.00,1.25
2014.07.22 15:55:08.287,1.01531,1.01533,1.00,2.44
2014.07.22 15:55:12.198,1.01531,1.01533,1.00,1.25
2014.07.22 15:55:13.184,1.01532,1.01534,1.00,3.19
2014.07.22 15:55:29.254,1.01531,1.01533,3.00,1.00
2014.07.22 15:55:38.261,1.0153,1.01532,3.19,1.00
2014.07.22 15:55:38.768,1.01531,1.01533,1.00,1.69
2014.07.22 15:55:45.623,1.01532,1.01534,1.00,3.94
2014.07.22 15:55:46.181,1.01531,1.01533,1.50,1.00
2014.07.22 15:55:57.341,1.01532,1.01533,1.00,1.00
2014.07.22 15:56:07.148,1.01531,1.01533,1.00,1.50
2014.07.22 15:56:35.378,1.01532,1.01533,1.00,1.25
2014.07.22 15:56:37.019,1.01532,1.01534,1.00,2.44
2014.07.22 15:56:37.693,1.01531,1.01533,1.50,1.00
2014.07.22 15:56:38.520,1.01531,1.01532,1.00,1.50
2014.07.22 15:56:52.849,1.0153,1.01531,1.00,1.00
2014.07.22 15:56:52.950,1.01529,1.01531,2.25,1.00
2014.07.22 15:57:03.197,1.01529,1.0153,1.00,1.00
2014.07.22 15:57:03.717,1.01528,1.0153,1.25,1.00
2014.07.22 15:57:12.591,1.01528,1.0153,1.00,1.25
2014.07.22 15:57:13.359,1.01528,1.01531,1.00,3.19
2014.07.22 15:57:13.872,1.01528,1.0153,1.00,1.00
2014.07.22 15:57:14.381,1.01529,1.01531,1.00,3.19
2014.07.22 15:57:14.899,1.01528,1.0153,1.00,1.00
2014.07.22 15:57:16.378,1.01528,1.0153,1.00,3.19
2014.07.22 15:57:16.882,1.01527,1.01529,1.50,1.25
2014.07.22 15:57:36.196,1.01529,1.0153,1.00,1.25
2014.07.22 15:57:37.160,1.01529,1.01531,1.00,3.19
2014.07.22 15:57:51.250,1.0153,1.01531,1.00,1.69
2014.07.22 15:58:00.139,1.0153,1.01532,1.50,4.69
2014.07.22 15:58:04.040,1.01531,1.01532,1.00,1.69
2014.07.22 15:58:04.544,1.01532,1.01534,1.50,2.44
2014.07.22 15:58:07.959,1.01533,1.01535,1.00,1.69
2014.07.22 15:58:18.247,1.01532,1.01534,3.75,1.00
2014.07.22 15:58:20.260,1.01533,1.01535,1.00,1.69
2014.07.22 15:58:25.701,1.01534,1.01535,1.00,1.69
2014.07.22 15:58:26.212,1.01534,1.01536,1.00,3.19
2014.07.22 15:58:28.333,1.01534,1.01535,1.00,1.50
2014.07.22 15:58:30.699,1.01533,1.01535,1.50,1.50
2014.07.22 15:58:32.968,1.01534,1.01535,1.00,1.69
2014.07.22 15:58:42.080,1.01533,1.01535,1.50,2.44
2014.07.22 15:58:56.821,1.01534,1.01535,1.00,1.00
2014.07.22 15:59:03.241,1.01533,1.01535,1.50,1.50
2014.07.22 15:59:06.166,1.01534,1.01535,1.00,1.00
2014.07.22 15:59:11.980,1.01533,1.01535,1.50,1.50
2014.07.22 15:59:12.990,1.01532,1.01534,2.44,1.00
2014.07.22 15:59:16.509,1.01531,1.01533,1.50,1.00
2014.07.22 15:59:37.810,1.0153,1.01532,1.50,2.44
2014.07.22 15:59:37.911,1.01529,1.01531,1.50,1.69
2014.07.22 15:59:49.314,1.0153,1.01531,1.00,1.25
2014.07.22 15:59:49.825,1.0153,1.01532,1.00,1.50
2014.07.22 15:59:52.729,1.01531,1.01532,1.00,1.00
2014.07.22 15:59:52.831,1.01532,1.01538,6.97,3.00
2014.07.22 15:59:52.985,1.01538,1.0154,1.00,2.44
2014.07.22 15:59:53.238,1.01539,1.01541,1.00,3.00
2014.07.22 15:59:53.746,1.01541,1.01543,1.00,1.69
2014.07.22 15:59:54.100,1.01541,1.01543,1.00,1.69
