2017.01.19 06:00:00.077,1.14571,1.14573,2.62,3.00
2017.01.19 06:00:00.129,1.14572,1.14573,1.00,1.12
2017.01.19 06:00:00.180,1.14572,1.14574,1.87,1.12
2017.01.19 06:00:00.560,1.14574,1.14575,1.00,1.00
2017.01.19 06:00:00.714,1.14574,1.14578,1.50,2.06
2017.01.19 06:00:01.171,1.14576,1.14578,1.00,2.06
2017.01.19 06:00:01.475,1.14579,1.14581,1.00,4.69
2017.01.19 06:00:01.577,1.14577,1.14579,1.20,1.00
2017.01.19 06:00:02.065,1.14579,1.1458,1.00,1.09
2017.01.19 06:00:02.274,1.14581,1.14584,1.50,2.62
2017.01.19 06:00:02.376,1.14583,1.14584,1.00,1.25
2017.01.19 06:00:02.681,1.14583,1.14585,1.87,1.19
2017.01.19 06:00:04.151,1.14585,1.14587,1.00,1.12
2017.01.19 06:00:04.454,1.14583,1.14589,1.22,3.56
2017.01.19 06:00:05.163,1.14582,1.14587,1.12,1.69
2017.01.19 06:00:05.669,1.1458,1.14587,3.70,3.56
2017.01.19 06:00:05.771,1.14582,1.14587,1.19,2.62
2017.01.19 06:00:05.940,1.1458,1.14586,3.88,1.50
2017.01.19 06:00:07.577,1.14581,1.14586,1.87,1.69
2017.01.19 06:00:08.720,1.14581,1.14583,1.37,1.69
2017.01.19 06:00:08.872,1.14578,1.14581,1.00,1.40
2017.01.19 06:00:09.075,1.14575,1.14581,3.85,1.46
2017.01.19 06:00:09.638,1.14575,1.14578,2.72,1.19
2017.01.19 06:00:10.497,1.14575,1.14578,1.50,1.19
2017.01.19 06:00:11.009,1.14576,1.14578,1.00,1.19
2017.01.19 06:00:12.235,1.14575,1.14578,1.00,1.19
2017.01.19 06:00:12.438,1.14573,1.14578,2.25,1.69
2017.01.19 06:00:12.692,1.14571,1.14576,3.45,1.31
2017.01.19 06:00:12.794,1.14569,1.14573,1.87,1.25
2017.01.19 06:00:20.471,1.14568,1.14573,1.50,1.25
2017.01.19 06:00:23.301,1.14567,1.14573,2.25,2.44
2017.01.19 06:00:24.739,1.14567,1.14571,1.50,1.25
2017.01.19 06:00:24.790,1.14567,1.1457,1.50,1.19
2017.01.19 06:00:24.841,1.14566,1.1457,1.00,1.69
2017.01.19 06:00:24.993,1.14564,1.14568,1.20,2.81
2017.01.19 06:00:25.096,1.14563,1.14565,1.00,1.19
2017.01.19 06:00:25.249,1.1456,1.14565,2.25,2.06
2017.01.19 06:00:25.300,1.1456,1.14562,1.87,1.00
2017.01.19 06:00:25.634,1.14557,1.14559,1.00,1.31
2017.01.19 06:00:25.786,1.14554,1.14559,2.62,1.69
2017.01.19 06:00:25.907,1.14553,1.14557,1.97,1.31
2017.01.19 06:00:26.213,1.14555,1.14558,1.00,1.25
2017.01.19 06:00:26.741,1.14554,1.14559,1.50,1.69
2017.01.19 06:00:28.061,1.14557,1.14559,1.50,1.00
2017.01.19 06:00:28.376,1.14558,1.14561,1.95,1.19
2017.01.19 06:00:28.882,1.14557,1.14561,1.50,1.19
2017.01.19 06:00:29.368,1.14556,1.14561,1.97,2.06
2017.01.19 06:00:29.871,1.14555,1.14559,2.25,1.69
2017.01.19 06:00:30.075,1.14553,1.14557,1.12,1.25
2017.01.19 06:00:30.582,1.14554,1.14557,1.50,1.25
2017.01.19 06:00:31.275,1.14555,1.14559,1.50,2.06
2017.01.19 06:00:31.829,1.14555,1.14559,1.50,2.06
2017.01.19 06:00:34.077,1.14555,1.1456,3.37,2.06
2017.01.19 06:00:34.586,1.14555,1.14559,1.50,1.25
2017.01.19 06:00:35.501,1.14554,1.14559,1.50,1.31
2017.01.19 06:00:35.815,1.14556,1.14559,1.05,1.25
2017.01.19 06:00:36.119,1.14558,1.14561,1.20,2.06
2017.01.19 06:00:36.272,1.14559,1.14563,1.00,3.37
2017.01.19 06:00:36.643,1.14562,1.14564,1.00,1.87
2017.01.19 06:00:37.149,1.1456,1.14566,3.75,3.56
2017.01.19 06:00:37.712,1.14563,1.14566,1.50,1.87
2017.01.19 06:00:38.062,1.14564,1.14569,7.57,1.69
2017.01.19 06:00:38.187,1.14565,1.1457,1.12,1.31
2017.01.19 06:00:42.957,1.14566,1.1457,1.12,1.31
2017.01.19 06:00:43.169,1.14567,1.14572,1.50,3.19
2017.01.19 06:00:45.629,1.14565,1.1457,2.25,1.31
2017.01.19 06:00:45.781,1.14565,1.14569,1.12,1.50
2017.01.19 06:00:46.134,1.14567,1.14571,1.00,2.81
2017.01.19 06:00:46.640,1.14567,1.14572,1.50,3.19
2017.01.19 06:00:47.494,1.14565,1.1457,6.37,2.06
2017.01.19 06:00:47.596,1.14564,1.1457,4.20,4.69
2017.01.19 06:00:48.141,1.14565,1.1457,1.00,3.19
2017.01.19 06:00:48.830,1.14564,1.1457,3.45,3.94
2017.01.19 06:00:51.139,1.14564,1.14568,4.20,1.00
2017.01.19 06:00:52.168,1.14564,1.14566,1.00,1.12
2017.01.19 06:00:52.322,1.14561,1.14565,1.37,3.19
2017.01.19 06:00:52.872,1.1456,1.14565,2.25,3.94
2017.01.19 06:00:55.356,1.14559,1.14562,1.75,1.00
2017.01.19 06:00:55.407,1.14559,1.14564,1.75,1.87
2017.01.19 06:00:55.458,1.14558,1.14562,5.55,1.00
2017.01.19 06:00:55.610,1.14558,1.1456,1.10,1.50
2017.01.19 06:00:55.813,1.14556,1.14562,2.62,4.31
2017.01.19 06:00:56.506,1.14557,1.14559,1.10,1.19
2017.01.19 06:00:56.605,1.14554,1.14557,4.87,1.00
2017.01.19 06:00:56.707,1.14552,1.14558,3.37,1.31
2017.01.19 06:00:59.819,1.14554,1.14559,3.00,1.69
2017.01.19 06:00:59.870,1.14557,1.1456,1.00,7.31
2017.01.19 06:01:00.096,1.14561,1.14565,1.12,2.06
2017.01.19 06:01:00.620,1.14561,1.14566,1.87,1.31
2017.01.19 06:01:00.873,1.1456,1.14565,2.62,1.31
2017.01.19 06:01:01.420,1.14561,1.14565,1.00,1.69
2017.01.19 06:01:01.927,1.14561,1.14566,1.00,3.56
2017.01.19 06:01:03.039,1.1456,1.14566,4.87,3.56
2017.01.19 06:01:03.572,1.14561,1.14565,1.00,1.31
2017.01.19 06:01:04.406,1.14562,1.14567,1.00,3.66
2017.01.19 06:01:05.684,1.14562,1.14567,1.50,2.16
2017.01.19 06:01:05.826,1.14563,1.14568,3.75,2.06
2017.01.19 06:01:07.624,1.14563,1.14567,1.00,1.69
2017.01.19 06:01:07.909,1.14561,1.14566,2.86,1.00
2017.01.19 06:01:11.651,1.14562,1.14566,1.50,1.00
2017.01.19 06:01:11.702,1.14562,1.14567,1.75,3.19
2017.01.19 06:01:11.854,1.14561,1.14567,4.41,2.06
2017.01.19 06:01:12.360,1.1456,1.14566,5.53,1.00
2017.01.19 06:01:12.881,1.1456,1.14566,5.01,2.44
2017.01.19 06:01:13.416,1.14561,1.14566,1.00,2.44
2017.01.19 06:01:16.842,1.1456,1.14565,1.31,1.12
2017.01.19 06:01:17.045,1.14562,1.14566,1.00,1.69
2017.01.19 06:01:17.548,1.14562,1.14567,1.00,3.56
2017.01.19 06:01:18.471,1.14563,1.14567,1.00,2.06
2017.01.19 06:01:19.489,1.14562,1.14567,1.00,1.69
2017.01.19 06:01:20.074,1.14561,1.14567,4.60,1.69
2017.01.19 06:01:20.423,1.14566,1.14568,1.00,1.87
2017.01.19 06:01:20.628,1.14568,1.14571,1.78,1.00
2017.01.19 06:01:21.297,1.14571,1.14572,1.00,2.06
2017.01.19 06:01:21.415,1.14571,1.14574,3.85,1.25
2017.01.19 06:01:21.466,1.14573,1.14576,1.00,1.00
2017.01.19 06:01:21.720,1.14574,1.14578,1.03,1.12
2017.01.19 06:01:22.227,1.14574,1.14579,1.35,2.62
2017.01.19 06:01:22.729,1.14574,1.14579,1.03,3.00
2017.01.19 06:01:24.937,1.14574,1.14579,3.85,5.81
2017.01.19 06:01:25.039,1.1458,1.14583,1.45,1.94
2017.01.19 06:01:25.140,1.14579,1.14584,5.57,1.37
2017.01.19 06:01:29.288,1.14579,1.14583,4.07,1.12
2017.01.19 06:01:30.602,1.14579,1.14583,1.12,2.06
2017.01.19 06:01:32.309,1.14579,1.14583,1.00,2.06
2017.01.19 06:01:33.516,1.14578,1.14583,6.37,2.06
2017.01.19 06:01:35.937,1.14572,1.14576,8.25,6.56
2017.01.19 06:01:35.988,1.14569,1.14572,1.00,2.06
2017.01.19 06:01:36.039,1.14567,1.14572,2.25,2.44
2017.01.19 06:01:36.588,1.14566,1.14571,2.25,1.69
2017.01.19 06:01:37.517,1.14566,1.1457,1.50,1.69
2017.01.19 06:01:37.821,1.14563,1.14564,1.00,1.00
2017.01.19 06:01:37.974,1.14561,1.14566,1.00,7.69
2017.01.19 06:01:38.809,1.14562,1.14566,1.00,1.31
2017.01.19 06:01:38.911,1.1457,1.14575,6.97,1.00
2017.01.19 06:01:39.063,1.14576,1.14578,1.12,6.75
2017.01.19 06:01:39.165,1.14577,1.1458,1.87,1.00
2017.01.19 06:01:39.267,1.14577,1.14582,1.12,2.81
2017.01.19 06:01:39.368,1.14576,1.1458,1.12,1.19
2017.01.19 06:01:39.880,1.14575,1.1458,1.50,1.19
2017.01.19 06:01:41.151,1.14576,1.1458,2.32,1.19
2017.01.19 06:01:41.202,1.14577,1.14581,1.95,1.31
2017.01.19 06:01:42.335,1.14578,1.14582,1.12,1.31
2017.01.19 06:01:42.488,1.14581,1.14583,1.00,2.06
2017.01.19 06:01:42.641,1.14581,1.14586,3.00,3.19
2017.01.19 06:01:43.178,1.14581,1.14586,2.62,1.69
2017.01.19 06:01:46.181,1.1458,1.14584,1.87,1.69
2017.01.19 06:01:46.384,1.14577,1.14581,1.10,1.69
2017.01.19 06:01:48.456,1.14575,1.1458,1.87,1.69
2017.01.19 06:01:48.558,1.14575,1.14578,1.50,1.00
2017.01.19 06:01:48.862,1.14572,1.14577,1.87,1.50
2017.01.19 06:01:49.664,1.14572,1.14577,1.50,1.50
2017.01.19 06:01:49.816,1.14572,1.14576,1.12,1.19
2017.01.19 06:01:50.121,1.14569,1.14573,1.12,3.19
2017.01.19 06:01:50.645,1.14568,1.14573,1.12,1.31
2017.01.19 06:01:53.502,1.1457,1.14573,1.57,1.12
2017.01.19 06:01:53.805,1.14569,1.14574,1.50,1.69
2017.01.19 06:01:57.089,1.1457,1.14575,1.00,2.44
2017.01.19 06:02:00.704,1.14576,1.14577,1.12,4.50
2017.01.19 06:02:00.856,1.14574,1.14577,4.50,1.00
2017.01.19 06:02:01.295,1.14574,1.14579,2.62,2.06
2017.01.19 06:02:04.431,1.14574,1.14577,1.50,1.25
2017.01.19 06:02:04.634,1.14569,1.14574,6.37,1.25
2017.01.19 06:02:04.786,1.14573,1.14575,1.00,1.69
2017.01.19 06:02:04.888,1.14574,1.14577,1.00,1.69
2017.01.19 06:02:04.989,1.14575,1.14578,1.00,1.12
2017.01.19 06:02:05.495,1.14574,1.14579,5.25,1.25
2017.01.19 06:02:06.606,1.14575,1.14579,1.50,1.25
2017.01.19 06:02:07.112,1.14576,1.14579,2.25,1.25
2017.01.19 06:02:08.252,1.14575,1.14577,2.62,1.19
2017.01.19 06:02:08.378,1.14572,1.14577,4.12,1.69
2017.01.19 06:02:08.967,1.14573,1.14577,1.00,1.31
2017.01.19 06:02:10.627,1.14572,1.14577,3.37,1.31
2017.01.19 06:02:11.029,1.1457,1.14574,2.25,1.25
2017.01.19 06:02:11.597,1.1457,1.14574,1.50,1.25
2017.01.19 06:02:12.376,1.14569,1.14574,3.00,2.44
2017.01.19 06:02:12.679,1.14568,1.14572,2.62,1.25
2017.01.19 06:02:15.372,1.14569,1.14572,1.00,1.25
2017.01.19 06:02:16.063,1.14568,1.14572,3.75,1.25
2017.01.19 06:02:17.078,1.14569,1.14572,1.00,1.25
2017.01.19 06:02:17.849,1.1457,1.14572,1.00,1.25
2017.01.19 06:02:18.416,1.14569,1.14572,1.00,1.25
2017.01.19 06:02:18.653,1.1457,1.14574,1.00,1.69
2017.01.19 06:02:19.169,1.14569,1.14574,4.12,1.31
2017.01.19 06:02:21.492,1.14568,1.14572,1.87,1.25
2017.01.19 06:02:21.796,1.14565,1.1457,7.72,1.19
2017.01.19 06:02:22.210,1.14565,1.14567,3.37,1.25
2017.01.19 06:02:22.362,1.14563,1.14566,1.00,1.50
2017.01.19 06:02:22.566,1.14561,1.14565,3.37,1.69
2017.01.19 06:02:23.073,1.1456,1.14565,3.75,2.44
2017.01.19 06:02:23.224,1.1456,1.14563,1.87,1.00
2017.01.19 06:02:23.427,1.14558,1.14563,1.10,3.56
2017.01.19 06:02:23.934,1.14559,1.14563,1.00,1.31
2017.01.19 06:02:24.547,1.14558,1.14563,6.00,1.31
2017.01.19 06:02:24.770,1.14558,1.1456,1.00,1.19
2017.01.19 06:02:24.821,1.14556,1.1456,1.50,1.69
2017.01.19 06:02:25.482,1.14557,1.1456,1.87,1.19
2017.01.19 06:02:25.533,1.14559,1.14561,1.87,1.50
2017.01.19 06:02:25.894,1.14561,1.14563,1.12,1.25
2017.01.19 06:02:26.197,1.14561,1.14566,2.25,1.31
2017.01.19 06:02:28.320,1.14561,1.14564,2.25,1.00
2017.01.19 06:02:28.460,1.14559,1.14562,1.00,1.19
2017.01.19 06:02:28.967,1.14557,1.14562,2.70,1.69
2017.01.19 06:02:29.541,1.14559,1.14562,1.00,1.31
2017.01.19 06:02:29.745,1.1456,1.14563,2.62,1.31
2017.01.19 06:02:30.251,1.14559,1.14562,1.00,1.25
2017.01.19 06:02:30.758,1.14557,1.14562,3.45,1.69
2017.01.19 06:02:31.312,1.14559,1.14562,1.00,1.69
2017.01.19 06:02:31.772,1.14561,1.14564,1.50,1.69
2017.01.19 06:02:33.504,1.1456,1.14564,1.87,1.19
2017.01.19 06:02:40.062,1.14561,1.14564,1.50,1.19
2017.01.19 06:02:40.568,1.14562,1.14564,1.12,1.19
2017.01.19 06:02:40.875,1.14566,1.14567,1.00,1.25
2017.01.19 06:02:41.273,1.14567,1.14568,3.75,1.00
2017.01.19 06:02:41.325,1.14568,1.14571,1.12,1.69
2017.01.19 06:02:46.984,1.1457,1.14573,1.00,2.06
2017.01.19 06:02:47.143,1.14571,1.14574,1.12,2.44
2017.01.19 06:02:52.143,1.1457,1.14572,1.57,2.25
2017.01.19 06:02:52.295,1.14567,1.14569,1.00,2.06
2017.01.19 06:02:52.398,1.14564,1.14568,1.57,1.12
2017.01.19 06:02:55.541,1.14564,1.14567,1.20,1.25
2017.01.19 06:02:55.592,1.14563,1.14564,2.25,3.00
2017.01.19 06:02:55.796,1.14557,1.14559,1.00,6.56
2017.01.19 06:02:55.897,1.14554,1.14556,1.50,1.19
2017.01.19 06:02:55.999,1.14552,1.14556,1.50,2.06
2017.01.19 06:02:56.506,1.14553,1.14556,1.50,1.00
2017.01.19 06:02:58.290,1.14551,1.14555,5.25,1.25
2017.01.19 06:02:58.341,1.14551,1.14554,1.57,1.00
2017.01.19 06:02:59.241,1.1455,1.14553,1.00,1.00
2017.01.19 06:03:00.571,1.14549,1.14553,3.22,1.00
2017.01.19 06:03:02.351,1.14548,1.14553,2.62,7.69
2017.01.19 06:03:02.453,1.14548,1.14549,1.00,1.25
2017.01.19 06:03:02.757,1.1454,1.14544,1.75,4.69
2017.01.19 06:03:03.264,1.1454,1.14544,1.87,1.19
2017.01.19 06:03:03.836,1.1454,1.14544,1.12,1.31
2017.01.19 06:03:04.141,1.14538,1.14542,7.50,6.00
2017.01.19 06:03:04.750,1.14539,1.14542,1.00,6.00
2017.01.19 06:03:05.442,1.14538,1.14542,8.63,6.00
2017.01.19 06:03:10.150,1.14544,1.14545,1.00,3.00
2017.01.19 06:03:10.353,1.14546,1.14548,1.00,1.69
2017.01.19 06:03:10.404,1.14545,1.14548,3.37,1.69
2017.01.19 06:03:10.926,1.14545,1.14547,1.12,6.00
2017.01.19 06:03:16.594,1.14545,1.14548,3.37,1.25
2017.01.19 06:03:17.120,1.14547,1.14549,1.00,1.25
2017.01.19 06:03:17.631,1.14546,1.1455,1.50,3.19
2017.01.19 06:03:18.183,1.14544,1.14546,5.25,3.97
2017.01.19 06:03:18.487,1.14531,1.14533,3.30,1.19
2017.01.19 06:03:18.538,1.14531,1.14533,2.92,2.06
2017.01.19 06:03:18.640,1.14529,1.14532,1.12,3.19
2017.01.19 06:03:18.889,1.14529,1.14531,1.50,2.25
2017.01.19 06:03:18.940,1.14527,1.14529,1.87,3.19
2017.01.19 06:03:19.042,1.14525,1.14528,5.62,2.25
2017.01.19 06:03:19.497,1.14528,1.14529,1.72,1.00
2017.01.19 06:03:19.700,1.1453,1.14534,3.37,1.69
2017.01.19 06:03:20.836,1.14529,1.14532,3.75,1.19
2017.01.19 06:03:20.938,1.14527,1.1453,1.50,1.25
2017.01.19 06:03:21.242,1.14524,1.14527,1.87,2.44
2017.01.19 06:03:21.748,1.14523,1.14526,1.00,1.50
2017.01.19 06:03:22.371,1.14521,1.14526,2.25,5.25
2017.01.19 06:03:22.684,1.14526,1.14527,1.00,2.44
2017.01.19 06:03:22.735,1.14526,1.14528,1.00,1.19
2017.01.19 06:03:23.544,1.14525,1.14528,1.87,1.19
2017.01.19 06:03:23.952,1.14526,1.14529,1.00,1.00
2017.01.19 06:03:24.457,1.14526,1.1453,2.25,1.25
2017.01.19 06:03:24.609,1.14527,1.14531,3.37,1.25
2017.01.19 06:03:25.134,1.14528,1.14532,2.62,1.25
2017.01.19 06:03:25.977,1.14529,1.1453,1.00,7.54
2017.01.19 06:03:26.028,1.14527,1.14528,1.50,3.79
2017.01.19 06:03:26.079,1.14523,1.14525,4.50,1.25
2017.01.19 06:03:26.130,1.14522,1.14525,2.25,1.25
2017.01.19 06:03:26.484,1.14525,1.14527,1.00,1.37
2017.01.19 06:03:26.637,1.14528,1.14532,1.00,4.50
2017.01.19 06:03:26.849,1.14529,1.14533,1.00,1.25
2017.01.19 06:03:27.355,1.14527,1.14533,4.12,1.25
2017.01.19 06:03:27.659,1.14527,1.14531,3.37,1.25
2017.01.19 06:03:28.194,1.14527,1.14531,2.62,1.25
2017.01.19 06:03:28.498,1.14529,1.14533,1.87,1.25
2017.01.19 06:03:29.395,1.14529,1.14533,4.42,1.25
2017.01.19 06:03:29.700,1.14538,1.14542,6.00,3.56
2017.01.19 06:03:29.751,1.14538,1.14541,4.50,2.06
2017.01.19 06:03:30.055,1.14539,1.14544,5.62,3.19
2017.01.19 06:03:30.529,1.14541,1.14544,1.42,3.19
2017.01.19 06:03:30.734,1.14543,1.14547,2.25,1.19
2017.01.19 06:03:31.241,1.14544,1.14548,1.50,2.44
2017.01.19 06:03:32.530,1.14543,1.14548,2.62,2.44
2017.01.19 06:03:33.289,1.14546,1.14548,1.50,1.69
2017.01.19 06:03:33.745,1.14543,1.14544,3.37,1.35
2017.01.19 06:03:33.797,1.14541,1.14542,4.50,1.00
2017.01.19 06:03:33.849,1.14541,1.14542,1.87,1.00
2017.01.19 06:03:33.951,1.14542,1.14544,1.12,1.50
2017.01.19 06:03:34.154,1.14545,1.14547,1.50,1.37
2017.01.19 06:03:34.660,1.14543,1.14544,1.50,1.12
2017.01.19 06:03:34.712,1.1454,1.14542,1.00,3.75
2017.01.19 06:03:34.885,1.14537,1.14542,2.62,2.62
2017.01.19 06:03:34.936,1.14538,1.14543,3.00,4.31
2017.01.19 06:03:35.037,1.1454,1.14544,1.00,1.50
2017.01.19 06:03:35.594,1.1454,1.14545,1.00,1.25
2017.01.19 06:03:35.695,1.14542,1.14545,1.00,1.25
2017.01.19 06:03:36.107,1.14543,1.14545,1.00,1.25
2017.01.19 06:03:38.051,1.14541,1.14545,1.00,1.25
2017.01.19 06:03:38.396,1.14537,1.14539,12.94,1.72
2017.01.19 06:03:38.447,1.14534,1.14535,2.25,1.31
2017.01.19 06:03:38.552,1.14534,1.14537,7.74,5.62
2017.01.19 06:03:38.654,1.14531,1.14535,4.01,1.00
2017.01.19 06:03:38.917,1.14533,1.14537,2.25,1.00
2017.01.19 06:03:40.365,1.14533,1.14538,3.00,1.31
2017.01.19 06:03:42.157,1.14533,1.14538,3.75,1.31
2017.01.19 06:03:42.564,1.14533,1.14534,3.00,1.00
2017.01.19 06:03:42.769,1.14528,1.1453,1.00,1.19
2017.01.19 06:03:42.871,1.14525,1.14531,1.87,1.69
2017.01.19 06:03:43.553,1.14524,1.14531,1.12,1.19
2017.01.19 06:03:43.922,1.14526,1.1453,1.25,1.00
2017.01.19 06:03:44.227,1.14527,1.1453,1.37,1.00
2017.01.19 06:03:44.329,1.14526,1.14533,3.04,2.44
2017.01.19 06:03:44.837,1.14528,1.14533,1.62,1.00
2017.01.19 06:03:45.789,1.14528,1.14534,1.62,1.25
2017.01.19 06:03:46.249,1.14528,1.14531,2.06,1.00
2017.01.19 06:03:46.351,1.14527,1.14528,2.62,1.00
2017.01.19 06:03:46.604,1.14524,1.14526,1.00,1.12
2017.01.19 06:03:46.655,1.14521,1.14526,1.37,1.12
2017.01.19 06:03:49.632,1.14522,1.14528,1.37,4.50
2017.01.19 06:03:50.174,1.14524,1.14527,1.00,1.50
2017.01.19 06:03:50.620,1.14526,1.14527,1.00,1.00
2017.01.19 06:03:50.722,1.14528,1.14532,1.50,9.94
2017.01.19 06:03:50.773,1.14529,1.14532,3.37,4.12
2017.01.19 06:03:50.875,1.14532,1.14534,1.00,1.87
2017.01.19 06:03:51.421,1.14532,1.14536,1.00,2.00
2017.01.19 06:03:54.183,1.14531,1.14535,2.62,2.81
2017.01.19 06:03:54.284,1.14529,1.14533,1.50,1.31
2017.01.19 06:03:54.335,1.14529,1.14531,1.00,1.00
2017.01.19 06:03:54.437,1.14527,1.14531,1.12,1.25
2017.01.19 06:03:54.539,1.14525,1.14528,2.62,1.00
2017.01.19 06:03:55.045,1.14524,1.14528,1.50,1.25
2017.01.19 06:03:56.751,1.14523,1.14529,3.37,3.94
2017.01.19 06:03:57.257,1.14523,1.14527,1.12,1.50
2017.01.19 06:03:57.799,1.14522,1.14528,1.69,2.81
2017.01.19 06:03:59.014,1.14521,1.14527,5.44,2.44
2017.01.19 06:03:59.318,1.14521,1.14526,3.94,1.50
2017.01.19 06:03:59.521,1.14523,1.14527,1.00,1.69
2017.01.19 06:04:00.026,1.14522,1.14528,2.25,4.31
2017.01.19 06:04:00.562,1.14522,1.14528,2.25,3.56
2017.01.19 06:04:01.280,1.14523,1.14527,2.25,1.50
2017.01.19 06:04:02.881,1.14525,1.14528,1.10,2.06
2017.01.19 06:04:03.387,1.14525,1.14529,2.06,2.25
2017.01.19 06:04:06.474,1.14525,1.14531,3.10,2.44
2017.01.19 06:04:06.676,1.14527,1.14532,1.97,2.06
2017.01.19 06:04:07.184,1.14527,1.14533,1.31,4.31
2017.01.19 06:04:08.333,1.1453,1.14533,2.10,3.00
2017.01.19 06:04:08.485,1.14534,1.14537,1.50,5.06
2017.01.19 06:04:08.960,1.14534,1.14539,1.31,1.25
2017.01.19 06:04:09.462,1.14536,1.1454,1.00,2.06
2017.01.19 06:04:11.485,1.14536,1.14542,2.44,3.56
2017.01.19 06:04:14.036,1.14536,1.1454,2.25,1.25
2017.01.19 06:04:14.197,1.14533,1.14538,5.44,1.87
2017.01.19 06:04:14.703,1.14535,1.1454,1.12,2.06
2017.01.19 06:04:15.209,1.14536,1.14541,1.87,2.81
2017.01.19 06:04:15.731,1.14536,1.14541,2.06,1.50
2017.01.19 06:04:16.264,1.14536,1.14542,2.06,2.44
2017.01.19 06:04:16.774,1.14536,1.14542,2.44,2.16
2017.01.19 06:04:16.825,1.14539,1.14542,1.50,1.22
2017.01.19 06:04:17.131,1.14541,1.14546,1.50,1.31
2017.01.19 06:04:17.183,1.14542,1.14547,1.31,3.19
2017.01.19 06:04:17.284,1.14543,1.14547,1.50,1.00
2017.01.19 06:04:18.396,1.14543,1.14549,3.37,2.44
2017.01.19 06:04:22.452,1.14544,1.14549,1.12,1.69
2017.01.19 06:04:22.756,1.14545,1.1455,3.56,1.50
2017.01.19 06:04:24.442,1.14545,1.14549,2.51,1.00
2017.01.19 06:04:24.948,1.14545,1.14551,2.51,3.47
2017.01.19 06:04:25.452,1.14545,1.1455,1.76,1.22
2017.01.19 06:04:25.873,1.14544,1.14548,1.12,1.00
2017.01.19 06:04:26.379,1.14543,1.14548,2.06,1.87
2017.01.19 06:04:27.168,1.14545,1.14548,1.31,1.22
2017.01.19 06:04:27.320,1.14545,1.1455,3.26,1.22
2017.01.19 06:04:27.867,1.14545,1.14551,3.94,4.41
2017.01.19 06:04:28.272,1.14548,1.14551,1.00,1.87
2017.01.19 06:04:28.424,1.14548,1.14553,2.44,1.12
2017.01.19 06:04:28.931,1.14549,1.14555,3.00,2.81
2017.01.19 06:04:29.913,1.1455,1.14555,2.25,1.31
2017.01.19 06:04:29.964,1.14551,1.14556,1.25,2.25
2017.01.19 06:04:30.470,1.14552,1.14557,1.00,1.31
2017.01.19 06:04:31.478,1.1455,1.14554,3.37,1.00
2017.01.19 06:04:31.713,1.14548,1.14553,1.50,2.06
2017.01.19 06:04:31.917,1.1455,1.14555,1.00,2.44
2017.01.19 06:04:32.373,1.14552,1.14556,1.50,3.75
2017.01.19 06:04:32.880,1.14553,1.14558,1.87,1.62
2017.01.19 06:04:33.412,1.14553,1.14559,2.62,3.94
2017.01.19 06:04:33.918,1.14554,1.14559,1.31,2.25
2017.01.19 06:04:34.222,1.14555,1.14559,1.37,1.12
2017.01.19 06:04:34.772,1.14555,1.14558,2.02,1.00
2017.01.19 06:04:36.576,1.14555,1.14559,2.02,1.12
2017.01.19 06:04:38.423,1.14557,1.1456,1.00,1.00
2017.01.19 06:04:38.729,1.1456,1.14564,1.50,1.50
2017.01.19 06:04:39.235,1.14558,1.14564,4.46,1.25
2017.01.19 06:04:40.968,1.14559,1.14565,3.00,3.94
2017.01.19 06:04:45.116,1.14558,1.14562,1.65,1.31
2017.01.19 06:04:45.622,1.14559,1.14564,1.50,2.81
2017.01.19 06:04:47.857,1.14558,1.14564,3.07,2.44
2017.01.19 06:04:48.408,1.14559,1.14563,1.12,1.25
2017.01.19 06:04:49.551,1.14562,1.14565,1.00,1.87
2017.01.19 06:04:49.705,1.14564,1.14568,2.25,3.45
2017.01.19 06:04:49.857,1.14565,1.14569,1.00,1.25
2017.01.19 06:04:50.363,1.14564,1.14569,4.87,1.25
2017.01.19 06:04:51.716,1.14565,1.1457,1.50,3.56
2017.01.19 06:04:52.538,1.14565,1.1457,1.31,2.25
2017.01.19 06:04:53.042,1.14565,1.1457,1.46,1.00
2017.01.19 06:04:53.795,1.14565,1.14571,1.84,3.19
2017.01.19 06:04:55.987,1.14565,1.1457,2.62,2.44
2017.01.19 06:04:57.975,1.14564,1.14569,2.62,1.31
2017.01.19 06:04:58.509,1.14565,1.1457,1.00,3.19
2017.01.19 06:04:59.491,1.14565,1.14568,1.00,1.00
2017.01.19 06:05:00.033,1.14564,1.14568,3.37,1.00
2017.01.19 06:05:00.553,1.14565,1.14569,1.00,1.31
2017.01.19 06:05:01.059,1.14564,1.14569,2.25,2.06
2017.01.19 06:05:01.969,1.14564,1.14566,1.87,2.62
2017.01.19 06:05:02.070,1.1456,1.14566,3.79,2.62
2017.01.19 06:05:02.577,1.14562,1.14567,1.20,1.31
2017.01.19 06:05:03.342,1.14563,1.14568,1.00,4.31
2017.01.19 06:05:03.700,1.14564,1.14569,5.96,1.87
2017.01.19 06:05:04.814,1.14564,1.14568,1.54,1.00
2017.01.19 06:05:06.209,1.14563,1.14567,1.34,1.00
2017.01.19 06:05:06.261,1.14561,1.14567,4.69,3.56
2017.01.19 06:05:06.869,1.14562,1.14567,1.27,1.69
2017.01.19 06:05:07.473,1.14562,1.14567,1.50,3.94
2017.01.19 06:05:07.524,1.14561,1.14567,2.81,5.06
2017.01.19 06:05:07.777,1.14562,1.14568,7.72,2.81
2017.01.19 06:05:08.283,1.14563,1.14568,2.02,2.44
2017.01.19 06:05:15.036,1.14564,1.14569,1.09,2.25
2017.01.19 06:05:15.630,1.14564,1.14569,2.96,1.87
2017.01.19 06:05:21.338,1.14566,1.1457,1.50,1.46
2017.01.19 06:05:21.439,1.14566,1.14572,2.35,6.90
2017.01.19 06:05:21.943,1.14566,1.14569,1.12,1.50
2017.01.19 06:05:22.348,1.14566,1.14571,2.77,2.40
2017.01.19 06:05:22.969,1.14566,1.14568,1.12,1.50
2017.01.19 06:05:23.488,1.14564,1.14568,3.90,1.50
2017.01.19 06:05:24.142,1.14563,1.14565,2.40,1.69
2017.01.19 06:05:24.395,1.14554,1.14557,2.25,2.44
2017.01.19 06:05:24.699,1.14553,1.14558,4.45,1.50
2017.01.19 06:05:25.639,1.14554,1.1456,3.79,12.19
2017.01.19 06:05:27.930,1.14554,1.1456,4.63,9.19
2017.01.19 06:05:46.740,1.14555,1.1456,2.70,5.44
2017.01.19 06:05:47.044,1.14555,1.1456,2.62,5.44
2017.01.19 06:05:47.591,1.14555,1.1456,2.81,5.59
2017.01.19 06:05:51.779,1.14556,1.1456,1.57,1.46
2017.01.19 06:05:52.083,1.14559,1.14564,1.50,6.71
2017.01.19 06:05:52.134,1.14559,1.14564,5.10,2.06
2017.01.19 06:05:52.299,1.14563,1.14566,1.87,1.37
2017.01.19 06:05:52.400,1.14563,1.14568,2.85,4.31
2017.01.19 06:05:52.931,1.14563,1.14569,4.72,3.56
2017.01.19 06:05:58.692,1.14565,1.1457,1.72,4.84
2017.01.19 06:05:59.446,1.14566,1.1457,1.72,2.96
2017.01.19 06:05:59.910,1.14568,1.14572,1.25,4.87
2017.01.19 06:06:00.164,1.14571,1.14576,1.47,2.44
2017.01.19 06:06:00.675,1.14571,1.14576,2.10,1.69
2017.01.19 06:06:01.891,1.14571,1.14577,3.37,2.44
2017.01.19 06:06:03.070,1.14573,1.14577,1.00,1.50
2017.01.19 06:06:03.526,1.14576,1.1458,1.50,3.56
2017.01.19 06:06:03.831,1.14583,1.14586,1.00,3.94
2017.01.19 06:06:03.882,1.14583,1.14587,1.00,2.81
2017.01.19 06:06:05.193,1.14582,1.14585,1.50,1.00
2017.01.19 06:06:05.706,1.14582,1.14586,1.50,1.31
2017.01.19 06:06:07.013,1.14583,1.14587,1.50,1.69
2017.01.19 06:06:07.115,1.14586,1.14587,1.35,1.00
2017.01.19 06:06:07.349,1.14591,1.14594,1.00,1.37
2017.01.19 06:06:07.400,1.14592,1.14596,1.50,1.31
2017.01.19 06:06:07.603,1.14594,1.14598,1.00,1.75
2017.01.19 06:06:07.755,1.14594,1.14599,1.00,3.19
2017.01.19 06:06:08.261,1.14593,1.14598,2.44,1.50
2017.01.19 06:06:08.936,1.14593,1.14597,1.31,1.00
2017.01.19 06:06:09.088,1.14591,1.14597,2.62,2.06
2017.01.19 06:06:09.139,1.14591,1.14593,1.12,1.00
2017.01.19 06:06:09.291,1.14589,1.14592,1.00,1.50
2017.01.19 06:06:09.342,1.14587,1.14592,3.19,1.50
2017.01.19 06:06:09.646,1.14588,1.14592,2.62,1.50
2017.01.19 06:06:09.748,1.14588,1.14594,1.87,3.19
2017.01.19 06:06:10.832,1.14588,1.14594,1.72,3.19
2017.01.19 06:06:11.136,1.14586,1.14591,1.00,1.69
2017.01.19 06:06:11.490,1.14588,1.14592,1.00,1.50
2017.01.19 06:06:11.642,1.14585,1.14591,6.19,1.12
2017.01.19 06:06:12.149,1.14586,1.14591,1.91,2.25
2017.01.19 06:06:18.072,1.14585,1.14591,3.26,2.25
2017.01.19 06:06:20.303,1.14586,1.14591,1.54,1.50
2017.01.19 06:06:22.111,1.14589,1.14591,1.00,1.00
2017.01.19 06:06:22.339,1.14591,1.14596,1.12,1.69
2017.01.19 06:06:22.872,1.14591,1.14596,1.30,1.62
2017.01.19 06:06:24.380,1.14591,1.14596,1.00,1.25
2017.01.19 06:06:25.659,1.14592,1.14596,1.69,1.00
2017.01.19 06:06:25.863,1.14593,1.14598,1.13,1.31
2017.01.19 06:06:26.015,1.14592,1.14596,1.41,1.00
2017.01.19 06:06:26.472,1.1459,1.14595,2.06,3.75
2017.01.19 06:06:26.624,1.14588,1.14593,4.97,2.81
2017.01.19 06:06:26.960,1.14586,1.14591,1.78,1.50
2017.01.19 06:06:28.125,1.14585,1.1459,2.91,1.00
2017.01.19 06:06:28.277,1.14585,1.1459,1.97,1.25
2017.01.19 06:06:29.041,1.14584,1.14589,4.31,1.00
2017.01.19 06:06:29.599,1.14584,1.14589,2.06,1.12
2017.01.19 06:06:33.106,1.14583,1.14588,4.86,1.00
2017.01.19 06:06:35.103,1.14584,1.14589,2.10,1.25
2017.01.19 06:06:35.356,1.14585,1.14591,3.61,2.06
2017.01.19 06:06:35.458,1.14586,1.14592,2.47,3.56
2017.01.19 06:06:35.762,1.14587,1.14592,1.88,2.44
2017.01.19 06:06:36.359,1.14587,1.14592,1.60,2.44
2017.01.19 06:06:36.664,1.14591,1.14596,1.13,2.06
2017.01.19 06:06:37.578,1.14591,1.14593,1.13,1.50
2017.01.19 06:06:37.681,1.14589,1.14593,1.00,2.25
2017.01.19 06:06:38.189,1.14589,1.14594,1.00,1.31
2017.01.19 06:06:39.019,1.1459,1.14595,1.00,4.31
2017.01.19 06:06:40.262,1.1459,1.14596,1.25,2.81
2017.01.19 06:06:43.068,1.1459,1.14594,1.00,1.69
2017.01.19 06:06:43.119,1.14589,1.14592,1.00,1.25
2017.01.19 06:06:43.221,1.14587,1.14592,1.12,3.94
2017.01.19 06:06:43.771,1.14585,1.14591,4.69,2.62
2017.01.19 06:06:44.957,1.14587,1.14591,1.12,3.00
2017.01.19 06:06:45.058,1.1459,1.14592,1.00,1.87
2017.01.19 06:06:45.211,1.14588,1.14594,3.19,2.06
2017.01.19 06:06:45.312,1.14591,1.14593,1.00,1.50
2017.01.19 06:06:45.465,1.1459,1.14595,2.06,1.87
2017.01.19 06:06:45.971,1.14592,1.14596,1.00,1.62
2017.01.19 06:06:46.072,1.14592,1.14598,2.06,4.31
2017.01.19 06:06:46.377,1.1459,1.14595,2.81,3.00
2017.01.19 06:06:46.917,1.14589,1.14594,1.31,1.50
2017.01.19 06:06:47.463,1.14591,1.14596,1.00,1.31
2017.01.19 06:06:48.139,1.14592,1.14597,1.00,3.56
2017.01.19 06:06:48.757,1.14591,1.14597,1.12,2.44
2017.01.19 06:06:49.154,1.14593,1.14597,3.22,1.69
2017.01.19 06:06:49.256,1.14594,1.14598,2.06,4.12
2017.01.19 06:06:49.358,1.14594,1.146,3.94,4.09
2017.01.19 06:06:49.460,1.14593,1.14597,3.00,1.50
2017.01.19 06:06:49.995,1.14593,1.14597,1.50,2.25
2017.01.19 06:06:51.910,1.14593,1.14598,2.44,1.00
2017.01.19 06:06:52.550,1.14593,1.14597,2.81,1.00
2017.01.19 06:06:53.227,1.14593,1.14599,2.81,4.69
2017.01.19 06:06:53.541,1.14595,1.14599,1.12,1.25
2017.01.19 06:06:54.135,1.14595,1.146,2.89,1.20
2017.01.19 06:06:54.449,1.14593,1.14597,2.81,1.00
2017.01.19 06:06:54.972,1.14592,1.14597,1.31,1.50
2017.01.19 06:06:55.521,1.14595,1.14598,1.00,1.00
2017.01.19 06:06:55.571,1.14595,1.146,1.50,1.09
2017.01.19 06:06:56.177,1.14594,1.146,4.91,2.21
2017.01.19 06:06:57.971,1.14594,1.14598,3.79,2.25
2017.01.19 06:06:58.072,1.14595,1.146,1.00,1.46
2017.01.19 06:06:59.228,1.14594,1.146,3.19,2.21
2017.01.19 06:06:59.329,1.14593,1.14598,8.25,2.66
2017.01.19 06:06:59.431,1.14591,1.14596,4.69,1.00
2017.01.19 06:06:59.972,1.14591,1.14595,1.31,1.00
2017.01.19 06:07:00.490,1.14592,1.14596,1.00,1.00
2017.01.19 06:07:00.998,1.14592,1.14597,1.22,1.25
2017.01.19 06:07:01.784,1.14592,1.14597,1.12,1.25
2017.01.19 06:07:02.315,1.14591,1.14596,2.06,1.12
2017.01.19 06:07:02.821,1.14591,1.14595,1.00,1.50
2017.01.19 06:07:03.327,1.1459,1.14595,1.50,1.50
2017.01.19 06:07:05.125,1.1459,1.14591,1.00,1.00
2017.01.19 06:07:05.430,1.14582,1.14584,1.00,4.87
2017.01.19 06:07:05.654,1.1458,1.14582,1.12,1.00
2017.01.19 06:07:05.706,1.14578,1.14582,2.25,1.00
2017.01.19 06:07:05.910,1.14577,1.1458,1.50,1.25
2017.01.19 06:07:06.062,1.14574,1.14578,1.12,3.19
2017.01.19 06:07:06.164,1.14573,1.14576,1.12,1.00
2017.01.19 06:07:06.316,1.14571,1.14575,1.87,6.00
2017.01.19 06:07:06.722,1.14571,1.14576,4.03,3.56
2017.01.19 06:07:07.362,1.14573,1.14577,3.00,1.69
2017.01.19 06:07:07.767,1.14574,1.14578,1.71,3.56
2017.01.19 06:07:07.868,1.14575,1.14578,2.61,1.25
2017.01.19 06:07:08.021,1.14577,1.1458,1.12,1.69
2017.01.19 06:07:08.072,1.14577,1.14583,2.62,7.31
2017.01.19 06:07:08.123,1.14578,1.14583,1.78,4.69
2017.01.19 06:07:08.427,1.14578,1.1458,1.00,1.25
2017.01.19 06:07:08.945,1.14577,1.14581,2.16,1.87
2017.01.19 06:07:09.253,1.14577,1.14581,3.37,1.50
2017.01.19 06:07:09.760,1.1458,1.14583,1.87,1.19
2017.01.19 06:07:10.328,1.1458,1.14585,1.87,1.69
2017.01.19 06:07:14.602,1.14579,1.14583,2.62,1.69
2017.01.19 06:07:14.974,1.14578,1.1458,1.00,1.00
2017.01.19 06:07:15.480,1.14576,1.14579,1.47,1.50
2017.01.19 06:07:17.738,1.14577,1.1458,2.25,1.00
2017.01.19 06:07:18.285,1.14577,1.14583,5.25,3.56
2017.01.19 06:07:18.826,1.14578,1.14583,1.69,1.12
2017.01.19 06:07:19.332,1.14579,1.14584,1.00,3.19
2017.01.19 06:07:21.247,1.14579,1.14583,1.50,1.00
2017.01.19 06:07:22.330,1.14579,1.14581,1.50,1.00
2017.01.19 06:07:22.432,1.1458,1.14585,1.00,3.19
2017.01.19 06:07:22.584,1.14579,1.14582,1.50,1.00
2017.01.19 06:07:23.090,1.14577,1.14582,3.00,1.25
2017.01.19 06:07:23.613,1.14577,1.14582,1.50,2.44
2017.01.19 06:07:23.816,1.14575,1.14579,1.12,1.69
2017.01.19 06:07:24.738,1.14576,1.1458,2.70,2.25
2017.01.19 06:07:24.940,1.14577,1.14583,1.87,5.06
2017.01.19 06:07:25.508,1.14577,1.14583,3.00,3.56
2017.01.19 06:07:28.203,1.14577,1.14581,3.00,1.00
2017.01.19 06:07:28.405,1.14576,1.14581,3.82,2.25
2017.01.19 06:07:28.507,1.14577,1.14582,1.12,3.94
2017.01.19 06:07:32.096,1.14577,1.1458,1.12,1.25
2017.01.19 06:07:32.238,1.14575,1.14579,1.00,1.50
2017.01.19 06:07:33.353,1.14574,1.14578,1.87,1.00
2017.01.19 06:07:35.675,1.14574,1.14578,1.12,2.44
2017.01.19 06:07:37.512,1.14574,1.14577,1.00,1.00
2017.01.19 06:07:40.885,1.14574,1.14578,3.00,1.50
2017.01.19 06:07:41.038,1.14574,1.14577,1.50,1.50
2017.01.19 06:07:41.544,1.14573,1.14577,1.50,1.50
2017.01.19 06:07:41.924,1.14574,1.14577,1.00,1.50
2017.01.19 06:07:42.127,1.14578,1.14579,1.50,1.31
2017.01.19 06:07:42.188,1.14577,1.14579,1.50,1.12
2017.01.19 06:07:42.292,1.1458,1.14582,1.50,1.50
2017.01.19 06:07:42.394,1.14582,1.14584,1.50,2.44
2017.01.19 06:07:42.900,1.14583,1.14584,1.00,1.50
2017.01.19 06:07:43.103,1.14582,1.14583,1.50,1.00
2017.01.19 06:07:43.205,1.14586,1.14588,1.50,2.06
2017.01.19 06:07:43.727,1.14584,1.14587,1.50,1.31
2017.01.19 06:07:44.522,1.14585,1.14586,1.50,1.87
2017.01.19 06:07:45.027,1.14585,1.14586,1.50,1.87
2017.01.19 06:07:45.331,1.14587,1.14589,1.00,11.06
2017.01.19 06:07:45.654,1.14592,1.14593,2.62,1.00
2017.01.19 06:07:45.757,1.14597,1.14598,1.50,1.12
2017.01.19 06:07:45.910,1.14598,1.14601,1.50,2.06
2017.01.19 06:07:46.416,1.14598,1.14599,1.50,1.00
2017.01.19 06:07:47.045,1.146,1.14601,1.00,2.44
2017.01.19 06:07:47.121,1.14601,1.14602,1.50,3.19
2017.01.19 06:07:47.858,1.14599,1.14601,1.00,2.81
2017.01.19 06:07:47.909,1.14598,1.146,1.00,1.00
2017.01.19 06:07:48.112,1.14596,1.14599,1.00,1.00
2017.01.19 06:07:48.365,1.14601,1.14602,1.50,2.25
2017.01.19 06:07:48.467,1.14601,1.14603,1.50,1.00
2017.01.19 06:07:48.620,1.14601,1.14605,1.50,2.06
2017.01.19 06:07:49.154,1.14602,1.14605,1.00,2.06
2017.01.19 06:07:49.869,1.14602,1.14604,1.00,1.12
2017.01.19 06:07:50.373,1.14602,1.14605,1.50,1.25
2017.01.19 06:07:50.879,1.14601,1.14605,1.50,1.69
2017.01.19 06:07:52.319,1.14601,1.14603,1.00,1.35
2017.01.19 06:07:52.496,1.14599,1.14601,1.50,2.62
2017.01.19 06:07:57.569,1.146,1.14602,1.00,6.00
2017.01.19 06:07:57.795,1.14601,1.14604,1.50,1.00
2017.01.19 06:08:00.824,1.146,1.14606,1.87,7.69
2017.01.19 06:08:01.540,1.14603,1.14606,1.00,4.50
2017.01.19 06:08:01.693,1.14606,1.14609,2.25,1.87
2017.01.19 06:08:01.895,1.14609,1.14612,1.37,5.25
2017.01.19 06:08:02.405,1.14609,1.14614,2.25,1.31
2017.01.19 06:08:02.711,1.14611,1.14617,1.12,3.56
2017.01.19 06:08:02.941,1.1461,1.14614,1.69,1.50
2017.01.19 06:08:03.138,1.14609,1.14614,1.87,4.31
2017.01.19 06:08:04.355,1.14608,1.14612,2.06,1.00
2017.01.19 06:08:04.457,1.14607,1.1461,1.75,2.47
2017.01.19 06:08:04.610,1.14604,1.14608,3.56,1.12
2017.01.19 06:08:05.118,1.14604,1.14608,2.81,1.12
2017.01.19 06:08:06.863,1.14605,1.1461,1.31,2.25
2017.01.19 06:08:08.495,1.14608,1.14611,1.00,1.37
2017.01.19 06:08:08.629,1.14609,1.14614,1.87,1.25
2017.01.19 06:08:09.086,1.14614,1.14616,1.00,2.06
2017.01.19 06:08:09.188,1.14616,1.1462,1.00,8.06
2017.01.19 06:08:09.239,1.14616,1.1462,1.00,2.81
2017.01.19 06:08:09.694,1.14615,1.1462,3.75,2.44
2017.01.19 06:08:09.897,1.14614,1.14618,1.00,1.12
2017.01.19 06:08:10.849,1.14614,1.1462,2.81,2.44
2017.01.19 06:08:11.204,1.14614,1.14618,1.69,1.00
2017.01.19 06:08:12.914,1.14615,1.14618,1.12,1.12
2017.01.19 06:08:13.554,1.14615,1.1462,1.12,3.94
2017.01.19 06:08:17.324,1.14615,1.1462,1.37,1.69
2017.01.19 06:08:18.230,1.14614,1.14618,1.00,1.00
2017.01.19 06:08:18.778,1.14613,1.14619,2.81,3.56
2017.01.19 06:08:20.913,1.14613,1.14618,2.06,1.00
2017.01.19 06:08:21.318,1.14611,1.14616,3.02,1.00
2017.01.19 06:08:21.621,1.14615,1.14616,1.00,1.00
2017.01.19 06:08:24.935,1.14613,1.14616,1.50,2.62
2017.01.19 06:08:33.037,1.14614,1.14616,1.00,2.62
2017.01.19 06:08:33.568,1.14613,1.14615,1.50,1.00
2017.01.19 06:08:34.073,1.14613,1.14616,1.50,1.87
2017.01.19 06:08:35.271,1.14614,1.14616,1.00,1.12
2017.01.19 06:08:35.784,1.14613,1.14616,1.00,1.12
2017.01.19 06:08:38.647,1.14612,1.14617,1.00,9.99
2017.01.19 06:08:39.183,1.14611,1.14617,3.67,5.49
2017.01.19 06:08:39.895,1.14611,1.14615,2.17,1.00
2017.01.19 06:08:41.784,1.14611,1.14615,3.30,1.00
2017.01.19 06:08:43.042,1.14611,1.14616,5.55,1.12
2017.01.19 06:08:43.554,1.14613,1.14617,1.00,3.56
2017.01.19 06:08:45.926,1.14612,1.14616,1.87,1.87
2017.01.19 06:08:50.436,1.14612,1.14617,4.99,1.25
2017.01.19 06:08:50.792,1.14611,1.14613,3.30,2.10
2017.01.19 06:08:50.894,1.1461,1.14611,1.12,1.00
2017.01.19 06:08:50.996,1.14607,1.14611,1.12,3.79
2017.01.19 06:08:51.503,1.14605,1.1461,3.75,2.44
2017.01.19 06:08:52.011,1.14605,1.1461,2.62,2.44
2017.01.19 06:08:52.523,1.14607,1.14611,1.00,2.44
2017.01.19 06:08:52.711,1.14609,1.14614,2.62,3.19
2017.01.19 06:08:55.481,1.14609,1.14612,2.62,1.00
2017.01.19 06:08:55.582,1.14609,1.14614,3.37,1.31
2017.01.19 06:08:57.162,1.1461,1.14614,1.50,1.25
2017.01.19 06:08:57.684,1.14609,1.14614,1.50,2.44
2017.01.19 06:08:58.636,1.14611,1.14614,1.00,1.50
2017.01.19 06:08:58.738,1.14611,1.14616,1.50,2.44
2017.01.19 06:08:58.891,1.14611,1.14614,1.12,1.00
2017.01.19 06:08:59.097,1.14609,1.14614,1.87,2.81
2017.01.19 06:09:00.958,1.14609,1.14613,1.00,1.50
2017.01.19 06:09:01.496,1.14608,1.14614,2.53,1.69
2017.01.19 06:09:02.971,1.14608,1.14613,2.44,2.25
2017.01.19 06:09:03.478,1.14608,1.14614,2.53,1.69
2017.01.19 06:09:07.427,1.14608,1.14612,1.78,2.25
2017.01.19 06:09:07.630,1.14605,1.1461,1.69,1.87
2017.01.19 06:09:08.145,1.14604,1.1461,4.90,3.00
2017.01.19 06:09:08.271,1.14604,1.14608,4.90,2.10
2017.01.19 06:09:08.578,1.14594,1.14597,1.87,1.50
2017.01.19 06:09:08.680,1.14594,1.14597,1.12,1.50
2017.01.19 06:09:08.984,1.14592,1.14595,3.19,1.00
2017.01.19 06:09:09.086,1.14592,1.14596,1.87,1.69
2017.01.19 06:09:09.573,1.14591,1.14594,2.74,1.50
2017.01.19 06:09:10.081,1.1459,1.14594,4.80,2.25
2017.01.19 06:09:10.386,1.14591,1.14592,1.00,1.50
2017.01.19 06:09:10.923,1.1459,1.14592,2.62,1.50
2017.01.19 06:09:11.663,1.1459,1.14593,2.62,1.50
2017.01.19 06:09:12.199,1.1459,1.14594,2.92,1.50
2017.01.19 06:09:12.784,1.14591,1.14595,1.00,1.87
2017.01.19 06:09:14.381,1.1459,1.14593,1.99,1.50
2017.01.19 06:09:14.585,1.14585,1.14589,1.12,1.69
2017.01.19 06:09:14.687,1.14585,1.14589,1.00,2.06
2017.01.19 06:09:15.193,1.14584,1.14589,2.62,2.06
2017.01.19 06:09:15.761,1.14585,1.1459,2.74,1.69
2017.01.19 06:09:16.691,1.14585,1.14589,2.74,2.47
2017.01.19 06:09:16.995,1.14576,1.14578,1.00,4.12
2017.01.19 06:09:17.148,1.14574,1.14576,1.00,1.31
2017.01.19 06:09:17.375,1.1457,1.14573,1.97,1.25
2017.01.19 06:09:17.426,1.1457,1.14572,1.11,1.00
2017.01.19 06:09:17.477,1.1457,1.14573,1.11,1.69
2017.01.19 06:09:17.985,1.14572,1.14575,1.50,1.00
2017.01.19 06:09:18.491,1.14572,1.14577,1.00,2.81
2017.01.19 06:09:20.006,1.14572,1.14577,2.36,1.25
2017.01.19 06:09:20.513,1.14574,1.14579,1.50,4.03
2017.01.19 06:09:21.020,1.14573,1.14579,2.62,3.66
2017.01.19 06:09:21.643,1.14575,1.14579,1.00,1.87
2017.01.19 06:09:21.950,1.14583,1.14584,1.00,2.25
2017.01.19 06:09:22.001,1.14583,1.14588,1.31,2.25
2017.01.19 06:09:22.507,1.14584,1.14589,1.60,2.81
2017.01.19 06:09:22.932,1.1458,1.14582,12.28,1.00
2017.01.19 06:09:23.084,1.14567,1.14568,2.25,1.25
2017.01.19 06:09:23.135,1.14564,1.14568,1.12,2.44
2017.01.19 06:09:23.186,1.14567,1.1457,4.12,5.16
2017.01.19 06:09:23.288,1.14566,1.14569,1.00,2.25
2017.01.19 06:09:23.796,1.14567,1.1457,1.00,3.66
2017.01.19 06:09:23.899,1.14565,1.1457,1.12,2.16
2017.01.19 06:09:24.407,1.14565,1.14571,3.52,2.06
2017.01.19 06:09:25.226,1.14565,1.14571,2.40,3.66
2017.01.19 06:09:26.678,1.14563,1.14564,4.50,3.94
2017.01.19 06:09:26.779,1.14559,1.1456,1.00,1.25
2017.01.19 06:09:26.831,1.14555,1.1456,1.75,1.35
2017.01.19 06:09:26.932,1.14554,1.14559,1.37,1.22
2017.01.19 06:09:27.034,1.14554,1.14559,1.37,5.72
2017.01.19 06:09:27.187,1.14552,1.14557,1.00,1.12
2017.01.19 06:09:27.512,1.14552,1.14559,5.25,6.28
2017.01.19 06:09:27.715,1.14554,1.1456,2.25,1.69
2017.01.19 06:09:28.116,1.14558,1.14562,1.00,1.97
2017.01.19 06:09:28.219,1.14558,1.14563,2.62,1.50
2017.01.19 06:09:28.724,1.14557,1.14563,1.65,1.00
2017.01.19 06:09:28.877,1.14557,1.14561,1.20,1.00
2017.01.19 06:09:29.187,1.14553,1.14561,2.00,6.47
2017.01.19 06:09:29.717,1.14556,1.14561,1.00,1.00
2017.01.19 06:09:30.238,1.14556,1.14562,1.10,1.41
2017.01.19 06:09:30.996,1.14556,1.14562,1.10,4.39
2017.01.19 06:09:31.506,1.14554,1.14561,2.70,1.87
2017.01.19 06:09:31.625,1.14556,1.14561,5.06,1.37
2017.01.19 06:09:31.726,1.14557,1.14564,3.07,1.78
2017.01.19 06:09:32.233,1.14557,1.14564,2.32,1.41
2017.01.19 06:09:32.436,1.14557,1.14564,2.32,1.41
2017.01.19 06:09:33.538,1.14557,1.14563,2.32,1.00
2017.01.19 06:09:34.053,1.14558,1.14565,2.62,2.06
2017.01.19 06:09:34.561,1.14559,1.14565,1.00,1.66
2017.01.19 06:09:34.862,1.14558,1.14563,1.95,2.85
2017.01.19 06:09:35.369,1.14557,1.14562,1.10,5.76
2017.01.19 06:09:35.421,1.14555,1.14561,1.00,5.76
2017.01.19 06:09:35.960,1.14554,1.14559,1.50,1.50
2017.01.19 06:09:36.344,1.14556,1.14561,1.00,3.04
2017.01.19 06:09:37.651,1.14555,1.14561,3.37,4.02
2017.01.19 06:09:38.158,1.14555,1.1456,1.00,4.17
2017.01.19 06:09:40.927,1.14556,1.1456,1.00,2.30
2017.01.19 06:09:41.363,1.14554,1.14559,1.00,2.86
2017.01.19 06:09:43.471,1.14554,1.1456,2.44,3.42
2017.01.19 06:09:44.688,1.14555,1.14558,1.25,1.06
2017.01.19 06:09:45.196,1.14555,1.14559,1.31,1.50
2017.01.19 06:09:45.710,1.14555,1.14558,1.25,2.25
2017.01.19 06:09:46.215,1.14555,1.14556,1.25,1.00
2017.01.19 06:09:46.317,1.14555,1.14559,1.25,4.87
2017.01.19 06:09:46.826,1.14555,1.14557,1.25,1.50
2017.01.19 06:09:47.253,1.14553,1.14555,1.00,1.50
2017.01.19 06:09:47.405,1.1455,1.14555,2.06,3.00
2017.01.19 06:09:47.456,1.14551,1.14553,1.87,1.35
2017.01.19 06:09:47.660,1.14547,1.14551,1.12,4.87
2017.01.19 06:09:47.914,1.1455,1.14551,1.00,1.00
2017.01.19 06:09:47.965,1.14551,1.14553,2.81,2.25
2017.01.19 06:09:48.067,1.14551,1.14556,3.56,2.62
2017.01.19 06:09:48.270,1.14549,1.14554,2.62,3.00
2017.01.19 06:09:48.583,1.14549,1.14551,1.12,2.25
2017.01.19 06:09:48.837,1.14547,1.14551,1.25,2.62
2017.01.19 06:09:49.340,1.14548,1.14551,1.00,2.62
2017.01.19 06:09:49.876,1.14547,1.14551,1.25,2.62
2017.01.19 06:09:50.537,1.14547,1.14551,2.44,2.25
2017.01.19 06:09:52.577,1.1455,1.14551,1.25,1.12
2017.01.19 06:09:52.679,1.1455,1.14554,2.44,3.00
2017.01.19 06:09:52.813,1.14552,1.14555,1.69,1.50
2017.01.19 06:09:53.347,1.14552,1.14557,1.46,3.00
2017.01.19 06:09:54.723,1.14554,1.14557,1.25,1.75
2017.01.19 06:09:55.329,1.14554,1.14558,1.25,2.25
2017.01.19 06:09:58.988,1.14553,1.14554,1.27,1.00
2017.01.19 06:09:59.090,1.14552,1.14555,1.00,6.00
2017.01.19 06:09:59.595,1.14551,1.14555,1.31,4.50
2017.01.19 06:10:01.686,1.14554,1.14555,1.00,1.50
2017.01.19 06:10:01.838,1.14554,1.14556,2.44,1.12
2017.01.19 06:10:05.356,1.14552,1.14554,2.81,1.00
2017.01.19 06:10:05.863,1.14552,1.14553,1.25,1.00
2017.01.19 06:10:06.802,1.14549,1.14552,1.50,1.00
2017.01.19 06:10:06.954,1.14547,1.14552,1.41,1.12
2017.01.19 06:10:10.217,1.14549,1.14552,1.25,1.12
2017.01.19 06:10:10.369,1.14551,1.14555,2.44,2.62
2017.01.19 06:10:10.896,1.14551,1.14556,3.56,1.87
2017.01.19 06:10:17.360,1.14551,1.14556,3.56,1.22
2017.01.19 06:10:17.664,1.14552,1.14556,1.31,1.60
2017.01.19 06:10:17.766,1.14552,1.14556,1.25,2.72
2017.01.19 06:10:20.002,1.14552,1.14555,1.25,1.00
2017.01.19 06:10:21.002,1.14552,1.14556,1.25,1.97
2017.01.19 06:10:22.640,1.14552,1.14557,1.69,1.50
2017.01.19 06:10:26.213,1.14551,1.14555,2.62,2.10
2017.01.19 06:10:26.518,1.14548,1.1455,1.12,1.00
2017.01.19 06:10:26.620,1.14548,1.14553,2.44,2.62
2017.01.19 06:10:27.437,1.14548,1.14552,2.44,3.00
2017.01.19 06:10:27.893,1.14548,1.1455,2.44,1.00
2017.01.19 06:10:28.097,1.14546,1.14549,1.69,1.45
2017.01.19 06:10:28.199,1.14544,1.14548,1.87,3.75
2017.01.19 06:10:28.706,1.14543,1.14548,1.69,2.25
2017.01.19 06:10:30.234,1.14543,1.14547,1.69,1.00
2017.01.19 06:10:31.971,1.14543,1.14547,1.69,1.10
2017.01.19 06:10:32.173,1.14542,1.14544,1.00,1.50
2017.01.19 06:10:32.224,1.1454,1.14544,1.12,1.50
2017.01.19 06:10:36.870,1.1454,1.14543,1.69,1.50
2017.01.19 06:10:37.378,1.14539,1.14543,1.25,3.00
2017.01.19 06:10:41.455,1.14539,1.14543,1.25,4.50
2017.01.19 06:10:41.658,1.14537,1.14539,1.50,1.00
2017.01.19 06:10:41.760,1.14534,1.14539,2.17,4.12
2017.01.19 06:10:42.261,1.14535,1.14541,3.56,1.87
2017.01.19 06:10:43.967,1.14537,1.14541,1.50,1.87
2017.01.19 06:10:46.185,1.14536,1.14541,1.50,1.87
2017.01.19 06:10:46.558,1.1454,1.14542,1.00,1.37
2017.01.19 06:10:46.761,1.1454,1.14544,1.50,1.87
2017.01.19 06:10:47.218,1.14542,1.14544,1.00,1.37
2017.01.19 06:10:47.319,1.14542,1.14546,1.50,2.62
2017.01.19 06:10:49.083,1.1454,1.14545,2.81,1.87
2017.01.19 06:10:49.336,1.1454,1.14545,2.44,6.00
2017.01.19 06:10:53.481,1.14538,1.14543,1.50,1.00
2017.01.19 06:10:58.971,1.14537,1.14541,2.89,1.50
2017.01.19 06:10:59.287,1.14536,1.14539,1.19,1.87
2017.01.19 06:10:59.860,1.14534,1.14539,2.44,1.12
2017.01.19 06:11:00.186,1.14536,1.14542,1.87,2.06
2017.01.19 06:11:00.691,1.14537,1.14542,2.25,2.44
2017.01.19 06:11:01.934,1.14537,1.14543,4.31,1.41
2017.01.19 06:11:02.494,1.14539,1.14544,3.00,1.19
2017.01.19 06:11:04.953,1.14539,1.14541,2.25,1.00
2017.01.19 06:11:05.157,1.14535,1.14541,2.06,3.47
2017.01.19 06:11:05.662,1.14534,1.1454,2.06,1.41
2017.01.19 06:11:07.689,1.14534,1.14537,1.37,1.03
2017.01.19 06:11:07.931,1.14528,1.14532,1.62,1.60
2017.01.19 06:11:08.033,1.14527,1.14532,1.00,2.53
2017.01.19 06:11:08.539,1.14526,1.14531,1.12,1.78
2017.01.19 06:11:08.641,1.14527,1.14532,1.25,1.22
2017.01.19 06:11:08.742,1.14529,1.14533,1.00,1.12
2017.01.19 06:11:09.251,1.14529,1.14534,1.50,1.03
2017.01.19 06:11:10.749,1.1453,1.14535,1.25,1.22
2017.01.19 06:11:10.800,1.1453,1.14536,1.31,2.53
2017.01.19 06:11:11.306,1.14531,1.14536,1.50,1.31
2017.01.19 06:11:11.830,1.1453,1.14536,1.69,2.53
2017.01.19 06:11:12.580,1.14529,1.14532,1.50,1.35
2017.01.19 06:11:12.783,1.14525,1.14529,1.00,1.00
2017.01.19 06:11:13.297,1.14525,1.1453,1.00,2.06
2017.01.19 06:11:14.245,1.14525,1.1453,1.50,2.38
2017.01.19 06:11:15.344,1.14525,1.14529,1.00,2.38
2017.01.19 06:11:15.395,1.14524,1.14525,3.45,1.00
2017.01.19 06:11:15.497,1.14523,1.14526,1.50,2.53
2017.01.19 06:11:15.548,1.1452,1.14522,1.50,1.69
2017.01.19 06:11:15.701,1.14517,1.1452,4.12,1.78
2017.01.19 06:11:15.894,1.14515,1.1452,1.00,2.53
2017.01.19 06:11:16.400,1.14514,1.1452,2.25,4.03
2017.01.19 06:11:17.079,1.14514,1.1452,2.62,2.91
2017.01.19 06:11:17.596,1.14514,1.14519,1.00,1.03
2017.01.19 06:11:18.123,1.14513,1.14519,2.44,1.78
2017.01.19 06:11:18.629,1.14512,1.14518,2.81,2.16
2017.01.19 06:11:19.134,1.14512,1.14518,1.31,2.91
2017.01.19 06:11:19.640,1.14511,1.14517,4.69,2.72
2017.01.19 06:11:20.716,1.14511,1.14516,2.70,1.69
2017.01.19 06:11:21.172,1.14512,1.14518,3.94,6.56
2017.01.19 06:11:21.475,1.14515,1.14519,3.00,1.19
2017.01.19 06:11:22.044,1.14513,1.14519,5.25,2.53
2017.01.19 06:11:22.559,1.14514,1.14519,1.12,2.53
2017.01.19 06:11:23.816,1.14513,1.14518,1.37,2.16
2017.01.19 06:11:24.083,1.14512,1.14518,5.06,2.16
2017.01.19 06:11:24.850,1.14514,1.14518,1.12,1.62
2017.01.19 06:11:25.153,1.14515,1.14521,4.69,2.44
2017.01.19 06:11:25.933,1.14518,1.14521,1.00,1.69
2017.01.19 06:11:26.237,1.14518,1.14522,2.25,1.19
2017.01.19 06:11:30.172,1.14517,1.1452,9.00,1.00
2017.01.19 06:11:31.575,1.14517,1.14518,1.00,1.00
2017.01.19 06:11:31.627,1.14515,1.14517,1.37,1.00
2017.01.19 06:11:32.368,1.14513,1.14516,6.94,1.50
2017.01.19 06:11:32.470,1.14513,1.14515,4.12,1.00
2017.01.19 06:11:33.028,1.14511,1.14514,1.47,1.00
2017.01.19 06:11:33.552,1.14511,1.14516,1.95,3.94
2017.01.19 06:11:35.552,1.14511,1.14516,1.95,3.19
2017.01.19 06:11:40.683,1.14513,1.14517,1.00,4.31
2017.01.19 06:11:41.037,1.14513,1.14518,1.50,3.94
2017.01.19 06:11:41.594,1.14514,1.14518,1.37,1.31
2017.01.19 06:11:41.899,1.14517,1.14521,1.50,2.81
2017.01.19 06:11:43.253,1.14517,1.14521,1.50,2.81
2017.01.19 06:11:44.536,1.14517,1.14522,1.69,1.87
2017.01.19 06:11:44.841,1.14521,1.14524,1.00,1.00
2017.01.19 06:11:45.437,1.14519,1.14524,1.19,2.62
2017.01.19 06:11:46.711,1.14518,1.14524,2.91,3.56
2017.01.19 06:11:47.082,1.14519,1.14523,1.78,1.00
2017.01.19 06:11:47.618,1.14519,1.14524,3.28,1.12
2017.01.19 06:11:48.149,1.14519,1.14525,3.66,3.37
2017.01.19 06:11:48.784,1.14519,1.14523,2.44,1.12
2017.01.19 06:11:51.043,1.1452,1.14524,1.00,1.37
2017.01.19 06:11:53.986,1.1452,1.14525,3.19,1.00
2017.01.19 06:11:54.188,1.14522,1.14525,1.50,1.00
2017.01.19 06:11:55.683,1.14522,1.14525,1.50,1.37
2017.01.19 06:11:56.265,1.14521,1.14525,1.50,1.37
2017.01.19 06:11:56.796,1.14521,1.14526,1.50,3.56
2017.01.19 06:11:57.100,1.14524,1.14528,2.25,4.31
2017.01.19 06:11:57.151,1.14525,1.14529,1.00,1.31
2017.01.19 06:11:58.277,1.1453,1.14531,1.35,2.35
2017.01.19 06:11:58.378,1.14532,1.14533,1.25,1.12
2017.01.19 06:11:58.429,1.14533,1.14535,1.69,5.62
2017.01.19 06:11:58.480,1.14534,1.14538,1.25,1.87
2017.01.19 06:11:58.582,1.14535,1.14539,1.00,1.00
2017.01.19 06:11:59.088,1.14536,1.14541,1.25,5.62
2017.01.19 06:12:00.501,1.14537,1.1454,2.81,1.50
2017.01.19 06:12:00.655,1.1454,1.14545,2.44,1.87
2017.01.19 06:12:00.758,1.1454,1.14545,2.44,1.50
2017.01.19 06:12:00.860,1.14542,1.14546,1.31,2.72
2017.01.19 06:12:00.962,1.14542,1.14548,2.81,4.22
2017.01.19 06:12:01.475,1.14542,1.14548,5.44,3.47
2017.01.19 06:12:02.252,1.14543,1.14549,4.69,4.22
2017.01.19 06:12:02.759,1.14544,1.14549,1.31,1.97
2017.01.19 06:12:04.256,1.14544,1.14548,1.87,1.00
2017.01.19 06:12:05.035,1.14544,1.14548,1.00,2.44
2017.01.19 06:12:05.188,1.14542,1.14548,1.31,3.19
2017.01.19 06:12:08.065,1.14541,1.14546,3.56,1.00
2017.01.19 06:12:08.167,1.1454,1.14543,5.06,1.50
2017.01.19 06:12:08.269,1.14537,1.1454,5.51,1.00
2017.01.19 06:12:08.371,1.14537,1.14538,3.45,1.00
2017.01.19 06:12:08.524,1.14532,1.14535,1.37,1.00
2017.01.19 06:12:08.575,1.1453,1.14534,2.62,1.25
2017.01.19 06:12:08.626,1.1453,1.14532,2.62,1.50
2017.01.19 06:12:08.728,1.14528,1.14531,1.31,1.50
2017.01.19 06:12:08.829,1.14527,1.14529,1.12,1.00
2017.01.19 06:12:08.880,1.14525,1.14529,1.12,1.69
2017.01.19 06:12:08.931,1.14524,1.14527,1.87,1.00
2017.01.19 06:12:08.982,1.14523,1.14527,1.31,1.87
2017.01.19 06:12:10.134,1.14522,1.14525,3.19,1.50
2017.01.19 06:12:11.133,1.14522,1.14527,2.81,1.50
2017.01.19 06:12:13.299,1.14523,1.14529,1.31,4.69
2017.01.19 06:12:18.452,1.14524,1.14529,1.00,3.56
2017.01.19 06:12:18.756,1.14522,1.14526,1.12,1.25
2017.01.19 06:12:18.806,1.1452,1.14526,1.31,2.81
2017.01.19 06:12:19.312,1.14521,1.14527,1.50,2.81
2017.01.19 06:12:19.988,1.1452,1.14527,2.81,3.19
2017.01.19 06:12:20.504,1.1452,1.14527,2.44,5.81
2017.01.19 06:12:21.798,1.1452,1.14527,3.56,2.44
2017.01.19 06:12:26.822,1.14521,1.14527,3.56,1.25
2017.01.19 06:12:27.208,1.14526,1.14528,1.00,3.00
2017.01.19 06:12:28.419,1.14527,1.14529,1.00,1.50
2017.01.19 06:12:30.214,1.14529,1.1453,1.00,2.25
2017.01.19 06:12:30.468,1.14531,1.14532,1.50,1.00
2017.01.19 06:12:30.569,1.14531,1.14533,1.50,1.00
2017.01.19 06:12:30.671,1.14534,1.14535,1.50,2.81
2017.01.19 06:12:32.374,1.14534,1.14535,1.50,1.00
2017.01.19 06:12:32.425,1.14536,1.14537,1.00,5.62
2017.01.19 06:12:32.476,1.14536,1.14537,1.00,4.12
2017.01.19 06:12:32.729,1.14537,1.14539,1.50,2.25
2017.01.19 06:12:32.854,1.14539,1.1454,1.50,1.31
2017.01.19 06:12:33.664,1.1454,1.14541,1.00,1.87
2017.01.19 06:12:33.816,1.14541,1.14542,1.50,1.00
2017.01.19 06:12:34.265,1.14541,1.14543,1.00,1.87
2017.01.19 06:12:34.417,1.14543,1.14544,1.00,1.12
2017.01.19 06:12:34.821,1.14544,1.14546,1.00,2.25
2017.01.19 06:12:34.923,1.14544,1.14546,1.00,1.12
2017.01.19 06:12:35.025,1.14547,1.14548,1.00,1.87
2017.01.19 06:12:35.531,1.14544,1.14547,1.00,1.00
2017.01.19 06:12:37.206,1.14544,1.14547,1.00,1.00
2017.01.19 06:12:37.742,1.14547,1.14549,1.00,2.62
2017.01.19 06:12:39.345,1.14548,1.14549,1.69,1.00
2017.01.19 06:12:39.852,1.14549,1.1455,1.50,1.12
2017.01.19 06:12:41.108,1.14548,1.1455,1.50,2.85
2017.01.19 06:12:43.803,1.14548,1.14549,1.00,1.00
2017.01.19 06:12:44.326,1.14547,1.1455,1.50,3.60
2017.01.19 06:12:47.656,1.14546,1.1455,1.69,1.00
2017.01.19 06:12:48.161,1.14546,1.14549,1.00,1.00
2017.01.19 06:12:53.094,1.14545,1.14549,1.00,2.25
2017.01.19 06:12:54.963,1.14546,1.14549,1.50,1.50
2017.01.19 06:12:55.998,1.14545,1.14549,1.50,2.25
2017.01.19 06:12:56.842,1.14546,1.1455,1.00,1.87
2017.01.19 06:12:57.494,1.14546,1.1455,1.50,1.50
2017.01.19 06:12:58.249,1.14546,1.1455,1.50,2.25
2017.01.19 06:12:58.770,1.14545,1.1455,5.44,2.62
2017.01.19 06:12:59.913,1.14545,1.14548,2.25,1.00
2017.01.19 06:13:01.988,1.14544,1.14546,1.25,1.00
2017.01.19 06:13:02.525,1.14543,1.14547,4.31,1.12
2017.01.19 06:13:03.305,1.14545,1.14549,1.50,2.62
2017.01.19 06:13:03.608,1.14547,1.1455,3.00,1.37
2017.01.19 06:13:03.761,1.14545,1.14549,3.19,1.37
2017.01.19 06:13:04.340,1.14545,1.14547,1.00,1.64
2017.01.19 06:13:04.442,1.14543,1.14547,1.69,1.64
2017.01.19 06:13:04.797,1.14545,1.14547,1.69,1.12
2017.01.19 06:13:04.949,1.14546,1.1455,1.50,2.25
2017.01.19 06:13:10.201,1.14548,1.1455,1.00,1.50
2017.01.19 06:13:10.405,1.14549,1.14553,1.69,4.12
2017.01.19 06:13:10.506,1.14549,1.14554,1.69,2.25
2017.01.19 06:13:12.484,1.1455,1.14554,1.00,1.50
2017.01.19 06:13:12.992,1.14549,1.14554,4.69,1.00
2017.01.19 06:13:15.443,1.1455,1.14554,3.19,1.00
2017.01.19 06:13:15.949,1.1455,1.14555,4.87,1.31
2017.01.19 06:13:18.317,1.14551,1.14556,3.00,3.56
2017.01.19 06:13:23.476,1.14551,1.14553,1.00,2.10
2017.01.19 06:13:23.730,1.14546,1.1455,1.00,3.04
2017.01.19 06:13:24.256,1.14544,1.1455,7.50,4.69
2017.01.19 06:13:24.409,1.14547,1.14551,2.25,2.62
2017.01.19 06:13:24.511,1.14547,1.14552,2.25,2.06
2017.01.19 06:13:25.029,1.14547,1.14553,1.87,5.81
2017.01.19 06:13:27.045,1.14549,1.14553,1.00,1.87
2017.01.19 06:13:27.298,1.14549,1.14554,3.00,1.25
2017.01.19 06:13:27.350,1.14551,1.14554,1.50,1.25
2017.01.19 06:13:27.451,1.14549,1.14555,4.31,2.06
2017.01.19 06:13:28.953,1.14551,1.14555,1.00,2.06
2017.01.19 06:13:29.947,1.1455,1.14555,2.25,2.06
2017.01.19 06:13:30.493,1.14551,1.14555,1.00,2.06
2017.01.19 06:13:31.815,1.14552,1.14556,1.50,2.62
2017.01.19 06:13:32.106,1.14554,1.14558,1.50,2.06
2017.01.19 06:13:32.613,1.14553,1.14558,1.00,2.44
2017.01.19 06:13:33.135,1.14553,1.14557,1.00,2.06
2017.01.19 06:13:34.344,1.14552,1.14556,1.00,3.42
2017.01.19 06:13:34.858,1.14551,1.14556,1.25,1.92
2017.01.19 06:13:35.402,1.14552,1.14556,1.00,1.50
2017.01.19 06:13:37.866,1.14551,1.14556,1.25,1.92
2017.01.19 06:13:38.424,1.14552,1.14557,1.00,2.06
2017.01.19 06:13:40.025,1.14551,1.14557,2.06,2.06
2017.01.19 06:13:42.491,1.14551,1.14558,5.81,2.62
2017.01.19 06:13:42.997,1.14553,1.14559,1.31,2.06
2017.01.19 06:13:45.344,1.14552,1.14558,2.81,1.87
2017.01.19 06:13:47.847,1.14553,1.14558,1.35,1.37
2017.01.19 06:13:48.069,1.14556,1.14561,1.10,2.06
2017.01.19 06:13:48.574,1.14556,1.14562,1.97,2.06
2017.01.19 06:13:49.375,1.14556,1.14562,1.97,2.06
2017.01.19 06:13:51.505,1.14557,1.14562,1.00,2.11
2017.01.19 06:13:51.657,1.14559,1.14564,1.12,2.86
2017.01.19 06:13:52.230,1.14561,1.14566,2.16,1.12
2017.01.19 06:13:52.347,1.1456,1.14566,3.66,1.55
2017.01.19 06:13:53.741,1.1456,1.14566,3.56,4.77
2017.01.19 06:13:53.944,1.1456,1.14565,2.06,1.77
2017.01.19 06:13:54.493,1.14559,1.14565,4.12,2.86
2017.01.19 06:13:54.544,1.14561,1.14565,1.12,2.86
2017.01.19 06:13:54.948,1.14562,1.14567,3.88,1.37
2017.01.19 06:13:55.151,1.14561,1.14567,1.50,8.49
2017.01.19 06:13:55.706,1.14563,1.14567,2.47,4.92
2017.01.19 06:13:56.010,1.14566,1.1457,1.00,1.19
2017.01.19 06:13:56.513,1.14565,1.14569,1.87,1.25
2017.01.19 06:13:58.487,1.14566,1.14569,1.00,1.31
2017.01.19 06:13:58.639,1.14568,1.14573,3.66,1.75
2017.01.19 06:13:58.691,1.14568,1.14574,4.03,3.19
2017.01.19 06:13:58.792,1.14569,1.14573,1.00,3.19
2017.01.19 06:13:58.961,1.14565,1.14571,3.10,5.81
2017.01.19 06:14:01.803,1.14565,1.14568,1.12,1.00
2017.01.19 06:14:02.338,1.14564,1.14567,1.12,1.50
2017.01.19 06:14:02.944,1.14562,1.14567,1.62,2.25
2017.01.19 06:14:03.502,1.14561,1.14567,3.88,2.25
2017.01.19 06:14:03.805,1.1456,1.14565,2.16,1.00
2017.01.19 06:14:04.323,1.1456,1.14566,3.88,3.19
2017.01.19 06:14:06.054,1.1456,1.14565,1.63,2.25
2017.01.19 06:14:06.557,1.14559,1.14564,1.31,3.47
2017.01.19 06:14:06.902,1.14558,1.14562,1.50,1.00
2017.01.19 06:14:10.748,1.14558,1.14564,1.00,5.53
2017.01.19 06:14:14.531,1.14558,1.14564,3.04,2.35
2017.01.19 06:14:15.037,1.14559,1.14564,1.35,1.37
2017.01.19 06:14:15.600,1.14558,1.14565,4.26,3.56
2017.01.19 06:14:16.771,1.14563,1.14565,1.00,2.06
2017.01.19 06:14:20.822,1.14564,1.14565,1.50,1.31
2017.01.19 06:14:21.419,1.14564,1.14566,1.50,2.16
2017.01.19 06:14:22.418,1.14565,1.14567,1.00,4.69
2017.01.19 06:14:22.621,1.14564,1.14566,1.50,1.50
2017.01.19 06:14:22.722,1.14566,1.14567,1.00,4.69
2017.01.19 06:14:23.149,1.14564,1.14566,1.50,1.12
2017.01.19 06:14:23.669,1.14565,1.14566,1.50,1.50
2017.01.19 06:14:25.384,1.14563,1.14566,1.50,3.19
2017.01.19 06:14:25.435,1.14565,1.14566,1.50,3.19
2017.01.19 06:14:25.851,1.14563,1.14566,1.50,5.06
2017.01.19 06:14:26.003,1.14565,1.14566,1.00,3.66
2017.01.19 06:14:26.155,1.14563,1.14566,1.50,2.44
2017.01.19 06:14:26.429,1.14564,1.14566,1.00,2.81
2017.01.19 06:14:27.362,1.14563,1.14566,1.50,3.00
2017.01.19 06:14:29.959,1.14565,1.14566,1.50,2.06
2017.01.19 06:14:30.264,1.14571,1.14572,1.00,1.69
2017.01.19 06:14:30.366,1.14571,1.14573,1.50,3.56
2017.01.19 06:14:30.883,1.1457,1.14573,1.50,6.19
2017.01.19 06:14:31.389,1.14571,1.14573,1.50,1.69
2017.01.19 06:14:32.767,1.14571,1.14573,1.50,1.12
2017.01.19 06:14:33.565,1.14573,1.14574,1.00,1.87
2017.01.19 06:14:33.869,1.14581,1.14582,1.00,8.81
2017.01.19 06:14:33.920,1.14581,1.14582,1.50,1.25
2017.01.19 06:14:36.116,1.1458,1.14583,1.00,3.19
2017.01.19 06:14:37.528,1.14581,1.14583,1.00,2.25
2017.01.19 06:14:38.034,1.14582,1.14585,1.50,3.56
2017.01.19 06:14:38.135,1.14582,1.14583,1.00,1.00
2017.01.19 06:14:38.384,1.14581,1.14584,1.50,1.69
2017.01.19 06:14:40.512,1.14582,1.14584,1.00,1.50
2017.01.19 06:14:40.564,1.14584,1.14585,1.50,1.12
2017.01.19 06:14:40.615,1.14585,1.14587,1.00,1.12
2017.01.19 06:14:40.835,1.14591,1.14592,1.00,1.50
2017.01.19 06:14:40.936,1.14592,1.14593,1.50,1.50
2017.01.19 06:14:41.089,1.14593,1.14595,1.00,2.81
2017.01.19 06:14:41.595,1.14594,1.14596,1.50,1.19
2017.01.19 06:14:41.696,1.14594,1.14597,1.50,1.12
2017.01.19 06:14:41.950,1.14596,1.14598,1.00,1.87
2017.01.19 06:14:42.233,1.14594,1.14597,1.87,1.50
2017.01.19 06:14:42.739,1.14593,1.14596,1.31,1.50
2017.01.19 06:14:43.230,1.14592,1.14594,1.31,1.00
2017.01.19 06:14:44.947,1.14592,1.14594,1.12,1.00
2017.01.19 06:14:45.150,1.14587,1.14591,1.50,1.12
2017.01.19 06:14:45.201,1.14587,1.14589,1.50,2.25
2017.01.19 06:14:45.253,1.14586,1.14589,1.12,3.00
2017.01.19 06:14:45.405,1.14583,1.14586,7.61,1.50
2017.01.19 06:14:45.914,1.14583,1.14588,1.69,1.22
2017.01.19 06:14:46.816,1.14583,1.14589,2.44,1.78
2017.01.19 06:14:47.410,1.14583,1.14587,1.69,1.22
2017.01.19 06:14:47.613,1.14581,1.14586,3.56,1.00
2017.01.19 06:14:47.765,1.14582,1.14589,3.56,3.66
2017.01.19 06:14:48.282,1.14583,1.14589,2.25,1.78
2017.01.19 06:14:52.034,1.14582,1.14588,2.44,3.28
2017.01.19 06:14:55.006,1.14582,1.14588,1.78,1.25
2017.01.19 06:14:55.561,1.14587,1.14589,1.00,1.00
2017.01.19 06:14:55.765,1.14589,1.14594,2.72,1.25
2017.01.19 06:14:56.323,1.1459,1.14596,4.41,1.25
2017.01.19 06:14:58.773,1.14591,1.14596,2.53,1.00
2017.01.19 06:14:59.279,1.14592,1.14598,1.78,2.06
2017.01.19 06:14:59.931,1.14596,1.14599,1.00,1.50
2017.01.19 06:15:00.032,1.14597,1.14601,1.50,1.72
2017.01.19 06:15:00.286,1.14594,1.14598,3.75,1.25
2017.01.19 06:15:00.338,1.14593,1.14598,1.50,1.78
2017.01.19 06:15:00.541,1.14592,1.14597,2.81,1.10
2017.01.19 06:15:00.847,1.14594,1.14598,1.25,1.22
2017.01.19 06:15:01.390,1.14592,1.14597,3.94,1.13
2017.01.19 06:15:01.847,1.14592,1.14597,1.00,1.78
2017.01.19 06:15:02.391,1.14591,1.14597,1.31,5.16
2017.01.19 06:15:02.723,1.1459,1.14592,2.06,1.00
2017.01.19 06:15:02.875,1.14588,1.1459,1.50,1.00
2017.01.19 06:15:02.926,1.14585,1.1459,2.29,1.00
2017.01.19 06:15:03.448,1.14585,1.14589,1.50,3.19
2017.01.19 06:15:03.802,1.14584,1.14587,1.37,1.69
2017.01.19 06:15:03.853,1.14583,1.14586,2.70,1.69
2017.01.19 06:15:04.056,1.1458,1.14586,1.69,3.28
2017.01.19 06:15:04.562,1.1458,1.14586,2.81,2.16
2017.01.19 06:15:05.256,1.14581,1.14586,1.37,1.69
2017.01.19 06:15:06.018,1.14582,1.14587,2.06,2.81
2017.01.19 06:15:06.525,1.14582,1.14587,2.06,2.06
2017.01.19 06:15:06.983,1.14578,1.1458,23.21,1.87
2017.01.19 06:15:07.150,1.14565,1.14568,1.12,4.50
2017.01.19 06:15:07.260,1.14563,1.14566,1.95,1.25
2017.01.19 06:15:07.564,1.14559,1.14564,1.12,1.69
2017.01.19 06:15:07.716,1.14558,1.14562,1.87,1.25
2017.01.19 06:15:07.767,1.14557,1.14561,1.05,1.50
2017.01.19 06:15:07.888,1.14555,1.14557,2.10,1.19
2017.01.19 06:15:07.991,1.14552,1.14557,1.12,2.44
2017.01.19 06:15:08.143,1.14552,1.14558,2.06,3.19
2017.01.19 06:15:08.341,1.14555,1.14558,1.12,2.81
2017.01.19 06:15:08.669,1.14557,1.14561,1.57,1.19
2017.01.19 06:15:09.708,1.14557,1.14563,3.26,3.94
2017.01.19 06:15:09.810,1.14559,1.14563,1.25,1.50
2017.01.19 06:15:10.209,1.14562,1.14566,2.44,3.75
2017.01.19 06:15:10.361,1.14563,1.14567,2.25,1.00
2017.01.19 06:15:10.868,1.14563,1.14569,2.62,2.06
2017.01.19 06:15:11.273,1.14564,1.14569,2.44,1.00
2017.01.19 06:15:11.576,1.14563,1.14567,1.00,1.50
2017.01.19 06:15:11.931,1.14561,1.14567,2.81,3.19
2017.01.19 06:15:12.130,1.1456,1.14565,3.19,1.00
2017.01.19 06:15:13.035,1.1456,1.14564,1.07,2.44
2017.01.19 06:15:13.187,1.14558,1.14563,2.81,1.12
2017.01.19 06:15:13.750,1.14558,1.14562,1.00,1.00
2017.01.19 06:15:14.258,1.14557,1.14562,1.95,1.69
2017.01.19 06:15:14.796,1.14557,1.14559,1.00,1.00
2017.01.19 06:15:14.923,1.14553,1.14559,3.82,5.81
2017.01.19 06:15:14.975,1.14553,1.14558,1.00,2.81
2017.01.19 06:15:15.076,1.14555,1.14558,1.00,1.50
2017.01.19 06:15:15.229,1.14555,1.1456,1.00,2.44
2017.01.19 06:15:15.569,1.14559,1.14561,2.10,5.25
2017.01.19 06:15:15.876,1.14561,1.14565,4.42,1.87
2017.01.19 06:15:16.029,1.14561,1.14563,3.07,1.00
2017.01.19 06:15:16.742,1.14559,1.14562,1.10,3.00
2017.01.19 06:15:17.255,1.1456,1.14562,1.50,1.00
2017.01.19 06:15:17.306,1.14561,1.14564,1.00,1.50
2017.01.19 06:15:17.862,1.14561,1.14563,1.10,1.00
2017.01.19 06:15:18.433,1.14561,1.14564,3.45,1.12
2017.01.19 06:15:18.943,1.14561,1.14563,2.25,1.00
2017.01.19 06:15:19.146,1.14559,1.14561,3.82,1.60
2017.01.19 06:15:19.248,1.14557,1.14558,1.00,1.00
2017.01.19 06:15:19.512,1.14554,1.14558,2.06,1.00
2017.01.19 06:15:20.025,1.14554,1.14558,1.25,1.00
2017.01.19 06:15:20.177,1.14556,1.1456,1.25,3.75
2017.01.19 06:15:20.380,1.14557,1.14561,2.25,1.87
2017.01.19 06:15:20.634,1.14556,1.14559,1.12,1.50
2017.01.19 06:15:20.685,1.14554,1.14559,1.69,4.50
2017.01.19 06:15:21.192,1.14556,1.1456,1.00,2.81
2017.01.19 06:15:21.669,1.1456,1.14561,1.00,3.00
2017.01.19 06:15:21.821,1.14561,1.14562,1.00,2.62
2017.01.19 06:15:21.923,1.14561,1.14564,2.25,1.00
2017.01.19 06:15:22.429,1.14562,1.14564,1.00,1.00
2017.01.19 06:15:22.985,1.1456,1.14563,1.00,1.31
2017.01.19 06:15:23.188,1.14558,1.14562,1.00,2.62
2017.01.19 06:15:23.441,1.14558,1.1456,1.00,1.00
2017.01.19 06:15:23.961,1.14557,1.14561,2.44,1.87
2017.01.19 06:15:24.478,1.14557,1.1456,1.69,1.00
2017.01.19 06:15:25.373,1.14555,1.14559,4.31,1.87
2017.01.19 06:15:25.526,1.14554,1.14559,6.19,2.25
2017.01.19 06:15:26.115,1.14556,1.14559,1.00,1.12
2017.01.19 06:15:26.952,1.14555,1.14557,2.62,1.69
2017.01.19 06:15:27.054,1.1455,1.14552,5.24,1.00
2017.01.19 06:15:27.206,1.14549,1.14552,1.50,2.06
2017.01.19 06:15:27.712,1.14548,1.14552,1.50,1.87
2017.01.19 06:15:28.235,1.14547,1.14552,3.19,2.62
2017.01.19 06:15:28.737,1.14548,1.14552,1.50,1.87
2017.01.19 06:15:29.942,1.14549,1.14551,1.00,1.12
2017.01.19 06:15:32.809,1.14548,1.1455,1.50,3.19
2017.01.19 06:15:33.143,1.14552,1.14553,1.00,1.50
2017.01.19 06:15:33.245,1.14552,1.14555,1.00,1.00
2017.01.19 06:15:33.751,1.14554,1.14558,1.00,1.37
2017.01.19 06:15:34.056,1.14556,1.14559,1.00,1.87
2017.01.19 06:15:34.158,1.14556,1.14559,1.00,1.50
2017.01.19 06:15:34.755,1.14557,1.14559,1.00,1.00
2017.01.19 06:15:34.857,1.14557,1.1456,2.44,6.00
2017.01.19 06:15:34.975,1.14559,1.14562,1.69,1.87
2017.01.19 06:15:35.381,1.14561,1.14563,1.00,1.50
2017.01.19 06:15:35.887,1.14564,1.14565,1.00,1.50
2017.01.19 06:15:36.040,1.14565,1.14568,1.00,5.25
2017.01.19 06:15:36.261,1.14565,1.14568,1.50,1.12
2017.01.19 06:15:36.768,1.14565,1.14569,1.69,1.87
2017.01.19 06:15:37.455,1.14563,1.14564,1.87,1.50
2017.01.19 06:15:37.659,1.14562,1.14564,1.00,3.37
2017.01.19 06:15:37.760,1.14565,1.14566,2.44,6.37
2017.01.19 06:15:38.084,1.14567,1.1457,1.25,3.37
2017.01.19 06:15:40.282,1.14566,1.14569,1.01,1.00
2017.01.19 06:15:40.586,1.14564,1.14569,2.89,1.87
2017.01.19 06:15:42.690,1.14565,1.14569,1.00,1.12
2017.01.19 06:15:42.792,1.14567,1.14569,1.00,1.12
2017.01.19 06:15:43.299,1.14565,1.14569,3.19,1.12
2017.01.19 06:15:44.145,1.14567,1.1457,1.00,2.25
2017.01.19 06:15:44.449,1.14568,1.1457,1.00,1.50
2017.01.19 06:15:44.752,1.14574,1.14579,1.69,6.00
2017.01.19 06:15:44.955,1.14574,1.14579,3.19,1.00
2017.01.19 06:15:47.262,1.14573,1.14578,1.25,1.50
2017.01.19 06:15:48.405,1.14572,1.14577,3.94,1.00
2017.01.19 06:15:48.975,1.14572,1.14578,3.94,3.00
2017.01.19 06:15:51.414,1.14576,1.14578,1.00,1.50
2017.01.19 06:15:51.567,1.14578,1.14581,1.31,7.12
2017.01.19 06:15:51.648,1.14581,1.14583,1.25,1.00
2017.01.19 06:15:51.749,1.14581,1.14586,3.56,1.00
2017.01.19 06:15:52.003,1.14583,1.14588,1.50,2.44
2017.01.19 06:15:53.282,1.14582,1.14588,3.45,2.44
2017.01.19 06:15:53.792,1.14583,1.14588,1.00,1.69
2017.01.19 06:15:54.725,1.14582,1.14588,3.45,1.69
2017.01.19 06:15:59.169,1.14584,1.14588,1.25,1.00
2017.01.19 06:15:59.271,1.14585,1.14591,2.81,2.06
2017.01.19 06:15:59.322,1.14586,1.14591,1.69,1.37
2017.01.19 06:15:59.577,1.14584,1.14591,3.56,6.19
2017.01.19 06:15:59.696,1.14584,1.1459,2.81,1.37
2017.01.19 06:16:05.170,1.14584,1.14589,1.26,1.12
2017.01.19 06:16:05.271,1.14584,1.14589,1.19,1.00
2017.01.19 06:16:09.039,1.14585,1.1459,3.86,1.37
2017.01.19 06:16:09.545,1.14585,1.14592,4.61,4.87
2017.01.19 06:16:10.222,1.14588,1.14592,1.19,3.37
2017.01.19 06:16:10.273,1.14589,1.14593,8.81,1.50
2017.01.19 06:16:10.375,1.14591,1.14595,1.00,4.87
2017.01.19 06:16:10.426,1.14591,1.14596,1.00,5.06
2017.01.19 06:16:10.931,1.1459,1.14596,1.87,5.06
2017.01.19 06:16:14.145,1.1459,1.14593,1.20,1.00
2017.01.19 06:16:14.298,1.14586,1.14591,1.69,1.50
2017.01.19 06:16:15.140,1.14587,1.14593,1.07,6.00
2017.01.19 06:16:15.645,1.14587,1.14593,2.05,1.87
2017.01.19 06:16:16.251,1.14587,1.14592,1.82,1.12
2017.01.19 06:16:16.536,1.14587,1.14592,1.20,1.12
2017.01.19 06:16:16.637,1.14587,1.14592,1.12,1.12
2017.01.19 06:16:16.840,1.14587,1.14592,1.20,1.12
2017.01.19 06:16:17.605,1.14587,1.14591,1.20,1.00
2017.01.19 06:16:17.852,1.14586,1.14592,2.66,7.12
2017.01.19 06:16:18.359,1.14586,1.14592,4.61,6.37
2017.01.19 06:16:18.612,1.14586,1.14592,2.06,7.50
2017.01.19 06:16:19.133,1.14586,1.14592,3.11,7.50
2017.01.19 06:16:19.387,1.14587,1.14592,3.26,5.25
2017.01.19 06:16:25.208,1.14587,1.14593,5.36,6.75
2017.01.19 06:16:33.077,1.14589,1.14593,1.80,1.87
2017.01.19 06:16:33.280,1.14591,1.14597,4.54,6.00
2017.01.19 06:16:33.808,1.14592,1.14597,1.20,6.37
2017.01.19 06:16:46.925,1.14591,1.14594,3.45,1.00
2017.01.19 06:16:47.550,1.14591,1.14594,1.57,1.00
2017.01.19 06:16:48.463,1.14591,1.14595,1.57,1.00
2017.01.19 06:16:51.060,1.14592,1.14596,1.50,5.25
2017.01.19 06:16:51.366,1.14592,1.14596,4.12,4.50
2017.01.19 06:16:52.131,1.14592,1.14597,4.20,5.25
2017.01.19 06:16:55.584,1.14592,1.14597,3.45,5.25
2017.01.19 06:16:59.788,1.14592,1.14596,1.95,1.00
2017.01.19 06:16:59.889,1.14591,1.14596,2.62,1.12
2017.01.19 06:17:00.441,1.14591,1.14596,1.95,2.25
2017.01.19 06:17:05.060,1.1459,1.14594,2.57,1.00
2017.01.19 06:17:06.255,1.1459,1.14592,1.07,1.50
2017.01.19 06:17:06.593,1.14583,1.14587,7.31,2.25
2017.01.19 06:17:06.796,1.14581,1.14585,5.25,1.00
2017.01.19 06:17:06.998,1.1458,1.14585,1.31,3.37
2017.01.19 06:17:07.875,1.1458,1.14585,3.19,1.12
2017.01.19 06:17:08.426,1.14582,1.14586,1.50,1.12
2017.01.19 06:17:08.703,1.14584,1.14587,1.25,1.87
2017.01.19 06:17:09.009,1.1459,1.14592,1.25,1.00
2017.01.19 06:17:09.111,1.1459,1.14595,1.69,4.87
2017.01.19 06:17:09.364,1.14591,1.14596,1.12,1.31
2017.01.19 06:17:09.837,1.14592,1.14598,4.69,5.25
2017.01.19 06:17:09.889,1.14593,1.14598,1.25,1.00
2017.01.19 06:17:10.243,1.14591,1.14596,5.81,1.00
2017.01.19 06:17:10.396,1.14591,1.14595,1.50,1.00
2017.01.19 06:17:10.903,1.1459,1.14596,2.06,4.31
2017.01.19 06:17:10.953,1.14593,1.14596,1.50,1.87
2017.01.19 06:17:11.106,1.14592,1.14598,2.44,2.44
2017.01.19 06:17:12.056,1.14593,1.14598,1.50,1.69
2017.01.19 06:17:14.174,1.14594,1.14598,1.25,1.87
2017.01.19 06:17:14.679,1.14595,1.14598,1.21,1.50
2017.01.19 06:17:15.985,1.14595,1.14599,1.66,1.50
2017.01.19 06:17:18.021,1.14596,1.14599,1.12,1.50
2017.01.19 06:17:18.122,1.146,1.14601,1.00,1.12
2017.01.19 06:17:18.224,1.14601,1.14604,1.00,1.12
2017.01.19 06:17:18.326,1.14605,1.14607,1.00,1.50
2017.01.19 06:17:18.599,1.14607,1.14611,3.00,1.00
2017.01.19 06:17:18.903,1.14607,1.14613,1.50,4.69
2017.01.19 06:17:19.056,1.14607,1.1461,1.50,1.00
2017.01.19 06:17:19.562,1.14606,1.14612,2.81,4.31
2017.01.19 06:17:20.102,1.14606,1.14612,3.19,3.94
2017.01.19 06:17:21.422,1.14607,1.14612,1.00,3.94
2017.01.19 06:17:25.209,1.14608,1.14612,1.50,1.25
2017.01.19 06:17:25.412,1.14609,1.14615,1.76,5.81
2017.01.19 06:17:26.496,1.14609,1.14613,1.31,1.00
2017.01.19 06:17:26.699,1.14607,1.14613,5.44,3.19
2017.01.19 06:17:27.453,1.14607,1.14612,3.94,1.00
2017.01.19 06:17:29.613,1.14606,1.14611,2.06,1.00
2017.01.19 06:17:29.714,1.14605,1.14608,3.40,1.00
2017.01.19 06:17:29.816,1.14605,1.1461,1.85,3.00
2017.01.19 06:17:30.322,1.14606,1.14611,1.00,3.94
2017.01.19 06:17:31.058,1.14605,1.1461,3.35,1.00
2017.01.19 06:17:31.594,1.14605,1.14611,5.07,2.06
2017.01.19 06:17:35.047,1.14605,1.14611,4.85,2.81
2017.01.19 06:17:35.882,1.14605,1.14608,2.22,1.00
2017.01.19 06:17:36.464,1.14605,1.14609,1.85,2.62
2017.01.19 06:17:39.586,1.14604,1.14608,3.56,1.00
2017.01.19 06:17:40.088,1.14605,1.14607,1.17,1.50
2017.01.19 06:17:40.606,1.14605,1.14608,1.17,1.50
2017.01.19 06:17:41.113,1.14605,1.14609,1.17,1.87
2017.01.19 06:17:41.785,1.14605,1.1461,1.96,1.37
2017.01.19 06:17:43.892,1.14605,1.14611,2.29,9.94
2017.01.19 06:17:44.198,1.14604,1.14607,1.00,2.25
2017.01.19 06:17:44.452,1.14602,1.14607,1.87,3.56
2017.01.19 06:17:44.503,1.14603,1.14607,1.37,3.37
2017.01.19 06:17:45.042,1.14603,1.14608,1.75,1.37
2017.01.19 06:17:45.983,1.14606,1.14608,1.12,1.37
2017.01.19 06:17:46.084,1.14607,1.14612,1.50,3.00
2017.01.19 06:17:49.062,1.14606,1.14612,3.37,3.37
2017.01.19 06:17:49.685,1.14606,1.1461,1.12,2.62
2017.01.19 06:17:50.191,1.14605,1.14609,1.33,3.37
2017.01.19 06:17:50.732,1.14604,1.14609,1.25,4.12
2017.01.19 06:17:51.289,1.14604,1.14609,1.25,4.12
2017.01.19 06:17:55.557,1.14605,1.1461,3.25,1.00
2017.01.19 06:17:57.803,1.14605,1.14609,1.75,1.50
2017.01.19 06:17:58.535,1.14603,1.14608,2.69,1.87
2017.01.19 06:17:59.050,1.14603,1.14608,1.94,3.37
2017.01.19 06:18:02.750,1.14603,1.14606,1.25,1.00
2017.01.19 06:18:02.801,1.14602,1.14603,1.37,1.00
2017.01.19 06:18:02.926,1.14599,1.14603,2.06,1.50
2017.01.19 06:18:02.977,1.14598,1.14603,1.87,2.25
2017.01.19 06:18:03.489,1.14597,1.14602,2.44,1.87
2017.01.19 06:18:03.846,1.14597,1.14599,1.50,2.25
2017.01.19 06:18:03.898,1.14595,1.14597,1.00,1.00
2017.01.19 06:18:04.000,1.14592,1.14596,1.69,1.00
2017.01.19 06:18:04.506,1.1459,1.14595,3.37,1.50
2017.01.19 06:18:05.114,1.14591,1.14596,1.12,3.37
2017.01.19 06:18:05.317,1.14593,1.14598,1.00,2.25
2017.01.19 06:18:05.861,1.14593,1.14598,1.50,1.50
2017.01.19 06:18:08.508,1.14592,1.14598,4.50,1.12
2017.01.19 06:18:09.204,1.14592,1.14597,1.87,1.00
2017.01.19 06:18:09.255,1.14592,1.14597,1.00,6.00
2017.01.19 06:18:09.306,1.14591,1.14594,1.69,1.00
2017.01.19 06:18:09.811,1.1459,1.14596,2.62,4.12
2017.01.19 06:18:14.880,1.14591,1.14596,1.37,1.50
2017.01.19 06:18:15.184,1.14595,1.146,1.87,1.12
2017.01.19 06:18:15.694,1.14593,1.14599,5.81,3.37
2017.01.19 06:18:15.952,1.14595,1.14601,1.50,6.19
2017.01.19 06:18:16.054,1.14595,1.146,1.50,4.35
2017.01.19 06:18:16.257,1.14593,1.14598,1.31,3.37
2017.01.19 06:18:17.142,1.14593,1.14599,3.56,3.75
2017.01.19 06:18:17.691,1.14593,1.14599,4.31,2.62
2017.01.19 06:18:21.344,1.14595,1.14599,1.00,1.50
2017.01.19 06:18:21.395,1.14597,1.14599,1.00,1.50
2017.01.19 06:18:21.496,1.14595,1.14598,1.50,1.00
2017.01.19 06:18:22.002,1.14594,1.14599,2.44,2.25
2017.01.19 06:18:22.255,1.14596,1.146,6.00,4.50
2017.01.19 06:18:22.559,1.14598,1.14601,6.00,3.75
2017.01.19 06:18:22.869,1.146,1.14602,2.25,1.87
2017.01.19 06:18:22.971,1.14602,1.14604,4.69,1.37
2017.01.19 06:18:23.022,1.14604,1.14606,2.25,2.25
2017.01.19 06:18:23.123,1.14605,1.14609,6.56,1.50
2017.01.19 06:18:23.225,1.14605,1.14611,9.19,3.75
2017.01.19 06:18:23.681,1.14607,1.14613,7.69,4.12
2017.01.19 06:18:23.833,1.14609,1.14613,6.00,1.87
2017.01.19 06:18:25.107,1.14609,1.14611,3.75,2.25
2017.01.19 06:18:25.260,1.14607,1.14611,6.19,1.87
2017.01.19 06:18:26.221,1.14608,1.14612,2.44,1.87
2017.01.19 06:18:26.373,1.1461,1.14614,6.00,1.12
2017.01.19 06:18:26.894,1.1461,1.14615,6.00,4.31
2017.01.19 06:18:28.040,1.14611,1.14615,3.94,1.50
2017.01.19 06:18:28.652,1.14611,1.14615,7.31,1.12
2017.01.19 06:18:29.612,1.14611,1.14615,6.56,1.12
2017.01.19 06:18:33.377,1.14612,1.14616,1.50,2.62
2017.01.19 06:18:33.428,1.14614,1.14616,2.25,1.50
2017.01.19 06:18:33.580,1.14617,1.1462,6.00,1.12
2017.01.19 06:18:34.085,1.14617,1.14621,6.00,1.00
2017.01.19 06:18:34.780,1.14617,1.14622,6.00,4.12
2017.01.19 06:18:35.659,1.14617,1.14621,6.00,1.50
2017.01.19 06:18:35.760,1.14616,1.14619,1.25,1.00
2017.01.19 06:18:36.288,1.14616,1.1462,1.25,2.25
2017.01.19 06:18:39.992,1.14617,1.14621,2.25,3.00
2017.01.19 06:18:40.349,1.14621,1.14622,6.19,1.00
2017.01.19 06:18:40.451,1.1462,1.14624,10.69,3.75
2017.01.19 06:18:40.503,1.14621,1.14626,6.19,1.00
2017.01.19 06:18:40.656,1.14623,1.14626,6.00,1.00
2017.01.19 06:18:40.858,1.14623,1.14628,6.19,3.00
2017.01.19 06:18:41.810,1.14625,1.14628,2.44,1.50
2017.01.19 06:18:42.114,1.14626,1.14631,9.41,1.12
2017.01.19 06:18:42.418,1.14631,1.14635,3.00,4.12
2017.01.19 06:18:42.622,1.14633,1.14637,3.75,4.31
2017.01.19 06:18:42.674,1.14631,1.14635,3.75,1.00
2017.01.19 06:18:43.196,1.14632,1.14636,6.00,6.94
2017.01.19 06:18:43.996,1.14631,1.14636,6.00,6.19
2017.01.19 06:18:45.226,1.14629,1.1463,6.82,1.00
2017.01.19 06:18:45.429,1.14628,1.14629,3.94,1.00
2017.01.19 06:18:45.497,1.14626,1.1463,6.19,1.50
2017.01.19 06:18:46.003,1.14627,1.14631,6.00,3.00
2017.01.19 06:18:49.839,1.14627,1.14632,9.19,1.50
2017.01.19 06:18:49.991,1.14629,1.14633,6.00,1.00
2017.01.19 06:18:50.042,1.14631,1.14634,2.25,2.25
2017.01.19 06:18:50.432,1.14636,1.1464,6.94,1.87
2017.01.19 06:18:50.636,1.14636,1.14641,7.69,1.00
2017.01.19 06:18:52.146,1.14637,1.14641,1.12,1.12
2017.01.19 06:18:52.212,1.1464,1.14643,2.66,1.00
2017.01.19 06:18:52.412,1.14647,1.14653,2.44,6.00
2017.01.19 06:18:52.954,1.14646,1.1465,1.31,1.87
2017.01.19 06:18:53.615,1.14647,1.14649,2.25,1.00
2017.01.19 06:18:53.931,1.14645,1.14649,5.06,1.87
2017.01.19 06:18:54.185,1.14646,1.1465,1.69,1.50
2017.01.19 06:18:54.236,1.14648,1.14651,1.12,1.00
2017.01.19 06:18:54.287,1.14649,1.14651,3.19,1.00
2017.01.19 06:18:54.339,1.14649,1.14654,4.69,1.87
2017.01.19 06:18:54.845,1.14648,1.14653,5.81,1.50
2017.01.19 06:18:55.314,1.14645,1.14652,12.56,1.87
2017.01.19 06:18:55.859,1.14647,1.14653,4.69,3.00
2017.01.19 06:18:56.554,1.14647,1.14653,3.56,3.00
2017.01.19 06:18:57.060,1.14647,1.14653,4.69,3.00
2017.01.19 06:18:59.182,1.14647,1.14651,3.19,1.00
2017.01.19 06:19:00.855,1.14645,1.14651,2.44,1.87
2017.01.19 06:19:01.058,1.14645,1.14649,2.44,1.00
2017.01.19 06:19:01.282,1.14643,1.14648,3.94,1.37
2017.01.19 06:19:01.586,1.14643,1.14645,3.94,1.00
2017.01.19 06:19:02.091,1.14643,1.14646,2.25,3.00
2017.01.19 06:19:02.925,1.14643,1.14645,3.75,1.00
2017.01.19 06:19:03.434,1.14643,1.14644,1.50,1.00
2017.01.19 06:19:05.191,1.1464,1.14645,4.91,1.50
2017.01.19 06:19:05.292,1.1464,1.14643,4.31,1.00
2017.01.19 06:19:05.597,1.14636,1.14639,7.50,1.50
2017.01.19 06:19:05.800,1.14632,1.14636,2.06,1.50
2017.01.19 06:19:06.063,1.14632,1.14638,2.44,3.37
2017.01.19 06:19:06.569,1.14633,1.14639,1.31,3.37
2017.01.19 06:19:06.873,1.14637,1.1464,1.69,4.50
2017.01.19 06:19:06.974,1.14639,1.14643,1.69,5.25
2017.01.19 06:19:07.026,1.14641,1.14643,1.00,3.75
2017.01.19 06:19:07.077,1.14641,1.14644,1.50,1.37
2017.01.19 06:19:07.617,1.14641,1.14644,1.50,1.00
2017.01.19 06:19:07.870,1.14643,1.14646,1.00,3.00
2017.01.19 06:19:08.193,1.14649,1.14652,1.50,2.25
2017.01.19 06:19:08.396,1.1465,1.14654,1.69,1.12
2017.01.19 06:19:09.769,1.14651,1.14655,1.00,1.87
2017.01.19 06:19:10.024,1.14653,1.14656,1.25,1.12
2017.01.19 06:19:10.176,1.14654,1.14659,1.69,2.25
2017.01.19 06:19:12.051,1.14654,1.14659,3.19,1.00
2017.01.19 06:19:12.565,1.14654,1.14661,2.44,2.91
2017.01.19 06:19:14.055,1.14654,1.14659,1.56,1.00
2017.01.19 06:19:14.561,1.14654,1.1466,1.56,3.37
2017.01.19 06:19:15.143,1.14654,1.14658,1.56,1.00
2017.01.19 06:19:15.709,1.14653,1.14658,2.44,1.50
2017.01.19 06:19:16.215,1.14654,1.14659,1.12,2.72
2017.01.19 06:19:17.202,1.14659,1.14663,1.62,8.25
2017.01.19 06:19:17.326,1.14659,1.14665,2.62,1.78
2017.01.19 06:19:17.427,1.14659,1.14663,1.00,1.10
2017.01.19 06:19:17.529,1.14658,1.14664,3.08,1.97
2017.01.19 06:19:17.682,1.1466,1.14667,2.89,3.10
2017.01.19 06:19:17.885,1.14663,1.14667,1.19,1.50
2017.01.19 06:19:17.987,1.14663,1.14669,1.69,1.60
2017.01.19 06:19:18.382,1.14665,1.1467,2.06,1.13
2017.01.19 06:19:18.696,1.1467,1.14675,1.00,1.60
2017.01.19 06:19:18.899,1.14672,1.14676,1.00,1.12
2017.01.19 06:19:19.203,1.14675,1.14678,1.00,1.00
2017.01.19 06:19:19.587,1.14675,1.1468,1.62,2.35
2017.01.19 06:19:19.739,1.14677,1.14681,2.06,1.97
2017.01.19 06:19:19.892,1.14679,1.14685,2.06,1.22
2017.01.19 06:19:19.945,1.14679,1.14682,1.87,1.00
2017.01.19 06:19:20.098,1.14677,1.14682,1.69,2.25
2017.01.19 06:19:20.149,1.14676,1.1468,6.56,1.00
2017.01.19 06:19:20.757,1.14676,1.1468,1.31,1.00
2017.01.19 06:19:21.121,1.14675,1.14677,4.12,1.50
2017.01.19 06:19:21.223,1.14674,1.14677,1.25,1.87
2017.01.19 06:19:21.274,1.14674,1.14675,1.25,1.00
2017.01.19 06:19:21.427,1.1467,1.14672,1.87,1.00
2017.01.19 06:19:21.639,1.14668,1.14672,2.25,1.00
2017.01.19 06:19:22.202,1.14667,1.14671,1.69,1.50
2017.01.19 06:19:22.725,1.14666,1.14671,3.19,2.62
2017.01.19 06:19:24.113,1.14666,1.14669,1.19,1.50
2017.01.19 06:19:24.165,1.14665,1.14669,1.16,1.50
2017.01.19 06:19:24.521,1.14664,1.14667,1.81,1.00
2017.01.19 06:19:25.181,1.14663,1.14665,1.62,1.00
2017.01.19 06:19:25.284,1.14662,1.14666,1.50,2.25
2017.01.19 06:19:25.364,1.14661,1.14662,1.12,1.00
2017.01.19 06:19:25.507,1.14659,1.14662,1.25,2.25
2017.01.19 06:19:25.762,1.14655,1.1466,4.78,2.10
2017.01.19 06:19:25.864,1.14653,1.14658,8.25,1.50
2017.01.19 06:19:26.169,1.14651,1.14654,1.50,1.00
2017.01.19 06:19:26.523,1.14647,1.14653,4.69,1.00
2017.01.19 06:19:26.574,1.14647,1.14653,3.94,1.00
2017.01.19 06:19:26.726,1.1465,1.14654,1.00,2.72
2017.01.19 06:19:27.056,1.14653,1.14656,1.69,1.37
2017.01.19 06:19:27.360,1.14653,1.14658,3.28,1.00
2017.01.19 06:19:27.665,1.14657,1.1466,1.25,1.50
2017.01.19 06:19:27.919,1.1466,1.14665,1.31,1.37
2017.01.19 06:19:28.122,1.14661,1.14667,1.50,6.47
2017.01.19 06:19:28.223,1.14661,1.14667,2.25,1.97
2017.01.19 06:19:28.814,1.14661,1.14667,1.13,3.37
2017.01.19 06:19:28.866,1.1466,1.14663,1.60,1.00
2017.01.19 06:19:29.171,1.14658,1.14661,1.28,1.50
2017.01.19 06:19:29.222,1.14656,1.14661,3.56,1.12
2017.01.19 06:19:29.526,1.14655,1.1466,2.81,2.72
2017.01.19 06:19:29.830,1.1467,1.14672,1.00,1.87
2017.01.19 06:19:29.982,1.14669,1.14675,3.56,7.97
2017.01.19 06:19:30.033,1.14669,1.14674,4.31,1.13
2017.01.19 06:19:30.875,1.1467,1.14675,1.00,1.87
2017.01.19 06:19:31.381,1.1467,1.14675,2.25,1.87
2017.01.19 06:19:31.537,1.14669,1.14674,3.56,1.00
2017.01.19 06:19:32.095,1.14669,1.14674,2.25,3.19
2017.01.19 06:19:33.283,1.14671,1.14674,1.00,1.50
2017.01.19 06:19:33.587,1.14674,1.14679,5.62,2.06
2017.01.19 06:19:34.090,1.14674,1.14679,2.62,1.69
2017.01.19 06:19:34.395,1.14674,1.14677,1.50,1.00
2017.01.19 06:19:34.547,1.14672,1.14677,1.50,3.56
2017.01.19 06:19:35.053,1.14671,1.14676,4.12,2.06
2017.01.19 06:19:35.155,1.1467,1.14674,7.69,1.00
2017.01.19 06:19:35.460,1.1467,1.14671,1.00,1.50
2017.01.19 06:19:35.612,1.14666,1.14667,1.00,1.00
2017.01.19 06:19:35.764,1.14663,1.14669,6.56,3.94
2017.01.19 06:19:35.815,1.14664,1.14669,1.00,3.94
2017.01.19 06:19:36.176,1.14666,1.14671,1.69,1.50
2017.01.19 06:19:36.691,1.14666,1.14672,3.94,2.44
2017.01.19 06:19:37.203,1.14666,1.14672,4.03,2.44
2017.01.19 06:19:37.710,1.14668,1.14672,3.94,1.00
2017.01.19 06:19:37.811,1.14668,1.14674,3.94,1.31
2017.01.19 06:19:37.963,1.14671,1.14674,1.00,1.31
2017.01.19 06:19:38.399,1.14669,1.14671,1.00,1.00
2017.01.19 06:19:38.451,1.14668,1.1467,1.00,1.00
2017.01.19 06:19:38.552,1.14667,1.14668,1.50,1.00
2017.01.19 06:19:40.495,1.14665,1.14668,1.31,1.50
2017.01.19 06:19:40.583,1.14665,1.14666,1.00,1.00
2017.01.19 06:19:40.941,1.14662,1.14663,2.25,1.00
2017.01.19 06:19:41.043,1.14661,1.14665,1.00,5.44
2017.01.19 06:19:41.094,1.14659,1.14662,4.31,1.00
2017.01.19 06:19:41.146,1.14659,1.14664,4.31,1.00
2017.01.19 06:19:42.014,1.14661,1.14665,1.00,3.19
2017.01.19 06:19:42.477,1.14663,1.14666,1.00,1.00
2017.01.19 06:19:42.780,1.14661,1.14666,1.50,4.31
2017.01.19 06:19:45.556,1.1466,1.14666,1.87,3.56
2017.01.19 06:19:46.273,1.14661,1.14666,1.00,2.91
2017.01.19 06:19:47.152,1.14661,1.14667,2.81,3.56
2017.01.19 06:19:47.677,1.14662,1.14668,1.12,5.16
2017.01.19 06:19:48.849,1.14661,1.14667,2.44,2.53
2017.01.19 06:19:49.205,1.14661,1.14665,1.00,1.25
2017.01.19 06:19:49.357,1.14659,1.14664,1.12,2.91
2017.01.19 06:19:49.865,1.14657,1.14663,3.94,1.87
2017.01.19 06:19:50.464,1.14657,1.14663,3.37,5.06
2017.01.19 06:19:51.157,1.14657,1.1466,1.87,1.05
2017.01.19 06:19:51.259,1.14655,1.14659,1.87,2.25
2017.01.19 06:19:51.361,1.14653,1.14657,1.87,1.13
2017.01.19 06:19:51.869,1.14652,1.14657,2.81,1.22
2017.01.19 06:19:52.942,1.14652,1.14657,3.56,1.10
2017.01.19 06:19:53.045,1.14652,1.14658,3.56,1.69
2017.01.19 06:19:53.632,1.14652,1.14656,1.31,1.00
2017.01.19 06:19:54.160,1.14651,1.14657,6.19,1.87
2017.01.19 06:19:54.666,1.14653,1.14659,6.19,2.91
2017.01.19 06:19:55.461,1.14654,1.14659,1.00,2.91
2017.01.19 06:19:56.022,1.14653,1.14658,3.10,1.31
2017.01.19 06:19:56.326,1.14652,1.14655,2.81,1.12
2017.01.19 06:19:56.377,1.14652,1.14658,4.99,2.06
2017.01.19 06:19:56.479,1.14654,1.14659,1.45,2.06
2017.01.19 06:19:56.984,1.14654,1.14659,2.62,2.06
2017.01.19 06:19:59.377,1.14655,1.14657,1.19,1.00
2017.01.19 06:19:59.478,1.14655,1.1466,1.19,4.12
2017.01.19 06:20:00.194,1.14657,1.1466,1.00,2.62
2017.01.19 06:20:00.346,1.14655,1.14659,3.37,1.87
2017.01.19 06:20:00.583,1.14653,1.14657,2.81,3.00
2017.01.19 06:20:00.785,1.14651,1.14657,1.12,6.56
2017.01.19 06:20:01.823,1.14651,1.14655,1.12,1.00
2017.01.19 06:20:01.924,1.14649,1.14652,1.12,1.00
2017.01.19 06:20:02.077,1.14646,1.14651,1.50,2.81
2017.01.19 06:20:02.666,1.14646,1.14651,2.25,2.44
2017.01.19 06:20:03.124,1.14648,1.14651,1.25,1.12
2017.01.19 06:20:03.227,1.14649,1.14654,3.75,3.56
2017.01.19 06:20:03.379,1.1465,1.14656,3.94,2.81
2017.01.19 06:20:03.885,1.14651,1.14656,1.00,1.69
2017.01.19 06:20:09.992,1.14654,1.14656,1.50,1.00
2017.01.19 06:20:10.144,1.14654,1.1466,2.25,6.94
2017.01.19 06:20:15.746,1.14657,1.1466,1.00,2.25
2017.01.19 06:20:15.898,1.14659,1.14663,1.12,2.44
2017.01.19 06:20:16.101,1.1466,1.14665,1.69,3.37
2017.01.19 06:20:16.480,1.14659,1.14665,1.12,8.06
2017.01.19 06:20:16.632,1.1466,1.14665,1.19,7.87
2017.01.19 06:20:16.733,1.14658,1.14665,4.69,6.94
2017.01.19 06:20:16.835,1.1466,1.14665,1.19,5.25
2017.01.19 06:20:17.468,1.14658,1.14665,5.44,6.79
2017.01.19 06:20:17.570,1.1466,1.14665,1.19,5.85
2017.01.19 06:20:18.544,1.14658,1.14664,3.75,1.55
2017.01.19 06:20:19.276,1.14658,1.14664,3.19,2.67
2017.01.19 06:20:20.553,1.14658,1.14664,3.00,1.92
2017.01.19 06:20:20.768,1.14657,1.14659,6.75,1.31
2017.01.19 06:20:20.971,1.1465,1.14654,1.00,1.25
2017.01.19 06:20:21.477,1.14649,1.14655,3.00,4.36
2017.01.19 06:20:21.992,1.1465,1.14655,1.00,2.44
2017.01.19 06:20:24.371,1.14649,1.14651,2.72,2.10
2017.01.19 06:20:24.472,1.14646,1.1465,2.25,2.34
2017.01.19 06:20:24.574,1.14643,1.14649,3.94,5.86
2017.01.19 06:20:25.401,1.14645,1.14649,1.00,5.62
2017.01.19 06:20:25.583,1.14651,1.14656,1.00,2.44
2017.01.19 06:20:26.089,1.1465,1.14655,1.50,1.74
2017.01.19 06:20:26.343,1.1465,1.14654,1.00,2.49
2017.01.19 06:20:26.495,1.14647,1.14653,3.00,3.61
2017.01.19 06:20:27.058,1.14646,1.14652,3.28,2.44
2017.01.19 06:20:32.430,1.14648,1.14652,1.12,2.25
2017.01.19 06:20:32.481,1.1465,1.14653,3.00,2.25
2017.01.19 06:20:32.532,1.14651,1.14653,1.12,1.12
2017.01.19 06:20:32.634,1.14652,1.14655,3.00,1.12
2017.01.19 06:20:33.140,1.14652,1.14656,1.12,1.00
2017.01.19 06:20:33.649,1.14652,1.14657,1.31,1.12
2017.01.19 06:20:33.751,1.14654,1.1466,1.12,3.56
2017.01.19 06:20:38.754,1.14653,1.14657,2.06,1.00
2017.01.19 06:20:38.855,1.14653,1.14659,2.16,2.06
2017.01.19 06:20:39.009,1.14653,1.14656,1.50,1.50
2017.01.19 06:20:39.111,1.14649,1.14654,4.12,2.44
2017.01.19 06:20:39.162,1.14648,1.14654,1.78,2.81
2017.01.19 06:20:39.677,1.14648,1.14654,1.41,2.06
2017.01.19 06:20:42.935,1.14649,1.14654,1.00,2.81
2017.01.19 06:20:42.986,1.14652,1.14654,1.00,1.87
2017.01.19 06:20:43.138,1.14653,1.14657,2.25,2.06
2017.01.19 06:20:43.299,1.14651,1.14657,3.56,2.81
2017.01.19 06:20:43.653,1.14652,1.14659,3.37,3.99
2017.01.19 06:20:44.179,1.14652,1.14658,1.87,1.56
2017.01.19 06:20:44.685,1.14653,1.14658,1.00,1.19
2017.01.19 06:20:45.424,1.14652,1.14658,3.00,1.69
2017.01.19 06:20:45.954,1.14653,1.14658,1.87,1.19
2017.01.19 06:20:49.167,1.14653,1.14659,4.31,1.25
2017.01.19 06:20:50.542,1.14654,1.14659,1.00,1.25
2017.01.19 06:20:51.049,1.14654,1.14659,1.50,1.25
2017.01.19 06:20:52.000,1.14654,1.14659,1.50,1.62
2017.01.19 06:20:59.923,1.14656,1.1466,1.19,1.75
2017.01.19 06:20:59.975,1.14656,1.14661,1.19,2.62
2017.01.19 06:21:00.611,1.14656,1.14661,1.69,1.00
2017.01.19 06:21:02.030,1.14658,1.14662,1.19,2.25
2017.01.19 06:21:02.549,1.14658,1.14663,1.69,1.50
2017.01.19 06:21:03.221,1.14658,1.14662,1.69,1.00
2017.01.19 06:21:03.727,1.14658,1.14663,2.81,1.12
2017.01.19 06:21:04.519,1.14661,1.14664,1.00,2.30
2017.01.19 06:21:04.621,1.14659,1.14664,2.44,1.42
2017.01.19 06:21:05.605,1.14661,1.14664,1.25,1.42
2017.01.19 06:21:06.112,1.14661,1.14664,1.25,1.00
2017.01.19 06:21:08.073,1.14661,1.14665,1.25,1.12
2017.01.19 06:21:09.349,1.14662,1.14666,1.00,1.50
2017.01.19 06:21:09.856,1.14663,1.14667,1.31,1.00
2017.01.19 06:21:10.486,1.14663,1.14669,1.69,3.80
2017.01.19 06:21:10.790,1.14662,1.14666,1.00,2.62
2017.01.19 06:21:12.053,1.14661,1.14666,1.41,1.87
2017.01.19 06:21:13.216,1.14659,1.14665,1.41,4.50
2017.01.19 06:21:17.580,1.14658,1.14663,6.51,1.12
2017.01.19 06:21:18.118,1.14659,1.14662,1.00,1.00
2017.01.19 06:21:18.169,1.14659,1.1466,1.00,1.00
2017.01.19 06:21:18.270,1.14655,1.14658,1.12,1.00
2017.01.19 06:21:18.372,1.14653,1.14658,2.06,1.87
2017.01.19 06:21:18.878,1.14651,1.14657,2.25,3.61
2017.01.19 06:21:22.258,1.14652,1.14656,1.69,1.00
2017.01.19 06:21:22.360,1.14654,1.14658,1.00,3.05
2017.01.19 06:21:27.409,1.14653,1.14659,2.06,5.11
2017.01.19 06:21:27.953,1.14654,1.14659,1.87,2.44
2017.01.19 06:21:28.302,1.14657,1.14659,1.00,1.31
2017.01.19 06:21:28.454,1.14656,1.14661,1.50,1.69
2017.01.19 06:21:29.004,1.14656,1.14661,1.50,3.56
2017.01.19 06:21:29.509,1.14654,1.1466,2.06,1.87
2017.01.19 06:21:30.022,1.14654,1.14658,1.37,1.00
2017.01.19 06:21:30.543,1.14653,1.14657,1.50,1.87
2017.01.19 06:21:31.092,1.1465,1.14656,4.31,2.06
2017.01.19 06:21:31.615,1.1465,1.14656,2.06,3.56
2017.01.19 06:21:36.274,1.1465,1.14654,1.31,2.25
2017.01.19 06:21:36.780,1.1465,1.14655,1.91,1.50
2017.01.19 06:21:37.085,1.14647,1.1465,1.50,2.44
2017.01.19 06:21:37.189,1.14645,1.1465,1.50,2.06
2017.01.19 06:21:40.194,1.14645,1.14648,1.87,2.25
2017.01.19 06:21:40.397,1.14643,1.14648,4.31,2.62
2017.01.19 06:21:40.902,1.14643,1.14649,3.56,1.87
2017.01.19 06:21:41.056,1.14644,1.14648,1.12,1.19
2017.01.19 06:21:41.107,1.14644,1.14649,1.12,2.06
2017.01.19 06:21:41.648,1.14643,1.14648,1.37,2.81
2017.01.19 06:21:41.801,1.14642,1.14647,1.10,1.31
2017.01.19 06:21:41.852,1.14644,1.14647,1.12,1.00
2017.01.19 06:21:42.157,1.14643,1.14646,1.12,1.19
2017.01.19 06:21:42.475,1.14643,1.14647,3.94,1.00
2017.01.19 06:21:42.577,1.14645,1.14649,1.12,1.50
2017.01.19 06:21:43.102,1.14645,1.1465,3.75,1.50
2017.01.19 06:21:45.505,1.14645,1.14649,3.00,1.87
2017.01.19 06:21:46.115,1.14645,1.14649,1.87,1.87
2017.01.19 06:21:47.814,1.14647,1.14649,1.00,1.12
2017.01.19 06:21:48.909,1.14647,1.14648,1.00,1.00
2017.01.19 06:21:49.452,1.14647,1.14649,1.00,1.50
2017.01.19 06:21:49.590,1.14645,1.14648,1.00,1.00
2017.01.19 06:21:51.496,1.14644,1.14648,1.00,1.00
2017.01.19 06:21:51.880,1.14645,1.14647,1.00,1.69
2017.01.19 06:21:52.386,1.14644,1.14647,1.12,1.00
2017.01.19 06:21:52.692,1.14632,1.14634,1.00,1.50
2017.01.19 06:21:53.095,1.14626,1.14629,1.12,1.00
2017.01.19 06:21:53.450,1.14628,1.14629,1.00,1.00
2017.01.19 06:21:53.551,1.14628,1.14631,1.50,1.50
2017.01.19 06:21:54.059,1.1463,1.14633,1.00,1.69
2017.01.19 06:21:54.363,1.14631,1.14635,1.50,1.25
2017.01.19 06:21:54.566,1.1463,1.14635,1.50,5.44
2017.01.19 06:21:55.108,1.14629,1.14632,1.00,1.50
2017.01.19 06:21:55.616,1.14628,1.14631,1.50,1.12
2017.01.19 06:21:56.215,1.14629,1.14632,1.00,1.62
2017.01.19 06:21:56.722,1.1463,1.14634,1.87,2.00
2017.01.19 06:21:58.221,1.14632,1.14633,1.50,1.00
2017.01.19 06:21:58.272,1.14632,1.14635,1.50,1.31
2017.01.19 06:21:59.422,1.14631,1.14635,1.60,1.31
2017.01.19 06:22:00.323,1.14631,1.14636,2.53,1.87
2017.01.19 06:22:00.425,1.14633,1.14637,2.17,6.56
2017.01.19 06:22:00.577,1.14635,1.14639,1.20,1.78
2017.01.19 06:22:00.628,1.14636,1.14641,3.37,4.41
2017.01.19 06:22:00.832,1.14638,1.14644,3.28,1.69
2017.01.19 06:22:01.342,1.14638,1.14644,3.28,1.69
2017.01.19 06:22:01.646,1.14637,1.14643,2.44,2.53
2017.01.19 06:22:01.950,1.14637,1.14642,1.31,1.22
2017.01.19 06:22:02.952,1.14638,1.14642,1.00,1.22
2017.01.19 06:22:03.809,1.14637,1.14642,1.31,1.22
2017.01.19 06:22:04.164,1.14635,1.1464,3.94,1.13
2017.01.19 06:22:04.669,1.14636,1.14642,2.62,3.66
2017.01.19 06:22:08.449,1.14636,1.1464,1.50,1.00
2017.01.19 06:22:10.352,1.14635,1.1464,6.19,1.50
2017.01.19 06:22:17.086,1.14636,1.1464,1.00,2.35
2017.01.19 06:22:17.467,1.14635,1.14638,5.44,1.00
2017.01.19 06:22:17.973,1.14636,1.14639,1.00,1.50
2017.01.19 06:22:21.800,1.14635,1.14638,4.69,1.00
2017.01.19 06:22:22.316,1.14636,1.14639,1.00,1.50
2017.01.19 06:22:24.476,1.14637,1.14639,1.00,1.00
2017.01.19 06:22:28.399,1.14638,1.1464,1.50,1.00
2017.01.19 06:22:28.702,1.14638,1.14642,1.31,1.50
2017.01.19 06:22:29.845,1.14637,1.1464,1.37,2.25
2017.01.19 06:22:30.173,1.1464,1.14641,1.25,1.50
2017.01.19 06:22:30.223,1.1464,1.14641,1.25,1.00
2017.01.19 06:22:30.426,1.14638,1.14642,1.12,1.50
2017.01.19 06:22:32.501,1.14637,1.14642,1.41,1.50
2017.01.19 06:22:32.575,1.14649,1.14653,5.81,1.00
2017.01.19 06:22:32.677,1.1465,1.14655,1.37,1.25
2017.01.19 06:22:32.728,1.14654,1.14655,1.00,1.00
2017.01.19 06:22:33.034,1.14656,1.14661,1.31,3.00
2017.01.19 06:22:33.813,1.1466,1.14662,1.69,2.25
2017.01.19 06:22:33.915,1.14662,1.14666,1.00,1.50
2017.01.19 06:22:34.421,1.14662,1.14666,1.12,1.87
2017.01.19 06:22:34.943,1.1466,1.14662,5.16,1.37
2017.01.19 06:22:34.994,1.14659,1.1466,1.50,1.69
2017.01.19 06:22:35.045,1.14656,1.1466,4.87,3.19
2017.01.19 06:22:35.147,1.14655,1.14656,1.87,1.00
2017.01.19 06:22:35.198,1.14652,1.14654,1.12,1.00
2017.01.19 06:22:35.533,1.1465,1.14655,1.18,2.62
2017.01.19 06:22:35.973,1.14652,1.14655,1.25,1.37
2017.01.19 06:22:36.125,1.14652,1.14657,1.25,2.25
2017.01.19 06:22:36.594,1.14654,1.14658,1.00,2.25
2017.01.19 06:22:36.868,1.14652,1.14658,6.28,2.25
2017.01.19 06:22:37.174,1.14652,1.14656,4.41,1.00
2017.01.19 06:22:38.932,1.14651,1.14655,1.32,1.00
2017.01.19 06:22:39.437,1.14651,1.14654,1.32,1.00
2017.01.19 06:22:39.742,1.14648,1.14651,1.00,1.50
2017.01.19 06:22:39.843,1.14645,1.14651,3.66,3.37
2017.01.19 06:22:42.804,1.14646,1.14651,3.13,1.12
2017.01.19 06:22:42.855,1.14649,1.14651,1.00,1.00
2017.01.19 06:22:43.146,1.14649,1.14654,1.31,1.87
2017.01.19 06:22:43.300,1.14651,1.14654,2.06,1.00
2017.01.19 06:22:43.402,1.14652,1.14656,2.16,1.50
2017.01.19 06:22:43.504,1.14653,1.14658,4.03,1.37
2017.01.19 06:22:43.605,1.14654,1.14659,1.01,3.00
2017.01.19 06:22:44.215,1.14658,1.1466,1.50,2.06
2017.01.19 06:22:44.368,1.1466,1.14665,1.70,3.00
2017.01.19 06:22:44.420,1.1466,1.14665,1.70,2.25
2017.01.19 06:22:45.097,1.1466,1.14664,1.45,1.00
2017.01.19 06:22:45.148,1.1466,1.14662,1.00,1.00
2017.01.19 06:22:45.351,1.14655,1.14659,4.78,1.50
2017.01.19 06:22:45.868,1.14656,1.1466,1.78,1.00
2017.01.19 06:22:46.373,1.14656,1.14661,2.91,1.50
2017.01.19 06:22:49.571,1.14656,1.1466,1.37,1.69
2017.01.19 06:22:50.079,1.14655,1.14659,1.12,1.69
2017.01.19 06:22:50.600,1.14653,1.14658,3.56,1.50
2017.01.19 06:22:51.106,1.14653,1.14657,2.06,1.00
2017.01.19 06:22:52.142,1.14653,1.14656,2.06,1.50
2017.01.19 06:22:52.244,1.14652,1.14655,2.25,1.50
2017.01.19 06:22:52.396,1.1465,1.14654,4.31,1.00
2017.01.19 06:22:53.664,1.14649,1.14653,2.44,2.25
2017.01.19 06:22:54.170,1.14649,1.14652,2.44,1.00
2017.01.19 06:22:54.711,1.14648,1.14653,4.69,2.25
2017.01.19 06:22:54.863,1.14648,1.14649,3.75,1.00
2017.01.19 06:22:54.965,1.14646,1.14648,1.00,1.00
2017.01.19 06:22:55.016,1.14644,1.14646,1.87,1.00
2017.01.19 06:22:55.208,1.14642,1.14646,2.25,1.69
2017.01.19 06:22:56.265,1.14641,1.14645,3.82,1.00
2017.01.19 06:22:57.103,1.1464,1.14646,9.04,2.06
2017.01.19 06:22:58.179,1.1464,1.14642,2.25,1.50
2017.01.19 06:22:58.382,1.14638,1.14641,1.17,1.00
2017.01.19 06:22:58.433,1.14638,1.14642,1.17,1.12
2017.01.19 06:22:59.111,1.14638,1.14643,1.12,2.44
2017.01.19 06:22:59.478,1.14641,1.14644,1.00,3.80
2017.01.19 06:22:59.732,1.14646,1.14651,2.11,1.87
2017.01.19 06:23:00.249,1.14646,1.14651,3.94,1.06
2017.01.19 06:23:01.127,1.14647,1.14653,1.69,5.11
2017.01.19 06:23:01.572,1.14648,1.14653,1.74,1.12
2017.01.19 06:23:01.724,1.14649,1.14655,2.86,1.25
2017.01.19 06:23:03.718,1.14649,1.14655,3.24,1.31
2017.01.19 06:23:04.233,1.14649,1.14655,2.49,2.86
2017.01.19 06:23:08.293,1.14649,1.14655,1.25,2.86
2017.01.19 06:23:08.395,1.14649,1.14655,2.11,2.44
2017.01.19 06:23:12.970,1.14652,1.14655,1.50,1.17
2017.01.19 06:23:13.246,1.14652,1.14657,4.12,1.36
2017.01.19 06:23:13.781,1.14651,1.14657,1.92,3.42
2017.01.19 06:23:14.633,1.14651,1.14655,1.92,1.00
2017.01.19 06:23:15.089,1.1465,1.14656,1.92,3.00
2017.01.19 06:23:17.797,1.1465,1.14656,1.50,3.61
2017.01.19 06:23:18.311,1.1465,1.14656,2.30,2.81
2017.01.19 06:23:18.817,1.1465,1.14656,1.00,3.61
2017.01.19 06:23:20.950,1.1465,1.14653,1.00,1.50
2017.01.19 06:23:21.102,1.14647,1.14651,1.06,1.50
2017.01.19 06:23:21.846,1.14647,1.14651,6.00,3.75
2017.01.19 06:23:22.356,1.14646,1.1465,6.00,1.87
2017.01.19 06:23:29.765,1.14647,1.1465,2.25,1.12
2017.01.19 06:23:30.274,1.14646,1.1465,6.00,2.25
2017.01.19 06:23:32.960,1.14648,1.1465,3.00,1.37
2017.01.19 06:23:33.112,1.14648,1.14652,6.00,4.31
2017.01.19 06:23:34.815,1.14649,1.14652,6.00,2.81
2017.01.19 06:23:34.988,1.1465,1.14653,2.25,2.25
2017.01.19 06:23:35.551,1.1465,1.14654,5.25,3.56
2017.01.19 06:23:37.246,1.14649,1.14654,4.50,5.44
2017.01.19 06:23:37.297,1.14649,1.14653,4.50,1.87
2017.01.19 06:23:37.859,1.14648,1.14653,4.50,4.31
2017.01.19 06:23:38.542,1.14647,1.14653,4.87,4.31
2017.01.19 06:23:39.054,1.14647,1.14652,3.00,3.94
2017.01.19 06:23:39.600,1.14647,1.14652,3.00,5.06
2017.01.19 06:23:41.524,1.14647,1.14649,3.00,2.62
2017.01.19 06:23:41.625,1.14645,1.14649,1.50,3.37
2017.01.19 06:23:41.886,1.14643,1.14646,4.12,1.69
2017.01.19 06:23:42.576,1.14643,1.14644,2.25,1.00
2017.01.19 06:23:42.627,1.14641,1.14644,4.50,1.25
2017.01.19 06:23:42.729,1.14639,1.14642,2.62,1.00
2017.01.19 06:23:42.932,1.14636,1.1464,6.00,3.19
2017.01.19 06:23:43.003,1.14636,1.14639,6.00,2.06
2017.01.19 06:23:43.054,1.14634,1.14638,6.00,1.25
2017.01.19 06:23:43.278,1.14632,1.14638,7.87,3.19
2017.01.19 06:23:43.783,1.14632,1.14636,6.37,1.12
2017.01.19 06:23:44.289,1.14633,1.14637,6.00,1.31
2017.01.19 06:23:46.069,1.14634,1.14637,1.00,1.31
2017.01.19 06:23:47.150,1.14635,1.14638,6.00,2.81
2017.01.19 06:23:47.694,1.14635,1.14639,6.00,4.31
2017.01.19 06:23:48.138,1.14632,1.14637,7.50,1.69
2017.01.19 06:23:48.442,1.14631,1.14636,7.31,3.37
2017.01.19 06:23:48.951,1.14633,1.14637,6.75,4.31
2017.01.19 06:23:49.205,1.14633,1.14637,6.75,1.69
2017.01.19 06:23:57.825,1.14633,1.14636,6.00,1.00
2017.01.19 06:23:58.330,1.14633,1.14638,7.12,2.44
2017.01.19 06:23:58.834,1.14633,1.14639,7.50,7.31
2017.01.19 06:23:59.250,1.14636,1.14639,2.25,5.06
2017.01.19 06:23:59.352,1.14637,1.1464,6.75,1.69
2017.01.19 06:24:01.079,1.14637,1.14641,7.87,1.31
2017.01.19 06:24:01.627,1.14639,1.14642,2.25,2.44
2017.01.19 06:24:05.712,1.14639,1.14643,6.00,3.75
2017.01.19 06:24:06.280,1.14639,1.14643,6.00,3.56
2017.01.19 06:24:06.814,1.14639,1.14643,6.00,3.56
2017.01.19 06:24:07.473,1.14637,1.14643,7.31,3.94
2017.01.19 06:24:09.024,1.14637,1.14642,8.62,3.56
2017.01.19 06:24:09.228,1.14635,1.1464,2.81,1.37
2017.01.19 06:24:09.745,1.14634,1.1464,9.19,4.69
2017.01.19 06:24:11.109,1.14634,1.1464,4.31,5.06
2017.01.19 06:24:12.330,1.14635,1.1464,1.12,3.19
2017.01.19 06:24:12.937,1.14636,1.14641,6.00,1.25
2017.01.19 06:24:16.868,1.14637,1.14642,7.50,2.81
2017.01.19 06:24:18.191,1.14637,1.14642,8.44,1.00
2017.01.19 06:24:18.493,1.14639,1.14642,6.00,1.00
2017.01.19 06:24:20.161,1.14637,1.14642,6.37,2.06
2017.01.19 06:24:20.697,1.14636,1.14641,6.37,1.69
2017.01.19 06:24:21.212,1.14637,1.14642,1.00,1.69
2017.01.19 06:24:21.728,1.14637,1.14642,6.94,1.00
2017.01.19 06:24:21.829,1.14639,1.14643,2.25,2.06
2017.01.19 06:24:22.699,1.14639,1.1464,6.00,1.50
2017.01.19 06:24:23.004,1.14635,1.14636,6.75,1.50
2017.01.19 06:24:23.235,1.14635,1.14637,6.75,1.00
2017.01.19 06:24:23.748,1.14633,1.14635,7.12,1.50
2017.01.19 06:24:24.296,1.14636,1.14639,3.94,1.00
2017.01.19 06:24:24.398,1.14635,1.14636,1.50,1.00
2017.01.19 06:24:24.449,1.14636,1.14637,3.75,1.50
2017.01.19 06:24:24.551,1.14633,1.14635,8.25,1.00
2017.01.19 06:24:25.057,1.14633,1.14635,6.37,1.00
2017.01.19 06:24:25.571,1.14632,1.14633,8.62,1.00
2017.01.19 06:24:27.454,1.14634,1.14635,2.62,1.50
2017.01.19 06:24:30.920,1.14635,1.14636,3.00,1.50
2017.01.19 06:24:31.450,1.14635,1.14636,6.75,1.50
2017.01.19 06:24:31.983,1.14634,1.14635,6.75,1.50
2017.01.19 06:24:33.166,1.14633,1.14636,7.87,1.00
2017.01.19 06:24:37.513,1.14633,1.14635,6.37,1.00
2017.01.19 06:24:38.017,1.14635,1.14636,4.50,1.50
2017.01.19 06:24:40.256,1.14635,1.14636,4.50,1.50
2017.01.19 06:24:40.509,1.14633,1.14634,3.37,1.50
2017.01.19 06:24:41.014,1.14632,1.14633,3.75,1.50
2017.01.19 06:24:41.540,1.14631,1.14632,2.62,1.50
2017.01.19 06:24:41.641,1.14632,1.14634,2.25,1.50
2017.01.19 06:24:41.924,1.14633,1.14635,5.25,1.50
2017.01.19 06:24:42.432,1.14633,1.14635,5.62,1.00
2017.01.19 06:24:42.930,1.14637,1.14638,1.00,2.25
2017.01.19 06:24:43.113,1.14638,1.14639,1.00,1.50
2017.01.19 06:24:43.630,1.14635,1.14637,5.44,1.00
2017.01.19 06:24:43.783,1.14634,1.14635,4.87,1.00
2017.01.19 06:24:45.934,1.14633,1.14635,4.50,1.50
2017.01.19 06:24:48.554,1.14633,1.14636,1.50,1.50
2017.01.19 06:24:52.220,1.14633,1.14634,1.50,1.00
2017.01.19 06:24:52.423,1.1463,1.14632,2.62,1.00
2017.01.19 06:24:52.726,1.14632,1.14633,1.00,1.50
2017.01.19 06:24:53.250,1.14631,1.14634,1.50,1.50
2017.01.19 06:24:53.789,1.14629,1.14634,6.41,1.50
2017.01.19 06:24:58.275,1.1463,1.14635,5.29,1.50
2017.01.19 06:24:59.648,1.14631,1.14636,4.12,1.69
2017.01.19 06:25:14.554,1.14633,1.14638,1.12,3.19
2017.01.19 06:25:14.656,1.14634,1.14638,1.00,1.00
2017.01.19 06:25:15.192,1.14634,1.14639,1.50,3.56
2017.01.19 06:25:15.925,1.14634,1.14638,1.00,1.00
2017.01.19 06:25:17.399,1.14633,1.14638,2.44,1.00
2017.01.19 06:25:18.501,1.14611,1.14613,2.25,1.12
2017.01.19 06:25:18.806,1.1459,1.14591,19.87,1.00
2017.01.19 06:25:18.857,1.14584,1.14588,3.75,1.87
2017.01.19 06:25:18.908,1.14582,1.14585,1.00,1.37
2017.01.19 06:25:18.959,1.14578,1.1458,7.35,1.37
2017.01.19 06:25:19.010,1.14582,1.14584,3.37,1.69
2017.01.19 06:25:19.317,1.14572,1.1458,1.50,1.00
2017.01.19 06:25:19.420,1.14575,1.14582,1.00,1.87
2017.01.19 06:25:19.673,1.14578,1.14586,1.00,1.87
2017.01.19 06:25:19.978,1.14583,1.14586,1.00,1.50
2017.01.19 06:25:20.182,1.14583,1.14589,1.00,1.87
2017.01.19 06:25:20.444,1.14586,1.14592,1.00,6.75
2017.01.19 06:25:20.541,1.14586,1.14595,2.25,1.12
2017.01.19 06:25:20.845,1.14588,1.14594,1.00,1.00
2017.01.19 06:25:20.897,1.14589,1.14596,1.00,5.62
2017.01.19 06:25:21.150,1.14594,1.14597,1.00,1.87
2017.01.19 06:25:21.354,1.14598,1.14603,1.69,1.12
2017.01.19 06:25:21.405,1.14601,1.14603,1.00,1.12
2017.01.19 06:25:21.456,1.14599,1.14605,1.00,2.44
2017.01.19 06:25:21.743,1.14605,1.14608,1.00,1.12
2017.01.19 06:25:21.794,1.14606,1.14612,1.00,7.31
2017.01.19 06:25:21.895,1.14607,1.14614,1.69,1.69
2017.01.19 06:25:22.402,1.14608,1.14614,1.00,2.06
2017.01.19 06:25:22.656,1.14608,1.14612,1.00,2.44
2017.01.19 06:25:22.960,1.14604,1.1461,1.95,1.87
2017.01.19 06:25:23.169,1.14605,1.14611,1.69,1.31
2017.01.19 06:25:25.532,1.14605,1.1461,1.69,1.12
2017.01.19 06:25:25.830,1.14604,1.14609,1.01,1.31
2017.01.19 06:25:26.337,1.14603,1.14609,1.01,4.31
2017.01.19 06:25:27.097,1.14603,1.14606,1.00,3.40
2017.01.19 06:25:27.334,1.14597,1.14601,5.62,1.00
2017.01.19 06:25:27.536,1.14596,1.14601,3.75,1.19
2017.01.19 06:25:27.638,1.14596,1.14601,3.75,1.50
2017.01.19 06:25:27.841,1.14594,1.14601,1.69,3.75
2017.01.19 06:25:27.892,1.14594,1.14601,1.50,4.69
2017.01.19 06:25:28.008,1.14594,1.14601,1.00,3.19
2017.01.19 06:25:28.612,1.14594,1.14602,3.56,1.00
2017.01.19 06:25:29.116,1.14595,1.14602,1.50,1.50
2017.01.19 06:25:30.174,1.14595,1.14602,1.50,1.50
2017.01.19 06:25:30.706,1.14596,1.14602,1.00,1.50
2017.01.19 06:25:31.841,1.14599,1.14602,1.00,1.00
2017.01.19 06:25:32.353,1.14596,1.14602,2.06,1.00
2017.01.19 06:25:32.859,1.14596,1.14602,1.00,1.50
2017.01.19 06:25:33.382,1.14595,1.14602,2.44,2.62
2017.01.19 06:25:35.215,1.14595,1.14602,3.19,2.62
2017.01.19 06:25:35.809,1.14598,1.14602,1.00,1.12
2017.01.19 06:25:35.911,1.14596,1.14602,1.87,1.12
2017.01.19 06:25:36.013,1.14597,1.14602,1.50,1.00
2017.01.19 06:25:36.165,1.14597,1.14603,1.12,3.56
2017.01.19 06:25:36.730,1.14596,1.14602,3.00,1.50
2017.01.19 06:25:40.868,1.14596,1.14601,1.00,1.50
2017.01.19 06:25:41.761,1.14597,1.146,1.00,1.87
2017.01.19 06:25:43.673,1.14599,1.14601,2.85,2.24
2017.01.19 06:25:43.774,1.14599,1.14602,5.47,1.87
2017.01.19 06:25:43.825,1.14601,1.14602,1.00,1.50
2017.01.19 06:25:44.048,1.14599,1.14601,3.00,1.50
2017.01.19 06:25:44.556,1.14597,1.14601,1.12,1.50
2017.01.19 06:25:45.062,1.14596,1.146,1.69,1.50
2017.01.19 06:25:45.140,1.14596,1.14601,2.44,1.50
2017.01.19 06:25:48.690,1.14597,1.146,3.75,1.31
2017.01.19 06:25:48.850,1.14596,1.14597,1.12,1.50
2017.01.19 06:25:49.426,1.14594,1.14596,2.25,1.00
2017.01.19 06:25:51.169,1.14594,1.14598,2.25,1.31
2017.01.19 06:25:54.355,1.14594,1.14599,1.12,3.19
2017.01.19 06:26:01.257,1.14596,1.14599,1.00,1.37
2017.01.19 06:26:01.359,1.14597,1.14602,1.50,6.94
2017.01.19 06:26:01.593,1.14597,1.14603,2.62,5.44
2017.01.19 06:26:02.100,1.14598,1.14603,1.00,2.81
2017.01.19 06:26:09.271,1.14597,1.14602,1.12,1.31
2017.01.19 06:26:10.036,1.14595,1.14602,5.81,2.44
2017.01.19 06:26:10.238,1.14594,1.14601,2.81,5.44
2017.01.19 06:26:16.681,1.14594,1.146,4.87,3.56
2017.01.19 06:26:23.389,1.14596,1.146,1.19,1.87
2017.01.19 06:26:24.386,1.14596,1.14601,2.44,3.00
2017.01.19 06:26:27.765,1.14598,1.14601,1.00,1.00
2017.01.19 06:26:28.069,1.14604,1.14608,1.25,1.12
2017.01.19 06:26:28.474,1.14605,1.1461,2.81,2.25
2017.01.19 06:26:29.005,1.14606,1.1461,1.50,1.50
2017.01.19 06:26:29.573,1.14607,1.14611,2.29,1.75
2017.01.19 06:26:29.777,1.14613,1.14617,1.69,1.50
2017.01.19 06:26:29.828,1.14616,1.14617,1.50,1.00
2017.01.19 06:26:29.929,1.14617,1.14621,2.06,1.50
2017.01.19 06:26:30.132,1.1462,1.14621,1.00,1.00
2017.01.19 06:26:30.234,1.1462,1.14624,1.25,2.25
2017.01.19 06:26:30.775,1.14619,1.14622,1.00,1.50
2017.01.19 06:26:31.280,1.14618,1.14623,1.25,3.75
2017.01.19 06:26:31.555,1.14616,1.14619,1.37,1.50
2017.01.19 06:26:31.656,1.14615,1.14617,1.12,1.87
2017.01.19 06:26:33.542,1.14616,1.14619,1.00,1.75
2017.01.19 06:26:33.644,1.14616,1.1462,1.69,2.62
2017.01.19 06:26:34.150,1.14617,1.1462,1.25,1.00
2017.01.19 06:26:35.617,1.14617,1.14621,1.25,1.12
2017.01.19 06:26:36.529,1.14617,1.14622,1.25,1.50
2017.01.19 06:26:36.782,1.14618,1.14619,1.00,1.00
2017.01.19 06:26:36.834,1.14616,1.14619,1.00,1.00
2017.01.19 06:26:37.354,1.14615,1.1462,1.31,1.12
2017.01.19 06:26:38.814,1.14615,1.14619,1.31,1.00
2017.01.19 06:26:39.321,1.14615,1.14621,1.25,4.12
2017.01.19 06:26:49.504,1.14616,1.1462,2.44,1.00
2017.01.19 06:26:49.605,1.14617,1.14622,1.25,1.50
2017.01.19 06:26:50.613,1.14618,1.14622,3.94,1.00
2017.01.19 06:26:50.816,1.14621,1.14626,3.94,1.50
2017.01.19 06:26:51.353,1.14622,1.14627,1.00,1.50
2017.01.19 06:26:51.889,1.14622,1.14627,3.19,1.00
2017.01.19 06:26:52.405,1.14623,1.14628,1.69,1.50
2017.01.19 06:26:52.639,1.14623,1.14626,1.00,1.00
2017.01.19 06:26:53.216,1.14622,1.14626,2.44,1.12
2017.01.19 06:26:56.772,1.14623,1.14627,1.25,1.12
2017.01.19 06:26:57.086,1.14629,1.1463,1.00,1.12
2017.01.19 06:26:57.241,1.14631,1.14634,2.25,1.50
2017.01.19 06:26:57.393,1.14633,1.14635,1.00,1.00
2017.01.19 06:26:58.000,1.14632,1.14635,1.00,1.00
2017.01.19 06:26:58.528,1.14632,1.14637,3.94,2.62
2017.01.19 06:26:58.782,1.14631,1.14636,3.37,1.12
2017.01.19 06:26:59.304,1.14632,1.14636,1.00,1.50
2017.01.19 06:27:02.403,1.14635,1.14639,1.25,5.62
2017.01.19 06:27:02.454,1.14635,1.14639,5.25,1.00
2017.01.19 06:27:02.556,1.14638,1.1464,1.00,1.00
2017.01.19 06:27:02.657,1.14639,1.14642,1.00,1.00
2017.01.19 06:27:03.169,1.14638,1.14642,1.50,1.00
2017.01.19 06:27:04.413,1.14639,1.14643,1.00,3.37
2017.01.19 06:27:04.929,1.14638,1.14643,2.25,3.75
2017.01.19 06:27:05.030,1.14637,1.14642,2.44,2.25
2017.01.19 06:27:05.536,1.14637,1.14641,1.19,1.50
2017.01.19 06:27:08.190,1.14637,1.1464,1.19,1.87
2017.01.19 06:27:08.337,1.14636,1.14639,1.00,1.50
2017.01.19 06:27:08.852,1.14634,1.14639,3.19,1.50
2017.01.19 06:27:10.161,1.14638,1.1464,3.04,1.87
2017.01.19 06:27:10.263,1.14639,1.14643,2.10,2.25
2017.01.19 06:27:10.605,1.14638,1.14642,6.56,1.00
2017.01.19 06:27:11.067,1.1464,1.14643,1.00,1.75
2017.01.19 06:27:11.270,1.14638,1.14643,6.41,1.37
2017.01.19 06:27:11.966,1.14638,1.14643,7.91,1.37
2017.01.19 06:27:12.480,1.14638,1.14643,6.41,1.37
2017.01.19 06:27:13.102,1.14638,1.14643,12.41,1.00
2017.01.19 06:27:15.490,1.14639,1.14643,2.10,1.12
2017.01.19 06:27:15.542,1.14641,1.14643,3.04,1.12
2017.01.19 06:27:15.746,1.14643,1.14647,2.25,3.00
2017.01.19 06:27:16.367,1.14651,1.14652,3.00,8.25
2017.01.19 06:27:16.458,1.14651,1.14653,3.00,1.00
2017.01.19 06:27:16.509,1.14651,1.14655,3.00,1.87
2017.01.19 06:27:17.015,1.14649,1.14655,3.04,3.75
2017.01.19 06:27:17.529,1.14649,1.14654,2.44,1.00
2017.01.19 06:27:17.682,1.1465,1.14654,6.41,1.00
2017.01.19 06:27:17.783,1.1465,1.14653,1.54,1.00
2017.01.19 06:27:19.187,1.14649,1.14652,1.31,1.00
2017.01.19 06:27:21.622,1.14648,1.14652,8.29,1.50
2017.01.19 06:27:22.529,1.14649,1.14653,1.54,1.00
2017.01.19 06:27:23.840,1.14648,1.14654,6.79,3.37
2017.01.19 06:27:24.346,1.14648,1.14653,7.54,1.00
2017.01.19 06:27:26.060,1.14649,1.14655,1.54,3.56
2017.01.19 06:27:26.110,1.14648,1.14652,8.29,1.00
2017.01.19 06:27:28.253,1.14648,1.14652,4.69,1.00
2017.01.19 06:27:28.758,1.14649,1.14653,1.00,1.00
2017.01.19 06:27:29.289,1.14648,1.14653,7.16,1.00
2017.01.19 06:27:30.166,1.14649,1.14653,1.00,1.00
2017.01.19 06:27:31.384,1.14648,1.14653,6.04,1.00
2017.01.19 06:27:31.889,1.14649,1.14653,1.00,1.00
2017.01.19 06:27:32.424,1.14649,1.14654,1.00,1.31
2017.01.19 06:27:33.092,1.14649,1.14653,1.00,2.25
2017.01.19 06:27:33.599,1.14648,1.14654,6.79,1.69
2017.01.19 06:27:35.284,1.14648,1.14654,7.35,2.44
2017.01.19 06:27:35.850,1.14649,1.14654,1.35,2.44
2017.01.19 06:27:42.256,1.1465,1.14654,1.00,2.06
2017.01.19 06:27:42.660,1.14654,1.14655,1.00,2.81
2017.01.19 06:27:42.914,1.14664,1.14667,1.00,3.19
2017.01.19 06:27:43.455,1.14663,1.14668,1.87,2.81
2017.01.19 06:27:44.723,1.14663,1.14666,1.00,1.25
2017.01.19 06:27:45.229,1.14662,1.14667,2.62,2.06
2017.01.19 06:27:47.538,1.14665,1.14667,1.00,2.81
2017.01.19 06:27:47.690,1.14664,1.14665,1.00,1.00
2017.01.19 06:27:47.793,1.14661,1.14664,1.50,2.00
2017.01.19 06:27:48.892,1.14661,1.14663,1.50,1.87
2017.01.19 06:27:49.398,1.1466,1.14664,3.37,2.06
2017.01.19 06:27:50.203,1.14662,1.14664,1.50,1.69
2017.01.19 06:27:52.751,1.14662,1.14664,1.50,2.06
2017.01.19 06:27:53.338,1.14673,1.14677,1.00,11.99
2017.01.19 06:27:53.643,1.14684,1.14686,2.25,1.00
2017.01.19 06:27:54.002,1.14683,1.14684,1.50,1.00
2017.01.19 06:27:54.510,1.14684,1.14686,2.25,1.69
2017.01.19 06:27:55.455,1.14682,1.14684,1.00,1.25
2017.01.19 06:27:55.759,1.1468,1.14682,1.50,1.69
2017.01.19 06:27:55.963,1.14678,1.1468,1.12,2.44
2017.01.19 06:27:56.556,1.14676,1.14679,1.75,1.25
2017.01.19 06:27:56.849,1.14675,1.14679,1.87,1.09
2017.01.19 06:27:57.355,1.14675,1.14678,1.12,1.00
2017.01.19 06:27:57.475,1.14673,1.14674,6.42,1.05
2017.01.19 06:27:57.628,1.14669,1.14671,1.50,1.69
2017.01.19 06:27:57.729,1.14666,1.14669,2.25,1.25
2017.01.19 06:27:57.830,1.14665,1.14668,1.00,1.00
2017.01.19 06:27:57.881,1.14665,1.14667,1.00,2.06
2017.01.19 06:27:58.117,1.1466,1.14665,1.50,1.69
2017.01.19 06:27:58.626,1.14658,1.14663,3.05,1.25
2017.01.19 06:28:03.228,1.14659,1.14664,1.00,2.81
2017.01.19 06:28:03.759,1.14661,1.14665,1.00,1.69
2017.01.19 06:28:06.141,1.14662,1.14666,1.00,1.94
2017.01.19 06:28:06.649,1.14662,1.14666,1.87,1.31
2017.01.19 06:28:08.742,1.14662,1.14668,1.87,2.81
2017.01.19 06:28:09.247,1.14663,1.14668,1.00,1.69
2017.01.19 06:28:09.914,1.14663,1.14667,1.17,1.19
2017.01.19 06:28:09.965,1.14662,1.14665,2.30,2.44
2017.01.19 06:28:10.017,1.14659,1.14663,1.87,1.00
2017.01.19 06:28:10.118,1.14658,1.14663,1.00,1.69
2017.01.19 06:28:10.372,1.1466,1.14665,1.00,2.81
2017.01.19 06:28:12.640,1.14659,1.14665,3.42,2.81
2017.01.19 06:28:13.146,1.14658,1.14664,1.50,3.30
2017.01.19 06:28:13.455,1.1466,1.14665,1.12,1.31
2017.01.19 06:28:14.650,1.14659,1.14665,2.30,2.44
2017.01.19 06:28:15.156,1.1466,1.14665,1.00,2.06
2017.01.19 06:28:16.444,1.14659,1.14665,1.17,2.06
2017.01.19 06:28:17.270,1.14659,1.14665,3.37,1.31
2017.01.19 06:28:18.032,1.14661,1.14665,1.00,2.06
2017.01.19 06:28:18.235,1.14659,1.14665,1.55,1.69
2017.01.19 06:28:18.337,1.14661,1.14665,1.00,3.19
2017.01.19 06:28:18.438,1.14659,1.14665,1.06,2.44
2017.01.19 06:28:18.642,1.14661,1.14664,1.00,1.00
2017.01.19 06:28:18.946,1.14659,1.14665,4.17,2.06
2017.01.19 06:28:19.402,1.14658,1.14663,2.67,1.25
2017.01.19 06:28:19.910,1.14658,1.14663,1.50,1.25
2017.01.19 06:28:20.213,1.1466,1.14663,1.00,1.25
2017.01.19 06:28:20.574,1.1466,1.14665,1.50,2.44
2017.01.19 06:28:20.626,1.14661,1.14665,1.92,2.06
2017.01.19 06:28:21.132,1.14661,1.14666,1.17,2.06
2017.01.19 06:28:24.686,1.1466,1.14663,1.92,1.87
2017.01.19 06:28:26.664,1.14658,1.1466,4.17,1.00
2017.01.19 06:28:26.765,1.14656,1.14658,1.00,2.81
2017.01.19 06:28:26.816,1.14654,1.14656,2.30,1.69
2017.01.19 06:28:26.868,1.14651,1.14654,4.87,1.25
2017.01.19 06:28:26.920,1.14651,1.14653,4.50,1.69
2017.01.19 06:28:26.972,1.14648,1.14652,6.37,1.25
2017.01.19 06:28:27.074,1.14647,1.14652,1.12,2.81
2017.01.19 06:28:27.278,1.14644,1.14649,1.17,1.69
2017.01.19 06:28:27.501,1.1464,1.14646,7.92,2.06
2017.01.19 06:28:27.653,1.14646,1.14647,1.00,1.12
2017.01.19 06:28:27.805,1.14648,1.14652,1.00,5.44
2017.01.19 06:28:27.907,1.14648,1.14652,1.00,1.69
2017.01.19 06:28:28.293,1.14646,1.14652,2.67,3.94
2017.01.19 06:28:29.244,1.14646,1.1465,3.00,1.00
2017.01.19 06:28:29.295,1.14644,1.14649,1.00,2.44
2017.01.19 06:28:29.802,1.14643,1.14649,1.50,3.19
2017.01.19 06:28:30.310,1.14642,1.14647,3.07,2.25
2017.01.19 06:28:30.564,1.14642,1.14645,2.32,1.31
2017.01.19 06:28:30.869,1.14633,1.14638,1.87,1.69
2017.01.19 06:28:31.089,1.14634,1.1464,2.25,5.44
2017.01.19 06:28:31.191,1.14636,1.1464,1.00,4.69
2017.01.19 06:28:31.394,1.14634,1.1464,3.00,2.44
2017.01.19 06:28:31.497,1.14636,1.1464,1.00,2.44
2017.01.19 06:28:32.041,1.14637,1.1464,1.50,3.94
2017.01.19 06:28:32.548,1.14636,1.1464,1.50,3.94
2017.01.19 06:28:33.599,1.14635,1.14636,1.00,3.19
2017.01.19 06:28:33.651,1.14635,1.14637,1.00,3.41
2017.01.19 06:28:33.753,1.14632,1.14635,4.50,1.50
2017.01.19 06:28:33.906,1.14634,1.14638,1.00,1.87
2017.01.19 06:28:34.008,1.14635,1.14639,1.50,1.25
2017.01.19 06:28:35.841,1.14637,1.14639,1.00,1.10
2017.01.19 06:28:35.993,1.1464,1.14644,1.00,1.50
2017.01.19 06:28:36.095,1.14643,1.14645,1.00,1.50
2017.01.19 06:28:36.399,1.14647,1.14652,2.62,2.06
2017.01.19 06:28:36.916,1.14647,1.14652,5.62,1.19
2017.01.19 06:28:37.423,1.14647,1.14652,4.87,1.31
2017.01.19 06:28:37.929,1.14647,1.1465,4.12,2.25
2017.01.19 06:28:38.008,1.14647,1.14649,1.50,2.29
2017.01.19 06:28:38.238,1.14644,1.14648,1.12,1.25
2017.01.19 06:28:38.580,1.14643,1.14644,3.75,1.30
2017.01.19 06:28:38.733,1.14639,1.14643,5.62,1.69
2017.01.19 06:28:38.784,1.14639,1.14642,3.75,1.69
2017.01.19 06:28:38.835,1.14638,1.14641,1.12,1.31
2017.01.19 06:28:38.886,1.14635,1.1464,7.20,1.69
2017.01.19 06:28:38.937,1.14635,1.1464,1.95,2.91
2017.01.19 06:28:39.039,1.14634,1.14639,2.25,2.06
2017.01.19 06:28:39.090,1.14634,1.14638,1.12,1.19
2017.01.19 06:28:39.242,1.14633,1.14639,3.00,2.44
2017.01.19 06:28:39.783,1.14633,1.14639,3.00,2.74
2017.01.19 06:28:39.971,1.14635,1.14639,1.00,1.25
2017.01.19 06:28:40.479,1.14636,1.14641,1.50,3.56
2017.01.19 06:28:43.618,1.14636,1.14639,1.50,3.37
2017.01.19 06:28:43.822,1.14634,1.14638,2.44,1.00
2017.01.19 06:28:44.329,1.14636,1.14639,1.00,1.00
2017.01.19 06:28:45.094,1.14635,1.14639,1.50,1.00
2017.01.19 06:28:45.609,1.14635,1.1464,1.50,1.69
2017.01.19 06:28:46.079,1.14634,1.14639,2.44,1.64
2017.01.19 06:28:46.281,1.14634,1.1464,5.44,1.25
2017.01.19 06:28:46.484,1.14634,1.14639,3.19,1.64
2017.01.19 06:28:46.625,1.14634,1.1464,4.69,1.69
2017.01.19 06:28:46.878,1.14636,1.1464,2.25,2.32
2017.01.19 06:28:47.086,1.14636,1.14641,1.87,2.06
2017.01.19 06:28:47.593,1.14633,1.14639,8.44,1.64
2017.01.19 06:28:47.823,1.14634,1.1464,2.44,3.28
2017.01.19 06:28:47.874,1.14634,1.14639,2.44,1.64
2017.01.19 06:28:47.976,1.14634,1.14639,3.94,1.00
2017.01.19 06:28:48.506,1.14634,1.1464,3.94,1.78
2017.01.19 06:28:48.608,1.14634,1.14639,2.44,1.64
2017.01.19 06:28:49.689,1.14634,1.1464,5.44,1.69
2017.01.19 06:28:49.790,1.14634,1.1464,4.69,3.82
2017.01.19 06:28:49.892,1.14634,1.1464,5.44,1.69
2017.01.19 06:28:49.994,1.14634,1.14639,3.94,1.64
2017.01.19 06:28:50.095,1.14634,1.1464,5.44,1.69
2017.01.19 06:28:50.197,1.14636,1.1464,1.50,1.25
2017.01.19 06:28:50.450,1.14634,1.1464,3.94,3.07
2017.01.19 06:28:50.602,1.14634,1.14639,2.44,1.64
2017.01.19 06:28:54.121,1.14633,1.1464,4.69,4.31
2017.01.19 06:28:54.656,1.14635,1.1464,2.25,1.03
2017.01.19 06:28:54.909,1.14637,1.14641,1.50,3.56
2017.01.19 06:28:55.428,1.14638,1.14641,1.00,2.06
2017.01.19 06:28:56.134,1.14639,1.14641,1.00,1.19
2017.01.19 06:28:56.852,1.14639,1.14642,1.00,1.72
2017.01.19 06:28:58.151,1.14632,1.14639,30.11,2.10
2017.01.19 06:28:58.203,1.14638,1.1464,1.50,1.00
2017.01.19 06:28:58.254,1.14635,1.14637,1.87,1.50
2017.01.19 06:28:58.460,1.14636,1.14639,1.69,1.50
2017.01.19 06:28:58.765,1.14638,1.14641,1.50,1.50
2017.01.19 06:28:59.171,1.14641,1.14642,1.00,1.12
2017.01.19 06:28:59.374,1.14644,1.14646,1.25,2.25
2017.01.19 06:28:59.541,1.14646,1.14648,1.69,1.00
2017.01.19 06:28:59.851,1.14648,1.1465,1.19,4.72
2017.01.19 06:29:00.358,1.14648,1.1465,1.50,1.12
2017.01.19 06:29:00.662,1.14653,1.14657,6.19,7.87
2017.01.19 06:29:00.764,1.14656,1.14659,1.50,5.25
2017.01.19 06:29:00.985,1.14656,1.14659,1.50,1.50
2017.01.19 06:29:01.492,1.14655,1.14659,1.69,2.25
2017.01.19 06:29:02.723,1.14654,1.14658,1.19,1.00
2017.01.19 06:29:03.172,1.14654,1.14658,1.19,2.25
2017.01.19 06:29:03.728,1.14653,1.14658,1.31,2.25
2017.01.19 06:29:04.489,1.14658,1.14659,1.25,2.25
2017.01.19 06:29:04.796,1.14659,1.14665,1.69,3.00
2017.01.19 06:29:05.303,1.14661,1.14666,1.00,1.62
2017.01.19 06:29:05.815,1.1466,1.14666,2.06,2.06
2017.01.19 06:29:08.645,1.14659,1.14662,1.69,1.00
2017.01.19 06:29:09.190,1.14658,1.14664,4.69,2.25
2017.01.19 06:29:12.002,1.14658,1.14663,2.44,1.87
2017.01.19 06:29:12.812,1.14658,1.14663,1.25,2.25
2017.01.19 06:29:13.581,1.14657,1.14661,3.19,1.00
2017.01.19 06:29:14.245,1.14656,1.14661,3.19,1.50
2017.01.19 06:29:16.322,1.14656,1.14662,3.19,1.31
2017.01.19 06:29:30.668,1.14656,1.14662,2.81,3.19
2017.01.19 06:29:42.993,1.14658,1.14662,1.19,1.50
2017.01.19 06:29:43.324,1.1466,1.14664,1.00,1.00
2017.01.19 06:29:43.864,1.1466,1.14665,1.87,1.00
2017.01.19 06:29:44.368,1.1466,1.14666,1.87,3.47
2017.01.19 06:29:46.162,1.14662,1.14666,1.00,3.47
2017.01.19 06:29:46.872,1.1466,1.14665,2.25,1.50
2017.01.19 06:29:47.024,1.14662,1.14665,1.00,1.00
2017.01.19 06:29:49.841,1.14662,1.14665,1.50,1.22
2017.01.19 06:29:50.246,1.14659,1.14662,1.00,2.06
2017.01.19 06:29:50.348,1.14656,1.14662,1.31,3.66
2017.01.19 06:29:50.889,1.14655,1.14661,6.19,1.10
2017.01.19 06:29:52.747,1.14655,1.14658,5.25,1.00
2017.01.19 06:29:53.724,1.14655,1.14659,2.62,1.13
2017.01.19 06:29:54.694,1.14654,1.14655,4.87,1.54
2017.01.19 06:29:54.847,1.1465,1.14655,1.69,2.25
2017.01.19 06:29:55.100,1.1465,1.14654,1.00,2.10
2017.01.19 06:29:55.452,1.14645,1.14648,1.00,4.31
2017.01.19 06:29:55.504,1.14642,1.14647,1.57,1.50
2017.01.19 06:29:56.265,1.14641,1.14646,3.07,1.50
2017.01.19 06:29:56.316,1.14641,1.14644,2.32,3.22
2017.01.19 06:29:56.417,1.14638,1.14641,1.31,2.25
2017.01.19 06:29:56.923,1.14637,1.14642,2.06,1.00
2017.01.19 06:29:57.428,1.14637,1.14643,1.31,4.72
2017.01.19 06:29:58.010,1.14637,1.14642,1.31,1.50
2017.01.19 06:29:58.163,1.14636,1.14641,1.50,3.04
2017.01.19 06:29:58.265,1.14635,1.1464,1.20,5.66
2017.01.19 06:29:59.909,1.14634,1.14637,2.21,1.00
2017.01.19 06:30:00.212,1.14634,1.14636,2.21,1.00
2017.01.19 06:30:00.517,1.14629,1.14632,2.70,1.00
2017.01.19 06:30:01.023,1.14627,1.14632,1.69,1.12
2017.01.19 06:30:01.328,1.1463,1.14633,1.31,1.50
2017.01.19 06:30:01.480,1.14633,1.14636,1.00,1.00
2017.01.19 06:30:01.683,1.14633,1.14638,1.50,2.06
2017.01.19 06:30:03.332,1.14634,1.14638,1.00,1.69
2017.01.19 06:30:03.838,1.14632,1.14638,3.19,2.44
2017.01.19 06:30:04.839,1.14631,1.14633,3.75,2.25
2017.01.19 06:30:04.941,1.14629,1.14632,2.70,3.60
2017.01.19 06:30:04.992,1.14629,1.14632,1.20,3.00
2017.01.19 06:30:05.246,1.14631,1.14634,1.50,2.25
2017.01.19 06:30:06.030,1.14631,1.14637,1.12,4.31
2017.01.19 06:30:06.233,1.14629,1.14634,2.51,1.50
2017.01.19 06:30:06.538,1.14632,1.14636,1.00,1.12
2017.01.19 06:30:07.046,1.14633,1.14637,1.00,1.00
2017.01.19 06:30:07.666,1.14633,1.14638,1.00,1.87
2017.01.19 06:30:10.222,1.14635,1.14639,1.00,3.37
2017.01.19 06:30:10.474,1.14633,1.14639,1.87,2.62
2017.01.19 06:30:11.977,1.14633,1.14639,1.00,3.75
2017.01.19 06:30:12.488,1.14632,1.14639,4.31,3.75
2017.01.19 06:30:13.544,1.14633,1.14639,1.00,3.00
2017.01.19 06:30:14.077,1.14632,1.14639,4.31,2.25
2017.01.19 06:30:18.101,1.14633,1.14638,1.00,1.12
2017.01.19 06:30:19.452,1.14632,1.14638,4.31,1.12
2017.01.19 06:30:21.697,1.14634,1.14638,1.95,1.00
2017.01.19 06:30:21.798,1.14635,1.1464,1.20,4.31
2017.01.19 06:30:22.305,1.14635,1.1464,1.20,3.66
2017.01.19 06:30:30.059,1.14634,1.14641,3.07,2.44
2017.01.19 06:30:37.317,1.14635,1.1464,1.57,1.41
2017.01.19 06:30:41.983,1.14635,1.14641,6.00,2.16
2017.01.19 06:30:42.035,1.14637,1.14641,1.50,2.16
2017.01.19 06:30:42.137,1.14637,1.14643,1.50,3.32
2017.01.19 06:30:42.248,1.14636,1.14642,4.69,2.35
2017.01.19 06:30:42.400,1.14635,1.14641,2.89,2.16
2017.01.19 06:30:42.906,1.14635,1.1464,1.39,1.60
2017.01.19 06:30:43.799,1.14636,1.14638,1.50,1.00
2017.01.19 06:30:44.103,1.14642,1.14644,1.00,12.94
2017.01.19 06:30:44.630,1.1464,1.14643,1.50,1.69
2017.01.19 06:30:47.405,1.14641,1.14643,1.50,1.69
2017.01.19 06:30:47.911,1.14641,1.14643,1.50,1.69
2017.01.19 06:30:49.209,1.14644,1.14645,1.50,2.30
2017.01.19 06:30:49.361,1.14645,1.14646,1.50,1.00
2017.01.19 06:30:49.464,1.14646,1.14648,1.50,1.55
2017.01.19 06:30:49.565,1.14648,1.1465,1.00,3.80
2017.01.19 06:30:49.880,1.14651,1.14653,1.50,4.55
2017.01.19 06:30:50.235,1.14651,1.14653,1.00,1.55
2017.01.19 06:30:51.260,1.14651,1.14652,1.00,1.12
2017.01.19 06:30:52.545,1.14649,1.14652,1.00,1.12
2017.01.19 06:30:53.093,1.1465,1.14651,1.00,1.00
2017.01.19 06:30:53.963,1.1465,1.14653,1.00,4.74
2017.01.19 06:30:54.871,1.14649,1.14653,1.00,3.99
2017.01.19 06:30:55.669,1.14648,1.14652,1.50,2.44
2017.01.19 06:30:59.321,1.1465,1.14652,1.00,1.00
2017.01.19 06:30:59.474,1.1465,1.14654,1.00,1.87
2017.01.19 06:30:59.931,1.14651,1.14656,3.94,1.50
2017.01.19 06:31:00.439,1.14653,1.14658,2.44,1.00
2017.01.19 06:31:01.906,1.14653,1.14658,2.89,1.00
2017.01.19 06:31:02.160,1.14661,1.14664,2.10,1.31
2017.01.19 06:31:02.671,1.14662,1.14665,1.00,1.31
2017.01.19 06:31:03.094,1.14659,1.14663,1.50,1.00
2017.01.19 06:31:03.195,1.14657,1.14659,1.87,1.00
2017.01.19 06:31:03.500,1.14641,1.14644,8.62,1.00
2017.01.19 06:31:03.601,1.14641,1.14644,1.00,2.25
2017.01.19 06:31:04.128,1.14639,1.14644,3.37,2.62
2017.01.19 06:31:05.168,1.14639,1.14643,3.37,1.00
2017.01.19 06:31:05.698,1.14639,1.14644,3.56,1.87
2017.01.19 06:31:05.909,1.14641,1.14644,1.00,1.87
2017.01.19 06:31:06.309,1.14639,1.14642,1.50,1.00
2017.01.19 06:31:06.418,1.14638,1.14642,1.50,1.50
2017.01.19 06:31:07.717,1.14638,1.14641,1.50,1.00
2017.01.19 06:31:08.224,1.14637,1.14641,1.31,1.50
2017.01.19 06:31:09.439,1.14636,1.14643,5.44,4.31
2017.01.19 06:31:18.204,1.1464,1.14643,1.19,2.62
2017.01.19 06:31:18.617,1.14637,1.14643,5.06,1.87
2017.01.19 06:31:19.131,1.14637,1.14643,4.69,1.00
2017.01.19 06:31:22.313,1.14637,1.14643,1.00,11.53
2017.01.19 06:31:22.364,1.14636,1.14642,1.50,1.60
2017.01.19 06:31:35.626,1.14637,1.14643,1.87,2.06
2017.01.19 06:31:37.149,1.14636,1.14642,3.75,2.25
2017.01.19 06:31:38.430,1.14636,1.14641,2.25,2.44
2017.01.19 06:31:38.753,1.14635,1.14638,6.37,1.50
2017.01.19 06:31:43.731,1.14635,1.14637,1.37,3.00
2017.01.19 06:31:43.832,1.14633,1.14636,1.37,1.00
2017.01.19 06:31:43.883,1.14633,1.14635,1.12,1.85
2017.01.19 06:31:43.934,1.14631,1.14633,1.50,1.00
2017.01.19 06:31:44.124,1.14629,1.14632,1.01,1.00
2017.01.19 06:31:44.226,1.14629,1.14634,1.69,5.06
2017.01.19 06:31:44.732,1.14629,1.14633,1.25,1.00
2017.01.19 06:31:45.239,1.14629,1.14634,1.25,1.69
2017.01.19 06:31:45.543,1.14632,1.14634,1.00,1.25
2017.01.19 06:31:45.645,1.1463,1.14635,1.00,3.19
2017.01.19 06:31:46.450,1.1463,1.14634,2.25,1.25
2017.01.19 06:31:46.892,1.14634,1.14635,1.00,1.12
2017.01.19 06:31:46.982,1.14635,1.14637,1.69,1.50
2017.01.19 06:31:47.033,1.14636,1.14637,1.50,1.00
2017.01.19 06:31:47.084,1.14636,1.1464,3.37,1.12
2017.01.19 06:31:47.136,1.14639,1.14642,1.00,2.06
2017.01.19 06:31:47.381,1.1464,1.14645,3.19,1.50
2017.01.19 06:31:47.889,1.1464,1.14646,5.44,1.69
2017.01.19 06:31:48.945,1.1464,1.14646,2.06,5.11
2017.01.19 06:31:54.353,1.14639,1.14643,2.62,1.00
2017.01.19 06:31:54.556,1.14635,1.14639,1.12,1.50
2017.01.19 06:31:54.608,1.14633,1.14637,2.62,1.50
2017.01.19 06:31:54.659,1.14633,1.14637,1.50,2.25
2017.01.19 06:31:55.165,1.14633,1.14636,1.50,1.50
2017.01.19 06:31:55.825,1.14632,1.14636,1.87,1.50
2017.01.19 06:31:58.050,1.14634,1.14638,1.00,1.69
2017.01.19 06:31:58.562,1.14634,1.14638,1.50,1.25
2017.01.19 06:32:00.117,1.14636,1.1464,1.00,7.12
2017.01.19 06:32:00.330,1.14636,1.1464,1.87,1.50
2017.01.19 06:32:00.381,1.14635,1.14637,2.89,1.00
2017.01.19 06:32:00.433,1.14635,1.14639,2.44,1.50
2017.01.19 06:32:01.758,1.14634,1.14637,1.69,1.00
2017.01.19 06:32:02.277,1.14632,1.14637,3.56,1.50
2017.01.19 06:32:04.414,1.14632,1.14638,3.56,2.06
2017.01.19 06:32:05.547,1.14632,1.14638,4.31,1.31
2017.01.19 06:32:07.730,1.14634,1.14639,1.50,5.06
2017.01.19 06:32:08.055,1.14639,1.14642,1.00,5.25
2017.01.19 06:32:08.218,1.14634,1.1464,3.56,3.37
2017.01.19 06:32:08.731,1.14633,1.1464,5.06,3.75
2017.01.19 06:32:14.461,1.14634,1.14639,1.00,3.94
2017.01.19 06:32:14.512,1.14633,1.14635,2.25,1.00
2017.01.19 06:32:14.816,1.14633,1.14638,2.44,1.50
2017.01.19 06:32:15.354,1.14633,1.14638,2.25,1.69
2017.01.19 06:32:15.879,1.14633,1.14638,1.50,1.69
2017.01.19 06:32:16.420,1.14633,1.14637,1.50,1.12
2017.01.19 06:32:16.949,1.14633,1.14639,2.62,4.55
2017.01.19 06:32:17.902,1.14634,1.14639,1.50,3.37
2017.01.19 06:32:18.408,1.14633,1.14639,1.87,5.62
2017.01.19 06:32:20.603,1.14635,1.14639,5.06,1.37
2017.01.19 06:32:20.759,1.14638,1.14642,1.87,1.12
2017.01.19 06:32:20.860,1.14638,1.14644,4.31,2.62
2017.01.19 06:32:21.912,1.14638,1.14644,1.00,4.69
2017.01.19 06:32:22.751,1.14637,1.1464,1.87,1.00
2017.01.19 06:32:22.903,1.14635,1.1464,1.57,1.12
2017.01.19 06:32:28.159,1.14636,1.14641,1.12,2.25
2017.01.19 06:32:29.473,1.14636,1.14643,3.94,4.87
2017.01.19 06:32:30.065,1.14638,1.14643,1.00,2.62
2017.01.19 06:32:30.570,1.14636,1.14642,5.44,1.87
2017.01.19 06:32:31.531,1.14636,1.14641,3.37,1.00
2017.01.19 06:32:32.065,1.14636,1.14641,1.50,1.50
2017.01.19 06:32:35.003,1.14637,1.14641,1.00,1.50
2017.01.19 06:32:38.113,1.14637,1.14641,1.00,3.37
2017.01.19 06:32:43.441,1.14635,1.14641,2.32,4.12
2017.01.19 06:32:44.927,1.14635,1.14637,1.00,1.12
2017.01.19 06:32:45.447,1.14632,1.14634,2.50,1.50
2017.01.19 06:32:45.884,1.14632,1.14635,1.00,1.50
2017.01.19 06:32:46.406,1.14631,1.14635,1.25,1.50
2017.01.19 06:32:50.576,1.1463,1.14635,3.94,1.00
2017.01.19 06:32:50.802,1.14632,1.14636,1.50,1.00
2017.01.19 06:32:51.313,1.14632,1.14637,4.87,1.00
2017.01.19 06:32:52.462,1.14633,1.14638,1.00,2.25
2017.01.19 06:32:53.076,1.14632,1.14638,4.50,2.25
2017.01.19 06:32:55.615,1.14632,1.14638,3.37,2.62
2017.01.19 06:32:56.163,1.14632,1.14637,2.25,1.12
2017.01.19 06:32:57.078,1.14632,1.14638,3.37,3.37
2017.01.19 06:32:58.240,1.14632,1.14637,3.37,1.00
2017.01.19 06:33:00.252,1.14632,1.14636,1.87,1.00
2017.01.19 06:33:00.786,1.14631,1.14636,2.81,1.50
2017.01.19 06:33:01.299,1.14632,1.14637,1.87,1.12
2017.01.19 06:33:01.805,1.14632,1.14638,5.81,1.25
2017.01.19 06:33:02.514,1.14633,1.14639,2.62,2.81
2017.01.19 06:33:03.200,1.14634,1.14639,1.69,1.50
2017.01.19 06:33:03.740,1.14634,1.1464,1.69,1.69
2017.01.19 06:33:04.824,1.14634,1.1464,5.06,1.31
2017.01.19 06:33:05.218,1.14636,1.14642,4.31,1.37
2017.01.19 06:33:05.522,1.14638,1.14644,2.62,5.06
2017.01.19 06:33:17.399,1.14638,1.14643,2.62,1.69
2017.01.19 06:33:18.289,1.14637,1.14642,1.12,4.31
2017.01.19 06:33:18.542,1.14635,1.14641,3.26,2.06
2017.01.19 06:33:26.576,1.14634,1.14639,2.70,2.29
2017.01.19 06:33:26.678,1.14633,1.14638,1.00,1.25
2017.01.19 06:33:27.261,1.14632,1.14637,1.69,1.00
2017.01.19 06:33:30.720,1.14632,1.14636,1.00,1.19
2017.01.19 06:33:30.822,1.1463,1.14635,6.37,1.69
2017.01.19 06:33:34.548,1.1463,1.14634,1.50,1.00
2017.01.19 06:33:35.565,1.1463,1.14634,4.12,1.00
2017.01.19 06:33:36.073,1.14631,1.14635,1.12,1.25
2017.01.19 06:33:37.033,1.14632,1.14635,1.54,1.50
2017.01.19 06:33:37.135,1.14634,1.14636,2.44,1.00
2017.01.19 06:33:37.287,1.14636,1.1464,1.50,2.44
2017.01.19 06:33:37.978,1.14635,1.1464,2.32,2.06
2017.01.19 06:33:40.227,1.14635,1.14636,2.32,1.00
2017.01.19 06:33:40.381,1.14631,1.14634,1.31,1.50
2017.01.19 06:33:40.584,1.1463,1.14636,6.56,1.12
2017.01.19 06:33:43.774,1.14633,1.14637,1.00,3.94
2017.01.19 06:33:43.977,1.14633,1.14639,6.19,2.25
2017.01.19 06:33:47.592,1.14634,1.1464,4.31,2.81
2017.01.19 06:33:48.134,1.14636,1.14639,1.00,1.50
2017.01.19 06:33:48.185,1.14634,1.14639,1.69,3.00
2017.01.19 06:33:51.934,1.14633,1.14638,2.25,1.25
2017.01.19 06:33:52.440,1.14632,1.14638,2.81,3.56
2017.01.19 06:33:53.909,1.14633,1.14638,1.00,3.56
2017.01.19 06:33:54.061,1.14634,1.14639,2.06,2.62
2017.01.19 06:34:00.200,1.14633,1.14637,3.37,1.50
2017.01.19 06:34:00.453,1.14632,1.14637,1.00,2.44
2017.01.19 06:34:00.967,1.14633,1.14638,1.87,1.69
2017.01.19 06:34:01.873,1.14632,1.14636,2.62,1.00
2017.01.19 06:34:02.122,1.1463,1.14635,1.50,3.56
2017.01.19 06:34:04.429,1.14631,1.14635,1.00,2.44
2017.01.19 06:34:04.581,1.14631,1.14636,3.56,1.87
2017.01.19 06:34:05.498,1.14631,1.14635,1.31,1.50
2017.01.19 06:34:10.204,1.1463,1.14635,1.12,3.19
2017.01.19 06:34:10.762,1.14629,1.14633,3.07,1.50
2017.01.19 06:34:14.703,1.1463,1.14633,1.00,1.50
2017.01.19 06:34:15.248,1.1463,1.14635,1.87,3.19
2017.01.19 06:34:24.084,1.1463,1.14633,1.00,1.00
2017.01.19 06:34:31.071,1.1463,1.14635,1.00,3.94
2017.01.19 06:34:31.605,1.14631,1.14636,4.09,1.87
2017.01.19 06:34:31.656,1.14631,1.14637,4.46,2.81
2017.01.19 06:34:32.242,1.14633,1.14638,1.50,2.81
2017.01.19 06:34:33.265,1.14632,1.14638,5.44,1.74
2017.01.19 06:34:33.732,1.14632,1.14637,2.25,1.62
2017.01.19 06:34:34.238,1.14631,1.14636,2.44,1.87
2017.01.19 06:34:34.766,1.14632,1.14637,1.00,1.74
2017.01.19 06:34:35.271,1.14632,1.14637,1.87,1.31
2017.01.19 06:34:37.118,1.14632,1.14637,2.25,2.62
2017.01.19 06:34:37.469,1.14631,1.14633,3.37,1.00
2017.01.19 06:34:37.520,1.14631,1.14635,3.37,1.12
2017.01.19 06:34:41.321,1.14631,1.14633,2.25,1.00
2017.01.19 06:34:42.105,1.14631,1.14636,2.25,2.25
2017.01.19 06:34:42.612,1.14631,1.14636,3.37,1.00
2017.01.19 06:34:43.151,1.14631,1.14635,3.37,1.00
2017.01.19 06:34:46.042,1.14631,1.14636,1.87,1.00
2017.01.19 06:34:46.635,1.14631,1.14636,1.50,2.25
2017.01.19 06:34:47.154,1.1463,1.14634,4.12,1.00
2017.01.19 06:34:47.256,1.1463,1.14632,1.12,1.50
2017.01.19 06:34:47.460,1.14627,1.1463,1.12,1.92
2017.01.19 06:34:47.612,1.14625,1.14629,1.87,1.25
2017.01.19 06:34:47.764,1.14622,1.14627,4.31,1.00
2017.01.19 06:34:48.304,1.14622,1.14627,2.06,1.12
2017.01.19 06:34:48.829,1.14622,1.14626,2.06,1.00
2017.01.19 06:34:49.403,1.14622,1.14627,2.06,2.62
2017.01.19 06:34:49.887,1.14622,1.14625,1.12,1.00
2017.01.19 06:34:50.470,1.14621,1.14625,2.25,1.12
2017.01.19 06:34:52.077,1.14621,1.14626,1.87,1.69
2017.01.19 06:34:52.618,1.14621,1.14627,3.94,1.17
2017.01.19 06:34:54.105,1.14621,1.14625,6.37,1.19
2017.01.19 06:34:54.156,1.14623,1.14628,1.00,2.81
2017.01.19 06:34:54.692,1.14622,1.14627,1.31,1.00
2017.01.19 06:34:54.743,1.14623,1.14628,3.00,1.31
2017.01.19 06:34:55.248,1.14625,1.14629,1.50,1.31
2017.01.19 06:35:00.746,1.14625,1.1463,1.69,1.00
2017.01.19 06:35:03.363,1.14626,1.14631,1.00,4.31
2017.01.19 06:35:03.729,1.14628,1.14631,1.00,1.00
2017.01.19 06:35:04.660,1.14628,1.1463,1.00,1.00
2017.01.19 06:35:04.973,1.14631,1.14632,1.00,1.00
2017.01.19 06:35:05.126,1.14629,1.14632,1.50,2.25
2017.01.19 06:35:05.895,1.14628,1.14632,1.00,3.00
2017.01.19 06:35:06.453,1.14628,1.14631,1.00,1.00
2017.01.19 06:35:11.534,1.14629,1.14631,1.00,1.87
2017.01.19 06:35:11.839,1.14632,1.14634,1.00,2.06
2017.01.19 06:35:13.671,1.14631,1.14634,1.00,2.06
2017.01.19 06:35:14.900,1.14631,1.14633,1.00,1.00
2017.01.19 06:35:21.413,1.14629,1.14632,1.00,1.00
2017.01.19 06:35:21.942,1.14627,1.14631,1.50,1.00
2017.01.19 06:35:22.094,1.14627,1.14628,1.00,1.00
2017.01.19 06:35:22.145,1.14624,1.14627,2.81,1.00
2017.01.19 06:35:22.362,1.14624,1.14626,1.25,1.00
2017.01.19 06:35:22.564,1.14624,1.14627,1.25,2.25
2017.01.19 06:35:23.142,1.14624,1.14626,1.25,1.00
2017.01.19 06:35:26.766,1.14624,1.14627,1.00,1.87
2017.01.19 06:35:27.472,1.14624,1.14626,1.00,1.00
2017.01.19 06:35:27.776,1.14621,1.14626,2.89,1.00
2017.01.19 06:35:28.286,1.1462,1.14625,5.29,1.00
2017.01.19 06:35:28.815,1.14621,1.14626,1.37,1.00
2017.01.19 06:35:31.284,1.1462,1.14626,4.12,1.12
2017.01.19 06:35:35.541,1.1462,1.14626,4.72,1.50
2017.01.19 06:35:36.569,1.1462,1.14625,2.25,1.87
2017.01.19 06:35:36.671,1.14619,1.14623,2.81,1.13
2017.01.19 06:35:37.190,1.14618,1.14622,6.94,1.50
2017.01.19 06:35:37.874,1.14617,1.14618,1.00,1.50
2017.01.19 06:35:37.976,1.14612,1.14614,3.19,1.00
2017.01.19 06:35:38.078,1.1461,1.14612,9.75,1.00
2017.01.19 06:35:38.440,1.14608,1.1461,1.57,1.00
2017.01.19 06:35:38.542,1.14605,1.14606,1.00,1.50
2017.01.19 06:35:38.761,1.14602,1.14605,2.62,1.69
2017.01.19 06:35:39.471,1.14602,1.14603,1.87,1.50
2017.01.19 06:35:39.724,1.14596,1.14598,1.57,1.00
2017.01.19 06:35:40.268,1.14596,1.14597,1.10,1.00
2017.01.19 06:35:40.370,1.14594,1.14596,1.00,2.75
2017.01.19 06:35:40.421,1.14591,1.14592,5.25,1.00
2017.01.19 06:35:40.472,1.14591,1.14592,1.00,1.00
2017.01.19 06:35:40.725,1.14588,1.14592,1.69,1.00
2017.01.19 06:35:42.323,1.14588,1.14594,2.51,3.37
2017.01.19 06:35:44.874,1.14588,1.14592,1.57,1.00
2017.01.19 06:35:45.469,1.14589,1.14593,1.20,1.31
2017.01.19 06:35:48.521,1.14589,1.14592,1.20,1.50
2017.01.19 06:35:48.653,1.14589,1.1459,1.20,1.25
2017.01.19 06:35:48.704,1.14586,1.14589,1.12,1.00
2017.01.19 06:35:49.212,1.14585,1.1459,1.87,1.69
2017.01.19 06:35:49.716,1.14586,1.1459,1.55,1.50
2017.01.19 06:35:49.767,1.14587,1.1459,2.06,1.00
2017.01.19 06:35:49.868,1.14589,1.14592,1.50,2.25
2017.01.19 06:35:50.374,1.14589,1.14593,2.81,1.00
2017.01.19 06:35:50.879,1.14589,1.14594,2.81,1.00
2017.01.19 06:35:52.403,1.14589,1.14594,4.31,1.00
2017.01.19 06:35:52.922,1.14589,1.14595,5.81,1.69
2017.01.19 06:35:55.131,1.1459,1.14593,1.50,1.00
2017.01.19 06:35:55.183,1.1459,1.14596,3.00,2.81
2017.01.19 06:35:55.438,1.14592,1.14597,1.69,1.87
2017.01.19 06:35:55.590,1.14593,1.14597,1.50,1.50
2017.01.19 06:35:56.893,1.14593,1.14598,1.50,1.69
2017.01.19 06:35:57.402,1.14593,1.14597,1.50,1.50
2017.01.19 06:35:59.170,1.14593,1.14597,1.50,3.56
2017.01.19 06:35:59.222,1.14592,1.14596,1.00,2.81
2017.01.19 06:35:59.273,1.14592,1.14594,1.00,1.00
2017.01.19 06:35:59.374,1.1459,1.14594,1.12,1.50
2017.01.19 06:36:00.033,1.14591,1.14595,1.00,2.06
2017.01.19 06:36:00.592,1.1459,1.14595,1.12,1.69
2017.01.19 06:36:04.336,1.14591,1.14595,1.00,3.94
2017.01.19 06:36:04.437,1.14589,1.14595,3.94,5.06
2017.01.19 06:36:04.656,1.14589,1.14591,2.81,1.00
2017.01.19 06:36:06.240,1.14589,1.14592,2.81,1.00
2017.01.19 06:36:11.787,1.14589,1.14593,2.81,1.00
2017.01.19 06:36:14.339,1.1459,1.14594,1.00,1.37
2017.01.19 06:36:15.129,1.14589,1.14593,4.31,1.50
2017.01.19 06:36:17.148,1.14591,1.14593,1.00,1.00
2017.01.19 06:36:17.240,1.14591,1.14595,2.25,5.06
2017.01.19 06:36:17.644,1.14594,1.14596,1.00,3.19
2017.01.19 06:36:17.745,1.14593,1.14596,3.00,1.00
2017.01.19 06:36:17.897,1.14593,1.14598,3.75,3.56
2017.01.19 06:36:18.454,1.14593,1.14597,1.00,1.00
2017.01.19 06:36:18.986,1.14592,1.14597,1.31,2.62
2017.01.19 06:36:19.965,1.14591,1.14596,2.81,3.00
2017.01.19 06:36:20.473,1.14591,1.14595,1.50,2.62
2017.01.19 06:36:20.726,1.14589,1.14594,2.62,1.63
2017.01.19 06:36:21.031,1.14587,1.14591,1.45,1.31
2017.01.19 06:36:21.133,1.14585,1.14591,4.87,2.06
2017.01.19 06:36:23.020,1.14585,1.14591,7.31,1.87
2017.01.19 06:36:23.556,1.14587,1.14591,1.00,1.50
2017.01.19 06:36:24.082,1.14586,1.14591,2.44,1.50
2017.01.19 06:36:25.206,1.14585,1.14591,3.75,4.31
2017.01.19 06:36:25.459,1.14584,1.14588,4.12,1.00
2017.01.19 06:36:25.510,1.14584,1.14588,1.87,3.19
2017.01.19 06:36:26.044,1.14583,1.14587,1.87,1.25
2017.01.19 06:36:28.396,1.14583,1.14585,2.62,1.00
2017.01.19 06:36:28.751,1.14583,1.14588,4.12,1.31
2017.01.19 06:36:29.258,1.14583,1.14589,4.31,3.56
2017.01.19 06:36:29.461,1.14582,1.14583,3.00,6.41
2017.01.19 06:36:29.562,1.1458,1.14581,1.50,2.25
2017.01.19 06:36:29.664,1.14577,1.14579,3.37,1.00
2017.01.19 06:36:29.816,1.14577,1.14581,3.75,2.25
2017.01.19 06:36:30.171,1.14578,1.14583,1.00,1.00
2017.01.19 06:36:30.772,1.14577,1.14583,3.00,1.00
2017.01.19 06:36:31.392,1.14577,1.14582,2.25,1.12
2017.01.19 06:36:32.721,1.14578,1.14583,1.69,1.87
2017.01.19 06:36:33.024,1.14578,1.14584,2.81,2.06
2017.01.19 06:36:33.565,1.14577,1.14583,5.81,1.31
2017.01.19 06:36:34.066,1.14577,1.14582,2.81,1.87
2017.01.19 06:36:34.918,1.14576,1.14578,4.57,1.00
2017.01.19 06:36:35.121,1.14572,1.14576,3.75,1.00
2017.01.19 06:36:35.273,1.14571,1.14576,3.00,1.50
2017.01.19 06:36:35.779,1.14571,1.14576,2.62,1.00
2017.01.19 06:36:36.328,1.14572,1.14577,1.00,1.50
2017.01.19 06:36:37.036,1.14573,1.14577,1.50,1.00
2017.01.19 06:36:37.371,1.14575,1.14578,1.00,1.00
2017.01.19 06:36:37.877,1.14575,1.14579,2.25,1.00
2017.01.19 06:36:38.635,1.14575,1.14578,1.00,1.00
2017.01.19 06:36:40.651,1.14575,1.14579,1.00,1.00
2017.01.19 06:36:43.791,1.14576,1.14579,1.00,1.00
2017.01.19 06:36:44.298,1.14578,1.14582,1.00,3.80
2017.01.19 06:36:44.450,1.14579,1.14583,1.00,2.06
2017.01.19 06:36:45.122,1.14579,1.14582,1.00,1.69
2017.01.19 06:36:45.223,1.14577,1.14582,1.12,3.61
2017.01.19 06:36:46.611,1.14578,1.14582,1.00,2.86
2017.01.19 06:36:46.764,1.14578,1.14583,1.50,1.69
2017.01.19 06:36:47.270,1.14579,1.14583,1.00,1.69
2017.01.19 06:36:47.321,1.14578,1.1458,1.50,1.19
2017.01.19 06:36:47.372,1.14579,1.14583,1.00,3.24
2017.01.19 06:36:47.877,1.14578,1.14583,1.00,3.24
2017.01.19 06:36:48.645,1.14577,1.14583,3.37,3.99
2017.01.19 06:36:48.949,1.14575,1.14582,5.06,3.56
2017.01.19 06:36:49.455,1.14575,1.14581,5.06,2.62
2017.01.19 06:36:53.314,1.14576,1.1458,2.06,1.87
2017.01.19 06:36:53.619,1.14569,1.14571,1.00,2.25
2017.01.19 06:36:53.795,1.14566,1.14571,3.00,3.75
2017.01.19 06:36:53.847,1.14568,1.14571,1.00,1.37
2017.01.19 06:36:53.898,1.14568,1.14571,2.25,1.00
2017.01.19 06:36:54.050,1.1457,1.14573,2.25,1.87
2017.01.19 06:36:54.202,1.1457,1.14576,1.00,1.50
2017.01.19 06:36:54.253,1.14575,1.14577,1.12,5.25
2017.01.19 06:36:54.304,1.14576,1.14577,1.12,1.87
2017.01.19 06:36:54.570,1.14574,1.14578,2.25,1.00
2017.01.19 06:36:54.673,1.14575,1.1458,2.25,2.62
2017.01.19 06:36:54.826,1.14577,1.14581,2.25,4.50
2017.01.19 06:36:55.080,1.1458,1.14586,3.00,3.04
2017.01.19 06:36:55.182,1.14583,1.14587,3.00,6.00
2017.01.19 06:36:55.385,1.14586,1.14591,3.37,1.00
2017.01.19 06:36:55.891,1.14586,1.1459,1.00,1.20
2017.01.19 06:36:56.528,1.14585,1.1459,2.25,1.57
2017.01.19 06:36:56.881,1.14583,1.14587,8.44,1.10
2017.01.19 06:36:57.726,1.14583,1.14587,6.75,1.01
2017.01.19 06:36:58.031,1.1458,1.14585,6.94,2.70
2017.01.19 06:36:58.436,1.14582,1.14587,7.87,1.31
2017.01.19 06:36:58.954,1.14582,1.14587,1.12,2.89
2017.01.19 06:36:59.435,1.14581,1.14583,5.44,1.12
2017.01.19 06:36:59.486,1.1458,1.14583,1.50,1.50
2017.01.19 06:36:59.688,1.14578,1.14582,7.31,1.37
2017.01.19 06:37:00.195,1.14579,1.14583,6.00,3.64
2017.01.19 06:37:00.297,1.14577,1.14581,1.12,2.44
2017.01.19 06:37:00.812,1.14576,1.1458,1.12,1.57
2017.01.19 06:37:03.328,1.14571,1.14572,7.12,1.87
2017.01.19 06:37:03.379,1.1457,1.14571,1.00,1.00
2017.01.19 06:37:03.430,1.14569,1.1457,3.37,1.00
2017.01.19 06:37:03.481,1.14569,1.14572,3.37,1.12
2017.01.19 06:37:03.532,1.14568,1.14571,12.75,3.75
2017.01.19 06:37:03.633,1.14572,1.14573,1.00,1.00
2017.01.19 06:37:03.799,1.14573,1.14577,3.75,4.69
2017.01.19 06:37:03.850,1.14573,1.14577,3.75,3.56
2017.01.19 06:37:03.901,1.14571,1.14577,2.06,1.69
2017.01.19 06:37:04.406,1.14571,1.14576,4.69,1.00
2017.01.19 06:37:04.609,1.1457,1.14575,1.00,2.06
2017.01.19 06:37:04.913,1.14572,1.14577,6.00,3.94
2017.01.19 06:37:05.091,1.14573,1.14577,6.37,1.00
2017.01.19 06:37:05.614,1.14573,1.14578,5.62,2.06
2017.01.19 06:37:06.695,1.14575,1.14579,2.25,3.56
2017.01.19 06:37:06.847,1.14576,1.1458,6.00,1.12
2017.01.19 06:37:07.144,1.14578,1.14581,2.25,1.25
2017.01.19 06:37:10.345,1.14577,1.14578,2.62,1.00
2017.01.19 06:37:10.490,1.14571,1.14577,10.50,2.81
2017.01.19 06:37:10.995,1.14573,1.14577,5.25,1.69
2017.01.19 06:37:12.419,1.14573,1.14577,5.25,1.25
2017.01.19 06:37:12.991,1.14575,1.14578,2.25,1.87
2017.01.19 06:37:13.092,1.14573,1.14579,6.56,2.81
2017.01.19 06:37:13.194,1.14573,1.14579,6.94,1.69
2017.01.19 06:37:13.802,1.14575,1.14579,3.00,1.69
2017.01.19 06:37:14.312,1.14575,1.14581,7.31,1.62
2017.01.19 06:37:15.016,1.14575,1.14579,6.19,1.00
2017.01.19 06:37:15.584,1.14574,1.14579,1.00,1.87
2017.01.19 06:37:15.887,1.14576,1.1458,5.25,1.20
2017.01.19 06:37:20.540,1.14578,1.14581,1.00,2.96
2017.01.19 06:37:20.742,1.14582,1.14586,2.25,2.06
2017.01.19 06:37:20.894,1.14584,1.14587,1.50,2.06
2017.01.19 06:37:21.054,1.14584,1.14588,1.50,1.00
2017.01.19 06:37:22.001,1.14585,1.14588,1.00,1.00
2017.01.19 06:37:22.053,1.14587,1.1459,1.00,1.50
2017.01.19 06:37:22.155,1.14588,1.14593,3.00,6.19
2017.01.19 06:37:22.257,1.14588,1.14593,3.00,2.44
2017.01.19 06:37:25.384,1.14589,1.14593,3.00,1.31
2017.01.19 06:37:25.955,1.1459,1.14595,3.00,2.06
2017.01.19 06:37:26.466,1.1459,1.14595,3.00,1.69
2017.01.19 06:37:30.915,1.1459,1.14595,2.44,1.00
2017.01.19 06:37:31.428,1.14591,1.14597,4.31,3.19
2017.01.19 06:37:40.756,1.14592,1.14597,1.00,3.94
2017.01.19 06:37:42.891,1.14592,1.14595,1.00,1.00
2017.01.19 06:37:43.607,1.14591,1.14595,1.31,1.00
2017.01.19 06:37:46.321,1.14591,1.14596,1.31,3.37
2017.01.19 06:37:47.261,1.1459,1.14594,5.25,1.00
2017.01.19 06:37:47.778,1.1459,1.14593,3.75,1.00
2017.01.19 06:37:49.380,1.14591,1.14595,1.87,1.12
2017.01.19 06:37:50.769,1.14592,1.14597,1.00,5.44
2017.01.19 06:37:54.738,1.14591,1.14596,6.37,1.69
2017.01.19 06:37:57.596,1.14598,1.146,2.10,15.37
2017.01.19 06:37:57.698,1.14602,1.14604,2.50,7.69
2017.01.19 06:37:57.749,1.14604,1.14606,1.00,1.50
2017.01.19 06:37:57.851,1.14608,1.1461,1.37,7.87
2017.01.19 06:37:57.902,1.1461,1.14612,1.25,1.37
2017.01.19 06:37:58.055,1.14611,1.14615,2.62,6.37
2017.01.19 06:37:58.366,1.14613,1.14615,1.00,1.54
2017.01.19 06:37:59.037,1.14612,1.14615,1.20,1.25
2017.01.19 06:38:01.489,1.14613,1.14616,3.00,1.19
2017.01.19 06:38:01.590,1.14614,1.14617,3.75,1.87
2017.01.19 06:38:01.641,1.14616,1.14617,1.00,1.50
2017.01.19 06:38:01.692,1.14616,1.1462,3.75,2.06
2017.01.19 06:38:01.794,1.14618,1.14622,3.00,6.56
2017.01.19 06:38:01.845,1.14618,1.14622,6.75,3.94
2017.01.19 06:38:01.996,1.1462,1.14622,1.00,3.19
2017.01.19 06:38:03.035,1.14619,1.14622,1.00,1.25
2017.01.19 06:38:03.930,1.14618,1.14622,3.00,1.25
2017.01.19 06:38:05.931,1.14619,1.14622,1.00,1.25
2017.01.19 06:38:06.235,1.14622,1.14625,3.00,2.25
2017.01.19 06:38:06.337,1.14623,1.14627,3.00,5.44
2017.01.19 06:38:06.844,1.14624,1.14628,1.00,2.81
2017.01.19 06:38:08.284,1.14623,1.14628,1.50,3.56
2017.01.19 06:38:08.890,1.14623,1.14628,1.87,2.81
2017.01.19 06:38:09.144,1.14625,1.14628,1.00,1.31
2017.01.19 06:38:09.668,1.14627,1.14631,1.00,1.69
2017.01.19 06:38:10.174,1.14627,1.14631,1.50,1.25
2017.01.19 06:38:11.820,1.14627,1.1463,1.50,1.00
2017.01.19 06:38:12.370,1.14626,1.1463,1.87,1.00
2017.01.19 06:38:12.673,1.14624,1.14626,1.45,1.00
2017.01.19 06:38:12.775,1.14622,1.14626,1.87,1.69
2017.01.19 06:38:12.977,1.14621,1.14626,2.62,1.69
2017.01.19 06:38:27.988,1.14621,1.14625,1.87,1.00
2017.01.19 06:38:29.952,1.14619,1.14625,7.16,1.00
2017.01.19 06:38:32.041,1.14619,1.14625,6.51,1.00
2017.01.19 06:38:33.285,1.14619,1.14624,4.26,1.00
2017.01.19 06:38:34.373,1.1462,1.14626,1.26,2.81
2017.01.19 06:38:34.878,1.14621,1.14625,1.13,1.00
2017.01.19 06:38:36.595,1.14621,1.14624,1.13,1.00
2017.01.19 06:38:37.118,1.14621,1.14625,1.00,1.00
2017.01.19 06:38:37.652,1.14621,1.14626,1.00,1.00
2017.01.19 06:38:38.760,1.1462,1.14625,3.56,1.12
2017.01.19 06:38:46.847,1.1462,1.14624,3.94,1.00
2017.01.19 06:38:48.178,1.14622,1.14625,1.12,1.00
2017.01.19 06:38:48.683,1.1462,1.14625,4.69,1.00
2017.01.19 06:38:56.909,1.1462,1.14625,3.37,2.25
2017.01.19 06:38:57.011,1.1462,1.14623,2.25,1.00
2017.01.19 06:39:01.922,1.1462,1.14622,1.50,1.00
2017.01.19 06:39:02.226,1.14618,1.1462,5.62,1.00
2017.01.19 06:39:02.480,1.14613,1.14617,1.69,1.50
2017.01.19 06:39:03.581,1.14612,1.14617,1.50,1.00
2017.01.19 06:39:03.683,1.14612,1.14616,1.12,1.50
2017.01.19 06:39:04.603,1.14611,1.14616,1.87,1.87
2017.01.19 06:39:08.028,1.14611,1.14616,3.75,1.00
2017.01.19 06:39:08.896,1.14611,1.14617,3.37,3.00
2017.01.19 06:39:09.656,1.14612,1.14616,1.00,1.00
2017.01.19 06:39:10.498,1.14611,1.14612,1.12,1.00
2017.01.19 06:39:10.751,1.14606,1.14611,1.37,2.25
2017.01.19 06:39:10.903,1.14605,1.14609,1.50,2.62
2017.01.19 06:39:11.056,1.14602,1.14607,3.00,1.12
2017.01.19 06:39:11.107,1.14602,1.14605,2.25,1.00
2017.01.19 06:39:11.616,1.14601,1.14605,1.31,1.12
2017.01.19 06:39:12.154,1.14601,1.14607,3.56,1.97
2017.01.19 06:39:14.784,1.14602,1.14607,1.00,1.97
2017.01.19 06:39:15.743,1.14603,1.14607,1.00,2.35
2017.01.19 06:39:16.182,1.14601,1.14606,1.25,1.97
2017.01.19 06:39:16.233,1.146,1.14605,1.87,1.10
2017.01.19 06:39:16.738,1.14601,1.14605,1.00,1.10
2017.01.19 06:39:17.308,1.146,1.14605,1.00,3.47
2017.01.19 06:39:18.386,1.14599,1.14604,2.25,1.13
2017.01.19 06:39:19.254,1.14599,1.14603,1.00,1.22
2017.01.19 06:39:19.772,1.14597,1.14603,5.06,1.22
2017.01.19 06:39:20.579,1.14597,1.14601,2.62,1.00
2017.01.19 06:39:20.630,1.14595,1.146,4.01,1.13
2017.01.19 06:39:20.731,1.14595,1.14599,1.20,1.22
2017.01.19 06:39:20.833,1.14593,1.14599,2.62,2.72
2017.01.19 06:39:21.443,1.14593,1.14599,3.75,3.85
2017.01.19 06:39:21.696,1.14595,1.14599,1.00,2.35
2017.01.19 06:39:22.203,1.14595,1.146,1.00,2.72
2017.01.19 06:39:22.603,1.14593,1.14599,2.62,4.22
2017.01.19 06:39:23.164,1.14593,1.14599,3.00,4.22
2017.01.19 06:39:23.476,1.14596,1.146,1.00,1.87
2017.01.19 06:39:24.029,1.14596,1.146,1.00,1.12
2017.01.19 06:39:24.557,1.14596,1.146,1.00,2.62
2017.01.19 06:39:25.120,1.14595,1.146,2.25,2.62
2017.01.19 06:39:25.424,1.14597,1.146,1.00,2.25
2017.01.19 06:39:25.935,1.14596,1.146,1.00,2.72
2017.01.19 06:39:26.465,1.14595,1.14599,1.00,1.50
2017.01.19 06:39:29.533,1.14596,1.146,1.00,2.62
2017.01.19 06:39:30.074,1.14595,1.146,3.00,1.50
2017.01.19 06:39:34.134,1.14594,1.14599,1.00,1.13
2017.01.19 06:39:37.823,1.14595,1.14599,1.50,1.12
2017.01.19 06:39:38.163,1.14601,1.14605,1.50,2.00
2017.01.19 06:39:38.531,1.14595,1.146,3.19,1.87
2017.01.19 06:39:39.037,1.14595,1.14601,1.31,2.81
2017.01.19 06:39:39.927,1.14594,1.14599,2.30,1.25
2017.01.19 06:39:41.924,1.14594,1.14598,1.37,1.12
2017.01.19 06:39:41.975,1.14593,1.14596,1.75,1.12
2017.01.19 06:39:42.077,1.14593,1.14594,1.12,1.00
2017.01.19 06:39:42.179,1.14591,1.14595,1.00,2.25
2017.01.19 06:39:42.739,1.1459,1.14596,1.62,4.31
2017.01.19 06:39:44.168,1.1459,1.14592,1.62,1.00
2017.01.19 06:39:44.320,1.14589,1.14592,1.00,1.69
2017.01.19 06:39:44.624,1.14586,1.1459,4.74,1.87
2017.01.19 06:39:44.776,1.14586,1.1459,1.00,3.56
2017.01.19 06:39:44.857,1.14586,1.14591,1.69,2.25
2017.01.19 06:39:45.361,1.14587,1.14591,1.00,1.50
2017.01.19 06:39:47.331,1.14587,1.14589,1.00,1.00
2017.01.19 06:39:47.433,1.14587,1.14591,1.00,1.50
2017.01.19 06:39:47.636,1.14588,1.1459,1.19,1.50
2017.01.19 06:39:47.788,1.14587,1.14591,1.00,1.50
2017.01.19 06:39:53.071,1.14587,1.14593,1.50,7.78
2017.01.19 06:39:53.172,1.14587,1.14593,2.25,3.28
2017.01.19 06:39:54.419,1.14588,1.14593,1.00,3.28
2017.01.19 06:39:54.934,1.14588,1.14593,3.56,1.00
2017.01.19 06:39:55.825,1.14589,1.14594,1.69,2.35
2017.01.19 06:39:56.326,1.1459,1.14594,1.00,1.97
2017.01.19 06:39:57.281,1.14591,1.14595,1.00,5.76
2017.01.19 06:39:57.686,1.14588,1.14593,2.81,1.00
2017.01.19 06:39:59.248,1.14589,1.14595,1.31,5.76
2017.01.19 06:39:59.785,1.14588,1.14593,1.00,2.53
2017.01.19 06:40:01.204,1.14588,1.14593,3.00,1.35
2017.01.19 06:40:01.722,1.14589,1.14594,2.62,1.41
2017.01.19 06:40:03.240,1.14589,1.14595,1.12,8.01
2017.01.19 06:40:04.693,1.14588,1.14592,2.62,1.00
2017.01.19 06:40:04.930,1.14587,1.14593,3.94,3.28
2017.01.19 06:40:05.550,1.14587,1.14593,5.06,1.41
2017.01.19 06:40:08.344,1.14588,1.14592,1.00,1.00
2017.01.19 06:40:08.397,1.14587,1.1459,1.50,1.25
2017.01.19 06:40:09.002,1.14586,1.14589,1.00,1.00
2017.01.19 06:40:12.954,1.14585,1.14587,1.00,1.00
2017.01.19 06:40:13.005,1.14584,1.14586,1.12,1.13
2017.01.19 06:40:13.107,1.14582,1.14586,1.69,1.10
2017.01.19 06:40:13.643,1.14581,1.14586,1.00,1.35
2017.01.19 06:40:14.687,1.14581,1.14587,1.00,3.94
2017.01.19 06:40:15.668,1.14581,1.14587,3.00,2.25
2017.01.19 06:40:15.770,1.14584,1.14588,1.00,3.75
2017.01.19 06:40:16.074,1.14586,1.1459,1.37,1.62
2017.01.19 06:40:16.968,1.14588,1.14591,1.00,2.16
2017.01.19 06:40:17.069,1.14586,1.14591,2.25,1.78
2017.01.19 06:40:20.092,1.14588,1.14592,1.00,2.91
2017.01.19 06:40:20.598,1.14587,1.14593,6.00,1.31
2017.01.19 06:40:22.393,1.14588,1.14593,1.00,1.31
2017.01.19 06:40:23.844,1.14587,1.14593,6.00,1.78
2017.01.19 06:40:24.148,1.14589,1.14594,1.12,1.22
2017.01.19 06:40:24.459,1.14591,1.14595,1.00,2.72
2017.01.19 06:40:24.611,1.14594,1.14598,1.50,1.12
2017.01.19 06:40:25.118,1.14594,1.14599,2.25,1.22
2017.01.19 06:40:32.584,1.14599,1.146,3.22,1.60
2017.01.19 06:40:32.737,1.14605,1.14606,1.00,1.50
2017.01.19 06:40:32.839,1.14607,1.14609,1.00,1.60
2017.01.19 06:40:32.991,1.14606,1.14612,1.12,3.66
2017.01.19 06:40:33.042,1.14606,1.14612,1.50,4.03
2017.01.19 06:40:33.144,1.14606,1.14612,1.50,4.78
2017.01.19 06:40:36.611,1.14605,1.14607,1.37,1.25
2017.01.19 06:40:36.865,1.14599,1.14603,4.12,1.00
2017.01.19 06:40:38.848,1.146,1.14605,1.00,1.78
2017.01.19 06:40:39.741,1.146,1.14606,1.00,4.03
2017.01.19 06:40:40.351,1.14601,1.14605,1.00,1.25
2017.01.19 06:40:40.949,1.146,1.14605,3.00,1.25
2017.01.19 06:40:51.409,1.14599,1.14601,3.75,1.00
2017.01.19 06:40:51.624,1.14595,1.14599,1.37,3.00
2017.01.19 06:40:51.877,1.14593,1.14598,2.25,2.06
2017.01.19 06:40:51.979,1.14593,1.14596,1.12,1.00
2017.01.19 06:40:52.955,1.14592,1.14597,3.56,1.50
2017.01.19 06:40:53.748,1.14594,1.14598,1.00,3.56
2017.01.19 06:41:08.736,1.14593,1.14598,1.50,2.81
2017.01.19 06:41:10.421,1.14593,1.14597,1.12,1.00
2017.01.19 06:41:11.086,1.14594,1.14597,1.00,1.50
2017.01.19 06:41:11.596,1.14593,1.14597,1.12,1.50
2017.01.19 06:41:12.111,1.14594,1.14597,1.12,1.50
2017.01.19 06:41:12.423,1.14594,1.14596,1.12,1.00
2017.01.19 06:41:12.474,1.14594,1.14598,1.12,2.06
2017.01.19 06:41:18.528,1.14594,1.14599,1.37,3.19
2017.01.19 06:41:19.080,1.14594,1.14599,1.12,3.94
2017.01.19 06:41:23.193,1.14594,1.14599,1.12,2.81
2017.01.19 06:41:23.709,1.14594,1.14599,1.50,2.81
2017.01.19 06:41:25.724,1.14594,1.14599,2.25,2.81
2017.01.19 06:41:26.390,1.14594,1.14599,2.25,2.81
2017.01.19 06:41:36.960,1.14594,1.14598,2.25,1.50
2017.01.19 06:41:37.499,1.14593,1.14597,4.69,1.50
2017.01.19 06:41:37.701,1.14593,1.14596,3.19,1.00
2017.01.19 06:41:42.434,1.14592,1.14594,1.50,1.00
2017.01.19 06:41:42.535,1.1459,1.14591,2.25,1.50
2017.01.19 06:41:42.637,1.14588,1.14589,8.62,1.00
2017.01.19 06:41:42.841,1.14586,1.14587,1.00,1.00
2017.01.19 06:41:42.943,1.14584,1.14587,1.12,1.00
2017.01.19 06:41:43.449,1.14583,1.14586,1.69,3.00
2017.01.19 06:41:43.961,1.14583,1.14585,1.00,1.00
2017.01.19 06:41:44.106,1.14582,1.14583,1.50,1.00
2017.01.19 06:41:44.208,1.1458,1.14582,1.00,1.50
2017.01.19 06:41:44.310,1.14578,1.14582,1.00,1.50
2017.01.19 06:41:44.361,1.14578,1.14582,1.50,1.50
2017.01.19 06:41:44.564,1.14578,1.14582,1.50,1.50
2017.01.19 06:41:46.211,1.14578,1.14584,1.12,3.56
2017.01.19 06:41:46.313,1.1458,1.14584,1.50,3.00
2017.01.19 06:41:46.416,1.1458,1.14585,2.25,2.81
2017.01.19 06:41:46.960,1.14582,1.14586,2.25,1.19
2017.01.19 06:41:47.939,1.14581,1.14586,2.25,1.19
2017.01.19 06:41:48.760,1.14583,1.14586,1.00,3.19
2017.01.19 06:41:49.221,1.14581,1.14585,1.00,1.25
2017.01.19 06:42:18.770,1.14583,1.14586,1.00,2.81
2017.01.19 06:42:18.821,1.14583,1.14587,1.00,2.25
2017.01.19 06:42:19.345,1.14583,1.14588,2.25,2.44
2017.01.19 06:42:21.624,1.14583,1.14587,3.00,1.00
2017.01.19 06:42:22.593,1.14583,1.14586,1.00,1.19
2017.01.19 06:42:23.099,1.14581,1.14586,3.00,2.81
2017.01.19 06:42:28.261,1.14582,1.14586,1.00,2.81
2017.01.19 06:42:29.676,1.14581,1.14586,2.62,2.06
2017.01.19 06:42:30.552,1.14581,1.14586,3.00,1.69
2017.01.19 06:42:37.546,1.14583,1.14587,1.12,1.25
2017.01.19 06:42:38.187,1.14583,1.14588,2.06,3.37
2017.01.19 06:42:38.807,1.14584,1.14588,1.00,2.62
2017.01.19 06:42:39.408,1.14585,1.14589,1.00,3.94
2017.01.19 06:42:39.624,1.14587,1.1459,1.50,8.25
2017.01.19 06:42:39.777,1.14589,1.14593,1.50,1.00
2017.01.19 06:42:39.929,1.14589,1.14592,1.00,2.44
2017.01.19 06:42:40.082,1.14587,1.14591,4.50,1.69
2017.01.19 06:42:46.556,1.14587,1.1459,1.25,1.00
2017.01.19 06:42:47.062,1.14587,1.14591,1.25,3.00
2017.01.19 06:42:47.264,1.14586,1.14589,1.69,1.00
2017.01.19 06:42:48.694,1.14586,1.14588,1.19,1.00
2017.01.19 06:42:48.847,1.14583,1.14588,9.94,1.13
2017.01.19 06:42:48.949,1.14585,1.14589,1.19,1.97
2017.01.19 06:42:51.647,1.14585,1.14589,1.69,1.12
2017.01.19 06:42:52.152,1.14585,1.14589,1.25,1.12
2017.01.19 06:42:52.521,1.14584,1.14587,1.19,1.12
2017.01.19 06:42:53.031,1.14584,1.14588,1.69,1.97
2017.01.19 06:42:53.537,1.14584,1.14588,1.19,4.22
2017.01.19 06:42:54.055,1.14582,1.14587,5.89,1.12
2017.01.19 06:42:54.560,1.14583,1.14588,1.00,4.22
2017.01.19 06:42:55.101,1.14583,1.14588,1.69,1.13
2017.01.19 06:42:56.608,1.14582,1.14587,8.81,1.00
2017.01.19 06:42:58.689,1.14582,1.14588,8.81,2.35
2017.01.19 06:43:02.242,1.14582,1.14587,8.06,1.00
2017.01.19 06:43:02.788,1.14582,1.14588,5.81,3.10
2017.01.19 06:43:03.730,1.14585,1.14588,1.00,2.35
2017.01.19 06:43:04.068,1.14587,1.1459,3.00,2.25
2017.01.19 06:43:04.119,1.14587,1.1459,3.00,1.12
2017.01.19 06:43:05.062,1.14587,1.14591,3.00,2.35
2017.01.19 06:43:05.700,1.14586,1.14591,2.44,1.22
2017.01.19 06:43:06.083,1.14588,1.14591,1.25,1.22
2017.01.19 06:43:06.387,1.14591,1.14594,1.00,1.13
2017.01.19 06:43:07.327,1.14591,1.14595,1.00,4.22
2017.01.19 06:43:07.852,1.14591,1.14595,1.00,1.50
2017.01.19 06:43:08.358,1.14592,1.14596,1.25,2.25
2017.01.19 06:43:08.864,1.14593,1.14597,1.25,1.50
2017.01.19 06:43:11.421,1.14593,1.14597,1.25,1.50
2017.01.19 06:43:11.927,1.14593,1.14598,1.25,3.00
2017.01.19 06:43:12.433,1.14592,1.14597,6.56,1.00
2017.01.19 06:43:15.006,1.14594,1.14597,1.00,1.00
2017.01.19 06:43:15.550,1.14593,1.14597,1.31,1.00
2017.01.19 06:43:16.060,1.14593,1.14598,2.44,1.00
2017.01.19 06:43:16.568,1.14594,1.14599,1.00,5.25
2017.01.19 06:43:17.413,1.14595,1.14599,1.25,3.37
2017.01.19 06:43:17.717,1.14599,1.14602,1.00,2.25
2017.01.19 06:43:18.233,1.14598,1.14603,1.31,4.12
2017.01.19 06:43:20.251,1.14599,1.14603,1.00,3.37
2017.01.19 06:43:21.306,1.14598,1.14603,1.78,1.50
2017.01.19 06:43:21.845,1.14597,1.14602,3.19,3.00
2017.01.19 06:43:25.565,1.14597,1.14601,1.60,1.50
2017.01.19 06:43:25.869,1.14591,1.14596,8.06,5.25
2017.01.19 06:43:26.022,1.1459,1.14595,1.03,4.12
2017.01.19 06:43:26.550,1.14589,1.14595,5.16,4.12
2017.01.19 06:43:28.100,1.14589,1.14595,3.66,4.12
2017.01.19 06:43:31.116,1.14589,1.14595,2.16,3.47
2017.01.19 06:43:34.681,1.14589,1.14592,1.31,1.12
2017.01.19 06:43:34.991,1.14581,1.14585,4.78,1.00
2017.01.19 06:43:35.513,1.14581,1.14585,1.35,1.87
2017.01.19 06:43:37.290,1.14581,1.14585,1.50,2.25
2017.01.19 06:43:43.325,1.1458,1.14585,3.19,2.25
2017.01.19 06:43:44.060,1.14581,1.14585,1.00,2.25
2017.01.19 06:43:44.648,1.1458,1.14585,3.19,2.25
2017.01.19 06:43:45.189,1.14581,1.14585,1.00,2.25
2017.01.19 06:43:45.933,1.1458,1.14585,2.44,2.25
2017.01.19 06:43:47.831,1.14581,1.14585,1.00,2.25
2017.01.19 06:43:48.336,1.1458,1.14585,2.44,2.25
2017.01.19 06:43:48.853,1.14581,1.14585,1.00,2.25
2017.01.19 06:43:49.361,1.1458,1.14585,2.44,2.25
2017.01.19 06:43:49.988,1.14581,1.14585,1.00,2.25
2017.01.19 06:43:50.494,1.1458,1.14585,2.44,2.25
2017.01.19 06:43:52.525,1.14581,1.14585,1.00,2.25
2017.01.19 06:43:53.692,1.14582,1.14585,1.00,1.50
2017.01.19 06:43:53.979,1.1458,1.14585,2.44,1.50
2017.01.19 06:43:54.993,1.14581,1.14585,1.00,1.50
2017.01.19 06:43:55.572,1.1458,1.14585,2.44,1.50
2017.01.19 06:43:56.128,1.14581,1.14585,1.00,1.12
2017.01.19 06:43:56.689,1.1458,1.14585,2.81,1.12
2017.01.19 06:43:57.401,1.14581,1.14585,1.00,1.12
2017.01.19 06:43:57.907,1.14582,1.14586,1.50,3.56
2017.01.19 06:44:00.379,1.14583,1.14586,1.00,2.81
2017.01.19 06:44:00.993,1.14582,1.14586,1.50,2.44
2017.01.19 06:44:01.515,1.14583,1.14586,1.69,2.25
2017.01.19 06:44:01.566,1.14585,1.14586,1.00,1.50
2017.01.19 06:44:01.668,1.14585,1.14588,1.50,2.62
2017.01.19 06:44:01.872,1.14587,1.14589,2.25,1.00
2017.01.19 06:44:01.923,1.14588,1.14591,1.00,1.69
2017.01.19 06:44:02.177,1.14588,1.14591,4.87,1.50
2017.01.19 06:44:02.323,1.1459,1.14593,1.00,1.87
2017.01.19 06:44:02.835,1.14589,1.14593,5.06,1.50
2017.01.19 06:44:03.614,1.14589,1.14594,5.81,2.62
2017.01.19 06:44:05.105,1.14589,1.14594,1.69,1.87
2017.01.19 06:44:05.961,1.14589,1.14594,2.44,1.87
2017.01.19 06:44:07.322,1.14591,1.14595,1.50,1.31
2017.01.19 06:44:07.831,1.1459,1.14595,1.75,4.31
2017.01.19 06:44:08.428,1.14593,1.14595,1.00,1.87
2017.01.19 06:44:08.529,1.14595,1.14597,1.00,1.12
2017.01.19 06:44:08.732,1.14595,1.146,2.89,1.87
2017.01.19 06:44:09.137,1.14599,1.14601,1.00,1.12
2017.01.19 06:44:09.434,1.14602,1.14605,2.25,1.00
2017.01.19 06:44:09.536,1.14604,1.14607,1.00,7.87
2017.01.19 06:44:09.739,1.14603,1.14608,4.50,1.25
2017.01.19 06:44:09.997,1.14604,1.14609,6.56,2.25
2017.01.19 06:44:10.149,1.14605,1.1461,1.50,1.31
2017.01.19 06:44:10.671,1.14606,1.14611,4.87,2.44
2017.01.19 06:44:11.218,1.14607,1.14611,1.50,1.19
2017.01.19 06:44:11.698,1.14607,1.14613,2.44,5.62
2017.01.19 06:44:12.225,1.14607,1.14612,2.44,1.87
2017.01.19 06:44:12.773,1.14607,1.14612,3.19,1.50
2017.01.19 06:44:13.923,1.14607,1.14612,3.19,2.62
2017.01.19 06:44:15.940,1.14607,1.14609,1.69,1.12
2017.01.19 06:44:16.143,1.14605,1.14611,9.19,1.69
2017.01.19 06:44:16.244,1.14605,1.14611,5.81,1.69
2017.01.19 06:44:16.555,1.14605,1.14609,3.56,1.12
2017.01.19 06:44:17.445,1.14605,1.14611,6.94,3.56
2017.01.19 06:44:18.538,1.14606,1.14611,7.31,1.12
2017.01.19 06:44:18.589,1.14609,1.14612,2.62,2.62
2017.01.19 06:44:19.136,1.14607,1.1461,1.87,1.00
2017.01.19 06:44:19.289,1.14606,1.14608,1.12,1.00
2017.01.19 06:44:19.391,1.14604,1.14608,3.75,4.12
2017.01.19 06:44:19.442,1.14604,1.14606,3.00,1.50
2017.01.19 06:44:20.106,1.14602,1.14603,4.87,1.50
2017.01.19 06:44:20.208,1.14598,1.14602,2.25,1.12
2017.01.19 06:44:20.663,1.14598,1.146,1.00,1.00
2017.01.19 06:44:20.901,1.14595,1.146,2.81,1.37
2017.01.19 06:44:21.003,1.14597,1.146,1.00,1.37
2017.01.19 06:44:21.055,1.14597,1.14601,1.50,1.00
2017.01.19 06:44:21.207,1.14597,1.14603,3.75,4.31
2017.01.19 06:44:21.723,1.146,1.14604,1.00,1.87
2017.01.19 06:44:22.230,1.14601,1.14606,3.19,1.87
2017.01.19 06:44:22.281,1.14603,1.14607,1.00,4.12
2017.01.19 06:44:22.332,1.14603,1.14608,1.00,2.81
2017.01.19 06:44:22.535,1.14603,1.14608,2.25,1.69
2017.01.19 06:44:23.420,1.14605,1.14609,1.37,1.87
2017.01.19 06:44:24.364,1.14604,1.1461,5.06,2.81
2017.01.19 06:44:25.647,1.14604,1.14608,2.06,3.75
2017.01.19 06:44:25.976,1.14605,1.14606,1.00,1.00
2017.01.19 06:44:26.280,1.14595,1.14597,3.82,2.25
2017.01.19 06:44:26.332,1.14594,1.14597,1.57,3.75
2017.01.19 06:44:26.383,1.14593,1.14595,1.12,1.12
2017.01.19 06:44:26.485,1.14592,1.14593,1.00,1.00
2017.01.19 06:44:26.538,1.1459,1.14592,1.00,3.00
2017.01.19 06:44:26.640,1.14587,1.14591,2.81,1.50
2017.01.19 06:44:26.994,1.14586,1.14589,1.12,1.00
2017.01.19 06:44:27.307,1.14584,1.14589,3.79,1.50
2017.01.19 06:44:27.818,1.14585,1.1459,1.50,4.69
2017.01.19 06:44:28.470,1.14586,1.1459,1.00,2.44
2017.01.19 06:44:31.122,1.14585,1.14589,2.62,1.00
2017.01.19 06:44:31.173,1.14584,1.14586,4.12,1.00
2017.01.19 06:44:31.376,1.14579,1.14582,1.12,1.50
2017.01.19 06:44:31.477,1.14577,1.14582,2.06,3.75
2017.01.19 06:44:32.058,1.14577,1.14582,2.81,4.12
2017.01.19 06:44:32.364,1.14581,1.14583,2.29,1.87
2017.01.19 06:44:32.618,1.14589,1.14591,1.00,4.87
2017.01.19 06:44:32.669,1.14589,1.14591,1.00,1.12
2017.01.19 06:44:33.176,1.1459,1.14592,1.50,5.25
2017.01.19 06:44:33.679,1.14591,1.14592,1.50,6.22
2017.01.19 06:44:34.539,1.1459,1.14591,1.50,1.00
2017.01.19 06:44:35.234,1.14591,1.14592,1.50,5.62
2017.01.19 06:44:35.538,1.14589,1.14591,1.50,1.00
2017.01.19 06:44:37.012,1.14589,1.14591,1.50,1.60
2017.01.19 06:44:40.123,1.14588,1.1459,1.00,1.00
2017.01.19 06:44:46.474,1.14588,1.1459,1.00,1.37
2017.01.19 06:44:46.981,1.14588,1.1459,1.00,1.00
2017.01.19 06:44:51.404,1.14587,1.1459,1.00,1.00
2017.01.19 06:44:53.804,1.14588,1.1459,1.00,1.00
2017.01.19 06:44:59.550,1.14588,1.14591,1.50,2.25
2017.01.19 06:45:00.057,1.14589,1.14591,1.00,2.25
2017.01.19 06:45:00.574,1.14588,1.14591,1.50,2.25
2017.01.19 06:45:20.024,1.14589,1.14591,1.00,2.62
2017.01.19 06:45:20.530,1.14588,1.14591,2.25,2.25
2017.01.19 06:45:21.041,1.14588,1.14591,1.50,1.50
2017.01.19 06:45:28.485,1.14589,1.14591,1.50,1.50
2017.01.19 06:45:30.110,1.1459,1.14591,1.00,1.50
2017.01.19 06:45:33.490,1.14588,1.14591,4.69,1.50
2017.01.19 06:45:34.445,1.14591,1.14592,1.25,4.12
2017.01.19 06:45:34.664,1.14592,1.14596,3.75,1.87
2017.01.19 06:45:34.715,1.14594,1.14595,2.25,1.00
2017.01.19 06:45:35.220,1.14593,1.14596,2.25,3.75
2017.01.19 06:45:35.744,1.14592,1.14595,2.62,3.00
2017.01.19 06:45:38.002,1.14591,1.14594,2.06,1.12
2017.01.19 06:45:38.458,1.14593,1.14595,1.00,2.25
2017.01.19 06:45:39.140,1.14593,1.14595,1.00,1.87
2017.01.19 06:45:40.695,1.14593,1.14596,1.50,2.62
2017.01.19 06:45:45.596,1.14592,1.14595,1.00,1.00
2017.01.19 06:45:46.645,1.14591,1.14595,3.19,3.94
2017.01.19 06:45:47.196,1.14591,1.14594,2.81,1.00
2017.01.19 06:45:47.739,1.14591,1.14595,2.06,2.25
2017.01.19 06:45:48.656,1.14592,1.14595,1.00,2.25
2017.01.19 06:45:50.560,1.14592,1.14593,1.00,1.00
2017.01.19 06:45:51.065,1.1459,1.14593,2.44,2.25
2017.01.19 06:45:52.694,1.1459,1.14594,3.94,1.00
2017.01.19 06:46:02.015,1.1459,1.14593,2.44,1.00
2017.01.19 06:46:03.153,1.1459,1.14594,3.94,1.00
2017.01.19 06:46:10.976,1.1459,1.14592,3.19,1.00
2017.01.19 06:46:13.215,1.14591,1.14594,2.44,1.00
2017.01.19 06:46:24.402,1.14591,1.14593,1.69,1.00
2017.01.19 06:46:24.723,1.14591,1.14594,2.44,1.00
2017.01.19 06:46:27.064,1.14591,1.14595,2.44,1.50
2017.01.19 06:46:29.466,1.14592,1.14595,1.00,1.00
2017.01.19 06:46:32.164,1.14591,1.14595,2.44,1.50
2017.01.19 06:46:37.350,1.1459,1.14594,3.94,1.00
2017.01.19 06:46:38.165,1.14592,1.14594,1.00,1.00
2017.01.19 06:46:40.154,1.14591,1.14594,1.25,1.00
2017.01.19 06:46:40.699,1.14592,1.14594,1.00,1.00
2017.01.19 06:46:43.164,1.14592,1.14595,1.00,1.55
2017.01.19 06:46:47.297,1.14591,1.14595,3.56,2.49
2017.01.19 06:46:47.804,1.14592,1.14595,1.00,1.55
2017.01.19 06:46:52.121,1.14591,1.14593,2.81,1.00
2017.01.19 06:46:52.527,1.14592,1.14595,1.50,2.62
2017.01.19 06:46:56.028,1.14593,1.14595,1.00,2.25
2017.01.19 06:46:56.640,1.14592,1.14595,3.00,1.50
2017.01.19 06:46:57.152,1.14593,1.14595,1.00,1.50
2017.01.19 06:46:58.382,1.14592,1.14595,1.50,1.50
2017.01.19 06:47:00.086,1.14593,1.14595,1.00,1.50
2017.01.19 06:47:01.894,1.14592,1.14595,2.25,1.50
2017.01.19 06:47:02.593,1.14593,1.14595,1.00,1.50
2017.01.19 06:47:02.958,1.14595,1.14596,1.25,1.12
2017.01.19 06:47:03.111,1.14597,1.14599,1.00,3.00
2017.01.19 06:47:03.568,1.14597,1.146,1.69,2.25
2017.01.19 06:47:04.039,1.14597,1.146,1.50,1.50
2017.01.19 06:47:04.735,1.14598,1.146,1.50,1.00
2017.01.19 06:47:04.888,1.14599,1.14602,1.00,1.50
2017.01.19 06:47:08.176,1.14599,1.14601,1.00,1.00
2017.01.19 06:47:09.575,1.14599,1.14603,1.00,3.37
2017.01.19 06:47:10.033,1.14601,1.14603,1.50,1.00
2017.01.19 06:47:10.540,1.14601,1.14604,1.00,1.12
2017.01.19 06:47:15.942,1.14602,1.14605,1.00,1.37
2017.01.19 06:47:16.298,1.14604,1.14606,1.00,1.12
2017.01.19 06:47:16.451,1.14605,1.14609,3.19,1.50
2017.01.19 06:47:16.705,1.14604,1.14608,1.25,3.00
2017.01.19 06:47:18.291,1.14604,1.14608,2.44,1.87
2017.01.19 06:47:18.806,1.14605,1.14608,1.00,1.12
2017.01.19 06:47:19.344,1.14604,1.14607,4.69,1.50
2017.01.19 06:47:21.670,1.14607,1.14608,1.00,1.12
2017.01.19 06:47:21.722,1.14607,1.14609,2.44,1.00
2017.01.19 06:47:21.925,1.14608,1.14612,1.00,3.37
2017.01.19 06:47:25.550,1.14609,1.14612,1.00,2.25
2017.01.19 06:47:27.838,1.1461,1.14612,1.00,1.50
2017.01.19 06:47:28.092,1.14611,1.14613,1.00,1.00
2017.01.19 06:47:28.598,1.1461,1.14613,5.06,2.62
2017.01.19 06:47:29.108,1.14611,1.14613,2.62,2.62
2017.01.19 06:47:33.195,1.14612,1.14614,2.62,3.00
2017.01.19 06:47:33.876,1.14613,1.14616,1.00,6.19
2017.01.19 06:47:34.354,1.14618,1.14619,2.81,5.25
2017.01.19 06:47:34.559,1.14628,1.14629,1.00,4.87
2017.01.19 06:47:34.661,1.14628,1.14631,1.00,5.25
2017.01.19 06:47:35.172,1.14629,1.14631,6.00,1.00
2017.01.19 06:47:37.061,1.14627,1.14629,1.57,1.00
2017.01.19 06:47:37.214,1.14626,1.14628,1.00,2.62
2017.01.19 06:47:37.939,1.14626,1.14629,4.12,2.62
2017.01.19 06:47:38.491,1.14627,1.14629,1.50,1.50
2017.01.19 06:47:39.098,1.14627,1.1463,1.50,1.87
2017.01.19 06:47:47.844,1.14628,1.14631,1.00,2.35
2017.01.19 06:47:48.351,1.14627,1.1463,1.00,1.87
2017.01.19 06:47:53.111,1.14627,1.14631,1.00,1.22
2017.01.19 06:47:56.193,1.14627,1.1463,1.00,1.00
2017.01.19 06:47:56.740,1.14627,1.1463,1.00,2.35
2017.01.19 06:47:57.251,1.14626,1.1463,1.31,2.35
2017.01.19 06:47:57.757,1.14626,1.1463,1.00,2.72
2017.01.19 06:47:58.078,1.14626,1.1463,1.00,3.37
2017.01.19 06:47:58.584,1.14626,1.1463,1.00,2.35
2017.01.19 06:47:59.627,1.14626,1.1463,1.00,1.60
2017.01.19 06:47:59.906,1.14626,1.14629,1.00,1.10
2017.01.19 06:48:00.450,1.14625,1.14629,1.31,1.10
2017.01.19 06:48:01.114,1.14624,1.14629,3.19,1.60
2017.01.19 06:48:01.520,1.14623,1.14628,1.69,1.13
2017.01.19 06:48:03.717,1.14623,1.14627,1.25,1.12
2017.01.19 06:48:08.547,1.14622,1.14626,2.81,1.00
2017.01.19 06:48:09.255,1.14622,1.14625,2.81,1.00
2017.01.19 06:48:11.249,1.14622,1.14624,2.81,1.00
2017.01.19 06:48:12.014,1.14622,1.14624,2.06,1.00
2017.01.19 06:48:12.964,1.14621,1.14624,10.63,1.00
2017.01.19 06:48:14.554,1.14621,1.14626,9.28,3.00
2017.01.19 06:48:15.363,1.14621,1.14624,9.66,1.00
2017.01.19 06:48:15.618,1.14616,1.14618,1.31,1.00
2017.01.19 06:48:16.163,1.14615,1.14619,3.94,1.00
2017.01.19 06:48:16.989,1.14615,1.1462,4.69,1.50
2017.01.19 06:48:17.091,1.14615,1.14617,2.81,1.00
2017.01.19 06:48:24.401,1.14613,1.14614,1.00,1.50
2017.01.19 06:48:24.707,1.14607,1.14608,3.82,1.12
2017.01.19 06:48:25.014,1.14601,1.14605,2.44,3.37
2017.01.19 06:48:25.419,1.146,1.14605,1.50,5.06
2017.01.19 06:48:25.594,1.14599,1.14603,1.69,1.12
2017.01.19 06:48:25.898,1.14597,1.14601,1.62,1.87
2017.01.19 06:48:26.414,1.14597,1.14602,2.81,2.25
2017.01.19 06:48:27.029,1.14597,1.14602,2.81,1.12
2017.01.19 06:48:29.925,1.14596,1.146,2.06,1.50
2017.01.19 06:48:30.246,1.14594,1.14597,1.76,1.50
2017.01.19 06:48:30.753,1.14595,1.146,6.37,3.19
2017.01.19 06:48:30.906,1.14597,1.14602,1.00,7.69
2017.01.19 06:48:31.412,1.14595,1.146,1.76,4.12
2017.01.19 06:48:32.132,1.14595,1.14599,2.51,1.50
2017.01.19 06:48:32.639,1.14595,1.146,4.76,1.00
2017.01.19 06:48:33.154,1.14595,1.14599,2.14,1.50
2017.01.19 06:48:33.591,1.14599,1.14601,3.60,1.87
2017.01.19 06:48:33.642,1.14599,1.14603,2.10,1.12
2017.01.19 06:48:34.152,1.14599,1.14604,2.47,5.06
2017.01.19 06:48:39.838,1.14601,1.14605,1.50,3.19
2017.01.19 06:48:48.775,1.14602,1.14605,1.87,1.19
2017.01.19 06:48:50.113,1.14602,1.14606,1.50,3.37
2017.01.19 06:48:52.468,1.14603,1.14606,1.50,1.00
2017.01.19 06:48:52.973,1.14602,1.14606,1.87,1.00
2017.01.19 06:48:55.637,1.14604,1.14607,1.87,1.37
2017.01.19 06:48:55.790,1.14604,1.14608,2.62,1.50
2017.01.19 06:48:56.339,1.14604,1.14608,3.37,1.12
2017.01.19 06:48:57.120,1.14605,1.14609,2.25,2.06
2017.01.19 06:48:57.728,1.14605,1.1461,3.94,1.12
2017.01.19 06:48:58.161,1.14607,1.14611,1.50,1.62
2017.01.19 06:48:58.212,1.14607,1.14612,2.44,1.87
2017.01.19 06:48:58.748,1.14607,1.14611,2.81,1.12
2017.01.19 06:49:01.132,1.14609,1.14611,2.44,1.12
2017.01.19 06:49:01.700,1.14608,1.14612,1.50,2.62
2017.01.19 06:49:02.663,1.14608,1.14613,1.50,4.12
2017.01.19 06:49:03.176,1.14608,1.14612,3.75,1.12
2017.01.19 06:49:03.681,1.14608,1.14613,1.50,2.62
2017.01.19 06:49:04.987,1.14608,1.14612,1.50,1.12
2017.01.19 06:49:08.620,1.14607,1.14612,1.00,1.97
2017.01.19 06:49:08.924,1.14605,1.1461,3.00,1.87
2017.01.19 06:49:09.477,1.14605,1.14609,1.50,2.62
2017.01.19 06:49:09.781,1.14603,1.14608,1.19,2.72
2017.01.19 06:49:10.317,1.14604,1.14609,4.31,2.62
2017.01.19 06:49:10.622,1.14607,1.14611,1.22,1.87
2017.01.19 06:49:11.128,1.14606,1.14611,1.25,3.47
2017.01.19 06:49:11.633,1.14606,1.14611,1.62,2.72
2017.01.19 06:49:12.291,1.14606,1.14611,2.06,1.97
2017.01.19 06:49:16.888,1.14607,1.14612,3.75,1.87
2017.01.19 06:49:17.293,1.14609,1.14613,1.00,2.35
2017.01.19 06:49:17.820,1.14608,1.14613,2.81,2.25
2017.01.19 06:49:19.312,1.14609,1.14613,1.00,2.25
2017.01.19 06:49:20.366,1.14609,1.14613,1.12,2.25
2017.01.19 06:49:21.839,1.1461,1.14613,1.50,1.87
2017.01.19 06:49:22.605,1.1461,1.14613,1.00,2.25
2017.01.19 06:49:23.266,1.1461,1.14613,1.00,1.00
2017.01.19 06:49:23.800,1.14609,1.14613,3.00,1.00
2017.01.19 06:49:24.336,1.1461,1.14613,2.25,1.00
2017.01.19 06:49:24.842,1.14611,1.14615,2.25,2.25
2017.01.19 06:49:25.363,1.1461,1.14614,1.50,1.62
2017.01.19 06:49:25.869,1.14611,1.14613,1.50,1.00
2017.01.19 06:49:34.262,1.14609,1.14613,1.60,1.00
2017.01.19 06:49:34.566,1.14606,1.14612,8.16,1.37
2017.01.19 06:49:35.072,1.14606,1.14611,1.41,1.87
2017.01.19 06:49:35.578,1.14607,1.14611,1.13,3.94
2017.01.19 06:49:36.225,1.14606,1.14611,1.50,3.94
2017.01.19 06:49:36.744,1.14606,1.14611,1.50,3.19
2017.01.19 06:49:37.556,1.14607,1.14611,1.50,2.44
2017.01.19 06:49:38.416,1.14607,1.14611,1.50,2.44
2017.01.19 06:49:46.654,1.14608,1.14611,3.75,2.25
2017.01.19 06:49:46.756,1.14609,1.14612,1.50,1.50
2017.01.19 06:49:46.958,1.14607,1.14612,2.81,1.87
2017.01.19 06:49:47.484,1.14607,1.14612,1.50,3.94
2017.01.19 06:49:50.708,1.14606,1.14611,1.12,3.94
2017.01.19 06:49:50.911,1.14606,1.14609,1.87,1.00
2017.01.19 06:49:51.431,1.14606,1.1461,1.50,2.44
2017.01.19 06:49:57.713,1.14605,1.14609,1.00,1.00
2017.01.19 06:49:58.223,1.14604,1.14609,1.03,2.25
2017.01.19 06:50:01.723,1.14603,1.14608,1.87,1.69
2017.01.19 06:50:01.974,1.14601,1.14607,3.36,1.12
2017.01.19 06:50:02.379,1.14602,1.14608,3.66,1.69
2017.01.19 06:50:02.565,1.14604,1.1461,1.03,3.94
2017.01.19 06:50:03.073,1.14604,1.1461,2.91,3.19
2017.01.19 06:50:04.148,1.14604,1.1461,4.41,2.25
2017.01.19 06:50:04.690,1.14605,1.1461,1.00,2.44
2017.01.19 06:50:04.996,1.14603,1.14607,3.19,1.12
2017.01.19 06:50:05.502,1.14603,1.14607,1.25,1.12
2017.01.19 06:50:06.008,1.14601,1.14607,3.36,2.44
2017.01.19 06:50:06.534,1.14602,1.14608,2.53,2.62
2017.01.19 06:50:07.040,1.14603,1.14609,2.91,3.19
2017.01.19 06:50:07.560,1.14603,1.14608,2.53,1.12
2017.01.19 06:50:08.629,1.14602,1.14605,1.60,4.54
2017.01.19 06:50:08.832,1.14597,1.14601,1.50,1.12
2017.01.19 06:50:09.338,1.14595,1.146,2.32,1.31
2017.01.19 06:50:10.674,1.14595,1.14601,2.51,2.81
2017.01.19 06:50:11.228,1.14595,1.14602,4.86,6.00
2017.01.19 06:50:13.006,1.14596,1.146,1.87,1.37
2017.01.19 06:50:13.168,1.14595,1.14599,1.39,1.12
2017.01.19 06:50:13.659,1.14596,1.14601,1.87,4.31
2017.01.19 06:50:14.166,1.14598,1.14604,2.53,3.94
2017.01.19 06:50:14.217,1.14598,1.14604,3.28,2.81
2017.01.19 06:50:15.298,1.14598,1.14604,3.28,3.19
2017.01.19 06:50:15.811,1.14598,1.14604,3.66,2.73
2017.01.19 06:50:16.450,1.14598,1.14604,3.66,2.44
2017.01.19 06:50:17.832,1.14598,1.14604,2.91,1.25
2017.01.19 06:50:23.565,1.14599,1.14602,1.00,1.00
2017.01.19 06:50:23.616,1.14599,1.14604,1.50,1.69
2017.01.19 06:50:24.755,1.14598,1.14604,2.44,3.94
2017.01.19 06:50:25.110,1.14597,1.14603,3.75,3.56
2017.01.19 06:50:25.566,1.14596,1.14601,1.00,4.69
2017.01.19 06:50:26.089,1.14597,1.14602,1.50,1.69
2017.01.19 06:50:33.523,1.14598,1.14602,1.00,1.69
2017.01.19 06:50:34.066,1.14598,1.14602,1.50,1.69
2017.01.19 06:50:34.271,1.14596,1.14602,2.81,4.69
2017.01.19 06:50:42.002,1.14597,1.14602,1.00,1.69
2017.01.19 06:50:48.636,1.14598,1.14603,1.42,2.81
2017.01.19 06:50:48.957,1.14599,1.14604,1.87,2.44
2017.01.19 06:50:54.579,1.14601,1.14605,3.00,1.87
2017.01.19 06:51:00.001,1.14601,1.14603,1.10,1.00
2017.01.19 06:51:04.109,1.146,1.14602,1.45,1.00
2017.01.19 06:51:05.100,1.146,1.14603,1.45,1.87
2017.01.19 06:51:05.356,1.14599,1.14602,1.00,1.25
2017.01.19 06:51:05.458,1.14597,1.14602,1.50,2.44
2017.01.19 06:51:07.288,1.14596,1.14602,3.56,4.31
2017.01.19 06:51:10.267,1.14598,1.14602,1.50,4.69
2017.01.19 06:51:10.419,1.14597,1.146,1.12,1.00
2017.01.19 06:51:11.291,1.14596,1.14602,2.81,1.31
2017.01.19 06:51:12.359,1.14598,1.14603,1.12,3.56
2017.01.19 06:51:12.410,1.146,1.14602,1.00,1.00
2017.01.19 06:51:12.563,1.14602,1.14605,2.25,1.00
2017.01.19 06:51:12.968,1.14602,1.14607,2.25,1.69
2017.01.19 06:51:13.783,1.14601,1.14606,5.44,1.37
2017.01.19 06:51:14.315,1.14601,1.14605,1.10,2.06
2017.01.19 06:51:22.432,1.14601,1.14603,1.10,1.50
2017.01.19 06:51:25.725,1.146,1.14604,1.57,1.12
2017.01.19 06:51:26.314,1.14601,1.14606,3.37,3.94
2017.01.19 06:51:27.264,1.14601,1.14604,3.00,1.12
2017.01.19 06:51:27.872,1.146,1.14602,1.57,1.00
2017.01.19 06:51:28.323,1.146,1.14601,1.00,1.50
2017.01.19 06:51:28.384,1.14597,1.146,1.37,1.00
2017.01.19 06:51:28.578,1.14596,1.14599,1.00,1.00
2017.01.19 06:51:29.182,1.14595,1.14599,1.69,1.00
2017.01.19 06:51:31.170,1.14595,1.14601,4.31,3.19
2017.01.19 06:51:31.733,1.14595,1.14599,3.56,1.50
2017.01.19 06:51:32.533,1.14595,1.14599,3.94,1.50
2017.01.19 06:51:32.838,1.14595,1.14601,4.69,2.06
2017.01.19 06:51:36.761,1.14595,1.14601,2.51,5.06
2017.01.19 06:51:36.863,1.14595,1.14598,1.10,1.50
2017.01.19 06:51:37.552,1.14594,1.14598,1.50,1.12
2017.01.19 06:51:38.256,1.14592,1.14598,1.25,3.94
2017.01.19 06:51:42.769,1.14593,1.14598,1.00,3.56
2017.01.19 06:51:46.075,1.14595,1.14598,1.00,2.62
2017.01.19 06:51:46.177,1.14595,1.146,3.45,1.69
2017.01.19 06:51:46.280,1.14597,1.14601,1.00,1.69
2017.01.19 06:51:46.812,1.14598,1.14602,1.50,1.37
2017.01.19 06:51:48.640,1.14597,1.14602,4.87,1.37
2017.01.19 06:51:49.147,1.14598,1.14602,1.50,1.37
2017.01.19 06:51:49.797,1.14597,1.14602,2.62,1.37
2017.01.19 06:52:02.809,1.14597,1.14601,1.50,1.91
2017.01.19 06:52:03.012,1.14595,1.146,4.87,1.05
2017.01.19 06:52:03.518,1.14594,1.14599,2.06,2.25
2017.01.19 06:52:04.037,1.14595,1.146,4.87,2.81
2017.01.19 06:52:04.543,1.14595,1.146,3.75,2.06
2017.01.19 06:52:05.050,1.14594,1.14599,2.51,1.87
2017.01.19 06:52:05.557,1.14593,1.14599,6.19,3.60
2017.01.19 06:52:06.063,1.14594,1.14599,1.25,3.37
2017.01.19 06:52:07.424,1.14595,1.14599,1.87,1.37
2017.01.19 06:52:07.727,1.14597,1.146,1.50,1.62
2017.01.19 06:52:07.829,1.14598,1.14602,1.50,2.62
2017.01.19 06:52:08.708,1.14598,1.14602,2.25,1.00
2017.01.19 06:52:15.574,1.14598,1.14603,4.02,1.87
2017.01.19 06:52:16.125,1.146,1.14605,2.62,1.31
2017.01.19 06:52:20.102,1.14601,1.14605,1.00,1.31
2017.01.19 06:52:20.408,1.14604,1.14607,3.00,1.31
2017.01.19 06:52:27.366,1.14604,1.14608,1.50,1.69
2017.01.19 06:52:31.350,1.14603,1.14608,2.25,1.25
2017.01.19 06:52:32.266,1.14603,1.14607,1.00,1.50
2017.01.19 06:52:32.570,1.146,1.14606,3.56,2.81
2017.01.19 06:52:34.938,1.14601,1.14606,2.81,1.87
2017.01.19 06:52:35.090,1.14605,1.14608,1.00,3.56
2017.01.19 06:52:35.596,1.14605,1.14608,1.50,1.00
2017.01.19 06:52:36.107,1.14605,1.14608,1.50,1.37
2017.01.19 06:52:37.970,1.14602,1.14608,4.87,1.62
2017.01.19 06:52:38.477,1.14601,1.14606,1.87,1.17
2017.01.19 06:52:38.629,1.146,1.14605,3.37,1.69
2017.01.19 06:52:38.884,1.14599,1.14605,1.50,2.86
2017.01.19 06:52:39.729,1.14599,1.14602,1.00,2.10
2017.01.19 06:52:39.932,1.14594,1.14599,1.37,1.59
2017.01.19 06:52:40.438,1.14593,1.14599,2.06,1.74
2017.01.19 06:52:40.539,1.14596,1.14599,1.00,1.55
2017.01.19 06:52:40.691,1.14597,1.14601,1.00,2.06
2017.01.19 06:52:41.198,1.14597,1.14603,2.44,1.31
2017.01.19 06:52:41.704,1.14596,1.14601,4.87,1.69
2017.01.19 06:52:42.028,1.14591,1.14596,1.37,4.74
2017.01.19 06:52:42.333,1.14593,1.14596,3.37,4.36
2017.01.19 06:52:42.485,1.14597,1.14598,2.62,1.12
2017.01.19 06:52:42.536,1.14597,1.14598,3.37,1.00
2017.01.19 06:52:42.638,1.14599,1.14602,2.62,6.19
2017.01.19 06:52:42.841,1.146,1.14603,2.62,2.30
2017.01.19 06:52:43.353,1.146,1.14603,3.37,1.00
2017.01.19 06:52:43.807,1.146,1.14604,1.00,3.61
2017.01.19 06:52:47.258,1.14599,1.14601,2.62,2.25
2017.01.19 06:52:47.839,1.14598,1.14601,1.00,2.25
2017.01.19 06:52:49.549,1.14597,1.14601,2.62,3.19
2017.01.19 06:52:50.076,1.14596,1.146,1.00,2.11
2017.01.19 06:52:51.805,1.14595,1.146,1.50,2.11
2017.01.19 06:52:54.545,1.14596,1.146,1.00,2.11
2017.01.19 06:52:54.849,1.14599,1.14601,1.00,2.06
2017.01.19 06:52:55.103,1.14599,1.14603,1.00,2.06
2017.01.19 06:53:00.587,1.14598,1.14603,2.25,3.19
2017.01.19 06:53:01.102,1.14598,1.14603,1.50,4.31
2017.01.19 06:53:02.085,1.14597,1.14601,1.87,1.25
2017.01.19 06:53:05.209,1.14597,1.14601,3.00,1.25
2017.01.19 06:53:05.776,1.14597,1.14601,2.25,1.69
2017.01.19 06:53:06.132,1.14595,1.146,3.82,1.69
2017.01.19 06:53:06.183,1.14595,1.14598,1.87,1.25
2017.01.19 06:53:06.387,1.14593,1.14598,2.25,1.31
2017.01.19 06:53:10.584,1.14594,1.14598,1.50,1.31
2017.01.19 06:53:13.386,1.14593,1.14598,2.06,1.50
2017.01.19 06:53:16.362,1.14594,1.14599,1.00,2.81
2017.01.19 06:53:18.898,1.14594,1.14599,1.50,2.81
2017.01.19 06:53:26.761,1.14596,1.14599,1.50,2.06
2017.01.19 06:53:27.065,1.14594,1.14599,4.12,1.31
2017.01.19 06:53:27.596,1.14594,1.14598,1.50,1.00
2017.01.19 06:53:44.092,1.14594,1.14599,1.50,2.81
2017.01.19 06:53:44.614,1.14593,1.14598,2.81,1.50
2017.01.19 06:53:45.642,1.14594,1.14598,1.50,1.50
2017.01.19 06:53:46.883,1.14593,1.14598,2.44,1.37
2017.01.19 06:53:52.961,1.14593,1.14596,1.00,1.69
2017.01.19 06:53:53.114,1.14591,1.14596,1.12,3.79
2017.01.19 06:53:56.482,1.14591,1.14596,1.12,4.16
2017.01.19 06:54:00.142,1.1459,1.14595,2.81,1.50
2017.01.19 06:54:15.628,1.14589,1.14595,6.56,1.87
2017.01.19 06:54:20.566,1.14589,1.14595,6.19,3.97
2017.01.19 06:54:21.080,1.14589,1.14594,3.75,1.54
2017.01.19 06:54:24.859,1.14589,1.14592,2.25,1.00
2017.01.19 06:54:25.402,1.14589,1.14594,3.00,1.19
2017.01.19 06:54:28.123,1.14589,1.14592,1.87,1.00
2017.01.19 06:54:28.673,1.14589,1.14594,1.00,2.44
2017.01.19 06:54:30.548,1.14589,1.14592,1.00,1.00
2017.01.19 06:54:31.165,1.14588,1.14592,4.12,1.50
2017.01.19 06:54:35.162,1.14588,1.14593,4.50,1.36
2017.01.19 06:54:35.692,1.14588,1.14593,4.50,1.67
2017.01.19 06:54:36.684,1.14588,1.14593,4.50,2.11
2017.01.19 06:54:37.190,1.14588,1.14591,4.50,1.25
2017.01.19 06:54:37.889,1.14587,1.14588,4.87,1.50
2017.01.19 06:54:38.103,1.14583,1.14585,1.50,1.54
2017.01.19 06:54:38.154,1.14581,1.14584,1.50,1.12
2017.01.19 06:54:38.661,1.1458,1.14586,2.62,5.86
2017.01.19 06:54:39.229,1.14581,1.14586,1.50,6.19
2017.01.19 06:54:40.932,1.1458,1.14586,2.62,4.74
2017.01.19 06:54:42.395,1.14579,1.14585,4.69,1.74
2017.01.19 06:54:42.749,1.14579,1.14583,3.94,1.00
2017.01.19 06:54:42.800,1.14579,1.14583,3.19,1.00
2017.01.19 06:54:43.452,1.1458,1.14585,1.50,2.81
2017.01.19 06:54:43.955,1.14579,1.14584,1.03,1.37
2017.01.19 06:54:46.275,1.14578,1.1458,4.97,1.00
2017.01.19 06:54:46.479,1.14576,1.14579,1.69,1.00
2017.01.19 06:54:46.531,1.14575,1.14581,8.53,3.42
2017.01.19 06:54:47.062,1.14575,1.1458,6.56,4.50
2017.01.19 06:54:47.570,1.14575,1.14579,4.87,2.25
2017.01.19 06:54:47.722,1.14575,1.14577,1.42,6.37
2017.01.19 06:54:47.925,1.1457,1.14574,1.25,3.00
2017.01.19 06:54:49.941,1.1457,1.14575,2.06,1.00
2017.01.19 06:54:50.448,1.14571,1.14577,4.50,1.69
2017.01.19 06:54:51.486,1.14571,1.14573,1.00,1.00
2017.01.19 06:54:51.823,1.14568,1.14572,1.95,3.00
2017.01.19 06:54:53.626,1.1457,1.14574,1.25,7.50
2017.01.19 06:54:54.133,1.14569,1.14575,5.44,4.87
2017.01.19 06:54:54.588,1.14571,1.14575,1.00,2.25
2017.01.19 06:54:55.618,1.1457,1.14575,2.81,1.87
2017.01.19 06:55:00.103,1.14571,1.14576,2.02,4.31
2017.01.19 06:55:00.642,1.14571,1.14576,2.25,2.06
2017.01.19 06:55:01.436,1.14572,1.14576,2.55,1.25
2017.01.19 06:55:01.741,1.14574,1.14578,1.45,1.87
2017.01.19 06:55:02.078,1.14574,1.14576,1.45,1.50
2017.01.19 06:55:02.440,1.14575,1.14578,3.75,1.50
2017.01.19 06:55:03.673,1.14575,1.14577,1.10,1.00
2017.01.19 06:55:05.945,1.14574,1.14576,1.57,1.87
2017.01.19 06:55:06.047,1.14571,1.14575,1.12,2.62
2017.01.19 06:55:06.608,1.1457,1.14575,2.29,1.50
2017.01.19 06:55:07.133,1.14571,1.14575,1.00,1.50
2017.01.19 06:55:07.641,1.14571,1.14576,1.00,3.94
2017.01.19 06:55:08.540,1.1457,1.14576,3.79,3.19
2017.01.19 06:55:13.672,1.14571,1.14576,1.00,2.44
2017.01.19 06:55:14.191,1.14572,1.14576,1.00,1.87
2017.01.19 06:55:21.409,1.14573,1.14577,3.94,1.87
2017.01.19 06:55:21.460,1.14574,1.14578,3.37,1.50
2017.01.19 06:55:22.001,1.14575,1.14579,3.75,1.50
2017.01.19 06:55:22.305,1.14574,1.14577,3.07,1.00
2017.01.19 06:55:24.692,1.14574,1.14577,1.00,2.62
2017.01.19 06:55:24.775,1.14572,1.14577,2.44,3.37
2017.01.19 06:55:25.488,1.14574,1.14577,1.45,1.50
2017.01.19 06:55:30.577,1.14576,1.14579,1.87,1.25
2017.01.19 06:55:30.679,1.14578,1.14581,1.00,2.44
2017.01.19 06:55:30.730,1.14578,1.14581,1.00,2.06
2017.01.19 06:55:31.237,1.14579,1.14582,1.00,1.25
2017.01.19 06:55:31.911,1.14581,1.14583,1.00,1.00
2017.01.19 06:55:31.962,1.14582,1.14585,1.00,3.56
2017.01.19 06:55:32.216,1.14582,1.14587,5.25,2.06
2017.01.19 06:55:32.495,1.14583,1.14588,4.12,1.25
2017.01.19 06:55:34.919,1.14583,1.14589,3.00,4.69
2017.01.19 06:55:35.226,1.14582,1.14585,1.10,1.50
2017.01.19 06:55:36.188,1.14582,1.14587,1.50,2.81
2017.01.19 06:55:36.758,1.14583,1.14589,3.75,3.94
2017.01.19 06:55:38.319,1.14583,1.14589,4.87,3.94
2017.01.19 06:55:41.244,1.14583,1.14589,3.00,3.94
2017.01.19 06:55:41.396,1.14583,1.14585,1.50,1.00
2017.01.19 06:55:41.902,1.14581,1.14585,1.95,1.50
2017.01.19 06:55:45.916,1.14581,1.14586,1.95,1.69
2017.01.19 06:55:46.472,1.14581,1.14585,1.95,1.00
2017.01.19 06:55:46.845,1.14582,1.14584,1.57,1.00
2017.01.19 06:55:46.897,1.14582,1.14587,3.00,2.06
2017.01.19 06:55:47.512,1.14582,1.14587,4.50,1.69
2017.01.19 06:55:49.951,1.14583,1.14587,1.87,1.69
2017.01.19 06:55:51.497,1.14583,1.14587,1.12,2.06
2017.01.19 06:55:56.953,1.14583,1.14585,1.00,1.00
2017.01.19 06:56:00.169,1.14582,1.14586,2.25,1.69
2017.01.19 06:56:00.790,1.14582,1.14586,1.87,1.69
2017.01.19 06:56:01.656,1.14582,1.14588,4.12,5.81
2017.01.19 06:56:02.159,1.14582,1.14585,1.87,1.50
2017.01.19 06:56:02.479,1.1458,1.14584,1.87,2.25
2017.01.19 06:56:02.683,1.1458,1.14586,4.50,3.19
2017.01.19 06:56:02.733,1.14582,1.14586,1.00,3.19
2017.01.19 06:56:03.277,1.14582,1.14587,4.50,1.69
2017.01.19 06:56:05.722,1.14582,1.14585,3.07,1.00
2017.01.19 06:56:06.228,1.14582,1.14585,1.20,1.50
2017.01.19 06:56:06.743,1.1458,1.14584,7.50,1.50
2017.01.19 06:56:07.030,1.1458,1.14584,2.25,1.50
2017.01.19 06:56:13.280,1.14581,1.14584,1.00,1.00
2017.01.19 06:56:13.455,1.14582,1.14587,1.20,3.56
2017.01.19 06:56:15.306,1.14583,1.14587,1.87,1.00
2017.01.19 06:56:15.887,1.14583,1.14589,2.25,4.69
2017.01.19 06:56:17.442,1.14582,1.14585,3.07,1.00
2017.01.19 06:56:17.645,1.14579,1.14584,4.12,1.00
2017.01.19 06:56:18.151,1.14579,1.14585,5.62,2.06
2017.01.19 06:56:19.936,1.14579,1.14583,4.12,1.00
2017.01.19 06:56:20.441,1.14579,1.14584,3.37,1.50
2017.01.19 06:56:28.486,1.1458,1.14583,1.00,1.00
2017.01.19 06:56:28.892,1.1458,1.14585,1.00,1.69
2017.01.19 06:56:39.076,1.14579,1.14586,4.60,2.81
2017.01.19 06:56:39.638,1.14579,1.14585,2.72,2.06
2017.01.19 06:56:41.413,1.14582,1.14586,1.00,1.69
2017.01.19 06:56:41.589,1.14582,1.14587,1.20,2.44
2017.01.19 06:56:41.640,1.14581,1.14585,2.05,1.25
2017.01.19 06:56:42.145,1.1458,1.14584,1.37,1.50
2017.01.19 06:56:42.679,1.1458,1.14584,1.00,1.50
2017.01.19 06:56:43.611,1.14579,1.14584,1.87,1.69
2017.01.19 06:56:43.926,1.14582,1.14587,5.35,1.19
2017.01.19 06:56:44.447,1.14582,1.14585,1.10,1.50
2017.01.19 06:56:46.608,1.14582,1.14586,1.10,1.69
2017.01.19 06:56:49.270,1.14582,1.14584,1.10,1.50
2017.01.19 06:56:49.372,1.1458,1.14583,1.00,1.69
2017.01.19 06:56:49.876,1.14581,1.14583,1.00,1.00
2017.01.19 06:56:50.010,1.14582,1.14586,1.00,1.69
2017.01.19 06:56:51.120,1.14582,1.14584,1.00,1.00
2017.01.19 06:56:51.474,1.14581,1.14584,1.00,2.85
2017.01.19 06:56:51.727,1.14578,1.14581,1.00,1.31
2017.01.19 06:56:52.589,1.14578,1.14584,1.60,3.94
2017.01.19 06:56:52.641,1.14578,1.14584,2.16,2.81
2017.01.19 06:56:53.548,1.14579,1.14584,2.25,1.69
2017.01.19 06:56:55.011,1.14579,1.14583,1.87,1.50
2017.01.19 06:56:55.521,1.14578,1.14583,2.81,2.25
2017.01.19 06:56:58.007,1.14582,1.14583,1.00,1.50
2017.01.19 06:56:58.087,1.14583,1.14586,1.00,2.44
2017.01.19 06:56:58.612,1.14582,1.14586,1.10,2.44
2017.01.19 06:56:59.523,1.14583,1.14586,1.50,1.19
2017.01.19 06:56:59.624,1.14585,1.14587,1.12,1.12
2017.01.19 06:56:59.727,1.14586,1.1459,1.00,2.25
2017.01.19 06:56:59.828,1.14586,1.14591,1.12,2.81
2017.01.19 06:57:00.334,1.14587,1.14591,1.00,1.69
2017.01.19 06:57:01.591,1.14586,1.14591,3.75,1.69
2017.01.19 06:57:03.379,1.14586,1.14588,3.00,1.00
2017.01.19 06:57:04.302,1.14586,1.14587,2.25,1.00
2017.01.19 06:57:08.623,1.14585,1.14587,2.95,1.00
2017.01.19 06:57:08.927,1.1458,1.14581,1.00,1.25
2017.01.19 06:57:08.978,1.14578,1.1458,1.12,1.00
2017.01.19 06:57:09.459,1.14575,1.14577,2.25,1.00
2017.01.19 06:57:09.864,1.14573,1.14575,5.25,1.00
2017.01.19 06:57:10.382,1.14572,1.14574,1.50,1.50
2017.01.19 06:57:10.432,1.14571,1.14573,5.25,1.00
2017.01.19 06:57:10.712,1.14569,1.14571,1.50,1.50
2017.01.19 06:57:10.947,1.14564,1.14566,6.37,1.00
2017.01.19 06:57:10.999,1.14564,1.14566,2.25,1.00
2017.01.19 06:57:11.505,1.14564,1.14565,1.00,1.00
2017.01.19 06:57:12.021,1.14565,1.14566,1.50,1.50
2017.01.19 06:57:12.711,1.14563,1.14565,1.00,1.00
2017.01.19 06:57:13.561,1.14563,1.14564,1.12,1.00
2017.01.19 06:57:14.270,1.14561,1.14564,4.39,1.50
2017.01.19 06:57:16.037,1.14561,1.14564,1.57,1.50
2017.01.19 06:57:16.573,1.14561,1.14563,1.10,1.50
2017.01.19 06:57:17.885,1.14561,1.14562,1.10,1.00
2017.01.19 06:57:18.391,1.1456,1.14561,1.00,1.00
2017.01.19 06:57:18.893,1.14559,1.14561,2.44,1.00
2017.01.19 06:57:19.542,1.14559,1.14563,2.44,2.25
2017.01.19 06:57:21.661,1.1456,1.14563,1.00,3.37
2017.01.19 06:57:22.184,1.14562,1.14563,1.00,1.12
2017.01.19 06:57:22.406,1.14564,1.14566,1.00,3.37
2017.01.19 06:57:22.711,1.14561,1.14565,1.87,1.69
2017.01.19 06:57:23.203,1.14561,1.14565,2.29,1.00
2017.01.19 06:57:23.561,1.1456,1.14564,3.00,1.50
2017.01.19 06:57:23.966,1.14563,1.14566,1.00,2.06
2017.01.19 06:57:24.885,1.14564,1.14567,1.12,2.25
2017.01.19 06:57:25.410,1.14564,1.14567,1.50,1.50
2017.01.19 06:57:25.940,1.14565,1.14568,1.12,1.87
2017.01.19 06:57:26.893,1.14567,1.14571,1.60,7.72
2017.01.19 06:57:27.516,1.14567,1.1457,1.00,2.06
2017.01.19 06:57:28.678,1.14569,1.14571,1.00,1.00
2017.01.19 06:57:28.952,1.1457,1.14575,1.50,3.94
2017.01.19 06:57:30.114,1.14569,1.14574,1.87,1.25
2017.01.19 06:57:36.312,1.14568,1.14572,3.47,3.19
2017.01.19 06:57:36.616,1.14566,1.1457,1.87,1.25
2017.01.19 06:57:37.022,1.14565,1.14567,1.37,2.62
2017.01.19 06:57:37.073,1.14564,1.14567,1.50,5.81
2017.01.19 06:57:37.274,1.1456,1.14566,3.19,2.06
2017.01.19 06:57:39.136,1.1456,1.14566,2.25,2.06
2017.01.19 06:57:39.485,1.14563,1.14566,1.00,2.06
2017.01.19 06:57:39.652,1.14562,1.14566,1.00,2.81
2017.01.19 06:57:40.085,1.14563,1.14566,1.00,2.06
2017.01.19 06:57:41.571,1.14564,1.14567,1.60,1.50
2017.01.19 06:57:41.673,1.14565,1.14569,1.12,2.62
2017.01.19 06:57:41.977,1.14565,1.1457,1.50,2.06
2017.01.19 06:57:43.361,1.14566,1.1457,1.50,1.12
2017.01.19 06:57:43.707,1.14568,1.14574,6.41,3.56
2017.01.19 06:57:43.873,1.14569,1.14574,1.00,2.44
2017.01.19 06:57:44.375,1.14568,1.14574,9.04,2.44
2017.01.19 06:57:48.491,1.1457,1.14574,1.00,1.69
2017.01.19 06:57:48.795,1.14568,1.14572,9.19,1.00
2017.01.19 06:57:49.303,1.14569,1.14573,1.00,2.25
2017.01.19 06:57:49.871,1.14568,1.14573,6.51,2.25
2017.01.19 06:57:51.589,1.14569,1.14573,1.12,2.44
2017.01.19 06:57:51.893,1.14571,1.14573,1.15,1.31
2017.01.19 06:57:52.647,1.14572,1.14574,1.00,2.44
2017.01.19 06:57:52.799,1.14571,1.14573,1.24,1.25
2017.01.19 06:57:55.456,1.14573,1.14574,1.00,2.44
2017.01.19 06:57:57.386,1.14573,1.14575,1.50,1.25
2017.01.19 06:57:58.984,1.14574,1.14576,1.00,1.69
2017.01.19 06:57:59.517,1.14573,1.14576,1.33,1.69
2017.01.19 06:58:03.189,1.14574,1.14576,2.25,1.00
2017.01.19 06:58:03.291,1.14574,1.14578,3.75,1.69
2017.01.19 06:58:03.798,1.14573,1.14578,1.00,2.44
2017.01.19 06:58:05.473,1.14574,1.14578,1.00,1.69
2017.01.19 06:58:05.982,1.14575,1.14578,2.25,1.25
2017.01.19 06:58:08.074,1.14573,1.14577,1.99,1.00
2017.01.19 06:58:08.580,1.14573,1.14577,1.15,1.50
2017.01.19 06:58:13.276,1.14572,1.14577,3.00,2.25
2017.01.19 06:58:13.617,1.14571,1.14575,3.37,2.44
2017.01.19 06:58:13.718,1.1457,1.14574,2.25,1.69
2017.01.19 06:58:14.224,1.1457,1.14573,1.50,1.00
2017.01.19 06:58:14.978,1.1457,1.14574,1.50,2.06
2017.01.19 06:58:18.197,1.14571,1.14574,1.00,2.44
2017.01.19 06:58:29.336,1.1457,1.14574,1.00,1.25
2017.01.19 06:58:29.727,1.14572,1.14575,1.00,2.06
2017.01.19 06:58:30.240,1.14571,1.14575,2.25,2.62
2017.01.19 06:58:30.833,1.14572,1.14576,1.00,3.56
2017.01.19 06:58:33.821,1.14574,1.14576,1.00,1.62
2017.01.19 06:58:33.974,1.14575,1.14577,1.50,1.87
2017.01.19 06:58:34.152,1.14575,1.14579,2.25,3.56
2017.01.19 06:58:35.137,1.14578,1.1458,1.00,2.81
2017.01.19 06:58:35.339,1.14579,1.14582,1.00,3.19
2017.01.19 06:58:35.886,1.14579,1.14583,1.50,5.81
2017.01.19 06:58:43.775,1.14577,1.14582,3.00,1.69
2017.01.19 06:58:53.928,1.14577,1.14581,1.00,2.44
2017.01.19 06:58:54.056,1.14575,1.14581,6.75,3.94
2017.01.19 06:58:56.367,1.14576,1.14581,1.00,3.94
2017.01.19 06:58:56.872,1.14578,1.14581,1.00,1.87
2017.01.19 06:58:57.467,1.14579,1.14583,1.00,4.69
2017.01.19 06:58:57.992,1.14578,1.14583,1.00,4.69
2017.01.19 06:58:58.922,1.14578,1.14583,1.00,1.69
2017.01.19 06:58:59.449,1.14579,1.14584,3.37,1.31
2017.01.19 06:59:00.171,1.1458,1.14584,1.00,1.31
2017.01.19 06:59:03.185,1.1458,1.14582,1.00,1.00
2017.01.19 06:59:03.769,1.14579,1.14584,2.62,1.31
2017.01.19 06:59:15.164,1.1458,1.14584,1.00,2.06
2017.01.19 06:59:16.046,1.14579,1.14584,1.50,2.44
2017.01.19 06:59:17.290,1.14579,1.14584,1.12,2.44
2017.01.19 06:59:18.037,1.14581,1.14586,3.45,1.69
2017.01.19 06:59:18.272,1.14583,1.14588,1.87,1.31
2017.01.19 06:59:18.525,1.14583,1.14589,2.25,4.69
2017.01.19 06:59:19.030,1.14585,1.1459,4.12,1.00
2017.01.19 06:59:19.546,1.14587,1.14592,1.00,2.44
2017.01.19 06:59:20.812,1.14587,1.14592,4.12,1.00
2017.01.19 06:59:20.956,1.1459,1.14594,1.50,3.19
2017.01.19 06:59:22.275,1.14591,1.14594,1.00,1.69
2017.01.19 06:59:24.965,1.14589,1.14594,1.87,1.69
2017.01.19 06:59:26.419,1.14591,1.14594,1.00,1.69
2017.01.19 06:59:26.978,1.14592,1.14594,1.50,1.31
2017.01.19 06:59:28.596,1.1459,1.14594,1.50,2.06
2017.01.19 06:59:31.370,1.14592,1.14594,1.50,1.31
2017.01.19 06:59:32.152,1.1459,1.14594,1.50,2.06
2017.01.19 06:59:32.254,1.14592,1.14594,1.00,1.19
2017.01.19 06:59:32.305,1.14592,1.14595,1.00,2.06
2017.01.19 06:59:35.530,1.14592,1.14596,1.50,6.56
2017.01.19 06:59:37.271,1.1459,1.14595,1.87,1.69
2017.01.19 06:59:39.923,1.1459,1.14593,1.87,1.00
2017.01.19 06:59:41.163,1.14588,1.14594,2.25,1.50
2017.01.19 06:59:43.502,1.14587,1.14592,1.31,1.00
2017.01.19 06:59:43.604,1.14587,1.14591,1.25,1.00
2017.01.19 06:59:43.786,1.14587,1.14593,1.25,2.25
2017.01.19 06:59:47.070,1.14587,1.14592,1.69,1.00
2017.01.19 06:59:47.576,1.14586,1.14591,2.06,1.00
2017.01.19 06:59:48.100,1.14586,1.14592,2.06,1.12
2017.01.19 06:59:48.602,1.14586,1.14591,1.87,1.00
2017.01.19 06:59:50.077,1.14586,1.14592,1.87,1.12
2017.01.19 06:59:51.292,1.14586,1.14591,1.87,1.00
2017.01.19 06:59:52.691,1.14586,1.14592,1.87,1.12
2017.01.19 06:59:53.194,1.14586,1.14591,1.87,1.00
2017.01.19 06:59:54.790,1.14586,1.14592,1.87,1.12
2017.01.19 06:59:55.332,1.14586,1.14591,1.87,1.00
2017.01.19 06:59:56.492,1.14586,1.14592,1.37,1.12
2017.01.19 06:59:57.053,1.14587,1.14594,1.37,2.06
2017.01.19 06:59:57.104,1.14587,1.14591,1.37,1.00
2017.01.19 06:59:57.638,1.14586,1.14591,1.87,1.00
2017.01.19 06:59:58.926,1.14594,1.14595,1.30,2.06
2017.01.19 06:59:59.040,1.14596,1.14599,1.00,2.81
2017.01.19 06:59:59.091,1.14595,1.14599,2.44,7.50
2017.01.19 06:59:59.193,1.14596,1.14601,1.12,4.31
2017.01.19 06:59:59.295,1.14596,1.14601,1.12,1.31
2017.01.19 06:59:59.453,1.14598,1.14603,1.25,1.37
2017.01.19 06:59:59.965,1.14598,1.14604,7.12,1.54
