2013.11.15 16:00:00.179,1.00276,1.00281,1.28,4.58
2013.11.15 16:00:00.662,1.00277,1.0028,2.33,1.13
2013.11.15 16:00:01.201,1.00276,1.0028,1.18,1.00
2013.11.15 16:00:01.679,1.00276,1.00278,1.00,1.00
2013.11.15 16:00:01.980,1.00275,1.00278,4.58,1.13
2013.11.15 16:00:02.099,1.0028,1.00282,8.33,2.18
2013.11.15 16:00:02.160,1.00283,1.00285,1.10,1.00
2013.11.15 16:00:02.699,1.00283,1.00286,1.10,1.13
2013.11.15 16:00:04.220,1.00282,1.00286,1.18,3.38
2013.11.15 16:00:04.402,1.00281,1.00285,1.95,1.20
2013.11.15 16:00:05.639,1.00282,1.00285,2.25,1.20
2013.11.15 16:00:06.199,1.00282,1.00286,3.53,1.00
2013.11.15 16:00:06.751,1.00284,1.00286,1.00,1.00
2013.11.15 16:00:07.299,1.00283,1.00287,1.58,2.18
2013.11.15 16:00:08.140,1.00284,1.00287,1.00,1.10
2013.11.15 16:00:08.681,1.00284,1.00287,1.08,1.00
2013.11.15 16:00:11.179,1.00283,1.00286,3.75,1.00
2013.11.15 16:00:11.299,1.00283,1.00286,3.08,1.88
2013.11.15 16:00:12.379,1.00283,1.00286,1.05,1.00
2013.11.15 16:00:12.619,1.00285,1.00287,1.65,1.00
2013.11.15 16:00:13.159,1.00285,1.00288,1.65,1.13
2013.11.15 16:00:14.452,1.00284,1.00287,2.33,1.00
2013.11.15 16:00:22.869,1.00287,1.00288,2.55,1.00
2013.11.15 16:00:22.929,1.00288,1.0029,2.25,1.00
2013.11.15 16:00:23.469,1.00288,1.00291,2.33,1.50
2013.11.15 16:00:24.189,1.00288,1.00292,3.45,1.13
2013.11.15 16:00:24.581,1.0029,1.00295,3.08,1.20
2013.11.15 16:00:24.879,1.00293,1.00297,2.25,2.03
2013.11.15 16:00:25.392,1.00294,1.00298,1.28,1.50
2013.11.15 16:00:27.209,1.00295,1.00298,2.33,1.13
2013.11.15 16:00:27.390,1.00297,1.00301,1.55,1.88
2013.11.15 16:00:27.449,1.00297,1.00301,3.15,1.50
2013.11.15 16:00:27.570,1.003,1.00303,1.13,2.03
2013.11.15 16:00:28.410,1.003,1.00304,1.13,6.68
2013.11.15 16:00:28.771,1.00299,1.00303,1.00,3.53
2013.11.15 16:00:28.893,1.00299,1.00303,1.20,2.70
2013.11.15 16:00:29.399,1.00299,1.00303,1.28,3.38
2013.11.15 16:00:29.940,1.00301,1.00304,1.88,1.20
2013.11.15 16:00:30.749,1.003,1.00304,1.10,10.58
2013.11.15 16:00:30.989,1.00297,1.00301,3.15,1.38
2013.11.15 16:00:31.109,1.00299,1.00302,1.08,1.38
2013.11.15 16:00:31.289,1.00297,1.003,1.18,1.13
2013.11.15 16:00:31.351,1.00299,1.00301,1.58,1.00
2013.11.15 16:00:31.651,1.00299,1.00303,1.58,2.70
2013.11.15 16:00:32.190,1.00298,1.00301,1.10,1.13
2013.11.15 16:00:32.729,1.00297,1.00301,1.93,1.50
2013.11.15 16:00:33.420,1.00298,1.00301,1.10,1.13
2013.11.15 16:00:33.940,1.00297,1.00301,1.65,1.38
2013.11.15 16:00:36.920,1.00297,1.00301,1.65,1.88
2013.11.15 16:00:37.589,1.00297,1.00301,2.40,2.25
2013.11.15 16:00:38.188,1.00299,1.00301,1.00,1.38
2013.11.15 16:00:38.738,1.00297,1.00301,2.40,1.38
2013.11.15 16:00:45.078,1.00296,1.00299,2.33,1.50
2013.11.15 16:00:47.108,1.00295,1.00299,7.28,1.38
2013.11.15 16:00:50.430,1.00295,1.00299,2.78,1.00
2013.11.15 16:00:51.958,1.00295,1.00299,3.53,1.00
2013.11.15 16:00:52.139,1.00297,1.00301,2.03,1.00
2013.11.15 16:00:52.678,1.00297,1.00301,2.40,1.38
2013.11.15 16:01:01.849,1.00297,1.00301,2.25,1.55
2013.11.15 16:01:02.375,1.00297,1.00301,2.40,1.38
2013.11.15 16:01:10.090,1.00297,1.00301,2.25,1.55
2013.11.15 16:01:18.610,1.00298,1.00301,1.00,1.55
2013.11.15 16:01:20.469,1.00297,1.00301,2.25,1.55
2013.11.15 16:01:24.160,1.00297,1.00301,2.40,1.38
2013.11.15 16:01:26.409,1.00297,1.00301,3.15,1.13
2013.11.15 16:01:33.711,1.00299,1.00301,1.00,1.13
2013.11.15 16:01:34.889,1.00298,1.00301,1.20,1.13
2013.11.15 16:01:35.439,1.00298,1.00301,1.13,1.28
2013.11.15 16:01:44.690,1.00299,1.00301,1.00,1.28
2013.11.15 16:01:45.449,1.00298,1.003,1.13,1.10
2013.11.15 16:01:46.819,1.00297,1.003,2.25,1.20
2013.11.15 16:01:48.699,1.00298,1.003,1.00,1.20
2013.11.15 16:01:49.769,1.00297,1.003,2.25,1.20
2013.11.15 16:01:52.219,1.00297,1.003,1.50,1.10
2013.11.15 16:01:52.760,1.00298,1.00301,1.20,1.13
2013.11.15 16:01:53.119,1.00296,1.003,5.25,3.23
2013.11.15 16:01:53.179,1.00296,1.003,3.08,4.05
2013.11.15 16:01:59.249,1.00295,1.00299,3.15,1.88
2013.11.15 16:02:00.209,1.00295,1.00299,3.15,1.00
2013.11.15 16:02:00.809,1.00296,1.003,4.20,1.88
2013.11.15 16:02:01.311,1.00298,1.00301,1.10,1.13
2013.11.15 16:02:01.863,1.00296,1.003,4.20,1.88
2013.11.15 16:02:02.560,1.00296,1.003,4.20,1.88
2013.11.15 16:02:03.953,1.00296,1.00299,2.25,1.38
2013.11.15 16:02:04.011,1.00292,1.00296,1.00,3.23
2013.11.15 16:02:04.431,1.00292,1.00296,4.65,1.10
2013.11.15 16:02:04.550,1.00294,1.00297,2.70,1.13
2013.11.15 16:02:04.729,1.00294,1.00298,3.45,1.50
2013.11.15 16:02:06.219,1.00294,1.00298,4.95,1.50
2013.11.15 16:02:06.579,1.00298,1.00301,1.10,1.38
2013.11.15 16:02:11.819,1.00296,1.003,3.45,1.95
2013.11.15 16:02:12.179,1.00295,1.00297,1.50,1.13
2013.11.15 16:02:12.817,1.00293,1.00296,1.88,1.10
2013.11.15 16:02:14.069,1.00293,1.00295,1.38,1.00
2013.11.15 16:02:14.249,1.00291,1.00294,1.88,1.10
2013.11.15 16:02:14.745,1.00288,1.00289,1.00,1.20
2013.11.15 16:02:14.809,1.00286,1.00289,1.13,1.20
2013.11.15 16:02:15.360,1.00285,1.00288,1.58,1.00
2013.11.15 16:02:16.142,1.00286,1.00289,1.13,1.20
2013.11.15 16:02:18.891,1.00285,1.00288,1.58,1.00
2013.11.15 16:02:21.799,1.00285,1.00289,2.70,1.95
2013.11.15 16:02:25.171,1.00287,1.00289,1.50,1.20
2013.11.15 16:02:25.650,1.00288,1.00291,1.58,1.13
2013.11.15 16:02:26.192,1.00288,1.00291,1.20,1.38
2013.11.15 16:02:28.200,1.00289,1.00291,1.00,1.38
2013.11.15 16:02:28.320,1.00289,1.00292,1.18,1.13
2013.11.15 16:02:28.799,1.00288,1.00291,2.70,1.38
2013.11.15 16:02:34.351,1.00286,1.0029,4.20,2.25
2013.11.15 16:02:34.470,1.00284,1.00288,5.70,2.25
2013.11.15 16:02:38.191,1.00284,1.00288,2.03,1.58
2013.11.15 16:02:38.729,1.00285,1.00288,2.70,2.25
2013.11.15 16:02:39.030,1.00288,1.0029,2.25,1.95
2013.11.15 16:02:39.210,1.00288,1.00291,2.25,1.20
2013.11.15 16:02:40.340,1.00288,1.00292,4.13,1.28
2013.11.15 16:02:40.701,1.00292,1.00295,1.13,3.38
2013.11.15 16:02:41.060,1.00296,1.00299,3.38,1.00
2013.11.15 16:02:41.420,1.00294,1.00298,2.33,1.58
2013.11.15 16:02:42.999,1.00294,1.00297,1.10,1.38
2013.11.15 16:02:43.359,1.00286,1.00288,1.28,1.00
2013.11.15 16:02:43.900,1.00285,1.00288,1.48,1.88
2013.11.15 16:02:44.439,1.00285,1.00289,2.70,1.20
2013.11.15 16:02:48.374,1.00287,1.0029,1.58,2.33
2013.11.15 16:02:48.918,1.00285,1.00289,1.95,1.20
2013.11.15 16:02:49.819,1.00285,1.00289,4.13,1.00
2013.11.15 16:02:51.889,1.00286,1.00289,1.18,1.38
2013.11.15 16:02:52.310,1.00285,1.00288,1.20,1.00
2013.11.15 16:02:58.429,1.00286,1.00289,2.25,1.00
2013.11.15 16:02:58.852,1.00286,1.00289,1.58,1.13
2013.11.15 16:02:59.389,1.00286,1.00289,1.58,1.00
2013.11.15 16:03:00.440,1.00287,1.0029,1.75,1.10
2013.11.15 16:03:00.620,1.00288,1.00292,3.90,1.13
2013.11.15 16:03:02.799,1.00288,1.00292,3.90,1.00
2013.11.15 16:03:03.340,1.00288,1.00292,3.90,1.13
2013.11.15 16:03:05.221,1.00288,1.00293,2.78,2.33
2013.11.15 16:03:05.729,1.00288,1.00293,3.15,6.08
2013.11.15 16:03:08.669,1.00288,1.0029,2.78,1.13
2013.11.15 16:03:09.209,1.00286,1.0029,2.03,1.13
2013.11.15 16:03:09.771,1.00286,1.0029,2.03,1.13
2013.11.15 16:03:10.669,1.00288,1.00291,2.40,1.00
2013.11.15 16:03:11.172,1.00288,1.00292,3.15,1.00
2013.11.15 16:03:12.369,1.00288,1.00292,3.15,1.13
2013.11.15 16:03:13.136,1.00288,1.00292,3.15,1.50
2013.11.15 16:03:13.439,1.00286,1.0029,2.03,1.50
2013.11.15 16:03:21.329,1.00286,1.0029,1.58,1.50
2013.11.15 16:03:21.568,1.00286,1.0029,2.03,1.50
2013.11.15 16:03:27.809,1.00287,1.0029,1.10,4.35
2013.11.15 16:03:28.359,1.00286,1.0029,1.28,1.50
2013.11.15 16:03:32.979,1.00286,1.0029,1.28,1.75
2013.11.15 16:03:38.249,1.00285,1.00289,4.98,1.13
2013.11.15 16:03:39.159,1.00288,1.0029,1.13,1.13
2013.11.15 16:03:39.219,1.00288,1.00291,1.13,1.58
2013.11.15 16:03:39.399,1.00292,1.00294,1.00,1.00
2013.11.15 16:03:39.579,1.0029,1.00292,2.63,1.00
2013.11.15 16:03:39.639,1.00289,1.00292,2.78,1.13
2013.11.15 16:03:41.537,1.00289,1.00293,2.03,1.50
2013.11.15 16:03:41.599,1.0029,1.00294,2.63,2.25
2013.11.15 16:03:42.138,1.00291,1.00295,2.03,2.63
2013.11.15 16:03:45.118,1.00291,1.00295,2.03,1.13
2013.11.15 16:03:45.671,1.00293,1.00296,1.50,1.10
2013.11.15 16:03:45.969,1.00294,1.00298,3.38,1.88
2013.11.15 16:03:47.112,1.00294,1.00298,3.00,1.88
2013.11.15 16:03:48.490,1.00294,1.00298,1.08,4.50
2013.11.15 16:03:48.609,1.00293,1.00296,1.00,1.20
2013.11.15 16:03:49.149,1.00293,1.00297,2.40,1.38
2013.11.15 16:03:50.579,1.00292,1.00296,1.50,2.33
2013.11.15 16:03:50.761,1.0029,1.00293,1.18,2.63
2013.11.15 16:03:58.919,1.0029,1.00294,1.65,2.63
2013.11.15 16:03:58.980,1.00293,1.00295,1.00,1.95
2013.11.15 16:03:59.040,1.00294,1.00296,1.95,1.00
2013.11.15 16:03:59.161,1.00294,1.00298,4.20,1.50
2013.11.15 16:03:59.724,1.00295,1.00298,1.18,1.50
2013.11.15 16:04:00.811,1.00295,1.00298,2.33,1.13
2013.11.15 16:04:01.359,1.00296,1.00299,2.25,1.38
2013.11.15 16:04:01.950,1.00295,1.00299,3.45,1.38
2013.11.15 16:04:02.459,1.00294,1.00298,4.20,1.13
2013.11.15 16:04:02.989,1.00294,1.00298,3.45,1.50
2013.11.15 16:04:13.239,1.00297,1.00298,2.10,1.00
2013.11.15 16:04:13.420,1.00299,1.00302,1.88,1.95
2013.11.15 16:04:13.959,1.00299,1.00302,2.03,1.13
2013.11.15 16:04:15.300,1.00297,1.00301,1.55,1.38
2013.11.15 16:04:15.839,1.00296,1.003,1.58,1.58
2013.11.15 16:04:16.379,1.00295,1.003,3.53,2.70
2013.11.15 16:04:16.439,1.00295,1.00298,3.15,1.00
2013.11.15 16:04:25.653,1.00295,1.00299,2.40,1.75
2013.11.15 16:04:26.187,1.00295,1.00299,2.40,1.38
2013.11.15 16:04:27.650,1.00295,1.00297,1.50,1.50
2013.11.15 16:04:27.709,1.00295,1.00297,1.50,2.25
2013.11.15 16:04:27.893,1.00292,1.00295,1.58,1.50
2013.11.15 16:04:28.310,1.00294,1.00296,1.13,1.00
2013.11.15 16:04:28.669,1.00294,1.00297,2.33,1.00
2013.11.15 16:04:29.629,1.00294,1.00298,1.58,1.85
2013.11.15 16:04:29.690,1.00294,1.00296,1.58,1.50
2013.11.15 16:04:29.869,1.00291,1.00294,2.55,1.08
2013.11.15 16:04:30.050,1.00292,1.00295,1.13,2.03
2013.11.15 16:04:30.169,1.0029,1.00293,1.65,1.50
2013.11.15 16:04:32.249,1.0029,1.00292,1.13,1.00
2013.11.15 16:04:32.770,1.0029,1.00292,1.38,1.00
2013.11.15 16:04:35.630,1.00292,1.00294,2.63,1.20
2013.11.15 16:04:35.749,1.00293,1.00296,2.33,1.10
2013.11.15 16:04:36.299,1.00293,1.00297,2.33,1.58
2013.11.15 16:04:36.839,1.00295,1.00297,1.00,1.20
2013.11.15 16:04:37.738,1.00293,1.00297,1.95,1.20
2013.11.15 16:04:43.320,1.00296,1.00298,1.10,1.00
2013.11.15 16:04:43.861,1.00297,1.00299,1.00,1.00
2013.11.15 16:04:46.135,1.00296,1.00299,1.48,1.38
2013.11.15 16:04:47.749,1.00296,1.00299,1.48,1.00
2013.11.15 16:04:48.889,1.00295,1.00299,3.53,1.38
2013.11.15 16:04:49.900,1.00295,1.00299,3.15,1.38
2013.11.15 16:04:50.562,1.00295,1.00299,2.78,1.00
2013.11.15 16:04:57.979,1.00296,1.00299,1.10,1.38
2013.11.15 16:04:58.519,1.00296,1.00299,1.48,1.00
2013.11.15 16:04:59.719,1.00296,1.00299,1.10,1.38
2013.11.15 16:05:00.669,1.00293,1.00297,1.13,2.55
2013.11.15 16:05:01.209,1.00294,1.00297,1.65,1.50
2013.11.15 16:05:01.748,1.00294,1.00297,1.65,1.00
2013.11.15 16:05:03.289,1.00294,1.00298,1.65,1.00
2013.11.15 16:05:04.759,1.00294,1.00297,1.65,1.00
2013.11.15 16:05:07.090,1.00294,1.00297,1.45,1.95
2013.11.15 16:05:07.150,1.00293,1.00295,1.00,2.55
2013.11.15 16:05:07.211,1.00291,1.00295,2.63,2.63
2013.11.15 16:05:07.390,1.00291,1.00295,1.75,4.13
2013.11.15 16:05:07.510,1.0029,1.00293,1.20,2.85
2013.11.15 16:05:08.049,1.00288,1.00292,4.95,1.50
2013.11.15 16:05:11.899,1.00289,1.00292,1.65,1.88
2013.11.15 16:05:13.389,1.0029,1.00293,1.20,1.00
2013.11.15 16:05:13.510,1.00291,1.00294,1.18,1.38
2013.11.15 16:05:13.869,1.00291,1.00295,1.50,1.65
2013.11.15 16:05:14.410,1.00294,1.00302,11.11,6.83
2013.11.15 16:05:14.469,1.00298,1.00302,2.71,6.08
2013.11.15 16:05:15.029,1.00298,1.00301,1.48,1.00
2013.11.15 16:05:15.569,1.00298,1.00301,1.48,1.00
2013.11.15 16:05:18.399,1.00297,1.00301,2.40,1.00
2013.11.15 16:05:19.640,1.00297,1.003,1.18,1.00
2013.11.15 16:05:19.700,1.00296,1.00299,3.75,3.30
2013.11.15 16:05:19.819,1.00294,1.00297,1.20,3.23
2013.11.15 16:05:19.939,1.00294,1.00297,1.20,2.48
2013.11.15 16:05:20.120,1.00293,1.00297,1.65,2.85
2013.11.15 16:05:20.658,1.00293,1.00295,1.00,2.48
2013.11.15 16:05:21.160,1.00293,1.00297,1.50,2.03
2013.11.15 16:05:21.661,1.00293,1.00295,1.28,1.30
2013.11.15 16:05:22.020,1.0029,1.00294,1.88,2.33
2013.11.15 16:05:22.139,1.0029,1.00294,2.70,1.10
2013.11.15 16:05:22.200,1.00292,1.00295,1.75,1.10
2013.11.15 16:05:22.739,1.00293,1.00297,1.13,1.65
2013.11.15 16:05:23.279,1.00293,1.00297,1.88,1.65
2013.11.15 16:05:23.789,1.00293,1.00297,2.03,1.50
2013.11.15 16:05:25.169,1.00294,1.00298,1.85,1.58
2013.11.15 16:05:25.710,1.00294,1.00298,2.33,1.10
2013.11.15 16:05:26.999,1.00294,1.00298,2.33,1.10
2013.11.15 16:05:27.591,1.00294,1.00298,1.48,1.48
2013.11.15 16:05:30.047,1.00294,1.00298,1.20,1.48
2013.11.15 16:05:30.360,1.00294,1.00298,1.20,3.08
2013.11.15 16:05:30.720,1.00293,1.00297,1.65,1.13
2013.11.15 16:05:31.899,1.00294,1.00298,1.48,1.95
2013.11.15 16:05:36.959,1.00294,1.00298,1.85,1.10
2013.11.15 16:05:37.080,1.00295,1.00298,1.13,1.10
2013.11.15 16:05:41.949,1.00295,1.00299,1.13,1.55
2013.11.15 16:05:42.602,1.00294,1.00298,1.48,1.48
2013.11.15 16:05:42.780,1.00294,1.00297,1.10,1.38
2013.11.15 16:05:42.841,1.00293,1.00297,1.55,1.88
2013.11.15 16:05:45.070,1.00292,1.00294,2.18,1.88
2013.11.15 16:05:45.190,1.00291,1.00294,1.28,1.88
2013.11.15 16:05:45.430,1.00292,1.00295,1.10,2.25
2013.11.15 16:05:46.249,1.00291,1.00295,1.55,3.60
2013.11.15 16:05:46.790,1.00291,1.00295,1.65,1.50
2013.11.15 16:05:47.210,1.00295,1.00298,3.38,1.10
2013.11.15 16:05:47.330,1.00296,1.00299,4.10,2.25
2013.11.15 16:05:47.630,1.00295,1.00298,1.95,1.00
2013.11.15 16:05:53.380,1.00295,1.00297,1.10,1.13
2013.11.15 16:05:53.441,1.00293,1.00295,2.63,2.20
2013.11.15 16:05:53.979,1.00292,1.00296,2.25,1.88
2013.11.15 16:05:55.379,1.00293,1.00297,1.48,5.18
2013.11.15 16:05:55.922,1.00293,1.00297,1.48,4.43
2013.11.15 16:05:58.270,1.00294,1.00297,1.13,3.30
2013.11.15 16:06:02.590,1.00294,1.00297,1.38,1.10
2013.11.15 16:06:08.449,1.00294,1.00297,1.13,1.10
2013.11.15 16:06:08.989,1.00294,1.00298,1.28,5.10
2013.11.15 16:06:12.419,1.00294,1.00298,1.28,5.10
2013.11.15 16:06:17.769,1.00294,1.00298,1.28,5.10
2013.11.15 16:06:18.899,1.00294,1.00297,1.13,1.10
2013.11.15 16:06:24.011,1.00294,1.00298,1.38,1.28
2013.11.15 16:06:24.253,1.00296,1.00299,1.00,1.10
2013.11.15 16:06:24.759,1.00297,1.00299,1.00,1.10
2013.11.15 16:06:28.139,1.00296,1.00299,1.00,1.10
2013.11.15 16:06:28.319,1.00296,1.00299,1.00,3.08
2013.11.15 16:06:34.350,1.00296,1.00299,1.00,1.18
2013.11.15 16:06:34.901,1.00295,1.00299,1.10,1.48
2013.11.15 16:06:45.269,1.00295,1.00298,2.33,1.13
2013.11.15 16:06:50.341,1.00294,1.00298,1.65,1.13
2013.11.15 16:06:51.140,1.00294,1.00297,1.18,1.00
2013.11.15 16:06:58.061,1.00292,1.00296,2.18,1.00
2013.11.15 16:06:58.180,1.00292,1.00293,2.93,1.50
2013.11.15 16:06:58.359,1.0029,1.00293,1.00,3.08
2013.11.15 16:06:59.030,1.0029,1.00293,1.38,2.70
2013.11.15 16:06:59.150,1.00291,1.00294,1.50,1.95
2013.11.15 16:06:59.690,1.00292,1.00296,1.95,2.33
2013.11.15 16:07:04.200,1.00293,1.00295,1.38,1.00
2013.11.15 16:07:04.705,1.00293,1.00297,1.38,1.65
2013.11.15 16:07:05.251,1.00293,1.00295,1.38,1.00
2013.11.15 16:07:08.440,1.00292,1.00295,2.63,1.65
2013.11.15 16:07:09.720,1.00293,1.00295,1.13,1.65
2013.11.15 16:07:11.346,1.00293,1.00295,1.38,1.58
2013.11.15 16:07:11.881,1.00293,1.00295,1.13,1.65
2013.11.15 16:07:13.022,1.00293,1.00295,1.38,1.58
2013.11.15 16:07:13.559,1.00293,1.00295,1.13,1.65
2013.11.15 16:07:14.189,1.00293,1.00295,1.38,1.58
2013.11.15 16:07:14.789,1.00293,1.00295,1.13,1.65
2013.11.15 16:07:16.649,1.00293,1.00295,1.38,1.58
2013.11.15 16:07:17.223,1.00293,1.00295,1.13,1.65
2013.11.15 16:07:18.390,1.00293,1.00295,1.38,1.58
2013.11.15 16:07:18.919,1.00293,1.00295,1.38,1.00
2013.11.15 16:07:19.449,1.00292,1.00295,2.33,1.58
2013.11.15 16:07:20.031,1.00292,1.00295,1.38,1.65
2013.11.15 16:07:20.780,1.00293,1.00295,1.38,1.20
2013.11.15 16:07:21.302,1.00293,1.00296,1.38,1.10
2013.11.15 16:07:21.539,1.00293,1.00296,1.50,1.20
2013.11.15 16:07:22.140,1.00294,1.00297,1.00,1.65
2013.11.15 16:07:22.692,1.00295,1.00297,1.00,1.65
2013.11.15 16:07:25.700,1.00293,1.00296,1.00,4.13
2013.11.15 16:07:26.240,1.00292,1.00293,1.13,1.00
2013.11.15 16:07:27.752,1.00292,1.00294,1.13,2.70
2013.11.15 16:07:28.112,1.00286,1.00292,5.55,2.50
2013.11.15 16:07:28.830,1.00289,1.00291,1.38,1.00
2013.11.15 16:07:29.369,1.00289,1.00291,1.38,1.00
2013.11.15 16:07:29.920,1.00286,1.00291,5.48,2.50
2013.11.15 16:07:30.469,1.0029,1.00292,1.50,1.95
2013.11.15 16:07:31.010,1.0029,1.00291,1.00,1.00
2013.11.15 16:07:37.809,1.00286,1.00291,3.68,1.00
2013.11.15 16:07:38.332,1.00286,1.0029,3.30,1.00
2013.11.15 16:07:39.980,1.00289,1.00292,1.50,4.13
2013.11.15 16:07:40.579,1.00289,1.0029,1.13,1.10
2013.11.15 16:07:41.119,1.00289,1.00292,1.50,4.13
2013.11.15 16:07:52.324,1.0029,1.00292,1.50,1.10
2013.11.15 16:07:52.841,1.00288,1.00291,1.50,1.00
2013.11.15 16:07:53.420,1.00288,1.00291,1.13,1.00
2013.11.15 16:07:54.022,1.0029,1.00292,1.00,1.18
2013.11.15 16:07:55.259,1.00289,1.00291,1.00,1.00
2013.11.15 16:07:56.419,1.0029,1.00292,1.00,1.18
2013.11.15 16:07:58.919,1.00289,1.00291,1.00,1.00
2013.11.15 16:08:01.849,1.00288,1.00291,1.00,1.00
2013.11.15 16:08:02.163,1.0029,1.00292,1.00,1.18
2013.11.15 16:08:03.612,1.00288,1.00292,1.75,1.58
2013.11.15 16:08:03.731,1.00289,1.00291,1.00,1.10
2013.11.15 16:08:04.909,1.00286,1.00291,2.63,1.00
2013.11.15 16:08:05.841,1.00288,1.0029,1.00,1.00
2013.11.15 16:08:06.850,1.00288,1.0029,1.50,1.13
2013.11.15 16:08:07.091,1.00285,1.00288,4.58,2.10
2013.11.15 16:08:07.151,1.00285,1.00287,2.63,5.40
2013.11.15 16:08:07.211,1.00282,1.00285,2.63,2.33
2013.11.15 16:08:07.331,1.00282,1.00285,1.88,1.20
2013.11.15 16:08:07.510,1.00284,1.00287,1.88,3.00
2013.11.15 16:08:07.630,1.00284,1.00288,2.33,1.58
2013.11.15 16:08:08.170,1.00285,1.00288,1.00,1.58
2013.11.15 16:08:08.722,1.00284,1.00288,2.33,1.20
2013.11.15 16:08:10.580,1.00285,1.00288,1.13,1.10
2013.11.15 16:08:12.160,1.00286,1.00287,1.00,1.13
2013.11.15 16:08:12.220,1.00282,1.00287,2.93,9.99
2013.11.15 16:08:12.281,1.00279,1.00283,1.13,1.65
2013.11.15 16:08:12.341,1.00279,1.00283,2.25,1.18
2013.11.15 16:08:12.462,1.00282,1.00285,1.00,3.15
2013.11.15 16:08:12.820,1.00281,1.00283,1.13,1.88
2013.11.15 16:08:13.122,1.00277,1.00281,1.28,1.88
2013.11.15 16:08:17.750,1.00278,1.0028,1.48,1.00
2013.11.15 16:08:19.630,1.00278,1.0028,1.13,1.10
2013.11.15 16:08:20.170,1.00275,1.00279,3.53,1.00
2013.11.15 16:08:32.632,1.00276,1.0028,1.58,1.95
2013.11.15 16:08:33.169,1.00278,1.0028,1.13,1.10
2013.11.15 16:08:35.514,1.00278,1.00279,1.13,1.00
2013.11.15 16:08:36.060,1.00276,1.00278,1.48,1.00
2013.11.15 16:08:47.891,1.00276,1.00278,1.13,1.58
2013.11.15 16:08:48.130,1.00274,1.00277,1.13,1.20
2013.11.15 16:08:48.669,1.00274,1.00277,1.38,1.10
2013.11.15 16:08:49.421,1.00274,1.00278,1.50,1.20
2013.11.15 16:08:51.299,1.00274,1.00278,1.93,1.00
2013.11.15 16:08:53.701,1.00278,1.00281,1.00,1.58
2013.11.15 16:08:55.140,1.00279,1.0028,1.00,1.00
2013.11.15 16:08:56.964,1.00276,1.0028,1.93,1.00
2013.11.15 16:08:57.643,1.00276,1.0028,1.75,1.18
2013.11.15 16:08:59.839,1.00277,1.00279,1.13,1.10
2013.11.15 16:09:03.390,1.00278,1.00279,1.00,1.10
2013.11.15 16:09:03.929,1.00277,1.00279,1.13,1.10
2013.11.15 16:09:15.600,1.00278,1.00279,1.00,1.10
2013.11.15 16:09:16.689,1.00276,1.00278,1.38,1.00
2013.11.15 16:09:17.661,1.00277,1.00279,1.00,1.10
2013.11.15 16:09:18.209,1.00274,1.00278,1.85,1.10
2013.11.15 16:09:21.380,1.00277,1.00281,5.05,1.00
2013.11.15 16:09:21.440,1.00279,1.00281,1.38,1.00
2013.11.15 16:09:21.681,1.00277,1.00279,1.00,1.38
2013.11.15 16:09:22.280,1.00277,1.00279,1.00,1.00
2013.11.15 16:09:26.669,1.00275,1.00278,1.10,1.20
2013.11.15 16:09:28.441,1.00275,1.00277,1.00,1.95
2013.11.15 16:09:28.979,1.00274,1.00276,1.00,1.10
2013.11.15 16:09:32.579,1.00272,1.00276,1.50,1.48
2013.11.15 16:09:36.352,1.00273,1.00277,1.00,2.03
2013.11.15 16:09:36.831,1.00274,1.00278,1.38,3.45
2013.11.15 16:09:36.951,1.00275,1.00278,2.93,1.00
2013.11.15 16:09:37.490,1.00276,1.0028,2.10,1.55
2013.11.15 16:09:38.031,1.00277,1.0028,1.00,1.65
2013.11.15 16:09:40.411,1.00277,1.00279,1.00,1.10
2013.11.15 16:09:40.852,1.00275,1.00279,1.58,1.48
2013.11.15 16:09:47.901,1.00277,1.00279,1.00,1.10
2013.11.15 16:09:48.320,1.00278,1.0028,1.00,1.20
2013.11.15 16:09:48.843,1.00277,1.0028,1.00,1.20
2013.11.15 16:09:49.763,1.00278,1.00281,1.00,1.10
2013.11.15 16:09:49.882,1.00279,1.00281,1.10,1.00
2013.11.15 16:09:50.419,1.00278,1.00281,3.00,1.38
2013.11.15 16:09:51.200,1.00277,1.0028,1.28,1.00
2013.11.15 16:09:52.770,1.00277,1.00281,2.03,1.00
2013.11.15 16:09:53.310,1.00278,1.00282,1.10,2.33
2013.11.15 16:09:55.810,1.00279,1.00282,1.00,1.58
2013.11.15 16:09:58.989,1.00278,1.00282,1.58,2.33
2013.11.15 16:10:06.039,1.0028,1.00282,1.13,1.20
2013.11.15 16:10:06.340,1.00282,1.00283,1.58,1.00
2013.11.15 16:10:06.879,1.00281,1.00283,1.00,1.50
2013.11.15 16:10:08.079,1.00282,1.00284,2.13,1.10
2013.11.15 16:10:08.200,1.00283,1.00285,1.50,1.50
2013.11.15 16:10:09.060,1.00283,1.00285,1.08,1.00
2013.11.15 16:10:09.480,1.00281,1.00285,1.13,1.28
2013.11.15 16:10:09.840,1.00286,1.00288,1.00,1.10
2013.11.15 16:10:10.500,1.00287,1.00289,1.00,1.10
2013.11.15 16:10:11.040,1.00287,1.0029,1.00,1.95
2013.11.15 16:10:11.710,1.00287,1.00289,1.00,1.00
2013.11.15 16:10:12.322,1.00287,1.0029,1.00,1.95
2013.11.15 16:10:13.420,1.00287,1.00289,1.00,1.00
2013.11.15 16:10:13.960,1.00286,1.00288,1.00,1.10
2013.11.15 16:10:14.481,1.00285,1.00288,1.00,1.10
2013.11.15 16:10:17.140,1.00286,1.00288,1.00,1.10
2013.11.15 16:10:19.909,1.00285,1.00288,1.00,1.10
2013.11.15 16:10:21.082,1.00286,1.00288,1.00,1.10
2013.11.15 16:10:21.630,1.00287,1.00289,1.00,1.18
2013.11.15 16:10:22.110,1.00284,1.00287,1.10,1.13
2013.11.15 16:10:22.351,1.00286,1.00288,1.18,1.00
2013.11.15 16:10:22.470,1.00287,1.00291,1.48,1.95
2013.11.15 16:10:23.010,1.00289,1.00291,1.13,1.10
2013.11.15 16:10:23.250,1.00286,1.0029,2.03,1.13
2013.11.15 16:10:23.430,1.00286,1.00289,1.00,2.93
2013.11.15 16:10:23.790,1.00286,1.0029,1.58,1.20
2013.11.15 16:10:24.400,1.00287,1.0029,1.00,1.20
2013.11.15 16:10:25.710,1.00286,1.00288,1.13,1.08
2013.11.15 16:10:25.950,1.00284,1.00286,1.50,1.00
2013.11.15 16:10:26.621,1.00284,1.00288,1.50,1.28
2013.11.15 16:10:27.230,1.00284,1.00288,1.08,1.20
2013.11.15 16:10:29.840,1.00284,1.00286,1.18,1.00
2013.11.15 16:10:30.260,1.00285,1.00289,1.10,2.33
2013.11.15 16:10:30.920,1.00285,1.00289,1.00,3.83
2013.11.15 16:10:32.120,1.00287,1.00289,1.00,3.00
2013.11.15 16:10:32.240,1.00288,1.00293,1.00,4.58
2013.11.15 16:10:32.420,1.00287,1.0029,1.00,2.03
2013.11.15 16:10:32.960,1.00286,1.0029,1.00,2.40
2013.11.15 16:10:34.390,1.00286,1.0029,1.00,2.03
2013.11.15 16:10:36.750,1.00285,1.00289,2.33,1.10
2013.11.15 16:10:39.460,1.00285,1.00289,1.95,1.48
2013.11.15 16:10:40.000,1.00285,1.00289,2.25,3.45
2013.11.15 16:10:40.511,1.00284,1.00287,1.00,1.58
2013.11.15 16:10:40.869,1.00281,1.00284,2.33,1.50
2013.11.15 16:10:41.250,1.00279,1.00281,1.00,1.00
2013.11.15 16:10:41.770,1.00278,1.00282,1.88,3.00
2013.11.15 16:10:43.411,1.00278,1.00282,2.33,1.28
2013.11.15 16:10:43.923,1.0028,1.00284,2.25,3.45
2013.11.15 16:10:44.241,1.00286,1.00289,1.00,3.08
2013.11.15 16:10:44.420,1.00286,1.00289,1.00,1.10
2013.11.15 16:10:46.041,1.00286,1.0029,1.00,3.83
2013.11.15 16:10:46.461,1.00283,1.00286,1.20,3.10
2013.11.15 16:10:46.522,1.00283,1.00284,1.20,1.13
2013.11.15 16:10:46.700,1.00278,1.00281,1.00,3.83
2013.11.15 16:10:46.880,1.00279,1.00283,2.88,3.75
2013.11.15 16:10:47.180,1.00282,1.00285,1.00,1.58
2013.11.15 16:10:47.302,1.00284,1.00287,1.00,2.33
2013.11.15 16:10:47.480,1.00286,1.00288,1.00,1.10
2013.11.15 16:10:53.660,1.00285,1.00288,1.00,1.10
2013.11.15 16:10:54.200,1.00284,1.00288,1.58,1.58
2013.11.15 16:10:57.340,1.00285,1.00288,1.00,1.10
2013.11.15 16:10:57.994,1.00284,1.00288,1.58,1.58
2013.11.15 16:10:59.667,1.00284,1.00286,1.10,1.50
2013.11.15 16:10:59.980,1.00278,1.00281,1.13,3.08
2013.11.15 16:11:07.920,1.00278,1.00281,1.00,3.08
2013.11.15 16:11:08.040,1.00278,1.00282,1.88,1.18
2013.11.15 16:11:08.579,1.00278,1.00282,1.88,1.28
2013.11.15 16:11:14.199,1.00278,1.00282,2.25,1.18
2013.11.15 16:11:14.321,1.00281,1.00284,1.50,1.10
2013.11.15 16:11:14.440,1.00283,1.00286,1.00,2.03
2013.11.15 16:11:14.740,1.00282,1.00285,1.00,3.83
2013.11.15 16:11:15.830,1.0028,1.00283,1.13,2.55
2013.11.15 16:11:15.890,1.00279,1.00281,1.10,1.38
2013.11.15 16:11:16.191,1.00276,1.00279,1.38,1.10
2013.11.15 16:11:22.460,1.00273,1.00277,2.33,1.00
2013.11.15 16:11:22.520,1.00272,1.00277,4.58,1.95
2013.11.15 16:11:22.940,1.00274,1.00278,2.25,1.10
2013.11.15 16:11:23.850,1.00275,1.00279,1.58,1.10
2013.11.15 16:11:26.990,1.00275,1.00278,1.58,1.00
2013.11.15 16:11:27.530,1.00277,1.00279,1.13,1.10
2013.11.15 16:11:28.250,1.00278,1.00279,1.00,1.10
2013.11.15 16:11:28.770,1.00275,1.00279,1.58,1.58
2013.11.15 16:11:28.830,1.00274,1.00277,1.28,1.13
2013.11.15 16:11:29.132,1.00272,1.00275,1.65,1.00
2013.11.15 16:11:31.011,1.00271,1.00273,3.38,1.00
2013.11.15 16:11:31.071,1.00269,1.00273,3.90,1.00
2013.11.15 16:11:31.309,1.0027,1.00275,1.58,2.70
2013.11.15 16:11:31.431,1.00272,1.00275,1.50,2.03
2013.11.15 16:11:31.550,1.00273,1.00276,1.38,1.10
2013.11.15 16:11:32.108,1.00273,1.00276,1.38,1.10
2013.11.15 16:11:33.680,1.00273,1.00275,1.00,1.00
2013.11.15 16:11:34.520,1.00272,1.00275,1.58,1.00
2013.11.15 16:11:35.060,1.00272,1.00274,1.20,1.00
2013.11.15 16:11:35.779,1.00272,1.00275,1.58,1.00
2013.11.15 16:11:36.140,1.00271,1.00275,1.55,1.50
2013.11.15 16:11:39.990,1.00271,1.00273,1.55,1.00
2013.11.15 16:11:40.651,1.00271,1.00273,1.10,1.38
2013.11.15 16:11:41.010,1.00267,1.0027,2.70,2.25
2013.11.15 16:11:41.310,1.00266,1.0027,1.50,3.15
2013.11.15 16:11:41.491,1.00269,1.0027,1.00,1.13
2013.11.15 16:11:41.615,1.00271,1.00273,1.50,1.50
2013.11.15 16:11:42.030,1.00272,1.00274,1.50,1.00
2013.11.15 16:11:42.212,1.00274,1.00278,1.13,1.28
2013.11.15 16:11:42.737,1.00276,1.00279,1.00,1.48
2013.11.15 16:11:43.280,1.00276,1.00279,1.00,1.20
2013.11.15 16:11:44.621,1.00275,1.00279,2.33,1.95
2013.11.15 16:11:44.923,1.00273,1.00277,5.33,1.00
2013.11.15 16:11:45.322,1.00273,1.00274,1.00,1.00
2013.11.15 16:11:45.863,1.00272,1.00273,1.00,1.10
2013.11.15 16:11:46.164,1.00271,1.00272,1.00,1.13
2013.11.15 16:11:46.283,1.00266,1.00271,2.33,1.10
2013.11.15 16:11:47.330,1.00266,1.00269,1.58,1.00
2013.11.15 16:11:48.301,1.00266,1.00268,1.58,1.00
2013.11.15 16:11:49.040,1.00266,1.00269,1.58,1.00
2013.11.15 16:11:49.580,1.00266,1.00269,2.70,1.00
2013.11.15 16:11:50.230,1.00266,1.0027,3.83,3.00
2013.11.15 16:11:53.292,1.00267,1.00271,1.55,1.00
2013.11.15 16:11:53.652,1.00273,1.00274,2.25,2.18
2013.11.15 16:11:53.772,1.00273,1.00277,2.33,1.95
2013.11.15 16:11:54.310,1.00272,1.00275,2.78,1.00
2013.11.15 16:11:54.852,1.00274,1.00275,1.00,1.00
2013.11.15 16:11:55.390,1.00274,1.00275,1.00,1.00
2013.11.15 16:12:04.640,1.00274,1.00278,1.00,4.50
2013.11.15 16:12:05.685,1.00274,1.00275,1.00,1.00
2013.11.15 16:12:06.361,1.00274,1.00278,1.00,4.50
2013.11.15 16:12:09.361,1.00274,1.00277,1.00,1.48
2013.11.15 16:12:09.920,1.00274,1.00278,1.18,2.25
2013.11.15 16:12:12.690,1.00274,1.00278,1.28,2.25
2013.11.15 16:12:15.860,1.00274,1.00276,1.28,1.00
2013.11.15 16:12:27.850,1.00274,1.00277,1.00,1.48
2013.11.15 16:12:28.672,1.00274,1.00277,1.13,1.20
2013.11.15 16:12:32.240,1.00274,1.00276,1.13,1.00
2013.11.15 16:12:33.750,1.00275,1.00279,1.13,5.70
2013.11.15 16:12:36.881,1.00275,1.00279,1.20,1.95
2013.11.15 16:12:47.342,1.00274,1.00276,1.10,1.13
2013.11.15 16:12:47.401,1.00272,1.00276,3.15,1.00
2013.11.15 16:12:47.941,1.00273,1.00275,1.95,1.00
2013.11.15 16:12:48.006,1.00274,1.00277,1.00,1.95
2013.11.15 16:12:59.066,1.00274,1.00277,1.18,1.13
2013.11.15 16:12:59.651,1.00275,1.00278,1.10,1.13
2013.11.15 16:13:04.790,1.00275,1.00277,1.58,1.00
2013.11.15 16:13:06.450,1.00273,1.00277,3.45,2.63
2013.11.15 16:13:06.632,1.0027,1.00273,1.20,1.00
2013.11.15 16:13:06.813,1.00272,1.00274,1.00,1.38
2013.11.15 16:13:07.350,1.00273,1.00274,1.10,1.00
2013.11.15 16:13:09.510,1.00273,1.00276,1.48,1.38
2013.11.15 16:13:10.580,1.00273,1.00275,1.10,1.00
2013.11.15 16:13:10.640,1.00273,1.00276,1.58,1.00
2013.11.15 16:13:11.180,1.00274,1.00276,1.00,1.08
2013.11.15 16:13:11.420,1.00274,1.00277,1.00,1.10
2013.11.15 16:13:11.480,1.00274,1.00278,1.38,1.58
2013.11.15 16:13:14.077,1.00274,1.00277,1.38,1.10
2013.11.15 16:13:14.320,1.00272,1.00276,1.65,1.50
2013.11.15 16:13:14.440,1.00273,1.00277,3.30,3.08
2013.11.15 16:13:14.952,1.00274,1.00277,1.13,1.20
2013.11.15 16:13:19.190,1.00272,1.00275,1.65,2.85
2013.11.15 16:13:19.551,1.00269,1.00272,1.38,1.10
2013.11.15 16:13:20.090,1.00269,1.00272,1.48,1.00
2013.11.15 16:13:22.760,1.00267,1.00271,4.20,1.88
2013.11.15 16:13:23.001,1.00265,1.00268,1.00,1.20
2013.11.15 16:13:23.540,1.00264,1.00268,1.20,2.33
2013.11.15 16:13:26.474,1.00264,1.00268,1.20,2.70
2013.11.15 16:13:27.731,1.00265,1.00268,1.00,3.68
2013.11.15 16:13:28.296,1.00263,1.00267,1.65,1.88
2013.11.15 16:13:30.730,1.00263,1.00267,3.90,1.38
2013.11.15 16:13:31.270,1.00264,1.00267,1.10,1.38
2013.11.15 16:13:33.670,1.00263,1.00266,1.13,1.48
2013.11.15 16:13:33.971,1.00259,1.00261,3.18,2.70
2013.11.15 16:13:34.031,1.00256,1.0026,1.20,1.17
2013.11.15 16:13:34.330,1.00256,1.00259,1.10,1.13
2013.11.15 16:13:35.250,1.00255,1.00259,1.18,1.50
2013.11.15 16:13:36.600,1.00256,1.0026,1.58,1.48
2013.11.15 16:13:37.141,1.00256,1.0026,1.20,1.48
2013.11.15 16:13:37.380,1.00256,1.0026,1.58,1.20
2013.11.15 16:13:37.928,1.00256,1.0026,1.58,1.48
2013.11.15 16:13:41.000,1.00256,1.0026,3.83,1.20
2013.11.15 16:13:46.721,1.00258,1.00261,1.18,1.13
2013.11.15 16:13:48.060,1.00257,1.00261,4.58,1.38
2013.11.15 16:13:52.192,1.00257,1.00261,4.58,1.13
2013.11.15 16:13:52.832,1.00257,1.00261,4.58,1.38
2013.11.15 16:13:53.455,1.00258,1.00261,1.18,1.13
2013.11.15 16:13:55.701,1.00258,1.00261,1.10,1.20
2013.11.15 16:13:58.427,1.00257,1.0026,1.20,1.50
2013.11.15 16:14:00.040,1.00258,1.0026,1.13,1.13
2013.11.15 16:14:00.772,1.00258,1.00261,1.65,1.13
2013.11.15 16:14:02.227,1.00258,1.0026,1.20,1.50
2013.11.15 16:14:02.531,1.00257,1.0026,1.28,3.00
2013.11.15 16:14:02.710,1.00254,1.00258,4.20,2.18
2013.11.15 16:14:02.771,1.00254,1.00258,2.33,1.48
2013.11.15 16:14:02.891,1.00256,1.00258,1.00,2.55
2013.11.15 16:14:02.950,1.00256,1.0026,1.95,3.08
2013.11.15 16:14:03.135,1.00257,1.0026,1.20,2.63
2013.11.15 16:14:03.503,1.00254,1.00257,1.00,2.80
2013.11.15 16:14:03.680,1.00254,1.00258,2.03,2.25
2013.11.15 16:14:04.230,1.00255,1.00258,1.20,1.00
2013.11.15 16:14:12.220,1.00255,1.00259,1.48,1.48
2013.11.15 16:14:12.521,1.00259,1.00261,1.00,1.50
2013.11.15 16:14:13.071,1.00257,1.00261,1.28,2.25
2013.11.15 16:14:19.370,1.00259,1.00261,1.00,1.38
2013.11.15 16:14:19.493,1.00261,1.00265,1.50,2.03
2013.11.15 16:14:19.610,1.00263,1.00265,1.65,1.00
2013.11.15 16:14:19.730,1.00264,1.00268,1.20,2.70
2013.11.15 16:14:19.791,1.00264,1.00268,3.45,2.63
2013.11.15 16:14:20.030,1.00263,1.00267,3.15,1.38
2013.11.15 16:14:23.500,1.00265,1.00267,1.88,1.00
2013.11.15 16:14:24.580,1.00265,1.00268,1.50,1.58
2013.11.15 16:14:25.140,1.00264,1.00268,1.58,1.58
2013.11.15 16:14:28.103,1.00266,1.00268,1.00,1.10
2013.11.15 16:14:28.650,1.00266,1.00269,1.10,1.13
2013.11.15 16:14:29.663,1.00265,1.00269,3.15,1.38
2013.11.15 16:14:30.420,1.00265,1.00269,2.78,1.38
2013.11.15 16:14:32.712,1.00264,1.00267,1.95,1.20
2013.11.15 16:14:33.250,1.00264,1.00267,1.88,1.20
2013.11.15 16:14:35.531,1.00263,1.00265,2.70,1.00
2013.11.15 16:14:35.956,1.00263,1.00267,3.08,1.95
2013.11.15 16:14:36.500,1.00263,1.00267,6.83,1.50
2013.11.15 16:14:42.498,1.00263,1.00267,5.63,2.25
2013.11.15 16:14:42.680,1.00263,1.00267,2.33,1.95
2013.11.15 16:14:50.760,1.00264,1.00268,1.28,1.50
2013.11.15 16:14:56.870,1.00265,1.00269,4.58,1.20
2013.11.15 16:14:56.990,1.00269,1.00271,1.13,2.55
2013.11.15 16:14:57.171,1.00267,1.00269,3.60,1.48
2013.11.15 16:14:57.350,1.00265,1.00269,4.58,1.48
2013.11.15 16:14:57.410,1.00267,1.00269,1.00,1.10
2013.11.15 16:14:57.590,1.00268,1.00271,1.13,1.10
2013.11.15 16:14:57.891,1.00267,1.0027,1.10,3.98
2013.11.15 16:14:57.951,1.00265,1.00268,1.10,1.50
2013.11.15 16:15:00.090,1.00264,1.00268,1.13,1.65
2013.11.15 16:15:05.413,1.00263,1.00265,1.95,1.00
2013.11.15 16:15:05.532,1.00262,1.00265,1.13,2.03
2013.11.15 16:15:05.651,1.00261,1.00264,1.00,10.58
2013.11.15 16:15:08.070,1.0026,1.00264,1.13,3.45
2013.11.15 16:15:08.431,1.00259,1.0026,1.00,1.00
2013.11.15 16:15:08.551,1.00257,1.0026,1.00,1.65
2013.11.15 16:15:08.850,1.00255,1.00259,2.18,1.20
2013.11.15 16:15:09.390,1.00255,1.00258,1.05,1.13
2013.11.15 16:15:14.010,1.00252,1.00257,2.18,9.60
2013.11.15 16:15:14.071,1.00248,1.00255,1.00,8.85
2013.11.15 16:15:14.193,1.00253,1.00254,1.95,2.18
2013.11.15 16:15:14.251,1.00253,1.00257,1.95,1.10
2013.11.15 16:15:14.372,1.00253,1.00257,1.10,1.58
2013.11.15 16:15:15.820,1.00253,1.00257,1.20,1.20
2013.11.15 16:15:16.360,1.00253,1.00257,1.95,1.20
2013.11.15 16:15:17.011,1.00255,1.00258,1.00,1.18
2013.11.15 16:15:17.761,1.00254,1.00258,1.00,1.28
2013.11.15 16:15:18.560,1.00254,1.00258,1.88,1.28
2013.11.15 16:15:19.920,1.00254,1.00258,1.75,1.18
2013.11.15 16:15:20.040,1.00256,1.0026,1.13,1.65
2013.11.15 16:15:20.663,1.00257,1.0026,1.00,1.65
2013.11.15 16:15:21.200,1.00257,1.0026,1.20,1.50
2013.11.15 16:15:21.380,1.00259,1.00262,2.63,2.93
2013.11.15 16:15:21.501,1.00262,1.00263,1.00,1.00
2013.11.15 16:15:22.041,1.00262,1.00266,1.18,1.75
2013.11.15 16:15:25.391,1.00262,1.00265,1.10,2.10
2013.11.15 16:15:26.800,1.00262,1.00263,1.00,1.00
2013.11.15 16:15:26.924,1.00258,1.00262,1.95,1.10
2013.11.15 16:15:26.993,1.00258,1.00262,1.58,1.48
2013.11.15 16:15:27.555,1.00258,1.00262,2.33,1.48
2013.11.15 16:15:28.107,1.00258,1.00262,2.33,1.20
2013.11.15 16:15:30.482,1.00257,1.00262,1.10,4.43
2013.11.15 16:15:30.720,1.00255,1.0026,3.83,1.65
2013.11.15 16:15:31.260,1.00255,1.00259,3.08,1.48
2013.11.15 16:15:31.680,1.00256,1.0026,1.13,1.65
2013.11.15 16:15:32.221,1.00257,1.00261,1.88,3.45
2013.11.15 16:15:32.340,1.00258,1.00261,1.00,1.20
2013.11.15 16:15:32.880,1.00258,1.00262,2.40,1.13
2013.11.15 16:15:33.290,1.00261,1.00263,1.00,2.33
2013.11.15 16:15:33.963,1.00261,1.00265,2.70,4.43
2013.11.15 16:15:34.951,1.00257,1.00261,5.70,1.00
2013.11.15 16:15:35.130,1.00259,1.00263,1.13,3.83
2013.11.15 16:15:36.751,1.00259,1.00263,1.28,1.50
2013.11.15 16:15:38.011,1.00258,1.00261,3.45,1.00
2013.11.15 16:15:38.131,1.00256,1.0026,1.95,1.20
2013.11.15 16:15:38.190,1.00256,1.0026,1.13,1.65
2013.11.15 16:15:42.650,1.00256,1.0026,1.38,1.65
2013.11.15 16:15:43.191,1.00256,1.0026,1.13,1.65
2013.11.15 16:15:50.700,1.00255,1.00259,3.08,1.48
2013.11.15 16:15:51.950,1.00256,1.0026,1.00,1.65
2013.11.15 16:15:52.488,1.00256,1.0026,1.00,1.65
2013.11.15 16:15:54.180,1.00259,1.00261,1.50,3.38
2013.11.15 16:15:54.242,1.00259,1.00261,2.63,3.00
2013.11.15 16:15:54.432,1.0026,1.00263,1.13,1.20
2013.11.15 16:15:56.060,1.00262,1.00263,1.00,1.10
2013.11.15 16:15:56.300,1.00262,1.00265,3.38,1.10
2013.11.15 16:15:56.840,1.00263,1.00265,1.10,1.00
2013.11.15 16:16:00.900,1.00262,1.00265,1.10,1.88
2013.11.15 16:16:07.233,1.00262,1.00264,3.08,2.50
2013.11.15 16:16:07.291,1.0026,1.00264,1.38,4.58
2013.11.15 16:16:07.351,1.0026,1.00263,1.50,1.18
2013.11.15 16:16:07.471,1.00262,1.00266,1.00,3.90
2013.11.15 16:16:08.010,1.00263,1.00267,1.50,5.70
2013.11.15 16:16:19.510,1.00263,1.00267,1.95,3.45
2013.11.15 16:16:41.522,1.00263,1.00267,1.48,2.33
2013.11.15 16:16:47.701,1.00261,1.00265,3.38,1.50
2013.11.15 16:16:47.821,1.00261,1.00265,1.00,4.20
2013.11.15 16:16:47.880,1.00261,1.00265,1.95,1.95
2013.11.15 16:16:55.126,1.00263,1.00266,3.23,1.65
2013.11.15 16:16:55.310,1.00265,1.00267,1.00,1.10
2013.11.15 16:16:55.871,1.00266,1.00269,1.00,4.95
2013.11.15 16:17:00.230,1.00266,1.00269,1.13,1.95
2013.11.15 16:17:00.741,1.00264,1.00268,2.03,1.13
2013.11.15 16:17:01.280,1.00264,1.00268,1.55,2.25
2013.11.15 16:17:07.820,1.00264,1.00268,1.28,3.00
2013.11.15 16:17:14.812,1.00263,1.00266,1.95,1.00
2013.11.15 16:17:15.365,1.00262,1.00266,1.55,1.50
2013.11.15 16:17:21.932,1.00262,1.00266,1.55,1.38
2013.11.15 16:17:33.681,1.00261,1.00265,1.20,2.33
2013.11.15 16:17:33.982,1.00259,1.00262,1.10,1.00
2013.11.15 16:17:34.221,1.00259,1.00263,4.20,1.50
2013.11.15 16:17:34.760,1.00259,1.00263,1.95,1.58
2013.11.15 16:17:35.120,1.00261,1.00263,1.38,1.10
2013.11.15 16:17:35.661,1.00261,1.00264,1.20,1.88
2013.11.15 16:17:38.106,1.0026,1.00263,1.13,1.58
2013.11.15 16:17:38.650,1.00259,1.00262,1.20,1.13
2013.11.15 16:17:39.251,1.00259,1.00261,1.20,1.00
2013.11.15 16:17:40.060,1.00259,1.00262,1.20,1.88
2013.11.15 16:17:40.540,1.00261,1.00263,1.00,2.70
2013.11.15 16:17:43.070,1.0026,1.00263,1.00,1.95
2013.11.15 16:17:43.433,1.00257,1.0026,1.10,1.50
2013.11.15 16:17:50.891,1.00256,1.0026,2.78,3.00
2013.11.15 16:17:53.222,1.00257,1.00259,1.20,1.00
2013.11.15 16:17:54.245,1.00256,1.0026,2.03,3.75
2013.11.15 16:18:08.650,1.00257,1.00259,1.13,1.00
2013.11.15 16:18:09.161,1.00257,1.0026,1.50,1.10
2013.11.15 16:18:09.462,1.00262,1.00264,1.88,2.18
2013.11.15 16:18:09.827,1.00262,1.00265,1.38,1.28
2013.11.15 16:18:10.381,1.00262,1.00265,1.95,1.00
2013.11.15 16:18:10.891,1.00262,1.00266,1.58,1.75
2013.11.15 16:18:13.180,1.00262,1.00265,3.45,1.00
2013.11.15 16:18:30.511,1.00265,1.00267,3.23,1.58
2013.11.15 16:18:30.691,1.00269,1.00273,5.70,3.38
2013.11.15 16:18:30.751,1.00271,1.00274,3.85,1.10
2013.11.15 16:18:30.871,1.00273,1.00275,2.63,1.50
2013.11.15 16:18:31.232,1.00272,1.00275,1.20,3.00
2013.11.15 16:18:31.651,1.00271,1.00275,2.03,3.60
2013.11.15 16:18:32.011,1.00267,1.00271,1.65,1.50
2013.11.15 16:18:32.072,1.00267,1.00268,1.10,1.13
2013.11.15 16:18:32.191,1.00262,1.00266,1.48,1.20
2013.11.15 16:18:32.745,1.00262,1.00266,1.48,1.20
2013.11.15 16:18:33.280,1.00262,1.00266,1.20,1.20
2013.11.15 16:18:33.340,1.00262,1.00266,1.58,1.20
2013.11.15 16:18:36.060,1.00261,1.00265,2.40,1.00
2013.11.15 16:18:36.570,1.00261,1.00265,1.38,1.55
2013.11.15 16:18:38.340,1.00262,1.00265,1.13,1.55
2013.11.15 16:18:38.521,1.00259,1.00263,3.15,1.13
2013.11.15 16:18:39.196,1.00259,1.00262,1.18,1.00
2013.11.15 16:18:39.266,1.00258,1.00262,2.33,1.00
2013.11.15 16:18:39.392,1.00257,1.00261,2.25,3.00
2013.11.15 16:18:39.513,1.00257,1.00259,1.50,1.10
2013.11.15 16:18:39.932,1.00255,1.00259,3.68,1.95
2013.11.15 16:18:41.760,1.00255,1.00258,3.00,1.13
2013.11.15 16:18:42.318,1.00255,1.00258,5.18,1.13
2013.11.15 16:18:43.588,1.00255,1.00259,3.75,1.48
2013.11.15 16:18:44.092,1.00255,1.00259,4.43,1.48
2013.11.15 16:18:50.990,1.00257,1.00259,1.00,1.10
2013.11.15 16:18:51.291,1.00259,1.00263,2.03,3.38
2013.11.15 16:18:51.411,1.00259,1.00263,1.55,3.00
2013.11.15 16:18:51.590,1.00258,1.0026,2.25,1.13
2013.11.15 16:18:51.651,1.00256,1.0026,2.40,1.13
2013.11.15 16:18:52.010,1.00256,1.00259,1.28,1.38
2013.11.15 16:18:54.121,1.00256,1.00259,1.00,1.58
2013.11.15 16:18:57.701,1.00255,1.00259,1.95,1.58
2013.11.15 16:18:58.240,1.00255,1.00257,1.20,1.00
2013.11.15 16:18:58.912,1.00254,1.00257,1.13,1.48
2013.11.15 16:18:59.457,1.00254,1.00257,1.00,1.48
2013.11.15 16:19:00.894,1.00253,1.00257,2.33,1.48
2013.11.15 16:19:04.510,1.00253,1.00257,1.95,1.48
2013.11.15 16:19:05.300,1.00253,1.00257,2.33,1.20
2013.11.15 16:19:05.540,1.00254,1.00257,1.00,1.48
2013.11.15 16:19:06.350,1.00254,1.00257,1.00,1.48
2013.11.15 16:19:08.210,1.00253,1.00257,2.33,1.48
2013.11.15 16:19:10.240,1.00253,1.00256,1.20,1.50
2013.11.15 16:19:10.541,1.00248,1.00252,3.23,2.78
2013.11.15 16:19:10.660,1.00248,1.00252,3.23,2.78
2013.11.15 16:19:11.221,1.00248,1.00251,1.28,1.13
2013.11.15 16:19:14.036,1.00248,1.00252,1.65,1.38
2013.11.15 16:19:16.951,1.00248,1.0025,1.00,1.20
2013.11.15 16:19:17.582,1.00245,1.00249,2.33,1.48
2013.11.15 16:19:17.820,1.00246,1.00249,4.20,1.13
2013.11.15 16:19:19.341,1.00247,1.00249,1.58,1.00
2013.11.15 16:19:19.762,1.00247,1.00251,2.78,1.13
2013.11.15 16:19:20.492,1.00247,1.0025,2.03,1.00
2013.11.15 16:19:27.901,1.00248,1.0025,1.00,1.55
2013.11.15 16:19:33.323,1.00245,1.00248,1.20,1.58
2013.11.15 16:19:38.684,1.00246,1.0025,2.10,1.55
2013.11.15 16:19:39.316,1.00245,1.00251,3.08,3.08
2013.11.15 16:19:40.920,1.0024,1.00248,2.33,1.13
2013.11.15 16:19:41.461,1.00245,1.00248,1.10,2.13
2013.11.15 16:19:55.851,1.00246,1.00247,1.00,1.00
2013.11.15 16:19:59.491,1.00246,1.00248,1.00,1.13
2013.11.15 16:20:00.040,1.00246,1.00247,1.00,1.00
2013.11.15 16:20:03.682,1.00245,1.00247,1.13,1.00
2013.11.15 16:20:09.391,1.00244,1.00246,3.08,2.48
2013.11.15 16:20:13.851,1.00243,1.00245,1.00,1.73
2013.11.15 16:20:14.211,1.00238,1.00241,2.25,1.38
2013.11.15 16:20:15.340,1.00237,1.00241,2.40,1.38
2013.11.15 16:20:17.051,1.00237,1.00241,1.50,3.38
2013.11.15 16:20:20.121,1.00237,1.0024,1.50,1.20
2013.11.15 16:20:20.922,1.00237,1.0024,1.13,1.48
2013.11.15 16:20:21.441,1.00237,1.0024,1.50,1.20
2013.11.15 16:20:28.231,1.00237,1.00241,4.20,1.10
2013.11.15 16:20:28.351,1.00239,1.00243,2.33,1.95
2013.11.15 16:20:29.251,1.00239,1.00243,1.55,2.13
2013.11.15 16:20:29.793,1.00237,1.00242,3.15,2.20
2013.11.15 16:20:30.751,1.00237,1.00242,2.33,4.38
2013.11.15 16:20:31.361,1.00237,1.00242,2.25,4.48
2013.11.15 16:20:32.409,1.00237,1.00242,2.25,4.48
2013.11.15 16:20:32.951,1.00237,1.00242,2.70,2.30
2013.11.15 16:20:36.790,1.00237,1.00241,1.50,1.65
2013.11.15 16:20:38.852,1.00237,1.00241,2.40,1.00
2013.11.15 16:20:39.641,1.00237,1.00241,1.65,1.00
2013.11.15 16:20:49.291,1.00237,1.00241,4.58,1.00
2013.11.15 16:20:49.831,1.00237,1.00241,2.33,1.10
2013.11.15 16:20:50.591,1.00238,1.00241,2.63,1.10
2013.11.15 16:20:50.891,1.0024,1.00243,4.20,1.00
2013.11.15 16:20:51.441,1.00238,1.00243,4.20,2.26
2013.11.15 16:20:51.980,1.00238,1.00242,2.70,2.13
2013.11.15 16:20:52.750,1.00237,1.00241,4.58,1.10
2013.11.15 16:20:53.261,1.00237,1.00241,2.33,1.10
2013.11.15 16:20:54.411,1.00237,1.00241,1.95,1.95
2013.11.15 16:20:54.951,1.00236,1.00241,1.55,2.71
2013.11.15 16:20:55.791,1.00235,1.0024,4.95,2.50
2013.11.15 16:21:03.260,1.00236,1.0024,1.55,1.50
2013.11.15 16:21:09.372,1.00236,1.0024,1.55,2.50
2013.11.15 16:21:09.913,1.00235,1.0024,3.83,3.26
2013.11.15 16:21:10.832,1.00235,1.0024,3.38,3.26
2013.11.15 16:21:11.386,1.00235,1.0024,3.83,3.26
2013.11.15 16:21:11.941,1.00235,1.00239,3.38,1.38
2013.11.15 16:21:12.492,1.00235,1.00239,3.83,1.38
2013.11.15 16:21:13.105,1.00236,1.00239,2.33,1.00
2013.11.15 16:21:16.690,1.00236,1.00239,2.33,1.00
2013.11.15 16:21:17.232,1.00236,1.00239,2.25,1.38
2013.11.15 16:21:18.710,1.00236,1.00239,2.70,1.00
2013.11.15 16:21:26.751,1.00236,1.0024,3.45,2.25
2013.11.15 16:21:27.411,1.00238,1.00241,1.58,1.00
2013.11.15 16:21:27.952,1.00238,1.00242,4.58,1.88
2013.11.15 16:21:28.311,1.00243,1.00246,1.00,1.10
2013.11.15 16:21:28.432,1.00243,1.00246,3.00,1.00
2013.11.15 16:21:28.972,1.00243,1.00246,2.63,1.38
2013.11.15 16:21:33.791,1.00244,1.00248,1.18,2.63
2013.11.15 16:21:33.981,1.00244,1.00248,1.18,1.88
2013.11.15 16:21:36.121,1.00243,1.00248,4.58,2.88
2013.11.15 16:21:36.784,1.00244,1.00248,1.18,2.63
2013.11.15 16:21:37.801,1.00243,1.00248,4.58,3.63
2013.11.15 16:21:38.350,1.00244,1.00248,1.18,2.63
2013.11.15 16:21:44.441,1.00246,1.00248,1.00,1.00
2013.11.15 16:21:44.562,1.00246,1.00249,3.00,2.25
2013.11.15 16:21:45.141,1.00247,1.0025,1.28,1.00
2013.11.15 16:21:50.659,1.00247,1.0025,1.28,1.38
2013.11.15 16:22:02.930,1.00247,1.0025,1.28,1.13
2013.11.15 16:22:19.291,1.00246,1.00249,3.45,1.00
2013.11.15 16:22:21.291,1.00246,1.00249,1.55,1.00
2013.11.15 16:22:21.532,1.00244,1.00248,1.20,2.33
2013.11.15 16:22:22.071,1.00244,1.00248,1.48,2.33
2013.11.15 16:22:25.550,1.00243,1.00247,1.55,1.00
2013.11.15 16:22:26.123,1.00243,1.00247,1.55,1.13
2013.11.15 16:22:26.311,1.00246,1.00247,1.00,1.00
2013.11.15 16:22:27.541,1.00245,1.00248,1.65,1.13
2013.11.15 16:22:28.551,1.00244,1.00248,2.70,2.88
2013.11.15 16:22:30.062,1.00245,1.00249,1.65,1.88
2013.11.15 16:22:30.362,1.00246,1.00249,2.70,1.00
2013.11.15 16:22:32.822,1.00246,1.0025,3.45,2.63
2013.11.15 16:22:38.632,1.00246,1.0025,3.45,1.88
2013.11.15 16:22:39.305,1.00246,1.0025,3.45,2.63
2013.11.15 16:22:49.661,1.00247,1.00251,1.65,1.13
2013.11.15 16:22:50.971,1.00247,1.00251,2.03,1.50
2013.11.15 16:22:58.258,1.00249,1.0025,1.50,1.00
2013.11.15 16:22:58.560,1.00252,1.00254,1.13,1.20
2013.11.15 16:22:59.971,1.00251,1.00255,2.03,2.63
2013.11.15 16:23:00.211,1.00253,1.00256,1.45,1.00
2013.11.15 16:23:00.751,1.00253,1.00257,2.03,1.13
2013.11.15 16:23:01.354,1.00253,1.00257,2.03,1.00
2013.11.15 16:23:02.881,1.00253,1.00258,2.78,1.20
2013.11.15 16:23:03.421,1.00254,1.00258,4.20,1.13
2013.11.15 16:23:05.133,1.00255,1.00258,1.28,1.00
2013.11.15 16:23:10.701,1.00256,1.00259,1.95,1.13
2013.11.15 16:23:11.241,1.00257,1.00261,1.00,2.40
2013.11.15 16:23:11.781,1.00257,1.00261,1.13,2.40
2013.11.15 16:23:12.481,1.00258,1.00261,1.00,1.65
2013.11.15 16:23:14.481,1.00257,1.0026,1.13,1.20
2013.11.15 16:23:15.482,1.00256,1.0026,1.20,1.48
2013.11.15 16:23:17.192,1.00256,1.0026,1.48,1.10
2013.11.15 16:23:21.292,1.00257,1.0026,1.38,1.10
2013.11.15 16:23:30.721,1.00259,1.00265,1.13,1.58
2013.11.15 16:23:33.107,1.00259,1.00261,1.13,1.48
2013.11.15 16:23:33.676,1.00257,1.0026,1.48,1.13
2013.11.15 16:23:36.042,1.00259,1.00261,1.13,1.10
2013.11.15 16:23:36.751,1.00259,1.00261,1.38,1.10
2013.11.15 16:23:37.681,1.00259,1.00261,1.13,1.10
2013.11.15 16:23:39.531,1.00259,1.00262,1.13,4.28
2013.11.15 16:23:39.651,1.00256,1.0026,2.03,1.00
2013.11.15 16:23:43.553,1.00257,1.0026,2.70,2.25
2013.11.15 16:23:44.392,1.00259,1.0026,1.10,1.00
2013.11.15 16:23:44.631,1.00261,1.00264,2.20,2.25
2013.11.15 16:23:44.752,1.00263,1.00264,1.00,1.00
2013.11.15 16:23:45.291,1.00262,1.00265,1.38,1.10
2013.11.15 16:23:46.921,1.0026,1.00263,1.20,1.95
2013.11.15 16:23:47.461,1.0026,1.00263,1.13,1.95
2013.11.15 16:23:48.001,1.00261,1.00263,1.00,1.95
2013.11.15 16:23:48.821,1.0026,1.00263,1.13,1.95
2013.11.15 16:23:49.362,1.00259,1.00262,4.80,1.38
2013.11.15 16:23:49.601,1.00256,1.0026,1.55,1.50
2013.11.15 16:23:54.951,1.00258,1.0026,1.00,1.00
2013.11.15 16:23:55.611,1.00259,1.0026,1.00,1.00
2013.11.15 16:23:56.146,1.00258,1.0026,1.00,1.00
2013.11.15 16:23:56.641,1.0026,1.00262,1.00,1.58
2013.11.15 16:23:57.001,1.00262,1.00266,2.13,3.08
2013.11.15 16:23:57.543,1.00263,1.00265,2.13,1.00
2013.11.15 16:23:58.362,1.00262,1.00264,1.95,1.50
2013.11.15 16:23:58.603,1.0026,1.00264,1.48,4.20
2013.11.15 16:23:59.082,1.0026,1.00264,1.38,6.98
2013.11.15 16:23:59.263,1.00259,1.00261,1.13,1.38
2013.11.15 16:24:00.293,1.00259,1.00261,1.13,1.00
2013.11.15 16:24:00.842,1.0026,1.00263,1.00,3.15
2013.11.15 16:24:01.551,1.00259,1.00263,1.00,5.03
2013.11.15 16:24:01.791,1.00258,1.0026,1.10,1.00
2013.11.15 16:24:05.261,1.00257,1.0026,1.20,1.38
2013.11.15 16:24:07.401,1.00257,1.0026,1.13,1.48
2013.11.15 16:24:07.941,1.00258,1.0026,1.00,1.10
2013.11.15 16:24:11.315,1.00258,1.0026,1.00,1.48
2013.11.15 16:24:11.851,1.00257,1.0026,1.13,1.48
2013.11.15 16:24:12.971,1.00258,1.0026,1.00,1.48
2013.11.15 16:24:13.511,1.00257,1.0026,1.13,1.48
2013.11.15 16:24:15.021,1.00258,1.00261,1.13,2.03
2013.11.15 16:24:15.382,1.00261,1.00263,2.55,1.20
2013.11.15 16:24:15.921,1.00263,1.00266,1.13,1.65
2013.11.15 16:24:16.471,1.00262,1.00266,1.00,1.28
2013.11.15 16:24:18.241,1.00263,1.00267,1.00,5.33
2013.11.15 16:24:18.361,1.00262,1.00265,1.00,1.20
2013.11.15 16:24:19.532,1.00262,1.00266,1.00,1.93
2013.11.15 16:24:20.061,1.00262,1.00266,1.00,2.40
2013.11.15 16:24:21.273,1.00262,1.00265,1.00,1.20
2013.11.15 16:24:21.391,1.00262,1.00265,1.13,1.10
2013.11.15 16:24:21.581,1.00262,1.00265,1.13,1.48
2013.11.15 16:24:22.122,1.00261,1.00265,1.20,2.70
2013.11.15 16:24:22.661,1.00262,1.00265,1.00,1.20
2013.11.15 16:24:23.502,1.00263,1.00266,1.00,1.93
2013.11.15 16:24:24.048,1.00263,1.00264,1.00,1.00
2013.11.15 16:24:24.581,1.00262,1.00265,1.00,1.20
2013.11.15 16:24:29.246,1.00261,1.00265,1.48,1.58
2013.11.15 16:24:29.371,1.0026,1.00264,1.18,1.88
2013.11.15 16:24:29.915,1.0026,1.00264,1.55,1.50
2013.11.15 16:24:36.122,1.00259,1.00263,1.13,2.40
2013.11.15 16:24:39.172,1.00259,1.00263,1.88,1.28
2013.11.15 16:24:56.511,1.00259,1.00263,1.13,3.15
2013.11.15 16:24:56.571,1.00258,1.00262,1.48,1.58
2013.11.15 16:24:59.715,1.00257,1.00261,2.33,1.10
2013.11.15 16:25:00.242,1.00258,1.00262,1.50,1.10
2013.11.15 16:25:07.351,1.00259,1.00263,3.75,2.70
2013.11.15 16:25:07.987,1.00259,1.00263,3.83,2.63
2013.11.15 16:25:10.561,1.00259,1.00262,3.83,1.00
2013.11.15 16:25:15.822,1.0026,1.00263,2.63,1.88
2013.11.15 16:25:16.122,1.00262,1.00265,1.20,1.38
2013.11.15 16:25:16.673,1.00262,1.00265,1.20,1.50
2013.11.15 16:25:22.431,1.00261,1.00265,2.03,1.50
2013.11.15 16:25:22.611,1.00262,1.00265,2.78,1.13
2013.11.15 16:25:22.791,1.00264,1.00267,1.95,1.50
2013.11.15 16:25:23.231,1.00264,1.00268,1.58,1.95
2013.11.15 16:25:24.681,1.00262,1.00266,4.13,2.63
2013.11.15 16:25:26.605,1.00262,1.00266,3.83,1.50
2013.11.15 16:25:29.081,1.00262,1.00266,8.70,1.88
2013.11.15 16:25:31.262,1.00262,1.00266,4.95,1.88
2013.11.15 16:25:33.351,1.00264,1.00266,4.95,1.38
2013.11.15 16:25:34.297,1.00265,1.00268,1.00,1.95
2013.11.15 16:25:34.362,1.00265,1.00268,1.00,1.58
2013.11.15 16:25:34.481,1.00265,1.00268,3.08,1.13
2013.11.15 16:25:35.503,1.00265,1.00269,6.75,1.75
2013.11.15 16:25:36.056,1.00267,1.00269,1.10,1.38
2013.11.15 16:25:36.621,1.00266,1.00269,3.83,1.75
2013.11.15 16:25:37.161,1.00267,1.00269,1.10,1.38
2013.11.15 16:25:38.271,1.00265,1.00269,3.00,1.75
2013.11.15 16:25:38.821,1.00267,1.00269,1.10,1.38
2013.11.15 16:25:39.501,1.00268,1.00269,1.13,1.00
2013.11.15 16:25:42.156,1.00268,1.0027,1.13,1.13
2013.11.15 16:25:51.171,1.00267,1.0027,1.48,1.13
2013.11.15 16:25:54.791,1.00269,1.00272,1.13,1.65
2013.11.15 16:26:07.203,1.00269,1.00273,1.20,3.45
2013.11.15 16:26:09.121,1.00268,1.00273,1.10,3.83
2013.11.15 16:26:09.181,1.00269,1.00273,1.20,3.83
2013.11.15 16:26:15.071,1.00269,1.00272,1.58,1.13
2013.11.15 16:26:15.132,1.00271,1.00274,1.38,1.10
2013.11.15 16:26:15.492,1.00276,1.00279,1.38,3.75
2013.11.15 16:26:15.552,1.00276,1.00279,1.95,1.00
2013.11.15 16:26:16.112,1.00276,1.0028,1.95,1.58
2013.11.15 16:26:16.176,1.00276,1.00279,1.20,1.50
2013.11.15 16:26:16.721,1.00276,1.00279,1.48,1.38
2013.11.15 16:26:17.661,1.00276,1.00278,1.10,1.00
2013.11.15 16:26:18.952,1.00277,1.00278,1.00,1.00
2013.11.15 16:26:19.732,1.00277,1.0028,1.13,1.95
2013.11.15 16:26:20.291,1.00277,1.00278,1.00,1.00
2013.11.15 16:26:23.132,1.00277,1.00279,1.00,1.00
2013.11.15 16:26:23.491,1.00281,1.00284,1.00,1.20
2013.11.15 16:26:24.781,1.00282,1.00284,1.38,1.58
2013.11.15 16:26:25.862,1.00282,1.00284,1.00,1.95
2013.11.15 16:26:28.171,1.0028,1.00282,1.10,1.00
2013.11.15 16:26:28.531,1.0028,1.00283,2.33,1.00
2013.11.15 16:26:29.082,1.0028,1.00284,1.58,1.85
2013.11.15 16:26:29.861,1.00281,1.00284,2.48,1.48
2013.11.15 16:26:29.982,1.00283,1.00284,1.00,1.20
2013.11.15 16:26:30.161,1.00284,1.00287,2.13,1.28
2013.11.15 16:26:30.222,1.00285,1.00287,1.50,1.00
2013.11.15 16:26:30.462,1.00286,1.00288,1.20,1.13
2013.11.15 16:26:33.165,1.00285,1.00289,2.78,1.38
2013.11.15 16:26:39.141,1.00285,1.00288,1.10,1.88
2013.11.15 16:26:39.262,1.00284,1.00286,1.00,1.50
2013.11.15 16:26:39.442,1.00281,1.00285,1.95,1.58
2013.11.15 16:26:39.742,1.00284,1.00287,1.00,3.45
2013.11.15 16:26:40.775,1.00283,1.00287,3.00,3.45
2013.11.15 16:26:41.323,1.00284,1.00288,1.00,2.40
2013.11.15 16:26:42.093,1.00283,1.00287,3.08,1.48
2013.11.15 16:26:43.071,1.00283,1.00287,1.58,1.20
2013.11.15 16:26:43.814,1.00284,1.00287,1.13,2.63
2013.11.15 16:26:44.172,1.00283,1.00287,2.33,1.20
2013.11.15 16:26:44.711,1.00283,1.00286,1.58,1.00
2013.11.15 16:26:46.131,1.00283,1.00287,2.33,1.95
2013.11.15 16:26:46.371,1.00283,1.00288,2.33,1.20
2013.11.15 16:26:46.552,1.00287,1.00289,1.58,1.13
2013.11.15 16:26:46.732,1.00288,1.00291,3.60,1.00
2013.11.15 16:26:47.241,1.00287,1.00291,1.55,1.50
2013.11.15 16:26:47.781,1.00288,1.00292,1.10,1.58
2013.11.15 16:26:48.561,1.00288,1.00292,3.45,1.13
2013.11.15 16:26:50.312,1.00289,1.00294,1.28,1.48
2013.11.15 16:26:50.431,1.0029,1.00294,4.58,1.00
2013.11.15 16:26:51.121,1.0029,1.00294,4.20,1.00
2013.11.15 16:26:51.735,1.00291,1.00295,1.55,2.25
2013.11.15 16:26:51.852,1.0029,1.00294,4.58,1.38
2013.11.15 16:26:51.971,1.0029,1.00294,1.58,1.48
2013.11.15 16:26:52.631,1.0029,1.00293,1.20,1.38
2013.11.15 16:26:53.171,1.0029,1.00293,1.10,1.50
2013.11.15 16:26:54.541,1.00289,1.00293,5.18,1.50
2013.11.15 16:26:54.841,1.0029,1.00294,1.95,1.95
2013.11.15 16:26:55.081,1.0029,1.00294,2.33,1.58
2013.11.15 16:26:57.231,1.0029,1.00294,2.33,1.48
2013.11.15 16:26:57.771,1.00293,1.00297,1.20,1.85
2013.11.15 16:27:00.902,1.00292,1.00297,3.45,1.85
2013.11.15 16:27:02.842,1.00293,1.00297,1.20,1.85
2013.11.15 16:27:03.384,1.00294,1.00298,1.00,2.03
2013.11.15 16:27:05.152,1.00292,1.00297,1.95,1.85
2013.11.15 16:27:05.951,1.0029,1.00294,2.63,1.55
2013.11.15 16:27:06.311,1.0029,1.00294,2.25,2.40
2013.11.15 16:27:06.492,1.00288,1.00292,1.88,4.58
2013.11.15 16:27:07.822,1.00288,1.00291,1.48,1.00
2013.11.15 16:27:18.411,1.00287,1.00291,5.25,1.00
2013.11.15 16:27:19.006,1.00287,1.00291,5.25,1.00
2013.11.15 16:27:19.521,1.00287,1.00291,5.25,1.13
2013.11.15 16:27:22.912,1.00287,1.00291,5.25,1.00
2013.11.15 16:27:23.562,1.00287,1.00291,5.25,1.13
2013.11.15 16:27:25.351,1.00287,1.00291,5.25,1.00
2013.11.15 16:27:31.982,1.00288,1.00292,2.40,1.88
2013.11.15 16:27:32.283,1.0029,1.00293,2.78,2.25
2013.11.15 16:27:32.832,1.00292,1.00296,1.00,2.40
2013.11.15 16:27:33.512,1.00292,1.00296,2.63,1.75
2013.11.15 16:27:34.051,1.00292,1.00296,4.35,1.93
2013.11.15 16:27:34.592,1.00292,1.00296,4.50,1.75
2013.11.15 16:27:38.812,1.00292,1.00295,3.75,1.00
2013.11.15 16:27:43.001,1.00292,1.00295,2.55,1.38
2013.11.15 16:27:43.123,1.0029,1.00292,1.00,1.50
2013.11.15 16:27:43.302,1.00287,1.00291,4.05,1.20
2013.11.15 16:27:44.981,1.00288,1.00291,1.38,1.20
2013.11.15 16:27:45.162,1.0029,1.00294,1.50,2.03
2013.11.15 16:27:47.251,1.0029,1.00292,1.50,1.00
2013.11.15 16:27:47.819,1.00289,1.00292,1.10,1.88
2013.11.15 16:27:53.751,1.0029,1.00292,1.00,1.00
2013.11.15 16:27:53.932,1.0029,1.00294,1.88,1.28
2013.11.15 16:27:55.855,1.00289,1.00293,1.48,2.40
2013.11.15 16:27:56.361,1.00288,1.00292,1.50,1.18
2013.11.15 16:28:27.441,1.00287,1.00291,3.30,1.10
2013.11.15 16:28:32.825,1.00287,1.00291,1.00,3.45
2013.11.15 16:28:32.945,1.00286,1.00288,1.00,1.20
2013.11.15 16:28:33.003,1.00285,1.00288,3.00,3.38
2013.11.15 16:28:33.362,1.00278,1.0028,1.00,1.10
2013.11.15 16:28:33.482,1.00276,1.00281,1.10,3.90
2013.11.15 16:28:34.653,1.00277,1.00281,1.00,3.15
2013.11.15 16:28:35.191,1.00276,1.0028,1.10,1.58
2013.11.15 16:28:36.092,1.00277,1.0028,1.00,1.20
2013.11.15 16:28:36.152,1.00284,1.00288,2.33,1.50
2013.11.15 16:28:36.694,1.00285,1.00289,1.20,1.20
2013.11.15 16:28:37.241,1.00285,1.00288,1.10,1.00
2013.11.15 16:28:38.773,1.00285,1.00288,1.00,1.18
2013.11.15 16:28:41.742,1.00284,1.00287,2.25,1.20
2013.11.15 16:28:41.802,1.00282,1.00286,1.20,2.85
2013.11.15 16:28:41.862,1.00278,1.00284,1.00,2.86
2013.11.15 16:28:41.922,1.00279,1.00281,1.00,4.65
2013.11.15 16:28:42.042,1.00276,1.00278,1.58,1.00
2013.11.15 16:28:42.344,1.00274,1.00278,1.10,2.33
2013.11.15 16:28:42.852,1.00274,1.00278,1.50,3.45
2013.11.15 16:28:42.978,1.00274,1.00278,3.68,1.10
2013.11.15 16:28:47.501,1.00275,1.00279,1.28,1.00
2013.11.15 16:28:49.174,1.00276,1.0028,1.10,2.33
2013.11.15 16:29:00.711,1.00276,1.0028,1.10,2.33
2013.11.15 16:29:07.161,1.00278,1.00279,1.00,1.13
2013.11.15 16:29:07.662,1.00275,1.00279,1.65,1.13
2013.11.15 16:29:10.791,1.00275,1.00278,1.28,1.13
2013.11.15 16:29:10.852,1.00275,1.00278,1.00,1.58
2013.11.15 16:29:11.391,1.00274,1.00278,1.10,2.33
2013.11.15 16:29:13.582,1.00273,1.00277,1.65,1.38
2013.11.15 16:29:23.931,1.00273,1.00277,1.20,1.38
2013.11.15 16:29:24.112,1.00268,1.00271,1.50,4.20
2013.11.15 16:29:24.172,1.00266,1.0027,1.13,2.40
2013.11.15 16:29:24.414,1.00265,1.00269,1.20,1.48
2013.11.15 16:29:25.601,1.00265,1.00269,1.58,1.48
2013.11.15 16:29:32.301,1.00265,1.00269,1.58,1.95
2013.11.15 16:29:39.852,1.00264,1.00266,1.55,1.00
2013.11.15 16:30:01.771,1.00263,1.00267,2.03,1.00
2013.11.15 16:30:07.702,1.00265,1.00267,1.18,1.00
2013.11.15 16:30:15.711,1.00265,1.00268,1.18,1.13
2013.11.15 16:30:19.112,1.00265,1.00268,1.58,1.20
2013.11.15 16:30:21.981,1.00263,1.00267,2.03,1.00
2013.11.15 16:30:25.025,1.00263,1.00266,1.55,1.00
2013.11.15 16:30:27.553,1.00262,1.00265,1.20,1.00
2013.11.15 16:30:27.613,1.00261,1.00265,1.88,4.50
2013.11.15 16:30:35.912,1.0026,1.00265,2.33,2.70
2013.11.15 16:30:36.452,1.00263,1.00265,1.38,1.88
2013.11.15 16:30:36.754,1.00261,1.00264,1.38,1.58
2013.11.15 16:30:36.873,1.00259,1.00262,1.65,1.00
2013.11.15 16:30:36.992,1.00259,1.0026,1.50,1.10
2013.11.15 16:30:37.111,1.00257,1.0026,2.25,1.20
2013.11.15 16:30:37.651,1.00257,1.0026,1.50,1.10
2013.11.15 16:30:39.511,1.00257,1.0026,2.25,1.10
2013.11.15 16:30:40.051,1.00257,1.0026,2.25,1.10
2013.11.15 16:30:40.963,1.00257,1.0026,2.25,1.20
2013.11.15 16:30:41.502,1.00257,1.0026,2.25,1.10
2013.11.15 16:30:42.481,1.00257,1.0026,2.25,1.10
2013.11.15 16:30:45.302,1.00256,1.00259,1.10,1.00
2013.11.15 16:30:46.802,1.00255,1.00258,2.40,1.88
2013.11.15 16:30:46.862,1.0025,1.00257,5.70,1.13
2013.11.15 16:30:46.922,1.00254,1.00257,4.58,1.13
2013.11.15 16:30:47.042,1.00254,1.00256,1.58,1.38
2013.11.15 16:30:47.282,1.00255,1.00257,1.00,1.13
2013.11.15 16:30:51.953,1.00255,1.00257,1.38,1.00
2013.11.15 16:30:53.183,1.00255,1.00257,1.13,1.00
2013.11.15 16:30:54.002,1.00255,1.00258,1.13,1.20
2013.11.15 16:30:54.902,1.00255,1.00258,1.38,1.20
2013.11.15 16:30:55.422,1.00255,1.00258,1.13,1.20
2013.11.15 16:30:59.343,1.00255,1.00257,1.88,1.00
2013.11.15 16:30:59.896,1.00255,1.00257,1.13,1.00
2013.11.15 16:31:01.071,1.00255,1.00257,1.28,1.00
2013.11.15 16:31:01.693,1.00255,1.00258,1.28,1.13
2013.11.15 16:31:02.412,1.00255,1.00257,1.28,1.00
2013.11.15 16:31:02.772,1.00253,1.00256,1.18,1.00
2013.11.15 16:31:06.402,1.00253,1.00256,1.18,2.85
2013.11.15 16:31:12.371,1.00253,1.00256,1.18,1.00
2013.11.15 16:31:12.912,1.00253,1.00255,1.18,1.00
2013.11.15 16:31:22.767,1.00253,1.00256,1.28,1.38
2013.11.15 16:31:26.682,1.00254,1.00256,1.50,1.38
2013.11.15 16:31:27.366,1.00253,1.00257,1.58,1.58
2013.11.15 16:31:28.674,1.00252,1.00256,1.20,6.60
2013.11.15 16:31:28.852,1.00249,1.00251,1.18,1.35
2013.11.15 16:31:29.032,1.00247,1.00249,2.18,1.00
2013.11.15 16:31:29.572,1.00245,1.00249,6.45,1.00
2013.11.15 16:31:33.952,1.00245,1.00248,4.20,1.00
2013.11.15 16:31:34.491,1.00246,1.00249,1.18,1.13
2013.11.15 16:31:36.042,1.00245,1.00249,4.20,1.00
2013.11.15 16:31:37.053,1.00245,1.00249,4.95,1.13
2013.11.15 16:31:38.162,1.00245,1.00248,4.20,1.00
2013.11.15 16:31:40.052,1.00245,1.00249,4.95,1.13
2013.11.15 16:31:40.561,1.00245,1.00248,4.20,1.00
2013.11.15 16:31:42.862,1.00245,1.00249,2.70,1.20
2013.11.15 16:31:44.183,1.00245,1.00248,1.95,1.00
2013.11.15 16:31:44.365,1.00244,1.00247,1.58,3.68
2013.11.15 16:31:44.892,1.00243,1.00247,3.45,1.58
2013.11.15 16:31:45.856,1.00245,1.00247,1.00,1.20
2013.11.15 16:31:45.923,1.00245,1.00247,1.00,1.20
2013.11.15 16:31:46.343,1.00243,1.00247,2.33,1.20
2013.11.15 16:31:46.913,1.00243,1.00247,2.70,1.48
2013.11.15 16:31:48.632,1.00243,1.00247,1.20,2.18
2013.11.15 16:31:49.292,1.00243,1.00247,1.10,2.18
2013.11.15 16:31:51.972,1.00244,1.00248,1.13,2.03
2013.11.15 16:31:53.721,1.00243,1.00248,4.13,2.20
2013.11.15 16:31:54.872,1.00243,1.00248,4.20,1.88
2013.11.15 16:31:55.712,1.00243,1.00247,4.20,1.00
2013.11.15 16:31:58.622,1.00244,1.00248,1.28,1.13
2013.11.15 16:32:05.622,1.00245,1.00247,1.10,1.00
2013.11.15 16:32:06.173,1.00245,1.00248,1.10,1.13
2013.11.15 16:32:08.143,1.00245,1.00248,1.10,2.13
2013.11.15 16:32:08.680,1.00243,1.00248,1.95,2.30
2013.11.15 16:32:09.202,1.00243,1.00247,1.95,1.10
2013.11.15 16:32:09.383,1.00243,1.00245,1.00,1.48
2013.11.15 16:32:09.443,1.00241,1.00245,1.95,1.48
2013.11.15 16:32:09.983,1.00242,1.00244,1.00,1.00
2013.11.15 16:32:11.132,1.00242,1.00245,1.13,1.20
2013.11.15 16:32:11.552,1.00244,1.00247,1.00,3.45
2013.11.15 16:32:11.672,1.00243,1.00247,1.65,1.00
2013.11.15 16:32:17.482,1.00242,1.00246,4.20,1.00
2013.11.15 16:32:25.412,1.00243,1.00247,1.18,1.00
2013.11.15 16:32:26.162,1.00243,1.00247,1.58,1.08
2013.11.15 16:32:26.402,1.00244,1.00247,2.25,1.00
2013.11.15 16:32:26.823,1.00246,1.00249,2.25,1.88
2013.11.15 16:32:27.722,1.00246,1.00249,2.70,1.00
2013.11.15 16:32:28.881,1.00246,1.00249,2.25,1.38
2013.11.15 16:32:30.293,1.00248,1.0025,1.50,1.13
2013.11.15 16:32:30.353,1.00249,1.00255,4.50,5.40
2013.11.15 16:32:30.544,1.00253,1.00256,2.25,1.13
2013.11.15 16:32:31.025,1.00253,1.00257,4.20,1.13
2013.11.15 16:32:36.992,1.00253,1.00258,5.03,2.18
2013.11.15 16:32:39.662,1.00254,1.00258,1.28,2.10
2013.11.15 16:32:40.262,1.00254,1.00258,1.55,1.73
2013.11.15 16:32:41.022,1.00253,1.00257,6.45,1.13
2013.11.15 16:32:41.143,1.00252,1.00255,2.63,2.25
2013.11.15 16:32:41.322,1.0025,1.00251,1.10,2.63
2013.11.15 16:32:41.502,1.00248,1.0025,1.10,1.13
2013.11.15 16:32:43.152,1.00246,1.00249,2.70,1.00
2013.11.15 16:32:43.693,1.00246,1.0025,3.45,1.00
2013.11.15 16:32:44.305,1.00246,1.00249,2.70,1.00
2013.11.15 16:32:44.872,1.00246,1.00249,2.25,1.38
2013.11.15 16:32:45.052,1.00246,1.0025,3.45,1.00
2013.11.15 16:32:45.624,1.00246,1.0025,3.45,1.38
2013.11.15 16:32:48.392,1.00246,1.0025,4.95,1.00
2013.11.15 16:32:56.423,1.00249,1.00251,1.00,1.13
2013.11.15 16:32:56.663,1.00249,1.00252,2.63,1.10
2013.11.15 16:32:56.783,1.00249,1.0025,1.50,3.83
2013.11.15 16:32:57.322,1.00246,1.0025,1.95,1.10
2013.11.15 16:33:05.732,1.00246,1.0025,1.95,1.48
2013.11.15 16:33:06.172,1.00246,1.0025,1.95,1.10
2013.11.15 16:33:06.712,1.00246,1.00249,1.48,1.00
2013.11.15 16:33:10.316,1.00246,1.0025,1.48,1.95
2013.11.15 16:33:10.684,1.00246,1.00247,1.10,1.30
2013.11.15 16:33:11.042,1.00242,1.00246,2.33,3.61
2013.11.15 16:33:11.462,1.0024,1.00245,1.00,9.45
2013.11.15 16:33:11.991,1.00238,1.00243,2.40,2.96
2013.11.15 16:33:13.402,1.00237,1.00241,1.13,2.33
2013.11.15 16:33:13.952,1.00237,1.0024,1.05,1.13
2013.11.15 16:33:14.493,1.00238,1.0024,1.50,1.38
2013.11.15 16:33:15.089,1.00238,1.00241,1.50,1.48
2013.11.15 16:33:15.692,1.00237,1.0024,2.55,1.13
2013.11.15 16:33:22.712,1.00235,1.00239,5.25,1.50
2013.11.15 16:33:23.252,1.00236,1.0024,1.18,1.00
2013.11.15 16:33:26.333,1.00236,1.0024,1.18,1.00
2013.11.15 16:33:26.992,1.00236,1.0024,1.18,1.38
2013.11.15 16:33:27.292,1.00237,1.00241,1.20,1.48
2013.11.15 16:33:27.834,1.00236,1.0024,2.03,1.38
2013.11.15 16:33:34.472,1.00236,1.0024,1.58,1.38
2013.11.15 16:33:52.152,1.00236,1.0024,1.18,1.00
2013.11.15 16:33:55.594,1.00236,1.0024,1.18,1.00
2013.11.15 16:33:56.882,1.00236,1.0024,1.65,1.38
2013.11.15 16:34:01.693,1.00236,1.0024,1.18,1.00
2013.11.15 16:34:04.192,1.00236,1.0024,1.18,1.38
2013.11.15 16:34:04.676,1.00236,1.0024,1.55,1.13
2013.11.15 16:34:05.746,1.00238,1.00241,1.38,1.58
2013.11.15 16:34:06.103,1.00244,1.00249,1.48,2.18
2013.11.15 16:34:06.282,1.00244,1.00248,1.55,1.50
2013.11.15 16:34:06.342,1.00243,1.00246,3.45,1.00
2013.11.15 16:34:06.582,1.0024,1.00243,1.00,4.58
2013.11.15 16:34:08.812,1.0024,1.00244,1.20,2.18
2013.11.15 16:34:08.992,1.00242,1.00245,1.88,1.20
2013.11.15 16:34:09.172,1.00244,1.00248,1.28,3.00
2013.11.15 16:34:10.032,1.00243,1.00248,5.70,2.51
2013.11.15 16:34:10.393,1.00245,1.00248,1.48,1.13
2013.11.15 16:34:10.899,1.00245,1.00248,1.10,1.50
2013.11.15 16:34:12.319,1.00244,1.00248,2.78,1.50
2013.11.15 16:34:15.214,1.00244,1.00248,2.70,1.58
2013.11.15 16:34:16.112,1.00244,1.00249,2.25,6.04
2013.11.15 16:34:16.293,1.00242,1.00245,1.88,5.71
2013.11.15 16:34:16.532,1.00238,1.00243,2.78,2.71
2013.11.15 16:34:17.072,1.00239,1.00243,1.48,1.20
2013.11.15 16:34:18.217,1.0024,1.00244,1.88,1.28
2013.11.15 16:34:19.853,1.00243,1.00246,1.00,2.78
2013.11.15 16:34:20.092,1.00244,1.00248,1.48,2.33
2013.11.15 16:34:20.756,1.00244,1.00248,1.95,1.20
2013.11.15 16:34:21.962,1.00244,1.00248,1.95,1.10
2013.11.15 16:34:23.447,1.00245,1.00249,1.55,2.25
2013.11.15 16:34:32.862,1.00244,1.00248,4.95,1.00
2013.11.15 16:34:33.392,1.00244,1.00248,4.95,1.13
2013.11.15 16:34:37.713,1.00244,1.00248,3.45,1.00
2013.11.15 16:34:39.392,1.00245,1.00249,1.55,1.88
2013.11.15 16:34:40.063,1.00245,1.00249,1.48,2.70
2013.11.15 16:34:42.442,1.00244,1.00248,1.38,3.38
2013.11.15 16:34:42.982,1.00242,1.00247,4.20,3.63
2013.11.15 16:34:45.772,1.00243,1.00247,1.55,1.88
2013.11.15 16:34:47.863,1.00244,1.00247,1.48,1.00
2013.11.15 16:34:48.402,1.00244,1.00248,4.20,1.00
2013.11.15 16:34:54.452,1.00244,1.00248,4.20,1.38
2013.11.15 16:35:00.772,1.00244,1.00248,4.20,1.50
2013.11.15 16:35:03.103,1.00244,1.00247,3.45,1.50
2013.11.15 16:35:03.284,1.00242,1.00245,1.20,3.38
2013.11.15 16:35:03.403,1.00241,1.00243,1.50,1.38
2013.11.15 16:35:03.462,1.0024,1.00243,1.95,1.13
2013.11.15 16:35:04.332,1.00239,1.00243,2.03,1.88
2013.11.15 16:35:09.663,1.00241,1.00245,3.08,2.70
2013.11.15 16:35:09.783,1.00242,1.00245,2.70,1.13
2013.11.15 16:35:11.403,1.00244,1.00246,1.00,1.48
2013.11.15 16:35:11.942,1.00244,1.00246,1.00,1.20
2013.11.15 16:35:14.943,1.00244,1.00247,1.48,1.00
2013.11.15 16:35:15.504,1.00244,1.00247,1.48,1.00
2013.11.15 16:35:18.173,1.00244,1.00246,1.48,1.00
2013.11.15 16:35:19.103,1.00244,1.00247,1.48,1.00
2013.11.15 16:35:19.642,1.00244,1.00246,1.48,1.00
2013.11.15 16:35:19.944,1.00242,1.00245,1.95,1.88
2013.11.15 16:35:20.064,1.0024,1.00245,1.88,6.30
2013.11.15 16:35:20.304,1.00239,1.00244,1.95,5.25
2013.11.15 16:35:21.385,1.00239,1.00244,1.95,4.66
2013.11.15 16:35:21.923,1.00239,1.00244,4.88,2.20
2013.11.15 16:35:22.473,1.00239,1.00244,4.20,2.13
2013.11.15 16:35:22.894,1.00241,1.00244,1.10,1.00
2013.11.15 16:35:23.134,1.00241,1.00245,2.70,1.10
2013.11.15 16:35:23.694,1.00242,1.00246,2.78,1.38
2013.11.15 16:35:23.754,1.00242,1.00246,1.10,2.63
2013.11.15 16:35:23.873,1.00241,1.00245,1.58,1.80
2013.11.15 16:35:24.415,1.00239,1.00243,4.20,1.38
2013.11.15 16:35:25.243,1.0024,1.00244,1.28,1.88
2013.11.15 16:35:25.363,1.00243,1.00246,1.00,3.15
2013.11.15 16:35:25.842,1.00243,1.00246,1.38,1.10
2013.11.15 16:35:28.203,1.00244,1.00247,1.38,1.18
2013.11.15 16:35:28.742,1.00244,1.00247,1.88,1.20
2013.11.15 16:35:32.592,1.00243,1.00247,1.95,1.10
2013.11.15 16:35:33.128,1.00243,1.00247,1.48,1.00
2013.11.15 16:35:34.653,1.00244,1.00247,1.13,2.20
2013.11.15 16:35:35.193,1.00244,1.00247,1.13,1.20
2013.11.15 16:35:35.753,1.00244,1.00247,1.38,1.10
2013.11.15 16:35:37.212,1.00244,1.00247,1.00,1.48
2013.11.15 16:35:38.893,1.00246,1.00247,1.00,1.10
2013.11.15 16:35:39.073,1.00246,1.00248,1.00,1.13
2013.11.15 16:35:39.374,1.00248,1.00251,1.50,3.38
2013.11.15 16:35:39.913,1.00248,1.00251,1.10,1.00
2013.11.15 16:35:40.767,1.00247,1.00251,1.08,2.20
2013.11.15 16:35:41.304,1.00247,1.0025,1.00,2.20
2013.11.15 16:35:42.253,1.00247,1.0025,1.00,2.20
2013.11.15 16:35:43.452,1.00246,1.00248,1.00,1.10
2013.11.15 16:35:45.713,1.00246,1.00249,1.00,1.10
2013.11.15 16:35:45.954,1.00245,1.00248,1.88,1.10
2013.11.15 16:35:55.277,1.00246,1.00248,1.00,1.20
2013.11.15 16:35:55.993,1.00245,1.00248,1.00,1.20
2013.11.15 16:35:56.533,1.00244,1.00248,1.58,1.58
2013.11.15 16:35:57.044,1.00244,1.00248,1.95,1.20
2013.11.15 16:35:57.124,1.00246,1.00248,1.00,1.20
2013.11.15 16:35:58.093,1.00246,1.00247,1.00,1.00
2013.11.15 16:35:58.633,1.00245,1.00247,1.00,1.00
2013.11.15 16:35:58.934,1.00243,1.00246,1.00,1.48
2013.11.15 16:35:59.473,1.00243,1.00246,1.13,1.20
2013.11.15 16:36:00.891,1.00243,1.00245,1.13,1.00
2013.11.15 16:36:02.113,1.00243,1.00246,1.13,1.95
2013.11.15 16:36:02.912,1.00243,1.00246,1.13,2.20
2013.11.15 16:36:06.523,1.00242,1.00246,2.70,1.95
2013.11.15 16:36:07.064,1.00243,1.00247,1.55,1.13
2013.11.15 16:36:07.954,1.00242,1.00246,1.55,2.58
2013.11.15 16:36:08.607,1.00242,1.00246,2.70,1.10
2013.11.15 16:36:10.619,1.00244,1.00248,1.20,1.58
2013.11.15 16:36:16.533,1.00243,1.00247,1.00,2.25
2013.11.15 16:36:16.894,1.00242,1.00246,1.10,6.83
2013.11.15 16:36:17.432,1.00241,1.00246,1.55,6.83
2013.11.15 16:36:18.002,1.0024,1.00245,3.45,2.13
2013.11.15 16:36:18.423,1.00241,1.00245,1.55,1.00
2013.11.15 16:36:18.962,1.00243,1.00247,1.38,1.28
2013.11.15 16:36:23.792,1.00243,1.00247,1.55,1.13
2013.11.15 16:36:34.595,1.00244,1.00248,2.33,1.20
2013.11.15 16:36:34.953,1.00245,1.00249,4.20,1.13
2013.11.15 16:36:35.513,1.00245,1.00249,4.20,1.38
2013.11.15 16:36:36.714,1.00244,1.00249,1.65,6.08
2013.11.15 16:36:40.624,1.00246,1.00249,1.00,6.45
2013.11.15 16:36:41.128,1.00245,1.00248,1.20,1.13
2013.11.15 16:36:45.793,1.00245,1.00247,1.10,1.00
2013.11.15 16:36:47.193,1.00245,1.00248,1.20,1.13
2013.11.15 16:36:48.353,1.00244,1.00248,2.40,2.13
2013.11.15 16:36:48.893,1.00244,1.00248,1.13,3.78
2013.11.15 16:36:51.489,1.00244,1.00247,1.13,1.58
2013.11.15 16:36:52.044,1.00244,1.00246,1.13,1.00
2013.11.15 16:36:52.583,1.00244,1.00247,1.13,1.10
2013.11.15 16:36:53.313,1.00244,1.00247,1.13,1.00
2013.11.15 16:36:53.855,1.00244,1.00247,1.13,4.58
2013.11.15 16:36:54.733,1.00244,1.00247,1.20,1.00
2013.11.15 16:36:55.725,1.00243,1.00247,1.20,1.20
2013.11.15 16:36:55.783,1.00242,1.00247,2.03,6.33
2013.11.15 16:36:56.144,1.00238,1.00243,2.33,7.83
2013.11.15 16:36:56.204,1.00237,1.00241,3.08,7.08
2013.11.15 16:36:56.326,1.00237,1.00241,3.83,7.21
2013.11.15 16:36:56.384,1.00237,1.00241,1.00,9.01
2013.11.15 16:36:56.444,1.00235,1.00239,6.83,5.20
2013.11.15 16:36:56.829,1.00237,1.00239,5.33,1.00
2013.11.15 16:36:57.385,1.00237,1.00242,1.10,3.68
2013.11.15 16:36:57.924,1.00237,1.00239,1.18,1.13
2013.11.15 16:36:58.826,1.00236,1.0024,3.45,1.13
2013.11.15 16:36:59.894,1.00238,1.00242,1.10,4.20
2013.11.15 16:37:00.133,1.00236,1.00241,1.35,5.23
2013.11.15 16:37:00.734,1.00236,1.00239,1.35,1.10
2013.11.15 16:37:01.236,1.0023,1.00238,1.18,1.00
2013.11.15 16:37:05.023,1.00235,1.00239,1.10,1.20
2013.11.15 16:37:05.733,1.00234,1.00239,3.53,1.00
2013.11.15 16:37:06.663,1.00235,1.00239,2.33,2.50
2013.11.15 16:37:07.164,1.00235,1.00239,4.58,1.88
2013.11.15 16:37:07.702,1.00236,1.0024,2.25,1.38
2013.11.15 16:37:08.284,1.00236,1.0024,4.80,1.00
2013.11.15 16:37:08.844,1.00237,1.0024,2.70,1.00
2013.11.15 16:37:11.294,1.0024,1.00244,1.00,1.95
2013.11.15 16:37:11.353,1.00241,1.00245,1.10,4.95
2013.11.15 16:37:11.473,1.00241,1.00245,1.95,3.08
2013.11.15 16:37:12.020,1.00242,1.00246,3.53,1.50
2013.11.15 16:37:18.293,1.00243,1.00246,2.25,1.00
2013.11.15 16:37:18.833,1.00243,1.00247,3.45,1.50
2013.11.15 16:37:19.375,1.00243,1.00247,3.00,2.25
2013.11.15 16:37:38.653,1.00241,1.00246,4.20,1.50
2013.11.15 16:37:49.253,1.00242,1.00246,2.03,1.00
2013.11.15 16:37:56.403,1.00242,1.00246,2.25,1.38
2013.11.15 16:37:56.763,1.00235,1.0024,3.45,2.70
2013.11.15 16:38:01.883,1.00237,1.00239,1.00,1.10
2013.11.15 16:38:02.432,1.00237,1.0024,1.10,1.13
2013.11.15 16:38:03.883,1.00239,1.0024,1.00,1.13
2013.11.15 16:38:04.004,1.00239,1.00242,1.55,1.13
2013.11.15 16:38:04.123,1.00241,1.00244,3.08,2.25
2013.11.15 16:38:04.723,1.00242,1.00246,1.65,1.38
2013.11.15 16:38:04.785,1.00243,1.00247,1.10,3.08
2013.11.15 16:38:05.263,1.00244,1.00248,1.38,1.28
2013.11.15 16:38:06.413,1.00244,1.00248,1.55,1.13
2013.11.15 16:38:07.572,1.00243,1.00247,3.45,1.00
2013.11.15 16:38:10.483,1.00243,1.00247,1.48,1.20
2013.11.15 16:38:14.583,1.00243,1.00247,4.50,1.00
2013.11.15 16:38:15.123,1.00245,1.00249,1.20,1.48
2013.11.15 16:38:19.023,1.00244,1.00247,2.25,1.00
2013.11.15 16:38:29.653,1.00244,1.00248,2.25,1.13
2013.11.15 16:38:31.643,1.00244,1.00248,1.50,2.13
2013.11.15 16:38:32.933,1.00244,1.00248,3.00,1.13
2013.11.15 16:38:37.284,1.00247,1.00251,3.30,2.33
2013.11.15 16:38:37.583,1.00249,1.00252,1.13,1.58
2013.11.15 16:38:37.764,1.00246,1.00249,3.45,1.00
2013.11.15 16:38:38.067,1.00244,1.00246,1.30,1.10
2013.11.15 16:38:38.423,1.00239,1.00244,2.70,3.76
2013.11.15 16:38:38.783,1.00238,1.00242,1.38,5.23
2013.11.15 16:38:40.354,1.00236,1.00242,5.55,5.23
2013.11.15 16:38:40.964,1.00236,1.00241,5.55,1.10
2013.11.15 16:38:46.926,1.00237,1.00241,2.40,1.00
2013.11.15 16:38:47.485,1.00239,1.00244,4.95,2.63
2013.11.15 16:38:48.023,1.00241,1.00244,3.83,1.13
2013.11.15 16:38:48.143,1.00242,1.00246,1.88,1.00
2013.11.15 16:38:48.205,1.00243,1.00247,2.70,1.13
2013.11.15 16:38:49.313,1.00243,1.00247,2.63,1.00
2013.11.15 16:38:49.853,1.00243,1.00246,2.70,1.00
2013.11.15 16:38:50.413,1.00243,1.00245,2.63,1.00
2013.11.15 16:38:51.154,1.00242,1.00245,1.13,1.00
2013.11.15 16:38:52.423,1.00242,1.00246,1.18,1.88
2013.11.15 16:38:52.784,1.0024,1.00244,1.13,6.08
2013.11.15 16:38:53.334,1.00237,1.00243,3.00,2.28
2013.11.15 16:38:54.663,1.00239,1.00241,1.00,1.00
2013.11.15 16:38:59.584,1.00237,1.00241,2.25,1.00
2013.11.15 16:38:59.883,1.00238,1.00242,1.58,1.20
2013.11.15 16:39:00.423,1.00239,1.00242,1.00,2.20
2013.11.15 16:39:01.023,1.00239,1.00242,1.00,1.20
2013.11.15 16:39:02.219,1.00238,1.00242,1.85,1.20
2013.11.15 16:39:02.464,1.00239,1.00243,5.93,1.00
2013.11.15 16:39:03.003,1.0024,1.00243,2.40,1.00
2013.11.15 16:39:05.253,1.00242,1.00244,1.68,1.00
2013.11.15 16:39:05.773,1.00242,1.00245,2.48,1.95
2013.11.15 16:39:06.313,1.00242,1.00245,2.63,1.13
2013.11.15 16:39:13.153,1.00244,1.00247,1.00,1.48
2013.11.15 16:39:13.214,1.00244,1.00248,4.88,1.95
2013.11.15 16:39:13.275,1.00247,1.00251,1.00,1.28
2013.11.15 16:39:13.574,1.00248,1.00251,1.10,1.50
2013.11.15 16:39:14.353,1.00246,1.00251,8.93,1.38
2013.11.15 16:39:14.873,1.00246,1.00251,6.68,1.48
2013.11.15 16:39:15.413,1.00246,1.00251,1.20,3.16
2013.11.15 16:39:15.954,1.00244,1.00249,4.20,2.63
2013.11.15 16:39:16.193,1.00243,1.00248,1.95,3.16
2013.11.15 16:39:16.976,1.00243,1.00248,2.70,3.15
2013.11.15 16:39:18.593,1.00243,1.00246,1.95,1.00
2013.11.15 16:39:22.243,1.00243,1.00246,1.95,1.00
2013.11.15 16:39:22.303,1.00241,1.00245,1.50,4.58
2013.11.15 16:39:22.483,1.00242,1.00245,2.33,1.00
2013.11.15 16:39:23.022,1.00242,1.00246,3.15,1.00
2013.11.15 16:39:26.623,1.00242,1.00246,1.55,1.00
2013.11.15 16:39:26.745,1.00241,1.00246,2.63,3.73
2013.11.15 16:39:26.923,1.0024,1.00245,1.88,8.26
2013.11.15 16:39:27.463,1.00239,1.00242,1.00,2.20
2013.11.15 16:39:39.884,1.00238,1.00242,1.85,1.20
2013.11.15 16:39:40.425,1.00239,1.00243,1.88,1.20
2013.11.15 16:39:45.654,1.00241,1.00244,1.65,1.13
2013.11.15 16:39:46.193,1.00242,1.00246,1.20,2.55
2013.11.15 16:39:52.494,1.00241,1.00245,1.65,1.88
2013.11.15 16:39:53.033,1.00241,1.00245,1.65,1.88
2013.11.15 16:39:53.573,1.0024,1.00245,3.83,2.88
2013.11.15 16:39:55.333,1.0024,1.00245,3.08,2.88
2013.11.15 16:39:56.443,1.0024,1.00243,1.10,1.00
2013.11.15 16:39:56.630,1.00237,1.00241,3.08,1.10
2013.11.15 16:39:57.683,1.00237,1.00241,1.58,1.58
2013.11.15 16:39:58.673,1.00237,1.00241,1.58,1.58
2013.11.15 16:40:02.883,1.00237,1.0024,1.20,1.00
2013.11.15 16:40:02.943,1.00235,1.0024,3.15,2.60
2013.11.15 16:40:03.003,1.00235,1.0024,2.33,3.06
2013.11.15 16:40:03.597,1.00235,1.0024,2.33,3.53
2013.11.15 16:40:05.043,1.00235,1.0024,1.10,3.81
2013.11.15 16:40:06.333,1.00235,1.00239,1.38,5.63
2013.11.15 16:40:06.882,1.00233,1.00238,1.95,2.03
2013.11.15 16:40:06.948,1.00233,1.00238,4.58,1.88
2013.11.15 16:40:09.535,1.00234,1.00238,1.13,2.78
2013.11.15 16:40:15.536,1.00234,1.00237,3.08,1.13
2013.11.15 16:40:17.176,1.00233,1.00237,4.88,1.38
2013.11.15 16:40:26.374,1.00235,1.00239,1.20,1.58
2013.11.15 16:40:26.493,1.00237,1.00241,4.35,4.58
2013.11.15 16:40:26.614,1.00241,1.00245,1.65,2.63
2013.11.15 16:40:26.733,1.00242,1.00247,8.55,1.28
2013.11.15 16:40:27.584,1.00245,1.00247,1.00,1.18
2013.11.15 16:40:28.463,1.00244,1.00247,1.50,1.18
2013.11.15 16:40:28.794,1.00243,1.00247,1.00,3.00
2013.11.15 16:40:28.854,1.00241,1.00247,2.40,6.01
2013.11.15 16:40:29.394,1.00242,1.00247,1.13,7.81
2013.11.15 16:40:29.934,1.00243,1.00247,1.13,5.71
2013.11.15 16:40:30.473,1.00244,1.00247,1.00,4.20
2013.11.15 16:40:31.073,1.0024,1.00244,1.08,1.48
2013.11.15 16:40:31.194,1.00239,1.00242,1.00,1.55
2013.11.15 16:40:31.733,1.0024,1.00242,1.00,4.13
2013.11.15 16:40:33.793,1.00239,1.00242,1.13,4.20
2013.11.15 16:40:34.344,1.00238,1.00242,1.00,9.00
2013.11.15 16:40:34.793,1.00235,1.00239,1.13,3.01
2013.11.15 16:40:34.853,1.00234,1.00239,2.25,8.10
2013.11.15 16:40:39.133,1.00235,1.00238,1.38,2.63
2013.11.15 16:40:39.705,1.00235,1.00238,1.50,2.70
2013.11.15 16:40:41.775,1.00234,1.00238,1.50,4.95
2013.11.15 16:40:42.195,1.00232,1.00234,1.10,3.25
2013.11.15 16:40:42.554,1.00225,1.00231,1.50,4.11
2013.11.15 16:40:43.033,1.0023,1.00233,10.43,1.00
2013.11.15 16:40:43.544,1.00231,1.00235,1.13,1.55
2013.11.15 16:40:44.084,1.0023,1.00234,1.65,1.48
2013.11.15 16:40:44.667,1.0023,1.00234,1.28,1.20
2013.11.15 16:40:45.214,1.00229,1.00234,2.40,2.20
2013.11.15 16:40:47.523,1.0023,1.00234,1.28,1.95
2013.11.15 16:40:47.763,1.00232,1.00235,1.00,1.28
2013.11.15 16:40:48.064,1.00234,1.00237,1.00,1.58
2013.11.15 16:40:48.593,1.00234,1.00237,1.00,1.58
2013.11.15 16:40:49.887,1.00233,1.00237,1.95,1.20
2013.11.15 16:40:50.253,1.00234,1.00238,1.08,2.70
2013.11.15 16:40:54.465,1.00235,1.00239,1.20,2.93
2013.11.15 16:40:56.678,1.00235,1.00239,1.10,2.18
2013.11.15 16:40:56.983,1.00228,1.00234,1.50,9.98
2013.11.15 16:40:57.103,1.00232,1.00236,1.20,1.00
2013.11.15 16:40:57.643,1.00233,1.00237,1.00,4.58
2013.11.15 16:41:00.534,1.00234,1.00237,1.00,3.08
2013.11.15 16:41:01.086,1.00233,1.00237,1.00,3.83
2013.11.15 16:41:01.143,1.00232,1.00234,1.13,2.10
2013.11.15 16:41:01.444,1.00226,1.00229,1.45,1.30
2013.11.15 16:41:01.504,1.00225,1.00229,2.33,1.75
2013.11.15 16:41:01.564,1.00225,1.00228,1.00,1.55
2013.11.15 16:41:02.103,1.00223,1.00227,2.78,1.48
2013.11.15 16:41:02.613,1.00223,1.00227,4.20,1.00
2013.11.15 16:41:05.293,1.00223,1.00227,7.20,1.00
2013.11.15 16:41:06.616,1.00222,1.00225,6.15,1.10
2013.11.15 16:41:07.154,1.00222,1.00226,10.20,1.18
2013.11.15 16:41:07.681,1.00222,1.00226,1.95,1.10
2013.11.15 16:41:08.684,1.00222,1.00226,1.48,1.48
2013.11.15 16:41:09.243,1.00222,1.00226,5.33,1.48
2013.11.15 16:41:10.843,1.00216,1.00223,1.00,2.10
2013.11.15 16:41:11.144,1.00213,1.00216,1.00,2.30
2013.11.15 16:41:12.443,1.00212,1.00215,1.55,1.13
2013.11.15 16:41:12.983,1.00212,1.00215,1.18,1.13
2013.11.15 16:41:14.998,1.00212,1.00216,1.65,1.00
2013.11.15 16:41:19.905,1.00213,1.00217,1.58,1.95
2013.11.15 16:41:23.754,1.00213,1.00216,1.48,1.00
2013.11.15 16:41:25.434,1.00214,1.00217,3.45,1.13
2013.11.15 16:41:25.553,1.00214,1.00218,7.95,1.00
2013.11.15 16:41:26.093,1.00215,1.00219,3.45,1.00
2013.11.15 16:41:27.324,1.00216,1.0022,1.55,2.63
2013.11.15 16:41:28.286,1.00217,1.0022,2.70,2.63
2013.11.15 16:41:28.824,1.00217,1.0022,2.25,2.63
2013.11.15 16:41:30.485,1.00217,1.0022,2.33,1.50
2013.11.15 16:41:31.747,1.00214,1.00217,3.83,1.00
2013.11.15 16:41:32.114,1.00212,1.00216,5.33,1.00
2013.11.15 16:41:32.467,1.00213,1.00218,2.70,1.95
2013.11.15 16:41:32.994,1.00214,1.00217,2.70,1.00
2013.11.15 16:41:34.794,1.00214,1.00217,2.63,1.00
2013.11.15 16:41:35.457,1.00214,1.00217,2.70,1.00
2013.11.15 16:41:36.310,1.00214,1.00218,2.70,1.00
2013.11.15 16:41:36.613,1.00212,1.00216,4.20,1.50
2013.11.15 16:41:37.153,1.00213,1.00217,1.55,1.13
2013.11.15 16:41:39.003,1.00213,1.00216,1.55,1.50
2013.11.15 16:41:39.425,1.00212,1.00215,1.18,1.38
2013.11.15 16:41:39.963,1.00213,1.00215,1.10,1.13
2013.11.15 16:41:43.213,1.00213,1.00216,1.20,1.13
2013.11.15 16:41:43.643,1.00213,1.00216,1.48,1.00
2013.11.15 16:41:44.867,1.00212,1.00215,1.18,1.50
2013.11.15 16:41:44.984,1.00212,1.00214,1.18,1.50
2013.11.15 16:41:45.284,1.00212,1.00216,1.18,3.00
2013.11.15 16:41:45.834,1.00212,1.00215,2.25,1.00
2013.11.15 16:41:49.024,1.00213,1.00217,2.25,1.48
2013.11.15 16:41:49.204,1.00212,1.00213,1.00,1.00
2013.11.15 16:41:49.324,1.00211,1.00215,4.95,1.13
2013.11.15 16:41:49.384,1.00213,1.00216,2.33,1.00
2013.11.15 16:41:49.933,1.00213,1.00216,2.33,1.00
2013.11.15 16:41:50.943,1.00213,1.00217,3.08,1.88
2013.11.15 16:41:57.673,1.00213,1.00216,2.33,1.00
2013.11.15 16:41:59.563,1.00213,1.00217,3.08,1.88
2013.11.15 16:42:01.603,1.00213,1.00216,2.33,1.00
2013.11.15 16:42:02.583,1.00212,1.00216,1.18,1.00
2013.11.15 16:42:11.113,1.00211,1.00215,4.95,1.00
2013.11.15 16:42:13.843,1.00213,1.00217,1.48,1.58
2013.11.15 16:42:16.846,1.00213,1.00217,1.48,3.53
2013.11.15 16:42:17.404,1.00213,1.00217,1.38,5.70
2013.11.15 16:42:19.603,1.00213,1.00217,1.48,3.08
2013.11.15 16:42:23.183,1.00213,1.00217,1.10,3.08
2013.11.15 16:42:24.568,1.00213,1.00217,2.33,1.58
2013.11.15 16:42:25.095,1.00214,1.00218,1.50,1.55
2013.11.15 16:42:26.333,1.00214,1.00218,1.88,1.55
2013.11.15 16:42:28.513,1.00213,1.00217,1.10,1.48
2013.11.15 16:42:32.183,1.00213,1.00217,1.20,1.48
2013.11.15 16:42:32.723,1.00213,1.00217,1.10,1.48
2013.11.15 16:42:33.353,1.00213,1.00217,1.20,1.48
2013.11.15 16:42:33.893,1.00213,1.00217,1.10,1.48
2013.11.15 16:42:36.653,1.00213,1.00217,1.20,1.48
2013.11.15 16:42:37.313,1.00213,1.00217,1.10,1.48
2013.11.15 16:42:37.873,1.00213,1.00217,1.20,1.48
2013.11.15 16:42:38.414,1.00213,1.00217,1.10,1.48
2013.11.15 16:42:38.954,1.00213,1.00215,1.10,1.38
2013.11.15 16:42:44.642,1.00212,1.00214,1.10,1.00
2013.11.15 16:42:45.183,1.00212,1.00215,1.18,1.38
2013.11.15 16:42:50.854,1.0021,1.00213,4.13,1.00
2013.11.15 16:42:51.395,1.0021,1.00214,3.38,1.38
2013.11.15 16:42:58.865,1.00209,1.00212,3.45,1.00
2013.11.15 16:42:59.631,1.00209,1.00213,3.45,2.63
2013.11.15 16:43:01.894,1.0021,1.00214,1.55,1.13
2013.11.15 16:43:02.545,1.0021,1.00214,1.55,1.00
2013.11.15 16:43:04.214,1.0021,1.00214,1.28,1.38
2013.11.15 16:43:04.993,1.0021,1.00214,1.18,1.38
2013.11.15 16:43:05.533,1.0021,1.00214,1.00,1.55
2013.11.15 16:43:06.211,1.0021,1.00214,1.88,1.55
2013.11.15 16:43:07.524,1.00209,1.00213,3.38,1.13
2013.11.15 16:43:20.293,1.0021,1.00214,2.03,1.13
2013.11.15 16:43:21.768,1.00212,1.00215,2.25,2.63
2013.11.15 16:43:27.694,1.00212,1.00216,2.93,1.48
2013.11.15 16:43:29.454,1.00212,1.00216,3.30,1.48
2013.11.15 16:43:29.815,1.00215,1.00218,1.00,4.58
2013.11.15 16:43:30.354,1.00214,1.00217,1.18,1.88
2013.11.15 16:43:30.894,1.00214,1.00217,1.10,1.38
2013.11.15 16:43:32.513,1.00213,1.00217,1.65,1.48
2013.11.15 16:43:33.175,1.00213,1.00217,1.58,1.48
2013.11.15 16:43:51.433,1.00215,1.00218,1.00,3.53
2013.11.15 16:43:51.734,1.00223,1.00227,3.83,1.50
2013.11.15 16:43:52.273,1.00223,1.00227,1.18,1.00
2013.11.15 16:43:53.983,1.00225,1.00227,2.10,1.00
2013.11.15 16:43:54.523,1.00225,1.00228,2.10,1.10
2013.11.15 16:43:55.505,1.00225,1.00227,2.10,1.00
2013.11.15 16:44:00.913,1.00223,1.00227,1.28,1.00
2013.11.15 16:44:01.453,1.00222,1.00226,3.45,1.00
2013.11.15 16:44:05.293,1.00222,1.00226,1.88,1.18
2013.11.15 16:44:05.834,1.0022,1.00224,1.18,1.13
2013.11.15 16:44:06.074,1.00219,1.00222,1.00,1.20
2013.11.15 16:44:06.433,1.00216,1.0022,3.45,1.00
2013.11.15 16:44:07.483,1.00216,1.00219,2.33,1.13
2013.11.15 16:44:07.726,1.00214,1.00218,3.08,1.00
2013.11.15 16:44:20.494,1.00214,1.00218,1.38,2.78
2013.11.15 16:44:21.138,1.00214,1.00218,1.55,2.63
2013.11.15 16:44:30.944,1.00214,1.00218,1.28,2.63
2013.11.15 16:44:32.963,1.00214,1.00218,1.55,2.63
2013.11.15 16:44:40.831,1.00214,1.00218,3.45,2.63
2013.11.15 16:44:42.504,1.00214,1.00217,3.45,1.00
2013.11.15 16:44:45.013,1.00214,1.00217,3.45,1.00
2013.11.15 16:45:10.248,1.00214,1.00218,1.48,2.70
2013.11.15 16:45:11.343,1.00215,1.00218,3.23,1.10
2013.11.15 16:45:11.404,1.00216,1.00222,8.79,1.00
2013.11.15 16:45:11.524,1.00221,1.00225,4.73,1.00
2013.11.15 16:45:11.584,1.00223,1.00227,1.10,1.50
2013.11.15 16:45:11.884,1.00226,1.0023,1.00,3.83
2013.11.15 16:45:12.494,1.00226,1.00229,1.10,1.13
2013.11.15 16:45:15.494,1.00225,1.00229,1.10,1.95
2013.11.15 16:45:16.017,1.00224,1.00228,1.10,1.58
2013.11.15 16:45:18.744,1.00224,1.00228,1.00,3.38
2013.11.15 16:45:29.505,1.00225,1.00228,1.00,2.70
2013.11.15 16:45:30.246,1.00226,1.0023,1.00,1.55
2013.11.15 16:45:37.024,1.00226,1.00229,1.00,4.13
2013.11.15 16:45:40.496,1.00225,1.00229,1.00,4.95
2013.11.15 16:45:43.796,1.00225,1.00229,1.38,3.00
2013.11.15 16:45:44.824,1.00226,1.00229,1.13,2.70
2013.11.15 16:45:53.904,1.00225,1.00229,1.00,5.33
2013.11.15 16:45:56.494,1.00225,1.00229,1.10,2.78
2013.11.15 16:45:57.058,1.00225,1.00229,1.10,2.70
2013.11.15 16:46:02.394,1.00225,1.00229,1.10,2.70
2013.11.15 16:46:02.934,1.00225,1.00229,1.10,2.70
2013.11.15 16:46:49.094,1.00225,1.00229,1.10,1.58
2013.11.15 16:46:49.635,1.00225,1.00229,1.10,2.33
2013.11.15 16:46:50.174,1.00225,1.00228,1.10,1.00
2013.11.15 16:46:57.216,1.00225,1.00229,1.00,1.13
2013.11.15 16:46:57.796,1.00225,1.00229,1.00,1.28
2013.11.15 16:47:17.942,1.00225,1.00229,1.10,1.95
2013.11.15 16:47:22.305,1.00224,1.00226,1.28,1.00
2013.11.15 16:47:22.664,1.00224,1.00228,1.48,1.58
2013.11.15 16:47:23.204,1.00224,1.00227,1.20,1.88
2013.11.15 16:47:27.944,1.00224,1.00226,1.20,2.10
2013.11.15 16:47:39.864,1.00224,1.00227,1.10,1.00
2013.11.15 16:47:50.377,1.00224,1.00227,1.20,3.60
2013.11.15 16:47:53.227,1.00224,1.00227,1.20,1.13
2013.11.15 16:47:55.554,1.00225,1.00229,1.00,4.13
2013.11.15 16:47:56.224,1.00225,1.00229,1.88,1.28
2013.11.15 16:47:58.602,1.00226,1.0023,1.00,3.45
2013.11.15 16:47:59.086,1.00224,1.00228,1.10,1.10
2013.11.15 16:48:10.094,1.00225,1.00229,1.00,1.65
2013.11.15 16:48:10.634,1.00224,1.00228,1.10,1.58
2013.11.15 16:48:15.724,1.00225,1.00229,1.00,2.78
2013.11.15 16:48:20.395,1.00225,1.00228,1.18,1.13
2013.11.15 16:48:22.755,1.00225,1.00228,1.18,1.50
2013.11.15 16:48:22.934,1.00223,1.00227,1.28,1.73
2013.11.15 16:48:23.414,1.00225,1.00228,1.00,1.20
2013.11.15 16:48:26.367,1.00225,1.00228,1.00,3.30
2013.11.15 16:48:26.904,1.00223,1.00228,2.03,1.38
2013.11.15 16:48:30.388,1.00224,1.00228,1.58,1.48
2013.11.15 16:48:34.124,1.00224,1.00228,3.83,1.38
2013.11.15 16:48:38.214,1.00224,1.00228,4.95,1.13
2013.11.15 16:48:38.773,1.00226,1.0023,1.20,3.45
2013.11.15 16:48:50.234,1.00227,1.0023,1.13,1.20
2013.11.15 16:49:00.224,1.00227,1.00231,1.10,5.18
2013.11.15 16:49:03.844,1.00227,1.00231,1.48,5.18
2013.11.15 16:49:06.225,1.00227,1.00231,1.48,4.80
2013.11.15 16:49:10.654,1.00227,1.00231,1.95,1.48
2013.11.15 16:49:30.294,1.00227,1.00231,1.88,1.18
2013.11.15 16:49:34.744,1.00227,1.00231,2.03,1.00
2013.11.15 16:49:35.045,1.00231,1.00235,1.58,4.73
2013.11.15 16:49:35.224,1.00234,1.00236,2.25,1.10
2013.11.15 16:49:35.764,1.00234,1.00237,1.95,1.30
2013.11.15 16:49:35.884,1.00234,1.00238,1.95,3.30
2013.11.15 16:49:38.354,1.00234,1.00238,1.95,3.68
2013.11.15 16:49:39.864,1.00233,1.00237,1.88,3.00
2013.11.15 16:49:40.404,1.00233,1.00237,1.00,6.00
2013.11.15 16:49:40.944,1.00231,1.00234,2.63,1.05
2013.11.15 16:49:41.425,1.00227,1.00231,1.28,1.38
2013.11.15 16:49:42.164,1.00227,1.00231,1.55,1.00
2013.11.15 16:49:42.814,1.00227,1.00231,1.38,1.18
2013.11.15 16:49:44.696,1.00226,1.0023,1.48,2.33
2013.11.15 16:49:45.244,1.00226,1.0023,1.48,2.33
2013.11.15 16:49:47.664,1.00226,1.0023,1.48,2.33
2013.11.15 16:49:48.554,1.00226,1.0023,1.48,2.70
2013.11.15 16:49:53.506,1.00226,1.0023,1.20,2.70
2013.11.15 16:49:54.144,1.00226,1.0023,1.48,2.70
2013.11.15 16:50:03.708,1.00228,1.0023,1.00,1.10
2013.11.15 16:50:04.246,1.00227,1.00231,4.65,1.00
2013.11.15 16:50:04.784,1.00228,1.00231,1.20,1.00
2013.11.15 16:50:05.359,1.00229,1.00232,1.00,2.55
2013.11.15 16:50:05.914,1.00228,1.00232,1.20,4.05
2013.11.15 16:50:07.351,1.00229,1.00232,2.33,3.98
2013.11.15 16:50:08.554,1.0023,1.00233,1.28,1.13
2013.11.15 16:50:09.094,1.0023,1.00234,2.78,1.13
2013.11.15 16:50:12.794,1.00231,1.00235,1.10,3.30
2013.11.15 16:50:13.298,1.0023,1.00234,2.78,1.00
2013.11.15 16:50:21.375,1.00231,1.00235,1.10,2.93
2013.11.15 16:50:21.734,1.00232,1.00236,2.03,1.60
2013.11.15 16:50:22.655,1.00235,1.0024,7.20,2.18
2013.11.15 16:50:22.956,1.00239,1.00242,1.00,4.05
2013.11.15 16:50:23.198,1.00239,1.00243,1.50,2.03
2013.11.15 16:50:23.744,1.0024,1.00244,1.00,3.45
2013.11.15 16:50:24.546,1.00241,1.00245,1.00,2.40
2013.11.15 16:50:26.804,1.00241,1.00245,1.00,3.75
2013.11.15 16:50:27.234,1.00241,1.00245,1.00,3.75
2013.11.15 16:50:29.434,1.00238,1.00242,10.58,1.50
2013.11.15 16:50:29.974,1.00236,1.0024,3.45,2.25
2013.11.15 16:50:30.490,1.00237,1.0024,1.55,1.50
2013.11.15 16:50:31.455,1.00237,1.0024,1.55,1.50
2013.11.15 16:50:31.998,1.00236,1.0024,3.45,2.25
2013.11.15 16:50:32.666,1.00237,1.00241,1.55,1.50
2013.11.15 16:50:33.209,1.00238,1.00241,2.70,1.73
2013.11.15 16:50:35.754,1.00238,1.00241,2.70,1.73
2013.11.15 16:50:39.164,1.00239,1.00242,2.25,1.13
2013.11.15 16:50:39.524,1.00242,1.00246,3.45,1.20
2013.11.15 16:50:41.964,1.00242,1.00246,1.48,1.95
2013.11.15 16:50:51.204,1.00242,1.00246,1.95,1.48
2013.11.15 16:50:52.514,1.00242,1.00246,1.95,1.10
2013.11.15 16:51:00.004,1.00244,1.00247,1.48,1.35
2013.11.15 16:51:06.104,1.00244,1.00245,1.10,2.10
2013.11.15 16:51:10.454,1.00242,1.00244,2.63,1.00
2013.11.15 16:51:10.814,1.00244,1.00248,1.28,2.70
2013.11.15 16:51:11.355,1.00244,1.00248,4.20,1.38
2013.11.15 16:51:13.494,1.00247,1.00251,2.25,1.18
2013.11.15 16:51:13.737,1.00249,1.00252,2.33,2.63
2013.11.15 16:51:13.855,1.00247,1.0025,2.70,1.00
2013.11.15 16:51:14.394,1.00246,1.0025,3.45,1.00
2013.11.15 16:51:20.094,1.00246,1.00249,2.33,1.00
2013.11.15 16:51:23.305,1.00246,1.0025,3.45,2.63
2013.11.15 16:51:23.670,1.00244,1.00247,1.00,2.10
2013.11.15 16:51:23.734,1.00243,1.00247,4.20,1.50
2013.11.15 16:51:25.099,1.00243,1.00246,3.45,1.00
2013.11.15 16:51:26.115,1.00242,1.00245,4.20,1.00
2013.11.15 16:51:26.474,1.00239,1.00242,2.70,1.50
2013.11.15 16:51:29.425,1.0024,1.00243,1.55,1.50
2013.11.15 16:51:31.124,1.0024,1.00243,1.18,2.25
2013.11.15 16:51:33.756,1.00239,1.00242,1.50,1.58
2013.11.15 16:51:33.816,1.00238,1.0024,1.10,3.23
2013.11.15 16:51:34.296,1.00236,1.00239,1.58,2.85
2013.11.15 16:51:35.695,1.00236,1.00239,3.00,1.13
2013.11.15 16:51:35.815,1.00236,1.0024,4.20,1.13
2013.11.15 16:51:36.355,1.00237,1.00241,1.28,1.50
2013.11.15 16:51:39.174,1.00238,1.00242,1.10,4.80
2013.11.15 16:51:40.291,1.00238,1.00242,1.10,4.05
2013.11.15 16:51:40.835,1.00239,1.00242,2.03,3.60
2013.11.15 16:51:41.344,1.0024,1.00244,1.48,1.20
2013.11.15 16:51:43.043,1.0024,1.00244,1.20,1.48
2013.11.15 16:51:47.074,1.00241,1.00245,1.00,2.63
2013.11.15 16:51:50.024,1.0024,1.00245,1.95,1.88
2013.11.15 16:51:52.674,1.00241,1.00244,1.13,1.20
2013.11.15 16:51:52.795,1.00239,1.00241,1.13,2.48
2013.11.15 16:51:53.284,1.00241,1.00243,1.00,1.18
2013.11.15 16:52:11.869,1.0024,1.00243,1.58,1.73
2013.11.15 16:52:12.424,1.00241,1.00243,1.00,1.00
2013.11.15 16:52:14.054,1.00241,1.00243,1.00,1.13
2013.11.15 16:52:16.574,1.0024,1.00243,1.10,1.38
2013.11.15 16:52:29.774,1.0024,1.00244,1.28,1.88
2013.11.15 16:52:30.295,1.00242,1.00244,1.00,1.38
2013.11.15 16:52:30.904,1.00242,1.00244,1.00,1.13
2013.11.15 16:52:31.085,1.00243,1.00245,1.48,1.00
2013.11.15 16:52:31.265,1.00243,1.00247,3.45,1.13
2013.11.15 16:52:32.025,1.00246,1.0025,1.00,1.65
2013.11.15 16:52:32.533,1.00246,1.0025,1.13,1.65
2013.11.15 16:52:32.896,1.00246,1.0025,1.38,1.28
2013.11.15 16:52:33.415,1.00246,1.0025,1.55,1.13
2013.11.15 16:52:37.194,1.00245,1.00249,3.45,1.00
2013.11.15 16:52:37.734,1.00246,1.0025,1.55,1.13
2013.11.15 16:52:39.175,1.00247,1.00251,1.20,2.70
2013.11.15 16:52:39.725,1.00246,1.0025,1.55,1.00
2013.11.15 16:52:40.394,1.00247,1.00251,1.20,3.30
2013.11.15 16:52:40.694,1.00248,1.00251,2.33,2.48
2013.11.15 16:52:46.736,1.00248,1.00251,2.25,1.38
2013.11.15 16:52:52.985,1.00248,1.00251,2.33,2.63
2013.11.15 16:52:53.654,1.00248,1.00251,2.25,2.63
2013.11.15 16:53:00.284,1.00247,1.00251,1.10,1.95
2013.11.15 16:53:00.906,1.00247,1.00251,1.10,1.20
2013.11.15 16:53:01.415,1.00247,1.00251,1.10,1.48
2013.11.15 16:53:08.514,1.00245,1.00248,3.75,2.80
2013.11.15 16:53:08.960,1.0024,1.00244,1.58,3.83
2013.11.15 16:53:09.041,1.00238,1.00241,2.70,1.00
2013.11.15 16:53:09.585,1.00237,1.00241,2.33,1.10
2013.11.15 16:53:17.559,1.00238,1.00242,1.55,2.63
2013.11.15 16:53:18.696,1.00239,1.00242,1.13,4.20
2013.11.15 16:53:33.004,1.00239,1.00241,1.00,1.10
2013.11.15 16:53:33.187,1.00238,1.00242,2.78,1.13
2013.11.15 16:53:33.745,1.00237,1.00241,1.95,1.10
2013.11.15 16:53:37.074,1.00238,1.00241,1.13,1.20
2013.11.15 16:53:40.044,1.00238,1.00241,1.38,1.10
2013.11.15 16:53:44.655,1.00239,1.00241,1.58,1.00
2013.11.15 16:53:45.039,1.00242,1.00244,1.20,1.48
2013.11.15 16:53:45.113,1.00245,1.00249,2.03,1.00
2013.11.15 16:53:45.665,1.00246,1.0025,1.10,1.58
2013.11.15 16:53:48.335,1.00246,1.0025,1.20,5.55
2013.11.15 16:53:48.575,1.00245,1.00249,1.00,2.78
2013.11.15 16:53:51.194,1.00244,1.00248,1.10,2.33
2013.11.15 16:53:51.554,1.00243,1.00246,1.10,1.38
2013.11.15 16:53:51.974,1.00243,1.00247,1.95,1.20
2013.11.15 16:53:53.371,1.00243,1.00247,1.95,1.80
2013.11.15 16:53:53.555,1.00243,1.00246,1.00,1.13
2013.11.15 16:53:53.675,1.0024,1.00243,1.00,2.33
2013.11.15 16:53:54.186,1.00238,1.00242,1.55,1.88
2013.11.15 16:54:05.384,1.00238,1.00242,3.15,1.00
2013.11.15 16:54:05.925,1.00238,1.00242,1.55,1.88
2013.11.15 16:54:09.474,1.00238,1.00242,3.45,2.63
2013.11.15 16:54:10.208,1.00239,1.00242,2.70,2.63
2013.11.15 16:54:13.041,1.00239,1.00242,1.28,1.13
2013.11.15 16:54:13.405,1.00237,1.0024,2.70,1.00
2013.11.15 16:54:17.075,1.00237,1.00241,1.48,7.43
2013.11.15 16:54:17.876,1.00235,1.00241,2.70,5.93
2013.11.15 16:54:37.515,1.00237,1.00241,1.95,1.10
2013.11.15 16:54:38.964,1.00236,1.0024,3.53,1.00
2013.11.15 16:54:40.265,1.00236,1.00238,1.28,2.10
2013.11.15 16:54:40.625,1.0023,1.00233,1.50,2.55
2013.11.15 16:54:41.148,1.00229,1.00231,2.33,2.85
2013.11.15 16:54:41.685,1.00227,1.00231,3.45,1.50
2013.11.15 16:54:45.755,1.00227,1.00231,4.95,1.00
2013.11.15 16:54:46.259,1.00227,1.00231,3.45,1.00
2013.11.15 16:55:00.916,1.00227,1.00231,1.58,1.85
2013.11.15 16:55:01.217,1.00218,1.00222,2.70,2.13
2013.11.15 16:55:02.114,1.00217,1.00221,1.65,1.00
2013.11.15 16:55:05.668,1.00216,1.0022,4.95,1.00
2013.11.15 16:55:06.025,1.00218,1.00221,2.70,1.13
2013.11.15 16:55:06.565,1.00217,1.0022,2.70,1.73
2013.11.15 16:55:06.625,1.00216,1.0022,2.40,1.73
2013.11.15 16:55:07.171,1.00215,1.00219,4.58,1.00
2013.11.15 16:55:10.705,1.00216,1.0022,1.55,1.35
2013.11.15 16:55:12.155,1.00215,1.00219,5.33,1.00
2013.11.15 16:55:13.267,1.00215,1.00219,1.58,1.10
2013.11.15 16:55:14.936,1.00215,1.00218,1.48,2.10
2013.11.15 16:55:15.475,1.00215,1.00219,1.58,1.10
2013.11.15 16:55:16.017,1.00215,1.00219,1.58,1.10
2013.11.15 16:55:17.166,1.00215,1.00219,1.20,1.10
2013.11.15 16:55:17.719,1.00215,1.00219,1.48,1.20
2013.11.15 16:55:18.398,1.00215,1.00219,3.45,1.13
2013.11.15 16:55:22.025,1.00215,1.00218,3.08,1.00
2013.11.15 16:55:22.838,1.00215,1.00218,2.25,4.73
2013.11.15 16:55:24.335,1.00213,1.00217,4.20,1.13
2013.11.15 16:55:27.065,1.00214,1.00218,3.15,1.00
2013.11.15 16:55:34.558,1.00217,1.00219,4.88,1.10
2013.11.15 16:55:34.631,1.00219,1.0022,2.63,1.00
2013.11.15 16:55:34.698,1.00221,1.00225,2.30,1.75
2013.11.15 16:55:34.819,1.00222,1.00225,2.70,1.13
2013.11.15 16:55:35.115,1.00224,1.00228,1.00,4.20
2013.11.15 16:55:37.363,1.00224,1.00228,1.10,1.95
2013.11.15 16:55:37.426,1.00222,1.00226,4.20,1.88
2013.11.15 16:55:38.305,1.00222,1.00225,1.20,1.00
2013.11.15 16:55:39.570,1.00222,1.00226,1.10,5.18
2013.11.15 16:55:39.755,1.00218,1.00221,2.25,1.20
2013.11.15 16:55:41.125,1.00218,1.00222,1.50,2.03
2013.11.15 16:55:42.394,1.00217,1.00221,1.95,1.58
2013.11.15 16:55:42.986,1.00217,1.0022,2.25,1.18
2013.11.15 16:55:44.462,1.00217,1.00221,2.25,3.83
2013.11.15 16:55:45.138,1.00217,1.0022,2.25,1.18
2013.11.15 16:55:52.854,1.00217,1.0022,1.58,1.58
2013.11.15 16:55:52.975,1.00217,1.0022,1.00,1.58
2013.11.15 16:55:53.095,1.00215,1.00218,2.33,1.00
2013.11.15 16:56:00.286,1.00215,1.00218,3.45,1.50
2013.11.15 16:56:09.418,1.00217,1.00219,1.00,1.13
2013.11.15 16:56:09.658,1.00218,1.0022,1.00,2.25
2013.11.15 16:56:10.137,1.00218,1.00221,3.45,1.13
2013.11.15 16:56:10.675,1.00218,1.00222,2.78,1.50
2013.11.15 16:56:11.233,1.00217,1.0022,3.83,1.13
2013.11.15 16:56:13.345,1.00218,1.00221,2.03,1.00
2013.11.15 16:56:13.705,1.00217,1.00221,4.95,1.38
2013.11.15 16:56:13.887,1.00217,1.00219,1.10,1.50
2013.11.15 16:56:23.555,1.00215,1.00218,1.20,1.13
2013.11.15 16:56:27.135,1.00215,1.00218,3.45,1.13
2013.11.15 16:56:35.425,1.00215,1.00218,1.28,1.13
2013.11.15 16:56:35.965,1.00215,1.00218,1.20,1.00
2013.11.15 16:56:40.645,1.00216,1.0022,1.00,2.40
2013.11.15 16:56:48.525,1.00215,1.00218,1.95,1.73
2013.11.15 16:56:49.065,1.00214,1.00218,1.18,2.63
2013.11.15 16:56:51.155,1.00214,1.00218,1.10,2.63
2013.11.15 16:56:51.396,1.00211,1.00215,1.00,2.10
2013.11.15 16:56:51.756,1.00211,1.00215,1.13,1.65
2013.11.15 16:56:52.339,1.00211,1.00215,1.38,1.65
2013.11.15 16:56:53.336,1.00211,1.00213,1.88,1.00
2013.11.15 16:56:53.399,1.00209,1.00212,1.00,3.45
2013.11.15 16:56:53.581,1.00207,1.00211,2.25,1.18
2013.11.15 16:56:58.306,1.00206,1.00209,3.75,2.33
2013.11.15 16:56:58.845,1.00205,1.00209,1.00,3.83
2013.11.15 16:56:59.566,1.00204,1.00207,1.50,1.10
2013.11.15 16:57:00.068,1.00203,1.00207,1.10,1.10
2013.11.15 16:57:01.316,1.00203,1.00207,1.48,1.10
2013.11.15 16:57:01.856,1.00203,1.00207,1.10,1.10
2013.11.15 16:57:18.915,1.00203,1.00207,1.18,1.00
2013.11.15 16:57:25.545,1.00202,1.00205,3.45,1.00
2013.11.15 16:57:25.665,1.00201,1.00205,1.95,1.95
2013.11.15 16:57:26.206,1.002,1.00204,1.18,1.88
2013.11.15 16:57:26.385,1.00198,1.00202,1.18,1.00
2013.11.15 16:57:26.506,1.00197,1.00201,3.00,1.65
2013.11.15 16:57:26.625,1.00196,1.002,1.58,1.95
2013.11.15 16:57:26.685,1.00195,1.00199,2.70,1.08
2013.11.15 16:57:27.045,1.00194,1.00196,1.00,1.50
2013.11.15 16:57:27.585,1.00193,1.00197,1.48,1.10
2013.11.15 16:57:27.945,1.00192,1.00196,1.28,1.00
2013.11.15 16:57:28.185,1.00191,1.00192,1.10,1.13
2013.11.15 16:57:28.245,1.00189,1.00191,1.00,1.10
2013.11.15 16:57:28.365,1.00188,1.0019,1.00,1.18
2013.11.15 16:57:28.726,1.00187,1.00191,1.48,2.33
2013.11.15 16:57:28.846,1.00186,1.0019,1.28,1.38
2013.11.15 16:57:29.205,1.00185,1.00189,3.00,2.85
2013.11.15 16:57:29.745,1.00185,1.00189,3.45,3.75
2013.11.15 16:57:30.285,1.00186,1.00189,1.10,1.58
2013.11.15 16:57:30.586,1.00188,1.00191,1.38,2.03
2013.11.15 16:57:30.705,1.0019,1.00192,1.50,1.13
2013.11.15 16:57:30.826,1.00191,1.00195,1.20,1.58
2013.11.15 16:57:30.886,1.00193,1.00195,1.00,1.10
2013.11.15 16:57:31.487,1.00195,1.00197,1.00,1.00
2013.11.15 16:57:31.548,1.00195,1.00197,3.68,1.00
2013.11.15 16:57:31.727,1.00196,1.002,1.10,1.58
2013.11.15 16:57:32.266,1.00196,1.002,1.13,3.83
2013.11.15 16:57:36.375,1.00195,1.00198,1.00,1.10
2013.11.15 16:57:38.796,1.00195,1.00199,1.00,2.78
2013.11.15 16:57:40.135,1.00195,1.00199,1.00,2.78
2013.11.15 16:57:40.830,1.00195,1.00199,1.28,1.50
2013.11.15 16:57:42.926,1.00195,1.00199,1.20,1.58
2013.11.15 16:57:45.315,1.00196,1.002,1.00,3.83
2013.11.15 16:57:47.775,1.00196,1.00199,1.20,1.00
2013.11.15 16:57:51.051,1.00197,1.00201,1.13,2.40
2013.11.15 16:57:54.215,1.00197,1.00201,1.18,3.00
2013.11.15 16:58:01.096,1.00197,1.00201,1.65,2.25
2013.11.15 16:58:01.277,1.00198,1.00201,3.45,1.13
2013.11.15 16:58:04.375,1.00198,1.00202,5.55,1.50
2013.11.15 16:58:06.995,1.00198,1.00202,5.55,2.25
2013.11.15 16:58:07.175,1.00198,1.00201,2.55,1.00
2013.11.15 16:58:07.715,1.00196,1.002,3.45,1.50
2013.11.15 16:58:12.115,1.00196,1.002,3.45,1.13
2013.11.15 16:58:12.298,1.00195,1.00199,1.18,1.75
2013.11.15 16:58:12.416,1.00193,1.00197,1.20,1.48
2013.11.15 16:58:12.476,1.00193,1.00197,3.45,1.38
2013.11.15 16:58:13.595,1.00193,1.00197,3.45,1.13
2013.11.15 16:58:13.835,1.00195,1.00199,3.68,1.20
2013.11.15 16:58:13.895,1.00196,1.00199,2.33,1.13
2013.11.15 16:58:15.765,1.00196,1.002,3.45,1.88
2013.11.15 16:58:18.045,1.00197,1.00201,1.55,2.63
2013.11.15 16:58:18.601,1.00197,1.00201,1.55,2.63
2013.11.15 16:58:24.865,1.00197,1.00199,1.10,1.00
2013.11.15 16:58:25.105,1.00197,1.00201,1.55,3.38
2013.11.15 16:58:25.655,1.00197,1.00201,1.55,2.63
2013.11.15 16:58:29.775,1.00197,1.00201,1.18,2.63
2013.11.15 16:58:39.575,1.00197,1.00201,1.48,1.58
2013.11.15 16:58:45.168,1.00197,1.00201,1.48,2.70
2013.11.15 16:58:45.226,1.00197,1.00199,1.10,1.00
2013.11.15 16:58:46.037,1.00197,1.00201,1.48,2.70
2013.11.15 16:58:46.583,1.00197,1.00201,1.48,1.95
2013.11.15 16:58:47.646,1.00197,1.00201,2.33,1.58
2013.11.15 16:58:48.159,1.00198,1.00202,1.38,1.10
2013.11.15 16:58:48.695,1.00198,1.00203,3.45,1.13
2013.11.15 16:58:49.015,1.00198,1.002,2.25,1.00
2013.11.15 16:58:49.256,1.00197,1.002,2.18,1.13
2013.11.15 16:58:49.316,1.00195,1.002,1.18,2.70
2013.11.15 16:58:49.377,1.00196,1.002,2.70,1.50
2013.11.15 16:58:49.915,1.00197,1.00201,1.55,1.50
2013.11.15 16:58:51.108,1.00198,1.00201,1.48,1.00
2013.11.15 16:58:56.903,1.00198,1.00201,1.48,1.38
2013.11.15 16:59:00.375,1.00198,1.00201,3.45,1.00
2013.11.15 16:59:00.965,1.00198,1.00201,3.45,1.00
2013.11.15 16:59:02.895,1.00197,1.00201,1.55,1.50
2013.11.15 16:59:04.465,1.00197,1.00201,1.55,2.63
2013.11.15 16:59:05.005,1.00198,1.00201,1.48,1.00
2013.11.15 16:59:05.895,1.00198,1.002,1.48,1.50
2013.11.15 16:59:06.437,1.00196,1.002,3.45,4.35
2013.11.15 16:59:07.075,1.00196,1.002,3.45,1.50
2013.11.15 16:59:07.435,1.00198,1.00202,2.55,1.58
2013.11.15 16:59:07.615,1.00199,1.00203,1.38,1.20
2013.11.15 16:59:08.155,1.00198,1.00202,1.80,1.20
2013.11.15 16:59:09.515,1.00198,1.00203,1.48,1.10
2013.11.15 16:59:10.036,1.00198,1.00202,1.48,1.20
2013.11.15 16:59:11.995,1.00198,1.00202,1.10,1.48
2013.11.15 16:59:12.236,1.00198,1.00201,1.48,1.38
2013.11.15 16:59:12.296,1.00196,1.002,3.45,1.00
2013.11.15 16:59:12.535,1.00194,1.00198,3.45,1.13
2013.11.15 16:59:13.089,1.00194,1.00198,3.45,1.13
2013.11.15 16:59:14.355,1.00194,1.00198,3.45,1.00
2013.11.15 16:59:16.415,1.00194,1.00198,1.48,1.20
2013.11.15 16:59:16.976,1.00194,1.00196,1.05,1.00
2013.11.15 16:59:17.095,1.00195,1.00197,1.38,1.00
2013.11.15 16:59:17.395,1.00193,1.00197,4.28,1.38
2013.11.15 16:59:19.655,1.00194,1.00197,1.20,1.13
2013.11.15 16:59:19.895,1.00194,1.00196,1.10,1.38
2013.11.15 16:59:21.469,1.00193,1.00195,1.00,1.13
2013.11.15 16:59:22.006,1.00193,1.00195,1.18,1.13
2013.11.15 16:59:22.308,1.00189,1.00193,5.78,1.38
2013.11.15 16:59:22.425,1.00188,1.00192,8.70,2.95
2013.11.15 16:59:22.665,1.00186,1.00189,23.03,1.50
2013.11.15 16:59:23.176,1.00186,1.00188,22.65,1.13
2013.11.15 16:59:23.715,1.00185,1.00189,2.78,1.50
2013.11.15 16:59:24.625,1.00185,1.00189,2.78,1.13
2013.11.15 16:59:25.185,1.00185,1.00189,2.78,1.38
2013.11.15 16:59:27.105,1.00185,1.00188,1.88,1.20
2013.11.15 16:59:27.638,1.00183,1.00187,2.03,1.88
2013.11.15 16:59:27.995,1.00178,1.00184,1.50,1.00
2013.11.15 16:59:28.055,1.00175,1.00179,2.40,1.00
2013.11.15 16:59:28.116,1.00175,1.00179,4.28,1.00
2013.11.15 16:59:28.496,1.00177,1.00179,1.13,1.00
2013.11.15 16:59:29.035,1.00176,1.00179,2.33,1.00
2013.11.15 16:59:30.735,1.00176,1.0018,2.70,1.50
2013.11.15 16:59:31.276,1.00176,1.00181,6.68,1.50
2013.11.15 16:59:32.135,1.00177,1.00181,1.65,1.00
2013.11.15 16:59:33.605,1.00178,1.00181,1.20,1.13
2013.11.15 16:59:34.365,1.00176,1.0018,1.58,1.48
2013.11.15 16:59:34.485,1.00176,1.0018,2.93,1.10
2013.11.15 16:59:37.885,1.00178,1.0018,2.85,1.10
2013.11.15 16:59:38.425,1.00178,1.00182,2.78,1.38
2013.11.15 16:59:42.495,1.00178,1.0018,1.28,1.00
2013.11.15 16:59:42.563,1.00175,1.00179,5.70,1.00
2013.11.15 16:59:43.105,1.00176,1.0018,3.00,2.25
2013.11.15 16:59:43.286,1.00176,1.0018,1.13,2.03
2013.11.15 16:59:43.405,1.00175,1.00177,1.95,1.00
2013.11.15 16:59:43.526,1.00174,1.00177,2.70,1.20
2013.11.15 16:59:43.586,1.00174,1.00175,1.00,1.13
2013.11.15 16:59:43.765,1.0017,1.00171,1.50,1.80
2013.11.15 16:59:43.826,1.00166,1.00169,2.25,1.00
2013.11.15 16:59:44.006,1.00167,1.00171,2.70,1.38
2013.11.15 16:59:44.546,1.00166,1.0017,3.38,1.00
2013.11.15 16:59:45.455,1.00167,1.00171,1.48,1.95
2013.11.15 16:59:46.587,1.00168,1.00172,2.25,1.13
2013.11.15 16:59:46.891,1.00172,1.00176,1.00,1.38
2013.11.15 16:59:47.136,1.00174,1.00177,1.38,1.48
2013.11.15 16:59:47.685,1.00174,1.00178,1.38,1.18
2013.11.15 16:59:47.805,1.00174,1.00178,1.55,1.13
2013.11.15 16:59:49.195,1.00175,1.00177,1.48,1.00
2013.11.15 16:59:49.319,1.00173,1.00177,3.30,1.95
2013.11.15 16:59:49.855,1.00174,1.00177,1.28,2.25
2013.11.15 16:59:50.395,1.00174,1.00177,1.55,1.13
2013.11.15 16:59:50.935,1.00175,1.00178,1.95,1.13
2013.11.15 16:59:51.457,1.00175,1.00178,1.95,1.13
2013.11.15 16:59:51.985,1.00175,1.00178,1.95,1.38
2013.11.15 16:59:52.525,1.00175,1.00177,1.58,1.00
2013.11.15 16:59:56.687,1.00175,1.00178,1.10,2.25
2013.11.15 16:59:57.967,1.00174,1.00178,1.55,2.25
2013.11.15 16:59:58.866,1.00174,1.00178,1.55,1.50
2013.11.15 16:59:59.411,1.00174,1.00178,1.55,1.50
