2013.09.18 06:00:00.150,0.99217,0.9922,1.00,1.00
2013.09.18 06:00:00.390,0.99215,0.9922,1.13,1.88
2013.09.18 06:00:00.930,0.99214,0.9922,6.38,2.63
2013.09.18 06:00:01.479,0.99215,0.9922,3.23,2.63
2013.09.18 06:00:02.020,0.99216,0.9922,1.50,1.88
2013.09.18 06:00:02.686,0.99216,0.9922,1.13,1.88
2013.09.18 06:00:03.220,0.99216,0.9922,2.63,1.38
2013.09.18 06:00:03.763,0.99216,0.99219,1.13,1.38
2013.09.18 06:00:14.330,0.99215,0.99219,1.88,1.00
2013.09.18 06:00:14.879,0.99215,0.9922,1.88,2.63
2013.09.18 06:00:15.414,0.99215,0.99219,4.73,3.63
2013.09.18 06:00:15.999,0.99215,0.9922,4.73,1.88
2013.09.18 06:00:16.747,0.99216,0.9922,1.00,1.88
2013.09.18 06:00:17.049,0.99216,0.9922,1.50,1.38
2013.09.18 06:00:17.561,0.99216,0.9922,2.25,1.38
2013.09.18 06:00:20.200,0.99219,0.9922,1.00,1.00
2013.09.18 06:00:20.320,0.99219,0.99222,3.00,1.00
2013.09.18 06:00:20.861,0.9922,0.99221,1.00,1.00
2013.09.18 06:00:20.920,0.99219,0.99224,1.13,2.25
2013.09.18 06:00:21.440,0.9922,0.99222,1.00,1.00
2013.09.18 06:00:24.139,0.99218,0.99221,2.82,1.13
2013.09.18 06:00:29.589,0.99218,0.99221,1.63,1.00
2013.09.18 06:00:30.129,0.99216,0.99222,3.75,5.82
2013.09.18 06:00:30.189,0.99218,0.99222,1.38,3.38
2013.09.18 06:00:30.540,0.99219,0.99222,1.13,1.88
2013.09.18 06:00:32.810,0.9922,0.99224,3.60,2.25
2013.09.18 06:00:32.869,0.99221,0.99224,1.13,2.25
2013.09.18 06:00:32.990,0.9922,0.99224,3.60,2.63
2013.09.18 06:00:33.169,0.99221,0.99225,1.13,1.88
2013.09.18 06:00:33.229,0.9922,0.99224,3.98,1.50
2013.09.18 06:00:34.180,0.9922,0.99224,4.73,1.88
2013.09.18 06:00:35.059,0.99221,0.99225,1.13,3.75
2013.09.18 06:00:37.240,0.99221,0.99225,2.25,1.38
2013.09.18 06:00:37.300,0.99221,0.99222,1.88,1.13
2013.09.18 06:00:37.540,0.99218,0.99222,1.80,2.25
2013.09.18 06:00:38.019,0.99218,0.9922,2.18,1.38
2013.09.18 06:00:39.450,0.9922,0.99222,1.50,2.25
2013.09.18 06:00:39.569,0.9922,0.99223,1.69,1.13
2013.09.18 06:00:40.145,0.99222,0.99223,1.80,1.13
2013.09.18 06:00:44.260,0.99221,0.99224,2.63,1.38
2013.09.18 06:00:47.129,0.99222,0.99226,1.00,2.63
2013.09.18 06:00:47.680,0.9922,0.99224,3.57,1.13
2013.09.18 06:00:48.243,0.9922,0.99224,3.38,1.13
2013.09.18 06:00:50.131,0.9922,0.99224,3.00,1.38
2013.09.18 06:00:50.831,0.9922,0.99224,2.25,1.38
2013.09.18 06:00:51.210,0.9922,0.99223,1.13,1.38
2013.09.18 06:00:51.950,0.99218,0.99222,2.59,1.38
2013.09.18 06:01:05.170,0.99218,0.99222,1.75,1.00
2013.09.18 06:01:05.290,0.99221,0.99226,1.75,2.63
2013.09.18 06:01:05.350,0.99221,0.99226,1.75,3.38
2013.09.18 06:01:05.410,0.99221,0.99226,1.00,3.75
2013.09.18 06:01:07.000,0.9922,0.99224,2.63,1.38
2013.09.18 06:01:11.322,0.9922,0.99223,1.00,1.50
2013.09.18 06:01:11.681,0.99217,0.9922,1.00,4.95
2013.09.18 06:01:11.800,0.99215,0.9922,3.98,1.38
2013.09.18 06:01:11.980,0.99217,0.9922,1.00,1.50
2013.09.18 06:01:12.342,0.99216,0.9922,1.13,1.38
2013.09.18 06:01:13.142,0.99217,0.9922,1.00,1.00
2013.09.18 06:01:14.090,0.99217,0.99221,1.88,4.13
2013.09.18 06:01:14.600,0.99217,0.99221,2.25,4.13
2013.09.18 06:01:14.720,0.99217,0.9922,1.00,1.38
2013.09.18 06:01:14.960,0.99217,0.99222,2.10,2.63
2013.09.18 06:01:16.821,0.99217,0.99222,2.29,1.80
2013.09.18 06:01:17.359,0.99219,0.99222,1.00,1.80
2013.09.18 06:01:17.539,0.99217,0.99222,1.25,1.80
2013.09.18 06:01:20.449,0.99218,0.99222,2.48,2.25
2013.09.18 06:01:20.570,0.9922,0.99222,1.38,2.63
2013.09.18 06:01:20.750,0.99221,0.99224,1.00,3.38
2013.09.18 06:01:21.959,0.9922,0.99224,1.75,1.13
2013.09.18 06:01:22.140,0.9922,0.99225,1.75,2.25
2013.09.18 06:01:22.259,0.9922,0.99225,1.50,3.38
2013.09.18 06:01:22.380,0.9922,0.99224,1.13,1.88
2013.09.18 06:01:22.761,0.99218,0.99223,1.25,1.88
2013.09.18 06:01:23.688,0.99217,0.99223,3.19,1.88
2013.09.18 06:01:29.270,0.99218,0.99223,1.32,1.88
2013.09.18 06:01:29.533,0.99218,0.99223,1.38,1.88
2013.09.18 06:01:29.840,0.99216,0.99221,2.74,1.38
2013.09.18 06:01:30.920,0.99217,0.99221,1.25,1.88
2013.09.18 06:01:31.288,0.99217,0.99221,1.63,1.50
2013.09.18 06:01:36.429,0.99217,0.99221,1.63,1.88
2013.09.18 06:01:39.330,0.99218,0.99221,1.50,1.88
2013.09.18 06:01:39.569,0.99219,0.99224,1.50,1.88
2013.09.18 06:01:40.091,0.99222,0.99225,1.00,3.19
2013.09.18 06:01:40.614,0.99221,0.99224,1.13,1.38
2013.09.18 06:01:41.492,0.99221,0.99224,1.00,1.50
2013.09.18 06:01:41.730,0.99222,0.99224,1.13,1.00
2013.09.18 06:01:42.930,0.99219,0.99224,2.25,2.63
2013.09.18 06:01:43.480,0.99219,0.99224,1.88,2.63
2013.09.18 06:01:46.019,0.99219,0.99224,2.25,1.88
2013.09.18 06:01:54.122,0.99219,0.99224,1.88,1.88
2013.09.18 06:01:55.025,0.99219,0.99223,1.13,2.63
2013.09.18 06:01:55.091,0.99217,0.99222,2.33,1.00
2013.09.18 06:01:55.660,0.99218,0.99222,1.13,1.50
2013.09.18 06:01:56.200,0.99218,0.99222,1.38,1.13
2013.09.18 06:01:56.719,0.99218,0.99222,1.75,1.00
2013.09.18 06:01:57.210,0.99218,0.99222,1.13,1.38
2013.09.18 06:01:57.739,0.99218,0.99222,1.38,1.13
2013.09.18 06:01:57.860,0.99218,0.99222,1.00,1.38
2013.09.18 06:01:58.380,0.99218,0.99222,1.00,1.38
2013.09.18 06:01:58.440,0.99218,0.99222,1.38,1.13
2013.09.18 06:01:58.962,0.99218,0.99222,1.13,1.38
2013.09.18 06:02:00.271,0.99218,0.99222,1.00,1.38
2013.09.18 06:02:01.480,0.99218,0.99222,1.38,1.13
2013.09.18 06:02:01.839,0.99218,0.99222,1.00,1.38
2013.09.18 06:02:02.350,0.99217,0.99222,1.88,2.63
2013.09.18 06:02:02.994,0.99218,0.99222,1.13,1.38
2013.09.18 06:02:04.969,0.99217,0.99222,1.88,1.13
2013.09.18 06:02:05.676,0.99217,0.99222,1.88,1.13
2013.09.18 06:02:06.619,0.99218,0.99222,1.38,1.13
2013.09.18 06:02:08.210,0.99218,0.99222,1.13,1.38
2013.09.18 06:02:09.366,0.9922,0.99223,1.00,1.88
2013.09.18 06:02:09.610,0.99218,0.99221,1.00,1.38
2013.09.18 06:02:10.150,0.99218,0.99221,1.13,1.00
2013.09.18 06:02:12.100,0.99218,0.99221,1.00,1.38
2013.09.18 06:02:14.695,0.99217,0.99221,1.88,1.38
2013.09.18 06:02:15.730,0.99219,0.99221,1.13,1.38
2013.09.18 06:02:15.851,0.99217,0.99223,3.57,2.63
2013.09.18 06:02:16.151,0.99219,0.99223,1.50,1.00
2013.09.18 06:02:16.393,0.99219,0.99224,4.13,3.00
2013.09.18 06:02:16.629,0.9922,0.99224,1.50,2.63
2013.09.18 06:02:17.155,0.9922,0.99224,1.13,3.00
2013.09.18 06:02:18.250,0.99219,0.99223,1.13,1.38
2013.09.18 06:02:20.759,0.99218,0.99223,1.38,3.38
2013.09.18 06:02:21.261,0.99219,0.99222,1.50,1.50
2013.09.18 06:02:21.793,0.99219,0.99222,1.13,1.88
2013.09.18 06:02:22.329,0.99219,0.99223,1.50,2.63
2013.09.18 06:02:22.840,0.9922,0.99223,3.63,1.88
2013.09.18 06:02:23.019,0.99218,0.99223,2.25,1.88
2013.09.18 06:02:23.860,0.99218,0.99223,1.38,1.88
2013.09.18 06:02:24.381,0.99218,0.99222,1.50,1.50
2013.09.18 06:02:25.880,0.99218,0.99222,1.13,1.88
2013.09.18 06:02:26.419,0.99218,0.99222,1.38,1.88
2013.09.18 06:02:27.109,0.99217,0.99222,1.38,2.63
2013.09.18 06:02:27.531,0.99218,0.99222,1.75,2.25
2013.09.18 06:02:27.650,0.99218,0.99222,1.13,2.63
2013.09.18 06:02:28.209,0.99217,0.99222,1.38,4.50
2013.09.18 06:02:28.269,0.99217,0.99222,1.13,4.50
2013.09.18 06:02:28.691,0.99218,0.99222,1.38,4.50
2013.09.18 06:02:29.370,0.99218,0.99222,1.13,4.50
2013.09.18 06:02:29.769,0.99218,0.99222,1.75,4.50
2013.09.18 06:02:36.926,0.99216,0.99221,2.44,1.00
2013.09.18 06:02:38.200,0.99216,0.99221,2.07,1.00
2013.09.18 06:02:39.050,0.99218,0.99221,1.00,1.13
2013.09.18 06:02:40.719,0.99216,0.99221,2.44,1.00
2013.09.18 06:02:41.740,0.99218,0.99221,1.00,1.13
2013.09.18 06:02:44.100,0.99218,0.99222,1.88,3.38
2013.09.18 06:02:44.461,0.9922,0.99223,1.75,1.50
2013.09.18 06:02:45.119,0.9922,0.99223,1.50,1.88
2013.09.18 06:02:46.158,0.9922,0.99223,1.50,2.25
2013.09.18 06:02:46.341,0.99218,0.99223,1.13,3.00
2013.09.18 06:02:46.849,0.99218,0.99223,1.00,3.38
2013.09.18 06:02:47.089,0.99219,0.99223,1.00,2.63
2013.09.18 06:02:47.291,0.99219,0.99223,1.88,1.88
2013.09.18 06:02:47.886,0.99219,0.99223,2.25,1.88
2013.09.18 06:02:48.250,0.99221,0.99223,1.00,1.88
2013.09.18 06:02:50.440,0.9922,0.99224,3.25,1.38
2013.09.18 06:02:51.960,0.99219,0.99224,2.25,1.38
2013.09.18 06:02:55.660,0.99219,0.99223,1.80,1.13
2013.09.18 06:02:55.780,0.99218,0.99221,2.85,2.63
2013.09.18 06:02:55.900,0.99217,0.99221,3.57,3.00
2013.09.18 06:02:56.140,0.99217,0.9922,2.82,1.00
2013.09.18 06:03:00.836,0.99217,0.9922,5.25,1.50
2013.09.18 06:03:01.350,0.99217,0.9922,1.38,1.13
2013.09.18 06:03:01.650,0.99217,0.9922,1.50,1.75
2013.09.18 06:03:02.168,0.99217,0.99219,1.50,1.00
2013.09.18 06:03:02.500,0.99216,0.9922,2.25,1.75
2013.09.18 06:03:03.390,0.99217,0.99219,1.50,1.00
2013.09.18 06:03:05.609,0.99217,0.9922,1.50,1.75
2013.09.18 06:03:06.111,0.99216,0.9922,1.13,1.75
2013.09.18 06:03:09.466,0.99215,0.99218,1.88,1.00
2013.09.18 06:03:10.420,0.99213,0.99218,4.32,1.50
2013.09.18 06:03:18.360,0.99213,0.99219,3.57,2.25
2013.09.18 06:03:18.880,0.99216,0.99219,1.13,1.13
2013.09.18 06:03:19.419,0.99216,0.99221,1.50,2.25
2013.09.18 06:03:23.369,0.99216,0.9922,1.13,1.38
2013.09.18 06:03:23.900,0.99216,0.9922,1.00,1.38
2013.09.18 06:03:30.310,0.99215,0.99219,1.32,1.38
2013.09.18 06:03:36.591,0.99213,0.99217,2.07,1.00
2013.09.18 06:03:38.780,0.99212,0.99216,2.25,1.50
2013.09.18 06:03:38.900,0.99211,0.99215,7.32,1.38
2013.09.18 06:03:39.259,0.99209,0.99211,4.50,1.13
2013.09.18 06:03:40.180,0.99208,0.99211,4.50,1.88
2013.09.18 06:03:40.703,0.99207,0.99209,1.88,1.00
2013.09.18 06:03:41.610,0.99207,0.99209,1.00,1.38
2013.09.18 06:03:43.950,0.99207,0.9921,1.75,2.25
2013.09.18 06:03:44.131,0.99209,0.99212,1.50,1.88
2013.09.18 06:03:44.564,0.99208,0.99213,1.50,2.63
2013.09.18 06:03:44.633,0.99208,0.9921,1.13,1.00
2013.09.18 06:03:45.172,0.99207,0.99208,1.00,1.13
2013.09.18 06:03:46.210,0.9921,0.99211,1.00,1.00
2013.09.18 06:03:46.570,0.99207,0.9921,1.38,1.00
2013.09.18 06:03:46.870,0.99209,0.99211,2.63,1.00
2013.09.18 06:03:47.116,0.99207,0.9921,1.50,1.00
2013.09.18 06:03:47.630,0.99209,0.99213,2.25,3.38
2013.09.18 06:03:51.490,0.99207,0.99211,2.07,1.50
2013.09.18 06:03:52.510,0.99206,0.99209,1.50,1.00
2013.09.18 06:03:53.029,0.99206,0.99209,2.25,1.00
2013.09.18 06:03:53.390,0.99206,0.99211,1.50,1.88
2013.09.18 06:03:53.510,0.99206,0.99211,1.50,1.50
2013.09.18 06:03:54.116,0.99206,0.9921,2.25,1.00
2013.09.18 06:03:57.640,0.99207,0.99211,1.88,1.50
2013.09.18 06:04:00.758,0.99207,0.99211,1.88,1.00
2013.09.18 06:04:01.449,0.99208,0.99212,1.38,1.50
2013.09.18 06:04:03.591,0.99207,0.99211,1.00,1.38
2013.09.18 06:04:03.652,0.99206,0.9921,1.00,1.75
2013.09.18 06:04:26.220,0.99205,0.99209,1.50,1.50
2013.09.18 06:04:27.322,0.99205,0.99209,1.38,1.00
2013.09.18 06:04:27.750,0.99206,0.99209,1.50,1.13
2013.09.18 06:04:30.808,0.99206,0.9921,1.13,1.75
2013.09.18 06:04:32.190,0.99207,0.9921,1.00,1.38
2013.09.18 06:04:32.580,0.99209,0.99213,1.00,2.82
2013.09.18 06:04:32.703,0.99211,0.99213,2.63,1.00
2013.09.18 06:04:32.940,0.9921,0.99215,2.25,1.75
2013.09.18 06:04:33.060,0.99209,0.99214,1.88,2.25
2013.09.18 06:04:53.360,0.99207,0.99211,1.38,1.50
2013.09.18 06:04:53.920,0.99209,0.99213,1.00,1.38
2013.09.18 06:04:54.434,0.99209,0.99213,1.13,1.38
2013.09.18 06:04:55.482,0.99211,0.99213,1.00,1.00
2013.09.18 06:04:56.039,0.99211,0.99215,3.00,1.13
2013.09.18 06:04:59.580,0.99211,0.99216,3.75,1.50
2013.09.18 06:04:59.760,0.99211,0.99216,2.25,2.25
2013.09.18 06:05:00.576,0.99211,0.99215,2.63,1.50
2013.09.18 06:05:00.647,0.99211,0.99213,1.13,1.00
2013.09.18 06:05:00.771,0.99209,0.99212,1.13,1.38
2013.09.18 06:05:04.817,0.99209,0.99212,1.50,1.13
2013.09.18 06:05:05.120,0.9921,0.99215,1.50,3.57
2013.09.18 06:05:05.480,0.99212,0.99215,2.63,1.50
2013.09.18 06:05:06.118,0.99212,0.99217,2.63,1.38
2013.09.18 06:05:08.240,0.99212,0.99215,1.38,1.00
2013.09.18 06:05:10.013,0.99212,0.99216,1.38,1.50
2013.09.18 06:05:10.573,0.99212,0.99215,1.38,1.00
2013.09.18 06:05:14.282,0.99212,0.99215,1.88,1.13
2013.09.18 06:05:17.160,0.99212,0.99217,1.88,1.75
2013.09.18 06:05:21.527,0.99212,0.99215,2.63,1.00
2013.09.18 06:05:23.880,0.99212,0.99217,1.88,1.50
2013.09.18 06:05:24.390,0.99212,0.99217,1.88,1.75
2013.09.18 06:05:26.163,0.99212,0.99217,1.88,2.25
2013.09.18 06:05:26.291,0.99215,0.99218,2.25,1.50
2013.09.18 06:05:26.846,0.99215,0.99218,2.63,1.00
2013.09.18 06:05:27.820,0.99215,0.99218,1.13,1.50
2013.09.18 06:05:34.501,0.99214,0.9922,3.75,3.00
2013.09.18 06:05:35.060,0.99216,0.9922,1.38,1.88
2013.09.18 06:05:35.921,0.99216,0.99219,1.13,1.00
2013.09.18 06:05:36.462,0.99214,0.99218,1.38,1.00
2013.09.18 06:05:37.114,0.99214,0.99218,1.38,1.13
2013.09.18 06:05:39.190,0.99214,0.99218,1.38,1.00
2013.09.18 06:05:39.750,0.99215,0.99219,1.13,1.50
2013.09.18 06:05:40.110,0.99215,0.9922,2.63,1.32
2013.09.18 06:05:41.161,0.99215,0.99219,1.88,1.50
2013.09.18 06:05:43.247,0.99214,0.99218,1.38,1.50
2013.09.18 06:05:45.270,0.99214,0.99218,1.38,1.13
2013.09.18 06:05:51.611,0.99215,0.99218,1.88,1.00
2013.09.18 06:05:52.139,0.99215,0.99219,2.63,1.00
2013.09.18 06:05:52.773,0.99215,0.9922,2.63,1.13
2013.09.18 06:05:53.300,0.99214,0.99219,2.63,1.13
2013.09.18 06:05:53.810,0.99214,0.99219,2.63,1.50
2013.09.18 06:06:03.321,0.99214,0.99219,1.13,2.25
2013.09.18 06:06:05.103,0.99214,0.99219,1.00,1.88
2013.09.18 06:06:05.992,0.99214,0.99219,1.13,2.10
2013.09.18 06:06:27.306,0.99214,0.99219,1.88,1.50
2013.09.18 06:06:27.710,0.99214,0.9922,3.75,1.13
2013.09.18 06:06:27.910,0.99215,0.9922,1.13,1.38
2013.09.18 06:06:34.060,0.99215,0.9922,1.38,1.13
2013.09.18 06:06:40.331,0.99214,0.99218,1.63,1.00
2013.09.18 06:06:40.450,0.99212,0.99218,4.92,1.88
2013.09.18 06:06:41.861,0.99213,0.99217,1.63,1.50
2013.09.18 06:06:41.981,0.99212,0.99216,2.48,1.50
2013.09.18 06:06:42.660,0.99211,0.99215,3.79,2.88
2013.09.18 06:06:43.572,0.99212,0.99216,1.75,1.00
2013.09.18 06:06:44.851,0.99212,0.99218,2.63,2.63
2013.09.18 06:06:46.770,0.99212,0.99218,2.63,2.63
2013.09.18 06:06:50.142,0.99212,0.99216,1.00,1.38
2013.09.18 06:07:04.100,0.99213,0.99218,1.00,3.57
2013.09.18 06:07:04.161,0.99213,0.99218,1.50,3.57
2013.09.18 06:07:04.342,0.99215,0.99218,1.13,1.13
2013.09.18 06:07:04.926,0.99216,0.99219,1.13,1.88
2013.09.18 06:07:06.571,0.99215,0.9922,2.25,2.63
2013.09.18 06:07:06.631,0.99214,0.9922,4.88,3.38
2013.09.18 06:07:10.730,0.99215,0.9922,1.00,3.38
2013.09.18 06:07:11.203,0.99213,0.99218,2.25,1.63
2013.09.18 06:07:14.391,0.99213,0.99218,1.00,1.25
2013.09.18 06:07:14.571,0.99211,0.99214,1.13,8.63
2013.09.18 06:07:14.871,0.99206,0.99211,12.00,1.13
2013.09.18 06:07:15.179,0.99209,0.99211,1.00,1.13
2013.09.18 06:07:15.782,0.99207,0.99211,1.00,1.13
2013.09.18 06:07:16.410,0.99209,0.99211,1.00,2.63
2013.09.18 06:07:16.783,0.99209,0.99211,1.00,2.63
2013.09.18 06:07:16.893,0.99206,0.99211,1.88,3.00
2013.09.18 06:07:17.486,0.99206,0.9921,1.00,1.57
2013.09.18 06:07:17.885,0.99206,0.9921,1.00,1.57
2013.09.18 06:07:18.460,0.99206,0.9921,1.00,1.57
2013.09.18 06:07:19.036,0.99206,0.9921,1.00,2.07
2013.09.18 06:07:23.062,0.99207,0.99211,1.38,3.19
2013.09.18 06:07:24.491,0.99207,0.99212,1.38,1.38
2013.09.18 06:07:36.096,0.99209,0.99213,1.00,1.63
2013.09.18 06:07:36.678,0.99208,0.99212,1.13,1.38
2013.09.18 06:07:38.221,0.99209,0.99214,2.25,2.82
2013.09.18 06:07:41.883,0.9921,0.99214,1.00,1.38
2013.09.18 06:07:42.372,0.99211,0.99216,1.38,2.07
2013.09.18 06:07:42.731,0.99212,0.99217,1.63,1.13
2013.09.18 06:07:43.311,0.99212,0.99217,2.07,1.38
2013.09.18 06:07:49.761,0.99212,0.99217,2.07,1.13
2013.09.18 06:07:53.962,0.99214,0.99218,1.38,1.13
2013.09.18 06:07:57.180,0.99211,0.99216,1.00,1.75
2013.09.18 06:07:57.304,0.9921,0.99213,2.25,1.88
2013.09.18 06:07:57.421,0.99208,0.9921,1.50,1.38
2013.09.18 06:07:57.541,0.99206,0.9921,19.88,1.38
2013.09.18 06:07:57.601,0.99206,0.9921,19.50,1.38
2013.09.18 06:07:59.006,0.99206,0.9921,19.50,1.38
2013.09.18 06:08:00.522,0.99208,0.9921,1.50,1.00
2013.09.18 06:08:01.801,0.99206,0.9921,2.63,1.38
2013.09.18 06:08:09.401,0.99208,0.99212,1.00,4.32
2013.09.18 06:08:09.521,0.99206,0.99211,1.50,1.69
2013.09.18 06:08:09.821,0.99207,0.99211,1.38,1.50
2013.09.18 06:08:09.941,0.9921,0.99212,1.00,2.07
2013.09.18 06:08:10.181,0.9921,0.99214,1.38,1.50
2013.09.18 06:08:14.280,0.9921,0.99215,1.00,1.00
2013.09.18 06:08:20.713,0.99211,0.99216,1.00,1.25
2013.09.18 06:08:21.226,0.9921,0.99215,1.00,1.00
2013.09.18 06:08:21.941,0.99211,0.99215,1.00,1.00
2013.09.18 06:08:22.131,0.99211,0.99215,1.00,1.38
2013.09.18 06:08:23.286,0.99211,0.99215,1.13,1.38
2013.09.18 06:08:24.771,0.99211,0.99216,1.00,2.07
2013.09.18 06:08:25.291,0.99211,0.99216,1.38,1.69
2013.09.18 06:08:25.471,0.99214,0.99218,1.00,3.57
2013.09.18 06:08:25.772,0.99215,0.99218,1.13,2.63
2013.09.18 06:08:36.643,0.99214,0.99218,2.25,1.38
2013.09.18 06:08:50.441,0.99214,0.99219,3.38,1.38
2013.09.18 06:08:50.681,0.99216,0.99219,1.50,1.00
2013.09.18 06:09:02.490,0.99216,0.9922,2.25,3.75
2013.09.18 06:09:02.671,0.99215,0.9922,3.00,3.38
2013.09.18 06:09:03.962,0.99216,0.9922,1.13,3.38
2013.09.18 06:09:04.081,0.99219,0.99221,1.13,1.00
2013.09.18 06:09:04.201,0.99221,0.99225,2.88,12.38
2013.09.18 06:09:04.741,0.99224,0.99228,1.00,11.25
2013.09.18 06:09:04.800,0.99226,0.99228,1.00,1.00
2013.09.18 06:09:05.100,0.99227,0.99228,1.00,1.00
2013.09.18 06:09:06.190,0.99226,0.99228,1.50,1.00
2013.09.18 06:09:06.481,0.99226,0.99228,1.50,1.00
2013.09.18 06:09:08.471,0.99225,0.99228,1.50,1.38
2013.09.18 06:09:10.561,0.99224,0.99228,1.50,1.38
2013.09.18 06:09:13.641,0.99224,0.9923,2.25,3.94
2013.09.18 06:09:13.734,0.99226,0.9923,1.00,2.82
2013.09.18 06:09:15.891,0.99226,0.9923,1.00,3.19
2013.09.18 06:09:20.224,0.99225,0.9923,1.13,3.19
2013.09.18 06:09:27.622,0.99224,0.99228,1.88,1.38
2013.09.18 06:09:30.201,0.99224,0.99228,1.50,1.75
2013.09.18 06:09:30.381,0.99222,0.99226,1.13,1.50
2013.09.18 06:09:30.501,0.99224,0.99226,1.00,2.63
2013.09.18 06:09:30.621,0.99222,0.99226,1.13,3.00
2013.09.18 06:09:31.161,0.99224,0.99226,1.00,1.38
2013.09.18 06:09:33.015,0.99224,0.99226,1.50,1.13
2013.09.18 06:09:34.122,0.99223,0.99226,1.00,1.88
2013.09.18 06:09:34.697,0.99221,0.99226,1.88,1.88
2013.09.18 06:09:38.110,0.99221,0.99226,2.63,3.75
2013.09.18 06:09:38.630,0.99222,0.99226,1.00,3.38
2013.09.18 06:09:38.931,0.99224,0.99226,1.00,1.38
2013.09.18 06:09:39.613,0.99224,0.99226,1.00,1.13
2013.09.18 06:09:40.317,0.99225,0.99226,1.00,1.13
2013.09.18 06:09:40.832,0.99225,0.99228,1.00,2.82
2013.09.18 06:09:41.335,0.99225,0.99228,1.13,2.82
2013.09.18 06:09:52.881,0.99224,0.99228,1.50,1.38
2013.09.18 06:09:53.241,0.99221,0.99223,1.50,1.38
2013.09.18 06:09:53.601,0.99219,0.99221,1.00,1.38
2013.09.18 06:09:54.200,0.99218,0.99221,3.00,1.88
2013.09.18 06:09:54.721,0.99218,0.99221,1.00,2.63
2013.09.18 06:09:55.296,0.99217,0.99221,1.00,2.63
2013.09.18 06:09:55.966,0.99216,0.99221,6.00,2.63
2013.09.18 06:09:57.292,0.99217,0.9922,1.00,1.38
2013.09.18 06:09:57.411,0.99216,0.9922,1.00,2.25
2013.09.18 06:09:58.756,0.99215,0.99219,1.32,1.43
2013.09.18 06:10:00.311,0.99218,0.9922,1.13,1.00
2013.09.18 06:10:00.371,0.99219,0.9922,1.13,1.00
2013.09.18 06:10:00.552,0.99217,0.99222,1.13,2.44
2013.09.18 06:10:00.912,0.99217,0.99222,1.13,1.69
2013.09.18 06:10:00.971,0.99217,0.9922,1.13,1.00
2013.09.18 06:10:15.371,0.99215,0.9922,1.38,3.19
2013.09.18 06:10:16.763,0.99215,0.9922,1.13,3.19
2013.09.18 06:10:23.471,0.99214,0.99219,1.50,2.59
2013.09.18 06:10:23.591,0.99212,0.99216,2.25,1.75
2013.09.18 06:10:24.951,0.99214,0.99216,1.00,1.30
2013.09.18 06:10:25.731,0.99215,0.99218,1.00,2.44
2013.09.18 06:10:25.912,0.99215,0.99218,1.00,2.82
2013.09.18 06:10:26.032,0.99216,0.99218,1.00,1.50
2013.09.18 06:10:26.331,0.99215,0.99218,1.00,1.57
2013.09.18 06:10:28.003,0.99214,0.9922,1.88,4.69
2013.09.18 06:10:34.608,0.99215,0.99219,1.00,1.50
2013.09.18 06:10:35.302,0.99214,0.99219,1.88,1.50
2013.09.18 06:10:38.412,0.99215,0.99219,1.00,1.50
2013.09.18 06:10:39.443,0.99214,0.99219,1.88,1.50
2013.09.18 06:10:42.041,0.99215,0.9922,1.00,3.19
2013.09.18 06:10:42.637,0.99216,0.9922,1.00,3.75
2013.09.18 06:10:43.122,0.99214,0.9922,2.63,3.75
2013.09.18 06:10:43.712,0.99216,0.9922,1.00,2.25
2013.09.18 06:10:43.892,0.99217,0.9922,1.00,1.38
2013.09.18 06:10:44.418,0.99217,0.99221,1.00,3.38
2013.09.18 06:10:46.321,0.99216,0.9922,1.00,2.25
2013.09.18 06:10:47.081,0.99214,0.9922,3.38,3.00
2013.09.18 06:10:47.638,0.99214,0.9922,2.63,3.19
2013.09.18 06:10:49.305,0.99214,0.99219,1.88,1.50
2013.09.18 06:10:51.141,0.99214,0.99219,2.63,1.50
2013.09.18 06:10:56.292,0.99214,0.99219,1.88,2.25
2013.09.18 06:10:57.034,0.99214,0.99219,1.88,1.69
2013.09.18 06:10:59.263,0.99214,0.9922,2.63,3.94
2013.09.18 06:10:59.882,0.99214,0.9922,2.63,3.94
2013.09.18 06:11:03.412,0.99215,0.99219,1.38,1.50
2013.09.18 06:11:41.701,0.99216,0.9922,2.25,2.07
2013.09.18 06:11:41.944,0.99218,0.99223,1.88,1.00
2013.09.18 06:11:42.226,0.99218,0.99224,4.13,1.50
2013.09.18 06:11:42.652,0.99215,0.9922,1.38,1.38
2013.09.18 06:11:52.182,0.99215,0.99219,2.63,1.00
2013.09.18 06:11:55.161,0.99215,0.9922,3.38,3.00
2013.09.18 06:11:57.004,0.99215,0.99219,1.13,2.25
2013.09.18 06:11:57.422,0.99213,0.99217,2.63,1.50
2013.09.18 06:11:58.048,0.99213,0.99216,1.88,1.00
2013.09.18 06:11:58.791,0.99213,0.99218,1.38,2.07
2013.09.18 06:12:08.295,0.99216,0.99218,1.00,1.13
2013.09.18 06:12:13.001,0.99215,0.99218,1.13,1.13
2013.09.18 06:12:30.198,0.99214,0.99218,1.50,1.38
2013.09.18 06:12:31.861,0.99212,0.99216,3.00,2.25
2013.09.18 06:12:31.984,0.99212,0.99216,2.63,2.63
2013.09.18 06:12:32.381,0.99215,0.99216,1.00,2.25
2013.09.18 06:12:33.122,0.99215,0.99217,1.00,1.88
2013.09.18 06:12:33.662,0.99215,0.99217,1.00,1.88
2013.09.18 06:12:37.401,0.99214,0.99217,1.50,1.88
2013.09.18 06:12:37.902,0.99214,0.99217,1.88,1.88
2013.09.18 06:12:39.191,0.99215,0.99217,1.00,1.88
2013.09.18 06:12:39.711,0.99214,0.99217,1.88,1.88
2013.09.18 06:12:48.941,0.99215,0.99217,1.00,1.13
2013.09.18 06:13:01.821,0.99214,0.99218,2.63,1.13
2013.09.18 06:13:02.122,0.99217,0.9922,1.13,1.13
2013.09.18 06:13:03.402,0.99217,0.99221,1.13,3.00
2013.09.18 06:13:04.016,0.99216,0.9922,1.50,1.75
2013.09.18 06:13:08.671,0.99215,0.9922,1.13,4.69
2013.09.18 06:13:28.352,0.99216,0.99218,1.00,1.13
2013.09.18 06:13:28.652,0.99217,0.99221,2.63,1.63
2013.09.18 06:13:29.933,0.99217,0.9922,1.88,1.50
2013.09.18 06:13:30.172,0.99215,0.9922,2.63,2.00
2013.09.18 06:13:32.771,0.99215,0.99219,1.50,1.50
2013.09.18 06:13:38.381,0.99214,0.99218,1.88,1.38
2013.09.18 06:13:38.501,0.99213,0.99216,1.00,1.38
2013.09.18 06:13:38.622,0.99212,0.99215,2.25,1.50
2013.09.18 06:13:38.801,0.99212,0.99215,1.88,1.50
2013.09.18 06:13:39.264,0.99214,0.99215,1.00,1.88
2013.09.18 06:13:39.561,0.99215,0.99218,1.00,2.07
2013.09.18 06:13:39.922,0.99212,0.99218,1.00,3.19
2013.09.18 06:13:40.423,0.99214,0.99216,1.00,1.50
2013.09.18 06:13:41.561,0.99212,0.99216,1.88,2.25
2013.09.18 06:13:42.123,0.99212,0.99215,1.38,1.00
2013.09.18 06:13:45.342,0.99214,0.99215,1.00,1.00
2013.09.18 06:13:48.033,0.9921,0.99214,3.60,1.00
2013.09.18 06:14:00.961,0.99211,0.99214,1.88,1.38
2013.09.18 06:14:01.081,0.99211,0.99216,2.25,1.13
2013.09.18 06:14:12.440,0.99215,0.99217,2.10,1.50
2013.09.18 06:14:12.742,0.99217,0.9922,1.13,2.63
2013.09.18 06:14:12.862,0.99216,0.9922,1.38,1.00
2013.09.18 06:14:13.401,0.99218,0.99221,2.13,3.00
2013.09.18 06:14:14.123,0.99219,0.99222,1.00,2.63
2013.09.18 06:14:14.362,0.99216,0.99222,2.63,4.13
2013.09.18 06:14:16.082,0.99217,0.99222,2.10,4.88
2013.09.18 06:14:16.384,0.9922,0.99224,1.73,1.38
2013.09.18 06:14:16.682,0.99222,0.99224,1.00,1.13
2013.09.18 06:14:18.864,0.99219,0.99224,2.44,1.88
2013.09.18 06:14:23.140,0.99221,0.99224,1.00,1.88
2013.09.18 06:14:23.263,0.99221,0.99224,1.38,1.50
2013.09.18 06:14:23.552,0.99221,0.99224,1.00,2.25
2013.09.18 06:14:23.731,0.99218,0.99223,1.50,2.07
2013.09.18 06:14:23.851,0.99218,0.99223,1.88,2.07
2013.09.18 06:14:24.368,0.99218,0.99222,1.38,2.07
2013.09.18 06:14:25.571,0.99217,0.99222,1.88,2.07
2013.09.18 06:14:25.631,0.99216,0.99221,4.13,1.38
2013.09.18 06:14:25.932,0.99216,0.9922,3.75,3.75
2013.09.18 06:14:26.052,0.99216,0.9922,3.75,2.63
2013.09.18 06:14:26.291,0.99218,0.99221,1.00,1.38
2013.09.18 06:14:26.591,0.99216,0.9922,4.88,1.75
2013.09.18 06:14:27.223,0.99216,0.9922,3.38,2.25
2013.09.18 06:14:27.464,0.99216,0.9922,1.88,1.88
2013.09.18 06:14:27.675,0.99216,0.9922,1.50,2.25
2013.09.18 06:14:28.162,0.99215,0.9922,1.38,1.88
2013.09.18 06:14:28.282,0.99215,0.9922,1.13,3.00
2013.09.18 06:14:28.343,0.99215,0.9922,1.38,3.00
2013.09.18 06:14:28.772,0.99215,0.9922,1.00,3.00
2013.09.18 06:14:29.327,0.99215,0.9922,1.38,3.00
2013.09.18 06:14:29.821,0.99215,0.9922,1.00,3.00
2013.09.18 06:14:30.591,0.99215,0.9922,1.38,3.19
2013.09.18 06:14:31.891,0.99215,0.9922,1.00,3.19
2013.09.18 06:14:33.205,0.99215,0.99219,1.38,1.00
2013.09.18 06:14:33.315,0.99215,0.9922,1.38,2.44
2013.09.18 06:14:33.612,0.99217,0.9922,1.00,2.25
2013.09.18 06:14:33.852,0.99219,0.99221,1.00,1.88
2013.09.18 06:14:34.391,0.99219,0.99221,1.32,1.00
2013.09.18 06:14:35.802,0.9922,0.99222,5.07,1.00
2013.09.18 06:14:35.991,0.9922,0.99224,5.07,1.88
2013.09.18 06:14:36.739,0.9922,0.99225,5.82,4.50
2013.09.18 06:14:37.537,0.9922,0.99226,5.82,1.00
2013.09.18 06:14:38.742,0.99221,0.99226,1.00,1.00
2013.09.18 06:14:39.161,0.99221,0.99225,2.63,1.00
2013.09.18 06:14:42.401,0.99223,0.99227,1.50,2.82
2013.09.18 06:14:42.946,0.99224,0.99227,1.13,1.13
2013.09.18 06:14:43.616,0.99224,0.99229,1.88,1.55
2013.09.18 06:14:46.231,0.99224,0.99229,1.88,1.32
2013.09.18 06:14:46.783,0.99226,0.9923,1.38,1.88
2013.09.18 06:14:47.332,0.99226,0.9923,1.38,1.00
2013.09.18 06:14:48.004,0.99226,0.9923,1.38,1.88
2013.09.18 06:14:48.912,0.99226,0.9923,1.38,1.00
2013.09.18 06:14:50.642,0.99226,0.9923,1.88,1.13
2013.09.18 06:14:50.953,0.99226,0.9923,1.88,1.00
2013.09.18 06:14:52.881,0.99226,0.99231,4.13,2.82
2013.09.18 06:14:54.072,0.99227,0.9923,2.25,1.00
2013.09.18 06:14:54.192,0.9923,0.99234,1.00,2.07
2013.09.18 06:14:55.321,0.99229,0.99234,2.63,1.50
2013.09.18 06:14:55.682,0.99228,0.99232,2.07,1.00
2013.09.18 06:14:55.921,0.99228,0.99234,2.82,1.50
2013.09.18 06:14:57.449,0.99229,0.99234,1.13,2.25
2013.09.18 06:14:58.812,0.99232,0.99235,1.38,2.44
2013.09.18 06:14:58.992,0.99233,0.99236,1.13,2.25
2013.09.18 06:14:59.556,0.99234,0.99236,1.00,4.13
2013.09.18 06:15:00.471,0.99231,0.99236,2.25,1.88
2013.09.18 06:15:00.651,0.99234,0.99236,1.38,1.00
2013.09.18 06:15:01.220,0.99234,0.99236,1.00,1.13
2013.09.18 06:15:02.173,0.99234,0.99237,2.55,1.69
2013.09.18 06:15:02.352,0.99233,0.99236,1.50,1.88
2013.09.18 06:15:02.711,0.99234,0.99237,1.38,1.13
2013.09.18 06:15:03.252,0.99234,0.99238,2.63,2.25
2013.09.18 06:15:04.603,0.99235,0.99239,1.38,7.51
2013.09.18 06:15:05.237,0.99235,0.99238,1.38,1.00
2013.09.18 06:15:05.661,0.99235,0.9924,1.38,1.88
2013.09.18 06:15:06.292,0.99235,0.9924,1.38,1.00
2013.09.18 06:15:06.532,0.99237,0.99242,1.88,1.50
2013.09.18 06:15:14.432,0.99239,0.99242,1.38,1.00
2013.09.18 06:15:15.085,0.99239,0.99245,1.88,2.25
2013.09.18 06:15:15.442,0.99242,0.99245,1.13,1.13
2013.09.18 06:15:15.745,0.99243,0.9925,1.88,1.88
2013.09.18 06:15:16.052,0.99243,0.99245,1.00,1.13
2013.09.18 06:15:16.172,0.99241,0.99245,1.13,2.25
2013.09.18 06:15:16.351,0.99238,0.99243,1.38,1.38
2013.09.18 06:15:16.949,0.99237,0.99243,1.88,1.50
2013.09.18 06:15:19.033,0.9924,0.99243,1.00,1.43
2013.09.18 06:15:19.602,0.99239,0.99245,1.00,2.93
2013.09.18 06:15:19.963,0.99245,0.99246,1.00,1.00
2013.09.18 06:15:20.501,0.99244,0.99247,10.50,1.00
2013.09.18 06:15:20.841,0.99245,0.99249,1.00,1.00
2013.09.18 06:15:20.961,0.99246,0.99254,1.00,2.55
2013.09.18 06:15:22.371,0.99246,0.99253,1.88,1.38
2013.09.18 06:15:22.731,0.99247,0.99249,1.00,1.50
2013.09.18 06:15:23.152,0.9925,0.99253,1.00,3.75
2013.09.18 06:15:23.391,0.9925,0.99254,1.13,1.88
2013.09.18 06:15:23.692,0.99251,0.99253,1.38,1.00
2013.09.18 06:15:24.130,0.9925,0.99253,1.88,1.13
2013.09.18 06:15:24.432,0.9925,0.99253,1.38,1.00
2013.09.18 06:15:24.671,0.9925,0.99253,1.13,1.13
2013.09.18 06:15:26.982,0.99248,0.99252,2.63,1.00
2013.09.18 06:15:27.222,0.99249,0.99253,1.38,1.00
2013.09.18 06:15:27.283,0.99249,0.99253,1.38,1.13
2013.09.18 06:15:28.804,0.99249,0.99254,1.88,1.50
2013.09.18 06:15:28.877,0.99251,0.99256,1.50,2.63
2013.09.18 06:15:29.121,0.9925,0.99256,1.88,2.25
2013.09.18 06:15:30.562,0.9925,0.99254,1.13,2.25
2013.09.18 06:15:31.137,0.99249,0.99252,1.13,1.00
2013.09.18 06:15:34.731,0.99249,0.99254,1.38,2.43
2013.09.18 06:15:35.272,0.99251,0.99254,1.38,1.25
2013.09.18 06:15:37.552,0.99251,0.99254,2.63,1.43
2013.09.18 06:15:39.749,0.99251,0.99254,1.88,1.80
2013.09.18 06:15:40.071,0.99253,0.99255,1.00,1.38
2013.09.18 06:15:40.432,0.99254,0.99257,1.38,1.00
2013.09.18 06:15:41.399,0.99253,0.99255,1.38,1.00
2013.09.18 06:15:42.592,0.99253,0.99257,1.38,1.88
2013.09.18 06:15:43.112,0.99253,0.99256,1.38,1.00
2013.09.18 06:15:43.301,0.99253,0.99257,1.38,1.00
2013.09.18 06:15:46.223,0.99253,0.99258,1.38,1.00
2013.09.18 06:15:47.418,0.99253,0.99258,1.38,1.38
2013.09.18 06:15:50.341,0.99253,0.99258,1.38,1.13
2013.09.18 06:15:50.462,0.99252,0.99256,3.38,1.00
2013.09.18 06:15:50.701,0.99251,0.99255,1.13,1.38
2013.09.18 06:15:50.761,0.99251,0.99255,1.00,1.38
2013.09.18 06:15:51.131,0.99251,0.99255,1.38,1.13
2013.09.18 06:15:51.651,0.99252,0.99255,1.38,1.00
2013.09.18 06:15:52.071,0.99251,0.99256,1.00,2.25
2013.09.18 06:15:52.283,0.99251,0.99256,1.38,2.25
2013.09.18 06:15:52.896,0.99251,0.99256,1.38,1.88
2013.09.18 06:15:53.965,0.99251,0.99256,2.63,1.88
2013.09.18 06:15:54.221,0.99251,0.99256,2.25,1.88
2013.09.18 06:15:54.641,0.99251,0.99256,2.63,1.88
2013.09.18 06:15:55.402,0.99253,0.99258,1.13,1.88
2013.09.18 06:15:56.321,0.99253,0.99257,1.00,2.33
2013.09.18 06:16:01.771,0.99253,0.99258,1.38,1.38
2013.09.18 06:16:02.563,0.99253,0.99257,1.00,1.88
2013.09.18 06:16:04.641,0.99252,0.99255,1.13,1.13
2013.09.18 06:16:05.002,0.99251,0.99254,1.13,1.50
2013.09.18 06:16:05.362,0.99248,0.99251,1.50,2.26
2013.09.18 06:16:05.543,0.99246,0.99249,16.88,2.25
2013.09.18 06:16:07.472,0.99247,0.99249,3.00,3.00
2013.09.18 06:16:08.824,0.99246,0.99248,1.50,1.13
2013.09.18 06:16:08.941,0.99246,0.99252,10.88,8.63
2013.09.18 06:16:09.003,0.99247,0.99252,10.50,8.63
2013.09.18 06:16:09.071,0.99246,0.99252,9.00,8.63
2013.09.18 06:16:09.371,0.99248,0.99252,1.00,8.63
2013.09.18 06:16:09.501,0.99246,0.99252,4.88,8.63
2013.09.18 06:16:11.741,0.99246,0.99252,1.38,9.00
2013.09.18 06:16:12.163,0.99246,0.99249,1.00,1.38
2013.09.18 06:16:13.521,0.99244,0.99249,1.38,1.50
2013.09.18 06:16:13.823,0.99241,0.99245,7.50,1.75
2013.09.18 06:16:14.182,0.99238,0.99242,1.50,5.88
2013.09.18 06:16:14.435,0.99238,0.99242,1.50,1.88
2013.09.18 06:16:14.772,0.99238,0.99239,1.50,1.00
2013.09.18 06:16:15.011,0.99238,0.99241,1.50,1.50
2013.09.18 06:16:15.132,0.99238,0.99242,1.50,3.00
2013.09.18 06:16:15.611,0.99236,0.99239,15.75,1.00
2013.09.18 06:16:20.349,0.99237,0.99239,9.10,1.00
2013.09.18 06:16:20.472,0.99234,0.99239,2.63,1.00
2013.09.18 06:16:20.652,0.99237,0.9924,2.48,2.25
2013.09.18 06:16:20.832,0.99238,0.99243,1.73,3.00
2013.09.18 06:16:20.952,0.99238,0.99243,1.50,2.63
2013.09.18 06:16:21.072,0.99238,0.99242,1.00,1.38
2013.09.18 06:16:21.492,0.99236,0.99241,2.63,1.00
2013.09.18 06:16:21.552,0.9924,0.99242,1.00,1.88
2013.09.18 06:16:22.152,0.9924,0.99244,2.25,1.38
2013.09.18 06:16:22.636,0.99238,0.99244,2.63,1.88
2013.09.18 06:16:23.261,0.9924,0.99244,2.25,1.38
2013.09.18 06:16:23.767,0.9924,0.99244,2.63,1.38
2013.09.18 06:16:24.271,0.99241,0.99246,1.00,1.88
2013.09.18 06:16:25.922,0.9924,0.99245,3.00,1.38
2013.09.18 06:16:26.478,0.99241,0.99245,1.00,1.38
2013.09.18 06:16:26.604,0.99239,0.99243,1.00,1.75
2013.09.18 06:16:26.782,0.99237,0.99243,1.00,2.25
2013.09.18 06:16:26.902,0.99239,0.99243,1.00,1.75
2013.09.18 06:16:27.205,0.99237,0.99241,1.00,2.25
2013.09.18 06:16:27.762,0.99237,0.99241,1.13,3.00
2013.09.18 06:16:28.064,0.99241,0.99242,1.00,1.00
2013.09.18 06:16:28.183,0.99239,0.99242,1.00,1.50
2013.09.18 06:16:28.602,0.99241,0.99244,1.00,1.00
2013.09.18 06:16:28.922,0.99241,0.99246,1.13,1.88
2013.09.18 06:16:29.644,0.99241,0.99245,1.00,1.38
2013.09.18 06:16:29.702,0.9924,0.99245,4.50,1.38
2013.09.18 06:16:31.861,0.99241,0.99245,1.50,1.38
2013.09.18 06:16:32.800,0.9924,0.99244,3.00,1.38
2013.09.18 06:16:36.787,0.99239,0.99246,2.63,2.63
2013.09.18 06:16:37.602,0.9924,0.99245,3.75,1.38
2013.09.18 06:16:37.841,0.99238,0.99244,1.00,1.75
2013.09.18 06:16:38.395,0.99238,0.9924,1.00,1.38
2013.09.18 06:16:38.991,0.99237,0.99243,1.00,3.75
2013.09.18 06:16:41.012,0.99238,0.99242,1.00,1.00
2013.09.18 06:16:41.371,0.99239,0.99242,1.00,1.50
2013.09.18 06:16:41.431,0.99237,0.99242,1.13,1.50
2013.09.18 06:16:41.691,0.99237,0.99242,1.13,1.50
2013.09.18 06:16:41.812,0.99237,0.99243,1.13,2.25
2013.09.18 06:16:42.142,0.99239,0.99243,1.00,2.25
2013.09.18 06:16:42.452,0.99239,0.99242,1.00,1.00
2013.09.18 06:16:44.848,0.99239,0.99243,1.00,3.00
2013.09.18 06:16:48.501,0.99238,0.99242,1.00,1.50
2013.09.18 06:16:48.562,0.99236,0.99242,3.38,1.50
2013.09.18 06:16:49.111,0.99236,0.99242,3.38,2.25
2013.09.18 06:16:49.171,0.99236,0.99242,3.38,2.25
2013.09.18 06:16:49.291,0.99236,0.99242,3.38,2.25
2013.09.18 06:16:49.592,0.99234,0.99241,2.63,2.25
2013.09.18 06:16:54.702,0.99236,0.9924,1.00,1.38
2013.09.18 06:16:54.882,0.99236,0.99242,2.63,3.00
2013.09.18 06:16:55.441,0.99238,0.99242,1.00,1.50
2013.09.18 06:16:55.792,0.99238,0.99242,1.00,1.50
2013.09.18 06:17:00.732,0.99238,0.99242,1.00,2.25
2013.09.18 06:17:01.922,0.99236,0.99241,1.38,2.25
2013.09.18 06:17:05.092,0.99236,0.9924,1.38,1.13
2013.09.18 06:17:05.452,0.9924,0.99246,3.75,1.88
2013.09.18 06:17:05.512,0.99239,0.99245,2.25,6.38
2013.09.18 06:17:06.052,0.99239,0.99243,1.00,1.75
2013.09.18 06:17:06.579,0.99237,0.99242,2.25,1.50
2013.09.18 06:17:07.682,0.99237,0.99242,1.88,1.50
2013.09.18 06:17:08.212,0.99237,0.9924,1.00,1.38
2013.09.18 06:17:08.757,0.99237,0.9924,1.13,1.00
2013.09.18 06:17:09.281,0.99237,0.99241,1.13,1.00
2013.09.18 06:17:10.844,0.99237,0.99241,1.00,2.25
2013.09.18 06:17:11.202,0.99234,0.99237,1.38,2.60
2013.09.18 06:17:11.742,0.99234,0.99236,1.13,1.00
2013.09.18 06:17:12.153,0.99236,0.9924,2.50,1.88
2013.09.18 06:17:12.271,0.99234,0.9924,2.63,2.25
2013.09.18 06:17:17.952,0.99234,0.9924,1.88,2.25
2013.09.18 06:17:18.553,0.99234,0.99239,1.88,1.00
2013.09.18 06:17:19.172,0.99234,0.99238,1.88,1.00
2013.09.18 06:17:20.132,0.99234,0.99238,1.88,1.13
2013.09.18 06:17:20.682,0.99234,0.99238,1.13,1.38
2013.09.18 06:17:22.242,0.99233,0.99238,1.00,1.38
2013.09.18 06:17:23.064,0.99233,0.99236,1.88,1.00
2013.09.18 06:17:24.625,0.99235,0.99236,1.00,1.00
2013.09.18 06:17:26.267,0.99233,0.99236,1.38,1.00
2013.09.18 06:17:27.902,0.99234,0.99238,1.13,1.38
2013.09.18 06:17:30.022,0.99235,0.99238,1.00,1.38
2013.09.18 06:17:33.941,0.99234,0.99238,1.13,1.88
2013.09.18 06:17:34.481,0.99235,0.99238,1.00,1.88
2013.09.18 06:17:37.736,0.99233,0.99238,2.63,1.88
2013.09.18 06:17:42.902,0.99234,0.99239,1.88,2.25
2013.09.18 06:17:43.442,0.99234,0.99238,2.63,1.38
2013.09.18 06:17:43.761,0.99234,0.99239,3.38,2.25
2013.09.18 06:17:44.383,0.99234,0.99239,3.38,2.25
2013.09.18 06:17:45.112,0.99235,0.99239,1.38,2.25
2013.09.18 06:17:45.992,0.99235,0.99239,1.50,2.25
2013.09.18 06:17:50.303,0.99234,0.99239,1.13,3.00
2013.09.18 06:17:54.622,0.99235,0.99237,1.00,1.13
2013.09.18 06:17:58.532,0.99235,0.99236,1.00,1.00
2013.09.18 06:17:59.043,0.99234,0.99236,1.13,1.00
2013.09.18 06:18:00.144,0.99234,0.99236,1.88,1.00
2013.09.18 06:18:06.152,0.99234,0.99236,1.88,1.00
2013.09.18 06:18:06.692,0.99233,0.99236,1.38,1.00
2013.09.18 06:18:11.222,0.99234,0.99236,1.38,1.00
2013.09.18 06:18:16.702,0.99232,0.99235,1.50,2.50
2013.09.18 06:18:16.824,0.99231,0.99233,4.50,1.50
2013.09.18 06:18:17.002,0.99228,0.99231,1.13,1.00
2013.09.18 06:18:17.122,0.99228,0.99229,1.13,1.00
2013.09.18 06:18:17.484,0.99223,0.99227,10.88,1.50
2013.09.18 06:18:17.842,0.99223,0.99226,1.38,1.50
2013.09.18 06:18:18.214,0.99221,0.99225,1.88,2.50
2013.09.18 06:18:18.571,0.99221,0.99225,2.25,1.00
2013.09.18 06:18:19.122,0.99221,0.99224,1.88,1.00
2013.09.18 06:18:20.313,0.99221,0.99225,2.25,1.00
2013.09.18 06:18:21.086,0.99221,0.99225,1.88,1.00
2013.09.18 06:18:21.497,0.99221,0.99225,1.88,1.00
2013.09.18 06:18:22.420,0.99221,0.99225,2.25,1.00
2013.09.18 06:18:22.662,0.99221,0.99225,1.13,1.00
2013.09.18 06:18:23.296,0.99221,0.99225,1.50,1.00
2013.09.18 06:18:25.852,0.99221,0.99225,1.13,1.00
2013.09.18 06:18:26.464,0.99221,0.99225,1.13,1.50
2013.09.18 06:18:39.558,0.9922,0.99223,1.00,2.13
2013.09.18 06:18:39.682,0.99218,0.99221,1.50,1.50
2013.09.18 06:18:40.046,0.99215,0.99218,1.38,1.00
2013.09.18 06:18:40.353,0.99213,0.99216,1.38,1.00
2013.09.18 06:18:40.863,0.99213,0.99216,1.38,1.50
2013.09.18 06:18:41.302,0.99211,0.99214,21.00,1.00
2013.09.18 06:18:41.482,0.99209,0.99212,1.50,1.00
2013.09.18 06:18:41.722,0.99209,0.9921,1.00,1.00
2013.09.18 06:18:41.962,0.99207,0.99209,1.13,1.50
2013.09.18 06:18:42.524,0.99207,0.99209,1.38,1.00
2013.09.18 06:18:42.822,0.99205,0.99208,3.38,1.00
2013.09.18 06:18:43.346,0.99205,0.99207,1.38,1.00
2013.09.18 06:18:43.903,0.99205,0.99206,1.00,1.00
2013.09.18 06:18:44.442,0.99205,0.99207,1.38,1.00
2013.09.18 06:18:44.946,0.99205,0.99208,1.38,1.50
2013.09.18 06:18:45.226,0.99205,0.99207,1.13,1.00
2013.09.18 06:18:45.782,0.99205,0.99208,1.13,1.88
2013.09.18 06:18:46.322,0.99205,0.99208,1.38,1.00
2013.09.18 06:18:47.254,0.99206,0.99209,1.13,1.88
2013.09.18 06:18:49.399,0.99205,0.99208,1.00,1.50
2013.09.18 06:18:49.523,0.99203,0.99205,3.38,1.00
2013.09.18 06:18:49.702,0.992,0.99204,1.00,3.63
2013.09.18 06:18:49.822,0.99197,0.99201,2.63,1.88
2013.09.18 06:18:49.882,0.99196,0.99198,11.63,1.00
2013.09.18 06:18:49.942,0.99192,0.99198,2.63,1.88
2013.09.18 06:18:50.443,0.99193,0.99197,1.38,2.63
2013.09.18 06:18:51.288,0.99193,0.99197,1.38,1.50
2013.09.18 06:18:53.291,0.99193,0.99198,1.88,1.13
2013.09.18 06:18:57.732,0.99193,0.99199,1.88,3.00
2013.09.18 06:18:58.273,0.99193,0.99197,1.88,1.50
2013.09.18 06:18:58.752,0.99196,0.992,1.38,1.50
2013.09.18 06:18:59.282,0.99196,0.992,1.38,1.88
2013.09.18 06:19:01.132,0.99198,0.992,1.00,1.88
2013.09.18 06:19:01.535,0.99199,0.99204,1.13,3.68
2013.09.18 06:19:02.402,0.992,0.99204,1.88,2.93
2013.09.18 06:19:02.523,0.99201,0.99204,1.00,3.00
2013.09.18 06:19:02.824,0.99204,0.99206,1.38,3.75
2013.09.18 06:19:03.152,0.99203,0.99205,1.13,1.25
2013.09.18 06:19:05.002,0.99203,0.99206,1.00,4.13
2013.09.18 06:19:05.618,0.99202,0.99206,1.50,4.13
2013.09.18 06:19:05.984,0.99203,0.99206,1.50,4.13
2013.09.18 06:19:06.222,0.992,0.99205,1.50,1.38
2013.09.18 06:19:06.582,0.99202,0.99205,1.00,2.25
2013.09.18 06:19:06.642,0.99203,0.99205,1.00,2.63
2013.09.18 06:19:07.122,0.99202,0.99205,3.00,2.63
2013.09.18 06:19:07.404,0.99203,0.99205,1.00,2.63
2013.09.18 06:19:07.942,0.99203,0.99205,1.00,3.63
2013.09.18 06:19:08.493,0.99201,0.99205,1.13,3.38
2013.09.18 06:19:08.853,0.99202,0.99205,1.13,2.63
2013.09.18 06:19:08.974,0.99204,0.99206,1.00,1.38
2013.09.18 06:19:09.152,0.99204,0.99209,1.13,3.00
2013.09.18 06:19:09.453,0.99204,0.99209,1.38,3.38
2013.09.18 06:19:11.212,0.99205,0.99207,1.38,1.50
2013.09.18 06:19:11.332,0.99205,0.99209,1.38,1.50
2013.09.18 06:19:13.992,0.99204,0.99209,1.38,2.25
2013.09.18 06:19:15.621,0.99204,0.99209,1.00,2.25
2013.09.18 06:19:16.122,0.99202,0.99208,4.88,2.63
2013.09.18 06:19:16.501,0.99202,0.99208,4.88,2.63
2013.09.18 06:19:16.866,0.99204,0.99208,1.00,1.88
2013.09.18 06:19:17.537,0.99204,0.99208,1.00,1.38
2013.09.18 06:19:20.391,0.99204,0.99209,1.00,3.75
2013.09.18 06:19:20.731,0.99203,0.99207,3.00,1.38
2013.09.18 06:19:20.853,0.99202,0.99207,1.50,3.00
2013.09.18 06:19:21.456,0.99201,0.99206,3.00,1.50
2013.09.18 06:19:21.963,0.99201,0.99206,3.00,1.50
2013.09.18 06:19:22.562,0.99201,0.99205,1.00,1.88
2013.09.18 06:19:23.102,0.992,0.99205,1.50,1.88
2013.09.18 06:19:23.802,0.992,0.99205,1.13,1.38
2013.09.18 06:19:27.753,0.99199,0.99204,1.00,3.00
2013.09.18 06:19:28.594,0.99199,0.99204,1.00,3.00
2013.09.18 06:19:28.954,0.992,0.99204,1.38,1.13
2013.09.18 06:19:29.834,0.99201,0.99204,1.38,1.00
2013.09.18 06:19:30.012,0.99203,0.99206,1.13,1.88
2013.09.18 06:19:30.529,0.99203,0.99207,1.13,1.88
2013.09.18 06:19:32.085,0.99204,0.99207,1.00,1.88
2013.09.18 06:19:32.850,0.99204,0.99207,1.00,1.88
2013.09.18 06:19:34.343,0.99204,0.99208,1.00,1.13
2013.09.18 06:19:36.254,0.99203,0.99209,1.88,5.25
2013.09.18 06:19:36.816,0.99204,0.99209,1.00,4.50
2013.09.18 06:19:38.092,0.99203,0.99209,1.88,4.50
2013.09.18 06:19:38.652,0.99203,0.99209,1.88,4.50
2013.09.18 06:19:39.193,0.99203,0.99209,1.88,4.50
2013.09.18 06:19:40.163,0.99204,0.99209,1.00,3.75
2013.09.18 06:19:40.764,0.99204,0.99209,1.13,3.75
2013.09.18 06:19:45.141,0.99204,0.99209,1.38,4.50
2013.09.18 06:19:46.995,0.99203,0.99209,2.63,4.88
2013.09.18 06:19:47.672,0.99203,0.9921,2.63,3.00
2013.09.18 06:19:48.413,0.99209,0.99211,1.13,1.00
2013.09.18 06:19:48.474,0.99208,0.99214,1.88,3.38
2013.09.18 06:19:49.155,0.99208,0.99214,2.63,4.13
2013.09.18 06:19:49.702,0.99208,0.99214,2.63,4.50
2013.09.18 06:19:50.006,0.99205,0.9921,2.63,1.00
2013.09.18 06:19:53.912,0.99205,0.9921,1.38,4.13
2013.09.18 06:19:53.972,0.99204,0.99209,1.38,3.00
2013.09.18 06:19:54.476,0.99203,0.99208,1.88,1.00
2013.09.18 06:19:55.355,0.99203,0.99208,1.88,1.00
2013.09.18 06:19:56.036,0.99203,0.99208,1.88,1.00
2013.09.18 06:19:58.484,0.99203,0.99209,1.38,4.88
2013.09.18 06:19:59.136,0.99204,0.99209,1.38,2.63
2013.09.18 06:20:09.743,0.99204,0.99209,1.38,4.13
2013.09.18 06:20:11.772,0.99204,0.99209,1.88,3.75
2013.09.18 06:20:15.322,0.99204,0.99209,1.00,4.88
2013.09.18 06:20:16.442,0.99204,0.99209,1.88,3.38
2013.09.18 06:20:18.893,0.99205,0.9921,1.35,3.00
2013.09.18 06:20:19.432,0.99209,0.9921,1.00,1.00
2013.09.18 06:20:19.982,0.99209,0.99211,1.38,1.00
2013.09.18 06:20:20.642,0.99209,0.99211,1.50,1.00
2013.09.18 06:20:21.122,0.99211,0.99215,3.25,4.50
2013.09.18 06:20:21.183,0.99213,0.99219,2.63,18.00
2013.09.18 06:20:21.700,0.99214,0.99219,1.00,18.00
2013.09.18 06:20:23.402,0.99214,0.9922,1.38,3.75
2013.09.18 06:20:24.243,0.99217,0.99219,1.50,2.25
2013.09.18 06:20:24.365,0.99213,0.99217,1.38,1.50
2013.09.18 06:20:24.933,0.99213,0.99218,1.88,2.25
2013.09.18 06:20:26.104,0.99214,0.99217,1.38,1.50
2013.09.18 06:20:27.334,0.99214,0.99218,1.88,1.88
2013.09.18 06:20:28.222,0.99214,0.99216,1.88,1.50
2013.09.18 06:20:28.343,0.99214,0.99218,1.88,3.38
2013.09.18 06:20:30.973,0.99214,0.99216,1.50,1.38
2013.09.18 06:20:31.152,0.99211,0.99215,1.38,1.13
2013.09.18 06:20:31.212,0.99209,0.99215,1.88,1.88
2013.09.18 06:20:31.272,0.99209,0.99215,2.63,1.88
2013.09.18 06:20:31.812,0.99209,0.99212,1.00,1.00
2013.09.18 06:20:33.622,0.99209,0.99212,1.00,1.50
2013.09.18 06:20:35.914,0.99209,0.99212,1.13,1.13
2013.09.18 06:20:36.252,0.9921,0.99214,1.00,3.38
2013.09.18 06:20:36.813,0.99211,0.99214,1.00,3.38
2013.09.18 06:20:37.454,0.99211,0.99214,1.88,1.13
2013.09.18 06:20:38.553,0.99213,0.99215,1.00,2.63
2013.09.18 06:20:38.913,0.99211,0.99215,1.50,1.38
2013.09.18 06:20:39.422,0.99213,0.99215,1.00,1.38
2013.09.18 06:20:39.923,0.99213,0.99216,1.00,1.88
2013.09.18 06:20:40.823,0.99213,0.99218,2.63,2.63
2013.09.18 06:20:41.352,0.99214,0.99217,1.13,1.88
2013.09.18 06:20:41.713,0.99215,0.99217,1.00,1.88
2013.09.18 06:20:41.952,0.99217,0.99221,3.38,1.00
2013.09.18 06:20:42.491,0.99219,0.99223,1.50,1.88
2013.09.18 06:20:45.342,0.99219,0.99224,1.13,3.00
2013.09.18 06:20:47.192,0.99221,0.99224,1.00,2.25
2013.09.18 06:20:47.312,0.99221,0.99224,1.13,1.00
2013.09.18 06:20:47.432,0.99222,0.99225,1.38,4.13
2013.09.18 06:20:47.792,0.99223,0.99228,1.38,5.25
2013.09.18 06:20:48.692,0.99223,0.99227,1.38,2.25
2013.09.18 06:20:49.052,0.99223,0.99227,1.50,2.25
2013.09.18 06:20:51.014,0.99223,0.99228,2.63,5.25
2013.09.18 06:20:51.252,0.99223,0.99227,3.38,1.00
2013.09.18 06:20:51.812,0.99225,0.99231,3.26,3.00
2013.09.18 06:20:52.232,0.99228,0.99232,1.88,1.38
2013.09.18 06:20:52.292,0.99229,0.99232,1.00,1.38
2013.09.18 06:20:52.832,0.99228,0.99233,1.13,10.50
2013.09.18 06:20:53.352,0.99228,0.99233,1.38,9.75
2013.09.18 06:20:53.643,0.99228,0.9923,1.38,1.00
2013.09.18 06:20:54.183,0.99227,0.9923,1.38,1.00
2013.09.18 06:20:54.743,0.99227,0.99229,1.38,1.00
2013.09.18 06:20:55.604,0.99228,0.9923,1.00,2.63
2013.09.18 06:20:56.652,0.99228,0.99232,1.38,1.88
2013.09.18 06:20:56.952,0.99228,0.99233,3.00,2.63
2013.09.18 06:21:00.933,0.99227,0.99232,1.13,1.88
2013.09.18 06:21:01.833,0.99228,0.99232,1.00,1.38
2013.09.18 06:21:03.778,0.99227,0.99232,1.88,1.88
2013.09.18 06:21:04.083,0.99229,0.99233,1.13,1.38
2013.09.18 06:21:04.667,0.99228,0.99233,1.13,2.63
2013.09.18 06:21:06.493,0.99227,0.9923,1.88,1.50
2013.09.18 06:21:07.342,0.99227,0.99232,1.38,1.88
2013.09.18 06:21:07.402,0.99227,0.99232,1.13,1.88
2013.09.18 06:21:14.423,0.99227,0.99233,1.38,3.38
2013.09.18 06:21:15.992,0.99227,0.99232,1.88,1.38
2013.09.18 06:21:26.222,0.99225,0.99229,1.38,1.00
2013.09.18 06:21:26.763,0.99223,0.99229,2.63,1.50
2013.09.18 06:21:31.213,0.99223,0.99227,1.88,1.13
2013.09.18 06:21:31.846,0.99222,0.99226,1.88,1.00
2013.09.18 06:21:39.532,0.99225,0.99228,1.38,3.75
2013.09.18 06:21:39.653,0.99226,0.99229,1.13,1.88
2013.09.18 06:21:40.192,0.99228,0.9923,1.13,2.25
2013.09.18 06:21:43.313,0.99229,0.9923,1.13,2.25
2013.09.18 06:21:43.492,0.99229,0.99233,1.00,10.88
2013.09.18 06:21:43.915,0.99228,0.99233,1.00,10.88
2013.09.18 06:21:43.978,0.99227,0.99232,1.88,1.38
2013.09.18 06:21:47.162,0.99227,0.99231,1.00,1.88
2013.09.18 06:21:47.692,0.99225,0.99231,2.63,1.88
2013.09.18 06:22:06.182,0.99225,0.99231,1.88,2.25
2013.09.18 06:22:06.738,0.99227,0.99232,1.88,1.88
2013.09.18 06:22:15.252,0.99227,0.99231,1.38,1.13
2013.09.18 06:22:15.762,0.99229,0.99231,1.00,1.13
2013.09.18 06:22:16.123,0.99227,0.99233,6.75,1.50
2013.09.18 06:22:16.482,0.99228,0.99233,1.38,1.88
2013.09.18 06:22:17.028,0.99228,0.99233,1.38,1.88
2013.09.18 06:22:21.102,0.99228,0.99233,1.38,1.38
2013.09.18 06:22:21.663,0.99228,0.99231,1.38,1.00
2013.09.18 06:22:28.762,0.99227,0.99231,1.30,1.13
2013.09.18 06:22:28.942,0.99226,0.99229,1.30,1.00
2013.09.18 06:22:29.302,0.99225,0.99227,1.05,3.25
2013.09.18 06:22:30.009,0.99222,0.99226,1.38,1.00
2013.09.18 06:22:34.912,0.99222,0.99226,1.38,1.13
2013.09.18 06:22:35.392,0.99222,0.99226,1.00,1.38
2013.09.18 06:22:36.006,0.99221,0.99226,1.88,1.88
2013.09.18 06:22:37.271,0.99222,0.99226,1.00,1.88
2013.09.18 06:22:38.261,0.99221,0.99226,1.00,1.88
2013.09.18 06:22:40.006,0.99222,0.99226,1.00,1.88
2013.09.18 06:22:41.702,0.99222,0.99226,1.13,1.88
2013.09.18 06:22:46.093,0.99223,0.99226,1.00,1.38
2013.09.18 06:22:46.213,0.99223,0.99227,1.75,2.25
2013.09.18 06:22:46.452,0.99226,0.9923,1.88,1.00
2013.09.18 06:22:46.992,0.99229,0.99231,1.13,3.38
2013.09.18 06:22:47.172,0.99227,0.99231,2.63,1.50
2013.09.18 06:22:47.592,0.99227,0.99231,1.88,5.25
2013.09.18 06:22:48.196,0.99227,0.99231,4.88,1.50
2013.09.18 06:22:48.742,0.99229,0.99232,2.63,1.00
2013.09.18 06:22:49.364,0.9923,0.99231,1.00,1.50
2013.09.18 06:22:50.033,0.99228,0.99231,1.38,1.50
2013.09.18 06:22:53.292,0.99228,0.99233,1.38,1.38
2013.09.18 06:22:53.983,0.99226,0.99231,3.38,1.38
2013.09.18 06:22:54.402,0.99225,0.99229,1.13,3.00
2013.09.18 06:22:54.632,0.99225,0.99229,1.38,1.88
2013.09.18 06:22:54.995,0.99227,0.99231,1.88,1.13
2013.09.18 06:22:59.482,0.99229,0.99231,1.00,1.00
2013.09.18 06:22:59.662,0.99229,0.99233,1.00,1.88
2013.09.18 06:23:10.202,0.99229,0.99233,1.00,1.38
2013.09.18 06:23:10.807,0.99227,0.99233,1.88,2.63
2013.09.18 06:23:15.793,0.99228,0.99231,1.13,1.00
2013.09.18 06:23:18.562,0.99227,0.99231,1.38,1.00
2013.09.18 06:23:18.803,0.99228,0.99233,1.50,1.13
2013.09.18 06:23:19.342,0.99229,0.99233,1.00,1.13
2013.09.18 06:23:20.732,0.99231,0.99233,1.00,1.00
2013.09.18 06:23:20.972,0.99233,0.99236,1.38,1.00
2013.09.18 06:23:21.213,0.99234,0.99239,1.38,3.00
2013.09.18 06:23:21.334,0.99234,0.99239,2.25,2.63
2013.09.18 06:23:21.513,0.99238,0.99239,1.00,1.13
2013.09.18 06:23:23.517,0.99238,0.99241,1.00,3.00
2013.09.18 06:23:24.461,0.99238,0.99241,1.00,3.38
2013.09.18 06:23:25.142,0.99236,0.9924,1.50,1.38
2013.09.18 06:23:25.665,0.99239,0.99243,1.00,1.50
2013.09.18 06:23:29.027,0.9924,0.99244,1.00,4.88
2013.09.18 06:23:29.452,0.99242,0.99246,4.38,8.63
2013.09.18 06:23:30.922,0.99245,0.99246,1.13,3.00
2013.09.18 06:23:31.464,0.99244,0.99246,1.13,1.50
2013.09.18 06:23:32.512,0.99245,0.99246,1.00,1.00
2013.09.18 06:23:34.052,0.99244,0.99247,1.00,1.38
2013.09.18 06:23:34.592,0.99243,0.99246,1.00,2.63
2013.09.18 06:23:37.702,0.9924,0.99246,3.75,4.13
2013.09.18 06:23:38.242,0.9924,0.99244,1.13,1.88
2013.09.18 06:23:48.167,0.9924,0.99244,1.38,1.13
2013.09.18 06:23:50.722,0.99239,0.99244,1.88,1.13
2013.09.18 06:23:51.082,0.99242,0.99246,1.38,1.13
2013.09.18 06:23:56.898,0.99241,0.99246,1.88,1.38
2013.09.18 06:23:57.447,0.99241,0.99246,1.88,1.13
2013.09.18 06:23:57.952,0.99242,0.99246,1.38,1.00
2013.09.18 06:24:00.042,0.99242,0.99246,1.13,1.38
2013.09.18 06:24:02.873,0.99242,0.99245,1.13,2.48
2013.09.18 06:24:03.056,0.99239,0.99241,1.00,1.50
2013.09.18 06:24:03.187,0.99237,0.99241,4.13,1.38
2013.09.18 06:24:03.613,0.99237,0.99241,4.13,1.38
2013.09.18 06:24:08.330,0.99236,0.99242,8.73,1.88
2013.09.18 06:24:14.482,0.99236,0.99242,2.55,3.75
2013.09.18 06:24:14.603,0.99236,0.99239,1.00,1.38
2013.09.18 06:24:14.782,0.99234,0.99239,4.05,1.38
2013.09.18 06:24:15.322,0.99234,0.99237,1.00,1.38
2013.09.18 06:24:15.851,0.99232,0.99238,4.13,3.75
2013.09.18 06:24:17.602,0.99234,0.99237,2.25,1.38
2013.09.18 06:24:18.141,0.99234,0.99239,3.38,1.38
2013.09.18 06:24:20.854,0.99234,0.99239,3.38,1.13
2013.09.18 06:24:21.393,0.99236,0.9924,2.63,1.13
2013.09.18 06:24:23.163,0.99236,0.9924,1.38,1.00
2013.09.18 06:24:23.682,0.99236,0.99241,1.88,1.13
2013.09.18 06:24:28.602,0.99239,0.99242,1.00,1.38
2013.09.18 06:24:28.662,0.99239,0.99243,1.38,3.38
2013.09.18 06:24:28.902,0.9924,0.99243,1.00,2.25
2013.09.18 06:24:29.442,0.9924,0.99244,1.00,1.88
2013.09.18 06:24:30.502,0.9924,0.99242,1.00,2.48
2013.09.18 06:24:30.802,0.99236,0.99239,2.72,2.25
2013.09.18 06:24:31.311,0.99236,0.99239,2.72,1.88
2013.09.18 06:24:33.886,0.99234,0.99239,8.25,3.00
2013.09.18 06:24:34.820,0.99235,0.99239,7.60,3.00
2013.09.18 06:24:51.001,0.99234,0.9924,4.50,3.75
2013.09.18 06:24:54.564,0.99234,0.99239,3.38,1.50
2013.09.18 06:24:56.862,0.99235,0.99239,1.50,1.50
2013.09.18 06:24:57.822,0.99235,0.99239,1.50,1.50
2013.09.18 06:25:03.062,0.99235,0.99237,1.00,2.25
2013.09.18 06:25:03.826,0.99232,0.99236,3.19,1.38
2013.09.18 06:25:04.351,0.99232,0.99236,1.69,1.88
2013.09.18 06:25:06.585,0.99232,0.99236,1.24,1.88
2013.09.18 06:25:07.022,0.99232,0.99236,1.13,1.38
2013.09.18 06:25:09.182,0.99231,0.99236,3.38,1.38
2013.09.18 06:25:09.719,0.99231,0.99236,3.00,1.88
2013.09.18 06:25:10.962,0.9923,0.99232,3.00,1.38
2013.09.18 06:25:11.322,0.99227,0.9923,1.50,3.23
2013.09.18 06:25:11.382,0.99226,0.9923,9.00,2.85
2013.09.18 06:25:11.562,0.99224,0.99227,3.00,1.50
2013.09.18 06:25:12.070,0.99224,0.99227,1.00,2.25
2013.09.18 06:25:12.433,0.99225,0.99229,1.88,1.38
2013.09.18 06:25:12.971,0.99226,0.9923,1.00,1.38
2013.09.18 06:25:14.341,0.99227,0.9923,1.00,1.38
2013.09.18 06:25:17.272,0.99225,0.9923,3.75,1.38
2013.09.18 06:25:17.822,0.99226,0.99228,1.50,1.13
2013.09.18 06:25:20.183,0.99225,0.9923,3.00,1.38
2013.09.18 06:25:22.162,0.99226,0.9923,1.00,1.38
2013.09.18 06:25:32.182,0.99225,0.99228,1.88,1.13
2013.09.18 06:25:32.714,0.99226,0.99228,1.00,1.13
2013.09.18 06:25:36.252,0.99225,0.99228,2.63,1.05
2013.09.18 06:25:42.179,0.99226,0.99228,1.00,1.13
2013.09.18 06:25:45.123,0.99227,0.99228,1.00,1.13
2013.09.18 06:25:45.424,0.99228,0.9923,1.13,1.50
2013.09.18 06:25:45.782,0.99229,0.99234,4.76,3.38
2013.09.18 06:25:46.202,0.99231,0.99234,1.00,3.38
2013.09.18 06:25:46.262,0.9923,0.99234,1.50,3.75
2013.09.18 06:25:46.442,0.99228,0.99233,1.00,3.75
2013.09.18 06:25:46.562,0.99227,0.99232,1.50,1.50
2013.09.18 06:25:46.862,0.99228,0.99231,1.13,1.13
2013.09.18 06:25:47.384,0.99228,0.99231,1.00,1.88
2013.09.18 06:25:47.444,0.99227,0.99231,1.00,1.88
2013.09.18 06:25:48.061,0.99227,0.99231,1.50,2.63
2013.09.18 06:25:48.612,0.99225,0.99231,4.13,2.63
2013.09.18 06:25:50.084,0.99228,0.99229,1.32,1.13
2013.09.18 06:25:50.142,0.99226,0.99229,3.38,1.13
2013.09.18 06:25:52.162,0.99226,0.99231,1.38,2.63
2013.09.18 06:25:52.682,0.99226,0.99231,1.38,2.63
2013.09.18 06:25:54.319,0.99226,0.99231,1.50,1.88
2013.09.18 06:25:57.333,0.99227,0.99231,1.00,1.88
2013.09.18 06:25:58.292,0.99227,0.99231,1.88,1.88
2013.09.18 06:25:58.472,0.99229,0.99231,1.00,1.88
2013.09.18 06:25:58.592,0.99227,0.99231,2.25,1.38
2013.09.18 06:25:58.772,0.99229,0.99231,1.00,1.13
2013.09.18 06:25:59.685,0.99228,0.99231,1.13,1.13
2013.09.18 06:26:05.002,0.99228,0.99232,1.00,1.50
2013.09.18 06:26:05.362,0.99228,0.99232,1.13,1.88
2013.09.18 06:26:06.944,0.99228,0.99232,1.13,1.75
2013.09.18 06:26:07.303,0.99224,0.99228,1.80,1.38
2013.09.18 06:26:08.188,0.99224,0.99227,1.05,2.63
2013.09.18 06:26:08.492,0.99222,0.99226,1.13,1.38
2013.09.18 06:26:09.032,0.99223,0.99226,1.00,1.38
2013.09.18 06:26:09.572,0.99221,0.99224,1.38,1.13
2013.09.18 06:26:10.085,0.9922,0.99224,1.88,1.50
2013.09.18 06:26:11.122,0.99222,0.99225,1.00,1.88
2013.09.18 06:26:11.688,0.99223,0.99225,1.00,1.13
2013.09.18 06:26:22.282,0.99223,0.99226,1.13,1.13
2013.09.18 06:26:41.666,0.99222,0.99227,1.38,2.63
2013.09.18 06:26:46.152,0.99222,0.99227,1.38,2.25
2013.09.18 06:26:54.498,0.99222,0.99226,1.88,1.38
2013.09.18 06:26:58.342,0.99222,0.99225,1.88,1.50
2013.09.18 06:26:59.013,0.99221,0.99225,1.50,1.75
2013.09.18 06:26:59.765,0.99221,0.99224,1.88,1.00
2013.09.18 06:27:00.292,0.99221,0.99226,2.63,1.38
2013.09.18 06:27:13.665,0.99221,0.99225,1.88,1.50
2013.09.18 06:27:14.255,0.99221,0.99224,1.13,1.00
2013.09.18 06:27:15.042,0.99221,0.99225,1.88,1.13
2013.09.18 06:27:22.688,0.99222,0.99226,1.38,1.13
2013.09.18 06:27:23.692,0.99221,0.99226,2.63,1.88
2013.09.18 06:27:27.258,0.99221,0.99226,2.63,1.00
2013.09.18 06:27:38.752,0.99221,0.99225,1.88,1.35
2013.09.18 06:27:39.053,0.99219,0.99222,1.50,1.13
2013.09.18 06:27:39.355,0.99217,0.99222,1.13,2.63
2013.09.18 06:27:44.991,0.99216,0.99222,5.48,2.63
2013.09.18 06:27:45.796,0.99217,0.99222,1.00,3.38
2013.09.18 06:27:52.242,0.99216,0.9922,1.88,1.13
2013.09.18 06:27:52.602,0.99213,0.99217,2.48,1.00
2013.09.18 06:27:53.773,0.99215,0.99218,1.00,1.88
2013.09.18 06:27:53.952,0.99217,0.99219,1.13,1.00
2013.09.18 06:27:54.493,0.99214,0.99219,1.75,1.13
2013.09.18 06:27:54.912,0.99213,0.99217,1.38,1.50
2013.09.18 06:27:56.112,0.99213,0.99217,1.50,2.25
2013.09.18 06:27:56.172,0.99216,0.99219,1.13,4.13
2013.09.18 06:28:30.022,0.99218,0.99222,1.00,2.63
2013.09.18 06:28:30.263,0.99221,0.99223,1.13,1.50
2013.09.18 06:28:30.442,0.99221,0.99225,1.50,4.50
2013.09.18 06:28:30.682,0.99223,0.99227,1.38,3.75
2013.09.18 06:28:31.382,0.99224,0.99226,2.63,3.75
2013.09.18 06:28:32.063,0.99225,0.99227,1.00,2.63
2013.09.18 06:28:33.302,0.99223,0.99227,1.88,2.63
2013.09.18 06:28:34.189,0.99223,0.99226,1.38,3.75
2013.09.18 06:28:35.124,0.99223,0.99227,1.38,2.63
2013.09.18 06:28:36.396,0.99223,0.99226,1.38,3.75
2013.09.18 06:28:37.970,0.99223,0.99228,1.38,1.50
2013.09.18 06:28:42.121,0.99223,0.99228,1.50,1.50
2013.09.18 06:28:45.004,0.99224,0.99228,1.00,1.50
2013.09.18 06:28:45.508,0.99223,0.99228,1.50,1.50
2013.09.18 06:28:48.385,0.99223,0.99228,1.88,1.50
2013.09.18 06:28:59.605,0.99224,0.99227,1.00,1.38
2013.09.18 06:29:00.544,0.99224,0.99229,2.25,1.88
2013.09.18 06:29:00.604,0.99224,0.99229,3.98,1.88
2013.09.18 06:29:02.354,0.99225,0.9923,1.88,1.50
2013.09.18 06:29:02.653,0.99228,0.99231,1.00,1.38
2013.09.18 06:29:02.893,0.9923,0.99234,5.11,4.88
2013.09.18 06:29:03.475,0.99232,0.99236,1.88,4.13
2013.09.18 06:29:06.256,0.99232,0.99234,1.13,1.50
2013.09.18 06:29:06.774,0.99232,0.99236,1.13,1.88
2013.09.18 06:29:09.042,0.9923,0.99235,2.63,1.38
2013.09.18 06:29:09.402,0.99227,0.99232,2.63,1.00
2013.09.18 06:29:09.462,0.99227,0.99232,1.88,1.38
2013.09.18 06:29:10.605,0.99229,0.99232,1.00,1.88
2013.09.18 06:29:11.130,0.9923,0.99234,1.13,2.63
2013.09.18 06:29:11.738,0.9923,0.99234,1.00,2.63
2013.09.18 06:29:14.532,0.99229,0.99233,1.00,1.50
2013.09.18 06:29:15.076,0.99227,0.99232,1.88,1.88
2013.09.18 06:29:23.883,0.99227,0.99232,3.00,1.50
2013.09.18 06:29:24.183,0.99232,0.99235,2.48,1.13
2013.09.18 06:29:26.436,0.99232,0.99236,1.38,1.13
2013.09.18 06:29:36.223,0.99234,0.99236,1.00,1.13
2013.09.18 06:29:36.643,0.9923,0.99236,4.50,1.88
2013.09.18 06:29:36.763,0.99231,0.99234,1.00,1.38
2013.09.18 06:29:36.825,0.99232,0.99233,1.00,2.63
2013.09.18 06:29:36.947,0.99225,0.99229,3.00,1.38
2013.09.18 06:29:37.462,0.99225,0.99229,1.50,1.38
2013.09.18 06:29:37.972,0.99224,0.99229,4.13,1.38
2013.09.18 06:29:40.604,0.99226,0.99229,1.00,1.00
2013.09.18 06:29:47.012,0.99226,0.9923,1.00,3.00
2013.09.18 06:29:50.987,0.99225,0.99229,2.25,1.38
2013.09.18 06:29:53.064,0.99226,0.99229,1.00,1.38
2013.09.18 06:30:02.434,0.99226,0.99229,3.75,1.38
2013.09.18 06:30:08.235,0.99227,0.99229,1.00,1.00
2013.09.18 06:30:09.385,0.99227,0.9923,1.00,1.13
2013.09.18 06:30:11.652,0.99227,0.9923,1.50,1.50
2013.09.18 06:30:12.192,0.99228,0.99232,1.00,1.50
2013.09.18 06:30:29.342,0.99228,0.99232,1.00,1.38
2013.09.18 06:30:29.869,0.99229,0.99232,1.00,1.00
2013.09.18 06:30:32.223,0.99229,0.99232,1.00,1.00
2013.09.18 06:30:47.403,0.99229,0.99231,1.00,1.00
2013.09.18 06:30:50.752,0.99228,0.99231,1.00,1.50
2013.09.18 06:30:50.902,0.99228,0.99229,1.00,1.00
2013.09.18 06:30:51.442,0.99227,0.99229,1.00,1.00
2013.09.18 06:30:53.326,0.99227,0.9923,1.00,2.63
2013.09.18 06:31:27.722,0.99227,0.9923,1.00,3.38
2013.09.18 06:31:28.402,0.99226,0.9923,1.00,4.50
2013.09.18 06:31:41.103,0.99226,0.9923,1.00,2.63
2013.09.18 06:31:42.554,0.99224,0.9923,3.38,3.75
2013.09.18 06:31:51.353,0.99226,0.9923,1.00,3.75
2013.09.18 06:32:05.333,0.99225,0.9923,1.50,3.75
2013.09.18 06:32:12.592,0.99226,0.9923,1.00,3.00
2013.09.18 06:32:13.392,0.99225,0.99229,1.88,1.38
2013.09.18 06:32:24.763,0.99225,0.99229,2.25,1.13
2013.09.18 06:32:24.883,0.99227,0.99229,1.88,1.13
2013.09.18 06:32:25.244,0.9923,0.99233,1.50,1.00
2013.09.18 06:32:25.483,0.99232,0.99235,3.38,1.13
2013.09.18 06:32:25.543,0.99234,0.99235,2.25,1.13
2013.09.18 06:32:26.083,0.99233,0.99237,1.13,1.38
2013.09.18 06:32:27.684,0.99233,0.99237,1.00,1.38
2013.09.18 06:32:28.043,0.99231,0.99235,1.50,1.38
2013.09.18 06:32:28.583,0.9923,0.99233,1.00,3.00
2013.09.18 06:32:29.092,0.99229,0.99233,1.00,3.75
2013.09.18 06:32:29.880,0.99228,0.99233,1.88,3.75
2013.09.18 06:32:34.583,0.99228,0.99232,2.63,1.00
2013.09.18 06:32:35.596,0.99228,0.99232,1.88,1.38
2013.09.18 06:32:38.153,0.99228,0.9923,1.00,1.00
2013.09.18 06:32:38.673,0.99226,0.9923,1.88,1.50
2013.09.18 06:33:12.923,0.99226,0.99229,1.88,1.00
2013.09.18 06:33:43.283,0.99226,0.9923,1.88,1.50
2013.09.18 06:33:45.323,0.99225,0.99229,1.88,1.00
2013.09.18 06:33:46.923,0.99228,0.99229,1.00,1.00
2013.09.18 06:33:47.233,0.9923,0.99235,1.88,2.63
2013.09.18 06:33:47.353,0.99232,0.99235,1.13,1.13
2013.09.18 06:33:47.413,0.99233,0.99236,1.38,6.00
2013.09.18 06:33:48.593,0.99232,0.99236,1.88,1.38
2013.09.18 06:33:50.542,0.99231,0.99234,2.63,1.00
2013.09.18 06:33:51.098,0.99232,0.99236,1.13,1.88
2013.09.18 06:33:56.231,0.99232,0.99234,1.13,1.00
2013.09.18 06:33:56.533,0.9923,0.99234,1.50,1.50
2013.09.18 06:33:56.834,0.9923,0.99231,1.00,1.00
2013.09.18 06:33:57.694,0.99229,0.99231,1.00,1.50
2013.09.18 06:34:00.215,0.99225,0.9923,1.00,1.00
2013.09.18 06:34:03.653,0.99224,0.99229,3.38,1.50
2013.09.18 06:34:03.953,0.99227,0.99231,1.88,1.88
2013.09.18 06:34:04.683,0.99227,0.99231,2.63,1.50
2013.09.18 06:34:05.367,0.99228,0.99231,1.00,1.50
2013.09.18 06:34:22.813,0.99228,0.9923,1.00,1.00
2013.09.18 06:34:23.353,0.99225,0.99229,1.88,1.50
2013.09.18 06:34:24.813,0.99225,0.99229,1.88,1.88
2013.09.18 06:34:30.834,0.99225,0.99227,1.88,1.00
2013.09.18 06:34:31.212,0.99224,0.99227,1.13,1.88
2013.09.18 06:34:31.757,0.99224,0.99226,1.38,1.00
2013.09.18 06:34:38.353,0.99223,0.99226,1.00,1.88
2013.09.18 06:34:38.473,0.9922,0.99224,2.63,2.63
2013.09.18 06:34:39.023,0.9922,0.99224,1.00,1.88
2013.09.18 06:34:40.153,0.9922,0.99224,1.50,1.88
2013.09.18 06:34:40.213,0.99222,0.99224,1.00,1.38
2013.09.18 06:34:40.453,0.9922,0.99223,1.13,1.13
2013.09.18 06:34:49.113,0.99218,0.99222,2.63,1.00
2013.09.18 06:34:49.353,0.99218,0.9922,1.00,1.00
2013.09.18 06:34:49.473,0.99218,0.9922,1.13,1.00
2013.09.18 06:34:54.011,0.99217,0.9922,1.88,1.13
2013.09.18 06:34:59.407,0.99218,0.9922,1.00,1.13
2013.09.18 06:35:00.137,0.99217,0.99221,1.88,1.38
2013.09.18 06:35:12.643,0.99218,0.99221,1.00,1.38
2013.09.18 06:35:12.913,0.9922,0.99222,1.00,2.63
2013.09.18 06:35:13.273,0.99222,0.99226,1.88,4.88
2013.09.18 06:35:13.453,0.99223,0.99226,1.88,4.50
2013.09.18 06:35:14.573,0.99223,0.99226,1.00,4.88
2013.09.18 06:35:15.014,0.9922,0.99224,1.00,1.00
2013.09.18 06:35:15.133,0.9922,0.99222,1.38,1.00
2013.09.18 06:35:15.193,0.99219,0.99222,1.88,1.13
2013.09.18 06:35:15.733,0.9922,0.99223,1.13,1.13
2013.09.18 06:35:16.256,0.99221,0.99224,1.00,1.38
2013.09.18 06:35:16.434,0.99221,0.99225,1.88,1.13
2013.09.18 06:35:20.583,0.99223,0.99226,1.00,1.88
2013.09.18 06:35:21.253,0.99222,0.99226,1.88,1.88
2013.09.18 06:35:26.236,0.99222,0.99226,1.88,1.88
2013.09.18 06:35:28.103,0.99222,0.99225,1.38,1.00
2013.09.18 06:35:28.223,0.99221,0.99224,1.50,1.50
2013.09.18 06:35:28.463,0.99217,0.99222,3.76,3.75
2013.09.18 06:35:29.283,0.99217,0.99221,3.76,1.38
2013.09.18 06:35:31.005,0.99218,0.99221,3.75,1.38
2013.09.18 06:35:52.163,0.99217,0.99221,1.88,1.38
2013.09.18 06:35:54.463,0.99218,0.99222,1.00,2.63
2013.09.18 06:35:55.239,0.99218,0.99222,1.13,2.63
2013.09.18 06:35:56.703,0.99217,0.99221,2.25,1.38
2013.09.18 06:35:56.883,0.99208,0.99212,7.50,2.88
2013.09.18 06:35:57.123,0.99205,0.99209,1.13,3.38
2013.09.18 06:35:57.243,0.99205,0.99208,1.38,2.25
2013.09.18 06:35:57.303,0.99205,0.99209,1.38,3.00
2013.09.18 06:35:57.853,0.99207,0.99211,1.38,1.88
2013.09.18 06:35:58.425,0.99207,0.99211,1.38,1.50
2013.09.18 06:35:59.694,0.99208,0.99211,1.00,1.38
2013.09.18 06:36:00.087,0.99208,0.99211,1.38,1.00
2013.09.18 06:36:00.223,0.99208,0.99211,1.00,1.38
2013.09.18 06:36:00.753,0.99207,0.99211,1.38,1.50
2013.09.18 06:36:01.543,0.99207,0.99211,1.13,1.88
2013.09.18 06:36:05.710,0.99208,0.99212,1.50,4.13
2013.09.18 06:36:06.396,0.99207,0.99211,1.88,1.38
2013.09.18 06:36:07.569,0.99207,0.99211,1.38,1.13
2013.09.18 06:36:08.143,0.99207,0.99211,1.13,1.38
2013.09.18 06:36:21.173,0.99208,0.99211,1.88,1.38
2013.09.18 06:36:21.233,0.9921,0.99212,1.00,1.88
2013.09.18 06:36:21.536,0.9921,0.99214,1.38,7.13
2013.09.18 06:36:22.366,0.9921,0.99214,1.00,3.75
2013.09.18 06:36:25.963,0.9921,0.99214,1.38,2.25
2013.09.18 06:36:26.503,0.9921,0.99215,2.63,3.00
2013.09.18 06:36:27.043,0.99212,0.99214,1.00,1.00
2013.09.18 06:36:29.793,0.99212,0.99214,1.13,1.00
2013.09.18 06:36:31.659,0.99212,0.99215,1.38,1.50
2013.09.18 06:36:31.903,0.99212,0.99214,1.00,1.00
2013.09.18 06:36:32.263,0.99212,0.99216,2.25,2.25
2013.09.18 06:36:32.323,0.99214,0.99216,1.00,1.00
2013.09.18 06:36:32.623,0.99214,0.99219,3.38,1.00
2013.09.18 06:36:33.163,0.99216,0.99219,1.38,1.00
2013.09.18 06:36:34.153,0.99216,0.99218,1.00,2.13
2013.09.18 06:36:34.393,0.99214,0.99218,1.50,4.38
2013.09.18 06:36:35.253,0.99214,0.99217,1.38,1.00
2013.09.18 06:36:37.619,0.99214,0.99217,1.00,1.00
2013.09.18 06:36:37.894,0.99213,0.99217,1.38,1.00
2013.09.18 06:36:49.507,0.99213,0.99217,1.50,1.00
2013.09.18 06:36:59.973,0.99214,0.99217,1.00,1.00
2013.09.18 06:37:28.493,0.99214,0.99217,1.38,1.00
2013.09.18 06:37:29.043,0.99214,0.99217,1.13,1.13
2013.09.18 06:37:29.885,0.99214,0.99217,1.38,1.00
2013.09.18 06:37:32.803,0.99214,0.99218,1.88,2.25
2013.09.18 06:37:33.773,0.99214,0.99217,1.00,1.00
2013.09.18 06:37:34.693,0.99214,0.99218,1.88,2.25
2013.09.18 06:37:42.303,0.99213,0.99217,2.25,1.00
2013.09.18 06:37:48.088,0.99213,0.99217,1.88,1.00
2013.09.18 06:37:48.613,0.99213,0.99217,1.88,1.13
2013.09.18 06:37:49.200,0.99213,0.99216,1.38,1.00
2013.09.18 06:37:49.323,0.99212,0.99215,1.13,1.13
2013.09.18 06:37:49.623,0.99214,0.99215,1.00,1.13
2013.09.18 06:37:49.803,0.99214,0.99217,1.38,1.50
2013.09.18 06:37:49.924,0.99216,0.99218,1.00,2.63
2013.09.18 06:37:50.103,0.99217,0.99219,2.13,1.00
2013.09.18 06:37:52.904,0.99216,0.99219,1.00,1.13
2013.09.18 06:37:53.085,0.99214,0.99218,2.63,1.88
2013.09.18 06:37:53.264,0.99214,0.99217,1.50,1.88
2013.09.18 06:37:53.785,0.99213,0.99217,1.13,1.88
2013.09.18 06:37:55.713,0.99214,0.99217,1.38,1.00
2013.09.18 06:37:56.014,0.99217,0.99221,2.88,4.88
2013.09.18 06:37:58.564,0.99217,0.99221,1.88,2.63
2013.09.18 06:37:58.865,0.99215,0.99218,1.38,1.00
2013.09.18 06:37:58.925,0.99215,0.99218,1.00,1.38
2013.09.18 06:38:01.803,0.99214,0.99218,1.88,1.88
2013.09.18 06:38:02.553,0.99214,0.99217,1.38,1.00
2013.09.18 06:38:18.624,0.99215,0.99219,1.88,2.25
2013.09.18 06:38:19.290,0.99216,0.99219,1.13,1.50
2013.09.18 06:38:20.013,0.99216,0.99218,1.00,1.00
2013.09.18 06:38:22.313,0.99216,0.99217,1.13,1.00
2013.09.18 06:38:34.233,0.99216,0.99219,1.00,3.00
2013.09.18 06:38:39.143,0.99215,0.99219,2.63,1.50
2013.09.18 06:38:46.593,0.99216,0.99219,2.25,1.50
2013.09.18 06:38:47.197,0.99215,0.99219,1.88,1.50
2013.09.18 06:40:05.313,0.99216,0.99219,1.00,2.25
2013.09.18 06:40:05.843,0.99215,0.99219,1.88,2.25
2013.09.18 06:40:10.143,0.99215,0.99217,1.00,1.13
2013.09.18 06:40:53.583,0.99213,0.99217,1.88,1.13
2013.09.18 06:40:54.108,0.99213,0.99217,1.88,1.00
2013.09.18 06:41:02.953,0.99215,0.99219,3.38,1.50
2013.09.18 06:41:03.481,0.99215,0.99218,2.63,1.00
2013.09.18 06:41:04.177,0.99215,0.99218,1.13,1.50
2013.09.18 06:41:06.133,0.99215,0.99217,1.13,1.00
2013.09.18 06:41:06.994,0.99215,0.99218,1.13,2.25
2013.09.18 06:41:07.533,0.99214,0.99217,1.38,1.00
2013.09.18 06:41:36.193,0.99214,0.99217,1.00,1.88
2013.09.18 06:41:36.734,0.99214,0.99216,1.00,1.13
2013.09.18 06:41:37.283,0.99214,0.99217,1.13,1.13
2013.09.18 06:41:37.686,0.99214,0.99216,1.13,1.00
2013.09.18 06:41:38.523,0.99213,0.99215,1.00,1.00
2013.09.18 06:41:39.804,0.99213,0.99218,1.88,1.50
2013.09.18 06:41:40.223,0.99213,0.99217,2.63,1.00
2013.09.18 06:42:06.773,0.99213,0.99216,2.63,1.50
2013.09.18 06:42:13.867,0.99212,0.99216,2.63,2.63
2013.09.18 06:42:13.933,0.99212,0.99215,1.38,1.00
2013.09.18 06:42:14.113,0.99209,0.99213,2.25,1.88
2013.09.18 06:42:14.709,0.99207,0.99211,8.26,3.00
2013.09.18 06:42:15.513,0.99207,0.99211,8.26,3.38
2013.09.18 06:42:16.103,0.99207,0.9921,8.26,1.50
2013.09.18 06:42:17.143,0.99207,0.9921,7.51,1.88
2013.09.18 06:42:17.673,0.99205,0.9921,8.63,3.63
2013.09.18 06:42:21.653,0.99205,0.99209,1.88,1.00
2013.09.18 06:42:39.383,0.99205,0.99209,1.88,1.00
2013.09.18 06:43:03.988,0.99205,0.99209,1.88,2.63
2013.09.18 06:43:05.853,0.99205,0.99209,1.88,2.63
2013.09.18 06:43:06.213,0.992,0.99205,12.00,3.25
2013.09.18 06:43:06.453,0.99198,0.99202,4.13,2.63
2013.09.18 06:43:06.573,0.99197,0.992,3.38,1.00
2013.09.18 06:43:11.634,0.99197,0.992,1.38,1.50
2013.09.18 06:43:21.943,0.99197,0.99201,1.88,1.50
2013.09.18 06:43:28.453,0.99199,0.99202,1.13,1.88
2013.09.18 06:43:58.154,0.99199,0.99201,1.13,1.00
2013.09.18 06:43:59.045,0.992,0.99202,1.00,1.88
2013.09.18 06:43:59.344,0.99201,0.99204,1.38,1.50
2013.09.18 06:43:59.985,0.992,0.99203,1.50,1.00
2013.09.18 06:44:00.044,0.992,0.99203,1.50,1.88
2013.09.18 06:44:00.563,0.99199,0.99203,1.13,4.13
2013.09.18 06:44:01.514,0.99199,0.99203,1.75,2.25
2013.09.18 06:44:01.633,0.99202,0.99205,2.88,7.13
2013.09.18 06:44:01.694,0.99204,0.99205,1.00,6.00
2013.09.18 06:44:01.753,0.99204,0.99208,1.38,3.00
2013.09.18 06:44:02.262,0.99206,0.99209,1.13,8.63
2013.09.18 06:44:02.784,0.99207,0.99209,1.38,8.63
2013.09.18 06:44:03.443,0.99207,0.99209,1.13,2.25
2013.09.18 06:44:05.063,0.99205,0.99208,1.38,1.50
2013.09.18 06:44:14.134,0.99205,0.99208,1.38,1.50
2013.09.18 06:44:14.913,0.99205,0.99208,1.38,1.50
2013.09.18 06:44:15.474,0.99205,0.99207,1.00,1.00
2013.09.18 06:44:25.043,0.99206,0.99207,1.00,1.00
2013.09.18 06:44:25.226,0.99206,0.99208,1.38,1.50
2013.09.18 06:44:26.184,0.99206,0.99209,2.13,1.00
2013.09.18 06:44:26.723,0.99206,0.99208,1.88,1.00
2013.09.18 06:44:27.273,0.99205,0.99208,1.13,2.63
2013.09.18 06:44:28.664,0.99205,0.99207,1.13,1.00
2013.09.18 06:44:31.643,0.99205,0.99207,1.38,1.00
2013.09.18 06:44:31.884,0.99205,0.99209,1.38,3.75
2013.09.18 06:44:32.423,0.99206,0.99209,1.88,2.25
2013.09.18 06:44:33.403,0.99206,0.99207,1.00,1.00
2013.09.18 06:44:33.904,0.99206,0.99208,1.88,1.00
2013.09.18 06:44:34.412,0.99206,0.99209,1.88,1.00
2013.09.18 06:44:35.293,0.99206,0.99207,1.00,1.00
2013.09.18 06:44:35.753,0.99206,0.99209,1.38,1.00
2013.09.18 06:44:36.588,0.99207,0.9921,1.13,2.63
2013.09.18 06:44:39.893,0.99206,0.9921,1.88,2.25
2013.09.18 06:44:50.953,0.99208,0.99211,1.88,1.00
2013.09.18 06:44:51.254,0.9921,0.99213,4.73,1.00
2013.09.18 06:44:51.673,0.99211,0.99215,1.88,1.00
2013.09.18 06:44:52.035,0.99213,0.99215,1.00,1.00
2013.09.18 06:44:52.155,0.99214,0.99218,1.38,2.25
2013.09.18 06:44:52.764,0.99214,0.99218,1.38,2.63
2013.09.18 06:44:54.716,0.99214,0.99218,1.38,3.00
2013.09.18 06:44:55.255,0.99214,0.99218,1.00,3.00
2013.09.18 06:45:00.153,0.99214,0.99218,1.38,3.38
2013.09.18 06:45:00.723,0.99213,0.99217,1.38,1.00
2013.09.18 06:45:02.404,0.99214,0.99218,1.38,4.13
2013.09.18 06:45:06.236,0.99214,0.99218,1.00,3.38
2013.09.18 06:45:15.605,0.99215,0.99218,1.38,1.50
2013.09.18 06:45:16.146,0.99216,0.9922,1.13,3.75
2013.09.18 06:45:35.714,0.99218,0.9922,1.00,1.88
2013.09.18 06:45:36.024,0.99218,0.99221,1.88,1.88
2013.09.18 06:45:37.826,0.99218,0.99222,2.25,1.88
2013.09.18 06:45:45.104,0.99218,0.99221,1.13,1.13
2013.09.18 06:45:45.224,0.99217,0.9922,1.00,1.38
2013.09.18 06:45:45.403,0.99215,0.99218,1.13,1.13
2013.09.18 06:45:50.349,0.99214,0.99218,2.25,1.38
2013.09.18 06:45:51.712,0.99215,0.99219,1.13,2.25
2013.09.18 06:45:53.173,0.99214,0.99217,1.13,2.80
2013.09.18 06:45:53.418,0.99208,0.99211,1.00,1.38
2013.09.18 06:45:53.853,0.99208,0.9921,1.00,1.38
2013.09.18 06:45:54.354,0.99206,0.9921,1.50,1.75
2013.09.18 06:45:58.012,0.99206,0.9921,1.50,2.25
2013.09.18 06:46:00.343,0.99206,0.9921,1.50,2.25
2013.09.18 06:46:02.103,0.99206,0.9921,1.88,2.25
2013.09.18 06:46:06.394,0.99208,0.99211,1.38,1.00
2013.09.18 06:46:06.574,0.99209,0.99212,1.38,1.50
2013.09.18 06:46:06.633,0.99209,0.99212,1.00,1.50
2013.09.18 06:46:06.754,0.99212,0.99213,1.50,1.00
2013.09.18 06:46:07.114,0.99214,0.99218,1.38,3.38
2013.09.18 06:46:07.744,0.99214,0.99218,1.38,1.50
2013.09.18 06:46:14.316,0.99214,0.99217,1.38,1.00
2013.09.18 06:46:32.345,0.99214,0.99217,1.38,1.50
2013.09.18 06:46:33.424,0.99213,0.99216,1.88,1.13
2013.09.18 06:46:33.604,0.99211,0.99213,1.00,1.00
2013.09.18 06:46:34.377,0.99208,0.99212,3.00,2.25
2013.09.18 06:46:35.444,0.99209,0.99213,1.38,1.50
2013.09.18 06:46:35.983,0.9921,0.99214,1.88,2.25
2013.09.18 06:46:38.204,0.9921,0.99213,1.13,1.00
2013.09.18 06:46:41.014,0.99209,0.99213,1.13,3.23
2013.09.18 06:46:41.075,0.99209,0.99211,1.13,1.00
2013.09.18 06:46:41.194,0.99205,0.99208,1.50,1.88
2013.09.18 06:46:41.614,0.99204,0.99207,1.00,1.38
2013.09.18 06:46:51.699,0.99204,0.99208,1.13,2.25
2013.09.18 06:46:52.664,0.99203,0.99206,1.88,1.00
2013.09.18 06:46:53.647,0.99204,0.99206,1.00,1.00
2013.09.18 06:46:54.333,0.99204,0.99208,1.00,2.63
2013.09.18 06:46:54.393,0.99206,0.99208,2.88,4.88
2013.09.18 06:46:54.934,0.99206,0.99209,1.88,1.38
2013.09.18 06:46:55.713,0.99206,0.9921,1.88,1.88
2013.09.18 06:46:55.773,0.99207,0.9921,1.38,1.50
2013.09.18 06:46:56.313,0.99209,0.99213,1.13,10.50
2013.09.18 06:46:58.503,0.99208,0.9921,1.00,1.00
2013.09.18 06:46:58.804,0.99203,0.99208,1.00,3.00
2013.09.18 06:46:59.343,0.99204,0.99208,1.13,2.25
2013.09.18 06:47:00.375,0.99205,0.99208,1.00,1.75
2013.09.18 06:47:00.434,0.99205,0.99208,1.88,1.50
2013.09.18 06:47:00.983,0.99206,0.99208,1.00,1.00
2013.09.18 06:47:04.386,0.99206,0.99209,1.00,1.13
2013.09.18 06:47:04.685,0.99204,0.99209,3.75,2.63
2013.09.18 06:47:05.045,0.99202,0.99206,1.13,1.75
2013.09.18 06:47:05.524,0.992,0.99204,4.88,2.63
2013.09.18 06:47:05.704,0.99199,0.99201,1.00,1.00
2013.09.18 06:47:06.255,0.99198,0.99201,1.13,1.00
2013.09.18 06:47:08.014,0.99198,0.99202,1.00,1.75
2013.09.18 06:47:12.189,0.99198,0.99201,1.13,1.00
2013.09.18 06:47:16.163,0.99199,0.99203,1.13,3.00
2013.09.18 06:47:26.203,0.99198,0.99201,1.88,1.00
2013.09.18 06:47:36.069,0.99198,0.99202,1.88,1.50
2013.09.18 06:47:43.823,0.99199,0.99203,1.88,1.88
2013.09.18 06:47:43.883,0.99201,0.99203,1.00,1.88
2013.09.18 06:47:44.592,0.99201,0.99203,2.50,1.13
2013.09.18 06:47:50.065,0.99201,0.99204,2.25,1.88
2013.09.18 06:47:50.609,0.99201,0.99204,1.00,2.63
2013.09.18 06:47:56.894,0.99201,0.99204,1.00,1.38
2013.09.18 06:47:57.443,0.99202,0.99204,1.00,1.38
2013.09.18 06:47:58.627,0.99202,0.99204,1.00,1.13
2013.09.18 06:47:59.183,0.99202,0.99205,1.13,1.00
2013.09.18 06:48:00.214,0.99203,0.99206,1.00,1.88
2013.09.18 06:48:01.105,0.99204,0.99207,1.00,2.25
2013.09.18 06:48:14.545,0.99204,0.99207,1.13,1.00
2013.09.18 06:48:25.745,0.99204,0.99208,1.38,2.25
2013.09.18 06:48:33.904,0.99204,0.99208,1.88,1.50
2013.09.18 06:48:34.084,0.99207,0.9921,1.13,2.25
2013.09.18 06:48:34.265,0.99209,0.99213,1.38,3.00
2013.09.18 06:48:34.503,0.99208,0.99212,1.88,1.88
2013.09.18 06:48:35.224,0.9921,0.99212,1.38,1.00
2013.09.18 06:48:37.594,0.9921,0.99213,1.38,1.00
2013.09.18 06:48:38.134,0.99209,0.99213,1.38,5.25
2013.09.18 06:48:38.194,0.99208,0.99211,1.88,1.00
2013.09.18 06:48:38.434,0.99205,0.9921,2.63,3.00
2013.09.18 06:48:38.674,0.99205,0.99208,1.00,1.50
2013.09.18 06:48:48.078,0.99205,0.99208,1.38,1.38
2013.09.18 06:48:48.255,0.99205,0.99209,3.38,1.50
2013.09.18 06:48:48.434,0.99208,0.99211,1.00,1.38
2013.09.18 06:48:48.674,0.99209,0.99213,1.88,2.25
2013.09.18 06:48:49.034,0.99211,0.99214,1.13,6.00
2013.09.18 06:48:53.025,0.99211,0.99213,1.13,1.00
2013.09.18 06:48:53.264,0.99209,0.99211,1.00,1.00
2013.09.18 06:48:53.565,0.99205,0.99209,1.38,3.00
2013.09.18 06:48:55.514,0.99205,0.99209,1.13,3.38
2013.09.18 06:49:00.574,0.99204,0.99208,2.63,1.00
2013.09.18 06:49:02.194,0.99204,0.99208,1.38,1.13
2013.09.18 06:49:02.834,0.99204,0.99208,1.00,1.50
2013.09.18 06:49:02.954,0.99203,0.99205,1.00,1.13
2013.09.18 06:49:03.074,0.99202,0.99205,2.25,2.25
2013.09.18 06:49:03.136,0.99201,0.99205,2.25,2.63
2013.09.18 06:49:03.313,0.992,0.99205,3.00,3.38
2013.09.18 06:49:05.782,0.99201,0.99205,3.00,3.00
2013.09.18 06:49:06.355,0.99202,0.99205,1.00,2.25
2013.09.18 06:49:12.554,0.99202,0.99204,1.13,1.00
2013.09.18 06:49:13.084,0.99202,0.99204,1.00,1.38
2013.09.18 06:49:15.752,0.99201,0.99204,1.50,1.75
2013.09.18 06:49:15.874,0.99199,0.99204,1.00,2.25
2013.09.18 06:49:15.934,0.99199,0.99204,1.00,3.00
2013.09.18 06:49:16.438,0.99198,0.99202,3.00,1.50
2013.09.18 06:49:16.673,0.99201,0.99202,1.00,1.00
2013.09.18 06:49:16.734,0.99201,0.99203,1.50,1.00
2013.09.18 06:49:17.317,0.99201,0.99204,2.50,1.00
2013.09.18 06:49:17.494,0.99202,0.99206,1.38,5.25
2013.09.18 06:49:17.855,0.99205,0.99209,2.63,1.13
2013.09.18 06:49:17.914,0.99207,0.9921,2.13,1.13
2013.09.18 06:49:18.033,0.99209,0.99211,1.50,5.25
2013.09.18 06:49:18.808,0.99209,0.99212,1.50,1.00
2013.09.18 06:49:21.363,0.99209,0.9921,1.50,6.38
2013.09.18 06:49:22.493,0.99207,0.9921,1.88,1.88
2013.09.18 06:49:22.614,0.99207,0.99208,1.13,1.00
2013.09.18 06:49:22.796,0.99205,0.99207,1.13,1.00
2013.09.18 06:49:23.097,0.99202,0.99206,2.25,1.88
2013.09.18 06:49:23.656,0.99202,0.99206,2.25,1.50
2013.09.18 06:49:26.423,0.99202,0.99206,1.13,2.63
2013.09.18 06:49:26.974,0.99202,0.99206,1.38,3.00
2013.09.18 06:49:29.458,0.99202,0.99206,1.50,3.75
2013.09.18 06:49:31.234,0.99201,0.99206,1.00,3.75
2013.09.18 06:49:31.474,0.99202,0.99205,1.88,1.00
2013.09.18 06:49:31.594,0.99201,0.99206,1.00,5.25
2013.09.18 06:49:36.194,0.99202,0.99204,1.38,1.00
2013.09.18 06:49:36.826,0.99202,0.99204,1.00,1.13
2013.09.18 06:49:40.145,0.99201,0.99204,1.13,1.13
2013.09.18 06:49:40.264,0.992,0.99202,2.25,1.00
2013.09.18 06:49:40.624,0.99198,0.99202,1.00,1.50
2013.09.18 06:49:41.186,0.99199,0.99202,1.00,1.50
2013.09.18 06:49:42.897,0.99198,0.99202,1.50,1.75
2013.09.18 06:49:43.668,0.99197,0.99199,1.00,1.13
2013.09.18 06:49:44.344,0.99197,0.99199,1.00,1.00
2013.09.18 06:49:47.975,0.99198,0.99201,1.00,1.88
2013.09.18 06:49:48.095,0.99198,0.99201,1.88,1.00
2013.09.18 06:49:48.637,0.99199,0.99202,1.00,3.00
2013.09.18 06:49:53.264,0.99198,0.99201,1.50,1.75
2013.09.18 06:49:53.444,0.99197,0.99199,1.00,1.00
2013.09.18 06:49:53.980,0.99196,0.99199,1.88,1.00
2013.09.18 06:49:58.574,0.99195,0.99199,1.88,1.50
2013.09.18 06:49:59.656,0.99195,0.99198,1.50,1.38
2013.09.18 06:50:00.358,0.99195,0.99198,1.88,1.13
2013.09.18 06:50:02.494,0.99196,0.992,1.00,2.63
2013.09.18 06:50:05.084,0.99196,0.992,1.88,2.25
2013.09.18 06:50:25.944,0.99198,0.99199,1.00,1.00
2013.09.18 06:50:26.188,0.99198,0.99201,1.13,1.00
2013.09.18 06:50:35.734,0.99197,0.99201,1.13,3.00
2013.09.18 06:50:36.330,0.99196,0.99199,1.13,1.50
2013.09.18 06:50:36.857,0.99197,0.992,1.13,1.13
2013.09.18 06:50:37.440,0.99197,0.99201,1.88,1.13
2013.09.18 06:50:38.294,0.99197,0.99199,1.38,1.00
2013.09.18 06:50:38.474,0.99196,0.99199,1.13,1.50
2013.09.18 06:50:38.984,0.99197,0.992,1.13,1.13
2013.09.18 06:50:39.492,0.99197,0.99201,1.88,1.13
2013.09.18 06:50:40.494,0.99197,0.99199,1.38,1.00
2013.09.18 06:50:40.734,0.99196,0.99199,1.13,1.50
2013.09.18 06:50:41.264,0.99197,0.99199,1.00,1.13
2013.09.18 06:50:41.504,0.99197,0.99201,1.88,1.13
2013.09.18 06:50:42.904,0.99197,0.99201,1.13,1.88
2013.09.18 06:50:43.452,0.99196,0.99199,1.13,1.50
2013.09.18 06:50:44.554,0.99196,0.99199,1.38,1.13
2013.09.18 06:50:52.475,0.99197,0.99201,1.88,1.00
2013.09.18 06:50:52.834,0.99197,0.99201,1.88,1.38
2013.09.18 06:50:58.776,0.99198,0.99201,1.00,1.38
2013.09.18 06:51:02.764,0.99198,0.99201,1.00,1.75
2013.09.18 06:51:03.304,0.99197,0.99199,1.00,1.00
2013.09.18 06:51:03.824,0.99195,0.99199,1.88,1.50
2013.09.18 06:51:04.834,0.99197,0.99199,1.13,1.00
2013.09.18 06:51:05.459,0.99197,0.992,1.88,1.13
2013.09.18 06:51:06.244,0.99197,0.992,1.50,1.38
2013.09.18 06:51:06.799,0.99195,0.99199,1.88,1.50
2013.09.18 06:51:07.554,0.99196,0.99199,1.38,1.00
2013.09.18 06:51:08.136,0.99195,0.99199,2.63,1.50
2013.09.18 06:51:11.194,0.99195,0.99198,1.88,1.88
2013.09.18 06:51:11.254,0.99195,0.99197,1.88,1.00
2013.09.18 06:51:11.374,0.99193,0.99196,1.00,1.13
2013.09.18 06:51:11.614,0.99191,0.99195,5.25,2.25
2013.09.18 06:51:11.674,0.9919,0.99194,10.73,1.50
2013.09.18 06:51:11.734,0.9919,0.99194,10.50,1.50
2013.09.18 06:51:11.854,0.9919,0.99194,10.88,1.50
2013.09.18 06:51:22.411,0.9919,0.99194,2.63,1.13
2013.09.18 06:51:22.654,0.9919,0.99194,2.63,1.50
2013.09.18 06:51:23.095,0.99188,0.99192,2.25,1.50
2013.09.18 06:51:26.314,0.99188,0.9919,1.00,1.00
2013.09.18 06:51:26.855,0.99186,0.99189,1.38,1.00
2013.09.18 06:51:28.684,0.99186,0.99189,1.38,1.00
2013.09.18 06:51:31.004,0.99188,0.9919,1.38,1.00
2013.09.18 06:51:31.564,0.99188,0.99191,1.13,1.13
2013.09.18 06:51:35.554,0.99187,0.99191,1.88,3.00
2013.09.18 06:51:36.191,0.99185,0.99189,1.38,1.00
2013.09.18 06:51:37.714,0.99186,0.99189,1.38,1.00
2013.09.18 06:51:38.484,0.99185,0.99189,1.13,2.25
2013.09.18 06:51:38.784,0.9918,0.99185,13.50,2.26
2013.09.18 06:51:39.324,0.9918,0.99184,2.63,1.00
2013.09.18 06:51:40.665,0.9918,0.99184,2.63,1.38
2013.09.18 06:51:42.415,0.99181,0.99184,1.00,1.38
2013.09.18 06:51:42.934,0.99181,0.99184,1.00,1.88
2013.09.18 06:51:42.994,0.99181,0.99184,1.00,1.50
2013.09.18 06:51:44.644,0.9918,0.99183,1.00,1.75
2013.09.18 06:51:44.824,0.99178,0.99182,2.25,2.25
2013.09.18 06:51:46.674,0.99177,0.99181,4.13,1.50
2013.09.18 06:51:48.875,0.99178,0.99182,1.13,2.63
2013.09.18 06:51:52.844,0.99179,0.99182,1.38,2.25
2013.09.18 06:52:07.983,0.9918,0.99184,1.50,2.63
2013.09.18 06:52:08.230,0.99176,0.99179,2.25,2.13
2013.09.18 06:52:08.848,0.99175,0.99179,5.25,1.13
2013.09.18 06:52:11.204,0.99175,0.99179,2.63,1.38
2013.09.18 06:52:11.504,0.99175,0.99179,3.38,1.00
2013.09.18 06:52:12.304,0.99177,0.99181,1.88,1.38
2013.09.18 06:52:12.484,0.99177,0.99182,3.38,3.38
2013.09.18 06:52:13.859,0.99177,0.99181,1.88,1.00
2013.09.18 06:52:14.409,0.99175,0.99178,1.50,1.38
2013.09.18 06:52:14.835,0.99174,0.99178,1.88,3.75
2013.09.18 06:52:15.014,0.99175,0.99179,1.88,1.50
2013.09.18 06:52:19.306,0.99178,0.9918,1.00,3.25
2013.09.18 06:52:19.424,0.99178,0.99181,1.00,1.00
2013.09.18 06:52:20.244,0.99177,0.99181,1.88,1.50
2013.09.18 06:52:21.674,0.99177,0.99181,1.13,1.88
2013.09.18 06:52:21.855,0.99175,0.99178,1.13,1.13
2013.09.18 06:52:21.914,0.99173,0.99176,1.88,1.00
2013.09.18 06:52:22.276,0.99171,0.99175,7.13,1.00
2013.09.18 06:52:22.395,0.99171,0.99174,1.00,1.38
2013.09.18 06:52:22.934,0.99171,0.99174,1.00,1.38
2013.09.18 06:52:23.054,0.99171,0.99175,2.25,1.50
2013.09.18 06:52:23.485,0.99171,0.99175,2.63,1.88
2013.09.18 06:52:23.625,0.99171,0.99175,3.00,1.50
2013.09.18 06:52:23.744,0.99171,0.99174,1.13,1.13
2013.09.18 06:52:26.346,0.9917,0.99174,2.25,1.38
2013.09.18 06:52:28.984,0.9917,0.99174,1.00,1.00
2013.09.18 06:52:29.499,0.9917,0.99174,1.00,1.38
2013.09.18 06:52:30.404,0.99171,0.99174,1.00,1.38
2013.09.18 06:52:31.866,0.99171,0.99174,1.38,1.00
2013.09.18 06:52:32.563,0.99171,0.99174,1.00,1.38
2013.09.18 06:52:33.354,0.99171,0.99174,1.00,1.38
2013.09.18 06:52:33.474,0.99171,0.99175,1.50,1.00
2013.09.18 06:52:33.654,0.99174,0.99177,1.00,1.00
2013.09.18 06:52:34.164,0.99175,0.99177,1.00,1.00
2013.09.18 06:52:34.674,0.99175,0.99178,1.38,2.25
2013.09.18 06:52:35.214,0.99175,0.99178,1.13,3.38
2013.09.18 06:52:35.950,0.99175,0.99177,1.13,1.00
2013.09.18 06:52:40.744,0.99175,0.99178,1.13,1.88
2013.09.18 06:52:42.514,0.99175,0.99177,1.13,1.00
2013.09.18 06:52:43.039,0.99175,0.99178,1.13,1.13
2013.09.18 06:52:43.245,0.99174,0.99178,3.00,1.38
2013.09.18 06:52:43.367,0.99173,0.99177,3.38,1.00
2013.09.18 06:52:44.514,0.99174,0.99178,1.38,1.13
2013.09.18 06:52:45.664,0.99174,0.99178,1.38,1.00
2013.09.18 06:52:46.334,0.99174,0.99178,1.38,1.00
2013.09.18 06:52:47.104,0.99175,0.99178,1.13,1.13
2013.09.18 06:52:48.845,0.99173,0.99177,4.13,1.00
2013.09.18 06:52:49.354,0.99173,0.99177,4.13,1.13
2013.09.18 06:52:57.104,0.99173,0.99177,1.88,2.25
2013.09.18 06:52:57.681,0.99173,0.99177,1.88,2.63
2013.09.18 06:52:59.474,0.99175,0.99177,1.00,2.63
2013.09.18 06:52:59.654,0.99175,0.99179,1.88,2.63
2013.09.18 06:53:01.724,0.99175,0.99179,1.88,1.50
2013.09.18 06:53:02.273,0.99175,0.99179,1.88,1.88
2013.09.18 06:53:03.844,0.99175,0.99179,1.88,1.50
2013.09.18 06:53:05.574,0.99175,0.99179,1.88,1.88
2013.09.18 06:53:08.354,0.99175,0.99179,1.50,1.88
2013.09.18 06:53:08.914,0.99175,0.99179,1.88,1.88
2013.09.18 06:53:10.034,0.99175,0.99179,1.88,1.88
2013.09.18 06:53:21.374,0.99175,0.99179,1.50,1.88
2013.09.18 06:53:21.874,0.99175,0.99179,1.88,1.88
2013.09.18 06:53:22.414,0.99175,0.99179,1.88,1.88
2013.09.18 06:53:23.079,0.99175,0.99179,2.25,1.38
2013.09.18 06:53:28.755,0.99174,0.99177,1.13,1.38
2013.09.18 06:53:28.875,0.99173,0.99175,1.00,2.13
2013.09.18 06:53:28.935,0.99171,0.99175,3.38,1.38
2013.09.18 06:53:29.451,0.99171,0.99174,1.13,1.38
2013.09.18 06:53:32.654,0.99171,0.99174,1.13,1.38
2013.09.18 06:53:32.939,0.99171,0.99174,1.13,1.38
2013.09.18 06:53:37.224,0.99172,0.99174,1.00,1.00
2013.09.18 06:53:37.534,0.9917,0.99174,1.50,1.38
2013.09.18 06:53:37.655,0.9917,0.99174,1.88,1.00
2013.09.18 06:53:37.896,0.9917,0.99173,1.88,1.13
2013.09.18 06:53:38.077,0.99169,0.99173,1.88,1.38
2013.09.18 06:53:38.494,0.99163,0.99171,8.63,3.38
2013.09.18 06:53:39.625,0.99168,0.9917,1.50,1.13
2013.09.18 06:53:41.614,0.99168,0.99172,1.88,1.88
2013.09.18 06:53:45.216,0.99168,0.99172,1.88,1.13
2013.09.18 06:53:45.334,0.99168,0.99171,1.00,1.38
2013.09.18 06:53:45.575,0.99168,0.99172,2.63,2.63
2013.09.18 06:53:47.745,0.99168,0.99172,1.88,1.13
2013.09.18 06:53:48.321,0.99169,0.99173,1.50,1.88
2013.09.18 06:53:52.544,0.9917,0.99174,1.00,2.63
2013.09.18 06:53:53.104,0.99171,0.99174,1.88,1.38
2013.09.18 06:53:53.165,0.99172,0.99174,1.00,1.00
2013.09.18 06:53:55.883,0.99172,0.99175,1.00,1.88
2013.09.18 06:53:56.855,0.99173,0.99174,1.00,1.00
2013.09.18 06:53:58.303,0.99173,0.99175,1.00,1.88
2013.09.18 06:53:59.195,0.99173,0.99174,1.00,1.00
2013.09.18 06:54:05.594,0.99172,0.99174,1.13,1.00
2013.09.18 06:54:06.415,0.99172,0.99174,1.00,1.38
2013.09.18 06:54:08.344,0.99173,0.99177,1.00,2.25
2013.09.18 06:54:08.715,0.99174,0.99177,1.00,1.38
2013.09.18 06:54:09.225,0.99175,0.99179,1.00,5.63
2013.09.18 06:54:09.345,0.99175,0.99179,1.00,3.75
2013.09.18 06:54:14.100,0.99175,0.99179,2.63,1.13
2013.09.18 06:54:14.404,0.99179,0.99181,1.00,1.88
2013.09.18 06:54:14.954,0.9918,0.99183,1.00,1.38
2013.09.18 06:54:15.664,0.99179,0.99182,3.25,2.25
2013.09.18 06:54:16.954,0.9918,0.99183,1.13,2.25
2013.09.18 06:54:17.634,0.99179,0.99183,1.38,1.00
2013.09.18 06:54:22.094,0.99178,0.99182,3.38,1.00
2013.09.18 06:54:22.394,0.99176,0.99179,1.50,1.13
2013.09.18 06:54:22.454,0.99176,0.99179,1.50,1.00
2013.09.18 06:54:22.514,0.99178,0.99181,1.13,3.00
2013.09.18 06:54:23.232,0.99179,0.99183,1.00,1.88
2013.09.18 06:54:24.685,0.99178,0.99183,1.00,1.38
2013.09.18 06:54:24.744,0.99178,0.99181,1.00,1.38
2013.09.18 06:54:24.986,0.99175,0.99178,1.00,1.38
2013.09.18 06:54:25.225,0.99177,0.99178,1.00,1.00
2013.09.18 06:54:25.584,0.99175,0.99178,1.13,1.88
2013.09.18 06:54:26.929,0.99175,0.99178,1.38,1.50
2013.09.18 06:54:27.693,0.99175,0.99178,1.00,1.88
2013.09.18 06:54:28.301,0.99172,0.99176,1.38,2.25
2013.09.18 06:54:28.735,0.99171,0.99176,3.38,3.38
2013.09.18 06:54:48.484,0.99172,0.99176,1.50,2.25
2013.09.18 06:54:48.623,0.99174,0.99178,2.13,1.50
2013.09.18 06:54:48.691,0.99176,0.99178,1.00,1.00
2013.09.18 06:54:48.760,0.99178,0.9918,1.50,1.50
2013.09.18 06:54:48.949,0.99179,0.99183,1.88,1.50
2013.09.18 06:54:50.104,0.99179,0.99181,2.25,1.00
2013.09.18 06:54:50.224,0.99179,0.9918,1.88,1.00
2013.09.18 06:54:50.764,0.99179,0.99181,1.38,1.00
2013.09.18 06:54:50.884,0.99179,0.99183,1.38,2.63
2013.09.18 06:54:51.404,0.99179,0.99183,1.13,2.63
2013.09.18 06:54:55.384,0.99179,0.99183,1.00,2.63
2013.09.18 06:54:59.876,0.99177,0.99179,1.13,2.13
2013.09.18 06:55:00.234,0.99172,0.99175,1.50,2.63
2013.09.18 06:55:01.477,0.99172,0.99175,1.88,2.63
2013.09.18 06:55:01.984,0.99171,0.99174,1.13,1.13
2013.09.18 06:55:11.604,0.99171,0.99175,1.00,1.38
2013.09.18 06:55:13.669,0.99171,0.99175,1.13,1.38
2013.09.18 06:55:13.966,0.99171,0.99175,1.00,1.38
2013.09.18 06:55:15.622,0.99171,0.99175,1.00,1.38
2013.09.18 06:55:16.339,0.99171,0.99175,1.13,1.38
2013.09.18 06:55:19.575,0.99172,0.99176,1.00,4.13
2013.09.18 06:55:20.385,0.99171,0.99176,1.00,3.38
2013.09.18 06:55:23.244,0.99172,0.99176,1.00,4.88
2013.09.18 06:55:24.070,0.99171,0.99175,1.00,1.38
2013.09.18 06:55:25.978,0.9917,0.99174,3.00,1.38
2013.09.18 06:55:33.264,0.9917,0.99174,3.38,1.13
2013.09.18 06:55:33.814,0.99172,0.99175,1.00,1.38
2013.09.18 06:55:41.445,0.99172,0.99175,1.00,1.00
2013.09.18 06:55:46.784,0.99173,0.99175,1.13,1.00
2013.09.18 06:55:51.904,0.99174,0.99175,1.00,1.00
2013.09.18 06:55:52.926,0.99173,0.99175,1.13,1.00
2013.09.18 06:55:53.574,0.99174,0.99175,1.00,1.00
2013.09.18 06:55:54.077,0.99173,0.99175,1.13,1.00
2013.09.18 06:55:56.034,0.99173,0.99176,1.13,1.13
2013.09.18 06:55:56.155,0.99172,0.99176,1.00,1.38
2013.09.18 06:56:13.435,0.99173,0.99176,1.00,1.88
2013.09.18 06:56:22.136,0.99174,0.99176,1.00,2.63
2013.09.18 06:56:23.255,0.99173,0.99176,1.50,1.38
2013.09.18 06:56:27.094,0.99174,0.99177,1.00,1.38
2013.09.18 06:56:27.514,0.99174,0.99178,1.50,1.38
2013.09.18 06:56:27.754,0.99176,0.99178,1.00,1.38
2013.09.18 06:56:27.995,0.99178,0.99181,1.00,1.38
2013.09.18 06:56:28.174,0.99179,0.99183,1.00,1.50
2013.09.18 06:56:28.294,0.99179,0.99183,1.00,1.88
2013.09.18 06:56:29.314,0.99178,0.99181,1.00,1.38
2013.09.18 06:56:29.614,0.99179,0.99183,1.88,1.88
2013.09.18 06:56:31.374,0.99179,0.99183,1.50,1.88
2013.09.18 06:56:33.264,0.99179,0.99182,1.00,1.38
2013.09.18 06:56:33.756,0.99177,0.9918,2.63,1.13
2013.09.18 06:56:34.894,0.99178,0.99181,1.13,1.13
2013.09.18 06:56:35.716,0.99179,0.99181,1.00,1.13
2013.09.18 06:56:36.432,0.99178,0.99181,1.88,1.13
2013.09.18 06:56:37.033,0.99179,0.99181,1.00,1.13
2013.09.18 06:56:37.565,0.99178,0.99181,1.88,1.13
2013.09.18 06:56:40.635,0.99178,0.99181,1.50,1.88
2013.09.18 06:56:41.340,0.99176,0.9918,1.88,1.00
2013.09.18 06:56:44.746,0.99172,0.99176,4.13,3.75
2013.09.18 06:56:44.865,0.99171,0.99174,5.25,5.26
2013.09.18 06:56:44.925,0.9917,0.99172,7.13,1.38
2013.09.18 06:56:44.985,0.99169,0.99172,4.13,1.88
2013.09.18 06:56:45.494,0.99168,0.99171,1.88,1.13
2013.09.18 06:56:46.644,0.99169,0.99171,1.00,1.13
2013.09.18 06:56:47.155,0.99169,0.99171,1.00,1.38
2013.09.18 06:56:49.335,0.9917,0.99174,4.35,3.38
2013.09.18 06:56:49.515,0.99174,0.99178,4.13,2.63
2013.09.18 06:56:49.575,0.99172,0.99178,21.00,3.38
2013.09.18 06:56:49.635,0.99174,0.99177,1.75,1.00
2013.09.18 06:56:49.935,0.99177,0.99178,1.30,1.50
2013.09.18 06:56:50.055,0.99174,0.99177,1.00,1.88
2013.09.18 06:56:50.574,0.99174,0.99177,1.00,1.88
2013.09.18 06:56:54.227,0.99173,0.99177,1.88,1.88
2013.09.18 06:56:54.345,0.99175,0.99178,1.38,4.50
2013.09.18 06:56:54.465,0.99175,0.99177,1.00,1.13
2013.09.18 06:56:57.654,0.99173,0.99177,2.63,1.13
2013.09.18 06:57:02.635,0.99173,0.99177,2.25,1.88
2013.09.18 06:57:02.947,0.99173,0.99177,1.88,2.25
2013.09.18 06:57:03.304,0.99173,0.99178,1.88,6.00
2013.09.18 06:57:04.615,0.99176,0.99177,1.88,1.00
2013.09.18 06:57:04.796,0.99176,0.9918,1.38,2.25
2013.09.18 06:57:04.855,0.99176,0.99178,1.00,1.00
2013.09.18 06:57:05.096,0.99174,0.99177,1.38,1.00
2013.09.18 06:57:05.615,0.99174,0.99178,1.13,2.63
2013.09.18 06:57:05.734,0.99174,0.99178,1.38,2.25
2013.09.18 06:57:05.854,0.99174,0.99178,1.38,2.63
2013.09.18 06:57:06.746,0.99173,0.99177,1.88,1.00
2013.09.18 06:57:12.526,0.99173,0.99177,1.88,1.00
2013.09.18 06:57:16.445,0.99174,0.99177,1.00,1.13
2013.09.18 06:57:18.778,0.99173,0.99177,1.88,1.13
2013.09.18 06:57:19.498,0.99174,0.99177,1.00,1.13
2013.09.18 06:57:21.036,0.99173,0.99177,1.88,1.13
2013.09.18 06:57:21.455,0.99174,0.99178,1.38,3.00
2013.09.18 06:57:21.760,0.99174,0.99178,1.88,1.50
2013.09.18 06:57:21.944,0.99174,0.99178,1.88,1.13
2013.09.18 06:57:25.350,0.99174,0.99178,1.88,1.00
2013.09.18 06:57:25.678,0.99174,0.99178,1.88,1.13
2013.09.18 06:57:29.795,0.99174,0.99178,1.88,1.38
2013.09.18 06:57:30.345,0.99174,0.99178,1.50,1.38
2013.09.18 06:57:31.405,0.99174,0.99178,1.88,1.13
2013.09.18 06:57:36.065,0.99174,0.99178,2.63,1.00
2013.09.18 06:57:36.645,0.99176,0.99179,1.38,1.00
2013.09.18 06:57:37.184,0.99178,0.9918,1.13,1.00
2013.09.18 06:57:37.245,0.99178,0.99182,1.88,1.13
2013.09.18 06:57:37.769,0.99179,0.99183,1.00,1.50
2013.09.18 06:57:38.097,0.99181,0.99183,1.00,1.38
2013.09.18 06:57:38.634,0.99181,0.99184,1.00,2.25
2013.09.18 06:57:38.994,0.99179,0.99183,1.13,1.38
2013.09.18 06:57:49.195,0.99178,0.99182,2.63,1.13
2013.09.18 06:57:51.374,0.99179,0.99183,1.38,1.13
2013.09.18 06:57:51.915,0.99181,0.99184,1.00,2.63
2013.09.18 06:57:52.685,0.99183,0.99185,1.38,1.00
2013.09.18 06:57:53.225,0.99184,0.99186,1.50,1.50
2013.09.18 06:57:53.775,0.99184,0.9919,1.50,1.13
2013.09.18 06:57:58.815,0.99185,0.99189,1.00,3.00
2013.09.18 06:57:59.217,0.99187,0.99189,1.00,1.88
2013.09.18 06:58:00.075,0.99187,0.9919,1.75,3.00
2013.09.18 06:58:00.376,0.99186,0.99189,1.00,1.38
2013.09.18 06:58:01.140,0.99185,0.99189,1.13,2.25
2013.09.18 06:58:04.055,0.99186,0.99189,1.88,1.00
2013.09.18 06:58:09.786,0.99186,0.9919,1.88,1.88
2013.09.18 06:58:22.410,0.99186,0.9919,1.38,1.00
2013.09.18 06:58:28.955,0.99185,0.99187,1.50,1.00
2013.09.18 06:58:29.195,0.99175,0.99181,1.88,5.11
2013.09.18 06:58:29.495,0.99175,0.99178,1.00,1.38
2013.09.18 06:58:30.034,0.99173,0.99177,1.88,1.13
2013.09.18 06:58:37.636,0.99175,0.99179,1.88,1.50
2013.09.18 06:58:37.695,0.99175,0.9918,3.00,1.50
2013.09.18 06:58:37.817,0.99178,0.99182,1.13,2.25
2013.09.18 06:58:37.935,0.99179,0.99182,1.38,2.25
2013.09.18 06:58:38.475,0.99181,0.99182,1.00,1.00
2013.09.18 06:58:41.006,0.99181,0.99183,1.00,1.00
2013.09.18 06:58:42.615,0.99181,0.99182,1.00,1.00
2013.09.18 06:58:45.045,0.9918,0.99182,3.63,1.13
2013.09.18 06:58:45.166,0.99178,0.9918,1.00,2.63
2013.09.18 06:58:46.936,0.99177,0.9918,1.38,1.00
2013.09.18 06:58:47.005,0.99178,0.99182,2.63,1.00
2013.09.18 06:58:54.745,0.99178,0.99181,1.50,1.00
2013.09.18 06:58:54.925,0.99177,0.99179,1.00,2.50
2013.09.18 06:58:55.641,0.99173,0.99177,7.50,1.50
2013.09.18 06:58:56.310,0.99175,0.99178,1.88,1.00
2013.09.18 06:58:56.746,0.99175,0.99178,1.88,1.00
2013.09.18 06:58:57.315,0.99175,0.99179,1.88,2.63
2013.09.18 06:58:57.925,0.99175,0.99178,1.13,1.00
2013.09.18 06:58:59.154,0.99175,0.99179,1.88,3.38
2013.09.18 06:58:59.659,0.99175,0.99178,1.13,1.00
2013.09.18 06:59:00.449,0.99176,0.99178,1.00,1.00
2013.09.18 06:59:02.391,0.99176,0.99179,1.00,3.38
2013.09.18 06:59:02.929,0.99176,0.99178,1.00,1.00
2013.09.18 06:59:05.505,0.99175,0.99178,1.13,1.00
2013.09.18 06:59:07.615,0.99175,0.99179,1.88,1.88
2013.09.18 06:59:15.546,0.99177,0.99179,1.00,1.13
2013.09.18 06:59:15.665,0.99178,0.99182,1.88,1.88
2013.09.18 06:59:16.358,0.99178,0.99182,2.63,1.00
2013.09.18 06:59:39.985,0.99178,0.99182,1.88,1.00
2013.09.18 06:59:42.635,0.99179,0.99182,1.13,1.13
2013.09.18 06:59:45.578,0.99179,0.99182,1.38,1.00
2013.09.18 06:59:48.518,0.9918,0.99184,1.88,1.38
2013.09.18 06:59:48.805,0.9918,0.99184,1.88,1.00
2013.09.18 06:59:53.315,0.99181,0.99184,1.38,1.00
2013.09.18 06:59:54.145,0.99183,0.99186,1.38,2.25
2013.09.18 06:59:54.655,0.99184,0.99187,1.38,1.00
2013.09.18 06:59:56.066,0.99184,0.99188,1.88,1.13
2013.09.18 06:59:58.795,0.99183,0.99187,3.75,1.13
