2008.07.09 21:00:01.362,1.0675,1.0677,1.30,1.00
2008.07.09 21:00:02.732,1.0674,1.0676,1.30,1.00
2008.07.09 21:00:04.541,1.06755,1.0676,2.40,1.00
2008.07.09 21:00:04.660,1.0674,1.0676,3.70,1.00
2008.07.09 21:00:06.702,1.06745,1.06755,2.40,1.00
2008.07.09 21:00:06.852,1.06735,1.06755,3.70,1.00
2008.07.09 21:00:07.143,1.0674,1.06745,2.40,1.00
2008.07.09 21:00:07.292,1.06725,1.06745,1.30,1.00
2008.07.09 21:00:08.682,1.06735,1.06755,1.30,1.00
2008.07.09 21:00:12.268,1.06735,1.0676,1.30,1.00
2008.07.09 21:00:15.203,1.06735,1.0676,1.30,5.20
2008.07.09 21:00:15.234,1.06735,1.0676,1.30,2.80
2008.07.09 21:00:15.620,1.0673,1.06755,1.30,2.80
2008.07.09 21:00:17.618,1.06725,1.0675,1.30,1.00
2008.07.09 21:00:21.275,1.06725,1.0675,1.30,5.20
2008.07.09 21:00:21.424,1.0672,1.06745,1.30,1.00
2008.07.09 21:00:31.245,1.06715,1.0674,1.30,1.00
2008.07.09 21:00:41.574,1.06715,1.0674,1.30,2.80
2008.07.09 21:00:44.473,1.06715,1.0674,3.70,2.80
2008.07.09 21:00:45.395,1.06715,1.0674,1.30,2.80
2008.07.09 21:00:49.230,1.06715,1.0674,3.70,2.80
2008.07.09 21:00:50.424,1.06715,1.0674,3.70,1.00
2008.07.09 21:00:59.932,1.06725,1.0674,2.40,1.00
2008.07.09 21:01:03.270,1.06715,1.0674,1.30,2.80
2008.07.09 21:01:04.064,1.06715,1.0674,2.40,2.40
2008.07.09 21:01:07.590,1.0671,1.06735,9.20,2.40
2008.07.09 21:01:22.503,1.0672,1.06745,2.40,2.40
2008.07.09 21:01:22.791,1.06715,1.0674,2.40,2.40
2008.07.09 21:01:22.922,1.06715,1.0674,2.40,7.20
2008.07.09 21:01:45.925,1.06715,1.06735,2.40,2.40
2008.07.09 21:02:17.480,1.0671,1.06735,9.20,2.40
2008.07.09 21:02:17.668,1.0671,1.06735,7.20,2.40
2008.07.09 21:02:22.847,1.0671,1.06735,2.40,2.40
2008.07.09 21:02:24.957,1.06705,1.0673,2.40,2.40
2008.07.09 21:02:27.237,1.0671,1.06735,2.40,2.40
2008.07.09 21:02:29.847,1.0671,1.0673,4.80,3.20
2008.07.09 21:02:38.805,1.0671,1.0673,7.20,3.20
2008.07.09 21:02:40.545,1.0671,1.0673,8.50,1.30
2008.07.09 21:02:47.641,1.0671,1.0673,3.70,1.30
2008.07.09 21:02:53.744,1.0671,1.0673,1.30,1.30
2008.07.09 21:02:53.826,1.0671,1.0673,1.30,6.10
2008.07.09 21:02:53.934,1.067,1.0672,6.10,5.20
2008.07.09 21:02:54.271,1.067,1.0672,6.10,1.30
2008.07.09 21:03:06.929,1.067,1.0672,6.10,5.20
2008.07.09 21:03:07.049,1.06715,1.0672,2.40,1.00
2008.07.09 21:03:07.279,1.0671,1.0673,3.70,3.20
2008.07.09 21:03:07.610,1.0671,1.0673,8.50,3.20
2008.07.09 21:03:07.727,1.0671,1.0673,8.20,3.20
2008.07.09 21:03:16.548,1.0671,1.0673,5.80,3.20
2008.07.09 21:03:18.649,1.0671,1.0673,5.80,2.70
2008.07.09 21:03:18.990,1.0671,1.0673,4.80,1.50
2008.07.09 21:03:19.788,1.0671,1.0673,7.20,1.50
2008.07.09 21:03:20.228,1.0671,1.0673,8.20,3.20
2008.07.09 21:03:20.937,1.0671,1.0673,5.80,3.20
2008.07.09 21:03:21.975,1.0671,1.0673,8.20,3.20
2008.07.09 21:03:26.440,1.06715,1.0673,1.00,3.20
2008.07.09 21:03:35.785,1.0671,1.0673,5.80,1.50
2008.07.09 21:03:37.081,1.0671,1.06725,4.80,1.00
2008.07.09 21:03:51.649,1.0671,1.0673,5.80,1.50
2008.07.09 21:03:51.859,1.06715,1.0673,1.00,3.20
2008.07.09 21:03:52.272,1.0672,1.0673,2.40,1.50
2008.07.09 21:03:52.478,1.0672,1.0673,4.80,1.00
2008.07.09 21:03:53.859,1.06715,1.0673,2.40,1.50
2008.07.09 21:03:53.929,1.06705,1.0673,3.40,1.50
2008.07.09 21:03:54.018,1.0671,1.06725,2.40,1.00
2008.07.09 21:03:57.506,1.0671,1.06725,4.80,1.00
2008.07.09 21:03:59.387,1.0671,1.0672,4.80,1.00
2008.07.09 21:04:02.003,1.0671,1.06725,4.80,1.00
2008.07.09 21:04:04.844,1.0671,1.0673,4.80,1.50
2008.07.09 21:04:08.640,1.0671,1.06725,4.80,1.00
2008.07.09 21:04:08.972,1.0671,1.0673,4.80,1.50
2008.07.09 21:04:10.904,1.0671,1.0673,7.20,1.50
2008.07.09 21:04:11.213,1.0671,1.0673,8.20,1.50
2008.07.09 21:04:11.392,1.0671,1.0673,7.20,1.50
2008.07.09 21:04:12.173,1.0671,1.06725,7.20,1.00
2008.07.09 21:04:12.516,1.0671,1.0673,7.20,1.50
2008.07.09 21:04:14.484,1.0671,1.0673,4.80,1.50
2008.07.09 21:04:14.548,1.0671,1.06725,4.80,1.00
2008.07.09 21:04:16.003,1.067,1.0671,1.00,2.70
2008.07.09 21:04:16.352,1.067,1.0671,7.20,1.00
2008.07.09 21:04:16.701,1.067,1.0672,8.20,3.20
2008.07.09 21:04:17.343,1.067,1.0672,3.40,3.20
2008.07.09 21:04:22.580,1.067,1.0672,8.20,3.20
2008.07.09 21:04:22.781,1.06705,1.0672,1.00,3.20
2008.07.09 21:04:34.767,1.0671,1.0672,4.80,2.40
2008.07.09 21:04:34.898,1.0671,1.0673,4.80,1.50
2008.07.09 21:04:39.858,1.0671,1.0673,4.80,2.60
2008.07.09 21:04:39.936,1.0671,1.0673,7.20,1.00
2008.07.09 21:04:40.526,1.06715,1.0674,1.00,1.50
2008.07.09 21:04:42.417,1.06715,1.0674,1.00,3.90
2008.07.09 21:04:44.175,1.0671,1.06735,5.80,3.10
2008.07.09 21:04:44.354,1.0671,1.0673,5.80,1.00
2008.07.09 21:04:44.427,1.0671,1.0673,5.80,3.20
2008.07.09 21:04:56.742,1.0671,1.0673,5.80,1.00
2008.07.09 21:04:56.883,1.06715,1.0674,1.00,1.50
2008.07.09 21:05:00.012,1.06715,1.0673,1.00,2.40
2008.07.09 21:05:00.182,1.0671,1.06725,4.80,1.00
2008.07.09 21:05:01.355,1.0671,1.06725,4.80,1.20
2008.07.09 21:05:01.677,1.0671,1.0673,4.80,2.00
2008.07.09 21:05:02.754,1.0671,1.06725,4.80,4.50
2008.07.09 21:05:14.579,1.06715,1.0673,3.00,1.00
2008.07.09 21:05:14.716,1.06715,1.06735,4.20,4.50
2008.07.09 21:05:15.253,1.0672,1.06735,1.00,3.80
2008.07.09 21:05:15.346,1.06725,1.06735,1.00,3.80
2008.07.09 21:05:15.985,1.0672,1.06735,3.30,4.50
2008.07.09 21:05:16.332,1.0672,1.06735,1.00,4.50
2008.07.09 21:05:16.682,1.0672,1.06735,1.00,3.80
2008.07.09 21:05:18.554,1.06715,1.0673,2.00,3.80
2008.07.09 21:05:18.722,1.06715,1.0673,1.00,3.80
2008.07.09 21:05:19.214,1.06715,1.0673,1.00,4.60
2008.07.09 21:05:41.119,1.06715,1.0673,1.00,3.80
2008.07.09 21:05:41.228,1.0672,1.0674,1.00,12.80
2008.07.09 21:05:41.336,1.0672,1.06735,1.00,4.50
2008.07.09 21:05:41.666,1.0672,1.06735,1.00,3.80
2008.07.09 21:05:42.489,1.06715,1.06735,4.20,4.50
2008.07.09 21:05:45.681,1.06715,1.06735,4.60,4.50
2008.07.09 21:05:45.742,1.0672,1.0674,3.00,6.10
2008.07.09 21:05:46.395,1.0672,1.0674,7.80,6.10
2008.07.09 21:05:47.386,1.0672,1.0673,3.00,1.00
2008.07.09 21:05:47.446,1.0672,1.0673,3.00,1.30
2008.07.09 21:05:47.511,1.06715,1.06725,1.00,4.50
2008.07.09 21:05:47.681,1.0671,1.06725,6.70,4.50
2008.07.09 21:05:47.737,1.0671,1.06725,4.80,4.50
2008.07.09 21:05:47.947,1.0671,1.06725,5.70,3.80
2008.07.09 21:06:10.913,1.0672,1.06725,1.00,1.00
2008.07.09 21:06:10.989,1.0672,1.0673,1.00,1.60
2008.07.09 21:06:11.261,1.0672,1.06735,1.00,3.80
2008.07.09 21:06:13.311,1.06715,1.06725,1.00,3.80
2008.07.09 21:06:14.259,1.0671,1.06725,5.70,3.80
2008.07.09 21:06:30.727,1.0671,1.06725,6.70,2.80
2008.07.09 21:06:32.883,1.0671,1.06725,6.70,3.60
2008.07.09 21:06:33.037,1.0671,1.06725,7.20,3.60
2008.07.09 21:06:33.306,1.0672,1.0673,1.90,1.00
2008.07.09 21:06:33.575,1.0672,1.06735,1.90,2.80
2008.07.09 21:06:34.416,1.0672,1.06735,1.00,3.80
2008.07.09 21:06:34.688,1.06725,1.0674,1.00,5.40
2008.07.09 21:06:35.006,1.0672,1.06735,5.70,3.80
2008.07.09 21:06:35.332,1.0672,1.06735,5.70,4.50
2008.07.09 21:06:37.316,1.06715,1.06725,1.00,3.80
2008.07.09 21:06:37.423,1.0671,1.06725,5.70,3.80
2008.07.09 21:06:53.820,1.0671,1.06725,5.70,4.30
2008.07.09 21:06:54.001,1.0671,1.0672,4.80,3.80
2008.07.09 21:06:54.184,1.0671,1.0672,4.80,4.50
2008.07.09 21:06:57.238,1.0671,1.0672,5.70,1.00
2008.07.09 21:06:57.379,1.0671,1.06725,5.70,3.80
2008.07.09 21:07:13.068,1.06715,1.0673,1.00,5.80
2008.07.09 21:07:13.326,1.06715,1.0673,2.00,4.60
2008.07.09 21:07:17.165,1.06715,1.0673,2.00,5.10
2008.07.09 21:07:17.276,1.06715,1.06725,1.00,3.80
2008.07.09 21:07:17.384,1.0671,1.06725,5.70,3.80
2008.07.09 21:07:39.868,1.0671,1.06725,5.70,4.30
2008.07.09 21:07:39.951,1.0671,1.0672,4.80,3.80
2008.07.09 21:07:40.345,1.0671,1.0672,4.80,4.50
2008.07.09 21:07:47.847,1.0671,1.0672,5.20,4.50
2008.07.09 21:07:47.960,1.0672,1.0673,1.00,4.70
2008.07.09 21:07:48.191,1.0672,1.06735,1.00,3.80
2008.07.09 21:08:03.683,1.06725,1.0674,1.00,8.20
2008.07.09 21:08:03.794,1.06725,1.0674,1.00,5.40
2008.07.09 21:08:06.872,1.06725,1.0674,1.00,5.80
2008.07.09 21:08:07.112,1.0672,1.06735,5.70,4.50
2008.07.09 21:08:11.432,1.06725,1.06735,1.00,1.20
2008.07.09 21:08:11.511,1.06725,1.06735,1.00,1.00
2008.07.09 21:08:12.029,1.06725,1.0674,1.00,5.40
2008.07.09 21:08:13.204,1.0672,1.06735,5.70,3.80
2008.07.09 21:08:13.260,1.0672,1.06735,5.70,4.50
2008.07.09 21:08:17.710,1.06725,1.06735,1.00,1.00
2008.07.09 21:08:18.070,1.06725,1.0674,1.00,5.40
2008.07.09 21:08:42.175,1.06725,1.0674,1.00,5.20
2008.07.09 21:08:50.177,1.0672,1.06735,5.70,3.80
2008.07.09 21:08:50.308,1.0672,1.06735,1.00,3.80
2008.07.09 21:08:53.158,1.0672,1.06735,1.00,4.40
2008.07.09 21:08:53.261,1.0672,1.06735,1.00,3.80
2008.07.09 21:08:57.747,1.06725,1.0674,1.00,7.60
2008.07.09 21:09:18.924,1.06725,1.0674,1.00,5.20
2008.07.09 21:09:19.481,1.0672,1.0674,7.80,6.00
2008.07.09 21:09:27.109,1.0672,1.0674,7.80,5.80
2008.07.09 21:09:45.749,1.0672,1.0674,7.80,8.20
2008.07.09 21:09:47.841,1.0672,1.0674,11.60,8.20
2008.07.09 21:09:59.515,1.0672,1.0674,6.80,8.20
2008.07.09 21:09:59.664,1.0673,1.0674,3.80,4.50
2008.07.09 21:10:04.207,1.0672,1.0673,4.30,1.00
2008.07.09 21:10:04.334,1.0672,1.0673,4.30,4.50
2008.07.09 21:10:14.547,1.06715,1.0673,1.40,4.50
2008.07.09 21:10:24.932,1.06715,1.06725,1.40,4.50
2008.07.09 21:10:25.110,1.0671,1.06725,7.60,4.50
2008.07.09 21:10:29.039,1.0671,1.0673,10.60,5.40
2008.07.09 21:10:29.561,1.0671,1.0673,15.40,5.40
2008.07.09 21:10:34.153,1.0671,1.0673,14.00,5.80
2008.07.09 21:11:07.223,1.0671,1.0673,11.10,5.80
2008.07.09 21:11:15.943,1.0671,1.0673,8.70,5.80
2008.07.09 21:11:26.186,1.0671,1.06725,5.70,4.50
2008.07.09 21:11:26.274,1.0672,1.06725,1.00,4.50
2008.07.09 21:11:30.333,1.0672,1.0673,1.00,1.60
2008.07.09 21:11:30.445,1.0672,1.0673,1.00,1.20
2008.07.09 21:11:30.584,1.06715,1.0673,1.40,3.30
2008.07.09 21:11:36.613,1.06715,1.0673,1.40,4.50
2008.07.09 21:11:37.348,1.06715,1.0673,1.40,6.90
2008.07.09 21:11:37.822,1.0671,1.0673,5.40,6.90
2008.07.09 21:11:40.285,1.06715,1.06725,4.40,3.30
2008.07.09 21:11:41.142,1.06715,1.0673,1.40,6.90
2008.07.09 21:11:41.572,1.0671,1.0673,8.70,7.40
2008.07.09 21:11:41.921,1.0671,1.0673,8.70,8.20
2008.07.09 21:11:42.650,1.0671,1.0673,8.70,6.30
2008.07.09 21:11:42.790,1.0671,1.0673,8.70,8.20
2008.07.09 21:11:43.066,1.0671,1.0673,3.90,8.20
2008.07.09 21:11:43.321,1.0672,1.06725,1.00,4.50
2008.07.09 21:11:45.422,1.0671,1.0673,3.90,8.20
2008.07.09 21:11:46.093,1.0671,1.0673,8.70,8.20
2008.07.09 21:12:03.032,1.0671,1.0673,7.80,8.20
2008.07.09 21:12:12.294,1.0671,1.0673,7.80,5.80
2008.07.09 21:12:48.065,1.0671,1.0673,3.00,6.30
2008.07.09 21:12:48.099,1.06705,1.06725,4.40,4.50
2008.07.09 21:13:02.674,1.0671,1.0673,3.00,5.80
2008.07.09 21:13:03.123,1.0671,1.0673,7.80,5.80
2008.07.09 21:13:10.897,1.0671,1.0673,3.00,5.80
2008.07.09 21:13:11.042,1.0671,1.0673,3.00,6.30
2008.07.09 21:13:11.506,1.06705,1.06725,6.80,4.50
2008.07.09 21:13:17.991,1.06715,1.06725,2.40,4.50
2008.07.09 21:13:18.123,1.0671,1.06725,3.80,4.50
2008.07.09 21:13:18.358,1.06715,1.06725,3.30,4.50
2008.07.09 21:13:18.971,1.0671,1.0673,5.40,6.30
2008.07.09 21:13:19.104,1.06715,1.0673,3.80,4.50
2008.07.09 21:13:21.797,1.06715,1.0673,1.40,4.50
2008.07.09 21:13:24.095,1.0671,1.0673,6.80,4.50
2008.07.09 21:13:24.395,1.06715,1.06735,3.00,5.50
2008.07.09 21:13:24.493,1.06715,1.06735,3.00,5.00
2008.07.09 21:13:24.565,1.06715,1.06735,4.40,5.00
2008.07.09 21:13:29.158,1.06715,1.06735,3.00,5.00
2008.07.09 21:13:35.484,1.06715,1.06735,3.00,7.40
2008.07.09 21:13:46.042,1.06715,1.06735,4.40,5.00
2008.07.09 21:13:50.070,1.0672,1.06735,3.00,2.20
2008.07.09 21:13:50.341,1.0672,1.06735,3.00,1.30
2008.07.09 21:13:50.499,1.0672,1.0674,3.00,7.40
2008.07.09 21:13:54.004,1.0672,1.0674,3.00,5.00
2008.07.09 21:13:58.492,1.0672,1.0674,3.00,5.50
2008.07.09 21:13:58.768,1.06715,1.06735,4.40,5.00
2008.07.09 21:14:07.880,1.0672,1.06735,3.00,1.00
2008.07.09 21:14:08.042,1.0672,1.0674,3.00,5.00
2008.07.09 21:14:13.359,1.0672,1.0674,3.00,5.50
2008.07.09 21:14:13.713,1.06715,1.06735,4.40,5.00
2008.07.09 21:14:50.310,1.0672,1.06735,3.00,1.30
2008.07.09 21:14:50.476,1.0672,1.0674,3.00,7.40
2008.07.09 21:14:52.105,1.0672,1.0674,3.00,5.00
2008.07.09 21:15:09.576,1.0672,1.0674,4.40,5.00
2008.07.09 21:15:09.690,1.0672,1.0674,3.00,5.00
2008.07.09 21:15:17.547,1.0672,1.06735,3.00,1.00
2008.07.09 21:15:54.922,1.06715,1.0673,4.90,1.00
2008.07.09 21:15:54.991,1.06715,1.0673,4.40,1.00
2008.07.09 21:16:02.263,1.06715,1.0673,3.00,1.30
2008.07.09 21:16:02.621,1.06715,1.0673,4.40,1.00
2008.07.09 21:16:13.915,1.06715,1.0673,4.40,3.30
2008.07.09 21:16:14.446,1.06715,1.0673,4.40,1.00
2008.07.09 21:16:21.268,1.0672,1.06735,3.00,1.00
2008.07.09 21:16:21.844,1.0672,1.06735,7.80,1.00
2008.07.09 21:16:22.149,1.0672,1.06735,3.00,1.00
2008.07.09 21:16:22.456,1.06715,1.0673,4.40,1.00
2008.07.09 21:16:26.774,1.0671,1.06725,7.80,1.00
2008.07.09 21:16:27.847,1.06715,1.0673,3.00,1.30
2008.07.09 21:16:28.132,1.06715,1.0673,4.40,1.00
2008.07.09 21:16:45.218,1.06715,1.0673,4.90,1.00
2008.07.09 21:16:45.569,1.0672,1.06735,3.00,1.30
2008.07.09 21:16:45.789,1.0672,1.06735,7.80,1.00
2008.07.09 21:16:47.309,1.06725,1.0674,3.00,2.10
2008.07.09 21:16:47.846,1.06725,1.0674,3.00,1.80
2008.07.09 21:16:57.145,1.06725,1.0674,3.40,1.80
2008.07.09 21:16:57.269,1.0673,1.06745,7.80,1.30
2008.07.09 21:16:57.396,1.0673,1.06745,9.70,1.00
2008.07.09 21:16:57.516,1.06735,1.0675,3.00,2.10
2008.07.09 21:16:57.634,1.06735,1.0675,3.00,1.80
2008.07.09 21:16:59.909,1.0673,1.06745,11.60,1.00
2008.07.09 21:17:00.006,1.0673,1.06745,9.20,1.00
2008.07.09 21:17:04.996,1.06735,1.0675,3.00,2.10
2008.07.09 21:17:05.462,1.06735,1.0675,3.00,1.80
2008.07.09 21:17:10.395,1.0673,1.0674,6.20,1.00
2008.07.09 21:17:10.874,1.0673,1.0674,4.80,1.00
2008.07.09 21:17:15.400,1.0673,1.06745,7.80,1.30
2008.07.09 21:17:15.944,1.0673,1.06745,9.20,1.00
2008.07.09 21:17:17.623,1.06735,1.0675,3.00,1.80
2008.07.09 21:17:21.721,1.0673,1.06745,9.20,1.00
2008.07.09 21:17:21.922,1.0673,1.0674,6.20,1.00
2008.07.09 21:17:22.011,1.0673,1.0674,4.80,1.00
2008.07.09 21:17:25.867,1.0673,1.06745,7.80,1.30
2008.07.09 21:17:26.069,1.0673,1.06745,9.20,1.00
2008.07.09 21:17:26.439,1.06735,1.0675,3.00,2.10
2008.07.09 21:17:26.958,1.06735,1.0675,3.00,1.80
2008.07.09 21:18:24.237,1.0673,1.06745,11.60,1.00
2008.07.09 21:18:24.466,1.0673,1.06745,9.20,1.00
2008.07.09 21:18:52.702,1.0673,1.0674,6.20,1.00
2008.07.09 21:18:53.039,1.0673,1.0674,4.80,1.00
2008.07.09 21:19:16.505,1.0673,1.0674,7.20,1.00
2008.07.09 21:19:29.416,1.0673,1.0674,5.20,1.00
2008.07.09 21:19:29.491,1.0673,1.06745,11.60,1.00
2008.07.09 21:19:29.685,1.0673,1.06745,11.80,1.00
2008.07.09 21:19:29.762,1.06735,1.0675,3.00,5.10
2008.07.09 21:19:29.838,1.06735,1.0675,3.40,7.00
2008.07.09 21:19:29.962,1.06735,1.0675,5.60,5.10
2008.07.09 21:19:29.997,1.06735,1.0675,5.60,4.20
2008.07.09 21:19:31.891,1.06735,1.0675,7.50,2.20
2008.07.09 21:19:31.933,1.06735,1.06745,4.40,1.00
2008.07.09 21:19:31.959,1.06735,1.06745,3.30,1.00
2008.07.09 21:19:32.001,1.06735,1.06745,1.00,1.00
2008.07.09 21:19:32.218,1.0673,1.06745,14.20,1.00
2008.07.09 21:19:34.615,1.06735,1.0675,3.00,4.50
2008.07.09 21:19:34.715,1.06735,1.0675,4.90,2.60
2008.07.09 21:19:34.816,1.06735,1.0675,5.40,4.50
2008.07.09 21:19:34.923,1.06735,1.0675,5.40,4.20
2008.07.09 21:19:35.026,1.06735,1.0675,5.60,4.20
2008.07.09 21:19:36.112,1.06735,1.0675,7.50,4.20
2008.07.09 21:19:36.276,1.06735,1.06745,3.30,1.00
2008.07.09 21:19:36.438,1.06735,1.06745,1.00,1.00
2008.07.09 21:19:36.593,1.0673,1.06745,14.20,1.00
2008.07.09 21:19:43.350,1.06735,1.0675,3.00,4.50
2008.07.09 21:19:43.579,1.06735,1.0675,5.40,5.50
2008.07.09 21:19:43.748,1.06735,1.0675,8.00,4.20
2008.07.09 21:20:31.206,1.06735,1.0675,8.00,3.20
2008.07.09 21:20:31.301,1.06735,1.0675,5.60,3.20
2008.07.09 21:20:36.511,1.06735,1.0675,7.00,3.20
2008.07.09 21:20:42.007,1.06735,1.0675,6.80,3.20
2008.07.09 21:20:47.857,1.06735,1.0675,5.40,3.20
2008.07.09 21:20:49.659,1.06735,1.0675,5.60,3.20
2008.07.09 21:20:52.142,1.06735,1.0675,7.50,1.30
2008.07.09 21:20:52.449,1.06735,1.0675,6.30,2.20
2008.07.09 21:20:52.488,1.06735,1.0675,3.30,6.80
2008.07.09 21:20:52.534,1.06735,1.0675,1.00,6.80
2008.07.09 21:20:52.657,1.0673,1.0675,11.80,6.80
2008.07.09 21:20:52.867,1.0673,1.0675,11.80,7.30
2008.07.09 21:20:55.881,1.0673,1.0675,15.70,7.30
2008.07.09 21:20:55.928,1.06735,1.0675,1.00,9.20
2008.07.09 21:20:56.135,1.06735,1.0675,2.40,7.80
2008.07.09 21:20:56.347,1.06735,1.0675,5.60,3.20
2008.07.09 21:21:14.456,1.0674,1.0675,1.00,3.20
2008.07.09 21:21:14.609,1.0674,1.06755,8.60,1.30
2008.07.09 21:21:14.718,1.0675,1.06775,1.40,3.70
2008.07.09 21:21:15.777,1.0675,1.06775,1.40,1.30
2008.07.09 21:21:16.000,1.0675,1.06775,1.40,1.00
2008.07.09 21:21:32.910,1.06745,1.0675,2.20,1.00
2008.07.09 21:21:33.143,1.0674,1.0675,9.20,1.00
2008.07.09 21:21:33.407,1.0674,1.0675,7.20,1.00
2008.07.09 21:21:34.666,1.0674,1.0675,7.20,1.90
2008.07.09 21:21:38.321,1.0674,1.0675,7.20,1.00
2008.07.09 21:21:38.488,1.0674,1.06755,9.60,1.00
2008.07.09 21:21:38.648,1.0674,1.06755,12.00,1.00
2008.07.09 21:21:38.854,1.0675,1.06775,1.40,1.00
2008.07.09 21:21:39.023,1.0675,1.06765,4.90,1.00
2008.07.09 21:21:39.466,1.0675,1.06765,6.80,1.00
2008.07.09 21:21:47.114,1.06755,1.06765,1.00,1.00
2008.07.09 21:21:47.260,1.06755,1.0677,5.40,1.00
2008.07.09 21:21:49.161,1.0676,1.06775,3.00,2.70
2008.07.09 21:21:49.374,1.0676,1.06775,9.20,1.00
2008.07.09 21:21:49.512,1.0676,1.06775,9.40,1.00
2008.07.09 21:21:49.862,1.0676,1.06775,14.20,1.00
2008.07.09 21:21:51.025,1.06765,1.0678,3.40,4.50
2008.07.09 21:21:51.223,1.06765,1.0678,5.40,1.30
2008.07.09 21:21:51.421,1.06765,1.0678,5.40,1.00
2008.07.09 21:21:55.011,1.06765,1.0678,5.40,1.90
2008.07.09 21:21:55.074,1.06765,1.0678,4.90,2.70
2008.07.09 21:21:55.133,1.06765,1.0678,3.00,3.70
2008.07.09 21:21:55.170,1.0676,1.06775,14.20,1.00
2008.07.09 21:22:11.108,1.0676,1.06775,9.40,1.00
2008.07.09 21:22:17.250,1.0676,1.06775,14.20,1.00
2008.07.09 21:22:36.508,1.0676,1.06775,14.70,1.00
2008.07.09 21:22:36.692,1.0677,1.06775,7.20,1.00
2008.07.09 21:24:37.070,1.0677,1.06775,4.80,1.00
2008.07.09 21:24:42.677,1.06765,1.0677,8.80,1.00
2008.07.09 21:24:42.712,1.0677,1.06775,7.20,5.10
2008.07.09 21:24:42.975,1.06765,1.0677,8.80,1.00
2008.07.09 21:24:43.132,1.0676,1.0677,7.20,1.00
2008.07.09 21:24:43.490,1.06755,1.0677,8.00,4.20
2008.07.09 21:25:36.095,1.06765,1.0678,9.20,9.40
2008.07.09 21:25:36.121,1.06765,1.0678,9.20,5.10
2008.07.09 21:25:36.168,1.06765,1.0678,9.40,4.20
2008.07.09 21:25:36.216,1.06765,1.0678,7.00,4.20
2008.07.09 21:25:36.381,1.06765,1.0678,9.40,4.20
2008.07.09 21:25:41.105,1.06765,1.06775,6.30,1.00
2008.07.09 21:25:41.188,1.06765,1.06775,5.80,1.00
2008.07.09 21:25:41.267,1.06765,1.06775,4.80,1.00
2008.07.09 21:25:41.349,1.06765,1.06775,2.40,1.00
2008.07.09 21:25:41.499,1.06765,1.06775,1.40,1.00
2008.07.09 21:25:42.276,1.0676,1.06775,14.20,1.00
2008.07.09 21:25:42.478,1.0676,1.0677,10.00,1.00
2008.07.09 21:25:42.659,1.0676,1.0677,7.20,1.00
2008.07.09 21:25:45.732,1.0676,1.06775,10.20,1.30
2008.07.09 21:25:45.856,1.0676,1.06775,14.00,1.00
2008.07.09 21:25:45.986,1.0676,1.06775,14.20,1.00
2008.07.09 21:26:10.035,1.0676,1.06775,12.60,2.40
2008.07.09 21:26:10.194,1.0676,1.0677,9.60,1.00
2008.07.09 21:26:10.353,1.0676,1.0677,8.60,1.00
2008.07.09 21:26:10.662,1.0676,1.0677,1.40,4.20
2008.07.09 21:26:10.821,1.06755,1.0677,8.00,4.20
2008.07.09 21:26:22.114,1.06755,1.0676,4.90,1.00
2008.07.09 21:26:22.208,1.06755,1.0676,2.00,1.00
2008.07.09 21:26:22.239,1.06755,1.0676,1.00,1.00
2008.07.09 21:26:22.546,1.0675,1.0676,7.20,1.00
2008.07.09 21:27:35.195,1.0675,1.06765,7.20,6.40
2008.07.09 21:28:28.197,1.0675,1.06765,10.20,1.80
2008.07.09 21:28:28.317,1.0675,1.06765,12.60,1.40
2008.07.09 21:28:28.363,1.0676,1.06765,4.80,1.40
2008.07.09 21:28:28.461,1.0676,1.06765,7.80,1.40
2008.07.09 21:28:28.502,1.0676,1.06765,8.20,1.00
2008.07.09 21:28:28.675,1.0676,1.06765,9.70,1.00
2008.07.09 21:28:28.756,1.0676,1.0678,11.60,13.80
2008.07.09 21:28:28.965,1.0676,1.0678,11.60,10.20
2008.07.09 21:28:36.718,1.0676,1.0678,10.20,10.20
2008.07.09 21:28:49.532,1.0676,1.06775,10.20,2.40
2008.07.09 21:28:49.773,1.0676,1.06775,10.20,3.30
2008.07.09 21:28:49.996,1.0676,1.06775,10.20,2.70
2008.07.09 21:28:54.952,1.0676,1.06775,10.20,3.70
2008.07.09 21:28:56.267,1.0676,1.06775,10.20,1.30
2008.07.09 21:28:56.466,1.0676,1.06775,10.20,1.00
2008.07.09 21:28:56.903,1.0676,1.0678,10.20,10.20
2008.07.09 21:28:58.392,1.0676,1.06775,10.20,2.40
2008.07.09 21:28:58.519,1.0676,1.06775,10.20,3.30
2008.07.09 21:28:58.656,1.0676,1.06775,10.20,3.70
2008.07.09 21:29:04.071,1.0676,1.06775,7.20,8.40
2008.07.09 21:29:04.230,1.0676,1.06775,9.10,8.40
2008.07.09 21:29:04.528,1.0676,1.06775,7.20,9.30
2008.07.09 21:29:04.689,1.0676,1.0677,2.40,1.00
2008.07.09 21:29:04.913,1.06755,1.0677,5.40,3.20
2008.07.09 21:29:09.663,1.06755,1.0677,5.40,4.50
2008.07.09 21:29:15.158,1.06755,1.0677,5.40,4.20
2008.07.09 21:29:19.178,1.06755,1.0677,3.40,5.10
2008.07.09 21:29:19.279,1.0675,1.06765,11.80,2.40
2008.07.09 21:29:19.377,1.0675,1.06765,10.40,2.40
2008.07.09 21:29:19.477,1.0675,1.06765,10.20,3.30
2008.07.09 21:29:20.569,1.0675,1.06765,10.20,1.00
2008.07.09 21:29:20.777,1.0675,1.0677,10.20,10.20
2008.07.09 21:29:23.432,1.0675,1.0677,11.60,10.20
2008.07.09 21:29:23.881,1.0675,1.06765,11.60,2.40
2008.07.09 21:29:24.317,1.0675,1.06765,11.60,3.30
2008.07.09 21:29:24.544,1.0675,1.06765,13.50,3.30
2008.07.09 21:29:24.777,1.0675,1.06765,8.60,8.80
2008.07.09 21:29:25.005,1.0675,1.06765,7.20,9.30
2008.07.09 21:29:25.234,1.0675,1.0676,4.80,2.40
2008.07.09 21:29:25.467,1.06745,1.0676,6.80,3.20
2008.07.09 21:29:27.301,1.06745,1.0676,7.00,3.20
2008.07.09 21:29:43.421,1.06745,1.0676,6.80,3.20
2008.07.09 21:29:44.988,1.06745,1.0676,7.00,3.20
2008.07.09 21:29:49.578,1.06745,1.0676,6.80,3.20
2008.07.09 21:29:58.224,1.06745,1.0676,7.00,3.20
2008.07.09 21:29:58.687,1.06745,1.0676,6.80,3.20
2008.07.09 21:29:59.375,1.06745,1.0676,7.00,3.20
2008.07.09 21:30:01.075,1.06745,1.0676,9.00,3.20
2008.07.09 21:30:01.509,1.06745,1.0676,7.80,3.20
2008.07.09 21:30:02.649,1.0675,1.0676,1.00,3.20
2008.07.09 21:30:02.812,1.0676,1.06765,1.00,6.30
2008.07.09 21:30:02.984,1.0676,1.06765,3.30,1.90
2008.07.09 21:30:03.078,1.0676,1.06765,8.10,1.30
2008.07.09 21:30:03.287,1.0676,1.06765,9.60,1.00
2008.07.09 21:30:03.403,1.0676,1.06765,12.60,1.00
2008.07.09 21:30:03.726,1.06765,1.06775,1.00,1.70
2008.07.09 21:30:03.814,1.06765,1.06775,1.00,1.00
2008.07.09 21:30:05.632,1.0676,1.0678,8.60,4.50
2008.07.09 21:30:19.775,1.0676,1.0677,8.60,2.40
2008.07.09 21:30:19.875,1.0676,1.0677,8.60,3.30
2008.07.09 21:30:28.691,1.0676,1.0677,8.60,1.00
2008.07.09 21:30:28.733,1.0676,1.06775,8.60,3.30
2008.07.09 21:30:28.834,1.0676,1.06775,7.20,3.70
2008.07.09 21:30:29.050,1.0676,1.06775,8.60,1.00
2008.07.09 21:30:29.410,1.0676,1.0678,8.60,4.50
2008.07.09 21:30:32.708,1.0676,1.06775,8.60,2.40
2008.07.09 21:30:32.866,1.0676,1.06775,7.20,2.70
2008.07.09 21:30:33.017,1.0676,1.06775,7.20,3.70
2008.07.09 21:30:33.244,1.0676,1.0677,4.80,2.40
2008.07.09 21:30:33.471,1.06755,1.0677,3.80,3.20
2008.07.09 21:30:36.918,1.06765,1.0677,1.00,1.00
2008.07.09 21:30:36.991,1.06765,1.06775,1.00,3.70
2008.07.09 21:30:37.166,1.06765,1.06775,1.90,3.30
2008.07.09 21:30:37.300,1.06765,1.06775,1.90,1.00
2008.07.09 21:30:37.591,1.06765,1.0678,1.90,3.20
2008.07.09 21:30:46.663,1.06765,1.0678,1.40,3.20
2008.07.09 21:30:46.872,1.0676,1.0678,10.60,3.60
2008.07.09 21:30:47.003,1.0676,1.0678,8.60,4.50
2008.07.09 21:30:48.712,1.06775,1.0678,1.00,3.70
2008.07.09 21:30:48.944,1.0677,1.0678,7.20,3.70
2008.07.09 21:30:49.074,1.0676,1.0678,9.60,3.70
2008.07.09 21:30:49.206,1.06765,1.0678,1.40,3.30
2008.07.09 21:30:55.611,1.0676,1.0678,10.60,3.70
2008.07.09 21:30:55.732,1.0676,1.0678,8.60,3.70
2008.07.09 21:30:56.130,1.0676,1.0678,8.60,4.50
2008.07.09 21:31:04.004,1.0676,1.06775,8.60,2.40
2008.07.09 21:31:04.499,1.0676,1.06775,8.60,3.30
2008.07.09 21:31:08.744,1.0676,1.06775,8.60,1.00
2008.07.09 21:31:08.959,1.0676,1.0678,8.60,4.50
2008.07.09 21:31:43.916,1.0676,1.0678,9.60,4.50
2008.07.09 21:31:44.058,1.0676,1.0678,9.60,3.70
2008.07.09 21:31:44.615,1.0676,1.0678,11.60,3.70
2008.07.09 21:31:45.005,1.06765,1.0678,1.40,3.30
2008.07.09 21:32:04.687,1.0677,1.0678,1.00,3.30
2008.07.09 21:32:04.791,1.06775,1.0678,1.90,1.00
2008.07.09 21:32:05.002,1.06775,1.0679,1.90,4.20
2008.07.09 21:32:16.494,1.06775,1.06785,1.40,2.40
2008.07.09 21:32:16.622,1.0677,1.06785,10.20,2.40
2008.07.09 21:32:16.689,1.0677,1.06785,5.40,2.40
2008.07.09 21:32:16.727,1.0677,1.06785,3.30,3.30
2008.07.09 21:32:16.753,1.0677,1.06785,1.00,3.30
2008.07.09 21:32:16.845,1.0677,1.0678,1.00,2.40
2008.07.09 21:32:16.913,1.06765,1.0678,1.40,3.30
2008.07.09 21:32:16.963,1.06765,1.0678,1.40,4.30
2008.07.09 21:32:16.989,1.06765,1.06775,1.40,2.40
2008.07.09 21:32:17.082,1.0676,1.06775,9.20,2.70
2008.07.09 21:32:17.153,1.0676,1.06775,7.20,3.70
2008.07.09 21:32:17.409,1.0676,1.0677,4.80,2.40
2008.07.09 21:32:17.565,1.06755,1.0677,3.80,3.20
2008.07.09 21:32:19.391,1.06755,1.0677,3.30,3.20
2008.07.09 21:32:20.656,1.0676,1.0677,2.40,1.00
2008.07.09 21:32:20.743,1.0676,1.0677,5.40,1.00
2008.07.09 21:32:20.787,1.0676,1.06775,10.20,1.00
2008.07.09 21:32:20.947,1.06765,1.0678,1.40,3.30
2008.07.09 21:32:23.319,1.0676,1.0678,10.60,3.70
2008.07.09 21:32:23.411,1.0676,1.0678,8.60,3.70
2008.07.09 21:32:23.510,1.0676,1.0678,8.60,4.50
2008.07.09 21:32:24.056,1.0676,1.06775,8.60,2.40
2008.07.09 21:32:24.262,1.0676,1.06775,8.60,3.30
2008.07.09 21:32:24.462,1.0676,1.0677,8.60,2.40
2008.07.09 21:32:24.894,1.0676,1.0677,7.20,2.40
2008.07.09 21:32:25.281,1.06755,1.0677,1.00,3.20
2008.07.09 21:32:25.531,1.06755,1.0677,1.00,4.20
2008.07.09 21:32:25.922,1.06755,1.0677,2.40,3.20
2008.07.09 21:32:26.132,1.06755,1.0677,3.30,3.20
2008.07.09 21:32:29.710,1.06755,1.0677,1.40,3.20
2008.07.09 21:32:29.983,1.06755,1.0677,1.00,3.20
2008.07.09 21:32:31.877,1.0676,1.0677,2.40,1.00
2008.07.09 21:32:32.058,1.0676,1.06775,7.20,3.70
2008.07.09 21:32:32.415,1.0676,1.06775,7.20,1.30
2008.07.09 21:32:32.702,1.0676,1.06775,7.20,1.00
2008.07.09 21:32:33.220,1.0676,1.0678,8.60,4.50
2008.07.09 21:32:57.303,1.0676,1.06775,8.60,2.40
2008.07.09 21:32:57.449,1.0676,1.06775,8.60,3.30
2008.07.09 21:32:59.856,1.0676,1.06775,8.60,1.00
2008.07.09 21:32:59.996,1.0676,1.0678,8.60,4.50
2008.07.09 21:33:10.729,1.0676,1.0678,3.80,4.50
2008.07.09 21:33:10.840,1.0676,1.0678,1.40,4.50
2008.07.09 21:33:10.949,1.0676,1.0678,1.40,5.50
2008.07.09 21:33:11.081,1.06755,1.06775,3.30,2.70
2008.07.09 21:33:11.208,1.06755,1.06775,3.30,3.70
2008.07.09 21:33:25.852,1.06755,1.06775,3.80,3.70
2008.07.09 21:33:25.946,1.06755,1.06775,4.80,3.70
2008.07.09 21:33:26.046,1.0676,1.06775,1.40,1.00
2008.07.09 21:33:26.226,1.0676,1.0678,1.40,4.50
2008.07.09 21:33:26.399,1.0676,1.0678,6.20,4.50
2008.07.09 21:33:26.446,1.0676,1.0678,8.60,4.50
2008.07.09 21:34:38.021,1.0676,1.0678,9.60,3.60
2008.07.09 21:35:24.494,1.0676,1.0678,8.60,4.50
2008.07.09 21:35:30.298,1.0676,1.06775,8.60,2.40
2008.07.09 21:35:30.575,1.0676,1.06775,8.60,3.30
2008.07.09 21:35:35.127,1.0676,1.06775,8.60,1.00
2008.07.09 21:35:35.334,1.0676,1.0678,8.60,4.50
2008.07.09 21:35:40.983,1.0676,1.0678,11.00,6.90
2008.07.09 21:35:41.143,1.0676,1.0678,12.00,6.90
2008.07.09 21:35:47.192,1.0677,1.0678,3.30,3.70
2008.07.09 21:35:47.294,1.06775,1.0678,1.40,1.00
2008.07.09 21:35:47.485,1.06775,1.0679,1.40,3.20
2008.07.09 21:35:48.320,1.06775,1.0679,1.90,3.20
2008.07.09 21:35:48.921,1.06775,1.0679,1.40,3.20
2008.07.09 21:35:49.351,1.0677,1.0679,7.20,4.50
2008.07.09 21:35:50.785,1.0677,1.06785,7.20,2.40
2008.07.09 21:35:50.931,1.0677,1.06785,7.20,2.70
2008.07.09 21:35:51.017,1.0677,1.06785,7.20,3.70
2008.07.09 21:35:52.679,1.0677,1.06785,7.20,1.30
2008.07.09 21:35:52.856,1.0677,1.06785,7.20,1.00
2008.07.09 21:35:52.964,1.0677,1.0679,7.20,4.50
2008.07.09 21:35:53.158,1.06775,1.0679,1.40,3.20
2008.07.09 21:35:53.722,1.06775,1.0679,1.90,3.20
2008.07.09 21:35:56.440,1.06775,1.0679,1.90,5.60
2008.07.09 21:35:56.534,1.06775,1.0679,1.90,6.60
2008.07.09 21:36:01.760,1.06775,1.0679,1.90,4.20
2008.07.09 21:36:01.917,1.06775,1.0679,1.90,3.20
2008.07.09 21:36:53.620,1.06775,1.0679,1.40,3.20
2008.07.09 21:36:53.746,1.06775,1.0679,1.90,3.20
2008.07.09 21:37:02.519,1.06775,1.0679,4.30,3.20
2008.07.09 21:37:02.669,1.06775,1.0679,5.20,3.20
2008.07.09 21:37:03.352,1.06775,1.0679,5.20,1.00
2008.07.09 21:37:03.481,1.06775,1.06795,5.20,3.70
2008.07.09 21:37:06.343,1.06775,1.06795,2.80,3.70
2008.07.09 21:37:06.471,1.06775,1.06795,1.90,3.70
2008.07.09 21:37:09.234,1.06775,1.0679,1.90,2.40
2008.07.09 21:37:09.508,1.06775,1.0679,1.90,3.30
2008.07.09 21:37:10.239,1.06775,1.0679,1.90,5.70
2008.07.09 21:37:10.371,1.06775,1.0679,1.90,6.60
2008.07.09 21:37:10.859,1.06775,1.0679,1.90,4.20
2008.07.09 21:37:11.253,1.06775,1.0679,1.90,3.20
2008.07.09 21:37:14.069,1.06775,1.0679,4.30,3.20
2008.07.09 21:37:14.198,1.06775,1.0679,5.20,3.20
2008.07.09 21:37:18.743,1.06775,1.0679,2.80,3.20
2008.07.09 21:37:18.980,1.06775,1.0679,1.90,3.20
2008.07.09 21:37:35.372,1.0678,1.0679,4.80,2.40
2008.07.09 21:37:35.417,1.06785,1.0679,1.00,2.40
2008.07.09 21:37:35.525,1.06785,1.06795,1.00,3.70
2008.07.09 21:37:35.635,1.06785,1.06795,2.40,3.30
2008.07.09 21:37:35.834,1.0679,1.06795,1.40,3.30
2008.07.09 21:37:45.718,1.0678,1.06795,10.60,3.30
2008.07.09 21:37:45.900,1.0678,1.06795,8.60,3.30
2008.07.09 21:37:46.062,1.0678,1.06795,8.60,1.00
2008.07.09 21:37:46.220,1.0678,1.068,8.60,4.50
2008.07.09 21:37:46.663,1.0678,1.06795,8.60,2.40
2008.07.09 21:37:46.945,1.0678,1.06795,8.60,3.30
2008.07.09 21:37:49.257,1.0679,1.06795,1.00,3.30
2008.07.09 21:37:49.370,1.06795,1.068,1.00,6.30
2008.07.09 21:37:49.478,1.06795,1.068,1.00,1.90
2008.07.09 21:37:49.571,1.06795,1.068,5.20,1.30
2008.07.09 21:37:49.628,1.06795,1.068,5.20,1.00
2008.07.09 21:37:49.756,1.06795,1.0682,6.70,3.60
2008.07.09 21:37:51.171,1.06795,1.0682,1.40,13.20
2008.07.09 21:37:51.232,1.0679,1.06795,7.90,2.40
2008.07.09 21:37:51.464,1.0679,1.06795,2.20,3.30
2008.07.09 21:37:51.526,1.0679,1.06795,1.40,3.30
2008.07.09 21:37:54.721,1.0679,1.06795,1.40,1.00
2008.07.09 21:37:54.959,1.0679,1.068,3.40,3.30
2008.07.09 21:37:55.009,1.06795,1.068,1.40,3.30
2008.07.09 21:37:55.315,1.06795,1.068,1.40,1.00
2008.07.09 21:37:55.462,1.06795,1.06815,1.40,1.00
2008.07.09 21:37:55.610,1.06795,1.0682,1.40,3.60
2008.07.09 21:37:55.901,1.068,1.0682,7.20,3.60
2008.07.09 21:37:57.109,1.068,1.0681,7.20,2.40
2008.07.09 21:37:57.212,1.068,1.0681,7.20,3.30
2008.07.09 21:38:01.371,1.068,1.0681,4.80,3.30
2008.07.09 21:38:01.392,1.06795,1.0681,1.40,4.20
2008.07.09 21:38:01.639,1.06795,1.0681,1.40,5.10
2008.07.09 21:38:01.677,1.06795,1.0681,1.40,7.00
2008.07.09 21:38:01.738,1.0679,1.06805,9.20,1.00
2008.07.09 21:38:01.760,1.0679,1.06805,9.20,2.70
2008.07.09 21:38:01.953,1.0679,1.06805,7.20,3.70
2008.07.09 21:38:08.394,1.0679,1.06805,8.60,3.30
2008.07.09 21:38:09.122,1.0679,1.06805,7.20,3.70
2008.07.09 21:38:10.935,1.0679,1.06805,8.60,3.30
2008.07.09 21:38:16.573,1.0679,1.06805,7.20,3.70
2008.07.09 21:38:26.967,1.0679,1.06805,7.20,3.60
2008.07.09 21:38:28.181,1.0679,1.06805,8.70,3.30
2008.07.09 21:38:33.590,1.0679,1.06805,8.70,2.40
2008.07.09 21:38:43.418,1.0679,1.06805,8.70,3.30
2008.07.09 21:39:05.683,1.0679,1.06805,7.20,3.60
2008.07.09 21:40:01.389,1.06795,1.06805,1.00,3.60
2008.07.09 21:40:01.542,1.0679,1.06805,9.60,1.20
2008.07.09 21:40:01.702,1.06795,1.0681,1.50,6.60
2008.07.09 21:40:02.010,1.06795,1.06805,1.50,2.40
2008.07.09 21:40:02.174,1.0679,1.06805,11.70,2.40
2008.07.09 21:40:02.241,1.0679,1.06805,12.10,1.00
2008.07.09 21:40:02.366,1.0679,1.0681,14.10,6.80
2008.07.09 21:40:02.550,1.0679,1.06805,11.70,2.40
2008.07.09 21:40:02.717,1.0679,1.06805,11.70,3.30
2008.07.09 21:40:02.833,1.0679,1.06805,10.80,3.30
2008.07.09 21:40:02.949,1.0679,1.06805,8.70,3.30
2008.07.09 21:40:03.021,1.0679,1.06805,7.20,3.60
2008.07.09 21:40:03.198,1.0679,1.06805,2.40,3.60
2008.07.09 21:40:03.328,1.0678,1.06805,10.80,3.60
2008.07.09 21:40:12.446,1.0678,1.06805,10.90,3.40
2008.07.09 21:40:16.475,1.06785,1.06805,2.40,1.00
2008.07.09 21:40:16.767,1.06785,1.06805,3.30,1.00
2008.07.09 21:40:16.962,1.0679,1.0681,1.60,4.30
2008.07.09 21:40:17.110,1.0679,1.0681,4.00,4.30
2008.07.09 21:40:17.259,1.0679,1.0681,8.80,4.30
2008.07.09 21:40:22.852,1.0679,1.06805,8.80,3.30
2008.07.09 21:40:35.993,1.0679,1.06805,8.80,1.00
2008.07.09 21:40:36.183,1.0679,1.0681,8.80,4.30
2008.07.09 21:40:36.272,1.0679,1.06805,8.80,2.40
2008.07.09 21:41:35.030,1.0679,1.0681,8.80,4.30
2008.07.09 21:41:35.275,1.0679,1.0681,9.80,3.30
2008.07.09 21:41:38.914,1.0679,1.0681,9.80,1.00
2008.07.09 21:41:39.084,1.06795,1.06815,1.60,4.40
2008.07.09 21:41:39.330,1.06795,1.06815,1.60,3.40
2008.07.09 21:41:50.176,1.06795,1.06815,2.60,3.40
2008.07.09 21:41:50.242,1.06795,1.06815,3.10,3.40
2008.07.09 21:41:50.342,1.06795,1.06815,2.60,3.30
2008.07.09 21:41:50.623,1.06795,1.06815,1.60,3.30
2008.07.09 21:41:50.723,1.068,1.06815,4.80,3.30
2008.07.09 21:41:50.823,1.068,1.06815,7.20,3.30
2008.07.09 21:42:05.728,1.068,1.0682,7.20,3.30
2008.07.09 21:42:07.205,1.068,1.0682,7.20,2.50
2008.07.09 21:42:07.237,1.068,1.0682,7.20,1.00
2008.07.09 21:42:21.217,1.06805,1.0682,1.00,1.00
2008.07.09 21:42:21.405,1.06805,1.06825,2.10,1.00
2008.07.09 21:42:21.817,1.0681,1.06825,7.20,1.00
2008.07.09 21:42:23.201,1.0681,1.06825,8.10,1.00
2008.07.09 21:42:23.364,1.0681,1.06825,10.50,1.00
2008.07.09 21:42:23.675,1.0681,1.0682,5.70,1.00
2008.07.09 21:42:23.844,1.0681,1.0682,3.30,3.20
2008.07.09 21:42:36.364,1.0681,1.0682,5.00,3.20
2008.07.09 21:42:36.696,1.0681,1.0682,3.30,3.20
2008.07.09 21:42:37.732,1.06815,1.0682,2.40,3.20
2008.07.09 21:42:37.803,1.06815,1.0682,5.00,3.20
2008.07.09 21:42:38.094,1.06815,1.0682,3.30,3.20
2008.07.09 21:42:44.042,1.06815,1.0682,5.00,3.20
2008.07.09 21:42:44.066,1.0682,1.0683,2.40,2.40
2008.07.09 21:42:44.179,1.0682,1.0683,3.30,2.40
2008.07.09 21:42:44.331,1.0682,1.0683,1.00,4.80
2008.07.09 21:42:44.413,1.06805,1.0682,1.60,1.00
2008.07.09 21:42:44.779,1.06805,1.0682,1.60,1.30
2008.07.09 21:42:44.855,1.06805,1.0681,1.60,2.40
2008.07.09 21:42:44.883,1.06805,1.0681,1.60,3.20
2008.07.09 21:42:45.550,1.0681,1.0682,2.40,2.40
2008.07.09 21:42:45.799,1.0681,1.0682,3.30,2.40
2008.07.09 21:42:46.857,1.0681,1.0682,3.30,2.20
2008.07.09 21:42:46.909,1.0681,1.0682,3.30,3.20
2008.07.09 21:42:47.277,1.0681,1.0682,2.40,3.20
2008.07.09 21:42:47.429,1.06805,1.0682,5.00,3.20
2008.07.09 21:42:53.496,1.0681,1.0682,2.40,1.00
2008.07.09 21:42:53.586,1.0681,1.06825,2.40,1.00
2008.07.09 21:42:53.677,1.0681,1.06825,3.30,1.00
2008.07.09 21:42:54.285,1.0681,1.06825,1.00,2.50
2008.07.09 21:42:54.466,1.06805,1.0682,5.00,2.40
2008.07.09 21:42:54.557,1.06805,1.0682,5.00,3.20
2008.07.09 21:42:57.256,1.06805,1.0682,2.60,5.60
2008.07.09 21:42:57.289,1.06805,1.0682,1.00,5.70
2008.07.09 21:42:57.417,1.068,1.0682,3.30,6.70
2008.07.09 21:43:01.508,1.06805,1.0682,1.60,6.60
2008.07.09 21:43:01.797,1.068,1.0682,3.30,6.70
2008.07.09 21:43:05.778,1.068,1.0682,3.30,4.30
2008.07.09 21:43:05.905,1.068,1.0682,3.30,3.30
2008.07.09 21:43:07.427,1.068,1.0682,3.30,5.70
2008.07.09 21:43:07.686,1.068,1.0682,3.30,10.50
2008.07.09 21:43:07.789,1.068,1.06815,1.00,2.40
2008.07.09 21:43:08.199,1.068,1.06815,1.00,2.50
2008.07.09 21:43:08.378,1.06795,1.0681,5.00,3.20
2008.07.09 21:43:11.133,1.06795,1.0681,5.50,3.20
2008.07.09 21:43:12.950,1.06795,1.0681,4.50,3.20
2008.07.09 21:43:15.718,1.06795,1.0681,5.50,3.20
2008.07.09 21:43:34.949,1.06795,1.0681,3.10,3.20
2008.07.09 21:43:35.188,1.06795,1.0681,2.10,3.20
2008.07.09 21:43:38.347,1.068,1.0682,7.20,3.30
2008.07.09 21:43:40.520,1.068,1.0682,8.10,4.30
2008.07.09 21:43:40.565,1.068,1.0682,10.50,6.70
2008.07.09 21:43:40.800,1.068,1.0682,8.10,4.30
2008.07.09 21:43:40.944,1.068,1.0682,7.20,3.30
2008.07.09 21:43:47.691,1.068,1.0682,7.20,5.20
2008.07.09 21:43:47.728,1.068,1.0682,7.20,6.20
2008.07.09 21:43:47.905,1.068,1.0682,7.20,4.30
2008.07.09 21:43:48.050,1.068,1.0682,7.20,3.30
2008.07.09 21:43:48.129,1.06805,1.0682,1.60,3.20
2008.07.09 21:43:48.244,1.06805,1.06815,1.60,2.40
2008.07.09 21:43:48.330,1.068,1.06815,9.20,2.40
2008.07.09 21:43:48.398,1.068,1.0682,11.60,5.70
2008.07.09 21:43:48.463,1.068,1.0682,10.50,6.70
2008.07.09 21:43:50.553,1.068,1.0682,7.20,3.30
2008.07.09 21:43:52.563,1.068,1.0682,10.50,6.70
2008.07.09 21:44:05.645,1.068,1.0682,8.10,4.30
2008.07.09 21:44:05.800,1.068,1.0682,7.20,3.30
2008.07.09 21:44:07.479,1.068,1.0682,8.10,4.30
2008.07.09 21:44:07.528,1.068,1.0682,10.50,6.70
2008.07.09 21:44:08.439,1.068,1.0682,11.50,6.70
2008.07.09 21:44:08.498,1.068,1.0682,11.50,1.90
2008.07.09 21:44:08.625,1.068,1.0682,11.50,1.00
2008.07.09 21:44:08.753,1.06815,1.0682,2.40,1.00
2008.07.09 21:44:08.870,1.0681,1.0682,6.70,1.00
2008.07.09 21:44:08.990,1.0681,1.0683,9.30,6.70
2008.07.09 21:44:09.226,1.06815,1.0683,2.40,4.30
2008.07.09 21:44:09.576,1.0682,1.0683,7.20,1.00
2008.07.09 21:44:09.713,1.0682,1.0683,2.40,1.00
2008.07.09 21:44:09.959,1.0682,1.0683,2.40,1.00
2008.07.09 21:44:10.093,1.0682,1.0683,1.00,1.00
2008.07.09 21:44:10.220,1.0681,1.0683,13.20,1.00
2008.07.09 21:44:10.468,1.0681,1.06825,11.50,1.00
2008.07.09 21:44:12.465,1.0681,1.06825,1.90,1.00
2008.07.09 21:44:12.700,1.0681,1.0682,1.00,1.00
2008.07.09 21:44:12.856,1.06805,1.0682,1.00,1.00
2008.07.09 21:44:15.425,1.068,1.0682,17.20,1.00
2008.07.09 21:44:15.550,1.068,1.0682,11.50,1.00
2008.07.09 21:44:17.490,1.068,1.0682,10.50,1.00
2008.07.09 21:44:19.914,1.068,1.0682,11.50,1.00
2008.07.09 21:44:20.828,1.068,1.0682,10.50,1.00
2008.07.09 21:44:25.278,1.068,1.0682,11.50,1.00
2008.07.09 21:44:40.432,1.068,1.0682,11.50,2.50
2008.07.09 21:44:40.527,1.068,1.0682,10.50,2.50
2008.07.09 21:44:40.965,1.068,1.0682,10.50,3.40
2008.07.09 21:44:41.111,1.068,1.0682,10.50,5.80
2008.07.09 21:44:41.260,1.068,1.0682,10.50,6.70
2008.07.09 21:44:45.596,1.068,1.0681,10.50,1.00
2008.07.09 21:44:45.742,1.068,1.0681,1.00,6.60
2008.07.09 21:44:45.893,1.068,1.06805,1.00,1.00
2008.07.09 21:44:46.023,1.0679,1.068,5.70,2.40
2008.07.09 21:44:46.151,1.06785,1.068,3.30,3.20
2008.07.09 21:44:46.280,1.06785,1.068,3.30,3.30
2008.07.09 21:44:47.819,1.06785,1.06795,3.30,1.00
2008.07.09 21:44:49.022,1.0679,1.06795,2.40,1.00
2008.07.09 21:44:49.230,1.0679,1.06795,3.30,1.00
2008.07.09 21:44:49.790,1.0679,1.06795,1.00,1.00
2008.07.09 21:44:49.893,1.06785,1.06795,3.30,1.00
2008.07.09 21:44:55.857,1.06785,1.068,3.30,3.20
2008.07.09 21:44:58.156,1.06785,1.068,3.30,3.30
2008.07.09 21:45:05.203,1.0679,1.068,2.40,3.30
2008.07.09 21:45:05.555,1.0679,1.068,3.30,3.30
2008.07.09 21:45:06.588,1.0679,1.068,1.00,5.70
2008.07.09 21:45:06.655,1.0678,1.068,12.60,6.70
2008.07.09 21:45:08.183,1.0678,1.068,7.80,6.70
2008.07.09 21:45:08.275,1.0678,1.068,5.00,6.70
2008.07.09 21:45:08.414,1.0678,1.068,5.00,8.60
2008.07.09 21:45:08.454,1.0678,1.068,2.60,8.60
2008.07.09 21:45:08.546,1.0678,1.06795,1.00,1.00
2008.07.09 21:45:09.185,1.06775,1.06795,1.60,1.00
2008.07.09 21:45:10.516,1.06775,1.06795,2.10,1.00
2008.07.09 21:45:10.727,1.0678,1.068,5.00,6.70
2008.07.09 21:45:11.131,1.0678,1.068,12.60,6.70
2008.07.09 21:45:18.831,1.0678,1.068,12.60,6.60
2008.07.09 21:45:22.982,1.0678,1.068,10.20,4.20
2008.07.09 21:45:23.159,1.0678,1.068,9.20,4.20
2008.07.09 21:45:28.970,1.0678,1.068,9.20,4.30
2008.07.09 21:45:41.602,1.0678,1.068,12.30,4.30
2008.07.09 21:45:41.801,1.0678,1.068,16.80,3.40
2008.07.09 21:45:41.959,1.06785,1.068,1.60,3.30
2008.07.09 21:45:42.119,1.0679,1.068,4.80,1.00
2008.07.09 21:45:42.283,1.06795,1.0681,1.60,3.30
2008.07.09 21:45:42.577,1.068,1.0681,2.40,3.30
2008.07.09 21:45:42.735,1.068,1.0681,7.20,3.30
2008.07.09 21:45:43.436,1.06795,1.06805,1.60,2.40
2008.07.09 21:45:43.719,1.06795,1.06805,1.60,3.30
2008.07.09 21:45:46.775,1.0679,1.06805,9.20,3.40
2008.07.09 21:45:47.054,1.0679,1.06805,7.20,3.40
2008.07.09 21:45:47.187,1.0679,1.068,4.80,2.40
2008.07.09 21:45:47.384,1.06785,1.068,1.00,3.20
2008.07.09 21:45:49.556,1.0679,1.068,7.20,1.00
2008.07.09 21:45:49.597,1.06795,1.068,1.60,1.00
2008.07.09 21:45:49.749,1.06795,1.06805,1.60,3.30
2008.07.09 21:45:52.110,1.068,1.06805,4.80,1.00
2008.07.09 21:45:52.194,1.068,1.0681,4.80,3.30
2008.07.09 21:45:52.470,1.068,1.0681,7.20,3.30
2008.07.09 21:45:52.605,1.068,1.0681,12.00,3.30
2008.07.09 21:45:54.771,1.068,1.0681,7.20,3.30
2008.07.09 21:46:15.111,1.068,1.0681,7.20,1.00
2008.07.09 21:46:15.212,1.068,1.06815,7.20,3.30
2008.07.09 21:46:15.499,1.068,1.06815,7.20,1.00
2008.07.09 21:46:15.644,1.068,1.0682,7.20,1.00
2008.07.09 21:46:19.966,1.068,1.0682,9.60,1.00
2008.07.09 21:46:20.165,1.068,1.0682,10.50,1.00
2008.07.09 21:46:22.004,1.068,1.0682,13.50,1.00
2008.07.09 21:46:22.143,1.0681,1.0682,2.40,1.00
2008.07.09 21:46:22.234,1.0681,1.0682,3.30,1.00
2008.07.09 21:46:22.374,1.0681,1.06825,3.30,1.00
2008.07.09 21:46:22.626,1.0681,1.06825,5.70,1.00
2008.07.09 21:46:22.696,1.0681,1.06825,10.50,1.00
2008.07.09 21:46:24.087,1.0681,1.06825,8.10,1.00
2008.07.09 21:46:24.206,1.0681,1.06825,7.20,1.00
2008.07.09 21:46:29.455,1.0681,1.06825,4.80,1.00
2008.07.09 21:46:29.484,1.06805,1.06825,1.60,1.00
2008.07.09 21:46:29.814,1.068,1.0682,9.60,1.00
2008.07.09 21:46:29.904,1.068,1.0682,10.50,1.00
2008.07.09 21:46:31.387,1.068,1.0682,10.50,2.50
2008.07.09 21:46:31.965,1.068,1.0682,10.50,6.70
2008.07.09 21:47:24.437,1.068,1.0682,8.10,4.30
2008.07.09 21:47:24.772,1.068,1.0682,7.20,3.30
2008.07.09 21:47:34.961,1.068,1.06815,7.20,2.40
2008.07.09 21:47:35.132,1.068,1.06815,7.20,2.50
2008.07.09 21:47:35.159,1.068,1.06815,7.20,3.40
2008.07.09 21:47:35.243,1.068,1.06815,7.20,3.30
2008.07.09 21:47:42.981,1.068,1.06815,7.20,1.00
2008.07.09 21:47:43.148,1.068,1.0682,7.20,4.30
2008.07.09 21:47:49.261,1.0681,1.0682,5.70,4.30
2008.07.09 21:47:49.405,1.0681,1.0682,10.50,3.40
2008.07.09 21:47:49.496,1.0681,1.0682,11.50,3.40
2008.07.09 21:47:49.571,1.0681,1.0682,13.20,1.00
2008.07.09 21:47:49.707,1.0681,1.0683,13.20,4.30
2008.07.09 21:47:49.763,1.0681,1.0683,13.20,3.30
2008.07.09 21:47:51.153,1.0681,1.0683,11.20,3.30
2008.07.09 21:47:52.961,1.0681,1.0683,10.30,3.30
2008.07.09 21:47:58.886,1.0681,1.0682,5.50,1.00
2008.07.09 21:47:58.980,1.0681,1.0682,4.50,1.00
2008.07.09 21:47:59.038,1.0681,1.0682,1.60,3.20
2008.07.09 21:47:59.273,1.0681,1.0682,1.60,5.60
2008.07.09 21:47:59.432,1.0681,1.0682,1.60,6.60
2008.07.09 21:47:59.494,1.068,1.0682,11.60,6.70
2008.07.09 21:47:59.616,1.068,1.0682,10.50,6.70
2008.07.09 21:48:00.297,1.06815,1.0682,2.40,1.00
2008.07.09 21:48:00.453,1.06815,1.0682,2.40,1.00
2008.07.09 21:48:00.599,1.06815,1.0683,3.30,3.30
2008.07.09 21:48:01.991,1.06815,1.0683,1.00,3.30
2008.07.09 21:48:02.263,1.0681,1.0683,10.80,3.30
2008.07.09 21:48:07.532,1.0681,1.0683,11.20,3.30
2008.07.09 21:48:07.632,1.0681,1.0683,10.30,3.30
2008.07.09 21:48:07.885,1.0681,1.0682,5.50,1.00
2008.07.09 21:48:07.985,1.0681,1.0682,1.60,3.20
2008.07.09 21:48:08.478,1.06805,1.0682,1.60,3.20
2008.07.09 21:48:08.571,1.06805,1.0682,1.60,5.60
2008.07.09 21:48:08.666,1.068,1.0682,11.60,5.70
2008.07.09 21:48:08.762,1.068,1.0682,10.50,6.70
2008.07.09 21:48:10.173,1.06805,1.0682,1.00,6.70
2008.07.09 21:48:10.314,1.06805,1.0682,2.80,4.30
2008.07.09 21:48:10.451,1.06805,1.0682,3.80,3.30
2008.07.09 21:48:10.595,1.06805,1.0682,3.10,3.20
2008.07.09 21:48:10.763,1.06805,1.0682,2.10,3.20
2008.07.09 21:48:11.024,1.06805,1.0682,1.60,3.20
2008.07.09 21:48:11.272,1.068,1.0682,7.20,3.30
2008.07.09 21:48:12.169,1.068,1.0682,9.60,5.70
2008.07.09 21:48:12.403,1.068,1.0682,8.10,4.30
2008.07.09 21:48:12.780,1.068,1.0682,7.20,3.30
2008.07.09 21:48:14.402,1.068,1.0682,9.60,5.70
2008.07.09 21:48:14.474,1.068,1.0682,10.50,6.70
2008.07.09 21:48:16.585,1.068,1.0682,8.10,4.30
2008.07.09 21:48:16.812,1.068,1.0682,7.20,3.30
2008.07.09 21:48:17.257,1.06805,1.0682,1.00,3.30
2008.07.09 21:48:17.554,1.06805,1.0682,2.10,3.20
2008.07.09 21:48:18.116,1.06805,1.0682,1.60,3.20
2008.07.09 21:48:18.482,1.06805,1.0682,1.60,2.40
2008.07.09 21:48:18.625,1.06805,1.0682,1.60,1.00
2008.07.09 21:48:18.772,1.06805,1.06825,1.60,1.00
2008.07.09 21:48:19.038,1.068,1.0682,10.50,1.00
2008.07.09 21:48:21.032,1.068,1.0682,8.10,1.00
2008.07.09 21:48:21.462,1.068,1.0682,7.20,1.00
2008.07.09 21:48:24.268,1.068,1.0682,7.20,2.50
2008.07.09 21:48:24.406,1.068,1.0682,7.20,3.30
2008.07.09 21:48:25.793,1.068,1.0682,9.60,5.70
2008.07.09 21:48:25.854,1.068,1.0682,10.50,6.70
2008.07.09 21:48:25.981,1.068,1.0682,10.50,1.90
2008.07.09 21:48:26.026,1.068,1.0682,10.50,1.00
2008.07.09 21:48:26.145,1.068,1.0682,10.50,1.00
2008.07.09 21:48:27.275,1.068,1.0682,10.50,6.80
2008.07.09 21:48:27.311,1.068,1.06815,8.10,2.40
2008.07.09 21:48:27.435,1.068,1.06815,7.20,3.30
2008.07.09 21:48:27.469,1.068,1.06815,7.20,3.40
2008.07.09 21:48:27.670,1.068,1.0681,2.40,1.00
2008.07.09 21:48:27.780,1.06795,1.0681,5.50,3.20
2008.07.09 21:48:33.914,1.06795,1.0681,8.60,3.20
2008.07.09 21:48:34.102,1.068,1.06815,9.60,1.00
2008.07.09 21:48:34.248,1.068,1.06815,9.60,1.00
2008.07.09 21:48:34.397,1.068,1.0682,10.50,1.00
2008.07.09 21:48:37.469,1.068,1.06825,12.20,1.00
2008.07.09 21:48:43.441,1.068,1.06825,17.00,1.00
2008.07.09 21:48:43.517,1.0681,1.06825,2.40,1.00
2008.07.09 21:48:43.783,1.0681,1.0683,3.30,6.70
2008.07.09 21:48:43.887,1.0681,1.0683,5.70,6.70
2008.07.09 21:48:44.106,1.0681,1.0683,10.50,6.70
2008.07.09 21:48:53.675,1.0681,1.06825,10.50,1.00
2008.07.09 21:48:55.805,1.0681,1.06825,8.10,2.50
2008.07.09 21:48:55.915,1.0681,1.06825,7.20,3.40
2008.07.09 21:48:56.239,1.0681,1.0682,2.40,1.00
2008.07.09 21:48:56.397,1.06805,1.0682,5.50,3.20
2008.07.09 21:49:02.381,1.06805,1.0681,5.50,1.00
2008.07.09 21:49:02.506,1.06805,1.0681,5.00,3.20
2008.07.09 21:49:02.745,1.06805,1.0681,3.30,3.20
2008.07.09 21:49:02.849,1.06805,1.0681,1.00,3.20
2008.07.09 21:49:02.973,1.068,1.0681,3.30,3.20
2008.07.09 21:49:03.224,1.068,1.0681,1.00,3.20
2008.07.09 21:49:03.932,1.06795,1.0681,5.50,3.20
2008.07.09 21:49:14.368,1.068,1.0681,4.80,2.40
2008.07.09 21:49:14.508,1.068,1.06815,7.20,3.40
2008.07.09 21:49:14.681,1.068,1.06815,9.60,1.00
2008.07.09 21:49:14.806,1.068,1.06815,9.60,1.00
2008.07.09 21:49:14.915,1.068,1.0682,10.50,6.70
2008.07.09 21:49:22.172,1.068,1.0681,5.70,1.00
2008.07.09 21:49:22.216,1.068,1.0681,3.30,3.20
2008.07.09 21:49:22.462,1.068,1.06805,3.30,1.90
2008.07.09 21:49:22.551,1.06795,1.068,2.30,2.40
2008.07.09 21:49:22.646,1.06795,1.068,1.60,3.30
2008.07.09 21:49:22.758,1.06795,1.068,1.60,5.70
2008.07.09 21:49:22.788,1.0679,1.068,2.00,6.70
2008.07.09 21:49:22.935,1.0678,1.068,12.20,6.70
2008.07.09 21:50:04.468,1.0678,1.068,15.30,6.70
2008.07.09 21:50:04.558,1.0678,1.068,15.80,1.90
2008.07.09 21:50:04.585,1.06785,1.068,1.60,1.80
2008.07.09 21:50:04.637,1.06785,1.06805,1.60,3.30
2008.07.09 21:50:04.822,1.0679,1.06805,1.60,3.30
2008.07.09 21:50:04.904,1.0679,1.06805,4.80,3.30
2008.07.09 21:50:05.002,1.0679,1.06805,9.60,3.30
2008.07.09 21:50:05.146,1.0679,1.06805,12.00,1.00
2008.07.09 21:50:05.287,1.0679,1.0681,16.90,1.00
2008.07.09 21:50:05.634,1.068,1.0681,7.20,1.00
2008.07.09 21:50:05.773,1.068,1.06815,7.20,3.30
2008.07.09 21:50:06.678,1.068,1.0682,7.20,8.60
2008.07.09 21:50:06.895,1.068,1.0682,10.50,6.70
2008.07.09 21:50:13.705,1.068,1.0681,5.70,1.00
2008.07.09 21:50:13.924,1.068,1.0681,3.30,3.20
2008.07.09 21:50:14.021,1.06795,1.068,5.30,1.00
2008.07.09 21:50:14.114,1.0679,1.068,7.80,2.50
2008.07.09 21:50:14.211,1.0679,1.068,2.40,4.30
2008.07.09 21:50:14.462,1.0678,1.068,12.20,6.70
2008.07.09 21:50:15.449,1.0678,1.068,15.30,6.70
2008.07.09 21:50:15.543,1.0678,1.068,16.30,1.00
2008.07.09 21:50:15.642,1.0678,1.068,21.10,1.00
2008.07.09 21:50:15.741,1.0678,1.068,21.70,1.00
2008.07.09 21:50:16.262,1.06785,1.0681,1.60,1.00
2008.07.09 21:50:16.451,1.0679,1.0681,1.60,1.00
2008.07.09 21:50:17.250,1.0679,1.06805,1.60,2.40
2008.07.09 21:50:17.430,1.0679,1.06805,1.60,3.30
2008.07.09 21:50:18.520,1.0679,1.06805,1.60,1.00
2008.07.09 21:50:18.612,1.0679,1.0681,1.60,1.00
2008.07.09 21:50:19.232,1.0679,1.068,1.60,2.40
2008.07.09 21:50:19.291,1.0678,1.068,13.30,2.50
2008.07.09 21:50:19.469,1.0678,1.068,12.20,3.40
2008.07.09 21:50:19.703,1.0678,1.068,12.20,4.30
2008.07.09 21:50:19.870,1.0678,1.068,12.20,6.70
2008.07.09 21:50:21.053,1.0678,1.068,20.60,1.00
2008.07.09 21:50:21.272,1.0678,1.068,21.70,1.00
2008.07.09 21:50:21.784,1.0679,1.068,1.60,2.40
2008.07.09 21:50:21.904,1.0678,1.068,13.30,2.50
2008.07.09 21:50:22.021,1.0678,1.068,13.30,3.40
2008.07.09 21:50:22.260,1.0678,1.068,13.30,5.80
2008.07.09 21:50:22.399,1.0678,1.068,13.30,6.70
2008.07.09 21:50:22.621,1.0678,1.068,12.20,6.70
2008.07.09 21:50:24.409,1.0678,1.068,12.70,3.40
2008.07.09 21:50:24.500,1.06785,1.068,1.60,3.30
2008.07.09 21:50:24.554,1.06785,1.068,1.60,1.00
2008.07.09 21:50:24.702,1.06785,1.0681,1.60,1.00
2008.07.09 21:50:24.779,1.0679,1.0681,1.60,1.00
2008.07.09 21:50:26.828,1.0679,1.068,1.60,2.40
2008.07.09 21:50:27.104,1.0678,1.068,12.20,3.40
2008.07.09 21:50:27.288,1.0678,1.068,12.20,5.80
2008.07.09 21:50:27.336,1.0678,1.068,12.20,6.70
2008.07.09 21:50:32.114,1.0678,1.068,12.70,6.70
2008.07.09 21:50:32.348,1.0678,1.068,20.60,1.90
2008.07.09 21:50:32.477,1.06785,1.0681,1.60,1.00
2008.07.09 21:50:32.647,1.0679,1.0681,1.60,1.00
2008.07.09 21:50:34.016,1.06795,1.06815,1.60,1.00
2008.07.09 21:50:36.666,1.0679,1.0681,12.20,2.50
2008.07.09 21:50:36.937,1.0679,1.0681,12.20,3.40
2008.07.09 21:50:37.152,1.0679,1.0681,12.20,5.80
2008.07.09 21:50:37.222,1.0679,1.0681,12.20,6.70
2008.07.09 21:51:45.127,1.0679,1.0681,13.80,6.70
2008.07.09 21:51:45.191,1.06795,1.0681,1.60,5.70
2008.07.09 21:51:45.300,1.06795,1.0681,1.60,1.00
2008.07.09 21:51:45.469,1.06795,1.06815,1.60,1.00
2008.07.09 21:51:49.961,1.06795,1.06815,1.60,2.00
2008.07.09 21:51:50.019,1.06795,1.0681,1.60,2.40
2008.07.09 21:51:50.104,1.0679,1.0681,13.30,2.50
2008.07.09 21:51:50.191,1.0679,1.0681,12.20,3.40
2008.07.09 21:51:50.588,1.0679,1.0681,12.20,5.80
2008.07.09 21:51:50.668,1.0679,1.0681,12.20,6.70
2008.07.09 21:52:07.399,1.06795,1.0681,1.60,6.60
2008.07.09 21:52:14.267,1.06795,1.0681,1.60,1.80
2008.07.09 21:52:14.355,1.068,1.0681,1.60,1.00
2008.07.09 21:52:14.450,1.068,1.0682,1.60,6.60
2008.07.09 21:52:14.703,1.068,1.0682,1.60,6.10
2008.07.09 21:52:20.596,1.068,1.0682,1.60,6.60
2008.07.09 21:52:20.682,1.068,1.0682,1.60,9.40
2008.07.09 21:52:21.691,1.068,1.0682,1.60,7.50
2008.07.09 21:52:21.741,1.068,1.0682,4.00,7.00
2008.07.09 21:52:21.964,1.06805,1.0682,1.60,6.60
2008.07.09 21:52:24.765,1.06805,1.0682,1.60,4.20
2008.07.09 21:52:27.053,1.06805,1.0682,1.60,3.30
2008.07.09 21:52:32.313,1.06805,1.0682,1.60,1.00
2008.07.09 21:52:32.425,1.06805,1.06825,1.60,1.00
2008.07.09 21:52:33.893,1.068,1.06825,12.20,1.00
2008.07.09 21:52:39.577,1.068,1.0682,10.50,1.00
2008.07.09 21:52:50.450,1.06815,1.0682,2.80,1.00
2008.07.09 21:52:50.584,1.06815,1.0683,2.80,9.00
2008.07.09 21:52:50.650,1.06815,1.0683,3.80,3.30
2008.07.09 21:52:50.913,1.06815,1.0683,3.30,3.30
2008.07.09 21:52:51.023,1.06815,1.0683,1.00,5.70
2008.07.09 21:52:51.086,1.06815,1.06825,1.00,1.00
2008.07.09 21:52:51.193,1.0681,1.06825,10.50,1.00
2008.07.09 21:52:53.275,1.0681,1.06825,8.10,2.50
2008.07.09 21:52:53.841,1.0681,1.06825,7.20,3.40
2008.07.09 21:52:54.783,1.0681,1.06825,9.60,1.00
2008.07.09 21:52:55.226,1.06815,1.06825,2.40,1.00
2008.07.09 21:52:55.356,1.06815,1.0683,2.40,4.30
2008.07.09 21:52:55.482,1.06815,1.0683,3.30,3.30
2008.07.09 21:52:57.264,1.06815,1.0683,1.00,5.70
2008.07.09 21:52:57.365,1.0681,1.0683,12.20,6.70
2008.07.09 21:52:57.781,1.0681,1.06825,10.50,1.00
2008.07.09 21:52:58.528,1.06815,1.06825,2.80,1.00
2008.07.09 21:52:58.573,1.06815,1.0683,2.80,6.60
2008.07.09 21:52:58.673,1.06815,1.0683,3.80,5.60
2008.07.09 21:53:03.401,1.0682,1.0683,4.80,4.80
2008.07.09 21:53:03.476,1.0682,1.0683,7.20,2.40
2008.07.09 21:53:03.842,1.0682,1.0683,7.20,2.10
2008.07.09 21:53:04.114,1.0682,1.0683,7.20,1.20
2008.07.09 21:53:04.494,1.0682,1.0683,7.20,1.40
2008.07.09 21:53:04.805,1.0682,1.0683,7.20,1.00
2008.07.09 21:53:22.267,1.06815,1.0683,3.30,3.30
2008.07.09 21:53:22.559,1.06815,1.0683,3.30,5.20
2008.07.09 21:53:22.759,1.0681,1.0682,2.40,1.00
2008.07.09 21:53:22.820,1.068,1.0682,10.50,1.00
2008.07.09 21:53:42.238,1.068,1.0682,8.10,2.50
2008.07.09 21:53:42.334,1.068,1.0682,7.20,3.40
2008.07.09 21:53:43.758,1.068,1.0682,7.20,3.40
2008.07.09 21:53:45.718,1.068,1.0682,8.10,2.50
2008.07.09 21:53:45.888,1.068,1.0682,8.10,1.00
2008.07.09 21:53:46.903,1.06805,1.0682,1.00,1.00
2008.07.09 21:53:47.220,1.068,1.0682,8.10,1.00
2008.07.09 21:53:55.757,1.06805,1.0682,1.00,1.00
2008.07.09 21:53:56.487,1.068,1.0682,8.10,1.00
2008.07.09 21:54:00.790,1.068,1.0682,9.10,1.00
2008.07.09 21:54:02.508,1.068,1.0682,11.50,1.00
2008.07.09 21:54:53.485,1.068,1.0682,12.00,1.00
2008.07.09 21:54:54.014,1.068,1.0682,11.00,1.00
2008.07.09 21:55:06.437,1.068,1.0682,12.00,1.00
2008.07.09 21:55:07.099,1.068,1.0682,11.00,1.00
2008.07.09 21:55:15.959,1.068,1.0682,10.50,1.00
2008.07.09 21:55:16.035,1.068,1.0682,11.50,1.00
2008.07.09 21:55:17.478,1.068,1.0682,10.50,1.00
2008.07.09 21:55:17.548,1.068,1.0682,10.50,2.50
2008.07.09 21:55:17.719,1.068,1.0682,10.50,3.40
2008.07.09 21:55:18.059,1.068,1.0682,10.50,6.70
2008.07.09 21:55:52.275,1.068,1.0682,11.50,1.90
2008.07.09 21:55:52.441,1.068,1.0682,11.50,1.00
2008.07.09 21:55:53.870,1.068,1.0682,12.40,1.00
2008.07.09 21:55:53.972,1.06805,1.0682,1.00,1.00
2008.07.09 21:55:54.142,1.06805,1.06825,2.10,1.00
2008.07.09 21:55:54.282,1.0681,1.06825,2.40,1.00
2008.07.09 21:55:54.581,1.0681,1.06825,5.70,1.00
2008.07.09 21:55:54.856,1.0681,1.0682,1.00,1.00
2008.07.09 21:55:55.008,1.068,1.0682,12.00,1.00
2008.07.09 21:55:55.153,1.068,1.0682,11.50,1.00
2008.07.09 21:56:01.623,1.068,1.0681,6.70,1.00
2008.07.09 21:56:01.715,1.068,1.0681,5.70,1.00
2008.07.09 21:56:01.838,1.068,1.0681,1.00,5.70
2008.07.09 21:56:01.928,1.0679,1.0681,12.20,7.60
2008.07.09 21:56:02.093,1.0679,1.068,8.10,2.50
2008.07.09 21:56:02.260,1.0679,1.068,4.80,5.80
2008.07.09 21:56:02.418,1.0678,1.068,13.40,6.70
2008.07.09 21:56:02.581,1.0678,1.068,12.20,6.70
2008.07.09 21:56:08.326,1.0678,1.068,12.20,6.60
2008.07.09 21:56:09.907,1.06795,1.068,3.00,6.60
2008.07.09 21:56:10.000,1.06795,1.068,5.40,1.80
2008.07.09 21:56:10.068,1.068,1.0681,1.60,5.60
2008.07.09 21:56:10.136,1.068,1.0681,1.60,4.70
2008.07.09 21:56:10.205,1.068,1.0682,1.60,3.30
2008.07.09 21:56:10.692,1.068,1.0682,4.00,3.30
2008.07.09 21:56:10.851,1.068,1.0682,8.80,3.30
2008.07.09 21:56:13.806,1.068,1.0682,8.80,4.20
2008.07.09 21:56:14.031,1.068,1.0682,7.20,4.30
2008.07.09 21:56:14.175,1.068,1.0682,7.20,5.50
2008.07.09 21:56:17.877,1.068,1.0682,7.20,8.40
2008.07.09 21:56:18.063,1.068,1.06815,7.20,2.50
2008.07.09 21:56:18.226,1.068,1.06815,7.20,3.40
2008.07.09 21:56:37.245,1.068,1.0681,2.40,1.00
2008.07.09 21:56:37.450,1.0679,1.0681,7.40,10.00
2008.07.09 21:56:37.650,1.0679,1.06805,1.00,1.00
2008.07.09 21:56:37.882,1.0678,1.06805,13.40,1.00
2008.07.09 21:56:38.981,1.0678,1.06805,13.40,3.00
2008.07.09 21:56:39.182,1.0678,1.068,3.80,1.00
2008.07.09 21:56:39.450,1.0678,1.068,1.60,1.00
2008.07.09 21:56:40.904,1.0678,1.068,1.60,1.30
2008.07.09 21:57:14.879,1.0678,1.068,1.60,1.00
2008.07.09 21:57:20.026,1.0678,1.068,2.60,1.00
2008.07.09 21:57:27.635,1.0678,1.068,2.60,1.50
2008.07.09 21:57:27.852,1.06775,1.06795,2.60,1.00
2008.07.09 21:57:32.420,1.06775,1.06795,2.60,1.00
2008.07.09 21:57:32.851,1.06775,1.06795,2.50,1.20
2008.07.09 21:57:50.938,1.0678,1.0679,1.00,1.00
2008.07.09 21:57:51.210,1.0678,1.06795,1.90,4.80
2008.07.09 21:58:11.479,1.0678,1.06795,2.80,4.00
2008.07.09 21:58:28.234,1.0678,1.06795,6.70,4.00
2008.07.09 21:58:28.325,1.06785,1.06795,1.00,4.00
2008.07.09 21:58:28.424,1.0679,1.06795,2.80,1.00
2008.07.09 21:58:28.625,1.0679,1.068,2.80,3.20
2008.07.09 21:58:29.202,1.0679,1.068,3.00,3.20
2008.07.09 21:58:30.393,1.06795,1.068,3.00,3.20
2008.07.09 21:58:30.565,1.06795,1.06805,3.00,1.00
2008.07.09 21:58:30.673,1.06795,1.0681,3.00,9.70
2008.07.09 21:58:32.000,1.068,1.0681,3.00,6.80
2008.07.09 21:58:32.152,1.068,1.0681,3.00,4.40
2008.07.09 21:58:32.306,1.068,1.0681,3.00,3.40
2008.07.09 21:58:32.972,1.068,1.0681,3.00,3.20
2008.07.09 21:58:33.735,1.06795,1.0681,8.00,6.10
2008.07.09 21:58:33.802,1.06795,1.0681,6.30,6.30
2008.07.09 21:58:33.870,1.06795,1.0681,3.90,8.70
2008.07.09 21:58:33.949,1.0679,1.06805,14.20,2.80
2008.07.09 21:58:34.017,1.0679,1.06805,10.40,2.80
2008.07.09 21:58:34.204,1.0679,1.06805,3.00,3.10
2008.07.09 21:58:36.243,1.06785,1.068,3.00,2.80
2008.07.09 21:58:37.616,1.06785,1.068,3.00,3.10
2008.07.09 21:58:38.231,1.068,1.0681,3.00,18.90
2008.07.09 21:58:38.572,1.068,1.0681,3.00,4.40
2008.07.09 21:58:48.183,1.06805,1.0681,3.00,4.40
2008.07.09 21:58:48.263,1.06805,1.0681,3.00,2.00
2008.07.09 21:58:48.312,1.06805,1.0681,3.00,1.20
2008.07.09 21:58:48.407,1.0681,1.0682,3.00,5.30
2008.07.09 21:58:49.354,1.06805,1.0681,3.00,1.20
2008.07.09 21:58:50.155,1.06805,1.0682,3.00,8.50
2008.07.09 21:58:53.032,1.06805,1.0682,3.00,7.30
2008.07.09 21:59:00.160,1.06805,1.0682,3.00,8.20
2008.07.09 21:59:09.000,1.06805,1.0682,3.40,8.20
2008.07.09 21:59:09.066,1.0681,1.0682,3.00,4.20
2008.07.09 21:59:09.177,1.0681,1.0682,3.00,3.20
2008.07.09 21:59:09.269,1.0681,1.0682,3.00,3.60
2008.07.09 21:59:10.640,1.0681,1.0682,3.00,4.80
2008.07.09 21:59:12.455,1.06805,1.0682,4.60,7.30
2008.07.09 21:59:12.593,1.06805,1.0682,4.60,8.20
2008.07.09 21:59:12.801,1.06805,1.0682,3.00,9.40
2008.07.09 21:59:20.748,1.06805,1.0682,3.00,8.20
2008.07.09 21:59:37.376,1.068,1.0682,11.50,5.40
2008.07.09 21:59:37.837,1.068,1.0682,7.60,5.40
