2011.03.25 18:00:00.630,0.81387,0.81398,2.25,1.50
2011.03.25 18:00:01.070,0.81387,0.81395,1.50,2.09
2011.03.25 18:00:01.301,0.81381,0.81394,2.25,3.00
2011.03.25 18:00:01.885,0.81382,0.81394,1.50,3.00
2011.03.25 18:00:02.003,0.81383,0.81395,1.50,3.00
2011.03.25 18:00:02.227,0.81385,0.81397,1.50,1.50
2011.03.25 18:00:02.450,0.81385,0.81398,6.75,3.00
2011.03.25 18:00:03.111,0.81388,0.81399,1.50,1.50
2011.03.25 18:00:03.669,0.81388,0.81399,1.50,1.50
2011.03.25 18:00:03.999,0.81388,0.81401,2.25,1.50
2011.03.25 18:00:04.837,0.81387,0.814,2.25,1.50
2011.03.25 18:00:05.388,0.81387,0.814,1.50,2.25
2011.03.25 18:00:06.819,0.81385,0.81397,1.50,3.00
2011.03.25 18:00:07.040,0.81383,0.81397,1.50,3.00
2011.03.25 18:00:07.587,0.81384,0.81397,1.50,2.25
2011.03.25 18:00:09.917,0.81384,0.81397,1.50,3.00
2011.03.25 18:00:10.250,0.81385,0.81393,1.13,1.50
2011.03.25 18:00:10.368,0.81385,0.81396,1.13,1.50
2011.03.25 18:00:10.478,0.81385,0.81396,5.25,1.50
2011.03.25 18:00:10.589,0.81386,0.81398,1.50,1.50
2011.03.25 18:00:11.251,0.81385,0.81397,1.88,1.50
2011.03.25 18:00:11.589,0.81384,0.81397,1.88,2.25
2011.03.25 18:00:12.733,0.81381,0.81395,2.63,2.63
2011.03.25 18:00:12.854,0.8138,0.81392,1.50,1.50
2011.03.25 18:00:13.410,0.8138,0.81392,1.50,2.25
2011.03.25 18:00:14.510,0.81379,0.81392,5.25,2.25
2011.03.25 18:00:16.671,0.81378,0.81389,3.75,2.25
2011.03.25 18:00:16.898,0.81375,0.81388,2.63,2.25
2011.03.25 18:00:17.447,0.81375,0.81388,3.38,1.50
2011.03.25 18:00:17.909,0.81376,0.81388,1.50,2.25
2011.03.25 18:00:18.251,0.81377,0.8139,1.50,3.00
2011.03.25 18:00:18.479,0.81377,0.8139,1.50,3.75
2011.03.25 18:00:19.028,0.81376,0.81388,2.63,1.50
2011.03.25 18:00:21.200,0.81375,0.81387,1.88,1.50
2011.03.25 18:00:21.757,0.81375,0.81387,1.13,1.50
2011.03.25 18:00:22.458,0.81373,0.81387,2.25,1.50
2011.03.25 18:00:22.787,0.81372,0.81384,1.88,1.50
2011.03.25 18:00:23.839,0.81375,0.81384,1.13,1.50
2011.03.25 18:00:24.058,0.81373,0.81384,1.50,1.50
2011.03.25 18:00:28.851,0.81374,0.81386,1.50,1.50
2011.03.25 18:00:28.973,0.81376,0.81388,1.50,2.25
2011.03.25 18:00:29.199,0.81376,0.81389,1.50,1.50
2011.03.25 18:00:29.747,0.81376,0.81388,2.25,1.50
2011.03.25 18:00:31.318,0.81376,0.81388,1.50,2.25
2011.03.25 18:00:31.649,0.81375,0.81385,1.50,1.50
2011.03.25 18:00:32.091,0.81372,0.81385,3.75,1.50
2011.03.25 18:00:32.430,0.81372,0.8138,3.00,1.50
2011.03.25 18:00:32.549,0.8137,0.81382,1.50,1.13
2011.03.25 18:00:32.770,0.8137,0.81383,1.80,1.50
2011.03.25 18:00:32.989,0.81372,0.81384,1.88,1.50
2011.03.25 18:00:33.210,0.8137,0.81384,3.23,1.88
2011.03.25 18:00:33.657,0.81372,0.81384,1.50,1.88
2011.03.25 18:00:34.207,0.81371,0.81384,1.50,2.63
2011.03.25 18:00:38.288,0.8137,0.81382,4.50,1.13
2011.03.25 18:00:39.167,0.81369,0.81382,2.25,5.25
2011.03.25 18:00:45.760,0.81369,0.81382,1.50,1.88
2011.03.25 18:00:46.317,0.81369,0.81382,1.50,2.63
2011.03.25 18:00:46.868,0.81369,0.81382,2.25,1.88
2011.03.25 18:00:48.918,0.8137,0.81382,1.50,2.63
2011.03.25 18:00:49.468,0.81368,0.81381,1.50,1.50
2011.03.25 18:00:50.060,0.81367,0.8138,1.50,1.13
2011.03.25 18:00:51.600,0.81366,0.81379,1.50,1.13
2011.03.25 18:00:51.708,0.81365,0.81379,3.38,1.88
2011.03.25 18:00:52.260,0.81363,0.81378,2.78,3.75
2011.03.25 18:00:52.589,0.81358,0.81371,1.50,1.88
2011.03.25 18:00:53.140,0.81358,0.81371,1.50,1.50
2011.03.25 18:00:53.469,0.81358,0.81372,2.25,2.25
2011.03.25 18:00:54.020,0.81358,0.81372,2.25,4.13
2011.03.25 18:00:54.788,0.81358,0.81371,1.50,1.50
2011.03.25 18:00:55.544,0.81358,0.81372,2.25,4.13
2011.03.25 18:00:56.540,0.81358,0.8137,1.50,1.13
2011.03.25 18:00:57.097,0.81358,0.8137,1.50,1.13
2011.03.25 18:00:58.968,0.81357,0.81371,1.50,1.50
2011.03.25 18:00:59.516,0.81356,0.8137,4.13,2.25
2011.03.25 18:01:06.730,0.81356,0.8137,4.13,2.25
2011.03.25 18:01:07.277,0.81357,0.8137,2.25,2.25
2011.03.25 18:01:07.838,0.81354,0.81367,1.50,8.25
2011.03.25 18:01:08.349,0.81352,0.81364,2.25,3.75
2011.03.25 18:01:08.681,0.81352,0.81365,2.25,3.79
2011.03.25 18:01:08.800,0.81352,0.8136,2.25,1.50
2011.03.25 18:01:09.360,0.81351,0.81361,1.13,1.50
2011.03.25 18:01:09.697,0.81351,0.81364,1.13,1.50
2011.03.25 18:01:10.247,0.8135,0.81362,2.25,2.25
2011.03.25 18:01:14.628,0.8135,0.81364,2.25,3.38
2011.03.25 18:01:17.307,0.8135,0.81362,2.25,2.25
2011.03.25 18:01:20.380,0.8135,0.81362,1.50,1.50
2011.03.25 18:01:21.490,0.81349,0.81362,3.00,3.00
2011.03.25 18:01:30.207,0.81349,0.81363,3.00,2.25
2011.03.25 18:01:30.758,0.81349,0.81363,3.00,2.25
2011.03.25 18:01:32.408,0.81349,0.81363,3.00,2.25
2011.03.25 18:01:32.958,0.81349,0.81363,3.00,2.25
2011.03.25 18:01:33.729,0.8135,0.81363,1.50,2.25
2011.03.25 18:01:33.839,0.8135,0.81363,1.50,2.25
2011.03.25 18:01:34.609,0.81349,0.81363,3.38,2.63
2011.03.25 18:01:35.379,0.8135,0.81363,1.13,2.25
2011.03.25 18:01:35.928,0.81351,0.81363,1.13,1.50
2011.03.25 18:01:36.040,0.81353,0.81364,1.13,4.50
2011.03.25 18:01:36.270,0.81354,0.81366,1.50,3.75
2011.03.25 18:01:36.827,0.81353,0.81366,1.88,2.25
2011.03.25 18:01:38.181,0.81352,0.81366,2.25,6.00
2011.03.25 18:01:38.410,0.81352,0.81364,1.50,1.50
2011.03.25 18:01:38.739,0.81348,0.81362,1.50,4.73
2011.03.25 18:01:38.959,0.81347,0.81361,1.50,3.75
2011.03.25 18:01:39.794,0.81348,0.81359,1.50,1.50
2011.03.25 18:01:42.587,0.81348,0.8136,1.88,1.50
2011.03.25 18:01:44.271,0.81346,0.81357,2.25,2.25
2011.03.25 18:01:44.500,0.81344,0.81355,2.25,1.50
2011.03.25 18:01:44.830,0.81342,0.81354,1.88,1.50
2011.03.25 18:01:44.938,0.81343,0.81354,2.25,1.50
2011.03.25 18:01:45.378,0.81342,0.81355,1.50,3.00
2011.03.25 18:01:46.090,0.81339,0.81354,2.63,3.38
2011.03.25 18:01:46.639,0.81339,0.81353,1.50,1.50
2011.03.25 18:01:47.188,0.8134,0.81353,1.50,2.25
2011.03.25 18:01:49.599,0.8134,0.8135,1.50,1.13
2011.03.25 18:01:49.929,0.81339,0.8135,1.13,2.25
2011.03.25 18:01:50.149,0.81339,0.81352,3.00,1.50
2011.03.25 18:01:50.480,0.81341,0.81355,3.38,1.50
2011.03.25 18:01:50.917,0.81342,0.81355,2.25,1.50
2011.03.25 18:01:53.130,0.81342,0.81354,1.50,3.00
2011.03.25 18:01:53.241,0.8134,0.81354,1.50,3.00
2011.03.25 18:02:10.570,0.81341,0.81353,2.63,1.50
2011.03.25 18:02:11.127,0.8134,0.81353,1.50,1.88
2011.03.25 18:02:11.678,0.8134,0.81352,1.50,2.25
2011.03.25 18:02:26.079,0.8134,0.81354,2.48,6.00
2011.03.25 18:02:26.189,0.81342,0.81354,1.58,2.25
2011.03.25 18:02:26.519,0.81344,0.81356,1.50,1.13
2011.03.25 18:02:26.739,0.81347,0.81358,1.13,1.50
2011.03.25 18:02:27.288,0.81347,0.81359,1.50,1.50
2011.03.25 18:02:27.509,0.81347,0.81361,1.50,1.50
2011.03.25 18:02:28.938,0.81347,0.81361,1.50,1.50
2011.03.25 18:02:29.819,0.81347,0.8136,1.50,1.50
2011.03.25 18:02:30.149,0.81346,0.81358,1.50,2.25
2011.03.25 18:02:30.259,0.81346,0.81358,1.50,1.50
2011.03.25 18:02:38.809,0.81346,0.81358,1.50,1.50
2011.03.25 18:02:40.351,0.81347,0.81359,1.50,1.50
2011.03.25 18:02:50.119,0.81346,0.81358,1.50,1.50
2011.03.25 18:02:53.847,0.81346,0.81358,1.50,1.50
2011.03.25 18:02:54.379,0.81346,0.81358,1.50,1.50
2011.03.25 18:02:57.999,0.81346,0.81358,2.25,1.50
2011.03.25 18:03:01.139,0.81346,0.81357,4.50,1.88
2011.03.25 18:03:01.908,0.81341,0.81356,4.13,2.25
2011.03.25 18:03:02.129,0.81341,0.81355,1.50,1.88
2011.03.25 18:03:03.340,0.81341,0.81354,1.88,1.50
2011.03.25 18:03:03.898,0.81341,0.81354,1.88,1.50
2011.03.25 18:03:04.448,0.8134,0.81353,1.50,1.50
2011.03.25 18:03:04.998,0.81342,0.81354,1.50,2.25
2011.03.25 18:03:05.108,0.81342,0.81354,1.50,1.50
2011.03.25 18:03:06.142,0.81341,0.81354,3.00,1.50
2011.03.25 18:03:07.358,0.81341,0.81355,3.00,1.50
2011.03.25 18:03:10.270,0.81342,0.81355,2.63,1.50
2011.03.25 18:03:10.501,0.81344,0.81357,1.50,1.50
2011.03.25 18:03:10.950,0.81343,0.81357,1.88,1.50
2011.03.25 18:03:15.168,0.81343,0.81358,2.63,3.00
2011.03.25 18:03:20.728,0.81344,0.81358,2.25,3.00
2011.03.25 18:03:26.310,0.81344,0.81357,2.25,1.50
2011.03.25 18:03:28.560,0.81343,0.81356,2.25,5.25
2011.03.25 18:03:29.107,0.81341,0.81354,3.00,6.00
2011.03.25 18:03:32.849,0.81344,0.81355,1.13,1.50
2011.03.25 18:03:32.958,0.81344,0.81357,1.13,2.25
2011.03.25 18:03:33.069,0.81346,0.81357,1.88,1.50
2011.03.25 18:03:33.289,0.81348,0.8136,1.13,1.50
2011.03.25 18:03:33.400,0.81348,0.81362,1.13,1.13
2011.03.25 18:03:33.978,0.81348,0.81362,1.88,2.63
2011.03.25 18:03:41.838,0.81349,0.81363,2.25,1.50
2011.03.25 18:03:46.082,0.81351,0.81364,2.25,1.35
2011.03.25 18:03:48.811,0.81351,0.81366,4.50,2.25
2011.03.25 18:03:53.400,0.81352,0.81365,1.50,1.50
2011.03.25 18:03:53.949,0.81352,0.81365,1.50,1.50
2011.03.25 18:03:54.537,0.81352,0.81365,1.50,1.50
2011.03.25 18:03:55.627,0.81352,0.81365,1.50,1.50
2011.03.25 18:03:57.619,0.81352,0.81365,1.50,1.50
2011.03.25 18:03:58.370,0.81352,0.81365,1.50,1.50
2011.03.25 18:03:58.917,0.81352,0.81365,1.50,1.50
2011.03.25 18:04:01.378,0.81351,0.81365,3.00,1.50
2011.03.25 18:04:01.927,0.81351,0.81365,3.00,1.50
2011.03.25 18:04:03.199,0.81351,0.81365,3.00,1.50
2011.03.25 18:04:05.321,0.81351,0.81364,2.25,5.25
2011.03.25 18:04:05.878,0.81352,0.81365,1.50,1.50
2011.03.25 18:04:09.551,0.81351,0.81365,1.50,6.60
2011.03.25 18:04:10.107,0.81351,0.81363,1.50,1.50
2011.03.25 18:04:10.661,0.81349,0.81362,3.38,1.50
2011.03.25 18:04:12.320,0.81347,0.8136,1.88,1.28
2011.03.25 18:04:12.431,0.81346,0.81357,6.00,1.50
2011.03.25 18:04:12.661,0.81343,0.81355,2.25,5.25
2011.03.25 18:04:13.217,0.81342,0.81355,1.50,5.25
2011.03.25 18:04:14.042,0.81341,0.81354,2.25,3.00
2011.03.25 18:04:14.168,0.81339,0.81353,6.38,1.13
2011.03.25 18:04:14.719,0.81339,0.81353,4.88,1.13
2011.03.25 18:04:15.227,0.81339,0.81353,4.13,1.13
2011.03.25 18:04:25.300,0.81339,0.81353,2.63,2.63
2011.03.25 18:04:25.858,0.8134,0.81353,2.25,2.63
2011.03.25 18:04:26.521,0.81341,0.81353,1.50,2.63
2011.03.25 18:04:27.067,0.8134,0.81353,1.50,1.88
2011.03.25 18:04:32.769,0.81339,0.81353,2.63,1.13
2011.03.25 18:04:33.589,0.81339,0.81353,2.63,1.13
2011.03.25 18:04:34.137,0.81339,0.81353,4.88,1.13
2011.03.25 18:04:41.239,0.8134,0.81355,3.38,2.25
2011.03.25 18:04:41.568,0.81342,0.81354,2.25,1.50
2011.03.25 18:04:42.530,0.81345,0.81353,1.50,1.50
2011.03.25 18:04:42.649,0.81344,0.81357,1.88,2.25
2011.03.25 18:04:45.679,0.81344,0.81356,1.50,1.50
2011.03.25 18:04:45.793,0.81341,0.81356,3.38,2.25
2011.03.25 18:04:46.428,0.81341,0.81355,4.13,1.50
2011.03.25 18:05:02.240,0.81343,0.81356,1.13,3.00
2011.03.25 18:05:02.678,0.81342,0.81355,1.50,1.50
2011.03.25 18:05:02.900,0.81344,0.81356,1.13,2.25
2011.03.25 18:05:03.229,0.81348,0.81356,1.13,1.50
2011.03.25 18:05:03.341,0.81348,0.81361,1.13,1.50
2011.03.25 18:05:07.169,0.81348,0.81361,1.88,1.50
2011.03.25 18:05:07.388,0.81349,0.81362,1.50,2.63
2011.03.25 18:05:10.187,0.81349,0.81361,1.50,1.50
2011.03.25 18:05:12.274,0.81349,0.8136,1.50,1.50
2011.03.25 18:05:15.499,0.81349,0.81362,1.50,1.13
2011.03.25 18:05:18.158,0.81349,0.81363,1.50,4.73
2011.03.25 18:05:18.831,0.81349,0.81361,1.50,1.50
2011.03.25 18:05:19.280,0.8135,0.81361,1.50,2.25
2011.03.25 18:05:19.823,0.81353,0.81367,5.63,3.68
2011.03.25 18:05:19.942,0.81354,0.81366,1.50,1.20
2011.03.25 18:05:24.648,0.81354,0.81367,1.50,2.18
2011.03.25 18:05:25.430,0.81354,0.81367,1.50,2.93
2011.03.25 18:05:25.958,0.81354,0.81367,1.50,2.18
2011.03.25 18:05:26.480,0.81354,0.81367,1.50,2.93
2011.03.25 18:05:27.269,0.81353,0.81366,1.50,1.20
2011.03.25 18:05:27.819,0.81353,0.81366,1.50,1.95
2011.03.25 18:05:28.470,0.81353,0.81366,1.50,1.95
2011.03.25 18:05:29.340,0.81353,0.81364,1.50,3.00
2011.03.25 18:05:29.669,0.8135,0.81362,1.50,3.38
2011.03.25 18:05:29.778,0.81348,0.81362,1.88,4.13
2011.03.25 18:05:30.328,0.81346,0.81361,7.13,4.35
2011.03.25 18:05:35.578,0.81348,0.8136,1.50,1.13
2011.03.25 18:05:36.128,0.81348,0.8136,1.50,1.88
2011.03.25 18:05:36.238,0.81348,0.8136,1.50,1.13
2011.03.25 18:05:44.749,0.81348,0.81361,1.88,3.00
2011.03.25 18:05:45.188,0.81348,0.8136,1.50,1.50
2011.03.25 18:05:48.909,0.81347,0.8136,2.25,2.63
2011.03.25 18:05:49.458,0.81347,0.81359,1.50,1.50
2011.03.25 18:05:50.887,0.81347,0.81357,1.50,1.50
2011.03.25 18:05:51.997,0.81347,0.81357,1.50,1.50
2011.03.25 18:06:01.477,0.81347,0.81359,1.50,3.00
2011.03.25 18:06:02.027,0.81347,0.81359,1.50,1.50
2011.03.25 18:06:08.667,0.81347,0.81358,1.50,1.50
2011.03.25 18:06:15.035,0.81346,0.81358,7.13,1.50
2011.03.25 18:06:18.318,0.81346,0.81358,7.13,1.50
2011.03.25 18:06:23.377,0.81348,0.81359,1.50,1.50
2011.03.25 18:06:30.079,0.81346,0.81355,9.00,1.13
2011.03.25 18:06:30.300,0.81341,0.81354,3.00,1.50
2011.03.25 18:06:30.848,0.81342,0.81354,1.50,3.75
2011.03.25 18:06:40.218,0.81345,0.81353,1.50,1.50
2011.03.25 18:06:44.691,0.81345,0.81353,1.50,1.88
2011.03.25 18:06:47.259,0.81345,0.81352,1.50,1.50
2011.03.25 18:06:47.699,0.81345,0.81354,1.50,2.25
2011.03.25 18:06:49.459,0.81347,0.81354,1.50,2.25
2011.03.25 18:06:50.008,0.81347,0.81354,1.50,2.25
2011.03.25 18:06:50.511,0.81347,0.81354,1.50,1.50
2011.03.25 18:06:50.933,0.81351,0.81357,1.50,3.08
2011.03.25 18:06:51.057,0.81352,0.81361,1.50,1.50
2011.03.25 18:06:51.610,0.81353,0.81361,1.50,1.50
2011.03.25 18:06:52.490,0.81351,0.81361,1.50,1.50
2011.03.25 18:06:52.818,0.81351,0.8136,1.50,1.50
2011.03.25 18:06:53.038,0.81351,0.8136,1.50,1.50
2011.03.25 18:06:53.589,0.81351,0.8136,1.50,1.50
2011.03.25 18:06:54.138,0.81352,0.81361,1.50,2.25
2011.03.25 18:06:59.129,0.81352,0.81362,1.50,2.25
2011.03.25 18:07:02.948,0.81355,0.81362,1.50,2.25
2011.03.25 18:07:03.169,0.81356,0.81366,1.50,2.32
2011.03.25 18:07:03.388,0.81358,0.81368,1.50,1.50
2011.03.25 18:07:03.946,0.81358,0.81368,1.50,1.50
2011.03.25 18:07:04.828,0.81358,0.81368,1.50,1.88
2011.03.25 18:07:06.238,0.81355,0.81367,3.00,1.50
2011.03.25 18:07:08.338,0.81356,0.81367,2.25,1.13
2011.03.25 18:07:17.051,0.81356,0.81366,1.50,1.88
2011.03.25 18:07:17.611,0.81356,0.81366,1.50,2.25
2011.03.25 18:07:18.170,0.81357,0.81366,1.50,1.50
2011.03.25 18:07:18.717,0.81358,0.81367,1.50,2.25
2011.03.25 18:07:22.040,0.81358,0.81369,1.50,3.00
2011.03.25 18:07:22.148,0.8136,0.81369,1.50,2.25
2011.03.25 18:07:22.697,0.8136,0.8137,1.50,1.50
2011.03.25 18:07:27.038,0.8136,0.81367,1.50,1.50
2011.03.25 18:07:27.371,0.81357,0.81366,1.50,1.50
2011.03.25 18:07:27.599,0.81357,0.81368,1.50,2.48
2011.03.25 18:07:28.750,0.81357,0.81368,1.50,1.50
2011.03.25 18:07:29.298,0.81356,0.81369,2.25,2.63
2011.03.25 18:07:38.618,0.81355,0.81368,2.25,3.00
2011.03.25 18:07:39.280,0.81355,0.81367,2.25,2.25
2011.03.25 18:07:39.828,0.81355,0.81367,2.25,1.50
2011.03.25 18:07:40.157,0.81355,0.81367,2.25,1.50
2011.03.25 18:07:40.707,0.81354,0.81367,2.25,2.63
2011.03.25 18:07:41.257,0.81354,0.81366,1.50,1.50
2011.03.25 18:07:41.918,0.81354,0.81366,1.50,3.38
2011.03.25 18:07:42.687,0.81354,0.81366,1.50,2.25
2011.03.25 18:07:43.458,0.81354,0.81366,1.50,2.25
2011.03.25 18:07:49.978,0.81356,0.81366,1.50,1.50
2011.03.25 18:07:50.740,0.81354,0.81366,3.75,1.50
2011.03.25 18:08:05.758,0.81354,0.81366,3.75,1.50
2011.03.25 18:08:09.188,0.81353,0.81365,1.50,2.25
2011.03.25 18:08:09.738,0.81352,0.81364,2.25,1.50
2011.03.25 18:08:23.617,0.81355,0.81365,1.13,2.25
2011.03.25 18:08:23.728,0.81355,0.81366,1.88,1.50
2011.03.25 18:08:24.170,0.81357,0.81367,1.50,1.50
2011.03.25 18:08:37.879,0.81358,0.81368,2.25,2.25
2011.03.25 18:08:38.427,0.8136,0.81368,1.50,1.50
2011.03.25 18:08:39.449,0.81359,0.81368,2.25,1.50
2011.03.25 18:08:48.301,0.81357,0.81368,3.00,2.25
2011.03.25 18:08:48.629,0.81357,0.81365,1.50,1.50
2011.03.25 18:08:49.181,0.81356,0.81365,1.50,1.50
2011.03.25 18:08:51.140,0.81355,0.81362,1.50,1.50
2011.03.25 18:08:56.077,0.81353,0.81362,1.50,1.50
2011.03.25 18:08:57.438,0.81353,0.81364,1.50,2.25
2011.03.25 18:08:57.549,0.81356,0.81364,1.50,2.25
2011.03.25 18:08:57.988,0.81353,0.81362,1.50,1.50
2011.03.25 18:09:08.668,0.81353,0.81363,1.50,1.13
2011.03.25 18:09:08.888,0.81355,0.81364,1.50,2.25
2011.03.25 18:09:09.989,0.81355,0.81364,1.50,1.50
2011.03.25 18:09:10.318,0.81357,0.81367,2.25,3.00
2011.03.25 18:09:10.427,0.81358,0.81367,1.50,1.50
2011.03.25 18:09:11.198,0.81358,0.81368,1.50,1.50
2011.03.25 18:09:11.748,0.81359,0.81369,1.50,3.60
2011.03.25 18:09:12.297,0.81359,0.81369,1.50,3.60
2011.03.25 18:09:12.847,0.81358,0.81369,1.50,3.60
2011.03.25 18:09:14.218,0.81358,0.81367,1.50,1.50
2011.03.25 18:09:14.768,0.81357,0.81368,1.50,1.50
2011.03.25 18:09:17.988,0.81358,0.81368,1.50,1.50
2011.03.25 18:09:19.748,0.81358,0.81368,1.50,1.50
2011.03.25 18:09:20.628,0.81358,0.81368,1.50,1.88
2011.03.25 18:09:21.518,0.81358,0.81368,1.50,1.88
2011.03.25 18:09:25.228,0.81358,0.81368,1.50,1.13
2011.03.25 18:09:25.668,0.81357,0.81368,1.50,1.88
2011.03.25 18:09:26.227,0.81357,0.81368,1.50,1.88
2011.03.25 18:09:26.778,0.81357,0.81368,3.00,1.50
2011.03.25 18:09:26.998,0.81357,0.81369,3.00,1.50
2011.03.25 18:09:27.557,0.81359,0.81369,1.50,2.25
2011.03.25 18:09:29.909,0.81359,0.81369,1.50,2.25
2011.03.25 18:09:31.459,0.81359,0.81368,1.50,1.13
2011.03.25 18:09:32.157,0.81357,0.81368,1.50,1.13
2011.03.25 18:09:33.945,0.81357,0.81369,1.50,2.25
2011.03.25 18:09:34.497,0.81357,0.81368,1.50,1.13
2011.03.25 18:09:35.927,0.81357,0.81368,1.50,1.13
2011.03.25 18:09:36.998,0.81357,0.81368,1.50,2.25
2011.03.25 18:09:37.583,0.81359,0.81368,1.50,2.25
2011.03.25 18:09:47.163,0.81358,0.81368,2.25,1.88
2011.03.25 18:09:48.667,0.81358,0.81368,2.25,1.88
2011.03.25 18:09:49.218,0.81358,0.81368,2.25,1.88
2011.03.25 18:09:49.837,0.81358,0.81368,2.25,1.88
2011.03.25 18:09:50.577,0.81358,0.81368,2.25,1.13
2011.03.25 18:09:51.328,0.81358,0.81368,2.25,1.88
2011.03.25 18:09:52.209,0.81358,0.81368,2.25,1.13
2011.03.25 18:09:57.595,0.81358,0.81368,2.25,1.88
2011.03.25 18:09:58.557,0.81358,0.81368,2.25,1.13
2011.03.25 18:10:11.578,0.81358,0.81369,2.25,2.25
2011.03.25 18:10:12.128,0.81358,0.8137,2.25,2.25
2011.03.25 18:10:13.528,0.81359,0.81369,2.25,5.25
2011.03.25 18:10:14.078,0.81358,0.81368,2.25,1.13
2011.03.25 18:10:25.579,0.81358,0.81368,2.25,1.13
2011.03.25 18:10:28.038,0.81358,0.81368,2.25,1.13
2011.03.25 18:10:28.548,0.81358,0.81368,2.25,1.13
2011.03.25 18:10:29.107,0.81358,0.81368,2.25,1.13
2011.03.25 18:10:44.400,0.81358,0.81371,3.00,4.13
2011.03.25 18:10:44.949,0.8136,0.81369,1.50,1.50
2011.03.25 18:10:50.798,0.81361,0.8137,1.35,1.50
2011.03.25 18:10:51.130,0.81364,0.81375,1.50,3.60
2011.03.25 18:10:51.349,0.81362,0.81375,2.25,3.23
2011.03.25 18:10:52.228,0.81363,0.81375,1.50,3.23
2011.03.25 18:10:52.758,0.81363,0.81375,2.25,3.23
2011.03.25 18:10:54.738,0.81364,0.81373,1.50,1.50
2011.03.25 18:10:55.074,0.81364,0.81375,3.00,1.50
2011.03.25 18:10:55.299,0.81365,0.81375,1.50,2.25
2011.03.25 18:10:55.848,0.81365,0.81373,1.50,1.50
2011.03.25 18:10:56.398,0.81365,0.81375,1.50,2.25
2011.03.25 18:10:56.840,0.81366,0.81377,1.50,2.63
2011.03.25 18:11:07.068,0.81365,0.81377,1.50,2.25
2011.03.25 18:11:18.490,0.81366,0.81375,1.50,1.50
2011.03.25 18:11:18.601,0.81364,0.81376,2.25,1.50
2011.03.25 18:11:23.477,0.81363,0.81375,2.25,2.25
2011.03.25 18:11:24.230,0.81364,0.81375,1.50,2.25
2011.03.25 18:11:29.148,0.81364,0.81375,1.50,2.63
2011.03.25 18:11:29.698,0.81362,0.81373,2.25,1.50
2011.03.25 18:11:38.969,0.81362,0.81373,2.25,1.88
2011.03.25 18:11:39.519,0.81362,0.81373,2.25,1.88
2011.03.25 18:11:45.188,0.81362,0.81373,2.25,1.88
2011.03.25 18:11:46.007,0.81362,0.81373,2.25,1.88
2011.03.25 18:11:47.587,0.81362,0.81373,2.25,1.88
2011.03.25 18:11:48.509,0.81362,0.81373,2.25,1.88
2011.03.25 18:11:49.058,0.81362,0.81373,2.25,1.88
2011.03.25 18:11:54.920,0.81361,0.81372,2.63,2.10
2011.03.25 18:11:55.140,0.81361,0.81375,2.63,1.88
2011.03.25 18:11:55.469,0.81363,0.81376,1.88,1.50
2011.03.25 18:11:55.798,0.81366,0.81374,2.25,1.50
2011.03.25 18:11:55.910,0.81362,0.81374,1.50,3.00
2011.03.25 18:11:56.020,0.81361,0.81373,2.63,1.50
2011.03.25 18:11:56.570,0.81361,0.81374,2.63,2.25
2011.03.25 18:11:56.897,0.81361,0.81374,3.38,2.25
2011.03.25 18:12:02.979,0.81361,0.81374,3.75,3.38
2011.03.25 18:12:03.418,0.81361,0.81372,1.50,1.50
2011.03.25 18:12:04.187,0.8136,0.81372,3.00,1.50
2011.03.25 18:12:10.919,0.81361,0.81372,1.50,1.50
2011.03.25 18:12:16.119,0.8136,0.81372,2.25,1.50
2011.03.25 18:12:19.002,0.81361,0.81372,1.50,2.25
2011.03.25 18:12:25.257,0.81359,0.81372,1.50,1.50
2011.03.25 18:12:25.808,0.8136,0.81373,2.25,3.38
2011.03.25 18:12:31.519,0.81362,0.81372,1.50,1.50
2011.03.25 18:12:36.769,0.81361,0.81373,1.50,3.38
2011.03.25 18:12:50.118,0.81362,0.81374,1.50,2.25
2011.03.25 18:12:52.542,0.81364,0.81374,1.50,3.00
2011.03.25 18:12:53.100,0.81363,0.81373,1.50,2.25
2011.03.25 18:12:53.760,0.81367,0.81373,1.35,1.50
2011.03.25 18:12:53.981,0.8137,0.81381,3.38,4.50
2011.03.25 18:12:54.201,0.81373,0.81384,1.50,2.25
2011.03.25 18:12:54.421,0.81375,0.81386,1.88,1.50
2011.03.25 18:12:54.533,0.81378,0.81389,1.88,1.50
2011.03.25 18:12:54.651,0.81377,0.81389,5.63,1.50
2011.03.25 18:12:54.760,0.81378,0.81389,4.50,1.50
2011.03.25 18:12:54.979,0.81375,0.81389,2.25,2.25
2011.03.25 18:12:57.700,0.81376,0.81389,1.50,2.25
2011.03.25 18:12:58.257,0.81376,0.81389,2.25,2.25
2011.03.25 18:12:59.679,0.81377,0.81389,2.63,1.50
2011.03.25 18:13:00.798,0.81377,0.81389,2.63,1.50
2011.03.25 18:13:01.349,0.81378,0.81391,2.63,1.50
2011.03.25 18:13:01.897,0.81379,0.81392,2.25,1.50
2011.03.25 18:13:02.559,0.8138,0.81393,1.13,1.50
2011.03.25 18:13:06.418,0.8138,0.81394,2.63,4.13
2011.03.25 18:13:17.869,0.81381,0.81394,1.13,3.00
2011.03.25 18:13:20.888,0.81381,0.81395,3.38,1.50
2011.03.25 18:13:23.768,0.81381,0.81395,3.38,2.25
2011.03.25 18:13:29.199,0.81381,0.81395,7.13,2.25
2011.03.25 18:13:29.638,0.81381,0.81395,3.38,2.25
2011.03.25 18:13:30.627,0.81381,0.81395,4.13,1.50
2011.03.25 18:13:31.398,0.81383,0.81397,1.50,1.50
2011.03.25 18:13:33.748,0.81384,0.81397,3.00,1.50
2011.03.25 18:13:34.081,0.81384,0.81398,1.50,2.85
2011.03.25 18:13:44.473,0.81385,0.81398,2.85,1.50
2011.03.25 18:13:44.810,0.81387,0.814,3.75,2.25
2011.03.25 18:13:45.358,0.81388,0.81401,1.50,2.25
2011.03.25 18:13:47.148,0.81388,0.814,1.50,1.50
2011.03.25 18:13:48.688,0.81388,0.814,1.50,1.50
2011.03.25 18:13:56.938,0.81388,0.814,1.50,1.50
2011.03.25 18:13:57.490,0.81386,0.81399,1.50,2.25
2011.03.25 18:13:57.605,0.81386,0.81394,1.50,1.13
2011.03.25 18:13:57.829,0.81383,0.81394,1.50,1.13
2011.03.25 18:13:58.378,0.81382,0.81395,2.25,2.63
2011.03.25 18:13:58.929,0.81383,0.81395,2.25,1.50
2011.03.25 18:13:59.370,0.81383,0.81397,1.88,1.50
2011.03.25 18:14:01.988,0.81382,0.81395,3.75,3.38
2011.03.25 18:14:07.219,0.81383,0.81396,1.13,1.50
2011.03.25 18:14:07.878,0.81383,0.81395,1.50,1.50
2011.03.25 18:14:15.948,0.81384,0.81397,2.63,2.25
2011.03.25 18:14:48.108,0.81384,0.81397,1.88,1.50
2011.03.25 18:14:48.878,0.81384,0.81398,1.88,2.63
2011.03.25 18:14:51.189,0.81384,0.81396,1.50,1.13
2011.03.25 18:14:51.737,0.81384,0.81395,1.50,1.50
2011.03.25 18:14:52.674,0.81387,0.81396,1.50,1.13
2011.03.25 18:14:52.797,0.81387,0.814,1.50,1.50
2011.03.25 18:14:55.020,0.81387,0.814,1.50,1.50
2011.03.25 18:15:20.481,0.81388,0.81401,2.25,1.50
2011.03.25 18:15:34.279,0.81389,0.81403,2.10,3.38
2011.03.25 18:15:34.501,0.81392,0.81404,3.75,1.50
2011.03.25 18:15:34.839,0.81393,0.81405,1.50,1.50
2011.03.25 18:15:35.058,0.81394,0.81405,1.50,1.50
2011.03.25 18:15:38.862,0.81393,0.81405,1.50,3.38
2011.03.25 18:15:39.088,0.81389,0.81404,3.38,2.25
2011.03.25 18:15:41.577,0.8139,0.81403,1.88,1.50
2011.03.25 18:15:42.352,0.8139,0.81404,3.38,1.50
2011.03.25 18:15:49.839,0.8139,0.81403,3.38,1.50
2011.03.25 18:15:50.387,0.8139,0.81404,3.38,1.50
2011.03.25 18:15:51.722,0.81389,0.81402,2.25,1.50
2011.03.25 18:15:52.277,0.81389,0.81401,2.25,1.13
2011.03.25 18:15:55.508,0.81389,0.81401,2.25,1.13
2011.03.25 18:16:01.050,0.8139,0.81403,1.88,2.85
2011.03.25 18:16:01.270,0.8139,0.81403,3.38,2.85
2011.03.25 18:16:01.818,0.81389,0.81402,2.25,1.88
2011.03.25 18:16:06.361,0.81391,0.81403,1.50,2.48
2011.03.25 18:16:06.580,0.81391,0.81403,1.50,2.10
2011.03.25 18:16:07.130,0.81392,0.81403,1.50,1.50
2011.03.25 18:16:07.677,0.81393,0.81405,1.50,2.63
2011.03.25 18:16:08.338,0.81394,0.81405,1.50,3.38
2011.03.25 18:16:09.659,0.81394,0.81405,1.50,3.00
2011.03.25 18:16:09.988,0.81392,0.81405,6.38,2.25
2011.03.25 18:16:11.529,0.81392,0.81403,3.38,1.50
2011.03.25 18:16:12.078,0.81392,0.81404,1.88,1.50
2011.03.25 18:16:12.823,0.81392,0.81403,1.50,1.50
2011.03.25 18:16:13.269,0.81393,0.81403,1.50,1.50
2011.03.25 18:16:13.821,0.81392,0.81403,2.25,1.50
2011.03.25 18:16:14.480,0.81392,0.81403,1.50,1.50
2011.03.25 18:16:14.699,0.81393,0.81403,1.50,1.50
2011.03.25 18:16:15.138,0.81392,0.81403,1.50,1.50
2011.03.25 18:16:15.359,0.81392,0.81403,2.25,1.50
2011.03.25 18:16:15.688,0.81392,0.81403,2.25,1.50
2011.03.25 18:16:15.910,0.81392,0.81403,1.50,1.50
2011.03.25 18:16:16.789,0.81392,0.81403,2.25,1.50
2011.03.25 18:16:17.009,0.81392,0.81403,2.25,1.50
2011.03.25 18:16:17.228,0.81393,0.81403,1.50,1.50
2011.03.25 18:16:17.779,0.81393,0.81403,1.50,1.50
2011.03.25 18:16:18.219,0.81391,0.81403,1.50,1.50
2011.03.25 18:16:18.659,0.81393,0.81403,1.50,1.50
2011.03.25 18:16:19.099,0.81391,0.81403,1.50,1.50
2011.03.25 18:16:19.321,0.81393,0.81403,1.50,1.50
2011.03.25 18:16:19.869,0.81393,0.81403,1.50,1.50
2011.03.25 18:16:20.418,0.81392,0.81403,2.25,1.50
2011.03.25 18:16:20.750,0.81392,0.81404,1.50,1.50
2011.03.25 18:16:21.600,0.81393,0.81403,1.50,1.50
2011.03.25 18:16:21.819,0.81392,0.81403,1.43,1.50
2011.03.25 18:16:22.259,0.81392,0.81404,2.10,1.50
2011.03.25 18:16:22.699,0.81392,0.81403,2.10,1.50
2011.03.25 18:16:23.250,0.81392,0.81403,1.43,1.50
2011.03.25 18:16:23.469,0.81393,0.81403,1.35,1.50
2011.03.25 18:16:24.020,0.81392,0.81404,1.50,1.50
2011.03.25 18:16:24.570,0.81393,0.81404,1.35,1.50
2011.03.25 18:16:24.793,0.81392,0.81404,1.43,1.50
2011.03.25 18:16:24.910,0.81392,0.81404,2.10,1.50
2011.03.25 18:16:25.459,0.81393,0.81406,1.05,3.00
2011.03.25 18:16:26.008,0.81392,0.81404,2.10,1.50
2011.03.25 18:16:26.229,0.81392,0.81404,2.10,1.50
2011.03.25 18:16:26.342,0.81394,0.81405,1.50,1.13
2011.03.25 18:16:27.181,0.81396,0.81408,1.50,1.13
2011.03.25 18:16:27.291,0.81396,0.81408,1.50,1.88
2011.03.25 18:16:27.511,0.81396,0.81408,1.50,1.13
2011.03.25 18:16:29.169,0.81396,0.81409,1.88,3.00
2011.03.25 18:16:29.718,0.81398,0.81411,2.93,3.00
2011.03.25 18:16:29.830,0.81398,0.8141,2.93,2.10
2011.03.25 18:16:31.040,0.81396,0.81408,1.50,1.13
2011.03.25 18:16:31.589,0.81396,0.81409,1.50,6.00
2011.03.25 18:16:33.891,0.81397,0.81411,2.25,1.50
2011.03.25 18:16:34.113,0.81399,0.81412,1.50,2.63
2011.03.25 18:16:34.571,0.81401,0.81413,1.50,1.50
2011.03.25 18:16:36.230,0.81401,0.81413,1.50,1.50
2011.03.25 18:16:37.109,0.81401,0.81414,1.50,3.38
2011.03.25 18:16:37.659,0.81401,0.81413,3.00,1.13
2011.03.25 18:16:38.219,0.81403,0.81414,2.25,5.63
2011.03.25 18:16:39.758,0.81401,0.81413,1.50,1.50
2011.03.25 18:16:40.089,0.81402,0.81414,2.25,7.88
2011.03.25 18:16:40.308,0.81403,0.81414,1.50,6.38
2011.03.25 18:16:44.311,0.81403,0.81415,1.50,1.50
2011.03.25 18:16:44.970,0.81406,0.81416,4.13,2.25
2011.03.25 18:16:45.465,0.81407,0.81421,1.50,1.54
2011.03.25 18:16:48.460,0.81408,0.8142,1.50,1.50
2011.03.25 18:16:51.100,0.81408,0.81419,2.25,1.50
2011.03.25 18:16:51.720,0.81408,0.8142,1.50,1.50
2011.03.25 18:16:56.069,0.81408,0.81421,2.25,1.17
2011.03.25 18:17:16.060,0.81407,0.81421,1.88,3.38
2011.03.25 18:17:16.609,0.81407,0.81421,1.88,1.88
2011.03.25 18:17:17.170,0.81407,0.81421,1.13,1.88
2011.03.25 18:17:20.149,0.81407,0.81421,1.88,1.88
2011.03.25 18:17:20.699,0.81407,0.8142,1.88,2.25
2011.03.25 18:17:21.033,0.81407,0.8142,1.13,3.98
2011.03.25 18:17:22.120,0.81405,0.81419,3.00,1.50
2011.03.25 18:17:22.669,0.81405,0.81418,2.25,1.50
2011.03.25 18:17:25.209,0.81405,0.81418,2.25,3.00
2011.03.25 18:17:25.759,0.81405,0.81418,2.25,1.50
2011.03.25 18:17:26.308,0.81405,0.81418,2.25,1.50
2011.03.25 18:17:29.230,0.81406,0.81419,1.50,1.50
2011.03.25 18:17:29.781,0.81406,0.81419,1.50,3.00
2011.03.25 18:17:30.119,0.81406,0.81419,1.50,2.25
2011.03.25 18:17:30.890,0.81406,0.81418,1.50,1.50
2011.03.25 18:17:49.209,0.81405,0.81417,1.50,1.50
2011.03.25 18:17:53.730,0.81404,0.81416,2.25,1.35
2011.03.25 18:17:54.061,0.814,0.81413,1.50,4.13
2011.03.25 18:17:55.490,0.81404,0.81415,2.48,5.25
2011.03.25 18:17:55.712,0.81406,0.81417,1.88,1.50
2011.03.25 18:17:55.940,0.81408,0.81419,2.63,1.50
2011.03.25 18:17:56.489,0.81408,0.81419,3.38,1.50
2011.03.25 18:17:57.591,0.8141,0.81422,1.13,3.00
2011.03.25 18:17:57.699,0.81411,0.81423,1.50,2.25
2011.03.25 18:17:58.249,0.81411,0.81425,3.00,2.25
2011.03.25 18:17:58.360,0.81412,0.81426,1.50,7.88
2011.03.25 18:17:59.127,0.81412,0.81424,1.50,4.13
2011.03.25 18:17:59.688,0.8141,0.81425,3.00,3.23
2011.03.25 18:18:00.240,0.8141,0.81423,2.25,1.50
2011.03.25 18:18:02.120,0.81411,0.81424,1.50,5.63
2011.03.25 18:18:04.822,0.81414,0.81425,1.13,1.50
2011.03.25 18:18:05.380,0.81414,0.81427,1.13,2.25
2011.03.25 18:18:05.909,0.81414,0.81427,1.88,2.25
2011.03.25 18:18:07.128,0.81414,0.81427,1.13,2.25
2011.03.25 18:18:18.768,0.81414,0.81427,2.63,1.50
2011.03.25 18:18:19.429,0.81415,0.81428,1.13,1.50
2011.03.25 18:18:19.981,0.81415,0.81429,6.38,1.88
2011.03.25 18:18:21.188,0.81415,0.81429,5.63,1.50
2011.03.25 18:18:21.299,0.81415,0.81429,6.00,1.50
2011.03.25 18:18:22.508,0.81417,0.81431,6.00,3.00
2011.03.25 18:18:23.498,0.81416,0.81429,2.25,2.25
2011.03.25 18:18:24.049,0.81416,0.81429,2.25,2.25
2011.03.25 18:18:24.708,0.81416,0.81429,2.25,2.25
2011.03.25 18:18:25.148,0.81415,0.81428,1.50,1.50
2011.03.25 18:18:32.118,0.81415,0.81428,2.63,1.50
2011.03.25 18:18:32.680,0.81415,0.81429,2.63,2.63
2011.03.25 18:18:34.931,0.81418,0.81429,6.00,1.50
2011.03.25 18:18:35.149,0.8142,0.81433,2.25,1.88
2011.03.25 18:18:36.028,0.8142,0.81433,2.63,1.50
2011.03.25 18:18:36.948,0.8142,0.81433,2.63,1.50
2011.03.25 18:18:37.720,0.81424,0.81433,1.35,1.50
2011.03.25 18:18:38.054,0.81428,0.81441,1.50,3.00
2011.03.25 18:18:38.170,0.8143,0.81441,1.88,1.50
2011.03.25 18:18:38.392,0.81428,0.81441,4.50,2.25
2011.03.25 18:18:38.839,0.81428,0.81441,5.25,1.50
2011.03.25 18:18:39.970,0.81428,0.81441,5.25,1.50
2011.03.25 18:18:40.849,0.81428,0.81441,5.25,1.50
2011.03.25 18:18:41.399,0.81427,0.81438,1.13,1.50
2011.03.25 18:18:41.948,0.81427,0.81438,1.13,1.50
2011.03.25 18:18:43.879,0.81426,0.81438,1.88,1.50
2011.03.25 18:18:44.209,0.81424,0.81436,2.25,1.50
2011.03.25 18:18:44.539,0.81421,0.81435,3.38,1.13
2011.03.25 18:18:45.528,0.81421,0.81436,7.50,1.88
2011.03.25 18:18:53.109,0.81422,0.81436,6.75,1.50
2011.03.25 18:18:53.550,0.81424,0.81437,1.88,2.28
2011.03.25 18:19:01.662,0.81425,0.81436,1.35,1.57
2011.03.25 18:19:03.079,0.81425,0.81437,5.10,1.57
2011.03.25 18:19:03.628,0.81424,0.81437,1.50,1.57
2011.03.25 18:19:03.960,0.81425,0.81438,1.50,1.57
2011.03.25 18:19:06.757,0.81426,0.81439,1.13,1.50
2011.03.25 18:19:08.220,0.81425,0.81438,1.88,1.50
2011.03.25 18:19:08.338,0.81427,0.81439,1.50,1.50
2011.03.25 18:19:08.891,0.81428,0.8144,1.13,1.50
2011.03.25 18:19:15.830,0.81425,0.81439,2.25,1.50
2011.03.25 18:19:16.600,0.81425,0.81435,2.25,1.13
2011.03.25 18:19:17.041,0.81421,0.81434,3.00,1.88
2011.03.25 18:19:18.159,0.81422,0.81435,1.50,1.50
2011.03.25 18:19:18.709,0.81423,0.81437,1.50,3.38
2011.03.25 18:19:28.975,0.81423,0.81437,2.63,1.88
2011.03.25 18:19:29.201,0.81424,0.81438,3.00,2.25
2011.03.25 18:19:29.749,0.81426,0.81439,6.00,1.50
2011.03.25 18:19:30.409,0.81426,0.8144,2.25,3.00
2011.03.25 18:19:31.455,0.81427,0.8144,1.13,2.25
2011.03.25 18:19:32.229,0.81428,0.8144,1.50,1.50
2011.03.25 18:19:35.628,0.81428,0.81442,1.50,2.29
2011.03.25 18:19:39.991,0.81425,0.81437,1.50,1.50
2011.03.25 18:19:40.210,0.81428,0.8144,1.50,1.50
2011.03.25 18:19:40.319,0.81428,0.81441,2.25,1.50
2011.03.25 18:19:40.869,0.81427,0.81441,1.88,2.25
2011.03.25 18:19:43.629,0.81427,0.81441,2.63,2.25
2011.03.25 18:19:44.590,0.81427,0.81439,4.88,1.50
2011.03.25 18:19:45.181,0.81428,0.81441,1.13,1.50
2011.03.25 18:19:45.729,0.81424,0.81438,2.25,1.13
2011.03.25 18:19:45.839,0.81424,0.81437,2.25,1.50
2011.03.25 18:19:46.059,0.81424,0.81438,2.25,1.13
2011.03.25 18:19:46.610,0.81425,0.81439,3.75,3.75
2011.03.25 18:19:46.830,0.81427,0.8144,1.50,2.25
2011.03.25 18:19:47.380,0.81425,0.81439,4.50,2.63
2011.03.25 18:19:47.711,0.81428,0.81439,1.50,1.50
2011.03.25 18:19:48.258,0.81428,0.81441,2.25,2.63
2011.03.25 18:19:48.702,0.81426,0.81438,3.75,2.25
2011.03.25 18:19:49.040,0.81424,0.81435,2.25,1.88
2011.03.25 18:19:49.588,0.81424,0.81435,1.50,1.13
2011.03.25 18:19:52.320,0.81424,0.81434,1.50,1.50
2011.03.25 18:19:52.551,0.81418,0.81429,2.25,3.38
2011.03.25 18:19:52.660,0.81417,0.81429,1.50,3.38
2011.03.25 18:19:53.209,0.81417,0.81429,1.50,1.13
2011.03.25 18:19:54.089,0.81416,0.8143,1.50,2.25
2011.03.25 18:19:54.422,0.81416,0.81429,1.50,1.88
2011.03.25 18:19:54.971,0.81416,0.81429,1.50,2.25
2011.03.25 18:19:55.197,0.81413,0.81422,1.50,2.63
2011.03.25 18:19:55.314,0.8141,0.81422,1.50,2.63
2011.03.25 18:19:55.652,0.8141,0.81424,3.75,3.00
2011.03.25 18:19:55.771,0.81413,0.81424,5.25,2.25
2011.03.25 18:19:55.991,0.81414,0.81428,5.63,1.88
2011.03.25 18:19:56.651,0.81415,0.81427,1.50,1.50
2011.03.25 18:19:57.066,0.81415,0.81429,2.25,2.25
2011.03.25 18:19:58.390,0.81415,0.81428,1.50,2.63
2011.03.25 18:19:58.501,0.81414,0.81427,1.88,1.50
2011.03.25 18:19:58.723,0.81414,0.81427,2.63,1.50
2011.03.25 18:19:58.954,0.81411,0.81422,1.50,1.88
2011.03.25 18:19:59.182,0.81409,0.81421,2.25,1.50
2011.03.25 18:19:59.634,0.81411,0.81423,2.25,1.50
2011.03.25 18:20:00.079,0.81411,0.81422,1.50,1.50
2011.03.25 18:20:00.300,0.81411,0.81422,1.50,1.50
2011.03.25 18:20:00.412,0.81411,0.81423,1.50,1.50
2011.03.25 18:20:00.993,0.81413,0.81425,1.88,1.50
2011.03.25 18:20:01.114,0.81416,0.81427,1.13,1.35
2011.03.25 18:20:01.454,0.81422,0.81432,6.75,2.25
2011.03.25 18:20:01.571,0.81424,0.81435,1.88,5.25
2011.03.25 18:20:02.119,0.81423,0.81437,4.13,1.50
2011.03.25 18:20:03.883,0.81424,0.81435,2.25,1.50
2011.03.25 18:20:04.426,0.81424,0.81436,1.88,1.50
2011.03.25 18:20:07.519,0.81424,0.81436,3.75,1.50
2011.03.25 18:20:08.460,0.81427,0.81438,4.88,2.25
2011.03.25 18:20:09.231,0.81427,0.81438,5.63,1.50
2011.03.25 18:20:09.941,0.81427,0.81438,5.63,1.50
2011.03.25 18:20:11.480,0.81431,0.8144,1.50,1.50
2011.03.25 18:20:11.701,0.81433,0.81442,2.63,1.50
2011.03.25 18:20:11.810,0.81433,0.81445,2.63,3.75
2011.03.25 18:20:12.139,0.81434,0.8145,1.50,2.25
2011.03.25 18:20:12.362,0.81431,0.81445,4.13,3.38
2011.03.25 18:20:13.031,0.81431,0.81444,1.88,2.25
2011.03.25 18:20:13.370,0.81428,0.81441,2.63,2.25
2011.03.25 18:20:21.420,0.81428,0.81441,2.25,4.13
2011.03.25 18:20:29.701,0.81428,0.81439,1.50,5.63
2011.03.25 18:20:31.570,0.81424,0.81437,2.25,1.50
2011.03.25 18:20:32.119,0.81423,0.81437,8.10,1.50
2011.03.25 18:20:32.339,0.81423,0.81437,7.35,1.50
2011.03.25 18:20:32.905,0.81423,0.81437,7.13,1.50
2011.03.25 18:20:36.042,0.81423,0.81436,4.88,1.50
2011.03.25 18:20:36.383,0.81424,0.81436,1.88,1.50
2011.03.25 18:20:36.722,0.81426,0.81437,5.25,1.50
2011.03.25 18:20:37.489,0.81428,0.8144,1.13,2.25
2011.03.25 18:20:59.391,0.81429,0.81441,4.50,1.50
2011.03.25 18:20:59.941,0.81428,0.81441,1.88,1.50
2011.03.25 18:21:02.671,0.81427,0.81439,2.63,1.50
2011.03.25 18:21:06.315,0.81428,0.81441,1.13,2.25
2011.03.25 18:21:06.650,0.81436,0.81447,1.88,1.50
2011.03.25 18:21:07.199,0.81436,0.81448,1.88,1.50
2011.03.25 18:21:10.759,0.81436,0.81448,1.88,1.50
2011.03.25 18:21:11.309,0.81436,0.81448,1.88,1.50
2011.03.25 18:21:12.410,0.81436,0.81448,1.88,1.50
2011.03.25 18:21:12.852,0.81434,0.81446,2.63,1.50
2011.03.25 18:21:14.739,0.81433,0.81445,2.63,1.50
2011.03.25 18:21:15.180,0.81433,0.81445,1.88,1.50
2011.03.25 18:21:15.729,0.81433,0.81445,2.63,1.50
2011.03.25 18:21:16.280,0.81432,0.81443,1.50,3.00
2011.03.25 18:21:16.829,0.8143,0.81443,1.50,2.25
2011.03.25 18:21:26.589,0.81436,0.81444,2.25,4.50
2011.03.25 18:21:26.703,0.81439,0.81445,5.63,2.25
2011.03.25 18:21:26.931,0.81441,0.81453,1.50,2.25
2011.03.25 18:21:27.369,0.81442,0.81454,2.25,2.25
2011.03.25 18:21:27.700,0.81448,0.81456,1.13,1.50
2011.03.25 18:21:27.812,0.81448,0.81461,2.63,3.00
2011.03.25 18:21:28.659,0.81448,0.81462,2.63,3.00
2011.03.25 18:21:29.209,0.81448,0.81462,2.63,2.25
2011.03.25 18:21:29.538,0.81448,0.81462,2.63,2.25
2011.03.25 18:21:34.799,0.81448,0.81462,2.63,1.50
2011.03.25 18:21:41.461,0.81447,0.81459,3.75,1.50
2011.03.25 18:21:41.789,0.81442,0.81456,2.63,1.88
2011.03.25 18:21:42.341,0.81443,0.81455,1.50,2.85
2011.03.25 18:21:42.781,0.8144,0.81453,1.50,3.75
2011.03.25 18:21:42.889,0.81438,0.81453,5.25,4.50
2011.03.25 18:21:43.000,0.81441,0.81453,1.50,3.75
2011.03.25 18:21:43.329,0.81444,0.81457,1.50,2.25
2011.03.25 18:21:45.430,0.81443,0.81455,1.50,2.63
2011.03.25 18:21:45.539,0.81442,0.81454,1.50,1.50
2011.03.25 18:21:45.760,0.81442,0.81454,1.50,1.13
2011.03.25 18:21:45.870,0.8144,0.81453,1.88,2.25
2011.03.25 18:21:46.418,0.8144,0.81452,1.13,2.25
2011.03.25 18:21:47.190,0.8144,0.81452,1.88,3.00
2011.03.25 18:21:47.739,0.8144,0.81452,1.13,3.00
2011.03.25 18:21:48.950,0.8144,0.81452,1.88,3.00
2011.03.25 18:21:49.393,0.81438,0.81451,5.25,1.50
2011.03.25 18:21:49.513,0.81438,0.81451,1.50,2.25
2011.03.25 18:21:50.589,0.81438,0.8145,1.50,1.50
2011.03.25 18:21:53.770,0.81438,0.81451,1.88,1.50
2011.03.25 18:21:54.319,0.81438,0.81451,2.25,2.25
2011.03.25 18:21:54.869,0.81439,0.81451,1.88,1.50
2011.03.25 18:21:55.421,0.8144,0.81451,1.50,1.50
2011.03.25 18:21:55.639,0.81438,0.81451,6.38,2.25
2011.03.25 18:21:59.049,0.81438,0.81451,2.25,1.50
2011.03.25 18:21:59.599,0.81438,0.81451,2.25,1.50
2011.03.25 18:22:01.029,0.81438,0.81451,2.25,1.50
2011.03.25 18:22:01.579,0.81438,0.81451,1.50,2.25
2011.03.25 18:22:04.629,0.81438,0.81452,1.50,7.50
2011.03.25 18:22:12.450,0.81438,0.81451,1.50,3.00
2011.03.25 18:22:12.563,0.81437,0.81448,2.25,1.50
2011.03.25 18:22:12.791,0.81435,0.81447,3.75,1.88
2011.03.25 18:22:12.900,0.81433,0.81447,3.38,2.63
2011.03.25 18:22:13.449,0.81433,0.81447,3.38,4.13
2011.03.25 18:22:14.879,0.81433,0.81447,2.63,4.50
2011.03.25 18:22:15.210,0.81431,0.81445,6.38,2.63
2011.03.25 18:22:15.540,0.81431,0.81442,1.50,1.50
2011.03.25 18:22:16.178,0.81429,0.81442,2.25,1.50
2011.03.25 18:22:17.010,0.81432,0.81443,1.35,7.50
2011.03.25 18:22:17.342,0.81435,0.81447,5.25,2.25
2011.03.25 18:22:17.570,0.81436,0.81448,1.50,2.25
2011.03.25 18:22:18.118,0.81437,0.8145,1.13,1.50
2011.03.25 18:22:18.891,0.81434,0.81447,3.75,1.13
2011.03.25 18:22:19.002,0.81432,0.81446,3.00,1.50
2011.03.25 18:22:19.122,0.81432,0.81445,1.50,1.50
2011.03.25 18:22:19.690,0.81431,0.81444,5.63,1.50
2011.03.25 18:22:21.230,0.8143,0.81444,1.50,2.25
2011.03.25 18:22:21.781,0.8143,0.81443,1.50,1.50
2011.03.25 18:22:29.059,0.8143,0.81443,1.50,1.54
2011.03.25 18:22:30.091,0.8143,0.81443,1.50,2.29
2011.03.25 18:22:32.839,0.8143,0.81443,1.50,2.29
2011.03.25 18:22:32.951,0.81429,0.81442,1.50,1.54
2011.03.25 18:22:33.719,0.81429,0.81442,1.50,2.29
2011.03.25 18:22:48.649,0.81427,0.81441,2.25,3.00
2011.03.25 18:22:49.090,0.81427,0.81441,2.25,2.25
2011.03.25 18:22:49.530,0.81429,0.81443,3.00,2.63
2011.03.25 18:22:49.641,0.81428,0.81443,1.88,5.63
2011.03.25 18:22:50.189,0.81428,0.81441,1.50,1.50
2011.03.25 18:23:09.151,0.8143,0.81441,1.13,3.00
2011.03.25 18:23:09.479,0.81431,0.81441,1.50,1.50
2011.03.25 18:23:10.032,0.81431,0.81442,2.25,1.50
2011.03.25 18:23:10.251,0.81435,0.81447,1.13,6.75
2011.03.25 18:23:10.915,0.81435,0.81447,1.13,2.25
2011.03.25 18:23:12.130,0.81434,0.81447,1.50,3.00
2011.03.25 18:23:12.350,0.81434,0.81445,1.50,1.50
2011.03.25 18:23:19.088,0.81434,0.81445,1.50,2.25
2011.03.25 18:23:19.640,0.81433,0.81445,1.88,1.50
2011.03.25 18:23:38.489,0.81433,0.81447,2.63,3.75
2011.03.25 18:23:40.559,0.81433,0.81447,1.88,3.00
2011.03.25 18:23:45.739,0.81433,0.81446,1.13,1.50
2011.03.25 18:23:46.184,0.8143,0.81443,1.50,2.63
2011.03.25 18:23:46.519,0.81428,0.81441,1.50,3.00
2011.03.25 18:23:47.069,0.81426,0.81439,6.00,1.50
2011.03.25 18:23:59.930,0.81427,0.81439,1.50,1.50
2011.03.25 18:24:07.241,0.81425,0.81439,2.25,6.00
2011.03.25 18:24:10.532,0.81428,0.81439,1.50,1.50
2011.03.25 18:24:24.552,0.81428,0.81441,2.85,2.25
2011.03.25 18:24:25.430,0.81429,0.81442,2.63,2.63
2011.03.25 18:24:25.651,0.81426,0.8144,3.38,1.88
2011.03.25 18:24:26.200,0.81426,0.8144,1.13,2.63
2011.03.25 18:24:26.418,0.81426,0.8144,1.13,3.38
2011.03.25 18:24:27.850,0.81426,0.8144,1.13,3.38
2011.03.25 18:24:28.180,0.8143,0.81441,1.50,4.50
2011.03.25 18:24:28.838,0.8143,0.81442,1.50,1.50
2011.03.25 18:24:37.551,0.81431,0.81442,6.00,1.50
2011.03.25 18:24:37.665,0.81431,0.81442,6.75,1.50
2011.03.25 18:24:38.000,0.81433,0.81445,1.50,1.50
2011.03.25 18:24:42.889,0.81434,0.81446,1.88,2.25
2011.03.25 18:24:55.140,0.81434,0.81446,2.63,1.50
2011.03.25 18:24:55.689,0.81434,0.81446,1.88,1.50
2011.03.25 18:24:57.008,0.81434,0.81446,2.63,1.50
2011.03.25 18:24:57.558,0.81434,0.81446,1.88,1.50
2011.03.25 18:25:12.744,0.81434,0.81447,1.50,2.25
2011.03.25 18:25:12.867,0.81437,0.81447,2.63,2.25
2011.03.25 18:25:13.090,0.81438,0.81452,1.13,3.00
2011.03.25 18:25:13.903,0.81438,0.81452,2.63,2.25
2011.03.25 18:25:16.123,0.81439,0.81453,1.88,6.00
2011.03.25 18:25:16.240,0.81439,0.8145,2.63,1.50
2011.03.25 18:25:16.352,0.81439,0.81454,2.63,8.85
2011.03.25 18:25:16.899,0.81439,0.81454,1.88,9.60
2011.03.25 18:25:19.119,0.81439,0.81453,1.50,1.50
2011.03.25 18:25:24.134,0.81439,0.81451,1.50,1.50
2011.03.25 18:25:25.572,0.81439,0.81453,1.88,2.63
2011.03.25 18:25:26.680,0.81439,0.81452,1.50,4.50
2011.03.25 18:25:28.163,0.81439,0.81452,1.50,4.50
2011.03.25 18:25:28.714,0.81438,0.81451,2.25,1.50
2011.03.25 18:25:30.370,0.81438,0.81451,2.25,1.50
2011.03.25 18:25:30.919,0.81438,0.81452,2.25,3.75
2011.03.25 18:25:34.818,0.81439,0.81452,1.50,2.25
2011.03.25 18:25:41.110,0.81439,0.81451,1.50,3.00
2011.03.25 18:25:41.221,0.81437,0.8145,2.25,2.25
2011.03.25 18:25:41.880,0.81439,0.81453,1.50,2.85
2011.03.25 18:25:42.320,0.81442,0.81453,1.50,1.13
2011.03.25 18:25:42.539,0.8144,0.81452,1.50,2.25
2011.03.25 18:25:51.100,0.81442,0.81453,1.13,1.50
2011.03.25 18:25:51.516,0.81439,0.8145,5.25,1.50
2011.03.25 18:25:51.632,0.81438,0.81449,3.00,1.50
2011.03.25 18:25:52.190,0.81437,0.81449,1.13,2.25
2011.03.25 18:25:52.631,0.81438,0.81449,1.13,2.25
2011.03.25 18:25:56.451,0.81437,0.81445,1.50,1.13
2011.03.25 18:25:56.563,0.81434,0.81445,3.00,1.13
2011.03.25 18:25:57.012,0.81429,0.81441,1.50,1.13
2011.03.25 18:25:57.130,0.81428,0.81441,2.25,1.13
2011.03.25 18:25:57.239,0.81428,0.81441,1.50,1.88
2011.03.25 18:25:57.789,0.81428,0.81441,1.50,1.88
2011.03.25 18:25:58.009,0.81428,0.81441,1.50,1.88
2011.03.25 18:26:01.149,0.81428,0.81441,1.50,1.13
2011.03.25 18:26:01.698,0.81428,0.81441,2.25,1.13
2011.03.25 18:26:07.270,0.81429,0.81443,2.25,5.25
2011.03.25 18:26:07.601,0.81431,0.81444,2.25,1.50
2011.03.25 18:26:08.440,0.81431,0.81444,1.13,1.50
2011.03.25 18:26:08.970,0.8143,0.81444,1.50,3.00
2011.03.25 18:26:18.950,0.8143,0.81443,2.25,6.38
2011.03.25 18:26:28.669,0.8143,0.81443,2.25,4.88
2011.03.25 18:26:33.430,0.8143,0.81443,1.50,5.63
2011.03.25 18:26:38.389,0.8143,0.81443,1.50,2.63
2011.03.25 18:26:38.501,0.8143,0.81443,3.00,1.88
2011.03.25 18:26:39.160,0.8143,0.81444,3.38,1.13
2011.03.25 18:26:41.750,0.8143,0.81443,4.50,1.50
2011.03.25 18:26:42.081,0.81429,0.81442,1.50,2.63
2011.03.25 18:26:44.539,0.81428,0.81441,2.25,1.13
2011.03.25 18:26:55.520,0.81429,0.81441,1.50,1.13
2011.03.25 18:26:58.610,0.81428,0.81441,1.50,1.50
2011.03.25 18:27:07.871,0.81429,0.81443,2.63,4.88
2011.03.25 18:27:17.322,0.8143,0.81442,1.50,2.25
2011.03.25 18:27:17.541,0.81432,0.81445,2.25,1.88
2011.03.25 18:27:18.089,0.81432,0.81445,1.50,2.63
2011.03.25 18:27:18.639,0.81431,0.81445,1.88,7.88
2011.03.25 18:27:23.150,0.81432,0.81445,1.13,6.00
2011.03.25 18:27:25.130,0.81431,0.81445,2.63,2.63
2011.03.25 18:27:32.430,0.81429,0.81442,2.10,1.50
2011.03.25 18:27:32.542,0.81428,0.81438,6.00,1.50
2011.03.25 18:27:32.652,0.81426,0.81437,2.10,1.13
2011.03.25 18:27:32.872,0.81423,0.81437,4.88,5.63
2011.03.25 18:27:33.504,0.81422,0.81436,2.25,2.25
2011.03.25 18:27:35.490,0.81422,0.81437,1.50,9.38
2011.03.25 18:27:38.311,0.81423,0.81437,2.63,2.25
2011.03.25 18:27:40.989,0.81425,0.81438,2.25,1.13
2011.03.25 18:27:44.961,0.81425,0.81437,1.50,1.88
2011.03.25 18:27:56.752,0.81426,0.81437,1.50,4.50
2011.03.25 18:27:56.872,0.81426,0.81439,2.63,6.00
2011.03.25 18:27:57.650,0.81426,0.8144,3.38,5.63
2011.03.25 18:28:03.821,0.81426,0.81439,2.25,2.63
2011.03.25 18:28:04.041,0.81426,0.81439,1.50,2.63
2011.03.25 18:28:06.109,0.81426,0.81439,1.50,2.63
2011.03.25 18:28:07.431,0.81424,0.81437,1.50,2.25
2011.03.25 18:28:17.930,0.81424,0.81435,1.50,1.35
2011.03.25 18:28:18.041,0.81421,0.81434,1.50,1.88
2011.03.25 18:28:18.593,0.8142,0.81433,1.88,1.50
2011.03.25 18:28:31.900,0.81421,0.81433,1.50,1.50
2011.03.25 18:28:33.779,0.81421,0.81434,1.50,3.38
2011.03.25 18:28:41.101,0.81421,0.81429,1.50,1.50
2011.03.25 18:28:41.322,0.81417,0.81425,3.75,1.50
2011.03.25 18:28:41.541,0.81415,0.81429,3.38,5.63
2011.03.25 18:28:42.089,0.81415,0.81428,1.88,2.25
2011.03.25 18:28:43.740,0.81415,0.81428,2.25,1.50
2011.03.25 18:28:45.652,0.81415,0.81428,1.50,3.00
2011.03.25 18:28:45.980,0.81415,0.81428,3.38,1.50
2011.03.25 18:28:48.481,0.81415,0.81428,2.25,1.50
2011.03.25 18:29:01.930,0.81415,0.81428,1.50,1.50
2011.03.25 18:29:02.480,0.81415,0.81428,1.50,1.50
2011.03.25 18:29:11.809,0.81415,0.81429,2.63,3.38
2011.03.25 18:29:12.359,0.81415,0.81429,1.88,7.13
2011.03.25 18:29:20.420,0.81415,0.81428,1.13,1.50
2011.03.25 18:29:20.533,0.81414,0.81427,2.25,1.50
2011.03.25 18:29:29.281,0.81414,0.81427,2.25,2.25
2011.03.25 18:29:29.719,0.81416,0.81429,2.63,1.50
2011.03.25 18:29:37.111,0.81415,0.81428,1.88,1.50
2011.03.25 18:29:40.571,0.81414,0.81427,1.50,3.00
2011.03.25 18:29:40.681,0.81412,0.81427,2.63,1.50
2011.03.25 18:29:41.781,0.81413,0.81427,1.50,1.50
2011.03.25 18:29:43.801,0.81415,0.81427,1.50,1.50
2011.03.25 18:29:44.131,0.81418,0.81431,1.13,1.50
2011.03.25 18:29:44.598,0.81418,0.81432,1.88,1.88
2011.03.25 18:29:48.698,0.81418,0.81431,1.88,1.50
2011.03.25 18:29:49.261,0.81418,0.8143,1.13,1.50
2011.03.25 18:29:49.373,0.81419,0.81431,1.88,1.50
2011.03.25 18:29:56.190,0.8142,0.8143,1.50,1.50
2011.03.25 18:29:56.305,0.8142,0.81431,1.50,1.50
2011.03.25 18:29:56.971,0.81421,0.81432,1.88,1.50
2011.03.25 18:29:57.630,0.81421,0.81432,1.13,1.50
2011.03.25 18:30:09.093,0.81421,0.81434,2.63,1.50
2011.03.25 18:30:10.911,0.81421,0.81434,1.13,1.50
2011.03.25 18:30:15.271,0.8142,0.81434,1.50,1.50
2011.03.25 18:30:15.600,0.81419,0.81431,3.38,1.50
2011.03.25 18:30:18.694,0.81419,0.81431,1.50,2.25
2011.03.25 18:30:19.249,0.81418,0.8143,2.63,1.50
2011.03.25 18:30:36.652,0.81418,0.81429,1.50,2.25
2011.03.25 18:30:36.762,0.81415,0.81427,2.25,1.13
2011.03.25 18:30:37.090,0.81413,0.81427,2.63,1.50
2011.03.25 18:30:37.639,0.81413,0.81427,7.13,1.50
2011.03.25 18:30:48.753,0.81413,0.81427,6.38,1.50
2011.03.25 18:30:49.341,0.81413,0.81425,1.50,5.25
2011.03.25 18:30:49.899,0.81413,0.81425,1.50,1.50
2011.03.25 18:30:50.932,0.81412,0.81425,3.75,3.00
2011.03.25 18:30:51.151,0.8141,0.81424,3.00,2.25
2011.03.25 18:30:51.700,0.81408,0.81421,1.50,2.25
2011.03.25 18:30:52.031,0.81407,0.8142,2.25,1.50
2011.03.25 18:30:57.991,0.81408,0.81422,4.50,5.25
2011.03.25 18:30:58.102,0.81409,0.81422,1.13,4.50
2011.03.25 18:30:58.431,0.81412,0.81424,1.13,1.50
2011.03.25 18:30:58.978,0.81412,0.81425,1.88,2.25
2011.03.25 18:31:02.911,0.8141,0.81422,1.50,5.25
2011.03.25 18:31:03.130,0.81407,0.81422,3.38,6.00
2011.03.25 18:31:06.542,0.81409,0.81422,1.88,4.50
2011.03.25 18:31:07.311,0.8141,0.81424,1.50,6.38
2011.03.25 18:31:09.071,0.8141,0.81422,1.50,1.88
2011.03.25 18:31:09.729,0.8141,0.81422,1.50,1.88
2011.03.25 18:31:10.690,0.81408,0.81422,1.88,2.63
2011.03.25 18:31:11.701,0.81408,0.81421,1.50,1.88
2011.03.25 18:31:12.250,0.81407,0.8142,3.38,1.50
2011.03.25 18:31:17.833,0.81409,0.81421,1.88,1.50
2011.03.25 18:31:18.389,0.81409,0.81422,2.63,2.25
2011.03.25 18:31:20.819,0.8141,0.81422,1.50,2.25
2011.03.25 18:31:27.892,0.8141,0.81421,1.50,1.50
2011.03.25 18:31:53.749,0.8141,0.81421,1.50,2.25
2011.03.25 18:31:57.670,0.8141,0.81422,1.50,1.50
2011.03.25 18:32:07.902,0.81409,0.81421,1.50,1.50
2011.03.25 18:32:08.120,0.81407,0.8142,3.98,1.50
2011.03.25 18:32:09.832,0.81407,0.8142,1.50,1.50
2011.03.25 18:32:10.379,0.81406,0.8142,3.38,2.25
2011.03.25 18:32:10.820,0.81405,0.81417,1.50,1.50
2011.03.25 18:32:10.932,0.81404,0.81417,1.50,1.50
2011.03.25 18:32:11.480,0.81403,0.81415,1.50,5.25
2011.03.25 18:32:11.589,0.81403,0.81415,1.50,5.25
2011.03.25 18:32:11.700,0.81402,0.81415,2.25,6.75
2011.03.25 18:32:19.401,0.81401,0.81415,4.50,1.50
2011.03.25 18:32:28.959,0.81402,0.81415,1.50,1.50
2011.03.25 18:32:29.730,0.81402,0.81415,1.88,1.50
2011.03.25 18:32:30.942,0.81403,0.81415,1.50,1.50
2011.03.25 18:32:31.492,0.81403,0.81415,1.13,1.50
2011.03.25 18:32:36.952,0.81402,0.81415,1.50,3.00
2011.03.25 18:32:39.262,0.81401,0.81413,2.25,1.73
2011.03.25 18:32:39.484,0.814,0.81412,1.13,2.25
2011.03.25 18:32:40.335,0.81401,0.81414,1.50,1.50
2011.03.25 18:32:40.891,0.81401,0.81414,1.13,2.25
2011.03.25 18:32:45.090,0.81401,0.81415,1.88,3.38
2011.03.25 18:32:45.639,0.81401,0.81413,1.13,1.50
2011.03.25 18:32:52.153,0.814,0.81412,2.25,5.78
2011.03.25 18:32:52.491,0.81397,0.81409,1.13,1.50
2011.03.25 18:33:02.492,0.81397,0.8141,1.50,1.88
2011.03.25 18:33:03.048,0.81397,0.8141,1.50,3.38
2011.03.25 18:33:07.460,0.81396,0.81409,3.38,1.50
2011.03.25 18:33:17.351,0.81396,0.81408,1.50,1.88
2011.03.25 18:33:24.921,0.81395,0.81407,1.50,3.00
2011.03.25 18:33:25.251,0.81392,0.81404,1.50,1.50
2011.03.25 18:33:25.361,0.81392,0.81403,1.50,1.13
2011.03.25 18:33:25.910,0.81391,0.81402,1.50,1.50
2011.03.25 18:33:26.512,0.8139,0.81402,1.50,1.50
2011.03.25 18:33:37.602,0.81389,0.81402,4.50,2.25
2011.03.25 18:33:38.430,0.81391,0.81402,1.50,2.25
2011.03.25 18:33:38.760,0.81391,0.81399,1.50,1.50
2011.03.25 18:33:42.280,0.81389,0.81399,1.50,1.50
2011.03.25 18:33:48.861,0.81387,0.81399,1.50,2.63
2011.03.25 18:33:49.409,0.81388,0.81399,2.25,1.50
2011.03.25 18:33:56.171,0.81386,0.81397,1.88,1.50
2011.03.25 18:33:56.501,0.81387,0.81397,2.63,1.50
2011.03.25 18:33:57.261,0.81388,0.81397,1.50,1.50
2011.03.25 18:33:57.858,0.81387,0.81397,2.63,1.50
2011.03.25 18:33:59.261,0.81386,0.81397,3.00,1.50
2011.03.25 18:33:59.813,0.81385,0.81395,1.50,1.13
2011.03.25 18:33:59.932,0.81383,0.81395,3.00,1.88
2011.03.25 18:34:00.041,0.81383,0.81395,3.00,2.63
2011.03.25 18:34:01.023,0.81382,0.81395,4.50,2.63
2011.03.25 18:34:01.581,0.81384,0.81395,1.50,2.63
2011.03.25 18:34:03.230,0.81382,0.81395,2.25,2.63
2011.03.25 18:34:18.990,0.81384,0.81395,1.50,1.50
2011.03.25 18:34:23.623,0.81385,0.81396,1.13,1.50
2011.03.25 18:34:24.131,0.81383,0.81397,3.00,5.25
2011.03.25 18:34:27.050,0.81385,0.81397,1.50,5.25
2011.03.25 18:34:27.599,0.81383,0.81396,1.50,1.88
2011.03.25 18:34:47.232,0.81383,0.81395,1.50,1.50
2011.03.25 18:34:47.343,0.81383,0.81395,1.50,2.25
2011.03.25 18:34:54.789,0.81382,0.81395,3.75,2.25
2011.03.25 18:34:59.950,0.81382,0.81395,3.00,2.25
2011.03.25 18:35:03.029,0.81381,0.81394,1.50,5.63
2011.03.25 18:35:03.580,0.8138,0.81393,2.25,6.38
2011.03.25 18:35:05.122,0.81382,0.81394,1.50,4.50
2011.03.25 18:35:12.662,0.81383,0.81395,3.00,1.50
2011.03.25 18:35:22.790,0.81385,0.81396,1.50,1.50
2011.03.25 18:35:25.470,0.81384,0.81396,7.88,1.50
2011.03.25 18:35:40.500,0.81384,0.81396,1.13,2.25
2011.03.25 18:35:42.369,0.81384,0.81396,1.13,2.25
2011.03.25 18:35:43.840,0.81384,0.81395,1.13,1.50
2011.03.25 18:35:47.000,0.81384,0.81395,1.13,2.25
2011.03.25 18:35:49.251,0.81384,0.81395,1.13,2.25
2011.03.25 18:35:52.992,0.81384,0.81395,2.63,2.25
2011.03.25 18:36:01.672,0.81384,0.81395,1.13,2.25
2011.03.25 18:36:02.220,0.81384,0.81395,2.63,2.25
2011.03.25 18:36:02.769,0.81384,0.81395,2.63,2.25
2011.03.25 18:36:05.669,0.81384,0.81395,1.13,2.25
2011.03.25 18:36:07.640,0.81384,0.81395,1.13,2.25
2011.03.25 18:36:09.770,0.81384,0.81395,1.13,2.25
2011.03.25 18:36:10.309,0.81384,0.81395,1.13,2.25
2011.03.25 18:36:10.859,0.81384,0.81395,1.13,2.25
2011.03.25 18:36:12.380,0.81384,0.81395,1.13,2.25
2011.03.25 18:36:12.960,0.81384,0.81395,1.13,2.25
2011.03.25 18:36:14.059,0.81384,0.81395,1.13,1.50
2011.03.25 18:36:15.621,0.81383,0.81395,3.75,1.88
2011.03.25 18:36:16.162,0.81382,0.81395,2.25,6.38
2011.03.25 18:36:16.832,0.81381,0.81394,1.88,1.50
2011.03.25 18:36:26.231,0.8138,0.81393,3.00,2.25
2011.03.25 18:36:26.782,0.81381,0.81393,1.13,1.50
2011.03.25 18:36:32.148,0.81379,0.81393,1.88,1.50
2011.03.25 18:36:36.949,0.81379,0.81394,2.63,6.75
2011.03.25 18:36:38.621,0.81379,0.81394,2.63,6.75
2011.03.25 18:36:43.700,0.81379,0.81394,2.63,6.75
2011.03.25 18:36:44.250,0.81379,0.81392,2.25,1.13
2011.03.25 18:36:44.800,0.81379,0.81391,1.50,1.13
2011.03.25 18:36:45.460,0.81378,0.81391,1.50,2.63
2011.03.25 18:36:50.581,0.81377,0.81389,1.13,1.50
2011.03.25 18:36:50.914,0.81375,0.81385,1.50,1.50
2011.03.25 18:36:51.146,0.81376,0.81388,1.50,1.88
2011.03.25 18:36:52.661,0.81376,0.81388,1.50,1.88
2011.03.25 18:36:52.775,0.81375,0.81386,1.50,1.50
2011.03.25 18:36:53.113,0.81372,0.81383,3.00,3.75
2011.03.25 18:36:53.342,0.81375,0.81388,2.25,1.50
2011.03.25 18:36:53.559,0.81376,0.81389,1.50,7.13
2011.03.25 18:37:00.821,0.81376,0.81389,2.25,5.63
2011.03.25 18:37:07.411,0.81377,0.81389,1.88,4.50
2011.03.25 18:37:11.971,0.81376,0.81389,2.25,2.63
2011.03.25 18:37:12.083,0.81376,0.81389,1.50,2.63
2011.03.25 18:37:24.460,0.81376,0.81389,2.25,1.13
2011.03.25 18:37:31.821,0.81376,0.8139,3.38,3.23
2011.03.25 18:37:32.370,0.81376,0.8139,2.63,3.23
2011.03.25 18:37:47.601,0.81374,0.81387,2.63,1.50
2011.03.25 18:37:49.560,0.81374,0.81387,1.50,1.50
2011.03.25 18:37:55.414,0.81374,0.81387,1.50,2.25
2011.03.25 18:37:55.750,0.81374,0.81385,1.13,1.50
2011.03.25 18:37:55.860,0.81374,0.81387,1.13,2.25
2011.03.25 18:37:56.697,0.81374,0.81387,1.13,2.25
2011.03.25 18:37:56.920,0.81374,0.81387,1.13,1.50
2011.03.25 18:38:00.110,0.81374,0.81387,1.13,2.25
2011.03.25 18:38:00.221,0.81374,0.81386,1.13,1.50
2011.03.25 18:38:00.773,0.81373,0.81383,1.50,3.00
2011.03.25 18:38:00.881,0.81372,0.81383,5.25,3.00
2011.03.25 18:38:01.102,0.81374,0.81385,1.50,1.50
2011.03.25 18:38:08.900,0.81374,0.81386,1.50,1.50
2011.03.25 18:38:11.870,0.81374,0.81387,1.50,2.10
2011.03.25 18:38:18.589,0.81375,0.81388,1.50,2.25
2011.03.25 18:38:19.250,0.81375,0.81388,1.50,2.25
2011.03.25 18:38:20.462,0.81375,0.81388,1.50,2.25
2011.03.25 18:38:24.082,0.81375,0.81388,1.50,3.75
2011.03.25 18:38:24.413,0.81374,0.81385,1.50,4.50
2011.03.25 18:38:26.102,0.81374,0.81387,2.25,6.38
2011.03.25 18:38:26.324,0.81376,0.81387,1.50,5.25
2011.03.25 18:38:29.973,0.81377,0.8139,1.50,1.50
2011.03.25 18:38:30.554,0.81378,0.81391,1.88,2.25
2011.03.25 18:38:41.491,0.81376,0.81389,1.50,2.25
2011.03.25 18:39:10.011,0.81376,0.81389,1.13,1.50
2011.03.25 18:39:36.460,0.81376,0.81389,3.38,1.65
2011.03.25 18:39:38.660,0.81376,0.81389,4.13,1.65
2011.03.25 18:39:53.715,0.81376,0.81389,1.88,1.50
2011.03.25 18:39:54.161,0.81374,0.81387,3.00,1.50
2011.03.25 18:39:54.710,0.81375,0.81389,1.13,2.25
2011.03.25 18:39:55.152,0.81373,0.81387,7.13,1.13
2011.03.25 18:39:55.483,0.81371,0.81384,1.50,2.63
2011.03.25 18:39:55.593,0.81371,0.81384,1.50,2.63
2011.03.25 18:39:56.140,0.81371,0.81383,1.50,1.50
2011.03.25 18:39:57.241,0.81369,0.81383,1.50,2.25
2011.03.25 18:40:11.077,0.81371,0.81386,2.63,6.75
2011.03.25 18:40:11.192,0.81372,0.81386,1.50,6.75
2011.03.25 18:40:12.461,0.81372,0.81386,2.25,6.00
2011.03.25 18:40:12.901,0.81374,0.81386,2.25,1.50
2011.03.25 18:40:40.373,0.81373,0.81385,6.00,1.13
2011.03.25 18:40:40.592,0.81372,0.81384,1.50,5.25
2011.03.25 18:40:41.141,0.81371,0.81384,1.50,1.13
2011.03.25 18:40:42.462,0.81372,0.81385,1.50,6.23
2011.03.25 18:40:52.302,0.81372,0.81385,1.50,7.73
2011.03.25 18:40:53.841,0.81371,0.81383,1.50,4.50
2011.03.25 18:41:39.363,0.8137,0.8138,1.50,1.28
2011.03.25 18:41:39.583,0.81368,0.81379,1.50,3.00
2011.03.25 18:41:40.132,0.81368,0.81381,1.13,8.25
2011.03.25 18:41:40.681,0.81368,0.81381,1.88,1.50
2011.03.25 18:41:59.423,0.81368,0.81382,1.88,2.63
2011.03.25 18:41:59.970,0.81368,0.81381,1.13,1.50
2011.03.25 18:42:05.712,0.81367,0.81376,1.50,1.88
2011.03.25 18:42:06.041,0.81362,0.81376,3.75,4.88
2011.03.25 18:42:22.541,0.81362,0.81375,3.00,2.25
2011.03.25 18:42:22.761,0.81362,0.81375,3.00,1.50
2011.03.25 18:42:31.481,0.81361,0.81376,3.38,3.75
2011.03.25 18:42:36.101,0.81361,0.81374,2.25,1.50
2011.03.25 18:42:41.113,0.8136,0.81373,2.25,1.13
2011.03.25 18:42:46.681,0.8136,0.81373,3.38,1.50
2011.03.25 18:42:47.231,0.8136,0.81373,3.38,1.50
2011.03.25 18:42:48.121,0.8136,0.81373,3.38,1.50
2011.03.25 18:42:48.780,0.8136,0.81373,2.63,1.50
2011.03.25 18:42:49.330,0.8136,0.81373,8.63,1.50
2011.03.25 18:42:57.207,0.81361,0.81369,2.25,2.25
2011.03.25 18:42:57.546,0.81354,0.81363,2.25,1.13
2011.03.25 18:42:57.991,0.81351,0.81363,1.50,1.13
2011.03.25 18:42:58.323,0.81351,0.81364,3.38,1.50
2011.03.25 18:42:58.763,0.81354,0.81365,1.50,1.50
2011.03.25 18:42:59.310,0.81354,0.81369,6.75,2.63
2011.03.25 18:43:04.501,0.81354,0.81368,8.25,1.50
2011.03.25 18:43:10.912,0.81354,0.81366,2.25,1.13
2011.03.25 18:43:11.352,0.81355,0.81367,1.13,6.00
2011.03.25 18:43:11.572,0.81356,0.81368,1.50,1.50
2011.03.25 18:43:14.800,0.81356,0.81368,1.51,1.50
2011.03.25 18:43:15.317,0.81356,0.81368,1.51,1.50
2011.03.25 18:43:16.022,0.81356,0.81368,1.51,1.50
2011.03.25 18:43:16.543,0.81355,0.81366,1.51,1.50
2011.03.25 18:43:17.201,0.81354,0.81365,1.51,1.88
2011.03.25 18:43:17.750,0.81354,0.81365,1.51,1.88
2011.03.25 18:43:18.333,0.81354,0.81365,1.51,1.88
2011.03.25 18:43:19.289,0.81354,0.81365,2.26,1.13
2011.03.25 18:43:19.841,0.81355,0.81366,1.51,3.00
2011.03.25 18:43:20.391,0.81355,0.81365,1.51,1.88
2011.03.25 18:43:20.831,0.81355,0.81366,1.88,1.50
2011.03.25 18:43:21.273,0.81356,0.81369,1.51,1.88
2011.03.25 18:43:21.821,0.81357,0.8137,1.51,2.85
2011.03.25 18:43:22.152,0.81355,0.81368,3.76,1.50
2011.03.25 18:43:22.371,0.81355,0.81369,3.76,5.63
2011.03.25 18:43:22.921,0.81355,0.81369,3.76,5.63
2011.03.25 18:43:23.922,0.81355,0.81369,3.76,5.63
2011.03.25 18:43:25.397,0.81355,0.81369,3.76,5.63
2011.03.25 18:43:26.132,0.81355,0.81369,3.76,5.63
2011.03.25 18:43:27.563,0.81355,0.81369,3.76,5.63
2011.03.25 18:43:28.511,0.81355,0.81369,3.01,7.73
2011.03.25 18:43:28.842,0.81356,0.81369,1.51,7.35
2011.03.25 18:43:29.390,0.81356,0.81369,3.01,2.10
2011.03.25 18:43:29.960,0.81356,0.81369,3.01,2.10
2011.03.25 18:43:30.560,0.81356,0.81369,3.01,2.10
2011.03.25 18:43:32.982,0.81356,0.81368,2.63,1.50
2011.03.25 18:43:33.095,0.81355,0.81366,1.51,1.50
2011.03.25 18:43:33.212,0.81356,0.81369,1.88,1.50
2011.03.25 18:43:33.541,0.81358,0.8137,1.51,1.88
2011.03.25 18:43:35.291,0.81357,0.8137,2.26,2.25
2011.03.25 18:43:42.292,0.81357,0.81371,3.01,3.60
2011.03.25 18:43:52.142,0.81357,0.8137,3.01,2.25
2011.03.25 18:43:52.691,0.81358,0.8137,2.26,1.50
2011.03.25 18:43:57.421,0.81359,0.81372,1.51,3.98
2011.03.25 18:43:57.788,0.81362,0.81372,1.50,1.35
2011.03.25 18:43:58.022,0.81363,0.81376,2.25,1.88
2011.03.25 18:43:58.782,0.81363,0.81376,1.50,1.88
2011.03.25 18:44:03.522,0.81361,0.81375,3.00,1.50
2011.03.25 18:44:04.181,0.81361,0.81376,3.75,1.88
2011.03.25 18:44:07.042,0.81361,0.81375,4.50,2.25
2011.03.25 18:44:13.206,0.81361,0.81375,3.75,2.25
2011.03.25 18:44:28.142,0.81359,0.81374,3.01,6.38
2011.03.25 18:44:35.971,0.81359,0.81373,3.01,1.50
2011.03.25 18:44:36.521,0.81359,0.81373,3.75,1.50
2011.03.25 18:44:37.406,0.81359,0.81373,3.01,1.50
2011.03.25 18:44:39.722,0.81359,0.81373,3.75,1.88
2011.03.25 18:44:40.272,0.81359,0.81372,3.01,1.50
2011.03.25 18:44:48.311,0.81359,0.81373,3.00,1.50
2011.03.25 18:44:58.460,0.8136,0.81373,1.50,1.50
2011.03.25 18:45:15.152,0.8136,0.81372,2.25,1.50
2011.03.25 18:45:15.645,0.8136,0.81372,2.25,1.50
2011.03.25 18:45:20.441,0.8136,0.81372,2.25,1.50
2011.03.25 18:45:34.081,0.8136,0.81372,1.50,2.25
2011.03.25 18:45:40.052,0.8136,0.81372,1.50,1.50
2011.03.25 18:45:40.721,0.8136,0.81372,1.50,1.50
2011.03.25 18:45:41.271,0.8136,0.81373,1.50,1.50
2011.03.25 18:45:56.860,0.8136,0.81372,1.50,1.50
2011.03.25 18:45:57.630,0.8136,0.81372,1.50,1.50
2011.03.25 18:45:58.821,0.8136,0.81372,1.50,1.50
2011.03.25 18:45:59.513,0.8136,0.81372,1.50,1.50
2011.03.25 18:46:16.331,0.8136,0.81372,1.50,1.50
2011.03.25 18:46:16.880,0.8136,0.81372,1.50,1.50
2011.03.25 18:46:21.851,0.81359,0.81372,1.50,1.50
2011.03.25 18:46:24.731,0.81359,0.81372,1.50,1.50
2011.03.25 18:46:37.041,0.81359,0.81372,1.50,1.50
2011.03.25 18:46:37.375,0.81357,0.81363,3.75,1.50
2011.03.25 18:46:37.497,0.81352,0.81362,2.25,1.13
2011.03.25 18:46:37.613,0.8135,0.81361,1.13,1.50
2011.03.25 18:46:37.723,0.81348,0.81361,3.00,2.25
2011.03.25 18:46:38.271,0.81347,0.8136,4.13,1.50
2011.03.25 18:46:39.921,0.81347,0.8136,4.13,1.50
2011.03.25 18:46:41.534,0.81347,0.81359,1.50,3.38
2011.03.25 18:46:41.643,0.81345,0.81358,3.38,1.50
2011.03.25 18:46:47.873,0.81346,0.81359,1.88,1.50
2011.03.25 18:46:48.420,0.81348,0.81359,1.13,1.50
2011.03.25 18:46:58.962,0.81348,0.81359,1.13,1.50
2011.03.25 18:46:59.183,0.81349,0.81362,2.63,2.25
2011.03.25 18:46:59.731,0.8135,0.81363,1.50,2.63
2011.03.25 18:47:00.312,0.8135,0.81361,2.25,1.50
2011.03.25 18:47:00.533,0.81348,0.81359,1.50,1.50
2011.03.25 18:47:01.081,0.81348,0.81359,1.88,1.50
2011.03.25 18:47:01.193,0.81347,0.81359,3.75,2.25
2011.03.25 18:47:01.741,0.81346,0.81359,2.25,3.75
2011.03.25 18:47:02.981,0.81346,0.81359,3.00,3.75
2011.03.25 18:47:05.022,0.81346,0.81359,2.25,3.75
2011.03.25 18:47:05.245,0.81348,0.81359,1.50,3.00
2011.03.25 18:47:05.583,0.81349,0.81361,1.50,1.50
2011.03.25 18:47:06.421,0.8135,0.81363,1.50,7.13
2011.03.25 18:47:10.233,0.81347,0.81356,2.25,1.13
2011.03.25 18:47:10.343,0.81344,0.81357,1.50,3.75
2011.03.25 18:47:10.563,0.81343,0.81356,1.50,5.25
2011.03.25 18:47:11.551,0.81343,0.81356,1.50,6.00
2011.03.25 18:47:12.100,0.81343,0.81356,1.50,1.88
2011.03.25 18:47:12.652,0.81346,0.81357,1.50,1.50
2011.03.25 18:47:44.842,0.81346,0.8136,3.00,2.25
2011.03.25 18:47:45.391,0.81345,0.81357,1.50,1.50
2011.03.25 18:47:46.402,0.81346,0.81357,1.50,1.50
2011.03.25 18:47:47.414,0.81346,0.8136,1.50,7.88
2011.03.25 18:47:58.892,0.81344,0.81357,2.25,3.00
2011.03.25 18:47:59.224,0.81343,0.81354,2.25,1.50
2011.03.25 18:47:59.440,0.81343,0.81357,2.25,3.00
2011.03.25 18:48:01.754,0.81346,0.81357,1.50,1.50
2011.03.25 18:48:03.551,0.81344,0.81357,1.50,1.88
2011.03.25 18:48:05.201,0.81345,0.81357,2.25,4.50
2011.03.25 18:48:05.535,0.81346,0.8136,4.13,1.50
2011.03.25 18:48:05.762,0.81347,0.8136,1.50,1.50
2011.03.25 18:48:06.972,0.81347,0.8136,2.25,1.50
2011.03.25 18:48:10.941,0.81347,0.8136,2.25,1.50
2011.03.25 18:48:17.735,0.81347,0.81358,1.50,4.13
2011.03.25 18:48:17.859,0.81344,0.81358,2.63,1.50
2011.03.25 18:48:17.973,0.81345,0.81359,3.00,1.35
2011.03.25 18:48:27.394,0.81345,0.81358,2.25,1.88
2011.03.25 18:48:27.514,0.81345,0.81358,2.25,3.38
2011.03.25 18:48:30.261,0.81346,0.81358,1.50,3.38
2011.03.25 18:48:30.923,0.81344,0.81358,3.00,3.38
2011.03.25 18:48:36.952,0.81346,0.81358,1.50,3.38
2011.03.25 18:48:37.284,0.8135,0.81362,3.75,1.88
2011.03.25 18:48:37.611,0.81353,0.81362,1.50,1.13
2011.03.25 18:48:37.833,0.81356,0.81367,1.50,1.50
2011.03.25 18:48:38.272,0.81356,0.81368,2.25,1.88
2011.03.25 18:48:39.591,0.81355,0.81368,2.25,1.88
2011.03.25 18:48:40.141,0.81355,0.81368,2.25,1.88
2011.03.25 18:48:40.885,0.81355,0.81368,2.25,1.88
2011.03.25 18:48:41.391,0.81355,0.81368,2.25,1.88
2011.03.25 18:48:41.941,0.81355,0.81368,1.50,2.63
2011.03.25 18:48:42.493,0.81355,0.81368,1.50,2.63
2011.03.25 18:48:42.822,0.81355,0.81368,3.38,2.25
2011.03.25 18:48:43.481,0.81356,0.81369,3.00,1.50
2011.03.25 18:48:43.702,0.81356,0.8137,3.00,1.50
2011.03.25 18:48:45.071,0.81357,0.81369,1.50,1.50
2011.03.25 18:48:45.183,0.81356,0.81367,2.25,2.25
2011.03.25 18:48:45.511,0.81355,0.81366,1.50,1.50
2011.03.25 18:48:48.151,0.81354,0.81366,1.50,1.88
2011.03.25 18:48:48.700,0.81354,0.81366,1.50,1.88
2011.03.25 18:48:50.472,0.81354,0.81366,6.38,1.50
2011.03.25 18:48:51.036,0.81356,0.81367,1.50,2.25
2011.03.25 18:48:56.233,0.81357,0.81369,3.75,1.50
2011.03.25 18:48:56.452,0.81357,0.81367,4.50,1.50
2011.03.25 18:48:57.002,0.81356,0.81368,2.25,1.50
2011.03.25 18:48:58.516,0.81356,0.81371,3.00,8.48
2011.03.25 18:49:06.742,0.81355,0.81371,8.63,8.48
2011.03.25 18:49:07.351,0.81355,0.81371,8.63,8.48
2011.03.25 18:49:08.030,0.81355,0.81371,8.63,8.48
2011.03.25 18:49:10.231,0.81355,0.81371,8.63,7.73
2011.03.25 18:49:12.073,0.81355,0.81371,8.63,8.48
2011.03.25 18:49:16.135,0.81355,0.8137,8.63,1.13
2011.03.25 18:49:25.321,0.81355,0.8137,6.38,1.13
2011.03.25 18:49:26.981,0.81356,0.8137,1.50,1.13
2011.03.25 18:49:30.354,0.81356,0.81366,3.00,1.13
2011.03.25 18:49:30.694,0.81354,0.81367,2.63,6.00
2011.03.25 18:49:43.302,0.81356,0.81366,1.50,1.50
2011.03.25 18:49:43.632,0.81359,0.81369,1.88,3.75
2011.03.25 18:49:43.744,0.8136,0.81373,2.25,1.50
2011.03.25 18:49:44.071,0.8136,0.81373,2.25,1.50
2011.03.25 18:49:46.392,0.81361,0.81373,1.88,1.50
2011.03.25 18:49:52.305,0.81361,0.81373,1.50,1.50
2011.03.25 18:50:00.283,0.8136,0.81373,1.50,1.50
2011.03.25 18:50:00.942,0.81361,0.81373,1.50,2.25
2011.03.25 18:50:01.492,0.81361,0.81373,1.50,1.88
2011.03.25 18:50:02.092,0.8136,0.81373,1.50,2.63
2011.03.25 18:50:05.092,0.8136,0.81373,1.50,2.63
2011.03.25 18:50:05.534,0.8136,0.81371,1.50,1.50
2011.03.25 18:50:06.093,0.8136,0.81372,1.50,1.50
2011.03.25 18:50:08.192,0.8136,0.81373,2.25,2.25
2011.03.25 18:50:08.413,0.81362,0.81376,1.13,5.63
2011.03.25 18:50:08.741,0.81361,0.81375,1.88,1.13
2011.03.25 18:50:09.182,0.81361,0.81375,1.88,1.88
2011.03.25 18:50:13.280,0.81361,0.81375,1.88,2.63
2011.03.25 18:50:20.402,0.81362,0.81375,1.50,2.63
2011.03.25 18:50:36.633,0.81362,0.81375,1.50,2.63
2011.03.25 18:50:43.783,0.81362,0.81376,2.25,3.00
2011.03.25 18:50:44.331,0.81362,0.81375,1.50,1.50
2011.03.25 18:50:52.492,0.81361,0.81373,1.50,1.50
2011.03.25 18:50:53.041,0.81361,0.81373,1.50,2.25
2011.03.25 18:50:54.102,0.81361,0.81373,1.50,1.50
2011.03.25 18:50:56.954,0.81361,0.81374,1.50,1.50
2011.03.25 18:50:57.501,0.81362,0.81375,1.13,1.50
2011.03.25 18:51:01.283,0.81362,0.81376,1.13,6.38
2011.03.25 18:51:01.834,0.81362,0.81374,1.13,1.50
2011.03.25 18:51:02.682,0.81361,0.81373,1.50,1.50
2011.03.25 18:51:04.474,0.81361,0.81373,1.50,1.50
2011.03.25 18:51:04.923,0.81364,0.81376,1.13,2.25
2011.03.25 18:51:05.254,0.81366,0.81378,2.25,1.50
2011.03.25 18:51:05.801,0.81368,0.81381,1.13,1.50
2011.03.25 18:51:07.242,0.81368,0.81381,1.13,3.00
2011.03.25 18:51:07.793,0.81369,0.81381,1.50,1.50
2011.03.25 18:51:08.014,0.8137,0.81382,1.50,1.50
2011.03.25 18:51:08.562,0.8137,0.81384,3.38,1.50
2011.03.25 18:51:09.112,0.8137,0.81383,1.50,2.25
2011.03.25 18:51:09.661,0.8137,0.81383,1.50,3.00
2011.03.25 18:51:11.737,0.8137,0.81382,2.25,1.50
2011.03.25 18:51:11.852,0.8137,0.81382,2.25,1.50
2011.03.25 18:51:13.694,0.81376,0.81383,1.13,1.50
2011.03.25 18:51:14.024,0.81375,0.81386,1.50,1.50
2011.03.25 18:51:16.491,0.81376,0.81386,1.50,1.50
2011.03.25 18:51:21.282,0.81378,0.81388,1.50,2.25
2011.03.25 18:51:30.413,0.81376,0.81388,2.25,1.50
2011.03.25 18:51:30.526,0.81376,0.81388,1.13,1.50
2011.03.25 18:51:34.707,0.81376,0.81388,1.13,1.50
2011.03.25 18:51:35.375,0.81376,0.81387,1.13,2.25
2011.03.25 18:51:49.043,0.81376,0.81387,1.88,2.25
2011.03.25 18:51:49.373,0.81381,0.81393,1.88,1.50
2011.03.25 18:51:49.485,0.81379,0.81393,2.25,2.25
2011.03.25 18:51:50.596,0.81377,0.81389,1.50,1.50
2011.03.25 18:51:50.713,0.81376,0.81389,1.88,1.50
2011.03.25 18:51:51.281,0.81376,0.81389,1.13,1.50
2011.03.25 18:51:53.991,0.81375,0.81389,2.63,1.50
2011.03.25 18:51:54.547,0.81375,0.81388,1.88,1.50
2011.03.25 18:52:02.813,0.81375,0.81388,2.25,1.50
2011.03.25 18:52:27.071,0.81375,0.81389,3.00,2.25
2011.03.25 18:52:27.843,0.81374,0.81387,2.63,2.25
2011.03.25 18:52:28.062,0.81375,0.81387,1.50,1.50
2011.03.25 18:52:29.201,0.81374,0.81388,2.63,1.50
2011.03.25 18:52:29.752,0.81375,0.81387,1.50,1.50
2011.03.25 18:52:32.921,0.81375,0.81388,1.50,1.88
2011.03.25 18:52:33.542,0.81374,0.81387,1.13,1.50
2011.03.25 18:52:34.092,0.81373,0.81385,1.13,1.50
2011.03.25 18:52:34.641,0.81373,0.81387,3.38,1.50
2011.03.25 18:52:34.862,0.81375,0.81388,1.88,1.50
2011.03.25 18:52:35.742,0.81376,0.81388,1.50,1.50
2011.03.25 18:52:36.292,0.81376,0.81388,1.50,1.50
2011.03.25 18:52:38.821,0.81376,0.81388,1.50,1.50
2011.03.25 18:52:40.805,0.81379,0.81391,1.88,2.25
2011.03.25 18:52:41.023,0.81377,0.81391,1.13,3.38
2011.03.25 18:52:41.132,0.81377,0.81391,1.50,2.25
2011.03.25 18:52:41.652,0.81379,0.81391,3.38,1.50
2011.03.25 18:52:53.822,0.8138,0.81393,1.50,3.00
2011.03.25 18:52:54.376,0.81382,0.81394,2.63,2.25
2011.03.25 18:52:54.933,0.81382,0.81396,3.38,1.88
2011.03.25 18:53:01.424,0.81382,0.81396,4.88,1.50
2011.03.25 18:53:01.972,0.81382,0.81395,4.13,1.50
2011.03.25 18:53:10.125,0.81382,0.81395,2.25,1.50
2011.03.25 18:53:10.672,0.81381,0.81396,4.13,3.00
2011.03.25 18:53:11.781,0.81383,0.81396,1.50,1.88
2011.03.25 18:53:17.757,0.81386,0.81397,1.88,2.25
2011.03.25 18:53:17.983,0.81388,0.81402,2.25,7.13
2011.03.25 18:53:34.572,0.81388,0.814,1.50,1.28
2011.03.25 18:53:34.901,0.81386,0.81398,1.50,3.38
2011.03.25 18:53:35.451,0.81384,0.81398,3.38,2.63
2011.03.25 18:53:37.162,0.81385,0.81398,1.50,1.88
2011.03.25 18:53:38.563,0.81387,0.81399,1.13,1.50
2011.03.25 18:53:45.970,0.81387,0.814,1.88,2.25
2011.03.25 18:53:47.073,0.81387,0.814,1.13,2.25
2011.03.25 18:54:00.582,0.81387,0.814,2.63,2.25
2011.03.25 18:54:00.695,0.81388,0.81401,1.13,3.60
2011.03.25 18:54:01.238,0.81388,0.81401,2.25,1.50
2011.03.25 18:54:03.852,0.81388,0.81401,2.25,1.50
2011.03.25 18:54:10.079,0.81387,0.81401,4.13,2.63
2011.03.25 18:54:18.502,0.81388,0.81401,1.50,2.63
2011.03.25 18:54:19.176,0.81388,0.81401,1.50,2.63
2011.03.25 18:54:26.922,0.81388,0.81401,2.25,1.50
2011.03.25 18:54:27.142,0.81389,0.81402,1.88,2.25
2011.03.25 18:54:27.583,0.81391,0.81404,3.00,1.50
2011.03.25 18:54:27.804,0.81392,0.81404,1.50,2.25
2011.03.25 18:54:28.351,0.81392,0.81404,1.50,1.50
2011.03.25 18:54:28.795,0.8139,0.81402,2.25,1.50
2011.03.25 18:54:36.175,0.81394,0.81404,2.10,3.00
2011.03.25 18:54:36.285,0.81394,0.81404,5.10,1.50
2011.03.25 18:54:36.503,0.81397,0.8141,1.88,1.50
2011.03.25 18:54:37.054,0.81395,0.81408,1.50,1.13
2011.03.25 18:54:37.601,0.81395,0.81408,1.50,1.88
2011.03.25 18:54:38.131,0.81395,0.81408,1.50,1.88
2011.03.25 18:54:40.053,0.81396,0.81409,2.63,3.60
2011.03.25 18:54:49.202,0.81396,0.81409,1.13,3.60
2011.03.25 18:54:51.514,0.81395,0.81407,2.25,1.28
2011.03.25 18:54:51.846,0.81393,0.81402,1.50,1.88
2011.03.25 18:54:51.968,0.81389,0.81402,3.00,1.88
2011.03.25 18:54:52.606,0.81388,0.81401,1.50,2.25
2011.03.25 18:54:53.204,0.81389,0.81401,1.13,2.25
2011.03.25 18:54:53.761,0.81389,0.81401,1.13,2.25
2011.03.25 18:54:54.751,0.81389,0.81401,1.13,2.25
2011.03.25 18:54:57.708,0.81389,0.81401,1.13,2.25
2011.03.25 18:55:01.714,0.8139,0.81402,1.50,3.00
2011.03.25 18:55:01.936,0.81391,0.81402,1.50,1.50
2011.03.25 18:55:02.276,0.81393,0.81404,1.50,1.50
2011.03.25 18:55:02.674,0.81393,0.81405,1.50,1.50
2011.03.25 18:55:02.784,0.81392,0.81405,2.25,1.50
2011.03.25 18:55:02.896,0.81391,0.81403,2.63,2.25
2011.03.25 18:55:03.453,0.81391,0.81403,1.13,2.25
2011.03.25 18:55:20.382,0.81392,0.81403,1.13,2.25
2011.03.25 18:55:25.705,0.81391,0.81403,1.88,2.25
2011.03.25 18:55:26.914,0.81393,0.81403,1.50,2.25
2011.03.25 18:55:27.244,0.81394,0.81405,1.50,2.25
2011.03.25 18:55:28.343,0.81395,0.81407,1.13,4.50
2011.03.25 18:55:38.285,0.81395,0.81406,2.25,2.25
2011.03.25 18:55:38.404,0.81394,0.81409,3.00,5.63
2011.03.25 18:55:38.951,0.81394,0.81409,3.00,4.13
2011.03.25 18:55:40.920,0.81395,0.81409,3.38,3.00
2011.03.25 18:55:41.471,0.81395,0.81409,1.50,3.38
2011.03.25 18:55:42.025,0.81394,0.81409,3.00,3.38
2011.03.25 18:55:42.682,0.81394,0.81408,3.00,2.25
2011.03.25 18:55:43.452,0.81394,0.81408,2.25,2.25
2011.03.25 18:55:44.112,0.81394,0.81408,3.00,2.25
2011.03.25 18:55:45.061,0.81394,0.81408,3.00,2.25
2011.03.25 18:55:46.834,0.81394,0.81408,3.75,2.25
2011.03.25 18:56:16.663,0.81394,0.81405,3.00,1.50
2011.03.25 18:56:16.995,0.8139,0.81402,1.50,2.25
2011.03.25 18:56:17.434,0.81389,0.81402,1.50,2.25
2011.03.25 18:56:19.810,0.81388,0.81401,1.50,2.25
2011.03.25 18:56:24.742,0.81387,0.81401,2.25,2.25
2011.03.25 18:56:25.294,0.81387,0.81401,3.38,3.00
2011.03.25 18:56:25.403,0.81389,0.81401,1.13,2.25
2011.03.25 18:56:25.843,0.81393,0.81404,1.50,1.50
2011.03.25 18:56:25.954,0.81393,0.81407,1.50,3.75
2011.03.25 18:56:26.173,0.81393,0.81406,1.50,3.00
2011.03.25 18:56:27.492,0.81392,0.81406,1.50,4.88
2011.03.25 18:56:27.601,0.81392,0.81406,1.50,4.88
2011.03.25 18:56:30.655,0.81393,0.81405,1.50,1.13
2011.03.25 18:56:31.212,0.81391,0.81404,1.50,2.25
2011.03.25 18:56:32.094,0.81391,0.81405,1.50,1.50
2011.03.25 18:56:32.641,0.81391,0.81406,1.50,5.63
2011.03.25 18:56:33.413,0.81391,0.81404,1.50,1.13
2011.03.25 18:56:33.853,0.81392,0.81403,1.50,1.50
2011.03.25 18:56:34.292,0.8139,0.81403,1.50,2.25
2011.03.25 18:56:35.172,0.8139,0.81403,1.50,1.88
2011.03.25 18:56:35.722,0.8139,0.81402,1.50,1.50
2011.03.25 18:56:38.464,0.8139,0.81403,1.50,3.38
2011.03.25 18:56:52.886,0.8139,0.81403,2.63,1.50
2011.03.25 18:56:53.004,0.81389,0.81401,1.50,1.13
2011.03.25 18:56:53.226,0.81388,0.814,1.50,2.10
2011.03.25 18:56:53.783,0.81385,0.814,2.63,2.85
2011.03.25 18:56:56.724,0.81387,0.81401,2.25,1.50
2011.03.25 18:56:56.943,0.81389,0.81402,1.50,2.25
2011.03.25 18:56:57.713,0.81389,0.81402,2.25,2.63
2011.03.25 18:56:59.874,0.8139,0.81402,1.50,2.63
2011.03.25 18:57:00.203,0.81392,0.81404,1.50,2.10
2011.03.25 18:57:00.425,0.81392,0.81404,1.50,2.10
2011.03.25 18:57:01.170,0.81392,0.81404,1.50,2.85
2011.03.25 18:57:01.722,0.81392,0.81404,1.50,1.50
2011.03.25 18:57:02.495,0.81391,0.81404,1.50,3.38
2011.03.25 18:57:03.042,0.81391,0.81403,1.50,1.50
2011.03.25 18:57:23.745,0.81389,0.81402,1.50,1.50
2011.03.25 18:57:25.053,0.81388,0.81402,2.25,1.50
2011.03.25 18:57:28.812,0.81387,0.81397,1.50,1.50
2011.03.25 18:57:28.933,0.81384,0.81396,2.25,2.25
2011.03.25 18:57:29.045,0.81385,0.81398,1.50,3.38
2011.03.25 18:57:29.374,0.81385,0.81397,1.50,1.50
2011.03.25 18:57:33.696,0.81386,0.81397,7.80,1.88
2011.03.25 18:57:34.045,0.81393,0.81402,2.25,1.50
2011.03.25 18:57:34.377,0.81388,0.81399,1.50,2.63
2011.03.25 18:57:34.493,0.81387,0.81399,1.50,1.88
2011.03.25 18:57:35.041,0.81386,0.81399,1.50,2.63
2011.03.25 18:57:35.552,0.81386,0.81398,1.50,1.50
2011.03.25 18:57:40.352,0.81386,0.81398,1.50,2.25
2011.03.25 18:57:40.952,0.81386,0.81398,1.50,1.50
2011.03.25 18:57:46.132,0.81385,0.81398,2.25,1.50
2011.03.25 18:57:46.461,0.81385,0.81398,2.25,1.50
2011.03.25 18:57:50.499,0.81385,0.81398,2.25,1.50
2011.03.25 18:57:54.041,0.81386,0.81398,1.50,1.50
2011.03.25 18:57:55.681,0.81386,0.81398,1.50,1.50
2011.03.25 18:57:56.251,0.81386,0.81398,1.50,1.50
2011.03.25 18:57:56.752,0.81386,0.81398,1.50,1.50
2011.03.25 18:58:00.082,0.81386,0.81398,1.50,1.50
2011.03.25 18:58:00.193,0.81386,0.81398,1.50,1.50
2011.03.25 18:58:04.211,0.81386,0.81398,1.50,1.50
2011.03.25 18:58:09.493,0.81385,0.81398,1.50,2.10
2011.03.25 18:58:10.042,0.81384,0.81395,1.50,1.13
2011.03.25 18:58:12.903,0.81381,0.81393,2.25,1.13
2011.03.25 18:58:13.124,0.8138,0.81392,1.50,1.13
2011.03.25 18:58:13.233,0.8138,0.81391,1.50,1.50
2011.03.25 18:58:15.662,0.81379,0.81391,1.50,2.25
2011.03.25 18:58:16.212,0.81379,0.8139,1.50,1.50
2011.03.25 18:58:16.762,0.81379,0.81391,1.50,2.25
2011.03.25 18:58:17.312,0.81379,0.8139,1.50,1.50
2011.03.25 18:58:19.083,0.81379,0.81391,1.50,2.25
2011.03.25 18:58:19.722,0.81379,0.8139,1.50,1.50
2011.03.25 18:58:22.949,0.81379,0.81391,1.50,2.25
2011.03.25 18:58:30.492,0.81378,0.8139,1.50,1.50
2011.03.25 18:58:31.372,0.81379,0.8139,1.50,1.50
2011.03.25 18:58:35.560,0.81379,0.8139,1.50,1.50
2011.03.25 18:58:36.972,0.81379,0.8139,1.50,1.50
2011.03.25 18:58:43.152,0.81379,0.8139,1.50,1.50
2011.03.25 18:58:43.702,0.81379,0.8139,1.50,1.50
2011.03.25 18:58:47.953,0.8138,0.81391,1.13,1.50
2011.03.25 18:58:48.286,0.81382,0.81393,1.50,1.50
2011.03.25 18:58:48.733,0.81381,0.81393,1.50,1.88
2011.03.25 18:58:48.952,0.81382,0.81393,1.50,1.88
2011.03.25 18:58:49.503,0.81381,0.81393,1.50,1.50
2011.03.25 18:58:50.052,0.81381,0.81393,1.50,1.50
2011.03.25 18:58:50.872,0.81381,0.81393,1.50,1.50
2011.03.25 18:58:51.092,0.81381,0.81393,1.50,1.50
2011.03.25 18:58:51.642,0.81381,0.81393,1.50,1.50
2011.03.25 18:58:52.834,0.81382,0.81393,1.50,1.50
2011.03.25 18:58:54.372,0.81383,0.81393,1.50,1.50
2011.03.25 18:58:54.921,0.81381,0.81393,1.50,1.50
2011.03.25 18:58:59.602,0.81381,0.81393,1.50,1.50
2011.03.25 18:59:00.403,0.81382,0.81394,1.50,1.50
2011.03.25 18:59:00.952,0.81382,0.81393,1.50,1.50
2011.03.25 18:59:01.952,0.81382,0.81393,1.50,1.50
2011.03.25 18:59:02.288,0.81387,0.81395,2.63,1.50
2011.03.25 18:59:02.403,0.81385,0.81396,1.50,2.25
2011.03.25 18:59:02.734,0.81386,0.81395,1.50,1.13
2011.03.25 18:59:03.079,0.81384,0.81395,1.50,1.13
2011.03.25 18:59:03.633,0.81384,0.81395,1.50,1.13
2011.03.25 18:59:09.814,0.81383,0.81396,1.50,3.38
2011.03.25 18:59:10.033,0.81385,0.81396,1.50,3.00
2011.03.25 18:59:10.144,0.81386,0.81396,1.50,1.50
2011.03.25 18:59:10.363,0.81384,0.81396,1.50,1.50
2011.03.25 18:59:10.878,0.81384,0.81396,1.50,3.00
2011.03.25 18:59:11.451,0.81383,0.81396,2.25,3.00
2011.03.25 18:59:14.254,0.81388,0.81396,1.50,3.00
2011.03.25 18:59:14.476,0.8139,0.81402,2.25,4.50
2011.03.25 18:59:15.033,0.81391,0.81403,1.50,2.63
2011.03.25 18:59:16.134,0.81391,0.81402,1.50,1.13
2011.03.25 18:59:16.982,0.81391,0.81402,1.50,1.13
2011.03.25 18:59:17.755,0.81391,0.81402,1.50,1.13
2011.03.25 18:59:18.148,0.81391,0.81403,1.50,1.50
2011.03.25 18:59:18.270,0.81391,0.81403,2.25,1.50
2011.03.25 18:59:18.495,0.81393,0.81405,1.50,2.25
2011.03.25 18:59:18.824,0.81392,0.81404,1.50,1.13
2011.03.25 18:59:19.372,0.81392,0.81404,1.50,1.13
2011.03.25 18:59:24.383,0.81391,0.81402,1.50,1.13
2011.03.25 18:59:24.933,0.81391,0.81402,1.50,1.13
2011.03.25 18:59:25.484,0.81391,0.81403,2.25,1.50
2011.03.25 18:59:25.704,0.81391,0.81402,2.25,1.13
2011.03.25 18:59:26.143,0.8139,0.81402,1.50,1.13
2011.03.25 18:59:26.254,0.81394,0.81404,2.25,3.75
2011.03.25 18:59:26.474,0.81397,0.81407,1.13,3.00
2011.03.25 18:59:26.694,0.81398,0.81409,1.50,1.13
2011.03.25 18:59:26.912,0.81397,0.8141,2.25,2.25
2011.03.25 18:59:27.574,0.81396,0.81409,3.00,1.13
2011.03.25 18:59:28.637,0.81399,0.81411,2.25,2.10
2011.03.25 18:59:28.985,0.81402,0.81414,1.50,1.50
2011.03.25 18:59:29.865,0.81402,0.81413,1.50,2.25
2011.03.25 18:59:30.095,0.81401,0.81411,1.50,1.50
2011.03.25 18:59:30.654,0.81397,0.81409,1.50,1.13
2011.03.25 18:59:30.763,0.81396,0.81409,1.50,1.13
2011.03.25 18:59:31.647,0.81399,0.81411,1.88,1.50
2011.03.25 18:59:31.764,0.81401,0.81411,1.50,1.50
2011.03.25 18:59:33.115,0.81399,0.81411,2.63,1.50
2011.03.25 18:59:33.665,0.814,0.81412,2.63,1.50
2011.03.25 18:59:34.973,0.814,0.81413,1.50,5.63
2011.03.25 18:59:35.747,0.81401,0.81411,1.50,1.50
2011.03.25 18:59:35.870,0.81399,0.81411,1.13,1.50
2011.03.25 18:59:36.974,0.81401,0.81412,1.50,3.00
2011.03.25 18:59:37.588,0.81402,0.81413,1.50,2.25
2011.03.25 18:59:38.143,0.81402,0.81414,1.50,2.25
2011.03.25 18:59:38.255,0.81407,0.81414,1.88,2.25
2011.03.25 18:59:38.367,0.81407,0.81418,1.88,4.50
2011.03.25 18:59:38.925,0.81405,0.81417,1.50,1.50
2011.03.25 18:59:39.802,0.81405,0.81417,3.00,1.50
2011.03.25 18:59:40.352,0.81407,0.81418,1.88,1.50
2011.03.25 18:59:40.574,0.81403,0.81416,2.25,2.25
2011.03.25 18:59:41.916,0.81403,0.81416,2.25,2.63
2011.03.25 18:59:42.485,0.81403,0.81415,2.25,1.13
2011.03.25 18:59:42.705,0.81402,0.81415,1.50,3.38
2011.03.25 18:59:45.414,0.81403,0.81414,1.50,1.50
2011.03.25 18:59:45.526,0.81404,0.81414,1.20,1.50
2011.03.25 18:59:46.083,0.81405,0.81417,1.50,4.50
2011.03.25 18:59:46.525,0.81404,0.81416,2.25,3.00
2011.03.25 18:59:46.743,0.81401,0.81414,2.25,1.88
2011.03.25 18:59:47.523,0.81401,0.81413,1.50,1.50
2011.03.25 18:59:47.645,0.814,0.81412,1.50,1.50
2011.03.25 18:59:47.769,0.81398,0.81411,3.00,1.13
2011.03.25 18:59:47.888,0.814,0.81412,1.50,2.25
2011.03.25 18:59:48.235,0.81399,0.81412,1.50,1.13
2011.03.25 18:59:49.113,0.81398,0.81411,2.25,1.50
2011.03.25 18:59:50.264,0.81399,0.81411,2.25,1.50
2011.03.25 18:59:50.483,0.814,0.81414,2.25,4.88
2011.03.25 18:59:51.053,0.81401,0.81414,1.50,3.38
2011.03.25 18:59:52.373,0.81401,0.81413,1.50,1.50
2011.03.25 18:59:52.922,0.81401,0.81414,1.50,2.63
2011.03.25 18:59:53.703,0.814,0.81414,3.75,3.38
