2013.02.14 16:00:00.229,0.9305,0.93057,3.30,2.48
2013.02.14 16:00:01.107,0.93053,0.9306,1.50,2.48
2013.02.14 16:00:01.481,0.93053,0.93058,1.50,3.75
2013.02.14 16:00:01.542,0.93051,0.93055,1.35,1.50
2013.02.14 16:00:01.850,0.93044,0.93053,7.24,2.10
2013.02.14 16:00:01.969,0.93044,0.93051,4.43,1.88
2013.02.14 16:00:02.164,0.93045,0.93051,1.50,2.40
2013.02.14 16:00:02.588,0.93043,0.9305,1.50,2.48
2013.02.14 16:00:03.010,0.93043,0.93049,1.50,1.50
2013.02.14 16:00:04.749,0.93047,0.93054,1.50,1.13
2013.02.14 16:00:05.170,0.93044,0.93051,1.50,1.73
2013.02.14 16:00:05.290,0.93043,0.93049,2.25,1.65
2013.02.14 16:00:05.862,0.93043,0.93048,1.50,1.50
2013.02.14 16:00:06.408,0.93043,0.93049,1.50,1.88
2013.02.14 16:00:06.949,0.93043,0.93049,3.23,1.50
2013.02.14 16:00:07.259,0.93048,0.93054,1.13,2.25
2013.02.14 16:00:07.440,0.93048,0.93056,2.48,1.50
2013.02.14 16:00:07.680,0.93049,0.93057,1.88,3.23
2013.02.14 16:00:07.799,0.93052,0.93058,1.50,1.50
2013.02.14 16:00:07.860,0.93052,0.93058,1.50,1.50
2013.02.14 16:00:08.402,0.93049,0.93054,1.50,1.88
2013.02.14 16:00:08.473,0.93048,0.93054,1.35,1.88
2013.02.14 16:00:08.543,0.93048,0.93056,1.80,3.19
2013.02.14 16:00:08.669,0.93049,0.93056,2.10,1.50
2013.02.14 16:00:09.512,0.93052,0.93058,1.73,2.25
2013.02.14 16:00:11.548,0.93053,0.93059,1.50,1.50
2013.02.14 16:00:11.770,0.93053,0.93059,1.73,1.50
2013.02.14 16:00:11.888,0.93053,0.93059,1.50,1.73
2013.02.14 16:00:12.190,0.9305,0.93058,2.40,2.48
2013.02.14 16:00:12.428,0.93051,0.93058,1.50,1.50
2013.02.14 16:00:12.548,0.93052,0.93059,1.65,1.88
2013.02.14 16:00:12.608,0.93052,0.93059,1.65,1.50
2013.02.14 16:00:13.148,0.93053,0.93061,1.50,2.63
2013.02.14 16:00:13.689,0.93053,0.9306,2.25,1.50
2013.02.14 16:00:13.872,0.93055,0.93062,3.00,1.50
2013.02.14 16:00:14.361,0.93053,0.93061,3.15,2.48
2013.02.14 16:00:18.873,0.93053,0.9306,1.50,2.85
2013.02.14 16:00:19.429,0.93054,0.9306,2.25,2.10
2013.02.14 16:00:22.582,0.93055,0.93063,2.25,2.78
2013.02.14 16:00:23.188,0.93054,0.9306,1.50,1.35
2013.02.14 16:00:23.728,0.93055,0.9306,1.50,1.35
2013.02.14 16:00:24.278,0.93055,0.93061,1.50,1.35
2013.02.14 16:00:26.637,0.93058,0.93063,1.50,1.43
2013.02.14 16:00:27.398,0.93057,0.93064,1.50,1.50
2013.02.14 16:00:27.577,0.93057,0.93063,1.50,1.73
2013.02.14 16:00:28.118,0.93054,0.93061,4.50,1.13
2013.02.14 16:00:28.237,0.93055,0.93061,2.25,2.10
2013.02.14 16:00:28.599,0.93056,0.93063,2.25,1.88
2013.02.14 16:00:29.074,0.93058,0.93066,3.00,1.35
2013.02.14 16:00:29.199,0.93061,0.93067,2.25,3.00
2013.02.14 16:00:29.381,0.93062,0.93068,2.25,2.10
2013.02.14 16:00:29.928,0.93063,0.93069,1.50,1.35
2013.02.14 16:00:30.438,0.93062,0.93068,2.25,1.35
2013.02.14 16:00:31.219,0.93059,0.93067,1.50,1.73
2013.02.14 16:00:31.338,0.93062,0.93068,1.50,1.73
2013.02.14 16:00:33.778,0.9306,0.93068,2.25,1.73
2013.02.14 16:00:34.020,0.93059,0.93066,2.25,2.10
2013.02.14 16:00:34.869,0.93054,0.93064,2.63,2.48
2013.02.14 16:00:34.933,0.93054,0.93061,2.63,1.73
2013.02.14 16:00:35.479,0.93055,0.93061,1.50,1.50
2013.02.14 16:00:37.308,0.93055,0.93062,1.50,2.25
2013.02.14 16:00:38.088,0.93055,0.93061,1.50,1.73
2013.02.14 16:00:38.628,0.93053,0.93059,3.00,1.73
2013.02.14 16:00:39.168,0.93053,0.93059,1.50,1.73
2013.02.14 16:00:39.479,0.93049,0.93057,1.50,1.13
2013.02.14 16:00:39.659,0.93043,0.9305,3.75,1.88
2013.02.14 16:00:40.822,0.93047,0.93053,1.50,3.00
2013.02.14 16:00:40.892,0.93049,0.93054,1.50,2.25
2013.02.14 16:00:41.439,0.93044,0.93053,3.15,2.48
2013.02.14 16:00:41.498,0.93044,0.93052,3.90,1.73
2013.02.14 16:00:41.981,0.93045,0.93053,1.50,2.48
2013.02.14 16:00:42.489,0.93047,0.93053,1.50,1.73
2013.02.14 16:00:42.668,0.93047,0.93055,3.75,2.25
2013.02.14 16:00:42.909,0.93053,0.9306,1.50,3.23
2013.02.14 16:00:42.970,0.93056,0.93063,1.50,1.65
2013.02.14 16:00:44.200,0.93052,0.93061,2.63,1.35
2013.02.14 16:00:44.678,0.93055,0.93061,2.25,2.33
2013.02.14 16:00:45.370,0.93058,0.93065,3.00,2.63
2013.02.14 16:00:45.489,0.93057,0.93064,1.50,2.10
2013.02.14 16:00:45.548,0.93057,0.93064,1.50,2.10
2013.02.14 16:00:46.087,0.93057,0.93065,1.50,3.38
2013.02.14 16:00:49.588,0.93055,0.93062,1.50,1.73
2013.02.14 16:00:50.128,0.93055,0.93062,2.25,1.65
2013.02.14 16:00:51.558,0.93055,0.93062,2.25,1.88
2013.02.14 16:00:53.349,0.93056,0.93063,1.50,2.40
2013.02.14 16:00:53.652,0.93043,0.93058,1.50,13.63
2013.02.14 16:00:53.719,0.93045,0.93051,1.65,1.50
2013.02.14 16:00:53.790,0.93044,0.9305,3.00,2.33
2013.02.14 16:00:53.850,0.93045,0.93049,1.50,1.80
2013.02.14 16:00:54.090,0.9304,0.93049,1.50,2.70
2013.02.14 16:00:54.149,0.93039,0.93049,1.50,2.70
2013.02.14 16:00:54.688,0.93038,0.93048,1.50,1.13
2013.02.14 16:00:55.239,0.93038,0.93048,2.25,1.88
2013.02.14 16:00:55.908,0.93038,0.93048,1.50,2.25
2013.02.14 16:00:56.269,0.9304,0.93048,1.50,2.40
2013.02.14 16:00:56.328,0.93039,0.93047,1.50,1.88
2013.02.14 16:00:57.568,0.93036,0.93046,1.50,2.10
2013.02.14 16:00:57.628,0.93036,0.93043,2.25,2.10
2013.02.14 16:00:57.690,0.93032,0.93042,7.13,1.35
2013.02.14 16:00:57.989,0.93033,0.9304,1.50,1.65
2013.02.14 16:00:59.348,0.93033,0.9304,2.25,1.65
2013.02.14 16:01:00.309,0.93031,0.93038,2.25,1.73
2013.02.14 16:01:00.862,0.93031,0.93038,2.25,1.73
2013.02.14 16:01:00.992,0.93029,0.93037,3.00,1.13
2013.02.14 16:01:01.418,0.93029,0.93035,2.93,2.48
2013.02.14 16:01:03.118,0.93028,0.93034,1.80,1.50
2013.02.14 16:01:03.488,0.93031,0.93038,1.50,1.73
2013.02.14 16:01:03.549,0.93031,0.93038,1.50,1.73
2013.02.14 16:01:03.608,0.93032,0.93038,1.50,1.73
2013.02.14 16:01:05.817,0.93032,0.93039,2.93,1.88
2013.02.14 16:01:06.658,0.93033,0.9304,1.43,1.65
2013.02.14 16:01:07.268,0.93034,0.9304,1.50,2.63
2013.02.14 16:01:07.669,0.93032,0.93039,1.73,2.63
2013.02.14 16:01:07.908,0.93027,0.93033,1.50,1.50
2013.02.14 16:01:07.968,0.93025,0.93032,1.50,1.50
2013.02.14 16:01:08.388,0.93026,0.93032,1.73,1.73
2013.02.14 16:01:08.990,0.93027,0.93035,3.38,2.48
2013.02.14 16:01:09.053,0.93027,0.93035,2.63,2.48
2013.02.14 16:01:09.478,0.93025,0.93033,2.48,3.00
2013.02.14 16:01:09.818,0.93025,0.93033,3.23,1.50
2013.02.14 16:01:10.249,0.93026,0.93036,2.48,4.28
2013.02.14 16:01:10.428,0.93029,0.93036,1.50,3.00
2013.02.14 16:01:10.608,0.93031,0.93039,3.23,2.25
2013.02.14 16:01:10.668,0.93032,0.9304,3.23,3.75
2013.02.14 16:01:11.208,0.93033,0.93041,1.73,3.00
2013.02.14 16:01:12.158,0.93032,0.93038,1.50,1.50
2013.02.14 16:01:12.279,0.9303,0.93037,1.13,2.70
2013.02.14 16:01:12.818,0.93025,0.93033,3.75,1.50
2013.02.14 16:01:12.938,0.93025,0.93033,3.75,2.25
2013.02.14 16:01:13.359,0.93025,0.93032,3.98,1.50
2013.02.14 16:01:13.419,0.93025,0.93031,3.98,1.65
2013.02.14 16:01:13.539,0.93023,0.93031,3.23,5.40
2013.02.14 16:01:13.960,0.93024,0.9303,1.73,1.65
2013.02.14 16:01:16.110,0.93024,0.93031,1.73,3.15
2013.02.14 16:01:17.139,0.93024,0.9303,1.73,1.65
2013.02.14 16:01:21.699,0.93023,0.9303,1.50,1.88
2013.02.14 16:01:22.811,0.93024,0.93032,3.38,1.50
2013.02.14 16:01:22.878,0.93024,0.9303,3.15,1.73
2013.02.14 16:01:23.420,0.93024,0.93032,3.90,1.73
2013.02.14 16:01:24.250,0.93025,0.93033,3.00,1.73
2013.02.14 16:01:24.822,0.93025,0.93033,2.25,3.23
2013.02.14 16:01:25.059,0.93025,0.93033,2.25,3.23
2013.02.14 16:01:25.179,0.93026,0.93032,1.50,1.50
2013.02.14 16:01:25.520,0.93023,0.9303,1.50,3.23
2013.02.14 16:01:25.579,0.93022,0.93029,1.13,1.50
2013.02.14 16:01:25.698,0.93021,0.93026,1.13,1.50
2013.02.14 16:01:25.818,0.93021,0.93027,1.88,1.28
2013.02.14 16:01:25.939,0.93021,0.93028,1.88,3.00
2013.02.14 16:01:25.999,0.93022,0.93028,1.73,2.48
2013.02.14 16:01:26.059,0.93022,0.9303,1.73,3.98
2013.02.14 16:01:28.109,0.93023,0.93031,1.88,2.55
2013.02.14 16:01:28.409,0.93025,0.93033,1.50,2.78
2013.02.14 16:01:29.590,0.93025,0.93033,2.25,2.25
2013.02.14 16:01:29.709,0.93025,0.93033,2.40,2.48
2013.02.14 16:01:30.928,0.93026,0.93034,2.40,1.28
2013.02.14 16:01:31.169,0.93031,0.93036,1.50,1.05
2013.02.14 16:01:31.289,0.93031,0.93039,2.25,1.28
2013.02.14 16:01:31.410,0.93032,0.93039,2.25,1.73
2013.02.14 16:01:31.528,0.93032,0.9304,3.00,1.05
2013.02.14 16:01:32.069,0.93033,0.93041,2.25,2.18
2013.02.14 16:01:33.548,0.93034,0.9304,1.50,1.50
2013.02.14 16:01:35.178,0.93033,0.9304,3.00,1.05
2013.02.14 16:01:35.659,0.93029,0.93037,1.13,1.73
2013.02.14 16:01:35.779,0.93026,0.93033,3.15,1.73
2013.02.14 16:01:35.839,0.93026,0.93032,2.40,1.73
2013.02.14 16:01:36.259,0.93023,0.93031,2.25,1.73
2013.02.14 16:01:37.464,0.93026,0.93032,1.13,1.50
2013.02.14 16:01:37.910,0.93027,0.93034,2.40,1.26
2013.02.14 16:01:38.029,0.9303,0.93036,4.28,2.48
2013.02.14 16:01:38.089,0.93033,0.93039,2.25,1.50
2013.02.14 16:01:39.851,0.93031,0.93036,1.50,1.73
2013.02.14 16:01:39.980,0.93028,0.93036,3.15,1.73
2013.02.14 16:01:40.218,0.9303,0.93038,1.65,2.48
2013.02.14 16:01:40.401,0.9303,0.93038,1.65,2.48
2013.02.14 16:01:40.908,0.93029,0.93038,2.63,3.23
2013.02.14 16:01:41.149,0.93029,0.93036,1.65,1.50
2013.02.14 16:01:41.333,0.93027,0.93036,1.50,2.48
2013.02.14 16:01:41.463,0.93029,0.93036,1.65,1.73
2013.02.14 16:01:41.779,0.93029,0.93038,3.60,2.63
2013.02.14 16:01:42.021,0.93029,0.93036,2.10,1.50
2013.02.14 16:01:42.140,0.93028,0.93036,1.73,1.65
2013.02.14 16:01:42.745,0.93028,0.93036,1.73,2.40
2013.02.14 16:01:43.425,0.93028,0.93036,1.73,2.40
2013.02.14 16:01:44.508,0.93027,0.93034,2.48,1.13
2013.02.14 16:01:44.629,0.93026,0.93033,2.48,1.50
2013.02.14 16:01:44.990,0.93028,0.93035,1.73,2.25
2013.02.14 16:01:45.048,0.93029,0.93037,1.73,4.88
2013.02.14 16:01:45.740,0.93029,0.93038,2.48,5.63
2013.02.14 16:01:45.859,0.93033,0.93038,3.38,1.13
2013.02.14 16:01:45.978,0.93033,0.93042,3.38,1.50
2013.02.14 16:01:46.038,0.93033,0.93042,4.13,1.50
2013.02.14 16:01:46.279,0.93032,0.93038,1.13,1.73
2013.02.14 16:01:46.399,0.9303,0.93036,1.73,1.50
2013.02.14 16:01:46.939,0.93028,0.93034,1.50,1.50
2013.02.14 16:01:47.808,0.93025,0.93031,2.48,1.50
2013.02.14 16:01:50.498,0.93024,0.93033,4.13,2.85
2013.02.14 16:01:52.598,0.93027,0.93033,1.50,1.50
2013.02.14 16:01:52.718,0.93027,0.93034,1.50,1.65
2013.02.14 16:01:53.519,0.93028,0.93034,1.50,1.88
2013.02.14 16:01:56.008,0.93029,0.93035,2.48,1.50
2013.02.14 16:01:56.069,0.9303,0.93037,2.25,3.15
2013.02.14 16:01:56.369,0.93033,0.93039,2.25,2.10
2013.02.14 16:01:56.429,0.93033,0.93039,2.48,1.88
2013.02.14 16:01:56.849,0.93033,0.93039,1.50,2.85
2013.02.14 16:01:57.648,0.93034,0.93042,2.48,4.88
2013.02.14 16:01:58.227,0.93034,0.9304,1.73,1.50
2013.02.14 16:01:58.948,0.93033,0.9304,2.48,1.50
2013.02.14 16:01:59.940,0.93032,0.93038,1.50,1.50
2013.02.14 16:02:00.123,0.9303,0.93037,1.73,1.50
2013.02.14 16:02:00.189,0.93029,0.93036,3.00,1.50
2013.02.14 16:02:00.488,0.93026,0.93033,1.73,1.50
2013.02.14 16:02:01.038,0.93025,0.93033,1.73,1.50
2013.02.14 16:02:02.838,0.93026,0.93033,1.73,1.50
2013.02.14 16:02:03.798,0.93026,0.93033,1.73,1.65
2013.02.14 16:02:03.980,0.93028,0.93034,2.85,1.05
2013.02.14 16:02:04.338,0.93032,0.93039,1.73,1.50
2013.02.14 16:02:04.640,0.93033,0.93039,1.73,1.50
2013.02.14 16:02:08.672,0.93026,0.93034,2.48,1.50
2013.02.14 16:02:08.738,0.93026,0.93034,3.23,2.25
2013.02.14 16:02:09.099,0.93025,0.93031,1.50,1.50
2013.02.14 16:02:09.400,0.93024,0.93031,1.65,2.25
2013.02.14 16:02:09.638,0.93025,0.93031,1.50,1.50
2013.02.14 16:02:11.428,0.93024,0.9303,2.25,3.81
2013.02.14 16:02:11.548,0.93018,0.93026,3.75,9.04
2013.02.14 16:02:11.611,0.93015,0.93024,1.73,5.22
2013.02.14 16:02:11.669,0.93012,0.93019,1.50,1.50
2013.02.14 16:02:12.089,0.93016,0.93022,3.38,1.50
2013.02.14 16:02:12.150,0.93017,0.93025,1.50,1.88
2013.02.14 16:02:12.212,0.93019,0.93026,1.50,1.50
2013.02.14 16:02:12.749,0.93019,0.93028,2.25,2.25
2013.02.14 16:02:12.868,0.93018,0.93028,3.00,1.50
2013.02.14 16:02:17.080,0.9302,0.93028,1.50,2.25
2013.02.14 16:02:18.199,0.9302,0.93028,1.50,2.25
2013.02.14 16:02:19.300,0.93019,0.93028,3.00,2.25
2013.02.14 16:02:19.598,0.93019,0.93028,3.00,2.48
2013.02.14 16:02:19.719,0.93016,0.93025,3.60,2.48
2013.02.14 16:02:20.268,0.93016,0.93024,2.10,2.25
2013.02.14 16:02:20.809,0.93016,0.93024,4.35,1.50
2013.02.14 16:02:21.405,0.93017,0.93026,1.13,4.50
2013.02.14 16:02:21.648,0.9302,0.93026,1.73,1.50
2013.02.14 16:02:22.070,0.93023,0.93029,1.73,3.75
2013.02.14 16:02:22.311,0.93027,0.93033,2.63,1.50
2013.02.14 16:02:23.279,0.93029,0.93035,1.73,1.50
2013.02.14 16:02:23.579,0.93029,0.93035,1.73,3.75
2013.02.14 16:02:24.100,0.93027,0.93033,2.48,1.50
2013.02.14 16:02:24.648,0.93026,0.93033,1.73,1.50
2013.02.14 16:02:25.149,0.93026,0.93033,2.48,1.50
2013.02.14 16:02:26.227,0.93025,0.93032,1.65,1.50
2013.02.14 16:02:26.528,0.9302,0.93028,1.88,1.50
2013.02.14 16:02:26.588,0.9302,0.93028,2.48,1.88
2013.02.14 16:02:26.648,0.9302,0.93027,1.35,1.50
2013.02.14 16:02:27.043,0.9302,0.93028,1.88,1.88
2013.02.14 16:02:28.198,0.9302,0.93027,1.73,1.50
2013.02.14 16:02:28.258,0.9302,0.93028,1.88,2.25
2013.02.14 16:02:28.768,0.93019,0.93027,1.73,1.50
2013.02.14 16:02:29.249,0.93017,0.93024,1.50,1.50
2013.02.14 16:02:29.308,0.93017,0.93025,1.88,3.00
2013.02.14 16:02:29.368,0.93017,0.93023,1.50,1.50
2013.02.14 16:02:29.917,0.93016,0.93022,1.50,1.50
2013.02.14 16:02:30.448,0.93015,0.93024,5.63,3.75
2013.02.14 16:02:30.508,0.93016,0.93024,1.50,2.63
2013.02.14 16:02:30.568,0.93017,0.93024,3.38,1.88
2013.02.14 16:02:31.117,0.93018,0.93026,3.38,2.25
2013.02.14 16:02:31.388,0.93021,0.93027,1.35,2.25
2013.02.14 16:02:31.808,0.93023,0.93029,2.10,1.13
2013.02.14 16:02:31.868,0.93024,0.93029,1.73,1.13
2013.02.14 16:02:33.899,0.93023,0.93029,1.35,1.50
2013.02.14 16:02:34.558,0.93023,0.9303,2.10,1.50
2013.02.14 16:02:36.493,0.93023,0.93031,2.10,3.75
2013.02.14 16:02:36.570,0.93023,0.9303,2.63,1.50
2013.02.14 16:02:37.128,0.93024,0.93031,1.65,3.00
2013.02.14 16:02:37.838,0.93024,0.93031,1.65,3.00
2013.02.14 16:02:37.958,0.93022,0.9303,3.38,1.50
2013.02.14 16:02:38.019,0.93022,0.93029,1.73,2.85
2013.02.14 16:02:38.379,0.93018,0.93025,1.13,1.50
2013.02.14 16:02:38.861,0.93017,0.93024,2.40,2.25
2013.02.14 16:02:38.931,0.93019,0.93024,1.13,1.50
2013.02.14 16:02:40.558,0.93018,0.93025,1.35,1.50
2013.02.14 16:02:40.678,0.93017,0.93023,1.35,1.50
2013.02.14 16:02:40.860,0.93015,0.93021,1.50,1.50
2013.02.14 16:02:40.982,0.93013,0.93021,3.38,2.25
2013.02.14 16:02:41.110,0.93014,0.93021,1.35,1.50
2013.02.14 16:02:41.469,0.93017,0.93023,1.88,1.50
2013.02.14 16:02:41.828,0.93017,0.93026,2.85,3.00
2013.02.14 16:02:42.380,0.93019,0.93025,1.65,1.50
2013.02.14 16:02:42.620,0.93024,0.93029,2.40,1.50
2013.02.14 16:02:43.159,0.93021,0.93029,4.35,3.00
2013.02.14 16:02:43.399,0.9302,0.93026,1.73,1.50
2013.02.14 16:02:43.938,0.93019,0.93025,2.25,1.50
2013.02.14 16:02:44.539,0.9302,0.93027,1.35,1.50
2013.02.14 16:02:44.839,0.93019,0.93026,1.73,1.50
2013.02.14 16:02:44.898,0.93019,0.93025,2.10,1.50
2013.02.14 16:02:45.148,0.93017,0.93023,1.73,1.50
2013.02.14 16:02:45.328,0.93017,0.93025,2.10,2.85
2013.02.14 16:02:45.389,0.93019,0.93026,1.35,2.25
2013.02.14 16:02:45.508,0.93019,0.93026,1.13,2.25
2013.02.14 16:02:45.628,0.93019,0.93026,1.35,1.50
2013.02.14 16:02:46.003,0.93019,0.93027,2.85,1.50
2013.02.14 16:02:47.558,0.93022,0.93028,1.65,2.25
2013.02.14 16:02:47.678,0.93022,0.9303,2.63,2.48
2013.02.14 16:02:49.518,0.9302,0.93027,1.50,1.50
2013.02.14 16:02:49.839,0.9302,0.93027,1.73,2.25
2013.02.14 16:02:50.208,0.9302,0.93028,2.10,2.25
2013.02.14 16:02:52.710,0.9302,0.93028,1.13,3.00
2013.02.14 16:02:53.008,0.93021,0.93027,2.10,1.50
2013.02.14 16:02:54.200,0.93023,0.9303,1.13,4.50
2013.02.14 16:02:54.259,0.93023,0.9303,1.88,1.50
2013.02.14 16:02:54.379,0.93025,0.93031,1.50,3.00
2013.02.14 16:02:55.658,0.93024,0.93031,1.50,2.25
2013.02.14 16:02:55.899,0.93023,0.93029,1.88,1.50
2013.02.14 16:02:57.110,0.9302,0.93027,1.35,1.50
2013.02.14 16:02:57.468,0.9302,0.93027,1.35,3.00
2013.02.14 16:02:57.529,0.9302,0.93028,2.10,3.00
2013.02.14 16:02:58.068,0.93021,0.93028,1.13,2.25
2013.02.14 16:02:58.308,0.93018,0.93026,2.10,1.50
2013.02.14 16:02:58.825,0.93019,0.93027,1.35,1.88
2013.02.14 16:03:00.131,0.93018,0.93026,2.25,2.48
2013.02.14 16:03:00.669,0.93017,0.93023,1.73,1.50
2013.02.14 16:03:04.458,0.93018,0.93025,1.13,1.50
2013.02.14 16:03:04.640,0.93018,0.93024,1.13,1.50
2013.02.14 16:03:05.238,0.93018,0.93025,1.73,2.25
2013.02.14 16:03:05.299,0.93018,0.93026,1.73,1.88
2013.02.14 16:03:05.359,0.93019,0.93026,2.85,1.13
2013.02.14 16:03:05.478,0.9302,0.93028,2.85,3.00
2013.02.14 16:03:05.539,0.93022,0.93028,2.10,2.25
2013.02.14 16:03:06.078,0.93022,0.93028,2.85,1.50
2013.02.14 16:03:06.418,0.93023,0.93031,1.13,4.50
2013.02.14 16:03:06.921,0.93023,0.9303,2.48,2.25
2013.02.14 16:03:07.438,0.93024,0.93031,2.25,1.50
2013.02.14 16:03:07.499,0.93023,0.93031,2.48,1.50
2013.02.14 16:03:08.038,0.93023,0.93029,1.88,1.50
2013.02.14 16:03:11.418,0.93021,0.93029,2.85,1.73
2013.02.14 16:03:13.768,0.9302,0.9303,2.48,6.98
2013.02.14 16:03:14.128,0.93017,0.93025,3.30,1.73
2013.02.14 16:03:14.308,0.93017,0.93025,2.18,1.73
2013.02.14 16:03:16.709,0.93019,0.93027,1.13,3.38
2013.02.14 16:03:16.829,0.93021,0.93027,1.35,2.25
2013.02.14 16:03:17.068,0.93023,0.93029,1.13,2.48
2013.02.14 16:03:17.438,0.93021,0.93028,2.48,1.73
2013.02.14 16:03:17.979,0.93023,0.93029,1.13,3.60
2013.02.14 16:03:18.529,0.9302,0.93027,2.85,1.50
2013.02.14 16:03:18.589,0.9302,0.93027,2.10,1.73
2013.02.14 16:03:19.130,0.93019,0.93025,1.95,1.73
2013.02.14 16:03:20.662,0.93021,0.93027,2.85,1.50
2013.02.14 16:03:20.802,0.93024,0.93032,2.85,3.60
2013.02.14 16:03:20.868,0.93024,0.93032,2.63,2.85
2013.02.14 16:03:21.768,0.93024,0.93032,1.73,4.13
2013.02.14 16:03:21.948,0.93024,0.93032,1.50,3.98
2013.02.14 16:03:22.428,0.93024,0.93032,1.50,3.23
2013.02.14 16:03:23.018,0.93024,0.93032,2.25,3.00
2013.02.14 16:03:24.218,0.93025,0.93032,1.13,1.50
2013.02.14 16:03:29.633,0.93025,0.93034,1.88,1.88
2013.02.14 16:03:30.699,0.93026,0.93033,1.73,2.40
2013.02.14 16:03:30.938,0.93024,0.93031,2.48,1.35
2013.02.14 16:03:32.858,0.93024,0.93033,4.65,5.70
2013.02.14 16:03:33.600,0.93025,0.93032,1.50,1.50
2013.02.14 16:03:36.838,0.93025,0.93032,1.50,2.25
2013.02.14 16:03:37.370,0.93025,0.93032,3.23,2.25
2013.02.14 16:03:37.788,0.93027,0.93033,1.50,1.50
2013.02.14 16:03:39.611,0.93029,0.93035,1.50,2.48
2013.02.14 16:03:39.789,0.9303,0.93037,2.85,2.40
2013.02.14 16:03:40.100,0.9303,0.93038,2.85,1.50
2013.02.14 16:03:40.221,0.9303,0.93037,2.10,1.50
2013.02.14 16:03:40.348,0.9303,0.93037,2.10,2.25
2013.02.14 16:03:40.708,0.93031,0.93038,1.73,1.50
2013.02.14 16:03:40.770,0.93031,0.9304,1.88,6.00
2013.02.14 16:03:40.948,0.93032,0.9304,2.63,2.25
2013.02.14 16:03:41.608,0.93032,0.9304,1.88,1.50
2013.02.14 16:03:45.578,0.93033,0.93041,2.48,2.25
2013.02.14 16:03:46.152,0.93033,0.93041,3.23,1.50
2013.02.14 16:03:47.928,0.93035,0.93041,1.20,1.50
2013.02.14 16:03:50.668,0.93035,0.93042,1.73,1.50
2013.02.14 16:03:50.788,0.93038,0.93044,1.13,1.50
2013.02.14 16:03:50.848,0.93039,0.93045,1.35,1.13
2013.02.14 16:03:50.908,0.93041,0.93048,1.13,6.75
2013.02.14 16:03:51.029,0.93039,0.93047,4.13,2.25
2013.02.14 16:03:51.149,0.93038,0.93045,1.50,3.00
2013.02.14 16:03:51.269,0.93039,0.93046,1.13,2.25
2013.02.14 16:03:51.390,0.93038,0.93043,1.50,1.50
2013.02.14 16:03:51.928,0.93037,0.93043,1.88,2.25
2013.02.14 16:03:52.599,0.93035,0.93043,2.63,2.25
2013.02.14 16:03:53.139,0.93035,0.93042,1.13,1.50
2013.02.14 16:04:01.528,0.93035,0.93041,1.13,1.50
2013.02.14 16:04:02.448,0.93033,0.93041,2.48,3.00
2013.02.14 16:04:02.508,0.93033,0.9304,1.50,1.50
2013.02.14 16:04:02.689,0.93029,0.93035,3.23,2.25
2013.02.14 16:04:02.748,0.93029,0.93035,1.73,2.25
2013.02.14 16:04:03.282,0.93026,0.93035,3.00,3.75
2013.02.14 16:04:04.538,0.93027,0.93035,1.50,2.25
2013.02.14 16:04:06.157,0.93029,0.93036,1.13,6.00
2013.02.14 16:04:06.219,0.9303,0.93036,1.65,2.25
2013.02.14 16:04:06.339,0.93032,0.93039,1.73,1.13
2013.02.14 16:04:06.818,0.93033,0.93041,2.48,1.50
2013.02.14 16:04:10.648,0.93033,0.93042,2.48,3.75
2013.02.14 16:04:16.120,0.93035,0.93042,1.73,3.00
2013.02.14 16:04:16.672,0.93035,0.93043,1.73,2.40
2013.02.14 16:04:20.308,0.93035,0.93043,2.48,2.40
2013.02.14 16:04:22.658,0.93035,0.93039,1.50,1.50
2013.02.14 16:04:22.959,0.93028,0.93035,2.63,3.60
2013.02.14 16:04:23.021,0.93028,0.93035,2.25,4.73
2013.02.14 16:04:23.083,0.93026,0.93033,1.73,1.50
2013.02.14 16:04:25.100,0.93025,0.93034,1.73,3.00
2013.02.14 16:04:25.709,0.93026,0.93033,1.73,1.50
2013.02.14 16:04:26.349,0.93025,0.93033,1.73,1.50
2013.02.14 16:04:26.870,0.93026,0.93033,1.73,1.50
2013.02.14 16:04:27.351,0.93023,0.9303,1.28,1.50
2013.02.14 16:04:27.622,0.93021,0.93027,1.13,1.50
2013.02.14 16:04:28.169,0.93019,0.93026,1.73,1.50
2013.02.14 16:04:30.251,0.93019,0.93027,2.85,2.25
2013.02.14 16:04:33.182,0.93021,0.93029,1.13,4.13
2013.02.14 16:04:33.250,0.93023,0.93029,1.35,2.63
2013.02.14 16:04:33.320,0.93022,0.93029,1.35,1.88
2013.02.14 16:04:33.501,0.93024,0.93031,1.88,1.50
2013.02.14 16:04:33.559,0.93024,0.93032,1.88,4.50
2013.02.14 16:04:35.218,0.93024,0.9303,2.40,1.50
2013.02.14 16:04:35.531,0.93023,0.93028,1.35,1.50
2013.02.14 16:04:35.888,0.93019,0.93027,4.35,1.50
2013.02.14 16:04:39.490,0.93019,0.93026,2.93,1.50
2013.02.14 16:04:39.610,0.93019,0.93026,2.25,2.85
2013.02.14 16:04:39.728,0.93019,0.93026,2.48,2.85
2013.02.14 16:04:40.271,0.93018,0.93026,1.13,2.85
2013.02.14 16:04:40.391,0.93018,0.93025,1.13,1.13
2013.02.14 16:04:41.169,0.93018,0.93025,1.88,1.88
2013.02.14 16:04:41.829,0.93019,0.93026,1.35,1.50
2013.02.14 16:04:42.378,0.93018,0.93026,2.85,2.25
2013.02.14 16:04:42.848,0.93024,0.9303,1.13,3.60
2013.02.14 16:04:42.968,0.93026,0.9303,1.13,2.25
2013.02.14 16:04:43.208,0.93026,0.93032,1.73,1.88
2013.02.14 16:04:43.328,0.93026,0.93032,2.48,1.13
2013.02.14 16:04:44.228,0.93025,0.93033,3.23,2.40
2013.02.14 16:04:44.348,0.93026,0.93033,2.07,3.23
2013.02.14 16:04:44.409,0.93029,0.93035,1.73,5.25
2013.02.14 16:04:44.709,0.93033,0.93039,1.73,3.75
2013.02.14 16:04:44.829,0.9303,0.93037,1.73,2.25
2013.02.14 16:04:45.138,0.93025,0.93034,3.90,1.50
2013.02.14 16:04:45.928,0.93026,0.93033,1.50,2.25
2013.02.14 16:04:46.048,0.93026,0.93033,1.73,1.50
2013.02.14 16:04:47.390,0.93024,0.93032,1.73,3.75
2013.02.14 16:04:47.449,0.93023,0.93031,3.00,1.50
2013.02.14 16:04:47.568,0.93023,0.93031,3.23,1.50
2013.02.14 16:04:47.689,0.93023,0.93031,3.38,1.50
2013.02.14 16:04:48.009,0.93022,0.9303,2.10,1.88
2013.02.14 16:04:48.548,0.93021,0.93027,1.35,1.50
2013.02.14 16:04:49.794,0.9302,0.93027,2.25,3.60
2013.02.14 16:04:49.861,0.9302,0.93026,1.50,2.33
2013.02.14 16:04:49.929,0.93017,0.93024,2.25,1.50
2013.02.14 16:04:50.108,0.93017,0.93025,3.23,1.50
2013.02.14 16:04:51.031,0.93017,0.93027,3.60,2.63
2013.02.14 16:04:51.668,0.93019,0.93027,1.35,2.25
2013.02.14 16:04:52.629,0.93019,0.93026,1.65,1.50
2013.02.14 16:04:53.179,0.93021,0.93027,1.20,1.50
2013.02.14 16:04:53.759,0.9302,0.93027,1.20,1.50
2013.02.14 16:04:58.709,0.93021,0.93028,1.35,2.25
2013.02.14 16:04:59.010,0.93022,0.93029,1.13,1.50
2013.02.14 16:04:59.129,0.93021,0.93029,2.10,3.00
2013.02.14 16:04:59.669,0.93021,0.93027,2.10,1.50
2013.02.14 16:04:59.970,0.9302,0.93027,1.73,3.98
2013.02.14 16:05:00.529,0.93018,0.93026,2.63,1.50
2013.02.14 16:05:01.331,0.93018,0.93026,2.63,2.25
2013.02.14 16:05:02.149,0.93018,0.93026,1.88,3.60
2013.02.14 16:05:02.450,0.93016,0.93022,5.25,2.10
2013.02.14 16:05:02.690,0.93013,0.93019,2.25,3.00
2013.02.14 16:05:02.869,0.93011,0.93017,1.50,4.28
2013.02.14 16:05:03.663,0.93008,0.93017,3.38,4.73
2013.02.14 16:05:03.742,0.93008,0.93014,2.25,1.35
2013.02.14 16:05:03.810,0.93006,0.93012,2.63,3.00
2013.02.14 16:05:03.989,0.93002,0.93009,1.50,1.73
2013.02.14 16:05:04.110,0.93003,0.93009,3.00,1.43
2013.02.14 16:05:04.420,0.92994,0.93005,3.60,1.73
2013.02.14 16:05:04.540,0.92998,0.93005,3.23,2.48
2013.02.14 16:05:04.853,0.93,0.93006,2.40,1.50
2013.02.14 16:05:05.040,0.93,0.93007,2.40,1.73
2013.02.14 16:05:05.219,0.92997,0.93005,1.88,1.73
2013.02.14 16:05:05.979,0.92998,0.93004,1.65,2.10
2013.02.14 16:05:06.099,0.92994,0.93002,1.50,2.48
2013.02.14 16:05:06.220,0.92993,0.92999,1.65,1.50
2013.02.14 16:05:06.543,0.92992,0.92999,1.35,2.48
2013.02.14 16:05:06.849,0.92998,0.93004,1.65,2.25
2013.02.14 16:05:06.909,0.92999,0.93005,1.88,1.50
2013.02.14 16:05:07.209,0.92999,0.93007,1.65,2.25
2013.02.14 16:05:07.280,0.92999,0.93007,1.65,2.48
2013.02.14 16:05:07.818,0.92998,0.93006,3.38,1.73
2013.02.14 16:05:08.450,0.92996,0.93004,5.25,3.98
2013.02.14 16:05:08.510,0.92996,0.93003,3.00,2.48
2013.02.14 16:05:08.571,0.92994,0.93003,1.88,4.73
2013.02.14 16:05:08.809,0.92995,0.93001,1.65,1.50
2013.02.14 16:05:09.621,0.92997,0.93003,1.65,3.23
2013.02.14 16:05:10.290,0.92993,0.93002,3.15,2.48
2013.02.14 16:05:10.413,0.92994,0.93002,1.65,2.48
2013.02.14 16:05:10.659,0.92995,0.93002,2.40,1.73
2013.02.14 16:05:10.720,0.92997,0.93004,1.13,3.38
2013.02.14 16:05:10.901,0.92998,0.93004,1.65,1.50
2013.02.14 16:05:11.922,0.92994,0.93003,3.75,2.48
2013.02.14 16:05:12.528,0.92996,0.93003,1.65,3.98
2013.02.14 16:05:13.079,0.92994,0.93,1.88,1.50
2013.02.14 16:05:14.208,0.92992,0.93001,4.13,3.98
2013.02.14 16:05:14.391,0.92992,0.92999,1.88,1.73
2013.02.14 16:05:15.430,0.9299,0.92998,3.38,1.73
2013.02.14 16:05:15.553,0.92988,0.92996,3.38,1.73
2013.02.14 16:05:15.861,0.92985,0.92992,1.13,3.00
2013.02.14 16:05:15.978,0.92985,0.92991,1.13,2.48
2013.02.14 16:05:16.519,0.92981,0.92989,1.88,2.48
2013.02.14 16:05:16.579,0.9298,0.92989,1.88,2.48
2013.02.14 16:05:17.061,0.9298,0.92988,1.50,2.25
2013.02.14 16:05:17.239,0.9298,0.92987,1.65,1.73
2013.02.14 16:05:17.299,0.92981,0.92988,1.13,2.48
2013.02.14 16:05:17.360,0.92979,0.92988,3.75,3.23
2013.02.14 16:05:17.501,0.92979,0.92986,3.00,1.88
2013.02.14 16:05:17.561,0.92978,0.92984,1.50,1.73
2013.02.14 16:05:17.869,0.92974,0.92982,1.65,1.73
2013.02.14 16:05:18.614,0.92974,0.9298,1.50,1.50
2013.02.14 16:05:19.140,0.92972,0.9298,1.50,1.73
2013.02.14 16:05:19.619,0.92971,0.92979,2.25,2.25
2013.02.14 16:05:19.740,0.92969,0.92977,1.13,1.65
2013.02.14 16:05:19.860,0.92966,0.92972,1.73,1.50
2013.02.14 16:05:19.920,0.92964,0.92972,10.50,1.50
2013.02.14 16:05:20.348,0.92962,0.92968,1.65,1.73
2013.02.14 16:05:20.590,0.92959,0.92967,4.65,1.73
2013.02.14 16:05:20.650,0.92959,0.92967,3.15,1.73
2013.02.14 16:05:20.771,0.92959,0.92967,3.75,1.73
2013.02.14 16:05:21.199,0.92963,0.92969,1.65,1.50
2013.02.14 16:05:21.320,0.92963,0.92969,1.50,1.73
2013.02.14 16:05:21.859,0.92962,0.92969,1.50,1.73
2013.02.14 16:05:21.980,0.92959,0.92967,2.63,1.73
2013.02.14 16:05:22.100,0.92961,0.9297,3.23,5.33
2013.02.14 16:05:22.160,0.92965,0.92971,1.65,1.50
2013.02.14 16:05:22.220,0.92967,0.92974,1.13,2.63
2013.02.14 16:05:22.400,0.92971,0.92978,2.85,1.73
2013.02.14 16:05:22.519,0.92971,0.92976,2.33,1.50
2013.02.14 16:05:22.699,0.92971,0.92979,4.20,3.98
2013.02.14 16:05:22.759,0.9297,0.92978,3.00,1.17
2013.02.14 16:05:23.061,0.92961,0.9297,7.50,3.98
2013.02.14 16:05:23.123,0.92963,0.92967,2.25,1.73
2013.02.14 16:05:23.549,0.92963,0.92968,2.25,1.50
2013.02.14 16:05:23.611,0.92959,0.92968,3.15,3.23
2013.02.14 16:05:23.910,0.92964,0.92971,2.25,2.48
2013.02.14 16:05:24.269,0.92966,0.92973,2.25,1.50
2013.02.14 16:05:24.510,0.92966,0.92973,2.25,2.48
2013.02.14 16:05:24.811,0.9297,0.92976,1.50,1.73
2013.02.14 16:05:24.929,0.92972,0.92978,1.50,1.73
2013.02.14 16:05:25.109,0.92971,0.92979,1.50,1.73
2013.02.14 16:05:25.746,0.92971,0.92979,2.25,1.50
2013.02.14 16:05:26.418,0.92972,0.9298,1.50,2.48
2013.02.14 16:05:26.539,0.92971,0.92977,1.50,1.50
2013.02.14 16:05:26.779,0.92968,0.92976,2.40,1.50
2013.02.14 16:05:26.840,0.92969,0.92977,1.13,4.73
2013.02.14 16:05:27.259,0.92967,0.92973,1.50,1.50
2013.02.14 16:05:27.323,0.92965,0.92973,2.40,1.50
2013.02.14 16:05:27.879,0.92965,0.92973,1.65,1.50
2013.02.14 16:05:27.939,0.92966,0.92973,1.50,1.50
2013.02.14 16:05:28.487,0.92967,0.92973,1.50,1.50
2013.02.14 16:05:29.029,0.92967,0.92975,2.25,4.73
2013.02.14 16:05:29.150,0.92971,0.92978,1.50,4.35
2013.02.14 16:05:29.509,0.92977,0.92994,22.68,1.50
2013.02.14 16:05:29.569,0.92988,0.92996,3.60,2.73
2013.02.14 16:05:29.629,0.92988,0.92995,1.50,1.50
2013.02.14 16:05:29.690,0.92988,0.92995,1.50,3.00
2013.02.14 16:05:29.870,0.92991,0.92997,1.50,2.78
2013.02.14 16:05:29.990,0.9299,0.92997,1.50,1.65
2013.02.14 16:05:30.230,0.9299,0.92998,3.90,1.50
2013.02.14 16:05:30.359,0.92992,0.93,1.50,1.50
2013.02.14 16:05:30.422,0.92991,0.92998,2.40,1.73
2013.02.14 16:05:30.848,0.9299,0.92997,1.50,1.50
2013.02.14 16:05:30.969,0.92992,0.92997,1.50,1.50
2013.02.14 16:05:31.244,0.92991,0.92998,2.40,1.73
2013.02.14 16:05:31.559,0.92999,0.93005,1.65,1.73
2013.02.14 16:05:31.860,0.92999,0.93005,1.65,1.50
2013.02.14 16:05:32.430,0.92999,0.93005,1.50,1.58
2013.02.14 16:05:32.790,0.92994,0.93002,2.40,3.23
2013.02.14 16:05:33.330,0.92998,0.93004,1.50,1.73
2013.02.14 16:05:33.992,0.92995,0.93002,1.50,2.48
2013.02.14 16:05:34.060,0.92994,0.93001,1.28,1.73
2013.02.14 16:05:34.243,0.92997,0.93003,3.00,1.50
2013.02.14 16:05:34.549,0.92998,0.93005,1.65,3.00
2013.02.14 16:05:34.789,0.92999,0.93005,1.65,1.50
2013.02.14 16:05:35.349,0.92998,0.93004,2.40,1.50
2013.02.14 16:05:35.590,0.92996,0.93003,1.65,1.50
2013.02.14 16:05:35.650,0.92995,0.93,2.40,1.50
2013.02.14 16:05:36.190,0.92996,0.93002,2.25,1.35
2013.02.14 16:05:36.550,0.92993,0.93001,1.50,2.48
2013.02.14 16:05:36.609,0.92994,0.93001,1.50,1.65
2013.02.14 16:05:37.254,0.92994,0.93002,3.00,1.88
2013.02.14 16:05:37.427,0.92997,0.93004,1.50,3.23
2013.02.14 16:05:37.739,0.92999,0.93006,3.00,1.88
2013.02.14 16:05:38.102,0.93,0.93007,1.50,4.58
2013.02.14 16:05:38.929,0.93,0.93007,1.50,3.38
2013.02.14 16:05:39.669,0.92999,0.93006,2.25,1.13
2013.02.14 16:05:40.208,0.92999,0.93006,1.50,1.88
2013.02.14 16:05:41.269,0.92999,0.93007,3.75,2.48
2013.02.14 16:05:41.899,0.93,0.93007,2.25,1.88
2013.02.14 16:05:42.439,0.93001,0.93007,1.73,1.13
2013.02.14 16:05:42.679,0.92999,0.93007,1.73,1.65
2013.02.14 16:05:42.740,0.92999,0.93007,1.73,2.40
2013.02.14 16:05:42.860,0.92999,0.93007,1.50,1.50
2013.02.14 16:05:43.160,0.92999,0.93007,3.00,2.40
2013.02.14 16:05:43.701,0.92999,0.93007,2.25,1.65
2013.02.14 16:05:45.397,0.92999,0.93007,2.48,1.50
2013.02.14 16:05:45.899,0.92999,0.93006,2.63,1.50
2013.02.14 16:05:47.600,0.92996,0.93004,3.75,1.13
2013.02.14 16:05:47.719,0.92997,0.93002,1.73,1.50
2013.02.14 16:05:47.780,0.92996,0.93003,1.50,2.25
2013.02.14 16:05:47.840,0.92996,0.93002,2.25,2.25
2013.02.14 16:05:47.959,0.92994,0.93001,1.73,3.90
2013.02.14 16:05:48.020,0.92994,0.93,1.73,2.25
2013.02.14 16:05:48.139,0.92996,0.93,1.50,1.50
2013.02.14 16:05:48.500,0.92997,0.93004,2.48,1.65
2013.02.14 16:05:48.681,0.92997,0.93004,1.73,1.50
2013.02.14 16:05:49.229,0.92998,0.93005,1.73,2.25
2013.02.14 16:05:49.788,0.92999,0.93006,1.73,2.25
2013.02.14 16:05:50.739,0.92997,0.93002,3.00,1.50
2013.02.14 16:05:51.230,0.92997,0.93004,1.50,1.50
2013.02.14 16:05:51.290,0.92998,0.93005,1.73,3.00
2013.02.14 16:05:51.709,0.93,0.93008,3.60,3.75
2013.02.14 16:05:53.229,0.93002,0.9301,1.73,3.75
2013.02.14 16:05:53.350,0.93004,0.9301,1.73,1.50
2013.02.14 16:05:53.651,0.93,0.93008,5.48,2.40
2013.02.14 16:05:53.709,0.93001,0.93007,1.50,2.40
2013.02.14 16:05:54.248,0.92999,0.93006,2.48,1.50
2013.02.14 16:05:54.669,0.92998,0.93004,2.25,1.65
2013.02.14 16:05:54.789,0.92997,0.93002,1.50,1.50
2013.02.14 16:05:55.106,0.92996,0.93002,1.73,1.50
2013.02.14 16:05:55.540,0.92996,0.93002,1.73,1.50
2013.02.14 16:05:56.219,0.92996,0.93003,1.73,1.50
2013.02.14 16:05:56.458,0.92998,0.93004,2.25,1.50
2013.02.14 16:05:57.058,0.92999,0.93006,1.50,2.25
2013.02.14 16:05:57.119,0.92999,0.93007,2.25,2.85
2013.02.14 16:05:59.049,0.92999,0.93006,1.50,1.50
2013.02.14 16:05:59.423,0.92998,0.93006,4.73,1.50
2013.02.14 16:06:01.589,0.92999,0.93006,1.50,1.50
2013.02.14 16:06:02.119,0.92999,0.93006,1.50,1.28
2013.02.14 16:06:02.799,0.92998,0.93006,3.23,1.28
2013.02.14 16:06:03.533,0.92999,0.93006,2.25,1.28
2013.02.14 16:06:04.076,0.92997,0.93004,2.25,1.28
2013.02.14 16:06:04.578,0.92998,0.93004,2.25,1.28
2013.02.14 16:06:08.060,0.92998,0.93004,1.50,1.50
2013.02.14 16:06:10.920,0.92998,0.93004,1.50,1.50
2013.02.14 16:06:11.280,0.92994,0.93001,2.63,1.50
2013.02.14 16:06:11.340,0.92997,0.93003,1.50,2.85
2013.02.14 16:06:11.462,0.92997,0.93004,2.25,2.25
2013.02.14 16:06:11.590,0.92997,0.93005,3.00,1.50
2013.02.14 16:06:12.130,0.92998,0.93006,1.88,1.65
2013.02.14 16:06:14.469,0.92998,0.93007,3.94,1.50
2013.02.14 16:06:14.969,0.93006,0.9301,1.50,4.50
2013.02.14 16:06:15.063,0.93021,0.9303,3.75,2.70
2013.02.14 16:06:15.129,0.93022,0.9303,1.50,2.40
2013.02.14 16:06:15.669,0.93022,0.9303,2.25,1.65
2013.02.14 16:06:16.330,0.93025,0.9303,5.44,1.65
2013.02.14 16:06:16.691,0.9303,0.93036,2.25,1.05
2013.02.14 16:06:17.729,0.9303,0.93037,1.50,1.20
2013.02.14 16:06:17.849,0.93029,0.93038,3.75,2.25
2013.02.14 16:06:17.970,0.93029,0.93036,1.50,2.25
2013.02.14 16:06:18.090,0.93028,0.93035,3.00,1.13
2013.02.14 16:06:18.570,0.93026,0.93034,2.25,2.85
2013.02.14 16:06:18.749,0.93025,0.93032,1.50,1.88
2013.02.14 16:06:18.931,0.93024,0.93032,2.25,1.88
2013.02.14 16:06:19.469,0.93024,0.93032,2.25,3.38
2013.02.14 16:06:20.130,0.93024,0.93032,4.50,1.13
2013.02.14 16:06:20.489,0.93026,0.93033,2.25,1.88
2013.02.14 16:06:20.752,0.93027,0.93035,1.50,3.38
2013.02.14 16:06:21.000,0.93027,0.93033,1.50,1.50
2013.02.14 16:06:21.120,0.93025,0.93031,1.50,1.73
2013.02.14 16:06:22.339,0.93024,0.93031,1.50,2.85
2013.02.14 16:06:22.535,0.93022,0.93028,1.50,2.48
2013.02.14 16:06:22.662,0.93021,0.93027,1.13,1.50
2013.02.14 16:06:22.969,0.93024,0.9303,1.50,5.63
2013.02.14 16:06:23.029,0.93024,0.9303,1.50,3.60
2013.02.14 16:06:23.270,0.93023,0.93029,1.50,2.48
2013.02.14 16:06:23.632,0.93022,0.9303,2.25,2.48
2013.02.14 16:06:24.059,0.93023,0.93031,2.25,3.23
2013.02.14 16:06:25.617,0.93024,0.93031,2.25,1.13
2013.02.14 16:06:27.439,0.93023,0.9303,2.25,1.50
2013.02.14 16:06:27.799,0.93021,0.93027,3.00,2.25
2013.02.14 16:06:27.920,0.93021,0.93027,2.25,2.48
2013.02.14 16:06:28.559,0.9302,0.93027,3.75,2.25
2013.02.14 16:06:28.740,0.93022,0.93029,2.25,1.73
2013.02.14 16:06:28.862,0.93024,0.93031,3.00,1.58
2013.02.14 16:06:29.833,0.93023,0.9303,1.50,1.73
2013.02.14 16:06:30.229,0.93022,0.93028,1.50,1.50
2013.02.14 16:06:30.541,0.93019,0.93024,1.13,1.50
2013.02.14 16:06:30.600,0.93018,0.93024,1.50,1.73
2013.02.14 16:06:31.140,0.93016,0.93024,2.25,3.38
2013.02.14 16:06:31.680,0.93016,0.93024,2.25,2.48
2013.02.14 16:06:32.300,0.93016,0.93024,2.25,1.73
2013.02.14 16:06:32.502,0.93016,0.93024,3.00,2.48
2013.02.14 16:06:32.621,0.93019,0.93026,2.85,3.23
2013.02.14 16:06:32.980,0.93024,0.93032,1.65,1.50
2013.02.14 16:06:33.159,0.93025,0.93033,3.75,1.50
2013.02.14 16:06:33.280,0.93027,0.93033,1.50,1.50
2013.02.14 16:06:33.522,0.93022,0.93031,7.50,1.65
2013.02.14 16:06:33.830,0.93018,0.93027,1.50,3.75
2013.02.14 16:06:34.128,0.93018,0.93024,1.50,2.63
2013.02.14 16:06:34.308,0.93014,0.93023,4.50,1.73
2013.02.14 16:06:35.089,0.93014,0.93023,2.25,2.10
2013.02.14 16:06:38.446,0.93016,0.93023,2.25,1.73
2013.02.14 16:06:38.990,0.93017,0.93024,2.25,3.90
2013.02.14 16:06:39.848,0.93019,0.93024,1.50,3.90
2013.02.14 16:06:40.390,0.93017,0.93024,1.50,4.50
2013.02.14 16:06:41.129,0.93015,0.93024,3.00,4.50
2013.02.14 16:06:41.670,0.93017,0.93023,1.50,1.73
2013.02.14 16:06:42.210,0.93017,0.93024,2.40,1.50
2013.02.14 16:06:42.269,0.93019,0.93025,1.50,1.50
2013.02.14 16:06:42.829,0.93018,0.93025,1.50,2.48
2013.02.14 16:06:43.379,0.93018,0.93025,1.50,1.50
2013.02.14 16:06:43.559,0.93019,0.93026,1.65,1.73
2013.02.14 16:06:43.682,0.93022,0.93029,3.00,2.48
2013.02.14 16:06:44.049,0.93025,0.93032,1.50,1.73
2013.02.14 16:06:44.109,0.93026,0.93033,1.50,2.25
2013.02.14 16:06:44.469,0.93025,0.93034,4.65,3.23
2013.02.14 16:06:45.041,0.93028,0.93034,1.50,1.50
2013.02.14 16:06:46.583,0.93028,0.93035,1.50,1.50
2013.02.14 16:06:46.710,0.9303,0.93037,1.50,3.00
2013.02.14 16:06:46.830,0.93031,0.93038,1.50,1.88
2013.02.14 16:06:47.190,0.93029,0.93036,1.50,1.73
2013.02.14 16:06:47.370,0.93029,0.93037,1.50,3.60
2013.02.14 16:06:47.550,0.93029,0.93035,1.50,1.50
2013.02.14 16:06:47.850,0.93029,0.93036,1.50,2.48
2013.02.14 16:06:48.389,0.93029,0.93036,2.25,1.73
2013.02.14 16:06:48.448,0.93028,0.93035,3.00,1.50
2013.02.14 16:06:48.569,0.93028,0.93035,2.25,1.65
2013.02.14 16:06:49.109,0.93026,0.93033,2.25,2.48
2013.02.14 16:06:49.650,0.93026,0.93033,1.50,2.48
2013.02.14 16:06:50.529,0.93025,0.93031,1.50,1.50
2013.02.14 16:06:51.050,0.93024,0.93032,3.75,2.85
2013.02.14 16:06:51.109,0.93025,0.93032,1.65,2.25
2013.02.14 16:06:51.909,0.93027,0.93033,1.65,3.60
2013.02.14 16:06:51.971,0.93027,0.93033,1.88,2.10
2013.02.14 16:06:52.091,0.9303,0.93035,1.50,3.38
2013.02.14 16:06:52.632,0.93027,0.93035,6.15,1.73
2013.02.14 16:06:52.760,0.9303,0.93036,1.50,3.23
2013.02.14 16:06:53.419,0.9303,0.93037,1.50,1.50
2013.02.14 16:06:56.629,0.93031,0.93038,1.50,1.73
2013.02.14 16:06:56.882,0.93033,0.9304,1.50,2.48
2013.02.14 16:06:57.119,0.9303,0.93037,3.00,1.73
2013.02.14 16:06:57.181,0.93029,0.93035,4.27,1.50
2013.02.14 16:06:57.359,0.93028,0.93034,3.15,1.50
2013.02.14 16:06:57.543,0.93027,0.93034,1.50,2.48
2013.02.14 16:06:57.671,0.93026,0.93033,3.00,1.50
2013.02.14 16:06:58.191,0.93026,0.93033,2.25,1.50
2013.02.14 16:06:58.430,0.93026,0.93034,2.25,2.48
2013.02.14 16:06:59.801,0.93028,0.93034,1.65,1.73
2013.02.14 16:06:59.981,0.93028,0.93034,1.65,1.50
2013.02.14 16:07:00.519,0.93027,0.93035,2.25,1.73
2013.02.14 16:07:01.138,0.93027,0.93034,2.25,1.73
2013.02.14 16:07:01.683,0.93028,0.93034,1.50,1.73
2013.02.14 16:07:18.279,0.93028,0.93036,3.23,1.50
2013.02.14 16:07:18.344,0.9303,0.93037,2.40,3.75
2013.02.14 16:07:18.589,0.93031,0.9304,2.25,3.23
2013.02.14 16:07:20.209,0.9303,0.93038,3.00,1.50
2013.02.14 16:07:20.269,0.9303,0.93038,2.25,2.25
2013.02.14 16:07:20.586,0.93028,0.93035,2.25,3.23
2013.02.14 16:07:20.650,0.93026,0.93034,2.25,1.73
2013.02.14 16:07:25.111,0.93026,0.93033,2.25,1.73
2013.02.14 16:07:28.209,0.93027,0.93034,1.50,1.73
2013.02.14 16:07:28.331,0.93029,0.93036,2.85,1.50
2013.02.14 16:07:28.569,0.93032,0.93039,1.50,3.23
2013.02.14 16:07:30.788,0.93033,0.93041,2.40,2.48
2013.02.14 16:07:31.468,0.93033,0.93039,3.15,1.50
2013.02.14 16:07:36.048,0.93033,0.93041,2.40,2.48
2013.02.14 16:07:37.919,0.93035,0.93041,2.93,2.48
2013.02.14 16:07:38.220,0.9304,0.93047,3.90,3.00
2013.02.14 16:07:38.640,0.93041,0.93047,2.40,3.00
2013.02.14 16:07:39.178,0.93042,0.9305,1.50,3.23
2013.02.14 16:07:40.518,0.93042,0.93049,1.50,1.73
2013.02.14 16:07:41.059,0.93043,0.9305,1.50,3.23
2013.02.14 16:07:41.599,0.93043,0.9305,1.50,2.40
2013.02.14 16:07:42.959,0.93042,0.93048,1.50,1.73
2013.02.14 16:07:43.020,0.9304,0.93047,1.50,1.65
2013.02.14 16:07:43.080,0.93039,0.93046,5.25,2.63
2013.02.14 16:07:43.270,0.93037,0.93045,1.50,3.23
2013.02.14 16:07:43.809,0.93036,0.93043,2.40,1.73
2013.02.14 16:07:45.638,0.93036,0.93044,3.15,1.50
2013.02.14 16:07:48.322,0.93036,0.93044,3.00,2.25
2013.02.14 16:07:48.390,0.93035,0.93044,3.75,2.25
2013.02.14 16:07:48.867,0.93035,0.93042,2.25,1.13
2013.02.14 16:07:49.419,0.93035,0.93043,1.50,2.48
2013.02.14 16:07:50.040,0.93034,0.93043,1.50,3.98
2013.02.14 16:07:50.102,0.93033,0.93041,2.63,2.48
2013.02.14 16:07:50.650,0.93033,0.93041,2.25,3.23
2013.02.14 16:07:56.320,0.93032,0.93038,1.50,1.73
2013.02.14 16:07:56.620,0.93031,0.93037,1.50,2.48
2013.02.14 16:07:58.539,0.93029,0.93035,1.50,1.50
2013.02.14 16:08:04.892,0.9303,0.93038,1.50,2.25
2013.02.14 16:08:05.070,0.93029,0.93037,5.25,1.50
2013.02.14 16:08:05.609,0.93029,0.93037,3.98,3.00
2013.02.14 16:08:11.658,0.93029,0.93037,3.38,2.25
2013.02.14 16:08:15.561,0.93031,0.93039,2.25,1.50
2013.02.14 16:08:15.705,0.93034,0.9304,1.50,2.48
2013.02.14 16:08:16.439,0.93033,0.9304,2.25,2.48
2013.02.14 16:08:25.319,0.93033,0.93041,1.50,3.38
2013.02.14 16:08:25.838,0.93034,0.93041,1.50,1.73
2013.02.14 16:08:27.659,0.93033,0.9304,2.40,1.50
2013.02.14 16:08:29.869,0.93034,0.93041,1.50,2.48
2013.02.14 16:08:30.618,0.93034,0.9304,1.50,1.50
2013.02.14 16:08:36.728,0.93034,0.9304,1.50,1.50
2013.02.14 16:08:37.293,0.93034,0.93041,2.25,1.73
2013.02.14 16:08:43.929,0.93034,0.93042,1.88,3.00
2013.02.14 16:08:44.291,0.93038,0.93044,1.35,3.00
2013.02.14 16:08:44.360,0.93039,0.93046,1.13,2.25
2013.02.14 16:08:44.479,0.9304,0.93048,1.50,3.38
2013.02.14 16:08:44.540,0.93039,0.93047,3.38,1.50
2013.02.14 16:08:44.962,0.93041,0.93047,1.50,1.50
2013.02.14 16:08:45.508,0.93039,0.93047,2.25,2.25
2013.02.14 16:08:46.060,0.9304,0.93048,1.65,2.25
2013.02.14 16:08:46.180,0.93042,0.93049,1.50,1.13
2013.02.14 16:08:47.231,0.93043,0.93049,2.25,1.50
2013.02.14 16:08:47.740,0.93043,0.93051,1.50,3.15
2013.02.14 16:08:48.279,0.93043,0.9305,1.50,1.50
2013.02.14 16:08:51.570,0.93041,0.93048,3.53,1.35
2013.02.14 16:08:51.629,0.9304,0.93047,3.90,1.50
2013.02.14 16:08:51.749,0.93037,0.93043,2.48,2.25
2013.02.14 16:08:51.809,0.93036,0.93043,1.73,3.00
2013.02.14 16:08:51.930,0.93034,0.93041,3.00,2.25
2013.02.14 16:08:52.230,0.93033,0.93041,1.50,3.60
2013.02.14 16:08:52.769,0.93033,0.93039,1.50,1.50
2013.02.14 16:08:52.889,0.93033,0.9304,2.25,1.13
2013.02.14 16:08:53.070,0.93035,0.93042,1.88,2.25
2013.02.14 16:08:53.642,0.93036,0.93044,1.73,2.25
2013.02.14 16:08:54.189,0.93036,0.93044,2.48,3.00
2013.02.14 16:08:54.689,0.93036,0.93044,2.48,1.50
2013.02.14 16:08:54.810,0.93038,0.93045,1.73,2.25
2013.02.14 16:08:55.349,0.9304,0.93047,2.40,1.50
2013.02.14 16:08:55.847,0.9304,0.93048,3.75,3.00
2013.02.14 16:08:56.400,0.93041,0.93048,1.50,3.00
2013.02.14 16:08:57.280,0.93042,0.93048,1.50,2.25
2013.02.14 16:08:57.700,0.93041,0.93048,1.13,1.50
2013.02.14 16:09:00.293,0.9304,0.93048,1.50,1.35
2013.02.14 16:09:01.084,0.9304,0.93046,1.50,1.88
2013.02.14 16:09:01.239,0.93036,0.93043,1.50,2.25
2013.02.14 16:09:01.886,0.93035,0.93042,2.25,1.35
2013.02.14 16:09:02.429,0.93033,0.93041,3.00,2.40
2013.02.14 16:09:07.421,0.93033,0.93041,1.50,2.40
2013.02.14 16:09:07.610,0.93031,0.9304,3.38,7.13
2013.02.14 16:09:07.730,0.9303,0.93038,1.58,1.50
2013.02.14 16:09:07.860,0.9303,0.93037,1.20,1.50
2013.02.14 16:09:08.041,0.93031,0.93038,1.13,1.50
2013.02.14 16:09:08.100,0.93031,0.93038,1.73,2.25
2013.02.14 16:09:09.300,0.9303,0.93038,2.18,2.25
2013.02.14 16:09:09.480,0.93028,0.93034,1.88,1.50
2013.02.14 16:09:09.840,0.93024,0.93032,1.58,3.00
2013.02.14 16:09:09.899,0.93024,0.93032,2.33,3.00
2013.02.14 16:09:10.142,0.93024,0.93031,1.35,2.25
2013.02.14 16:09:10.932,0.93023,0.93031,3.15,3.00
2013.02.14 16:09:16.230,0.93023,0.93032,2.63,6.60
2013.02.14 16:09:16.590,0.93028,0.93035,1.73,1.50
2013.02.14 16:09:16.770,0.93032,0.93038,1.65,3.75
2013.02.14 16:09:16.892,0.93033,0.9304,3.08,1.13
2013.02.14 16:09:16.961,0.93034,0.93041,1.88,2.25
2013.02.14 16:09:17.020,0.93035,0.93042,1.13,3.00
2013.02.14 16:09:17.088,0.93034,0.93042,2.85,6.60
2013.02.14 16:09:17.393,0.93033,0.93039,2.25,1.69
2013.02.14 16:09:17.640,0.93029,0.93036,1.50,1.50
2013.02.14 16:09:18.301,0.93029,0.93035,2.40,1.50
2013.02.14 16:09:18.540,0.93032,0.93037,1.13,1.50
2013.02.14 16:09:18.660,0.93032,0.9304,1.13,6.38
2013.02.14 16:09:18.781,0.93032,0.93038,1.88,1.50
2013.02.14 16:09:19.680,0.93031,0.9304,4.13,3.75
2013.02.14 16:09:19.981,0.93029,0.93036,3.90,1.50
2013.02.14 16:09:20.350,0.93029,0.93034,1.65,1.50
2013.02.14 16:09:21.336,0.93028,0.93035,1.88,1.50
2013.02.14 16:09:21.839,0.93027,0.93034,1.73,1.50
2013.02.14 16:09:22.371,0.93028,0.93034,1.13,1.50
2013.02.14 16:09:22.972,0.93027,0.93033,1.65,1.50
2013.02.14 16:09:23.479,0.93025,0.93032,1.88,1.50
2013.02.14 16:09:24.480,0.93025,0.93032,1.88,3.75
2013.02.14 16:09:24.789,0.93024,0.93032,2.25,3.75
2013.02.14 16:09:25.300,0.93024,0.93031,1.50,1.50
2013.02.14 16:09:26.020,0.93024,0.93031,2.25,1.50
2013.02.14 16:09:28.800,0.93025,0.93032,1.50,2.25
2013.02.14 16:09:28.862,0.93026,0.93033,1.65,2.25
2013.02.14 16:09:28.932,0.93029,0.93037,1.13,4.35
2013.02.14 16:09:29.061,0.93031,0.93038,4.73,2.63
2013.02.14 16:09:29.300,0.9303,0.93037,3.75,2.25
2013.02.14 16:09:29.360,0.9303,0.93037,2.25,2.25
2013.02.14 16:09:29.899,0.93029,0.93036,1.50,2.48
2013.02.14 16:09:29.959,0.93028,0.93036,1.65,2.48
2013.02.14 16:09:30.201,0.93029,0.93036,1.50,1.73
2013.02.14 16:09:30.446,0.93032,0.9304,3.00,1.65
2013.02.14 16:09:30.633,0.93035,0.93041,1.50,2.10
2013.02.14 16:09:31.245,0.93035,0.93042,2.25,2.25
2013.02.14 16:09:32.812,0.93035,0.93041,1.50,1.50
2013.02.14 16:09:35.100,0.93034,0.9304,1.50,1.50
2013.02.14 16:09:38.450,0.93035,0.93042,1.88,3.23
2013.02.14 16:09:38.569,0.93035,0.93042,1.88,2.48
2013.02.14 16:09:38.889,0.93034,0.93042,2.25,2.85
2013.02.14 16:09:39.429,0.93036,0.93042,2.25,1.73
2013.02.14 16:09:43.769,0.93035,0.93042,1.50,2.48
2013.02.14 16:09:45.039,0.93035,0.93041,1.50,1.13
2013.02.14 16:09:45.520,0.93037,0.93043,1.50,1.95
2013.02.14 16:09:51.790,0.93038,0.93044,1.50,1.50
2013.02.14 16:09:51.971,0.93038,0.93045,1.50,1.88
2013.02.14 16:09:52.420,0.93039,0.93045,1.50,1.13
2013.02.14 16:09:52.781,0.93039,0.93046,5.25,1.65
2013.02.14 16:09:52.842,0.93039,0.93046,3.00,1.50
2013.02.14 16:09:53.389,0.93039,0.93046,2.25,1.35
2013.02.14 16:09:53.929,0.93041,0.93047,1.50,1.13
2013.02.14 16:09:55.299,0.93041,0.93049,2.25,1.35
2013.02.14 16:09:57.494,0.93041,0.93049,1.50,1.73
2013.02.14 16:09:58.372,0.93042,0.93049,1.50,1.73
2013.02.14 16:10:04.900,0.93043,0.93051,3.00,2.40
2013.02.14 16:10:05.081,0.93044,0.93051,2.25,1.73
2013.02.14 16:10:05.270,0.93046,0.93052,2.25,1.13
2013.02.14 16:10:05.391,0.93047,0.93055,1.50,1.73
2013.02.14 16:10:05.510,0.93049,0.93056,1.50,1.73
2013.02.14 16:10:05.870,0.93051,0.93057,1.50,1.73
2013.02.14 16:10:06.111,0.93051,0.93058,1.50,1.73
2013.02.14 16:10:06.413,0.93053,0.9306,1.50,1.50
2013.02.14 16:10:06.541,0.93052,0.9306,3.00,2.48
2013.02.14 16:10:07.422,0.93051,0.9306,4.13,2.48
2013.02.14 16:10:10.374,0.93054,0.93061,1.50,2.48
2013.02.14 16:10:10.682,0.93057,0.93063,1.50,3.60
2013.02.14 16:10:10.859,0.93058,0.93066,1.50,2.63
2013.02.14 16:10:11.293,0.93055,0.93061,1.65,1.50
2013.02.14 16:10:11.599,0.93053,0.93061,2.25,2.40
2013.02.14 16:10:11.840,0.93052,0.9306,1.50,1.73
2013.02.14 16:10:12.389,0.93052,0.9306,1.50,1.73
2013.02.14 16:10:14.689,0.93053,0.9306,1.50,1.50
2013.02.14 16:10:15.349,0.93052,0.93061,1.50,1.88
2013.02.14 16:10:17.331,0.93055,0.93061,2.10,1.88
2013.02.14 16:10:17.510,0.93056,0.93063,3.00,1.65
2013.02.14 16:10:17.750,0.93055,0.93062,3.75,1.73
2013.02.14 16:10:17.809,0.93055,0.93062,2.25,1.73
2013.02.14 16:10:18.368,0.93055,0.93062,2.25,2.48
2013.02.14 16:10:18.909,0.93054,0.93062,2.25,1.73
2013.02.14 16:10:18.970,0.93054,0.93062,1.50,1.73
2013.02.14 16:10:19.520,0.93055,0.93062,1.50,1.73
2013.02.14 16:10:20.036,0.93055,0.93063,2.85,3.98
2013.02.14 16:10:20.340,0.93058,0.93068,3.15,5.85
2013.02.14 16:10:20.819,0.93059,0.93068,3.75,3.98
2013.02.14 16:10:21.309,0.93059,0.93067,3.75,1.73
2013.02.14 16:10:21.849,0.93059,0.93066,3.75,1.73
2013.02.14 16:10:22.228,0.93061,0.93068,2.25,1.50
2013.02.14 16:10:23.419,0.93059,0.93065,4.50,3.00
2013.02.14 16:10:23.479,0.93059,0.93065,2.25,3.00
2013.02.14 16:10:23.539,0.93057,0.93065,1.20,3.23
2013.02.14 16:10:23.840,0.93059,0.93065,2.25,2.48
2013.02.14 16:10:24.260,0.9306,0.93066,1.50,1.65
2013.02.14 16:10:24.801,0.93058,0.93066,1.65,2.48
2013.02.14 16:10:25.339,0.93057,0.93063,1.50,1.50
2013.02.14 16:10:25.640,0.93056,0.93063,1.50,1.73
2013.02.14 16:10:26.189,0.93055,0.93063,2.25,1.73
2013.02.14 16:10:27.901,0.93055,0.93061,2.25,1.73
2013.02.14 16:10:28.260,0.93052,0.93058,2.25,1.20
2013.02.14 16:10:28.621,0.93046,0.93051,1.28,1.50
2013.02.14 16:10:28.980,0.93047,0.93053,1.28,3.60
2013.02.14 16:10:29.160,0.93044,0.93051,2.18,1.73
2013.02.14 16:10:29.700,0.93044,0.93052,1.65,3.00
2013.02.14 16:10:30.597,0.93045,0.93053,2.25,2.25
2013.02.14 16:10:32.202,0.93046,0.93053,1.50,2.25
2013.02.14 16:10:32.381,0.93048,0.93055,1.05,2.85
2013.02.14 16:10:33.359,0.93046,0.93054,1.65,3.08
2013.02.14 16:10:33.921,0.93048,0.93054,1.35,1.50
2013.02.14 16:10:34.224,0.93051,0.93058,1.73,3.00
2013.02.14 16:10:34.790,0.9305,0.93056,1.88,1.50
2013.02.14 16:10:34.850,0.9305,0.93056,1.50,1.50
2013.02.14 16:10:34.910,0.93048,0.93055,1.35,1.13
2013.02.14 16:10:35.310,0.93045,0.93052,1.13,1.50
2013.02.14 16:10:39.233,0.93045,0.93053,1.35,2.25
2013.02.14 16:10:39.359,0.93049,0.93055,1.88,1.73
2013.02.14 16:10:39.420,0.93049,0.93055,2.63,1.28
2013.02.14 16:10:39.539,0.9305,0.93058,2.63,3.75
2013.02.14 16:10:40.092,0.93051,0.93058,1.50,1.50
2013.02.14 16:10:41.430,0.9305,0.93058,3.75,2.25
2013.02.14 16:10:41.549,0.9305,0.93057,1.88,1.50
2013.02.14 16:10:41.912,0.93048,0.93055,1.13,2.25
2013.02.14 16:10:42.282,0.93045,0.93052,1.13,2.25
2013.02.14 16:10:42.532,0.93044,0.93052,2.63,3.00
2013.02.14 16:10:43.054,0.93043,0.9305,2.25,1.50
2013.02.14 16:10:43.870,0.93043,0.9305,1.13,1.73
2013.02.14 16:10:44.811,0.93043,0.9305,1.88,1.50
2013.02.14 16:10:46.299,0.93046,0.93052,1.13,3.75
2013.02.14 16:10:46.421,0.93046,0.93052,1.13,2.48
2013.02.14 16:10:46.540,0.93048,0.93056,1.13,1.50
2013.02.14 16:10:46.720,0.93052,0.93058,1.20,3.38
2013.02.14 16:10:47.284,0.93053,0.9306,1.13,4.73
2013.02.14 16:10:48.930,0.93053,0.93059,1.13,1.73
2013.02.14 16:10:51.710,0.93051,0.93059,2.70,3.23
2013.02.14 16:10:52.251,0.93051,0.93057,2.48,1.50
2013.02.14 16:10:52.890,0.93052,0.93059,1.20,2.48
2013.02.14 16:10:56.910,0.93053,0.9306,1.13,2.48
2013.02.14 16:11:04.983,0.93053,0.9306,1.73,3.00
2013.02.14 16:11:05.626,0.93052,0.9306,3.98,2.25
2013.02.14 16:11:06.519,0.93053,0.9306,2.48,2.25
2013.02.14 16:11:13.120,0.93054,0.9306,1.73,1.50
2013.02.14 16:11:13.479,0.93057,0.93063,1.50,2.48
2013.02.14 16:11:13.540,0.93058,0.93065,1.13,3.23
2013.02.14 16:11:13.779,0.93059,0.93066,1.65,2.25
2013.02.14 16:11:14.320,0.93059,0.93067,3.15,1.73
2013.02.14 16:11:14.559,0.93061,0.93068,1.50,3.23
2013.02.14 16:11:15.130,0.93062,0.93069,1.73,1.88
2013.02.14 16:11:15.801,0.93062,0.93069,1.73,1.65
2013.02.14 16:11:18.720,0.93062,0.93071,3.23,3.00
2013.02.14 16:11:18.781,0.93064,0.93072,3.23,3.00
2013.02.14 16:11:19.326,0.93064,0.93072,3.23,1.50
2013.02.14 16:11:19.868,0.93064,0.93072,1.73,2.25
2013.02.14 16:11:20.410,0.93064,0.93071,1.50,2.25
2013.02.14 16:11:20.590,0.93063,0.9307,1.73,1.50
2013.02.14 16:11:21.309,0.93061,0.93069,3.98,3.23
2013.02.14 16:11:26.710,0.93061,0.93068,1.50,1.73
2013.02.14 16:11:26.890,0.9306,0.93066,2.25,1.73
2013.02.14 16:11:28.042,0.9306,0.93068,1.73,3.00
2013.02.14 16:11:28.940,0.9306,0.93068,1.73,3.00
2013.02.14 16:11:29.700,0.9306,0.93068,2.48,2.25
2013.02.14 16:11:31.097,0.93062,0.93069,1.73,1.50
2013.02.14 16:11:35.851,0.93062,0.93068,1.13,1.50
2013.02.14 16:11:36.960,0.93062,0.93068,1.13,2.25
2013.02.14 16:11:37.081,0.93061,0.93068,2.48,1.50
2013.02.14 16:11:37.264,0.93061,0.9307,3.98,3.15
2013.02.14 16:11:40.839,0.93061,0.9307,2.48,1.65
2013.02.14 16:11:41.320,0.93064,0.93072,2.48,1.50
2013.02.14 16:11:41.439,0.93065,0.93073,3.23,1.50
2013.02.14 16:11:41.559,0.93065,0.93072,1.73,1.50
2013.02.14 16:11:41.859,0.93064,0.93072,2.48,2.25
2013.02.14 16:11:42.589,0.93065,0.93073,1.73,2.40
2013.02.14 16:11:42.649,0.93066,0.93073,1.73,2.40
2013.02.14 16:11:43.010,0.93064,0.93073,3.98,2.40
2013.02.14 16:11:43.549,0.93065,0.93071,1.73,1.50
2013.02.14 16:11:44.094,0.93063,0.93071,2.10,3.00
2013.02.14 16:11:45.528,0.93064,0.93072,3.23,1.65
2013.02.14 16:11:46.030,0.93066,0.93073,1.73,3.00
2013.02.14 16:11:46.750,0.93067,0.93073,1.65,1.50
2013.02.14 16:11:46.871,0.93068,0.93076,1.73,1.50
2013.02.14 16:11:52.579,0.93067,0.93075,1.65,1.50
2013.02.14 16:11:52.700,0.93065,0.93072,2.48,1.50
2013.02.14 16:11:52.941,0.93065,0.93073,1.73,3.98
2013.02.14 16:11:53.120,0.93067,0.93074,1.88,1.13
2013.02.14 16:11:53.383,0.93066,0.93073,1.88,1.13
2013.02.14 16:11:53.570,0.93066,0.93074,2.48,1.13
2013.02.14 16:11:54.411,0.93067,0.93075,2.10,3.00
2013.02.14 16:11:54.540,0.93071,0.93079,1.13,3.23
2013.02.14 16:11:54.660,0.93074,0.9308,1.50,3.00
2013.02.14 16:11:54.721,0.93077,0.93083,1.50,2.18
2013.02.14 16:11:55.033,0.93074,0.93081,1.50,1.50
2013.02.14 16:11:55.101,0.93074,0.93081,1.50,2.40
2013.02.14 16:11:55.221,0.93071,0.93079,3.98,1.43
2013.02.14 16:11:56.530,0.9307,0.93078,3.23,1.43
2013.02.14 16:11:57.840,0.9307,0.93077,2.25,1.58
2013.02.14 16:11:58.399,0.93069,0.93076,1.50,2.18
2013.02.14 16:11:59.312,0.93067,0.93074,1.50,2.33
2013.02.14 16:11:59.441,0.93065,0.93071,1.73,1.43
2013.02.14 16:11:59.620,0.93067,0.93075,1.13,3.19
2013.02.14 16:11:59.680,0.93069,0.93075,1.73,3.75
2013.02.14 16:11:59.799,0.93071,0.93077,1.73,1.50
2013.02.14 16:11:59.920,0.9307,0.93078,1.73,3.53
2013.02.14 16:11:59.979,0.9307,0.93076,1.73,1.50
2013.02.14 16:12:00.281,0.93067,0.93075,3.00,2.25
2013.02.14 16:12:01.122,0.93068,0.93075,1.50,2.48
2013.02.14 16:12:02.190,0.93068,0.93076,1.88,3.23
2013.02.14 16:12:02.310,0.93069,0.93077,1.73,3.23
2013.02.14 16:12:04.540,0.93068,0.93075,1.88,1.50
2013.02.14 16:12:04.840,0.93068,0.93076,2.63,2.48
2013.02.14 16:12:05.390,0.93069,0.93076,1.73,3.23
2013.02.14 16:12:05.569,0.93068,0.93075,1.13,1.50
2013.02.14 16:12:05.870,0.93063,0.93069,3.23,1.73
2013.02.14 16:12:05.930,0.93063,0.93069,1.73,2.48
2013.02.14 16:12:06.480,0.93061,0.93069,2.48,3.23
2013.02.14 16:12:07.921,0.93061,0.93067,1.50,1.73
2013.02.14 16:12:08.901,0.93059,0.93067,3.15,3.23
2013.02.14 16:12:10.579,0.93058,0.93064,3.00,1.50
2013.02.14 16:12:10.701,0.93058,0.93062,1.50,1.50
2013.02.14 16:12:10.760,0.93057,0.93062,1.35,2.25
2013.02.14 16:12:10.941,0.93052,0.9306,2.48,1.73
2013.02.14 16:12:11.010,0.9305,0.93057,1.50,1.50
2013.02.14 16:12:13.630,0.93048,0.93056,3.15,3.00
2013.02.14 16:12:13.811,0.9305,0.93056,1.50,2.48
2013.02.14 16:12:14.231,0.9305,0.93058,1.13,2.48
2013.02.14 16:12:14.795,0.93049,0.93056,3.38,2.25
2013.02.14 16:12:15.770,0.93049,0.93056,2.40,3.00
2013.02.14 16:12:15.890,0.93049,0.93057,3.38,1.73
2013.02.14 16:12:15.950,0.9305,0.93058,1.65,2.48
2013.02.14 16:12:17.525,0.9305,0.93057,1.65,1.73
2013.02.14 16:12:18.629,0.93049,0.93054,2.63,1.50
2013.02.14 16:12:18.930,0.93044,0.93049,5.48,1.50
2013.02.14 16:12:19.294,0.93042,0.93048,1.50,1.73
2013.02.14 16:12:19.420,0.93041,0.93048,1.50,1.73
2013.02.14 16:12:19.959,0.93041,0.93046,1.50,1.13
2013.02.14 16:12:27.420,0.9304,0.93044,1.13,2.25
2013.02.14 16:12:27.781,0.93033,0.9304,3.00,1.50
2013.02.14 16:12:27.900,0.93031,0.93038,2.25,1.73
2013.02.14 16:12:28.440,0.93031,0.93038,2.25,1.73
2013.02.14 16:12:30.530,0.93031,0.9304,3.83,3.38
2013.02.14 16:12:31.049,0.93033,0.93039,2.25,1.73
2013.02.14 16:12:31.589,0.93033,0.93041,3.00,1.73
2013.02.14 16:12:34.360,0.93032,0.93039,2.63,1.73
2013.02.14 16:12:45.409,0.93032,0.93038,1.50,1.13
2013.02.14 16:12:45.710,0.93029,0.93035,1.50,2.25
2013.02.14 16:12:45.950,0.93025,0.93032,1.50,1.88
2013.02.14 16:12:46.129,0.93024,0.9303,1.50,1.73
2013.02.14 16:12:46.589,0.93025,0.93032,2.70,1.50
2013.02.14 16:12:46.771,0.93027,0.93033,1.50,1.65
2013.02.14 16:12:46.831,0.93025,0.93034,3.00,6.38
2013.02.14 16:12:46.889,0.93025,0.93033,2.25,2.48
2013.02.14 16:12:47.190,0.93026,0.93033,3.15,2.25
2013.02.14 16:12:48.169,0.93027,0.93035,1.65,3.23
2013.02.14 16:12:48.560,0.93029,0.93036,2.25,3.00
2013.02.14 16:12:48.801,0.93031,0.93038,1.65,1.50
2013.02.14 16:12:49.041,0.9303,0.93038,3.75,1.73
2013.02.14 16:12:49.349,0.93027,0.93035,2.25,1.88
2013.02.14 16:12:49.710,0.93024,0.93032,1.50,2.48
2013.02.14 16:12:50.010,0.93024,0.93032,1.50,3.38
2013.02.14 16:12:53.730,0.93024,0.93032,2.25,1.88
2013.02.14 16:12:57.159,0.93024,0.93031,1.50,1.88
2013.02.14 16:13:00.106,0.93025,0.93031,2.25,1.73
2013.02.14 16:13:01.010,0.93025,0.93033,3.75,1.73
2013.02.14 16:13:01.070,0.93025,0.93035,4.50,2.85
2013.02.14 16:13:01.440,0.93027,0.93035,1.50,2.10
2013.02.14 16:13:01.500,0.9303,0.93036,1.50,3.75
2013.02.14 16:13:01.801,0.93031,0.93039,1.50,4.73
2013.02.14 16:13:02.339,0.93032,0.9304,2.25,1.73
2013.02.14 16:13:04.947,0.93032,0.9304,3.15,1.50
2013.02.14 16:13:05.086,0.93034,0.93042,1.50,3.23
2013.02.14 16:13:05.154,0.93032,0.93041,3.00,1.73
2013.02.14 16:13:05.700,0.93032,0.9304,2.25,2.25
2013.02.14 16:13:09.170,0.93031,0.93039,2.63,1.73
2013.02.14 16:13:10.310,0.93029,0.93036,4.50,1.73
2013.02.14 16:13:10.371,0.93029,0.93036,3.60,1.73
2013.02.14 16:13:10.731,0.9303,0.93037,1.50,2.48
2013.02.14 16:13:11.520,0.93029,0.93037,5.63,1.73
2013.02.14 16:13:11.760,0.93026,0.93034,6.23,1.88
2013.02.14 16:13:11.822,0.93023,0.93031,3.00,3.23
2013.02.14 16:13:12.577,0.93023,0.93031,3.00,2.48
2013.02.14 16:13:12.713,0.93023,0.9303,3.00,1.73
2013.02.14 16:13:12.960,0.93023,0.93032,3.00,1.73
2013.02.14 16:13:13.640,0.93023,0.93032,4.50,1.73
2013.02.14 16:13:13.760,0.93023,0.93032,3.00,2.48
2013.02.14 16:13:13.881,0.93023,0.93029,1.50,1.50
2013.02.14 16:13:14.192,0.93015,0.93022,2.25,1.73
2013.02.14 16:13:14.500,0.9302,0.93027,2.40,1.35
2013.02.14 16:13:14.561,0.9302,0.93029,3.90,1.73
2013.02.14 16:13:14.680,0.9302,0.9303,3.15,2.63
2013.02.14 16:13:14.800,0.93022,0.9303,3.00,2.63
2013.02.14 16:13:15.659,0.93022,0.9303,3.00,1.88
2013.02.14 16:13:16.619,0.93023,0.9303,1.50,1.73
2013.02.14 16:13:16.758,0.93024,0.93031,1.50,2.48
2013.02.14 16:13:17.790,0.93023,0.9303,1.50,3.08
2013.02.14 16:13:18.030,0.93021,0.93028,1.58,2.63
2013.02.14 16:13:18.091,0.9302,0.93026,3.00,1.73
2013.02.14 16:13:18.330,0.93021,0.93028,1.50,7.65
2013.02.14 16:13:18.571,0.9302,0.93027,2.25,3.23
2013.02.14 16:13:19.121,0.93019,0.93027,1.50,2.48
2013.02.14 16:13:19.661,0.93016,0.93023,2.85,1.50
2013.02.14 16:13:19.780,0.93016,0.93022,3.75,1.50
2013.02.14 16:13:20.320,0.93018,0.93025,2.25,2.78
2013.02.14 16:13:20.863,0.93017,0.93024,1.50,1.50
2013.02.14 16:13:21.470,0.93017,0.93025,3.00,1.73
2013.02.14 16:13:21.530,0.93021,0.93026,1.50,2.25
2013.02.14 16:13:21.590,0.93023,0.93027,1.50,2.25
2013.02.14 16:13:21.950,0.93024,0.93029,1.50,1.73
2013.02.14 16:13:22.253,0.93025,0.93033,2.48,2.25
2013.02.14 16:13:22.320,0.93026,0.93033,1.73,2.03
2013.02.14 16:13:22.561,0.93028,0.93035,1.65,1.73
2013.02.14 16:13:22.629,0.93029,0.93037,3.00,3.98
2013.02.14 16:13:22.810,0.93028,0.93035,1.65,1.73
2013.02.14 16:13:23.367,0.93024,0.93031,1.50,1.50
2013.02.14 16:13:25.820,0.93023,0.93029,1.50,1.73
2013.02.14 16:13:25.882,0.93021,0.93027,1.50,1.73
2013.02.14 16:13:26.242,0.93015,0.93023,1.50,1.88
2013.02.14 16:13:26.969,0.93014,0.93022,3.00,1.73
2013.02.14 16:13:27.510,0.93014,0.93022,2.25,1.73
2013.02.14 16:13:31.200,0.93014,0.93021,2.25,2.03
2013.02.14 16:13:31.384,0.93011,0.9302,3.75,1.88
2013.02.14 16:13:31.454,0.93011,0.93018,2.25,1.73
2013.02.14 16:13:31.521,0.93008,0.93014,4.73,2.25
2013.02.14 16:13:31.700,0.93008,0.93014,1.73,2.25
2013.02.14 16:13:32.239,0.93007,0.93015,2.40,1.73
2013.02.14 16:13:32.741,0.93006,0.93014,2.25,2.48
2013.02.14 16:13:32.982,0.93006,0.93014,3.00,2.48
2013.02.14 16:13:34.076,0.93009,0.93015,2.94,2.63
2013.02.14 16:13:34.394,0.93016,0.93023,1.13,2.48
2013.02.14 16:13:34.770,0.9302,0.93026,2.10,3.90
2013.02.14 16:13:34.840,0.93021,0.93026,2.25,3.00
2013.02.14 16:13:34.960,0.93021,0.93027,2.85,1.73
2013.02.14 16:13:35.020,0.93023,0.9303,1.50,1.50
2013.02.14 16:13:35.080,0.93023,0.9303,1.65,1.73
2013.02.14 16:13:35.141,0.93024,0.93031,2.25,1.35
2013.02.14 16:13:35.561,0.93027,0.93033,1.65,1.73
2013.02.14 16:13:35.741,0.93026,0.93034,2.25,2.63
2013.02.14 16:13:35.983,0.93026,0.93033,4.13,1.73
2013.02.14 16:13:36.231,0.93025,0.9303,1.73,1.50
2013.02.14 16:13:36.532,0.93025,0.9303,1.50,2.25
2013.02.14 16:13:36.841,0.93029,0.93035,3.00,1.73
2013.02.14 16:13:36.900,0.9303,0.93038,2.25,1.73
2013.02.14 16:13:37.020,0.9303,0.93037,1.50,1.73
2013.02.14 16:13:37.080,0.9303,0.93036,1.50,1.50
2013.02.14 16:13:37.152,0.93028,0.93035,2.63,2.25
2013.02.14 16:13:37.461,0.93025,0.93033,3.75,1.73
2013.02.14 16:13:37.821,0.93026,0.93033,1.88,1.73
2013.02.14 16:13:37.940,0.93027,0.93033,2.40,1.50
2013.02.14 16:13:38.300,0.93027,0.93035,3.15,1.73
2013.02.14 16:13:38.419,0.93027,0.93033,2.40,1.50
2013.02.14 16:13:42.260,0.93025,0.93031,1.35,1.73
2013.02.14 16:13:42.502,0.93028,0.93035,1.65,2.48
2013.02.14 16:13:43.290,0.93029,0.93036,2.10,3.98
2013.02.14 16:13:43.774,0.93032,0.93038,1.50,1.35
2013.02.14 16:13:46.140,0.9303,0.93037,1.50,1.88
2013.02.14 16:13:46.260,0.9303,0.93037,1.50,2.63
2013.02.14 16:13:46.381,0.93029,0.93036,2.25,1.50
2013.02.14 16:13:46.441,0.93029,0.93036,2.25,2.10
2013.02.14 16:13:46.741,0.93027,0.93033,2.25,1.73
2013.02.14 16:13:47.040,0.93027,0.93034,3.00,1.13
2013.02.14 16:13:47.700,0.93027,0.93034,1.50,1.13
2013.02.14 16:13:48.480,0.93026,0.93033,1.73,2.10
2013.02.14 16:13:48.600,0.93025,0.93033,2.25,2.48
2013.02.14 16:13:48.841,0.93027,0.93033,2.25,5.85
2013.02.14 16:13:48.901,0.93028,0.93033,1.50,2.48
2013.02.14 16:13:49.020,0.9303,0.93036,1.50,2.78
2013.02.14 16:13:49.141,0.93029,0.93036,1.50,3.75
2013.02.14 16:13:49.200,0.93029,0.93036,2.25,1.65
2013.02.14 16:13:49.323,0.93028,0.93036,3.00,1.13
2013.02.14 16:13:49.689,0.93023,0.93031,5.25,4.35
2013.02.14 16:13:49.930,0.93019,0.93023,1.50,1.13
2013.02.14 16:13:50.230,0.9302,0.93027,1.88,2.25
2013.02.14 16:13:50.350,0.93022,0.93027,1.50,1.73
2013.02.14 16:13:50.411,0.93023,0.93029,1.50,3.60
2013.02.14 16:13:50.772,0.93025,0.93032,1.50,3.90
2013.02.14 16:13:50.899,0.93024,0.93032,3.00,4.65
2013.02.14 16:13:51.199,0.93025,0.93032,1.50,3.15
2013.02.14 16:13:51.501,0.93028,0.93032,1.50,1.50
2013.02.14 16:13:53.122,0.93027,0.93033,1.50,1.88
2013.02.14 16:13:55.408,0.93023,0.93029,6.23,2.10
2013.02.14 16:13:55.600,0.93016,0.93023,2.25,1.88
2013.02.14 16:13:56.600,0.93015,0.93024,3.00,2.48
2013.02.14 16:13:58.806,0.93016,0.93024,1.50,2.40
2013.02.14 16:13:59.117,0.93025,0.93032,2.48,1.50
2013.02.14 16:13:59.625,0.93029,0.93035,1.50,1.28
2013.02.14 16:14:00.181,0.93027,0.93034,3.75,1.13
2013.02.14 16:14:00.480,0.93029,0.93034,1.50,1.13
2013.02.14 16:14:01.020,0.93029,0.93034,1.50,1.13
2013.02.14 16:14:01.320,0.93027,0.93034,1.50,2.63
2013.02.14 16:14:01.510,0.93026,0.93034,2.25,2.03
2013.02.14 16:14:01.750,0.93027,0.93034,1.50,1.28
2013.02.14 16:14:01.871,0.93027,0.93034,2.25,1.43
2013.02.14 16:14:01.993,0.93027,0.93034,2.25,1.13
2013.02.14 16:14:02.061,0.93027,0.93034,1.50,1.13
2013.02.14 16:14:02.240,0.93027,0.93036,3.00,3.38
2013.02.14 16:14:02.780,0.93028,0.93035,2.25,1.13
2013.02.14 16:14:03.443,0.93028,0.93036,2.25,2.85
2013.02.14 16:14:06.089,0.93028,0.93035,2.25,1.13
2013.02.14 16:14:07.869,0.93027,0.93034,1.50,1.35
2013.02.14 16:14:07.991,0.93027,0.93034,2.85,1.73
2013.02.14 16:14:08.110,0.93028,0.93035,1.73,2.63
2013.02.14 16:14:08.230,0.93026,0.93033,3.98,2.10
2013.02.14 16:14:08.349,0.93026,0.93033,2.25,2.63
2013.02.14 16:14:08.962,0.93027,0.93033,1.50,1.73
2013.02.14 16:14:09.468,0.93027,0.93034,2.25,1.13
2013.02.14 16:14:09.830,0.93031,0.93036,1.50,1.65
2013.02.14 16:14:10.010,0.93032,0.93038,1.50,1.20
2013.02.14 16:14:12.960,0.93032,0.93038,1.50,2.10
2013.02.14 16:14:13.200,0.93029,0.93035,3.00,1.65
2013.02.14 16:14:13.260,0.93028,0.93035,2.25,1.88
2013.02.14 16:14:17.539,0.93027,0.93035,3.00,2.10
2013.02.14 16:14:17.781,0.93025,0.93033,3.75,1.73
2013.02.14 16:14:17.840,0.93025,0.93033,3.60,1.73
2013.02.14 16:14:18.380,0.93028,0.93035,1.50,1.13
2013.02.14 16:14:18.564,0.93028,0.93036,3.98,1.65
2013.02.14 16:14:24.067,0.9303,0.93037,1.50,2.10
2013.02.14 16:14:29.740,0.93029,0.93037,1.50,2.10
2013.02.14 16:14:30.821,0.93029,0.93037,2.25,2.85
2013.02.14 16:14:30.940,0.93029,0.93037,3.75,2.10
2013.02.14 16:14:31.300,0.93032,0.93038,1.50,2.48
2013.02.14 16:14:31.481,0.93033,0.9304,1.50,3.60
2013.02.14 16:14:32.081,0.93032,0.9304,2.25,3.60
2013.02.14 16:14:36.521,0.93032,0.9304,4.50,1.35
2013.02.14 16:14:37.549,0.93033,0.9304,1.50,1.35
2013.02.14 16:14:40.260,0.93033,0.93041,2.25,1.35
2013.02.14 16:14:40.799,0.93033,0.93041,3.00,1.35
2013.02.14 16:14:42.662,0.93032,0.9304,2.63,1.35
2013.02.14 16:14:43.139,0.93031,0.93039,3.38,2.10
2013.02.14 16:14:43.819,0.93029,0.93037,2.85,4.35
2013.02.14 16:14:48.771,0.93029,0.93037,1.35,3.98
2013.02.14 16:14:49.590,0.93028,0.93035,3.00,2.48
2013.02.14 16:14:52.051,0.93027,0.93035,3.15,1.73
2013.02.14 16:14:53.510,0.93027,0.93034,2.40,1.73
2013.02.14 16:14:54.169,0.93027,0.93034,2.40,1.73
2013.02.14 16:15:01.270,0.93027,0.93035,3.15,1.73
2013.02.14 16:15:03.395,0.93027,0.93035,2.40,1.73
2013.02.14 16:15:05.133,0.93027,0.93035,2.40,1.73
2013.02.14 16:15:08.655,0.93026,0.93033,1.73,1.73
2013.02.14 16:15:08.960,0.93024,0.9303,4.88,1.73
2013.02.14 16:15:09.080,0.93025,0.93033,2.48,1.88
2013.02.14 16:15:09.200,0.93027,0.93034,1.50,1.73
2013.02.14 16:15:11.653,0.93026,0.93034,3.38,1.73
2013.02.14 16:15:13.420,0.93026,0.93034,3.38,1.73
2013.02.14 16:15:17.350,0.93026,0.93032,2.48,1.50
2013.02.14 16:15:17.410,0.93026,0.93032,2.25,1.73
2013.02.14 16:15:17.891,0.93026,0.93033,1.13,1.50
2013.02.14 16:15:18.130,0.93026,0.93034,2.63,1.73
2013.02.14 16:15:18.742,0.93027,0.93035,1.50,3.23
2013.02.14 16:15:19.283,0.93028,0.93034,1.65,1.73
2013.02.14 16:15:19.800,0.93027,0.93034,2.40,1.73
2013.02.14 16:15:20.993,0.93027,0.93033,1.50,1.50
2013.02.14 16:15:21.359,0.93026,0.93034,3.15,2.48
2013.02.14 16:15:21.950,0.93027,0.93033,1.50,1.65
2013.02.14 16:15:22.190,0.93027,0.93034,1.65,1.73
2013.02.14 16:15:31.860,0.93028,0.93036,2.25,1.50
2013.02.14 16:15:31.981,0.93031,0.93037,1.50,1.73
2013.02.14 16:15:32.279,0.9303,0.93038,1.50,3.23
2013.02.14 16:15:32.404,0.93028,0.93037,2.25,2.48
2013.02.14 16:15:32.650,0.93027,0.93034,1.65,1.73
2013.02.14 16:15:33.282,0.93028,0.93036,2.25,1.73
2013.02.14 16:15:36.643,0.93029,0.93037,2.25,1.50
2013.02.14 16:15:36.771,0.93031,0.93039,2.25,3.23
2013.02.14 16:15:36.831,0.93031,0.93039,2.25,3.23
2013.02.14 16:15:44.560,0.93031,0.9304,3.53,1.73
2013.02.14 16:15:44.681,0.93032,0.93041,3.15,2.48
2013.02.14 16:15:54.304,0.93034,0.93041,2.25,1.73
2013.02.14 16:15:54.372,0.93035,0.93042,1.50,3.00
2013.02.14 16:15:59.099,0.93037,0.93044,1.50,2.25
2013.02.14 16:15:59.280,0.93038,0.93044,1.50,2.48
2013.02.14 16:15:59.400,0.93038,0.93046,3.75,1.73
2013.02.14 16:16:00.144,0.9304,0.93048,3.00,1.73
2013.02.14 16:16:00.631,0.93041,0.93048,1.50,1.73
2013.02.14 16:16:04.711,0.93041,0.93048,1.50,2.48
2013.02.14 16:16:08.583,0.93041,0.93048,2.25,2.48
2013.02.14 16:16:10.581,0.93042,0.9305,1.65,2.25
2013.02.14 16:16:10.940,0.93047,0.93051,2.25,1.50
2013.02.14 16:16:11.060,0.9305,0.93055,1.50,1.50
2013.02.14 16:16:11.241,0.93047,0.93053,2.25,1.50
2013.02.14 16:16:11.784,0.93048,0.93055,1.50,1.73
2013.02.14 16:16:12.549,0.93049,0.93057,2.25,5.48
2013.02.14 16:16:12.950,0.93048,0.93056,1.50,1.73
2013.02.14 16:16:19.750,0.93046,0.93054,3.30,1.73
2013.02.14 16:16:19.810,0.93044,0.93052,2.25,1.73
2013.02.14 16:16:20.170,0.93042,0.9305,3.15,1.50
2013.02.14 16:16:20.470,0.93044,0.9305,2.25,1.73
2013.02.14 16:16:24.460,0.93044,0.93052,2.25,2.25
2013.02.14 16:16:26.770,0.93044,0.9305,2.25,1.73
2013.02.14 16:16:28.410,0.93044,0.93052,2.25,2.25
2013.02.14 16:16:29.770,0.93045,0.93051,1.50,1.73
2013.02.14 16:16:32.021,0.93042,0.9305,2.25,2.48
2013.02.14 16:16:32.140,0.93042,0.93049,3.00,1.50
2013.02.14 16:16:33.699,0.93042,0.9305,3.00,1.50
2013.02.14 16:16:34.010,0.93044,0.93052,4.13,2.48
2013.02.14 16:16:34.530,0.93044,0.93052,4.13,2.48
2013.02.14 16:16:35.094,0.93044,0.93052,3.38,2.48
2013.02.14 16:16:35.931,0.93045,0.93052,1.65,1.73
2013.02.14 16:16:36.420,0.93043,0.93048,1.50,1.50
2013.02.14 16:16:36.660,0.93039,0.93047,2.25,3.60
2013.02.14 16:16:36.720,0.93037,0.93045,1.50,1.73
2013.02.14 16:16:37.089,0.93037,0.93043,1.50,2.48
2013.02.14 16:16:38.690,0.93035,0.93042,2.40,1.73
2013.02.14 16:16:38.751,0.93035,0.93041,2.25,2.48
2013.02.14 16:16:38.812,0.93033,0.93041,3.53,2.48
2013.02.14 16:16:38.990,0.93033,0.9304,2.25,1.73
2013.02.14 16:16:39.050,0.93033,0.9304,2.25,1.73
2013.02.14 16:16:39.170,0.93036,0.93049,1.73,2.25
2013.02.14 16:16:39.231,0.93042,0.93049,1.17,2.25
2013.02.14 16:16:39.350,0.93044,0.93049,2.48,1.50
2013.02.14 16:16:39.410,0.93042,0.93051,1.50,2.40
2013.02.14 16:16:39.531,0.9304,0.93047,1.50,1.88
2013.02.14 16:16:40.063,0.93038,0.93045,3.00,1.88
2013.02.14 16:16:41.470,0.9304,0.93046,1.50,3.60
2013.02.14 16:16:42.043,0.9304,0.93046,1.50,2.25
2013.02.14 16:16:42.470,0.9304,0.93046,2.25,1.73
2013.02.14 16:16:42.530,0.9304,0.93048,3.75,1.50
2013.02.14 16:16:42.829,0.93041,0.93047,1.50,1.50
2013.02.14 16:16:43.369,0.93041,0.93047,1.50,1.50
2013.02.14 16:16:44.370,0.93041,0.9305,2.25,11.37
2013.02.14 16:16:44.680,0.93041,0.93048,1.73,1.73
2013.02.14 16:16:44.800,0.93038,0.93048,3.00,2.18
2013.02.14 16:16:45.599,0.9304,0.93046,1.50,1.50
2013.02.14 16:16:59.730,0.93035,0.93041,3.00,1.97
2013.02.14 16:17:00.040,0.93033,0.9304,1.50,4.82
2013.02.14 16:17:00.161,0.93034,0.9304,1.50,2.95
2013.02.14 16:17:03.941,0.93036,0.93042,1.50,1.73
2013.02.14 16:17:11.790,0.93036,0.93042,2.25,1.50
2013.02.14 16:17:14.710,0.93036,0.93044,2.25,2.48
2013.02.14 16:17:15.224,0.93036,0.93044,2.25,2.48
2013.02.14 16:17:18.500,0.93035,0.93042,1.50,1.73
2013.02.14 16:17:18.620,0.93034,0.9304,1.50,2.20
2013.02.14 16:17:18.923,0.9303,0.93036,1.50,1.50
2013.02.14 16:17:19.049,0.9303,0.93036,2.25,1.50
2013.02.14 16:17:21.996,0.93029,0.93036,1.50,1.73
2013.02.14 16:17:22.600,0.93031,0.93037,2.48,1.50
2013.02.14 16:17:22.661,0.93034,0.93038,1.50,1.50
2013.02.14 16:17:22.782,0.93034,0.93042,3.90,1.13
2013.02.14 16:17:22.910,0.93035,0.93042,2.40,1.35
2013.02.14 16:17:22.972,0.93035,0.93042,2.25,1.88
2013.02.14 16:17:23.410,0.93032,0.93041,4.50,2.63
2013.02.14 16:17:23.950,0.93033,0.93039,1.50,2.25
2013.02.14 16:17:25.190,0.93031,0.93039,1.50,2.48
2013.02.14 16:17:25.728,0.9303,0.93038,2.25,3.23
2013.02.14 16:17:26.649,0.9303,0.93038,2.25,2.48
2013.02.14 16:17:28.335,0.93032,0.93039,1.50,1.73
2013.02.14 16:17:28.821,0.93032,0.9304,2.25,2.48
2013.02.14 16:17:33.157,0.93031,0.93038,1.50,2.48
2013.02.14 16:17:33.575,0.9303,0.93036,1.50,1.50
2013.02.14 16:17:34.489,0.9303,0.93038,2.25,1.73
2013.02.14 16:17:35.229,0.9303,0.93037,2.25,1.73
2013.02.14 16:17:37.510,0.9303,0.93036,1.50,1.50
2013.02.14 16:17:41.479,0.9303,0.93037,1.65,2.48
2013.02.14 16:17:42.210,0.9303,0.93036,1.65,1.50
2013.02.14 16:17:42.760,0.93029,0.93036,3.00,1.50
2013.02.14 16:17:42.942,0.93029,0.93035,1.50,2.48
2013.02.14 16:17:43.249,0.93027,0.93034,1.50,2.48
2013.02.14 16:17:43.315,0.93027,0.93034,1.65,2.48
2013.02.14 16:17:43.840,0.93027,0.93034,1.65,1.73
2013.02.14 16:17:44.990,0.93026,0.93033,3.23,1.73
2013.02.14 16:17:45.410,0.93026,0.93034,2.10,2.48
2013.02.14 16:17:45.889,0.93029,0.93036,2.25,2.25
2013.02.14 16:17:46.410,0.93028,0.93036,3.15,3.23
2013.02.14 16:17:48.570,0.93028,0.93035,1.65,1.73
2013.02.14 16:17:48.693,0.93023,0.9303,6.38,2.25
2013.02.14 16:17:49.116,0.9302,0.93026,1.88,2.25
2013.02.14 16:17:49.188,0.93019,0.93026,2.25,2.25
2013.02.14 16:17:50.110,0.9302,0.93026,1.50,2.25
2013.02.14 16:17:50.910,0.9302,0.93029,3.23,3.75
2013.02.14 16:17:55.176,0.93021,0.93029,1.35,3.75
2013.02.14 16:18:05.379,0.93022,0.93028,1.95,1.50
2013.02.14 16:18:05.925,0.93022,0.93028,2.10,1.50
2013.02.14 16:18:08.150,0.93022,0.93028,1.20,2.25
2013.02.14 16:18:12.582,0.93023,0.93029,1.13,2.25
2013.02.14 16:18:12.641,0.93023,0.93031,2.63,3.00
2013.02.14 16:18:12.821,0.93025,0.93032,1.73,3.75
2013.02.14 16:18:13.524,0.93027,0.93034,1.73,1.50
2013.02.14 16:18:13.599,0.93027,0.93035,2.48,3.00
2013.02.14 16:18:15.572,0.93027,0.93035,2.48,2.25
2013.02.14 16:18:16.571,0.93027,0.93034,1.73,2.10
2013.02.14 16:18:16.990,0.93027,0.93035,2.48,4.50
2013.02.14 16:18:17.411,0.93027,0.93034,1.73,2.48
2013.02.14 16:18:17.959,0.93026,0.93034,1.73,5.63
2013.02.14 16:18:18.672,0.93026,0.93034,1.73,4.88
2013.02.14 16:18:19.602,0.93026,0.93034,2.48,2.63
2013.02.14 16:18:19.843,0.93027,0.93035,1.73,2.40
2013.02.14 16:18:20.411,0.93027,0.93034,2.48,1.50
2013.02.14 16:18:20.653,0.93027,0.93033,1.50,1.50
2013.02.14 16:18:20.901,0.93027,0.93035,1.73,2.63
2013.02.14 16:18:21.441,0.93026,0.93033,2.25,1.50
2013.02.14 16:18:21.681,0.93022,0.93029,4.73,1.50
2013.02.14 16:18:22.238,0.93021,0.93028,1.88,2.25
2013.02.14 16:18:23.541,0.93021,0.93029,2.85,3.00
2013.02.14 16:18:25.992,0.93021,0.93031,3.23,5.25
2013.02.14 16:18:26.231,0.93026,0.93032,1.50,1.50
2013.02.14 16:18:26.353,0.93025,0.93034,2.48,6.23
2013.02.14 16:18:26.481,0.93025,0.93031,1.73,3.00
2013.02.14 16:18:26.602,0.93025,0.9303,1.50,2.40
2013.02.14 16:18:27.080,0.93021,0.93027,2.48,2.25
2013.02.14 16:18:27.261,0.93022,0.93027,1.50,2.25
2013.02.14 16:18:28.419,0.9302,0.93027,1.73,2.25
2013.02.14 16:18:28.601,0.9302,0.93027,2.48,1.50
2013.02.14 16:18:29.120,0.93021,0.93028,1.73,1.50
2013.02.14 16:18:29.671,0.9302,0.93028,3.98,1.50
2013.02.14 16:18:30.212,0.93021,0.93028,1.73,1.50
2013.02.14 16:18:31.289,0.9302,0.93028,3.23,1.50
2013.02.14 16:18:31.831,0.9302,0.93028,2.48,3.00
2013.02.14 16:18:38.175,0.9302,0.93028,3.23,1.50
2013.02.14 16:18:38.480,0.9302,0.93027,3.00,1.50
2013.02.14 16:18:40.782,0.93019,0.93028,3.98,3.38
2013.02.14 16:18:41.322,0.93019,0.93026,2.48,1.50
2013.02.14 16:18:41.820,0.93016,0.93023,1.50,1.50
2013.02.14 16:18:42.001,0.93014,0.93021,1.50,2.25
2013.02.14 16:18:42.182,0.93015,0.93023,2.48,2.25
2013.02.14 16:18:42.242,0.93015,0.93022,1.88,1.50
2013.02.14 16:18:42.651,0.93016,0.93024,1.73,2.25
2013.02.14 16:18:42.716,0.93016,0.93025,1.73,2.25
2013.02.14 16:18:44.509,0.93017,0.93024,1.50,1.13
2013.02.14 16:18:45.763,0.93017,0.93025,1.73,2.40
2013.02.14 16:18:45.822,0.93017,0.93025,1.73,1.65
2013.02.14 16:18:46.180,0.93019,0.93025,2.25,1.50
2013.02.14 16:18:46.721,0.93018,0.93025,3.00,1.65
2013.02.14 16:18:46.901,0.93019,0.93028,1.73,1.73
2013.02.14 16:18:47.440,0.93018,0.93025,3.00,1.65
2013.02.14 16:18:47.560,0.93017,0.93023,1.50,1.13
2013.02.14 16:18:47.801,0.93016,0.93022,1.73,1.88
2013.02.14 16:18:48.470,0.93014,0.93021,1.50,1.13
2013.02.14 16:18:48.712,0.93011,0.93018,1.50,1.65
2013.02.14 16:18:49.920,0.9301,0.93017,3.00,2.25
2013.02.14 16:18:50.591,0.9301,0.93018,4.35,1.50
2013.02.14 16:18:50.891,0.93009,0.93015,1.50,1.73
2013.02.14 16:18:50.951,0.9301,0.93015,2.63,2.10
2013.02.14 16:18:51.189,0.9301,0.93017,1.35,3.75
2013.02.14 16:18:51.310,0.9301,0.93016,3.45,2.25
2013.02.14 16:18:54.150,0.93012,0.93021,1.35,4.50
2013.02.14 16:18:54.270,0.93016,0.93021,1.13,1.50
2013.02.14 16:18:54.330,0.93015,0.93021,1.73,1.50
2013.02.14 16:18:54.631,0.93013,0.9302,3.23,3.00
2013.02.14 16:18:54.754,0.93013,0.9302,1.73,3.00
2013.02.14 16:18:55.062,0.9301,0.93017,2.48,1.50
2013.02.14 16:18:59.820,0.93009,0.93017,2.10,3.00
2013.02.14 16:19:02.290,0.93011,0.93017,1.35,2.25
2013.02.14 16:19:06.220,0.9301,0.93018,2.85,2.63
2013.02.14 16:19:07.271,0.9301,0.93018,2.85,3.00
2013.02.14 16:19:08.610,0.93009,0.93016,3.00,1.50
2013.02.14 16:19:10.780,0.93012,0.93019,1.35,3.75
2013.02.14 16:19:10.901,0.93011,0.93018,1.88,1.50
2013.02.14 16:19:10.961,0.93012,0.93021,1.20,3.75
2013.02.14 16:19:11.282,0.93017,0.93025,1.95,2.25
2013.02.14 16:19:11.820,0.93018,0.93026,1.73,2.25
2013.02.14 16:19:12.060,0.93018,0.93026,1.73,2.63
2013.02.14 16:19:12.272,0.93018,0.93026,1.73,2.63
2013.02.14 16:19:14.954,0.93018,0.93026,1.73,3.53
2013.02.14 16:19:15.920,0.93017,0.93025,2.25,1.50
2013.02.14 16:19:18.121,0.93017,0.93026,2.48,3.90
2013.02.14 16:19:19.160,0.93019,0.93025,2.85,1.50
2013.02.14 16:19:19.672,0.93021,0.93027,1.35,2.25
2013.02.14 16:19:19.914,0.93021,0.93028,1.35,2.25
2013.02.14 16:19:22.191,0.9302,0.93028,2.48,1.50
2013.02.14 16:19:22.251,0.9302,0.93031,3.23,4.43
2013.02.14 16:19:22.431,0.93025,0.93031,1.73,2.25
2013.02.14 16:19:22.490,0.93025,0.93034,1.73,1.65
2013.02.14 16:19:22.730,0.93027,0.93035,1.88,2.40
2013.02.14 16:19:24.660,0.93027,0.93034,1.65,1.50
2013.02.14 16:19:26.750,0.93027,0.93035,1.88,1.65
2013.02.14 16:19:27.570,0.93029,0.93036,1.73,1.13
2013.02.14 16:19:28.110,0.93028,0.93035,2.25,1.65
2013.02.14 16:19:29.762,0.93027,0.93035,2.63,1.65
2013.02.14 16:19:30.185,0.9303,0.93036,1.13,1.50
2013.02.14 16:19:30.431,0.93031,0.93039,4.88,2.63
2013.02.14 16:19:30.612,0.93034,0.9304,1.73,1.13
2013.02.14 16:19:30.671,0.93033,0.9304,1.50,1.88
2013.02.14 16:19:30.850,0.93031,0.93038,2.48,3.75
2013.02.14 16:19:31.030,0.93032,0.93039,1.50,1.50
2013.02.14 16:19:31.091,0.93033,0.9304,2.48,1.50
2013.02.14 16:19:31.151,0.93034,0.9304,1.13,1.50
2013.02.14 16:19:31.455,0.93036,0.93043,3.23,1.50
2013.02.14 16:19:32.970,0.93037,0.93043,1.73,1.50
2013.02.14 16:19:38.950,0.93035,0.93044,3.98,3.38
2013.02.14 16:19:40.110,0.93035,0.93042,2.25,1.50
2013.02.14 16:19:40.410,0.93034,0.93041,1.13,2.18
2013.02.14 16:19:40.470,0.93034,0.93041,2.40,2.25
2013.02.14 16:19:41.010,0.93035,0.93043,3.38,3.15
2013.02.14 16:19:41.250,0.93038,0.93045,1.50,3.38
2013.02.14 16:19:41.790,0.93037,0.93045,1.88,2.40
2013.02.14 16:19:42.330,0.93037,0.93044,4.13,1.50
2013.02.14 16:19:44.491,0.93038,0.93045,2.10,1.50
2013.02.14 16:19:44.850,0.93044,0.9305,1.73,1.65
2013.02.14 16:19:45.410,0.93044,0.93051,1.73,2.63
2013.02.14 16:19:46.370,0.93044,0.93051,1.73,1.88
2013.02.14 16:19:47.829,0.93043,0.9305,1.73,1.65
2013.02.14 16:19:48.540,0.93042,0.93049,2.48,1.73
2013.02.14 16:19:48.600,0.93042,0.93048,1.73,1.50
2013.02.14 16:19:49.022,0.93042,0.93048,1.50,1.50
2013.02.14 16:19:49.470,0.93042,0.93048,3.90,1.50
2013.02.14 16:19:50.071,0.93044,0.93051,1.73,1.50
2013.02.14 16:19:50.130,0.93045,0.93052,1.88,2.25
2013.02.14 16:19:52.293,0.93045,0.93052,3.38,1.50
2013.02.14 16:19:55.267,0.93045,0.93052,3.38,2.25
2013.02.14 16:19:55.845,0.93045,0.93051,2.63,2.25
2013.02.14 16:19:56.291,0.93044,0.93049,1.50,1.88
2013.02.14 16:19:56.649,0.93041,0.93048,1.73,3.00
2013.02.14 16:19:56.710,0.93043,0.93048,1.50,2.25
2013.02.14 16:19:56.770,0.93042,0.9305,3.23,2.25
2013.02.14 16:19:56.831,0.93044,0.9305,1.35,1.50
2013.02.14 16:19:57.369,0.93043,0.93051,2.48,3.38
2013.02.14 16:19:58.240,0.93043,0.93051,1.50,6.38
2013.02.14 16:19:58.750,0.93043,0.93051,2.48,4.13
2013.02.14 16:20:03.619,0.93043,0.93051,1.73,2.63
2013.02.14 16:20:07.270,0.93042,0.93051,2.40,3.38
2013.02.14 16:20:09.669,0.93044,0.93052,1.55,3.00
2013.02.14 16:20:10.090,0.93048,0.93054,1.50,1.35
2013.02.14 16:20:10.210,0.9305,0.93058,2.10,2.25
2013.02.14 16:20:10.270,0.93052,0.93058,1.73,1.58
2013.02.14 16:20:10.809,0.93052,0.9306,3.23,2.25
2013.02.14 16:20:12.201,0.93053,0.93061,2.48,4.65
2013.02.14 16:20:13.799,0.93052,0.9306,1.50,2.25
2013.02.14 16:20:14.120,0.93052,0.93061,3.23,3.90
2013.02.14 16:20:14.541,0.93052,0.93057,1.50,1.50
2013.02.14 16:20:14.600,0.93051,0.93057,2.48,1.50
2013.02.14 16:20:14.660,0.93049,0.93054,3.00,1.50
2013.02.14 16:20:16.666,0.93047,0.93054,3.38,2.48
2013.02.14 16:20:16.911,0.93047,0.93052,1.13,2.25
2013.02.14 16:20:17.152,0.93045,0.93052,1.50,1.50
2013.02.14 16:20:17.270,0.93044,0.93051,1.73,3.38
2013.02.14 16:20:17.760,0.93042,0.93049,4.50,1.50
2013.02.14 16:20:17.821,0.93042,0.93048,2.25,1.50
2013.02.14 16:20:18.000,0.9304,0.93046,1.73,1.50
2013.02.14 16:20:18.060,0.9304,0.93046,1.73,1.50
2013.02.14 16:20:18.184,0.9304,0.93047,3.15,3.00
2013.02.14 16:20:18.310,0.93042,0.9305,2.48,1.50
2013.02.14 16:20:18.863,0.93044,0.9305,1.73,1.50
2013.02.14 16:20:21.171,0.93042,0.9305,1.73,3.00
2013.02.14 16:20:23.920,0.9304,0.93048,2.40,2.25
2013.02.14 16:20:26.070,0.93041,0.93048,1.13,2.25
2013.02.14 16:20:27.310,0.9304,0.93048,3.15,2.25
2013.02.14 16:20:27.970,0.93041,0.93049,2.48,1.50
2013.02.14 16:20:28.030,0.9304,0.93048,3.00,1.50
2013.02.14 16:20:28.271,0.93041,0.93048,1.73,1.50
2013.02.14 16:20:28.510,0.9304,0.93048,1.73,1.50
2013.02.14 16:20:29.060,0.93039,0.93046,1.73,1.50
2013.02.14 16:20:29.304,0.93039,0.93045,1.50,1.50
2013.02.14 16:20:34.382,0.93036,0.93044,2.48,1.50
2013.02.14 16:20:34.900,0.93036,0.93044,3.23,1.50
2013.02.14 16:20:35.340,0.93036,0.93044,2.48,3.00
2013.02.14 16:20:36.000,0.93036,0.93044,1.73,3.75
2013.02.14 16:20:36.540,0.93036,0.93044,1.73,3.75
2013.02.14 16:20:37.761,0.93035,0.93044,3.23,4.35
2013.02.14 16:20:38.881,0.93036,0.93044,1.88,1.50
2013.02.14 16:20:39.000,0.93036,0.93044,2.25,1.50
2013.02.14 16:20:41.394,0.93037,0.93046,1.73,2.40
2013.02.14 16:20:41.520,0.93037,0.93046,1.73,3.90
2013.02.14 16:20:42.344,0.93036,0.93044,2.85,1.88
2013.02.14 16:20:42.530,0.93036,0.93043,1.73,1.65
2013.02.14 16:20:47.130,0.93036,0.93044,1.73,2.63
2013.02.14 16:20:47.490,0.93037,0.93046,2.48,3.00
2013.02.14 16:20:47.850,0.93041,0.93047,2.25,2.25
2013.02.14 16:20:47.971,0.93042,0.93049,1.73,1.13
2013.02.14 16:20:48.467,0.93044,0.93053,1.88,4.13
2013.02.14 16:20:48.531,0.93044,0.93053,2.63,2.85
2013.02.14 16:20:49.789,0.93045,0.93052,1.50,2.48
2013.02.14 16:20:50.350,0.93044,0.93052,2.63,3.98
2013.02.14 16:20:50.903,0.93044,0.93051,2.40,1.73
2013.02.14 16:20:51.450,0.93043,0.93051,3.60,1.73
2013.02.14 16:20:52.119,0.93043,0.93049,2.25,1.73
2013.02.14 16:20:52.725,0.93037,0.93045,2.25,4.35
2013.02.14 16:20:52.799,0.93035,0.93042,3.00,1.73
2013.02.14 16:20:55.860,0.93037,0.93044,2.25,3.00
2013.02.14 16:20:55.980,0.93037,0.93045,2.25,2.85
2013.02.14 16:20:56.100,0.93037,0.93044,2.25,1.73
2013.02.14 16:20:56.639,0.93037,0.93043,1.50,1.73
2013.02.14 16:20:57.160,0.93035,0.93041,2.25,1.73
2013.02.14 16:21:05.730,0.93035,0.93041,3.23,1.50
2013.02.14 16:21:05.790,0.93037,0.93044,1.50,3.23
2013.02.14 16:21:05.853,0.93037,0.93044,3.00,1.73
2013.02.14 16:21:06.450,0.93039,0.93046,2.63,3.23
2013.02.14 16:21:06.630,0.93041,0.93047,1.50,2.48
2013.02.14 16:21:06.690,0.93041,0.93047,1.50,1.50
2013.02.14 16:21:06.931,0.9304,0.93047,1.65,2.48
2013.02.14 16:21:08.191,0.93039,0.93047,4.13,2.48
2013.02.14 16:21:11.281,0.93039,0.93045,3.23,1.50
2013.02.14 16:21:11.461,0.93037,0.93045,4.50,1.73
2013.02.14 16:21:12.299,0.93037,0.93045,2.25,1.73
2013.02.14 16:21:15.846,0.9304,0.93046,1.50,3.00
2013.02.14 16:21:16.150,0.93041,0.93048,1.50,1.73
2013.02.14 16:21:16.330,0.9304,0.93048,1.50,1.73
2013.02.14 16:21:16.451,0.93038,0.93046,2.63,2.48
2013.02.14 16:21:20.421,0.93037,0.93044,1.50,1.73
2013.02.14 16:21:20.781,0.93035,0.93041,1.50,1.73
2013.02.14 16:21:21.811,0.93035,0.93043,1.50,4.73
2013.02.14 16:21:21.941,0.93034,0.93041,1.65,1.73
2013.02.14 16:21:29.652,0.93033,0.93041,3.38,1.66
2013.02.14 16:21:29.770,0.93031,0.93037,1.65,1.73
2013.02.14 16:21:29.891,0.93027,0.93036,6.38,3.38
2013.02.14 16:21:30.011,0.93027,0.93033,2.63,1.73
2013.02.14 16:21:30.549,0.93027,0.93033,1.50,1.73
2013.02.14 16:21:32.290,0.93027,0.93033,2.40,1.50
2013.02.14 16:21:32.410,0.93027,0.93035,2.40,1.73
2013.02.14 16:21:53.271,0.93028,0.93036,1.65,2.48
2013.02.14 16:21:55.125,0.93029,0.93036,1.50,1.73
2013.02.14 16:21:58.830,0.9303,0.93037,1.50,1.13
2013.02.14 16:21:58.892,0.93032,0.93038,2.40,2.63
2013.02.14 16:21:58.951,0.93033,0.93039,2.40,1.50
2013.02.14 16:21:59.132,0.93035,0.93042,2.25,2.48
2013.02.14 16:21:59.192,0.93034,0.93042,2.40,2.48
2013.02.14 16:22:04.340,0.93035,0.93043,1.50,2.48
2013.02.14 16:22:04.400,0.93035,0.93043,1.50,1.50
2013.02.14 16:22:05.551,0.93034,0.93043,2.25,2.25
2013.02.14 16:22:05.610,0.93034,0.93043,2.25,3.23
2013.02.14 16:22:06.628,0.93035,0.93043,1.50,3.23
2013.02.14 16:22:06.995,0.93041,0.93048,2.25,1.73
2013.02.14 16:22:07.344,0.93041,0.93049,3.00,2.48
2013.02.14 16:22:07.891,0.9304,0.93046,2.25,1.73
2013.02.14 16:22:09.370,0.9304,0.93048,3.15,2.48
2013.02.14 16:22:09.502,0.93041,0.93048,1.65,1.73
2013.02.14 16:22:09.741,0.93042,0.9305,1.50,3.98
2013.02.14 16:22:10.040,0.9304,0.93046,2.25,1.73
2013.02.14 16:22:10.581,0.9304,0.93047,3.00,1.50
2013.02.14 16:22:10.893,0.93042,0.93049,1.50,3.00
2013.02.14 16:22:11.440,0.93043,0.9305,1.50,1.50
2013.02.14 16:22:13.731,0.93043,0.9305,1.73,1.73
2013.02.14 16:22:16.521,0.93043,0.9305,2.48,1.50
2013.02.14 16:22:17.410,0.93044,0.9305,1.73,1.50
2013.02.14 16:22:18.130,0.93042,0.9305,2.48,1.73
2013.02.14 16:22:18.451,0.93044,0.9305,1.73,1.50
2013.02.14 16:22:20.671,0.93044,0.9305,1.13,1.50
2013.02.14 16:22:20.792,0.93044,0.93052,2.63,3.75
2013.02.14 16:22:26.719,0.93044,0.93052,3.38,1.50
2013.02.14 16:22:29.302,0.93045,0.93053,2.48,2.25
2013.02.14 16:22:29.422,0.9305,0.93055,1.50,3.23
2013.02.14 16:22:29.661,0.93051,0.93056,1.73,1.50
2013.02.14 16:22:29.721,0.93051,0.93058,1.73,1.50
2013.02.14 16:22:29.902,0.93049,0.93057,1.73,3.15
2013.02.14 16:22:30.260,0.93048,0.93055,1.50,1.50
2013.02.14 16:22:30.801,0.93048,0.93055,1.73,2.25
2013.02.14 16:22:30.921,0.93051,0.93057,1.50,4.73
2013.02.14 16:22:30.981,0.93051,0.93059,2.48,4.08
2013.02.14 16:22:31.100,0.93052,0.9306,1.50,1.50
2013.02.14 16:22:31.400,0.93052,0.9306,3.23,1.50
2013.02.14 16:22:31.949,0.93054,0.93062,1.13,3.00
2013.02.14 16:22:33.301,0.93053,0.93061,1.13,3.00
2013.02.14 16:22:33.721,0.93052,0.93059,1.35,3.00
2013.02.14 16:22:33.960,0.93047,0.93053,1.73,1.50
2013.02.14 16:22:34.141,0.93045,0.93053,3.15,3.00
2013.02.14 16:22:34.381,0.93045,0.93053,2.48,3.00
2013.02.14 16:22:34.800,0.93043,0.9305,4.88,1.50
2013.02.14 16:22:35.613,0.93043,0.93051,4.13,1.50
2013.02.14 16:22:36.371,0.93043,0.93051,4.88,1.50
2013.02.14 16:22:37.036,0.93045,0.93051,1.35,1.50
2013.02.14 16:22:37.492,0.93047,0.93055,1.88,2.25
2013.02.14 16:22:37.561,0.93046,0.93052,2.63,1.50
2013.02.14 16:22:37.624,0.93046,0.93054,1.88,1.88
2013.02.14 16:22:37.760,0.93046,0.93052,1.13,1.50
2013.02.14 16:22:37.894,0.93045,0.93051,1.50,2.25
2013.02.14 16:22:39.732,0.93045,0.93051,1.73,1.50
2013.02.14 16:22:48.270,0.93045,0.93053,2.40,1.50
2013.02.14 16:22:48.452,0.9305,0.93057,2.40,3.38
2013.02.14 16:22:48.511,0.9305,0.93058,4.88,3.75
2013.02.14 16:22:48.571,0.93052,0.93059,2.48,1.50
2013.02.14 16:22:48.871,0.93051,0.93059,2.25,3.00
2013.02.14 16:22:50.301,0.9305,0.93058,1.65,3.75
2013.02.14 16:22:50.663,0.93045,0.93051,1.50,1.50
2013.02.14 16:22:51.031,0.93042,0.9305,1.73,2.25
2013.02.14 16:22:51.401,0.93044,0.9305,1.73,2.25
2013.02.14 16:22:51.639,0.93044,0.9305,1.73,2.25
2013.02.14 16:22:52.311,0.93046,0.93051,1.50,3.75
2013.02.14 16:22:52.550,0.93042,0.93051,5.70,3.00
2013.02.14 16:22:54.481,0.93043,0.93051,2.63,3.00
2013.02.14 16:22:57.401,0.93045,0.93051,1.73,3.75
2013.02.14 16:22:58.700,0.93044,0.93051,1.73,3.00
2013.02.14 16:22:59.422,0.93043,0.9305,2.48,1.50
2013.02.14 16:23:00.148,0.93044,0.93051,1.13,2.25
2013.02.14 16:23:00.271,0.93044,0.93052,1.88,4.50
2013.02.14 16:23:00.820,0.93044,0.93052,2.63,3.75
2013.02.14 16:23:01.891,0.93045,0.93053,1.13,1.50
2013.02.14 16:23:03.358,0.93044,0.93052,1.73,5.25
2013.02.14 16:23:04.743,0.93044,0.93052,3.23,2.25
2013.02.14 16:23:05.641,0.93044,0.93052,1.73,3.75
2013.02.14 16:23:05.701,0.93043,0.93051,3.38,2.25
2013.02.14 16:23:10.000,0.93046,0.93051,2.25,1.50
2013.02.14 16:23:10.311,0.93047,0.93053,1.50,2.25
2013.02.14 16:23:10.431,0.93047,0.93054,2.48,3.75
2013.02.14 16:23:10.730,0.93045,0.93052,2.63,1.50
2013.02.14 16:23:10.791,0.93045,0.93052,2.25,3.75
2013.02.14 16:23:15.151,0.93044,0.93051,1.88,1.50
2013.02.14 16:23:15.701,0.93045,0.93052,1.13,2.63
2013.02.14 16:23:15.761,0.93047,0.93053,1.50,3.75
2013.02.14 16:23:15.821,0.93047,0.93053,1.50,4.50
2013.02.14 16:23:16.250,0.93047,0.93053,2.48,2.25
2013.02.14 16:23:16.826,0.93047,0.93053,1.50,2.25
2013.02.14 16:23:17.971,0.93047,0.93053,2.48,2.25
2013.02.14 16:23:18.090,0.93047,0.93053,1.50,2.25
2013.02.14 16:23:20.982,0.93045,0.93053,1.88,3.75
2013.02.14 16:23:21.102,0.93044,0.93051,1.13,1.50
2013.02.14 16:23:23.244,0.93044,0.93052,2.63,3.00
2013.02.14 16:23:24.401,0.93046,0.93052,2.25,1.50
2013.02.14 16:23:24.643,0.93049,0.93057,3.98,2.25
2013.02.14 16:23:28.830,0.93052,0.93058,1.50,3.00
2013.02.14 16:23:28.890,0.93052,0.93059,2.63,2.25
2013.02.14 16:23:29.131,0.93053,0.93062,3.38,2.25
2013.02.14 16:23:29.662,0.93054,0.93061,1.73,1.50
2013.02.14 16:23:31.250,0.93055,0.93062,1.73,1.50
2013.02.14 16:23:33.850,0.93053,0.93061,3.15,1.50
2013.02.14 16:23:34.620,0.93054,0.93062,3.23,1.50
2013.02.14 16:23:35.622,0.93054,0.93061,3.00,1.13
2013.02.14 16:23:38.894,0.93053,0.9306,3.23,1.35
2013.02.14 16:23:39.410,0.93054,0.93062,1.73,3.98
2013.02.14 16:23:39.711,0.93057,0.93064,2.48,2.10
2013.02.14 16:23:39.892,0.93061,0.93067,1.50,3.00
2013.02.14 16:23:40.402,0.93061,0.93068,1.73,2.10
2013.02.14 16:23:42.881,0.93061,0.93067,1.50,2.10
2013.02.14 16:23:44.571,0.93059,0.93064,2.48,1.50
2013.02.14 16:23:44.931,0.93054,0.93061,3.00,1.50
2013.02.14 16:23:45.471,0.93053,0.93059,4.50,1.88
2013.02.14 16:23:45.590,0.93053,0.93061,2.25,3.23
2013.02.14 16:23:45.671,0.93053,0.93059,1.50,1.88
2013.02.14 16:23:46.150,0.93052,0.93058,1.50,2.63
2013.02.14 16:23:47.682,0.9305,0.93057,1.50,1.88
2013.02.14 16:23:47.822,0.93047,0.93054,2.48,1.65
2013.02.14 16:23:48.181,0.93043,0.9305,1.50,1.73
2013.02.14 16:23:48.609,0.93042,0.93048,2.25,1.13
2013.02.14 16:23:49.990,0.93041,0.93048,1.50,1.13
2013.02.14 16:23:50.240,0.93042,0.9305,2.25,2.10
2013.02.14 16:23:52.771,0.93046,0.93051,1.50,2.25
2013.02.14 16:23:52.964,0.93043,0.93052,5.25,1.73
2013.02.14 16:23:53.092,0.93044,0.93052,3.00,1.73
2013.02.14 16:23:54.661,0.93046,0.93052,1.50,1.73
2013.02.14 16:23:55.154,0.93044,0.93052,3.75,1.73
2013.02.14 16:23:55.841,0.93043,0.93051,2.25,1.73
2013.02.14 16:23:56.035,0.93042,0.93049,1.50,2.63
2013.02.14 16:23:56.221,0.93039,0.93045,3.75,1.50
2013.02.14 16:23:56.281,0.9304,0.93047,2.25,2.85
2013.02.14 16:23:57.371,0.93043,0.9305,1.50,3.00
2013.02.14 16:23:57.490,0.93044,0.9305,1.50,1.73
2013.02.14 16:24:04.290,0.93044,0.93051,1.50,1.88
2013.02.14 16:24:08.291,0.93045,0.93051,2.25,1.73
2013.02.14 16:24:08.851,0.93045,0.93052,2.25,2.48
2013.02.14 16:24:08.911,0.93045,0.93052,3.00,1.50
2013.02.14 16:24:09.092,0.93045,0.93052,1.50,2.48
2013.02.14 16:24:09.220,0.93045,0.93052,1.50,2.48
2013.02.14 16:24:09.761,0.93045,0.93052,1.50,1.73
2013.02.14 16:24:11.833,0.93043,0.9305,1.50,1.50
2013.02.14 16:24:11.962,0.93043,0.93051,1.73,2.48
2013.02.14 16:24:12.141,0.93043,0.9305,1.50,1.73
2013.02.14 16:24:12.681,0.93042,0.93051,3.75,2.48
2013.02.14 16:24:12.935,0.93043,0.93051,3.00,1.73
2013.02.14 16:24:13.191,0.93044,0.93051,1.50,1.73
2013.02.14 16:24:13.512,0.93045,0.93052,1.50,2.63
2013.02.14 16:24:13.880,0.93045,0.93053,2.25,2.48
2013.02.14 16:24:14.010,0.93046,0.93053,2.25,2.25
2013.02.14 16:24:15.789,0.93049,0.93055,1.50,2.63
2013.02.14 16:24:15.862,0.93053,0.9306,1.50,2.10
2013.02.14 16:24:16.413,0.93054,0.93061,1.50,3.15
2013.02.14 16:24:16.983,0.93053,0.93061,3.00,2.63
2013.02.14 16:24:19.205,0.93055,0.93063,1.50,4.50
2013.02.14 16:24:19.332,0.93057,0.93063,2.25,2.10
2013.02.14 16:24:19.404,0.93057,0.93063,2.25,1.88
2013.02.14 16:24:20.351,0.93057,0.93063,2.25,1.88
2013.02.14 16:24:20.410,0.93055,0.93059,1.95,1.73
2013.02.14 16:24:20.650,0.93054,0.93059,1.50,1.73
2013.02.14 16:24:21.184,0.93053,0.93059,1.50,1.73
2013.02.14 16:24:22.122,0.93051,0.93059,1.50,3.83
2013.02.14 16:24:22.481,0.93045,0.93052,1.73,1.50
2013.02.14 16:24:22.601,0.93046,0.93056,1.88,2.25
2013.02.14 16:24:22.663,0.93052,0.93057,1.50,5.48
2013.02.14 16:24:22.733,0.93051,0.93056,1.17,1.50
2013.02.14 16:24:23.091,0.93056,0.93066,7.88,4.35
2013.02.14 16:24:23.151,0.93059,0.93066,2.25,1.65
2013.02.14 16:24:23.271,0.93059,0.93065,2.25,1.13
2013.02.14 16:24:23.392,0.93058,0.93067,2.48,2.63
2013.02.14 16:24:23.511,0.9306,0.93067,1.50,1.88
2013.02.14 16:24:24.050,0.9306,0.93067,1.50,1.88
2013.02.14 16:24:24.590,0.93059,0.93065,2.25,1.35
2013.02.14 16:24:24.665,0.93055,0.93063,1.50,2.10
2013.02.14 16:24:25.063,0.93059,0.93065,1.50,1.13
2013.02.14 16:24:25.150,0.93058,0.93064,1.50,1.13
2013.02.14 16:24:25.303,0.93061,0.93066,1.50,1.35
2013.02.14 16:24:25.733,0.93058,0.93065,1.50,1.35
2013.02.14 16:24:26.250,0.9306,0.93066,1.50,1.35
2013.02.14 16:24:26.792,0.93061,0.93067,1.50,1.13
2013.02.14 16:24:26.971,0.93063,0.9307,1.50,2.25
2013.02.14 16:24:27.572,0.93062,0.93067,2.25,1.13
2013.02.14 16:24:27.632,0.93061,0.93067,1.73,1.13
2013.02.14 16:24:28.171,0.93061,0.93068,1.73,1.35
2013.02.14 16:24:29.461,0.9306,0.93067,3.75,1.13
2013.02.14 16:24:31.402,0.9306,0.93068,3.98,1.35
2013.02.14 16:24:32.752,0.9306,0.93068,2.48,2.10
2013.02.14 16:24:32.810,0.9306,0.93067,1.50,2.40
2013.02.14 16:24:33.125,0.9306,0.93069,2.48,1.50
2013.02.14 16:24:34.121,0.93059,0.93065,3.00,1.50
2013.02.14 16:24:35.901,0.93059,0.93063,1.50,1.73
2013.02.14 16:24:36.140,0.93055,0.9306,1.73,1.50
2013.02.14 16:24:36.321,0.9305,0.93056,1.73,1.13
2013.02.14 16:24:36.621,0.93051,0.93057,1.50,1.50
2013.02.14 16:24:37.531,0.93049,0.93057,3.23,1.50
2013.02.14 16:24:37.591,0.93049,0.93056,2.48,1.50
2013.02.14 16:24:38.495,0.9305,0.93056,1.73,1.50
2013.02.14 16:24:41.621,0.9305,0.93058,1.50,1.50
2013.02.14 16:24:41.980,0.93053,0.9306,1.50,2.25
2013.02.14 16:24:42.521,0.93054,0.93061,1.73,1.50
2013.02.14 16:24:42.704,0.93055,0.93062,2.25,1.65
2013.02.14 16:24:43.254,0.93059,0.93066,2.48,2.63
2013.02.14 16:24:43.384,0.9306,0.93068,1.73,1.73
2013.02.14 16:24:43.932,0.9306,0.93068,1.50,1.88
2013.02.14 16:24:45.171,0.93058,0.93064,1.50,1.35
2013.02.14 16:24:45.231,0.93057,0.93063,3.75,1.50
2013.02.14 16:24:45.291,0.93056,0.93063,1.73,2.63
2013.02.14 16:24:45.411,0.93055,0.93062,1.73,1.73
2013.02.14 16:24:45.951,0.93053,0.9306,1.73,1.65
2013.02.14 16:24:46.011,0.93052,0.9306,3.00,1.13
2013.02.14 16:24:46.131,0.93051,0.9306,3.98,2.03
2013.02.14 16:24:47.610,0.93051,0.93059,1.50,1.50
2013.02.14 16:24:47.732,0.93049,0.93055,4.28,1.50
2013.02.14 16:24:47.792,0.93049,0.93057,2.78,2.25
2013.02.14 16:24:47.851,0.93048,0.93055,1.50,3.75
2013.02.14 16:24:48.331,0.93052,0.93058,1.73,6.00
2013.02.14 16:24:48.573,0.93053,0.9306,2.48,1.50
2013.02.14 16:24:49.953,0.93053,0.9306,1.73,1.50
2013.02.14 16:24:54.971,0.93054,0.93061,1.73,2.25
2013.02.14 16:24:55.092,0.93055,0.93064,1.73,2.25
2013.02.14 16:24:55.271,0.93059,0.93065,1.73,2.63
2013.02.14 16:24:55.333,0.93059,0.93065,2.25,1.13
2013.02.14 16:24:55.391,0.93061,0.93068,1.50,1.88
2013.02.14 16:24:55.511,0.93062,0.93069,1.73,1.50
2013.02.14 16:24:55.750,0.9306,0.93066,2.48,1.13
2013.02.14 16:24:56.742,0.93058,0.93065,1.50,2.40
2013.02.14 16:24:56.863,0.93056,0.93064,1.73,3.00
2013.02.14 16:24:56.932,0.93054,0.93062,2.25,1.50
2013.02.14 16:24:57.051,0.93054,0.93061,1.73,1.50
2013.02.14 16:24:57.590,0.93053,0.93061,1.73,1.50
2013.02.14 16:25:03.220,0.93053,0.93061,1.73,2.25
2013.02.14 16:25:06.401,0.93052,0.93061,3.38,2.25
2013.02.14 16:25:09.650,0.93053,0.93061,2.48,1.50
2013.02.14 16:25:11.020,0.93053,0.93061,1.80,2.25
2013.02.14 16:25:11.141,0.93052,0.93059,1.05,1.73
2013.02.14 16:25:11.261,0.93051,0.93056,1.73,1.50
2013.02.14 16:25:11.381,0.93049,0.93056,2.25,1.50
2013.02.14 16:25:11.560,0.9305,0.93056,2.48,1.50
2013.02.14 16:25:11.621,0.93051,0.93059,2.63,3.23
2013.02.14 16:25:11.680,0.93051,0.93057,3.38,1.50
2013.02.14 16:25:11.801,0.93054,0.9306,1.73,3.00
2013.02.14 16:25:11.921,0.93052,0.9306,2.48,3.90
2013.02.14 16:25:12.161,0.93054,0.93061,1.73,2.25
2013.02.14 16:25:15.570,0.93052,0.9306,5.10,1.65
2013.02.14 16:25:15.691,0.93051,0.93059,3.98,1.50
2013.02.14 16:25:23.360,0.93051,0.93058,1.50,1.50
2013.02.14 16:25:24.400,0.93051,0.93059,1.73,2.40
2013.02.14 16:25:24.940,0.93052,0.9306,2.48,1.73
2013.02.14 16:25:25.301,0.93052,0.9306,1.73,1.50
2013.02.14 16:25:26.030,0.93052,0.9306,1.73,3.00
2013.02.14 16:25:26.211,0.93054,0.93063,1.73,2.85
2013.02.14 16:25:27.221,0.93057,0.93063,1.13,1.13
2013.02.14 16:25:27.341,0.9306,0.93066,1.73,2.03
2013.02.14 16:25:27.880,0.93057,0.93065,3.23,3.00
2013.02.14 16:25:29.620,0.93056,0.93064,2.48,2.25
2013.02.14 16:25:29.741,0.93058,0.93066,1.73,2.25
2013.02.14 16:25:30.530,0.93058,0.93066,2.48,3.00
2013.02.14 16:25:31.071,0.93061,0.93069,2.25,3.75
2013.02.14 16:25:31.610,0.93061,0.93067,2.25,1.50
2013.02.14 16:25:32.129,0.93061,0.93069,2.48,3.00
2013.02.14 16:25:34.921,0.93064,0.93071,1.73,2.40
2013.02.14 16:25:42.911,0.93062,0.9307,3.23,1.50
2013.02.14 16:25:42.992,0.93061,0.93069,3.23,2.85
2013.02.14 16:25:43.320,0.93057,0.93065,4.73,3.00
2013.02.14 16:25:44.361,0.93058,0.93065,1.50,1.50
2013.02.14 16:25:44.850,0.93056,0.93065,4.73,4.28
2013.02.14 16:25:44.917,0.93056,0.93063,3.00,2.40
2013.02.14 16:25:45.102,0.93056,0.93063,1.73,3.15
2013.02.14 16:25:45.640,0.93055,0.93062,1.73,2.25
2013.02.14 16:25:48.494,0.93056,0.93063,2.25,2.25
2013.02.14 16:25:51.580,0.93055,0.93062,2.25,1.50
2013.02.14 16:25:52.122,0.93056,0.93063,2.25,1.50
2013.02.14 16:25:54.947,0.93054,0.93062,6.38,2.25
2013.02.14 16:25:56.662,0.93054,0.93061,3.98,1.50
2013.02.14 16:25:58.093,0.93054,0.93061,2.25,3.00
2013.02.14 16:25:58.600,0.93054,0.93061,1.73,2.25
2013.02.14 16:25:59.241,0.93052,0.9306,2.25,3.75
2013.02.14 16:25:59.301,0.93052,0.93059,2.48,1.50
2013.02.14 16:25:59.361,0.93051,0.93055,1.50,1.50
2013.02.14 16:25:59.541,0.93048,0.93056,3.23,1.50
2013.02.14 16:26:00.331,0.9305,0.93058,1.88,1.88
2013.02.14 16:26:01.410,0.93049,0.93056,1.73,1.50
2013.02.14 16:26:01.950,0.93048,0.93054,2.25,1.50
2013.02.14 16:26:02.521,0.93048,0.93054,1.73,1.50
2013.02.14 16:26:02.581,0.93045,0.93054,5.85,1.50
2013.02.14 16:26:03.062,0.93049,0.93055,1.65,2.25
2013.02.14 16:26:03.245,0.93051,0.93059,2.25,2.63
2013.02.14 16:26:03.312,0.93051,0.93059,2.25,2.63
2013.02.14 16:26:09.570,0.93052,0.9306,3.15,2.25
2013.02.14 16:26:23.461,0.93059,0.93065,1.35,1.88
2013.02.14 16:26:23.581,0.93059,0.93064,2.40,2.63
2013.02.14 16:26:23.761,0.93062,0.93069,1.73,1.88
2013.02.14 16:26:23.941,0.93062,0.93068,1.50,1.50
2013.02.14 16:26:24.000,0.93064,0.93073,1.73,6.98
2013.02.14 16:26:24.121,0.93064,0.93072,2.48,2.25
2013.02.14 16:26:24.791,0.93064,0.93072,1.50,2.25
2013.02.14 16:26:24.860,0.93063,0.93071,3.98,1.50
2013.02.14 16:26:27.201,0.93064,0.93073,3.98,1.13
2013.02.14 16:26:28.590,0.93064,0.93072,2.48,1.50
2013.02.14 16:26:28.831,0.93063,0.9307,3.00,1.50
2013.02.14 16:26:28.891,0.93063,0.93069,1.73,1.35
2013.02.14 16:26:28.961,0.93062,0.93068,1.50,3.15
2013.02.14 16:26:29.083,0.93057,0.93063,1.50,1.50
2013.02.14 16:26:29.397,0.93054,0.93062,1.88,2.25
2013.02.14 16:26:29.911,0.93054,0.93061,1.20,2.25
2013.02.14 16:26:35.890,0.93053,0.93061,1.65,3.00
2013.02.14 16:26:36.484,0.93053,0.93061,1.13,3.00
2013.02.14 16:26:37.642,0.93052,0.93061,3.38,3.23
2013.02.14 16:26:39.880,0.93052,0.93059,1.88,1.73
2013.02.14 16:26:43.725,0.93052,0.9306,2.63,1.73
2013.02.14 16:26:45.061,0.93052,0.93059,1.88,1.73
2013.02.14 16:26:45.581,0.93053,0.93061,2.40,3.23
2013.02.14 16:26:59.031,0.93053,0.9306,1.65,1.73
2013.02.14 16:27:00.312,0.93053,0.9306,1.88,1.50
2013.02.14 16:27:01.671,0.93053,0.9306,1.65,1.50
2013.02.14 16:27:02.241,0.93053,0.9306,1.13,1.50
2013.02.14 16:27:03.761,0.93054,0.93061,2.85,1.50
2013.02.14 16:27:04.360,0.93055,0.93061,1.13,2.25
2013.02.14 16:27:08.352,0.93058,0.93066,2.48,4.43
2013.02.14 16:27:08.661,0.9306,0.93066,1.88,2.25
2013.02.14 16:27:09.200,0.9306,0.93067,2.63,1.50
2013.02.14 16:27:12.042,0.9306,0.93067,2.63,2.25
2013.02.14 16:27:13.201,0.9306,0.93068,4.13,3.00
2013.02.14 16:27:13.440,0.93061,0.93069,5.10,1.50
2013.02.14 16:27:15.257,0.93061,0.93069,3.60,2.25
2013.02.14 16:27:18.490,0.93061,0.93069,2.48,1.50
2013.02.14 16:27:18.551,0.93061,0.9307,4.73,1.50
2013.02.14 16:27:18.912,0.93066,0.93072,2.48,1.50
2013.02.14 16:27:19.229,0.93068,0.93075,1.65,1.50
2013.02.14 16:27:20.441,0.93069,0.93076,2.63,1.50
2013.02.14 16:27:21.291,0.93071,0.93077,1.73,3.00
2013.02.14 16:27:22.771,0.93071,0.93077,1.73,3.00
2013.02.14 16:27:24.560,0.93069,0.93076,1.88,2.25
2013.02.14 16:27:25.310,0.93068,0.93075,1.65,1.50
2013.02.14 16:27:25.961,0.93068,0.93075,1.65,1.50
2013.02.14 16:27:26.501,0.93067,0.93075,2.40,2.25
2013.02.14 16:27:27.583,0.93065,0.93073,2.48,2.25
2013.02.14 16:27:27.892,0.93064,0.93071,2.48,2.25
2013.02.14 16:27:27.951,0.93062,0.9307,1.65,2.25
2013.02.14 16:27:30.681,0.93063,0.9307,1.88,1.50
2013.02.14 16:27:31.042,0.93063,0.93072,2.63,3.75
2013.02.14 16:27:31.461,0.93066,0.93072,1.13,2.25
2013.02.14 16:27:31.821,0.93068,0.93075,1.88,1.50
2013.02.14 16:27:31.940,0.93067,0.93074,1.73,1.50
2013.02.14 16:27:32.481,0.93066,0.93072,1.88,1.50
2013.02.14 16:27:33.276,0.93066,0.93072,1.65,1.50
2013.02.14 16:27:36.391,0.93063,0.93071,2.63,2.25
2013.02.14 16:27:36.912,0.93063,0.93069,1.13,1.50
2013.02.14 16:28:03.601,0.93065,0.93071,1.50,2.25
2013.02.14 16:28:03.904,0.93069,0.93075,1.50,1.50
2013.02.14 16:28:04.156,0.93069,0.93077,2.25,1.73
2013.02.14 16:28:04.643,0.93068,0.93075,1.73,1.50
2013.02.14 16:28:05.001,0.93066,0.93074,4.50,2.25
2013.02.14 16:28:05.062,0.93066,0.93074,3.75,2.25
2013.02.14 16:28:05.570,0.93065,0.93071,2.48,1.50
2013.02.14 16:28:07.351,0.93063,0.93071,1.73,1.50
2013.02.14 16:28:16.144,0.93064,0.93072,1.73,3.75
2013.02.14 16:28:17.412,0.93063,0.93071,2.48,2.25
2013.02.14 16:28:17.971,0.93063,0.93071,1.73,1.50
2013.02.14 16:28:18.531,0.93063,0.93071,2.48,1.50
2013.02.14 16:28:19.981,0.93066,0.93071,1.50,1.50
2013.02.14 16:28:20.282,0.9307,0.93075,1.50,2.25
2013.02.14 16:28:20.402,0.93071,0.93076,1.73,1.50
2013.02.14 16:28:20.521,0.93071,0.93077,1.73,1.50
2013.02.14 16:28:20.642,0.93072,0.9308,1.50,2.48
2013.02.14 16:28:20.701,0.93072,0.9308,2.25,2.48
2013.02.14 16:28:20.823,0.93074,0.9308,2.25,1.50
2013.02.14 16:28:21.181,0.93078,0.93084,2.25,1.50
2013.02.14 16:28:22.432,0.93079,0.93086,1.50,2.40
2013.02.14 16:28:23.124,0.93077,0.93086,2.48,4.65
2013.02.14 16:28:23.640,0.93077,0.93086,2.48,3.15
2013.02.14 16:28:24.192,0.93077,0.93086,2.48,3.90
2013.02.14 16:28:24.741,0.93078,0.93086,1.50,3.15
2013.02.14 16:28:25.284,0.93074,0.93083,3.75,1.50
2013.02.14 16:28:25.412,0.93076,0.93084,2.48,2.25
2013.02.14 16:28:25.951,0.93077,0.93084,1.73,2.25
2013.02.14 16:28:26.132,0.93077,0.93084,1.88,1.50
2013.02.14 16:28:26.672,0.93079,0.93085,2.48,1.50
2013.02.14 16:28:26.851,0.93077,0.93085,4.28,2.25
2013.02.14 16:28:27.401,0.93079,0.93084,1.50,1.50
2013.02.14 16:28:27.463,0.93077,0.93084,2.48,1.50
2013.02.14 16:28:28.021,0.93076,0.93084,3.23,1.50
2013.02.14 16:28:28.561,0.93078,0.93086,1.13,2.25
2013.02.14 16:28:28.802,0.93082,0.93089,3.23,3.75
2013.02.14 16:28:29.695,0.93081,0.93089,3.23,1.50
2013.02.14 16:28:31.404,0.9308,0.93088,1.88,1.50
2013.02.14 16:28:31.931,0.9308,0.93087,1.65,1.50
2013.02.14 16:28:32.552,0.93078,0.93085,3.00,2.22
2013.02.14 16:28:32.613,0.93078,0.93085,2.48,3.72
2013.02.14 16:28:32.744,0.93078,0.93086,3.23,2.25
2013.02.14 16:28:32.812,0.93078,0.93087,4.73,1.50
2013.02.14 16:28:33.351,0.93078,0.93086,3.23,2.25
2013.02.14 16:28:33.412,0.93077,0.93083,3.90,1.50
2013.02.14 16:28:34.042,0.93077,0.93085,2.40,3.00
2013.02.14 16:28:34.553,0.93077,0.93085,2.40,3.00
2013.02.14 16:28:35.093,0.93077,0.93085,2.40,3.00
2013.02.14 16:28:38.610,0.93075,0.93081,2.25,3.15
2013.02.14 16:28:38.683,0.93075,0.93081,3.00,3.90
2013.02.14 16:28:38.755,0.93073,0.93079,3.23,1.50
2013.02.14 16:28:38.827,0.93071,0.93079,3.23,1.50
2013.02.14 16:28:39.252,0.93071,0.93079,3.38,1.50
2013.02.14 16:28:42.622,0.93071,0.9308,1.65,1.50
2013.02.14 16:28:42.922,0.93077,0.93082,1.50,1.50
2013.02.14 16:28:43.042,0.93077,0.93084,3.00,1.50
2013.02.14 16:28:43.101,0.93077,0.93085,1.73,2.25
2013.02.14 16:28:43.531,0.93075,0.93082,2.10,1.50
2013.02.14 16:28:44.453,0.93074,0.93082,3.23,2.25
2013.02.14 16:28:45.353,0.93075,0.93082,1.73,1.50
2013.02.14 16:28:45.541,0.93077,0.93084,1.73,1.50
2013.02.14 16:28:45.901,0.93079,0.93086,1.88,1.50
2013.02.14 16:28:46.261,0.93078,0.93086,1.13,3.19
2013.02.14 16:28:48.160,0.93077,0.93084,2.48,1.50
2013.02.14 16:28:49.061,0.93076,0.93084,1.73,3.00
2013.02.14 16:28:49.991,0.93078,0.93084,1.13,1.50
2013.02.14 16:28:50.051,0.93078,0.93084,1.13,1.50
2013.02.14 16:28:50.590,0.93077,0.93086,3.90,3.79
2013.02.14 16:28:52.891,0.93078,0.93084,1.50,2.25
2013.02.14 16:28:53.430,0.93075,0.93083,4.73,1.50
2013.02.14 16:28:54.360,0.93075,0.93083,4.50,1.73
2013.02.14 16:28:57.531,0.93077,0.93084,2.63,3.00
2013.02.14 16:28:57.650,0.93078,0.93085,1.13,2.25
2013.02.14 16:28:58.181,0.93078,0.93086,1.88,2.25
2013.02.14 16:29:00.675,0.93077,0.93085,2.25,2.48
2013.02.14 16:29:09.861,0.93079,0.93085,1.65,3.00
2013.02.14 16:29:10.241,0.9308,0.93087,1.50,2.48
2013.02.14 16:29:11.581,0.93078,0.93084,1.65,1.50
2013.02.14 16:29:20.434,0.93076,0.93084,2.25,3.23
2013.02.14 16:29:20.566,0.93076,0.93083,1.50,1.73
2013.02.14 16:29:23.072,0.93076,0.93084,3.38,1.73
2013.02.14 16:29:23.191,0.93078,0.93086,1.65,3.60
2013.02.14 16:29:23.432,0.93077,0.93085,1.65,2.48
2013.02.14 16:29:23.950,0.93077,0.93085,1.65,1.73
2013.02.14 16:29:31.501,0.93077,0.93085,2.40,2.48
2013.02.14 16:29:33.522,0.93076,0.93085,4.13,3.98
2013.02.14 16:29:33.725,0.93075,0.93082,2.03,2.25
2013.02.14 16:29:34.447,0.93073,0.93081,3.15,1.50
2013.02.14 16:29:35.003,0.93072,0.9308,2.40,1.73
2013.02.14 16:29:35.882,0.93074,0.93082,1.65,3.38
2013.02.14 16:29:36.006,0.93075,0.93082,1.65,1.73
2013.02.14 16:29:36.254,0.93075,0.93083,1.50,2.48
2013.02.14 16:29:38.811,0.93075,0.93081,1.65,1.50
2013.02.14 16:29:38.871,0.93075,0.93083,1.65,2.48
2013.02.14 16:29:38.931,0.93077,0.93083,1.65,2.48
2013.02.14 16:29:39.173,0.93078,0.93086,1.65,1.73
2013.02.14 16:29:40.502,0.93078,0.93087,5.40,1.50
2013.02.14 16:29:41.048,0.93079,0.93087,3.15,1.50
2013.02.14 16:29:43.815,0.9308,0.93087,2.25,1.50
2013.02.14 16:29:43.941,0.93081,0.93089,1.50,3.75
2013.02.14 16:29:44.121,0.93083,0.93089,1.65,1.50
2013.02.14 16:29:44.301,0.93085,0.93093,1.50,2.48
2013.02.14 16:29:44.361,0.93084,0.93092,1.50,1.73
2013.02.14 16:29:44.422,0.93084,0.93091,1.50,1.73
2013.02.14 16:29:44.601,0.9308,0.93088,3.90,1.73
2013.02.14 16:29:45.140,0.93079,0.93087,2.78,1.50
2013.02.14 16:29:45.641,0.93079,0.93087,1.50,2.25
2013.02.14 16:29:45.981,0.93079,0.93087,1.50,2.48
2013.02.14 16:29:47.342,0.9308,0.93088,1.50,3.23
2013.02.14 16:29:47.881,0.93081,0.93089,1.50,3.23
2013.02.14 16:29:49.022,0.9308,0.93088,1.65,2.48
2013.02.14 16:29:49.381,0.93079,0.93087,3.15,2.48
2013.02.14 16:29:50.101,0.93079,0.93087,5.40,1.50
2013.02.14 16:29:50.222,0.9308,0.93088,3.90,2.48
2013.02.14 16:29:50.740,0.93081,0.93089,1.50,1.73
2013.02.14 16:29:51.512,0.9308,0.93089,4.65,2.48
2013.02.14 16:29:52.224,0.93081,0.93089,1.50,2.48
2013.02.14 16:29:52.771,0.93082,0.93089,1.50,1.73
2013.02.14 16:29:54.981,0.93083,0.9309,1.50,2.48
2013.02.14 16:29:55.161,0.93085,0.93092,1.50,4.11
2013.02.14 16:29:55.735,0.93085,0.93092,2.25,1.50
2013.02.14 16:29:57.051,0.93085,0.93093,1.65,3.98
2013.02.14 16:29:57.111,0.93086,0.93093,2.25,1.73
2013.02.14 16:29:57.353,0.93085,0.93094,3.00,2.48
2013.02.14 16:29:57.475,0.93085,0.93091,2.10,2.48
2013.02.14 16:29:57.542,0.93085,0.93091,1.35,3.23
2013.02.14 16:29:57.781,0.93087,0.93093,3.15,1.50
2013.02.14 16:29:57.902,0.93089,0.93095,2.25,2.25
2013.02.14 16:29:58.441,0.93089,0.93097,2.40,1.50
2013.02.14 16:30:00.262,0.9309,0.93101,1.65,2.48
2013.02.14 16:30:00.801,0.9309,0.93098,1.65,2.48
2013.02.14 16:30:02.603,0.93092,0.93098,1.50,2.33
2013.02.14 16:30:02.791,0.93091,0.931,3.00,2.40
2013.02.14 16:30:04.557,0.93092,0.93099,1.50,1.58
2013.02.14 16:30:04.682,0.93091,0.931,3.75,4.58
2013.02.14 16:30:04.816,0.93091,0.931,2.25,3.08
2013.02.14 16:30:05.121,0.93092,0.931,2.25,1.73
2013.02.14 16:30:05.851,0.93092,0.931,1.50,2.40
2013.02.14 16:30:06.390,0.93091,0.93099,2.25,1.73
2013.02.14 16:30:06.992,0.93092,0.931,1.65,2.40
2013.02.14 16:30:07.531,0.93092,0.93099,1.50,1.65
2013.02.14 16:30:10.402,0.93092,0.93099,1.50,1.65
2013.02.14 16:30:10.827,0.93095,0.93101,1.65,2.25
2013.02.14 16:30:10.893,0.93095,0.93103,2.40,3.08
2013.02.14 16:30:10.952,0.93095,0.93105,3.90,3.83
2013.02.14 16:30:11.072,0.93099,0.93104,1.50,1.50
2013.02.14 16:30:11.612,0.93099,0.93104,1.65,1.50
2013.02.14 16:30:12.270,0.93097,0.93105,1.65,1.73
2013.02.14 16:30:12.621,0.93097,0.93105,1.65,1.73
2013.02.14 16:30:12.981,0.93097,0.93105,1.65,1.73
2013.02.14 16:30:14.441,0.93097,0.93105,1.65,2.48
2013.02.14 16:30:15.651,0.93096,0.93104,2.48,3.00
2013.02.14 16:30:21.812,0.93096,0.93103,2.40,1.50
2013.02.14 16:30:22.111,0.93095,0.93103,3.00,2.48
2013.02.14 16:30:22.603,0.93092,0.931,5.48,3.45
2013.02.14 16:30:22.962,0.93088,0.93096,2.40,3.23
2013.02.14 16:30:23.021,0.93087,0.93095,1.13,1.73
2013.02.14 16:30:29.041,0.93089,0.93096,1.65,1.50
2013.02.14 16:30:29.222,0.93094,0.931,1.50,1.50
2013.02.14 16:30:29.282,0.93095,0.93102,1.65,1.50
2013.02.14 16:30:29.402,0.93096,0.93103,1.50,1.73
2013.02.14 16:30:31.602,0.93096,0.93104,1.50,2.48
2013.02.14 16:30:39.042,0.93095,0.93103,1.65,2.48
2013.02.14 16:30:48.070,0.93095,0.93104,2.40,3.98
2013.02.14 16:30:49.201,0.93096,0.93104,1.13,3.23
2013.02.14 16:30:49.381,0.93097,0.93105,1.65,1.73
2013.02.14 16:30:49.916,0.93097,0.93104,1.65,1.50
2013.02.14 16:30:56.912,0.93097,0.93102,1.28,1.50
2013.02.14 16:30:57.032,0.93096,0.93103,1.65,3.23
2013.02.14 16:30:57.591,0.93097,0.93103,1.65,2.25
2013.02.14 16:30:57.832,0.93098,0.93106,1.88,3.75
2013.02.14 16:30:58.071,0.93097,0.93105,1.65,1.73
2013.02.14 16:30:59.841,0.93097,0.93103,1.50,1.50
2013.02.14 16:31:00.022,0.93096,0.93102,1.50,1.50
2013.02.14 16:31:04.740,0.93094,0.93103,3.15,2.48
2013.02.14 16:31:06.040,0.93095,0.93103,1.65,2.48
2013.02.14 16:31:06.162,0.93097,0.93104,1.50,2.25
2013.02.14 16:31:06.700,0.93098,0.93105,2.25,2.25
2013.02.14 16:31:09.241,0.93098,0.93104,1.50,1.50
2013.02.14 16:31:10.070,0.93096,0.93105,3.15,2.48
2013.02.14 16:31:14.021,0.93096,0.93104,3.00,2.48
2013.02.14 16:31:14.652,0.93096,0.93104,2.25,2.48
2013.02.14 16:31:15.905,0.93096,0.93103,2.25,2.29
2013.02.14 16:31:16.221,0.93092,0.93099,2.10,1.50
2013.02.14 16:31:16.581,0.93093,0.93101,2.63,3.75
2013.02.14 16:31:16.821,0.93094,0.93101,2.40,1.50
2013.02.14 16:31:17.394,0.93094,0.931,2.25,1.50
2013.02.14 16:31:18.990,0.93094,0.931,1.50,1.50
2013.02.14 16:31:23.843,0.93094,0.93101,2.63,1.50
2013.02.14 16:31:29.271,0.93095,0.93103,1.65,2.48
2013.02.14 16:31:39.131,0.93094,0.93103,2.63,3.23
2013.02.14 16:31:40.342,0.93095,0.93103,1.65,1.73
2013.02.14 16:31:40.821,0.93095,0.93102,2.25,1.73
2013.02.14 16:31:41.362,0.93095,0.93102,3.00,1.73
2013.02.14 16:31:41.922,0.93095,0.93103,3.00,1.73
2013.02.14 16:31:45.703,0.93095,0.93103,2.25,2.48
2013.02.14 16:31:50.704,0.93095,0.93103,2.25,3.23
2013.02.14 16:31:51.431,0.93095,0.93102,2.25,1.73
2013.02.14 16:31:55.406,0.93095,0.93104,2.63,3.23
2013.02.14 16:32:02.172,0.93095,0.93102,2.63,1.73
2013.02.14 16:32:02.292,0.93095,0.93104,2.63,3.75
2013.02.14 16:32:07.293,0.93094,0.93102,2.25,3.85
2013.02.14 16:32:07.851,0.93093,0.931,1.88,1.50
2013.02.14 16:32:08.152,0.9309,0.93099,5.82,3.00
2013.02.14 16:32:08.692,0.93089,0.93096,1.13,2.48
2013.02.14 16:32:10.641,0.93087,0.93095,1.88,1.50
2013.02.14 16:32:10.702,0.93087,0.93095,1.13,2.25
2013.02.14 16:32:12.411,0.93086,0.93093,1.88,1.73
2013.02.14 16:32:12.951,0.93087,0.93093,1.13,1.73
2013.02.14 16:32:13.613,0.93085,0.93093,2.48,1.73
2013.02.14 16:32:14.134,0.93085,0.93093,1.65,2.48
2013.02.14 16:32:14.442,0.93085,0.93093,1.88,2.48
2013.02.14 16:32:14.562,0.93084,0.9309,3.53,1.50
2013.02.14 16:32:14.623,0.93083,0.93088,2.03,1.50
2013.02.14 16:32:15.161,0.93081,0.93088,1.73,2.48
2013.02.14 16:32:15.223,0.93079,0.93086,2.63,1.50
2013.02.14 16:32:15.580,0.93078,0.93084,1.13,1.50
2013.02.14 16:32:16.222,0.93079,0.93085,1.13,2.48
2013.02.14 16:32:17.522,0.93079,0.93086,1.13,1.73
2013.02.14 16:32:22.431,0.93081,0.93087,1.13,1.73
2013.02.14 16:32:22.554,0.93083,0.9309,1.13,3.98
2013.02.14 16:32:22.792,0.93082,0.93091,1.13,3.98
2013.02.14 16:32:24.781,0.93081,0.93088,1.73,1.73
2013.02.14 16:32:25.346,0.93082,0.93088,1.88,1.73
2013.02.14 16:32:25.692,0.93082,0.93091,1.88,3.75
2013.02.14 16:32:26.024,0.93085,0.93092,1.13,2.48
2013.02.14 16:32:26.561,0.93084,0.93091,1.65,1.73
2013.02.14 16:32:28.191,0.93083,0.9309,1.13,1.73
2013.02.14 16:32:28.492,0.93081,0.93088,1.50,1.73
2013.02.14 16:32:30.981,0.9308,0.93088,2.63,1.73
2013.02.14 16:32:35.022,0.9308,0.93089,1.88,4.73
2013.02.14 16:32:35.083,0.9308,0.93088,1.88,1.17
2013.02.14 16:32:39.164,0.9308,0.93087,1.13,2.10
2013.02.14 16:32:39.780,0.9308,0.93087,1.13,2.85
2013.02.14 16:32:43.191,0.9308,0.93086,1.13,1.73
2013.02.14 16:32:46.603,0.93078,0.93085,1.13,1.73
2013.02.14 16:32:47.711,0.93079,0.93085,1.88,1.73
2013.02.14 16:32:49.392,0.9308,0.93087,1.13,1.13
2013.02.14 16:32:52.551,0.9308,0.93088,1.88,2.48
2013.02.14 16:32:53.961,0.9308,0.93087,1.65,1.50
2013.02.14 16:32:54.573,0.93077,0.93084,2.25,2.25
2013.02.14 16:32:54.654,0.93076,0.93082,1.13,2.25
2013.02.14 16:32:54.971,0.93072,0.93079,2.25,1.73
2013.02.14 16:32:55.032,0.9307,0.93078,3.00,1.13
2013.02.14 16:32:55.583,0.93069,0.93077,2.25,2.48
2013.02.14 16:32:56.096,0.93069,0.93076,1.50,2.48
2013.02.14 16:32:59.483,0.93066,0.93075,2.25,1.88
2013.02.14 16:32:59.604,0.93066,0.9307,1.50,2.40
2013.02.14 16:32:59.672,0.9306,0.93068,1.65,2.40
2013.02.14 16:32:59.791,0.93061,0.93067,1.05,1.73
2013.02.14 16:32:59.912,0.93058,0.93066,1.13,2.63
2013.02.14 16:32:59.974,0.93059,0.93066,1.50,2.63
2013.02.14 16:33:00.102,0.93057,0.93063,3.45,1.50
2013.02.14 16:33:00.404,0.93056,0.93061,1.88,1.50
2013.02.14 16:33:00.462,0.9305,0.93059,1.50,1.65
2013.02.14 16:33:00.521,0.93046,0.93055,2.25,1.13
2013.02.14 16:33:00.642,0.93049,0.93055,1.50,2.25
2013.02.14 16:33:00.703,0.93048,0.93054,1.50,1.50
2013.02.14 16:33:00.884,0.93051,0.93057,1.88,1.50
2013.02.14 16:33:00.952,0.9305,0.93057,1.50,1.50
2013.02.14 16:33:01.073,0.93051,0.93058,2.48,1.73
2013.02.14 16:33:01.131,0.93053,0.93059,1.65,1.50
2013.02.14 16:33:01.551,0.93055,0.93061,1.50,1.50
2013.02.14 16:33:02.823,0.93055,0.93063,4.50,3.00
2013.02.14 16:33:02.894,0.93057,0.93063,1.13,1.50
2013.02.14 16:33:03.107,0.93062,0.93068,1.50,2.25
2013.02.14 16:33:03.593,0.93062,0.9307,1.50,3.98
2013.02.14 16:33:04.131,0.93062,0.93069,1.65,1.50
2013.02.14 16:33:04.812,0.93061,0.93069,2.25,1.50
2013.02.14 16:33:05.342,0.9306,0.93068,2.40,1.73
2013.02.14 16:33:05.702,0.93052,0.93061,1.50,3.00
2013.02.14 16:33:05.762,0.93051,0.93057,1.58,1.50
2013.02.14 16:33:06.302,0.9305,0.93057,1.65,1.50
2013.02.14 16:33:07.863,0.93051,0.93059,2.25,2.48
2013.02.14 16:33:08.103,0.93053,0.93059,3.00,1.50
2013.02.14 16:33:08.163,0.93055,0.93062,1.88,2.25
2013.02.14 16:33:08.283,0.93058,0.93064,1.88,1.50
2013.02.14 16:33:08.402,0.93059,0.93065,3.90,2.25
2013.02.14 16:33:08.524,0.93061,0.93069,2.40,2.85
2013.02.14 16:33:08.822,0.93063,0.9307,1.65,1.73
2013.02.14 16:33:11.841,0.93063,0.93071,2.40,3.23
2013.02.14 16:33:12.391,0.93062,0.93068,1.65,1.50
2013.02.14 16:33:12.752,0.93061,0.93067,2.25,1.50
2013.02.14 16:33:13.442,0.9306,0.93068,3.00,4.28
2013.02.14 16:33:13.564,0.93056,0.93063,1.50,3.00
2013.02.14 16:33:13.825,0.93052,0.93058,1.50,1.73
2013.02.14 16:33:14.012,0.9305,0.93055,1.28,1.50
2013.02.14 16:33:14.131,0.9305,0.93055,2.03,1.50
2013.02.14 16:33:14.671,0.9305,0.93057,1.28,1.50
2013.02.14 16:33:15.581,0.9305,0.93058,1.50,2.48
2013.02.14 16:33:15.702,0.93051,0.93059,3.00,2.25
2013.02.14 16:33:16.003,0.93053,0.9306,1.50,2.48
2013.02.14 16:33:16.312,0.93054,0.93061,1.50,1.73
2013.02.14 16:33:17.601,0.93053,0.93061,2.25,2.48
2013.02.14 16:33:21.441,0.93053,0.93061,1.50,2.48
2013.02.14 16:33:26.739,0.93052,0.9306,3.15,1.73
2013.02.14 16:33:28.483,0.93052,0.93061,4.65,3.23
2013.02.14 16:33:30.367,0.93053,0.93061,2.25,2.48
2013.02.14 16:33:30.623,0.93055,0.93061,2.25,1.50
2013.02.14 16:33:31.161,0.93055,0.93063,3.75,2.48
2013.02.14 16:33:31.341,0.93056,0.93064,4.50,2.25
2013.02.14 16:33:31.522,0.93059,0.93067,2.40,3.53
2013.02.14 16:33:31.582,0.93061,0.93067,1.50,1.73
2013.02.14 16:33:32.121,0.93062,0.93069,1.50,1.73
2013.02.14 16:33:32.541,0.93061,0.93069,1.50,3.23
2013.02.14 16:33:33.442,0.9306,0.93067,2.40,1.73
2013.02.14 16:33:33.504,0.93059,0.93064,1.50,1.13
2013.02.14 16:33:34.112,0.93053,0.93061,3.15,2.25
2013.02.14 16:33:34.195,0.93051,0.93057,3.15,1.50
2013.02.14 16:33:35.623,0.93051,0.93057,3.00,1.50
2013.02.14 16:33:35.803,0.93048,0.93055,4.88,2.63
2013.02.14 16:33:35.864,0.93048,0.93055,3.00,3.38
2013.02.14 16:33:35.934,0.93046,0.93053,4.13,1.73
2013.02.14 16:33:36.003,0.93044,0.93051,1.28,1.73
2013.02.14 16:33:36.504,0.93044,0.93051,1.28,1.50
2013.02.14 16:33:36.562,0.93044,0.93053,2.78,2.48
2013.02.14 16:33:37.241,0.93044,0.93053,4.28,2.48
2013.02.14 16:33:38.825,0.93044,0.93053,5.40,1.73
2013.02.14 16:33:42.901,0.93044,0.93052,3.15,1.50
2013.02.14 16:33:45.133,0.93044,0.93052,3.00,1.73
2013.02.14 16:33:45.694,0.93044,0.9305,1.50,2.25
2013.02.14 16:33:45.953,0.93042,0.93049,3.00,1.73
2013.02.14 16:33:46.757,0.9304,0.93047,2.25,1.73
2013.02.14 16:33:47.361,0.9304,0.93047,2.25,3.98
2013.02.14 16:33:47.938,0.93039,0.93045,2.25,1.50
2013.02.14 16:33:48.122,0.93036,0.93045,4.88,3.38
2013.02.14 16:33:48.423,0.93035,0.9304,2.25,1.13
2013.02.14 16:33:48.484,0.93035,0.9304,1.50,2.63
2013.02.14 16:33:48.902,0.93033,0.93039,1.50,1.73
2013.02.14 16:33:49.205,0.93031,0.93037,2.63,1.73
2013.02.14 16:33:49.336,0.9303,0.93038,2.25,3.98
2013.02.14 16:33:49.891,0.9303,0.93038,1.50,3.23
2013.02.14 16:33:51.981,0.9303,0.93038,1.50,3.23
2013.02.14 16:33:52.494,0.9303,0.93037,1.50,1.73
2013.02.14 16:33:52.861,0.93032,0.93038,1.50,2.48
2013.02.14 16:33:53.162,0.93034,0.9304,1.50,2.25
2013.02.14 16:33:53.342,0.93035,0.93041,1.50,2.48
2013.02.14 16:33:53.522,0.93036,0.93043,1.50,2.48
2013.02.14 16:33:54.123,0.93038,0.93044,1.65,2.25
2013.02.14 16:33:54.182,0.9304,0.93046,2.25,1.13
2013.02.14 16:33:54.243,0.9304,0.93047,2.25,2.48
2013.02.14 16:33:54.602,0.93042,0.93049,1.50,2.25
2013.02.14 16:33:55.081,0.9304,0.93046,1.50,1.50
2013.02.14 16:33:55.142,0.93039,0.93046,3.00,1.50
2013.02.14 16:33:55.282,0.93039,0.93046,1.50,2.48
2013.02.14 16:33:55.345,0.93038,0.93046,2.25,3.23
2013.02.14 16:33:55.652,0.93038,0.93046,4.13,1.50
2013.02.14 16:33:56.201,0.93038,0.93044,3.23,1.50
2013.02.14 16:33:57.772,0.9304,0.93046,1.65,2.25
2013.02.14 16:33:58.423,0.93038,0.93046,2.40,2.48
2013.02.14 16:33:58.974,0.93037,0.93043,1.65,1.50
2013.02.14 16:34:02.838,0.93036,0.93043,1.50,1.50
2013.02.14 16:34:02.965,0.93036,0.93043,1.50,1.50
2013.02.14 16:34:03.094,0.93036,0.93042,2.25,2.25
2013.02.14 16:34:03.404,0.93034,0.9304,3.00,1.73
2013.02.14 16:34:03.942,0.93035,0.93041,1.50,1.73
2013.02.14 16:34:04.452,0.93035,0.93042,2.25,3.23
2013.02.14 16:34:06.114,0.93034,0.93042,2.25,3.23
2013.02.14 16:34:10.343,0.93034,0.93042,2.25,3.98
2013.02.14 16:34:10.823,0.93035,0.93043,2.40,1.73
2013.02.14 16:34:11.489,0.93037,0.93044,2.25,1.73
2013.02.14 16:34:11.803,0.93041,0.93047,2.25,1.73
2013.02.14 16:34:12.161,0.93042,0.9305,3.00,1.65
2013.02.14 16:34:12.221,0.93042,0.9305,1.50,2.63
2013.02.14 16:34:13.122,0.9304,0.93048,3.00,1.73
2013.02.14 16:34:14.201,0.93043,0.93049,1.50,1.50
2013.02.14 16:34:14.442,0.93046,0.93054,3.00,2.48
2013.02.14 16:34:14.501,0.93046,0.93054,3.00,2.25
2013.02.14 16:34:14.742,0.93048,0.93055,1.50,1.73
2013.02.14 16:34:15.316,0.93049,0.93056,1.50,3.23
2013.02.14 16:34:21.263,0.93051,0.93057,1.50,2.48
2013.02.14 16:34:22.041,0.9305,0.93057,1.50,1.73
2013.02.14 16:34:30.582,0.9305,0.93057,1.50,1.73
2013.02.14 16:34:30.942,0.93051,0.93057,1.50,1.73
2013.02.14 16:34:31.251,0.93049,0.93057,1.50,2.48
2013.02.14 16:34:32.902,0.9305,0.93057,1.50,2.48
2013.02.14 16:34:33.261,0.93051,0.93058,2.25,1.73
2013.02.14 16:34:36.302,0.93053,0.93061,2.25,3.15
2013.02.14 16:34:45.151,0.93054,0.9306,1.50,1.73
2013.02.14 16:34:45.907,0.93054,0.93062,3.00,1.65
2013.02.14 16:34:46.212,0.93057,0.93063,1.50,1.73
2013.02.14 16:34:56.444,0.93055,0.93062,1.50,1.65
2013.02.14 16:35:00.071,0.93054,0.9306,2.25,1.50
2013.02.14 16:35:01.713,0.93055,0.93061,1.65,2.25
2013.02.14 16:35:01.772,0.93058,0.93064,1.73,1.50
2013.02.14 16:35:01.832,0.9306,0.93065,1.88,3.19
2013.02.14 16:35:01.893,0.93062,0.93067,1.73,2.25
2013.02.14 16:35:02.251,0.93063,0.93071,2.25,2.25
2013.02.14 16:35:02.432,0.93063,0.93071,2.48,2.25
2013.02.14 16:35:02.793,0.93069,0.93075,1.73,3.00
2013.02.14 16:35:02.853,0.93069,0.93076,1.73,1.50
2013.02.14 16:35:02.912,0.9307,0.93076,1.73,1.50
2013.02.14 16:35:02.973,0.93071,0.93079,1.88,2.25
2013.02.14 16:35:03.032,0.93072,0.93078,1.73,1.50
2013.02.14 16:35:03.573,0.93072,0.9308,1.73,1.50
2013.02.14 16:35:06.101,0.93071,0.93079,1.50,2.25
2013.02.14 16:35:06.162,0.93071,0.93079,1.50,2.25
2013.02.14 16:35:06.882,0.93071,0.93078,1.65,1.50
2013.02.14 16:35:07.432,0.93071,0.93078,1.65,2.25
2013.02.14 16:35:10.482,0.93068,0.93076,5.25,1.17
2013.02.14 16:35:10.544,0.93067,0.93075,1.50,3.75
2013.02.14 16:35:10.671,0.93064,0.93073,1.73,2.25
2013.02.14 16:35:10.912,0.93064,0.93073,2.25,3.75
2013.02.14 16:35:11.221,0.93062,0.9307,2.48,1.50
2013.02.14 16:35:11.742,0.93062,0.9307,1.73,1.50
2013.02.14 16:35:15.511,0.93061,0.9307,3.75,2.25
2013.02.14 16:35:16.038,0.93062,0.9307,1.73,2.25
2013.02.14 16:35:16.631,0.93062,0.93071,3.98,2.40
2013.02.14 16:35:17.932,0.93062,0.93069,1.73,1.50
2013.02.14 16:35:24.216,0.93063,0.93069,1.50,1.50
2013.02.14 16:35:24.282,0.93064,0.93071,1.50,1.65
2013.02.14 16:35:25.031,0.93062,0.9307,2.85,2.25
2013.02.14 16:35:59.291,0.93061,0.93068,1.50,1.73
2013.02.14 16:35:59.412,0.9306,0.93067,2.25,1.73
2013.02.14 16:35:59.471,0.93059,0.93067,2.40,1.73
2013.02.14 16:35:59.592,0.93059,0.93068,3.38,2.85
2013.02.14 16:35:59.952,0.93062,0.9307,3.00,1.73
2013.02.14 16:36:02.031,0.93062,0.9307,1.50,2.48
2013.02.14 16:36:12.830,0.93062,0.9307,2.63,1.73
2013.02.14 16:36:12.912,0.93071,0.93079,1.50,3.60
2013.02.14 16:36:12.984,0.93071,0.93079,2.25,2.85
2013.02.14 16:36:15.192,0.93069,0.93078,3.00,1.73
2013.02.14 16:36:15.312,0.9307,0.93076,1.50,1.73
2013.02.14 16:36:15.851,0.93069,0.93076,2.25,2.48
2013.02.14 16:36:20.042,0.93069,0.93075,2.25,2.85
2013.02.14 16:36:20.450,0.93066,0.93071,1.50,1.50
2013.02.14 16:36:22.421,0.93062,0.9307,3.15,1.50
2013.02.14 16:36:22.661,0.93062,0.93069,2.40,1.50
2013.02.14 16:36:25.030,0.93062,0.93069,1.65,1.50
2013.02.14 16:36:27.472,0.93062,0.9307,2.25,1.73
2013.02.14 16:36:27.902,0.93063,0.9307,1.65,1.05
2013.02.14 16:36:27.961,0.93063,0.9307,1.65,1.73
2013.02.14 16:36:46.976,0.93067,0.93073,1.50,2.63
2013.02.14 16:36:47.286,0.93067,0.93074,2.40,2.48
2013.02.14 16:36:47.772,0.93068,0.93074,1.65,2.48
2013.02.14 16:36:48.012,0.93069,0.93075,1.50,1.73
2013.02.14 16:36:49.281,0.93068,0.93074,1.65,1.73
2013.02.14 16:36:49.584,0.93065,0.93072,1.13,1.73
2013.02.14 16:36:50.071,0.93062,0.93071,3.90,2.48
2013.02.14 16:36:51.254,0.93063,0.93071,2.40,1.73
2013.02.14 16:36:51.766,0.93063,0.93071,3.15,1.73
2013.02.14 16:36:57.351,0.93063,0.93071,1.65,1.73
2013.02.14 16:36:57.892,0.93062,0.93068,1.65,1.50
2013.02.14 16:36:57.952,0.93062,0.93068,1.50,1.50
2013.02.14 16:36:58.491,0.93062,0.93068,1.50,1.73
2013.02.14 16:36:59.191,0.93062,0.93069,1.50,1.73
2013.02.14 16:36:59.254,0.93064,0.93071,1.50,3.23
2013.02.14 16:37:02.872,0.93063,0.9307,3.90,1.05
2013.02.14 16:37:03.422,0.93063,0.93071,3.15,1.73
2013.02.14 16:37:07.459,0.93063,0.93071,1.65,1.73
2013.02.14 16:37:24.781,0.93062,0.93069,3.15,2.25
2013.02.14 16:37:25.142,0.9306,0.93068,5.25,1.50
2013.02.14 16:37:27.702,0.93062,0.9307,1.88,3.75
2013.02.14 16:37:27.822,0.93065,0.93073,3.00,3.00
2013.02.14 16:37:27.943,0.93063,0.9307,3.98,2.25
2013.02.14 16:37:28.063,0.93064,0.93069,1.50,1.50
2013.02.14 16:37:28.183,0.93064,0.9307,1.50,1.05
2013.02.14 16:37:28.242,0.93062,0.93071,1.88,1.20
2013.02.14 16:37:28.602,0.93062,0.93071,1.88,4.88
2013.02.14 16:37:29.201,0.93057,0.93065,2.25,2.63
2013.02.14 16:37:29.275,0.93054,0.93065,2.25,2.63
2013.02.14 16:37:29.403,0.93057,0.93062,1.50,1.73
2013.02.14 16:37:30.508,0.93056,0.93062,1.88,1.50
2013.02.14 16:37:32.042,0.93058,0.93065,1.88,2.48
2013.02.14 16:37:32.162,0.93059,0.93067,2.63,3.00
2013.02.14 16:37:32.281,0.93059,0.93068,4.13,3.23
2013.02.14 16:37:32.821,0.93061,0.93068,1.50,2.48
2013.02.14 16:37:33.122,0.93061,0.93069,3.23,1.35
2013.02.14 16:37:33.561,0.93062,0.9307,1.73,5.48
2013.02.14 16:37:34.641,0.93061,0.93069,1.73,1.73
2013.02.14 16:37:36.652,0.9306,0.93068,1.50,1.73
2013.02.14 16:37:52.831,0.93059,0.93069,2.48,5.33
2013.02.14 16:37:53.191,0.93054,0.9306,1.65,1.50
2013.02.14 16:37:53.760,0.93054,0.9306,1.88,1.50
2013.02.14 16:37:54.461,0.93054,0.93061,1.88,1.73
2013.02.14 16:37:54.962,0.93054,0.93062,1.88,2.85
2013.02.14 16:37:59.482,0.93052,0.93059,3.00,3.00
2013.02.14 16:37:59.722,0.9305,0.93056,2.25,1.73
2013.02.14 16:37:59.782,0.93048,0.93057,2.85,2.63
2013.02.14 16:37:59.842,0.9305,0.93057,2.10,1.88
2013.02.14 16:37:59.902,0.9305,0.93059,2.10,3.00
2013.02.14 16:38:00.022,0.93051,0.93059,1.35,2.25
2013.02.14 16:38:00.082,0.93048,0.93055,5.63,1.50
2013.02.14 16:38:00.202,0.93052,0.93059,1.35,1.50
2013.02.14 16:38:00.446,0.93054,0.93062,1.13,3.00
2013.02.14 16:38:01.001,0.93053,0.93061,3.15,2.25
2013.02.14 16:38:05.572,0.93053,0.93061,3.15,1.50
2013.02.14 16:38:05.811,0.93054,0.93062,1.13,1.50
2013.02.14 16:38:08.063,0.93058,0.93063,2.40,1.50
2013.02.14 16:38:08.184,0.93059,0.93065,1.65,3.23
2013.02.14 16:38:08.262,0.93059,0.93067,3.90,1.50
2013.02.14 16:38:08.563,0.93059,0.93068,5.63,2.03
2013.02.14 16:38:09.101,0.93062,0.93068,1.73,1.50
2013.02.14 16:38:09.650,0.93062,0.93069,1.73,2.63
2013.02.14 16:38:10.082,0.93064,0.93071,1.73,1.50
2013.02.14 16:38:12.007,0.93063,0.93071,2.48,1.50
2013.02.14 16:38:12.557,0.93062,0.9307,1.73,1.50
2013.02.14 16:38:12.863,0.93059,0.93066,2.85,1.50
2013.02.14 16:38:12.924,0.93059,0.93066,2.10,1.50
2013.02.14 16:38:13.043,0.93059,0.93064,1.13,1.50
2013.02.14 16:38:13.562,0.93057,0.93064,1.50,1.50
2013.02.14 16:38:13.741,0.93057,0.93065,1.73,1.50
2013.02.14 16:38:13.922,0.93061,0.93068,1.73,1.88
2013.02.14 16:38:14.042,0.93061,0.93069,3.98,2.25
2013.02.14 16:38:14.543,0.93062,0.93071,3.23,3.00
2013.02.14 16:38:16.471,0.93064,0.93071,1.13,1.50
2013.02.14 16:38:17.012,0.93064,0.93071,1.13,1.50
2013.02.14 16:38:29.611,0.93063,0.9307,2.40,1.50
2013.02.14 16:38:29.731,0.93062,0.9307,2.48,2.25
2013.02.14 16:38:30.586,0.93062,0.9307,2.48,2.25
2013.02.14 16:38:33.272,0.93063,0.93071,2.48,3.00
2013.02.14 16:38:33.961,0.93063,0.9307,1.73,1.50
2013.02.14 16:38:39.743,0.93063,0.9307,1.73,1.50
2013.02.14 16:38:41.781,0.93062,0.9307,1.73,1.50
2013.02.14 16:38:45.301,0.93062,0.93071,2.48,3.75
2013.02.14 16:38:46.062,0.93063,0.93071,1.73,2.25
2013.02.14 16:38:47.406,0.93064,0.93071,2.48,1.50
2013.02.14 16:38:47.472,0.93069,0.93074,1.50,3.98
2013.02.14 16:38:47.653,0.93071,0.93077,1.50,8.10
2013.02.14 16:38:47.713,0.93071,0.93077,1.50,4.50
2013.02.14 16:38:47.892,0.93071,0.93079,3.23,2.25
2013.02.14 16:38:48.402,0.93071,0.93079,3.90,1.50
2013.02.14 16:38:48.881,0.93071,0.9308,3.38,1.50
2013.02.14 16:38:49.422,0.93071,0.9308,1.88,2.25
2013.02.14 16:38:51.871,0.93071,0.9308,2.63,1.50
2013.02.14 16:39:00.172,0.93071,0.9308,3.15,2.25
2013.02.14 16:39:00.886,0.93072,0.9308,1.73,1.50
2013.02.14 16:39:02.511,0.93073,0.93081,2.48,3.15
2013.02.14 16:39:02.821,0.93073,0.93081,2.48,1.65
2013.02.14 16:39:03.942,0.93074,0.93084,2.48,4.88
2013.02.14 16:39:04.491,0.93075,0.93083,1.73,1.50
2013.02.14 16:39:05.533,0.93075,0.93083,2.48,2.25
2013.02.14 16:39:06.201,0.93075,0.93083,1.73,2.25
2013.02.14 16:39:14.972,0.93073,0.93079,3.00,1.13
2013.02.14 16:39:15.152,0.93068,0.93076,1.73,1.50
2013.02.14 16:39:15.212,0.93069,0.93075,1.13,1.66
2013.02.14 16:39:15.453,0.93064,0.93072,1.43,2.25
2013.02.14 16:39:20.192,0.93062,0.9307,2.40,1.50
2013.02.14 16:39:20.796,0.93063,0.9307,1.50,1.50
2013.02.14 16:39:24.412,0.93061,0.93068,1.50,1.50
2013.02.14 16:39:24.532,0.9306,0.93067,1.73,1.65
2013.02.14 16:39:24.832,0.93061,0.93069,3.38,2.25
2013.02.14 16:39:25.012,0.93063,0.93071,1.73,1.88
2013.02.14 16:39:25.132,0.93063,0.93071,2.48,1.50
2013.02.14 16:39:25.633,0.93063,0.93071,1.73,1.50
2013.02.14 16:39:26.412,0.93063,0.93071,1.73,3.38
2013.02.14 16:39:26.884,0.93062,0.93069,2.25,1.65
2013.02.14 16:39:29.232,0.93062,0.93068,1.50,1.50
2013.02.14 16:39:29.473,0.93062,0.93069,1.73,1.50
2013.02.14 16:39:29.891,0.93062,0.9307,1.73,1.50
2013.02.14 16:39:30.462,0.93061,0.9307,5.85,2.48
2013.02.14 16:39:31.052,0.93063,0.9307,1.73,1.50
2013.02.14 16:39:58.991,0.93063,0.93071,1.73,1.50
2013.02.14 16:40:02.182,0.93065,0.93072,1.73,2.63
2013.02.14 16:40:02.580,0.93069,0.93075,1.65,6.38
2013.02.14 16:40:02.663,0.93073,0.93079,1.73,1.50
2013.02.14 16:40:03.211,0.93073,0.93081,1.73,3.90
2013.02.14 16:40:12.301,0.93073,0.93081,1.73,3.15
2013.02.14 16:40:12.422,0.93074,0.93081,1.50,3.15
2013.02.14 16:40:12.721,0.93076,0.93083,1.73,2.63
2013.02.14 16:40:12.842,0.93077,0.93083,1.73,1.50
2013.02.14 16:40:13.023,0.93079,0.93087,2.63,2.25
2013.02.14 16:40:13.083,0.93079,0.93087,4.13,1.50
2013.02.14 16:40:15.102,0.93079,0.93087,1.88,3.75
2013.02.14 16:40:18.042,0.93078,0.93084,1.65,1.50
2013.02.14 16:40:18.402,0.93072,0.93077,1.50,1.50
2013.02.14 16:40:18.913,0.93071,0.93077,1.73,1.50
2013.02.14 16:40:20.245,0.93072,0.93078,1.50,1.50
2013.02.14 16:40:28.722,0.93071,0.93079,1.73,2.40
2013.02.14 16:40:30.383,0.93072,0.93081,1.73,3.38
2013.02.14 16:40:33.912,0.93071,0.93079,2.48,2.25
2013.02.14 16:40:35.585,0.93071,0.93079,2.48,4.50
2013.02.14 16:40:35.653,0.93071,0.93079,1.73,5.25
2013.02.14 16:40:36.521,0.9307,0.93079,2.48,5.25
2013.02.14 16:40:37.982,0.93071,0.93079,1.88,3.75
2013.02.14 16:40:38.282,0.93076,0.93084,2.40,1.50
2013.02.14 16:40:38.402,0.93078,0.93085,1.50,1.88
2013.02.14 16:40:39.036,0.93078,0.93085,4.50,1.13
2013.02.14 16:40:39.351,0.9308,0.93087,1.73,1.50
2013.02.14 16:40:41.431,0.93078,0.93086,2.25,2.40
2013.02.14 16:40:41.492,0.93077,0.93086,2.48,1.65
2013.02.14 16:40:42.373,0.93077,0.93085,2.48,2.85
2013.02.14 16:40:42.433,0.93076,0.93082,1.50,1.50
2013.02.14 16:40:42.553,0.93076,0.93081,2.03,1.65
2013.02.14 16:40:42.672,0.93074,0.93081,1.50,1.65
2013.02.14 16:40:42.793,0.93073,0.93081,3.38,1.50
2013.02.14 16:40:43.272,0.93072,0.9308,3.98,1.50
2013.02.14 16:40:53.424,0.93072,0.93079,3.98,1.50
2013.02.14 16:40:53.542,0.93074,0.93081,2.25,3.00
2013.02.14 16:40:53.603,0.93076,0.93083,1.88,1.88
2013.02.14 16:40:53.723,0.93079,0.93083,1.65,1.50
2013.02.14 16:40:53.854,0.93079,0.93087,3.90,1.50
2013.02.14 16:40:53.913,0.93079,0.93087,3.90,1.50
2013.02.14 16:40:55.462,0.93079,0.93087,2.40,1.50
2013.02.14 16:41:01.062,0.93078,0.93084,1.50,2.25
2013.02.14 16:41:01.123,0.93076,0.93082,1.28,1.50
2013.02.14 16:41:01.662,0.93076,0.93083,1.73,1.50
2013.02.14 16:41:01.968,0.93074,0.93082,1.65,2.25
2013.02.14 16:41:02.032,0.93074,0.93082,1.88,1.50
2013.02.14 16:41:02.153,0.93074,0.93081,1.65,1.50
2013.02.14 16:41:02.393,0.93073,0.93082,2.25,2.25
2013.02.14 16:41:02.464,0.93073,0.93082,2.25,3.00
2013.02.14 16:41:02.773,0.93074,0.93084,3.98,4.88
2013.02.14 16:41:03.133,0.93075,0.93082,1.50,1.50
2013.02.14 16:41:03.312,0.93074,0.93081,1.50,2.25
2013.02.14 16:41:03.613,0.93076,0.93085,1.13,5.63
2013.02.14 16:41:03.673,0.93076,0.93084,2.40,1.50
2013.02.14 16:41:03.914,0.93078,0.93085,1.88,1.13
2013.02.14 16:41:04.452,0.9308,0.93087,1.73,1.88
2013.02.14 16:41:05.961,0.9308,0.93088,2.48,1.50
2013.02.14 16:41:06.292,0.9308,0.93088,2.48,2.48
2013.02.14 16:41:06.873,0.9308,0.93086,1.73,1.50
2013.02.14 16:41:09.952,0.93079,0.93086,1.50,1.65
2013.02.14 16:41:10.012,0.93079,0.93086,1.73,1.65
2013.02.14 16:41:10.517,0.93078,0.93086,2.48,2.40
2013.02.14 16:41:14.151,0.93078,0.93086,2.48,2.40
2013.02.14 16:41:16.932,0.93079,0.93086,2.63,2.25
2013.02.14 16:41:17.526,0.93079,0.93088,4.13,3.60
2013.02.14 16:41:18.164,0.9308,0.93088,1.73,2.10
2013.02.14 16:41:22.692,0.9308,0.93087,1.73,1.65
2013.02.14 16:41:23.173,0.93081,0.9309,2.63,4.88
2013.02.14 16:41:23.836,0.93079,0.93087,2.25,1.50
2013.02.14 16:41:23.963,0.93078,0.93085,2.63,3.23
2013.02.14 16:41:24.024,0.93078,0.93085,1.13,2.48
2013.02.14 16:41:24.143,0.93079,0.93086,1.13,2.25
2013.02.14 16:41:24.323,0.9308,0.93087,1.13,2.25
2013.02.14 16:41:24.445,0.9308,0.93087,1.88,1.50
2013.02.14 16:41:24.502,0.9308,0.93089,1.88,1.50
2013.02.14 16:41:27.263,0.93079,0.93088,2.63,3.00
2013.02.14 16:41:35.683,0.93079,0.93084,1.50,1.50
2013.02.14 16:41:36.042,0.93076,0.93082,1.73,1.50
2013.02.14 16:41:36.594,0.93073,0.93081,3.23,1.88
2013.02.14 16:41:37.203,0.93073,0.93081,1.73,2.63
2013.02.14 16:41:39.643,0.93073,0.93081,2.63,1.50
2013.02.14 16:41:39.763,0.93076,0.93081,1.13,2.25
2013.02.14 16:41:39.822,0.93076,0.93083,1.13,2.25
2013.02.14 16:41:40.072,0.93078,0.93086,2.63,1.50
2013.02.14 16:41:40.193,0.93083,0.9309,1.13,5.85
2013.02.14 16:41:40.382,0.93084,0.9309,1.65,1.50
2013.02.14 16:41:40.452,0.93086,0.93092,1.50,1.50
2013.02.14 16:41:40.513,0.93086,0.93094,1.88,1.13
2013.02.14 16:41:40.873,0.93088,0.93095,1.13,3.75
2013.02.14 16:41:40.992,0.93088,0.93094,1.13,1.88
2013.02.14 16:41:41.532,0.93086,0.93093,1.88,1.50
2013.02.14 16:41:44.896,0.93088,0.93096,1.13,3.00
2013.02.14 16:41:45.262,0.93086,0.93092,3.23,3.00
2013.02.14 16:41:45.383,0.93083,0.93091,2.55,1.50
2013.02.14 16:41:45.457,0.93083,0.93091,1.05,1.50
2013.02.14 16:41:45.523,0.93082,0.9309,1.35,2.25
2013.02.14 16:41:46.062,0.93081,0.93088,1.50,1.50
2013.02.14 16:41:47.082,0.93079,0.93087,1.73,2.25
2013.02.14 16:41:47.142,0.93078,0.93086,4.50,2.25
2013.02.14 16:41:47.682,0.93077,0.93084,1.50,2.25
2013.02.14 16:41:49.914,0.93076,0.93084,1.65,3.00
2013.02.14 16:41:50.095,0.93077,0.93084,1.50,2.25
2013.02.14 16:41:50.404,0.93075,0.93083,3.23,1.65
2013.02.14 16:41:50.942,0.93075,0.93083,1.73,2.40
2013.02.14 16:41:52.762,0.93075,0.93083,1.73,2.40
2013.02.14 16:41:52.883,0.93075,0.93084,3.23,3.15
2013.02.14 16:41:53.274,0.93075,0.93083,1.73,1.65
2013.02.14 16:41:53.424,0.93076,0.93083,1.73,1.28
2013.02.14 16:41:57.913,0.93077,0.93085,2.48,1.13
2013.02.14 16:41:58.455,0.93077,0.93085,1.73,2.25
2013.02.14 16:41:59.093,0.93079,0.93085,2.48,1.50
2013.02.14 16:41:59.678,0.93081,0.93088,1.73,1.50
2013.02.14 16:42:02.533,0.93081,0.93089,2.48,2.25
2013.02.14 16:42:02.716,0.93081,0.93089,2.48,2.25
2013.02.14 16:42:02.903,0.9308,0.93089,3.23,3.00
2013.02.14 16:42:03.283,0.9308,0.93088,2.48,1.50
2013.02.14 16:42:03.344,0.9308,0.93089,2.48,3.75
2013.02.14 16:42:05.013,0.9308,0.93088,1.73,1.50
2013.02.14 16:42:05.552,0.93081,0.93089,1.73,3.38
2013.02.14 16:42:07.791,0.93081,0.93089,2.48,2.63
2013.02.14 16:42:08.883,0.93081,0.93089,1.73,2.25
2013.02.14 16:42:09.400,0.93081,0.93089,2.25,2.25
2013.02.14 16:42:09.474,0.93081,0.93089,2.48,1.50
2013.02.14 16:42:10.803,0.93081,0.93089,2.25,2.25
2013.02.14 16:42:11.312,0.93082,0.93089,1.50,1.50
2013.02.14 16:42:20.061,0.93081,0.93089,2.48,1.50
2013.02.14 16:42:23.871,0.93081,0.93089,2.25,1.50
2013.02.14 16:42:30.052,0.93081,0.93089,1.50,1.50
2013.02.14 16:42:32.792,0.93081,0.93089,2.48,1.50
2013.02.14 16:42:33.322,0.93082,0.9309,3.00,4.35
2013.02.14 16:42:33.623,0.93078,0.93086,3.00,1.50
2013.02.14 16:42:33.683,0.93077,0.93083,3.23,1.50
2013.02.14 16:42:33.805,0.93075,0.93083,3.23,1.50
2013.02.14 16:42:33.872,0.93075,0.93083,1.80,1.50
2013.02.14 16:42:34.413,0.93073,0.93081,1.73,2.03
2013.02.14 16:42:36.381,0.93072,0.93081,4.73,2.78
2013.02.14 16:42:36.621,0.93074,0.93081,1.73,2.03
2013.02.14 16:42:36.805,0.93076,0.93083,1.88,1.73
2013.02.14 16:42:37.164,0.93079,0.93087,1.73,3.00
2013.02.14 16:42:37.223,0.9308,0.93087,1.73,3.00
2013.02.14 16:42:37.732,0.93081,0.93087,1.50,1.50
2013.02.14 16:42:38.278,0.93078,0.93087,5.25,2.25
2013.02.14 16:42:38.402,0.93078,0.93086,4.50,1.50
2013.02.14 16:42:40.616,0.93078,0.93086,3.90,2.25
2013.02.14 16:42:40.803,0.93079,0.93085,1.73,2.25
2013.02.14 16:42:41.332,0.93078,0.93085,1.88,1.50
2013.02.14 16:42:45.733,0.93076,0.93084,2.25,3.68
2013.02.14 16:42:45.911,0.93076,0.93084,1.50,2.25
2013.02.14 16:42:46.572,0.93076,0.93084,2.48,2.25
2013.02.14 16:42:47.112,0.93079,0.93085,2.48,1.50
2013.02.14 16:42:47.652,0.93078,0.93086,1.73,2.40
2013.02.14 16:42:47.833,0.93077,0.93084,1.73,1.50
2013.02.14 16:42:48.453,0.93077,0.93085,3.23,2.25
2013.02.14 16:42:48.992,0.93077,0.93085,1.73,2.25
2013.02.14 16:42:49.532,0.93079,0.93085,1.13,1.50
2013.02.14 16:42:49.909,0.93079,0.93086,1.13,2.25
2013.02.14 16:42:50.463,0.93079,0.93086,1.88,1.50
2013.02.14 16:42:51.062,0.93079,0.93087,2.63,2.25
2013.02.14 16:42:53.454,0.93077,0.93084,3.00,1.50
2013.02.14 16:42:53.523,0.93077,0.93084,2.48,1.50
2013.02.14 16:42:55.795,0.93076,0.93082,1.50,1.50
2013.02.14 16:42:55.863,0.93075,0.93082,1.73,2.25
2013.02.14 16:42:56.402,0.93074,0.9308,1.50,1.50
2013.02.14 16:42:56.582,0.93075,0.93083,1.50,3.31
2013.02.14 16:42:56.643,0.93075,0.93083,2.48,2.40
2013.02.14 16:42:57.182,0.93077,0.93085,2.48,2.25
2013.02.14 16:42:57.722,0.93077,0.93085,1.73,3.00
2013.02.14 16:42:58.492,0.93077,0.93085,2.48,2.25
2013.02.14 16:42:59.202,0.93077,0.93085,2.48,3.00
2013.02.14 16:42:59.623,0.93076,0.93085,2.25,3.00
2013.02.14 16:43:00.392,0.93076,0.93083,1.50,1.50
2013.02.14 16:43:00.605,0.93077,0.93085,3.23,2.25
2013.02.14 16:43:00.677,0.93079,0.93087,2.48,3.00
2013.02.14 16:43:01.882,0.93081,0.93088,1.13,1.50
2013.02.14 16:43:01.943,0.93081,0.9309,1.13,2.25
2013.02.14 16:43:03.003,0.93083,0.9309,1.73,1.50
2013.02.14 16:43:03.182,0.93081,0.9309,2.63,3.00
2013.02.14 16:43:03.722,0.9308,0.93089,3.15,2.25
2013.02.14 16:43:04.251,0.9308,0.93089,2.40,2.25
2013.02.14 16:43:07.602,0.93081,0.93086,1.65,2.10
2013.02.14 16:43:07.734,0.93078,0.93085,1.73,2.44
2013.02.14 16:43:08.284,0.93079,0.93086,1.65,1.50
2013.02.14 16:43:08.343,0.93079,0.93087,1.88,3.00
2013.02.14 16:43:08.642,0.9308,0.93089,1.13,1.88
2013.02.14 16:43:08.703,0.9308,0.93089,1.88,1.88
2013.02.14 16:43:39.293,0.93081,0.93089,1.50,3.00
2013.02.14 16:43:39.482,0.93081,0.93089,1.50,2.25
2013.02.14 16:43:43.623,0.9308,0.93086,2.40,1.50
2013.02.14 16:43:51.922,0.93081,0.93088,1.50,1.50
2013.02.14 16:43:52.441,0.93081,0.93089,1.50,2.25
2013.02.14 16:43:55.652,0.93081,0.93089,3.23,2.25
2013.02.14 16:43:57.592,0.93081,0.93089,1.50,2.25
2013.02.14 16:44:17.054,0.93086,0.93091,1.73,2.25
2013.02.14 16:44:17.364,0.93086,0.93094,2.48,1.50
2013.02.14 16:44:18.109,0.93087,0.93095,1.13,3.75
2013.02.14 16:44:18.703,0.93086,0.93093,2.48,1.50
2013.02.14 16:44:21.023,0.93086,0.93092,1.73,1.50
2013.02.14 16:44:25.485,0.93084,0.9309,1.50,3.00
2013.02.14 16:44:25.553,0.93082,0.93089,1.50,2.25
2013.02.14 16:44:25.677,0.93079,0.93089,3.23,2.40
2013.02.14 16:44:25.803,0.93079,0.93087,2.48,1.50
2013.02.14 16:44:25.982,0.93079,0.93087,1.50,2.48
2013.02.14 16:44:28.324,0.93078,0.93086,2.25,1.13
2013.02.14 16:44:31.333,0.93078,0.93085,2.25,1.13
2013.02.14 16:44:44.682,0.9308,0.93088,1.50,4.28
2013.02.14 16:44:45.042,0.93082,0.93089,1.73,1.50
2013.02.14 16:44:45.586,0.93082,0.9309,2.48,1.28
2013.02.14 16:44:46.703,0.93086,0.93092,1.73,1.35
2013.02.14 16:44:47.243,0.93084,0.9309,2.48,1.05
2013.02.14 16:44:47.484,0.93081,0.93089,2.25,3.30
2013.02.14 16:44:47.963,0.9308,0.93086,1.50,1.28
2013.02.14 16:44:48.023,0.93078,0.93087,5.48,3.23
2013.02.14 16:44:48.383,0.93076,0.93083,2.25,1.88
2013.02.14 16:44:48.742,0.93072,0.9308,4.35,1.13
2013.02.14 16:44:49.043,0.93076,0.93082,3.38,1.50
2013.02.14 16:44:49.163,0.93077,0.93084,1.73,1.50
2013.02.14 16:44:49.282,0.93077,0.93085,1.13,2.93
2013.02.14 16:44:49.523,0.9308,0.93086,1.73,1.20
2013.02.14 16:44:51.202,0.93079,0.93086,1.50,1.20
2013.02.14 16:44:51.647,0.93078,0.93085,1.88,2.25
2013.02.14 16:44:51.713,0.93078,0.93085,2.48,2.40
2013.02.14 16:44:52.492,0.93077,0.93084,2.48,1.73
2013.02.14 16:44:53.903,0.93078,0.93085,2.48,2.25
2013.02.14 16:44:53.964,0.93081,0.93087,1.50,1.80
2013.02.14 16:44:54.022,0.93081,0.93089,3.00,2.40
2013.02.14 16:44:54.143,0.93082,0.93089,3.15,1.50
2013.02.14 16:44:54.202,0.93085,0.93092,1.13,2.25
2013.02.14 16:44:54.262,0.93086,0.93092,1.73,2.70
2013.02.14 16:44:54.443,0.93087,0.93095,1.13,4.05
2013.02.14 16:44:55.303,0.93091,0.93097,2.63,2.48
2013.02.14 16:44:55.364,0.93091,0.93099,3.38,2.70
2013.02.14 16:44:55.425,0.93092,0.93099,1.88,2.70
2013.02.14 16:44:55.545,0.93092,0.93101,4.13,1.73
2013.02.14 16:44:55.664,0.93092,0.93101,3.23,1.58
2013.02.14 16:44:55.846,0.93089,0.93096,1.73,2.18
2013.02.14 16:44:56.034,0.93087,0.93095,2.48,1.43
2013.02.14 16:44:56.104,0.93087,0.93093,1.73,1.95
2013.02.14 16:44:56.953,0.93083,0.93091,1.88,1.50
2013.02.14 16:44:57.193,0.93081,0.93087,2.25,2.25
2013.02.14 16:44:57.253,0.93078,0.93085,2.48,1.50
2013.02.14 16:44:57.792,0.93077,0.93085,2.48,2.25
2013.02.14 16:44:58.742,0.93077,0.93085,2.48,2.85
2013.02.14 16:45:00.243,0.9308,0.93084,3.38,1.50
2013.02.14 16:45:00.303,0.9308,0.93087,3.75,3.60
2013.02.14 16:45:00.423,0.93081,0.9309,3.38,2.63
2013.02.14 16:45:00.963,0.9308,0.93088,3.00,1.20
2013.02.14 16:45:01.263,0.93077,0.93083,1.73,1.73
2013.02.14 16:45:01.803,0.93078,0.93086,1.13,2.85
2013.02.14 16:45:01.865,0.93078,0.93086,2.40,2.10
2013.02.14 16:45:01.992,0.93079,0.93086,1.73,2.10
2013.02.14 16:45:06.555,0.93079,0.93087,1.65,1.35
2013.02.14 16:45:08.783,0.93079,0.93087,1.13,1.50
2013.02.14 16:45:09.442,0.9308,0.93087,1.73,1.50
2013.02.14 16:45:12.273,0.93081,0.93089,2.48,1.73
2013.02.14 16:45:14.632,0.93081,0.93088,2.48,1.50
2013.02.14 16:45:15.393,0.9308,0.93088,1.50,1.50
2013.02.14 16:45:21.602,0.9308,0.93089,1.50,3.75
2013.02.14 16:45:22.112,0.93081,0.93088,1.50,1.50
2013.02.14 16:45:22.787,0.9308,0.93088,1.50,1.50
2013.02.14 16:45:23.465,0.9308,0.93089,1.73,2.48
2013.02.14 16:45:25.734,0.93081,0.93089,1.50,4.13
2013.02.14 16:45:26.032,0.93078,0.93086,3.23,1.73
2013.02.14 16:45:28.182,0.93079,0.93087,2.48,1.73
2013.02.14 16:45:29.617,0.93078,0.93086,1.73,1.73
2013.02.14 16:45:29.923,0.93074,0.93082,4.50,2.48
2013.02.14 16:45:30.283,0.93077,0.93085,1.88,1.73
2013.02.14 16:45:30.355,0.93078,0.93086,1.88,2.25
2013.02.14 16:45:36.153,0.93079,0.93086,1.50,1.50
2013.02.14 16:45:47.401,0.9308,0.93087,1.50,2.48
2013.02.14 16:45:48.402,0.93079,0.93087,3.15,1.73
2013.02.14 16:45:48.522,0.9308,0.93087,1.88,1.50
2013.02.14 16:45:55.072,0.9308,0.93087,1.65,1.50
2013.02.14 16:45:55.689,0.93081,0.93087,1.73,1.50
2013.02.14 16:45:55.932,0.9308,0.93088,1.50,2.48
2013.02.14 16:46:00.604,0.93081,0.93087,1.50,1.73
2013.02.14 16:46:05.913,0.93082,0.93089,2.48,3.23
2013.02.14 16:46:06.153,0.93084,0.93092,1.13,4.50
2013.02.14 16:46:06.272,0.93086,0.93092,1.73,1.50
2013.02.14 16:46:11.309,0.93087,0.93094,1.73,2.48
2013.02.14 16:46:11.494,0.93089,0.93095,2.25,1.13
2013.02.14 16:46:11.854,0.9309,0.93098,3.98,1.73
2013.02.14 16:46:12.092,0.9309,0.93098,3.98,1.73
2013.02.14 16:46:12.154,0.9309,0.93098,2.48,2.48
2013.02.14 16:46:12.452,0.93089,0.93097,3.23,1.73
2013.02.14 16:46:12.992,0.93089,0.93097,2.48,2.48
2013.02.14 16:46:21.452,0.93088,0.93097,2.63,2.48
2013.02.14 16:46:21.692,0.93086,0.93092,3.00,1.73
2013.02.14 16:46:21.873,0.93086,0.93094,3.23,2.48
2013.02.14 16:46:22.802,0.93087,0.93095,1.73,2.63
2013.02.14 16:46:23.222,0.93088,0.93095,1.88,1.50
2013.02.14 16:46:23.925,0.93088,0.93095,1.65,1.73
2013.02.14 16:46:24.432,0.93088,0.93095,1.65,1.73
2013.02.14 16:46:25.122,0.93088,0.93095,1.65,1.73
2013.02.14 16:46:27.434,0.93087,0.93095,3.90,1.73
2013.02.14 16:46:33.756,0.93089,0.93095,1.50,1.73
2013.02.14 16:46:36.313,0.93089,0.93095,2.48,1.50
2013.02.14 16:46:36.434,0.93091,0.93099,1.50,3.98
2013.02.14 16:46:36.492,0.93091,0.93099,3.00,2.48
2013.02.14 16:46:36.793,0.93089,0.93096,2.63,1.73
2013.02.14 16:46:45.363,0.93089,0.93096,1.50,2.48
2013.02.14 16:46:48.032,0.93089,0.93096,4.50,1.73
2013.02.14 16:46:48.453,0.93089,0.93096,1.50,2.48
2013.02.14 16:46:51.403,0.93089,0.93095,1.65,1.73
2013.02.14 16:46:51.927,0.93089,0.93097,1.88,1.73
2013.02.14 16:46:53.272,0.93089,0.93096,1.88,1.73
2013.02.14 16:46:53.782,0.93091,0.93098,1.50,1.50
2013.02.14 16:46:57.703,0.93094,0.93102,3.00,4.88
2013.02.14 16:46:57.764,0.93094,0.93103,3.23,2.85
2013.02.14 16:46:57.882,0.93095,0.93103,2.63,1.88
2013.02.14 16:46:58.422,0.93096,0.93103,1.88,2.25
2013.02.14 16:46:59.192,0.93096,0.93103,2.40,1.50
2013.02.14 16:46:59.750,0.93095,0.93103,2.63,2.48
2013.02.14 16:47:01.886,0.93094,0.93099,1.50,1.50
2013.02.14 16:47:02.194,0.9309,0.93098,3.00,3.38
2013.02.14 16:47:02.752,0.9309,0.93098,1.50,3.90
2013.02.14 16:47:03.293,0.93084,0.93092,5.25,1.73
2013.02.14 16:47:03.413,0.93084,0.93091,1.65,1.73
2013.02.14 16:47:03.534,0.93086,0.93093,2.25,1.73
2013.02.14 16:47:03.593,0.93087,0.93094,1.13,2.25
2013.02.14 16:47:03.894,0.9308,0.93088,5.82,2.48
2013.02.14 16:47:03.953,0.9308,0.93086,5.82,1.50
2013.02.14 16:47:04.493,0.9308,0.93088,2.63,2.48
2013.02.14 16:47:08.343,0.9308,0.93088,3.38,2.48
2013.02.14 16:47:08.907,0.93082,0.93088,1.50,2.48
2013.02.14 16:47:09.044,0.93082,0.93088,2.63,1.50
2013.02.14 16:47:09.165,0.93085,0.9309,1.50,1.73
2013.02.14 16:47:09.236,0.93082,0.9309,3.00,3.60
2013.02.14 16:47:10.121,0.93081,0.93089,1.65,1.13
2013.02.14 16:47:23.082,0.93081,0.93087,1.65,2.48
2013.02.14 16:47:35.202,0.93079,0.93087,1.88,2.48
2013.02.14 16:47:36.092,0.93079,0.93086,1.13,1.50
2013.02.14 16:47:36.212,0.93078,0.93086,3.00,2.10
2013.02.14 16:47:36.452,0.93077,0.93084,1.50,2.48
2013.02.14 16:47:41.801,0.93076,0.93084,1.73,2.48
2013.02.14 16:47:45.012,0.93077,0.93084,1.73,2.48
2013.02.14 16:47:47.462,0.93077,0.93083,1.73,1.73
2013.02.14 16:47:47.974,0.93077,0.93084,1.73,1.50
2013.02.14 16:47:48.332,0.93075,0.93084,1.88,3.23
2013.02.14 16:47:48.512,0.93077,0.93085,2.10,1.50
2013.02.14 16:47:49.052,0.93077,0.93083,2.10,1.50
2013.02.14 16:47:54.622,0.93077,0.93083,1.50,2.25
2013.02.14 16:47:54.744,0.93076,0.93081,1.50,1.73
2013.02.14 16:47:55.043,0.93074,0.9308,1.50,1.88
2013.02.14 16:47:55.402,0.93071,0.93077,1.50,1.50
2013.02.14 16:48:15.545,0.93072,0.93079,1.73,2.48
2013.02.14 16:48:21.273,0.9307,0.93078,1.88,2.48
2013.02.14 16:48:23.013,0.93067,0.93074,1.50,1.50
2013.02.14 16:48:23.134,0.93068,0.93075,1.50,4.88
2013.02.14 16:48:23.673,0.93066,0.93074,1.88,1.88
2013.02.14 16:48:29.162,0.93066,0.93074,2.48,1.73
2013.02.14 16:48:40.962,0.93067,0.93075,2.63,3.75
2013.02.14 16:48:41.084,0.93069,0.93075,1.88,1.73
2013.02.14 16:48:41.143,0.9307,0.93076,1.65,1.73
2013.02.14 16:48:41.323,0.93071,0.93077,1.88,1.73
2013.02.14 16:48:41.443,0.93074,0.9308,3.00,1.13
2013.02.14 16:48:41.504,0.93076,0.9308,1.50,1.50
2013.02.14 16:48:41.563,0.93076,0.93084,1.88,4.73
2013.02.14 16:48:41.682,0.93077,0.93085,2.40,2.48
2013.02.14 16:48:42.243,0.9308,0.93087,1.88,1.50
2013.02.14 16:48:47.483,0.9308,0.93086,1.13,1.73
2013.02.14 16:48:53.342,0.93078,0.93086,1.13,3.75
2013.02.14 16:49:02.903,0.93078,0.93086,1.20,3.98
2013.02.14 16:49:04.943,0.9308,0.93089,1.13,8.63
2013.02.14 16:49:05.009,0.9308,0.93086,1.13,2.48
2013.02.14 16:49:05.133,0.93078,0.93085,1.13,1.50
2013.02.14 16:49:05.193,0.9308,0.93086,1.13,3.75
2013.02.14 16:49:05.313,0.93076,0.93083,2.40,2.48
2013.02.14 16:49:05.433,0.93074,0.93081,2.25,2.48
2013.02.14 16:49:05.493,0.93073,0.9308,1.13,1.73
2013.02.14 16:49:05.613,0.93072,0.9308,1.35,1.50
2013.02.14 16:49:06.093,0.93074,0.93082,1.35,2.48
2013.02.14 16:49:06.664,0.93074,0.9308,2.85,1.50
2013.02.14 16:49:07.693,0.93078,0.93084,1.35,1.50
2013.02.14 16:49:07.753,0.93078,0.93084,1.35,2.25
2013.02.14 16:49:07.934,0.93081,0.93087,1.13,2.25
2013.02.14 16:49:07.994,0.93082,0.93087,1.13,2.25
2013.02.14 16:49:10.734,0.93082,0.93088,2.10,1.50
2013.02.14 16:49:14.593,0.93082,0.93088,2.10,1.50
2013.02.14 16:49:15.413,0.93082,0.93088,1.20,1.50
2013.02.14 16:49:16.602,0.9308,0.93087,2.40,1.50
2013.02.14 16:49:17.533,0.9308,0.93087,2.40,1.50
2013.02.14 16:49:17.654,0.93077,0.93084,3.23,3.23
2013.02.14 16:49:17.997,0.93079,0.93086,1.50,2.25
2013.02.14 16:49:18.242,0.93082,0.93088,1.20,1.73
2013.02.14 16:49:18.836,0.93083,0.93089,1.20,1.73
2013.02.14 16:49:20.975,0.93082,0.93088,1.73,3.08
2013.02.14 16:49:21.055,0.93069,0.93075,1.50,1.50
2013.02.14 16:49:21.127,0.93067,0.93075,1.13,1.50
2013.02.14 16:49:21.194,0.93069,0.93075,1.50,1.50
2013.02.14 16:49:21.933,0.93069,0.93078,3.38,3.75
2013.02.14 16:49:22.052,0.9307,0.93078,1.50,1.50
2013.02.14 16:49:22.604,0.93072,0.93079,1.50,1.50
2013.02.14 16:49:22.903,0.93073,0.93082,1.50,2.25
2013.02.14 16:49:23.262,0.93074,0.93083,2.25,2.25
2013.02.14 16:49:23.573,0.93073,0.93079,1.50,2.10
2013.02.14 16:49:23.873,0.93069,0.93075,1.50,1.50
2013.02.14 16:49:23.992,0.93066,0.93074,3.00,1.50
2013.02.14 16:49:24.173,0.93066,0.93072,2.25,2.48
2013.02.14 16:49:24.714,0.93066,0.93073,3.98,2.25
2013.02.14 16:49:25.255,0.93064,0.93072,3.60,1.50
2013.02.14 16:49:26.872,0.93066,0.93072,1.73,1.50
2013.02.14 16:49:27.122,0.93072,0.93079,1.50,1.13
2013.02.14 16:49:27.243,0.93073,0.93079,1.13,2.25
2013.02.14 16:49:27.423,0.93074,0.9308,1.50,1.50
2013.02.14 16:49:28.834,0.93074,0.93081,1.50,1.50
2013.02.14 16:49:29.133,0.93073,0.93078,1.13,1.50
2013.02.14 16:49:29.386,0.93068,0.93075,2.63,3.98
2013.02.14 16:49:29.578,0.93071,0.93078,1.35,2.25
2013.02.14 16:49:29.884,0.93073,0.93078,1.95,2.25
2013.02.14 16:49:30.414,0.93073,0.9308,2.85,2.25
2013.02.14 16:49:30.794,0.93067,0.93076,5.85,2.25
2013.02.14 16:49:30.913,0.93069,0.93076,1.50,3.23
2013.02.14 16:49:31.034,0.93066,0.93075,3.23,2.48
2013.02.14 16:49:31.333,0.93065,0.93072,2.25,3.75
2013.02.14 16:49:31.692,0.93066,0.93072,1.13,1.50
2013.02.14 16:49:32.203,0.93065,0.93072,2.10,1.50
2013.02.14 16:49:32.383,0.93068,0.93074,1.88,1.50
2013.02.14 16:49:32.443,0.93069,0.93075,1.13,1.50
2013.02.14 16:49:32.566,0.93072,0.93077,1.50,1.50
2013.02.14 16:49:33.703,0.93071,0.93076,1.73,1.50
2013.02.14 16:49:33.884,0.93066,0.93072,1.73,1.50
2013.02.14 16:49:34.003,0.93065,0.93072,2.18,4.50
2013.02.14 16:49:34.552,0.93064,0.93071,1.13,1.50
2013.02.14 16:49:36.773,0.93062,0.9307,3.23,3.00
2013.02.14 16:49:36.953,0.93061,0.93067,1.88,3.75
2013.02.14 16:49:37.072,0.93059,0.93066,1.35,2.25
2013.02.14 16:49:37.503,0.9306,0.93068,1.13,2.48
2013.02.14 16:49:37.624,0.93061,0.93067,3.00,2.25
2013.02.14 16:49:37.863,0.93063,0.93068,1.88,1.50
2013.02.14 16:49:38.642,0.93064,0.9307,1.13,1.50
2013.02.14 16:49:39.206,0.93064,0.93071,1.13,1.50
2013.02.14 16:49:41.362,0.93064,0.93071,1.13,1.50
2013.02.14 16:49:45.092,0.93065,0.93071,1.73,1.50
2013.02.14 16:49:46.804,0.93065,0.9307,1.73,1.50
2013.02.14 16:49:46.984,0.93062,0.93069,1.13,1.73
2013.02.14 16:49:47.109,0.93063,0.93069,1.13,1.73
2013.02.14 16:49:47.534,0.93061,0.93068,1.73,1.65
2013.02.14 16:49:47.892,0.93057,0.93064,3.38,1.73
2013.02.14 16:49:49.342,0.93057,0.93064,1.88,1.95
2013.02.14 16:49:50.792,0.93057,0.93065,1.13,3.98
2013.02.14 16:49:51.374,0.93057,0.93064,1.88,1.73
2013.02.14 16:49:52.012,0.93057,0.93065,1.13,3.23
2013.02.14 16:49:54.453,0.93058,0.93065,1.88,2.25
2013.02.14 16:49:54.754,0.93064,0.93069,1.13,1.50
2013.02.14 16:49:55.053,0.93064,0.93069,1.13,2.25
2013.02.14 16:49:55.113,0.93064,0.9307,1.13,1.50
2013.02.14 16:49:55.232,0.93063,0.93068,1.35,1.50
2013.02.14 16:49:55.352,0.93064,0.93072,4.13,1.50
2013.02.14 16:49:55.604,0.93061,0.93069,2.85,2.25
2013.02.14 16:49:55.785,0.93063,0.9307,1.13,6.19
2013.02.14 16:49:55.845,0.93062,0.93069,1.73,3.23
2013.02.14 16:49:56.024,0.9306,0.93067,1.73,2.63
2013.02.14 16:49:56.522,0.93059,0.93068,1.73,5.25
2013.02.14 16:49:56.582,0.9306,0.93068,2.85,3.00
2013.02.14 16:49:57.185,0.93063,0.93069,1.13,1.50
2013.02.14 16:49:57.502,0.93065,0.93071,1.50,1.50
2013.02.14 16:49:58.632,0.93065,0.93071,1.50,3.00
2013.02.14 16:49:59.303,0.93065,0.93071,1.50,2.25
2013.02.14 16:50:01.014,0.93063,0.93071,1.88,2.25
2013.02.14 16:50:01.552,0.93063,0.93071,1.88,3.00
2013.02.14 16:50:02.612,0.93063,0.9307,1.88,1.50
2013.02.14 16:50:03.144,0.93063,0.9307,1.88,1.50
2013.02.14 16:50:03.263,0.93063,0.93067,1.50,1.50
2013.02.14 16:50:03.324,0.93061,0.93067,1.50,4.66
2013.02.14 16:50:03.443,0.93057,0.93065,1.88,2.25
2013.02.14 16:50:03.744,0.93061,0.93068,1.35,1.50
2013.02.14 16:50:03.864,0.93063,0.93069,1.35,1.50
2013.02.14 16:50:04.420,0.93063,0.9307,2.10,1.50
2013.02.14 16:50:06.593,0.93066,0.93071,1.13,2.25
2013.02.14 16:50:06.834,0.93066,0.93074,2.85,1.50
2013.02.14 16:50:06.953,0.93065,0.93073,1.35,3.00
2013.02.14 16:50:07.513,0.93065,0.93072,1.35,3.00
2013.02.14 16:50:08.643,0.93063,0.9307,1.13,2.25
2013.02.14 16:50:09.152,0.93062,0.9307,1.35,2.25
2013.02.14 16:50:09.273,0.93062,0.93068,1.65,1.50
2013.02.14 16:50:09.573,0.93059,0.93067,1.73,2.48
2013.02.14 16:50:10.052,0.93057,0.93065,3.38,3.00
2013.02.14 16:50:10.113,0.93058,0.93065,1.88,1.50
2013.02.14 16:50:10.293,0.9306,0.93068,1.35,3.23
2013.02.14 16:50:10.474,0.93061,0.93068,2.63,1.50
2013.02.14 16:50:17.214,0.93062,0.93071,3.23,3.75
2013.02.14 16:50:17.274,0.93066,0.93073,1.35,4.50
2013.02.14 16:50:17.634,0.93067,0.93074,2.25,1.50
2013.02.14 16:50:17.693,0.93072,0.93078,1.50,2.25
2013.02.14 16:50:18.242,0.9307,0.93078,1.35,3.00
2013.02.14 16:50:19.213,0.93069,0.93078,2.85,3.00
2013.02.14 16:50:19.273,0.93068,0.93076,2.25,1.50
2013.02.14 16:50:19.517,0.93067,0.93072,1.50,1.50
2013.02.14 16:50:19.583,0.93064,0.93071,1.73,1.50
2013.02.14 16:50:19.702,0.93063,0.93071,3.38,1.50
2013.02.14 16:50:30.523,0.93061,0.93069,2.25,2.25
2013.02.14 16:50:30.643,0.93061,0.93067,1.13,2.25
2013.02.14 16:50:30.949,0.93061,0.93068,1.88,1.50
2013.02.14 16:50:31.492,0.93062,0.93068,1.13,1.50
2013.02.14 16:50:31.732,0.93063,0.9307,1.13,3.00
2013.02.14 16:50:35.764,0.93062,0.9307,1.50,5.25
2013.02.14 16:50:37.665,0.93063,0.9307,1.88,4.50
2013.02.14 16:50:37.727,0.93063,0.93069,2.63,1.50
2013.02.14 16:50:40.334,0.93063,0.93069,1.88,1.50
2013.02.14 16:50:43.403,0.93064,0.9307,2.10,1.50
2013.02.14 16:50:43.522,0.93065,0.93072,1.73,1.50
2013.02.14 16:50:44.452,0.93065,0.93072,1.73,1.50
2013.02.14 16:50:44.576,0.93067,0.93074,1.35,3.38
2013.02.14 16:50:46.903,0.93065,0.93073,1.73,3.00
2013.02.14 16:50:48.953,0.93064,0.93071,1.88,2.25
2013.02.14 16:50:49.013,0.93064,0.93071,1.88,3.00
2013.02.14 16:50:49.533,0.93064,0.9307,1.13,1.50
2013.02.14 16:50:50.035,0.93064,0.9307,1.13,1.50
2013.02.14 16:50:50.619,0.93064,0.9307,1.13,1.50
2013.02.14 16:50:52.472,0.93064,0.9307,1.13,1.50
2013.02.14 16:50:54.819,0.93064,0.9307,1.13,1.50
2013.02.14 16:50:57.222,0.93064,0.9307,1.13,1.50
2013.02.14 16:51:03.014,0.93061,0.93067,3.00,2.25
2013.02.14 16:51:03.374,0.93061,0.93066,2.48,1.50
2013.02.14 16:51:03.673,0.93063,0.93069,4.13,1.50
2013.02.14 16:51:03.793,0.93063,0.9307,5.63,1.50
2013.02.14 16:51:04.333,0.93065,0.93072,1.35,1.50
2013.02.14 16:51:08.704,0.93065,0.93073,6.98,1.50
2013.02.14 16:51:08.763,0.93068,0.93075,1.35,3.75
2013.02.14 16:51:09.065,0.93067,0.93074,1.50,1.50
2013.02.14 16:51:09.723,0.93067,0.93074,1.58,1.50
2013.02.14 16:51:09.844,0.93064,0.93071,4.58,1.50
2013.02.14 16:51:09.903,0.93064,0.9307,3.38,1.50
2013.02.14 16:51:10.683,0.93066,0.93071,1.13,1.50
2013.02.14 16:51:10.743,0.93066,0.93072,1.13,2.48
2013.02.14 16:51:10.804,0.93064,0.93072,3.23,2.48
2013.02.14 16:51:10.935,0.93066,0.93073,2.48,1.50
2013.02.14 16:51:11.472,0.93067,0.93073,1.88,1.50
2013.02.14 16:51:11.777,0.93064,0.93072,3.23,1.50
2013.02.14 16:51:13.845,0.93064,0.93072,2.10,1.50
2013.02.14 16:51:17.793,0.93065,0.93073,1.35,3.75
2013.02.14 16:51:17.915,0.93065,0.93074,2.85,1.50
2013.02.14 16:51:17.984,0.93068,0.93074,1.88,1.50
2013.02.14 16:51:18.164,0.93071,0.93077,1.35,1.50
2013.02.14 16:51:18.284,0.93071,0.93078,1.35,2.25
2013.02.14 16:51:19.132,0.93071,0.93078,2.10,2.25
2013.02.14 16:51:19.373,0.93068,0.93075,1.50,1.50
2013.02.14 16:51:20.932,0.93069,0.93075,2.10,1.50
2013.02.14 16:51:21.573,0.93071,0.93077,2.10,1.50
2013.02.14 16:51:22.785,0.93071,0.93078,2.10,1.50
2013.02.14 16:51:22.964,0.93072,0.93079,2.10,1.50
2013.02.14 16:51:23.203,0.93073,0.93079,1.13,1.50
2013.02.14 16:51:25.422,0.93073,0.93079,1.13,1.50
2013.02.14 16:51:27.034,0.93073,0.93079,4.20,1.50
2013.02.14 16:51:27.165,0.93078,0.93084,1.13,3.38
2013.02.14 16:51:27.226,0.93079,0.93084,1.13,1.88
2013.02.14 16:51:27.294,0.9308,0.93089,1.88,1.50
2013.02.14 16:51:27.357,0.93081,0.9309,1.13,3.00
2013.02.14 16:51:27.854,0.9308,0.93087,1.73,1.13
2013.02.14 16:51:28.942,0.93079,0.93087,2.63,1.13
2013.02.14 16:51:30.164,0.93079,0.93088,1.88,3.00
2013.02.14 16:51:30.466,0.93077,0.93082,1.73,1.50
2013.02.14 16:51:30.535,0.93075,0.93082,1.73,2.25
2013.02.14 16:51:31.224,0.93074,0.93082,3.23,2.25
2013.02.14 16:51:33.324,0.93074,0.9308,2.48,1.50
2013.02.14 16:51:33.383,0.93072,0.9308,2.85,2.25
2013.02.14 16:51:33.504,0.93072,0.9308,2.10,2.25
2013.02.14 16:51:33.862,0.93072,0.9308,2.10,3.00
2013.02.14 16:51:34.103,0.93072,0.9308,3.38,1.50
2013.02.14 16:51:35.088,0.93072,0.9308,3.15,1.50
2013.02.14 16:51:35.453,0.93075,0.93082,1.73,3.00
2013.02.14 16:51:35.993,0.93073,0.93081,3.90,1.50
2013.02.14 16:51:50.593,0.93073,0.93081,2.25,2.40
2013.02.14 16:51:50.833,0.93073,0.9308,1.73,1.50
2013.02.14 16:51:53.787,0.93071,0.93079,3.00,1.50
2013.02.14 16:51:54.333,0.93073,0.9308,2.10,2.25
2013.02.14 16:51:54.513,0.93073,0.9308,2.10,2.25
2013.02.14 16:51:56.623,0.93072,0.9308,2.85,3.00
2013.02.14 16:51:57.834,0.93072,0.9308,2.85,3.00
2013.02.14 16:52:00.953,0.93072,0.9308,2.10,3.00
2013.02.14 16:52:01.074,0.93072,0.93079,1.50,1.50
2013.02.14 16:52:01.133,0.93072,0.93083,1.88,2.25
2013.02.14 16:52:01.196,0.93074,0.93081,2.48,1.73
2013.02.14 16:52:01.387,0.93076,0.93085,3.98,1.88
2013.02.14 16:52:01.515,0.93076,0.93083,1.73,1.50
2013.02.14 16:52:01.635,0.93077,0.93086,3.00,2.48
2013.02.14 16:52:01.934,0.93079,0.93086,1.73,3.00
2013.02.14 16:52:02.113,0.93079,0.93086,2.48,3.00
2013.02.14 16:52:02.663,0.9308,0.93087,1.73,2.25
2013.02.14 16:52:03.594,0.93081,0.93087,1.73,2.25
2013.02.14 16:52:03.725,0.93082,0.9309,2.48,1.65
2013.02.14 16:52:03.976,0.93082,0.93089,1.50,2.25
2013.02.14 16:52:04.494,0.93082,0.93089,1.73,1.50
2013.02.14 16:52:09.053,0.93085,0.93092,1.13,1.73
2013.02.14 16:52:09.184,0.93086,0.93094,1.73,2.25
2013.02.14 16:52:09.362,0.93087,0.93095,3.23,1.65
2013.02.14 16:52:09.913,0.93088,0.93095,1.73,1.65
2013.02.14 16:52:10.225,0.93088,0.93095,3.23,1.65
2013.02.14 16:52:10.947,0.93088,0.93095,2.48,1.50
2013.02.14 16:52:12.153,0.93088,0.93095,1.50,7.69
2013.02.14 16:52:12.333,0.93085,0.93093,4.73,1.50
2013.02.14 16:52:12.456,0.93085,0.93093,4.73,1.50
2013.02.14 16:52:12.524,0.93086,0.93093,2.48,1.50
2013.02.14 16:52:12.882,0.93089,0.93096,1.73,1.65
2013.02.14 16:52:13.402,0.93088,0.93096,3.23,2.40
2013.02.14 16:52:13.883,0.93086,0.93094,3.23,1.50
2013.02.14 16:52:15.033,0.93087,0.93095,1.73,3.00
2013.02.14 16:52:16.923,0.93089,0.93095,1.73,1.50
2013.02.14 16:52:17.283,0.9309,0.93097,1.73,2.25
2013.02.14 16:52:17.403,0.93091,0.93097,1.73,1.50
2013.02.14 16:52:17.464,0.93091,0.93097,1.73,1.50
2013.02.14 16:52:18.003,0.93092,0.93099,1.73,1.50
2013.02.14 16:52:18.384,0.93091,0.93098,2.25,1.50
2013.02.14 16:52:18.923,0.93091,0.93099,3.23,2.25
2013.02.14 16:52:19.463,0.93093,0.93101,3.23,2.63
2013.02.14 16:52:21.154,0.93093,0.93101,1.73,2.25
2013.02.14 16:52:22.163,0.93091,0.931,5.48,1.50
2013.02.14 16:52:22.342,0.93091,0.931,2.25,3.00
2013.02.14 16:52:26.023,0.93097,0.93103,1.13,2.85
2013.02.14 16:52:26.144,0.93096,0.93103,3.00,3.23
2013.02.14 16:52:26.263,0.93096,0.93103,1.88,1.50
2013.02.14 16:52:26.564,0.93097,0.93103,3.75,1.50
2013.02.14 16:52:27.102,0.93098,0.93105,1.73,1.50
2013.02.14 16:52:28.356,0.93097,0.93104,1.73,1.88
2013.02.14 16:52:35.644,0.93097,0.93105,2.48,2.48
2013.02.14 16:52:36.004,0.93099,0.93108,3.23,2.25
2013.02.14 16:52:36.315,0.93101,0.93109,3.23,1.88
2013.02.14 16:52:36.564,0.93104,0.93111,1.73,1.88
2013.02.14 16:52:36.624,0.93104,0.93111,1.73,3.00
2013.02.14 16:52:36.804,0.93103,0.9311,1.73,2.18
2013.02.14 16:52:36.864,0.93101,0.93108,2.48,1.50
2013.02.14 16:52:37.403,0.93101,0.93108,1.73,1.50
2013.02.14 16:52:39.013,0.93101,0.93108,2.48,1.50
2013.02.14 16:52:41.463,0.931,0.93107,1.73,1.50
2013.02.14 16:52:45.682,0.93101,0.93108,1.73,2.25
2013.02.14 16:52:45.983,0.931,0.93109,3.98,3.75
2013.02.14 16:52:51.733,0.93101,0.93108,2.48,1.50
2013.02.14 16:52:52.263,0.93101,0.93108,2.25,1.50
2013.02.14 16:52:55.313,0.93099,0.93106,1.50,1.13
2013.02.14 16:52:55.375,0.93099,0.93105,1.50,1.13
2013.02.14 16:52:55.433,0.93098,0.93106,1.65,1.73
2013.02.14 16:52:55.494,0.93098,0.93106,1.73,1.65
2013.02.14 16:52:55.854,0.93098,0.93104,1.73,1.50
2013.02.14 16:52:56.393,0.93097,0.93105,2.48,1.50
2013.02.14 16:53:00.884,0.931,0.93107,2.40,2.25
2013.02.14 16:53:00.946,0.93101,0.93108,1.50,3.23
2013.02.14 16:53:01.018,0.93102,0.93108,1.73,1.50
2013.02.14 16:53:01.089,0.93102,0.93108,1.73,1.50
2013.02.14 16:53:01.156,0.93103,0.9311,1.73,2.25
2013.02.14 16:53:01.354,0.93104,0.9311,1.73,2.25
2013.02.14 16:53:01.892,0.93104,0.9311,1.50,1.50
2013.02.14 16:53:04.425,0.93104,0.9311,1.50,1.50
2013.02.14 16:53:04.963,0.93103,0.9311,1.73,2.25
2013.02.14 16:53:13.680,0.931,0.93108,4.65,1.50
2013.02.14 16:53:13.863,0.931,0.93108,2.48,2.25
2013.02.14 16:53:14.043,0.93099,0.93106,3.23,1.50
2013.02.14 16:53:14.896,0.93099,0.93106,2.48,1.73
2013.02.14 16:53:20.719,0.93099,0.93105,2.48,1.50
2013.02.14 16:53:21.593,0.931,0.93108,1.88,1.50
2013.02.14 16:53:21.653,0.931,0.93108,3.38,1.50
2013.02.14 16:53:22.196,0.931,0.93108,2.40,1.50
2013.02.14 16:53:26.354,0.931,0.93107,2.48,1.50
2013.02.14 16:53:30.726,0.93098,0.93106,3.98,2.25
2013.02.14 16:53:57.334,0.93099,0.93106,1.73,2.25
2013.02.14 16:53:57.455,0.93099,0.93106,3.23,1.50
2013.02.14 16:54:21.273,0.931,0.93108,3.00,1.50
2013.02.14 16:54:21.393,0.93102,0.9311,2.48,2.25
2013.02.14 16:54:21.754,0.93101,0.93107,4.50,1.50
2013.02.14 16:54:26.530,0.93101,0.93107,1.50,2.25
2013.02.14 16:54:26.836,0.93101,0.93107,1.73,1.50
2013.02.14 16:54:27.444,0.931,0.93107,1.73,3.19
2013.02.14 16:54:36.033,0.931,0.93107,1.73,2.25
2013.02.14 16:54:36.713,0.93099,0.93106,1.50,1.50
2013.02.14 16:54:36.773,0.93098,0.93104,1.73,1.50
2013.02.14 16:54:36.894,0.93097,0.93104,1.50,1.50
2013.02.14 16:54:45.535,0.93094,0.93102,2.48,2.63
2013.02.14 16:54:45.594,0.93094,0.93102,2.48,2.25
2013.02.14 16:54:46.573,0.93094,0.931,1.50,1.50
2013.02.14 16:54:47.124,0.93091,0.93097,1.50,1.50
2013.02.14 16:54:47.364,0.9309,0.93096,1.73,1.50
2013.02.14 16:54:47.903,0.93089,0.93096,1.50,1.50
2013.02.14 16:54:52.335,0.93085,0.93091,2.10,3.15
2013.02.14 16:54:52.394,0.93083,0.93091,1.88,1.50
2013.02.14 16:54:52.573,0.93083,0.93089,1.65,1.50
2013.02.14 16:54:53.004,0.93081,0.93088,4.50,1.50
2013.02.14 16:54:53.603,0.93083,0.93089,1.50,1.50
2013.02.14 16:54:53.783,0.93083,0.93091,2.63,3.00
2013.02.14 16:54:53.963,0.93082,0.9309,1.73,3.75
2013.02.14 16:54:54.523,0.93081,0.93088,1.50,2.25
2013.02.14 16:54:55.315,0.93085,0.9309,1.88,1.50
2013.02.14 16:54:55.375,0.93085,0.93091,2.63,2.25
2013.02.14 16:54:55.434,0.93085,0.93093,3.38,3.00
2013.02.14 16:54:55.793,0.9309,0.93096,1.73,1.65
2013.02.14 16:54:55.853,0.9309,0.93098,1.73,3.00
2013.02.14 16:54:56.394,0.93091,0.93098,1.50,1.50
2013.02.14 16:55:07.213,0.9309,0.93096,1.65,2.25
2013.02.14 16:55:07.395,0.93088,0.93096,3.23,3.90
2013.02.14 16:55:07.454,0.93088,0.93095,2.48,2.40
2013.02.14 16:55:07.813,0.93087,0.93093,1.88,1.50
2013.02.14 16:55:08.713,0.93087,0.93093,1.73,2.25
2013.02.14 16:55:12.813,0.93085,0.93093,3.38,3.00
2013.02.14 16:55:12.883,0.93084,0.9309,1.50,1.50
2013.02.14 16:55:13.185,0.93083,0.9309,2.25,3.00
2013.02.14 16:55:13.257,0.93083,0.93091,2.48,3.00
2013.02.14 16:55:13.324,0.93083,0.9309,1.73,1.50
2013.02.14 16:55:13.726,0.93083,0.9309,2.25,2.25
2013.02.14 16:55:14.037,0.93086,0.93091,1.50,1.50
2013.02.14 16:55:17.269,0.93086,0.93093,2.48,1.73
2013.02.14 16:55:22.054,0.93088,0.93093,1.88,2.48
2013.02.14 16:55:23.273,0.93088,0.93096,1.73,3.98
2013.02.14 16:55:23.633,0.9309,0.93096,1.50,2.25
2013.02.14 16:55:30.213,0.9309,0.93098,3.23,2.48
2013.02.14 16:55:32.844,0.9309,0.93096,1.73,3.23
2013.02.14 16:55:33.824,0.9309,0.93097,1.88,2.10
2013.02.14 16:55:34.445,0.9309,0.93096,3.15,1.50
2013.02.14 16:55:50.643,0.9309,0.93096,2.63,1.50
2013.02.14 16:56:00.525,0.9309,0.93099,1.88,3.98
2013.02.14 16:56:01.024,0.9309,0.93098,1.88,1.73
2013.02.14 16:56:01.388,0.9309,0.93099,1.88,3.23
2013.02.14 16:56:03.426,0.9309,0.93098,1.88,2.48
2013.02.14 16:56:04.273,0.9309,0.93098,2.40,2.48
2013.02.14 16:56:05.373,0.9309,0.93098,2.63,2.48
2013.02.14 16:56:08.318,0.93091,0.93098,1.13,1.50
2013.02.14 16:56:08.503,0.93091,0.93098,2.48,1.50
2013.02.14 16:56:08.624,0.93093,0.93101,3.60,1.50
2013.02.14 16:56:08.683,0.93097,0.93102,1.73,3.00
2013.02.14 16:56:09.233,0.93096,0.93102,1.73,1.50
2013.02.14 16:56:09.743,0.93095,0.93103,3.38,1.65
2013.02.14 16:56:11.283,0.93096,0.93103,1.73,1.65
2013.02.14 16:56:11.823,0.93097,0.93104,2.48,2.10
2013.02.14 16:56:12.384,0.93101,0.93107,1.13,19.50
2013.02.14 16:56:12.444,0.93104,0.93109,1.65,1.88
2013.02.14 16:56:12.743,0.93105,0.93112,1.50,2.10
2013.02.14 16:56:13.413,0.93104,0.93111,1.73,1.65
2013.02.14 16:56:13.534,0.93102,0.9311,3.23,1.50
2013.02.14 16:56:13.895,0.93099,0.93107,1.73,4.13
2013.02.14 16:56:14.017,0.93097,0.93105,1.73,1.50
2013.02.14 16:56:14.565,0.93097,0.93105,2.48,1.50
2013.02.14 16:56:16.245,0.93098,0.93107,3.98,5.85
2013.02.14 16:56:16.748,0.93101,0.93107,1.50,4.35
2013.02.14 16:56:21.015,0.93098,0.93107,2.48,5.10
2013.02.14 16:56:23.010,0.93098,0.93107,4.73,5.85
2013.02.14 16:56:25.693,0.93099,0.93107,2.63,3.23
2013.02.14 16:56:25.944,0.93099,0.93107,1.88,3.00
2013.02.14 16:56:27.744,0.93098,0.93105,1.50,2.63
2013.02.14 16:56:28.303,0.93097,0.93104,2.48,1.73
2013.02.14 16:56:29.003,0.93097,0.93104,2.48,1.73
2013.02.14 16:56:36.574,0.93097,0.93105,1.73,3.38
2013.02.14 16:56:40.923,0.93096,0.93104,2.48,1.73
2013.02.14 16:56:41.164,0.93094,0.93101,1.73,1.50
2013.02.14 16:56:41.404,0.93092,0.931,1.50,3.23
2013.02.14 16:56:41.523,0.93091,0.931,3.98,3.75
2013.02.14 16:56:41.643,0.93091,0.931,3.38,3.75
2013.02.14 16:56:41.763,0.93091,0.931,2.40,3.75
2013.02.14 16:56:44.345,0.93092,0.931,3.98,2.25
2013.02.14 16:56:44.703,0.93095,0.93102,2.48,1.50
2013.02.14 16:56:44.883,0.93096,0.93104,2.48,2.48
2013.02.14 16:56:45.123,0.93096,0.93105,5.48,4.13
2013.02.14 16:56:49.524,0.93099,0.93105,1.50,1.73
2013.02.14 16:56:50.063,0.931,0.93107,1.73,1.50
2013.02.14 16:56:52.624,0.931,0.93108,2.48,1.50
2013.02.14 16:56:52.991,0.93107,0.93118,15.80,1.50
2013.02.14 16:56:53.234,0.93117,0.93136,22.86,1.50
2013.02.14 16:56:53.293,0.93129,0.93135,2.07,2.10
2013.02.14 16:56:53.476,0.93128,0.93134,1.17,2.63
2013.02.14 16:56:53.535,0.93122,0.93131,2.63,1.50
2013.02.14 16:56:53.656,0.93125,0.9313,4.13,1.50
2013.02.14 16:56:53.715,0.93125,0.9313,1.50,1.50
2013.02.14 16:56:53.775,0.93123,0.9313,3.00,2.25
2013.02.14 16:56:53.894,0.93122,0.93133,2.48,6.23
2013.02.14 16:56:54.014,0.93122,0.9313,2.48,1.50
2013.02.14 16:56:54.074,0.93126,0.93133,1.50,6.00
2013.02.14 16:56:54.136,0.93125,0.9313,1.73,1.50
2013.02.14 16:56:54.205,0.93123,0.9313,1.50,1.50
2013.02.14 16:56:54.384,0.93122,0.9313,4.50,1.50
2013.02.14 16:56:54.564,0.93122,0.93129,1.73,1.50
2013.02.14 16:56:55.755,0.93122,0.93128,1.50,2.25
2013.02.14 16:56:55.815,0.9312,0.93128,3.23,3.00
2013.02.14 16:56:55.873,0.9312,0.93128,2.25,2.25
2013.02.14 16:56:56.295,0.93116,0.93123,2.25,2.25
2013.02.14 16:56:56.360,0.93115,0.93122,4.73,1.50
2013.02.14 16:56:57.394,0.93115,0.93122,1.73,1.50
2013.02.14 16:56:59.484,0.93116,0.93125,3.60,3.60
2013.02.14 16:56:59.545,0.93119,0.93125,1.65,3.23
2013.02.14 16:56:59.605,0.93123,0.93127,1.50,1.50
2013.02.14 16:56:59.784,0.93121,0.93128,1.50,1.13
2013.02.14 16:56:59.844,0.93123,0.93129,1.73,1.50
2013.02.14 16:57:00.386,0.93123,0.9313,2.48,1.50
2013.02.14 16:57:03.024,0.93123,0.93131,1.73,2.25
2013.02.14 16:57:06.593,0.93122,0.9313,3.23,1.50
2013.02.14 16:57:08.426,0.93123,0.93131,2.48,3.00
2013.02.14 16:57:09.133,0.93123,0.93131,2.48,2.25
2013.02.14 16:57:09.895,0.93124,0.93131,2.25,1.50
2013.02.14 16:57:12.503,0.93125,0.93132,1.73,1.50
2013.02.14 16:57:15.404,0.93125,0.93131,1.50,2.25
2013.02.14 16:57:15.943,0.93125,0.93131,1.50,2.25
2013.02.14 16:57:16.544,0.93125,0.93132,4.13,1.50
2013.02.14 16:57:16.664,0.93125,0.93131,1.73,1.65
2013.02.14 16:57:18.763,0.93124,0.93131,1.73,2.25
2013.02.14 16:57:19.344,0.93124,0.93131,1.73,1.65
2013.02.14 16:57:19.464,0.93123,0.93131,5.25,1.65
2013.02.14 16:57:19.703,0.93125,0.93132,1.73,3.98
2013.02.14 16:57:19.824,0.93123,0.93131,4.73,2.40
2013.02.14 16:57:20.024,0.93123,0.93131,3.98,1.65
2013.02.14 16:57:20.504,0.93123,0.93129,1.50,1.73
2013.02.14 16:57:20.755,0.93122,0.9313,1.73,4.50
2013.02.14 16:57:22.524,0.93122,0.93129,1.50,1.50
2013.02.14 16:57:22.585,0.93122,0.93129,1.73,1.50
2013.02.14 16:57:25.705,0.93122,0.9313,4.35,1.50
2013.02.14 16:57:29.444,0.93121,0.93127,1.50,1.50
2013.02.14 16:57:29.505,0.9312,0.93127,3.23,1.50
2013.02.14 16:57:29.865,0.93117,0.93124,1.05,1.05
2013.02.14 16:57:30.403,0.93116,0.93123,2.40,1.50
2013.02.14 16:57:30.524,0.93117,0.93124,1.73,1.13
2013.02.14 16:57:31.054,0.93117,0.93124,2.48,1.13
2013.02.14 16:57:31.294,0.93119,0.93127,1.88,1.50
2013.02.14 16:57:31.653,0.9312,0.93127,3.15,1.50
2013.02.14 16:57:32.423,0.93121,0.93129,1.73,1.50
2013.02.14 16:57:34.033,0.93121,0.93127,1.50,1.73
2013.02.14 16:57:34.553,0.9312,0.93127,2.40,1.73
2013.02.14 16:57:36.115,0.93122,0.9313,2.40,1.13
2013.02.14 16:57:36.244,0.93123,0.9313,1.65,1.35
2013.02.14 16:57:36.304,0.93125,0.93131,1.50,1.73
2013.02.14 16:57:37.934,0.93123,0.93131,1.65,2.48
2013.02.14 16:57:39.434,0.93122,0.93131,2.25,3.38
2013.02.14 16:57:39.973,0.93121,0.93128,2.40,1.73
2013.02.14 16:57:40.774,0.93118,0.93126,3.75,1.73
2013.02.14 16:57:40.835,0.93118,0.93125,3.08,1.73
2013.02.14 16:57:41.373,0.93116,0.93125,1.65,3.53
2013.02.14 16:57:41.917,0.93115,0.93123,1.65,1.73
2013.02.14 16:57:42.423,0.93115,0.93124,2.40,3.23
2013.02.14 16:57:43.208,0.93116,0.93124,1.50,3.23
2013.02.14 16:57:43.993,0.93116,0.93123,1.50,1.73
2013.02.14 16:57:44.513,0.93116,0.93123,1.50,1.73
2013.02.14 16:57:44.574,0.93115,0.93123,1.50,2.48
2013.02.14 16:57:44.875,0.93113,0.9312,2.25,1.50
2013.02.14 16:57:45.256,0.93113,0.93121,2.25,2.48
2013.02.14 16:57:45.995,0.93113,0.93124,3.00,6.98
2013.02.14 16:57:46.068,0.93118,0.93124,1.50,6.75
2013.02.14 16:57:46.134,0.93112,0.93121,6.75,1.13
2013.02.14 16:57:46.555,0.93114,0.93122,2.25,4.28
2013.02.14 16:57:47.236,0.93114,0.93121,2.25,1.13
2013.02.14 16:57:47.912,0.93114,0.93122,2.40,2.85
2013.02.14 16:57:51.614,0.93115,0.93122,1.65,2.48
2013.02.14 16:57:52.164,0.93117,0.93126,2.25,2.63
2013.02.14 16:57:52.703,0.93118,0.93126,1.50,2.40
2013.02.14 16:57:52.944,0.93122,0.93128,1.50,1.50
2013.02.14 16:57:53.486,0.9312,0.93128,1.65,2.25
2013.02.14 16:57:53.844,0.9312,0.93128,2.25,4.43
2013.02.14 16:57:54.204,0.93117,0.93123,1.50,1.50
2013.02.14 16:58:00.183,0.93117,0.93123,1.50,1.50
2013.02.14 16:58:00.925,0.93116,0.93123,2.25,1.50
2013.02.14 16:58:02.644,0.93116,0.93123,1.50,1.50
2013.02.14 16:58:04.315,0.93116,0.93123,1.50,3.00
2013.02.14 16:58:04.674,0.93114,0.93123,4.50,4.73
2013.02.14 16:58:05.154,0.93115,0.93123,2.40,3.23
2013.02.14 16:58:09.925,0.93113,0.9312,4.50,2.10
2013.02.14 16:58:10.163,0.9311,0.93115,1.28,3.23
2013.02.14 16:58:10.404,0.93105,0.93113,1.43,1.50
2013.02.14 16:58:10.465,0.93105,0.93113,1.88,1.50
2013.02.14 16:58:11.364,0.93106,0.93113,1.73,2.63
2013.02.14 16:58:19.003,0.93109,0.93115,1.50,1.35
2013.02.14 16:58:19.063,0.93109,0.93116,1.50,3.98
2013.02.14 16:58:19.184,0.93111,0.93117,3.15,1.88
2013.02.14 16:58:19.613,0.93116,0.93122,1.73,1.88
2013.02.14 16:58:20.155,0.93115,0.93122,2.25,1.50
2013.02.14 16:58:20.891,0.93115,0.93122,2.48,1.50
2013.02.14 16:58:38.083,0.93114,0.93122,3.38,1.50
2013.02.14 16:58:40.173,0.93114,0.93122,3.38,1.50
2013.02.14 16:58:53.049,0.93114,0.93124,3.38,4.65
2013.02.14 16:59:04.535,0.93114,0.93122,3.38,1.50
2013.02.14 16:59:05.073,0.93114,0.93121,1.73,2.40
2013.02.14 16:59:12.104,0.93114,0.93121,1.73,2.40
2013.02.14 16:59:15.089,0.93112,0.93121,4.73,3.15
2013.02.14 16:59:15.613,0.93112,0.93121,4.73,4.13
2013.02.14 16:59:15.674,0.93112,0.93119,3.00,2.63
2013.02.14 16:59:15.796,0.9311,0.93116,1.73,1.50
2013.02.14 16:59:15.925,0.93109,0.93116,2.48,2.25
2013.02.14 16:59:16.464,0.93108,0.93114,1.73,1.50
2013.02.14 16:59:26.104,0.93106,0.93114,1.73,2.63
2013.02.14 16:59:29.234,0.93105,0.93112,3.38,1.50
2013.02.14 16:59:29.773,0.93105,0.93114,3.98,3.23
2013.02.14 16:59:31.298,0.93105,0.93113,3.75,1.13
2013.02.14 16:59:31.843,0.93105,0.93112,1.50,1.50
2013.02.14 16:59:35.114,0.93105,0.93111,1.50,1.50
2013.02.14 16:59:35.725,0.93105,0.93111,2.10,1.50
2013.02.14 16:59:36.084,0.9311,0.93116,2.25,2.25
2013.02.14 16:59:36.205,0.93111,0.93117,1.88,1.50
2013.02.14 16:59:36.324,0.93111,0.9312,1.88,1.50
2013.02.14 16:59:36.874,0.93114,0.93121,1.73,2.40
2013.02.14 16:59:37.414,0.93113,0.93121,2.48,2.40
2013.02.14 16:59:38.395,0.93114,0.93121,1.73,2.40
2013.02.14 16:59:39.135,0.93112,0.9312,2.48,6.19
2013.02.14 16:59:39.254,0.93109,0.93118,2.48,3.75
2013.02.14 16:59:39.374,0.93108,0.93116,1.73,1.50
2013.02.14 16:59:39.433,0.93107,0.93115,1.73,1.50
2013.02.14 16:59:39.975,0.93106,0.93113,3.00,1.50
2013.02.14 16:59:40.704,0.93106,0.93112,3.00,1.50
2013.02.14 16:59:43.104,0.93106,0.93114,1.50,2.40
2013.02.14 16:59:43.345,0.93105,0.93112,1.73,1.50
2013.02.14 16:59:43.914,0.93105,0.93113,1.73,2.25
2013.02.14 16:59:45.644,0.93104,0.93111,1.50,2.25
2013.02.14 16:59:46.184,0.93104,0.93111,2.25,1.50
2013.02.14 16:59:59.505,0.93104,0.93112,1.50,2.40
2013.02.14 16:59:59.624,0.93103,0.9311,1.73,1.50
2013.02.14 16:59:59.927,0.93099,0.93107,2.85,2.25
