2013.02.10 23:00:00.348,0.92556,0.92573,1.13,1.88
2013.02.10 23:00:00.690,0.92556,0.92573,1.13,1.88
2013.02.10 23:00:01.269,0.92556,0.92573,1.13,1.88
2013.02.10 23:00:01.517,0.92556,0.92572,1.50,1.13
2013.02.10 23:00:02.048,0.92557,0.92571,1.88,1.50
2013.02.10 23:00:02.421,0.92561,0.92575,1.13,1.50
2013.02.10 23:00:03.207,0.92563,0.92575,1.13,1.50
2013.02.10 23:00:03.927,0.92562,0.92574,1.13,1.13
2013.02.10 23:00:04.400,0.92562,0.92574,1.13,1.13
2013.02.10 23:00:05.022,0.92564,0.92577,1.13,1.50
2013.02.10 23:00:08.636,0.92565,0.92581,1.13,2.25
2013.02.10 23:00:08.817,0.92565,0.92581,1.13,2.25
2013.02.10 23:00:09.199,0.92565,0.92581,1.13,2.25
2013.02.10 23:00:09.878,0.92565,0.92581,1.13,1.50
2013.02.10 23:00:10.586,0.92565,0.92579,1.13,1.50
2013.02.10 23:00:11.326,0.92565,0.92581,1.13,1.50
2013.02.10 23:00:11.986,0.92565,0.9258,1.13,1.50
2013.02.10 23:00:12.637,0.92568,0.9258,1.13,1.50
2013.02.10 23:00:13.596,0.92567,0.92581,1.50,1.50
2013.02.10 23:00:13.657,0.92568,0.92581,1.13,1.13
2013.02.10 23:00:14.907,0.92572,0.92586,1.20,1.50
2013.02.10 23:00:15.267,0.92577,0.92587,1.58,4.13
2013.02.10 23:00:15.327,0.92579,0.92593,1.13,1.50
2013.02.10 23:00:15.507,0.92579,0.92593,1.13,1.13
2013.02.10 23:00:15.747,0.92582,0.92596,1.50,1.50
2013.02.10 23:00:16.047,0.92584,0.92597,1.13,1.50
2013.02.10 23:00:16.518,0.92585,0.92599,1.50,1.50
2013.02.10 23:00:16.796,0.92585,0.92599,1.50,1.50
2013.02.10 23:00:17.227,0.92585,0.92602,1.13,2.25
2013.02.10 23:00:17.588,0.92587,0.92604,2.18,1.20
2013.02.10 23:00:17.827,0.92593,0.92608,1.13,3.00
2013.02.10 23:00:17.887,0.92592,0.92605,2.29,1.13
2013.02.10 23:00:18.008,0.92592,0.92608,1.16,1.50
2013.02.10 23:00:18.367,0.92594,0.9261,1.16,4.50
2013.02.10 23:00:19.166,0.92594,0.92611,1.16,4.50
2013.02.10 23:00:19.999,0.92594,0.9261,1.16,5.25
2013.02.10 23:00:20.539,0.92594,0.9261,1.16,4.50
2013.02.10 23:00:20.717,0.92593,0.92607,1.91,1.50
2013.02.10 23:00:22.499,0.92594,0.9261,1.16,5.25
2013.02.10 23:00:22.797,0.92594,0.92607,1.16,1.50
2013.02.10 23:00:23.307,0.92592,0.92605,1.50,1.13
2013.02.10 23:00:23.907,0.92594,0.92606,2.25,1.13
2013.02.10 23:00:24.147,0.92597,0.92611,1.13,1.13
2013.02.10 23:00:24.267,0.92597,0.92611,1.13,1.13
2013.02.10 23:00:24.327,0.92597,0.92611,1.13,1.13
2013.02.10 23:00:24.688,0.92599,0.92613,1.13,1.50
2013.02.10 23:00:25.226,0.926,0.92613,1.13,1.50
2013.02.10 23:00:25.776,0.926,0.92614,1.13,1.50
2013.02.10 23:00:26.045,0.92602,0.92614,1.13,1.50
2013.02.10 23:00:26.116,0.92604,0.92617,1.13,4.88
2013.02.10 23:00:26.237,0.92605,0.92619,1.88,1.80
2013.02.10 23:00:26.698,0.92607,0.92622,1.50,1.50
2013.02.10 23:00:27.037,0.92607,0.92623,1.50,7.50
2013.02.10 23:00:27.517,0.92607,0.92621,1.50,1.50
2013.02.10 23:00:27.577,0.92608,0.92621,1.50,1.50
2013.02.10 23:00:28.266,0.92608,0.92621,1.50,1.50
2013.02.10 23:00:28.806,0.92607,0.92621,1.50,1.50
2013.02.10 23:00:29.347,0.92605,0.92621,1.13,1.50
2013.02.10 23:00:30.197,0.92605,0.9262,1.13,1.50
2013.02.10 23:00:30.708,0.92605,0.9262,1.13,1.50
2013.02.10 23:00:31.397,0.92605,0.92623,1.13,6.00
2013.02.10 23:00:31.767,0.92608,0.92623,1.50,5.25
2013.02.10 23:00:32.757,0.92607,0.92621,1.50,1.50
2013.02.10 23:00:33.307,0.92607,0.92622,1.50,1.50
2013.02.10 23:00:33.737,0.92607,0.92623,1.88,4.50
2013.02.10 23:00:34.608,0.92608,0.92623,1.50,4.50
2013.02.10 23:00:34.727,0.92608,0.92623,1.50,5.25
2013.02.10 23:00:35.086,0.92608,0.92622,1.50,5.25
2013.02.10 23:00:35.387,0.926,0.92617,1.50,1.50
2013.02.10 23:00:35.447,0.926,0.92617,1.50,1.50
2013.02.10 23:00:36.737,0.92605,0.92617,1.65,1.50
2013.02.10 23:00:37.277,0.92605,0.9262,2.40,1.50
2013.02.10 23:00:39.048,0.92603,0.9262,2.40,1.50
2013.02.10 23:00:39.227,0.92603,0.92617,1.58,1.50
2013.02.10 23:00:40.737,0.92601,0.92615,1.50,1.50
2013.02.10 23:00:41.201,0.92603,0.92615,1.13,1.50
2013.02.10 23:00:41.260,0.92604,0.92616,1.13,1.50
2013.02.10 23:00:41.567,0.92604,0.92622,1.32,4.50
2013.02.10 23:00:42.077,0.92607,0.92622,1.50,5.25
2013.02.10 23:00:45.277,0.92608,0.9262,1.13,1.50
2013.02.10 23:00:45.336,0.92608,0.92622,1.88,4.50
2013.02.10 23:00:45.457,0.9261,0.92624,1.50,1.50
2013.02.10 23:00:45.668,0.9261,0.92624,1.50,1.50
2013.02.10 23:00:48.067,0.92611,0.92626,1.50,5.25
2013.02.10 23:00:48.607,0.92611,0.92625,1.50,4.50
2013.02.10 23:00:49.147,0.92611,0.92625,1.50,4.50
2013.02.10 23:00:49.877,0.92614,0.92627,1.35,5.25
2013.02.10 23:00:49.999,0.92616,0.92629,1.13,2.63
2013.02.10 23:00:50.058,0.92617,0.92629,1.13,1.88
2013.02.10 23:00:50.120,0.92619,0.92633,1.69,1.13
2013.02.10 23:00:50.187,0.92619,0.92633,2.44,1.13
2013.02.10 23:00:50.428,0.92622,0.92633,1.13,1.13
2013.02.10 23:00:51.287,0.92624,0.92636,1.13,1.50
2013.02.10 23:00:51.408,0.92624,0.92636,1.13,1.13
2013.02.10 23:00:51.468,0.92624,0.92636,1.32,1.13
2013.02.10 23:00:51.859,0.92624,0.92636,1.32,1.13
2013.02.10 23:00:52.537,0.92627,0.92637,1.13,1.13
2013.02.10 23:00:52.897,0.92629,0.92641,1.50,1.50
2013.02.10 23:00:53.077,0.92627,0.92641,1.50,1.50
2013.02.10 23:00:55.127,0.92628,0.92642,1.50,1.50
2013.02.10 23:00:55.567,0.92625,0.92637,1.13,1.50
2013.02.10 23:00:55.936,0.92625,0.92636,1.13,1.13
2013.02.10 23:00:56.483,0.92624,0.92636,1.13,1.13
2013.02.10 23:00:59.828,0.92623,0.92635,1.13,1.13
2013.02.10 23:01:00.247,0.9262,0.92631,1.50,1.13
2013.02.10 23:01:00.547,0.9262,0.92634,2.63,2.25
2013.02.10 23:01:00.668,0.9262,0.92634,2.25,1.88
2013.02.10 23:01:00.968,0.92621,0.92636,2.25,1.80
2013.02.10 23:01:01.887,0.92621,0.92635,1.50,1.50
2013.02.10 23:01:02.068,0.9262,0.92633,2.25,1.13
2013.02.10 23:01:02.626,0.92619,0.92633,1.50,1.13
2013.02.10 23:01:07.617,0.92621,0.92635,1.50,1.50
2013.02.10 23:01:07.917,0.92623,0.92635,1.13,1.50
2013.02.10 23:01:10.808,0.92623,0.92635,1.13,1.50
2013.02.10 23:01:11.357,0.92622,0.92639,1.13,1.50
2013.02.10 23:01:11.897,0.9262,0.9264,1.50,1.20
2013.02.10 23:01:12.197,0.92619,0.92641,2.25,2.33
2013.02.10 23:01:12.376,0.92619,0.92641,1.50,2.33
2013.02.10 23:01:12.497,0.92619,0.92638,1.13,1.20
2013.02.10 23:01:17.397,0.92618,0.92634,1.50,1.20
2013.02.10 23:01:20.928,0.9262,0.92634,1.13,1.20
2013.02.10 23:01:21.447,0.92621,0.92634,1.13,1.20
2013.02.10 23:01:22.457,0.9262,0.92634,1.13,1.20
2013.02.10 23:01:22.986,0.92617,0.92634,1.50,1.20
2013.02.10 23:01:23.107,0.9262,0.92634,1.50,1.20
2013.02.10 23:01:23.167,0.92618,0.92634,1.13,1.20
2013.02.10 23:01:23.347,0.92618,0.92632,1.13,1.20
2013.02.10 23:01:24.743,0.92618,0.92631,1.13,1.20
2013.02.10 23:01:25.873,0.92618,0.92632,1.13,1.20
2013.02.10 23:01:26.059,0.92622,0.92636,1.50,1.50
2013.02.10 23:01:26.178,0.92623,0.92636,1.50,1.20
2013.02.10 23:01:26.417,0.92624,0.92638,1.13,1.95
2013.02.10 23:01:26.718,0.92616,0.92627,1.50,1.50
2013.02.10 23:01:26.897,0.92616,0.92631,1.50,2.70
2013.02.10 23:01:26.957,0.92616,0.92634,1.50,1.20
2013.02.10 23:01:27.018,0.92622,0.92634,1.13,1.73
2013.02.10 23:01:27.556,0.92623,0.92637,1.13,1.20
2013.02.10 23:01:28.457,0.92622,0.92635,1.50,1.20
2013.02.10 23:01:29.067,0.9262,0.92635,1.50,1.95
2013.02.10 23:01:29.188,0.92623,0.92635,1.13,1.20
2013.02.10 23:01:29.706,0.92623,0.92636,1.13,1.20
2013.02.10 23:01:30.247,0.9262,0.92635,2.25,1.20
2013.02.10 23:01:31.048,0.92623,0.92638,1.13,1.20
2013.02.10 23:01:31.347,0.92622,0.92636,2.63,1.20
2013.02.10 23:01:31.887,0.92623,0.92638,1.13,1.20
2013.02.10 23:01:33.623,0.92623,0.92638,1.13,1.20
2013.02.10 23:01:34.177,0.92623,0.92637,1.13,1.20
2013.02.10 23:01:36.087,0.9262,0.92636,1.88,1.20
2013.02.10 23:01:36.209,0.92619,0.92633,1.13,1.20
2013.02.10 23:01:36.517,0.92621,0.92634,2.33,1.20
2013.02.10 23:01:36.878,0.9262,0.92634,4.88,1.20
2013.02.10 23:01:37.058,0.92621,0.92636,1.50,1.20
2013.02.10 23:01:37.297,0.92619,0.92633,1.50,1.20
2013.02.10 23:01:37.417,0.92619,0.92633,1.88,1.20
2013.02.10 23:01:37.477,0.92619,0.92633,1.88,1.20
2013.02.10 23:01:38.688,0.92618,0.92632,1.13,1.20
2013.02.10 23:01:39.048,0.92617,0.92628,1.50,4.73
2013.02.10 23:01:39.287,0.92612,0.92624,1.13,1.20
2013.02.10 23:01:40.697,0.92612,0.92624,1.88,1.58
2013.02.10 23:01:41.747,0.92613,0.92624,1.13,2.63
2013.02.10 23:01:42.457,0.92613,0.92623,1.13,1.13
2013.02.10 23:01:43.017,0.92609,0.92623,2.25,2.25
2013.02.10 23:01:43.197,0.92608,0.92623,1.50,3.00
2013.02.10 23:01:43.418,0.92608,0.92622,1.50,1.50
2013.02.10 23:01:43.598,0.92605,0.92617,1.20,1.50
2013.02.10 23:01:43.777,0.92602,0.92615,1.95,1.50
2013.02.10 23:01:44.847,0.92602,0.92615,1.95,1.50
2013.02.10 23:01:44.967,0.92602,0.92615,1.88,1.50
2013.02.10 23:01:45.517,0.92602,0.92616,1.88,1.50
2013.02.10 23:01:46.047,0.92603,0.92616,1.50,1.50
2013.02.10 23:01:46.917,0.92603,0.92619,2.25,3.75
2013.02.10 23:01:46.979,0.92603,0.92614,1.50,1.50
2013.02.10 23:01:50.607,0.92602,0.92614,1.13,1.50
2013.02.10 23:01:51.142,0.92601,0.92614,1.13,1.50
2013.02.10 23:01:57.537,0.92601,0.92613,1.88,1.13
2013.02.10 23:01:58.641,0.92601,0.92615,2.25,1.13
2013.02.10 23:01:58.947,0.92604,0.92616,1.13,1.13
2013.02.10 23:02:06.029,0.92604,0.92618,3.75,1.50
2013.02.10 23:02:06.218,0.92609,0.92623,1.50,1.50
2013.02.10 23:02:09.837,0.92606,0.9262,1.50,1.50
2013.02.10 23:02:09.907,0.92606,0.92619,1.50,1.50
2013.02.10 23:02:10.027,0.92602,0.92619,1.88,2.25
2013.02.10 23:02:10.457,0.92605,0.92617,1.13,3.00
2013.02.10 23:02:10.637,0.92609,0.92622,1.50,1.50
2013.02.10 23:02:10.757,0.9261,0.92623,1.13,1.50
2013.02.10 23:02:10.817,0.92611,0.92623,1.13,1.50
2013.02.10 23:02:11.948,0.92611,0.92622,1.13,1.50
2013.02.10 23:02:12.750,0.9261,0.92622,1.13,1.50
2013.02.10 23:02:13.453,0.92611,0.92622,1.13,1.50
2013.02.10 23:02:13.876,0.92611,0.92622,1.13,1.50
2013.02.10 23:02:13.997,0.92613,0.92623,1.28,1.88
2013.02.10 23:02:14.356,0.9261,0.92623,1.13,2.25
2013.02.10 23:02:15.336,0.9261,0.92622,1.13,1.13
2013.02.10 23:02:15.397,0.9261,0.92622,1.13,1.50
2013.02.10 23:02:19.147,0.9261,0.92622,1.13,1.50
2013.02.10 23:02:19.737,0.9261,0.92623,1.13,1.50
2013.02.10 23:02:20.099,0.92615,0.92625,1.13,1.13
2013.02.10 23:02:20.168,0.92615,0.92628,1.13,3.75
2013.02.10 23:02:20.232,0.92613,0.92627,1.20,1.13
2013.02.10 23:02:20.477,0.92615,0.92629,1.20,1.50
2013.02.10 23:02:20.538,0.92618,0.92631,1.13,1.13
2013.02.10 23:02:20.777,0.92618,0.92631,1.13,1.13
2013.02.10 23:02:21.318,0.92618,0.92631,3.19,1.13
2013.02.10 23:02:21.497,0.92619,0.92631,1.69,1.13
2013.02.10 23:02:22.024,0.9262,0.92631,1.32,1.13
2013.02.10 23:02:22.708,0.9262,0.92631,1.32,1.50
2013.02.10 23:02:22.887,0.92618,0.92631,1.13,2.25
2013.02.10 23:02:23.427,0.92617,0.92629,1.13,1.13
2013.02.10 23:02:23.939,0.92616,0.92628,2.25,1.13
2013.02.10 23:02:24.307,0.92615,0.92627,1.50,1.13
2013.02.10 23:02:24.367,0.92615,0.92627,1.50,1.13
2013.02.10 23:02:24.728,0.92611,0.92623,1.50,1.13
2013.02.10 23:02:25.327,0.92611,0.92625,1.50,1.13
2013.02.10 23:02:25.687,0.92613,0.92628,1.95,2.25
2013.02.10 23:02:26.208,0.92615,0.92628,1.95,1.50
2013.02.10 23:02:27.097,0.92616,0.92629,1.13,1.88
2013.02.10 23:02:27.357,0.92613,0.92629,2.83,2.63
2013.02.10 23:02:28.437,0.92612,0.92629,2.25,2.63
2013.02.10 23:02:28.818,0.92612,0.92629,1.50,1.88
2013.02.10 23:02:29.057,0.92614,0.92629,1.50,1.50
2013.02.10 23:02:29.417,0.92612,0.92629,2.25,1.50
2013.02.10 23:02:30.317,0.92612,0.92629,1.50,1.88
2013.02.10 23:02:30.739,0.92612,0.92629,1.50,1.88
2013.02.10 23:02:31.098,0.92611,0.92629,1.50,2.63
2013.02.10 23:02:31.763,0.92611,0.92628,2.25,1.50
2013.02.10 23:02:32.267,0.92611,0.92628,2.25,1.50
2013.02.10 23:02:32.866,0.92612,0.92628,1.50,1.50
2013.02.10 23:02:33.468,0.92611,0.92629,1.50,2.63
2013.02.10 23:02:34.387,0.92611,0.92628,1.58,1.50
2013.02.10 23:02:34.906,0.92614,0.92628,1.13,1.50
2013.02.10 23:02:35.531,0.92611,0.92628,1.50,1.50
2013.02.10 23:02:40.456,0.92611,0.92627,1.50,1.13
2013.02.10 23:02:40.757,0.92607,0.92623,3.00,1.50
2013.02.10 23:02:40.817,0.92607,0.92623,2.63,1.50
2013.02.10 23:02:41.458,0.92607,0.92623,2.63,2.25
2013.02.10 23:02:41.566,0.92607,0.92623,2.63,2.25
2013.02.10 23:02:43.187,0.92608,0.92622,1.88,1.50
2013.02.10 23:02:43.867,0.92606,0.92622,2.25,1.50
2013.02.10 23:02:44.431,0.92606,0.92622,2.25,1.50
2013.02.10 23:02:49.407,0.92606,0.92623,1.50,1.50
2013.02.10 23:02:52.898,0.92606,0.92623,2.25,1.50
2013.02.10 23:02:53.077,0.92606,0.92623,2.25,1.50
2013.02.10 23:02:53.458,0.92605,0.92623,1.50,1.50
2013.02.10 23:03:01.357,0.92607,0.92622,1.50,1.50
2013.02.10 23:03:03.897,0.92608,0.92622,3.38,1.50
2013.02.10 23:03:04.421,0.92608,0.92623,1.50,1.50
2013.02.10 23:03:04.966,0.92609,0.92623,1.50,1.50
2013.02.10 23:03:09.661,0.92609,0.92623,1.50,1.50
2013.02.10 23:03:10.747,0.92608,0.92625,1.50,1.13
2013.02.10 23:03:13.416,0.92609,0.92625,1.50,1.13
2013.02.10 23:03:14.056,0.92609,0.92625,1.50,1.13
2013.02.10 23:03:14.388,0.92604,0.92621,1.13,1.50
2013.02.10 23:03:14.508,0.92603,0.92621,1.20,1.50
2013.02.10 23:03:14.628,0.92605,0.92622,1.20,1.50
2013.02.10 23:03:14.748,0.92607,0.92622,1.88,1.50
2013.02.10 23:03:15.297,0.92607,0.92625,2.25,1.50
2013.02.10 23:03:16.117,0.92608,0.92625,2.25,1.50
2013.02.10 23:03:18.577,0.92607,0.92621,1.13,1.13
2013.02.10 23:03:19.117,0.92607,0.92621,1.13,1.13
2013.02.10 23:03:19.917,0.92607,0.92621,1.13,1.13
2013.02.10 23:03:20.727,0.92607,0.92621,1.13,1.13
2013.02.10 23:03:24.667,0.92604,0.92621,7.28,1.13
2013.02.10 23:03:28.587,0.92604,0.92621,1.95,1.13
2013.02.10 23:03:32.305,0.92602,0.92621,2.70,1.13
2013.02.10 23:03:34.368,0.926,0.92621,5.33,2.25
2013.02.10 23:03:34.874,0.926,0.9262,7.58,1.50
2013.02.10 23:03:37.096,0.92602,0.9262,1.58,1.50
2013.02.10 23:03:38.338,0.92601,0.9262,1.58,1.50
2013.02.10 23:03:38.860,0.926,0.9262,4.95,1.50
2013.02.10 23:03:48.557,0.92601,0.92621,1.58,3.00
2013.02.10 23:04:04.257,0.92601,0.92618,1.20,1.13
2013.02.10 23:04:10.137,0.92601,0.92617,1.20,1.13
2013.02.10 23:04:10.676,0.92599,0.92615,6.83,1.13
2013.02.10 23:04:18.398,0.92599,0.92614,6.83,1.50
2013.02.10 23:04:19.169,0.926,0.92615,2.70,1.13
2013.02.10 23:04:21.327,0.926,0.92615,4.20,1.13
2013.02.10 23:04:26.300,0.926,0.92615,4.58,1.13
2013.02.10 23:04:31.509,0.92601,0.92615,1.58,1.13
2013.02.10 23:04:32.057,0.926,0.92615,4.20,1.13
2013.02.10 23:04:36.457,0.92603,0.92618,1.95,1.73
2013.02.10 23:04:43.557,0.92601,0.92615,1.58,1.35
2013.02.10 23:04:50.868,0.92603,0.92616,1.50,1.73
2013.02.10 23:04:52.707,0.92602,0.92618,3.83,1.50
2013.02.10 23:04:53.248,0.92602,0.92616,2.33,1.13
2013.02.10 23:04:53.758,0.926,0.92614,2.33,1.50
2013.02.10 23:04:54.987,0.926,0.92614,4.20,1.73
2013.02.10 23:04:56.282,0.92597,0.92614,2.58,1.73
2013.02.10 23:04:56.407,0.92595,0.92611,1.20,2.25
2013.02.10 23:04:56.468,0.92595,0.92607,1.13,1.13
2013.02.10 23:04:57.007,0.92594,0.92605,2.25,1.73
2013.02.10 23:04:57.198,0.92588,0.92605,1.20,1.73
2013.02.10 23:04:57.684,0.92588,0.92606,1.20,1.73
2013.02.10 23:04:58.565,0.92592,0.92606,1.50,1.73
2013.02.10 23:04:58.868,0.92593,0.92608,4.50,1.50
2013.02.10 23:04:59.281,0.92594,0.92609,1.13,1.50
2013.02.10 23:05:00.817,0.92594,0.92611,1.13,1.50
2013.02.10 23:05:03.020,0.926,0.92613,3.38,2.10
2013.02.10 23:05:03.078,0.926,0.92613,3.00,2.10
2013.02.10 23:05:03.138,0.926,0.92613,3.00,1.35
2013.02.10 23:05:03.317,0.92596,0.92613,4.65,1.35
2013.02.10 23:05:03.618,0.92596,0.92611,1.88,1.50
2013.02.10 23:05:07.418,0.92594,0.92612,3.00,1.50
2013.02.10 23:05:07.957,0.92594,0.92608,3.00,1.50
2013.02.10 23:05:09.307,0.92594,0.92608,3.00,1.50
2013.02.10 23:05:09.947,0.92594,0.92609,3.00,1.50
2013.02.10 23:05:10.199,0.92594,0.92609,3.00,1.50
2013.02.10 23:05:10.447,0.92594,0.92609,3.00,1.50
2013.02.10 23:05:11.908,0.92594,0.92609,3.75,1.50
2013.02.10 23:05:12.487,0.92594,0.92608,3.00,1.50
2013.02.10 23:05:13.717,0.92599,0.92613,1.88,2.10
2013.02.10 23:05:13.777,0.926,0.92613,2.25,1.35
2013.02.10 23:05:14.199,0.92597,0.92609,1.13,1.50
2013.02.10 23:05:14.257,0.92594,0.92609,3.00,1.50
2013.02.10 23:05:15.427,0.92594,0.92609,3.00,1.50
2013.02.10 23:05:15.958,0.92594,0.92609,3.00,1.50
2013.02.10 23:05:16.527,0.92596,0.92612,1.13,3.00
2013.02.10 23:05:16.767,0.92594,0.92612,3.75,2.25
2013.02.10 23:05:17.471,0.92594,0.92609,3.75,1.50
2013.02.10 23:05:18.018,0.92595,0.92608,1.13,1.50
2013.02.10 23:05:19.477,0.92596,0.92609,1.58,1.50
2013.02.10 23:05:20.017,0.92595,0.92609,1.13,1.50
2013.02.10 23:05:20.397,0.92593,0.92608,6.75,1.13
2013.02.10 23:05:20.639,0.9259,0.92605,1.50,1.13
2013.02.10 23:05:20.767,0.92586,0.92606,1.58,1.73
2013.02.10 23:05:21.127,0.92586,0.92603,1.58,1.50
2013.02.10 23:05:21.428,0.92582,0.926,2.63,1.50
2013.02.10 23:05:21.735,0.92587,0.92603,1.13,1.50
2013.02.10 23:05:22.037,0.92588,0.92603,1.13,1.50
2013.02.10 23:05:22.098,0.92588,0.92602,1.13,1.13
2013.02.10 23:05:23.190,0.92586,0.92602,1.13,1.13
2013.02.10 23:05:23.728,0.92587,0.92602,1.13,1.13
2013.02.10 23:05:23.789,0.92587,0.92602,1.13,1.13
2013.02.10 23:05:24.328,0.92588,0.92602,1.13,1.13
2013.02.10 23:05:24.389,0.92589,0.92605,1.13,1.13
2013.02.10 23:05:24.449,0.92591,0.92605,1.13,1.13
2013.02.10 23:05:24.631,0.9259,0.92605,1.50,1.13
2013.02.10 23:05:24.698,0.92592,0.92605,1.50,1.13
2013.02.10 23:05:25.237,0.92593,0.92605,1.50,1.13
2013.02.10 23:05:26.862,0.92592,0.92605,1.50,1.13
2013.02.10 23:05:28.407,0.92591,0.92605,1.88,1.13
2013.02.10 23:05:29.517,0.92591,0.92606,1.88,1.35
2013.02.10 23:05:30.278,0.92591,0.92606,1.88,1.13
2013.02.10 23:05:31.822,0.92595,0.9261,1.13,1.13
2013.02.10 23:05:31.947,0.92597,0.92611,1.13,1.50
2013.02.10 23:05:32.837,0.92595,0.92609,2.55,1.50
2013.02.10 23:05:32.897,0.92595,0.9261,2.55,2.48
2013.02.10 23:05:32.958,0.92595,0.9261,1.13,2.48
2013.02.10 23:05:33.497,0.92595,0.92611,1.13,1.73
2013.02.10 23:05:34.227,0.92591,0.92606,3.00,1.13
2013.02.10 23:05:35.177,0.92591,0.92606,1.50,1.13
2013.02.10 23:05:35.427,0.9259,0.92606,1.13,1.73
2013.02.10 23:05:38.608,0.9259,0.92606,1.13,2.10
2013.02.10 23:05:40.178,0.92591,0.92607,1.50,2.63
2013.02.10 23:05:40.297,0.92591,0.92607,1.50,2.63
2013.02.10 23:05:41.117,0.92592,0.92607,1.13,1.88
2013.02.10 23:05:41.631,0.92592,0.92606,1.13,1.88
2013.02.10 23:05:41.771,0.92592,0.9261,2.18,1.35
2013.02.10 23:05:42.318,0.92595,0.9261,1.50,1.35
2013.02.10 23:05:50.567,0.92594,0.9261,1.13,2.10
2013.02.10 23:05:50.627,0.92594,0.92609,1.13,1.50
2013.02.10 23:05:53.717,0.92594,0.92609,1.13,1.50
2013.02.10 23:05:54.266,0.92594,0.92609,1.88,1.50
2013.02.10 23:06:00.867,0.92594,0.92608,1.13,1.50
2013.02.10 23:06:06.388,0.92594,0.92608,1.58,1.50
2013.02.10 23:06:06.628,0.92597,0.92612,1.13,1.73
2013.02.10 23:06:06.688,0.92596,0.92612,1.13,2.48
2013.02.10 23:06:06.816,0.92594,0.9261,1.13,2.63
2013.02.10 23:06:10.497,0.92594,0.9261,1.13,2.63
2013.02.10 23:06:19.228,0.92594,0.9261,1.13,1.88
2013.02.10 23:06:19.408,0.92594,0.9261,1.13,1.88
2013.02.10 23:06:19.947,0.92594,0.9261,1.13,1.88
2013.02.10 23:06:20.797,0.92594,0.9261,1.13,1.88
2013.02.10 23:06:20.857,0.92595,0.9261,2.03,1.88
2013.02.10 23:06:21.217,0.92595,0.92611,3.45,2.48
2013.02.10 23:06:21.518,0.92595,0.92611,1.50,2.63
2013.02.10 23:06:22.108,0.92595,0.9261,1.13,1.73
2013.02.10 23:06:22.664,0.92595,0.92611,1.13,2.48
2013.02.10 23:06:25.287,0.92595,0.9261,1.13,1.73
2013.02.10 23:06:30.047,0.92595,0.92611,1.58,1.73
2013.02.10 23:06:30.227,0.92596,0.92611,1.20,1.35
2013.02.10 23:06:30.997,0.92596,0.92611,1.20,1.35
2013.02.10 23:06:31.288,0.92598,0.92611,1.13,1.35
2013.02.10 23:06:31.628,0.92596,0.9261,1.28,1.09
2013.02.10 23:06:31.747,0.92595,0.92611,1.95,1.35
2013.02.10 23:06:31.807,0.92595,0.92611,1.88,2.10
2013.02.10 23:06:31.927,0.92595,0.92611,1.88,2.10
2013.02.10 23:06:33.098,0.92593,0.92607,2.10,1.13
2013.02.10 23:06:33.337,0.92593,0.92605,1.50,1.35
2013.02.10 23:06:33.757,0.92591,0.92605,1.50,2.10
2013.02.10 23:06:38.817,0.92591,0.92605,1.50,1.35
2013.02.10 23:06:39.749,0.92591,0.92605,1.50,1.35
2013.02.10 23:06:51.297,0.92591,0.92605,3.38,1.35
2013.02.10 23:06:54.347,0.92591,0.92605,1.50,1.35
2013.02.10 23:06:55.467,0.92591,0.92605,3.00,1.35
2013.02.10 23:06:57.317,0.92592,0.92605,1.50,1.35
2013.02.10 23:07:00.597,0.92591,0.92605,1.88,1.35
2013.02.10 23:07:00.657,0.92595,0.92606,1.13,1.35
2013.02.10 23:07:00.838,0.92595,0.92611,1.50,1.50
2013.02.10 23:07:00.898,0.92594,0.92609,1.13,1.50
2013.02.10 23:07:01.576,0.92592,0.92608,1.13,2.10
2013.02.10 23:07:06.258,0.92592,0.92608,1.13,1.35
2013.02.10 23:07:06.437,0.92592,0.92608,1.13,1.35
2013.02.10 23:07:06.767,0.92595,0.92612,1.13,5.48
2013.02.10 23:07:06.888,0.92596,0.92612,1.13,2.63
2013.02.10 23:07:07.007,0.92598,0.92615,1.13,2.48
2013.02.10 23:07:07.128,0.92598,0.92615,1.13,1.50
2013.02.10 23:07:08.617,0.92599,0.92615,1.13,1.88
2013.02.10 23:07:08.737,0.92599,0.92615,1.13,1.88
2013.02.10 23:07:09.190,0.92598,0.92612,1.13,1.88
2013.02.10 23:07:09.494,0.92597,0.92612,1.13,1.13
2013.02.10 23:07:10.498,0.92597,0.92612,1.13,1.88
2013.02.10 23:07:11.178,0.92596,0.92612,1.50,1.88
2013.02.10 23:07:13.078,0.92599,0.92617,1.88,1.50
2013.02.10 23:07:14.907,0.92597,0.92611,1.13,1.13
2013.02.10 23:07:15.147,0.92592,0.92608,1.13,1.35
2013.02.10 23:07:16.897,0.92592,0.92608,1.13,1.35
2013.02.10 23:07:17.020,0.92592,0.92608,1.13,1.35
2013.02.10 23:07:17.558,0.92595,0.9261,1.20,1.35
2013.02.10 23:07:17.797,0.92595,0.92611,1.58,1.35
2013.02.10 23:07:18.699,0.92597,0.92611,1.20,1.35
2013.02.10 23:07:26.658,0.92598,0.92613,1.20,1.73
2013.02.10 23:07:27.737,0.92599,0.92613,1.13,2.48
2013.02.10 23:07:29.207,0.92599,0.92613,1.13,2.48
2013.02.10 23:07:30.618,0.92599,0.92613,1.13,2.48
2013.02.10 23:07:32.727,0.92599,0.92613,1.13,2.48
2013.02.10 23:07:33.992,0.92599,0.92613,1.13,2.48
2013.02.10 23:07:34.817,0.92599,0.92613,1.13,2.48
2013.02.10 23:07:35.357,0.92599,0.92613,1.13,2.48
2013.02.10 23:07:37.114,0.92599,0.92613,1.13,2.48
2013.02.10 23:07:40.129,0.92599,0.92613,1.13,2.48
2013.02.10 23:07:41.688,0.92599,0.92613,1.13,2.48
2013.02.10 23:07:42.228,0.92599,0.92613,1.13,2.48
2013.02.10 23:07:44.817,0.92599,0.92613,1.13,2.48
2013.02.10 23:07:45.852,0.92599,0.92613,1.13,2.48
2013.02.10 23:07:47.428,0.92599,0.92613,1.13,2.48
2013.02.10 23:07:47.974,0.92599,0.92613,1.13,2.48
2013.02.10 23:07:50.178,0.92599,0.92613,1.13,2.48
2013.02.10 23:07:50.747,0.92599,0.92613,1.13,2.48
2013.02.10 23:07:52.001,0.92599,0.92613,1.13,2.48
2013.02.10 23:07:52.741,0.92599,0.92613,1.13,2.48
2013.02.10 23:07:55.128,0.92599,0.92613,1.13,2.48
2013.02.10 23:07:55.735,0.92599,0.92613,1.13,2.48
2013.02.10 23:07:56.397,0.92599,0.92613,1.13,2.10
2013.02.10 23:07:57.014,0.92599,0.92613,1.13,2.10
2013.02.10 23:07:58.377,0.92599,0.92613,1.13,2.10
2013.02.10 23:07:59.169,0.92599,0.92613,1.13,2.10
2013.02.10 23:08:03.017,0.92599,0.92613,1.13,2.10
2013.02.10 23:08:08.501,0.92599,0.92613,1.13,2.10
2013.02.10 23:08:08.627,0.92597,0.92611,1.13,1.35
2013.02.10 23:08:08.808,0.92593,0.92608,1.20,1.35
2013.02.10 23:08:09.358,0.92595,0.92609,1.20,1.35
2013.02.10 23:08:09.597,0.92595,0.92611,1.20,1.35
2013.02.10 23:08:10.157,0.92596,0.92611,1.20,1.35
2013.02.10 23:08:10.577,0.92599,0.92611,1.13,1.35
2013.02.10 23:08:11.587,0.92595,0.92611,1.20,1.35
2013.02.10 23:08:41.685,0.92595,0.92611,1.58,1.35
2013.02.10 23:08:46.208,0.92595,0.9261,1.13,1.43
2013.02.10 23:08:46.761,0.92595,0.92609,1.13,1.35
2013.02.10 23:08:47.832,0.92595,0.92609,1.13,1.35
2013.02.10 23:08:53.052,0.92595,0.92609,1.13,1.17
2013.02.10 23:08:53.598,0.92594,0.92609,1.13,1.35
2013.02.10 23:08:59.608,0.92593,0.92608,1.50,1.35
2013.02.10 23:09:04.389,0.92592,0.92608,2.25,3.23
2013.02.10 23:09:04.458,0.92593,0.92607,1.50,1.13
2013.02.10 23:09:04.640,0.92593,0.92608,1.50,2.33
2013.02.10 23:09:05.178,0.92593,0.92608,1.50,1.95
2013.02.10 23:09:05.935,0.92596,0.92609,1.13,1.73
2013.02.10 23:09:06.337,0.92596,0.92609,2.55,1.73
2013.02.10 23:09:06.697,0.92597,0.92612,1.88,1.39
2013.02.10 23:09:06.978,0.92597,0.9261,1.13,1.24
2013.02.10 23:09:07.517,0.92597,0.92609,1.88,1.32
2013.02.10 23:09:09.727,0.92595,0.9261,1.13,1.32
2013.02.10 23:09:10.278,0.92597,0.92609,1.13,1.32
2013.02.10 23:09:10.519,0.92598,0.92614,1.13,1.54
2013.02.10 23:09:10.758,0.92598,0.92614,1.50,1.54
2013.02.10 23:09:10.940,0.92598,0.92615,1.50,1.54
2013.02.10 23:09:11.057,0.92598,0.92615,1.13,1.54
2013.02.10 23:09:11.367,0.926,0.92616,1.50,3.30
2013.02.10 23:09:11.884,0.92599,0.92614,1.13,1.64
2013.02.10 23:09:14.498,0.926,0.92616,1.80,3.89
2013.02.10 23:09:14.558,0.92601,0.92616,1.50,3.89
2013.02.10 23:09:14.679,0.92602,0.92616,1.13,4.26
2013.02.10 23:09:15.048,0.926,0.92616,1.13,2.01
2013.02.10 23:09:15.527,0.92598,0.92613,1.13,1.50
2013.02.10 23:09:29.758,0.92599,0.92616,1.13,1.35
2013.02.10 23:09:47.438,0.926,0.92615,2.78,1.64
2013.02.10 23:09:47.797,0.92605,0.92617,1.05,1.32
2013.02.10 23:09:49.269,0.92599,0.92617,2.93,1.54
2013.02.10 23:09:49.807,0.92598,0.92615,1.95,1.50
2013.02.10 23:09:52.127,0.92597,0.92616,2.63,1.73
2013.02.10 23:09:52.429,0.92597,0.92616,2.63,1.73
2013.02.10 23:09:53.688,0.926,0.92618,4.25,1.71
2013.02.10 23:09:53.748,0.92606,0.9262,3.23,1.20
2013.02.10 23:09:53.867,0.92606,0.92624,1.50,3.38
2013.02.10 23:09:53.928,0.92602,0.92617,3.75,1.20
2013.02.10 23:09:53.988,0.92611,0.92617,1.50,1.20
2013.02.10 23:09:54.047,0.92612,0.92623,1.73,1.13
2013.02.10 23:09:54.108,0.92612,0.92625,1.73,1.50
2013.02.10 23:09:54.408,0.92603,0.92622,1.88,1.35
2013.02.10 23:09:54.597,0.926,0.9262,2.55,1.35
2013.02.10 23:09:54.957,0.92601,0.9262,1.43,1.13
2013.02.10 23:10:00.417,0.92601,0.92617,1.35,2.25
2013.02.10 23:10:00.478,0.926,0.92617,1.35,2.25
2013.02.10 23:10:00.597,0.92601,0.92617,1.13,3.23
2013.02.10 23:10:07.317,0.926,0.92617,2.18,3.23
2013.02.10 23:10:14.198,0.92603,0.92618,1.13,1.50
2013.02.10 23:10:14.499,0.92603,0.92618,6.00,1.13
2013.02.10 23:10:15.868,0.92603,0.92617,1.50,1.13
2013.02.10 23:10:20.507,0.92603,0.92618,1.50,1.73
2013.02.10 23:10:20.628,0.92602,0.92618,1.88,3.38
2013.02.10 23:10:21.138,0.92602,0.92618,1.13,3.38
2013.02.10 23:10:21.919,0.92602,0.92617,1.13,3.00
2013.02.10 23:10:22.457,0.92602,0.92618,1.13,3.38
2013.02.10 23:10:27.114,0.92602,0.92618,1.13,3.38
2013.02.10 23:10:27.239,0.92602,0.92618,1.13,3.38
2013.02.10 23:10:27.619,0.92602,0.92618,1.13,3.60
2013.02.10 23:10:27.678,0.92602,0.92618,1.13,3.60
2013.02.10 23:10:30.571,0.92602,0.92618,1.13,3.60
2013.02.10 23:10:30.847,0.92603,0.92618,1.50,3.60
2013.02.10 23:10:31.181,0.92605,0.92618,1.13,3.00
2013.02.10 23:10:38.888,0.92607,0.92618,1.13,1.50
2013.02.10 23:10:39.728,0.92607,0.92619,1.13,3.75
2013.02.10 23:10:40.236,0.92606,0.92616,2.25,1.13
2013.02.10 23:10:40.738,0.92604,0.92612,1.50,1.35
2013.02.10 23:10:41.162,0.92603,0.92612,1.50,1.35
2013.02.10 23:10:41.508,0.92604,0.92616,1.50,1.88
2013.02.10 23:10:41.629,0.92604,0.92616,1.50,1.50
2013.02.10 23:10:42.228,0.92603,0.92616,1.88,1.50
2013.02.10 23:10:42.534,0.92602,0.92614,1.13,3.00
2013.02.10 23:10:47.858,0.92601,0.92612,1.13,1.65
2013.02.10 23:10:48.041,0.92598,0.9261,1.13,1.65
2013.02.10 23:10:48.229,0.92597,0.92609,1.13,3.00
2013.02.10 23:10:50.538,0.92598,0.9261,1.13,1.20
2013.02.10 23:10:51.088,0.92597,0.9261,2.25,2.03
2013.02.10 23:10:51.637,0.92597,0.9261,2.25,1.58
2013.02.10 23:10:59.079,0.92597,0.92609,1.50,1.20
2013.02.10 23:11:01.268,0.92596,0.92609,1.50,1.50
2013.02.10 23:11:02.000,0.92599,0.9261,1.50,1.50
2013.02.10 23:11:02.121,0.92603,0.92615,1.13,3.00
2013.02.10 23:11:02.190,0.92603,0.92617,1.88,2.63
2013.02.10 23:11:05.152,0.92605,0.92615,1.13,1.35
2013.02.10 23:11:05.281,0.92601,0.92613,3.38,1.13
2013.02.10 23:11:05.798,0.926,0.92613,1.88,1.50
2013.02.10 23:11:06.688,0.926,0.92614,1.88,1.50
2013.02.10 23:11:10.019,0.926,0.92612,1.13,1.50
2013.02.10 23:11:10.648,0.926,0.92612,1.88,1.50
2013.02.10 23:11:14.840,0.926,0.92612,1.88,2.25
2013.02.10 23:11:15.641,0.926,0.9261,1.50,1.13
2013.02.10 23:11:15.829,0.92596,0.92609,1.58,1.88
2013.02.10 23:11:15.949,0.92595,0.92608,2.63,2.25
2013.02.10 23:11:16.308,0.92595,0.92608,2.63,3.23
2013.02.10 23:11:16.429,0.92595,0.92607,1.88,1.50
2013.02.10 23:11:17.419,0.92595,0.92607,1.88,1.50
2013.02.10 23:11:18.180,0.92595,0.92607,1.88,1.50
2013.02.10 23:11:20.488,0.92595,0.92608,1.88,2.25
2013.02.10 23:11:20.549,0.92597,0.92609,1.50,1.13
2013.02.10 23:11:21.028,0.92598,0.9261,1.13,3.90
2013.02.10 23:11:21.972,0.92598,0.9261,1.13,3.90
2013.02.10 23:11:24.559,0.92596,0.9261,1.50,4.73
2013.02.10 23:11:40.519,0.92594,0.92608,2.25,2.25
2013.02.10 23:11:40.580,0.92594,0.92606,1.50,2.25
2013.02.10 23:11:41.119,0.92594,0.92605,1.13,1.50
2013.02.10 23:11:41.479,0.92594,0.92606,1.88,1.50
2013.02.10 23:11:42.029,0.92594,0.92607,1.88,1.50
2013.02.10 23:11:46.008,0.92594,0.92606,1.50,1.88
2013.02.10 23:11:46.813,0.92593,0.92606,2.25,2.10
2013.02.10 23:11:51.258,0.92594,0.92606,1.50,2.10
2013.02.10 23:11:56.920,0.92593,0.92606,1.50,3.60
2013.02.10 23:11:58.289,0.92593,0.92606,1.50,1.35
2013.02.10 23:12:01.259,0.92592,0.92605,1.50,1.50
2013.02.10 23:12:11.292,0.92592,0.92604,1.50,1.50
2013.02.10 23:12:12.077,0.9259,0.92603,3.00,1.50
2013.02.10 23:12:15.748,0.92591,0.92603,1.13,1.50
2013.02.10 23:12:19.349,0.92591,0.92603,1.13,1.50
2013.02.10 23:12:31.198,0.92591,0.92603,1.88,1.50
2013.02.10 23:12:35.268,0.9259,0.92602,1.13,2.25
2013.02.10 23:12:35.828,0.9259,0.92599,1.13,1.50
2013.02.10 23:12:36.368,0.9259,0.92601,1.13,1.50
2013.02.10 23:12:42.829,0.92589,0.92601,1.13,3.75
2013.02.10 23:12:47.514,0.92587,0.92599,1.13,2.25
2013.02.10 23:12:49.769,0.92588,0.92601,2.25,2.25
2013.02.10 23:12:49.828,0.92588,0.926,1.50,2.25
2013.02.10 23:12:54.651,0.92591,0.926,1.73,1.50
2013.02.10 23:12:55.079,0.9259,0.92602,3.00,2.25
2013.02.10 23:12:55.320,0.92589,0.926,1.20,2.25
2013.02.10 23:12:59.891,0.92588,0.926,1.20,2.25
2013.02.10 23:13:01.200,0.92588,0.926,1.20,2.25
2013.02.10 23:13:04.228,0.92588,0.92596,1.13,1.50
2013.02.10 23:13:04.729,0.92586,0.92596,2.25,1.50
2013.02.10 23:13:12.978,0.92586,0.92594,1.50,1.50
2013.02.10 23:13:20.156,0.92585,0.92595,2.85,2.25
2013.02.10 23:13:21.729,0.92585,0.92592,1.73,1.50
2013.02.10 23:13:21.788,0.92583,0.92592,2.48,2.25
2013.02.10 23:13:21.849,0.92583,0.92592,1.50,2.48
2013.02.10 23:13:22.029,0.92581,0.92589,2.63,1.50
2013.02.10 23:13:22.628,0.92582,0.92589,2.63,1.50
2013.02.10 23:13:24.759,0.92582,0.92592,2.63,1.73
2013.02.10 23:13:25.381,0.92582,0.92592,2.63,3.23
2013.02.10 23:13:27.384,0.92581,0.92589,1.88,1.50
2013.02.10 23:13:27.450,0.92578,0.92589,1.35,1.50
2013.02.10 23:13:27.509,0.92578,0.92586,1.35,1.50
2013.02.10 23:13:27.690,0.92573,0.92584,1.88,1.13
2013.02.10 23:13:28.049,0.92575,0.92587,1.50,1.73
2013.02.10 23:13:30.020,0.92575,0.92586,1.50,1.73
2013.02.10 23:13:31.319,0.92575,0.92584,1.50,1.50
2013.02.10 23:13:31.620,0.9257,0.9258,4.50,3.38
2013.02.10 23:13:31.978,0.92566,0.92577,1.50,1.73
2013.02.10 23:13:32.761,0.92564,0.92571,1.13,1.50
2013.02.10 23:13:32.940,0.92561,0.92569,1.20,1.50
2013.02.10 23:13:33.000,0.92561,0.9257,1.20,1.13
2013.02.10 23:13:33.180,0.92565,0.92574,1.13,1.13
2013.02.10 23:13:33.240,0.92565,0.92577,1.13,3.38
2013.02.10 23:13:33.301,0.92563,0.92573,1.50,1.50
2013.02.10 23:13:33.612,0.92561,0.92568,1.13,1.50
2013.02.10 23:13:33.800,0.92558,0.92568,1.50,3.23
2013.02.10 23:13:34.219,0.92558,0.92567,1.13,1.73
2013.02.10 23:13:34.279,0.92558,0.92569,1.13,1.13
2013.02.10 23:13:34.399,0.9256,0.9257,1.50,1.50
2013.02.10 23:13:34.580,0.9256,0.9257,3.75,1.50
2013.02.10 23:13:34.830,0.92558,0.92569,2.25,3.00
2013.02.10 23:13:35.070,0.92564,0.92573,1.13,1.50
2013.02.10 23:13:35.250,0.92564,0.92571,1.50,2.25
2013.02.10 23:13:35.309,0.92561,0.92568,1.13,1.50
2013.02.10 23:13:35.369,0.92564,0.92569,1.13,1.50
2013.02.10 23:13:35.740,0.92559,0.92566,3.00,1.73
2013.02.10 23:13:36.414,0.92557,0.92566,2.63,1.73
2013.02.10 23:13:36.699,0.92557,0.92564,1.13,1.50
2013.02.10 23:13:36.941,0.92555,0.92562,1.20,1.13
2013.02.10 23:13:37.071,0.92553,0.92561,1.50,3.23
2013.02.10 23:13:37.369,0.92555,0.92566,7.43,3.23
2013.02.10 23:13:37.878,0.92555,0.92566,2.40,3.23
2013.02.10 23:13:38.820,0.92557,0.92566,1.50,1.73
2013.02.10 23:13:39.239,0.92556,0.92563,1.13,1.50
2013.02.10 23:13:39.780,0.92554,0.92564,1.95,1.50
2013.02.10 23:13:39.840,0.92552,0.92564,1.58,1.50
2013.02.10 23:13:39.901,0.92551,0.92557,1.13,1.50
2013.02.10 23:13:39.961,0.92551,0.92557,1.88,1.50
2013.02.10 23:13:40.030,0.92551,0.9256,1.88,1.50
2013.02.10 23:13:40.209,0.92551,0.92562,1.88,1.50
2013.02.10 23:13:40.760,0.92551,0.9256,1.88,3.00
2013.02.10 23:13:42.109,0.92551,0.92558,1.13,1.50
2013.02.10 23:13:43.549,0.92551,0.9256,1.35,2.25
2013.02.10 23:13:43.909,0.92553,0.92561,1.35,1.50
2013.02.10 23:13:44.170,0.92553,0.9256,1.35,2.25
2013.02.10 23:13:45.600,0.92555,0.9256,1.35,1.50
2013.02.10 23:13:45.720,0.92555,0.92563,1.35,1.50
2013.02.10 23:13:45.840,0.92556,0.92564,1.35,2.25
2013.02.10 23:13:48.437,0.92556,0.92564,1.35,2.25
2013.02.10 23:13:48.979,0.92555,0.92562,1.73,1.50
2013.02.10 23:13:49.339,0.92551,0.92559,1.13,1.50
2013.02.10 23:13:49.589,0.92551,0.9256,1.88,2.25
2013.02.10 23:13:49.769,0.92551,0.9256,1.13,1.50
2013.02.10 23:13:51.139,0.9255,0.9256,1.50,1.50
2013.02.10 23:13:51.259,0.92551,0.9256,1.13,1.50
2013.02.10 23:13:51.910,0.92551,0.9256,1.13,1.50
2013.02.10 23:13:52.030,0.92549,0.9256,2.85,1.50
2013.02.10 23:13:52.509,0.92549,0.92558,2.25,2.25
2013.02.10 23:13:53.240,0.92548,0.92556,1.13,3.00
2013.02.10 23:13:53.551,0.92546,0.92556,2.25,3.00
2013.02.10 23:13:53.800,0.92545,0.92554,1.50,2.25
2013.02.10 23:13:53.989,0.92544,0.92553,1.88,1.50
2013.02.10 23:13:54.920,0.92544,0.92552,1.13,2.25
2013.02.10 23:13:54.980,0.92541,0.92551,1.88,1.50
2013.02.10 23:13:55.399,0.92539,0.9255,1.50,1.35
2013.02.10 23:13:55.639,0.92539,0.92548,2.63,2.25
2013.02.10 23:13:55.999,0.92538,0.92545,2.70,1.50
2013.02.10 23:13:56.059,0.92538,0.92546,1.88,1.50
2013.02.10 23:13:56.120,0.92533,0.92542,1.50,2.25
2013.02.10 23:13:56.241,0.92532,0.92541,1.88,1.50
2013.02.10 23:13:56.830,0.92532,0.92541,1.13,1.50
2013.02.10 23:14:00.771,0.92531,0.92541,2.25,1.50
2013.02.10 23:14:01.509,0.92533,0.92544,1.13,2.25
2013.02.10 23:14:01.809,0.92535,0.92545,1.50,2.25
2013.02.10 23:14:03.029,0.92534,0.92544,1.88,2.25
2013.02.10 23:14:03.242,0.92534,0.92544,1.88,1.50
2013.02.10 23:14:03.948,0.92535,0.92546,2.25,1.50
2013.02.10 23:14:04.570,0.92539,0.92548,1.50,1.50
2013.02.10 23:14:04.630,0.9254,0.9255,1.13,1.50
2013.02.10 23:14:04.691,0.92541,0.9255,1.13,1.50
2013.02.10 23:14:06.339,0.9254,0.92552,1.50,2.25
2013.02.10 23:14:06.978,0.9254,0.92551,1.50,1.50
2013.02.10 23:14:08.190,0.92538,0.9255,3.38,2.25
2013.02.10 23:14:08.429,0.9254,0.9255,2.25,1.50
2013.02.10 23:14:08.489,0.92541,0.92553,3.75,3.00
2013.02.10 23:14:08.849,0.92543,0.92553,1.13,3.00
2013.02.10 23:14:12.509,0.92546,0.92553,1.13,2.25
2013.02.10 23:14:14.060,0.92543,0.92553,5.63,3.00
2013.02.10 23:14:17.960,0.92543,0.92554,2.63,3.00
2013.02.10 23:14:18.939,0.92543,0.92551,1.13,1.50
2013.02.10 23:14:19.060,0.92543,0.92551,1.13,3.00
2013.02.10 23:14:19.179,0.92539,0.92551,1.50,3.00
2013.02.10 23:14:19.481,0.9254,0.92552,1.50,1.50
2013.02.10 23:14:19.609,0.92538,0.92549,1.88,1.58
2013.02.10 23:14:19.790,0.92534,0.92543,6.75,1.50
2013.02.10 23:14:19.969,0.92534,0.92543,1.88,1.50
2013.02.10 23:14:20.509,0.92535,0.92546,1.13,3.00
2013.02.10 23:14:25.462,0.92535,0.92546,1.95,3.00
2013.02.10 23:14:25.719,0.92535,0.92547,3.08,2.25
2013.02.10 23:14:26.178,0.92536,0.92545,1.20,1.50
2013.02.10 23:14:27.079,0.92538,0.92545,1.13,1.50
2013.02.10 23:14:27.259,0.92538,0.92547,1.13,1.50
2013.02.10 23:14:27.440,0.92534,0.92543,3.23,2.25
2013.02.10 23:14:27.560,0.92534,0.9254,3.75,1.50
2013.02.10 23:14:27.680,0.92531,0.92539,1.13,3.00
2013.02.10 23:14:28.039,0.92531,0.92539,1.13,2.25
2013.02.10 23:14:29.578,0.92531,0.92539,1.13,1.50
2013.02.10 23:14:30.168,0.92531,0.92541,1.13,1.50
2013.02.10 23:14:31.329,0.92531,0.9254,1.13,2.25
2013.02.10 23:14:31.872,0.92531,0.92539,1.13,1.50
2013.02.10 23:14:33.760,0.92531,0.92539,1.13,1.50
2013.02.10 23:14:34.301,0.92531,0.92539,1.13,1.50
2013.02.10 23:14:38.948,0.92531,0.92541,1.13,1.50
2013.02.10 23:14:45.058,0.92531,0.92541,1.13,1.50
2013.02.10 23:14:45.590,0.92531,0.92541,1.13,1.50
2013.02.10 23:14:46.069,0.92531,0.92543,1.88,1.50
2013.02.10 23:14:46.128,0.92531,0.92543,2.25,1.50
2013.02.10 23:14:46.249,0.92531,0.92543,2.25,1.50
2013.02.10 23:14:46.768,0.92531,0.92543,1.88,1.50
2013.02.10 23:14:50.449,0.92531,0.92543,1.88,1.50
2013.02.10 23:14:52.621,0.92531,0.92543,1.88,1.50
2013.02.10 23:14:53.669,0.92531,0.92543,1.88,1.58
2013.02.10 23:14:57.499,0.92531,0.92541,1.13,1.50
2013.02.10 23:14:57.739,0.92531,0.92542,1.13,2.25
2013.02.10 23:14:58.039,0.92531,0.92543,1.88,1.50
2013.02.10 23:14:58.562,0.92531,0.92543,1.88,1.50
2013.02.10 23:15:00.092,0.92531,0.92543,1.88,1.50
2013.02.10 23:15:01.210,0.92531,0.92542,1.13,3.00
2013.02.10 23:15:01.861,0.92531,0.92542,1.50,3.00
2013.02.10 23:15:04.149,0.92531,0.92543,2.25,1.58
2013.02.10 23:15:04.269,0.92531,0.92541,1.50,1.50
2013.02.10 23:15:05.430,0.92532,0.92541,1.13,2.25
2013.02.10 23:15:09.729,0.9253,0.92539,1.88,1.50
2013.02.10 23:15:11.579,0.9253,0.92541,2.25,1.50
2013.02.10 23:15:13.389,0.92531,0.92543,1.13,1.50
2013.02.10 23:15:13.508,0.92531,0.92543,1.88,1.50
2013.02.10 23:15:16.460,0.92531,0.92543,1.88,1.50
2013.02.10 23:15:21.688,0.92531,0.92543,3.00,1.50
2013.02.10 23:15:21.809,0.92533,0.92546,1.50,1.50
2013.02.10 23:15:23.888,0.92532,0.92543,1.50,1.50
2013.02.10 23:15:24.858,0.92533,0.92545,1.50,2.25
2013.02.10 23:15:25.968,0.92533,0.92547,2.25,2.63
2013.02.10 23:15:26.789,0.92543,0.9255,1.88,3.00
2013.02.10 23:15:26.969,0.92543,0.92552,4.13,6.00
2013.02.10 23:15:27.392,0.92543,0.92551,1.50,1.50
2013.02.10 23:15:27.460,0.92538,0.9255,2.25,1.50
2013.02.10 23:15:27.939,0.92539,0.92552,4.88,1.88
2013.02.10 23:15:31.271,0.92542,0.92555,1.50,2.10
2013.02.10 23:15:31.980,0.92542,0.92552,1.50,1.13
2013.02.10 23:15:32.101,0.92539,0.92551,3.00,1.35
2013.02.10 23:15:32.473,0.92536,0.92547,1.50,1.50
2013.02.10 23:15:32.720,0.92535,0.92545,1.88,1.13
2013.02.10 23:15:32.900,0.9253,0.92543,1.50,2.85
2013.02.10 23:15:35.084,0.92531,0.92543,1.50,2.10
2013.02.10 23:15:38.839,0.92531,0.92543,3.00,1.50
2013.02.10 23:15:38.959,0.92534,0.92545,1.50,1.88
2013.02.10 23:15:39.499,0.92534,0.92546,2.25,1.13
2013.02.10 23:15:42.019,0.92535,0.92547,1.50,1.88
2013.02.10 23:15:42.528,0.92535,0.92546,1.50,1.13
2013.02.10 23:15:49.428,0.92532,0.92545,3.00,1.13
2013.02.10 23:15:50.189,0.92532,0.92544,2.25,1.50
2013.02.10 23:15:50.309,0.92531,0.92543,2.25,1.50
2013.02.10 23:15:52.198,0.92532,0.92542,1.50,1.50
2013.02.10 23:15:53.809,0.92531,0.92541,1.13,1.50
2013.02.10 23:15:54.348,0.92531,0.92541,1.13,1.50
2013.02.10 23:15:54.408,0.92531,0.92541,1.13,1.50
2013.02.10 23:15:57.179,0.92529,0.92541,1.13,1.50
2013.02.10 23:15:57.299,0.92525,0.92538,1.13,1.50
2013.02.10 23:15:57.419,0.92528,0.92538,1.50,1.50
2013.02.10 23:16:05.139,0.92524,0.92536,1.50,1.50
2013.02.10 23:16:05.259,0.92523,0.92535,2.25,1.13
2013.02.10 23:16:18.989,0.92524,0.92536,1.50,3.75
2013.02.10 23:16:19.230,0.92526,0.92538,1.13,1.50
2013.02.10 23:16:19.779,0.92526,0.92539,1.13,2.25
2013.02.10 23:16:24.079,0.92526,0.92536,1.13,1.50
2013.02.10 23:16:24.439,0.92522,0.92534,3.38,1.35
2013.02.10 23:16:25.009,0.92521,0.92534,4.13,1.35
2013.02.10 23:16:25.669,0.92523,0.92534,1.50,1.35
2013.02.10 23:16:28.699,0.92523,0.92534,1.50,1.35
2013.02.10 23:16:30.150,0.92525,0.92535,2.63,2.63
2013.02.10 23:16:30.209,0.92525,0.92535,3.00,1.88
2013.02.10 23:16:30.329,0.92526,0.92536,1.13,1.88
2013.02.10 23:16:31.409,0.92523,0.92534,1.50,1.35
2013.02.10 23:16:36.389,0.92522,0.92534,3.00,1.35
2013.02.10 23:16:44.469,0.92524,0.92535,1.13,1.50
2013.02.10 23:16:44.649,0.92524,0.92537,3.38,1.50
2013.02.10 23:16:49.499,0.92524,0.92536,1.13,2.25
2013.02.10 23:16:50.039,0.92523,0.92533,1.50,1.35
2013.02.10 23:16:56.729,0.92521,0.92532,1.13,1.35
2013.02.10 23:16:57.269,0.9252,0.92531,1.95,1.13
2013.02.10 23:16:57.448,0.92521,0.92531,1.13,1.13
2013.02.10 23:16:58.025,0.92521,0.92531,1.13,1.13
2013.02.10 23:16:58.605,0.92521,0.92531,1.13,1.13
2013.02.10 23:16:59.139,0.92521,0.92531,1.13,1.13
2013.02.10 23:16:59.258,0.92519,0.92531,1.65,2.63
2013.02.10 23:16:59.559,0.9252,0.92531,1.95,1.13
2013.02.10 23:17:00.280,0.9252,0.92531,1.95,1.13
2013.02.10 23:17:01.090,0.9252,0.92531,1.20,1.13
2013.02.10 23:17:01.619,0.92517,0.92531,3.45,2.63
2013.02.10 23:17:02.018,0.92519,0.92531,1.58,2.63
2013.02.10 23:17:05.258,0.92518,0.9253,2.70,1.50
2013.02.10 23:17:05.378,0.92519,0.92531,1.58,1.88
2013.02.10 23:17:06.580,0.92519,0.92531,1.58,1.13
2013.02.10 23:17:08.149,0.92519,0.92531,1.50,1.88
2013.02.10 23:17:08.659,0.92519,0.92531,2.33,1.13
2013.02.10 23:17:10.180,0.9252,0.92531,1.20,1.13
2013.02.10 23:17:11.029,0.92521,0.92531,1.13,1.13
2013.02.10 23:17:11.569,0.92521,0.92531,1.13,1.13
2013.02.10 23:17:12.412,0.92521,0.92531,1.13,1.13
2013.02.10 23:17:12.958,0.92521,0.92531,1.13,1.13
2013.02.10 23:17:13.558,0.92521,0.92531,1.13,1.13
2013.02.10 23:17:14.259,0.92521,0.92531,1.13,1.13
2013.02.10 23:17:14.799,0.9252,0.9253,1.20,1.13
2013.02.10 23:17:15.698,0.9252,0.9253,1.20,1.88
2013.02.10 23:17:16.223,0.92518,0.9253,2.03,1.88
2013.02.10 23:17:16.771,0.92517,0.9253,1.20,2.63
2013.02.10 23:17:16.890,0.92516,0.9253,4.13,2.63
2013.02.10 23:17:17.679,0.92517,0.9253,1.13,2.63
2013.02.10 23:17:17.859,0.92519,0.9253,3.00,1.13
2013.02.10 23:17:24.988,0.92519,0.9253,2.63,1.13
2013.02.10 23:17:27.048,0.92519,0.9253,1.50,1.13
2013.02.10 23:17:28.326,0.92519,0.92531,1.50,1.88
2013.02.10 23:17:28.619,0.92517,0.92527,1.13,1.50
2013.02.10 23:17:28.739,0.92515,0.92527,3.38,2.25
2013.02.10 23:17:29.039,0.92517,0.92527,1.13,1.50
2013.02.10 23:17:29.584,0.92517,0.92529,1.13,2.25
2013.02.10 23:17:38.249,0.92517,0.92527,2.25,1.50
2013.02.10 23:17:44.749,0.92515,0.92524,1.13,1.13
2013.02.10 23:17:45.301,0.92514,0.92522,1.13,1.13
2013.02.10 23:17:46.420,0.92513,0.92524,4.13,3.53
2013.02.10 23:17:48.259,0.92513,0.92522,2.25,1.13
2013.02.10 23:17:52.679,0.92513,0.92523,1.50,3.23
2013.02.10 23:17:53.109,0.92513,0.92524,3.38,2.25
2013.02.10 23:17:53.229,0.92513,0.92524,3.38,1.50
2013.02.10 23:17:53.720,0.92513,0.92524,3.38,2.25
2013.02.10 23:17:53.780,0.92513,0.92524,3.38,2.25
2013.02.10 23:17:54.300,0.92512,0.92521,3.00,1.50
2013.02.10 23:17:56.049,0.92512,0.92523,4.50,1.50
2013.02.10 23:17:57.293,0.92512,0.92522,12.08,1.50
2013.02.10 23:17:57.858,0.92512,0.92524,4.50,2.25
2013.02.10 23:17:59.021,0.92513,0.92522,2.25,1.50
2013.02.10 23:17:59.699,0.92513,0.92521,2.25,1.50
2013.02.10 23:18:00.295,0.92513,0.92522,2.25,2.25
2013.02.10 23:18:01.798,0.92512,0.92522,3.00,2.25
2013.02.10 23:18:03.029,0.92513,0.92522,1.88,2.25
2013.02.10 23:18:03.579,0.92512,0.92522,3.00,2.25
2013.02.10 23:18:04.120,0.92513,0.92522,1.88,2.25
2013.02.10 23:18:04.686,0.92512,0.92522,3.00,2.25
2013.02.10 23:18:05.598,0.92513,0.92521,1.88,1.50
2013.02.10 23:18:06.109,0.92512,0.92521,3.00,1.50
2013.02.10 23:18:06.660,0.92513,0.92521,1.88,1.50
2013.02.10 23:18:06.899,0.9251,0.92521,1.50,2.25
2013.02.10 23:18:06.960,0.92508,0.92519,3.00,1.50
2013.02.10 23:18:07.320,0.92505,0.92517,4.50,2.25
2013.02.10 23:18:08.109,0.92505,0.92516,1.88,1.88
2013.02.10 23:18:08.649,0.92503,0.92514,1.50,1.50
2013.02.10 23:18:08.768,0.92501,0.92514,1.88,1.50
2013.02.10 23:18:09.400,0.92501,0.92514,1.88,2.25
2013.02.10 23:18:09.939,0.925,0.92512,1.13,1.50
2013.02.10 23:18:14.074,0.925,0.92512,1.50,1.50
2013.02.10 23:18:14.982,0.925,0.92512,2.25,2.25
2013.02.10 23:18:15.109,0.925,0.92512,1.50,2.25
2013.02.10 23:18:16.060,0.925,0.92512,1.88,2.25
2013.02.10 23:18:16.579,0.925,0.9251,1.88,1.50
2013.02.10 23:18:17.390,0.925,0.9251,2.63,1.50
2013.02.10 23:18:17.450,0.92504,0.92515,1.13,2.25
2013.02.10 23:18:17.630,0.925,0.92511,5.25,1.50
2013.02.10 23:18:17.892,0.925,0.92509,1.50,1.50
2013.02.10 23:18:18.498,0.92499,0.92509,1.13,1.50
2013.02.10 23:18:19.410,0.92499,0.92511,1.88,1.50
2013.02.10 23:18:19.829,0.92498,0.92509,1.50,2.25
2013.02.10 23:18:19.890,0.92498,0.92508,1.50,1.50
2013.02.10 23:18:20.190,0.92498,0.9251,1.50,1.50
2013.02.10 23:18:20.309,0.92497,0.92507,1.88,3.00
2013.02.10 23:18:20.788,0.92497,0.92507,1.88,3.00
2013.02.10 23:18:23.289,0.92497,0.92507,1.50,3.00
2013.02.10 23:18:23.350,0.92497,0.92508,1.88,1.50
2013.02.10 23:18:23.590,0.92501,0.92511,1.13,1.50
2013.02.10 23:18:23.721,0.92499,0.9251,2.63,1.50
2013.02.10 23:18:23.903,0.92504,0.92512,1.13,1.50
2013.02.10 23:18:24.330,0.92502,0.92509,1.13,1.50
2013.02.10 23:18:24.389,0.925,0.92509,1.13,1.50
2013.02.10 23:18:24.510,0.92497,0.92509,2.25,3.00
2013.02.10 23:18:24.690,0.92495,0.92506,1.88,1.50
2013.02.10 23:18:24.810,0.925,0.92508,1.88,1.50
2013.02.10 23:18:24.870,0.925,0.92508,2.63,1.50
2013.02.10 23:18:29.569,0.92499,0.9251,3.00,1.50
2013.02.10 23:18:34.070,0.925,0.92512,2.70,3.00
2013.02.10 23:18:36.510,0.925,0.92512,3.08,3.00
2013.02.10 23:18:37.831,0.92504,0.92512,1.13,2.25
2013.02.10 23:18:37.889,0.92504,0.92514,1.13,4.50
2013.02.10 23:18:38.129,0.92501,0.92512,1.50,1.50
2013.02.10 23:18:38.190,0.925,0.92508,2.25,1.50
2013.02.10 23:18:38.490,0.92496,0.92508,3.75,1.50
2013.02.10 23:18:38.848,0.92496,0.92508,3.75,1.50
2013.02.10 23:18:40.909,0.92496,0.92506,2.25,1.50
2013.02.10 23:18:44.669,0.92494,0.92506,1.95,1.50
2013.02.10 23:18:44.969,0.92491,0.92503,1.73,1.88
2013.02.10 23:18:45.509,0.92489,0.92503,3.00,1.88
2013.02.10 23:18:46.239,0.9249,0.92503,1.13,1.88
2013.02.10 23:18:48.571,0.92489,0.92503,3.75,2.63
2013.02.10 23:18:49.722,0.92489,0.92501,1.88,1.88
2013.02.10 23:18:49.790,0.92488,0.92497,4.88,1.13
2013.02.10 23:18:51.290,0.92487,0.92495,1.13,1.13
2013.02.10 23:18:51.351,0.92482,0.92494,2.63,1.13
2013.02.10 23:18:51.472,0.92482,0.92494,1.95,1.13
2013.02.10 23:18:51.720,0.92487,0.92498,1.50,2.63
2013.02.10 23:18:52.450,0.92486,0.92497,1.13,1.50
2013.02.10 23:18:52.979,0.92487,0.92498,1.13,1.13
2013.02.10 23:18:54.100,0.92486,0.92498,2.25,2.63
2013.02.10 23:18:55.977,0.92486,0.92498,1.50,2.63
2013.02.10 23:18:57.849,0.92486,0.92498,1.50,2.63
2013.02.10 23:18:57.909,0.92485,0.92496,1.88,1.50
2013.02.10 23:18:58.536,0.92485,0.92496,1.88,1.50
2013.02.10 23:18:59.280,0.92485,0.92496,1.88,1.50
2013.02.10 23:18:59.520,0.92487,0.925,2.25,3.38
2013.02.10 23:18:59.760,0.92494,0.92501,1.20,2.25
2013.02.10 23:19:00.119,0.92497,0.92506,1.13,1.13
2013.02.10 23:19:00.422,0.92492,0.92503,1.50,1.50
2013.02.10 23:19:00.612,0.9249,0.925,1.50,1.50
2013.02.10 23:19:00.859,0.92486,0.92498,2.63,1.13
2013.02.10 23:19:02.259,0.92487,0.92499,2.25,1.88
2013.02.10 23:19:03.020,0.92487,0.92499,2.63,1.50
2013.02.10 23:19:03.199,0.92489,0.92502,1.50,2.25
2013.02.10 23:19:04.780,0.92487,0.92501,7.50,2.25
2013.02.10 23:19:09.599,0.92487,0.925,7.13,1.13
2013.02.10 23:19:09.899,0.92486,0.92498,2.33,1.13
2013.02.10 23:19:10.438,0.92486,0.92498,2.33,1.13
2013.02.10 23:19:10.979,0.92488,0.925,1.13,1.88
2013.02.10 23:19:11.978,0.92488,0.92498,3.38,1.13
2013.02.10 23:19:12.861,0.92488,0.92501,3.38,1.88
2013.02.10 23:19:20.520,0.92487,0.92498,2.63,1.13
2013.02.10 23:19:21.022,0.92487,0.92498,1.50,1.13
2013.02.10 23:19:22.036,0.92488,0.92498,2.25,1.13
2013.02.10 23:19:22.850,0.92488,0.92498,1.50,1.88
2013.02.10 23:19:25.027,0.92487,0.92498,2.63,1.88
2013.02.10 23:19:25.760,0.92484,0.92497,2.25,1.50
2013.02.10 23:19:25.820,0.92484,0.92496,1.50,1.50
2013.02.10 23:19:25.940,0.92482,0.92494,2.25,1.13
2013.02.10 23:19:25.999,0.92482,0.92494,1.50,1.88
2013.02.10 23:19:27.220,0.92483,0.92494,1.50,1.13
2013.02.10 23:19:29.250,0.92483,0.92494,1.50,1.13
2013.02.10 23:19:33.672,0.92484,0.92497,1.50,1.13
2013.02.10 23:19:38.360,0.92485,0.92495,1.50,1.13
2013.02.10 23:19:38.910,0.92485,0.92497,1.50,1.88
2013.02.10 23:19:40.539,0.92484,0.92495,1.50,1.13
2013.02.10 23:19:41.069,0.92483,0.92493,1.88,1.13
2013.02.10 23:19:43.379,0.92484,0.92496,1.50,1.50
2013.02.10 23:19:43.688,0.92484,0.92495,1.50,1.13
2013.02.10 23:19:47.080,0.92484,0.92496,3.38,1.13
2013.02.10 23:19:47.399,0.92486,0.92496,1.50,1.13
2013.02.10 23:19:47.519,0.92485,0.92496,1.50,1.13
2013.02.10 23:19:48.049,0.92486,0.92498,1.50,3.23
2013.02.10 23:19:49.241,0.92486,0.92496,1.50,1.13
2013.02.10 23:19:50.820,0.92485,0.92497,3.38,1.13
2013.02.10 23:19:51.251,0.92485,0.92497,2.25,1.50
2013.02.10 23:19:51.489,0.92487,0.92499,1.50,1.13
2013.02.10 23:19:54.271,0.92486,0.92499,1.88,1.13
2013.02.10 23:19:54.332,0.92486,0.92495,1.13,1.88
2013.02.10 23:19:54.879,0.92483,0.92495,1.50,1.88
2013.02.10 23:19:55.411,0.92484,0.92495,1.50,1.13
2013.02.10 23:20:00.799,0.92483,0.92495,1.50,1.13
2013.02.10 23:20:07.949,0.9248,0.92494,4.13,1.88
2013.02.10 23:20:08.128,0.92482,0.92496,1.50,1.88
2013.02.10 23:20:08.649,0.92482,0.92494,1.50,1.88
2013.02.10 23:20:09.449,0.92481,0.92494,1.13,1.88
2013.02.10 23:20:13.568,0.9248,0.92493,2.25,1.50
2013.02.10 23:20:14.119,0.9248,0.92494,3.00,1.88
2013.02.10 23:20:14.680,0.92481,0.92494,1.13,1.88
2013.02.10 23:20:19.439,0.9248,0.92493,2.25,1.88
2013.02.10 23:20:23.530,0.92481,0.92493,1.13,1.88
2013.02.10 23:20:24.090,0.92482,0.92493,1.50,1.13
2013.02.10 23:20:30.830,0.92481,0.92493,2.25,1.88
2013.02.10 23:20:31.390,0.92481,0.92493,1.50,1.88
2013.02.10 23:20:32.059,0.92481,0.92493,2.25,1.13
2013.02.10 23:20:34.743,0.92481,0.92495,1.88,1.88
2013.02.10 23:20:36.529,0.92481,0.92494,1.88,1.13
2013.02.10 23:20:39.968,0.92482,0.92494,3.38,1.13
2013.02.10 23:20:42.479,0.92482,0.92494,1.13,1.88
2013.02.10 23:20:43.099,0.92482,0.92494,1.13,1.88
2013.02.10 23:20:50.010,0.92482,0.92494,1.13,1.13
2013.02.10 23:20:54.659,0.92483,0.92495,1.13,1.88
2013.02.10 23:21:00.729,0.92483,0.92496,1.13,1.50
2013.02.10 23:21:02.399,0.92484,0.92497,2.25,1.50
2013.02.10 23:21:03.549,0.92487,0.92497,1.62,1.50
2013.02.10 23:21:03.670,0.92487,0.92497,1.13,1.73
2013.02.10 23:21:03.909,0.92488,0.92498,2.63,1.73
2013.02.10 23:21:05.090,0.92487,0.92497,1.50,1.13
2013.02.10 23:21:05.269,0.92483,0.92495,1.50,1.50
2013.02.10 23:21:06.148,0.92483,0.92496,3.00,2.25
2013.02.10 23:21:06.678,0.92485,0.92497,2.25,1.35
2013.02.10 23:21:12.360,0.92485,0.92497,3.00,1.35
2013.02.10 23:21:14.899,0.92489,0.92497,3.00,1.35
2013.02.10 23:21:29.849,0.92488,0.925,1.50,2.48
2013.02.10 23:21:30.689,0.92488,0.92498,1.50,2.48
2013.02.10 23:21:34.708,0.92487,0.92498,3.00,1.73
2013.02.10 23:21:35.240,0.92485,0.92498,1.50,1.73
2013.02.10 23:21:35.359,0.92481,0.92495,1.50,1.50
2013.02.10 23:21:42.209,0.92484,0.92496,2.25,3.00
2013.02.10 23:21:42.269,0.92487,0.92497,1.50,1.73
2013.02.10 23:21:45.599,0.92487,0.92497,1.50,2.48
2013.02.10 23:21:46.205,0.92484,0.92497,3.00,2.48
2013.02.10 23:21:47.028,0.92486,0.92497,2.25,1.73
2013.02.10 23:21:54.269,0.92487,0.92498,1.50,2.10
2013.02.10 23:21:55.410,0.92487,0.92498,1.50,2.10
2013.02.10 23:22:07.358,0.92485,0.92498,3.00,2.48
2013.02.10 23:22:13.639,0.92485,0.92498,3.00,2.48
2013.02.10 23:22:18.199,0.9249,0.925,1.50,2.10
2013.02.10 23:22:20.790,0.9249,0.92502,1.50,2.10
2013.02.10 23:22:20.850,0.92491,0.92502,3.00,1.35
2013.02.10 23:22:21.389,0.92494,0.92504,1.50,2.10
2013.02.10 23:22:21.710,0.92495,0.92505,3.00,3.53
2013.02.10 23:22:22.820,0.92497,0.92508,1.50,2.10
2013.02.10 23:22:22.880,0.92497,0.92508,1.50,2.10
2013.02.10 23:22:22.941,0.92497,0.92508,1.50,2.10
2013.02.10 23:22:24.499,0.92497,0.92509,1.50,1.73
2013.02.10 23:22:24.739,0.92497,0.9251,1.50,2.10
2013.02.10 23:22:24.979,0.925,0.9251,1.50,2.10
2013.02.10 23:22:25.499,0.92497,0.9251,3.00,2.85
2013.02.10 23:22:25.859,0.925,0.9251,1.50,1.35
2013.02.10 23:22:26.400,0.92498,0.92514,3.75,5.85
2013.02.10 23:22:26.949,0.92501,0.92513,1.13,1.73
2013.02.10 23:22:27.650,0.92502,0.92515,1.50,1.05
2013.02.10 23:22:28.009,0.92506,0.92517,1.50,1.43
2013.02.10 23:22:28.249,0.92506,0.92517,1.50,1.43
2013.02.10 23:22:28.809,0.92508,0.92517,1.50,1.43
2013.02.10 23:22:28.869,0.92509,0.92517,3.00,1.43
2013.02.10 23:22:30.380,0.92507,0.92517,1.50,1.05
2013.02.10 23:22:30.881,0.92507,0.92516,1.50,1.20
2013.02.10 23:22:33.110,0.92511,0.9252,3.00,1.13
2013.02.10 23:22:33.181,0.92513,0.92522,1.50,1.50
2013.02.10 23:22:33.243,0.92513,0.92525,1.50,3.23
2013.02.10 23:22:33.311,0.92513,0.92525,1.50,2.48
2013.02.10 23:22:33.490,0.92516,0.92527,1.50,2.10
2013.02.10 23:22:33.670,0.92513,0.92527,2.25,2.10
2013.02.10 23:22:36.199,0.92511,0.92528,1.50,4.88
2013.02.10 23:22:37.029,0.92515,0.92528,1.50,5.10
2013.02.10 23:22:45.550,0.92516,0.92528,3.00,6.23
2013.02.10 23:22:45.909,0.92523,0.92535,1.50,4.35
2013.02.10 23:22:46.149,0.92523,0.92535,1.50,1.73
2013.02.10 23:22:47.810,0.92525,0.92535,1.50,1.35
2013.02.10 23:22:56.080,0.92528,0.92537,2.25,2.63
2013.02.10 23:22:57.000,0.92527,0.92537,1.50,2.78
2013.02.10 23:22:58.880,0.92524,0.92537,1.50,2.40
2013.02.10 23:23:00.789,0.92526,0.92537,2.25,4.28
2013.02.10 23:23:08.140,0.92532,0.92539,3.00,1.13
2013.02.10 23:23:08.679,0.9253,0.92537,2.25,1.35
2013.02.10 23:23:09.140,0.92535,0.92543,3.00,1.50
2013.02.10 23:23:11.590,0.92533,0.9254,2.25,1.35
2013.02.10 23:23:15.605,0.92535,0.92544,3.00,2.10
2013.02.10 23:23:18.369,0.92531,0.92541,2.25,1.88
2013.02.10 23:23:18.429,0.9253,0.92541,1.50,1.50
2013.02.10 23:23:19.699,0.92529,0.92541,1.50,1.50
2013.02.10 23:23:25.859,0.92531,0.92543,1.50,5.85
2013.02.10 23:23:25.919,0.92533,0.92543,2.25,1.35
2013.02.10 23:23:26.100,0.92535,0.92546,2.63,4.88
2013.02.10 23:23:26.220,0.92539,0.92549,2.25,1.50
2013.02.10 23:23:26.775,0.92539,0.92553,3.00,1.50
2013.02.10 23:23:27.080,0.92544,0.92555,4.36,1.13
2013.02.10 23:23:27.277,0.92544,0.92557,4.55,9.38
2013.02.10 23:23:27.340,0.92547,0.92559,1.50,4.35
2013.02.10 23:23:27.461,0.9255,0.92567,1.50,1.35
2013.02.10 23:23:27.520,0.9255,0.92567,1.50,1.13
2013.02.10 23:23:28.000,0.92553,0.92569,2.55,1.13
2013.02.10 23:23:28.340,0.92558,0.92573,1.50,1.50
2013.02.10 23:23:28.461,0.9256,0.92577,1.50,4.13
2013.02.10 23:23:29.000,0.92562,0.92578,1.50,1.13
2013.02.10 23:23:29.060,0.92562,0.92579,1.50,1.50
2013.02.10 23:23:29.182,0.92561,0.92578,1.50,1.50
2013.02.10 23:23:29.300,0.92559,0.92579,2.10,1.50
2013.02.10 23:23:30.410,0.92562,0.9258,3.75,5.25
2013.02.10 23:23:31.185,0.92562,0.9258,4.13,4.88
2013.02.10 23:23:31.522,0.92562,0.92568,2.63,1.50
2013.02.10 23:23:31.642,0.92562,0.92575,1.13,3.00
2013.02.10 23:23:31.702,0.92562,0.92577,1.13,1.35
2013.02.10 23:23:31.772,0.92562,0.92578,1.88,1.88
2013.02.10 23:23:32.190,0.92562,0.92579,1.13,5.25
2013.02.10 23:23:32.860,0.92563,0.92579,1.50,1.13
2013.02.10 23:23:33.160,0.92563,0.9258,1.50,3.38
2013.02.10 23:23:35.042,0.92563,0.9258,1.50,8.63
2013.02.10 23:23:38.230,0.92562,0.9258,1.88,3.38
2013.02.10 23:23:40.569,0.92562,0.92577,1.13,1.13
2013.02.10 23:23:40.690,0.92562,0.9258,1.13,4.13
2013.02.10 23:23:40.870,0.92562,0.92576,1.13,3.75
2013.02.10 23:23:41.169,0.92566,0.92579,5.96,1.50
2013.02.10 23:23:41.709,0.92566,0.9258,6.41,6.00
2013.02.10 23:23:42.639,0.92566,0.9258,5.96,7.50
2013.02.10 23:23:43.310,0.92567,0.9258,5.25,4.13
2013.02.10 23:23:45.720,0.92566,0.9258,5.05,1.88
2013.02.10 23:23:46.259,0.92565,0.9258,1.50,4.13
2013.02.10 23:23:46.380,0.9256,0.92575,3.23,1.13
2013.02.10 23:23:46.741,0.92559,0.92573,1.88,3.00
2013.02.10 23:23:47.100,0.92562,0.92576,1.13,3.15
2013.02.10 23:23:47.281,0.92561,0.92577,2.10,1.88
2013.02.10 23:23:47.830,0.92562,0.92579,2.10,2.25
2013.02.10 23:23:48.380,0.92561,0.92579,1.35,2.25
2013.02.10 23:23:48.683,0.92561,0.92579,1.35,1.13
2013.02.10 23:23:50.220,0.92562,0.92579,2.10,1.13
2013.02.10 23:23:50.460,0.92563,0.9258,1.50,1.50
2013.02.10 23:23:57.684,0.92563,0.92579,1.50,1.50
2013.02.10 23:23:57.929,0.92563,0.92579,1.50,1.50
2013.02.10 23:24:00.344,0.92562,0.92579,2.10,1.50
2013.02.10 23:24:02.120,0.92562,0.9258,3.23,1.50
2013.02.10 23:24:03.439,0.92562,0.92579,1.73,1.13
2013.02.10 23:24:09.919,0.92562,0.92579,1.73,3.38
2013.02.10 23:24:10.220,0.92562,0.92574,1.13,1.50
2013.02.10 23:24:10.760,0.92559,0.92573,1.88,4.88
2013.02.10 23:24:11.119,0.92556,0.9257,1.13,1.50
2013.02.10 23:24:11.540,0.92556,0.9257,1.13,3.00
2013.02.10 23:24:12.123,0.92557,0.9257,1.13,1.50
2013.02.10 23:24:13.159,0.92557,0.9257,1.13,1.50
2013.02.10 23:24:13.759,0.92554,0.92569,1.13,1.50
2013.02.10 23:24:14.649,0.92554,0.92567,1.13,1.50
2013.02.10 23:24:14.959,0.92554,0.92566,1.13,1.50
2013.02.10 23:24:15.560,0.92554,0.92566,1.73,1.50
2013.02.10 23:24:16.160,0.92554,0.92569,1.73,3.00
2013.02.10 23:24:16.696,0.92553,0.92567,2.48,1.50
2013.02.10 23:24:17.860,0.92554,0.92569,1.73,1.50
2013.02.10 23:24:18.220,0.92554,0.92567,1.13,3.00
2013.02.10 23:24:18.642,0.92554,0.92569,2.10,3.00
2013.02.10 23:24:20.396,0.92553,0.92567,1.73,1.50
2013.02.10 23:24:31.080,0.92554,0.9257,2.10,1.50
2013.02.10 23:24:31.701,0.92556,0.9257,1.50,1.50
2013.02.10 23:24:32.831,0.92556,0.9257,1.58,1.50
2013.02.10 23:24:33.370,0.92559,0.92572,1.50,3.00
2013.02.10 23:24:36.171,0.92556,0.92572,4.20,3.00
2013.02.10 23:24:42.713,0.92556,0.9257,1.13,1.50
2013.02.10 23:24:42.900,0.92554,0.92568,1.73,1.50
2013.02.10 23:24:45.122,0.92556,0.92569,2.25,1.50
2013.02.10 23:24:45.420,0.92562,0.92573,1.13,1.13
2013.02.10 23:24:45.929,0.92562,0.92574,1.13,1.13
2013.02.10 23:24:46.110,0.92564,0.92577,3.26,2.63
2013.02.10 23:24:46.289,0.92564,0.92577,3.63,2.63
2013.02.10 23:24:46.469,0.92565,0.92577,2.25,1.88
2013.02.10 23:24:46.970,0.92564,0.92577,4.38,2.63
2013.02.10 23:24:49.361,0.92564,0.92577,4.38,1.50
2013.02.10 23:24:55.779,0.92564,0.92577,3.78,3.00
2013.02.10 23:24:56.080,0.92562,0.92575,2.48,3.00
2013.02.10 23:24:56.700,0.9256,0.92575,2.85,3.00
2013.02.10 23:25:05.159,0.92561,0.92577,3.98,3.38
2013.02.10 23:25:15.609,0.92561,0.92575,1.73,2.25
2013.02.10 23:25:16.409,0.92561,0.92574,2.48,1.50
2013.02.10 23:25:37.299,0.92562,0.92577,1.73,1.13
2013.02.10 23:25:45.079,0.92564,0.92578,1.23,2.63
2013.02.10 23:25:45.199,0.92566,0.92579,1.83,3.00
2013.02.10 23:25:46.549,0.92564,0.92578,2.25,1.88
2013.02.10 23:25:46.609,0.92561,0.92577,3.23,3.00
2013.02.10 23:25:47.880,0.9256,0.92575,2.85,3.00
2013.02.10 23:25:59.005,0.9256,0.92575,3.60,1.50
2013.02.10 23:26:03.374,0.92562,0.92575,1.73,1.50
2013.02.10 23:26:03.920,0.92562,0.92576,1.73,1.88
2013.02.10 23:26:14.994,0.92563,0.92576,1.08,1.88
2013.02.10 23:26:15.179,0.92565,0.92578,1.64,1.13
2013.02.10 23:26:15.239,0.92567,0.92579,1.50,3.38
2013.02.10 23:26:16.425,0.92567,0.92579,1.50,1.13
2013.02.10 23:26:16.959,0.92567,0.92579,1.50,1.88
2013.02.10 23:26:17.019,0.92562,0.92574,1.73,1.50
2013.02.10 23:26:17.559,0.92561,0.92576,2.10,3.00
2013.02.10 23:26:17.679,0.92563,0.92577,1.73,2.63
2013.02.10 23:26:20.520,0.92564,0.92577,2.25,1.50
2013.02.10 23:26:33.489,0.92563,0.92577,1.73,1.88
2013.02.10 23:26:34.919,0.92564,0.92577,1.50,1.88
2013.02.10 23:26:35.469,0.92565,0.92577,1.50,1.13
2013.02.10 23:26:44.860,0.92562,0.92576,1.73,1.50
2013.02.10 23:26:46.239,0.92563,0.92577,3.23,1.13
2013.02.10 23:26:49.480,0.92562,0.92576,1.73,1.50
2013.02.10 23:27:10.349,0.92562,0.92577,3.23,1.88
2013.02.10 23:27:15.560,0.92561,0.92575,2.48,1.50
2013.02.10 23:27:23.681,0.92563,0.92577,1.73,1.88
2013.02.10 23:27:30.059,0.9256,0.92576,3.23,3.00
2013.02.10 23:27:40.449,0.9256,0.92574,1.73,3.00
2013.02.10 23:27:42.719,0.92561,0.92577,3.23,3.00
2013.02.10 23:27:44.999,0.92561,0.92575,1.35,3.00
2013.02.10 23:27:45.470,0.9256,0.92572,2.10,1.50
2013.02.10 23:27:46.170,0.9256,0.92574,2.10,1.50
2013.02.10 23:27:47.539,0.92562,0.92576,1.73,1.88
2013.02.10 23:27:49.720,0.92562,0.92575,1.73,3.00
2013.02.10 23:27:53.629,0.92562,0.92576,2.48,1.50
2013.02.10 23:27:53.753,0.92562,0.92574,1.73,1.50
2013.02.10 23:27:54.318,0.92562,0.92574,1.73,1.50
2013.02.10 23:27:57.508,0.92561,0.92574,2.10,1.50
2013.02.10 23:28:12.509,0.92561,0.92574,3.60,1.50
2013.02.10 23:28:15.919,0.92564,0.92577,1.50,3.38
2013.02.10 23:28:17.325,0.92562,0.92575,1.73,2.25
2013.02.10 23:28:40.190,0.92562,0.92574,1.73,1.50
2013.02.10 23:28:50.859,0.92562,0.92576,2.48,1.50
2013.02.10 23:28:52.829,0.92562,0.92576,1.73,3.00
2013.02.10 23:29:07.628,0.92561,0.92574,1.73,1.50
2013.02.10 23:29:10.990,0.92562,0.92576,1.73,1.50
2013.02.10 23:29:17.610,0.92561,0.92575,1.73,3.75
2013.02.10 23:29:25.208,0.92561,0.92575,3.23,2.25
2013.02.10 23:29:44.352,0.92562,0.92576,3.23,1.50
2013.02.10 23:29:45.899,0.92563,0.92577,1.50,1.50
2013.02.10 23:30:04.348,0.92563,0.92577,1.73,1.13
2013.02.10 23:30:05.360,0.92563,0.92577,1.73,1.88
2013.02.10 23:30:18.166,0.9256,0.92576,1.73,1.50
2013.02.10 23:30:24.952,0.9256,0.92574,1.73,1.13
2013.02.10 23:30:25.080,0.9256,0.92574,1.73,1.13
2013.02.10 23:30:25.139,0.9256,0.92574,1.73,1.13
2013.02.10 23:30:26.950,0.92559,0.92574,2.10,3.38
2013.02.10 23:30:36.990,0.92559,0.92572,1.35,1.50
2013.02.10 23:31:02.260,0.9256,0.92574,1.73,1.50
2013.02.10 23:31:05.480,0.92557,0.92573,3.98,3.00
2013.02.10 23:31:13.850,0.9256,0.92574,2.10,1.88
2013.02.10 23:31:18.960,0.92559,0.92572,1.35,1.50
2013.02.10 23:31:48.802,0.92558,0.9257,2.48,1.50
2013.02.10 23:31:49.590,0.92558,0.92569,1.73,1.50
2013.02.10 23:32:17.797,0.92558,0.92571,1.73,1.50
2013.02.10 23:32:38.169,0.92558,0.92572,2.85,1.50
2013.02.10 23:32:53.161,0.92556,0.92569,2.85,1.50
2013.02.10 23:32:53.342,0.92555,0.92567,4.50,1.50
2013.02.10 23:32:53.400,0.9255,0.92563,1.13,3.00
2013.02.10 23:32:53.831,0.92547,0.92561,1.50,3.00
2013.02.10 23:32:57.961,0.92549,0.92561,1.50,3.00
2013.02.10 23:32:58.081,0.92551,0.92565,1.20,3.38
2013.02.10 23:32:58.261,0.92552,0.92565,1.43,3.00
2013.02.10 23:32:58.322,0.92552,0.92566,2.10,1.50
2013.02.10 23:32:58.516,0.9255,0.92562,5.63,1.50
2013.02.10 23:32:59.034,0.9255,0.92562,1.73,1.50
2013.02.10 23:33:00.905,0.9255,0.92562,1.35,1.50
2013.02.10 23:33:07.751,0.92547,0.92559,6.00,1.50
2013.02.10 23:33:08.111,0.9254,0.92553,5.25,1.50
2013.02.10 23:33:19.231,0.92541,0.92552,1.88,1.50
2013.02.10 23:33:19.291,0.92541,0.92551,1.88,1.50
2013.02.10 23:33:23.171,0.92539,0.92551,4.50,1.50
2013.02.10 23:33:23.706,0.92539,0.92551,4.50,1.50
2013.02.10 23:33:25.039,0.92539,0.92549,4.50,2.25
2013.02.10 23:33:31.592,0.92538,0.92547,1.35,2.25
2013.02.10 23:33:31.772,0.92533,0.92541,1.35,3.00
2013.02.10 23:33:31.894,0.92534,0.92541,4.50,2.25
2013.02.10 23:33:32.082,0.92533,0.92541,1.13,1.50
2013.02.10 23:33:36.731,0.92533,0.92541,4.50,3.00
2013.02.10 23:33:36.912,0.9253,0.92541,4.88,3.00
2013.02.10 23:33:37.152,0.92527,0.92537,1.50,1.50
2013.02.10 23:33:37.212,0.92527,0.92536,1.13,1.50
2013.02.10 23:33:37.272,0.92526,0.92536,4.50,1.50
2013.02.10 23:33:38.373,0.92525,0.92534,3.75,1.50
2013.02.10 23:33:38.674,0.92522,0.9253,1.13,3.00
2013.02.10 23:33:38.741,0.92522,0.9253,1.50,1.50
2013.02.10 23:33:38.921,0.92522,0.92531,1.50,3.00
2013.02.10 23:33:39.100,0.92521,0.92529,1.13,1.50
2013.02.10 23:33:40.352,0.92522,0.92529,1.13,1.50
2013.02.10 23:33:40.471,0.92522,0.92531,1.13,1.50
2013.02.10 23:33:40.645,0.92522,0.92533,1.13,1.50
2013.02.10 23:33:42.011,0.92522,0.92535,3.00,1.35
2013.02.10 23:33:42.551,0.92522,0.92535,2.25,2.10
2013.02.10 23:33:43.111,0.92522,0.92535,2.63,2.10
2013.02.10 23:33:43.171,0.92522,0.92532,2.63,1.50
2013.02.10 23:33:45.802,0.92521,0.92532,3.38,1.50
2013.02.10 23:33:47.561,0.92521,0.92535,2.63,2.10
2013.02.10 23:33:50.381,0.92521,0.92532,1.88,1.50
2013.02.10 23:33:51.252,0.92522,0.92533,1.88,2.25
2013.02.10 23:33:51.312,0.92522,0.92535,3.75,3.00
2013.02.10 23:33:57.353,0.92522,0.92535,2.25,3.00
2013.02.10 23:34:00.323,0.92522,0.92535,2.63,3.00
2013.02.10 23:34:03.351,0.92522,0.92535,3.38,3.00
2013.02.10 23:34:11.290,0.92522,0.92536,5.25,1.50
2013.02.10 23:34:17.091,0.92522,0.92536,2.25,1.50
2013.02.10 23:34:22.521,0.92522,0.92536,3.38,1.50
2013.02.10 23:34:24.681,0.92523,0.92536,1.13,1.50
2013.02.10 23:34:25.543,0.92524,0.92537,1.13,1.50
2013.02.10 23:34:32.912,0.92523,0.92537,1.50,1.50
2013.02.10 23:34:35.860,0.92523,0.92538,3.00,1.50
2013.02.10 23:34:36.413,0.92524,0.9254,1.50,1.88
2013.02.10 23:34:43.631,0.92529,0.9254,3.08,1.13
2013.02.10 23:34:43.818,0.9253,0.92543,2.63,1.13
2013.02.10 23:34:44.001,0.92532,0.92544,1.13,1.50
2013.02.10 23:34:44.066,0.92535,0.92545,1.13,2.25
2013.02.10 23:34:44.552,0.92535,0.92549,1.50,1.50
2013.02.10 23:34:44.731,0.92536,0.92549,2.33,1.50
2013.02.10 23:34:45.281,0.92539,0.92553,2.63,1.50
2013.02.10 23:34:45.712,0.92539,0.92546,1.13,2.25
2013.02.10 23:34:45.771,0.92534,0.92545,1.50,1.50
2013.02.10 23:34:46.073,0.92532,0.92541,1.13,1.50
2013.02.10 23:34:46.322,0.92527,0.92539,1.50,1.50
2013.02.10 23:34:46.381,0.92527,0.92536,1.13,2.25
2013.02.10 23:34:46.502,0.92527,0.92536,1.50,1.50
2013.02.10 23:34:46.682,0.92521,0.92536,2.25,3.00
2013.02.10 23:34:46.921,0.92522,0.92537,3.00,1.50
2013.02.10 23:34:47.041,0.92521,0.92537,1.50,2.25
2013.02.10 23:34:47.281,0.92519,0.92533,2.33,1.50
2013.02.10 23:34:47.771,0.92522,0.92536,3.00,1.50
2013.02.10 23:34:47.890,0.92523,0.92538,2.25,1.50
2013.02.10 23:34:52.570,0.92524,0.92539,1.50,3.00
2013.02.10 23:34:53.051,0.92521,0.92537,3.38,3.75
2013.02.10 23:34:53.941,0.92524,0.92537,2.25,3.75
2013.02.10 23:34:54.251,0.92526,0.92538,1.13,1.13
2013.02.10 23:34:54.610,0.92523,0.92537,1.50,1.50
2013.02.10 23:34:57.051,0.92521,0.92533,1.88,1.35
2013.02.10 23:34:57.172,0.9252,0.9253,1.13,1.35
2013.02.10 23:34:57.711,0.9252,0.9253,1.13,1.35
2013.02.10 23:34:58.253,0.9252,0.9253,1.20,1.35
2013.02.10 23:34:58.780,0.9252,0.9253,1.20,1.35
2013.02.10 23:34:59.529,0.9252,0.9253,1.20,1.35
2013.02.10 23:34:59.651,0.92526,0.92533,1.73,2.25
2013.02.10 23:34:59.710,0.92527,0.92534,1.35,1.50
2013.02.10 23:34:59.772,0.92527,0.92539,3.23,7.58
2013.02.10 23:34:59.893,0.92526,0.92539,1.50,8.25
2013.02.10 23:35:00.014,0.92526,0.9254,1.50,1.88
2013.02.10 23:35:00.083,0.92528,0.9254,1.88,1.13
2013.02.10 23:35:00.141,0.92529,0.92542,1.13,1.50
2013.02.10 23:35:00.811,0.9253,0.92544,3.00,1.88
2013.02.10 23:35:01.205,0.92528,0.92544,3.00,4.13
2013.02.10 23:35:04.450,0.92525,0.92541,8.63,3.00
2013.02.10 23:35:04.751,0.92525,0.92536,1.13,1.50
2013.02.10 23:35:06.431,0.92522,0.92535,2.25,1.35
2013.02.10 23:35:07.832,0.92519,0.92526,1.50,2.25
2013.02.10 23:35:07.892,0.92518,0.92526,1.50,2.25
2013.02.10 23:35:07.952,0.92512,0.92523,1.13,1.50
2013.02.10 23:35:08.012,0.92512,0.92521,1.13,1.50
2013.02.10 23:35:08.491,0.92511,0.92524,1.50,1.50
2013.02.10 23:35:09.032,0.92512,0.92525,1.50,1.50
2013.02.10 23:35:09.341,0.92509,0.92524,3.00,1.50
2013.02.10 23:35:09.681,0.92508,0.92521,4.50,1.50
2013.02.10 23:35:10.351,0.9251,0.92521,1.50,1.50
2013.02.10 23:35:10.472,0.92514,0.92528,1.13,1.50
2013.02.10 23:35:10.771,0.92514,0.92529,1.88,1.35
2013.02.10 23:35:11.594,0.92521,0.92533,4.88,1.73
2013.02.10 23:35:11.662,0.92521,0.92534,4.88,2.10
2013.02.10 23:35:12.230,0.92524,0.92537,1.50,1.43
2013.02.10 23:35:15.830,0.92524,0.92537,1.58,2.10
2013.02.10 23:35:16.131,0.9253,0.9254,2.25,2.10
2013.02.10 23:35:16.251,0.9253,0.9254,3.75,1.35
2013.02.10 23:35:17.040,0.92532,0.92542,1.50,2.10
2013.02.10 23:35:20.502,0.9253,0.92541,7.13,1.35
2013.02.10 23:35:20.645,0.92528,0.92539,4.50,1.35
2013.02.10 23:35:20.772,0.92526,0.92538,1.88,2.10
2013.02.10 23:35:22.050,0.92527,0.92538,1.50,1.35
2013.02.10 23:35:25.054,0.92526,0.92538,1.50,2.10
2013.02.10 23:35:28.101,0.92529,0.92538,1.50,1.35
2013.02.10 23:35:28.281,0.92529,0.92539,1.50,2.10
2013.02.10 23:35:28.401,0.9253,0.9254,1.50,1.35
2013.02.10 23:35:33.001,0.92531,0.92541,1.50,1.88
2013.02.10 23:35:33.063,0.92531,0.92541,2.25,1.13
2013.02.10 23:35:33.182,0.92533,0.92544,1.50,1.35
2013.02.10 23:35:33.242,0.92533,0.92545,2.07,1.73
2013.02.10 23:35:33.373,0.92535,0.92547,2.85,1.50
2013.02.10 23:35:33.921,0.92539,0.92551,1.50,2.10
2013.02.10 23:35:34.543,0.92542,0.92552,1.50,1.13
2013.02.10 23:35:34.611,0.92543,0.92554,1.50,2.25
2013.02.10 23:35:35.151,0.92544,0.92554,1.50,1.50
2013.02.10 23:35:36.973,0.92541,0.92554,2.25,2.25
2013.02.10 23:35:43.981,0.92543,0.92555,1.50,1.50
2013.02.10 23:35:46.891,0.92543,0.92555,1.50,1.50
2013.02.10 23:35:47.431,0.92543,0.92555,1.50,1.50
2013.02.10 23:35:49.241,0.92543,0.92555,1.50,1.50
2013.02.10 23:35:52.211,0.92544,0.92557,1.50,1.50
2013.02.10 23:35:53.991,0.92544,0.92555,1.50,1.50
2013.02.10 23:36:00.411,0.92542,0.92554,2.63,1.50
2013.02.10 23:36:00.971,0.92543,0.92554,1.50,1.50
2013.02.10 23:36:01.860,0.92542,0.92554,2.63,1.50
2013.02.10 23:36:03.200,0.92542,0.92553,1.88,1.50
2013.02.10 23:36:05.142,0.92542,0.92553,1.88,1.62
2013.02.10 23:36:05.692,0.9254,0.92551,4.35,1.50
2013.02.10 23:36:14.542,0.9254,0.92551,4.35,1.50
2013.02.10 23:36:15.046,0.9254,0.92551,4.35,1.50
2013.02.10 23:36:20.232,0.92539,0.92551,5.85,1.50
2013.02.10 23:36:20.787,0.92539,0.92551,5.85,1.50
2013.02.10 23:36:21.354,0.92539,0.92551,6.60,1.50
2013.02.10 23:36:21.691,0.92539,0.92551,5.85,1.50
2013.02.10 23:36:21.751,0.92539,0.92551,5.85,1.50
2013.02.10 23:36:22.382,0.92539,0.92551,5.85,1.50
2013.02.10 23:36:24.452,0.92539,0.92547,3.98,1.50
2013.02.10 23:36:24.512,0.92539,0.92546,3.75,1.50
2013.02.10 23:36:24.632,0.92533,0.92544,5.25,1.50
2013.02.10 23:36:25.178,0.92533,0.92546,1.50,1.50
2013.02.10 23:36:27.752,0.92534,0.92547,2.25,2.63
2013.02.10 23:36:28.631,0.92535,0.92547,2.25,1.13
2013.02.10 23:36:29.172,0.92537,0.92547,1.50,1.13
2013.02.10 23:36:30.433,0.92541,0.9255,1.35,1.50
2013.02.10 23:36:30.560,0.92545,0.92555,1.50,4.88
2013.02.10 23:36:31.461,0.92545,0.92555,3.00,2.10
2013.02.10 23:36:31.581,0.92541,0.92549,1.50,1.50
2013.02.10 23:36:31.940,0.92536,0.92549,3.00,1.50
2013.02.10 23:36:32.241,0.92535,0.92547,1.50,1.50
2013.02.10 23:36:32.781,0.92535,0.92547,1.50,1.50
2013.02.10 23:36:35.171,0.92534,0.92547,2.25,1.50
2013.02.10 23:36:35.612,0.92533,0.92545,1.50,1.88
2013.02.10 23:36:35.671,0.92531,0.92545,1.50,1.88
2013.02.10 23:36:36.702,0.92531,0.92545,1.50,1.88
2013.02.10 23:36:37.411,0.92531,0.92545,1.50,1.73
2013.02.10 23:36:38.251,0.92531,0.92545,1.50,1.73
2013.02.10 23:36:38.671,0.92531,0.92545,2.25,1.73
2013.02.10 23:36:39.931,0.92531,0.92545,1.50,1.73
2013.02.10 23:36:40.054,0.92531,0.92545,2.25,1.73
2013.02.10 23:36:41.020,0.92531,0.92545,1.50,1.73
2013.02.10 23:36:41.331,0.92531,0.92545,1.50,1.73
2013.02.10 23:36:41.691,0.92533,0.92546,1.50,1.13
2013.02.10 23:36:42.052,0.92536,0.92546,2.25,1.13
2013.02.10 23:36:42.171,0.92535,0.92547,1.50,1.13
2013.02.10 23:36:43.321,0.92535,0.92549,2.25,2.03
2013.02.10 23:36:45.639,0.92535,0.92546,1.50,1.50
2013.02.10 23:36:52.098,0.92536,0.92546,1.50,1.50
2013.02.10 23:36:52.642,0.92535,0.92546,1.50,1.50
2013.02.10 23:36:59.242,0.92536,0.92548,1.88,1.50
2013.02.10 23:36:59.362,0.92535,0.92546,1.50,1.50
2013.02.10 23:37:00.401,0.92535,0.92546,1.50,1.50
2013.02.10 23:37:01.291,0.92535,0.92546,1.50,1.50
2013.02.10 23:37:03.005,0.92534,0.92544,1.88,1.50
2013.02.10 23:37:23.281,0.92534,0.92544,1.13,1.50
2013.02.10 23:37:28.971,0.92534,0.92543,1.13,1.50
2013.02.10 23:37:29.330,0.9253,0.92541,1.13,1.50
2013.02.10 23:37:29.651,0.9253,0.92542,1.88,1.50
2013.02.10 23:37:30.202,0.9253,0.92543,1.88,2.25
2013.02.10 23:37:30.756,0.92532,0.92543,1.50,1.50
2013.02.10 23:37:31.620,0.92531,0.92543,1.50,1.50
2013.02.10 23:37:33.327,0.92532,0.92543,1.50,2.25
2013.02.10 23:37:49.982,0.9253,0.92542,1.50,1.50
2013.02.10 23:37:50.104,0.92532,0.92543,1.50,1.50
2013.02.10 23:37:50.232,0.92532,0.92543,1.50,1.50
2013.02.10 23:37:57.631,0.92532,0.92544,1.50,2.48
2013.02.10 23:38:00.492,0.92531,0.92542,1.50,1.50
2013.02.10 23:38:01.313,0.92532,0.92542,1.50,1.50
2013.02.10 23:38:08.223,0.92532,0.92543,1.50,1.50
2013.02.10 23:38:12.312,0.9253,0.92543,1.88,3.00
2013.02.10 23:38:12.873,0.9253,0.9254,1.13,1.50
2013.02.10 23:38:18.451,0.92532,0.92543,1.50,1.50
2013.02.10 23:38:21.351,0.92532,0.92544,1.50,1.73
2013.02.10 23:38:21.531,0.92534,0.92546,1.50,1.73
2013.02.10 23:38:21.941,0.92534,0.92547,3.00,2.85
2013.02.10 23:38:22.060,0.92534,0.92546,2.25,1.73
2013.02.10 23:38:22.123,0.92534,0.92546,1.50,1.73
2013.02.10 23:38:22.181,0.92537,0.92547,1.50,1.88
2013.02.10 23:38:22.361,0.92539,0.92549,2.25,1.50
2013.02.10 23:38:24.671,0.92539,0.92551,2.25,1.88
2013.02.10 23:38:25.802,0.92539,0.9255,1.50,1.13
2013.02.10 23:38:27.371,0.92539,0.92549,1.50,1.13
2013.02.10 23:38:30.510,0.92538,0.92549,1.50,1.88
2013.02.10 23:38:30.570,0.92538,0.92549,1.50,1.88
2013.02.10 23:38:41.691,0.92538,0.92549,1.50,1.50
2013.02.10 23:38:49.741,0.92538,0.9255,1.50,1.50
2013.02.10 23:38:51.321,0.92538,0.9255,1.50,1.50
2013.02.10 23:38:52.491,0.92538,0.9255,1.50,1.50
2013.02.10 23:38:52.612,0.92537,0.92549,1.50,1.50
2013.02.10 23:38:53.251,0.92534,0.92546,1.50,1.50
2013.02.10 23:38:53.552,0.92532,0.92544,1.50,1.88
2013.02.10 23:38:53.613,0.92531,0.92544,1.50,4.13
2013.02.10 23:38:53.801,0.92533,0.92543,1.50,1.50
2013.02.10 23:38:53.922,0.92535,0.92544,2.25,1.13
2013.02.10 23:39:09.215,0.92537,0.92547,1.50,1.50
2013.02.10 23:39:14.331,0.92534,0.92545,1.50,1.50
2013.02.10 23:39:14.864,0.92534,0.92546,1.50,1.50
2013.02.10 23:39:18.061,0.92534,0.92544,1.50,1.50
2013.02.10 23:39:18.242,0.92529,0.92541,1.50,1.50
2013.02.10 23:39:21.422,0.9253,0.92541,1.50,1.35
2013.02.10 23:39:34.306,0.92527,0.9254,1.50,3.23
2013.02.10 23:39:35.831,0.92527,0.92539,1.50,1.73
2013.02.10 23:39:39.850,0.92527,0.9254,1.50,3.23
2013.02.10 23:39:39.972,0.92527,0.9254,2.25,1.73
2013.02.10 23:39:42.311,0.92529,0.92541,1.50,2.10
2013.02.10 23:39:53.323,0.92529,0.92541,1.50,2.10
2013.02.10 23:39:53.838,0.92529,0.92541,1.50,2.10
2013.02.10 23:39:57.901,0.92529,0.92541,1.50,2.10
2013.02.10 23:39:58.491,0.92529,0.92541,1.50,2.10
2013.02.10 23:40:13.287,0.92528,0.9254,1.50,1.73
2013.02.10 23:40:15.551,0.92529,0.92541,2.25,1.35
2013.02.10 23:40:23.851,0.92531,0.92542,2.25,1.35
2013.02.10 23:40:42.630,0.92533,0.92542,1.50,1.35
2013.02.10 23:40:47.082,0.92533,0.92543,1.50,1.13
2013.02.10 23:40:47.142,0.92535,0.92544,1.50,1.50
2013.02.10 23:40:47.501,0.92538,0.92545,1.50,1.13
2013.02.10 23:40:47.562,0.92538,0.92549,1.50,2.10
2013.02.10 23:40:48.812,0.92539,0.92549,1.50,1.35
2013.02.10 23:40:50.582,0.9254,0.92549,1.50,1.35
2013.02.10 23:41:04.361,0.92537,0.92549,1.50,2.10
2013.02.10 23:41:04.911,0.92538,0.92549,1.50,1.35
2013.02.10 23:41:12.161,0.92538,0.92549,1.50,1.73
2013.02.10 23:41:18.432,0.92538,0.92548,1.50,1.50
2013.02.10 23:41:28.091,0.92538,0.92549,1.50,1.73
2013.02.10 23:41:28.631,0.9254,0.9255,1.50,2.10
2013.02.10 23:41:35.852,0.92541,0.9255,1.50,1.35
2013.02.10 23:41:36.093,0.92542,0.92553,1.50,1.50
2013.02.10 23:41:46.171,0.92543,0.92556,3.75,2.85
2013.02.10 23:41:46.359,0.92545,0.92557,1.50,2.25
2013.02.10 23:41:46.542,0.92543,0.92553,1.50,2.25
2013.02.10 23:41:46.902,0.92542,0.9255,1.13,3.00
2013.02.10 23:41:47.515,0.92542,0.9255,1.13,1.50
2013.02.10 23:41:48.511,0.92542,0.92552,1.13,2.25
2013.02.10 23:41:50.882,0.92542,0.92553,1.13,2.25
2013.02.10 23:41:50.963,0.92542,0.92554,1.88,1.50
2013.02.10 23:41:51.026,0.92542,0.92554,1.88,1.50
2013.02.10 23:41:54.931,0.92542,0.92554,1.88,1.50
2013.02.10 23:41:55.051,0.92542,0.92554,1.88,1.50
2013.02.10 23:41:57.141,0.92542,0.92555,1.88,1.50
2013.02.10 23:41:57.511,0.92542,0.92555,1.88,1.50
2013.02.10 23:42:08.061,0.92545,0.92555,1.50,1.50
2013.02.10 23:42:08.611,0.92544,0.92555,1.50,1.50
2013.02.10 23:42:12.602,0.92545,0.92555,1.50,1.50
2013.02.10 23:42:14.521,0.92545,0.92555,1.50,1.50
2013.02.10 23:42:15.037,0.92544,0.92555,1.50,1.50
2013.02.10 23:42:23.532,0.92545,0.92556,1.50,1.50
2013.02.10 23:42:24.220,0.92545,0.92555,1.50,1.50
2013.02.10 23:42:43.561,0.92546,0.92556,1.50,1.50
2013.02.10 23:42:43.921,0.92543,0.92554,1.50,3.00
2013.02.10 23:42:44.161,0.92544,0.92555,1.50,1.73
2013.02.10 23:42:44.342,0.92545,0.92556,1.50,1.73
2013.02.10 23:42:44.881,0.92547,0.92558,1.50,1.50
2013.02.10 23:42:54.711,0.92544,0.92556,2.25,1.50
2013.02.10 23:42:55.321,0.92544,0.92555,1.50,1.50
2013.02.10 23:42:55.861,0.92545,0.92557,1.50,1.50
2013.02.10 23:43:01.726,0.92545,0.92557,1.50,1.50
2013.02.10 23:43:01.852,0.92547,0.92558,1.50,1.50
2013.02.10 23:43:04.665,0.92548,0.92559,1.50,1.13
2013.02.10 23:43:11.902,0.92549,0.9256,1.50,1.80
2013.02.10 23:43:12.205,0.9255,0.92562,1.50,1.13
2013.02.10 23:43:12.332,0.92555,0.92566,1.50,1.73
2013.02.10 23:43:12.392,0.92555,0.92567,1.50,2.48
2013.02.10 23:43:12.872,0.92558,0.92569,2.25,1.13
2013.02.10 23:43:13.413,0.92557,0.92569,1.50,1.88
2013.02.10 23:43:24.162,0.92558,0.9257,2.25,2.55
2013.02.10 23:43:28.212,0.92558,0.9257,2.25,2.93
2013.02.10 23:43:36.097,0.92556,0.92565,1.50,1.73
2013.02.10 23:43:37.430,0.92556,0.92565,1.50,1.73
2013.02.10 23:43:37.496,0.92558,0.92567,1.50,1.73
2013.02.10 23:43:39.911,0.92558,0.92567,1.50,1.73
2013.02.10 23:43:41.891,0.92558,0.92568,1.50,1.73
2013.02.10 23:43:42.462,0.92559,0.92569,1.50,2.10
2013.02.10 23:43:48.839,0.92559,0.92569,1.50,1.35
2013.02.10 23:44:02.932,0.92557,0.92568,2.25,2.10
2013.02.10 23:44:03.471,0.92556,0.92567,1.50,2.48
2013.02.10 23:44:06.712,0.92556,0.92567,1.50,2.48
2013.02.10 23:44:07.693,0.92556,0.92567,1.50,2.48
2013.02.10 23:44:09.753,0.92556,0.92567,1.50,2.48
2013.02.10 23:44:17.563,0.92556,0.92567,1.50,2.48
2013.02.10 23:44:19.691,0.92557,0.92567,1.50,2.48
2013.02.10 23:44:20.183,0.92559,0.9257,1.50,1.73
2013.02.10 23:44:20.361,0.92562,0.92573,1.50,1.73
2013.02.10 23:44:21.241,0.92561,0.92571,2.25,1.35
2013.02.10 23:44:23.782,0.92559,0.92571,1.50,3.00
2013.02.10 23:44:36.261,0.92559,0.9257,1.50,1.73
2013.02.10 23:44:36.763,0.92557,0.92569,1.50,2.48
2013.02.10 23:44:55.591,0.92558,0.92569,1.50,1.73
2013.02.10 23:44:56.101,0.92559,0.9257,1.50,2.48
2013.02.10 23:45:00.552,0.92562,0.92571,1.50,1.35
2013.02.10 23:45:00.613,0.92561,0.92572,1.50,1.35
2013.02.10 23:45:00.672,0.92563,0.92573,1.50,1.13
2013.02.10 23:45:00.731,0.92563,0.92573,1.50,1.50
2013.02.10 23:45:10.992,0.92566,0.92576,1.50,2.48
2013.02.10 23:45:24.311,0.92567,0.92576,1.50,1.50
2013.02.10 23:45:33.703,0.92567,0.92577,1.50,1.73
2013.02.10 23:45:35.502,0.92567,0.92578,2.25,2.10
2013.02.10 23:45:35.862,0.92567,0.92578,2.48,1.13
2013.02.10 23:45:36.931,0.9257,0.92579,1.73,1.88
2013.02.10 23:45:37.745,0.9257,0.92579,1.73,1.50
2013.02.10 23:45:42.012,0.9257,0.92579,1.50,1.73
2013.02.10 23:45:43.938,0.92569,0.9258,2.48,9.38
2013.02.10 23:45:45.701,0.9257,0.92579,1.50,1.73
2013.02.10 23:45:51.791,0.9257,0.92579,1.73,2.25
2013.02.10 23:45:54.422,0.9257,0.92579,1.73,1.50
2013.02.10 23:45:54.962,0.9257,0.9258,1.50,6.38
2013.02.10 23:45:58.222,0.92569,0.92579,2.48,2.25
2013.02.10 23:46:03.715,0.92568,0.92577,1.73,1.88
2013.02.10 23:46:04.023,0.92565,0.92577,1.50,2.63
2013.02.10 23:46:05.642,0.92567,0.92577,1.50,2.63
2013.02.10 23:46:14.102,0.92568,0.92577,1.50,1.50
2013.02.10 23:46:14.730,0.92569,0.92579,2.48,1.50
2013.02.10 23:46:14.911,0.92569,0.92579,2.48,1.88
2013.02.10 23:46:15.222,0.92567,0.92576,1.50,1.13
2013.02.10 23:46:15.771,0.92567,0.92576,1.73,1.13
2013.02.10 23:46:16.861,0.92567,0.92577,1.73,1.88
2013.02.10 23:46:17.405,0.92567,0.92577,1.73,1.88
2013.02.10 23:46:18.093,0.92567,0.92576,1.50,1.73
2013.02.10 23:46:18.212,0.92565,0.92575,1.50,1.73
2013.02.10 23:46:38.293,0.92565,0.92576,1.50,2.48
2013.02.10 23:46:59.341,0.92565,0.92574,1.50,1.35
2013.02.10 23:47:04.841,0.92563,0.92573,1.73,1.73
2013.02.10 23:47:04.902,0.92562,0.92573,1.73,2.48
2013.02.10 23:47:05.081,0.92561,0.92573,1.50,3.23
2013.02.10 23:47:05.142,0.92557,0.92569,1.50,1.50
2013.02.10 23:47:05.204,0.92557,0.92568,1.50,1.50
2013.02.10 23:47:05.382,0.92555,0.92567,1.50,1.73
2013.02.10 23:47:06.042,0.92555,0.92567,2.25,2.48
2013.02.10 23:47:07.291,0.92555,0.92567,1.50,2.48
2013.02.10 23:47:09.202,0.92555,0.92567,1.73,2.25
2013.02.10 23:47:22.632,0.92555,0.92565,1.73,1.50
2013.02.10 23:47:25.031,0.92555,0.92565,1.50,1.50
2013.02.10 23:47:40.642,0.92553,0.92564,1.73,1.73
2013.02.10 23:47:41.002,0.92542,0.92552,2.10,1.50
2013.02.10 23:47:41.303,0.92537,0.92549,3.23,1.73
2013.02.10 23:47:41.363,0.92536,0.92549,1.35,2.48
2013.02.10 23:47:41.483,0.92535,0.92547,2.25,1.73
2013.02.10 23:47:42.072,0.92535,0.92547,1.88,1.73
2013.02.10 23:47:46.502,0.92535,0.92547,1.88,2.48
2013.02.10 23:47:47.221,0.92535,0.92547,1.88,2.48
2013.02.10 23:47:51.013,0.92535,0.92546,1.13,1.73
2013.02.10 23:47:55.944,0.92535,0.92546,1.35,1.50
2013.02.10 23:48:04.681,0.92533,0.92546,2.48,1.50
2013.02.10 23:48:05.222,0.92536,0.92547,1.73,1.50
2013.02.10 23:48:16.652,0.92537,0.92548,2.10,1.50
2013.02.10 23:48:17.953,0.9254,0.9255,2.48,2.48
2013.02.10 23:48:18.312,0.92542,0.92552,1.50,1.73
2013.02.10 23:48:20.222,0.92542,0.92552,1.50,1.73
2013.02.10 23:48:20.652,0.92542,0.92552,1.50,2.85
2013.02.10 23:48:20.772,0.92538,0.92548,2.25,1.73
2013.02.10 23:48:20.838,0.92538,0.92548,2.25,2.48
2013.02.10 23:48:21.082,0.92537,0.92548,1.50,1.73
2013.02.10 23:48:33.832,0.92537,0.92549,1.50,1.73
2013.02.10 23:48:43.531,0.92537,0.92549,1.50,2.48
2013.02.10 23:48:48.801,0.92536,0.92548,2.25,1.73
2013.02.10 23:48:50.753,0.92536,0.92548,2.25,1.73
2013.02.10 23:48:56.391,0.92536,0.92548,1.50,1.73
2013.02.10 23:48:59.211,0.92536,0.92548,1.50,3.23
2013.02.10 23:49:04.111,0.92536,0.92548,1.50,3.23
2013.02.10 23:49:10.102,0.92536,0.92548,2.25,2.48
2013.02.10 23:49:17.742,0.92536,0.92548,2.25,1.73
2013.02.10 23:49:28.272,0.9254,0.92549,1.43,2.48
2013.02.10 23:49:28.752,0.92541,0.92552,2.18,5.48
2013.02.10 23:49:28.932,0.92541,0.92551,2.18,1.73
2013.02.10 23:49:29.052,0.92543,0.92553,1.50,1.73
2013.02.10 23:49:41.062,0.92542,0.92554,1.50,2.85
2013.02.10 23:49:41.242,0.92541,0.9255,1.50,1.73
2013.02.10 23:49:41.542,0.9254,0.92548,1.50,2.25
2013.02.10 23:49:41.602,0.92537,0.92548,1.50,3.98
2013.02.10 23:49:41.842,0.92536,0.92546,1.50,2.25
2013.02.10 23:49:42.381,0.92536,0.92546,1.50,1.73
2013.02.10 23:49:42.921,0.92537,0.92549,1.50,2.48
2013.02.10 23:49:43.481,0.92537,0.9255,1.50,2.85
2013.02.10 23:49:47.444,0.92537,0.92549,1.50,1.73
2013.02.10 23:49:47.742,0.92535,0.92547,2.25,1.73
2013.02.10 23:49:48.272,0.92535,0.92547,1.50,1.73
2013.02.10 23:49:48.812,0.92537,0.92549,1.50,2.48
2013.02.10 23:49:50.261,0.92536,0.92548,2.25,2.48
2013.02.10 23:49:53.578,0.92536,0.92548,1.50,2.48
2013.02.10 23:49:53.952,0.92533,0.92542,1.50,1.13
2013.02.10 23:49:54.474,0.92533,0.92542,2.25,1.13
2013.02.10 23:49:56.569,0.92533,0.92542,2.25,2.25
2013.02.10 23:50:00.973,0.92531,0.92541,2.25,1.13
2013.02.10 23:50:01.515,0.9253,0.92541,2.25,1.88
2013.02.10 23:50:05.559,0.92531,0.92541,1.50,1.88
2013.02.10 23:50:07.012,0.92531,0.92543,2.25,2.10
2013.02.10 23:50:07.192,0.92532,0.92543,1.50,2.10
2013.02.10 23:50:10.461,0.92532,0.92543,1.50,2.48
2013.02.10 23:50:11.601,0.92531,0.92543,1.50,4.73
2013.02.10 23:50:12.172,0.92531,0.92542,1.50,1.73
2013.02.10 23:50:19.751,0.92531,0.9254,1.50,2.25
2013.02.10 23:50:50.322,0.92529,0.92538,1.50,1.73
2013.02.10 23:50:56.542,0.92528,0.92538,1.50,1.73
2013.02.10 23:50:56.662,0.92528,0.92537,1.50,2.48
2013.02.10 23:50:57.431,0.92528,0.92537,1.50,1.73
2013.02.10 23:50:57.941,0.92528,0.92538,1.50,1.73
2013.02.10 23:51:04.653,0.92528,0.92538,2.25,2.48
2013.02.10 23:51:05.342,0.92528,0.92538,1.13,1.73
2013.02.10 23:51:13.552,0.92527,0.92538,1.50,2.48
2013.02.10 23:51:21.121,0.92527,0.92539,2.25,3.23
2013.02.10 23:51:31.698,0.92527,0.92539,2.25,3.23
2013.02.10 23:52:21.132,0.92523,0.92541,1.28,1.73
2013.02.10 23:52:56.470,0.92523,0.92541,2.78,1.73
2013.02.10 23:52:57.512,0.92524,0.92541,1.73,1.73
2013.02.10 23:52:58.334,0.92524,0.9254,1.73,1.73
2013.02.10 23:53:03.432,0.92525,0.9254,2.25,1.73
2013.02.10 23:53:45.115,0.92526,0.92537,1.50,1.73
2013.02.10 23:53:56.833,0.92527,0.92538,1.50,3.98
2013.02.10 23:54:23.818,0.92529,0.92539,1.50,1.73
2013.02.10 23:54:35.912,0.92528,0.92539,1.50,1.73
2013.02.10 23:54:37.792,0.92526,0.92536,1.50,1.73
2013.02.10 23:54:37.913,0.92524,0.92536,2.85,1.73
2013.02.10 23:54:38.033,0.92524,0.92532,2.10,1.50
2013.02.10 23:54:38.364,0.92521,0.92532,1.50,3.98
2013.02.10 23:54:38.882,0.92521,0.92532,2.25,1.73
2013.02.10 23:55:00.372,0.92522,0.92535,1.50,3.23
2013.02.10 23:55:01.153,0.92522,0.92532,1.50,1.73
2013.02.10 23:55:40.572,0.9252,0.9253,2.25,1.73
2013.02.10 23:55:51.928,0.9252,0.9253,1.50,1.73
2013.02.10 23:55:56.234,0.92524,0.92532,1.43,1.73
2013.02.10 23:55:56.566,0.92526,0.92535,1.50,2.10
2013.02.10 23:56:02.142,0.92527,0.92535,1.50,1.13
2013.02.10 23:56:02.802,0.92527,0.92535,1.50,1.35
2013.02.10 23:56:24.374,0.92529,0.92538,1.50,1.50
2013.02.10 23:56:24.446,0.92529,0.92538,1.50,1.50
2013.02.10 23:56:24.574,0.92534,0.92541,2.25,1.13
2013.02.10 23:56:24.703,0.92535,0.92544,1.50,1.50
2013.02.10 23:56:25.211,0.92536,0.92545,1.50,1.50
2013.02.10 23:56:28.448,0.92536,0.92545,2.25,1.50
2013.02.10 23:56:35.263,0.92537,0.92547,2.25,1.73
2013.02.10 23:56:35.502,0.92537,0.92547,2.25,1.73
2013.02.10 23:56:36.914,0.92537,0.92547,1.50,2.48
2013.02.10 23:56:37.152,0.92537,0.92546,1.50,1.73
2013.02.10 23:56:41.166,0.92537,0.92546,1.50,1.50
2013.02.10 23:56:44.533,0.92538,0.92547,1.50,2.48
2013.02.10 23:56:45.212,0.92539,0.92547,1.50,2.48
2013.02.10 23:56:46.963,0.92537,0.92546,2.25,2.25
2013.02.10 23:57:05.122,0.92538,0.92548,2.25,2.63
2013.02.10 23:57:05.444,0.92538,0.92548,2.25,2.63
2013.02.10 23:57:06.102,0.92538,0.92547,2.25,1.13
2013.02.10 23:57:06.433,0.92538,0.92547,1.50,1.35
2013.02.10 23:57:28.942,0.92539,0.92548,1.50,2.48
2013.02.10 23:57:29.243,0.9254,0.92549,2.25,2.10
2013.02.10 23:57:29.603,0.92541,0.92552,1.50,3.30
2013.02.10 23:57:37.085,0.92544,0.92554,1.73,2.85
2013.02.10 23:57:42.033,0.92544,0.92554,1.73,2.10
2013.02.10 23:57:48.233,0.92543,0.92549,1.50,3.75
2013.02.10 23:57:48.352,0.92538,0.92544,2.25,1.50
2013.02.10 23:57:48.473,0.92535,0.92541,4.13,1.73
2013.02.10 23:57:48.533,0.92532,0.9254,1.50,1.50
2013.02.10 23:57:48.593,0.9253,0.9254,1.73,1.50
2013.02.10 23:57:48.772,0.92529,0.9254,1.73,1.50
2013.02.10 23:57:49.463,0.92528,0.9254,2.48,2.25
2013.02.10 23:57:49.587,0.92528,0.92539,3.23,1.50
2013.02.10 23:57:56.793,0.92531,0.92539,1.50,1.50
2013.02.10 23:57:57.153,0.92531,0.9254,1.50,1.50
2013.02.10 23:57:57.742,0.92531,0.9254,2.25,1.50
2013.02.10 23:58:01.862,0.92533,0.92542,1.50,2.48
2013.02.10 23:58:02.163,0.9254,0.92548,1.50,3.23
2013.02.10 23:58:02.284,0.9254,0.92549,2.48,2.25
2013.02.10 23:58:05.463,0.92541,0.9255,1.43,1.50
2013.02.10 23:58:05.587,0.92542,0.92551,3.00,1.73
2013.02.10 23:58:05.714,0.92545,0.92554,1.73,1.73
2013.02.10 23:58:09.323,0.92543,0.92553,2.48,1.73
2013.02.10 23:58:17.844,0.92543,0.92554,2.48,2.48
2013.02.10 23:58:18.394,0.92542,0.92551,2.48,1.50
2013.02.10 23:58:26.744,0.92542,0.92552,2.48,1.73
2013.02.10 23:59:35.623,0.92545,0.92555,1.73,3.23
2013.02.10 23:59:41.056,0.92545,0.92555,1.73,3.23
2013.02.10 23:59:44.673,0.92545,0.92555,1.73,3.23
2013.02.10 23:59:45.033,0.92546,0.92555,2.48,1.73
2013.02.10 23:59:55.246,0.92546,0.92555,2.48,1.73
2013.02.10 23:59:59.426,0.92546,0.92555,1.73,2.48
