2010.05.26 04:00:00.393,0.903,0.9031,11.20,4.00
2010.05.26 04:00:00.741,0.903,0.9031,8.80,4.00
2010.05.26 04:00:01.419,0.903,0.9031,7.20,4.00
2010.05.26 04:00:03.693,0.903,0.9031,5.60,4.00
2010.05.26 04:00:06.898,0.903,0.9031,4.00,4.00
2010.05.26 04:00:07.289,0.903,0.9031,4.00,4.30
2010.05.26 04:00:10.548,0.903,0.9031,4.00,4.80
2010.05.26 04:00:10.720,0.90295,0.903,4.00,8.30
2010.05.26 04:00:10.890,0.9029,0.903,2.00,11.50
2010.05.26 04:00:11.063,0.9029,0.903,5.60,11.50
2010.05.26 04:00:11.243,0.9029,0.903,5.60,10.00
2010.05.26 04:00:11.745,0.90285,0.90295,5.60,4.00
2010.05.26 04:00:11.993,0.90285,0.90295,5.60,4.00
2010.05.26 04:00:12.480,0.90285,0.90295,5.60,4.00
2010.05.26 04:00:14.569,0.90285,0.90295,5.70,4.00
2010.05.26 04:00:15.793,0.90285,0.90295,5.60,4.00
2010.05.26 04:00:16.090,0.90285,0.90295,7.20,4.00
2010.05.26 04:00:16.383,0.90285,0.903,11.30,15.20
2010.05.26 04:00:16.744,0.90285,0.903,12.90,15.20
2010.05.26 04:00:17.045,0.90285,0.90295,13.60,1.00
2010.05.26 04:00:17.223,0.9029,0.903,1.00,15.20
2010.05.26 04:00:17.404,0.9029,0.903,3.70,14.70
2010.05.26 04:00:17.586,0.9029,0.903,10.10,4.00
2010.05.26 04:00:18.075,0.9029,0.903,10.40,4.00
2010.05.26 04:00:18.426,0.9029,0.903,8.00,4.00
2010.05.26 04:00:19.108,0.9029,0.903,8.80,4.00
2010.05.26 04:00:19.357,0.9029,0.903,9.60,4.00
2010.05.26 04:00:28.963,0.90295,0.90305,5.60,12.70
2010.05.26 04:00:29.234,0.90295,0.903,1.60,4.00
2010.05.26 04:00:30.042,0.90295,0.90305,5.60,10.40
2010.05.26 04:00:31.499,0.90295,0.903,5.60,1.00
2010.05.26 04:00:31.668,0.90295,0.90305,5.60,10.40
2010.05.26 04:00:31.841,0.90295,0.90305,8.90,4.00
2010.05.26 04:00:32.011,0.9031,0.90315,1.10,4.00
2010.05.26 04:00:32.241,0.9031,0.9032,4.00,9.60
2010.05.26 04:00:32.469,0.9031,0.9032,4.00,5.60
2010.05.26 04:00:33.043,0.90315,0.90325,4.00,4.40
2010.05.26 04:00:33.331,0.90315,0.90325,4.80,4.40
2010.05.26 04:00:33.622,0.9032,0.9033,4.00,8.80
2010.05.26 04:00:33.914,0.90315,0.90325,5.60,4.00
2010.05.26 04:00:34.576,0.90315,0.90325,5.60,4.00
2010.05.26 04:00:36.973,0.90315,0.90325,5.60,4.30
2010.05.26 04:00:38.731,0.90315,0.90325,4.00,4.30
2010.05.26 04:00:39.048,0.90315,0.90325,5.60,4.30
2010.05.26 04:00:43.889,0.90315,0.90325,9.60,1.00
2010.05.26 04:00:44.758,0.90315,0.90325,9.60,4.30
2010.05.26 04:00:44.858,0.90315,0.90325,4.00,4.30
2010.05.26 04:00:46.991,0.90315,0.90325,4.00,4.70
2010.05.26 04:00:47.139,0.90315,0.90325,4.00,4.40
2010.05.26 04:00:47.358,0.90315,0.90325,4.00,4.00
2010.05.26 04:00:47.648,0.90315,0.90325,5.60,4.00
2010.05.26 04:01:01.463,0.90315,0.90325,4.00,4.30
2010.05.26 04:01:01.600,0.90315,0.90325,4.00,5.90
2010.05.26 04:01:01.831,0.90315,0.90325,4.00,4.30
2010.05.26 04:01:06.931,0.90315,0.90325,8.00,4.30
2010.05.26 04:01:06.994,0.90315,0.90325,9.60,4.30
2010.05.26 04:01:07.049,0.90315,0.90325,14.40,4.00
2010.05.26 04:01:07.110,0.9032,0.9033,4.00,9.10
2010.05.26 04:01:09.196,0.9031,0.9032,6.30,4.00
2010.05.26 04:01:09.765,0.9031,0.9032,4.00,14.40
2010.05.26 04:01:10.044,0.90305,0.90315,5.60,4.00
2010.05.26 04:01:11.528,0.90305,0.90315,5.60,4.30
2010.05.26 04:01:53.469,0.90305,0.90315,5.60,4.00
2010.05.26 04:01:58.044,0.90305,0.9032,9.60,18.00
2010.05.26 04:01:58.191,0.90305,0.9032,9.60,19.60
2010.05.26 04:01:58.880,0.903,0.9031,12.30,4.00
2010.05.26 04:01:59.222,0.903,0.9031,9.90,4.00
2010.05.26 04:02:03.791,0.90305,0.9031,1.60,4.00
2010.05.26 04:02:04.338,0.9031,0.9032,4.00,11.60
2010.05.26 04:02:04.422,0.9031,0.9032,4.00,11.20
2010.05.26 04:02:05.850,0.90305,0.90315,7.70,4.00
2010.05.26 04:02:06.073,0.90305,0.90315,6.70,4.00
2010.05.26 04:02:06.499,0.90305,0.90315,4.00,4.00
2010.05.26 04:02:07.202,0.90305,0.90315,6.40,4.00
2010.05.26 04:02:07.368,0.90305,0.9032,10.40,17.50
2010.05.26 04:02:08.250,0.9031,0.9032,4.00,7.90
2010.05.26 04:02:09.663,0.903,0.90315,16.30,12.80
2010.05.26 04:02:09.951,0.903,0.90315,14.70,14.60
2010.05.26 04:02:10.220,0.903,0.90315,14.80,14.60
2010.05.26 04:02:12.250,0.903,0.90315,14.70,14.60
2010.05.26 04:02:13.187,0.903,0.90315,14.70,13.00
2010.05.26 04:02:13.532,0.90305,0.90315,1.60,8.10
2010.05.26 04:02:13.872,0.90305,0.90315,9.60,1.00
2010.05.26 04:02:14.209,0.90305,0.9032,9.60,17.50
2010.05.26 04:02:14.908,0.90305,0.90315,9.60,1.00
2010.05.26 04:02:15.528,0.90305,0.9031,9.60,1.00
2010.05.26 04:02:15.761,0.90305,0.90315,12.00,1.00
2010.05.26 04:02:15.990,0.90305,0.9032,12.00,17.10
2010.05.26 04:02:16.780,0.90305,0.90315,6.40,4.00
2010.05.26 04:02:16.950,0.903,0.9031,18.70,1.00
2010.05.26 04:02:17.118,0.903,0.9031,18.70,1.00
2010.05.26 04:02:18.470,0.903,0.9031,14.70,1.00
2010.05.26 04:02:18.689,0.903,0.90315,14.70,14.60
2010.05.26 04:02:18.933,0.9031,0.90315,4.00,1.00
2010.05.26 04:02:19.484,0.9031,0.9032,4.00,8.30
2010.05.26 04:02:19.722,0.9031,0.9032,4.00,8.00
2010.05.26 04:02:20.024,0.9031,0.90315,4.00,1.00
2010.05.26 04:02:20.330,0.9031,0.9032,4.00,9.50
2010.05.26 04:02:20.633,0.90305,0.90315,5.70,4.00
2010.05.26 04:02:21.269,0.90305,0.9032,9.60,19.90
2010.05.26 04:02:21.587,0.90305,0.90315,4.00,4.00
2010.05.26 04:02:26.101,0.90305,0.90315,4.00,4.30
2010.05.26 04:02:28.297,0.90305,0.90315,10.40,1.00
2010.05.26 04:02:28.656,0.9031,0.9032,4.00,6.00
2010.05.26 04:02:29.140,0.9031,0.90315,4.00,1.00
2010.05.26 04:02:30.380,0.90305,0.9032,13.60,14.30
2010.05.26 04:02:36.059,0.90305,0.90315,13.60,1.00
2010.05.26 04:02:40.091,0.9031,0.90315,4.00,1.00
2010.05.26 04:02:40.552,0.90305,0.90315,13.60,1.00
2010.05.26 04:02:41.230,0.90305,0.90315,12.00,1.00
2010.05.26 04:02:41.790,0.90305,0.90315,5.60,4.30
2010.05.26 04:02:42.008,0.90305,0.90315,4.00,4.30
2010.05.26 04:02:47.687,0.90305,0.90315,4.00,1.00
2010.05.26 04:02:47.780,0.90305,0.90315,10.40,1.00
2010.05.26 04:02:49.002,0.9031,0.9032,1.00,14.40
2010.05.26 04:02:49.180,0.9031,0.9032,1.00,12.80
2010.05.26 04:02:51.458,0.90305,0.9032,16.70,12.80
2010.05.26 04:02:51.491,0.90305,0.90315,15.60,1.00
2010.05.26 04:02:51.783,0.90305,0.90315,15.20,1.00
2010.05.26 04:02:52.876,0.90305,0.90315,15.20,1.00
2010.05.26 04:02:53.099,0.90305,0.90315,15.20,1.00
2010.05.26 04:02:54.081,0.90305,0.90315,15.30,1.00
2010.05.26 04:03:01.089,0.9031,0.9032,1.00,12.70
2010.05.26 04:03:02.899,0.90305,0.9032,17.50,12.70
2010.05.26 04:03:03.258,0.90305,0.9032,17.20,12.80
2010.05.26 04:03:03.494,0.90305,0.9032,15.20,14.40
2010.05.26 04:03:03.760,0.90305,0.90315,15.20,1.00
2010.05.26 04:03:05.720,0.9031,0.90315,4.00,1.00
2010.05.26 04:03:06.642,0.903,0.90315,16.30,14.60
2010.05.26 04:03:07.519,0.903,0.90315,16.30,16.20
2010.05.26 04:03:07.649,0.903,0.90315,13.90,16.20
2010.05.26 04:03:08.086,0.903,0.90315,12.80,16.20
2010.05.26 04:03:08.439,0.903,0.9031,7.20,4.00
2010.05.26 04:03:11.016,0.903,0.9031,7.20,4.30
2010.05.26 04:03:17.382,0.903,0.9031,8.00,4.00
2010.05.26 04:03:17.720,0.903,0.9031,9.60,4.00
2010.05.26 04:03:17.978,0.903,0.9031,13.60,4.00
2010.05.26 04:03:18.028,0.903,0.9031,13.90,4.00
2010.05.26 04:03:18.080,0.90305,0.9031,1.60,4.00
2010.05.26 04:03:18.564,0.90305,0.90315,5.60,8.40
2010.05.26 04:03:18.595,0.90305,0.90315,4.00,4.40
2010.05.26 04:03:21.689,0.90305,0.90315,4.00,4.00
2010.05.26 04:03:22.785,0.90305,0.90315,5.60,4.00
2010.05.26 04:03:23.134,0.9031,0.9032,4.00,4.30
2010.05.26 04:03:23.396,0.90305,0.9032,8.00,15.90
2010.05.26 04:03:23.650,0.90305,0.9032,8.00,16.00
2010.05.26 04:03:34.068,0.90305,0.90315,8.00,1.00
2010.05.26 04:03:34.273,0.90305,0.90315,4.00,11.80
2010.05.26 04:03:34.409,0.903,0.90315,15.10,15.80
2010.05.26 04:03:34.549,0.903,0.90315,13.90,16.20
2010.05.26 04:03:37.182,0.903,0.90315,13.10,15.90
2010.05.26 04:03:37.679,0.90305,0.90315,4.00,8.50
2010.05.26 04:03:37.958,0.903,0.90315,13.90,14.80
2010.05.26 04:03:38.220,0.903,0.9031,9.90,4.00
2010.05.26 04:03:40.905,0.90305,0.90315,4.00,17.00
2010.05.26 04:03:41.257,0.90305,0.9032,12.00,14.40
2010.05.26 04:03:43.773,0.90305,0.9032,15.20,12.80
2010.05.26 04:03:44.260,0.9031,0.9032,4.00,4.80
2010.05.26 04:03:48.521,0.90305,0.9032,15.20,12.80
2010.05.26 04:03:52.730,0.9031,0.9032,4.00,4.80
2010.05.26 04:03:52.890,0.90305,0.9032,15.20,14.40
2010.05.26 04:03:53.055,0.90305,0.9032,13.60,14.40
2010.05.26 04:03:53.444,0.90305,0.9032,15.20,14.40
2010.05.26 04:03:53.619,0.903,0.9031,5.60,5.60
2010.05.26 04:03:53.966,0.90295,0.903,1.00,5.60
2010.05.26 04:03:54.312,0.9029,0.903,5.60,5.60
2010.05.26 04:03:56.818,0.9029,0.903,7.20,4.00
2010.05.26 04:03:58.420,0.9029,0.903,5.60,5.60
2010.05.26 04:03:58.725,0.90295,0.90305,4.00,11.70
2010.05.26 04:03:59.024,0.9029,0.903,14.70,4.00
2010.05.26 04:03:59.326,0.9029,0.903,7.20,4.00
2010.05.26 04:04:05.890,0.9029,0.903,11.20,4.00
2010.05.26 04:04:06.121,0.90295,0.90305,4.00,4.30
2010.05.26 04:04:06.350,0.90295,0.90305,4.00,4.00
2010.05.26 04:04:07.646,0.90295,0.9031,8.00,15.20
2010.05.26 04:04:07.928,0.90295,0.90305,9.60,1.00
2010.05.26 04:04:08.600,0.90295,0.90305,5.60,4.00
2010.05.26 04:04:08.945,0.90295,0.9031,12.80,14.40
2010.05.26 04:04:09.220,0.90295,0.9031,12.90,12.80
2010.05.26 04:04:09.503,0.903,0.9031,1.00,12.80
2010.05.26 04:04:09.981,0.90295,0.9031,13.60,12.80
2010.05.26 04:04:10.239,0.90305,0.90315,4.10,4.70
2010.05.26 04:04:10.496,0.90305,0.9032,8.00,16.00
2010.05.26 04:04:10.751,0.90305,0.9032,9.60,16.00
2010.05.26 04:04:12.739,0.90305,0.9032,12.00,16.00
2010.05.26 04:04:13.911,0.90305,0.90315,6.40,4.00
2010.05.26 04:04:14.241,0.90305,0.90315,4.00,5.60
2010.05.26 04:04:14.780,0.90305,0.90315,8.00,5.60
2010.05.26 04:04:14.992,0.9031,0.90315,4.00,1.60
2010.05.26 04:04:15.553,0.90295,0.9031,13.90,15.20
2010.05.26 04:04:15.733,0.90295,0.9031,11.20,16.80
2010.05.26 04:04:17.083,0.90295,0.90305,11.20,1.00
2010.05.26 04:04:18.889,0.90295,0.9031,11.20,15.20
2010.05.26 04:04:22.412,0.90295,0.9031,12.00,15.20
2010.05.26 04:04:22.748,0.90295,0.9031,13.60,12.80
2010.05.26 04:04:24.361,0.90295,0.9031,13.60,15.20
2010.05.26 04:04:27.548,0.903,0.9031,1.60,14.80
2010.05.26 04:04:27.761,0.90305,0.90315,4.00,4.80
2010.05.26 04:04:27.970,0.90305,0.90315,4.00,4.00
2010.05.26 04:04:28.426,0.90305,0.9032,4.00,16.80
2010.05.26 04:04:28.647,0.90305,0.9032,15.20,14.40
2010.05.26 04:04:28.864,0.9031,0.9032,4.00,4.80
2010.05.26 04:04:32.810,0.90305,0.9032,15.20,12.80
2010.05.26 04:04:33.273,0.90305,0.9032,12.80,14.40
2010.05.26 04:04:34.342,0.90305,0.9032,15.20,12.80
2010.05.26 04:04:37.058,0.90305,0.9032,15.20,14.40
2010.05.26 04:04:42.096,0.90305,0.9032,15.20,14.00
2010.05.26 04:04:48.670,0.90305,0.90315,15.20,1.60
2010.05.26 04:04:48.789,0.90305,0.90315,9.60,11.60
2010.05.26 04:04:48.911,0.90305,0.90315,4.00,8.40
2010.05.26 04:04:49.009,0.90305,0.90315,5.60,8.00
2010.05.26 04:04:49.109,0.90305,0.90315,5.60,4.00
2010.05.26 04:04:49.309,0.90305,0.90315,8.80,4.00
2010.05.26 04:04:50.539,0.90305,0.90315,8.80,4.40
2010.05.26 04:04:50.765,0.90305,0.90315,4.00,10.40
2010.05.26 04:04:51.287,0.903,0.9031,9.90,4.00
2010.05.26 04:04:57.511,0.903,0.9031,13.50,4.00
2010.05.26 04:04:57.841,0.90305,0.90315,4.00,4.00
2010.05.26 04:04:58.571,0.90305,0.90315,4.00,6.00
2010.05.26 04:04:58.724,0.903,0.9031,9.90,4.00
2010.05.26 04:04:59.021,0.90305,0.90315,6.00,12.40
2010.05.26 04:04:59.172,0.90305,0.90315,5.20,9.60
2010.05.26 04:04:59.321,0.9031,0.90315,4.00,2.40
2010.05.26 04:04:59.600,0.9031,0.9032,4.00,6.00
2010.05.26 04:05:00.203,0.9031,0.9032,4.00,5.60
2010.05.26 04:05:05.099,0.9031,0.9032,8.00,5.60
2010.05.26 04:05:05.456,0.9031,0.90315,8.00,1.00
2010.05.26 04:05:05.489,0.90315,0.90325,4.00,6.00
2010.05.26 04:05:05.612,0.90315,0.90325,5.60,4.40
2010.05.26 04:05:06.094,0.9031,0.90315,8.70,4.00
2010.05.26 04:05:06.445,0.9031,0.9032,5.60,4.00
2010.05.26 04:05:06.791,0.9031,0.9032,4.00,5.60
2010.05.26 04:05:08.170,0.9031,0.9032,12.30,5.60
2010.05.26 04:05:08.331,0.9031,0.9032,8.40,5.60
2010.05.26 04:05:08.491,0.9031,0.9032,5.60,5.60
2010.05.26 04:05:08.650,0.9031,0.9032,7.20,4.00
2010.05.26 04:05:09.191,0.90315,0.90325,4.00,12.00
2010.05.26 04:05:09.556,0.90315,0.90325,4.00,8.00
2010.05.26 04:05:09.755,0.9032,0.9033,12.30,4.00
2010.05.26 04:05:10.023,0.90325,0.90335,4.00,4.70
2010.05.26 04:05:11.069,0.90325,0.90335,8.00,1.00
2010.05.26 04:05:12.149,0.90325,0.9034,8.00,18.00
2010.05.26 04:05:14.755,0.90325,0.9034,8.00,17.20
2010.05.26 04:05:15.060,0.90325,0.9034,4.00,17.20
2010.05.26 04:05:15.753,0.90325,0.90335,4.00,4.00
2010.05.26 04:05:16.094,0.90325,0.9034,4.00,17.20
2010.05.26 04:05:16.442,0.90325,0.90335,4.00,4.00
2010.05.26 04:05:16.753,0.9032,0.9033,9.90,4.00
2010.05.26 04:05:17.407,0.9032,0.90335,11.20,15.50
2010.05.26 04:05:17.720,0.9032,0.90335,11.20,15.60
2010.05.26 04:05:18.061,0.9032,0.90335,13.60,13.60
2010.05.26 04:05:18.402,0.90325,0.9034,10.40,15.60
2010.05.26 04:05:18.740,0.90325,0.9034,10.40,17.20
2010.05.26 04:05:18.931,0.90325,0.9034,8.80,17.20
2010.05.26 04:05:19.121,0.90325,0.9034,13.50,14.00
2010.05.26 04:05:19.533,0.9033,0.9034,5.60,4.40
2010.05.26 04:05:19.652,0.9033,0.9034,6.40,4.00
2010.05.26 04:05:19.769,0.9033,0.9034,8.00,4.00
2010.05.26 04:05:20.108,0.9033,0.9034,6.40,4.00
2010.05.26 04:05:20.578,0.9033,0.90345,6.40,21.40
2010.05.26 04:05:21.399,0.9033,0.9034,6.40,1.60
2010.05.26 04:05:21.660,0.9033,0.9034,6.40,5.60
2010.05.26 04:05:21.742,0.9033,0.90345,6.40,21.40
2010.05.26 04:05:22.140,0.9033,0.9034,6.40,4.00
2010.05.26 04:05:22.381,0.9033,0.90345,6.40,19.00
2010.05.26 04:05:22.459,0.9033,0.90345,6.40,19.40
2010.05.26 04:05:23.631,0.9033,0.9034,4.00,4.40
2010.05.26 04:05:23.741,0.9033,0.9034,4.00,4.80
2010.05.26 04:05:23.950,0.9033,0.9034,4.00,8.80
2010.05.26 04:05:24.058,0.90325,0.9034,13.60,12.80
2010.05.26 04:05:26.179,0.90325,0.90335,10.40,1.00
2010.05.26 04:05:26.360,0.90325,0.90335,2.40,14.40
2010.05.26 04:05:26.826,0.9032,0.9033,13.90,4.00
2010.05.26 04:05:26.983,0.9032,0.9033,9.90,4.00
2010.05.26 04:05:28.419,0.9032,0.9033,8.30,4.00
2010.05.26 04:05:28.528,0.9032,0.9033,6.70,4.00
2010.05.26 04:05:28.639,0.9032,0.9033,5.60,4.00
2010.05.26 04:05:31.919,0.9032,0.90335,5.60,17.00
2010.05.26 04:05:32.048,0.9032,0.90335,9.60,17.00
2010.05.26 04:05:32.220,0.9032,0.9033,5.60,4.00
2010.05.26 04:05:32.717,0.9032,0.90335,9.60,20.20
2010.05.26 04:05:32.891,0.9032,0.9033,5.60,4.00
2010.05.26 04:05:34.399,0.9032,0.9033,7.20,4.00
2010.05.26 04:05:35.868,0.9032,0.9033,5.60,4.40
2010.05.26 04:05:35.979,0.9032,0.9033,4.00,8.40
2010.05.26 04:05:36.089,0.9032,0.9033,4.00,8.80
2010.05.26 04:05:37.539,0.9032,0.9033,4.00,8.40
2010.05.26 04:05:39.860,0.9032,0.9033,4.00,8.00
2010.05.26 04:05:39.951,0.9032,0.9033,5.60,4.00
2010.05.26 04:05:50.270,0.9032,0.90325,5.60,1.60
2010.05.26 04:05:50.581,0.9032,0.9033,4.00,9.20
2010.05.26 04:05:50.891,0.9032,0.9033,4.00,6.00
2010.05.26 04:05:51.199,0.9032,0.9033,4.00,5.60
2010.05.26 04:05:53.458,0.9032,0.9033,5.60,4.00
2010.05.26 04:05:56.169,0.9032,0.9033,4.00,5.60
2010.05.26 04:05:58.518,0.9032,0.9033,4.00,4.00
2010.05.26 04:05:58.759,0.9032,0.9033,4.00,5.60
2010.05.26 04:06:01.469,0.9032,0.9033,5.60,4.00
2010.05.26 04:06:03.458,0.9032,0.9033,4.00,4.00
2010.05.26 04:06:08.245,0.9031,0.90325,12.30,14.40
2010.05.26 04:06:08.593,0.9031,0.90325,14.70,11.20
2010.05.26 04:06:08.934,0.90315,0.9033,11.20,16.80
2010.05.26 04:06:10.130,0.9031,0.90325,20.70,8.00
2010.05.26 04:06:10.283,0.9031,0.90325,19.10,8.00
2010.05.26 04:06:10.432,0.9031,0.90325,19.90,8.00
2010.05.26 04:06:10.735,0.9031,0.90325,19.10,8.00
2010.05.26 04:06:11.085,0.90315,0.90325,7.10,8.00
2010.05.26 04:06:11.437,0.9032,0.9033,4.00,5.60
2010.05.26 04:06:13.432,0.9032,0.9033,4.00,4.00
2010.05.26 04:06:20.719,0.9032,0.90335,4.00,20.20
2010.05.26 04:06:21.768,0.9032,0.90335,4.00,20.10
2010.05.26 04:06:23.198,0.9032,0.90335,4.00,20.20
2010.05.26 04:06:25.188,0.9032,0.90335,4.00,20.10
2010.05.26 04:06:26.329,0.9032,0.90335,4.00,20.00
2010.05.26 04:06:26.629,0.9032,0.9033,4.00,1.00
2010.05.26 04:06:26.930,0.9032,0.9033,4.00,4.40
2010.05.26 04:06:27.516,0.9032,0.9033,4.00,4.00
2010.05.26 04:06:30.356,0.9032,0.90335,4.00,20.00
2010.05.26 04:06:30.381,0.9032,0.9033,4.00,1.00
2010.05.26 04:06:39.122,0.9032,0.9033,4.00,1.60
2010.05.26 04:06:43.630,0.9032,0.9033,4.00,2.40
2010.05.26 04:06:43.880,0.9032,0.9033,4.00,6.40
2010.05.26 04:06:44.189,0.90315,0.9033,11.20,14.40
2010.05.26 04:06:44.499,0.90315,0.9033,11.20,16.00
2010.05.26 04:06:45.470,0.90315,0.9033,12.80,14.40
2010.05.26 04:06:46.199,0.90315,0.9033,12.90,14.40
2010.05.26 04:06:50.097,0.90315,0.9033,15.30,14.40
2010.05.26 04:06:50.331,0.90315,0.9033,13.70,14.40
2010.05.26 04:06:50.802,0.90315,0.90325,13.70,1.00
2010.05.26 04:06:53.376,0.90315,0.90325,13.60,1.00
2010.05.26 04:06:56.810,0.90315,0.90325,12.00,2.00
2010.05.26 04:06:56.878,0.90315,0.90325,10.40,2.00
2010.05.26 04:06:56.950,0.90315,0.90325,10.40,2.40
2010.05.26 04:06:57.020,0.90315,0.90325,10.40,6.40
2010.05.26 04:06:57.089,0.90315,0.90325,8.00,6.40
2010.05.26 04:06:57.159,0.9031,0.90325,13.60,16.00
2010.05.26 04:06:57.370,0.9031,0.9032,9.60,4.00
2010.05.26 04:06:57.439,0.9031,0.9032,8.00,4.00
2010.05.26 04:06:57.509,0.9031,0.9032,12.40,4.00
2010.05.26 04:06:57.579,0.9031,0.9032,14.00,4.00
2010.05.26 04:06:57.650,0.9031,0.9032,17.20,4.00
2010.05.26 04:06:58.025,0.9031,0.9032,17.10,4.00
2010.05.26 04:06:58.222,0.90315,0.90325,4.00,4.40
2010.05.26 04:06:59.789,0.90315,0.90325,4.00,1.00
2010.05.26 04:07:00.262,0.90315,0.90325,8.00,1.00
2010.05.26 04:07:05.490,0.90315,0.90325,8.00,4.40
2010.05.26 04:07:05.770,0.90315,0.90325,4.00,4.40
2010.05.26 04:07:11.819,0.9032,0.90325,1.70,4.40
2010.05.26 04:07:11.980,0.9032,0.90325,9.60,1.00
2010.05.26 04:07:12.141,0.9032,0.90325,4.00,1.00
2010.05.26 04:07:12.302,0.90315,0.90325,1.00,1.00
2010.05.26 04:07:12.779,0.9031,0.90325,22.00,1.00
2010.05.26 04:07:13.302,0.9031,0.90325,22.10,1.00
2010.05.26 04:07:21.739,0.90315,0.90325,1.00,1.00
2010.05.26 04:07:21.980,0.9031,0.90325,22.30,1.00
2010.05.26 04:07:22.220,0.9031,0.90325,22.10,1.00
2010.05.26 04:07:22.460,0.9031,0.90325,22.30,1.00
2010.05.26 04:07:22.707,0.90315,0.90325,9.60,1.00
2010.05.26 04:07:25.493,0.90315,0.90325,5.60,1.00
2010.05.26 04:07:25.957,0.90315,0.90325,5.60,4.40
2010.05.26 04:07:26.258,0.90315,0.90325,5.60,4.40
2010.05.26 04:07:26.562,0.9032,0.90325,4.00,1.00
2010.05.26 04:07:26.857,0.9031,0.9032,10.80,4.00
2010.05.26 04:07:27.391,0.9031,0.9032,7.20,4.00
2010.05.26 04:07:32.729,0.9031,0.9032,5.60,4.00
2010.05.26 04:07:34.691,0.9031,0.90315,4.00,4.70
2010.05.26 04:07:35.113,0.90305,0.9031,2.00,4.00
2010.05.26 04:07:35.367,0.903,0.9031,5.60,4.40
2010.05.26 04:07:35.610,0.903,0.9031,5.60,4.00
2010.05.26 04:07:38.859,0.903,0.9031,5.60,4.40
2010.05.26 04:07:39.009,0.903,0.9031,5.60,4.00
2010.05.26 04:07:41.401,0.903,0.9031,5.60,4.40
2010.05.26 04:07:44.150,0.90295,0.9031,15.20,8.80
2010.05.26 04:07:44.329,0.90295,0.90305,9.60,1.00
2010.05.26 04:07:44.502,0.90295,0.9031,9.60,12.80
2010.05.26 04:07:44.670,0.90295,0.9031,11.20,12.80
2010.05.26 04:07:44.840,0.90295,0.9031,11.20,14.40
2010.05.26 04:07:47.885,0.90295,0.90305,11.20,1.00
2010.05.26 04:07:47.999,0.90295,0.90305,9.60,4.40
2010.05.26 04:07:48.109,0.90295,0.90305,9.60,4.40
2010.05.26 04:07:48.220,0.90295,0.903,8.00,4.00
2010.05.26 04:07:48.330,0.9029,0.903,9.60,4.40
2010.05.26 04:07:48.440,0.9029,0.903,9.60,4.80
2010.05.26 04:07:49.050,0.9029,0.90295,1.60,4.40
2010.05.26 04:07:49.876,0.90285,0.90295,8.90,4.40
2010.05.26 04:07:50.458,0.90285,0.90295,8.80,4.40
2010.05.26 04:07:50.722,0.90285,0.90295,8.90,4.40
2010.05.26 04:07:51.066,0.90285,0.90295,8.80,4.40
2010.05.26 04:07:52.345,0.90285,0.90295,4.80,8.40
2010.05.26 04:07:53.132,0.9029,0.903,4.00,4.80
2010.05.26 04:07:53.390,0.9029,0.903,4.00,4.40
2010.05.26 04:07:54.091,0.9029,0.903,6.80,4.00
2010.05.26 04:07:54.617,0.9029,0.903,1.60,8.00
2010.05.26 04:07:54.802,0.9029,0.903,3.20,8.00
2010.05.26 04:07:55.074,0.90285,0.90295,6.30,8.00
2010.05.26 04:07:55.344,0.90285,0.90295,5.90,8.00
2010.05.26 04:07:55.936,0.90285,0.90295,4.80,8.00
2010.05.26 04:07:58.879,0.9028,0.90295,5.10,14.00
2010.05.26 04:07:59.009,0.9028,0.9029,4.00,4.00
2010.05.26 04:07:59.403,0.9028,0.9029,3.20,8.00
2010.05.26 04:08:00.821,0.9028,0.9029,7.20,4.00
2010.05.26 04:08:01.020,0.9028,0.9029,8.00,4.00
2010.05.26 04:08:01.861,0.9028,0.9029,7.20,4.00
2010.05.26 04:08:04.170,0.90285,0.9029,1.60,4.00
2010.05.26 04:08:04.619,0.9028,0.9029,7.20,4.00
2010.05.26 04:08:06.385,0.90285,0.9029,1.60,4.00
2010.05.26 04:08:06.506,0.9028,0.9029,5.60,4.00
2010.05.26 04:08:06.624,0.9028,0.9029,4.00,4.40
2010.05.26 04:08:06.741,0.9028,0.9029,4.00,4.00
2010.05.26 04:08:07.220,0.9028,0.9029,4.00,4.40
2010.05.26 04:08:07.896,0.9028,0.9029,4.00,8.40
2010.05.26 04:08:08.224,0.90265,0.9028,24.00,8.00
2010.05.26 04:08:08.389,0.90265,0.9028,25.30,9.60
2010.05.26 04:08:08.561,0.9027,0.9028,5.60,4.00
2010.05.26 04:08:08.732,0.9027,0.9028,14.40,4.00
2010.05.26 04:08:08.901,0.90275,0.90285,4.00,4.40
2010.05.26 04:08:09.071,0.90275,0.90285,4.00,4.00
2010.05.26 04:08:14.432,0.9028,0.9029,4.00,6.00
2010.05.26 04:08:14.984,0.90285,0.90295,4.00,8.40
2010.05.26 04:08:15.259,0.90285,0.90295,5.60,4.40
2010.05.26 04:08:17.118,0.90285,0.90295,6.80,4.00
2010.05.26 04:08:17.466,0.9029,0.90295,10.40,1.00
2010.05.26 04:08:18.042,0.9029,0.903,10.40,4.80
2010.05.26 04:08:18.315,0.90285,0.90295,5.60,4.00
2010.05.26 04:08:20.438,0.90285,0.90295,4.00,4.00
2010.05.26 04:08:21.383,0.90285,0.90295,4.00,12.10
2010.05.26 04:08:21.733,0.9028,0.9029,4.00,4.00
2010.05.26 04:08:22.351,0.9028,0.9029,4.00,4.40
2010.05.26 04:08:25.022,0.9028,0.9029,4.00,8.40
2010.05.26 04:08:25.232,0.9028,0.9029,4.00,16.80
2010.05.26 04:08:25.444,0.90275,0.90285,5.10,4.00
2010.05.26 04:08:25.869,0.90275,0.90285,4.00,4.40
2010.05.26 04:08:42.481,0.90275,0.90285,4.80,4.40
2010.05.26 04:08:43.049,0.90275,0.90285,4.00,4.40
2010.05.26 04:08:45.358,0.90275,0.90285,5.60,4.40
2010.05.26 04:08:46.266,0.90275,0.90285,9.70,1.00
2010.05.26 04:08:46.407,0.90275,0.90285,9.60,1.00
2010.05.26 04:08:52.729,0.9028,0.90285,4.00,1.00
2010.05.26 04:08:52.930,0.9028,0.9029,4.00,6.40
2010.05.26 04:08:53.129,0.9028,0.9029,4.00,6.00
2010.05.26 04:08:53.529,0.9028,0.9029,4.00,4.40
2010.05.26 04:08:54.916,0.9028,0.9029,5.60,4.40
2010.05.26 04:09:02.096,0.90285,0.90295,4.00,6.40
2010.05.26 04:09:02.231,0.90285,0.90295,4.00,4.00
2010.05.26 04:09:02.863,0.90285,0.90295,5.60,4.00
2010.05.26 04:09:05.691,0.90285,0.90295,5.60,6.00
2010.05.26 04:09:05.855,0.9028,0.9029,7.20,4.00
2010.05.26 04:09:06.010,0.9028,0.9029,11.20,4.00
2010.05.26 04:09:06.171,0.9028,0.9029,12.80,4.00
2010.05.26 04:09:06.331,0.9028,0.9029,14.00,4.00
2010.05.26 04:09:06.644,0.90285,0.90295,5.60,4.00
2010.05.26 04:09:07.262,0.90285,0.90295,4.00,4.00
2010.05.26 04:09:08.340,0.90285,0.903,8.00,10.80
2010.05.26 04:09:08.582,0.90285,0.903,11.20,10.80
2010.05.26 04:09:09.461,0.90285,0.90295,4.00,4.00
2010.05.26 04:09:09.530,0.9028,0.90295,12.60,9.60
2010.05.26 04:09:09.917,0.9028,0.90295,10.00,10.40
2010.05.26 04:09:09.997,0.90285,0.90295,12.00,4.00
2010.05.26 04:09:10.070,0.90285,0.90295,16.00,4.00
2010.05.26 04:09:10.141,0.90285,0.903,19.20,10.80
2010.05.26 04:09:10.210,0.90285,0.903,22.30,4.00
2010.05.26 04:09:10.280,0.9029,0.903,5.60,4.00
2010.05.26 04:09:13.832,0.9029,0.903,5.70,4.00
2010.05.26 04:09:14.089,0.9029,0.903,8.40,4.00
2010.05.26 04:09:14.223,0.90295,0.903,3.20,4.00
2010.05.26 04:09:14.348,0.90295,0.903,4.30,4.00
2010.05.26 04:09:14.481,0.903,0.9031,8.00,7.20
2010.05.26 04:09:15.025,0.903,0.9031,4.00,6.40
2010.05.26 04:09:15.265,0.903,0.90305,1.00,4.00
2010.05.26 04:09:15.823,0.903,0.9031,6.40,4.00
2010.05.26 04:09:16.671,0.90295,0.90305,17.50,4.00
2010.05.26 04:09:16.928,0.9029,0.903,9.80,4.00
2010.05.26 04:09:17.173,0.9029,0.903,7.20,4.00
2010.05.26 04:09:18.871,0.9029,0.903,14.00,4.00
2010.05.26 04:09:19.106,0.90295,0.90305,4.00,4.40
2010.05.26 04:09:19.335,0.90295,0.90305,4.00,4.00
2010.05.26 04:09:21.970,0.90295,0.90305,4.00,8.80
2010.05.26 04:09:22.089,0.90295,0.90305,4.00,16.80
2010.05.26 04:09:22.149,0.9029,0.903,7.20,4.00
2010.05.26 04:09:25.680,0.9029,0.903,5.60,4.00
2010.05.26 04:09:26.105,0.9029,0.903,4.00,4.00
2010.05.26 04:09:28.219,0.9029,0.903,4.00,8.00
2010.05.26 04:09:28.410,0.9029,0.903,4.00,10.40
2010.05.26 04:09:29.033,0.90285,0.90295,11.00,8.00
2010.05.26 04:09:29.044,0.90285,0.90295,11.00,4.00
2010.05.26 04:09:29.224,0.90285,0.90295,8.80,4.00
2010.05.26 04:09:30.961,0.90285,0.90295,7.20,4.00
2010.05.26 04:09:31.100,0.90285,0.90295,5.60,4.00
2010.05.26 04:09:31.290,0.9028,0.9029,13.30,4.00
2010.05.26 04:09:31.480,0.9028,0.9029,12.70,4.00
2010.05.26 04:09:31.670,0.9028,0.9029,8.30,4.00
2010.05.26 04:09:34.529,0.9028,0.9029,7.20,4.00
2010.05.26 04:09:37.820,0.9028,0.9029,7.60,4.00
2010.05.26 04:09:40.394,0.9028,0.9029,7.20,4.00
2010.05.26 04:09:42.960,0.9028,0.9029,8.80,4.00
2010.05.26 04:09:43.059,0.9028,0.9029,10.40,4.00
2010.05.26 04:09:43.160,0.9028,0.9029,17.20,4.00
2010.05.26 04:09:43.261,0.90285,0.90295,5.60,4.00
2010.05.26 04:09:45.661,0.90285,0.90295,4.00,4.00
2010.05.26 04:09:50.990,0.9028,0.9029,9.70,4.00
2010.05.26 04:09:51.208,0.9028,0.9029,16.80,4.00
2010.05.26 04:09:51.537,0.90285,0.90295,4.00,4.40
2010.05.26 04:09:51.861,0.90285,0.90295,4.00,4.00
2010.05.26 04:10:06.700,0.90285,0.90295,8.30,4.00
2010.05.26 04:10:06.941,0.9029,0.903,4.00,5.60
2010.05.26 04:10:07.712,0.9029,0.903,4.00,4.00
2010.05.26 04:10:20.629,0.9029,0.903,4.00,5.60
2010.05.26 04:10:20.729,0.9029,0.903,4.00,4.00
2010.05.26 04:10:25.228,0.9029,0.903,4.00,8.00
2010.05.26 04:10:25.369,0.9029,0.903,4.00,10.40
2010.05.26 04:10:25.502,0.9029,0.903,4.00,10.80
2010.05.26 04:10:25.549,0.9029,0.90295,4.00,4.60
2010.05.26 04:10:25.601,0.90285,0.9029,5.60,4.00
2010.05.26 04:10:25.649,0.9028,0.9029,6.30,8.00
2010.05.26 04:10:25.701,0.9028,0.9029,4.30,8.00
2010.05.26 04:10:25.749,0.9028,0.9029,3.20,8.00
2010.05.26 04:10:25.799,0.9028,0.9029,1.60,8.00
2010.05.26 04:10:25.951,0.90275,0.9029,24.00,8.00
2010.05.26 04:10:26.101,0.90275,0.9029,23.70,8.00
2010.05.26 04:10:26.199,0.9028,0.9029,1.60,8.00
2010.05.26 04:10:26.564,0.9028,0.9029,11.60,8.00
2010.05.26 04:10:26.920,0.90285,0.90295,5.60,4.00
2010.05.26 04:10:27.741,0.90285,0.90295,7.20,4.00
2010.05.26 04:10:42.102,0.9029,0.90295,2.40,4.00
2010.05.26 04:10:42.251,0.9029,0.90295,4.40,4.00
2010.05.26 04:10:42.402,0.90295,0.903,4.00,6.00
2010.05.26 04:10:42.843,0.90285,0.90295,9.90,4.00
2010.05.26 04:10:49.999,0.90285,0.90295,10.30,4.00
2010.05.26 04:10:50.194,0.9029,0.903,4.00,8.00
2010.05.26 04:10:50.383,0.9029,0.903,5.60,4.40
2010.05.26 04:10:50.491,0.9029,0.903,6.70,4.00
2010.05.26 04:10:50.600,0.9029,0.903,8.30,4.00
2010.05.26 04:10:50.956,0.9029,0.903,11.60,4.00
2010.05.26 04:10:51.067,0.90295,0.90305,4.00,4.10
2010.05.26 04:10:55.639,0.90295,0.90305,4.00,4.00
2010.05.26 04:10:59.069,0.90295,0.90305,4.10,4.00
2010.05.26 04:10:59.270,0.90295,0.90305,5.70,4.00
2010.05.26 04:11:00.662,0.90295,0.90305,4.00,4.00
2010.05.26 04:11:17.050,0.90295,0.90305,10.70,4.00
2010.05.26 04:11:17.149,0.90295,0.90305,12.30,4.00
2010.05.26 04:11:17.250,0.903,0.9031,5.60,4.00
2010.05.26 04:11:17.439,0.903,0.9031,5.60,8.00
2010.05.26 04:11:17.865,0.90295,0.90305,8.80,4.00
2010.05.26 04:11:18.019,0.90295,0.90305,4.00,4.00
2010.05.26 04:11:46.604,0.90295,0.90305,4.00,5.60
2010.05.26 04:11:46.702,0.90295,0.90305,4.00,6.30
2010.05.26 04:11:46.964,0.90295,0.90305,4.00,7.90
2010.05.26 04:11:47.223,0.903,0.9031,4.00,13.50
2010.05.26 04:11:47.484,0.903,0.9031,4.00,6.70
2010.05.26 04:11:47.743,0.903,0.9031,4.00,4.00
2010.05.26 04:11:47.890,0.903,0.9031,4.00,4.30
2010.05.26 04:11:50.442,0.903,0.9031,5.60,4.30
2010.05.26 04:11:51.109,0.90305,0.9031,1.60,4.00
2010.05.26 04:11:51.735,0.90305,0.90315,5.60,5.60
2010.05.26 04:11:53.024,0.90305,0.90315,4.00,5.60
2010.05.26 04:11:53.762,0.90305,0.90315,11.10,4.00
2010.05.26 04:11:53.935,0.90305,0.90315,8.30,8.80
2010.05.26 04:11:54.102,0.903,0.9031,4.40,4.00
2010.05.26 04:11:54.753,0.903,0.9031,4.40,5.60
2010.05.26 04:11:55.094,0.903,0.9031,4.00,5.60
2010.05.26 04:11:59.110,0.90295,0.9031,14.60,14.00
2010.05.26 04:11:59.459,0.90295,0.90305,4.80,8.00
2010.05.26 04:12:00.120,0.90295,0.90305,4.00,5.60
2010.05.26 04:12:00.711,0.90295,0.90305,4.00,5.70
2010.05.26 04:12:02.015,0.90295,0.90305,4.00,5.60
2010.05.26 04:12:02.704,0.90295,0.90305,4.00,4.00
2010.05.26 04:12:03.013,0.90295,0.90305,4.00,5.60
2010.05.26 04:12:05.250,0.90295,0.90305,4.00,4.00
2010.05.26 04:12:20.202,0.90295,0.90305,4.80,4.00
2010.05.26 04:12:20.499,0.903,0.9031,4.00,5.60
2010.05.26 04:12:41.829,0.903,0.9031,4.40,4.00
2010.05.26 04:12:42.042,0.90305,0.90315,4.00,7.20
2010.05.26 04:12:44.439,0.90305,0.90315,4.00,8.80
2010.05.26 04:12:44.582,0.90305,0.90315,4.00,7.20
2010.05.26 04:12:59.317,0.90305,0.90315,4.00,8.00
2010.05.26 04:12:59.667,0.90295,0.9031,16.70,8.00
2010.05.26 04:13:00.069,0.90295,0.9031,15.90,8.00
2010.05.26 04:13:00.941,0.90295,0.9031,12.70,9.20
2010.05.26 04:13:01.418,0.90295,0.9031,12.70,12.40
2010.05.26 04:13:01.666,0.90295,0.9031,12.70,11.60
2010.05.26 04:13:01.906,0.903,0.9031,5.60,11.20
2010.05.26 04:13:02.146,0.90305,0.90315,4.00,10.00
2010.05.26 04:13:02.815,0.90305,0.90315,4.00,5.60
2010.05.26 04:13:06.589,0.90305,0.90315,4.00,6.00
2010.05.26 04:13:06.740,0.90305,0.90315,4.00,8.00
2010.05.26 04:13:06.890,0.903,0.9031,6.40,4.00
2010.05.26 04:13:07.322,0.90305,0.9031,1.60,4.00
2010.05.26 04:13:07.613,0.90305,0.90315,10.00,4.00
2010.05.26 04:13:08.037,0.9031,0.9032,4.00,4.40
2010.05.26 04:13:08.330,0.9031,0.9032,4.00,4.00
2010.05.26 04:13:09.441,0.9031,0.9032,4.00,5.60
2010.05.26 04:13:11.250,0.9031,0.9032,4.00,10.00
2010.05.26 04:13:11.442,0.9031,0.9032,4.00,16.80
2010.05.26 04:13:11.633,0.90305,0.90315,4.00,4.00
2010.05.26 04:13:16.841,0.90305,0.90315,4.00,7.20
2010.05.26 04:13:16.991,0.903,0.9031,8.30,4.00
2010.05.26 04:13:17.141,0.903,0.9031,9.90,4.00
2010.05.26 04:13:17.292,0.903,0.9031,8.00,4.00
2010.05.26 04:13:18.151,0.903,0.9031,13.20,4.00
2010.05.26 04:13:18.361,0.903,0.9031,15.90,4.00
2010.05.26 04:13:18.571,0.90305,0.90315,4.00,4.00
2010.05.26 04:13:21.090,0.90305,0.90315,4.00,4.00
2010.05.26 04:13:21.371,0.90305,0.90315,4.00,5.60
2010.05.26 04:13:26.649,0.90305,0.90315,4.00,6.20
2010.05.26 04:13:33.452,0.90305,0.90315,7.20,6.00
2010.05.26 04:13:33.570,0.90305,0.90315,10.40,6.00
2010.05.26 04:13:33.692,0.9031,0.90315,4.00,1.60
2010.05.26 04:13:34.124,0.9031,0.9032,4.00,6.00
2010.05.26 04:13:34.254,0.90305,0.9031,5.60,1.00
2010.05.26 04:13:35.048,0.90295,0.90305,6.40,4.00
2010.05.26 04:13:35.400,0.90285,0.90295,4.00,4.00
2010.05.26 04:13:36.939,0.9029,0.903,4.00,9.20
2010.05.26 04:13:37.268,0.90295,0.90305,4.00,8.40
2010.05.26 04:13:37.594,0.90285,0.90295,11.20,4.00
2010.05.26 04:13:37.902,0.90285,0.90295,8.80,4.00
2010.05.26 04:13:38.820,0.90285,0.90295,4.00,4.60
2010.05.26 04:13:38.912,0.90285,0.90295,4.00,6.60
2010.05.26 04:13:39.001,0.90285,0.90295,4.00,7.30
2010.05.26 04:13:39.329,0.90285,0.90295,4.00,7.70
2010.05.26 04:13:39.819,0.90285,0.9029,4.00,4.00
2010.05.26 04:13:40.161,0.9028,0.9029,7.90,8.00
2010.05.26 04:13:44.464,0.9028,0.9029,6.30,8.00
2010.05.26 04:13:45.022,0.90285,0.9029,1.60,8.00
2010.05.26 04:13:45.211,0.9028,0.9029,6.30,8.00
2010.05.26 04:13:45.400,0.90285,0.9029,1.60,8.00
2010.05.26 04:14:00.855,0.9028,0.9029,1.60,8.00
2010.05.26 04:14:01.100,0.9028,0.9029,5.60,4.00
2010.05.26 04:14:01.282,0.90285,0.90295,4.00,12.40
2010.05.26 04:14:01.371,0.90285,0.90295,4.00,12.00
2010.05.26 04:14:01.462,0.90285,0.90295,4.00,7.60
2010.05.26 04:14:01.803,0.9029,0.90295,1.00,4.00
2010.05.26 04:14:02.144,0.90295,0.90305,4.00,6.40
2010.05.26 04:14:02.496,0.90295,0.90305,4.00,4.00
2010.05.26 04:14:02.722,0.90295,0.90305,5.60,4.00
2010.05.26 04:14:03.763,0.90295,0.9031,8.70,11.20
2010.05.26 04:14:03.923,0.903,0.9031,4.00,6.80
2010.05.26 04:14:04.082,0.90305,0.9031,1.00,1.00
2010.05.26 04:14:04.245,0.90305,0.9032,8.30,19.20
2010.05.26 04:14:04.732,0.90305,0.90315,4.00,4.00
2010.05.26 04:14:10.520,0.90305,0.90315,4.00,5.60
2010.05.26 04:14:10.639,0.90305,0.90315,4.00,4.00
2010.05.26 04:14:11.121,0.90305,0.90315,4.00,5.60
2010.05.26 04:14:12.363,0.903,0.90315,5.60,12.80
2010.05.26 04:14:14.090,0.903,0.9031,5.60,4.00
2010.05.26 04:14:15.262,0.90305,0.90315,4.00,12.40
2010.05.26 04:14:15.410,0.90305,0.90315,4.00,6.00
2010.05.26 04:14:15.911,0.90305,0.90315,4.00,5.60
2010.05.26 04:14:27.760,0.903,0.90315,8.70,9.60
2010.05.26 04:14:27.850,0.903,0.90315,6.30,9.60
2010.05.26 04:14:29.500,0.903,0.9031,5.60,5.60
2010.05.26 04:14:29.661,0.90295,0.9031,16.70,9.60
2010.05.26 04:14:29.822,0.903,0.9031,1.60,8.00
2010.05.26 04:14:36.309,0.90295,0.9031,12.80,9.60
2010.05.26 04:14:38.401,0.903,0.9031,4.00,5.60
2010.05.26 04:14:47.190,0.903,0.9031,4.10,5.60
2010.05.26 04:14:47.402,0.903,0.90315,12.40,16.80
2010.05.26 04:14:47.726,0.903,0.90315,12.40,18.40
2010.05.26 04:14:47.979,0.903,0.9031,7.20,4.00
2010.05.26 04:14:48.231,0.903,0.9031,5.60,4.00
2010.05.26 04:14:51.039,0.903,0.9031,4.00,4.00
2010.05.26 04:14:51.552,0.903,0.9031,5.60,4.00
2010.05.26 04:14:53.349,0.903,0.9031,4.00,5.60
2010.05.26 04:14:55.313,0.90305,0.9031,1.00,5.60
2010.05.26 04:14:55.655,0.90305,0.90315,7.90,4.40
2010.05.26 04:14:56.005,0.9031,0.9032,8.00,8.00
2010.05.26 04:14:56.644,0.9031,0.9032,8.00,9.60
2010.05.26 04:14:57.991,0.9031,0.9032,8.00,8.00
2010.05.26 04:14:58.400,0.9031,0.9032,8.10,8.00
2010.05.26 04:14:58.877,0.9031,0.9032,8.00,8.00
2010.05.26 04:15:00.865,0.9031,0.9032,9.60,12.00
2010.05.26 04:15:00.905,0.9031,0.9032,5.60,14.00
2010.05.26 04:15:00.940,0.9031,0.9032,4.00,14.00
2010.05.26 04:15:01.001,0.90305,0.90315,10.80,4.00
2010.05.26 04:15:01.061,0.90305,0.9032,10.80,12.80
2010.05.26 04:15:01.090,0.90305,0.9032,6.80,16.80
2010.05.26 04:15:01.150,0.90305,0.90315,10.80,4.00
2010.05.26 04:15:01.537,0.90305,0.90315,6.70,4.00
2010.05.26 04:15:02.226,0.90305,0.90315,5.60,4.00
2010.05.26 04:15:08.059,0.90305,0.90315,5.60,4.00
2010.05.26 04:15:08.962,0.90305,0.90315,5.60,4.00
2010.05.26 04:15:10.549,0.90305,0.90315,4.00,4.00
2010.05.26 04:15:49.882,0.90305,0.90315,4.00,4.40
2010.05.26 04:15:50.032,0.903,0.9031,7.20,4.00
2010.05.26 04:15:51.350,0.903,0.9031,8.00,4.00
2010.05.26 04:15:51.591,0.903,0.9031,8.40,4.00
2010.05.26 04:15:55.103,0.90305,0.90315,4.00,4.00
2010.05.26 04:16:01.164,0.90305,0.90315,4.00,6.40
2010.05.26 04:16:01.212,0.90305,0.90315,4.00,8.00
2010.05.26 04:16:01.244,0.90305,0.90315,4.00,8.40
2010.05.26 04:16:01.264,0.90305,0.90315,4.00,12.40
2010.05.26 04:16:01.285,0.90305,0.90315,4.00,12.80
2010.05.26 04:16:01.346,0.903,0.9031,11.20,4.00
2010.05.26 04:16:01.425,0.903,0.9031,7.20,4.00
2010.05.26 04:16:11.140,0.90305,0.9031,1.60,4.00
2010.05.26 04:16:13.313,0.903,0.9031,7.20,4.00
2010.05.26 04:16:13.660,0.9031,0.9032,4.00,14.40
2010.05.26 04:16:13.894,0.9031,0.9032,4.00,7.20
2010.05.26 04:16:14.124,0.9031,0.90315,1.60,4.00
2010.05.26 04:16:14.483,0.9031,0.90315,1.60,8.00
2010.05.26 04:16:14.718,0.903,0.9031,11.20,4.00
2010.05.26 04:16:15.065,0.903,0.9031,7.20,4.00
2010.05.26 04:16:25.461,0.90305,0.9031,1.60,4.00
2010.05.26 04:16:33.811,0.90305,0.90315,2.20,14.40
2010.05.26 04:16:34.234,0.90305,0.90315,5.40,6.40
2010.05.26 04:16:34.360,0.9031,0.90325,8.40,19.90
2010.05.26 04:16:34.482,0.9031,0.9032,8.40,4.40
2010.05.26 04:16:34.601,0.9031,0.9032,8.40,4.80
2010.05.26 04:16:35.269,0.9031,0.90325,6.00,19.80
2010.05.26 04:16:35.620,0.9031,0.90325,12.40,19.90
2010.05.26 04:16:35.845,0.9031,0.90325,12.50,19.80
2010.05.26 04:16:36.402,0.90315,0.90325,1.00,13.10
2010.05.26 04:16:36.631,0.9032,0.9033,4.10,12.00
2010.05.26 04:16:37.903,0.9032,0.9033,4.00,12.00
2010.05.26 04:16:39.344,0.9032,0.9033,4.40,12.00
2010.05.26 04:16:39.545,0.9032,0.9033,4.00,12.00
2010.05.26 04:16:39.742,0.90315,0.90325,4.40,4.00
2010.05.26 04:16:40.452,0.90315,0.90325,5.60,4.00
2010.05.26 04:16:40.797,0.9032,0.90325,1.00,4.00
2010.05.26 04:16:41.077,0.9032,0.9033,12.00,3.20
2010.05.26 04:16:41.520,0.9032,0.9033,5.60,4.00
2010.05.26 04:16:41.808,0.9032,0.9033,8.00,4.00
2010.05.26 04:16:42.161,0.9032,0.9033,5.60,4.00
2010.05.26 04:16:43.156,0.9032,0.90335,7.30,17.60
2010.05.26 04:16:43.503,0.9032,0.90335,13.70,15.20
2010.05.26 04:16:43.843,0.90325,0.90335,1.00,15.20
2010.05.26 04:16:44.162,0.9032,0.90335,14.10,15.20
2010.05.26 04:16:44.801,0.9032,0.90335,13.70,15.20
2010.05.26 04:16:45.122,0.9032,0.90335,13.70,15.30
2010.05.26 04:16:45.423,0.9032,0.90335,13.70,13.70
2010.05.26 04:16:45.723,0.9032,0.90335,12.90,14.90
2010.05.26 04:16:46.263,0.9032,0.9033,6.80,4.00
2010.05.26 04:16:47.004,0.90325,0.9033,1.00,4.00
2010.05.26 04:16:47.312,0.90325,0.90335,5.60,4.10
2010.05.26 04:16:47.638,0.90325,0.90335,5.60,5.70
2010.05.26 04:16:47.960,0.90315,0.90325,8.00,4.00
2010.05.26 04:16:48.272,0.90315,0.90325,9.00,4.00
2010.05.26 04:16:49.857,0.90315,0.90325,7.40,4.00
2010.05.26 04:16:50.053,0.9032,0.9033,4.00,12.80
2010.05.26 04:16:50.236,0.90315,0.90325,22.80,4.00
2010.05.26 04:16:50.422,0.9032,0.9033,4.00,4.40
2010.05.26 04:16:50.603,0.9032,0.9033,5.60,4.00
2010.05.26 04:16:51.103,0.9032,0.9033,7.20,4.00
2010.05.26 04:16:51.397,0.9032,0.9033,7.60,4.00
2010.05.26 04:16:51.685,0.9032,0.9033,8.10,4.00
2010.05.26 04:16:53.419,0.9032,0.9033,8.00,4.00
2010.05.26 04:16:53.673,0.9032,0.9033,12.40,4.00
2010.05.26 04:16:53.939,0.90325,0.9033,1.00,4.00
2010.05.26 04:16:54.195,0.90325,0.90335,12.80,4.00
2010.05.26 04:16:54.569,0.90325,0.90335,16.00,4.00
2010.05.26 04:16:54.917,0.9033,0.9034,4.00,8.00
2010.05.26 04:16:55.265,0.9033,0.9034,4.00,4.40
2010.05.26 04:16:55.500,0.9033,0.9034,4.00,4.00
2010.05.26 04:16:56.451,0.9033,0.9034,4.10,4.00
2010.05.26 04:16:56.594,0.9033,0.9034,9.20,4.00
2010.05.26 04:16:56.975,0.9033,0.90345,9.10,20.10
2010.05.26 04:16:57.131,0.9033,0.90345,11.50,17.70
2010.05.26 04:16:57.551,0.9033,0.90345,10.40,16.10
2010.05.26 04:16:58.222,0.90335,0.90345,5.60,4.00
2010.05.26 04:16:58.581,0.9033,0.90345,21.50,9.60
2010.05.26 04:16:58.766,0.90325,0.90345,24.80,9.60
2010.05.26 04:16:58.947,0.90325,0.90345,24.40,9.60
2010.05.26 04:16:59.487,0.90325,0.90345,20.40,9.60
2010.05.26 04:17:00.002,0.90325,0.90345,20.40,9.60
2010.05.26 04:17:00.343,0.90325,0.90345,20.30,9.60
2010.05.26 04:17:01.032,0.90325,0.90345,21.10,11.30
2010.05.26 04:17:01.208,0.90315,0.9033,30.70,4.00
2010.05.26 04:17:01.375,0.9032,0.9033,10.30,4.00
2010.05.26 04:17:01.806,0.9032,0.90335,10.30,12.00
2010.05.26 04:17:02.166,0.9032,0.90335,18.30,4.10
2010.05.26 04:17:03.641,0.90325,0.9034,9.60,18.40
2010.05.26 04:17:03.986,0.90325,0.9034,10.80,15.20
2010.05.26 04:17:04.336,0.9033,0.9034,9.20,1.60
2010.05.26 04:17:04.686,0.9033,0.90335,5.10,4.00
2010.05.26 04:17:05.040,0.9032,0.90335,13.60,12.40
2010.05.26 04:17:05.306,0.90325,0.90335,1.60,14.40
2010.05.26 04:17:05.567,0.9033,0.90335,8.00,1.00
2010.05.26 04:17:05.826,0.9033,0.90335,8.00,1.00
2010.05.26 04:17:06.401,0.9033,0.90335,4.00,1.00
2010.05.26 04:17:07.098,0.9033,0.90335,8.00,1.00
2010.05.26 04:17:09.392,0.9033,0.90335,8.00,1.00
2010.05.26 04:17:10.171,0.9033,0.90335,8.00,4.90
2010.05.26 04:17:10.301,0.9033,0.90335,4.00,8.90
2010.05.26 04:17:10.785,0.90325,0.90335,1.60,10.50
2010.05.26 04:17:11.190,0.9032,0.90335,12.40,10.50
2010.05.26 04:17:11.614,0.9032,0.90335,11.20,10.50
2010.05.26 04:17:11.824,0.9032,0.90335,11.20,10.80
2010.05.26 04:17:12.143,0.9032,0.90335,11.20,10.50
2010.05.26 04:17:12.803,0.9032,0.90335,11.20,10.60
2010.05.26 04:17:13.501,0.9032,0.90335,11.20,10.50
2010.05.26 04:17:15.018,0.90325,0.90335,4.00,6.50
2010.05.26 04:17:15.049,0.90325,0.90335,8.00,6.50
2010.05.26 04:17:16.307,0.90325,0.90335,8.00,8.10
2010.05.26 04:17:16.386,0.9032,0.90335,11.20,8.40
2010.05.26 04:17:16.461,0.9032,0.90335,11.20,11.60
2010.05.26 04:17:17.394,0.9032,0.90335,11.20,11.50
2010.05.26 04:17:17.734,0.90325,0.90335,1.60,5.50
2010.05.26 04:17:18.085,0.90325,0.90335,9.60,1.00
2010.05.26 04:17:18.264,0.90325,0.9034,9.60,8.80
2010.05.26 04:17:18.442,0.90325,0.9034,9.60,8.80
2010.05.26 04:17:19.114,0.90325,0.9034,12.00,8.80
2010.05.26 04:17:19.292,0.90325,0.9034,9.60,8.00
2010.05.26 04:17:19.632,0.90325,0.9034,9.60,10.40
2010.05.26 04:17:21.012,0.90325,0.90335,9.60,1.00
2010.05.26 04:17:23.461,0.90325,0.90335,5.60,4.10
2010.05.26 04:17:24.624,0.9033,0.9034,4.00,13.60
2010.05.26 04:17:25.003,0.9033,0.9034,4.00,11.20
2010.05.26 04:17:28.660,0.9033,0.9034,4.00,10.40
2010.05.26 04:17:30.400,0.9033,0.9034,4.00,14.40
2010.05.26 04:17:30.533,0.90325,0.90335,5.60,4.00
2010.05.26 04:17:32.724,0.90325,0.90335,4.00,4.00
2010.05.26 04:17:33.483,0.9033,0.9034,4.00,7.20
2010.05.26 04:17:35.427,0.9033,0.9034,4.00,8.00
2010.05.26 04:17:36.112,0.90325,0.9034,19.40,11.20
2010.05.26 04:17:36.444,0.90325,0.9034,17.00,11.20
2010.05.26 04:17:36.790,0.9033,0.9034,4.00,7.20
2010.05.26 04:17:37.802,0.9033,0.9034,4.00,5.60
2010.05.26 04:17:38.137,0.9033,0.9034,4.00,4.00
2010.05.26 04:17:38.696,0.9033,0.90345,14.50,16.00
2010.05.26 04:17:38.912,0.9033,0.90345,18.30,11.20
2010.05.26 04:17:39.130,0.9033,0.90345,18.30,11.60
2010.05.26 04:17:39.352,0.9033,0.90345,18.40,11.20
2010.05.26 04:17:39.572,0.9033,0.90345,18.30,8.00
2010.05.26 04:17:40.942,0.90335,0.90345,1.60,8.00
2010.05.26 04:17:41.724,0.90325,0.90345,26.80,8.00
2010.05.26 04:17:42.013,0.9033,0.90345,22.00,8.00
2010.05.26 04:17:42.304,0.9033,0.9035,32.00,17.00
2010.05.26 04:17:42.592,0.9033,0.9035,31.60,17.00
2010.05.26 04:17:42.939,0.9033,0.9035,31.60,15.40
2010.05.26 04:17:43.238,0.9033,0.90345,31.50,1.60
2010.05.26 04:17:43.532,0.9033,0.90345,32.20,1.60
2010.05.26 04:17:43.835,0.9033,0.90345,27.80,1.70
2010.05.26 04:17:44.133,0.90325,0.9034,38.90,8.00
2010.05.26 04:17:45.159,0.9033,0.9034,21.20,4.00
2010.05.26 04:17:45.395,0.9033,0.9035,30.80,9.60
2010.05.26 04:17:45.634,0.9033,0.9035,33.40,9.60
2010.05.26 04:17:46.792,0.9034,0.9035,4.00,5.60
2010.05.26 04:17:54.010,0.9034,0.9035,4.00,4.00
2010.05.26 04:17:54.204,0.9034,0.9035,4.00,5.60
2010.05.26 04:17:54.800,0.9034,0.9035,4.00,4.00
2010.05.26 04:17:54.903,0.9034,0.9035,4.00,4.40
2010.05.26 04:17:54.910,0.9034,0.9035,5.60,4.40
2010.05.26 04:17:55.757,0.9034,0.9035,4.00,5.60
2010.05.26 04:18:03.768,0.9034,0.9035,4.80,5.60
2010.05.26 04:18:05.019,0.9034,0.9035,1.60,8.00
2010.05.26 04:18:05.213,0.9034,0.90355,5.60,21.80
2010.05.26 04:18:05.554,0.90335,0.9035,22.60,5.60
2010.05.26 04:18:07.362,0.90335,0.9035,21.00,5.80
2010.05.26 04:18:07.573,0.90335,0.9035,21.00,5.90
2010.05.26 04:18:10.750,0.9034,0.9035,4.00,9.90
2010.05.26 04:18:10.871,0.90335,0.9035,16.30,11.20
2010.05.26 04:18:10.934,0.9033,0.90345,26.00,1.00
2010.05.26 04:18:10.992,0.9033,0.90345,24.40,1.00
2010.05.26 04:18:11.052,0.9033,0.9035,24.40,17.80
2010.05.26 04:18:11.380,0.9033,0.9035,24.40,17.80
2010.05.26 04:18:11.450,0.9033,0.90345,22.00,4.00
2010.05.26 04:18:11.791,0.9033,0.9035,22.00,15.10
2010.05.26 04:18:12.131,0.9033,0.9035,22.00,15.20
2010.05.26 04:18:15.213,0.90335,0.9035,11.20,15.10
2010.05.26 04:18:16.983,0.90335,0.9035,11.20,15.10
2010.05.26 04:18:18.212,0.90335,0.9035,11.20,15.20
2010.05.26 04:18:19.169,0.90335,0.9035,11.20,15.00
2010.05.26 04:18:19.560,0.90335,0.9035,11.20,15.10
2010.05.26 04:18:21.264,0.90335,0.90345,8.00,4.40
2010.05.26 04:18:21.315,0.90335,0.90345,8.00,6.80
2010.05.26 04:18:21.341,0.90325,0.90345,28.90,14.80
2010.05.26 04:18:21.699,0.9033,0.90345,8.80,16.80
2010.05.26 04:18:26.032,0.90335,0.9034,1.60,4.00
2010.05.26 04:18:27.703,0.90335,0.90345,1.60,16.80
2010.05.26 04:18:27.941,0.9033,0.9034,8.00,4.00
2010.05.26 04:18:31.687,0.9033,0.90345,8.00,16.80
2010.05.26 04:18:31.829,0.9033,0.9034,8.00,4.00
2010.05.26 04:18:35.682,0.90335,0.9035,9.60,20.70
2010.05.26 04:18:36.165,0.9033,0.9035,23.20,18.30
2010.05.26 04:18:36.475,0.9033,0.90345,23.20,4.00
2010.05.26 04:18:39.771,0.90335,0.9035,9.60,16.70
2010.05.26 04:18:40.021,0.90335,0.90345,5.60,4.00
2010.05.26 04:18:40.270,0.90335,0.9035,9.60,18.30
2010.05.26 04:18:40.520,0.90335,0.90345,5.60,4.00
2010.05.26 04:18:41.813,0.9034,0.9035,4.00,8.70
2010.05.26 04:18:41.931,0.90335,0.9035,13.10,6.30
2010.05.26 04:18:42.436,0.9033,0.9035,24.00,12.70
2010.05.26 04:18:42.552,0.9033,0.9035,24.60,15.10
2010.05.26 04:18:43.241,0.9033,0.9035,22.20,8.70
2010.05.26 04:18:43.584,0.90335,0.9035,12.80,8.70
2010.05.26 04:18:45.004,0.9033,0.9035,24.00,15.10
2010.05.26 04:18:46.802,0.9034,0.9035,4.00,4.30
2010.05.26 04:18:50.311,0.9034,0.9035,5.60,4.30
2010.05.26 04:18:51.253,0.9034,0.9035,4.00,4.30
2010.05.26 04:18:52.524,0.9034,0.9035,9.60,4.30
2010.05.26 04:18:52.774,0.9034,0.9035,12.40,4.00
2010.05.26 04:18:53.419,0.9034,0.9035,14.40,6.10
2010.05.26 04:18:53.735,0.90345,0.9035,4.00,2.10
2010.05.26 04:18:54.373,0.90335,0.9035,23.50,2.60
2010.05.26 04:18:54.921,0.90335,0.9035,23.30,2.10
2010.05.26 04:18:55.699,0.90335,0.90355,23.30,10.00
2010.05.26 04:18:55.831,0.90335,0.9035,23.50,4.00
2010.05.26 04:18:55.963,0.90335,0.90355,23.50,9.20
2010.05.26 04:18:56.345,0.9034,0.90355,18.50,9.10
2010.05.26 04:18:56.763,0.9034,0.90355,18.80,4.60
2010.05.26 04:18:57.106,0.9034,0.90355,20.40,4.20
2010.05.26 04:18:57.455,0.9034,0.90355,20.30,4.20
2010.05.26 04:18:59.380,0.90345,0.9035,4.00,1.00
2010.05.26 04:18:59.551,0.9033,0.9035,24.50,12.80
2010.05.26 04:18:59.870,0.9033,0.9035,24.10,12.80
2010.05.26 04:19:00.782,0.9033,0.9035,21.40,12.80
2010.05.26 04:19:01.030,0.9033,0.9035,21.40,14.40
2010.05.26 04:19:04.658,0.9034,0.9035,1.60,14.40
2010.05.26 04:19:04.757,0.9033,0.9035,21.50,14.40
2010.05.26 04:19:05.147,0.90335,0.9035,11.20,10.40
2010.05.26 04:19:05.206,0.90335,0.9035,13.60,4.80
2010.05.26 04:19:08.203,0.90335,0.9035,11.20,12.80
2010.05.26 04:19:13.397,0.90335,0.90345,5.60,4.00
2010.05.26 04:19:18.702,0.90335,0.90345,4.00,4.00
2010.05.26 04:19:19.813,0.90335,0.90345,4.00,8.00
2010.05.26 04:19:20.154,0.9033,0.9034,6.40,4.00
2010.05.26 04:19:20.493,0.9033,0.9034,4.40,4.00
2010.05.26 04:19:21.258,0.9033,0.9034,4.00,5.60
2010.05.26 04:19:23.890,0.9033,0.9034,8.00,5.60
2010.05.26 04:19:24.081,0.9033,0.9034,8.80,5.60
2010.05.26 04:19:24.171,0.90335,0.90345,4.00,20.30
2010.05.26 04:19:24.262,0.9033,0.9034,15.90,1.60
2010.05.26 04:19:24.352,0.90325,0.9034,22.70,5.60
2010.05.26 04:19:24.724,0.90325,0.9034,22.40,5.60
2010.05.26 04:19:24.815,0.9033,0.90345,10.40,15.40
2010.05.26 04:19:24.902,0.9033,0.9034,8.00,1.60
2010.05.26 04:19:25.246,0.90325,0.9034,19.50,5.60
2010.05.26 04:19:25.594,0.90325,0.9034,19.10,5.60
2010.05.26 04:19:25.932,0.90325,0.9034,19.10,7.20
2010.05.26 04:19:28.222,0.90325,0.9034,19.10,5.60
2010.05.26 04:19:38.805,0.9033,0.9034,4.00,7.20
2010.05.26 04:19:38.862,0.9033,0.9034,4.00,5.60
2010.05.26 04:19:40.404,0.9033,0.9034,4.00,7.20
2010.05.26 04:19:52.950,0.9033,0.9034,4.00,5.60
2010.05.26 04:19:56.041,0.9033,0.9034,4.00,5.60
2010.05.26 04:19:56.151,0.9033,0.9034,4.00,10.20
2010.05.26 04:19:56.262,0.9033,0.9034,4.00,11.60
2010.05.26 04:19:56.371,0.9033,0.9034,4.00,10.00
2010.05.26 04:19:56.480,0.9033,0.9034,4.00,15.60
2010.05.26 04:19:56.592,0.90325,0.90335,10.80,4.00
2010.05.26 04:19:56.703,0.90325,0.90335,4.80,4.00
2010.05.26 04:19:56.811,0.90325,0.90335,9.20,4.00
2010.05.26 04:19:56.922,0.90325,0.90335,14.80,4.00
2010.05.26 04:19:57.031,0.9033,0.9034,4.00,8.40
2010.05.26 04:19:57.372,0.9033,0.9034,4.00,7.60
2010.05.26 04:20:02.566,0.9033,0.9034,4.00,6.00
2010.05.26 04:20:02.843,0.9033,0.9034,4.00,4.40
2010.05.26 04:20:07.440,0.9033,0.9034,4.00,4.00
2010.05.26 04:20:09.571,0.9033,0.9034,5.60,4.00
2010.05.26 04:20:09.912,0.9033,0.9034,6.40,4.00
2010.05.26 04:20:10.258,0.90335,0.90345,4.00,4.00
2010.05.26 04:20:10.594,0.9033,0.90345,21.60,4.00
2010.05.26 04:20:13.609,0.9033,0.90345,21.30,4.00
2010.05.26 04:20:14.549,0.90335,0.90345,4.00,8.00
2010.05.26 04:20:14.687,0.90335,0.90345,4.00,4.00
2010.05.26 04:20:17.940,0.90335,0.90345,5.60,4.00
2010.05.26 04:20:18.812,0.90335,0.90345,4.00,4.00
2010.05.26 04:20:37.730,0.90335,0.90345,5.60,4.00
2010.05.26 04:20:37.945,0.90335,0.90345,14.80,4.00
2010.05.26 04:20:38.154,0.9034,0.9035,4.00,10.00
2010.05.26 04:20:39.440,0.90335,0.9035,18.80,10.10
2010.05.26 04:20:42.373,0.9033,0.90345,22.70,4.40
2010.05.26 04:20:42.933,0.9033,0.90345,21.20,4.00
2010.05.26 04:20:44.620,0.90335,0.90345,5.60,4.00
2010.05.26 04:20:44.946,0.90335,0.9035,13.60,12.50
2010.05.26 04:20:44.995,0.90335,0.9035,16.80,10.10
2010.05.26 04:20:45.645,0.90335,0.9035,13.20,14.10
2010.05.26 04:20:45.882,0.9033,0.90345,21.70,4.00
2010.05.26 04:20:46.121,0.9033,0.90345,22.00,4.00
2010.05.26 04:20:48.406,0.9033,0.90345,22.50,4.00
2010.05.26 04:20:48.658,0.90335,0.9035,19.10,8.10
2010.05.26 04:20:49.262,0.90335,0.9035,19.10,6.50
2010.05.26 04:20:49.773,0.90345,0.9035,6.40,6.50
2010.05.26 04:20:50.115,0.90345,0.90355,16.60,1.00
2010.05.26 04:20:50.462,0.90345,0.9036,19.80,6.80
2010.05.26 04:20:51.481,0.90345,0.9036,19.80,6.80
2010.05.26 04:20:51.943,0.90345,0.9036,19.80,6.40
2010.05.26 04:20:52.560,0.9035,0.9036,5.60,4.80
2010.05.26 04:20:52.649,0.9035,0.9036,9.60,5.20
2010.05.26 04:20:52.839,0.9035,0.9036,5.60,5.20
2010.05.26 04:20:53.271,0.9035,0.9036,5.60,4.80
2010.05.26 04:20:54.582,0.9035,0.9036,1.60,13.20
2010.05.26 04:20:54.649,0.9035,0.9036,1.60,12.40
2010.05.26 04:20:54.720,0.9035,0.9036,1.60,9.20
2010.05.26 04:20:54.861,0.9035,0.90355,1.60,1.00
2010.05.26 04:20:55.151,0.90345,0.90355,22.20,1.00
2010.05.26 04:20:55.441,0.90345,0.90355,22.60,1.00
2010.05.26 04:20:56.968,0.90345,0.90355,22.60,1.00
2010.05.26 04:20:57.083,0.90345,0.90355,22.60,1.00
2010.05.26 04:20:57.351,0.90345,0.90355,22.60,1.00
2010.05.26 04:20:58.163,0.90345,0.90365,27.00,13.90
2010.05.26 04:20:58.321,0.9035,0.90365,17.00,10.00
2010.05.26 04:20:58.484,0.90355,0.9037,17.40,6.60
2010.05.26 04:20:58.984,0.9036,0.9037,4.00,7.20
2010.05.26 04:20:59.312,0.9036,0.9037,4.00,7.40
2010.05.26 04:20:59.522,0.9036,0.9037,4.00,7.20
2010.05.26 04:21:00.344,0.90355,0.90365,4.00,5.80
2010.05.26 04:21:00.883,0.90355,0.90365,4.00,4.10
2010.05.26 04:21:01.143,0.90355,0.90365,4.00,4.00
2010.05.26 04:21:03.711,0.90355,0.90365,4.40,4.00
2010.05.26 04:21:03.862,0.90355,0.90365,9.60,4.00
2010.05.26 04:21:04.053,0.90355,0.90365,5.60,4.00
2010.05.26 04:21:04.243,0.9036,0.9037,4.00,8.80
2010.05.26 04:21:05.513,0.9036,0.9037,4.00,9.20
2010.05.26 04:21:05.773,0.90355,0.9037,8.40,13.40
2010.05.26 04:21:06.034,0.90355,0.9037,2.00,19.60
2010.05.26 04:21:06.293,0.90355,0.9037,18.80,4.80
2010.05.26 04:21:07.059,0.90355,0.9037,19.20,4.80
2010.05.26 04:21:07.851,0.90355,0.9037,18.80,4.80
2010.05.26 04:21:15.042,0.90355,0.9037,19.40,4.80
2010.05.26 04:21:15.121,0.9036,0.9037,4.00,1.60
2010.05.26 04:21:15.271,0.9036,0.90375,6.80,14.00
2010.05.26 04:21:15.351,0.9036,0.90375,9.20,11.60
2010.05.26 04:21:15.431,0.90365,0.90375,4.40,11.60
2010.05.26 04:21:15.734,0.90365,0.9037,16.70,1.00
2010.05.26 04:21:16.035,0.90355,0.9036,6.10,4.00
2010.05.26 04:21:16.339,0.90355,0.90365,13.20,4.00
2010.05.26 04:21:16.648,0.9036,0.9037,4.00,7.60
2010.05.26 04:21:17.225,0.9036,0.9037,4.00,7.20
2010.05.26 04:21:18.380,0.9036,0.9037,3.60,7.20
2010.05.26 04:21:20.911,0.9036,0.9037,8.00,4.00
2010.05.26 04:21:21.051,0.9036,0.9037,9.70,4.00
2010.05.26 04:21:21.193,0.90365,0.90375,1.60,11.20
2010.05.26 04:21:21.271,0.90365,0.90375,5.20,7.20
2010.05.26 04:21:21.351,0.90365,0.90375,5.20,7.20
2010.05.26 04:21:22.132,0.90365,0.90375,1.60,11.20
2010.05.26 04:21:22.472,0.90365,0.90375,5.20,7.20
2010.05.26 04:21:24.182,0.90365,0.90375,1.60,11.20
2010.05.26 04:21:24.607,0.90365,0.90375,5.20,7.20
2010.05.26 04:21:24.794,0.90365,0.90375,1.60,11.20
2010.05.26 04:21:24.981,0.90365,0.90375,5.30,7.20
2010.05.26 04:21:26.322,0.90365,0.90375,3.70,7.20
2010.05.26 04:21:27.312,0.90365,0.90375,3.80,7.20
2010.05.26 04:21:28.523,0.90365,0.90375,3.80,14.20
2010.05.26 04:21:28.692,0.9036,0.9037,7.80,4.00
2010.05.26 04:21:28.861,0.9036,0.9037,5.40,4.00
2010.05.26 04:21:30.521,0.9036,0.9037,5.50,4.00
2010.05.26 04:21:31.261,0.90365,0.9037,1.60,4.00
2010.05.26 04:21:31.350,0.90365,0.90375,1.60,20.00
2010.05.26 04:21:31.441,0.90365,0.90375,5.50,16.00
2010.05.26 04:21:31.641,0.90365,0.90375,5.50,9.60
2010.05.26 04:21:33.352,0.90365,0.90375,5.60,9.60
2010.05.26 04:21:34.171,0.90365,0.90375,4.00,9.60
2010.05.26 04:21:42.100,0.90365,0.9037,4.00,1.00
2010.05.26 04:21:42.423,0.9036,0.9037,10.80,1.00
2010.05.26 04:21:42.582,0.9036,0.9037,5.60,4.40
2010.05.26 04:21:42.855,0.9036,0.9037,13.20,1.00
2010.05.26 04:21:43.445,0.9036,0.90375,15.60,15.20
2010.05.26 04:21:48.870,0.9036,0.90375,15.60,15.20
2010.05.26 04:21:49.142,0.90365,0.90375,8.00,5.60
2010.05.26 04:21:50.140,0.90365,0.90375,10.40,5.20
2010.05.26 04:21:50.200,0.90365,0.90375,10.40,3.60
2010.05.26 04:21:50.322,0.90365,0.90375,10.80,1.60
2010.05.26 04:21:50.441,0.9037,0.90375,4.00,1.60
2010.05.26 04:21:50.501,0.9037,0.9038,4.00,7.60
2010.05.26 04:21:50.560,0.9037,0.9038,4.00,7.20
2010.05.26 04:21:51.943,0.9037,0.9038,4.00,5.60
2010.05.26 04:21:55.401,0.90365,0.9038,11.10,9.60
2010.05.26 04:21:55.661,0.9037,0.9038,4.00,7.20
2010.05.26 04:21:55.921,0.90365,0.9038,19.10,11.20
2010.05.26 04:21:59.300,0.9037,0.9038,4.00,7.20
2010.05.26 04:21:59.421,0.9037,0.9038,4.00,5.60
2010.05.26 04:21:59.660,0.9037,0.9038,4.00,4.00
2010.05.26 04:21:59.902,0.90375,0.90385,4.00,13.60
2010.05.26 04:22:00.021,0.90375,0.9039,4.00,24.40
2010.05.26 04:22:00.144,0.90375,0.9039,4.00,23.60
2010.05.26 04:22:00.262,0.90375,0.9039,4.00,23.70
2010.05.26 04:22:00.381,0.9037,0.90385,8.00,19.20
2010.05.26 04:22:00.838,0.9037,0.90385,5.60,21.60
2010.05.26 04:22:01.305,0.9037,0.90385,4.00,21.80
2010.05.26 04:22:03.361,0.9037,0.90385,4.00,21.80
2010.05.26 04:22:05.151,0.9037,0.9038,4.00,10.40
2010.05.26 04:22:05.241,0.90365,0.90375,6.80,4.00
2010.05.26 04:22:05.797,0.90365,0.90375,5.60,4.00
2010.05.26 04:22:06.642,0.90365,0.90375,4.00,4.00
2010.05.26 04:22:07.282,0.90365,0.90375,5.60,4.00
2010.05.26 04:22:10.521,0.90365,0.90375,5.70,4.00
2010.05.26 04:22:11.131,0.90365,0.90375,5.60,4.00
2010.05.26 04:22:12.721,0.90365,0.90375,4.00,4.00
2010.05.26 04:22:13.742,0.90365,0.90375,5.60,4.00
2010.05.26 04:22:13.922,0.9037,0.90375,1.60,4.00
2010.05.26 04:22:14.102,0.9037,0.9038,5.60,4.00
2010.05.26 04:22:14.282,0.9037,0.9038,4.00,5.60
2010.05.26 04:22:15.101,0.9037,0.9038,4.00,4.00
2010.05.26 04:22:23.721,0.90365,0.9038,18.80,8.00
2010.05.26 04:22:31.093,0.90365,0.9038,18.80,9.70
2010.05.26 04:22:31.301,0.90365,0.9038,18.80,9.60
2010.05.26 04:22:31.511,0.90365,0.9038,18.80,9.70
2010.05.26 04:22:31.830,0.90365,0.9038,18.80,11.30
2010.05.26 04:22:31.941,0.90365,0.9038,18.80,12.90
2010.05.26 04:22:32.051,0.90365,0.9038,12.00,17.80
2010.05.26 04:22:32.164,0.90365,0.9038,9.60,20.00
2010.05.26 04:22:32.613,0.90365,0.90375,1.60,8.00
2010.05.26 04:22:33.275,0.9036,0.9037,8.80,4.00
2010.05.26 04:22:34.863,0.9036,0.9037,8.80,4.00
2010.05.26 04:22:34.983,0.9036,0.9037,8.90,4.00
2010.05.26 04:22:35.101,0.9036,0.9037,8.80,4.00
2010.05.26 04:22:35.332,0.9036,0.9037,8.80,4.00
2010.05.26 04:22:40.111,0.9036,0.9037,5.60,4.00
2010.05.26 04:22:44.181,0.9036,0.9037,4.00,4.40
2010.05.26 04:22:44.301,0.90355,0.90365,16.40,4.00
2010.05.26 04:22:44.422,0.9036,0.90365,1.60,4.00
2010.05.26 04:22:44.859,0.9036,0.9037,5.60,4.00
2010.05.26 04:22:50.203,0.9036,0.9037,4.00,8.40
2010.05.26 04:22:50.333,0.9036,0.90365,1.60,4.00
2010.05.26 04:22:50.463,0.9036,0.9037,5.60,4.00
2010.05.26 04:22:51.489,0.9036,0.9037,4.00,4.00
2010.05.26 04:22:54.451,0.9036,0.9037,4.00,8.40
2010.05.26 04:22:54.562,0.90355,0.90365,9.60,4.00
2010.05.26 04:22:54.671,0.90355,0.90365,14.40,4.00
2010.05.26 04:22:54.782,0.9036,0.9037,5.60,13.10
2010.05.26 04:22:54.891,0.9036,0.9037,4.00,13.00
2010.05.26 04:22:55.322,0.90355,0.9037,12.30,14.40
2010.05.26 04:22:55.679,0.90355,0.90365,7.20,4.00
2010.05.26 04:22:56.030,0.90355,0.9037,9.60,14.40
2010.05.26 04:22:56.684,0.90355,0.90365,5.60,4.00
2010.05.26 04:22:57.809,0.9036,0.9037,1.60,5.60
2010.05.26 04:22:58.037,0.9036,0.90375,13.60,16.30
2010.05.26 04:22:58.264,0.90355,0.90365,5.60,4.00
2010.05.26 04:22:59.132,0.90355,0.9037,9.70,14.40
2010.05.26 04:22:59.433,0.90355,0.9037,12.00,14.40
2010.05.26 04:22:59.677,0.9036,0.9037,4.00,4.80
2010.05.26 04:22:59.916,0.90355,0.9037,16.00,12.80
2010.05.26 04:23:00.499,0.9036,0.9037,4.00,4.80
2010.05.26 04:23:00.846,0.90355,0.90365,9.70,4.00
2010.05.26 04:23:01.184,0.90355,0.90365,10.50,4.00
2010.05.26 04:23:03.016,0.90355,0.9037,10.50,12.80
2010.05.26 04:23:03.509,0.90355,0.9037,14.50,12.80
2010.05.26 04:23:03.803,0.90355,0.90365,10.50,4.00
2010.05.26 04:23:04.145,0.90355,0.9037,14.50,12.80
2010.05.26 04:23:07.842,0.9036,0.9037,1.00,12.80
2010.05.26 04:23:08.144,0.9036,0.90375,19.20,8.80
2010.05.26 04:23:08.442,0.9036,0.90375,19.20,8.00
2010.05.26 04:23:08.878,0.9036,0.90375,19.20,8.00
2010.05.26 04:23:09.211,0.9036,0.9037,5.60,12.80
2010.05.26 04:23:09.534,0.90355,0.90365,8.90,4.00
2010.05.26 04:23:13.134,0.90365,0.9037,4.80,4.00
2010.05.26 04:23:13.447,0.9036,0.90365,5.60,1.00
2010.05.26 04:23:13.705,0.9036,0.9037,5.60,4.80
2010.05.26 04:23:13.981,0.9036,0.90365,1.60,4.00
2010.05.26 04:23:14.239,0.90355,0.90365,11.20,4.00
2010.05.26 04:23:14.533,0.90355,0.90365,8.80,4.00
2010.05.26 04:23:14.703,0.90355,0.90365,8.90,4.00
2010.05.26 04:23:19.333,0.90355,0.90365,8.80,4.00
2010.05.26 04:23:19.604,0.90355,0.90365,8.90,4.00
2010.05.26 04:23:20.375,0.90355,0.9037,12.90,12.80
2010.05.26 04:23:24.172,0.90355,0.90365,8.90,4.00
2010.05.26 04:23:24.769,0.9036,0.9037,6.00,4.00
2010.05.26 04:23:24.946,0.90365,0.90375,4.00,6.40
2010.05.26 04:23:25.295,0.90365,0.90375,4.00,4.00
2010.05.26 04:23:26.173,0.90365,0.90375,4.00,8.40
2010.05.26 04:23:26.515,0.9036,0.9037,5.60,4.00
2010.05.26 04:23:40.881,0.9036,0.9037,4.00,4.00
2010.05.26 04:23:42.953,0.9036,0.90365,4.00,4.00
2010.05.26 04:23:43.092,0.90355,0.90365,8.40,12.40
2010.05.26 04:23:43.233,0.90355,0.90365,1.00,14.40
2010.05.26 04:23:43.371,0.9035,0.90365,16.80,14.40
2010.05.26 04:23:43.684,0.9035,0.9036,5.60,4.00
2010.05.26 04:23:43.993,0.9035,0.9036,4.00,4.00
2010.05.26 04:23:45.267,0.9035,0.9036,4.00,10.40
2010.05.26 04:23:46.742,0.9035,0.90355,4.00,2.00
2010.05.26 04:23:47.043,0.9034,0.90355,16.80,14.40
2010.05.26 04:23:47.151,0.9034,0.90355,16.80,16.00
2010.05.26 04:23:47.641,0.90345,0.90355,5.60,8.40
2010.05.26 04:23:47.756,0.9035,0.9036,4.00,16.00
2010.05.26 04:23:48.062,0.9035,0.9036,4.00,14.00
2010.05.26 04:23:48.362,0.9035,0.9036,4.00,13.60
2010.05.26 04:23:48.666,0.90355,0.9036,4.00,1.00
2010.05.26 04:23:48.974,0.9035,0.9036,4.00,8.80
2010.05.26 04:23:49.372,0.9035,0.9036,4.00,10.40
2010.05.26 04:23:51.251,0.9035,0.9036,4.00,8.80
2010.05.26 04:23:52.301,0.9035,0.9036,4.00,8.80
2010.05.26 04:23:55.530,0.9035,0.9036,4.00,9.60
2010.05.26 04:23:56.043,0.9035,0.9036,4.00,8.80
2010.05.26 04:24:00.934,0.9035,0.9036,8.00,4.80
2010.05.26 04:24:07.914,0.9035,0.9036,8.00,4.70
2010.05.26 04:24:08.598,0.9035,0.9036,4.00,8.70
2010.05.26 04:24:09.547,0.9035,0.9036,4.00,8.80
2010.05.26 04:24:18.666,0.9035,0.9036,4.00,10.40
2010.05.26 04:24:19.007,0.90345,0.9036,11.20,14.60
2010.05.26 04:24:19.624,0.90345,0.9036,13.60,14.40
2010.05.26 04:24:19.834,0.90345,0.9036,11.20,14.40
2010.05.26 04:24:20.049,0.9035,0.9036,4.00,10.40
2010.05.26 04:24:20.375,0.9035,0.9036,4.00,12.80
2010.05.26 04:24:21.000,0.90345,0.90355,7.20,4.00
2010.05.26 04:24:28.924,0.9035,0.9036,4.00,5.60
2010.05.26 04:24:32.910,0.90345,0.90355,14.80,4.00
2010.05.26 04:24:33.032,0.90345,0.90355,9.60,4.00
2010.05.26 04:24:33.151,0.90345,0.90355,5.60,4.00
2010.05.26 04:24:33.499,0.90345,0.90355,7.20,4.00
2010.05.26 04:24:35.324,0.90345,0.9036,11.20,16.80
2010.05.26 04:24:43.942,0.90345,0.9036,11.20,14.40
2010.05.26 04:24:44.725,0.90345,0.9036,11.20,16.80
2010.05.26 04:24:44.963,0.90345,0.9036,9.60,16.80
2010.05.26 04:24:46.473,0.90345,0.90355,8.00,4.00
2010.05.26 04:24:46.688,0.9034,0.90355,7.20,20.10
2010.05.26 04:24:47.633,0.9034,0.9035,7.20,4.00
2010.05.26 04:24:47.931,0.9034,0.90355,7.20,20.10
2010.05.26 04:24:48.614,0.9034,0.90355,5.60,20.40
2010.05.26 04:24:48.954,0.9034,0.9035,5.60,4.00
2010.05.26 04:24:49.781,0.9034,0.90355,5.60,20.40
2010.05.26 04:24:51.601,0.9034,0.90355,5.60,20.30
2010.05.26 04:24:53.333,0.9034,0.90355,9.60,17.90
2010.05.26 04:24:53.483,0.9034,0.9035,9.60,4.00
2010.05.26 04:24:53.637,0.9034,0.9035,5.60,4.00
2010.05.26 04:24:53.783,0.9034,0.90355,5.60,20.30
2010.05.26 04:24:53.932,0.9034,0.90355,9.60,17.90
2010.05.26 04:24:56.998,0.9034,0.90355,9.60,18.00
2010.05.26 04:24:57.140,0.9034,0.90355,9.60,19.60
2010.05.26 04:24:57.180,0.9034,0.9035,8.00,1.60
2010.05.26 04:24:57.271,0.9034,0.9035,8.00,5.60
2010.05.26 04:24:57.312,0.9034,0.9035,4.00,5.60
2010.05.26 04:24:58.811,0.9034,0.9035,5.60,4.00
2010.05.26 04:24:59.494,0.9034,0.9035,8.00,4.00
2010.05.26 04:24:59.582,0.90345,0.90355,4.00,10.00
2010.05.26 04:24:59.672,0.9034,0.9035,6.00,4.00
2010.05.26 04:24:59.853,0.90345,0.90355,4.00,20.30
2010.05.26 04:24:59.942,0.90345,0.90355,4.00,13.90
2010.05.26 04:25:00.292,0.9034,0.9035,13.60,4.00
2010.05.26 04:25:00.636,0.9034,0.9035,4.00,4.00
2010.05.26 04:25:00.985,0.9034,0.9035,6.40,4.00
2010.05.26 04:25:01.335,0.90345,0.90355,4.00,14.40
2010.05.26 04:25:01.483,0.9034,0.9035,6.00,4.00
2010.05.26 04:25:01.633,0.9034,0.9035,12.80,4.00
2010.05.26 04:25:01.784,0.9034,0.9035,6.40,4.00
2010.05.26 04:25:01.934,0.9034,0.9035,14.40,4.00
2010.05.26 04:25:02.371,0.9034,0.9035,10.00,4.00
2010.05.26 04:25:02.596,0.90345,0.90355,4.00,4.00
2010.05.26 04:25:04.002,0.90345,0.90355,13.20,4.00
2010.05.26 04:25:04.263,0.9035,0.9036,4.00,8.80
2010.05.26 04:25:04.522,0.9035,0.90355,4.00,1.00
2010.05.26 04:25:04.936,0.90345,0.9035,10.40,4.00
2010.05.26 04:25:05.131,0.9034,0.9035,4.00,4.00
2010.05.26 04:25:07.915,0.9034,0.9035,4.00,5.60
2010.05.26 04:25:08.722,0.9034,0.9035,4.00,7.00
2010.05.26 04:25:08.873,0.9034,0.90345,4.00,1.00
2010.05.26 04:25:09.024,0.9034,0.90345,4.00,2.70
2010.05.26 04:25:09.623,0.90335,0.9034,4.00,1.60
2010.05.26 04:25:09.960,0.90335,0.90345,4.00,10.80
2010.05.26 04:25:10.243,0.90335,0.90345,4.00,9.60
2010.05.26 04:25:12.803,0.90335,0.9034,4.00,1.00
2010.05.26 04:25:13.752,0.90335,0.90345,5.20,6.00
2010.05.26 04:25:13.976,0.9034,0.9035,4.00,10.50
2010.05.26 04:25:14.191,0.9034,0.90345,4.00,1.60
2010.05.26 04:25:18.251,0.90335,0.90345,17.50,1.60
2010.05.26 04:25:18.411,0.90335,0.9035,17.50,13.20
2010.05.26 04:25:18.612,0.90335,0.9035,17.50,13.40
2010.05.26 04:25:18.811,0.90335,0.9035,17.50,13.20
2010.05.26 04:25:19.012,0.9034,0.9035,4.00,9.40
2010.05.26 04:25:20.030,0.9034,0.9035,4.00,9.20
2010.05.26 04:25:20.824,0.9034,0.9035,4.00,5.60
2010.05.26 04:25:21.012,0.9034,0.9035,4.00,5.70
2010.05.26 04:25:27.470,0.9034,0.9035,4.00,5.60
2010.05.26 04:25:29.060,0.9034,0.9035,4.00,5.70
2010.05.26 04:25:32.231,0.9034,0.9035,4.00,5.60
2010.05.26 04:25:38.068,0.9034,0.9035,4.00,7.40
2010.05.26 04:25:41.244,0.9034,0.9035,4.00,5.60
2010.05.26 04:25:41.872,0.9034,0.9035,4.00,5.70
2010.05.26 04:25:43.015,0.9034,0.9035,4.00,5.60
2010.05.26 04:25:52.402,0.9034,0.9035,4.00,6.00
2010.05.26 04:25:52.743,0.9034,0.9035,4.00,5.60
2010.05.26 04:25:54.151,0.9034,0.9035,4.00,5.70
2010.05.26 04:25:54.271,0.9034,0.9035,4.00,5.60
2010.05.26 04:25:56.531,0.9034,0.9035,4.00,5.70
2010.05.26 04:25:57.281,0.9034,0.9035,4.00,5.60
2010.05.26 04:25:58.202,0.9034,0.9035,4.00,5.70
2010.05.26 04:25:58.442,0.9034,0.9035,4.00,5.60
2010.05.26 04:26:04.081,0.9034,0.9035,4.00,5.70
2010.05.26 04:26:05.741,0.9034,0.9035,4.00,5.60
2010.05.26 04:26:11.651,0.9034,0.9035,5.60,5.60
2010.05.26 04:26:18.932,0.9034,0.9035,1.60,1.60
2010.05.26 04:26:23.585,0.9034,0.90355,1.60,13.00
2010.05.26 04:26:24.611,0.9034,0.90355,1.60,11.40
2010.05.26 04:26:24.855,0.9034,0.90355,5.60,19.40
2010.05.26 04:26:25.081,0.9034,0.9035,5.60,4.00
2010.05.26 04:26:25.610,0.9034,0.9035,4.00,5.60
2010.05.26 04:26:26.172,0.9034,0.9035,4.00,5.70
2010.05.26 04:26:26.876,0.9034,0.9035,4.00,5.60
2010.05.26 04:26:28.320,0.90335,0.9035,9.60,12.90
2010.05.26 04:26:28.946,0.90335,0.9035,9.60,16.90
2010.05.26 04:26:29.953,0.90335,0.90345,4.00,4.00
2010.05.26 04:26:30.294,0.9033,0.90345,17.90,8.00
2010.05.26 04:26:30.594,0.9033,0.90345,17.90,11.20
2010.05.26 04:26:31.027,0.9033,0.90345,19.50,9.60
2010.05.26 04:26:31.339,0.9033,0.9034,8.30,4.00
2010.05.26 04:26:35.239,0.9033,0.9034,7.90,4.00
2010.05.26 04:26:35.536,0.9033,0.90335,4.00,4.10
2010.05.26 04:26:35.836,0.9032,0.9033,9.60,5.60
2010.05.26 04:26:36.134,0.90325,0.90335,4.00,4.50
2010.05.26 04:26:36.840,0.90325,0.90335,4.00,4.00
2010.05.26 04:26:39.871,0.90325,0.90335,4.00,4.10
2010.05.26 04:26:40.117,0.9032,0.9033,8.80,4.00
2010.05.26 04:26:40.375,0.9032,0.9033,8.00,4.00
2010.05.26 04:26:43.863,0.9032,0.9033,8.70,4.00
2010.05.26 04:26:55.084,0.9032,0.9033,9.00,4.00
2010.05.26 04:26:55.748,0.9032,0.9033,9.10,4.00
2010.05.26 04:26:55.964,0.9032,0.9033,8.80,4.00
2010.05.26 04:26:56.252,0.9032,0.9033,9.10,4.00
2010.05.26 04:26:56.821,0.9032,0.9033,8.30,4.00
2010.05.26 04:26:57.113,0.90315,0.9033,24.00,9.60
2010.05.26 04:26:57.281,0.90315,0.9033,23.60,9.60
2010.05.26 04:26:57.454,0.9032,0.9033,6.40,9.60
2010.05.26 04:26:57.621,0.9032,0.9033,8.00,4.00
2010.05.26 04:26:57.947,0.9032,0.9033,8.10,4.00
2010.05.26 04:27:00.764,0.9032,0.9033,8.00,4.00
2010.05.26 04:27:01.590,0.90325,0.9033,4.00,4.00
2010.05.26 04:27:01.843,0.90325,0.9033,6.40,4.00
2010.05.26 04:27:02.226,0.90325,0.9034,10.40,16.20
2010.05.26 04:27:02.368,0.90325,0.9034,16.30,12.80
2010.05.26 04:27:02.715,0.9033,0.9034,4.00,8.80
2010.05.26 04:27:06.445,0.9033,0.9034,4.00,5.60
2010.05.26 04:27:13.741,0.9033,0.9034,4.40,5.60
2010.05.26 04:27:13.961,0.9033,0.9034,4.80,5.60
2010.05.26 04:27:14.183,0.90335,0.9034,1.00,5.60
2010.05.26 04:27:14.413,0.90335,0.9034,5.20,4.00
2010.05.26 04:27:14.759,0.9034,0.90345,4.00,4.00
2010.05.26 04:27:14.997,0.9034,0.9035,4.00,5.60
2010.05.26 04:27:49.175,0.9034,0.90345,4.00,1.70
2010.05.26 04:27:49.300,0.90335,0.90345,4.80,5.60
2010.05.26 04:27:49.411,0.90335,0.90345,5.10,5.60
2010.05.26 04:27:56.942,0.90335,0.90345,4.00,5.60
2010.05.26 04:28:00.410,0.90335,0.90345,4.80,5.60
2010.05.26 04:28:00.562,0.90335,0.90345,9.20,5.60
2010.05.26 04:28:00.641,0.90335,0.90345,11.10,4.00
2010.05.26 04:28:00.724,0.9034,0.9035,4.00,11.20
2010.05.26 04:28:00.802,0.9034,0.9035,4.00,5.60
2010.05.26 04:28:08.491,0.9034,0.90345,4.00,1.00
2010.05.26 04:28:09.348,0.9034,0.9035,4.00,5.60
2010.05.26 04:28:09.696,0.9034,0.9035,4.00,6.00
2010.05.26 04:28:10.367,0.9034,0.90345,4.00,1.60
2010.05.26 04:28:15.032,0.9034,0.90345,4.00,2.00
2010.05.26 04:28:15.183,0.90335,0.90345,4.00,7.20
2010.05.26 04:28:18.179,0.90335,0.90345,4.00,6.80
2010.05.26 04:28:18.332,0.90335,0.90345,4.00,5.60
2010.05.26 04:28:19.622,0.90335,0.90345,4.00,5.60
2010.05.26 04:28:19.895,0.90335,0.90345,4.00,7.40
2010.05.26 04:28:20.162,0.90335,0.90345,4.00,7.20
2010.05.26 04:28:22.591,0.90335,0.90345,4.00,7.40
2010.05.26 04:28:22.811,0.90335,0.90345,4.00,11.40
2010.05.26 04:28:22.922,0.9033,0.90345,17.50,11.40
2010.05.26 04:28:23.337,0.9033,0.90345,17.50,11.20
2010.05.26 04:28:23.785,0.9033,0.90345,7.10,11.20
2010.05.26 04:28:28.440,0.9033,0.90345,11.10,11.20
2010.05.26 04:28:28.631,0.9033,0.90345,17.50,11.20
2010.05.26 04:28:32.249,0.9033,0.90345,17.50,10.80
2010.05.26 04:28:32.481,0.9033,0.90345,17.50,9.60
2010.05.26 04:28:32.931,0.9033,0.90345,17.20,9.60
2010.05.26 04:28:35.241,0.9033,0.90345,17.20,9.60
2010.05.26 04:28:35.433,0.9033,0.9034,8.00,1.60
2010.05.26 04:28:35.622,0.9033,0.9034,5.60,4.00
2010.05.26 04:28:42.249,0.9033,0.9034,5.60,5.60
2010.05.26 04:28:44.711,0.9033,0.9034,6.40,4.00
2010.05.26 04:28:44.932,0.9033,0.9034,6.50,4.00
2010.05.26 04:28:49.461,0.9033,0.9034,6.40,4.00
2010.05.26 04:28:50.262,0.9033,0.9034,6.50,4.00
2010.05.26 04:28:54.423,0.9033,0.9034,8.10,4.00
2010.05.26 04:28:54.811,0.9033,0.9034,6.50,4.00
2010.05.26 04:28:55.011,0.9033,0.9034,8.10,4.00
2010.05.26 04:28:55.211,0.9033,0.9034,6.50,4.00
2010.05.26 04:28:55.461,0.9033,0.9034,6.40,4.00
2010.05.26 04:28:56.092,0.9033,0.9034,7.20,4.00
2010.05.26 04:28:56.212,0.9033,0.9034,5.60,4.00
2010.05.26 04:28:56.481,0.9033,0.9034,7.20,4.00
2010.05.26 04:28:56.710,0.9033,0.9034,5.60,4.00
2010.05.26 04:28:56.820,0.9033,0.9034,7.20,4.00
2010.05.26 04:28:57.151,0.9033,0.9034,5.60,4.00
2010.05.26 04:28:57.731,0.9033,0.9034,7.20,4.00
2010.05.26 04:28:58.121,0.9033,0.9034,5.60,4.00
2010.05.26 04:28:58.322,0.9033,0.9034,7.20,4.00
2010.05.26 04:28:59.301,0.9033,0.9034,5.60,4.00
2010.05.26 04:28:59.501,0.9033,0.9034,7.20,4.00
2010.05.26 04:28:59.600,0.9033,0.9034,5.60,4.00
2010.05.26 04:28:59.800,0.9033,0.9034,7.20,4.00
2010.05.26 04:29:00.000,0.9033,0.9034,5.60,4.00
2010.05.26 04:29:00.323,0.9033,0.9034,7.20,4.00
2010.05.26 04:29:00.482,0.9033,0.9034,5.60,4.00
2010.05.26 04:29:01.285,0.9033,0.9034,7.20,4.00
2010.05.26 04:29:01.762,0.9033,0.9034,5.60,4.00
2010.05.26 04:29:02.592,0.9033,0.9034,7.20,4.00
2010.05.26 04:29:02.871,0.9033,0.9034,5.60,4.00
2010.05.26 04:29:03.151,0.9033,0.9034,7.20,4.00
2010.05.26 04:29:03.341,0.9033,0.9034,5.60,4.00
2010.05.26 04:29:03.711,0.9033,0.9034,7.20,4.00
2010.05.26 04:29:04.080,0.9033,0.9034,5.60,4.00
2010.05.26 04:29:04.380,0.9033,0.9034,7.20,4.00
2010.05.26 04:29:04.501,0.9033,0.9034,8.00,4.00
2010.05.26 04:29:05.687,0.9033,0.9034,7.20,4.00
2010.05.26 04:29:05.772,0.9033,0.9034,5.60,4.00
2010.05.26 04:29:05.861,0.9033,0.9034,7.20,4.00
2010.05.26 04:29:05.952,0.9033,0.9034,6.40,4.00
2010.05.26 04:29:06.050,0.9033,0.9034,8.00,4.00
2010.05.26 04:29:06.911,0.9033,0.9034,6.40,4.00
2010.05.26 04:29:07.989,0.9033,0.9034,8.00,4.00
2010.05.26 04:29:08.036,0.9033,0.9034,6.40,4.00
2010.05.26 04:29:08.140,0.9033,0.9034,8.00,4.00
2010.05.26 04:29:08.360,0.9033,0.9034,6.40,4.00
2010.05.26 04:29:09.540,0.9033,0.9034,6.40,5.60
2010.05.26 04:29:09.862,0.9033,0.9034,6.40,4.00
2010.05.26 04:29:10.505,0.9033,0.9034,6.40,5.60
2010.05.26 04:29:10.670,0.9033,0.9034,6.40,4.00
2010.05.26 04:29:10.833,0.9033,0.9034,6.40,5.60
2010.05.26 04:29:10.993,0.9033,0.9034,6.40,4.00
2010.05.26 04:29:11.151,0.9033,0.9034,6.40,5.60
2010.05.26 04:29:11.312,0.9033,0.9034,6.40,4.00
2010.05.26 04:29:12.138,0.9033,0.9034,6.40,5.60
2010.05.26 04:29:12.822,0.9033,0.9034,6.40,4.00
2010.05.26 04:29:15.040,0.9033,0.9034,6.40,5.60
2010.05.26 04:29:15.212,0.9033,0.9034,6.40,4.00
2010.05.26 04:29:15.341,0.9033,0.9034,6.40,5.60
2010.05.26 04:29:15.472,0.9033,0.9034,6.40,4.00
2010.05.26 04:29:15.600,0.9033,0.9034,6.40,5.60
2010.05.26 04:29:15.841,0.9033,0.9034,6.40,4.00
2010.05.26 04:29:15.961,0.9033,0.9034,6.40,5.60
2010.05.26 04:29:16.081,0.9033,0.9034,6.40,4.00
2010.05.26 04:29:16.212,0.9033,0.9034,6.40,5.60
2010.05.26 04:29:17.182,0.9033,0.9034,4.80,4.00
2010.05.26 04:29:17.271,0.9033,0.9034,4.80,5.60
2010.05.26 04:29:17.622,0.9033,0.9034,4.40,5.60
2010.05.26 04:29:17.710,0.9033,0.9034,4.00,5.60
2010.05.26 04:29:17.921,0.9033,0.9034,4.00,4.00
2010.05.26 04:29:18.012,0.9033,0.9034,4.00,5.60
2010.05.26 04:29:18.765,0.9033,0.9034,4.80,5.60
2010.05.26 04:29:27.333,0.9033,0.9034,4.80,10.00
2010.05.26 04:29:27.886,0.9033,0.90335,4.00,1.00
2010.05.26 04:29:28.040,0.9032,0.9033,5.60,5.60
2010.05.26 04:29:35.653,0.9032,0.9033,10.80,4.00
2010.05.26 04:29:35.782,0.9032,0.9033,17.20,4.00
2010.05.26 04:29:35.912,0.90325,0.90335,4.00,6.40
2010.05.26 04:29:36.044,0.90325,0.90335,4.00,6.00
2010.05.26 04:29:40.546,0.90325,0.90335,4.00,4.00
2010.05.26 04:29:41.014,0.90325,0.90335,4.00,5.70
2010.05.26 04:29:41.353,0.90325,0.90335,4.00,6.20
2010.05.26 04:29:41.919,0.90325,0.90335,4.00,6.00
2010.05.26 04:29:42.098,0.90325,0.90335,4.00,6.20
2010.05.26 04:29:42.276,0.90325,0.90335,4.00,7.40
2010.05.26 04:29:42.456,0.90325,0.90335,4.00,5.60
2010.05.26 04:29:51.820,0.90325,0.90335,4.00,7.30
2010.05.26 04:29:51.942,0.90325,0.9033,4.00,1.60
2010.05.26 04:29:52.071,0.9032,0.9033,8.70,5.60
2010.05.26 04:29:52.424,0.9032,0.9033,7.60,5.60
2010.05.26 04:29:52.556,0.9032,0.9033,5.60,4.00
2010.05.26 04:29:54.162,0.9032,0.9033,5.60,5.60
2010.05.26 04:29:55.245,0.9032,0.9033,5.60,4.00
2010.05.26 04:29:55.501,0.9032,0.9033,5.60,5.60
2010.05.26 04:29:55.811,0.9032,0.9033,5.60,4.00
2010.05.26 04:29:55.920,0.9032,0.9033,5.60,5.60
2010.05.26 04:29:56.221,0.9032,0.9033,5.60,4.00
2010.05.26 04:29:56.330,0.9032,0.9033,5.60,5.60
2010.05.26 04:29:56.731,0.9032,0.9033,5.60,4.00
2010.05.26 04:29:58.341,0.9032,0.9033,5.60,5.60
2010.05.26 04:29:58.412,0.9032,0.9033,5.60,4.00
2010.05.26 04:29:58.722,0.9032,0.9033,5.60,5.60
2010.05.26 04:29:58.992,0.9032,0.9033,5.60,4.00
2010.05.26 04:29:59.261,0.9032,0.9033,5.60,5.60
2010.05.26 04:29:59.531,0.9032,0.9033,5.60,4.00
2010.05.26 04:30:00.878,0.9032,0.9033,7.20,4.00
2010.05.26 04:30:04.610,0.9032,0.9033,5.60,4.00
2010.05.26 04:30:07.177,0.9032,0.9033,5.60,5.60
2010.05.26 04:30:09.598,0.9032,0.9033,4.00,5.60
2010.05.26 04:30:09.843,0.9032,0.9033,4.00,6.20
2010.05.26 04:30:10.116,0.9032,0.9033,4.00,5.60
2010.05.26 04:30:12.004,0.9032,0.9033,4.50,5.60
2010.05.26 04:30:12.611,0.9032,0.9033,4.50,8.80
2010.05.26 04:30:12.891,0.90315,0.9033,19.50,8.80
2010.05.26 04:30:12.911,0.90315,0.9033,19.50,12.80
2010.05.26 04:30:13.332,0.90315,0.9033,21.10,11.20
2010.05.26 04:30:13.593,0.9032,0.9033,4.00,5.60
2010.05.26 04:30:15.502,0.9032,0.9033,5.60,4.00
2010.05.26 04:30:15.721,0.9032,0.9033,4.00,4.00
2010.05.26 04:30:19.413,0.9032,0.9033,5.60,4.00
2010.05.26 04:30:19.982,0.9032,0.9033,7.20,4.00
2010.05.26 04:30:21.023,0.9032,0.9033,8.00,4.00
2010.05.26 04:30:21.225,0.90325,0.90335,4.00,6.20
2010.05.26 04:30:21.766,0.90325,0.90335,4.00,4.40
2010.05.26 04:30:21.972,0.90325,0.90335,4.00,4.00
2010.05.26 04:30:25.771,0.90325,0.90335,5.60,4.00
2010.05.26 04:30:27.640,0.90325,0.90335,4.00,4.00
2010.05.26 04:30:28.788,0.90325,0.90335,4.00,5.60
2010.05.26 04:30:34.072,0.90325,0.90335,4.00,10.10
2010.05.26 04:30:34.385,0.9032,0.9033,6.00,5.60
2010.05.26 04:30:34.531,0.9032,0.9033,5.60,5.60
2010.05.26 04:30:47.733,0.9032,0.9033,5.80,5.60
2010.05.26 04:30:51.793,0.9032,0.9033,5.80,4.00
2010.05.26 04:30:55.402,0.9032,0.9033,4.20,4.00
2010.05.26 04:30:55.572,0.9032,0.9033,4.20,5.60
2010.05.26 04:30:58.857,0.9032,0.9033,10.90,5.60
2010.05.26 04:30:59.073,0.9032,0.9033,4.20,5.60
2010.05.26 04:31:01.803,0.9032,0.9033,4.20,4.00
2010.05.26 04:31:08.169,0.9032,0.9033,4.20,5.60
2010.05.26 04:31:12.558,0.9032,0.9033,4.20,6.00
2010.05.26 04:31:12.761,0.9032,0.9033,4.20,6.20
2010.05.26 04:31:13.492,0.9032,0.9033,4.20,5.60
2010.05.26 04:31:21.031,0.9032,0.9033,4.20,5.70
2010.05.26 04:31:21.353,0.9032,0.9033,4.20,5.60
2010.05.26 04:31:21.633,0.9032,0.9033,4.20,5.70
2010.05.26 04:31:26.412,0.9032,0.9033,4.20,5.60
2010.05.26 04:31:26.572,0.9032,0.9033,4.20,5.70
2010.05.26 04:31:27.233,0.9032,0.9033,4.00,5.70
2010.05.26 04:31:27.301,0.9032,0.9033,4.00,5.60
2010.05.26 04:31:43.163,0.9032,0.9033,4.00,5.70
2010.05.26 04:31:43.373,0.90315,0.90325,14.90,4.00
2010.05.26 04:31:43.582,0.90315,0.90325,8.40,4.00
2010.05.26 04:31:44.003,0.90315,0.90325,5.60,4.00
2010.05.26 04:31:44.820,0.90315,0.90325,5.60,4.40
2010.05.26 04:31:45.001,0.90315,0.90325,5.60,4.00
2010.05.26 04:31:45.103,0.90315,0.90325,4.00,4.00
2010.05.26 04:31:46.558,0.90315,0.90325,4.00,6.20
2010.05.26 04:31:47.248,0.90315,0.90325,4.00,5.60
2010.05.26 04:31:49.862,0.90315,0.90325,4.00,5.70
2010.05.26 04:31:50.034,0.90315,0.90325,4.00,7.40
2010.05.26 04:31:51.693,0.90315,0.9032,4.00,1.00
2010.05.26 04:31:51.856,0.9031,0.9032,6.40,1.80
2010.05.26 04:31:52.264,0.9031,0.9032,6.40,2.80
2010.05.26 04:31:52.374,0.9031,0.9032,4.00,1.60
2010.05.26 04:31:53.412,0.9031,0.9032,4.00,1.70
2010.05.26 04:31:54.007,0.9031,0.9032,4.00,3.40
2010.05.26 04:31:54.366,0.90305,0.90315,4.00,5.60
2010.05.26 04:31:55.015,0.903,0.90315,15.10,9.60
2010.05.26 04:31:55.320,0.903,0.90315,6.40,9.60
2010.05.26 04:31:56.006,0.903,0.9031,2.00,9.60
2010.05.26 04:31:56.625,0.903,0.90315,10.10,10.30
2010.05.26 04:31:56.848,0.903,0.90315,9.10,10.00
2010.05.26 04:31:58.068,0.903,0.90315,8.30,10.00
2010.05.26 04:31:59.002,0.903,0.90315,9.60,8.40
2010.05.26 04:31:59.256,0.90305,0.90315,4.80,6.60
2010.05.26 04:31:59.516,0.903,0.9031,1.60,9.60
2010.05.26 04:32:00.818,0.903,0.9031,5.60,1.60
2010.05.26 04:32:01.374,0.90305,0.90315,4.00,9.30
2010.05.26 04:32:01.484,0.90305,0.90315,8.00,2.40
2010.05.26 04:32:01.592,0.90305,0.90315,8.00,2.00
2010.05.26 04:32:04.600,0.903,0.9031,5.60,1.60
2010.05.26 04:32:06.824,0.903,0.90315,5.60,19.30
2010.05.26 04:32:09.780,0.903,0.9031,5.60,1.60
2010.05.26 04:32:11.734,0.903,0.90315,5.60,19.30
2010.05.26 04:32:12.057,0.903,0.9031,5.60,1.60
2010.05.26 04:32:15.339,0.903,0.90315,5.60,20.90
2010.05.26 04:32:15.563,0.903,0.9031,5.60,1.60
2010.05.26 04:32:18.932,0.903,0.9031,4.00,4.80
2010.05.26 04:32:19.113,0.903,0.9031,4.00,9.20
2010.05.26 04:32:19.665,0.90295,0.90305,12.80,1.60
2010.05.26 04:32:20.023,0.903,0.9031,4.00,5.60
2010.05.26 04:32:20.256,0.903,0.90305,4.00,1.60
2010.05.26 04:32:22.959,0.903,0.90305,4.00,1.70
2010.05.26 04:32:26.330,0.90295,0.90305,4.00,6.60
2010.05.26 04:32:26.879,0.90295,0.903,4.00,1.00
2010.05.26 04:32:27.225,0.90295,0.90305,4.00,7.00
2010.05.26 04:32:27.828,0.90295,0.90305,4.00,6.40
2010.05.26 04:32:28.317,0.90295,0.90305,4.00,6.30
2010.05.26 04:32:28.883,0.903,0.90305,4.00,1.00
2010.05.26 04:32:29.226,0.903,0.9031,4.00,5.70
2010.05.26 04:32:30.413,0.903,0.9031,4.00,5.60
2010.05.26 04:32:30.872,0.903,0.9031,4.00,5.70
2010.05.26 04:32:31.894,0.90295,0.90305,4.00,5.60
2010.05.26 04:32:35.071,0.90295,0.90305,4.00,6.20
2010.05.26 04:32:35.234,0.90295,0.90305,4.00,7.90
2010.05.26 04:32:35.734,0.90295,0.90305,4.00,7.80
2010.05.26 04:32:38.579,0.90295,0.90305,4.00,8.00
2010.05.26 04:32:39.675,0.90295,0.90305,4.00,8.20
2010.05.26 04:32:46.821,0.90295,0.90305,4.00,8.00
2010.05.26 04:32:47.092,0.90295,0.90305,4.00,8.20
2010.05.26 04:32:48.083,0.90295,0.90305,4.00,8.00
2010.05.26 04:32:48.142,0.90295,0.90305,4.00,8.20
2010.05.26 04:32:48.442,0.90295,0.90305,4.00,7.80
2010.05.26 04:32:48.613,0.90295,0.90305,4.00,7.60
2010.05.26 04:32:50.832,0.9029,0.90305,10.80,7.60
2010.05.26 04:32:50.992,0.9029,0.90305,10.80,11.60
2010.05.26 04:32:51.524,0.90295,0.90305,4.00,11.60
2010.05.26 04:32:51.682,0.90295,0.90305,4.00,7.60
2010.05.26 04:32:57.713,0.90295,0.90305,4.00,7.80
2010.05.26 04:32:59.542,0.90295,0.90305,4.00,7.20
2010.05.26 04:32:59.876,0.9031,0.90315,4.00,2.00
2010.05.26 04:32:59.993,0.90305,0.90315,4.00,6.10
2010.05.26 04:33:00.112,0.90305,0.90315,4.00,6.20
2010.05.26 04:33:02.005,0.90305,0.90315,4.00,7.40
2010.05.26 04:33:02.529,0.90305,0.90315,4.00,6.20
2010.05.26 04:33:05.001,0.90305,0.90315,4.00,9.40
2010.05.26 04:33:06.365,0.90305,0.90315,4.00,9.20
2010.05.26 04:33:06.531,0.90305,0.90315,4.00,8.80
2010.05.26 04:33:20.384,0.903,0.90305,8.40,6.00
2010.05.26 04:33:20.575,0.90295,0.90305,4.40,6.30
2010.05.26 04:33:20.769,0.90295,0.903,1.00,4.00
2010.05.26 04:33:20.993,0.9029,0.903,6.00,4.00
2010.05.26 04:33:21.224,0.9029,0.903,5.60,5.60
2010.05.26 04:33:22.200,0.90295,0.903,4.00,1.60
2010.05.26 04:33:22.354,0.90295,0.90305,4.00,5.60
2010.05.26 04:33:23.112,0.90295,0.90305,7.20,5.60
2010.05.26 04:33:30.702,0.90295,0.90305,4.00,5.60
2010.05.26 04:33:53.777,0.90295,0.90305,4.00,4.00
2010.05.26 04:33:54.038,0.90295,0.90305,4.00,5.60
2010.05.26 04:33:54.563,0.90295,0.90305,4.00,5.70
2010.05.26 04:33:54.919,0.90285,0.90295,8.30,5.60
2010.05.26 04:33:55.272,0.90285,0.90295,5.60,5.60
2010.05.26 04:33:56.817,0.90285,0.90295,5.60,4.00
2010.05.26 04:33:59.741,0.90285,0.90295,1.60,8.00
2010.05.26 04:34:04.833,0.90285,0.90295,5.60,4.00
2010.05.26 04:34:06.058,0.9028,0.90295,15.60,9.60
2010.05.26 04:34:06.307,0.9028,0.90295,14.00,9.70
2010.05.26 04:34:06.558,0.90275,0.90285,1.00,15.40
2010.05.26 04:34:06.806,0.90275,0.9028,1.00,8.00
2010.05.26 04:34:07.053,0.90265,0.9028,18.40,8.00
2010.05.26 04:34:07.273,0.90265,0.9028,18.00,8.00
2010.05.26 04:34:07.493,0.90265,0.9028,17.70,8.00
2010.05.26 04:34:08.012,0.9027,0.9028,4.00,4.00
2010.05.26 04:34:08.442,0.9027,0.9028,4.10,4.00
2010.05.26 04:34:08.623,0.9027,0.9028,5.70,4.00
2010.05.26 04:34:08.683,0.9027,0.9028,13.70,4.00
2010.05.26 04:34:08.742,0.90275,0.90285,4.00,4.40
2010.05.26 04:34:08.862,0.90275,0.90285,4.00,4.00
2010.05.26 04:34:12.044,0.90275,0.90285,4.00,15.60
2010.05.26 04:34:12.384,0.90275,0.9028,4.00,4.40
2010.05.26 04:34:12.550,0.9027,0.9028,8.00,4.00
2010.05.26 04:34:12.710,0.90275,0.90285,4.00,9.20
2010.05.26 04:34:19.022,0.90275,0.90285,4.00,7.60
2010.05.26 04:34:19.132,0.90275,0.90285,4.00,7.20
2010.05.26 04:34:25.986,0.90275,0.90285,8.00,3.20
2010.05.26 04:34:26.273,0.90275,0.90285,4.00,3.20
2010.05.26 04:34:26.422,0.90275,0.90285,4.00,7.20
2010.05.26 04:34:27.455,0.9028,0.9029,4.00,7.60
2010.05.26 04:34:27.851,0.9028,0.9029,4.00,5.60
2010.05.26 04:34:38.152,0.9027,0.9028,5.60,4.00
2010.05.26 04:34:39.475,0.9027,0.9028,8.10,4.00
2010.05.26 04:34:39.819,0.90275,0.90285,4.00,4.00
2010.05.26 04:34:40.743,0.90275,0.90285,4.00,7.20
2010.05.26 04:34:41.370,0.9027,0.9028,6.80,4.00
2010.05.26 04:34:41.621,0.9027,0.9028,4.00,4.00
2010.05.26 04:34:42.788,0.9027,0.9028,4.00,6.40
2010.05.26 04:34:43.126,0.90265,0.90275,11.80,4.00
2010.05.26 04:34:45.566,0.9027,0.9028,4.00,10.40
2010.05.26 04:34:45.632,0.9027,0.9028,4.00,6.40
2010.05.26 04:34:45.710,0.9027,0.9028,4.00,4.00
2010.05.26 04:34:45.874,0.9027,0.9028,4.00,6.40
2010.05.26 04:34:45.941,0.90265,0.90275,11.80,4.00
2010.05.26 04:34:46.082,0.9027,0.9028,4.00,4.00
2010.05.26 04:34:46.338,0.90265,0.90275,18.20,4.00
2010.05.26 04:34:46.412,0.90265,0.90275,14.20,4.00
2010.05.26 04:34:46.755,0.9027,0.9028,4.00,4.00
2010.05.26 04:34:47.471,0.90265,0.90275,14.20,4.00
2010.05.26 04:34:50.543,0.90265,0.90275,11.80,4.00
2010.05.26 04:34:51.723,0.9027,0.9028,4.00,8.00
2010.05.26 04:34:51.963,0.90265,0.90275,14.20,4.00
2010.05.26 04:34:52.676,0.90265,0.90275,11.80,4.00
2010.05.26 04:34:52.793,0.9027,0.9028,4.00,8.00
2010.05.26 04:34:52.914,0.9027,0.9028,4.00,6.40
2010.05.26 04:34:53.145,0.9027,0.9028,4.00,4.00
2010.05.26 04:34:55.135,0.9027,0.90285,4.00,16.30
2010.05.26 04:34:55.268,0.90275,0.90285,4.00,9.20
2010.05.26 04:34:55.393,0.9027,0.90285,10.80,9.20
2010.05.26 04:34:55.524,0.9027,0.9028,4.40,4.00
2010.05.26 04:34:57.435,0.9028,0.90285,4.00,6.30
2010.05.26 04:34:57.564,0.9027,0.9028,4.00,10.00
2010.05.26 04:34:57.695,0.9027,0.90275,1.00,4.80
2010.05.26 04:34:57.823,0.9027,0.90275,1.00,5.30
2010.05.26 04:34:58.065,0.90265,0.90275,4.00,9.70
2010.05.26 04:34:58.304,0.90265,0.90275,4.00,10.50
2010.05.26 04:34:58.543,0.90265,0.90275,4.00,11.00
2010.05.26 04:34:58.784,0.90265,0.9027,4.00,1.00
2010.05.26 04:34:59.264,0.9026,0.9027,4.00,4.80
2010.05.26 04:34:59.498,0.9026,0.9027,4.00,1.20
2010.05.26 04:35:01.297,0.90265,0.90275,4.00,7.20
2010.05.26 04:35:01.618,0.90265,0.90275,4.00,8.60
2010.05.26 04:35:01.777,0.90265,0.90275,4.00,6.50
2010.05.26 04:35:01.934,0.90265,0.90275,4.00,6.40
2010.05.26 04:35:02.634,0.90265,0.90275,4.00,4.80
2010.05.26 04:35:03.648,0.90265,0.9027,4.00,4.00
2010.05.26 04:35:04.303,0.90265,0.90275,4.00,6.80
2010.05.26 04:35:04.640,0.90265,0.90275,4.00,6.40
2010.05.26 04:35:05.354,0.90265,0.90275,4.00,4.80
2010.05.26 04:35:07.454,0.90265,0.90275,4.00,9.20
2010.05.26 04:35:07.625,0.9026,0.9027,10.40,1.60
2010.05.26 04:35:08.151,0.9026,0.9027,8.00,5.60
2010.05.26 04:35:08.321,0.90265,0.9027,4.00,1.60
2010.05.26 04:35:08.655,0.90265,0.90275,4.00,6.50
2010.05.26 04:35:08.994,0.90265,0.90275,4.00,6.40
2010.05.26 04:35:09.659,0.90265,0.90275,4.00,6.50
2010.05.26 04:35:09.907,0.90265,0.90275,4.00,6.40
2010.05.26 04:35:12.472,0.90265,0.90275,4.40,6.40
2010.05.26 04:35:12.634,0.9027,0.90275,4.00,2.40
2010.05.26 04:35:12.794,0.9027,0.90275,4.00,1.60
2010.05.26 04:35:14.569,0.9027,0.9028,4.00,8.80
2010.05.26 04:35:14.805,0.9027,0.9028,4.00,8.90
2010.05.26 04:35:15.048,0.9026,0.9027,6.00,5.60
2010.05.26 04:35:15.347,0.90265,0.9027,4.00,1.60
2010.05.26 04:35:15.646,0.90265,0.90275,4.00,6.80
2010.05.26 04:35:15.933,0.90265,0.90275,4.00,6.40
2010.05.26 04:35:24.394,0.90265,0.90275,4.00,5.60
2010.05.26 04:35:32.094,0.90265,0.9027,4.00,1.60
2010.05.26 04:35:32.325,0.9026,0.9027,4.00,5.60
2010.05.26 04:35:32.554,0.9026,0.9027,4.00,4.00
2010.05.26 04:35:32.884,0.9026,0.9027,8.00,4.00
2010.05.26 04:35:33.068,0.90265,0.90275,4.00,6.40
2010.05.26 04:35:36.794,0.90265,0.90275,4.00,10.40
2010.05.26 04:35:40.962,0.9026,0.90275,12.40,14.40
2010.05.26 04:35:45.212,0.9026,0.90275,12.40,13.60
2010.05.26 04:35:49.035,0.9026,0.9027,8.40,4.00
2010.05.26 04:35:49.225,0.9026,0.9027,2.00,10.40
2010.05.26 04:35:49.414,0.9026,0.9027,10.00,4.00
2010.05.26 04:35:49.604,0.9026,0.90275,12.40,13.60
2010.05.26 04:35:50.087,0.9026,0.90275,12.40,13.70
2010.05.26 04:35:50.443,0.9026,0.90275,8.40,17.70
2010.05.26 04:35:51.059,0.9026,0.90275,8.40,19.20
2010.05.26 04:35:51.616,0.9026,0.9027,8.40,1.60
2010.05.26 04:35:51.888,0.9026,0.90275,8.40,17.70
2010.05.26 04:35:54.161,0.9026,0.9027,8.00,9.60
2010.05.26 04:35:54.367,0.90265,0.9027,4.00,5.60
2010.05.26 04:35:54.576,0.90265,0.90275,4.00,10.00
2010.05.26 04:35:54.785,0.9026,0.90275,14.80,14.00
2010.05.26 04:35:54.996,0.9026,0.90275,14.80,13.60
2010.05.26 04:35:57.882,0.9026,0.90275,20.50,8.00
2010.05.26 04:35:57.973,0.9027,0.9028,4.00,16.00
2010.05.26 04:35:58.063,0.9027,0.9028,4.00,12.80
2010.05.26 04:35:58.152,0.9027,0.9028,4.00,12.40
2010.05.26 04:35:58.243,0.9027,0.9028,4.00,9.60
2010.05.26 04:35:59.044,0.9027,0.9028,4.00,9.70
2010.05.26 04:36:00.382,0.9027,0.9028,4.00,9.60
2010.05.26 04:36:02.962,0.9027,0.9028,6.40,8.00
2010.05.26 04:36:03.158,0.9027,0.9028,4.00,9.60
2010.05.26 04:36:06.492,0.90265,0.9028,18.00,9.60
2010.05.26 04:36:06.693,0.90265,0.9028,18.00,13.60
2010.05.26 04:36:06.894,0.90265,0.90275,14.80,4.80
2010.05.26 04:36:07.347,0.9026,0.90275,15.60,12.80
2010.05.26 04:36:07.610,0.9026,0.90275,14.80,14.50
2010.05.26 04:36:07.865,0.90265,0.90275,1.00,14.40
2010.05.26 04:36:08.713,0.9026,0.90275,14.40,14.40
2010.05.26 04:36:11.894,0.9026,0.90275,12.80,14.50
2010.05.26 04:36:12.235,0.9026,0.90275,12.80,14.80
2010.05.26 04:36:13.373,0.9026,0.9027,12.80,1.00
2010.05.26 04:36:13.532,0.9026,0.9027,12.80,1.00
2010.05.26 04:36:14.034,0.9026,0.90275,12.80,15.20
2010.05.26 04:36:16.992,0.9026,0.90275,10.40,17.60
2010.05.26 04:36:17.232,0.9026,0.9027,6.40,4.00
2010.05.26 04:36:19.827,0.9026,0.9027,2.40,8.00
2010.05.26 04:36:20.422,0.9026,0.90275,11.20,16.80
2010.05.26 04:36:22.732,0.9026,0.90275,11.20,16.70
2010.05.26 04:36:24.413,0.9026,0.9027,7.20,8.00
2010.05.26 04:36:24.615,0.9026,0.9027,2.40,13.60
2010.05.26 04:36:26.005,0.9026,0.90275,10.80,17.30
2010.05.26 04:36:26.149,0.9026,0.90275,11.20,16.70
2010.05.26 04:36:26.295,0.9026,0.90275,11.20,16.60
2010.05.26 04:36:30.986,0.9026,0.90275,7.20,16.70
2010.05.26 04:36:31.226,0.9026,0.9027,7.20,4.00
2010.05.26 04:36:31.462,0.9026,0.9027,4.80,4.00
2010.05.26 04:36:33.703,0.9026,0.9027,7.20,4.00
2010.05.26 04:36:34.407,0.9026,0.90275,11.20,16.10
2010.05.26 04:36:35.648,0.9026,0.90275,11.20,16.00
2010.05.26 04:36:41.291,0.90255,0.9027,19.10,13.60
2010.05.26 04:36:43.325,0.90255,0.9027,19.10,12.00
2010.05.26 04:36:45.296,0.9026,0.9027,2.00,8.00
2010.05.26 04:36:45.485,0.9026,0.90275,12.80,14.40
2010.05.26 04:36:47.023,0.90265,0.90275,1.00,14.40
2010.05.26 04:36:47.225,0.90265,0.9028,14.40,17.60
2010.05.26 04:36:47.424,0.90265,0.9028,14.40,16.00
2010.05.26 04:36:49.762,0.90265,0.90275,11.20,1.60
2010.05.26 04:36:49.924,0.90265,0.90275,2.80,13.60
2010.05.26 04:36:50.083,0.9026,0.90275,17.50,13.60
2010.05.26 04:36:50.522,0.9026,0.90275,17.50,14.40
2010.05.26 04:36:51.946,0.9026,0.90275,15.90,14.40
2010.05.26 04:36:55.834,0.9026,0.90275,17.50,14.40
2010.05.26 04:36:58.083,0.90265,0.90275,3.20,12.80
2010.05.26 04:36:58.276,0.90265,0.9028,14.40,16.00
2010.05.26 04:36:58.464,0.90265,0.9028,16.00,16.00
2010.05.26 04:37:00.032,0.90265,0.9028,18.10,12.00
2010.05.26 04:37:00.209,0.90265,0.9028,18.10,13.60
2010.05.26 04:37:00.383,0.90265,0.9028,18.00,13.60
2010.05.26 04:37:01.378,0.90265,0.9028,18.30,14.30
2010.05.26 04:37:01.726,0.90265,0.9028,18.30,13.60
2010.05.26 04:37:05.753,0.9027,0.9028,1.00,9.60
2010.05.26 04:37:05.892,0.9027,0.9028,3.20,8.00
2010.05.26 04:37:06.034,0.9027,0.90285,12.80,15.20
2010.05.26 04:37:07.224,0.9027,0.90285,13.50,13.60
2010.05.26 04:37:07.782,0.9027,0.90285,13.90,13.60
2010.05.26 04:37:08.181,0.9027,0.90285,13.60,13.60
2010.05.26 04:37:09.805,0.9027,0.90285,15.20,13.60
2010.05.26 04:37:12.272,0.9027,0.90285,16.80,12.00
2010.05.26 04:37:13.461,0.9027,0.90285,15.20,13.60
2010.05.26 04:37:13.563,0.9027,0.90285,13.60,13.60
2010.05.26 04:37:13.763,0.9027,0.90285,13.20,14.00
2010.05.26 04:37:13.964,0.9027,0.90285,12.80,14.00
2010.05.26 04:37:14.360,0.9027,0.90285,12.80,15.60
2010.05.26 04:37:14.994,0.9027,0.90285,12.80,16.40
2010.05.26 04:37:17.837,0.9027,0.90285,12.80,17.10
2010.05.26 04:37:18.693,0.9027,0.90285,12.80,18.70
2010.05.26 04:37:18.861,0.9027,0.90285,11.20,18.70
2010.05.26 04:37:20.452,0.9027,0.90285,11.20,18.20
2010.05.26 04:37:24.867,0.9027,0.9028,2.80,13.60
2010.05.26 04:37:25.035,0.90265,0.9028,16.70,13.60
2010.05.26 04:37:25.695,0.90265,0.9028,15.10,16.80
2010.05.26 04:37:31.373,0.90265,0.9028,14.40,16.80
2010.05.26 04:37:36.643,0.90265,0.9028,17.60,16.80
2010.05.26 04:37:40.276,0.9027,0.9028,8.80,3.20
2010.05.26 04:37:40.524,0.90275,0.90285,8.00,4.80
2010.05.26 04:37:49.873,0.90275,0.90285,8.00,3.20
2010.05.26 04:37:53.413,0.90275,0.90285,4.00,1.00
2010.05.26 04:37:53.535,0.90275,0.9029,4.00,4.80
2010.05.26 04:37:53.665,0.90275,0.9029,4.00,3.20
2010.05.26 04:37:53.954,0.90275,0.9029,7.20,3.20
2010.05.26 04:37:54.297,0.90275,0.9029,15.20,12.80
2010.05.26 04:37:54.635,0.90275,0.90285,4.00,8.00
2010.05.26 04:37:54.994,0.90275,0.90285,2.40,8.00
2010.05.26 04:37:55.222,0.9027,0.90285,15.10,9.60
2010.05.26 04:37:55.666,0.9027,0.90285,17.50,9.60
2010.05.26 04:37:56.560,0.9027,0.90285,16.70,9.60
2010.05.26 04:37:57.194,0.9027,0.90285,16.70,11.20
2010.05.26 04:37:57.514,0.9027,0.90285,16.80,11.20
2010.05.26 04:37:57.804,0.9027,0.90285,15.10,11.20
2010.05.26 04:37:58.410,0.90275,0.90285,4.00,9.60
2010.05.26 04:37:58.700,0.90275,0.90285,14.30,1.60
2010.05.26 04:37:58.853,0.90275,0.9029,18.30,14.00
2010.05.26 04:37:59.003,0.90275,0.9029,18.30,13.20
2010.05.26 04:37:59.303,0.90275,0.9029,18.30,11.60
2010.05.26 04:38:00.053,0.90275,0.9029,19.10,11.60
2010.05.26 04:38:01.123,0.90275,0.9029,15.50,16.00
2010.05.26 04:38:01.477,0.90275,0.90285,11.50,4.00
2010.05.26 04:38:01.676,0.9027,0.90285,16.10,10.00
2010.05.26 04:38:01.868,0.9027,0.90285,16.00,10.00
2010.05.26 04:38:02.057,0.9027,0.90285,16.00,11.60
2010.05.26 04:38:02.585,0.9027,0.90285,16.00,11.20
2010.05.26 04:38:07.595,0.9027,0.90285,16.80,11.20
2010.05.26 04:38:07.794,0.9027,0.90285,16.30,11.20
2010.05.26 04:38:08.341,0.9027,0.90285,16.70,11.20
2010.05.26 04:38:09.223,0.9027,0.90285,16.80,11.20
2010.05.26 04:38:10.314,0.9027,0.90285,16.70,11.20
2010.05.26 04:38:12.315,0.90275,0.90285,1.00,11.20
2010.05.26 04:38:12.525,0.90275,0.90285,2.40,3.60
2010.05.26 04:38:12.736,0.9027,0.90285,3.30,20.50
2010.05.26 04:38:13.267,0.90275,0.90285,10.40,3.60
2010.05.26 04:38:13.611,0.90275,0.90285,3.20,11.20
2010.05.26 04:38:14.320,0.9027,0.90285,15.10,12.00
2010.05.26 04:38:15.390,0.9027,0.90285,15.10,13.60
2010.05.26 04:38:15.977,0.9027,0.90285,15.10,17.60
2010.05.26 04:38:16.268,0.9027,0.9028,1.60,9.60
2010.05.26 04:38:16.565,0.9027,0.9028,1.60,11.20
2010.05.26 04:38:19.383,0.9027,0.9028,1.60,12.00
2010.05.26 04:38:19.724,0.90265,0.9028,16.80,12.00
2010.05.26 04:38:19.965,0.9027,0.9028,1.60,11.20
2010.05.26 04:38:21.363,0.9027,0.9028,4.80,9.60
2010.05.26 04:38:21.499,0.9027,0.9028,16.00,1.60
2010.05.26 04:38:21.623,0.9027,0.90285,16.10,12.00
2010.05.26 04:38:21.755,0.9027,0.90285,16.90,11.20
2010.05.26 04:38:21.884,0.9027,0.90285,17.60,11.20
2010.05.26 04:38:22.177,0.9027,0.90285,16.80,11.20
2010.05.26 04:38:22.700,0.90275,0.90285,1.60,9.60
2010.05.26 04:38:23.001,0.90275,0.90285,16.00,1.60
2010.05.26 04:38:23.249,0.90275,0.9029,18.30,12.00
2010.05.26 04:38:23.786,0.90275,0.9029,17.70,11.20
2010.05.26 04:38:24.030,0.9029,0.903,1.60,15.20
2010.05.26 04:38:24.378,0.9029,0.903,4.00,8.80
2010.05.26 04:38:25.115,0.9029,0.90305,14.40,13.50
2010.05.26 04:38:27.123,0.9029,0.90305,18.40,13.50
2010.05.26 04:38:27.904,0.9029,0.90305,18.40,13.10
2010.05.26 04:38:28.303,0.9029,0.90305,19.00,12.80
2010.05.26 04:38:28.556,0.9029,0.90305,19.20,12.80
2010.05.26 04:38:29.054,0.9029,0.90305,19.90,12.80
2010.05.26 04:38:29.303,0.90295,0.90305,3.20,12.80
2010.05.26 04:38:29.573,0.90295,0.90305,3.20,11.20
2010.05.26 04:38:31.203,0.90295,0.90305,3.20,12.80
2010.05.26 04:38:32.702,0.90295,0.90305,3.20,11.20
2010.05.26 04:38:38.733,0.90295,0.90305,3.20,12.80
2010.05.26 04:38:38.872,0.90295,0.90305,3.20,11.20
2010.05.26 04:38:40.512,0.90295,0.90305,3.20,12.80
2010.05.26 04:38:48.796,0.9029,0.90305,19.80,12.80
2010.05.26 04:38:54.053,0.9029,0.90305,20.20,12.80
2010.05.26 04:38:54.212,0.9029,0.90305,19.40,12.80
2010.05.26 04:38:58.953,0.9029,0.90305,19.00,12.80
2010.05.26 04:39:00.873,0.9029,0.90305,19.00,11.20
2010.05.26 04:39:01.429,0.9029,0.903,7.20,8.80
2010.05.26 04:39:01.775,0.9029,0.903,3.20,11.20
2010.05.26 04:39:03.524,0.9029,0.903,1.60,11.20
2010.05.26 04:39:03.765,0.9029,0.903,1.60,15.20
2010.05.26 04:39:04.067,0.90285,0.90295,16.00,4.00
2010.05.26 04:39:04.661,0.9029,0.903,1.60,12.00
2010.05.26 04:39:04.839,0.9029,0.903,3.20,8.00
2010.05.26 04:39:05.014,0.9029,0.903,4.80,8.00
2010.05.26 04:39:09.733,0.90295,0.90305,1.60,11.80
2010.05.26 04:39:10.077,0.90295,0.90305,3.20,9.70
2010.05.26 04:39:13.821,0.90295,0.90305,3.20,9.60
2010.05.26 04:39:15.722,0.90295,0.90305,4.80,9.60
2010.05.26 04:39:17.874,0.90295,0.90305,4.80,8.00
2010.05.26 04:39:21.234,0.903,0.9031,1.60,11.20
2010.05.26 04:39:22.245,0.903,0.90305,1.60,4.00
2010.05.26 04:39:22.485,0.903,0.9031,3.20,11.60
2010.05.26 04:39:22.723,0.903,0.9031,1.60,11.60
2010.05.26 04:39:22.943,0.903,0.9031,1.60,11.20
2010.05.26 04:39:25.353,0.903,0.9031,1.60,15.60
2010.05.26 04:39:25.938,0.9029,0.903,13.10,4.00
2010.05.26 04:39:26.019,0.90295,0.903,1.60,8.00
2010.05.26 04:39:29.585,0.90295,0.903,1.60,4.00
2010.05.26 04:39:30.677,0.9029,0.903,8.80,4.00
2010.05.26 04:39:30.829,0.9029,0.903,4.80,8.00
2010.05.26 04:39:33.554,0.9029,0.903,8.80,4.00
2010.05.26 04:39:34.134,0.90295,0.903,1.60,8.00
2010.05.26 04:39:34.361,0.9029,0.903,4.80,8.00
2010.05.26 04:39:35.387,0.9029,0.903,3.20,11.20
2010.05.26 04:39:35.737,0.9029,0.903,8.80,4.00
2010.05.26 04:39:36.421,0.9029,0.903,4.80,8.00
2010.05.26 04:39:36.698,0.90295,0.90305,1.60,12.20
2010.05.26 04:39:36.976,0.90295,0.90305,1.60,11.30
2010.05.26 04:39:37.970,0.90295,0.90305,1.60,11.60
2010.05.26 04:39:38.658,0.90295,0.90305,1.60,17.20
2010.05.26 04:39:39.326,0.9029,0.90295,1.60,4.00
2010.05.26 04:39:40.598,0.90285,0.90295,4.80,8.10
2010.05.26 04:39:41.245,0.90275,0.90285,12.80,4.00
2010.05.26 04:39:41.518,0.90275,0.90285,3.20,9.60
2010.05.26 04:39:42.066,0.90275,0.90285,1.60,11.20
2010.05.26 04:39:48.205,0.90275,0.9028,1.10,9.60
2010.05.26 04:39:48.551,0.9027,0.9028,3.20,9.60
2010.05.26 04:39:49.397,0.9027,0.9028,1.60,13.20
2010.05.26 04:39:49.616,0.9027,0.9028,1.60,12.80
2010.05.26 04:39:52.974,0.9027,0.9028,1.60,11.20
2010.05.26 04:39:54.483,0.9027,0.9028,5.60,11.20
2010.05.26 04:39:54.828,0.9027,0.90285,20.00,11.20
2010.05.26 04:39:55.177,0.9027,0.90285,20.80,11.20
2010.05.26 04:39:55.554,0.90275,0.90285,1.60,11.20
2010.05.26 04:39:56.239,0.9028,0.90285,1.60,1.60
2010.05.26 04:39:56.389,0.9028,0.9029,4.00,14.40
2010.05.26 04:39:56.534,0.90275,0.90285,1.60,11.20
2010.05.26 04:39:56.676,0.90275,0.90285,4.00,7.20
2010.05.26 04:39:56.815,0.90275,0.90285,14.40,3.20
2010.05.26 04:39:57.234,0.9028,0.9029,1.60,11.60
2010.05.26 04:39:57.577,0.9028,0.9029,14.40,3.20
2010.05.26 04:39:58.257,0.90285,0.9029,1.00,3.20
2010.05.26 04:39:58.918,0.90285,0.90295,1.00,11.20
2010.05.26 04:39:59.267,0.9028,0.90295,19.00,11.20
2010.05.26 04:39:59.493,0.9028,0.90295,18.40,11.20
2010.05.26 04:40:01.263,0.9028,0.90295,18.40,11.30
2010.05.26 04:40:01.541,0.9028,0.90295,16.90,11.20
2010.05.26 04:40:01.696,0.9028,0.90295,19.20,11.20
2010.05.26 04:40:02.145,0.90285,0.90295,1.00,11.20
2010.05.26 04:40:03.368,0.90285,0.90295,1.00,11.20
2010.05.26 04:40:03.646,0.90285,0.90295,1.00,11.20
2010.05.26 04:40:04.033,0.90285,0.90295,1.00,11.60
2010.05.26 04:40:04.113,0.90285,0.9029,1.00,4.00
2010.05.26 04:40:04.194,0.90285,0.9029,1.00,8.00
2010.05.26 04:40:04.612,0.90285,0.90295,2.80,11.20
2010.05.26 04:40:05.027,0.9029,0.90295,1.00,11.20
2010.05.26 04:40:05.376,0.90285,0.90295,2.80,11.20
2010.05.26 04:40:08.963,0.90285,0.90295,8.40,9.60
2010.05.26 04:40:09.144,0.90285,0.90295,16.70,1.60
2010.05.26 04:40:09.324,0.90285,0.90295,19.10,1.60
2010.05.26 04:40:12.670,0.90285,0.90295,20.70,1.60
2010.05.26 04:40:18.328,0.90285,0.90295,20.80,1.60
2010.05.26 04:40:18.634,0.90285,0.903,20.80,11.20
2010.05.26 04:40:18.882,0.90285,0.903,21.60,11.20
2010.05.26 04:40:20.512,0.9029,0.903,1.00,11.20
2010.05.26 04:40:24.779,0.90285,0.903,20.80,11.20
2010.05.26 04:40:24.908,0.9029,0.903,1.00,11.20
2010.05.26 04:40:25.035,0.9029,0.903,1.60,11.20
2010.05.26 04:40:26.378,0.90285,0.903,21.50,11.20
2010.05.26 04:40:28.137,0.90285,0.903,20.70,12.80
2010.05.26 04:40:33.225,0.90285,0.903,22.30,11.20
2010.05.26 04:40:33.719,0.90285,0.903,22.40,11.20
2010.05.26 04:40:33.909,0.9029,0.903,1.00,11.20
2010.05.26 04:40:34.465,0.9029,0.903,1.00,11.20
2010.05.26 04:40:35.154,0.9029,0.903,1.00,11.20
2010.05.26 04:40:36.096,0.90285,0.903,23.20,11.20
2010.05.26 04:40:37.294,0.90285,0.903,23.10,11.20
2010.05.26 04:40:37.633,0.90285,0.90295,23.10,1.60
2010.05.26 04:40:37.975,0.90285,0.90295,22.30,1.60
2010.05.26 04:40:39.023,0.90285,0.90295,20.70,1.60
2010.05.26 04:40:39.366,0.90285,0.90295,18.30,1.60
2010.05.26 04:40:44.794,0.90285,0.90295,16.70,3.20
2010.05.26 04:40:44.972,0.90285,0.90295,10.00,3.20
2010.05.26 04:40:45.184,0.90285,0.90295,1.60,11.20
2010.05.26 04:40:47.302,0.90285,0.90295,4.00,11.20
2010.05.26 04:40:47.780,0.90285,0.90295,10.30,5.60
2010.05.26 04:40:47.968,0.90285,0.90295,18.30,1.60
2010.05.26 04:40:51.153,0.90285,0.90295,19.90,1.60
2010.05.26 04:40:51.314,0.90285,0.90295,22.30,1.60
2010.05.26 04:40:51.632,0.90285,0.90295,22.40,1.60
2010.05.26 04:40:51.954,0.90285,0.903,22.30,12.00
2010.05.26 04:40:52.264,0.90285,0.903,22.10,11.20
2010.05.26 04:40:52.575,0.90285,0.903,22.30,11.20
2010.05.26 04:40:53.264,0.90285,0.903,22.10,11.20
2010.05.26 04:40:53.664,0.90285,0.903,22.30,11.20
2010.05.26 04:40:53.866,0.90285,0.903,22.10,11.20
2010.05.26 04:40:54.396,0.90285,0.903,22.10,12.80
2010.05.26 04:40:54.924,0.90285,0.903,21.90,12.80
2010.05.26 04:40:56.646,0.90285,0.903,21.90,11.20
2010.05.26 04:40:58.643,0.90285,0.903,22.10,11.20
2010.05.26 04:40:59.181,0.9029,0.903,1.70,11.20
2010.05.26 04:40:59.531,0.903,0.9031,5.60,8.00
2010.05.26 04:41:00.214,0.903,0.9031,4.80,8.00
2010.05.26 04:41:01.258,0.903,0.90305,4.80,1.00
2010.05.26 04:41:01.605,0.903,0.90305,1.60,1.00
2010.05.26 04:41:01.946,0.903,0.9031,3.20,11.60
2010.05.26 04:41:02.296,0.903,0.9031,3.20,11.20
2010.05.26 04:41:04.302,0.903,0.9031,3.20,11.20
2010.05.26 04:41:05.713,0.903,0.9031,7.20,11.20
2010.05.26 04:41:06.030,0.903,0.90315,19.60,11.20
2010.05.26 04:41:06.347,0.903,0.90315,20.00,11.20
2010.05.26 04:41:07.318,0.903,0.9031,3.20,10.00
2010.05.26 04:41:07.669,0.903,0.9031,3.20,11.20
2010.05.26 04:41:08.707,0.90295,0.9031,22.30,12.80
2010.05.26 04:41:20.286,0.90295,0.90305,19.90,1.60
2010.05.26 04:41:20.607,0.9029,0.90305,17.60,13.20
2010.05.26 04:41:20.818,0.9029,0.903,16.40,2.00
2010.05.26 04:41:21.028,0.90285,0.90295,11.60,3.30
2010.05.26 04:41:21.515,0.90285,0.90295,3.20,9.70
2010.05.26 04:41:21.732,0.90285,0.90295,3.20,9.60
2010.05.26 04:41:22.075,0.90285,0.90295,3.20,11.20
2010.05.26 04:41:24.827,0.90285,0.90295,4.80,11.20
2010.05.26 04:41:25.510,0.90285,0.90295,4.80,11.30
2010.05.26 04:41:28.038,0.90285,0.90295,3.20,11.30
2010.05.26 04:41:28.215,0.9028,0.90295,20.70,12.60
2010.05.26 04:41:28.383,0.9028,0.90295,20.00,12.60
2010.05.26 04:41:28.554,0.9028,0.90295,17.60,12.60
2010.05.26 04:41:28.973,0.9028,0.90295,17.60,11.90
2010.05.26 04:41:30.264,0.9028,0.90295,20.00,11.90
2010.05.26 04:41:38.832,0.9028,0.90295,20.00,11.20
2010.05.26 04:41:48.113,0.9028,0.90295,20.00,12.80
2010.05.26 04:41:48.445,0.9028,0.90295,20.00,13.20
2010.05.26 04:41:48.783,0.9028,0.90295,20.00,13.30
2010.05.26 04:41:48.952,0.9028,0.90295,20.00,13.80
2010.05.26 04:41:49.832,0.9028,0.90295,20.00,14.60
2010.05.26 04:41:50.023,0.9028,0.90295,19.20,15.00
2010.05.26 04:41:50.525,0.9028,0.9029,1.60,8.00
2010.05.26 04:41:50.724,0.9028,0.9029,3.20,11.20
2010.05.26 04:41:51.245,0.9028,0.9029,3.60,11.20
2010.05.26 04:41:51.506,0.9028,0.9029,16.00,3.20
2010.05.26 04:41:51.635,0.9028,0.90295,18.70,13.60
2010.05.26 04:41:51.873,0.9028,0.90295,21.50,11.20
2010.05.26 04:41:52.116,0.90285,0.90295,4.00,7.20
2010.05.26 04:41:53.345,0.90285,0.90295,7.20,5.60
2010.05.26 04:41:53.487,0.90285,0.90295,8.80,5.60
2010.05.26 04:41:56.813,0.90285,0.90295,13.90,5.60
2010.05.26 04:41:57.617,0.90285,0.90295,14.30,4.00
2010.05.26 04:41:57.830,0.90285,0.903,22.30,11.20
2010.05.26 04:41:58.244,0.9029,0.903,1.60,11.20
2010.05.26 04:42:05.843,0.9029,0.903,3.20,8.00
2010.05.26 04:42:06.024,0.9029,0.903,8.80,4.00
2010.05.26 04:42:06.945,0.90295,0.903,3.20,4.00
2010.05.26 04:42:07.104,0.90295,0.90305,8.80,11.20
2010.05.26 04:42:07.265,0.903,0.9031,1.60,14.80
2010.05.26 04:42:07.671,0.903,0.9031,1.60,14.00
2010.05.26 04:42:07.879,0.903,0.9031,1.60,11.20
2010.05.26 04:42:08.083,0.903,0.9031,3.20,9.60
2010.05.26 04:42:08.967,0.903,0.9031,1.60,11.20
2010.05.26 04:42:09.203,0.903,0.9031,1.60,12.80
2010.05.26 04:42:09.687,0.903,0.9031,1.60,11.20
2010.05.26 04:42:10.120,0.903,0.90305,1.60,8.00
2010.05.26 04:42:10.465,0.90295,0.9031,22.30,11.20
2010.05.26 04:42:10.806,0.903,0.9031,1.60,11.20
2010.05.26 04:42:13.865,0.903,0.90305,1.60,4.00
2010.05.26 04:42:14.151,0.90295,0.90305,4.80,8.00
2010.05.26 04:42:15.656,0.90295,0.90305,3.20,11.20
2010.05.26 04:42:17.681,0.90295,0.90305,3.20,9.60
2010.05.26 04:42:18.336,0.90295,0.90305,3.20,11.20
2010.05.26 04:42:19.914,0.90295,0.90305,4.80,11.20
2010.05.26 04:42:20.245,0.90295,0.90305,6.30,8.00
2010.05.26 04:42:20.575,0.90295,0.90305,16.70,4.00
2010.05.26 04:42:21.144,0.903,0.90305,1.60,8.00
2010.05.26 04:42:21.373,0.903,0.9031,1.60,11.20
2010.05.26 04:42:23.256,0.90295,0.90305,12.00,2.40
2010.05.26 04:42:23.349,0.90295,0.9031,19.10,17.20
2010.05.26 04:42:23.435,0.90295,0.9031,19.10,14.00
2010.05.26 04:42:23.524,0.90295,0.90305,6.00,8.00
2010.05.26 04:42:23.614,0.90295,0.90305,5.60,8.00
2010.05.26 04:42:23.705,0.90295,0.90305,9.90,8.00
2010.05.26 04:42:23.794,0.90295,0.90305,14.30,8.00
2010.05.26 04:42:23.885,0.90295,0.90305,10.30,8.00
2010.05.26 04:42:23.976,0.90295,0.90305,5.90,8.00
2010.05.26 04:42:24.063,0.90295,0.90305,4.80,8.00
2010.05.26 04:42:24.816,0.90295,0.90305,3.20,12.40
2010.05.26 04:42:25.156,0.90295,0.903,1.60,8.00
2010.05.26 04:42:25.914,0.9029,0.903,4.80,8.00
2010.05.26 04:42:26.481,0.9029,0.903,3.20,11.20
2010.05.26 04:42:26.803,0.9029,0.903,1.60,11.20
2010.05.26 04:42:29.043,0.9029,0.903,1.60,15.20
2010.05.26 04:42:29.206,0.90285,0.903,15.20,15.60
2010.05.26 04:42:29.363,0.90285,0.90295,4.80,8.00
2010.05.26 04:42:30.227,0.90285,0.90295,3.20,11.20
2010.05.26 04:42:30.524,0.90285,0.90295,4.80,11.20
2010.05.26 04:42:33.463,0.90285,0.90295,5.20,11.20
2010.05.26 04:42:33.796,0.90285,0.90295,9.20,7.20
2010.05.26 04:42:33.942,0.90285,0.90295,22.30,3.20
2010.05.26 04:42:40.904,0.90285,0.90295,15.60,3.20
2010.05.26 04:42:41.468,0.90285,0.90295,3.20,11.20
2010.05.26 04:42:41.764,0.90285,0.90295,4.80,11.20
2010.05.26 04:42:42.929,0.9029,0.903,7.20,10.90
2010.05.26 04:42:43.075,0.9029,0.903,7.20,4.00
2010.05.26 04:42:43.354,0.9029,0.903,9.60,4.00
2010.05.26 04:42:44.098,0.90295,0.903,1.60,4.00
2010.05.26 04:42:45.324,0.90295,0.90305,5.60,16.50
2010.05.26 04:42:45.525,0.90295,0.90305,5.60,8.50
2010.05.26 04:42:45.725,0.90295,0.90305,5.60,7.60
2010.05.26 04:42:45.925,0.90295,0.90305,7.20,4.00
2010.05.26 04:42:49.082,0.90295,0.90305,8.30,4.00
2010.05.26 04:42:49.254,0.90295,0.9031,18.30,16.00
2010.05.26 04:42:49.423,0.90295,0.9031,20.70,13.60
2010.05.26 04:42:49.595,0.90295,0.9031,22.30,13.60
2010.05.26 04:42:52.854,0.90295,0.9031,20.70,13.60
2010.05.26 04:42:54.480,0.90295,0.9031,17.50,13.60
2010.05.26 04:42:54.710,0.90295,0.903,12.00,3.20
2010.05.26 04:42:54.941,0.9029,0.90295,1.00,4.00
2010.05.26 04:42:55.168,0.90285,0.90295,4.80,8.00
2010.05.26 04:42:55.398,0.9029,0.903,14.40,3.20
2010.05.26 04:42:55.626,0.9029,0.903,18.40,3.20
2010.05.26 04:42:55.963,0.9029,0.903,16.00,3.20
2010.05.26 04:42:56.304,0.9029,0.903,18.40,3.20
2010.05.26 04:42:56.645,0.9029,0.903,16.00,3.20
2010.05.26 04:42:57.214,0.9029,0.903,18.40,3.20
2010.05.26 04:42:58.783,0.9029,0.903,14.40,3.20
2010.05.26 04:42:58.974,0.9029,0.903,8.40,7.20
2010.05.26 04:42:59.166,0.90285,0.90295,5.90,8.00
2010.05.26 04:42:59.687,0.90285,0.90295,4.80,8.00
2010.05.26 04:43:01.322,0.90285,0.90295,4.80,11.20
2010.05.26 04:43:01.562,0.90285,0.90295,3.20,11.20
2010.05.26 04:43:01.722,0.90285,0.90295,1.60,11.20
2010.05.26 04:43:03.633,0.90285,0.90295,1.60,11.30
2010.05.26 04:43:06.135,0.90285,0.90295,3.20,11.30
2010.05.26 04:43:06.906,0.90285,0.90295,3.20,11.80
2010.05.26 04:43:07.600,0.9028,0.9029,4.80,8.00
2010.05.26 04:43:11.083,0.9028,0.9029,3.20,9.60
2010.05.26 04:43:11.399,0.9028,0.9029,4.70,11.20
2010.05.26 04:43:11.753,0.90285,0.9029,1.60,11.20
2010.05.26 04:43:11.910,0.9028,0.9029,3.20,8.00
2010.05.26 04:43:14.307,0.9028,0.9029,7.20,8.00
2010.05.26 04:43:14.791,0.9028,0.9029,15.60,4.00
2010.05.26 04:43:14.965,0.9028,0.90295,20.00,12.10
2010.05.26 04:43:15.768,0.9028,0.90295,20.00,12.00
2010.05.26 04:43:23.977,0.9028,0.90295,20.40,12.00
2010.05.26 04:43:24.072,0.9028,0.90295,20.80,12.00
2010.05.26 04:43:31.732,0.9028,0.90295,20.40,12.00
2010.05.26 04:43:33.427,0.90285,0.90295,1.60,11.20
2010.05.26 04:43:41.073,0.90285,0.90295,3.20,11.20
2010.05.26 04:43:41.164,0.90285,0.90295,1.60,11.20
2010.05.26 04:43:47.305,0.9028,0.90295,9.90,12.00
2010.05.26 04:43:48.478,0.9028,0.90295,20.30,12.00
2010.05.26 04:43:49.323,0.9028,0.90295,21.10,12.00
2010.05.26 04:43:52.824,0.9028,0.90295,22.00,12.00
2010.05.26 04:43:54.203,0.9028,0.90295,21.20,12.00
2010.05.26 04:43:54.423,0.9028,0.90295,21.10,12.00
2010.05.26 04:44:00.022,0.9028,0.90295,20.00,12.00
2010.05.26 04:44:13.675,0.9028,0.90295,17.60,13.60
2010.05.26 04:44:14.218,0.9028,0.90295,19.20,12.00
2010.05.26 04:44:16.202,0.9028,0.90295,19.30,12.00
2010.05.26 04:44:17.112,0.9028,0.90295,17.70,13.60
2010.05.26 04:44:17.382,0.9028,0.90295,19.30,12.00
2010.05.26 04:44:18.615,0.9028,0.90295,19.40,12.00
2010.05.26 04:44:25.524,0.9028,0.90295,17.70,12.00
2010.05.26 04:44:25.865,0.9028,0.90295,19.40,12.00
2010.05.26 04:44:32.212,0.9028,0.90295,19.30,12.00
2010.05.26 04:44:32.502,0.9028,0.90295,19.40,12.00
2010.05.26 04:44:34.093,0.90285,0.90295,1.60,11.20
2010.05.26 04:44:35.195,0.90285,0.90295,1.60,12.80
2010.05.26 04:44:35.891,0.9028,0.9029,3.20,8.00
2010.05.26 04:44:36.176,0.9028,0.9029,3.30,8.00
2010.05.26 04:44:37.033,0.9028,0.9029,3.30,11.20
2010.05.26 04:44:37.361,0.9028,0.9029,1.70,11.20
2010.05.26 04:44:37.677,0.9028,0.9029,1.70,12.80
2010.05.26 04:44:38.313,0.9028,0.9029,1.70,11.20
2010.05.26 04:44:38.662,0.9027,0.9028,3.20,9.60
2010.05.26 04:44:39.004,0.9027,0.9028,3.20,8.00
2010.05.26 04:44:39.345,0.9027,0.9028,3.20,11.20
2010.05.26 04:44:41.073,0.9027,0.9028,4.80,11.20
2010.05.26 04:44:41.773,0.9027,0.9028,3.20,12.80
2010.05.26 04:44:42.046,0.9027,0.9028,3.20,8.00
2010.05.26 04:44:42.505,0.9027,0.9028,1.60,9.60
2010.05.26 04:44:42.786,0.9027,0.9028,4.80,8.00
2010.05.26 04:44:44.322,0.9027,0.9028,4.80,9.60
2010.05.26 04:44:44.605,0.9027,0.9028,3.20,11.20
2010.05.26 04:44:45.617,0.9027,0.9028,3.20,9.60
2010.05.26 04:44:45.925,0.9027,0.9028,1.60,9.60
2010.05.26 04:44:46.271,0.9027,0.9028,3.20,9.60
2010.05.26 04:44:46.970,0.9027,0.9028,4.80,9.60
2010.05.26 04:44:48.986,0.9027,0.9028,3.20,9.60
2010.05.26 04:44:55.465,0.9027,0.9028,1.60,9.60
2010.05.26 04:44:57.665,0.9027,0.9028,3.20,9.60
2010.05.26 04:44:58.776,0.9027,0.9028,1.60,11.20
2010.05.26 04:45:00.689,0.9027,0.9028,3.20,9.60
2010.05.26 04:45:04.794,0.9027,0.9028,1.60,11.20
2010.05.26 04:45:05.636,0.9027,0.9028,1.60,12.80
2010.05.26 04:45:09.562,0.90265,0.9028,25.40,12.80
2010.05.26 04:45:09.824,0.90265,0.9028,22.60,12.80
2010.05.26 04:45:10.015,0.90265,0.90275,15.80,1.60
2010.05.26 04:45:10.205,0.90265,0.90275,8.30,9.60
2010.05.26 04:45:10.393,0.90265,0.90275,8.00,9.60
2010.05.26 04:45:10.584,0.90265,0.90275,7.20,9.60
2010.05.26 04:45:10.774,0.90265,0.90275,5.60,9.60
2010.05.26 04:45:12.444,0.90265,0.90275,5.20,9.60
2010.05.26 04:45:12.810,0.90265,0.90275,6.80,9.60
2010.05.26 04:45:13.056,0.90265,0.90275,7.20,9.60
2010.05.26 04:45:14.432,0.90265,0.90275,3.60,9.60
2010.05.26 04:45:14.768,0.90265,0.90275,3.20,9.60
2010.05.26 04:45:16.984,0.9026,0.90275,17.50,15.20
2010.05.26 04:45:17.111,0.9026,0.90275,16.40,15.60
2010.05.26 04:45:17.338,0.9026,0.9027,5.60,8.00
2010.05.26 04:45:18.605,0.9026,0.9027,4.80,8.00
2010.05.26 04:45:19.149,0.9026,0.9027,4.80,9.60
2010.05.26 04:45:22.838,0.9026,0.9027,3.20,11.20
2010.05.26 04:45:30.839,0.90255,0.9026,1.60,4.00
2010.05.26 04:45:44.464,0.90255,0.9026,3.20,4.00
2010.05.26 04:45:44.594,0.90255,0.90265,5.20,10.40
2010.05.26 04:45:44.896,0.90255,0.9027,21.60,14.80
2010.05.26 04:45:45.576,0.90255,0.9027,21.60,15.60
2010.05.26 04:45:49.764,0.90255,0.9027,21.20,15.60
2010.05.26 04:45:50.032,0.90255,0.9027,21.20,16.40
2010.05.26 04:45:51.006,0.90255,0.9027,21.20,14.80
2010.05.26 04:45:51.746,0.90255,0.9027,21.90,14.40
2010.05.26 04:45:52.326,0.90255,0.9027,21.90,13.60
2010.05.26 04:45:53.003,0.90255,0.9027,22.70,13.60
2010.05.26 04:45:53.343,0.90255,0.9027,21.90,13.60
2010.05.26 04:45:54.145,0.90255,0.9027,21.90,12.00
2010.05.26 04:45:55.055,0.90255,0.9027,22.70,12.00
2010.05.26 04:45:55.754,0.90255,0.9027,21.90,12.00
2010.05.26 04:45:55.932,0.90255,0.9027,22.70,12.00
2010.05.26 04:45:56.473,0.90255,0.9027,21.90,12.00
2010.05.26 04:45:58.608,0.90255,0.9027,21.90,13.60
2010.05.26 04:45:59.053,0.90255,0.9027,21.90,12.00
2010.05.26 04:46:03.767,0.90255,0.9027,22.00,12.00
2010.05.26 04:46:03.890,0.9026,0.9027,1.60,12.00
2010.05.26 04:46:04.306,0.9026,0.9027,1.60,11.20
2010.05.26 04:46:04.330,0.9026,0.9027,1.60,12.80
2010.05.26 04:46:06.694,0.90255,0.9027,21.90,14.00
2010.05.26 04:46:10.577,0.90255,0.9027,21.90,12.40
2010.05.26 04:46:11.016,0.9026,0.9027,14.00,1.60
2010.05.26 04:46:11.235,0.9026,0.9027,2.00,9.60
2010.05.26 04:46:11.625,0.9026,0.9027,5.20,9.60
2010.05.26 04:46:11.970,0.9026,0.90275,21.50,11.20
2010.05.26 04:46:17.635,0.9026,0.90275,18.00,15.00
2010.05.26 04:46:17.967,0.9026,0.9027,4.80,8.00
2010.05.26 04:46:22.048,0.9026,0.9027,3.20,8.00
2010.05.26 04:46:24.063,0.9026,0.9027,4.80,8.00
2010.05.26 04:46:27.674,0.9026,0.9027,3.20,11.20
2010.05.26 04:46:28.105,0.9026,0.9027,4.80,8.00
2010.05.26 04:46:32.218,0.90265,0.9027,1.00,8.00
2010.05.26 04:46:32.324,0.90265,0.9027,2.40,8.00
2010.05.26 04:46:32.375,0.90265,0.90275,2.80,11.20
2010.05.26 04:46:32.726,0.90265,0.90275,12.40,3.20
2010.05.26 04:46:32.778,0.90265,0.90275,20.70,3.20
2010.05.26 04:46:34.079,0.90265,0.90275,14.80,3.50
2010.05.26 04:46:34.147,0.90265,0.90275,14.40,3.90
2010.05.26 04:46:34.216,0.90265,0.9027,4.00,4.00
2010.05.26 04:46:34.285,0.9026,0.9027,3.90,8.00
2010.05.26 04:46:34.687,0.9026,0.9027,10.30,8.00
2010.05.26 04:46:34.757,0.9026,0.90275,19.60,13.20
2010.05.26 04:46:34.883,0.9026,0.90275,18.00,14.80
2010.05.26 04:46:34.953,0.9026,0.90275,17.60,15.20
2010.05.26 04:46:35.023,0.9026,0.90275,17.60,15.10
2010.05.26 04:46:35.094,0.9026,0.9027,7.20,4.00
2010.05.26 04:46:35.437,0.9026,0.9027,3.20,9.60
2010.05.26 04:46:39.402,0.9026,0.9027,3.20,11.20
2010.05.26 04:46:44.493,0.9026,0.9027,1.60,11.20
2010.05.26 04:46:48.033,0.9026,0.9027,1.60,12.80
2010.05.26 04:46:48.654,0.90255,0.9027,21.10,12.80
2010.05.26 04:46:50.944,0.90255,0.9027,21.10,13.60
2010.05.26 04:46:51.134,0.90255,0.90265,21.90,1.60
2010.05.26 04:46:51.284,0.90255,0.90265,18.70,1.60
2010.05.26 04:46:51.436,0.90255,0.90265,12.30,3.20
2010.05.26 04:46:51.584,0.90255,0.90265,8.00,7.20
2010.05.26 04:46:51.736,0.90255,0.90265,4.00,11.80
2010.05.26 04:46:51.884,0.90255,0.90265,4.00,10.30
2010.05.26 04:46:52.033,0.90255,0.90265,4.00,7.30
2010.05.26 04:46:52.235,0.90255,0.90265,5.60,7.20
2010.05.26 04:47:04.848,0.90255,0.9026,5.60,1.60
2010.05.26 04:47:05.061,0.90245,0.9025,9.60,1.60
2010.05.26 04:47:05.413,0.90245,0.9025,1.60,7.20
2010.05.26 04:47:05.773,0.9024,0.9025,14.40,11.20
2010.05.26 04:47:06.112,0.9024,0.9025,20.40,3.20
2010.05.26 04:47:06.455,0.9024,0.9025,12.40,11.20
2010.05.26 04:47:06.798,0.9024,0.9025,21.20,4.80
2010.05.26 04:47:07.463,0.9024,0.9025,7.20,9.60
2010.05.26 04:47:07.776,0.90235,0.9024,8.00,1.60
2010.05.26 04:47:08.094,0.90235,0.9024,8.00,3.20
2010.05.26 04:47:12.223,0.90235,0.9024,8.80,3.20
2010.05.26 04:47:12.423,0.90235,0.9024,8.00,3.20
2010.05.26 04:47:14.294,0.90235,0.9024,8.80,3.20
2010.05.26 04:47:14.374,0.90235,0.9024,10.80,3.20
2010.05.26 04:47:14.454,0.90235,0.9024,10.00,1.60
2010.05.26 04:47:14.534,0.90235,0.90245,10.40,3.20
2010.05.26 04:47:14.899,0.90235,0.9024,9.60,1.60
2010.05.26 04:47:15.250,0.90235,0.9024,8.00,3.20
2010.05.26 04:47:15.597,0.90235,0.90245,10.00,4.00
2010.05.26 04:47:15.937,0.90235,0.90245,20.80,3.20
2010.05.26 04:47:16.275,0.9024,0.9025,1.00,12.00
2010.05.26 04:47:16.616,0.9024,0.9025,2.40,12.00
2010.05.26 04:47:17.293,0.9024,0.9025,2.50,12.00
2010.05.26 04:47:17.857,0.9024,0.9025,3.70,11.20
2010.05.26 04:47:18.576,0.9024,0.9025,16.80,3.20
2010.05.26 04:47:18.866,0.9024,0.90255,23.60,11.20
2010.05.26 04:47:19.155,0.90245,0.90255,3.20,11.20
2010.05.26 04:47:19.853,0.90245,0.90255,3.40,11.20
2010.05.26 04:47:24.806,0.90245,0.90255,3.40,11.60
2010.05.26 04:47:24.844,0.90245,0.90255,1.60,11.60
2010.05.26 04:47:25.180,0.9024,0.90255,25.40,11.60
2010.05.26 04:47:25.228,0.9024,0.90255,25.20,11.60
2010.05.26 04:47:25.273,0.9024,0.90255,25.30,11.60
2010.05.26 04:47:25.375,0.9024,0.90255,25.40,11.60
2010.05.26 04:47:26.194,0.9024,0.90255,25.20,11.60
2010.05.26 04:47:26.535,0.9024,0.90255,25.30,11.60
2010.05.26 04:47:26.881,0.9024,0.90255,26.10,11.60
2010.05.26 04:47:26.927,0.9024,0.90255,25.90,11.60
2010.05.26 04:47:27.325,0.9024,0.90255,25.20,11.60
2010.05.26 04:47:27.388,0.90245,0.90255,8.00,4.40
2010.05.26 04:47:27.475,0.90245,0.90255,4.00,8.40
2010.05.26 04:47:27.530,0.9024,0.90255,25.20,12.40
2010.05.26 04:47:28.239,0.90245,0.90255,8.00,4.40
2010.05.26 04:47:30.695,0.90245,0.90255,8.80,4.40
2010.05.26 04:47:31.005,0.90245,0.90255,17.20,3.60
2010.05.26 04:47:31.324,0.90245,0.90255,18.80,3.60
2010.05.26 04:47:31.804,0.90245,0.90255,14.80,3.60
2010.05.26 04:47:31.966,0.90245,0.90255,16.40,3.60
2010.05.26 04:47:32.414,0.90245,0.90255,18.80,3.60
2010.05.26 04:47:32.514,0.90245,0.90255,14.00,3.60
2010.05.26 04:47:32.614,0.90245,0.90255,12.00,3.60
2010.05.26 04:47:32.717,0.90245,0.90255,9.60,3.60
2010.05.26 04:47:32.814,0.90245,0.90255,8.00,3.60
2010.05.26 04:47:34.973,0.90245,0.90255,8.00,5.20
2010.05.26 04:47:35.230,0.9024,0.90255,12.50,20.50
2010.05.26 04:47:36.204,0.9024,0.9025,12.00,1.60
2010.05.26 04:47:36.444,0.9024,0.9025,9.60,3.20
2010.05.26 04:47:37.011,0.9024,0.9025,8.00,8.80
2010.05.26 04:47:37.204,0.9024,0.9025,8.00,10.40
2010.05.26 04:47:37.394,0.9024,0.90245,8.00,1.60
2010.05.26 04:47:37.584,0.9024,0.90245,4.00,1.60
2010.05.26 04:47:41.296,0.90235,0.90245,16.00,1.60
2010.05.26 04:47:42.974,0.90235,0.9025,16.10,16.70
2010.05.26 04:47:43.244,0.90235,0.9025,16.10,15.90
2010.05.26 04:47:43.857,0.9024,0.9025,1.60,7.20
2010.05.26 04:47:44.120,0.9024,0.9025,2.40,8.80
2010.05.26 04:47:44.391,0.9024,0.9025,2.00,11.20
2010.05.26 04:47:44.656,0.9024,0.9025,5.60,3.20
2010.05.26 04:47:45.561,0.9024,0.9025,1.60,11.20
2010.05.26 04:47:48.954,0.90235,0.9025,20.70,16.00
2010.05.26 04:47:49.159,0.9024,0.9025,1.60,13.60
2010.05.26 04:47:49.365,0.9024,0.9025,1.60,12.80
2010.05.26 04:47:49.562,0.9024,0.9025,1.60,11.20
2010.05.26 04:48:02.024,0.9024,0.9025,2.40,11.20
2010.05.26 04:48:07.029,0.9024,0.90255,11.20,20.70
2010.05.26 04:48:08.053,0.9024,0.90255,11.20,20.40
2010.05.26 04:48:09.921,0.9024,0.90255,11.60,20.40
2010.05.26 04:48:10.023,0.9024,0.90255,12.00,20.40
2010.05.26 04:48:14.932,0.9024,0.90255,11.60,20.40
2010.05.26 04:48:15.372,0.9024,0.90255,11.20,20.40
2010.05.26 04:48:15.594,0.9024,0.90255,13.60,20.40
2010.05.26 04:48:17.713,0.9024,0.90255,13.60,22.80
2010.05.26 04:48:17.923,0.9024,0.90255,9.60,22.80
2010.05.26 04:48:19.342,0.9024,0.90255,13.60,18.80
2010.05.26 04:48:19.806,0.9024,0.90255,14.00,18.80
2010.05.26 04:48:19.939,0.90245,0.90255,9.60,1.60
2010.05.26 04:48:20.167,0.90245,0.90255,11.20,1.60
2010.05.26 04:48:20.286,0.90245,0.9026,11.20,18.40
2010.05.26 04:48:20.713,0.9025,0.9026,4.00,13.60
2010.05.26 04:48:21.077,0.9025,0.9026,4.00,12.00
2010.05.26 04:48:21.420,0.90245,0.90255,3.30,9.60
2010.05.26 04:48:21.714,0.90245,0.90255,3.20,9.60
2010.05.26 04:48:23.476,0.90245,0.9025,3.20,8.00
2010.05.26 04:48:24.208,0.90245,0.90255,3.20,19.50
2010.05.26 04:48:25.064,0.90245,0.90255,3.20,17.90
2010.05.26 04:48:25.879,0.90245,0.90255,3.20,11.20
2010.05.26 04:48:27.275,0.9024,0.90255,23.60,11.20
2010.05.26 04:48:28.843,0.9024,0.90255,22.00,11.20
2010.05.26 04:48:29.014,0.9024,0.90255,20.40,12.80
2010.05.26 04:48:29.537,0.9024,0.90255,22.00,11.20
2010.05.26 04:48:29.604,0.9024,0.90255,22.00,12.00
2010.05.26 04:48:30.002,0.9024,0.90255,20.40,13.60
2010.05.26 04:48:30.084,0.9024,0.90255,20.10,12.80
2010.05.26 04:48:30.227,0.9024,0.90255,20.90,12.80
2010.05.26 04:48:30.745,0.9024,0.90255,16.10,17.20
2010.05.26 04:48:31.095,0.90235,0.90245,6.80,7.60
2010.05.26 04:48:31.442,0.9023,0.9024,2.00,1.60
2010.05.26 04:48:31.807,0.9023,0.9024,1.60,1.60
2010.05.26 04:48:32.166,0.9023,0.9024,1.60,5.20
2010.05.26 04:48:32.507,0.9023,0.9024,1.60,3.60
2010.05.26 04:48:33.167,0.9023,0.9024,1.60,5.20
2010.05.26 04:48:33.506,0.9023,0.90245,3.20,21.10
2010.05.26 04:48:33.848,0.9023,0.90235,3.20,4.00
2010.05.26 04:48:34.508,0.9022,0.90235,13.60,20.00
2010.05.26 04:48:34.855,0.9022,0.9023,3.20,11.20
2010.05.26 04:48:35.854,0.9022,0.9023,6.40,8.00
2010.05.26 04:48:36.203,0.9022,0.9023,1.60,11.20
2010.05.26 04:48:37.959,0.9022,0.9023,3.20,11.20
2010.05.26 04:48:39.503,0.9022,0.9023,3.20,8.00
2010.05.26 04:48:42.924,0.90225,0.90235,3.20,12.80
2010.05.26 04:48:48.236,0.90225,0.90235,3.20,11.20
2010.05.26 04:48:51.372,0.90225,0.9024,22.00,12.80
2010.05.26 04:48:51.624,0.9023,0.9024,3.20,9.60
2010.05.26 04:48:52.237,0.9023,0.9024,15.60,1.60
2010.05.26 04:48:52.580,0.9024,0.90245,3.20,8.00
2010.05.26 04:48:52.928,0.9024,0.90245,4.40,4.00
2010.05.26 04:48:53.294,0.90245,0.9025,1.60,12.00
2010.05.26 04:48:53.641,0.90245,0.90255,3.20,9.60
2010.05.26 04:48:59.993,0.90245,0.90255,3.20,15.20
2010.05.26 04:49:00.134,0.90245,0.90255,3.20,16.80
2010.05.26 04:49:00.206,0.90245,0.9025,3.20,5.60
2010.05.26 04:49:00.275,0.90245,0.9025,3.20,9.60
2010.05.26 04:49:00.344,0.9024,0.9025,11.20,1.60
2010.05.26 04:49:00.414,0.9024,0.9025,7.20,5.60
2010.05.26 04:49:00.483,0.9024,0.9025,3.20,9.60
2010.05.26 04:49:00.624,0.9024,0.9025,5.60,9.60
2010.05.26 04:49:00.974,0.9024,0.9025,13.60,1.60
2010.05.26 04:49:01.315,0.9024,0.9025,5.60,9.60
2010.05.26 04:49:01.658,0.9024,0.9025,7.20,5.60
2010.05.26 04:49:01.999,0.9024,0.9025,13.60,1.60
2010.05.26 04:49:04.536,0.9024,0.9025,9.60,5.60
2010.05.26 04:49:04.563,0.9024,0.9025,5.60,9.60
2010.05.26 04:49:04.583,0.9024,0.9025,5.90,9.60
2010.05.26 04:49:05.114,0.9024,0.9025,11.20,1.60
2010.05.26 04:49:05.136,0.9024,0.9025,13.60,1.60
2010.05.26 04:49:05.230,0.9024,0.90255,13.60,19.50
2010.05.26 04:49:05.785,0.9024,0.9025,13.60,1.60
2010.05.26 04:49:06.868,0.9024,0.90255,14.70,17.90
2010.05.26 04:49:06.986,0.9024,0.9025,4.30,8.00
2010.05.26 04:49:07.103,0.9024,0.9025,3.20,9.60
2010.05.26 04:49:11.293,0.9024,0.9025,3.20,12.80
2010.05.26 04:49:18.964,0.90235,0.9025,21.50,12.80
2010.05.26 04:49:19.075,0.90235,0.90245,14.80,5.60
2010.05.26 04:49:19.185,0.90235,0.90245,9.20,9.20
2010.05.26 04:49:19.295,0.9023,0.9024,3.60,9.60
2010.05.26 04:49:19.405,0.9023,0.9024,1.00,12.80
2010.05.26 04:49:19.514,0.90225,0.9024,15.90,17.20
2010.05.26 04:49:19.953,0.90225,0.9024,13.90,17.60
2010.05.26 04:49:20.302,0.90225,0.90235,3.20,8.00
2010.05.26 04:49:22.414,0.90225,0.90235,3.60,8.00
2010.05.26 04:49:22.612,0.90225,0.9024,19.90,13.20
2010.05.26 04:49:22.797,0.90225,0.90235,19.90,1.60
2010.05.26 04:49:24.558,0.90225,0.9024,19.90,11.60
2010.05.26 04:49:24.741,0.90235,0.9024,4.00,4.00
2010.05.26 04:49:24.918,0.90235,0.90245,11.50,4.80
2010.05.26 04:49:26.409,0.90235,0.90245,11.20,4.80
2010.05.26 04:49:28.398,0.90235,0.90245,7.20,4.80
2010.05.26 04:49:28.736,0.90235,0.90245,3.20,7.20
2010.05.26 04:49:29.706,0.90235,0.90245,3.20,7.30
2010.05.26 04:49:33.723,0.90235,0.90245,3.20,7.20
2010.05.26 04:49:34.415,0.90235,0.90245,3.20,7.30
2010.05.26 04:49:34.804,0.90235,0.9024,3.20,8.00
2010.05.26 04:49:39.055,0.9023,0.9024,9.20,8.00
2010.05.26 04:49:39.245,0.9023,0.9024,8.40,8.00
2010.05.26 04:49:41.710,0.9023,0.90245,16.40,12.80
2010.05.26 04:49:41.936,0.9023,0.90245,18.80,12.80
2010.05.26 04:49:43.935,0.90235,0.90245,3.20,12.80
2010.05.26 04:50:08.524,0.90235,0.90245,3.20,11.20
2010.05.26 04:50:08.754,0.90235,0.90245,3.20,12.80
2010.05.26 04:50:14.275,0.90235,0.90245,3.20,12.90
2010.05.26 04:50:14.784,0.90235,0.90245,3.20,12.80
2010.05.26 04:50:16.844,0.90235,0.90245,4.00,11.20
2010.05.26 04:50:19.363,0.90235,0.90245,3.20,11.20
2010.05.26 04:50:23.817,0.90235,0.90245,4.00,11.20
2010.05.26 04:50:24.063,0.90235,0.90245,4.00,11.60
2010.05.26 04:50:26.945,0.90235,0.90245,1.00,12.00
2010.05.26 04:50:27.388,0.9023,0.90245,14.40,17.60
2010.05.26 04:50:27.629,0.9023,0.9024,3.20,8.00
2010.05.26 04:50:29.815,0.9023,0.9024,1.60,11.20
2010.05.26 04:50:31.833,0.90225,0.9024,20.80,11.20
2010.05.26 04:50:33.268,0.90225,0.9024,20.70,11.20
2010.05.26 04:50:39.323,0.90225,0.9024,19.60,11.60
2010.05.26 04:50:39.712,0.90225,0.90235,10.00,1.60
2010.05.26 04:50:39.907,0.90225,0.90235,1.60,11.20
2010.05.26 04:50:40.097,0.90225,0.90235,1.60,11.60
2010.05.26 04:50:40.285,0.90225,0.90235,1.60,11.20
2010.05.26 04:50:41.819,0.90225,0.9023,1.60,8.00
2010.05.26 04:50:42.664,0.9022,0.9023,3.20,8.00
2010.05.26 04:50:44.672,0.90225,0.9023,1.60,4.00
2010.05.26 04:50:44.832,0.90225,0.90235,1.60,12.80
2010.05.26 04:50:44.984,0.90225,0.90235,1.60,12.40
2010.05.26 04:50:46.442,0.90225,0.90235,1.60,18.40
2010.05.26 04:50:46.790,0.9022,0.9023,1.60,9.60
2010.05.26 04:50:51.116,0.9022,0.9023,1.60,11.20
2010.05.26 04:51:01.580,0.9022,0.9023,3.20,9.60
2010.05.26 04:51:02.026,0.9022,0.9023,3.20,8.00
2010.05.26 04:51:02.226,0.90225,0.9023,1.60,8.00
2010.05.26 04:51:03.912,0.90225,0.90235,3.20,9.60
2010.05.26 04:51:04.064,0.90225,0.90235,3.30,9.60
2010.05.26 04:51:04.227,0.90225,0.90235,13.70,5.60
2010.05.26 04:51:04.388,0.90225,0.9024,19.30,13.60
2010.05.26 04:51:04.546,0.90225,0.9024,23.30,11.20
2010.05.26 04:51:04.705,0.90225,0.9024,24.10,11.20
2010.05.26 04:51:04.863,0.90225,0.9024,24.90,11.20
2010.05.26 04:51:05.014,0.9023,0.9024,3.20,11.20
2010.05.26 04:51:07.639,0.9023,0.9024,7.20,11.20
2010.05.26 04:51:07.694,0.9023,0.9024,9.60,11.20
2010.05.26 04:51:07.753,0.9023,0.9024,9.60,8.00
2010.05.26 04:51:07.803,0.9023,0.9024,10.40,8.00
2010.05.26 04:51:07.864,0.9023,0.9024,14.40,4.00
2010.05.26 04:51:07.924,0.9023,0.90245,18.40,12.40
2010.05.26 04:51:08.034,0.9023,0.90245,19.30,11.20
2010.05.26 04:51:08.095,0.9023,0.90245,20.10,11.20
2010.05.26 04:51:08.835,0.90235,0.90245,4.00,11.20
2010.05.26 04:51:09.525,0.90235,0.90245,4.00,8.00
2010.05.26 04:51:11.833,0.90235,0.90245,8.00,8.00
2010.05.26 04:51:12.108,0.90235,0.90245,4.80,8.00
2010.05.26 04:51:12.185,0.90235,0.90245,15.60,4.00
2010.05.26 04:51:12.264,0.90235,0.9025,22.00,11.20
2010.05.26 04:51:12.343,0.90235,0.9025,23.60,11.20
2010.05.26 04:51:18.296,0.90235,0.9025,21.20,11.20
2010.05.26 04:51:18.583,0.90235,0.9025,23.60,11.20
2010.05.26 04:51:19.103,0.9024,0.9025,1.60,11.20
2010.05.26 04:51:26.366,0.9024,0.90255,12.50,19.90
2010.05.26 04:51:26.707,0.90245,0.90255,3.20,8.80
2010.05.26 04:51:27.068,0.90245,0.90255,7.20,8.00
2010.05.26 04:51:27.423,0.9025,0.9026,1.60,11.20
2010.05.26 04:51:38.181,0.9025,0.9026,3.20,9.60
2010.05.26 04:51:38.263,0.9025,0.9026,3.20,8.00
2010.05.26 04:51:38.363,0.9025,0.9026,4.80,8.00
2010.05.26 04:51:38.464,0.9025,0.9026,5.30,8.00
2010.05.26 04:51:41.556,0.90255,0.9026,7.20,8.00
2010.05.26 04:51:41.737,0.9026,0.90265,3.20,8.00
2010.05.26 04:51:41.915,0.9026,0.90265,3.20,4.00
2010.05.26 04:51:42.095,0.9026,0.9027,7.20,4.00
2010.05.26 04:51:43.986,0.9026,0.9027,1.60,12.80
2010.05.26 04:51:44.124,0.9026,0.9027,1.60,8.80
2010.05.26 04:51:44.266,0.9026,0.90265,1.60,8.00
2010.05.26 04:51:44.544,0.90255,0.90265,3.20,8.00
2010.05.26 04:51:44.685,0.90255,0.90265,3.20,9.60
2010.05.26 04:51:47.005,0.90255,0.9026,1.60,8.00
2010.05.26 04:51:48.794,0.90255,0.90265,1.60,11.50
2010.05.26 04:51:48.988,0.90255,0.90265,1.60,11.20
2010.05.26 04:51:50.886,0.90255,0.9026,1.60,4.00
2010.05.26 04:51:51.146,0.90255,0.9026,1.60,8.00
2010.05.26 04:52:09.704,0.9025,0.9026,6.10,8.00
2010.05.26 04:52:09.964,0.9025,0.9026,6.10,9.60
2010.05.26 04:52:10.458,0.9025,0.9026,3.70,9.60
2010.05.26 04:52:12.565,0.9025,0.9026,2.10,9.60
2010.05.26 04:52:13.409,0.9025,0.9026,1.60,11.20
2010.05.26 04:52:13.584,0.90245,0.9026,20.40,11.20
2010.05.26 04:52:14.663,0.90245,0.9026,20.70,11.20
2010.05.26 04:52:26.424,0.90245,0.9026,18.30,13.60
2010.05.26 04:52:26.625,0.90245,0.9026,17.60,14.40
2010.05.26 04:52:27.183,0.9024,0.90255,12.50,13.60
2010.05.26 04:52:27.529,0.9024,0.90255,12.80,14.00
2010.05.26 04:52:27.777,0.9024,0.90255,12.70,14.00
2010.05.26 04:52:30.634,0.9024,0.90255,12.40,14.00
2010.05.26 04:52:37.807,0.9024,0.9025,10.00,3.60
2010.05.26 04:52:37.854,0.9024,0.9025,5.60,3.60
2010.05.26 04:52:37.945,0.9024,0.90245,9.60,1.00
2010.05.26 04:52:37.993,0.9024,0.90245,5.60,1.00
2010.05.26 04:52:38.094,0.9024,0.90245,6.00,1.00
2010.05.26 04:52:38.147,0.9024,0.90245,10.80,1.00
2010.05.26 04:52:38.194,0.9024,0.90245,6.80,1.00
2010.05.26 04:52:38.249,0.9024,0.90245,6.40,1.00
2010.05.26 04:52:38.333,0.9024,0.90245,1.60,1.00
2010.05.26 04:52:38.374,0.90235,0.90245,17.90,2.20
2010.05.26 04:52:38.427,0.90235,0.90245,17.80,2.20
2010.05.26 04:52:38.476,0.90235,0.90245,15.20,2.20
2010.05.26 04:52:38.879,0.90235,0.90245,1.60,14.80
2010.05.26 04:52:39.230,0.9023,0.90245,18.80,14.80
2010.05.26 04:52:48.745,0.9023,0.90245,18.80,13.20
2010.05.26 04:52:57.103,0.9023,0.9024,18.40,3.20
2010.05.26 04:52:57.453,0.9023,0.9024,1.60,11.20
2010.05.26 04:52:58.349,0.90225,0.9024,20.00,12.00
2010.05.26 04:53:07.538,0.90225,0.9024,20.80,11.20
2010.05.26 04:53:07.586,0.9023,0.9024,3.20,9.60
2010.05.26 04:53:08.059,0.9023,0.9024,1.60,11.20
2010.05.26 04:53:08.247,0.9023,0.9024,1.60,12.00
2010.05.26 04:53:26.833,0.9023,0.9024,1.60,13.60
2010.05.26 04:53:27.366,0.90225,0.90235,10.40,7.20
2010.05.26 04:53:27.434,0.90225,0.9023,8.00,3.20
2010.05.26 04:53:27.556,0.90215,0.9023,21.20,11.20
2010.05.26 04:53:28.017,0.90215,0.9023,20.80,12.00
2010.05.26 04:53:28.587,0.90215,0.9023,20.80,12.80
2010.05.26 04:53:28.932,0.90215,0.90225,4.00,11.20
2010.05.26 04:53:29.277,0.90215,0.90225,3.20,11.20
2010.05.26 04:53:29.965,0.9021,0.90225,20.80,11.20
2010.05.26 04:53:30.914,0.9021,0.90225,21.60,11.20
2010.05.26 04:53:32.506,0.90215,0.90225,3.20,11.20
2010.05.26 04:53:35.086,0.90215,0.90225,4.00,11.20
2010.05.26 04:53:35.135,0.90215,0.90225,4.00,9.60
2010.05.26 04:53:35.511,0.90215,0.90225,4.00,8.00
2010.05.26 04:53:36.276,0.90215,0.90225,4.00,9.60
2010.05.26 04:53:36.619,0.90215,0.90225,3.20,11.20
2010.05.26 04:53:37.926,0.90215,0.90225,8.00,11.20
2010.05.26 04:53:38.067,0.90215,0.90225,18.80,3.20
2010.05.26 04:53:38.205,0.90215,0.90225,20.40,3.20
2010.05.26 04:53:38.591,0.90215,0.90225,15.60,3.20
2010.05.26 04:53:38.850,0.90215,0.90225,3.20,8.00
2010.05.26 04:53:39.816,0.90215,0.90225,8.30,8.00
2010.05.26 04:53:39.917,0.90215,0.90225,9.50,8.00
2010.05.26 04:53:40.325,0.9022,0.9023,1.60,11.20
2010.05.26 04:53:41.559,0.9022,0.9023,8.70,9.60
2010.05.26 04:53:41.896,0.9022,0.9023,19.10,1.60
2010.05.26 04:53:53.404,0.9022,0.9023,16.70,1.60
2010.05.26 04:53:55.334,0.90225,0.9023,4.30,1.60
2010.05.26 04:53:55.464,0.90225,0.90235,8.30,8.00
2010.05.26 04:53:55.515,0.90225,0.90235,8.80,7.20
2010.05.26 04:53:55.564,0.90225,0.90235,13.20,3.20
2010.05.26 04:53:55.654,0.90225,0.90235,9.20,3.20
2010.05.26 04:53:55.987,0.90225,0.90235,8.00,4.00
2010.05.26 04:53:56.316,0.9022,0.9023,19.70,1.60
2010.05.26 04:53:56.645,0.9022,0.9023,19.10,1.60
2010.05.26 04:53:58.714,0.9022,0.9023,18.00,1.60
2010.05.26 04:53:58.846,0.9022,0.9023,4.00,11.20
2010.05.26 04:53:59.007,0.90215,0.90225,7.90,8.00
2010.05.26 04:53:59.167,0.90215,0.90225,2.00,9.60
2010.05.26 04:53:59.324,0.9021,0.90225,22.10,11.20
2010.05.26 04:53:59.484,0.9021,0.90225,22.70,11.20
2010.05.26 04:53:59.646,0.9021,0.90225,22.00,12.00
2010.05.26 04:54:03.593,0.9021,0.90225,22.20,12.00
2010.05.26 04:54:03.785,0.9021,0.90225,22.00,12.00
2010.05.26 04:54:04.896,0.90215,0.90225,1.00,12.00
2010.05.26 04:54:05.152,0.90215,0.90225,10.30,1.60
2010.05.26 04:54:05.706,0.9022,0.9023,7.10,12.80
2010.05.26 04:54:05.963,0.9022,0.9023,17.50,1.70
2010.05.26 04:54:06.314,0.9021,0.9022,6.00,8.00
2010.05.26 04:54:06.658,0.9021,0.9022,6.10,8.00
2010.05.26 04:54:07.928,0.9021,0.9022,5.30,9.60
2010.05.26 04:54:08.547,0.9021,0.9022,3.70,10.00
2010.05.26 04:54:09.107,0.9021,0.9022,1.60,15.60
2010.05.26 04:54:09.388,0.90205,0.90215,8.30,5.60
2010.05.26 04:54:09.983,0.902,0.90215,19.60,11.20
2010.05.26 04:54:10.328,0.902,0.90215,19.60,12.00
2010.05.26 04:54:11.087,0.902,0.90215,19.60,12.10
2010.05.26 04:54:11.715,0.902,0.90215,19.60,12.00
2010.05.26 04:54:12.510,0.902,0.9021,18.80,3.20
2010.05.26 04:54:13.225,0.902,0.9021,19.20,3.20
2010.05.26 04:54:13.455,0.902,0.9021,19.60,3.20
2010.05.26 04:54:14.847,0.902,0.9021,18.80,3.20
2010.05.26 04:54:21.324,0.90205,0.9021,1.00,3.20
2010.05.26 04:54:21.515,0.90205,0.90215,2.80,9.60
2010.05.26 04:54:21.686,0.90205,0.90215,3.40,9.60
2010.05.26 04:54:21.857,0.90205,0.90215,1.00,9.60
2010.05.26 04:54:22.288,0.902,0.90215,22.00,9.60
2010.05.26 04:54:22.459,0.902,0.90215,19.60,11.20
2010.05.26 04:54:22.786,0.90205,0.90215,2.40,9.60
2010.05.26 04:54:23.007,0.9021,0.9022,7.20,4.10
2010.05.26 04:54:23.226,0.9021,0.9022,8.00,4.10
2010.05.26 04:54:23.665,0.9021,0.9022,8.00,4.00
2010.05.26 04:54:24.564,0.90215,0.9022,1.60,4.00
2010.05.26 04:54:24.744,0.90215,0.9022,3.20,4.00
2010.05.26 04:54:25.705,0.90215,0.9022,4.00,4.00
2010.05.26 04:54:26.057,0.9022,0.9023,7.20,8.40
2010.05.26 04:54:26.400,0.9022,0.9023,3.20,10.40
2010.05.26 04:54:27.093,0.9022,0.90225,3.20,4.00
2010.05.26 04:54:29.217,0.9022,0.90225,1.60,4.00
2010.05.26 04:54:34.209,0.9021,0.9022,8.00,4.00
2010.05.26 04:54:37.597,0.9021,0.9022,1.60,9.60
2010.05.26 04:54:37.715,0.9021,0.9022,1.60,11.20
2010.05.26 04:54:39.214,0.90205,0.90215,15.50,1.60
2010.05.26 04:54:39.562,0.902,0.9021,5.60,11.20
2010.05.26 04:54:39.728,0.90195,0.9021,21.90,12.00
2010.05.26 04:54:39.896,0.90195,0.9021,21.20,12.00
2010.05.26 04:54:40.224,0.90195,0.9021,21.50,12.00
2010.05.26 04:54:42.332,0.90195,0.9021,21.50,12.80
2010.05.26 04:54:44.568,0.90195,0.9021,21.50,12.00
2010.05.26 04:54:45.806,0.902,0.9021,3.20,12.00
2010.05.26 04:54:46.025,0.902,0.9021,3.20,8.80
2010.05.26 04:54:47.026,0.902,0.9021,3.20,8.50
2010.05.26 04:54:47.635,0.902,0.9021,3.20,8.30
2010.05.26 04:54:48.564,0.902,0.9021,3.20,8.00
2010.05.26 04:54:50.774,0.902,0.9021,4.00,8.00
2010.05.26 04:54:50.984,0.902,0.9021,4.00,8.00
2010.05.26 04:54:51.606,0.902,0.9021,4.00,8.80
2010.05.26 04:54:52.185,0.902,0.9021,9.10,4.00
2010.05.26 04:54:52.399,0.902,0.9021,5.10,8.40
2010.05.26 04:54:52.738,0.902,0.9021,4.00,8.00
2010.05.26 04:54:53.076,0.902,0.9021,4.00,8.40
2010.05.26 04:54:53.659,0.902,0.9021,4.00,8.10
2010.05.26 04:54:54.585,0.902,0.9021,12.80,4.10
2010.05.26 04:54:54.767,0.902,0.90215,20.40,12.60
2010.05.26 04:54:55.180,0.90205,0.90215,1.00,11.20
2010.05.26 04:54:55.364,0.90215,0.90225,1.60,9.60
2010.05.26 04:54:55.546,0.90215,0.90225,1.60,10.00
2010.05.26 04:54:55.887,0.90215,0.90225,1.60,11.60
2010.05.26 04:54:58.395,0.90215,0.90225,1.60,12.00
2010.05.26 04:54:58.525,0.9021,0.90225,12.00,18.40
2010.05.26 04:54:58.656,0.9021,0.9022,4.00,8.00
2010.05.26 04:54:58.945,0.9021,0.9022,3.20,8.00
2010.05.26 04:55:03.093,0.9021,0.9022,3.30,8.00
2010.05.26 04:55:03.326,0.9021,0.90225,12.10,17.60
2010.05.26 04:55:03.568,0.9022,0.9023,8.80,4.40
2010.05.26 04:55:03.808,0.9022,0.9023,10.80,6.00
2010.05.26 04:55:04.046,0.9022,0.9023,1.60,16.00
2010.05.26 04:55:04.286,0.9022,0.9023,1.60,18.40
2010.05.26 04:55:04.861,0.9022,0.9023,1.60,16.00
2010.05.26 04:55:05.229,0.9022,0.9023,1.60,18.40
2010.05.26 04:55:05.327,0.9022,0.9023,1.60,18.00
2010.05.26 04:55:05.427,0.9022,0.9023,1.60,11.20
2010.05.26 04:55:05.529,0.9022,0.9023,2.40,9.60
2010.05.26 04:55:05.625,0.9022,0.9023,6.80,9.60
2010.05.26 04:55:06.015,0.9022,0.9023,9.20,9.60
2010.05.26 04:55:06.688,0.9022,0.9023,17.20,1.60
2010.05.26 04:55:08.424,0.9022,0.9023,17.30,1.60
2010.05.26 04:55:10.062,0.9022,0.9023,17.30,1.70
2010.05.26 04:55:10.168,0.9022,0.9023,14.80,4.10
2010.05.26 04:55:10.821,0.90215,0.90225,14.00,5.60
2010.05.26 04:55:10.928,0.90215,0.90225,18.00,1.60
2010.05.26 04:55:11.035,0.90215,0.90225,20.40,1.60
2010.05.26 04:55:12.368,0.9022,0.9023,1.60,12.00
2010.05.26 04:55:12.776,0.9022,0.9023,1.60,11.20
2010.05.26 04:55:26.235,0.90225,0.9023,1.60,8.00
2010.05.26 04:55:26.415,0.90225,0.9023,1.60,4.00
2010.05.26 04:55:27.310,0.9022,0.9023,7.20,5.60
2010.05.26 04:55:27.566,0.9022,0.9023,3.20,9.60
2010.05.26 04:55:31.175,0.9022,0.9023,14.40,5.60
2010.05.26 04:55:31.516,0.9022,0.9023,18.80,1.60
2010.05.26 04:55:42.927,0.9022,0.90235,19.60,11.20
2010.05.26 04:55:59.863,0.9022,0.90235,19.20,11.20
2010.05.26 04:56:02.555,0.9022,0.90235,18.40,11.20
2010.05.26 04:56:09.895,0.9022,0.90235,19.20,11.20
2010.05.26 04:56:10.005,0.90225,0.90235,7.30,5.60
2010.05.26 04:56:10.075,0.9023,0.90235,4.40,1.60
2010.05.26 04:56:10.145,0.9023,0.9024,12.40,7.20
2010.05.26 04:56:10.217,0.9023,0.90245,16.40,15.00
2010.05.26 04:56:10.285,0.9023,0.90245,13.10,16.60
2010.05.26 04:56:10.713,0.90235,0.9024,3.20,8.00
2010.05.26 04:56:10.856,0.90235,0.9024,3.20,4.00
2010.05.26 04:56:10.927,0.90235,0.90245,4.00,10.40
2010.05.26 04:56:11.271,0.9024,0.9025,11.20,4.80
2010.05.26 04:56:11.618,0.90245,0.90255,4.00,8.40
2010.05.26 04:56:11.957,0.9025,0.9026,4.00,8.00
2010.05.26 04:56:12.688,0.9025,0.90265,14.50,16.00
2010.05.26 04:56:13.035,0.9025,0.90265,18.90,11.60
2010.05.26 04:56:13.174,0.90255,0.9027,17.20,11.60
2010.05.26 04:56:13.309,0.9026,0.9027,6.40,11.20
2010.05.26 04:56:13.440,0.9026,0.9027,8.40,8.00
2010.05.26 04:56:13.860,0.9026,0.9027,9.20,8.00
2010.05.26 04:56:13.995,0.90265,0.90275,3.20,11.20
2010.05.26 04:56:14.125,0.90265,0.90275,3.20,9.60
2010.05.26 04:56:14.810,0.9026,0.90265,3.20,8.00
2010.05.26 04:56:15.233,0.9026,0.9027,1.60,13.60
2010.05.26 04:56:15.403,0.90245,0.90255,3.20,8.00
2010.05.26 04:56:15.574,0.90245,0.90255,3.20,8.10
2010.05.26 04:56:15.916,0.90245,0.90255,3.20,11.60
2010.05.26 04:56:16.246,0.90245,0.90255,3.20,12.00
2010.05.26 04:56:16.587,0.90245,0.90255,18.80,1.60
2010.05.26 04:56:16.926,0.90245,0.90255,20.40,1.60
2010.05.26 04:56:19.854,0.90245,0.90255,16.80,3.60
2010.05.26 04:56:19.905,0.90245,0.90255,10.40,4.00
2010.05.26 04:56:19.955,0.90245,0.9025,4.00,4.00
2010.05.26 04:56:20.006,0.9024,0.9025,5.20,4.00
2010.05.26 04:56:20.524,0.9024,0.9025,4.40,5.60
2010.05.26 04:56:20.863,0.9024,0.9025,1.60,7.20
2010.05.26 04:56:21.808,0.90245,0.9025,4.80,7.20
2010.05.26 04:56:22.100,0.90245,0.9025,4.00,1.60
2010.05.26 04:56:22.447,0.9024,0.9025,18.80,1.60
2010.05.26 04:56:22.743,0.9024,0.9025,17.20,1.60
2010.05.26 04:56:25.935,0.90245,0.90255,1.00,10.20
2010.05.26 04:56:26.044,0.90245,0.90255,4.40,9.70
2010.05.26 04:56:26.154,0.90245,0.90255,14.80,1.70
2010.05.26 04:56:26.265,0.90245,0.90255,17.20,1.70
2010.05.26 04:56:27.824,0.90245,0.90255,17.20,1.60
2010.05.26 04:56:28.505,0.90245,0.90255,18.80,1.60
2010.05.26 04:56:29.434,0.9025,0.9026,13.20,2.40
2010.05.26 04:56:31.613,0.90245,0.90255,20.80,1.60
2010.05.26 04:56:33.494,0.9025,0.90255,1.00,1.60
2010.05.26 04:56:33.617,0.9025,0.9026,13.20,4.80
2010.05.26 04:56:33.736,0.9025,0.9026,13.20,3.20
2010.05.26 04:56:34.318,0.9025,0.9026,13.20,2.40
2010.05.26 04:56:34.975,0.9025,0.9026,8.80,2.80
2010.05.26 04:56:35.177,0.90245,0.90255,18.10,1.60
2010.05.26 04:56:35.295,0.90245,0.90255,20.50,1.60
2010.05.26 04:56:37.493,0.90245,0.90255,20.40,1.60
2010.05.26 04:56:42.204,0.90245,0.90255,14.80,5.60
2010.05.26 04:56:42.902,0.90235,0.9025,20.70,11.60
2010.05.26 04:56:51.484,0.90235,0.9025,19.10,11.60
2010.05.26 04:56:51.716,0.90235,0.90245,15.10,1.00
2010.05.26 04:56:52.666,0.90235,0.9025,18.30,12.40
2010.05.26 04:56:53.161,0.90235,0.9025,20.70,12.40
2010.05.26 04:56:57.616,0.90235,0.9025,20.70,10.80
2010.05.26 04:56:57.957,0.9024,0.9025,13.20,1.60
2010.05.26 04:56:58.055,0.9024,0.9025,15.60,1.60
2010.05.26 04:57:00.257,0.9024,0.9025,17.20,1.60
2010.05.26 04:57:01.794,0.90245,0.90255,17.10,1.60
2010.05.26 04:57:02.137,0.90245,0.90255,17.50,1.60
2010.05.26 04:57:05.795,0.90245,0.90255,20.70,1.60
2010.05.26 04:57:06.294,0.90245,0.90255,20.40,1.60
2010.05.26 04:57:06.975,0.90245,0.90255,20.50,1.60
2010.05.26 04:57:07.316,0.90245,0.90255,20.40,1.60
2010.05.26 04:57:24.084,0.90245,0.9026,20.40,12.40
2010.05.26 04:57:26.893,0.90245,0.9026,20.40,11.60
2010.05.26 04:57:27.797,0.90255,0.9026,1.20,3.20
2010.05.26 04:57:28.019,0.90255,0.90265,12.80,1.70
2010.05.26 04:57:28.106,0.90255,0.90265,14.80,1.70
2010.05.26 04:57:28.196,0.90255,0.90265,18.80,1.60
2010.05.26 04:57:28.970,0.90255,0.9027,18.80,12.40
2010.05.26 04:57:29.272,0.90265,0.90275,3.20,9.60
2010.05.26 04:57:30.448,0.90265,0.90275,14.40,4.00
2010.05.26 04:57:30.791,0.9027,0.9028,1.60,11.60
2010.05.26 04:57:36.324,0.9027,0.9028,1.60,10.00
2010.05.26 04:57:36.408,0.9027,0.90285,18.80,11.20
2010.05.26 04:57:36.485,0.90275,0.90285,3.20,8.00
2010.05.26 04:57:36.827,0.90275,0.90285,3.20,8.40
2010.05.26 04:57:43.834,0.90275,0.90285,3.20,10.00
2010.05.26 04:57:44.183,0.90275,0.90285,3.20,11.60
2010.05.26 04:57:44.858,0.90275,0.90285,6.80,9.60
2010.05.26 04:57:45.142,0.90275,0.9029,22.80,12.00
2010.05.26 04:57:45.424,0.9028,0.9029,1.60,11.20
2010.05.26 04:57:48.274,0.9028,0.9029,1.60,11.60
2010.05.26 04:57:53.234,0.90275,0.90285,22.00,1.60
2010.05.26 04:57:53.624,0.90275,0.90285,12.00,11.60
2010.05.26 04:57:53.871,0.9026,0.9027,3.60,9.60
2010.05.26 04:57:54.118,0.90255,0.9027,18.00,11.20
2010.05.26 04:57:54.596,0.90255,0.9027,18.30,11.20
2010.05.26 04:57:55.360,0.9026,0.9027,5.20,11.20
2010.05.26 04:57:55.633,0.90265,0.9027,1.60,8.00
2010.05.26 04:57:55.899,0.90265,0.90275,1.60,11.60
2010.05.26 04:57:56.249,0.90265,0.90275,1.60,11.60
2010.05.26 04:58:01.788,0.90265,0.90275,1.70,11.60
2010.05.26 04:58:02.044,0.90265,0.9028,20.40,11.60
2010.05.26 04:58:02.297,0.90265,0.9028,20.50,11.60
2010.05.26 04:58:03.054,0.90265,0.9028,20.40,11.60
2010.05.26 04:58:03.246,0.9027,0.9028,1.60,11.60
2010.05.26 04:58:04.437,0.90265,0.90275,18.00,1.60
2010.05.26 04:58:04.505,0.90265,0.90275,18.10,1.60
2010.05.26 04:58:04.946,0.90265,0.90275,18.00,1.60
2010.05.26 04:58:05.029,0.90265,0.90275,18.10,1.60
2010.05.26 04:58:05.389,0.90265,0.90275,18.00,1.60
2010.05.26 04:58:07.534,0.90265,0.90275,14.80,1.60
2010.05.26 04:58:08.084,0.90265,0.90275,14.90,1.60
2010.05.26 04:58:08.579,0.90265,0.90275,14.80,1.60
2010.05.26 04:58:08.716,0.90265,0.90275,18.00,1.60
2010.05.26 04:58:10.014,0.9027,0.90275,4.80,1.60
2010.05.26 04:58:10.078,0.9027,0.90275,9.20,1.60
2010.05.26 04:58:10.096,0.9027,0.90275,13.20,1.60
2010.05.26 04:58:10.168,0.9027,0.90275,15.60,1.60
2010.05.26 04:58:10.539,0.9027,0.90285,19.10,11.60
2010.05.26 04:58:10.784,0.90275,0.90285,1.60,11.60
2010.05.26 04:58:10.805,0.90275,0.90285,3.20,11.60
2010.05.26 04:58:15.842,0.90275,0.90285,8.30,11.20
2010.05.26 04:58:15.958,0.9028,0.9029,15.10,1.60
2010.05.26 04:58:16.157,0.9028,0.9029,15.90,1.60
2010.05.26 04:58:16.355,0.9028,0.9029,17.50,1.60
2010.05.26 04:58:16.455,0.9028,0.9029,19.10,1.60
2010.05.26 04:58:19.316,0.9028,0.9029,10.30,9.60
2010.05.26 04:58:19.437,0.9028,0.9029,1.60,11.20
2010.05.26 04:58:22.587,0.90275,0.90285,3.20,8.00
2010.05.26 04:58:22.848,0.90275,0.90285,3.20,8.40
2010.05.26 04:58:23.106,0.90275,0.90285,3.20,11.20
2010.05.26 04:58:23.367,0.9027,0.90285,19.10,11.20
2010.05.26 04:58:23.667,0.9027,0.90285,19.10,12.00
2010.05.26 04:58:29.797,0.9027,0.90285,19.20,12.00
2010.05.26 04:58:29.884,0.9027,0.90285,19.20,12.00
2010.05.26 04:58:30.112,0.9027,0.90285,19.10,12.00
2010.05.26 04:58:30.654,0.9027,0.90285,17.50,12.00
2010.05.26 04:58:36.314,0.9027,0.90285,17.60,12.00
2010.05.26 04:58:36.664,0.9027,0.90285,16.70,12.00
2010.05.26 04:58:46.848,0.9027,0.90285,16.80,12.00
2010.05.26 04:58:47.477,0.9027,0.90285,18.30,12.00
2010.05.26 04:58:59.137,0.9027,0.90285,18.30,11.20
2010.05.26 04:59:04.190,0.90275,0.90285,4.00,7.20
2010.05.26 04:59:09.385,0.90275,0.90285,5.30,7.20
2010.05.26 04:59:10.000,0.90275,0.90285,1.60,11.20
2010.05.26 04:59:12.148,0.90275,0.90285,1.70,11.20
2010.05.26 04:59:14.724,0.90275,0.90285,1.70,11.30
2010.05.26 04:59:16.884,0.90275,0.90285,2.30,11.20
2010.05.26 04:59:17.376,0.90275,0.90285,9.40,9.60
2010.05.26 04:59:17.576,0.90275,0.9029,21.40,11.20
2010.05.26 04:59:17.988,0.90275,0.9029,23.00,11.20
2010.05.26 04:59:18.277,0.9028,0.9029,1.60,11.50
2010.05.26 04:59:24.525,0.9028,0.9029,1.60,9.90
2010.05.26 04:59:27.910,0.9028,0.9029,1.70,9.90
2010.05.26 04:59:28.047,0.9028,0.9029,3.30,8.30
2010.05.26 04:59:28.287,0.9028,0.9029,3.20,8.30
2010.05.26 04:59:28.702,0.9028,0.9029,3.30,9.90
2010.05.26 04:59:29.048,0.9028,0.9029,1.60,9.90
2010.05.26 04:59:31.988,0.9028,0.9029,1.60,11.50
2010.05.26 04:59:32.291,0.90275,0.90285,9.20,11.20
2010.05.26 04:59:32.638,0.90275,0.90285,3.60,11.20
2010.05.26 04:59:32.954,0.90265,0.90275,12.70,1.60
2010.05.26 04:59:33.237,0.90255,0.90265,21.20,4.00
2010.05.26 04:59:33.808,0.90255,0.90265,3.20,8.00
2010.05.26 04:59:34.097,0.9025,0.9026,1.60,9.60
2010.05.26 04:59:34.441,0.9025,0.90255,1.60,4.00
2010.05.26 04:59:34.818,0.9025,0.90255,1.60,5.60
2010.05.26 04:59:35.163,0.9024,0.9025,3.20,4.30
2010.05.26 04:59:35.508,0.9024,0.9025,3.20,7.50
2010.05.26 04:59:36.109,0.9024,0.9025,1.60,7.50
2010.05.26 04:59:38.115,0.9024,0.9025,3.20,7.50
2010.05.26 04:59:38.992,0.90245,0.90255,1.60,12.00
2010.05.26 04:59:39.494,0.90245,0.90255,1.60,11.20
2010.05.26 04:59:39.774,0.90245,0.90255,3.20,8.00
2010.05.26 04:59:40.300,0.9025,0.90255,1.60,8.00
2010.05.26 04:59:40.876,0.9025,0.9026,1.60,8.00
2010.05.26 04:59:41.191,0.9025,0.9026,3.20,8.00
2010.05.26 04:59:42.101,0.90255,0.9026,1.00,8.00
2010.05.26 04:59:42.778,0.90255,0.9026,3.20,8.00
2010.05.26 04:59:43.112,0.90255,0.90265,7.20,7.20
2010.05.26 04:59:44.022,0.90255,0.90265,7.20,7.50
2010.05.26 04:59:46.149,0.90255,0.90265,3.20,11.50
2010.05.26 04:59:46.304,0.90255,0.90265,11.10,4.00
2010.05.26 04:59:46.463,0.9026,0.9027,4.00,4.00
2010.05.26 04:59:47.127,0.90255,0.9027,11.20,15.90
2010.05.26 04:59:47.475,0.90255,0.90265,7.20,4.00
2010.05.26 04:59:47.818,0.90255,0.90265,3.20,8.00
2010.05.26 04:59:49.699,0.90255,0.90265,3.30,8.00
2010.05.26 04:59:50.336,0.90255,0.90265,5.60,8.00
2010.05.26 04:59:50.629,0.90255,0.90265,8.00,8.00
2010.05.26 04:59:50.922,0.9026,0.9027,4.00,14.40
2010.05.26 04:59:51.220,0.90255,0.90265,5.60,8.00
2010.05.26 04:59:52.896,0.9026,0.90265,2.70,8.00
2010.05.26 04:59:53.067,0.9026,0.90265,5.60,8.00
2010.05.26 04:59:53.238,0.90265,0.90275,10.40,4.40
2010.05.26 04:59:53.643,0.90265,0.90275,10.40,4.70
2010.05.26 04:59:53.820,0.90265,0.90275,5.60,8.70
2010.05.26 04:59:54.326,0.90265,0.90275,5.60,8.80
2010.05.26 04:59:54.669,0.90265,0.90275,9.60,2.80
2010.05.26 04:59:55.327,0.9027,0.9028,1.60,9.60
2010.05.26 04:59:55.527,0.9027,0.9028,3.20,9.60
2010.05.26 04:59:56.400,0.9027,0.9028,1.60,11.20
2010.05.26 04:59:57.466,0.9027,0.9028,1.60,11.50
