2015.06.16 23:00:00.300,1.23383,1.23391,1.00,1.50
2015.06.16 23:00:00.771,1.23381,1.2339,1.00,1.00
2015.06.16 23:00:01.380,1.2338,1.23388,1.50,1.00
2015.06.16 23:00:01.686,1.23378,1.23388,1.00,1.00
2015.06.16 23:00:01.737,1.23376,1.23388,1.50,1.00
2015.06.16 23:00:02.394,1.23376,1.23386,1.00,1.50
2015.06.16 23:00:03.019,1.23376,1.23386,1.12,1.00
2015.06.16 23:00:11.204,1.23376,1.23387,1.12,1.00
2015.06.16 23:00:13.420,1.23375,1.23386,3.37,1.00
2015.06.16 23:00:13.944,1.23375,1.23387,2.62,1.00
2015.06.16 23:00:44.257,1.23376,1.23386,1.87,1.00
2015.06.16 23:00:49.862,1.23376,1.23388,1.87,1.57
2015.06.16 23:00:59.951,1.23376,1.23387,1.87,1.00
2015.06.16 23:01:00.452,1.23376,1.23384,1.87,1.00
2015.06.16 23:01:00.796,1.23373,1.23382,2.25,1.00
2015.06.16 23:01:03.443,1.23373,1.2338,1.12,1.00
2015.06.16 23:01:03.949,1.23373,1.2338,1.07,1.00
2015.06.16 23:01:09.359,1.23374,1.23381,1.10,1.00
2015.06.16 23:01:09.663,1.23373,1.23379,1.37,1.00
2015.06.16 23:01:10.065,1.23373,1.23376,1.12,1.00
2015.06.16 23:01:11.432,1.23372,1.23377,1.87,1.50
2015.06.16 23:01:12.512,1.23373,1.23378,1.12,1.50
2015.06.16 23:01:14.717,1.23372,1.23377,1.87,1.00
2015.06.16 23:01:15.254,1.23372,1.23378,3.37,1.00
2015.06.16 23:01:16.037,1.23372,1.23378,3.37,1.00
2015.06.16 23:01:24.133,1.23374,1.23378,1.00,1.00
2015.06.16 23:01:24.387,1.23375,1.23382,2.25,1.87
2015.06.16 23:01:24.488,1.23375,1.23382,2.25,1.57
2015.06.16 23:01:24.634,1.23377,1.23382,1.00,1.50
2015.06.16 23:01:25.183,1.23375,1.23382,2.32,1.50
2015.06.16 23:01:35.387,1.23377,1.23382,1.00,1.50
2015.06.16 23:01:35.986,1.23375,1.23382,2.32,1.50
2015.06.16 23:01:36.520,1.23376,1.23382,1.00,1.50
2015.06.16 23:01:38.517,1.23375,1.23382,2.32,1.50
2015.06.16 23:01:39.024,1.23375,1.23381,1.00,1.50
2015.06.16 23:01:41.923,1.23374,1.23381,2.32,1.00
2015.06.16 23:01:43.793,1.23375,1.23381,1.00,1.00
2015.06.16 23:01:50.647,1.23374,1.23381,2.32,1.00
2015.06.16 23:01:51.153,1.23375,1.23381,1.00,1.50
2015.06.16 23:01:59.148,1.23375,1.23382,1.50,3.07
2015.06.16 23:01:59.672,1.23376,1.23382,1.00,3.07
2015.06.16 23:02:00.257,1.23377,1.23382,1.00,1.10
2015.06.16 23:02:04.754,1.23378,1.23386,1.00,1.50
2015.06.16 23:02:04.856,1.2338,1.23387,1.00,1.87
2015.06.16 23:02:05.161,1.23387,1.23389,1.00,2.90
2015.06.16 23:02:05.515,1.23387,1.23394,1.50,2.62
2015.06.16 23:02:06.156,1.23387,1.23393,1.00,1.57
2015.06.16 23:02:11.766,1.23386,1.23393,1.50,1.57
2015.06.16 23:02:12.272,1.23387,1.23393,1.00,1.10
2015.06.16 23:02:16.519,1.23388,1.23394,1.00,1.12
2015.06.16 23:02:17.026,1.23387,1.23393,1.00,1.12
2015.06.16 23:02:17.564,1.23385,1.23393,2.25,1.12
2015.06.16 23:02:19.140,1.23386,1.23393,1.50,1.12
2015.06.16 23:02:19.676,1.23385,1.23393,2.25,1.12
2015.06.16 23:02:20.249,1.23386,1.23393,1.00,1.12
2015.06.16 23:02:33.855,1.23387,1.23392,1.00,1.10
2015.06.16 23:02:34.877,1.23386,1.23392,1.50,1.10
2015.06.16 23:02:35.399,1.23387,1.23392,1.00,1.10
2015.06.16 23:02:45.482,1.23386,1.23392,1.50,1.10
2015.06.16 23:02:45.999,1.23387,1.23392,1.00,1.10
2015.06.16 23:02:54.914,1.23386,1.23392,1.50,1.10
2015.06.16 23:02:55.705,1.23387,1.23392,1.00,1.10
2015.06.16 23:02:59.275,1.23386,1.23392,1.50,1.10
2015.06.16 23:02:59.781,1.23387,1.23393,1.00,1.12
2015.06.16 23:03:01.882,1.23386,1.23393,1.50,1.12
2015.06.16 23:03:02.682,1.23387,1.23393,1.00,1.12
2015.06.16 23:03:03.523,1.23386,1.23393,1.50,1.12
2015.06.16 23:03:04.033,1.23387,1.23393,1.00,1.12
2015.06.16 23:03:07.828,1.23386,1.23393,1.50,1.50
2015.06.16 23:03:08.375,1.23387,1.23393,1.00,1.50
2015.06.16 23:03:13.590,1.23386,1.23393,1.00,2.62
2015.06.16 23:03:13.692,1.23384,1.23392,1.50,1.10
2015.06.16 23:03:14.242,1.23384,1.23393,1.50,1.87
2015.06.16 23:03:19.819,1.23385,1.23393,1.00,1.87
2015.06.16 23:03:21.240,1.23386,1.23392,1.00,1.12
2015.06.16 23:03:31.813,1.23387,1.23393,1.00,1.37
2015.06.16 23:03:35.058,1.23387,1.23393,1.00,1.10
2015.06.16 23:03:36.453,1.23386,1.23393,1.50,1.57
2015.06.16 23:03:39.057,1.23386,1.23392,1.50,1.00
2015.06.16 23:03:39.578,1.23385,1.23392,1.50,2.25
2015.06.16 23:03:41.333,1.23386,1.23392,1.00,1.00
2015.06.16 23:03:54.403,1.23385,1.23392,1.50,1.00
2015.06.16 23:04:11.679,1.23386,1.23392,1.00,1.00
2015.06.16 23:04:13.557,1.23385,1.23392,1.50,1.00
2015.06.16 23:04:14.074,1.23386,1.23392,1.50,1.00
2015.06.16 23:04:14.581,1.23387,1.23393,1.00,2.32
2015.06.16 23:04:15.289,1.23387,1.23392,1.00,1.00
2015.06.16 23:04:15.793,1.23387,1.23393,1.00,2.32
2015.06.16 23:04:16.368,1.23388,1.23393,1.00,1.57
2015.06.16 23:04:23.422,1.23387,1.23393,1.00,1.57
2015.06.16 23:04:31.460,1.23387,1.23392,1.00,1.00
2015.06.16 23:04:49.914,1.23386,1.23392,1.50,1.00
2015.06.16 23:04:50.431,1.23387,1.23392,1.50,1.00
2015.06.16 23:04:51.619,1.23387,1.23393,1.50,1.50
2015.06.16 23:04:54.249,1.23386,1.23393,1.50,2.25
2015.06.16 23:04:54.452,1.23383,1.23391,1.00,3.00
2015.06.16 23:04:54.553,1.23385,1.23392,1.00,1.37
2015.06.16 23:04:55.057,1.23386,1.23393,1.50,1.37
2015.06.16 23:04:56.670,1.23387,1.23394,1.50,3.75
2015.06.16 23:04:57.171,1.23387,1.23394,1.50,3.37
2015.06.16 23:05:02.507,1.23388,1.23394,1.00,3.37
2015.06.16 23:05:03.021,1.23387,1.23394,1.50,3.37
2015.06.16 23:05:04.595,1.23389,1.23394,1.00,1.37
2015.06.16 23:05:04.900,1.23392,1.23397,1.00,1.50
2015.06.16 23:05:04.951,1.23392,1.23397,1.00,1.07
2015.06.16 23:05:05.257,1.23394,1.23399,1.00,1.07
2015.06.16 23:05:12.367,1.23395,1.23399,1.00,1.07
2015.06.16 23:05:12.874,1.23395,1.234,1.50,1.07
2015.06.16 23:05:13.391,1.23396,1.234,1.00,1.07
2015.06.16 23:05:15.679,1.23394,1.234,2.25,1.07
2015.06.16 23:05:17.659,1.23393,1.234,1.50,1.07
2015.06.16 23:05:20.402,1.23394,1.23401,1.00,1.87
2015.06.16 23:05:22.011,1.23393,1.23401,2.25,1.12
2015.06.16 23:05:22.517,1.23394,1.234,1.50,1.07
2015.06.16 23:05:24.197,1.23395,1.23401,1.00,1.12
2015.06.16 23:05:30.304,1.23396,1.23402,1.00,1.37
2015.06.16 23:05:30.558,1.23397,1.23403,1.50,1.10
2015.06.16 23:05:30.892,1.23399,1.23403,1.00,1.10
2015.06.16 23:05:31.145,1.234,1.23409,1.00,2.25
2015.06.16 23:05:32.415,1.23401,1.23407,1.00,1.12
2015.06.16 23:05:33.235,1.23401,1.23407,1.50,1.10
2015.06.16 23:05:33.741,1.23402,1.23407,1.50,1.10
2015.06.16 23:05:34.248,1.23401,1.23408,1.50,1.10
2015.06.16 23:05:35.026,1.23401,1.23407,1.00,1.00
2015.06.16 23:05:37.659,1.23401,1.23406,1.00,1.00
2015.06.16 23:05:38.172,1.23402,1.23406,1.00,1.12
2015.06.16 23:05:39.416,1.23401,1.23406,1.00,1.12
2015.06.16 23:05:39.923,1.23402,1.23406,1.00,1.12
2015.06.16 23:05:55.214,1.23401,1.23406,1.00,1.12
2015.06.16 23:05:55.729,1.23401,1.23406,1.00,1.00
2015.06.16 23:05:56.404,1.234,1.23406,2.25,1.00
2015.06.16 23:06:03.916,1.23399,1.23406,2.32,1.00
2015.06.16 23:06:04.428,1.234,1.23406,1.00,1.10
2015.06.16 23:06:11.143,1.23399,1.23406,1.00,1.10
2015.06.16 23:06:11.717,1.23398,1.23406,2.25,1.10
2015.06.16 23:06:12.375,1.23399,1.23406,1.00,1.10
2015.06.16 23:06:17.914,1.23398,1.23405,2.25,1.00
2015.06.16 23:06:18.462,1.23397,1.23404,3.82,1.00
2015.06.16 23:06:18.968,1.23397,1.23405,2.25,1.10
2015.06.16 23:06:19.447,1.23399,1.23406,1.00,1.87
2015.06.16 23:06:23.876,1.23398,1.23404,1.00,1.00
2015.06.16 23:06:25.178,1.23398,1.23405,1.00,1.57
2015.06.16 23:06:25.826,1.23398,1.23405,1.00,1.87
2015.06.16 23:06:30.090,1.23398,1.23402,1.00,1.00
2015.06.16 23:06:30.640,1.23397,1.23402,1.00,1.50
2015.06.16 23:06:31.146,1.23397,1.23403,1.00,1.50
2015.06.16 23:06:34.789,1.23396,1.23401,1.00,1.00
2015.06.16 23:06:35.295,1.23395,1.234,1.00,1.00
2015.06.16 23:06:35.650,1.23391,1.23398,1.87,1.00
2015.06.16 23:06:35.803,1.23388,1.23397,3.75,1.00
2015.06.16 23:06:36.157,1.23388,1.23392,3.37,1.00
2015.06.16 23:06:36.267,1.23388,1.23393,2.62,1.00
2015.06.16 23:06:36.318,1.23387,1.23389,1.37,1.00
2015.06.16 23:06:36.369,1.23387,1.23389,1.00,1.00
2015.06.16 23:06:36.471,1.23381,1.23386,1.12,1.00
2015.06.16 23:06:36.575,1.23377,1.23385,1.87,1.00
2015.06.16 23:06:36.778,1.23376,1.23384,1.57,1.00
2015.06.16 23:06:42.295,1.23377,1.23385,1.10,1.00
2015.06.16 23:06:44.497,1.23378,1.23386,1.00,1.57
2015.06.16 23:06:44.601,1.23378,1.23386,1.75,1.50
2015.06.16 23:06:44.804,1.23385,1.23389,1.10,1.50
2015.06.16 23:06:45.158,1.23385,1.23389,1.12,1.50
2015.06.16 23:06:45.680,1.23381,1.23389,1.75,1.50
2015.06.16 23:06:47.071,1.23382,1.23388,1.50,1.00
2015.06.16 23:06:47.830,1.23381,1.23388,1.50,1.00
2015.06.16 23:06:51.629,1.2338,1.23388,1.50,1.00
2015.06.16 23:06:52.665,1.2338,1.23387,1.50,1.00
2015.06.16 23:07:01.777,1.2338,1.23388,1.50,1.00
2015.06.16 23:07:05.611,1.2338,1.23389,2.25,2.25
2015.06.16 23:07:06.399,1.2338,1.23388,1.50,1.00
2015.06.16 23:07:07.718,1.2338,1.23389,1.50,1.00
2015.06.16 23:07:08.804,1.23381,1.23388,1.37,1.00
2015.06.16 23:07:10.372,1.2338,1.23388,1.87,1.00
2015.06.16 23:07:18.590,1.2338,1.23388,1.07,1.50
2015.06.16 23:07:25.139,1.2338,1.23389,1.57,1.00
2015.06.16 23:07:37.707,1.23381,1.2339,1.57,1.57
2015.06.16 23:07:40.120,1.23382,1.2339,1.00,1.10
2015.06.16 23:07:41.626,1.23381,1.2339,1.57,1.57
2015.06.16 23:07:42.132,1.23382,1.2339,1.00,1.10
2015.06.16 23:07:43.676,1.23381,1.2339,1.57,1.57
2015.06.16 23:07:44.224,1.23382,1.2339,1.00,1.10
2015.06.16 23:07:45.633,1.23381,1.2339,1.57,1.57
2015.06.16 23:07:47.869,1.23382,1.2339,1.00,1.10
2015.06.16 23:07:49.630,1.23381,1.2339,1.57,1.57
2015.06.16 23:07:50.157,1.23382,1.2339,1.00,1.10
2015.06.16 23:08:00.142,1.23382,1.23389,1.10,1.00
2015.06.16 23:08:10.900,1.23381,1.23388,1.87,1.00
2015.06.16 23:08:12.200,1.23381,1.23389,2.62,1.00
2015.06.16 23:08:17.886,1.23382,1.2339,1.10,1.00
2015.06.16 23:08:18.396,1.23382,1.23389,1.10,1.00
2015.06.16 23:08:31.120,1.23382,1.2339,1.10,1.00
2015.06.16 23:08:31.637,1.23382,1.23389,1.57,1.00
2015.06.16 23:08:32.240,1.23382,1.23388,1.10,1.00
2015.06.16 23:09:00.789,1.23382,1.23389,1.57,1.00
2015.06.16 23:09:07.003,1.23385,1.23389,1.00,1.00
2015.06.16 23:09:07.508,1.23385,1.23388,1.00,1.00
2015.06.16 23:09:08.013,1.23385,1.23391,1.00,1.57
2015.06.16 23:09:08.820,1.23385,1.23389,1.00,1.00
2015.06.16 23:09:09.376,1.23385,1.23388,1.00,1.00
2015.06.16 23:09:09.882,1.23384,1.23389,1.00,1.00
2015.06.16 23:09:11.091,1.23384,1.23388,1.00,1.00
2015.06.16 23:09:21.295,1.23385,1.23388,1.00,1.00
2015.06.16 23:09:23.009,1.23385,1.23389,1.00,1.00
2015.06.16 23:09:23.518,1.23384,1.23389,1.00,1.00
2015.06.16 23:09:34.507,1.23385,1.23389,1.00,1.00
2015.06.16 23:09:35.042,1.23386,1.23389,1.00,1.00
2015.06.16 23:09:37.042,1.23385,1.23389,1.00,1.00
2015.06.16 23:09:37.709,1.23384,1.23389,1.00,1.00
2015.06.16 23:09:42.459,1.23384,1.2339,1.50,1.00
2015.06.16 23:09:44.033,1.23385,1.2339,1.00,1.00
2015.06.16 23:09:49.149,1.23384,1.23391,1.00,1.00
2015.06.16 23:09:51.866,1.23384,1.2339,1.00,1.00
2015.06.16 23:09:56.200,1.23385,1.23391,1.00,1.00
2015.06.16 23:10:24.198,1.23384,1.2339,1.00,1.00
2015.06.16 23:10:26.592,1.23384,1.23391,1.00,1.50
2015.06.16 23:10:26.903,1.23383,1.23389,1.00,1.00
2015.06.16 23:10:27.410,1.23383,1.2339,1.00,1.50
2015.06.16 23:10:29.707,1.23383,1.23389,1.00,1.00
2015.06.16 23:10:30.226,1.23383,1.2339,1.00,1.00
2015.06.16 23:10:31.710,1.23383,1.23389,1.00,1.00
2015.06.16 23:10:32.228,1.23383,1.2339,1.00,1.00
2015.06.16 23:10:33.707,1.23383,1.23389,1.00,1.00
2015.06.16 23:10:34.242,1.23383,1.2339,1.00,1.50
2015.06.16 23:10:35.738,1.23383,1.23389,1.00,1.00
2015.06.16 23:10:36.251,1.23383,1.2339,1.00,1.50
2015.06.16 23:10:42.223,1.23383,1.23389,1.00,1.00
2015.06.16 23:10:43.153,1.23383,1.2339,1.00,1.50
2015.06.16 23:10:56.448,1.23383,1.23389,1.00,1.50
2015.06.16 23:10:58.127,1.23383,1.2339,1.00,2.25
2015.06.16 23:10:58.673,1.23383,1.23391,1.50,1.57
2015.06.16 23:10:59.223,1.23383,1.2339,2.25,1.00
2015.06.16 23:11:00.755,1.23383,1.23391,1.00,2.32
2015.06.16 23:11:01.273,1.23383,1.2339,1.50,1.00
2015.06.16 23:11:01.807,1.23383,1.23391,1.00,2.32
2015.06.16 23:11:02.376,1.23384,1.23391,1.00,2.32
2015.06.16 23:11:02.958,1.23385,1.23391,1.00,1.10
2015.06.16 23:11:03.771,1.23384,1.23391,1.00,1.50
2015.06.16 23:11:04.672,1.23385,1.23392,1.00,1.57
2015.06.16 23:11:04.973,1.2339,1.23395,1.00,1.50
2015.06.16 23:11:05.481,1.23389,1.23396,2.32,1.00
2015.06.16 23:11:06.013,1.2339,1.23398,1.00,1.00
2015.06.16 23:11:06.367,1.23392,1.23398,1.00,1.00
2015.06.16 23:11:07.639,1.23392,1.23399,1.00,1.50
2015.06.16 23:11:09.289,1.23392,1.23394,1.00,1.00
2015.06.16 23:11:09.340,1.2339,1.23394,1.10,1.00
2015.06.16 23:11:09.392,1.2339,1.23392,1.10,1.50
2015.06.16 23:11:09.494,1.23386,1.23392,1.57,1.00
2015.06.16 23:11:09.646,1.23388,1.23392,1.00,1.00
2015.06.16 23:11:17.656,1.23387,1.23392,1.00,1.10
2015.06.16 23:11:18.250,1.23386,1.23392,2.25,1.10
2015.06.16 23:11:19.667,1.23386,1.23391,2.25,1.00
2015.06.16 23:11:20.707,1.23386,1.23392,1.50,1.57
2015.06.16 23:11:30.671,1.23386,1.23391,2.25,1.00
2015.06.16 23:11:31.672,1.23386,1.23392,1.50,2.32
2015.06.16 23:11:41.713,1.23387,1.23392,1.00,1.57
2015.06.16 23:11:42.515,1.23386,1.23391,2.25,1.00
2015.06.16 23:11:48.460,1.23386,1.23392,1.50,1.57
2015.06.16 23:11:52.626,1.23387,1.23392,1.00,1.10
2015.06.16 23:11:53.168,1.23386,1.23392,1.50,1.57
2015.06.16 23:11:58.758,1.23389,1.23391,1.50,1.00
2015.06.16 23:11:59.266,1.23389,1.23391,1.87,1.00
2015.06.16 23:12:01.416,1.23389,1.23392,1.87,1.00
2015.06.16 23:12:02.174,1.23389,1.23391,1.87,1.00
2015.06.16 23:12:04.069,1.23389,1.23392,1.87,1.00
2015.06.16 23:12:04.575,1.2339,1.23393,1.87,1.00
2015.06.16 23:12:30.086,1.23391,1.23393,1.87,1.00
2015.06.16 23:12:44.620,1.2339,1.23394,2.62,1.10
2015.06.16 23:12:48.934,1.2339,1.23393,2.62,1.00
2015.06.16 23:12:59.381,1.2339,1.23394,2.62,1.10
2015.06.16 23:13:01.687,1.2339,1.23393,2.62,1.00
2015.06.16 23:13:04.649,1.2339,1.23394,2.62,1.10
2015.06.16 23:13:05.178,1.2339,1.23393,2.62,1.00
2015.06.16 23:13:24.550,1.2339,1.23394,2.62,1.10
2015.06.16 23:13:25.161,1.2339,1.23393,2.62,1.00
2015.06.16 23:13:26.010,1.2339,1.23393,1.12,1.00
2015.06.16 23:13:30.035,1.23388,1.23393,1.00,1.00
2015.06.16 23:13:40.597,1.2339,1.23393,1.00,1.00
2015.06.16 23:14:20.823,1.23389,1.23393,1.10,1.00
2015.06.16 23:14:21.227,1.23387,1.23392,1.57,1.00
2015.06.16 23:14:31.977,1.23387,1.23391,1.00,1.00
2015.06.16 23:14:39.889,1.23387,1.23392,1.50,1.10
2015.06.16 23:14:41.637,1.23387,1.23391,1.00,1.00
2015.06.16 23:14:42.144,1.23387,1.23392,1.50,1.10
2015.06.16 23:14:42.649,1.23387,1.23391,1.00,1.00
2015.06.16 23:15:03.223,1.23387,1.23392,1.00,1.10
2015.06.16 23:15:24.385,1.23388,1.23392,1.00,1.10
2015.06.16 23:15:39.949,1.23387,1.23392,1.50,1.00
2015.06.16 23:16:37.412,1.23387,1.23391,1.00,1.00
2015.06.16 23:16:39.691,1.23387,1.23392,1.50,1.00
2015.06.16 23:16:58.754,1.23388,1.23392,1.00,1.00
2015.06.16 23:16:59.260,1.23387,1.23391,1.00,1.00
2015.06.16 23:17:03.168,1.23387,1.23392,1.50,1.00
2015.06.16 23:17:03.702,1.23387,1.23391,1.00,1.00
2015.06.16 23:17:05.753,1.23387,1.23392,1.50,1.00
2015.06.16 23:17:07.774,1.23387,1.23393,1.50,1.10
2015.06.16 23:17:08.959,1.23388,1.23394,1.00,2.32
2015.06.16 23:17:09.515,1.23389,1.23395,1.00,2.62
2015.06.16 23:17:09.667,1.23392,1.23395,1.00,1.12
2015.06.16 23:17:09.718,1.23392,1.23397,1.00,2.32
2015.06.16 23:17:09.820,1.23392,1.23398,1.00,1.00
2015.06.16 23:17:11.096,1.23392,1.23397,1.10,1.00
2015.06.16 23:17:11.602,1.23391,1.23397,1.57,1.00
2015.06.16 23:17:16.400,1.23391,1.23398,1.10,1.50
2015.06.16 23:17:17.621,1.23391,1.23397,1.10,1.00
2015.06.16 23:17:18.144,1.23391,1.23398,1.10,1.50
2015.06.16 23:17:19.645,1.23391,1.23397,1.10,1.00
2015.06.16 23:17:20.246,1.23391,1.23398,1.10,1.50
2015.06.16 23:17:21.604,1.23391,1.23397,1.10,1.00
2015.06.16 23:17:22.178,1.23391,1.23398,1.10,1.50
2015.06.16 23:17:24.105,1.23392,1.23398,1.00,1.50
2015.06.16 23:17:24.981,1.23391,1.23398,1.57,1.50
2015.06.16 23:17:25.532,1.23392,1.23398,1.00,1.50
2015.06.16 23:17:26.960,1.23391,1.23398,1.57,1.50
2015.06.16 23:17:27.714,1.23392,1.23398,1.00,1.50
2015.06.16 23:17:29.004,1.23391,1.23398,1.57,1.50
2015.06.16 23:17:29.696,1.23392,1.23398,1.00,1.50
2015.06.16 23:17:31.015,1.23391,1.23398,1.57,1.50
2015.06.16 23:17:31.766,1.23392,1.23398,1.00,1.50
2015.06.16 23:17:32.492,1.23391,1.23398,1.57,1.50
2015.06.16 23:17:33.020,1.23391,1.23397,1.57,1.00
2015.06.16 23:17:43.330,1.23391,1.23398,1.50,2.32
2015.06.16 23:17:53.270,1.23391,1.23397,1.50,1.00
2015.06.16 23:17:53.905,1.23392,1.23397,1.00,1.00
2015.06.16 23:17:54.430,1.23392,1.23398,1.00,1.57
2015.06.16 23:17:55.275,1.23392,1.23397,1.00,1.00
2015.06.16 23:17:55.963,1.23392,1.23398,1.00,1.57
2015.06.16 23:17:57.288,1.23392,1.23397,1.00,1.00
2015.06.16 23:17:57.976,1.23392,1.23398,1.00,1.57
2015.06.16 23:17:59.292,1.23392,1.23397,1.00,1.00
2015.06.16 23:17:59.958,1.23392,1.23398,1.00,1.57
2015.06.16 23:18:00.475,1.23392,1.23398,1.00,1.87
2015.06.16 23:18:30.176,1.2339,1.23397,1.50,1.57
2015.06.16 23:18:33.168,1.23391,1.23398,1.50,2.25
2015.06.16 23:18:33.675,1.23392,1.23398,1.00,1.10
2015.06.16 23:18:41.613,1.23392,1.23397,1.00,1.00
2015.06.16 23:18:42.116,1.2339,1.23397,1.10,1.50
2015.06.16 23:18:49.000,1.23391,1.23398,1.00,1.87
2015.06.16 23:18:49.800,1.2339,1.23398,1.00,1.87
2015.06.16 23:18:50.153,1.2339,1.23396,1.50,2.25
2015.06.16 23:18:52.624,1.23391,1.23396,1.00,1.12
2015.06.16 23:18:52.878,1.23391,1.23398,1.50,1.87
2015.06.16 23:18:53.385,1.23391,1.23398,1.50,1.00
2015.06.16 23:18:57.022,1.23392,1.23398,1.00,1.00
2015.06.16 23:18:58.829,1.23391,1.23398,1.50,1.50
2015.06.16 23:19:00.607,1.23392,1.23398,1.00,1.00
2015.06.16 23:19:01.124,1.23391,1.23398,1.50,1.00
2015.06.16 23:19:02.608,1.23392,1.23398,1.00,1.00
2015.06.16 23:19:03.146,1.23391,1.23398,1.50,1.00
2015.06.16 23:19:04.638,1.23392,1.23398,1.00,1.00
2015.06.16 23:19:05.458,1.23391,1.23398,1.50,1.00
2015.06.16 23:19:06.614,1.23392,1.23398,1.00,1.00
2015.06.16 23:19:07.115,1.23392,1.23399,1.00,1.57
2015.06.16 23:19:07.768,1.23392,1.23398,1.00,1.00
2015.06.16 23:19:11.065,1.23393,1.23399,1.00,1.10
2015.06.16 23:19:17.753,1.23394,1.23399,1.00,1.10
2015.06.16 23:19:32.288,1.23397,1.234,1.00,1.12
2015.06.16 23:19:32.795,1.23397,1.23402,1.00,1.87
2015.06.16 23:19:33.386,1.23397,1.23402,1.00,1.50
2015.06.16 23:19:33.896,1.23396,1.234,1.00,1.10
2015.06.16 23:19:34.604,1.23398,1.23402,1.00,1.37
2015.06.16 23:19:35.444,1.23398,1.23402,1.00,1.10
2015.06.16 23:19:44.279,1.23399,1.23404,1.00,1.37
2015.06.16 23:19:44.482,1.23401,1.23404,1.00,1.12
2015.06.16 23:19:44.685,1.23402,1.23406,1.00,1.12
2015.06.16 23:19:44.838,1.23402,1.23409,1.00,1.37
2015.06.16 23:19:44.992,1.23404,1.2341,1.00,1.87
2015.06.16 23:19:45.508,1.23405,1.2341,1.00,1.87
2015.06.16 23:19:49.298,1.23404,1.2341,1.00,1.87
2015.06.16 23:19:59.236,1.23404,1.2341,1.00,1.00
2015.06.16 23:20:06.872,1.23404,1.23409,1.00,1.00
2015.06.16 23:20:10.214,1.23405,1.23409,1.00,1.00
2015.06.16 23:20:10.749,1.23405,1.2341,1.00,1.50
2015.06.16 23:20:12.316,1.23404,1.2341,3.00,1.50
2015.06.16 23:20:12.822,1.23404,1.23409,1.00,1.00
2015.06.16 23:20:14.533,1.23406,1.23409,1.00,1.00
2015.06.16 23:20:14.584,1.23406,1.23411,1.00,1.10
2015.06.16 23:20:15.547,1.23407,1.23411,1.00,1.00
2015.06.16 23:20:22.587,1.23407,1.23412,1.00,1.00
2015.06.16 23:20:23.111,1.23407,1.23411,1.00,1.00
2015.06.16 23:20:23.641,1.23406,1.23411,1.00,1.00
2015.06.16 23:20:34.366,1.23411,1.23412,1.00,1.50
2015.06.16 23:20:34.417,1.23411,1.23414,1.00,1.12
2015.06.16 23:20:34.621,1.23413,1.23416,1.00,1.37
2015.06.16 23:20:34.774,1.23414,1.23419,1.00,1.57
2015.06.16 23:20:40.649,1.23413,1.23419,3.75,1.50
2015.06.16 23:20:43.625,1.23413,1.23418,3.75,1.00
2015.06.16 23:20:46.015,1.23414,1.23418,1.00,1.50
2015.06.16 23:20:49.019,1.23413,1.23418,1.50,1.50
2015.06.16 23:20:51.304,1.23412,1.23418,4.12,1.50
2015.06.16 23:20:57.493,1.23411,1.23417,3.45,1.00
2015.06.16 23:21:10.283,1.23413,1.23417,1.00,1.00
2015.06.16 23:21:10.801,1.23412,1.23418,1.87,1.50
2015.06.16 23:21:12.451,1.23412,1.23417,1.87,1.00
2015.06.16 23:21:21.278,1.23411,1.23416,2.62,1.00
2015.06.16 23:21:45.215,1.23412,1.23417,1.12,1.50
2015.06.16 23:21:48.270,1.23411,1.23416,1.87,1.00
2015.06.16 23:21:58.710,1.23411,1.23416,1.50,1.50
2015.06.16 23:21:59.216,1.2341,1.23415,1.50,1.50
2015.06.16 23:22:00.341,1.2341,1.23412,1.00,1.00
2015.06.16 23:22:00.494,1.23408,1.23412,1.10,1.00
2015.06.16 23:22:00.545,1.23406,1.23409,1.00,1.00
2015.06.16 23:22:00.698,1.23401,1.23407,3.75,1.00
2015.06.16 23:22:00.800,1.23401,1.23406,1.00,1.00
2015.06.16 23:22:01.305,1.234,1.23406,2.25,1.00
2015.06.16 23:22:01.838,1.23401,1.23406,1.50,1.50
2015.06.16 23:22:15.153,1.23401,1.23405,1.50,1.50
2015.06.16 23:22:15.205,1.23397,1.23402,1.12,1.50
2015.06.16 23:22:15.306,1.23396,1.234,1.10,2.25
2015.06.16 23:22:15.663,1.23394,1.234,2.25,2.25
2015.06.16 23:22:16.482,1.23395,1.234,1.00,1.50
2015.06.16 23:22:16.988,1.23394,1.234,1.50,1.50
2015.06.16 23:22:17.706,1.23395,1.234,1.00,1.00
2015.06.16 23:22:19.913,1.23396,1.23402,1.00,1.50
2015.06.16 23:22:20.408,1.23399,1.23404,1.50,2.62
2015.06.16 23:22:20.818,1.23399,1.23405,1.00,2.25
2015.06.16 23:22:30.640,1.234,1.23405,1.00,1.00
2015.06.16 23:22:36.015,1.234,1.23406,1.00,2.32
2015.06.16 23:22:37.067,1.23401,1.23407,1.00,4.12
2015.06.16 23:22:37.627,1.23401,1.23407,1.00,3.82
2015.06.16 23:22:39.174,1.23401,1.23406,1.00,1.00
2015.06.16 23:22:39.726,1.23401,1.23407,1.00,3.82
2015.06.16 23:22:40.806,1.23401,1.23406,1.00,1.00
2015.06.16 23:22:41.338,1.23401,1.23407,1.00,3.82
2015.06.16 23:22:42.813,1.23401,1.23406,1.00,1.00
2015.06.16 23:22:43.338,1.23401,1.23407,1.00,3.07
2015.06.16 23:22:44.605,1.23401,1.23406,1.00,1.00
2015.06.16 23:22:45.131,1.23399,1.23405,1.00,1.00
2015.06.16 23:22:54.551,1.234,1.23406,1.00,1.50
2015.06.16 23:22:58.904,1.234,1.23405,1.00,1.00
2015.06.16 23:23:07.138,1.234,1.23406,1.00,1.50
2015.06.16 23:23:10.061,1.23401,1.23406,1.50,1.00
2015.06.16 23:23:10.465,1.23403,1.23407,1.00,1.10
2015.06.16 23:23:10.769,1.23406,1.23409,1.50,1.12
2015.06.16 23:23:10.973,1.23409,1.23414,1.00,2.25
2015.06.16 23:23:11.075,1.23408,1.23414,1.00,2.70
2015.06.16 23:23:11.624,1.23408,1.23413,1.00,1.00
2015.06.16 23:23:13.612,1.23407,1.23413,1.00,1.50
2015.06.16 23:23:14.163,1.23408,1.23413,1.00,1.00
2015.06.16 23:23:16.090,1.23407,1.23412,1.50,1.00
2015.06.16 23:23:16.597,1.23408,1.23413,1.00,1.00
2015.06.16 23:23:17.592,1.23407,1.23412,1.50,1.00
2015.06.16 23:23:26.391,1.23407,1.23413,1.00,1.10
2015.06.16 23:23:27.332,1.23406,1.23411,1.00,1.00
2015.06.16 23:23:27.896,1.23405,1.23411,2.25,1.00
2015.06.16 23:23:28.633,1.23405,1.2341,1.00,1.00
2015.06.16 23:23:34.410,1.23405,1.23411,1.50,1.50
2015.06.16 23:23:41.200,1.23406,1.23411,1.00,1.00
2015.06.16 23:23:41.504,1.23408,1.23414,1.50,1.37
2015.06.16 23:23:42.151,1.23408,1.23414,1.50,1.12
2015.06.16 23:23:45.109,1.23407,1.23413,1.10,1.10
2015.06.16 23:23:45.702,1.23406,1.23412,1.87,1.00
2015.06.16 23:23:50.342,1.23405,1.23411,2.25,1.00
2015.06.16 23:23:54.524,1.23405,1.23411,1.50,1.10
2015.06.16 23:24:04.443,1.23405,1.23411,1.00,1.87
2015.06.16 23:24:07.154,1.23404,1.2341,1.00,1.12
2015.06.16 23:24:14.980,1.23402,1.23408,1.12,1.50
2015.06.16 23:24:15.284,1.23401,1.23406,1.10,1.00
2015.06.16 23:24:15.585,1.23398,1.23404,1.00,1.12
2015.06.16 23:24:16.099,1.23397,1.23403,2.32,1.57
2015.06.16 23:24:33.712,1.23398,1.23404,1.00,1.87
2015.06.16 23:24:34.384,1.234,1.23404,1.00,1.12
2015.06.16 23:24:50.606,1.23401,1.23404,1.00,1.12
2015.06.16 23:24:52.315,1.23399,1.23404,1.00,1.12
2015.06.16 23:24:54.920,1.234,1.23404,1.00,1.12
2015.06.16 23:24:59.733,1.23401,1.23406,1.00,1.50
2015.06.16 23:25:00.242,1.23401,1.23406,1.00,1.37
2015.06.16 23:25:00.753,1.23402,1.23406,1.00,1.37
2015.06.16 23:25:01.109,1.23403,1.23407,1.00,1.12
2015.06.16 23:25:01.641,1.23403,1.23407,1.00,1.10
2015.06.16 23:25:05.463,1.23404,1.23409,1.00,1.75
2015.06.16 23:25:05.922,1.23405,1.2341,1.00,1.50
2015.06.16 23:25:14.157,1.23406,1.2341,1.00,1.47
2015.06.16 23:25:30.546,1.23405,1.2341,1.50,1.47
2015.06.16 23:25:52.203,1.23404,1.23409,2.32,1.12
2015.06.16 23:25:52.254,1.23404,1.23407,1.10,1.00
2015.06.16 23:25:52.761,1.23403,1.23408,1.10,1.20
2015.06.16 23:25:54.431,1.23402,1.23406,1.12,1.00
2015.06.16 23:25:55.139,1.23403,1.23407,1.00,1.10
2015.06.16 23:25:55.662,1.23403,1.23406,1.00,1.00
2015.06.16 23:25:56.474,1.23403,1.23407,1.00,1.10
2015.06.16 23:26:16.921,1.23402,1.23408,1.57,1.87
2015.06.16 23:26:19.261,1.23403,1.23409,1.00,3.00
2015.06.16 23:26:19.778,1.23403,1.23408,1.10,1.10
2015.06.16 23:26:30.278,1.23405,1.23408,1.00,1.10
2015.06.16 23:26:30.533,1.23413,1.23417,1.00,2.25
2015.06.16 23:26:30.636,1.23415,1.2342,1.00,1.75
2015.06.16 23:26:30.738,1.23417,1.23422,1.00,1.75
2015.06.16 23:26:30.940,1.23418,1.23423,1.00,1.12
2015.06.16 23:26:31.471,1.23419,1.23425,1.00,4.50
2015.06.16 23:26:31.977,1.2342,1.23425,1.00,3.75
2015.06.16 23:26:32.487,1.23419,1.23424,1.00,1.12
2015.06.16 23:26:38.447,1.23419,1.23422,3.00,1.00
2015.06.16 23:26:38.653,1.23419,1.23424,4.50,1.10
2015.06.16 23:26:40.971,1.23419,1.23424,4.50,1.10
2015.06.16 23:26:41.073,1.23422,1.23426,1.12,1.10
2015.06.16 23:26:41.175,1.23424,1.23428,1.00,2.25
2015.06.16 23:26:41.328,1.23424,1.2343,1.00,2.25
2015.06.16 23:26:41.481,1.23424,1.2343,1.12,1.57
2015.06.16 23:26:41.987,1.23424,1.2343,1.57,1.12
2015.06.16 23:26:42.328,1.23428,1.2343,1.00,1.87
2015.06.16 23:26:42.380,1.23427,1.23431,1.12,1.50
2015.06.16 23:26:42.482,1.23425,1.23431,1.00,2.25
2015.06.16 23:26:42.837,1.23425,1.23431,2.25,1.50
2015.06.16 23:26:43.090,1.23427,1.23432,1.10,1.12
2015.06.16 23:26:43.192,1.23425,1.23431,1.50,1.50
2015.06.16 23:26:43.496,1.23428,1.23431,1.00,1.50
2015.06.16 23:26:43.999,1.23427,1.23431,1.00,1.75
2015.06.16 23:26:44.406,1.23428,1.23434,1.50,1.75
2015.06.16 23:26:44.913,1.23427,1.23433,1.00,2.62
2015.06.16 23:26:44.964,1.23425,1.23431,1.50,1.12
2015.06.16 23:26:45.168,1.23424,1.23429,3.00,1.12
2015.06.16 23:26:45.692,1.23424,1.23428,1.00,1.12
2015.06.16 23:26:46.198,1.23423,1.23428,1.50,1.12
2015.06.16 23:26:46.656,1.23422,1.23425,2.32,1.00
2015.06.16 23:26:46.808,1.23419,1.23424,1.50,1.00
2015.06.16 23:26:47.348,1.2342,1.23424,1.50,1.10
2015.06.16 23:26:47.856,1.23421,1.23425,1.00,1.00
2015.06.16 23:26:48.261,1.23425,1.23426,1.00,1.10
2015.06.16 23:26:48.555,1.23428,1.23431,1.00,2.25
2015.06.16 23:26:49.062,1.23429,1.23432,1.50,1.37
2015.06.16 23:26:55.596,1.2343,1.23433,1.00,1.75
2015.06.16 23:26:56.104,1.2343,1.23434,1.50,1.87
2015.06.16 23:26:56.721,1.23429,1.23433,1.50,1.87
2015.06.16 23:26:56.924,1.23427,1.23433,1.00,5.62
2015.06.16 23:26:57.026,1.23428,1.23429,1.00,1.00
2015.06.16 23:26:57.533,1.23429,1.23432,1.00,1.37
2015.06.16 23:26:57.938,1.23429,1.23434,1.00,2.62
2015.06.16 23:26:59.413,1.2343,1.23434,1.00,1.87
2015.06.16 23:27:00.650,1.23428,1.23433,1.10,1.87
2015.06.16 23:27:01.403,1.23428,1.23431,1.10,1.00
2015.06.16 23:27:01.454,1.23426,1.23429,1.10,1.50
2015.06.16 23:27:02.064,1.23427,1.23432,1.50,2.62
2015.06.16 23:27:02.217,1.23423,1.23429,1.57,1.12
2015.06.16 23:27:02.479,1.23426,1.23429,1.00,1.12
2015.06.16 23:27:02.987,1.23427,1.23433,2.25,2.25
2015.06.16 23:27:03.509,1.23428,1.23433,1.50,2.25
2015.06.16 23:27:04.350,1.23427,1.23432,2.25,1.50
2015.06.16 23:27:04.502,1.23425,1.2343,1.10,1.57
2015.06.16 23:27:04.706,1.23427,1.23432,1.00,1.87
2015.06.16 23:27:04.961,1.23425,1.2343,1.00,1.87
2015.06.16 23:27:05.215,1.23423,1.23429,1.00,1.12
2015.06.16 23:27:05.722,1.23422,1.23428,1.10,1.10
2015.06.16 23:27:05.874,1.23422,1.23426,1.10,1.00
2015.06.16 23:27:06.178,1.23418,1.23422,1.00,1.10
2015.06.16 23:27:06.533,1.23414,1.2342,3.00,1.00
2015.06.16 23:27:06.837,1.23413,1.23418,1.50,1.00
2015.06.16 23:27:07.364,1.23412,1.23417,1.87,1.00
2015.06.16 23:27:08.400,1.23418,1.23422,1.00,1.37
2015.06.16 23:27:08.707,1.23425,1.23431,1.00,3.00
2015.06.16 23:27:09.238,1.23425,1.23431,1.00,1.75
2015.06.16 23:27:10.013,1.23425,1.23431,1.00,1.50
2015.06.16 23:27:13.059,1.23426,1.23431,1.00,3.00
2015.06.16 23:27:13.599,1.2343,1.23433,1.00,2.25
2015.06.16 23:27:13.650,1.2343,1.23433,1.00,1.12
2015.06.16 23:27:14.007,1.23432,1.23433,1.00,1.00
2015.06.16 23:27:14.312,1.23435,1.23437,1.00,1.87
2015.06.16 23:27:15.063,1.23434,1.23437,1.50,1.12
2015.06.16 23:27:17.683,1.23433,1.23437,1.50,1.12
2015.06.16 23:27:20.376,1.23435,1.23438,1.12,1.50
2015.06.16 23:27:20.529,1.23439,1.2344,1.00,1.00
2015.06.16 23:27:20.580,1.23437,1.23443,1.50,2.25
2015.06.16 23:27:21.022,1.2344,1.23443,1.00,2.25
2015.06.16 23:27:21.529,1.23441,1.23443,1.00,1.57
2015.06.16 23:27:22.568,1.23441,1.23442,1.00,1.00
2015.06.16 23:27:23.431,1.23437,1.23439,1.57,1.00
2015.06.16 23:27:23.533,1.23435,1.23441,3.45,1.10
2015.06.16 23:27:23.736,1.23437,1.23439,1.50,1.00
2015.06.16 23:27:24.082,1.23435,1.23438,1.37,1.50
2015.06.16 23:27:24.134,1.23437,1.23443,1.12,1.75
2015.06.16 23:27:24.337,1.23437,1.23443,2.62,1.75
2015.06.16 23:27:24.845,1.2344,1.23443,1.00,1.50
2015.06.16 23:27:26.395,1.23441,1.23442,1.00,1.10
2015.06.16 23:27:27.941,1.2344,1.23442,1.00,1.57
2015.06.16 23:27:30.257,1.23441,1.23442,1.00,1.57
2015.06.16 23:27:36.272,1.2344,1.23442,1.50,1.00
2015.06.16 23:27:36.810,1.23441,1.23443,1.00,1.50
2015.06.16 23:27:37.385,1.2344,1.23443,1.50,2.25
2015.06.16 23:27:37.696,1.2344,1.23441,1.00,1.00
2015.06.16 23:27:38.305,1.23438,1.2344,1.10,1.00
2015.06.16 23:27:38.407,1.23437,1.2344,1.10,1.00
2015.06.16 23:27:38.509,1.23439,1.23441,1.00,1.50
2015.06.16 23:27:38.805,1.23437,1.23441,1.00,1.50
2015.06.16 23:27:38.907,1.23436,1.23438,1.10,1.00
2015.06.16 23:27:39.211,1.23435,1.23436,1.00,1.50
2015.06.16 23:27:39.718,1.23435,1.23436,1.00,1.00
2015.06.16 23:27:39.923,1.23431,1.23435,1.87,1.00
2015.06.16 23:27:40.177,1.23431,1.23433,1.12,1.00
2015.06.16 23:27:40.352,1.23427,1.23431,1.87,1.50
2015.06.16 23:27:40.504,1.23426,1.23429,1.87,1.00
2015.06.16 23:27:40.815,1.23423,1.23427,1.12,1.50
2015.06.16 23:27:41.475,1.23423,1.23427,1.10,1.00
2015.06.16 23:27:42.032,1.23424,1.23427,1.00,1.00
2015.06.16 23:27:42.691,1.23423,1.23427,1.10,1.00
2015.06.16 23:27:43.100,1.23421,1.23425,1.50,1.00
2015.06.16 23:27:43.607,1.23419,1.23425,2.25,1.50
2015.06.16 23:27:44.308,1.2342,1.23425,1.37,1.50
2015.06.16 23:27:46.522,1.23425,1.23426,1.00,1.50
2015.06.16 23:27:46.623,1.23425,1.2343,1.00,1.50
2015.06.16 23:27:46.726,1.23427,1.23431,1.00,1.37
2015.06.16 23:27:46.980,1.23422,1.23428,1.87,1.00
2015.06.16 23:27:47.081,1.23421,1.23426,1.37,1.00
2015.06.16 23:27:47.588,1.23421,1.23426,1.12,1.50
2015.06.16 23:27:50.416,1.2342,1.23423,1.87,1.50
2015.06.16 23:27:50.620,1.23418,1.2342,1.00,1.00
2015.06.16 23:27:50.722,1.23418,1.23423,1.00,1.10
2015.06.16 23:27:51.229,1.23418,1.23424,1.00,1.20
2015.06.16 23:27:54.197,1.23417,1.23423,1.10,1.00
2015.06.16 23:27:55.831,1.23417,1.23422,1.10,1.00
2015.06.16 23:27:55.933,1.23416,1.2342,1.12,1.00
2015.06.16 23:27:55.984,1.23414,1.2342,1.57,1.50
2015.06.16 23:27:56.491,1.23413,1.23419,1.57,1.50
2015.06.16 23:27:58.498,1.23415,1.23419,1.00,1.00
2015.06.16 23:27:59.943,1.23414,1.23419,1.00,1.00
2015.06.16 23:28:02.135,1.23415,1.2342,1.00,1.10
2015.06.16 23:28:04.109,1.23413,1.23418,1.10,1.00
2015.06.16 23:28:04.429,1.23412,1.23418,1.50,1.87
2015.06.16 23:28:04.481,1.23412,1.23418,1.50,1.57
2015.06.16 23:28:05.038,1.23412,1.23417,1.00,1.00
2015.06.16 23:28:05.342,1.23413,1.23419,1.00,1.57
2015.06.16 23:28:05.892,1.23414,1.23419,1.00,1.10
2015.06.16 23:28:06.398,1.23414,1.2342,1.50,1.10
2015.06.16 23:28:08.514,1.23416,1.23421,1.00,1.12
2015.06.16 23:28:10.619,1.23415,1.23421,1.00,2.25
2015.06.16 23:28:17.250,1.23414,1.2342,1.50,1.10
2015.06.16 23:28:17.776,1.23414,1.2342,1.87,1.00
2015.06.16 23:28:18.727,1.23415,1.23421,1.10,1.50
2015.06.16 23:28:19.240,1.23416,1.23421,1.00,1.00
2015.06.16 23:28:21.843,1.23416,1.23422,1.50,2.32
2015.06.16 23:28:22.158,1.23418,1.23422,1.00,1.10
2015.06.16 23:28:22.463,1.2342,1.23425,1.00,2.25
2015.06.16 23:28:22.615,1.2342,1.23426,1.00,1.87
2015.06.16 23:28:23.133,1.23421,1.23426,1.00,1.12
2015.06.16 23:28:25.444,1.23422,1.23427,1.00,1.87
2015.06.16 23:28:25.496,1.23425,1.23427,1.00,1.87
2015.06.16 23:28:25.598,1.23428,1.23431,1.00,1.37
2015.06.16 23:28:25.699,1.23429,1.23433,1.00,1.87
2015.06.16 23:28:26.004,1.23429,1.23433,1.00,1.95
2015.06.16 23:28:26.521,1.23428,1.23434,1.00,1.12
2015.06.16 23:28:32.273,1.23428,1.23432,1.00,1.00
2015.06.16 23:28:32.777,1.23428,1.23433,1.00,1.10
2015.06.16 23:28:43.084,1.23429,1.23435,1.50,2.62
2015.06.16 23:28:44.060,1.23429,1.23435,2.25,2.32
2015.06.16 23:28:45.784,1.23431,1.23435,1.00,1.57
2015.06.16 23:28:48.473,1.23431,1.23435,1.00,3.45
2015.06.16 23:28:48.799,1.23429,1.23434,1.00,1.00
2015.06.16 23:28:49.306,1.2343,1.23434,1.00,1.00
2015.06.16 23:28:50.603,1.23429,1.23434,1.00,1.00
2015.06.16 23:28:51.542,1.23429,1.23434,1.00,1.12
2015.06.16 23:28:52.599,1.23428,1.23434,1.50,3.37
2015.06.16 23:28:53.274,1.23428,1.23432,1.00,1.00
2015.06.16 23:28:53.527,1.23425,1.23431,1.00,3.07
2015.06.16 23:28:53.768,1.23425,1.23427,1.00,1.00
2015.06.16 23:28:53.820,1.23423,1.23427,1.10,1.00
2015.06.16 23:28:53.973,1.23421,1.23425,1.00,1.00
2015.06.16 23:28:54.075,1.23418,1.23424,1.00,1.10
2015.06.16 23:28:54.584,1.23417,1.23423,1.00,1.57
2015.06.16 23:28:55.092,1.23417,1.23423,1.00,1.87
2015.06.16 23:28:55.598,1.23416,1.23422,1.50,1.57
2015.06.16 23:28:56.104,1.23416,1.23421,1.00,1.50
2015.06.16 23:28:56.654,1.23415,1.2342,1.00,2.25
2015.06.16 23:28:57.674,1.23417,1.2342,1.00,1.50
2015.06.16 23:28:58.021,1.2342,1.23425,1.50,1.75
2015.06.16 23:28:58.578,1.23419,1.23425,2.25,3.00
2015.06.16 23:28:59.106,1.2342,1.23425,1.00,2.25
2015.06.16 23:29:02.027,1.23419,1.23423,1.50,1.10
2015.06.16 23:29:02.536,1.23419,1.23423,1.50,1.12
2015.06.16 23:29:13.106,1.23419,1.23423,1.50,1.10
2015.06.16 23:29:16.836,1.23416,1.23421,1.87,1.00
2015.06.16 23:29:17.378,1.23419,1.23421,1.00,1.00
2015.06.16 23:29:19.140,1.23416,1.23422,1.10,1.50
2015.06.16 23:29:19.242,1.23418,1.23421,1.00,2.25
2015.06.16 23:29:19.699,1.23419,1.23423,1.50,1.57
2015.06.16 23:29:25.982,1.23419,1.23422,1.50,1.00
2015.06.16 23:29:29.932,1.2342,1.23422,1.00,1.00
2015.06.16 23:29:41.963,1.2342,1.23423,1.00,1.10
2015.06.16 23:29:56.886,1.2342,1.23422,1.00,1.00
2015.06.16 23:30:00.414,1.23419,1.23422,1.10,1.00
2015.06.16 23:30:00.921,1.23419,1.23421,1.10,1.00
2015.06.16 23:30:10.622,1.23418,1.23421,1.10,1.10
2015.06.16 23:30:19.555,1.23418,1.23422,1.50,1.75
2015.06.16 23:30:21.656,1.23418,1.23422,1.00,1.50
2015.06.16 23:30:50.661,1.23417,1.23423,2.25,5.25
2015.06.16 23:31:14.889,1.23417,1.23419,1.50,1.00
2015.06.16 23:31:17.150,1.23415,1.2342,2.32,1.12
2015.06.16 23:31:17.303,1.23415,1.23417,1.00,1.50
2015.06.16 23:31:17.658,1.23411,1.23416,1.50,1.50
2015.06.16 23:31:18.114,1.23411,1.23414,1.10,1.50
2015.06.16 23:31:18.408,1.23408,1.23413,2.32,1.00
2015.06.16 23:31:18.712,1.23408,1.23411,1.10,1.00
2015.06.16 23:31:19.017,1.23402,1.23407,1.75,1.00
2015.06.16 23:31:19.068,1.23402,1.23407,1.50,1.00
2015.06.16 23:31:19.575,1.23402,1.23407,3.37,1.00
2015.06.16 23:31:19.888,1.23404,1.2341,1.57,2.25
2015.06.16 23:31:20.916,1.23406,1.2341,1.00,2.25
2015.06.16 23:31:21.426,1.23406,1.2341,1.00,1.87
2015.06.16 23:31:22.947,1.23405,1.2341,1.57,1.00
2015.06.16 23:31:24.009,1.23404,1.2341,2.32,1.57
2015.06.16 23:31:24.313,1.23404,1.23406,1.10,1.00
2015.06.16 23:31:24.819,1.23403,1.23406,1.00,1.12
2015.06.16 23:31:25.366,1.23402,1.23406,1.50,1.12
2015.06.16 23:31:30.634,1.23403,1.23406,1.00,1.12
2015.06.16 23:31:31.222,1.23405,1.23408,1.00,1.75
2015.06.16 23:31:31.273,1.23405,1.23408,1.00,1.10
2015.06.16 23:31:31.622,1.23407,1.2341,3.75,1.75
2015.06.16 23:31:31.724,1.23409,1.23411,1.00,1.00
2015.06.16 23:31:31.928,1.2341,1.23415,1.00,1.87
2015.06.16 23:31:34.803,1.2341,1.23416,1.00,1.87
2015.06.16 23:31:37.427,1.23414,1.23417,1.00,1.50
2015.06.16 23:31:37.630,1.23416,1.23419,1.00,1.10
2015.06.16 23:31:39.748,1.23418,1.23419,1.00,1.00
2015.06.16 23:31:40.153,1.23419,1.23421,1.00,1.00
2015.06.16 23:31:40.561,1.23419,1.23423,1.00,1.10
2015.06.16 23:31:41.068,1.23418,1.23423,1.00,1.10
2015.06.16 23:31:41.772,1.23417,1.2342,1.57,1.00
2015.06.16 23:31:42.308,1.23417,1.23421,1.00,1.10
2015.06.16 23:31:42.825,1.23417,1.23421,1.00,1.12
2015.06.16 23:31:51.803,1.23416,1.2342,1.00,1.10
2015.06.16 23:31:52.310,1.23415,1.23419,1.00,1.10
2015.06.16 23:31:53.003,1.23414,1.23419,1.50,1.10
2015.06.16 23:31:54.087,1.23415,1.2342,1.00,1.12
2015.06.16 23:32:00.646,1.23415,1.23418,1.00,1.00
2015.06.16 23:32:02.027,1.23414,1.23418,1.00,1.00
2015.06.16 23:32:14.650,1.23414,1.23419,1.00,1.10
2015.06.16 23:32:15.356,1.23415,1.2342,1.50,1.12
2015.06.16 23:32:15.841,1.23417,1.23421,1.00,2.25
2015.06.16 23:32:23.932,1.23417,1.23421,1.00,1.10
2015.06.16 23:32:24.580,1.23416,1.23421,1.00,1.57
2015.06.16 23:32:27.087,1.23417,1.23421,1.00,1.10
2015.06.16 23:32:32.194,1.23416,1.23421,1.00,1.57
2015.06.16 23:32:34.290,1.23417,1.23421,1.00,1.10
2015.06.16 23:32:39.218,1.23416,1.23421,1.00,1.10
2015.06.16 23:32:40.678,1.23417,1.23422,1.00,1.12
2015.06.16 23:32:56.734,1.23416,1.23422,1.00,1.87
2015.06.16 23:32:57.457,1.23416,1.2342,1.00,1.00
2015.06.16 23:32:57.963,1.23415,1.23421,1.10,1.10
2015.06.16 23:33:02.331,1.23416,1.23421,1.00,1.10
2015.06.16 23:33:10.657,1.23415,1.23421,1.57,1.57
2015.06.16 23:33:24.101,1.23415,1.2342,1.10,1.00
2015.06.16 23:33:24.616,1.23415,1.23421,1.57,1.57
2015.06.16 23:33:30.139,1.23415,1.2342,2.32,1.00
2015.06.16 23:33:31.848,1.23415,1.23421,1.57,1.10
2015.06.16 23:33:44.223,1.23416,1.23422,1.00,1.87
2015.06.16 23:34:42.525,1.23415,1.23421,1.57,1.57
2015.06.16 23:34:43.030,1.23416,1.23421,1.00,1.10
2015.06.16 23:34:47.058,1.23416,1.23422,1.00,2.32
2015.06.16 23:35:02.328,1.23416,1.23421,1.50,1.00
2015.06.16 23:35:05.399,1.23415,1.23421,2.32,1.50
2015.06.16 23:35:05.909,1.23416,1.23421,1.00,1.50
2015.06.16 23:35:13.810,1.23415,1.23421,1.57,1.50
2015.06.16 23:35:14.899,1.23415,1.23421,1.50,2.62
2015.06.16 23:35:16.314,1.23416,1.2342,1.00,1.10
2015.06.16 23:35:16.862,1.23415,1.23421,1.50,2.62
2015.06.16 23:35:18.392,1.23416,1.2342,1.00,1.10
2015.06.16 23:35:18.900,1.23415,1.2342,2.25,1.10
2015.06.16 23:35:21.563,1.23415,1.23419,1.00,1.00
2015.06.16 23:35:22.478,1.23415,1.2342,1.50,1.10
2015.06.16 23:35:25.055,1.23416,1.23421,1.00,1.12
2015.06.16 23:35:33.026,1.23415,1.23421,1.50,1.12
2015.06.16 23:35:33.577,1.23416,1.23422,1.00,2.62
2015.06.16 23:35:38.585,1.23415,1.23421,1.50,1.87
2015.06.16 23:35:46.952,1.23416,1.23421,1.00,1.87
2015.06.16 23:35:47.749,1.23415,1.23421,1.50,2.62
2015.06.16 23:35:51.650,1.23416,1.23421,1.00,1.87
2015.06.16 23:35:54.754,1.23415,1.23421,1.50,1.87
2015.06.16 23:35:56.365,1.23416,1.23421,1.00,1.87
2015.06.16 23:35:58.041,1.23415,1.23421,1.50,2.62
2015.06.16 23:35:58.547,1.23414,1.23418,1.00,1.00
2015.06.16 23:35:59.440,1.23413,1.23418,2.25,1.57
2015.06.16 23:35:59.744,1.23413,1.23418,1.50,3.75
2015.06.16 23:36:00.262,1.23414,1.23418,1.00,3.00
2015.06.16 23:36:03.414,1.23414,1.23419,1.50,3.00
2015.06.16 23:36:04.885,1.23415,1.23419,1.00,3.00
2015.06.16 23:36:05.026,1.23417,1.2342,1.00,1.87
2015.06.16 23:36:05.331,1.23424,1.23426,1.50,1.37
2015.06.16 23:36:05.433,1.23427,1.2343,1.50,1.10
2015.06.16 23:36:05.484,1.23432,1.23433,1.00,1.10
2015.06.16 23:36:05.789,1.23435,1.23437,1.00,1.00
2015.06.16 23:36:05.941,1.23437,1.23439,1.50,1.00
2015.06.16 23:36:06.043,1.23441,1.23445,1.00,1.12
2015.06.16 23:36:06.186,1.23443,1.23445,1.00,1.00
2015.06.16 23:36:06.542,1.23444,1.23447,1.00,1.00
2015.06.16 23:36:06.745,1.23446,1.23449,1.00,2.70
2015.06.16 23:36:08.369,1.23445,1.23449,1.00,1.12
2015.06.16 23:36:08.907,1.23445,1.23449,1.00,1.50
2015.06.16 23:36:09.573,1.23446,1.23449,1.00,2.25
2015.06.16 23:36:10.057,1.23444,1.23448,2.25,1.10
2015.06.16 23:36:10.991,1.23443,1.23448,3.07,1.57
2015.06.16 23:36:11.093,1.23443,1.23448,3.00,2.25
2015.06.16 23:36:12.046,1.23442,1.23447,6.00,1.50
2015.06.16 23:36:13.045,1.23442,1.23446,1.00,1.12
2015.06.16 23:36:13.547,1.23441,1.23446,2.25,1.12
2015.06.16 23:36:15.190,1.23441,1.23444,1.00,1.00
2015.06.16 23:36:15.696,1.2344,1.23445,1.50,1.57
2015.06.16 23:36:20.955,1.23439,1.23445,2.32,2.32
2015.06.16 23:36:21.462,1.23439,1.23444,1.57,1.00
2015.06.16 23:36:22.776,1.2344,1.23444,1.00,1.00
2015.06.16 23:36:23.352,1.23439,1.23444,1.57,1.00
2015.06.16 23:36:30.110,1.23441,1.23445,1.00,1.57
2015.06.16 23:36:30.415,1.23445,1.23447,1.00,1.87
2015.06.16 23:36:30.930,1.23445,1.23447,1.00,1.57
2015.06.16 23:36:31.774,1.23444,1.23447,1.00,1.57
2015.06.16 23:36:32.307,1.23444,1.23446,1.00,1.00
2015.06.16 23:36:32.814,1.23443,1.23446,1.00,1.00
2015.06.16 23:36:35.159,1.23441,1.23446,1.12,1.00
2015.06.16 23:36:35.616,1.2344,1.23444,1.12,1.00
2015.06.16 23:36:35.870,1.23441,1.23446,1.10,1.10
2015.06.16 23:36:36.416,1.23441,1.23446,1.87,1.00
2015.06.16 23:36:37.796,1.23441,1.23445,1.87,1.00
2015.06.16 23:36:40.090,1.2344,1.23443,1.50,1.00
2015.06.16 23:36:40.192,1.23438,1.23443,1.75,2.25
2015.06.16 23:36:40.296,1.2344,1.23442,1.42,1.50
2015.06.16 23:36:40.347,1.2344,1.23441,1.00,1.00
2015.06.16 23:36:40.499,1.23437,1.2344,1.50,1.50
2015.06.16 23:36:40.703,1.23443,1.23449,6.47,1.00
2015.06.16 23:36:40.754,1.23447,1.23451,1.37,1.50
2015.06.16 23:36:41.261,1.23448,1.2345,1.00,1.00
2015.06.16 23:36:41.790,1.23447,1.2345,1.00,1.00
2015.06.16 23:36:42.297,1.23446,1.2345,1.50,1.00
2015.06.16 23:36:43.956,1.23445,1.2345,1.57,1.50
2015.06.16 23:36:44.463,1.23445,1.23449,1.50,1.00
2015.06.16 23:36:49.144,1.23444,1.23448,1.10,1.00
2015.06.16 23:36:49.202,1.23442,1.23446,1.50,1.00
2015.06.16 23:36:49.253,1.23442,1.23446,1.10,1.00
2015.06.16 23:36:49.507,1.2344,1.23442,1.12,1.00
2015.06.16 23:36:49.816,1.23435,1.23437,1.12,1.00
2015.06.16 23:36:49.919,1.23434,1.23438,1.10,1.00
2015.06.16 23:36:52.118,1.23435,1.23439,1.00,1.12
2015.06.16 23:36:52.674,1.23435,1.23439,1.00,1.10
2015.06.16 23:36:57.815,1.23437,1.23439,1.00,1.10
2015.06.16 23:36:57.968,1.23436,1.23439,1.00,1.10
2015.06.16 23:36:58.475,1.23435,1.2344,1.00,1.12
2015.06.16 23:37:01.135,1.23434,1.23439,2.25,1.10
2015.06.16 23:37:01.662,1.23434,1.23438,1.00,1.10
2015.06.16 23:37:02.452,1.23435,1.23439,1.00,1.12
2015.06.16 23:37:02.970,1.23435,1.23439,1.00,2.25
2015.06.16 23:37:08.554,1.23434,1.23439,1.00,2.25
2015.06.16 23:37:09.072,1.23433,1.23436,1.50,1.00
2015.06.16 23:37:09.579,1.23433,1.23437,1.50,1.57
2015.06.16 23:37:11.572,1.23433,1.23435,1.50,1.00
2015.06.16 23:37:11.724,1.2343,1.23434,1.87,1.00
2015.06.16 23:37:12.230,1.2343,1.23434,2.25,1.10
2015.06.16 23:37:14.028,1.23431,1.23434,1.00,1.10
2015.06.16 23:37:14.231,1.23434,1.23436,1.50,1.12
2015.06.16 23:37:14.738,1.23434,1.23435,1.50,1.10
2015.06.16 23:37:15.672,1.23434,1.23436,1.00,1.00
2015.06.16 23:37:16.036,1.23437,1.23438,1.00,1.00
2015.06.16 23:37:16.355,1.23435,1.23437,1.00,1.00
2015.06.16 23:37:16.862,1.23435,1.23437,1.00,1.00
2015.06.16 23:37:21.171,1.23435,1.23439,1.50,1.00
2015.06.16 23:37:21.222,1.23439,1.2344,1.00,1.10
2015.06.16 23:37:21.365,1.23439,1.23441,1.50,1.00
2015.06.16 23:37:21.872,1.2344,1.23442,1.00,1.00
2015.06.16 23:37:22.420,1.2344,1.23441,1.00,1.00
2015.06.16 23:37:25.854,1.23439,1.2344,1.00,1.00
2015.06.16 23:37:26.074,1.23436,1.23439,1.50,1.00
2015.06.16 23:37:30.579,1.23437,1.23439,1.00,1.00
2015.06.16 23:37:31.903,1.23437,1.23439,1.00,1.00
2015.06.16 23:37:32.142,1.23434,1.23435,1.00,1.00
2015.06.16 23:37:32.937,1.23433,1.23435,1.00,1.00
2015.06.16 23:37:33.469,1.23433,1.23435,1.50,1.00
2015.06.16 23:37:34.360,1.23433,1.23435,1.50,1.00
2015.06.16 23:37:36.111,1.23434,1.23436,1.00,1.00
2015.06.16 23:37:38.786,1.23434,1.23436,1.00,1.00
2015.06.16 23:37:45.404,1.23434,1.23435,1.00,1.10
2015.06.16 23:37:48.707,1.23434,1.23436,1.00,1.00
2015.06.16 23:37:51.096,1.23436,1.23437,1.00,1.10
2015.06.16 23:37:58.602,1.23436,1.23437,1.00,1.10
2015.06.16 23:37:59.556,1.23436,1.23438,1.00,1.00
2015.06.16 23:38:28.935,1.23435,1.23438,1.00,1.57
2015.06.16 23:38:30.215,1.23436,1.23438,1.00,1.57
2015.06.16 23:38:59.503,1.23435,1.23437,1.00,1.00
2015.06.16 23:39:00.045,1.23435,1.23438,1.00,1.57
2015.06.16 23:39:00.688,1.23435,1.23437,1.00,1.00
2015.06.16 23:39:01.878,1.23435,1.23438,1.00,1.57
2015.06.16 23:39:02.388,1.23435,1.23438,1.50,1.00
2015.06.16 23:39:02.926,1.23435,1.23439,1.50,1.50
2015.06.16 23:39:06.522,1.23435,1.23438,1.50,1.00
2015.06.16 23:39:06.796,1.23435,1.2344,1.50,2.25
2015.06.16 23:39:32.020,1.23435,1.23439,1.50,1.00
2015.06.16 23:39:32.526,1.23435,1.2344,1.50,2.25
2015.06.16 23:39:36.432,1.23435,1.23439,2.25,1.00
2015.06.16 23:39:36.937,1.23435,1.23438,1.00,1.10
2015.06.16 23:39:44.346,1.23436,1.23439,1.00,1.50
2015.06.16 23:39:44.397,1.23439,1.23441,2.25,1.00
2015.06.16 23:39:44.551,1.23443,1.23444,1.87,1.00
2015.06.16 23:39:45.058,1.23442,1.23443,1.00,1.00
2015.06.16 23:39:45.346,1.23439,1.23443,1.12,1.12
2015.06.16 23:39:45.853,1.23438,1.2344,4.87,1.00
2015.06.16 23:39:46.396,1.23439,1.23441,1.12,1.00
2015.06.16 23:39:46.909,1.23438,1.2344,4.87,1.00
2015.06.16 23:39:52.943,1.23439,1.23441,1.12,1.00
2015.06.16 23:39:53.248,1.23442,1.23443,1.12,1.00
2015.06.16 23:39:54.121,1.23443,1.23445,1.87,1.00
2015.06.16 23:39:54.172,1.23443,1.23444,3.37,1.00
2015.06.16 23:39:54.477,1.23445,1.23446,1.00,1.00
2015.06.16 23:39:54.983,1.23445,1.23447,1.00,1.00
2015.06.16 23:39:57.464,1.23445,1.23448,1.00,1.57
2015.06.16 23:39:59.990,1.23444,1.23448,1.00,1.57
2015.06.16 23:40:00.980,1.23444,1.23447,1.00,1.00
2015.06.16 23:40:01.486,1.23443,1.23447,3.37,1.50
2015.06.16 23:40:02.776,1.23443,1.23446,2.62,1.00
2015.06.16 23:40:04.981,1.23443,1.23447,2.62,1.50
2015.06.16 23:40:06.983,1.23443,1.23446,2.62,1.00
2015.06.16 23:40:07.695,1.23443,1.23447,1.87,1.50
2015.06.16 23:40:08.300,1.23443,1.23446,1.87,1.10
2015.06.16 23:40:10.696,1.23442,1.23446,1.87,1.10
2015.06.16 23:40:11.398,1.23442,1.23445,1.12,1.00
2015.06.16 23:40:12.586,1.23442,1.23444,1.00,1.00
2015.06.16 23:40:12.688,1.23439,1.23441,1.12,1.00
2015.06.16 23:40:12.946,1.23432,1.23437,3.00,1.50
2015.06.16 23:40:13.453,1.23432,1.23437,3.00,1.00
2015.06.16 23:40:20.587,1.23432,1.23437,3.07,2.25
2015.06.16 23:40:26.155,1.23433,1.23437,1.00,1.00
2015.06.16 23:40:26.983,1.23433,1.23438,1.00,2.32
2015.06.16 23:40:31.311,1.23433,1.23437,1.00,1.00
2015.06.16 23:40:34.413,1.23433,1.23438,1.00,2.32
2015.06.16 23:40:35.072,1.23432,1.23437,2.32,1.50
2015.06.16 23:40:35.578,1.23433,1.23437,1.00,1.50
2015.06.16 23:40:36.418,1.23432,1.23437,3.07,1.50
2015.06.16 23:40:40.651,1.23434,1.23437,1.00,1.00
2015.06.16 23:40:45.407,1.23432,1.23437,3.82,1.50
2015.06.16 23:40:45.913,1.23433,1.23437,1.50,1.00
2015.06.16 23:40:49.166,1.23433,1.23438,1.50,3.07
2015.06.16 23:41:02.631,1.23433,1.23437,1.00,1.00
2015.06.16 23:41:03.179,1.23433,1.23438,1.50,2.32
2015.06.16 23:41:06.906,1.23433,1.23438,3.75,1.50
2015.06.16 23:41:17.210,1.23433,1.23438,3.82,1.00
2015.06.16 23:41:20.168,1.23434,1.23438,1.00,1.00
2015.06.16 23:41:20.523,1.23435,1.23441,1.50,2.62
2015.06.16 23:41:31.070,1.23435,1.23439,1.50,1.00
2015.06.16 23:41:31.577,1.23434,1.23438,1.00,1.00
2015.06.16 23:41:32.598,1.23433,1.23438,3.82,1.50
2015.06.16 23:41:33.125,1.23434,1.23439,1.50,1.10
2015.06.16 23:41:38.188,1.23434,1.2344,2.32,1.57
2015.06.16 23:41:41.977,1.23434,1.23439,1.57,1.00
2015.06.16 23:41:57.027,1.23434,1.2344,1.57,2.32
2015.06.16 23:41:59.222,1.23435,1.2344,1.00,1.57
2015.06.16 23:42:12.459,1.23435,1.23439,1.00,1.00
2015.06.16 23:42:12.994,1.23433,1.23438,4.12,1.00
2015.06.16 23:42:26.520,1.23434,1.23439,2.32,1.50
2015.06.16 23:42:44.108,1.23434,1.2344,1.57,1.57
2015.06.16 23:42:44.614,1.23435,1.2344,1.00,1.10
2015.06.16 23:42:45.475,1.23434,1.2344,1.57,1.57
2015.06.16 23:42:45.780,1.23434,1.23439,1.00,2.62
2015.06.16 23:42:46.236,1.23433,1.23435,1.00,1.50
2015.06.16 23:42:46.339,1.23429,1.23432,1.00,1.00
2015.06.16 23:42:46.542,1.23426,1.23431,2.32,1.00
2015.06.16 23:42:46.600,1.2343,1.23432,1.00,1.50
2015.06.16 23:42:46.803,1.23427,1.23431,1.12,1.00
2015.06.16 23:42:47.308,1.23427,1.23432,1.00,1.50
2015.06.16 23:42:47.814,1.23427,1.23431,1.50,1.57
2015.06.16 23:42:48.321,1.23425,1.2343,4.50,1.10
2015.06.16 23:43:07.326,1.23425,1.23427,1.50,1.00
2015.06.16 23:43:07.839,1.23425,1.23426,1.00,1.50
2015.06.16 23:43:08.519,1.23424,1.23426,1.00,1.50
2015.06.16 23:43:09.056,1.23422,1.23426,1.12,1.50
2015.06.16 23:43:09.809,1.23423,1.23427,1.10,1.57
2015.06.16 23:43:10.113,1.23424,1.23429,3.00,1.57
2015.06.16 23:43:10.417,1.23426,1.2343,1.00,1.50
2015.06.16 23:43:10.923,1.23425,1.2343,3.07,1.50
2015.06.16 23:43:15.109,1.23427,1.2343,1.00,1.50
2015.06.16 23:43:15.618,1.23429,1.23433,1.00,3.00
2015.06.16 23:43:15.923,1.23431,1.23433,1.00,1.00
2015.06.16 23:43:16.176,1.23432,1.23437,1.50,2.62
2015.06.16 23:43:16.683,1.23433,1.23437,1.00,1.50
2015.06.16 23:43:17.213,1.23434,1.23437,1.00,1.50
2015.06.16 23:43:19.806,1.23433,1.23437,1.50,1.10
2015.06.16 23:43:23.287,1.23434,1.23438,1.00,1.12
2015.06.16 23:43:23.837,1.23434,1.23439,1.12,2.62
2015.06.16 23:43:35.285,1.23433,1.23439,3.37,2.62
2015.06.16 23:43:36.625,1.23433,1.23439,4.87,2.62
2015.06.16 23:43:49.426,1.23434,1.23439,2.62,1.10
2015.06.16 23:43:51.038,1.23434,1.23438,1.87,1.00
2015.06.16 23:43:52.689,1.23433,1.23438,3.45,1.00
2015.06.16 23:43:55.396,1.23434,1.23439,1.50,1.57
2015.06.16 23:44:05.392,1.23435,1.23439,1.00,1.57
2015.06.16 23:44:06.049,1.23435,1.23438,1.00,1.00
2015.06.16 23:44:08.518,1.23435,1.23439,1.00,1.10
2015.06.16 23:44:10.444,1.23434,1.23439,2.62,1.10
2015.06.16 23:44:16.495,1.23434,1.23438,1.95,1.00
2015.06.16 23:44:21.329,1.23434,1.23439,2.70,1.00
2015.06.16 23:44:21.878,1.23434,1.2344,3.45,2.32
2015.06.16 23:44:24.181,1.23434,1.2344,3.75,1.50
2015.06.16 23:44:24.390,1.23437,1.2344,1.00,1.00
2015.06.16 23:44:24.894,1.23438,1.2344,1.00,1.00
2015.06.16 23:44:30.165,1.23438,1.23441,1.00,1.10
2015.06.16 23:44:34.819,1.23439,1.23441,1.00,1.57
2015.06.16 23:44:35.325,1.23439,1.23441,1.00,1.00
2015.06.16 23:44:35.864,1.23439,1.23441,1.00,1.00
2015.06.16 23:44:36.277,1.2344,1.23443,1.00,3.07
2015.06.16 23:44:36.787,1.23441,1.23443,1.00,3.07
2015.06.16 23:44:37.297,1.2344,1.23443,1.00,2.25
2015.06.16 23:44:46.539,1.2344,1.23442,1.00,1.00
2015.06.16 23:44:56.220,1.2344,1.23443,1.00,1.10
2015.06.16 23:45:01.329,1.2344,1.23442,1.00,1.00
2015.06.16 23:45:26.413,1.23441,1.23443,1.00,2.57
2015.06.16 23:45:26.565,1.23442,1.23444,1.50,1.00
2015.06.16 23:45:26.667,1.23442,1.23447,2.25,3.37
2015.06.16 23:45:26.869,1.23444,1.23448,1.00,2.62
2015.06.16 23:45:27.174,1.23446,1.23448,1.00,1.00
2015.06.16 23:45:34.829,1.23445,1.23448,2.25,1.00
2015.06.16 23:45:45.003,1.23445,1.23449,1.00,1.00
2015.06.16 23:45:57.467,1.23444,1.23449,1.00,3.00
2015.06.16 23:45:57.987,1.23445,1.23448,1.00,1.00
2015.06.16 23:46:00.643,1.23444,1.23448,1.50,1.00
2015.06.16 23:46:09.956,1.23443,1.23448,3.07,1.50
2015.06.16 23:46:18.903,1.23444,1.23448,1.00,1.50
2015.06.16 23:46:27.740,1.23444,1.23447,1.00,1.00
2015.06.16 23:46:28.291,1.23443,1.23447,1.12,1.50
2015.06.16 23:46:28.595,1.23442,1.23445,1.00,1.50
2015.06.16 23:46:33.975,1.2344,1.23445,2.62,2.32
2015.06.16 23:46:34.330,1.2344,1.23445,2.25,2.62
2015.06.16 23:46:38.916,1.2344,1.23444,2.25,1.10
2015.06.16 23:46:46.066,1.2344,1.23443,1.50,1.00
2015.06.16 23:46:46.388,1.23439,1.23441,1.00,1.00
2015.06.16 23:46:51.346,1.23439,1.2344,1.00,1.00
2015.06.16 23:46:51.498,1.23434,1.23439,3.07,1.00
2015.06.16 23:46:52.043,1.23434,1.23437,1.00,1.00
2015.06.16 23:46:53.452,1.23433,1.23437,1.00,2.25
2015.06.16 23:46:53.988,1.23433,1.23436,1.00,2.25
2015.06.16 23:46:54.752,1.23433,1.23435,1.00,1.00
2015.06.16 23:46:54.904,1.23434,1.23437,1.00,2.32
2015.06.16 23:46:55.406,1.23433,1.23437,1.50,2.32
2015.06.16 23:46:55.811,1.23435,1.23438,1.00,1.87
2015.06.16 23:46:56.115,1.23438,1.23442,1.00,2.62
2015.06.16 23:47:00.104,1.23439,1.23442,1.00,1.37
2015.06.16 23:47:00.360,1.23437,1.23441,1.50,1.00
2015.06.16 23:47:00.513,1.23437,1.23439,1.00,1.50
2015.06.16 23:47:00.564,1.23435,1.23439,1.00,1.50
2015.06.16 23:47:00.919,1.23434,1.23438,1.00,1.87
2015.06.16 23:47:01.442,1.23433,1.23437,1.00,1.10
2015.06.16 23:47:01.958,1.23434,1.23437,1.00,1.57
2015.06.16 23:47:02.754,1.23433,1.23437,1.00,2.32
2015.06.16 23:47:04.972,1.23434,1.23437,1.87,1.57
2015.06.16 23:47:05.362,1.23433,1.23437,2.25,1.10
2015.06.16 23:47:06.822,1.23435,1.23437,1.00,1.10
2015.06.16 23:47:06.924,1.23436,1.23439,1.00,1.50
2015.06.16 23:47:07.414,1.23435,1.23439,1.00,1.57
2015.06.16 23:47:09.355,1.23436,1.23438,1.00,1.00
2015.06.16 23:47:09.406,1.23434,1.23439,1.50,2.32
2015.06.16 23:47:09.913,1.23435,1.23439,1.00,1.57
2015.06.16 23:47:11.602,1.23435,1.23438,1.00,1.00
2015.06.16 23:47:20.845,1.23435,1.23439,1.00,2.32
2015.06.16 23:47:23.668,1.23436,1.23439,1.00,1.57
2015.06.16 23:47:24.175,1.23435,1.23439,1.00,2.25
2015.06.16 23:47:24.682,1.23436,1.23439,1.00,1.50
2015.06.16 23:47:25.511,1.23435,1.23439,1.00,2.25
2015.06.16 23:47:26.274,1.23436,1.23439,1.00,1.50
2015.06.16 23:47:29.590,1.23435,1.23439,1.00,2.25
2015.06.16 23:47:39.025,1.23436,1.23439,1.00,1.50
2015.06.16 23:47:43.288,1.23437,1.23439,1.00,1.00
2015.06.16 23:47:46.131,1.23436,1.23439,1.00,1.50
2015.06.16 23:47:46.487,1.23438,1.2344,1.00,1.50
2015.06.16 23:47:46.589,1.23438,1.23442,1.00,1.57
2015.06.16 23:47:47.130,1.23438,1.23443,1.00,1.57
2015.06.16 23:47:48.561,1.23438,1.23443,1.50,3.00
2015.06.16 23:47:51.550,1.23439,1.23443,1.00,2.25
2015.06.16 23:47:53.502,1.23438,1.23443,2.25,1.75
2015.06.16 23:47:57.264,1.23438,1.23443,2.25,2.25
2015.06.16 23:47:57.771,1.23439,1.23444,1.00,2.25
2015.06.16 23:47:58.075,1.23441,1.23444,1.00,1.87
2015.06.16 23:47:59.824,1.23439,1.23444,3.00,1.87
2015.06.16 23:48:02.162,1.2344,1.23444,1.00,1.87
2015.06.16 23:48:02.767,1.23439,1.23444,3.00,1.87
2015.06.16 23:48:31.629,1.23438,1.23443,2.25,1.10
2015.06.16 23:48:32.138,1.23438,1.23443,2.25,1.87
2015.06.16 23:48:32.702,1.23439,1.23443,1.00,1.12
2015.06.16 23:48:33.240,1.23438,1.23443,1.50,1.12
2015.06.16 23:48:37.085,1.23439,1.23443,1.00,1.12
2015.06.16 23:48:43.994,1.23439,1.23443,1.10,1.00
2015.06.16 23:48:46.449,1.2344,1.23444,1.00,1.10
2015.06.16 23:48:46.993,1.23439,1.23444,2.32,1.57
2015.06.16 23:48:47.758,1.23439,1.23443,1.10,1.00
2015.06.16 23:48:48.264,1.23439,1.23444,1.10,1.57
2015.06.16 23:48:48.417,1.23442,1.23444,1.00,1.10
2015.06.16 23:48:48.721,1.2344,1.23443,1.57,1.00
2015.06.16 23:48:49.261,1.23439,1.23443,1.00,1.10
2015.06.16 23:48:49.776,1.23438,1.23443,3.07,1.10
2015.06.16 23:48:51.454,1.23439,1.23443,1.10,1.00
2015.06.16 23:48:54.772,1.23439,1.23444,1.10,2.32
2015.06.16 23:48:55.292,1.23439,1.23443,1.10,1.00
2015.06.16 23:49:05.676,1.23438,1.23441,1.12,1.00
2015.06.16 23:49:05.980,1.23437,1.23439,1.00,1.00
2015.06.16 23:49:06.450,1.23436,1.23438,1.00,1.00
2015.06.16 23:49:08.484,1.23436,1.2344,1.00,1.57
2015.06.16 23:49:08.789,1.23438,1.23441,1.00,1.12
2015.06.16 23:49:08.962,1.23438,1.23443,1.00,2.62
2015.06.16 23:49:09.470,1.23437,1.23443,3.07,2.62
2015.06.16 23:49:09.976,1.23438,1.23443,1.50,1.87
2015.06.16 23:49:21.812,1.23438,1.23444,2.32,2.32
2015.06.16 23:49:22.355,1.23439,1.23444,1.50,1.57
2015.06.16 23:49:22.863,1.2344,1.23444,1.00,1.57
2015.06.16 23:49:23.593,1.23439,1.23444,3.07,1.00
2015.06.16 23:49:24.004,1.23439,1.23442,1.10,1.50
2015.06.16 23:49:24.518,1.23437,1.23443,3.37,2.25
2015.06.16 23:49:25.036,1.23439,1.23443,1.00,1.00
2015.06.16 23:49:25.949,1.23438,1.23443,3.07,1.00
2015.06.16 23:49:30.096,1.23439,1.23444,1.00,2.32
2015.06.16 23:49:30.691,1.23438,1.23443,3.07,1.00
2015.06.16 23:49:31.610,1.2344,1.23443,1.00,1.00
2015.06.16 23:49:31.915,1.23443,1.23446,1.00,1.12
2015.06.16 23:49:32.471,1.23443,1.23446,1.50,1.00
2015.06.16 23:49:32.877,1.23444,1.23448,1.50,1.57
2015.06.16 23:49:33.394,1.23443,1.23447,1.12,1.50
2015.06.16 23:49:34.315,1.23445,1.23449,1.00,1.10
2015.06.16 23:49:34.826,1.23444,1.23449,1.50,1.57
2015.06.16 23:49:36.000,1.23444,1.23448,1.50,1.00
2015.06.16 23:49:36.536,1.23444,1.23447,2.25,1.00
2015.06.16 23:49:40.121,1.23444,1.23448,1.00,1.00
2015.06.16 23:49:40.665,1.23445,1.23448,1.00,1.00
2015.06.16 23:49:41.446,1.23444,1.23448,1.50,1.00
2015.06.16 23:49:41.952,1.23443,1.23448,2.32,1.50
2015.06.16 23:49:44.433,1.23443,1.23447,2.32,1.00
2015.06.16 23:49:45.957,1.23443,1.23448,3.07,1.50
2015.06.16 23:49:47.839,1.23444,1.23448,1.00,1.00
2015.06.16 23:49:49.904,1.23444,1.23447,1.50,1.00
2015.06.16 23:49:50.410,1.23443,1.23446,1.50,1.00
2015.06.16 23:49:51.436,1.23441,1.23444,1.12,1.00
2015.06.16 23:49:51.639,1.2344,1.23444,1.57,1.00
2015.06.16 23:49:54.033,1.23441,1.23444,1.00,1.00
2015.06.16 23:49:54.603,1.23441,1.23445,2.32,1.00
2015.06.16 23:49:55.110,1.23441,1.23446,1.57,1.50
2015.06.16 23:49:55.161,1.23443,1.23446,1.00,1.50
2015.06.16 23:49:55.668,1.23443,1.23447,1.00,1.00
2015.06.16 23:49:56.036,1.23444,1.2345,2.62,2.25
2015.06.16 23:49:57.037,1.23444,1.23448,1.12,1.00
2015.06.16 23:49:57.564,1.23444,1.2345,1.87,2.25
2015.06.16 23:49:59.922,1.23444,1.23448,1.50,1.00
2015.06.16 23:50:01.113,1.23443,1.23448,1.95,1.00
2015.06.16 23:50:03.073,1.23443,1.23447,1.95,1.00
2015.06.16 23:50:06.353,1.23443,1.23446,1.87,1.00
2015.06.16 23:50:06.861,1.23443,1.23447,1.87,1.00
2015.06.16 23:50:09.998,1.23444,1.23447,1.87,1.00
2015.06.16 23:50:10.302,1.23449,1.23452,1.00,1.75
2015.06.16 23:50:10.353,1.23447,1.23451,2.70,1.10
2015.06.16 23:50:10.455,1.23444,1.23449,2.25,1.10
2015.06.16 23:50:10.607,1.23446,1.23447,1.00,1.00
2015.06.16 23:50:10.710,1.23446,1.23448,1.00,1.57
2015.06.16 23:50:11.218,1.23445,1.23448,1.00,1.12
2015.06.16 23:50:11.726,1.23444,1.23446,1.12,1.00
2015.06.16 23:50:13.468,1.23444,1.23447,1.12,1.10
2015.06.16 23:50:16.070,1.23444,1.23446,1.12,1.00
2015.06.16 23:50:16.772,1.23444,1.23447,1.12,1.00
2015.06.16 23:50:17.283,1.23443,1.23448,1.00,1.87
2015.06.16 23:50:17.589,1.2344,1.23446,2.25,1.00
2015.06.16 23:50:18.097,1.23439,1.23445,1.87,1.10
2015.06.16 23:50:18.353,1.23437,1.23443,3.00,1.00
2015.06.16 23:50:18.859,1.23438,1.23443,1.10,1.10
2015.06.16 23:50:19.480,1.23439,1.23443,1.00,1.10
2015.06.16 23:50:20.304,1.23439,1.23441,1.00,1.00
2015.06.16 23:50:20.406,1.23438,1.23442,1.57,1.00
2015.06.16 23:50:23.762,1.23437,1.23441,1.12,1.50
2015.06.16 23:50:24.220,1.23436,1.23438,1.50,1.00
2015.06.16 23:50:24.423,1.23435,1.23438,1.57,1.00
2015.06.16 23:50:24.929,1.23435,1.23439,1.57,1.00
2015.06.16 23:50:25.472,1.23435,1.23438,1.57,1.00
2015.06.16 23:50:26.850,1.23435,1.23439,1.57,1.50
2015.06.16 23:50:27.384,1.23435,1.2344,1.57,2.62
2015.06.16 23:50:31.525,1.23435,1.23439,1.10,1.00
2015.06.16 23:50:32.032,1.23434,1.23439,2.70,1.50
2015.06.16 23:50:32.538,1.23434,1.23438,1.00,1.50
2015.06.16 23:50:33.086,1.23435,1.23439,1.00,1.10
2015.06.16 23:50:37.108,1.23435,1.2344,2.25,1.95
2015.06.16 23:50:37.829,1.23435,1.23439,2.25,1.00
2015.06.16 23:50:39.071,1.23434,1.23438,3.07,1.00
2015.06.16 23:50:41.069,1.23435,1.23438,1.00,1.00
2015.06.16 23:50:44.757,1.23435,1.23439,1.00,1.00
2015.06.16 23:50:45.287,1.23436,1.2344,1.10,1.50
2015.06.16 23:50:45.794,1.23436,1.23439,1.10,1.00
2015.06.16 23:50:48.060,1.23435,1.23438,1.50,1.00
2015.06.16 23:50:48.561,1.23435,1.23438,1.00,1.00
2015.06.16 23:50:52.165,1.23434,1.23438,2.25,1.10
2015.06.16 23:50:55.880,1.23434,1.23437,1.50,1.00
2015.06.16 23:50:56.415,1.23434,1.23438,2.25,1.10
2015.06.16 23:51:16.460,1.23434,1.23439,2.70,1.57
2015.06.16 23:51:16.980,1.23435,1.23439,1.00,1.10
2015.06.16 23:51:17.564,1.23434,1.23439,3.45,1.57
2015.06.16 23:51:19.351,1.23434,1.23438,1.95,1.50
2015.06.16 23:51:19.858,1.23432,1.23437,2.70,3.00
2015.06.16 23:51:20.365,1.23433,1.23437,1.87,1.00
2015.06.16 23:51:27.438,1.23433,1.23437,1.50,1.00
2015.06.16 23:51:30.700,1.23433,1.23438,2.25,3.07
2015.06.16 23:51:31.249,1.23433,1.23437,1.50,1.00
2015.06.16 23:51:53.048,1.23433,1.23436,1.00,1.00
2015.06.16 23:52:06.680,1.23433,1.23437,1.00,3.00
2015.06.16 23:52:08.613,1.23433,1.23436,1.00,1.50
2015.06.16 23:52:10.557,1.23434,1.23436,1.00,1.50
2015.06.16 23:52:14.431,1.23433,1.23436,1.00,1.50
2015.06.16 23:52:17.822,1.23432,1.23436,2.32,1.50
2015.06.16 23:52:18.328,1.23432,1.23437,3.07,2.25
2015.06.16 23:52:19.193,1.23432,1.23436,1.57,1.00
2015.06.16 23:52:19.762,1.23432,1.23437,1.57,3.00
2015.06.16 23:52:36.502,1.23432,1.23435,1.10,1.00
2015.06.16 23:52:37.008,1.2343,1.23434,1.87,1.00
2015.06.16 23:52:38.730,1.2343,1.23434,1.57,1.00
2015.06.16 23:52:47.339,1.23429,1.23433,3.75,1.00
2015.06.16 23:52:47.644,1.23427,1.23428,1.10,1.00
2015.06.16 23:52:47.950,1.23421,1.23426,2.25,1.00
2015.06.16 23:52:48.406,1.23422,1.23427,1.50,1.00
2015.06.16 23:52:51.835,1.23423,1.23428,1.87,3.00
2015.06.16 23:52:52.807,1.23424,1.23428,1.50,3.00
2015.06.16 23:52:53.800,1.23424,1.23427,1.50,1.00
2015.06.16 23:52:54.464,1.23424,1.23428,1.50,2.25
2015.06.16 23:52:55.122,1.23424,1.23428,1.75,1.00
2015.06.16 23:52:57.489,1.23424,1.23429,2.25,2.25
2015.06.16 23:53:01.266,1.23424,1.23429,3.07,1.00
2015.06.16 23:53:01.520,1.23424,1.23428,1.00,1.75
2015.06.16 23:53:01.622,1.23424,1.23428,1.00,1.10
2015.06.16 23:53:02.592,1.23424,1.23429,1.57,1.57
2015.06.16 23:53:06.717,1.23425,1.23429,1.00,1.10
2015.06.16 23:53:17.542,1.23425,1.2343,1.50,1.57
2015.06.16 23:53:28.806,1.23427,1.2343,1.50,1.00
2015.06.16 23:53:29.110,1.23429,1.23434,2.25,1.50
2015.06.16 23:53:29.415,1.23431,1.23435,1.00,1.50
2015.06.16 23:53:30.137,1.23432,1.23436,1.00,2.25
2015.06.16 23:53:30.644,1.23433,1.23436,1.00,1.50
2015.06.16 23:53:31.151,1.23432,1.23437,1.00,3.00
2015.06.16 23:53:31.479,1.23434,1.23437,1.00,1.75
2015.06.16 23:53:31.531,1.23434,1.23438,1.87,1.00
2015.06.16 23:53:31.734,1.23434,1.23438,3.00,1.00
2015.06.16 23:53:31.886,1.23434,1.23438,1.57,1.00
2015.06.16 23:53:32.426,1.23434,1.23437,1.10,1.00
2015.06.16 23:53:33.309,1.23433,1.23438,2.62,1.00
2015.06.16 23:53:33.613,1.23434,1.23438,1.37,1.00
2015.06.16 23:53:41.124,1.23435,1.23439,1.12,2.25
2015.06.16 23:53:49.450,1.23435,1.23439,1.10,2.25
2015.06.16 23:53:51.346,1.23437,1.23439,1.00,1.00
2015.06.16 23:53:51.651,1.23443,1.23445,2.32,1.00
2015.06.16 23:53:51.909,1.23444,1.23449,1.10,2.62
2015.06.16 23:53:52.416,1.23445,1.2345,1.10,1.50
2015.06.16 23:53:52.669,1.23446,1.23451,1.12,1.50
2015.06.16 23:53:53.269,1.23446,1.23452,1.87,3.00
2015.06.16 23:53:53.776,1.23448,1.23452,1.10,1.00
2015.06.16 23:53:54.280,1.23447,1.23451,1.87,1.00
2015.06.16 23:53:54.816,1.23447,1.23452,1.87,1.50
2015.06.16 23:54:00.320,1.23447,1.23449,1.87,1.00
2015.06.16 23:54:00.739,1.23443,1.23447,1.75,1.00
2015.06.16 23:54:00.892,1.23443,1.23446,1.37,1.00
2015.06.16 23:54:02.530,1.23441,1.23446,3.75,2.25
2015.06.16 23:54:02.738,1.23441,1.23444,1.50,1.00
2015.06.16 23:54:03.043,1.23438,1.23439,1.00,1.50
2015.06.16 23:54:03.298,1.23434,1.23437,1.87,1.00
2015.06.16 23:54:03.400,1.23434,1.23438,1.87,1.50
2015.06.16 23:54:03.451,1.23434,1.23436,1.87,1.50
2015.06.16 23:54:04.446,1.23432,1.23436,1.00,1.57
2015.06.16 23:54:11.597,1.23432,1.23435,1.00,1.00
2015.06.16 23:54:11.897,1.23434,1.23435,1.00,1.00
2015.06.16 23:54:12.400,1.23434,1.23436,1.00,1.10
2015.06.16 23:54:15.930,1.23434,1.23436,1.00,1.10
2015.06.16 23:54:16.437,1.23434,1.23436,1.00,1.10
2015.06.16 23:54:24.673,1.23434,1.23437,1.00,1.00
2015.06.16 23:54:30.673,1.23433,1.23437,1.50,1.00
2015.06.16 23:54:31.280,1.23434,1.23437,1.00,1.00
2015.06.16 23:54:32.373,1.23433,1.23437,1.00,1.00
2015.06.16 23:54:34.676,1.23434,1.23437,1.00,1.00
2015.06.16 23:54:35.223,1.23433,1.23437,1.00,1.00
2015.06.16 23:54:36.232,1.23435,1.23439,1.00,1.12
2015.06.16 23:54:36.437,1.23439,1.23444,2.25,1.12
2015.06.16 23:54:36.540,1.23441,1.23445,1.00,1.87
2015.06.16 23:54:37.048,1.23443,1.23448,1.00,2.62
2015.06.16 23:54:37.099,1.23444,1.23448,1.00,1.50
2015.06.16 23:54:38.004,1.23445,1.23448,1.00,1.95
2015.06.16 23:54:38.594,1.23444,1.23447,1.00,1.12
2015.06.16 23:54:46.256,1.23444,1.23448,1.00,1.10
2015.06.16 23:54:51.802,1.23444,1.23449,1.50,1.57
2015.06.16 23:54:57.916,1.23444,1.23448,1.50,1.00
2015.06.16 23:54:58.444,1.23443,1.23447,1.00,1.00
2015.06.16 23:54:59.212,1.23442,1.23447,3.00,1.00
2015.06.16 23:54:59.870,1.23442,1.23446,2.25,1.00
2015.06.16 23:55:00.073,1.23444,1.23446,1.00,1.00
2015.06.16 23:55:00.325,1.23441,1.23445,1.00,1.00
2015.06.16 23:55:00.904,1.23441,1.23444,1.00,1.00
2015.06.16 23:55:01.735,1.2344,1.23443,1.00,1.00
2015.06.16 23:55:02.058,1.23437,1.23439,1.10,1.00
2015.06.16 23:55:02.363,1.23433,1.23435,1.50,1.00
2015.06.16 23:55:02.869,1.23433,1.23435,1.50,1.50
2015.06.16 23:55:07.039,1.23433,1.23436,1.00,1.57
2015.06.16 23:55:07.701,1.23434,1.23436,1.00,1.57
2015.06.16 23:55:09.526,1.23434,1.23436,1.00,2.32
2015.06.16 23:55:13.419,1.23432,1.23436,1.00,1.57
2015.06.16 23:55:17.889,1.23432,1.23436,1.00,3.37
2015.06.16 23:55:23.418,1.23432,1.23436,1.00,3.00
2015.06.16 23:55:25.071,1.23432,1.23437,1.57,2.25
2015.06.16 23:55:26.168,1.23433,1.23437,1.00,1.50
2015.06.16 23:55:28.349,1.23434,1.23437,1.00,1.00
2015.06.16 23:55:29.005,1.23434,1.23438,1.50,1.50
2015.06.16 23:55:29.513,1.23435,1.23438,1.00,1.50
2015.06.16 23:55:30.674,1.23434,1.23438,1.50,1.50
2015.06.16 23:55:31.139,1.23437,1.23438,1.50,1.00
2015.06.16 23:55:31.344,1.23437,1.23442,1.57,2.25
2015.06.16 23:55:31.396,1.23438,1.23442,1.00,1.00
2015.06.16 23:55:31.498,1.23439,1.23444,1.57,1.00
2015.06.16 23:55:31.651,1.23439,1.23445,1.87,1.50
2015.06.16 23:55:32.234,1.23441,1.23446,1.10,1.50
2015.06.16 23:55:32.488,1.23442,1.23448,2.25,3.45
2015.06.16 23:55:32.994,1.23443,1.23448,2.32,2.62
2015.06.16 23:55:33.496,1.23442,1.23447,2.62,1.50
2015.06.16 23:55:44.771,1.23441,1.23446,3.00,1.00
2015.06.16 23:55:45.288,1.23442,1.23446,1.10,1.00
2015.06.16 23:55:47.984,1.23442,1.23447,1.10,1.57
2015.06.16 23:55:54.323,1.23442,1.23446,1.10,1.87
2015.06.16 23:55:54.831,1.23441,1.23445,1.87,1.00
2015.06.16 23:55:57.585,1.2344,1.23445,2.62,1.50
2015.06.16 23:56:08.618,1.23441,1.23446,1.10,1.95
2015.06.16 23:56:09.277,1.23441,1.23447,1.87,2.25
2015.06.16 23:56:09.706,1.23442,1.23448,2.25,2.25
2015.06.16 23:56:14.110,1.23443,1.23448,3.07,1.50
2015.06.16 23:56:14.938,1.23442,1.23447,3.37,1.00
2015.06.16 23:56:15.981,1.23442,1.23447,2.32,1.00
2015.06.16 23:56:16.520,1.23442,1.23448,3.07,2.32
2015.06.16 23:56:18.586,1.23442,1.23447,2.32,1.00
2015.06.16 23:56:19.093,1.23442,1.23448,3.07,2.32
2015.06.16 23:56:24.137,1.23442,1.23447,2.32,1.00
2015.06.16 23:56:24.644,1.23443,1.23448,1.57,1.50
2015.06.16 23:56:25.049,1.23446,1.23449,1.00,1.20
2015.06.16 23:56:25.563,1.23443,1.23449,3.00,1.50
2015.06.16 23:56:26.072,1.23442,1.23448,3.00,1.50
2015.06.16 23:56:28.954,1.23444,1.2345,2.25,2.25
2015.06.16 23:56:29.461,1.23444,1.23449,3.00,1.00
2015.06.16 23:56:30.071,1.23444,1.2345,3.00,1.50
2015.06.16 23:56:30.575,1.23444,1.23449,3.00,1.00
2015.06.16 23:56:31.082,1.23444,1.2345,3.00,1.50
2015.06.16 23:56:31.689,1.23446,1.23451,1.10,1.00
2015.06.16 23:56:32.198,1.23445,1.2345,2.62,1.00
2015.06.16 23:56:33.655,1.23444,1.23448,2.25,1.00
2015.06.16 23:56:33.786,1.23443,1.23449,3.07,2.32
2015.06.16 23:56:34.368,1.23443,1.23448,2.32,1.00
2015.06.16 23:56:36.198,1.23443,1.23448,1.12,1.50
2015.06.16 23:56:37.450,1.23442,1.23448,1.87,2.25
2015.06.16 23:56:46.761,1.23442,1.23447,2.62,1.00
2015.06.16 23:56:46.964,1.23445,1.23448,1.00,1.50
2015.06.16 23:56:47.319,1.23443,1.23448,1.10,1.00
2015.06.16 23:56:48.331,1.23442,1.23447,1.12,1.50
2015.06.16 23:57:01.234,1.23442,1.23448,1.87,1.50
2015.06.16 23:57:03.207,1.23442,1.23447,1.12,1.00
2015.06.16 23:57:08.707,1.23441,1.23446,3.00,1.00
2015.06.16 23:57:09.250,1.23441,1.23447,3.00,1.50
2015.06.16 23:57:10.213,1.23442,1.23447,1.10,1.00
2015.06.16 23:57:12.139,1.23441,1.23446,1.87,1.00
2015.06.16 23:57:12.641,1.23441,1.23447,1.87,1.50
2015.06.16 23:57:20.525,1.23441,1.23446,1.12,1.00
2015.06.16 23:57:21.147,1.23441,1.23447,1.87,2.25
2015.06.16 23:57:21.856,1.23441,1.23446,1.12,1.00
2015.06.16 23:57:22.362,1.23441,1.23447,2.62,2.25
2015.06.16 23:57:30.251,1.23441,1.23446,1.87,1.00
2015.06.16 23:57:30.768,1.23441,1.23447,1.87,2.25
2015.06.16 23:57:31.274,1.23441,1.23446,1.12,1.00
2015.06.16 23:57:31.832,1.23441,1.23447,1.87,1.50
2015.06.16 23:57:39.436,1.23441,1.23446,1.12,1.00
2015.06.16 23:57:39.945,1.23441,1.23447,1.87,1.50
2015.06.16 23:57:46.484,1.23441,1.23446,1.12,1.00
2015.06.16 23:57:47.143,1.23441,1.23447,1.12,1.50
2015.06.16 23:57:48.350,1.23441,1.23446,1.12,1.00
2015.06.16 23:57:49.059,1.23441,1.23447,1.12,1.50
2015.06.16 23:57:49.576,1.23441,1.23447,1.57,1.10
2015.06.16 23:57:51.071,1.23441,1.23446,1.10,1.00
2015.06.16 23:57:51.577,1.2344,1.23445,1.87,1.00
2015.06.16 23:57:52.083,1.23441,1.23446,1.10,1.00
2015.06.16 23:57:52.595,1.23441,1.23447,1.57,1.57
2015.06.16 23:57:52.849,1.23441,1.23445,1.10,1.00
2015.06.16 23:57:53.052,1.23441,1.23447,1.10,1.57
2015.06.16 23:57:53.761,1.23441,1.23446,1.10,1.00
2015.06.16 23:57:54.339,1.23441,1.23447,1.10,1.57
2015.06.16 23:57:54.881,1.23441,1.23446,1.10,1.50
2015.06.16 23:57:55.883,1.23441,1.23447,1.10,1.57
2015.06.16 23:57:58.157,1.23441,1.23445,1.57,1.00
2015.06.16 23:57:58.664,1.23441,1.23446,1.10,1.50
2015.06.16 23:57:59.207,1.23441,1.23447,2.32,1.57
2015.06.16 23:57:59.737,1.23441,1.23446,1.87,1.50
2015.06.16 23:58:04.659,1.23441,1.23446,1.10,2.25
2015.06.16 23:58:05.872,1.23441,1.23446,1.00,2.62
2015.06.16 23:58:06.978,1.2344,1.23445,3.00,1.57
2015.06.16 23:58:09.367,1.2344,1.23444,2.25,1.00
2015.06.16 23:58:18.169,1.2344,1.23445,1.50,1.57
2015.06.16 23:58:19.575,1.23441,1.23446,1.00,3.37
2015.06.16 23:58:20.084,1.23441,1.23446,1.00,2.32
2015.06.16 23:58:21.382,1.2344,1.23446,3.82,2.32
2015.06.16 23:58:25.511,1.23441,1.23446,1.00,2.32
2015.06.16 23:58:26.683,1.23441,1.23445,1.10,1.00
2015.06.16 23:58:28.404,1.23441,1.23446,1.10,3.00
2015.06.16 23:58:34.215,1.23441,1.23447,3.07,3.07
2015.06.16 23:58:34.722,1.23443,1.23447,1.00,2.32
2015.06.16 23:58:35.447,1.23443,1.23448,1.10,2.25
2015.06.16 23:58:36.522,1.23442,1.23447,1.87,1.00
2015.06.16 23:58:39.244,1.23442,1.23446,1.12,1.00
2015.06.16 23:58:39.756,1.23442,1.23446,1.57,1.00
2015.06.16 23:58:41.424,1.23442,1.23448,3.82,2.32
2015.06.16 23:58:41.814,1.23444,1.23449,1.00,1.57
2015.06.16 23:58:42.522,1.23444,1.23448,1.00,1.00
2015.06.16 23:58:43.054,1.23442,1.23448,4.12,1.50
2015.06.16 23:58:44.032,1.23442,1.23448,3.75,2.62
2015.06.16 23:58:44.538,1.23443,1.23448,1.00,1.87
2015.06.16 23:58:45.050,1.23442,1.23448,3.00,2.62
2015.06.16 23:58:47.641,1.23443,1.23448,1.00,1.37
2015.06.16 23:58:48.146,1.23442,1.23448,3.75,1.87
2015.06.16 23:58:48.829,1.23443,1.23448,1.00,1.37
2015.06.16 23:58:51.951,1.23444,1.2345,1.00,3.00
2015.06.16 23:58:52.486,1.23443,1.23449,2.25,1.87
2015.06.16 23:59:17.982,1.23446,1.23449,1.00,1.37
2015.06.16 23:59:18.226,1.23445,1.2345,1.00,2.62
2015.06.16 23:59:18.280,1.23446,1.23447,1.00,1.00
2015.06.16 23:59:18.382,1.23443,1.23447,1.00,1.00
2015.06.16 23:59:18.686,1.23441,1.23446,1.10,1.50
2015.06.16 23:59:19.192,1.2344,1.23445,1.57,1.00
2015.06.16 23:59:19.795,1.2344,1.23446,2.32,1.57
2015.06.16 23:59:23.595,1.23441,1.23446,1.00,1.10
2015.06.16 23:59:24.141,1.2344,1.23446,1.10,2.32
2015.06.16 23:59:25.512,1.2344,1.23445,1.10,1.00
2015.06.16 23:59:27.276,1.23439,1.23445,1.57,2.32
2015.06.16 23:59:29.894,1.2344,1.23445,1.00,1.57
2015.06.16 23:59:38.629,1.23441,1.23446,1.00,1.87
2015.06.16 23:59:39.911,1.23441,1.23446,1.00,1.10
2015.06.16 23:59:40.622,1.2344,1.23446,2.32,1.10
2015.06.16 23:59:41.129,1.23441,1.23447,1.50,1.87
2015.06.16 23:59:43.310,1.23442,1.23447,1.00,1.12
2015.06.16 23:59:43.949,1.23443,1.23447,1.00,1.12
2015.06.16 23:59:48.475,1.23443,1.23448,1.00,1.12
2015.06.16 23:59:51.406,1.23444,1.23449,1.00,2.25
2015.06.16 23:59:51.782,1.23445,1.2345,1.00,1.12
2015.06.16 23:59:52.240,1.23448,1.23452,1.00,2.25
2015.06.16 23:59:52.342,1.23449,1.23452,1.00,1.10
2015.06.16 23:59:52.545,1.23452,1.23453,1.50,1.10
2015.06.16 23:59:52.753,1.23455,1.23456,1.50,1.00
2015.06.16 23:59:53.008,1.23455,1.2346,1.50,2.62
2015.06.16 23:59:53.516,1.23454,1.23456,1.00,1.00
2015.06.16 23:59:53.669,1.2345,1.23452,1.00,1.00
2015.06.16 23:59:53.770,1.23451,1.23454,1.87,1.00
2015.06.16 23:59:54.017,1.23453,1.23455,1.00,1.57
2015.06.16 23:59:54.220,1.23455,1.2346,1.00,1.87
2015.06.16 23:59:54.728,1.23455,1.2346,1.50,1.12
2015.06.16 23:59:55.231,1.23456,1.23461,1.00,1.12
2015.06.16 23:59:56.526,1.23455,1.23461,2.32,1.12
2015.06.16 23:59:56.629,1.23455,1.23458,1.57,1.00
2015.06.16 23:59:57.149,1.23454,1.23457,1.87,1.00
2015.06.16 23:59:57.657,1.23456,1.23458,1.00,1.00
2015.06.16 23:59:57.708,1.23456,1.23459,1.00,1.00
2015.06.16 23:59:58.321,1.23455,1.23459,1.57,1.00
2015.06.16 23:59:59.077,1.23456,1.23459,1.00,1.00
