2007.12.27 05:00:01.102,1.14235,1.1424,0.20,0.40
2007.12.27 05:00:01.306,1.14235,1.14245,0.20,4.40
2007.12.27 05:00:01.509,1.14235,1.1424,0.20,0.40
2007.12.27 05:00:03.052,1.14235,1.1424,0.20,0.40
2007.12.27 05:00:07.272,1.1423,1.1424,0.50,0.40
2007.12.27 05:00:18.166,1.14235,1.1424,0.20,0.40
2007.12.27 05:00:49.178,1.14215,1.14265,4.00,4.00
2007.12.27 05:00:49.487,1.14215,1.14265,4.00,4.00
2007.12.27 05:00:50.618,1.14215,1.14265,4.00,4.00
2007.12.27 05:00:50.787,1.14215,1.14265,4.00,4.00
2007.12.27 05:00:50.955,1.14215,1.14265,4.00,4.00
2007.12.27 05:00:51.229,1.14215,1.14265,4.00,4.00
2007.12.27 05:00:54.927,1.1423,1.1425,3.20,7.70
2007.12.27 05:00:55.135,1.1423,1.1425,3.20,8.50
2007.12.27 05:00:57.026,1.1423,1.1425,3.10,8.50
2007.12.27 05:00:59.689,1.1423,1.1425,3.10,8.50
2007.12.27 05:00:59.827,1.1422,1.14235,6.80,4.00
2007.12.27 05:00:59.965,1.1422,1.1423,0.30,0.40
2007.12.27 05:01:00.103,1.1422,1.1423,0.30,0.40
2007.12.27 05:01:00.242,1.1422,1.1423,0.30,0.40
2007.12.27 05:01:00.703,1.1422,1.1423,0.30,0.40
2007.12.27 05:01:00.928,1.1422,1.1423,0.30,0.40
2007.12.27 05:01:01.177,1.1422,1.1423,0.30,0.40
2007.12.27 05:01:01.391,1.1422,1.1423,0.30,0.40
2007.12.27 05:01:01.550,1.1422,1.1423,0.30,0.40
2007.12.27 05:01:02.114,1.1422,1.1423,0.30,0.40
2007.12.27 05:01:02.273,1.1423,1.14235,0.30,4.00
2007.12.27 05:01:02.462,1.1423,1.1424,0.30,0.40
2007.12.27 05:01:02.956,1.1423,1.1424,0.30,0.40
2007.12.27 05:01:03.144,1.1423,1.1424,0.30,0.40
2007.12.27 05:01:03.461,1.1423,1.1424,0.30,0.40
2007.12.27 05:01:04.386,1.14225,1.1424,4.50,0.40
2007.12.27 05:01:05.048,1.1423,1.1424,0.30,0.40
2007.12.27 05:01:05.166,1.1423,1.1424,0.30,0.40
2007.12.27 05:01:07.624,1.1423,1.1424,0.30,0.40
2007.12.27 05:01:07.837,1.14225,1.14235,0.50,0.40
2007.12.27 05:01:08.041,1.14225,1.14235,0.50,0.40
2007.12.27 05:01:08.245,1.14225,1.14235,0.50,0.40
2007.12.27 05:01:08.448,1.14225,1.14235,0.50,0.40
2007.12.27 05:01:08.961,1.14225,1.14235,0.50,0.40
2007.12.27 05:01:10.195,1.14225,1.14235,0.50,0.40
2007.12.27 05:01:10.644,1.1423,1.1424,0.30,0.40
2007.12.27 05:01:10.798,1.14235,1.1424,0.50,0.40
2007.12.27 05:01:11.022,1.14235,1.1424,0.50,0.40
2007.12.27 05:01:11.215,1.1423,1.1424,0.30,0.40
2007.12.27 05:01:11.431,1.14235,1.1424,0.50,0.40
2007.12.27 05:01:11.584,1.14225,1.1423,0.40,0.40
2007.12.27 05:01:11.798,1.1422,1.1423,0.30,0.40
2007.12.27 05:01:12.012,1.14225,1.1423,0.40,0.40
2007.12.27 05:01:12.225,1.14225,1.1423,0.40,0.40
2007.12.27 05:01:12.438,1.14225,1.1423,0.40,0.40
2007.12.27 05:01:12.651,1.14225,1.1423,0.40,0.40
2007.12.27 05:01:12.876,1.1422,1.1423,0.30,0.40
2007.12.27 05:01:13.049,1.1422,1.1423,0.30,0.40
2007.12.27 05:01:13.222,1.1422,1.1423,0.30,0.40
2007.12.27 05:01:13.616,1.1422,1.1423,0.30,0.40
2007.12.27 05:01:13.775,1.14225,1.14235,0.30,0.40
2007.12.27 05:01:13.944,1.14225,1.14235,0.30,0.40
2007.12.27 05:01:14.300,1.14225,1.14235,0.30,0.40
2007.12.27 05:01:14.962,1.14225,1.14235,0.30,0.40
2007.12.27 05:01:15.293,1.14225,1.14235,0.30,2.70
2007.12.27 05:01:15.620,1.1422,1.1423,0.30,0.40
2007.12.27 05:01:15.744,1.1422,1.1423,0.30,0.40
2007.12.27 05:01:15.999,1.1422,1.1423,0.30,0.40
2007.12.27 05:01:16.178,1.1422,1.1423,0.30,0.40
2007.12.27 05:01:17.007,1.1422,1.1423,0.30,0.40
2007.12.27 05:01:17.276,1.1422,1.1423,0.30,0.40
2007.12.27 05:01:17.596,1.1423,1.14235,0.30,4.00
2007.12.27 05:01:17.705,1.1423,1.1424,0.30,0.40
2007.12.27 05:01:17.813,1.1423,1.1424,0.30,0.40
2007.12.27 05:01:17.940,1.1423,1.1424,0.30,0.40
2007.12.27 05:01:18.152,1.1423,1.1424,0.30,0.40
2007.12.27 05:01:18.735,1.14225,1.14235,4.20,0.40
2007.12.27 05:01:19.203,1.14225,1.14235,4.20,0.40
2007.12.27 05:01:28.602,1.14225,1.14235,4.20,0.40
2007.12.27 05:01:28.737,1.14225,1.14235,0.30,0.40
2007.12.27 05:01:28.870,1.14225,1.14235,0.30,0.40
2007.12.27 05:01:29.050,1.14225,1.14235,0.30,0.40
2007.12.27 05:01:29.238,1.14225,1.14235,0.30,0.40
2007.12.27 05:01:29.425,1.14225,1.14235,0.30,0.40
2007.12.27 05:01:31.588,1.14225,1.14235,0.30,0.40
2007.12.27 05:01:34.608,1.1422,1.1423,0.30,0.40
2007.12.27 05:01:34.806,1.1422,1.1423,0.30,0.40
2007.12.27 05:01:35.004,1.1422,1.1423,0.30,0.40
2007.12.27 05:01:35.175,1.1422,1.1423,0.30,0.40
2007.12.27 05:01:37.943,1.14225,1.14235,0.30,6.70
2007.12.27 05:01:38.115,1.14225,1.14235,0.30,6.70
2007.12.27 05:01:38.299,1.14225,1.14235,0.30,4.30
2007.12.27 05:01:38.494,1.14225,1.14235,0.30,4.30
2007.12.27 05:01:39.603,1.1423,1.14235,0.30,4.00
2007.12.27 05:01:39.792,1.1423,1.1424,0.30,0.40
2007.12.27 05:01:39.979,1.1423,1.1424,0.30,0.40
2007.12.27 05:01:40.167,1.14225,1.14235,4.20,0.40
2007.12.27 05:01:40.326,1.14225,1.14235,0.30,0.40
2007.12.27 05:01:40.486,1.14225,1.14235,0.30,0.40
2007.12.27 05:01:41.169,1.14225,1.14235,0.30,0.40
2007.12.27 05:01:48.483,1.1422,1.14235,0.60,0.40
2007.12.27 05:02:00.566,1.14225,1.1424,0.60,0.40
2007.12.27 05:02:00.734,1.14225,1.1424,0.60,0.40
2007.12.27 05:02:00.858,1.1423,1.1424,0.30,0.40
2007.12.27 05:02:00.982,1.14225,1.1424,0.60,0.40
2007.12.27 05:02:01.166,1.1423,1.1424,0.30,0.40
2007.12.27 05:02:01.602,1.14225,1.14235,1.70,0.40
2007.12.27 05:02:01.725,1.1422,1.14235,0.60,0.40
2007.12.27 05:02:01.964,1.1422,1.14235,0.60,0.40
2007.12.27 05:02:02.203,1.14225,1.14235,0.30,0.40
2007.12.27 05:02:02.635,1.1422,1.14235,0.60,0.40
2007.12.27 05:02:02.873,1.14215,1.1423,12.90,0.40
2007.12.27 05:02:03.037,1.14215,1.1423,12.90,0.40
2007.12.27 05:02:03.325,1.1422,1.1423,0.30,0.40
2007.12.27 05:02:03.960,1.1422,1.1423,0.30,0.40
2007.12.27 05:02:05.642,1.14215,1.1423,13.10,0.40
2007.12.27 05:02:05.767,1.14225,1.14235,0.30,0.40
2007.12.27 05:02:05.941,1.1422,1.14235,0.60,0.40
2007.12.27 05:02:06.940,1.1422,1.14235,0.60,0.40
2007.12.27 05:02:10.682,1.14225,1.14235,0.30,0.40
2007.12.27 05:02:10.990,1.14225,1.14235,0.30,0.40
2007.12.27 05:02:11.189,1.1422,1.14235,0.60,0.40
2007.12.27 05:02:12.936,1.1422,1.14235,0.60,0.40
2007.12.27 05:02:13.064,1.1422,1.1423,0.30,0.40
2007.12.27 05:02:13.193,1.1422,1.1423,0.30,0.40
2007.12.27 05:02:13.321,1.14215,1.1423,15.30,0.40
2007.12.27 05:02:13.456,1.14215,1.1423,15.30,0.40
2007.12.27 05:02:13.546,1.1422,1.1423,0.30,0.40
2007.12.27 05:02:13.713,1.1422,1.1423,0.30,0.40
2007.12.27 05:02:14.565,1.14215,1.14235,15.30,4.40
2007.12.27 05:02:17.615,1.1422,1.1423,0.30,0.40
2007.12.27 05:02:17.792,1.1422,1.1423,0.30,0.40
2007.12.27 05:02:17.941,1.1422,1.14235,0.30,4.40
2007.12.27 05:02:18.946,1.1422,1.1423,0.30,0.40
2007.12.27 05:02:19.142,1.1422,1.14235,0.30,4.40
2007.12.27 05:02:28.771,1.1422,1.1423,0.30,0.40
2007.12.27 05:02:29.028,1.14215,1.14225,12.60,0.40
2007.12.27 05:02:29.181,1.14215,1.14225,12.20,0.40
2007.12.27 05:02:29.336,1.14215,1.14225,0.30,0.40
2007.12.27 05:02:29.494,1.14215,1.14235,0.30,11.20
2007.12.27 05:02:29.739,1.14215,1.14235,0.30,11.20
2007.12.27 05:02:29.942,1.14215,1.14225,0.30,0.40
2007.12.27 05:02:30.150,1.14215,1.14235,0.30,11.20
2007.12.27 05:02:30.447,1.14215,1.14235,0.30,11.20
2007.12.27 05:02:30.651,1.14215,1.14235,0.30,11.20
2007.12.27 05:02:32.723,1.14215,1.14225,0.30,0.40
2007.12.27 05:02:36.164,1.14215,1.14235,0.30,11.20
2007.12.27 05:02:38.551,1.1421,1.1422,0.30,0.40
2007.12.27 05:02:38.719,1.1421,1.1422,0.30,0.40
2007.12.27 05:02:39.096,1.1421,1.1422,0.30,0.40
2007.12.27 05:02:39.265,1.1421,1.1422,0.30,0.40
2007.12.27 05:02:39.720,1.1421,1.14225,0.30,4.40
2007.12.27 05:02:40.219,1.1421,1.14225,0.30,4.40
2007.12.27 05:02:40.434,1.1421,1.14225,0.30,4.40
2007.12.27 05:02:48.075,1.1421,1.1422,0.30,0.40
2007.12.27 05:02:51.078,1.1421,1.1422,0.30,0.40
2007.12.27 05:02:51.939,1.1421,1.1422,0.30,0.40
2007.12.27 05:02:53.150,1.1421,1.1422,0.30,0.40
2007.12.27 05:02:53.884,1.1421,1.1422,0.30,0.40
2007.12.27 05:02:55.579,1.14215,1.14225,0.30,4.30
2007.12.27 05:02:55.703,1.14215,1.14225,0.30,4.30
2007.12.27 05:02:55.826,1.14215,1.14225,0.30,0.40
2007.12.27 05:02:55.950,1.14215,1.14225,0.30,0.40
2007.12.27 05:02:56.957,1.14215,1.14225,0.30,0.40
2007.12.27 05:03:32.810,1.1422,1.1423,0.30,0.40
2007.12.27 05:03:33.006,1.1422,1.1423,0.30,0.40
2007.12.27 05:03:33.149,1.1422,1.1423,0.30,0.40
2007.12.27 05:03:33.986,1.14225,1.14235,0.30,4.70
2007.12.27 05:03:34.175,1.14225,1.14235,0.30,4.30
2007.12.27 05:03:34.363,1.14225,1.14235,0.30,4.30
2007.12.27 05:03:35.336,1.14225,1.14235,0.30,4.30
2007.12.27 05:03:36.323,1.14225,1.14235,0.30,6.70
2007.12.27 05:03:36.583,1.14215,1.14225,12.40,0.40
2007.12.27 05:03:36.752,1.14215,1.14225,0.50,0.40
2007.12.27 05:03:36.920,1.14215,1.14225,0.30,0.40
2007.12.27 05:03:37.075,1.1422,1.1423,0.30,0.40
2007.12.27 05:03:37.988,1.1422,1.1423,0.30,0.40
2007.12.27 05:03:38.196,1.1422,1.1423,0.30,0.40
2007.12.27 05:03:38.369,1.1422,1.1423,0.30,0.40
2007.12.27 05:03:38.554,1.1422,1.1423,0.30,0.40
2007.12.27 05:04:03.880,1.1422,1.1423,0.30,0.40
2007.12.27 05:04:09.785,1.1422,1.1424,0.30,1.20
2007.12.27 05:04:14.111,1.1421,1.14245,2.90,14.10
2007.12.27 05:04:14.265,1.14215,1.14235,0.30,6.80
2007.12.27 05:04:14.418,1.14215,1.14225,0.30,0.40
2007.12.27 05:04:14.571,1.14215,1.14225,0.30,0.40
2007.12.27 05:04:14.724,1.14215,1.14235,0.30,10.80
2007.12.27 05:04:15.045,1.14215,1.14225,0.30,0.40
2007.12.27 05:04:22.151,1.1422,1.14235,0.30,11.20
2007.12.27 05:04:22.315,1.1422,1.14235,0.30,8.40
2007.12.27 05:04:22.479,1.1422,1.14235,0.30,4.40
2007.12.27 05:04:22.644,1.1422,1.14235,0.30,4.40
2007.12.27 05:04:22.806,1.1422,1.14235,0.30,4.40
2007.12.27 05:04:23.149,1.1422,1.14235,0.30,4.40
2007.12.27 05:04:23.934,1.1422,1.14235,0.30,4.40
2007.12.27 05:04:33.116,1.1422,1.1423,0.30,0.40
2007.12.27 05:04:33.276,1.1422,1.1423,0.30,0.40
2007.12.27 05:04:37.601,1.14225,1.14235,0.30,4.30
2007.12.27 05:04:37.734,1.14225,1.14235,0.30,0.40
2007.12.27 05:04:37.867,1.14225,1.14235,0.30,0.40
2007.12.27 05:04:38.017,1.14225,1.14235,0.30,0.40
2007.12.27 05:04:38.919,1.14225,1.14235,0.30,0.40
2007.12.27 05:04:39.442,1.14225,1.14235,0.30,0.40
2007.12.27 05:04:42.152,1.14225,1.14235,0.30,0.40
2007.12.27 05:04:42.296,1.1422,1.1423,0.30,0.40
2007.12.27 05:04:42.449,1.1422,1.1423,0.30,0.40
2007.12.27 05:04:42.602,1.1422,1.1423,0.30,0.40
2007.12.27 05:04:42.756,1.1422,1.1423,0.30,0.40
2007.12.27 05:04:42.990,1.1422,1.1423,0.30,0.40
2007.12.27 05:04:43.206,1.1422,1.1423,0.30,0.40
2007.12.27 05:04:43.519,1.1422,1.1423,0.30,0.40
2007.12.27 05:04:46.907,1.1422,1.1423,0.30,0.40
2007.12.27 05:04:48.878,1.14215,1.1423,12.10,0.40
2007.12.27 05:04:56.118,1.14215,1.1423,12.10,0.40
2007.12.27 05:05:18.916,1.1422,1.14235,0.30,0.40
2007.12.27 05:05:18.943,1.1422,1.14235,0.30,0.40
2007.12.27 05:05:41.078,1.1422,1.14235,0.30,0.40
2007.12.27 05:05:45.219,1.1422,1.1424,0.30,1.20
2007.12.27 05:05:45.522,1.1422,1.1425,0.30,2.00
2007.12.27 05:05:45.930,1.1422,1.1425,0.30,2.00
2007.12.27 05:05:46.452,1.1422,1.14235,0.30,0.40
2007.12.27 05:05:48.982,1.14205,1.1425,4.00,1.60
2007.12.27 05:05:49.490,1.14205,1.1425,4.00,1.60
2007.12.27 05:05:50.942,1.14205,1.1425,4.00,1.60
2007.12.27 05:05:51.248,1.14205,1.1425,4.00,1.60
2007.12.27 05:05:51.352,1.14215,1.14235,12.00,4.00
2007.12.27 05:05:51.463,1.14215,1.14235,12.00,4.00
2007.12.27 05:05:52.175,1.14215,1.14235,12.00,4.00
2007.12.27 05:05:52.509,1.14215,1.14235,12.00,4.00
2007.12.27 05:05:55.391,1.1422,1.14235,2.80,4.00
2007.12.27 05:05:55.642,1.14225,1.14235,0.30,4.00
2007.12.27 05:05:55.824,1.14225,1.1424,0.30,0.40
2007.12.27 05:05:56.021,1.14225,1.1424,0.30,0.40
2007.12.27 05:05:57.247,1.14225,1.1424,0.30,0.40
2007.12.27 05:05:57.763,1.14225,1.1424,0.30,0.40
2007.12.27 05:05:58.697,1.14225,1.1424,0.30,0.40
2007.12.27 05:05:59.203,1.14225,1.1424,0.30,0.40
2007.12.27 05:05:59.516,1.14225,1.1424,0.30,0.40
2007.12.27 05:06:00.261,1.14225,1.1424,0.30,0.40
2007.12.27 05:06:03.754,1.14225,1.1424,0.30,0.40
2007.12.27 05:06:04.008,1.14225,1.1424,0.50,0.40
2007.12.27 05:06:04.199,1.14225,1.1424,0.60,0.40
2007.12.27 05:06:07.038,1.14225,1.1424,0.60,0.40
2007.12.27 05:06:07.224,1.14225,1.1424,0.60,0.40
2007.12.27 05:06:07.528,1.14225,1.1424,0.60,0.40
2007.12.27 05:06:07.952,1.14225,1.1424,0.60,0.40
2007.12.27 05:06:08.476,1.14225,1.14245,0.60,11.20
2007.12.27 05:06:44.263,1.1423,1.1424,0.40,6.80
2007.12.27 05:06:49.126,1.1423,1.1424,0.40,6.80
2007.12.27 05:06:54.651,1.1422,1.1424,0.80,0.40
2007.12.27 05:07:01.605,1.1422,1.14235,0.70,0.40
2007.12.27 05:07:01.778,1.1422,1.14235,0.70,0.40
2007.12.27 05:07:02.013,1.1422,1.14235,0.70,0.40
2007.12.27 05:07:02.156,1.14225,1.14235,0.40,0.40
2007.12.27 05:07:02.299,1.14225,1.14235,0.40,4.30
2007.12.27 05:07:03.247,1.1422,1.14235,0.70,4.30
2007.12.27 05:07:04.094,1.14225,1.14235,0.40,4.30
2007.12.27 05:07:04.602,1.14225,1.14235,0.40,4.30
2007.12.27 05:07:08.044,1.14225,1.14235,0.50,4.00
2007.12.27 05:07:08.173,1.1422,1.14235,0.80,4.00
2007.12.27 05:07:08.315,1.14225,1.1424,0.50,0.40
2007.12.27 05:07:09.596,1.14225,1.14235,0.40,0.40
2007.12.27 05:07:09.807,1.1422,1.14235,0.70,0.40
2007.12.27 05:07:10.015,1.14225,1.14235,0.40,0.40
2007.12.27 05:07:10.216,1.1422,1.14235,0.70,4.30
2007.12.27 05:07:11.370,1.1422,1.14235,0.80,4.30
2007.12.27 05:07:40.942,1.1422,1.1424,4.10,6.90
2007.12.27 05:07:41.860,1.14205,1.1425,1.60,1.60
2007.12.27 05:07:42.007,1.1421,1.1425,4.00,1.60
2007.12.27 05:07:44.253,1.1423,1.1424,0.60,7.70
2007.12.27 05:08:05.182,1.1423,1.1424,0.60,7.70
2007.12.27 05:08:06.197,1.1423,1.1424,0.60,7.70
2007.12.27 05:08:09.761,1.1423,1.1424,0.60,3.70
2007.12.27 05:08:11.123,1.1423,1.1424,0.60,4.50
2007.12.27 05:08:12.331,1.1422,1.1424,4.20,4.50
2007.12.27 05:08:14.162,1.1422,1.1424,4.20,4.50
2007.12.27 05:08:15.258,1.1422,1.1424,4.20,4.50
2007.12.27 05:08:19.132,1.1422,1.1424,4.20,3.70
2007.12.27 05:08:19.335,1.1422,1.1424,4.20,3.70
2007.12.27 05:08:20.072,1.1422,1.1424,4.20,3.70
2007.12.27 05:08:41.115,1.1423,1.1424,0.60,2.90
2007.12.27 05:08:41.972,1.1423,1.1424,0.60,2.90
2007.12.27 05:08:44.213,1.1423,1.1424,0.50,2.90
2007.12.27 05:08:47.130,1.14225,1.1424,0.80,0.40
2007.12.27 05:08:47.277,1.14225,1.14235,0.80,4.00
2007.12.27 05:08:47.450,1.14225,1.14235,1.20,4.00
2007.12.27 05:08:48.032,1.1423,1.14235,0.30,4.00
2007.12.27 05:08:48.205,1.1423,1.14235,0.30,4.00
2007.12.27 05:08:48.998,1.1423,1.14235,0.30,4.00
2007.12.27 05:08:50.030,1.1423,1.14235,0.30,4.00
2007.12.27 05:08:50.163,1.1423,1.14235,0.30,4.00
2007.12.27 05:08:50.955,1.1423,1.14235,0.30,4.00
2007.12.27 05:08:51.793,1.1423,1.14235,0.30,6.40
2007.12.27 05:08:51.979,1.14225,1.14235,1.40,6.70
2007.12.27 05:08:52.157,1.14225,1.14235,1.00,6.70
2007.12.27 05:08:52.335,1.14225,1.14235,1.00,6.70
2007.12.27 05:08:53.651,1.14225,1.14235,1.20,6.40
2007.12.27 05:08:53.834,1.14225,1.1424,1.60,0.40
2007.12.27 05:08:54.018,1.14225,1.1424,1.20,0.40
2007.12.27 05:08:54.201,1.14225,1.1424,1.20,0.40
2007.12.27 05:08:55.003,1.14225,1.1424,1.60,0.40
2007.12.27 05:08:55.202,1.14225,1.1424,1.60,0.40
2007.12.27 05:08:55.401,1.14225,1.1424,1.60,0.40
2007.12.27 05:08:55.618,1.14225,1.1424,4.00,0.40
2007.12.27 05:08:55.834,1.14225,1.1424,4.00,0.40
2007.12.27 05:08:56.046,1.1423,1.14245,0.30,8.70
2007.12.27 05:08:56.261,1.1423,1.14245,0.30,4.70
2007.12.27 05:08:56.781,1.1423,1.14245,0.30,4.70
2007.12.27 05:08:57.707,1.1423,1.14245,0.30,4.70
2007.12.27 05:08:58.051,1.1423,1.14245,0.30,4.70
2007.12.27 05:08:58.229,1.1423,1.14245,0.30,4.70
2007.12.27 05:08:58.407,1.1423,1.14245,0.30,4.70
2007.12.27 05:08:59.556,1.1423,1.14245,0.30,4.70
2007.12.27 05:09:03.186,1.1423,1.1424,0.30,0.40
2007.12.27 05:09:04.477,1.1423,1.1424,0.30,0.40
2007.12.27 05:09:17.325,1.1423,1.1424,0.30,0.40
2007.12.27 05:09:18.137,1.1423,1.1424,0.30,0.40
2007.12.27 05:09:18.461,1.1423,1.1424,0.30,0.40
2007.12.27 05:09:18.466,1.1423,1.1424,0.30,0.40
2007.12.27 05:09:29.743,1.1423,1.14245,0.30,0.90
2007.12.27 05:09:29.956,1.1423,1.14245,0.30,0.90
2007.12.27 05:09:30.468,1.1423,1.14245,0.30,0.90
2007.12.27 05:09:32.521,1.1423,1.14245,0.30,0.90
2007.12.27 05:09:33.130,1.1423,1.14245,0.30,0.90
2007.12.27 05:09:39.933,1.1423,1.1425,3.90,10.60
2007.12.27 05:09:40.076,1.1423,1.1424,4.00,0.50
2007.12.27 05:09:41.044,1.1423,1.1425,4.00,10.60
2007.12.27 05:09:41.252,1.1423,1.1425,4.00,10.60
2007.12.27 05:09:42.888,1.1423,1.1424,4.00,0.50
2007.12.27 05:09:44.717,1.1423,1.1425,3.90,10.60
2007.12.27 05:09:50.212,1.1423,1.1425,3.90,7.70
2007.12.27 05:09:50.624,1.1423,1.1425,4.30,7.70
2007.12.27 05:09:50.824,1.1423,1.1425,4.30,7.30
2007.12.27 05:09:51.001,1.1423,1.1425,4.30,7.30
2007.12.27 05:09:51.185,1.14235,1.14245,0.30,0.40
2007.12.27 05:09:51.369,1.14235,1.14245,0.30,0.40
2007.12.27 05:09:51.552,1.14235,1.14245,0.30,0.40
2007.12.27 05:09:51.991,1.14235,1.14245,0.30,0.40
2007.12.27 05:09:52.192,1.14235,1.14245,0.30,0.40
2007.12.27 05:09:52.623,1.1424,1.1425,0.30,0.40
2007.12.27 05:09:52.817,1.1424,1.1425,0.30,0.40
2007.12.27 05:09:53.010,1.1424,1.1425,0.30,0.40
2007.12.27 05:09:53.168,1.1424,1.1425,0.30,0.40
2007.12.27 05:09:53.327,1.1424,1.1425,0.30,0.40
2007.12.27 05:09:53.498,1.1424,1.1425,0.30,0.40
2007.12.27 05:09:54.004,1.1424,1.1425,0.30,0.40
2007.12.27 05:09:54.261,1.1424,1.1425,0.30,0.40
2007.12.27 05:09:54.699,1.1424,1.1425,0.30,0.40
2007.12.27 05:09:54.937,1.1424,1.1425,0.30,0.40
2007.12.27 05:09:55.176,1.1424,1.1425,0.30,0.40
2007.12.27 05:09:55.428,1.1424,1.1425,0.30,0.40
2007.12.27 05:09:57.985,1.1424,1.1425,0.30,0.40
2007.12.27 05:09:58.161,1.1424,1.1425,0.30,0.40
2007.12.27 05:09:58.531,1.1424,1.1425,0.30,0.40
2007.12.27 05:09:59.231,1.1424,1.1425,0.30,0.40
2007.12.27 05:09:59.704,1.1424,1.1425,0.30,0.40
2007.12.27 05:10:00.164,1.1424,1.1425,0.30,0.40
2007.12.27 05:10:00.328,1.1424,1.1425,0.30,0.40
2007.12.27 05:10:00.523,1.1424,1.1425,0.30,0.40
2007.12.27 05:10:00.686,1.1424,1.1425,0.30,0.40
2007.12.27 05:10:00.850,1.1424,1.1425,0.30,0.40
2007.12.27 05:10:01.014,1.1424,1.1425,0.30,0.40
2007.12.27 05:10:01.177,1.14245,1.14255,0.30,0.40
2007.12.27 05:10:01.340,1.14245,1.14255,0.30,0.40
2007.12.27 05:10:01.966,1.14245,1.14255,0.30,0.40
2007.12.27 05:10:02.674,1.1425,1.1426,0.30,0.40
2007.12.27 05:10:02.814,1.1425,1.1426,0.30,0.40
2007.12.27 05:10:02.951,1.1425,1.1426,0.30,0.40
2007.12.27 05:10:03.090,1.1425,1.1426,0.30,0.40
2007.12.27 05:10:03.260,1.1425,1.1426,0.30,0.40
2007.12.27 05:10:03.504,1.1425,1.1426,0.30,0.40
2007.12.27 05:10:03.760,1.1425,1.1426,0.30,0.40
2007.12.27 05:10:04.022,1.1425,1.1426,0.30,0.40
2007.12.27 05:10:04.265,1.1425,1.1426,0.30,0.40
2007.12.27 05:10:04.509,1.1425,1.1426,0.30,0.40
2007.12.27 05:10:04.946,1.1425,1.1426,0.30,0.40
2007.12.27 05:10:05.319,1.1425,1.1426,0.30,0.40
2007.12.27 05:10:05.575,1.1425,1.14265,0.30,4.80
2007.12.27 05:10:05.707,1.1425,1.14265,0.30,4.80
2007.12.27 05:10:06.019,1.1425,1.14265,0.30,4.80
2007.12.27 05:10:06.232,1.1425,1.14265,0.30,4.80
2007.12.27 05:10:06.747,1.1425,1.1426,0.30,0.40
2007.12.27 05:10:06.978,1.1425,1.14265,0.30,4.80
2007.12.27 05:10:07.483,1.1425,1.1426,0.30,0.40
2007.12.27 05:10:08.942,1.1425,1.14265,0.30,4.80
2007.12.27 05:10:09.257,1.1425,1.1426,0.30,0.40
2007.12.27 05:10:12.135,1.14255,1.14265,0.30,0.90
2007.12.27 05:10:12.343,1.14255,1.14275,0.30,8.80
2007.12.27 05:10:12.551,1.14255,1.14275,0.30,8.80
2007.12.27 05:10:12.699,1.1426,1.1427,0.30,0.40
2007.12.27 05:10:12.849,1.1426,1.14275,0.30,4.80
2007.12.27 05:10:13.035,1.1426,1.14275,0.30,4.80
2007.12.27 05:10:13.215,1.1426,1.14275,0.30,4.80
2007.12.27 05:10:13.364,1.1426,1.1427,0.30,0.40
2007.12.27 05:10:13.532,1.1426,1.14275,0.30,4.80
2007.12.27 05:10:13.787,1.1426,1.14275,0.30,4.80
2007.12.27 05:10:14.167,1.1426,1.14275,0.30,4.80
2007.12.27 05:10:14.420,1.1426,1.14275,0.30,4.80
2007.12.27 05:10:14.674,1.1426,1.14275,0.30,4.80
2007.12.27 05:10:14.822,1.1426,1.14275,0.30,4.80
2007.12.27 05:10:15.641,1.1426,1.14275,0.30,4.40
2007.12.27 05:10:15.835,1.14265,1.14275,0.30,0.40
2007.12.27 05:10:16.028,1.14265,1.14285,0.30,11.20
2007.12.27 05:10:16.222,1.14265,1.14285,0.30,11.20
2007.12.27 05:10:16.501,1.14265,1.14285,0.30,11.20
2007.12.27 05:10:17.120,1.14265,1.14285,0.30,11.20
2007.12.27 05:10:17.792,1.14265,1.14285,0.30,11.20
2007.12.27 05:10:18.004,1.14265,1.14275,0.30,0.40
2007.12.27 05:10:18.222,1.14265,1.14275,0.30,0.40
2007.12.27 05:10:18.517,1.14265,1.14285,0.30,11.20
2007.12.27 05:10:18.640,1.1426,1.1427,0.30,0.40
2007.12.27 05:10:18.969,1.1426,1.1427,0.30,0.40
2007.12.27 05:10:19.297,1.1426,1.14275,0.30,0.90
2007.12.27 05:10:19.625,1.1426,1.14275,0.30,4.80
2007.12.27 05:10:20.181,1.1426,1.1427,0.30,0.40
2007.12.27 05:10:20.384,1.1426,1.14275,0.30,7.20
2007.12.27 05:10:20.623,1.14265,1.14285,0.30,19.60
2007.12.27 05:10:20.827,1.14265,1.14275,0.30,0.40
2007.12.27 05:10:21.031,1.14265,1.14285,0.30,11.20
2007.12.27 05:10:21.235,1.14265,1.14275,0.30,0.40
2007.12.27 05:10:21.519,1.14265,1.14275,0.30,0.40
2007.12.27 05:10:21.709,1.1427,1.14285,0.30,11.20
2007.12.27 05:10:21.913,1.1427,1.1428,0.30,0.40
2007.12.27 05:10:22.131,1.1427,1.14285,0.30,4.80
2007.12.27 05:10:22.324,1.1427,1.1428,0.30,0.40
2007.12.27 05:10:22.599,1.14265,1.1427,6.40,0.40
2007.12.27 05:10:22.792,1.14265,1.1427,2.40,0.40
2007.12.27 05:10:22.976,1.1426,1.14275,0.30,4.40
2007.12.27 05:10:23.159,1.1426,1.14275,0.30,4.40
2007.12.27 05:10:23.342,1.1426,1.14275,0.30,6.80
2007.12.27 05:10:23.810,1.1426,1.14275,0.30,6.80
2007.12.27 05:10:24.013,1.1426,1.1427,0.30,0.40
2007.12.27 05:10:24.216,1.1426,1.1427,0.30,0.40
2007.12.27 05:10:24.930,1.1426,1.1427,0.30,0.40
2007.12.27 05:10:26.675,1.1426,1.14275,0.30,6.80
2007.12.27 05:10:27.242,1.1426,1.1427,0.30,0.40
2007.12.27 05:10:28.011,1.1426,1.1427,0.30,0.40
2007.12.27 05:10:28.214,1.1426,1.14275,0.30,4.40
2007.12.27 05:10:28.733,1.1426,1.1427,0.30,0.40
2007.12.27 05:10:28.934,1.1426,1.14275,0.30,4.40
2007.12.27 05:10:29.432,1.1426,1.14275,0.30,4.40
2007.12.27 05:10:30.129,1.1426,1.14275,0.30,4.40
2007.12.27 05:10:30.937,1.1426,1.1427,0.30,0.40
2007.12.27 05:10:31.077,1.1426,1.1427,0.30,0.40
2007.12.27 05:10:32.878,1.1426,1.14275,0.30,4.40
2007.12.27 05:10:33.079,1.14265,1.14285,0.30,17.60
2007.12.27 05:10:33.232,1.14265,1.14275,0.30,0.40
2007.12.27 05:10:33.416,1.14265,1.14275,0.30,0.40
2007.12.27 05:10:33.600,1.14265,1.14285,0.30,11.20
2007.12.27 05:10:34.013,1.14265,1.14275,0.30,0.40
2007.12.27 05:10:34.217,1.14265,1.14275,0.30,0.40
2007.12.27 05:10:35.030,1.14265,1.14285,0.30,11.20
2007.12.27 05:10:35.223,1.1427,1.14285,0.30,11.20
2007.12.27 05:10:35.362,1.1427,1.14285,0.30,7.20
2007.12.27 05:10:35.500,1.1427,1.14285,0.30,7.20
2007.12.27 05:10:35.748,1.1427,1.14285,0.30,7.20
2007.12.27 05:10:36.668,1.1427,1.14285,0.30,7.20
2007.12.27 05:10:36.887,1.1427,1.1428,0.30,0.40
2007.12.27 05:10:37.107,1.14265,1.14275,0.30,0.40
2007.12.27 05:10:37.331,1.14265,1.14285,0.30,11.20
2007.12.27 05:10:37.987,1.14265,1.14275,0.30,0.40
2007.12.27 05:10:38.140,1.1426,1.1427,0.30,0.40
2007.12.27 05:10:38.293,1.1426,1.1427,0.30,0.40
2007.12.27 05:10:38.484,1.1426,1.1427,0.30,0.40
2007.12.27 05:10:38.667,1.1426,1.1427,0.30,0.40
2007.12.27 05:10:39.513,1.1426,1.1427,0.30,0.40
2007.12.27 05:10:39.716,1.1426,1.14275,0.30,4.40
2007.12.27 05:10:40.126,1.1426,1.1427,0.30,0.40
2007.12.27 05:10:40.304,1.14265,1.14285,0.30,11.20
2007.12.27 05:10:40.465,1.14265,1.14285,0.30,11.20
2007.12.27 05:10:41.147,1.14265,1.14275,0.30,0.40
2007.12.27 05:10:41.306,1.1426,1.1427,0.30,0.40
2007.12.27 05:10:41.500,1.1426,1.1427,0.30,0.40
2007.12.27 05:10:41.816,1.1426,1.14275,0.30,4.40
2007.12.27 05:10:42.842,1.1426,1.14275,0.30,4.40
2007.12.27 05:10:46.654,1.1426,1.14275,0.30,4.40
2007.12.27 05:10:46.811,1.1426,1.1427,0.30,0.40
2007.12.27 05:10:48.969,1.1426,1.1427,0.30,0.40
2007.12.27 05:10:49.121,1.1426,1.14275,0.30,4.40
2007.12.27 05:10:49.258,1.14265,1.14285,0.30,11.20
2007.12.27 05:10:49.397,1.14265,1.14275,0.30,0.40
2007.12.27 05:10:54.570,1.14265,1.14275,0.30,0.40
2007.12.27 05:10:54.755,1.1426,1.1427,0.30,0.40
2007.12.27 05:10:54.938,1.1426,1.1427,0.30,0.40
2007.12.27 05:10:55.086,1.1426,1.1427,0.30,0.40
2007.12.27 05:10:55.234,1.1426,1.14275,0.30,4.40
2007.12.27 05:10:55.465,1.1426,1.14275,0.30,4.40
2007.12.27 05:10:56.091,1.1426,1.1427,0.30,0.40
2007.12.27 05:10:56.274,1.1426,1.14275,0.30,4.40
2007.12.27 05:10:56.512,1.1426,1.1427,0.30,0.40
2007.12.27 05:10:56.917,1.1426,1.1427,0.30,0.40
2007.12.27 05:11:00.306,1.1426,1.1427,0.30,0.40
2007.12.27 05:11:00.465,1.1426,1.1427,0.30,0.40
2007.12.27 05:11:00.622,1.1426,1.1427,0.30,0.40
2007.12.27 05:11:00.781,1.14265,1.14275,0.30,0.40
2007.12.27 05:11:00.991,1.14265,1.14275,0.30,0.40
2007.12.27 05:11:01.194,1.14265,1.14275,0.30,0.40
2007.12.27 05:11:01.918,1.14265,1.14275,0.30,0.40
2007.12.27 05:11:02.122,1.14265,1.14275,0.30,0.40
2007.12.27 05:11:02.244,1.14265,1.14275,0.30,0.40
2007.12.27 05:11:03.589,1.1426,1.1427,0.30,0.40
2007.12.27 05:11:03.693,1.1426,1.1427,0.30,0.40
2007.12.27 05:11:03.753,1.1426,1.1427,0.30,0.40
2007.12.27 05:11:03.963,1.1426,1.1427,0.30,0.40
2007.12.27 05:11:04.127,1.1426,1.1427,0.30,0.40
2007.12.27 05:11:04.321,1.1426,1.14275,0.30,4.40
2007.12.27 05:11:05.180,1.1426,1.1427,0.30,0.40
2007.12.27 05:11:06.096,1.14265,1.14275,0.30,0.70
2007.12.27 05:11:06.215,1.14265,1.14275,0.30,0.40
2007.12.27 05:11:06.398,1.14265,1.14275,0.30,0.40
2007.12.27 05:11:06.595,1.14265,1.14285,0.30,11.20
2007.12.27 05:11:06.960,1.14265,1.14275,0.30,0.40
2007.12.27 05:11:07.144,1.14265,1.14275,0.30,0.40
2007.12.27 05:11:07.667,1.1427,1.14285,0.30,11.20
2007.12.27 05:11:07.854,1.1427,1.14285,0.30,7.20
2007.12.27 05:11:08.042,1.1427,1.14285,0.30,7.20
2007.12.27 05:11:08.230,1.14265,1.14285,0.30,7.20
2007.12.27 05:11:08.398,1.14265,1.14285,0.30,11.20
2007.12.27 05:11:08.566,1.14265,1.14275,0.30,0.40
2007.12.27 05:11:09.088,1.1426,1.1427,0.30,0.40
2007.12.27 05:11:09.256,1.1426,1.1427,0.30,0.40
2007.12.27 05:11:09.451,1.1426,1.1427,0.30,0.40
2007.12.27 05:11:09.695,1.1426,1.1427,0.30,0.40
2007.12.27 05:11:09.957,1.1426,1.1427,0.30,0.40
2007.12.27 05:11:10.140,1.1426,1.14275,0.30,4.40
2007.12.27 05:11:10.323,1.1426,1.14275,0.30,4.40
2007.12.27 05:11:13.093,1.1426,1.14275,0.30,4.40
2007.12.27 05:11:13.516,1.1426,1.14275,0.30,4.40
2007.12.27 05:11:16.123,1.1426,1.1427,0.30,0.40
2007.12.27 05:11:16.266,1.1426,1.14275,0.30,4.40
2007.12.27 05:11:17.194,1.1426,1.14275,0.30,4.40
2007.12.27 05:11:20.033,1.1426,1.14275,0.30,4.40
2007.12.27 05:11:20.236,1.1426,1.1427,0.30,0.40
2007.12.27 05:11:20.867,1.1426,1.1427,0.30,0.40
2007.12.27 05:11:23.164,1.1426,1.14275,0.30,4.40
2007.12.27 05:11:23.732,1.1426,1.14275,0.30,4.40
2007.12.27 05:11:24.447,1.1426,1.14275,0.30,4.40
2007.12.27 05:11:28.247,1.1426,1.1427,0.30,0.40
2007.12.27 05:11:31.948,1.1426,1.14275,0.30,4.40
2007.12.27 05:11:32.081,1.1426,1.14275,0.30,4.40
2007.12.27 05:11:32.273,1.1426,1.1427,0.30,0.40
2007.12.27 05:11:32.980,1.1426,1.1427,0.30,0.40
2007.12.27 05:11:33.192,1.1426,1.1427,0.30,0.40
2007.12.27 05:11:33.375,1.1426,1.1427,0.30,0.40
2007.12.27 05:11:33.559,1.1426,1.1427,0.30,0.40
2007.12.27 05:11:34.220,1.1426,1.1427,0.30,0.40
2007.12.27 05:11:52.237,1.1426,1.1428,2.90,4.50
2007.12.27 05:11:55.084,1.1426,1.1428,2.90,4.50
2007.12.27 05:11:55.571,1.1426,1.1428,2.90,4.50
2007.12.27 05:11:58.038,1.1426,1.1428,3.70,4.50
2007.12.27 05:11:58.171,1.1426,1.1428,4.20,4.50
2007.12.27 05:12:07.009,1.1426,1.1428,4.20,4.50
2007.12.27 05:12:07.172,1.14265,1.14275,0.30,0.40
2007.12.27 05:12:07.337,1.14265,1.14275,0.30,0.40
2007.12.27 05:12:07.500,1.14265,1.14275,0.30,0.40
2007.12.27 05:12:07.663,1.14265,1.14275,0.30,0.40
2007.12.27 05:12:08.320,1.14265,1.14275,0.30,0.40
2007.12.27 05:12:08.838,1.1426,1.14275,0.60,0.40
2007.12.27 05:12:08.928,1.1426,1.14275,0.60,0.40
2007.12.27 05:12:26.013,1.14265,1.1428,0.60,0.40
2007.12.27 05:12:26.161,1.1427,1.1428,0.30,0.40
2007.12.27 05:12:26.309,1.1427,1.1428,0.30,0.40
2007.12.27 05:12:26.744,1.14265,1.1428,4.50,0.40
2007.12.27 05:12:28.117,1.1427,1.1428,0.30,0.40
2007.12.27 05:12:28.260,1.14265,1.1428,4.50,0.40
2007.12.27 05:12:29.100,1.1427,1.1428,0.30,0.40
2007.12.27 05:12:29.268,1.1427,1.1428,0.30,0.40
2007.12.27 05:12:30.029,1.1427,1.1428,0.30,0.40
2007.12.27 05:12:30.212,1.14265,1.1428,4.50,0.40
2007.12.27 05:12:30.894,1.1427,1.1428,0.30,0.40
2007.12.27 05:12:30.947,1.14265,1.14285,4.50,7.20
2007.12.27 05:12:31.256,1.14265,1.14285,4.50,7.20
2007.12.27 05:12:31.450,1.14265,1.14285,4.50,7.20
2007.12.27 05:12:31.639,1.1427,1.1428,0.30,0.40
2007.12.27 05:12:33.276,1.14265,1.14285,4.50,7.20
2007.12.27 05:12:41.934,1.1427,1.14285,0.30,7.20
2007.12.27 05:12:50.937,1.14265,1.14285,4.50,7.60
2007.12.27 05:12:50.993,1.14265,1.14285,4.50,7.20
2007.12.27 05:12:51.146,1.14275,1.14285,0.30,0.70
2007.12.27 05:12:51.285,1.1427,1.14295,0.60,11.20
2007.12.27 05:12:51.517,1.14275,1.14285,0.30,0.40
2007.12.27 05:12:52.024,1.14275,1.14285,0.30,0.40
2007.12.27 05:12:52.233,1.1427,1.14295,0.60,11.20
2007.12.27 05:12:52.541,1.1427,1.14295,0.60,11.20
2007.12.27 05:12:53.050,1.1427,1.14295,0.60,11.20
2007.12.27 05:12:57.111,1.14275,1.14285,0.30,0.40
2007.12.27 05:12:57.255,1.1427,1.14295,0.60,11.20
2007.12.27 05:12:57.398,1.1427,1.14295,0.60,8.80
2007.12.27 05:12:57.542,1.14275,1.14285,0.30,0.40
2007.12.27 05:12:58.434,1.1427,1.14295,0.60,8.80
2007.12.27 05:13:00.282,1.1427,1.14285,2.90,0.40
2007.12.27 05:13:00.560,1.14275,1.1429,2.90,0.40
2007.12.27 05:13:00.719,1.14275,1.1429,10.90,0.40
2007.12.27 05:13:00.877,1.14275,1.1429,11.10,0.40
2007.12.27 05:13:01.190,1.14275,1.1429,15.10,0.40
2007.12.27 05:13:01.713,1.14275,1.1429,15.10,0.40
2007.12.27 05:13:02.025,1.1428,1.1429,0.30,0.40
2007.12.27 05:13:02.335,1.14275,1.1429,15.10,0.40
2007.12.27 05:13:03.101,1.1428,1.1429,0.30,0.40
2007.12.27 05:13:10.766,1.1428,1.1429,0.30,0.40
2007.12.27 05:13:11.037,1.14275,1.1429,12.50,0.40
2007.12.27 05:13:11.187,1.1427,1.1428,4.30,0.40
2007.12.27 05:13:11.336,1.1427,1.1428,0.30,0.40
2007.12.27 05:13:11.514,1.1427,1.1428,0.30,0.40
2007.12.27 05:13:11.693,1.1427,1.14285,0.60,0.40
2007.12.27 05:13:11.871,1.1427,1.14285,0.90,0.40
2007.12.27 05:13:12.050,1.14275,1.14285,0.30,0.40
2007.12.27 05:13:12.229,1.14275,1.14285,0.60,0.40
2007.12.27 05:13:12.518,1.14275,1.14285,0.60,0.40
2007.12.27 05:13:12.736,1.1427,1.14285,0.90,0.40
2007.12.27 05:13:13.020,1.14275,1.14285,0.60,0.40
2007.12.27 05:13:13.240,1.1427,1.14285,0.90,0.40
2007.12.27 05:13:13.460,1.14275,1.14285,0.60,0.40
2007.12.27 05:13:13.598,1.1427,1.14285,0.90,0.40
2007.12.27 05:13:18.096,1.1427,1.14285,0.90,0.40
2007.12.27 05:13:18.280,1.1427,1.14285,0.90,0.40
2007.12.27 05:13:18.508,1.1427,1.14285,0.90,0.40
2007.12.27 05:13:20.430,1.14275,1.14285,0.60,0.40
2007.12.27 05:13:22.492,1.14275,1.14285,0.60,0.40
2007.12.27 05:13:24.228,1.14275,1.14285,0.60,0.40
2007.12.27 05:13:24.536,1.14275,1.14285,0.60,0.40
2007.12.27 05:13:28.088,1.1428,1.1429,0.30,0.40
2007.12.27 05:13:28.237,1.1428,1.1429,0.30,0.40
2007.12.27 05:13:28.386,1.1428,1.1429,0.30,0.40
2007.12.27 05:13:28.607,1.1428,1.1429,0.30,0.40
2007.12.27 05:13:28.755,1.1428,1.1429,0.30,0.40
2007.12.27 05:13:29.193,1.1428,1.1429,0.30,0.40
2007.12.27 05:13:31.090,1.14275,1.14285,12.60,0.40
2007.12.27 05:13:31.244,1.14275,1.14285,12.60,0.40
2007.12.27 05:13:31.398,1.14275,1.14285,4.60,0.40
2007.12.27 05:13:31.553,1.14275,1.14285,4.60,0.40
2007.12.27 05:13:31.719,1.14275,1.14285,0.60,0.40
2007.12.27 05:13:31.957,1.14275,1.14285,0.50,0.40
2007.12.27 05:13:38.025,1.14275,1.14285,0.50,0.40
2007.12.27 05:13:40.196,1.14275,1.14285,0.50,0.40
2007.12.27 05:13:41.131,1.14275,1.14285,0.50,0.40
2007.12.27 05:13:43.630,1.1427,1.14285,0.80,0.40
2007.12.27 05:13:43.779,1.14265,1.1428,7.30,0.40
2007.12.27 05:13:43.928,1.14265,1.1428,7.30,0.40
2007.12.27 05:13:44.101,1.14265,1.1428,7.30,0.40
2007.12.27 05:13:44.275,1.14265,1.1428,7.30,0.40
2007.12.27 05:13:44.582,1.14275,1.14285,0.60,4.00
2007.12.27 05:13:44.755,1.14275,1.14285,8.50,4.00
2007.12.27 05:13:44.928,1.14275,1.1429,15.30,0.40
2007.12.27 05:13:45.102,1.14275,1.1429,15.40,0.40
2007.12.27 05:13:45.715,1.14275,1.1429,15.40,0.40
2007.12.27 05:13:46.016,1.1428,1.1429,0.30,0.40
2007.12.27 05:13:48.847,1.14275,1.1429,13.00,0.40
2007.12.27 05:13:49.143,1.1427,1.14285,13.00,0.40
2007.12.27 05:13:49.316,1.1427,1.14285,0.80,0.40
2007.12.27 05:13:49.783,1.14275,1.14285,0.30,0.40
2007.12.27 05:13:51.737,1.1427,1.14285,3.10,0.40
2007.12.27 05:13:51.921,1.14275,1.14285,4.40,0.40
2007.12.27 05:13:52.174,1.1427,1.14285,15.10,0.40
2007.12.27 05:13:52.375,1.1428,1.1429,0.30,0.40
2007.12.27 05:13:52.733,1.14275,1.1429,15.10,0.40
2007.12.27 05:13:52.942,1.1428,1.1429,0.30,0.40
2007.12.27 05:13:54.228,1.14275,1.14285,7.40,0.40
2007.12.27 05:13:54.381,1.14275,1.14285,0.30,0.40
2007.12.27 05:13:55.072,1.1427,1.14285,0.80,0.40
2007.12.27 05:13:56.014,1.14275,1.14285,0.30,0.40
2007.12.27 05:13:58.821,1.14275,1.14285,0.30,0.40
2007.12.27 05:13:59.008,1.1428,1.1429,0.30,0.40
2007.12.27 05:13:59.167,1.14275,1.1429,0.60,0.40
2007.12.27 05:13:59.325,1.14275,1.1429,8.50,0.40
2007.12.27 05:13:59.521,1.14275,1.1429,12.50,0.40
2007.12.27 05:14:00.146,1.1428,1.1429,0.30,0.40
2007.12.27 05:14:00.334,1.14275,1.1429,12.50,0.40
2007.12.27 05:14:01.075,1.1428,1.1429,0.30,0.40
2007.12.27 05:14:01.605,1.1427,1.14285,12.50,0.40
2007.12.27 05:14:01.733,1.1427,1.14285,12.50,0.40
2007.12.27 05:14:01.861,1.1427,1.14285,0.60,0.40
2007.12.27 05:14:02.031,1.14275,1.14285,0.30,0.40
2007.12.27 05:14:02.247,1.1427,1.14285,0.60,0.40
2007.12.27 05:14:03.158,1.1427,1.14285,0.60,0.40
2007.12.27 05:14:03.469,1.14275,1.14285,0.30,0.40
2007.12.27 05:14:03.680,1.14265,1.1428,19.50,0.40
2007.12.27 05:14:03.782,1.14265,1.1428,11.50,0.40
2007.12.27 05:14:03.887,1.1427,1.1428,0.30,0.40
2007.12.27 05:14:04.048,1.14265,1.1428,7.30,0.40
2007.12.27 05:14:04.150,1.14265,1.1428,7.30,0.40
2007.12.27 05:14:04.254,1.1427,1.1428,0.30,0.40
2007.12.27 05:14:05.076,1.14265,1.1428,7.30,0.40
2007.12.27 05:14:07.640,1.1427,1.1428,0.30,0.40
2007.12.27 05:14:07.744,1.14275,1.14285,0.30,0.40
2007.12.27 05:14:08.041,1.14275,1.14285,0.30,0.40
2007.12.27 05:14:08.161,1.1427,1.1428,0.30,0.40
2007.12.27 05:14:08.280,1.1427,1.1428,0.30,0.40
2007.12.27 05:14:08.459,1.1427,1.1428,0.30,0.40
2007.12.27 05:14:08.726,1.1427,1.1428,0.30,0.40
2007.12.27 05:14:09.008,1.1427,1.1428,0.30,0.40
2007.12.27 05:14:09.484,1.1427,1.1428,0.30,0.40
2007.12.27 05:14:09.787,1.1427,1.1428,0.30,0.40
2007.12.27 05:14:10.118,1.14275,1.14285,0.30,4.30
2007.12.27 05:14:10.288,1.14275,1.14285,0.30,0.40
2007.12.27 05:14:10.469,1.14275,1.14285,0.30,0.40
2007.12.27 05:14:10.986,1.14275,1.14285,0.30,0.40
2007.12.27 05:14:11.313,1.14275,1.14285,0.30,0.40
2007.12.27 05:14:11.505,1.14275,1.14285,0.30,0.40
2007.12.27 05:14:12.012,1.14275,1.14285,0.30,0.40
2007.12.27 05:14:13.043,1.14275,1.14285,0.30,0.40
2007.12.27 05:14:14.981,1.14275,1.14285,0.30,0.40
2007.12.27 05:14:15.084,1.1428,1.1429,0.30,0.40
2007.12.27 05:14:15.197,1.1428,1.1429,0.30,0.40
2007.12.27 05:14:15.301,1.1428,1.1429,0.30,0.40
2007.12.27 05:14:15.403,1.1428,1.1429,0.30,0.40
2007.12.27 05:14:15.700,1.1428,1.1429,0.30,0.40
2007.12.27 05:14:16.009,1.1428,1.1429,0.30,0.40
2007.12.27 05:14:16.278,1.1428,1.1429,0.30,0.40
2007.12.27 05:14:20.079,1.14275,1.14285,12.20,0.40
2007.12.27 05:14:20.254,1.14275,1.14285,0.30,0.40
2007.12.27 05:14:20.428,1.14275,1.14285,0.30,0.40
2007.12.27 05:14:20.601,1.14275,1.14285,0.30,0.40
2007.12.27 05:14:24.418,1.14275,1.14285,0.30,0.40
2007.12.27 05:14:24.737,1.14275,1.14285,0.30,0.40
2007.12.27 05:14:24.879,1.1427,1.1428,0.30,0.40
2007.12.27 05:14:25.041,1.1427,1.1428,0.30,0.40
2007.12.27 05:14:25.184,1.1427,1.1428,0.30,0.40
2007.12.27 05:14:25.467,1.1427,1.1428,0.30,0.40
2007.12.27 05:14:26.284,1.1427,1.1428,0.30,0.40
2007.12.27 05:14:26.617,1.14275,1.14285,0.30,4.30
2007.12.27 05:14:26.761,1.14275,1.14285,0.30,0.40
2007.12.27 05:14:26.904,1.14275,1.14285,0.30,0.40
2007.12.27 05:14:27.049,1.14275,1.14285,0.30,0.40
2007.12.27 05:14:27.217,1.14275,1.14285,0.30,0.40
2007.12.27 05:14:27.451,1.14275,1.14285,0.30,0.40
2007.12.27 05:14:28.045,1.14275,1.14285,0.30,0.40
2007.12.27 05:14:28.387,1.14275,1.14285,0.30,0.40
2007.12.27 05:14:29.142,1.14275,1.14285,0.30,0.40
2007.12.27 05:14:29.283,1.14275,1.14285,0.60,0.40
2007.12.27 05:14:29.524,1.14275,1.14285,0.60,0.40
2007.12.27 05:14:31.658,1.14275,1.14285,0.60,0.40
2007.12.27 05:14:31.816,1.14275,1.14285,0.60,0.40
2007.12.27 05:14:31.974,1.14275,1.14295,0.60,11.30
2007.12.27 05:14:32.276,1.14275,1.14285,0.60,0.40
2007.12.27 05:14:33.310,1.14275,1.14295,0.60,11.30
2007.12.27 05:14:34.120,1.14275,1.14285,0.60,0.40
2007.12.27 05:14:35.929,1.14275,1.14295,0.60,11.30
2007.12.27 05:14:36.072,1.14275,1.1428,0.30,0.40
2007.12.27 05:14:36.215,1.14275,1.1428,0.30,0.40
2007.12.27 05:14:36.359,1.14275,1.1428,0.30,0.40
2007.12.27 05:14:36.570,1.14275,1.14285,0.30,2.80
2007.12.27 05:14:36.760,1.1427,1.14285,0.30,2.80
2007.12.27 05:14:36.944,1.1427,1.14285,0.30,6.80
2007.12.27 05:14:37.128,1.1427,1.14285,0.30,6.80
2007.12.27 05:14:37.311,1.1427,1.14285,0.30,6.80
2007.12.27 05:14:37.494,1.1427,1.14285,0.30,6.80
2007.12.27 05:14:37.790,1.1427,1.14285,0.30,6.80
2007.12.27 05:14:42.761,1.1427,1.1428,0.30,0.40
2007.12.27 05:14:43.277,1.1427,1.14285,0.30,6.80
2007.12.27 05:14:46.654,1.14275,1.14285,0.30,0.50
2007.12.27 05:14:46.778,1.14275,1.14295,0.30,11.30
2007.12.27 05:14:47.029,1.14275,1.14295,0.30,11.30
2007.12.27 05:14:47.232,1.14275,1.14295,0.30,11.30
2007.12.27 05:14:47.543,1.14275,1.14295,0.30,11.30
2007.12.27 05:14:47.949,1.14275,1.14295,0.30,11.30
2007.12.27 05:14:52.990,1.1427,1.1428,0.30,0.40
2007.12.27 05:14:53.104,1.1427,1.1428,0.30,0.40
2007.12.27 05:14:53.217,1.1427,1.1428,0.30,0.40
2007.12.27 05:14:53.331,1.1427,1.1428,0.30,0.40
2007.12.27 05:14:53.830,1.1427,1.14285,0.30,4.40
2007.12.27 05:14:54.166,1.1427,1.1428,0.30,0.40
2007.12.27 05:14:54.772,1.1427,1.14285,0.30,4.40
2007.12.27 05:14:55.142,1.1427,1.1428,0.30,0.40
2007.12.27 05:14:56.002,1.1427,1.1428,0.30,0.40
2007.12.27 05:14:56.200,1.1427,1.1428,0.30,0.40
2007.12.27 05:14:56.399,1.1427,1.1428,0.30,0.40
2007.12.27 05:14:57.113,1.1427,1.1428,0.30,0.40
2007.12.27 05:14:58.948,1.1427,1.1428,0.30,0.40
2007.12.27 05:14:59.764,1.1427,1.1428,0.30,0.40
2007.12.27 05:15:00.278,1.1427,1.1428,0.30,0.40
2007.12.27 05:15:00.886,1.1427,1.1428,0.30,0.40
2007.12.27 05:15:01.144,1.1427,1.1428,0.30,0.40
2007.12.27 05:15:05.381,1.1427,1.1428,0.30,0.40
2007.12.27 05:15:05.520,1.1427,1.1428,0.30,0.40
2007.12.27 05:15:08.721,1.1427,1.1428,0.30,0.40
2007.12.27 05:15:08.859,1.1427,1.1428,0.30,0.40
2007.12.27 05:15:08.998,1.14275,1.14285,0.30,0.40
2007.12.27 05:15:09.135,1.14275,1.14285,0.30,0.40
2007.12.27 05:15:09.273,1.14275,1.14285,0.30,0.40
2007.12.27 05:15:17.246,1.1427,1.14285,0.60,0.40
2007.12.27 05:15:17.284,1.14275,1.14285,0.30,0.40
2007.12.27 05:15:22.430,1.1427,1.14285,0.60,0.40
2007.12.27 05:15:23.492,1.1427,1.14285,0.60,0.40
2007.12.27 05:15:26.139,1.14275,1.14285,0.30,0.40
2007.12.27 05:15:26.299,1.1427,1.14285,0.60,0.40
2007.12.27 05:15:32.622,1.14265,1.1428,15.50,0.40
2007.12.27 05:15:32.765,1.14265,1.1428,7.30,0.40
2007.12.27 05:15:32.909,1.1427,1.1428,0.30,0.40
2007.12.27 05:15:33.087,1.14265,1.1428,4.90,0.40
2007.12.27 05:15:33.265,1.14265,1.1428,4.90,0.40
2007.12.27 05:15:33.444,1.1427,1.1428,0.30,0.40
2007.12.27 05:15:33.623,1.14265,1.1428,8.90,0.40
2007.12.27 05:15:33.802,1.1427,1.14285,0.60,0.40
2007.12.27 05:15:34.011,1.14275,1.14285,0.30,0.40
2007.12.27 05:15:34.216,1.1427,1.14285,0.60,0.40
2007.12.27 05:15:34.530,1.14275,1.14285,0.30,0.40
2007.12.27 05:15:35.038,1.14275,1.14285,0.30,0.40
2007.12.27 05:15:35.216,1.1427,1.14285,0.60,0.40
2007.12.27 05:15:35.396,1.1427,1.14285,0.60,2.70
2007.12.27 05:15:35.616,1.1427,1.14285,0.60,2.70
2007.12.27 05:15:35.794,1.1427,1.1428,0.30,0.40
2007.12.27 05:15:36.009,1.1427,1.1428,0.30,0.40
2007.12.27 05:15:36.282,1.14265,1.1428,4.90,0.40
2007.12.27 05:15:37.476,1.1427,1.1428,0.30,0.40
2007.12.27 05:15:38.300,1.1427,1.1428,0.30,0.40
2007.12.27 05:15:39.236,1.1427,1.1428,0.30,0.40
2007.12.27 05:15:42.909,1.14265,1.1428,4.90,0.40
2007.12.27 05:15:44.337,1.1427,1.1428,0.30,0.40
2007.12.27 05:15:52.984,1.1427,1.14285,0.30,6.80
2007.12.27 05:15:53.250,1.1427,1.14285,0.30,6.80
2007.12.27 05:15:53.439,1.1427,1.14285,0.30,6.80
2007.12.27 05:15:53.596,1.1427,1.14285,0.30,6.80
2007.12.27 05:15:53.854,1.1427,1.1428,0.30,0.40
2007.12.27 05:15:54.462,1.1427,1.1428,0.30,0.40
2007.12.27 05:15:54.611,1.1427,1.14285,0.30,6.80
2007.12.27 05:15:54.758,1.1427,1.14285,0.30,6.80
2007.12.27 05:15:55.182,1.1427,1.14285,0.30,6.80
2007.12.27 05:15:55.381,1.1427,1.14285,0.30,6.80
2007.12.27 05:15:55.580,1.1427,1.1428,0.30,0.40
2007.12.27 05:15:55.779,1.1427,1.1428,0.30,0.40
2007.12.27 05:15:55.983,1.1427,1.14285,0.30,6.80
2007.12.27 05:15:56.186,1.1427,1.14285,0.30,6.80
2007.12.27 05:15:56.389,1.1427,1.14285,0.30,6.80
2007.12.27 05:15:56.592,1.1427,1.1428,0.30,0.40
2007.12.27 05:15:58.287,1.1427,1.1428,0.30,0.40
2007.12.27 05:15:58.428,1.1427,1.14285,0.30,4.40
2007.12.27 05:15:59.015,1.1427,1.14285,0.30,4.40
2007.12.27 05:15:59.229,1.1427,1.1428,0.30,0.40
2007.12.27 05:16:00.279,1.1427,1.14285,0.30,4.40
2007.12.27 05:16:01.922,1.1427,1.1428,0.30,0.40
2007.12.27 05:16:22.129,1.1427,1.1428,0.30,0.40
2007.12.27 05:16:23.416,1.1427,1.1428,0.30,0.40
2007.12.27 05:16:36.137,1.1427,1.143,2.40,19.40
2007.12.27 05:16:36.277,1.1427,1.143,2.40,23.40
2007.12.27 05:16:36.644,1.1427,1.143,2.40,23.40
2007.12.27 05:16:36.944,1.1427,1.1429,2.40,0.90
2007.12.27 05:16:43.973,1.1427,1.143,2.40,23.40
2007.12.27 05:16:45.611,1.1427,1.143,2.40,23.40
2007.12.27 05:16:45.755,1.14275,1.14295,0.30,14.50
2007.12.27 05:16:45.912,1.14275,1.14295,0.30,11.20
2007.12.27 05:16:46.042,1.14275,1.14285,0.30,0.40
2007.12.27 05:16:46.233,1.14275,1.14295,0.30,11.20
2007.12.27 05:16:46.545,1.14275,1.14295,0.30,11.20
2007.12.27 05:16:47.260,1.14275,1.14295,0.30,11.20
2007.12.27 05:16:47.770,1.14275,1.14295,0.30,11.20
2007.12.27 05:16:48.096,1.1427,1.1428,0.30,0.40
2007.12.27 05:16:48.254,1.1427,1.1428,0.30,0.40
2007.12.27 05:16:48.407,1.1427,1.1428,0.30,0.40
2007.12.27 05:16:48.560,1.1427,1.1428,0.30,0.40
2007.12.27 05:16:48.755,1.1427,1.14285,0.30,4.40
2007.12.27 05:16:48.957,1.1427,1.14285,0.30,4.40
2007.12.27 05:16:49.122,1.14275,1.14285,0.20,4.80
2007.12.27 05:16:49.276,1.1428,1.14295,0.30,4.80
2007.12.27 05:16:49.486,1.1428,1.14295,0.30,4.80
2007.12.27 05:16:49.990,1.1428,1.1429,0.30,0.40
2007.12.27 05:16:50.506,1.1428,1.1429,0.30,0.40
2007.12.27 05:16:51.324,1.1428,1.1429,0.30,0.40
2007.12.27 05:16:51.727,1.14275,1.14285,12.40,0.40
2007.12.27 05:16:51.881,1.14275,1.14295,0.30,11.20
2007.12.27 05:16:52.033,1.14275,1.14295,0.50,11.20
2007.12.27 05:16:52.187,1.14275,1.14285,0.30,0.40
2007.12.27 05:16:52.340,1.14275,1.14295,0.30,11.20
2007.12.27 05:16:53.064,1.1427,1.1428,0.30,0.40
2007.12.27 05:16:53.268,1.1427,1.1428,0.30,0.40
2007.12.27 05:16:53.471,1.1427,1.1428,0.30,0.40
2007.12.27 05:16:53.676,1.1427,1.14285,0.30,4.40
2007.12.27 05:16:54.191,1.1427,1.14285,0.30,4.40
2007.12.27 05:16:54.401,1.14275,1.14285,2.40,4.40
2007.12.27 05:16:54.605,1.14275,1.14285,2.40,4.40
2007.12.27 05:16:54.809,1.1428,1.14295,0.30,4.80
2007.12.27 05:16:55.089,1.1428,1.14295,0.30,4.80
2007.12.27 05:16:55.292,1.1428,1.14295,0.30,4.80
2007.12.27 05:16:55.664,1.1428,1.14295,0.30,4.80
2007.12.27 05:16:55.853,1.1428,1.1429,0.30,0.40
2007.12.27 05:16:56.316,1.1428,1.14295,0.30,4.80
2007.12.27 05:16:57.333,1.1428,1.14295,0.30,4.80
2007.12.27 05:16:57.662,1.14275,1.14285,12.20,0.40
2007.12.27 05:16:57.801,1.14275,1.14295,0.30,8.80
2007.12.27 05:16:58.060,1.14275,1.14295,0.50,8.80
2007.12.27 05:16:58.198,1.1427,1.1428,0.30,0.40
2007.12.27 05:16:58.336,1.1427,1.1428,0.30,0.40
2007.12.27 05:16:58.474,1.1427,1.1428,0.30,0.40
2007.12.27 05:16:58.727,1.14275,1.1428,4.00,0.40
2007.12.27 05:16:58.995,1.1428,1.14295,0.30,8.80
2007.12.27 05:16:59.263,1.1428,1.1429,0.30,0.40
2007.12.27 05:16:59.531,1.1428,1.14295,0.30,4.80
2007.12.27 05:17:00.305,1.1428,1.1429,0.30,0.40
2007.12.27 05:17:00.977,1.14275,1.1428,14.50,0.40
2007.12.27 05:17:01.120,1.14275,1.1428,14.40,0.40
2007.12.27 05:17:01.264,1.14275,1.1428,6.40,0.40
2007.12.27 05:17:01.409,1.1427,1.1428,0.30,0.40
2007.12.27 05:17:01.690,1.1427,1.1428,0.30,0.40
2007.12.27 05:17:01.835,1.1427,1.1428,0.30,0.40
2007.12.27 05:17:02.124,1.1427,1.14285,0.30,4.40
2007.12.27 05:17:02.413,1.1427,1.14285,0.30,4.40
2007.12.27 05:17:02.701,1.1427,1.1428,0.30,0.40
2007.12.27 05:17:03.580,1.14275,1.14285,0.30,0.60
2007.12.27 05:17:03.773,1.14275,1.14295,0.30,12.00
2007.12.27 05:17:03.967,1.14275,1.14285,0.30,0.40
2007.12.27 05:17:04.135,1.14275,1.14285,0.30,0.40
2007.12.27 05:17:04.303,1.14275,1.14295,0.30,11.20
2007.12.27 05:17:04.503,1.14275,1.14295,0.30,11.20
2007.12.27 05:17:04.921,1.14275,1.14295,0.30,11.20
2007.12.27 05:17:05.214,1.14275,1.14295,0.30,11.20
2007.12.27 05:17:05.520,1.14275,1.14295,0.30,11.20
2007.12.27 05:17:07.306,1.14275,1.14285,0.30,0.40
2007.12.27 05:17:17.149,1.1428,1.1429,0.30,0.40
2007.12.27 05:17:17.290,1.1428,1.1429,0.30,0.40
2007.12.27 05:17:17.427,1.1428,1.1429,0.30,0.40
2007.12.27 05:17:17.522,1.1428,1.14295,0.30,4.80
2007.12.27 05:17:17.737,1.1428,1.14295,0.30,4.80
2007.12.27 05:17:17.875,1.1428,1.1429,0.30,0.40
2007.12.27 05:17:18.222,1.1428,1.14295,0.30,4.80
2007.12.27 05:17:18.520,1.1428,1.1429,0.30,0.40
2007.12.27 05:17:19.251,1.1428,1.1429,0.30,0.40
2007.12.27 05:17:19.524,1.1428,1.1429,0.30,0.40
2007.12.27 05:17:20.249,1.1428,1.1429,0.30,0.40
2007.12.27 05:17:20.548,1.1428,1.14295,0.30,4.80
2007.12.27 05:17:22.632,1.1428,1.14295,0.30,4.80
2007.12.27 05:17:22.792,1.14275,1.14295,1.00,4.80
2007.12.27 05:17:22.950,1.14275,1.14295,0.30,8.80
2007.12.27 05:17:23.110,1.14275,1.14295,0.50,8.80
2007.12.27 05:17:23.269,1.14275,1.14295,0.30,11.20
2007.12.27 05:17:24.240,1.14275,1.14295,0.30,11.20
2007.12.27 05:17:27.990,1.14275,1.14295,0.30,11.20
2007.12.27 05:17:30.127,1.1428,1.14295,0.30,11.20
2007.12.27 05:17:30.358,1.1428,1.14295,0.30,8.80
2007.12.27 05:17:30.598,1.1428,1.1429,0.30,0.40
2007.12.27 05:17:30.887,1.1428,1.1429,0.30,0.40
2007.12.27 05:17:31.285,1.1428,1.1429,0.30,0.40
2007.12.27 05:17:37.160,1.1428,1.14295,0.30,4.80
2007.12.27 05:17:37.365,1.1428,1.14295,0.30,4.80
2007.12.27 05:17:37.498,1.1428,1.14295,0.30,4.80
2007.12.27 05:17:37.864,1.1428,1.14295,0.30,4.80
2007.12.27 05:17:38.275,1.1428,1.14295,0.30,4.80
2007.12.27 05:17:38.638,1.1428,1.1429,0.30,0.40
2007.12.27 05:17:40.199,1.1428,1.14295,0.30,4.80
2007.12.27 05:17:40.632,1.1428,1.1429,0.30,0.40
2007.12.27 05:18:47.942,1.14275,1.14295,10.40,4.00
2007.12.27 05:18:52.719,1.14265,1.14295,14.40,4.00
2007.12.27 05:19:02.457,1.14275,1.14305,1.10,12.80
2007.12.27 05:19:02.590,1.14255,1.14305,8.00,8.80
2007.12.27 05:19:10.568,1.14245,1.14305,7.20,8.00
2007.12.27 05:19:17.039,1.14275,1.14285,0.70,0.40
2007.12.27 05:19:17.207,1.1427,1.14285,7.20,0.40
2007.12.27 05:19:17.376,1.14275,1.14285,0.30,0.40
2007.12.27 05:19:17.544,1.1427,1.14285,0.60,0.40
2007.12.27 05:19:18.068,1.1427,1.14285,0.60,0.40
2007.12.27 05:19:18.250,1.1427,1.1428,0.30,0.40
2007.12.27 05:19:18.419,1.14265,1.1428,7.70,0.40
2007.12.27 05:19:18.622,1.1427,1.1428,0.30,0.40
2007.12.27 05:19:18.825,1.14265,1.1428,7.30,0.40
2007.12.27 05:19:19.029,1.14265,1.1428,7.30,0.40
2007.12.27 05:19:19.232,1.1427,1.1428,0.30,0.40
2007.12.27 05:19:21.101,1.1427,1.1428,0.30,0.40
2007.12.27 05:19:21.214,1.1427,1.1428,0.30,0.40
2007.12.27 05:19:22.624,1.1427,1.1428,0.30,0.40
2007.12.27 05:19:22.742,1.14275,1.14285,0.30,0.40
2007.12.27 05:19:22.861,1.14275,1.14285,0.30,0.40
2007.12.27 05:19:23.103,1.14275,1.14285,0.30,0.40
2007.12.27 05:19:23.221,1.14275,1.14285,0.30,0.40
2007.12.27 05:19:23.339,1.14275,1.14285,0.30,0.40
2007.12.27 05:19:23.905,1.14275,1.14285,0.30,0.40
2007.12.27 05:19:24.164,1.14275,1.14285,0.30,0.40
2007.12.27 05:19:24.422,1.14275,1.14285,0.30,0.40
2007.12.27 05:19:24.681,1.1427,1.1428,0.30,0.40
2007.12.27 05:19:24.785,1.1427,1.1428,0.30,0.40
2007.12.27 05:19:25.029,1.1427,1.1428,0.30,0.40
2007.12.27 05:19:25.132,1.1427,1.1428,0.30,0.40
2007.12.27 05:19:25.235,1.1427,1.1428,0.30,0.40
2007.12.27 05:19:25.337,1.1427,1.1428,0.30,0.40
2007.12.27 05:19:26.153,1.1427,1.1428,0.30,0.40
2007.12.27 05:19:26.446,1.1427,1.1428,0.30,0.40
2007.12.27 05:19:29.270,1.1427,1.1428,0.30,0.40
2007.12.27 05:19:29.383,1.1427,1.1428,0.30,0.40
2007.12.27 05:19:49.726,1.1427,1.1428,0.30,0.40
2007.12.27 05:19:50.237,1.1427,1.1428,0.30,0.40
2007.12.27 05:19:50.835,1.1427,1.1428,0.30,0.40
2007.12.27 05:19:57.902,1.1426,1.1428,13.70,0.50
2007.12.27 05:20:07.156,1.1426,1.1428,13.90,0.50
2007.12.27 05:20:07.320,1.1426,1.14275,4.30,4.00
2007.12.27 05:20:07.484,1.1426,1.14275,3.30,4.00
2007.12.27 05:20:07.671,1.14255,1.14275,24.40,4.00
2007.12.27 05:20:07.863,1.14255,1.1427,16.20,0.40
2007.12.27 05:20:08.057,1.1426,1.1427,0.30,0.40
2007.12.27 05:20:08.249,1.14255,1.1427,17.50,0.40
2007.12.27 05:20:08.442,1.1426,1.1427,0.30,0.40
2007.12.27 05:20:08.639,1.1426,1.1427,0.30,0.40
2007.12.27 05:20:08.827,1.14255,1.1427,13.60,0.40
2007.12.27 05:20:09.016,1.1426,1.1427,0.30,0.40
2007.12.27 05:20:09.204,1.1426,1.14275,0.60,0.40
2007.12.27 05:20:09.393,1.14265,1.14275,0.30,0.40
2007.12.27 05:20:11.626,1.1426,1.14275,0.60,0.40
2007.12.27 05:20:11.739,1.14265,1.1428,2.90,0.40
2007.12.27 05:20:11.852,1.1427,1.1428,0.30,0.40
2007.12.27 05:20:12.221,1.14265,1.1428,6.90,0.40
2007.12.27 05:20:13.099,1.14265,1.1428,6.90,0.40
2007.12.27 05:20:13.782,1.14265,1.1428,6.90,0.40
2007.12.27 05:20:14.309,1.14265,1.1428,6.90,0.40
2007.12.27 05:20:14.810,1.14265,1.1428,6.90,0.40
2007.12.27 05:20:15.158,1.14265,1.1428,4.50,0.40
2007.12.27 05:20:15.372,1.14265,1.1428,0.60,0.40
2007.12.27 05:20:15.585,1.1426,1.14275,0.60,0.40
2007.12.27 05:20:15.800,1.14265,1.14275,0.30,0.40
2007.12.27 05:20:16.013,1.14265,1.14275,0.30,0.40
2007.12.27 05:20:16.151,1.1426,1.14275,0.60,0.40
2007.12.27 05:20:17.564,1.1427,1.1428,0.30,0.40
2007.12.27 05:20:17.733,1.14265,1.1428,2.90,0.40
2007.12.27 05:20:17.902,1.1427,1.1428,0.30,0.40
2007.12.27 05:20:18.244,1.1427,1.1428,0.30,0.40
2007.12.27 05:20:18.562,1.1427,1.1428,0.30,0.40
2007.12.27 05:20:18.775,1.14265,1.1428,6.90,0.40
2007.12.27 05:20:19.079,1.1427,1.1428,0.30,0.40
2007.12.27 05:20:30.202,1.1427,1.1428,0.30,0.40
2007.12.27 05:20:30.355,1.1427,1.1428,0.30,0.40
2007.12.27 05:20:32.261,1.1427,1.1428,0.30,0.40
2007.12.27 05:20:35.997,1.1427,1.1428,0.30,0.40
2007.12.27 05:20:37.927,1.1427,1.1428,0.30,0.40
2007.12.27 05:20:53.757,1.1426,1.1429,13.60,10.50
2007.12.27 05:21:00.722,1.1426,1.1428,13.60,0.70
2007.12.27 05:21:01.348,1.1426,1.1428,13.60,0.90
2007.12.27 05:21:03.701,1.1427,1.1429,2.40,10.60
2007.12.27 05:21:03.840,1.1427,1.1429,2.40,10.60
2007.12.27 05:21:04.119,1.1426,1.1429,13.60,10.50
2007.12.27 05:21:04.311,1.1426,1.1428,13.60,0.70
2007.12.27 05:21:04.820,1.1426,1.1429,13.60,10.50
2007.12.27 05:21:05.618,1.1426,1.1428,13.60,0.80
2007.12.27 05:21:41.704,1.14255,1.14285,12.80,4.00
2007.12.27 05:21:43.527,1.1426,1.1428,13.50,2.80
2007.12.27 05:21:49.483,1.14265,1.1428,4.00,2.80
2007.12.27 05:21:53.848,1.14265,1.1428,4.00,2.80
2007.12.27 05:21:54.263,1.14265,1.1428,4.00,2.80
2007.12.27 05:22:06.892,1.14265,1.1428,4.00,2.80
2007.12.27 05:22:07.091,1.14265,1.1428,4.00,2.80
2007.12.27 05:22:16.123,1.14265,1.14285,4.00,6.80
2007.12.27 05:22:45.705,1.1426,1.1428,9.30,2.80
2007.12.27 05:22:56.059,1.1426,1.1428,9.30,2.80
2007.12.27 05:23:03.660,1.1427,1.1428,2.40,0.50
2007.12.27 05:23:04.027,1.1427,1.1428,2.40,0.50
2007.12.27 05:23:04.445,1.1427,1.1428,2.40,0.50
2007.12.27 05:23:05.461,1.1427,1.1428,2.40,0.50
2007.12.27 05:23:55.147,1.14265,1.14285,4.00,8.00
2007.12.27 05:24:11.095,1.1427,1.1428,3.20,0.50
2007.12.27 05:24:12.953,1.1427,1.1428,3.20,0.50
2007.12.27 05:24:14.658,1.14275,1.14285,0.30,8.70
2007.12.27 05:24:14.791,1.14275,1.14285,0.30,0.40
2007.12.27 05:24:14.925,1.14275,1.14285,0.30,0.40
2007.12.27 05:24:15.058,1.14275,1.14285,0.30,0.40
2007.12.27 05:24:15.908,1.14275,1.14285,0.30,0.40
2007.12.27 05:24:16.126,1.14275,1.14285,0.30,0.40
2007.12.27 05:24:16.250,1.14275,1.14285,0.30,0.40
2007.12.27 05:24:19.620,1.1428,1.1429,0.30,0.40
2007.12.27 05:24:19.778,1.1428,1.1429,0.30,0.40
2007.12.27 05:24:19.948,1.1428,1.1429,0.30,0.40
2007.12.27 05:24:20.107,1.1428,1.1429,0.30,0.40
2007.12.27 05:24:20.296,1.14275,1.14285,0.30,0.40
2007.12.27 05:24:20.484,1.14275,1.14285,0.30,0.40
2007.12.27 05:24:35.602,1.1427,1.1428,0.30,0.40
2007.12.27 05:24:37.270,1.1427,1.1428,0.30,0.40
2007.12.27 05:24:37.306,1.1427,1.1428,0.30,0.40
2007.12.27 05:24:42.870,1.1427,1.1428,0.30,0.40
2007.12.27 05:24:50.284,1.14265,1.1428,5.30,0.40
2007.12.27 05:25:01.527,1.14265,1.1428,5.90,0.40
2007.12.27 05:25:07.628,1.1427,1.1429,2.10,6.80
2007.12.27 05:25:07.777,1.1427,1.14285,0.60,0.40
2007.12.27 05:25:07.927,1.1427,1.14285,0.60,0.40
2007.12.27 05:25:08.075,1.1427,1.14285,0.60,0.40
2007.12.27 05:25:08.223,1.14275,1.14285,0.30,0.40
2007.12.27 05:25:08.441,1.14275,1.14285,0.50,0.40
2007.12.27 05:25:09.022,1.14275,1.14285,0.50,0.40
2007.12.27 05:25:14.002,1.14275,1.1429,0.80,0.40
2007.12.27 05:25:14.127,1.14275,1.1429,0.80,0.40
2007.12.27 05:25:14.265,1.1428,1.1429,0.30,0.40
2007.12.27 05:25:14.404,1.1428,1.1429,0.30,0.40
2007.12.27 05:25:14.598,1.14275,1.1429,5.30,0.40
2007.12.27 05:25:14.790,1.14275,1.1429,1.30,0.40
2007.12.27 05:25:14.984,1.1428,1.1429,0.30,0.40
2007.12.27 05:25:15.178,1.14275,1.14285,0.50,0.40
2007.12.27 05:25:15.371,1.14275,1.14285,0.50,0.40
2007.12.27 05:25:15.569,1.1427,1.14285,0.80,0.40
2007.12.27 05:25:15.769,1.14275,1.14285,0.50,0.40
2007.12.27 05:25:15.966,1.1427,1.14285,0.80,0.40
2007.12.27 05:25:19.120,1.1427,1.14285,0.80,0.40
2007.12.27 05:25:19.268,1.1427,1.14285,0.80,0.40
2007.12.27 05:25:19.532,1.14275,1.14285,0.50,0.40
2007.12.27 05:25:27.680,1.14275,1.1429,0.80,0.40
2007.12.27 05:25:27.839,1.14275,1.1429,1.10,0.40
2007.12.27 05:25:27.998,1.14275,1.1429,1.30,0.40
2007.12.27 05:25:28.157,1.14275,1.1429,1.30,0.40
2007.12.27 05:25:28.315,1.14275,1.1429,5.30,0.40
2007.12.27 05:25:29.242,1.1428,1.1429,0.30,0.40
2007.12.27 05:25:30.551,1.1428,1.1429,0.30,0.40
2007.12.27 05:25:30.787,1.1428,1.1429,0.30,0.40
2007.12.27 05:25:33.596,1.14275,1.14285,1.60,0.40
2007.12.27 05:25:33.750,1.14275,1.14285,0.80,0.40
2007.12.27 05:25:33.910,1.1427,1.14285,0.60,0.40
2007.12.27 05:25:34.074,1.1427,1.14285,0.60,0.40
2007.12.27 05:25:34.237,1.14275,1.14285,0.60,0.40
2007.12.27 05:25:34.401,1.1427,1.14285,0.60,0.40
2007.12.27 05:25:34.565,1.1427,1.14285,0.60,0.40
2007.12.27 05:25:37.228,1.14275,1.14285,0.30,0.40
2007.12.27 05:25:37.406,1.14275,1.14285,0.80,0.40
2007.12.27 05:25:37.647,1.1428,1.1429,0.30,0.40
2007.12.27 05:25:37.837,1.1428,1.1429,0.30,0.40
2007.12.27 05:25:41.049,1.14275,1.1429,4.70,0.40
2007.12.27 05:25:41.168,1.1427,1.14285,4.70,0.40
2007.12.27 05:25:41.287,1.14275,1.14285,0.30,0.40
2007.12.27 05:25:41.404,1.1427,1.14285,0.60,0.40
2007.12.27 05:25:47.594,1.1428,1.1429,0.30,0.40
2007.12.27 05:25:47.713,1.1428,1.1429,0.30,0.40
2007.12.27 05:25:47.831,1.1428,1.1429,0.30,0.40
2007.12.27 05:25:47.950,1.1428,1.1429,0.30,0.40
2007.12.27 05:25:48.068,1.1428,1.1429,0.30,0.40
2007.12.27 05:25:48.186,1.1428,1.1429,0.30,0.40
2007.12.27 05:25:52.933,1.14275,1.14285,4.80,0.40
2007.12.27 05:25:53.036,1.14275,1.14285,0.30,0.40
2007.12.27 05:25:56.654,1.14275,1.14285,0.30,0.40
2007.12.27 05:25:56.864,1.1427,1.1428,0.30,0.40
2007.12.27 05:25:57.072,1.1427,1.1428,0.30,0.40
2007.12.27 05:25:57.206,1.1427,1.1428,0.30,0.40
2007.12.27 05:25:57.965,1.1427,1.1428,0.30,0.40
2007.12.27 05:26:05.521,1.1427,1.1428,0.30,0.40
2007.12.27 05:26:05.664,1.1427,1.1428,0.30,0.40
2007.12.27 05:26:08.061,1.1427,1.1428,0.30,0.40
2007.12.27 05:26:13.726,1.1427,1.1428,0.30,0.40
2007.12.27 05:26:13.890,1.1427,1.1428,0.30,0.40
2007.12.27 05:26:15.855,1.1427,1.1428,0.30,0.40
2007.12.27 05:26:17.000,1.1427,1.1428,0.30,0.40
2007.12.27 05:26:17.986,1.1427,1.14285,0.30,12.00
2007.12.27 05:26:44.458,1.1427,1.1428,0.30,0.40
2007.12.27 05:27:46.828,1.14275,1.14285,0.30,0.40
2007.12.27 05:27:47.031,1.14275,1.14295,0.30,16.10
2007.12.27 05:27:47.283,1.14275,1.14295,0.30,16.10
2007.12.27 05:27:47.990,1.14275,1.14295,0.30,16.10
2007.12.27 05:27:50.228,1.14275,1.14295,0.30,16.10
2007.12.27 05:27:50.539,1.14275,1.14285,0.30,0.40
2007.12.27 05:27:52.145,1.14275,1.14285,0.30,0.40
2007.12.27 05:27:52.299,1.14275,1.14285,0.30,0.70
2007.12.27 05:27:52.661,1.1427,1.14285,0.30,2.80
2007.12.27 05:27:52.828,1.1427,1.1428,0.30,0.40
2007.12.27 05:27:53.085,1.1427,1.14285,0.30,12.00
2007.12.27 05:27:54.033,1.1427,1.14285,0.30,12.00
2007.12.27 05:28:02.198,1.1427,1.1428,0.30,0.40
2007.12.27 05:28:09.932,1.1427,1.1428,0.30,0.40
2007.12.27 05:28:10.140,1.14275,1.14285,0.30,11.50
2007.12.27 05:28:10.333,1.14275,1.14285,0.30,0.40
2007.12.27 05:28:15.695,1.1427,1.14285,0.60,0.40
2007.12.27 05:28:15.828,1.14275,1.14285,0.50,0.40
2007.12.27 05:28:16.230,1.14275,1.14285,0.60,0.40
2007.12.27 05:28:16.438,1.1427,1.14285,1.30,0.40
2007.12.27 05:28:16.647,1.1427,1.14285,2.00,0.40
2007.12.27 05:28:16.856,1.14275,1.14285,0.50,0.40
2007.12.27 05:28:17.065,1.1427,1.14285,0.80,0.40
2007.12.27 05:28:17.307,1.14275,1.14285,0.50,0.40
2007.12.27 05:28:17.986,1.1427,1.14285,0.80,0.40
2007.12.27 05:28:26.296,1.1427,1.14285,0.80,2.70
2007.12.27 05:28:26.593,1.1427,1.1428,0.50,0.40
2007.12.27 05:28:26.786,1.14265,1.1428,2.30,0.40
2007.12.27 05:28:26.993,1.1427,1.1428,0.50,0.40
2007.12.27 05:28:27.174,1.14265,1.1428,1.90,0.40
2007.12.27 05:28:27.368,1.14265,1.1428,1.90,0.40
2007.12.27 05:28:28.033,1.1427,1.1428,0.30,0.40
2007.12.27 05:28:33.642,1.14275,1.14285,0.30,11.90
2007.12.27 05:28:33.736,1.14275,1.14285,0.30,2.70
2007.12.27 05:28:33.829,1.14275,1.14285,0.50,0.40
2007.12.27 05:28:33.922,1.14275,1.14285,0.30,0.40
2007.12.27 05:28:34.016,1.14275,1.14285,0.50,0.40
2007.12.27 05:28:34.109,1.14275,1.14285,0.50,0.40
2007.12.27 05:28:34.240,1.14275,1.14285,0.50,0.40
2007.12.27 05:28:37.577,1.14275,1.14285,0.50,0.40
2007.12.27 05:28:42.259,1.14275,1.14285,0.50,2.70
2007.12.27 05:28:42.572,1.14275,1.1428,0.20,0.40
2007.12.27 05:28:42.723,1.14275,1.1428,0.20,0.40
2007.12.27 05:28:42.811,1.14275,1.1428,0.20,0.40
2007.12.27 05:28:43.002,1.1427,1.1428,0.30,0.40
2007.12.27 05:28:43.271,1.1427,1.1428,0.30,0.40
2007.12.27 05:28:43.949,1.1427,1.1428,0.30,0.40
2007.12.27 05:28:44.766,1.1427,1.1428,0.30,0.40
2007.12.27 05:28:44.968,1.1427,1.1428,0.30,0.40
2007.12.27 05:28:45.093,1.14275,1.14285,0.30,10.30
2007.12.27 05:28:45.217,1.14275,1.14285,0.30,0.70
2007.12.27 05:28:45.405,1.14275,1.14285,0.50,0.40
2007.12.27 05:28:50.597,1.14275,1.14285,0.50,0.40
2007.12.27 05:28:50.735,1.1428,1.1429,0.30,0.40
2007.12.27 05:28:50.874,1.1428,1.1429,0.30,0.40
2007.12.27 05:28:51.018,1.1428,1.1429,0.30,0.40
2007.12.27 05:28:51.156,1.14275,1.14285,1.00,0.40
2007.12.27 05:28:51.295,1.14275,1.14285,0.80,0.40
2007.12.27 05:28:51.538,1.14275,1.14285,0.80,0.40
2007.12.27 05:28:53.304,1.14275,1.14285,0.80,0.40
2007.12.27 05:28:56.288,1.14275,1.14285,0.50,0.40
2007.12.27 05:28:56.734,1.14275,1.14285,0.50,0.40
2007.12.27 05:28:57.043,1.14275,1.14285,0.50,0.40
2007.12.27 05:29:14.638,1.14275,1.14285,0.50,0.40
2007.12.27 05:29:14.797,1.14275,1.14285,0.30,0.40
2007.12.27 05:29:15.160,1.1427,1.1428,0.30,0.40
2007.12.27 05:29:15.333,1.1427,1.1428,0.30,0.40
2007.12.27 05:29:15.506,1.1427,1.1428,0.30,0.40
2007.12.27 05:29:15.717,1.1427,1.1428,0.30,0.40
2007.12.27 05:29:15.891,1.1427,1.1428,0.30,0.40
2007.12.27 05:29:16.065,1.1427,1.1428,0.30,0.40
2007.12.27 05:29:16.323,1.1427,1.1428,0.30,0.40
2007.12.27 05:29:16.962,1.1427,1.1428,0.30,0.40
2007.12.27 05:29:36.856,1.1427,1.1428,0.30,0.40
2007.12.27 05:29:43.405,1.14265,1.1428,1.90,0.40
2007.12.27 05:29:53.769,1.14265,1.1428,0.60,0.40
2007.12.27 05:29:59.873,1.14265,1.1428,4.30,0.40
2007.12.27 05:30:00.047,1.1427,1.14285,0.60,17.50
2007.12.27 05:30:00.195,1.1427,1.14285,0.60,17.10
2007.12.27 05:30:00.344,1.1427,1.14285,0.60,0.40
2007.12.27 05:30:01.443,1.14275,1.14285,0.30,0.40
2007.12.27 05:30:14.682,1.14275,1.14285,0.30,0.40
2007.12.27 05:30:14.825,1.14275,1.14295,0.60,24.00
2007.12.27 05:30:14.997,1.14275,1.14285,0.60,0.40
2007.12.27 05:30:15.509,1.14275,1.14285,0.60,0.40
2007.12.27 05:30:16.231,1.14275,1.14295,0.60,24.00
2007.12.27 05:30:16.753,1.14275,1.14285,0.60,0.40
2007.12.27 05:30:17.347,1.14275,1.14295,0.60,24.00
2007.12.27 05:30:17.556,1.14275,1.14295,0.60,24.00
2007.12.27 05:30:20.013,1.14275,1.14295,1.10,24.00
2007.12.27 05:30:20.212,1.1428,1.1429,0.30,0.40
2007.12.27 05:30:20.411,1.1428,1.14295,0.30,15.20
2007.12.27 05:30:20.739,1.1428,1.14295,0.30,15.20
2007.12.27 05:30:21.243,1.1428,1.14295,0.30,15.20
2007.12.27 05:30:21.589,1.14275,1.14285,1.10,0.40
2007.12.27 05:30:21.772,1.14275,1.14285,0.60,0.40
2007.12.27 05:30:21.940,1.14275,1.14285,0.60,0.40
2007.12.27 05:30:22.108,1.14275,1.14285,0.90,0.40
2007.12.27 05:30:22.275,1.14275,1.14295,0.60,24.00
2007.12.27 05:30:29.032,1.14275,1.14295,0.30,24.00
2007.12.27 05:30:29.328,1.14275,1.14295,0.30,24.00
2007.12.27 05:30:42.061,1.14275,1.14285,0.30,0.40
2007.12.27 05:30:42.273,1.14275,1.14285,0.30,0.40
2007.12.27 05:30:47.683,1.14275,1.14285,0.30,0.40
2007.12.27 05:30:47.816,1.14275,1.14285,0.50,0.40
2007.12.27 05:30:52.564,1.14275,1.14295,0.50,24.00
2007.12.27 05:30:58.000,1.1428,1.14295,0.20,10.80
2007.12.27 05:30:58.138,1.1427,1.1428,0.30,0.40
2007.12.27 05:30:58.276,1.1427,1.1428,0.30,0.40
2007.12.27 05:30:58.415,1.1427,1.1428,0.30,0.40
2007.12.27 05:30:58.708,1.1427,1.14285,0.30,9.20
2007.12.27 05:30:58.846,1.14275,1.14285,0.20,13.20
2007.12.27 05:30:59.135,1.1427,1.1428,0.30,0.40
2007.12.27 05:30:59.567,1.1427,1.1428,0.30,0.40
2007.12.27 05:31:02.655,1.1427,1.14285,0.30,17.20
2007.12.27 05:31:06.692,1.1427,1.14285,0.30,17.20
2007.12.27 05:31:06.825,1.1427,1.14285,0.30,18.00
2007.12.27 05:31:07.277,1.1427,1.1428,0.30,0.40
2007.12.27 05:31:09.085,1.1427,1.14285,0.30,18.00
2007.12.27 05:31:09.393,1.1427,1.14285,0.30,19.60
2007.12.27 05:31:10.474,1.1427,1.1428,0.30,0.40
2007.12.27 05:31:10.626,1.1427,1.14285,0.30,15.60
2007.12.27 05:31:10.780,1.1427,1.14285,0.30,15.60
2007.12.27 05:31:11.025,1.1427,1.14285,0.30,15.60
2007.12.27 05:31:13.109,1.1427,1.14285,0.30,15.60
2007.12.27 05:31:14.622,1.14265,1.14285,9.10,16.00
2007.12.27 05:31:15.097,1.14265,1.14285,9.10,15.60
2007.12.27 05:31:21.115,1.1427,1.1428,0.30,0.40
2007.12.27 05:31:22.066,1.14265,1.1428,9.10,0.40
2007.12.27 05:31:23.472,1.1427,1.1428,0.30,0.40
2007.12.27 05:31:23.626,1.1427,1.1428,0.30,0.40
2007.12.27 05:31:25.065,1.14265,1.1428,5.10,0.40
2007.12.27 05:31:30.150,1.1426,1.14285,17.90,19.20
2007.12.27 05:31:35.224,1.1426,1.14285,15.90,19.20
2007.12.27 05:31:35.963,1.1427,1.14285,1.80,19.20
2007.12.27 05:31:37.712,1.1426,1.14285,15.60,19.20
2007.12.27 05:31:38.857,1.1426,1.14285,15.50,19.20
2007.12.27 05:31:40.154,1.1426,1.14285,15.10,19.20
2007.12.27 05:31:40.282,1.1426,1.14285,15.10,19.20
2007.12.27 05:31:40.773,1.1427,1.14285,1.90,19.20
2007.12.27 05:31:41.075,1.1427,1.14285,0.90,19.20
2007.12.27 05:31:41.359,1.1427,1.14285,2.00,19.20
2007.12.27 05:31:41.677,1.1427,1.14285,0.60,0.60
2007.12.27 05:31:41.762,1.1426,1.1429,14.90,29.30
2007.12.27 05:31:42.045,1.1426,1.1429,15.40,29.30
2007.12.27 05:31:47.699,1.1427,1.14285,4.10,0.90
2007.12.27 05:31:47.903,1.1427,1.1429,4.10,29.30
2007.12.27 05:31:48.926,1.1427,1.1429,4.20,29.30
2007.12.27 05:31:58.258,1.1427,1.1429,4.20,10.10
2007.12.27 05:32:05.730,1.1427,1.14285,3.80,4.50
2007.12.27 05:32:05.828,1.1427,1.14285,3.80,4.50
2007.12.27 05:32:06.297,1.1427,1.14285,3.80,4.50
2007.12.27 05:32:06.630,1.1427,1.14285,3.80,4.50
2007.12.27 05:32:06.964,1.1427,1.1429,4.20,10.10
2007.12.27 05:32:08.285,1.1427,1.1429,4.20,10.10
2007.12.27 05:32:09.209,1.1427,1.1429,4.20,10.10
2007.12.27 05:32:17.670,1.1427,1.14285,4.20,4.00
2007.12.27 05:32:20.121,1.1427,1.14285,4.20,4.00
2007.12.27 05:32:24.969,1.1427,1.14285,4.20,15.20
2007.12.27 05:32:47.556,1.1426,1.14285,0.50,15.20
2007.12.27 05:33:16.340,1.1427,1.1428,1.00,2.40
2007.12.27 05:33:16.652,1.1427,1.1428,1.00,2.40
2007.12.27 05:33:16.857,1.1427,1.1428,0.60,2.80
2007.12.27 05:33:17.013,1.14265,1.14275,0.80,0.40
2007.12.27 05:33:17.157,1.14265,1.1427,0.60,0.40
2007.12.27 05:33:17.300,1.14265,1.1427,0.60,0.40
2007.12.27 05:33:17.471,1.14265,1.1427,0.60,0.40
2007.12.27 05:33:17.784,1.14265,1.1427,0.60,0.40
2007.12.27 05:33:18.002,1.14265,1.1427,0.60,0.40
2007.12.27 05:33:18.295,1.14265,1.1427,0.60,0.40
2007.12.27 05:33:18.896,1.14265,1.1427,0.60,0.40
2007.12.27 05:33:19.050,1.14265,1.1427,0.60,0.40
2007.12.27 05:33:19.203,1.14265,1.14275,0.80,4.30
2007.12.27 05:33:19.357,1.14265,1.14275,0.80,4.30
2007.12.27 05:33:20.024,1.1427,1.14275,0.30,4.00
2007.12.27 05:33:20.232,1.1427,1.14275,0.30,4.00
2007.12.27 05:33:20.440,1.1427,1.14275,0.30,4.00
2007.12.27 05:33:21.133,1.1427,1.14275,0.30,4.00
2007.12.27 05:33:21.282,1.14265,1.1427,0.60,0.40
2007.12.27 05:33:22.003,1.14265,1.14275,0.80,6.70
2007.12.27 05:33:22.202,1.14265,1.14275,0.80,6.70
2007.12.27 05:33:22.400,1.14265,1.14275,0.80,0.40
2007.12.27 05:33:22.599,1.14265,1.14275,0.80,0.40
2007.12.27 05:33:22.797,1.14265,1.14275,0.80,0.40
2007.12.27 05:33:22.995,1.14265,1.14275,0.80,0.40
2007.12.27 05:33:23.294,1.14265,1.14275,0.80,0.40
2007.12.27 05:33:23.954,1.14265,1.1427,0.60,0.40
2007.12.27 05:33:24.141,1.14265,1.1427,0.60,0.40
2007.12.27 05:33:24.328,1.14265,1.1427,0.60,0.40
2007.12.27 05:33:24.663,1.14265,1.1427,0.60,0.40
2007.12.27 05:33:24.836,1.14265,1.1427,0.60,0.40
2007.12.27 05:33:25.039,1.14265,1.1427,0.60,0.40
2007.12.27 05:33:25.632,1.14255,1.1426,7.20,0.40
2007.12.27 05:33:25.877,1.14255,1.1426,6.40,0.40
2007.12.27 05:33:26.122,1.1425,1.1426,0.30,0.40
2007.12.27 05:33:26.341,1.1425,1.1426,0.30,0.40
2007.12.27 05:33:26.559,1.1425,1.1426,0.30,0.40
2007.12.27 05:33:26.826,1.1425,1.1426,0.30,0.40
2007.12.27 05:33:27.158,1.1425,1.1426,0.30,0.40
2007.12.27 05:33:32.158,1.1425,1.1426,0.30,0.40
2007.12.27 05:33:32.321,1.1425,1.1426,0.30,0.40
2007.12.27 05:33:32.994,1.1425,1.1426,0.30,0.40
2007.12.27 05:33:33.134,1.14245,1.14255,6.60,0.40
2007.12.27 05:33:33.271,1.14245,1.14255,2.60,0.40
2007.12.27 05:33:33.410,1.14245,1.14255,2.60,0.40
2007.12.27 05:33:34.146,1.14245,1.14255,0.30,0.40
2007.12.27 05:33:34.655,1.1424,1.1425,0.30,0.40
2007.12.27 05:33:34.835,1.1424,1.1425,0.30,0.40
2007.12.27 05:33:35.038,1.1424,1.1425,0.30,0.40
2007.12.27 05:33:35.216,1.1424,1.1425,0.30,0.40
2007.12.27 05:33:35.395,1.1424,1.1425,0.30,0.40
2007.12.27 05:33:35.858,1.1424,1.1425,0.30,0.40
2007.12.27 05:33:36.029,1.1424,1.1425,0.30,0.40
2007.12.27 05:33:36.213,1.1424,1.1425,0.30,0.40
2007.12.27 05:33:36.397,1.1424,1.1425,0.30,0.40
2007.12.27 05:33:36.550,1.1424,1.1425,0.30,0.40
2007.12.27 05:33:36.711,1.1424,1.1425,0.30,0.40
2007.12.27 05:33:36.865,1.1424,1.1425,0.30,0.40
2007.12.27 05:33:37.018,1.1424,1.1425,0.30,0.40
2007.12.27 05:33:38.224,1.1424,1.1425,0.30,0.40
2007.12.27 05:33:40.939,1.1424,1.1425,0.30,0.40
2007.12.27 05:33:41.087,1.1424,1.1425,0.30,0.40
2007.12.27 05:33:41.231,1.14235,1.1424,0.20,0.40
2007.12.27 05:33:41.374,1.1423,1.1424,0.30,0.40
2007.12.27 05:33:41.517,1.1423,1.1424,0.30,0.40
2007.12.27 05:33:41.960,1.1423,1.1424,0.30,0.40
2007.12.27 05:33:42.269,1.1423,1.1424,0.30,0.40
2007.12.27 05:33:42.598,1.1423,1.1424,0.30,0.40
2007.12.27 05:33:42.798,1.1423,1.1424,0.30,0.40
2007.12.27 05:33:42.976,1.1423,1.1424,0.30,0.40
2007.12.27 05:33:43.156,1.14225,1.1423,4.00,0.40
2007.12.27 05:33:43.336,1.14215,1.14225,0.30,0.40
2007.12.27 05:33:43.526,1.14215,1.14225,0.30,0.40
2007.12.27 05:33:43.704,1.14215,1.14225,0.30,0.40
2007.12.27 05:33:43.938,1.14215,1.14225,0.30,0.40
2007.12.27 05:33:44.172,1.14215,1.14225,0.30,0.40
2007.12.27 05:33:44.629,1.1422,1.1423,0.30,0.40
2007.12.27 05:33:44.769,1.1422,1.1423,0.30,0.40
2007.12.27 05:33:44.910,1.1422,1.1423,0.30,0.40
2007.12.27 05:33:45.048,1.1422,1.1423,0.30,0.40
2007.12.27 05:33:45.187,1.1422,1.1423,0.30,0.40
2007.12.27 05:33:45.338,1.1422,1.1423,0.30,0.40
2007.12.27 05:33:46.049,1.1422,1.1423,0.30,0.40
2007.12.27 05:33:46.297,1.1422,1.1423,0.30,0.40
2007.12.27 05:33:46.553,1.1422,1.1423,0.30,0.40
2007.12.27 05:33:46.802,1.14215,1.1422,2.40,0.40
2007.12.27 05:33:46.956,1.1421,1.1422,0.30,0.40
2007.12.27 05:33:47.109,1.1421,1.1422,0.30,0.40
2007.12.27 05:33:47.262,1.1421,1.1422,0.30,0.40
2007.12.27 05:33:47.415,1.1421,1.1422,0.30,0.40
2007.12.27 05:33:47.660,1.14215,1.14225,0.30,15.50
2007.12.27 05:33:47.870,1.14215,1.14225,0.30,0.40
2007.12.27 05:33:48.094,1.14215,1.14225,0.30,0.40
2007.12.27 05:33:48.318,1.14215,1.14225,0.30,0.40
2007.12.27 05:33:48.556,1.14215,1.14225,0.30,0.40
2007.12.27 05:33:49.035,1.14215,1.14225,0.30,0.40
2007.12.27 05:33:49.264,1.14215,1.14225,0.30,0.40
2007.12.27 05:33:49.492,1.14215,1.14225,0.30,0.40
2007.12.27 05:33:49.721,1.1421,1.1422,0.30,0.40
2007.12.27 05:33:49.864,1.1421,1.1422,0.30,0.40
2007.12.27 05:33:50.034,1.1421,1.1422,0.30,0.40
2007.12.27 05:33:50.262,1.1421,1.1422,0.30,0.40
2007.12.27 05:33:50.939,1.14205,1.1422,7.30,0.40
2007.12.27 05:33:50.994,1.14205,1.1422,7.30,0.40
2007.12.27 05:33:51.202,1.14215,1.14225,0.60,15.20
2007.12.27 05:33:51.411,1.1422,1.1423,0.30,0.40
2007.12.27 05:33:51.619,1.14215,1.1423,6.90,0.40
2007.12.27 05:33:51.828,1.14215,1.1423,6.90,0.40
2007.12.27 05:33:52.096,1.1422,1.1423,0.30,0.40
2007.12.27 05:33:52.480,1.1422,1.1423,0.30,0.40
2007.12.27 05:33:52.992,1.1422,1.1423,0.30,0.40
2007.12.27 05:33:54.624,1.1422,1.1423,0.30,0.40
2007.12.27 05:33:54.802,1.14215,1.1423,7.30,0.40
2007.12.27 05:33:55.969,1.14215,1.1423,7.30,0.40
2007.12.27 05:33:56.647,1.1422,1.14235,0.60,4.30
2007.12.27 05:33:56.807,1.1422,1.14235,0.60,4.30
2007.12.27 05:33:56.964,1.1422,1.14235,0.60,0.40
2007.12.27 05:33:57.167,1.14215,1.1423,7.30,0.40
2007.12.27 05:33:57.371,1.14215,1.1423,7.30,0.40
2007.12.27 05:33:57.696,1.14215,1.1423,7.30,0.40
2007.12.27 05:33:57.899,1.14215,1.1423,7.50,0.40
2007.12.27 05:33:58.103,1.1422,1.1423,0.30,0.40
2007.12.27 05:33:58.316,1.1422,1.14235,0.60,0.40
2007.12.27 05:33:58.771,1.14225,1.14235,0.30,0.40
2007.12.27 05:33:59.528,1.14225,1.14235,0.30,0.40
2007.12.27 05:33:59.763,1.14225,1.1424,2.90,1.10
2007.12.27 05:34:00.029,1.1423,1.1424,0.30,1.10
2007.12.27 05:34:00.217,1.14225,1.1424,2.90,1.10
2007.12.27 05:34:00.406,1.14225,1.1424,6.90,0.40
2007.12.27 05:34:00.595,1.1423,1.1424,0.30,0.40
2007.12.27 05:34:00.964,1.1423,1.1424,0.30,0.40
2007.12.27 05:34:01.277,1.14225,1.1424,6.90,0.40
2007.12.27 05:34:01.734,1.14225,1.1424,4.50,0.40
2007.12.27 05:34:02.004,1.14225,1.1424,4.50,0.40
2007.12.27 05:34:02.197,1.14225,1.14235,2.30,0.40
2007.12.27 05:34:02.368,1.14225,1.14235,0.70,0.40
2007.12.27 05:34:02.526,1.1422,1.14235,4.50,0.40
2007.12.27 05:34:02.720,1.1422,1.14235,4.50,0.40
2007.12.27 05:34:02.920,1.1422,1.14235,4.50,0.40
2007.12.27 05:34:03.079,1.14225,1.14235,0.30,0.40
2007.12.27 05:34:03.473,1.14225,1.14235,0.30,2.70
2007.12.27 05:34:03.713,1.1422,1.1423,0.30,0.40
2007.12.27 05:34:03.951,1.14215,1.1423,4.90,0.40
2007.12.27 05:34:04.191,1.1422,1.1423,0.30,0.40
2007.12.27 05:34:04.429,1.1422,1.1423,0.30,0.40
2007.12.27 05:34:04.661,1.1422,1.14235,0.60,6.70
2007.12.27 05:34:04.835,1.14225,1.14235,0.30,0.40
2007.12.27 05:34:05.426,1.14225,1.14235,0.30,0.40
2007.12.27 05:34:05.738,1.1422,1.14235,0.60,0.40
2007.12.27 05:34:06.055,1.14225,1.14235,0.30,0.40
2007.12.27 05:34:06.259,1.1422,1.14235,0.60,0.40
2007.12.27 05:34:06.458,1.14225,1.14235,0.30,0.40
2007.12.27 05:34:06.723,1.1422,1.1423,0.30,0.40
2007.12.27 05:34:06.965,1.1422,1.1423,0.30,0.40
2007.12.27 05:34:07.222,1.1422,1.1423,0.30,0.40
2007.12.27 05:34:07.475,1.1422,1.1423,0.30,0.40
2007.12.27 05:34:08.091,1.14215,1.1423,7.30,0.40
2007.12.27 05:34:08.935,1.1422,1.1423,0.30,0.40
2007.12.27 05:34:10.008,1.14215,1.1423,7.30,0.40
2007.12.27 05:34:10.132,1.14215,1.1423,7.30,0.40
2007.12.27 05:34:12.142,1.1422,1.1423,0.30,0.40
2007.12.27 05:34:12.975,1.14215,1.1423,7.30,0.40
2007.12.27 05:34:13.158,1.1422,1.1423,0.30,0.40
2007.12.27 05:34:14.037,1.1422,1.1423,0.30,0.40
2007.12.27 05:34:14.324,1.1422,1.1423,0.30,0.40
2007.12.27 05:34:15.025,1.14215,1.1423,7.30,0.40
2007.12.27 05:34:15.239,1.1422,1.1423,0.30,0.40
2007.12.27 05:34:15.566,1.1422,1.1423,0.30,0.40
2007.12.27 05:34:16.227,1.1422,1.1423,0.30,0.40
2007.12.27 05:34:16.787,1.1422,1.1423,0.30,0.40
2007.12.27 05:34:16.995,1.1422,1.1423,0.30,0.40
2007.12.27 05:34:17.078,1.1422,1.1423,0.30,0.40
2007.12.27 05:34:18.973,1.1422,1.1424,0.60,9.50
2007.12.27 05:34:19.116,1.1422,1.1424,0.60,9.10
2007.12.27 05:34:19.259,1.14225,1.14235,0.50,0.60
2007.12.27 05:34:19.402,1.14225,1.14235,0.80,0.40
2007.12.27 05:34:19.545,1.1422,1.14245,6.90,12.80
2007.12.27 05:34:19.689,1.1423,1.1425,0.60,9.90
2007.12.27 05:34:19.929,1.14235,1.14245,0.30,0.40
2007.12.27 05:34:20.158,1.14235,1.1425,0.30,1.20
2007.12.27 05:34:20.386,1.14235,1.1425,0.30,1.20
2007.12.27 05:34:20.615,1.14235,1.1425,0.30,1.20
2007.12.27 05:34:20.788,1.14235,1.1425,0.30,1.20
2007.12.27 05:34:21.994,1.1423,1.1424,0.30,0.40
2007.12.27 05:34:22.190,1.1423,1.1424,0.30,0.40
2007.12.27 05:34:22.304,1.1423,1.14245,0.30,3.20
2007.12.27 05:34:22.760,1.1423,1.1424,0.30,0.40
2007.12.27 05:34:23.079,1.1423,1.14245,0.30,11.20
2007.12.27 05:34:23.903,1.1423,1.14245,0.30,11.20
2007.12.27 05:34:25.959,1.1423,1.1424,0.30,0.40
2007.12.27 05:34:26.091,1.1423,1.14245,0.30,11.20
2007.12.27 05:34:26.225,1.14225,1.14235,4.20,0.40
2007.12.27 05:34:26.359,1.14225,1.14235,0.30,0.40
2007.12.27 05:34:26.555,1.14225,1.14245,0.30,15.20
2007.12.27 05:34:26.771,1.14225,1.14235,0.30,0.40
2007.12.27 05:34:26.904,1.14225,1.1424,0.30,1.20
2007.12.27 05:34:27.177,1.14225,1.1424,0.30,1.20
2007.12.27 05:34:27.464,1.14225,1.14245,0.30,15.20
2007.12.27 05:34:28.003,1.14225,1.14245,0.30,15.20
2007.12.27 05:34:28.276,1.14225,1.14235,0.30,0.40
2007.12.27 05:34:28.415,1.14225,1.14235,0.30,0.40
2007.12.27 05:34:28.979,1.14225,1.14235,0.30,0.40
2007.12.27 05:34:29.553,1.1423,1.1424,0.30,0.60
2007.12.27 05:34:29.726,1.1423,1.14245,0.30,15.90
2007.12.27 05:34:29.900,1.1423,1.1424,0.30,0.40
2007.12.27 05:34:30.121,1.1423,1.1424,0.30,0.40
2007.12.27 05:34:30.317,1.1423,1.14245,0.30,11.20
2007.12.27 05:34:30.630,1.1423,1.14245,0.30,11.20
2007.12.27 05:34:31.062,1.1423,1.1424,0.30,0.40
2007.12.27 05:34:31.246,1.14225,1.1423,4.00,0.40
2007.12.27 05:34:31.404,1.1422,1.14235,0.30,4.40
2007.12.27 05:34:31.562,1.1422,1.14235,0.30,4.40
2007.12.27 05:34:32.014,1.1422,1.14235,0.30,4.40
2007.12.27 05:34:32.174,1.14225,1.14235,0.30,0.80
2007.12.27 05:34:32.368,1.14225,1.14235,0.30,0.40
2007.12.27 05:34:32.997,1.14225,1.14235,0.30,0.40
2007.12.27 05:34:33.502,1.14225,1.1424,0.30,1.20
2007.12.27 05:34:35.061,1.14225,1.14235,0.30,0.40
2007.12.27 05:34:35.235,1.1422,1.1423,0.30,0.40
2007.12.27 05:34:35.378,1.1422,1.1424,0.30,1.20
2007.12.27 05:34:35.708,1.1422,1.1423,0.30,0.40
2007.12.27 05:34:35.852,1.1422,1.1423,0.30,0.40
2007.12.27 05:34:36.959,1.1422,1.14235,0.30,4.40
2007.12.27 05:34:37.153,1.1422,1.1423,0.30,0.40
2007.12.27 05:34:37.346,1.1422,1.14235,0.30,4.40
2007.12.27 05:34:39.910,1.1422,1.1423,0.30,0.40
2007.12.27 05:34:40.109,1.1422,1.1423,0.30,0.40
2007.12.27 05:34:42.024,1.14225,1.1424,0.30,9.10
2007.12.27 05:34:42.128,1.14225,1.1424,0.30,9.10
2007.12.27 05:34:42.247,1.14225,1.1424,0.30,5.20
2007.12.27 05:34:42.365,1.14225,1.1424,0.30,1.20
2007.12.27 05:34:42.594,1.14225,1.1424,0.30,1.20
2007.12.27 05:34:42.976,1.14225,1.14235,0.30,0.40
2007.12.27 05:34:43.204,1.14225,1.1424,0.30,1.20
2007.12.27 05:34:43.563,1.1423,1.1424,0.30,0.60
2007.12.27 05:34:43.726,1.1423,1.14245,0.30,14.30
2007.12.27 05:34:43.889,1.1423,1.14245,0.30,8.80
2007.12.27 05:34:44.252,1.1423,1.14245,0.30,8.80
2007.12.27 05:34:44.416,1.1423,1.1424,0.30,0.40
2007.12.27 05:34:44.798,1.1423,1.14245,0.30,11.20
2007.12.27 05:34:45.022,1.1423,1.1424,0.30,0.50
2007.12.27 05:34:45.235,1.14225,1.14235,0.30,0.40
2007.12.27 05:34:45.449,1.14225,1.14235,0.30,0.40
2007.12.27 05:34:46.060,1.14225,1.14235,0.30,0.40
2007.12.27 05:34:46.271,1.14225,1.14235,0.30,0.40
2007.12.27 05:34:47.260,1.14225,1.14235,0.30,0.40
2007.12.27 05:34:47.403,1.14225,1.14235,2.60,0.40
2007.12.27 05:34:47.624,1.1423,1.1424,0.30,0.40
2007.12.27 05:34:47.817,1.1423,1.1424,0.30,0.40
2007.12.27 05:34:48.283,1.1423,1.1424,0.30,0.40
2007.12.27 05:34:48.485,1.1423,1.1424,0.30,0.40
2007.12.27 05:34:50.941,1.1423,1.1424,0.30,0.40
2007.12.27 05:34:53.270,1.1423,1.1424,0.30,0.40
2007.12.27 05:34:53.904,1.1423,1.1424,0.30,0.40
2007.12.27 05:34:54.087,1.1423,1.1424,0.30,0.40
2007.12.27 05:34:55.006,1.1423,1.1424,0.30,0.40
2007.12.27 05:34:58.896,1.1423,1.1424,0.30,0.40
2007.12.27 05:35:04.001,1.1423,1.1424,0.30,0.40
2007.12.27 05:35:06.726,1.1423,1.1424,0.30,0.40
2007.12.27 05:35:06.866,1.1423,1.1424,0.30,0.40
2007.12.27 05:35:08.919,1.1423,1.1424,0.30,0.40
2007.12.27 05:35:10.133,1.14225,1.14235,7.00,0.40
2007.12.27 05:35:10.303,1.14225,1.14235,2.60,0.40
2007.12.27 05:35:10.475,1.14225,1.14235,0.30,0.40
2007.12.27 05:35:10.645,1.14225,1.14235,0.30,0.40
2007.12.27 05:35:10.812,1.14225,1.14235,0.30,0.40
2007.12.27 05:35:11.075,1.14225,1.14235,0.30,0.40
2007.12.27 05:35:11.319,1.14225,1.14235,0.30,0.40
2007.12.27 05:35:13.168,1.1423,1.1424,0.30,1.10
2007.12.27 05:35:13.337,1.1423,1.1424,0.30,0.40
2007.12.27 05:35:13.505,1.1423,1.1424,0.30,0.40
2007.12.27 05:35:13.734,1.1423,1.1424,0.30,0.40
2007.12.27 05:35:14.121,1.1423,1.1424,0.30,0.40
2007.12.27 05:35:15.044,1.1423,1.1424,0.30,0.40
2007.12.27 05:35:15.116,1.1423,1.1424,0.30,0.40
2007.12.27 05:35:16.585,1.14225,1.14235,2.80,0.40
2007.12.27 05:35:16.780,1.1422,1.14235,4.50,0.40
2007.12.27 05:35:16.969,1.1422,1.14235,0.60,0.40
2007.12.27 05:35:17.158,1.1422,1.14235,0.60,0.40
2007.12.27 05:35:17.347,1.14225,1.14235,0.30,0.40
2007.12.27 05:35:17.610,1.14225,1.14235,0.30,0.40
2007.12.27 05:35:21.967,1.1422,1.1424,0.60,1.10
2007.12.27 05:35:27.664,1.1422,1.1424,0.60,1.10
2007.12.27 05:35:27.837,1.14225,1.14245,2.90,4.30
2007.12.27 05:35:28.117,1.14225,1.14245,3.30,4.30
2007.12.27 05:35:28.290,1.14225,1.14245,7.30,4.30
2007.12.27 05:35:28.998,1.1423,1.14245,0.30,4.30
2007.12.27 05:35:29.442,1.14225,1.14245,4.90,6.70
2007.12.27 05:35:29.645,1.1423,1.1424,0.30,0.40
2007.12.27 05:35:29.850,1.14215,1.1423,7.30,0.40
2007.12.27 05:35:30.038,1.1422,1.1423,0.30,0.40
2007.12.27 05:35:30.211,1.1422,1.14235,0.60,4.30
2007.12.27 05:35:30.398,1.14225,1.14235,0.30,4.30
2007.12.27 05:35:30.571,1.1422,1.14235,0.60,4.30
2007.12.27 05:35:30.744,1.1422,1.14235,0.60,0.40
2007.12.27 05:35:31.048,1.1422,1.14235,0.60,0.40
2007.12.27 05:35:32.559,1.1423,1.1424,0.30,1.10
2007.12.27 05:35:32.708,1.14225,1.1424,2.90,0.40
2007.12.27 05:35:32.856,1.14225,1.1424,2.90,0.40
2007.12.27 05:35:33.147,1.14225,1.1424,6.90,0.40
2007.12.27 05:35:33.300,1.1423,1.1424,0.30,0.40
2007.12.27 05:35:34.021,1.14225,1.1424,6.90,0.40
2007.12.27 05:35:34.233,1.1423,1.1424,0.30,0.40
2007.12.27 05:35:35.029,1.14225,1.1424,6.90,0.40
2007.12.27 05:35:35.142,1.1422,1.14235,6.90,0.40
2007.12.27 05:35:35.257,1.14225,1.1423,1.30,0.40
2007.12.27 05:35:35.370,1.1422,1.1423,0.30,0.40
2007.12.27 05:35:35.484,1.14215,1.1423,7.30,0.40
2007.12.27 05:35:35.627,1.1422,1.1423,0.30,0.40
2007.12.27 05:35:36.003,1.1422,1.1423,0.30,0.40
2007.12.27 05:35:36.286,1.14215,1.1423,7.30,0.40
2007.12.27 05:35:36.628,1.14215,1.1423,7.30,0.40
2007.12.27 05:35:36.953,1.14215,1.1423,7.30,0.40
2007.12.27 05:35:37.263,1.14215,1.1423,11.30,0.40
2007.12.27 05:35:39.097,1.14215,1.1423,11.30,0.40
2007.12.27 05:35:40.166,1.1422,1.1423,0.30,0.40
2007.12.27 05:35:46.755,1.1422,1.14235,0.30,4.40
2007.12.27 05:35:47.275,1.1422,1.14235,0.30,4.40
2007.12.27 05:35:47.963,1.1422,1.1423,0.30,0.40
2007.12.27 05:35:48.131,1.1422,1.14235,0.30,7.60
2007.12.27 05:35:48.325,1.1422,1.1423,0.30,4.40
2007.12.27 05:35:48.520,1.1422,1.1423,0.30,10.00
2007.12.27 05:35:48.871,1.1422,1.1423,0.30,10.00
2007.12.27 05:35:49.064,1.1422,1.14225,0.30,0.60
2007.12.27 05:35:49.256,1.1422,1.1423,0.30,10.40
2007.12.27 05:35:49.455,1.1422,1.14225,0.30,0.90
2007.12.27 05:35:49.653,1.1422,1.1423,0.30,10.40
2007.12.27 05:35:52.225,1.1422,1.14225,0.30,0.50
2007.12.27 05:35:53.636,1.1421,1.14225,0.30,12.80
2007.12.27 05:35:53.806,1.1421,1.14225,0.30,12.40
2007.12.27 05:35:53.974,1.1421,1.14225,0.30,8.40
2007.12.27 05:35:54.141,1.1421,1.14225,0.30,8.40
2007.12.27 05:35:54.310,1.1421,1.1422,0.30,0.40
2007.12.27 05:35:54.575,1.14205,1.14225,0.60,4.40
2007.12.27 05:35:54.774,1.14205,1.14215,0.30,0.40
2007.12.27 05:35:54.972,1.14205,1.14225,0.30,12.80
2007.12.27 05:35:55.259,1.14205,1.14215,0.30,0.40
2007.12.27 05:35:55.500,1.14205,1.1422,0.30,0.40
2007.12.27 05:35:55.934,1.14205,1.14225,0.30,12.80
2007.12.27 05:35:57.578,1.142,1.14215,0.30,0.40
2007.12.27 05:35:57.725,1.142,1.14215,0.30,0.60
2007.12.27 05:35:57.874,1.142,1.14225,0.30,17.60
2007.12.27 05:35:58.027,1.142,1.14225,0.30,17.60
2007.12.27 05:35:58.176,1.14195,1.14215,0.50,1.20
2007.12.27 05:35:58.325,1.14195,1.14215,0.50,2.10
2007.12.27 05:35:58.568,1.14195,1.1421,0.50,0.40
2007.12.27 05:35:58.813,1.14195,1.14215,0.20,8.90
2007.12.27 05:35:59.056,1.14195,1.14215,0.20,8.90
2007.12.27 05:35:59.300,1.14195,1.14205,0.20,0.40
2007.12.27 05:35:59.982,1.14195,1.14215,0.20,12.90
2007.12.27 05:36:00.608,1.142,1.14225,0.30,43.70
2007.12.27 05:36:00.765,1.142,1.14215,0.30,0.80
2007.12.27 05:36:00.894,1.142,1.14225,0.30,34.80
2007.12.27 05:36:01.038,1.142,1.14215,0.30,0.50
2007.12.27 05:36:01.211,1.142,1.14215,0.30,0.80
2007.12.27 05:36:01.508,1.142,1.14225,0.30,34.80
2007.12.27 05:36:01.725,1.142,1.14215,0.30,0.60
2007.12.27 05:36:02.025,1.142,1.14215,0.30,0.70
2007.12.27 05:36:03.260,1.142,1.14215,0.30,0.50
2007.12.27 05:36:03.557,1.142,1.14225,0.30,34.80
2007.12.27 05:36:05.991,1.14195,1.1421,13.20,0.40
2007.12.27 05:36:06.124,1.14195,1.14215,13.20,6.40
2007.12.27 05:36:06.258,1.14195,1.14215,10.80,8.80
2007.12.27 05:36:06.404,1.14195,1.1421,10.80,0.40
2007.12.27 05:36:06.538,1.14195,1.1421,0.50,0.40
2007.12.27 05:36:06.740,1.14195,1.14215,0.50,12.80
2007.12.27 05:36:09.229,1.14195,1.1421,0.50,0.40
2007.12.27 05:36:14.082,1.14195,1.14215,0.80,12.70
2007.12.27 05:36:14.234,1.142,1.14215,0.30,10.30
2007.12.27 05:36:14.388,1.14195,1.14215,11.10,6.30
2007.12.27 05:36:14.554,1.14195,1.14215,11.10,6.30
2007.12.27 05:36:14.732,1.142,1.14215,0.30,6.30
2007.12.27 05:36:14.967,1.142,1.14215,0.30,6.30
2007.12.27 05:36:22.643,1.14195,1.14215,11.10,6.30
2007.12.27 05:36:22.816,1.1419,1.1421,0.80,0.40
2007.12.27 05:36:22.960,1.1419,1.1421,0.80,0.40
2007.12.27 05:36:23.538,1.1419,1.1421,0.80,0.40
2007.12.27 05:36:24.988,1.142,1.14215,0.30,12.70
2007.12.27 05:36:25.261,1.14195,1.14215,8.70,12.70
2007.12.27 05:36:25.363,1.142,1.14215,0.30,12.70
2007.12.27 05:36:25.475,1.14195,1.14215,8.70,8.70
2007.12.27 05:36:25.761,1.14195,1.14215,12.70,8.70
2007.12.27 05:36:26.163,1.14195,1.14215,15.10,6.30
2007.12.27 05:36:26.431,1.14195,1.14215,12.70,6.30
2007.12.27 05:36:26.700,1.14195,1.1421,0.50,0.40
2007.12.27 05:36:26.968,1.1419,1.1421,0.80,0.40
2007.12.27 05:36:27.095,1.1419,1.1421,0.80,0.40
2007.12.27 05:36:27.224,1.1419,1.1421,0.80,0.40
2007.12.27 05:36:28.641,1.14195,1.1421,0.50,0.40
2007.12.27 05:36:34.753,1.1419,1.1421,0.80,0.40
2007.12.27 05:36:35.002,1.14195,1.1421,0.50,0.40
2007.12.27 05:36:35.292,1.1419,1.1421,0.80,0.40
2007.12.27 05:36:36.215,1.14195,1.1421,0.50,0.40
2007.12.27 05:36:37.758,1.14195,1.1421,0.50,0.40
2007.12.27 05:36:43.209,1.14195,1.1421,0.50,0.40
2007.12.27 05:36:45.322,1.14195,1.14205,0.50,0.40
2007.12.27 05:36:48.949,1.14195,1.142,0.20,0.40
2007.12.27 05:36:49.107,1.14195,1.142,0.20,0.40
2007.12.27 05:36:49.266,1.14195,1.142,0.20,0.40
2007.12.27 05:36:49.425,1.14195,1.142,0.20,0.40
2007.12.27 05:36:49.943,1.14195,1.142,0.20,0.40
2007.12.27 05:36:50.152,1.14195,1.14205,0.50,0.40
2007.12.27 05:36:50.361,1.14195,1.14205,0.50,0.40
2007.12.27 05:36:56.170,1.14195,1.14205,0.50,0.40
2007.12.27 05:36:56.289,1.14195,1.14205,0.50,0.40
2007.12.27 05:36:58.223,1.14195,1.14205,0.50,0.40
2007.12.27 05:37:01.334,1.14195,1.14215,0.50,8.80
2007.12.27 05:37:02.359,1.14195,1.14215,0.50,8.80
2007.12.27 05:37:04.628,1.142,1.14225,0.30,24.50
2007.12.27 05:37:04.751,1.142,1.14215,0.30,0.80
2007.12.27 05:37:04.874,1.142,1.14215,0.30,0.90
2007.12.27 05:37:05.073,1.142,1.14215,0.30,0.90
2007.12.27 05:37:05.272,1.142,1.14215,0.30,0.90
2007.12.27 05:37:05.471,1.142,1.14225,0.30,33.10
2007.12.27 05:37:05.669,1.142,1.14215,0.30,0.70
2007.12.27 05:37:05.881,1.142,1.14225,0.30,33.10
2007.12.27 05:37:07.754,1.142,1.14225,0.30,32.10
2007.12.27 05:37:07.893,1.142,1.14225,0.30,31.30
2007.12.27 05:37:09.219,1.142,1.14225,0.30,32.30
2007.12.27 05:37:09.387,1.142,1.14215,0.30,0.60
2007.12.27 05:37:15.635,1.142,1.14225,0.30,32.70
2007.12.27 05:37:15.758,1.142,1.14225,0.30,32.70
2007.12.27 05:37:16.262,1.142,1.14225,0.30,30.40
2007.12.27 05:37:16.443,1.142,1.14225,0.30,29.60
2007.12.27 05:37:16.610,1.142,1.14225,0.30,28.80
2007.12.27 05:37:16.980,1.142,1.14225,0.30,28.80
2007.12.27 05:37:17.149,1.142,1.14225,0.30,26.40
2007.12.27 05:37:17.619,1.14205,1.14225,2.40,23.90
2007.12.27 05:37:17.829,1.14205,1.14225,6.40,17.60
2007.12.27 05:37:18.051,1.1421,1.14225,0.30,0.80
2007.12.27 05:37:18.261,1.1421,1.14235,0.30,22.80
2007.12.27 05:37:18.468,1.1421,1.14235,0.30,22.80
2007.12.27 05:37:18.941,1.1421,1.14235,0.30,22.80
2007.12.27 05:37:19.135,1.1421,1.14225,0.30,0.70
2007.12.27 05:37:19.328,1.1421,1.14215,0.30,0.60
2007.12.27 05:37:19.521,1.1421,1.14215,0.30,0.70
2007.12.27 05:37:19.696,1.142,1.14225,0.30,16.00
2007.12.27 05:37:19.865,1.142,1.14215,0.30,0.70
2007.12.27 05:37:20.238,1.142,1.14225,0.30,28.80
2007.12.27 05:37:20.368,1.14195,1.14225,15.50,33.10
2007.12.27 05:37:20.965,1.14195,1.14225,15.50,28.80
2007.12.27 05:37:21.272,1.14195,1.14225,15.50,28.80
2007.12.27 05:37:22.162,1.14195,1.14225,13.10,28.80
2007.12.27 05:37:28.513,1.14195,1.14225,13.10,28.80
2007.12.27 05:38:32.200,1.14185,1.14225,4.00,0.80
2007.12.27 05:38:32.340,1.142,1.1421,0.20,2.80
2007.12.27 05:38:32.508,1.142,1.1421,0.20,2.80
2007.12.27 05:38:32.672,1.14195,1.1421,8.40,0.40
2007.12.27 05:38:32.836,1.14195,1.1421,0.50,0.40
2007.12.27 05:38:33.019,1.14195,1.1421,0.50,0.40
2007.12.27 05:38:33.316,1.14195,1.1421,0.50,0.40
2007.12.27 05:38:33.479,1.14195,1.1421,0.50,0.40
2007.12.27 05:38:33.794,1.14195,1.1421,2.80,0.40
2007.12.27 05:38:33.992,1.14195,1.1421,2.80,0.40
2007.12.27 05:38:34.191,1.142,1.14215,0.30,8.70
2007.12.27 05:38:34.389,1.142,1.14215,0.30,4.70
2007.12.27 05:38:34.624,1.142,1.14215,0.30,7.10
2007.12.27 05:38:34.782,1.14195,1.1421,0.50,0.40
2007.12.27 05:38:34.941,1.14195,1.14205,0.20,0.40
2007.12.27 05:38:35.099,1.14195,1.14205,0.20,0.40
2007.12.27 05:38:35.258,1.14195,1.14205,0.20,0.40
2007.12.27 05:38:35.464,1.14195,1.14205,0.20,0.40
2007.12.27 05:38:35.687,1.14195,1.14205,0.20,4.30
2007.12.27 05:38:35.970,1.14195,1.14205,0.20,4.30
2007.12.27 05:38:42.903,1.14195,1.14205,0.20,4.30
2007.12.27 05:38:43.200,1.14195,1.14205,0.20,4.30
2007.12.27 05:38:43.343,1.14195,1.14205,0.20,4.70
2007.12.27 05:38:43.509,1.14195,1.14205,0.20,4.70
2007.12.27 05:38:43.669,1.14195,1.14205,0.20,7.10
2007.12.27 05:38:43.880,1.14195,1.14205,0.20,7.10
2007.12.27 05:38:44.434,1.14195,1.14205,0.20,7.10
2007.12.27 05:38:44.963,1.14195,1.14205,0.20,7.10
2007.12.27 05:38:45.946,1.14195,1.14205,0.20,7.10
2007.12.27 05:38:47.598,1.14185,1.14195,4.90,0.40
2007.12.27 05:38:47.765,1.14185,1.14195,0.90,4.30
2007.12.27 05:38:47.923,1.1418,1.14195,0.30,4.30
2007.12.27 05:38:48.082,1.1418,1.14195,0.30,4.30
2007.12.27 05:38:48.255,1.1418,1.14195,0.30,4.30
2007.12.27 05:38:48.508,1.1418,1.14195,0.30,4.30
2007.12.27 05:38:48.913,1.1418,1.14195,0.30,4.30
2007.12.27 05:38:52.055,1.1418,1.14195,0.30,4.30
2007.12.27 05:38:52.193,1.1418,1.14195,0.30,6.70
2007.12.27 05:38:52.332,1.1418,1.14195,0.30,6.70
2007.12.27 05:38:52.475,1.1418,1.14195,0.30,6.70
2007.12.27 05:38:52.686,1.1418,1.14195,0.30,6.70
2007.12.27 05:38:52.993,1.1418,1.14195,0.30,6.70
2007.12.27 05:38:53.192,1.1418,1.14195,0.30,6.70
2007.12.27 05:38:55.408,1.1418,1.14195,0.30,6.70
2007.12.27 05:38:56.647,1.1418,1.14195,0.30,4.30
2007.12.27 05:39:01.730,1.1418,1.14195,0.30,4.70
2007.12.27 05:39:01.883,1.1418,1.14195,0.30,4.70
2007.12.27 05:39:06.071,1.1418,1.14195,0.30,4.70
2007.12.27 05:39:11.698,1.1418,1.14195,0.30,7.10
2007.12.27 05:39:11.861,1.1418,1.14195,0.30,7.10
2007.12.27 05:39:12.025,1.1418,1.14195,0.30,7.10
2007.12.27 05:39:12.188,1.14175,1.14185,12.80,0.40
2007.12.27 05:39:12.356,1.14175,1.14185,4.80,0.40
2007.12.27 05:39:12.524,1.14175,1.14185,4.80,0.40
2007.12.27 05:39:12.693,1.14175,1.14185,0.80,4.30
2007.12.27 05:39:12.861,1.14175,1.14185,0.50,4.30
2007.12.27 05:39:13.030,1.14175,1.14185,0.50,4.30
2007.12.27 05:39:13.198,1.14175,1.14185,0.80,4.30
2007.12.27 05:39:13.417,1.14175,1.14185,0.50,4.30
2007.12.27 05:39:14.017,1.14175,1.14185,0.50,4.30
2007.12.27 05:39:18.906,1.14175,1.14185,0.50,4.30
2007.12.27 05:39:19.070,1.14175,1.14185,0.50,4.30
2007.12.27 05:39:21.051,1.14175,1.14185,0.50,4.30
2007.12.27 05:39:21.866,1.14175,1.14185,0.50,4.30
2007.12.27 05:39:22.351,1.14175,1.14185,0.50,4.30
2007.12.27 05:39:22.973,1.14175,1.14185,0.50,4.30
2007.12.27 05:39:27.996,1.14175,1.14185,0.50,4.30
2007.12.27 05:39:28.213,1.14175,1.14185,0.50,4.30
2007.12.27 05:39:28.351,1.14175,1.14185,0.50,4.70
2007.12.27 05:39:28.490,1.14175,1.14185,0.50,4.70
2007.12.27 05:39:28.692,1.14175,1.14185,0.50,4.70
2007.12.27 05:39:28.991,1.14175,1.14185,0.50,4.70
2007.12.27 05:39:29.212,1.14175,1.14185,0.50,4.70
2007.12.27 05:39:29.665,1.14175,1.14185,0.50,4.70
2007.12.27 05:39:30.568,1.1416,1.14175,6.70,0.40
2007.12.27 05:39:30.826,1.14155,1.14175,15.30,4.30
2007.12.27 05:39:30.945,1.14155,1.14175,15.30,4.30
2007.12.27 05:39:31.054,1.14155,1.14175,15.80,4.30
2007.12.27 05:39:31.226,1.1416,1.14175,0.30,4.30
2007.12.27 05:39:31.335,1.14155,1.14175,15.30,4.30
2007.12.27 05:39:31.795,1.14155,1.14175,15.30,4.30
2007.12.27 05:39:32.068,1.14165,1.14175,0.30,4.00
2007.12.27 05:39:32.342,1.14165,1.14185,6.90,4.70
2007.12.27 05:39:32.616,1.14165,1.14185,6.90,4.70
2007.12.27 05:39:32.904,1.14165,1.14185,7.10,0.40
2007.12.27 05:39:33.050,1.1418,1.14195,0.30,4.30
2007.12.27 05:39:33.222,1.14175,1.14185,0.60,3.20
2007.12.27 05:39:33.368,1.14175,1.14185,0.60,9.60
2007.12.27 05:39:33.539,1.14175,1.14185,0.60,10.40
2007.12.27 05:39:33.954,1.1418,1.14185,0.30,10.40
2007.12.27 05:39:34.283,1.1418,1.14185,0.30,12.00
2007.12.27 05:39:34.612,1.14175,1.14185,0.60,11.70
2007.12.27 05:39:35.006,1.14175,1.14185,0.60,11.70
2007.12.27 05:39:35.214,1.14175,1.14185,0.60,11.70
2007.12.27 05:39:38.664,1.1417,1.14185,0.30,12.10
2007.12.27 05:39:38.813,1.14165,1.14185,0.60,9.50
2007.12.27 05:39:39.001,1.14165,1.14185,6.90,4.70
2007.12.27 05:39:39.190,1.14165,1.14185,6.90,5.50
2007.12.27 05:39:39.378,1.14165,1.14185,6.90,6.30
2007.12.27 05:39:39.579,1.1417,1.14185,0.30,6.30
2007.12.27 05:39:39.928,1.14165,1.14185,6.90,6.30
2007.12.27 05:39:40.162,1.14165,1.1418,3.40,0.40
2007.12.27 05:39:40.396,1.1416,1.14175,0.60,4.00
2007.12.27 05:39:40.630,1.1416,1.14175,0.60,4.00
2007.12.27 05:39:40.863,1.1416,1.14175,0.30,4.30
2007.12.27 05:39:41.052,1.14155,1.14175,16.10,4.30
2007.12.27 05:39:41.241,1.14165,1.14185,4.50,7.90
2007.12.27 05:39:41.430,1.14165,1.14185,6.90,5.50
2007.12.27 05:39:41.618,1.1417,1.14185,0.30,5.50
2007.12.27 05:39:42.061,1.1417,1.14185,0.30,4.70
2007.12.27 05:39:42.973,1.1417,1.14185,0.30,4.70
2007.12.27 05:39:43.175,1.1417,1.14185,0.30,4.70
2007.12.27 05:39:45.217,1.14165,1.14185,6.90,4.70
2007.12.27 05:39:45.425,1.1417,1.14185,0.30,4.70
2007.12.27 05:39:46.246,1.14165,1.14185,6.90,4.70
2007.12.27 05:39:46.826,1.1417,1.14185,0.30,4.70
2007.12.27 05:39:47.004,1.14165,1.14185,6.90,4.70
2007.12.27 05:39:48.771,1.1417,1.14185,0.30,4.70
2007.12.27 05:39:49.489,1.14165,1.14185,6.90,4.70
2007.12.27 05:39:53.254,1.14165,1.14185,6.90,4.70
2007.12.27 05:39:55.100,1.14165,1.14185,6.90,4.70
2007.12.27 05:39:55.244,1.14165,1.14185,6.90,4.70
2007.12.27 05:39:56.028,1.1417,1.14185,0.30,4.70
2007.12.27 05:39:57.441,1.1417,1.14185,0.30,4.70
2007.12.27 05:39:58.063,1.1417,1.14185,0.30,4.70
2007.12.27 05:39:58.479,1.1417,1.14185,0.30,4.70
2007.12.27 05:40:00.188,1.1417,1.14185,0.30,4.70
2007.12.27 05:40:07.409,1.1417,1.14185,0.30,4.70
2007.12.27 05:40:08.122,1.1417,1.14185,0.30,4.30
2007.12.27 05:40:08.281,1.1417,1.14185,0.30,4.30
2007.12.27 05:40:09.062,1.1417,1.14185,0.30,4.30
2007.12.27 05:40:10.092,1.1417,1.14185,0.30,4.30
2007.12.27 05:40:10.250,1.14175,1.1419,0.30,0.40
2007.12.27 05:40:10.378,1.14175,1.1419,0.30,0.40
2007.12.27 05:40:10.522,1.14175,1.1419,0.30,0.40
2007.12.27 05:40:11.014,1.14175,1.1419,0.30,0.40
2007.12.27 05:40:11.222,1.1418,1.14195,0.30,11.10
2007.12.27 05:40:11.429,1.1418,1.14195,0.30,7.10
2007.12.27 05:40:11.638,1.1418,1.14195,0.30,7.10
2007.12.27 05:40:11.845,1.1418,1.14195,0.30,7.10
2007.12.27 05:40:13.013,1.1418,1.14195,0.30,7.10
2007.12.27 05:40:13.178,1.1418,1.14195,0.30,7.10
2007.12.27 05:40:13.341,1.1418,1.14195,0.30,0.40
2007.12.27 05:40:13.505,1.1418,1.14195,0.30,0.40
2007.12.27 05:40:13.986,1.1418,1.14195,0.30,0.40
2007.12.27 05:40:14.811,1.1418,1.14195,0.30,0.40
2007.12.27 05:40:15.007,1.14185,1.142,0.30,1.10
2007.12.27 05:40:15.126,1.1418,1.14195,0.30,0.40
2007.12.27 05:40:15.244,1.1418,1.14195,0.30,2.70
2007.12.27 05:40:15.363,1.1418,1.14195,0.30,2.70
2007.12.27 05:40:15.519,1.1418,1.14195,0.30,2.70
2007.12.27 05:40:15.659,1.1418,1.14195,0.30,2.70
2007.12.27 05:40:15.777,1.1418,1.14195,0.30,6.70
2007.12.27 05:40:15.925,1.1418,1.14195,0.30,6.70
2007.12.27 05:40:16.137,1.1418,1.14195,0.30,7.10
2007.12.27 05:40:16.420,1.1418,1.14195,0.30,7.10
2007.12.27 05:40:16.703,1.1418,1.14195,0.30,7.10
2007.12.27 05:40:19.958,1.1418,1.14195,0.30,7.10
2007.12.27 05:40:20.082,1.14175,1.1419,12.20,0.40
2007.12.27 05:40:20.206,1.14175,1.1419,0.30,0.40
2007.12.27 05:40:20.399,1.14175,1.1419,0.30,0.40
2007.12.27 05:40:27.547,1.14175,1.1419,0.30,0.40
2007.12.27 05:40:30.788,1.14175,1.1419,0.30,0.40
2007.12.27 05:40:32.622,1.14175,1.14195,0.30,11.20
2007.12.27 05:40:32.770,1.14175,1.1419,0.30,1.20
2007.12.27 05:40:32.919,1.14175,1.1419,0.30,1.20
2007.12.27 05:40:33.066,1.14175,1.1419,0.30,8.00
2007.12.27 05:40:33.226,1.14175,1.1419,0.30,12.10
2007.12.27 05:40:33.376,1.14175,1.1419,0.30,14.50
2007.12.27 05:40:33.524,1.14175,1.1419,0.30,14.50
2007.12.27 05:40:33.788,1.14175,1.14185,0.30,0.90
2007.12.27 05:40:34.051,1.14175,1.14185,0.30,0.90
2007.12.27 05:40:34.315,1.14165,1.1418,0.30,4.40
2007.12.27 05:40:34.579,1.14165,1.1418,0.30,4.40
2007.12.27 05:40:34.708,1.14165,1.14175,0.30,0.90
2007.12.27 05:40:34.837,1.14165,1.1418,0.30,4.90
2007.12.27 05:40:34.992,1.14165,1.1418,0.30,4.90
2007.12.27 05:40:35.120,1.14165,1.14175,0.30,0.70
2007.12.27 05:40:35.249,1.14165,1.1418,0.30,8.10
2007.12.27 05:40:35.377,1.14165,1.14175,0.30,0.80
2007.12.27 05:40:35.510,1.14165,1.1418,0.30,8.10
2007.12.27 05:40:35.785,1.14165,1.14175,0.30,0.80
2007.12.27 05:40:36.058,1.14165,1.14175,0.30,0.60
2007.12.27 05:40:36.331,1.1415,1.14165,0.30,0.40
2007.12.27 05:40:36.604,1.14155,1.14175,0.30,8.10
2007.12.27 05:40:36.877,1.14155,1.14165,0.30,0.40
2007.12.27 05:40:37.017,1.14155,1.14175,0.30,8.10
2007.12.27 05:40:37.151,1.14155,1.14175,0.30,4.90
2007.12.27 05:40:37.284,1.14155,1.14165,0.30,0.40
2007.12.27 05:40:37.417,1.14155,1.14175,0.30,7.30
2007.12.27 05:40:37.951,1.14155,1.14175,0.30,7.30
2007.12.27 05:40:38.224,1.14155,1.14165,0.30,0.40
2007.12.27 05:40:38.497,1.14155,1.14175,0.30,5.70
2007.12.27 05:40:38.771,1.14165,1.14175,0.30,0.80
2007.12.27 05:40:38.880,1.14165,1.14175,0.30,0.40
2007.12.27 05:40:38.988,1.14165,1.14185,0.30,16.10
2007.12.27 05:40:39.096,1.1417,1.14185,0.30,16.90
2007.12.27 05:40:39.205,1.1417,1.1418,0.30,0.40
2007.12.27 05:40:39.314,1.1417,1.14185,0.30,16.40
2007.12.27 05:40:39.493,1.1417,1.14185,0.30,16.40
2007.12.27 05:40:39.882,1.1417,1.1418,0.30,0.40
2007.12.27 05:40:40.161,1.14165,1.14185,0.30,12.90
2007.12.27 05:40:40.440,1.1417,1.1418,0.30,0.40
2007.12.27 05:40:40.719,1.1418,1.14195,0.30,21.20
2007.12.27 05:40:40.917,1.1418,1.1419,0.30,0.40
2007.12.27 05:40:41.116,1.1418,1.1419,0.30,0.40
2007.12.27 05:40:41.451,1.1418,1.142,0.30,1.20
2007.12.27 05:40:41.899,1.1418,1.1419,0.30,0.40
2007.12.27 05:40:42.083,1.1418,1.1419,0.30,0.40
2007.12.27 05:40:42.266,1.1418,1.1419,0.30,0.40
2007.12.27 05:40:43.144,1.1418,1.1419,0.30,0.40
2007.12.27 05:40:43.606,1.14185,1.14195,0.30,0.40
2007.12.27 05:40:43.760,1.14185,1.14195,0.30,0.40
2007.12.27 05:40:43.913,1.14185,1.142,0.30,1.20
2007.12.27 05:40:44.138,1.14185,1.14195,0.30,0.40
2007.12.27 05:40:44.340,1.14185,1.142,0.30,1.20
2007.12.27 05:40:46.752,1.14185,1.142,0.30,1.20
2007.12.27 05:40:46.884,1.14185,1.14195,0.30,0.40
2007.12.27 05:40:47.338,1.14185,1.142,0.30,1.20
2007.12.27 05:40:48.075,1.14185,1.142,0.30,1.20
2007.12.27 05:40:48.797,1.1418,1.142,0.30,1.20
2007.12.27 05:40:48.941,1.1418,1.14185,0.30,0.90
2007.12.27 05:40:49.086,1.1417,1.142,0.30,3.50
2007.12.27 05:40:49.230,1.1417,1.14185,0.30,0.80
2007.12.27 05:40:49.459,1.1417,1.14185,0.30,0.50
2007.12.27 05:40:49.688,1.1418,1.142,0.30,5.10
2007.12.27 05:40:49.929,1.1418,1.142,0.30,1.20
2007.12.27 05:40:50.157,1.14175,1.1419,0.30,0.40
2007.12.27 05:40:50.386,1.14175,1.1419,0.30,0.40
2007.12.27 05:40:50.619,1.14175,1.14195,0.30,7.20
2007.12.27 05:40:50.852,1.14175,1.14195,0.30,11.20
2007.12.27 05:40:51.086,1.14175,1.1419,0.30,0.40
2007.12.27 05:40:51.595,1.1417,1.14185,0.30,0.40
2007.12.27 05:40:51.773,1.1417,1.14185,0.30,0.80
2007.12.27 05:40:51.966,1.1417,1.14195,0.30,11.20
2007.12.27 05:40:52.254,1.1417,1.14195,0.30,15.20
2007.12.27 05:40:52.755,1.1417,1.14185,0.30,0.90
2007.12.27 05:40:52.958,1.1417,1.14195,0.30,15.20
2007.12.27 05:40:53.280,1.1417,1.14185,0.30,0.50
2007.12.27 05:40:53.477,1.1417,1.14195,0.30,15.20
2007.12.27 05:40:55.149,1.1417,1.14195,0.30,16.80
2007.12.27 05:40:55.313,1.1417,1.14195,0.30,25.20
2007.12.27 05:40:55.476,1.14165,1.14185,4.20,11.20
2007.12.27 05:40:55.744,1.14165,1.14185,4.20,11.20
2007.12.27 05:40:56.217,1.14165,1.14185,4.20,11.20
2007.12.27 05:40:56.484,1.14175,1.14185,2.40,4.80
2007.12.27 05:40:56.662,1.14175,1.1418,2.40,0.40
2007.12.27 05:40:56.840,1.14175,1.1418,14.70,0.40
2007.12.27 05:40:57.019,1.14175,1.1418,14.70,0.40
2007.12.27 05:40:57.198,1.14175,1.1418,14.40,0.40
2007.12.27 05:40:57.376,1.14175,1.1418,14.40,0.40
2007.12.27 05:40:57.986,1.14175,1.1418,14.40,0.40
2007.12.27 05:40:58.237,1.14175,1.1418,12.00,0.40
2007.12.27 05:40:58.485,1.14175,1.1418,8.00,0.40
2007.12.27 05:40:58.653,1.14175,1.14185,8.00,0.40
2007.12.27 05:40:58.812,1.14175,1.14185,8.00,0.40
2007.12.27 05:40:58.970,1.1417,1.14185,0.30,0.40
2007.12.27 05:40:59.128,1.1417,1.14185,0.30,0.40
2007.12.27 05:40:59.441,1.1417,1.14185,0.30,0.40
2007.12.27 05:40:59.724,1.1417,1.14185,0.30,0.40
2007.12.27 05:41:00.053,1.1417,1.14185,0.30,0.40
2007.12.27 05:41:00.382,1.1417,1.14185,0.30,0.40
2007.12.27 05:41:00.712,1.1417,1.14185,0.30,0.40
2007.12.27 05:41:00.925,1.1417,1.14185,0.30,0.40
2007.12.27 05:41:01.139,1.1417,1.14185,0.30,0.40
2007.12.27 05:41:01.364,1.1417,1.14185,0.30,0.40
2007.12.27 05:41:01.577,1.1417,1.14185,0.30,0.40
2007.12.27 05:41:01.877,1.1417,1.14185,0.30,0.40
2007.12.27 05:41:01.964,1.14165,1.14185,0.60,0.40
2007.12.27 05:41:02.183,1.14165,1.14185,0.60,0.40
2007.12.27 05:41:04.289,1.14165,1.14185,0.60,2.70
2007.12.27 05:41:04.422,1.1417,1.14185,0.30,2.70
2007.12.27 05:41:04.555,1.14165,1.14185,0.60,2.70
2007.12.27 05:41:04.701,1.1416,1.1418,0.60,0.40
2007.12.27 05:41:04.929,1.1416,1.1418,0.60,0.40
2007.12.27 05:41:05.158,1.1416,1.1418,0.60,0.40
2007.12.27 05:41:05.791,1.14165,1.1418,0.30,0.40
2007.12.27 05:41:05.995,1.14165,1.1418,0.30,0.40
2007.12.27 05:41:06.515,1.1416,1.1418,0.60,0.40
2007.12.27 05:41:07.791,1.1416,1.1418,2.90,0.40
2007.12.27 05:41:08.025,1.14165,1.14185,2.90,4.70
2007.12.27 05:41:08.258,1.1417,1.14185,0.30,0.40
2007.12.27 05:41:08.493,1.1417,1.14185,0.30,0.40
2007.12.27 05:41:08.727,1.1417,1.1419,0.60,0.40
2007.12.27 05:41:08.960,1.1417,1.1419,0.60,0.40
2007.12.27 05:41:09.164,1.14175,1.14195,2.90,4.70
2007.12.27 05:41:09.368,1.14175,1.14195,10.90,0.70
2007.12.27 05:41:09.571,1.14175,1.14195,11.20,0.70
2007.12.27 05:41:09.775,1.14175,1.14195,11.20,0.70
2007.12.27 05:41:09.978,1.14175,1.14195,15.20,0.70
2007.12.27 05:41:10.433,1.14175,1.14195,15.20,0.70
2007.12.27 05:41:11.231,1.14175,1.14195,15.10,0.70
2007.12.27 05:41:12.180,1.14175,1.14195,15.10,0.70
2007.12.27 05:41:13.244,1.14175,1.14195,15.10,0.70
2007.12.27 05:41:15.703,1.14175,1.14195,15.70,0.40
2007.12.27 05:41:15.863,1.1418,1.14195,0.30,0.40
2007.12.27 05:41:16.021,1.1418,1.14195,0.30,0.40
2007.12.27 05:41:16.216,1.1418,1.142,0.60,0.40
2007.12.27 05:41:16.409,1.14185,1.142,0.30,0.40
2007.12.27 05:41:16.929,1.1418,1.142,0.60,0.40
2007.12.27 05:41:17.236,1.14185,1.142,0.30,0.40
2007.12.27 05:41:18.709,1.1418,1.14195,0.60,2.40
2007.12.27 05:41:18.836,1.1418,1.14195,0.60,2.40
2007.12.27 05:41:18.965,1.14185,1.14195,0.30,2.40
2007.12.27 05:41:19.093,1.14175,1.14195,13.10,2.70
2007.12.27 05:41:19.286,1.1418,1.14195,0.30,6.70
2007.12.27 05:41:19.480,1.14175,1.14195,13.70,6.70
2007.12.27 05:41:19.673,1.14175,1.14195,13.70,6.70
2007.12.27 05:41:20.045,1.14175,1.14195,13.70,6.70
2007.12.27 05:41:20.238,1.14175,1.14195,13.70,6.70
2007.12.27 05:41:20.486,1.1418,1.14195,0.30,6.70
2007.12.27 05:41:20.686,1.14175,1.14195,16.10,4.30
2007.12.27 05:41:22.130,1.14175,1.14195,16.10,4.30
2007.12.27 05:41:25.968,1.14175,1.14195,16.10,4.30
2007.12.27 05:41:26.077,1.1418,1.14195,0.60,4.00
2007.12.27 05:41:26.186,1.1418,1.14195,0.60,4.00
2007.12.27 05:41:26.293,1.1418,1.142,0.60,0.40
2007.12.27 05:41:26.517,1.14185,1.142,0.30,0.40
2007.12.27 05:41:36.627,1.1418,1.14195,0.30,0.40
2007.12.27 05:41:36.766,1.1418,1.14195,0.30,0.40
2007.12.27 05:41:36.903,1.1418,1.14195,0.30,0.40
2007.12.27 05:41:37.041,1.1418,1.14195,0.30,0.40
2007.12.27 05:41:37.179,1.1418,1.14195,0.30,0.40
2007.12.27 05:41:37.317,1.1418,1.14195,0.30,4.30
2007.12.27 05:41:37.980,1.1418,1.14195,0.30,4.30
2007.12.27 05:41:38.207,1.1418,1.14195,0.30,4.30
2007.12.27 05:41:38.421,1.1418,1.14195,0.30,4.30
2007.12.27 05:41:38.633,1.14185,1.14195,0.30,4.00
2007.12.27 05:41:38.848,1.14185,1.142,0.30,0.40
2007.12.27 05:41:39.017,1.14185,1.142,0.30,0.40
2007.12.27 05:41:39.139,1.14185,1.142,0.30,0.40
2007.12.27 05:41:39.263,1.14185,1.142,0.30,0.40
2007.12.27 05:41:39.937,1.14185,1.142,0.30,0.40
2007.12.27 05:41:40.940,1.1418,1.142,0.60,0.40
2007.12.27 05:41:42.450,1.14185,1.142,0.30,0.40
2007.12.27 05:41:44.294,1.14185,1.14195,0.30,0.40
2007.12.27 05:41:44.526,1.1418,1.14195,0.60,0.40
2007.12.27 05:41:49.588,1.14185,1.142,0.60,0.40
2007.12.27 05:41:49.763,1.14185,1.142,3.10,0.40
2007.12.27 05:41:49.937,1.14185,1.142,3.10,0.40
2007.12.27 05:41:50.110,1.1419,1.142,0.30,0.40
2007.12.27 05:41:50.334,1.1419,1.142,0.30,0.40
2007.12.27 05:41:51.228,1.1419,1.142,0.30,0.40
2007.12.27 05:41:52.673,1.14185,1.142,7.10,0.40
2007.12.27 05:41:53.704,1.14185,1.142,7.10,0.40
2007.12.27 05:41:54.036,1.1419,1.142,0.30,0.40
2007.12.27 05:41:54.683,1.1419,1.142,0.30,0.40
2007.12.27 05:41:54.945,1.1419,1.142,0.30,0.40
2007.12.27 05:42:00.574,1.1419,1.14205,0.60,4.70
2007.12.27 05:42:00.783,1.14195,1.14205,0.30,0.40
2007.12.27 05:42:00.991,1.1419,1.14205,0.60,0.40
2007.12.27 05:42:01.320,1.1419,1.14205,0.60,0.40
2007.12.27 05:42:01.528,1.1419,1.14205,0.60,0.40
2007.12.27 05:42:01.736,1.1419,1.14205,0.60,0.40
2007.12.27 05:42:01.926,1.14195,1.14205,0.30,0.40
2007.12.27 05:42:02.233,1.1419,1.14205,0.60,0.40
2007.12.27 05:42:03.206,1.14195,1.14205,0.30,0.40
2007.12.27 05:42:03.379,1.14195,1.14205,0.30,0.40
2007.12.27 05:42:03.538,1.14195,1.14205,0.30,0.40
2007.12.27 05:42:03.724,1.1419,1.14205,0.60,0.40
2007.12.27 05:42:03.978,1.1419,1.14205,0.60,0.40
2007.12.27 05:42:04.143,1.14195,1.14205,0.30,0.40
2007.12.27 05:42:04.321,1.142,1.1421,0.30,0.40
2007.12.27 05:42:04.487,1.142,1.1421,0.30,0.40
2007.12.27 05:42:04.782,1.142,1.1421,0.30,0.40
2007.12.27 05:42:05.011,1.142,1.1421,0.30,0.40
2007.12.27 05:42:05.240,1.1419,1.142,4.30,0.40
2007.12.27 05:42:05.469,1.1419,1.142,0.30,0.40
2007.12.27 05:42:05.932,1.1419,1.142,0.30,0.40
2007.12.27 05:42:06.443,1.1419,1.142,0.30,0.40
2007.12.27 05:42:07.049,1.1419,1.142,0.30,0.40
2007.12.27 05:42:07.200,1.1419,1.142,0.30,0.40
2007.12.27 05:42:07.325,1.14185,1.142,8.30,0.40
2007.12.27 05:42:07.521,1.14185,1.142,8.30,0.40
2007.12.27 05:42:07.659,1.14195,1.14205,0.30,0.40
2007.12.27 05:42:07.797,1.1419,1.14205,0.60,0.40
2007.12.27 05:42:08.015,1.14195,1.14205,0.30,0.40
2007.12.27 05:42:08.246,1.1419,1.14205,0.60,0.40
2007.12.27 05:42:08.465,1.14195,1.14205,0.30,0.40
2007.12.27 05:42:08.960,1.1419,1.14205,0.60,0.40
2007.12.27 05:42:09.125,1.14195,1.14205,0.30,0.40
2007.12.27 05:42:09.292,1.14195,1.14205,0.30,0.40
2007.12.27 05:42:10.157,1.14195,1.14205,0.30,0.40
2007.12.27 05:42:10.321,1.1419,1.142,0.30,0.40
2007.12.27 05:42:10.504,1.1419,1.142,0.30,0.40
2007.12.27 05:42:10.666,1.142,1.1421,0.30,0.40
2007.12.27 05:42:10.843,1.142,1.1421,0.30,0.40
2007.12.27 05:42:11.028,1.142,1.1421,0.30,0.40
2007.12.27 05:42:11.226,1.142,1.1421,0.30,0.40
2007.12.27 05:42:11.426,1.142,1.1421,0.30,0.40
2007.12.27 05:42:11.730,1.142,1.1421,0.30,0.40
2007.12.27 05:42:11.980,1.14195,1.14205,12.20,0.40
2007.12.27 05:42:12.147,1.14195,1.14205,12.20,0.40
2007.12.27 05:42:12.317,1.14195,1.14205,0.30,0.40
2007.12.27 05:42:12.485,1.14195,1.14205,0.30,0.40
2007.12.27 05:42:12.663,1.14195,1.14205,0.30,0.40
2007.12.27 05:42:12.832,1.14195,1.14205,0.30,0.40
2007.12.27 05:42:13.020,1.14195,1.14205,0.30,0.40
2007.12.27 05:42:13.533,1.14195,1.14205,0.30,0.40
2007.12.27 05:42:13.735,1.1419,1.142,0.30,0.40
2007.12.27 05:42:13.923,1.1419,1.142,0.30,0.40
2007.12.27 05:42:14.101,1.1419,1.142,0.30,0.40
2007.12.27 05:42:14.291,1.1419,1.142,0.30,0.40
2007.12.27 05:42:15.277,1.1419,1.142,0.30,0.40
2007.12.27 05:42:15.639,1.14195,1.14205,0.30,6.70
2007.12.27 05:42:15.799,1.14195,1.14205,0.30,0.40
2007.12.27 05:42:15.964,1.14195,1.14205,0.30,0.40
2007.12.27 05:42:16.157,1.14195,1.14205,0.30,0.40
2007.12.27 05:42:16.350,1.14195,1.14205,0.30,0.40
2007.12.27 05:42:16.920,1.14195,1.14205,0.30,0.40
2007.12.27 05:42:17.087,1.14195,1.14205,0.30,0.40
2007.12.27 05:42:17.256,1.14195,1.14205,0.30,0.40
2007.12.27 05:42:19.556,1.1419,1.142,0.30,0.40
2007.12.27 05:42:19.713,1.1419,1.142,0.30,0.40
2007.12.27 05:42:19.873,1.1419,1.142,0.30,0.40
2007.12.27 05:42:20.031,1.1419,1.142,0.30,0.40
2007.12.27 05:42:20.203,1.1419,1.142,0.30,0.40
2007.12.27 05:42:21.192,1.1419,1.142,0.30,0.40
2007.12.27 05:42:21.501,1.1419,1.142,0.30,0.40
2007.12.27 05:42:22.226,1.1419,1.142,0.30,0.40
2007.12.27 05:42:29.034,1.1419,1.142,0.30,0.40
2007.12.27 05:42:36.575,1.14195,1.14205,0.30,6.70
2007.12.27 05:42:36.719,1.14195,1.14205,0.30,4.30
2007.12.27 05:42:36.862,1.14195,1.14205,0.30,0.40
2007.12.27 05:42:37.005,1.14195,1.14205,0.30,0.40
2007.12.27 05:42:37.149,1.1419,1.142,0.30,0.40
2007.12.27 05:42:37.292,1.1419,1.142,0.30,0.40
2007.12.27 05:42:37.505,1.1419,1.142,0.30,0.40
2007.12.27 05:42:37.754,1.1419,1.142,0.30,0.40
2007.12.27 05:42:38.001,1.1419,1.142,0.30,0.40
2007.12.27 05:42:38.250,1.1419,1.142,0.30,0.40
2007.12.27 05:42:38.497,1.1419,1.142,0.30,0.40
2007.12.27 05:42:38.707,1.14195,1.14205,0.30,0.40
2007.12.27 05:42:38.923,1.14195,1.14205,0.30,0.40
2007.12.27 05:42:39.130,1.1419,1.142,0.30,0.40
2007.12.27 05:42:39.338,1.1419,1.142,0.30,0.40
2007.12.27 05:42:39.547,1.1419,1.142,0.30,0.40
2007.12.27 05:42:39.740,1.1419,1.142,0.30,0.40
2007.12.27 05:42:40.034,1.1419,1.142,0.30,0.40
2007.12.27 05:42:40.253,1.1419,1.142,0.30,0.40
2007.12.27 05:42:40.628,1.142,1.14205,0.30,4.00
2007.12.27 05:42:40.822,1.142,1.1421,0.30,0.40
2007.12.27 05:42:41.016,1.142,1.1421,0.30,0.40
2007.12.27 05:42:41.224,1.14195,1.14205,12.20,0.40
2007.12.27 05:42:41.418,1.14195,1.14205,0.30,0.40
2007.12.27 05:42:42.221,1.14195,1.14205,0.30,0.40
2007.12.27 05:42:44.040,1.1419,1.142,0.30,0.40
2007.12.27 05:42:44.214,1.1419,1.142,0.30,0.40
2007.12.27 05:42:44.386,1.1419,1.142,0.30,0.40
2007.12.27 05:42:44.560,1.1419,1.142,0.30,0.40
2007.12.27 05:42:44.733,1.1419,1.142,0.30,0.40
2007.12.27 05:42:46.062,1.1419,1.142,0.30,0.40
2007.12.27 05:42:46.979,1.1419,1.142,0.30,0.40
2007.12.27 05:42:57.970,1.1419,1.142,0.30,0.40
2007.12.27 05:42:58.310,1.1419,1.142,0.30,0.40
2007.12.27 05:42:59.644,1.1419,1.142,0.30,0.40
2007.12.27 05:42:59.903,1.1419,1.142,0.30,0.40
2007.12.27 05:43:00.272,1.1419,1.142,0.30,0.40
2007.12.27 05:43:00.390,1.1419,1.142,0.30,0.40
2007.12.27 05:43:01.988,1.1419,1.142,0.30,0.40
2007.12.27 05:43:02.611,1.14185,1.14195,6.60,0.40
2007.12.27 05:43:02.749,1.14185,1.14195,6.60,0.40
2007.12.27 05:43:02.887,1.14185,1.14195,4.20,0.40
2007.12.27 05:43:03.025,1.14185,1.14195,4.20,0.40
2007.12.27 05:43:03.173,1.1419,1.142,0.30,0.40
2007.12.27 05:43:03.312,1.1419,1.142,0.30,0.40
2007.12.27 05:43:03.535,1.1419,1.142,0.30,0.40
2007.12.27 05:43:03.783,1.1419,1.142,0.30,0.40
2007.12.27 05:43:04.006,1.1419,1.142,0.30,0.40
2007.12.27 05:43:04.229,1.1419,1.142,0.30,0.40
2007.12.27 05:43:04.927,1.1419,1.142,0.30,0.40
2007.12.27 05:43:05.143,1.1419,1.142,0.30,0.40
2007.12.27 05:43:05.329,1.1419,1.142,0.30,0.40
2007.12.27 05:43:05.489,1.1419,1.142,0.30,0.40
2007.12.27 05:43:06.662,1.1419,1.142,0.30,0.40
2007.12.27 05:43:07.173,1.14185,1.14195,4.50,0.40
2007.12.27 05:43:07.387,1.14185,1.14195,4.20,0.40
2007.12.27 05:43:07.525,1.14185,1.14195,4.20,0.40
2007.12.27 05:43:07.664,1.14185,1.1419,4.00,0.40
2007.12.27 05:43:07.802,1.1418,1.1419,0.30,0.40
2007.12.27 05:43:07.942,1.1418,1.1419,0.30,0.40
2007.12.27 05:43:08.080,1.1418,1.1419,0.30,0.40
2007.12.27 05:43:08.125,1.1418,1.14195,0.30,4.40
2007.12.27 05:43:08.219,1.1419,1.14195,0.30,0.70
2007.12.27 05:43:08.358,1.1419,1.14205,0.30,4.80
2007.12.27 05:43:09.480,1.1419,1.14205,0.30,4.80
2007.12.27 05:43:09.698,1.1419,1.14205,0.30,4.80
2007.12.27 05:43:11.959,1.1419,1.14205,0.30,4.80
2007.12.27 05:43:12.172,1.14185,1.14205,6.60,4.80
2007.12.27 05:43:12.386,1.14185,1.14205,4.20,11.20
2007.12.27 05:43:12.601,1.14185,1.14195,0.30,0.40
2007.12.27 05:43:12.764,1.1419,1.142,0.30,0.40
2007.12.27 05:43:12.927,1.1419,1.14205,0.30,7.20
2007.12.27 05:43:13.090,1.1419,1.14205,0.30,7.20
2007.12.27 05:43:13.254,1.1419,1.142,0.30,0.40
2007.12.27 05:43:13.417,1.1419,1.14205,0.30,7.20
2007.12.27 05:43:13.906,1.1419,1.14205,0.30,7.20
2007.12.27 05:43:14.644,1.14185,1.1419,4.00,0.40
2007.12.27 05:43:14.838,1.1418,1.14195,0.30,4.40
2007.12.27 05:43:15.032,1.1418,1.14195,0.30,4.40
2007.12.27 05:43:15.225,1.1418,1.14195,0.30,4.40
2007.12.27 05:43:15.418,1.1418,1.1419,0.30,0.40
2007.12.27 05:43:15.612,1.14185,1.14195,0.30,0.90
2007.12.27 05:43:15.790,1.14185,1.14205,0.30,12.80
2007.12.27 05:43:15.969,1.14185,1.14195,0.30,0.40
2007.12.27 05:43:16.148,1.1419,1.14205,0.30,11.20
2007.12.27 05:43:16.326,1.1419,1.14205,0.30,7.20
2007.12.27 05:43:16.504,1.1419,1.14205,0.30,7.20
2007.12.27 05:43:16.711,1.1419,1.14205,0.30,7.20
2007.12.27 05:43:18.992,1.14185,1.14205,4.20,7.20
2007.12.27 05:43:19.114,1.14185,1.14205,4.20,7.20
2007.12.27 05:43:19.238,1.14185,1.14205,0.30,7.20
2007.12.27 05:43:19.361,1.14185,1.14205,0.30,11.20
2007.12.27 05:43:19.485,1.14185,1.14195,0.30,0.40
2007.12.27 05:43:20.881,1.14185,1.14205,0.30,11.20
2007.12.27 05:43:21.008,1.14185,1.14205,0.30,11.20
2007.12.27 05:43:21.102,1.1418,1.1419,0.30,0.40
2007.12.27 05:43:21.196,1.1418,1.142,0.30,1.20
2007.12.27 05:43:21.289,1.1418,1.142,0.30,1.20
2007.12.27 05:43:21.403,1.1418,1.1419,0.30,0.40
2007.12.27 05:43:21.497,1.1418,1.142,0.30,1.20
2007.12.27 05:43:21.616,1.1418,1.142,0.30,1.20
2007.12.27 05:43:22.738,1.1418,1.1419,0.30,0.40
2007.12.27 05:43:23.852,1.1418,1.1419,0.30,0.40
2007.12.27 05:43:24.056,1.1418,1.142,0.30,1.20
2007.12.27 05:43:24.985,1.1418,1.142,0.30,1.20
2007.12.27 05:43:25.494,1.1418,1.1419,0.30,0.40
2007.12.27 05:43:26.631,1.1418,1.142,0.30,1.20
2007.12.27 05:43:26.840,1.14185,1.14195,0.30,0.40
2007.12.27 05:43:26.953,1.14185,1.14195,0.30,0.40
2007.12.27 05:43:27.067,1.14185,1.14205,0.30,11.20
2007.12.27 05:43:27.181,1.14185,1.14205,0.30,11.20
2007.12.27 05:43:27.294,1.14185,1.14205,0.30,11.20
2007.12.27 05:43:27.417,1.14185,1.14205,0.30,11.20
2007.12.27 05:43:27.918,1.14185,1.14205,0.30,11.20
2007.12.27 05:43:28.639,1.14185,1.142,0.30,1.20
2007.12.27 05:43:28.914,1.14185,1.142,0.30,1.20
2007.12.27 05:43:29.008,1.1418,1.142,0.30,1.20
2007.12.27 05:43:29.113,1.1418,1.142,0.30,1.20
2007.12.27 05:43:29.209,1.1418,1.142,0.30,1.20
2007.12.27 05:43:29.301,1.1418,1.14195,0.30,4.40
2007.12.27 05:43:29.469,1.1418,1.14195,0.30,4.40
2007.12.27 05:43:29.975,1.1418,1.14195,0.30,4.40
2007.12.27 05:43:30.269,1.1418,1.14195,0.30,4.80
2007.12.27 05:43:30.577,1.1418,1.14195,0.30,4.80
2007.12.27 05:43:30.857,1.14175,1.14185,8.20,0.40
2007.12.27 05:43:31.041,1.14175,1.14185,0.60,0.40
2007.12.27 05:43:31.225,1.14175,1.14185,0.60,0.40
2007.12.27 05:43:31.420,1.14175,1.14195,0.60,11.20
2007.12.27 05:43:31.930,1.14175,1.14195,0.60,11.20
2007.12.27 05:43:32.108,1.14175,1.14195,0.30,11.20
2007.12.27 05:43:32.287,1.14175,1.14185,0.30,0.40
2007.12.27 05:43:33.624,1.14175,1.14185,0.30,0.40
2007.12.27 05:43:33.788,1.14175,1.14195,0.70,4.40
2007.12.27 05:43:33.950,1.14175,1.14185,0.70,0.40
2007.12.27 05:43:34.149,1.1418,1.14195,0.30,4.40
2007.12.27 05:43:34.348,1.1418,1.142,0.30,1.20
2007.12.27 05:43:34.545,1.1418,1.142,0.30,1.20
2007.12.27 05:43:34.962,1.1418,1.142,0.30,1.20
2007.12.27 05:43:35.132,1.1418,1.142,0.30,1.20
2007.12.27 05:43:35.301,1.1418,1.1419,0.30,0.40
2007.12.27 05:43:35.983,1.1418,1.1419,0.30,0.40
2007.12.27 05:43:36.185,1.1418,1.1419,0.30,0.40
2007.12.27 05:43:36.709,1.1418,1.1419,0.30,0.40
2007.12.27 05:43:36.847,1.1418,1.1419,0.30,0.40
2007.12.27 05:43:37.003,1.1418,1.1419,0.30,0.40
2007.12.27 05:43:40.577,1.1419,1.14205,0.30,13.60
2007.12.27 05:43:40.746,1.1419,1.142,0.30,0.70
2007.12.27 05:43:40.915,1.1419,1.14205,0.30,4.80
2007.12.27 05:43:41.083,1.1419,1.14205,0.30,4.80
2007.12.27 05:43:41.264,1.1419,1.14205,0.30,4.80
2007.12.27 05:43:41.480,1.1419,1.14205,0.30,4.80
2007.12.27 05:43:41.988,1.1419,1.14205,0.30,4.80
2007.12.27 05:43:42.206,1.1419,1.14205,0.30,4.80
2007.12.27 05:44:01.945,1.1419,1.142,0.30,0.40
2007.12.27 05:44:02.146,1.1419,1.142,0.30,0.40
2007.12.27 05:44:03.178,1.1419,1.142,0.30,0.40
2007.12.27 05:44:03.317,1.1419,1.142,0.30,0.40
2007.12.27 05:44:03.454,1.1419,1.142,0.30,0.40
2007.12.27 05:44:03.597,1.1419,1.142,0.30,0.40
2007.12.27 05:44:03.737,1.142,1.1421,0.30,0.40
2007.12.27 05:44:03.875,1.142,1.1421,0.30,0.40
2007.12.27 05:44:04.013,1.142,1.1421,0.30,0.40
2007.12.27 05:44:04.257,1.142,1.1421,0.30,0.40
2007.12.27 05:44:04.512,1.142,1.1421,0.30,0.40
2007.12.27 05:44:04.908,1.142,1.1421,0.30,0.40
2007.12.27 05:44:05.207,1.142,1.1421,0.30,0.40
2007.12.27 05:44:05.825,1.142,1.1421,0.30,0.40
2007.12.27 05:44:06.011,1.14195,1.14205,12.20,0.40
2007.12.27 05:44:06.169,1.14195,1.14205,12.20,0.40
2007.12.27 05:44:06.317,1.14195,1.14205,4.20,0.40
2007.12.27 05:44:06.466,1.14195,1.14205,4.20,0.40
2007.12.27 05:44:06.614,1.142,1.1421,0.30,0.40
2007.12.27 05:44:06.763,1.142,1.1421,0.30,0.40
2007.12.27 05:44:06.911,1.142,1.1421,0.30,0.40
2007.12.27 05:44:07.078,1.142,1.1421,0.30,0.40
2007.12.27 05:44:07.781,1.142,1.1421,0.30,0.40
2007.12.27 05:44:08.106,1.142,1.1421,0.30,0.40
2007.12.27 05:44:08.325,1.14195,1.14205,0.30,6.70
2007.12.27 05:44:08.448,1.14195,1.14205,0.30,6.70
2007.12.27 05:44:08.696,1.1419,1.142,0.30,0.40
2007.12.27 05:44:08.821,1.1419,1.142,0.30,0.40
2007.12.27 05:44:08.944,1.1419,1.142,0.30,0.40
2007.12.27 05:44:09.068,1.1419,1.142,0.30,0.40
2007.12.27 05:44:09.223,1.1419,1.142,0.30,0.40
2007.12.27 05:44:09.638,1.14185,1.14195,5.00,0.40
2007.12.27 05:44:09.890,1.14185,1.14195,0.30,0.40
2007.12.27 05:44:10.156,1.14185,1.14195,0.30,0.40
2007.12.27 05:44:11.120,1.14185,1.14195,0.30,0.40
2007.12.27 05:44:11.335,1.14185,1.14195,0.30,0.40
2007.12.27 05:44:11.485,1.14185,1.14195,0.30,0.40
2007.12.27 05:44:11.649,1.14185,1.14195,0.30,0.40
2007.12.27 05:44:12.047,1.14185,1.14195,0.30,0.40
2007.12.27 05:44:12.211,1.14185,1.14195,0.30,0.40
2007.12.27 05:44:13.082,1.14185,1.14195,0.30,0.40
2007.12.27 05:44:13.406,1.14185,1.14195,0.30,0.40
2007.12.27 05:44:13.514,1.14185,1.14195,0.30,0.40
2007.12.27 05:44:13.699,1.14185,1.14195,0.30,0.40
2007.12.27 05:44:14.220,1.14185,1.14195,0.30,0.40
2007.12.27 05:44:14.328,1.14185,1.14195,0.30,0.40
2007.12.27 05:44:15.644,1.14185,1.14195,0.30,0.40
2007.12.27 05:44:15.773,1.14185,1.14195,0.30,0.40
2007.12.27 05:44:15.918,1.14185,1.14195,0.30,0.40
2007.12.27 05:44:16.827,1.14185,1.14195,0.30,0.40
2007.12.27 05:44:17.055,1.14185,1.14195,0.30,0.40
2007.12.27 05:44:17.297,1.1418,1.1419,0.30,0.40
2007.12.27 05:44:17.513,1.1418,1.1419,0.30,0.40
2007.12.27 05:44:17.766,1.1418,1.1419,0.30,0.40
2007.12.27 05:44:21.651,1.1418,1.1419,0.30,0.40
2007.12.27 05:44:21.785,1.1418,1.1419,0.30,0.40
2007.12.27 05:44:23.578,1.14175,1.14185,12.20,0.40
2007.12.27 05:44:23.728,1.14175,1.14185,0.30,0.40
2007.12.27 05:44:23.951,1.14175,1.14185,0.30,0.40
2007.12.27 05:44:24.174,1.14175,1.14185,0.30,0.40
2007.12.27 05:44:24.683,1.14175,1.14185,0.30,0.40
2007.12.27 05:44:24.991,1.14175,1.14185,0.30,0.40
2007.12.27 05:44:31.311,1.14175,1.14195,0.30,11.20
2007.12.27 05:44:33.848,1.14175,1.14185,2.60,0.40
2007.12.27 05:44:34.145,1.1418,1.14195,0.30,8.80
2007.12.27 05:44:34.324,1.1418,1.1419,0.30,0.40
2007.12.27 05:44:34.502,1.1418,1.14195,0.30,4.80
2007.12.27 05:44:34.681,1.1418,1.1419,0.30,0.40
2007.12.27 05:44:34.860,1.1418,1.1419,0.30,0.40
2007.12.27 05:44:35.176,1.1418,1.14195,0.30,4.80
2007.12.27 05:44:35.497,1.1418,1.1419,0.30,0.40
2007.12.27 05:44:37.668,1.14175,1.14195,14.60,4.80
2007.12.27 05:44:37.875,1.14175,1.14195,0.30,7.20
2007.12.27 05:44:38.084,1.14175,1.14195,0.30,11.20
2007.12.27 05:44:39.712,1.14175,1.14185,0.30,0.40
2007.12.27 05:44:41.735,1.14175,1.14185,2.60,0.40
2007.12.27 05:44:41.892,1.14175,1.14185,3.10,0.40
2007.12.27 05:44:42.142,1.14175,1.14195,3.00,8.40
2007.12.27 05:44:42.301,1.1418,1.14195,0.30,8.40
2007.12.27 05:44:42.505,1.1418,1.14195,0.30,8.40
2007.12.27 05:44:42.707,1.1418,1.14195,0.30,4.40
2007.12.27 05:44:43.155,1.1418,1.14195,0.30,4.40
2007.12.27 05:44:43.456,1.1418,1.1419,0.30,0.40
2007.12.27 05:44:46.812,1.1418,1.1419,0.30,0.40
2007.12.27 05:44:46.988,1.1418,1.1419,0.30,0.40
2007.12.27 05:44:47.126,1.14175,1.14185,12.20,0.40
2007.12.27 05:44:47.265,1.14175,1.14195,0.30,7.20
2007.12.27 05:44:47.403,1.14175,1.14195,0.30,11.20
2007.12.27 05:44:48.575,1.1417,1.1418,0.30,0.40
2007.12.27 05:44:48.694,1.1417,1.1418,0.30,0.40
2007.12.27 05:44:48.812,1.1417,1.1418,0.30,0.40
2007.12.27 05:44:48.958,1.1417,1.1418,0.30,0.40
2007.12.27 05:44:49.077,1.1417,1.1418,0.30,0.40
2007.12.27 05:44:49.198,1.1417,1.14185,0.30,4.40
2007.12.27 05:44:49.801,1.1417,1.14185,0.30,5.20
2007.12.27 05:44:50.119,1.1417,1.1418,0.30,0.40
2007.12.27 05:44:50.437,1.1417,1.14185,0.30,4.40
2007.12.27 05:44:50.756,1.1417,1.1418,0.30,0.40
2007.12.27 05:44:50.924,1.1417,1.14185,0.30,4.40
2007.12.27 05:44:51.092,1.1417,1.14185,0.30,4.40
2007.12.27 05:44:51.261,1.1417,1.14185,0.30,5.20
2007.12.27 05:44:52.095,1.1417,1.14185,0.30,5.20
2007.12.27 05:44:52.816,1.1417,1.1418,0.30,0.40
2007.12.27 05:44:52.954,1.1417,1.14185,0.30,5.20
2007.12.27 05:44:53.125,1.1417,1.1418,0.30,0.40
2007.12.27 05:44:53.264,1.14175,1.14195,0.30,11.20
2007.12.27 05:44:53.402,1.14175,1.14195,0.60,11.20
2007.12.27 05:44:53.541,1.14175,1.14195,0.60,11.20
2007.12.27 05:44:53.736,1.14175,1.14195,0.60,11.20
2007.12.27 05:44:54.012,1.14175,1.14195,0.60,11.20
2007.12.27 05:44:54.461,1.14175,1.14185,0.60,0.40
2007.12.27 05:44:55.487,1.14175,1.14195,0.60,11.20
2007.12.27 05:44:57.847,1.14175,1.14195,0.60,11.20
2007.12.27 05:44:58.931,1.14175,1.14195,0.80,11.20
2007.12.27 05:44:59.073,1.14175,1.14185,1.00,0.40
2007.12.27 05:44:59.237,1.1418,1.14195,0.30,11.20
2007.12.27 05:44:59.413,1.1418,1.1419,0.30,0.40
2007.12.27 05:44:59.576,1.1418,1.1419,0.30,0.40
2007.12.27 05:44:59.739,1.1418,1.1419,0.30,0.40
2007.12.27 05:44:59.938,1.1418,1.1419,0.30,0.40
2007.12.27 05:45:00.710,1.1418,1.1419,0.30,0.40
2007.12.27 05:45:00.958,1.1418,1.1419,0.30,0.40
2007.12.27 05:45:01.207,1.14185,1.14195,0.30,0.40
2007.12.27 05:45:01.360,1.14185,1.14195,0.30,0.40
2007.12.27 05:45:01.513,1.14185,1.14195,0.30,0.40
2007.12.27 05:45:02.197,1.14185,1.14195,0.30,0.40
2007.12.27 05:45:04.346,1.14185,1.14195,0.30,0.40
2007.12.27 05:45:04.544,1.14185,1.14195,0.30,0.40
2007.12.27 05:45:04.810,1.14185,1.14195,0.30,0.40
2007.12.27 05:45:06.979,1.14185,1.14195,0.30,0.40
2007.12.27 05:45:07.495,1.14185,1.14195,0.30,0.40
2007.12.27 05:45:47.897,1.1419,1.142,0.50,6.80
2007.12.27 05:45:48.051,1.1419,1.142,0.50,6.80
2007.12.27 05:45:50.690,1.1419,1.142,0.50,6.80
2007.12.27 05:45:50.951,1.1418,1.142,3.30,6.80
2007.12.27 05:45:51.188,1.1418,1.142,3.80,6.80
2007.12.27 05:45:51.436,1.1418,1.142,3.60,6.80
2007.12.27 05:45:51.942,1.1418,1.142,3.60,6.80
2007.12.27 05:45:52.214,1.1418,1.142,3.60,6.80
2007.12.27 05:45:52.487,1.1418,1.142,3.40,6.80
2007.12.27 05:45:52.761,1.1418,1.142,3.60,6.80
2007.12.27 05:45:53.000,1.1418,1.142,3.60,6.80
2007.12.27 05:45:53.250,1.1418,1.142,3.60,6.80
2007.12.27 05:45:53.477,1.1418,1.142,3.80,6.80
2007.12.27 05:45:53.713,1.1418,1.142,3.80,6.80
2007.12.27 05:45:57.969,1.1418,1.142,5.30,6.80
2007.12.27 05:45:58.178,1.1419,1.142,0.30,0.40
2007.12.27 05:45:58.387,1.1419,1.142,0.30,0.40
2007.12.27 05:45:58.488,1.1419,1.142,0.30,0.40
2007.12.27 05:45:58.667,1.1419,1.142,0.30,0.40
2007.12.27 05:45:58.875,1.1419,1.14205,0.30,6.80
2007.12.27 05:46:05.247,1.1419,1.14205,0.30,6.80
2007.12.27 05:46:05.456,1.1419,1.14205,0.30,6.80
2007.12.27 05:46:05.639,1.1419,1.14205,0.30,4.40
2007.12.27 05:46:05.942,1.1419,1.142,0.30,0.40
2007.12.27 05:46:06.445,1.1419,1.14205,0.30,4.40
2007.12.27 05:46:08.126,1.1419,1.14205,0.30,4.40
2007.12.27 05:46:09.068,1.1419,1.142,0.30,0.40
2007.12.27 05:46:09.238,1.14195,1.14215,0.30,11.20
2007.12.27 05:46:09.396,1.14195,1.14205,0.30,0.40
2007.12.27 05:46:09.555,1.14195,1.14205,0.30,0.40
2007.12.27 05:46:09.714,1.14195,1.14205,0.30,0.40
2007.12.27 05:46:10.252,1.14195,1.14215,0.30,11.20
2007.12.27 05:46:10.490,1.14195,1.14215,0.30,11.20
2007.12.27 05:46:10.737,1.14195,1.14205,0.30,0.40
2007.12.27 05:46:10.976,1.14195,1.14205,0.30,0.40
2007.12.27 05:46:11.226,1.1419,1.142,0.30,0.40
2007.12.27 05:46:11.394,1.1419,1.14205,0.30,4.40
2007.12.27 05:46:11.563,1.1419,1.142,0.30,0.40
2007.12.27 05:46:12.169,1.1419,1.14205,0.30,4.40
2007.12.27 05:46:12.455,1.1419,1.142,0.30,0.40
2007.12.27 05:46:13.221,1.1419,1.14205,0.30,4.40
2007.12.27 05:46:14.206,1.1419,1.142,0.30,0.40
2007.12.27 05:46:16.534,1.1419,1.14205,0.30,4.40
2007.12.27 05:46:16.723,1.1419,1.142,0.30,0.40
2007.12.27 05:46:19.536,1.1419,1.14205,0.30,4.40
2007.12.27 05:46:23.170,1.1419,1.14205,0.30,4.40
2007.12.27 05:46:23.477,1.1419,1.14205,0.30,4.40
2007.12.27 05:46:23.992,1.1419,1.14205,0.30,4.40
2007.12.27 05:46:24.471,1.1419,1.14205,0.30,4.40
2007.12.27 05:46:25.145,1.1419,1.14205,0.30,6.80
2007.12.27 05:46:34.477,1.1419,1.142,0.30,0.40
2007.12.27 05:46:34.805,1.1419,1.14205,0.30,4.40
2007.12.27 05:46:35.055,1.1419,1.142,0.30,0.40
2007.12.27 05:46:42.264,1.1419,1.1421,2.90,0.80
2007.12.27 05:46:42.438,1.1419,1.1421,0.50,9.00
2007.12.27 05:46:42.666,1.1419,1.142,0.20,0.70
2007.12.27 05:46:42.916,1.1419,1.1421,0.20,9.40
2007.12.27 05:46:43.446,1.1419,1.142,0.20,0.80
2007.12.27 05:46:44.347,1.1419,1.142,0.50,0.90
2007.12.27 05:46:46.203,1.1419,1.1421,0.80,9.00
2007.12.27 05:46:56.032,1.1419,1.142,0.50,2.40
2007.12.27 05:46:56.266,1.1419,1.142,0.20,2.80
2007.12.27 05:46:56.622,1.1418,1.142,12.70,2.80
2007.12.27 05:47:00.455,1.1419,1.142,0.20,2.80
2007.12.27 05:47:00.844,1.1419,1.142,0.50,2.80
2007.12.27 05:47:03.634,1.1418,1.142,13.80,2.40
2007.12.27 05:47:03.823,1.1418,1.142,14.10,2.40
2007.12.27 05:47:04.254,1.1418,1.142,14.00,2.40
2007.12.27 05:47:05.508,1.1419,1.142,0.50,2.40
2007.12.27 05:47:05.711,1.1419,1.142,0.50,2.40
2007.12.27 05:47:05.844,1.1417,1.142,27.30,2.80
2007.12.27 05:47:05.978,1.1417,1.142,27.30,2.80
2007.12.27 05:47:06.684,1.1417,1.142,27.30,2.80
2007.12.27 05:47:06.817,1.1418,1.142,13.80,2.40
2007.12.27 05:47:07.066,1.1419,1.142,0.50,2.40
2007.12.27 05:47:07.263,1.1418,1.142,13.80,2.40
2007.12.27 05:47:07.778,1.1418,1.142,13.90,2.40
2007.12.27 05:47:07.990,1.1418,1.142,13.90,2.40
2007.12.27 05:47:09.722,1.1418,1.142,13.90,2.40
2007.12.27 05:47:09.904,1.1417,1.142,27.30,2.80
2007.12.27 05:47:10.078,1.1417,1.142,27.30,2.80
2007.12.27 05:47:10.252,1.1417,1.142,27.30,2.80
2007.12.27 05:47:10.462,1.1417,1.142,27.30,2.80
2007.12.27 05:47:10.974,1.1418,1.142,1.70,2.80
2007.12.27 05:47:17.700,1.1417,1.142,27.30,2.80
2007.12.27 05:47:17.898,1.1418,1.142,13.30,0.50
2007.12.27 05:47:18.107,1.1419,1.14205,0.60,0.40
2007.12.27 05:47:18.280,1.1419,1.14205,0.60,0.40
2007.12.27 05:47:18.454,1.1419,1.14205,0.60,0.40
2007.12.27 05:47:19.285,1.1419,1.14205,0.60,0.40
2007.12.27 05:47:19.503,1.14195,1.14205,0.30,0.40
2007.12.27 05:47:19.720,1.1419,1.14205,0.60,0.40
2007.12.27 05:47:22.301,1.1419,1.14205,0.60,0.40
2007.12.27 05:47:22.492,1.14195,1.14205,0.30,0.40
2007.12.27 05:47:22.923,1.14195,1.14205,0.30,0.40
2007.12.27 05:47:23.112,1.1419,1.14205,0.60,0.40
2007.12.27 05:47:23.300,1.1419,1.14205,0.60,0.40
2007.12.27 05:47:23.704,1.1419,1.14205,0.60,0.40
2007.12.27 05:47:24.803,1.14195,1.14205,0.30,0.40
2007.12.27 05:47:24.947,1.14195,1.14205,0.30,0.40
2007.12.27 05:47:26.860,1.14195,1.14205,0.30,2.70
2007.12.27 05:47:27.012,1.1419,1.142,0.30,0.40
2007.12.27 05:47:27.166,1.1419,1.142,0.30,0.40
2007.12.27 05:47:27.318,1.1419,1.142,0.30,0.40
2007.12.27 05:47:27.472,1.1419,1.142,0.30,0.40
2007.12.27 05:47:27.745,1.1419,1.142,0.30,0.40
2007.12.27 05:47:27.983,1.1419,1.142,0.30,0.40
2007.12.27 05:47:30.221,1.1419,1.142,0.30,0.40
2007.12.27 05:47:34.856,1.1419,1.142,0.30,0.40
2007.12.27 05:47:34.993,1.1419,1.142,0.30,0.40
2007.12.27 05:47:35.164,1.1419,1.142,0.30,0.40
2007.12.27 05:47:35.301,1.1419,1.142,0.30,0.40
2007.12.27 05:47:35.685,1.1419,1.142,0.30,0.40
2007.12.27 05:47:36.018,1.1419,1.142,0.30,0.40
2007.12.27 05:47:36.351,1.1419,1.142,0.30,0.40
2007.12.27 05:47:36.684,1.1419,1.142,0.30,0.40
2007.12.27 05:47:37.661,1.1419,1.142,0.30,0.40
2007.12.27 05:47:38.687,1.1419,1.142,0.30,0.40
2007.12.27 05:47:38.825,1.1419,1.142,0.30,0.40
2007.12.27 05:47:40.224,1.1419,1.142,0.30,0.40
2007.12.27 05:47:41.107,1.1419,1.142,0.30,0.40
2007.12.27 05:47:42.029,1.1419,1.142,0.30,0.40
2007.12.27 05:47:42.361,1.1419,1.142,0.30,0.40
2007.12.27 05:47:44.112,1.14185,1.1419,4.40,0.40
2007.12.27 05:47:44.270,1.14185,1.1419,0.50,0.40
2007.12.27 05:47:44.429,1.1418,1.1419,0.30,0.40
2007.12.27 05:47:44.701,1.1418,1.1419,0.30,0.40
2007.12.27 05:47:44.914,1.1418,1.1419,0.30,0.40
2007.12.27 05:47:45.168,1.1418,1.1419,0.30,0.40
2007.12.27 05:47:45.421,1.1418,1.1419,0.30,0.40
2007.12.27 05:47:45.675,1.1418,1.1419,0.30,0.40
2007.12.27 05:47:47.107,1.1418,1.1419,0.30,0.40
2007.12.27 05:47:48.731,1.14175,1.1419,15.30,0.40
2007.12.27 05:47:52.507,1.1418,1.1419,0.30,0.40
2007.12.27 05:47:53.428,1.1418,1.1419,0.30,0.40
2007.12.27 05:47:55.656,1.1418,1.1419,0.30,0.40
2007.12.27 05:47:55.784,1.14175,1.1419,11.70,0.40
2007.12.27 05:47:55.917,1.1418,1.1419,0.30,0.40
2007.12.27 05:47:56.045,1.14175,1.1419,10.90,0.40
2007.12.27 05:47:56.190,1.14175,1.1419,11.70,0.40
2007.12.27 05:47:56.507,1.14175,1.1419,10.90,0.40
2007.12.27 05:47:56.841,1.14175,1.1419,14.90,0.40
2007.12.27 05:47:57.175,1.14175,1.1418,4.70,0.40
2007.12.27 05:47:57.417,1.14165,1.1418,7.30,0.40
2007.12.27 05:47:57.645,1.14165,1.1418,7.30,0.40
2007.12.27 05:47:57.905,1.1417,1.1418,0.30,0.40
2007.12.27 05:47:58.132,1.1417,1.1418,0.30,0.40
2007.12.27 05:47:58.361,1.1417,1.1418,0.30,0.40
2007.12.27 05:47:58.645,1.1417,1.1418,0.30,0.40
2007.12.27 05:48:00.327,1.1417,1.1418,2.70,0.40
2007.12.27 05:48:00.831,1.1417,1.1418,0.30,0.40
2007.12.27 05:48:01.079,1.1417,1.1418,0.30,0.40
2007.12.27 05:48:01.327,1.14165,1.1418,7.30,0.40
2007.12.27 05:48:01.530,1.14165,1.1418,7.30,0.40
2007.12.27 05:48:03.637,1.14175,1.14185,0.30,4.30
2007.12.27 05:48:03.826,1.1417,1.14185,0.80,0.40
2007.12.27 05:48:04.013,1.1417,1.14185,0.80,0.40
2007.12.27 05:48:04.204,1.1417,1.14185,0.80,0.40
2007.12.27 05:48:04.392,1.1417,1.14185,0.90,0.40
2007.12.27 05:48:04.709,1.14175,1.14185,0.60,0.40
2007.12.27 05:48:05.222,1.1417,1.14185,0.90,0.40
2007.12.27 05:48:05.662,1.1417,1.14185,0.90,0.40
2007.12.27 05:48:05.861,1.1417,1.14185,3.20,0.40
2007.12.27 05:48:06.059,1.1417,1.14185,3.20,0.40
2007.12.27 05:48:06.257,1.1418,1.1419,0.30,0.40
2007.12.27 05:48:06.456,1.14175,1.1419,19.20,0.40
2007.12.27 05:48:06.655,1.14175,1.1419,19.20,0.40
2007.12.27 05:48:07.392,1.1418,1.1419,0.30,0.40
2007.12.27 05:48:10.212,1.1418,1.1419,0.30,0.40
2007.12.27 05:48:13.701,1.14175,1.1419,19.20,0.40
2007.12.27 05:48:13.909,1.14175,1.1419,19.20,0.40
2007.12.27 05:48:14.487,1.14175,1.1419,19.20,0.40
2007.12.27 05:48:17.981,1.1418,1.1419,0.30,0.40
2007.12.27 05:48:18.236,1.1418,1.1419,0.30,0.40
2007.12.27 05:48:18.751,1.1418,1.1419,0.30,0.40
2007.12.27 05:48:21.336,1.1418,1.1419,0.30,0.40
2007.12.27 05:48:21.591,1.14175,1.14185,16.50,0.40
2007.12.27 05:48:21.784,1.14175,1.14185,0.50,0.40
2007.12.27 05:48:21.978,1.14175,1.14185,0.50,0.40
2007.12.27 05:48:22.224,1.14175,1.14185,0.50,0.40
2007.12.27 05:48:22.482,1.14175,1.14185,0.60,0.40
2007.12.27 05:48:22.672,1.14175,1.14185,0.60,0.40
2007.12.27 05:48:23.164,1.14175,1.14185,0.60,0.40
2007.12.27 05:48:24.038,1.14175,1.14185,0.50,0.40
2007.12.27 05:48:24.196,1.14175,1.1418,0.20,0.40
2007.12.27 05:48:24.368,1.14175,1.1418,0.20,0.40
2007.12.27 05:48:24.526,1.14175,1.1418,0.20,0.40
2007.12.27 05:48:24.763,1.14175,1.1418,0.20,0.40
2007.12.27 05:48:24.922,1.14175,1.1418,0.20,0.40
2007.12.27 05:48:25.215,1.14175,1.1418,0.20,0.40
2007.12.27 05:48:25.702,1.14175,1.1418,0.40,0.40
2007.12.27 05:48:25.971,1.14175,1.1418,0.50,0.40
2007.12.27 05:48:26.306,1.14175,1.1418,0.50,0.40
2007.12.27 05:48:26.502,1.14175,1.1418,0.50,0.40
2007.12.27 05:48:29.847,1.14175,1.1418,0.30,0.40
2007.12.27 05:48:30.010,1.14175,1.1418,0.30,0.40
2007.12.27 05:48:30.586,1.14175,1.14185,0.60,0.40
2007.12.27 05:48:30.810,1.14175,1.14185,4.60,0.40
2007.12.27 05:48:31.033,1.14175,1.14185,4.60,0.40
2007.12.27 05:48:31.255,1.14175,1.14185,4.40,0.40
2007.12.27 05:48:31.607,1.14175,1.14185,4.60,0.40
2007.12.27 05:48:31.930,1.14175,1.14185,4.60,0.40
2007.12.27 05:48:32.117,1.14175,1.14185,4.60,0.40
2007.12.27 05:48:32.306,1.14175,1.14185,4.60,0.40
2007.12.27 05:48:32.777,1.14175,1.14185,0.60,0.40
2007.12.27 05:48:32.990,1.14175,1.14185,0.60,0.40
2007.12.27 05:48:34.966,1.14175,1.14185,0.60,0.40
2007.12.27 05:48:35.105,1.14175,1.1418,0.50,0.40
2007.12.27 05:48:35.244,1.14175,1.1418,0.30,0.40
2007.12.27 05:48:35.383,1.14175,1.1418,0.30,0.40
2007.12.27 05:48:35.667,1.14175,1.1418,0.30,0.40
2007.12.27 05:48:35.951,1.14175,1.1418,0.30,0.40
2007.12.27 05:48:36.235,1.14175,1.1418,0.30,0.40
2007.12.27 05:48:36.518,1.14175,1.1418,0.30,0.40
2007.12.27 05:48:37.641,1.14175,1.1418,0.30,0.40
2007.12.27 05:48:37.811,1.14175,1.14185,0.60,0.40
2007.12.27 05:48:37.980,1.14175,1.14185,4.60,0.40
2007.12.27 05:48:38.149,1.14175,1.1418,4.40,0.40
2007.12.27 05:48:38.318,1.14175,1.1418,0.50,0.40
2007.12.27 05:48:38.487,1.14175,1.1418,0.50,0.40
2007.12.27 05:48:38.921,1.14175,1.1418,0.50,0.40
2007.12.27 05:48:39.190,1.14175,1.1418,0.50,0.40
2007.12.27 05:48:39.428,1.14175,1.1418,0.50,0.40
2007.12.27 05:48:39.681,1.14175,1.1418,4.40,0.40
2007.12.27 05:48:39.810,1.14175,1.1418,8.40,0.40
2007.12.27 05:48:39.968,1.14175,1.1418,12.40,0.40
2007.12.27 05:48:40.083,1.14175,1.14185,12.60,0.40
2007.12.27 05:48:40.210,1.14175,1.14185,12.60,0.40
2007.12.27 05:48:40.338,1.14175,1.14185,12.60,0.40
2007.12.27 05:48:40.467,1.14175,1.14185,12.60,0.40
2007.12.27 05:48:40.595,1.1418,1.1419,0.30,0.40
2007.12.27 05:48:40.868,1.1418,1.1419,0.30,0.40
2007.12.27 05:48:41.142,1.14175,1.14185,16.60,0.40
2007.12.27 05:48:41.414,1.14175,1.14185,8.60,0.40
2007.12.27 05:48:41.688,1.14175,1.14185,8.60,0.40
2007.12.27 05:48:41.867,1.14175,1.14185,0.60,0.40
2007.12.27 05:48:42.045,1.14175,1.14185,0.60,0.40
2007.12.27 05:48:42.670,1.14175,1.14185,0.60,0.40
2007.12.27 05:48:42.874,1.14175,1.14185,0.60,0.40
2007.12.27 05:48:43.077,1.14175,1.14185,1.10,0.40
2007.12.27 05:48:43.281,1.1418,1.1419,0.30,0.40
2007.12.27 05:48:43.484,1.1418,1.1419,0.30,0.40
2007.12.27 05:48:43.688,1.1418,1.1419,0.30,0.40
2007.12.27 05:48:45.140,1.1419,1.142,0.30,0.40
2007.12.27 05:48:45.303,1.1419,1.142,0.30,0.40
2007.12.27 05:48:45.460,1.1419,1.142,0.30,0.40
2007.12.27 05:48:45.720,1.1419,1.142,0.30,0.40
2007.12.27 05:48:45.980,1.1419,1.142,0.30,0.40
2007.12.27 05:48:46.876,1.1419,1.14205,0.30,5.70
2007.12.27 05:48:46.973,1.1419,1.14205,0.30,5.20
2007.12.27 05:48:47.167,1.14185,1.1419,6.40,0.40
2007.12.27 05:48:47.361,1.14185,1.1419,2.40,0.40
2007.12.27 05:48:47.554,1.14185,1.1419,2.40,0.40
2007.12.27 05:48:47.747,1.1418,1.1419,0.30,0.40
2007.12.27 05:48:48.080,1.1418,1.1419,0.30,0.40
2007.12.27 05:48:48.414,1.1419,1.14205,0.30,8.80
2007.12.27 05:48:48.748,1.1419,1.14205,0.30,4.80
2007.12.27 05:48:49.192,1.1419,1.14205,0.30,4.80
2007.12.27 05:48:49.681,1.1419,1.14205,0.30,5.70
2007.12.27 05:48:49.869,1.1419,1.142,0.30,0.40
2007.12.27 05:48:50.186,1.1419,1.14205,0.30,8.10
2007.12.27 05:48:50.477,1.1418,1.1419,0.30,0.40
2007.12.27 05:48:50.781,1.1418,1.1419,0.30,0.40
2007.12.27 05:48:51.015,1.1418,1.1419,0.30,0.40
2007.12.27 05:48:51.249,1.1418,1.1419,0.30,0.40
2007.12.27 05:48:51.483,1.1418,1.1419,0.30,0.40
2007.12.27 05:48:51.838,1.1418,1.1419,0.30,0.40
2007.12.27 05:48:52.112,1.14175,1.14185,0.60,0.40
2007.12.27 05:48:52.304,1.14175,1.14185,0.30,0.40
2007.12.27 05:48:52.490,1.14175,1.14185,0.30,0.40
2007.12.27 05:48:52.679,1.14175,1.14195,0.30,10.90
2007.12.27 05:48:52.899,1.14175,1.14195,0.30,10.90
2007.12.27 05:48:53.118,1.14175,1.14195,0.30,11.30
2007.12.27 05:48:53.337,1.14175,1.14195,0.30,12.10
2007.12.27 05:48:53.555,1.14175,1.14185,0.30,0.40
2007.12.27 05:48:53.940,1.14175,1.14185,0.30,0.40
2007.12.27 05:48:56.025,1.1417,1.1418,0.30,0.40
2007.12.27 05:48:56.254,1.1417,1.1418,0.30,0.40
2007.12.27 05:48:56.482,1.1417,1.1418,0.30,0.40
2007.12.27 05:48:56.712,1.1417,1.14185,0.30,4.40
2007.12.27 05:48:57.056,1.1417,1.1418,0.30,0.40
2007.12.27 05:48:58.435,1.1417,1.1418,0.30,0.40
2007.12.27 05:48:58.921,1.1417,1.14185,0.30,4.40
2007.12.27 05:48:59.433,1.1417,1.1418,0.30,0.40
2007.12.27 05:48:59.733,1.14175,1.14195,0.60,11.30
2007.12.27 05:49:00.031,1.14175,1.14185,0.60,0.40
2007.12.27 05:49:00.343,1.14175,1.14185,0.60,0.40
2007.12.27 05:49:00.551,1.14175,1.14185,0.60,0.40
2007.12.27 05:49:01.205,1.14175,1.14185,0.60,0.40
2007.12.27 05:49:03.491,1.14175,1.14195,0.60,7.30
2007.12.27 05:49:03.902,1.14175,1.14195,0.60,7.30
2007.12.27 05:49:04.283,1.14175,1.14195,0.50,7.30
2007.12.27 05:49:04.707,1.14175,1.14185,0.50,0.40
2007.12.27 05:49:05.608,1.14175,1.1418,0.40,0.40
2007.12.27 05:49:05.783,1.14175,1.1418,0.40,0.40
2007.12.27 05:49:05.971,1.14175,1.1418,0.40,0.40
2007.12.27 05:49:06.161,1.14175,1.1418,0.20,0.40
2007.12.27 05:49:06.350,1.14175,1.1418,0.20,0.40
2007.12.27 05:49:06.582,1.14175,1.14185,0.20,4.40
2007.12.27 05:49:06.914,1.14175,1.14185,0.20,4.40
2007.12.27 05:49:07.209,1.14175,1.14185,0.20,4.40
2007.12.27 05:49:07.715,1.14175,1.14185,0.40,4.40
2007.12.27 05:49:07.950,1.14175,1.14185,0.40,4.40
2007.12.27 05:49:08.138,1.14175,1.14185,0.40,4.40
2007.12.27 05:49:08.406,1.14175,1.1418,0.40,0.40
2007.12.27 05:49:08.694,1.14175,1.14185,0.40,4.40
2007.12.27 05:49:09.014,1.14175,1.14185,0.50,0.80
2007.12.27 05:49:09.302,1.14175,1.14185,0.50,0.40
2007.12.27 05:49:09.532,1.14175,1.14185,0.50,0.40
2007.12.27 05:49:10.718,1.14175,1.14195,0.60,12.90
2007.12.27 05:49:11.021,1.14175,1.14195,0.60,12.90
2007.12.27 05:49:12.998,1.14175,1.14195,0.60,12.10
2007.12.27 05:49:13.226,1.14175,1.14185,0.60,0.40
2007.12.27 05:49:14.156,1.14175,1.14185,0.60,0.40
2007.12.27 05:49:16.617,1.14175,1.14185,0.60,0.40
2007.12.27 05:49:16.800,1.14175,1.14185,0.60,0.40
2007.12.27 05:49:16.983,1.14175,1.14185,0.60,0.40
2007.12.27 05:49:17.182,1.14175,1.1419,0.60,0.40
2007.12.27 05:49:17.364,1.14175,1.1419,0.60,0.40
2007.12.27 05:49:17.969,1.14175,1.1419,0.60,0.40
2007.12.27 05:49:18.283,1.14175,1.1419,0.60,0.40
2007.12.27 05:49:18.789,1.14175,1.1419,0.60,0.40
2007.12.27 05:49:18.993,1.14175,1.1419,0.60,0.40
2007.12.27 05:49:19.196,1.14175,1.1419,1.10,0.40
2007.12.27 05:49:19.400,1.14175,1.1419,1.10,0.40
2007.12.27 05:49:22.238,1.14175,1.1419,0.60,0.40
2007.12.27 05:49:23.040,1.14175,1.1419,0.90,0.40
2007.12.27 05:49:23.288,1.14175,1.1419,0.60,0.40
2007.12.27 05:49:23.536,1.14175,1.1419,0.60,0.40
2007.12.27 05:49:26.061,1.14175,1.1419,1.10,0.40
2007.12.27 05:49:26.255,1.14175,1.1419,1.10,0.40
2007.12.27 05:49:31.041,1.14175,1.1419,0.60,0.40
2007.12.27 05:49:31.209,1.14175,1.1419,2.80,0.40
2007.12.27 05:49:31.377,1.14175,1.1419,3.50,0.40
2007.12.27 05:49:31.545,1.14175,1.1419,3.50,0.40
2007.12.27 05:49:31.739,1.1418,1.14195,0.30,8.70
2007.12.27 05:49:31.906,1.1418,1.14195,0.30,8.70
2007.12.27 05:49:32.179,1.14175,1.14185,14.40,0.40
2007.12.27 05:49:32.452,1.1417,1.14185,4.20,4.30
2007.12.27 05:49:32.726,1.14175,1.14185,4.50,6.40
2007.12.27 05:49:32.984,1.14175,1.1419,4.50,6.80
2007.12.27 05:49:33.000,1.14175,1.14195,8.50,12.80
2007.12.27 05:49:33.213,1.14175,1.14195,9.20,11.20
2007.12.27 05:49:33.427,1.14175,1.14195,11.60,10.40
2007.12.27 05:49:33.641,1.14185,1.142,0.30,8.40
2007.12.27 05:49:33.867,1.14185,1.14195,0.30,0.60
2007.12.27 05:49:34.068,1.14185,1.14205,0.30,11.20
2007.12.27 05:49:34.332,1.14185,1.142,0.30,0.40
2007.12.27 05:49:34.595,1.14185,1.142,0.30,0.40
2007.12.27 05:49:34.858,1.14185,1.14205,0.30,11.20
2007.12.27 05:49:35.205,1.14185,1.14205,0.30,11.20
2007.12.27 05:49:37.653,1.1419,1.14215,0.30,34.80
2007.12.27 05:49:37.836,1.1419,1.14205,0.30,0.80
2007.12.27 05:49:38.019,1.1419,1.14215,0.30,20.40
2007.12.27 05:49:38.317,1.1419,1.14215,0.30,20.40
2007.12.27 05:49:38.599,1.1419,1.14215,0.30,20.40
2007.12.27 05:49:38.882,1.1419,1.14205,0.30,0.90
2007.12.27 05:49:41.106,1.1419,1.14215,0.30,19.60
2007.12.27 05:49:41.326,1.14185,1.14205,0.30,7.20
2007.12.27 05:49:41.519,1.14185,1.142,0.30,0.40
2007.12.27 05:49:41.711,1.14185,1.14205,0.30,11.20
2007.12.27 05:49:41.930,1.14185,1.14205,0.30,11.20
2007.12.27 05:49:42.450,1.14185,1.142,0.30,0.40
2007.12.27 05:49:43.090,1.14185,1.14205,0.30,11.20
2007.12.27 05:49:43.345,1.1419,1.14215,0.30,19.60
2007.12.27 05:49:43.564,1.1419,1.14205,0.30,0.70
2007.12.27 05:49:43.782,1.1419,1.14215,0.30,18.80
2007.12.27 05:49:44.001,1.1419,1.14215,0.30,18.80
2007.12.27 05:49:44.422,1.1419,1.14215,0.30,18.80
2007.12.27 05:49:44.737,1.1419,1.14205,0.30,0.90
2007.12.27 05:49:44.985,1.1419,1.14205,0.30,0.50
2007.12.27 05:49:45.234,1.1419,1.14215,0.30,18.80
2007.12.27 05:49:45.437,1.1419,1.14215,0.30,18.80
2007.12.27 05:49:45.989,1.1419,1.14215,0.30,18.80
2007.12.27 05:49:46.192,1.1419,1.14205,0.30,0.80
2007.12.27 05:49:46.396,1.1419,1.14215,0.30,18.80
2007.12.27 05:49:47.119,1.1419,1.14215,0.30,18.80
2007.12.27 05:49:48.733,1.1419,1.14205,0.30,0.90
2007.12.27 05:49:48.879,1.1419,1.14215,0.30,18.80
2007.12.27 05:49:48.999,1.1419,1.14215,0.30,18.80
2007.12.27 05:49:49.132,1.1419,1.14215,0.30,16.40
2007.12.27 05:49:49.265,1.1419,1.14215,0.30,15.20
2007.12.27 05:49:49.456,1.1419,1.14215,0.30,15.20
2007.12.27 05:49:50.171,1.1419,1.14205,0.30,0.50
2007.12.27 05:49:50.537,1.1419,1.14215,0.30,16.00
2007.12.27 05:49:50.660,1.1419,1.14215,0.30,16.00
2007.12.27 05:49:50.783,1.1419,1.14215,0.30,16.00
2007.12.27 05:49:50.954,1.1419,1.14205,0.30,0.50
2007.12.27 05:49:51.078,1.1419,1.14205,0.30,0.80
2007.12.27 05:49:51.202,1.14195,1.14205,0.30,0.60
2007.12.27 05:49:51.325,1.14195,1.14215,0.30,11.20
2007.12.27 05:49:51.448,1.14195,1.14215,0.30,11.20
2007.12.27 05:49:52.002,1.14195,1.14215,0.30,11.20
2007.12.27 05:49:52.310,1.14195,1.14215,0.30,11.20
2007.12.27 05:49:52.631,1.14195,1.1421,0.30,0.40
2007.12.27 05:49:53.012,1.14195,1.14215,0.30,11.20
2007.12.27 05:49:53.160,1.14195,1.14215,0.30,11.20
2007.12.27 05:49:53.308,1.14195,1.14215,0.30,8.80
2007.12.27 05:49:53.941,1.14195,1.14215,0.30,8.80
2007.12.27 05:49:54.141,1.14195,1.14215,0.30,8.80
2007.12.27 05:49:54.460,1.14195,1.14215,0.30,8.80
2007.12.27 05:49:57.251,1.14195,1.14215,0.30,8.80
2007.12.27 05:49:57.475,1.14195,1.1421,0.30,0.40
2007.12.27 05:49:57.698,1.14195,1.1421,0.30,0.40
2007.12.27 05:49:59.158,1.14195,1.14215,0.30,11.20
2007.12.27 05:49:59.307,1.14195,1.14215,0.30,11.20
2007.12.27 05:49:59.456,1.14195,1.14215,0.30,11.20
2007.12.27 05:49:59.651,1.14195,1.1421,0.30,0.40
2007.12.27 05:49:59.875,1.14195,1.14215,0.30,11.20
2007.12.27 05:50:00.023,1.14195,1.14215,0.30,11.20
2007.12.27 05:50:00.301,1.14195,1.14215,0.30,11.20
2007.12.27 05:50:02.927,1.14195,1.14215,0.30,11.20
2007.12.27 05:50:04.460,1.14195,1.14215,0.30,11.20
2007.12.27 05:50:05.644,1.14195,1.14215,0.30,11.20
2007.12.27 05:50:07.398,1.14195,1.14215,0.30,11.20
2007.12.27 05:50:10.536,1.14195,1.1421,0.30,0.40
2007.12.27 05:50:11.081,1.14195,1.1421,0.30,0.40
2007.12.27 05:50:12.488,1.1419,1.14215,0.60,11.20
2007.12.27 05:50:13.989,1.14195,1.1421,0.30,0.40
2007.12.27 05:50:14.257,1.1419,1.14215,0.60,12.80
2007.12.27 05:50:15.478,1.1419,1.14215,0.60,12.80
2007.12.27 05:50:15.710,1.1419,1.14215,0.60,11.20
2007.12.27 05:50:15.944,1.1419,1.14215,0.60,11.20
2007.12.27 05:50:16.177,1.1419,1.14215,0.60,11.20
2007.12.27 05:50:16.416,1.1419,1.14215,0.60,11.20
2007.12.27 05:50:21.456,1.1418,1.1421,32.90,6.80
2007.12.27 05:50:30.593,1.1419,1.14205,0.30,0.40
2007.12.27 05:50:30.721,1.1419,1.14205,0.30,0.40
2007.12.27 05:50:30.925,1.1419,1.14205,0.30,0.40
2007.12.27 05:50:31.113,1.14185,1.14205,8.00,0.40
2007.12.27 05:50:31.300,1.14185,1.14205,8.00,4.30
2007.12.27 05:50:31.488,1.14185,1.14205,8.00,4.30
2007.12.27 05:50:32.044,1.1419,1.14205,0.30,4.30
2007.12.27 05:50:32.460,1.14185,1.14205,8.00,4.30
2007.12.27 05:50:32.624,1.14185,1.14205,7.60,4.30
2007.12.27 05:50:33.126,1.1419,1.14205,0.30,4.30
2007.12.27 05:50:33.675,1.1419,1.14205,0.30,4.30
2007.12.27 05:50:33.849,1.14185,1.14205,7.90,0.40
2007.12.27 05:50:34.007,1.14185,1.14205,7.80,0.40
2007.12.27 05:50:34.166,1.14195,1.1421,0.30,0.40
2007.12.27 05:50:34.325,1.1419,1.1421,0.60,0.40
2007.12.27 05:50:34.635,1.142,1.14215,0.30,12.70
2007.12.27 05:50:34.795,1.142,1.14215,0.30,7.10
2007.12.27 05:50:35.023,1.14195,1.14215,8.50,7.10
2007.12.27 05:50:35.252,1.142,1.14215,0.30,7.10
2007.12.27 05:50:35.481,1.14195,1.14215,16.50,7.10
2007.12.27 05:50:35.915,1.14195,1.14215,16.50,7.10
2007.12.27 05:50:36.086,1.142,1.14215,0.30,7.10
2007.12.27 05:50:36.260,1.14195,1.1421,1.60,0.40
2007.12.27 05:50:36.434,1.1419,1.1421,0.60,0.40
2007.12.27 05:50:36.607,1.14195,1.1421,0.30,0.40
2007.12.27 05:50:36.942,1.1419,1.1421,0.60,0.40
2007.12.27 05:50:37.247,1.142,1.14215,0.30,11.10
2007.12.27 05:50:37.551,1.14195,1.14215,8.80,7.10
2007.12.27 05:50:37.854,1.14195,1.14215,16.80,7.10
2007.12.27 05:50:38.157,1.14195,1.14215,16.80,7.10
2007.12.27 05:50:38.380,1.142,1.14215,0.30,7.10
2007.12.27 05:50:38.559,1.142,1.14215,0.30,7.10
2007.12.27 05:50:39.021,1.14195,1.14215,16.80,7.10
2007.12.27 05:50:40.059,1.14195,1.14215,16.50,7.10
2007.12.27 05:50:41.717,1.142,1.14215,0.30,7.10
2007.12.27 05:50:41.910,1.142,1.14215,0.30,6.70
2007.12.27 05:50:43.642,1.142,1.14215,0.30,6.70
2007.12.27 05:50:43.853,1.142,1.14215,0.30,7.10
2007.12.27 05:50:44.366,1.142,1.14215,0.30,4.70
2007.12.27 05:50:44.665,1.142,1.14215,0.30,0.70
2007.12.27 05:50:44.861,1.14205,1.14215,0.30,0.50
2007.12.27 05:50:45.044,1.14205,1.14215,0.30,0.50
2007.12.27 05:50:45.252,1.14205,1.1422,0.30,0.40
2007.12.27 05:50:45.639,1.14205,1.1422,0.30,0.40
2007.12.27 05:50:45.847,1.14205,1.1422,0.30,0.40
2007.12.27 05:50:46.063,1.14205,1.1422,0.30,0.40
2007.12.27 05:50:47.362,1.14205,1.1422,0.30,0.40
2007.12.27 05:50:47.579,1.14205,1.1422,0.30,0.40
2007.12.27 05:50:48.953,1.14205,1.1422,0.30,0.40
2007.12.27 05:50:49.153,1.1421,1.14225,0.30,11.90
2007.12.27 05:50:49.352,1.1421,1.14225,0.30,7.10
2007.12.27 05:50:49.550,1.1421,1.14225,0.30,7.10
2007.12.27 05:50:49.804,1.1421,1.14225,0.30,7.10
2007.12.27 05:50:50.016,1.1421,1.14225,0.30,7.10
2007.12.27 05:50:50.214,1.1421,1.14225,0.30,7.10
2007.12.27 05:50:51.648,1.14205,1.1422,4.20,0.40
2007.12.27 05:50:51.852,1.14205,1.1422,0.30,0.40
2007.12.27 05:50:52.056,1.14205,1.1422,0.30,0.40
2007.12.27 05:50:52.259,1.14205,1.1422,0.30,0.40
2007.12.27 05:50:54.933,1.14205,1.1422,0.30,0.40
2007.12.27 05:50:55.085,1.14205,1.1422,0.30,0.40
2007.12.27 05:50:55.239,1.14205,1.1422,0.30,0.40
2007.12.27 05:50:56.205,1.14205,1.1422,0.30,0.40
2007.12.27 05:50:57.121,1.14205,1.1422,0.30,0.40
2007.12.27 05:50:58.744,1.14205,1.14215,0.30,2.40
2007.12.27 05:50:59.020,1.142,1.14215,0.30,2.70
2007.12.27 05:50:59.218,1.142,1.14215,0.30,2.70
2007.12.27 05:50:59.415,1.142,1.14215,0.30,0.40
2007.12.27 05:50:59.770,1.142,1.14215,0.30,4.30
2007.12.27 05:50:59.964,1.142,1.14215,0.30,4.30
2007.12.27 05:51:01.141,1.142,1.14215,0.30,4.30
2007.12.27 05:51:01.359,1.142,1.14215,0.30,4.30
2007.12.27 05:51:01.577,1.142,1.14215,0.30,4.30
2007.12.27 05:51:02.207,1.142,1.14215,0.30,4.30
2007.12.27 05:51:02.313,1.142,1.14215,0.30,4.30
2007.12.27 05:51:02.431,1.142,1.14215,0.30,4.30
2007.12.27 05:51:05.648,1.142,1.14215,0.30,4.30
2007.12.27 05:51:08.979,1.142,1.14215,0.30,4.30
2007.12.27 05:51:09.117,1.142,1.14215,0.30,4.30
2007.12.27 05:51:09.255,1.142,1.14215,0.30,0.40
2007.12.27 05:51:09.394,1.142,1.14215,0.30,0.40
2007.12.27 05:51:09.533,1.142,1.14215,0.30,0.40
2007.12.27 05:51:09.671,1.14205,1.1422,0.30,0.40
2007.12.27 05:51:09.985,1.14205,1.1422,0.30,0.40
2007.12.27 05:51:10.299,1.14205,1.1422,0.30,0.40
2007.12.27 05:51:10.629,1.14205,1.1422,0.30,0.40
2007.12.27 05:51:11.219,1.14205,1.1422,0.30,0.40
2007.12.27 05:51:12.191,1.142,1.1422,0.60,0.40
2007.12.27 05:51:14.933,1.142,1.1422,0.60,0.40
2007.12.27 05:51:16.530,1.14205,1.1422,0.80,0.40
2007.12.27 05:51:16.673,1.14205,1.1422,1.50,0.40
2007.12.27 05:51:18.576,1.14205,1.1422,0.80,0.40
2007.12.27 05:51:18.730,1.142,1.1422,4.50,0.40
2007.12.27 05:51:18.981,1.142,1.1422,4.50,0.40
2007.12.27 05:51:19.134,1.14205,1.1422,0.30,0.40
2007.12.27 05:51:21.156,1.142,1.1422,0.60,0.40
2007.12.27 05:51:21.334,1.142,1.1422,0.60,0.40
2007.12.27 05:51:22.285,1.14205,1.1422,0.30,0.40
2007.12.27 05:51:23.236,1.142,1.1422,0.60,0.40
2007.12.27 05:51:23.431,1.14205,1.1422,0.30,0.40
2007.12.27 05:51:24.535,1.14205,1.1422,0.30,0.40
2007.12.27 05:51:26.635,1.14205,1.14225,0.60,11.10
2007.12.27 05:51:26.912,1.1421,1.14225,0.30,4.70
2007.12.27 05:51:27.190,1.1421,1.14225,0.30,4.70
2007.12.27 05:51:27.469,1.14205,1.14225,6.90,4.70
2007.12.27 05:51:27.916,1.1421,1.14225,0.30,4.70
2007.12.27 05:51:28.198,1.14205,1.14225,7.30,4.30
2007.12.27 05:51:28.387,1.1421,1.14225,0.30,4.30
2007.12.27 05:51:28.935,1.14205,1.14225,7.30,4.30
2007.12.27 05:51:29.156,1.1421,1.14225,0.30,4.30
2007.12.27 05:51:29.320,1.14205,1.14225,6.90,4.30
2007.12.27 05:51:29.498,1.14205,1.14225,6.90,4.30
2007.12.27 05:51:29.676,1.1421,1.14225,0.30,4.30
2007.12.27 05:51:29.855,1.1421,1.14225,8.30,0.40
2007.12.27 05:51:30.033,1.1421,1.14225,12.20,0.40
2007.12.27 05:51:30.211,1.1421,1.1423,12.40,0.40
2007.12.27 05:51:30.390,1.1421,1.1423,12.40,0.40
2007.12.27 05:51:30.619,1.1421,1.1423,12.40,0.40
2007.12.27 05:51:30.846,1.1421,1.1423,12.40,0.40
2007.12.27 05:51:31.147,1.1421,1.1423,12.40,0.40
2007.12.27 05:51:31.375,1.14215,1.1423,2.70,0.40
2007.12.27 05:51:31.683,1.1421,1.1423,12.40,0.40
2007.12.27 05:51:31.961,1.1421,1.1423,12.40,0.40
2007.12.27 05:51:32.241,1.1422,1.14235,0.30,4.70
2007.12.27 05:51:32.519,1.14215,1.14235,16.50,4.70
2007.12.27 05:51:32.712,1.14215,1.14235,14.90,7.10
2007.12.27 05:51:32.906,1.1422,1.14235,0.30,7.10
2007.12.27 05:51:33.099,1.1422,1.14235,0.30,7.10
2007.12.27 05:51:33.293,1.14215,1.14235,14.90,7.10
2007.12.27 05:51:34.057,1.14215,1.14235,14.90,7.10
2007.12.27 05:51:34.230,1.14215,1.14235,14.90,7.10
2007.12.27 05:51:35.296,1.1422,1.14235,0.30,7.10
2007.12.27 05:51:35.819,1.14215,1.14235,14.90,7.10
2007.12.27 05:51:36.008,1.14215,1.14235,14.90,7.10
2007.12.27 05:51:36.197,1.14215,1.14235,14.90,7.10
2007.12.27 05:51:36.385,1.1422,1.14235,0.30,7.10
2007.12.27 05:51:36.629,1.1422,1.14235,0.30,7.10
2007.12.27 05:51:36.872,1.1422,1.14235,0.30,7.10
2007.12.27 05:51:37.115,1.14215,1.14235,15.70,7.10
2007.12.27 05:51:37.358,1.1422,1.14235,0.30,7.10
2007.12.27 05:51:37.634,1.14225,1.14235,0.30,6.80
2007.12.27 05:51:37.891,1.1422,1.1424,4.50,0.40
2007.12.27 05:51:38.150,1.14225,1.1424,0.60,0.40
2007.12.27 05:51:38.409,1.1422,1.14235,0.30,4.30
2007.12.27 05:51:38.612,1.1422,1.14235,0.30,4.30
2007.12.27 05:51:39.469,1.1422,1.14235,0.30,4.30
2007.12.27 05:51:40.123,1.1422,1.14235,0.30,4.30
2007.12.27 05:51:40.589,1.14215,1.14235,19.30,4.30
2007.12.27 05:51:41.179,1.1422,1.14235,0.30,4.30
2007.12.27 05:51:42.140,1.1422,1.14235,0.30,4.30
2007.12.27 05:51:42.901,1.1422,1.14235,0.30,4.30
2007.12.27 05:51:43.070,1.1422,1.14235,0.30,4.30
2007.12.27 05:51:43.238,1.1422,1.14235,0.30,4.30
2007.12.27 05:51:45.793,1.1422,1.14235,0.30,4.30
2007.12.27 05:51:45.995,1.1422,1.14235,0.30,4.30
2007.12.27 05:51:46.488,1.1422,1.14235,0.30,4.30
2007.12.27 05:51:48.502,1.1422,1.14235,0.30,4.30
2007.12.27 05:51:50.431,1.1422,1.14235,0.30,4.30
2007.12.27 05:51:51.677,1.14225,1.14235,0.30,4.00
2007.12.27 05:51:51.872,1.14225,1.1424,0.30,0.40
2007.12.27 05:51:52.086,1.14225,1.1424,0.30,0.40
2007.12.27 05:51:52.300,1.14225,1.1424,0.30,0.40
2007.12.27 05:51:53.270,1.14225,1.1424,0.30,0.40
2007.12.27 05:51:56.631,1.1422,1.14235,0.30,0.40
2007.12.27 05:51:56.756,1.1422,1.14235,0.30,2.70
2007.12.27 05:51:56.876,1.1422,1.14235,0.30,2.70
2007.12.27 05:51:57.168,1.14215,1.14235,16.90,2.70
2007.12.27 05:51:57.462,1.1422,1.14235,0.30,6.70
2007.12.27 05:51:57.756,1.14215,1.14235,16.90,6.70
2007.12.27 05:51:58.062,1.1422,1.14235,0.30,6.70
2007.12.27 05:51:59.932,1.14215,1.14235,16.90,6.70
2007.12.27 05:52:00.158,1.1422,1.14235,0.30,8.10
2007.12.27 05:52:00.318,1.14205,1.14225,7.80,4.30
2007.12.27 05:52:00.522,1.1421,1.14225,0.30,4.30
2007.12.27 05:52:01.130,1.1421,1.14225,0.30,4.30
2007.12.27 05:52:01.347,1.14205,1.14225,7.80,4.30
2007.12.27 05:52:01.550,1.14205,1.14225,7.80,4.30
2007.12.27 05:52:03.856,1.14205,1.14225,7.80,4.30
2007.12.27 05:52:04.041,1.1422,1.14225,0.30,4.00
2007.12.27 05:52:04.224,1.14215,1.14225,0.60,4.00
2007.12.27 05:52:04.393,1.1422,1.14235,0.30,0.40
2007.12.27 05:52:04.561,1.1422,1.14235,0.30,0.40
2007.12.27 05:52:04.916,1.1422,1.14235,0.30,0.40
2007.12.27 05:52:05.651,1.1422,1.14235,0.30,0.40
2007.12.27 05:52:05.830,1.14225,1.1424,0.30,0.40
2007.12.27 05:52:06.009,1.14225,1.1424,0.30,0.40
2007.12.27 05:52:06.188,1.1422,1.14235,0.60,0.40
2007.12.27 05:52:06.366,1.1422,1.14235,0.60,0.40
2007.12.27 05:52:06.549,1.14225,1.14235,0.30,0.40
2007.12.27 05:52:06.733,1.14215,1.1423,18.90,0.40
2007.12.27 05:52:06.916,1.14215,1.1423,18.90,0.40
2007.12.27 05:52:07.112,1.14215,1.1423,18.90,0.40
2007.12.27 05:52:07.283,1.14215,1.1423,18.90,0.40
2007.12.27 05:52:07.963,1.1422,1.1423,0.30,0.40
2007.12.27 05:52:15.642,1.14215,1.1422,4.70,0.40
2007.12.27 05:52:15.881,1.14205,1.1422,15.50,0.40
2007.12.27 05:52:16.119,1.14205,1.1422,8.50,0.40
2007.12.27 05:52:16.358,1.14205,1.1422,7.70,0.40
2007.12.27 05:52:16.596,1.1421,1.1422,0.30,0.40
2007.12.27 05:52:16.800,1.14205,1.1422,7.70,0.40
2007.12.27 05:52:17.003,1.14205,1.1422,7.70,0.40
2007.12.27 05:52:17.471,1.14205,1.1422,7.70,0.40
2007.12.27 05:52:17.981,1.1421,1.1422,0.30,0.40
2007.12.27 05:52:21.215,1.14205,1.1422,7.70,0.40
2007.12.27 05:52:23.162,1.1421,1.1422,0.30,0.40
2007.12.27 05:52:23.620,1.14215,1.14225,0.30,4.30
2007.12.27 05:52:23.789,1.14215,1.14225,0.30,0.40
2007.12.27 05:52:23.959,1.14215,1.14225,0.30,0.40
2007.12.27 05:52:24.140,1.1421,1.1422,0.30,0.40
2007.12.27 05:52:24.320,1.1421,1.1422,0.30,0.40
2007.12.27 05:52:24.501,1.1421,1.1422,0.30,0.40
2007.12.27 05:52:24.695,1.1421,1.1422,0.30,0.40
2007.12.27 05:52:25.058,1.1421,1.1422,0.30,0.40
2007.12.27 05:52:25.277,1.1421,1.1422,0.30,0.40
2007.12.27 05:52:25.496,1.1421,1.1422,0.30,0.40
2007.12.27 05:52:25.883,1.1421,1.1422,0.30,0.40
2007.12.27 05:52:27.017,1.1421,1.1422,0.30,0.40
2007.12.27 05:52:27.443,1.1421,1.1422,0.30,0.40
2007.12.27 05:52:31.291,1.1421,1.1422,0.30,0.40
2007.12.27 05:52:35.976,1.1421,1.1422,0.30,0.40
2007.12.27 05:52:36.114,1.1421,1.1422,0.30,0.40
2007.12.27 05:52:36.581,1.14215,1.14225,0.30,4.30
2007.12.27 05:52:36.770,1.14215,1.14225,8.20,0.40
2007.12.27 05:52:37.015,1.14215,1.14225,8.20,0.40
2007.12.27 05:52:37.203,1.14215,1.14225,8.20,0.40
2007.12.27 05:52:37.392,1.14215,1.14225,8.20,0.40
2007.12.27 05:52:40.266,1.14215,1.14225,10.60,0.40
2007.12.27 05:52:40.654,1.1422,1.1423,0.30,1.10
2007.12.27 05:52:40.813,1.1422,1.1423,0.30,0.40
2007.12.27 05:52:40.984,1.1422,1.1423,0.30,0.40
2007.12.27 05:52:41.142,1.1422,1.1423,0.30,0.40
2007.12.27 05:52:41.718,1.1422,1.1423,0.30,0.40
2007.12.27 05:52:42.238,1.1422,1.1423,0.30,0.40
2007.12.27 05:52:43.384,1.1422,1.1423,0.30,0.40
2007.12.27 05:52:44.233,1.14215,1.1423,18.90,0.40
2007.12.27 05:52:45.965,1.1422,1.1423,0.30,0.40
2007.12.27 05:52:46.160,1.14225,1.14235,0.30,4.70
2007.12.27 05:52:46.302,1.14225,1.14235,0.30,0.40
2007.12.27 05:52:46.481,1.14225,1.14235,0.30,0.40
2007.12.27 05:52:47.080,1.14225,1.1424,0.30,1.10
2007.12.27 05:52:47.268,1.14225,1.1424,0.30,1.10
2007.12.27 05:52:49.324,1.14225,1.1424,2.60,1.10
2007.12.27 05:52:49.576,1.1423,1.1424,0.30,0.80
2007.12.27 05:52:49.709,1.1423,1.1424,0.30,0.80
2007.12.27 05:52:49.844,1.1423,1.14245,0.30,8.70
2007.12.27 05:52:49.977,1.1423,1.14245,0.30,4.70
2007.12.27 05:52:50.112,1.14225,1.1424,2.60,0.40
2007.12.27 05:52:50.245,1.14225,1.1424,2.60,0.40
2007.12.27 05:52:50.379,1.14225,1.14235,0.30,4.00
2007.12.27 05:52:50.512,1.14225,1.14235,0.30,4.00
2007.12.27 05:52:50.806,1.1422,1.14235,0.30,4.30
2007.12.27 05:52:51.101,1.1422,1.14235,0.30,6.70
2007.12.27 05:52:51.395,1.14225,1.1424,0.30,1.10
2007.12.27 05:52:51.688,1.14225,1.1424,0.30,1.10
2007.12.27 05:52:51.998,1.14225,1.1424,0.30,1.10
2007.12.27 05:52:52.217,1.14225,1.1424,0.30,1.10
2007.12.27 05:52:52.613,1.1422,1.14235,0.30,0.40
2007.12.27 05:52:52.747,1.1422,1.14235,0.30,2.70
2007.12.27 05:52:52.879,1.1422,1.14235,0.30,2.70
2007.12.27 05:52:53.025,1.1422,1.14235,0.30,2.70
2007.12.27 05:52:53.184,1.1422,1.14235,0.30,6.70
2007.12.27 05:52:53.317,1.1422,1.14235,0.30,6.70
2007.12.27 05:52:53.451,1.1422,1.14235,0.30,6.70
2007.12.27 05:52:55.697,1.1422,1.14235,0.30,4.30
2007.12.27 05:52:55.946,1.1422,1.14235,0.30,4.30
2007.12.27 05:52:56.456,1.1422,1.14235,0.30,4.30
2007.12.27 05:52:59.174,1.1422,1.14235,0.30,6.70
2007.12.27 05:53:04.618,1.1423,1.14235,0.30,6.40
2007.12.27 05:53:04.843,1.1423,1.14235,0.30,2.40
2007.12.27 05:53:05.063,1.1423,1.14245,0.30,4.70
2007.12.27 05:53:05.260,1.14225,1.1424,6.60,0.40
2007.12.27 05:53:05.468,1.14225,1.14235,0.30,4.00
2007.12.27 05:53:05.676,1.1422,1.14235,0.30,4.30
2007.12.27 05:53:05.885,1.1422,1.14235,0.30,2.70
2007.12.27 05:53:06.173,1.14225,1.14235,0.30,2.40
2007.12.27 05:53:06.462,1.14225,1.1424,0.30,1.10
2007.12.27 05:53:06.764,1.14225,1.1424,0.30,1.10
2007.12.27 05:53:07.196,1.14225,1.1424,0.30,1.10
2007.12.27 05:53:07.379,1.14225,1.1424,0.30,1.10
2007.12.27 05:53:07.850,1.14225,1.1424,0.30,1.10
2007.12.27 05:53:09.002,1.14225,1.1424,0.30,1.10
2007.12.27 05:53:09.756,1.14225,1.1424,0.30,1.10
2007.12.27 05:53:09.985,1.14225,1.1424,0.30,0.40
2007.12.27 05:53:10.978,1.14225,1.1424,0.30,0.40
2007.12.27 05:53:11.752,1.14225,1.1424,0.30,0.40
2007.12.27 05:53:11.960,1.14225,1.1424,0.30,0.40
2007.12.27 05:53:12.169,1.14225,1.1424,0.30,1.10
2007.12.27 05:53:14.583,1.1423,1.1424,0.30,0.80
2007.12.27 05:53:14.728,1.1423,1.14245,0.30,12.70
2007.12.27 05:53:14.871,1.1423,1.14245,0.30,7.10
2007.12.27 05:53:15.014,1.1423,1.14245,0.30,7.10
2007.12.27 05:53:15.232,1.1423,1.14245,0.30,7.10
2007.12.27 05:53:17.248,1.1423,1.14245,0.30,7.10
2007.12.27 05:53:17.444,1.1423,1.14245,0.30,7.10
2007.12.27 05:53:18.482,1.1423,1.14245,0.30,7.10
2007.12.27 05:53:19.192,1.1423,1.14245,0.30,7.10
2007.12.27 05:53:20.998,1.1423,1.14245,0.30,7.10
2007.12.27 05:53:21.462,1.14225,1.14245,4.50,7.10
2007.12.27 05:53:25.340,1.14225,1.14245,6.90,4.70
2007.12.27 05:53:25.583,1.14235,1.14245,0.30,4.40
2007.12.27 05:53:25.756,1.1423,1.14245,0.60,4.00
2007.12.27 05:53:25.929,1.1423,1.1425,0.60,1.10
2007.12.27 05:53:26.189,1.1423,1.1425,0.60,1.10
2007.12.27 05:53:26.412,1.1423,1.1425,0.60,1.10
2007.12.27 05:53:27.236,1.1423,1.1425,0.60,1.10
2007.12.27 05:53:29.146,1.1423,1.1425,0.60,1.10
2007.12.27 05:53:29.270,1.1423,1.1425,0.60,1.10
2007.12.27 05:53:29.485,1.1423,1.1425,0.60,1.10
2007.12.27 05:53:30.713,1.1423,1.1425,0.60,1.10
2007.12.27 05:53:30.922,1.1423,1.1425,0.60,1.10
2007.12.27 05:53:31.132,1.1423,1.1425,0.60,1.10
2007.12.27 05:53:31.285,1.1423,1.14245,0.60,2.40
2007.12.27 05:53:31.439,1.14235,1.14245,0.30,2.40
2007.12.27 05:53:31.611,1.14225,1.14245,12.50,2.70
2007.12.27 05:53:31.835,1.1423,1.14245,0.30,6.70
2007.12.27 05:53:32.058,1.1423,1.14245,0.30,6.70
2007.12.27 05:53:32.281,1.14225,1.14245,4.50,7.10
2007.12.27 05:53:32.924,1.14225,1.14245,4.50,7.10
2007.12.27 05:53:33.094,1.14225,1.14245,4.50,7.10
2007.12.27 05:53:33.241,1.14225,1.14245,4.50,7.10
2007.12.27 05:53:33.752,1.1423,1.14245,0.30,7.10
2007.12.27 05:53:34.461,1.14225,1.14245,4.50,7.10
2007.12.27 05:53:34.976,1.14225,1.14245,4.50,7.10
2007.12.27 05:53:38.731,1.14225,1.14245,4.50,7.10
2007.12.27 05:53:41.935,1.14225,1.14245,5.00,7.10
2007.12.27 05:53:42.168,1.1423,1.14245,0.30,4.30
2007.12.27 05:53:42.402,1.1423,1.1425,0.60,1.10
2007.12.27 05:53:42.635,1.14235,1.1425,0.30,0.40
2007.12.27 05:53:42.868,1.14235,1.1425,0.30,0.40
2007.12.27 05:53:43.101,1.14235,1.1425,0.30,0.40
2007.12.27 05:53:43.285,1.14235,1.1425,0.30,0.40
2007.12.27 05:53:43.467,1.1423,1.1425,0.60,0.40
2007.12.27 05:53:44.034,1.14235,1.1425,0.30,0.40
2007.12.27 05:53:44.280,1.14235,1.1425,0.30,0.40
2007.12.27 05:53:44.777,1.14235,1.1425,0.30,0.40
2007.12.27 05:53:46.146,1.14225,1.14245,16.40,0.40
2007.12.27 05:53:46.255,1.1423,1.14245,0.30,0.40
2007.12.27 05:53:46.362,1.1423,1.14245,0.30,0.40
2007.12.27 05:53:46.471,1.14225,1.14245,7.30,0.40
2007.12.27 05:53:46.580,1.14225,1.14245,7.30,0.40
2007.12.27 05:53:46.718,1.14225,1.14245,7.20,0.40
2007.12.27 05:53:46.832,1.14225,1.14245,7.20,4.30
2007.12.27 05:53:47.113,1.1423,1.14245,0.30,4.70
2007.12.27 05:53:47.932,1.1423,1.14245,0.30,4.70
2007.12.27 05:53:48.162,1.14225,1.14245,7.30,4.70
2007.12.27 05:53:51.645,1.1424,1.14245,0.30,4.40
2007.12.27 05:53:51.860,1.1424,1.14255,0.30,11.10
2007.12.27 05:53:52.073,1.1424,1.14255,0.30,7.10
2007.12.27 05:53:52.242,1.1424,1.14255,0.30,7.10
2007.12.27 05:53:53.054,1.1424,1.14255,0.30,7.10
2007.12.27 05:53:53.223,1.1424,1.14255,0.30,7.10
2007.12.27 05:53:53.516,1.1424,1.14255,0.30,7.10
2007.12.27 05:53:53.926,1.1424,1.14255,0.30,7.10
2007.12.27 05:53:54.108,1.1424,1.14255,0.30,7.10
2007.12.27 05:53:54.386,1.1424,1.14255,0.30,7.10
2007.12.27 05:53:54.825,1.1424,1.14255,0.30,4.70
2007.12.27 05:53:55.365,1.1424,1.14255,0.30,7.10
2007.12.27 05:53:56.965,1.1424,1.14255,0.30,7.10
2007.12.27 05:53:57.476,1.1424,1.14255,0.30,7.10
2007.12.27 05:54:00.102,1.1424,1.14255,0.30,7.10
2007.12.27 05:54:00.631,1.1424,1.14255,0.30,7.10
2007.12.27 05:54:00.904,1.14235,1.1425,0.30,0.40
2007.12.27 05:54:01.183,1.14235,1.1425,0.30,0.40
2007.12.27 05:54:01.373,1.14235,1.1425,0.30,0.40
2007.12.27 05:54:01.804,1.14235,1.1425,0.30,0.40
2007.12.27 05:54:01.998,1.14235,1.1425,0.30,0.40
2007.12.27 05:54:04.095,1.1423,1.14245,0.30,0.40
2007.12.27 05:54:04.250,1.1423,1.14245,0.30,2.70
2007.12.27 05:54:04.462,1.1423,1.14245,0.30,2.70
2007.12.27 05:54:04.716,1.1423,1.14245,0.30,6.70
2007.12.27 05:54:05.247,1.1423,1.14245,0.30,6.70
2007.12.27 05:54:05.446,1.1423,1.14245,0.30,6.70
2007.12.27 05:54:06.670,1.1423,1.14245,0.30,6.70
2007.12.27 05:54:10.935,1.1423,1.14245,0.30,6.70
2007.12.27 05:54:15.962,1.1423,1.14245,0.30,4.30
2007.12.27 05:54:16.086,1.1423,1.14245,0.30,4.30
2007.12.27 05:54:17.669,1.1423,1.14245,0.30,4.30
2007.12.27 05:54:17.778,1.1423,1.14245,0.30,4.30
2007.12.27 05:54:17.885,1.1423,1.14245,0.30,6.70
2007.12.27 05:54:18.012,1.1423,1.14245,0.30,6.70
2007.12.27 05:54:18.792,1.1423,1.14245,0.30,4.30
2007.12.27 05:54:19.056,1.1423,1.14245,0.30,4.30
2007.12.27 05:54:23.581,1.1423,1.14245,0.30,4.30
2007.12.27 05:54:26.075,1.14225,1.14245,7.70,4.30
2007.12.27 05:54:26.745,1.14225,1.14245,7.70,4.30
2007.12.27 05:54:26.943,1.1423,1.14245,0.30,4.30
2007.12.27 05:54:27.142,1.14225,1.14245,7.30,4.30
2007.12.27 05:54:27.341,1.1423,1.14245,0.30,4.30
2007.12.27 05:54:28.316,1.14225,1.14245,7.30,4.30
2007.12.27 05:54:28.629,1.14225,1.14245,7.30,4.30
2007.12.27 05:54:28.782,1.1423,1.14245,0.30,4.30
2007.12.27 05:54:34.157,1.1423,1.14245,0.70,4.00
2007.12.27 05:54:34.365,1.1423,1.1424,1.20,0.50
2007.12.27 05:54:34.692,1.14225,1.1424,6.40,0.50
2007.12.27 05:54:34.899,1.1422,1.1424,10.10,0.50
2007.12.27 05:54:35.929,1.1423,1.1424,0.60,0.50
2007.12.27 05:54:36.250,1.1423,1.1424,1.30,0.50
2007.12.27 05:54:36.484,1.1423,1.1424,0.50,0.50
2007.12.27 05:54:38.196,1.1423,1.1424,0.80,0.50
2007.12.27 05:54:38.724,1.14215,1.1424,10.90,2.80
2007.12.27 05:54:38.876,1.14215,1.1424,23.70,2.80
2007.12.27 05:54:39.030,1.14215,1.1424,19.70,2.80
2007.12.27 05:54:39.223,1.1422,1.1424,2.90,0.40
2007.12.27 05:54:39.416,1.1422,1.1424,2.90,0.40
2007.12.27 05:54:39.610,1.14225,1.14245,2.90,8.70
2007.12.27 05:54:39.803,1.14225,1.14245,6.90,4.70
2007.12.27 05:54:39.997,1.14225,1.14245,6.90,4.70
2007.12.27 05:54:40.221,1.1422,1.14235,2.70,4.30
2007.12.27 05:54:40.444,1.1422,1.14235,0.30,4.30
2007.12.27 05:54:40.668,1.14215,1.14235,15.30,4.30
2007.12.27 05:54:41.000,1.14215,1.14235,15.30,4.30
2007.12.27 05:54:41.198,1.1422,1.14235,0.60,4.00
2007.12.27 05:54:41.396,1.14225,1.1424,0.30,0.40
2007.12.27 05:54:41.595,1.1422,1.14235,0.30,0.40
2007.12.27 05:54:41.793,1.1422,1.14235,0.30,0.40
2007.12.27 05:54:42.004,1.14215,1.14235,15.30,0.40
2007.12.27 05:54:42.190,1.1422,1.14235,0.30,4.30
2007.12.27 05:54:43.076,1.14215,1.14235,15.30,4.30
2007.12.27 05:54:43.199,1.14215,1.14235,15.30,4.30
2007.12.27 05:54:43.479,1.14215,1.14235,15.30,4.30
2007.12.27 05:54:45.615,1.1422,1.14235,0.60,4.00
2007.12.27 05:54:45.728,1.1422,1.14235,0.60,4.00
2007.12.27 05:54:45.840,1.1422,1.1424,0.60,0.40
2007.12.27 05:54:45.967,1.1422,1.1424,0.60,0.40
2007.12.27 05:54:48.355,1.1422,1.1424,0.60,0.40
2007.12.27 05:54:48.748,1.14225,1.1424,0.30,0.40
2007.12.27 05:54:48.901,1.1422,1.1424,0.60,0.40
2007.12.27 05:54:49.053,1.1422,1.1424,0.60,0.40
2007.12.27 05:54:49.909,1.1422,1.1424,0.60,0.40
2007.12.27 05:54:50.189,1.14225,1.1424,0.30,0.40
2007.12.27 05:54:50.596,1.1422,1.1424,0.60,0.40
2007.12.27 05:54:50.725,1.14225,1.1424,0.30,0.40
2007.12.27 05:54:51.081,1.1422,1.1424,3.70,0.40
2007.12.27 05:54:51.209,1.1422,1.1424,4.30,0.40
2007.12.27 05:54:51.463,1.14235,1.1424,5.20,0.40
2007.12.27 05:54:51.724,1.14235,1.1424,14.80,0.40
2007.12.27 05:54:51.976,1.14235,1.1424,14.80,0.40
2007.12.27 05:54:52.230,1.14235,1.1424,14.80,0.40
2007.12.27 05:54:52.501,1.14235,1.1424,14.80,0.40
2007.12.27 05:54:52.718,1.14235,1.1424,14.80,0.40
2007.12.27 05:54:53.737,1.14235,1.1424,14.80,0.40
2007.12.27 05:54:53.875,1.14235,1.1424,14.80,0.40
2007.12.27 05:54:54.014,1.14235,1.1424,14.80,0.40
2007.12.27 05:54:57.629,1.14235,1.1424,14.80,0.40
2007.12.27 05:54:57.822,1.14235,1.1424,15.20,0.40
2007.12.27 05:54:58.015,1.14235,1.1424,15.20,0.40
2007.12.27 05:54:58.209,1.14245,1.14255,0.30,4.00
2007.12.27 05:54:58.415,1.14245,1.1426,6.60,0.40
2007.12.27 05:54:58.571,1.14245,1.1426,6.60,0.40
2007.12.27 05:54:58.739,1.1425,1.14265,0.30,8.30
2007.12.27 05:54:58.907,1.1425,1.14265,0.30,4.30
2007.12.27 05:54:59.076,1.1425,1.14265,0.30,4.30
2007.12.27 05:54:59.244,1.1425,1.14265,0.30,4.30
2007.12.27 05:54:59.412,1.1425,1.14265,0.30,4.30
2007.12.27 05:54:59.646,1.14255,1.14265,0.30,4.00
2007.12.27 05:54:59.886,1.14255,1.1427,0.30,0.40
2007.12.27 05:55:00.119,1.14255,1.1427,1.00,0.40
2007.12.27 05:55:00.354,1.14265,1.1428,6.60,0.40
2007.12.27 05:55:00.587,1.1427,1.14285,0.30,12.90
2007.12.27 05:55:00.791,1.1427,1.14285,0.30,8.90
2007.12.27 05:55:00.994,1.1427,1.14285,0.30,4.90
2007.12.27 05:55:01.198,1.14265,1.1428,6.60,0.40
2007.12.27 05:55:01.402,1.14265,1.14275,2.60,4.00
2007.12.27 05:55:01.595,1.14265,1.14275,0.30,4.00
2007.12.27 05:55:01.789,1.1426,1.14275,0.30,4.30
2007.12.27 05:55:01.982,1.1426,1.14275,0.30,4.30
2007.12.27 05:55:02.176,1.1426,1.14275,0.30,4.30
2007.12.27 05:55:02.369,1.1426,1.14275,0.30,4.30
2007.12.27 05:55:02.562,1.1426,1.14275,0.30,4.30
2007.12.27 05:55:02.764,1.1426,1.14275,0.30,4.30
2007.12.27 05:55:02.939,1.1426,1.14275,0.30,4.70
2007.12.27 05:55:03.128,1.14255,1.14265,8.00,0.40
2007.12.27 05:55:03.317,1.14255,1.1427,8.20,0.40
2007.12.27 05:55:03.505,1.14255,1.1427,0.30,0.40
2007.12.27 05:55:03.753,1.14255,1.1427,0.30,0.40
2007.12.27 05:55:04.001,1.14255,1.1427,0.30,0.40
2007.12.27 05:55:04.250,1.14255,1.1427,0.30,0.40
2007.12.27 05:55:04.548,1.14255,1.1427,0.30,0.40
2007.12.27 05:55:04.741,1.14255,1.1427,0.30,0.40
2007.12.27 05:55:04.935,1.14255,1.1427,0.30,0.40
2007.12.27 05:55:05.639,1.14265,1.14275,0.30,8.00
2007.12.27 05:55:05.839,1.14265,1.14275,4.20,4.00
2007.12.27 05:55:06.037,1.14265,1.1428,6.60,0.40
2007.12.27 05:55:06.235,1.1427,1.14285,0.30,4.70
2007.12.27 05:55:06.471,1.1427,1.14285,0.30,4.70
2007.12.27 05:55:06.669,1.14265,1.1428,4.20,0.40
2007.12.27 05:55:06.686,1.14265,1.14285,4.20,4.80
2007.12.27 05:55:06.868,1.14265,1.14285,0.30,8.80
2007.12.27 05:55:07.066,1.1426,1.14285,0.30,8.80
2007.12.27 05:55:07.265,1.1426,1.14285,0.30,13.20
2007.12.27 05:55:07.504,1.1426,1.14285,0.30,13.20
2007.12.27 05:55:07.743,1.1426,1.14285,0.30,17.10
2007.12.27 05:55:07.961,1.1426,1.14275,0.30,0.60
2007.12.27 05:55:08.180,1.1426,1.14285,0.30,17.20
2007.12.27 05:55:08.399,1.1426,1.14275,0.30,0.60
2007.12.27 05:55:08.617,1.1426,1.14275,0.30,0.80
2007.12.27 05:55:08.770,1.1426,1.14275,0.30,0.90
2007.12.27 05:55:08.942,1.1426,1.1428,0.30,7.50
2007.12.27 05:55:09.175,1.1426,1.1428,0.30,5.10
2007.12.27 05:55:09.469,1.1426,1.1428,0.30,5.10
2007.12.27 05:55:10.010,1.1426,1.14275,0.30,0.50
2007.12.27 05:55:10.218,1.1426,1.1428,0.30,5.10
2007.12.27 05:55:10.426,1.1426,1.1428,0.30,5.10
2007.12.27 05:55:10.634,1.14265,1.14275,0.30,0.90
2007.12.27 05:55:10.803,1.14265,1.14275,0.30,0.70
2007.12.27 05:55:10.971,1.14265,1.1428,0.30,4.40
2007.12.27 05:55:11.200,1.14265,1.14275,0.30,0.70
2007.12.27 05:55:11.368,1.14265,1.1428,0.30,0.40
2007.12.27 05:55:11.536,1.14265,1.14285,0.30,13.30
2007.12.27 05:55:12.174,1.14265,1.14285,0.30,13.30
2007.12.27 05:55:12.603,1.1427,1.14295,0.30,40.20
2007.12.27 05:55:12.737,1.1427,1.14295,0.30,35.40
2007.12.27 05:55:12.869,1.1427,1.14295,0.30,27.40
2007.12.27 05:55:13.002,1.1427,1.14285,0.30,0.60
2007.12.27 05:55:13.135,1.1427,1.14285,0.30,0.60
2007.12.27 05:55:13.269,1.1427,1.14285,0.30,0.50
2007.12.27 05:55:13.417,1.1427,1.14295,0.30,24.40
2007.12.27 05:55:13.643,1.14265,1.14285,4.20,7.20
2007.12.27 05:55:13.896,1.14265,1.1428,0.30,0.40
2007.12.27 05:55:14.150,1.1426,1.14275,0.30,0.40
2007.12.27 05:55:14.404,1.1426,1.14275,0.30,0.40
2007.12.27 05:55:14.657,1.1426,1.14285,0.30,14.50
2007.12.27 05:55:14.831,1.1426,1.14275,0.30,0.50
2007.12.27 05:55:15.087,1.1426,1.14285,0.30,19.20
2007.12.27 05:55:15.260,1.1426,1.14285,0.30,18.80
2007.12.27 05:55:15.470,1.1426,1.14285,0.30,18.80
2007.12.27 05:55:16.439,1.1426,1.14275,0.30,0.70
2007.12.27 05:55:19.704,1.1426,1.14275,0.30,0.80
2007.12.27 05:55:19.812,1.1426,1.14265,0.30,0.70
2007.12.27 05:55:20.050,1.1426,1.14265,0.30,0.90
2007.12.27 05:55:20.274,1.1424,1.14255,0.30,0.40
2007.12.27 05:55:20.509,1.1424,1.14265,0.30,10.90
2007.12.27 05:55:20.719,1.1424,1.14265,0.30,11.30
2007.12.27 05:55:20.943,1.1424,1.14255,0.30,0.40
2007.12.27 05:55:21.153,1.1424,1.14255,0.30,0.40
2007.12.27 05:55:21.361,1.1424,1.14255,0.30,0.40
2007.12.27 05:55:23.151,1.1424,1.14265,0.30,14.50
2007.12.27 05:55:23.284,1.1424,1.14265,0.30,11.30
2007.12.27 05:55:23.417,1.1424,1.14265,0.30,11.30
2007.12.27 05:55:23.551,1.1424,1.14265,0.30,11.30
2007.12.27 05:55:23.775,1.1424,1.14255,0.30,0.40
2007.12.27 05:55:24.066,1.1424,1.14265,0.30,11.20
2007.12.27 05:55:24.304,1.1424,1.14255,0.30,0.40
2007.12.27 05:55:24.542,1.1424,1.14265,0.30,5.20
2007.12.27 05:55:24.781,1.1425,1.14275,0.30,27.20
2007.12.27 05:55:25.020,1.1425,1.14275,0.30,14.50
2007.12.27 05:55:25.183,1.14245,1.14275,0.30,14.50
2007.12.27 05:55:25.348,1.14245,1.1426,0.30,0.40
2007.12.27 05:55:25.511,1.14245,1.14275,0.30,23.30
2007.12.27 05:55:25.674,1.1425,1.14275,0.30,23.30
2007.12.27 05:55:25.838,1.1425,1.14275,0.30,14.50
2007.12.27 05:55:26.072,1.1425,1.14265,0.30,0.40
2007.12.27 05:55:26.382,1.1425,1.14275,0.30,10.50
2007.12.27 05:55:26.628,1.1425,1.14275,0.30,18.50
2007.12.27 05:55:26.863,1.1425,1.14255,0.30,0.50
2007.12.27 05:55:27.032,1.14245,1.1426,0.30,8.40
2007.12.27 05:55:27.201,1.14255,1.14265,0.30,0.70
2007.12.27 05:55:27.369,1.14255,1.14275,0.30,11.20
2007.12.27 05:55:27.550,1.14255,1.1427,0.30,0.40
2007.12.27 05:55:28.169,1.14255,1.14275,0.30,10.40
2007.12.27 05:55:28.393,1.14255,1.1427,0.30,0.40
2007.12.27 05:55:28.617,1.14255,1.14275,0.30,12.80
2007.12.27 05:55:28.840,1.14255,1.1427,0.30,0.40
2007.12.27 05:55:29.063,1.1425,1.14275,0.30,12.90
2007.12.27 05:55:29.297,1.14255,1.1427,4.20,0.40
2007.12.27 05:55:29.530,1.14255,1.14275,4.20,13.70
2007.12.27 05:55:29.764,1.1425,1.14265,0.30,0.40
2007.12.27 05:55:29.998,1.1425,1.14275,0.30,12.90
2007.12.27 05:55:30.254,1.14245,1.14275,0.30,14.00
2007.12.27 05:55:30.507,1.14245,1.14275,0.30,22.80
2007.12.27 05:55:30.761,1.14235,1.1425,4.20,0.40
2007.12.27 05:55:31.015,1.14235,1.1425,4.20,0.40
2007.12.27 05:55:31.248,1.14235,1.1425,0.30,0.40
2007.12.27 05:55:31.481,1.14235,1.1425,0.30,0.40
2007.12.27 05:55:31.974,1.14235,1.14255,0.30,8.40
2007.12.27 05:55:32.208,1.1424,1.14255,0.80,8.40
2007.12.27 05:55:32.371,1.1424,1.1425,0.80,0.40
2007.12.27 05:55:32.534,1.14235,1.14255,1.10,8.40
2007.12.27 05:55:32.709,1.14235,1.1425,1.10,0.40
2007.12.27 05:55:32.871,1.14235,1.1425,1.30,0.40
2007.12.27 05:55:33.034,1.14235,1.14255,5.30,4.40
2007.12.27 05:55:33.368,1.14245,1.1426,0.30,0.40
2007.12.27 05:55:33.701,1.14245,1.1426,0.30,0.40
2007.12.27 05:55:34.034,1.14245,1.14275,0.30,19.30
2007.12.27 05:55:34.242,1.14245,1.14265,0.30,0.60
2007.12.27 05:55:34.466,1.14245,1.1426,0.30,0.40
2007.12.27 05:55:34.659,1.1424,1.14265,0.30,0.60
2007.12.27 05:55:34.868,1.1424,1.14255,0.30,0.40
2007.12.27 05:55:35.076,1.1424,1.14265,0.30,9.30
2007.12.27 05:55:35.390,1.1424,1.14255,0.30,0.40
2007.12.27 05:55:35.704,1.14245,1.1426,0.30,0.40
2007.12.27 05:55:36.017,1.14245,1.14265,0.30,8.80
2007.12.27 05:55:36.175,1.14245,1.14265,0.30,8.80
2007.12.27 05:55:36.334,1.14245,1.14265,0.30,8.80
2007.12.27 05:55:36.492,1.14245,1.1426,0.30,0.40
2007.12.27 05:55:36.948,1.14245,1.14265,0.30,8.80
2007.12.27 05:55:37.105,1.14245,1.14265,0.60,8.80
2007.12.27 05:55:37.333,1.14245,1.1426,0.30,0.40
2007.12.27 05:55:37.561,1.14245,1.14265,0.30,8.80
2007.12.27 05:55:37.864,1.14245,1.1426,2.60,0.40
2007.12.27 05:55:38.093,1.1425,1.14275,0.30,24.40
2007.12.27 05:55:38.326,1.1425,1.14265,0.30,0.60
2007.12.27 05:55:38.560,1.1425,1.14265,0.30,0.60
2007.12.27 05:55:38.917,1.1425,1.14275,0.30,14.80
2007.12.27 05:55:39.152,1.1425,1.14275,0.30,14.80
2007.12.27 05:55:39.380,1.1425,1.14275,0.30,14.80
2007.12.27 05:55:39.607,1.1425,1.14265,0.30,0.60
2007.12.27 05:55:40.188,1.1425,1.14275,0.30,14.80
2007.12.27 05:55:40.451,1.1425,1.14275,0.30,14.00
2007.12.27 05:55:42.741,1.1425,1.14275,0.30,14.00
2007.12.27 05:55:43.458,1.1425,1.14275,0.30,14.00
2007.12.27 05:55:43.682,1.1425,1.14265,0.30,0.90
2007.12.27 05:55:43.881,1.1425,1.14265,0.30,0.60
2007.12.27 05:55:44.079,1.14245,1.14265,1.10,4.80
2007.12.27 05:55:44.277,1.14245,1.14265,0.60,8.80
2007.12.27 05:55:45.217,1.14245,1.14265,0.60,8.80
2007.12.27 05:55:45.450,1.14245,1.1426,0.60,0.40
2007.12.27 05:55:46.123,1.1425,1.14275,0.30,23.60
2007.12.27 05:55:46.247,1.1425,1.14265,0.30,0.50
2007.12.27 05:55:46.444,1.1425,1.14275,0.30,14.00
2007.12.27 05:55:46.643,1.1425,1.14275,0.30,14.00
2007.12.27 05:55:46.841,1.1425,1.14265,0.30,0.60
2007.12.27 05:55:48.025,1.1425,1.14275,0.30,14.00
2007.12.27 05:55:48.882,1.1425,1.14275,0.30,16.40
2007.12.27 05:55:49.020,1.1425,1.14265,0.30,0.60
2007.12.27 05:55:49.158,1.1425,1.14275,0.30,20.40
2007.12.27 05:55:49.311,1.1425,1.14265,0.30,0.50
2007.12.27 05:55:49.972,1.1425,1.14275,0.30,20.40
2007.12.27 05:55:50.164,1.14245,1.14265,7.00,4.80
2007.12.27 05:55:50.330,1.14245,1.14265,0.60,4.80
2007.12.27 05:55:50.583,1.14245,1.14265,0.60,8.80
2007.12.27 05:55:50.837,1.14245,1.1426,0.30,0.40
2007.12.27 05:55:51.092,1.14245,1.14265,1.80,10.80
2007.12.27 05:55:51.345,1.1426,1.14275,0.30,0.90
2007.12.27 05:55:51.598,1.1426,1.14285,0.30,29.00
2007.12.27 05:55:51.826,1.14255,1.14275,4.20,12.10
2007.12.27 05:55:52.054,1.14255,1.1427,4.20,0.40
2007.12.27 05:55:52.282,1.14255,1.14275,4.20,13.60
2007.12.27 05:55:52.994,1.14255,1.1427,4.20,0.40
2007.12.27 05:55:53.209,1.14255,1.14275,4.20,12.80
2007.12.27 05:55:53.378,1.14255,1.1427,6.60,0.40
2007.12.27 05:55:53.541,1.14255,1.14275,6.60,10.40
2007.12.27 05:55:53.704,1.14255,1.14275,4.20,12.90
2007.12.27 05:55:53.868,1.1426,1.14275,0.30,0.90
2007.12.27 05:55:54.031,1.14255,1.14265,8.00,0.40
2007.12.27 05:55:54.195,1.14255,1.14275,8.00,8.90
2007.12.27 05:55:54.359,1.1425,1.14265,0.30,0.40
2007.12.27 05:55:54.522,1.1425,1.14275,0.30,12.90
2007.12.27 05:55:54.815,1.1425,1.14265,0.30,0.40
2007.12.27 05:55:55.123,1.1425,1.14265,0.30,0.40
2007.12.27 05:55:55.415,1.1425,1.14265,0.30,0.40
2007.12.27 05:55:55.544,1.1425,1.14265,0.30,0.40
2007.12.27 05:55:55.686,1.14255,1.1427,0.30,0.40
2007.12.27 05:55:55.815,1.14255,1.1427,0.30,0.40
2007.12.27 05:55:55.989,1.14255,1.1427,0.30,0.40
2007.12.27 05:55:56.117,1.14255,1.1427,0.30,0.40
2007.12.27 05:55:56.245,1.14255,1.1427,0.30,0.40
2007.12.27 05:55:56.374,1.14255,1.1427,0.30,0.40
2007.12.27 05:55:56.622,1.1425,1.14265,0.30,0.40
2007.12.27 05:55:56.866,1.1425,1.14265,0.30,0.40
2007.12.27 05:55:57.123,1.1425,1.14265,0.30,0.40
2007.12.27 05:55:57.353,1.1425,1.14265,0.30,4.30
2007.12.27 05:55:57.609,1.1425,1.14265,0.30,4.30
2007.12.27 05:55:57.945,1.1425,1.14265,0.30,4.30
2007.12.27 05:55:58.148,1.14255,1.14265,0.30,4.00
2007.12.27 05:55:58.353,1.14255,1.1427,0.30,0.40
2007.12.27 05:55:58.556,1.14255,1.1427,0.30,0.40
2007.12.27 05:55:58.965,1.14255,1.1427,0.30,0.40
2007.12.27 05:55:59.236,1.14255,1.1427,0.30,0.40
2007.12.27 05:55:59.947,1.14255,1.1427,0.30,0.40
2007.12.27 05:56:03.215,1.14255,1.1427,0.30,0.40
2007.12.27 05:56:04.030,1.14255,1.1427,0.30,0.40
2007.12.27 05:56:04.303,1.14255,1.1427,0.30,0.40
2007.12.27 05:56:04.590,1.14255,1.1427,0.30,0.40
2007.12.27 05:56:05.225,1.14255,1.1427,0.30,0.40
2007.12.27 05:56:06.721,1.14255,1.1427,0.30,0.40
2007.12.27 05:56:06.924,1.14255,1.1427,2.60,0.40
2007.12.27 05:56:07.128,1.1426,1.14275,0.30,8.70
2007.12.27 05:56:07.332,1.1426,1.14275,0.30,4.70
2007.12.27 05:56:08.220,1.1426,1.14275,0.30,4.70
2007.12.27 05:56:08.425,1.1426,1.14275,0.30,4.70
2007.12.27 05:56:09.143,1.1426,1.14275,0.30,4.70
2007.12.27 05:56:09.820,1.1426,1.14275,0.30,4.70
2007.12.27 05:56:10.169,1.14255,1.14275,14.90,4.70
2007.12.27 05:56:11.237,1.1426,1.14275,0.30,4.70
2007.12.27 05:56:12.708,1.14255,1.14275,14.90,4.70
2007.12.27 05:56:13.181,1.1426,1.14275,0.30,4.70
2007.12.27 05:56:13.633,1.14255,1.1427,2.80,0.40
2007.12.27 05:56:13.801,1.1425,1.1427,0.60,0.40
2007.12.27 05:56:14.001,1.1425,1.1427,0.60,0.40
2007.12.27 05:56:14.199,1.1425,1.1427,0.60,0.40
2007.12.27 05:56:14.575,1.14255,1.14275,0.60,8.70
2007.12.27 05:56:14.774,1.1426,1.14275,0.30,4.70
2007.12.27 05:56:14.972,1.1426,1.14275,0.30,4.70
2007.12.27 05:56:15.301,1.14255,1.14275,14.90,4.70
2007.12.27 05:56:15.960,1.14255,1.14275,14.90,4.70
2007.12.27 05:56:16.314,1.1426,1.14275,0.30,4.70
2007.12.27 05:56:16.639,1.14255,1.1427,0.50,0.40
2007.12.27 05:56:16.778,1.14255,1.1427,0.30,0.40
2007.12.27 05:56:16.914,1.1425,1.1427,0.60,0.40
2007.12.27 05:56:17.067,1.14255,1.1427,0.30,0.40
2007.12.27 05:56:17.291,1.14255,1.1427,0.30,0.40
2007.12.27 05:56:17.530,1.14255,1.1427,0.30,0.40
2007.12.27 05:56:20.076,1.14255,1.14275,0.60,8.70
2007.12.27 05:56:20.250,1.14255,1.14275,10.90,4.70
2007.12.27 05:56:20.726,1.14255,1.14275,14.90,4.70
2007.12.27 05:56:21.970,1.1426,1.14275,0.30,4.70
2007.12.27 05:56:22.189,1.1426,1.14275,0.30,4.70
2007.12.27 05:56:22.759,1.1426,1.14275,0.30,4.70
2007.12.27 05:56:23.666,1.1426,1.14275,0.30,4.30
2007.12.27 05:56:23.820,1.1426,1.14275,0.30,0.40
2007.12.27 05:56:23.977,1.1426,1.14275,0.30,0.40
2007.12.27 05:56:24.132,1.14265,1.14285,0.60,11.90
2007.12.27 05:56:24.355,1.14265,1.14285,0.60,7.10
2007.12.27 05:56:24.578,1.14265,1.14285,0.60,7.10
2007.12.27 05:56:24.802,1.1426,1.14275,0.30,4.30
2007.12.27 05:56:25.026,1.14255,1.14275,15.30,4.30
2007.12.27 05:56:25.249,1.14255,1.14275,15.30,4.30
2007.12.27 05:56:25.448,1.14255,1.14275,15.30,4.30
2007.12.27 05:56:26.619,1.1426,1.14275,0.60,4.00
2007.12.27 05:56:26.755,1.1426,1.1428,0.60,0.40
2007.12.27 05:56:26.975,1.14265,1.1428,0.30,0.40
2007.12.27 05:56:27.113,1.1426,1.1428,0.60,0.40
2007.12.27 05:56:27.328,1.14255,1.14275,14.90,0.70
2007.12.27 05:56:27.531,1.14255,1.14275,14.90,0.70
2007.12.27 05:56:27.734,1.1426,1.14275,0.30,4.70
2007.12.27 05:56:27.936,1.1426,1.14275,0.30,4.70
2007.12.27 05:56:29.985,1.1426,1.14275,0.30,4.70
2007.12.27 05:56:30.149,1.14265,1.14275,0.30,4.00
2007.12.27 05:56:30.317,1.1426,1.1428,0.60,0.40
2007.12.27 05:56:32.115,1.14255,1.14275,15.50,0.40
2007.12.27 05:56:32.352,1.1426,1.14275,0.30,0.40
2007.12.27 05:56:32.541,1.14255,1.14275,15.50,0.40
2007.12.27 05:56:32.729,1.1426,1.14275,0.30,0.40
2007.12.27 05:56:32.931,1.14255,1.14275,14.90,0.40
2007.12.27 05:56:33.105,1.1426,1.14275,0.30,0.70
2007.12.27 05:56:33.294,1.14255,1.14275,14.90,4.70
2007.12.27 05:56:33.881,1.14255,1.14275,14.90,4.70
2007.12.27 05:56:35.791,1.14255,1.14275,12.50,4.70
2007.12.27 05:56:35.992,1.1426,1.14275,0.30,4.70
2007.12.27 05:56:36.173,1.14255,1.1427,2.10,0.40
2007.12.27 05:56:36.340,1.1425,1.1427,0.60,0.40
2007.12.27 05:56:36.508,1.1425,1.1427,0.60,0.40
2007.12.27 05:56:36.722,1.14255,1.1427,0.30,0.40
2007.12.27 05:56:36.873,1.1425,1.14275,0.60,8.80
2007.12.27 05:56:37.014,1.1425,1.14275,0.60,8.80
2007.12.27 05:56:37.435,1.14255,1.1427,0.30,0.40
2007.12.27 05:56:37.593,1.14255,1.1427,0.30,0.40
2007.12.27 05:56:37.752,1.1425,1.14275,0.60,8.40
2007.12.27 05:56:37.974,1.14255,1.1427,0.30,0.40
2007.12.27 05:56:38.132,1.14255,1.14285,4.50,26.00
2007.12.27 05:56:38.291,1.14265,1.14275,0.90,0.40
2007.12.27 05:56:38.465,1.1426,1.14285,4.30,12.00
2007.12.27 05:56:38.693,1.1427,1.14285,0.30,0.90
2007.12.27 05:56:38.921,1.1427,1.14295,0.30,30.80
2007.12.27 05:56:39.150,1.1427,1.14295,0.30,26.80
2007.12.27 05:56:39.377,1.1427,1.14295,0.30,26.80
2007.12.27 05:56:39.606,1.1427,1.14295,0.30,26.80
2007.12.27 05:56:41.087,1.1427,1.14295,0.30,22.80
2007.12.27 05:56:41.256,1.1427,1.14285,0.30,0.50
2007.12.27 05:56:42.006,1.1427,1.14285,0.30,0.90
2007.12.27 05:56:42.140,1.1427,1.14295,0.30,22.80
2007.12.27 05:56:43.057,1.1427,1.14285,0.30,0.90
2007.12.27 05:56:43.239,1.1427,1.14285,0.30,0.90
2007.12.27 05:56:44.153,1.14265,1.1428,4.20,0.40
2007.12.27 05:56:44.375,1.14265,1.1428,0.30,0.40
2007.12.27 05:56:44.584,1.14265,1.14285,0.30,11.20
2007.12.27 05:56:45.178,1.14265,1.1428,0.30,0.40
2007.12.27 05:56:45.497,1.14265,1.14285,0.30,11.20
2007.12.27 05:56:55.616,1.14265,1.14285,0.30,11.20
2007.12.27 05:56:55.842,1.14265,1.14285,0.30,11.20
2007.12.27 05:56:56.043,1.14265,1.1428,0.30,0.40
2007.12.27 05:56:56.241,1.14265,1.14285,0.30,11.20
2007.12.27 05:56:57.008,1.14265,1.1428,0.30,0.40
2007.12.27 05:56:57.657,1.1426,1.14285,0.30,11.20
2007.12.27 05:56:57.828,1.1426,1.14285,0.30,12.10
2007.12.27 05:56:57.985,1.1426,1.14285,0.30,12.10
2007.12.27 05:56:58.149,1.1426,1.14275,0.30,0.70
2007.12.27 05:56:58.313,1.1426,1.14285,0.30,19.60
2007.12.27 05:56:58.958,1.1426,1.14275,0.30,0.80
2007.12.27 05:56:59.274,1.1426,1.14285,0.30,19.60
2007.12.27 05:56:59.475,1.1426,1.14275,0.30,0.90
2007.12.27 05:56:59.648,1.14255,1.1427,14.60,0.40
2007.12.27 05:56:59.822,1.14255,1.14275,0.30,8.80
2007.12.27 05:57:00.040,1.14255,1.14275,0.30,8.80
2007.12.27 05:57:00.243,1.14255,1.14275,0.30,8.80
2007.12.27 05:57:00.447,1.14255,1.14275,0.30,8.80
2007.12.27 05:57:06.544,1.1425,1.14265,0.30,0.40
2007.12.27 05:57:06.615,1.1425,1.14265,0.30,0.40
2007.12.27 05:57:06.711,1.1425,1.14265,0.30,4.30
2007.12.27 05:57:06.998,1.1425,1.14265,0.30,4.30
2007.12.27 05:57:07.058,1.1425,1.14265,0.30,4.30
2007.12.27 05:57:07.184,1.1425,1.14265,0.30,4.30
2007.12.27 05:57:07.500,1.1425,1.14265,0.30,4.30
2007.12.27 05:57:10.666,1.1425,1.14265,0.30,4.30
2007.12.27 05:57:10.795,1.14255,1.1427,0.30,0.40
2007.12.27 05:57:10.990,1.14255,1.1427,0.30,0.40
2007.12.27 05:57:11.118,1.14255,1.1427,0.30,0.40
2007.12.27 05:57:11.246,1.14255,1.1427,0.30,0.40
2007.12.27 05:57:12.279,1.14255,1.1427,0.30,0.40
2007.12.27 05:57:14.552,1.14255,1.1427,0.30,0.40
2007.12.27 05:57:14.663,1.1426,1.14285,0.30,44.80
2007.12.27 05:57:14.822,1.1426,1.14285,0.30,30.80
2007.12.27 05:57:14.985,1.1426,1.14285,0.30,26.80
2007.12.27 05:57:15.232,1.1426,1.14285,0.30,26.80
2007.12.27 05:57:15.395,1.1426,1.14285,0.30,26.80
2007.12.27 05:57:15.559,1.1426,1.14275,0.30,4.70
2007.12.27 05:57:15.973,1.1426,1.14275,0.30,4.70
2007.12.27 05:57:19.922,1.1426,1.14275,0.30,4.70
2007.12.27 05:57:20.105,1.1426,1.14275,0.30,4.70
2007.12.27 05:57:20.289,1.1427,1.14285,0.30,11.10
2007.12.27 05:57:20.473,1.1427,1.14285,0.30,7.10
2007.12.27 05:57:20.750,1.1427,1.14285,0.30,7.10
2007.12.27 05:57:21.459,1.1427,1.14285,0.30,7.10
2007.12.27 05:57:21.975,1.1427,1.14285,0.30,7.10
2007.12.27 05:57:22.129,1.14265,1.1428,4.20,0.40
2007.12.27 05:57:22.283,1.14265,1.1428,0.30,0.40
2007.12.27 05:57:22.450,1.14265,1.1428,0.30,0.40
2007.12.27 05:57:22.591,1.14265,1.1428,0.30,0.40
2007.12.27 05:57:25.980,1.1426,1.14275,0.30,0.40
2007.12.27 05:57:26.173,1.1426,1.14275,0.30,0.40
2007.12.27 05:57:26.333,1.1426,1.14275,0.30,0.40
2007.12.27 05:57:26.749,1.1426,1.14275,0.30,4.30
2007.12.27 05:57:26.907,1.1426,1.14275,0.30,4.30
2007.12.27 05:57:27.065,1.1426,1.14275,0.30,4.30
2007.12.27 05:57:27.324,1.1426,1.14275,0.30,4.30
2007.12.27 05:57:27.991,1.1426,1.14275,0.30,4.30
2007.12.27 05:57:28.831,1.1426,1.14275,0.30,4.30
2007.12.27 05:57:28.944,1.1426,1.14275,0.30,4.30
2007.12.27 05:57:29.057,1.14255,1.1427,12.60,0.40
2007.12.27 05:57:29.170,1.14255,1.1427,12.20,0.40
2007.12.27 05:57:29.284,1.14255,1.1427,4.20,0.40
2007.12.27 05:57:29.493,1.14255,1.1427,0.30,0.40
2007.12.27 05:57:30.145,1.14255,1.1427,0.30,0.40
2007.12.27 05:57:30.638,1.1425,1.14265,0.30,0.40
2007.12.27 05:57:30.797,1.1425,1.14265,0.30,0.40
2007.12.27 05:57:30.956,1.1425,1.14265,0.30,0.40
2007.12.27 05:57:31.122,1.1425,1.14265,0.30,0.40
2007.12.27 05:57:31.293,1.1425,1.14265,0.30,4.30
2007.12.27 05:57:31.952,1.1425,1.14265,0.30,4.30
2007.12.27 05:57:32.250,1.1425,1.14265,0.30,4.30
2007.12.27 05:57:32.659,1.1425,1.14265,0.30,4.30
2007.12.27 05:57:32.967,1.1425,1.14265,0.30,4.30
2007.12.27 05:57:33.152,1.14255,1.14265,0.30,4.00
2007.12.27 05:57:33.315,1.14255,1.14265,0.30,4.00
2007.12.27 05:57:33.488,1.14255,1.14265,0.30,4.00
2007.12.27 05:57:33.681,1.1426,1.14265,0.30,4.00
2007.12.27 05:57:33.874,1.1426,1.14275,0.30,14.30
2007.12.27 05:57:34.068,1.1426,1.14275,0.30,5.50
2007.12.27 05:57:34.260,1.1426,1.14275,0.30,6.30
2007.12.27 05:57:34.977,1.1426,1.14275,0.30,5.50
2007.12.27 05:57:35.248,1.1426,1.14275,0.30,4.70
2007.12.27 05:57:36.270,1.1426,1.14275,0.30,4.70
2007.12.27 05:57:36.923,1.1426,1.14275,0.30,4.70
2007.12.27 05:57:39.166,1.1426,1.14275,0.30,4.70
2007.12.27 05:57:42.934,1.1426,1.14275,0.30,4.70
2007.12.27 05:57:43.235,1.1426,1.14275,0.30,4.70
2007.12.27 05:57:44.622,1.1426,1.14275,0.30,0.70
2007.12.27 05:57:49.038,1.1426,1.14275,0.30,0.70
2007.12.27 05:57:50.690,1.1426,1.14275,0.30,0.70
2007.12.27 05:57:50.867,1.1427,1.14285,0.30,7.10
2007.12.27 05:57:51.040,1.1427,1.14285,0.30,3.10
2007.12.27 05:57:51.214,1.1427,1.14285,0.30,3.10
2007.12.27 05:57:51.432,1.1427,1.14285,0.30,3.10
2007.12.27 05:57:51.712,1.1427,1.14285,0.30,3.10
2007.12.27 05:57:51.931,1.1427,1.14285,0.30,3.10
2007.12.27 05:57:52.149,1.1427,1.14285,0.30,3.10
2007.12.27 05:57:52.353,1.1427,1.14285,0.30,3.10
2007.12.27 05:57:52.555,1.1427,1.14285,0.30,3.10
2007.12.27 05:57:53.353,1.1427,1.14285,0.30,3.10
2007.12.27 05:57:53.506,1.1427,1.14285,0.30,7.10
2007.12.27 05:57:54.053,1.1427,1.14285,0.30,7.10
2007.12.27 05:57:54.718,1.1427,1.14285,0.30,7.10
2007.12.27 05:57:55.050,1.1427,1.14285,0.30,7.10
2007.12.27 05:57:56.025,1.1427,1.14285,0.30,7.10
2007.12.27 05:57:56.484,1.1427,1.14285,0.30,7.10
2007.12.27 05:57:56.678,1.14265,1.1428,4.20,0.40
2007.12.27 05:57:56.871,1.14265,1.1428,4.20,0.40
2007.12.27 05:57:57.065,1.14265,1.1428,4.20,0.40
2007.12.27 05:57:57.258,1.1427,1.14285,0.30,7.10
2007.12.27 05:57:57.517,1.1427,1.14285,0.30,7.10
2007.12.27 05:57:59.085,1.1427,1.14285,0.30,7.10
2007.12.27 05:58:01.152,1.14265,1.1428,4.20,0.40
2007.12.27 05:58:01.280,1.14265,1.1428,0.30,0.40
2007.12.27 05:58:01.484,1.14265,1.1428,0.30,0.40
2007.12.27 05:58:01.688,1.1427,1.14285,0.30,11.10
2007.12.27 05:58:01.892,1.1427,1.14285,0.30,7.10
2007.12.27 05:58:02.096,1.1427,1.14285,0.30,7.10
2007.12.27 05:58:02.299,1.1427,1.14285,0.30,7.10
2007.12.27 05:58:02.543,1.1427,1.14285,0.30,7.10
2007.12.27 05:58:03.638,1.14265,1.1428,4.20,0.40
2007.12.27 05:58:03.751,1.14265,1.1428,0.30,0.40
2007.12.27 05:58:03.867,1.14265,1.1428,0.30,0.40
2007.12.27 05:58:03.982,1.14265,1.1428,0.30,0.40
2007.12.27 05:58:04.246,1.14265,1.1428,0.30,0.40
2007.12.27 05:58:04.660,1.14265,1.1428,0.30,0.40
2007.12.27 05:58:04.971,1.14265,1.14285,0.30,11.20
2007.12.27 05:58:05.234,1.14265,1.1428,0.30,0.40
2007.12.27 05:58:06.150,1.1426,1.14275,0.30,0.40
2007.12.27 05:58:06.257,1.1426,1.14275,0.30,0.40
2007.12.27 05:58:06.365,1.1426,1.14275,0.30,0.40
2007.12.27 05:58:06.473,1.1426,1.14275,0.30,0.40
2007.12.27 05:58:06.706,1.1426,1.14275,0.30,0.40
2007.12.27 05:58:06.929,1.1426,1.14275,0.30,4.30
2007.12.27 05:58:07.153,1.1426,1.14275,0.30,4.30
2007.12.27 05:58:07.492,1.1426,1.14275,0.30,4.30
2007.12.27 05:58:07.686,1.1426,1.14275,0.30,4.30
2007.12.27 05:58:08.050,1.1426,1.14275,0.30,4.30
2007.12.27 05:58:08.243,1.1427,1.14275,0.30,4.00
2007.12.27 05:58:08.437,1.1427,1.14285,0.30,4.70
2007.12.27 05:58:08.624,1.1427,1.14285,0.30,4.70
2007.12.27 05:58:09.021,1.1427,1.14285,0.30,4.70
2007.12.27 05:58:09.223,1.1427,1.14285,0.30,4.70
2007.12.27 05:58:09.441,1.1427,1.14285,0.30,4.70
2007.12.27 05:58:09.945,1.1427,1.14285,0.30,4.70
2007.12.27 05:58:10.253,1.1427,1.14285,0.30,4.70
2007.12.27 05:58:10.870,1.1427,1.14285,0.30,4.70
2007.12.27 05:58:11.374,1.1427,1.14285,0.30,7.10
2007.12.27 05:58:11.676,1.1427,1.14285,0.30,7.10
2007.12.27 05:58:11.840,1.14265,1.1428,0.30,0.40
2007.12.27 05:58:12.004,1.14265,1.1428,0.30,0.40
2007.12.27 05:58:12.167,1.1427,1.14285,0.30,11.10
2007.12.27 05:58:12.331,1.1427,1.14285,0.30,7.10
2007.12.27 05:58:12.528,1.1427,1.14285,0.30,7.10
2007.12.27 05:58:12.737,1.1427,1.14285,0.30,7.10
2007.12.27 05:58:12.961,1.1427,1.14285,0.30,7.10
2007.12.27 05:58:13.184,1.1427,1.14285,0.30,7.10
2007.12.27 05:58:13.408,1.1427,1.14285,0.30,7.10
2007.12.27 05:58:14.003,1.1427,1.14285,0.30,7.10
2007.12.27 05:58:19.785,1.1427,1.14285,0.30,7.10
2007.12.27 05:58:20.063,1.1427,1.14285,0.30,7.10
2007.12.27 05:58:21.787,1.1427,1.14285,0.30,7.10
2007.12.27 05:58:22.184,1.1427,1.14285,0.30,7.10
2007.12.27 05:58:22.483,1.1427,1.14285,0.30,7.10
2007.12.27 05:58:22.803,1.1427,1.14285,0.30,7.10
2007.12.27 05:58:24.250,1.1427,1.14285,0.30,7.10
2007.12.27 05:58:24.461,1.1427,1.14285,0.30,7.10
2007.12.27 05:58:25.290,1.1427,1.14285,0.30,7.10
2007.12.27 05:58:27.453,1.1427,1.14285,0.30,7.10
2007.12.27 05:58:29.079,1.14275,1.14285,0.30,6.80
2007.12.27 05:58:29.188,1.14275,1.14285,0.30,6.40
2007.12.27 05:58:29.442,1.14275,1.1429,0.30,1.10
2007.12.27 05:58:30.014,1.14275,1.1429,0.30,1.10
2007.12.27 05:58:31.132,1.1428,1.1429,0.30,0.80
2007.12.27 05:58:31.293,1.1428,1.14295,0.30,7.10
2007.12.27 05:58:31.535,1.1428,1.14295,0.30,7.10
2007.12.27 05:58:31.818,1.1428,1.14295,0.30,7.10
2007.12.27 05:58:32.046,1.1428,1.14295,0.30,7.10
2007.12.27 05:58:32.273,1.1428,1.14295,0.30,7.10
2007.12.27 05:58:32.437,1.1428,1.14295,0.30,7.10
2007.12.27 05:58:32.596,1.14285,1.14295,0.30,7.10
2007.12.27 05:58:33.693,1.14285,1.14295,0.30,7.10
2007.12.27 05:58:34.186,1.14285,1.14295,0.30,7.10
2007.12.27 05:58:34.505,1.14285,1.14295,0.30,7.10
2007.12.27 05:58:34.718,1.1428,1.1429,0.30,0.40
2007.12.27 05:58:34.935,1.1428,1.1429,0.30,1.10
2007.12.27 05:58:35.147,1.1428,1.1429,0.30,1.10
2007.12.27 05:58:35.361,1.1428,1.1429,0.30,1.10
2007.12.27 05:58:35.625,1.14275,1.14285,0.30,0.40
2007.12.27 05:58:35.888,1.14275,1.14285,0.30,0.40
2007.12.27 05:58:36.152,1.14275,1.14285,0.30,4.30
2007.12.27 05:58:36.416,1.14275,1.14285,0.30,4.30
2007.12.27 05:58:36.579,1.14275,1.14285,0.30,4.30
2007.12.27 05:58:36.741,1.14285,1.1429,0.30,0.80
2007.12.27 05:58:36.905,1.14285,1.1429,0.30,0.80
2007.12.27 05:58:37.068,1.14285,1.1429,0.30,0.80
2007.12.27 05:58:37.231,1.14285,1.1429,0.30,0.80
2007.12.27 05:58:37.496,1.14285,1.1429,0.30,0.80
2007.12.27 05:58:37.815,1.14285,1.1429,0.30,0.80
2007.12.27 05:58:38.134,1.14285,1.14295,0.30,5.50
2007.12.27 05:58:38.453,1.14285,1.1429,0.30,0.80
2007.12.27 05:58:38.613,1.1428,1.1429,0.30,1.10
2007.12.27 05:58:38.767,1.1428,1.1429,0.30,1.10
2007.12.27 05:58:38.920,1.1428,1.1429,0.30,1.10
2007.12.27 05:58:39.073,1.14275,1.14285,0.30,0.40
2007.12.27 05:58:39.228,1.14275,1.14285,0.30,0.40
2007.12.27 05:58:39.381,1.14275,1.14285,0.30,4.30
2007.12.27 05:58:39.638,1.14275,1.14285,0.30,4.30
2007.12.27 05:58:39.897,1.14275,1.14285,0.30,4.30
2007.12.27 05:58:40.155,1.1427,1.14285,0.30,4.30
2007.12.27 05:58:40.414,1.1427,1.14285,0.30,5.00
2007.12.27 05:58:40.642,1.1427,1.14285,0.30,5.00
2007.12.27 05:58:41.021,1.1427,1.14285,0.30,4.70
2007.12.27 05:58:41.250,1.1427,1.14285,0.30,5.00
2007.12.27 05:58:41.478,1.1427,1.14285,0.30,5.00
2007.12.27 05:58:42.175,1.1427,1.14285,0.30,5.00
2007.12.27 05:58:42.691,1.1427,1.14285,0.30,4.60
2007.12.27 05:58:42.879,1.1427,1.14285,0.30,4.60
2007.12.27 05:58:43.209,1.1427,1.14285,0.30,4.60
2007.12.27 05:58:43.398,1.1427,1.14285,0.30,4.60
2007.12.27 05:58:43.739,1.1427,1.14285,0.30,4.60
2007.12.27 05:58:44.378,1.14265,1.14285,6.90,4.30
2007.12.27 05:58:44.637,1.14275,1.14285,0.60,4.00
2007.12.27 05:58:44.896,1.1428,1.1429,0.30,1.60
2007.12.27 05:58:45.155,1.1428,1.14295,0.30,4.70
2007.12.27 05:58:45.418,1.14275,1.14295,18.90,4.70
2007.12.27 05:58:45.668,1.14275,1.14295,18.90,4.70
2007.12.27 05:58:46.010,1.14275,1.14295,18.90,4.70
2007.12.27 05:58:46.258,1.14275,1.14295,18.90,4.70
2007.12.27 05:58:46.507,1.1428,1.14295,0.30,4.70
2007.12.27 05:58:46.714,1.14275,1.14295,14.90,4.70
2007.12.27 05:58:46.923,1.14275,1.14295,15.10,4.70
2007.12.27 05:58:47.130,1.14275,1.14295,15.10,4.70
2007.12.27 05:58:47.339,1.1428,1.14295,0.30,4.70
2007.12.27 05:58:47.548,1.14275,1.14295,15.10,4.70
2007.12.27 05:58:47.810,1.1428,1.14295,0.30,4.70
2007.12.27 05:58:49.244,1.14275,1.14295,15.10,4.70
2007.12.27 05:58:49.451,1.14275,1.14295,15.10,4.70
2007.12.27 05:58:50.121,1.14275,1.14295,15.10,4.70
2007.12.27 05:58:51.219,1.14275,1.14295,15.10,4.70
2007.12.27 05:58:51.442,1.1428,1.14295,0.30,4.70
2007.12.27 05:58:52.241,1.14275,1.14295,15.10,4.70
2007.12.27 05:58:54.511,1.14275,1.14295,15.10,4.70
2007.12.27 05:58:55.223,1.14275,1.14295,15.10,4.70
2007.12.27 05:58:57.728,1.14275,1.14295,14.90,4.70
2007.12.27 05:58:57.938,1.1428,1.14295,0.30,7.10
2007.12.27 05:58:58.150,1.14275,1.14295,12.50,7.10
2007.12.27 05:58:58.364,1.14275,1.14295,12.50,7.10
2007.12.27 05:58:58.578,1.14275,1.14295,12.50,7.10
2007.12.27 05:58:59.102,1.14275,1.14295,12.50,7.10
2007.12.27 05:58:59.356,1.14275,1.14295,12.50,7.10
2007.12.27 05:58:59.608,1.14275,1.14295,12.50,7.10
2007.12.27 05:59:00.086,1.14275,1.14285,2.00,0.40
2007.12.27 05:59:00.305,1.1427,1.14285,0.30,4.30
2007.12.27 05:59:00.537,1.14265,1.14285,7.30,4.30
2007.12.27 05:59:01.184,1.14265,1.14285,7.30,4.30
2007.12.27 05:59:01.392,1.1427,1.14285,0.30,4.30
2007.12.27 05:59:01.602,1.1427,1.14285,0.30,4.30
2007.12.27 05:59:01.809,1.14265,1.14285,7.30,4.30
2007.12.27 05:59:02.018,1.14265,1.14285,7.30,4.30
2007.12.27 05:59:02.257,1.1427,1.14285,0.30,4.30
2007.12.27 05:59:03.864,1.1427,1.14285,0.30,4.30
2007.12.27 05:59:04.083,1.1427,1.14285,0.30,4.30
2007.12.27 05:59:04.507,1.1427,1.14285,0.30,4.30
2007.12.27 05:59:05.732,1.1427,1.14285,0.30,4.30
2007.12.27 05:59:05.933,1.1427,1.14285,0.30,4.30
2007.12.27 05:59:06.148,1.1427,1.14285,0.30,4.30
2007.12.27 05:59:06.301,1.1427,1.14285,0.30,4.30
2007.12.27 05:59:07.476,1.1427,1.14285,0.30,4.30
2007.12.27 05:59:07.814,1.14275,1.14285,1.20,4.30
2007.12.27 05:59:08.028,1.14275,1.14285,1.40,4.30
2007.12.27 05:59:08.241,1.14275,1.14285,2.90,4.00
2007.12.27 05:59:08.439,1.1428,1.14295,0.30,4.70
2007.12.27 05:59:08.639,1.14275,1.14295,14.90,4.70
2007.12.27 05:59:09.192,1.14275,1.14295,14.90,4.70
2007.12.27 05:59:09.484,1.14275,1.14295,14.90,4.70
2007.12.27 05:59:10.435,1.14275,1.14295,14.10,4.70
2007.12.27 05:59:10.612,1.1427,1.1429,14.10,0.40
2007.12.27 05:59:10.803,1.1427,1.1429,6.90,0.40
2007.12.27 05:59:10.981,1.1427,1.1429,6.90,0.40
2007.12.27 05:59:11.160,1.14275,1.14295,14.10,8.70
2007.12.27 05:59:11.338,1.14275,1.14295,14.10,4.70
2007.12.27 05:59:11.572,1.1428,1.14295,0.30,4.70
2007.12.27 05:59:12.468,1.1428,1.14295,0.30,4.70
2007.12.27 05:59:13.193,1.1428,1.14295,0.30,4.70
2007.12.27 05:59:13.979,1.14275,1.1429,13.80,0.40
2007.12.27 05:59:14.151,1.14275,1.1429,11.40,0.40
2007.12.27 05:59:14.325,1.14275,1.1429,0.30,0.40
2007.12.27 05:59:14.543,1.14275,1.1429,0.30,0.40
2007.12.27 05:59:14.773,1.14275,1.1429,0.30,0.40
2007.12.27 05:59:14.977,1.14275,1.1429,0.30,0.40
2007.12.27 05:59:16.926,1.14275,1.1429,0.30,0.40
2007.12.27 05:59:17.061,1.1428,1.14295,0.30,11.10
2007.12.27 05:59:17.194,1.1428,1.14295,0.30,11.10
2007.12.27 05:59:17.327,1.1428,1.14295,0.30,11.10
2007.12.27 05:59:17.460,1.1428,1.14295,0.30,7.10
2007.12.27 05:59:17.833,1.1428,1.14295,0.30,7.10
2007.12.27 05:59:18.141,1.14275,1.14285,11.20,0.40
2007.12.27 05:59:18.450,1.1427,1.14285,0.30,4.30
2007.12.27 05:59:18.613,1.1427,1.14285,0.30,4.30
2007.12.27 05:59:18.776,1.1427,1.14285,0.30,4.30
2007.12.27 05:59:19.207,1.1427,1.14285,0.30,4.30
2007.12.27 05:59:19.509,1.1427,1.14285,0.30,4.30
2007.12.27 05:59:19.918,1.1427,1.14285,0.30,4.30
2007.12.27 05:59:20.186,1.14275,1.14285,0.30,4.00
2007.12.27 05:59:20.454,1.14275,1.1429,0.30,0.40
2007.12.27 05:59:21.835,1.14275,1.14295,0.30,11.20
2007.12.27 05:59:21.968,1.1428,1.143,0.30,12.70
2007.12.27 05:59:22.215,1.1428,1.143,0.30,8.70
2007.12.27 05:59:22.343,1.1428,1.143,0.30,8.70
2007.12.27 05:59:22.472,1.1428,1.14295,0.30,0.60
2007.12.27 05:59:22.771,1.1428,1.143,0.30,8.70
2007.12.27 05:59:23.456,1.1428,1.143,0.30,8.70
2007.12.27 05:59:23.694,1.14275,1.14295,11.40,7.20
2007.12.27 05:59:23.828,1.14275,1.14285,0.30,0.60
2007.12.27 05:59:23.961,1.14275,1.1429,0.30,4.40
2007.12.27 05:59:24.185,1.14275,1.14285,0.30,0.70
2007.12.27 05:59:24.304,1.14275,1.14285,0.30,0.90
2007.12.27 05:59:24.511,1.14275,1.1429,0.30,4.40
2007.12.27 05:59:25.250,1.14275,1.1429,0.30,4.40
2007.12.27 05:59:25.933,1.14275,1.1429,0.30,4.40
2007.12.27 05:59:26.171,1.14275,1.1429,0.30,4.40
2007.12.27 05:59:26.344,1.14275,1.14285,0.30,0.80
2007.12.27 05:59:26.683,1.14275,1.14285,0.30,0.80
2007.12.27 05:59:26.857,1.14275,1.1429,0.30,5.10
2007.12.27 05:59:27.090,1.14275,1.1429,0.30,5.10
2007.12.27 05:59:27.324,1.14275,1.1429,4.20,0.80
2007.12.27 05:59:27.558,1.14275,1.14295,4.20,11.20
2007.12.27 05:59:27.791,1.1428,1.143,0.30,8.70
2007.12.27 05:59:27.974,1.1428,1.14295,0.30,0.90
2007.12.27 05:59:28.158,1.14275,1.14295,8.20,7.20
2007.12.27 05:59:28.340,1.14275,1.14295,4.20,7.20
2007.12.27 05:59:28.524,1.14275,1.14295,4.20,11.20
2007.12.27 05:59:28.708,1.1428,1.143,0.30,12.70
2007.12.27 05:59:28.892,1.1428,1.143,0.30,8.70
2007.12.27 05:59:29.121,1.1428,1.14295,0.30,0.70
2007.12.27 05:59:29.349,1.1428,1.143,0.30,12.70
2007.12.27 05:59:29.577,1.1428,1.143,0.30,12.70
2007.12.27 05:59:29.805,1.1428,1.14295,0.30,7.20
2007.12.27 05:59:30.115,1.1428,1.14295,0.30,7.20
2007.12.27 05:59:30.338,1.1428,1.1429,0.30,0.40
2007.12.27 05:59:33.585,1.14275,1.14295,8.20,7.20
2007.12.27 05:59:33.744,1.14275,1.14285,0.30,0.40
2007.12.27 05:59:33.902,1.14275,1.14285,0.30,0.40
2007.12.27 05:59:34.059,1.14275,1.14295,0.30,11.20
2007.12.27 05:59:34.238,1.14275,1.14295,0.30,11.20
2007.12.27 05:59:35.981,1.14275,1.14295,0.30,11.20
2007.12.27 05:59:36.170,1.14275,1.14295,0.30,11.20
2007.12.27 05:59:38.207,1.14275,1.14285,0.30,0.40
2007.12.27 05:59:38.357,1.14275,1.1429,0.30,1.20
2007.12.27 05:59:38.505,1.14275,1.14295,0.30,11.20
2007.12.27 05:59:38.776,1.14275,1.14295,0.30,11.20
2007.12.27 05:59:43.648,1.1427,1.14295,0.30,11.20
2007.12.27 05:59:43.906,1.1427,1.14285,0.30,0.40
2007.12.27 05:59:44.163,1.14275,1.14295,0.30,11.20
2007.12.27 05:59:44.423,1.14275,1.1429,0.30,0.40
2007.12.27 05:59:44.772,1.14275,1.1429,0.30,0.40
2007.12.27 05:59:44.921,1.14275,1.1429,4.20,0.40
2007.12.27 05:59:45.068,1.14275,1.14295,4.20,7.20
2007.12.27 05:59:45.217,1.14275,1.14295,4.00,7.30
2007.12.27 05:59:45.366,1.1427,1.14295,0.30,11.30
2007.12.27 05:59:45.574,1.1427,1.14285,0.30,0.40
2007.12.27 05:59:45.794,1.1427,1.14295,0.30,12.90
2007.12.27 05:59:46.003,1.1427,1.1429,0.30,1.20
2007.12.27 05:59:46.211,1.1427,1.14285,0.30,0.40
2007.12.27 05:59:46.419,1.1427,1.14295,0.30,11.20
2007.12.27 05:59:46.668,1.14265,1.1428,4.60,0.40
2007.12.27 05:59:46.928,1.14265,1.14285,4.60,2.80
2007.12.27 05:59:47.176,1.14265,1.14285,4.60,2.80
2007.12.27 05:59:47.424,1.14265,1.14285,4.60,6.80
2007.12.27 05:59:47.609,1.14265,1.1428,4.60,0.40
2007.12.27 05:59:48.167,1.14265,1.14285,7.00,4.40
2007.12.27 05:59:48.350,1.14265,1.1428,7.00,0.40
2007.12.27 05:59:48.593,1.14265,1.1428,7.00,0.40
2007.12.27 05:59:48.835,1.1427,1.14285,0.30,0.40
2007.12.27 05:59:49.079,1.1427,1.14285,0.30,0.40
2007.12.27 05:59:49.322,1.1427,1.14285,0.30,0.40
2007.12.27 05:59:49.975,1.1427,1.14285,0.30,0.40
2007.12.27 05:59:50.214,1.1427,1.14285,0.30,0.40
2007.12.27 05:59:52.821,1.1427,1.14285,0.30,0.40
2007.12.27 05:59:53.090,1.1427,1.14285,0.30,0.40
2007.12.27 05:59:53.359,1.14275,1.1429,0.30,0.40
2007.12.27 05:59:53.628,1.14275,1.1429,0.30,0.40
2007.12.27 05:59:53.853,1.14275,1.1429,4.20,0.40
2007.12.27 05:59:54.076,1.14275,1.1429,4.20,0.40
2007.12.27 05:59:54.299,1.14275,1.1429,4.20,0.40
2007.12.27 05:59:54.523,1.14275,1.1429,4.20,0.40
2007.12.27 05:59:54.777,1.14275,1.1429,4.20,0.40
2007.12.27 05:59:55.018,1.14275,1.1429,4.20,0.40
2007.12.27 05:59:55.246,1.14275,1.1429,4.20,0.40
2007.12.27 05:59:56.857,1.14275,1.1429,4.20,0.40
2007.12.27 05:59:56.870,1.14275,1.1429,4.20,0.40
2007.12.27 05:59:56.883,1.14275,1.14285,4.20,2.40
2007.12.27 05:59:57.023,1.14275,1.1428,4.00,0.40
2007.12.27 05:59:57.092,1.14275,1.1428,4.00,0.40
2007.12.27 05:59:57.143,1.14275,1.1428,4.00,0.40
2007.12.27 05:59:57.189,1.14265,1.1428,8.80,0.40
2007.12.27 05:59:57.215,1.14265,1.1428,8.60,0.40
2007.12.27 05:59:57.318,1.14265,1.1428,4.60,0.40
2007.12.27 05:59:57.484,1.14265,1.1428,4.60,0.40
2007.12.27 05:59:57.670,1.14265,1.1428,4.60,0.40
2007.12.27 05:59:57.704,1.14265,1.1428,4.60,0.40
2007.12.27 05:59:57.715,1.14265,1.1428,7.00,0.40
2007.12.27 05:59:57.982,1.14265,1.1428,7.00,0.40
2007.12.27 05:59:58.317,1.1427,1.14285,0.30,0.40
2007.12.27 05:59:58.649,1.1427,1.14285,0.30,2.70
2007.12.27 05:59:58.983,1.14265,1.1428,4.60,0.40
2007.12.27 05:59:59.112,1.14265,1.1428,4.60,0.40
2007.12.27 05:59:59.939,1.14265,1.1428,4.60,0.40
