2012.01.12 04:00:18.402,0.76841,0.76847,2.25,1.50
2012.01.12 04:00:28.382,0.76841,0.76847,1.50,1.80
2012.01.12 04:00:35.081,0.76841,0.76847,1.50,1.50
2012.01.12 04:00:42.302,0.76843,0.76849,1.50,2.25
2012.01.12 04:00:50.021,0.76841,0.76847,1.50,1.50
2012.01.12 04:01:32.021,0.76841,0.76847,2.25,1.50
2012.01.12 04:01:32.045,0.76842,0.7685,2.25,4.13
2012.01.12 04:01:54.952,0.76842,0.7685,3.00,2.63
2012.01.12 04:01:56.304,0.76842,0.7685,2.25,2.63
2012.01.12 04:01:58.805,0.76842,0.7685,1.50,2.63
2012.01.12 04:02:06.692,0.76842,0.76849,1.50,1.50
2012.01.12 04:02:26.381,0.76842,0.76849,1.50,1.50
2012.01.12 04:02:32.151,0.7684,0.76849,1.13,1.50
2012.01.12 04:02:35.135,0.7684,0.76849,2.63,1.50
2012.01.12 04:02:38.406,0.7684,0.76849,2.63,1.50
2012.01.12 04:02:39.020,0.7684,0.76849,2.63,1.50
2012.01.12 04:02:39.611,0.7684,0.76849,1.88,1.50
2012.01.12 04:03:09.593,0.7684,0.76849,1.88,2.25
2012.01.12 04:03:10.153,0.7684,0.76849,2.63,2.25
2012.01.12 04:03:11.486,0.7684,0.76849,1.88,1.50
2012.01.12 04:03:12.002,0.7684,0.76849,2.63,2.25
2012.01.12 04:03:13.093,0.7684,0.76849,1.13,1.50
2012.01.12 04:03:16.994,0.7684,0.76849,2.63,2.25
2012.01.12 04:03:17.669,0.7684,0.76849,1.88,2.25
2012.01.12 04:03:26.352,0.7684,0.76849,3.38,1.50
2012.01.12 04:03:27.405,0.76841,0.7685,1.50,3.38
2012.01.12 04:03:27.963,0.76842,0.7685,1.50,2.63
2012.01.12 04:03:28.502,0.76841,0.7685,1.50,1.13
2012.01.12 04:03:33.454,0.7684,0.76848,2.63,1.13
2012.01.12 04:03:33.963,0.7684,0.76848,2.63,1.13
2012.01.12 04:03:39.643,0.76845,0.7685,1.13,1.50
2012.01.12 04:03:39.715,0.76845,0.76852,1.88,1.50
2012.01.12 04:03:40.172,0.76845,0.7685,1.88,1.50
2012.01.12 04:03:42.876,0.76845,0.7685,1.13,2.25
2012.01.12 04:03:43.015,0.76841,0.76849,4.88,3.38
2012.01.12 04:03:43.522,0.76841,0.76849,4.13,2.63
2012.01.12 04:03:44.653,0.76844,0.76849,1.50,1.13
2012.01.12 04:03:45.547,0.76844,0.7685,3.00,1.50
2012.01.12 04:03:45.616,0.76847,0.76853,1.13,3.00
2012.01.12 04:03:45.816,0.76847,0.76855,2.63,2.63
2012.01.12 04:03:46.015,0.76847,0.76855,3.38,3.23
2012.01.12 04:03:46.334,0.76847,0.76853,1.13,1.50
2012.01.12 04:03:55.133,0.76845,0.76853,4.13,2.25
2012.01.12 04:03:55.643,0.76846,0.76853,1.50,1.50
2012.01.12 04:04:01.174,0.76845,0.76853,3.38,2.85
2012.01.12 04:04:01.503,0.76844,0.7685,1.50,1.50
2012.01.12 04:04:08.615,0.76844,0.7685,2.25,2.25
2012.01.12 04:04:08.753,0.76846,0.76853,1.50,4.73
2012.01.12 04:04:08.824,0.76844,0.7685,2.25,1.50
2012.01.12 04:04:09.553,0.76844,0.7685,2.25,1.50
2012.01.12 04:05:08.980,0.76841,0.7685,1.50,1.13
2012.01.12 04:05:15.271,0.76841,0.7685,1.50,1.88
2012.01.12 04:05:18.871,0.76841,0.7685,1.50,2.63
2012.01.12 04:05:33.026,0.76841,0.7685,1.50,3.38
2012.01.12 04:05:35.971,0.76841,0.7685,1.50,1.88
2012.01.12 04:05:36.713,0.7684,0.7685,2.63,2.63
2012.01.12 04:05:43.494,0.76841,0.76849,3.00,3.75
2012.01.12 04:05:45.120,0.76841,0.76849,3.00,3.00
2012.01.12 04:05:45.652,0.76841,0.76849,3.00,3.75
2012.01.12 04:05:46.159,0.76841,0.76849,2.25,1.50
2012.01.12 04:05:51.483,0.76841,0.76849,3.00,1.50
2012.01.12 04:05:56.723,0.76841,0.76849,3.00,2.25
2012.01.12 04:06:07.715,0.76841,0.76849,2.25,1.50
2012.01.12 04:06:08.254,0.76841,0.76849,2.25,2.25
2012.01.12 04:06:09.744,0.76841,0.76849,2.25,1.50
2012.01.12 04:06:10.341,0.76841,0.76849,2.25,2.25
2012.01.12 04:06:14.111,0.76841,0.76849,2.25,1.50
2012.01.12 04:06:14.671,0.76841,0.76849,2.25,2.25
2012.01.12 04:06:16.993,0.76841,0.76849,1.50,2.25
2012.01.12 04:06:17.544,0.76841,0.76849,2.25,2.25
2012.01.12 04:06:21.583,0.76841,0.76849,2.25,1.50
2012.01.12 04:06:22.095,0.76841,0.76849,1.50,1.50
2012.01.12 04:06:23.953,0.76841,0.76849,1.50,2.25
2012.01.12 04:06:24.871,0.76841,0.76849,1.50,1.50
2012.01.12 04:06:28.912,0.76841,0.76849,2.25,1.50
2012.01.12 04:06:32.292,0.76842,0.76849,1.50,1.50
2012.01.12 04:06:36.902,0.76842,0.7685,1.50,1.13
2012.01.12 04:06:56.871,0.76842,0.7685,1.50,1.13
2012.01.12 04:07:25.381,0.76842,0.7685,1.50,1.88
2012.01.12 04:07:26.403,0.76843,0.7685,1.50,1.88
2012.01.12 04:07:38.245,0.76843,0.7685,1.50,1.88
2012.01.12 04:07:40.328,0.76843,0.7685,1.50,1.88
2012.01.12 04:08:21.501,0.76842,0.7685,1.50,1.88
2012.01.12 04:08:34.681,0.76842,0.7685,1.50,1.13
2012.01.12 04:08:41.877,0.76843,0.7685,1.50,1.88
2012.01.12 04:09:24.312,0.76844,0.7685,3.00,1.50
2012.01.12 04:09:27.268,0.76844,0.7685,2.25,1.50
2012.01.12 04:09:40.707,0.76844,0.7685,2.25,2.63
2012.01.12 04:09:50.206,0.76844,0.7685,1.50,1.13
2012.01.12 04:09:52.133,0.76844,0.7685,1.50,1.13
2012.01.12 04:10:03.487,0.76844,0.7685,1.50,1.13
2012.01.12 04:10:07.794,0.76844,0.76851,1.50,1.13
2012.01.12 04:10:08.104,0.76845,0.76851,1.50,1.13
2012.01.12 04:10:11.547,0.76845,0.76851,1.50,1.13
2012.01.12 04:10:12.213,0.76844,0.76851,1.50,1.88
2012.01.12 04:10:14.192,0.76844,0.76851,1.50,1.13
2012.01.12 04:10:14.724,0.76844,0.76851,1.50,1.13
2012.01.12 04:10:20.612,0.76842,0.76852,2.63,1.50
2012.01.12 04:10:21.823,0.76843,0.76852,1.50,1.50
2012.01.12 04:10:55.465,0.76842,0.76851,1.58,1.13
2012.01.12 04:10:55.537,0.76842,0.76851,1.58,1.13
2012.01.12 04:10:58.802,0.76841,0.76851,2.70,2.63
2012.01.12 04:10:59.332,0.76842,0.76851,1.58,1.88
2012.01.12 04:11:00.593,0.76842,0.7685,1.50,1.13
2012.01.12 04:11:55.515,0.7684,0.7685,3.45,1.13
2012.01.12 04:12:28.353,0.76841,0.7685,1.58,1.13
2012.01.12 04:12:29.993,0.76841,0.7685,1.58,1.13
2012.01.12 04:12:34.605,0.76841,0.7685,1.58,1.13
2012.01.12 04:12:39.872,0.7684,0.7685,4.96,1.13
2012.01.12 04:12:40.215,0.76841,0.7685,1.58,1.13
2012.01.12 04:12:43.643,0.76841,0.7685,1.58,1.13
2012.01.12 04:12:53.812,0.76841,0.7685,1.58,1.13
2012.01.12 04:13:08.642,0.7684,0.7685,4.20,1.13
2012.01.12 04:13:09.174,0.76842,0.7685,1.58,1.13
2012.01.12 04:13:11.321,0.76841,0.7685,3.08,1.13
2012.01.12 04:13:13.533,0.76841,0.7685,2.33,1.13
2012.01.12 04:13:19.486,0.76841,0.7685,2.33,1.13
2012.01.12 04:13:20.686,0.76843,0.7685,1.50,1.13
2012.01.12 04:13:24.836,0.76843,0.76851,1.50,1.13
2012.01.12 04:13:25.883,0.76844,0.76851,2.25,1.13
2012.01.12 04:13:26.913,0.76845,0.76851,1.50,1.13
2012.01.12 04:13:39.064,0.76844,0.76851,1.58,1.13
2012.01.12 04:13:58.193,0.76844,0.76851,2.33,1.13
2012.01.12 04:13:59.283,0.76844,0.76851,2.33,1.13
2012.01.12 04:14:10.194,0.76844,0.76852,3.45,1.13
2012.01.12 04:14:10.634,0.76845,0.76852,1.58,1.13
2012.01.12 04:14:11.141,0.76845,0.76852,1.58,1.13
2012.01.12 04:14:15.746,0.76845,0.76852,1.58,1.88
2012.01.12 04:14:17.589,0.76844,0.76852,4.20,1.13
2012.01.12 04:14:20.415,0.76846,0.76852,1.50,1.13
2012.01.12 04:14:20.962,0.76847,0.76853,1.50,1.50
2012.01.12 04:14:23.166,0.76846,0.76853,3.14,1.50
2012.01.12 04:14:26.134,0.76845,0.76851,1.58,1.50
2012.01.12 04:14:26.690,0.76846,0.76852,3.00,1.50
2012.01.12 04:14:27.196,0.76846,0.76852,2.25,1.50
2012.01.12 04:14:27.755,0.76846,0.76852,3.00,1.50
2012.01.12 04:14:28.515,0.76846,0.76852,2.25,1.50
2012.01.12 04:14:48.016,0.76846,0.76852,2.25,1.50
2012.01.12 04:14:48.527,0.76846,0.76852,1.50,1.50
2012.01.12 04:14:58.748,0.76846,0.76852,2.25,1.50
2012.01.12 04:15:10.690,0.76846,0.76852,2.25,1.50
2012.01.12 04:15:25.951,0.76847,0.76852,1.13,1.50
2012.01.12 04:15:26.480,0.76847,0.76854,1.13,1.50
2012.01.12 04:15:58.770,0.76848,0.76854,1.50,3.00
2012.01.12 04:15:59.459,0.76847,0.76852,1.88,1.50
2012.01.12 04:15:59.805,0.76847,0.76854,1.13,2.25
2012.01.12 04:16:03.205,0.76847,0.76854,1.88,2.25
2012.01.12 04:16:03.949,0.76847,0.76854,1.88,2.25
2012.01.12 04:16:08.851,0.76847,0.76854,1.88,2.25
2012.01.12 04:16:09.514,0.76847,0.76854,1.88,2.25
2012.01.12 04:16:30.247,0.76847,0.76854,1.13,2.25
2012.01.12 04:16:32.673,0.76847,0.76854,1.88,2.25
2012.01.12 04:16:38.108,0.76847,0.76854,1.88,2.25
2012.01.12 04:16:38.645,0.76847,0.76854,1.88,2.25
2012.01.12 04:16:41.136,0.76847,0.76854,1.88,2.25
2012.01.12 04:16:59.900,0.76847,0.76856,2.63,3.00
2012.01.12 04:17:00.524,0.76847,0.76856,1.88,3.75
2012.01.12 04:17:01.033,0.76847,0.76855,1.88,2.25
2012.01.12 04:17:07.592,0.76847,0.76854,1.88,1.50
2012.01.12 04:17:09.572,0.76847,0.76854,1.88,1.50
2012.01.12 04:17:14.023,0.76847,0.76855,1.88,1.50
2012.01.12 04:17:32.404,0.76847,0.76856,1.13,3.00
2012.01.12 04:17:32.953,0.76847,0.76856,2.63,2.25
2012.01.12 04:17:39.867,0.76849,0.76856,1.13,1.50
2012.01.12 04:17:40.441,0.76849,0.76856,1.13,3.00
2012.01.12 04:17:41.565,0.76849,0.76856,1.88,2.25
2012.01.12 04:17:52.600,0.76849,0.76856,1.88,1.50
2012.01.12 04:18:39.983,0.76849,0.76857,1.88,1.50
2012.01.12 04:18:41.004,0.76851,0.76857,1.50,3.00
2012.01.12 04:18:42.598,0.76851,0.76857,1.50,2.25
2012.01.12 04:18:43.253,0.76851,0.76857,1.50,2.25
2012.01.12 04:19:03.932,0.76849,0.76855,2.63,1.50
2012.01.12 04:20:04.139,0.76849,0.76859,1.88,2.25
2012.01.12 04:20:07.986,0.76849,0.76859,2.63,2.63
2012.01.12 04:20:12.704,0.7685,0.76858,1.50,1.50
2012.01.12 04:20:13.256,0.76849,0.76859,2.63,2.63
2012.01.12 04:20:15.184,0.7685,0.76858,1.50,1.50
2012.01.12 04:20:16.849,0.7685,0.76857,1.50,1.13
2012.01.12 04:20:17.404,0.7685,0.76857,1.50,1.88
2012.01.12 04:21:16.729,0.76849,0.76857,1.88,1.13
2012.01.12 04:21:27.263,0.76849,0.76857,1.88,1.88
2012.01.12 04:21:27.784,0.76849,0.76857,1.88,1.13
2012.01.12 04:21:33.747,0.76849,0.76857,1.88,1.88
2012.01.12 04:21:39.765,0.76849,0.76858,1.88,1.88
2012.01.12 04:21:52.148,0.7685,0.76858,3.00,3.38
2012.01.12 04:22:20.380,0.7685,0.76858,3.00,3.38
2012.01.12 04:22:24.905,0.7685,0.76858,4.13,3.38
2012.01.12 04:22:27.904,0.7685,0.76858,3.38,3.38
2012.01.12 04:22:28.904,0.7685,0.76858,4.13,3.38
2012.01.12 04:22:29.501,0.7685,0.76858,3.38,2.63
2012.01.12 04:22:39.676,0.7685,0.76858,4.50,2.63
2012.01.12 04:22:42.936,0.7685,0.76858,4.13,2.63
2012.01.12 04:22:45.834,0.7685,0.76858,4.13,3.38
2012.01.12 04:22:46.342,0.7685,0.76858,4.13,3.38
2012.01.12 04:22:48.764,0.7685,0.76858,2.63,1.88
2012.01.12 04:22:49.274,0.7685,0.76858,2.63,2.63
2012.01.12 04:22:51.374,0.7685,0.76858,2.63,1.88
2012.01.12 04:23:03.910,0.76851,0.76859,1.88,2.63
2012.01.12 04:23:09.040,0.76851,0.76858,1.88,1.50
2012.01.12 04:23:10.604,0.76851,0.76859,1.88,3.00
2012.01.12 04:23:30.884,0.76851,0.76859,1.88,3.38
2012.01.12 04:23:31.314,0.76851,0.76859,1.88,2.63
2012.01.12 04:23:49.317,0.76852,0.76859,1.50,1.13
2012.01.12 04:23:49.848,0.76853,0.76859,1.50,1.13
2012.01.12 04:24:01.831,0.76854,0.7686,1.50,1.50
2012.01.12 04:24:02.348,0.76852,0.7686,4.88,1.50
2012.01.12 04:24:02.887,0.76854,0.76862,1.50,5.25
2012.01.12 04:24:02.960,0.76856,0.76862,1.13,2.63
2012.01.12 04:24:03.307,0.76858,0.76864,3.00,2.63
2012.01.12 04:24:03.570,0.7686,0.76866,2.63,2.25
2012.01.12 04:24:03.638,0.7686,0.76866,2.63,3.00
2012.01.12 04:24:03.709,0.7686,0.76866,2.63,2.25
2012.01.12 04:24:09.425,0.7686,0.76866,1.50,4.13
2012.01.12 04:24:10.224,0.7686,0.76866,1.50,3.38
2012.01.12 04:24:19.587,0.76858,0.76864,3.38,1.50
2012.01.12 04:24:20.144,0.76858,0.76864,2.63,2.25
2012.01.12 04:24:30.046,0.76858,0.76864,1.50,2.25
2012.01.12 04:24:30.355,0.76857,0.76864,1.13,3.00
2012.01.12 04:24:30.870,0.76857,0.76862,1.13,2.25
2012.01.12 04:24:31.676,0.76857,0.76862,1.13,2.25
2012.01.12 04:24:35.686,0.76856,0.76862,3.38,1.50
2012.01.12 04:24:36.234,0.76856,0.76862,3.38,1.50
2012.01.12 04:24:48.248,0.76858,0.76862,1.13,1.50
2012.01.12 04:24:48.389,0.76859,0.76865,1.50,1.50
2012.01.12 04:24:48.946,0.76859,0.76865,1.50,2.25
2012.01.12 04:24:49.569,0.76858,0.76863,1.13,1.50
2012.01.12 04:24:57.496,0.76857,0.76863,3.38,1.50
2012.01.12 04:24:58.618,0.76857,0.76862,1.88,1.50
2012.01.12 04:25:03.212,0.76855,0.76862,1.50,1.50
2012.01.12 04:25:13.205,0.76856,0.76864,2.25,4.13
2012.01.12 04:25:21.606,0.76856,0.76864,3.00,4.88
2012.01.12 04:25:22.157,0.76856,0.76864,2.25,4.13
2012.01.12 04:25:26.913,0.76856,0.76864,2.25,4.88
2012.01.12 04:25:30.765,0.76856,0.76863,2.25,1.88
2012.01.12 04:25:34.195,0.76856,0.76864,2.25,2.25
2012.01.12 04:25:37.389,0.76856,0.76864,3.00,3.00
2012.01.12 04:25:42.454,0.76856,0.76864,2.25,3.00
2012.01.12 04:25:43.786,0.76856,0.76863,3.00,1.88
2012.01.12 04:25:52.295,0.76856,0.76864,2.25,3.38
2012.01.12 04:25:52.952,0.76856,0.76864,3.00,4.13
2012.01.12 04:25:58.794,0.76856,0.76864,3.52,2.63
2012.01.12 04:26:06.837,0.76857,0.76864,1.27,1.50
2012.01.12 04:26:07.365,0.76858,0.76865,1.27,2.63
2012.01.12 04:26:36.107,0.76857,0.76865,2.25,2.25
2012.01.12 04:26:36.418,0.76856,0.76863,3.14,1.50
2012.01.12 04:26:42.004,0.76856,0.76863,1.88,1.50
2012.01.12 04:26:43.679,0.76856,0.76863,1.88,1.50
2012.01.12 04:27:00.375,0.76858,0.76864,1.50,1.50
2012.01.12 04:27:44.083,0.76859,0.76866,1.50,1.88
2012.01.12 04:28:04.073,0.76859,0.76866,1.50,2.63
2012.01.12 04:28:04.897,0.76859,0.76866,1.50,1.88
2012.01.12 04:28:05.648,0.76859,0.76866,1.50,2.63
2012.01.12 04:28:09.133,0.76859,0.76866,1.50,1.88
2012.01.12 04:28:13.198,0.76859,0.76863,1.50,1.13
2012.01.12 04:28:13.270,0.76857,0.76863,2.25,2.63
2012.01.12 04:28:46.646,0.76855,0.76862,2.25,1.50
2012.01.12 04:28:47.386,0.76855,0.76862,2.25,1.50
2012.01.12 04:28:47.516,0.76855,0.76862,2.25,1.50
2012.01.12 04:28:47.646,0.76856,0.76862,1.50,1.50
2012.01.12 04:28:50.975,0.76856,0.76864,3.00,3.38
2012.01.12 04:29:04.978,0.76856,0.76864,3.38,4.13
2012.01.12 04:29:09.137,0.76856,0.76864,3.38,3.38
2012.01.12 04:29:11.938,0.76856,0.76864,2.63,3.38
2012.01.12 04:29:22.814,0.76856,0.76864,2.63,4.13
2012.01.12 04:29:23.751,0.76856,0.76864,2.63,3.38
2012.01.12 04:29:27.046,0.76856,0.76864,3.38,3.38
2012.01.12 04:29:28.958,0.76856,0.76864,4.13,4.13
2012.01.12 04:29:30.367,0.76856,0.76864,3.38,4.13
2012.01.12 04:29:30.947,0.76856,0.76864,4.13,4.13
2012.01.12 04:29:44.567,0.76856,0.76864,3.38,4.13
2012.01.12 04:29:45.142,0.76856,0.76864,4.13,4.13
2012.01.12 04:29:47.565,0.76856,0.76864,4.13,4.88
2012.01.12 04:29:57.459,0.76858,0.76864,1.50,2.63
2012.01.12 04:29:58.475,0.76856,0.76864,4.13,2.63
2012.01.12 04:30:00.517,0.76859,0.76864,1.50,1.13
2012.01.12 04:30:02.685,0.76859,0.76865,1.50,2.25
2012.01.12 04:31:00.542,0.76856,0.76866,1.88,1.88
2012.01.12 04:31:01.076,0.76858,0.76866,1.13,1.88
2012.01.12 04:31:13.459,0.76857,0.76865,1.88,1.88
2012.01.12 04:31:14.110,0.76857,0.76865,4.13,1.13
2012.01.12 04:31:27.947,0.76859,0.76867,1.13,2.63
2012.01.12 04:31:28.807,0.76859,0.76867,1.13,3.38
2012.01.12 04:31:29.927,0.76859,0.76867,1.13,2.63
2012.01.12 04:31:38.736,0.76859,0.76867,1.13,2.63
2012.01.12 04:31:44.309,0.76859,0.76867,1.88,2.63
2012.01.12 04:31:52.514,0.76859,0.76867,1.13,2.63
2012.01.12 04:31:53.025,0.76857,0.76866,2.63,1.50
2012.01.12 04:31:53.549,0.76861,0.76867,1.50,4.13
2012.01.12 04:31:54.155,0.76861,0.76867,1.50,3.38
2012.01.12 04:32:53.503,0.7686,0.76868,2.63,2.63
2012.01.12 04:33:06.614,0.7686,0.76868,1.88,2.63
2012.01.12 04:33:06.934,0.7686,0.76868,2.63,2.63
2012.01.12 04:33:08.315,0.7686,0.76868,3.00,1.13
2012.01.12 04:33:09.264,0.7686,0.76868,4.50,1.13
2012.01.12 04:33:09.804,0.7686,0.76868,3.00,1.13
2012.01.12 04:33:12.714,0.76862,0.76868,1.50,1.13
2012.01.12 04:33:14.554,0.76862,0.76869,1.50,2.63
2012.01.12 04:33:28.236,0.76862,0.76869,2.25,2.63
2012.01.12 04:33:28.751,0.76862,0.76869,1.50,2.63
2012.01.12 04:33:31.325,0.76865,0.76869,1.50,1.88
2012.01.12 04:33:45.303,0.76863,0.76869,1.50,2.63
2012.01.12 04:34:18.595,0.76863,0.76869,1.50,4.13
2012.01.12 04:34:19.095,0.76863,0.76869,1.50,3.38
2012.01.12 04:34:23.666,0.76863,0.76869,1.50,4.13
2012.01.12 04:34:32.886,0.76863,0.76869,1.50,3.38
2012.01.12 04:34:33.994,0.76863,0.76869,1.50,4.13
2012.01.12 04:34:35.373,0.76863,0.76869,1.50,2.63
2012.01.12 04:34:37.134,0.76863,0.76869,1.50,4.13
2012.01.12 04:34:37.642,0.76863,0.76869,1.50,2.63
2012.01.12 04:34:39.313,0.76863,0.76869,1.50,2.63
2012.01.12 04:34:40.642,0.76863,0.76869,1.50,2.63
2012.01.12 04:34:45.500,0.76861,0.76869,2.25,2.63
2012.01.12 04:35:07.483,0.76861,0.76869,1.88,3.38
2012.01.12 04:35:08.032,0.76861,0.76869,1.88,3.38
2012.01.12 04:35:10.142,0.76861,0.76869,1.88,4.13
2012.01.12 04:35:35.974,0.7686,0.76868,1.13,1.13
2012.01.12 04:35:48.653,0.7686,0.76868,1.13,2.63
2012.01.12 04:35:50.952,0.7686,0.76868,1.88,1.88
2012.01.12 04:36:41.790,0.7686,0.76868,1.50,2.63
2012.01.12 04:36:41.853,0.7686,0.76866,1.13,1.50
2012.01.12 04:36:42.208,0.7686,0.76865,1.13,1.50
2012.01.12 04:36:42.737,0.7686,0.76865,1.13,1.50
2012.01.12 04:36:43.165,0.76862,0.76867,1.50,1.50
2012.01.12 04:36:45.081,0.76862,0.76867,1.50,1.50
2012.01.12 04:37:19.894,0.7686,0.76867,1.13,2.25
2012.01.12 04:37:28.874,0.76861,0.76867,1.50,3.75
2012.01.12 04:37:30.176,0.76861,0.76867,1.50,3.00
2012.01.12 04:37:31.185,0.76861,0.76866,1.50,1.50
2012.01.12 04:37:44.074,0.76861,0.76867,1.50,2.25
2012.01.12 04:37:44.645,0.76861,0.76867,1.50,3.75
2012.01.12 04:38:11.068,0.76861,0.76867,1.50,3.00
2012.01.12 04:38:11.575,0.76861,0.76867,1.50,3.00
2012.01.12 04:38:29.173,0.7686,0.76867,1.13,1.50
2012.01.12 04:38:36.526,0.7686,0.76868,1.13,4.13
2012.01.12 04:38:37.102,0.7686,0.76867,1.13,1.50
2012.01.12 04:38:43.065,0.76862,0.76868,1.50,2.63
2012.01.12 04:38:44.123,0.76862,0.76867,1.50,1.50
2012.01.12 04:38:53.414,0.76862,0.76866,1.50,1.05
2012.01.12 04:38:53.734,0.76859,0.76866,1.13,1.05
2012.01.12 04:38:54.351,0.76861,0.76866,1.50,1.05
2012.01.12 04:38:56.994,0.76862,0.76867,1.50,3.38
2012.01.12 04:38:57.395,0.76862,0.76867,1.50,2.63
2012.01.12 04:39:03.899,0.76862,0.76867,1.50,3.38
2012.01.12 04:39:04.563,0.76862,0.76867,1.50,2.63
2012.01.12 04:39:05.144,0.76862,0.76867,1.50,3.38
2012.01.12 04:39:08.555,0.76862,0.76867,1.50,1.88
2012.01.12 04:39:11.566,0.76862,0.76868,1.50,1.50
2012.01.12 04:39:17.585,0.76862,0.76868,1.50,2.25
2012.01.12 04:39:50.486,0.76862,0.76867,1.50,1.50
2012.01.12 04:39:51.045,0.76862,0.76867,1.50,1.50
2012.01.12 04:39:54.708,0.76862,0.76867,1.50,1.80
2012.01.12 04:39:54.968,0.7686,0.76866,1.50,1.43
2012.01.12 04:39:55.491,0.76862,0.76867,1.50,2.25
2012.01.12 04:40:00.816,0.76862,0.76869,1.50,3.38
2012.01.12 04:40:01.372,0.76862,0.76869,1.50,1.88
2012.01.12 04:40:10.259,0.76862,0.76869,1.50,2.63
2012.01.12 04:40:15.537,0.76862,0.76868,1.50,1.50
2012.01.12 04:40:16.122,0.76862,0.76869,1.50,3.38
2012.01.12 04:40:45.363,0.76862,0.76867,1.50,1.50
2012.01.12 04:40:47.433,0.76862,0.76868,1.50,1.50
2012.01.12 04:40:49.456,0.76862,0.76866,1.50,1.13
2012.01.12 04:40:49.991,0.76858,0.76866,2.25,3.23
2012.01.12 04:40:50.546,0.76858,0.76866,2.25,2.63
2012.01.12 04:40:52.114,0.76862,0.76866,1.50,2.63
2012.01.12 04:40:52.976,0.76858,0.76866,2.25,2.63
2012.01.12 04:40:56.330,0.76862,0.76866,1.50,1.88
2012.01.12 04:40:56.857,0.76859,0.76865,1.50,2.25
2012.01.12 04:40:57.074,0.76862,0.76866,1.50,4.13
2012.01.12 04:40:58.085,0.76858,0.76866,3.00,1.88
2012.01.12 04:41:27.723,0.76862,0.76866,1.50,1.88
2012.01.12 04:41:41.835,0.76859,0.76865,2.25,1.50
2012.01.12 04:41:41.908,0.7686,0.76865,1.50,1.50
2012.01.12 04:41:42.348,0.76862,0.76867,1.50,1.50
2012.01.12 04:41:42.873,0.76862,0.76866,1.50,1.50
2012.01.12 04:41:47.507,0.76859,0.76866,1.88,1.50
2012.01.12 04:41:53.604,0.7686,0.76865,1.50,1.05
2012.01.12 04:41:56.599,0.7686,0.76865,1.50,1.88
2012.01.12 04:41:57.135,0.76858,0.76864,1.13,1.50
2012.01.12 04:42:02.576,0.7686,0.76865,1.50,1.50
2012.01.12 04:42:04.612,0.76858,0.76864,1.13,1.50
2012.01.12 04:42:08.365,0.7686,0.76864,1.50,1.50
2012.01.12 04:42:08.866,0.7686,0.76866,1.50,5.10
2012.01.12 04:42:21.681,0.76861,0.76867,1.50,2.63
2012.01.12 04:42:23.959,0.76861,0.76867,1.50,2.63
2012.01.12 04:42:24.485,0.76861,0.76867,1.50,1.50
2012.01.12 04:42:30.185,0.76861,0.76867,1.50,1.50
2012.01.12 04:42:44.148,0.76861,0.76868,1.50,2.63
2012.01.12 04:42:44.703,0.76861,0.76868,2.25,2.63
2012.01.12 04:42:55.786,0.76861,0.76869,2.25,4.43
2012.01.12 04:43:00.148,0.76861,0.76869,1.50,4.13
2012.01.12 04:43:00.728,0.76861,0.76869,2.25,4.13
2012.01.12 04:43:08.434,0.76861,0.76869,2.25,4.13
2012.01.12 04:43:08.875,0.76862,0.76869,1.50,3.38
2012.01.12 04:43:09.384,0.76862,0.76869,1.65,3.38
2012.01.12 04:43:31.215,0.76861,0.76867,1.65,1.13
2012.01.12 04:43:34.606,0.76861,0.76867,1.50,2.63
2012.01.12 04:43:52.785,0.76861,0.76867,1.50,1.50
2012.01.12 04:44:05.614,0.76861,0.76867,1.50,1.50
2012.01.12 04:44:09.485,0.76861,0.76869,3.00,2.63
2012.01.12 04:44:37.504,0.76861,0.76869,3.00,2.63
2012.01.12 04:44:39.245,0.76861,0.76869,3.00,2.63
2012.01.12 04:44:39.856,0.76861,0.76869,3.00,2.63
2012.01.12 04:44:42.154,0.76861,0.76869,3.75,3.38
2012.01.12 04:44:42.666,0.76861,0.76869,3.00,3.38
2012.01.12 04:44:43.185,0.76861,0.76869,3.00,2.63
2012.01.12 04:44:49.435,0.76861,0.76869,3.00,2.25
2012.01.12 04:44:49.765,0.76861,0.76867,1.50,1.50
2012.01.12 04:44:58.335,0.7686,0.76867,2.63,1.50
2012.01.12 04:44:58.407,0.7686,0.76867,2.63,1.50
2012.01.12 04:45:02.383,0.76862,0.76868,1.50,4.35
2012.01.12 04:45:02.778,0.76862,0.76868,1.50,5.10
2012.01.12 04:45:03.285,0.76861,0.76867,2.25,1.50
2012.01.12 04:45:07.957,0.76857,0.76865,4.13,2.25
2012.01.12 04:45:08.479,0.76857,0.76865,4.13,3.00
2012.01.12 04:45:09.055,0.7686,0.76867,1.13,3.38
2012.01.12 04:45:10.795,0.76859,0.76867,1.88,4.13
2012.01.12 04:45:11.138,0.76858,0.76864,1.50,1.50
2012.01.12 04:45:11.496,0.7686,0.76866,1.50,2.25
2012.01.12 04:45:44.086,0.7686,0.76866,3.38,3.00
2012.01.12 04:45:45.044,0.7686,0.76865,1.13,2.25
2012.01.12 04:45:52.856,0.76857,0.76865,3.75,2.25
2012.01.12 04:46:14.828,0.76859,0.76865,1.50,2.25
2012.01.12 04:46:15.108,0.76859,0.76867,2.25,4.13
2012.01.12 04:46:15.249,0.76857,0.76865,3.00,2.25
2012.01.12 04:46:17.128,0.76861,0.76865,1.13,2.25
2012.01.12 04:46:18.066,0.76858,0.76864,1.88,1.50
2012.01.12 04:46:18.595,0.76858,0.76865,1.88,2.25
2012.01.12 04:46:20.157,0.7686,0.76865,1.13,2.25
2012.01.12 04:46:25.775,0.76859,0.76865,1.13,2.25
2012.01.12 04:46:26.332,0.76859,0.76865,1.88,2.25
2012.01.12 04:46:27.166,0.76859,0.76865,1.88,2.25
2012.01.12 04:46:29.207,0.76856,0.76862,2.70,1.50
2012.01.12 04:46:30.886,0.76857,0.76862,1.88,1.50
2012.01.12 04:46:30.959,0.76858,0.76864,3.00,2.25
2012.01.12 04:46:32.858,0.76858,0.76864,2.25,1.50
2012.01.12 04:46:32.989,0.7686,0.76866,2.25,2.25
2012.01.12 04:46:33.186,0.7686,0.76866,2.25,2.25
2012.01.12 04:46:33.707,0.76858,0.76864,2.25,2.25
2012.01.12 04:46:34.417,0.76857,0.76862,1.50,1.50
2012.01.12 04:46:34.546,0.76857,0.76862,1.88,1.50
2012.01.12 04:46:35.047,0.76857,0.76862,1.88,1.50
2012.01.12 04:46:35.607,0.76857,0.76864,3.38,1.50
2012.01.12 04:46:36.137,0.76857,0.76865,3.38,3.00
2012.01.12 04:46:41.045,0.76857,0.76865,3.38,3.00
2012.01.12 04:46:43.079,0.76859,0.76865,1.13,3.00
2012.01.12 04:46:43.568,0.7686,0.76865,1.50,1.50
2012.01.12 04:46:44.109,0.7686,0.76865,1.50,2.25
2012.01.12 04:46:44.627,0.76859,0.76865,1.88,2.25
2012.01.12 04:46:46.197,0.76859,0.76865,1.88,2.25
2012.01.12 04:46:48.815,0.76857,0.76865,3.38,2.25
2012.01.12 04:46:49.135,0.76857,0.76862,1.88,1.50
2012.01.12 04:46:53.325,0.76857,0.76865,1.88,1.50
2012.01.12 04:46:54.994,0.76856,0.76862,4.13,1.50
2012.01.12 04:47:27.494,0.76856,0.76862,4.13,2.25
2012.01.12 04:47:30.718,0.76856,0.76862,3.38,2.25
2012.01.12 04:47:30.787,0.76857,0.76864,2.25,1.88
2012.01.12 04:47:31.169,0.76856,0.76863,1.13,2.25
2012.01.12 04:47:31.727,0.76856,0.76863,1.88,1.50
2012.01.12 04:47:33.956,0.76855,0.76862,2.25,1.13
2012.01.12 04:47:34.540,0.76855,0.76862,3.00,1.88
2012.01.12 04:47:35.046,0.76855,0.76862,2.25,1.13
2012.01.12 04:47:36.237,0.76855,0.76862,3.00,1.88
2012.01.12 04:47:37.748,0.76855,0.76862,3.00,1.88
2012.01.12 04:47:38.305,0.76855,0.76862,2.25,1.13
2012.01.12 04:47:39.367,0.76856,0.76863,1.50,2.25
2012.01.12 04:47:39.938,0.76857,0.76863,1.50,1.50
2012.01.12 04:47:40.016,0.76855,0.76863,3.38,3.75
2012.01.12 04:47:40.545,0.76855,0.76863,3.38,3.00
2012.01.12 04:47:45.862,0.76855,0.76862,2.25,1.88
2012.01.12 04:47:53.789,0.76855,0.7686,1.88,1.50
2012.01.12 04:47:57.727,0.76855,0.7686,1.13,2.25
2012.01.12 04:47:59.485,0.76854,0.7686,1.50,2.25
2012.01.12 04:48:00.145,0.76854,0.7686,1.50,2.25
2012.01.12 04:48:01.305,0.76854,0.7686,1.50,3.00
2012.01.12 04:48:01.828,0.76854,0.7686,1.50,2.25
2012.01.12 04:48:02.026,0.76852,0.76859,1.13,3.75
2012.01.12 04:48:02.793,0.76852,0.76858,1.13,1.50
2012.01.12 04:48:02.875,0.76849,0.76857,3.38,2.25
2012.01.12 04:48:03.577,0.76849,0.76857,3.38,2.25
2012.01.12 04:48:05.955,0.76849,0.76857,3.38,1.88
2012.01.12 04:48:06.497,0.76849,0.76857,3.38,2.25
2012.01.12 04:48:09.138,0.76849,0.76857,4.13,4.13
2012.01.12 04:48:11.039,0.76849,0.76857,4.13,4.13
2012.01.12 04:48:14.707,0.76847,0.76852,2.78,1.50
2012.01.12 04:48:16.297,0.76848,0.76853,1.13,2.25
2012.01.12 04:48:16.806,0.76848,0.76856,4.13,4.13
2012.01.12 04:48:17.354,0.76848,0.76856,4.13,3.38
2012.01.12 04:48:17.867,0.76848,0.76856,3.38,3.38
2012.01.12 04:48:18.408,0.76848,0.76856,2.63,3.38
2012.01.12 04:48:19.725,0.76848,0.76856,3.38,3.38
2012.01.12 04:48:20.235,0.76848,0.76856,4.13,3.38
2012.01.12 04:48:21.628,0.76849,0.76856,3.38,1.50
2012.01.12 04:48:22.178,0.7685,0.76857,2.25,1.13
2012.01.12 04:48:24.297,0.7685,0.76857,3.75,1.13
2012.01.12 04:48:24.828,0.7685,0.76857,3.00,1.13
2012.01.12 04:48:25.737,0.76849,0.76856,2.63,1.50
2012.01.12 04:48:33.079,0.76849,0.76856,1.50,2.25
2012.01.12 04:48:42.194,0.76849,0.76856,1.50,2.25
2012.01.12 04:49:01.305,0.7685,0.76856,1.13,1.50
2012.01.12 04:49:01.757,0.7685,0.76858,3.38,4.13
2012.01.12 04:49:02.287,0.7685,0.76858,4.13,4.13
2012.01.12 04:49:05.579,0.7685,0.76858,4.13,3.38
2012.01.12 04:49:06.084,0.7685,0.76858,4.13,2.63
2012.01.12 04:49:08.365,0.7685,0.76858,3.38,4.13
2012.01.12 04:49:09.215,0.7685,0.76858,4.13,4.13
2012.01.12 04:49:10.750,0.7685,0.76858,4.13,4.88
2012.01.12 04:49:12.245,0.7685,0.76858,4.13,5.63
2012.01.12 04:49:16.650,0.7685,0.76858,4.88,4.88
2012.01.12 04:49:17.204,0.7685,0.76858,3.38,4.13
2012.01.12 04:49:17.786,0.7685,0.76858,3.38,3.38
2012.01.12 04:49:18.671,0.7685,0.76858,4.13,4.13
2012.01.12 04:49:24.529,0.7685,0.76858,4.88,4.13
2012.01.12 04:49:32.175,0.7685,0.76858,4.13,3.38
2012.01.12 04:49:42.768,0.7685,0.76858,4.13,4.13
2012.01.12 04:49:43.285,0.7685,0.76858,2.63,3.38
2012.01.12 04:49:55.475,0.7685,0.76858,2.63,3.38
2012.01.12 04:49:56.857,0.7685,0.76858,4.13,3.38
2012.01.12 04:50:06.177,0.7685,0.76858,2.63,1.88
2012.01.12 04:50:10.825,0.7685,0.76858,1.88,1.88
2012.01.12 04:50:16.159,0.76851,0.76858,1.50,1.88
2012.01.12 04:50:19.966,0.76851,0.76858,1.50,1.88
2012.01.12 04:50:21.236,0.7685,0.76858,2.63,1.88
2012.01.12 04:50:23.926,0.7685,0.76858,2.63,1.88
2012.01.12 04:50:24.126,0.7685,0.76858,1.13,1.88
2012.01.12 04:50:24.330,0.7685,0.76858,1.88,2.63
2012.01.12 04:50:29.315,0.7685,0.76858,1.13,2.63
2012.01.12 04:50:29.584,0.7685,0.76858,1.88,1.88
2012.01.12 04:50:36.975,0.76849,0.76857,1.88,1.88
2012.01.12 04:50:41.616,0.76849,0.76857,1.13,2.63
2012.01.12 04:50:42.366,0.76849,0.76855,4.13,1.50
2012.01.12 04:50:53.689,0.76849,0.76855,4.88,1.50
2012.01.12 04:51:02.616,0.76849,0.76855,3.38,1.50
2012.01.12 04:51:17.694,0.76849,0.76855,4.88,1.50
2012.01.12 04:51:29.865,0.76849,0.76855,3.38,1.50
2012.01.12 04:51:36.195,0.76849,0.76855,3.38,1.50
2012.01.12 04:51:36.265,0.7685,0.76857,2.25,1.88
2012.01.12 04:51:36.468,0.7685,0.76857,2.25,1.88
2012.01.12 04:51:36.655,0.7685,0.76857,2.25,1.88
2012.01.12 04:51:37.205,0.7685,0.76857,2.25,1.88
2012.01.12 04:51:37.725,0.7685,0.76857,2.25,1.88
2012.01.12 04:51:38.317,0.7685,0.76857,2.25,1.88
2012.01.12 04:51:51.582,0.7685,0.76857,2.63,1.88
2012.01.12 04:51:59.138,0.7685,0.76858,3.75,4.88
2012.01.12 04:52:28.724,0.7685,0.76857,3.75,1.50
2012.01.12 04:52:37.932,0.7685,0.76857,1.50,1.50
2012.01.12 04:52:47.146,0.7685,0.76857,1.50,1.50
2012.01.12 04:52:54.213,0.7685,0.76858,1.50,2.63
2012.01.12 04:52:57.491,0.7685,0.76858,1.50,2.63
2012.01.12 04:53:03.821,0.7685,0.76858,2.25,1.13
2012.01.12 04:53:04.355,0.7685,0.76858,2.25,2.63
2012.01.12 04:53:06.506,0.7685,0.76858,2.25,1.88
2012.01.12 04:53:07.017,0.76852,0.76858,1.50,1.13
2012.01.12 04:53:08.295,0.76852,0.7686,1.50,2.63
2012.01.12 04:53:14.395,0.76852,0.7686,1.50,2.63
2012.01.12 04:53:14.898,0.76853,0.7686,1.50,3.38
2012.01.12 04:53:17.435,0.76853,0.7686,1.50,4.13
2012.01.12 04:53:17.945,0.76852,0.7686,2.25,3.38
2012.01.12 04:53:34.367,0.76852,0.7686,2.25,3.38
2012.01.12 04:53:47.128,0.76852,0.7686,2.25,4.13
2012.01.12 04:53:48.595,0.76852,0.7686,1.50,4.88
2012.01.12 04:53:49.246,0.76852,0.76859,1.50,1.50
2012.01.12 04:53:49.807,0.76852,0.76859,1.50,2.25
2012.01.12 04:54:08.577,0.76852,0.76859,1.50,1.50
2012.01.12 04:54:14.684,0.7685,0.76859,2.25,1.50
2012.01.12 04:54:17.766,0.7685,0.7686,3.00,3.38
2012.01.12 04:54:17.835,0.7685,0.7686,3.00,3.38
2012.01.12 04:54:18.418,0.7685,0.7686,2.25,4.13
2012.01.12 04:54:19.277,0.7685,0.7686,2.25,4.13
2012.01.12 04:54:19.827,0.7685,0.76859,2.25,1.50
2012.01.12 04:54:21.965,0.7685,0.7686,3.00,1.88
2012.01.12 04:54:22.965,0.76851,0.7686,1.50,2.63
2012.01.12 04:54:27.754,0.76851,0.7686,1.05,2.63
2012.01.12 04:54:32.365,0.76851,0.7686,1.05,2.63
2012.01.12 04:54:32.434,0.76851,0.7686,1.05,2.63
2012.01.12 04:54:46.725,0.76851,0.7686,1.13,1.88
2012.01.12 04:54:48.135,0.76851,0.7686,1.13,2.63
2012.01.12 04:54:52.165,0.76851,0.7686,1.13,1.88
2012.01.12 04:55:03.485,0.76851,0.7686,1.43,2.63
2012.01.12 04:55:05.025,0.76851,0.7686,1.43,3.38
2012.01.12 04:55:05.798,0.76851,0.7686,1.50,2.63
2012.01.12 04:55:06.257,0.76855,0.7686,1.50,2.63
2012.01.12 04:55:06.327,0.76855,0.7686,1.50,2.63
2012.01.12 04:55:06.398,0.76853,0.76859,1.50,1.50
2012.01.12 04:55:14.472,0.76853,0.76859,2.25,1.50
2012.01.12 04:55:15.567,0.76853,0.76859,1.50,2.25
2012.01.12 04:55:21.478,0.76854,0.76859,1.50,1.88
2012.01.12 04:55:21.979,0.76853,0.76859,1.50,3.38
2012.01.12 04:55:22.728,0.76853,0.76859,1.50,3.38
2012.01.12 04:55:31.824,0.76853,0.76859,1.50,2.25
2012.01.12 04:55:38.877,0.76854,0.76859,1.50,1.88
2012.01.12 04:55:38.948,0.76852,0.76859,1.50,3.38
2012.01.12 04:55:39.508,0.76851,0.76859,2.63,2.63
2012.01.12 04:55:46.740,0.76851,0.76859,2.63,1.50
2012.01.12 04:55:50.248,0.76853,0.7686,2.25,1.88
2012.01.12 04:55:53.597,0.76852,0.76858,3.75,1.50
2012.01.12 04:55:54.130,0.76852,0.76858,2.63,1.50
2012.01.12 04:55:58.841,0.76852,0.76858,3.38,1.50
2012.01.12 04:55:58.908,0.76853,0.7686,3.00,2.63
2012.01.12 04:55:59.861,0.76853,0.7686,3.00,1.88
2012.01.12 04:56:00.976,0.76853,0.7686,2.25,1.13
2012.01.12 04:56:01.520,0.76852,0.76859,2.63,2.25
2012.01.12 04:56:35.926,0.76854,0.7686,2.25,3.38
2012.01.12 04:56:36.486,0.76854,0.7686,2.25,3.38
2012.01.12 04:56:38.627,0.76852,0.76859,1.13,1.50
2012.01.12 04:56:47.303,0.76851,0.76859,3.75,3.38
2012.01.12 04:56:47.378,0.76855,0.76859,1.50,1.13
2012.01.12 04:56:49.037,0.76853,0.76859,3.00,2.63
2012.01.12 04:56:49.546,0.76853,0.76859,1.50,2.63
2012.01.12 04:57:19.480,0.76853,0.76859,2.25,3.38
2012.01.12 04:57:20.098,0.76853,0.76859,1.50,2.63
2012.01.12 04:57:40.702,0.76853,0.76859,1.50,4.80
2012.01.12 04:57:45.336,0.76853,0.76859,1.50,5.55
2012.01.12 04:57:46.097,0.76853,0.76861,3.00,3.37
2012.01.12 04:57:46.367,0.76854,0.76859,1.50,2.63
2012.01.12 04:57:46.918,0.76852,0.76859,1.50,2.63
2012.01.12 04:57:54.278,0.76852,0.76859,1.50,2.63
2012.01.12 04:57:57.875,0.76851,0.76859,4.13,2.93
2012.01.12 04:58:24.969,0.76853,0.7686,2.25,1.80
2012.01.12 04:58:25.099,0.76853,0.76861,2.25,6.37
2012.01.12 04:58:25.167,0.76853,0.76861,2.25,3.38
2012.01.12 04:58:25.756,0.76853,0.76861,2.25,4.13
2012.01.12 04:58:37.166,0.76853,0.76861,2.25,3.38
2012.01.12 04:58:37.297,0.76853,0.76859,2.25,1.13
2012.01.12 04:58:46.107,0.76853,0.76859,2.25,1.13
2012.01.12 04:58:46.655,0.76853,0.76859,2.25,1.13
2012.01.12 04:58:55.810,0.76853,0.76859,2.25,1.13
2012.01.12 04:58:56.367,0.76853,0.76859,3.00,1.13
2012.01.12 04:59:05.835,0.76854,0.76859,1.13,1.13
2012.01.12 04:59:07.615,0.76853,0.76859,3.38,1.13
2012.01.12 04:59:11.685,0.76853,0.7686,2.63,1.13
2012.01.12 04:59:12.224,0.76854,0.7686,1.13,1.13
2012.01.12 04:59:13.635,0.76853,0.7686,3.38,1.13
2012.01.12 04:59:15.629,0.76854,0.7686,1.13,1.13
2012.01.12 04:59:19.187,0.76854,0.7686,1.13,1.13
2012.01.12 04:59:34.231,0.76853,0.7686,3.38,1.13
2012.01.12 04:59:34.368,0.76853,0.76862,3.38,2.63
2012.01.12 04:59:35.224,0.76853,0.76862,2.63,2.63
