2018.02.23 18:00:02.509,1.06563,1.06566,2.62,1.00
2018.02.23 18:00:04.155,1.06565,1.06568,1.00,5.21
2018.02.23 18:00:04.465,1.06567,1.0657,4.50,1.00
2018.02.23 18:00:05.548,1.06568,1.06571,1.00,1.00
2018.02.23 18:00:06.236,1.06568,1.06572,1.00,5.51
2018.02.23 18:00:09.233,1.06568,1.06571,1.00,1.00
2018.02.23 18:00:10.221,1.06567,1.06572,2.25,6.26
2018.02.23 18:00:11.994,1.0657,1.06572,3.75,1.37
2018.02.23 18:00:12.099,1.06571,1.06574,1.50,1.00
2018.02.23 18:00:12.648,1.06572,1.06575,1.00,1.00
2018.02.23 18:00:16.209,1.06572,1.06575,1.47,1.00
2018.02.23 18:00:18.201,1.06572,1.06575,1.87,1.00
2018.02.23 18:00:21.343,1.06571,1.06574,4.95,1.12
2018.02.23 18:00:21.447,1.06569,1.06572,3.07,1.12
2018.02.23 18:00:21.995,1.06569,1.06573,1.47,3.00
2018.02.23 18:00:22.644,1.0657,1.06573,4.12,1.12
2018.02.23 18:00:22.697,1.06572,1.06574,1.12,1.87
2018.02.23 18:00:23.213,1.06572,1.06575,1.95,1.00
2018.02.23 18:00:23.722,1.06572,1.06575,1.95,1.00
2018.02.23 18:00:25.699,1.06572,1.06575,1.95,1.30
2018.02.23 18:00:26.612,1.06572,1.06576,4.57,1.60
2018.02.23 18:00:28.012,1.06576,1.06577,1.50,5.06
2018.02.23 18:00:28.065,1.06578,1.06582,3.37,2.70
2018.02.23 18:00:28.566,1.06577,1.0658,1.57,1.50
2018.02.23 18:00:30.058,1.06578,1.0658,4.31,1.00
2018.02.23 18:00:30.370,1.0658,1.06583,6.45,1.87
2018.02.23 18:00:30.677,1.06584,1.06586,1.10,1.37
2018.02.23 18:00:31.215,1.06584,1.06587,3.07,1.62
2018.02.23 18:00:32.368,1.06583,1.06585,1.10,4.69
2018.02.23 18:00:33.012,1.06581,1.06584,1.47,3.94
2018.02.23 18:00:33.883,1.06581,1.06583,1.00,1.12
2018.02.23 18:00:35.421,1.0658,1.06583,3.07,1.62
2018.02.23 18:00:36.429,1.0658,1.06583,3.07,1.31
2018.02.23 18:00:38.010,1.06583,1.06585,1.00,1.37
2018.02.23 18:00:38.561,1.06583,1.06586,1.10,2.06
2018.02.23 18:00:39.109,1.06583,1.06586,1.10,1.31
2018.02.23 18:00:40.039,1.06583,1.06586,1.00,1.62
2018.02.23 18:00:43.022,1.06583,1.06586,1.00,1.31
2018.02.23 18:00:43.629,1.06583,1.06586,1.57,1.25
2018.02.23 18:00:44.199,1.06584,1.06586,1.07,1.00
2018.02.23 18:00:44.743,1.06585,1.06589,4.57,4.69
2018.02.23 18:00:45.281,1.06585,1.06588,6.45,1.00
2018.02.23 18:00:46.286,1.06586,1.06589,3.07,1.69
2018.02.23 18:00:46.844,1.06586,1.06589,3.82,1.69
2018.02.23 18:00:50.214,1.06587,1.06591,1.12,2.06
2018.02.23 18:00:50.773,1.06588,1.0659,1.10,1.00
2018.02.23 18:00:51.303,1.06588,1.0659,6.07,1.00
2018.02.23 18:00:51.916,1.0659,1.06593,1.10,4.69
2018.02.23 18:00:52.453,1.0659,1.06594,2.32,2.44
2018.02.23 18:00:54.104,1.0659,1.06594,1.10,2.44
2018.02.23 18:00:54.582,1.06587,1.0659,1.10,5.06
2018.02.23 18:00:55.824,1.06586,1.06589,1.57,1.50
2018.02.23 18:00:56.338,1.06585,1.06588,1.20,1.00
2018.02.23 18:00:57.030,1.06585,1.06589,1.10,5.06
2018.02.23 18:00:57.846,1.06585,1.06588,1.47,1.00
2018.02.23 18:00:58.161,1.06589,1.06591,2.70,1.00
2018.02.23 18:00:58.728,1.06589,1.06593,4.20,1.69
2018.02.23 18:00:59.293,1.06588,1.0659,1.12,3.07
2018.02.23 18:00:59.861,1.06586,1.0659,3.82,3.64
2018.02.23 18:01:00.274,1.06588,1.06591,1.12,1.69
2018.02.23 18:01:00.793,1.06588,1.06591,1.47,1.31
2018.02.23 18:01:01.593,1.06588,1.06591,1.57,1.31
2018.02.23 18:01:02.894,1.06587,1.06589,1.07,1.12
2018.02.23 18:01:03.437,1.06586,1.06589,4.95,1.37
2018.02.23 18:01:03.787,1.06582,1.06583,1.10,1.25
2018.02.23 18:01:03.839,1.0658,1.06583,1.20,1.62
2018.02.23 18:01:04.641,1.06581,1.06584,4.69,1.87
2018.02.23 18:01:05.107,1.06583,1.06586,1.07,1.12
2018.02.23 18:01:05.711,1.06583,1.06585,1.10,1.00
2018.02.23 18:01:06.054,1.06584,1.06587,2.70,1.00
2018.02.23 18:01:06.415,1.06586,1.0659,1.57,2.25
2018.02.23 18:01:07.321,1.06586,1.06589,2.70,1.00
2018.02.23 18:01:08.450,1.06586,1.06591,4.95,1.37
2018.02.23 18:01:08.767,1.06589,1.06592,1.10,1.50
2018.02.23 18:01:10.660,1.06589,1.06592,1.20,1.00
2018.02.23 18:01:19.560,1.06589,1.06591,1.57,1.00
2018.02.23 18:01:20.097,1.06588,1.06592,1.57,4.31
2018.02.23 18:01:20.629,1.06589,1.06591,1.10,1.00
2018.02.23 18:01:27.724,1.06588,1.0659,1.20,1.25
2018.02.23 18:01:28.328,1.06587,1.0659,1.87,3.92
2018.02.23 18:01:28.872,1.06587,1.0659,1.12,4.59
2018.02.23 18:01:29.952,1.06586,1.0659,4.20,4.59
2018.02.23 18:01:30.516,1.06586,1.06589,1.12,2.44
2018.02.23 18:01:31.089,1.06585,1.06589,1.57,4.69
2018.02.23 18:01:33.247,1.06584,1.06586,1.57,1.00
2018.02.23 18:01:34.555,1.06583,1.06586,2.70,1.00
2018.02.23 18:01:36.209,1.06583,1.06586,5.62,1.00
2018.02.23 18:01:41.497,1.06582,1.06586,4.20,1.31
2018.02.23 18:01:42.281,1.06582,1.06586,4.20,2.06
2018.02.23 18:01:43.301,1.06582,1.06586,4.95,2.06
2018.02.23 18:01:44.113,1.06583,1.06586,1.87,1.12
2018.02.23 18:01:45.357,1.06583,1.06586,1.00,1.12
2018.02.23 18:01:47.780,1.06582,1.06585,3.00,2.62
2018.02.23 18:01:47.884,1.0658,1.06583,3.37,1.87
2018.02.23 18:01:48.442,1.06581,1.06583,1.00,1.87
2018.02.23 18:01:48.973,1.06581,1.06583,1.00,1.87
2018.02.23 18:01:49.509,1.0658,1.06583,4.12,1.87
2018.02.23 18:01:50.146,1.0658,1.06583,3.37,1.87
2018.02.23 18:01:51.695,1.06578,1.06582,4.76,2.62
2018.02.23 18:01:52.715,1.06578,1.06582,3.19,2.62
2018.02.23 18:01:55.719,1.06577,1.06581,6.37,1.00
2018.02.23 18:02:01.795,1.06577,1.06581,4.50,2.25
2018.02.23 18:02:02.320,1.06576,1.0658,2.62,1.87
2018.02.23 18:02:03.009,1.06576,1.0658,2.62,1.87
2018.02.23 18:02:03.518,1.06576,1.0658,1.50,5.32
2018.02.23 18:02:03.703,1.06575,1.06577,1.87,1.12
2018.02.23 18:02:03.757,1.06574,1.06577,1.50,2.25
2018.02.23 18:02:04.629,1.06573,1.06576,1.50,1.00
2018.02.23 18:02:05.639,1.06573,1.06576,1.50,1.37
2018.02.23 18:02:06.661,1.06573,1.06576,1.50,1.12
2018.02.23 18:02:10.030,1.06573,1.06576,1.87,1.00
2018.02.23 18:02:13.633,1.06574,1.06577,2.25,1.12
2018.02.23 18:02:14.150,1.06574,1.06577,2.25,1.12
2018.02.23 18:02:14.985,1.06575,1.06578,1.12,1.50
2018.02.23 18:02:15.911,1.06575,1.06578,1.87,1.00
2018.02.23 18:02:17.081,1.06575,1.06578,1.50,1.12
2018.02.23 18:02:18.082,1.06574,1.06578,5.62,1.37
2018.02.23 18:02:19.983,1.06575,1.06578,1.00,1.12
2018.02.23 18:02:20.549,1.06574,1.06577,2.25,1.50
2018.02.23 18:02:21.151,1.06574,1.06577,1.87,1.87
2018.02.23 18:02:21.688,1.06574,1.06577,2.62,1.87
2018.02.23 18:02:22.605,1.06574,1.06577,2.62,1.87
2018.02.23 18:02:23.593,1.06574,1.06577,1.50,3.75
2018.02.23 18:02:24.633,1.06574,1.06577,1.00,3.75
2018.02.23 18:02:25.163,1.06575,1.06578,3.37,1.87
2018.02.23 18:02:25.528,1.06577,1.06578,2.62,1.12
2018.02.23 18:02:25.580,1.06577,1.06581,4.12,1.87
2018.02.23 18:02:36.591,1.06578,1.06581,1.12,1.00
2018.02.23 18:02:44.620,1.06578,1.06581,1.37,1.50
2018.02.23 18:02:45.631,1.06578,1.06581,1.12,1.50
2018.02.23 18:02:53.641,1.06578,1.06581,1.12,1.50
2018.02.23 18:02:54.631,1.06578,1.06581,1.12,1.50
2018.02.23 18:02:57.584,1.06578,1.06582,2.62,1.95
2018.02.23 18:03:05.700,1.06579,1.06582,1.12,1.87
2018.02.23 18:03:05.862,1.06581,1.06583,4.12,1.12
2018.02.23 18:03:05.915,1.06582,1.06585,1.37,2.53
2018.02.23 18:03:06.418,1.06582,1.06585,2.25,1.00
2018.02.23 18:03:07.622,1.06581,1.06584,1.57,1.87
2018.02.23 18:03:07.769,1.0658,1.06583,1.20,1.50
2018.02.23 18:03:08.283,1.0658,1.06583,1.00,1.95
2018.02.23 18:03:08.337,1.06581,1.06584,1.87,1.95
2018.02.23 18:03:08.883,1.06581,1.06584,2.62,1.50
2018.02.23 18:03:09.337,1.0658,1.06583,1.12,1.12
2018.02.23 18:03:10.011,1.06579,1.06582,3.00,1.00
2018.02.23 18:03:10.831,1.06579,1.06582,3.00,1.00
2018.02.23 18:03:14.418,1.0658,1.06583,1.87,2.62
2018.02.23 18:03:15.851,1.0658,1.06583,3.37,1.37
2018.02.23 18:03:24.501,1.0658,1.06583,3.56,1.12
2018.02.23 18:03:27.273,1.06582,1.06584,3.00,1.12
2018.02.23 18:03:27.806,1.06583,1.06586,1.12,2.62
2018.02.23 18:03:31.952,1.06582,1.06585,3.75,1.00
2018.02.23 18:03:32.925,1.06581,1.06584,2.32,1.87
2018.02.23 18:03:33.626,1.06581,1.06584,1.12,3.56
2018.02.23 18:03:34.171,1.0658,1.06584,3.00,3.56
2018.02.23 18:03:34.492,1.06576,1.0658,1.87,5.14
2018.02.23 18:03:35.028,1.06577,1.06579,1.00,1.00
2018.02.23 18:03:35.187,1.06574,1.06577,2.25,1.01
2018.02.23 18:03:35.708,1.06573,1.06576,1.87,1.00
2018.02.23 18:03:39.870,1.06574,1.06577,1.00,1.47
2018.02.23 18:03:41.209,1.06574,1.06576,1.00,1.50
2018.02.23 18:03:41.713,1.06573,1.06576,1.00,3.75
2018.02.23 18:03:44.124,1.06572,1.06575,1.50,1.00
2018.02.23 18:03:45.752,1.06574,1.06576,1.00,1.00
2018.02.23 18:03:46.271,1.06574,1.06577,1.12,1.00
2018.02.23 18:03:47.937,1.06574,1.06578,1.12,2.51
2018.02.23 18:03:48.915,1.06573,1.06578,4.50,6.26
2018.02.23 18:03:49.455,1.06573,1.06578,4.12,5.89
2018.02.23 18:03:51.705,1.06573,1.06576,3.75,1.00
2018.02.23 18:03:54.150,1.06573,1.06577,3.37,1.50
2018.02.23 18:03:55.192,1.06574,1.06577,1.12,1.50
2018.02.23 18:03:56.187,1.06573,1.06577,3.75,1.87
2018.02.23 18:03:58.131,1.06574,1.06577,2.62,1.00
2018.02.23 18:04:01.657,1.06575,1.06579,1.50,3.88
2018.02.23 18:04:02.103,1.06577,1.0658,1.12,2.02
2018.02.23 18:04:02.632,1.06578,1.06582,1.00,2.51
2018.02.23 18:04:03.273,1.06577,1.06581,1.12,5.81
2018.02.23 18:04:03.960,1.06577,1.06582,4.12,4.39
2018.02.23 18:04:18.319,1.06578,1.06581,1.12,1.25
2018.02.23 18:04:21.339,1.06578,1.06582,1.00,2.89
2018.02.23 18:04:22.878,1.06577,1.06582,1.20,3.19
2018.02.23 18:04:23.491,1.06577,1.06582,1.37,2.89
2018.02.23 18:04:24.023,1.06578,1.06582,2.62,1.50
2018.02.23 18:04:24.183,1.06581,1.06584,6.75,2.06
2018.02.23 18:04:24.236,1.06582,1.06587,6.00,6.26
2018.02.23 18:04:24.756,1.06582,1.06587,3.00,7.24
2018.02.23 18:04:25.452,1.06582,1.06587,4.50,4.01
2018.02.23 18:04:25.964,1.06583,1.06586,1.00,1.00
2018.02.23 18:04:27.034,1.06583,1.06586,1.37,1.00
2018.02.23 18:04:28.004,1.06585,1.06587,3.00,1.00
2018.02.23 18:04:28.514,1.06586,1.06589,1.12,2.06
2018.02.23 18:04:29.063,1.06586,1.06588,1.12,1.00
2018.02.23 18:04:29.698,1.06589,1.0659,2.62,1.12
2018.02.23 18:04:29.911,1.0659,1.06595,3.19,7.99
2018.02.23 18:04:31.869,1.06591,1.06595,1.00,7.69
2018.02.23 18:04:50.071,1.06591,1.06594,1.00,1.87
2018.02.23 18:04:51.966,1.0659,1.06594,1.12,2.25
2018.02.23 18:04:57.398,1.06591,1.06594,1.00,1.50
2018.02.23 18:04:57.911,1.06592,1.06595,1.00,5.14
2018.02.23 18:04:58.486,1.06592,1.06595,1.00,4.76
2018.02.23 18:05:00.352,1.06591,1.06594,1.12,1.37
2018.02.23 18:05:01.811,1.06589,1.06592,3.45,6.75
2018.02.23 18:05:01.863,1.06586,1.06589,1.50,1.00
2018.02.23 18:05:02.331,1.06587,1.06591,1.87,2.81
2018.02.23 18:05:02.486,1.06588,1.06591,1.50,2.62
2018.02.23 18:05:05.338,1.06588,1.06592,1.87,2.06
2018.02.23 18:05:07.193,1.06588,1.06589,1.00,1.50
2018.02.23 18:05:07.747,1.06587,1.0659,1.87,4.01
2018.02.23 18:05:08.289,1.06586,1.0659,6.75,1.76
2018.02.23 18:05:11.201,1.06586,1.0659,3.00,1.01
2018.02.23 18:05:11.634,1.06588,1.06591,1.00,5.44
2018.02.23 18:05:12.181,1.06588,1.06591,1.00,5.51
2018.02.23 18:05:14.917,1.06587,1.06591,2.25,5.44
2018.02.23 18:05:20.161,1.06587,1.06591,1.87,3.94
2018.02.23 18:05:20.470,1.06586,1.06589,1.50,2.25
2018.02.23 18:05:27.323,1.06586,1.06589,1.50,4.50
2018.02.23 18:05:28.347,1.06586,1.06589,1.50,3.75
2018.02.23 18:05:29.577,1.06586,1.06589,1.00,6.37
2018.02.23 18:05:29.629,1.06582,1.06584,2.62,1.00
2018.02.23 18:05:29.798,1.06578,1.06582,5.06,1.50
2018.02.23 18:05:30.758,1.06578,1.06582,3.00,1.69
2018.02.23 18:05:31.393,1.06578,1.06582,2.25,1.69
2018.02.23 18:05:33.317,1.06582,1.06585,2.62,3.07
2018.02.23 18:05:33.369,1.06582,1.06585,1.12,1.95
2018.02.23 18:05:34.100,1.06582,1.06585,2.25,3.07
2018.02.23 18:05:34.616,1.06582,1.06585,2.62,1.12
2018.02.23 18:05:35.145,1.06583,1.06586,1.00,2.25
2018.02.23 18:05:36.114,1.06583,1.06587,2.81,3.75
2018.02.23 18:05:36.663,1.06584,1.06588,2.25,2.62
2018.02.23 18:05:37.184,1.06584,1.06587,6.94,1.00
2018.02.23 18:05:41.502,1.06586,1.06589,1.12,3.75
2018.02.23 18:05:42.017,1.06586,1.0659,2.25,4.27
2018.02.23 18:05:42.528,1.06586,1.0659,2.25,4.20
2018.02.23 18:05:43.080,1.06586,1.0659,2.25,4.20
2018.02.23 18:05:43.588,1.06587,1.0659,1.00,3.45
2018.02.23 18:05:44.562,1.06587,1.0659,1.00,4.87
2018.02.23 18:05:45.743,1.06585,1.06588,5.14,1.12
2018.02.23 18:05:45.795,1.06584,1.06587,3.26,1.87
2018.02.23 18:05:46.332,1.06584,1.06588,2.06,1.50
2018.02.23 18:05:46.852,1.06584,1.06588,2.06,1.50
2018.02.23 18:05:47.161,1.06585,1.06589,3.94,5.62
2018.02.23 18:05:47.289,1.06587,1.06591,1.50,9.82
2018.02.23 18:05:47.804,1.06587,1.0659,1.12,4.87
2018.02.23 18:05:47.964,1.06586,1.06589,1.12,1.50
2018.02.23 18:05:49.125,1.06587,1.0659,1.00,2.40
2018.02.23 18:05:49.487,1.0659,1.06593,2.44,1.57
2018.02.23 18:05:49.593,1.06593,1.06596,1.00,3.07
2018.02.23 18:05:51.172,1.06595,1.06597,6.56,1.12
2018.02.23 18:05:51.224,1.06596,1.06599,1.31,1.50
2018.02.23 18:05:52.181,1.06596,1.06599,5.44,1.50
2018.02.23 18:05:53.192,1.06596,1.06599,2.44,1.00
2018.02.23 18:05:54.101,1.06596,1.06599,2.06,1.37
2018.02.23 18:05:54.687,1.06596,1.06599,1.69,1.47
2018.02.23 18:05:55.188,1.06596,1.06599,1.25,1.87
2018.02.23 18:05:56.557,1.06596,1.06598,1.69,1.00
2018.02.23 18:05:58.441,1.06595,1.06598,1.00,1.50
2018.02.23 18:05:58.791,1.06594,1.06597,1.12,3.37
2018.02.23 18:05:59.305,1.06592,1.06595,1.62,2.25
2018.02.23 18:05:59.852,1.06592,1.06595,1.31,2.25
2018.02.23 18:06:01.713,1.06593,1.06595,1.00,1.00
2018.02.23 18:06:02.250,1.06593,1.06596,1.00,1.50
2018.02.23 18:06:04.769,1.06593,1.06596,2.44,1.12
2018.02.23 18:06:07.770,1.06594,1.06597,1.00,1.00
2018.02.23 18:06:08.289,1.06593,1.06596,1.00,3.90
2018.02.23 18:06:08.908,1.06592,1.06595,3.00,1.12
2018.02.23 18:06:09.416,1.06592,1.06596,2.25,4.65
2018.02.23 18:06:10.267,1.06592,1.06596,2.25,3.15
2018.02.23 18:06:11.949,1.06593,1.06596,1.00,1.00
2018.02.23 18:06:12.584,1.06592,1.06595,2.25,1.12
2018.02.23 18:06:13.835,1.06591,1.06594,4.69,1.12
2018.02.23 18:06:14.872,1.06591,1.06595,1.87,5.70
2018.02.23 18:06:15.446,1.0659,1.06594,2.81,2.62
2018.02.23 18:06:16.117,1.0659,1.06594,2.81,2.62
2018.02.23 18:06:16.663,1.0659,1.06594,2.81,2.62
2018.02.23 18:06:17.202,1.0659,1.06594,2.06,4.87
2018.02.23 18:06:22.112,1.06589,1.06591,1.20,6.75
2018.02.23 18:06:22.638,1.06587,1.0659,2.06,2.32
2018.02.23 18:06:23.234,1.06587,1.0659,1.69,2.40
2018.02.23 18:06:23.768,1.06587,1.0659,1.69,4.57
2018.02.23 18:06:24.539,1.06586,1.0659,1.87,4.57
2018.02.23 18:06:30.697,1.06586,1.06589,6.94,1.12
2018.02.23 18:06:31.236,1.06586,1.0659,2.25,4.50
2018.02.23 18:06:31.781,1.06586,1.0659,2.25,3.90
2018.02.23 18:06:32.301,1.06586,1.06589,1.87,3.00
2018.02.23 18:06:34.951,1.06586,1.06589,1.87,2.25
2018.02.23 18:06:35.459,1.06586,1.06589,1.00,5.25
2018.02.23 18:06:37.300,1.06585,1.06589,3.37,4.50
2018.02.23 18:06:38.307,1.06585,1.06589,3.37,2.25
2018.02.23 18:06:39.332,1.06586,1.06589,2.25,2.62
2018.02.23 18:06:40.247,1.06586,1.06589,2.25,1.87
2018.02.23 18:06:41.016,1.06587,1.06589,2.62,1.87
2018.02.23 18:06:41.327,1.06591,1.06595,1.31,5.25
2018.02.23 18:06:41.876,1.06591,1.06595,1.31,5.25
2018.02.23 18:06:42.385,1.06591,1.06595,1.69,6.75
2018.02.23 18:06:44.142,1.06591,1.06594,1.69,1.37
2018.02.23 18:06:44.195,1.06592,1.06595,1.87,3.37
2018.02.23 18:06:44.247,1.06594,1.06596,1.37,1.57
2018.02.23 18:06:44.868,1.06593,1.06597,2.44,1.87
2018.02.23 18:06:45.277,1.06592,1.06595,1.87,2.25
2018.02.23 18:06:45.961,1.06592,1.06595,1.50,3.07
2018.02.23 18:06:46.622,1.06591,1.06595,1.12,4.20
2018.02.23 18:06:52.057,1.06592,1.06595,1.37,2.32
2018.02.23 18:06:53.482,1.06592,1.06595,1.12,3.75
2018.02.23 18:06:55.483,1.06592,1.06595,2.25,1.00
2018.02.23 18:06:57.490,1.06592,1.06595,1.50,1.87
2018.02.23 18:07:03.155,1.06591,1.06593,2.06,1.00
2018.02.23 18:07:03.671,1.0659,1.06594,3.19,3.07
2018.02.23 18:07:22.196,1.06592,1.06594,1.00,1.57
2018.02.23 18:07:22.980,1.06592,1.06595,1.12,4.12
2018.02.23 18:07:29.115,1.06594,1.06595,1.12,2.25
2018.02.23 18:07:29.219,1.06595,1.06598,1.25,3.07
2018.02.23 18:07:30.056,1.06595,1.06598,1.31,1.50
2018.02.23 18:07:30.560,1.06595,1.06598,2.44,1.37
2018.02.23 18:07:32.030,1.06595,1.06598,1.50,1.12
2018.02.23 18:07:33.387,1.06595,1.06599,3.19,1.57
2018.02.23 18:07:34.029,1.06596,1.06599,1.00,1.57
2018.02.23 18:07:34.818,1.06595,1.06598,2.25,2.62
2018.02.23 18:07:34.871,1.06594,1.06596,3.37,2.62
2018.02.23 18:07:36.838,1.06594,1.06597,1.00,1.00
2018.02.23 18:07:37.412,1.06595,1.06599,1.87,1.57
2018.02.23 18:07:41.149,1.06595,1.06598,1.87,1.00
2018.02.23 18:07:42.134,1.06595,1.06598,2.81,1.00
2018.02.23 18:07:43.592,1.06595,1.06598,3.19,1.00
2018.02.23 18:07:45.058,1.06595,1.06597,3.19,1.00
2018.02.23 18:07:45.586,1.06595,1.06597,2.81,1.00
2018.02.23 18:07:47.160,1.06595,1.06597,3.19,1.00
2018.02.23 18:07:51.143,1.06595,1.06597,3.00,1.87
2018.02.23 18:07:59.143,1.06595,1.06597,2.44,1.00
2018.02.23 18:07:59.889,1.06596,1.06599,1.50,2.25
2018.02.23 18:08:00.459,1.06597,1.06599,1.69,1.12
2018.02.23 18:08:01.020,1.06597,1.066,1.31,3.00
2018.02.23 18:08:08.255,1.06599,1.06601,2.44,1.12
2018.02.23 18:08:08.307,1.066,1.06603,1.00,3.82
2018.02.23 18:08:09.281,1.06599,1.06603,3.56,3.37
2018.02.23 18:08:09.951,1.06599,1.06602,2.44,1.00
2018.02.23 18:08:11.989,1.06598,1.06601,1.87,4.12
2018.02.23 18:08:12.499,1.06598,1.066,1.00,3.00
2018.02.23 18:08:16.214,1.06598,1.06601,2.06,2.25
2018.02.23 18:08:16.949,1.06599,1.06602,1.00,3.37
2018.02.23 18:08:17.519,1.06598,1.06601,3.37,1.12
2018.02.23 18:08:17.853,1.06597,1.066,1.37,4.50
2018.02.23 18:08:18.355,1.06596,1.066,3.56,4.57
2018.02.23 18:08:22.636,1.06598,1.066,1.25,1.12
2018.02.23 18:08:25.870,1.06598,1.066,2.06,1.00
2018.02.23 18:08:26.545,1.06598,1.06601,2.81,1.50
2018.02.23 18:08:27.082,1.06598,1.06602,5.44,1.12
2018.02.23 18:08:28.693,1.06599,1.06603,2.06,3.45
2018.02.23 18:08:32.675,1.066,1.06603,1.25,1.87
2018.02.23 18:08:34.690,1.06601,1.06603,1.25,1.12
2018.02.23 18:08:35.225,1.06601,1.06605,2.81,4.50
2018.02.23 18:08:35.740,1.06601,1.06605,2.06,3.45
2018.02.23 18:08:36.278,1.06601,1.06604,1.31,1.50
2018.02.23 18:08:39.117,1.066,1.06603,1.12,1.87
2018.02.23 18:08:46.681,1.066,1.06603,1.50,1.50
2018.02.23 18:08:49.671,1.066,1.06603,2.62,1.00
2018.02.23 18:08:52.674,1.066,1.06603,2.25,1.50
2018.02.23 18:08:55.718,1.066,1.06603,1.12,2.25
2018.02.23 18:08:56.578,1.06599,1.06601,3.00,4.12
2018.02.23 18:08:58.597,1.06598,1.066,1.50,1.12
2018.02.23 18:08:59.352,1.06599,1.066,1.00,1.12
2018.02.23 18:08:59.894,1.06599,1.06601,2.81,1.00
2018.02.23 18:09:00.431,1.06599,1.06603,4.69,6.37
2018.02.23 18:09:01.886,1.06599,1.06603,6.19,4.50
2018.02.23 18:09:04.366,1.06599,1.06603,8.44,2.62
2018.02.23 18:09:04.906,1.06602,1.06604,1.25,1.00
2018.02.23 18:09:05.271,1.06603,1.06606,1.12,3.00
2018.02.23 18:09:12.633,1.06602,1.06605,1.69,1.00
2018.02.23 18:09:13.150,1.066,1.06604,2.06,3.45
2018.02.23 18:09:13.707,1.066,1.06604,2.81,2.70
2018.02.23 18:09:14.468,1.066,1.06604,6.56,1.50
2018.02.23 18:09:15.007,1.06602,1.06605,1.00,1.37
2018.02.23 18:09:15.546,1.06602,1.06606,1.00,5.70
2018.02.23 18:09:16.536,1.06602,1.06606,1.00,5.32
2018.02.23 18:09:17.533,1.06602,1.06606,1.00,3.07
2018.02.23 18:09:18.138,1.06601,1.06605,1.25,1.95
2018.02.23 18:09:21.047,1.06598,1.06601,1.10,6.37
2018.02.23 18:09:21.564,1.06597,1.06601,1.25,4.57
2018.02.23 18:09:23.770,1.06598,1.06601,2.06,1.47
2018.02.23 18:09:24.388,1.06599,1.06602,1.00,1.95
2018.02.23 18:09:24.917,1.06599,1.06603,1.69,5.32
2018.02.23 18:09:25.424,1.06598,1.06601,1.37,1.50
2018.02.23 18:09:26.080,1.06598,1.06601,1.00,3.07
2018.02.23 18:09:26.703,1.06598,1.06601,1.00,3.07
2018.02.23 18:09:30.515,1.06599,1.06601,1.31,3.37
2018.02.23 18:09:31.098,1.066,1.06602,1.00,1.87
2018.02.23 18:09:31.419,1.06601,1.06605,1.62,3.07
2018.02.23 18:09:33.221,1.06602,1.06605,1.00,1.57
2018.02.23 18:09:33.889,1.06602,1.06606,2.06,4.87
2018.02.23 18:09:36.885,1.06602,1.06606,2.06,3.37
2018.02.23 18:09:40.009,1.06606,1.06607,1.00,2.62
2018.02.23 18:09:40.061,1.06606,1.0661,2.44,1.47
2018.02.23 18:09:42.024,1.06607,1.06611,2.06,1.50
2018.02.23 18:09:44.473,1.06607,1.06611,3.19,1.50
2018.02.23 18:09:45.068,1.06607,1.06611,2.44,2.25
2018.02.23 18:09:45.652,1.06607,1.06611,1.25,2.32
2018.02.23 18:09:46.421,1.06605,1.06608,2.81,2.62
2018.02.23 18:09:46.629,1.06604,1.06608,1.00,5.70
2018.02.23 18:09:46.894,1.06605,1.0661,5.44,1.57
2018.02.23 18:09:47.051,1.06604,1.06607,3.94,3.75
2018.02.23 18:09:47.155,1.06605,1.06609,1.19,1.95
2018.02.23 18:09:47.669,1.06604,1.06609,6.19,1.95
2018.02.23 18:09:48.205,1.06605,1.06608,2.06,1.00
2018.02.23 18:09:48.516,1.06606,1.0661,1.62,1.87
2018.02.23 18:09:55.430,1.06607,1.0661,1.69,1.37
2018.02.23 18:09:55.998,1.06607,1.0661,1.25,1.37
2018.02.23 18:09:56.555,1.06607,1.0661,1.25,1.12
2018.02.23 18:09:57.317,1.06607,1.0661,1.25,1.37
2018.02.23 18:10:00.465,1.06607,1.0661,1.69,1.37
2018.02.23 18:10:01.014,1.06607,1.0661,1.25,1.37
2018.02.23 18:10:03.592,1.06607,1.0661,2.44,1.12
2018.02.23 18:10:04.101,1.06607,1.0661,1.25,2.25
2018.02.23 18:10:04.479,1.06611,1.06613,2.47,1.57
2018.02.23 18:10:04.531,1.06612,1.06614,1.16,1.12
2018.02.23 18:10:05.035,1.06612,1.06616,2.44,4.12
2018.02.23 18:10:05.581,1.06612,1.06615,2.44,1.00
2018.02.23 18:10:06.840,1.06612,1.06614,1.31,1.00
2018.02.23 18:10:07.356,1.06611,1.06615,7.01,1.50
2018.02.23 18:10:08.270,1.06612,1.06615,1.31,1.50
2018.02.23 18:10:08.800,1.06611,1.06615,5.51,1.50
2018.02.23 18:10:10.606,1.06611,1.06615,3.64,3.37
2018.02.23 18:10:10.659,1.06611,1.06613,1.00,2.62
2018.02.23 18:10:10.762,1.06609,1.06611,1.69,1.00
2018.02.23 18:10:12.016,1.06608,1.06611,3.19,1.30
2018.02.23 18:10:14.012,1.06608,1.06611,1.25,1.50
2018.02.23 18:10:14.999,1.06608,1.06611,1.25,1.50
2018.02.23 18:10:18.532,1.06608,1.06611,3.19,1.50
2018.02.23 18:10:18.688,1.06611,1.06613,1.69,1.00
2018.02.23 18:10:18.740,1.06612,1.06614,1.69,3.37
2018.02.23 18:10:19.277,1.06612,1.06616,2.89,4.50
2018.02.23 18:10:19.511,1.06612,1.06614,1.00,1.87
2018.02.23 18:10:20.049,1.0661,1.06613,2.81,2.62
2018.02.23 18:10:20.864,1.06611,1.06614,1.25,4.50
2018.02.23 18:10:21.388,1.06611,1.06615,3.64,2.62
2018.02.23 18:10:21.925,1.06611,1.06615,2.89,2.62
2018.02.23 18:10:28.930,1.06612,1.06616,2.81,3.75
2018.02.23 18:10:29.471,1.06612,1.06615,1.69,1.00
2018.02.23 18:10:30.467,1.06613,1.06616,1.31,1.50
2018.02.23 18:10:31.244,1.06613,1.06617,2.89,2.25
2018.02.23 18:10:31.792,1.06614,1.06617,1.00,2.25
2018.02.23 18:10:32.110,1.06616,1.06618,3.00,4.50
2018.02.23 18:10:32.643,1.06616,1.06619,1.31,1.50
2018.02.23 18:10:33.172,1.06616,1.06619,1.31,1.50
2018.02.23 18:10:34.413,1.06615,1.06618,3.64,1.00
2018.02.23 18:10:34.988,1.06614,1.06617,1.69,3.37
2018.02.23 18:10:35.502,1.06613,1.06616,3.26,1.00
2018.02.23 18:10:36.043,1.06613,1.06616,3.26,1.00
2018.02.23 18:10:37.066,1.06614,1.06618,1.00,7.87
2018.02.23 18:10:42.332,1.06614,1.06617,1.12,1.50
2018.02.23 18:10:42.961,1.06614,1.06617,1.12,1.87
2018.02.23 18:10:43.470,1.06613,1.06617,1.31,6.00
2018.02.23 18:10:46.142,1.06613,1.06617,2.06,2.62
2018.02.23 18:10:49.142,1.06613,1.06617,2.06,3.37
2018.02.23 18:10:50.142,1.06614,1.06617,1.25,1.87
2018.02.23 18:10:52.504,1.06613,1.06617,6.19,4.87
2018.02.23 18:10:53.337,1.06615,1.06617,4.31,1.00
2018.02.23 18:10:53.396,1.06615,1.06619,3.75,5.70
2018.02.23 18:10:53.502,1.06615,1.06618,1.95,1.87
2018.02.23 18:10:54.417,1.06614,1.06617,2.81,1.00
2018.02.23 18:10:54.957,1.06613,1.06616,1.39,1.00
2018.02.23 18:10:55.963,1.06613,1.06616,1.31,1.50
2018.02.23 18:10:56.960,1.06613,1.06616,1.62,1.50
2018.02.23 18:10:57.985,1.06613,1.06616,1.31,2.25
2018.02.23 18:10:58.548,1.06612,1.06613,1.20,2.62
2018.02.23 18:10:58.601,1.0661,1.06613,2.06,2.70
2018.02.23 18:11:00.383,1.06611,1.06613,3.19,1.50
2018.02.23 18:11:00.435,1.06612,1.06615,1.25,3.75
2018.02.23 18:11:01.040,1.06612,1.06615,1.25,4.87
2018.02.23 18:11:06.126,1.06612,1.06615,1.62,2.25
2018.02.23 18:11:06.649,1.06611,1.06615,4.76,1.50
2018.02.23 18:11:06.702,1.06613,1.06615,1.37,1.12
2018.02.23 18:11:07.252,1.06612,1.06616,3.64,4.12
2018.02.23 18:11:07.786,1.06612,1.06616,2.51,3.37
2018.02.23 18:11:08.417,1.06613,1.06616,1.00,3.37
2018.02.23 18:11:10.412,1.06612,1.06614,1.10,1.87
2018.02.23 18:11:11.065,1.06612,1.06615,1.00,4.12
2018.02.23 18:11:20.908,1.06613,1.06615,1.12,1.00
2018.02.23 18:11:21.409,1.06613,1.06616,1.12,2.25
2018.02.23 18:11:21.913,1.06613,1.06616,1.87,1.87
2018.02.23 18:11:25.844,1.06613,1.06616,1.00,2.25
2018.02.23 18:11:26.986,1.06613,1.06616,1.69,1.50
2018.02.23 18:11:28.249,1.06615,1.06618,2.06,1.87
2018.02.23 18:11:28.424,1.06617,1.0662,1.69,2.25
2018.02.23 18:11:29.272,1.06617,1.06621,2.51,1.37
2018.02.23 18:11:32.279,1.06618,1.06622,1.69,2.62
2018.02.23 18:11:34.144,1.06617,1.0662,3.26,2.62
2018.02.23 18:11:38.113,1.06615,1.06618,3.26,2.25
2018.02.23 18:11:39.108,1.06615,1.06618,1.76,3.75
2018.02.23 18:11:40.601,1.06615,1.06618,3.26,2.25
2018.02.23 18:11:44.000,1.06615,1.06618,1.10,3.75
2018.02.23 18:11:44.622,1.06614,1.06618,5.89,6.00
2018.02.23 18:11:45.139,1.06615,1.06617,1.31,1.12
2018.02.23 18:11:45.673,1.06615,1.06618,2.44,2.25
2018.02.23 18:11:46.488,1.06617,1.06621,3.56,1.57
2018.02.23 18:11:47.559,1.06617,1.06621,7.01,1.00
2018.02.23 18:11:50.781,1.06618,1.06621,2.14,1.00
2018.02.23 18:11:52.270,1.06618,1.06621,2.14,1.00
2018.02.23 18:11:53.624,1.06618,1.06621,2.89,1.00
2018.02.23 18:11:54.408,1.06618,1.06621,1.95,1.00
2018.02.23 18:11:54.931,1.06617,1.06621,5.51,1.50
2018.02.23 18:11:55.470,1.06619,1.06622,1.01,1.50
2018.02.23 18:11:56.000,1.06619,1.06623,2.89,1.87
2018.02.23 18:11:56.871,1.06622,1.06624,2.81,1.57
2018.02.23 18:11:56.975,1.06624,1.06627,1.50,2.25
2018.02.23 18:11:57.645,1.06624,1.06627,2.70,1.50
2018.02.23 18:11:58.725,1.06623,1.06625,2.14,3.75
2018.02.23 18:11:59.279,1.06621,1.06624,3.64,1.00
2018.02.23 18:11:59.848,1.06622,1.06623,1.00,1.00
2018.02.23 18:12:03.877,1.06621,1.06623,1.69,1.50
2018.02.23 18:12:10.760,1.0662,1.06623,3.19,3.00
2018.02.23 18:12:11.784,1.0662,1.06623,2.44,3.00
2018.02.23 18:12:12.117,1.06618,1.06621,1.07,1.87
2018.02.23 18:12:12.643,1.06618,1.06621,1.00,4.87
2018.02.23 18:12:15.158,1.06618,1.0662,1.87,1.12
2018.02.23 18:12:15.262,1.06618,1.06622,3.26,1.50
2018.02.23 18:12:18.677,1.06617,1.0662,2.89,8.25
2018.02.23 18:12:19.229,1.06618,1.06622,1.57,1.87
2018.02.23 18:12:19.876,1.06619,1.06622,1.00,1.87
2018.02.23 18:12:24.308,1.06618,1.06621,1.57,1.12
2018.02.23 18:12:24.814,1.06618,1.06622,2.51,1.37
2018.02.23 18:12:27.209,1.06618,1.06622,2.14,4.50
2018.02.23 18:12:28.200,1.06618,1.06622,2.14,3.00
2018.02.23 18:12:30.218,1.06618,1.06622,2.14,2.25
2018.02.23 18:12:33.192,1.06618,1.06622,1.95,3.75
2018.02.23 18:12:35.894,1.06619,1.06622,1.00,1.37
2018.02.23 18:12:36.448,1.06619,1.06622,1.20,1.37
2018.02.23 18:12:38.164,1.06619,1.06623,4.39,3.37
2018.02.23 18:12:40.237,1.0662,1.06622,1.87,1.12
2018.02.23 18:12:42.440,1.0662,1.06623,1.50,5.25
2018.02.23 18:12:45.828,1.06621,1.06623,2.44,2.62
2018.02.23 18:12:46.300,1.06622,1.06626,1.39,1.87
2018.02.23 18:12:46.834,1.06623,1.06627,1.12,6.75
2018.02.23 18:12:51.044,1.06623,1.06626,2.51,1.50
2018.02.23 18:12:53.039,1.06624,1.06627,1.01,1.00
2018.02.23 18:12:56.174,1.06622,1.06625,5.81,1.87
2018.02.23 18:12:56.780,1.06621,1.06624,2.89,1.00
2018.02.23 18:12:57.450,1.06622,1.06625,3.64,1.87
2018.02.23 18:12:59.171,1.06622,1.06624,2.32,1.12
2018.02.23 18:12:59.673,1.06621,1.06624,1.76,5.25
2018.02.23 18:13:01.751,1.06621,1.06624,1.76,3.37
2018.02.23 18:13:04.590,1.0662,1.06623,2.25,3.37
2018.02.23 18:13:05.104,1.06618,1.06622,4.76,1.00
2018.02.23 18:13:05.886,1.06619,1.06622,1.01,1.12
2018.02.23 18:13:11.284,1.0662,1.06623,3.19,1.87
2018.02.23 18:13:11.819,1.06621,1.06624,3.26,1.12
2018.02.23 18:13:12.994,1.06621,1.06625,5.51,1.50
2018.02.23 18:13:14.248,1.06621,1.06625,8.14,1.50
2018.02.23 18:13:14.992,1.06622,1.06625,1.01,1.50
2018.02.23 18:13:21.673,1.06622,1.06626,4.01,1.87
2018.02.23 18:13:22.269,1.06623,1.06626,1.39,1.00
2018.02.23 18:13:24.280,1.06623,1.06626,1.76,1.00
2018.02.23 18:13:27.173,1.06623,1.06627,1.12,6.56
2018.02.23 18:13:27.696,1.06621,1.06624,3.64,1.50
2018.02.23 18:13:33.871,1.06621,1.06623,1.25,1.00
2018.02.23 18:13:34.432,1.06621,1.06623,1.69,2.25
2018.02.23 18:13:35.129,1.06621,1.06624,2.44,3.37
2018.02.23 18:13:37.146,1.06621,1.06623,1.00,4.87
2018.02.23 18:13:38.587,1.06621,1.06623,1.25,1.87
2018.02.23 18:13:40.360,1.0662,1.06622,2.25,1.12
2018.02.23 18:13:41.046,1.06619,1.06622,1.25,2.25
2018.02.23 18:13:43.397,1.06619,1.06622,1.00,2.25
2018.02.23 18:13:46.404,1.06619,1.06622,1.00,2.25
2018.02.23 18:13:47.409,1.06619,1.06622,1.00,2.25
2018.02.23 18:13:48.626,1.0662,1.06622,1.37,1.87
2018.02.23 18:13:48.888,1.06619,1.06622,1.00,1.87
2018.02.23 18:13:52.843,1.06619,1.06622,1.00,2.62
2018.02.23 18:13:53.841,1.06619,1.06622,1.00,2.62
2018.02.23 18:13:57.892,1.06619,1.06622,1.25,1.87
2018.02.23 18:13:59.516,1.0662,1.06623,1.12,2.25
2018.02.23 18:13:59.621,1.06622,1.06624,1.69,1.00
2018.02.23 18:14:00.312,1.06622,1.06625,1.25,1.12
2018.02.23 18:14:03.621,1.06622,1.06625,2.06,1.12
2018.02.23 18:14:04.758,1.06622,1.06625,1.50,1.37
2018.02.23 18:14:17.398,1.06621,1.06624,1.37,2.10
2018.02.23 18:14:18.187,1.06618,1.06622,2.81,4.50
2018.02.23 18:14:19.726,1.0662,1.06622,1.37,1.00
2018.02.23 18:14:19.829,1.06622,1.06624,1.12,1.87
2018.02.23 18:14:20.398,1.06622,1.06625,1.00,1.12
2018.02.23 18:14:21.839,1.06621,1.06625,2.06,1.47
2018.02.23 18:14:22.343,1.06622,1.06625,3.19,1.10
2018.02.23 18:14:22.944,1.06623,1.06626,1.25,1.12
2018.02.23 18:14:23.658,1.06622,1.06626,5.14,1.12
2018.02.23 18:14:24.830,1.06623,1.06626,1.00,2.62
2018.02.23 18:14:25.422,1.06623,1.06625,1.00,1.00
2018.02.23 18:14:25.963,1.06622,1.06625,1.69,1.12
2018.02.23 18:14:26.531,1.0662,1.06624,5.06,1.00
2018.02.23 18:14:27.040,1.06621,1.06624,1.25,1.00
2018.02.23 18:14:30.004,1.06622,1.06625,1.31,1.87
2018.02.23 18:14:32.029,1.06622,1.06626,2.06,1.87
2018.02.23 18:14:34.013,1.06622,1.06626,2.81,1.87
2018.02.23 18:14:35.164,1.06622,1.06625,1.50,1.37
2018.02.23 18:14:35.293,1.06619,1.06622,2.07,1.87
2018.02.23 18:14:35.395,1.06617,1.06621,5.14,1.12
2018.02.23 18:14:35.984,1.06618,1.06621,1.00,1.50
2018.02.23 18:14:36.640,1.06618,1.06621,1.00,1.50
2018.02.23 18:14:37.489,1.06617,1.06619,1.12,1.12
2018.02.23 18:14:38.604,1.06616,1.06619,1.25,1.12
2018.02.23 18:14:41.640,1.06616,1.06619,1.69,1.12
2018.02.23 18:14:45.660,1.06616,1.06619,1.31,1.12
2018.02.23 18:14:46.705,1.06616,1.0662,2.81,1.37
2018.02.23 18:14:47.641,1.06616,1.0662,4.31,1.12
2018.02.23 18:14:48.671,1.06616,1.0662,2.81,1.37
2018.02.23 18:14:50.638,1.06616,1.0662,4.31,1.12
2018.02.23 18:14:52.694,1.06616,1.0662,2.81,1.37
2018.02.23 18:14:54.675,1.06616,1.0662,1.62,1.12
2018.02.23 18:14:55.235,1.06616,1.0662,2.81,1.00
2018.02.23 18:14:55.763,1.06618,1.06621,1.00,1.50
2018.02.23 18:14:58.220,1.06618,1.06621,1.50,1.12
2018.02.23 18:14:58.418,1.0662,1.06623,2.06,1.95
2018.02.23 18:14:58.520,1.0662,1.06623,1.25,1.50
2018.02.23 18:14:59.054,1.06619,1.06622,1.50,1.00
2018.02.23 18:14:59.752,1.06618,1.06622,3.19,1.50
2018.02.23 18:15:00.695,1.0662,1.06623,1.69,2.70
2018.02.23 18:15:02.662,1.06618,1.06622,5.14,2.62
2018.02.23 18:15:03.706,1.06618,1.06622,6.56,2.62
2018.02.23 18:15:04.259,1.06618,1.06622,5.81,2.62
2018.02.23 18:15:06.621,1.06618,1.06622,1.69,2.62
2018.02.23 18:15:07.668,1.06617,1.0662,3.94,1.50
2018.02.23 18:15:08.201,1.06618,1.0662,1.69,1.00
2018.02.23 18:15:08.622,1.06616,1.06618,1.00,1.87
2018.02.23 18:15:08.780,1.06613,1.06616,1.87,1.00
2018.02.23 18:15:09.648,1.06612,1.06615,5.81,1.00
2018.02.23 18:15:12.292,1.06612,1.06614,2.25,1.00
2018.02.23 18:15:12.345,1.06611,1.06614,2.89,1.00
2018.02.23 18:15:17.423,1.06611,1.06615,2.81,2.62
2018.02.23 18:15:18.338,1.06611,1.06614,2.81,1.00
2018.02.23 18:15:25.362,1.06611,1.06614,1.50,2.25
2018.02.23 18:15:26.349,1.06611,1.06614,1.87,1.50
2018.02.23 18:15:32.229,1.06611,1.06613,2.44,1.00
2018.02.23 18:15:32.879,1.06611,1.06614,2.81,1.50
2018.02.23 18:15:34.355,1.06612,1.06615,3.00,1.50
2018.02.23 18:15:37.322,1.06612,1.06615,3.75,1.50
2018.02.23 18:15:38.112,1.06613,1.06615,1.00,1.12
2018.02.23 18:15:47.678,1.06613,1.06616,1.00,2.25
2018.02.23 18:15:48.195,1.06613,1.06616,3.00,1.87
2018.02.23 18:15:49.243,1.06613,1.06616,1.87,1.12
2018.02.23 18:15:53.699,1.06613,1.06616,2.62,1.12
2018.02.23 18:15:57.218,1.06614,1.06617,2.44,1.87
2018.02.23 18:15:58.224,1.06615,1.06618,1.87,1.12
2018.02.23 18:16:00.238,1.06615,1.06619,1.87,3.00
2018.02.23 18:16:00.782,1.06617,1.0662,1.00,2.25
2018.02.23 18:16:01.640,1.06617,1.06621,3.56,1.50
2018.02.23 18:16:05.257,1.06616,1.0662,2.44,2.25
2018.02.23 18:16:07.314,1.06616,1.06619,1.25,1.50
2018.02.23 18:16:07.847,1.06616,1.06619,1.69,1.12
2018.02.23 18:16:09.100,1.06617,1.06619,3.19,1.00
2018.02.23 18:16:09.761,1.06618,1.06621,1.00,1.50
2018.02.23 18:16:11.159,1.06618,1.06621,1.12,1.12
2018.02.23 18:16:11.917,1.06618,1.0662,1.00,1.50
2018.02.23 18:16:13.024,1.06616,1.06619,2.44,1.50
2018.02.23 18:16:13.198,1.06614,1.06619,4.76,6.37
2018.02.23 18:16:13.717,1.06614,1.06617,1.00,3.37
2018.02.23 18:16:17.178,1.06615,1.06617,1.00,1.12
2018.02.23 18:16:19.166,1.06615,1.06618,2.06,1.50
2018.02.23 18:16:20.219,1.06614,1.06617,1.00,3.37
2018.02.23 18:16:20.749,1.06614,1.06617,3.94,1.00
2018.02.23 18:16:21.263,1.06614,1.06617,3.94,1.00
2018.02.23 18:16:22.542,1.06614,1.06618,2.89,1.50
2018.02.23 18:16:23.146,1.06616,1.06618,1.12,1.12
2018.02.23 18:16:24.515,1.06615,1.06618,2.70,4.87
2018.02.23 18:16:25.130,1.06614,1.06617,2.44,1.12
2018.02.23 18:16:25.674,1.06614,1.06617,1.50,1.37
2018.02.23 18:16:26.557,1.06614,1.06617,1.50,1.12
2018.02.23 18:16:31.559,1.06614,1.06617,1.00,1.62
2018.02.23 18:16:33.563,1.06614,1.06617,1.00,1.69
2018.02.23 18:16:34.544,1.06614,1.06616,1.00,1.00
2018.02.23 18:16:34.807,1.06612,1.06615,1.50,3.75
2018.02.23 18:16:35.774,1.06611,1.06614,1.50,1.12
2018.02.23 18:16:36.764,1.06611,1.06614,1.50,1.37
2018.02.23 18:16:37.856,1.06611,1.06614,1.50,1.12
2018.02.23 18:16:40.866,1.06611,1.06615,4.12,1.87
2018.02.23 18:16:41.853,1.06611,1.06615,3.37,1.87
2018.02.23 18:16:44.890,1.06612,1.06615,1.00,1.87
2018.02.23 18:16:48.380,1.06611,1.06614,1.12,2.44
2018.02.23 18:16:49.296,1.06611,1.06614,1.12,2.44
2018.02.23 18:16:49.952,1.06611,1.06614,2.62,1.12
2018.02.23 18:16:50.471,1.06612,1.06615,1.37,2.62
2018.02.23 18:16:51.327,1.06612,1.06615,1.12,2.62
2018.02.23 18:16:53.320,1.06611,1.06615,3.37,2.62
2018.02.23 18:16:54.941,1.0661,1.06613,1.87,1.12
2018.02.23 18:16:55.461,1.0661,1.06612,1.00,3.19
2018.02.23 18:16:55.910,1.06608,1.06611,3.37,2.25
2018.02.23 18:16:56.494,1.06607,1.06611,3.56,1.87
2018.02.23 18:16:57.030,1.06608,1.06611,1.00,1.50
2018.02.23 18:16:57.547,1.06608,1.06611,1.00,3.37
2018.02.23 18:17:00.458,1.06608,1.06611,1.00,2.44
2018.02.23 18:17:09.515,1.06608,1.06611,1.50,3.37
2018.02.23 18:17:10.418,1.06608,1.06611,1.22,3.37
2018.02.23 18:17:10.968,1.06608,1.06611,1.22,3.37
2018.02.23 18:17:11.509,1.06608,1.06611,1.22,3.37
2018.02.23 18:17:12.545,1.06608,1.06611,1.22,3.37
2018.02.23 18:17:13.174,1.06608,1.06611,1.50,3.37
2018.02.23 18:17:17.466,1.06611,1.06614,1.50,4.01
2018.02.23 18:17:17.621,1.06611,1.06614,1.87,2.62
2018.02.23 18:17:17.676,1.06608,1.06611,1.12,1.87
2018.02.23 18:17:18.610,1.06609,1.0661,1.00,1.50
2018.02.23 18:17:18.792,1.06606,1.0661,3.45,3.19
2018.02.23 18:17:19.748,1.06607,1.0661,1.37,1.87
2018.02.23 18:17:20.249,1.06607,1.0661,1.12,1.00
2018.02.23 18:17:27.343,1.06606,1.06609,2.44,1.00
2018.02.23 18:17:28.691,1.06607,1.06609,1.37,1.00
2018.02.23 18:17:29.209,1.06605,1.06609,4.20,1.12
2018.02.23 18:17:32.102,1.06606,1.0661,1.50,1.69
2018.02.23 18:17:38.219,1.06606,1.0661,1.87,1.62
2018.02.23 18:17:39.133,1.06606,1.0661,1.50,3.19
2018.02.23 18:17:46.197,1.06606,1.0661,1.50,1.50
2018.02.23 18:17:49.189,1.06606,1.0661,2.25,1.50
2018.02.23 18:17:50.181,1.06606,1.0661,2.25,1.50
2018.02.23 18:17:51.180,1.06606,1.0661,1.50,1.50
2018.02.23 18:17:53.224,1.06606,1.0661,1.50,3.45
2018.02.23 18:17:59.201,1.06605,1.06609,1.50,1.87
2018.02.23 18:18:00.243,1.06604,1.06608,3.82,2.62
2018.02.23 18:18:00.502,1.06604,1.06606,1.37,4.87
2018.02.23 18:18:00.672,1.06602,1.06606,2.25,1.87
2018.02.23 18:18:01.509,1.06602,1.06606,3.45,1.50
2018.02.23 18:18:05.409,1.06602,1.06606,4.20,1.37
2018.02.23 18:18:05.956,1.06603,1.06606,1.00,1.37
2018.02.23 18:18:06.494,1.06603,1.06606,1.37,1.37
2018.02.23 18:18:14.044,1.06604,1.06606,1.00,1.00
2018.02.23 18:18:14.301,1.06603,1.06605,1.00,4.12
2018.02.23 18:18:15.241,1.06602,1.06604,1.00,1.12
2018.02.23 18:18:23.093,1.06602,1.06605,1.50,1.50
2018.02.23 18:18:23.979,1.06602,1.06605,1.50,1.50
2018.02.23 18:18:28.423,1.06603,1.06607,1.50,5.77
2018.02.23 18:18:29.541,1.06604,1.06607,1.00,3.37
2018.02.23 18:18:32.779,1.06605,1.06608,2.62,1.50
2018.02.23 18:18:33.295,1.06604,1.06607,1.00,1.12
2018.02.23 18:18:36.150,1.06604,1.06607,1.00,1.87
2018.02.23 18:18:40.982,1.06604,1.06607,1.00,1.12
2018.02.23 18:18:41.524,1.06605,1.06608,2.62,1.50
2018.02.23 18:18:43.091,1.06606,1.06609,1.50,1.12
2018.02.23 18:18:43.689,1.06606,1.0661,5.62,2.25
2018.02.23 18:18:48.727,1.06609,1.06611,5.10,2.14
2018.02.23 18:18:48.834,1.06611,1.06614,4.12,1.31
2018.02.23 18:18:49.350,1.06611,1.06615,6.00,1.50
2018.02.23 18:18:50.015,1.06611,1.06615,6.00,1.12
2018.02.23 18:18:51.085,1.06611,1.06615,6.00,1.50
2018.02.23 18:18:52.227,1.06611,1.06615,6.00,1.50
2018.02.23 18:18:54.595,1.06611,1.06615,6.00,1.50
2018.02.23 18:19:02.206,1.06612,1.06615,1.37,1.50
2018.02.23 18:19:04.600,1.06613,1.06616,1.12,1.20
2018.02.23 18:19:06.440,1.06613,1.06615,1.00,1.12
2018.02.23 18:19:07.679,1.06613,1.06616,1.12,1.12
2018.02.23 18:19:13.021,1.06613,1.06616,1.12,1.37
2018.02.23 18:19:14.254,1.06613,1.06616,1.12,1.12
2018.02.23 18:19:14.945,1.06613,1.06616,1.50,1.12
2018.02.23 18:19:47.612,1.06616,1.06618,1.35,3.45
2018.02.23 18:19:47.994,1.06617,1.0662,2.25,1.12
2018.02.23 18:19:50.102,1.06618,1.06621,1.00,1.50
2018.02.23 18:19:58.990,1.06618,1.06621,1.37,1.12
2018.02.23 18:19:59.719,1.06617,1.0662,2.25,1.87
2018.02.23 18:19:59.772,1.06615,1.06618,1.87,1.50
2018.02.23 18:20:00.279,1.06614,1.06618,1.20,1.37
2018.02.23 18:20:01.565,1.06617,1.06619,2.62,1.57
2018.02.23 18:20:01.617,1.06618,1.0662,1.00,1.20
2018.02.23 18:20:01.669,1.06618,1.06621,1.00,1.12
2018.02.23 18:20:18.554,1.06618,1.06622,3.75,2.25
2018.02.23 18:20:19.872,1.06619,1.06622,1.00,2.25
2018.02.23 18:20:21.687,1.06622,1.06623,1.00,1.00
2018.02.23 18:20:21.740,1.06622,1.06626,1.87,1.87
2018.02.23 18:20:22.931,1.06622,1.06626,3.00,3.37
2018.02.23 18:20:27.899,1.06622,1.06626,1.37,4.12
2018.02.23 18:20:30.288,1.06621,1.06624,1.87,4.12
2018.02.23 18:20:30.341,1.06619,1.06623,1.87,3.37
2018.02.23 18:20:31.166,1.06619,1.06623,1.87,2.92
2018.02.23 18:20:40.539,1.06618,1.06621,1.87,3.37
2018.02.23 18:20:41.078,1.06617,1.06621,3.00,3.37
2018.02.23 18:20:41.598,1.06619,1.06622,1.00,1.37
2018.02.23 18:20:42.782,1.06619,1.06622,1.87,1.12
2018.02.23 18:20:43.832,1.06619,1.06622,1.00,1.37
2018.02.23 18:20:47.502,1.06618,1.06621,1.00,2.25
2018.02.23 18:20:50.191,1.06617,1.06621,1.50,2.32
2018.02.23 18:20:52.916,1.06618,1.06621,1.00,2.32
2018.02.23 18:20:54.657,1.06619,1.06622,1.00,1.50
2018.02.23 18:20:55.929,1.06619,1.06623,2.25,1.87
2018.02.23 18:21:01.819,1.06621,1.06624,4.87,1.87
2018.02.23 18:21:01.922,1.06622,1.06626,1.50,3.56
2018.02.23 18:21:03.362,1.06622,1.06626,1.50,4.69
2018.02.23 18:21:03.418,1.06621,1.06624,1.20,3.94
2018.02.23 18:21:03.950,1.0662,1.06623,1.00,1.50
2018.02.23 18:21:09.578,1.06619,1.06622,1.12,1.12
2018.02.23 18:21:10.101,1.06618,1.06621,1.00,2.25
2018.02.23 18:21:12.266,1.06618,1.06621,1.50,1.50
2018.02.23 18:21:13.380,1.06618,1.06621,1.00,2.25
2018.02.23 18:21:16.010,1.06618,1.06622,3.75,1.39
2018.02.23 18:21:16.321,1.06622,1.06625,3.00,1.12
2018.02.23 18:21:16.747,1.06622,1.06623,1.00,1.00
2018.02.23 18:21:16.801,1.06618,1.06623,7.57,4.69
2018.02.23 18:21:19.727,1.06619,1.06622,1.00,3.56
2018.02.23 18:21:23.124,1.06617,1.0662,3.82,1.31
2018.02.23 18:21:23.832,1.06618,1.0662,1.00,2.44
2018.02.23 18:21:26.129,1.06617,1.0662,1.12,1.69
2018.02.23 18:21:28.393,1.06617,1.0662,3.00,1.69
2018.02.23 18:21:30.069,1.06618,1.06621,1.87,1.12
2018.02.23 18:21:30.993,1.06618,1.06621,1.87,1.12
2018.02.23 18:21:33.002,1.06618,1.06621,1.12,1.12
2018.02.23 18:21:33.527,1.0662,1.06622,2.25,2.25
2018.02.23 18:21:33.843,1.06623,1.06626,1.12,3.19
2018.02.23 18:21:34.466,1.06622,1.06625,1.00,2.25
2018.02.23 18:21:34.819,1.06621,1.06624,1.50,2.06
2018.02.23 18:21:36.146,1.06621,1.06624,1.50,2.06
2018.02.23 18:21:37.182,1.06621,1.06624,1.50,2.06
2018.02.23 18:21:37.957,1.06622,1.06624,1.87,1.12
2018.02.23 18:21:38.526,1.06623,1.06625,1.12,1.31
2018.02.23 18:21:40.874,1.06623,1.06626,3.00,1.87
2018.02.23 18:21:44.368,1.06623,1.06626,4.12,1.12
2018.02.23 18:21:45.740,1.06625,1.06627,2.25,1.12
2018.02.23 18:21:49.641,1.06636,1.06638,1.50,12.94
2018.02.23 18:21:49.694,1.06633,1.06636,4.20,4.12
2018.02.23 18:21:50.274,1.06634,1.06637,1.00,6.94
2018.02.23 18:21:51.535,1.06633,1.06635,1.50,1.31
2018.02.23 18:21:52.833,1.06633,1.06635,1.00,2.44
2018.02.23 18:21:55.805,1.06632,1.06635,1.37,1.12
2018.02.23 18:21:56.321,1.06632,1.06635,1.00,2.44
2018.02.23 18:21:56.974,1.06632,1.06635,1.00,2.44
2018.02.23 18:21:57.730,1.06632,1.06635,1.00,6.19
2018.02.23 18:21:58.292,1.06631,1.06634,1.87,1.00
2018.02.23 18:21:58.862,1.06631,1.06635,1.87,8.44
2018.02.23 18:22:01.303,1.0663,1.06634,1.95,2.29
2018.02.23 18:22:02.113,1.0663,1.06632,1.50,1.12
2018.02.23 18:22:03.229,1.0663,1.06633,1.50,1.69
2018.02.23 18:22:03.434,1.06628,1.0663,3.45,1.25
2018.02.23 18:22:03.537,1.06626,1.06628,1.50,1.00
2018.02.23 18:22:04.067,1.06624,1.06629,2.70,3.94
2018.02.23 18:22:04.638,1.06624,1.06629,2.70,3.94
2018.02.23 18:22:09.004,1.06624,1.06628,1.12,6.37
2018.02.23 18:22:10.304,1.06624,1.06627,1.12,1.00
2018.02.23 18:22:17.706,1.06623,1.06627,1.50,3.56
2018.02.23 18:22:18.531,1.06623,1.06626,1.12,2.44
2018.02.23 18:22:19.580,1.06623,1.06626,1.12,1.62
2018.02.23 18:22:21.461,1.06623,1.06626,1.20,1.31
2018.02.23 18:22:29.505,1.06622,1.06625,1.47,1.31
2018.02.23 18:22:29.610,1.06621,1.06625,1.50,2.44
2018.02.23 18:22:33.785,1.06621,1.06624,1.12,1.19
2018.02.23 18:22:35.504,1.06621,1.06624,1.12,1.00
2018.02.23 18:22:35.775,1.06621,1.06626,5.89,4.50
2018.02.23 18:22:36.827,1.06622,1.06626,1.01,2.25
2018.02.23 18:22:37.431,1.06622,1.06627,1.76,4.87
2018.02.23 18:22:39.146,1.06621,1.06625,1.62,1.50
2018.02.23 18:22:39.877,1.06621,1.06624,1.31,1.00
2018.02.23 18:22:42.285,1.06621,1.06625,2.06,1.50
2018.02.23 18:22:43.732,1.06621,1.06624,1.31,1.00
2018.02.23 18:22:47.402,1.06621,1.06624,1.62,1.00
2018.02.23 18:22:48.879,1.06621,1.06624,1.31,1.00
2018.02.23 18:22:51.193,1.0662,1.06624,2.06,1.87
2018.02.23 18:22:51.559,1.06619,1.06622,1.00,1.37
2018.02.23 18:22:52.074,1.06618,1.06622,2.44,1.47
2018.02.23 18:22:52.712,1.06618,1.06622,2.44,1.37
2018.02.23 18:22:53.858,1.06618,1.06622,2.44,1.37
2018.02.23 18:22:54.987,1.06618,1.0662,1.50,3.22
2018.02.23 18:22:55.091,1.06616,1.0662,1.12,1.95
2018.02.23 18:22:56.402,1.06615,1.06619,2.44,1.50
2018.02.23 18:23:01.713,1.06614,1.06617,1.57,2.62
2018.02.23 18:23:02.231,1.06613,1.06617,2.81,3.00
2018.02.23 18:23:02.735,1.06613,1.06616,1.25,1.00
2018.02.23 18:23:03.832,1.06611,1.06614,2.89,3.00
2018.02.23 18:23:04.349,1.06611,1.06615,4.76,4.50
2018.02.23 18:23:09.097,1.06612,1.06615,1.69,1.00
2018.02.23 18:23:09.437,1.06615,1.06618,1.01,2.62
2018.02.23 18:23:10.820,1.06615,1.06618,1.01,2.62
2018.02.23 18:23:12.471,1.06617,1.06619,1.25,1.12
2018.02.23 18:23:13.511,1.06617,1.0662,1.00,1.50
2018.02.23 18:23:15.928,1.06616,1.0662,1.01,1.50
2018.02.23 18:23:16.949,1.06615,1.06618,2.14,1.00
2018.02.23 18:23:17.501,1.06616,1.0662,7.39,1.37
2018.02.23 18:23:18.404,1.06616,1.0662,4.39,1.12
2018.02.23 18:23:22.019,1.06617,1.0662,2.89,1.00
2018.02.23 18:23:23.411,1.06617,1.06621,7.76,1.00
2018.02.23 18:23:25.722,1.06618,1.06622,2.51,1.50
2018.02.23 18:23:29.095,1.06618,1.06622,2.51,1.50
2018.02.23 18:23:48.919,1.06621,1.06623,1.10,1.87
2018.02.23 18:23:49.023,1.06622,1.06625,1.76,1.50
2018.02.23 18:23:50.149,1.06622,1.06626,5.51,1.87
2018.02.23 18:23:53.178,1.06623,1.06627,2.44,2.25
2018.02.23 18:23:58.960,1.06624,1.06627,1.00,1.50
2018.02.23 18:24:00.113,1.06624,1.06627,1.00,1.50
2018.02.23 18:24:07.214,1.06623,1.06627,2.89,1.50
2018.02.23 18:24:08.191,1.06623,1.06627,2.89,2.25
2018.02.23 18:24:12.824,1.06623,1.06627,3.64,1.50
2018.02.23 18:24:13.769,1.06625,1.06627,7.31,1.00
2018.02.23 18:24:13.920,1.06627,1.06629,1.12,1.00
2018.02.23 18:24:17.151,1.06626,1.06629,1.25,2.62
2018.02.23 18:24:22.210,1.06626,1.06629,1.69,2.25
2018.02.23 18:24:29.995,1.06625,1.06629,1.76,3.37
2018.02.23 18:24:30.570,1.06624,1.06627,3.26,1.00
2018.02.23 18:24:31.135,1.06624,1.06627,1.00,1.00
2018.02.23 18:24:31.653,1.06624,1.06626,1.00,1.00
2018.02.23 18:24:42.018,1.06623,1.06625,1.37,5.44
2018.02.23 18:24:42.073,1.0662,1.06622,1.12,1.12
2018.02.23 18:24:44.524,1.06618,1.06622,1.47,4.12
2018.02.23 18:24:45.460,1.0662,1.06622,3.75,1.00
2018.02.23 18:24:45.770,1.06622,1.06624,1.00,1.50
2018.02.23 18:24:46.519,1.06622,1.06625,3.07,1.12
2018.02.23 18:24:47.344,1.06623,1.06626,1.00,1.87
2018.02.23 18:24:51.376,1.06622,1.06624,1.20,1.12
2018.02.23 18:24:52.041,1.06621,1.06624,1.12,2.25
2018.02.23 18:24:52.557,1.06621,1.06624,1.00,2.25
2018.02.23 18:24:52.869,1.06619,1.06622,1.00,2.25
2018.02.23 18:24:55.511,1.06618,1.06621,1.20,2.25
2018.02.23 18:25:00.160,1.06617,1.06621,4.95,3.56
2018.02.23 18:25:00.708,1.06617,1.06621,3.82,3.56
2018.02.23 18:25:01.228,1.06616,1.0662,1.95,1.87
2018.02.23 18:25:02.053,1.06616,1.0662,1.95,1.87
2018.02.23 18:25:04.130,1.06616,1.06619,1.10,1.50
2018.02.23 18:25:05.382,1.06616,1.0662,3.45,1.87
2018.02.23 18:25:12.345,1.06616,1.0662,2.70,1.87
2018.02.23 18:25:15.931,1.06616,1.0662,2.70,1.87
2018.02.23 18:25:16.997,1.06616,1.0662,2.70,1.87
2018.02.23 18:25:17.596,1.06617,1.0662,2.32,1.12
2018.02.23 18:25:17.955,1.06619,1.06622,1.00,1.50
2018.02.23 18:25:21.317,1.0662,1.06622,1.00,1.50
2018.02.23 18:25:21.369,1.06622,1.06623,1.00,1.50
2018.02.23 18:25:21.952,1.06621,1.06624,1.50,3.37
2018.02.23 18:25:24.548,1.06622,1.06625,1.50,1.50
2018.02.23 18:25:29.272,1.06622,1.06625,1.00,4.87
2018.02.23 18:25:32.074,1.06622,1.06625,1.00,4.87
2018.02.23 18:25:34.730,1.0662,1.06625,5.89,5.25
2018.02.23 18:25:35.841,1.0662,1.06625,5.70,5.25
2018.02.23 18:25:36.842,1.06621,1.06625,1.57,5.25
2018.02.23 18:25:37.939,1.0662,1.06623,1.45,1.50
2018.02.23 18:25:38.043,1.06619,1.06623,1.95,2.62
2018.02.23 18:25:38.735,1.06617,1.06621,7.95,1.50
2018.02.23 18:25:46.147,1.06618,1.06621,1.20,1.87
2018.02.23 18:25:55.521,1.06617,1.06621,3.10,1.87
2018.02.23 18:25:58.164,1.06618,1.06621,1.20,1.50
2018.02.23 18:26:00.072,1.06621,1.06623,3.75,1.87
2018.02.23 18:26:00.178,1.06619,1.06623,1.10,2.62
2018.02.23 18:26:06.226,1.06619,1.06622,1.00,1.50
2018.02.23 18:26:07.613,1.06618,1.06621,1.50,1.50
2018.02.23 18:26:08.732,1.06618,1.06621,1.50,1.37
2018.02.23 18:26:11.305,1.06618,1.06621,1.00,1.12
2018.02.23 18:26:14.949,1.06617,1.0662,1.95,4.12
2018.02.23 18:26:15.463,1.06616,1.06619,1.00,1.12
2018.02.23 18:26:16.816,1.06616,1.06618,1.00,1.00
2018.02.23 18:26:21.551,1.06614,1.06617,3.26,1.00
2018.02.23 18:26:22.099,1.06615,1.06617,2.51,1.12
2018.02.23 18:26:24.824,1.06615,1.06616,1.00,1.00
2018.02.23 18:26:25.391,1.06614,1.06616,1.10,1.00
2018.02.23 18:26:25.943,1.06614,1.06617,3.82,2.06
2018.02.23 18:26:26.001,1.06616,1.06618,1.31,1.00
2018.02.23 18:26:26.525,1.06616,1.06619,3.45,1.00
2018.02.23 18:26:27.613,1.06616,1.06619,3.45,1.00
2018.02.23 18:26:28.133,1.06616,1.06619,2.70,1.12
2018.02.23 18:26:34.404,1.06616,1.06619,2.70,1.12
2018.02.23 18:26:34.939,1.06616,1.0662,2.70,3.56
2018.02.23 18:26:36.522,1.06616,1.0662,2.70,2.62
2018.02.23 18:26:44.776,1.06616,1.06619,1.87,1.12
2018.02.23 18:26:46.429,1.06617,1.0662,2.70,1.12
2018.02.23 18:26:47.547,1.06617,1.0662,3.82,1.12
2018.02.23 18:26:49.317,1.06618,1.06621,1.12,1.12
2018.02.23 18:26:56.598,1.06619,1.06622,1.00,1.50
2018.02.23 18:26:57.142,1.0662,1.06623,3.37,1.50
2018.02.23 18:26:57.295,1.06623,1.06625,1.00,1.12
2018.02.23 18:26:58.198,1.06623,1.06626,1.10,1.31
2018.02.23 18:27:04.934,1.06621,1.06624,6.45,1.20
2018.02.23 18:27:05.506,1.06621,1.06624,4.87,1.87
2018.02.23 18:27:06.019,1.06623,1.06626,1.87,1.37
2018.02.23 18:27:07.358,1.06623,1.06627,1.87,2.06
2018.02.23 18:27:08.129,1.06623,1.06625,1.12,1.50
2018.02.23 18:27:08.662,1.06621,1.06624,1.87,1.50
2018.02.23 18:27:09.173,1.06621,1.06624,1.87,1.50
2018.02.23 18:27:10.157,1.0662,1.06623,4.87,1.50
2018.02.23 18:27:10.750,1.06621,1.06623,1.00,1.00
2018.02.23 18:27:10.802,1.06621,1.06625,1.37,3.45
2018.02.23 18:27:11.350,1.06622,1.06624,1.00,1.50
2018.02.23 18:27:11.873,1.0662,1.06623,2.06,1.87
2018.02.23 18:27:12.954,1.0662,1.06623,1.00,1.50
2018.02.23 18:27:13.422,1.06618,1.06621,3.75,1.12
2018.02.23 18:27:13.965,1.06618,1.0662,2.62,1.00
2018.02.23 18:27:16.031,1.06617,1.0662,2.25,1.12
2018.02.23 18:27:16.543,1.06616,1.06619,1.87,1.12
2018.02.23 18:27:17.091,1.06617,1.06619,1.87,1.00
2018.02.23 18:27:18.359,1.06617,1.06621,2.62,2.62
2018.02.23 18:27:18.823,1.0662,1.06622,3.37,1.00
2018.02.23 18:27:18.929,1.06621,1.06624,1.00,2.25
2018.02.23 18:27:19.884,1.06621,1.06624,2.06,2.25
2018.02.23 18:27:36.374,1.06622,1.06623,1.00,1.12
2018.02.23 18:27:36.908,1.06621,1.06623,1.00,1.12
2018.02.23 18:27:45.118,1.06619,1.06623,2.06,2.25
2018.02.23 18:27:45.379,1.06619,1.06622,1.00,1.50
2018.02.23 18:27:55.602,1.06619,1.06623,1.50,5.51
2018.02.23 18:27:56.019,1.06621,1.06624,1.50,2.62
2018.02.23 18:27:56.564,1.0662,1.06622,2.62,1.12
2018.02.23 18:27:57.150,1.06618,1.06622,3.94,1.87
2018.02.23 18:28:01.857,1.06619,1.06622,1.00,1.95
2018.02.23 18:28:02.490,1.06618,1.06621,3.56,1.00
2018.02.23 18:28:03.450,1.06618,1.06622,3.56,2.32
2018.02.23 18:28:08.088,1.06618,1.06621,4.12,1.12
2018.02.23 18:28:09.240,1.06619,1.06621,2.25,1.00
2018.02.23 18:28:09.968,1.0662,1.06623,1.00,2.25
2018.02.23 18:28:10.733,1.0662,1.06623,1.00,2.32
2018.02.23 18:28:12.859,1.0662,1.06623,1.00,3.07
2018.02.23 18:28:14.009,1.0662,1.06623,1.00,3.07
2018.02.23 18:28:19.982,1.06622,1.06623,1.12,1.12
2018.02.23 18:28:20.529,1.06622,1.06624,2.25,1.00
2018.02.23 18:28:23.604,1.06624,1.06626,1.00,1.69
2018.02.23 18:28:31.122,1.06623,1.06626,1.87,1.76
2018.02.23 18:28:32.578,1.06622,1.06623,1.12,1.50
2018.02.23 18:28:32.684,1.06621,1.06623,1.50,2.62
2018.02.23 18:28:32.824,1.06618,1.06622,2.25,3.94
2018.02.23 18:28:33.357,1.06618,1.06621,1.37,1.87
2018.02.23 18:28:33.901,1.06618,1.06621,1.00,3.07
2018.02.23 18:28:34.451,1.06618,1.06621,1.00,1.57
2018.02.23 18:28:37.906,1.06616,1.06619,3.82,1.00
2018.02.23 18:28:38.456,1.06616,1.06618,2.62,1.00
2018.02.23 18:28:39.370,1.06616,1.06618,1.00,1.00
2018.02.23 18:28:40.113,1.06615,1.06617,4.50,1.00
2018.02.23 18:28:46.941,1.06617,1.06618,1.00,1.00
2018.02.23 18:28:47.430,1.06614,1.06618,1.20,2.62
2018.02.23 18:28:48.105,1.06614,1.06617,1.12,1.12
2018.02.23 18:28:51.033,1.06614,1.06617,1.37,1.12
2018.02.23 18:28:52.524,1.06614,1.06617,1.12,1.12
2018.02.23 18:28:55.494,1.06614,1.06616,1.00,1.00
2018.02.23 18:28:56.094,1.06614,1.06615,1.00,1.12
2018.02.23 18:28:56.385,1.06612,1.06615,1.00,3.19
2018.02.23 18:28:56.919,1.06611,1.06614,5.25,1.12
2018.02.23 18:28:57.423,1.06611,1.06614,4.12,1.50
2018.02.23 18:29:02.824,1.06611,1.06614,3.75,1.50
2018.02.23 18:29:03.123,1.06615,1.06618,5.25,1.87
2018.02.23 18:29:03.737,1.06616,1.06619,3.37,1.69
2018.02.23 18:29:07.605,1.06616,1.06619,3.37,1.69
2018.02.23 18:29:08.584,1.06616,1.06618,1.00,1.87
2018.02.23 18:29:09.105,1.06614,1.06617,1.37,1.00
2018.02.23 18:29:09.672,1.06614,1.06617,1.12,1.12
2018.02.23 18:29:12.146,1.06613,1.06616,2.70,1.87
2018.02.23 18:29:12.433,1.06611,1.06614,1.00,2.06
2018.02.23 18:29:13.105,1.06612,1.06615,1.00,3.60
2018.02.23 18:29:13.241,1.06613,1.06616,1.50,1.12
2018.02.23 18:29:16.139,1.06612,1.06615,1.50,2.06
2018.02.23 18:29:17.901,1.06616,1.06618,1.12,1.37
2018.02.23 18:29:18.108,1.06615,1.06619,7.05,1.12
2018.02.23 18:29:18.612,1.06617,1.0662,1.50,1.12
2018.02.23 18:29:26.099,1.06617,1.0662,1.42,1.12
2018.02.23 18:29:28.220,1.06617,1.0662,1.42,1.12
2018.02.23 18:29:29.020,1.06618,1.06621,4.12,3.75
2018.02.23 18:29:29.125,1.06619,1.06623,5.32,1.87
2018.02.23 18:29:29.641,1.06619,1.06623,3.82,1.87
2018.02.23 18:29:32.771,1.06621,1.06623,5.25,1.12
2018.02.23 18:29:32.823,1.06623,1.06626,1.12,1.20
2018.02.23 18:29:33.371,1.06623,1.06626,1.47,1.12
2018.02.23 18:29:36.607,1.06623,1.06627,2.70,3.75
2018.02.23 18:29:37.673,1.06623,1.06627,4.57,3.00
2018.02.23 18:29:37.932,1.0662,1.06623,1.87,1.00
2018.02.23 18:29:37.988,1.06619,1.06623,1.57,1.12
2018.02.23 18:29:38.317,1.06618,1.06622,4.01,1.50
2018.02.23 18:29:39.323,1.06618,1.06621,1.12,1.87
2018.02.23 18:29:39.881,1.06616,1.0662,2.70,3.56
2018.02.23 18:29:41.004,1.06616,1.06618,1.20,1.00
2018.02.23 18:29:41.108,1.06614,1.06617,1.20,1.12
2018.02.23 18:29:42.299,1.06615,1.06617,1.00,1.50
2018.02.23 18:29:43.799,1.06615,1.06618,1.80,1.87
2018.02.23 18:29:44.194,1.06613,1.06615,1.12,1.25
2018.02.23 18:29:45.224,1.06612,1.06615,1.00,1.31
2018.02.23 18:29:47.214,1.06612,1.06615,1.12,4.31
2018.02.23 18:29:47.746,1.06611,1.06614,1.87,1.37
2018.02.23 18:29:48.625,1.06611,1.06614,1.87,1.87
2018.02.23 18:29:49.409,1.06611,1.06613,1.00,1.12
2018.02.23 18:29:54.074,1.06611,1.06614,1.30,3.19
2018.02.23 18:29:55.098,1.06611,1.06614,1.30,3.94
2018.02.23 18:29:57.067,1.0661,1.06612,1.10,4.12
2018.02.23 18:29:57.174,1.06606,1.06609,1.47,1.00
2018.02.23 18:29:57.280,1.06605,1.06609,1.39,4.50
2018.02.23 18:29:57.816,1.06604,1.06609,2.32,6.94
2018.02.23 18:29:58.464,1.06602,1.06607,3.07,2.25
2018.02.23 18:29:59.019,1.06603,1.06607,1.00,3.00
2018.02.23 18:29:59.329,1.06605,1.06607,1.10,1.00
2018.02.23 18:29:59.844,1.06605,1.06608,1.99,1.00
2018.02.23 18:30:05.662,1.06605,1.06609,1.61,1.50
2018.02.23 18:30:08.275,1.06605,1.06609,2.36,1.50
2018.02.23 18:30:10.051,1.06605,1.06608,1.39,1.12
2018.02.23 18:30:11.449,1.06603,1.06607,3.07,1.72
2018.02.23 18:30:11.756,1.06602,1.06605,1.00,1.62
2018.02.23 18:30:15.386,1.06601,1.06604,1.20,1.50
2018.02.23 18:30:20.520,1.066,1.06604,1.76,3.75
2018.02.23 18:30:20.830,1.066,1.06601,1.25,1.00
2018.02.23 18:30:22.019,1.066,1.06603,1.50,1.87
2018.02.23 18:30:22.563,1.066,1.06603,1.00,2.44
2018.02.23 18:30:24.201,1.06597,1.06599,1.07,3.56
2018.02.23 18:30:24.254,1.06595,1.06597,2.70,4.12
2018.02.23 18:30:24.801,1.06594,1.06597,1.00,1.12
2018.02.23 18:30:25.393,1.06595,1.06598,1.50,1.00
2018.02.23 18:30:26.042,1.06596,1.06599,1.10,1.12
2018.02.23 18:30:26.561,1.06597,1.066,1.20,2.25
2018.02.23 18:30:28.466,1.06597,1.06601,1.95,6.94
2018.02.23 18:30:32.626,1.06597,1.06601,1.95,8.81
2018.02.23 18:30:33.191,1.06598,1.06601,1.50,3.94
2018.02.23 18:30:35.495,1.06598,1.066,2.25,1.00
2018.02.23 18:30:36.098,1.06598,1.06601,2.25,2.81
2018.02.23 18:30:36.803,1.06599,1.06602,1.00,1.87
2018.02.23 18:30:37.333,1.06599,1.06602,3.56,1.00
2018.02.23 18:30:37.946,1.06598,1.066,1.20,1.37
2018.02.23 18:30:38.063,1.06596,1.06598,1.00,1.00
2018.02.23 18:30:40.929,1.06594,1.06597,4.12,4.57
2018.02.23 18:30:40.982,1.06593,1.06596,1.37,1.37
2018.02.23 18:30:41.532,1.06592,1.06596,3.19,1.00
2018.02.23 18:30:42.082,1.06592,1.06596,2.81,1.12
2018.02.23 18:30:42.396,1.0659,1.06594,2.81,1.87
2018.02.23 18:30:42.967,1.0659,1.06593,1.62,1.00
2018.02.23 18:30:48.155,1.06589,1.06593,3.56,3.07
2018.02.23 18:30:48.583,1.06588,1.06591,3.75,1.00
2018.02.23 18:30:52.069,1.06588,1.06592,1.87,1.95
2018.02.23 18:30:53.568,1.06588,1.06592,2.62,1.95
2018.02.23 18:30:55.779,1.06588,1.06592,1.37,1.95
2018.02.23 18:30:56.093,1.06587,1.0659,1.87,1.50
2018.02.23 18:30:56.997,1.06586,1.0659,1.50,1.95
2018.02.23 18:30:57.634,1.06585,1.0659,5.44,1.57
2018.02.23 18:30:58.053,1.06581,1.06585,3.37,4.31
2018.02.23 18:30:58.415,1.06578,1.06581,3.94,1.57
2018.02.23 18:30:58.468,1.06578,1.06581,4.31,1.65
2018.02.23 18:30:58.520,1.06581,1.06584,2.25,1.45
2018.02.23 18:30:58.624,1.06581,1.06585,2.81,1.12
2018.02.23 18:30:59.582,1.06581,1.06585,4.31,1.20
2018.02.23 18:31:00.102,1.06583,1.06587,3.00,2.51
2018.02.23 18:31:00.965,1.06584,1.06587,1.87,2.32
2018.02.23 18:31:01.473,1.06585,1.06588,2.62,1.12
2018.02.23 18:31:01.914,1.06582,1.06584,1.67,1.00
2018.02.23 18:31:02.181,1.0658,1.06584,1.37,1.57
2018.02.23 18:31:02.688,1.06581,1.06584,1.87,1.12
2018.02.23 18:31:05.135,1.06581,1.06585,3.75,1.12
2018.02.23 18:31:05.648,1.06581,1.06585,3.37,1.95
2018.02.23 18:31:10.871,1.06585,1.06586,2.62,1.87
2018.02.23 18:31:10.924,1.06587,1.06589,1.87,1.20
2018.02.23 18:31:11.438,1.06585,1.06589,1.37,1.57
2018.02.23 18:31:12.104,1.06584,1.06588,3.19,1.10
2018.02.23 18:31:17.692,1.06584,1.06588,7.12,1.12
2018.02.23 18:31:20.945,1.06587,1.0659,1.12,2.70
2018.02.23 18:31:22.539,1.06587,1.0659,2.62,1.95
2018.02.23 18:31:23.049,1.06585,1.06589,2.44,1.20
2018.02.23 18:31:23.553,1.06586,1.0659,2.62,1.87
2018.02.23 18:31:26.924,1.06587,1.06591,4.12,1.12
2018.02.23 18:31:28.100,1.06588,1.06592,1.37,3.00
2018.02.23 18:31:28.641,1.06587,1.06591,4.12,1.12
2018.02.23 18:31:29.632,1.06588,1.06591,1.37,1.12
2018.02.23 18:31:30.263,1.06588,1.06592,4.31,1.12
2018.02.23 18:31:32.039,1.0659,1.06593,1.12,1.12
2018.02.23 18:31:32.092,1.06591,1.06595,1.37,1.57
2018.02.23 18:31:32.634,1.0659,1.06594,3.00,1.00
2018.02.23 18:31:34.066,1.0659,1.06593,1.37,1.00
2018.02.23 18:31:34.588,1.06589,1.06593,1.87,1.12
2018.02.23 18:31:36.231,1.06589,1.06592,1.37,1.00
2018.02.23 18:31:37.298,1.06589,1.06593,1.12,3.45
2018.02.23 18:31:37.613,1.06593,1.06597,1.37,4.20
2018.02.23 18:31:37.954,1.06595,1.06598,2.06,1.00
2018.02.23 18:31:38.578,1.06594,1.06597,1.37,1.00
2018.02.23 18:31:39.537,1.06594,1.06597,1.12,1.00
2018.02.23 18:31:42.252,1.06593,1.06597,3.82,2.25
2018.02.23 18:31:43.598,1.06593,1.06598,4.76,3.00
2018.02.23 18:31:43.910,1.06595,1.066,5.06,3.07
2018.02.23 18:31:50.093,1.06596,1.066,2.32,1.00
2018.02.23 18:31:52.312,1.06598,1.06602,1.50,2.70
2018.02.23 18:31:52.901,1.06598,1.06602,3.75,1.87
2018.02.23 18:31:54.131,1.06596,1.06601,9.07,1.00
2018.02.23 18:31:54.660,1.06596,1.06601,2.70,2.25
2018.02.23 18:31:55.170,1.06596,1.066,2.32,1.00
2018.02.23 18:31:57.952,1.06595,1.06599,1.47,3.37
2018.02.23 18:31:58.457,1.06594,1.06598,2.25,1.00
2018.02.23 18:31:59.024,1.06594,1.06599,2.25,7.05
2018.02.23 18:32:00.440,1.06594,1.06597,1.00,1.00
2018.02.23 18:32:05.787,1.06598,1.066,1.87,1.50
2018.02.23 18:32:05.839,1.06598,1.06601,2.25,3.37
2018.02.23 18:32:06.152,1.06599,1.06603,1.87,2.25
2018.02.23 18:32:07.181,1.066,1.06604,1.50,2.62
2018.02.23 18:32:08.620,1.066,1.06604,1.50,3.37
2018.02.23 18:32:09.201,1.06599,1.06604,4.95,4.12
2018.02.23 18:32:09.764,1.06599,1.06602,3.37,1.00
2018.02.23 18:32:10.610,1.06599,1.06602,3.37,1.00
2018.02.23 18:32:12.778,1.06599,1.06602,2.25,1.19
2018.02.23 18:32:13.101,1.06597,1.06599,1.12,1.00
2018.02.23 18:32:13.602,1.06598,1.066,1.87,1.00
2018.02.23 18:32:14.326,1.06598,1.06601,2.25,2.06
2018.02.23 18:32:14.773,1.06599,1.06601,1.87,1.12
2018.02.23 18:32:15.445,1.06598,1.06601,1.50,4.31
2018.02.23 18:32:16.027,1.06598,1.06601,2.06,1.12
2018.02.23 18:32:16.333,1.06597,1.06599,1.00,1.12
2018.02.23 18:32:22.102,1.06597,1.066,1.12,1.87
2018.02.23 18:32:24.834,1.06598,1.066,4.50,1.00
2018.02.23 18:32:24.939,1.06599,1.06603,1.87,5.32
2018.02.23 18:32:29.533,1.06598,1.06601,1.87,1.00
2018.02.23 18:32:30.188,1.06598,1.06602,1.87,2.62
2018.02.23 18:32:31.463,1.06599,1.06602,6.97,1.87
2018.02.23 18:32:31.569,1.06601,1.06604,1.00,2.25
2018.02.23 18:32:33.175,1.06601,1.06604,1.00,2.62
2018.02.23 18:32:36.870,1.06601,1.06604,1.00,1.50
2018.02.23 18:32:43.748,1.066,1.06603,1.50,1.00
2018.02.23 18:32:43.910,1.06598,1.06601,1.50,3.75
2018.02.23 18:32:44.232,1.06599,1.06603,2.62,5.70
2018.02.23 18:32:44.810,1.06598,1.06602,3.75,1.50
2018.02.23 18:32:46.721,1.06598,1.06602,3.75,3.00
2018.02.23 18:32:48.813,1.06598,1.06602,2.62,1.50
2018.02.23 18:32:50.839,1.06599,1.06602,1.00,1.00
2018.02.23 18:32:58.144,1.06598,1.06601,2.25,1.00
2018.02.23 18:32:58.716,1.06597,1.06601,2.81,2.62
2018.02.23 18:32:59.027,1.06598,1.06602,4.12,1.50
2018.02.23 18:33:00.650,1.06598,1.06602,2.25,5.92
2018.02.23 18:33:01.740,1.06597,1.06601,3.00,1.69
2018.02.23 18:33:02.053,1.06596,1.06599,1.12,3.00
2018.02.23 18:33:02.312,1.06594,1.06598,2.62,2.62
2018.02.23 18:33:04.129,1.06592,1.06596,3.07,1.12
2018.02.23 18:33:06.197,1.06593,1.06597,3.07,1.00
2018.02.23 18:33:07.399,1.06595,1.06598,2.62,1.87
2018.02.23 18:33:07.927,1.06597,1.06599,1.50,1.50
2018.02.23 18:33:08.032,1.06599,1.06602,3.37,1.37
2018.02.23 18:33:08.689,1.06598,1.06602,1.00,2.62
2018.02.23 18:33:12.666,1.06598,1.06601,1.00,1.69
2018.02.23 18:33:19.051,1.06596,1.06599,1.87,4.50
2018.02.23 18:33:19.104,1.06595,1.06598,1.10,1.00
2018.02.23 18:33:19.748,1.06594,1.06598,2.25,3.56
2018.02.23 18:33:20.113,1.06593,1.06596,1.50,1.00
2018.02.23 18:33:21.125,1.06593,1.06597,2.25,3.45
2018.02.23 18:33:28.107,1.06593,1.06597,1.12,2.70
2018.02.23 18:33:32.124,1.06593,1.06597,1.87,2.70
2018.02.23 18:33:32.642,1.06595,1.06598,1.00,1.50
2018.02.23 18:33:33.740,1.06595,1.06598,3.45,1.00
2018.02.23 18:33:34.280,1.06595,1.06599,3.45,3.26
2018.02.23 18:33:37.281,1.06596,1.06598,1.37,1.00
2018.02.23 18:33:37.334,1.06598,1.06601,3.37,1.07
2018.02.23 18:33:37.852,1.06598,1.06601,1.50,1.00
2018.02.23 18:33:39.336,1.06599,1.06603,3.37,3.07
2018.02.23 18:33:39.650,1.06601,1.06605,1.12,4.50
2018.02.23 18:33:40.797,1.06602,1.06606,1.12,4.57
2018.02.23 18:33:42.160,1.06601,1.06605,1.95,1.00
2018.02.23 18:33:42.646,1.06603,1.06607,6.00,1.47
2018.02.23 18:33:43.239,1.06604,1.06607,5.62,1.00
2018.02.23 18:33:44.271,1.06604,1.06607,1.50,1.00
2018.02.23 18:33:45.240,1.06604,1.06608,1.50,5.74
2018.02.23 18:33:45.388,1.06605,1.06608,1.50,1.12
2018.02.23 18:33:45.907,1.06606,1.0661,1.00,2.89
2018.02.23 18:33:46.421,1.06606,1.0661,2.25,2.51
2018.02.23 18:33:47.695,1.0661,1.06611,1.00,1.87
2018.02.23 18:33:47.748,1.06612,1.06615,1.50,1.95
2018.02.23 18:33:47.852,1.06613,1.06616,1.00,1.12
2018.02.23 18:33:48.198,1.06611,1.06616,3.45,7.35
2018.02.23 18:33:51.151,1.0661,1.06613,2.06,1.87
2018.02.23 18:33:51.662,1.06608,1.06612,1.50,1.87
2018.02.23 18:33:51.969,1.06606,1.06609,1.00,1.37
2018.02.23 18:33:58.136,1.06606,1.06609,1.00,1.00
2018.02.23 18:34:00.181,1.06605,1.06609,1.50,2.62
2018.02.23 18:34:00.494,1.06602,1.06604,1.12,1.91
2018.02.23 18:34:01.036,1.06601,1.06604,1.00,1.87
2018.02.23 18:34:01.552,1.066,1.06604,1.87,1.87
2018.02.23 18:34:01.866,1.06597,1.06602,2.89,2.10
2018.02.23 18:34:02.876,1.06597,1.06602,2.89,1.50
2018.02.23 18:34:09.536,1.06597,1.06602,6.64,1.37
2018.02.23 18:34:11.966,1.06597,1.06602,6.64,1.12
2018.02.23 18:34:15.980,1.06597,1.06601,2.32,6.00
2018.02.23 18:34:16.139,1.06596,1.066,2.25,1.62
2018.02.23 18:34:17.570,1.06596,1.066,1.50,1.87
2018.02.23 18:34:23.613,1.06595,1.06599,1.57,4.12
2018.02.23 18:34:23.801,1.06594,1.06598,1.50,3.82
2018.02.23 18:34:27.778,1.06594,1.06598,1.50,3.45
2018.02.23 18:34:28.865,1.06594,1.06598,1.00,3.45
2018.02.23 18:34:33.969,1.06594,1.06598,1.50,5.14
2018.02.23 18:34:41.881,1.06593,1.06596,2.62,1.00
2018.02.23 18:34:42.402,1.06594,1.06597,1.12,1.00
2018.02.23 18:34:46.744,1.06593,1.06597,3.00,2.62
2018.02.23 18:34:49.581,1.06593,1.06597,1.87,4.80
2018.02.23 18:34:50.422,1.06592,1.06596,3.75,2.10
2018.02.23 18:34:51.104,1.06591,1.06593,2.25,1.31
2018.02.23 18:34:51.158,1.06593,1.06595,3.45,1.00
2018.02.23 18:34:51.262,1.06595,1.06598,1.00,3.75
2018.02.23 18:34:51.779,1.06595,1.06599,3.75,3.00
2018.02.23 18:34:53.255,1.06594,1.06598,1.57,5.25
2018.02.23 18:34:53.770,1.06593,1.06597,3.37,1.00
2018.02.23 18:34:55.669,1.06594,1.06597,1.87,1.00
2018.02.23 18:34:56.187,1.06593,1.06597,2.25,1.00
2018.02.23 18:34:56.496,1.06595,1.06597,1.37,1.12
2018.02.23 18:34:57.042,1.06595,1.06598,1.87,1.00
2018.02.23 18:35:01.851,1.06595,1.06598,1.12,1.00
2018.02.23 18:35:03.304,1.06593,1.06597,2.32,1.00
2018.02.23 18:35:04.534,1.06593,1.06597,1.00,4.20
2018.02.23 18:35:04.890,1.06592,1.06594,1.00,1.37
2018.02.23 18:35:05.468,1.0659,1.06594,2.25,1.37
2018.02.23 18:35:08.488,1.06591,1.06594,1.12,1.87
2018.02.23 18:35:08.891,1.06593,1.06596,1.50,1.57
2018.02.23 18:35:09.550,1.06593,1.06597,3.64,1.87
2018.02.23 18:35:13.107,1.06588,1.06591,1.12,4.50
2018.02.23 18:35:13.729,1.06587,1.06589,1.12,1.00
2018.02.23 18:35:15.893,1.06587,1.0659,1.12,1.12
2018.02.23 18:35:16.429,1.06587,1.0659,1.87,1.87
2018.02.23 18:35:17.369,1.06587,1.0659,1.87,1.87
2018.02.23 18:35:17.829,1.06588,1.06591,1.87,1.87
2018.02.23 18:35:18.295,1.06592,1.06593,1.00,1.57
2018.02.23 18:35:18.347,1.06592,1.06596,1.00,3.26
2018.02.23 18:35:18.451,1.06594,1.06596,1.00,1.39
2018.02.23 18:35:18.598,1.06594,1.06598,4.12,1.62
2018.02.23 18:35:19.107,1.06595,1.06598,1.50,1.00
2018.02.23 18:35:20.715,1.06597,1.066,2.25,1.00
2018.02.23 18:35:21.843,1.06597,1.06601,2.62,2.47
2018.02.23 18:35:22.150,1.06599,1.06602,2.62,1.00
2018.02.23 18:35:22.986,1.06602,1.06604,5.25,1.50
2018.02.23 18:35:23.038,1.06604,1.06608,1.87,3.07
2018.02.23 18:35:23.556,1.06605,1.06609,1.50,1.95
2018.02.23 18:35:24.088,1.06606,1.0661,1.50,2.55
2018.02.23 18:35:24.630,1.06606,1.0661,3.45,1.00
2018.02.23 18:35:26.916,1.06606,1.06609,3.45,1.37
2018.02.23 18:35:27.452,1.06606,1.06609,1.12,1.37
2018.02.23 18:35:28.002,1.06606,1.06609,1.12,1.12
2018.02.23 18:35:28.563,1.06607,1.06609,1.00,1.00
2018.02.23 18:35:29.344,1.06608,1.0661,1.12,1.12
2018.02.23 18:35:30.902,1.06607,1.06612,3.75,4.24
2018.02.23 18:35:31.404,1.06607,1.06611,3.00,1.00
2018.02.23 18:35:34.021,1.06607,1.06611,4.20,1.00
2018.02.23 18:35:34.422,1.06605,1.0661,6.07,1.87
2018.02.23 18:35:36.294,1.06605,1.06607,1.00,1.72
2018.02.23 18:35:36.397,1.06603,1.06606,1.87,3.97
2018.02.23 18:35:39.055,1.066,1.06604,1.57,1.50
2018.02.23 18:35:39.603,1.066,1.06603,1.12,2.06
2018.02.23 18:35:42.611,1.06599,1.06603,2.06,2.06
2018.02.23 18:35:46.117,1.06597,1.06598,1.00,1.87
2018.02.23 18:35:46.171,1.06594,1.06598,1.37,1.50
2018.02.23 18:35:48.164,1.06595,1.06598,1.12,1.12
2018.02.23 18:35:48.887,1.06593,1.06597,2.25,1.20
2018.02.23 18:35:58.517,1.06593,1.06597,3.07,1.20
2018.02.23 18:36:04.870,1.06597,1.06598,1.12,1.12
2018.02.23 18:36:04.961,1.06597,1.06601,1.50,2.14
2018.02.23 18:36:05.894,1.06596,1.06601,3.07,1.87
2018.02.23 18:36:07.073,1.06596,1.06601,4.57,1.31
2018.02.23 18:36:11.137,1.06596,1.06601,3.82,2.06
2018.02.23 18:36:11.498,1.06598,1.06602,3.37,2.62
2018.02.23 18:36:14.465,1.06598,1.06601,1.50,1.00
2018.02.23 18:36:14.988,1.06598,1.06602,1.50,4.16
2018.02.23 18:36:15.536,1.06598,1.06601,1.50,1.12
2018.02.23 18:36:16.605,1.06597,1.06601,3.00,1.69
2018.02.23 18:36:18.942,1.06597,1.066,1.87,2.25
2018.02.23 18:36:19.508,1.06598,1.06601,1.00,2.81
2018.02.23 18:36:20.295,1.06597,1.066,1.00,1.00
2018.02.23 18:36:20.812,1.06595,1.066,5.32,1.87
2018.02.23 18:36:24.856,1.06596,1.066,1.50,2.06
2018.02.23 18:36:27.624,1.06596,1.066,1.50,1.87
2018.02.23 18:36:32.071,1.06596,1.066,1.50,2.14
2018.02.23 18:36:33.135,1.06597,1.06601,1.00,1.37
2018.02.23 18:36:36.839,1.06598,1.06602,1.12,4.69
2018.02.23 18:36:37.017,1.066,1.06602,1.00,1.87
2018.02.23 18:36:37.121,1.06601,1.06605,3.45,1.00
2018.02.23 18:36:43.572,1.06602,1.06606,1.50,2.81
2018.02.23 18:36:45.071,1.06602,1.06606,1.50,2.06
2018.02.23 18:36:47.857,1.06606,1.0661,1.87,5.14
2018.02.23 18:36:47.909,1.06608,1.0661,1.87,2.25
2018.02.23 18:36:48.469,1.06608,1.06611,1.00,2.44
2018.02.23 18:36:51.213,1.06608,1.06612,2.62,2.62
2018.02.23 18:36:52.247,1.06608,1.06612,1.37,1.37
2018.02.23 18:36:53.249,1.06608,1.06612,1.87,1.12
2018.02.23 18:36:54.418,1.06609,1.06613,5.62,2.70
2018.02.23 18:36:54.598,1.06612,1.06615,1.00,2.25
2018.02.23 18:36:55.109,1.06612,1.06615,1.00,1.50
2018.02.23 18:36:57.438,1.06611,1.06614,1.87,1.00
2018.02.23 18:36:58.050,1.0661,1.06613,2.02,6.60
2018.02.23 18:36:58.104,1.06608,1.06612,1.12,4.35
2018.02.23 18:37:04.465,1.06608,1.06612,1.87,1.87
2018.02.23 18:37:06.599,1.06608,1.06612,1.00,3.56
2018.02.23 18:37:07.785,1.06608,1.06611,1.00,1.87
2018.02.23 18:37:08.646,1.06608,1.06613,4.50,6.45
2018.02.23 18:37:09.170,1.06609,1.06613,4.12,1.57
2018.02.23 18:37:10.854,1.0661,1.06614,1.87,1.95
2018.02.23 18:37:13.414,1.0661,1.06614,1.87,4.24
2018.02.23 18:37:14.039,1.06611,1.06614,3.75,1.87
2018.02.23 18:37:14.638,1.06612,1.06615,1.00,2.25
2018.02.23 18:37:15.300,1.06612,1.06615,1.12,2.25
2018.02.23 18:37:18.721,1.06612,1.06616,3.75,1.57
2018.02.23 18:37:19.234,1.06613,1.06617,3.00,2.70
2018.02.23 18:37:20.057,1.06612,1.06616,1.50,1.50
2018.02.23 18:37:21.174,1.06612,1.06615,1.12,2.06
2018.02.23 18:37:22.779,1.06614,1.06616,1.00,1.12
2018.02.23 18:37:23.373,1.06615,1.06618,2.25,1.95
2018.02.23 18:37:25.892,1.06613,1.06616,1.37,1.00
2018.02.23 18:37:26.475,1.06612,1.06616,1.37,2.44
2018.02.23 18:37:28.145,1.06612,1.06616,2.62,1.00
2018.02.23 18:37:28.671,1.06612,1.06617,4.57,1.12
2018.02.23 18:37:30.065,1.06613,1.06617,1.00,2.25
2018.02.23 18:37:31.207,1.06612,1.06617,6.45,1.00
2018.02.23 18:37:31.809,1.06613,1.06616,1.00,2.62
2018.02.23 18:37:32.392,1.06612,1.06615,1.00,1.00
2018.02.23 18:37:36.503,1.06611,1.06615,2.62,1.50
2018.02.23 18:37:37.542,1.06611,1.06614,1.00,1.00
2018.02.23 18:37:39.122,1.06609,1.06613,1.95,1.31
2018.02.23 18:37:39.666,1.06609,1.06613,1.37,2.29
2018.02.23 18:37:40.189,1.06608,1.06612,1.00,3.41
2018.02.23 18:37:41.205,1.06609,1.06612,1.00,1.60
2018.02.23 18:37:41.259,1.06609,1.06613,7.12,1.57
2018.02.23 18:37:41.312,1.06611,1.06614,1.50,1.12
2018.02.23 18:37:42.377,1.06611,1.06614,1.50,1.00
2018.02.23 18:37:46.521,1.06612,1.06615,1.00,1.25
2018.02.23 18:37:47.922,1.06611,1.06614,1.12,5.06
2018.02.23 18:37:48.482,1.06609,1.06613,2.25,2.44
2018.02.23 18:37:49.970,1.06609,1.06613,1.12,2.14
2018.02.23 18:37:50.472,1.06609,1.06613,1.37,2.14
2018.02.23 18:37:51.264,1.06607,1.06611,1.87,2.51
2018.02.23 18:37:52.319,1.06607,1.06612,1.37,7.39
2018.02.23 18:37:53.683,1.06607,1.06611,1.87,1.25
2018.02.23 18:38:00.063,1.06607,1.0661,1.00,1.00
2018.02.23 18:38:02.061,1.06607,1.06612,1.87,7.01
2018.02.23 18:38:03.226,1.06606,1.0661,3.37,1.37
2018.02.23 18:38:04.735,1.06607,1.0661,1.12,1.00
2018.02.23 18:38:05.562,1.06606,1.06609,1.57,1.00
2018.02.23 18:38:06.081,1.06605,1.06609,5.06,3.75
2018.02.23 18:38:09.223,1.06606,1.06609,1.87,2.25
2018.02.23 18:38:10.422,1.06607,1.06611,1.00,2.70
2018.02.23 18:38:14.009,1.06606,1.06611,4.57,2.62
2018.02.23 18:38:14.541,1.06607,1.0661,1.87,1.37
2018.02.23 18:38:14.645,1.06608,1.06612,1.87,2.62
2018.02.23 18:38:15.674,1.06608,1.06612,1.37,1.37
2018.02.23 18:38:16.267,1.0661,1.06613,2.62,1.87
2018.02.23 18:38:16.330,1.06611,1.06615,3.37,1.39
2018.02.23 18:38:16.864,1.06611,1.06615,3.37,1.31
2018.02.23 18:38:17.878,1.06611,1.06615,2.25,2.81
2018.02.23 18:38:18.488,1.0661,1.06613,1.25,1.12
2018.02.23 18:38:19.262,1.06608,1.06613,2.70,4.87
2018.02.23 18:38:19.836,1.06608,1.06612,1.12,2.62
2018.02.23 18:38:21.417,1.06607,1.06612,7.39,1.50
2018.02.23 18:38:22.004,1.06607,1.06611,2.62,1.12
2018.02.23 18:38:22.220,1.06608,1.06613,6.19,2.70
2018.02.23 18:38:23.329,1.06609,1.06613,2.36,1.87
2018.02.23 18:38:25.888,1.0661,1.06613,1.00,2.25
2018.02.23 18:38:27.554,1.06609,1.06612,1.12,3.37
2018.02.23 18:38:28.099,1.06608,1.06611,1.50,2.25
2018.02.23 18:38:28.637,1.06607,1.06611,2.25,2.25
2018.02.23 18:38:28.987,1.06606,1.06607,1.00,1.00
2018.02.23 18:38:29.533,1.06603,1.06607,1.75,1.50
2018.02.23 18:38:30.537,1.06603,1.06607,1.37,1.87
2018.02.23 18:38:30.933,1.06602,1.06605,1.00,1.50
2018.02.23 18:38:31.436,1.06602,1.06604,1.00,1.00
2018.02.23 18:38:32.371,1.06606,1.06607,1.87,1.12
2018.02.23 18:38:32.442,1.06606,1.0661,2.62,7.57
2018.02.23 18:38:32.496,1.06608,1.0661,1.12,1.00
2018.02.23 18:38:33.002,1.06608,1.06612,1.37,3.00
2018.02.23 18:38:33.864,1.06607,1.06611,4.57,3.37
2018.02.23 18:38:34.092,1.06606,1.06609,1.95,3.75
2018.02.23 18:38:34.596,1.06606,1.0661,3.75,1.31
2018.02.23 18:38:35.303,1.06606,1.0661,3.75,1.62
2018.02.23 18:38:38.196,1.06606,1.0661,1.00,7.16
2018.02.23 18:38:48.590,1.06606,1.06609,1.00,1.12
2018.02.23 18:38:51.283,1.06605,1.06609,1.69,2.62
2018.02.23 18:38:52.203,1.06605,1.06609,1.25,3.82
2018.02.23 18:38:52.617,1.06602,1.06606,2.70,1.12
2018.02.23 18:38:52.671,1.06601,1.06604,2.62,1.00
2018.02.23 18:38:53.275,1.06601,1.06604,1.50,1.12
2018.02.23 18:38:54.476,1.066,1.06604,2.70,3.75
2018.02.23 18:38:55.248,1.06598,1.06603,5.70,4.72
2018.02.23 18:38:56.032,1.06599,1.06602,1.00,1.00
2018.02.23 18:38:57.078,1.06598,1.06602,1.12,2.81
2018.02.23 18:38:58.694,1.06596,1.06599,1.47,1.87
2018.02.23 18:38:58.827,1.06596,1.06598,1.10,1.00
2018.02.23 18:38:59.384,1.06594,1.06598,2.62,1.00
2018.02.23 18:39:06.394,1.06594,1.06599,2.62,4.57
2018.02.23 18:39:06.935,1.06595,1.06599,2.73,1.87
2018.02.23 18:39:07.756,1.06595,1.06599,2.25,3.00
2018.02.23 18:39:09.993,1.06595,1.06599,2.81,2.62
2018.02.23 18:39:10.355,1.06596,1.066,2.80,1.50
2018.02.23 18:39:10.875,1.06598,1.06601,1.60,1.87
2018.02.23 18:39:16.813,1.06598,1.06601,3.10,1.69
2018.02.23 18:39:19.998,1.06599,1.06602,1.10,2.62
2018.02.23 18:39:20.643,1.06599,1.06604,2.48,4.69
2018.02.23 18:39:21.380,1.066,1.06604,3.42,1.50
2018.02.23 18:39:22.794,1.06603,1.06607,2.40,2.32
2018.02.23 18:39:23.336,1.06604,1.06607,1.20,1.00
2018.02.23 18:39:23.705,1.06605,1.06608,2.62,1.00
2018.02.23 18:39:24.215,1.06606,1.06609,1.00,1.50
2018.02.23 18:39:29.161,1.06606,1.06609,3.45,1.00
2018.02.23 18:39:32.310,1.06605,1.06609,1.57,2.62
2018.02.23 18:39:32.952,1.06605,1.06608,1.00,1.00
2018.02.23 18:39:33.988,1.06603,1.06607,3.26,1.12
2018.02.23 18:39:34.497,1.06603,1.06607,1.37,2.85
2018.02.23 18:39:35.065,1.06603,1.06607,1.12,2.85
2018.02.23 18:39:36.145,1.06604,1.06607,3.37,1.37
2018.02.23 18:39:36.198,1.06605,1.06608,2.25,1.10
2018.02.23 18:39:36.916,1.06605,1.06608,5.25,1.00
2018.02.23 18:39:38.138,1.06605,1.06608,1.50,1.00
2018.02.23 18:39:39.016,1.06604,1.06607,1.50,1.00
2018.02.23 18:39:40.333,1.06603,1.06607,1.00,2.25
2018.02.23 18:39:45.216,1.06602,1.06606,1.00,2.62
2018.02.23 18:39:46.023,1.06602,1.06607,1.95,6.41
2018.02.23 18:39:46.756,1.06604,1.06607,2.51,1.50
2018.02.23 18:39:47.283,1.06605,1.06609,1.50,1.50
2018.02.23 18:39:47.809,1.06604,1.06609,3.75,4.80
2018.02.23 18:39:48.386,1.06605,1.06609,1.50,3.37
2018.02.23 18:39:50.134,1.06605,1.06609,1.50,3.37
2018.02.23 18:39:50.691,1.06605,1.06609,1.50,1.87
2018.02.23 18:39:54.677,1.06606,1.06609,1.00,1.12
2018.02.23 18:39:56.718,1.06605,1.06609,1.87,3.94
2018.02.23 18:39:57.034,1.06604,1.06608,3.75,3.00
2018.02.23 18:39:57.769,1.06604,1.06608,3.75,1.50
2018.02.23 18:39:58.423,1.06605,1.06609,1.87,2.44
2018.02.23 18:39:58.931,1.06605,1.06609,1.87,3.26
2018.02.23 18:40:05.133,1.06605,1.06608,1.00,1.37
2018.02.23 18:40:05.699,1.06604,1.06608,1.20,3.37
2018.02.23 18:40:08.820,1.06604,1.06607,1.00,1.87
2018.02.23 18:40:10.139,1.06604,1.06607,1.00,1.87
2018.02.23 18:40:10.529,1.06605,1.06607,3.75,1.00
2018.02.23 18:40:11.310,1.06606,1.06609,1.00,2.25
2018.02.23 18:40:11.831,1.06606,1.0661,3.45,1.37
2018.02.23 18:40:12.381,1.06606,1.0661,3.45,2.62
2018.02.23 18:40:18.952,1.06606,1.0661,3.55,1.37
2018.02.23 18:40:24.559,1.06606,1.0661,3.45,1.50
2018.02.23 18:40:26.824,1.06606,1.0661,2.80,1.50
2018.02.23 18:40:35.269,1.06606,1.0661,3.45,1.50
2018.02.23 18:40:37.104,1.06606,1.06608,1.12,1.50
2018.02.23 18:40:37.156,1.06604,1.06608,1.95,2.62
2018.02.23 18:40:38.679,1.06604,1.06608,1.12,6.00
2018.02.23 18:40:39.195,1.06602,1.06606,1.95,2.81
2018.02.23 18:40:39.881,1.06602,1.06606,1.57,4.31
2018.02.23 18:40:40.415,1.06602,1.06605,1.10,1.87
2018.02.23 18:40:40.979,1.06601,1.06604,1.10,1.00
2018.02.23 18:40:41.030,1.066,1.06603,1.07,1.50
2018.02.23 18:40:41.082,1.06599,1.06603,1.00,4.87
2018.02.23 18:40:41.624,1.06598,1.06602,2.70,2.62
2018.02.23 18:40:43.833,1.06599,1.06602,3.00,2.62
2018.02.23 18:40:44.733,1.06599,1.06602,1.87,1.00
2018.02.23 18:40:49.478,1.066,1.06603,1.00,1.87
2018.02.23 18:40:50.004,1.066,1.06603,1.10,1.36
2018.02.23 18:40:56.477,1.066,1.06603,1.10,1.61
2018.02.23 18:40:56.995,1.06598,1.06601,2.32,1.31
2018.02.23 18:40:58.044,1.06598,1.06601,1.57,1.31
2018.02.23 18:40:59.565,1.06598,1.06601,3.82,1.31
2018.02.23 18:41:00.151,1.06599,1.06602,5.02,1.00
2018.02.23 18:41:00.811,1.066,1.06603,3.64,1.00
2018.02.23 18:41:03.962,1.066,1.06603,2.89,1.50
2018.02.23 18:41:04.503,1.066,1.06603,1.50,1.50
2018.02.23 18:41:11.154,1.06599,1.06603,1.95,1.87
2018.02.23 18:41:12.657,1.06599,1.06603,1.57,8.62
2018.02.23 18:41:16.164,1.06598,1.06602,4.57,1.87
2018.02.23 18:41:20.692,1.06599,1.06602,1.12,1.50
2018.02.23 18:41:25.735,1.066,1.06602,1.50,1.00
2018.02.23 18:41:26.816,1.066,1.06603,1.57,1.12
2018.02.23 18:41:28.205,1.066,1.06603,1.57,1.37
2018.02.23 18:41:31.192,1.06599,1.06603,1.95,1.87
2018.02.23 18:41:31.718,1.06599,1.06603,3.07,1.50
2018.02.23 18:41:37.912,1.06599,1.06603,1.10,5.44
2018.02.23 18:41:39.564,1.06598,1.06602,1.95,1.87
2018.02.23 18:41:47.578,1.06598,1.06602,1.20,4.12
2018.02.23 18:41:49.132,1.06598,1.06602,1.20,4.12
2018.02.23 18:41:49.239,1.066,1.06604,3.82,3.37
2018.02.23 18:41:49.345,1.06601,1.06604,1.57,1.12
2018.02.23 18:41:49.937,1.06602,1.06606,2.70,2.25
2018.02.23 18:41:50.473,1.06602,1.06606,4.39,1.00
2018.02.23 18:41:50.971,1.06606,1.06608,1.50,2.62
2018.02.23 18:41:51.023,1.06606,1.06609,4.20,1.00
2018.02.23 18:41:51.891,1.06606,1.06609,4.20,1.12
2018.02.23 18:41:52.394,1.06607,1.06611,2.70,1.00
2018.02.23 18:41:53.042,1.06607,1.0661,1.57,1.12
2018.02.23 18:41:53.577,1.06607,1.06612,6.64,2.62
2018.02.23 18:41:55.213,1.0661,1.06614,6.07,1.95
2018.02.23 18:41:55.265,1.06611,1.06614,1.87,1.00
2018.02.23 18:41:55.868,1.06611,1.06614,1.00,1.12
2018.02.23 18:41:56.080,1.06609,1.06613,2.44,1.50
2018.02.23 18:41:56.807,1.06609,1.06613,1.87,1.87
2018.02.23 18:42:00.490,1.0661,1.06612,1.00,1.00
2018.02.23 18:42:01.048,1.06611,1.06613,1.00,1.00
2018.02.23 18:42:01.598,1.06611,1.06614,2.62,1.00
2018.02.23 18:42:02.604,1.0661,1.06615,5.96,1.87
2018.02.23 18:42:03.119,1.06611,1.06614,1.00,1.00
2018.02.23 18:42:03.429,1.06608,1.06613,4.12,3.07
2018.02.23 18:42:04.231,1.06608,1.06612,2.62,1.00
2018.02.23 18:42:13.184,1.06609,1.06613,1.12,3.26
2018.02.23 18:42:13.510,1.06608,1.06611,2.62,1.31
2018.02.23 18:42:13.614,1.06608,1.06611,1.50,1.31
2018.02.23 18:42:15.881,1.06608,1.06611,4.50,1.25
2018.02.23 18:42:17.738,1.0661,1.06612,2.25,1.25
2018.02.23 18:42:17.791,1.06612,1.06614,3.75,2.51
2018.02.23 18:42:18.332,1.06613,1.06616,1.12,2.81
2018.02.23 18:42:27.553,1.06615,1.06617,4.12,3.15
2018.02.23 18:42:27.606,1.06616,1.06618,1.50,1.12
2018.02.23 18:42:27.713,1.06619,1.06621,1.50,1.00
2018.02.23 18:42:28.257,1.06617,1.0662,1.50,1.25
2018.02.23 18:42:28.797,1.06617,1.0662,1.00,1.69
2018.02.23 18:42:30.346,1.06617,1.06619,1.00,1.12
2018.02.23 18:42:30.671,1.06612,1.06616,1.50,2.44
2018.02.23 18:42:36.863,1.06612,1.06615,1.00,1.69
2018.02.23 18:42:37.290,1.0661,1.06613,1.87,1.00
2018.02.23 18:42:37.811,1.06609,1.06612,1.12,2.25
2018.02.23 18:42:39.630,1.06609,1.06613,3.37,2.25
2018.02.23 18:42:40.131,1.0661,1.06613,1.00,1.00
2018.02.23 18:42:43.719,1.0661,1.06614,1.00,7.39
2018.02.23 18:42:45.798,1.06611,1.06613,1.50,1.00
2018.02.23 18:42:51.788,1.06609,1.06611,3.07,1.37
2018.02.23 18:42:51.892,1.06608,1.0661,1.00,1.00
2018.02.23 18:42:52.408,1.06607,1.0661,1.12,3.00
2018.02.23 18:42:52.958,1.06607,1.06611,1.12,7.87
2018.02.23 18:42:54.028,1.06606,1.06609,2.25,1.00
2018.02.23 18:43:01.356,1.06607,1.06609,1.50,1.00
2018.02.23 18:43:01.979,1.06607,1.06612,3.82,6.56
2018.02.23 18:43:02.567,1.06607,1.06611,3.82,1.00
2018.02.23 18:43:04.607,1.06607,1.06612,3.07,9.19
2018.02.23 18:43:04.951,1.06609,1.06613,1.00,3.94
2018.02.23 18:43:05.918,1.06609,1.06612,1.00,1.69
2018.02.23 18:43:11.153,1.06608,1.06612,1.50,1.69
2018.02.23 18:43:13.285,1.06608,1.06613,1.57,6.19
2018.02.23 18:43:17.138,1.06608,1.06612,1.50,2.44
2018.02.23 18:43:21.931,1.06607,1.06611,1.50,2.81
2018.02.23 18:43:23.898,1.06606,1.0661,2.70,1.62
2018.02.23 18:43:24.704,1.06606,1.06609,2.25,1.00
2018.02.23 18:43:25.712,1.06606,1.06609,2.25,1.00
2018.02.23 18:43:26.312,1.06606,1.06608,1.00,2.06
2018.02.23 18:43:26.364,1.06605,1.06608,1.10,2.81
2018.02.23 18:43:26.903,1.06604,1.06608,1.12,4.31
2018.02.23 18:43:27.453,1.06604,1.06608,1.12,4.31
2018.02.23 18:43:28.433,1.06604,1.06608,1.00,3.56
2018.02.23 18:43:28.936,1.06606,1.06609,1.50,3.79
2018.02.23 18:43:29.765,1.06605,1.06609,3.00,1.99
2018.02.23 18:43:35.517,1.06606,1.06608,1.50,1.22
2018.02.23 18:43:36.395,1.06605,1.06608,5.62,1.22
2018.02.23 18:43:41.192,1.06607,1.06609,1.00,1.50
2018.02.23 18:43:41.517,1.06609,1.06612,1.00,2.25
2018.02.23 18:43:42.809,1.0661,1.06612,1.00,1.00
2018.02.23 18:43:43.550,1.06609,1.06612,6.00,1.00
2018.02.23 18:43:53.464,1.06609,1.06613,1.50,4.69
2018.02.23 18:44:02.636,1.06609,1.06612,1.50,1.00
2018.02.23 18:44:10.138,1.06609,1.06613,1.50,4.69
2018.02.23 18:44:15.596,1.06609,1.06612,1.00,1.25
2018.02.23 18:44:16.171,1.06609,1.06612,4.12,1.00
2018.02.23 18:44:19.023,1.06611,1.06612,1.00,1.00
2018.02.23 18:44:19.539,1.0661,1.06612,1.12,1.00
2018.02.23 18:44:22.755,1.06609,1.06612,3.00,1.00
2018.02.23 18:44:23.088,1.06607,1.06612,7.57,3.94
2018.02.23 18:44:23.621,1.06607,1.06611,1.12,4.31
2018.02.23 18:44:24.568,1.06606,1.0661,4.12,2.06
2018.02.23 18:44:24.933,1.06604,1.06607,2.25,1.00
2018.02.23 18:44:25.466,1.06604,1.06608,1.12,4.01
2018.02.23 18:44:26.469,1.06603,1.06607,3.37,1.50
2018.02.23 18:44:27.150,1.06603,1.06607,2.62,1.50
2018.02.23 18:44:29.383,1.06604,1.06608,3.00,4.31
2018.02.23 18:44:29.488,1.06606,1.06609,1.50,1.12
2018.02.23 18:44:30.762,1.06606,1.0661,3.00,1.62
2018.02.23 18:44:33.691,1.06606,1.0661,3.00,1.62
2018.02.23 18:44:36.377,1.06607,1.06611,6.00,2.44
2018.02.23 18:44:38.181,1.06608,1.06611,1.95,1.69
2018.02.23 18:44:38.718,1.06611,1.06613,3.00,1.50
2018.02.23 18:44:38.770,1.06611,1.06613,5.47,1.00
2018.02.23 18:44:38.823,1.06612,1.06616,1.57,7.69
2018.02.23 18:44:41.376,1.06612,1.06615,1.95,1.25
2018.02.23 18:44:43.708,1.06612,1.06614,1.07,1.69
2018.02.23 18:44:43.761,1.06611,1.06613,1.00,1.00
2018.02.23 18:44:44.272,1.0661,1.06613,1.20,1.00
2018.02.23 18:44:46.683,1.0661,1.06614,1.20,4.31
2018.02.23 18:44:52.289,1.0661,1.06613,1.20,2.44
2018.02.23 18:44:54.132,1.0661,1.06613,1.10,1.50
2018.02.23 18:44:54.290,1.06607,1.0661,4.57,1.00
2018.02.23 18:44:55.869,1.06607,1.0661,1.10,1.50
2018.02.23 18:44:56.497,1.06607,1.0661,1.07,1.50
2018.02.23 18:45:00.323,1.06612,1.06613,1.00,1.50
2018.02.23 18:45:00.634,1.06614,1.06618,1.57,4.12
2018.02.23 18:45:01.388,1.06614,1.06617,3.07,1.00
2018.02.23 18:45:01.932,1.06616,1.06621,2.25,4.31
2018.02.23 18:45:02.485,1.06616,1.0662,3.00,2.25
2018.02.23 18:45:02.992,1.06618,1.0662,15.67,2.25
2018.02.23 18:45:03.146,1.06614,1.06618,3.37,3.56
2018.02.23 18:45:03.673,1.06614,1.06618,1.95,2.44
2018.02.23 18:45:04.189,1.06615,1.06618,1.07,2.25
2018.02.23 18:45:04.794,1.06615,1.06618,1.10,2.25
2018.02.23 18:45:06.237,1.06615,1.06619,1.07,3.94
2018.02.23 18:45:06.494,1.06616,1.06619,3.07,1.00
2018.02.23 18:45:07.625,1.06617,1.06619,1.57,1.00
2018.02.23 18:45:09.238,1.06616,1.06619,5.70,1.00
2018.02.23 18:45:10.203,1.06616,1.06619,1.10,2.25
2018.02.23 18:45:10.742,1.06615,1.06619,2.32,2.25
2018.02.23 18:45:12.000,1.06615,1.06618,1.20,2.25
2018.02.23 18:45:13.699,1.06615,1.06617,2.62,1.00
2018.02.23 18:45:13.785,1.06618,1.06621,1.27,3.94
2018.02.23 18:45:14.372,1.06617,1.0662,4.12,1.00
2018.02.23 18:45:14.912,1.06618,1.0662,1.57,1.00
2018.02.23 18:45:25.212,1.06618,1.06621,1.95,1.00
2018.02.23 18:45:26.857,1.06618,1.06622,1.95,2.81
2018.02.23 18:45:27.470,1.06619,1.06621,1.10,1.00
2018.02.23 18:45:30.485,1.06619,1.06623,1.57,6.00
2018.02.23 18:45:30.797,1.06624,1.06627,1.57,3.37
2018.02.23 18:45:36.767,1.06624,1.06627,1.95,1.00
2018.02.23 18:45:37.124,1.06623,1.06625,4.12,1.12
2018.02.23 18:45:37.177,1.06621,1.06624,1.10,5.06
2018.02.23 18:45:39.370,1.06622,1.06626,3.45,1.12
2018.02.23 18:45:39.982,1.06623,1.06626,1.57,1.50
2018.02.23 18:45:41.673,1.06623,1.06626,2.70,1.00
2018.02.23 18:45:42.791,1.06625,1.06629,1.95,2.25
2018.02.23 18:45:42.905,1.06628,1.06631,1.20,1.50
2018.02.23 18:45:43.463,1.06628,1.06631,2.32,2.25
2018.02.23 18:45:44.949,1.06628,1.06632,2.32,2.81
2018.02.23 18:45:45.495,1.06628,1.06632,1.95,2.81
2018.02.23 18:45:45.599,1.06629,1.06632,1.20,2.44
2018.02.23 18:45:46.280,1.06629,1.06632,1.20,2.44
2018.02.23 18:45:47.699,1.06628,1.06632,1.95,2.44
2018.02.23 18:45:49.875,1.06628,1.06632,1.95,2.44
2018.02.23 18:45:51.137,1.06628,1.06632,1.95,2.44
2018.02.23 18:45:52.148,1.06628,1.06632,1.95,3.19
2018.02.23 18:45:52.680,1.06628,1.06632,1.10,6.19
2018.02.23 18:45:53.130,1.06626,1.06629,1.87,2.25
2018.02.23 18:45:53.652,1.06625,1.06629,1.10,3.56
2018.02.23 18:45:54.392,1.06626,1.06628,1.20,1.50
2018.02.23 18:45:55.062,1.06626,1.0663,1.20,3.45
2018.02.23 18:45:55.412,1.0663,1.06633,1.20,3.56
2018.02.23 18:45:55.974,1.0663,1.06633,1.20,3.19
2018.02.23 18:45:57.195,1.06631,1.06635,1.57,3.00
2018.02.23 18:45:57.705,1.06632,1.06635,1.20,2.25
2018.02.23 18:45:59.375,1.06631,1.06633,1.20,1.87
2018.02.23 18:46:02.249,1.0663,1.06634,2.62,2.25
2018.02.23 18:46:02.575,1.06632,1.06635,1.20,3.37
2018.02.23 18:46:03.043,1.06634,1.06635,1.20,1.00
2018.02.23 18:46:03.560,1.06634,1.06636,1.12,1.00
2018.02.23 18:46:04.614,1.06635,1.06636,1.20,1.00
2018.02.23 18:46:07.406,1.06633,1.06636,1.95,1.00
2018.02.23 18:46:07.919,1.06634,1.06636,1.20,1.00
2018.02.23 18:46:08.495,1.06633,1.06636,1.95,1.00
2018.02.23 18:46:08.799,1.06631,1.06634,1.57,1.00
2018.02.23 18:46:09.393,1.0663,1.06634,2.70,1.00
2018.02.23 18:46:10.633,1.0663,1.06634,1.95,1.50
2018.02.23 18:46:11.907,1.06632,1.06634,1.00,1.37
2018.02.23 18:46:11.958,1.06632,1.06636,1.57,1.50
2018.02.23 18:46:12.485,1.06632,1.06636,2.32,1.50
2018.02.23 18:46:16.198,1.06632,1.06634,1.10,1.00
2018.02.23 18:46:16.764,1.0663,1.06634,1.95,3.37
2018.02.23 18:46:18.440,1.0663,1.06633,1.95,1.37
2018.02.23 18:46:21.491,1.06632,1.06635,1.00,1.87
2018.02.23 18:46:23.748,1.06632,1.06636,1.57,2.25
2018.02.23 18:46:23.855,1.06633,1.06635,1.20,1.87
2018.02.23 18:46:24.481,1.06632,1.06636,1.57,3.00
2018.02.23 18:46:25.935,1.06632,1.06636,1.57,3.00
2018.02.23 18:46:29.198,1.06633,1.06637,1.57,3.00
2018.02.23 18:46:29.744,1.06633,1.06637,3.82,1.50
2018.02.23 18:46:31.935,1.06632,1.06635,6.07,1.50
2018.02.23 18:46:32.040,1.06631,1.06634,1.95,1.12
2018.02.23 18:46:34.106,1.06631,1.06635,1.20,3.00
2018.02.23 18:46:35.184,1.06631,1.06635,1.20,3.00
2018.02.23 18:46:37.160,1.0663,1.06633,3.82,1.12
2018.02.23 18:46:37.394,1.06629,1.06633,6.82,2.25
2018.02.23 18:46:37.999,1.06629,1.06633,2.70,2.62
2018.02.23 18:46:47.600,1.06629,1.06633,2.70,6.00
2018.02.23 18:46:49.917,1.06631,1.06633,4.50,1.12
2018.02.23 18:46:50.021,1.06633,1.06636,1.37,1.00
2018.02.23 18:46:50.546,1.06634,1.06637,1.57,1.00
2018.02.23 18:46:59.350,1.06634,1.06637,2.32,1.00
2018.02.23 18:47:00.108,1.06634,1.06637,1.95,1.00
2018.02.23 18:47:00.213,1.06633,1.06637,1.00,4.50
2018.02.23 18:47:00.574,1.06631,1.06634,1.07,1.69
2018.02.23 18:47:01.075,1.0663,1.06634,3.45,1.69
2018.02.23 18:47:04.274,1.0663,1.06634,4.57,1.00
2018.02.23 18:47:08.259,1.0663,1.06635,4.20,4.31
2018.02.23 18:47:09.116,1.06631,1.06635,1.95,2.44
2018.02.23 18:47:09.620,1.06633,1.06635,1.00,1.00
2018.02.23 18:47:10.570,1.06633,1.06637,1.12,4.31
2018.02.23 18:47:11.523,1.06633,1.06637,5.29,1.12
2018.02.23 18:47:19.751,1.06634,1.06638,3.45,3.37
2018.02.23 18:47:25.725,1.06635,1.06638,1.20,1.50
2018.02.23 18:47:27.829,1.06635,1.06639,1.20,6.37
2018.02.23 18:47:36.418,1.06634,1.06638,1.57,2.25
2018.02.23 18:47:37.848,1.06634,1.06639,1.83,5.06
2018.02.23 18:47:41.240,1.06634,1.06638,2.70,2.62
2018.02.23 18:47:42.896,1.06633,1.06638,3.07,5.62
2018.02.23 18:47:47.049,1.06633,1.06637,3.07,1.50
2018.02.23 18:47:49.718,1.06633,1.06637,2.70,1.87
2018.02.23 18:47:51.130,1.06633,1.06637,2.70,1.87
2018.02.23 18:47:53.441,1.06634,1.06637,1.12,1.12
2018.02.23 18:47:54.540,1.06634,1.06637,1.95,1.00
2018.02.23 18:47:59.713,1.06634,1.06638,1.57,2.62
2018.02.23 18:48:06.595,1.06633,1.06635,2.70,1.12
2018.02.23 18:48:06.701,1.06631,1.06635,3.07,1.50
2018.02.23 18:48:08.191,1.06631,1.06635,2.70,1.50
2018.02.23 18:48:10.945,1.06631,1.06634,1.57,2.44
2018.02.23 18:48:11.151,1.06629,1.06633,2.32,1.50
2018.02.23 18:48:13.218,1.06628,1.06632,2.32,2.25
2018.02.23 18:48:13.990,1.06627,1.06629,1.20,1.87
2018.02.23 18:48:14.216,1.06626,1.06629,1.50,1.00
2018.02.23 18:48:14.733,1.06627,1.06629,1.12,1.00
2018.02.23 18:48:15.241,1.06627,1.06631,1.95,1.87
2018.02.23 18:48:23.236,1.06627,1.06631,1.00,6.00
2018.02.23 18:48:35.410,1.06627,1.06631,2.89,2.62
2018.02.23 18:48:36.623,1.06628,1.06631,1.20,1.87
2018.02.23 18:48:37.680,1.06628,1.06631,1.20,1.87
2018.02.23 18:48:38.689,1.06628,1.06631,1.20,1.12
2018.02.23 18:48:39.656,1.06628,1.0663,1.10,1.50
2018.02.23 18:48:39.713,1.06625,1.06628,2.89,2.62
2018.02.23 18:48:40.227,1.06624,1.06627,2.32,1.00
2018.02.23 18:48:40.743,1.06624,1.06628,2.32,6.75
2018.02.23 18:48:52.253,1.06624,1.06627,2.32,1.00
2018.02.23 18:48:54.261,1.06624,1.06628,2.32,6.75
2018.02.23 18:49:03.245,1.06623,1.06626,1.95,1.12
2018.02.23 18:49:03.350,1.06621,1.06623,2.62,2.25
2018.02.23 18:49:03.454,1.06619,1.06622,1.57,1.00
2018.02.23 18:49:05.435,1.06619,1.06622,1.00,1.00
2018.02.23 18:49:07.271,1.06619,1.06623,2.89,1.37
2018.02.23 18:49:07.376,1.06622,1.06625,2.25,1.00
2018.02.23 18:49:11.163,1.06623,1.06626,1.10,1.12
2018.02.23 18:49:12.753,1.06622,1.06625,2.32,1.12
2018.02.23 18:49:12.858,1.06621,1.06625,2.89,1.37
2018.02.23 18:49:14.173,1.06621,1.06624,1.50,3.75
2018.02.23 18:49:14.685,1.0662,1.06623,3.00,1.00
2018.02.23 18:49:15.187,1.0662,1.06623,1.50,1.50
2018.02.23 18:49:18.593,1.06618,1.06622,7.01,3.75
2018.02.23 18:49:22.662,1.0662,1.06623,1.00,3.00
2018.02.23 18:49:38.714,1.06618,1.06622,3.07,2.25
2018.02.23 18:49:39.288,1.06618,1.06622,3.82,3.00
2018.02.23 18:49:39.832,1.06618,1.06621,3.45,1.00
2018.02.23 18:49:43.598,1.06618,1.06621,1.95,1.00
2018.02.23 18:49:46.253,1.06617,1.0662,1.20,1.87
2018.02.23 18:49:46.357,1.06615,1.06619,3.26,1.00
2018.02.23 18:49:46.921,1.06615,1.06619,1.01,3.22
2018.02.23 18:49:48.033,1.06615,1.06619,1.01,3.97
2018.02.23 18:49:51.301,1.06615,1.06619,1.01,2.47
2018.02.23 18:49:52.251,1.06616,1.06621,2.32,2.85
2018.02.23 18:49:52.354,1.06617,1.06621,2.32,1.50
2018.02.23 18:49:52.867,1.06617,1.06621,4.24,1.50
2018.02.23 18:49:54.748,1.06618,1.06621,2.55,1.00
2018.02.23 18:49:55.854,1.06618,1.06622,1.72,2.62
2018.02.23 18:50:00.315,1.06621,1.06623,2.25,4.87
2018.02.23 18:50:00.367,1.06622,1.06626,6.37,1.95
2018.02.23 18:50:00.875,1.06623,1.06627,1.47,1.50
2018.02.23 18:50:01.924,1.06623,1.06627,1.20,2.25
2018.02.23 18:50:04.176,1.06622,1.06626,5.14,1.87
2018.02.23 18:50:04.701,1.06621,1.06625,5.14,1.67
2018.02.23 18:50:06.365,1.06621,1.06625,4.95,1.72
2018.02.23 18:50:18.729,1.06621,1.06624,4.57,1.00
2018.02.23 18:50:27.711,1.06622,1.06625,1.31,1.12
2018.02.23 18:50:29.529,1.06622,1.06625,1.12,1.50
2018.02.23 18:50:31.500,1.06621,1.06625,2.06,2.25
2018.02.23 18:50:31.810,1.06619,1.06622,1.50,1.50
2018.02.23 18:50:33.704,1.06619,1.06622,1.50,1.50
2018.02.23 18:50:41.767,1.06618,1.06621,1.00,1.50
2018.02.23 18:50:42.804,1.06617,1.06621,4.12,2.25
2018.02.23 18:50:46.054,1.06617,1.06621,4.12,1.87
2018.02.23 18:50:50.958,1.06619,1.06622,4.87,6.45
2018.02.23 18:50:51.011,1.06622,1.06624,3.37,2.25
2018.02.23 18:50:51.530,1.06622,1.06625,1.50,2.25
2018.02.23 18:50:55.777,1.06622,1.06624,1.50,1.12
2018.02.23 18:50:56.304,1.06621,1.06624,1.50,2.25
2018.02.23 18:51:00.243,1.0662,1.06623,2.70,4.12
2018.02.23 18:51:00.762,1.06622,1.06625,1.00,1.47
2018.02.23 18:51:00.814,1.06622,1.06625,1.12,1.12
2018.02.23 18:51:01.349,1.06621,1.06625,2.62,2.62
2018.02.23 18:51:02.457,1.06621,1.06625,2.62,2.25
2018.02.23 18:51:03.007,1.06621,1.06625,5.44,2.25
2018.02.23 18:51:04.762,1.06621,1.06625,5.81,2.25
2018.02.23 18:51:08.726,1.06621,1.06625,1.87,4.95
2018.02.23 18:51:11.220,1.0662,1.06624,5.89,3.00
2018.02.23 18:51:11.753,1.06619,1.06622,4.87,1.12
2018.02.23 18:51:12.427,1.06619,1.06622,4.12,1.37
2018.02.23 18:51:16.893,1.06618,1.06622,3.00,1.50
2018.02.23 18:51:24.623,1.06619,1.06622,1.00,2.25
2018.02.23 18:51:38.000,1.06619,1.06622,1.00,2.25
2018.02.23 18:51:42.440,1.06618,1.06622,1.87,3.37
2018.02.23 18:51:47.214,1.06619,1.06622,1.00,1.87
2018.02.23 18:51:48.154,1.06619,1.06622,1.12,1.12
2018.02.23 18:51:51.036,1.06619,1.06622,1.87,1.00
2018.02.23 18:51:52.309,1.06619,1.06622,1.50,1.12
2018.02.23 18:51:53.136,1.06619,1.06622,1.87,1.00
2018.02.23 18:51:58.698,1.0662,1.06624,6.19,2.32
2018.02.23 18:51:59.203,1.06621,1.06625,1.87,3.00
2018.02.23 18:52:09.155,1.06621,1.06625,2.62,2.25
2018.02.23 18:52:11.101,1.06621,1.06623,1.12,2.62
2018.02.23 18:52:11.154,1.06619,1.06623,4.01,4.12
2018.02.23 18:52:11.751,1.06619,1.06622,1.00,1.50
2018.02.23 18:52:13.100,1.06619,1.06622,2.25,1.37
2018.02.23 18:52:13.412,1.06622,1.06625,1.31,2.32
2018.02.23 18:52:13.516,1.06622,1.06626,3.56,1.00
2018.02.23 18:52:14.288,1.06623,1.06625,1.00,1.00
2018.02.23 18:52:14.801,1.06623,1.06624,1.00,1.00
2018.02.23 18:52:14.879,1.06623,1.06626,1.00,1.00
2018.02.23 18:52:15.254,1.06622,1.06625,4.31,1.37
2018.02.23 18:52:15.781,1.06621,1.06624,1.00,1.37
2018.02.23 18:52:17.920,1.0662,1.06623,1.00,3.75
2018.02.23 18:52:18.439,1.06619,1.06623,4.87,6.45
2018.02.23 18:52:18.988,1.06619,1.06622,1.12,1.87
2018.02.23 18:52:20.055,1.06618,1.06623,3.56,2.32
2018.02.23 18:52:22.082,1.06619,1.06623,2.44,1.47
2018.02.23 18:52:22.961,1.0662,1.06624,2.25,3.45
2018.02.23 18:52:23.600,1.06621,1.06626,5.51,1.87
2018.02.23 18:52:24.183,1.06621,1.06625,5.51,1.00
2018.02.23 18:52:24.501,1.06623,1.06627,4.87,2.25
2018.02.23 18:52:24.555,1.06622,1.06626,1.20,1.87
2018.02.23 18:52:24.928,1.0662,1.06624,1.10,3.75
2018.02.23 18:52:25.242,1.06622,1.06626,3.75,2.91
2018.02.23 18:52:26.101,1.06622,1.06626,3.45,1.50
2018.02.23 18:52:26.790,1.06622,1.06626,1.50,2.25
2018.02.23 18:52:27.705,1.06622,1.06626,2.25,1.50
2018.02.23 18:52:28.256,1.06623,1.06627,1.00,4.87
2018.02.23 18:52:30.076,1.06622,1.06626,5.81,3.75
2018.02.23 18:52:30.675,1.06622,1.06626,1.00,4.50
2018.02.23 18:52:34.660,1.06622,1.06626,1.19,3.00
2018.02.23 18:52:35.215,1.06622,1.06626,1.25,3.00
2018.02.23 18:52:35.881,1.06621,1.06625,2.51,1.37
2018.02.23 18:52:40.217,1.0662,1.06623,1.95,2.62
2018.02.23 18:52:40.321,1.06618,1.06622,2.70,1.00
2018.02.23 18:52:40.837,1.06619,1.06623,2.14,1.37
2018.02.23 18:52:41.864,1.0662,1.06624,3.26,1.37
2018.02.23 18:52:42.401,1.06621,1.06624,1.00,1.87
2018.02.23 18:52:43.421,1.06621,1.06624,1.00,1.87
2018.02.23 18:52:44.022,1.0662,1.06624,1.12,2.62
2018.02.23 18:52:44.811,1.0662,1.06624,5.06,1.37
2018.02.23 18:52:45.601,1.06623,1.06625,1.00,1.37
2018.02.23 18:52:45.655,1.06623,1.06627,1.25,1.57
2018.02.23 18:52:46.236,1.06623,1.06627,3.19,2.25
2018.02.23 18:52:50.304,1.06623,1.06626,1.00,1.37
2018.02.23 18:52:50.356,1.06621,1.06624,1.95,1.10
2018.02.23 18:52:58.080,1.06621,1.06626,2.89,3.37
2018.02.23 18:52:58.507,1.06623,1.06626,2.62,1.12
2018.02.23 18:52:59.765,1.06623,1.06628,2.70,3.37
2018.02.23 18:53:01.927,1.06623,1.06627,1.87,1.50
2018.02.23 18:53:16.708,1.06623,1.06627,1.47,1.50
2018.02.23 18:53:20.171,1.06622,1.06625,3.26,1.12
2018.02.23 18:53:20.755,1.06622,1.06625,1.31,1.37
2018.02.23 18:53:20.808,1.06621,1.06622,1.87,1.00
2018.02.23 18:53:21.317,1.06619,1.06622,1.37,1.12
2018.02.23 18:53:22.334,1.06619,1.06622,1.37,1.37
2018.02.23 18:53:22.888,1.06618,1.06622,1.62,1.50
2018.02.23 18:53:24.367,1.06618,1.06622,1.31,2.25
2018.02.23 18:53:26.059,1.06617,1.06619,3.64,1.37
2018.02.23 18:53:26.573,1.06615,1.06619,1.69,2.62
2018.02.23 18:53:27.632,1.06616,1.0662,1.87,3.07
2018.02.23 18:53:28.148,1.06616,1.06621,1.31,4.57
2018.02.23 18:53:32.795,1.06616,1.06621,1.50,3.45
2018.02.23 18:53:33.885,1.06616,1.0662,3.37,1.12
2018.02.23 18:53:34.402,1.06616,1.0662,1.87,1.87
2018.02.23 18:53:36.354,1.06615,1.06619,1.10,5.32
2018.02.23 18:53:36.858,1.06614,1.06618,1.87,2.25
2018.02.23 18:53:37.631,1.06614,1.06618,1.87,2.25
2018.02.23 18:53:39.077,1.06614,1.06618,1.87,2.25
2018.02.23 18:53:40.197,1.06614,1.06618,1.00,4.95
2018.02.23 18:53:42.406,1.06612,1.06616,1.87,3.00
2018.02.23 18:53:48.054,1.06611,1.06615,6.45,1.50
2018.02.23 18:53:48.649,1.06611,1.06615,1.25,3.07
2018.02.23 18:53:49.281,1.06611,1.06615,1.69,1.57
2018.02.23 18:53:51.422,1.06612,1.06615,1.00,1.00
2018.02.23 18:53:59.934,1.06611,1.06615,4.20,1.50
2018.02.23 18:54:01.835,1.06611,1.06615,3.56,1.50
2018.02.23 18:54:04.633,1.06611,1.06616,2.81,2.70
2018.02.23 18:54:05.211,1.06612,1.06615,1.00,1.00
2018.02.23 18:54:06.712,1.06612,1.06617,6.37,3.45
2018.02.23 18:54:07.695,1.06612,1.06617,6.37,3.45
2018.02.23 18:54:08.823,1.06612,1.06617,7.12,3.45
2018.02.23 18:54:12.533,1.06614,1.06617,1.62,1.20
2018.02.23 18:54:13.078,1.06616,1.0662,2.62,3.00
2018.02.23 18:54:17.512,1.06617,1.0662,2.06,1.37
2018.02.23 18:54:17.945,1.06618,1.0662,3.00,1.00
2018.02.23 18:54:18.101,1.06623,1.06625,1.00,1.50
2018.02.23 18:54:18.651,1.06623,1.06626,5.06,1.00
2018.02.23 18:54:19.242,1.06622,1.06627,4.69,3.45
2018.02.23 18:54:19.958,1.06622,1.06626,2.81,1.50
2018.02.23 18:54:20.740,1.06621,1.06626,4.39,1.87
2018.02.23 18:54:24.578,1.06621,1.06623,1.12,1.87
2018.02.23 18:54:24.760,1.06619,1.06623,1.00,4.12
2018.02.23 18:54:25.697,1.06619,1.06623,1.00,4.20
2018.02.23 18:54:26.211,1.0662,1.06624,2.89,1.50
2018.02.23 18:54:26.793,1.0662,1.06625,4.01,2.62
2018.02.23 18:54:27.151,1.0662,1.06622,2.32,1.37
2018.02.23 18:54:27.664,1.06619,1.06622,1.69,1.37
2018.02.23 18:54:28.685,1.06619,1.06623,6.56,1.50
2018.02.23 18:54:28.790,1.06621,1.06625,1.12,2.25
2018.02.23 18:54:35.010,1.0662,1.06623,1.00,4.12
2018.02.23 18:54:35.526,1.06618,1.06622,1.37,2.25
2018.02.23 18:54:36.155,1.06618,1.06622,1.12,3.00
2018.02.23 18:54:37.150,1.06618,1.06619,1.87,1.00
2018.02.23 18:54:37.202,1.06614,1.06618,2.25,4.12
2018.02.23 18:54:37.356,1.06613,1.06616,2.44,1.00
2018.02.23 18:54:45.958,1.06615,1.06619,7.39,1.50
2018.02.23 18:54:47.307,1.06615,1.06618,2.25,1.87
2018.02.23 18:54:47.411,1.06613,1.06618,2.89,5.62
2018.02.23 18:54:54.159,1.06613,1.06617,1.69,2.32
2018.02.23 18:54:55.740,1.06612,1.06616,2.81,1.00
2018.02.23 18:54:56.004,1.06614,1.06617,2.06,1.50
2018.02.23 18:54:56.531,1.06613,1.06617,3.64,1.00
2018.02.23 18:54:57.640,1.06613,1.06618,2.14,6.00
2018.02.23 18:55:00.177,1.06613,1.06618,2.14,8.25
2018.02.23 18:55:01.777,1.06614,1.06618,1.69,2.70
2018.02.23 18:55:01.934,1.06617,1.06621,1.31,1.50
2018.02.23 18:55:03.957,1.06617,1.06618,1.00,1.12
2018.02.23 18:55:04.065,1.06614,1.06618,1.95,3.75
2018.02.23 18:55:05.733,1.06614,1.06618,1.31,4.50
2018.02.23 18:55:06.378,1.06614,1.06619,4.01,3.00
2018.02.23 18:55:08.085,1.06615,1.06618,1.25,1.00
2018.02.23 18:55:09.666,1.06616,1.0662,1.12,2.62
2018.02.23 18:55:10.634,1.06616,1.0662,6.26,1.00
2018.02.23 18:55:11.157,1.06618,1.06621,1.10,1.00
2018.02.23 18:55:12.057,1.06617,1.06622,6.26,3.37
2018.02.23 18:55:18.476,1.06617,1.0662,1.20,1.37
2018.02.23 18:55:19.024,1.06617,1.06621,2.14,1.50
2018.02.23 18:55:22.572,1.06617,1.06622,2.70,3.75
2018.02.23 18:55:27.823,1.06618,1.06622,4.76,3.00
2018.02.23 18:55:28.393,1.06618,1.06621,5.14,1.00
2018.02.23 18:55:31.820,1.06618,1.06622,4.01,3.75
2018.02.23 18:55:32.353,1.06618,1.06621,3.26,1.00
2018.02.23 18:55:34.976,1.06618,1.06623,4.01,8.25
2018.02.23 18:55:36.109,1.06621,1.06623,1.87,3.75
2018.02.23 18:55:36.212,1.06621,1.06626,6.49,3.37
2018.02.23 18:55:42.850,1.06622,1.06627,5.14,3.75
2018.02.23 18:55:42.953,1.06623,1.06627,1.00,2.62
2018.02.23 18:55:49.102,1.06622,1.06624,3.64,6.75
2018.02.23 18:55:49.156,1.06619,1.06622,1.12,1.00
2018.02.23 18:55:50.829,1.06619,1.06623,1.00,7.87
2018.02.23 18:55:52.332,1.06619,1.06622,1.00,1.00
2018.02.23 18:55:53.383,1.06619,1.06622,1.00,2.62
2018.02.23 18:55:55.720,1.06619,1.06623,2.89,4.50
2018.02.23 18:55:56.990,1.0662,1.06623,1.00,2.62
2018.02.23 18:55:57.570,1.0662,1.06624,2.89,1.37
2018.02.23 18:55:58.137,1.0662,1.06624,2.89,1.12
2018.02.23 18:56:00.992,1.0662,1.06624,2.70,1.87
2018.02.23 18:56:03.470,1.0662,1.06622,1.95,1.00
2018.02.23 18:56:03.573,1.06618,1.06622,3.56,1.87
2018.02.23 18:56:06.669,1.06617,1.0662,3.64,1.12
2018.02.23 18:56:06.791,1.06616,1.06617,1.50,1.00
2018.02.23 18:56:06.846,1.06613,1.06617,3.94,1.50
2018.02.23 18:56:07.501,1.06613,1.06616,2.44,1.00
2018.02.23 18:56:11.580,1.06613,1.06616,1.25,4.12
2018.02.23 18:56:15.675,1.06611,1.06615,3.26,5.25
2018.02.23 18:56:22.855,1.06611,1.06615,1.25,6.45
2018.02.23 18:56:31.242,1.06611,1.06615,2.06,6.37
2018.02.23 18:56:39.764,1.06609,1.06612,1.57,2.25
2018.02.23 18:56:39.869,1.06607,1.06611,3.56,1.37
2018.02.23 18:56:44.391,1.06608,1.06611,1.25,1.50
2018.02.23 18:56:44.444,1.0661,1.06611,1.25,1.00
2018.02.23 18:56:44.549,1.0661,1.06613,2.06,1.12
2018.02.23 18:56:45.931,1.0661,1.06613,3.19,1.00
2018.02.23 18:56:56.432,1.0661,1.06614,3.56,1.00
2018.02.23 18:56:58.913,1.0661,1.06615,2.81,6.45
2018.02.23 18:56:59.814,1.06612,1.06615,1.00,2.25
2018.02.23 18:57:00.896,1.06612,1.06615,1.25,1.00
2018.02.23 18:57:03.981,1.06612,1.06616,1.25,5.62
2018.02.23 18:57:05.106,1.06612,1.06615,1.69,1.00
2018.02.23 18:57:12.291,1.06612,1.06614,1.87,1.50
2018.02.23 18:57:12.831,1.06611,1.06615,2.06,1.12
2018.02.23 18:57:14.433,1.06611,1.06615,2.06,1.37
2018.02.23 18:57:15.760,1.06611,1.06615,1.12,2.70
2018.02.23 18:57:21.821,1.0661,1.06614,2.06,2.32
2018.02.23 18:57:22.924,1.0661,1.06614,1.31,2.32
2018.02.23 18:57:24.425,1.0661,1.06615,3.56,4.57
2018.02.23 18:57:28.484,1.06611,1.06614,1.69,1.00
2018.02.23 18:57:30.185,1.06612,1.06616,1.00,3.00
2018.02.23 18:57:30.446,1.06613,1.06617,1.12,3.82
2018.02.23 18:57:33.923,1.06613,1.06617,2.25,2.32
2018.02.23 18:57:44.748,1.06613,1.06617,1.87,4.57
2018.02.23 18:57:46.332,1.06613,1.06617,1.12,10.20
2018.02.23 18:57:49.344,1.06612,1.06615,2.44,1.12
2018.02.23 18:57:55.362,1.06613,1.06615,1.00,1.12
2018.02.23 18:57:59.545,1.06613,1.06616,1.87,1.12
2018.02.23 18:58:00.067,1.06614,1.06616,1.00,1.12
2018.02.23 18:58:00.121,1.06617,1.0662,1.50,1.87
2018.02.23 18:58:00.380,1.06619,1.06621,1.50,1.12
2018.02.23 18:58:00.917,1.06619,1.06623,4.69,3.45
2018.02.23 18:58:01.514,1.06621,1.06623,1.31,3.07
2018.02.23 18:58:01.566,1.06621,1.06626,4.31,3.82
2018.02.23 18:58:02.133,1.06621,1.06626,3.64,3.00
2018.02.23 18:58:03.150,1.06621,1.06626,3.64,3.00
2018.02.23 18:58:05.844,1.0662,1.06624,2.70,4.87
2018.02.23 18:58:07.810,1.0662,1.06623,1.87,1.50
2018.02.23 18:58:19.807,1.06619,1.06623,2.81,5.32
2018.02.23 18:58:20.310,1.06619,1.06621,1.00,1.50
2018.02.23 18:58:20.826,1.06618,1.06621,1.31,1.87
2018.02.23 18:58:21.357,1.06618,1.0662,1.00,1.00
2018.02.23 18:58:22.289,1.06619,1.06621,1.25,3.00
2018.02.23 18:58:23.050,1.06618,1.06621,1.00,1.50
2018.02.23 18:58:28.945,1.06618,1.06621,2.25,1.12
2018.02.23 18:58:29.494,1.06619,1.06622,1.87,1.87
2018.02.23 18:58:29.996,1.06619,1.06622,2.25,1.87
2018.02.23 18:58:30.941,1.06619,1.06621,1.12,1.00
2018.02.23 18:58:32.163,1.06618,1.06621,2.06,1.50
2018.02.23 18:58:34.292,1.06618,1.06621,2.81,1.12
2018.02.23 18:58:35.163,1.0662,1.06623,2.44,1.37
2018.02.23 18:58:35.474,1.06628,1.06633,3.19,1.47
2018.02.23 18:58:35.993,1.0663,1.06634,1.25,3.15
2018.02.23 18:58:37.008,1.0663,1.06634,1.31,3.15
2018.02.23 18:58:41.499,1.06631,1.06635,1.50,3.82
2018.02.23 18:58:41.755,1.06632,1.06635,1.31,1.12
2018.02.23 18:58:43.955,1.06631,1.06635,2.14,4.12
2018.02.23 18:58:44.536,1.06631,1.06634,1.12,1.12
2018.02.23 18:58:46.463,1.06631,1.06634,1.12,1.37
2018.02.23 18:58:49.246,1.06634,1.06638,1.12,4.20
2018.02.23 18:58:49.350,1.06634,1.06639,1.69,6.07
2018.02.23 18:58:53.096,1.06634,1.06638,4.31,1.87
2018.02.23 18:58:53.690,1.06635,1.06638,1.00,1.12
2018.02.23 18:58:55.094,1.06634,1.06638,4.31,1.37
2018.02.23 18:58:58.052,1.06634,1.06637,1.50,1.50
2018.02.23 18:58:59.043,1.06633,1.06637,1.12,2.25
2018.02.23 18:58:59.571,1.06633,1.06637,1.00,5.25
2018.02.23 18:59:00.036,1.06631,1.06635,1.25,3.37
2018.02.23 18:59:02.588,1.06632,1.06634,4.50,1.12
2018.02.23 18:59:02.639,1.06632,1.06636,3.75,1.00
2018.02.23 18:59:08.397,1.06633,1.06637,1.62,2.70
2018.02.23 18:59:10.975,1.06633,1.06636,1.12,1.00
2018.02.23 18:59:16.941,1.06633,1.06637,1.37,2.25
2018.02.23 18:59:17.468,1.06634,1.06637,1.50,1.00
2018.02.23 18:59:18.690,1.06633,1.06635,1.87,1.50
2018.02.23 18:59:19.228,1.06632,1.06635,1.12,1.00
2018.02.23 18:59:24.592,1.06632,1.06635,1.12,4.69
2018.02.23 18:59:25.289,1.0663,1.06634,1.87,4.20
2018.02.23 18:59:33.961,1.06633,1.06634,1.00,1.95
2018.02.23 18:59:34.014,1.06634,1.06638,1.31,3.07
2018.02.23 18:59:36.003,1.06633,1.06635,1.00,1.00
2018.02.23 18:59:36.516,1.06632,1.06635,1.87,1.00
2018.02.23 18:59:38.055,1.06631,1.06634,1.00,1.12
2018.02.23 18:59:38.593,1.0663,1.06634,2.62,1.57
2018.02.23 18:59:40.541,1.0663,1.06634,5.62,1.69
2018.02.23 18:59:41.056,1.0663,1.06634,1.50,1.76
2018.02.23 18:59:42.092,1.0663,1.06634,1.50,2.89
2018.02.23 18:59:44.051,1.0663,1.06634,1.57,2.51
2018.02.23 18:59:46.329,1.0663,1.06634,1.57,1.76
2018.02.23 18:59:47.112,1.0663,1.06634,5.70,1.76
2018.02.23 18:59:47.627,1.06631,1.06635,1.95,2.06
2018.02.23 18:59:47.783,1.0663,1.06632,1.10,1.50
2018.02.23 18:59:47.890,1.06628,1.06631,1.20,1.62
2018.02.23 18:59:52.362,1.06629,1.06633,1.20,3.94
2018.02.23 18:59:53.175,1.06628,1.06632,1.57,1.69
2018.02.23 18:59:53.519,1.06629,1.06632,5.06,1.50
2018.02.23 18:59:54.050,1.0663,1.06634,2.32,4.01
