2016.04.06 21:00:00.156,1.09789,1.09797,0.75,0.75
2016.04.06 21:00:00.682,1.09786,1.09797,0.75,0.75
2016.04.06 21:00:02.167,1.09791,1.09802,0.75,0.75
2016.04.06 21:00:02.361,1.09779,1.09804,0.37,0.75
2016.04.06 21:00:02.564,1.09777,1.09804,0.75,2.41
2016.04.06 21:00:02.861,1.09777,1.09812,0.75,0.37
2016.04.06 21:00:03.465,1.09777,1.09822,0.75,0.75
2016.04.06 21:00:07.071,1.09778,1.09821,0.75,0.75
2016.04.06 21:00:08.471,1.09775,1.09818,0.75,0.75
2016.04.06 21:00:09.235,1.09775,1.09817,0.75,0.75
2016.04.06 21:00:10.788,1.09777,1.09815,0.75,0.75
2016.04.06 21:00:11.607,1.09777,1.09813,0.75,0.60
2016.04.06 21:00:15.299,1.09777,1.09811,0.75,0.60
2016.04.06 21:00:38.532,1.09786,1.09819,0.75,0.45
2016.04.06 21:00:38.941,1.09788,1.0982,0.75,0.60
2016.04.06 21:00:40.351,1.09788,1.09821,0.75,0.60
2016.04.06 21:00:42.731,1.09788,1.0982,0.75,0.60
2016.04.06 21:00:42.781,1.09786,1.0982,0.75,0.60
2016.04.06 21:00:42.832,1.09786,1.09818,0.75,0.60
2016.04.06 21:00:42.882,1.09783,1.09818,0.75,0.60
2016.04.06 21:00:43.731,1.09783,1.09817,0.75,0.60
2016.04.06 21:01:17.982,1.0979,1.09817,0.75,0.60
2016.04.06 21:01:18.761,1.0979,1.09818,0.75,1.27
2016.04.06 21:01:19.182,1.09783,1.09818,0.75,1.27
2016.04.06 21:01:39.374,1.09781,1.09818,0.75,2.02
2016.04.06 21:02:05.995,1.09781,1.09811,0.75,0.75
2016.04.06 21:02:18.851,1.0978,1.09811,0.75,0.75
2016.04.06 21:02:19.521,1.0978,1.0981,0.75,0.75
2016.04.06 21:02:35.242,1.09781,1.0981,0.75,0.75
2016.04.06 21:02:35.995,1.09781,1.09811,0.75,0.75
2016.04.06 21:02:40.051,1.09782,1.09811,0.75,0.75
2016.04.06 21:02:40.635,1.09782,1.09812,0.75,0.75
2016.04.06 21:03:27.952,1.09782,1.09818,0.75,1.05
2016.04.06 21:03:28.953,1.09787,1.09818,0.75,0.60
2016.04.06 21:03:29.990,1.09788,1.09818,0.75,0.60
2016.04.06 21:03:31.393,1.09791,1.09813,0.75,0.75
2016.04.06 21:03:44.819,1.09792,1.09814,0.75,0.75
2016.04.06 21:03:59.360,1.09792,1.09813,0.75,0.60
2016.04.06 21:03:59.663,1.09801,1.09813,0.75,2.10
2016.04.06 21:04:00.194,1.09802,1.09813,0.75,2.10
2016.04.06 21:04:01.545,1.09803,1.09813,0.75,2.10
2016.04.06 21:04:03.497,1.09804,1.09813,1.00,2.10
2016.04.06 21:04:06.455,1.09803,1.09813,1.00,2.10
2016.04.06 21:04:08.001,1.09804,1.09813,1.00,2.10
2016.04.06 21:04:19.830,1.09803,1.09813,1.00,2.10
2016.04.06 21:04:23.524,1.09793,1.09813,1.42,2.10
2016.04.06 21:04:24.532,1.09793,1.09813,1.65,2.10
2016.04.06 21:04:28.123,1.09804,1.09813,1.00,2.10
2016.04.06 21:04:50.683,1.09804,1.09816,1.00,2.29
2016.04.06 21:04:51.222,1.09803,1.09816,1.00,2.10
2016.04.06 21:04:53.159,1.09803,1.09813,1.00,2.10
2016.04.06 21:04:53.261,1.09801,1.09813,1.00,2.10
2016.04.06 21:05:00.980,1.09806,1.09813,1.00,2.10
2016.04.06 21:05:02.584,1.09806,1.09817,1.00,1.19
2016.04.06 21:05:05.396,1.09806,1.09812,1.00,1.00
2016.04.06 21:05:17.465,1.09806,1.09814,1.00,1.00
2016.04.06 21:05:27.672,1.09806,1.09817,1.00,1.19
2016.04.06 21:05:27.723,1.09802,1.09808,1.00,1.00
2016.04.06 21:05:31.225,1.098,1.09808,1.00,1.00
2016.04.06 21:05:53.257,1.09798,1.09808,1.50,1.00
2016.04.06 21:05:58.309,1.09798,1.09805,1.00,1.00
2016.04.06 21:05:58.461,1.09794,1.09804,1.12,1.00
2016.04.06 21:05:58.512,1.09787,1.098,1.87,1.00
2016.04.06 21:05:58.614,1.09786,1.09797,1.00,1.00
2016.04.06 21:05:58.665,1.09784,1.09797,1.00,1.00
2016.04.06 21:05:58.716,1.09784,1.0979,1.00,1.00
2016.04.06 21:06:15.963,1.09786,1.0979,1.00,1.00
2016.04.06 21:06:16.014,1.09786,1.09793,1.00,1.00
2016.04.06 21:06:16.739,1.09786,1.09792,1.00,1.00
2016.04.06 21:06:17.126,1.09786,1.09797,1.00,1.00
2016.04.06 21:06:17.798,1.09786,1.09799,1.00,1.19
2016.04.06 21:06:19.651,1.09788,1.09798,1.00,1.00
2016.04.06 21:06:19.904,1.09788,1.098,1.00,1.50
2016.04.06 21:06:26.577,1.09788,1.09801,1.50,1.00
2016.04.06 21:06:26.628,1.09788,1.09801,1.00,1.69
2016.04.06 21:06:27.134,1.09787,1.098,1.50,1.69
2016.04.06 21:06:30.109,1.09787,1.098,1.50,1.69
2016.04.06 21:06:32.549,1.09787,1.09794,1.00,1.00
2016.04.06 21:06:32.613,1.09785,1.09794,1.00,1.00
2016.04.06 21:06:32.664,1.09788,1.09799,1.00,1.50
2016.04.06 21:06:36.160,1.09787,1.09799,1.00,1.50
2016.04.06 21:06:51.328,1.09787,1.098,1.00,1.69
2016.04.06 21:06:53.647,1.09787,1.09799,1.00,1.00
2016.04.06 21:06:53.801,1.09786,1.09797,1.00,1.00
2016.04.06 21:06:54.056,1.09787,1.09799,1.00,1.00
2016.04.06 21:06:54.900,1.09788,1.09799,1.00,1.00
2016.04.06 21:06:55.002,1.09789,1.09801,1.00,1.00
2016.04.06 21:06:55.103,1.09791,1.09801,1.00,1.00
2016.04.06 21:06:56.205,1.09791,1.098,1.00,1.00
2016.04.06 21:07:06.649,1.09791,1.09805,1.00,1.00
2016.04.06 21:07:06.701,1.09791,1.09808,1.00,2.25
2016.04.06 21:07:10.054,1.09791,1.09807,1.00,1.69
2016.04.06 21:07:10.359,1.09794,1.09806,1.00,1.50
2016.04.06 21:07:24.993,1.09794,1.09804,1.00,1.00
2016.04.06 21:07:25.313,1.09797,1.09803,1.00,1.00
2016.04.06 21:07:25.896,1.09797,1.0981,1.00,1.00
2016.04.06 21:07:25.946,1.09795,1.0981,1.00,1.00
2016.04.06 21:07:26.048,1.09797,1.09813,1.00,1.00
2016.04.06 21:07:27.433,1.09796,1.09813,1.00,1.00
2016.04.06 21:07:27.535,1.09796,1.09811,1.00,1.00
2016.04.06 21:07:28.059,1.09795,1.0981,1.00,1.00
2016.04.06 21:07:34.253,1.09794,1.0981,1.00,1.00
2016.04.06 21:07:34.917,1.09791,1.0981,1.00,3.19
2016.04.06 21:07:36.306,1.09791,1.09806,1.00,1.00
2016.04.06 21:07:38.681,1.09791,1.09805,1.00,1.00
2016.04.06 21:07:41.268,1.09791,1.09804,1.50,1.00
2016.04.06 21:07:41.572,1.09794,1.09804,1.00,1.00
2016.04.06 21:07:41.724,1.09794,1.09807,1.37,1.00
2016.04.06 21:07:42.226,1.09794,1.09807,1.00,1.00
2016.04.06 21:07:42.768,1.09795,1.09807,1.00,1.00
2016.04.06 21:07:43.273,1.09795,1.0981,1.00,1.00
2016.04.06 21:07:43.325,1.09797,1.0981,1.00,1.00
2016.04.06 21:07:44.271,1.09798,1.0981,1.00,1.00
2016.04.06 21:07:48.619,1.09798,1.09809,1.00,1.00
2016.04.06 21:07:48.771,1.09795,1.09809,1.00,1.00
2016.04.06 21:07:49.312,1.098,1.09814,1.00,1.25
2016.04.06 21:07:50.359,1.09801,1.09814,1.00,1.25
2016.04.06 21:07:50.884,1.09801,1.09815,1.00,1.00
2016.04.06 21:07:52.452,1.09799,1.09815,1.00,1.00
2016.04.06 21:07:52.553,1.09801,1.09815,1.00,1.00
2016.04.06 21:07:52.857,1.098,1.09815,1.00,1.19
2016.04.06 21:07:52.959,1.09797,1.09815,1.00,1.69
2016.04.06 21:07:53.465,1.09799,1.09805,1.00,1.00
2016.04.06 21:07:54.953,1.098,1.09805,1.00,1.00
2016.04.06 21:07:55.495,1.098,1.09804,1.00,1.00
2016.04.06 21:07:56.456,1.09798,1.09805,1.00,1.00
2016.04.06 21:07:56.998,1.09797,1.09805,1.00,1.00
2016.04.06 21:07:57.886,1.09798,1.09805,1.00,1.00
2016.04.06 21:07:59.454,1.09799,1.09805,1.00,1.00
2016.04.06 21:08:02.198,1.09795,1.09803,1.00,1.00
2016.04.06 21:08:04.129,1.09795,1.09802,1.00,1.00
2016.04.06 21:08:07.233,1.09795,1.09801,1.00,1.00
2016.04.06 21:08:07.335,1.09794,1.09803,1.00,1.00
2016.04.06 21:08:10.073,1.09794,1.09804,1.00,1.00
2016.04.06 21:08:10.400,1.09794,1.09801,1.00,1.00
2016.04.06 21:08:10.776,1.09794,1.09803,1.00,1.00
2016.04.06 21:08:10.877,1.09797,1.09803,1.00,1.00
2016.04.06 21:08:11.435,1.09798,1.09803,1.00,1.00
2016.04.06 21:08:14.080,1.09798,1.09805,1.00,1.00
2016.04.06 21:08:14.182,1.098,1.09805,1.00,1.00
2016.04.06 21:08:14.733,1.09801,1.09805,1.00,1.00
2016.04.06 21:08:21.730,1.09801,1.09804,1.00,1.00
2016.04.06 21:08:22.384,1.098,1.09804,1.00,1.00
2016.04.06 21:08:34.513,1.09801,1.09811,1.00,1.00
2016.04.06 21:08:35.039,1.098,1.09813,1.00,1.19
2016.04.06 21:08:36.824,1.09802,1.09813,1.00,1.19
2016.04.06 21:08:37.373,1.09802,1.09813,1.00,1.00
2016.04.06 21:08:38.119,1.09802,1.09812,1.00,1.00
2016.04.06 21:08:38.534,1.098,1.0981,1.00,1.00
2016.04.06 21:08:42.700,1.09799,1.0981,1.00,1.00
2016.04.06 21:08:45.817,1.09798,1.0981,1.00,1.00
2016.04.06 21:08:51.808,1.09796,1.0981,1.00,1.00
2016.04.06 21:08:57.808,1.09795,1.0981,1.00,1.00
2016.04.06 21:09:00.670,1.09795,1.09811,1.00,1.00
2016.04.06 21:09:01.216,1.09794,1.09811,1.00,1.00
2016.04.06 21:09:01.867,1.09795,1.09811,1.00,1.00
2016.04.06 21:09:04.545,1.09795,1.09812,1.00,1.25
2016.04.06 21:09:04.927,1.09797,1.09812,1.00,1.25
2016.04.06 21:09:05.543,1.09798,1.09812,1.00,1.25
2016.04.06 21:09:06.196,1.09797,1.0981,1.00,1.25
2016.04.06 21:09:06.806,1.09796,1.0981,1.00,1.25
2016.04.06 21:09:07.729,1.09798,1.0981,1.00,1.25
2016.04.06 21:09:09.929,1.09799,1.0981,1.00,1.25
2016.04.06 21:09:31.149,1.09798,1.0981,1.00,1.00
2016.04.06 21:09:33.874,1.09799,1.0981,1.00,1.00
2016.04.06 21:09:38.081,1.09798,1.09809,1.00,1.00
2016.04.06 21:09:38.749,1.09797,1.09809,1.00,1.00
2016.04.06 21:09:41.789,1.09796,1.09809,1.00,1.00
2016.04.06 21:09:45.976,1.09788,1.09803,1.50,1.75
2016.04.06 21:09:46.129,1.09782,1.09796,1.72,1.60
2016.04.06 21:09:46.698,1.09781,1.09796,2.10,2.85
2016.04.06 21:09:48.260,1.09787,1.098,1.00,3.56
2016.04.06 21:09:48.413,1.09789,1.09803,1.00,1.69
2016.04.06 21:09:48.515,1.09791,1.09803,1.00,1.69
2016.04.06 21:10:00.127,1.09789,1.09803,1.50,1.69
2016.04.06 21:10:00.662,1.0979,1.09803,1.00,1.69
2016.04.06 21:10:04.773,1.09791,1.09796,1.00,1.00
2016.04.06 21:10:04.875,1.09782,1.09793,1.00,2.10
2016.04.06 21:10:05.452,1.09783,1.09793,1.00,2.10
2016.04.06 21:10:06.102,1.09783,1.09794,1.00,2.10
2016.04.06 21:10:06.622,1.09787,1.09794,1.00,2.10
2016.04.06 21:10:06.724,1.09788,1.09796,1.00,1.50
2016.04.06 21:10:06.775,1.0979,1.09796,1.00,1.00
2016.04.06 21:10:07.386,1.09789,1.09796,1.00,1.00
2016.04.06 21:10:14.490,1.09789,1.09797,1.00,1.00
2016.04.06 21:10:17.973,1.0979,1.09797,1.00,1.00
2016.04.06 21:10:18.277,1.09792,1.09798,1.00,1.00
2016.04.06 21:10:20.800,1.09791,1.09798,1.00,1.00
2016.04.06 21:10:25.018,1.09793,1.09798,1.00,1.00
2016.04.06 21:10:26.834,1.09791,1.09798,1.50,1.00
2016.04.06 21:10:39.533,1.09792,1.09798,1.00,1.00
2016.04.06 21:10:41.898,1.09792,1.09797,1.00,1.00
2016.04.06 21:10:41.949,1.0979,1.09797,1.00,1.00
2016.04.06 21:10:42.152,1.09788,1.09797,1.00,1.00
2016.04.06 21:10:43.002,1.09788,1.09796,1.00,1.00
2016.04.06 21:10:43.345,1.09786,1.09796,1.00,1.00
2016.04.06 21:10:45.107,1.09785,1.09796,1.50,1.00
2016.04.06 21:10:45.661,1.09785,1.09796,1.50,1.19
2016.04.06 21:10:51.406,1.09785,1.09796,1.00,1.69
2016.04.06 21:10:51.660,1.09787,1.09796,1.00,1.69
2016.04.06 21:10:52.752,1.09786,1.09796,1.00,1.69
2016.04.06 21:10:54.474,1.09787,1.09796,1.00,1.69
2016.04.06 21:10:55.356,1.09787,1.09796,1.00,1.69
2016.04.06 21:11:03.038,1.09789,1.09796,1.00,1.25
2016.04.06 21:11:03.555,1.09789,1.09796,1.00,1.19
2016.04.06 21:11:05.253,1.09788,1.09796,1.00,1.19
2016.04.06 21:11:05.779,1.09787,1.09796,1.00,1.19
2016.04.06 21:11:15.042,1.09787,1.09796,1.00,1.00
2016.04.06 21:11:15.786,1.09783,1.09787,1.50,0.37
2016.04.06 21:11:15.888,1.09785,1.09796,1.00,1.00
2016.04.06 21:11:25.171,1.09786,1.09796,1.00,1.37
2016.04.06 21:11:26.414,1.09786,1.09796,1.00,1.00
2016.04.06 21:11:26.465,1.09784,1.09796,1.00,1.00
2016.04.06 21:11:27.476,1.09784,1.09796,1.00,1.37
2016.04.06 21:11:30.303,1.09782,1.09795,1.50,2.29
2016.04.06 21:11:30.455,1.09782,1.09795,1.00,3.04
2016.04.06 21:11:49.852,1.09782,1.0979,1.00,2.10
2016.04.06 21:11:50.206,1.0978,1.0979,1.00,2.29
2016.04.06 21:11:58.166,1.0978,1.09787,1.00,2.10
2016.04.06 21:11:58.268,1.09777,1.09787,1.50,2.29
2016.04.06 21:12:01.625,1.09778,1.09787,1.00,2.29
2016.04.06 21:12:06.149,1.09779,1.09788,1.00,1.19
2016.04.06 21:12:06.250,1.09779,1.09788,1.07,1.00
2016.04.06 21:12:27.218,1.09781,1.09793,1.07,3.11
2016.04.06 21:12:27.755,1.09781,1.09793,1.07,1.07
2016.04.06 21:12:32.555,1.0978,1.09789,1.12,2.10
2016.04.06 21:12:32.606,1.0978,1.09789,1.10,2.10
2016.04.06 21:12:32.657,1.0978,1.09787,1.10,2.10
2016.04.06 21:12:32.962,1.09776,1.09787,1.12,2.29
2016.04.06 21:12:34.374,1.09778,1.0979,1.07,2.51
2016.04.06 21:12:43.293,1.09779,1.09792,1.07,1.39
2016.04.06 21:12:49.375,1.09782,1.09793,1.00,1.25
2016.04.06 21:12:49.878,1.09782,1.09793,1.07,1.25
2016.04.06 21:12:52.662,1.09782,1.09793,1.12,1.25
2016.04.06 21:12:54.028,1.09781,1.09793,1.87,1.62
2016.04.06 21:12:54.133,1.09781,1.09793,1.87,1.25
2016.04.06 21:13:00.362,1.0978,1.09793,1.87,1.01
2016.04.06 21:13:01.107,1.09783,1.09797,1.87,4.69
2016.04.06 21:13:01.158,1.09783,1.09795,1.12,2.92
2016.04.06 21:13:01.209,1.09781,1.09795,3.37,3.22
2016.04.06 21:13:01.749,1.09781,1.09794,1.12,1.26
2016.04.06 21:13:18.826,1.0978,1.09793,1.87,1.01
2016.04.06 21:13:18.928,1.0978,1.09794,1.87,1.76
2016.04.06 21:13:34.586,1.0978,1.09794,1.87,1.64
2016.04.06 21:13:34.687,1.0978,1.09793,1.87,1.29
2016.04.06 21:13:37.854,1.09785,1.09796,1.00,1.56
2016.04.06 21:13:37.906,1.09788,1.09799,1.00,1.15
2016.04.06 21:13:37.957,1.09788,1.09804,1.00,1.50
2016.04.06 21:13:38.892,1.09788,1.09805,1.50,1.37
2016.04.06 21:13:39.884,1.0979,1.09807,1.00,1.50
2016.04.06 21:13:41.663,1.0979,1.09807,1.00,1.12
2016.04.06 21:13:43.467,1.09789,1.09806,1.00,1.00
2016.04.06 21:13:43.569,1.09788,1.09805,1.00,1.37
2016.04.06 21:13:45.060,1.0979,1.09805,1.00,1.75
2016.04.06 21:13:45.604,1.09789,1.09806,1.50,1.47
2016.04.06 21:13:45.808,1.09789,1.09806,1.50,1.47
2016.04.06 21:13:50.720,1.09789,1.09806,1.50,1.47
2016.04.06 21:13:52.677,1.09789,1.09806,1.50,1.47
2016.04.06 21:13:58.585,1.09789,1.09806,1.50,1.10
2016.04.06 21:13:59.145,1.09789,1.09793,1.00,1.50
2016.04.06 21:13:59.298,1.0978,1.09789,1.57,2.10
2016.04.06 21:13:59.399,1.0978,1.09787,1.50,2.10
2016.04.06 21:13:59.501,1.09778,1.09787,1.10,2.29
2016.04.06 21:13:59.552,1.09777,1.09787,1.07,2.29
2016.04.06 21:14:00.931,1.0978,1.09787,1.00,2.29
2016.04.06 21:14:00.982,1.0978,1.09793,1.00,1.65
2016.04.06 21:14:01.084,1.09782,1.09796,1.00,2.44
2016.04.06 21:14:01.186,1.09782,1.09796,1.00,2.29
2016.04.06 21:14:01.288,1.09784,1.09796,1.00,2.29
2016.04.06 21:14:02.170,1.09785,1.09797,1.00,1.69
2016.04.06 21:14:02.221,1.09785,1.09797,1.00,1.37
2016.04.06 21:14:02.744,1.09786,1.09799,1.00,2.55
2016.04.06 21:14:03.296,1.09786,1.09799,1.00,2.47
2016.04.06 21:14:04.296,1.09786,1.09799,1.00,2.10
2016.04.06 21:14:06.306,1.09786,1.09799,1.00,2.47
2016.04.06 21:14:06.559,1.09788,1.09802,1.00,1.16
2016.04.06 21:14:06.864,1.0979,1.09804,1.00,1.62
2016.04.06 21:14:07.244,1.0979,1.09797,1.00,2.10
2016.04.06 21:14:07.396,1.09785,1.09797,1.87,2.29
2016.04.06 21:14:09.253,1.09785,1.09795,1.87,2.10
2016.04.06 21:14:09.557,1.09777,1.09787,3.00,1.69
2016.04.06 21:14:11.672,1.09779,1.0979,1.10,1.44
2016.04.06 21:14:11.774,1.0978,1.09792,1.12,1.25
2016.04.06 21:14:22.382,1.0978,1.09793,1.10,2.29
2016.04.06 21:14:24.091,1.0978,1.09794,1.57,1.19
2016.04.06 21:14:24.193,1.09781,1.09794,1.12,1.19
2016.04.06 21:14:28.721,1.09783,1.09797,1.12,4.01
2016.04.06 21:14:34.421,1.09784,1.09789,1.07,2.10
2016.04.06 21:14:34.576,1.09781,1.09789,1.50,2.10
2016.04.06 21:14:35.102,1.0978,1.09789,1.57,2.10
2016.04.06 21:14:36.021,1.0978,1.09794,1.57,1.46
2016.04.06 21:14:36.173,1.09782,1.09794,1.12,1.34
2016.04.06 21:14:36.709,1.09782,1.09794,1.12,1.19
2016.04.06 21:14:43.431,1.09783,1.09797,1.12,3.94
2016.04.06 21:14:55.863,1.09784,1.09795,1.07,3.79
2016.04.06 21:14:56.391,1.0978,1.09794,1.87,1.19
2016.04.06 21:15:13.237,1.09779,1.09793,1.87,2.29
2016.04.06 21:15:13.592,1.09778,1.09793,1.00,2.29
2016.04.06 21:15:13.928,1.09778,1.09793,1.37,2.29
2016.04.06 21:15:39.275,1.09778,1.09793,1.87,2.66
2016.04.06 21:15:39.376,1.09778,1.09792,1.87,1.25
2016.04.06 21:15:55.301,1.09778,1.09793,2.62,2.66
2016.04.06 21:15:55.403,1.09778,1.09793,1.87,3.79
2016.04.06 21:15:56.558,1.09778,1.09793,1.87,2.29
2016.04.06 21:15:57.565,1.09778,1.0979,1.37,2.10
2016.04.06 21:15:57.897,1.09777,1.0979,1.12,2.29
2016.04.06 21:16:02.736,1.09781,1.0979,1.00,2.29
2016.04.06 21:16:11.176,1.09777,1.0979,4.40,2.29
2016.04.06 21:16:15.281,1.09777,1.09789,4.40,1.56
2016.04.06 21:16:15.383,1.09777,1.09789,4.40,1.19
2016.04.06 21:16:17.721,1.09777,1.09792,5.15,1.09
2016.04.06 21:16:23.091,1.09778,1.09792,4.40,1.25
2016.04.06 21:16:30.749,1.09778,1.09792,1.40,1.25
2016.04.06 21:16:38.816,1.09777,1.09792,5.15,2.44
2016.04.06 21:16:38.918,1.09777,1.09792,5.15,3.19
2016.04.06 21:16:41.119,1.09778,1.09791,1.40,1.37
2016.04.06 21:16:42.721,1.0978,1.09791,1.00,1.37
2016.04.06 21:16:42.823,1.09781,1.09792,1.00,1.31
2016.04.06 21:16:46.078,1.09779,1.09791,1.10,1.00
2016.04.06 21:16:47.278,1.09781,1.09793,1.00,4.91
2016.04.06 21:16:48.284,1.09783,1.09793,1.00,4.54
2016.04.06 21:16:49.964,1.09781,1.09793,1.50,4.54
2016.04.06 21:16:53.254,1.09781,1.09791,1.00,1.00
2016.04.06 21:16:53.899,1.09782,1.09791,1.00,1.00
2016.04.06 21:16:54.880,1.09781,1.09791,1.00,1.00
2016.04.06 21:16:58.924,1.0978,1.09791,1.00,1.87
2016.04.06 21:17:00.478,1.09781,1.09791,1.00,1.12
2016.04.06 21:17:03.898,1.0978,1.09791,1.00,1.12
2016.04.06 21:17:05.477,1.09781,1.09791,1.00,1.00
2016.04.06 21:17:06.691,1.09779,1.09791,1.10,1.50
2016.04.06 21:17:51.791,1.09781,1.09791,1.00,1.00
2016.04.06 21:17:52.516,1.09796,1.09802,1.12,1.00
2016.04.06 21:17:52.586,1.09796,1.09806,1.95,1.69
2016.04.06 21:17:55.481,1.09796,1.09806,2.62,1.69
2016.04.06 21:17:57.288,1.09796,1.09806,1.62,1.25
2016.04.06 21:17:57.835,1.09795,1.09806,1.87,1.25
2016.04.06 21:17:58.846,1.09795,1.09806,1.07,1.69
2016.04.06 21:18:00.079,1.09795,1.09806,1.20,1.01
2016.04.06 21:18:00.130,1.09794,1.098,1.95,1.00
2016.04.06 21:18:00.434,1.09789,1.09799,1.10,1.00
2016.04.06 21:18:02.051,1.09789,1.098,1.57,1.00
2016.04.06 21:18:02.523,1.09789,1.09803,4.10,1.35
2016.04.06 21:18:04.968,1.0979,1.09803,3.27,1.00
2016.04.06 21:18:06.259,1.09789,1.09803,4.85,1.50
2016.04.06 21:18:07.054,1.09791,1.09803,3.27,1.50
2016.04.06 21:18:14.152,1.09789,1.09803,4.10,1.50
2016.04.06 21:18:17.528,1.0979,1.09803,3.27,1.50
2016.04.06 21:18:23.341,1.09789,1.09803,4.10,1.50
2016.04.06 21:18:26.948,1.0979,1.09803,3.27,1.50
2016.04.06 21:18:42.970,1.09792,1.09803,1.00,1.00
2016.04.06 21:18:43.477,1.09792,1.09804,1.00,1.00
2016.04.06 21:18:54.436,1.09794,1.09804,1.37,1.00
2016.04.06 21:18:54.500,1.09796,1.09806,1.00,1.69
2016.04.06 21:18:54.601,1.09796,1.09807,1.12,1.19
2016.04.06 21:18:55.024,1.09797,1.09807,1.37,1.19
2016.04.06 21:18:55.829,1.09796,1.09805,1.50,1.00
2016.04.06 21:18:55.882,1.09793,1.09803,1.12,1.00
2016.04.06 21:18:55.933,1.09793,1.09803,1.00,1.00
2016.04.06 21:18:55.984,1.09791,1.09803,1.00,1.00
2016.04.06 21:18:56.633,1.0979,1.09802,1.00,1.00
2016.04.06 21:18:58.881,1.09791,1.09803,1.00,1.00
2016.04.06 21:18:59.982,1.09795,1.09803,1.50,1.00
2016.04.06 21:19:00.567,1.09796,1.09803,1.00,1.00
2016.04.06 21:19:00.668,1.09797,1.09806,1.57,1.00
2016.04.06 21:19:00.985,1.09797,1.09806,1.37,1.00
2016.04.06 21:19:01.797,1.09797,1.09807,1.37,1.50
2016.04.06 21:19:06.718,1.09796,1.09805,1.50,1.50
2016.04.06 21:19:06.819,1.09793,1.09805,3.00,1.50
2016.04.06 21:19:07.355,1.09793,1.09805,2.25,1.50
2016.04.06 21:19:13.167,1.09799,1.09806,1.37,1.00
2016.04.06 21:19:13.218,1.09799,1.09808,1.72,1.00
2016.04.06 21:19:13.320,1.098,1.09808,2.25,1.00
2016.04.06 21:19:13.522,1.09803,1.09814,1.87,1.50
2016.04.06 21:19:13.776,1.09803,1.09814,1.95,1.00
2016.04.06 21:19:13.877,1.09803,1.09814,1.75,1.00
2016.04.06 21:19:13.979,1.09803,1.09814,1.12,1.00
2016.04.06 21:19:16.527,1.09805,1.09814,1.00,1.00
2016.04.06 21:19:18.894,1.098,1.09811,1.75,1.00
2016.04.06 21:19:19.046,1.098,1.09811,2.32,1.00
2016.04.06 21:19:19.641,1.09801,1.09811,1.50,1.00
2016.04.06 21:19:20.163,1.09801,1.09812,2.25,1.00
2016.04.06 21:19:23.587,1.09801,1.09813,1.00,1.25
2016.04.06 21:19:24.112,1.09801,1.09812,1.00,1.00
2016.04.06 21:19:25.326,1.09802,1.09812,1.00,1.00
2016.04.06 21:19:25.838,1.09802,1.09811,1.00,1.00
2016.04.06 21:19:25.890,1.09799,1.0981,1.87,1.00
2016.04.06 21:19:26.116,1.09794,1.09806,1.87,1.50
2016.04.06 21:19:43.608,1.09796,1.09805,1.07,1.00
2016.04.06 21:19:43.912,1.0979,1.098,2.17,1.19
2016.04.06 21:19:52.257,1.09793,1.09801,1.50,1.19
2016.04.06 21:20:02.854,1.09794,1.098,1.50,1.19
2016.04.06 21:20:10.876,1.09793,1.09801,1.00,1.19
2016.04.06 21:20:11.111,1.09794,1.09801,1.00,1.25
2016.04.06 21:20:11.703,1.09795,1.09801,1.00,1.00
2016.04.06 21:20:15.452,1.09793,1.09802,1.10,1.00
2016.04.06 21:20:15.554,1.09791,1.098,1.50,1.19
2016.04.06 21:20:15.757,1.09793,1.09801,1.50,1.00
2016.04.06 21:20:16.326,1.09793,1.09801,1.12,1.00
2016.04.06 21:20:18.164,1.09795,1.09801,1.50,1.00
2016.04.06 21:20:18.965,1.09795,1.09802,1.00,1.19
2016.04.06 21:20:20.754,1.09789,1.098,2.47,1.19
2016.04.06 21:20:21.265,1.09793,1.09801,1.00,1.00
2016.04.06 21:20:21.784,1.09793,1.09801,1.12,1.00
2016.04.06 21:20:24.054,1.09792,1.098,1.50,1.00
2016.04.06 21:20:24.105,1.09791,1.098,1.87,1.19
2016.04.06 21:20:24.257,1.09793,1.09801,1.12,1.00
2016.04.06 21:20:24.792,1.09795,1.09801,1.50,1.00
2016.04.06 21:20:28.301,1.09797,1.09801,1.00,1.00
2016.04.06 21:20:28.850,1.09798,1.09801,1.50,1.00
2016.04.06 21:20:33.374,1.09798,1.09802,1.50,1.19
2016.04.06 21:20:33.476,1.09796,1.09801,3.00,1.00
2016.04.06 21:20:33.913,1.09798,1.09801,1.50,1.00
2016.04.06 21:20:34.567,1.09798,1.09802,1.50,1.00
2016.04.06 21:20:35.092,1.09798,1.09803,1.50,1.00
2016.04.06 21:20:42.407,1.09798,1.09804,1.50,1.31
2016.04.06 21:20:42.509,1.09796,1.09803,2.25,1.10
2016.04.06 21:20:42.611,1.09798,1.09803,1.50,1.10
2016.04.06 21:20:48.320,1.09798,1.09804,1.50,1.31
2016.04.06 21:20:48.422,1.09794,1.09804,1.00,2.14
2016.04.06 21:20:48.574,1.09796,1.09803,1.00,1.19
2016.04.06 21:20:49.242,1.09796,1.09803,1.00,1.00
2016.04.06 21:20:52.864,1.09794,1.09804,1.10,1.87
2016.04.06 21:20:52.966,1.09794,1.09804,1.00,2.81
2016.04.06 21:20:53.118,1.0979,1.09802,1.10,2.06
2016.04.06 21:21:00.010,1.09789,1.09799,1.57,1.00
2016.04.06 21:21:19.258,1.09791,1.09799,2.25,1.00
2016.04.06 21:21:20.119,1.09788,1.09799,2.06,1.00
2016.04.06 21:21:20.631,1.09788,1.09799,2.06,1.00
2016.04.06 21:21:54.750,1.09787,1.09798,1.69,1.00
2016.04.06 21:21:55.399,1.09789,1.09797,1.57,1.00
2016.04.06 21:22:11.774,1.09791,1.09797,1.00,1.00
2016.04.06 21:22:21.884,1.09789,1.09797,1.57,1.50
2016.04.06 21:22:28.923,1.09789,1.09797,1.57,1.00
2016.04.06 21:22:35.278,1.09789,1.09799,2.32,1.10
2016.04.06 21:22:35.380,1.09789,1.09801,3.07,1.00
2016.04.06 21:22:35.889,1.0979,1.09801,1.00,1.00
2016.04.06 21:22:36.286,1.0979,1.09799,1.00,1.00
2016.04.06 21:22:36.892,1.0979,1.09798,1.00,1.00
2016.04.06 21:22:37.220,1.0979,1.09796,1.00,1.00
2016.04.06 21:22:38.938,1.0979,1.09798,1.00,1.00
2016.04.06 21:22:39.936,1.09789,1.09798,2.32,1.00
2016.04.06 21:22:39.987,1.09789,1.09796,2.32,1.00
2016.04.06 21:22:41.120,1.09789,1.09797,3.00,1.00
2016.04.06 21:22:41.171,1.09798,1.09801,1.00,1.50
2016.04.06 21:22:41.273,1.09798,1.09803,1.25,1.00
2016.04.06 21:22:41.375,1.09798,1.09805,1.25,1.00
2016.04.06 21:22:41.578,1.09798,1.09803,1.19,1.00
2016.04.06 21:22:41.828,1.09793,1.09803,1.12,1.00
2016.04.06 21:22:43.083,1.09793,1.09805,1.40,1.00
2016.04.06 21:22:46.775,1.09793,1.09807,1.40,1.69
2016.04.06 21:22:46.877,1.09793,1.09803,1.12,1.00
2016.04.06 21:22:47.455,1.09792,1.09802,1.50,1.00
2016.04.06 21:22:49.254,1.09798,1.09805,1.00,1.00
2016.04.06 21:22:49.801,1.09798,1.09805,1.26,1.00
2016.04.06 21:22:50.563,1.09798,1.09806,1.26,1.00
2016.04.06 21:22:57.979,1.09798,1.09803,1.26,1.00
2016.04.06 21:22:59.007,1.09798,1.09803,1.10,1.00
2016.04.06 21:23:02.770,1.09798,1.09803,1.28,1.00
2016.04.06 21:23:03.074,1.09796,1.09801,1.00,1.00
2016.04.06 21:23:03.126,1.09789,1.09801,1.02,1.00
2016.04.06 21:23:03.637,1.0979,1.09801,1.00,1.00
2016.04.06 21:23:04.188,1.0979,1.09801,1.27,1.00
2016.04.06 21:23:08.581,1.0979,1.09801,1.00,1.00
2016.04.06 21:23:08.632,1.0979,1.09799,1.00,1.00
2016.04.06 21:23:08.950,1.0979,1.09796,1.00,1.00
2016.04.06 21:23:10.064,1.09788,1.09796,1.00,1.00
2016.04.06 21:23:12.595,1.09788,1.09801,1.00,1.25
2016.04.06 21:23:13.439,1.09789,1.09801,1.00,1.00
2016.04.06 21:23:15.670,1.09789,1.09803,1.00,1.50
2016.04.06 21:23:20.072,1.09791,1.09803,1.00,1.00
2016.04.06 21:23:22.813,1.09792,1.09803,1.00,1.00
2016.04.06 21:23:22.915,1.09794,1.09806,1.00,1.00
2016.04.06 21:23:23.016,1.09791,1.09807,1.00,1.00
2016.04.06 21:23:23.875,1.09794,1.09805,1.00,1.00
2016.04.06 21:23:25.856,1.09794,1.09806,1.00,1.00
2016.04.06 21:23:38.824,1.09793,1.09805,1.00,1.00
2016.04.06 21:23:39.537,1.09795,1.09805,1.50,1.00
2016.04.06 21:23:45.130,1.09795,1.09806,1.50,1.00
2016.04.06 21:23:50.913,1.09795,1.09805,1.50,1.00
2016.04.06 21:23:51.420,1.09795,1.09806,2.25,1.00
2016.04.06 21:23:53.975,1.09795,1.09805,1.50,1.00
2016.04.06 21:23:58.852,1.09795,1.09807,2.25,1.00
2016.04.06 21:24:01.751,1.09795,1.09804,1.50,1.00
2016.04.06 21:24:02.102,1.09795,1.09802,1.50,1.00
2016.04.06 21:24:03.941,1.09795,1.09803,1.50,1.00
2016.04.06 21:24:05.359,1.09795,1.09802,1.50,1.00
2016.04.06 21:24:05.461,1.09792,1.09802,1.50,1.00
2016.04.06 21:24:06.846,1.09792,1.09799,1.50,1.00
2016.04.06 21:24:14.756,1.09792,1.09798,1.50,1.00
2016.04.06 21:24:22.955,1.09792,1.09797,1.50,1.00
2016.04.06 21:24:34.773,1.09792,1.09799,1.50,1.00
2016.04.06 21:24:43.883,1.09792,1.098,1.50,1.00
2016.04.06 21:24:50.809,1.09792,1.09799,1.50,1.00
2016.04.06 21:25:03.794,1.09792,1.09798,1.50,1.00
2016.04.06 21:25:10.837,1.09792,1.098,1.50,1.00
2016.04.06 21:25:15.439,1.09792,1.09799,1.69,1.00
2016.04.06 21:25:45.145,1.09792,1.098,1.50,1.00
2016.04.06 21:25:56.438,1.09792,1.09801,1.50,1.00
2016.04.06 21:26:00.454,1.09792,1.09802,1.50,1.00
2016.04.06 21:26:10.948,1.09792,1.09803,1.50,1.00
2016.04.06 21:26:11.954,1.09792,1.09802,1.50,1.00
2016.04.06 21:26:12.504,1.09793,1.09802,1.00,1.00
2016.04.06 21:26:13.974,1.09793,1.098,1.00,1.00
2016.04.06 21:26:16.956,1.09793,1.09801,1.00,1.00
2016.04.06 21:26:21.544,1.09793,1.09802,1.00,1.00
2016.04.06 21:26:23.946,1.09793,1.098,1.00,1.00
2016.04.06 21:26:27.372,1.09793,1.09802,1.00,1.00
2016.04.06 21:26:31.230,1.09792,1.09802,1.50,1.00
2016.04.06 21:26:31.825,1.09792,1.09801,1.50,1.00
2016.04.06 21:26:31.876,1.09792,1.09803,1.50,1.00
2016.04.06 21:26:38.858,1.09792,1.09802,1.50,1.00
2016.04.06 21:26:47.943,1.0979,1.09802,1.69,1.00
2016.04.06 21:26:49.615,1.0979,1.09801,1.25,1.00
2016.04.06 21:27:01.577,1.0979,1.09799,1.25,1.00
2016.04.06 21:27:12.695,1.09787,1.09799,2.25,1.50
2016.04.06 21:27:12.797,1.09787,1.09796,1.00,1.00
2016.04.06 21:27:13.886,1.09787,1.09795,1.00,1.00
2016.04.06 21:27:16.480,1.09784,1.09795,1.25,1.00
2016.04.06 21:27:17.188,1.09784,1.09794,1.25,1.00
2016.04.06 21:27:18.389,1.09784,1.09795,1.00,1.00
2016.04.06 21:27:19.099,1.09783,1.09795,1.00,1.00
2016.04.06 21:27:24.044,1.09785,1.09796,1.00,1.00
2016.04.06 21:27:26.828,1.09783,1.09795,1.00,1.00
2016.04.06 21:27:27.449,1.09783,1.09794,1.00,1.00
2016.04.06 21:27:28.914,1.09782,1.09794,1.50,1.50
2016.04.06 21:27:30.519,1.09783,1.09794,1.00,1.00
2016.04.06 21:27:37.051,1.09782,1.09794,1.50,1.50
2016.04.06 21:27:37.309,1.09782,1.09791,1.00,1.00
2016.04.06 21:27:39.381,1.09782,1.09792,1.00,1.00
2016.04.06 21:27:40.016,1.09783,1.09791,1.00,1.00
2016.04.06 21:27:46.289,1.09783,1.09792,1.50,1.00
2016.04.06 21:27:46.827,1.09782,1.09792,1.00,1.00
2016.04.06 21:27:47.539,1.09783,1.09792,1.00,1.00
2016.04.06 21:27:49.539,1.09783,1.09791,1.00,1.00
2016.04.06 21:27:52.538,1.09789,1.09791,1.00,1.00
2016.04.06 21:27:58.933,1.09787,1.09791,1.00,1.00
2016.04.06 21:28:03.046,1.09788,1.09792,1.00,1.00
2016.04.06 21:28:03.988,1.09787,1.09791,1.00,1.00
2016.04.06 21:28:07.387,1.09787,1.09792,1.00,1.00
2016.04.06 21:28:18.006,1.09787,1.09791,1.00,1.00
2016.04.06 21:28:18.158,1.09781,1.09791,1.69,1.00
2016.04.06 21:28:18.260,1.0978,1.09791,3.00,1.00
2016.04.06 21:28:20.753,1.09782,1.09791,1.00,1.50
2016.04.06 21:28:24.998,1.09783,1.09791,1.00,1.00
2016.04.06 21:28:27.502,1.09782,1.09791,1.00,1.00
2016.04.06 21:28:29.279,1.09783,1.09791,1.00,1.00
2016.04.06 21:28:35.489,1.09784,1.09789,1.00,1.00
2016.04.06 21:28:49.373,1.09785,1.09789,1.00,1.00
2016.04.06 21:28:53.877,1.09783,1.09789,1.29,1.00
2016.04.06 21:29:02.812,1.09784,1.09789,1.29,1.00
2016.04.06 21:29:10.478,1.09784,1.09789,1.01,1.00
2016.04.06 21:30:01.430,1.09782,1.09789,1.09,1.00
2016.04.06 21:30:05.729,1.09781,1.09789,1.21,1.00
2016.04.06 21:30:10.876,1.09781,1.09792,1.21,1.00
2016.04.06 21:30:11.029,1.09781,1.09792,1.77,1.00
2016.04.06 21:30:11.675,1.0978,1.09792,2.03,1.00
2016.04.06 21:30:14.828,1.0978,1.09791,2.51,1.00
2016.04.06 21:30:16.023,1.0978,1.09792,3.26,1.50
2016.04.06 21:30:16.527,1.09781,1.09792,1.00,1.50
2016.04.06 21:30:19.695,1.09789,1.09793,1.00,1.00
2016.04.06 21:30:24.867,1.09782,1.09793,1.25,1.00
2016.04.06 21:30:27.278,1.09782,1.09792,1.25,1.00
2016.04.06 21:30:29.612,1.09782,1.0979,1.00,1.50
2016.04.06 21:30:29.714,1.09778,1.09787,1.00,1.00
2016.04.06 21:30:30.160,1.09776,1.09786,1.00,1.00
2016.04.06 21:30:30.706,1.09775,1.09786,1.00,1.00
2016.04.06 21:30:34.762,1.09775,1.09782,1.00,1.00
2016.04.06 21:30:34.813,1.0977,1.09782,1.50,1.00
2016.04.06 21:30:34.865,1.0977,1.09779,1.00,1.00
2016.04.06 21:30:34.967,1.09768,1.09779,2.25,1.00
2016.04.06 21:30:35.543,1.09767,1.09778,1.50,1.00
2016.04.06 21:30:39.584,1.09768,1.09778,1.00,1.00
2016.04.06 21:30:40.098,1.09767,1.09778,1.00,1.00
2016.04.06 21:30:40.150,1.09765,1.09777,1.00,1.00
2016.04.06 21:30:40.543,1.09761,1.09777,3.00,1.00
2016.04.06 21:30:44.271,1.09761,1.09776,2.25,1.00
2016.04.06 21:30:45.372,1.09759,1.09775,3.00,1.00
2016.04.06 21:30:45.678,1.09758,1.09773,1.00,1.00
2016.04.06 21:30:46.205,1.09757,1.09772,2.25,1.50
2016.04.06 21:30:47.971,1.09758,1.09774,1.00,1.50
2016.04.06 21:30:48.123,1.0976,1.09774,1.50,1.50
2016.04.06 21:30:49.124,1.09758,1.09774,1.00,1.50
2016.04.06 21:30:50.071,1.09761,1.09773,1.00,1.00
2016.04.06 21:30:50.624,1.09762,1.09774,1.00,1.00
2016.04.06 21:30:54.806,1.09763,1.09775,1.00,1.00
2016.04.06 21:30:57.079,1.09766,1.09775,1.00,1.00
2016.04.06 21:30:58.960,1.09766,1.09773,1.00,1.00
2016.04.06 21:31:00.499,1.09766,1.09775,1.00,1.00
2016.04.06 21:31:02.898,1.09766,1.09776,1.00,1.00
2016.04.06 21:31:15.827,1.09766,1.09775,1.00,1.00
2016.04.06 21:31:20.002,1.09766,1.09773,1.00,1.00
2016.04.06 21:31:20.505,1.09766,1.09772,1.00,1.00
2016.04.06 21:31:27.336,1.09766,1.09769,1.00,1.00
2016.04.06 21:31:27.949,1.09766,1.09768,1.00,1.00
2016.04.06 21:31:28.429,1.09762,1.09766,1.00,1.00
2016.04.06 21:31:28.480,1.09755,1.09766,1.00,1.00
2016.04.06 21:31:28.582,1.09753,1.09765,1.00,1.00
2016.04.06 21:31:28.633,1.09751,1.09763,2.51,1.00
2016.04.06 21:31:29.207,1.09751,1.09763,2.25,1.00
2016.04.06 21:31:32.516,1.09752,1.09763,1.25,1.00
2016.04.06 21:31:36.367,1.09755,1.09769,1.00,4.08
2016.04.06 21:31:37.008,1.09756,1.0977,1.00,3.33
2016.04.06 21:31:38.599,1.09755,1.0977,1.00,3.33
2016.04.06 21:31:46.618,1.09754,1.09768,1.57,2.50
2016.04.06 21:31:46.998,1.09754,1.09766,1.10,1.00
2016.04.06 21:31:47.302,1.09754,1.09766,1.10,2.51
2016.04.06 21:31:51.341,1.09752,1.09765,3.26,1.29
2016.04.06 21:31:54.516,1.09756,1.09762,1.00,1.00
2016.04.06 21:31:57.843,1.09755,1.09762,1.00,1.00
2016.04.06 21:32:01.306,1.09755,1.09765,1.00,1.00
2016.04.06 21:32:02.955,1.09754,1.09765,1.00,1.09
2016.04.06 21:32:04.134,1.09753,1.09765,1.00,1.00
2016.04.06 21:32:04.236,1.09753,1.0976,1.00,1.00
2016.04.06 21:32:05.308,1.09752,1.0976,2.44,1.00
2016.04.06 21:32:07.126,1.09752,1.09761,1.69,1.00
2016.04.06 21:32:09.419,1.09752,1.09762,1.21,1.00
2016.04.06 21:32:09.925,1.09752,1.09762,1.52,1.00
2016.04.06 21:32:12.426,1.09753,1.09764,1.02,1.00
2016.04.06 21:32:12.528,1.09753,1.09762,1.27,1.00
2016.04.06 21:32:12.630,1.09753,1.09764,1.27,1.00
2016.04.06 21:32:14.422,1.09753,1.09764,2.25,1.50
2016.04.06 21:32:18.657,1.09754,1.09764,1.00,1.50
2016.04.06 21:32:19.556,1.09754,1.09766,1.27,1.00
2016.04.06 21:32:20.094,1.09754,1.09766,1.46,1.00
2016.04.06 21:32:20.644,1.09754,1.09765,1.19,1.00
2016.04.06 21:32:21.491,1.09753,1.09765,1.77,1.00
2016.04.06 21:32:23.097,1.09753,1.09764,1.50,1.00
2016.04.06 21:32:31.366,1.09753,1.09765,1.77,1.00
2016.04.06 21:32:37.578,1.09753,1.09764,1.50,1.00
2016.04.06 21:32:52.912,1.09753,1.09763,1.50,1.00
2016.04.06 21:32:54.901,1.09753,1.09764,1.50,1.00
2016.04.06 21:32:58.393,1.09753,1.09763,1.50,1.00
2016.04.06 21:33:01.040,1.09751,1.09763,5.33,1.00
2016.04.06 21:33:02.189,1.09753,1.09763,1.00,1.00
2016.04.06 21:33:02.702,1.09753,1.09762,1.00,1.00
2016.04.06 21:33:03.272,1.09752,1.09762,2.44,1.00
2016.04.06 21:33:07.690,1.09752,1.09763,2.44,1.00
2016.04.06 21:33:08.920,1.0976,1.09771,1.00,1.00
2016.04.06 21:33:09.427,1.09761,1.09772,1.10,1.50
2016.04.06 21:33:10.213,1.09762,1.09772,1.00,1.00
2016.04.06 21:33:12.875,1.09763,1.09773,1.00,1.25
2016.04.06 21:33:13.180,1.09764,1.09774,1.31,1.00
2016.04.06 21:33:15.775,1.09765,1.09776,1.32,1.25
2016.04.06 21:33:15.826,1.09768,1.09777,1.19,1.00
2016.04.06 21:33:15.928,1.09768,1.09775,1.50,1.00
2016.04.06 21:33:16.030,1.09766,1.09775,1.69,1.00
2016.04.06 21:33:16.283,1.09764,1.09775,1.25,1.00
2016.04.06 21:33:18.441,1.09762,1.09774,1.76,1.00
2016.04.06 21:33:19.316,1.09763,1.09774,3.19,1.00
2016.04.06 21:33:19.468,1.09763,1.09774,3.82,1.00
2016.04.06 21:33:20.101,1.09763,1.09773,1.10,1.00
2016.04.06 21:33:41.765,1.09763,1.09773,1.69,1.00
2016.04.06 21:33:42.683,1.09764,1.09774,1.76,1.00
2016.04.06 21:33:55.365,1.09764,1.09773,2.06,1.00
2016.04.06 21:33:55.517,1.09763,1.09773,1.50,1.00
2016.04.06 21:34:14.345,1.09763,1.09777,2.62,1.19
2016.04.06 21:34:14.792,1.09766,1.09777,1.00,1.19
2016.04.06 21:34:15.085,1.09766,1.09777,1.00,1.19
2016.04.06 21:34:17.191,1.09764,1.09776,1.12,1.12
2016.04.06 21:34:17.762,1.09763,1.09776,3.00,1.29
2016.04.06 21:34:23.967,1.09763,1.09776,3.75,1.29
2016.04.06 21:34:26.736,1.09763,1.09776,3.75,1.22
2016.04.06 21:34:44.518,1.09764,1.09774,1.50,1.00
2016.04.06 21:34:51.975,1.09764,1.09775,1.50,1.00
2016.04.06 21:34:52.710,1.0976,1.09769,1.50,1.00
2016.04.06 21:34:52.764,1.09759,1.09769,2.25,1.00
2016.04.06 21:34:58.895,1.0976,1.09768,1.00,1.00
2016.04.06 21:35:10.130,1.09759,1.09775,1.02,2.41
2016.04.06 21:35:10.534,1.09761,1.09776,1.50,5.71
2016.04.06 21:35:11.066,1.09761,1.09776,1.75,4.58
2016.04.06 21:35:11.575,1.09762,1.09776,2.25,4.21
2016.04.06 21:35:19.385,1.09762,1.09776,2.52,1.52
2016.04.06 21:35:21.366,1.09762,1.09771,1.37,3.27
2016.04.06 21:35:21.813,1.09754,1.09766,3.64,1.66
2016.04.06 21:35:21.967,1.09756,1.0977,1.37,1.21
2016.04.06 21:35:22.170,1.09757,1.09772,1.50,2.33
2016.04.06 21:35:22.687,1.09758,1.09773,1.00,2.33
2016.04.06 21:35:24.233,1.09759,1.09773,1.00,1.69
2016.04.06 21:35:24.469,1.09761,1.09773,1.00,1.69
2016.04.06 21:35:29.249,1.09761,1.09773,1.00,1.50
2016.04.06 21:35:31.152,1.09758,1.09773,1.69,1.50
2016.04.06 21:35:33.953,1.0976,1.09773,1.00,1.50
2016.04.06 21:35:35.559,1.09758,1.09773,1.69,1.50
2016.04.06 21:35:38.944,1.0976,1.09773,1.00,1.50
2016.04.06 21:35:40.166,1.0976,1.09771,1.00,1.00
2016.04.06 21:35:40.680,1.0976,1.09772,1.00,1.00
2016.04.06 21:35:45.692,1.09759,1.09771,1.00,1.00
2016.04.06 21:35:50.584,1.0976,1.09772,1.00,1.00
2016.04.06 21:35:53.669,1.09757,1.09762,3.00,1.69
2016.04.06 21:35:53.770,1.09758,1.09764,1.50,1.95
2016.04.06 21:35:53.821,1.09756,1.09759,1.00,1.50
2016.04.06 21:35:53.923,1.09757,1.09769,1.00,1.00
2016.04.06 21:36:05.891,1.09757,1.09768,1.00,1.00
2016.04.06 21:36:06.262,1.09757,1.09767,1.00,1.75
2016.04.06 21:36:06.611,1.09752,1.09762,1.19,3.94
2016.04.06 21:36:38.341,1.0975,1.09762,1.19,3.08
2016.04.06 21:36:41.500,1.0975,1.09762,1.19,3.08
2016.04.06 21:36:42.062,1.0975,1.09762,1.37,1.02
2016.04.06 21:36:42.113,1.09751,1.09765,4.02,3.94
2016.04.06 21:36:42.164,1.09752,1.09766,1.27,3.83
2016.04.06 21:36:42.702,1.09753,1.09767,1.02,2.33
2016.04.06 21:36:44.241,1.09753,1.09767,1.02,2.71
2016.04.06 21:36:47.213,1.09753,1.09767,1.02,1.21
2016.04.06 21:36:50.862,1.09755,1.09768,1.00,3.16
2016.04.06 21:36:53.906,1.09754,1.09766,1.12,1.00
2016.04.06 21:36:54.955,1.09754,1.09766,1.00,1.50
2016.04.06 21:36:59.352,1.09755,1.09767,1.00,2.25
2016.04.06 21:37:12.753,1.09755,1.09762,1.00,1.00
2016.04.06 21:37:12.855,1.09752,1.09762,1.12,1.00
2016.04.06 21:37:14.721,1.09751,1.09762,1.12,1.00
2016.04.06 21:37:25.259,1.09752,1.09762,1.00,1.00
2016.04.06 21:38:02.425,1.09752,1.09764,1.12,1.00
2016.04.06 21:38:02.938,1.09753,1.09765,1.00,3.07
2016.04.06 21:38:26.087,1.09751,1.09763,1.02,1.00
2016.04.06 21:38:36.308,1.09749,1.09762,1.56,1.00
2016.04.06 21:38:52.499,1.09748,1.09763,6.27,1.50
2016.04.06 21:38:56.247,1.0975,1.09762,1.00,1.12
2016.04.06 21:38:58.348,1.09748,1.09761,4.02,1.00
2016.04.06 21:38:59.118,1.09749,1.09761,1.96,1.00
2016.04.06 21:39:01.230,1.09749,1.09762,1.77,1.00
2016.04.06 21:39:07.602,1.09749,1.09761,1.02,1.00
2016.04.06 21:39:09.249,1.09748,1.0976,3.27,1.50
2016.04.06 21:39:09.666,1.0974,1.09751,1.00,1.00
2016.04.06 21:39:09.726,1.09735,1.09748,1.27,1.00
2016.04.06 21:39:09.828,1.09736,1.09752,3.27,1.00
2016.04.06 21:39:09.981,1.09736,1.09754,3.27,4.09
2016.04.06 21:39:10.957,1.09736,1.09754,3.27,4.16
2016.04.06 21:39:13.959,1.09735,1.09753,4.02,2.44
2016.04.06 21:39:14.821,1.09736,1.09752,3.27,1.00
2016.04.06 21:39:14.872,1.09736,1.09754,3.27,2.59
2016.04.06 21:39:16.421,1.09735,1.09753,3.27,1.84
2016.04.06 21:39:20.122,1.09732,1.09753,1.27,1.00
2016.04.06 21:39:20.858,1.09732,1.09753,1.00,1.00
2016.04.06 21:39:23.947,1.09732,1.09753,1.27,1.00
2016.04.06 21:39:24.530,1.09732,1.09753,1.00,1.00
2016.04.06 21:39:30.074,1.09734,1.09754,1.00,1.50
2016.04.06 21:39:30.226,1.09732,1.09753,1.00,1.00
2016.04.06 21:39:33.962,1.09733,1.09753,1.00,1.00
2016.04.06 21:39:34.510,1.09732,1.09753,1.00,1.00
2016.04.06 21:39:35.131,1.09733,1.09753,1.00,1.00
2016.04.06 21:39:36.666,1.09732,1.09753,1.00,1.00
2016.04.06 21:39:39.872,1.09731,1.09753,1.00,1.00
2016.04.06 21:39:40.445,1.09733,1.09753,1.00,1.00
2016.04.06 21:39:40.648,1.09736,1.09758,1.00,1.12
2016.04.06 21:39:41.251,1.09735,1.09758,1.00,1.12
2016.04.06 21:39:43.693,1.09737,1.0976,1.00,1.37
2016.04.06 21:39:43.795,1.09735,1.09757,1.00,1.00
2016.04.06 21:39:44.202,1.09734,1.09755,1.00,1.00
2016.04.06 21:39:45.116,1.09736,1.09755,1.00,1.00
2016.04.06 21:39:45.447,1.09739,1.09756,1.02,1.00
2016.04.06 21:39:47.211,1.09739,1.09757,1.02,1.00
2016.04.06 21:39:47.699,1.09733,1.09751,1.02,1.00
2016.04.06 21:39:49.877,1.09733,1.09752,1.02,1.00
2016.04.06 21:39:51.001,1.09732,1.09751,1.27,1.00
2016.04.06 21:39:51.269,1.0973,1.09751,1.00,1.00
2016.04.06 21:39:59.744,1.09728,1.09751,1.00,1.00
2016.04.06 21:40:02.844,1.09728,1.0975,1.00,1.00
2016.04.06 21:40:07.549,1.09726,1.0975,1.00,1.00
2016.04.06 21:40:08.503,1.09726,1.09749,1.00,1.00
2016.04.06 21:40:09.020,1.09726,1.09748,1.00,1.00
2016.04.06 21:40:09.645,1.09727,1.09748,1.00,1.00
2016.04.06 21:40:16.222,1.09721,1.09746,1.00,1.00
2016.04.06 21:40:16.470,1.09721,1.09743,1.00,1.50
2016.04.06 21:40:16.834,1.09716,1.09742,1.00,1.50
2016.04.06 21:40:18.258,1.09716,1.0974,1.00,1.50
2016.04.06 21:40:18.743,1.09713,1.09739,1.50,2.25
2016.04.06 21:40:19.384,1.0971,1.09739,1.31,2.25
2016.04.06 21:40:19.486,1.09711,1.09739,1.31,2.25
2016.04.06 21:40:30.599,1.09711,1.09739,4.01,4.50
2016.04.06 21:40:30.903,1.09705,1.09731,2.62,2.25
2016.04.06 21:40:31.208,1.09705,1.09724,1.00,1.00
2016.04.06 21:40:31.743,1.09705,1.09725,1.00,2.25
2016.04.06 21:40:32.272,1.09705,1.09726,1.00,2.25
2016.04.06 21:40:32.785,1.09705,1.09722,1.00,1.00
2016.04.06 21:40:33.312,1.09705,1.09722,1.37,1.00
2016.04.06 21:40:33.818,1.09705,1.09722,1.12,1.00
2016.04.06 21:40:33.921,1.09706,1.09724,1.00,1.00
2016.04.06 21:40:36.691,1.09706,1.09725,1.00,1.00
2016.04.06 21:40:38.314,1.09705,1.09724,1.87,1.00
2016.04.06 21:40:39.821,1.09706,1.09725,1.00,1.00
2016.04.06 21:40:40.345,1.09707,1.09726,1.00,1.00
2016.04.06 21:40:42.809,1.09708,1.09726,1.00,1.00
2016.04.06 21:40:43.941,1.09708,1.09727,1.00,1.00
2016.04.06 21:40:44.639,1.09708,1.09729,1.00,2.25
2016.04.06 21:40:44.995,1.09708,1.09727,1.00,3.27
2016.04.06 21:40:46.193,1.09708,1.09729,1.00,2.25
2016.04.06 21:40:46.397,1.09708,1.09731,1.00,2.25
2016.04.06 21:40:48.653,1.09707,1.09731,1.87,2.25
2016.04.06 21:40:48.805,1.09701,1.09729,1.50,2.25
2016.04.06 21:40:48.907,1.09698,1.09726,1.00,1.00
2016.04.06 21:40:49.211,1.09692,1.0972,1.50,1.00
2016.04.06 21:40:49.742,1.09691,1.09721,1.87,1.00
2016.04.06 21:40:49.796,1.09691,1.09721,1.00,1.00
2016.04.06 21:40:50.406,1.09691,1.09722,1.12,2.25
2016.04.06 21:40:52.881,1.09691,1.09722,1.94,2.25
2016.04.06 21:40:52.933,1.09698,1.09726,2.32,1.00
2016.04.06 21:40:53.034,1.09698,1.0973,2.51,3.00
2016.04.06 21:40:55.006,1.09702,1.0972,1.00,1.96
2016.04.06 21:40:55.163,1.09702,1.0972,1.10,1.96
2016.04.06 21:40:55.626,1.09705,1.0972,1.00,1.21
2016.04.06 21:40:56.134,1.09701,1.0972,1.75,1.21
2016.04.06 21:40:56.338,1.09699,1.0972,1.00,4.77
2016.04.06 21:40:56.440,1.09695,1.09718,1.75,1.50
2016.04.06 21:40:56.492,1.09695,1.09718,1.00,1.50
2016.04.06 21:40:56.543,1.09689,1.09716,1.10,1.50
2016.04.06 21:40:56.646,1.09683,1.09713,4.50,1.50
2016.04.06 21:40:56.697,1.09683,1.09713,3.75,1.50
2016.04.06 21:40:57.230,1.09682,1.09712,1.00,1.50
2016.04.06 21:40:58.905,1.09682,1.09712,1.37,1.50
2016.04.06 21:40:59.407,1.09683,1.09712,3.00,1.50
2016.04.06 21:41:00.838,1.09688,1.09709,1.00,3.27
2016.04.06 21:41:01.184,1.09688,1.09702,1.00,1.50
2016.04.06 21:41:01.235,1.09686,1.09702,1.10,1.50
2016.04.06 21:41:02.097,1.09685,1.09702,1.87,1.50
2016.04.06 21:41:03.595,1.09685,1.09702,1.12,1.50
2016.04.06 21:41:04.275,1.09683,1.09702,4.50,1.77
2016.04.06 21:41:05.583,1.09687,1.09702,1.12,1.77
2016.04.06 21:41:05.634,1.09695,1.09702,1.00,1.50
2016.04.06 21:41:05.939,1.09711,1.09722,1.00,1.50
2016.04.06 21:41:06.573,1.0971,1.09722,1.50,1.50
2016.04.06 21:41:06.675,1.09708,1.09722,1.00,1.50
2016.04.06 21:41:07.004,1.09708,1.0972,1.10,1.19
2016.04.06 21:41:07.512,1.09707,1.0972,1.50,1.19
2016.04.06 21:41:09.260,1.09713,1.09727,1.00,1.00
2016.04.06 21:41:09.766,1.09714,1.09727,1.00,1.00
2016.04.06 21:41:12.277,1.09713,1.09727,1.00,1.00
2016.04.06 21:41:13.071,1.09713,1.09728,1.00,1.00
2016.04.06 21:41:13.274,1.09715,1.09728,1.00,1.00
2016.04.06 21:41:14.374,1.09716,1.09728,1.00,1.00
2016.04.06 21:41:18.464,1.09715,1.09728,1.00,1.00
2016.04.06 21:41:20.696,1.09715,1.09729,1.00,1.00
2016.04.06 21:41:21.852,1.09716,1.09729,1.00,1.00
2016.04.06 21:41:22.703,1.09716,1.0973,1.00,1.12
2016.04.06 21:41:23.974,1.09717,1.0973,1.00,1.12
2016.04.06 21:41:25.664,1.09716,1.0973,1.00,1.12
2016.04.06 21:41:27.150,1.09717,1.0973,1.00,1.12
2016.04.06 21:41:28.781,1.09717,1.09731,1.00,1.00
2016.04.06 21:41:30.572,1.09718,1.09731,1.00,1.00
2016.04.06 21:41:31.079,1.09719,1.09732,1.00,1.00
2016.04.06 21:41:32.212,1.09719,1.09733,1.00,1.00
2016.04.06 21:41:32.870,1.0972,1.09733,1.00,1.00
2016.04.06 21:41:33.564,1.09719,1.09733,1.00,1.00
2016.04.06 21:41:34.071,1.09719,1.09735,1.00,1.00
2016.04.06 21:41:34.771,1.09719,1.09736,1.00,3.00
2016.04.06 21:41:44.001,1.09721,1.09736,1.00,1.50
2016.04.06 21:41:45.591,1.09723,1.09736,1.00,1.50
2016.04.06 21:41:45.897,1.09731,1.09746,1.00,1.00
2016.04.06 21:41:46.447,1.09732,1.09749,1.00,1.94
2016.04.06 21:41:47.508,1.09734,1.09748,1.00,1.25
2016.04.06 21:41:47.712,1.09731,1.09746,1.22,1.00
2016.04.06 21:41:47.914,1.09728,1.09746,2.62,1.00
2016.04.06 21:41:47.965,1.09728,1.09746,2.62,1.00
2016.04.06 21:41:52.227,1.09728,1.09746,1.12,1.12
2016.04.06 21:41:55.618,1.09728,1.09744,1.12,1.00
2016.04.06 21:41:56.119,1.09727,1.09743,1.20,1.00
2016.04.06 21:41:56.921,1.09727,1.09744,1.67,1.00
2016.04.06 21:41:57.403,1.09727,1.09744,1.92,1.00
2016.04.06 21:41:57.454,1.09729,1.09746,3.36,1.00
2016.04.06 21:42:01.022,1.0973,1.09745,1.67,1.00
2016.04.06 21:42:01.124,1.09731,1.09748,3.17,1.00
2016.04.06 21:42:01.225,1.09734,1.09751,1.22,1.00
2016.04.06 21:42:01.328,1.09733,1.09749,3.17,1.00
2016.04.06 21:42:03.299,1.09733,1.09749,2.49,1.00
2016.04.06 21:42:06.051,1.09733,1.0975,3.62,1.00
2016.04.06 21:42:06.456,1.09735,1.09752,1.00,1.12
2016.04.06 21:42:06.760,1.09736,1.09753,2.04,1.12
2016.04.06 21:42:07.721,1.09739,1.09753,1.20,1.00
2016.04.06 21:42:08.026,1.0974,1.09755,1.31,1.00
2016.04.06 21:42:08.533,1.09742,1.09756,1.12,1.00
2016.04.06 21:42:10.470,1.09742,1.09755,1.12,1.00
2016.04.06 21:42:10.521,1.09741,1.09755,1.12,1.00
2016.04.06 21:42:10.572,1.09739,1.09753,2.79,1.00
2016.04.06 21:42:10.623,1.09739,1.09753,2.12,1.00
2016.04.06 21:42:11.683,1.09739,1.09754,2.42,1.00
2016.04.06 21:42:12.254,1.09739,1.09755,2.42,1.00
2016.04.06 21:42:12.767,1.0974,1.09755,1.74,1.00
2016.04.06 21:42:15.521,1.0974,1.09755,1.74,1.00
2016.04.06 21:42:16.324,1.0974,1.09755,2.42,1.50
2016.04.06 21:42:17.280,1.0974,1.09754,2.42,1.00
2016.04.06 21:42:17.534,1.0974,1.09755,2.90,1.00
2016.04.06 21:42:18.077,1.09743,1.09758,1.00,2.81
2016.04.06 21:42:18.684,1.09742,1.09757,2.25,1.29
2016.04.06 21:42:19.213,1.09742,1.09757,1.00,1.69
2016.04.06 21:42:20.244,1.09743,1.09757,1.00,1.69
2016.04.06 21:42:25.790,1.09741,1.09758,2.25,2.51
2016.04.06 21:42:25.841,1.09741,1.09758,2.25,1.87
2016.04.06 21:42:26.352,1.0974,1.09757,1.00,1.50
2016.04.06 21:42:26.999,1.0974,1.09757,1.00,1.12
2016.04.06 21:42:31.396,1.09739,1.09758,1.00,1.00
2016.04.06 21:42:32.081,1.09739,1.09759,1.00,1.12
2016.04.06 21:42:32.183,1.09737,1.09757,2.62,1.00
2016.04.06 21:42:33.222,1.09737,1.09758,1.87,1.25
2016.04.06 21:42:33.820,1.09738,1.09759,1.00,1.31
2016.04.06 21:42:34.948,1.09737,1.09759,2.25,1.31
2016.04.06 21:42:36.428,1.09737,1.09759,1.50,1.94
2016.04.06 21:42:38.989,1.0974,1.09759,1.00,2.25
2016.04.06 21:42:40.150,1.09737,1.09759,1.50,1.75
2016.04.06 21:42:40.970,1.09737,1.09753,1.50,1.00
2016.04.06 21:42:41.275,1.09734,1.0975,1.00,1.00
2016.04.06 21:42:42.390,1.09733,1.0975,1.50,1.00
2016.04.06 21:42:42.704,1.09733,1.09747,1.00,1.00
2016.04.06 21:42:45.563,1.09733,1.09746,1.00,1.00
2016.04.06 21:42:47.518,1.09733,1.09746,1.00,1.19
2016.04.06 21:42:48.026,1.09734,1.09744,1.00,1.10
2016.04.06 21:42:50.712,1.09733,1.09744,1.00,1.00
2016.04.06 21:42:51.901,1.09733,1.09742,1.00,1.50
2016.04.06 21:42:52.205,1.09736,1.09742,1.00,1.69
2016.04.06 21:43:02.175,1.0973,1.09745,1.00,1.69
2016.04.06 21:43:02.226,1.0973,1.09744,1.00,1.25
2016.04.06 21:43:04.702,1.09729,1.09744,1.50,1.25
2016.04.06 21:43:10.117,1.09729,1.09742,1.00,1.00
2016.04.06 21:43:12.024,1.09732,1.09745,1.00,2.14
2016.04.06 21:43:12.534,1.09732,1.09745,1.00,1.69
2016.04.06 21:43:13.507,1.09733,1.09745,1.00,1.56
2016.04.06 21:43:13.812,1.09736,1.09745,1.00,1.31
2016.04.06 21:43:15.907,1.09733,1.09746,1.50,2.06
2016.04.06 21:43:17.770,1.09733,1.09745,1.00,1.07
2016.04.06 21:43:17.821,1.09735,1.09747,1.00,3.94
2016.04.06 21:43:17.973,1.09735,1.09747,1.00,1.50
2016.04.06 21:43:18.530,1.09735,1.09748,1.00,1.37
2016.04.06 21:43:19.022,1.09733,1.09746,1.00,1.00
2016.04.06 21:43:20.083,1.09732,1.09744,1.00,1.00
2016.04.06 21:43:39.410,1.09734,1.09746,1.00,1.50
2016.04.06 21:43:40.717,1.09727,1.09745,2.62,1.00
2016.04.06 21:43:40.769,1.09727,1.09745,2.62,1.12
2016.04.06 21:43:43.912,1.09728,1.09742,3.27,1.00
2016.04.06 21:43:45.507,1.09727,1.09745,2.62,1.12
2016.04.06 21:43:48.948,1.09728,1.09743,3.27,1.00
2016.04.06 21:43:49.107,1.09727,1.09745,2.62,1.12
2016.04.06 21:43:53.928,1.0973,1.09742,1.00,1.00
2016.04.06 21:43:58.536,1.09729,1.09741,1.00,1.00
2016.04.06 21:43:58.840,1.09727,1.09739,1.00,1.00
2016.04.06 21:44:00.540,1.09726,1.09738,1.00,1.00
2016.04.06 21:44:01.042,1.09725,1.09737,1.00,1.00
2016.04.06 21:44:04.851,1.09727,1.09739,1.00,1.00
2016.04.06 21:44:12.263,1.09727,1.09738,1.00,1.00
2016.04.06 21:44:24.364,1.0973,1.09743,1.00,1.77
2016.04.06 21:44:24.466,1.09735,1.09745,1.00,1.37
2016.04.06 21:44:24.569,1.09737,1.09748,1.00,1.12
2016.04.06 21:44:25.077,1.09737,1.09751,1.00,4.02
2016.04.06 21:44:26.078,1.09736,1.0975,1.00,1.27
2016.04.06 21:44:37.182,1.09728,1.09746,6.27,3.27
2016.04.06 21:44:37.823,1.09727,1.09745,5.15,3.27
2016.04.06 21:44:48.185,1.09728,1.09745,4.02,3.27
2016.04.06 21:44:48.726,1.09728,1.09744,1.27,3.27
2016.04.06 21:44:53.312,1.09728,1.09744,1.27,3.27
2016.04.06 21:44:54.906,1.09728,1.09749,1.00,1.50
2016.04.06 21:44:58.992,1.09728,1.09742,1.27,1.00
2016.04.06 21:44:59.500,1.09728,1.09741,1.27,1.00
2016.04.06 21:45:00.798,1.09728,1.09741,1.27,1.00
2016.04.06 21:45:01.001,1.09728,1.09749,1.00,1.66
2016.04.06 21:45:03.956,1.09728,1.09741,1.27,1.00
2016.04.06 21:45:05.566,1.09728,1.09748,1.00,1.25
2016.04.06 21:45:06.104,1.09728,1.09748,1.00,1.31
2016.04.06 21:45:06.654,1.09727,1.09748,1.00,1.31
2016.04.06 21:45:10.917,1.09727,1.09749,1.00,2.51
2016.04.06 21:45:15.599,1.09727,1.09749,1.00,2.51
2016.04.06 21:45:17.905,1.09729,1.09741,1.00,1.00
2016.04.06 21:45:18.108,1.09727,1.09749,1.00,2.51
2016.04.06 21:45:18.406,1.09729,1.09741,1.00,1.00
2016.04.06 21:45:23.350,1.09727,1.09749,1.00,2.04
2016.04.06 21:45:27.994,1.09729,1.09741,1.00,1.00
2016.04.06 21:45:35.628,1.09727,1.09749,1.00,2.51
2016.04.06 21:45:38.967,1.0973,1.09742,1.00,1.00
2016.04.06 21:45:40.342,1.09727,1.09749,1.00,2.51
2016.04.06 21:45:42.476,1.0973,1.09742,1.00,1.00
2016.04.06 21:46:21.512,1.09731,1.09742,1.00,1.00
2016.04.06 21:46:23.200,1.09735,1.09747,1.00,1.19
2016.04.06 21:46:23.251,1.09735,1.09747,1.00,1.25
2016.04.06 21:46:28.980,1.09734,1.09746,1.00,1.00
2016.04.06 21:46:45.621,1.09734,1.09749,1.00,2.79
2016.04.06 21:46:49.001,1.09737,1.09751,1.00,2.79
2016.04.06 21:46:49.678,1.09736,1.09751,1.00,2.79
2016.04.06 21:46:54.329,1.09738,1.09751,1.00,1.37
2016.04.06 21:46:54.880,1.09737,1.09751,1.00,1.50
2016.04.06 21:46:56.525,1.09737,1.09751,1.00,1.50
2016.04.06 21:46:57.011,1.09737,1.09751,1.00,1.00
2016.04.06 21:46:59.094,1.09737,1.0975,1.00,1.00
2016.04.06 21:47:00.524,1.09739,1.0975,1.00,1.00
2016.04.06 21:47:01.073,1.09738,1.0975,1.00,1.12
2016.04.06 21:47:02.542,1.09738,1.0975,1.00,1.37
2016.04.06 21:47:07.329,1.09739,1.09749,1.00,1.00
2016.04.06 21:47:08.827,1.09734,1.09749,1.67,1.00
2016.04.06 21:47:13.018,1.09734,1.09747,1.00,1.00
2016.04.06 21:47:13.951,1.09734,1.09747,1.65,1.00
2016.04.06 21:47:15.821,1.09734,1.09748,1.65,1.12
2016.04.06 21:47:16.355,1.09734,1.09748,1.40,1.02
2016.04.06 21:47:23.264,1.09734,1.09749,1.40,1.40
2016.04.06 21:47:28.279,1.09734,1.09748,1.27,1.87
2016.04.06 21:47:33.939,1.09734,1.09748,1.65,1.12
2016.04.06 21:47:35.558,1.09734,1.09748,1.27,1.87
2016.04.06 21:47:39.161,1.09736,1.09747,1.00,1.00
2016.04.06 21:47:43.887,1.09737,1.09747,1.00,1.00
2016.04.06 21:47:54.683,1.09738,1.09749,1.00,1.32
2016.04.06 21:48:09.979,1.09737,1.09749,1.00,1.76
2016.04.06 21:48:17.630,1.09738,1.09748,1.00,1.07
2016.04.06 21:48:29.075,1.09739,1.09749,1.00,1.32
2016.04.06 21:48:38.755,1.0974,1.09751,1.00,1.26
2016.04.06 21:48:43.081,1.09739,1.09751,1.00,1.31
2016.04.06 21:48:47.763,1.09738,1.0975,1.00,1.69
2016.04.06 21:48:49.048,1.09738,1.09744,1.00,1.00
2016.04.06 21:48:49.150,1.09731,1.09743,1.58,1.07
2016.04.06 21:48:49.354,1.09732,1.09747,3.46,1.00
2016.04.06 21:48:52.574,1.09732,1.09746,4.21,1.00
2016.04.06 21:49:01.615,1.09732,1.09747,4.28,1.00
2016.04.06 21:49:04.215,1.09732,1.09746,1.56,1.00
2016.04.06 21:49:14.691,1.09733,1.09746,1.27,1.00
2016.04.06 21:49:15.909,1.09732,1.09746,2.03,1.00
2016.04.06 21:49:16.416,1.09735,1.09747,1.02,1.00
2016.04.06 21:49:17.204,1.09736,1.09747,1.00,1.00
2016.04.06 21:49:17.711,1.09737,1.09747,1.00,1.00
2016.04.06 21:49:17.813,1.09733,1.09747,4.77,1.00
2016.04.06 21:49:19.006,1.09735,1.09746,1.00,1.00
2016.04.06 21:49:19.514,1.09734,1.09746,3.00,1.00
2016.04.06 21:49:20.392,1.09735,1.09746,1.00,1.00
2016.04.06 21:49:20.901,1.09734,1.09746,3.37,1.00
2016.04.06 21:49:21.409,1.09734,1.09746,2.25,1.00
2016.04.06 21:49:21.911,1.09734,1.09746,1.87,1.00
2016.04.06 21:49:23.522,1.09736,1.09746,1.00,1.00
2016.04.06 21:49:25.725,1.09735,1.09746,1.50,1.00
2016.04.06 21:49:26.909,1.09736,1.09746,1.00,1.00
2016.04.06 21:49:27.625,1.09737,1.09746,1.00,1.00
2016.04.06 21:49:27.956,1.09739,1.09746,1.00,1.00
2016.04.06 21:49:28.482,1.09739,1.09747,1.00,1.00
2016.04.06 21:49:28.787,1.09739,1.09749,1.50,1.25
2016.04.06 21:49:29.390,1.09739,1.09749,3.00,1.19
2016.04.06 21:49:31.420,1.0974,1.09748,1.00,1.25
2016.04.06 21:49:33.407,1.09739,1.09749,2.25,1.19
2016.04.06 21:49:33.910,1.09738,1.09749,1.00,1.19
2016.04.06 21:49:34.516,1.0974,1.09749,1.00,1.19
2016.04.06 21:49:44.985,1.09739,1.09749,1.00,1.19
2016.04.06 21:49:45.493,1.09738,1.09749,1.00,1.19
2016.04.06 21:49:53.433,1.09737,1.09749,3.00,1.19
2016.04.06 21:49:53.941,1.09738,1.09749,1.12,1.19
2016.04.06 21:49:54.448,1.09737,1.09749,2.25,1.19
2016.04.06 21:49:55.218,1.09738,1.09749,1.00,1.19
2016.04.06 21:49:55.726,1.09737,1.09749,2.25,1.19
2016.04.06 21:49:57.804,1.09738,1.09749,1.00,1.19
2016.04.06 21:49:59.112,1.09737,1.09749,1.87,1.19
2016.04.06 21:49:59.467,1.09739,1.09749,1.00,1.19
2016.04.06 21:50:01.283,1.09738,1.0975,1.50,1.19
2016.04.06 21:50:02.403,1.09737,1.09749,1.00,1.19
2016.04.06 21:50:04.859,1.09738,1.0975,1.00,1.19
2016.04.06 21:50:08.772,1.09737,1.09749,1.00,1.19
2016.04.06 21:50:09.360,1.09738,1.09749,1.00,1.19
2016.04.06 21:50:09.901,1.09737,1.09749,1.00,1.19
2016.04.06 21:50:10.473,1.09738,1.09749,1.00,1.19
2016.04.06 21:50:13.888,1.09737,1.09749,1.50,1.19
2016.04.06 21:50:14.617,1.09738,1.0975,1.00,1.19
2016.04.06 21:50:15.828,1.09737,1.09749,1.00,1.19
2016.04.06 21:50:19.893,1.09738,1.09749,1.00,1.19
2016.04.06 21:50:20.418,1.09737,1.09749,1.50,1.19
2016.04.06 21:50:20.925,1.09739,1.09751,1.00,3.83
2016.04.06 21:50:25.192,1.0974,1.09751,1.00,2.06
2016.04.06 21:50:25.701,1.09739,1.09751,1.00,2.06
2016.04.06 21:50:34.606,1.09734,1.09745,1.12,1.00
2016.04.06 21:50:35.130,1.09732,1.09745,1.27,1.00
2016.04.06 21:50:44.041,1.0973,1.09744,3.27,1.00
2016.04.06 21:50:49.921,1.0973,1.09745,3.27,1.00
2016.04.06 21:50:50.466,1.09732,1.09746,3.27,1.10
2016.04.06 21:50:55.031,1.09733,1.09747,3.27,1.07
2016.04.06 21:50:55.547,1.09737,1.09748,1.00,1.07
2016.04.06 21:50:59.826,1.09735,1.09749,4.02,1.32
2016.04.06 21:51:01.298,1.09735,1.09749,1.77,1.32
2016.04.06 21:51:01.807,1.09736,1.09748,1.02,1.32
2016.04.06 21:51:02.315,1.09735,1.09749,4.77,1.26
2016.04.06 21:51:02.834,1.09735,1.09748,1.27,1.07
2016.04.06 21:51:03.411,1.09736,1.09749,1.27,1.26
2016.04.06 21:51:04.722,1.09738,1.0975,1.00,1.76
2016.04.06 21:51:06.431,1.09739,1.0975,1.00,1.76
2016.04.06 21:51:06.482,1.09739,1.0975,1.00,1.69
2016.04.06 21:51:06.989,1.0974,1.0975,1.50,1.19
2016.04.06 21:51:07.518,1.09739,1.09749,1.00,1.25
2016.04.06 21:51:09.260,1.0974,1.09749,3.00,1.25
2016.04.06 21:51:13.304,1.09742,1.0975,1.00,1.00
2016.04.06 21:51:13.366,1.09743,1.09752,1.00,1.50
2016.04.06 21:51:13.874,1.09742,1.09753,1.00,1.00
2016.04.06 21:51:15.580,1.09742,1.09754,1.50,1.00
2016.04.06 21:51:15.783,1.09744,1.09754,1.00,1.00
2016.04.06 21:51:18.959,1.09744,1.09755,1.00,1.00
2016.04.06 21:51:20.119,1.09745,1.09755,1.00,1.00
2016.04.06 21:51:20.172,1.09745,1.09758,1.00,1.37
2016.04.06 21:51:20.274,1.09746,1.09762,1.00,1.87
2016.04.06 21:51:20.605,1.09751,1.09766,1.00,1.37
2016.04.06 21:51:20.707,1.09751,1.09766,1.00,1.12
2016.04.06 21:51:21.065,1.09749,1.09767,1.69,1.50
2016.04.06 21:51:21.570,1.09749,1.09767,1.25,1.00
2016.04.06 21:51:22.116,1.0975,1.09767,1.50,1.00
2016.04.06 21:51:23.870,1.0975,1.09768,1.50,1.00
2016.04.06 21:51:24.159,1.09752,1.09768,1.50,1.00
2016.04.06 21:51:24.667,1.09753,1.0977,2.25,1.62
2016.04.06 21:51:28.070,1.09758,1.09776,1.00,3.56
2016.04.06 21:51:28.121,1.09758,1.09776,1.50,1.69
2016.04.06 21:51:28.629,1.09759,1.09776,1.00,1.56
2016.04.06 21:51:29.798,1.0976,1.09776,1.00,1.56
2016.04.06 21:51:30.444,1.09759,1.09776,1.00,1.56
2016.04.06 21:51:30.495,1.0976,1.09776,1.50,1.00
2016.04.06 21:51:31.127,1.0976,1.09779,2.25,1.19
2016.04.06 21:51:32.190,1.09761,1.09779,1.00,1.19
2016.04.06 21:51:32.722,1.0976,1.09778,1.50,1.25
2016.04.06 21:51:34.810,1.0976,1.09779,1.00,3.19
2016.04.06 21:51:35.605,1.09761,1.09779,1.00,1.94
2016.04.06 21:51:35.953,1.09765,1.09781,1.00,2.06
2016.04.06 21:51:37.208,1.09765,1.09778,1.00,1.25
2016.04.06 21:51:40.972,1.09764,1.09781,1.00,2.06
2016.04.06 21:51:42.372,1.09765,1.09781,1.00,2.06
2016.04.06 21:51:43.170,1.09765,1.09781,1.00,2.81
2016.04.06 21:51:44.801,1.0976,1.09781,1.00,2.06
2016.04.06 21:51:46.138,1.0976,1.09781,1.00,2.06
2016.04.06 21:51:47.537,1.0976,1.09781,1.00,2.81
2016.04.06 21:51:49.084,1.0976,1.09779,1.00,1.69
2016.04.06 21:51:49.237,1.09758,1.09779,2.25,1.69
2016.04.06 21:51:53.918,1.09759,1.09781,1.00,2.06
2016.04.06 21:51:56.711,1.09758,1.09779,2.25,1.31
2016.04.06 21:51:58.978,1.09758,1.09776,1.50,1.00
2016.04.06 21:51:59.915,1.09754,1.09778,2.62,1.00
2016.04.06 21:52:00.016,1.09756,1.09779,1.00,1.25
2016.04.06 21:52:03.978,1.09759,1.09775,1.00,1.00
2016.04.06 21:52:05.579,1.09756,1.09779,1.00,1.31
2016.04.06 21:52:09.000,1.09759,1.09775,1.00,1.00
2016.04.06 21:52:10.114,1.09761,1.09773,1.00,1.00
2016.04.06 21:52:12.702,1.09756,1.09779,1.00,1.69
2016.04.06 21:52:13.220,1.09756,1.09779,1.00,1.31
2016.04.06 21:52:19.209,1.09763,1.09779,1.00,1.31
2016.04.06 21:52:19.516,1.09763,1.09774,1.00,1.00
2016.04.06 21:52:23.621,1.09763,1.09772,1.00,1.00
2016.04.06 21:52:28.993,1.09763,1.09773,1.00,1.00
2016.04.06 21:52:30.211,1.09763,1.09772,1.00,1.00
2016.04.06 21:52:30.515,1.09763,1.0977,1.00,1.00
2016.04.06 21:52:32.502,1.09758,1.0977,1.02,1.00
2016.04.06 21:52:32.604,1.09752,1.09767,4.25,1.00
2016.04.06 21:52:32.908,1.09749,1.09763,3.27,1.00
2016.04.06 21:52:37.817,1.09747,1.09762,5.15,1.00
2016.04.06 21:52:40.635,1.09746,1.09761,4.40,1.00
2016.04.06 21:52:41.580,1.09745,1.09759,3.27,1.00
2016.04.06 21:52:41.897,1.09741,1.09756,6.08,1.00
2016.04.06 21:52:42.224,1.0974,1.09754,3.27,1.00
2016.04.06 21:52:46.387,1.09747,1.09754,1.00,1.00
2016.04.06 21:52:46.895,1.09747,1.09755,1.00,1.00
2016.04.06 21:52:49.375,1.09742,1.09755,1.27,1.00
2016.04.06 21:52:49.742,1.09748,1.09755,1.00,1.00
2016.04.06 21:52:53.656,1.09748,1.09756,1.00,1.00
2016.04.06 21:52:55.964,1.09748,1.09757,1.00,1.00
2016.04.06 21:52:56.015,1.09748,1.09759,1.00,1.00
2016.04.06 21:53:00.155,1.09748,1.0976,1.50,1.00
2016.04.06 21:53:00.256,1.09751,1.09763,1.00,1.37
2016.04.06 21:53:00.987,1.09751,1.09763,1.00,1.00
2016.04.06 21:53:05.791,1.09753,1.09765,1.00,1.00
2016.04.06 21:53:15.154,1.09754,1.09766,1.00,1.00
2016.04.06 21:53:36.055,1.09753,1.09765,1.00,1.00
2016.04.06 21:53:41.965,1.09754,1.09766,1.00,1.00
2016.04.06 21:53:44.871,1.09749,1.09764,5.52,1.00
2016.04.06 21:53:45.218,1.09739,1.09753,3.83,1.00
2016.04.06 21:53:45.522,1.09737,1.09751,3.27,1.00
2016.04.06 21:53:46.054,1.09735,1.0975,3.68,1.00
2016.04.06 21:53:47.029,1.09734,1.09749,4.96,1.00
2016.04.06 21:53:51.479,1.09733,1.09748,3.27,1.00
2016.04.06 21:53:56.626,1.09738,1.09752,3.65,1.00
2016.04.06 21:53:56.677,1.09737,1.09751,3.83,1.00
2016.04.06 21:54:03.783,1.09736,1.0975,1.83,1.00
2016.04.06 21:54:05.493,1.09736,1.09751,3.46,1.00
2016.04.06 21:54:05.595,1.09739,1.09754,3.27,1.00
2016.04.06 21:54:05.697,1.09742,1.09759,3.27,3.92
2016.04.06 21:54:08.883,1.09743,1.0976,3.27,3.17
2016.04.06 21:54:09.515,1.09743,1.0976,3.27,2.79
2016.04.06 21:54:12.083,1.09742,1.09759,3.27,2.79
2016.04.06 21:54:12.494,1.0974,1.09765,1.50,1.37
2016.04.06 21:54:12.545,1.0974,1.09765,3.00,1.37
2016.04.06 21:54:13.450,1.09741,1.09765,1.12,1.87
2016.04.06 21:54:14.001,1.09743,1.09761,3.27,2.79
2016.04.06 21:54:14.396,1.09747,1.09763,1.27,2.79
2016.04.06 21:54:15.000,1.09749,1.09763,1.00,2.79
2016.04.06 21:54:16.995,1.0975,1.09764,1.00,2.79
2016.04.06 21:54:17.924,1.09751,1.09766,1.00,3.17
2016.04.06 21:54:19.026,1.09753,1.09768,1.00,3.17
2016.04.06 21:54:20.219,1.09752,1.09766,1.00,2.79
2016.04.06 21:54:24.024,1.09754,1.09768,1.00,3.17
2016.04.06 21:54:25.631,1.09753,1.09768,1.00,2.79
2016.04.06 21:54:27.385,1.09756,1.0977,1.00,2.79
2016.04.06 21:54:27.892,1.09758,1.09773,1.00,2.79
2016.04.06 21:54:28.676,1.09757,1.09779,1.50,1.31
2016.04.06 21:54:33.963,1.09761,1.09775,1.00,2.98
2016.04.06 21:54:34.197,1.09757,1.09778,2.25,1.66
2016.04.06 21:54:35.920,1.09762,1.09774,1.00,1.00
2016.04.06 21:54:36.908,1.09759,1.09777,1.00,1.31
2016.04.06 21:54:37.475,1.09757,1.09774,2.25,1.00
2016.04.06 21:54:38.005,1.09757,1.09775,2.25,1.25
2016.04.06 21:54:38.553,1.09758,1.09776,1.00,1.31
2016.04.06 21:54:44.002,1.0976,1.09772,1.00,1.00
2016.04.06 21:54:44.205,1.09758,1.09776,1.00,1.31
2016.04.06 21:54:45.931,1.09761,1.09773,1.00,1.00
2016.04.06 21:54:47.884,1.09761,1.09772,1.00,1.00
2016.04.06 21:54:47.986,1.09758,1.09776,1.00,1.31
2016.04.06 21:54:49.025,1.09761,1.09773,1.00,1.00
2016.04.06 21:54:50.110,1.09761,1.09772,1.00,1.00
2016.04.06 21:54:50.616,1.09761,1.09773,1.00,1.00
2016.04.06 21:54:51.122,1.09759,1.09771,1.00,1.00
2016.04.06 21:54:51.224,1.09756,1.09773,1.00,1.50
2016.04.06 21:54:51.728,1.09756,1.09772,1.00,1.00
2016.04.06 21:54:52.448,1.09756,1.09772,1.19,1.00
2016.04.06 21:54:53.143,1.09756,1.09773,1.00,1.00
2016.04.06 21:54:53.685,1.09756,1.09772,1.00,1.00
2016.04.06 21:54:54.192,1.09756,1.09773,1.00,1.50
2016.04.06 21:54:55.029,1.09757,1.09773,1.00,1.00
2016.04.06 21:54:59.001,1.09758,1.0977,1.00,1.00
2016.04.06 21:54:59.402,1.09757,1.09773,1.00,1.00
2016.04.06 21:55:01.381,1.09757,1.09772,1.00,1.00
2016.04.06 21:55:01.432,1.09757,1.09769,1.50,1.00
2016.04.06 21:55:08.511,1.09757,1.09767,1.00,1.00
2016.04.06 21:55:09.040,1.09757,1.09766,1.00,1.00
2016.04.06 21:55:09.933,1.09757,1.09767,1.00,1.00
2016.04.06 21:55:10.622,1.09753,1.0977,1.69,1.50
2016.04.06 21:55:11.079,1.09757,1.09769,1.00,1.00
2016.04.06 21:55:11.911,1.09757,1.09768,1.00,1.00
2016.04.06 21:55:12.216,1.09757,1.09765,1.00,1.00
2016.04.06 21:55:12.369,1.09751,1.09764,1.00,1.00
2016.04.06 21:55:13.008,1.09751,1.09762,1.00,1.00
2016.04.06 21:55:13.060,1.09744,1.09762,1.19,1.00
2016.04.06 21:55:16.885,1.09741,1.09763,2.06,1.00
2016.04.06 21:55:17.853,1.09741,1.09763,1.69,1.37
2016.04.06 21:55:18.955,1.09748,1.0976,1.00,1.00
2016.04.06 21:55:20.582,1.0974,1.09763,2.04,1.12
2016.04.06 21:55:21.089,1.0974,1.09763,2.89,1.00
2016.04.06 21:55:26.997,1.09749,1.09761,1.00,1.00
2016.04.06 21:55:27.283,1.0974,1.09763,4.01,1.00
2016.04.06 21:55:28.975,1.09749,1.09761,1.00,1.00
2016.04.06 21:55:30.164,1.09741,1.09763,1.31,1.00
2016.04.06 21:55:34.023,1.09749,1.09761,1.00,1.00
2016.04.06 21:55:53.986,1.09751,1.09761,1.00,1.00
2016.04.06 21:55:59.111,1.09751,1.09762,1.00,1.00
2016.04.06 21:56:00.393,1.0975,1.09762,1.00,1.00
2016.04.06 21:56:00.952,1.0975,1.09761,1.00,1.00
2016.04.06 21:56:04.805,1.09749,1.09761,1.00,1.00
2016.04.06 21:56:10.883,1.09744,1.0976,4.96,1.00
2016.04.06 21:56:11.199,1.09744,1.0975,1.00,1.00
2016.04.06 21:56:11.252,1.09738,1.0975,1.77,1.00
2016.04.06 21:56:11.405,1.09738,1.09748,1.50,1.00
2016.04.06 21:56:18.505,1.09738,1.09746,1.50,1.00
2016.04.06 21:56:20.555,1.09738,1.09745,1.50,1.00
2016.04.06 21:56:23.962,1.09738,1.09744,1.50,1.00
2016.04.06 21:56:31.057,1.09738,1.09746,1.50,1.00
2016.04.06 21:56:31.159,1.09738,1.09749,1.50,1.00
2016.04.06 21:56:31.265,1.0974,1.09751,1.00,1.02
2016.04.06 21:56:31.571,1.09748,1.09762,1.00,1.65
2016.04.06 21:56:31.673,1.09748,1.09762,1.00,1.65
2016.04.06 21:56:34.291,1.09749,1.09763,1.00,1.65
2016.04.06 21:56:34.969,1.09751,1.09764,1.00,2.15
2016.04.06 21:56:35.274,1.09754,1.09767,1.00,1.65
2016.04.06 21:56:40.358,1.09749,1.09762,3.27,1.00
2016.04.06 21:56:40.460,1.09746,1.09763,3.27,1.27
2016.04.06 21:56:40.562,1.09745,1.09759,3.27,1.00
2016.04.06 21:56:40.664,1.09739,1.09759,1.46,1.00
2016.04.06 21:56:40.968,1.0974,1.09761,1.25,1.00
2016.04.06 21:56:43.964,1.09747,1.09761,1.00,1.27
2016.04.06 21:56:45.720,1.0974,1.09761,1.25,1.00
2016.04.06 21:56:48.995,1.09747,1.09761,1.00,4.02
2016.04.06 21:56:50.597,1.09739,1.09761,1.69,1.00
2016.04.06 21:56:54.015,1.09746,1.09761,1.00,4.02
2016.04.06 21:56:55.602,1.09739,1.09761,1.69,1.00
2016.04.06 21:56:56.254,1.09739,1.09759,1.69,1.00
2016.04.06 21:56:58.965,1.0974,1.09758,3.46,3.27
2016.04.06 21:56:59.887,1.0974,1.09758,3.46,3.27
2016.04.06 21:57:00.648,1.09739,1.09759,1.19,1.00
2016.04.06 21:57:01.365,1.0974,1.09756,3.46,1.00
2016.04.06 21:57:01.684,1.09734,1.09753,1.56,1.00
2016.04.06 21:57:01.799,1.09736,1.09751,3.46,1.00
2016.04.06 21:57:04.001,1.09735,1.0975,3.46,1.00
2016.04.06 21:57:04.306,1.09734,1.09748,1.46,1.00
2016.04.06 21:57:04.408,1.09734,1.09753,1.19,1.00
2016.04.06 21:57:08.917,1.09734,1.09755,1.19,1.00
2016.04.06 21:57:08.968,1.09742,1.09756,1.00,1.00
2016.04.06 21:57:09.121,1.09742,1.09758,1.00,1.00
2016.04.06 21:57:13.980,1.09742,1.09753,1.00,1.00
2016.04.06 21:57:14.385,1.09737,1.09758,1.25,1.00
2016.04.06 21:57:14.437,1.09731,1.09755,1.94,1.00
2016.04.06 21:57:14.742,1.09734,1.09755,1.19,1.00
2016.04.06 21:57:19.140,1.09734,1.09749,4.21,1.00
2016.04.06 21:57:19.586,1.09734,1.09755,1.19,1.00
2016.04.06 21:57:24.025,1.09734,1.09748,4.21,1.00
2016.04.06 21:57:24.182,1.09734,1.09755,1.19,1.00
2016.04.06 21:57:26.905,1.09743,1.09753,1.00,1.00
2016.04.06 21:57:27.018,1.09743,1.09758,1.00,1.50
2016.04.06 21:57:30.143,1.09743,1.09759,1.00,1.00
2016.04.06 21:58:00.475,1.09743,1.0976,1.00,1.87
2016.04.06 21:58:12.672,1.09738,1.0976,1.00,1.87
2016.04.06 21:58:12.825,1.09734,1.0976,1.31,2.62
2016.04.06 21:58:13.332,1.09732,1.09759,2.06,1.00
2016.04.06 21:58:19.711,1.09732,1.0976,1.56,2.62
2016.04.06 21:58:33.792,1.09733,1.0976,1.19,1.87
2016.04.06 21:58:45.810,1.09733,1.0976,1.19,1.87
2016.04.06 21:58:46.115,1.09734,1.09757,1.34,1.00
2016.04.06 21:58:55.240,1.09735,1.09758,1.34,1.50
2016.04.06 21:58:55.748,1.09734,1.09757,1.34,1.00
2016.04.06 21:59:05.740,1.09737,1.09758,0.19,0.75
2016.04.06 21:59:18.338,1.09737,1.09756,0.19,0.75
2016.04.06 21:59:18.389,1.09734,1.09756,0.19,0.75
2016.04.06 21:59:39.528,1.09734,1.09755,0.19,0.75
2016.04.06 21:59:41.157,1.0973,1.09755,0.37,0.75
2016.04.06 21:59:41.596,1.09729,1.09753,0.56,0.75
2016.04.06 21:59:44.117,1.09734,1.09753,0.19,0.75
2016.04.06 21:59:47.831,1.09731,1.09753,0.19,0.75
2016.04.06 21:59:52.015,1.09741,1.09753,0.75,0.75
2016.04.06 21:59:52.472,1.09741,1.09755,0.75,0.75
