2016.04.13 22:00:00.149,1.09274,1.09282,0.75,0.37
2016.04.13 22:00:00.463,1.09273,1.09279,0.75,0.75
2016.04.13 22:00:01.147,1.09273,1.0928,0.75,0.75
2016.04.13 22:00:01.656,1.09273,1.09279,0.75,0.75
2016.04.13 22:00:03.449,1.09273,1.09278,0.75,0.75
2016.04.13 22:00:04.573,1.09273,1.09284,0.75,0.75
2016.04.13 22:00:05.586,1.09273,1.09283,0.75,0.75
2016.04.13 22:00:06.106,1.09274,1.09284,0.75,0.75
2016.04.13 22:00:06.868,1.09274,1.09283,0.75,0.75
2016.04.13 22:00:07.404,1.09273,1.09284,0.75,0.75
2016.04.13 22:00:09.284,1.09273,1.09283,0.75,0.75
2016.04.13 22:00:15.654,1.09272,1.09281,0.75,0.75
2016.04.13 22:00:21.274,1.09272,1.0928,1.12,0.75
2016.04.13 22:00:23.963,1.09272,1.09279,1.12,0.75
2016.04.13 22:00:24.880,1.09272,1.09278,0.45,0.75
2016.04.13 22:00:26.282,1.09272,1.09277,0.45,0.75
2016.04.13 22:00:26.798,1.09272,1.09278,0.45,0.75
2016.04.13 22:00:29.093,1.09272,1.0928,1.12,0.75
2016.04.13 22:00:30.698,1.09272,1.09281,1.12,0.75
2016.04.13 22:00:31.903,1.09272,1.0928,1.12,0.75
2016.04.13 22:00:33.106,1.09272,1.09279,1.12,0.75
2016.04.13 22:00:33.157,1.09269,1.09276,0.75,0.10
2016.04.13 22:00:33.312,1.0927,1.09279,0.75,0.75
2016.04.13 22:00:35.508,1.0927,1.09278,0.75,0.75
2016.04.13 22:00:36.015,1.0927,1.09277,0.75,0.19
2016.04.13 22:00:36.117,1.0927,1.09275,0.75,0.19
2016.04.13 22:00:36.403,1.09268,1.09275,0.75,0.19
2016.04.13 22:00:36.910,1.09267,1.09275,0.75,2.44
2016.04.13 22:00:37.908,1.09266,1.09275,0.45,2.44
2016.04.13 22:00:39.554,1.09264,1.09275,1.50,2.44
2016.04.13 22:00:39.808,1.09264,1.09272,2.25,0.75
2016.04.13 22:00:40.013,1.09265,1.09274,0.75,3.00
2016.04.13 22:00:40.235,1.09267,1.09273,0.75,0.75
2016.04.13 22:00:40.438,1.09265,1.09273,0.75,0.75
2016.04.13 22:00:40.490,1.09267,1.09274,0.75,1.50
2016.04.13 22:00:41.027,1.09266,1.09273,0.75,0.75
2016.04.13 22:00:41.669,1.09267,1.09273,0.75,0.75
2016.04.13 22:00:42.020,1.09267,1.09271,0.75,0.75
2016.04.13 22:00:42.071,1.09265,1.09271,0.75,0.75
2016.04.13 22:00:42.572,1.09266,1.09271,0.75,0.75
2016.04.13 22:00:43.168,1.09267,1.09272,0.75,0.75
2016.04.13 22:00:43.219,1.09267,1.09274,0.75,2.25
2016.04.13 22:00:44.293,1.0927,1.09274,2.25,0.75
2016.04.13 22:00:44.446,1.09274,1.0928,0.75,0.75
2016.04.13 22:00:44.497,1.09272,1.0928,1.20,0.75
2016.04.13 22:00:44.600,1.09274,1.0928,0.75,0.75
2016.04.13 22:00:45.265,1.09273,1.0928,0.75,0.75
2016.04.13 22:00:45.783,1.09274,1.0928,0.75,0.75
2016.04.13 22:00:46.320,1.09274,1.09281,0.75,0.19
2016.04.13 22:00:46.826,1.09273,1.09281,0.75,0.19
2016.04.13 22:00:47.348,1.09274,1.09281,0.75,0.19
2016.04.13 22:00:49.094,1.09273,1.09281,0.75,0.19
2016.04.13 22:00:50.134,1.09272,1.09281,1.20,0.94
2016.04.13 22:00:50.667,1.09273,1.09281,0.75,0.19
2016.04.13 22:00:52.227,1.09272,1.09281,1.20,0.94
2016.04.13 22:00:52.748,1.09273,1.09281,0.75,0.19
2016.04.13 22:00:53.292,1.09272,1.09281,1.20,0.94
2016.04.13 22:00:54.011,1.09272,1.0928,1.20,0.75
2016.04.13 22:00:54.826,1.09272,1.09281,1.20,0.94
2016.04.13 22:00:55.415,1.09273,1.09281,0.75,0.94
2016.04.13 22:00:56.048,1.09272,1.09281,1.20,0.94
2016.04.13 22:00:57.722,1.09272,1.0928,0.45,0.75
2016.04.13 22:00:58.330,1.09272,1.09281,1.20,0.94
2016.04.13 22:00:58.933,1.09272,1.0928,1.20,0.75
2016.04.13 22:00:59.469,1.09272,1.09281,1.20,0.94
2016.04.13 22:01:00.519,1.09275,1.09281,0.75,0.19
2016.04.13 22:01:00.722,1.09282,1.09291,0.75,0.75
2016.04.13 22:01:00.773,1.09284,1.09291,0.45,1.50
2016.04.13 22:01:01.128,1.09284,1.09293,1.20,1.69
2016.04.13 22:01:01.632,1.09284,1.09292,0.45,0.94
2016.04.13 22:01:02.146,1.09284,1.0929,0.45,0.19
2016.04.13 22:01:02.654,1.09284,1.09289,0.45,0.75
2016.04.13 22:01:02.981,1.09284,1.09287,0.45,0.19
2016.04.13 22:01:03.591,1.09284,1.09288,0.45,0.94
2016.04.13 22:01:07.654,1.09284,1.09289,0.45,0.75
2016.04.13 22:01:07.959,1.09284,1.09287,0.45,0.19
2016.04.13 22:01:08.766,1.09284,1.09288,0.45,1.01
2016.04.13 22:01:10.759,1.09284,1.09287,0.45,0.19
2016.04.13 22:01:18.991,1.09284,1.09288,0.45,0.82
2016.04.13 22:01:20.736,1.09284,1.09289,0.45,0.94
2016.04.13 22:01:21.244,1.09284,1.09288,0.45,0.82
2016.04.13 22:01:21.345,1.09284,1.0929,0.45,0.75
2016.04.13 22:01:21.865,1.09284,1.09289,0.45,0.75
2016.04.13 22:01:22.372,1.09284,1.09288,0.45,0.82
2016.04.13 22:01:25.335,1.09284,1.09287,0.45,0.75
2016.04.13 22:01:25.883,1.09284,1.09288,0.45,1.01
2016.04.13 22:01:26.167,1.09284,1.09286,0.45,0.10
2016.04.13 22:01:26.700,1.09284,1.09287,0.45,0.19
2016.04.13 22:01:26.812,1.09284,1.0929,0.45,0.75
2016.04.13 22:01:27.341,1.09284,1.09289,0.45,0.75
2016.04.13 22:01:27.849,1.09284,1.09288,0.45,0.82
2016.04.13 22:01:28.356,1.09284,1.09287,0.45,0.10
2016.04.13 22:01:39.579,1.09284,1.09288,0.45,0.19
2016.04.13 22:01:39.806,1.09284,1.0929,0.45,0.75
2016.04.13 22:01:40.111,1.09284,1.09288,0.45,0.75
2016.04.13 22:01:45.655,1.09284,1.09289,0.45,0.75
2016.04.13 22:01:45.966,1.09284,1.09287,0.45,0.75
2016.04.13 22:01:46.831,1.09284,1.09288,0.45,0.75
2016.04.13 22:01:47.536,1.09284,1.09287,0.45,0.75
2016.04.13 22:01:50.250,1.09284,1.09288,0.45,0.82
2016.04.13 22:01:50.757,1.09284,1.09289,0.45,0.75
2016.04.13 22:01:51.402,1.09284,1.09291,1.20,0.94
2016.04.13 22:01:51.453,1.09284,1.09289,0.45,0.75
2016.04.13 22:01:52.163,1.09284,1.09288,0.45,0.75
2016.04.13 22:01:54.030,1.09284,1.09289,0.45,0.75
2016.04.13 22:01:54.563,1.09284,1.09288,0.45,0.75
2016.04.13 22:01:54.766,1.09284,1.0929,1.20,0.75
2016.04.13 22:01:55.272,1.09284,1.09289,0.45,0.75
2016.04.13 22:01:55.797,1.09284,1.09288,0.45,0.75
2016.04.13 22:01:56.638,1.09284,1.09289,1.95,0.19
2016.04.13 22:01:56.740,1.09285,1.09291,1.50,0.75
2016.04.13 22:01:57.329,1.09284,1.09289,0.45,0.75
2016.04.13 22:01:57.836,1.09284,1.0929,1.20,0.75
2016.04.13 22:01:58.651,1.09284,1.09289,0.45,0.75
2016.04.13 22:01:59.376,1.09284,1.0929,1.87,0.75
2016.04.13 22:01:59.896,1.09285,1.09291,0.75,0.75
2016.04.13 22:02:00.403,1.09284,1.0929,1.87,0.75
2016.04.13 22:02:02.458,1.09284,1.09289,1.12,0.75
2016.04.13 22:02:03.639,1.09284,1.0929,1.87,0.75
2016.04.13 22:02:04.153,1.09285,1.09291,0.75,0.75
2016.04.13 22:02:04.660,1.09284,1.0929,1.87,0.75
2016.04.13 22:02:05.268,1.09285,1.09291,0.75,0.75
2016.04.13 22:02:06.043,1.09284,1.0929,1.87,0.75
2016.04.13 22:02:06.664,1.09285,1.09291,0.75,0.75
2016.04.13 22:02:07.272,1.09284,1.0929,1.87,0.75
2016.04.13 22:02:07.892,1.09285,1.09291,0.75,0.75
2016.04.13 22:02:08.489,1.09284,1.0929,1.87,0.75
2016.04.13 22:02:09.453,1.09285,1.09291,0.75,0.75
2016.04.13 22:02:09.975,1.09284,1.0929,1.87,0.75
2016.04.13 22:02:10.797,1.09285,1.09291,0.75,0.75
2016.04.13 22:02:11.357,1.09284,1.0929,1.87,0.75
2016.04.13 22:02:11.864,1.09285,1.09291,0.75,0.75
2016.04.13 22:02:12.373,1.09284,1.0929,1.87,0.75
2016.04.13 22:02:12.897,1.09285,1.09291,0.75,0.75
2016.04.13 22:02:13.497,1.09284,1.0929,1.87,0.75
2016.04.13 22:02:14.160,1.09285,1.09291,0.75,0.75
2016.04.13 22:02:14.861,1.09284,1.0929,1.87,0.75
2016.04.13 22:02:15.468,1.09285,1.09291,0.75,0.75
2016.04.13 22:02:16.242,1.09284,1.0929,1.87,0.75
2016.04.13 22:02:16.953,1.09285,1.09291,0.75,0.75
2016.04.13 22:02:17.487,1.09284,1.09286,1.12,0.75
2016.04.13 22:02:17.588,1.0928,1.09286,0.75,0.75
2016.04.13 22:02:18.095,1.09279,1.09285,0.75,0.75
2016.04.13 22:02:18.654,1.09278,1.09284,1.87,0.75
2016.04.13 22:02:19.240,1.09279,1.09285,0.75,0.75
2016.04.13 22:02:19.747,1.09278,1.09284,1.87,0.75
2016.04.13 22:02:20.253,1.09279,1.09285,0.75,0.75
2016.04.13 22:02:20.787,1.09278,1.09284,1.87,0.75
2016.04.13 22:02:21.446,1.09279,1.09285,0.75,0.75
2016.04.13 22:02:22.260,1.09278,1.09284,1.87,0.75
2016.04.13 22:02:22.766,1.09279,1.09285,0.75,0.75
2016.04.13 22:02:23.273,1.09278,1.09284,1.87,0.75
2016.04.13 22:02:23.819,1.09279,1.09285,0.75,0.75
2016.04.13 22:02:24.326,1.09278,1.09284,1.87,0.75
2016.04.13 22:02:25.049,1.09279,1.09285,0.75,0.75
2016.04.13 22:02:25.863,1.09278,1.09284,1.87,0.75
2016.04.13 22:02:26.552,1.09279,1.09285,0.75,0.75
2016.04.13 22:02:27.261,1.09278,1.09284,1.87,0.75
2016.04.13 22:02:27.767,1.09279,1.09285,0.75,0.75
2016.04.13 22:02:28.290,1.09278,1.09284,1.87,0.75
2016.04.13 22:02:28.795,1.09279,1.09285,0.75,0.75
2016.04.13 22:02:29.482,1.09278,1.09284,1.87,0.75
2016.04.13 22:02:30.091,1.09279,1.09285,0.75,0.75
2016.04.13 22:02:30.598,1.09278,1.09284,1.87,0.75
2016.04.13 22:02:31.120,1.09279,1.09285,0.75,0.75
2016.04.13 22:02:31.627,1.09278,1.09284,1.87,0.75
2016.04.13 22:02:32.133,1.09279,1.09285,0.75,0.75
2016.04.13 22:02:33.078,1.09278,1.09284,1.87,0.75
2016.04.13 22:02:33.700,1.09279,1.09285,0.75,0.75
2016.04.13 22:02:34.220,1.09278,1.09284,1.87,0.75
2016.04.13 22:02:34.751,1.09279,1.09285,0.75,0.75
2016.04.13 22:02:35.308,1.09278,1.09284,1.87,0.75
2016.04.13 22:02:35.883,1.09279,1.09285,0.75,0.75
2016.04.13 22:02:36.388,1.09278,1.09284,1.87,0.75
2016.04.13 22:02:36.894,1.0928,1.09286,0.75,0.75
2016.04.13 22:02:37.383,1.09278,1.09284,1.87,0.75
2016.04.13 22:02:37.890,1.09279,1.09285,0.75,0.75
2016.04.13 22:02:38.396,1.09278,1.09284,1.87,0.75
2016.04.13 22:02:38.943,1.09279,1.09285,0.75,0.75
2016.04.13 22:02:39.449,1.09278,1.09284,1.87,0.75
2016.04.13 22:02:40.003,1.09279,1.09285,0.75,0.75
2016.04.13 22:02:40.518,1.09278,1.09284,1.87,0.75
2016.04.13 22:02:41.025,1.09279,1.09285,0.75,0.75
2016.04.13 22:02:41.791,1.09278,1.09284,1.87,0.75
2016.04.13 22:02:42.367,1.09279,1.09285,0.75,0.75
2016.04.13 22:02:42.873,1.09278,1.09284,1.87,0.75
2016.04.13 22:02:43.380,1.09279,1.09285,0.75,0.75
2016.04.13 22:02:44.251,1.09278,1.09284,1.87,0.75
2016.04.13 22:02:44.808,1.09279,1.09285,0.75,0.75
2016.04.13 22:02:45.314,1.09278,1.09284,1.87,0.75
2016.04.13 22:02:45.849,1.09279,1.09285,0.75,0.75
2016.04.13 22:02:46.356,1.09278,1.09284,1.87,0.75
2016.04.13 22:02:46.862,1.09279,1.09285,0.75,0.75
2016.04.13 22:02:47.603,1.09278,1.09284,1.87,0.75
2016.04.13 22:02:48.210,1.09279,1.09285,0.75,0.75
2016.04.13 22:02:48.716,1.09278,1.09284,1.87,0.75
2016.04.13 22:02:49.253,1.09279,1.09285,0.75,0.75
2016.04.13 22:02:49.760,1.09278,1.09284,1.87,0.75
2016.04.13 22:02:50.266,1.09279,1.09285,0.75,0.75
2016.04.13 22:02:50.778,1.09278,1.09284,1.87,0.75
2016.04.13 22:02:51.493,1.09279,1.09285,0.75,0.75
2016.04.13 22:02:52.101,1.09278,1.09284,1.87,0.75
2016.04.13 22:02:52.611,1.09279,1.09285,0.75,0.75
2016.04.13 22:02:53.117,1.09278,1.09284,1.87,0.75
2016.04.13 22:02:53.649,1.09279,1.09285,0.75,0.75
2016.04.13 22:02:54.168,1.09278,1.09284,1.87,0.75
2016.04.13 22:02:54.725,1.09279,1.09285,0.75,0.75
2016.04.13 22:02:55.288,1.09278,1.09284,1.87,0.75
2016.04.13 22:02:55.828,1.09279,1.09285,0.75,0.75
2016.04.13 22:02:56.335,1.09278,1.09284,1.87,0.75
2016.04.13 22:02:56.893,1.09279,1.09285,0.75,0.75
2016.04.13 22:02:57.400,1.09278,1.09284,1.87,0.75
2016.04.13 22:02:57.906,1.09279,1.09285,0.75,0.75
2016.04.13 22:02:58.435,1.09278,1.09284,1.87,0.75
2016.04.13 22:02:59.093,1.09279,1.09285,0.75,0.75
2016.04.13 22:02:59.701,1.09278,1.09284,1.87,0.75
2016.04.13 22:03:00.236,1.09279,1.09285,0.75,0.75
2016.04.13 22:03:00.742,1.09278,1.09284,1.87,0.75
2016.04.13 22:03:01.248,1.09279,1.09285,0.75,0.75
2016.04.13 22:03:01.835,1.09278,1.09284,1.87,0.75
2016.04.13 22:03:02.392,1.09279,1.09285,0.75,0.75
2016.04.13 22:03:03.236,1.09278,1.09284,1.87,0.75
2016.04.13 22:03:03.793,1.09279,1.09285,0.75,0.75
2016.04.13 22:03:04.712,1.09278,1.09284,1.87,0.75
2016.04.13 22:03:05.222,1.09279,1.09285,0.75,0.75
2016.04.13 22:03:05.728,1.09278,1.09284,1.87,0.75
2016.04.13 22:03:06.247,1.09279,1.09285,0.75,0.75
2016.04.13 22:03:06.754,1.09278,1.09284,1.87,0.75
2016.04.13 22:03:07.413,1.09279,1.09285,0.75,0.75
2016.04.13 22:03:08.199,1.09278,1.09284,1.87,0.75
2016.04.13 22:03:08.806,1.09279,1.09285,0.75,0.75
2016.04.13 22:03:09.414,1.09278,1.09284,1.87,0.75
2016.04.13 22:03:09.916,1.09279,1.09285,0.75,0.75
2016.04.13 22:03:10.422,1.09278,1.09284,1.87,0.75
2016.04.13 22:03:10.954,1.09279,1.09285,0.75,0.75
2016.04.13 22:03:11.460,1.09278,1.09284,1.87,0.75
2016.04.13 22:03:12.018,1.09279,1.09285,0.75,0.75
2016.04.13 22:03:12.825,1.09278,1.09284,1.87,0.75
2016.04.13 22:03:13.433,1.09279,1.09285,0.75,0.75
2016.04.13 22:03:13.968,1.09278,1.09284,1.87,0.75
2016.04.13 22:03:14.477,1.09279,1.09285,0.75,0.75
2016.04.13 22:03:15.236,1.09278,1.09284,1.87,0.75
2016.04.13 22:03:15.820,1.09279,1.09285,0.75,0.75
2016.04.13 22:03:16.326,1.09278,1.09284,1.87,0.75
2016.04.13 22:03:16.838,1.09279,1.09285,0.75,0.75
2016.04.13 22:03:17.648,1.09278,1.09284,1.87,0.75
2016.04.13 22:03:18.257,1.09279,1.09285,0.75,0.75
2016.04.13 22:03:18.780,1.09278,1.09284,1.87,0.75
2016.04.13 22:03:19.288,1.09279,1.09285,0.75,0.75
2016.04.13 22:03:19.845,1.09278,1.09284,1.87,0.75
2016.04.13 22:03:20.403,1.09279,1.09285,0.75,0.75
2016.04.13 22:03:20.909,1.09278,1.09284,1.87,0.75
2016.04.13 22:03:21.466,1.09279,1.09285,0.75,0.75
2016.04.13 22:03:22.089,1.09278,1.09284,1.87,0.75
2016.04.13 22:03:22.851,1.09279,1.09285,0.75,0.75
2016.04.13 22:03:23.451,1.09278,1.09284,1.87,0.75
2016.04.13 22:03:23.765,1.09281,1.09287,0.75,0.75
2016.04.13 22:03:24.069,1.09284,1.09288,0.45,0.94
2016.04.13 22:03:24.576,1.09284,1.09287,0.45,0.75
2016.04.13 22:03:30.031,1.09281,1.09287,0.75,0.75
2016.04.13 22:03:30.082,1.09278,1.09284,2.92,0.75
2016.04.13 22:03:31.989,1.09279,1.09285,0.75,0.75
2016.04.13 22:03:32.568,1.09278,1.09284,1.87,0.75
2016.04.13 22:03:34.778,1.09279,1.09285,0.75,0.75
2016.04.13 22:03:35.295,1.09278,1.09284,1.87,0.75
2016.04.13 22:03:42.819,1.09278,1.09283,1.12,0.75
2016.04.13 22:03:47.074,1.09278,1.09284,1.87,0.75
2016.04.13 22:03:47.581,1.09279,1.09285,0.75,0.75
2016.04.13 22:03:51.299,1.0928,1.09286,0.75,0.75
2016.04.13 22:03:51.813,1.09279,1.09285,1.50,0.75
2016.04.13 22:03:53.728,1.0928,1.09286,0.75,0.75
2016.04.13 22:03:54.257,1.09279,1.09285,0.75,0.75
2016.04.13 22:03:54.884,1.09278,1.09284,1.87,0.75
2016.04.13 22:03:55.390,1.09278,1.09283,1.12,0.75
2016.04.13 22:04:00.817,1.09278,1.09284,3.00,0.75
2016.04.13 22:04:04.997,1.09278,1.09283,2.62,1.00
2016.04.13 22:04:07.442,1.09278,1.09284,3.37,1.00
2016.04.13 22:04:09.238,1.09278,1.09283,2.62,1.00
2016.04.13 22:04:09.741,1.09278,1.09284,3.37,1.00
2016.04.13 22:04:10.248,1.09278,1.09283,2.25,1.00
2016.04.13 22:04:10.789,1.09278,1.09284,3.00,1.00
2016.04.13 22:04:11.291,1.09278,1.09283,2.25,1.00
2016.04.13 22:04:11.747,1.09279,1.09285,1.00,1.00
2016.04.13 22:04:12.432,1.09278,1.09284,3.00,1.00
2016.04.13 22:04:13.912,1.09279,1.09285,1.00,1.00
2016.04.13 22:04:15.678,1.09278,1.09284,3.00,1.00
2016.04.13 22:04:16.422,1.09279,1.09285,1.00,1.00
2016.04.13 22:04:16.928,1.09278,1.09284,1.87,1.00
2016.04.13 22:04:17.450,1.09281,1.09282,1.00,1.50
2016.04.13 22:04:17.754,1.0928,1.09286,1.00,2.44
2016.04.13 22:04:18.756,1.09279,1.09285,1.00,1.00
2016.04.13 22:04:19.519,1.0928,1.09286,1.00,1.00
2016.04.13 22:04:25.129,1.09278,1.09284,3.75,1.00
2016.04.13 22:04:25.433,1.09281,1.09287,1.45,1.19
2016.04.13 22:04:29.067,1.09282,1.09288,1.45,1.00
2016.04.13 22:04:30.122,1.09283,1.09289,1.45,1.00
2016.04.13 22:04:30.427,1.09281,1.09287,1.45,1.00
2016.04.13 22:04:30.966,1.09282,1.09288,1.45,1.00
2016.04.13 22:04:31.425,1.0928,1.09286,1.45,1.00
2016.04.13 22:04:31.476,1.0928,1.09286,1.00,1.00
2016.04.13 22:04:32.033,1.09279,1.09285,1.00,1.00
2016.04.13 22:04:33.068,1.09278,1.09284,1.87,1.00
2016.04.13 22:04:34.043,1.09279,1.09285,1.00,1.00
2016.04.13 22:04:35.039,1.09278,1.09284,1.87,1.00
2016.04.13 22:04:45.511,1.09278,1.09283,1.20,1.00
2016.04.13 22:04:45.613,1.09278,1.09281,1.20,1.19
2016.04.13 22:04:49.422,1.09278,1.09284,1.87,1.00
2016.04.13 22:04:49.929,1.09279,1.09285,1.00,1.00
2016.04.13 22:04:50.385,1.09277,1.09283,1.45,1.00
2016.04.13 22:04:51.350,1.09278,1.09284,1.20,1.00
2016.04.13 22:04:51.879,1.09277,1.09283,1.45,1.00
2016.04.13 22:04:52.386,1.09278,1.09284,1.87,1.00
2016.04.13 22:04:52.888,1.09278,1.09283,1.12,1.00
2016.04.13 22:04:53.396,1.09276,1.09282,1.45,1.00
2016.04.13 22:04:54.354,1.09275,1.09281,1.45,1.00
2016.04.13 22:04:54.456,1.09274,1.0928,1.00,1.00
2016.04.13 22:04:55.470,1.09272,1.09278,1.95,1.00
2016.04.13 22:04:56.353,1.09273,1.09279,1.00,1.69
2016.04.13 22:04:56.860,1.09271,1.09277,1.45,1.00
2016.04.13 22:04:57.784,1.0927,1.09276,1.45,1.00
2016.04.13 22:04:58.292,1.09271,1.09277,1.45,1.50
2016.04.13 22:04:58.834,1.09272,1.09278,1.20,1.69
2016.04.13 22:04:59.341,1.09271,1.09277,1.45,1.00
2016.04.13 22:05:00.168,1.09272,1.09278,1.20,1.69
2016.04.13 22:05:00.978,1.09273,1.09278,1.00,1.25
2016.04.13 22:05:01.507,1.09272,1.09278,1.20,1.25
2016.04.13 22:05:02.169,1.09271,1.09277,1.45,1.00
2016.04.13 22:05:02.777,1.09272,1.09278,1.20,1.69
2016.04.13 22:05:05.091,1.09271,1.09277,1.45,1.00
2016.04.13 22:05:07.463,1.0927,1.09276,1.95,1.00
2016.04.13 22:05:07.970,1.09271,1.09277,1.45,1.00
2016.04.13 22:05:10.009,1.0927,1.09276,1.45,1.00
2016.04.13 22:05:10.570,1.09271,1.09277,1.45,1.00
2016.04.13 22:05:11.079,1.0927,1.09276,1.45,1.00
2016.04.13 22:05:11.587,1.09271,1.09277,1.45,1.00
2016.04.13 22:05:12.278,1.0927,1.09276,1.45,1.00
2016.04.13 22:05:12.812,1.09271,1.09277,1.45,1.00
2016.04.13 22:05:13.473,1.0927,1.09276,1.45,1.00
2016.04.13 22:05:13.874,1.09272,1.09278,1.87,1.00
2016.04.13 22:05:14.382,1.09274,1.0928,1.00,1.00
2016.04.13 22:05:14.907,1.09273,1.09279,1.00,1.00
2016.04.13 22:05:15.414,1.09274,1.0928,1.00,1.00
2016.04.13 22:05:15.971,1.09273,1.09279,1.00,1.00
2016.04.13 22:05:16.520,1.09274,1.0928,1.00,1.00
2016.04.13 22:05:17.027,1.09273,1.09279,1.00,1.00
2016.04.13 22:05:17.435,1.09275,1.09281,1.00,1.00
2016.04.13 22:05:17.739,1.09273,1.09279,1.00,1.00
2016.04.13 22:05:18.247,1.09275,1.09281,1.00,1.00
2016.04.13 22:05:18.767,1.09274,1.0928,1.00,1.00
2016.04.13 22:05:19.274,1.09273,1.09279,1.00,1.00
2016.04.13 22:05:19.811,1.09274,1.0928,1.00,1.00
2016.04.13 22:05:20.367,1.09273,1.09279,1.00,1.00
2016.04.13 22:05:20.914,1.09274,1.0928,1.00,1.00
2016.04.13 22:05:21.360,1.09277,1.09283,1.00,1.32
2016.04.13 22:05:21.462,1.09278,1.09284,1.87,1.50
2016.04.13 22:05:21.767,1.09281,1.09287,1.00,1.00
2016.04.13 22:05:22.294,1.0928,1.09286,1.00,1.00
2016.04.13 22:05:22.869,1.09279,1.09285,1.00,1.00
2016.04.13 22:05:23.376,1.0928,1.09286,1.00,1.00
2016.04.13 22:05:24.095,1.09279,1.09285,1.00,1.00
2016.04.13 22:05:24.601,1.0928,1.09286,1.00,1.00
2016.04.13 22:05:25.148,1.09279,1.09285,1.00,1.00
2016.04.13 22:05:25.655,1.0928,1.09286,1.00,1.00
2016.04.13 22:05:26.258,1.09279,1.09285,1.00,1.00
2016.04.13 22:05:26.765,1.0928,1.09286,1.00,1.00
2016.04.13 22:05:27.354,1.09279,1.09285,1.00,1.00
2016.04.13 22:05:28.063,1.0928,1.09286,1.00,1.00
2016.04.13 22:05:28.577,1.09279,1.09285,1.00,1.00
2016.04.13 22:05:29.176,1.0928,1.09286,1.00,1.00
2016.04.13 22:05:30.100,1.09279,1.09285,1.00,1.00
2016.04.13 22:05:30.607,1.0928,1.09286,1.00,1.00
2016.04.13 22:05:31.114,1.09281,1.09287,1.00,1.00
2016.04.13 22:05:31.705,1.09282,1.09288,1.00,1.00
2016.04.13 22:05:32.240,1.09281,1.09287,1.00,1.00
2016.04.13 22:05:33.071,1.09282,1.09288,1.00,1.00
2016.04.13 22:05:33.577,1.09281,1.09287,1.00,1.00
2016.04.13 22:05:34.084,1.0928,1.09286,1.00,1.00
2016.04.13 22:05:34.594,1.09279,1.09285,1.00,1.00
2016.04.13 22:05:35.479,1.0928,1.09286,1.00,1.00
2016.04.13 22:05:35.991,1.09279,1.09285,1.00,1.00
2016.04.13 22:05:37.963,1.09278,1.09284,1.87,1.00
2016.04.13 22:05:38.692,1.09279,1.09285,1.00,1.00
2016.04.13 22:05:39.478,1.09278,1.09284,1.87,1.00
2016.04.13 22:05:40.149,1.0928,1.09284,1.00,1.00
2016.04.13 22:05:40.241,1.0928,1.09286,1.69,1.00
2016.04.13 22:05:40.748,1.09281,1.09287,1.50,1.25
2016.04.13 22:05:41.262,1.0928,1.09286,1.69,1.00
2016.04.13 22:05:41.906,1.09282,1.09288,1.00,1.19
2016.04.13 22:05:42.007,1.0928,1.09286,1.69,1.00
2016.04.13 22:05:42.362,1.09282,1.09287,1.00,1.00
2016.04.13 22:05:43.022,1.09281,1.09287,2.25,1.00
2016.04.13 22:05:45.173,1.0928,1.09286,1.00,1.00
2016.04.13 22:05:45.578,1.09278,1.09284,2.06,1.00
2016.04.13 22:05:46.176,1.09278,1.09284,1.87,1.00
2016.04.13 22:05:47.308,1.09279,1.09285,1.00,1.00
2016.04.13 22:05:47.824,1.09278,1.09284,2.62,1.00
2016.04.13 22:05:53.705,1.09279,1.09285,1.00,1.00
2016.04.13 22:05:56.031,1.09278,1.09284,1.87,1.00
2016.04.13 22:05:56.689,1.09279,1.09285,1.00,1.00
2016.04.13 22:05:58.490,1.0928,1.09286,1.00,1.00
2016.04.13 22:05:59.040,1.09279,1.09285,1.00,1.00
2016.04.13 22:05:59.609,1.09278,1.09284,1.87,1.00
2016.04.13 22:05:59.939,1.0928,1.09286,1.00,1.00
2016.04.13 22:06:00.496,1.09279,1.09285,1.00,1.00
2016.04.13 22:06:01.733,1.09278,1.09284,1.20,1.00
2016.04.13 22:06:03.230,1.09277,1.09283,1.45,1.00
2016.04.13 22:06:06.631,1.09276,1.09282,2.32,1.00
2016.04.13 22:06:07.153,1.09277,1.09283,1.45,1.00
2016.04.13 22:06:09.916,1.09276,1.09282,1.57,1.00
2016.04.13 22:06:13.348,1.09277,1.09283,1.57,1.00
2016.04.13 22:06:13.856,1.09278,1.09284,1.20,1.00
2016.04.13 22:06:14.365,1.09277,1.09283,1.70,1.00
2016.04.13 22:06:19.940,1.09276,1.09282,1.64,1.00
2016.04.13 22:06:23.024,1.09278,1.09284,1.20,1.00
2016.04.13 22:06:23.936,1.09277,1.09283,1.70,1.00
2016.04.13 22:06:24.472,1.09278,1.09284,1.20,1.00
2016.04.13 22:06:25.229,1.09277,1.09283,1.70,1.00
2016.04.13 22:06:25.432,1.09284,1.09285,1.12,1.00
2016.04.13 22:06:25.535,1.09284,1.09288,1.12,1.07
2016.04.13 22:06:26.042,1.09283,1.09289,1.45,1.00
2016.04.13 22:06:26.847,1.09282,1.09288,1.45,1.00
2016.04.13 22:06:28.534,1.09283,1.09289,1.45,1.00
2016.04.13 22:06:29.132,1.09282,1.09288,1.45,1.00
2016.04.13 22:06:29.740,1.09283,1.09289,1.45,1.00
2016.04.13 22:06:30.246,1.09282,1.09288,1.45,1.00
2016.04.13 22:06:31.470,1.09283,1.09289,1.45,1.00
2016.04.13 22:06:31.986,1.09282,1.09288,1.45,1.00
2016.04.13 22:06:32.507,1.09283,1.09289,1.45,1.00
2016.04.13 22:06:33.013,1.09282,1.09288,1.45,1.00
2016.04.13 22:06:33.536,1.0928,1.09286,1.57,1.00
2016.04.13 22:06:33.689,1.0928,1.09286,1.00,1.00
2016.04.13 22:06:34.200,1.09281,1.09287,1.00,1.00
2016.04.13 22:06:34.722,1.0928,1.09286,1.00,1.00
2016.04.13 22:06:37.157,1.09282,1.09288,1.00,1.00
2016.04.13 22:06:37.473,1.09282,1.09288,1.45,1.00
2016.04.13 22:06:38.653,1.09283,1.09289,1.45,1.00
2016.04.13 22:06:39.434,1.09282,1.09288,1.45,1.00
2016.04.13 22:06:39.981,1.09283,1.09289,1.45,1.00
2016.04.13 22:06:42.363,1.09281,1.09287,1.45,1.00
2016.04.13 22:06:42.414,1.09281,1.09287,1.00,1.00
2016.04.13 22:06:43.344,1.0928,1.09286,1.00,1.00
2016.04.13 22:06:43.851,1.09281,1.09287,1.00,1.00
2016.04.13 22:06:44.775,1.0928,1.09286,1.00,1.00
2016.04.13 22:06:45.347,1.09281,1.09287,1.00,1.00
2016.04.13 22:06:45.963,1.09281,1.09286,1.00,1.37
2016.04.13 22:06:46.268,1.09272,1.09278,2.44,1.00
2016.04.13 22:06:46.572,1.09276,1.09281,1.45,1.00
2016.04.13 22:06:47.115,1.09276,1.09282,1.45,1.57
2016.04.13 22:06:47.632,1.09276,1.09282,1.45,3.00
2016.04.13 22:06:48.139,1.09276,1.09282,1.45,1.57
2016.04.13 22:06:48.648,1.09276,1.09282,1.45,1.07
2016.04.13 22:06:48.902,1.09274,1.0928,1.00,1.00
2016.04.13 22:06:48.953,1.09272,1.09278,1.39,1.00
2016.04.13 22:06:49.461,1.09272,1.09278,1.20,1.00
2016.04.13 22:06:49.969,1.09271,1.09277,1.70,1.00
2016.04.13 22:06:50.476,1.09269,1.09275,1.69,1.00
2016.04.13 22:06:51.396,1.0927,1.09276,1.19,1.00
2016.04.13 22:06:52.054,1.09269,1.09275,1.69,1.00
2016.04.13 22:06:52.989,1.0927,1.09276,1.19,1.00
2016.04.13 22:06:55.634,1.09269,1.09275,1.69,1.00
2016.04.13 22:06:56.157,1.0927,1.09276,1.19,1.00
2016.04.13 22:06:57.356,1.09267,1.09272,2.06,1.69
2016.04.13 22:06:57.864,1.09265,1.09271,1.45,1.19
2016.04.13 22:06:58.399,1.09263,1.09269,2.14,1.00
2016.04.13 22:06:58.959,1.09267,1.09272,1.00,1.76
2016.04.13 22:06:59.862,1.09265,1.09271,1.45,1.29
2016.04.13 22:07:02.977,1.09266,1.09272,1.20,1.00
2016.04.13 22:07:03.079,1.09268,1.09274,1.00,1.57
2016.04.13 22:07:03.586,1.09269,1.09275,1.00,1.00
2016.04.13 22:07:04.090,1.09268,1.09274,1.00,1.00
2016.04.13 22:07:04.598,1.09269,1.09275,1.00,1.00
2016.04.13 22:07:05.281,1.0927,1.09276,1.00,1.00
2016.04.13 22:07:05.789,1.09271,1.09277,1.00,1.00
2016.04.13 22:07:06.295,1.09272,1.09278,1.00,1.00
2016.04.13 22:07:06.654,1.09269,1.09273,1.00,1.50
2016.04.13 22:07:06.959,1.09267,1.09272,1.00,1.69
2016.04.13 22:07:07.465,1.09266,1.09271,1.20,1.10
2016.04.13 22:07:09.503,1.09265,1.0927,1.70,1.00
2016.04.13 22:07:10.465,1.09265,1.09271,1.70,1.57
2016.04.13 22:07:11.193,1.09264,1.0927,1.64,1.00
2016.04.13 22:07:12.171,1.09267,1.0927,1.00,1.00
2016.04.13 22:07:12.679,1.09265,1.09269,1.70,1.00
2016.04.13 22:07:13.486,1.09264,1.0927,2.14,1.50
2016.04.13 22:07:13.998,1.09265,1.09271,1.70,1.57
2016.04.13 22:07:17.555,1.09267,1.09273,1.00,1.26
2016.04.13 22:07:17.903,1.09267,1.09273,1.00,1.10
2016.04.13 22:07:18.259,1.09269,1.09275,1.00,1.00
2016.04.13 22:07:19.699,1.0927,1.09276,1.00,1.00
2016.04.13 22:07:20.881,1.09271,1.09277,1.00,1.00
2016.04.13 22:07:22.199,1.09271,1.09277,1.00,1.37
2016.04.13 22:07:22.352,1.09268,1.09272,1.00,1.50
2016.04.13 22:07:22.758,1.09265,1.09271,1.95,1.25
2016.04.13 22:07:27.046,1.09266,1.09272,1.39,1.26
2016.04.13 22:07:27.148,1.09268,1.09272,1.00,1.26
2016.04.13 22:07:27.605,1.09269,1.09272,1.69,1.50
2016.04.13 22:07:27.707,1.0927,1.09276,1.50,1.00
2016.04.13 22:07:29.061,1.09272,1.09278,1.00,1.00
2016.04.13 22:07:29.391,1.0927,1.09276,1.50,1.00
2016.04.13 22:07:29.797,1.09272,1.09278,1.00,1.00
2016.04.13 22:07:30.351,1.09271,1.09277,1.00,1.00
2016.04.13 22:07:33.074,1.0927,1.09276,1.00,1.00
2016.04.13 22:07:33.581,1.09271,1.09277,1.00,1.00
2016.04.13 22:07:34.367,1.0927,1.09276,1.50,1.00
2016.04.13 22:07:34.925,1.09271,1.09277,1.00,1.00
2016.04.13 22:07:38.106,1.09271,1.09277,1.95,1.00
2016.04.13 22:07:39.203,1.09272,1.09278,1.39,1.00
2016.04.13 22:07:39.873,1.09273,1.09279,1.00,1.00
2016.04.13 22:07:40.380,1.09272,1.09278,1.39,1.20
2016.04.13 22:07:41.810,1.09271,1.09277,1.64,1.00
2016.04.13 22:07:42.344,1.09272,1.09278,1.39,1.20
2016.04.13 22:07:43.781,1.09271,1.09277,1.19,1.00
2016.04.13 22:07:44.288,1.0927,1.09276,1.19,1.00
2016.04.13 22:07:45.672,1.09271,1.09277,1.19,1.00
2016.04.13 22:07:46.209,1.0927,1.09276,1.19,1.00
2016.04.13 22:07:46.724,1.09271,1.09277,1.19,1.00
2016.04.13 22:07:47.412,1.0927,1.09276,1.19,1.00
2016.04.13 22:07:47.717,1.09272,1.09278,1.25,1.57
2016.04.13 22:07:48.122,1.0927,1.09276,1.19,1.00
2016.04.13 22:07:52.207,1.09271,1.09277,1.19,1.00
2016.04.13 22:07:52.716,1.0927,1.09276,1.19,1.00
2016.04.13 22:07:55.800,1.09271,1.09277,1.19,1.00
2016.04.13 22:07:56.320,1.0927,1.09276,1.19,1.00
2016.04.13 22:07:59.115,1.09271,1.09277,1.19,1.00
2016.04.13 22:07:59.933,1.0927,1.09276,1.69,1.00
2016.04.13 22:08:01.833,1.09271,1.09277,1.69,1.00
2016.04.13 22:08:02.390,1.09271,1.09276,1.00,1.00
2016.04.13 22:08:02.899,1.09271,1.09276,1.19,1.00
2016.04.13 22:08:03.407,1.09271,1.09277,1.19,1.00
2016.04.13 22:08:04.818,1.0927,1.09276,1.69,1.00
2016.04.13 22:08:05.343,1.09271,1.09277,1.19,1.00
2016.04.13 22:08:07.532,1.0927,1.09276,1.19,1.00
2016.04.13 22:08:08.084,1.09271,1.09277,1.19,1.00
2016.04.13 22:08:09.136,1.09273,1.09279,1.00,1.00
2016.04.13 22:08:09.339,1.09271,1.09277,1.64,1.00
2016.04.13 22:08:13.628,1.09272,1.09278,1.39,1.00
2016.04.13 22:08:14.153,1.09273,1.09279,1.00,1.00
2016.04.13 22:08:15.223,1.09274,1.0928,1.00,1.00
2016.04.13 22:08:16.222,1.09273,1.09279,1.00,1.12
2016.04.13 22:08:16.628,1.09271,1.09277,1.19,1.00
2016.04.13 22:08:17.195,1.0927,1.09276,1.19,1.00
2016.04.13 22:08:17.953,1.09272,1.09278,1.25,1.87
2016.04.13 22:08:18.200,1.0927,1.09276,1.19,1.00
2016.04.13 22:08:18.707,1.09271,1.09277,1.19,1.50
2016.04.13 22:08:19.242,1.0927,1.09276,1.19,1.00
2016.04.13 22:08:19.777,1.09269,1.09275,1.19,1.00
2016.04.13 22:08:21.053,1.09268,1.09274,1.69,1.00
2016.04.13 22:08:21.642,1.09269,1.09275,1.19,1.00
2016.04.13 22:08:22.190,1.09268,1.09274,1.69,1.00
2016.04.13 22:08:22.697,1.09269,1.09275,1.19,1.00
2016.04.13 22:08:22.748,1.09269,1.09275,1.00,1.00
2016.04.13 22:08:23.277,1.09268,1.09274,1.00,1.00
2016.04.13 22:08:26.448,1.09268,1.0927,1.00,1.00
2016.04.13 22:08:26.600,1.09262,1.09267,1.39,1.69
2016.04.13 22:08:26.804,1.09258,1.09263,1.45,1.00
2016.04.13 22:08:27.196,1.09259,1.09265,1.45,1.00
2016.04.13 22:08:27.351,1.09259,1.09262,1.45,1.00
2016.04.13 22:08:28.009,1.09259,1.09263,1.45,1.00
2016.04.13 22:08:28.212,1.09259,1.09265,1.45,1.00
2016.04.13 22:08:28.757,1.09259,1.09264,1.45,1.00
2016.04.13 22:08:29.264,1.0926,1.09266,1.20,1.50
2016.04.13 22:08:29.468,1.09263,1.09267,1.00,1.50
2016.04.13 22:08:29.645,1.09263,1.09269,1.00,1.00
2016.04.13 22:08:30.001,1.09265,1.09271,1.00,1.00
2016.04.13 22:08:30.508,1.09266,1.09272,1.00,1.50
2016.04.13 22:08:35.520,1.09267,1.09273,1.00,1.00
2016.04.13 22:08:36.066,1.09266,1.09272,1.20,1.00
2016.04.13 22:08:36.574,1.09267,1.09273,1.00,1.00
2016.04.13 22:08:37.183,1.09266,1.09272,1.20,1.00
2016.04.13 22:08:37.690,1.09267,1.09273,1.00,1.00
2016.04.13 22:08:38.305,1.09267,1.09273,1.00,1.19
2016.04.13 22:08:38.895,1.09266,1.09272,1.20,1.19
2016.04.13 22:08:39.199,1.09267,1.09269,1.00,1.00
2016.04.13 22:08:39.504,1.09264,1.09267,1.45,1.00
2016.04.13 22:08:39.673,1.09261,1.09266,1.00,1.00
2016.04.13 22:08:39.826,1.09259,1.09263,1.45,1.00
2016.04.13 22:08:39.978,1.09259,1.09265,1.45,2.10
2016.04.13 22:08:40.282,1.09257,1.09263,1.45,1.00
2016.04.13 22:08:40.384,1.09254,1.0926,1.69,1.00
2016.04.13 22:08:40.486,1.09253,1.09257,1.00,1.00
2016.04.13 22:08:40.588,1.09255,1.0926,1.00,1.00
2016.04.13 22:08:40.885,1.09256,1.09262,1.00,1.00
2016.04.13 22:08:41.393,1.09257,1.09263,1.00,1.00
2016.04.13 22:08:41.900,1.09256,1.09262,1.00,1.00
2016.04.13 22:08:42.122,1.09258,1.09264,1.00,1.50
2016.04.13 22:08:42.427,1.09255,1.09261,1.50,1.00
2016.04.13 22:08:42.943,1.09256,1.09262,1.00,1.00
2016.04.13 22:08:43.474,1.09257,1.09263,1.00,1.00
2016.04.13 22:08:43.981,1.09256,1.09262,1.00,1.00
2016.04.13 22:08:44.459,1.09258,1.09264,1.00,1.00
2016.04.13 22:08:45.016,1.09259,1.09265,1.00,1.25
2016.04.13 22:08:45.524,1.09257,1.09263,1.00,1.00
2016.04.13 22:08:45.842,1.09259,1.09265,1.00,1.00
2016.04.13 22:08:46.503,1.09258,1.09264,1.00,1.00
2016.04.13 22:08:47.129,1.09259,1.09265,1.00,1.00
2016.04.13 22:08:47.636,1.09258,1.09264,1.00,1.00
2016.04.13 22:08:47.941,1.0926,1.09266,1.00,1.00
2016.04.13 22:08:48.474,1.09259,1.09265,1.00,1.00
2016.04.13 22:08:48.983,1.09258,1.09264,1.00,1.00
2016.04.13 22:08:49.338,1.09261,1.09267,1.00,1.25
2016.04.13 22:08:49.716,1.09259,1.09265,1.00,1.00
2016.04.13 22:08:50.224,1.0926,1.09266,1.00,1.00
2016.04.13 22:08:50.732,1.09261,1.09267,1.00,1.00
2016.04.13 22:08:51.116,1.09259,1.09265,1.00,1.00
2016.04.13 22:08:51.422,1.09261,1.09267,1.00,1.00
2016.04.13 22:08:52.646,1.09261,1.09266,1.00,1.00
2016.04.13 22:08:52.899,1.09258,1.09264,1.15,1.00
2016.04.13 22:08:53.428,1.09257,1.09263,1.00,1.00
2016.04.13 22:08:53.935,1.09258,1.09264,1.00,1.25
2016.04.13 22:08:54.038,1.09256,1.09262,1.00,1.00
2016.04.13 22:08:56.220,1.09257,1.09263,1.00,1.50
2016.04.13 22:08:57.031,1.09256,1.09262,1.00,1.00
2016.04.13 22:08:57.546,1.09257,1.09263,1.00,1.50
2016.04.13 22:08:58.053,1.09256,1.09262,1.00,1.00
2016.04.13 22:08:58.610,1.09257,1.09263,1.00,1.50
2016.04.13 22:08:59.038,1.09255,1.09261,1.50,1.00
2016.04.13 22:09:00.706,1.09257,1.09263,1.00,1.50
2016.04.13 22:09:01.213,1.09256,1.09262,1.00,1.00
2016.04.13 22:09:01.744,1.09257,1.09263,1.00,1.00
2016.04.13 22:09:02.257,1.09256,1.09262,1.00,1.00
2016.04.13 22:09:02.853,1.09257,1.09263,1.00,1.00
2016.04.13 22:09:03.360,1.09256,1.09262,1.00,1.00
2016.04.13 22:09:05.132,1.09255,1.09261,1.50,1.00
2016.04.13 22:09:05.648,1.09255,1.0926,1.00,1.00
2016.04.13 22:09:05.752,1.09256,1.09262,1.00,1.00
2016.04.13 22:09:06.259,1.09255,1.09261,1.50,1.00
2016.04.13 22:09:07.332,1.09255,1.0926,1.00,1.00
2016.04.13 22:09:07.840,1.09255,1.09261,1.00,1.00
2016.04.13 22:09:08.376,1.09256,1.09262,1.00,1.00
2016.04.13 22:09:08.936,1.09257,1.09263,1.00,1.69
2016.04.13 22:09:10.529,1.09258,1.09264,1.00,1.19
2016.04.13 22:09:11.037,1.09257,1.09263,1.00,1.25
2016.04.13 22:09:11.620,1.09256,1.09262,1.00,1.00
2016.04.13 22:09:12.221,1.09257,1.09263,1.00,1.25
2016.04.13 22:09:12.832,1.09256,1.09262,1.00,1.00
2016.04.13 22:09:13.379,1.09257,1.09263,1.00,1.00
2016.04.13 22:09:14.240,1.09256,1.09262,1.00,1.00
2016.04.13 22:09:14.787,1.09257,1.09263,1.00,1.00
2016.04.13 22:09:15.306,1.09256,1.09262,1.50,1.00
2016.04.13 22:09:15.845,1.09257,1.09263,1.00,1.00
2016.04.13 22:09:18.368,1.09258,1.09264,1.00,1.00
2016.04.13 22:09:19.792,1.09257,1.09263,1.00,1.00
2016.04.13 22:09:20.301,1.09258,1.09264,1.00,1.00
2016.04.13 22:09:20.809,1.09257,1.09263,1.00,1.00
2016.04.13 22:09:21.314,1.09258,1.09264,1.00,1.00
2016.04.13 22:09:21.873,1.09257,1.09263,1.25,1.00
2016.04.13 22:09:22.382,1.09258,1.09264,1.00,1.00
2016.04.13 22:09:24.735,1.09259,1.09265,1.00,1.50
2016.04.13 22:09:25.268,1.09258,1.09264,1.50,1.00
2016.04.13 22:09:25.775,1.09259,1.09265,1.00,1.00
2016.04.13 22:09:26.552,1.0926,1.09266,1.50,1.00
2016.04.13 22:09:27.315,1.09261,1.09267,1.00,1.00
2016.04.13 22:09:27.637,1.09263,1.09269,1.00,1.50
2016.04.13 22:09:27.942,1.09265,1.09269,1.00,1.00
2016.04.13 22:09:27.993,1.09265,1.09271,1.00,1.50
2016.04.13 22:09:28.450,1.09263,1.09269,1.00,1.00
2016.04.13 22:09:28.981,1.09264,1.0927,1.00,1.50
2016.04.13 22:09:29.955,1.09265,1.09271,1.00,1.50
2016.04.13 22:09:30.472,1.09264,1.0927,1.00,1.00
2016.04.13 22:09:30.979,1.09264,1.09269,1.00,1.00
2016.04.13 22:09:31.129,1.09265,1.09271,1.00,1.50
2016.04.13 22:09:32.515,1.09264,1.0927,1.00,1.00
2016.04.13 22:09:33.178,1.09265,1.0927,1.00,1.00
2016.04.13 22:09:33.712,1.09265,1.09271,1.00,1.00
2016.04.13 22:09:35.751,1.09266,1.09271,1.00,1.00
2016.04.13 22:09:36.257,1.09266,1.09272,1.00,1.57
2016.04.13 22:09:37.953,1.09267,1.09273,1.00,1.45
2016.04.13 22:09:38.496,1.09266,1.09272,1.00,1.20
2016.04.13 22:09:39.002,1.09267,1.09273,1.00,1.45
2016.04.13 22:09:39.509,1.09266,1.09272,1.00,1.20
2016.04.13 22:09:40.053,1.09267,1.09273,1.00,1.45
2016.04.13 22:09:40.560,1.09266,1.09272,1.00,1.20
2016.04.13 22:09:42.145,1.09265,1.09271,1.00,1.00
2016.04.13 22:09:43.325,1.09266,1.09272,1.00,1.20
2016.04.13 22:09:43.832,1.09265,1.09271,1.00,1.50
2016.04.13 22:09:45.135,1.09266,1.09271,1.00,1.00
2016.04.13 22:09:45.666,1.09266,1.09272,1.00,1.95
2016.04.13 22:09:46.538,1.09265,1.09271,1.00,1.00
2016.04.13 22:09:47.437,1.09264,1.0927,1.00,1.00
2016.04.13 22:09:48.046,1.09265,1.09271,1.00,1.00
2016.04.13 22:09:49.051,1.09264,1.0927,1.00,1.00
2016.04.13 22:09:49.570,1.09265,1.09271,1.00,1.00
2016.04.13 22:09:50.349,1.09264,1.0927,1.00,1.00
2016.04.13 22:09:51.233,1.09265,1.09271,1.00,1.00
2016.04.13 22:09:51.805,1.09264,1.0927,1.00,1.00
2016.04.13 22:09:52.450,1.09265,1.09271,1.00,1.00
2016.04.13 22:09:52.654,1.09262,1.09268,1.00,1.00
2016.04.13 22:09:53.164,1.09261,1.09267,1.00,1.00
2016.04.13 22:09:56.612,1.09262,1.09268,1.00,1.00
2016.04.13 22:09:57.383,1.09263,1.09269,1.00,1.00
2016.04.13 22:09:57.934,1.09262,1.09268,1.00,1.00
2016.04.13 22:09:58.979,1.09263,1.09269,1.00,1.00
2016.04.13 22:10:01.270,1.09265,1.09271,1.00,2.25
2016.04.13 22:10:01.574,1.09271,1.09276,1.00,1.00
2016.04.13 22:10:02.096,1.09271,1.09277,1.00,3.00
2016.04.13 22:10:02.604,1.09271,1.09276,1.00,1.00
2016.04.13 22:10:02.756,1.09268,1.09276,1.00,1.00
2016.04.13 22:10:04.457,1.09267,1.09276,1.00,1.50
2016.04.13 22:10:04.970,1.09267,1.09275,1.00,1.00
2016.04.13 22:10:05.512,1.09266,1.09275,1.00,1.00
2016.04.13 22:10:06.157,1.09267,1.09275,1.00,1.00
2016.04.13 22:10:06.664,1.09266,1.09275,1.00,1.00
2016.04.13 22:10:09.720,1.09267,1.09276,1.00,1.50
2016.04.13 22:10:09.772,1.09269,1.09275,1.00,1.00
2016.04.13 22:10:13.467,1.0927,1.09276,1.00,1.50
2016.04.13 22:10:16.808,1.0927,1.09275,1.00,1.00
2016.04.13 22:10:17.662,1.09269,1.09275,1.00,1.50
2016.04.13 22:10:18.589,1.0927,1.09276,1.00,2.25
2016.04.13 22:10:22.906,1.09269,1.09275,1.00,1.00
2016.04.13 22:10:29.277,1.0927,1.09276,1.00,1.50
2016.04.13 22:10:30.183,1.09269,1.09275,1.00,1.00
2016.04.13 22:10:33.513,1.09268,1.09274,1.00,1.00
2016.04.13 22:10:35.081,1.09269,1.09275,1.00,1.00
2016.04.13 22:10:38.490,1.0927,1.09276,1.00,1.87
2016.04.13 22:10:38.998,1.0927,1.09276,1.00,1.50
2016.04.13 22:10:39.606,1.09269,1.09275,1.00,1.00
2016.04.13 22:10:40.139,1.09269,1.09276,1.00,2.25
2016.04.13 22:10:40.662,1.09268,1.09275,1.00,1.00
2016.04.13 22:10:50.317,1.09267,1.09275,1.00,1.50
2016.04.13 22:10:50.851,1.09267,1.09274,1.00,1.00
2016.04.13 22:10:51.358,1.09268,1.09274,1.00,1.00
2016.04.13 22:10:55.436,1.09267,1.09273,1.00,1.00
2016.04.13 22:10:55.979,1.09268,1.09274,1.00,1.00
2016.04.13 22:11:03.248,1.09267,1.09273,1.00,1.00
2016.04.13 22:11:25.145,1.09268,1.09274,1.00,1.00
2016.04.13 22:11:32.866,1.09267,1.09273,1.00,1.00
2016.04.13 22:11:33.372,1.09268,1.09274,1.00,1.00
2016.04.13 22:11:34.444,1.09269,1.09275,1.00,1.00
2016.04.13 22:11:38.875,1.09268,1.09274,1.00,1.00
2016.04.13 22:11:39.409,1.09268,1.09274,1.00,1.37
2016.04.13 22:11:39.890,1.09269,1.09275,1.00,1.00
2016.04.13 22:11:48.386,1.0927,1.09276,1.00,1.00
2016.04.13 22:11:57.568,1.09253,1.09262,1.00,1.00
2016.04.13 22:11:57.670,1.09256,1.09258,1.00,1.25
2016.04.13 22:11:57.823,1.09256,1.09262,1.25,1.00
2016.04.13 22:11:58.298,1.09257,1.09262,1.19,1.00
2016.04.13 22:11:58.804,1.09257,1.09263,1.69,1.00
2016.04.13 22:11:59.323,1.09258,1.09264,1.25,1.00
2016.04.13 22:12:00.646,1.09259,1.09264,1.00,1.00
2016.04.13 22:12:00.697,1.0926,1.09266,1.95,1.00
2016.04.13 22:12:00.901,1.09262,1.09268,1.00,1.00
2016.04.13 22:12:04.410,1.09263,1.09269,1.00,1.00
2016.04.13 22:12:15.886,1.09264,1.0927,1.00,1.00
2016.04.13 22:12:23.293,1.09265,1.09271,1.00,1.00
2016.04.13 22:12:24.618,1.09264,1.0927,1.25,1.00
2016.04.13 22:12:28.226,1.09265,1.09271,1.00,1.12
2016.04.13 22:12:30.916,1.09266,1.09272,1.00,1.12
2016.04.13 22:12:35.705,1.09267,1.09273,1.00,1.12
2016.04.13 22:12:36.212,1.09266,1.09272,1.00,1.12
2016.04.13 22:12:36.720,1.09267,1.09273,1.00,1.37
2016.04.13 22:12:37.227,1.09266,1.09272,1.00,1.12
2016.04.13 22:12:39.840,1.09267,1.09273,1.00,1.37
2016.04.13 22:12:40.347,1.09267,1.09273,1.00,1.12
2016.04.13 22:12:43.048,1.09268,1.09274,1.00,2.62
2016.04.13 22:12:43.555,1.09267,1.09273,1.00,1.12
2016.04.13 22:12:46.148,1.09268,1.09274,1.00,2.62
2016.04.13 22:12:46.657,1.09267,1.09273,1.00,1.12
2016.04.13 22:12:47.189,1.09268,1.09274,1.00,1.37
2016.04.13 22:12:47.696,1.09269,1.09275,1.50,1.37
2016.04.13 22:12:48.230,1.0927,1.09276,1.00,1.37
2016.04.13 22:12:48.332,1.0927,1.09276,1.00,1.12
2016.04.13 22:12:49.822,1.09271,1.09277,1.00,1.37
2016.04.13 22:12:50.360,1.0927,1.09276,1.00,1.00
2016.04.13 22:12:50.919,1.09271,1.09277,1.00,1.12
2016.04.13 22:12:51.425,1.0927,1.09276,1.00,1.00
2016.04.13 22:12:51.963,1.09269,1.09275,1.00,1.12
2016.04.13 22:12:52.726,1.09268,1.09274,1.00,1.00
2016.04.13 22:12:58.657,1.09267,1.09273,1.00,1.00
2016.04.13 22:13:01.221,1.09266,1.09272,1.50,1.00
2016.04.13 22:13:01.848,1.09265,1.09271,3.19,1.00
2016.04.13 22:13:04.350,1.09266,1.09272,1.00,1.00
2016.04.13 22:13:04.858,1.09265,1.09271,2.44,1.00
2016.04.13 22:13:10.281,1.09266,1.09271,1.00,1.00
2016.04.13 22:13:10.787,1.09266,1.09272,1.50,1.00
2016.04.13 22:13:29.743,1.09267,1.09273,1.00,1.12
2016.04.13 22:13:34.500,1.09266,1.09272,1.50,1.00
2016.04.13 22:13:54.262,1.09265,1.09269,1.31,1.00
2016.04.13 22:13:54.434,1.09262,1.09268,1.50,1.00
2016.04.13 22:13:54.538,1.09261,1.09265,1.50,1.00
2016.04.13 22:13:55.046,1.09259,1.09264,1.19,1.00
2016.04.13 22:14:02.848,1.09258,1.09261,1.19,1.00
2016.04.13 22:14:03.007,1.09254,1.09258,1.50,1.00
2016.04.13 22:14:03.059,1.09254,1.09257,1.19,1.00
2016.04.13 22:14:03.110,1.09254,1.09257,1.00,1.00
2016.04.13 22:14:03.162,1.09254,1.09255,1.00,1.00
2016.04.13 22:14:03.264,1.09254,1.09259,1.00,1.00
2016.04.13 22:14:03.366,1.09254,1.09257,1.00,1.00
2016.04.13 22:14:03.873,1.09254,1.09258,1.00,1.00
2016.04.13 22:14:04.384,1.09254,1.09257,1.00,1.00
2016.04.13 22:14:05.591,1.09254,1.09256,1.00,1.00
2016.04.13 22:14:07.680,1.09254,1.09257,1.00,1.00
2016.04.13 22:14:08.753,1.09254,1.09256,1.00,1.00
2016.04.13 22:14:09.738,1.09254,1.09257,1.00,1.00
2016.04.13 22:14:10.245,1.09254,1.09256,1.00,1.00
2016.04.13 22:14:10.843,1.09254,1.09257,1.00,1.00
2016.04.13 22:14:13.753,1.09254,1.09256,1.00,1.00
2016.04.13 22:14:14.261,1.09254,1.09257,1.00,1.00
2016.04.13 22:14:22.609,1.09254,1.09258,1.00,1.00
2016.04.13 22:14:23.115,1.09254,1.09257,1.00,1.00
2016.04.13 22:14:24.003,1.09254,1.09258,1.00,1.00
2016.04.13 22:14:24.510,1.09254,1.09257,1.00,1.00
2016.04.13 22:14:30.050,1.09255,1.09257,1.00,1.00
2016.04.13 22:14:33.195,1.09255,1.09258,1.00,1.00
2016.04.13 22:14:33.702,1.09255,1.09257,1.00,1.00
2016.04.13 22:14:36.932,1.09255,1.09258,1.00,1.00
2016.04.13 22:14:37.480,1.09255,1.09257,1.00,1.00
2016.04.13 22:14:46.607,1.09255,1.09258,1.00,1.00
2016.04.13 22:14:47.114,1.09255,1.09257,1.00,1.00
2016.04.13 22:14:47.743,1.09256,1.09258,1.00,1.00
2016.04.13 22:14:48.253,1.09255,1.09258,1.00,1.00
2016.04.13 22:14:48.759,1.09256,1.09258,1.00,1.00
2016.04.13 22:14:49.290,1.09255,1.09259,1.00,1.00
2016.04.13 22:14:49.797,1.09255,1.09258,1.00,1.00
2016.04.13 22:14:52.385,1.09256,1.09258,1.00,1.00
2016.04.13 22:14:52.487,1.09256,1.0926,1.00,1.00
2016.04.13 22:14:52.992,1.09257,1.0926,1.00,1.00
2016.04.13 22:14:53.450,1.09257,1.09262,1.00,1.00
2016.04.13 22:14:53.552,1.09257,1.0926,1.00,1.00
2016.04.13 22:14:54.655,1.09257,1.09261,1.00,1.00
2016.04.13 22:14:57.553,1.09257,1.0926,1.00,1.00
2016.04.13 22:14:58.084,1.09257,1.09261,1.00,1.00
2016.04.13 22:15:00.155,1.09257,1.09263,1.00,1.15
2016.04.13 22:15:02.022,1.09257,1.09264,1.00,2.25
2016.04.13 22:15:02.530,1.09256,1.09264,1.25,2.25
2016.04.13 22:15:04.997,1.09256,1.09264,1.25,2.62
2016.04.13 22:15:10.038,1.09256,1.09264,1.25,2.62
2016.04.13 22:15:10.444,1.09256,1.09264,1.25,2.25
2016.04.13 22:15:11.218,1.09257,1.09265,1.00,1.12
2016.04.13 22:15:11.725,1.09257,1.09267,1.00,1.87
2016.04.13 22:15:13.439,1.09257,1.09267,1.00,1.87
2016.04.13 22:15:14.187,1.0926,1.09269,1.00,3.00
2016.04.13 22:15:14.491,1.09262,1.09271,1.00,1.37
2016.04.13 22:15:14.643,1.09262,1.09271,1.00,1.00
2016.04.13 22:15:17.208,1.09261,1.09271,1.31,1.00
2016.04.13 22:15:17.715,1.09261,1.0927,1.31,1.00
2016.04.13 22:15:21.671,1.09262,1.09271,1.00,1.37
2016.04.13 22:15:22.623,1.09262,1.09271,1.00,1.00
2016.04.13 22:15:25.750,1.09262,1.09272,1.12,1.12
2016.04.13 22:15:29.514,1.09264,1.09273,1.00,1.37
2016.04.13 22:15:34.674,1.09264,1.09274,1.00,1.37
2016.04.13 22:15:35.664,1.09264,1.09274,1.00,1.37
2016.04.13 22:15:36.554,1.09263,1.09273,1.12,1.37
2016.04.13 22:15:42.730,1.09264,1.09273,1.00,1.37
2016.04.13 22:15:50.766,1.09264,1.09273,1.00,1.12
2016.04.13 22:15:54.768,1.09263,1.09273,1.00,1.12
2016.04.13 22:15:56.266,1.09264,1.09274,1.00,1.87
2016.04.13 22:15:56.570,1.09266,1.09276,3.56,1.87
2016.04.13 22:15:59.445,1.09266,1.09276,3.94,1.87
2016.04.13 22:16:00.007,1.09266,1.09275,3.94,1.00
2016.04.13 22:16:00.681,1.09266,1.09276,3.94,1.87
2016.04.13 22:16:01.209,1.09266,1.09275,3.19,1.00
2016.04.13 22:16:01.887,1.09267,1.09273,1.19,1.00
2016.04.13 22:16:01.990,1.09263,1.09273,2.81,1.00
2016.04.13 22:16:09.919,1.09266,1.09274,1.00,1.12
2016.04.13 22:16:10.223,1.0927,1.09277,1.00,1.57
2016.04.13 22:16:10.528,1.09272,1.09277,1.31,1.00
2016.04.13 22:16:10.579,1.09272,1.0928,1.31,1.37
2016.04.13 22:16:10.630,1.09272,1.09281,1.31,1.50
2016.04.13 22:16:10.681,1.09273,1.09281,1.19,1.50
2016.04.13 22:16:13.222,1.09273,1.09279,1.19,1.00
2016.04.13 22:16:13.425,1.0927,1.09278,1.31,1.00
2016.04.13 22:16:20.120,1.09268,1.09277,2.06,1.00
2016.04.13 22:16:20.778,1.09268,1.09276,1.31,1.00
2016.04.13 22:16:20.931,1.09272,1.09278,2.06,1.00
2016.04.13 22:16:21.235,1.09272,1.09282,3.94,1.12
2016.04.13 22:16:22.148,1.09272,1.09282,3.94,1.37
2016.04.13 22:16:23.161,1.09272,1.09282,3.19,1.12
2016.04.13 22:16:24.002,1.09272,1.09282,2.81,1.31
2016.04.13 22:16:24.503,1.09272,1.09282,2.06,1.56
2016.04.13 22:16:59.859,1.09273,1.09284,1.00,2.44
2016.04.13 22:17:03.225,1.09273,1.09284,1.00,2.44
2016.04.13 22:17:04.283,1.09273,1.09284,1.00,2.44
2016.04.13 22:17:05.297,1.09273,1.09284,1.12,1.69
2016.04.13 22:17:09.340,1.09273,1.09283,1.37,1.12
2016.04.13 22:17:10.321,1.09273,1.09283,1.12,1.12
2016.04.13 22:17:12.375,1.09273,1.09283,1.12,1.87
2016.04.13 22:17:13.349,1.09273,1.09283,1.12,1.87
2016.04.13 22:17:17.898,1.09272,1.09281,1.69,1.00
2016.04.13 22:17:18.220,1.0927,1.09279,1.19,1.00
2016.04.13 22:17:18.879,1.09272,1.09282,1.25,5.25
2016.04.13 22:17:19.399,1.09272,1.09282,2.14,1.31
2016.04.13 22:17:56.942,1.09274,1.09283,1.00,1.56
2016.04.13 22:17:57.451,1.09273,1.09284,1.00,2.44
2016.04.13 22:17:58.102,1.09273,1.09284,1.00,2.44
2016.04.13 22:17:59.058,1.09273,1.09284,1.00,2.44
2016.04.13 22:18:02.064,1.09272,1.09283,6.56,1.12
2016.04.13 22:18:02.615,1.09272,1.09283,5.06,1.12
2016.04.13 22:18:07.095,1.09273,1.09283,1.87,1.12
2016.04.13 22:18:10.087,1.09273,1.09283,1.87,1.37
2016.04.13 22:18:11.130,1.09272,1.09281,2.51,1.00
2016.04.13 22:18:11.181,1.09271,1.09279,3.19,1.00
2016.04.13 22:18:11.334,1.09271,1.09279,1.00,1.87
2016.04.13 22:18:11.841,1.0927,1.09279,1.25,3.37
2016.04.13 22:18:15.630,1.0927,1.09278,1.25,1.00
2016.04.13 22:18:21.410,1.0927,1.09279,1.25,3.37
2016.04.13 22:18:21.929,1.0927,1.09279,1.25,3.37
2016.04.13 22:18:54.793,1.09271,1.09279,1.00,2.62
2016.04.13 22:18:58.530,1.0927,1.09278,1.25,2.25
2016.04.13 22:19:22.540,1.09271,1.09278,1.00,3.00
2016.04.13 22:19:23.641,1.09271,1.09278,1.00,2.25
2016.04.13 22:19:25.625,1.09271,1.09278,1.00,2.25
2016.04.13 22:19:40.669,1.09271,1.09278,1.00,2.25
2016.04.13 22:19:41.645,1.09271,1.09278,1.00,2.25
2016.04.13 22:19:44.690,1.09271,1.09278,1.00,2.25
2016.04.13 22:19:45.673,1.09271,1.09278,1.00,2.25
2016.04.13 22:19:48.681,1.09271,1.09278,1.00,2.25
2016.04.13 22:19:49.656,1.09271,1.09278,1.00,2.25
2016.04.13 22:19:52.695,1.09271,1.09278,1.00,1.50
2016.04.13 22:19:53.694,1.09271,1.09278,1.00,1.50
2016.04.13 22:19:57.806,1.09271,1.09278,1.00,1.50
2016.04.13 22:19:58.776,1.09271,1.09278,1.00,1.12
2016.04.13 22:20:02.852,1.09271,1.09278,1.00,1.37
2016.04.13 22:20:03.816,1.09271,1.09278,1.00,1.12
2016.04.13 22:20:04.348,1.09271,1.09278,1.00,2.62
2016.04.13 22:20:05.877,1.09271,1.09278,1.00,1.12
2016.04.13 22:20:06.080,1.09275,1.09278,1.00,1.50
2016.04.13 22:20:06.285,1.09278,1.09283,2.25,1.00
2016.04.13 22:20:06.791,1.09278,1.09285,2.25,2.44
2016.04.13 22:20:09.180,1.0928,1.09286,1.00,1.56
2016.04.13 22:20:09.282,1.09279,1.09287,1.25,1.12
2016.04.13 22:20:09.536,1.09277,1.09286,2.44,1.37
2016.04.13 22:20:09.751,1.09276,1.09284,1.37,1.00
2016.04.13 22:20:09.853,1.09275,1.09284,1.12,1.00
2016.04.13 22:20:10.636,1.09275,1.09284,1.31,1.00
2016.04.13 22:20:24.763,1.09275,1.09285,1.19,1.00
2016.04.13 22:20:36.943,1.09275,1.09285,1.31,1.37
2016.04.13 22:20:47.939,1.09275,1.09285,1.19,1.00
2016.04.13 22:20:51.985,1.09275,1.09285,1.19,1.37
2016.04.13 22:20:59.995,1.09275,1.09285,1.31,1.12
2016.04.13 22:21:00.990,1.09275,1.09285,1.31,1.37
2016.04.13 22:21:58.220,1.09275,1.09286,1.31,1.87
2016.04.13 22:21:59.241,1.09275,1.09286,1.31,1.87
2016.04.13 22:22:00.222,1.09275,1.09286,1.31,1.87
2016.04.13 22:22:02.253,1.09275,1.09285,1.31,1.37
2016.04.13 22:22:04.256,1.09275,1.09286,1.19,1.87
2016.04.13 22:22:07.264,1.09275,1.09286,1.19,2.25
2016.04.13 22:22:10.277,1.09275,1.09285,1.19,1.37
2016.04.13 22:22:13.084,1.09275,1.09285,1.00,1.56
2016.04.13 22:22:17.294,1.09275,1.09285,1.00,1.56
2016.04.13 22:22:35.360,1.09275,1.09286,1.12,1.56
2016.04.13 22:23:06.372,1.09275,1.09287,1.00,6.19
2016.04.13 22:23:11.485,1.09275,1.09286,1.00,1.56
2016.04.13 22:23:12.515,1.09275,1.09286,1.00,1.56
2016.04.13 22:23:20.708,1.09275,1.09287,1.00,6.94
2016.04.13 22:23:25.705,1.09275,1.09287,1.00,6.94
2016.04.13 22:23:31.517,1.09276,1.09287,1.00,6.19
2016.04.13 22:23:31.619,1.09279,1.09287,1.00,3.56
2016.04.13 22:23:32.715,1.09278,1.09289,2.62,1.31
2016.04.13 22:23:48.729,1.09278,1.09289,4.87,1.56
2016.04.13 22:23:53.095,1.0928,1.09289,1.00,1.56
2016.04.13 22:23:59.471,1.09282,1.09289,1.00,1.31
2016.04.13 22:23:59.573,1.09284,1.09293,1.87,3.19
2016.04.13 22:24:03.647,1.09284,1.09292,1.87,2.06
2016.04.13 22:24:03.749,1.09281,1.09291,2.81,1.56
2016.04.13 22:24:04.103,1.0928,1.09291,1.00,2.06
2016.04.13 22:24:04.619,1.09279,1.09291,1.12,5.06
2016.04.13 22:24:07.348,1.09282,1.09291,1.00,4.31
2016.04.13 22:24:07.653,1.09289,1.09295,1.45,1.25
2016.04.13 22:24:13.358,1.09287,1.09294,1.70,1.37
2016.04.13 22:24:13.409,1.09285,1.09292,1.69,1.00
2016.04.13 22:24:13.460,1.09285,1.09292,1.00,1.37
2016.04.13 22:24:13.613,1.09282,1.09291,1.50,1.62
2016.04.13 22:24:14.120,1.09281,1.09291,1.87,2.06
2016.04.13 22:24:14.597,1.09288,1.09291,1.00,1.62
2016.04.13 22:24:14.772,1.0929,1.09295,1.12,2.06
2016.04.13 22:24:14.823,1.09288,1.09295,1.00,1.31
2016.04.13 22:24:15.333,1.09287,1.09295,1.25,1.31
2016.04.13 22:24:16.742,1.09288,1.09295,1.19,1.37
2016.04.13 22:24:17.359,1.09288,1.09295,1.69,1.12
2016.04.13 22:24:49.517,1.09289,1.09295,1.00,1.12
2016.04.13 22:25:22.123,1.09288,1.09292,1.00,1.69
2016.04.13 22:25:22.631,1.09289,1.09292,1.00,1.69
2016.04.13 22:25:23.609,1.09288,1.09292,1.00,1.69
2016.04.13 22:25:29.255,1.09289,1.09292,1.00,1.69
2016.04.13 22:25:29.848,1.09287,1.09292,1.00,1.69
2016.04.13 22:25:40.549,1.09286,1.09292,1.12,2.44
2016.04.13 22:25:48.226,1.09288,1.09292,1.00,2.44
2016.04.13 22:25:48.572,1.0929,1.09293,1.09,1.19
2016.04.13 22:25:48.623,1.0929,1.09295,1.09,1.25
2016.04.13 22:25:48.877,1.09291,1.09297,1.00,2.44
2016.04.13 22:25:49.383,1.0929,1.09296,2.29,1.00
2016.04.13 22:25:55.049,1.09291,1.09297,1.00,2.44
2016.04.13 22:26:47.767,1.09291,1.09296,1.50,1.20
2016.04.13 22:26:48.649,1.0929,1.09296,3.71,1.95
2016.04.13 22:26:54.498,1.09292,1.09296,1.00,1.20
2016.04.13 22:26:54.802,1.09292,1.09298,1.50,1.12
2016.04.13 22:26:55.308,1.09293,1.09299,1.00,1.25
2016.04.13 22:26:57.319,1.09296,1.09299,1.00,1.31
2016.04.13 22:26:57.522,1.09296,1.09302,1.95,3.19
2016.04.13 22:26:57.581,1.09296,1.09301,1.95,1.39
2016.04.13 22:27:03.994,1.09299,1.09302,1.00,1.19
2016.04.13 22:27:04.096,1.09302,1.09308,1.12,2.62
2016.04.13 22:27:04.505,1.09302,1.09311,1.84,1.00
2016.04.13 22:27:06.267,1.09302,1.0931,1.34,1.00
2016.04.13 22:27:07.867,1.09302,1.09309,1.34,1.00
2016.04.13 22:27:08.373,1.09301,1.0931,3.71,1.00
2016.04.13 22:27:08.879,1.09301,1.09309,2.96,1.00
2016.04.13 22:27:13.766,1.09301,1.09308,1.84,1.00
2016.04.13 22:27:14.273,1.09299,1.09306,1.84,1.00
2016.04.13 22:27:20.389,1.09299,1.09307,1.84,4.31
2016.04.13 22:27:21.970,1.093,1.09306,1.34,1.00
2016.04.13 22:27:28.490,1.09302,1.09307,1.34,1.69
2016.04.13 22:27:28.643,1.09304,1.09309,1.00,1.31
2016.04.13 22:27:32.954,1.09303,1.09309,1.46,1.00
2016.04.13 22:27:41.116,1.09306,1.09309,1.00,1.00
2016.04.13 22:27:41.369,1.09311,1.09316,1.17,1.00
2016.04.13 22:27:41.572,1.09312,1.0932,1.29,1.31
2016.04.13 22:27:41.927,1.09313,1.09319,1.37,1.00
2016.04.13 22:27:43.252,1.09315,1.09319,1.00,1.00
2016.04.13 22:27:43.454,1.09314,1.09322,2.51,3.37
2016.04.13 22:27:43.963,1.09314,1.09322,1.62,2.62
2016.04.13 22:27:45.146,1.09314,1.09322,1.76,2.25
2016.04.13 22:27:45.248,1.09314,1.09322,1.37,1.37
2016.04.13 22:27:47.807,1.09316,1.09323,1.37,3.00
2016.04.13 22:27:47.858,1.09316,1.09322,1.37,1.50
2016.04.13 22:27:47.910,1.09321,1.09322,1.00,1.50
2016.04.13 22:27:48.064,1.09323,1.09329,1.12,1.00
2016.04.13 22:27:48.166,1.09324,1.09331,1.00,2.25
2016.04.13 22:27:48.318,1.09326,1.09331,1.00,1.00
2016.04.13 22:27:48.642,1.0933,1.09335,1.12,1.19
2016.04.13 22:27:48.744,1.0933,1.09336,1.12,1.00
2016.04.13 22:27:49.251,1.0933,1.09337,1.12,4.87
2016.04.13 22:27:53.567,1.09329,1.09336,2.40,1.00
2016.04.13 22:27:56.607,1.09329,1.09336,1.65,1.00
2016.04.13 22:27:57.678,1.09329,1.09336,1.65,1.00
2016.04.13 22:28:00.956,1.09328,1.09335,2.40,1.50
2016.04.13 22:28:01.531,1.09328,1.09334,1.71,1.00
2016.04.13 22:28:02.051,1.09328,1.09334,1.71,1.00
2016.04.13 22:28:04.106,1.09327,1.09333,2.21,1.00
2016.04.13 22:28:04.157,1.09327,1.09332,1.71,1.50
2016.04.13 22:28:04.259,1.09325,1.0933,1.46,1.00
2016.04.13 22:28:05.758,1.09324,1.0933,1.71,1.00
2016.04.13 22:28:05.809,1.09323,1.09328,2.21,1.00
2016.04.13 22:28:05.961,1.09321,1.09326,1.37,1.00
2016.04.13 22:28:06.569,1.0932,1.09325,1.37,1.19
2016.04.13 22:28:08.919,1.09322,1.09325,1.46,1.25
2016.04.13 22:28:08.970,1.09323,1.09328,1.37,1.19
2016.04.13 22:28:09.831,1.09323,1.09328,1.87,1.19
2016.04.13 22:28:12.729,1.0932,1.09327,2.21,1.25
2016.04.13 22:28:14.170,1.09322,1.09329,1.46,1.69
2016.04.13 22:28:14.677,1.09323,1.09329,1.37,1.19
2016.04.13 22:28:15.205,1.09323,1.09328,1.37,1.19
2016.04.13 22:28:21.466,1.09323,1.09328,1.37,1.19
2016.04.13 22:28:25.551,1.09323,1.09328,1.37,1.19
2016.04.13 22:28:27.052,1.09323,1.09328,1.00,1.19
2016.04.13 22:28:37.833,1.09322,1.09328,1.09,1.19
2016.04.13 22:28:47.385,1.09319,1.09325,1.34,1.19
2016.04.13 22:28:47.607,1.09318,1.09324,1.00,1.25
2016.04.13 22:28:47.811,1.09315,1.09323,1.00,1.50
2016.04.13 22:28:47.862,1.09314,1.09321,6.75,1.00
2016.04.13 22:28:48.116,1.09312,1.0932,1.12,1.00
2016.04.13 22:28:48.318,1.09314,1.09321,2.62,1.37
2016.04.13 22:28:48.420,1.09314,1.09323,3.75,3.56
2016.04.13 22:28:48.572,1.09317,1.09323,1.00,2.06
2016.04.13 22:28:48.725,1.09315,1.09324,1.87,2.81
2016.04.13 22:28:49.251,1.09315,1.09323,1.12,1.00
2016.04.13 22:28:49.896,1.09314,1.09323,4.87,1.87
2016.04.13 22:28:50.975,1.09316,1.09323,1.00,1.87
2016.04.13 22:28:51.482,1.09315,1.09323,1.00,2.06
2016.04.13 22:28:54.577,1.09316,1.09322,1.00,1.25
2016.04.13 22:28:54.882,1.09318,1.09323,1.50,1.69
2016.04.13 22:28:54.933,1.09315,1.09323,3.37,2.44
2016.04.13 22:29:04.028,1.09315,1.09322,3.75,1.00
2016.04.13 22:29:04.534,1.09316,1.09323,1.87,1.25
2016.04.13 22:29:07.043,1.09315,1.09323,1.87,1.25
2016.04.13 22:29:19.058,1.09315,1.09324,1.87,3.19
2016.04.13 22:29:21.158,1.09315,1.09324,1.12,2.44
2016.04.13 22:29:21.355,1.09318,1.09325,1.00,2.44
2016.04.13 22:29:21.660,1.0932,1.09325,1.87,1.19
2016.04.13 22:29:21.913,1.09323,1.09329,1.50,1.56
2016.04.13 22:29:22.066,1.09324,1.09329,1.45,1.19
2016.04.13 22:29:22.184,1.09324,1.09329,1.00,1.19
2016.04.13 22:29:22.538,1.09322,1.09329,3.75,1.00
2016.04.13 22:29:27.488,1.09322,1.09329,3.75,1.00
2016.04.13 22:29:27.958,1.09326,1.09331,1.87,1.19
2016.04.13 22:29:28.161,1.09323,1.09329,3.75,1.00
2016.04.13 22:29:28.465,1.09324,1.09331,2.32,1.69
2016.04.13 22:29:30.076,1.09326,1.09329,1.87,1.00
2016.04.13 22:29:30.585,1.09323,1.0933,2.25,1.25
2016.04.13 22:29:31.776,1.09323,1.0933,1.12,1.25
2016.04.13 22:29:37.363,1.09323,1.09329,1.00,1.00
2016.04.13 22:29:37.890,1.09322,1.09329,2.25,1.50
2016.04.13 22:29:42.245,1.09322,1.09327,2.25,1.19
2016.04.13 22:29:42.600,1.0932,1.09327,3.75,3.94
2016.04.13 22:29:42.702,1.09322,1.09327,1.00,3.94
2016.04.13 22:29:42.803,1.0932,1.09327,3.75,3.94
2016.04.13 22:29:43.595,1.09321,1.09326,1.00,1.19
2016.04.13 22:29:44.355,1.0932,1.09326,3.37,1.19
2016.04.13 22:29:52.293,1.0932,1.09326,1.95,1.00
2016.04.13 22:29:52.944,1.09321,1.09326,1.00,1.00
2016.04.13 22:29:53.399,1.09322,1.09328,1.00,1.87
2016.04.13 22:29:57.590,1.09322,1.09329,1.50,1.50
2016.04.13 22:29:58.854,1.09322,1.09328,1.50,1.00
2016.04.13 22:29:59.454,1.09322,1.09329,1.00,1.50
2016.04.13 22:30:00.043,1.09322,1.09328,1.00,1.00
2016.04.13 22:30:00.553,1.09321,1.09328,2.25,1.00
2016.04.13 22:30:01.085,1.09321,1.09329,1.50,1.00
2016.04.13 22:30:01.606,1.09321,1.09328,1.00,1.00
2016.04.13 22:30:02.628,1.0932,1.09329,4.96,1.00
2016.04.13 22:30:11.619,1.09323,1.09329,1.00,1.00
2016.04.13 22:30:11.924,1.09326,1.09332,2.25,1.00
2016.04.13 22:30:12.670,1.09326,1.09332,1.87,1.37
2016.04.13 22:30:12.974,1.09321,1.09327,1.50,1.37
2016.04.13 22:30:13.076,1.09318,1.09324,2.06,1.00
2016.04.13 22:30:13.615,1.09317,1.09323,1.19,1.00
2016.04.13 22:30:14.121,1.09317,1.09324,1.19,1.00
2016.04.13 22:30:17.494,1.09317,1.09325,1.19,1.00
2016.04.13 22:30:28.273,1.09317,1.09326,1.31,3.37
2016.04.13 22:30:35.539,1.09317,1.09325,1.31,1.00
2016.04.13 22:30:42.300,1.09317,1.09325,1.00,1.12
2016.04.13 22:31:04.974,1.09317,1.09326,1.19,3.75
2016.04.13 22:31:16.445,1.09316,1.09325,1.19,1.37
2016.04.13 22:31:18.449,1.09316,1.09325,1.19,1.12
2016.04.13 22:31:20.204,1.09319,1.09326,1.37,1.87
2016.04.13 22:31:20.255,1.0932,1.09328,3.00,1.12
2016.04.13 22:31:20.791,1.0932,1.09328,7.31,1.12
2016.04.13 22:31:21.306,1.0932,1.09328,7.12,1.12
2016.04.13 22:31:22.930,1.0932,1.09327,4.87,1.00
2016.04.13 22:31:23.855,1.0932,1.09329,1.20,3.56
2016.04.13 22:31:24.365,1.0932,1.09329,2.62,2.06
2016.04.13 22:31:36.678,1.0932,1.09329,7.50,1.25
2016.04.13 22:31:44.108,1.09324,1.09331,1.00,1.56
2016.04.13 22:31:44.413,1.09326,1.09333,1.87,2.06
2016.04.13 22:31:46.945,1.09327,1.09333,1.00,1.56
2016.04.13 22:31:54.444,1.09326,1.09333,3.00,1.56
2016.04.13 22:31:57.701,1.09326,1.09334,3.19,1.62
2016.04.13 22:31:58.213,1.09326,1.09334,3.19,1.62
2016.04.13 22:32:01.831,1.09326,1.09334,2.06,1.62
2016.04.13 22:32:02.806,1.09326,1.09334,2.06,1.62
2016.04.13 22:32:09.565,1.09328,1.09334,1.00,1.50
2016.04.13 22:32:12.670,1.09327,1.09334,1.25,1.69
2016.04.13 22:32:16.352,1.09326,1.09334,3.56,1.50
2016.04.13 22:32:40.101,1.09326,1.09334,2.06,1.69
2016.04.13 22:32:42.094,1.09326,1.09334,2.06,1.69
2016.04.13 22:32:48.490,1.09324,1.0933,1.25,1.12
2016.04.13 22:32:48.642,1.09321,1.0933,3.56,1.37
2016.04.13 22:32:49.514,1.09321,1.09329,2.06,1.37
2016.04.13 22:32:50.803,1.09322,1.0933,1.00,1.12
2016.04.13 22:32:53.977,1.09322,1.0933,1.87,1.00
2016.04.13 22:32:54.079,1.09321,1.0933,4.69,1.00
2016.04.13 22:32:54.485,1.09322,1.0933,2.62,1.00
2016.04.13 22:32:56.186,1.09322,1.0933,1.12,1.00
2016.04.13 22:33:00.697,1.09322,1.0933,3.19,1.00
2016.04.13 22:33:01.776,1.09323,1.09329,1.25,1.00
2016.04.13 22:33:02.283,1.09322,1.0933,4.31,1.00
2016.04.13 22:33:03.218,1.09322,1.09329,2.06,1.00
2016.04.13 22:33:07.895,1.09322,1.0933,1.69,1.00
2016.04.13 22:33:08.419,1.09321,1.09329,6.56,1.00
2016.04.13 22:33:11.070,1.09328,1.09333,1.19,5.06
2016.04.13 22:33:11.172,1.09328,1.09334,2.25,1.00
2016.04.13 22:33:11.679,1.09327,1.09333,1.19,1.00
2016.04.13 22:33:11.730,1.09326,1.09332,3.56,1.00
2016.04.13 22:33:12.238,1.09326,1.09333,3.94,1.00
2016.04.13 22:33:18.320,1.09325,1.09333,2.51,1.12
2016.04.13 22:33:19.334,1.09326,1.09333,2.44,1.12
2016.04.13 22:33:20.455,1.09326,1.09334,3.19,1.12
2016.04.13 22:33:25.102,1.09328,1.09334,1.00,1.00
2016.04.13 22:33:25.618,1.09327,1.09334,1.31,1.50
2016.04.13 22:33:27.168,1.09328,1.09334,1.00,1.00
2016.04.13 22:33:27.792,1.09327,1.09334,1.31,1.50
2016.04.13 22:33:28.309,1.09328,1.09334,1.00,1.50
2016.04.13 22:33:35.889,1.09327,1.09334,1.25,1.50
2016.04.13 22:33:41.947,1.09326,1.09334,4.12,1.69
2016.04.13 22:33:45.492,1.09324,1.09332,2.44,2.44
2016.04.13 22:33:45.746,1.09322,1.0933,1.00,1.31
2016.04.13 22:33:50.772,1.09321,1.0933,2.62,1.25
2016.04.13 22:33:51.278,1.09322,1.0933,1.00,1.25
2016.04.13 22:33:57.281,1.09323,1.09331,1.00,1.56
2016.04.13 22:33:57.788,1.09322,1.0933,1.00,1.31
2016.04.13 22:33:58.335,1.09321,1.0933,1.12,1.31
2016.04.13 22:33:58.882,1.09322,1.0933,1.00,1.31
2016.04.13 22:34:12.774,1.09321,1.0933,3.00,1.31
2016.04.13 22:34:13.280,1.09322,1.0933,1.00,1.31
2016.04.13 22:34:13.938,1.09321,1.0933,2.62,1.31
2016.04.13 22:34:14.315,1.09323,1.09331,1.00,2.89
2016.04.13 22:35:09.628,1.09322,1.0933,1.50,1.31
2016.04.13 22:35:12.315,1.09321,1.0933,1.87,1.31
2016.04.13 22:35:13.028,1.09321,1.09329,1.12,1.00
2016.04.13 22:35:13.591,1.09321,1.0933,1.50,1.31
2016.04.13 22:35:15.038,1.09321,1.09329,1.00,1.00
2016.04.13 22:35:15.596,1.09321,1.0933,1.50,1.31
2016.04.13 22:35:16.284,1.09321,1.09329,1.50,1.00
2016.04.13 22:35:16.791,1.09321,1.0933,1.50,1.31
2016.04.13 22:35:19.197,1.09321,1.09329,2.25,1.00
2016.04.13 22:35:19.739,1.09321,1.0933,2.25,1.31
2016.04.13 22:35:20.289,1.09321,1.09329,1.87,1.00
2016.04.13 22:35:20.794,1.09321,1.0933,1.50,1.31
2016.04.13 22:35:35.272,1.09321,1.0933,1.37,1.25
2016.04.13 22:35:36.248,1.09321,1.0933,1.87,1.31
2016.04.13 22:35:40.041,1.09322,1.0933,1.00,1.69
2016.04.13 22:35:40.725,1.09321,1.0933,2.25,1.31
2016.04.13 22:35:41.882,1.09324,1.09331,1.00,1.69
2016.04.13 22:35:42.186,1.09326,1.09333,5.62,1.19
2016.04.13 22:35:46.516,1.09327,1.09333,1.00,1.19
2016.04.13 22:35:50.199,1.09326,1.09333,5.25,1.19
2016.04.13 22:35:50.717,1.09327,1.09333,1.00,1.19
2016.04.13 22:36:26.857,1.09328,1.09333,1.00,1.19
2016.04.13 22:36:27.991,1.09327,1.09333,1.87,1.69
2016.04.13 22:36:29.859,1.09328,1.09333,1.00,1.19
2016.04.13 22:36:30.113,1.09328,1.09334,1.00,1.50
2016.04.13 22:36:30.641,1.09329,1.09335,1.00,2.06
2016.04.13 22:36:31.171,1.09328,1.09334,1.87,1.00
2016.04.13 22:36:31.710,1.09329,1.09335,1.00,1.69
2016.04.13 22:36:33.143,1.09328,1.09336,5.81,1.69
2016.04.13 22:36:34.970,1.0933,1.09336,1.00,1.25
2016.04.13 22:36:36.463,1.09331,1.09336,1.00,1.25
2016.04.13 22:36:36.992,1.09333,1.09338,1.00,1.19
2016.04.13 22:36:37.511,1.09332,1.09338,3.37,1.69
2016.04.13 22:36:44.502,1.09333,1.09338,1.00,1.19
2016.04.13 22:36:50.215,1.09332,1.09338,4.12,1.69
2016.04.13 22:36:50.569,1.09332,1.09338,3.56,1.00
2016.04.13 22:36:54.397,1.09333,1.09339,1.00,1.69
2016.04.13 22:37:07.806,1.09332,1.09338,3.56,1.50
2016.04.13 22:37:08.313,1.09331,1.09337,2.06,1.50
2016.04.13 22:37:11.725,1.09331,1.09337,1.50,1.69
2016.04.13 22:37:19.960,1.0933,1.09337,1.00,1.69
2016.04.13 22:37:20.465,1.09331,1.09337,1.00,1.69
2016.04.13 22:37:21.011,1.0933,1.09337,1.00,1.69
2016.04.13 22:37:22.951,1.0933,1.09336,1.50,1.00
2016.04.13 22:37:23.473,1.09331,1.09336,1.00,1.00
2016.04.13 22:37:23.986,1.09331,1.09337,1.50,1.69
2016.04.13 22:37:28.882,1.09331,1.09336,1.00,1.00
2016.04.13 22:37:32.248,1.0933,1.09336,2.25,1.00
2016.04.13 22:37:39.421,1.0933,1.09335,1.50,1.00
2016.04.13 22:37:54.836,1.0933,1.09336,2.25,1.25
2016.04.13 22:37:55.545,1.0933,1.09335,1.50,1.00
2016.04.13 22:37:56.670,1.09329,1.09335,1.50,1.00
2016.04.13 22:37:57.177,1.09329,1.09334,1.00,1.00
2016.04.13 22:38:03.115,1.09329,1.09335,1.00,1.00
2016.04.13 22:38:05.774,1.09329,1.09336,1.00,1.31
2016.04.13 22:38:06.744,1.09329,1.09336,1.00,1.62
2016.04.13 22:38:07.827,1.09329,1.09336,1.00,1.31
2016.04.13 22:38:08.766,1.09329,1.09336,1.00,1.62
2016.04.13 22:38:09.767,1.09329,1.09336,1.00,1.25
2016.04.13 22:38:17.722,1.09328,1.09336,1.00,2.06
2016.04.13 22:38:17.824,1.09328,1.09334,1.00,1.19
2016.04.13 22:38:18.078,1.09326,1.09334,4.12,2.06
2016.04.13 22:38:18.268,1.09324,1.09332,1.00,3.56
2016.04.13 22:38:18.775,1.09324,1.09331,1.00,1.00
2016.04.13 22:38:20.689,1.09327,1.09331,1.00,1.00
2016.04.13 22:38:25.395,1.09328,1.09332,1.00,1.19
2016.04.13 22:38:35.674,1.09328,1.09335,1.00,1.19
2016.04.13 22:38:45.252,1.09328,1.09336,1.00,1.12
2016.04.13 22:38:48.089,1.09331,1.09337,1.00,3.00
2016.04.13 22:38:48.140,1.09329,1.09337,1.00,3.37
2016.04.13 22:38:48.191,1.09332,1.09337,1.20,2.06
2016.04.13 22:38:48.292,1.09328,1.09337,2.81,2.06
2016.04.13 22:38:48.980,1.09328,1.09337,1.00,2.25
2016.04.13 22:38:57.410,1.09329,1.09337,1.00,2.62
2016.04.13 22:38:57.916,1.09328,1.09336,1.00,1.12
2016.04.13 22:38:58.462,1.09328,1.09336,1.00,1.37
2016.04.13 22:39:02.340,1.09328,1.09336,1.00,1.12
2016.04.13 22:39:05.612,1.09329,1.09337,1.00,3.75
2016.04.13 22:39:05.916,1.09329,1.09337,1.00,4.69
2016.04.13 22:39:06.422,1.09328,1.09336,1.00,2.44
2016.04.13 22:39:07.142,1.09327,1.09336,1.12,2.06
2016.04.13 22:39:07.650,1.09328,1.09336,1.00,2.06
2016.04.13 22:39:08.157,1.09327,1.09336,1.00,2.06
2016.04.13 22:39:08.664,1.09328,1.09336,1.00,2.06
2016.04.13 22:39:45.706,1.09327,1.09335,2.81,1.19
2016.04.13 22:39:47.884,1.09326,1.09335,6.37,1.19
2016.04.13 22:39:48.365,1.09327,1.09335,1.37,1.19
2016.04.13 22:39:48.870,1.09326,1.09335,6.00,1.19
2016.04.13 22:40:42.206,1.09326,1.09334,5.62,1.00
2016.04.13 22:40:49.063,1.09327,1.09335,1.00,1.31
2016.04.13 22:40:49.658,1.09326,1.09334,6.75,1.00
2016.04.13 22:40:50.169,1.09326,1.09334,6.37,1.00
2016.04.13 22:40:53.926,1.09326,1.09334,6.75,1.00
2016.04.13 22:40:54.729,1.09326,1.09334,6.37,1.00
2016.04.13 22:41:04.276,1.09328,1.09335,1.00,2.06
2016.04.13 22:41:09.703,1.09327,1.09335,1.00,1.69
2016.04.13 22:41:12.017,1.09329,1.09336,1.00,2.06
2016.04.13 22:41:12.524,1.09328,1.09336,1.00,1.31
2016.04.13 22:41:13.027,1.09327,1.09335,1.31,1.19
2016.04.13 22:41:23.901,1.09328,1.09336,1.00,2.06
2016.04.13 22:41:24.436,1.09327,1.09335,2.44,1.19
2016.04.13 22:41:27.404,1.09328,1.09335,1.00,1.31
2016.04.13 22:41:27.922,1.09327,1.09335,1.69,1.31
2016.04.13 22:41:38.695,1.09327,1.09335,5.25,1.31
2016.04.13 22:41:43.796,1.09326,1.09335,7.12,1.31
2016.04.13 22:42:01.027,1.09327,1.09335,2.25,1.31
2016.04.13 22:42:01.546,1.09328,1.09335,1.00,1.31
2016.04.13 22:42:10.566,1.0933,1.09336,1.12,1.69
2016.04.13 22:42:10.719,1.09332,1.09338,3.75,1.00
2016.04.13 22:42:10.872,1.09334,1.09339,1.00,2.44
2016.04.13 22:42:10.974,1.09332,1.09339,1.88,2.44
2016.04.13 22:42:17.506,1.09332,1.09337,1.88,1.00
2016.04.13 22:42:17.608,1.0933,1.09337,1.00,1.50
2016.04.13 22:42:17.768,1.09328,1.09337,1.00,2.62
2016.04.13 22:42:38.925,1.0933,1.09336,1.00,1.31
2016.04.13 22:42:40.177,1.0933,1.09337,2.62,2.06
2016.04.13 22:42:40.684,1.09332,1.09337,2.62,1.19
2016.04.13 22:42:53.805,1.09332,1.09337,5.62,1.19
2016.04.13 22:42:57.315,1.09334,1.09337,1.37,1.19
2016.04.13 22:42:57.569,1.09339,1.09343,1.00,1.00
2016.04.13 22:42:58.091,1.09338,1.09343,2.29,1.00
2016.04.13 22:43:02.831,1.09338,1.09342,3.04,1.00
2016.04.13 22:43:02.994,1.09336,1.0934,1.00,1.19
2016.04.13 22:43:03.096,1.09334,1.09338,1.91,1.00
2016.04.13 22:43:03.198,1.09331,1.09336,1.16,1.19
2016.04.13 22:43:03.300,1.09329,1.09337,2.66,1.69
2016.04.13 22:43:03.806,1.09329,1.09336,1.05,1.00
2016.04.13 22:43:05.133,1.0933,1.09337,1.75,1.69
2016.04.13 22:43:05.285,1.0933,1.09337,1.49,1.69
2016.04.13 22:43:05.488,1.09329,1.09337,1.12,2.44
2016.04.13 22:43:05.691,1.0933,1.09337,1.45,1.69
2016.04.13 22:43:06.182,1.09329,1.09337,1.54,3.19
2016.04.13 22:43:08.699,1.09331,1.09337,1.00,2.06
2016.04.13 22:43:08.800,1.09333,1.09339,1.54,4.50
2016.04.13 22:43:08.902,1.09334,1.09341,1.04,1.87
2016.04.13 22:43:09.155,1.09333,1.0934,1.50,1.00
2016.04.13 22:43:10.298,1.09333,1.09341,1.50,1.87
2016.04.13 22:43:10.823,1.09334,1.09341,1.00,1.87
2016.04.13 22:43:11.857,1.09333,1.09341,1.50,2.06
2016.04.13 22:43:12.408,1.09334,1.09341,1.00,1.31
2016.04.13 22:43:12.730,1.09336,1.09342,1.00,1.69
2016.04.13 22:43:12.781,1.09336,1.09342,1.00,1.00
2016.04.13 22:43:20.729,1.09337,1.09342,1.00,1.00
2016.04.13 22:43:20.955,1.09334,1.09342,1.91,1.50
2016.04.13 22:43:21.477,1.09333,1.09341,3.60,1.00
2016.04.13 22:43:23.058,1.09333,1.0934,2.47,1.00
2016.04.13 22:43:23.583,1.09333,1.09341,3.60,1.00
2016.04.13 22:43:23.733,1.09333,1.09339,2.81,1.00
2016.04.13 22:43:24.333,1.09334,1.0934,1.12,1.00
2016.04.13 22:43:24.637,1.09334,1.0934,1.31,1.00
2016.04.13 22:43:25.240,1.09333,1.09339,3.19,1.00
2016.04.13 22:43:25.769,1.09334,1.0934,1.31,1.00
2016.04.13 22:43:27.791,1.09333,1.09341,3.19,1.50
2016.04.13 22:43:35.749,1.09335,1.09342,1.19,1.50
2016.04.13 22:43:41.848,1.09335,1.09343,1.19,3.37
2016.04.13 22:43:42.438,1.09335,1.09342,1.19,1.12
2016.04.13 22:43:45.485,1.09335,1.09343,1.69,3.75
2016.04.13 22:43:45.991,1.09335,1.09343,1.69,3.00
2016.04.13 22:43:46.512,1.09335,1.09342,1.69,1.00
2016.04.13 22:43:47.035,1.09335,1.09343,2.44,1.87
2016.04.13 22:43:48.307,1.09335,1.09342,1.69,1.00
2016.04.13 22:43:48.865,1.09335,1.09343,1.69,1.87
2016.04.13 22:43:57.020,1.09334,1.09342,2.06,1.00
2016.04.13 22:44:05.441,1.09336,1.09343,1.19,2.25
2016.04.13 22:44:05.947,1.09338,1.09345,1.91,1.69
2016.04.13 22:44:08.421,1.09337,1.09339,1.25,1.00
2016.04.13 22:44:08.575,1.09333,1.0934,1.05,1.00
2016.04.13 22:44:08.980,1.09335,1.09339,1.00,1.00
2016.04.13 22:44:09.491,1.09335,1.0934,1.00,1.87
2016.04.13 22:44:11.394,1.09335,1.09339,1.00,1.00
2016.04.13 22:44:11.855,1.09335,1.09341,1.00,3.19
2016.04.13 22:44:12.361,1.09335,1.09341,1.00,1.31
2016.04.13 22:44:12.866,1.09334,1.09341,1.50,1.19
2016.04.13 22:44:14.959,1.09335,1.09341,1.00,1.19
2016.04.13 22:44:16.807,1.09336,1.09343,1.25,3.56
2016.04.13 22:44:17.313,1.09336,1.09343,1.69,1.31
2016.04.13 22:44:21.528,1.09335,1.09342,2.44,1.00
2016.04.13 22:44:22.036,1.09336,1.09343,1.25,2.06
2016.04.13 22:44:24.604,1.09335,1.09342,2.44,1.00
2016.04.13 22:44:32.298,1.09336,1.09343,1.25,2.44
2016.04.13 22:44:33.797,1.09336,1.09342,1.25,1.00
2016.04.13 22:44:34.303,1.09336,1.09343,1.50,1.87
2016.04.13 22:44:35.050,1.09337,1.09343,1.00,1.31
2016.04.13 22:44:35.557,1.09336,1.09343,2.44,1.69
2016.04.13 22:44:36.087,1.09337,1.09343,1.00,1.31
2016.04.13 22:44:36.705,1.09336,1.09343,1.69,1.31
2016.04.13 22:44:40.111,1.09337,1.09343,1.00,1.25
2016.04.13 22:44:40.967,1.09336,1.09343,1.69,1.69
2016.04.13 22:44:44.966,1.09337,1.09343,1.00,2.06
2016.04.13 22:44:45.474,1.09336,1.09343,2.44,1.69
2016.04.13 22:44:48.578,1.09336,1.09342,1.69,1.00
2016.04.13 22:44:49.085,1.09336,1.09342,1.25,2.70
2016.04.13 22:44:50.893,1.09335,1.09342,1.19,1.50
2016.04.13 22:44:57.127,1.09335,1.09341,1.19,1.00
2016.04.13 22:44:57.280,1.09335,1.09339,1.19,1.00
2016.04.13 22:44:57.382,1.09333,1.09339,1.00,2.62
2016.04.13 22:44:57.890,1.09332,1.09338,1.00,3.37
2016.04.13 22:44:59.814,1.09332,1.09337,1.00,1.00
2016.04.13 22:45:00.349,1.09331,1.09337,1.00,1.00
2016.04.13 22:45:01.296,1.09331,1.09338,1.00,3.75
2016.04.13 22:45:01.820,1.09332,1.09338,1.00,3.75
2016.04.13 22:45:02.125,1.09334,1.0934,1.00,2.62
2016.04.13 22:45:02.177,1.09334,1.0934,1.00,1.87
2016.04.13 22:45:03.846,1.09334,1.09341,1.50,1.31
2016.04.13 22:45:04.379,1.09335,1.09341,1.00,1.12
2016.04.13 22:45:05.183,1.09336,1.09342,1.00,3.82
2016.04.13 22:45:05.690,1.09337,1.09343,1.00,2.06
2016.04.13 22:45:06.194,1.09338,1.09343,1.00,1.31
2016.04.13 22:45:07.611,1.09337,1.09343,1.00,2.81
2016.04.13 22:45:08.618,1.09337,1.09341,1.00,1.19
2016.04.13 22:45:09.146,1.09336,1.09339,1.00,1.19
2016.04.13 22:45:09.668,1.09337,1.09339,1.00,1.19
2016.04.13 22:45:10.197,1.09336,1.09339,1.00,1.19
2016.04.13 22:45:10.876,1.09337,1.09339,1.00,1.19
2016.04.13 22:45:11.396,1.09336,1.09339,1.00,1.19
2016.04.13 22:45:12.342,1.09334,1.09339,2.25,1.19
2016.04.13 22:45:13.050,1.09335,1.09339,1.00,1.19
2016.04.13 22:45:13.570,1.09334,1.09339,1.50,1.19
2016.04.13 22:45:22.252,1.09333,1.09339,1.50,1.19
2016.04.13 22:45:22.788,1.09332,1.09338,1.24,1.19
2016.04.13 22:45:22.911,1.0933,1.09338,1.00,5.81
2016.04.13 22:45:27.178,1.09331,1.09337,1.00,1.31
2016.04.13 22:45:32.614,1.0933,1.09338,1.00,4.31
2016.04.13 22:45:41.831,1.09331,1.09338,1.00,6.19
2016.04.13 22:45:47.605,1.09328,1.09337,1.12,2.44
2016.04.13 22:45:47.656,1.09328,1.09337,1.12,2.47
2016.04.13 22:45:50.006,1.09331,1.09337,1.00,1.72
2016.04.13 22:45:50.108,1.09331,1.09337,1.00,1.69
2016.04.13 22:45:51.910,1.09331,1.09337,1.00,1.69
2016.04.13 22:45:52.420,1.09331,1.09338,1.00,6.19
2016.04.13 22:45:59.626,1.0933,1.09338,1.00,4.69
2016.04.13 22:46:02.616,1.09329,1.09337,1.25,1.69
2016.04.13 22:46:05.244,1.0933,1.09337,1.00,1.69
2016.04.13 22:46:07.502,1.09329,1.09337,1.25,6.19
2016.04.13 22:46:09.931,1.09329,1.09337,1.25,2.44
2016.04.13 22:46:13.847,1.09328,1.09334,1.00,1.31
2016.04.13 22:46:17.229,1.09327,1.09335,1.00,1.56
2016.04.13 22:46:27.647,1.09329,1.09335,1.00,1.31
2016.04.13 22:46:44.227,1.09328,1.09335,1.00,1.31
2016.04.13 22:46:44.430,1.09326,1.09332,4.72,1.50
2016.04.13 22:46:46.471,1.09328,1.09332,1.00,1.50
2016.04.13 22:46:46.775,1.0933,1.09335,1.00,1.56
2016.04.13 22:46:47.517,1.0933,1.09336,1.00,1.31
2016.04.13 22:46:55.742,1.09329,1.09336,1.00,1.31
2016.04.13 22:47:01.910,1.09329,1.09335,1.50,1.19
2016.04.13 22:47:07.941,1.09331,1.09335,1.00,1.19
2016.04.13 22:47:12.862,1.0933,1.09335,1.00,1.19
2016.04.13 22:47:19.007,1.09329,1.09335,1.00,1.19
2016.04.13 22:47:19.518,1.09328,1.09333,1.00,1.50
2016.04.13 22:47:20.049,1.09328,1.09334,1.00,2.25
2016.04.13 22:47:20.657,1.09328,1.09333,1.00,1.00
2016.04.13 22:47:21.348,1.09328,1.09334,1.00,2.63
2016.04.13 22:47:21.703,1.0933,1.09333,1.00,1.00
2016.04.13 22:47:21.906,1.0933,1.09336,1.00,1.37
2016.04.13 22:47:22.412,1.09331,1.09337,1.00,2.06
2016.04.13 22:47:22.919,1.09331,1.09338,1.00,9.56
2016.04.13 22:47:31.931,1.0933,1.09337,1.00,1.69
2016.04.13 22:47:32.067,1.09326,1.09332,1.12,2.25
2016.04.13 22:47:35.240,1.09326,1.09332,1.00,4.12
2016.04.13 22:47:35.999,1.09326,1.09332,1.00,3.00
2016.04.13 22:47:36.518,1.09326,1.09331,1.00,1.12
2016.04.13 22:47:40.643,1.09326,1.09332,1.00,6.82
2016.04.13 22:47:41.204,1.09326,1.09331,1.00,1.12
2016.04.13 22:47:43.412,1.09326,1.09332,1.00,5.32
2016.04.13 22:47:43.942,1.09327,1.09331,1.00,1.12
2016.04.13 22:47:45.643,1.09327,1.09331,1.00,1.37
2016.04.13 22:47:46.149,1.09327,1.09332,1.00,5.70
2016.04.13 22:47:46.656,1.09327,1.09331,1.00,1.12
2016.04.13 22:47:47.163,1.09327,1.09332,1.00,6.07
2016.04.13 22:47:47.669,1.09327,1.09331,1.00,1.12
2016.04.13 22:47:48.449,1.09327,1.09332,1.00,6.45
2016.04.13 22:47:48.957,1.09327,1.09331,1.00,1.12
2016.04.13 22:47:49.464,1.09327,1.09332,1.00,8.70
2016.04.13 22:47:49.667,1.09324,1.09331,1.69,1.87
2016.04.13 22:47:49.903,1.09323,1.09327,1.00,3.37
2016.04.13 22:47:50.410,1.09323,1.09326,1.00,1.50
2016.04.13 22:47:51.125,1.09322,1.09325,1.00,1.00
2016.04.13 22:47:51.632,1.09322,1.09326,1.00,3.75
2016.04.13 22:47:52.775,1.09321,1.09326,1.00,3.82
2016.04.13 22:47:53.535,1.09322,1.09326,1.00,3.82
2016.04.13 22:47:54.131,1.09317,1.09325,1.31,1.00
2016.04.13 22:47:54.278,1.09317,1.09321,1.12,1.00
2016.04.13 22:47:54.784,1.09316,1.09321,1.25,1.00
2016.04.13 22:47:56.315,1.09317,1.09321,1.00,1.00
2016.04.13 22:47:56.974,1.09316,1.09321,1.25,1.00
2016.04.13 22:47:57.371,1.09318,1.09321,1.00,1.00
2016.04.13 22:47:57.523,1.09318,1.09324,1.00,1.69
2016.04.13 22:47:58.149,1.09317,1.09324,1.00,1.69
2016.04.13 22:47:58.773,1.09318,1.09325,1.00,3.94
2016.04.13 22:47:59.281,1.09317,1.09324,1.00,1.19
2016.04.13 22:47:59.787,1.09316,1.09324,1.25,1.31
2016.04.13 22:48:00.251,1.09315,1.09321,1.19,1.00
2016.04.13 22:48:04.126,1.09318,1.09323,1.00,1.69
2016.04.13 22:48:04.430,1.0932,1.09326,1.00,1.69
2016.04.13 22:48:08.580,1.09321,1.09327,1.00,2.44
2016.04.13 22:48:09.095,1.0932,1.09327,1.00,2.44
2016.04.13 22:48:09.467,1.09321,1.09329,1.25,2.44
2016.04.13 22:48:09.569,1.09323,1.09329,1.00,1.19
2016.04.13 22:48:09.671,1.09323,1.0933,1.00,2.25
2016.04.13 22:48:10.806,1.09323,1.09331,1.00,1.12
2016.04.13 22:48:11.336,1.09323,1.09331,1.00,2.25
2016.04.13 22:48:13.914,1.09323,1.09331,1.00,1.87
2016.04.13 22:48:14.854,1.09323,1.09331,1.00,2.62
2016.04.13 22:48:16.647,1.09323,1.09331,1.00,2.62
2016.04.13 22:48:17.150,1.09322,1.0933,1.31,1.31
2016.04.13 22:48:17.484,1.09322,1.09327,1.00,1.12
2016.04.13 22:48:17.737,1.09319,1.09326,1.31,1.00
2016.04.13 22:48:20.061,1.0932,1.09327,1.00,1.12
2016.04.13 22:48:20.587,1.09321,1.09327,1.00,1.12
2016.04.13 22:48:21.094,1.0932,1.09327,1.00,2.62
2016.04.13 22:48:21.701,1.09321,1.09327,1.00,1.12
2016.04.13 22:48:22.232,1.09319,1.09327,1.25,1.87
2016.04.13 22:48:22.435,1.09321,1.09327,1.00,1.50
2016.04.13 22:48:22.588,1.09319,1.09327,1.25,1.50
2016.04.13 22:48:22.740,1.09321,1.09327,1.00,1.12
2016.04.13 22:48:22.943,1.09319,1.09327,1.25,1.50
2016.04.13 22:48:23.146,1.09321,1.09327,1.00,1.87
2016.04.13 22:48:23.484,1.09325,1.09327,1.00,1.00
2016.04.13 22:48:23.586,1.09325,1.0933,1.00,1.25
2016.04.13 22:48:23.739,1.09327,1.09332,1.00,3.75
2016.04.13 22:48:24.094,1.09325,1.09332,1.00,4.69
2016.04.13 22:48:24.297,1.09327,1.09332,1.00,4.69
2016.04.13 22:48:24.803,1.09326,1.09332,1.00,4.31
2016.04.13 22:48:25.307,1.09327,1.09332,1.00,4.31
2016.04.13 22:48:25.510,1.09325,1.09332,1.00,3.94
2016.04.13 22:48:25.662,1.09327,1.09332,1.00,4.31
2016.04.13 22:48:25.815,1.09325,1.09332,1.00,4.31
2016.04.13 22:48:25.967,1.09327,1.09332,1.00,4.31
2016.04.13 22:48:29.122,1.09329,1.09332,1.00,3.19
2016.04.13 22:48:29.274,1.0933,1.09334,1.00,1.12
2016.04.13 22:48:29.426,1.0933,1.09337,1.00,1.46
2016.04.13 22:48:29.578,1.09332,1.09338,1.00,7.31
2016.04.13 22:48:29.680,1.0933,1.09338,1.00,8.44
2016.04.13 22:48:29.883,1.09332,1.09338,1.00,6.94
2016.04.13 22:48:30.427,1.09333,1.09338,1.00,6.56
2016.04.13 22:48:30.529,1.09331,1.09338,1.00,5.81
2016.04.13 22:48:30.731,1.09333,1.09338,1.00,7.31
2016.04.13 22:48:30.884,1.09331,1.09338,1.00,5.81
2016.04.13 22:48:31.036,1.09333,1.09338,1.00,7.31
2016.04.13 22:48:31.188,1.09331,1.09338,1.00,6.94
2016.04.13 22:48:31.739,1.09333,1.09338,1.00,7.31
2016.04.13 22:48:31.841,1.09331,1.09338,1.00,5.81
2016.04.13 22:48:32.044,1.09333,1.09338,1.00,7.69
2016.04.13 22:48:32.147,1.0933,1.09337,1.00,1.69
2016.04.13 22:48:32.402,1.09332,1.09336,1.00,1.25
2016.04.13 22:48:32.453,1.0933,1.09336,1.00,1.25
2016.04.13 22:48:32.960,1.09332,1.09338,1.00,6.56
2016.04.13 22:48:33.472,1.09333,1.09338,1.00,5.44
2016.04.13 22:48:33.726,1.0933,1.09338,1.00,5.81
2016.04.13 22:48:34.242,1.09329,1.09337,1.00,1.00
2016.04.13 22:48:35.156,1.09329,1.09336,1.00,1.00
2016.04.13 22:48:35.659,1.09329,1.09337,1.00,1.25
2016.04.13 22:48:42.601,1.09329,1.09337,1.37,1.25
2016.04.13 22:48:44.202,1.09329,1.09337,1.12,1.25
2016.04.13 22:48:58.212,1.09329,1.09337,1.12,1.19
2016.04.13 22:49:02.176,1.09328,1.09337,1.69,1.19
2016.04.13 22:49:05.643,1.09329,1.09337,1.00,1.19
2016.04.13 22:49:09.644,1.09328,1.09337,1.69,1.31
2016.04.13 22:49:10.272,1.09329,1.09337,1.00,1.31
2016.04.13 22:49:18.589,1.09328,1.09337,1.25,1.31
2016.04.13 22:49:27.809,1.09328,1.09337,1.62,1.31
2016.04.13 22:49:29.812,1.09328,1.09337,1.31,1.31
2016.04.13 22:49:30.816,1.09328,1.09337,1.62,1.31
2016.04.13 22:49:31.741,1.09328,1.09336,1.62,1.62
2016.04.13 22:49:32.249,1.09328,1.09336,1.31,1.25
2016.04.13 22:49:55.477,1.09329,1.09337,1.00,1.19
2016.04.13 22:49:55.529,1.09331,1.09338,1.00,5.06
2016.04.13 22:49:55.630,1.09332,1.09338,1.91,1.00
2016.04.13 22:49:55.783,1.09332,1.0934,2.47,1.00
2016.04.13 22:50:03.772,1.09332,1.0934,3.60,1.00
2016.04.13 22:50:05.270,1.09332,1.0934,3.41,1.69
2016.04.13 22:50:05.884,1.09332,1.09339,2.29,1.19
2016.04.13 22:50:06.986,1.09331,1.09338,1.31,2.44
2016.04.13 22:50:22.016,1.09332,1.0934,2.66,2.81
2016.04.13 22:50:23.188,1.09332,1.0934,4.54,1.69
2016.04.13 22:50:24.164,1.09332,1.0934,4.54,1.69
2016.04.13 22:50:27.200,1.09332,1.0934,3.04,1.69
2016.04.13 22:50:28.195,1.09333,1.0934,1.37,1.69
2016.04.13 22:50:32.472,1.09332,1.0934,3.60,1.00
2016.04.13 22:50:36.738,1.09339,1.09343,1.12,4.31
2016.04.13 22:50:36.992,1.09342,1.09347,1.49,1.00
2016.04.13 22:50:37.043,1.09342,1.09347,1.12,1.00
2016.04.13 22:50:37.296,1.0934,1.09346,1.05,1.00
2016.04.13 22:50:39.248,1.09339,1.09344,1.66,1.00
2016.04.13 22:50:39.613,1.09337,1.0934,1.56,1.00
2016.04.13 22:50:39.715,1.09335,1.0934,2.81,1.00
2016.04.13 22:50:40.070,1.09332,1.09339,2.10,1.00
2016.04.13 22:50:40.579,1.09332,1.0934,2.47,1.00
2016.04.13 22:50:44.854,1.09333,1.09341,2.85,1.00
2016.04.13 22:50:46.821,1.09334,1.09341,2.10,1.00
2016.04.13 22:50:56.805,1.09334,1.0934,1.35,1.00
2016.04.13 22:51:04.941,1.09332,1.09339,2.47,1.00
2016.04.13 22:51:05.448,1.09332,1.09338,1.31,1.00
2016.04.13 22:52:14.412,1.09335,1.0934,1.00,3.75
2016.04.13 22:52:14.918,1.09335,1.09341,1.00,1.00
2016.04.13 22:52:16.603,1.09336,1.09341,1.00,1.00
2016.04.13 22:52:17.171,1.09337,1.09344,1.00,2.81
2016.04.13 22:52:17.677,1.09336,1.09344,1.00,3.56
2016.04.13 22:52:18.183,1.09337,1.09344,1.00,2.44
2016.04.13 22:52:18.234,1.09335,1.09343,1.12,1.19
2016.04.13 22:52:18.567,1.09337,1.09344,1.00,2.81
2016.04.13 22:52:18.669,1.09335,1.09343,1.12,1.19
2016.04.13 22:52:18.992,1.09337,1.09344,1.00,2.81
2016.04.13 22:52:19.094,1.09335,1.09343,1.12,1.19
2016.04.13 22:52:19.304,1.09337,1.09344,1.00,2.81
2016.04.13 22:52:19.405,1.09335,1.09343,1.12,1.19
2016.04.13 22:52:19.709,1.09337,1.09344,1.00,2.81
2016.04.13 22:52:19.811,1.09335,1.09344,1.12,3.56
2016.04.13 22:52:20.165,1.09337,1.09344,1.00,2.81
2016.04.13 22:52:20.266,1.09335,1.09344,1.12,3.56
2016.04.13 22:52:20.570,1.09337,1.09344,1.00,2.81
2016.04.13 22:52:20.673,1.09335,1.09343,1.12,1.19
2016.04.13 22:52:21.016,1.09337,1.09344,1.00,4.69
2016.04.13 22:52:21.118,1.09335,1.09343,1.12,1.19
2016.04.13 22:52:21.422,1.09337,1.09344,1.00,4.69
2016.04.13 22:52:21.523,1.09335,1.09343,1.12,1.19
2016.04.13 22:52:21.776,1.09337,1.09344,1.00,4.69
2016.04.13 22:52:21.928,1.09335,1.09343,1.12,1.19
2016.04.13 22:52:22.182,1.09337,1.09344,1.00,4.69
2016.04.13 22:52:22.334,1.09335,1.09343,1.12,1.19
2016.04.13 22:52:22.542,1.09337,1.09344,1.00,4.69
2016.04.13 22:52:22.781,1.09335,1.09343,1.12,1.19
2016.04.13 22:52:22.933,1.09337,1.09344,1.00,4.69
2016.04.13 22:52:23.086,1.09335,1.09344,1.12,5.44
2016.04.13 22:52:23.288,1.09337,1.09344,1.00,4.69
2016.04.13 22:52:23.440,1.09335,1.09344,1.12,5.44
2016.04.13 22:52:23.745,1.09337,1.09344,1.00,4.69
2016.04.13 22:52:23.859,1.09335,1.09344,1.12,5.44
2016.04.13 22:52:24.061,1.09337,1.09344,1.00,4.31
2016.04.13 22:52:24.213,1.09335,1.09343,1.12,1.19
2016.04.13 22:52:24.517,1.09337,1.09344,1.00,4.31
2016.04.13 22:52:24.673,1.09335,1.09344,1.12,5.06
2016.04.13 22:52:24.825,1.09337,1.09344,1.00,4.31
2016.04.13 22:52:25.027,1.09335,1.09344,1.12,5.06
2016.04.13 22:52:25.230,1.09337,1.09344,1.00,4.31
2016.04.13 22:52:25.432,1.09335,1.09344,1.12,5.06
2016.04.13 22:52:25.635,1.09337,1.09344,1.00,4.31
2016.04.13 22:52:25.737,1.09335,1.09344,1.12,5.06
2016.04.13 22:52:26.091,1.09337,1.09344,1.00,4.31
2016.04.13 22:52:26.192,1.09335,1.09344,1.12,5.06
2016.04.13 22:52:26.445,1.09337,1.09344,1.00,4.31
2016.04.13 22:52:26.597,1.09335,1.09344,1.12,5.06
2016.04.13 22:52:26.928,1.09337,1.09344,1.00,4.31
2016.04.13 22:52:27.029,1.09335,1.09344,1.12,5.06
2016.04.13 22:52:27.283,1.09337,1.09344,1.00,4.31
2016.04.13 22:52:27.435,1.09335,1.09344,1.12,5.06
2016.04.13 22:52:27.688,1.09337,1.09344,1.00,4.31
2016.04.13 22:52:27.790,1.09335,1.09344,1.12,5.06
2016.04.13 22:52:28.094,1.09337,1.09344,1.00,4.31
2016.04.13 22:52:28.246,1.09335,1.09344,1.12,5.06
2016.04.13 22:52:28.499,1.09337,1.09344,1.00,4.31
2016.04.13 22:52:28.655,1.09335,1.09344,1.12,5.44
2016.04.13 22:52:28.858,1.09337,1.09344,1.00,4.69
2016.04.13 22:52:28.960,1.09335,1.09344,1.12,5.44
2016.04.13 22:52:29.213,1.09337,1.09344,1.00,4.69
2016.04.13 22:52:29.365,1.09335,1.09344,1.12,5.44
2016.04.13 22:52:29.619,1.09337,1.09344,1.00,4.31
2016.04.13 22:52:29.721,1.09335,1.09344,1.12,5.06
2016.04.13 22:52:29.974,1.09337,1.09344,1.00,4.31
2016.04.13 22:52:30.418,1.09335,1.09344,1.12,4.31
2016.04.13 22:52:30.672,1.09337,1.09344,1.00,2.81
2016.04.13 22:52:30.774,1.09335,1.09344,1.12,3.94
2016.04.13 22:52:31.293,1.09336,1.09344,1.00,3.94
2016.04.13 22:52:31.799,1.09337,1.09344,1.00,3.56
2016.04.13 22:52:31.901,1.09335,1.09344,1.00,4.31
2016.04.13 22:52:32.155,1.09337,1.09344,1.00,3.56
2016.04.13 22:52:32.602,1.09335,1.09344,1.00,4.31
2016.04.13 22:52:32.906,1.09337,1.09344,1.00,3.56
2016.04.13 22:52:33.109,1.09335,1.09344,1.12,3.94
2016.04.13 22:52:33.311,1.09337,1.09344,1.00,3.19
2016.04.13 22:52:33.413,1.09335,1.09344,1.12,3.94
2016.04.13 22:52:33.970,1.09336,1.09344,1.00,4.31
2016.04.13 22:52:34.520,1.09335,1.09344,1.12,3.94
2016.04.13 22:52:34.774,1.09337,1.09344,1.00,3.56
2016.04.13 22:52:35.282,1.09336,1.09344,1.00,2.44
2016.04.13 22:52:35.787,1.09337,1.09344,1.00,2.81
2016.04.13 22:52:36.344,1.09336,1.09344,1.00,2.81
2016.04.13 22:52:36.648,1.09338,1.09344,1.00,2.81
2016.04.13 22:52:36.749,1.09336,1.09344,1.12,3.94
2016.04.13 22:52:37.003,1.09338,1.09344,1.00,3.19
2016.04.13 22:52:37.104,1.09336,1.09344,1.12,3.94
2016.04.13 22:52:37.358,1.09338,1.09344,1.00,2.81
2016.04.13 22:52:37.509,1.09336,1.09344,1.12,3.19
2016.04.13 22:52:38.015,1.09335,1.09344,1.12,3.56
2016.04.13 22:52:38.319,1.09337,1.09344,1.00,2.81
2016.04.13 22:52:38.421,1.09335,1.09344,1.12,3.94
2016.04.13 22:52:38.725,1.09337,1.09344,1.00,2.81
2016.04.13 22:52:38.827,1.09335,1.09344,1.12,3.56
2016.04.13 22:52:39.160,1.09337,1.09344,1.00,2.81
2016.04.13 22:52:39.262,1.09335,1.09344,1.12,3.56
2016.04.13 22:52:39.571,1.09337,1.09344,1.00,3.19
2016.04.13 22:52:39.621,1.09335,1.09344,1.12,3.94
2016.04.13 22:52:39.975,1.09337,1.09344,1.00,3.19
2016.04.13 22:52:40.077,1.09335,1.09344,1.12,3.94
2016.04.13 22:52:40.633,1.09336,1.09344,1.00,3.94
2016.04.13 22:52:41.230,1.09335,1.09344,1.12,3.56
2016.04.13 22:52:41.888,1.09336,1.09344,1.00,3.56
2016.04.13 22:52:42.445,1.09335,1.09344,1.12,3.56
2016.04.13 22:52:43.154,1.09336,1.09344,1.00,3.94
2016.04.13 22:52:43.670,1.09335,1.09344,1.12,3.94
2016.04.13 22:52:44.336,1.09336,1.09344,1.00,4.69
2016.04.13 22:52:44.842,1.09335,1.09344,1.12,3.94
2016.04.13 22:52:45.449,1.09336,1.09344,1.00,3.94
2016.04.13 22:52:45.955,1.09335,1.09344,1.12,3.94
2016.04.13 22:52:46.624,1.09336,1.09344,1.00,3.94
2016.04.13 22:52:47.737,1.09335,1.09343,1.12,1.19
2016.04.13 22:52:48.446,1.09336,1.09343,1.00,1.19
2016.04.13 22:52:48.955,1.09335,1.09343,1.12,1.19
2016.04.13 22:52:49.494,1.09336,1.09343,1.00,1.19
2016.04.13 22:52:50.051,1.09335,1.09343,1.12,1.19
2016.04.13 22:52:50.759,1.09336,1.09343,1.00,1.19
2016.04.13 22:52:51.300,1.09335,1.09343,1.12,1.19
2016.04.13 22:52:51.856,1.09336,1.09343,1.00,1.19
2016.04.13 22:52:52.463,1.09335,1.09343,1.12,1.19
2016.04.13 22:52:53.120,1.09336,1.09343,1.00,1.19
2016.04.13 22:52:53.677,1.09335,1.09343,1.12,1.19
2016.04.13 22:52:54.355,1.09336,1.09343,1.00,1.19
2016.04.13 22:52:55.767,1.09335,1.09343,1.12,1.19
2016.04.13 22:52:56.272,1.09336,1.09343,1.00,1.19
2016.04.13 22:52:57.728,1.09335,1.09343,1.12,1.19
2016.04.13 22:52:58.233,1.09336,1.09343,1.00,1.19
2016.04.13 22:52:58.789,1.09335,1.09343,1.12,1.19
2016.04.13 22:52:59.466,1.09336,1.09343,1.00,1.19
2016.04.13 22:52:59.972,1.09335,1.09343,1.12,1.19
2016.04.13 22:53:00.642,1.09336,1.09343,1.00,1.19
2016.04.13 22:53:01.168,1.09335,1.09343,1.12,1.31
2016.04.13 22:53:01.870,1.09336,1.09343,1.00,1.19
2016.04.13 22:53:02.400,1.09335,1.09344,1.12,3.94
2016.04.13 22:53:03.058,1.09336,1.09344,1.00,5.44
2016.04.13 22:53:03.573,1.09335,1.09344,1.12,6.19
2016.04.13 22:53:08.339,1.09335,1.09341,1.12,1.19
2016.04.13 22:53:12.697,1.09336,1.09341,1.00,1.19
2016.04.13 22:53:12.748,1.09336,1.09343,1.00,2.81
2016.04.13 22:53:17.005,1.09335,1.09343,1.12,1.31
2016.04.13 22:53:17.561,1.09336,1.09343,1.00,1.19
2016.04.13 22:53:18.067,1.09335,1.09343,1.12,1.19
2016.04.13 22:53:18.572,1.09336,1.09343,1.00,1.19
2016.04.13 22:53:19.111,1.09335,1.09343,1.12,1.19
2016.04.13 22:53:19.619,1.09336,1.09343,1.00,1.19
2016.04.13 22:53:20.125,1.09335,1.09343,1.12,1.19
2016.04.13 22:53:20.665,1.09336,1.09343,1.00,1.69
2016.04.13 22:53:21.323,1.09335,1.09343,1.12,1.69
2016.04.13 22:53:21.895,1.09336,1.09343,1.00,1.69
2016.04.13 22:53:25.948,1.09335,1.09343,1.12,1.69
2016.04.13 22:53:26.473,1.09336,1.09343,1.00,1.69
2016.04.13 22:53:26.981,1.09335,1.09343,1.12,1.19
2016.04.13 22:53:27.520,1.09336,1.09343,1.00,1.19
2016.04.13 22:53:28.180,1.09335,1.09343,1.12,1.19
2016.04.13 22:53:28.787,1.09336,1.09343,1.00,1.19
2016.04.13 22:53:29.415,1.09335,1.09343,1.12,1.19
2016.04.13 22:53:29.921,1.09335,1.09343,1.37,1.19
2016.04.13 22:53:38.943,1.09335,1.09343,1.12,1.19
2016.04.13 22:53:39.453,1.09336,1.09343,1.00,1.19
2016.04.13 22:53:39.960,1.09335,1.09343,1.12,1.19
2016.04.13 22:53:40.552,1.09336,1.09343,1.00,1.19
2016.04.13 22:53:43.068,1.09335,1.09343,1.12,1.19
2016.04.13 22:53:43.696,1.09336,1.09343,1.00,1.19
2016.04.13 22:53:44.201,1.09335,1.09343,1.12,1.19
2016.04.13 22:53:44.707,1.09336,1.09343,1.00,1.19
2016.04.13 22:53:47.217,1.09335,1.09343,1.12,1.19
2016.04.13 22:53:47.722,1.09336,1.09343,1.00,1.19
2016.04.13 22:53:48.228,1.09335,1.09343,1.12,1.19
2016.04.13 22:53:48.842,1.09336,1.09343,1.00,1.19
2016.04.13 22:53:49.348,1.09335,1.09343,1.12,1.19
2016.04.13 22:53:49.904,1.09336,1.09343,1.00,1.19
2016.04.13 22:53:52.092,1.09335,1.09343,1.12,1.19
2016.04.13 22:53:52.708,1.09336,1.09343,1.00,1.19
2016.04.13 22:54:06.032,1.09335,1.09343,1.87,1.19
2016.04.13 22:54:08.815,1.09336,1.09343,1.00,1.19
2016.04.13 22:54:09.321,1.09335,1.09343,2.62,1.19
2016.04.13 22:54:10.004,1.09336,1.09343,1.00,1.19
2016.04.13 22:54:10.509,1.09335,1.09343,1.12,1.19
2016.04.13 22:54:18.596,1.09336,1.09343,1.00,1.19
2016.04.13 22:54:19.103,1.09335,1.09343,1.87,1.19
2016.04.13 22:54:19.609,1.09336,1.09343,1.00,1.19
2016.04.13 22:54:20.161,1.09335,1.09343,1.87,1.19
2016.04.13 22:54:20.686,1.09336,1.09343,1.00,1.19
2016.04.13 22:54:21.192,1.09335,1.09343,1.87,1.19
2016.04.13 22:54:22.280,1.09336,1.09343,1.00,1.19
2016.04.13 22:54:22.813,1.09335,1.09343,1.87,1.19
2016.04.13 22:54:23.444,1.09336,1.09343,1.00,1.19
2016.04.13 22:54:23.949,1.09335,1.09343,1.87,1.19
2016.04.13 22:54:27.354,1.09337,1.09343,1.00,1.19
2016.04.13 22:54:27.671,1.09338,1.09344,3.22,4.31
2016.04.13 22:54:30.964,1.0934,1.09344,1.00,1.19
2016.04.13 22:54:31.701,1.09342,1.09345,1.00,1.19
2016.04.13 22:54:31.955,1.09343,1.09348,1.00,1.19
2016.04.13 22:54:32.467,1.09344,1.09347,1.00,1.19
2016.04.13 22:54:37.308,1.09343,1.09347,1.00,1.19
2016.04.13 22:54:38.472,1.09342,1.09347,1.16,1.19
2016.04.13 22:55:03.513,1.09341,1.09347,1.12,1.19
2016.04.13 22:55:45.290,1.09339,1.09344,2.29,1.00
2016.04.13 22:55:45.594,1.09337,1.09344,1.00,1.00
2016.04.13 22:55:46.131,1.09337,1.09344,1.00,3.94
2016.04.13 22:55:59.896,1.09336,1.09344,1.12,3.94
2016.04.13 22:55:59.947,1.09333,1.0934,5.66,1.00
2016.04.13 22:56:00.201,1.09326,1.09332,1.00,2.25
2016.04.13 22:56:00.505,1.09326,1.09332,1.50,2.44
2016.04.13 22:56:01.824,1.09326,1.09332,1.12,2.44
2016.04.13 22:56:02.372,1.09328,1.09332,1.00,1.00
2016.04.13 22:56:03.322,1.09329,1.09332,1.00,1.00
2016.04.13 22:56:04.352,1.09328,1.09332,1.12,1.00
2016.04.13 22:56:05.050,1.09329,1.09332,1.00,1.00
2016.04.13 22:56:05.252,1.09331,1.09338,1.45,3.94
2016.04.13 22:56:05.758,1.09332,1.09338,1.50,1.69
2016.04.13 22:56:14.214,1.0933,1.09335,2.25,1.00
2016.04.13 22:56:14.385,1.09328,1.09332,1.00,3.75
2016.04.13 22:56:14.638,1.09329,1.09336,1.50,4.39
2016.04.13 22:56:14.943,1.09328,1.09332,1.00,1.50
2016.04.13 22:56:15.602,1.09328,1.09332,1.00,1.80
2016.04.13 22:56:16.148,1.09327,1.09332,1.00,1.80
2016.04.13 22:56:19.050,1.09329,1.09332,1.00,1.80
2016.04.13 22:56:19.570,1.09328,1.09332,1.00,1.69
2016.04.13 22:56:20.026,1.09326,1.09332,1.87,1.80
2016.04.13 22:56:20.078,1.09329,1.09332,1.50,2.36
2016.04.13 22:56:20.299,1.09326,1.09332,1.12,1.80
2016.04.13 22:56:21.060,1.09327,1.09332,1.00,1.80
2016.04.13 22:56:21.933,1.09328,1.09332,1.00,1.69
2016.04.13 22:56:22.439,1.09327,1.09332,1.50,1.69
2016.04.13 22:56:23.747,1.09328,1.09332,1.00,1.69
2016.04.13 22:56:24.064,1.0933,1.09332,1.00,1.50
2016.04.13 22:56:24.165,1.09331,1.09335,1.00,1.50
2016.04.13 22:56:24.267,1.09331,1.09338,2.25,3.00
2016.04.13 22:56:25.195,1.09332,1.09338,1.00,2.25
2016.04.13 22:56:26.571,1.09331,1.09338,2.62,2.25
2016.04.13 22:56:38.740,1.0933,1.09338,1.69,2.25
2016.04.13 22:56:53.000,1.0933,1.09338,2.06,2.25
2016.04.13 22:56:53.519,1.09332,1.09338,1.00,2.25
2016.04.13 22:56:59.335,1.09331,1.09338,1.00,3.00
2016.04.13 22:57:01.034,1.09331,1.09338,1.87,1.50
2016.04.13 22:57:02.808,1.09333,1.09338,1.37,1.50
2016.04.13 22:57:02.859,1.09333,1.0934,2.06,1.00
2016.04.13 22:57:03.264,1.09332,1.09338,2.06,1.50
2016.04.13 22:57:03.416,1.09332,1.09338,1.56,1.50
2016.04.13 22:57:15.642,1.09331,1.09338,2.06,1.50
2016.04.13 22:57:18.614,1.09331,1.09338,2.06,1.50
2016.04.13 22:58:26.471,1.09331,1.09339,2.06,1.00
2016.04.13 22:58:27.214,1.09331,1.09339,2.06,1.12
2016.04.13 22:58:27.942,1.09331,1.09339,2.06,1.12
2016.04.13 22:58:28.499,1.09331,1.09338,2.06,1.50
2016.04.13 22:58:29.021,1.09331,1.09338,2.06,1.50
2016.04.13 22:58:30.201,1.09331,1.09338,2.06,1.50
2016.04.13 22:58:44.067,1.0933,1.09338,1.66,3.56
2016.04.13 22:59:01.927,1.09334,1.09339,1.00,1.19
2016.04.13 22:59:02.048,1.09334,1.09341,1.00,1.00
2016.04.13 22:59:02.352,1.09334,1.09341,1.69,1.00
2016.04.13 22:59:09.504,1.09334,1.09342,2.81,1.00
2016.04.13 22:59:15.094,1.09334,1.09341,2.06,1.00
2016.04.13 22:59:19.441,1.09334,1.0934,2.06,1.00
2016.04.13 22:59:22.376,1.09334,1.09338,1.56,1.00
2016.04.13 22:59:22.478,1.09332,1.09338,1.66,2.25
2016.04.13 22:59:22.984,1.0933,1.09337,2.06,1.00
2016.04.13 22:59:23.035,1.0933,1.09337,1.56,1.00
2016.04.13 22:59:32.549,1.0933,1.09338,1.31,3.19
2016.04.13 22:59:35.153,1.0933,1.09337,1.31,1.00
2016.04.13 22:59:39.154,1.0933,1.09336,1.69,1.00
2016.04.13 22:59:39.757,1.0933,1.09337,1.69,1.00
2016.04.13 22:59:40.323,1.0933,1.09336,1.69,1.00
2016.04.13 22:59:57.733,1.09329,1.09335,2.89,1.00
