2013.01.24 10:00:00.753,0.89521,0.89529,2.48,1.88
2013.01.24 10:00:03.472,0.89523,0.89531,2.85,2.25
2013.01.24 10:00:03.533,0.89526,0.89532,1.50,2.40
2013.01.24 10:00:04.073,0.89526,0.89533,2.48,1.88
2013.01.24 10:00:05.846,0.89526,0.89534,2.33,1.73
2013.01.24 10:00:09.293,0.89525,0.89533,2.85,2.10
2013.01.24 10:00:10.432,0.89526,0.89532,1.73,2.40
2013.01.24 10:00:10.974,0.89526,0.89533,1.73,2.10
2013.01.24 10:00:11.512,0.89525,0.89532,1.50,1.50
2013.01.24 10:00:12.113,0.89526,0.89532,1.73,2.10
2013.01.24 10:00:12.473,0.89518,0.89526,1.73,3.23
2013.01.24 10:00:13.013,0.89517,0.89524,1.73,1.13
2013.01.24 10:00:14.032,0.89516,0.89524,2.48,1.88
2013.01.24 10:00:14.802,0.89517,0.89527,1.35,5.48
2013.01.24 10:00:15.125,0.89519,0.89526,2.10,2.25
2013.01.24 10:00:15.313,0.89522,0.89527,1.13,1.50
2013.01.24 10:00:16.101,0.89523,0.89529,1.50,1.73
2013.01.24 10:00:16.920,0.89521,0.89529,2.25,1.73
2013.01.24 10:00:17.936,0.89522,0.89528,2.40,1.73
2013.01.24 10:00:18.483,0.89522,0.8953,3.15,2.40
2013.01.24 10:00:19.282,0.89523,0.89531,2.63,2.48
2013.01.24 10:00:19.469,0.89524,0.89531,1.65,1.73
2013.01.24 10:00:21.673,0.89525,0.89532,1.13,3.23
2013.01.24 10:00:22.332,0.89527,0.89533,1.65,1.50
2013.01.24 10:00:22.513,0.89531,0.89537,1.50,1.13
2013.01.24 10:00:23.475,0.89532,0.89538,2.25,1.50
2013.01.24 10:00:24.615,0.89532,0.89539,2.25,2.48
2013.01.24 10:00:25.162,0.89531,0.89539,5.40,1.73
2013.01.24 10:00:25.503,0.89531,0.89537,3.15,1.73
2013.01.24 10:00:25.682,0.89529,0.89536,3.00,1.73
2013.01.24 10:00:25.865,0.89526,0.89532,1.50,1.13
2013.01.24 10:00:25.935,0.89524,0.89532,2.40,1.88
2013.01.24 10:00:26.007,0.89524,0.89531,2.40,1.73
2013.01.24 10:00:26.583,0.89525,0.89531,1.88,1.50
2013.01.24 10:00:26.703,0.89525,0.89531,1.88,1.73
2013.01.24 10:00:27.072,0.89526,0.89534,1.65,3.00
2013.01.24 10:00:29.363,0.89526,0.89532,3.15,1.73
2013.01.24 10:00:36.062,0.89524,0.89532,3.00,2.85
2013.01.24 10:00:36.422,0.89524,0.8953,1.50,1.65
2013.01.24 10:00:38.971,0.89524,0.89531,1.50,3.15
2013.01.24 10:00:39.153,0.89527,0.89534,3.75,1.73
2013.01.24 10:00:39.213,0.89529,0.89536,1.50,4.73
2013.01.24 10:00:39.272,0.8953,0.89536,1.50,4.73
2013.01.24 10:00:39.779,0.89531,0.89537,1.50,1.50
2013.01.24 10:00:47.003,0.89531,0.89538,2.40,1.73
2013.01.24 10:00:48.543,0.89532,0.89539,1.50,1.73
2013.01.24 10:00:49.804,0.89532,0.8954,1.50,3.75
2013.01.24 10:00:50.347,0.89531,0.89539,2.40,2.48
2013.01.24 10:00:51.653,0.89533,0.89539,2.25,1.73
2013.01.24 10:00:52.014,0.89533,0.89541,2.63,2.48
2013.01.24 10:00:53.743,0.89533,0.89541,2.40,2.48
2013.01.24 10:00:55.095,0.89533,0.89539,1.50,1.13
2013.01.24 10:00:55.402,0.89532,0.89539,1.50,1.13
2013.01.24 10:01:00.543,0.8953,0.89538,3.38,3.23
2013.01.24 10:01:00.723,0.8953,0.89538,4.13,3.23
2013.01.24 10:01:01.232,0.8953,0.89539,4.88,1.88
2013.01.24 10:01:01.762,0.8953,0.89538,4.88,1.73
2013.01.24 10:01:03.862,0.8953,0.89539,4.13,1.73
2013.01.24 10:01:07.703,0.8953,0.89538,1.50,3.98
2013.01.24 10:01:07.823,0.8953,0.89538,1.50,4.73
2013.01.24 10:01:08.123,0.8953,0.89538,2.25,1.73
2013.01.24 10:01:08.661,0.89531,0.89538,1.65,1.73
2013.01.24 10:01:11.232,0.89531,0.89539,1.65,3.38
2013.01.24 10:01:16.712,0.8953,0.89538,3.38,2.48
2013.01.24 10:01:17.293,0.8953,0.89536,3.00,1.73
2013.01.24 10:01:24.544,0.8953,0.89538,2.25,2.63
2013.01.24 10:01:24.864,0.8953,0.89538,2.48,2.63
2013.01.24 10:01:26.914,0.89531,0.89539,1.73,2.25
2013.01.24 10:01:27.092,0.89532,0.89539,1.73,1.50
2013.01.24 10:01:27.812,0.89531,0.8954,1.50,2.40
2013.01.24 10:01:28.018,0.89531,0.8954,2.48,2.40
2013.01.24 10:01:29.063,0.89531,0.89539,2.25,1.50
2013.01.24 10:01:29.312,0.89533,0.89541,2.48,2.25
2013.01.24 10:01:29.372,0.89535,0.89542,1.73,5.70
2013.01.24 10:01:29.493,0.89538,0.89543,1.65,1.88
2013.01.24 10:01:29.824,0.89538,0.89546,1.73,2.48
2013.01.24 10:01:29.893,0.89536,0.89544,3.60,1.50
2013.01.24 10:01:29.954,0.89536,0.89545,3.60,1.65
2013.01.24 10:01:31.836,0.89536,0.89543,1.50,1.50
2013.01.24 10:01:32.143,0.89535,0.89541,2.48,1.50
2013.01.24 10:01:32.681,0.89534,0.89542,2.10,2.25
2013.01.24 10:01:33.221,0.89533,0.89541,3.15,1.50
2013.01.24 10:01:38.243,0.89536,0.89543,2.48,2.25
2013.01.24 10:01:38.422,0.89538,0.89544,1.73,1.13
2013.01.24 10:01:42.991,0.89538,0.89546,2.85,2.63
2013.01.24 10:01:43.232,0.89539,0.89546,1.13,1.88
2013.01.24 10:01:58.554,0.89538,0.89546,3.23,4.13
2013.01.24 10:01:58.613,0.89538,0.89546,2.48,4.13
2013.01.24 10:01:59.124,0.89538,0.89546,1.73,2.63
2013.01.24 10:01:59.671,0.89537,0.89544,3.98,1.50
2013.01.24 10:02:01.255,0.89538,0.89546,1.73,2.63
2013.01.24 10:02:06.893,0.89537,0.89546,3.98,2.63
2013.01.24 10:02:10.602,0.89537,0.89545,3.98,3.00
2013.01.24 10:02:10.749,0.89537,0.89542,1.50,1.50
2013.01.24 10:02:11.284,0.89533,0.89541,3.38,1.50
2013.01.24 10:02:13.164,0.89535,0.89544,1.13,3.60
2013.01.24 10:02:13.702,0.89538,0.89545,1.73,2.40
2013.01.24 10:02:18.030,0.89537,0.89545,2.48,3.15
2013.01.24 10:02:19.172,0.89538,0.89545,1.73,2.40
2013.01.24 10:02:19.646,0.89537,0.89544,2.48,1.50
2013.01.24 10:02:19.986,0.8953,0.89539,2.25,1.73
2013.01.24 10:02:20.114,0.89533,0.89541,1.50,1.73
2013.01.24 10:02:20.415,0.89532,0.89538,3.75,1.73
2013.01.24 10:02:22.052,0.89532,0.89539,1.50,1.50
2013.01.24 10:02:22.922,0.89532,0.89538,1.65,1.73
2013.01.24 10:02:24.066,0.89532,0.8954,1.65,2.63
2013.01.24 10:02:26.893,0.8953,0.89535,3.00,1.50
2013.01.24 10:02:27.254,0.89528,0.89535,3.15,1.73
2013.01.24 10:02:27.384,0.89529,0.89536,2.25,2.48
2013.01.24 10:02:27.444,0.89527,0.89536,2.63,1.73
2013.01.24 10:02:27.562,0.89528,0.89535,1.50,1.13
2013.01.24 10:02:28.883,0.89529,0.89535,1.13,1.50
2013.01.24 10:02:29.452,0.89531,0.89539,3.00,3.23
2013.01.24 10:02:29.538,0.89529,0.89538,1.65,1.73
2013.01.24 10:02:29.937,0.89529,0.89537,1.65,1.73
2013.01.24 10:02:35.772,0.8953,0.89537,2.25,1.73
2013.01.24 10:02:35.832,0.89531,0.89538,1.13,1.50
2013.01.24 10:02:36.012,0.89531,0.89539,3.38,2.10
2013.01.24 10:02:37.693,0.89532,0.89538,1.50,2.10
2013.01.24 10:02:40.572,0.8953,0.89537,3.00,1.13
2013.01.24 10:02:41.082,0.89532,0.89538,1.50,1.13
2013.01.24 10:02:41.725,0.89532,0.89538,1.50,2.10
2013.01.24 10:02:42.182,0.89533,0.89539,1.50,1.20
2013.01.24 10:02:42.243,0.89534,0.8954,1.50,1.73
2013.01.24 10:02:42.364,0.89534,0.89542,1.50,3.00
2013.01.24 10:02:42.672,0.89531,0.89539,3.38,2.10
2013.01.24 10:02:42.809,0.89531,0.89539,2.63,2.10
2013.01.24 10:02:51.373,0.8953,0.89537,1.50,1.35
2013.01.24 10:02:51.675,0.89528,0.89536,3.00,1.13
2013.01.24 10:02:55.682,0.89529,0.89537,1.50,2.10
2013.01.24 10:03:09.053,0.89528,0.89536,3.38,1.88
2013.01.24 10:03:09.354,0.89529,0.89537,1.50,3.15
2013.01.24 10:03:23.645,0.89526,0.89532,6.98,1.13
2013.01.24 10:03:23.833,0.89527,0.89533,1.50,2.10
2013.01.24 10:03:24.551,0.89526,0.89533,2.25,2.10
2013.01.24 10:03:29.052,0.89525,0.89531,1.50,1.35
2013.01.24 10:03:35.972,0.89525,0.89532,1.50,1.35
2013.01.24 10:03:39.373,0.89526,0.89532,1.50,1.73
2013.01.24 10:03:39.432,0.89526,0.89534,2.25,2.25
2013.01.24 10:03:39.613,0.89527,0.89535,1.50,1.73
2013.01.24 10:03:40.193,0.89527,0.89535,2.25,1.73
2013.01.24 10:03:42.813,0.89529,0.89536,1.50,3.00
2013.01.24 10:03:45.092,0.89529,0.89537,1.50,3.75
2013.01.24 10:03:45.680,0.89529,0.89536,2.48,1.13
2013.01.24 10:03:46.932,0.89529,0.89536,1.73,1.13
2013.01.24 10:03:48.043,0.89529,0.89536,2.48,1.13
2013.01.24 10:03:50.612,0.89529,0.89536,2.48,1.88
2013.01.24 10:03:53.013,0.89529,0.89536,3.23,1.13
2013.01.24 10:03:54.493,0.8953,0.89537,1.50,1.35
2013.01.24 10:03:56.032,0.89531,0.89538,1.50,1.73
2013.01.24 10:03:58.182,0.89532,0.89539,1.50,1.50
2013.01.24 10:03:59.503,0.89533,0.89539,1.50,1.13
2013.01.24 10:03:59.683,0.89534,0.89542,2.25,4.13
2013.01.24 10:03:59.802,0.89536,0.89542,2.25,1.50
2013.01.24 10:04:00.106,0.89539,0.89545,1.50,1.88
2013.01.24 10:04:00.353,0.89539,0.89545,2.25,1.88
2013.01.24 10:04:00.964,0.89539,0.89545,3.00,1.50
2013.01.24 10:04:01.084,0.89541,0.89547,1.50,2.10
2013.01.24 10:04:01.632,0.89541,0.89547,1.50,1.35
2013.01.24 10:04:03.264,0.89538,0.89545,3.38,1.35
2013.01.24 10:04:03.825,0.89539,0.89543,1.50,1.88
2013.01.24 10:04:03.901,0.89538,0.89545,2.25,1.35
2013.01.24 10:04:05.804,0.89538,0.89546,3.38,1.88
2013.01.24 10:04:05.864,0.8954,0.89546,1.50,2.10
2013.01.24 10:04:06.372,0.89537,0.89546,4.13,2.85
2013.01.24 10:04:06.794,0.89538,0.89546,3.38,1.35
2013.01.24 10:04:06.974,0.89543,0.89549,2.25,1.73
2013.01.24 10:04:07.213,0.89544,0.89551,1.50,2.10
2013.01.24 10:04:07.617,0.8954,0.89548,3.98,3.60
2013.01.24 10:04:07.813,0.89537,0.89544,2.25,1.35
2013.01.24 10:04:09.934,0.89535,0.89541,5.25,1.13
2013.01.24 10:04:10.004,0.89535,0.89541,3.00,2.10
2013.01.24 10:04:10.508,0.89535,0.89539,3.00,1.35
2013.01.24 10:04:11.062,0.89534,0.89542,2.25,3.38
2013.01.24 10:04:12.372,0.89533,0.89539,2.25,1.35
2013.01.24 10:04:12.825,0.89537,0.89543,1.50,2.10
2013.01.24 10:04:12.896,0.89537,0.89544,2.25,2.10
2013.01.24 10:04:13.443,0.89537,0.89545,3.00,1.88
2013.01.24 10:04:15.953,0.89538,0.89545,2.25,1.13
2013.01.24 10:04:16.604,0.89539,0.89547,4.50,2.48
2013.01.24 10:04:17.848,0.89539,0.89545,2.25,1.13
2013.01.24 10:04:21.234,0.89539,0.89546,2.40,2.48
2013.01.24 10:04:21.302,0.89541,0.89546,2.10,1.50
2013.01.24 10:04:21.603,0.89546,0.89554,2.25,1.73
2013.01.24 10:04:21.782,0.89548,0.89555,2.25,2.63
2013.01.24 10:04:21.903,0.89548,0.89556,3.38,2.63
2013.01.24 10:04:22.452,0.8955,0.89556,1.50,1.13
2013.01.24 10:04:24.494,0.89548,0.89555,3.00,1.13
2013.01.24 10:04:25.341,0.89548,0.89556,3.00,1.50
2013.01.24 10:04:28.774,0.89548,0.89555,2.25,1.13
2013.01.24 10:04:29.696,0.89548,0.89555,3.00,1.88
2013.01.24 10:04:34.763,0.89549,0.89556,1.88,1.73
2013.01.24 10:04:35.425,0.89548,0.89556,3.38,1.73
2013.01.24 10:04:37.423,0.89549,0.89556,1.88,1.73
2013.01.24 10:04:41.386,0.8955,0.89557,1.50,3.75
2013.01.24 10:04:41.515,0.89551,0.89558,2.48,2.48
2013.01.24 10:04:41.763,0.89553,0.89561,2.48,1.73
2013.01.24 10:04:42.302,0.89554,0.89561,1.73,1.73
2013.01.24 10:04:42.544,0.89553,0.89561,1.73,1.73
2013.01.24 10:04:45.787,0.89554,0.8956,1.50,3.00
2013.01.24 10:04:46.334,0.89551,0.89558,2.48,1.73
2013.01.24 10:04:46.393,0.89551,0.89558,1.50,4.58
2013.01.24 10:04:46.514,0.89549,0.89555,2.48,1.73
2013.01.24 10:04:48.143,0.89548,0.89555,2.63,1.73
2013.01.24 10:04:48.504,0.8955,0.89556,1.35,1.88
2013.01.24 10:04:48.754,0.89554,0.8956,2.48,3.98
2013.01.24 10:04:49.292,0.89554,0.8956,1.50,2.48
2013.01.24 10:04:52.824,0.89554,0.8956,1.73,3.75
2013.01.24 10:04:53.484,0.89556,0.89563,1.88,1.50
2013.01.24 10:04:53.844,0.89561,0.89569,1.13,1.28
2013.01.24 10:04:54.142,0.89564,0.8957,1.73,4.50
2013.01.24 10:04:54.443,0.89565,0.89572,1.13,2.63
2013.01.24 10:04:54.503,0.89564,0.89573,4.35,2.63
2013.01.24 10:04:55.043,0.89565,0.89571,2.48,1.65
2013.01.24 10:04:55.163,0.89565,0.89574,1.73,3.00
2013.01.24 10:04:55.403,0.89567,0.89573,1.73,1.50
2013.01.24 10:04:55.883,0.89569,0.89575,1.73,3.38
2013.01.24 10:04:56.362,0.89569,0.89576,2.48,1.50
2013.01.24 10:04:56.912,0.8957,0.89576,2.48,1.50
2013.01.24 10:04:57.213,0.89573,0.89578,1.73,1.50
2013.01.24 10:04:57.632,0.89571,0.89577,1.73,1.88
2013.01.24 10:04:58.492,0.8957,0.89577,1.73,1.88
2013.01.24 10:05:00.173,0.8957,0.89576,1.73,1.50
2013.01.24 10:05:00.475,0.89568,0.89574,1.50,1.88
2013.01.24 10:05:00.594,0.89564,0.89572,2.10,1.50
2013.01.24 10:05:03.763,0.89566,0.89573,1.65,1.50
2013.01.24 10:05:04.126,0.89567,0.89575,1.20,2.03
2013.01.24 10:05:04.194,0.89566,0.89574,1.73,1.50
2013.01.24 10:05:05.853,0.89567,0.89574,1.50,2.25
2013.01.24 10:05:08.793,0.89568,0.89575,2.48,1.65
2013.01.24 10:05:09.163,0.8957,0.89576,1.73,2.25
2013.01.24 10:05:09.534,0.8957,0.89579,2.48,3.75
2013.01.24 10:05:10.012,0.89572,0.89579,2.48,1.50
2013.01.24 10:05:11.793,0.89572,0.8958,1.35,1.73
2013.01.24 10:05:12.372,0.89574,0.89582,1.65,1.73
2013.01.24 10:05:12.458,0.89574,0.89582,1.50,2.40
2013.01.24 10:05:12.522,0.89574,0.89582,1.50,3.38
2013.01.24 10:05:13.024,0.89573,0.89582,3.23,2.63
2013.01.24 10:05:14.222,0.89573,0.89581,2.48,1.50
2013.01.24 10:05:15.313,0.89573,0.89582,2.48,3.53
2013.01.24 10:05:18.864,0.89574,0.89582,1.73,3.90
2013.01.24 10:05:19.047,0.89574,0.89583,1.73,3.75
2013.01.24 10:05:19.295,0.89577,0.89584,1.73,2.40
2013.01.24 10:05:19.714,0.89578,0.89585,1.13,3.00
2013.01.24 10:05:20.263,0.8958,0.89587,1.73,1.50
2013.01.24 10:05:22.050,0.89578,0.89584,2.03,2.10
2013.01.24 10:05:22.294,0.89572,0.89578,2.93,2.25
2013.01.24 10:05:22.654,0.89573,0.8958,1.13,2.25
2013.01.24 10:05:22.715,0.89574,0.89583,1.35,4.88
2013.01.24 10:05:23.025,0.89579,0.89584,1.73,1.50
2013.01.24 10:05:23.087,0.89579,0.89586,2.48,1.88
2013.01.24 10:05:23.632,0.8958,0.89587,1.73,1.50
2013.01.24 10:05:24.212,0.8958,0.89587,1.73,1.50
2013.01.24 10:05:27.272,0.8958,0.89588,1.73,4.28
2013.01.24 10:05:27.966,0.8958,0.89588,1.73,3.90
2013.01.24 10:05:28.278,0.89579,0.89585,1.50,1.50
2013.01.24 10:05:28.583,0.89576,0.89583,3.60,1.50
2013.01.24 10:05:28.882,0.89574,0.89582,2.63,3.15
2013.01.24 10:05:29.423,0.89574,0.89581,3.38,1.50
2013.01.24 10:05:33.453,0.89574,0.8958,1.65,1.50
2013.01.24 10:05:33.573,0.89573,0.89579,3.23,1.50
2013.01.24 10:05:34.112,0.89572,0.8958,1.73,2.40
2013.01.24 10:05:34.926,0.89571,0.89579,3.23,1.50
2013.01.24 10:05:34.993,0.8957,0.89578,1.88,2.25
2013.01.24 10:05:35.552,0.89569,0.89577,2.10,1.50
2013.01.24 10:05:36.102,0.89571,0.8958,1.88,2.63
2013.01.24 10:05:36.286,0.89574,0.8958,1.73,1.50
2013.01.24 10:05:36.843,0.89574,0.89581,1.50,1.50
2013.01.24 10:05:37.353,0.89574,0.89581,1.73,1.50
2013.01.24 10:05:37.414,0.89576,0.89583,1.73,2.63
2013.01.24 10:05:37.474,0.89579,0.89583,1.50,1.50
2013.01.24 10:05:37.594,0.8958,0.89586,2.48,2.63
2013.01.24 10:05:37.713,0.89581,0.89589,3.90,1.65
2013.01.24 10:05:38.224,0.89581,0.89589,4.13,2.40
2013.01.24 10:05:38.582,0.89579,0.89586,3.23,2.25
2013.01.24 10:05:38.644,0.89579,0.89586,2.25,2.48
2013.01.24 10:05:38.763,0.89579,0.89587,2.25,1.50
2013.01.24 10:05:41.713,0.8958,0.89586,1.50,2.25
2013.01.24 10:05:41.832,0.8958,0.89586,1.50,2.48
2013.01.24 10:05:43.484,0.89577,0.89586,2.63,1.73
2013.01.24 10:05:45.066,0.89572,0.8958,2.25,1.88
2013.01.24 10:05:45.377,0.89571,0.89579,2.25,2.48
2013.01.24 10:05:46.662,0.89571,0.89576,2.25,1.50
2013.01.24 10:05:46.964,0.89564,0.89571,2.63,2.48
2013.01.24 10:05:47.531,0.89563,0.8957,1.50,1.13
2013.01.24 10:05:47.594,0.89562,0.8957,3.00,1.88
2013.01.24 10:05:47.656,0.89562,0.8957,1.50,1.88
2013.01.24 10:05:48.092,0.89562,0.8957,2.25,1.13
2013.01.24 10:05:48.924,0.89562,0.8957,2.25,1.65
2013.01.24 10:05:49.654,0.89561,0.89567,1.50,1.73
2013.01.24 10:05:49.773,0.89559,0.89565,2.48,1.50
2013.01.24 10:05:49.835,0.89559,0.89565,2.25,1.73
2013.01.24 10:05:55.041,0.89562,0.89568,1.28,1.50
2013.01.24 10:05:55.123,0.89564,0.8957,1.50,1.50
2013.01.24 10:05:55.683,0.89564,0.89572,1.50,3.15
2013.01.24 10:05:56.449,0.89564,0.89572,1.50,2.63
2013.01.24 10:05:59.482,0.89564,0.89572,3.00,3.15
2013.01.24 10:06:00.019,0.89564,0.89572,2.25,1.88
2013.01.24 10:06:00.617,0.89564,0.89572,2.25,1.65
2013.01.24 10:06:02.103,0.89563,0.89572,2.25,4.13
2013.01.24 10:06:05.225,0.89564,0.89572,3.00,3.15
2013.01.24 10:06:05.578,0.89565,0.89572,1.50,2.40
2013.01.24 10:06:06.514,0.89564,0.89571,2.25,1.50
2013.01.24 10:06:07.164,0.89563,0.89572,2.25,2.63
2013.01.24 10:06:09.123,0.89564,0.89571,1.50,1.13
2013.01.24 10:06:09.663,0.89563,0.8957,1.65,1.50
2013.01.24 10:06:10.263,0.89564,0.89571,1.50,1.73
2013.01.24 10:06:21.714,0.89563,0.89571,3.00,3.23
2013.01.24 10:06:28.113,0.89563,0.89571,1.50,3.23
2013.01.24 10:06:28.965,0.89563,0.89571,2.25,1.73
2013.01.24 10:06:37.573,0.89564,0.89571,2.25,1.88
2013.01.24 10:06:38.082,0.89563,0.89571,2.40,1.88
2013.01.24 10:06:52.025,0.89561,0.89569,4.28,1.13
2013.01.24 10:06:52.667,0.89562,0.89569,2.25,1.13
2013.01.24 10:06:52.854,0.89562,0.8957,1.50,2.63
2013.01.24 10:06:53.802,0.89562,0.89569,1.50,1.88
2013.01.24 10:06:56.017,0.89562,0.89569,1.50,1.13
2013.01.24 10:07:03.663,0.89561,0.89569,2.78,1.13
2013.01.24 10:07:04.421,0.89561,0.89569,2.78,1.13
2013.01.24 10:07:08.065,0.89561,0.89569,1.65,1.88
2013.01.24 10:07:09.863,0.89562,0.89569,1.50,2.63
2013.01.24 10:07:12.909,0.89562,0.89569,2.25,1.88
2013.01.24 10:07:15.272,0.89563,0.8957,1.50,2.63
2013.01.24 10:07:17.623,0.89562,0.89569,1.50,1.13
2013.01.24 10:07:25.682,0.89561,0.89569,1.50,2.48
2013.01.24 10:07:27.795,0.89563,0.89569,1.50,1.73
2013.01.24 10:07:33.894,0.89563,0.89569,1.50,1.73
2013.01.24 10:07:34.433,0.89563,0.89569,1.50,2.48
2013.01.24 10:07:43.793,0.8956,0.89568,2.03,2.48
2013.01.24 10:07:45.952,0.89562,0.89568,1.13,1.73
2013.01.24 10:07:47.904,0.89564,0.8957,1.50,2.25
2013.01.24 10:07:47.963,0.89563,0.8957,1.50,2.48
2013.01.24 10:07:48.147,0.89562,0.8957,1.88,2.10
2013.01.24 10:07:48.806,0.89563,0.8957,1.65,2.85
2013.01.24 10:07:51.063,0.89561,0.89568,2.25,1.73
2013.01.24 10:07:51.422,0.89558,0.89566,3.00,1.73
2013.01.24 10:07:54.073,0.89558,0.89565,1.65,1.50
2013.01.24 10:07:54.432,0.8956,0.89568,1.88,2.48
2013.01.24 10:07:56.773,0.89564,0.89572,3.23,7.13
2013.01.24 10:07:57.288,0.89571,0.89578,1.65,2.10
2013.01.24 10:07:57.796,0.8957,0.89578,2.63,2.85
2013.01.24 10:07:59.102,0.89571,0.89578,1.65,3.23
2013.01.24 10:08:00.483,0.89571,0.89578,1.65,2.48
2013.01.24 10:08:13.811,0.89571,0.89579,1.88,3.75
2013.01.24 10:08:16.057,0.89571,0.89579,1.88,3.75
2013.01.24 10:08:17.152,0.89572,0.89579,2.48,1.13
2013.01.24 10:08:17.274,0.89574,0.89581,2.63,3.23
2013.01.24 10:08:17.831,0.89571,0.89579,3.98,2.48
2013.01.24 10:08:21.593,0.89573,0.89579,2.40,1.73
2013.01.24 10:08:21.951,0.89573,0.89581,2.63,3.38
2013.01.24 10:08:22.523,0.89574,0.89581,1.73,1.50
2013.01.24 10:08:23.085,0.89574,0.89582,2.48,3.00
2013.01.24 10:08:24.876,0.89575,0.89582,1.73,2.25
2013.01.24 10:08:26.143,0.89575,0.89583,2.48,2.63
2013.01.24 10:08:26.694,0.89575,0.89582,2.48,1.50
2013.01.24 10:08:27.233,0.89575,0.89583,2.48,2.63
2013.01.24 10:08:27.983,0.89575,0.89582,2.48,1.50
2013.01.24 10:08:30.483,0.89575,0.89582,1.73,2.25
2013.01.24 10:08:30.784,0.89573,0.89581,2.40,1.50
2013.01.24 10:08:30.965,0.89574,0.89581,1.73,1.50
2013.01.24 10:08:39.853,0.89573,0.89581,1.65,2.25
2013.01.24 10:08:39.913,0.89573,0.89581,1.65,3.23
2013.01.24 10:08:40.034,0.89572,0.8958,2.25,1.88
2013.01.24 10:08:41.963,0.89573,0.89579,1.50,1.73
2013.01.24 10:08:54.565,0.89573,0.89579,1.50,2.10
2013.01.24 10:08:59.983,0.89572,0.89578,1.73,1.88
2013.01.24 10:09:02.099,0.89572,0.89578,1.50,2.10
2013.01.24 10:09:04.705,0.89572,0.89578,1.50,1.13
2013.01.24 10:09:05.326,0.89571,0.89578,2.25,1.35
2013.01.24 10:09:09.473,0.89571,0.89578,2.48,1.35
2013.01.24 10:09:12.179,0.89573,0.89579,1.73,1.20
2013.01.24 10:09:13.413,0.89573,0.89579,2.48,1.13
2013.01.24 10:09:13.833,0.89572,0.8958,1.88,1.35
2013.01.24 10:09:18.014,0.89571,0.89578,3.00,1.35
2013.01.24 10:09:18.324,0.89572,0.89579,1.50,1.20
2013.01.24 10:09:18.874,0.89572,0.89578,1.50,1.13
2013.01.24 10:09:22.314,0.89572,0.89579,2.25,1.20
2013.01.24 10:09:22.494,0.89574,0.89582,1.50,2.85
2013.01.24 10:09:29.755,0.89574,0.89582,2.25,1.88
2013.01.24 10:09:30.113,0.89579,0.89585,1.73,1.50
2013.01.24 10:09:30.234,0.89579,0.89585,2.48,1.50
2013.01.24 10:09:30.366,0.89579,0.89587,3.23,1.88
2013.01.24 10:09:30.904,0.8958,0.89587,2.25,1.88
2013.01.24 10:09:31.643,0.8958,0.89587,2.25,1.13
2013.01.24 10:09:32.033,0.8958,0.89589,3.75,2.25
2013.01.24 10:09:32.093,0.89582,0.8959,2.25,2.48
2013.01.24 10:09:32.275,0.89585,0.89592,3.00,1.88
2013.01.24 10:09:32.333,0.89586,0.89592,1.50,1.35
2013.01.24 10:09:32.633,0.89587,0.89595,3.75,2.25
2013.01.24 10:09:35.513,0.89589,0.89594,1.50,1.13
2013.01.24 10:09:36.234,0.89588,0.89594,1.50,2.10
2013.01.24 10:09:36.773,0.89588,0.89594,2.25,1.88
2013.01.24 10:09:37.433,0.89588,0.89594,2.25,2.10
2013.01.24 10:09:37.793,0.89583,0.89589,1.50,1.73
2013.01.24 10:09:38.353,0.89582,0.89588,1.50,1.35
2013.01.24 10:09:38.991,0.89582,0.89588,1.50,1.35
2013.01.24 10:09:45.163,0.89582,0.89588,1.50,1.35
2013.01.24 10:09:45.344,0.89585,0.89591,1.50,1.73
2013.01.24 10:09:45.464,0.89588,0.89595,1.50,3.38
2013.01.24 10:09:45.927,0.8959,0.89596,1.50,3.38
2013.01.24 10:09:46.414,0.89587,0.89596,3.75,2.10
2013.01.24 10:09:46.534,0.89587,0.89595,3.00,2.10
2013.01.24 10:09:47.623,0.89587,0.89595,3.00,2.10
2013.01.24 10:09:49.903,0.89587,0.89595,3.00,1.65
2013.01.24 10:09:50.083,0.89589,0.89596,1.50,1.35
2013.01.24 10:09:50.384,0.89587,0.89596,3.00,2.10
2013.01.24 10:09:50.563,0.89589,0.89595,1.50,2.10
2013.01.24 10:09:52.073,0.89587,0.89595,1.50,2.10
2013.01.24 10:09:52.195,0.89585,0.89592,3.00,1.35
2013.01.24 10:09:52.254,0.89584,0.89591,2.25,1.35
2013.01.24 10:09:52.444,0.89584,0.89591,2.25,2.10
2013.01.24 10:09:52.684,0.89582,0.89588,1.50,1.35
2013.01.24 10:09:53.043,0.89582,0.89588,2.25,1.35
2013.01.24 10:09:53.584,0.89584,0.89589,1.35,1.20
2013.01.24 10:09:53.885,0.89583,0.89592,3.75,1.35
2013.01.24 10:09:54.794,0.89587,0.89594,2.25,2.63
2013.01.24 10:09:54.914,0.89587,0.89595,2.25,2.85
2013.01.24 10:09:55.704,0.89587,0.89592,2.25,1.35
2013.01.24 10:09:55.824,0.89585,0.89591,1.50,1.35
2013.01.24 10:09:56.004,0.89587,0.89593,3.00,1.35
2013.01.24 10:09:56.324,0.89587,0.89595,3.75,3.15
2013.01.24 10:09:58.683,0.89587,0.89593,3.00,1.20
2013.01.24 10:09:59.215,0.89588,0.89595,1.50,2.40
2013.01.24 10:10:03.612,0.89588,0.89595,1.50,1.88
2013.01.24 10:10:03.913,0.89588,0.89596,2.25,2.85
2013.01.24 10:10:04.095,0.89589,0.89596,2.25,2.85
2013.01.24 10:10:04.633,0.89589,0.89595,1.50,1.13
2013.01.24 10:10:04.773,0.89586,0.89595,2.63,1.35
2013.01.24 10:10:05.313,0.89588,0.89594,1.50,1.35
2013.01.24 10:10:06.015,0.89584,0.89592,4.50,1.35
2013.01.24 10:10:06.265,0.89586,0.89593,2.25,1.35
2013.01.24 10:10:22.753,0.89588,0.89595,1.50,2.25
2013.01.24 10:10:23.303,0.89588,0.89595,2.25,1.13
2013.01.24 10:10:27.132,0.89588,0.89596,1.50,2.10
2013.01.24 10:10:28.880,0.89588,0.89596,2.25,1.73
2013.01.24 10:10:29.004,0.8959,0.89596,3.00,1.50
2013.01.24 10:10:29.063,0.89591,0.89597,1.73,1.50
2013.01.24 10:10:29.245,0.89593,0.89599,1.50,2.48
2013.01.24 10:10:29.553,0.89593,0.896,3.00,1.73
2013.01.24 10:10:29.674,0.89595,0.89603,2.48,2.10
2013.01.24 10:10:29.854,0.89598,0.89606,3.00,1.73
2013.01.24 10:10:30.393,0.89599,0.89605,1.50,2.48
2013.01.24 10:10:30.954,0.89598,0.89605,1.50,3.15
2013.01.24 10:10:31.073,0.89596,0.89604,3.23,1.73
2013.01.24 10:10:31.194,0.89596,0.89604,3.00,1.73
2013.01.24 10:10:31.754,0.89596,0.89604,2.40,1.13
2013.01.24 10:10:31.814,0.89596,0.89604,2.40,1.13
2013.01.24 10:10:34.312,0.89597,0.89605,2.63,2.63
2013.01.24 10:10:34.373,0.89598,0.89606,1.65,1.73
2013.01.24 10:10:34.553,0.89601,0.89607,1.50,1.13
2013.01.24 10:10:34.679,0.89602,0.8961,1.50,3.38
2013.01.24 10:10:35.105,0.89599,0.89608,4.05,1.73
2013.01.24 10:10:35.165,0.896,0.89606,1.50,1.73
2013.01.24 10:10:35.464,0.89598,0.89605,2.25,2.10
2013.01.24 10:10:35.645,0.89597,0.89605,2.25,5.10
2013.01.24 10:10:35.707,0.89596,0.89603,1.50,1.50
2013.01.24 10:10:36.539,0.89595,0.89601,1.50,1.73
2013.01.24 10:10:37.003,0.89592,0.89601,6.00,3.60
2013.01.24 10:10:37.732,0.89592,0.896,5.25,1.50
2013.01.24 10:10:38.034,0.89597,0.89604,1.65,6.75
2013.01.24 10:10:38.224,0.89595,0.89602,2.48,1.65
2013.01.24 10:10:38.284,0.89595,0.89602,2.25,1.88
2013.01.24 10:10:38.403,0.89596,0.89603,1.50,1.35
2013.01.24 10:10:39.505,0.89596,0.89604,2.25,2.48
2013.01.24 10:10:40.044,0.89599,0.89606,1.50,2.48
2013.01.24 10:10:40.284,0.89596,0.89604,3.38,1.88
2013.01.24 10:10:40.776,0.89596,0.89603,1.50,1.35
2013.01.24 10:10:40.849,0.89596,0.89604,2.25,3.23
2013.01.24 10:10:41.606,0.896,0.89606,1.50,2.25
2013.01.24 10:10:42.685,0.89599,0.89606,2.25,1.73
2013.01.24 10:10:43.306,0.89599,0.89606,3.00,2.25
2013.01.24 10:10:43.624,0.896,0.89607,2.25,2.48
2013.01.24 10:10:43.685,0.89599,0.89607,2.25,1.73
2013.01.24 10:10:44.364,0.89599,0.89604,1.50,1.88
2013.01.24 10:10:44.496,0.89594,0.89602,1.50,2.48
2013.01.24 10:10:44.924,0.89592,0.89601,1.50,1.73
2013.01.24 10:10:45.043,0.89595,0.89601,1.50,1.73
2013.01.24 10:10:45.103,0.89595,0.89601,1.50,1.73
2013.01.24 10:10:45.282,0.89592,0.89601,2.25,3.08
2013.01.24 10:10:45.585,0.89593,0.89604,2.25,3.00
2013.01.24 10:10:45.776,0.89595,0.89602,1.50,1.50
2013.01.24 10:10:45.846,0.89595,0.89602,1.50,1.73
2013.01.24 10:10:46.334,0.89598,0.89604,1.65,3.00
2013.01.24 10:10:46.394,0.89599,0.89605,1.50,3.23
2013.01.24 10:10:46.813,0.89595,0.89604,1.88,2.10
2013.01.24 10:10:46.946,0.89596,0.89604,3.75,1.73
2013.01.24 10:10:47.029,0.89596,0.89604,3.00,1.73
2013.01.24 10:10:47.101,0.89596,0.89604,2.78,4.13
2013.01.24 10:10:47.605,0.89595,0.89604,3.15,2.48
2013.01.24 10:10:47.724,0.89596,0.89604,2.25,2.48
2013.01.24 10:10:48.267,0.89596,0.89604,1.50,2.48
2013.01.24 10:10:48.394,0.89595,0.89604,2.40,2.48
2013.01.24 10:10:48.525,0.89596,0.89604,1.50,2.48
2013.01.24 10:10:48.765,0.89596,0.89604,1.73,1.73
2013.01.24 10:10:48.895,0.89597,0.89604,1.65,1.50
2013.01.24 10:10:48.955,0.89599,0.89604,1.13,1.50
2013.01.24 10:10:49.493,0.89599,0.89606,1.88,1.50
2013.01.24 10:10:49.794,0.89599,0.89606,1.13,1.50
2013.01.24 10:10:50.693,0.89603,0.89608,2.10,1.88
2013.01.24 10:10:50.995,0.89606,0.89615,1.50,6.08
2013.01.24 10:10:51.176,0.89609,0.89616,2.48,2.48
2013.01.24 10:10:51.732,0.8961,0.89618,1.50,2.85
2013.01.24 10:10:56.404,0.8961,0.89617,3.00,2.48
2013.01.24 10:10:56.833,0.8961,0.89618,1.88,1.88
2013.01.24 10:10:57.015,0.89612,0.8962,2.48,3.38
2013.01.24 10:10:57.075,0.89612,0.89619,1.73,1.73
2013.01.24 10:10:57.614,0.8961,0.89618,2.48,3.00
2013.01.24 10:10:57.795,0.89608,0.89616,2.40,2.25
2013.01.24 10:10:58.154,0.89604,0.89611,1.88,1.88
2013.01.24 10:10:58.693,0.89604,0.89611,1.73,2.48
2013.01.24 10:10:59.213,0.89604,0.89611,1.73,1.13
2013.01.24 10:10:59.903,0.89604,0.89611,2.48,1.88
2013.01.24 10:11:00.253,0.89604,0.89612,2.48,5.33
2013.01.24 10:11:00.373,0.89604,0.89612,3.23,3.75
2013.01.24 10:11:01.413,0.89605,0.89612,1.73,2.85
2013.01.24 10:11:01.873,0.89605,0.89612,1.50,3.23
2013.01.24 10:11:02.413,0.89603,0.8961,1.73,1.65
2013.01.24 10:11:02.955,0.89603,0.89611,2.48,1.88
2013.01.24 10:11:03.674,0.89603,0.8961,1.73,1.65
2013.01.24 10:11:04.033,0.89596,0.89603,2.48,2.40
2013.01.24 10:11:04.213,0.89596,0.89602,1.50,2.25
2013.01.24 10:11:04.334,0.89597,0.89604,1.50,2.25
2013.01.24 10:11:04.823,0.89598,0.89604,1.50,3.15
2013.01.24 10:11:05.064,0.89599,0.89607,1.73,5.03
2013.01.24 10:11:05.184,0.89601,0.89607,1.13,1.50
2013.01.24 10:11:05.424,0.89601,0.89608,1.13,2.25
2013.01.24 10:11:05.824,0.89601,0.89609,2.63,1.65
2013.01.24 10:11:06.394,0.89602,0.89609,1.73,1.65
2013.01.24 10:11:06.935,0.89604,0.89612,1.73,2.25
2013.01.24 10:11:08.588,0.89604,0.89612,1.50,2.48
2013.01.24 10:11:09.953,0.89604,0.89611,1.50,1.50
2013.01.24 10:11:11.463,0.89603,0.89611,3.23,1.88
2013.01.24 10:11:12.040,0.89603,0.89611,1.13,3.23
2013.01.24 10:11:20.154,0.89601,0.89609,5.63,1.13
2013.01.24 10:11:21.484,0.89602,0.89609,1.73,1.13
2013.01.24 10:11:22.093,0.89601,0.89609,4.50,1.13
2013.01.24 10:11:24.293,0.89602,0.89609,1.73,1.13
2013.01.24 10:11:25.813,0.89601,0.89609,3.75,1.13
2013.01.24 10:11:26.933,0.89603,0.8961,1.13,1.73
2013.01.24 10:11:27.234,0.89604,0.8961,2.25,1.13
2013.01.24 10:11:27.737,0.89604,0.8961,1.50,1.65
2013.01.24 10:11:28.283,0.89603,0.89611,1.73,3.38
2013.01.24 10:11:30.303,0.89605,0.89612,1.50,4.28
2013.01.24 10:11:30.435,0.89603,0.89611,2.48,1.73
2013.01.24 10:11:31.133,0.89606,0.89613,1.88,1.13
2013.01.24 10:11:31.193,0.89608,0.89613,1.13,1.13
2013.01.24 10:11:31.732,0.89608,0.89615,1.13,2.25
2013.01.24 10:11:32.684,0.89606,0.89615,2.48,4.13
2013.01.24 10:11:33.233,0.89607,0.89614,1.73,1.73
2013.01.24 10:11:35.553,0.89606,0.89614,1.50,1.73
2013.01.24 10:11:42.902,0.89605,0.89613,3.15,2.48
2013.01.24 10:11:43.083,0.89605,0.89612,2.25,1.13
2013.01.24 10:11:44.803,0.89605,0.89612,2.25,2.40
2013.01.24 10:11:45.104,0.89603,0.8961,2.63,1.13
2013.01.24 10:11:52.563,0.89603,0.89612,2.25,3.38
2013.01.24 10:11:53.216,0.89603,0.89611,3.00,1.73
2013.01.24 10:11:58.143,0.89603,0.89612,2.25,4.13
2013.01.24 10:12:02.357,0.89603,0.8961,2.25,1.73
2013.01.24 10:12:02.913,0.89603,0.8961,1.50,1.73
2013.01.24 10:12:03.033,0.89603,0.8961,2.25,1.73
2013.01.24 10:12:03.702,0.89603,0.8961,1.50,2.48
2013.01.24 10:12:10.343,0.89604,0.8961,1.50,1.73
2013.01.24 10:12:16.605,0.89608,0.89613,2.63,1.50
2013.01.24 10:12:16.664,0.89609,0.89616,1.65,2.25
2013.01.24 10:12:16.724,0.89614,0.89619,3.60,1.50
2013.01.24 10:12:16.843,0.89615,0.8962,2.40,1.13
2013.01.24 10:12:17.083,0.89618,0.89625,1.50,5.85
2013.01.24 10:12:17.143,0.89619,0.89625,1.13,5.10
2013.01.24 10:12:17.204,0.89618,0.89625,1.73,4.13
2013.01.24 10:12:17.264,0.89618,0.89625,2.25,2.63
2013.01.24 10:12:17.323,0.89619,0.89625,1.50,3.38
2013.01.24 10:12:18.043,0.89618,0.89625,1.88,1.50
2013.01.24 10:12:18.523,0.89612,0.89619,2.25,1.13
2013.01.24 10:12:18.926,0.89613,0.89619,1.50,1.65
2013.01.24 10:12:18.996,0.8961,0.89618,4.13,1.73
2013.01.24 10:12:19.183,0.89612,0.89619,1.13,1.13
2013.01.24 10:12:19.424,0.89615,0.89623,2.25,2.48
2013.01.24 10:12:19.543,0.89615,0.89621,1.50,2.48
2013.01.24 10:12:20.784,0.89612,0.89621,4.13,2.48
2013.01.24 10:12:22.953,0.89613,0.89621,1.65,2.48
2013.01.24 10:12:23.514,0.89612,0.89619,3.38,1.13
2013.01.24 10:12:23.633,0.89612,0.89619,1.88,1.88
2013.01.24 10:12:26.573,0.89612,0.89619,1.50,2.63
2013.01.24 10:12:27.873,0.89611,0.89619,2.78,2.63
2013.01.24 10:12:31.774,0.89612,0.89618,1.50,1.73
2013.01.24 10:12:33.583,0.89612,0.89619,1.50,1.88
2013.01.24 10:12:35.151,0.89612,0.89619,2.25,1.65
2013.01.24 10:12:35.693,0.89613,0.89621,2.63,2.48
2013.01.24 10:12:36.760,0.89614,0.89621,1.13,2.25
2013.01.24 10:12:37.188,0.89615,0.89623,1.50,4.73
2013.01.24 10:12:37.255,0.89616,0.89624,1.13,1.50
2013.01.24 10:12:37.434,0.89618,0.89626,3.38,1.73
2013.01.24 10:12:38.003,0.89618,0.89626,3.60,1.50
2013.01.24 10:12:41.580,0.89618,0.89626,3.60,1.50
2013.01.24 10:12:42.624,0.89616,0.89626,2.48,4.88
2013.01.24 10:12:42.984,0.89615,0.89622,1.73,2.48
2013.01.24 10:12:43.506,0.89614,0.89621,2.48,2.48
2013.01.24 10:12:44.053,0.89613,0.8962,2.25,1.35
2013.01.24 10:12:45.153,0.89612,0.89619,2.48,1.13
2013.01.24 10:12:49.304,0.89612,0.89619,2.25,1.13
2013.01.24 10:12:51.044,0.89612,0.8962,1.65,3.38
2013.01.24 10:12:51.876,0.89612,0.89619,1.65,1.73
2013.01.24 10:12:55.052,0.89612,0.8962,1.65,4.13
2013.01.24 10:12:56.734,0.89612,0.89619,1.65,1.73
2013.01.24 10:12:58.683,0.89612,0.89618,1.65,1.73
2013.01.24 10:13:02.773,0.89612,0.89619,1.65,2.48
2013.01.24 10:13:20.105,0.8961,0.89616,2.25,1.50
2013.01.24 10:13:20.225,0.89609,0.89615,1.65,1.50
2013.01.24 10:13:20.873,0.8961,0.89616,3.38,1.50
2013.01.24 10:13:21.515,0.8961,0.89618,2.63,2.85
2013.01.24 10:13:23.864,0.89612,0.89619,1.13,4.88
2013.01.24 10:13:23.924,0.89611,0.89619,1.73,2.85
2013.01.24 10:13:24.044,0.89611,0.89617,1.50,1.73
2013.01.24 10:13:24.226,0.89611,0.89619,2.25,4.35
2013.01.24 10:13:28.593,0.89611,0.89619,3.00,2.48
2013.01.24 10:13:29.143,0.8961,0.89617,3.00,1.73
2013.01.24 10:13:29.503,0.8961,0.89617,1.88,2.25
2013.01.24 10:13:30.822,0.8961,0.89617,2.10,3.00
2013.01.24 10:13:31.333,0.89611,0.89617,1.35,2.25
2013.01.24 10:13:34.713,0.89611,0.89617,1.20,1.50
2013.01.24 10:13:34.893,0.8961,0.89617,1.35,1.50
2013.01.24 10:13:36.123,0.8961,0.89616,1.35,1.50
2013.01.24 10:13:37.155,0.89607,0.89615,1.50,2.25
2013.01.24 10:13:37.417,0.89605,0.89612,1.73,1.35
2013.01.24 10:13:37.544,0.89604,0.89611,1.73,1.50
2013.01.24 10:13:41.194,0.89604,0.89611,1.73,2.25
2013.01.24 10:13:43.753,0.89604,0.8961,1.73,1.50
2013.01.24 10:13:44.120,0.89602,0.8961,2.48,2.48
2013.01.24 10:14:00.474,0.89602,0.8961,1.88,1.73
2013.01.24 10:14:01.465,0.89602,0.8961,1.88,2.48
2013.01.24 10:14:01.826,0.89607,0.89616,2.25,3.00
2013.01.24 10:14:02.135,0.89613,0.89618,1.50,1.73
2013.01.24 10:14:02.204,0.89611,0.89618,1.88,2.48
2013.01.24 10:14:02.274,0.89613,0.89618,1.13,2.25
2013.01.24 10:14:02.709,0.89616,0.89623,1.50,2.70
2013.01.24 10:14:02.776,0.89618,0.89625,2.40,3.98
2013.01.24 10:14:03.084,0.89616,0.89624,2.63,3.23
2013.01.24 10:14:03.586,0.89616,0.89621,1.13,1.50
2013.01.24 10:14:05.055,0.89617,0.89623,1.65,1.73
2013.01.24 10:14:05.114,0.89617,0.89624,2.40,1.50
2013.01.24 10:14:05.593,0.89616,0.89624,1.88,2.48
2013.01.24 10:14:06.883,0.89618,0.89623,1.50,1.35
2013.01.24 10:14:07.433,0.89616,0.89624,2.63,4.73
2013.01.24 10:14:14.884,0.89617,0.89623,1.13,1.50
2013.01.24 10:14:14.943,0.89617,0.89624,1.35,2.25
2013.01.24 10:14:15.245,0.89621,0.89628,4.50,1.73
2013.01.24 10:14:15.304,0.89624,0.8963,1.50,1.50
2013.01.24 10:14:15.870,0.89627,0.89635,2.40,1.50
2013.01.24 10:14:15.955,0.89632,0.89639,1.50,3.98
2013.01.24 10:14:16.085,0.89632,0.89639,1.50,2.48
2013.01.24 10:14:16.596,0.8963,0.89637,2.25,1.73
2013.01.24 10:14:16.795,0.8963,0.89635,1.50,1.35
2013.01.24 10:14:17.404,0.8963,0.89636,1.13,1.50
2013.01.24 10:14:17.525,0.8963,0.89637,1.88,3.23
2013.01.24 10:14:18.511,0.89632,0.89637,1.50,2.48
2013.01.24 10:14:19.054,0.89632,0.89638,1.50,1.35
2013.01.24 10:14:19.603,0.89631,0.89638,1.65,2.10
2013.01.24 10:14:20.515,0.8963,0.89638,2.25,2.10
2013.01.24 10:14:20.695,0.89633,0.89639,1.50,1.35
2013.01.24 10:14:20.944,0.89635,0.89642,2.25,1.73
2013.01.24 10:14:21.277,0.89634,0.89641,1.50,1.73
2013.01.24 10:14:21.586,0.89628,0.89637,4.88,2.48
2013.01.24 10:14:21.656,0.89631,0.89636,2.25,2.25
2013.01.24 10:14:21.906,0.89628,0.89636,2.25,2.63
2013.01.24 10:14:22.095,0.89632,0.89639,2.85,4.50
2013.01.24 10:14:22.517,0.89637,0.89642,1.50,1.50
2013.01.24 10:14:23.063,0.89637,0.89645,1.50,1.88
2013.01.24 10:14:23.951,0.89637,0.89645,2.25,1.88
2013.01.24 10:14:24.376,0.89635,0.89642,1.50,1.50
2013.01.24 10:14:24.506,0.89634,0.8964,2.25,3.23
2013.01.24 10:14:25.066,0.89632,0.8964,3.23,2.25
2013.01.24 10:14:25.618,0.89631,0.89639,1.73,3.23
2013.01.24 10:14:26.166,0.89631,0.89639,1.50,3.60
2013.01.24 10:14:26.873,0.89631,0.89639,1.50,2.85
2013.01.24 10:14:31.174,0.89629,0.89637,3.15,1.73
2013.01.24 10:14:31.669,0.89629,0.89636,1.50,1.73
2013.01.24 10:14:31.854,0.89629,0.89636,2.40,2.25
2013.01.24 10:14:31.974,0.89628,0.89635,2.63,1.88
2013.01.24 10:14:32.035,0.89628,0.89635,2.25,2.63
2013.01.24 10:14:34.054,0.89631,0.89636,1.50,1.73
2013.01.24 10:14:34.574,0.8963,0.89637,1.65,2.48
2013.01.24 10:14:38.297,0.89629,0.89637,3.75,1.73
2013.01.24 10:14:38.806,0.89629,0.89637,3.90,1.73
2013.01.24 10:14:40.021,0.89632,0.89638,1.73,2.25
2013.01.24 10:14:40.384,0.89629,0.89636,2.48,1.50
2013.01.24 10:14:41.000,0.89629,0.89637,2.48,1.50
2013.01.24 10:14:41.068,0.89632,0.89638,1.50,1.50
2013.01.24 10:14:41.264,0.89634,0.8964,1.73,1.50
2013.01.24 10:14:41.385,0.89635,0.8964,2.25,1.50
2013.01.24 10:14:41.625,0.89636,0.89642,1.73,2.63
2013.01.24 10:14:41.805,0.89634,0.89642,1.73,4.35
2013.01.24 10:14:42.345,0.89633,0.89642,2.48,4.35
2013.01.24 10:14:45.031,0.89634,0.89642,1.73,3.98
2013.01.24 10:14:45.284,0.89635,0.89642,2.10,3.00
2013.01.24 10:14:45.586,0.89641,0.89646,1.50,1.50
2013.01.24 10:14:46.134,0.89642,0.89649,2.10,2.25
2013.01.24 10:14:46.255,0.89643,0.89649,1.73,3.00
2013.01.24 10:14:46.382,0.89643,0.89652,1.73,4.13
2013.01.24 10:14:51.334,0.89645,0.89651,1.50,2.63
2013.01.24 10:14:53.094,0.89643,0.89649,1.88,1.88
2013.01.24 10:14:53.274,0.8964,0.89646,2.10,1.50
2013.01.24 10:14:53.515,0.89641,0.89648,1.73,1.50
2013.01.24 10:14:54.713,0.89641,0.89647,1.50,1.50
2013.01.24 10:14:57.843,0.89641,0.89647,1.50,2.25
2013.01.24 10:14:58.215,0.89639,0.89646,1.73,2.25
2013.01.24 10:14:59.714,0.89639,0.89645,1.50,1.65
2013.01.24 10:14:59.773,0.89639,0.89645,1.73,1.65
2013.01.24 10:14:59.834,0.89637,0.89644,1.73,1.50
2013.01.24 10:15:00.014,0.89638,0.89645,1.73,1.28
2013.01.24 10:15:00.515,0.89639,0.89646,1.73,2.25
2013.01.24 10:15:02.206,0.89639,0.89646,1.73,3.00
2013.01.24 10:15:02.695,0.89642,0.89649,1.88,3.15
2013.01.24 10:15:02.776,0.89643,0.89649,1.73,1.50
2013.01.24 10:15:02.905,0.89643,0.89652,2.85,3.98
2013.01.24 10:15:03.444,0.89645,0.89651,2.48,1.73
2013.01.24 10:15:03.814,0.89647,0.89652,1.73,1.65
2013.01.24 10:15:04.116,0.89649,0.89655,1.50,1.92
2013.01.24 10:15:04.425,0.89651,0.8966,1.73,2.10
2013.01.24 10:15:04.978,0.89654,0.8966,2.48,2.70
2013.01.24 10:15:05.585,0.89656,0.89664,2.25,2.25
2013.01.24 10:15:05.833,0.89659,0.89671,1.88,1.50
2013.01.24 10:15:05.896,0.89664,0.8967,1.73,3.75
2013.01.24 10:15:06.206,0.89665,0.89671,2.48,1.50
2013.01.24 10:15:06.276,0.89664,0.8967,3.00,1.50
2013.01.24 10:15:06.454,0.89664,0.89669,1.50,2.25
2013.01.24 10:15:06.576,0.89664,0.89673,1.73,3.00
2013.01.24 10:15:06.697,0.89665,0.89672,1.73,1.13
2013.01.24 10:15:06.826,0.89667,0.89673,4.20,1.50
2013.01.24 10:15:06.895,0.89672,0.89677,1.50,1.88
2013.01.24 10:15:06.959,0.89673,0.89681,1.28,4.50
2013.01.24 10:15:07.358,0.89678,0.89684,3.00,3.38
2013.01.24 10:15:07.428,0.89678,0.89684,3.90,1.50
2013.01.24 10:15:07.497,0.89686,0.89692,2.10,1.50
2013.01.24 10:15:07.814,0.8969,0.89701,20.11,1.50
2013.01.24 10:15:08.504,0.89699,0.89712,3.98,3.00
2013.01.24 10:15:08.580,0.89702,0.89714,2.63,1.65
2013.01.24 10:15:08.764,0.89706,0.89718,2.63,1.20
2013.01.24 10:15:08.825,0.89714,0.89721,1.50,1.50
2013.01.24 10:15:09.014,0.89715,0.89724,1.50,5.10
2013.01.24 10:15:09.316,0.89713,0.89721,1.50,1.73
2013.01.24 10:15:09.385,0.89709,0.89716,2.63,1.50
2013.01.24 10:15:09.446,0.89707,0.89716,4.50,1.73
2013.01.24 10:15:09.754,0.89693,0.89701,1.50,1.50
2013.01.24 10:15:09.815,0.89692,0.897,1.50,1.50
2013.01.24 10:15:10.114,0.89691,0.89697,1.50,2.25
2013.01.24 10:15:10.354,0.89685,0.89693,3.15,1.50
2013.01.24 10:15:11.564,0.89684,0.89691,1.50,1.50
2013.01.24 10:15:12.103,0.89684,0.89691,1.50,1.50
2013.01.24 10:15:12.526,0.89684,0.89692,3.00,1.50
2013.01.24 10:15:12.594,0.89687,0.89694,1.50,3.00
2013.01.24 10:15:12.715,0.89687,0.89696,3.00,5.25
2013.01.24 10:15:12.837,0.89688,0.89697,1.50,2.25
2013.01.24 10:15:13.146,0.89679,0.89689,1.50,1.50
2013.01.24 10:15:13.279,0.89678,0.89686,1.88,1.50
2013.01.24 10:15:13.714,0.89678,0.89687,3.00,1.73
2013.01.24 10:15:13.954,0.89678,0.89687,1.50,3.38
2013.01.24 10:15:14.315,0.89675,0.89684,1.13,1.50
2013.01.24 10:15:14.676,0.89671,0.89681,1.50,3.38
2013.01.24 10:15:14.984,0.8967,0.89679,1.13,1.50
2013.01.24 10:15:15.583,0.89669,0.89679,1.65,2.25
2013.01.24 10:15:16.194,0.89669,0.89679,1.65,2.25
2013.01.24 10:15:16.505,0.89668,0.89676,1.50,1.50
2013.01.24 10:15:17.043,0.8967,0.89679,1.13,3.23
2013.01.24 10:15:17.344,0.89669,0.89677,3.06,1.50
2013.01.24 10:15:17.464,0.89672,0.89681,1.13,1.88
2013.01.24 10:15:17.705,0.89673,0.89681,2.25,2.25
2013.01.24 10:15:18.365,0.89664,0.89672,1.13,1.50
2013.01.24 10:15:18.495,0.89667,0.89673,1.13,1.50
2013.01.24 10:15:18.795,0.89665,0.89671,2.25,2.25
2013.01.24 10:15:19.094,0.89662,0.8967,1.13,2.25
2013.01.24 10:15:19.274,0.89663,0.89671,2.40,3.23
2013.01.24 10:15:19.755,0.89661,0.89667,1.88,3.00
2013.01.24 10:15:20.115,0.89658,0.89665,1.50,1.50
2013.01.24 10:15:20.175,0.89661,0.89667,1.13,3.75
2013.01.24 10:15:20.234,0.8966,0.89668,1.13,3.23
2013.01.24 10:15:20.294,0.8966,0.89668,1.13,3.23
2013.01.24 10:15:21.456,0.89659,0.89667,2.25,1.50
2013.01.24 10:15:21.981,0.89661,0.89667,1.13,1.50
2013.01.24 10:15:25.263,0.89663,0.89669,1.13,1.50
2013.01.24 10:15:25.384,0.89664,0.8967,1.65,1.50
2013.01.24 10:15:25.743,0.89665,0.8967,1.13,1.50
2013.01.24 10:15:25.864,0.89663,0.8967,2.63,1.50
2013.01.24 10:15:25.923,0.89666,0.89672,1.13,1.50
2013.01.24 10:15:27.813,0.89666,0.89672,1.13,1.50
2013.01.24 10:15:28.198,0.89668,0.89675,1.13,2.25
2013.01.24 10:15:28.744,0.8967,0.89675,2.03,1.50
2013.01.24 10:15:28.984,0.8967,0.89678,2.40,3.00
2013.01.24 10:15:29.044,0.8967,0.89678,3.15,1.50
2013.01.24 10:15:29.614,0.89672,0.8968,2.25,1.50
2013.01.24 10:15:29.676,0.89674,0.8968,1.50,1.50
2013.01.24 10:15:29.867,0.89676,0.89682,2.25,2.25
2013.01.24 10:15:30.006,0.89676,0.89683,2.25,2.25
2013.01.24 10:15:30.554,0.89677,0.89685,2.63,2.25
2013.01.24 10:15:30.914,0.89677,0.89685,2.63,1.50
2013.01.24 10:15:31.034,0.89678,0.89685,3.00,1.50
2013.01.24 10:15:31.409,0.89678,0.89685,2.25,1.50
2013.01.24 10:15:31.533,0.89678,0.89686,3.75,2.48
2013.01.24 10:15:31.996,0.89678,0.89685,2.25,1.50
2013.01.24 10:15:32.653,0.89678,0.89685,1.50,1.50
2013.01.24 10:15:33.993,0.89678,0.89686,2.25,3.23
2013.01.24 10:15:36.224,0.89677,0.89685,3.00,1.50
2013.01.24 10:15:36.614,0.89676,0.89684,3.75,1.50
2013.01.24 10:15:37.615,0.89676,0.89685,3.75,3.00
2013.01.24 10:15:38.314,0.89676,0.89685,4.50,3.00
2013.01.24 10:15:41.290,0.89678,0.89685,1.13,1.50
2013.01.24 10:15:41.355,0.89679,0.89686,1.50,1.73
2013.01.24 10:15:41.894,0.89681,0.89689,3.00,2.25
2013.01.24 10:15:42.086,0.89681,0.89689,2.25,2.25
2013.01.24 10:15:42.395,0.89673,0.89683,1.13,1.50
2013.01.24 10:15:42.524,0.89672,0.89679,1.88,1.50
2013.01.24 10:15:42.763,0.89668,0.89676,6.15,1.50
2013.01.24 10:15:43.544,0.89669,0.89677,2.40,3.00
2013.01.24 10:15:43.604,0.89672,0.89678,1.50,1.95
2013.01.24 10:15:43.725,0.8967,0.89676,1.13,1.50
2013.01.24 10:15:43.846,0.89671,0.89677,1.50,1.50
2013.01.24 10:15:44.036,0.89669,0.89676,1.50,2.25
2013.01.24 10:15:44.454,0.89669,0.89676,1.88,2.25
2013.01.24 10:15:44.974,0.89669,0.89676,3.38,1.50
2013.01.24 10:15:46.133,0.8967,0.89678,1.65,2.25
2013.01.24 10:15:48.877,0.8967,0.89677,2.40,1.50
2013.01.24 10:15:49.912,0.89669,0.89676,3.38,1.50
2013.01.24 10:15:50.502,0.89671,0.89677,1.65,1.50
2013.01.24 10:15:50.884,0.89671,0.89677,1.65,1.50
2013.01.24 10:15:50.944,0.89671,0.89677,2.40,1.50
2013.01.24 10:15:51.129,0.8967,0.89677,2.40,1.50
2013.01.24 10:15:51.862,0.89671,0.89677,2.40,1.50
2013.01.24 10:15:54.254,0.89672,0.89679,1.50,2.25
2013.01.24 10:15:57.515,0.89673,0.89679,3.98,2.25
2013.01.24 10:15:57.874,0.89677,0.89683,1.50,1.50
2013.01.24 10:15:58.434,0.89677,0.89684,1.50,1.50
2013.01.24 10:15:58.553,0.89674,0.89682,2.03,2.25
2013.01.24 10:15:59.104,0.89676,0.89683,1.50,1.50
2013.01.24 10:16:00.153,0.89675,0.89682,1.50,2.25
2013.01.24 10:16:00.514,0.89677,0.89683,1.65,1.50
2013.01.24 10:16:00.695,0.89674,0.89682,2.25,1.50
2013.01.24 10:16:01.824,0.89669,0.8968,9.69,1.50
2013.01.24 10:16:01.962,0.89672,0.89679,1.50,2.25
2013.01.24 10:16:02.025,0.89669,0.89676,5.25,1.50
2013.01.24 10:16:02.145,0.89668,0.89676,3.00,3.75
2013.01.24 10:16:02.591,0.89666,0.89673,4.50,2.25
2013.01.24 10:16:02.671,0.89663,0.89668,1.13,1.50
2013.01.24 10:16:03.933,0.89663,0.89668,1.13,1.50
2013.01.24 10:16:04.315,0.8966,0.89668,2.40,2.25
2013.01.24 10:16:04.674,0.8966,0.89667,1.88,1.50
2013.01.24 10:16:07.104,0.8966,0.89667,1.13,1.50
2013.01.24 10:16:07.164,0.89664,0.89671,1.13,3.38
2013.01.24 10:16:07.225,0.89665,0.8967,1.50,1.50
2013.01.24 10:16:07.404,0.89668,0.89673,1.65,1.50
2013.01.24 10:16:07.465,0.89667,0.89673,1.50,2.25
2013.01.24 10:16:07.584,0.89667,0.89674,1.65,1.50
2013.01.24 10:16:08.543,0.89668,0.89676,1.65,2.25
2013.01.24 10:16:08.884,0.89668,0.89676,1.65,2.25
2013.01.24 10:16:09.855,0.89668,0.89676,1.65,2.25
2013.01.24 10:16:13.403,0.89668,0.89676,1.65,2.25
2013.01.24 10:16:17.803,0.89668,0.89675,1.65,1.50
2013.01.24 10:16:27.364,0.89669,0.89676,2.94,1.50
2013.01.24 10:16:27.723,0.89674,0.8968,1.50,2.25
2013.01.24 10:16:27.784,0.89674,0.89681,1.50,1.88
2013.01.24 10:16:28.546,0.89673,0.89679,1.50,1.50
2013.01.24 10:16:33.054,0.89673,0.89678,2.25,1.50
2013.01.24 10:16:33.294,0.8967,0.89677,1.50,1.50
2013.01.24 10:16:33.817,0.89669,0.89677,2.78,1.50
2013.01.24 10:16:34.993,0.8967,0.89677,1.50,1.50
2013.01.24 10:16:42.634,0.89669,0.89677,2.40,1.50
2013.01.24 10:16:43.284,0.8967,0.89677,1.50,1.50
2013.01.24 10:16:43.909,0.8967,0.89677,1.50,1.50
2013.01.24 10:16:44.214,0.89672,0.8968,1.50,1.88
2013.01.24 10:16:44.753,0.89672,0.89679,1.50,1.50
2013.01.24 10:16:47.284,0.89672,0.8968,1.50,1.50
2013.01.24 10:16:47.344,0.89674,0.89682,3.98,2.10
2013.01.24 10:16:47.464,0.89676,0.89683,1.88,1.50
2013.01.24 10:16:47.644,0.89675,0.89683,1.88,1.65
2013.01.24 10:16:47.764,0.89675,0.89683,2.03,2.25
2013.01.24 10:16:48.385,0.89677,0.89683,1.50,2.25
2013.01.24 10:16:51.463,0.89677,0.89683,1.50,2.25
2013.01.24 10:16:56.074,0.89675,0.89682,2.25,1.50
2013.01.24 10:16:56.376,0.89674,0.89682,1.50,4.58
2013.01.24 10:16:56.506,0.89674,0.89682,2.25,4.35
2013.01.24 10:16:57.254,0.89674,0.89682,2.25,2.25
2013.01.24 10:17:00.484,0.89675,0.89682,1.88,1.50
2013.01.24 10:17:00.604,0.89676,0.89685,3.38,2.25
2013.01.24 10:17:01.122,0.89678,0.89686,1.65,2.25
2013.01.24 10:17:02.066,0.89678,0.89686,1.65,2.25
2013.01.24 10:17:03.070,0.89679,0.89687,2.25,3.00
2013.01.24 10:17:03.255,0.89682,0.89687,2.25,1.50
2013.01.24 10:17:03.315,0.89683,0.89689,1.50,1.13
2013.01.24 10:17:05.567,0.89683,0.89691,2.78,3.75
2013.01.24 10:17:06.116,0.89685,0.89691,1.50,1.50
2013.01.24 10:17:07.747,0.89683,0.89691,2.40,1.50
2013.01.24 10:17:08.055,0.89679,0.89685,1.65,2.25
2013.01.24 10:17:08.535,0.89681,0.89686,1.50,1.50
2013.01.24 10:17:08.656,0.89682,0.89688,1.50,2.48
2013.01.24 10:17:08.776,0.89683,0.89689,1.65,1.50
2013.01.24 10:17:09.015,0.89682,0.89688,2.25,1.50
2013.01.24 10:17:09.086,0.8968,0.89686,3.00,2.10
2013.01.24 10:17:09.264,0.89677,0.89685,4.28,2.25
2013.01.24 10:17:09.324,0.89677,0.89685,3.38,2.25
2013.01.24 10:17:17.174,0.89676,0.89683,1.50,1.50
2013.01.24 10:17:22.454,0.89676,0.89682,1.50,1.50
2013.01.24 10:17:27.405,0.89675,0.89683,1.50,3.00
2013.01.24 10:17:27.643,0.89675,0.89683,2.25,3.00
2013.01.24 10:17:27.764,0.89674,0.89682,3.00,1.50
2013.01.24 10:17:28.015,0.89675,0.89683,2.25,2.40
2013.01.24 10:17:40.009,0.89675,0.89683,2.25,2.40
2013.01.24 10:17:40.674,0.89674,0.8968,1.50,3.00
2013.01.24 10:17:40.984,0.89667,0.89676,5.55,3.75
2013.01.24 10:17:41.043,0.89667,0.89676,5.55,4.50
2013.01.24 10:17:41.475,0.89667,0.89676,3.15,4.50
2013.01.24 10:17:46.173,0.89667,0.89675,2.25,5.10
2013.01.24 10:17:46.294,0.89667,0.89673,1.50,1.13
2013.01.24 10:17:46.426,0.89666,0.89672,1.50,2.63
2013.01.24 10:17:47.645,0.89665,0.89671,2.25,1.50
2013.01.24 10:17:47.704,0.89665,0.8967,1.50,2.40
2013.01.24 10:17:47.944,0.89661,0.89669,2.25,1.50
2013.01.24 10:17:48.524,0.89661,0.89669,1.50,1.50
2013.01.24 10:17:49.076,0.8966,0.89668,2.40,1.50
2013.01.24 10:17:51.394,0.89659,0.89667,2.25,3.75
2013.01.24 10:17:51.454,0.89659,0.89667,1.50,3.75
2013.01.24 10:17:53.745,0.89658,0.89663,1.50,1.50
2013.01.24 10:17:53.986,0.89655,0.89661,1.88,1.50
2013.01.24 10:17:54.603,0.89654,0.89661,1.50,3.75
2013.01.24 10:17:55.784,0.89653,0.89661,1.50,2.25
2013.01.24 10:17:56.523,0.89652,0.89661,4.65,3.00
2013.01.24 10:17:57.063,0.89653,0.8966,1.50,1.50
2013.01.24 10:17:57.686,0.89653,0.8966,1.50,2.25
2013.01.24 10:18:03.613,0.89652,0.89659,1.65,3.00
2013.01.24 10:18:05.394,0.89651,0.89659,1.50,6.00
2013.01.24 10:18:05.693,0.89651,0.89657,1.50,2.25
2013.01.24 10:18:06.382,0.89651,0.89657,1.50,2.25
2013.01.24 10:18:06.935,0.89651,0.89657,1.50,3.00
2013.01.24 10:18:15.846,0.8965,0.89657,1.50,1.50
2013.01.24 10:18:15.989,0.89649,0.89655,1.50,2.48
2013.01.24 10:18:16.187,0.89645,0.89652,3.75,2.25
2013.01.24 10:18:16.377,0.89647,0.89654,1.50,5.63
2013.01.24 10:18:16.445,0.89647,0.89653,1.50,1.50
2013.01.24 10:18:16.628,0.89648,0.89655,2.40,2.25
2013.01.24 10:18:17.056,0.89648,0.89655,4.73,1.50
2013.01.24 10:18:17.473,0.89648,0.89655,2.85,3.00
2013.01.24 10:18:17.964,0.89648,0.89654,3.75,1.50
2013.01.24 10:18:18.324,0.89648,0.89654,4.13,1.50
2013.01.24 10:18:18.384,0.89647,0.89654,1.50,3.00
2013.01.24 10:18:18.505,0.89645,0.89652,1.28,1.50
2013.01.24 10:18:19.054,0.89643,0.89651,3.38,1.50
2013.01.24 10:18:20.475,0.89643,0.89651,3.38,1.50
2013.01.24 10:18:20.595,0.89643,0.89651,2.25,1.50
2013.01.24 10:18:21.137,0.89642,0.8965,2.25,3.15
2013.01.24 10:18:21.686,0.89642,0.8965,1.65,3.75
2013.01.24 10:18:21.994,0.89642,0.89648,2.40,1.50
2013.01.24 10:18:22.545,0.89641,0.89647,1.50,1.50
2013.01.24 10:18:25.064,0.8964,0.89647,1.50,2.25
2013.01.24 10:18:25.245,0.89636,0.89643,3.00,1.50
2013.01.24 10:18:25.305,0.89636,0.89642,2.85,1.50
2013.01.24 10:18:25.425,0.89635,0.89642,1.13,2.25
2013.01.24 10:18:25.545,0.89636,0.89643,1.50,1.50
2013.01.24 10:18:25.664,0.89635,0.89642,1.50,1.50
2013.01.24 10:18:26.203,0.89635,0.89642,2.25,1.50
2013.01.24 10:18:27.755,0.89635,0.89642,2.25,2.25
2013.01.24 10:18:27.874,0.89634,0.89642,1.50,3.00
2013.01.24 10:18:27.994,0.89632,0.89639,3.00,1.50
2013.01.24 10:18:28.237,0.89631,0.89639,1.50,3.00
2013.01.24 10:18:28.856,0.89632,0.89639,1.50,1.50
2013.01.24 10:18:29.174,0.89633,0.8964,1.50,2.25
2013.01.24 10:18:30.505,0.89633,0.8964,3.53,2.25
2013.01.24 10:18:30.624,0.89635,0.89641,1.50,1.50
2013.01.24 10:18:31.142,0.89635,0.89643,1.50,2.25
2013.01.24 10:18:32.318,0.89636,0.89643,1.50,3.00
2013.01.24 10:18:33.994,0.89636,0.89643,1.50,3.00
2013.01.24 10:18:34.365,0.89634,0.89642,1.50,3.00
2013.01.24 10:18:34.605,0.89635,0.89642,1.50,2.25
2013.01.24 10:18:35.354,0.89635,0.89642,1.50,2.63
2013.01.24 10:18:38.474,0.89635,0.89642,1.50,1.88
2013.01.24 10:18:39.224,0.89635,0.89642,1.50,1.88
2013.01.24 10:18:39.585,0.89644,0.89653,3.00,12.98
2013.01.24 10:18:39.826,0.89649,0.89655,1.50,1.50
2013.01.24 10:18:40.383,0.89649,0.89656,1.50,1.50
2013.01.24 10:18:41.194,0.89648,0.89655,2.25,1.50
2013.01.24 10:18:41.315,0.89646,0.89652,1.50,1.73
2013.01.24 10:18:41.734,0.89644,0.89651,1.65,1.50
2013.01.24 10:18:42.419,0.89644,0.89651,1.65,1.50
2013.01.24 10:18:44.714,0.89645,0.89652,1.50,1.50
2013.01.24 10:18:45.650,0.89644,0.89652,1.65,2.25
2013.01.24 10:18:45.894,0.89644,0.89652,1.65,1.50
2013.01.24 10:18:46.014,0.89645,0.89652,1.65,1.50
2013.01.24 10:18:46.555,0.89644,0.89651,1.50,3.00
2013.01.24 10:18:55.393,0.89643,0.8965,2.25,1.50
2013.01.24 10:18:55.754,0.89641,0.89649,3.38,1.50
2013.01.24 10:18:56.113,0.89643,0.8965,1.65,2.25
2013.01.24 10:18:56.713,0.89643,0.8965,1.65,2.25
2013.01.24 10:18:57.735,0.89643,0.89651,1.65,1.50
2013.01.24 10:19:04.291,0.89651,0.89657,5.10,2.25
2013.01.24 10:19:04.595,0.89657,0.89664,1.50,2.25
2013.01.24 10:19:04.654,0.89658,0.89665,1.50,3.00
2013.01.24 10:19:04.774,0.89659,0.89665,1.50,1.50
2013.01.24 10:19:05.254,0.89659,0.89667,1.50,3.00
2013.01.24 10:19:05.374,0.89662,0.89668,1.50,3.98
2013.01.24 10:19:05.734,0.89663,0.89671,6.00,1.73
2013.01.24 10:19:06.275,0.89664,0.89672,3.00,1.50
2013.01.24 10:19:08.354,0.89664,0.89672,3.00,1.73
2013.01.24 10:19:08.655,0.89661,0.89667,2.25,1.73
2013.01.24 10:19:09.126,0.8966,0.89667,1.50,1.73
2013.01.24 10:19:10.444,0.89661,0.89668,1.50,1.88
2013.01.24 10:19:10.564,0.89662,0.89668,1.50,1.73
2013.01.24 10:19:10.624,0.89662,0.8967,2.25,4.50
2013.01.24 10:19:10.864,0.89663,0.89671,2.25,1.73
2013.01.24 10:19:20.184,0.89664,0.89671,1.50,2.48
2013.01.24 10:19:21.284,0.89663,0.89671,1.50,2.48
2013.01.24 10:19:21.891,0.89663,0.89671,2.25,3.23
2013.01.24 10:19:24.504,0.89664,0.89671,1.50,2.48
2013.01.24 10:19:26.056,0.89665,0.89672,2.40,3.75
2013.01.24 10:19:26.185,0.89666,0.89673,1.50,2.10
2013.01.24 10:19:26.725,0.89667,0.89675,2.40,2.48
2013.01.24 10:19:36.314,0.89666,0.89675,4.13,3.90
2013.01.24 10:19:36.433,0.89666,0.89671,2.25,1.50
2013.01.24 10:19:36.554,0.89662,0.89669,1.50,1.73
2013.01.24 10:19:37.094,0.89661,0.89668,1.50,1.35
2013.01.24 10:19:37.656,0.8966,0.89667,1.50,1.73
2013.01.24 10:19:39.565,0.8966,0.89666,1.50,1.73
2013.01.24 10:19:39.924,0.89659,0.89667,1.50,2.85
2013.01.24 10:19:40.484,0.8966,0.89667,1.50,2.10
2013.01.24 10:19:41.224,0.8966,0.89668,2.25,1.35
2013.01.24 10:19:42.275,0.8966,0.89667,1.50,2.63
2013.01.24 10:19:45.254,0.89659,0.89665,1.50,1.73
2013.01.24 10:19:45.805,0.89659,0.89665,1.50,1.73
2013.01.24 10:19:57.006,0.89657,0.89662,1.50,1.65
2013.01.24 10:19:57.075,0.89654,0.89661,2.10,2.25
2013.01.24 10:19:57.254,0.89652,0.89659,2.40,1.50
2013.01.24 10:19:57.794,0.89652,0.89659,1.65,1.50
2013.01.24 10:20:05.574,0.89652,0.89659,1.50,1.65
2013.01.24 10:20:05.634,0.89652,0.89659,1.50,1.13
2013.01.24 10:20:08.145,0.89654,0.89661,1.50,3.75
2013.01.24 10:20:08.385,0.89655,0.89662,2.25,1.73
2013.01.24 10:20:08.505,0.89658,0.89664,1.50,1.88
2013.01.24 10:20:08.564,0.89655,0.89664,1.73,2.63
2013.01.24 10:20:09.112,0.89657,0.89664,2.25,2.48
2013.01.24 10:20:09.824,0.89657,0.89663,2.25,1.73
2013.01.24 10:20:11.814,0.89657,0.89664,2.25,2.48
2013.01.24 10:20:14.545,0.89657,0.89664,1.50,2.48
2013.01.24 10:20:14.905,0.89656,0.89664,2.63,1.73
2013.01.24 10:20:15.026,0.89657,0.89664,1.50,1.73
2013.01.24 10:20:15.386,0.89653,0.8966,1.73,1.50
2013.01.24 10:20:15.444,0.89652,0.89661,1.13,3.38
2013.01.24 10:20:15.564,0.89657,0.89663,1.50,1.73
2013.01.24 10:20:16.104,0.89658,0.89665,1.50,3.60
2013.01.24 10:20:16.526,0.89656,0.89664,2.63,1.73
2013.01.24 10:20:16.644,0.89657,0.89664,1.50,2.48
2013.01.24 10:20:17.985,0.89657,0.89664,1.50,2.48
2013.01.24 10:20:24.154,0.89657,0.89664,2.25,1.73
2013.01.24 10:20:25.003,0.89656,0.89663,1.50,1.13
2013.01.24 10:20:25.124,0.89655,0.89662,2.48,2.25
2013.01.24 10:20:25.245,0.89655,0.89662,3.60,1.50
2013.01.24 10:20:25.305,0.89656,0.89662,1.50,1.73
2013.01.24 10:20:25.424,0.89656,0.89662,2.48,1.50
2013.01.24 10:20:25.963,0.89658,0.89665,1.50,4.73
2013.01.24 10:20:33.244,0.89657,0.89664,1.50,1.73
2013.01.24 10:20:33.865,0.89657,0.89663,1.28,1.35
2013.01.24 10:20:34.224,0.89658,0.89664,1.50,1.50
2013.01.24 10:20:34.837,0.89657,0.89664,2.25,1.73
2013.01.24 10:20:35.834,0.89657,0.89662,1.88,1.13
2013.01.24 10:20:36.195,0.89658,0.89665,1.50,3.60
2013.01.24 10:20:36.719,0.89658,0.89665,1.50,4.35
2013.01.24 10:20:39.674,0.89655,0.89663,3.23,1.65
2013.01.24 10:20:39.735,0.89655,0.89662,2.25,1.35
2013.01.24 10:20:39.864,0.89653,0.8966,2.03,1.13
2013.01.24 10:20:40.105,0.89656,0.89662,2.25,2.63
2013.01.24 10:20:40.415,0.89652,0.89659,1.50,1.73
2013.01.24 10:20:40.535,0.89652,0.8966,2.25,1.88
2013.01.24 10:20:40.595,0.89654,0.8966,2.10,1.73
2013.01.24 10:20:40.835,0.89656,0.89661,1.50,1.13
2013.01.24 10:20:41.016,0.89657,0.89663,2.25,1.50
2013.01.24 10:20:44.203,0.89657,0.89663,2.25,1.50
2013.01.24 10:20:44.576,0.89657,0.89662,1.50,1.50
2013.01.24 10:20:44.944,0.89658,0.89664,1.50,1.65
2013.01.24 10:20:45.004,0.89655,0.89662,1.88,1.73
2013.01.24 10:20:45.124,0.89657,0.89665,1.50,3.98
2013.01.24 10:20:48.344,0.89656,0.89662,3.38,1.50
2013.01.24 10:20:48.884,0.89657,0.89662,1.50,1.50
2013.01.24 10:20:49.504,0.89657,0.89664,1.50,2.10
2013.01.24 10:20:50.114,0.89655,0.89662,1.50,2.63
2013.01.24 10:20:50.174,0.89654,0.89662,3.00,2.85
2013.01.24 10:20:50.663,0.89653,0.8966,1.50,1.73
2013.01.24 10:20:51.255,0.89651,0.89658,2.25,1.13
2013.01.24 10:21:00.294,0.8965,0.89658,3.00,1.88
2013.01.24 10:21:00.354,0.89652,0.89658,1.50,1.73
2013.01.24 10:21:00.865,0.89653,0.89659,1.50,2.48
2013.01.24 10:21:01.415,0.89654,0.89659,1.50,1.50
2013.01.24 10:21:03.854,0.89652,0.8966,3.00,2.48
2013.01.24 10:21:04.361,0.89652,0.89658,2.25,1.73
2013.01.24 10:21:10.014,0.89654,0.89661,1.50,2.25
2013.01.24 10:21:10.255,0.89658,0.89663,1.50,1.13
2013.01.24 10:21:10.794,0.89658,0.89665,1.50,2.10
2013.01.24 10:21:11.224,0.89659,0.89665,2.25,1.13
2013.01.24 10:21:12.035,0.89659,0.89665,1.50,2.85
2013.01.24 10:21:12.594,0.89656,0.89663,2.25,1.73
2013.01.24 10:21:14.044,0.89657,0.89663,1.50,1.73
2013.01.24 10:21:14.548,0.89654,0.89663,4.50,2.48
2013.01.24 10:21:14.627,0.89654,0.89663,5.25,2.48
2013.01.24 10:21:14.875,0.89655,0.89663,1.50,2.48
2013.01.24 10:21:14.994,0.89655,0.89663,1.50,1.73
2013.01.24 10:21:15.639,0.89655,0.89663,1.50,2.48
2013.01.24 10:21:15.944,0.89655,0.89663,2.25,1.73
2013.01.24 10:21:16.446,0.89655,0.89663,1.50,1.73
2013.01.24 10:21:17.215,0.89655,0.89664,1.50,3.38
2013.01.24 10:21:18.895,0.89655,0.89663,1.50,2.48
2013.01.24 10:21:22.484,0.89655,0.89663,1.50,4.13
2013.01.24 10:21:23.134,0.89654,0.89662,2.63,1.73
2013.01.24 10:21:23.975,0.89654,0.89663,3.00,5.63
2013.01.24 10:21:29.915,0.89654,0.89659,2.25,1.13
2013.01.24 10:21:30.095,0.8965,0.89659,2.70,2.48
2013.01.24 10:21:30.155,0.89652,0.89659,1.50,3.23
2013.01.24 10:21:30.335,0.89651,0.89659,3.38,2.48
2013.01.24 10:21:30.873,0.89652,0.89659,1.65,2.48
2013.01.24 10:21:31.809,0.89654,0.89661,1.50,1.88
2013.01.24 10:21:33.234,0.89653,0.8966,1.50,3.23
2013.01.24 10:21:33.354,0.89653,0.8966,1.50,3.23
2013.01.24 10:21:40.194,0.89651,0.89659,4.28,2.48
2013.01.24 10:21:41.194,0.89651,0.89659,3.90,2.48
2013.01.24 10:21:41.554,0.89651,0.89658,2.25,1.65
2013.01.24 10:21:42.085,0.8965,0.89658,1.50,3.38
2013.01.24 10:21:43.294,0.89651,0.89658,1.50,2.63
2013.01.24 10:21:46.005,0.89651,0.89659,2.25,1.35
2013.01.24 10:21:50.214,0.89651,0.89658,1.50,1.13
2013.01.24 10:21:51.734,0.89652,0.89658,1.50,1.13
2013.01.24 10:21:54.824,0.89652,0.89658,1.50,1.13
2013.01.24 10:21:59.394,0.8965,0.89657,1.50,1.88
2013.01.24 10:21:59.904,0.89648,0.89657,2.25,2.63
2013.01.24 10:22:00.443,0.89649,0.89657,1.13,3.23
2013.01.24 10:22:00.874,0.89648,0.89655,1.73,1.13
2013.01.24 10:22:01.233,0.89645,0.89653,6.38,1.73
2013.01.24 10:22:04.538,0.89645,0.89651,2.25,1.73
2013.01.24 10:22:04.666,0.89645,0.89652,3.00,1.73
2013.01.24 10:22:12.015,0.89647,0.89653,2.25,1.50
2013.01.24 10:22:12.776,0.89647,0.89654,2.25,1.73
2013.01.24 10:22:13.333,0.8965,0.89657,1.50,2.10
2013.01.24 10:22:13.575,0.89648,0.89656,3.98,1.73
2013.01.24 10:22:13.695,0.89649,0.89657,2.40,4.28
2013.01.24 10:22:14.114,0.89651,0.89657,1.65,2.85
2013.01.24 10:22:16.415,0.89648,0.89655,3.23,1.65
2013.01.24 10:22:16.654,0.89646,0.89654,2.25,2.85
2013.01.24 10:22:17.844,0.89648,0.89655,1.50,1.73
2013.01.24 10:22:18.564,0.8965,0.89656,1.50,1.88
2013.01.24 10:22:18.867,0.89651,0.89657,1.50,1.73
2013.01.24 10:22:18.995,0.89649,0.89657,2.25,2.48
2013.01.24 10:22:31.524,0.89649,0.89655,1.50,2.48
2013.01.24 10:22:32.264,0.89648,0.89655,1.50,2.48
2013.01.24 10:22:34.305,0.89649,0.89655,2.25,1.73
2013.01.24 10:22:38.984,0.89648,0.89655,2.25,1.73
2013.01.24 10:22:39.538,0.89647,0.89655,3.15,2.48
2013.01.24 10:22:42.964,0.89647,0.89655,3.90,3.23
2013.01.24 10:22:45.394,0.89648,0.89655,1.50,2.48
2013.01.24 10:22:45.695,0.89649,0.89654,1.50,1.73
2013.01.24 10:22:46.234,0.89648,0.89655,1.50,4.73
2013.01.24 10:22:46.715,0.89647,0.89654,1.13,2.63
2013.01.24 10:22:47.273,0.89646,0.89654,1.65,2.63
2013.01.24 10:22:51.204,0.89647,0.89655,1.50,4.13
2013.01.24 10:22:51.744,0.89645,0.89653,2.63,1.73
2013.01.24 10:22:52.406,0.89645,0.89654,2.63,3.15
2013.01.24 10:22:52.926,0.89645,0.89653,2.63,1.73
2013.01.24 10:22:54.826,0.89645,0.89652,2.63,1.73
2013.01.24 10:22:57.534,0.89644,0.89651,1.73,1.73
2013.01.24 10:22:59.484,0.89645,0.89653,1.88,1.73
2013.01.24 10:22:59.726,0.89643,0.8965,2.25,1.35
2013.01.24 10:23:00.357,0.89642,0.8965,2.25,1.35
2013.01.24 10:23:16.884,0.89644,0.8965,1.13,1.50
2013.01.24 10:23:16.963,0.89643,0.8965,1.73,1.50
2013.01.24 10:23:17.029,0.89644,0.8965,2.40,1.50
2013.01.24 10:23:17.235,0.89644,0.8965,1.65,1.73
2013.01.24 10:23:18.525,0.89641,0.8965,4.73,2.48
2013.01.24 10:23:20.444,0.89642,0.8965,1.13,1.50
2013.01.24 10:23:20.975,0.89641,0.89646,1.13,1.73
2013.01.24 10:23:21.094,0.89638,0.89646,2.40,3.98
2013.01.24 10:23:21.155,0.89636,0.89646,3.23,3.98
2013.01.24 10:23:21.274,0.89636,0.89644,2.63,3.23
2013.01.24 10:23:21.394,0.89634,0.89642,2.63,1.73
2013.01.24 10:23:22.760,0.89636,0.89645,1.13,1.88
2013.01.24 10:23:22.905,0.89637,0.89644,1.80,1.50
2013.01.24 10:23:22.980,0.89637,0.89644,2.78,1.50
2013.01.24 10:23:23.287,0.8964,0.89648,1.13,2.63
2013.01.24 10:23:23.357,0.8964,0.89647,1.13,2.63
2013.01.24 10:23:23.567,0.89641,0.89646,1.13,2.48
2013.01.24 10:23:23.638,0.8964,0.89646,1.73,2.25
2013.01.24 10:23:24.185,0.89641,0.89646,1.13,1.50
2013.01.24 10:23:24.724,0.89638,0.89644,1.65,1.73
2013.01.24 10:23:24.786,0.89637,0.89643,1.88,1.73
2013.01.24 10:23:24.907,0.89637,0.89646,1.88,2.63
2013.01.24 10:23:25.047,0.89641,0.89647,1.73,1.73
2013.01.24 10:23:25.120,0.89644,0.89649,1.13,1.88
2013.01.24 10:23:25.193,0.89644,0.89649,1.13,1.13
2013.01.24 10:23:32.716,0.89643,0.89649,1.65,1.73
2013.01.24 10:23:36.995,0.89643,0.89649,1.50,1.50
2013.01.24 10:23:40.757,0.89642,0.89649,1.50,1.73
2013.01.24 10:23:41.312,0.89643,0.89649,1.50,1.50
2013.01.24 10:23:42.262,0.8964,0.89648,2.48,2.48
2013.01.24 10:23:42.515,0.89634,0.89643,1.50,2.48
2013.01.24 10:23:42.694,0.89636,0.89643,2.25,1.73
2013.01.24 10:23:42.814,0.89637,0.89644,3.15,2.25
2013.01.24 10:23:43.115,0.89639,0.89647,1.50,3.98
2013.01.24 10:23:43.175,0.89637,0.89645,1.50,1.73
2013.01.24 10:23:43.714,0.89636,0.89643,1.50,1.73
2013.01.24 10:23:46.946,0.89634,0.89642,2.25,2.48
2013.01.24 10:23:47.005,0.89633,0.89641,3.00,1.73
2013.01.24 10:23:47.307,0.89633,0.89641,2.25,2.48
2013.01.24 10:23:50.635,0.89631,0.89637,1.50,1.73
2013.01.24 10:23:50.936,0.8963,0.89639,1.13,5.25
2013.01.24 10:23:51.005,0.89633,0.89637,1.50,1.13
2013.01.24 10:23:52.235,0.89633,0.89642,2.63,4.50
2013.01.24 10:23:52.366,0.89635,0.89644,1.88,2.25
2013.01.24 10:23:52.434,0.89637,0.89643,1.13,2.25
2013.01.24 10:23:52.913,0.89637,0.89645,1.88,2.25
2013.01.24 10:23:53.049,0.89635,0.89641,2.48,2.25
2013.01.24 10:23:53.119,0.89637,0.89643,1.13,3.00
2013.01.24 10:23:53.189,0.89635,0.89641,1.13,1.50
2013.01.24 10:23:53.508,0.89635,0.89641,1.13,1.73
2013.01.24 10:23:53.939,0.89637,0.89643,1.13,2.25
2013.01.24 10:23:54.445,0.89637,0.89644,1.13,1.13
2013.01.24 10:23:54.915,0.89635,0.89642,1.50,2.48
2013.01.24 10:23:55.484,0.89635,0.89642,1.13,4.73
2013.01.24 10:23:55.725,0.89634,0.89641,2.25,1.35
2013.01.24 10:23:55.845,0.89634,0.89641,1.65,2.10
2013.01.24 10:24:15.835,0.89635,0.89641,1.13,1.50
2013.01.24 10:24:23.586,0.89634,0.89642,4.50,1.73
2013.01.24 10:24:23.886,0.89638,0.89645,1.65,1.73
2013.01.24 10:24:24.006,0.89639,0.89647,1.50,5.48
2013.01.24 10:24:24.905,0.89637,0.89645,2.10,2.48
2013.01.24 10:24:25.145,0.89638,0.89646,2.25,2.48
2013.01.24 10:24:25.337,0.89638,0.89647,3.15,3.23
2013.01.24 10:24:26.095,0.8964,0.89647,1.50,3.00
2013.01.24 10:24:28.585,0.89638,0.89647,4.65,2.85
2013.01.24 10:24:28.766,0.89638,0.89645,2.25,1.73
2013.01.24 10:24:28.895,0.89636,0.89644,1.13,2.48
2013.01.24 10:24:29.195,0.89638,0.89645,1.65,4.73
2013.01.24 10:24:29.435,0.89636,0.89644,3.23,1.73
2013.01.24 10:24:29.936,0.89636,0.89643,1.88,2.48
2013.01.24 10:24:30.498,0.89636,0.89642,1.88,2.48
2013.01.24 10:24:31.275,0.89636,0.89642,1.50,2.48
2013.01.24 10:24:31.947,0.89636,0.89642,1.88,2.48
2013.01.24 10:24:33.726,0.89636,0.89642,1.50,2.85
2013.01.24 10:24:33.847,0.89633,0.89641,4.88,1.73
2013.01.24 10:24:42.875,0.89633,0.89641,2.63,2.48
2013.01.24 10:24:43.004,0.8963,0.89639,1.28,2.85
2013.01.24 10:24:43.081,0.89631,0.89638,1.50,2.10
2013.01.24 10:24:43.149,0.89625,0.89633,9.60,1.50
2013.01.24 10:24:43.217,0.89626,0.8963,1.13,1.50
2013.01.24 10:24:43.345,0.89623,0.8963,1.13,2.48
2013.01.24 10:24:43.466,0.8962,0.89629,3.23,1.73
2013.01.24 10:24:43.525,0.8962,0.89629,2.63,1.73
2013.01.24 10:24:43.645,0.89619,0.89627,2.25,1.73
2013.01.24 10:24:47.824,0.89619,0.89627,2.48,3.98
2013.01.24 10:24:47.884,0.8962,0.89627,1.73,3.23
2013.01.24 10:24:50.056,0.89621,0.89628,3.90,1.50
2013.01.24 10:24:50.354,0.89631,0.89638,3.75,1.73
2013.01.24 10:24:50.894,0.89631,0.89639,4.50,1.50
2013.01.24 10:24:51.434,0.89632,0.89638,1.50,1.73
2013.01.24 10:24:54.454,0.89631,0.89637,2.25,1.73
2013.01.24 10:24:54.575,0.8963,0.89636,1.50,3.00
2013.01.24 10:24:54.875,0.89626,0.89634,3.15,4.88
2013.01.24 10:24:55.175,0.89624,0.89632,2.25,2.48
2013.01.24 10:24:55.235,0.89624,0.89632,2.25,2.48
2013.01.24 10:24:55.754,0.89624,0.89631,1.50,1.73
2013.01.24 10:24:56.356,0.89624,0.89631,2.25,2.48
2013.01.24 10:24:59.055,0.89625,0.89633,3.45,1.73
2013.01.24 10:24:59.116,0.89625,0.89633,4.95,1.73
2013.01.24 10:24:59.295,0.89626,0.89633,1.28,1.73
2013.01.24 10:24:59.845,0.89626,0.89632,1.28,1.73
2013.01.24 10:25:04.185,0.89625,0.89633,1.88,4.73
2013.01.24 10:25:08.514,0.89624,0.89631,1.50,2.48
2013.01.24 10:25:08.645,0.89624,0.89631,2.25,3.00
2013.01.24 10:25:19.035,0.89624,0.8963,1.50,2.48
2013.01.24 10:25:19.574,0.89624,0.89631,1.50,2.48
2013.01.24 10:25:21.075,0.89624,0.8963,1.50,1.73
2013.01.24 10:25:21.314,0.89622,0.8963,2.72,2.48
2013.01.24 10:25:21.434,0.89624,0.8963,1.50,1.73
2013.01.24 10:25:22.094,0.89624,0.89631,2.25,2.25
2013.01.24 10:25:23.407,0.89622,0.8963,2.63,1.50
2013.01.24 10:25:25.385,0.89624,0.8963,1.50,1.73
2013.01.24 10:25:25.966,0.89624,0.89631,1.50,1.73
2013.01.24 10:25:26.715,0.89624,0.89631,2.25,2.48
2013.01.24 10:25:33.726,0.89622,0.89628,3.00,1.73
2013.01.24 10:25:33.845,0.89621,0.89628,1.28,3.98
2013.01.24 10:25:33.966,0.89619,0.89625,2.63,1.73
2013.01.24 10:25:34.026,0.89619,0.89625,1.50,1.73
2013.01.24 10:25:34.085,0.89615,0.89624,1.50,1.73
2013.01.24 10:25:34.147,0.89616,0.89623,1.50,1.50
2013.01.24 10:25:34.215,0.89616,0.89623,2.25,2.48
2013.01.24 10:25:34.275,0.89615,0.89623,1.13,2.48
2013.01.24 10:25:34.755,0.89616,0.89622,1.50,1.73
2013.01.24 10:25:35.346,0.89616,0.89623,1.50,3.98
2013.01.24 10:25:36.179,0.89616,0.89622,1.73,1.50
2013.01.24 10:25:37.178,0.89618,0.89626,2.10,3.00
2013.01.24 10:25:37.245,0.89618,0.89625,2.10,1.50
2013.01.24 10:25:37.365,0.89619,0.89628,2.10,1.13
2013.01.24 10:25:37.885,0.8962,0.89627,1.65,1.50
2013.01.24 10:25:51.086,0.89621,0.89629,2.85,2.63
2013.01.24 10:25:51.605,0.89621,0.89629,2.25,1.50
2013.01.24 10:25:51.920,0.89619,0.89626,1.88,1.50
2013.01.24 10:25:52.285,0.89619,0.89626,1.88,1.50
2013.01.24 10:25:53.236,0.8962,0.89629,1.13,2.48
2013.01.24 10:25:56.385,0.89617,0.89623,4.13,1.13
2013.01.24 10:25:56.446,0.89618,0.89622,2.25,1.28
2013.01.24 10:25:56.506,0.89611,0.8962,1.73,1.88
2013.01.24 10:25:56.565,0.89612,0.89618,1.32,1.13
2013.01.24 10:25:56.625,0.8961,0.89617,9.95,1.50
2013.01.24 10:25:57.164,0.8961,0.89617,1.13,2.40
2013.01.24 10:25:57.794,0.89609,0.89617,2.25,3.15
2013.01.24 10:26:00.686,0.8961,0.89617,1.73,2.25
2013.01.24 10:26:01.206,0.8961,0.89618,1.73,3.00
2013.01.24 10:26:01.716,0.89612,0.89619,2.10,2.48
2013.01.24 10:26:02.255,0.89612,0.8962,2.10,3.00
2013.01.24 10:26:02.496,0.89613,0.89621,2.10,2.48
2013.01.24 10:26:02.625,0.89614,0.89622,1.13,1.50
2013.01.24 10:26:02.865,0.89613,0.8962,1.13,1.50
2013.01.24 10:26:03.045,0.8961,0.89617,1.50,1.50
2013.01.24 10:26:03.814,0.8961,0.89617,1.50,1.73
2013.01.24 10:26:05.784,0.8961,0.89617,1.50,1.73
2013.01.24 10:26:06.406,0.8961,0.89618,1.50,2.48
2013.01.24 10:26:08.705,0.89609,0.89618,3.00,3.98
2013.01.24 10:26:09.385,0.89609,0.89617,3.00,2.48
2013.01.24 10:26:12.775,0.89607,0.89615,1.88,2.10
2013.01.24 10:26:12.896,0.89608,0.89614,1.73,1.50
2013.01.24 10:26:12.955,0.89606,0.89614,2.03,3.00
2013.01.24 10:26:13.020,0.89604,0.89614,7.35,3.23
2013.01.24 10:26:13.149,0.89609,0.89616,1.50,1.50
2013.01.24 10:26:13.634,0.8961,0.89617,1.65,1.73
2013.01.24 10:26:15.847,0.8961,0.89618,1.65,4.13
2013.01.24 10:26:20.585,0.8961,0.89617,1.50,1.73
2013.01.24 10:26:20.885,0.89607,0.89613,1.50,1.35
2013.01.24 10:26:21.126,0.89608,0.89614,3.00,1.73
2013.01.24 10:26:21.195,0.89609,0.89616,1.50,1.50
2013.01.24 10:26:21.614,0.89609,0.89617,1.88,1.73
2013.01.24 10:26:22.284,0.8961,0.89617,1.13,1.73
2013.01.24 10:26:22.586,0.89608,0.89614,4.73,2.63
2013.01.24 10:26:22.945,0.89611,0.89618,1.13,2.85
2013.01.24 10:26:23.005,0.89611,0.89618,1.88,3.38
2013.01.24 10:26:23.457,0.89613,0.89619,1.65,2.48
2013.01.24 10:26:24.035,0.89613,0.89619,2.10,1.50
2013.01.24 10:26:25.078,0.89614,0.89622,1.13,4.73
2013.01.24 10:26:25.325,0.89618,0.89625,2.25,2.48
2013.01.24 10:26:25.567,0.89619,0.89627,1.50,4.88
2013.01.24 10:26:25.806,0.89619,0.89626,1.50,2.48
2013.01.24 10:26:26.675,0.89616,0.89622,4.13,1.50
2013.01.24 10:26:26.795,0.89616,0.89624,3.38,1.73
2013.01.24 10:26:26.855,0.89617,0.89625,1.65,1.73
2013.01.24 10:26:27.215,0.8962,0.89626,1.50,2.25
2013.01.24 10:26:28.467,0.89618,0.89625,1.50,1.35
2013.01.24 10:26:28.548,0.89617,0.89624,1.65,1.35
2013.01.24 10:26:28.628,0.89618,0.89624,1.88,1.35
2013.01.24 10:26:28.814,0.89618,0.89626,4.50,1.88
2013.01.24 10:26:28.998,0.8962,0.89626,1.50,1.13
2013.01.24 10:26:31.545,0.8962,0.89627,1.50,1.35
2013.01.24 10:26:31.604,0.8962,0.89627,1.50,1.35
2013.01.24 10:26:31.978,0.89618,0.89626,1.50,3.23
2013.01.24 10:26:32.918,0.89617,0.89625,3.00,1.50
2013.01.24 10:26:33.178,0.89615,0.89622,2.03,1.73
2013.01.24 10:26:33.546,0.89617,0.89625,1.88,2.48
2013.01.24 10:26:33.606,0.89619,0.89625,1.50,1.73
2013.01.24 10:26:33.665,0.89619,0.89625,1.50,1.73
2013.01.24 10:26:33.725,0.89617,0.89624,1.88,1.50
2013.01.24 10:26:34.265,0.89618,0.89626,1.50,3.60
2013.01.24 10:26:35.009,0.89619,0.89626,1.50,3.23
2013.01.24 10:26:35.427,0.8962,0.89626,1.50,2.25
2013.01.24 10:26:36.755,0.89616,0.89624,2.25,1.73
2013.01.24 10:26:36.877,0.89615,0.89623,2.25,2.48
2013.01.24 10:26:37.006,0.89615,0.89624,3.23,2.48
2013.01.24 10:26:37.065,0.89615,0.89624,2.25,1.73
2013.01.24 10:26:37.187,0.89617,0.89624,1.50,1.73
2013.01.24 10:26:37.704,0.89617,0.89625,2.63,1.73
2013.01.24 10:26:40.394,0.89618,0.89625,1.13,1.50
2013.01.24 10:26:44.304,0.89619,0.89626,1.73,3.00
2013.01.24 10:26:50.914,0.89618,0.89625,1.13,1.50
2013.01.24 10:26:52.014,0.89618,0.89626,2.25,2.63
2013.01.24 10:26:53.155,0.89618,0.89626,1.13,3.38
2013.01.24 10:26:54.135,0.89618,0.89626,1.88,2.63
2013.01.24 10:26:54.494,0.89618,0.89626,1.88,2.63
2013.01.24 10:27:00.974,0.89618,0.89626,1.13,2.48
2013.01.24 10:27:01.094,0.89618,0.89626,1.88,2.48
2013.01.24 10:27:01.524,0.89618,0.89626,2.63,1.73
2013.01.24 10:27:02.568,0.89618,0.89626,1.88,1.73
2013.01.24 10:27:02.694,0.89618,0.89626,1.88,2.48
2013.01.24 10:27:03.775,0.89618,0.89626,2.63,1.73
2013.01.24 10:27:04.675,0.89618,0.89626,1.88,1.73
2013.01.24 10:27:05.814,0.89619,0.89626,1.73,1.73
2013.01.24 10:27:10.205,0.89618,0.89626,1.88,2.48
2013.01.24 10:27:11.144,0.89619,0.89627,2.48,2.48
2013.01.24 10:27:11.204,0.89619,0.89627,2.85,2.48
2013.01.24 10:27:11.516,0.89619,0.89627,2.85,1.73
2013.01.24 10:27:12.208,0.89619,0.89627,2.85,2.48
2013.01.24 10:27:12.769,0.89619,0.89627,2.10,3.98
2013.01.24 10:27:12.836,0.89618,0.89625,3.60,1.50
2013.01.24 10:27:13.384,0.89618,0.89625,2.25,1.73
2013.01.24 10:27:14.276,0.89617,0.89626,1.73,1.73
2013.01.24 10:27:14.394,0.89618,0.89627,1.88,3.60
2013.01.24 10:27:15.155,0.89619,0.89627,2.25,2.48
2013.01.24 10:27:15.574,0.89618,0.89626,1.88,1.50
2013.01.24 10:27:16.414,0.89619,0.89627,1.13,1.73
2013.01.24 10:27:16.774,0.89619,0.89627,1.73,2.48
2013.01.24 10:27:17.687,0.89619,0.89627,1.73,1.73
2013.01.24 10:27:18.705,0.89618,0.89626,2.63,2.48
2013.01.24 10:27:18.828,0.89618,0.89625,1.88,1.50
2013.01.24 10:27:19.429,0.89619,0.89627,1.73,2.48
2013.01.24 10:27:19.866,0.89619,0.89627,1.73,1.73
2013.01.24 10:27:21.876,0.89619,0.89627,1.73,2.48
2013.01.24 10:27:26.216,0.8962,0.89627,1.50,1.73
2013.01.24 10:27:27.306,0.89619,0.89626,2.48,1.73
2013.01.24 10:27:28.147,0.89619,0.89626,1.73,1.73
2013.01.24 10:27:28.294,0.89619,0.89625,1.50,3.23
2013.01.24 10:27:28.654,0.89614,0.8962,1.50,1.65
2013.01.24 10:27:28.834,0.89611,0.89619,3.23,2.48
2013.01.24 10:27:29.345,0.89611,0.89619,2.48,3.00
2013.01.24 10:27:34.976,0.89611,0.89619,1.50,4.50
2013.01.24 10:27:36.315,0.89611,0.89619,1.73,3.00
2013.01.24 10:27:42.016,0.89611,0.89618,1.50,2.25
2013.01.24 10:27:42.196,0.8961,0.89617,1.73,2.40
2013.01.24 10:27:42.620,0.89608,0.89616,3.38,2.25
2013.01.24 10:27:42.926,0.89606,0.89612,1.73,1.50
2013.01.24 10:27:43.434,0.89605,0.89612,1.35,2.25
2013.01.24 10:27:43.984,0.89606,0.89612,1.35,2.25
2013.01.24 10:27:44.105,0.89606,0.89614,2.48,2.48
2013.01.24 10:27:44.225,0.89609,0.89615,1.35,1.50
2013.01.24 10:27:44.585,0.8961,0.89616,1.35,1.73
2013.01.24 10:27:44.825,0.89609,0.89615,2.10,1.50
2013.01.24 10:27:45.235,0.89609,0.89615,1.65,1.88
2013.01.24 10:27:45.356,0.89607,0.89615,2.25,2.63
2013.01.24 10:27:45.414,0.89606,0.89613,1.73,2.25
2013.01.24 10:27:45.954,0.89605,0.89612,1.13,2.25
2013.01.24 10:27:49.657,0.89605,0.89614,2.63,3.00
2013.01.24 10:27:50.164,0.89609,0.89616,1.73,1.50
2013.01.24 10:27:50.345,0.89609,0.89614,2.70,1.50
2013.01.24 10:27:50.704,0.89611,0.89619,1.88,2.40
2013.01.24 10:27:50.965,0.89611,0.89619,1.88,3.15
2013.01.24 10:27:51.675,0.89611,0.89619,1.88,3.38
2013.01.24 10:27:52.184,0.89612,0.89619,1.50,2.63
2013.01.24 10:27:54.104,0.89611,0.89619,1.65,3.38
2013.01.24 10:27:54.641,0.89611,0.89619,1.65,1.88
2013.01.24 10:27:56.454,0.8961,0.89618,2.63,2.48
2013.01.24 10:28:02.245,0.8961,0.89618,1.88,3.23
2013.01.24 10:28:02.787,0.8961,0.89618,1.88,2.48
2013.01.24 10:28:04.664,0.89611,0.89618,1.65,1.73
2013.01.24 10:28:19.704,0.89611,0.89618,1.88,2.48
2013.01.24 10:28:23.048,0.89613,0.8962,1.13,1.50
2013.01.24 10:28:23.297,0.89618,0.89623,1.13,1.13
2013.01.24 10:28:23.835,0.89618,0.89625,1.13,2.48
2013.01.24 10:28:26.594,0.89618,0.89626,1.50,2.85
2013.01.24 10:28:31.415,0.89617,0.89623,1.50,1.73
2013.01.24 10:28:31.536,0.89615,0.89622,1.65,3.23
2013.01.24 10:28:31.597,0.89613,0.89619,3.00,1.73
2013.01.24 10:28:32.164,0.89613,0.89619,1.13,1.50
2013.01.24 10:28:35.555,0.89613,0.89621,1.88,1.88
2013.01.24 10:28:35.675,0.89613,0.89621,1.88,2.10
2013.01.24 10:28:36.220,0.89614,0.89621,1.13,2.48
2013.01.24 10:28:37.145,0.89613,0.89621,1.50,1.73
2013.01.24 10:28:37.447,0.89612,0.8962,3.23,1.73
2013.01.24 10:28:37.866,0.89614,0.8962,1.13,1.50
2013.01.24 10:28:38.224,0.89614,0.89621,1.35,2.63
2013.01.24 10:28:40.465,0.89614,0.89622,1.73,3.75
2013.01.24 10:28:40.585,0.89614,0.89622,2.85,3.00
2013.01.24 10:28:41.072,0.89618,0.89625,1.88,2.48
2013.01.24 10:28:41.149,0.89618,0.89626,3.38,1.73
2013.01.24 10:28:41.396,0.8962,0.89627,1.88,3.75
2013.01.24 10:28:41.876,0.89618,0.89626,2.48,2.25
2013.01.24 10:28:42.055,0.8962,0.89626,1.88,1.50
2013.01.24 10:28:43.665,0.89619,0.89625,1.50,1.50
2013.01.24 10:28:43.727,0.89619,0.89625,1.73,1.50
2013.01.24 10:28:45.716,0.89621,0.89627,1.50,2.48
2013.01.24 10:28:46.296,0.89621,0.89627,1.73,1.50
2013.01.24 10:28:46.655,0.89621,0.89629,1.13,3.00
2013.01.24 10:28:56.016,0.89624,0.8963,1.35,3.75
2013.01.24 10:28:56.374,0.89625,0.89632,1.50,1.50
2013.01.24 10:28:56.858,0.89625,0.89632,3.60,1.50
2013.01.24 10:28:58.125,0.89625,0.89632,1.73,1.50
2013.01.24 10:28:58.445,0.89624,0.89631,2.48,1.50
2013.01.24 10:28:58.945,0.89623,0.89629,1.73,1.65
2013.01.24 10:29:00.406,0.89622,0.89629,1.73,1.65
2013.01.24 10:29:00.928,0.89622,0.8963,3.23,1.88
2013.01.24 10:29:02.856,0.89624,0.8963,1.73,1.88
2013.01.24 10:29:03.695,0.89622,0.8963,3.23,3.38
2013.01.24 10:29:09.214,0.89622,0.89628,2.25,1.65
2013.01.24 10:29:09.635,0.8962,0.89627,1.73,1.65
2013.01.24 10:29:10.234,0.89621,0.89628,1.73,2.78
2013.01.24 10:29:14.735,0.8962,0.89627,2.48,1.65
2013.01.24 10:29:21.615,0.8962,0.89626,1.50,2.10
2013.01.24 10:29:22.122,0.89621,0.89629,2.25,3.98
2013.01.24 10:29:24.565,0.89621,0.89628,1.50,2.40
2013.01.24 10:29:26.468,0.8962,0.89628,1.73,2.40
2013.01.24 10:29:30.746,0.8962,0.89628,1.73,3.15
2013.01.24 10:29:31.297,0.8962,0.89628,1.73,3.15
2013.01.24 10:29:33.445,0.8962,0.89628,1.73,3.15
2013.01.24 10:29:34.066,0.8962,0.89628,1.73,3.15
2013.01.24 10:29:34.897,0.8962,0.89624,1.73,1.50
2013.01.24 10:29:35.025,0.89616,0.89623,2.25,2.25
2013.01.24 10:29:35.088,0.89617,0.89623,2.48,1.50
2013.01.24 10:29:35.394,0.89616,0.89623,1.13,1.88
2013.01.24 10:29:35.516,0.89615,0.89622,2.10,1.50
2013.01.24 10:29:37.866,0.89617,0.89624,1.88,4.88
2013.01.24 10:29:38.225,0.89619,0.89627,1.73,3.90
2013.01.24 10:29:39.696,0.89619,0.89627,1.73,2.40
2013.01.24 10:29:40.065,0.8962,0.89628,1.88,1.13
2013.01.24 10:29:40.378,0.89621,0.89628,2.25,1.13
2013.01.24 10:29:42.854,0.89621,0.89629,3.23,1.50
2013.01.24 10:29:49.275,0.89621,0.89629,1.50,3.38
2013.01.24 10:29:49.795,0.89621,0.89628,1.50,2.63
2013.01.24 10:29:50.814,0.89622,0.89629,1.73,1.50
2013.01.24 10:29:58.994,0.89622,0.89629,2.25,2.25
2013.01.24 10:30:00.175,0.89621,0.89629,1.50,4.50
2013.01.24 10:30:00.415,0.89619,0.89627,1.73,2.25
2013.01.24 10:30:00.535,0.89618,0.89627,3.98,3.75
2013.01.24 10:30:01.017,0.89617,0.89624,1.65,3.23
2013.01.24 10:30:01.376,0.89614,0.89619,2.10,2.40
2013.01.24 10:30:01.436,0.89614,0.89619,2.63,1.65
2013.01.24 10:30:03.426,0.89614,0.89622,2.33,5.55
2013.01.24 10:30:03.615,0.89618,0.89624,1.13,2.63
2013.01.24 10:30:03.745,0.89615,0.89624,1.88,2.40
2013.01.24 10:30:03.865,0.89615,0.89624,2.10,2.40
2013.01.24 10:30:03.926,0.89615,0.89623,2.10,2.25
2013.01.24 10:30:04.167,0.89609,0.89616,3.38,1.73
2013.01.24 10:30:04.236,0.89607,0.89613,1.20,2.25
2013.01.24 10:30:04.296,0.89609,0.89617,1.65,2.25
2013.01.24 10:30:04.357,0.89609,0.89616,3.90,1.50
2013.01.24 10:30:04.417,0.89609,0.89616,4.35,1.50
2013.01.24 10:30:04.476,0.89611,0.89618,1.13,3.00
2013.01.24 10:30:04.537,0.89612,0.89618,1.35,1.50
2013.01.24 10:30:04.895,0.89613,0.8962,1.88,1.50
2013.01.24 10:30:05.446,0.89613,0.89621,1.88,2.25
2013.01.24 10:30:07.569,0.89616,0.89625,1.35,2.63
2013.01.24 10:30:07.637,0.89618,0.89624,1.65,2.25
2013.01.24 10:30:07.910,0.8962,0.89626,1.73,1.13
2013.01.24 10:30:08.535,0.8962,0.89627,1.73,2.40
2013.01.24 10:30:11.227,0.89621,0.89629,1.88,3.15
2013.01.24 10:30:27.135,0.89619,0.89628,4.13,5.25
2013.01.24 10:30:27.255,0.8962,0.89628,2.63,2.25
2013.01.24 10:30:27.615,0.8962,0.89628,2.40,2.25
2013.01.24 10:30:27.905,0.8962,0.89627,1.65,1.50
2013.01.24 10:30:28.386,0.89617,0.89623,2.63,1.50
2013.01.24 10:30:28.565,0.89617,0.89623,2.63,1.50
2013.01.24 10:30:28.867,0.89618,0.89625,2.63,1.50
2013.01.24 10:30:29.116,0.89618,0.89626,3.38,1.50
2013.01.24 10:30:30.356,0.89618,0.89626,1.88,2.25
2013.01.24 10:30:31.124,0.89618,0.89626,3.00,1.50
2013.01.24 10:30:33.255,0.8962,0.89628,2.63,2.25
2013.01.24 10:30:33.796,0.89622,0.89628,1.73,1.50
2013.01.24 10:30:34.328,0.89622,0.89628,1.73,1.50
2013.01.24 10:30:46.185,0.89621,0.89628,1.50,1.88
2013.01.24 10:30:46.345,0.89621,0.89628,1.73,2.10
2013.01.24 10:30:55.587,0.8962,0.89627,1.50,2.10
2013.01.24 10:30:59.746,0.8962,0.89627,1.50,1.35
2013.01.24 10:31:00.256,0.8962,0.89627,1.50,2.10
2013.01.24 10:31:01.954,0.8962,0.89627,1.50,1.35
2013.01.24 10:31:02.994,0.8962,0.89627,1.50,2.10
2013.01.24 10:31:08.446,0.89621,0.89629,2.25,2.10
2013.01.24 10:31:08.807,0.89624,0.8963,1.50,2.25
2013.01.24 10:31:09.165,0.89624,0.89631,3.00,1.73
2013.01.24 10:31:09.225,0.89624,0.89631,2.25,1.73
2013.01.24 10:31:10.487,0.89623,0.8963,3.75,1.73
2013.01.24 10:31:10.630,0.89621,0.89629,3.00,2.10
2013.01.24 10:31:10.756,0.89621,0.89628,1.13,1.35
2013.01.24 10:31:15.601,0.8962,0.89628,2.48,1.20
2013.01.24 10:31:19.695,0.89619,0.89627,3.00,2.85
2013.01.24 10:31:21.335,0.8962,0.89627,1.50,2.10
2013.01.24 10:31:22.744,0.89619,0.89627,4.65,2.85
2013.01.24 10:31:27.631,0.89619,0.89627,2.63,2.63
2013.01.24 10:31:29.425,0.8962,0.89627,2.48,1.13
2013.01.24 10:31:35.256,0.8962,0.89628,3.00,1.35
2013.01.24 10:31:35.675,0.89624,0.89632,1.13,2.63
2013.01.24 10:31:35.857,0.89626,0.89631,1.35,1.50
2013.01.24 10:31:36.277,0.89627,0.89634,1.65,1.73
2013.01.24 10:31:36.824,0.89627,0.89635,1.65,2.10
2013.01.24 10:31:37.375,0.89628,0.89636,1.50,2.85
2013.01.24 10:31:38.236,0.89628,0.89636,1.73,2.63
2013.01.24 10:31:42.664,0.89628,0.89635,1.50,1.13
2013.01.24 10:31:43.178,0.89628,0.89636,2.48,2.63
2013.01.24 10:31:44.044,0.89628,0.89635,1.50,1.88
2013.01.24 10:31:45.055,0.89628,0.89635,2.48,1.13
2013.01.24 10:31:47.155,0.8963,0.89636,1.13,1.13
2013.01.24 10:31:47.635,0.8963,0.89637,1.88,1.50
2013.01.24 10:31:50.705,0.8963,0.89638,4.13,1.13
2013.01.24 10:31:50.826,0.89633,0.8964,2.48,1.73
2013.01.24 10:31:51.185,0.89636,0.89642,1.73,1.73
2013.01.24 10:31:58.644,0.89635,0.89643,1.50,1.35
2013.01.24 10:31:59.185,0.89634,0.8964,2.25,1.13
2013.01.24 10:31:59.306,0.89634,0.8964,2.48,1.88
2013.01.24 10:31:59.665,0.89634,0.8964,2.48,1.88
2013.01.24 10:31:59.725,0.89635,0.89642,1.50,1.73
2013.01.24 10:32:00.226,0.89635,0.89642,1.50,2.10
2013.01.24 10:32:00.287,0.89635,0.89642,1.73,1.88
2013.01.24 10:32:02.975,0.89637,0.89643,1.13,2.63
2013.01.24 10:32:04.399,0.89637,0.89643,1.13,1.88
2013.01.24 10:32:06.624,0.89637,0.89643,1.13,3.38
2013.01.24 10:32:07.465,0.89634,0.89643,2.48,3.98
2013.01.24 10:32:07.586,0.89634,0.89642,2.63,2.63
2013.01.24 10:32:08.124,0.89634,0.89641,2.63,1.73
2013.01.24 10:32:08.675,0.89634,0.89641,1.88,2.48
2013.01.24 10:32:11.156,0.89633,0.8964,3.23,1.35
2013.01.24 10:32:11.457,0.89631,0.89637,1.13,2.25
2013.01.24 10:32:11.635,0.8963,0.89637,1.13,2.48
2013.01.24 10:32:12.846,0.89633,0.89639,1.13,2.25
2013.01.24 10:32:13.148,0.89637,0.89642,2.25,1.73
2013.01.24 10:32:14.865,0.89635,0.89642,1.65,1.35
2013.01.24 10:32:14.926,0.89634,0.89642,2.63,1.35
2013.01.24 10:32:14.986,0.89634,0.89641,1.65,2.48
2013.01.24 10:32:15.105,0.89634,0.89641,1.65,1.50
2013.01.24 10:32:15.466,0.89635,0.89641,1.88,1.50
2013.01.24 10:32:33.865,0.89635,0.89641,1.88,1.50
2013.01.24 10:32:33.997,0.89633,0.89642,1.13,1.73
2013.01.24 10:32:36.365,0.89634,0.89639,1.50,1.35
2013.01.24 10:32:37.069,0.89632,0.89638,1.65,1.13
2013.01.24 10:32:37.146,0.89631,0.89638,1.88,2.63
2013.01.24 10:32:38.655,0.89631,0.89637,1.88,2.48
2013.01.24 10:32:38.956,0.89629,0.89636,2.40,1.73
2013.01.24 10:32:49.905,0.89629,0.89635,1.65,2.48
2013.01.24 10:32:50.025,0.89627,0.89634,1.65,1.35
2013.01.24 10:32:50.085,0.89626,0.89634,2.63,1.35
2013.01.24 10:32:51.436,0.89626,0.89634,2.63,1.13
2013.01.24 10:32:52.576,0.89626,0.89633,3.38,1.13
2013.01.24 10:32:53.520,0.89627,0.89634,1.65,1.13
2013.01.24 10:32:58.130,0.89627,0.89634,1.65,1.88
2013.01.24 10:32:58.695,0.89627,0.89634,1.65,1.88
2013.01.24 10:32:58.997,0.89631,0.89636,1.50,1.50
2013.01.24 10:32:59.307,0.89633,0.89641,3.75,1.50
2013.01.24 10:32:59.426,0.89636,0.89641,1.13,1.50
2013.01.24 10:32:59.785,0.89638,0.89645,1.88,3.75
2013.01.24 10:33:00.026,0.89638,0.89645,1.88,3.98
2013.01.24 10:33:03.105,0.89638,0.89644,1.50,1.88
2013.01.24 10:33:03.345,0.89636,0.89644,2.40,1.88
2013.01.24 10:33:07.536,0.89636,0.89644,3.15,2.63
2013.01.24 10:33:08.075,0.89636,0.89644,1.13,4.73
2013.01.24 10:33:11.385,0.89636,0.89643,1.88,1.13
2013.01.24 10:33:14.218,0.89637,0.89643,1.65,1.88
2013.01.24 10:33:20.306,0.89637,0.89643,1.65,1.13
2013.01.24 10:33:25.295,0.89637,0.89643,1.65,1.88
2013.01.24 10:33:28.165,0.89637,0.89644,1.50,3.38
2013.01.24 10:33:31.895,0.89635,0.89643,3.00,3.98
2013.01.24 10:33:31.956,0.89635,0.89641,2.25,1.50
2013.01.24 10:33:32.076,0.89635,0.89641,1.50,1.73
2013.01.24 10:33:32.928,0.89632,0.89639,1.50,1.13
2013.01.24 10:33:33.497,0.8963,0.89638,2.63,2.48
2013.01.24 10:33:36.795,0.89629,0.89636,1.88,1.88
2013.01.24 10:33:37.695,0.89628,0.89635,1.50,2.10
2013.01.24 10:33:37.876,0.89627,0.89635,2.25,2.10
2013.01.24 10:33:40.577,0.89628,0.89635,1.50,1.88
2013.01.24 10:33:44.166,0.89627,0.89632,1.50,1.73
2013.01.24 10:33:44.687,0.89627,0.89634,1.50,2.03
2013.01.24 10:33:44.767,0.89627,0.89635,2.25,1.88
2013.01.24 10:33:50.585,0.89628,0.89635,1.50,1.88
2013.01.24 10:33:51.107,0.89628,0.89636,1.88,3.38
2013.01.24 10:33:51.166,0.89629,0.89637,1.13,1.73
2013.01.24 10:33:51.226,0.89629,0.89637,1.88,2.48
2013.01.24 10:33:52.995,0.89629,0.89637,1.65,2.10
2013.01.24 10:33:53.116,0.89629,0.89637,1.65,4.35
2013.01.24 10:33:56.236,0.89627,0.89634,3.15,1.35
2013.01.24 10:33:56.475,0.89628,0.89635,1.13,1.50
2013.01.24 10:33:56.990,0.89628,0.89635,1.13,1.50
2013.01.24 10:34:11.968,0.89629,0.89636,2.40,1.88
2013.01.24 10:34:12.816,0.89628,0.89636,1.88,1.88
2013.01.24 10:34:13.415,0.89628,0.89636,1.88,2.40
2013.01.24 10:34:15.995,0.89628,0.89636,1.88,1.88
2013.01.24 10:34:16.176,0.89629,0.89637,1.13,2.63
2013.01.24 10:34:16.236,0.8963,0.89637,1.13,2.85
2013.01.24 10:34:16.776,0.89631,0.89638,1.13,4.13
2013.01.24 10:34:17.327,0.89631,0.89637,1.13,2.48
2013.01.24 10:34:17.886,0.89631,0.89638,2.63,1.73
2013.01.24 10:34:18.007,0.89633,0.89641,1.88,2.63
2013.01.24 10:34:18.126,0.89636,0.89641,2.40,1.35
2013.01.24 10:34:18.546,0.89633,0.89642,4.13,1.73
2013.01.24 10:34:19.086,0.89634,0.8964,3.15,1.50
2013.01.24 10:34:19.626,0.89634,0.8964,1.50,1.88
2013.01.24 10:34:20.207,0.89634,0.8964,3.00,1.88
2013.01.24 10:34:20.767,0.89635,0.8964,1.50,1.50
2013.01.24 10:34:21.315,0.89632,0.89638,1.65,1.88
2013.01.24 10:34:21.687,0.89632,0.89638,1.65,2.63
2013.01.24 10:34:22.236,0.8963,0.89637,1.88,1.73
2013.01.24 10:34:24.375,0.8963,0.89636,1.50,3.75
2013.01.24 10:34:24.496,0.89629,0.89636,1.50,4.88
2013.01.24 10:34:24.556,0.89628,0.89634,1.50,1.65
2013.01.24 10:34:24.617,0.89627,0.89634,1.50,1.88
2013.01.24 10:34:25.165,0.89627,0.89634,1.50,1.88
2013.01.24 10:34:25.467,0.89628,0.89635,1.13,5.25
2013.01.24 10:34:26.013,0.89628,0.89634,1.50,1.13
2013.01.24 10:34:27.205,0.89628,0.89634,1.50,1.13
2013.01.24 10:34:32.326,0.89629,0.89638,1.05,3.64
2013.01.24 10:34:32.448,0.89631,0.89638,3.38,1.50
2013.01.24 10:34:32.519,0.89632,0.89638,2.40,1.50
2013.01.24 10:34:33.037,0.89629,0.89637,4.35,1.13
2013.01.24 10:34:33.097,0.89629,0.89636,3.98,1.13
2013.01.24 10:34:33.338,0.89628,0.89634,1.50,1.13
2013.01.24 10:34:33.896,0.89627,0.89634,3.00,1.13
2013.01.24 10:34:38.028,0.89628,0.89635,1.13,2.40
2013.01.24 10:34:38.595,0.89629,0.89635,1.13,1.13
2013.01.24 10:34:41.316,0.89629,0.89635,1.88,1.13
2013.01.24 10:34:41.858,0.89629,0.89635,1.13,1.13
2013.01.24 10:34:53.245,0.89629,0.89637,1.50,2.63
2013.01.24 10:34:53.320,0.89628,0.89634,1.65,1.35
2013.01.24 10:35:01.835,0.89629,0.89637,1.65,1.13
2013.01.24 10:35:01.899,0.8963,0.89637,1.73,1.13
2013.01.24 10:35:01.965,0.89632,0.89639,2.25,3.38
2013.01.24 10:35:02.505,0.89632,0.89639,2.25,3.38
2013.01.24 10:35:03.117,0.8963,0.89639,2.48,4.58
2013.01.24 10:35:03.296,0.89629,0.89635,1.50,2.85
2013.01.24 10:35:08.318,0.89629,0.89637,3.23,3.00
2013.01.24 10:35:08.448,0.89632,0.89638,2.40,1.50
2013.01.24 10:35:09.186,0.89632,0.89637,1.50,1.65
2013.01.24 10:35:09.367,0.89629,0.89636,1.13,2.63
2013.01.24 10:35:09.545,0.89628,0.89635,1.88,1.73
2013.01.24 10:35:13.585,0.89628,0.89634,1.88,1.50
2013.01.24 10:35:13.886,0.89635,0.8964,1.28,1.50
2013.01.24 10:35:13.946,0.89633,0.8964,1.73,2.25
2013.01.24 10:35:14.545,0.89634,0.89642,1.65,3.23
2013.01.24 10:35:15.476,0.89631,0.89638,2.78,2.25
2013.01.24 10:35:15.536,0.89631,0.89637,2.03,1.73
2013.01.24 10:35:16.040,0.89628,0.89636,1.88,3.60
2013.01.24 10:35:19.595,0.89628,0.89635,1.50,2.85
2013.01.24 10:35:19.777,0.89626,0.89634,3.15,1.13
2013.01.24 10:35:21.909,0.89627,0.89634,1.50,1.65
2013.01.24 10:35:21.976,0.89627,0.89634,1.50,1.88
2013.01.24 10:35:22.219,0.89627,0.89634,1.50,1.65
2013.01.24 10:35:22.358,0.89626,0.89632,1.50,2.63
2013.01.24 10:35:22.606,0.89624,0.8963,1.13,2.25
2013.01.24 10:35:23.026,0.89622,0.8963,2.25,3.98
2013.01.24 10:35:29.715,0.89625,0.89631,1.50,1.50
2013.01.24 10:35:29.898,0.89627,0.89634,1.88,2.48
2013.01.24 10:35:30.955,0.89627,0.89633,3.15,1.88
2013.01.24 10:35:31.496,0.89626,0.89633,1.13,2.63
2013.01.24 10:35:38.676,0.89626,0.89633,2.63,1.88
2013.01.24 10:35:39.259,0.89626,0.89633,1.88,1.88
2013.01.24 10:35:44.050,0.89626,0.89633,1.13,1.88
2013.01.24 10:35:47.395,0.89625,0.89633,3.38,1.73
2013.01.24 10:35:47.455,0.89625,0.89631,2.63,1.50
2013.01.24 10:35:48.317,0.89622,0.8963,1.50,3.23
2013.01.24 10:35:48.876,0.89625,0.89631,2.25,2.48
2013.01.24 10:35:48.936,0.89626,0.89631,1.88,1.73
2013.01.24 10:35:49.446,0.89627,0.89634,1.65,1.88
2013.01.24 10:35:51.276,0.89628,0.89634,1.13,2.25
2013.01.24 10:35:51.338,0.89628,0.89634,1.13,2.48
2013.01.24 10:35:52.435,0.89628,0.89634,1.13,2.48
2013.01.24 10:35:52.676,0.89626,0.89633,1.50,3.38
2013.01.24 10:35:57.595,0.89624,0.89633,2.63,1.88
2013.01.24 10:35:57.777,0.89624,0.89629,1.35,1.73
2013.01.24 10:35:57.837,0.89622,0.89628,2.03,1.88
2013.01.24 10:35:57.897,0.89623,0.8963,1.13,3.38
2013.01.24 10:35:58.436,0.89622,0.8963,1.88,2.82
2013.01.24 10:35:58.886,0.89625,0.89633,1.50,3.00
2013.01.24 10:35:59.066,0.89627,0.89634,1.50,1.73
2013.01.24 10:35:59.126,0.89628,0.89633,1.13,1.73
2013.01.24 10:35:59.666,0.89629,0.89636,1.13,5.40
2013.01.24 10:36:00.316,0.89629,0.89634,1.13,1.73
2013.01.24 10:36:13.042,0.89629,0.89636,1.13,3.75
2013.01.24 10:36:13.226,0.89631,0.89636,1.13,1.50
2013.01.24 10:36:13.405,0.8963,0.89636,1.13,1.73
2013.01.24 10:36:15.976,0.89629,0.89636,1.13,3.38
2013.01.24 10:36:16.096,0.89628,0.89635,1.73,3.38
2013.01.24 10:36:16.537,0.89626,0.89633,2.40,1.73
2013.01.24 10:36:24.198,0.89626,0.89633,3.15,1.73
2013.01.24 10:36:27.626,0.89626,0.89632,1.50,1.73
2013.01.24 10:36:27.685,0.89626,0.89631,1.50,1.50
2013.01.24 10:36:28.226,0.89626,0.89633,1.65,1.73
2013.01.24 10:36:42.385,0.89625,0.89632,3.00,1.73
2013.01.24 10:36:42.626,0.89623,0.8963,1.20,2.25
2013.01.24 10:36:59.735,0.89623,0.89629,1.13,2.48
2013.01.24 10:37:09.505,0.89623,0.89631,2.63,3.98
2013.01.24 10:37:10.936,0.89623,0.8963,1.13,1.73
2013.01.24 10:37:14.925,0.89624,0.89631,1.65,1.50
2013.01.24 10:37:15.438,0.89623,0.8963,1.13,1.73
2013.01.24 10:37:28.206,0.89625,0.89631,1.88,3.00
2013.01.24 10:37:28.326,0.89625,0.89631,1.50,1.73
2013.01.24 10:37:28.446,0.89625,0.89633,3.00,1.13
2013.01.24 10:37:30.026,0.89625,0.89631,3.38,1.73
2013.01.24 10:37:30.205,0.89624,0.89631,1.88,2.48
2013.01.24 10:37:30.937,0.89624,0.89631,1.88,1.73
2013.01.24 10:37:31.057,0.89624,0.89632,2.63,2.85
2013.01.24 10:37:34.936,0.89625,0.89632,2.25,1.13
2013.01.24 10:37:35.416,0.89624,0.89632,3.75,1.73
2013.01.24 10:37:36.248,0.89624,0.89631,2.25,1.73
2013.01.24 10:37:44.486,0.89621,0.89627,3.60,1.50
2013.01.24 10:37:44.795,0.89609,0.89621,1.50,13.96
2013.01.24 10:37:44.916,0.89606,0.89615,1.13,2.48
2013.01.24 10:37:44.975,0.89608,0.89614,4.28,1.50
2013.01.24 10:37:45.036,0.89608,0.89617,1.50,3.00
2013.01.24 10:37:45.338,0.89611,0.89617,1.28,2.25
2013.01.24 10:37:45.885,0.89611,0.89618,1.28,1.50
2013.01.24 10:37:46.186,0.89611,0.89618,1.13,1.65
2013.01.24 10:37:46.726,0.89611,0.89618,1.13,2.63
2013.01.24 10:37:47.635,0.89609,0.89616,1.73,1.73
2013.01.24 10:37:48.476,0.89611,0.89617,1.13,1.73
2013.01.24 10:37:50.485,0.89611,0.8962,1.13,3.75
2013.01.24 10:37:50.605,0.89611,0.8962,2.85,2.25
2013.01.24 10:37:54.260,0.89613,0.89621,1.13,3.98
2013.01.24 10:37:56.047,0.89613,0.89619,1.35,1.50
2013.01.24 10:37:56.167,0.89611,0.89619,1.65,3.98
2013.01.24 10:37:57.425,0.89613,0.89619,1.13,3.23
2013.01.24 10:37:58.317,0.89613,0.89619,2.40,1.73
2013.01.24 10:37:58.437,0.89616,0.89623,1.50,2.10
2013.01.24 10:37:58.495,0.89616,0.89623,1.50,2.85
2013.01.24 10:37:58.795,0.89614,0.89622,3.75,1.73
2013.01.24 10:37:58.915,0.89617,0.89624,1.50,2.48
2013.01.24 10:37:59.036,0.89615,0.89624,3.00,3.98
2013.01.24 10:37:59.112,0.89616,0.89624,2.25,3.23
2013.01.24 10:37:59.355,0.89617,0.89624,1.50,1.50
2013.01.24 10:38:00.108,0.89617,0.89623,1.50,1.73
2013.01.24 10:38:00.356,0.89614,0.89621,2.79,1.73
2013.01.24 10:38:00.683,0.89611,0.89617,1.13,1.73
2013.01.24 10:38:01.007,0.89613,0.89619,1.88,1.73
2013.01.24 10:38:02.456,0.89613,0.89618,1.13,1.50
2013.01.24 10:38:05.685,0.89612,0.89618,1.50,1.50
2013.01.24 10:38:05.986,0.8961,0.89617,2.63,1.73
2013.01.24 10:38:06.506,0.8961,0.89616,1.88,1.50
2013.01.24 10:38:12.066,0.8961,0.89616,1.88,1.50
2013.01.24 10:38:12.606,0.8961,0.89616,1.88,1.50
2013.01.24 10:38:13.407,0.8961,0.89616,1.50,2.25
2013.01.24 10:38:13.767,0.89606,0.89612,1.13,3.23
2013.01.24 10:38:14.068,0.896,0.89608,1.28,1.13
2013.01.24 10:38:14.315,0.89603,0.8961,1.13,3.00
2013.01.24 10:38:17.236,0.89603,0.8961,1.13,2.63
2013.01.24 10:38:18.517,0.89603,0.8961,1.88,1.88
2013.01.24 10:38:19.245,0.89602,0.89609,2.40,1.35
2013.01.24 10:38:19.936,0.89604,0.89611,1.50,2.63
2013.01.24 10:38:20.827,0.89602,0.89609,2.63,1.73
2013.01.24 10:38:22.286,0.89602,0.89609,1.88,1.73
2013.01.24 10:38:22.905,0.89603,0.89609,1.65,1.73
2013.01.24 10:38:24.976,0.89601,0.89609,1.88,2.10
2013.01.24 10:38:25.531,0.89601,0.89609,2.63,1.88
2013.01.24 10:38:25.956,0.89601,0.89609,1.13,2.10
2013.01.24 10:38:26.585,0.89601,0.89608,1.13,1.88
2013.01.24 10:38:27.036,0.89599,0.89606,1.65,1.35
2013.01.24 10:38:27.576,0.89597,0.89605,3.23,2.48
2013.01.24 10:38:29.546,0.89596,0.89603,1.50,2.25
2013.01.24 10:38:29.667,0.8959,0.896,3.98,1.73
2013.01.24 10:38:29.786,0.89594,0.89599,1.13,1.73
2013.01.24 10:38:38.385,0.89594,0.89599,1.50,1.73
2013.01.24 10:38:40.086,0.89593,0.896,2.40,1.73
2013.01.24 10:38:41.849,0.89594,0.89601,1.88,1.50
2013.01.24 10:38:42.159,0.896,0.89606,8.10,3.00
2013.01.24 10:38:42.230,0.89602,0.89606,1.50,1.50
2013.01.24 10:38:42.298,0.89603,0.89609,1.58,2.48
2013.01.24 10:38:42.367,0.89602,0.89607,2.48,1.50
2013.01.24 10:38:43.046,0.89602,0.89608,4.20,1.50
2013.01.24 10:38:43.119,0.89604,0.89611,2.63,1.50
2013.01.24 10:38:43.627,0.89604,0.89612,2.63,3.38
2013.01.24 10:38:44.536,0.89603,0.89611,2.48,4.13
2013.01.24 10:38:44.949,0.89602,0.89608,2.25,1.13
2013.01.24 10:38:46.087,0.89602,0.89608,1.50,2.63
2013.01.24 10:38:49.915,0.896,0.89608,1.65,2.63
2013.01.24 10:38:49.976,0.89601,0.89608,1.50,1.65
2013.01.24 10:38:51.146,0.89602,0.89609,1.88,4.73
2013.01.24 10:38:52.166,0.89601,0.89607,3.00,1.50
2013.01.24 10:38:52.527,0.89601,0.89607,1.50,1.73
2013.01.24 10:38:56.088,0.89602,0.89608,1.50,3.38
2013.01.24 10:38:56.396,0.896,0.89607,1.65,1.73
2013.01.24 10:38:56.516,0.896,0.89607,1.65,1.73
2013.01.24 10:38:57.056,0.896,0.89608,1.65,3.38
2013.01.24 10:38:57.176,0.896,0.89608,2.40,1.88
2013.01.24 10:38:57.677,0.896,0.89607,1.65,2.48
2013.01.24 10:38:57.917,0.896,0.89608,3.15,1.13
2013.01.24 10:38:58.391,0.89598,0.89606,3.38,3.15
2013.01.24 10:38:58.526,0.89597,0.89603,2.63,1.50
2013.01.24 10:38:59.066,0.89597,0.89603,1.13,1.50
2013.01.24 10:38:59.992,0.89597,0.89604,1.88,1.73
2013.01.24 10:39:00.120,0.89599,0.89606,3.38,1.73
2013.01.24 10:39:00.727,0.89599,0.89605,2.25,1.13
2013.01.24 10:39:01.086,0.89594,0.89601,2.25,1.13
2013.01.24 10:39:01.507,0.89595,0.89601,1.50,1.73
2013.01.24 10:39:01.626,0.89593,0.89601,3.00,2.48
2013.01.24 10:39:01.686,0.89595,0.89601,1.50,2.48
2013.01.24 10:39:01.925,0.89594,0.89601,1.50,1.73
2013.01.24 10:39:02.477,0.89593,0.89601,3.75,1.73
2013.01.24 10:39:03.046,0.89593,0.896,3.00,1.73
2013.01.24 10:39:03.407,0.89591,0.89598,2.25,1.73
2013.01.24 10:39:08.547,0.89592,0.896,3.38,2.48
2013.01.24 10:39:09.113,0.89594,0.896,1.50,1.73
2013.01.24 10:39:09.626,0.89594,0.896,1.50,1.73
2013.01.24 10:39:10.046,0.89591,0.89598,1.50,1.13
2013.01.24 10:39:11.340,0.89591,0.89599,2.25,1.50
2013.01.24 10:39:13.067,0.89591,0.89599,3.00,1.50
2013.01.24 10:39:13.615,0.89592,0.89599,1.50,1.50
2013.01.24 10:39:15.096,0.89591,0.89598,1.50,1.73
2013.01.24 10:39:15.276,0.89589,0.89596,2.10,1.73
2013.01.24 10:39:15.816,0.89589,0.89597,2.85,2.48
2013.01.24 10:39:17.106,0.89589,0.89597,2.63,2.10
2013.01.24 10:39:17.226,0.89589,0.89597,2.40,2.48
2013.01.24 10:39:17.808,0.89588,0.89595,1.88,2.63
2013.01.24 10:39:19.047,0.89589,0.89595,1.13,2.25
2013.01.24 10:39:23.586,0.89587,0.89594,2.25,2.48
2013.01.24 10:39:23.646,0.89587,0.89594,1.50,1.88
2013.01.24 10:39:24.757,0.89585,0.89592,1.50,3.23
2013.01.24 10:39:24.818,0.89584,0.89592,1.50,3.98
2013.01.24 10:39:25.295,0.89585,0.89593,3.38,1.73
2013.01.24 10:39:30.038,0.89586,0.89592,2.40,2.48
2013.01.24 10:39:30.108,0.89584,0.89592,1.50,2.48
2013.01.24 10:39:34.266,0.89583,0.89589,1.50,1.35
2013.01.24 10:39:34.327,0.89582,0.89588,2.40,1.13
2013.01.24 10:39:34.687,0.8958,0.89587,1.50,2.25
2013.01.24 10:39:35.197,0.8958,0.89587,1.50,2.25
2013.01.24 10:39:39.527,0.89578,0.89584,2.25,1.73
2013.01.24 10:39:39.647,0.89578,0.89584,2.25,1.73
2013.01.24 10:39:40.541,0.89576,0.89582,1.50,1.50
2013.01.24 10:39:40.617,0.89577,0.89584,1.50,1.13
2013.01.24 10:39:45.288,0.89576,0.89584,2.25,2.70
2013.01.24 10:39:45.347,0.89576,0.89582,1.50,1.73
2013.01.24 10:39:45.466,0.89577,0.89584,1.50,1.13
2013.01.24 10:39:49.427,0.89578,0.89585,1.50,3.38
2013.01.24 10:39:49.667,0.89578,0.89585,1.50,2.10
2013.01.24 10:39:51.136,0.8958,0.89586,1.50,1.73
2013.01.24 10:39:51.377,0.89577,0.89584,4.73,1.50
2013.01.24 10:39:51.678,0.89574,0.89582,2.63,1.73
2013.01.24 10:39:52.036,0.89571,0.89579,3.38,2.10
2013.01.24 10:39:52.816,0.89571,0.89578,3.00,1.13
2013.01.24 10:39:53.346,0.89571,0.89578,1.50,1.88
2013.01.24 10:39:57.736,0.89572,0.89579,1.50,1.13
2013.01.24 10:39:57.856,0.89574,0.8958,1.50,1.73
2013.01.24 10:39:58.096,0.89576,0.89582,2.40,1.13
2013.01.24 10:39:58.487,0.89577,0.89585,1.50,5.10
2013.01.24 10:39:59.025,0.89577,0.89585,3.90,1.13
2013.01.24 10:39:59.086,0.89577,0.89585,3.90,1.35
2013.01.24 10:40:01.618,0.8958,0.89586,1.50,1.73
2013.01.24 10:40:01.867,0.89579,0.89587,3.15,2.10
2013.01.24 10:40:02.986,0.89579,0.89587,3.38,2.63
2013.01.24 10:40:03.546,0.8958,0.89587,1.13,3.38
2013.01.24 10:40:04.226,0.89581,0.89587,1.35,3.00
2013.01.24 10:40:04.798,0.89581,0.89587,2.10,3.00
2013.01.24 10:40:05.076,0.89581,0.89589,2.10,2.63
2013.01.24 10:40:05.828,0.89582,0.89589,1.35,1.50
2013.01.24 10:40:06.185,0.89586,0.89592,1.73,3.00
2013.01.24 10:40:06.687,0.89587,0.89594,1.50,2.25
2013.01.24 10:40:06.806,0.89587,0.89594,2.48,1.50
2013.01.24 10:40:09.219,0.89589,0.89596,1.65,1.50
2013.01.24 10:40:09.527,0.89589,0.89596,1.88,1.50
2013.01.24 10:40:12.266,0.8959,0.89599,1.13,1.88
2013.01.24 10:40:12.508,0.89589,0.89597,1.88,3.15
2013.01.24 10:40:12.568,0.89591,0.89597,1.13,3.00
2013.01.24 10:40:12.748,0.89591,0.89598,1.13,1.50
2013.01.24 10:40:15.977,0.89592,0.89598,1.73,1.50
2013.01.24 10:40:16.529,0.8959,0.89598,4.13,1.50
2013.01.24 10:40:28.666,0.8959,0.89597,1.88,1.50
2013.01.24 10:40:32.507,0.89589,0.89597,2.25,3.00
2013.01.24 10:40:32.687,0.89589,0.89597,1.73,3.00
2013.01.24 10:40:32.809,0.89589,0.89597,1.50,3.75
2013.01.24 10:40:33.854,0.89589,0.89597,1.73,3.75
2013.01.24 10:40:41.066,0.89588,0.89595,3.15,1.50
2013.01.24 10:40:44.811,0.89589,0.89597,1.73,3.75
2013.01.24 10:40:48.757,0.89589,0.89595,1.50,1.73
2013.01.24 10:40:56.367,0.89587,0.89595,2.25,2.63
2013.01.24 10:40:56.556,0.89587,0.89595,2.25,3.00
2013.01.24 10:40:56.880,0.89584,0.89593,3.38,2.85
2013.01.24 10:40:57.008,0.89584,0.8959,2.25,1.13
2013.01.24 10:40:57.128,0.89582,0.8959,2.63,1.73
2013.01.24 10:40:57.199,0.89582,0.89588,1.88,1.73
2013.01.24 10:41:02.665,0.8958,0.89587,2.48,1.73
2013.01.24 10:41:03.036,0.8958,0.89587,1.88,2.48
2013.01.24 10:41:03.098,0.8958,0.89587,1.88,1.73
2013.01.24 10:41:03.457,0.89577,0.89585,1.50,2.48
2013.01.24 10:41:14.566,0.89579,0.89585,1.50,1.50
2013.01.24 10:41:21.549,0.89578,0.89585,1.88,2.25
2013.01.24 10:41:22.077,0.89577,0.89585,1.88,2.25
2013.01.24 10:41:24.084,0.89578,0.89585,1.13,2.25
2013.01.24 10:41:24.155,0.89577,0.89584,1.65,3.08
2013.01.24 10:41:24.338,0.89574,0.89582,2.63,1.50
2013.01.24 10:41:24.409,0.89574,0.89581,2.03,1.50
2013.01.24 10:41:24.927,0.89573,0.8958,1.13,1.50
2013.01.24 10:41:36.616,0.89574,0.89582,1.13,3.00
2013.01.24 10:41:36.805,0.89574,0.89582,3.75,1.73
2013.01.24 10:41:36.867,0.89577,0.89582,1.13,1.73
2013.01.24 10:41:37.406,0.89578,0.89585,1.50,1.50
2013.01.24 10:41:37.988,0.89578,0.89585,1.50,2.25
2013.01.24 10:41:38.598,0.89579,0.89586,1.13,2.63
2013.01.24 10:41:38.658,0.89578,0.89586,1.13,2.85
2013.01.24 10:41:39.176,0.8958,0.89586,1.73,2.48
2013.01.24 10:41:42.856,0.89577,0.89584,5.25,1.50
2013.01.24 10:41:43.096,0.89578,0.89585,1.88,1.73
2013.01.24 10:41:48.989,0.89577,0.89584,2.93,1.50
2013.01.24 10:41:49.058,0.89575,0.89583,3.23,1.73
2013.01.24 10:41:49.129,0.89577,0.89584,1.88,1.73
2013.01.24 10:41:49.256,0.89577,0.89585,1.13,2.10
2013.01.24 10:41:49.636,0.89578,0.89586,1.88,1.88
2013.01.24 10:41:49.817,0.89578,0.89586,1.50,1.73
2013.01.24 10:41:50.458,0.8958,0.89587,1.13,1.50
2013.01.24 10:41:53.947,0.89581,0.89588,1.13,1.50
2013.01.24 10:41:54.249,0.89583,0.89591,1.13,4.13
2013.01.24 10:41:54.318,0.89583,0.89591,3.15,2.10
2013.01.24 10:41:54.857,0.89582,0.89589,1.73,1.73
2013.01.24 10:41:57.516,0.8958,0.89588,3.38,1.73
2013.01.24 10:41:57.637,0.89578,0.89583,3.38,1.50
2013.01.24 10:41:57.699,0.89578,0.89582,1.50,1.73
2013.01.24 10:41:57.766,0.89578,0.89586,1.50,5.44
2013.01.24 10:42:04.526,0.89579,0.89586,1.50,1.95
2013.01.24 10:42:04.596,0.89577,0.89586,2.25,1.95
2013.01.24 10:42:06.796,0.89578,0.89584,1.13,1.50
2013.01.24 10:42:14.087,0.89577,0.89582,1.13,3.00
2013.01.24 10:42:14.146,0.89575,0.89582,1.50,3.98
2013.01.24 10:42:14.266,0.89572,0.8958,2.63,2.48
2013.01.24 10:42:14.626,0.89574,0.8958,1.73,1.73
2013.01.24 10:42:16.147,0.89574,0.89583,2.63,5.25
2013.01.24 10:42:16.388,0.89576,0.89582,2.63,1.73
2013.01.24 10:42:18.946,0.89577,0.89583,1.13,1.73
2013.01.24 10:42:19.486,0.89578,0.89585,1.88,1.50
2013.01.24 10:42:22.396,0.89578,0.8959,2.33,7.50
2013.01.24 10:42:22.516,0.89583,0.89588,1.65,1.50
2013.01.24 10:42:22.577,0.89583,0.89588,1.65,1.50
2013.01.24 10:42:22.696,0.89583,0.8959,1.65,1.73
2013.01.24 10:42:24.696,0.89583,0.8959,1.65,1.73
2013.01.24 10:42:25.706,0.89583,0.89591,1.65,3.98
2013.01.24 10:42:27.235,0.89583,0.8959,1.50,4.13
2013.01.24 10:42:27.890,0.89581,0.89588,1.13,1.50
2013.01.24 10:42:32.216,0.89584,0.89591,1.50,3.38
2013.01.24 10:42:32.397,0.89585,0.89593,2.63,3.75
2013.01.24 10:42:32.576,0.89587,0.89594,1.50,1.73
2013.01.24 10:42:36.556,0.89588,0.89596,2.78,2.48
2013.01.24 10:42:36.615,0.89589,0.89597,3.00,2.25
2013.01.24 10:42:36.676,0.89589,0.89597,2.25,2.48
2013.01.24 10:42:36.857,0.89591,0.89599,1.50,4.13
2013.01.24 10:42:36.920,0.89593,0.896,1.50,2.48
2013.01.24 10:42:37.046,0.89594,0.89602,1.50,3.75
2013.01.24 10:42:37.106,0.89594,0.89602,1.50,3.98
2013.01.24 10:42:37.346,0.89592,0.89602,2.25,2.48
2013.01.24 10:42:37.406,0.89591,0.896,6.00,1.73
2013.01.24 10:42:38.986,0.89594,0.89602,2.25,3.75
2013.01.24 10:42:39.109,0.89593,0.89599,1.50,1.50
2013.01.24 10:42:40.398,0.89594,0.89601,1.50,2.48
2013.01.24 10:42:47.007,0.89594,0.89601,1.50,1.50
2013.01.24 10:42:51.579,0.89593,0.89601,3.23,1.50
2013.01.24 10:42:55.110,0.89593,0.89601,2.48,3.38
2013.01.24 10:42:55.239,0.89592,0.89598,1.73,1.50
2013.01.24 10:42:55.367,0.8959,0.89597,1.73,3.00
2013.01.24 10:42:57.836,0.89588,0.89597,3.23,2.25
2013.01.24 10:42:59.036,0.89589,0.89597,1.73,1.50
2013.01.24 10:42:59.337,0.89589,0.89597,1.50,3.00
2013.01.24 10:43:03.497,0.89589,0.89597,1.50,3.98
2013.01.24 10:43:09.937,0.89589,0.89597,3.00,2.25
2013.01.24 10:43:09.996,0.89589,0.89597,2.25,3.23
2013.01.24 10:43:19.797,0.8959,0.89598,1.65,2.85
2013.01.24 10:43:19.976,0.89592,0.89598,1.50,1.73
2013.01.24 10:43:20.806,0.89592,0.89599,1.50,1.50
2013.01.24 10:43:21.497,0.89591,0.89599,2.25,1.73
2013.01.24 10:43:24.677,0.89594,0.896,1.50,2.25
2013.01.24 10:43:25.366,0.89594,0.896,3.00,1.50
2013.01.24 10:43:25.488,0.89594,0.89602,2.25,2.48
2013.01.24 10:43:26.667,0.89595,0.89601,1.50,1.50
2013.01.24 10:43:38.062,0.89594,0.89603,2.48,2.48
2013.01.24 10:43:55.748,0.89596,0.89603,1.88,1.50
2013.01.24 10:43:56.113,0.89596,0.89604,2.63,1.88
2013.01.24 10:43:56.638,0.89597,0.89603,1.73,1.50
2013.01.24 10:43:57.008,0.89595,0.89603,2.48,2.48
2013.01.24 10:43:58.108,0.89593,0.89598,3.75,1.13
2013.01.24 10:43:58.417,0.89591,0.89598,2.25,1.88
2013.01.24 10:43:59.567,0.8959,0.89596,1.73,1.73
2013.01.24 10:44:00.050,0.89587,0.89595,1.73,3.38
2013.01.24 10:44:00.557,0.89587,0.89595,2.48,2.63
2013.01.24 10:44:01.077,0.89587,0.89595,1.73,3.38
2013.01.24 10:44:01.136,0.89587,0.89595,1.73,2.63
2013.01.24 10:44:01.899,0.89587,0.89595,3.23,1.88
2013.01.24 10:44:06.347,0.89587,0.89595,2.48,2.63
2013.01.24 10:44:07.356,0.89587,0.89595,3.60,1.88
2013.01.24 10:44:07.596,0.89589,0.89596,1.13,1.73
2013.01.24 10:44:07.656,0.89589,0.89596,1.88,1.73
2013.01.24 10:44:07.836,0.89588,0.89595,2.48,3.00
2013.01.24 10:44:09.298,0.89587,0.89595,4.73,2.03
2013.01.24 10:44:14.386,0.89587,0.89595,1.88,1.65
2013.01.24 10:44:16.346,0.89587,0.89595,2.10,2.25
2013.01.24 10:44:16.467,0.89589,0.89595,2.10,1.50
2013.01.24 10:44:26.218,0.89587,0.89595,1.88,1.65
2013.01.24 10:44:26.337,0.89589,0.89596,1.50,2.63
2013.01.24 10:44:26.460,0.89589,0.89595,1.50,1.65
2013.01.24 10:44:29.437,0.89587,0.89595,2.63,1.65
2013.01.24 10:44:30.173,0.89587,0.89595,1.88,1.65
2013.01.24 10:44:32.397,0.89589,0.89596,1.13,2.25
2013.01.24 10:44:32.716,0.89588,0.89595,1.88,1.13
2013.01.24 10:44:34.668,0.89589,0.89595,2.10,1.50
2013.01.24 10:44:35.197,0.8959,0.89597,1.35,3.90
2013.01.24 10:44:38.708,0.89588,0.89596,2.25,3.00
2013.01.24 10:44:38.768,0.8959,0.89596,1.13,2.25
2013.01.24 10:44:39.007,0.89588,0.89593,1.50,1.50
2013.01.24 10:44:39.307,0.89586,0.89593,1.73,2.25
2013.01.24 10:44:40.830,0.89586,0.89593,2.10,2.03
2013.01.24 10:44:40.956,0.89587,0.89594,1.65,1.88
2013.01.24 10:44:41.017,0.89588,0.89595,2.85,2.25
2013.01.24 10:44:41.137,0.89588,0.89596,2.10,1.88
2013.01.24 10:44:41.197,0.89588,0.89596,2.10,1.88
2013.01.24 10:44:41.317,0.89587,0.89595,2.48,1.13
2013.01.24 10:44:45.588,0.89588,0.89595,1.35,1.50
2013.01.24 10:44:45.658,0.89589,0.89597,1.88,3.15
2013.01.24 10:44:46.250,0.89589,0.89597,2.63,2.40
2013.01.24 10:44:46.787,0.89589,0.89595,1.50,1.88
2013.01.24 10:44:48.077,0.89587,0.89595,3.23,1.88
2013.01.24 10:44:50.327,0.89588,0.89594,2.18,1.65
2013.01.24 10:44:50.447,0.89585,0.89592,3.00,1.65
2013.01.24 10:44:50.507,0.89585,0.89591,2.85,1.50
2013.01.24 10:44:50.687,0.89583,0.89592,3.60,1.50
2013.01.24 10:44:50.808,0.89586,0.89592,1.73,1.50
2013.01.24 10:44:51.287,0.89587,0.89593,1.13,1.65
2013.01.24 10:44:51.826,0.89587,0.89594,1.88,1.88
2013.01.24 10:44:52.407,0.89588,0.89595,2.10,2.25
2013.01.24 10:44:52.947,0.89588,0.89594,3.23,1.13
2013.01.24 10:44:53.461,0.89588,0.89594,1.73,1.13
2013.01.24 10:44:58.606,0.89588,0.89594,1.73,1.50
2013.01.24 10:45:04.407,0.89587,0.89595,3.38,1.65
2013.01.24 10:45:06.127,0.89588,0.89595,1.73,1.88
2013.01.24 10:45:24.887,0.89587,0.89595,3.23,2.63
2013.01.24 10:45:34.367,0.89588,0.89594,1.73,1.13
2013.01.24 10:45:42.007,0.89587,0.89593,1.35,3.90
2013.01.24 10:45:42.326,0.89583,0.89589,1.13,1.50
2013.01.24 10:45:42.447,0.89583,0.89589,1.35,1.50
2013.01.24 10:45:42.506,0.8958,0.89588,4.73,1.50
2013.01.24 10:45:44.164,0.89582,0.89588,1.13,2.25
2013.01.24 10:45:55.131,0.89582,0.8959,1.35,3.75
2013.01.24 10:45:55.667,0.89583,0.8959,1.35,1.50
2013.01.24 10:45:57.519,0.89583,0.89588,1.35,1.50
2013.01.24 10:46:04.329,0.89581,0.89589,1.50,3.00
2013.01.24 10:46:04.769,0.89581,0.89589,2.10,2.25
2013.01.24 10:46:11.939,0.89581,0.89589,1.35,3.38
2013.01.24 10:46:14.461,0.89583,0.89589,1.35,1.50
2013.01.24 10:46:14.948,0.89585,0.89592,1.35,3.60
2013.01.24 10:46:15.429,0.89586,0.89594,2.63,2.40
2013.01.24 10:46:16.008,0.89587,0.89594,1.73,1.65
2013.01.24 10:46:22.637,0.89588,0.89594,1.73,1.65
2013.01.24 10:46:33.277,0.89587,0.89594,4.13,1.13
2013.01.24 10:46:52.119,0.89588,0.89596,1.73,2.25
2013.01.24 10:47:03.640,0.89588,0.89595,1.73,1.13
2013.01.24 10:47:06.248,0.89588,0.89596,2.85,2.10
2013.01.24 10:47:06.891,0.89589,0.89596,1.13,1.50
2013.01.24 10:47:11.006,0.89589,0.89596,1.65,1.50
2013.01.24 10:47:11.067,0.89589,0.89595,1.50,1.13
2013.01.24 10:47:12.057,0.89588,0.89594,1.73,1.88
2013.01.24 10:47:19.816,0.89588,0.89594,2.48,1.13
2013.01.24 10:47:23.226,0.89588,0.89594,2.48,1.13
2013.01.24 10:47:26.316,0.89588,0.89594,1.73,1.13
2013.01.24 10:47:32.026,0.89588,0.89594,1.73,1.13
2013.01.24 10:47:33.118,0.89588,0.89594,1.73,1.13
2013.01.24 10:47:36.456,0.89588,0.89594,2.48,1.13
2013.01.24 10:47:36.985,0.89588,0.89596,2.48,1.88
2013.01.24 10:47:42.231,0.89587,0.89593,1.13,1.65
2013.01.24 10:47:42.537,0.89584,0.89589,1.35,1.50
2013.01.24 10:47:47.017,0.89583,0.8959,2.10,2.03
2013.01.24 10:47:49.067,0.89582,0.8959,1.35,3.53
2013.01.24 10:47:57.997,0.89583,0.8959,1.35,2.03
2013.01.24 10:47:58.716,0.89582,0.8959,1.35,2.78
2013.01.24 10:48:05.617,0.89583,0.8959,1.73,1.13
2013.01.24 10:48:06.158,0.89583,0.8959,1.73,1.13
2013.01.24 10:48:06.926,0.89583,0.8959,1.73,1.88
2013.01.24 10:48:34.856,0.89581,0.8959,3.38,1.88
2013.01.24 10:48:43.626,0.89581,0.89589,1.88,2.03
2013.01.24 10:48:45.819,0.89581,0.89589,2.63,1.65
2013.01.24 10:48:50.825,0.89582,0.89589,1.13,1.88
2013.01.24 10:48:51.342,0.89581,0.89588,2.63,1.65
2013.01.24 10:48:52.018,0.89582,0.89589,1.13,1.13
2013.01.24 10:48:53.463,0.89581,0.89589,2.63,1.88
2013.01.24 10:48:54.148,0.89582,0.89589,1.88,1.13
2013.01.24 10:48:58.057,0.89581,0.89588,2.63,1.65
2013.01.24 10:49:10.595,0.89577,0.89584,3.38,1.13
2013.01.24 10:49:10.717,0.89577,0.89584,1.13,1.88
2013.01.24 10:49:11.267,0.89578,0.89584,2.63,1.13
2013.01.24 10:49:15.847,0.89577,0.89582,1.50,1.50
2013.01.24 10:49:16.396,0.89576,0.89585,1.13,3.53
2013.01.24 10:49:17.526,0.89574,0.89582,4.13,3.15
2013.01.24 10:49:17.648,0.89574,0.89581,1.13,1.50
2013.01.24 10:49:19.447,0.89573,0.89579,1.73,1.88
2013.01.24 10:49:27.367,0.89573,0.89579,1.73,1.88
2013.01.24 10:49:27.897,0.89572,0.89579,1.88,1.88
2013.01.24 10:49:51.397,0.89572,0.89578,1.73,1.50
2013.01.24 10:49:51.581,0.89569,0.89576,3.23,1.50
2013.01.24 10:49:51.950,0.89568,0.89575,3.75,1.50
2013.01.24 10:49:52.611,0.8957,0.89576,2.85,2.25
2013.01.24 10:49:53.157,0.89571,0.89578,1.35,1.28
2013.01.24 10:50:29.197,0.89571,0.89577,3.23,1.13
2013.01.24 10:50:35.219,0.8957,0.89577,1.50,1.13
2013.01.24 10:50:35.877,0.8957,0.89578,2.40,1.88
2013.01.24 10:50:40.007,0.89574,0.89579,2.10,1.13
2013.01.24 10:50:40.318,0.89576,0.89582,1.50,1.65
2013.01.24 10:50:40.497,0.89577,0.89584,1.65,1.13
2013.01.24 10:50:40.559,0.89578,0.89584,1.88,1.13
2013.01.24 10:50:40.690,0.89578,0.89586,2.63,1.88
2013.01.24 10:50:41.837,0.89583,0.89589,1.65,3.38
2013.01.24 10:50:41.957,0.89583,0.89588,1.50,1.50
2013.01.24 10:50:42.079,0.89583,0.89589,3.15,1.13
2013.01.24 10:50:42.498,0.89583,0.89588,1.50,1.13
2013.01.24 10:50:42.857,0.8958,0.89586,2.10,1.13
2013.01.24 10:50:43.788,0.89579,0.89586,1.73,1.13
2013.01.24 10:50:49.197,0.8958,0.89586,1.13,1.13
2013.01.24 10:50:49.377,0.8958,0.89589,1.13,2.63
2013.01.24 10:50:49.917,0.89579,0.89586,1.73,2.63
2013.01.24 10:50:59.735,0.8958,0.89586,1.35,1.50
2013.01.24 10:51:00.196,0.8958,0.89587,1.35,1.50
2013.01.24 10:51:00.556,0.89581,0.89589,2.10,2.85
2013.01.24 10:51:03.187,0.89581,0.89587,1.13,1.50
2013.01.24 10:51:03.591,0.89581,0.89587,1.35,1.50
2013.01.24 10:51:07.008,0.89582,0.89588,1.13,1.65
2013.01.24 10:51:07.546,0.8958,0.89588,1.35,1.65
2013.01.24 10:51:08.257,0.89583,0.89594,1.50,9.15
2013.01.24 10:51:08.334,0.89592,0.89598,1.73,1.95
2013.01.24 10:51:09.137,0.89593,0.89599,1.73,2.25
2013.01.24 10:51:09.677,0.89593,0.89599,1.65,2.48
2013.01.24 10:51:10.218,0.89594,0.896,1.50,1.50
2013.01.24 10:51:10.839,0.89593,0.89601,3.15,2.48
2013.01.24 10:51:16.946,0.89592,0.896,2.25,3.23
2013.01.24 10:51:17.247,0.89591,0.89597,1.50,1.73
2013.01.24 10:51:25.459,0.89589,0.89597,1.88,3.23
2013.01.24 10:51:25.518,0.89589,0.89596,1.50,1.88
2013.01.24 10:51:25.709,0.89588,0.89594,1.50,1.73
2013.01.24 10:51:26.272,0.89588,0.89594,1.50,3.23
2013.01.24 10:51:26.697,0.89585,0.89591,3.00,1.13
2013.01.24 10:51:26.817,0.89583,0.89589,1.50,3.23
2013.01.24 10:51:26.878,0.89582,0.89588,2.25,1.73
2013.01.24 10:51:26.938,0.8958,0.89587,6.15,1.73
2013.01.24 10:51:26.997,0.8958,0.89586,2.40,1.50
2013.01.24 10:51:27.537,0.89578,0.89585,2.25,1.73
2013.01.24 10:51:27.838,0.89578,0.89587,1.88,3.75
2013.01.24 10:51:27.959,0.89579,0.89586,1.13,1.50
2013.01.24 10:51:28.667,0.89579,0.89586,1.50,3.23
2013.01.24 10:51:28.728,0.8958,0.89588,2.48,3.00
2013.01.24 10:51:28.788,0.89582,0.89588,1.88,2.25
2013.01.24 10:51:28.848,0.89582,0.89588,1.73,2.48
2013.01.24 10:51:29.426,0.8958,0.89587,1.13,3.23
2013.01.24 10:51:29.494,0.8958,0.89587,1.13,3.23
2013.01.24 10:51:30.098,0.89579,0.89587,1.88,2.25
2013.01.24 10:51:30.399,0.89581,0.89588,1.13,2.48
2013.01.24 10:51:31.918,0.89581,0.89588,1.13,3.00
2013.01.24 10:51:33.604,0.89581,0.89589,1.13,1.50
2013.01.24 10:51:33.729,0.89581,0.89589,2.10,1.73
2013.01.24 10:51:34.347,0.89583,0.8959,2.63,1.73
2013.01.24 10:51:34.469,0.89586,0.89592,1.13,1.73
2013.01.24 10:51:34.647,0.89587,0.89594,1.13,3.38
2013.01.24 10:51:38.387,0.89586,0.89593,2.48,1.73
2013.01.24 10:51:38.449,0.89586,0.89591,1.50,1.58
2013.01.24 10:51:38.640,0.89582,0.89588,3.60,1.73
2013.01.24 10:51:51.570,0.89581,0.89587,1.13,1.73
2013.01.24 10:51:51.937,0.89579,0.89587,2.25,2.48
2013.01.24 10:51:58.051,0.89579,0.89588,3.38,2.25
2013.01.24 10:51:58.117,0.89581,0.89588,1.50,2.48
2013.01.24 10:51:58.298,0.89581,0.89588,1.13,3.98
2013.01.24 10:52:02.647,0.89583,0.89591,1.13,5.85
2013.01.24 10:52:02.828,0.89587,0.89593,1.13,2.48
2013.01.24 10:52:06.969,0.89588,0.89595,1.65,1.88
2013.01.24 10:52:07.586,0.89588,0.89594,1.65,1.65
2013.01.24 10:52:08.758,0.89585,0.89591,1.65,1.73
2013.01.24 10:52:08.819,0.89584,0.8959,2.10,1.73
2013.01.24 10:52:08.877,0.89582,0.8959,2.48,2.10
2013.01.24 10:52:09.417,0.89581,0.89589,2.48,3.38
2013.01.24 10:52:12.027,0.89583,0.8959,1.65,3.38
2013.01.24 10:52:12.567,0.89582,0.8959,1.88,1.88
2013.01.24 10:52:24.040,0.89582,0.89588,1.35,2.48
2013.01.24 10:52:32.507,0.89582,0.89588,1.35,2.48
2013.01.24 10:52:35.851,0.89583,0.89588,1.35,1.73
2013.01.24 10:52:41.207,0.89583,0.89588,1.35,1.73
2013.01.24 10:52:45.938,0.89583,0.8959,1.35,2.25
2013.01.24 10:52:46.298,0.89587,0.89596,2.25,3.60
2013.01.24 10:52:46.538,0.89589,0.89595,1.35,3.00
2013.01.24 10:52:57.417,0.89589,0.89595,1.35,2.25
2013.01.24 10:53:21.767,0.8959,0.89595,1.13,1.73
2013.01.24 10:53:33.607,0.89586,0.89592,3.68,1.50
2013.01.24 10:53:33.670,0.89586,0.89592,2.40,1.50
2013.01.24 10:53:33.798,0.89588,0.89595,1.35,1.88
2013.01.24 10:53:34.361,0.89589,0.89595,1.35,1.50
2013.01.24 10:53:49.449,0.89589,0.89595,2.10,2.25
2013.01.24 10:53:53.950,0.89589,0.89595,1.20,2.25
2013.01.24 10:54:07.736,0.89588,0.89595,2.10,1.50
2013.01.24 10:54:29.593,0.89589,0.89596,1.13,2.25
2013.01.24 10:54:30.202,0.89588,0.89595,1.35,1.50
2013.01.24 10:54:35.890,0.89586,0.89594,3.38,1.88
2013.01.24 10:54:36.091,0.89587,0.89594,1.13,3.38
2013.01.24 10:54:36.618,0.89587,0.89593,1.13,1.65
2013.01.24 10:54:38.077,0.89587,0.89593,1.88,1.65
2013.01.24 10:54:39.689,0.89584,0.89592,3.00,1.73
2013.01.24 10:54:39.938,0.89581,0.89588,2.63,1.50
2013.01.24 10:54:45.698,0.89581,0.89589,1.88,1.65
2013.01.24 10:54:45.759,0.89584,0.8959,1.13,4.13
2013.01.24 10:54:45.878,0.89584,0.8959,1.13,1.13
2013.01.24 10:54:45.939,0.89585,0.89592,1.35,2.25
2013.01.24 10:54:46.058,0.89586,0.89593,1.13,1.13
2013.01.24 10:54:55.747,0.89586,0.89593,1.88,2.25
2013.01.24 10:54:56.158,0.89584,0.89592,2.48,2.25
2013.01.24 10:54:56.342,0.89584,0.89591,1.88,3.15
2013.01.24 10:54:59.460,0.89584,0.8959,1.13,1.50
2013.01.24 10:55:00.157,0.89582,0.89589,3.08,1.50
2013.01.24 10:55:00.644,0.89581,0.89588,1.88,1.65
2013.01.24 10:55:20.788,0.8958,0.89587,2.63,1.50
2013.01.24 10:55:30.789,0.8958,0.89587,1.73,2.25
2013.01.24 10:55:30.909,0.89579,0.89586,1.50,1.50
2013.01.24 10:55:34.977,0.89579,0.89586,2.10,3.75
2013.01.24 10:55:35.513,0.89579,0.89586,2.10,1.50
2013.01.24 10:55:36.058,0.89579,0.89587,2.10,3.00
2013.01.24 10:55:36.716,0.89579,0.89587,2.10,3.00
2013.01.24 10:55:37.858,0.89579,0.89586,2.10,2.25
2013.01.24 10:55:39.058,0.8958,0.89586,1.35,1.50
2013.01.24 10:55:41.568,0.89579,0.89586,2.10,2.25
2013.01.24 10:55:45.948,0.89579,0.89585,1.13,2.25
2013.01.24 10:56:03.329,0.89578,0.89584,2.63,1.50
2013.01.24 10:56:06.897,0.89578,0.89586,2.63,3.23
2013.01.24 10:56:07.541,0.89578,0.89586,2.63,2.25
2013.01.24 10:56:08.640,0.89578,0.89585,1.65,3.00
2013.01.24 10:56:09.181,0.89578,0.89586,1.88,2.63
2013.01.24 10:56:09.729,0.89579,0.89585,1.13,2.78
2013.01.24 10:56:10.087,0.89574,0.89581,2.63,3.00
2013.01.24 10:56:10.328,0.89574,0.89581,2.25,3.38
2013.01.24 10:56:10.448,0.89573,0.89581,1.73,4.13
2013.01.24 10:56:12.312,0.89572,0.8958,3.98,1.13
2013.01.24 10:56:12.643,0.89574,0.89583,3.23,1.50
2013.01.24 10:56:12.901,0.89576,0.89583,1.50,3.75
2013.01.24 10:56:13.448,0.89576,0.89583,1.73,1.50
2013.01.24 10:56:14.109,0.89577,0.89584,2.10,2.25
2013.01.24 10:56:14.618,0.89576,0.89584,3.23,3.23
2013.01.24 10:56:20.147,0.89577,0.89585,1.73,2.48
2013.01.24 10:56:20.677,0.89577,0.89585,2.48,3.23
2013.01.24 10:56:21.999,0.89577,0.89585,1.73,2.48
2013.01.24 10:56:22.653,0.89578,0.89585,1.50,3.23
2013.01.24 10:56:28.599,0.89577,0.89584,1.73,2.85
2013.01.24 10:56:29.367,0.89577,0.89583,1.73,3.23
2013.01.24 10:56:29.928,0.89577,0.89583,1.73,2.48
2013.01.24 10:56:30.088,0.89577,0.89585,1.73,5.25
2013.01.24 10:56:32.009,0.89577,0.89584,1.73,2.48
2013.01.24 10:56:32.650,0.89577,0.89584,1.73,3.23
2013.01.24 10:56:33.319,0.89575,0.89583,1.50,3.75
2013.01.24 10:56:33.649,0.89575,0.89583,2.48,2.25
2013.01.24 10:56:34.548,0.89575,0.89583,2.48,2.25
2013.01.24 10:56:36.178,0.89574,0.8958,1.50,1.13
2013.01.24 10:56:36.298,0.89575,0.89581,1.50,3.23
2013.01.24 10:56:36.858,0.89571,0.89579,3.38,3.00
2013.01.24 10:56:38.949,0.8957,0.89576,1.20,2.25
2013.01.24 10:56:39.431,0.89564,0.89575,3.87,1.50
2013.01.24 10:56:39.501,0.89564,0.89571,1.62,1.13
2013.01.24 10:56:40.048,0.8956,0.89571,1.40,2.63
2013.01.24 10:56:40.349,0.89563,0.89571,1.35,1.88
2013.01.24 10:56:40.837,0.89563,0.89571,2.10,1.88
2013.01.24 10:56:41.372,0.89564,0.89571,1.13,1.88
2013.01.24 10:56:43.579,0.89562,0.8957,3.98,1.50
2013.01.24 10:56:44.308,0.89564,0.89571,1.13,2.63
2013.01.24 10:56:46.518,0.89562,0.8957,3.23,2.25
2013.01.24 10:56:53.988,0.89563,0.89571,2.10,4.13
2013.01.24 10:56:54.347,0.89564,0.89574,1.35,3.15
2013.01.24 10:56:54.648,0.89569,0.89576,1.73,2.25
2013.01.24 10:56:55.188,0.89569,0.89576,1.73,1.50
2013.01.24 10:57:01.469,0.89569,0.89576,2.25,1.73
2013.01.24 10:57:04.637,0.89569,0.89577,1.50,2.48
2013.01.24 10:57:10.318,0.89569,0.89577,2.25,3.60
2013.01.24 10:57:12.159,0.89569,0.89577,1.50,3.60
2013.01.24 10:57:13.167,0.89569,0.89576,2.25,1.73
2013.01.24 10:57:17.577,0.89569,0.89577,1.50,3.23
2013.01.24 10:57:21.759,0.89569,0.89576,2.25,1.73
2013.01.24 10:57:26.097,0.89569,0.89577,1.50,3.23
2013.01.24 10:57:28.760,0.89569,0.89575,2.25,1.35
2013.01.24 10:57:43.168,0.89568,0.89576,1.88,3.23
2013.01.24 10:57:57.267,0.89568,0.89574,1.88,1.73
2013.01.24 10:57:57.838,0.89569,0.89576,1.13,2.48
2013.01.24 10:58:01.947,0.89569,0.89576,1.13,2.25
2013.01.24 10:58:05.167,0.89569,0.89576,1.13,2.48
2013.01.24 10:58:06.688,0.89566,0.89573,1.35,3.15
2013.01.24 10:58:06.869,0.89567,0.89572,1.13,1.50
2013.01.24 10:58:07.048,0.89562,0.89569,5.40,3.00
2013.01.24 10:58:08.138,0.89565,0.8957,1.50,1.50
2013.01.24 10:58:19.388,0.89564,0.8957,1.65,2.25
2013.01.24 10:58:19.569,0.89562,0.89568,1.65,1.13
2013.01.24 10:58:19.639,0.89562,0.89568,1.65,1.88
2013.01.24 10:58:21.298,0.89562,0.89569,1.65,3.38
2013.01.24 10:58:21.855,0.89559,0.89567,3.60,2.48
2013.01.24 10:58:22.398,0.89561,0.89569,1.13,3.38
2013.01.24 10:58:22.927,0.89561,0.89567,1.13,1.73
2013.01.24 10:58:23.208,0.89559,0.89566,3.23,1.88
2013.01.24 10:58:23.748,0.89557,0.89563,1.88,1.28
2013.01.24 10:58:24.068,0.89557,0.89563,2.03,2.18
2013.01.24 10:58:24.188,0.89555,0.89562,2.10,1.73
2013.01.24 10:58:24.309,0.89554,0.8956,3.38,1.50
2013.01.24 10:58:24.548,0.8955,0.89559,3.38,3.00
2013.01.24 10:58:25.098,0.89552,0.8956,5.03,3.23
2013.01.24 10:58:26.179,0.89552,0.89557,1.28,1.50
2013.01.24 10:58:26.480,0.8955,0.89556,1.13,1.50
2013.01.24 10:58:27.028,0.89549,0.89557,2.10,2.48
2013.01.24 10:58:27.798,0.89549,0.89557,1.50,2.85
2013.01.24 10:58:28.399,0.89549,0.89557,1.13,2.63
2013.01.24 10:58:30.979,0.89549,0.89555,1.13,1.50
2013.01.24 10:58:31.161,0.8955,0.89556,1.88,1.50
2013.01.24 10:58:32.980,0.89554,0.89561,1.13,1.13
2013.01.24 10:58:33.050,0.89556,0.89562,1.13,2.48
2013.01.24 10:58:33.568,0.89556,0.89563,1.13,2.63
2013.01.24 10:58:34.759,0.89558,0.89564,1.73,2.48
2013.01.24 10:58:35.299,0.89559,0.89566,1.13,2.25
2013.01.24 10:58:35.477,0.89558,0.89566,1.95,2.48
2013.01.24 10:58:35.537,0.89556,0.89564,4.28,2.48
2013.01.24 10:58:35.659,0.89557,0.89564,1.50,3.38
2013.01.24 10:58:35.718,0.89556,0.89563,1.28,1.73
2013.01.24 10:58:44.158,0.89556,0.89564,1.50,2.25
2013.01.24 10:58:44.279,0.89558,0.89564,1.73,1.73
2013.01.24 10:58:50.416,0.89555,0.89562,1.50,1.65
2013.01.24 10:58:52.178,0.89554,0.89561,1.50,1.88
2013.01.24 10:58:52.310,0.89552,0.89559,1.50,2.63
2013.01.24 10:58:52.370,0.89551,0.89559,3.15,2.63
2013.01.24 10:58:52.918,0.8955,0.89558,2.63,3.23
2013.01.24 10:58:53.219,0.89549,0.89554,1.73,2.10
2013.01.24 10:58:53.579,0.89545,0.89552,1.50,2.25
2013.01.24 10:58:56.946,0.89546,0.89552,1.13,2.25
2013.01.24 10:58:58.035,0.89546,0.89553,1.13,1.50
2013.01.24 10:58:58.218,0.89546,0.89553,1.88,1.50
2013.01.24 10:58:58.278,0.89549,0.89555,1.13,3.00
2013.01.24 10:58:58.398,0.89549,0.89555,1.13,3.75
2013.01.24 10:59:00.867,0.89546,0.89552,1.65,1.50
2013.01.24 10:59:01.168,0.89545,0.89552,2.25,1.73
2013.01.24 10:59:01.779,0.89547,0.89554,1.50,2.25
2013.01.24 10:59:01.839,0.89548,0.89554,1.13,2.25
2013.01.24 10:59:01.958,0.89548,0.89556,1.13,3.00
2013.01.24 10:59:02.169,0.8955,0.89556,1.13,1.73
2013.01.24 10:59:05.109,0.89548,0.89556,1.88,3.23
2013.01.24 10:59:06.958,0.89548,0.89556,1.50,3.23
2013.01.24 10:59:07.018,0.89548,0.89554,1.50,1.13
2013.01.24 10:59:07.339,0.89545,0.89551,1.88,1.50
2013.01.24 10:59:08.302,0.89545,0.89555,1.88,1.50
2013.01.24 10:59:08.376,0.89547,0.89553,1.13,1.73
2013.01.24 10:59:08.579,0.89549,0.89555,1.13,2.25
2013.01.24 10:59:08.647,0.89547,0.89555,1.88,2.48
2013.01.24 10:59:09.178,0.89548,0.89556,1.88,2.10
2013.01.24 10:59:12.201,0.89548,0.89554,1.50,1.13
2013.01.24 10:59:12.510,0.89546,0.89554,1.13,2.63
2013.01.24 10:59:12.582,0.89546,0.89554,1.88,2.85
2013.01.24 10:59:12.709,0.8955,0.89555,1.13,1.50
2013.01.24 10:59:13.069,0.89544,0.89552,3.38,1.73
2013.01.24 10:59:13.189,0.89546,0.89554,1.50,1.50
2013.01.24 10:59:13.248,0.89547,0.89555,1.13,2.48
2013.01.24 10:59:13.801,0.89548,0.89555,1.13,1.73
2013.01.24 10:59:27.940,0.89552,0.89557,1.50,1.73
2013.01.24 10:59:28.298,0.89554,0.89561,1.50,1.50
2013.01.24 10:59:34.232,0.89554,0.89561,1.50,1.50
2013.01.24 10:59:40.328,0.89554,0.89562,2.25,3.23
2013.01.24 10:59:46.249,0.89554,0.89562,2.25,3.45
2013.01.24 10:59:48.169,0.89555,0.89563,1.88,3.00
2013.01.24 10:59:48.728,0.89555,0.89562,1.50,2.33
2013.01.24 10:59:58.528,0.89555,0.89562,1.50,2.10
2013.01.24 10:59:59.058,0.89555,0.89563,2.63,2.10
