2010.02.23 03:00:01.260,0.9104,0.9105,2.40,7.20
2010.02.23 03:00:01.334,0.9104,0.9105,1.00,7.20
2010.02.23 03:00:02.084,0.9104,0.9105,1.00,5.60
2010.02.23 03:00:02.157,0.9104,0.9105,1.00,6.40
2010.02.23 03:00:13.753,0.9104,0.9105,1.00,4.00
2010.02.23 03:00:14.352,0.9104,0.9105,1.00,4.80
2010.02.23 03:00:14.852,0.9104,0.9105,1.00,4.00
2010.02.23 03:00:15.632,0.9104,0.9105,1.00,4.80
2010.02.23 03:00:17.112,0.9104,0.9105,1.00,4.00
2010.02.23 03:00:25.783,0.91045,0.9105,1.00,3.20
2010.02.23 03:00:25.804,0.91045,0.91055,1.00,4.80
2010.02.23 03:00:30.991,0.91045,0.9105,1.00,3.20
2010.02.23 03:00:31.015,0.9104,0.9105,5.20,4.00
2010.02.23 03:00:31.054,0.9104,0.9105,1.20,8.00
2010.02.23 03:00:31.103,0.9104,0.91055,1.00,16.50
2010.02.23 03:00:36.180,0.9104,0.9105,1.00,4.00
2010.02.23 03:01:08.064,0.9104,0.9105,2.40,4.00
2010.02.23 03:01:13.697,0.91045,0.9105,1.00,3.20
2010.02.23 03:01:14.029,0.91045,0.9106,1.00,23.30
2010.02.23 03:01:43.317,0.91045,0.91055,8.10,11.20
2010.02.23 03:01:43.712,0.9105,0.9106,1.00,10.50
2010.02.23 03:01:43.986,0.91045,0.9106,4.80,19.60
2010.02.23 03:01:44.250,0.91045,0.9106,1.00,23.40
2010.02.23 03:02:10.599,0.91045,0.91055,2.40,4.00
2010.02.23 03:02:10.770,0.9105,0.9106,1.00,12.80
2010.02.23 03:02:11.023,0.9105,0.91065,1.00,22.10
2010.02.23 03:02:33.516,0.9105,0.9106,1.00,10.50
2010.02.23 03:02:33.907,0.91045,0.9106,8.00,17.70
2010.02.23 03:02:34.261,0.91045,0.9106,4.00,19.60
2010.02.23 03:02:46.393,0.91045,0.91055,2.40,4.00
2010.02.23 03:02:46.577,0.91045,0.9106,1.00,22.20
2010.02.23 03:02:56.874,0.91045,0.91055,4.80,4.00
2010.02.23 03:02:56.975,0.91045,0.9106,1.00,22.10
2010.02.23 03:02:59.543,0.9104,0.91055,12.10,11.70
2010.02.23 03:02:59.725,0.9104,0.91055,12.10,11.70
2010.02.23 03:02:59.900,0.9104,0.91055,4.10,21.30
2010.02.23 03:03:08.087,0.9104,0.9105,4.00,2.40
2010.02.23 03:03:08.222,0.91035,0.91045,11.20,8.50
2010.02.23 03:03:08.928,0.91035,0.9105,4.00,20.00
2010.02.23 03:03:09.267,0.91035,0.9105,4.00,20.40
2010.02.23 03:03:11.682,0.91035,0.91045,12.00,2.40
2010.02.23 03:03:13.323,0.9104,0.91045,1.00,1.60
2010.02.23 03:03:13.469,0.9104,0.9105,1.00,12.00
2010.02.23 03:03:13.607,0.9104,0.91055,1.00,22.10
2010.02.23 03:03:28.459,0.9104,0.9105,2.40,4.00
2010.02.23 03:03:32.172,0.9104,0.9105,2.40,16.40
2010.02.23 03:03:32.394,0.9104,0.9105,2.40,8.00
2010.02.23 03:03:32.571,0.9104,0.9105,2.40,4.00
2010.02.23 03:03:36.414,0.9104,0.9105,2.50,4.00
2010.02.23 03:03:36.570,0.9104,0.9105,4.10,2.40
2010.02.23 03:03:37.907,0.91045,0.9105,1.00,2.40
2010.02.23 03:03:38.100,0.9104,0.91055,4.00,21.30
2010.02.23 03:03:38.911,0.9104,0.91055,2.40,21.30
2010.02.23 03:03:46.659,0.9104,0.9105,1.00,8.00
2010.02.23 03:03:47.074,0.9104,0.91055,1.00,22.10
2010.02.23 03:03:47.626,0.9104,0.91055,2.40,21.30
2010.02.23 03:03:50.483,0.91045,0.9105,1.00,3.20
2010.02.23 03:03:51.087,0.91045,0.91055,1.00,4.00
2010.02.23 03:04:04.125,0.9104,0.9105,13.20,1.00
2010.02.23 03:04:04.409,0.9104,0.91055,8.00,17.30
2010.02.23 03:04:04.696,0.9104,0.91055,4.00,21.30
2010.02.23 03:04:45.549,0.9104,0.9105,4.00,2.40
2010.02.23 03:05:03.510,0.9104,0.91045,1.60,1.00
2010.02.23 03:05:03.861,0.91035,0.91045,13.10,1.00
2010.02.23 03:05:06.836,0.9104,0.9105,1.00,16.40
2010.02.23 03:05:06.976,0.9104,0.91055,1.00,22.10
2010.02.23 03:05:07.157,0.9104,0.91055,1.00,21.30
2010.02.23 03:05:32.266,0.9104,0.9105,4.00,2.40
2010.02.23 03:05:38.281,0.91045,0.9105,1.00,1.60
2010.02.23 03:05:38.562,0.91045,0.91055,1.00,4.00
2010.02.23 03:05:38.838,0.91045,0.9106,4.00,19.60
2010.02.23 03:05:39.111,0.91045,0.9106,8.00,19.60
2010.02.23 03:05:40.235,0.9105,0.91065,1.00,22.10
2010.02.23 03:05:55.597,0.91045,0.91055,12.10,1.00
2010.02.23 03:05:55.876,0.91045,0.9106,8.00,19.60
2010.02.23 03:06:23.131,0.91045,0.91055,8.00,2.40
2010.02.23 03:06:41.449,0.9105,0.91055,1.00,1.60
2010.02.23 03:06:41.584,0.9105,0.91065,1.00,20.10
2010.02.23 03:07:30.613,0.9105,0.9106,1.00,3.20
2010.02.23 03:07:30.631,0.9105,0.91065,2.50,19.30
2010.02.23 03:07:42.255,0.9105,0.9106,2.40,3.20
2010.02.23 03:07:42.359,0.9105,0.91065,2.50,19.30
2010.02.23 03:07:42.446,0.9105,0.91065,6.50,19.30
2010.02.23 03:07:42.497,0.9105,0.91065,6.40,19.20
2010.02.23 03:07:43.259,0.9105,0.91065,2.40,19.30
2010.02.23 03:07:45.516,0.9105,0.9107,4.00,29.40
2010.02.23 03:07:46.195,0.9105,0.9107,8.00,29.40
2010.02.23 03:07:47.390,0.9105,0.91065,12.00,11.30
2010.02.23 03:07:48.633,0.9105,0.9107,12.10,29.30
2010.02.23 03:07:48.795,0.91055,0.9107,1.60,29.30
2010.02.23 03:07:49.152,0.91055,0.91075,6.50,27.70
2010.02.23 03:07:49.504,0.9106,0.91075,1.00,20.10
2010.02.23 03:07:50.078,0.9106,0.9107,4.00,1.60
2010.02.23 03:07:51.853,0.9106,0.91075,8.10,15.20
2010.02.23 03:07:52.088,0.91065,0.91075,1.60,19.20
2010.02.23 03:07:53.945,0.9106,0.91075,4.10,19.20
2010.02.23 03:07:54.505,0.9106,0.91075,8.10,15.30
2010.02.23 03:07:54.967,0.9106,0.9107,8.10,1.60
2010.02.23 03:07:55.334,0.9106,0.9107,2.40,1.60
2010.02.23 03:07:58.882,0.91055,0.91065,11.60,6.40
2010.02.23 03:07:59.055,0.91055,0.9107,13.70,11.20
2010.02.23 03:07:59.233,0.9106,0.9107,1.00,3.20
2010.02.23 03:08:00.115,0.91055,0.91065,4.10,1.60
2010.02.23 03:08:03.347,0.91055,0.91065,1.60,19.20
2010.02.23 03:08:06.330,0.91055,0.91065,10.40,5.70
2010.02.23 03:08:06.478,0.91055,0.91065,1.00,3.20
2010.02.23 03:08:08.726,0.9105,0.91055,11.20,4.00
2010.02.23 03:08:08.911,0.9105,0.91055,4.00,7.20
2010.02.23 03:08:09.103,0.91045,0.91055,1.00,16.10
2010.02.23 03:08:09.610,0.91045,0.91055,1.00,12.00
2010.02.23 03:08:09.892,0.91045,0.91055,2.40,4.00
2010.02.23 03:08:11.898,0.9105,0.91055,1.00,1.60
2010.02.23 03:08:12.185,0.9105,0.9106,2.40,4.00
2010.02.23 03:08:14.690,0.91045,0.91055,8.00,2.40
2010.02.23 03:08:20.980,0.9105,0.91055,1.60,1.00
2010.02.23 03:08:24.325,0.9105,0.9106,2.40,12.40
2010.02.23 03:08:24.793,0.9105,0.9106,6.40,2.80
2010.02.23 03:08:25.717,0.9105,0.9106,4.10,1.00
2010.02.23 03:08:26.428,0.9105,0.9106,4.00,1.00
2010.02.23 03:08:27.556,0.91045,0.91055,10.00,1.00
2010.02.23 03:08:28.173,0.9102,0.9104,1.60,7.30
2010.02.23 03:08:28.433,0.91025,0.9104,1.60,9.20
2010.02.23 03:08:28.686,0.91025,0.9104,2.40,4.00
2010.02.23 03:08:29.093,0.91025,0.91045,2.40,12.00
2010.02.23 03:08:29.458,0.9103,0.9104,4.00,2.40
2010.02.23 03:08:33.532,0.91035,0.9104,1.60,1.00
2010.02.23 03:08:44.893,0.9103,0.9104,4.00,1.00
2010.02.23 03:08:46.055,0.91035,0.91045,1.00,12.40
2010.02.23 03:08:46.796,0.91035,0.91045,1.00,12.00
2010.02.23 03:08:47.700,0.9103,0.9104,7.20,4.10
2010.02.23 03:08:48.342,0.9102,0.9103,4.40,8.00
2010.02.23 03:08:48.589,0.9102,0.9103,2.40,5.60
2010.02.23 03:08:54.130,0.91015,0.91025,14.00,2.40
2010.02.23 03:08:54.493,0.91015,0.91025,4.00,1.00
2010.02.23 03:08:55.317,0.91015,0.91025,4.00,4.00
2010.02.23 03:08:56.644,0.91015,0.91025,4.00,4.80
2010.02.23 03:08:56.782,0.91015,0.91025,4.00,8.80
2010.02.23 03:08:57.099,0.91015,0.91025,4.00,8.00
2010.02.23 03:08:57.364,0.91015,0.9102,3.20,1.00
2010.02.23 03:08:57.506,0.9101,0.9102,1.00,4.00
2010.02.23 03:08:58.325,0.9101,0.9102,1.00,4.50
2010.02.23 03:08:58.579,0.91005,0.91015,4.10,1.00
2010.02.23 03:09:00.320,0.9101,0.9102,1.00,8.40
2010.02.23 03:09:00.527,0.91005,0.91015,12.10,1.00
2010.02.23 03:09:00.732,0.91005,0.91015,12.10,1.00
2010.02.23 03:09:02.198,0.9101,0.9102,4.00,4.00
2010.02.23 03:09:02.380,0.9101,0.9102,8.00,4.00
2010.02.23 03:09:02.568,0.9101,0.9102,12.00,4.00
2010.02.23 03:09:03.033,0.9101,0.9102,8.00,4.00
2010.02.23 03:09:03.592,0.9101,0.9102,4.00,4.00
2010.02.23 03:09:04.001,0.9101,0.9102,2.50,4.00
2010.02.23 03:09:04.372,0.9101,0.9102,1.00,4.00
2010.02.23 03:09:04.721,0.9101,0.9102,4.80,4.00
2010.02.23 03:09:05.422,0.9101,0.91015,4.00,1.00
2010.02.23 03:09:05.997,0.91005,0.91015,12.10,1.00
2010.02.23 03:09:09.884,0.9101,0.9102,1.00,12.00
2010.02.23 03:09:10.281,0.9101,0.9102,1.00,4.00
2010.02.23 03:09:10.846,0.9101,0.91015,1.00,1.00
2010.02.23 03:09:11.112,0.90995,0.91,8.10,2.40
2010.02.23 03:09:11.466,0.9099,0.90995,8.00,1.60
2010.02.23 03:09:12.198,0.90975,0.90985,3.30,8.80
2010.02.23 03:09:12.963,0.90975,0.90985,6.40,1.00
2010.02.23 03:09:13.669,0.90985,0.9099,1.00,1.60
2010.02.23 03:09:14.041,0.9098,0.9099,4.00,2.40
2010.02.23 03:09:15.164,0.9098,0.90985,3.20,1.00
2010.02.23 03:09:15.528,0.90975,0.9098,7.20,1.00
2010.02.23 03:09:15.884,0.90975,0.9098,1.60,1.00
2010.02.23 03:09:18.728,0.9097,0.9098,8.00,1.00
2010.02.23 03:09:19.392,0.90975,0.9098,1.60,1.00
2010.02.23 03:09:21.369,0.90975,0.90985,12.00,2.40
2010.02.23 03:09:21.725,0.9098,0.9099,1.00,12.40
2010.02.23 03:09:22.079,0.90985,0.9099,1.60,14.40
2010.02.23 03:09:22.512,0.90985,0.9099,1.60,8.80
2010.02.23 03:09:22.882,0.90985,0.9099,1.60,1.00
2010.02.23 03:09:23.979,0.90985,0.90995,2.50,12.00
2010.02.23 03:09:24.240,0.9099,0.91,1.00,4.00
2010.02.23 03:09:24.817,0.9099,0.91005,1.00,22.10
2010.02.23 03:09:25.034,0.9099,0.91005,2.40,21.30
2010.02.23 03:09:26.501,0.9099,0.91005,2.40,22.10
2010.02.23 03:09:27.257,0.9099,0.91005,1.00,22.10
2010.02.23 03:09:29.877,0.90995,0.91005,1.00,12.00
2010.02.23 03:09:30.268,0.90995,0.9101,2.40,25.70
2010.02.23 03:09:30.489,0.90995,0.9101,2.40,19.70
2010.02.23 03:09:37.841,0.90995,0.91005,4.00,1.00
2010.02.23 03:09:39.062,0.91,0.91015,1.00,22.10
2010.02.23 03:09:39.408,0.90995,0.91005,3.20,8.50
2010.02.23 03:09:40.004,0.91,0.9101,1.00,16.10
2010.02.23 03:09:40.274,0.9099,0.91,3.20,13.30
2010.02.23 03:09:40.536,0.9099,0.91,1.60,14.00
2010.02.23 03:09:40.794,0.90985,0.91,4.00,12.40
2010.02.23 03:09:41.058,0.9099,0.91005,1.00,17.00
2010.02.23 03:09:41.619,0.9099,0.91005,1.00,8.50
2010.02.23 03:09:42.185,0.90985,0.90995,4.40,1.00
2010.02.23 03:09:42.389,0.90985,0.90995,2.40,3.20
2010.02.23 03:09:43.666,0.9099,0.91005,2.40,5.60
2010.02.23 03:09:44.239,0.9099,0.9101,4.00,15.60
2010.02.23 03:09:46.787,0.9099,0.9101,4.00,15.70
2010.02.23 03:09:46.961,0.9099,0.9101,8.00,15.60
2010.02.23 03:09:47.470,0.90995,0.9101,1.00,13.60
2010.02.23 03:09:47.646,0.91,0.9101,2.40,3.20
2010.02.23 03:09:47.994,0.91,0.91005,1.60,2.40
2010.02.23 03:09:48.308,0.91,0.9101,1.60,11.30
2010.02.23 03:09:48.881,0.90995,0.9101,4.00,9.70
2010.02.23 03:09:51.024,0.90995,0.91005,1.00,3.40
2010.02.23 03:09:51.263,0.9099,0.91,1.00,3.30
2010.02.23 03:09:58.137,0.90985,0.90995,4.00,4.70
2010.02.23 03:09:58.447,0.90985,0.90995,1.00,4.70
2010.02.23 03:09:58.899,0.90985,0.90995,1.00,4.50
2010.02.23 03:09:59.071,0.90985,0.90995,2.40,3.50
2010.02.23 03:09:59.808,0.90985,0.91,4.00,10.60
2010.02.23 03:10:00.853,0.90985,0.90995,1.60,11.50
2010.02.23 03:10:01.952,0.90985,0.91,1.60,25.00
2010.02.23 03:10:02.244,0.9099,0.91,1.00,14.50
2010.02.23 03:10:04.764,0.9099,0.91,2.40,3.20
2010.02.23 03:10:06.203,0.9099,0.91,4.00,1.60
2010.02.23 03:10:07.779,0.9099,0.91,3.20,8.10
2010.02.23 03:10:07.987,0.90985,0.91,4.00,9.70
2010.02.23 03:10:08.404,0.90985,0.91005,4.00,23.60
2010.02.23 03:10:09.854,0.90985,0.91,4.00,10.50
2010.02.23 03:10:15.579,0.90985,0.90995,4.10,1.60
2010.02.23 03:10:18.044,0.90985,0.91,3.20,19.30
2010.02.23 03:10:18.262,0.90985,0.91,3.20,26.50
2010.02.23 03:10:18.483,0.90985,0.91,1.60,26.50
2010.02.23 03:10:26.577,0.90985,0.90995,1.60,12.90
2010.02.23 03:10:27.177,0.9098,0.91,4.00,26.60
2010.02.23 03:10:28.173,0.9098,0.91,5.60,26.60
2010.02.23 03:10:31.046,0.90985,0.90995,2.40,10.50
2010.02.23 03:10:31.401,0.9098,0.90995,11.60,4.80
2010.02.23 03:10:31.584,0.90985,0.90995,2.40,3.20
2010.02.23 03:10:31.768,0.90985,0.91,2.40,12.10
2010.02.23 03:10:32.335,0.90985,0.91,4.00,10.50
2010.02.23 03:10:35.116,0.90985,0.91,3.20,12.10
2010.02.23 03:10:35.469,0.90985,0.91,3.20,12.20
2010.02.23 03:10:35.824,0.90985,0.91,1.60,26.90
2010.02.23 03:10:40.050,0.90985,0.9099,1.60,1.00
2010.02.23 03:10:41.028,0.9098,0.9099,4.00,1.00
2010.02.23 03:10:43.160,0.9098,0.90985,2.40,1.00
2010.02.23 03:10:43.284,0.90965,0.9097,10.80,4.80
2010.02.23 03:10:43.990,0.90965,0.9097,1.20,3.20
2010.02.23 03:10:44.113,0.9096,0.9097,1.00,8.00
2010.02.23 03:10:45.525,0.90955,0.9097,11.30,8.00
2010.02.23 03:10:46.702,0.90955,0.90965,4.00,1.00
2010.02.23 03:10:46.958,0.90955,0.90965,3.20,1.40
2010.02.23 03:10:48.428,0.9096,0.9097,1.60,2.40
2010.02.23 03:10:48.757,0.9096,0.9097,3.20,2.40
2010.02.23 03:10:50.546,0.9096,0.9097,8.00,1.60
2010.02.23 03:10:50.915,0.9096,0.9097,2.40,2.40
2010.02.23 03:10:53.013,0.9096,0.90965,2.40,1.00
2010.02.23 03:10:53.770,0.9096,0.90965,1.00,1.00
2010.02.23 03:10:54.606,0.90955,0.90965,11.70,2.40
2010.02.23 03:10:54.956,0.90955,0.90965,11.30,2.00
2010.02.23 03:10:55.307,0.90955,0.9096,3.30,1.00
2010.02.23 03:10:55.884,0.9095,0.9096,5.00,1.00
2010.02.23 03:10:56.191,0.90945,0.9096,11.30,4.00
2010.02.23 03:10:56.776,0.9095,0.9096,1.60,4.00
2010.02.23 03:10:57.410,0.90945,0.90955,1.00,4.00
2010.02.23 03:10:57.712,0.9094,0.9095,3.20,2.40
2010.02.23 03:10:57.913,0.9094,0.9095,2.40,4.00
2010.02.23 03:10:58.131,0.90935,0.90945,6.00,1.00
2010.02.23 03:10:58.338,0.90935,0.90945,4.00,1.00
2010.02.23 03:10:58.712,0.9094,0.90945,1.60,1.00
2010.02.23 03:10:59.017,0.9094,0.9095,2.40,2.40
2010.02.23 03:10:59.897,0.9094,0.90945,1.60,4.80
2010.02.23 03:11:00.550,0.9094,0.9095,1.00,12.00
2010.02.23 03:11:00.915,0.90945,0.90955,1.00,3.20
2010.02.23 03:11:01.921,0.90945,0.90955,4.00,3.20
2010.02.23 03:11:02.054,0.9095,0.90955,1.00,3.20
2010.02.23 03:11:02.192,0.9095,0.9096,1.00,4.00
2010.02.23 03:11:02.319,0.9095,0.9096,1.00,3.20
2010.02.23 03:11:02.686,0.9095,0.9096,1.00,4.00
2010.02.23 03:11:03.656,0.9095,0.9096,1.00,4.80
2010.02.23 03:11:04.258,0.90945,0.9095,1.60,1.00
2010.02.23 03:11:05.313,0.9094,0.9095,4.00,1.00
2010.02.23 03:11:05.695,0.9095,0.90955,1.00,7.60
2010.02.23 03:11:05.897,0.9095,0.90955,1.00,3.20
2010.02.23 03:11:07.245,0.9095,0.9096,1.00,4.00
2010.02.23 03:11:08.837,0.90945,0.9095,3.20,1.00
2010.02.23 03:11:09.372,0.90945,0.9095,1.60,1.00
2010.02.23 03:11:11.060,0.9094,0.90945,1.70,1.00
2010.02.23 03:11:11.377,0.9094,0.90945,1.60,1.20
2010.02.23 03:11:11.688,0.9094,0.9095,2.40,2.80
2010.02.23 03:11:12.295,0.9094,0.9095,2.40,1.00
2010.02.23 03:11:12.557,0.9094,0.9095,4.00,1.00
2010.02.23 03:11:21.381,0.90945,0.90955,4.00,2.40
2010.02.23 03:11:24.549,0.90945,0.90955,1.60,10.10
2010.02.23 03:11:26.544,0.9095,0.90965,1.00,17.00
2010.02.23 03:11:26.722,0.90955,0.90965,1.00,9.40
2010.02.23 03:11:26.898,0.90955,0.90965,1.00,4.10
2010.02.23 03:11:27.083,0.90955,0.9097,1.00,13.40
2010.02.23 03:11:28.055,0.90955,0.90965,4.00,4.00
2010.02.23 03:11:29.397,0.90955,0.90965,1.00,4.00
2010.02.23 03:11:31.612,0.90955,0.90965,1.00,4.00
2010.02.23 03:11:32.366,0.9096,0.90965,1.00,3.20
2010.02.23 03:11:34.557,0.90955,0.9097,4.00,12.40
2010.02.23 03:11:34.707,0.90955,0.9097,3.90,12.50
2010.02.23 03:11:35.346,0.90955,0.9097,3.90,11.90
2010.02.23 03:11:37.504,0.9096,0.90965,1.00,3.40
2010.02.23 03:11:41.458,0.9096,0.9097,1.00,4.20
2010.02.23 03:11:41.600,0.90955,0.90965,8.40,4.20
2010.02.23 03:11:41.743,0.90955,0.90965,4.00,4.20
2010.02.23 03:11:48.654,0.90955,0.90965,4.00,3.40
2010.02.23 03:11:48.900,0.9096,0.90965,1.00,3.20
2010.02.23 03:11:49.296,0.9096,0.9097,1.00,3.20
2010.02.23 03:11:49.453,0.9096,0.90975,1.00,13.70
2010.02.23 03:11:53.384,0.9096,0.9097,2.40,3.20
2010.02.23 03:11:53.726,0.90965,0.90975,2.40,3.20
2010.02.23 03:12:01.893,0.90965,0.90975,1.60,9.60
2010.02.23 03:12:02.041,0.90965,0.90975,1.60,11.20
2010.02.23 03:12:02.175,0.90965,0.90975,1.60,11.30
2010.02.23 03:12:19.160,0.9096,0.90975,8.00,7.20
2010.02.23 03:12:19.313,0.90965,0.9098,1.00,19.30
2010.02.23 03:12:21.877,0.9096,0.9098,4.00,21.00
2010.02.23 03:12:22.342,0.9096,0.90975,4.00,11.30
2010.02.23 03:12:22.652,0.9096,0.90975,4.00,9.70
2010.02.23 03:12:23.044,0.9096,0.90975,8.00,5.70
2010.02.23 03:12:23.373,0.90965,0.90975,1.00,3.30
2010.02.23 03:12:24.807,0.9097,0.90975,1.00,1.60
2010.02.23 03:12:25.148,0.9097,0.9098,1.00,3.30
2010.02.23 03:12:26.118,0.90965,0.90975,2.40,3.30
2010.02.23 03:12:28.462,0.90965,0.90975,2.40,3.20
2010.02.23 03:12:28.583,0.90965,0.90975,1.60,9.60
2010.02.23 03:12:28.707,0.9096,0.90975,4.40,9.70
2010.02.23 03:12:29.062,0.9096,0.90975,4.00,11.30
2010.02.23 03:12:29.533,0.9096,0.90975,4.00,9.70
2010.02.23 03:12:29.766,0.9097,0.9098,1.00,8.50
2010.02.23 03:12:29.994,0.9097,0.9098,1.00,3.30
2010.02.23 03:12:32.900,0.90965,0.90975,1.00,4.30
2010.02.23 03:12:33.096,0.9096,0.9097,6.40,3.20
2010.02.23 03:12:33.454,0.9096,0.9097,2.40,3.20
2010.02.23 03:12:38.699,0.90965,0.9097,1.00,3.20
2010.02.23 03:12:39.184,0.90965,0.90975,1.00,3.60
2010.02.23 03:12:39.735,0.90965,0.90975,1.00,3.30
2010.02.23 03:12:41.677,0.90965,0.90975,1.00,3.20
2010.02.23 03:12:42.231,0.9096,0.90975,8.40,5.70
2010.02.23 03:12:42.428,0.9096,0.90975,4.00,9.70
2010.02.23 03:12:42.886,0.9096,0.90975,4.00,11.30
2010.02.23 03:12:49.061,0.9096,0.90975,4.00,12.10
2010.02.23 03:12:49.252,0.9096,0.9097,2.40,3.20
2010.02.23 03:12:49.444,0.9096,0.9097,2.40,4.00
2010.02.23 03:12:55.027,0.9096,0.9097,6.40,4.00
2010.02.23 03:12:55.306,0.90965,0.90975,1.00,4.00
2010.02.23 03:13:11.322,0.9096,0.9097,4.40,1.00
2010.02.23 03:13:11.564,0.9096,0.9097,4.00,1.00
2010.02.23 03:13:13.458,0.9096,0.9097,8.00,1.00
2010.02.23 03:13:13.605,0.90965,0.90975,1.00,4.00
2010.02.23 03:13:16.343,0.9096,0.9097,4.40,1.00
2010.02.23 03:13:17.034,0.9096,0.9097,2.40,4.00
2010.02.23 03:13:18.404,0.90965,0.9097,1.00,3.20
2010.02.23 03:13:18.554,0.9096,0.9097,2.40,4.00
2010.02.23 03:13:28.034,0.90965,0.9097,1.00,3.20
2010.02.23 03:13:28.262,0.9097,0.90975,1.00,8.00
2010.02.23 03:13:28.622,0.90965,0.90975,1.00,10.40
2010.02.23 03:13:29.342,0.90965,0.90975,1.00,12.00
2010.02.23 03:13:31.223,0.90965,0.90975,1.00,12.10
2010.02.23 03:13:31.346,0.9096,0.9097,8.00,1.00
2010.02.23 03:13:31.479,0.9096,0.9097,4.00,1.00
2010.02.23 03:13:32.883,0.9096,0.9097,4.00,2.40
2010.02.23 03:13:50.797,0.90965,0.9097,1.00,1.60
2010.02.23 03:13:52.993,0.90965,0.90975,1.00,12.00
2010.02.23 03:13:59.114,0.9097,0.90975,1.00,11.20
2010.02.23 03:13:59.269,0.9097,0.90975,1.00,3.20
2010.02.23 03:13:59.417,0.9097,0.90975,1.00,1.60
2010.02.23 03:14:09.515,0.90965,0.90975,10.80,2.40
2010.02.23 03:14:09.804,0.90965,0.90975,2.40,12.00
2010.02.23 03:14:12.078,0.90965,0.90975,2.40,10.40
2010.02.23 03:14:12.374,0.9097,0.90975,1.00,1.60
2010.02.23 03:14:17.939,0.90965,0.9097,5.60,1.00
2010.02.23 03:14:18.431,0.90965,0.9097,1.60,1.00
2010.02.23 03:14:18.588,0.9096,0.9097,4.00,1.00
2010.02.23 03:14:19.026,0.90965,0.90975,1.00,16.50
2010.02.23 03:14:19.259,0.90965,0.90975,1.00,12.10
2010.02.23 03:14:22.741,0.9096,0.9097,4.40,2.40
2010.02.23 03:14:23.073,0.9096,0.9097,4.00,2.40
2010.02.23 03:14:26.781,0.9096,0.9097,2.40,2.40
2010.02.23 03:14:34.101,0.9096,0.9097,2.40,4.00
2010.02.23 03:14:34.248,0.9096,0.9097,1.00,4.00
2010.02.23 03:14:44.083,0.90955,0.9096,11.20,1.00
2010.02.23 03:14:44.260,0.9095,0.9096,8.00,1.00
2010.02.23 03:14:48.412,0.9095,0.9096,4.00,1.00
2010.02.23 03:14:48.696,0.9096,0.90965,1.00,11.70
2010.02.23 03:14:48.843,0.9096,0.90965,1.00,9.60
2010.02.23 03:14:48.992,0.9096,0.9097,1.00,4.00
2010.02.23 03:14:49.143,0.9096,0.9097,2.40,4.00
2010.02.23 03:14:53.653,0.9096,0.90965,1.60,1.00
2010.02.23 03:14:54.449,0.90955,0.90965,4.00,1.00
2010.02.23 03:14:58.532,0.90955,0.90965,4.00,4.00
2010.02.23 03:14:58.835,0.9096,0.90965,1.00,3.20
2010.02.23 03:15:10.868,0.9096,0.90965,1.00,3.20
2010.02.23 03:15:12.428,0.90955,0.90965,16.40,4.00
2010.02.23 03:15:12.563,0.90955,0.90965,12.30,4.00
2010.02.23 03:15:12.927,0.90955,0.90965,7.90,4.00
2010.02.23 03:15:13.070,0.90955,0.90965,3.90,4.00
2010.02.23 03:15:13.480,0.90955,0.9096,3.20,1.00
2010.02.23 03:15:14.932,0.90955,0.90965,1.00,12.00
2010.02.23 03:15:15.416,0.90955,0.90965,1.00,4.00
2010.02.23 03:15:20.784,0.90955,0.90965,1.00,4.00
2010.02.23 03:15:22.655,0.90955,0.90965,4.00,2.40
2010.02.23 03:15:25.114,0.90955,0.90965,4.10,2.40
2010.02.23 03:15:25.354,0.9096,0.90965,1.00,1.60
2010.02.23 03:15:31.104,0.90955,0.9096,11.70,1.00
2010.02.23 03:15:31.336,0.90955,0.9096,3.20,1.00
2010.02.23 03:15:34.179,0.90955,0.90965,4.00,12.40
2010.02.23 03:15:34.335,0.90955,0.90965,4.00,2.40
2010.02.23 03:15:39.112,0.90955,0.90965,4.00,6.50
2010.02.23 03:15:39.310,0.90955,0.9096,1.60,1.00
2010.02.23 03:15:40.827,0.90955,0.90965,4.00,10.80
2010.02.23 03:15:41.046,0.90955,0.90965,4.00,6.40
2010.02.23 03:15:41.562,0.90955,0.90965,4.00,2.40
2010.02.23 03:15:41.934,0.90955,0.9096,3.20,1.00
2010.02.23 03:15:45.420,0.90955,0.9096,1.60,1.00
2010.02.23 03:15:45.681,0.9095,0.9096,12.10,1.00
2010.02.23 03:15:46.458,0.9095,0.9096,8.10,1.00
2010.02.23 03:15:47.899,0.9096,0.90965,1.00,11.20
2010.02.23 03:15:48.517,0.9096,0.9097,1.00,4.00
2010.02.23 03:15:50.025,0.90955,0.90965,12.50,1.00
2010.02.23 03:15:50.384,0.9096,0.90965,1.60,1.00
2010.02.23 03:15:59.397,0.9096,0.9097,1.60,16.40
2010.02.23 03:15:59.642,0.9096,0.9097,1.60,4.00
2010.02.23 03:16:01.913,0.9096,0.9097,1.60,8.00
2010.02.23 03:16:02.060,0.9096,0.90965,1.60,1.00
2010.02.23 03:16:04.392,0.90955,0.90965,3.20,1.00
2010.02.23 03:16:05.979,0.90955,0.9096,3.20,1.00
2010.02.23 03:16:15.912,0.90955,0.9096,3.20,1.10
2010.02.23 03:16:16.197,0.9095,0.9096,7.20,1.10
2010.02.23 03:16:21.712,0.9095,0.9096,3.20,1.10
2010.02.23 03:16:22.741,0.9095,0.9096,1.60,4.30
2010.02.23 03:16:22.962,0.9095,0.9096,1.60,12.30
2010.02.23 03:16:23.971,0.9095,0.90955,1.60,8.10
2010.02.23 03:16:24.162,0.9095,0.90955,1.60,1.00
2010.02.23 03:16:24.340,0.9095,0.90955,2.40,8.10
2010.02.23 03:16:24.513,0.9095,0.90955,2.40,4.10
2010.02.23 03:16:25.055,0.90945,0.9095,8.00,1.00
2010.02.23 03:16:25.412,0.90945,0.9095,3.20,1.00
2010.02.23 03:16:25.772,0.9095,0.90955,1.00,1.00
2010.02.23 03:16:26.128,0.90945,0.90955,19.60,1.00
2010.02.23 03:16:26.635,0.90945,0.90955,19.20,1.00
2010.02.23 03:16:27.392,0.9095,0.90955,1.60,1.00
2010.02.23 03:16:28.045,0.9095,0.90955,5.60,1.00
2010.02.23 03:16:32.254,0.9095,0.90955,1.60,1.00
2010.02.23 03:16:34.688,0.90945,0.90955,19.60,1.00
2010.02.23 03:16:45.918,0.90945,0.9096,19.60,4.10
2010.02.23 03:16:48.335,0.90945,0.9096,20.00,4.10
2010.02.23 03:16:48.686,0.90945,0.9096,20.40,4.10
2010.02.23 03:16:49.036,0.9095,0.9096,1.60,4.10
2010.02.23 03:16:49.576,0.9095,0.9096,1.90,4.10
2010.02.23 03:16:53.285,0.90955,0.9096,1.00,1.00
2010.02.23 03:16:54.846,0.90955,0.90965,1.00,4.10
2010.02.23 03:16:57.332,0.9095,0.9096,14.70,1.00
2010.02.23 03:16:57.691,0.9095,0.9096,8.30,1.00
2010.02.23 03:16:58.049,0.9095,0.9096,12.40,1.00
2010.02.23 03:16:58.417,0.9095,0.9096,8.40,1.00
2010.02.23 03:16:58.703,0.9095,0.9096,2.70,4.00
2010.02.23 03:17:00.035,0.9095,0.9096,2.70,2.40
2010.02.23 03:17:01.154,0.9095,0.9096,2.70,3.20
2010.02.23 03:17:02.912,0.9095,0.9096,6.70,3.20
2010.02.23 03:17:03.231,0.9095,0.9096,6.70,4.00
2010.02.23 03:17:03.753,0.9095,0.9096,8.30,2.40
2010.02.23 03:17:04.263,0.9095,0.9096,8.30,1.00
2010.02.23 03:17:07.788,0.90955,0.90965,1.00,16.50
2010.02.23 03:17:07.914,0.90955,0.90965,1.00,8.40
2010.02.23 03:17:08.044,0.90955,0.90965,2.40,4.40
2010.02.23 03:17:08.293,0.90955,0.90965,2.40,4.00
2010.02.23 03:17:11.311,0.90955,0.90965,7.10,4.00
2010.02.23 03:17:15.362,0.9096,0.90965,1.00,3.20
2010.02.23 03:17:15.520,0.9096,0.9097,1.00,12.00
2010.02.23 03:17:16.002,0.9096,0.9097,1.00,4.00
2010.02.23 03:17:17.972,0.9096,0.9097,2.40,4.00
2010.02.23 03:17:21.988,0.9096,0.9097,2.40,3.20
2010.02.23 03:17:24.395,0.9096,0.9097,2.40,4.00
2010.02.23 03:17:25.799,0.9096,0.90965,1.60,1.00
2010.02.23 03:17:26.042,0.90955,0.90965,9.00,2.40
2010.02.23 03:17:26.369,0.90955,0.90965,13.00,2.40
2010.02.23 03:17:26.899,0.9096,0.90965,1.00,1.60
2010.02.23 03:17:29.629,0.90955,0.90965,9.40,2.50
2010.02.23 03:17:29.818,0.90955,0.90965,5.00,2.50
2010.02.23 03:17:29.995,0.90955,0.90965,9.00,2.50
2010.02.23 03:17:30.359,0.9096,0.90965,1.00,1.60
2010.02.23 03:17:32.611,0.9096,0.90965,4.80,1.60
2010.02.23 03:17:33.303,0.9096,0.90965,1.00,1.60
2010.02.23 03:17:33.848,0.9096,0.90965,4.80,1.60
2010.02.23 03:17:34.097,0.9096,0.90965,1.00,1.60
2010.02.23 03:17:35.533,0.9096,0.90965,1.00,1.60
2010.02.23 03:17:35.713,0.9096,0.90965,1.00,1.60
2010.02.23 03:17:41.584,0.90955,0.90965,13.20,2.40
2010.02.23 03:17:41.942,0.9096,0.90965,1.00,3.20
2010.02.23 03:17:45.512,0.90955,0.90965,17.60,4.00
2010.02.23 03:17:45.713,0.90955,0.90965,10.90,4.00
2010.02.23 03:17:45.914,0.90955,0.90965,2.40,4.00
2010.02.23 03:17:59.523,0.9095,0.9096,12.00,1.00
2010.02.23 03:17:59.646,0.9095,0.9096,4.00,1.00
2010.02.23 03:18:00.657,0.90955,0.90965,1.00,4.00
2010.02.23 03:18:08.199,0.90955,0.90965,1.00,4.10
2010.02.23 03:18:08.714,0.90955,0.90965,1.00,8.10
2010.02.23 03:18:09.057,0.90955,0.9096,1.00,1.00
2010.02.23 03:18:10.163,0.9095,0.9096,12.00,1.00
2010.02.23 03:18:10.523,0.9095,0.9096,2.40,4.10
2010.02.23 03:18:11.649,0.9095,0.9096,2.40,4.00
2010.02.23 03:18:13.583,0.9095,0.9096,2.40,4.00
2010.02.23 03:18:13.875,0.9095,0.90965,2.40,21.40
2010.02.23 03:18:18.288,0.9095,0.9096,2.40,4.00
2010.02.23 03:18:31.397,0.9095,0.9096,2.50,4.00
2010.02.23 03:18:31.573,0.9095,0.9096,2.40,4.00
2010.02.23 03:18:31.938,0.9095,0.9096,7.20,3.20
2010.02.23 03:18:32.125,0.90955,0.90965,1.60,8.40
2010.02.23 03:18:32.304,0.90955,0.90965,1.20,4.40
2010.02.23 03:18:32.556,0.90955,0.90965,1.20,4.00
2010.02.23 03:18:33.235,0.90955,0.90965,2.40,4.00
2010.02.23 03:18:33.486,0.90955,0.90965,1.60,4.00
2010.02.23 03:18:33.694,0.90955,0.90965,1.20,4.00
2010.02.23 03:18:33.910,0.9095,0.9096,4.80,1.00
2010.02.23 03:18:34.125,0.9095,0.9096,4.00,1.00
2010.02.23 03:18:36.361,0.90955,0.9096,1.00,1.00
2010.02.23 03:18:36.661,0.9096,0.90965,1.00,3.20
2010.02.23 03:18:36.960,0.9096,0.90965,1.00,1.60
2010.02.23 03:18:48.369,0.9096,0.9097,2.40,4.00
2010.02.23 03:18:49.275,0.9096,0.9097,8.00,2.40
2010.02.23 03:18:49.602,0.90965,0.90975,1.00,12.00
2010.02.23 03:18:50.090,0.90965,0.90975,1.00,8.00
2010.02.23 03:18:51.676,0.9097,0.9098,1.00,12.10
2010.02.23 03:18:52.424,0.9097,0.9098,4.00,10.50
2010.02.23 03:18:53.610,0.9097,0.9098,4.00,6.40
2010.02.23 03:18:53.789,0.9097,0.9098,4.00,2.40
2010.02.23 03:19:07.609,0.9097,0.9098,3.20,2.40
2010.02.23 03:19:15.610,0.90965,0.9098,19.70,4.00
2010.02.23 03:19:26.587,0.9098,0.90985,1.20,11.20
2010.02.23 03:19:26.740,0.90975,0.9099,1.00,22.10
2010.02.23 03:19:26.888,0.90975,0.90985,2.40,2.40
2010.02.23 03:19:27.381,0.90975,0.90985,4.00,2.40
2010.02.23 03:19:32.004,0.90975,0.90985,4.00,6.40
2010.02.23 03:19:32.359,0.90975,0.9098,3.20,1.00
2010.02.23 03:19:32.701,0.9097,0.9098,4.00,1.00
2010.02.23 03:19:40.354,0.90975,0.90985,1.00,4.00
2010.02.23 03:19:41.328,0.9097,0.9098,10.80,2.40
2010.02.23 03:19:41.744,0.9097,0.9098,9.20,4.00
2010.02.23 03:19:42.112,0.9097,0.90975,1.00,1.60
2010.02.23 03:19:46.386,0.9097,0.9098,2.40,12.10
2010.02.23 03:19:46.852,0.9097,0.9098,1.00,12.10
2010.02.23 03:19:47.467,0.9097,0.90975,1.00,1.60
2010.02.23 03:19:50.657,0.9097,0.9098,2.40,8.10
2010.02.23 03:19:50.932,0.9097,0.9098,1.00,8.10
2010.02.23 03:19:53.163,0.9097,0.9098,1.00,4.00
2010.02.23 03:20:00.074,0.9097,0.9098,2.40,4.00
2010.02.23 03:20:01.204,0.9097,0.9098,2.40,8.00
2010.02.23 03:20:02.257,0.90975,0.9098,1.60,4.80
2010.02.23 03:20:02.543,0.9097,0.9098,2.40,4.00
2010.02.23 03:20:03.059,0.9097,0.9098,2.40,8.00
2010.02.23 03:20:06.027,0.90975,0.9098,1.00,7.20
2010.02.23 03:20:06.280,0.90975,0.9098,1.00,5.60
2010.02.23 03:20:06.814,0.90975,0.90985,1.90,12.10
2010.02.23 03:20:07.158,0.90975,0.90985,1.70,12.10
2010.02.23 03:20:08.350,0.90975,0.90985,1.00,12.10
2010.02.23 03:20:13.085,0.9097,0.9098,8.00,1.00
2010.02.23 03:20:13.207,0.9097,0.9098,4.00,1.00
2010.02.23 03:20:24.563,0.9097,0.9098,2.40,4.00
2010.02.23 03:20:29.241,0.9097,0.9098,2.40,8.00
2010.02.23 03:20:29.482,0.9097,0.9098,2.40,4.00
2010.02.23 03:20:30.884,0.9097,0.9098,2.40,8.00
2010.02.23 03:20:31.594,0.9097,0.9098,2.40,4.00
2010.02.23 03:20:38.197,0.9097,0.9098,3.20,4.00
2010.02.23 03:20:38.750,0.9097,0.9098,3.20,4.00
2010.02.23 03:20:39.268,0.9097,0.9098,3.20,12.00
2010.02.23 03:20:39.424,0.9097,0.9098,3.20,12.10
2010.02.23 03:20:43.088,0.9097,0.9098,3.20,8.10
2010.02.23 03:20:43.318,0.9097,0.9098,2.80,8.10
2010.02.23 03:20:45.325,0.9097,0.9098,2.80,8.00
2010.02.23 03:20:46.484,0.9097,0.9098,2.80,8.10
2010.02.23 03:20:47.838,0.9097,0.9098,2.80,8.00
2010.02.23 03:20:48.049,0.9097,0.9098,2.80,8.10
2010.02.23 03:20:48.705,0.9097,0.90985,3.80,21.00
2010.02.23 03:20:48.916,0.9097,0.9098,3.80,8.00
2010.02.23 03:20:49.128,0.9097,0.9098,3.80,8.00
2010.02.23 03:20:49.338,0.9097,0.9098,3.80,12.10
2010.02.23 03:20:50.747,0.9097,0.9098,3.80,12.00
2010.02.23 03:20:51.369,0.9097,0.9098,3.80,4.00
2010.02.23 03:20:54.593,0.9097,0.9098,3.80,4.10
2010.02.23 03:20:54.847,0.9097,0.9098,3.80,8.10
2010.02.23 03:20:55.706,0.9097,0.9098,3.80,12.10
2010.02.23 03:20:58.316,0.9097,0.9098,2.20,12.10
2010.02.23 03:21:01.068,0.9097,0.9098,1.70,12.10
2010.02.23 03:21:02.385,0.9097,0.90975,1.70,4.00
2010.02.23 03:21:02.642,0.90965,0.9097,6.20,1.00
2010.02.23 03:21:03.116,0.9097,0.90975,1.00,5.70
2010.02.23 03:21:03.179,0.90965,0.9097,1.60,1.00
2010.02.23 03:21:04.807,0.90965,0.9097,3.20,1.00
2010.02.23 03:21:06.212,0.9097,0.90975,1.00,13.60
2010.02.23 03:21:06.454,0.90965,0.9097,3.21,1.00
2010.02.23 03:21:14.036,0.90965,0.9097,3.20,1.00
2010.02.23 03:21:14.393,0.9096,0.9097,8.00,4.70
2010.02.23 03:21:15.078,0.9096,0.90965,1.60,1.00
2010.02.23 03:21:16.393,0.9096,0.90965,1.60,1.00
2010.02.23 03:21:18.269,0.9096,0.9097,2.40,12.50
2010.02.23 03:21:18.362,0.9096,0.9097,2.40,4.10
2010.02.23 03:21:18.453,0.90965,0.9097,1.00,1.70
2010.02.23 03:21:19.154,0.90965,0.9097,1.00,1.60
2010.02.23 03:21:23.049,0.90965,0.90975,2.40,10.50
2010.02.23 03:21:23.119,0.90965,0.90975,4.00,8.90
2010.02.23 03:21:23.509,0.90965,0.90975,2.40,10.50
2010.02.23 03:21:23.580,0.90965,0.90975,1.00,12.10
2010.02.23 03:21:25.622,0.9096,0.9097,4.00,1.00
2010.02.23 03:21:38.328,0.9096,0.90965,3.20,1.00
2010.02.23 03:21:38.772,0.9096,0.90965,1.60,1.00
2010.02.23 03:21:52.886,0.90955,0.90965,4.00,1.00
2010.02.23 03:21:59.056,0.9095,0.9096,12.40,4.80
2010.02.23 03:21:59.246,0.9095,0.9096,1.00,18.00
2010.02.23 03:21:59.695,0.9095,0.9096,1.00,14.80
2010.02.23 03:21:59.849,0.90945,0.90955,4.00,1.00
2010.02.23 03:22:00.497,0.9095,0.9096,1.00,4.00
2010.02.23 03:22:00.639,0.90945,0.90955,12.00,1.00
2010.02.23 03:22:00.784,0.90945,0.90955,4.00,1.00
2010.02.23 03:22:02.119,0.90945,0.9095,1.60,1.00
2010.02.23 03:22:04.190,0.90945,0.9095,1.70,1.00
2010.02.23 03:22:04.556,0.9095,0.9096,1.00,8.80
2010.02.23 03:22:04.907,0.9095,0.9096,2.40,4.00
2010.02.23 03:22:21.173,0.9095,0.9096,1.00,4.00
2010.02.23 03:22:21.698,0.9095,0.9096,1.00,8.00
2010.02.23 03:22:22.046,0.9095,0.9096,2.40,8.00
2010.02.23 03:22:22.398,0.9095,0.9096,2.40,4.00
2010.02.23 03:22:28.689,0.9095,0.9096,4.00,4.00
2010.02.23 03:22:31.805,0.9095,0.9096,4.00,1.00
2010.02.23 03:22:46.575,0.90955,0.90965,1.00,12.00
2010.02.23 03:22:46.743,0.90955,0.90965,2.40,8.00
2010.02.23 03:22:51.402,0.9096,0.90965,1.00,7.20
2010.02.23 03:22:52.020,0.9096,0.90965,1.00,1.60
2010.02.23 03:22:52.560,0.9096,0.9097,1.00,12.00
2010.02.23 03:22:54.467,0.90955,0.9096,9.60,1.00
2010.02.23 03:22:54.657,0.90955,0.90965,2.40,10.80
2010.02.23 03:22:54.841,0.90955,0.90965,2.40,10.40
2010.02.23 03:22:55.369,0.90955,0.90965,2.40,6.40
2010.02.23 03:22:55.676,0.90955,0.90965,4.00,6.40
2010.02.23 03:22:56.292,0.90955,0.90965,4.00,2.40
2010.02.23 03:22:58.671,0.9096,0.90965,1.00,1.60
2010.02.23 03:22:59.087,0.9096,0.9097,1.00,4.00
2010.02.23 03:23:02.990,0.9096,0.90965,1.00,1.00
2010.02.23 03:23:03.160,0.90955,0.9096,10.00,1.00
2010.02.23 03:23:03.202,0.90955,0.9096,6.00,1.00
2010.02.23 03:23:03.256,0.90955,0.9096,1.60,1.00
2010.02.23 03:23:03.980,0.90955,0.90965,2.40,12.10
2010.02.23 03:23:04.020,0.90955,0.90965,2.40,12.00
2010.02.23 03:23:04.060,0.90955,0.90965,4.00,12.00
2010.02.23 03:23:04.167,0.90955,0.90965,4.00,8.00
2010.02.23 03:23:04.207,0.90955,0.90965,4.00,4.00
2010.02.23 03:23:14.883,0.90955,0.90965,4.00,1.00
2010.02.23 03:23:19.788,0.9096,0.9097,1.00,16.40
2010.02.23 03:23:19.911,0.9096,0.9097,1.00,12.40
2010.02.23 03:23:20.043,0.9096,0.9097,1.00,12.00
2010.02.23 03:23:20.175,0.9096,0.9097,1.00,4.00
2010.02.23 03:23:22.608,0.9096,0.9097,1.00,4.10
2010.02.23 03:23:22.777,0.90955,0.90965,17.60,1.00
2010.02.23 03:23:22.857,0.90955,0.90965,8.00,1.00
2010.02.23 03:23:22.938,0.90955,0.90965,4.00,1.00
2010.02.23 03:23:23.277,0.90955,0.90965,8.10,1.00
2010.02.23 03:23:23.361,0.90955,0.9097,11.70,12.00
2010.02.23 03:23:23.724,0.9096,0.9097,1.00,8.00
2010.02.23 03:23:23.810,0.9096,0.9097,1.00,4.00
2010.02.23 03:23:27.963,0.90955,0.9096,15.70,1.00
2010.02.23 03:23:28.066,0.90955,0.90965,8.00,9.30
2010.02.23 03:23:28.168,0.90955,0.90965,2.40,8.90
2010.02.23 03:23:28.264,0.90955,0.90965,2.40,12.90
2010.02.23 03:23:28.364,0.90955,0.90965,2.40,8.80
2010.02.23 03:23:28.465,0.90955,0.90965,6.40,4.80
2010.02.23 03:23:28.911,0.9096,0.9097,1.00,12.00
2010.02.23 03:23:29.010,0.9096,0.9097,1.00,4.00
2010.02.23 03:23:30.415,0.9096,0.9097,2.40,4.00
2010.02.23 03:23:31.455,0.9096,0.9097,1.00,4.00
2010.02.23 03:23:34.819,0.9096,0.9097,2.40,4.00
2010.02.23 03:23:35.532,0.9096,0.9097,1.00,4.00
2010.02.23 03:23:39.777,0.90955,0.90965,10.00,1.00
2010.02.23 03:23:39.965,0.90955,0.90965,4.00,1.00
2010.02.23 03:23:42.002,0.90955,0.90965,4.00,2.40
2010.02.23 03:23:43.046,0.90955,0.90965,4.00,6.40
2010.02.23 03:23:47.564,0.90955,0.90965,4.00,2.40
2010.02.23 03:23:47.734,0.90955,0.90965,4.00,6.40
2010.02.23 03:23:48.325,0.90955,0.90965,4.00,2.40
2010.02.23 03:23:54.412,0.90955,0.90965,4.00,10.40
2010.02.23 03:23:54.935,0.90955,0.90965,4.00,6.40
2010.02.23 03:23:55.103,0.90955,0.90965,4.00,2.40
2010.02.23 03:23:55.865,0.90955,0.9096,3.20,1.00
2010.02.23 03:23:57.849,0.90955,0.90965,4.00,6.40
2010.02.23 03:23:57.892,0.90955,0.90965,4.00,2.40
2010.02.23 03:24:01.684,0.90955,0.90965,4.00,6.40
2010.02.23 03:24:01.991,0.90955,0.90965,4.00,2.40
2010.02.23 03:24:03.761,0.90955,0.9096,3.20,1.00
2010.02.23 03:24:05.754,0.90955,0.90965,4.00,6.50
2010.02.23 03:24:06.012,0.90955,0.90965,4.00,2.50
2010.02.23 03:24:07.051,0.9095,0.90965,21.60,2.50
2010.02.23 03:24:08.434,0.90955,0.9096,3.20,1.00
2010.02.23 03:24:08.721,0.90955,0.9096,3.20,4.80
2010.02.23 03:24:11.360,0.90955,0.9096,3.20,1.00
2010.02.23 03:24:12.689,0.90955,0.90965,4.00,14.50
2010.02.23 03:24:12.953,0.90955,0.90965,8.00,2.40
2010.02.23 03:24:17.552,0.90955,0.90965,12.00,2.40
2010.02.23 03:24:18.236,0.90955,0.90965,4.00,2.40
2010.02.23 03:24:18.328,0.90955,0.90965,8.00,2.40
2010.02.23 03:24:20.018,0.90955,0.90965,8.00,1.00
2010.02.23 03:24:21.838,0.90955,0.90965,12.00,1.00
2010.02.23 03:24:26.945,0.9096,0.9097,2.40,4.10
2010.02.23 03:24:27.234,0.9096,0.9097,4.00,1.00
2010.02.23 03:24:30.919,0.9096,0.9097,4.00,1.00
2010.02.23 03:24:36.413,0.90965,0.9097,1.00,1.00
2010.02.23 03:24:36.725,0.90955,0.90965,4.00,1.00
2010.02.23 03:24:38.124,0.90955,0.90965,4.10,1.00
2010.02.23 03:24:38.688,0.90955,0.90965,12.10,1.00
2010.02.23 03:24:38.734,0.90955,0.90965,4.10,1.00
2010.02.23 03:24:43.203,0.90955,0.90965,4.00,1.00
2010.02.23 03:24:44.511,0.90955,0.90965,4.10,1.00
2010.02.23 03:24:48.012,0.9096,0.90965,1.60,1.00
2010.02.23 03:25:01.440,0.9096,0.9097,2.40,12.00
2010.02.23 03:25:01.988,0.9096,0.9097,2.40,4.00
2010.02.23 03:25:06.376,0.9096,0.9097,5.60,3.20
2010.02.23 03:25:06.525,0.90965,0.90975,1.00,12.80
2010.02.23 03:25:07.551,0.90965,0.90975,4.80,8.00
2010.02.23 03:25:07.904,0.90965,0.90975,12.00,4.00
2010.02.23 03:25:09.660,0.90965,0.90975,8.00,4.00
2010.02.23 03:25:11.117,0.90965,0.9097,7.20,1.00
2010.02.23 03:25:11.309,0.90965,0.9097,3.20,1.00
2010.02.23 03:25:19.408,0.90965,0.9097,1.60,1.00
2010.02.23 03:25:19.616,0.90965,0.9097,1.60,8.00
2010.02.23 03:25:19.827,0.9096,0.90965,1.60,1.00
2010.02.23 03:25:22.719,0.9096,0.9097,2.40,4.00
2010.02.23 03:25:30.442,0.9096,0.90965,1.60,1.00
2010.02.23 03:25:35.078,0.90955,0.9096,3.20,1.00
2010.02.23 03:25:35.210,0.9096,0.90965,1.60,1.00
2010.02.23 03:25:35.685,0.9096,0.90965,1.60,8.80
2010.02.23 03:25:35.821,0.9096,0.90965,1.60,1.00
2010.02.23 03:25:36.637,0.90955,0.9096,1.60,1.00
2010.02.23 03:25:37.204,0.90955,0.90965,4.00,12.00
2010.02.23 03:25:37.415,0.90955,0.90965,4.10,8.80
2010.02.23 03:25:37.620,0.90955,0.90965,4.10,1.00
2010.02.23 03:25:38.170,0.9096,0.90965,1.60,1.00
2010.02.23 03:25:38.755,0.9096,0.9097,2.40,12.00
2010.02.23 03:25:38.913,0.9096,0.9097,4.00,12.00
2010.02.23 03:25:38.993,0.9096,0.9097,4.00,8.00
2010.02.23 03:25:39.069,0.9096,0.9097,4.00,4.00
2010.02.23 03:25:48.625,0.9096,0.9097,4.00,1.00
2010.02.23 03:26:01.984,0.9096,0.9097,4.00,4.80
2010.02.23 03:26:02.149,0.9096,0.9097,4.00,1.00
2010.02.23 03:26:28.984,0.9096,0.9097,4.00,1.00
2010.02.23 03:26:29.670,0.9096,0.9097,4.00,1.00
2010.02.23 03:26:32.702,0.9096,0.9097,4.00,4.80
2010.02.23 03:26:43.623,0.90965,0.9097,1.00,4.00
2010.02.23 03:26:43.785,0.90965,0.90975,1.00,12.00
2010.02.23 03:26:44.593,0.9097,0.90975,5.60,4.80
2010.02.23 03:26:44.894,0.90975,0.90985,4.00,2.40
2010.02.23 03:26:47.616,0.90975,0.90985,8.00,2.40
2010.02.23 03:26:48.149,0.90975,0.90985,4.00,2.40
2010.02.23 03:26:48.339,0.90975,0.90985,8.00,2.40
2010.02.23 03:26:48.871,0.9098,0.9099,1.00,8.00
2010.02.23 03:26:49.136,0.9098,0.9099,1.00,4.00
2010.02.23 03:26:49.657,0.9098,0.9099,1.00,3.20
2010.02.23 03:26:51.647,0.9098,0.9099,1.80,3.20
2010.02.23 03:26:51.952,0.9098,0.9099,2.90,3.20
2010.02.23 03:26:52.661,0.9098,0.9099,4.50,3.20
2010.02.23 03:26:52.945,0.9098,0.9099,6.10,1.60
2010.02.23 03:27:24.833,0.9098,0.9099,6.10,5.60
2010.02.23 03:27:24.942,0.9098,0.9099,6.10,1.60
2010.02.23 03:27:42.649,0.9098,0.9099,6.10,5.60
2010.02.23 03:27:42.782,0.9098,0.90985,3.70,4.10
2010.02.23 03:27:42.909,0.9098,0.90985,2.90,8.10
2010.02.23 03:27:43.045,0.9098,0.9099,1.00,4.50
2010.02.23 03:27:43.417,0.9098,0.9099,1.00,4.40
2010.02.23 03:27:43.540,0.9098,0.9099,8.80,4.00
2010.02.23 03:27:44.190,0.90975,0.90985,12.00,1.00
2010.02.23 03:27:45.053,0.90975,0.90985,8.00,1.00
2010.02.23 03:27:45.493,0.90975,0.90985,12.00,1.00
2010.02.23 03:27:48.248,0.90975,0.90985,4.00,1.00
2010.02.23 03:27:51.128,0.90975,0.90985,4.40,1.00
2010.02.23 03:27:51.310,0.9098,0.9099,1.00,4.00
2010.02.23 03:27:56.401,0.9098,0.9099,6.40,1.00
2010.02.23 03:27:56.757,0.90985,0.90995,1.00,12.00
2010.02.23 03:28:02.026,0.90985,0.90995,1.00,4.00
2010.02.23 03:28:06.718,0.9099,0.90995,4.80,1.60
2010.02.23 03:28:08.124,0.90985,0.90995,21.30,1.60
2010.02.23 03:28:08.421,0.90985,0.91,21.30,4.00
2010.02.23 03:28:08.948,0.90985,0.91,21.60,4.00
2010.02.23 03:28:09.068,0.90985,0.91,23.20,2.40
2010.02.23 03:28:09.169,0.90985,0.91,22.80,2.40
2010.02.23 03:28:11.847,0.9099,0.91,8.40,2.40
2010.02.23 03:28:12.103,0.9099,0.91,11.60,1.60
2010.02.23 03:28:12.796,0.9099,0.91,11.60,1.70
2010.02.23 03:28:21.323,0.90995,0.91,1.20,1.00
2010.02.23 03:28:21.879,0.90985,0.91,23.30,1.00
2010.02.23 03:28:22.058,0.90985,0.91,22.90,1.00
2010.02.23 03:28:23.898,0.90985,0.91,22.50,1.00
2010.02.23 03:28:24.010,0.9099,0.91005,8.40,15.40
2010.02.23 03:28:24.118,0.90985,0.91,23.30,1.00
2010.02.23 03:28:24.229,0.90995,0.91005,4.00,11.30
2010.02.23 03:28:25.071,0.90995,0.9101,1.00,24.90
2010.02.23 03:28:32.140,0.90995,0.91,1.00,1.00
2010.02.23 03:28:37.157,0.90995,0.91005,1.00,12.50
2010.02.23 03:28:37.369,0.9099,0.91005,11.60,12.10
2010.02.23 03:28:40.994,0.9099,0.91,4.40,1.00
2010.02.23 03:28:41.238,0.9099,0.91,8.40,1.00
2010.02.23 03:28:41.676,0.90995,0.91005,1.00,12.10
2010.02.23 03:28:42.006,0.91,0.9101,1.00,12.10
2010.02.23 03:28:43.777,0.91,0.9101,8.00,2.40
2010.02.23 03:28:43.914,0.91,0.9101,8.00,2.50
2010.02.23 03:28:44.318,0.91,0.9101,6.40,2.50
2010.02.23 03:28:44.682,0.91,0.9101,2.40,12.10
2010.02.23 03:28:46.619,0.91005,0.9101,1.00,8.10
2010.02.23 03:28:46.887,0.91,0.9101,12.50,4.00
2010.02.23 03:28:47.270,0.91,0.9101,12.50,4.00
2010.02.23 03:28:47.568,0.91005,0.9102,16.00,12.40
2010.02.23 03:28:47.863,0.91005,0.9102,22.10,2.40
2010.02.23 03:28:48.160,0.91005,0.9102,22.10,1.00
2010.02.23 03:28:48.675,0.91005,0.9102,22.10,1.00
2010.02.23 03:28:51.958,0.9101,0.91015,3.20,1.00
2010.02.23 03:28:52.117,0.91005,0.91015,4.00,9.00
2010.02.23 03:28:52.470,0.9101,0.9102,1.60,18.10
2010.02.23 03:28:53.725,0.91005,0.9102,10.40,10.10
2010.02.23 03:28:55.077,0.9101,0.91015,1.20,1.00
2010.02.23 03:28:55.271,0.91005,0.91015,10.00,2.40
2010.02.23 03:28:55.428,0.91005,0.91015,2.00,2.40
2010.02.23 03:28:56.829,0.91005,0.91015,2.40,2.40
2010.02.23 03:28:57.167,0.91005,0.91015,4.00,4.10
2010.02.23 03:28:58.282,0.91005,0.91015,4.00,8.10
2010.02.23 03:28:58.669,0.91005,0.91015,4.00,12.10
2010.02.23 03:28:59.693,0.91005,0.91015,1.00,12.10
2010.02.23 03:29:00.370,0.91005,0.9101,1.00,1.00
2010.02.23 03:29:00.460,0.91005,0.91015,1.00,12.20
2010.02.23 03:29:01.938,0.91005,0.91015,1.00,12.10
2010.02.23 03:29:03.701,0.91,0.9101,7.70,4.90
2010.02.23 03:29:04.321,0.90995,0.91005,4.00,4.80
2010.02.23 03:29:04.510,0.90995,0.91005,4.00,1.00
2010.02.23 03:29:07.599,0.90995,0.91005,16.50,1.00
2010.02.23 03:29:07.734,0.90995,0.91005,18.10,1.00
2010.02.23 03:29:08.144,0.90995,0.91005,14.00,1.00
2010.02.23 03:29:08.222,0.91,0.9101,1.00,8.10
2010.02.23 03:29:11.110,0.91,0.91015,1.00,22.20
2010.02.23 03:29:11.300,0.90995,0.9101,8.00,15.80
2010.02.23 03:29:11.496,0.90995,0.9101,1.00,19.80
2010.02.23 03:29:12.781,0.9099,0.91005,8.00,19.70
2010.02.23 03:29:13.141,0.9099,0.91,4.00,1.00
2010.02.23 03:29:16.646,0.9099,0.91,5.60,1.00
2010.02.23 03:29:17.277,0.9099,0.91,4.00,1.00
2010.02.23 03:29:18.567,0.9099,0.91,2.40,2.40
2010.02.23 03:29:18.685,0.9099,0.91,2.40,4.00
2010.02.23 03:29:30.974,0.9099,0.91,2.40,2.40
2010.02.23 03:29:31.190,0.90995,0.91005,1.00,12.00
2010.02.23 03:29:31.390,0.90995,0.9101,1.00,20.50
2010.02.23 03:29:31.737,0.90995,0.9101,1.00,20.50
2010.02.23 03:29:36.864,0.90995,0.91005,1.00,8.00
2010.02.23 03:29:37.043,0.90995,0.9101,1.00,20.50
2010.02.23 03:29:43.491,0.90995,0.91005,1.00,8.00
2010.02.23 03:29:45.584,0.90995,0.9101,4.80,20.50
2010.02.23 03:29:45.820,0.90995,0.9101,1.00,20.50
2010.02.23 03:29:46.503,0.90995,0.9101,1.00,20.50
2010.02.23 03:29:48.400,0.90995,0.9101,1.00,20.50
2010.02.23 03:29:53.981,0.91,0.9101,1.00,8.90
2010.02.23 03:29:54.075,0.91,0.91015,1.00,22.20
2010.02.23 03:29:56.052,0.91,0.91015,1.00,22.20
2010.02.23 03:29:56.366,0.90995,0.9101,4.00,19.70
2010.02.23 03:29:56.824,0.90995,0.91005,3.20,11.60
2010.02.23 03:29:57.147,0.9099,0.91005,4.00,22.10
2010.02.23 03:29:57.478,0.90995,0.9101,1.00,23.40
2010.02.23 03:29:57.705,0.90995,0.9101,1.00,23.40
2010.02.23 03:29:57.933,0.9099,0.91,4.00,2.40
2010.02.23 03:29:58.829,0.9099,0.91,8.00,2.40
2010.02.23 03:30:05.242,0.90995,0.91,1.00,1.60
2010.02.23 03:30:15.115,0.91,0.91005,1.00,3.20
2010.02.23 03:30:15.673,0.91,0.9101,1.00,8.10
2010.02.23 03:30:16.036,0.90995,0.9101,1.00,19.70
2010.02.23 03:30:17.245,0.90995,0.9101,1.00,20.50
2010.02.23 03:30:22.831,0.90995,0.91,1.00,1.60
2010.02.23 03:30:24.050,0.90995,0.91005,4.80,12.00
2010.02.23 03:30:24.089,0.91,0.9101,1.00,13.20
2010.02.23 03:30:24.123,0.91,0.9101,1.00,12.80
2010.02.23 03:30:24.185,0.91,0.91005,1.00,9.60
2010.02.23 03:30:24.618,0.90995,0.91005,1.00,12.00
2010.02.23 03:30:36.374,0.9099,0.91,8.40,2.40
2010.02.23 03:30:36.673,0.9099,0.91,4.00,2.40
2010.02.23 03:30:36.971,0.9099,0.91,2.40,4.00
2010.02.23 03:30:48.633,0.9099,0.91,2.30,4.00
2010.02.23 03:30:51.407,0.9099,0.91,6.30,4.00
2010.02.23 03:30:51.755,0.9099,0.91,2.30,4.00
2010.02.23 03:30:53.595,0.9099,0.91,3.40,4.00
2010.02.23 03:30:58.811,0.9099,0.91,3.40,4.00
2010.02.23 03:31:06.352,0.9099,0.91,7.80,4.00
2010.02.23 03:31:06.569,0.90995,0.91,1.00,1.60
2010.02.23 03:31:25.254,0.9099,0.91,13.00,2.40
2010.02.23 03:31:28.755,0.9099,0.91,13.00,2.50
2010.02.23 03:31:29.509,0.9099,0.91,9.00,2.40
2010.02.23 03:31:29.766,0.90995,0.91,4.00,3.20
2010.02.23 03:31:30.290,0.90995,0.91005,12.40,2.50
2010.02.23 03:31:30.639,0.90995,0.9101,18.00,5.70
2010.02.23 03:31:32.783,0.90995,0.91005,18.10,2.40
2010.02.23 03:31:33.042,0.91,0.91005,4.00,2.40
2010.02.23 03:31:34.227,0.90995,0.91005,18.00,2.40
2010.02.23 03:31:40.204,0.90995,0.91005,18.00,1.60
2010.02.23 03:31:44.783,0.90995,0.91005,18.00,1.60
2010.02.23 03:31:45.116,0.90995,0.91005,14.00,1.60
2010.02.23 03:31:49.671,0.90995,0.91005,10.80,2.40
2010.02.23 03:31:49.708,0.90995,0.91005,9.20,2.40
2010.02.23 03:31:49.758,0.90995,0.91005,9.20,2.50
2010.02.23 03:31:49.833,0.90995,0.91005,8.80,2.50
2010.02.23 03:31:49.870,0.90995,0.91005,4.80,2.50
2010.02.23 03:31:50.580,0.90995,0.91005,1.00,12.10
2010.02.23 03:31:50.944,0.90995,0.91,1.00,1.00
2010.02.23 03:31:51.166,0.90995,0.91005,1.00,12.00
2010.02.23 03:31:51.943,0.90995,0.9101,1.00,20.60
2010.02.23 03:31:58.819,0.9099,0.91,9.40,1.00
2010.02.23 03:31:59.237,0.9099,0.91,9.40,4.00
2010.02.23 03:31:59.406,0.9099,0.91,2.40,4.00
2010.02.23 03:32:00.231,0.9099,0.91,2.40,4.00
2010.02.23 03:32:00.452,0.9099,0.91,2.40,4.10
2010.02.23 03:32:13.559,0.9099,0.91,1.00,4.10
2010.02.23 03:32:13.713,0.9099,0.90995,1.00,1.60
2010.02.23 03:32:42.601,0.9099,0.90995,1.00,5.60
2010.02.23 03:32:42.954,0.9099,0.90995,1.00,1.60
2010.02.23 03:32:56.577,0.90985,0.90995,13.40,2.40
2010.02.23 03:32:56.696,0.90985,0.90995,13.00,2.40
2010.02.23 03:32:57.096,0.90985,0.90995,5.00,2.40
2010.02.23 03:33:05.469,0.9099,0.90995,1.00,1.60
2010.02.23 03:33:06.805,0.90995,0.91,1.00,1.80
2010.02.23 03:33:07.241,0.90995,0.91,1.00,1.70
2010.02.23 03:33:07.424,0.90995,0.91,1.00,1.60
2010.02.23 03:33:19.314,0.90995,0.91,1.00,1.60
2010.02.23 03:33:19.551,0.90995,0.91005,4.80,2.40
2010.02.23 03:33:19.778,0.90995,0.91005,1.00,12.00
2010.02.23 03:33:36.040,0.9099,0.91,8.00,2.40
2010.02.23 03:33:36.278,0.9099,0.91,4.00,2.40
2010.02.23 03:33:36.523,0.9099,0.90995,1.60,1.00
2010.02.23 03:33:38.878,0.9099,0.90995,1.60,1.00
2010.02.23 03:33:39.044,0.9099,0.90995,1.60,1.00
2010.02.23 03:33:39.984,0.9099,0.91,2.40,4.10
2010.02.23 03:33:42.215,0.9099,0.91,2.40,8.10
2010.02.23 03:33:42.412,0.9099,0.90995,1.60,1.00
2010.02.23 03:33:42.794,0.90985,0.90995,5.00,1.00
2010.02.23 03:33:43.337,0.90985,0.90995,5.80,1.00
2010.02.23 03:33:43.525,0.90985,0.90995,6.20,1.00
2010.02.23 03:33:44.222,0.90985,0.9099,4.60,1.00
2010.02.23 03:33:44.498,0.90985,0.9099,2.60,1.00
2010.02.23 03:33:44.780,0.90985,0.9099,2.40,1.00
2010.02.23 03:33:46.970,0.90985,0.9099,1.00,1.00
2010.02.23 03:33:51.181,0.9098,0.9099,12.40,1.00
2010.02.23 03:33:51.526,0.9098,0.9099,4.00,1.00
2010.02.23 03:33:53.502,0.90985,0.9099,1.00,1.00
2010.02.23 03:34:08.120,0.9098,0.9099,12.00,1.00
2010.02.23 03:34:08.248,0.9098,0.9099,8.00,1.00
2010.02.23 03:34:08.377,0.9098,0.9099,4.00,1.00
2010.02.23 03:34:08.637,0.9098,0.9099,4.00,1.00
2010.02.23 03:34:10.740,0.9098,0.9099,4.00,8.10
2010.02.23 03:34:10.978,0.9098,0.90985,1.60,1.00
2010.02.23 03:34:11.216,0.90985,0.9099,1.00,11.20
2010.02.23 03:34:11.461,0.9098,0.9099,6.90,2.40
2010.02.23 03:34:12.015,0.9098,0.9099,2.40,2.40
2010.02.23 03:34:12.370,0.9098,0.90985,1.60,1.00
2010.02.23 03:34:15.616,0.9098,0.9099,2.40,14.40
2010.02.23 03:34:15.698,0.9098,0.9099,2.40,10.40
2010.02.23 03:34:16.057,0.9098,0.9099,6.40,2.40
2010.02.23 03:34:16.740,0.90975,0.9099,21.30,2.40
2010.02.23 03:34:20.109,0.9098,0.9099,10.10,1.60
2010.02.23 03:34:22.050,0.90985,0.90995,2.40,8.10
2010.02.23 03:34:24.701,0.90985,0.90995,2.40,8.00
2010.02.23 03:34:24.824,0.90985,0.90995,2.40,8.10
2010.02.23 03:34:25.448,0.90985,0.90995,2.40,4.00
2010.02.23 03:34:25.797,0.90985,0.90995,2.40,12.00
2010.02.23 03:34:26.870,0.90985,0.9099,1.60,1.00
2010.02.23 03:34:27.220,0.9098,0.9099,4.00,2.40
2010.02.23 03:34:27.568,0.9098,0.9099,2.40,2.40
2010.02.23 03:34:36.476,0.90985,0.9099,1.00,1.60
2010.02.23 03:34:40.597,0.90985,0.9099,12.40,1.00
2010.02.23 03:34:40.948,0.9098,0.9099,2.40,4.00
2010.02.23 03:34:41.521,0.90985,0.9099,1.00,3.20
2010.02.23 03:34:57.567,0.90985,0.90995,1.00,12.00
2010.02.23 03:35:03.473,0.90985,0.90995,1.00,12.10
2010.02.23 03:35:09.463,0.90985,0.9099,1.00,1.00
2010.02.23 03:35:09.619,0.90985,0.9099,1.00,1.00
2010.02.23 03:35:10.847,0.90985,0.90995,1.00,8.10
2010.02.23 03:35:11.123,0.90985,0.90995,1.00,12.10
2010.02.23 03:35:15.882,0.9098,0.9099,6.10,2.40
2010.02.23 03:35:16.358,0.90975,0.90985,17.70,1.00
2010.02.23 03:35:16.705,0.9098,0.90985,6.10,1.00
2010.02.23 03:35:17.136,0.9098,0.90985,2.10,1.00
2010.02.23 03:35:17.778,0.9098,0.9099,2.90,4.00
2010.02.23 03:35:24.871,0.9098,0.9099,2.90,4.10
2010.02.23 03:35:29.803,0.9098,0.9099,2.90,4.00
2010.02.23 03:35:32.085,0.9098,0.9099,2.40,4.00
2010.02.23 03:35:35.305,0.90985,0.9099,1.00,1.60
2010.02.23 03:35:36.973,0.9099,0.90995,1.00,9.60
2010.02.23 03:35:37.264,0.9099,0.90995,1.00,1.60
2010.02.23 03:35:42.180,0.90985,0.9099,1.00,1.00
2010.02.23 03:35:42.383,0.9098,0.9099,9.60,1.00
2010.02.23 03:35:42.581,0.90985,0.90995,1.00,18.00
2010.02.23 03:35:42.781,0.90985,0.9099,1.00,4.00
2010.02.23 03:35:43.406,0.90975,0.90985,4.10,1.00
2010.02.23 03:35:43.765,0.90975,0.90985,8.10,1.00
2010.02.23 03:35:44.037,0.90975,0.90985,12.10,1.00
2010.02.23 03:35:46.024,0.9098,0.9099,1.00,8.10
2010.02.23 03:35:46.527,0.9098,0.9099,1.00,4.10
2010.02.23 03:35:47.205,0.90985,0.9099,1.00,3.30
2010.02.23 03:35:47.516,0.90985,0.9099,1.00,3.20
2010.02.23 03:35:48.787,0.9099,0.90995,1.00,9.60
2010.02.23 03:35:49.089,0.9099,0.90995,1.00,1.60
2010.02.23 03:36:02.491,0.90985,0.90995,12.80,4.40
2010.02.23 03:36:02.657,0.9098,0.9099,13.70,1.00
2010.02.23 03:36:02.827,0.90985,0.90995,1.00,8.40
2010.02.23 03:36:02.995,0.90985,0.90995,1.00,12.00
2010.02.23 03:36:06.604,0.9099,0.91,1.00,14.50
2010.02.23 03:36:07.120,0.9099,0.90995,1.00,5.60
2010.02.23 03:36:07.298,0.9099,0.90995,1.00,1.60
2010.02.23 03:36:09.109,0.9099,0.90995,4.80,1.60
2010.02.23 03:36:09.263,0.90995,0.91,1.00,9.70
2010.02.23 03:36:18.871,0.9099,0.90995,1.00,1.60
2010.02.23 03:36:18.998,0.9099,0.90995,1.00,1.70
2010.02.23 03:36:19.478,0.9099,0.91,1.00,12.10
2010.02.23 03:36:25.622,0.90995,0.91,1.00,9.70
2010.02.23 03:36:27.242,0.90995,0.91,1.00,9.60
2010.02.23 03:36:27.639,0.90995,0.91,1.00,5.60
2010.02.23 03:36:27.875,0.90995,0.91,1.00,1.60
2010.02.23 03:36:28.101,0.90995,0.91,1.00,5.60
2010.02.23 03:36:29.535,0.90995,0.91,1.00,9.60
2010.02.23 03:36:29.721,0.90995,0.91,1.00,9.70
2010.02.23 03:36:29.912,0.9099,0.91,5.20,10.50
2010.02.23 03:36:30.311,0.9099,0.90995,1.20,1.60
2010.02.23 03:36:30.510,0.9099,0.91,1.00,12.00
2010.02.23 03:36:30.858,0.9099,0.91,1.00,4.00
2010.02.23 03:36:31.911,0.90995,0.91,1.00,1.60
2010.02.23 03:36:33.616,0.90995,0.91,1.00,1.70
2010.02.23 03:36:34.469,0.90995,0.91,1.00,9.60
2010.02.23 03:36:34.673,0.90995,0.91,4.80,1.60
2010.02.23 03:36:35.137,0.90995,0.91,4.00,2.40
2010.02.23 03:36:35.321,0.9099,0.91,4.00,2.40
2010.02.23 03:36:35.943,0.90995,0.91,1.00,1.60
2010.02.23 03:36:36.322,0.90995,0.91005,1.00,4.00
2010.02.23 03:36:41.340,0.90995,0.91005,1.00,4.00
2010.02.23 03:36:41.831,0.91,0.91005,1.00,1.60
2010.02.23 03:36:51.179,0.91,0.9101,1.00,4.00
2010.02.23 03:36:54.175,0.91,0.91015,1.00,22.00
2010.02.23 03:36:54.277,0.91,0.91015,1.00,22.10
2010.02.23 03:36:54.387,0.91,0.91015,8.90,14.10
2010.02.23 03:36:54.497,0.91,0.91015,12.10,14.10
2010.02.23 03:36:54.608,0.91,0.91015,4.10,21.30
2010.02.23 03:36:56.880,0.9101,0.91015,1.00,8.00
2010.02.23 03:36:57.005,0.9101,0.9102,1.00,8.00
2010.02.23 03:36:57.467,0.9101,0.91025,1.00,27.10
2010.02.23 03:36:57.611,0.9101,0.9102,1.60,15.60
2010.02.23 03:36:58.093,0.9101,0.91025,2.40,25.30
2010.02.23 03:36:58.485,0.9101,0.91025,2.40,25.30
2010.02.23 03:36:58.846,0.9101,0.91025,2.50,25.30
2010.02.23 03:36:59.372,0.9101,0.91025,2.40,25.30
2010.02.23 03:37:00.402,0.9101,0.91025,6.50,26.40
2010.02.23 03:37:00.977,0.9101,0.9102,2.50,4.00
2010.02.23 03:37:01.028,0.9101,0.9102,2.40,4.00
2010.02.23 03:37:01.065,0.9101,0.9102,4.00,2.40
2010.02.23 03:37:01.210,0.9101,0.9102,4.00,1.00
2010.02.23 03:37:01.350,0.9101,0.9102,8.00,1.00
2010.02.23 03:37:01.418,0.9101,0.9102,12.00,1.00
2010.02.23 03:37:01.702,0.9101,0.9102,16.00,1.00
2010.02.23 03:37:01.738,0.91015,0.9102,1.60,1.00
2010.02.23 03:37:01.777,0.91015,0.91025,4.00,4.50
2010.02.23 03:37:02.186,0.91015,0.91025,4.00,4.40
2010.02.23 03:37:02.469,0.91025,0.9103,1.60,1.00
2010.02.23 03:37:03.010,0.91025,0.9103,1.60,1.00
2010.02.23 03:37:04.097,0.91025,0.9103,1.60,1.00
2010.02.23 03:37:04.377,0.91025,0.9103,1.60,1.00
2010.02.23 03:37:05.142,0.91025,0.91035,6.40,11.90
2010.02.23 03:37:05.376,0.9103,0.9104,1.00,3.90
2010.02.23 03:37:05.738,0.9103,0.9104,2.40,3.90
2010.02.23 03:37:06.512,0.9103,0.91035,1.60,1.00
2010.02.23 03:37:07.348,0.91025,0.91035,12.00,1.00
2010.02.23 03:37:12.818,0.91025,0.9103,11.30,1.00
2010.02.23 03:37:13.166,0.91025,0.91035,4.10,6.40
2010.02.23 03:37:13.439,0.91025,0.91035,12.10,4.00
2010.02.23 03:37:14.229,0.91025,0.91035,12.00,4.00
2010.02.23 03:37:14.659,0.91025,0.9103,11.20,1.00
2010.02.23 03:37:14.770,0.91025,0.9103,3.20,1.00
2010.02.23 03:37:15.533,0.9102,0.9103,13.20,1.00
2010.02.23 03:37:16.374,0.9102,0.9103,13.00,1.00
2010.02.23 03:37:19.132,0.9102,0.9103,11.40,2.40
2010.02.23 03:37:19.961,0.91015,0.91025,13.60,1.00
2010.02.23 03:37:20.152,0.91015,0.91025,12.00,1.00
2010.02.23 03:37:20.366,0.91015,0.91025,8.00,4.00
2010.02.23 03:37:20.796,0.91015,0.91025,2.40,4.00
2010.02.23 03:37:21.964,0.91015,0.91025,6.80,4.00
2010.02.23 03:37:22.368,0.9102,0.91025,1.00,3.20
2010.02.23 03:37:24.957,0.91015,0.91025,10.40,4.00
2010.02.23 03:37:25.265,0.9102,0.91025,1.00,3.20
2010.02.23 03:37:25.937,0.9101,0.9102,7.20,4.00
2010.02.23 03:37:25.947,0.9101,0.9102,3.20,4.00
2010.02.23 03:37:26.161,0.91015,0.9102,1.00,3.20
2010.02.23 03:37:26.374,0.9101,0.9102,2.40,4.00
2010.02.23 03:37:27.048,0.91005,0.91015,4.00,1.00
2010.02.23 03:37:27.406,0.91005,0.91015,4.00,2.40
2010.02.23 03:37:28.100,0.91005,0.91015,1.00,4.00
2010.02.23 03:37:30.267,0.91,0.9101,2.40,4.00
2010.02.23 03:37:38.918,0.9101,0.91015,1.00,2.00
2010.02.23 03:37:39.222,0.91015,0.9102,1.00,3.20
2010.02.23 03:37:39.895,0.91015,0.9102,1.00,1.60
2010.02.23 03:37:44.613,0.9101,0.9102,10.40,2.40
2010.02.23 03:37:44.850,0.9101,0.9102,6.40,2.40
2010.02.23 03:37:45.235,0.9101,0.9102,2.40,2.40
2010.02.23 03:37:46.600,0.9101,0.9102,2.50,2.40
2010.02.23 03:37:47.707,0.9101,0.9102,4.10,2.40
2010.02.23 03:37:49.061,0.9101,0.9102,4.00,2.40
2010.02.23 03:37:58.277,0.91015,0.9102,1.00,1.60
2010.02.23 03:38:00.896,0.9101,0.9102,4.00,2.40
2010.02.23 03:38:06.119,0.9101,0.9102,2.40,2.40
2010.02.23 03:38:10.261,0.9101,0.9102,2.40,4.00
2010.02.23 03:38:40.954,0.9101,0.9102,1.00,11.70
2010.02.23 03:38:41.320,0.9101,0.9102,1.00,8.40
2010.02.23 03:38:42.017,0.91005,0.91015,1.00,4.00
2010.02.23 03:38:43.328,0.91,0.9101,4.40,1.00
2010.02.23 03:38:43.519,0.91,0.9101,4.00,4.00
2010.02.23 03:38:43.894,0.91,0.9101,2.40,4.00
2010.02.23 03:38:45.492,0.91,0.9101,2.40,4.00
2010.02.23 03:38:45.668,0.91,0.9101,2.40,4.10
2010.02.23 03:38:47.071,0.91,0.9101,2.40,4.00
2010.02.23 03:38:54.403,0.91005,0.9101,1.00,3.20
2010.02.23 03:39:06.338,0.91005,0.9101,1.00,3.30
2010.02.23 03:39:07.259,0.91005,0.91015,1.00,4.80
2010.02.23 03:39:07.469,0.91005,0.91015,1.00,4.00
2010.02.23 03:39:10.969,0.91,0.9101,5.30,1.00
2010.02.23 03:39:25.689,0.91,0.9101,5.50,1.00
2010.02.23 03:39:26.004,0.91,0.9101,5.30,1.00
2010.02.23 03:39:34.257,0.91,0.9101,3.70,4.00
2010.02.23 03:39:34.441,0.91,0.9101,3.70,4.10
2010.02.23 03:39:35.242,0.91,0.9101,3.70,4.00
2010.02.23 03:39:40.435,0.91,0.9101,5.30,2.40
2010.02.23 03:39:40.516,0.91,0.9101,5.30,1.00
2010.02.23 03:39:40.926,0.91005,0.91015,1.00,18.10
2010.02.23 03:39:41.296,0.91005,0.91015,1.00,12.10
2010.02.23 03:39:42.255,0.91005,0.9101,1.00,1.00
2010.02.23 03:39:43.038,0.91,0.91015,18.10,12.10
2010.02.23 03:39:44.955,0.91005,0.91015,4.80,12.10
2010.02.23 03:39:45.038,0.9101,0.91015,1.00,9.70
2010.02.23 03:39:45.544,0.9101,0.91015,1.00,1.70
2010.02.23 03:39:45.883,0.9101,0.91015,1.00,1.60
2010.02.23 03:39:47.898,0.91005,0.91015,17.70,1.60
2010.02.23 03:39:50.119,0.9101,0.91015,6.40,1.60
2010.02.23 03:39:50.298,0.91015,0.9102,1.00,5.70
2010.02.23 03:39:50.455,0.9101,0.9102,1.00,8.10
2010.02.23 03:39:51.058,0.9101,0.9102,1.00,8.00
2010.02.23 03:39:51.221,0.9101,0.9102,1.00,4.10
2010.02.23 03:39:52.540,0.9101,0.9102,2.40,4.10
2010.02.23 03:39:56.157,0.9101,0.9102,2.40,4.00
2010.02.23 03:39:56.840,0.9101,0.9102,2.40,8.10
2010.02.23 03:39:58.692,0.9101,0.9102,2.40,4.10
2010.02.23 03:39:59.666,0.9101,0.9102,2.40,4.00
2010.02.23 03:40:05.927,0.9101,0.9102,2.40,4.10
2010.02.23 03:40:06.242,0.9101,0.9102,2.40,12.10
2010.02.23 03:40:06.432,0.9101,0.9102,2.40,4.10
2010.02.23 03:40:08.769,0.9101,0.9102,2.40,4.00
2010.02.23 03:40:09.119,0.9101,0.9102,2.40,4.10
2010.02.23 03:40:13.986,0.91005,0.9101,14.00,1.00
2010.02.23 03:40:14.169,0.91005,0.9101,3.20,1.00
2010.02.23 03:40:16.872,0.91005,0.91015,4.00,4.00
2010.02.23 03:40:17.804,0.91005,0.91015,12.00,4.00
2010.02.23 03:40:18.045,0.91005,0.91015,8.00,4.00
2010.02.23 03:40:18.363,0.91005,0.91015,8.00,1.00
2010.02.23 03:40:21.511,0.91005,0.91015,8.00,4.80
2010.02.23 03:40:21.586,0.91005,0.9101,7.20,1.00
2010.02.23 03:40:21.672,0.91005,0.9101,5.60,1.00
2010.02.23 03:40:21.823,0.91005,0.9101,1.60,1.00
2010.02.23 03:40:22.884,0.91005,0.91015,2.40,12.00
2010.02.23 03:40:23.607,0.91005,0.91015,6.40,4.00
2010.02.23 03:40:33.467,0.91005,0.91015,8.10,1.00
2010.02.23 03:40:33.931,0.91005,0.91015,12.10,1.00
2010.02.23 03:40:34.226,0.91005,0.91015,8.10,1.00
2010.02.23 03:40:37.164,0.91005,0.9101,1.60,1.00
2010.02.23 03:40:40.745,0.91005,0.91015,2.40,12.50
2010.02.23 03:40:40.854,0.91005,0.91015,2.40,16.00
2010.02.23 03:40:40.962,0.91005,0.91015,2.40,12.00
2010.02.23 03:40:41.076,0.91005,0.91015,2.40,4.00
2010.02.23 03:40:41.546,0.91005,0.91015,6.40,4.00
2010.02.23 03:40:42.655,0.91005,0.91015,10.40,4.00
2010.02.23 03:40:43.639,0.9101,0.91015,4.80,3.20
2010.02.23 03:40:43.967,0.9101,0.9102,4.80,4.10
2010.02.23 03:40:44.296,0.9101,0.9102,4.80,4.00
2010.02.23 03:40:55.149,0.9101,0.9102,8.00,1.00
2010.02.23 03:40:55.676,0.9101,0.9102,8.00,2.40
2010.02.23 03:40:55.697,0.9101,0.9102,6.40,4.00
2010.02.23 03:41:40.271,0.9101,0.9102,6.40,12.10
2010.02.23 03:41:40.549,0.9101,0.9102,6.40,4.00
2010.02.23 03:41:47.686,0.9101,0.9102,8.00,1.00
2010.02.23 03:42:04.038,0.91015,0.91025,4.80,12.00
2010.02.23 03:42:04.211,0.91015,0.91025,6.40,8.00
2010.02.23 03:42:04.377,0.91015,0.91025,6.40,4.00
2010.02.23 03:42:04.549,0.9102,0.91025,1.00,1.60
2010.02.23 03:42:04.723,0.9102,0.91025,4.80,1.60
2010.02.23 03:42:04.989,0.9102,0.9103,4.80,4.00
2010.02.23 03:42:05.570,0.9102,0.9103,6.40,4.00
2010.02.23 03:42:08.863,0.9102,0.9103,6.40,2.40
2010.02.23 03:42:09.391,0.9102,0.9103,8.00,2.40
2010.02.23 03:42:17.808,0.9102,0.9103,6.40,2.40
2010.02.23 03:42:17.964,0.91015,0.91025,16.80,1.00
2010.02.23 03:42:18.124,0.91015,0.91025,8.00,1.00
2010.02.23 03:42:18.894,0.91015,0.91025,12.00,1.00
2010.02.23 03:42:52.045,0.91015,0.91025,12.00,2.40
2010.02.23 03:42:58.545,0.91015,0.91025,12.10,2.40
2010.02.23 03:42:58.754,0.9102,0.91025,4.00,1.60
2010.02.23 03:42:59.295,0.91015,0.91025,12.10,1.60
2010.02.23 03:42:59.539,0.91015,0.91025,12.00,1.60
2010.02.23 03:43:01.334,0.91015,0.91025,10.40,3.20
2010.02.23 03:43:01.475,0.91015,0.91025,6.40,3.20
2010.02.23 03:43:09.048,0.91015,0.91025,5.60,5.70
2010.02.23 03:43:09.259,0.9101,0.91025,8.40,19.30
2010.02.23 03:43:09.460,0.9101,0.91025,8.00,19.30
2010.02.23 03:43:21.913,0.9101,0.9102,4.00,4.00
2010.02.23 03:43:22.152,0.91005,0.9101,11.20,4.80
2010.02.23 03:43:22.399,0.91,0.91005,1.60,1.00
2010.02.23 03:43:22.644,0.90995,0.91,2.40,1.00
2010.02.23 03:43:23.221,0.9099,0.91,8.10,1.00
2010.02.23 03:43:23.506,0.9099,0.91,6.40,5.60
2010.02.23 03:43:23.789,0.9099,0.91,4.80,5.60
2010.02.23 03:43:24.072,0.9099,0.91,4.80,4.00
2010.02.23 03:43:27.555,0.9099,0.91,8.80,4.00
2010.02.23 03:43:27.954,0.9099,0.91,4.80,4.00
2010.02.23 03:43:28.585,0.90995,0.91,1.00,3.20
2010.02.23 03:43:28.747,0.90995,0.91,4.80,3.20
2010.02.23 03:43:28.920,0.90995,0.91,4.00,2.40
2010.02.23 03:43:29.092,0.9099,0.91,12.40,2.40
2010.02.23 03:43:29.258,0.9099,0.91,8.40,2.40
2010.02.23 03:43:29.434,0.9099,0.91,14.40,4.00
2010.02.23 03:43:30.065,0.9099,0.91,6.40,4.00
2010.02.23 03:43:31.475,0.9099,0.91,10.40,4.00
2010.02.23 03:43:31.534,0.9099,0.91,14.40,4.00
2010.02.23 03:43:34.690,0.9099,0.91,10.40,4.00
2010.02.23 03:43:34.811,0.9099,0.91,14.40,4.00
2010.02.23 03:43:36.951,0.90995,0.91,1.00,3.20
2010.02.23 03:43:37.075,0.9099,0.91,14.40,4.00
2010.02.23 03:43:37.206,0.9099,0.91,16.00,2.40
2010.02.23 03:43:37.336,0.9099,0.91,8.00,2.40
2010.02.23 03:43:37.463,0.9099,0.91,16.00,2.40
2010.02.23 03:43:39.303,0.90995,0.91,4.00,2.40
2010.02.23 03:43:39.491,0.90995,0.91005,4.80,12.00
2010.02.23 03:43:39.643,0.90995,0.91005,4.80,4.00
2010.02.23 03:43:41.198,0.9099,0.91,16.40,1.00
2010.02.23 03:43:41.455,0.9099,0.91,12.00,1.00
2010.02.23 03:43:41.853,0.9099,0.91,8.00,1.00
2010.02.23 03:43:46.227,0.9099,0.91,8.10,1.00
2010.02.23 03:43:46.549,0.91,0.91005,4.80,5.60
2010.02.23 03:43:46.656,0.91,0.91005,4.00,2.40
2010.02.23 03:43:47.031,0.90995,0.91005,16.40,1.00
2010.02.23 03:43:47.144,0.91,0.91005,1.60,1.00
2010.02.23 03:43:51.311,0.91,0.9101,6.40,4.40
2010.02.23 03:43:51.590,0.91,0.9101,14.40,4.00
2010.02.23 03:43:57.877,0.91,0.9101,16.00,4.00
2010.02.23 03:43:59.414,0.91,0.9101,16.00,1.00
2010.02.23 03:44:01.134,0.91,0.9101,8.00,1.00
2010.02.23 03:44:01.449,0.91,0.9101,4.00,1.00
2010.02.23 03:44:10.964,0.91,0.9101,8.00,1.00
2010.02.23 03:44:11.294,0.91,0.9101,4.00,1.00
2010.02.23 03:44:30.310,0.91,0.9101,8.00,1.00
2010.02.23 03:44:30.479,0.91,0.9101,12.00,1.00
2010.02.23 03:44:43.715,0.91,0.9101,4.00,1.00
2010.02.23 03:44:47.037,0.91005,0.91015,4.00,4.50
2010.02.23 03:44:47.208,0.91005,0.91015,4.00,2.50
2010.02.23 03:44:49.776,0.9101,0.91015,1.00,1.70
2010.02.23 03:44:49.934,0.9101,0.9102,1.00,12.10
2010.02.23 03:44:50.075,0.9101,0.9102,1.00,4.00
2010.02.23 03:44:50.221,0.9101,0.9102,1.00,4.10
2010.02.23 03:44:58.832,0.9101,0.9102,2.40,4.10
2010.02.23 03:44:59.242,0.9101,0.9102,2.40,4.00
2010.02.23 03:45:05.319,0.9101,0.91015,1.60,1.00
2010.02.23 03:45:34.030,0.9101,0.91015,1.70,1.00
2010.02.23 03:45:34.247,0.9101,0.91015,5.60,1.00
2010.02.23 03:45:34.643,0.9101,0.91015,1.60,1.00
2010.02.23 03:45:35.842,0.9101,0.91015,1.60,1.00
2010.02.23 03:45:35.965,0.9101,0.91015,1.60,1.00
2010.02.23 03:45:36.082,0.9101,0.91015,9.60,1.00
2010.02.23 03:45:36.436,0.91005,0.91015,9.40,1.00
2010.02.23 03:45:37.728,0.9101,0.91015,1.70,4.00
2010.02.23 03:45:37.896,0.9101,0.91015,1.60,8.00
2010.02.23 03:45:38.068,0.9101,0.91015,1.60,8.50
2010.02.23 03:45:38.236,0.91005,0.91015,3.20,18.10
2010.02.23 03:45:38.408,0.91005,0.91015,4.00,8.90
2010.02.23 03:45:38.922,0.91005,0.91015,4.00,4.80
2010.02.23 03:45:39.231,0.91005,0.91015,4.00,1.00
2010.02.23 03:45:46.334,0.91005,0.9101,3.20,1.00
2010.02.23 03:45:47.034,0.91005,0.91015,4.00,8.90
2010.02.23 03:45:47.410,0.91005,0.91015,4.00,4.90
2010.02.23 03:45:47.629,0.91005,0.91015,4.00,1.00
2010.02.23 03:45:55.081,0.91005,0.9102,4.00,18.10
2010.02.23 03:45:55.329,0.91005,0.9102,4.00,17.70
2010.02.23 03:45:58.480,0.91005,0.91015,3.20,6.40
2010.02.23 03:45:58.631,0.91005,0.91015,3.20,14.50
2010.02.23 03:45:59.245,0.91005,0.91015,3.20,16.10
2010.02.23 03:45:59.630,0.91005,0.91015,3.20,10.50
2010.02.23 03:45:59.835,0.91005,0.91015,4.00,8.10
2010.02.23 03:46:00.033,0.91005,0.9102,4.00,17.70
2010.02.23 03:46:09.152,0.91005,0.91015,3.20,2.40
2010.02.23 03:46:09.409,0.91005,0.91015,3.20,15.30
2010.02.23 03:46:09.661,0.91005,0.91015,4.00,15.30
2010.02.23 03:46:10.267,0.91005,0.91015,4.00,7.20
2010.02.23 03:46:10.517,0.91005,0.91015,4.00,3.20
2010.02.23 03:46:11.767,0.91005,0.91015,4.00,7.20
2010.02.23 03:46:12.117,0.91005,0.91015,4.00,3.20
2010.02.23 03:46:14.886,0.91005,0.91015,4.00,7.20
2010.02.23 03:46:15.144,0.91005,0.91015,4.00,3.20
2010.02.23 03:46:25.465,0.91005,0.91015,3.20,13.70
2010.02.23 03:46:25.624,0.91005,0.91015,3.20,17.70
2010.02.23 03:46:25.793,0.91005,0.91015,4.00,15.30
2010.02.23 03:46:25.957,0.91005,0.91015,4.00,11.20
2010.02.23 03:46:26.125,0.91005,0.91015,4.00,3.20
2010.02.23 03:46:38.347,0.91005,0.91015,4.00,4.00
2010.02.23 03:46:38.944,0.91005,0.91015,4.10,3.20
2010.02.23 03:46:42.015,0.9101,0.91015,1.00,3.20
2010.02.23 03:46:42.312,0.91005,0.91015,4.00,3.20
2010.02.23 03:46:43.227,0.91005,0.91015,4.00,4.00
2010.02.23 03:47:10.580,0.91005,0.9101,3.20,1.00
2010.02.23 03:47:11.381,0.91005,0.91015,1.00,12.10
2010.02.23 03:47:11.552,0.91005,0.91015,1.00,12.00
2010.02.23 03:47:12.326,0.91005,0.91015,1.00,4.00
2010.02.23 03:47:52.683,0.91,0.9101,8.00,1.00
2010.02.23 03:47:53.033,0.91,0.9101,4.00,1.00
2010.02.23 03:48:11.511,0.91,0.9101,8.00,1.00
2010.02.23 03:48:12.126,0.91,0.9101,4.00,1.00
2010.02.23 03:48:32.086,0.91,0.9101,4.00,2.40
2010.02.23 03:48:32.888,0.91,0.9101,4.00,6.40
2010.02.23 03:48:33.020,0.91,0.9101,4.00,10.40
2010.02.23 03:48:36.252,0.91,0.9101,1.00,12.00
2010.02.23 03:48:37.176,0.91,0.9101,4.80,4.00
2010.02.23 03:48:37.523,0.91,0.9101,1.00,12.00
2010.02.23 03:48:48.427,0.91,0.9101,1.00,4.00
2010.02.23 03:48:55.013,0.91,0.9101,1.00,12.00
2010.02.23 03:48:59.137,0.91,0.9101,1.00,4.00
2010.02.23 03:48:59.384,0.91,0.9101,1.00,3.20
2010.02.23 03:49:09.233,0.90995,0.91005,18.00,1.00
2010.02.23 03:49:09.424,0.90995,0.91,11.60,1.00
2010.02.23 03:49:09.963,0.90995,0.91,1.60,1.00
2010.02.23 03:49:12.342,0.90995,0.91005,2.40,12.40
2010.02.23 03:49:13.021,0.90995,0.91,1.60,1.00
2010.02.23 03:49:23.667,0.90995,0.91005,1.60,19.30
2010.02.23 03:49:32.632,0.9099,0.91005,8.00,19.30
2010.02.23 03:49:32.934,0.9099,0.91005,4.00,19.30
2010.02.23 03:49:35.736,0.9099,0.91005,5.60,19.30
2010.02.23 03:49:38.604,0.9099,0.91,4.00,1.00
2010.02.23 03:49:39.020,0.9099,0.91,4.00,1.00
2010.02.23 03:49:39.284,0.9099,0.91,4.00,4.10
2010.02.23 03:49:41.990,0.9099,0.91005,4.00,19.30
2010.02.23 03:49:42.763,0.9099,0.91005,8.00,15.30
2010.02.23 03:49:43.120,0.9099,0.91005,4.00,19.30
2010.02.23 03:49:47.704,0.9099,0.91005,8.00,19.30
2010.02.23 03:49:50.529,0.9099,0.91005,4.00,19.30
2010.02.23 03:50:07.866,0.9099,0.91005,4.00,19.60
2010.02.23 03:50:09.267,0.9099,0.91005,4.00,19.30
2010.02.23 03:50:09.434,0.9099,0.91005,4.00,19.60
2010.02.23 03:50:10.077,0.9099,0.91005,4.00,19.30
2010.02.23 03:50:20.462,0.9099,0.91005,4.00,20.10
2010.02.23 03:50:22.250,0.9099,0.91005,4.00,20.40
2010.02.23 03:50:23.133,0.9099,0.91005,8.00,20.40
2010.02.23 03:50:27.715,0.9099,0.91,8.00,1.00
2010.02.23 03:50:27.795,0.9099,0.91,6.40,1.00
2010.02.23 03:50:27.942,0.9099,0.91,6.40,3.30
2010.02.23 03:50:31.881,0.9099,0.91,6.40,3.20
2010.02.23 03:50:32.916,0.9099,0.91,2.40,3.20
2010.02.23 03:50:44.438,0.9099,0.91,6.40,3.20
2010.02.23 03:50:44.778,0.9099,0.91005,8.00,20.10
2010.02.23 03:50:47.295,0.9099,0.91005,8.00,19.30
2010.02.23 03:50:49.431,0.90995,0.91005,1.00,15.30
2010.02.23 03:50:49.629,0.9099,0.91005,12.00,9.70
2010.02.23 03:50:49.824,0.9099,0.91005,8.00,19.30
2010.02.23 03:50:52.508,0.90995,0.91005,1.60,19.30
2010.02.23 03:50:57.905,0.91,0.91005,1.00,1.60
2010.02.23 03:51:12.617,0.90995,0.91005,17.60,2.40
2010.02.23 03:51:12.765,0.90995,0.91,11.20,1.00
2010.02.23 03:51:12.915,0.90995,0.91005,2.40,12.10
2010.02.23 03:51:13.067,0.90995,0.91005,2.40,4.10
2010.02.23 03:51:13.365,0.90995,0.91,1.60,1.00
2010.02.23 03:51:20.174,0.91,0.91005,1.00,9.70
2010.02.23 03:51:20.453,0.91,0.91005,1.00,1.70
2010.02.23 03:51:29.287,0.91,0.91005,1.00,1.60
2010.02.23 03:51:42.316,0.90995,0.91,16.90,1.00
2010.02.23 03:51:42.342,0.90995,0.91,15.30,1.00
2010.02.23 03:51:42.633,0.90995,0.91,5.60,1.00
2010.02.23 03:51:42.923,0.90995,0.91,1.60,1.00
2010.02.23 03:51:48.070,0.9099,0.91,4.00,1.00
2010.02.23 03:53:11.021,0.9099,0.91,2.40,4.00
2010.02.23 03:53:25.307,0.90995,0.91005,1.60,12.80
2010.02.23 03:53:25.663,0.90995,0.91005,1.00,4.00
2010.02.23 03:53:28.365,0.91,0.91005,1.00,1.60
2010.02.23 03:53:31.224,0.90995,0.91,1.00,1.60
2010.02.23 03:53:41.965,0.91,0.91005,1.00,3.20
2010.02.23 03:53:42.037,0.90995,0.91005,8.40,1.60
2010.02.23 03:53:42.106,0.91,0.91005,1.00,1.60
2010.02.23 03:53:42.178,0.90995,0.91,1.00,2.40
2010.02.23 03:53:42.661,0.90995,0.91,8.40,2.40
2010.02.23 03:53:43.010,0.90995,0.91,1.00,1.60
2010.02.23 03:54:16.398,0.90995,0.91005,2.40,4.00
2010.02.23 03:54:16.546,0.90995,0.91005,6.40,2.40
2010.02.23 03:54:17.036,0.91,0.91005,1.00,1.60
2010.02.23 03:54:28.799,0.91,0.91005,1.00,1.60
2010.02.23 03:54:28.966,0.91,0.9101,1.00,4.00
2010.02.23 03:54:29.128,0.91,0.9101,8.90,4.00
2010.02.23 03:54:29.463,0.91,0.9101,4.80,4.00
2010.02.23 03:54:29.626,0.91,0.9101,1.00,4.00
2010.02.23 03:54:31.567,0.91,0.9101,4.90,4.00
2010.02.23 03:54:31.592,0.91,0.9101,8.90,4.00
2010.02.23 03:54:31.705,0.91,0.9101,8.80,4.00
2010.02.23 03:54:31.962,0.91,0.9101,4.80,4.00
2010.02.23 03:54:31.992,0.91,0.9101,1.00,4.00
2010.02.23 03:54:39.424,0.91,0.9101,1.00,4.10
2010.02.23 03:54:43.411,0.91,0.9101,1.00,4.00
2010.02.23 03:54:46.303,0.91,0.9101,1.00,3.20
2010.02.23 03:54:48.160,0.91,0.9101,2.40,3.20
2010.02.23 03:54:49.228,0.91,0.9101,6.40,3.20
2010.02.23 03:54:49.580,0.91,0.9101,2.40,3.20
2010.02.23 03:55:22.229,0.91,0.9101,1.00,3.20
2010.02.23 03:55:54.821,0.91,0.9101,2.40,3.20
2010.02.23 03:55:57.358,0.91005,0.9101,1.00,1.60
2010.02.23 03:55:57.553,0.91005,0.91015,1.00,3.20
2010.02.23 03:56:05.062,0.91,0.9102,4.00,22.60
2010.02.23 03:56:05.519,0.91005,0.91015,1.60,16.10
2010.02.23 03:56:05.682,0.9101,0.9102,1.00,3.20
2010.02.23 03:56:11.467,0.9101,0.9102,1.00,3.30
2010.02.23 03:56:12.037,0.9101,0.9102,1.00,3.20
2010.02.23 03:56:20.206,0.9101,0.9102,1.00,3.20
2010.02.23 03:56:20.345,0.9101,0.9102,4.90,3.20
2010.02.23 03:56:20.516,0.9101,0.9102,1.00,3.20
2010.02.23 03:56:23.787,0.9101,0.9102,1.00,3.20
2010.02.23 03:56:29.282,0.91005,0.91015,4.10,3.20
2010.02.23 03:56:31.487,0.91005,0.91015,3.30,5.60
2010.02.23 03:56:31.724,0.91005,0.91015,1.60,19.30
2010.02.23 03:56:33.506,0.91005,0.91015,2.40,15.30
2010.02.23 03:56:33.945,0.91005,0.91015,1.00,15.30
2010.02.23 03:56:34.286,0.91005,0.91015,1.00,3.20
2010.02.23 03:56:34.610,0.91,0.91015,16.00,5.70
2010.02.23 03:56:35.273,0.91,0.91015,8.00,15.30
2010.02.23 03:56:35.557,0.91,0.91015,4.00,19.30
2010.02.23 03:56:41.250,0.91,0.9101,4.00,1.60
2010.02.23 03:56:43.011,0.91,0.9101,2.40,1.60
2010.02.23 03:56:47.217,0.91,0.9101,2.40,1.70
2010.02.23 03:56:47.791,0.91,0.9101,2.40,1.60
2010.02.23 03:56:54.121,0.91,0.9101,2.40,9.60
2010.02.23 03:56:54.430,0.91,0.9101,2.40,1.60
2010.02.23 03:57:17.716,0.91,0.9101,4.00,1.60
2010.02.23 03:57:33.083,0.91,0.9101,8.00,1.60
2010.02.23 03:57:50.943,0.91,0.91015,8.00,19.30
2010.02.23 03:57:53.317,0.91,0.91015,12.10,11.30
2010.02.23 03:57:53.665,0.91,0.91015,8.10,19.30
2010.02.23 03:57:55.090,0.91,0.91015,8.00,19.30
2010.02.23 03:58:02.820,0.91,0.91015,12.00,15.30
2010.02.23 03:58:02.903,0.91005,0.91015,1.00,11.30
2010.02.23 03:58:03.124,0.91005,0.91015,2.40,11.20
2010.02.23 03:58:03.340,0.91005,0.91015,6.40,3.20
2010.02.23 03:58:04.002,0.91005,0.91015,2.40,3.20
2010.02.23 03:58:04.449,0.9101,0.91015,1.00,1.60
2010.02.23 03:58:04.557,0.9101,0.9102,1.00,11.20
2010.02.23 03:58:04.664,0.9101,0.9102,1.00,7.20
2010.02.23 03:58:04.764,0.9101,0.9102,1.00,3.20
2010.02.23 03:58:09.888,0.91005,0.9102,21.80,4.00
2010.02.23 03:58:15.127,0.9101,0.9102,1.00,3.20
2010.02.23 03:58:28.615,0.9101,0.9102,2.40,3.20
2010.02.23 03:58:34.276,0.91015,0.91025,1.00,11.20
2010.02.23 03:58:34.996,0.91015,0.91025,1.00,3.20
2010.02.23 03:58:36.770,0.91015,0.91025,1.00,3.30
2010.02.23 03:58:37.715,0.91015,0.91025,1.00,7.30
2010.02.23 03:58:39.112,0.91015,0.91025,1.00,8.10
2010.02.23 03:58:40.576,0.91015,0.91025,1.00,4.10
2010.02.23 03:58:52.140,0.91015,0.91025,2.40,4.10
2010.02.23 03:58:52.252,0.91015,0.91025,4.00,4.10
2010.02.23 03:58:52.364,0.9102,0.91025,2.40,1.00
2010.02.23 03:58:52.474,0.9102,0.9103,2.40,12.50
2010.02.23 03:58:52.870,0.9102,0.9103,2.40,12.10
2010.02.23 03:58:53.148,0.9102,0.9103,2.40,4.00
2010.02.23 03:58:54.985,0.9102,0.9103,2.40,12.00
2010.02.23 03:59:03.549,0.9102,0.91025,1.60,1.00
2010.02.23 03:59:03.804,0.91015,0.91025,4.00,1.00
2010.02.23 03:59:04.066,0.91015,0.91025,8.00,1.00
2010.02.23 03:59:04.480,0.91015,0.91025,4.00,1.00
2010.02.23 03:59:06.507,0.91015,0.9102,3.20,1.00
2010.02.23 03:59:06.604,0.91015,0.91025,1.00,4.00
2010.02.23 03:59:07.995,0.9102,0.91025,1.00,3.20
2010.02.23 03:59:08.426,0.9102,0.91025,1.00,1.60
2010.02.23 03:59:18.561,0.91015,0.91025,18.00,2.40
2010.02.23 03:59:18.682,0.91015,0.91025,12.40,2.40
2010.02.23 03:59:18.802,0.91015,0.91025,8.00,2.40
2010.02.23 03:59:19.163,0.91015,0.91025,6.40,4.00
2010.02.23 03:59:19.404,0.91015,0.91025,2.40,4.00
2010.02.23 03:59:22.981,0.91015,0.9102,1.60,1.00
2010.02.23 03:59:23.408,0.9101,0.9102,4.00,1.00
2010.02.23 03:59:27.669,0.9101,0.9102,4.10,1.00
2010.02.23 03:59:27.932,0.9101,0.9102,8.10,1.00
2010.02.23 03:59:28.059,0.9101,0.9102,4.10,1.00
2010.02.23 03:59:32.275,0.91015,0.91025,1.00,12.00
2010.02.23 03:59:32.552,0.91015,0.91025,1.00,4.00
2010.02.23 03:59:40.945,0.91015,0.91025,1.00,3.20
2010.02.23 03:59:42.100,0.91015,0.91025,6.40,1.60
2010.02.23 03:59:42.145,0.91015,0.91025,6.80,1.60
2010.02.23 03:59:42.185,0.9102,0.9103,1.00,11.20
2010.02.23 03:59:42.842,0.9102,0.9103,1.00,3.20
