2018.01.09 18:00:00.123,1.12582,1.12585,1.12,3.00
2018.01.09 18:00:00.428,1.12579,1.12581,1.50,2.62
2018.01.09 18:00:00.747,1.12582,1.12583,1.00,1.87
2018.01.09 18:00:01.345,1.12582,1.12584,1.00,1.50
2018.01.09 18:00:01.448,1.1258,1.12583,4.80,1.87
2018.01.09 18:00:01.603,1.12579,1.12581,3.07,1.37
2018.01.09 18:00:02.128,1.12579,1.12581,1.00,1.12
2018.01.09 18:00:02.450,1.12582,1.12584,1.00,1.87
2018.01.09 18:00:03.092,1.12582,1.12585,1.87,3.90
2018.01.09 18:00:03.254,1.12584,1.12587,1.00,4.57
2018.01.09 18:00:03.892,1.12585,1.12587,1.00,2.25
2018.01.09 18:00:05.262,1.12584,1.12587,1.12,1.20
2018.01.09 18:00:06.214,1.12587,1.12588,1.00,1.57
2018.01.09 18:00:06.319,1.12588,1.1259,1.00,1.20
2018.01.09 18:00:13.821,1.12588,1.12591,1.00,5.25
2018.01.09 18:00:15.307,1.12588,1.12591,1.00,4.87
2018.01.09 18:00:24.860,1.12587,1.12589,1.87,1.50
2018.01.09 18:00:25.068,1.12589,1.1259,1.00,1.50
2018.01.09 18:00:25.120,1.12592,1.12594,3.37,3.94
2018.01.09 18:00:25.298,1.12594,1.12596,1.00,1.10
2018.01.09 18:00:26.636,1.12594,1.12595,1.69,1.00
2018.01.09 18:00:27.333,1.12594,1.12596,1.69,1.00
2018.01.09 18:00:27.985,1.12594,1.12596,2.44,1.00
2018.01.09 18:00:28.511,1.12594,1.12596,2.06,1.00
2018.01.09 18:00:39.264,1.12594,1.12596,4.39,1.00
2018.01.09 18:00:39.802,1.12595,1.12597,1.69,1.12
2018.01.09 18:00:43.165,1.12595,1.12596,1.12,1.00
2018.01.09 18:00:43.666,1.12594,1.12596,4.31,1.00
2018.01.09 18:00:44.299,1.12593,1.12595,2.25,1.87
2018.01.09 18:00:44.508,1.1259,1.12592,2.44,1.12
2018.01.09 18:00:45.033,1.12593,1.12595,5.06,1.00
2018.01.09 18:00:45.578,1.12594,1.12596,1.50,1.87
2018.01.09 18:00:46.617,1.12594,1.12596,2.06,1.00
2018.01.09 18:00:47.165,1.12594,1.12597,3.94,1.87
2018.01.09 18:00:48.149,1.12595,1.12598,5.06,1.50
2018.01.09 18:00:48.461,1.12599,1.12601,1.04,3.37
2018.01.09 18:00:49.137,1.12598,1.12601,5.92,2.62
2018.01.09 18:00:50.104,1.12598,1.12601,3.82,1.50
2018.01.09 18:00:50.853,1.12599,1.12601,1.00,1.87
2018.01.09 18:00:51.441,1.12598,1.12601,5.92,1.00
2018.01.09 18:00:52.672,1.12598,1.12601,1.61,3.60
2018.01.09 18:00:52.725,1.12598,1.126,1.10,2.25
2018.01.09 18:00:53.415,1.12597,1.126,3.07,4.91
2018.01.09 18:00:54.375,1.12599,1.126,1.00,1.12
2018.01.09 18:00:54.429,1.12599,1.12602,1.91,2.06
2018.01.09 18:01:20.432,1.126,1.12602,1.20,2.06
2018.01.09 18:01:21.219,1.126,1.12602,1.47,1.12
2018.01.09 18:01:24.587,1.12599,1.12602,4.24,1.31
2018.01.09 18:01:26.419,1.12599,1.12602,2.74,2.44
2018.01.09 18:01:26.871,1.12597,1.12599,1.00,1.31
2018.01.09 18:01:27.195,1.12595,1.12597,1.57,1.19
2018.01.09 18:01:27.589,1.12596,1.12599,1.00,5.06
2018.01.09 18:01:30.562,1.12599,1.126,1.00,2.06
2018.01.09 18:01:31.526,1.12597,1.12599,1.87,1.31
2018.01.09 18:01:41.738,1.12596,1.12598,1.10,1.31
2018.01.09 18:01:42.116,1.12595,1.12597,4.20,1.31
2018.01.09 18:01:44.323,1.12594,1.12597,2.70,3.56
2018.01.09 18:01:47.159,1.12591,1.12592,1.00,3.60
2018.01.09 18:01:47.214,1.12589,1.12592,1.50,9.79
2018.01.09 18:01:47.319,1.12588,1.1259,3.37,1.19
2018.01.09 18:01:50.313,1.12589,1.1259,1.12,1.25
2018.01.09 18:01:51.142,1.12588,1.1259,1.50,1.19
2018.01.09 18:01:52.527,1.12588,1.12591,1.50,3.56
2018.01.09 18:01:54.989,1.12588,1.1259,1.50,1.19
2018.01.09 18:01:55.738,1.12587,1.1259,1.57,2.81
2018.01.09 18:01:57.198,1.12586,1.12588,2.74,1.00
2018.01.09 18:01:57.779,1.12585,1.12586,1.99,1.12
2018.01.09 18:01:57.831,1.12583,1.12586,2.62,2.81
2018.01.09 18:01:57.936,1.12582,1.12584,1.50,1.19
2018.01.09 18:01:59.867,1.12583,1.12584,2.25,1.25
2018.01.09 18:01:59.973,1.12584,1.12587,2.66,2.44
2018.01.09 18:02:00.523,1.12584,1.12586,1.61,1.25
2018.01.09 18:02:04.052,1.12583,1.12586,2.32,1.31
2018.01.09 18:02:04.159,1.12583,1.12585,1.50,1.69
2018.01.09 18:02:05.172,1.12582,1.12584,1.10,1.69
2018.01.09 18:02:09.314,1.12582,1.12585,6.07,1.25
2018.01.09 18:02:31.350,1.12584,1.12586,1.12,2.44
2018.01.09 18:02:31.402,1.12586,1.12588,1.05,2.14
2018.01.09 18:02:31.716,1.12583,1.12586,3.82,1.25
2018.01.09 18:02:32.280,1.12583,1.12586,1.50,1.25
2018.01.09 18:02:35.353,1.12584,1.12587,1.12,4.31
2018.01.09 18:02:35.872,1.12585,1.12587,1.00,1.00
2018.01.09 18:02:37.502,1.12586,1.12588,1.12,1.25
2018.01.09 18:02:38.043,1.12586,1.12589,5.29,2.81
2018.01.09 18:02:39.085,1.12588,1.1259,1.00,2.81
2018.01.09 18:02:43.049,1.12588,1.1259,1.00,1.19
2018.01.09 18:02:44.143,1.12587,1.1259,3.37,1.94
2018.01.09 18:03:16.820,1.12593,1.12594,1.50,10.50
2018.01.09 18:03:17.332,1.12593,1.12596,3.75,3.56
2018.01.09 18:03:18.821,1.12595,1.12597,4.50,1.62
2018.01.09 18:03:20.295,1.12594,1.12597,1.87,2.81
2018.01.09 18:03:23.733,1.12594,1.12597,1.12,7.31
2018.01.09 18:03:24.854,1.12593,1.12596,4.12,3.19
2018.01.09 18:03:25.453,1.12593,1.12596,4.12,3.19
2018.01.09 18:03:26.608,1.1259,1.12592,1.50,2.81
2018.01.09 18:03:26.666,1.12589,1.12592,2.32,3.19
2018.01.09 18:03:27.775,1.12589,1.1259,1.12,1.00
2018.01.09 18:03:34.830,1.12588,1.1259,3.52,1.50
2018.01.09 18:03:37.909,1.12588,1.1259,2.32,1.50
2018.01.09 18:03:41.681,1.12588,1.1259,2.70,1.50
2018.01.09 18:03:46.391,1.1259,1.12591,1.12,1.25
2018.01.09 18:03:46.906,1.12589,1.12592,4.61,3.19
2018.01.09 18:03:47.433,1.1259,1.12591,1.12,1.12
2018.01.09 18:03:49.817,1.12589,1.1259,1.00,1.50
2018.01.09 18:03:49.870,1.12586,1.12588,1.50,1.87
2018.01.09 18:03:50.406,1.12586,1.12588,1.50,1.31
2018.01.09 18:03:54.328,1.12587,1.12589,1.00,4.31
2018.01.09 18:03:54.535,1.12588,1.1259,2.62,3.19
2018.01.09 18:03:54.589,1.12587,1.12589,2.70,1.31
2018.01.09 18:04:00.364,1.12588,1.12589,1.12,1.31
2018.01.09 18:04:00.416,1.1259,1.12592,1.87,1.76
2018.01.09 18:04:00.573,1.12587,1.1259,1.95,4.91
2018.01.09 18:04:03.966,1.12588,1.1259,1.50,2.44
2018.01.09 18:04:04.583,1.12587,1.12589,2.32,1.12
2018.01.09 18:04:05.957,1.12591,1.12592,1.00,5.81
2018.01.09 18:04:06.192,1.12587,1.1259,1.50,3.19
2018.01.09 18:04:06.714,1.12587,1.1259,1.87,3.19
2018.01.09 18:04:07.672,1.12587,1.1259,1.47,3.19
2018.01.09 18:04:08.195,1.12587,1.1259,4.20,1.31
2018.01.09 18:04:08.743,1.12589,1.12592,1.87,3.94
2018.01.09 18:04:09.430,1.12589,1.12592,1.87,3.94
2018.01.09 18:04:09.591,1.12592,1.12593,3.41,1.12
2018.01.09 18:04:10.562,1.12592,1.12594,2.32,1.69
2018.01.09 18:04:12.133,1.12595,1.12596,1.00,6.75
2018.01.09 18:04:12.498,1.12596,1.12598,1.00,4.31
2018.01.09 18:04:12.604,1.12595,1.12597,1.00,3.19
2018.01.09 18:04:13.126,1.12593,1.12596,3.00,2.25
2018.01.09 18:04:13.970,1.12595,1.12597,1.50,1.25
2018.01.09 18:04:14.482,1.12595,1.12598,1.87,2.44
2018.01.09 18:04:16.521,1.12598,1.12601,1.87,3.56
2018.01.09 18:04:18.803,1.12598,1.126,1.87,1.00
2018.01.09 18:04:19.570,1.12598,1.12601,2.25,1.00
2018.01.09 18:04:20.466,1.12595,1.12597,1.50,2.25
2018.01.09 18:04:21.040,1.12594,1.12596,1.50,1.69
2018.01.09 18:04:21.934,1.12596,1.12598,2.25,3.64
2018.01.09 18:04:21.987,1.12595,1.12596,2.62,1.00
2018.01.09 18:04:22.040,1.12593,1.12596,2.62,1.50
2018.01.09 18:04:22.570,1.12594,1.12597,3.75,3.19
2018.01.09 18:04:23.213,1.12596,1.12597,1.50,1.87
2018.01.09 18:04:23.761,1.12594,1.12597,1.57,2.62
2018.01.09 18:04:25.673,1.12593,1.12596,1.50,1.69
2018.01.09 18:04:47.400,1.12595,1.12597,1.12,1.12
2018.01.09 18:04:47.453,1.12594,1.12595,1.00,1.00
2018.01.09 18:04:47.867,1.12593,1.12595,2.62,1.50
2018.01.09 18:04:48.403,1.12592,1.12595,3.45,1.69
2018.01.09 18:04:48.921,1.12593,1.12596,1.12,2.81
2018.01.09 18:04:49.087,1.12595,1.12596,1.12,1.25
2018.01.09 18:04:49.416,1.12595,1.12598,4.95,2.06
2018.01.09 18:04:50.615,1.12596,1.12598,1.50,2.44
2018.01.09 18:04:51.132,1.12596,1.12599,1.87,3.19
2018.01.09 18:04:51.677,1.12594,1.12597,4.20,2.06
2018.01.09 18:04:52.297,1.12594,1.12597,1.47,3.56
2018.01.09 18:04:52.842,1.12593,1.12596,3.82,1.25
2018.01.09 18:04:55.609,1.12594,1.12597,1.37,1.50
2018.01.09 18:04:57.718,1.12594,1.12597,1.87,1.50
2018.01.09 18:04:58.269,1.12596,1.12598,1.87,2.62
2018.01.09 18:04:58.734,1.12594,1.12597,1.37,2.81
2018.01.09 18:04:59.284,1.12593,1.12596,1.50,1.31
2018.01.09 18:05:04.156,1.12593,1.12596,1.50,1.31
2018.01.09 18:05:05.188,1.12593,1.12596,1.50,2.44
2018.01.09 18:05:07.203,1.12591,1.12592,1.10,1.00
2018.01.09 18:05:07.309,1.1259,1.12591,1.00,1.12
2018.01.09 18:05:07.825,1.12589,1.12591,1.12,1.12
2018.01.09 18:05:08.293,1.12588,1.1259,1.12,2.44
2018.01.09 18:05:08.805,1.12588,1.1259,1.50,2.44
2018.01.09 18:05:09.445,1.12588,1.1259,1.50,2.44
2018.01.09 18:05:10.410,1.12587,1.12588,1.50,1.00
2018.01.09 18:05:10.462,1.12585,1.12588,1.50,2.81
2018.01.09 18:05:10.985,1.12586,1.12588,1.31,2.06
2018.01.09 18:05:11.996,1.12586,1.12588,2.06,1.31
2018.01.09 18:05:12.571,1.12586,1.12588,1.37,1.31
2018.01.09 18:05:16.629,1.12585,1.12588,1.50,5.06
2018.01.09 18:05:16.681,1.12585,1.12587,1.00,1.37
2018.01.09 18:05:18.191,1.12585,1.12587,1.37,1.50
2018.01.09 18:05:20.197,1.12583,1.12586,1.57,2.81
2018.01.09 18:05:20.815,1.12583,1.12586,1.50,3.64
2018.01.09 18:05:22.238,1.12582,1.12585,1.87,8.06
2018.01.09 18:05:22.781,1.12582,1.12584,1.87,1.31
2018.01.09 18:05:23.282,1.12582,1.12585,1.87,2.44
2018.01.09 18:05:24.325,1.12582,1.12584,1.87,1.69
2018.01.09 18:05:25.103,1.12582,1.12584,1.00,3.56
2018.01.09 18:05:25.621,1.12582,1.12585,1.87,2.44
2018.01.09 18:05:31.960,1.12581,1.12584,3.75,1.31
2018.01.09 18:05:35.442,1.12581,1.12583,1.12,1.69
2018.01.09 18:05:35.547,1.12579,1.12581,1.12,1.50
2018.01.09 18:05:35.762,1.12577,1.12579,2.25,1.69
2018.01.09 18:05:38.216,1.12576,1.12579,1.12,3.64
2018.01.09 18:05:38.444,1.12575,1.12578,2.77,2.44
2018.01.09 18:05:39.055,1.12575,1.12578,2.02,2.14
2018.01.09 18:05:43.362,1.12574,1.12577,2.10,1.75
2018.01.09 18:05:43.875,1.12574,1.12577,2.06,2.25
2018.01.09 18:05:46.798,1.1257,1.12572,4.12,1.37
2018.01.09 18:05:50.485,1.12572,1.12573,1.00,1.12
2018.01.09 18:05:50.805,1.12574,1.12576,1.00,2.81
2018.01.09 18:05:51.522,1.12574,1.12576,1.00,2.44
2018.01.09 18:05:55.438,1.12573,1.12574,1.12,1.00
2018.01.09 18:05:55.491,1.12571,1.12574,2.70,1.12
2018.01.09 18:05:58.704,1.12571,1.12574,2.25,1.87
2018.01.09 18:05:59.963,1.12571,1.12573,1.50,1.12
2018.01.09 18:06:09.824,1.12573,1.12575,1.00,4.20
2018.01.09 18:06:10.393,1.12573,1.12576,1.00,4.31
2018.01.09 18:06:10.932,1.12573,1.12576,4.57,1.50
2018.01.09 18:06:11.678,1.12574,1.12576,1.00,1.12
2018.01.09 18:06:16.071,1.12579,1.1258,3.00,1.87
2018.01.09 18:06:16.332,1.12581,1.12584,1.87,2.62
2018.01.09 18:06:17.003,1.12581,1.12584,1.72,1.87
2018.01.09 18:06:17.387,1.12586,1.12587,1.00,7.12
2018.01.09 18:06:17.547,1.12587,1.1259,1.48,2.81
2018.01.09 18:06:19.628,1.12588,1.12591,1.20,1.50
2018.01.09 18:06:25.014,1.12587,1.1259,2.25,1.12
2018.01.09 18:06:27.621,1.12587,1.12589,1.12,1.00
2018.01.09 18:06:33.046,1.12591,1.12592,2.25,1.69
2018.01.09 18:06:33.151,1.12588,1.1259,1.76,1.00
2018.01.09 18:06:33.652,1.12587,1.1259,2.62,1.00
2018.01.09 18:06:37.209,1.12587,1.1259,1.87,2.32
2018.01.09 18:06:45.728,1.12586,1.12589,1.12,2.32
2018.01.09 18:06:50.592,1.12586,1.12589,1.50,3.45
2018.01.09 18:06:51.137,1.12586,1.12589,1.50,2.70
2018.01.09 18:06:59.722,1.12586,1.12589,1.50,2.32
2018.01.09 18:07:00.246,1.12581,1.12584,5.81,1.95
2018.01.09 18:07:00.403,1.1258,1.12583,2.70,1.12
2018.01.09 18:07:08.445,1.1258,1.12583,1.87,1.20
2018.01.09 18:07:09.009,1.1258,1.12583,3.45,1.12
2018.01.09 18:07:13.684,1.1258,1.12583,2.70,1.12
2018.01.09 18:07:14.239,1.1258,1.12583,1.17,1.50
2018.01.09 18:07:14.292,1.12576,1.12577,1.00,1.00
2018.01.09 18:07:14.397,1.12574,1.12577,1.00,3.00
2018.01.09 18:07:25.308,1.12574,1.12577,1.12,1.50
2018.01.09 18:07:25.361,1.12568,1.12571,4.20,1.87
2018.01.09 18:07:25.968,1.12568,1.12571,1.12,1.57
2018.01.09 18:07:28.524,1.12569,1.12572,1.00,3.45
2018.01.09 18:07:29.064,1.12569,1.12572,1.00,3.00
2018.01.09 18:07:29.596,1.12568,1.12571,1.50,1.00
2018.01.09 18:07:30.203,1.12572,1.12574,3.37,2.62
2018.01.09 18:07:32.175,1.12573,1.12575,1.00,1.50
2018.01.09 18:07:32.727,1.12573,1.12576,1.00,2.70
2018.01.09 18:07:33.268,1.12574,1.12576,1.00,1.50
2018.01.09 18:07:36.889,1.12574,1.12576,1.00,1.37
2018.01.09 18:07:42.721,1.12574,1.12576,1.00,1.87
2018.01.09 18:07:50.507,1.12574,1.12577,1.87,2.89
2018.01.09 18:07:50.820,1.12576,1.12578,1.00,1.95
2018.01.09 18:07:51.203,1.12578,1.12579,1.87,1.95
2018.01.09 18:07:51.257,1.12579,1.12581,1.00,1.12
2018.01.09 18:07:53.326,1.12579,1.12582,1.50,2.32
2018.01.09 18:08:06.215,1.12583,1.12584,2.25,3.94
2018.01.09 18:08:06.267,1.12585,1.12588,1.50,5.70
2018.01.09 18:08:06.808,1.12586,1.12588,1.00,1.57
2018.01.09 18:08:07.343,1.12586,1.12589,1.12,2.63
2018.01.09 18:08:07.549,1.12587,1.12589,1.37,1.31
2018.01.09 18:08:11.436,1.12587,1.1259,2.62,1.50
2018.01.09 18:08:12.241,1.1259,1.12591,1.00,3.94
2018.01.09 18:08:12.347,1.12592,1.12594,1.00,1.12
2018.01.09 18:08:12.876,1.12592,1.12595,2.32,2.06
2018.01.09 18:08:27.309,1.12596,1.12597,2.25,2.06
2018.01.09 18:08:27.364,1.12596,1.12598,3.00,1.57
2018.01.09 18:08:28.347,1.12597,1.12599,1.00,1.00
2018.01.09 18:08:28.682,1.12596,1.12598,1.30,4.31
2018.01.09 18:08:28.735,1.12594,1.12597,1.95,1.31
2018.01.09 18:08:31.317,1.12593,1.12596,4.95,1.12
2018.01.09 18:08:36.007,1.12593,1.12595,1.00,1.00
2018.01.09 18:09:09.571,1.12593,1.12596,3.75,1.00
2018.01.09 18:09:11.634,1.12594,1.12597,5.25,1.50
2018.01.09 18:09:12.531,1.12593,1.12596,4.20,1.00
2018.01.09 18:09:13.020,1.12595,1.12598,3.45,2.06
2018.01.09 18:09:13.601,1.12595,1.12598,1.12,5.44
2018.01.09 18:09:15.975,1.12594,1.12597,1.50,1.69
2018.01.09 18:09:17.591,1.12594,1.12596,1.00,1.69
2018.01.09 18:09:20.227,1.12594,1.12597,4.12,1.31
2018.01.09 18:09:36.354,1.12594,1.12597,1.00,4.31
2018.01.09 18:09:42.489,1.12593,1.12596,3.75,1.31
2018.01.09 18:09:45.531,1.12593,1.12596,2.25,1.25
2018.01.09 18:09:53.584,1.12592,1.12594,3.00,1.00
2018.01.09 18:09:53.688,1.1259,1.12593,2.25,3.19
2018.01.09 18:09:54.323,1.12589,1.12592,3.00,1.00
2018.01.09 18:09:54.841,1.1259,1.12593,1.37,3.45
2018.01.09 18:09:55.378,1.12589,1.12592,3.00,1.25
2018.01.09 18:09:56.131,1.1259,1.12593,1.12,6.26
2018.01.09 18:09:57.042,1.1259,1.12593,1.12,2.62
2018.01.09 18:09:57.592,1.1259,1.12593,1.95,1.87
2018.01.09 18:10:00.339,1.12592,1.12594,1.87,1.95
2018.01.09 18:10:00.443,1.12593,1.12596,1.50,5.89
2018.01.09 18:10:00.596,1.12595,1.12597,1.12,1.12
2018.01.09 18:10:01.973,1.12594,1.12597,3.37,1.50
2018.01.09 18:10:08.253,1.12594,1.12597,3.00,1.50
2018.01.09 18:10:12.925,1.12595,1.12598,1.37,3.07
2018.01.09 18:10:16.418,1.12595,1.12598,1.12,2.32
2018.01.09 18:10:17.463,1.12594,1.12596,1.50,1.00
2018.01.09 18:10:26.584,1.12592,1.12595,6.45,1.12
2018.01.09 18:10:27.424,1.1259,1.12592,1.00,1.00
2018.01.09 18:10:28.688,1.1259,1.12593,1.37,3.75
2018.01.09 18:10:29.959,1.1259,1.12593,1.12,3.94
2018.01.09 18:10:33.596,1.1259,1.12593,1.37,3.94
2018.01.09 18:10:40.431,1.12591,1.12593,1.12,1.87
2018.01.09 18:10:46.410,1.12591,1.12593,8.70,1.00
2018.01.09 18:10:46.463,1.12593,1.12596,1.37,3.64
2018.01.09 18:10:50.820,1.12593,1.12596,2.25,2.44
2018.01.09 18:10:57.693,1.12594,1.12596,2.62,1.00
2018.01.09 18:10:58.212,1.12595,1.12598,2.25,2.70
2018.01.09 18:10:58.769,1.12595,1.12598,2.62,2.70
2018.01.09 18:10:59.445,1.12595,1.12598,2.62,2.62
2018.01.09 18:10:59.757,1.12598,1.12601,3.37,1.12
2018.01.09 18:11:00.166,1.12597,1.12599,1.57,1.50
2018.01.09 18:11:00.684,1.12596,1.12599,1.12,2.81
2018.01.09 18:11:01.194,1.12595,1.12598,3.75,1.00
2018.01.09 18:11:01.712,1.12594,1.12597,3.07,1.00
2018.01.09 18:11:02.859,1.12593,1.12595,3.82,1.87
2018.01.09 18:11:03.022,1.12587,1.1259,3.45,1.87
2018.01.09 18:11:06.492,1.12588,1.1259,1.00,1.69
2018.01.09 18:11:07.195,1.12588,1.1259,1.37,1.31
2018.01.09 18:11:07.721,1.12588,1.1259,1.00,1.62
2018.01.09 18:11:11.468,1.12587,1.1259,1.87,3.19
2018.01.09 18:11:13.346,1.12589,1.1259,1.12,3.00
2018.01.09 18:11:13.663,1.1259,1.12591,1.00,1.00
2018.01.09 18:11:14.458,1.1259,1.12592,1.00,2.51
2018.01.09 18:11:15.431,1.12591,1.12593,4.50,2.74
2018.01.09 18:11:15.483,1.12594,1.12595,1.12,1.00
2018.01.09 18:11:16.057,1.12594,1.12596,1.00,2.44
2018.01.09 18:11:17.033,1.12594,1.12596,1.00,2.25
2018.01.09 18:11:24.689,1.12592,1.12593,2.32,1.00
2018.01.09 18:11:25.240,1.1259,1.12592,1.00,2.25
2018.01.09 18:11:25.961,1.1259,1.12591,1.00,1.00
2018.01.09 18:11:27.196,1.12588,1.1259,1.87,2.25
2018.01.09 18:11:27.353,1.12587,1.12588,1.00,1.00
2018.01.09 18:11:27.990,1.12587,1.12589,1.00,2.25
2018.01.09 18:11:31.187,1.12585,1.12587,2.25,1.95
2018.01.09 18:11:32.210,1.12585,1.12587,1.00,3.37
2018.01.09 18:11:32.417,1.12587,1.12589,1.00,5.06
2018.01.09 18:11:33.563,1.12587,1.12589,1.00,3.64
2018.01.09 18:11:33.804,1.12585,1.12587,1.57,1.50
2018.01.09 18:11:34.821,1.12585,1.12587,1.00,4.01
2018.01.09 18:11:42.508,1.12584,1.12585,1.31,1.00
2018.01.09 18:11:43.059,1.12584,1.12585,1.00,1.95
2018.01.09 18:11:48.445,1.12583,1.12585,1.00,2.32
2018.01.09 18:11:48.946,1.12583,1.12585,1.00,2.32
2018.01.09 18:11:50.951,1.12583,1.12585,1.00,2.32
2018.01.09 18:11:51.846,1.12583,1.12586,2.25,1.95
2018.01.09 18:11:52.002,1.12585,1.12587,1.50,9.30
2018.01.09 18:11:52.520,1.12586,1.12588,1.00,3.64
2018.01.09 18:11:56.312,1.12585,1.12588,1.87,4.76
2018.01.09 18:11:57.078,1.12584,1.12586,1.50,1.12
2018.01.09 18:11:57.602,1.12583,1.12586,1.87,3.82
2018.01.09 18:12:05.371,1.12584,1.12586,1.12,1.12
2018.01.09 18:12:05.914,1.12585,1.12587,1.87,1.10
2018.01.09 18:12:29.263,1.12586,1.12587,1.50,1.12
2018.01.09 18:12:29.367,1.12586,1.12589,3.00,1.57
2018.01.09 18:12:29.967,1.12587,1.1259,1.00,4.76
2018.01.09 18:12:30.488,1.12587,1.1259,2.25,1.76
2018.01.09 18:12:31.441,1.12586,1.12588,1.50,1.50
2018.01.09 18:12:31.958,1.12584,1.12587,2.25,5.32
2018.01.09 18:12:32.488,1.12584,1.12587,1.50,4.57
2018.01.09 18:12:33.017,1.12584,1.12586,1.00,1.12
2018.01.09 18:12:33.643,1.12583,1.12586,3.19,1.50
2018.01.09 18:12:40.882,1.12583,1.12586,1.87,4.76
2018.01.09 18:12:43.480,1.12582,1.12584,1.50,1.12
2018.01.09 18:12:43.794,1.12585,1.12587,1.12,1.12
2018.01.09 18:12:47.175,1.12583,1.12586,4.87,1.00
2018.01.09 18:12:47.698,1.12583,1.12586,1.12,2.32
2018.01.09 18:12:53.199,1.12585,1.12587,1.50,4.69
2018.01.09 18:12:53.718,1.12587,1.12589,1.12,1.76
2018.01.09 18:12:54.299,1.12587,1.1259,2.62,1.95
2018.01.09 18:13:06.195,1.12587,1.1259,2.25,3.07
2018.01.09 18:13:11.252,1.12587,1.1259,2.25,1.20
2018.01.09 18:13:14.695,1.12587,1.12589,2.62,1.00
2018.01.09 18:13:17.517,1.12587,1.12589,1.00,2.25
2018.01.09 18:13:19.310,1.12587,1.12589,1.00,1.50
2018.01.09 18:13:20.489,1.12587,1.1259,6.75,1.20
2018.01.09 18:13:20.547,1.12589,1.12591,1.00,1.20
2018.01.09 18:13:21.083,1.1259,1.12592,1.00,2.70
2018.01.09 18:13:24.872,1.1259,1.12591,1.00,1.00
2018.01.09 18:13:25.453,1.12589,1.12591,1.50,1.12
2018.01.09 18:13:25.970,1.12588,1.12591,2.25,1.47
2018.01.09 18:13:27.134,1.12587,1.1259,3.37,1.12
2018.01.09 18:13:28.157,1.12587,1.12589,1.12,1.87
2018.01.09 18:13:28.817,1.12586,1.12589,2.06,3.37
2018.01.09 18:13:29.475,1.12586,1.12589,2.06,3.07
2018.01.09 18:13:33.396,1.12584,1.12586,1.00,3.07
2018.01.09 18:13:33.711,1.12583,1.12585,1.00,3.26
2018.01.09 18:13:34.366,1.12583,1.12585,1.00,2.89
2018.01.09 18:13:35.149,1.12583,1.12584,1.00,1.00
2018.01.09 18:13:35.444,1.12581,1.12584,5.25,1.00
2018.01.09 18:13:42.083,1.12581,1.12584,4.87,1.57
2018.01.09 18:13:51.999,1.12581,1.12584,3.00,1.50
2018.01.09 18:13:52.599,1.12582,1.12585,1.50,2.51
2018.01.09 18:13:52.756,1.12584,1.12585,1.00,1.01
2018.01.09 18:13:52.808,1.12584,1.12587,3.00,2.25
2018.01.09 18:13:58.483,1.12584,1.12587,3.00,1.50
2018.01.09 18:13:59.004,1.12583,1.12586,2.06,2.70
2018.01.09 18:14:00.595,1.12582,1.12585,3.75,1.57
2018.01.09 18:14:01.600,1.12582,1.12585,3.37,2.89
2018.01.09 18:14:03.163,1.12582,1.12585,1.87,5.14
2018.01.09 18:14:07.070,1.1258,1.12582,2.81,3.25
2018.01.09 18:14:07.123,1.12577,1.12579,1.50,1.12
2018.01.09 18:14:07.641,1.12577,1.1258,1.50,8.17
2018.01.09 18:14:08.201,1.12576,1.12579,3.00,1.95
2018.01.09 18:14:16.335,1.12576,1.12579,3.00,1.57
2018.01.09 18:14:24.192,1.12577,1.1258,1.50,3.11
2018.01.09 18:14:26.252,1.12577,1.12579,2.25,1.00
2018.01.09 18:14:27.217,1.12578,1.12579,1.00,1.12
2018.01.09 18:14:27.753,1.12577,1.1258,2.62,2.74
2018.01.09 18:14:28.886,1.12578,1.12581,1.50,2.51
2018.01.09 18:14:29.402,1.12578,1.12581,2.25,1.12
2018.01.09 18:14:29.961,1.12578,1.1258,2.25,1.00
2018.01.09 18:14:31.179,1.12577,1.1258,2.62,1.12
2018.01.09 18:14:31.695,1.12577,1.1258,1.50,5.17
2018.01.09 18:14:32.201,1.12577,1.1258,2.62,1.39
2018.01.09 18:14:33.224,1.12579,1.12581,1.00,1.01
2018.01.09 18:14:33.736,1.12579,1.12581,1.00,1.25
2018.01.09 18:14:34.239,1.1258,1.12582,1.00,1.00
2018.01.09 18:14:39.162,1.12579,1.12581,1.50,1.12
2018.01.09 18:14:39.771,1.12578,1.12581,4.12,1.00
2018.01.09 18:14:40.608,1.12579,1.12582,1.00,1.87
2018.01.09 18:14:41.343,1.12581,1.12583,1.12,1.57
2018.01.09 18:14:41.397,1.12582,1.12585,1.12,5.32
2018.01.09 18:14:41.912,1.12583,1.12586,1.00,4.76
2018.01.09 18:14:44.403,1.12584,1.12587,1.00,4.01
2018.01.09 18:14:45.018,1.12585,1.12587,1.00,1.25
2018.01.09 18:14:49.547,1.12584,1.12587,3.00,1.50
2018.01.09 18:14:56.654,1.12584,1.12587,1.12,2.20
2018.01.09 18:15:00.470,1.12583,1.12586,1.50,1.87
2018.01.09 18:15:00.816,1.12582,1.12585,1.50,5.51
2018.01.09 18:15:01.341,1.12582,1.12585,1.87,1.95
2018.01.09 18:15:01.662,1.12584,1.12586,1.00,1.57
2018.01.09 18:15:02.212,1.12584,1.12587,1.50,2.62
2018.01.09 18:15:02.756,1.12584,1.12587,1.00,3.79
2018.01.09 18:15:07.878,1.12583,1.12586,1.12,2.32
2018.01.09 18:15:15.018,1.12583,1.12586,1.12,5.32
2018.01.09 18:15:16.307,1.12582,1.12585,1.87,7.39
2018.01.09 18:15:19.241,1.12583,1.12586,1.37,4.01
2018.01.09 18:15:20.601,1.12583,1.12586,1.50,3.64
2018.01.09 18:15:25.689,1.12583,1.12586,1.12,4.39
2018.01.09 18:15:26.223,1.12582,1.12585,1.12,2.51
2018.01.09 18:15:28.225,1.12582,1.12585,1.12,5.14
2018.01.09 18:15:32.255,1.12583,1.12584,1.00,1.00
2018.01.09 18:15:32.574,1.12584,1.12586,1.41,1.50
2018.01.09 18:15:33.134,1.12584,1.12586,1.12,1.50
2018.01.09 18:15:37.174,1.12584,1.12586,1.12,1.50
2018.01.09 18:15:38.315,1.12584,1.12586,1.12,1.50
2018.01.09 18:15:40.229,1.12584,1.12586,1.12,1.50
2018.01.09 18:15:44.204,1.12585,1.12587,1.39,2.62
2018.01.09 18:15:44.257,1.12586,1.12589,1.12,2.62
2018.01.09 18:15:46.924,1.12587,1.12589,1.10,1.00
2018.01.09 18:15:46.976,1.12588,1.1259,1.87,1.00
2018.01.09 18:15:47.620,1.12588,1.12591,2.62,2.06
2018.01.09 18:15:51.939,1.12588,1.1259,2.25,1.00
2018.01.09 18:16:09.640,1.12588,1.12591,2.25,1.87
2018.01.09 18:16:15.658,1.12588,1.12591,1.87,2.44
2018.01.09 18:16:16.199,1.12587,1.12588,1.57,1.50
2018.01.09 18:16:16.390,1.12585,1.12588,1.10,3.75
2018.01.09 18:16:17.298,1.12585,1.12588,1.10,3.75
2018.01.09 18:16:18.367,1.12585,1.12588,1.10,3.00
2018.01.09 18:16:19.503,1.12584,1.12586,1.46,1.00
2018.01.09 18:16:20.024,1.12584,1.12586,1.95,1.00
2018.01.09 18:16:23.751,1.12587,1.12588,1.00,1.54
2018.01.09 18:16:23.804,1.12587,1.1259,1.50,2.70
2018.01.09 18:16:24.418,1.12587,1.1259,1.50,2.25
2018.01.09 18:16:30.157,1.12586,1.12589,5.70,1.00
2018.01.09 18:16:30.690,1.12586,1.12589,1.87,1.00
2018.01.09 18:16:32.758,1.12586,1.12589,2.25,1.50
2018.01.09 18:16:35.234,1.12588,1.12591,3.00,1.87
2018.01.09 18:16:38.535,1.1259,1.12592,1.00,3.19
2018.01.09 18:16:38.844,1.12596,1.12598,2.44,1.00
2018.01.09 18:16:39.364,1.12596,1.12599,1.00,7.24
2018.01.09 18:16:39.878,1.12595,1.12599,2.51,8.74
2018.01.09 18:16:40.327,1.12594,1.12597,1.87,1.95
2018.01.09 18:16:54.845,1.12589,1.12592,2.44,1.57
2018.01.09 18:16:55.355,1.12589,1.12592,1.87,4.76
2018.01.09 18:16:56.569,1.12589,1.12592,1.87,4.39
2018.01.09 18:16:58.666,1.1259,1.12593,1.12,4.42
2018.01.09 18:16:58.981,1.12593,1.12596,2.06,3.45
2018.01.09 18:17:04.231,1.12594,1.12596,1.37,1.00
2018.01.09 18:17:09.051,1.12598,1.12601,1.12,4.31
2018.01.09 18:17:09.104,1.12598,1.12601,2.62,1.87
2018.01.09 18:17:16.481,1.126,1.12601,1.00,1.00
2018.01.09 18:17:20.127,1.12598,1.126,1.50,1.50
2018.01.09 18:17:20.598,1.126,1.12602,1.00,1.57
2018.01.09 18:17:21.195,1.126,1.12602,1.00,1.50
2018.01.09 18:17:21.732,1.126,1.12602,1.00,1.50
2018.01.09 18:17:23.562,1.12601,1.12604,1.00,1.95
2018.01.09 18:17:24.754,1.12601,1.12604,1.19,2.62
2018.01.09 18:17:28.311,1.12601,1.12604,1.00,5.51
2018.01.09 18:17:33.798,1.12601,1.12603,1.00,2.25
2018.01.09 18:17:35.673,1.12601,1.12604,1.00,2.70
2018.01.09 18:17:57.038,1.12601,1.12604,1.00,2.70
2018.01.09 18:17:57.639,1.12602,1.12604,1.00,2.62
2018.01.09 18:17:58.121,1.12605,1.12606,1.00,1.31
2018.01.09 18:17:58.361,1.12605,1.12608,1.10,1.50
2018.01.09 18:18:01.109,1.12607,1.12609,1.00,4.69
2018.01.09 18:18:01.316,1.12605,1.12608,1.95,1.37
2018.01.09 18:18:02.168,1.12606,1.12608,1.00,1.00
2018.01.09 18:18:08.387,1.12607,1.12609,1.00,1.20
2018.01.09 18:18:10.680,1.12607,1.1261,1.00,2.89
2018.01.09 18:18:11.013,1.12612,1.12613,1.12,1.69
2018.01.09 18:18:11.117,1.12612,1.12614,2.62,1.00
2018.01.09 18:18:11.535,1.12613,1.12616,1.12,2.51
2018.01.09 18:18:18.294,1.12613,1.12616,1.87,2.14
2018.01.09 18:18:18.848,1.12613,1.12616,1.87,2.14
2018.01.09 18:18:25.049,1.12613,1.12614,1.50,1.00
2018.01.09 18:18:25.358,1.12609,1.12611,1.00,1.50
2018.01.09 18:18:26.141,1.12609,1.12611,1.00,2.25
2018.01.09 18:18:43.435,1.12608,1.1261,1.00,1.76
2018.01.09 18:18:43.965,1.12608,1.1261,1.00,4.31
2018.01.09 18:18:48.564,1.12606,1.12607,1.00,1.00
2018.01.09 18:18:49.057,1.12607,1.12609,1.00,2.44
2018.01.09 18:18:52.197,1.12607,1.12609,1.00,2.06
2018.01.09 18:18:53.577,1.12609,1.1261,1.00,1.87
2018.01.09 18:18:54.116,1.12609,1.12611,1.50,1.12
2018.01.09 18:18:58.157,1.12612,1.12615,3.19,1.12
2018.01.09 18:18:58.210,1.12615,1.12617,1.00,2.25
2018.01.09 18:19:04.491,1.12615,1.12617,1.00,7.76
2018.01.09 18:19:07.087,1.12615,1.12617,1.00,2.81
2018.01.09 18:19:09.607,1.12615,1.12617,1.00,4.39
2018.01.09 18:19:11.215,1.12614,1.12615,1.00,1.00
2018.01.09 18:19:12.500,1.12612,1.12614,1.50,1.12
2018.01.09 18:19:13.148,1.12613,1.12615,1.00,6.52
2018.01.09 18:19:14.354,1.12615,1.12617,1.00,3.64
2018.01.09 18:19:14.875,1.12615,1.12617,1.00,2.25
2018.01.09 18:19:22.989,1.12616,1.12619,1.00,3.67
2018.01.09 18:19:25.880,1.12619,1.12621,1.00,3.94
2018.01.09 18:19:25.933,1.1262,1.12621,1.87,1.00
2018.01.09 18:19:25.986,1.12621,1.12623,1.00,1.00
2018.01.09 18:19:26.499,1.12621,1.12623,1.00,1.00
2018.01.09 18:19:31.615,1.12622,1.12625,1.50,3.60
2018.01.09 18:19:31.720,1.12621,1.12622,2.25,1.00
2018.01.09 18:19:32.439,1.12622,1.12624,1.50,1.87
2018.01.09 18:19:34.199,1.12623,1.12625,1.50,2.47
2018.01.09 18:19:42.404,1.12624,1.12627,1.50,2.66
2018.01.09 18:19:42.457,1.12625,1.12627,1.50,1.10
2018.01.09 18:19:43.387,1.12626,1.12628,1.00,1.69
2018.01.09 18:19:45.353,1.12627,1.12628,1.00,1.25
2018.01.09 18:19:45.899,1.12627,1.12629,1.50,3.75
2018.01.09 18:19:46.408,1.12628,1.12631,1.87,2.10
2018.01.09 18:19:47.175,1.12629,1.12631,1.00,2.10
2018.01.09 18:20:04.118,1.12619,1.1262,2.44,1.50
2018.01.09 18:20:04.287,1.12615,1.12618,1.87,7.46
2018.01.09 18:20:04.797,1.12615,1.12618,1.87,4.61
2018.01.09 18:20:05.362,1.12616,1.12618,1.50,3.86
2018.01.09 18:20:06.345,1.12617,1.12619,1.00,2.17
2018.01.09 18:20:06.398,1.1262,1.12622,1.12,4.31
2018.01.09 18:20:06.452,1.12621,1.12622,1.12,1.25
2018.01.09 18:20:07.509,1.12621,1.12623,1.00,2.25
2018.01.09 18:20:12.325,1.12621,1.12623,1.00,2.32
2018.01.09 18:20:12.479,1.1262,1.12622,1.12,2.25
2018.01.09 18:20:31.212,1.1262,1.12622,1.12,1.37
2018.01.09 18:20:34.172,1.1262,1.12622,1.87,1.37
2018.01.09 18:20:34.702,1.12619,1.1262,1.00,1.87
2018.01.09 18:20:35.219,1.12618,1.12619,1.12,1.50
2018.01.09 18:20:41.659,1.12617,1.12619,1.50,7.42
2018.01.09 18:20:42.164,1.12616,1.12617,1.50,1.00
2018.01.09 18:20:42.665,1.12617,1.12618,1.00,1.50
2018.01.09 18:20:51.071,1.12617,1.12619,1.00,2.89
2018.01.09 18:20:51.581,1.12617,1.12618,1.00,1.00
2018.01.09 18:21:05.145,1.12613,1.12615,3.82,4.16
2018.01.09 18:21:05.685,1.12613,1.12614,1.12,1.12
2018.01.09 18:21:07.095,1.12613,1.12615,1.87,1.12
2018.01.09 18:21:07.670,1.12614,1.12615,1.00,1.12
2018.01.09 18:21:09.456,1.12614,1.12616,2.12,2.32
2018.01.09 18:21:10.138,1.12615,1.12616,1.12,1.00
2018.01.09 18:21:10.242,1.12617,1.12618,1.00,2.62
2018.01.09 18:21:11.685,1.12617,1.12619,1.00,8.14
2018.01.09 18:21:12.287,1.12617,1.12619,1.00,7.39
2018.01.09 18:21:21.194,1.12617,1.12618,1.00,1.00
2018.01.09 18:21:26.683,1.12616,1.12617,1.00,1.00
2018.01.09 18:21:27.689,1.12617,1.12618,1.00,4.12
2018.01.09 18:21:34.229,1.12617,1.12619,1.00,10.01
2018.01.09 18:21:34.766,1.12617,1.12618,1.00,1.00
2018.01.09 18:21:37.770,1.12616,1.12617,1.00,1.12
2018.01.09 18:21:43.987,1.12616,1.12618,1.00,4.31
2018.01.09 18:21:54.257,1.12616,1.12617,1.00,1.00
2018.01.09 18:21:55.730,1.12615,1.12616,1.87,1.00
2018.01.09 18:21:56.571,1.12616,1.12617,1.00,3.00
2018.01.09 18:21:57.195,1.12615,1.12616,1.12,1.00
2018.01.09 18:21:58.193,1.12616,1.12617,1.00,3.37
2018.01.09 18:21:58.815,1.12615,1.12616,1.00,1.00
2018.01.09 18:21:58.867,1.12614,1.12616,3.00,1.12
2018.01.09 18:21:59.144,1.12612,1.12614,1.87,1.50
2018.01.09 18:21:59.458,1.12614,1.12615,1.12,1.00
2018.01.09 18:21:59.970,1.12614,1.12616,1.12,5.06
2018.01.09 18:22:00.512,1.12615,1.12616,1.00,2.62
2018.01.09 18:22:06.189,1.12614,1.12615,1.50,1.87
2018.01.09 18:22:07.689,1.12614,1.12616,1.87,3.07
2018.01.09 18:22:08.609,1.12614,1.12616,1.12,5.51
2018.01.09 18:22:09.865,1.12614,1.12616,1.87,1.76
2018.01.09 18:22:26.100,1.12615,1.12617,1.00,8.70
2018.01.09 18:22:27.066,1.12615,1.12617,1.00,3.45
2018.01.09 18:22:29.005,1.12614,1.12615,1.00,2.44
2018.01.09 18:22:29.662,1.12615,1.12617,3.00,2.87
2018.01.09 18:22:29.820,1.12619,1.12621,1.87,1.57
2018.01.09 18:22:30.355,1.1262,1.12622,1.50,2.25
2018.01.09 18:22:32.402,1.12619,1.1262,1.12,1.50
2018.01.09 18:22:33.069,1.12617,1.12619,1.00,4.12
2018.01.09 18:22:33.372,1.12611,1.12612,1.00,1.05
2018.01.09 18:22:34.831,1.1261,1.12612,1.50,2.29
2018.01.09 18:22:35.888,1.12607,1.12608,1.10,1.00
2018.01.09 18:22:35.994,1.12608,1.1261,1.12,4.50
2018.01.09 18:22:36.498,1.12608,1.12611,2.25,5.81
2018.01.09 18:22:37.885,1.12609,1.12611,1.00,1.31
2018.01.09 18:22:38.438,1.12608,1.12611,2.62,5.44
2018.01.09 18:22:39.645,1.12608,1.1261,1.00,3.37
2018.01.09 18:22:39.804,1.1261,1.12612,1.00,1.69
2018.01.09 18:22:40.116,1.12611,1.12612,1.12,1.69
2018.01.09 18:22:40.731,1.12611,1.12612,1.00,1.69
2018.01.09 18:22:48.242,1.12613,1.12615,2.87,3.19
2018.01.09 18:22:48.347,1.12614,1.12616,1.50,1.95
2018.01.09 18:22:50.224,1.12614,1.12617,1.00,6.26
2018.01.09 18:22:52.092,1.12614,1.12617,1.12,5.89
2018.01.09 18:22:52.624,1.12614,1.12617,1.12,7.20
2018.01.09 18:22:53.656,1.12615,1.12616,1.00,3.00
2018.01.09 18:22:56.776,1.12613,1.12616,1.87,3.75
2018.01.09 18:22:57.603,1.12613,1.12616,1.87,3.37
2018.01.09 18:22:58.163,1.12615,1.12617,1.00,8.14
2018.01.09 18:22:59.810,1.12616,1.12618,1.00,2.81
2018.01.09 18:22:59.994,1.12617,1.12619,1.50,1.01
2018.01.09 18:23:00.046,1.12619,1.12621,1.00,5.25
2018.01.09 18:23:00.099,1.1262,1.12623,1.87,4.43
2018.01.09 18:23:00.204,1.12622,1.12623,1.00,1.00
2018.01.09 18:23:00.753,1.12622,1.12624,1.00,2.55
2018.01.09 18:23:03.181,1.12622,1.12624,1.00,3.64
2018.01.09 18:23:03.700,1.12621,1.12623,1.00,1.50
2018.01.09 18:23:11.566,1.12621,1.12622,1.87,1.00
2018.01.09 18:23:13.042,1.12621,1.12623,1.87,1.12
2018.01.09 18:23:15.895,1.12619,1.1262,1.87,3.79
2018.01.09 18:23:16.233,1.12617,1.12619,1.00,3.56
2018.01.09 18:23:16.286,1.12616,1.12619,1.00,3.19
2018.01.09 18:23:20.244,1.12616,1.12619,2.12,4.31
2018.01.09 18:23:49.864,1.12616,1.12617,1.00,1.00
2018.01.09 18:23:50.867,1.12616,1.12618,1.00,7.31
2018.01.09 18:24:08.437,1.12615,1.12618,2.51,4.69
2018.01.09 18:24:08.542,1.12613,1.12614,1.00,1.50
2018.01.09 18:24:08.922,1.12615,1.12616,1.00,1.12
2018.01.09 18:24:09.444,1.12616,1.12617,1.00,2.25
2018.01.09 18:24:09.953,1.12615,1.12617,1.00,3.00
2018.01.09 18:24:10.432,1.12613,1.12614,1.57,2.25
2018.01.09 18:24:10.743,1.12611,1.12612,2.51,1.25
2018.01.09 18:24:10.953,1.12615,1.12616,1.00,1.00
2018.01.09 18:24:11.702,1.12615,1.12617,1.00,3.37
2018.01.09 18:24:12.660,1.12615,1.12616,1.00,1.00
2018.01.09 18:24:20.897,1.12615,1.12617,1.00,1.87
2018.01.09 18:24:21.413,1.12616,1.12617,1.00,1.12
2018.01.09 18:24:24.002,1.12615,1.12617,1.00,1.12
2018.01.09 18:24:24.737,1.12616,1.12617,1.00,1.12
2018.01.09 18:24:26.144,1.12614,1.12617,7.39,4.87
2018.01.09 18:24:26.765,1.12614,1.12615,2.32,2.25
2018.01.09 18:24:26.817,1.12613,1.12614,1.12,1.00
2018.01.09 18:24:27.379,1.12613,1.12615,2.12,2.62
2018.01.09 18:24:27.896,1.12614,1.12616,1.00,8.25
2018.01.09 18:24:28.430,1.12615,1.12616,1.00,5.25
2018.01.09 18:24:28.946,1.12615,1.12617,1.50,1.12
2018.01.09 18:24:29.907,1.12615,1.12616,1.50,1.00
2018.01.09 18:24:30.954,1.12615,1.12617,1.87,2.25
2018.01.09 18:24:34.924,1.12616,1.12618,1.10,5.06
2018.01.09 18:24:42.513,1.12617,1.12618,1.00,1.69
2018.01.09 18:24:50.248,1.12614,1.12616,2.81,1.37
2018.01.09 18:24:50.301,1.12613,1.12614,1.00,2.25
2018.01.09 18:24:51.203,1.12612,1.12614,1.00,1.87
2018.01.09 18:24:53.275,1.12613,1.12614,1.00,2.25
2018.01.09 18:24:53.946,1.12611,1.12612,1.12,1.69
2018.01.09 18:24:54.469,1.12611,1.12612,1.00,2.06
2018.01.09 18:24:56.143,1.12612,1.12613,1.87,1.00
2018.01.09 18:24:56.454,1.12614,1.12616,1.12,6.75
2018.01.09 18:24:58.443,1.12614,1.12616,1.50,1.12
2018.01.09 18:25:00.318,1.12615,1.12616,1.00,1.12
2018.01.09 18:25:04.026,1.12613,1.12615,2.81,1.87
2018.01.09 18:25:06.079,1.12613,1.12616,3.07,3.00
2018.01.09 18:25:12.154,1.12612,1.12613,1.50,1.50
2018.01.09 18:25:12.747,1.12611,1.12612,1.69,1.15
2018.01.09 18:25:15.746,1.12614,1.12616,1.00,1.95
2018.01.09 18:25:16.250,1.12614,1.12616,1.00,3.00
2018.01.09 18:25:17.147,1.12613,1.12614,1.00,1.50
2018.01.09 18:25:17.199,1.12612,1.12614,1.12,1.50
2018.01.09 18:25:17.459,1.12613,1.12616,2.25,3.82
2018.01.09 18:25:25.263,1.12614,1.12616,1.00,1.50
2018.01.09 18:25:25.822,1.12614,1.12616,1.00,1.12
2018.01.09 18:25:29.700,1.12613,1.12615,1.12,1.91
2018.01.09 18:25:30.335,1.12613,1.12616,2.44,4.12
2018.01.09 18:25:31.410,1.12613,1.12614,1.12,1.50
2018.01.09 18:25:32.623,1.12613,1.12615,1.00,2.25
2018.01.09 18:25:45.888,1.12612,1.12614,1.95,4.12
2018.01.09 18:25:46.412,1.12613,1.12615,1.12,1.87
2018.01.09 18:25:49.212,1.12612,1.12614,1.57,1.50
2018.01.09 18:25:53.625,1.12611,1.12613,1.20,3.37
2018.01.09 18:25:54.267,1.12611,1.12612,1.00,1.69
2018.01.09 18:26:02.527,1.1261,1.12612,1.00,3.56
2018.01.09 18:26:04.173,1.12609,1.1261,1.50,1.00
2018.01.09 18:26:04.717,1.12608,1.1261,2.81,1.00
2018.01.09 18:26:08.827,1.12608,1.1261,2.06,1.00
2018.01.09 18:26:09.517,1.12608,1.1261,2.06,1.00
2018.01.09 18:26:10.767,1.12608,1.1261,2.06,1.00
2018.01.09 18:26:18.622,1.12608,1.1261,1.69,1.12
2018.01.09 18:26:29.152,1.12608,1.12609,1.69,1.00
2018.01.09 18:26:30.427,1.12608,1.1261,1.69,1.12
2018.01.09 18:26:35.053,1.12608,1.12609,1.69,1.00
2018.01.09 18:26:41.756,1.12607,1.12609,2.44,1.00
2018.01.09 18:26:43.180,1.12605,1.12608,5.44,1.87
2018.01.09 18:26:44.609,1.12606,1.12608,1.25,1.87
2018.01.09 18:26:53.791,1.12605,1.12608,5.06,2.62
2018.01.09 18:26:54.953,1.12606,1.12608,1.25,2.62
2018.01.09 18:26:56.001,1.12605,1.12608,5.14,1.50
2018.01.09 18:26:56.540,1.12608,1.12609,1.50,1.00
2018.01.09 18:26:59.348,1.12607,1.12609,1.00,1.00
2018.01.09 18:27:00.423,1.12607,1.12608,1.00,1.00
2018.01.09 18:27:07.069,1.12604,1.12605,3.00,1.00
2018.01.09 18:27:07.394,1.12602,1.12603,1.69,1.00
2018.01.09 18:27:08.106,1.12601,1.12602,1.69,1.00
2018.01.09 18:27:09.197,1.12601,1.12602,1.69,1.00
2018.01.09 18:27:14.905,1.12601,1.12603,1.69,1.00
2018.01.09 18:27:18.102,1.12599,1.12601,1.00,2.25
2018.01.09 18:27:18.413,1.12596,1.12598,2.06,1.00
2018.01.09 18:27:19.301,1.12596,1.12598,1.69,1.00
2018.01.09 18:27:21.604,1.12596,1.12599,2.06,2.62
2018.01.09 18:27:23.014,1.12598,1.12601,1.12,2.51
2018.01.09 18:27:23.118,1.12599,1.12602,1.50,3.07
2018.01.09 18:27:23.669,1.12599,1.12601,1.69,1.00
2018.01.09 18:27:23.773,1.12597,1.126,2.25,2.14
2018.01.09 18:27:25.017,1.12597,1.126,1.12,4.46
2018.01.09 18:27:30.390,1.12596,1.12599,2.06,1.20
2018.01.09 18:27:31.567,1.12596,1.12599,2.81,1.20
2018.01.09 18:27:35.351,1.12596,1.12599,1.69,1.95
2018.01.09 18:27:39.793,1.12596,1.12599,2.06,2.32
2018.01.09 18:27:52.261,1.12595,1.12598,1.69,3.00
2018.01.09 18:27:54.278,1.12594,1.12596,1.25,1.12
2018.01.09 18:27:54.896,1.12593,1.12596,1.31,1.12
2018.01.09 18:27:58.663,1.12592,1.12595,2.89,1.87
2018.01.09 18:27:59.221,1.12592,1.12594,1.87,1.00
2018.01.09 18:28:00.080,1.12594,1.12596,1.00,1.20
2018.01.09 18:28:01.115,1.12593,1.12596,1.69,1.50
2018.01.09 18:28:01.635,1.12593,1.12596,2.44,1.50
2018.01.09 18:28:08.389,1.12594,1.12597,1.31,3.26
2018.01.09 18:28:11.217,1.12594,1.12596,1.12,1.00
2018.01.09 18:28:13.450,1.12594,1.12597,1.31,3.45
2018.01.09 18:28:22.601,1.12594,1.12597,2.06,2.32
2018.01.09 18:28:23.339,1.12593,1.12596,2.81,1.00
2018.01.09 18:28:23.869,1.12593,1.12596,2.06,3.07
2018.01.09 18:28:24.180,1.12592,1.12594,1.37,2.81
2018.01.09 18:28:24.762,1.12592,1.12594,1.00,2.81
2018.01.09 18:28:26.418,1.12591,1.12594,2.81,2.81
2018.01.09 18:28:26.945,1.12591,1.12593,1.00,1.50
2018.01.09 18:28:27.487,1.1259,1.12592,2.81,1.00
2018.01.09 18:28:28.740,1.1259,1.12593,1.69,5.32
2018.01.09 18:28:33.263,1.1259,1.12593,2.44,3.82
2018.01.09 18:28:37.033,1.1259,1.12593,1.69,4.20
2018.01.09 18:28:40.619,1.1259,1.12592,1.31,1.00
2018.01.09 18:28:41.403,1.12588,1.12591,2.06,1.00
2018.01.09 18:28:41.950,1.12589,1.12592,1.12,4.95
2018.01.09 18:28:42.264,1.1259,1.12593,2.81,3.07
2018.01.09 18:28:43.745,1.1259,1.12593,1.69,3.82
2018.01.09 18:28:51.934,1.12589,1.12591,1.87,1.12
2018.01.09 18:28:52.460,1.12589,1.12592,1.50,3.45
2018.01.09 18:29:00.104,1.1259,1.12592,1.50,1.00
2018.01.09 18:29:00.613,1.1259,1.12593,2.81,2.25
2018.01.09 18:29:02.577,1.1259,1.12593,1.69,2.25
2018.01.09 18:29:15.322,1.1259,1.12592,1.25,1.12
2018.01.09 18:29:17.709,1.12591,1.12593,1.00,1.12
2018.01.09 18:29:21.138,1.12593,1.12594,1.57,1.69
2018.01.09 18:29:21.191,1.12593,1.12596,2.14,1.50
2018.01.09 18:29:21.739,1.12594,1.12596,1.00,1.00
2018.01.09 18:29:22.276,1.12592,1.12594,1.10,1.25
2018.01.09 18:29:22.793,1.12591,1.12594,1.25,2.06
2018.01.09 18:29:25.413,1.12591,1.12594,1.00,5.36
2018.01.09 18:29:26.309,1.1259,1.12593,1.31,1.87
2018.01.09 18:29:26.834,1.1259,1.12593,2.06,1.87
2018.01.09 18:29:34.084,1.1259,1.12593,2.06,2.62
2018.01.09 18:29:34.653,1.1259,1.12593,1.31,2.62
2018.01.09 18:29:35.800,1.1259,1.12592,1.25,1.95
2018.01.09 18:29:35.852,1.12588,1.12591,1.69,1.57
2018.01.09 18:29:37.717,1.12587,1.12588,1.25,1.00
2018.01.09 18:29:37.769,1.12585,1.12588,1.50,4.31
2018.01.09 18:29:47.687,1.12583,1.12586,6.26,1.00
2018.01.09 18:29:48.206,1.12584,1.12587,2.81,2.25
2018.01.09 18:30:00.945,1.12587,1.12588,1.50,4.64
2018.01.09 18:30:00.999,1.12589,1.12591,1.00,1.50
2018.01.09 18:30:01.518,1.12589,1.12592,2.06,1.87
2018.01.09 18:30:03.254,1.12589,1.12591,1.50,1.00
2018.01.09 18:30:04.483,1.12587,1.12588,1.01,2.81
2018.01.09 18:30:04.535,1.12585,1.12588,2.44,3.56
2018.01.09 18:30:05.056,1.12587,1.12589,1.00,1.50
2018.01.09 18:30:06.907,1.12585,1.12587,1.57,1.00
2018.01.09 18:30:07.416,1.12585,1.12587,1.12,1.12
2018.01.09 18:30:13.603,1.12585,1.12588,3.56,5.06
2018.01.09 18:30:14.158,1.12586,1.12588,1.00,3.94
2018.01.09 18:30:14.816,1.12585,1.12588,1.50,4.69
2018.01.09 18:30:15.352,1.12585,1.12588,1.12,7.01
2018.01.09 18:30:19.788,1.12582,1.12584,3.37,5.32
2018.01.09 18:30:19.841,1.1258,1.12582,2.06,1.50
2018.01.09 18:30:20.106,1.12582,1.12584,1.00,1.12
2018.01.09 18:30:21.728,1.12583,1.12585,1.12,2.32
2018.01.09 18:30:22.332,1.12583,1.12584,1.12,2.25
2018.01.09 18:30:22.387,1.12579,1.12582,3.26,2.06
2018.01.09 18:30:22.973,1.12579,1.12581,2.81,1.25
2018.01.09 18:30:23.292,1.12583,1.12584,1.12,1.00
2018.01.09 18:30:24.532,1.1258,1.12582,3.07,1.00
2018.01.09 18:30:25.147,1.12579,1.12582,2.81,2.06
2018.01.09 18:30:25.711,1.12582,1.12584,1.00,2.55
2018.01.09 18:30:25.817,1.12583,1.12585,1.00,1.50
2018.01.09 18:30:29.430,1.12582,1.12583,1.50,1.87
2018.01.09 18:30:29.536,1.1258,1.12582,2.06,1.12
2018.01.09 18:30:30.894,1.1258,1.12583,1.69,2.25
2018.01.09 18:30:31.454,1.12582,1.12584,1.12,6.79
2018.01.09 18:30:32.160,1.12583,1.12585,1.00,1.50
2018.01.09 18:30:33.135,1.12583,1.12586,1.12,5.70
2018.01.09 18:30:37.363,1.12583,1.12586,1.12,4.20
2018.01.09 18:30:38.536,1.12583,1.12586,1.12,4.95
2018.01.09 18:30:39.104,1.1258,1.12583,7.76,1.12
2018.01.09 18:30:39.616,1.12581,1.12584,2.06,7.20
2018.01.09 18:30:40.183,1.12582,1.12584,1.12,1.57
2018.01.09 18:30:40.519,1.12579,1.12582,2.62,1.27
2018.01.09 18:30:43.285,1.12579,1.12582,3.26,1.27
2018.01.09 18:30:43.815,1.12579,1.12582,1.50,2.02
2018.01.09 18:30:44.903,1.12579,1.12582,2.44,2.02
2018.01.09 18:30:45.063,1.12582,1.12585,1.87,2.70
2018.01.09 18:30:48.739,1.12582,1.12585,1.00,2.70
2018.01.09 18:30:49.351,1.12581,1.12585,2.25,4.20
2018.01.09 18:30:49.857,1.12581,1.12585,3.00,4.20
2018.01.09 18:30:51.807,1.1258,1.12582,1.00,1.07
2018.01.09 18:30:53.990,1.12579,1.12582,1.25,1.57
2018.01.09 18:31:03.287,1.12578,1.12581,1.12,1.61
2018.01.09 18:31:03.842,1.12578,1.12581,1.12,4.61
2018.01.09 18:31:08.043,1.12578,1.12581,1.12,3.11
2018.01.09 18:31:09.398,1.12579,1.12582,6.00,1.47
2018.01.09 18:31:09.451,1.12581,1.12583,1.69,1.50
2018.01.09 18:31:09.503,1.12582,1.12584,1.69,1.00
2018.01.09 18:31:09.608,1.12584,1.12586,1.00,1.12
2018.01.09 18:31:12.079,1.12583,1.12586,2.44,1.87
2018.01.09 18:31:13.412,1.12583,1.12586,2.06,1.87
2018.01.09 18:31:14.436,1.12583,1.12586,2.06,1.87
2018.01.09 18:31:17.767,1.12583,1.12586,2.44,2.62
2018.01.09 18:31:18.325,1.12583,1.12586,1.69,3.00
2018.01.09 18:31:24.743,1.12581,1.12584,2.89,4.87
2018.01.09 18:31:25.261,1.12583,1.12585,1.12,1.12
2018.01.09 18:31:26.991,1.12583,1.12586,1.69,2.25
2018.01.09 18:31:33.392,1.12582,1.12585,1.12,1.50
2018.01.09 18:31:33.445,1.12581,1.12583,1.39,3.00
2018.01.09 18:31:34.443,1.1258,1.12583,2.06,3.75
2018.01.09 18:31:35.552,1.1258,1.12583,2.06,3.00
2018.01.09 18:31:35.864,1.12583,1.12586,1.50,1.87
2018.01.09 18:31:37.309,1.12583,1.12586,3.67,1.12
2018.01.09 18:31:49.583,1.12583,1.12587,5.14,1.87
2018.01.09 18:31:50.901,1.12584,1.12587,1.31,2.25
2018.01.09 18:31:52.291,1.12584,1.12587,1.31,2.25
2018.01.09 18:31:53.368,1.12584,1.12587,1.31,3.00
2018.01.09 18:31:59.484,1.12584,1.12587,1.25,2.62
2018.01.09 18:32:00.422,1.12584,1.12587,1.25,2.62
2018.01.09 18:32:03.675,1.12588,1.1259,1.12,3.37
2018.01.09 18:32:04.225,1.12588,1.12591,1.50,2.25
2018.01.09 18:32:06.881,1.12586,1.12588,7.20,1.50
2018.01.09 18:32:07.418,1.12585,1.12588,1.69,3.00
2018.01.09 18:32:08.009,1.12585,1.12588,1.69,3.00
2018.01.09 18:32:09.223,1.12584,1.12587,4.01,1.50
2018.01.09 18:32:12.702,1.12587,1.12588,1.50,3.11
2018.01.09 18:32:12.807,1.12587,1.1259,2.14,1.87
2018.01.09 18:32:13.335,1.12587,1.12591,4.01,2.25
2018.01.09 18:32:18.822,1.12589,1.12592,1.00,1.37
2018.01.09 18:32:19.898,1.12589,1.12592,1.12,1.12
2018.01.09 18:32:34.119,1.1259,1.12592,1.31,1.12
2018.01.09 18:32:34.643,1.12591,1.12593,1.00,1.12
2018.01.09 18:32:36.077,1.1259,1.12593,4.39,1.12
2018.01.09 18:32:44.330,1.12595,1.12596,1.00,4.12
2018.01.09 18:32:44.435,1.12596,1.12598,1.12,1.50
2018.01.09 18:32:48.829,1.12595,1.12598,1.31,3.82
2018.01.09 18:32:49.886,1.12595,1.12598,1.31,3.07
2018.01.09 18:32:50.992,1.12595,1.12598,1.31,3.07
2018.01.09 18:32:54.303,1.12595,1.12598,3.56,1.87
2018.01.09 18:32:54.851,1.12596,1.12599,1.25,2.25
2018.01.09 18:32:55.490,1.12594,1.12595,1.20,1.12
2018.01.09 18:32:55.543,1.12593,1.12594,1.25,1.12
2018.01.09 18:32:55.597,1.12594,1.12597,1.12,5.89
2018.01.09 18:32:55.998,1.12595,1.12598,1.69,2.25
2018.01.09 18:33:06.665,1.12594,1.12598,4.76,3.37
2018.01.09 18:33:06.770,1.12593,1.12595,1.57,1.12
2018.01.09 18:33:07.014,1.12593,1.12597,3.26,2.25
2018.01.09 18:33:13.987,1.12594,1.12597,2.44,1.12
2018.01.09 18:33:14.779,1.12596,1.126,1.00,5.21
2018.01.09 18:33:15.544,1.12597,1.12599,1.00,1.00
2018.01.09 18:33:16.047,1.12596,1.12598,1.25,1.00
2018.01.09 18:33:16.624,1.12594,1.12598,5.44,1.95
2018.01.09 18:33:24.338,1.12594,1.12597,3.19,1.00
2018.01.09 18:33:25.419,1.12594,1.12597,2.06,5.10
2018.01.09 18:33:26.247,1.12594,1.12597,3.00,1.00
2018.01.09 18:33:32.402,1.12594,1.12596,1.12,1.12
2018.01.09 18:33:32.458,1.12592,1.12594,2.51,1.50
2018.01.09 18:33:32.979,1.12593,1.12596,1.31,2.62
2018.01.09 18:33:46.166,1.12591,1.12594,4.01,4.12
2018.01.09 18:33:46.705,1.12591,1.12594,2.06,2.51
2018.01.09 18:33:48.126,1.12592,1.12594,1.87,1.12
2018.01.09 18:33:48.179,1.12594,1.12595,1.12,1.57
2018.01.09 18:33:48.694,1.12594,1.12597,1.12,4.20
2018.01.09 18:33:49.967,1.12592,1.12594,1.31,1.50
2018.01.09 18:33:51.398,1.12591,1.12594,1.31,4.76
2018.01.09 18:33:51.991,1.12592,1.12594,1.00,2.66
2018.01.09 18:33:52.857,1.12593,1.12595,1.50,1.00
2018.01.09 18:33:53.237,1.12594,1.12598,2.06,4.95
2018.01.09 18:33:53.753,1.12594,1.12598,2.06,4.95
2018.01.09 18:33:56.269,1.12594,1.12598,2.06,4.95
2018.01.09 18:33:56.995,1.12594,1.12597,2.06,1.00
2018.01.09 18:34:02.985,1.12595,1.12597,1.00,1.12
2018.01.09 18:34:03.495,1.12595,1.12598,3.19,1.37
2018.01.09 18:34:05.183,1.12595,1.12598,3.19,1.12
2018.01.09 18:34:06.768,1.12596,1.12598,4.31,1.00
2018.01.09 18:34:06.875,1.12598,1.12601,1.31,1.87
2018.01.09 18:34:07.421,1.12597,1.126,2.89,1.16
2018.01.09 18:34:14.184,1.12599,1.12602,1.12,1.12
2018.01.09 18:34:14.353,1.12598,1.126,1.50,1.16
2018.01.09 18:34:18.052,1.12597,1.126,1.00,1.54
2018.01.09 18:34:18.648,1.12597,1.12599,1.00,1.00
2018.01.09 18:34:25.575,1.12597,1.126,1.87,2.74
2018.01.09 18:34:26.083,1.12597,1.126,2.25,2.66
2018.01.09 18:34:43.017,1.12597,1.126,2.25,2.29
2018.01.09 18:34:49.102,1.12597,1.126,1.87,2.74
2018.01.09 18:34:51.201,1.12597,1.126,1.87,2.74
2018.01.09 18:34:55.067,1.12597,1.126,2.25,2.29
2018.01.09 18:35:01.722,1.12599,1.12601,1.00,1.24
2018.01.09 18:35:01.825,1.126,1.12603,1.12,1.00
2018.01.09 18:35:05.982,1.12598,1.12601,4.76,1.00
2018.01.09 18:35:06.486,1.12598,1.12601,1.12,1.61
2018.01.09 18:35:08.424,1.12599,1.12601,2.44,1.05
2018.01.09 18:35:08.528,1.126,1.12603,2.44,2.32
2018.01.09 18:35:09.107,1.126,1.12604,2.06,4.57
2018.01.09 18:35:21.052,1.12601,1.12603,1.25,1.57
2018.01.09 18:35:21.415,1.12599,1.12601,1.50,1.91
2018.01.09 18:35:21.467,1.12597,1.12599,2.25,1.00
2018.01.09 18:35:22.018,1.12597,1.12599,1.00,1.10
2018.01.09 18:35:31.126,1.12596,1.12598,1.25,1.87
2018.01.09 18:35:33.850,1.12597,1.12599,1.00,1.95
2018.01.09 18:35:35.424,1.12596,1.12598,1.25,1.00
2018.01.09 18:35:37.371,1.12595,1.12597,1.00,1.12
2018.01.09 18:35:37.889,1.12595,1.12598,1.69,1.12
2018.01.09 18:35:38.464,1.12596,1.12598,1.00,1.12
2018.01.09 18:35:38.984,1.12594,1.12597,1.69,2.62
2018.01.09 18:35:42.393,1.12595,1.12597,1.00,1.12
2018.01.09 18:35:49.665,1.12595,1.12598,1.50,3.45
2018.01.09 18:35:50.410,1.12596,1.12598,1.00,1.00
2018.01.09 18:35:51.046,1.12595,1.12597,1.25,1.00
2018.01.09 18:36:00.117,1.12594,1.12597,1.31,1.95
2018.01.09 18:36:02.115,1.12593,1.12597,3.19,2.70
2018.01.09 18:36:02.662,1.12593,1.12597,3.19,2.70
2018.01.09 18:36:04.859,1.12593,1.12597,3.19,2.70
2018.01.09 18:36:11.600,1.12593,1.12597,3.19,2.70
2018.01.09 18:36:16.241,1.12593,1.12597,3.19,2.70
2018.01.09 18:36:18.222,1.12593,1.12597,3.19,2.70
2018.01.09 18:36:22.320,1.12593,1.12597,3.19,3.07
2018.01.09 18:36:25.572,1.12593,1.12597,3.19,2.70
2018.01.09 18:36:26.615,1.12593,1.12597,3.19,2.70
2018.01.09 18:36:27.219,1.12595,1.12597,1.00,1.37
2018.01.09 18:36:27.742,1.12595,1.12597,1.00,1.12
2018.01.09 18:36:29.645,1.12595,1.12598,1.69,1.01
2018.01.09 18:36:29.986,1.12597,1.12599,1.00,1.57
2018.01.09 18:36:30.626,1.12595,1.12598,3.19,1.87
2018.01.09 18:36:32.215,1.12594,1.12596,1.87,1.50
2018.01.09 18:36:35.444,1.12591,1.12594,1.76,2.06
2018.01.09 18:36:36.210,1.12591,1.12593,1.25,1.12
2018.01.09 18:36:42.643,1.1259,1.12592,1.25,1.50
2018.01.09 18:36:47.653,1.1259,1.12592,1.00,3.00
2018.01.09 18:36:49.761,1.12587,1.12588,2.89,1.00
2018.01.09 18:36:49.965,1.12589,1.12592,1.00,2.32
2018.01.09 18:36:55.610,1.12588,1.12592,2.44,4.20
2018.01.09 18:36:56.145,1.12586,1.1259,2.51,5.29
2018.01.09 18:36:56.205,1.12586,1.12589,2.51,1.00
2018.01.09 18:36:59.444,1.12587,1.12589,1.25,1.50
2018.01.09 18:37:00.003,1.12586,1.12588,1.25,2.81
2018.01.09 18:37:00.710,1.12586,1.12588,1.00,3.94
2018.01.09 18:37:00.980,1.12584,1.12586,1.39,1.00
2018.01.09 18:37:01.036,1.12583,1.12585,4.50,3.22
2018.01.09 18:37:01.574,1.12583,1.12585,1.00,3.22
2018.01.09 18:37:02.854,1.12583,1.12586,1.25,3.07
2018.01.09 18:37:32.919,1.12583,1.12587,2.06,4.42
2018.01.09 18:37:33.979,1.12583,1.12587,1.31,5.17
2018.01.09 18:37:38.980,1.12584,1.12587,1.50,5.17
2018.01.09 18:37:40.131,1.12584,1.12587,1.50,2.92
2018.01.09 18:37:40.636,1.12585,1.12587,1.00,2.92
2018.01.09 18:37:41.144,1.12584,1.12587,1.00,2.92
2018.01.09 18:37:44.450,1.12585,1.12587,1.00,2.92
2018.01.09 18:37:44.986,1.12584,1.12587,1.50,3.07
2018.01.09 18:38:01.661,1.12585,1.12587,1.50,2.62
2018.01.09 18:38:02.022,1.12586,1.12588,1.00,2.06
2018.01.09 18:38:02.074,1.12587,1.12589,1.00,2.25
2018.01.09 18:38:02.591,1.12588,1.12591,1.12,1.20
2018.01.09 18:38:03.380,1.12589,1.12591,1.00,1.00
2018.01.09 18:38:03.898,1.1259,1.12592,1.00,3.00
2018.01.09 18:38:05.537,1.12589,1.12592,2.25,1.12
2018.01.09 18:38:06.103,1.1259,1.12592,1.00,1.12
2018.01.09 18:38:08.142,1.12589,1.12592,1.50,1.12
2018.01.09 18:38:08.645,1.1259,1.12592,1.00,1.12
2018.01.09 18:38:12.829,1.12589,1.12591,1.76,1.12
2018.01.09 18:38:13.346,1.1259,1.12592,1.25,1.00
2018.01.09 18:38:42.653,1.12589,1.12592,1.00,4.95
2018.01.09 18:38:42.757,1.12589,1.12592,1.00,3.82
2018.01.09 18:38:43.308,1.12589,1.12592,1.00,5.32
2018.01.09 18:38:43.749,1.12587,1.12588,2.89,1.00
2018.01.09 18:38:44.263,1.12586,1.12589,1.31,4.05
2018.01.09 18:38:45.017,1.12586,1.12589,1.31,4.05
2018.01.09 18:38:45.533,1.12585,1.12588,1.69,2.06
2018.01.09 18:38:49.238,1.12587,1.12589,1.00,2.89
2018.01.09 18:38:49.758,1.12587,1.1259,1.00,1.95
2018.01.09 18:38:50.355,1.12587,1.1259,1.00,1.87
2018.01.09 18:38:56.452,1.12585,1.12587,1.00,2.25
2018.01.09 18:38:57.732,1.12585,1.12587,1.00,2.62
2018.01.09 18:38:58.816,1.12585,1.12587,1.06,1.00
2018.01.09 18:39:00.379,1.12585,1.12588,3.19,1.95
2018.01.09 18:39:01.367,1.12585,1.12587,1.10,1.50
2018.01.09 18:39:03.587,1.12585,1.12587,1.00,3.00
2018.01.09 18:39:05.601,1.12584,1.12586,1.10,1.12
2018.01.09 18:39:09.236,1.12583,1.12586,2.32,1.12
2018.01.09 18:39:13.192,1.12583,1.12587,5.81,1.95
2018.01.09 18:39:13.834,1.12585,1.12587,1.31,1.00
2018.01.09 18:39:14.345,1.12585,1.12588,2.81,1.37
2018.01.09 18:39:14.450,1.12587,1.12589,1.00,1.50
2018.01.09 18:39:14.607,1.12585,1.12588,5.06,4.69
2018.01.09 18:39:16.419,1.12584,1.12587,1.31,1.50
2018.01.09 18:39:16.963,1.12584,1.12587,1.25,3.45
2018.01.09 18:39:17.799,1.12584,1.12587,1.25,3.45
2018.01.09 18:39:18.981,1.12584,1.12587,1.25,3.45
2018.01.09 18:39:24.151,1.12583,1.12585,1.00,1.00
2018.01.09 18:39:24.501,1.12579,1.12582,3.19,1.12
2018.01.09 18:39:25.017,1.12579,1.12582,2.62,1.31
2018.01.09 18:39:25.536,1.12577,1.12581,3.19,6.26
2018.01.09 18:39:26.095,1.12577,1.1258,1.00,1.95
2018.01.09 18:39:30.292,1.12578,1.12582,1.00,5.14
2018.01.09 18:39:31.687,1.12578,1.12581,1.50,1.25
2018.01.09 18:39:32.608,1.12579,1.12582,1.00,2.51
2018.01.09 18:39:32.766,1.12582,1.12585,3.94,1.12
2018.01.09 18:39:33.273,1.12583,1.12586,1.00,5.25
2018.01.09 18:39:33.733,1.12583,1.12586,1.00,3.00
2018.01.09 18:39:34.263,1.12584,1.12587,1.00,5.25
2018.01.09 18:39:34.778,1.12583,1.12586,1.31,1.12
2018.01.09 18:39:35.156,1.12582,1.12585,3.45,1.87
2018.01.09 18:39:35.672,1.12582,1.12585,2.51,1.50
2018.01.09 18:39:36.433,1.12583,1.12586,1.00,3.00
2018.01.09 18:39:40.103,1.12583,1.12586,1.25,2.44
2018.01.09 18:39:45.132,1.12584,1.12586,1.00,1.00
2018.01.09 18:39:47.960,1.12581,1.12582,3.00,1.00
2018.01.09 18:39:48.171,1.1258,1.12583,1.12,2.81
2018.01.09 18:39:48.378,1.1258,1.12583,1.31,1.57
2018.01.09 18:39:48.513,1.12581,1.12583,2.51,1.50
2018.01.09 18:39:48.829,1.12579,1.12583,3.79,3.64
2018.01.09 18:39:50.281,1.12579,1.12583,3.04,4.01
2018.01.09 18:39:53.204,1.12579,1.12582,2.74,2.25
2018.01.09 18:39:53.894,1.1258,1.12582,1.00,2.25
2018.01.09 18:39:55.636,1.12581,1.12583,3.37,1.87
2018.01.09 18:39:55.689,1.12583,1.12586,3.56,1.50
2018.01.09 18:39:56.241,1.12584,1.12587,1.12,1.87
2018.01.09 18:40:02.384,1.12584,1.12587,1.00,8.70
2018.01.09 18:40:03.083,1.12584,1.12587,1.00,5.70
2018.01.09 18:40:03.639,1.12583,1.12586,1.69,1.00
2018.01.09 18:40:05.201,1.12584,1.12587,1.00,3.37
2018.01.09 18:40:08.723,1.12582,1.12584,3.82,1.00
2018.01.09 18:40:09.255,1.12582,1.12586,1.39,5.62
2018.01.09 18:40:09.927,1.12583,1.12586,1.00,6.00
2018.01.09 18:40:15.231,1.12582,1.12586,1.50,5.74
2018.01.09 18:40:15.802,1.12583,1.12585,1.12,1.00
2018.01.09 18:40:16.725,1.12583,1.12586,1.12,1.50
2018.01.09 18:40:20.035,1.12583,1.12586,1.12,3.00
2018.01.09 18:40:20.977,1.12582,1.12585,2.25,2.25
2018.01.09 18:40:21.186,1.12581,1.12583,1.87,2.62
2018.01.09 18:40:21.238,1.12579,1.12583,4.39,4.31
2018.01.09 18:40:21.394,1.12581,1.12583,1.00,1.00
2018.01.09 18:40:24.066,1.12584,1.12585,1.00,1.00
2018.01.09 18:40:24.278,1.1258,1.12582,1.50,1.50
2018.01.09 18:40:27.248,1.12582,1.12585,1.87,3.11
2018.01.09 18:40:27.352,1.12583,1.12587,1.39,4.12
2018.01.09 18:40:29.563,1.12584,1.12587,1.00,6.82
2018.01.09 18:40:30.672,1.12584,1.12586,1.00,1.37
2018.01.09 18:40:33.806,1.12583,1.12585,1.00,1.50
2018.01.09 18:40:34.327,1.12583,1.12586,1.12,1.87
2018.01.09 18:40:35.272,1.12583,1.12586,1.12,1.00
2018.01.09 18:40:37.943,1.12582,1.12585,1.76,3.00
2018.01.09 18:40:38.645,1.12581,1.12584,4.01,1.00
2018.01.09 18:40:41.041,1.12582,1.12585,1.00,1.50
2018.01.09 18:40:41.995,1.1258,1.12583,5.47,3.00
2018.01.09 18:40:44.406,1.12582,1.12583,1.00,1.12
2018.01.09 18:40:44.459,1.12582,1.12585,1.00,3.07
2018.01.09 18:40:44.563,1.12581,1.12582,1.57,1.50
2018.01.09 18:40:45.868,1.1258,1.12582,1.87,1.87
2018.01.09 18:40:46.200,1.12578,1.12581,1.50,1.50
2018.01.09 18:40:47.085,1.12578,1.12581,1.12,1.50
2018.01.09 18:41:00.045,1.12578,1.12581,1.21,1.57
2018.01.09 18:41:01.147,1.12579,1.12581,1.00,1.20
2018.01.09 18:41:02.176,1.12581,1.12582,2.62,1.12
2018.01.09 18:41:02.229,1.12582,1.12585,1.57,1.87
2018.01.09 18:41:03.238,1.12583,1.12586,1.50,3.37
2018.01.09 18:41:03.775,1.12583,1.12586,1.00,2.25
2018.01.09 18:41:04.321,1.12583,1.12586,1.57,1.50
2018.01.09 18:41:04.961,1.12583,1.12586,1.57,1.50
2018.01.09 18:41:05.817,1.12583,1.12586,1.57,1.50
2018.01.09 18:41:06.326,1.12583,1.12586,1.57,1.50
2018.01.09 18:41:08.385,1.12583,1.12586,1.10,2.62
2018.01.09 18:41:08.924,1.12583,1.12586,1.00,3.75
2018.01.09 18:41:22.337,1.1258,1.12582,5.32,2.25
2018.01.09 18:41:22.389,1.12579,1.12581,1.95,1.00
2018.01.09 18:41:22.984,1.12578,1.12581,2.44,1.00
2018.01.09 18:41:27.593,1.12578,1.12581,5.89,1.12
2018.01.09 18:41:28.146,1.12578,1.12581,3.94,1.00
2018.01.09 18:41:40.734,1.12578,1.12581,1.25,2.62
2018.01.09 18:41:42.251,1.12578,1.12581,1.25,3.37
2018.01.09 18:41:45.424,1.12578,1.12581,1.25,1.87
2018.01.09 18:41:46.171,1.12577,1.12581,3.64,2.62
2018.01.09 18:41:51.150,1.12577,1.12581,3.26,3.75
2018.01.09 18:41:58.186,1.12577,1.1258,1.87,2.25
2018.01.09 18:42:03.025,1.12576,1.1258,2.06,4.57
2018.01.09 18:42:04.744,1.12575,1.12579,7.01,3.75
2018.01.09 18:42:05.279,1.12575,1.12579,7.01,2.62
2018.01.09 18:42:07.803,1.12575,1.12579,5.14,4.87
2018.01.09 18:42:10.001,1.12576,1.1258,4.01,3.00
2018.01.09 18:42:10.532,1.12577,1.12581,5.51,2.62
2018.01.09 18:42:16.705,1.12577,1.1258,2.14,1.12
2018.01.09 18:42:18.945,1.12576,1.12579,2.81,2.25
2018.01.09 18:42:22.313,1.12575,1.12579,5.14,5.62
2018.01.09 18:42:26.692,1.12575,1.12578,2.25,3.37
2018.01.09 18:42:27.228,1.12575,1.12578,1.69,4.50
2018.01.09 18:42:27.333,1.12572,1.12575,4.01,1.00
2018.01.09 18:42:27.542,1.12574,1.12577,1.00,3.82
2018.01.09 18:42:28.071,1.12573,1.12576,12.26,1.00
2018.01.09 18:42:31.090,1.12573,1.12576,7.31,1.00
2018.01.09 18:42:31.899,1.12573,1.12577,7.01,3.00
2018.01.09 18:42:32.435,1.12573,1.12576,5.44,1.00
2018.01.09 18:42:33.391,1.12572,1.12576,3.56,3.45
2018.01.09 18:42:35.589,1.12572,1.12576,3.94,4.57
2018.01.09 18:43:09.146,1.1257,1.12571,4.20,1.00
2018.01.09 18:43:09.198,1.12568,1.1257,1.69,1.50
2018.01.09 18:43:09.926,1.12567,1.12571,5.06,3.45
2018.01.09 18:43:10.462,1.12569,1.12572,1.31,3.07
2018.01.09 18:43:10.778,1.12571,1.12574,2.44,1.20
2018.01.09 18:43:10.830,1.12571,1.12575,3.56,2.32
2018.01.09 18:43:11.339,1.12572,1.12575,1.69,1.20
2018.01.09 18:43:17.126,1.12573,1.12576,5.81,4.12
2018.01.09 18:43:17.231,1.12574,1.12578,4.69,1.95
2018.01.09 18:43:25.569,1.12574,1.12576,1.25,1.00
2018.01.09 18:43:25.674,1.12572,1.12576,2.06,4.57
2018.01.09 18:43:26.219,1.12573,1.12576,2.81,2.25
2018.01.09 18:43:26.767,1.12575,1.12576,3.75,1.87
2018.01.09 18:43:26.872,1.12575,1.12578,5.96,1.00
2018.01.09 18:43:27.408,1.12575,1.12578,6.56,1.00
2018.01.09 18:43:34.171,1.12574,1.12576,4.31,1.00
2018.01.09 18:43:34.228,1.12572,1.12576,2.89,4.50
2018.01.09 18:43:34.779,1.12572,1.12575,1.31,1.12
2018.01.09 18:44:17.137,1.12572,1.12576,2.81,3.07
2018.01.09 18:44:18.214,1.12574,1.12576,1.50,1.37
2018.01.09 18:44:18.268,1.12575,1.12577,5.96,1.10
2018.01.09 18:44:18.320,1.12577,1.1258,1.25,3.45
2018.01.09 18:44:18.828,1.12577,1.12581,2.06,4.20
2018.01.09 18:44:19.156,1.12579,1.12581,1.00,1.50
2018.01.09 18:44:20.042,1.12578,1.12581,2.44,1.12
2018.01.09 18:44:20.591,1.12578,1.12581,1.12,1.95
2018.01.09 18:44:21.159,1.12577,1.1258,1.31,1.37
2018.01.09 18:44:23.539,1.12577,1.12581,2.81,4.20
2018.01.09 18:44:23.894,1.12578,1.12581,3.94,1.12
2018.01.09 18:44:24.428,1.1258,1.12583,1.19,4.95
2018.01.09 18:44:24.844,1.12581,1.12584,2.44,1.00
2018.01.09 18:44:25.052,1.1258,1.12583,1.40,4.50
2018.01.09 18:44:25.105,1.12579,1.12582,1.39,2.25
2018.01.09 18:44:30.676,1.12577,1.12581,5.14,1.12
2018.01.09 18:44:32.019,1.12576,1.1258,2.51,6.22
2018.01.09 18:44:32.071,1.12576,1.12578,1.39,1.00
2018.01.09 18:44:32.229,1.12573,1.12576,1.31,3.45
2018.01.09 18:44:35.673,1.12573,1.12576,2.06,3.07
2018.01.09 18:44:35.880,1.12575,1.12576,1.25,1.00
2018.01.09 18:44:36.647,1.12574,1.12577,3.94,1.12
2018.01.09 18:44:41.077,1.12574,1.12576,1.50,1.50
2018.01.09 18:44:41.583,1.12572,1.12576,2.81,4.95
2018.01.09 18:44:41.690,1.12571,1.12574,2.44,1.00
2018.01.09 18:44:47.419,1.1257,1.12574,6.19,1.73
2018.01.09 18:44:49.515,1.1257,1.12574,5.06,1.50
2018.01.09 18:45:02.068,1.12573,1.12575,1.31,3.82
2018.01.09 18:45:02.121,1.12574,1.12577,2.06,2.67
2018.01.09 18:45:02.633,1.12575,1.12578,2.66,1.04
2018.01.09 18:45:05.134,1.12575,1.12576,1.46,1.00
2018.01.09 18:45:05.239,1.12573,1.12576,3.19,1.87
2018.01.09 18:45:05.554,1.12575,1.12576,4.87,1.00
2018.01.09 18:45:06.088,1.12574,1.12578,3.64,2.25
2018.01.09 18:45:06.833,1.12574,1.12578,4.39,2.25
2018.01.09 18:45:13.729,1.12577,1.12578,1.00,1.12
2018.01.09 18:45:14.196,1.12578,1.12581,1.00,2.70
2018.01.09 18:45:14.709,1.12578,1.12581,2.06,1.12
2018.01.09 18:45:15.228,1.12577,1.1258,2.89,1.50
2018.01.09 18:45:15.385,1.12576,1.1258,2.14,2.62
2018.01.09 18:45:26.591,1.12576,1.12578,1.00,1.87
2018.01.09 18:45:26.697,1.12572,1.12575,4.01,1.00
2018.01.09 18:45:27.494,1.12572,1.12575,1.69,1.50
2018.01.09 18:45:29.552,1.12573,1.12576,1.69,1.00
2018.01.09 18:45:30.406,1.12574,1.12576,2.25,1.00
2018.01.09 18:45:30.908,1.12574,1.12577,2.25,2.62
2018.01.09 18:45:31.442,1.12573,1.12577,5.51,2.62
2018.01.09 18:45:31.977,1.12573,1.12577,6.64,2.62
2018.01.09 18:45:36.636,1.12575,1.12577,3.56,1.12
2018.01.09 18:45:41.636,1.12574,1.12576,3.26,1.00
2018.01.09 18:45:41.740,1.12572,1.12576,7.01,1.12
2018.01.09 18:45:42.953,1.12572,1.12576,2.44,3.07
2018.01.09 18:45:43.479,1.12572,1.12573,1.31,2.85
2018.01.09 18:45:43.536,1.12567,1.12569,1.10,1.12
2018.01.09 18:45:43.696,1.12565,1.12568,2.74,2.62
2018.01.09 18:45:43.801,1.12564,1.12567,4.01,1.87
2018.01.09 18:45:50.802,1.12564,1.12568,3.26,2.25
2018.01.09 18:45:52.044,1.12564,1.12568,3.19,2.32
2018.01.09 18:46:27.735,1.12563,1.12565,1.39,1.00
2018.01.09 18:46:28.251,1.12562,1.12566,3.19,4.95
2018.01.09 18:46:29.242,1.12562,1.12566,2.81,3.45
2018.01.09 18:46:51.432,1.12564,1.12567,1.25,1.50
2018.01.09 18:46:55.095,1.12565,1.12567,1.12,1.12
2018.01.09 18:46:55.702,1.12566,1.12568,1.00,1.12
2018.01.09 18:46:56.326,1.12567,1.1257,1.50,4.16
2018.01.09 18:46:56.482,1.12567,1.12571,6.64,1.12
2018.01.09 18:46:57.004,1.12569,1.12572,1.12,1.57
2018.01.09 18:46:57.803,1.1257,1.12573,1.00,2.32
2018.01.09 18:47:00.650,1.12569,1.12573,3.19,3.07
2018.01.09 18:47:06.893,1.1257,1.12573,1.50,1.50
2018.01.09 18:47:07.406,1.12569,1.12573,4.76,2.25
2018.01.09 18:47:09.180,1.1257,1.12573,1.00,1.50
2018.01.09 18:47:13.137,1.12568,1.12571,3.26,2.47
2018.01.09 18:47:13.242,1.12566,1.1257,6.19,4.46
2018.01.09 18:47:13.296,1.12568,1.1257,1.67,1.12
2018.01.09 18:47:13.838,1.12568,1.12572,5.36,2.62
2018.01.09 18:47:23.935,1.12569,1.1257,1.00,1.35
2018.01.09 18:47:23.990,1.12566,1.12569,2.06,2.25
2018.01.09 18:47:25.126,1.12566,1.12569,1.31,2.25
2018.01.09 18:47:29.168,1.12566,1.12568,1.25,1.35
2018.01.09 18:47:32.904,1.12566,1.12569,1.25,1.50
2018.01.09 18:47:40.553,1.12565,1.12568,2.06,1.50
2018.01.09 18:47:41.078,1.12564,1.12568,2.06,6.07
2018.01.09 18:47:41.952,1.12561,1.12564,1.76,2.87
2018.01.09 18:47:42.005,1.1256,1.12563,7.31,1.00
2018.01.09 18:47:42.507,1.12561,1.12564,1.00,3.07
2018.01.09 18:47:42.843,1.12559,1.12562,4.01,1.12
2018.01.09 18:47:43.593,1.12559,1.12562,3.64,1.12
2018.01.09 18:47:44.905,1.12559,1.12563,4.01,4.12
2018.01.09 18:47:46.077,1.12562,1.12564,2.12,1.95
2018.01.09 18:47:46.130,1.12564,1.12566,1.31,1.00
2018.01.09 18:47:46.293,1.12567,1.12569,1.50,1.45
2018.01.09 18:47:46.461,1.12571,1.12574,1.12,1.57
2018.01.09 18:47:47.079,1.1257,1.12573,4.01,1.50
2018.01.09 18:47:48.256,1.1257,1.12573,2.06,1.50
2018.01.09 18:47:55.638,1.1257,1.12573,1.87,3.45
2018.01.09 18:47:56.082,1.12568,1.12569,1.87,1.20
2018.01.09 18:47:56.135,1.12565,1.12568,1.69,3.75
2018.01.09 18:47:56.740,1.12564,1.12567,2.44,1.00
2018.01.09 18:47:58.887,1.12564,1.12567,2.06,5.10
2018.01.09 18:47:58.950,1.1256,1.12564,3.26,5.10
2018.01.09 18:47:59.470,1.12561,1.12564,1.00,2.62
2018.01.09 18:48:00.319,1.12561,1.12564,1.00,2.62
2018.01.09 18:48:00.534,1.12562,1.12565,1.37,2.74
2018.01.09 18:48:03.090,1.12561,1.12564,3.75,1.12
2018.01.09 18:48:05.570,1.12561,1.12565,3.94,1.57
2018.01.09 18:48:06.092,1.12561,1.12564,2.44,1.00
2018.01.09 18:48:06.610,1.12561,1.12564,2.44,1.00
2018.01.09 18:48:07.172,1.12559,1.12563,5.89,4.50
2018.01.09 18:48:07.276,1.12558,1.12562,1.76,2.25
2018.01.09 18:48:07.795,1.12558,1.12561,1.76,1.50
2018.01.09 18:48:09.701,1.12558,1.12562,1.69,3.07
2018.01.09 18:48:10.543,1.12558,1.12562,1.69,3.07
2018.01.09 18:48:11.592,1.12558,1.12562,1.69,3.07
2018.01.09 18:48:13.691,1.12558,1.12562,1.69,3.82
2018.01.09 18:48:14.697,1.12558,1.12562,1.69,2.70
2018.01.09 18:48:16.784,1.12558,1.12562,2.44,2.70
2018.01.09 18:48:17.828,1.12558,1.12562,1.69,2.70
2018.01.09 18:48:18.387,1.12558,1.12562,1.69,3.07
2018.01.09 18:48:28.809,1.12558,1.12561,1.00,3.45
2018.01.09 18:48:29.333,1.12557,1.12561,2.44,2.32
2018.01.09 18:48:38.309,1.12558,1.1256,1.25,1.00
2018.01.09 18:48:40.150,1.12557,1.1256,1.12,2.62
2018.01.09 18:48:44.058,1.12556,1.1256,2.06,3.45
2018.01.09 18:48:44.574,1.12557,1.1256,2.25,1.50
2018.01.09 18:48:46.307,1.12557,1.1256,2.44,1.50
2018.01.09 18:48:48.240,1.12556,1.1256,1.69,4.20
2018.01.09 18:48:48.841,1.12556,1.1256,1.69,4.20
2018.01.09 18:48:53.842,1.12557,1.1256,1.50,1.87
2018.01.09 18:48:55.034,1.12557,1.1256,2.25,1.50
2018.01.09 18:48:58.048,1.12557,1.1256,4.76,1.00
2018.01.09 18:48:59.097,1.12557,1.1256,6.26,1.00
2018.01.09 18:49:17.137,1.12557,1.12561,8.51,1.87
2018.01.09 18:49:19.434,1.12558,1.1256,1.00,1.00
2018.01.09 18:49:19.950,1.12558,1.12561,1.00,1.87
2018.01.09 18:49:20.487,1.12557,1.1256,2.51,1.00
2018.01.09 18:49:23.264,1.12557,1.12561,2.44,1.95
2018.01.09 18:49:25.882,1.12557,1.1256,1.76,1.00
2018.01.09 18:49:26.432,1.12557,1.12561,3.26,2.62
2018.01.09 18:49:29.483,1.12558,1.1256,1.00,1.00
2018.01.09 18:49:30.059,1.12557,1.12561,3.64,1.12
2018.01.09 18:49:31.381,1.12558,1.1256,1.00,1.00
2018.01.09 18:49:33.037,1.12557,1.12561,2.51,2.62
2018.01.09 18:49:34.656,1.12557,1.12561,2.51,2.25
2018.01.09 18:49:35.171,1.12557,1.1256,2.14,2.25
2018.01.09 18:49:36.782,1.12557,1.1256,2.06,1.50
2018.01.09 18:49:41.232,1.12556,1.12558,5.89,1.00
2018.01.09 18:49:41.390,1.12551,1.12555,3.64,3.37
2018.01.09 18:49:41.495,1.12553,1.12555,1.50,1.12
2018.01.09 18:49:42.029,1.12552,1.12556,6.64,2.62
2018.01.09 18:49:44.298,1.12554,1.12556,1.00,1.50
2018.01.09 18:49:44.874,1.12553,1.12556,2.81,1.00
2018.01.09 18:49:53.011,1.12555,1.12557,1.69,2.74
2018.01.09 18:49:53.064,1.12557,1.12559,1.00,2.62
2018.01.09 18:49:53.583,1.12556,1.12559,2.44,1.50
2018.01.09 18:49:54.336,1.12556,1.12558,1.25,2.25
2018.01.09 18:49:54.441,1.12553,1.12556,1.29,2.25
2018.01.09 18:49:54.493,1.12552,1.12556,3.26,2.25
2018.01.09 18:49:55.008,1.12552,1.12555,2.06,1.00
2018.01.09 18:50:00.198,1.12553,1.12555,1.00,1.00
2018.01.09 18:50:00.894,1.12556,1.12558,1.87,1.47
2018.01.09 18:50:01.530,1.12556,1.12558,2.25,1.00
2018.01.09 18:50:02.152,1.12556,1.12559,3.45,1.00
2018.01.09 18:50:02.932,1.12557,1.12559,1.00,1.50
2018.01.09 18:50:03.480,1.12556,1.12559,2.81,1.50
2018.01.09 18:50:05.181,1.12557,1.12559,1.00,1.12
2018.01.09 18:50:05.688,1.12556,1.12559,4.39,1.12
2018.01.09 18:50:06.196,1.12557,1.12559,1.00,1.00
2018.01.09 18:50:07.276,1.12557,1.1256,2.62,2.25
2018.01.09 18:50:08.110,1.12556,1.12558,1.12,1.00
2018.01.09 18:50:08.633,1.12556,1.12559,2.51,1.00
2018.01.09 18:50:12.914,1.12558,1.1256,1.12,1.00
2018.01.09 18:50:18.762,1.12558,1.1256,4.39,1.00
2018.01.09 18:50:23.525,1.12558,1.12561,4.39,1.12
2018.01.09 18:50:24.040,1.12558,1.12561,1.25,1.50
2018.01.09 18:50:25.738,1.12557,1.1256,5.14,1.50
2018.01.09 18:50:31.639,1.12556,1.1256,5.14,3.37
2018.01.09 18:50:31.950,1.12555,1.12558,2.51,1.50
2018.01.09 18:50:34.282,1.12555,1.12557,1.69,1.00
2018.01.09 18:50:34.797,1.12554,1.12557,5.51,1.91
2018.01.09 18:50:35.727,1.12554,1.12557,5.51,1.05
2018.01.09 18:50:36.265,1.12556,1.12558,1.00,1.00
2018.01.09 18:50:40.389,1.12555,1.12558,2.89,1.00
2018.01.09 18:50:43.268,1.12555,1.12558,2.89,1.00
2018.01.09 18:50:43.783,1.12555,1.12558,2.89,1.00
2018.01.09 18:50:44.751,1.12556,1.12559,1.00,1.87
2018.01.09 18:50:49.095,1.12556,1.1256,5.89,1.87
2018.01.09 18:50:49.616,1.12557,1.1256,1.69,1.12
2018.01.09 18:51:24.542,1.12558,1.12561,1.31,3.00
2018.01.09 18:51:26.786,1.12559,1.12561,1.12,1.50
2018.01.09 18:51:27.294,1.12559,1.12562,3.94,1.50
2018.01.09 18:51:30.197,1.12561,1.12563,1.31,1.12
2018.01.09 18:51:30.870,1.1256,1.12564,4.69,4.99
2018.01.09 18:51:31.386,1.1256,1.12563,2.81,1.12
2018.01.09 18:51:33.298,1.1256,1.12563,2.06,1.87
2018.01.09 18:51:33.839,1.12561,1.12564,1.25,1.57
2018.01.09 18:51:34.186,1.12562,1.12565,1.69,2.25
2018.01.09 18:51:35.349,1.1256,1.12563,4.39,1.00
2018.01.09 18:51:35.882,1.12562,1.12565,1.25,2.70
2018.01.09 18:51:36.245,1.1256,1.12563,2.81,1.87
2018.01.09 18:51:36.869,1.1256,1.12563,2.06,1.00
2018.01.09 18:51:39.128,1.12562,1.12564,1.00,3.11
2018.01.09 18:51:39.645,1.12562,1.12565,1.37,1.87
2018.01.09 18:51:41.319,1.12562,1.12564,1.50,2.62
2018.01.09 18:51:41.681,1.1256,1.12563,4.39,1.37
2018.01.09 18:51:42.191,1.1256,1.12563,3.64,1.00
2018.01.09 18:51:42.726,1.1256,1.12563,1.31,1.50
2018.01.09 18:51:43.521,1.12561,1.12564,1.12,2.62
2018.01.09 18:51:43.856,1.12562,1.12565,3.37,3.56
2018.01.09 18:51:44.859,1.12562,1.12564,1.50,1.50
2018.01.09 18:51:45.484,1.1256,1.12564,6.26,4.54
2018.01.09 18:51:46.337,1.12561,1.12564,1.31,3.41
2018.01.09 18:51:46.952,1.12561,1.12564,1.31,4.16
2018.01.09 18:51:47.490,1.1256,1.12563,1.31,1.12
2018.01.09 18:51:51.959,1.1256,1.12563,1.31,1.37
2018.01.09 18:51:52.948,1.1256,1.12563,1.31,1.12
2018.01.09 18:51:55.037,1.1256,1.12563,1.31,2.25
2018.01.09 18:51:57.236,1.1256,1.12563,1.25,2.25
2018.01.09 18:51:58.383,1.1256,1.12563,1.25,2.62
2018.01.09 18:51:58.885,1.1256,1.12563,2.06,1.87
2018.01.09 18:51:59.523,1.1256,1.12563,1.31,1.87
2018.01.09 18:52:02.831,1.1256,1.12563,1.31,1.37
2018.01.09 18:52:03.583,1.1256,1.12563,2.06,1.50
2018.01.09 18:52:04.122,1.1256,1.12563,1.31,1.50
2018.01.09 18:52:06.672,1.1256,1.12563,2.06,1.12
2018.01.09 18:52:07.184,1.1256,1.12563,1.31,1.37
2018.01.09 18:52:10.332,1.1256,1.12563,1.31,1.12
2018.01.09 18:52:10.844,1.1256,1.12563,1.31,3.37
2018.01.09 18:52:11.785,1.12559,1.12562,2.25,1.00
2018.01.09 18:52:12.101,1.12553,1.12556,1.00,2.70
2018.01.09 18:52:16.289,1.12556,1.12558,1.95,4.87
2018.01.09 18:52:16.343,1.12557,1.1256,1.50,4.12
2018.01.09 18:52:17.677,1.12557,1.1256,2.44,1.00
2018.01.09 18:52:18.340,1.12557,1.12561,3.94,2.32
2018.01.09 18:52:19.334,1.12557,1.12561,4.76,3.00
2018.01.09 18:52:19.953,1.12558,1.12561,1.12,2.25
2018.01.09 18:52:25.035,1.12558,1.1256,1.00,1.12
2018.01.09 18:52:25.550,1.12557,1.1256,1.12,1.12
2018.01.09 18:52:30.740,1.12557,1.1256,1.00,3.82
2018.01.09 18:52:31.000,1.12555,1.12558,1.50,1.50
2018.01.09 18:52:31.368,1.12557,1.12559,1.00,1.57
2018.01.09 18:52:44.693,1.12557,1.1256,1.31,3.22
2018.01.09 18:52:46.495,1.12557,1.1256,2.44,1.37
2018.01.09 18:52:51.359,1.12557,1.12561,3.56,3.45
2018.01.09 18:52:51.889,1.12557,1.1256,3.56,1.00
2018.01.09 18:52:52.438,1.12557,1.12561,3.56,2.70
2018.01.09 18:52:53.191,1.12557,1.1256,3.56,1.00
2018.01.09 18:52:53.734,1.12557,1.12561,3.56,2.70
2018.01.09 18:52:54.488,1.12557,1.1256,3.56,1.00
2018.01.09 18:52:55.035,1.12557,1.12561,3.56,2.70
2018.01.09 18:52:56.985,1.12557,1.1256,3.56,1.00
2018.01.09 18:52:57.486,1.12557,1.12561,3.56,2.70
2018.01.09 18:53:01.636,1.12557,1.12561,3.56,2.77
2018.01.09 18:53:05.079,1.12561,1.12563,7.50,1.12
2018.01.09 18:53:05.184,1.12562,1.12565,3.64,1.50
2018.01.09 18:53:05.699,1.12563,1.12566,1.12,2.62
2018.01.09 18:53:13.885,1.12564,1.12566,1.00,3.45
2018.01.09 18:53:15.888,1.12563,1.12566,3.00,1.50
2018.01.09 18:53:16.418,1.12564,1.12567,1.00,3.45
2018.01.09 18:53:17.076,1.12564,1.12567,1.00,2.70
2018.01.09 18:53:43.656,1.12563,1.12566,1.50,1.12
2018.01.09 18:53:44.173,1.12564,1.12567,1.00,3.45
2018.01.09 18:53:46.891,1.12564,1.12567,3.56,1.50
2018.01.09 18:53:53.231,1.12564,1.12567,1.50,1.00
2018.01.09 18:53:56.853,1.12564,1.12567,1.00,2.70
2018.01.09 18:54:17.226,1.12563,1.12567,1.12,6.07
2018.01.09 18:54:24.082,1.12564,1.12567,1.00,3.82
2018.01.09 18:54:24.919,1.12563,1.12567,1.31,5.32
2018.01.09 18:54:27.554,1.12563,1.12566,1.12,1.95
2018.01.09 18:54:28.086,1.12563,1.12566,1.00,1.50
2018.01.09 18:54:28.547,1.12563,1.12564,1.87,1.00
2018.01.09 18:54:28.712,1.1256,1.12562,1.31,1.00
2018.01.09 18:54:29.788,1.12561,1.12563,1.00,1.95
2018.01.09 18:54:30.101,1.12561,1.12564,4.69,1.12
2018.01.09 18:54:30.153,1.12562,1.12565,3.56,3.07
2018.01.09 18:54:30.669,1.12564,1.12567,1.00,4.95
2018.01.09 18:54:31.193,1.12564,1.12567,1.12,3.07
2018.01.09 18:54:32.076,1.12563,1.12566,1.69,1.87
2018.01.09 18:54:32.593,1.12563,1.12566,1.50,1.87
2018.01.09 18:54:33.648,1.12563,1.12566,1.12,2.70
2018.01.09 18:54:34.792,1.12563,1.12566,1.00,1.12
2018.01.09 18:54:36.294,1.12562,1.12565,3.26,1.87
2018.01.09 18:54:36.865,1.12563,1.12567,1.12,8.32
2018.01.09 18:54:37.205,1.12561,1.12565,5.51,1.87
2018.01.09 18:54:37.309,1.12563,1.12566,1.50,3.45
2018.01.09 18:54:37.930,1.12563,1.12567,3.75,2.32
2018.01.09 18:54:38.449,1.12564,1.12567,1.31,1.50
2018.01.09 18:54:44.197,1.12563,1.12567,3.26,2.25
2018.01.09 18:54:46.222,1.12563,1.12567,2.51,2.62
2018.01.09 18:54:46.760,1.12563,1.12566,1.00,2.70
2018.01.09 18:54:47.131,1.12561,1.12562,1.10,1.00
2018.01.09 18:54:47.237,1.1256,1.12563,1.00,3.00
2018.01.09 18:54:47.673,1.12562,1.12564,2.06,1.00
2018.01.09 18:54:48.188,1.12562,1.12566,2.44,3.45
2018.01.09 18:54:48.735,1.12563,1.12566,1.00,5.32
2018.01.09 18:54:50.398,1.12563,1.12566,1.25,2.25
2018.01.09 18:54:52.662,1.12562,1.12566,3.64,2.25
2018.01.09 18:54:53.349,1.12562,1.12566,1.69,4.20
2018.01.09 18:54:55.728,1.12561,1.12565,3.64,2.25
2018.01.09 18:55:00.165,1.12561,1.12565,2.44,1.57
2018.01.09 18:55:00.678,1.12561,1.12565,2.81,1.57
2018.01.09 18:55:01.195,1.12562,1.12565,1.69,1.50
2018.01.09 18:55:02.117,1.12563,1.12566,1.00,1.37
2018.01.09 18:55:02.647,1.12564,1.12567,1.00,2.32
2018.01.09 18:55:06.496,1.12564,1.12567,1.00,1.00
2018.01.09 18:55:06.997,1.12565,1.12567,1.00,1.00
2018.01.09 18:55:08.292,1.12564,1.12567,3.19,1.00
2018.01.09 18:55:09.884,1.12565,1.12567,2.25,1.00
2018.01.09 18:55:11.385,1.12564,1.12567,3.64,1.00
2018.01.09 18:55:11.939,1.12565,1.12567,1.00,1.00
2018.01.09 18:55:12.672,1.12564,1.12567,2.62,1.00
2018.01.09 18:55:13.187,1.12565,1.12568,1.00,2.25
2018.01.09 18:55:14.419,1.12564,1.12568,4.31,3.07
2018.01.09 18:55:14.934,1.12565,1.12567,1.50,1.00
2018.01.09 18:55:15.471,1.12564,1.12567,2.81,1.50
2018.01.09 18:55:19.737,1.12565,1.12568,1.00,1.10
2018.01.09 18:55:20.256,1.12565,1.12568,1.69,1.00
2018.01.09 18:55:21.905,1.12571,1.12573,1.12,1.37
2018.01.09 18:55:22.080,1.12571,1.12574,1.87,1.95
2018.01.09 18:55:29.833,1.1257,1.12574,2.81,2.70
2018.01.09 18:55:30.139,1.1257,1.12574,1.69,4.57
2018.01.09 18:55:30.759,1.12569,1.12572,2.44,1.12
2018.01.09 18:55:31.943,1.1257,1.12572,1.00,1.50
2018.01.09 18:55:32.471,1.12569,1.12572,3.19,1.12
2018.01.09 18:55:32.986,1.1257,1.12572,1.50,1.12
2018.01.09 18:55:33.581,1.12569,1.12572,2.44,1.12
2018.01.09 18:55:34.106,1.1257,1.12572,1.50,1.12
2018.01.09 18:55:34.877,1.12569,1.12572,2.44,1.50
2018.01.09 18:55:35.462,1.1257,1.12572,1.00,1.50
2018.01.09 18:55:36.277,1.12569,1.12572,2.44,1.50
2018.01.09 18:55:36.885,1.1257,1.12572,1.50,1.50
2018.01.09 18:55:37.479,1.12569,1.12572,3.19,1.50
2018.01.09 18:55:39.129,1.1257,1.12572,1.00,1.12
2018.01.09 18:55:39.708,1.12569,1.12573,3.94,3.49
2018.01.09 18:55:40.938,1.1257,1.12573,1.00,3.07
2018.01.09 18:55:41.645,1.12569,1.12572,2.44,1.00
2018.01.09 18:55:42.338,1.1257,1.12573,1.00,3.07
2018.01.09 18:55:42.933,1.12569,1.12573,2.81,3.07
2018.01.09 18:55:43.665,1.1257,1.12572,1.00,1.00
2018.01.09 18:55:44.434,1.12569,1.12572,3.56,1.00
2018.01.09 18:55:45.061,1.1257,1.12572,1.00,1.30
2018.01.09 18:55:45.733,1.12569,1.12572,3.19,1.30
2018.01.09 18:55:46.433,1.1257,1.12572,1.00,1.30
2018.01.09 18:55:47.038,1.12569,1.12572,3.19,1.00
2018.01.09 18:55:47.635,1.1257,1.12572,1.00,1.00
2018.01.09 18:55:48.343,1.12569,1.12573,3.19,3.07
2018.01.09 18:55:49.038,1.1257,1.12572,1.00,1.00
2018.01.09 18:55:49.589,1.12571,1.12573,1.50,1.57
2018.01.09 18:55:50.125,1.12571,1.12573,1.50,1.10
2018.01.09 18:55:54.571,1.1257,1.12573,3.19,1.57
2018.01.09 18:55:59.890,1.12571,1.12573,1.00,1.00
2018.01.09 18:56:11.508,1.1257,1.12573,2.81,2.25
2018.01.09 18:56:12.893,1.1257,1.12573,1.31,3.82
2018.01.09 18:56:17.446,1.1257,1.12573,1.69,1.20
2018.01.09 18:56:23.786,1.1257,1.12572,1.25,1.87
2018.01.09 18:56:24.315,1.12569,1.12573,5.06,6.45
2018.01.09 18:56:24.633,1.12566,1.12569,1.76,3.00
2018.01.09 18:56:25.925,1.12566,1.12569,1.69,3.00
2018.01.09 18:56:26.682,1.12567,1.12569,1.00,1.00
2018.01.09 18:56:27.291,1.12567,1.12571,2.51,2.70
2018.01.09 18:56:31.608,1.12566,1.12569,2.51,1.00
2018.01.09 18:56:36.199,1.12566,1.1257,2.81,4.65
2018.01.09 18:56:38.953,1.12566,1.12569,1.31,1.12
2018.01.09 18:56:40.493,1.12566,1.12569,1.31,1.87
2018.01.09 18:56:41.536,1.12566,1.12569,2.06,1.12
2018.01.09 18:56:43.648,1.12567,1.1257,1.00,4.95
2018.01.09 18:56:45.043,1.12566,1.12569,4.31,1.12
2018.01.09 18:56:47.217,1.12566,1.12569,4.31,1.87
2018.01.09 18:56:48.825,1.12566,1.1257,7.39,3.45
2018.01.09 18:56:49.862,1.12567,1.1257,1.95,1.12
2018.01.09 18:56:53.089,1.12567,1.1257,1.87,3.37
2018.01.09 18:56:54.304,1.12566,1.12569,3.94,1.12
2018.01.09 18:56:55.623,1.12566,1.12569,3.94,1.37
2018.01.09 18:57:16.631,1.12566,1.12569,2.81,1.12
2018.01.09 18:57:20.495,1.12566,1.12569,2.81,2.62
2018.01.09 18:57:37.371,1.12564,1.12567,2.06,1.12
2018.01.09 18:57:44.158,1.12563,1.12565,3.37,2.25
2018.01.09 18:57:44.656,1.12561,1.12564,2.81,1.00
2018.01.09 18:57:45.960,1.1256,1.12564,2.44,7.95
2018.01.09 18:57:46.463,1.12561,1.12564,1.25,3.82
2018.01.09 18:57:47.513,1.12558,1.12561,4.39,1.00
2018.01.09 18:57:48.049,1.12558,1.12561,1.12,3.37
2018.01.09 18:57:52.947,1.12559,1.12561,1.00,1.95
2018.01.09 18:57:53.883,1.12558,1.12561,1.12,1.20
2018.01.09 18:58:07.027,1.12559,1.12561,1.00,1.20
2018.01.09 18:58:10.883,1.12559,1.1256,1.00,1.00
2018.01.09 18:58:13.924,1.12555,1.12557,1.12,3.07
2018.01.09 18:58:14.505,1.12553,1.12557,5.81,4.95
2018.01.09 18:58:15.032,1.12555,1.12557,1.00,1.12
2018.01.09 18:58:22.245,1.12557,1.12559,1.00,2.70
2018.01.09 18:58:22.349,1.12558,1.1256,1.00,2.70
2018.01.09 18:58:22.813,1.12556,1.1256,3.19,3.82
2018.01.09 18:58:23.551,1.12557,1.1256,1.00,3.07
2018.01.09 18:58:24.402,1.12557,1.1256,1.12,3.07
2018.01.09 18:58:24.929,1.12558,1.1256,1.00,2.25
2018.01.09 18:58:25.479,1.12555,1.12557,5.51,2.85
2018.01.09 18:58:28.459,1.12553,1.12556,4.87,2.62
2018.01.09 18:58:29.219,1.12553,1.12555,1.12,1.00
2018.01.09 18:58:31.953,1.12552,1.12555,3.00,1.87
2018.01.09 18:58:36.083,1.12552,1.12554,1.50,1.00
2018.01.09 18:58:45.114,1.12552,1.12555,1.25,7.42
2018.01.09 18:58:49.606,1.1255,1.12551,1.57,1.00
2018.01.09 18:58:49.660,1.12548,1.1255,1.00,1.12
2018.01.09 18:58:49.926,1.12547,1.12549,1.25,7.95
2018.01.09 18:58:50.451,1.12546,1.12549,1.50,1.12
2018.01.09 18:58:51.683,1.12547,1.12549,1.00,1.00
2018.01.09 18:58:52.229,1.12546,1.12549,1.50,1.00
2018.01.09 18:58:56.193,1.12546,1.12549,1.12,2.25
2018.01.09 18:58:56.863,1.12546,1.12549,2.06,1.50
2018.01.09 18:58:58.704,1.12546,1.12549,2.06,1.50
2018.01.09 18:59:01.136,1.12546,1.12549,1.31,1.50
2018.01.09 18:59:01.856,1.12546,1.12549,1.31,2.25
2018.01.09 18:59:03.947,1.12546,1.12549,2.06,1.12
2018.01.09 18:59:04.985,1.12547,1.1255,1.25,5.85
2018.01.09 18:59:07.608,1.12546,1.1255,1.31,8.32
2018.01.09 18:59:09.982,1.12547,1.1255,1.00,5.47
2018.01.09 18:59:20.120,1.12547,1.1255,1.31,1.65
2018.01.09 18:59:26.264,1.12547,1.1255,2.06,1.87
2018.01.09 18:59:32.682,1.12547,1.1255,2.62,1.87
2018.01.09 18:59:33.023,1.12549,1.12552,1.31,1.95
2018.01.09 18:59:33.438,1.12551,1.12554,1.00,2.32
2018.01.09 18:59:33.990,1.12552,1.12554,1.00,1.50
2018.01.09 18:59:34.743,1.12552,1.12554,1.00,1.50
2018.01.09 18:59:39.506,1.12551,1.12555,4.76,3.00
2018.01.09 18:59:42.822,1.12551,1.12555,3.64,3.37
2018.01.09 18:59:46.275,1.12552,1.12554,1.00,1.12
2018.01.09 18:59:47.054,1.12551,1.12554,5.89,1.50
2018.01.09 18:59:47.617,1.12552,1.12554,1.00,1.50
2018.01.09 18:59:49.813,1.12552,1.12554,1.00,1.50
2018.01.09 18:59:52.357,1.12551,1.12554,4.76,1.50
