2014.12.19 11:00:00.543,1.19432,1.19438,2.25,1.00
2014.12.19 11:00:01.048,1.19432,1.19437,1.50,1.00
2014.12.19 11:00:02.657,1.19432,1.19438,1.50,1.50
2014.12.19 11:00:03.162,1.19431,1.19437,1.75,1.00
2014.12.19 11:00:07.246,1.19432,1.19439,2.25,3.00
2014.12.19 11:00:07.750,1.19434,1.19439,1.12,1.00
2014.12.19 11:00:09.400,1.19432,1.19439,2.44,2.25
2014.12.19 11:00:09.854,1.19432,1.19439,2.25,1.50
2014.12.19 11:00:10.385,1.19432,1.19439,2.00,1.50
2014.12.19 11:00:12.263,1.19436,1.1944,1.00,1.00
2014.12.19 11:00:12.415,1.19436,1.19443,1.57,1.87
2014.12.19 11:00:12.517,1.19436,1.19443,3.00,1.50
2014.12.19 11:00:12.819,1.19436,1.19443,4.69,1.00
2014.12.19 11:00:13.767,1.19436,1.19441,3.94,1.00
2014.12.19 11:00:13.818,1.19436,1.19441,1.50,1.00
2014.12.19 11:00:13.869,1.19434,1.19441,1.24,1.50
2014.12.19 11:00:13.970,1.19433,1.19439,1.10,1.00
2014.12.19 11:00:14.485,1.19432,1.19439,1.00,1.00
2014.12.19 11:00:24.190,1.19431,1.19437,1.69,1.00
2014.12.19 11:00:24.341,1.19432,1.19439,1.00,1.50
2014.12.19 11:00:25.350,1.19432,1.19439,1.50,1.00
2014.12.19 11:00:25.855,1.19432,1.19439,1.75,3.00
2014.12.19 11:00:26.374,1.19432,1.19439,1.50,1.50
2014.12.19 11:00:27.715,1.19432,1.19438,1.50,1.00
2014.12.19 11:00:28.119,1.19436,1.1944,1.00,1.57
2014.12.19 11:00:28.422,1.19437,1.19442,1.12,1.00
2014.12.19 11:00:29.151,1.19434,1.19441,1.50,2.25
2014.12.19 11:00:30.661,1.19436,1.19441,1.12,1.50
2014.12.19 11:00:30.863,1.19437,1.19443,1.10,1.10
2014.12.19 11:00:30.914,1.19439,1.19444,1.50,1.12
2014.12.19 11:00:30.965,1.1944,1.19446,1.00,3.37
2014.12.19 11:00:31.470,1.19439,1.19445,2.25,1.00
2014.12.19 11:00:31.974,1.19439,1.19446,1.87,3.07
2014.12.19 11:00:34.288,1.19439,1.19446,2.25,3.00
2014.12.19 11:00:34.797,1.19439,1.19445,2.25,1.00
2014.12.19 11:00:35.984,1.19439,1.19446,2.25,3.00
2014.12.19 11:00:37.478,1.19439,1.19445,2.25,1.00
2014.12.19 11:00:37.989,1.19439,1.19445,1.87,1.00
2014.12.19 11:00:38.827,1.19439,1.19442,1.12,1.00
2014.12.19 11:00:38.928,1.19438,1.19444,1.50,1.50
2014.12.19 11:00:40.203,1.19443,1.19445,1.00,1.00
2014.12.19 11:00:40.354,1.19442,1.19448,1.87,1.00
2014.12.19 11:00:40.506,1.19445,1.19449,1.00,1.10
2014.12.19 11:00:40.809,1.19444,1.1945,1.75,1.50
2014.12.19 11:00:42.678,1.19445,1.19449,1.50,1.00
2014.12.19 11:00:44.155,1.19444,1.1945,1.75,1.50
2014.12.19 11:00:45.272,1.19444,1.19449,2.25,1.00
2014.12.19 11:00:45.323,1.19444,1.19449,1.50,1.00
2014.12.19 11:00:46.889,1.19443,1.19449,1.00,1.50
2014.12.19 11:00:49.006,1.19442,1.19449,1.69,1.50
2014.12.19 11:00:49.888,1.19442,1.19449,2.44,1.50
2014.12.19 11:00:57.253,1.19442,1.19449,2.25,1.50
2014.12.19 11:01:00.576,1.19441,1.19447,3.19,1.00
2014.12.19 11:01:08.175,1.19443,1.19448,1.50,1.00
2014.12.19 11:01:08.710,1.19443,1.19449,1.50,2.25
2014.12.19 11:01:14.117,1.19443,1.19449,3.00,2.25
2014.12.19 11:01:15.507,1.19445,1.19449,1.50,1.50
2014.12.19 11:01:16.963,1.19443,1.19449,2.25,1.50
2014.12.19 11:01:30.918,1.19445,1.19449,1.75,1.00
2014.12.19 11:01:31.927,1.19445,1.19449,1.50,1.00
2014.12.19 11:01:39.178,1.19439,1.1944,1.00,1.00
2014.12.19 11:01:39.228,1.19438,1.1944,1.00,1.00
2014.12.19 11:01:39.330,1.19437,1.1944,1.50,1.00
2014.12.19 11:01:39.432,1.19436,1.19442,2.25,1.00
2014.12.19 11:01:39.634,1.19436,1.19442,2.25,1.00
2014.12.19 11:01:40.144,1.19436,1.19442,3.19,1.00
2014.12.19 11:01:40.856,1.19443,1.19444,1.00,1.00
2014.12.19 11:01:40.907,1.19443,1.19445,1.00,1.57
2014.12.19 11:01:41.059,1.19443,1.19448,1.10,1.50
2014.12.19 11:01:41.261,1.19443,1.19449,1.75,1.00
2014.12.19 11:01:41.766,1.19445,1.1945,1.12,1.00
2014.12.19 11:01:43.672,1.19446,1.1945,1.12,1.00
2014.12.19 11:01:45.237,1.19446,1.19451,1.12,1.50
2014.12.19 11:01:45.846,1.19447,1.19452,1.10,1.00
2014.12.19 11:01:46.351,1.19447,1.19453,2.06,3.75
2014.12.19 11:01:50.702,1.19447,1.19451,1.31,1.00
2014.12.19 11:01:50.804,1.19447,1.19453,1.31,3.00
2014.12.19 11:01:53.138,1.19447,1.19451,1.87,1.50
2014.12.19 11:01:53.440,1.19444,1.19449,1.75,1.50
2014.12.19 11:01:53.491,1.19444,1.19449,1.00,1.50
2014.12.19 11:01:54.047,1.19443,1.19449,1.00,2.25
2014.12.19 11:01:54.994,1.19443,1.19448,1.50,1.00
2014.12.19 11:01:55.549,1.19444,1.19448,1.00,1.00
2014.12.19 11:01:56.131,1.19443,1.19448,1.50,1.00
2014.12.19 11:01:57.406,1.19441,1.19447,1.69,1.00
2014.12.19 11:01:57.658,1.19441,1.19447,2.44,1.00
2014.12.19 11:01:58.659,1.19441,1.19447,1.10,2.32
2014.12.19 11:01:59.164,1.19442,1.19447,1.10,1.50
2014.12.19 11:01:59.669,1.19442,1.19447,1.12,1.50
2014.12.19 11:02:00.759,1.19445,1.19447,1.00,1.50
2014.12.19 11:02:01.264,1.19445,1.19448,1.00,1.00
2014.12.19 11:02:03.194,1.19444,1.19448,1.50,1.00
2014.12.19 11:02:05.786,1.19445,1.19448,1.00,1.00
2014.12.19 11:02:06.190,1.19447,1.19453,2.06,2.25
2014.12.19 11:02:06.342,1.19447,1.19453,1.75,2.44
2014.12.19 11:02:06.847,1.19447,1.19453,2.44,1.00
2014.12.19 11:02:08.991,1.19447,1.19452,2.25,1.00
2014.12.19 11:02:09.497,1.19445,1.19451,1.75,1.00
2014.12.19 11:02:14.379,1.19445,1.19451,1.87,1.50
2014.12.19 11:02:17.010,1.19447,1.19452,1.31,1.00
2014.12.19 11:02:17.545,1.19447,1.19453,2.44,2.25
2014.12.19 11:02:19.633,1.19446,1.19451,2.44,1.00
2014.12.19 11:02:19.936,1.19447,1.19453,1.87,1.50
2014.12.19 11:02:22.234,1.19446,1.19451,1.69,1.00
2014.12.19 11:02:22.739,1.19445,1.19451,1.50,1.50
2014.12.19 11:02:25.501,1.19445,1.19451,3.94,1.00
2014.12.19 11:02:26.028,1.19445,1.19451,2.25,1.00
2014.12.19 11:02:28.128,1.19447,1.19451,1.50,1.00
2014.12.19 11:02:28.229,1.19447,1.19451,1.10,1.00
2014.12.19 11:02:28.330,1.19447,1.19452,2.44,1.00
2014.12.19 11:02:28.835,1.19449,1.19453,1.10,1.00
2014.12.19 11:02:29.349,1.19447,1.19453,2.81,1.00
2014.12.19 11:02:31.885,1.19446,1.1945,2.25,1.00
2014.12.19 11:02:32.389,1.19444,1.1945,1.75,1.00
2014.12.19 11:02:32.642,1.19444,1.1945,1.12,3.00
2014.12.19 11:02:34.816,1.19444,1.1945,1.10,2.51
2014.12.19 11:02:35.321,1.19444,1.1945,1.00,3.56
2014.12.19 11:02:35.828,1.19443,1.19448,1.10,1.00
2014.12.19 11:02:36.665,1.19442,1.19444,1.12,1.00
2014.12.19 11:02:36.970,1.19433,1.19437,1.75,1.50
2014.12.19 11:02:37.021,1.19431,1.19437,1.50,1.69
2014.12.19 11:02:37.174,1.1943,1.19434,1.10,1.00
2014.12.19 11:02:37.831,1.19429,1.19434,2.25,1.00
2014.12.19 11:02:38.336,1.1943,1.19435,1.50,1.00
2014.12.19 11:02:42.577,1.19429,1.19434,3.00,1.00
2014.12.19 11:02:42.779,1.19424,1.19429,1.31,2.25
2014.12.19 11:02:42.881,1.19422,1.19425,1.67,1.00
2014.12.19 11:02:42.983,1.1942,1.19425,1.12,1.69
2014.12.19 11:02:43.084,1.19419,1.19422,1.00,1.50
2014.12.19 11:02:43.186,1.19416,1.19422,1.12,1.19
2014.12.19 11:02:43.691,1.19416,1.19422,1.10,1.29
2014.12.19 11:02:44.196,1.19414,1.1942,1.87,1.00
2014.12.19 11:02:44.888,1.19413,1.19418,2.25,1.00
2014.12.19 11:02:45.291,1.19414,1.1942,1.12,1.25
2014.12.19 11:02:45.493,1.19412,1.19418,3.00,1.00
2014.12.19 11:02:46.603,1.19414,1.1942,1.12,1.00
2014.12.19 11:02:47.115,1.19412,1.19418,3.00,1.00
2014.12.19 11:02:47.620,1.19414,1.1942,1.12,1.69
2014.12.19 11:02:48.124,1.19415,1.1942,1.12,1.00
2014.12.19 11:02:48.659,1.19416,1.19422,1.10,1.76
2014.12.19 11:02:49.316,1.19416,1.19422,1.57,1.10
2014.12.19 11:02:50.128,1.19416,1.19422,1.87,1.00
2014.12.19 11:02:53.664,1.19417,1.19422,1.12,1.00
2014.12.19 11:03:01.567,1.19416,1.19421,1.10,1.00
2014.12.19 11:03:03.987,1.19416,1.19422,1.10,1.76
2014.12.19 11:03:04.491,1.19417,1.19422,2.51,1.00
2014.12.19 11:03:04.593,1.19418,1.19424,1.57,1.57
2014.12.19 11:03:05.098,1.19418,1.19424,1.12,1.50
2014.12.19 11:03:06.054,1.19418,1.19423,1.12,1.00
2014.12.19 11:03:06.564,1.1942,1.19424,1.00,1.00
2014.12.19 11:03:07.069,1.1942,1.19425,1.00,1.57
2014.12.19 11:03:08.584,1.19418,1.19424,1.87,1.00
2014.12.19 11:03:10.895,1.19418,1.19424,1.10,1.57
2014.12.19 11:03:11.464,1.19418,1.19423,1.10,1.00
2014.12.19 11:03:11.976,1.19418,1.19424,1.10,1.57
2014.12.19 11:03:13.758,1.19418,1.19423,1.10,1.00
2014.12.19 11:03:14.690,1.19416,1.19421,1.10,1.00
2014.12.19 11:03:15.749,1.19415,1.19416,1.10,1.00
2014.12.19 11:03:16.002,1.1941,1.19415,1.12,1.00
2014.12.19 11:03:16.204,1.1941,1.19413,1.00,2.44
2014.12.19 11:03:16.407,1.19404,1.19407,1.50,1.00
2014.12.19 11:03:16.509,1.19402,1.19407,1.87,1.00
2014.12.19 11:03:17.014,1.19401,1.19407,2.62,1.00
2014.12.19 11:03:17.267,1.19405,1.19409,1.00,1.12
2014.12.19 11:03:17.368,1.19403,1.19409,1.00,1.87
2014.12.19 11:03:18.270,1.19405,1.1941,1.00,1.87
2014.12.19 11:03:18.776,1.19405,1.19411,1.00,1.87
2014.12.19 11:03:19.078,1.19407,1.19411,1.00,1.87
2014.12.19 11:03:20.796,1.19406,1.19411,1.00,1.57
2014.12.19 11:03:21.315,1.19407,1.19411,1.00,1.57
2014.12.19 11:03:26.527,1.19408,1.19413,1.00,2.44
2014.12.19 11:03:27.033,1.19407,1.1941,1.10,1.00
2014.12.19 11:03:27.538,1.19407,1.19411,1.00,1.76
2014.12.19 11:03:30.501,1.19407,1.1941,1.00,1.00
2014.12.19 11:03:31.119,1.19405,1.19411,1.00,2.06
2014.12.19 11:03:32.253,1.19405,1.19409,1.00,1.00
2014.12.19 11:03:32.994,1.19405,1.19408,1.00,1.00
2014.12.19 11:03:33.045,1.19405,1.19406,1.00,1.00
2014.12.19 11:03:33.248,1.19397,1.19401,1.00,1.00
2014.12.19 11:03:33.350,1.19394,1.19399,1.10,1.00
2014.12.19 11:03:33.654,1.19393,1.19398,1.00,1.29
2014.12.19 11:03:34.159,1.19392,1.19397,1.00,1.01
2014.12.19 11:03:35.558,1.19392,1.19397,1.00,1.31
2014.12.19 11:03:37.977,1.19392,1.19397,1.00,1.10
2014.12.19 11:03:38.482,1.19391,1.19396,1.57,1.00
2014.12.19 11:03:39.087,1.19392,1.19397,1.00,1.31
2014.12.19 11:03:39.592,1.19393,1.19399,1.00,4.69
2014.12.19 11:03:39.895,1.19402,1.19405,1.00,1.67
2014.12.19 11:03:39.946,1.19401,1.19405,1.76,1.00
2014.12.19 11:03:40.047,1.19404,1.19408,1.10,1.00
2014.12.19 11:03:40.198,1.19404,1.19408,1.50,1.00
2014.12.19 11:03:40.748,1.19404,1.19408,1.12,1.00
2014.12.19 11:03:41.254,1.19406,1.19409,1.00,1.00
2014.12.19 11:03:42.351,1.19406,1.1941,1.00,1.69
2014.12.19 11:03:43.318,1.19406,1.19411,1.00,3.26
2014.12.19 11:03:43.834,1.19406,1.1941,1.00,1.50
2014.12.19 11:03:44.452,1.19406,1.19409,1.00,1.00
2014.12.19 11:03:44.982,1.19406,1.1941,1.50,1.00
2014.12.19 11:03:45.973,1.19406,1.19411,1.00,3.07
2014.12.19 11:03:46.276,1.19404,1.19409,1.12,1.00
2014.12.19 11:03:46.800,1.19404,1.19409,1.10,1.50
2014.12.19 11:03:48.382,1.19405,1.19409,1.00,1.00
2014.12.19 11:03:51.094,1.19404,1.19409,1.10,1.00
2014.12.19 11:03:51.647,1.19405,1.1941,1.00,1.01
2014.12.19 11:03:52.264,1.19405,1.19409,1.00,1.00
2014.12.19 11:03:52.785,1.19405,1.1941,1.00,1.10
2014.12.19 11:03:54.704,1.19405,1.19409,1.00,1.00
2014.12.19 11:03:55.476,1.19404,1.19409,1.10,1.00
2014.12.19 11:03:59.302,1.19403,1.19407,1.12,1.00
2014.12.19 11:03:59.750,1.19401,1.19402,1.87,1.00
2014.12.19 11:03:59.902,1.19394,1.19399,1.12,1.00
2014.12.19 11:04:00.003,1.19392,1.19398,1.87,1.69
2014.12.19 11:04:00.054,1.19392,1.19397,1.12,1.19
2014.12.19 11:04:00.105,1.19391,1.19396,1.50,1.29
2014.12.19 11:04:00.611,1.19392,1.19396,1.00,1.12
2014.12.19 11:04:00.713,1.19394,1.19396,1.00,1.10
2014.12.19 11:04:01.016,1.19399,1.19403,1.50,1.69
2014.12.19 11:04:01.117,1.19397,1.19401,1.10,1.00
2014.12.19 11:04:01.218,1.19395,1.19401,1.10,2.51
2014.12.19 11:04:01.421,1.19395,1.194,1.00,1.31
2014.12.19 11:04:01.573,1.19392,1.19398,2.32,1.10
2014.12.19 11:04:03.137,1.19393,1.19398,1.00,1.10
2014.12.19 11:04:03.642,1.19392,1.19398,1.57,1.10
2014.12.19 11:04:04.403,1.19394,1.19399,1.00,1.12
2014.12.19 11:04:08.314,1.19394,1.19399,1.00,3.94
2014.12.19 11:04:08.840,1.19394,1.19399,1.50,1.31
2014.12.19 11:04:11.540,1.19394,1.19399,1.00,1.69
2014.12.19 11:04:15.041,1.19393,1.19398,1.50,1.31
2014.12.19 11:04:16.012,1.19392,1.19398,1.50,1.31
2014.12.19 11:04:18.379,1.19392,1.19398,1.00,1.31
2014.12.19 11:04:18.913,1.19384,1.1939,2.25,2.44
2014.12.19 11:04:18.964,1.19384,1.1939,2.25,1.50
2014.12.19 11:04:19.116,1.19386,1.19392,1.87,1.50
2014.12.19 11:04:19.217,1.19389,1.19392,1.10,1.00
2014.12.19 11:04:19.268,1.19389,1.19394,1.10,1.00
2014.12.19 11:04:19.319,1.19389,1.19394,3.00,1.00
2014.12.19 11:04:19.369,1.1939,1.19396,1.12,1.25
2014.12.19 11:04:19.874,1.19391,1.19396,1.87,1.00
2014.12.19 11:04:20.632,1.19392,1.19398,1.57,1.01
2014.12.19 11:04:21.290,1.19392,1.19393,1.10,1.00
2014.12.19 11:04:21.442,1.19392,1.19398,1.10,1.01
2014.12.19 11:04:21.593,1.19392,1.19393,1.10,1.00
2014.12.19 11:04:21.846,1.19391,1.19395,1.10,1.00
2014.12.19 11:04:21.947,1.19389,1.19391,1.42,1.00
2014.12.19 11:04:22.048,1.1939,1.19393,1.12,1.00
2014.12.19 11:04:22.149,1.19389,1.19395,1.50,1.00
2014.12.19 11:04:22.301,1.19392,1.19397,1.10,1.25
2014.12.19 11:04:23.637,1.19393,1.19399,1.00,2.06
2014.12.19 11:04:26.524,1.19393,1.19394,1.00,1.00
2014.12.19 11:04:26.827,1.19387,1.19392,2.25,1.00
2014.12.19 11:04:26.878,1.19388,1.19394,1.50,1.00
2014.12.19 11:04:27.030,1.19391,1.19395,1.12,1.00
2014.12.19 11:04:27.384,1.19392,1.19397,1.10,1.25
2014.12.19 11:04:28.091,1.19392,1.19399,1.57,2.62
2014.12.19 11:04:28.956,1.19393,1.19399,1.00,1.87
2014.12.19 11:04:29.966,1.19394,1.194,1.00,1.50
2014.12.19 11:04:30.118,1.19394,1.194,1.10,1.10
2014.12.19 11:04:30.420,1.19398,1.19401,1.00,1.12
2014.12.19 11:04:30.572,1.194,1.19406,1.50,2.25
2014.12.19 11:04:30.623,1.19402,1.19406,1.00,1.75
2014.12.19 11:04:30.674,1.19402,1.19407,1.50,1.10
2014.12.19 11:04:30.825,1.19404,1.19408,1.00,1.10
2014.12.19 11:04:30.977,1.19403,1.1941,2.62,1.10
2014.12.19 11:04:31.482,1.19403,1.1941,3.75,1.00
2014.12.19 11:04:31.784,1.19406,1.19412,1.10,1.10
2014.12.19 11:04:33.392,1.19406,1.19412,1.12,1.00
2014.12.19 11:04:33.898,1.19406,1.19412,1.10,1.10
2014.12.19 11:04:41.908,1.19406,1.19413,1.00,2.25
2014.12.19 11:04:47.738,1.19406,1.19413,1.87,1.57
2014.12.19 11:05:00.301,1.19412,1.19414,1.00,2.81
2014.12.19 11:05:00.604,1.19417,1.19422,1.10,1.50
2014.12.19 11:05:00.806,1.19417,1.19424,3.37,1.10
2014.12.19 11:05:01.311,1.19417,1.19424,3.75,1.00
2014.12.19 11:05:01.664,1.19421,1.19426,1.10,1.25
2014.12.19 11:05:02.321,1.19419,1.19426,1.57,1.31
2014.12.19 11:05:03.016,1.19418,1.19423,1.12,1.00
2014.12.19 11:05:03.219,1.19417,1.19423,1.10,1.10
2014.12.19 11:05:03.723,1.19417,1.19423,1.00,1.87
2014.12.19 11:05:04.325,1.19417,1.19421,1.00,1.00
2014.12.19 11:05:05.824,1.19417,1.1942,1.00,1.00
2014.12.19 11:05:06.026,1.19415,1.19416,1.80,1.00
2014.12.19 11:05:06.178,1.1941,1.19415,3.75,1.00
2014.12.19 11:05:06.279,1.1941,1.19414,1.10,1.00
2014.12.19 11:05:06.532,1.19408,1.19413,1.10,1.00
2014.12.19 11:05:06.935,1.19407,1.19411,1.57,1.00
2014.12.19 11:05:07.440,1.19407,1.19412,1.57,1.25
2014.12.19 11:05:11.664,1.19407,1.19413,2.32,1.10
2014.12.19 11:05:12.019,1.19409,1.19414,1.00,2.06
2014.12.19 11:05:14.394,1.19411,1.19415,1.00,1.00
2014.12.19 11:05:18.139,1.19415,1.19416,1.00,1.57
2014.12.19 11:05:18.392,1.19418,1.19423,2.25,1.12
2014.12.19 11:05:18.494,1.19419,1.19425,1.00,3.37
2014.12.19 11:05:19.000,1.19418,1.19425,1.87,1.57
2014.12.19 11:05:20.733,1.19418,1.19425,1.50,3.00
2014.12.19 11:05:21.545,1.19418,1.19422,1.00,1.00
2014.12.19 11:05:21.646,1.19416,1.19422,3.07,1.10
2014.12.19 11:05:21.697,1.19416,1.19422,3.00,1.50
2014.12.19 11:05:22.201,1.19416,1.19422,3.00,1.12
2014.12.19 11:05:23.110,1.19417,1.19423,1.00,3.19
2014.12.19 11:05:24.588,1.19416,1.19421,3.00,1.10
2014.12.19 11:05:25.311,1.19415,1.19421,1.10,3.82
2014.12.19 11:05:25.718,1.19414,1.19415,1.10,2.25
2014.12.19 11:05:25.769,1.19409,1.19414,1.10,1.25
2014.12.19 11:05:26.074,1.19411,1.19413,1.00,1.00
2014.12.19 11:05:26.227,1.19415,1.19418,1.00,1.00
2014.12.19 11:05:26.277,1.19417,1.19421,1.00,2.25
2014.12.19 11:05:26.328,1.19417,1.19421,1.00,1.10
2014.12.19 11:05:26.783,1.19418,1.19423,1.00,2.32
2014.12.19 11:05:27.187,1.19416,1.19422,1.57,1.10
2014.12.19 11:05:27.288,1.19416,1.1942,1.57,1.00
2014.12.19 11:05:29.508,1.19416,1.1942,1.00,1.19
2014.12.19 11:05:29.710,1.19409,1.19412,1.10,1.00
2014.12.19 11:05:29.962,1.19407,1.19413,1.10,2.32
2014.12.19 11:05:30.467,1.19407,1.19412,1.00,1.57
2014.12.19 11:05:30.771,1.19407,1.1941,1.00,1.00
2014.12.19 11:05:31.024,1.19404,1.1941,2.32,1.01
2014.12.19 11:05:31.529,1.19404,1.1941,1.50,2.06
2014.12.19 11:05:33.466,1.19403,1.1941,1.50,3.94
2014.12.19 11:05:33.972,1.19403,1.19409,2.32,1.10
2014.12.19 11:05:34.123,1.19405,1.1941,1.00,1.87
2014.12.19 11:05:35.132,1.19405,1.1941,1.50,1.10
2014.12.19 11:05:35.492,1.19407,1.1941,1.00,1.10
2014.12.19 11:05:35.997,1.19405,1.19411,1.50,1.50
2014.12.19 11:05:37.348,1.19405,1.1941,2.25,1.10
2014.12.19 11:05:40.519,1.19405,1.1941,1.50,1.12
2014.12.19 11:05:41.024,1.19405,1.1941,1.50,1.10
2014.12.19 11:05:42.728,1.19407,1.1941,1.00,1.10
2014.12.19 11:05:43.033,1.1941,1.19414,1.00,1.69
2014.12.19 11:05:43.134,1.1941,1.19415,1.50,1.12
2014.12.19 11:05:47.750,1.19411,1.19415,1.00,1.12
2014.12.19 11:05:48.718,1.19412,1.19415,1.00,1.31
2014.12.19 11:05:49.414,1.19411,1.19415,1.00,1.12
2014.12.19 11:05:50.570,1.19412,1.19416,1.00,1.50
2014.12.19 11:05:50.621,1.19412,1.19416,1.00,1.10
2014.12.19 11:05:50.824,1.19415,1.19419,1.00,2.25
2014.12.19 11:05:50.874,1.19415,1.19419,1.00,1.50
2014.12.19 11:05:50.926,1.19418,1.19422,1.00,1.69
2014.12.19 11:05:51.077,1.19419,1.19424,1.10,1.00
2014.12.19 11:05:51.128,1.19421,1.19425,1.00,1.10
2014.12.19 11:05:51.634,1.19421,1.19427,1.00,1.12
2014.12.19 11:05:53.544,1.1942,1.19427,3.07,3.37
2014.12.19 11:05:57.871,1.1942,1.19426,2.25,1.87
2014.12.19 11:06:01.658,1.19421,1.19427,1.00,2.62
2014.12.19 11:06:01.860,1.19422,1.19427,1.00,1.10
2014.12.19 11:06:02.365,1.1942,1.19427,1.12,1.57
2014.12.19 11:06:02.820,1.1942,1.19427,1.00,4.31
2014.12.19 11:06:03.173,1.19419,1.19425,1.00,1.87
2014.12.19 11:06:03.702,1.19418,1.19424,1.00,1.12
2014.12.19 11:06:04.106,1.19421,1.19425,1.00,1.87
2014.12.19 11:06:04.258,1.19422,1.19427,1.50,1.87
2014.12.19 11:06:04.763,1.19423,1.19428,1.00,1.37
2014.12.19 11:06:05.268,1.19421,1.19428,1.50,1.87
2014.12.19 11:06:06.812,1.19421,1.19427,1.50,1.87
2014.12.19 11:06:11.572,1.19419,1.19426,2.51,1.12
2014.12.19 11:06:12.603,1.19421,1.19427,1.50,1.87
2014.12.19 11:06:12.906,1.19424,1.19427,1.00,1.12
2014.12.19 11:06:13.058,1.19429,1.19434,1.50,1.37
2014.12.19 11:06:13.159,1.1943,1.19436,1.00,1.87
2014.12.19 11:06:13.361,1.19432,1.19436,1.00,1.50
2014.12.19 11:06:13.866,1.19432,1.19436,1.12,1.00
2014.12.19 11:06:14.993,1.1943,1.19435,3.00,1.00
2014.12.19 11:06:15.296,1.19428,1.19434,1.50,1.00
2014.12.19 11:06:15.649,1.19431,1.19434,1.00,1.10
2014.12.19 11:06:15.801,1.19431,1.19436,1.00,1.57
2014.12.19 11:06:16.309,1.19431,1.19436,1.87,1.50
2014.12.19 11:06:25.050,1.19431,1.19436,1.10,1.00
2014.12.19 11:06:25.302,1.19431,1.19436,2.25,1.00
2014.12.19 11:06:27.526,1.19432,1.19437,1.87,1.00
2014.12.19 11:06:30.871,1.19432,1.19437,1.50,1.00
2014.12.19 11:06:32.838,1.19432,1.19436,1.50,1.00
2014.12.19 11:06:33.928,1.19432,1.19438,1.50,1.50
2014.12.19 11:06:34.536,1.19432,1.19438,1.12,1.00
2014.12.19 11:06:35.041,1.19432,1.19437,1.31,1.00
2014.12.19 11:06:36.187,1.19432,1.19436,1.31,1.00
2014.12.19 11:06:36.289,1.19432,1.19438,1.31,1.00
2014.12.19 11:06:37.794,1.19434,1.19438,1.00,1.00
2014.12.19 11:06:37.849,1.19434,1.1944,1.10,1.10
2014.12.19 11:06:38.051,1.19439,1.19441,1.00,1.87
2014.12.19 11:06:38.253,1.19443,1.19445,1.00,1.00
2014.12.19 11:06:38.354,1.19443,1.19449,1.00,1.57
2014.12.19 11:06:38.455,1.19445,1.19449,1.50,1.10
2014.12.19 11:06:38.606,1.19446,1.19452,1.00,1.12
2014.12.19 11:06:39.110,1.19446,1.19452,1.10,1.57
2014.12.19 11:06:41.383,1.19445,1.1945,1.12,1.00
2014.12.19 11:06:42.017,1.19444,1.1945,1.12,1.00
2014.12.19 11:06:42.320,1.19444,1.19447,1.12,1.00
2014.12.19 11:06:42.573,1.1944,1.19444,1.12,1.00
2014.12.19 11:06:43.078,1.19436,1.19443,2.44,2.25
2014.12.19 11:06:43.129,1.19436,1.19443,1.69,2.25
2014.12.19 11:06:43.180,1.19436,1.1944,1.00,1.00
2014.12.19 11:06:43.735,1.19435,1.1944,1.00,1.00
2014.12.19 11:06:45.700,1.19433,1.1944,1.50,1.50
2014.12.19 11:06:46.709,1.19434,1.1944,1.00,1.00
2014.12.19 11:06:47.252,1.19434,1.1944,1.87,1.00
2014.12.19 11:06:47.757,1.19435,1.19441,1.10,1.10
2014.12.19 11:06:48.262,1.19435,1.19442,1.12,1.57
2014.12.19 11:06:54.510,1.19435,1.1944,1.12,1.00
2014.12.19 11:06:55.735,1.19435,1.1944,1.10,1.00
2014.12.19 11:07:00.602,1.19435,1.19439,1.00,1.00
2014.12.19 11:07:01.106,1.19433,1.19439,2.62,1.00
2014.12.19 11:07:01.627,1.19433,1.1944,1.87,3.07
2014.12.19 11:07:01.947,1.19433,1.19438,1.12,1.00
2014.12.19 11:07:05.400,1.19433,1.19437,1.87,1.00
2014.12.19 11:07:06.105,1.19433,1.19438,1.87,1.00
2014.12.19 11:07:13.126,1.19433,1.19436,1.12,1.00
2014.12.19 11:07:17.139,1.19433,1.19438,1.12,1.50
2014.12.19 11:07:23.755,1.19431,1.19436,2.25,1.00
2014.12.19 11:07:24.260,1.19431,1.19436,1.50,1.00
2014.12.19 11:07:33.179,1.19431,1.19438,1.50,1.69
2014.12.19 11:07:46.425,1.19431,1.19437,1.50,1.00
2014.12.19 11:07:46.947,1.19429,1.19436,4.69,1.50
2014.12.19 11:07:49.106,1.19431,1.19438,2.62,1.10
2014.12.19 11:07:49.618,1.19432,1.19438,1.12,1.00
2014.12.19 11:07:49.870,1.19434,1.19438,1.12,1.00
2014.12.19 11:07:50.022,1.19434,1.1944,1.12,1.50
2014.12.19 11:07:50.881,1.19433,1.19439,1.87,1.00
2014.12.19 11:07:51.385,1.19433,1.1944,2.62,2.25
2014.12.19 11:07:55.128,1.19433,1.19439,1.87,1.00
2014.12.19 11:07:56.450,1.19433,1.1944,2.62,2.44
2014.12.19 11:08:00.778,1.19433,1.19439,1.87,1.00
2014.12.19 11:08:00.879,1.19433,1.19439,1.57,1.10
2014.12.19 11:08:01.384,1.19431,1.19438,2.62,3.82
2014.12.19 11:08:03.318,1.19433,1.19438,1.00,3.26
2014.12.19 11:08:03.820,1.19431,1.19438,4.12,2.51
2014.12.19 11:08:04.343,1.19431,1.19437,1.10,1.57
2014.12.19 11:08:06.524,1.19432,1.19437,1.00,1.10
2014.12.19 11:08:07.028,1.19431,1.19437,1.57,1.10
2014.12.19 11:08:08.925,1.19431,1.19436,1.57,1.00
2014.12.19 11:08:13.508,1.19431,1.19436,3.37,1.00
2014.12.19 11:08:13.761,1.19431,1.19438,3.37,4.01
2014.12.19 11:08:15.102,1.19434,1.19438,1.00,2.51
2014.12.19 11:08:15.606,1.19433,1.1944,1.57,2.62
2014.12.19 11:08:17.811,1.19433,1.19439,1.00,1.12
2014.12.19 11:08:18.265,1.19431,1.19437,2.51,1.10
2014.12.19 11:08:18.316,1.19431,1.19435,1.76,1.00
2014.12.19 11:08:18.620,1.19427,1.1943,1.12,1.50
2014.12.19 11:08:18.670,1.19424,1.1943,1.10,2.51
2014.12.19 11:08:18.822,1.19421,1.19427,1.10,1.10
2014.12.19 11:08:19.226,1.19421,1.19427,1.00,1.69
2014.12.19 11:08:19.377,1.19419,1.19425,1.10,1.10
2014.12.19 11:08:19.882,1.19419,1.19426,1.87,2.51
2014.12.19 11:08:20.460,1.1942,1.19426,1.12,1.50
2014.12.19 11:08:20.965,1.19419,1.19425,2.62,1.00
2014.12.19 11:08:21.167,1.19422,1.19427,1.00,1.12
2014.12.19 11:08:21.991,1.1942,1.19427,1.10,2.06
2014.12.19 11:08:22.193,1.1942,1.19426,1.00,1.50
2014.12.19 11:08:22.446,1.19422,1.19429,1.50,5.44
2014.12.19 11:08:22.800,1.1942,1.19426,1.10,1.10
2014.12.19 11:08:23.305,1.1942,1.19427,1.87,1.10
2014.12.19 11:08:26.430,1.1942,1.19426,1.87,1.00
2014.12.19 11:08:26.935,1.1942,1.19427,1.87,1.10
2014.12.19 11:08:27.666,1.1942,1.19426,1.87,1.00
2014.12.19 11:08:28.171,1.19422,1.19427,1.00,1.10
2014.12.19 11:08:28.876,1.19421,1.19427,1.10,2.32
2014.12.19 11:08:29.028,1.1942,1.19427,1.50,3.75
2014.12.19 11:08:29.795,1.1942,1.19427,2.62,2.32
2014.12.19 11:08:29.846,1.19424,1.19427,1.00,1.57
2014.12.19 11:08:30.148,1.19427,1.19429,1.00,2.32
2014.12.19 11:08:30.351,1.1943,1.19434,1.00,1.00
2014.12.19 11:08:30.604,1.19432,1.19435,1.00,1.00
2014.12.19 11:08:30.705,1.19432,1.19438,1.25,1.87
2014.12.19 11:08:31.109,1.19433,1.1944,1.10,1.87
2014.12.19 11:08:34.727,1.19433,1.19438,1.10,1.00
2014.12.19 11:08:35.232,1.19431,1.19437,1.87,1.50
2014.12.19 11:08:35.737,1.19431,1.19437,1.57,1.57
2014.12.19 11:08:40.935,1.19431,1.19435,1.10,1.00
2014.12.19 11:08:42.044,1.19432,1.19436,1.00,1.00
2014.12.19 11:08:42.246,1.19431,1.19438,3.07,3.26
2014.12.19 11:08:42.750,1.19431,1.19437,1.57,1.10
2014.12.19 11:08:44.931,1.19433,1.19438,1.00,1.12
2014.12.19 11:08:45.436,1.19433,1.19436,1.00,1.00
2014.12.19 11:08:46.041,1.19433,1.19437,1.00,1.10
2014.12.19 11:08:47.946,1.19433,1.19438,1.50,2.32
2014.12.19 11:08:48.450,1.19434,1.19438,1.00,1.57
2014.12.19 11:08:48.954,1.19433,1.19438,1.00,1.57
2014.12.19 11:08:51.847,1.19432,1.19438,1.10,3.26
2014.12.19 11:08:54.455,1.19431,1.19437,2.62,1.00
2014.12.19 11:08:55.217,1.19431,1.19437,1.10,1.57
2014.12.19 11:08:56.584,1.19431,1.19436,1.10,1.00
2014.12.19 11:08:57.276,1.1943,1.19436,1.57,1.57
2014.12.19 11:08:57.779,1.19431,1.19436,1.00,1.57
2014.12.19 11:08:58.986,1.1943,1.19434,1.10,1.00
2014.12.19 11:08:59.288,1.19426,1.1943,1.00,1.00
2014.12.19 11:08:59.742,1.19424,1.1943,2.51,1.57
2014.12.19 11:09:00.750,1.19423,1.19429,2.62,2.25
2014.12.19 11:09:01.255,1.19423,1.19426,1.87,1.00
2014.12.19 11:09:01.457,1.19417,1.19423,3.00,1.00
2014.12.19 11:09:01.609,1.19418,1.19423,1.00,1.10
2014.12.19 11:09:02.133,1.19417,1.19423,2.32,1.10
2014.12.19 11:09:02.538,1.19416,1.19419,1.12,1.00
2014.12.19 11:09:02.690,1.19413,1.19416,1.10,1.25
2014.12.19 11:09:02.791,1.1941,1.19416,2.32,1.29
2014.12.19 11:09:04.280,1.19413,1.19417,1.00,3.00
2014.12.19 11:09:04.583,1.19416,1.19422,1.00,1.12
2014.12.19 11:09:05.145,1.19415,1.19416,1.50,1.50
2014.12.19 11:09:05.198,1.19405,1.1941,1.12,1.69
2014.12.19 11:09:05.452,1.19403,1.19408,1.50,1.10
2014.12.19 11:09:06.260,1.194,1.19402,2.36,1.00
2014.12.19 11:09:06.412,1.19395,1.19401,1.50,2.44
2014.12.19 11:09:06.463,1.19395,1.19399,1.50,1.00
2014.12.19 11:09:06.565,1.19395,1.19401,3.00,1.87
2014.12.19 11:09:07.070,1.19395,1.19401,1.10,1.10
2014.12.19 11:09:07.373,1.19398,1.19402,1.00,2.25
2014.12.19 11:09:07.677,1.19402,1.19407,1.69,1.50
2014.12.19 11:09:07.727,1.19402,1.19407,1.69,1.10
2014.12.19 11:09:08.030,1.19404,1.19407,1.00,1.00
2014.12.19 11:09:09.544,1.19404,1.19408,1.57,1.50
2014.12.19 11:09:09.796,1.19404,1.1941,2.32,1.76
2014.12.19 11:09:10.453,1.19404,1.19409,1.57,1.00
2014.12.19 11:09:10.975,1.19404,1.1941,1.10,4.01
2014.12.19 11:09:13.086,1.19406,1.1941,1.00,4.01
2014.12.19 11:09:13.699,1.19405,1.1941,1.00,1.57
2014.12.19 11:09:14.003,1.19411,1.19416,1.29,1.50
2014.12.19 11:09:14.205,1.1941,1.19416,1.57,1.57
2014.12.19 11:09:14.715,1.1941,1.19416,1.50,3.19
2014.12.19 11:09:15.234,1.1941,1.19414,1.50,1.00
2014.12.19 11:09:19.303,1.1941,1.19413,2.25,1.00
2014.12.19 11:09:19.808,1.19408,1.19413,1.87,1.00
2014.12.19 11:09:20.162,1.1941,1.19415,1.00,1.76
2014.12.19 11:09:20.585,1.19413,1.19416,1.00,1.12
2014.12.19 11:09:20.737,1.19413,1.19419,1.57,1.57
2014.12.19 11:09:20.989,1.19415,1.19419,1.00,1.69
2014.12.19 11:09:21.596,1.19417,1.19421,1.00,2.00
2014.12.19 11:09:21.848,1.19419,1.19423,1.00,1.10
2014.12.19 11:09:22.101,1.19421,1.19426,1.00,1.69
2014.12.19 11:09:22.606,1.19421,1.19427,1.00,2.25
2014.12.19 11:09:34.710,1.19423,1.19427,1.00,1.50
2014.12.19 11:09:35.196,1.19428,1.1943,1.00,1.50
2014.12.19 11:09:35.247,1.19426,1.19432,1.00,1.12
2014.12.19 11:09:35.500,1.19425,1.19429,1.10,1.00
2014.12.19 11:09:35.703,1.19423,1.19429,1.00,1.87
2014.12.19 11:09:36.208,1.19423,1.19429,1.87,1.50
2014.12.19 11:09:36.309,1.19427,1.19429,1.00,1.00
2014.12.19 11:09:36.461,1.19428,1.19433,1.00,1.12
2014.12.19 11:09:37.016,1.1943,1.19434,1.00,1.12
2014.12.19 11:09:37.218,1.19427,1.19432,1.12,1.00
2014.12.19 11:09:37.269,1.19426,1.1943,1.37,1.00
2014.12.19 11:09:37.320,1.19426,1.1943,1.00,1.10
2014.12.19 11:09:37.422,1.19423,1.19429,1.12,1.00
2014.12.19 11:09:37.876,1.19423,1.19429,1.00,2.25
2014.12.19 11:09:38.635,1.19423,1.19428,1.00,1.50
2014.12.19 11:09:40.918,1.19423,1.19425,1.00,1.50
2014.12.19 11:09:40.969,1.19419,1.19425,1.12,1.50
2014.12.19 11:09:41.474,1.1942,1.19426,1.00,3.00
2014.12.19 11:09:42.189,1.1942,1.19426,1.10,1.57
2014.12.19 11:09:51.287,1.1942,1.19426,1.12,1.00
2014.12.19 11:09:51.792,1.19421,1.19427,1.10,2.32
2014.12.19 11:09:51.843,1.19423,1.19427,1.50,1.57
2014.12.19 11:09:52.146,1.1943,1.19434,1.00,1.10
2014.12.19 11:09:52.298,1.1943,1.19436,1.87,1.00
2014.12.19 11:09:52.399,1.19433,1.19438,1.00,1.10
2014.12.19 11:09:55.507,1.19433,1.19437,1.00,1.10
2014.12.19 11:09:55.608,1.19431,1.19437,1.10,1.57
2014.12.19 11:09:55.911,1.19433,1.19437,1.00,1.12
2014.12.19 11:09:56.164,1.19427,1.19431,1.50,1.57
2014.12.19 11:09:56.518,1.19432,1.19435,1.00,2.25
2014.12.19 11:09:56.568,1.19432,1.19435,1.00,1.57
2014.12.19 11:09:56.922,1.19432,1.19438,1.00,1.12
2014.12.19 11:09:58.725,1.19433,1.19438,1.00,1.12
2014.12.19 11:09:59.230,1.19432,1.19437,1.00,1.12
2014.12.19 11:09:59.736,1.19432,1.19437,1.00,3.75
2014.12.19 11:10:00.342,1.19432,1.19437,1.50,1.87
2014.12.19 11:10:00.847,1.19433,1.19438,1.00,2.25
2014.12.19 11:10:00.999,1.19433,1.19438,1.00,1.10
2014.12.19 11:10:01.201,1.19435,1.1944,1.00,2.44
2014.12.19 11:10:01.706,1.19435,1.1944,1.00,1.87
2014.12.19 11:10:03.279,1.19435,1.19436,1.00,1.00
2014.12.19 11:10:03.330,1.19433,1.19436,1.10,1.00
2014.12.19 11:10:03.381,1.19433,1.19439,1.10,1.01
2014.12.19 11:10:03.924,1.19433,1.19439,1.00,1.12
2014.12.19 11:10:04.328,1.19435,1.1944,1.00,1.12
2014.12.19 11:10:11.702,1.19434,1.19439,1.00,1.10
2014.12.19 11:10:12.207,1.19433,1.19439,1.57,1.10
2014.12.19 11:10:14.406,1.19433,1.19439,1.00,2.62
2014.12.19 11:10:20.128,1.19432,1.19437,1.57,1.00
2014.12.19 11:10:20.633,1.19431,1.19437,1.10,1.10
2014.12.19 11:10:21.541,1.19431,1.19437,1.12,1.00
2014.12.19 11:10:22.548,1.19433,1.19438,1.00,1.10
2014.12.19 11:10:29.446,1.19432,1.19434,1.10,1.00
2014.12.19 11:10:29.699,1.19425,1.19429,1.50,1.00
2014.12.19 11:10:29.750,1.19425,1.19427,1.00,1.00
2014.12.19 11:10:29.851,1.19422,1.19426,1.12,1.00
2014.12.19 11:10:29.952,1.19419,1.19425,1.12,1.00
2014.12.19 11:10:30.457,1.19417,1.19423,1.87,1.00
2014.12.19 11:10:30.760,1.19415,1.19419,1.12,1.50
2014.12.19 11:10:31.114,1.19417,1.19423,1.57,1.57
2014.12.19 11:10:31.165,1.19419,1.19423,1.00,1.10
2014.12.19 11:10:31.467,1.19421,1.19425,1.00,1.10
2014.12.19 11:10:32.585,1.19422,1.19426,1.00,1.12
2014.12.19 11:10:33.098,1.19423,1.19426,1.00,1.12
2014.12.19 11:10:36.469,1.19421,1.19427,1.00,1.50
2014.12.19 11:10:38.789,1.19423,1.19428,1.00,2.44
2014.12.19 11:10:41.446,1.19423,1.19426,1.00,1.50
2014.12.19 11:10:42.102,1.19421,1.19427,1.00,2.25
2014.12.19 11:10:44.890,1.19421,1.19426,1.00,1.10
2014.12.19 11:10:45.427,1.19421,1.19426,1.00,2.06
2014.12.19 11:10:45.988,1.19421,1.19426,1.00,1.10
2014.12.19 11:10:46.552,1.19421,1.19427,2.32,2.51
2014.12.19 11:10:46.704,1.19423,1.19427,1.00,1.10
2014.12.19 11:10:48.651,1.19424,1.19428,1.00,1.12
2014.12.19 11:10:48.955,1.19427,1.19433,1.00,2.25
2014.12.19 11:10:49.056,1.19428,1.19432,1.00,1.50
2014.12.19 11:10:49.309,1.19424,1.1943,1.50,1.50
2014.12.19 11:10:49.814,1.19424,1.1943,1.10,2.32
2014.12.19 11:10:49.965,1.19424,1.19428,1.10,1.50
2014.12.19 11:10:50.067,1.19422,1.19427,1.10,1.50
2014.12.19 11:10:50.580,1.19422,1.19426,1.00,1.00
2014.12.19 11:10:51.084,1.19422,1.19427,1.00,1.57
2014.12.19 11:10:56.116,1.19421,1.19427,1.57,2.32
2014.12.19 11:10:56.369,1.19423,1.19427,1.00,1.10
2014.12.19 11:10:56.874,1.19423,1.19429,1.00,1.87
2014.12.19 11:10:57.229,1.19421,1.19427,1.57,1.57
2014.12.19 11:10:57.748,1.19421,1.19427,1.50,2.62
2014.12.19 11:11:01.510,1.1942,1.19424,1.10,1.00
2014.12.19 11:11:02.127,1.19419,1.19423,1.00,1.10
2014.12.19 11:11:03.515,1.19418,1.19423,1.50,1.10
2014.12.19 11:11:04.552,1.19417,1.19423,3.07,1.57
2014.12.19 11:11:05.057,1.19418,1.19423,1.50,1.10
2014.12.19 11:11:05.410,1.1942,1.19423,1.00,1.00
2014.12.19 11:11:05.562,1.19421,1.19425,1.00,1.10
2014.12.19 11:11:06.067,1.19422,1.19427,1.00,1.50
2014.12.19 11:11:06.218,1.19423,1.19429,1.00,3.00
2014.12.19 11:11:07.294,1.19423,1.19425,1.00,1.00
2014.12.19 11:11:07.344,1.19421,1.19425,1.10,1.00
2014.12.19 11:11:07.850,1.1942,1.19425,1.00,3.00
2014.12.19 11:11:08.383,1.19419,1.19425,1.00,3.19
2014.12.19 11:11:08.635,1.19415,1.19421,1.50,2.44
2014.12.19 11:11:08.686,1.19415,1.19421,1.50,3.19
2014.12.19 11:11:08.737,1.19413,1.19419,3.82,1.29
2014.12.19 11:11:10.068,1.19414,1.19419,1.00,1.69
2014.12.19 11:11:10.119,1.19416,1.19419,1.00,1.50
2014.12.19 11:11:10.423,1.19419,1.19425,1.00,1.75
2014.12.19 11:11:10.524,1.19419,1.19425,1.00,2.25
2014.12.19 11:11:11.760,1.1942,1.19425,1.00,1.50
2014.12.19 11:11:11.962,1.19421,1.19425,1.00,1.10
2014.12.19 11:11:12.467,1.19421,1.19424,1.00,1.00
2014.12.19 11:11:12.971,1.19419,1.19424,1.10,1.00
2014.12.19 11:11:14.565,1.19421,1.19425,1.00,1.87
2014.12.19 11:11:14.868,1.19423,1.19426,1.50,1.12
2014.12.19 11:11:15.019,1.19421,1.19427,1.00,3.00
2014.12.19 11:11:25.853,1.19422,1.19427,1.00,1.50
2014.12.19 11:11:26.359,1.19423,1.19429,1.50,2.44
2014.12.19 11:11:28.867,1.19423,1.19429,1.50,1.75
2014.12.19 11:11:29.119,1.19425,1.19431,2.25,2.62
2014.12.19 11:11:29.271,1.19427,1.19431,1.00,1.87
2014.12.19 11:11:29.574,1.19431,1.19437,1.00,3.94
2014.12.19 11:11:29.625,1.19431,1.19437,1.00,3.94
2014.12.19 11:11:30.383,1.1943,1.19431,1.50,1.00
2014.12.19 11:11:30.635,1.19426,1.1943,1.00,1.10
2014.12.19 11:11:30.736,1.19424,1.1943,1.00,1.87
2014.12.19 11:11:31.242,1.19424,1.1943,1.00,3.00
2014.12.19 11:11:31.773,1.19424,1.19429,1.00,1.10
2014.12.19 11:11:32.284,1.19426,1.1943,1.00,1.12
2014.12.19 11:11:32.588,1.19428,1.19432,1.00,1.50
2014.12.19 11:11:33.195,1.1943,1.19432,1.00,1.42
2014.12.19 11:11:33.296,1.1943,1.19436,1.00,2.25
2014.12.19 11:11:33.397,1.19433,1.19437,1.00,3.00
2014.12.19 11:11:33.953,1.19433,1.19437,1.00,1.12
2014.12.19 11:11:35.680,1.19433,1.19437,1.00,1.10
2014.12.19 11:11:36.185,1.19433,1.19436,1.00,1.00
2014.12.19 11:11:36.236,1.19431,1.19436,1.10,1.00
2014.12.19 11:11:36.337,1.19431,1.19436,1.00,2.25
2014.12.19 11:11:36.841,1.19431,1.19437,1.00,3.75
2014.12.19 11:11:37.497,1.19432,1.19437,1.00,2.25
2014.12.19 11:11:38.001,1.19431,1.19437,1.00,3.37
2014.12.19 11:11:38.305,1.19427,1.1943,1.00,1.00
2014.12.19 11:11:38.406,1.19425,1.1943,1.00,2.32
2014.12.19 11:11:38.558,1.19424,1.19429,1.00,1.12
2014.12.19 11:11:39.649,1.19424,1.19429,1.00,1.50
2014.12.19 11:11:41.512,1.19423,1.19428,1.00,1.87
2014.12.19 11:11:42.061,1.19422,1.19428,2.25,1.87
2014.12.19 11:11:46.791,1.19423,1.19428,1.50,1.12
2014.12.19 11:11:47.044,1.19429,1.19434,1.00,1.10
2014.12.19 11:11:47.095,1.19431,1.19435,1.00,1.12
2014.12.19 11:11:47.246,1.19432,1.19437,1.00,1.10
2014.12.19 11:11:47.650,1.19434,1.19439,1.00,1.12
2014.12.19 11:11:48.356,1.19434,1.19439,1.00,1.10
2014.12.19 11:11:56.018,1.19432,1.19433,3.07,1.00
2014.12.19 11:11:56.069,1.19431,1.19433,1.87,1.50
2014.12.19 11:11:56.172,1.19428,1.19431,1.12,1.00
2014.12.19 11:11:56.273,1.19426,1.19431,1.10,1.50
2014.12.19 11:11:56.829,1.19427,1.19433,1.00,1.57
2014.12.19 11:11:56.930,1.19429,1.19433,1.00,1.10
2014.12.19 11:11:57.132,1.19429,1.19435,2.51,1.00
2014.12.19 11:11:58.362,1.19429,1.19435,1.50,1.87
2014.12.19 11:12:04.329,1.19429,1.1943,1.50,1.00
2014.12.19 11:12:04.531,1.19424,1.19429,2.81,1.00
2014.12.19 11:12:05.035,1.19424,1.19429,1.10,1.00
2014.12.19 11:12:06.632,1.19424,1.19425,1.00,1.00
2014.12.19 11:12:06.935,1.19422,1.19425,1.10,2.25
2014.12.19 11:12:07.188,1.19422,1.19428,1.10,2.32
2014.12.19 11:12:14.859,1.19423,1.19428,1.00,1.10
2014.12.19 11:12:15.365,1.19424,1.19429,1.00,1.57
2014.12.19 11:12:19.323,1.19426,1.1943,1.50,1.87
2014.12.19 11:12:19.628,1.19429,1.19435,1.00,2.62
2014.12.19 11:12:19.729,1.19433,1.19435,1.00,1.30
2014.12.19 11:12:19.931,1.19433,1.19438,1.00,1.10
2014.12.19 11:12:20.486,1.19432,1.19437,1.25,1.00
2014.12.19 11:12:21.596,1.19431,1.19437,2.32,1.50
2014.12.19 11:12:22.185,1.19431,1.19436,1.00,1.00
2014.12.19 11:12:24.345,1.19431,1.19435,1.00,1.00
2014.12.19 11:12:24.446,1.19431,1.19437,1.00,2.32
2014.12.19 11:12:24.850,1.19431,1.19432,1.01,1.00
2014.12.19 11:12:24.951,1.19428,1.19432,4.12,1.50
2014.12.19 11:12:25.002,1.19428,1.1943,1.42,1.00
2014.12.19 11:12:25.103,1.19424,1.19429,1.87,1.00
2014.12.19 11:12:25.607,1.19424,1.19429,1.10,1.00
2014.12.19 11:12:26.123,1.19425,1.1943,1.00,1.50
2014.12.19 11:12:28.215,1.19426,1.1943,1.00,1.00
2014.12.19 11:12:28.316,1.19428,1.19433,1.00,1.87
2014.12.19 11:12:28.619,1.19435,1.19439,1.00,1.50
2014.12.19 11:12:28.720,1.19435,1.1944,1.00,1.12
2014.12.19 11:12:29.226,1.19435,1.19441,1.19,1.12
2014.12.19 11:12:29.731,1.19437,1.19442,1.00,2.62
2014.12.19 11:12:37.080,1.19437,1.19442,1.00,1.12
2014.12.19 11:12:37.619,1.19437,1.19443,1.00,1.87
2014.12.19 11:12:39.304,1.19437,1.19443,1.00,2.62
2014.12.19 11:12:46.479,1.19437,1.19438,1.00,1.00
2014.12.19 11:12:46.581,1.19434,1.19439,2.06,1.00
2014.12.19 11:12:47.122,1.19434,1.1944,1.57,3.07
2014.12.19 11:12:47.273,1.19434,1.19438,1.10,1.00
2014.12.19 11:12:47.778,1.19434,1.19439,1.10,1.00
2014.12.19 11:12:54.017,1.19435,1.19439,1.00,1.00
2014.12.19 11:12:54.544,1.19434,1.19439,1.57,2.25
2014.12.19 11:13:18.279,1.19433,1.19437,1.12,1.00
2014.12.19 11:13:18.583,1.1943,1.19431,1.00,1.50
2014.12.19 11:13:18.684,1.19431,1.19435,1.00,1.50
2014.12.19 11:13:18.785,1.19432,1.19437,1.12,1.00
2014.12.19 11:13:18.836,1.19433,1.19439,1.57,1.10
2014.12.19 11:13:18.987,1.19433,1.19439,2.25,1.00
2014.12.19 11:13:19.038,1.19435,1.19441,1.10,1.57
2014.12.19 11:13:23.702,1.19436,1.19441,1.50,1.10
2014.12.19 11:13:23.803,1.1944,1.19446,1.00,1.75
2014.12.19 11:13:23.905,1.19445,1.19448,1.00,1.00
2014.12.19 11:13:24.006,1.19444,1.19449,1.25,1.12
2014.12.19 11:13:24.056,1.19447,1.19449,1.00,1.00
2014.12.19 11:13:24.309,1.1945,1.19455,1.00,1.10
2014.12.19 11:13:24.410,1.19448,1.19454,1.19,1.87
2014.12.19 11:13:24.831,1.19446,1.19452,2.62,1.00
2014.12.19 11:13:25.134,1.19446,1.1945,1.10,1.00
2014.12.19 11:13:25.638,1.19446,1.19451,1.00,1.10
2014.12.19 11:13:26.059,1.19444,1.1945,2.25,1.57
2014.12.19 11:13:27.904,1.19452,1.19453,1.50,4.12
2014.12.19 11:13:28.157,1.19454,1.19459,1.00,2.25
2014.12.19 11:13:28.258,1.19457,1.19458,1.00,1.00
2014.12.19 11:13:28.460,1.19459,1.19461,1.19,1.00
2014.12.19 11:13:28.561,1.1946,1.19466,1.50,1.87
2014.12.19 11:13:28.663,1.1946,1.19466,2.51,1.00
2014.12.19 11:13:31.303,1.19461,1.19464,1.00,1.00
2014.12.19 11:13:31.556,1.19459,1.19464,1.10,1.00
2014.12.19 11:13:31.758,1.19458,1.19461,1.12,1.00
2014.12.19 11:13:32.011,1.19453,1.19456,1.10,1.00
2014.12.19 11:13:33.373,1.19452,1.19456,1.10,1.00
2014.12.19 11:13:33.625,1.19451,1.19454,1.00,1.00
2014.12.19 11:13:33.727,1.19448,1.19454,1.00,1.57
2014.12.19 11:13:34.231,1.1945,1.19454,1.00,1.10
2014.12.19 11:13:34.534,1.19453,1.19458,1.10,1.50
2014.12.19 11:13:35.074,1.19452,1.19456,1.10,1.00
2014.12.19 11:13:36.651,1.19451,1.19456,1.10,1.00
2014.12.19 11:13:36.954,1.19451,1.19454,1.00,1.00
2014.12.19 11:13:37.258,1.19452,1.19456,1.50,2.32
2014.12.19 11:13:37.410,1.19454,1.19458,1.00,1.12
2014.12.19 11:13:37.613,1.19456,1.1946,1.00,1.57
2014.12.19 11:13:37.664,1.19454,1.1946,1.57,1.57
2014.12.19 11:13:37.715,1.19454,1.19458,2.25,1.00
2014.12.19 11:13:37.917,1.19454,1.19458,1.57,1.00
2014.12.19 11:13:38.018,1.19456,1.19459,1.00,1.00
2014.12.19 11:13:38.169,1.19456,1.19462,1.57,1.57
2014.12.19 11:13:38.674,1.19457,1.19462,1.10,1.50
2014.12.19 11:13:39.034,1.19456,1.19458,1.12,1.00
2014.12.19 11:13:40.643,1.19456,1.1946,1.12,1.00
2014.12.19 11:13:40.896,1.19458,1.1946,1.12,1.00
2014.12.19 11:13:41.768,1.19458,1.19462,1.31,1.00
2014.12.19 11:13:42.278,1.1946,1.19464,1.57,1.00
2014.12.19 11:13:42.481,1.1946,1.19466,3.07,1.10
2014.12.19 11:13:43.006,1.19461,1.19466,1.57,1.00
2014.12.19 11:13:45.333,1.19462,1.19466,1.00,1.00
2014.12.19 11:13:46.023,1.19462,1.19467,1.50,1.00
2014.12.19 11:13:46.326,1.19464,1.19469,1.00,2.62
2014.12.19 11:13:48.126,1.19466,1.19469,1.00,1.12
2014.12.19 11:13:48.430,1.19469,1.19473,2.25,1.00
2014.12.19 11:13:48.481,1.19469,1.19473,1.57,1.00
2014.12.19 11:13:48.985,1.1947,1.19473,1.01,1.00
2014.12.19 11:13:49.036,1.19472,1.19475,1.25,1.10
2014.12.19 11:13:49.339,1.19477,1.19483,1.25,2.25
2014.12.19 11:13:49.390,1.19477,1.19482,1.25,1.12
2014.12.19 11:13:49.491,1.19477,1.19483,1.69,3.00
2014.12.19 11:13:49.592,1.19477,1.19483,1.76,1.57
2014.12.19 11:13:49.693,1.19477,1.19483,2.44,1.00
2014.12.19 11:13:50.198,1.19478,1.19483,1.01,1.50
2014.12.19 11:13:50.652,1.19477,1.19481,1.10,1.00
2014.12.19 11:13:51.207,1.19477,1.1948,1.00,1.00
2014.12.19 11:13:51.322,1.19477,1.19482,1.00,1.10
2014.12.19 11:13:51.827,1.19475,1.19481,1.31,1.00
2014.12.19 11:13:52.331,1.19475,1.19481,1.01,1.10
2014.12.19 11:13:54.837,1.19475,1.19481,1.29,1.10
2014.12.19 11:13:55.356,1.19475,1.19481,1.10,1.10
2014.12.19 11:13:55.911,1.19474,1.19478,2.06,1.00
2014.12.19 11:13:57.125,1.19473,1.19475,1.42,1.00
2014.12.19 11:13:57.379,1.19468,1.19471,1.50,1.00
2014.12.19 11:13:57.681,1.19466,1.19471,1.10,1.00
2014.12.19 11:13:58.755,1.19465,1.1947,1.76,1.00
2014.12.19 11:13:59.521,1.19465,1.1947,1.69,1.10
2014.12.19 11:14:00.176,1.19469,1.19471,1.00,1.12
2014.12.19 11:14:00.277,1.19467,1.19472,1.50,1.50
2014.12.19 11:14:00.328,1.19469,1.19473,1.00,2.25
2014.12.19 11:14:00.378,1.19469,1.19473,1.19,1.00
2014.12.19 11:14:00.530,1.19471,1.19477,1.69,1.50
2014.12.19 11:14:00.581,1.19471,1.19477,2.06,1.00
2014.12.19 11:14:01.132,1.19471,1.19477,2.06,1.00
2014.12.19 11:14:01.637,1.19471,1.19477,2.06,1.50
2014.12.19 11:14:03.160,1.19473,1.19479,1.00,1.87
2014.12.19 11:14:04.474,1.19475,1.19478,1.00,1.10
2014.12.19 11:14:04.878,1.19475,1.1948,1.00,1.10
2014.12.19 11:14:05.029,1.19477,1.1948,1.00,1.10
2014.12.19 11:14:05.534,1.19477,1.19481,1.10,1.00
2014.12.19 11:14:06.046,1.19477,1.19483,1.10,2.62
2014.12.19 11:14:07.179,1.19477,1.19481,1.10,1.00
2014.12.19 11:14:07.694,1.19477,1.19483,1.10,3.37
2014.12.19 11:14:09.919,1.19477,1.19482,2.44,1.00
2014.12.19 11:14:10.223,1.1948,1.19483,1.00,1.00
2014.12.19 11:14:10.729,1.19479,1.19483,1.57,1.00
2014.12.19 11:14:11.492,1.19477,1.19481,1.75,1.50
2014.12.19 11:14:11.795,1.19481,1.19482,1.00,1.10
2014.12.19 11:14:11.946,1.19481,1.19485,1.00,1.50
2014.12.19 11:14:12.047,1.19481,1.19485,1.00,1.10
2014.12.19 11:14:12.726,1.19479,1.19485,2.81,2.32
2014.12.19 11:14:13.232,1.19479,1.19484,1.69,1.10
2014.12.19 11:14:15.576,1.19484,1.19488,1.00,2.25
2014.12.19 11:14:15.779,1.19489,1.19494,1.29,1.10
2014.12.19 11:14:16.288,1.19489,1.19495,1.01,1.12
2014.12.19 11:14:16.826,1.1949,1.19495,1.25,1.12
2014.12.19 11:14:18.915,1.19491,1.19495,1.00,1.12
2014.12.19 11:14:19.066,1.19491,1.19496,1.69,1.10
2014.12.19 11:14:19.974,1.19491,1.19496,1.69,1.10
2014.12.19 11:14:20.479,1.19491,1.19496,1.00,1.10
2014.12.19 11:14:20.782,1.1949,1.19494,1.01,1.00
2014.12.19 11:14:24.594,1.19491,1.19495,1.00,1.50
2014.12.19 11:14:24.897,1.19493,1.19497,1.57,1.00
2014.12.19 11:14:25.149,1.19494,1.19499,1.00,3.07
2014.12.19 11:14:25.654,1.19495,1.19499,1.00,1.10
2014.12.19 11:14:25.755,1.19493,1.19499,1.57,1.57
2014.12.19 11:14:26.262,1.19494,1.19499,1.00,2.32
2014.12.19 11:14:26.716,1.19493,1.19497,1.00,1.00
2014.12.19 11:14:27.220,1.19492,1.19497,1.10,1.00
2014.12.19 11:14:28.721,1.19497,1.19498,1.00,1.10
2014.12.19 11:14:28.874,1.19497,1.195,1.50,1.00
2014.12.19 11:14:28.976,1.19497,1.19501,1.75,1.50
2014.12.19 11:14:29.077,1.19497,1.195,1.00,1.57
2014.12.19 11:14:29.583,1.19494,1.195,1.10,1.57
2014.12.19 11:14:29.634,1.19494,1.195,1.00,2.25
2014.12.19 11:14:30.593,1.19493,1.19498,1.10,1.76
2014.12.19 11:14:30.896,1.19491,1.19496,1.50,1.69
2014.12.19 11:14:31.425,1.19491,1.19496,1.12,1.69
2014.12.19 11:14:32.033,1.19499,1.19504,1.01,2.25
2014.12.19 11:14:32.286,1.19498,1.19503,1.94,1.00
2014.12.19 11:14:32.691,1.19498,1.19504,1.31,1.50
2014.12.19 11:14:32.742,1.19497,1.19502,2.25,1.00
2014.12.19 11:14:33.096,1.19497,1.19502,1.00,1.87
2014.12.19 11:14:33.147,1.19497,1.19502,1.50,1.50
2014.12.19 11:14:33.248,1.19496,1.19502,2.25,2.44
2014.12.19 11:14:33.298,1.19496,1.195,1.50,1.00
2014.12.19 11:14:33.602,1.19493,1.19498,1.12,1.00
2014.12.19 11:14:34.111,1.19494,1.195,1.87,1.01
2014.12.19 11:14:34.615,1.19494,1.195,3.00,1.00
2014.12.19 11:14:35.805,1.19494,1.19498,2.25,1.00
2014.12.19 11:14:36.008,1.19494,1.19498,1.00,1.00
2014.12.19 11:14:38.157,1.19492,1.19497,3.75,1.00
2014.12.19 11:14:38.913,1.19492,1.19496,1.50,1.00
2014.12.19 11:14:39.014,1.19492,1.19498,1.50,1.57
2014.12.19 11:14:39.166,1.19492,1.19496,1.50,1.00
2014.12.19 11:14:39.368,1.19492,1.19498,1.50,1.57
2014.12.19 11:14:39.918,1.19491,1.19497,3.75,1.00
2014.12.19 11:14:41.033,1.19491,1.19496,3.19,1.00
2014.12.19 11:14:41.184,1.19491,1.19497,2.51,1.10
2014.12.19 11:14:42.546,1.19491,1.19496,2.32,1.00
2014.12.19 11:14:43.051,1.19491,1.19497,2.32,1.10
2014.12.19 11:14:46.089,1.19491,1.19496,2.51,1.00
2014.12.19 11:14:46.645,1.1949,1.19495,1.57,1.50
2014.12.19 11:14:47.150,1.1949,1.19494,1.57,1.00
2014.12.19 11:14:47.531,1.19487,1.19488,1.25,1.00
2014.12.19 11:14:47.784,1.19483,1.19488,1.10,1.19
2014.12.19 11:14:47.986,1.19483,1.19488,3.00,1.00
2014.12.19 11:14:48.340,1.19483,1.19486,1.75,1.00
2014.12.19 11:14:48.442,1.1948,1.19486,1.50,1.25
2014.12.19 11:14:48.645,1.19478,1.19484,2.25,1.25
2014.12.19 11:14:48.948,1.19476,1.19482,2.25,1.00
2014.12.19 11:14:49.209,1.19476,1.19482,1.10,1.01
2014.12.19 11:14:49.663,1.19475,1.1948,1.12,1.50
2014.12.19 11:14:50.852,1.19474,1.1948,1.12,1.50
2014.12.19 11:14:52.680,1.19474,1.19479,1.12,1.00
2014.12.19 11:14:53.252,1.19474,1.19479,1.10,1.10
2014.12.19 11:14:54.657,1.19473,1.19477,1.87,1.00
2014.12.19 11:14:54.910,1.19472,1.19478,1.10,1.57
2014.12.19 11:14:56.071,1.1947,1.19471,1.12,1.00
2014.12.19 11:14:56.223,1.19465,1.1947,1.12,1.50
2014.12.19 11:14:56.476,1.19464,1.19469,1.10,1.29
2014.12.19 11:14:56.981,1.19462,1.19468,2.32,1.10
2014.12.19 11:14:57.486,1.19463,1.19468,1.50,1.10
2014.12.19 11:14:57.587,1.19465,1.19468,1.00,1.10
2014.12.19 11:14:59.451,1.19465,1.1947,1.00,1.87
2014.12.19 11:15:00.003,1.19466,1.1947,1.00,1.12
2014.12.19 11:15:02.383,1.19465,1.1947,1.00,1.12
2014.12.19 11:15:04.386,1.19468,1.19472,1.00,1.75
2014.12.19 11:15:04.487,1.1947,1.19476,1.50,3.67
2014.12.19 11:15:04.588,1.19473,1.19476,1.00,1.87
2014.12.19 11:15:04.740,1.19473,1.19478,1.00,1.87
2014.12.19 11:15:05.246,1.19474,1.19478,1.10,1.00
2014.12.19 11:15:08.094,1.19474,1.19479,1.10,1.57
2014.12.19 11:15:08.608,1.19474,1.19479,1.87,1.00
2014.12.19 11:15:11.290,1.19476,1.19479,1.00,1.00
2014.12.19 11:15:12.249,1.19477,1.19482,1.00,1.87
2014.12.19 11:15:13.007,1.19476,1.19482,1.57,1.87
2014.12.19 11:15:15.900,1.19477,1.19482,1.00,1.87
2014.12.19 11:15:16.443,1.19478,1.19482,1.00,1.87
2014.12.19 11:15:16.947,1.19477,1.19482,1.00,1.87
2014.12.19 11:15:18.166,1.19476,1.19481,1.00,1.31
2014.12.19 11:15:18.671,1.19474,1.1948,1.12,1.29
2014.12.19 11:15:19.253,1.19474,1.19476,1.12,1.00
2014.12.19 11:15:19.455,1.19464,1.1947,3.00,1.19
2014.12.19 11:15:19.657,1.19464,1.1947,1.00,2.06
2014.12.19 11:15:19.860,1.19462,1.19468,1.57,1.29
2014.12.19 11:15:20.399,1.19462,1.19468,1.10,1.29
2014.12.19 11:15:23.466,1.19463,1.19468,1.00,1.87
2014.12.19 11:15:25.263,1.19463,1.19468,1.00,1.57
2014.12.19 11:15:25.631,1.19466,1.1947,1.00,1.50
2014.12.19 11:15:25.934,1.19472,1.19476,1.00,1.10
2014.12.19 11:15:26.035,1.19474,1.19478,1.00,1.00
2014.12.19 11:15:26.288,1.19474,1.1948,1.12,2.32
2014.12.19 11:15:26.793,1.19474,1.1948,1.50,1.50
2014.12.19 11:15:32.037,1.1948,1.19483,1.00,1.31
2014.12.19 11:15:32.239,1.19485,1.1949,1.50,1.12
2014.12.19 11:15:32.341,1.19491,1.19492,1.00,1.57
2014.12.19 11:15:32.443,1.19491,1.19494,1.00,1.00
2014.12.19 11:15:32.947,1.19491,1.19495,1.01,1.00
2014.12.19 11:15:35.293,1.1949,1.19495,1.10,1.50
2014.12.19 11:15:35.798,1.1949,1.19494,1.00,1.00
2014.12.19 11:15:36.302,1.19489,1.19494,3.07,1.50
2014.12.19 11:15:37.342,1.19489,1.19493,1.10,1.00
2014.12.19 11:15:37.847,1.1949,1.19494,1.10,1.00
2014.12.19 11:15:38.911,1.19491,1.19494,1.00,1.00
2014.12.19 11:15:39.617,1.19492,1.19494,1.00,1.00
2014.12.19 11:15:40.121,1.19492,1.19495,1.00,1.00
2014.12.19 11:15:40.618,1.19494,1.19495,1.00,1.00
2014.12.19 11:15:40.668,1.19494,1.19497,1.50,1.10
2014.12.19 11:15:40.769,1.19497,1.19498,1.00,1.01
2014.12.19 11:15:40.972,1.195,1.19502,1.00,1.50
2014.12.19 11:15:41.074,1.195,1.19505,1.50,1.50
2014.12.19 11:15:41.578,1.19502,1.19506,1.00,1.10
2014.12.19 11:15:42.498,1.19501,1.19506,1.10,1.57
2014.12.19 11:15:43.220,1.195,1.19505,2.06,1.00
2014.12.19 11:15:45.198,1.19499,1.19502,1.50,1.00
2014.12.19 11:15:45.401,1.19493,1.19498,1.75,1.00
2014.12.19 11:15:45.502,1.19491,1.19496,1.50,1.25
2014.12.19 11:15:45.654,1.1949,1.19496,1.10,1.01
2014.12.19 11:15:50.148,1.1949,1.19495,1.00,1.00
2014.12.19 11:15:50.352,1.19488,1.19494,1.10,1.50
2014.12.19 11:15:51.904,1.19488,1.19494,1.12,1.00
2014.12.19 11:15:56.417,1.19488,1.19492,1.12,1.00
2014.12.19 11:16:00.117,1.19488,1.19494,1.87,1.50
2014.12.19 11:16:00.622,1.1949,1.19494,1.00,1.00
2014.12.19 11:16:00.874,1.19493,1.19494,1.00,1.00
2014.12.19 11:16:00.925,1.19493,1.19496,1.00,1.01
2014.12.19 11:16:00.976,1.19492,1.19496,1.69,1.10
2014.12.19 11:16:01.027,1.19495,1.19499,1.00,1.00
2014.12.19 11:16:01.128,1.19495,1.195,1.00,3.19
2014.12.19 11:16:01.229,1.19491,1.19497,1.00,1.57
2014.12.19 11:16:01.735,1.19491,1.19496,1.00,1.57
2014.12.19 11:16:07.183,1.19496,1.19497,1.00,1.05
2014.12.19 11:16:07.436,1.19495,1.195,1.00,1.00
2014.12.19 11:16:07.537,1.19492,1.19498,1.10,1.00
2014.12.19 11:16:07.638,1.1949,1.19496,1.10,1.00
2014.12.19 11:16:08.143,1.1949,1.19495,1.00,1.00
2014.12.19 11:16:08.446,1.19493,1.19498,1.00,1.62
2014.12.19 11:16:08.648,1.19494,1.19499,1.00,1.50
2014.12.19 11:16:08.749,1.19494,1.19497,1.00,1.00
2014.12.19 11:16:08.851,1.19492,1.19496,1.10,1.00
2014.12.19 11:16:09.154,1.1949,1.19496,1.00,1.57
2014.12.19 11:16:09.456,1.1949,1.19494,1.00,1.00
2014.12.19 11:16:09.709,1.19488,1.19494,1.10,1.50
2014.12.19 11:16:10.350,1.19487,1.19488,1.05,1.00
2014.12.19 11:16:10.602,1.19482,1.19486,1.00,1.10
2014.12.19 11:16:10.855,1.19482,1.19488,1.76,1.50
2014.12.19 11:16:11.007,1.19482,1.19485,1.12,1.00
2014.12.19 11:16:11.158,1.1948,1.19485,1.00,1.31
2014.12.19 11:16:11.461,1.19478,1.19484,1.00,1.12
2014.12.19 11:16:12.168,1.19478,1.19484,1.57,1.10
2014.12.19 11:16:12.673,1.19479,1.19484,1.00,1.10
2014.12.19 11:16:13.177,1.19478,1.19484,3.07,1.10
2014.12.19 11:16:13.983,1.19479,1.19484,1.00,1.10
2014.12.19 11:16:15.127,1.19478,1.19484,2.32,1.00
2014.12.19 11:16:30.526,1.19478,1.19483,1.57,1.00
2014.12.19 11:16:30.829,1.19476,1.19482,1.00,1.57
2014.12.19 11:16:43.961,1.19479,1.19482,1.00,1.57
2014.12.19 11:16:44.164,1.19481,1.19487,1.50,1.57
2014.12.19 11:16:44.315,1.19483,1.19487,1.10,1.00
2014.12.19 11:16:44.822,1.19483,1.19489,1.10,1.69
2014.12.19 11:16:45.124,1.19479,1.19485,1.12,1.50
2014.12.19 11:16:45.427,1.19477,1.19483,2.81,1.00
2014.12.19 11:16:46.476,1.1948,1.19483,1.00,1.50
2014.12.19 11:16:46.780,1.19487,1.19492,1.00,1.10
2014.12.19 11:16:46.831,1.19487,1.19493,1.37,2.25
2014.12.19 11:16:46.932,1.19487,1.19493,1.10,2.25
2014.12.19 11:16:47.694,1.19487,1.19491,1.00,1.00
2014.12.19 11:16:50.415,1.19487,1.1949,1.00,1.00
2014.12.19 11:16:50.921,1.19485,1.1949,1.12,1.00
2014.12.19 11:16:51.224,1.19482,1.19483,1.00,1.00
2014.12.19 11:16:51.325,1.19477,1.19479,1.12,1.00
2014.12.19 11:16:51.477,1.19472,1.19478,2.25,1.00
2014.12.19 11:16:51.988,1.19472,1.19478,1.12,1.50
2014.12.19 11:16:52.341,1.19472,1.19474,1.87,1.00
2014.12.19 11:16:52.543,1.19463,1.19468,1.10,1.50
2014.12.19 11:16:52.796,1.19461,1.19467,1.00,1.57
2014.12.19 11:16:53.310,1.19463,1.19468,1.00,1.00
2014.12.19 11:16:53.776,1.19466,1.19469,1.50,1.57
2014.12.19 11:16:54.080,1.19471,1.19476,1.37,1.00
2014.12.19 11:16:54.232,1.19473,1.19479,1.10,1.50
2014.12.19 11:16:54.752,1.19473,1.19479,1.12,1.50
2014.12.19 11:16:56.403,1.19473,1.19479,1.10,1.50
2014.12.19 11:16:56.757,1.19474,1.19479,1.87,1.00
2014.12.19 11:16:56.908,1.19475,1.19481,1.10,1.10
2014.12.19 11:16:57.413,1.19476,1.19481,1.10,1.00
2014.12.19 11:16:58.969,1.19478,1.19481,1.00,1.00
2014.12.19 11:16:59.171,1.1948,1.19486,3.37,1.10
2014.12.19 11:16:59.222,1.19481,1.19486,1.29,1.10
2014.12.19 11:16:59.374,1.19481,1.19486,1.76,1.00
2014.12.19 11:16:59.878,1.19481,1.19486,1.01,1.00
2014.12.19 11:17:00.137,1.19481,1.19484,1.01,1.00
2014.12.19 11:17:00.440,1.19478,1.19482,1.50,1.50
2014.12.19 11:17:00.592,1.19475,1.19479,1.00,1.00
2014.12.19 11:17:00.643,1.19473,1.19475,1.12,1.00
2014.12.19 11:17:00.794,1.19472,1.19475,1.00,1.00
2014.12.19 11:17:01.301,1.19472,1.19476,1.25,1.00
2014.12.19 11:17:01.816,1.19473,1.19475,1.00,1.00
2014.12.19 11:17:01.867,1.19471,1.19474,1.57,1.00
2014.12.19 11:17:02.019,1.19469,1.19473,1.57,1.00
2014.12.19 11:17:02.575,1.19468,1.19473,1.01,1.57
2014.12.19 11:17:02.778,1.1947,1.19472,1.00,1.00
2014.12.19 11:17:02.879,1.19472,1.19475,1.00,1.00
2014.12.19 11:17:02.930,1.19475,1.19476,1.00,1.50
2014.12.19 11:17:03.031,1.19473,1.19479,1.87,1.00
2014.12.19 11:17:03.535,1.19473,1.19479,1.87,1.00
2014.12.19 11:17:04.969,1.19473,1.19479,2.44,1.00
2014.12.19 11:17:07.170,1.19475,1.19481,1.87,1.00
2014.12.19 11:17:11.023,1.19476,1.19481,1.29,1.00
2014.12.19 11:17:11.125,1.19478,1.19484,2.51,2.25
2014.12.19 11:17:12.032,1.19479,1.19484,1.76,1.00
2014.12.19 11:17:16.128,1.19479,1.19482,1.19,1.00
2014.12.19 11:17:16.678,1.19479,1.19483,1.29,1.00
2014.12.19 11:17:17.188,1.19479,1.19483,1.76,1.00
2014.12.19 11:17:17.695,1.19478,1.19483,1.00,2.25
2014.12.19 11:17:17.846,1.19476,1.19482,1.76,1.00
2014.12.19 11:17:19.669,1.19476,1.19481,1.00,1.00
2014.12.19 11:17:21.336,1.19476,1.19481,1.00,2.44
2014.12.19 11:17:21.438,1.19473,1.19479,2.62,2.44
2014.12.19 11:17:21.489,1.19472,1.19474,1.57,1.00
2014.12.19 11:17:21.539,1.1947,1.19472,1.87,1.00
2014.12.19 11:17:21.692,1.19467,1.1947,1.00,1.00
2014.12.19 11:17:21.844,1.19465,1.19468,1.10,1.00
2014.12.19 11:17:21.946,1.19461,1.19466,1.87,1.00
2014.12.19 11:17:21.996,1.19461,1.19464,1.12,1.00
2014.12.19 11:17:22.047,1.19459,1.19464,1.10,1.25
2014.12.19 11:17:22.703,1.19459,1.19464,1.12,1.00
2014.12.19 11:17:23.460,1.19464,1.19465,1.00,1.00
2014.12.19 11:17:23.511,1.19464,1.19467,1.00,1.10
2014.12.19 11:17:23.562,1.19466,1.1947,1.00,3.00
2014.12.19 11:17:23.764,1.19464,1.1947,1.57,3.00
2014.12.19 11:17:23.865,1.19463,1.19468,1.12,1.00
2014.12.19 11:17:24.017,1.19462,1.19468,1.00,1.87
2014.12.19 11:17:24.118,1.1946,1.19466,1.76,1.00
2014.12.19 11:17:24.978,1.1946,1.19465,1.57,1.00
2014.12.19 11:17:25.762,1.19459,1.19464,2.25,1.00
2014.12.19 11:17:25.863,1.19461,1.19465,1.00,1.10
2014.12.19 11:17:26.318,1.19462,1.19466,1.12,1.00
2014.12.19 11:17:27.356,1.19464,1.19466,1.00,1.00
2014.12.19 11:17:27.407,1.19466,1.19469,1.00,1.10
2014.12.19 11:17:27.559,1.19467,1.19472,1.01,1.57
2014.12.19 11:17:27.660,1.19468,1.19472,3.19,1.00
2014.12.19 11:17:28.033,1.19469,1.19474,1.31,1.00
2014.12.19 11:17:28.085,1.1947,1.19476,1.10,2.44
2014.12.19 11:17:28.288,1.19468,1.19472,1.37,1.00
2014.12.19 11:17:28.389,1.19466,1.19472,1.10,1.00
2014.12.19 11:17:28.692,1.19464,1.1947,2.62,1.00
2014.12.19 11:17:29.097,1.19463,1.19468,1.12,1.00
2014.12.19 11:17:30.892,1.19461,1.19462,1.12,1.00
2014.12.19 11:17:31.043,1.19458,1.19463,1.12,1.50
2014.12.19 11:17:31.296,1.19457,1.19463,1.10,1.50
2014.12.19 11:17:32.204,1.19456,1.19461,2.62,1.00
2014.12.19 11:17:33.373,1.19455,1.19461,2.06,1.00
2014.12.19 11:17:34.009,1.19456,1.19461,1.12,1.00
2014.12.19 11:17:34.320,1.19458,1.19464,1.00,3.07
2014.12.19 11:17:34.825,1.19459,1.19464,1.10,1.00
2014.12.19 11:17:35.358,1.1946,1.19464,1.00,1.00
2014.12.19 11:17:36.370,1.19461,1.19465,1.50,1.00
2014.12.19 11:17:36.471,1.19461,1.19467,1.50,3.07
2014.12.19 11:17:37.322,1.19463,1.19468,1.00,2.32
2014.12.19 11:17:40.523,1.19462,1.19467,1.50,1.00
2014.12.19 11:17:41.340,1.19462,1.19464,1.00,1.00
2014.12.19 11:17:42.765,1.19461,1.19465,2.25,1.00
2014.12.19 11:17:43.272,1.19462,1.19465,1.00,1.00
2014.12.19 11:17:43.629,1.19461,1.19467,1.57,2.44
2014.12.19 11:17:44.083,1.19461,1.19464,1.00,1.00
2014.12.19 11:17:44.336,1.1945,1.19455,1.87,1.00
2014.12.19 11:17:44.538,1.19448,1.19454,1.50,1.10
2014.12.19 11:17:45.047,1.19446,1.19452,1.57,1.00
2014.12.19 11:17:45.528,1.19444,1.1945,1.10,1.00
2014.12.19 11:17:45.831,1.19443,1.19448,1.12,1.00
2014.12.19 11:17:46.134,1.19443,1.19446,1.10,1.00
2014.12.19 11:17:47.825,1.19443,1.19447,1.00,1.00
2014.12.19 11:17:48.340,1.19443,1.19448,1.00,1.10
2014.12.19 11:17:51.257,1.19443,1.1945,1.50,2.06
2014.12.19 11:17:52.167,1.19434,1.19439,1.00,1.87
2014.12.19 11:17:52.269,1.19434,1.1944,1.10,1.10
2014.12.19 11:17:54.129,1.19434,1.19439,1.10,1.00
2014.12.19 11:17:55.415,1.19434,1.19441,5.50,2.44
2014.12.19 11:17:56.407,1.19434,1.19436,4.00,2.25
2014.12.19 11:17:56.508,1.19432,1.19433,1.05,1.00
2014.12.19 11:17:56.861,1.19432,1.19439,1.00,1.87
2014.12.19 11:17:57.617,1.19432,1.19437,3.65,1.00
2014.12.19 11:17:57.719,1.19433,1.19435,1.00,1.00
2014.12.19 11:17:58.225,1.19433,1.19436,1.00,1.10
2014.12.19 11:17:58.730,1.19433,1.19435,1.00,1.00
2014.12.19 11:17:58.932,1.19433,1.19437,1.00,1.10
2014.12.19 11:17:59.447,1.19433,1.19436,1.00,1.00
2014.12.19 11:17:59.957,1.19433,1.19438,1.00,2.62
2014.12.19 11:18:00.471,1.19433,1.19436,1.00,1.00
2014.12.19 11:18:00.975,1.19433,1.19438,1.00,1.12
2014.12.19 11:18:01.870,1.19432,1.19437,1.00,1.10
2014.12.19 11:18:02.386,1.19431,1.19437,1.10,1.57
2014.12.19 11:18:05.310,1.19443,1.19445,1.25,1.42
2014.12.19 11:18:05.362,1.19444,1.19449,1.12,1.50
2014.12.19 11:18:05.817,1.19443,1.19448,1.00,1.10
2014.12.19 11:18:05.969,1.19443,1.19444,1.00,1.00
2014.12.19 11:18:06.121,1.19438,1.19441,1.00,1.50
2014.12.19 11:18:06.172,1.19435,1.19438,2.25,1.00
2014.12.19 11:18:06.274,1.19433,1.19438,1.87,1.69
2014.12.19 11:18:06.325,1.19433,1.19436,1.87,1.00
2014.12.19 11:18:06.426,1.19431,1.19436,1.87,1.00
2014.12.19 11:18:06.931,1.19431,1.19436,1.10,1.10
2014.12.19 11:18:07.859,1.19432,1.19437,1.00,1.12
2014.12.19 11:18:08.383,1.19433,1.19438,1.00,1.12
2014.12.19 11:18:12.077,1.19433,1.19438,1.00,1.50
2014.12.19 11:18:13.115,1.19433,1.19438,1.00,1.87
2014.12.19 11:18:16.566,1.19433,1.19439,1.10,1.87
2014.12.19 11:18:19.125,1.19431,1.19437,3.00,1.00
2014.12.19 11:18:19.579,1.19431,1.19437,1.10,1.87
2014.12.19 11:18:20.793,1.19433,1.19437,1.00,1.10
2014.12.19 11:18:21.199,1.19433,1.19439,1.87,1.10
2014.12.19 11:18:22.006,1.19433,1.19439,1.10,1.12
2014.12.19 11:18:26.454,1.19435,1.19439,1.00,2.06
2014.12.19 11:18:28.836,1.19433,1.19439,1.10,1.87
2014.12.19 11:18:33.635,1.19431,1.19437,2.25,1.00
2014.12.19 11:18:33.737,1.19431,1.19437,1.10,1.57
2014.12.19 11:18:40.082,1.19431,1.19436,1.57,1.00
2014.12.19 11:18:40.584,1.19431,1.19437,1.10,3.26
2014.12.19 11:18:43.095,1.19431,1.19437,1.00,2.81
2014.12.19 11:18:47.958,1.19431,1.19437,1.00,2.06
2014.12.19 11:18:48.009,1.19431,1.19433,1.00,1.00
2014.12.19 11:18:48.412,1.19426,1.1943,1.75,1.00
2014.12.19 11:18:48.514,1.19425,1.1943,1.50,1.12
2014.12.19 11:18:48.565,1.19425,1.19427,1.00,1.50
2014.12.19 11:18:48.666,1.19421,1.19425,1.00,1.10
2014.12.19 11:18:48.717,1.19419,1.19425,2.32,1.10
2014.12.19 11:18:49.171,1.19418,1.19423,1.10,1.00
2014.12.19 11:18:49.474,1.19417,1.19423,1.57,1.76
2014.12.19 11:18:49.979,1.19415,1.19421,1.87,1.76
2014.12.19 11:18:50.282,1.1941,1.19414,1.00,1.01
2014.12.19 11:18:50.484,1.19406,1.19411,1.57,1.10
2014.12.19 11:18:50.586,1.19408,1.19412,1.00,1.50
2014.12.19 11:18:50.889,1.19406,1.19412,2.25,1.12
2014.12.19 11:18:51.394,1.19406,1.19412,1.57,1.10
2014.12.19 11:18:51.445,1.19406,1.19412,2.25,1.00
2014.12.19 11:18:51.798,1.19411,1.19413,1.00,1.10
2014.12.19 11:18:52.051,1.19419,1.19422,1.00,1.00
2014.12.19 11:18:52.102,1.1942,1.19424,1.12,1.00
2014.12.19 11:18:52.203,1.1942,1.19426,1.12,1.57
2014.12.19 11:18:52.607,1.19424,1.19426,1.00,1.10
2014.12.19 11:18:52.809,1.1943,1.19435,1.10,1.10
2014.12.19 11:18:52.910,1.19432,1.19436,1.00,1.57
2014.12.19 11:18:54.728,1.19429,1.19434,2.25,1.00
2014.12.19 11:18:54.880,1.19428,1.19434,2.25,1.57
2014.12.19 11:18:55.385,1.19428,1.19434,3.75,1.00
2014.12.19 11:18:56.797,1.19428,1.19433,1.50,1.00
2014.12.19 11:18:57.309,1.19426,1.19432,5.44,1.00
2014.12.19 11:18:57.714,1.19426,1.1943,3.00,1.00
2014.12.19 11:18:57.866,1.19424,1.1943,3.94,1.50
2014.12.19 11:18:58.119,1.19428,1.19432,1.00,1.87
2014.12.19 11:18:58.270,1.19429,1.19434,1.10,1.50
2014.12.19 11:18:58.371,1.19429,1.19434,1.50,1.50
2014.12.19 11:19:02.520,1.19428,1.19432,2.25,1.00
2014.12.19 11:19:02.672,1.19428,1.19432,1.57,1.50
2014.12.19 11:19:04.233,1.19428,1.19432,1.00,2.62
2014.12.19 11:19:04.385,1.19426,1.19431,1.57,1.10
2014.12.19 11:19:06.133,1.19426,1.1943,1.10,1.00
2014.12.19 11:19:07.508,1.19426,1.19432,1.10,2.62
2014.12.19 11:19:08.524,1.19426,1.19427,1.10,1.00
2014.12.19 11:19:08.727,1.19421,1.19426,1.10,1.10
2014.12.19 11:19:09.231,1.1942,1.19425,1.12,1.00
2014.12.19 11:19:09.938,1.1942,1.19424,1.12,1.25
2014.12.19 11:19:09.989,1.19419,1.1942,1.12,1.00
2014.12.19 11:19:10.192,1.19411,1.19414,1.50,1.00
2014.12.19 11:19:10.293,1.19409,1.19415,1.12,2.81
2014.12.19 11:19:10.545,1.19407,1.19413,1.50,1.69
2014.12.19 11:19:10.698,1.19406,1.19411,1.00,2.06
2014.12.19 11:19:11.203,1.19405,1.19411,1.00,2.81
2014.12.19 11:19:11.708,1.19405,1.19409,1.00,1.00
2014.12.19 11:19:12.213,1.19403,1.19408,1.87,1.00
2014.12.19 11:19:12.717,1.19403,1.19409,1.57,1.57
2014.12.19 11:19:13.086,1.19406,1.19409,1.00,1.10
2014.12.19 11:19:13.458,1.19409,1.1941,1.00,1.05
2014.12.19 11:19:13.560,1.19413,1.19417,1.19,1.00
2014.12.19 11:19:13.611,1.19416,1.19417,1.00,1.00
2014.12.19 11:19:13.662,1.19416,1.1942,1.69,1.00
2014.12.19 11:19:13.763,1.19419,1.19424,1.00,1.75
2014.12.19 11:19:13.814,1.19419,1.19424,1.00,1.10
2014.12.19 11:19:14.318,1.19419,1.19425,1.10,1.57
2014.12.19 11:19:15.265,1.19419,1.19424,1.57,1.00
2014.12.19 11:19:15.783,1.1942,1.19425,1.00,1.57
2014.12.19 11:19:16.237,1.19422,1.19425,1.00,1.00
2014.12.19 11:19:16.439,1.19422,1.19427,1.50,1.76
2014.12.19 11:19:18.672,1.19426,1.19429,1.00,1.50
2014.12.19 11:19:18.723,1.19426,1.19429,1.00,1.00
2014.12.19 11:19:18.824,1.19427,1.19433,1.50,2.25
2014.12.19 11:19:18.925,1.19428,1.19433,1.10,1.57
2014.12.19 11:19:19.378,1.19425,1.19431,2.25,1.00
2014.12.19 11:19:19.530,1.19425,1.1943,1.12,1.00
2014.12.19 11:19:19.834,1.19423,1.19429,1.31,1.00
2014.12.19 11:19:20.397,1.19423,1.19429,1.10,1.57
2014.12.19 11:19:20.549,1.19423,1.19428,1.10,1.69
2014.12.19 11:19:20.702,1.19419,1.19424,1.10,1.00
2014.12.19 11:19:20.853,1.19419,1.19422,1.10,1.00
2014.12.19 11:19:21.157,1.19415,1.1942,1.75,1.00
2014.12.19 11:19:22.232,1.1941,1.19416,1.75,1.25
2014.12.19 11:19:22.283,1.19408,1.19414,2.25,1.25
2014.12.19 11:19:22.787,1.1941,1.19415,1.00,1.00
2014.12.19 11:19:22.889,1.19413,1.19419,1.00,1.00
2014.12.19 11:19:22.940,1.19413,1.19417,1.00,1.00
2014.12.19 11:19:22.990,1.19411,1.19417,1.00,2.25
2014.12.19 11:19:23.091,1.19409,1.19415,1.50,1.00
2014.12.19 11:19:25.606,1.19409,1.19414,1.00,1.00
2014.12.19 11:19:25.910,1.19412,1.19417,1.10,1.00
2014.12.19 11:19:26.214,1.19413,1.19419,3.00,1.00
2014.12.19 11:19:26.417,1.19415,1.19421,1.12,1.69
2014.12.19 11:19:27.630,1.19415,1.19421,1.50,1.00
2014.12.19 11:19:31.336,1.19415,1.1942,1.50,1.00
2014.12.19 11:19:31.439,1.19413,1.19418,3.00,1.00
2014.12.19 11:19:31.490,1.19413,1.19418,1.50,1.00
2014.12.19 11:19:32.449,1.19413,1.19419,3.00,1.00
2014.12.19 11:19:32.953,1.19414,1.19419,1.00,1.00
2014.12.19 11:19:33.055,1.19413,1.19415,1.00,1.00
2014.12.19 11:19:33.156,1.19411,1.19415,1.50,2.25
2014.12.19 11:19:33.207,1.19409,1.19415,1.50,2.25
2014.12.19 11:19:33.610,1.19409,1.19413,1.00,1.00
2014.12.19 11:19:34.470,1.19409,1.19414,1.00,1.00
2014.12.19 11:19:35.330,1.19409,1.19415,1.00,3.00
2014.12.19 11:19:36.037,1.19412,1.19414,1.00,1.00
2014.12.19 11:19:36.188,1.19415,1.19418,1.00,1.10
2014.12.19 11:19:36.289,1.19415,1.19421,2.32,1.76
2014.12.19 11:19:36.543,1.19415,1.19421,3.00,1.69
2014.12.19 11:19:39.192,1.19415,1.1942,3.00,1.00
2014.12.19 11:19:39.675,1.19408,1.19414,1.50,1.05
2014.12.19 11:19:40.129,1.19406,1.19412,1.57,1.12
2014.12.19 11:19:40.785,1.19406,1.1941,1.10,1.00
2014.12.19 11:19:43.122,1.19406,1.19411,1.10,1.10
2014.12.19 11:19:43.223,1.19405,1.19406,1.42,1.00
2014.12.19 11:19:43.274,1.19402,1.19406,1.12,1.00
2014.12.19 11:19:43.426,1.19401,1.19402,1.05,1.00
2014.12.19 11:19:43.578,1.19397,1.19402,1.00,1.57
2014.12.19 11:19:43.628,1.19398,1.194,1.00,1.00
2014.12.19 11:19:44.537,1.19397,1.19401,1.00,2.62
2014.12.19 11:19:45.042,1.19396,1.19401,1.00,1.87
2014.12.19 11:19:45.244,1.19393,1.19399,1.10,1.12
2014.12.19 11:19:47.651,1.19397,1.19401,1.00,1.75
2014.12.19 11:19:47.803,1.19396,1.19402,1.75,1.00
2014.12.19 11:19:48.056,1.19398,1.19404,1.12,1.50
2014.12.19 11:19:48.560,1.194,1.19406,1.00,1.87
2014.12.19 11:19:49.263,1.19401,1.19406,1.00,2.25
2014.12.19 11:19:49.768,1.19402,1.19406,1.00,1.87
2014.12.19 11:19:50.121,1.19404,1.19406,1.00,1.12
2014.12.19 11:19:50.425,1.19406,1.1941,1.00,1.75
2014.12.19 11:19:50.940,1.19406,1.1941,1.00,1.50
2014.12.19 11:19:52.434,1.19405,1.1941,1.00,2.25
2014.12.19 11:19:52.839,1.19403,1.19407,1.00,1.12
2014.12.19 11:19:53.343,1.19402,1.19407,1.00,1.50
2014.12.19 11:19:54.941,1.19402,1.19408,1.00,3.19
2014.12.19 11:19:55.244,1.19404,1.19408,1.00,1.50
2014.12.19 11:19:55.547,1.19406,1.1941,1.00,1.75
2014.12.19 11:19:56.468,1.19404,1.1941,1.00,3.00
2014.12.19 11:19:56.972,1.19404,1.19408,1.00,1.50
2014.12.19 11:19:59.655,1.19406,1.1941,1.00,1.50
2014.12.19 11:19:59.857,1.19404,1.1941,1.50,1.87
2014.12.19 11:20:00.377,1.19404,1.19409,1.00,1.12
2014.12.19 11:20:00.455,1.19406,1.19409,1.00,1.12
2014.12.19 11:20:00.606,1.19404,1.1941,1.00,3.00
2014.12.19 11:20:01.368,1.19407,1.1941,1.00,2.25
2014.12.19 11:20:01.572,1.19404,1.1941,1.50,1.50
2014.12.19 11:20:01.774,1.19404,1.1941,1.57,1.10
2014.12.19 11:20:01.875,1.19406,1.19411,1.00,1.87
2014.12.19 11:20:02.379,1.19407,1.19412,1.00,2.25
2014.12.19 11:20:02.883,1.19408,1.19412,1.00,1.12
2014.12.19 11:20:03.990,1.19408,1.19412,1.50,1.12
2014.12.19 11:20:04.192,1.19416,1.19417,1.50,1.00
2014.12.19 11:20:04.445,1.19416,1.1942,2.25,1.00
2014.12.19 11:20:04.597,1.19417,1.19422,1.00,1.10
2014.12.19 11:20:05.896,1.19417,1.19421,1.00,1.50
2014.12.19 11:20:06.400,1.19417,1.19422,1.00,2.32
2014.12.19 11:20:11.223,1.19416,1.19421,1.87,1.00
2014.12.19 11:20:11.750,1.19415,1.1942,1.12,1.00
2014.12.19 11:20:12.255,1.19416,1.19421,2.32,1.10
2014.12.19 11:20:13.627,1.19416,1.1942,1.57,1.00
2014.12.19 11:20:16.246,1.19416,1.19421,1.57,1.10
2014.12.19 11:20:16.760,1.19417,1.19422,1.00,2.06
2014.12.19 11:20:17.369,1.19417,1.19422,1.10,1.50
2014.12.19 11:20:17.883,1.19417,1.19422,1.12,1.50
2014.12.19 11:20:27.508,1.19417,1.19422,1.10,1.57
2014.12.19 11:20:28.056,1.19418,1.19422,1.00,1.10
2014.12.19 11:20:29.476,1.19417,1.19422,1.10,1.57
2014.12.19 11:20:42.993,1.19417,1.19422,1.00,2.62
2014.12.19 11:20:43.506,1.19417,1.19422,1.00,3.00
2014.12.19 11:20:45.645,1.19417,1.19422,1.00,2.62
2014.12.19 11:20:49.456,1.19416,1.19421,2.25,1.10
2014.12.19 11:20:49.961,1.19416,1.1942,1.00,1.00
2014.12.19 11:20:50.576,1.19415,1.1942,2.32,1.00
2014.12.19 11:20:53.958,1.1941,1.19414,1.57,1.00
2014.12.19 11:20:54.412,1.19414,1.19416,1.00,1.42
2014.12.19 11:20:54.463,1.19415,1.19416,1.00,1.00
2014.12.19 11:20:54.514,1.19415,1.19419,1.00,1.00
2014.12.19 11:20:55.018,1.19415,1.1942,1.00,1.10
2014.12.19 11:20:55.523,1.19415,1.19421,1.57,2.32
2014.12.19 11:20:57.523,1.19416,1.19421,1.00,2.32
2014.12.19 11:20:58.205,1.19417,1.19421,1.00,2.32
2014.12.19 11:20:59.204,1.19417,1.19423,3.00,2.62
2014.12.19 11:20:59.357,1.1942,1.19423,1.00,1.12
2014.12.19 11:20:59.509,1.1942,1.19424,1.00,1.10
2014.12.19 11:21:01.900,1.19419,1.19425,2.32,2.62
2014.12.19 11:21:06.098,1.19419,1.19423,1.10,1.00
2014.12.19 11:21:07.951,1.19418,1.19423,1.10,1.57
2014.12.19 11:21:10.069,1.19417,1.19423,1.50,2.62
2014.12.19 11:21:11.229,1.19416,1.19421,2.32,1.00
2014.12.19 11:21:15.627,1.19415,1.19419,1.87,1.00
2014.12.19 11:21:15.880,1.19411,1.19415,1.25,1.00
2014.12.19 11:21:15.930,1.1941,1.19413,1.57,1.00
2014.12.19 11:21:16.299,1.19408,1.19413,1.50,1.10
2014.12.19 11:21:16.804,1.19408,1.19413,1.50,1.87
2014.12.19 11:21:18.735,1.19409,1.19413,1.00,1.12
2014.12.19 11:21:19.650,1.1941,1.19413,1.00,1.10
2014.12.19 11:21:24.264,1.19412,1.19413,1.00,1.00
2014.12.19 11:21:24.416,1.19416,1.19418,1.10,1.00
2014.12.19 11:21:24.468,1.19417,1.1942,1.10,1.50
2014.12.19 11:21:25.882,1.19416,1.1942,1.10,1.00
2014.12.19 11:21:29.106,1.19415,1.1942,1.57,2.32
2014.12.19 11:21:29.763,1.19414,1.19416,1.12,1.00
2014.12.19 11:21:29.864,1.19413,1.19415,1.00,1.57
2014.12.19 11:21:29.965,1.19409,1.19413,2.25,1.00
2014.12.19 11:21:30.471,1.19408,1.19413,2.32,1.00
2014.12.19 11:21:30.572,1.19408,1.19411,2.32,1.00
2014.12.19 11:21:32.762,1.19408,1.19413,1.50,1.10
2014.12.19 11:21:34.498,1.19408,1.19413,1.50,1.12
2014.12.19 11:21:36.776,1.19408,1.19411,1.00,1.50
2014.12.19 11:21:37.127,1.19406,1.19407,1.00,1.00
2014.12.19 11:21:37.178,1.19402,1.19407,1.10,1.00
2014.12.19 11:21:38.267,1.19403,1.19407,1.00,1.00
2014.12.19 11:21:41.992,1.19403,1.19409,1.57,1.10
2014.12.19 11:21:44.280,1.19403,1.19408,1.10,1.00
2014.12.19 11:21:44.801,1.19403,1.19409,1.10,1.57
2014.12.19 11:21:45.891,1.19403,1.19408,1.10,1.00
2014.12.19 11:21:46.502,1.19403,1.19409,1.10,1.57
2014.12.19 11:21:47.834,1.19404,1.19409,1.00,1.10
2014.12.19 11:21:48.036,1.19406,1.19409,1.00,1.00
2014.12.19 11:21:48.456,1.1941,1.19411,1.00,1.05
2014.12.19 11:21:48.557,1.19411,1.19416,1.57,1.10
2014.12.19 11:21:49.112,1.19411,1.19416,1.00,1.87
2014.12.19 11:21:49.616,1.19412,1.19416,1.00,1.12
2014.12.19 11:21:49.717,1.19413,1.19419,1.57,1.57
2014.12.19 11:21:50.021,1.19415,1.19419,1.00,1.50
2014.12.19 11:21:50.323,1.19413,1.19419,1.10,1.57
2014.12.19 11:21:52.169,1.19413,1.19418,1.10,1.00
2014.12.19 11:21:52.270,1.19413,1.19416,1.10,1.00
2014.12.19 11:21:52.321,1.19409,1.19415,2.32,1.57
2014.12.19 11:21:52.523,1.19409,1.19415,3.00,2.25
2014.12.19 11:21:52.725,1.19409,1.19415,3.07,1.10
2014.12.19 11:21:53.230,1.1941,1.19415,1.00,1.10
2014.12.19 11:21:53.736,1.19412,1.19417,1.00,1.76
2014.12.19 11:21:54.040,1.1941,1.19415,1.00,1.10
2014.12.19 11:21:54.948,1.19412,1.19415,1.00,1.00
2014.12.19 11:21:55.049,1.19413,1.19417,1.50,1.10
2014.12.19 11:21:55.151,1.19413,1.19419,1.57,3.26
2014.12.19 11:21:55.556,1.19414,1.19415,1.00,1.00
2014.12.19 11:21:55.707,1.19409,1.19415,2.62,1.00
2014.12.19 11:21:55.808,1.19409,1.19415,2.25,1.50
2014.12.19 11:21:57.426,1.19414,1.19416,1.00,6.67
2014.12.19 11:21:57.476,1.19414,1.19416,1.50,2.32
2014.12.19 11:21:57.528,1.19416,1.19417,1.00,1.05
2014.12.19 11:21:57.629,1.19414,1.19419,2.25,1.00
2014.12.19 11:21:57.983,1.19417,1.19421,1.10,1.50
2014.12.19 11:21:58.487,1.19415,1.19421,1.87,1.57
2014.12.19 11:21:59.514,1.19417,1.19421,1.00,1.10
2014.12.19 11:22:00.233,1.19417,1.19422,1.57,2.51
2014.12.19 11:22:00.738,1.19417,1.19421,1.87,1.00
2014.12.19 11:22:01.580,1.19417,1.19421,1.00,1.00
2014.12.19 11:22:02.374,1.19417,1.1942,1.00,1.00
2014.12.19 11:22:03.224,1.19416,1.1942,1.10,1.00
2014.12.19 11:22:04.175,1.19416,1.19421,1.10,1.50
2014.12.19 11:22:17.441,1.19417,1.19421,1.00,1.69
2014.12.19 11:22:18.454,1.19417,1.19422,1.10,1.50
2014.12.19 11:22:18.606,1.19417,1.19422,2.25,1.00
2014.12.19 11:22:19.128,1.19417,1.19422,1.87,1.50
2014.12.19 11:22:32.783,1.19417,1.19422,1.00,1.76
2014.12.19 11:22:34.323,1.19417,1.19421,1.00,1.00
2014.12.19 11:22:35.113,1.19417,1.19422,1.00,1.76
2014.12.19 11:22:37.264,1.19417,1.19422,1.12,1.69
2014.12.19 11:22:37.517,1.19419,1.19424,1.57,1.10
2014.12.19 11:22:38.870,1.19419,1.19423,1.10,1.00
2014.12.19 11:22:39.381,1.19419,1.19422,1.10,1.00
2014.12.19 11:22:42.673,1.19419,1.19424,1.00,2.06
2014.12.19 11:22:44.727,1.19418,1.19423,1.00,1.10
2014.12.19 11:22:46.263,1.19417,1.19423,2.51,1.10
2014.12.19 11:22:46.773,1.19417,1.19423,2.81,1.00
2014.12.19 11:22:54.674,1.19418,1.19421,1.10,1.50
2014.12.19 11:22:54.977,1.1941,1.19413,1.00,2.44
2014.12.19 11:22:55.230,1.19398,1.19403,1.00,2.06
2014.12.19 11:22:55.634,1.19396,1.19401,1.00,1.29
2014.12.19 11:22:56.276,1.19396,1.19401,1.00,1.57
2014.12.19 11:22:58.093,1.19398,1.19401,1.50,1.10
2014.12.19 11:22:58.397,1.19402,1.19407,1.69,1.00
2014.12.19 11:22:58.498,1.19404,1.19409,1.12,1.00
2014.12.19 11:22:58.599,1.19408,1.1941,1.00,1.00
2014.12.19 11:22:58.700,1.19408,1.19412,1.00,1.10
2014.12.19 11:22:59.457,1.19409,1.19413,1.50,1.12
2014.12.19 11:22:59.508,1.19412,1.19414,1.00,1.50
2014.12.19 11:22:59.609,1.19413,1.19419,1.10,3.26
2014.12.19 11:22:59.963,1.19413,1.19416,1.00,1.10
2014.12.19 11:23:00.216,1.19411,1.19416,1.00,1.87
2014.12.19 11:23:00.721,1.19411,1.19415,1.00,1.12
2014.12.19 11:23:03.201,1.1941,1.19415,1.00,2.62
2014.12.19 11:23:03.728,1.19409,1.19415,1.50,2.25
2014.12.19 11:23:22.065,1.19407,1.19412,3.19,1.10
2014.12.19 11:23:22.268,1.19407,1.19411,1.00,1.12
2014.12.19 11:23:22.570,1.19405,1.1941,1.10,1.10
2014.12.19 11:23:23.923,1.19405,1.19407,1.10,1.00
2014.12.19 11:23:24.176,1.19395,1.19399,1.87,1.00
2014.12.19 11:23:24.681,1.19395,1.19399,1.00,1.57
2014.12.19 11:23:25.186,1.19393,1.19398,2.25,1.50
2014.12.19 11:23:25.903,1.19393,1.19398,1.57,1.57
2014.12.19 11:23:26.407,1.19393,1.19398,1.50,2.62
2014.12.19 11:23:29.195,1.19391,1.19394,1.50,1.12
2014.12.19 11:23:29.297,1.19386,1.19392,1.87,2.32
2014.12.19 11:23:29.549,1.19388,1.19394,1.31,2.25
2014.12.19 11:23:30.017,1.19392,1.19397,1.57,1.10
2014.12.19 11:23:30.522,1.19392,1.19398,1.87,3.07
2014.12.19 11:23:30.825,1.19396,1.19398,1.00,1.50
2014.12.19 11:23:31.027,1.19397,1.194,1.00,1.57
2014.12.19 11:23:31.532,1.19396,1.19401,1.69,1.00
2014.12.19 11:23:31.885,1.19396,1.19399,1.00,1.00
2014.12.19 11:23:31.987,1.19396,1.19401,1.00,1.57
2014.12.19 11:23:32.189,1.19396,1.19401,1.00,2.25
2014.12.19 11:23:32.391,1.19394,1.19399,1.00,1.87
2014.12.19 11:23:34.073,1.19392,1.19398,1.87,1.57
2014.12.19 11:23:34.579,1.19392,1.19398,1.00,4.12
2014.12.19 11:23:35.775,1.19392,1.19396,1.00,1.00
2014.12.19 11:23:35.826,1.1939,1.19391,3.30,1.00
2014.12.19 11:23:35.928,1.19387,1.19391,1.00,2.00
2014.12.19 11:23:36.030,1.19384,1.19389,2.25,1.50
2014.12.19 11:23:36.232,1.19382,1.19388,2.32,1.29
2014.12.19 11:23:36.737,1.19383,1.19388,1.00,1.76
2014.12.19 11:23:37.241,1.19383,1.19387,1.00,1.00
2014.12.19 11:23:38.848,1.19383,1.19388,1.50,2.51
2014.12.19 11:23:39.833,1.19386,1.19388,1.00,1.00
2014.12.19 11:23:39.934,1.19387,1.1939,1.00,1.00
2014.12.19 11:23:40.338,1.19385,1.1939,1.57,1.12
2014.12.19 11:23:40.540,1.19386,1.19392,1.50,2.62
2014.12.19 11:23:41.071,1.19387,1.19392,1.57,1.10
2014.12.19 11:23:41.324,1.19389,1.19394,1.00,1.12
2014.12.19 11:23:41.728,1.1939,1.19396,3.07,1.87
2014.12.19 11:23:42.133,1.19392,1.19396,1.00,1.12
2014.12.19 11:23:42.184,1.19392,1.19397,1.50,1.10
2014.12.19 11:23:42.287,1.19394,1.19398,1.00,1.12
2014.12.19 11:23:42.792,1.19394,1.19398,1.00,1.10
2014.12.19 11:23:44.004,1.19393,1.19398,1.10,2.32
2014.12.19 11:23:44.508,1.19393,1.19398,1.00,2.62
2014.12.19 11:23:44.825,1.1939,1.19396,1.00,3.75
2014.12.19 11:23:45.380,1.1939,1.19396,1.57,2.32
2014.12.19 11:23:45.684,1.1939,1.19391,1.00,1.00
2014.12.19 11:23:45.785,1.19387,1.1939,1.50,1.25
2014.12.19 11:23:45.836,1.19385,1.1939,1.10,2.06
2014.12.19 11:23:46.393,1.19387,1.19389,1.00,1.10
2014.12.19 11:23:47.378,1.19388,1.19392,1.50,1.10
2014.12.19 11:23:47.480,1.1939,1.19392,1.00,1.00
2014.12.19 11:23:47.581,1.19391,1.19395,1.00,2.81
2014.12.19 11:23:47.784,1.19393,1.19396,1.00,1.87
2014.12.19 11:23:47.885,1.19394,1.19397,1.00,1.10
2014.12.19 11:23:48.390,1.19392,1.19396,1.00,1.10
2014.12.19 11:23:49.766,1.19392,1.19395,1.00,1.00
2014.12.19 11:23:49.817,1.1939,1.19392,2.32,1.25
2014.12.19 11:23:50.019,1.19387,1.19392,1.00,3.56
2014.12.19 11:23:50.323,1.19387,1.19389,1.00,1.00
2014.12.19 11:23:50.425,1.19384,1.19389,1.00,1.00
2014.12.19 11:23:50.829,1.19386,1.19389,1.00,1.12
2014.12.19 11:23:50.981,1.19391,1.19394,1.00,1.50
2014.12.19 11:23:51.486,1.19392,1.19394,1.00,1.00
2014.12.19 11:23:51.587,1.19394,1.19395,1.00,1.00
2014.12.19 11:23:51.638,1.19395,1.19397,1.00,1.00
2014.12.19 11:23:52.151,1.19395,1.19398,1.00,1.00
2014.12.19 11:24:01.218,1.19396,1.19398,1.00,1.00
2014.12.19 11:24:01.745,1.19395,1.19399,1.50,1.00
2014.12.19 11:24:03.036,1.19397,1.19399,1.00,1.00
2014.12.19 11:24:03.288,1.19402,1.19406,1.10,2.25
2014.12.19 11:24:03.389,1.194,1.19404,1.50,1.00
2014.12.19 11:24:03.541,1.19398,1.19404,1.10,3.26
2014.12.19 11:24:04.046,1.19396,1.19403,1.57,2.51
2014.12.19 11:24:04.348,1.19396,1.19401,1.50,1.00
2014.12.19 11:24:04.856,1.19396,1.194,1.00,1.00
2014.12.19 11:24:05.474,1.19396,1.19401,1.00,2.32
2014.12.19 11:24:06.493,1.19396,1.194,1.00,1.00
2014.12.19 11:24:06.998,1.19398,1.19402,1.00,1.12
2014.12.19 11:24:07.048,1.19399,1.19403,1.00,1.00
2014.12.19 11:24:07.200,1.19401,1.19404,1.00,1.00
2014.12.19 11:24:07.302,1.19402,1.19407,1.00,1.87
2014.12.19 11:24:08.519,1.19402,1.19405,1.00,1.00
2014.12.19 11:24:09.105,1.19401,1.19405,1.10,1.00
2014.12.19 11:24:09.646,1.19401,1.19406,1.10,1.50
2014.12.19 11:24:10.000,1.19403,1.19407,1.50,1.10
2014.12.19 11:24:10.202,1.19404,1.19411,2.25,1.87
2014.12.19 11:24:10.253,1.19406,1.19411,1.00,1.10
2014.12.19 11:24:10.761,1.19407,1.19412,1.00,1.87
2014.12.19 11:24:11.538,1.19407,1.19412,1.50,1.57
2014.12.19 11:24:12.852,1.19407,1.19413,1.57,2.32
2014.12.19 11:24:14.635,1.19407,1.19412,1.57,1.00
2014.12.19 11:24:15.443,1.19408,1.19412,1.00,1.00
2014.12.19 11:24:15.947,1.19409,1.19413,1.00,1.00
2014.12.19 11:24:16.610,1.19408,1.19413,1.76,1.50
2014.12.19 11:24:20.450,1.19408,1.19412,1.10,1.00
2014.12.19 11:24:21.070,1.19408,1.19411,1.10,1.00
2014.12.19 11:24:21.574,1.19407,1.19411,1.00,1.00
2014.12.19 11:24:21.675,1.19405,1.19411,1.10,1.57
2014.12.19 11:24:22.230,1.19406,1.19412,1.00,1.87
2014.12.19 11:24:24.745,1.19406,1.19412,1.10,1.57
2014.12.19 11:24:27.700,1.19406,1.19411,1.10,1.00
2014.12.19 11:24:29.112,1.19404,1.1941,3.75,1.00
2014.12.19 11:24:30.621,1.19404,1.19411,3.00,1.50
2014.12.19 11:24:31.137,1.19404,1.19411,1.87,1.57
2014.12.19 11:24:39.571,1.19404,1.1941,1.12,1.00
2014.12.19 11:24:42.316,1.19406,1.19412,2.25,1.87
2014.12.19 11:24:42.621,1.19409,1.19413,1.00,1.87
2014.12.19 11:24:42.823,1.19409,1.19414,2.25,3.07
2014.12.19 11:24:44.069,1.1941,1.19414,1.00,2.32
2014.12.19 11:24:45.433,1.19409,1.19414,2.25,2.32
2014.12.19 11:24:46.581,1.1941,1.19414,1.00,1.50
2014.12.19 11:24:46.632,1.19412,1.19414,1.50,1.00
2014.12.19 11:24:46.834,1.19416,1.1942,1.50,1.00
2014.12.19 11:24:46.935,1.19417,1.19424,1.00,1.87
2014.12.19 11:24:46.986,1.19418,1.19424,1.57,1.50
2014.12.19 11:24:47.187,1.1942,1.19426,1.00,1.87
2014.12.19 11:24:47.692,1.19419,1.19426,1.57,2.32
2014.12.19 11:24:47.995,1.19419,1.19424,2.32,1.00
2014.12.19 11:24:49.030,1.1942,1.19424,1.00,1.00
2014.12.19 11:24:49.535,1.1942,1.19425,1.00,1.00
2014.12.19 11:24:51.122,1.19419,1.19425,2.32,1.00
2014.12.19 11:24:53.259,1.19419,1.19426,2.32,3.26
2014.12.19 11:24:54.278,1.19419,1.19425,2.32,1.00
2014.12.19 11:24:54.788,1.1942,1.19426,1.50,1.57
2014.12.19 11:24:55.408,1.19421,1.19426,1.50,1.10
2014.12.19 11:24:55.927,1.1942,1.19426,1.00,2.32
2014.12.19 11:24:56.455,1.19421,1.19426,1.00,2.32
2014.12.19 11:24:58.504,1.19422,1.19426,1.00,1.00
2014.12.19 11:24:59.312,1.19423,1.19426,1.00,1.00
2014.12.19 11:25:00.619,1.19424,1.19427,1.50,1.00
2014.12.19 11:25:03.914,1.19424,1.19428,1.50,1.00
2014.12.19 11:25:06.150,1.19425,1.19428,1.00,1.00
2014.12.19 11:25:06.201,1.19425,1.1943,1.00,3.75
2014.12.19 11:25:06.747,1.19424,1.1943,1.10,3.00
2014.12.19 11:25:07.252,1.19423,1.1943,1.10,3.82
2014.12.19 11:25:07.303,1.19423,1.1943,1.00,4.12
2014.12.19 11:25:07.605,1.19422,1.19426,1.00,1.00
2014.12.19 11:25:07.757,1.1942,1.19425,1.57,1.00
2014.12.19 11:25:10.581,1.1942,1.19423,1.57,1.00
2014.12.19 11:25:10.733,1.19418,1.19422,1.00,1.00
2014.12.19 11:25:11.237,1.19417,1.19422,1.50,1.10
2014.12.19 11:25:11.745,1.19417,1.1942,1.00,1.00
2014.12.19 11:25:11.947,1.1941,1.19415,1.00,1.50
2014.12.19 11:25:12.048,1.19408,1.19414,1.00,1.31
2014.12.19 11:25:12.553,1.19408,1.19413,1.00,1.12
2014.12.19 11:25:13.158,1.19408,1.19413,1.00,1.10
2014.12.19 11:25:18.232,1.19406,1.19413,1.57,2.32
2014.12.19 11:25:21.185,1.19406,1.19411,1.00,1.00
2014.12.19 11:25:21.387,1.19403,1.19409,1.10,1.10
2014.12.19 11:25:23.729,1.19404,1.1941,1.00,1.12
2014.12.19 11:25:24.234,1.19404,1.19411,1.10,3.37
2014.12.19 11:25:25.830,1.19404,1.19411,1.00,3.37
2014.12.19 11:25:29.969,1.19403,1.19409,1.10,1.10
2014.12.19 11:25:30.488,1.19403,1.19409,1.12,1.50
2014.12.19 11:25:30.539,1.19402,1.19406,2.25,1.50
2014.12.19 11:25:30.741,1.19396,1.19401,1.10,2.25
2014.12.19 11:25:31.245,1.19395,1.194,1.12,1.50
2014.12.19 11:25:31.750,1.19395,1.194,1.10,1.50
2014.12.19 11:25:33.463,1.19397,1.19401,1.00,2.32
2014.12.19 11:25:33.766,1.194,1.19403,1.67,1.00
2014.12.19 11:25:33.817,1.19398,1.19403,2.25,1.00
2014.12.19 11:25:33.968,1.19396,1.19403,2.06,3.75
2014.12.19 11:25:34.069,1.19397,1.19401,1.10,1.00
2014.12.19 11:25:37.466,1.19394,1.19401,2.81,2.25
2014.12.19 11:25:37.970,1.19396,1.194,1.00,1.00
2014.12.19 11:25:38.475,1.19396,1.19401,1.00,3.07
2014.12.19 11:25:39.024,1.19394,1.194,1.76,1.00
2014.12.19 11:25:39.536,1.19394,1.19399,1.10,1.50
2014.12.19 11:25:40.041,1.19392,1.19398,2.06,1.00
2014.12.19 11:25:40.142,1.19392,1.19396,2.06,1.00
2014.12.19 11:25:40.243,1.19392,1.19398,1.76,1.10
2014.12.19 11:25:40.759,1.19392,1.19397,1.01,1.50
2014.12.19 11:25:43.179,1.19391,1.19397,1.10,1.57
2014.12.19 11:25:43.232,1.19391,1.19395,1.10,1.00
2014.12.19 11:25:43.537,1.19382,1.19389,1.87,3.00
2014.12.19 11:25:43.639,1.19384,1.19389,1.12,1.25
2014.12.19 11:25:43.740,1.19382,1.19389,3.56,1.76
2014.12.19 11:25:43.993,1.19381,1.19387,3.19,1.00
2014.12.19 11:25:44.347,1.19382,1.19389,1.31,3.26
2014.12.19 11:25:45.759,1.19384,1.19389,1.00,1.76
2014.12.19 11:25:47.054,1.19384,1.19388,2.51,1.00
2014.12.19 11:25:47.205,1.19382,1.19387,1.01,1.50
2014.12.19 11:25:47.710,1.19381,1.19386,1.76,1.00
2014.12.19 11:25:48.244,1.19381,1.19386,1.10,1.00
2014.12.19 11:25:48.951,1.1938,1.19386,4.01,1.10
2014.12.19 11:25:49.908,1.19382,1.19387,1.00,2.32
2014.12.19 11:25:50.769,1.19381,1.19386,1.01,1.00
2014.12.19 11:25:51.993,1.1938,1.19384,1.87,1.00
2014.12.19 11:25:52.295,1.19376,1.19381,2.25,1.00
2014.12.19 11:25:53.414,1.19374,1.19381,2.44,3.19
2014.12.19 11:25:53.933,1.19374,1.1938,3.19,1.00
2014.12.19 11:25:54.447,1.19375,1.1938,1.00,1.00
2014.12.19 11:25:55.020,1.19376,1.1938,1.00,1.00
2014.12.19 11:25:55.222,1.19374,1.1938,2.25,1.00
2014.12.19 11:25:55.726,1.19373,1.19378,1.00,1.00
2014.12.19 11:25:56.232,1.19374,1.19379,1.00,1.10
2014.12.19 11:25:56.736,1.19375,1.1938,1.00,1.57
2014.12.19 11:25:57.442,1.19375,1.1938,1.87,1.57
2014.12.19 11:26:00.304,1.19375,1.1938,1.76,1.50
2014.12.19 11:26:01.327,1.19376,1.1938,1.00,1.00
2014.12.19 11:26:01.942,1.19375,1.1938,1.57,1.50
2014.12.19 11:26:02.544,1.19374,1.1938,1.57,1.01
2014.12.19 11:26:03.049,1.19374,1.1938,2.25,2.44
2014.12.19 11:26:03.748,1.19375,1.1938,1.00,1.10
2014.12.19 11:26:07.574,1.19376,1.1938,1.00,1.10
2014.12.19 11:26:08.664,1.19375,1.1938,3.00,1.10
2014.12.19 11:26:08.967,1.19377,1.19382,1.00,1.87
2014.12.19 11:26:09.692,1.19377,1.19382,1.00,1.10
2014.12.19 11:26:09.995,1.1938,1.19385,1.50,2.25
2014.12.19 11:26:10.536,1.1938,1.19385,1.50,2.25
2014.12.19 11:26:10.894,1.19385,1.1939,1.50,1.76
2014.12.19 11:26:11.147,1.19387,1.1939,1.00,1.76
2014.12.19 11:26:11.551,1.19385,1.19388,1.12,1.00
2014.12.19 11:26:11.652,1.19381,1.19387,1.50,2.44
2014.12.19 11:26:12.162,1.1938,1.19384,1.00,1.10
2014.12.19 11:26:12.213,1.19378,1.19382,1.10,1.00
2014.12.19 11:26:12.415,1.19378,1.19385,1.00,2.25
2014.12.19 11:26:12.466,1.19382,1.19385,1.00,2.25
2014.12.19 11:26:12.568,1.19378,1.19384,2.25,1.12
2014.12.19 11:26:13.072,1.19379,1.19386,1.50,3.19
2014.12.19 11:26:13.628,1.19381,1.19386,1.00,2.44
2014.12.19 11:26:14.137,1.19381,1.19386,1.00,3.00
2014.12.19 11:26:17.437,1.1938,1.19383,1.00,1.57
2014.12.19 11:26:17.488,1.19378,1.19383,1.00,1.57
2014.12.19 11:26:17.538,1.19378,1.19379,1.00,1.00
2014.12.19 11:26:17.640,1.19377,1.19378,1.00,1.00
2014.12.19 11:26:17.741,1.19371,1.19377,1.37,2.44
2014.12.19 11:26:17.792,1.19371,1.19377,1.00,3.00
2014.12.19 11:26:17.893,1.19372,1.19377,1.00,2.25
2014.12.19 11:26:18.045,1.19374,1.1938,1.00,2.25
2014.12.19 11:26:18.349,1.19374,1.19381,2.25,2.25
2014.12.19 11:26:18.501,1.19376,1.19381,1.00,1.50
2014.12.19 11:26:19.105,1.19376,1.19382,1.50,1.50
2014.12.19 11:26:19.615,1.19377,1.19382,1.50,1.50
2014.12.19 11:26:20.120,1.19377,1.19383,1.50,1.75
2014.12.19 11:26:22.582,1.19378,1.19383,1.00,1.75
2014.12.19 11:26:23.411,1.19378,1.19383,1.00,1.10
2014.12.19 11:26:25.238,1.1938,1.19383,1.00,1.10
2014.12.19 11:26:25.920,1.1938,1.19385,1.00,1.87
2014.12.19 11:26:27.736,1.19379,1.19385,2.25,1.12
2014.12.19 11:26:28.240,1.1938,1.19385,1.50,1.57
2014.12.19 11:26:29.458,1.1938,1.19385,1.00,1.87
2014.12.19 11:26:30.123,1.19379,1.19385,1.50,1.12
2014.12.19 11:26:30.426,1.19381,1.19385,1.00,1.87
2014.12.19 11:26:37.669,1.19379,1.1938,3.00,1.00
2014.12.19 11:26:37.720,1.19373,1.19378,1.75,1.50
2014.12.19 11:26:37.771,1.19373,1.19376,1.67,1.69
2014.12.19 11:26:37.822,1.1937,1.19373,1.00,1.00
2014.12.19 11:26:38.178,1.19364,1.1937,1.00,1.10
2014.12.19 11:26:38.279,1.19364,1.1937,1.00,2.00
2014.12.19 11:26:38.482,1.19364,1.1937,2.25,2.00
2014.12.19 11:26:38.795,1.19367,1.1937,1.00,1.75
2014.12.19 11:26:39.332,1.19366,1.19371,1.50,2.25
2014.12.19 11:26:39.585,1.19369,1.19373,1.50,1.00
2014.12.19 11:26:41.250,1.19369,1.19374,1.50,2.44
2014.12.19 11:26:41.351,1.1937,1.19374,1.00,1.50
2014.12.19 11:26:41.704,1.19372,1.19376,1.00,1.94
2014.12.19 11:26:41.906,1.19376,1.1938,1.00,3.00
2014.12.19 11:26:42.007,1.19372,1.19377,1.87,1.00
2014.12.19 11:26:42.514,1.19372,1.19377,1.00,2.51
2014.12.19 11:26:42.917,1.19374,1.19378,1.50,2.25
2014.12.19 11:26:43.220,1.19376,1.1938,1.00,1.76
2014.12.19 11:26:44.486,1.19376,1.19379,1.00,1.00
2014.12.19 11:26:44.587,1.19374,1.19376,3.07,1.00
2014.12.19 11:26:44.638,1.19373,1.19376,1.87,1.00
2014.12.19 11:26:44.739,1.19373,1.19377,1.00,2.00
2014.12.19 11:26:45.042,1.1937,1.19375,1.87,1.00
2014.12.19 11:26:45.194,1.1937,1.19374,1.00,1.12
2014.12.19 11:26:45.245,1.19368,1.19372,1.50,1.00
2014.12.19 11:26:45.346,1.19371,1.19372,1.00,1.00
2014.12.19 11:26:45.548,1.19371,1.19374,1.00,1.00
2014.12.19 11:26:45.649,1.19371,1.19376,1.10,1.00
2014.12.19 11:26:45.801,1.19372,1.19374,1.10,1.00
2014.12.19 11:26:45.952,1.19368,1.19372,1.00,1.00
2014.12.19 11:26:46.457,1.19367,1.19372,1.50,1.10
2014.12.19 11:26:47.142,1.1937,1.19372,1.00,1.10
2014.12.19 11:26:47.193,1.1937,1.19374,1.00,1.00
2014.12.19 11:26:47.245,1.19372,1.19377,1.00,1.50
2014.12.19 11:26:47.749,1.19372,1.19378,1.50,3.00
2014.12.19 11:26:47.850,1.1937,1.19376,1.57,1.57
2014.12.19 11:26:47.951,1.19369,1.19374,1.10,1.00
2014.12.19 11:26:49.009,1.1937,1.19374,1.00,1.50
2014.12.19 11:26:49.312,1.19373,1.19379,1.00,4.69
2014.12.19 11:26:49.363,1.19373,1.19379,1.00,4.69
2014.12.19 11:26:49.464,1.19375,1.19379,1.00,1.76
2014.12.19 11:26:50.372,1.19374,1.19375,1.50,1.00
2014.12.19 11:26:50.473,1.19371,1.19374,4.50,1.00
2014.12.19 11:26:50.574,1.19371,1.19374,1.00,1.00
2014.12.19 11:26:54.673,1.19371,1.19373,1.00,1.00
2014.12.19 11:26:55.185,1.1937,1.19373,1.00,1.10
2014.12.19 11:26:59.780,1.19369,1.19373,1.50,1.01
2014.12.19 11:26:59.831,1.19368,1.19371,1.57,1.00
2014.12.19 11:26:59.932,1.19366,1.19371,1.50,1.10
2014.12.19 11:27:00.134,1.19366,1.19369,1.00,1.10
2014.12.19 11:27:00.235,1.19364,1.19369,1.00,1.57
2014.12.19 11:27:00.741,1.19363,1.19369,1.50,1.87
2014.12.19 11:27:03.384,1.19364,1.19369,1.00,1.12
2014.12.19 11:27:04.024,1.19364,1.19369,1.00,1.10
2014.12.19 11:27:15.605,1.19365,1.19371,1.50,2.25
2014.12.19 11:27:16.121,1.19365,1.19371,2.25,1.87
2014.12.19 11:27:17.161,1.19366,1.19371,1.00,1.87
2014.12.19 11:27:17.685,1.19367,1.19372,1.00,3.19
2014.12.19 11:27:19.897,1.19368,1.19372,1.00,1.50
2014.12.19 11:27:20.150,1.19368,1.19373,1.00,2.44
2014.12.19 11:27:20.201,1.19372,1.19373,1.00,1.15
2014.12.19 11:27:20.403,1.19374,1.19377,1.00,1.10
2014.12.19 11:27:20.807,1.19376,1.19379,1.00,1.31
2014.12.19 11:27:21.366,1.19376,1.19379,1.00,1.25
2014.12.19 11:27:22.429,1.19377,1.19379,1.00,1.00
2014.12.19 11:27:22.733,1.19382,1.19385,1.00,3.19
2014.12.19 11:27:22.885,1.1938,1.19385,1.00,1.31
2014.12.19 11:27:23.391,1.1938,1.19385,1.00,2.44
2014.12.19 11:27:24.047,1.1938,1.19385,1.50,1.87
2014.12.19 11:27:25.423,1.19382,1.19385,1.00,1.87
2014.12.19 11:27:26.365,1.19383,1.19388,1.00,2.25
2014.12.19 11:27:26.567,1.19389,1.19392,1.00,1.12
2014.12.19 11:27:26.669,1.19389,1.19395,1.50,3.00
2014.12.19 11:27:26.820,1.19391,1.19395,1.50,1.87
2014.12.19 11:27:27.180,1.19393,1.19396,1.00,1.12
2014.12.19 11:27:27.332,1.19394,1.19398,1.00,1.12
2014.12.19 11:27:28.657,1.19392,1.19396,1.50,1.00
2014.12.19 11:27:29.162,1.1939,1.19395,1.12,1.00
2014.12.19 11:27:29.712,1.1939,1.19396,1.87,1.50
2014.12.19 11:27:29.914,1.19393,1.19396,1.00,1.00
2014.12.19 11:27:30.066,1.19395,1.194,2.51,1.12
2014.12.19 11:27:30.167,1.19395,1.19401,3.26,1.57
2014.12.19 11:27:30.677,1.19396,1.19401,1.00,1.57
2014.12.19 11:27:31.760,1.19397,1.19401,1.00,1.57
2014.12.19 11:27:31.861,1.19399,1.19402,1.00,1.50
2014.12.19 11:27:32.012,1.19399,1.19403,1.00,1.57
2014.12.19 11:27:32.215,1.19399,1.19401,1.10,1.00
2014.12.19 11:27:32.367,1.19397,1.19401,2.25,1.57
2014.12.19 11:27:32.873,1.19395,1.19399,1.10,1.00
2014.12.19 11:27:33.075,1.19393,1.19398,1.10,2.25
2014.12.19 11:27:33.607,1.19393,1.19397,1.00,1.00
2014.12.19 11:27:34.447,1.19393,1.19398,1.00,2.32
2014.12.19 11:27:35.013,1.19394,1.19398,1.50,1.00
2014.12.19 11:27:35.529,1.19394,1.194,1.50,1.87
2014.12.19 11:27:36.593,1.19396,1.194,1.00,1.12
2014.12.19 11:27:37.098,1.19394,1.19399,1.50,1.10
2014.12.19 11:27:38.014,1.19394,1.19399,1.00,1.12
2014.12.19 11:27:38.216,1.19392,1.19397,1.57,1.00
2014.12.19 11:27:46.557,1.19392,1.19398,2.32,2.32
2014.12.19 11:27:48.328,1.19392,1.19398,1.50,3.00
2014.12.19 11:27:50.041,1.19394,1.19398,1.00,1.50
2014.12.19 11:27:50.193,1.19394,1.19399,1.50,1.10
2014.12.19 11:27:50.710,1.19394,1.194,1.57,3.07
2014.12.19 11:27:52.941,1.19396,1.194,1.00,1.57
2014.12.19 11:27:54.168,1.19399,1.19402,1.50,2.25
2014.12.19 11:27:54.271,1.19402,1.19406,1.00,1.10
2014.12.19 11:27:54.726,1.19404,1.19408,1.00,2.25
2014.12.19 11:27:54.827,1.19404,1.19408,1.00,1.10
2014.12.19 11:27:55.282,1.19404,1.1941,1.10,1.57
2014.12.19 11:27:55.640,1.19406,1.19411,1.00,1.87
2014.12.19 11:27:58.168,1.19405,1.19409,1.00,1.00
2014.12.19 11:27:58.686,1.19403,1.19409,1.87,1.00
2014.12.19 11:28:00.962,1.19403,1.19409,1.57,1.10
2014.12.19 11:28:08.014,1.19403,1.19405,1.57,1.00
2014.12.19 11:28:08.267,1.19394,1.194,3.00,1.00
2014.12.19 11:28:08.779,1.19394,1.194,1.87,1.00
2014.12.19 11:28:09.334,1.19398,1.194,1.00,1.00
2014.12.19 11:28:09.486,1.194,1.19404,1.50,1.10
2014.12.19 11:28:09.587,1.19401,1.19406,1.50,1.10
2014.12.19 11:28:09.992,1.19402,1.19408,1.10,1.10
2014.12.19 11:28:12.009,1.19404,1.19408,2.25,1.10
2014.12.19 11:28:12.211,1.19404,1.1941,3.26,1.10
2014.12.19 11:28:12.717,1.19405,1.1941,1.00,1.10
2014.12.19 11:28:13.638,1.19405,1.1941,1.69,1.10
2014.12.19 11:28:13.890,1.19408,1.19413,1.00,2.44
2014.12.19 11:28:14.410,1.19407,1.19412,1.50,1.10
2014.12.19 11:28:16.390,1.19407,1.19413,1.57,1.57
2014.12.19 11:28:16.925,1.19408,1.19413,1.00,1.57
2014.12.19 11:28:19.748,1.19407,1.19413,1.57,1.57
2014.12.19 11:28:20.573,1.19407,1.19412,2.32,1.00
2014.12.19 11:28:21.089,1.19408,1.19412,1.00,1.00
2014.12.19 11:28:22.041,1.19407,1.19412,2.51,1.00
2014.12.19 11:28:23.863,1.19407,1.19412,2.81,1.00
2014.12.19 11:28:24.389,1.19409,1.19413,1.00,1.00
2014.12.19 11:28:24.894,1.19408,1.19413,1.10,1.00
2014.12.19 11:28:25.423,1.19409,1.19413,1.00,1.00
2014.12.19 11:28:27.673,1.1941,1.19413,1.00,1.00
2014.12.19 11:28:33.717,1.19409,1.19413,1.00,1.50
2014.12.19 11:28:34.222,1.19409,1.19414,1.00,1.57
2014.12.19 11:28:36.691,1.1941,1.19414,1.00,1.57
2014.12.19 11:28:40.093,1.19411,1.19414,1.00,1.10
2014.12.19 11:28:44.361,1.19412,1.19416,1.00,1.50
2014.12.19 11:28:44.563,1.19419,1.1942,1.00,1.00
2014.12.19 11:28:44.614,1.19418,1.19419,1.25,1.00
2014.12.19 11:28:44.715,1.19422,1.19426,3.00,1.12
2014.12.19 11:28:45.222,1.19422,1.19427,3.00,2.06
2014.12.19 11:28:47.124,1.1942,1.19425,1.10,1.50
2014.12.19 11:28:47.665,1.19424,1.19425,1.00,1.50
2014.12.19 11:28:47.868,1.19422,1.19425,1.00,1.00
2014.12.19 11:28:48.070,1.1942,1.19424,1.00,1.10
2014.12.19 11:28:48.423,1.19418,1.19422,1.57,1.00
2014.12.19 11:28:48.626,1.19412,1.19418,1.57,2.44
2014.12.19 11:28:48.727,1.19411,1.19416,1.10,1.25
2014.12.19 11:28:49.030,1.1941,1.19414,1.10,1.00
2014.12.19 11:28:49.535,1.19409,1.19414,1.10,1.00
2014.12.19 11:28:50.431,1.19413,1.19416,1.00,1.12
2014.12.19 11:28:50.633,1.1941,1.19415,1.87,1.00
2014.12.19 11:28:51.293,1.1941,1.19415,1.00,1.10
2014.12.19 11:28:52.254,1.19409,1.19414,1.10,1.50
2014.12.19 11:28:52.760,1.19408,1.19414,2.32,1.10
2014.12.19 11:28:54.375,1.19409,1.19414,1.00,1.57
2014.12.19 11:28:55.278,1.1941,1.19414,1.00,1.10
2014.12.19 11:28:58.354,1.19415,1.19416,1.00,1.12
2014.12.19 11:28:58.506,1.19416,1.1942,1.57,1.00
2014.12.19 11:28:58.557,1.19417,1.19422,1.00,2.32
2014.12.19 11:28:59.062,1.19416,1.19422,3.00,1.00
2014.12.19 11:29:00.370,1.19418,1.19423,1.10,1.00
2014.12.19 11:29:00.572,1.19417,1.19418,1.05,1.00
2014.12.19 11:29:00.825,1.19412,1.19415,1.10,1.00
2014.12.19 11:29:01.298,1.1941,1.19414,1.57,1.50
2014.12.19 11:29:01.551,1.19408,1.19412,1.87,1.00
2014.12.19 11:29:02.056,1.19408,1.19413,1.50,1.12
2014.12.19 11:29:10.119,1.19408,1.19411,1.00,1.00
2014.12.19 11:29:12.756,1.19408,1.1941,1.00,1.00
2014.12.19 11:29:13.008,1.19396,1.19399,1.00,1.10
2014.12.19 11:29:13.109,1.19394,1.19398,1.00,1.25
2014.12.19 11:29:13.564,1.19394,1.19396,1.00,1.00
2014.12.19 11:29:13.615,1.19392,1.19396,1.57,1.00
2014.12.19 11:29:13.817,1.19391,1.19395,1.00,1.12
2014.12.19 11:29:14.675,1.19391,1.19396,2.25,2.62
2014.12.19 11:29:15.185,1.1939,1.19395,2.25,1.87
2014.12.19 11:29:15.952,1.1939,1.19393,1.00,1.00
2014.12.19 11:29:16.003,1.19388,1.19392,1.10,2.25
2014.12.19 11:29:16.205,1.19386,1.19391,1.50,1.76
2014.12.19 11:29:16.861,1.19386,1.19391,1.00,1.87
2014.12.19 11:29:16.962,1.19384,1.1939,1.57,1.57
2014.12.19 11:29:17.013,1.19383,1.19388,1.12,1.50
2014.12.19 11:29:17.316,1.1938,1.19386,1.57,1.10
2014.12.19 11:29:17.417,1.1938,1.19386,1.50,2.25
2014.12.19 11:29:17.518,1.1938,1.19386,1.57,1.57
2014.12.19 11:29:17.720,1.19382,1.19388,1.00,1.12
2014.12.19 11:29:18.124,1.19384,1.1939,1.00,1.50
2014.12.19 11:29:18.225,1.19385,1.1939,1.00,1.10
2014.12.19 11:29:18.528,1.19384,1.19388,1.87,1.00
2014.12.19 11:29:18.730,1.19382,1.19388,1.00,1.87
2014.12.19 11:29:20.959,1.19382,1.19388,1.00,2.44
2014.12.19 11:29:22.307,1.19381,1.19386,1.00,1.10
2014.12.19 11:29:22.664,1.19383,1.19388,1.00,1.50
2014.12.19 11:29:22.715,1.19383,1.19388,1.00,1.10
2014.12.19 11:29:23.219,1.19382,1.19388,1.57,1.10
2014.12.19 11:29:23.956,1.19386,1.19388,1.00,1.10
2014.12.19 11:29:24.158,1.19386,1.19392,1.50,1.12
2014.12.19 11:29:24.209,1.19388,1.19394,1.00,2.44
2014.12.19 11:29:24.562,1.1939,1.19394,1.00,1.31
2014.12.19 11:29:24.663,1.19388,1.19394,1.50,1.12
2014.12.19 11:29:24.916,1.1939,1.19396,1.00,1.12
2014.12.19 11:29:26.757,1.19391,1.19396,1.00,1.12
2014.12.19 11:29:27.262,1.1939,1.19396,1.57,1.10
2014.12.19 11:29:27.773,1.1939,1.19396,1.50,1.12
2014.12.19 11:29:33.417,1.19391,1.19396,1.00,1.12
2014.12.19 11:29:34.023,1.1939,1.19396,2.25,1.12
2014.12.19 11:29:35.436,1.19392,1.19398,1.00,2.44
2014.12.19 11:29:35.941,1.19393,1.19398,1.00,2.25
2014.12.19 11:29:36.445,1.19393,1.19398,1.00,1.87
2014.12.19 11:29:40.647,1.19394,1.19399,1.00,1.69
2014.12.19 11:29:41.356,1.19406,1.19409,1.00,1.50
2014.12.19 11:29:41.608,1.19406,1.19411,1.00,1.69
2014.12.19 11:29:42.113,1.19406,1.19411,1.00,1.31
2014.12.19 11:29:50.526,1.19406,1.19411,1.00,1.69
2014.12.19 11:29:53.159,1.19406,1.19407,1.00,1.00
2014.12.19 11:29:53.209,1.19403,1.19404,1.57,1.00
2014.12.19 11:29:53.362,1.19402,1.19403,1.10,1.00
2014.12.19 11:29:53.412,1.19398,1.19401,1.00,1.50
2014.12.19 11:29:53.463,1.19398,1.19401,1.00,1.50
2014.12.19 11:29:53.981,1.19397,1.19401,1.00,1.50
2014.12.19 11:29:54.238,1.19399,1.19402,1.00,2.44
2014.12.19 11:29:54.541,1.19409,1.1941,1.00,1.10
2014.12.19 11:29:54.794,1.19407,1.19412,1.87,1.00
2014.12.19 11:29:54.845,1.19406,1.19412,1.12,1.00
2014.12.19 11:29:55.372,1.19408,1.19413,1.00,1.69
2014.12.19 11:30:03.151,1.19406,1.19411,1.00,1.10
2014.12.19 11:30:08.240,1.19406,1.19412,1.00,2.44
2014.12.19 11:30:10.642,1.19404,1.1941,1.57,1.10
2014.12.19 11:30:11.176,1.19404,1.19409,1.00,1.10
2014.12.19 11:30:12.292,1.19404,1.19408,1.00,1.00
2014.12.19 11:30:12.797,1.19403,1.19408,1.00,1.10
2014.12.19 11:30:13.301,1.19402,1.19408,1.57,1.57
2014.12.19 11:30:16.304,1.19402,1.19407,1.57,1.00
2014.12.19 11:30:16.355,1.19402,1.19405,1.57,1.00
2014.12.19 11:30:16.658,1.19392,1.19397,2.25,2.44
2014.12.19 11:30:16.708,1.1939,1.19397,1.50,3.19
2014.12.19 11:30:18.027,1.19392,1.19397,1.00,1.50
2014.12.19 11:30:18.381,1.19392,1.19399,1.50,2.25
2014.12.19 11:30:19.795,1.19392,1.19398,1.50,1.00
2014.12.19 11:30:27.215,1.19392,1.19399,1.50,3.19
2014.12.19 11:30:32.135,1.19392,1.19398,1.50,1.00
2014.12.19 11:30:32.794,1.19392,1.19399,1.50,2.44
2014.12.19 11:30:42.748,1.19392,1.19398,1.50,1.00
2014.12.19 11:30:44.828,1.19392,1.19399,2.25,2.44
2014.12.19 11:30:45.338,1.19392,1.19398,2.25,1.00
2014.12.19 11:30:47.351,1.19392,1.19396,1.50,1.00
2014.12.19 11:30:47.655,1.19389,1.19396,1.87,2.51
2014.12.19 11:30:48.160,1.19389,1.19395,1.87,1.00
2014.12.19 11:30:49.928,1.19389,1.19395,1.57,2.32
2014.12.19 11:30:50.188,1.19388,1.19389,1.80,1.50
2014.12.19 11:30:50.239,1.19385,1.19387,3.37,1.00
2014.12.19 11:30:50.391,1.19382,1.19385,1.00,1.00
2014.12.19 11:30:50.695,1.19378,1.19384,1.10,1.10
2014.12.19 11:30:50.847,1.19378,1.19384,1.00,2.44
2014.12.19 11:30:51.275,1.19376,1.19383,1.57,1.12
2014.12.19 11:30:52.094,1.19377,1.19383,1.00,1.87
2014.12.19 11:30:52.609,1.19378,1.19383,1.00,1.87
2014.12.19 11:30:54.554,1.19378,1.19382,1.00,1.50
2014.12.19 11:30:56.209,1.19378,1.19382,1.00,1.10
2014.12.19 11:30:57.276,1.19378,1.19381,1.00,1.00
2014.12.19 11:30:57.479,1.19376,1.1938,1.10,1.00
2014.12.19 11:30:57.530,1.19376,1.19377,1.00,1.00
2014.12.19 11:30:57.631,1.19372,1.19376,1.00,1.57
2014.12.19 11:30:57.682,1.19372,1.19373,1.00,1.00
2014.12.19 11:30:57.733,1.19368,1.19373,1.00,1.25
2014.12.19 11:30:57.986,1.19367,1.19373,1.00,1.69
2014.12.19 11:30:59.813,1.1937,1.19374,1.00,2.00
2014.12.19 11:31:00.118,1.19374,1.19375,1.00,1.00
2014.12.19 11:31:00.173,1.19375,1.19382,1.80,1.10
2014.12.19 11:31:00.274,1.19375,1.19382,1.50,1.75
2014.12.19 11:31:02.458,1.19375,1.19382,2.32,1.87
2014.12.19 11:31:07.974,1.19375,1.19382,1.50,2.25
2014.12.19 11:31:10.729,1.19375,1.19382,2.25,2.25
2014.12.19 11:31:15.044,1.19377,1.19382,1.00,1.75
2014.12.19 11:31:21.006,1.19376,1.19382,1.00,2.25
2014.12.19 11:31:21.570,1.19375,1.19382,2.25,2.25
2014.12.19 11:31:22.099,1.19376,1.19382,1.25,1.50
2014.12.19 11:31:22.648,1.19377,1.19383,1.00,2.25
2014.12.19 11:31:25.809,1.19377,1.19383,1.00,1.75
2014.12.19 11:31:26.466,1.19377,1.19383,1.00,1.75
2014.12.19 11:31:28.576,1.1938,1.19383,1.00,1.67
2014.12.19 11:31:28.627,1.19377,1.19383,1.00,2.00
2014.12.19 11:31:29.812,1.19378,1.19381,1.00,1.12
2014.12.19 11:31:30.890,1.19377,1.19381,1.50,1.12
2014.12.19 11:31:38.028,1.19377,1.19384,3.75,2.25
2014.12.19 11:31:39.599,1.19378,1.19384,1.00,2.25
2014.12.19 11:31:40.104,1.19378,1.19384,1.50,2.25
2014.12.19 11:31:40.684,1.19379,1.19384,1.00,2.25
2014.12.19 11:31:41.189,1.19378,1.19384,1.25,2.25
2014.12.19 11:31:41.695,1.19378,1.19384,1.25,2.25
2014.12.19 11:31:42.692,1.19377,1.19384,1.69,3.00
2014.12.19 11:31:43.618,1.19378,1.19384,1.00,3.00
2014.12.19 11:31:44.823,1.19377,1.19382,1.50,1.10
2014.12.19 11:31:45.372,1.19376,1.19382,1.00,1.12
2014.12.19 11:31:45.927,1.19377,1.19383,1.00,2.25
2014.12.19 11:31:49.339,1.19376,1.19382,1.00,1.12
2014.12.19 11:31:49.862,1.19377,1.19383,1.50,1.12
2014.12.19 11:31:50.519,1.19378,1.19383,1.00,1.12
2014.12.19 11:31:51.326,1.19379,1.19384,1.00,1.12
2014.12.19 11:31:51.886,1.19378,1.19384,3.00,1.87
2014.12.19 11:31:52.390,1.19379,1.19384,1.00,1.12
2014.12.19 11:31:54.158,1.1938,1.19384,1.00,1.12
2014.12.19 11:31:54.663,1.1938,1.19385,1.50,2.06
2014.12.19 11:31:58.480,1.19381,1.19385,1.00,1.12
2014.12.19 11:32:00.482,1.1938,1.19386,1.50,1.50
2014.12.19 11:32:00.987,1.19378,1.19385,3.94,1.87
2014.12.19 11:32:01.492,1.19378,1.19384,3.75,1.12
2014.12.19 11:32:06.936,1.19377,1.19379,2.32,1.00
2014.12.19 11:32:07.139,1.19369,1.19374,1.10,1.00
2014.12.19 11:32:07.643,1.19367,1.19374,2.62,1.10
2014.12.19 11:32:08.534,1.19368,1.19373,1.10,1.00
2014.12.19 11:32:09.341,1.19369,1.19374,1.00,1.12
2014.12.19 11:32:09.846,1.19369,1.19374,1.10,1.00
2014.12.19 11:32:10.351,1.19369,1.19374,1.00,1.12
2014.12.19 11:32:10.856,1.19369,1.19374,1.00,1.62
2014.12.19 11:32:11.362,1.19369,1.19374,1.00,2.44
2014.12.19 11:32:12.169,1.19367,1.19373,2.25,2.44
2014.12.19 11:32:12.673,1.19365,1.19372,2.25,1.87
2014.12.19 11:32:13.331,1.19365,1.19371,1.00,1.37
2014.12.19 11:32:15.314,1.19365,1.19371,1.12,1.00
2014.12.19 11:32:16.298,1.19365,1.1937,1.12,1.00
2014.12.19 11:32:16.803,1.19365,1.19371,1.12,1.00
2014.12.19 11:32:19.684,1.19365,1.19371,1.10,1.76
2014.12.19 11:32:20.188,1.19365,1.1937,1.10,1.00
2014.12.19 11:32:20.694,1.19364,1.19369,1.00,1.10
2014.12.19 11:32:21.198,1.19364,1.19368,1.00,1.00
2014.12.19 11:32:21.703,1.19364,1.19369,1.12,1.25
2014.12.19 11:32:22.261,1.19364,1.1937,1.12,1.69
2014.12.19 11:32:22.767,1.19364,1.19369,1.00,1.10
2014.12.19 11:32:24.874,1.19364,1.1937,2.32,1.01
2014.12.19 11:32:26.699,1.19365,1.1937,1.00,1.10
2014.12.19 11:32:37.953,1.19366,1.19372,1.00,1.56
2014.12.19 11:32:38.054,1.19367,1.19372,1.00,1.10
2014.12.19 11:32:38.560,1.19367,1.19373,2.32,1.01
2014.12.19 11:32:41.668,1.19367,1.19371,1.10,1.00
2014.12.19 11:32:41.770,1.19365,1.19371,3.26,1.10
2014.12.19 11:32:42.476,1.19365,1.1937,2.44,1.00
2014.12.19 11:32:43.587,1.19363,1.19364,2.17,1.00
2014.12.19 11:32:43.789,1.19358,1.19363,1.57,1.01
2014.12.19 11:32:44.143,1.19355,1.1936,1.50,1.01
2014.12.19 11:32:44.396,1.19358,1.1936,1.00,1.00
2014.12.19 11:32:44.548,1.19359,1.19365,1.10,1.57
2014.12.19 11:32:44.750,1.19358,1.19363,1.50,1.00
2014.12.19 11:32:44.901,1.19358,1.19363,1.10,1.00
2014.12.19 11:32:45.407,1.1936,1.19363,1.00,1.00
2014.12.19 11:32:45.559,1.1936,1.19365,1.00,1.10
2014.12.19 11:32:45.609,1.19358,1.19362,2.62,1.00
2014.12.19 11:32:46.013,1.19359,1.19365,1.50,1.12
2014.12.19 11:32:46.265,1.1936,1.19367,1.10,2.06
2014.12.19 11:32:46.669,1.1936,1.19367,3.00,1.00
2014.12.19 11:32:47.073,1.19363,1.19369,1.10,1.01
2014.12.19 11:32:47.578,1.19362,1.19369,4.50,1.00
2014.12.19 11:32:47.931,1.19366,1.19372,1.50,1.37
2014.12.19 11:32:48.082,1.19366,1.19372,1.10,1.10
2014.12.19 11:32:48.386,1.19365,1.19372,1.50,1.37
2014.12.19 11:32:48.890,1.19364,1.1937,1.10,1.10
2014.12.19 11:32:50.176,1.19363,1.19369,1.00,1.87
2014.12.19 11:32:51.035,1.19363,1.19365,1.00,1.00
2014.12.19 11:32:51.287,1.19358,1.19363,1.00,1.10
2014.12.19 11:32:51.792,1.19358,1.19365,1.50,2.00
2014.12.19 11:32:52.297,1.19358,1.19365,3.75,1.37
2014.12.19 11:32:52.499,1.1936,1.19366,1.00,1.87
2014.12.19 11:32:52.801,1.19358,1.19363,1.00,1.10
2014.12.19 11:32:53.104,1.19358,1.19363,1.00,1.50
2014.12.19 11:32:53.256,1.19358,1.19363,1.10,1.00
2014.12.19 11:32:54.064,1.19356,1.19362,1.12,1.00
2014.12.19 11:32:55.888,1.19356,1.19362,1.10,1.76
2014.12.19 11:32:56.694,1.19356,1.19361,1.10,1.00
2014.12.19 11:32:56.997,1.19354,1.1936,1.10,1.76
2014.12.19 11:32:58.066,1.19354,1.1936,1.00,2.81
2014.12.19 11:32:59.087,1.19354,1.19358,1.00,1.00
2014.12.19 11:32:59.609,1.19353,1.19357,1.00,1.01
2014.12.19 11:33:00.133,1.19352,1.19356,1.00,1.69
2014.12.19 11:33:00.643,1.19352,1.19355,1.00,1.00
2014.12.19 11:33:01.145,1.19352,1.19356,1.00,1.69
2014.12.19 11:33:01.707,1.19352,1.19355,1.00,1.00
2014.12.19 11:33:01.960,1.1935,1.19356,2.32,1.01
2014.12.19 11:33:02.162,1.19352,1.19356,1.00,1.10
2014.12.19 11:33:02.667,1.19352,1.19358,3.00,1.31
2014.12.19 11:33:03.171,1.19353,1.19358,1.00,1.31
2014.12.19 11:33:04.594,1.19352,1.19358,2.25,2.81
2014.12.19 11:33:09.651,1.19352,1.19358,2.32,1.01
2014.12.19 11:33:10.155,1.19352,1.19357,2.32,1.00
2014.12.19 11:33:10.659,1.19352,1.19358,2.32,1.76
2014.12.19 11:33:10.962,1.19352,1.19355,2.32,1.00
2014.12.19 11:33:11.284,1.19352,1.19358,2.32,2.51
2014.12.19 11:33:11.789,1.19352,1.19357,1.57,1.25
2014.12.19 11:33:13.869,1.19352,1.19356,1.10,1.00
2014.12.19 11:33:13.971,1.19351,1.19354,2.25,1.00
2014.12.19 11:33:14.173,1.1935,1.19354,1.00,1.00
2014.12.19 11:33:14.274,1.19348,1.19354,1.10,1.19
2014.12.19 11:33:14.778,1.19349,1.19355,1.00,1.57
2014.12.19 11:33:14.829,1.19349,1.19353,1.00,1.00
2014.12.19 11:33:15.132,1.19347,1.19351,1.10,1.00
2014.12.19 11:33:15.435,1.19349,1.19355,1.50,1.00
2014.12.19 11:33:15.940,1.19349,1.19355,2.25,1.00
2014.12.19 11:33:16.142,1.19352,1.19359,1.00,3.19
2014.12.19 11:33:16.647,1.19351,1.19357,1.10,1.10
2014.12.19 11:33:17.000,1.1935,1.19356,1.50,1.12
2014.12.19 11:33:18.413,1.1935,1.19354,1.00,1.00
2014.12.19 11:33:18.616,1.19348,1.19354,1.57,1.10
2014.12.19 11:33:19.653,1.19348,1.19353,1.10,1.50
2014.12.19 11:33:20.722,1.19351,1.19353,1.00,1.00
2014.12.19 11:33:20.824,1.19352,1.19356,1.00,1.87
2014.12.19 11:33:20.976,1.19353,1.19359,1.00,2.06
2014.12.19 11:33:21.547,1.19356,1.19359,1.00,1.56
2014.12.19 11:33:21.749,1.19359,1.19362,1.00,1.00
2014.12.19 11:33:21.850,1.19359,1.19365,1.50,1.12
2014.12.19 11:33:22.354,1.1936,1.19365,1.00,1.10
2014.12.19 11:33:22.657,1.19359,1.19361,1.10,1.00
2014.12.19 11:33:22.859,1.19354,1.1936,1.25,1.12
2014.12.19 11:33:23.061,1.19352,1.19359,3.26,1.12
2014.12.19 11:33:24.375,1.19352,1.19357,1.10,1.00
2014.12.19 11:33:25.315,1.19353,1.19358,1.00,1.87
2014.12.19 11:33:25.417,1.19353,1.19355,1.00,1.00
2014.12.19 11:33:25.568,1.1935,1.19355,4.01,1.00
2014.12.19 11:33:26.073,1.19351,1.19356,1.00,1.50
2014.12.19 11:33:26.579,1.1935,1.19357,4.76,1.01
2014.12.19 11:33:26.782,1.19353,1.19359,1.00,2.06
2014.12.19 11:33:27.036,1.19354,1.1936,1.10,2.32
2014.12.19 11:33:28.144,1.19354,1.19359,2.32,1.00
2014.12.19 11:33:28.954,1.19356,1.1936,1.00,1.10
2014.12.19 11:33:29.207,1.19358,1.19363,2.25,1.10
2014.12.19 11:33:29.713,1.19359,1.19364,1.00,1.10
2014.12.19 11:33:30.217,1.1936,1.19365,1.00,1.57
2014.12.19 11:33:30.722,1.1936,1.19364,1.10,1.19
2014.12.19 11:33:30.975,1.19354,1.19359,1.50,1.10
2014.12.19 11:33:31.787,1.19352,1.19359,4.31,2.32
2014.12.19 11:33:32.090,1.19355,1.19359,1.00,1.87
2014.12.19 11:33:32.292,1.19357,1.19364,2.25,3.00
2014.12.19 11:33:32.393,1.19357,1.19364,3.82,2.06
2014.12.19 11:33:32.696,1.19359,1.19364,1.50,1.12
2014.12.19 11:33:32.948,1.1936,1.19366,1.00,2.81
2014.12.19 11:33:33.452,1.1936,1.19365,1.00,1.31
2014.12.19 11:33:33.655,1.19359,1.19362,2.25,1.00
2014.12.19 11:33:33.959,1.19355,1.19362,1.50,3.75
2014.12.19 11:33:34.162,1.19356,1.19362,1.00,1.87
2014.12.19 11:33:34.668,1.19354,1.19359,1.12,1.00
2014.12.19 11:33:34.820,1.19353,1.19359,1.10,1.10
2014.12.19 11:33:35.072,1.19351,1.19357,2.06,1.00
2014.12.19 11:33:35.873,1.19351,1.19357,1.10,1.10
2014.12.19 11:33:36.579,1.1935,1.19355,1.57,1.00
2014.12.19 11:33:37.083,1.19349,1.19354,1.12,1.00
2014.12.19 11:33:37.585,1.1935,1.19353,1.10,2.25
2014.12.19 11:33:37.888,1.19348,1.19353,1.10,2.25
2014.12.19 11:33:38.392,1.19348,1.19353,1.50,1.50
2014.12.19 11:33:38.594,1.19348,1.19351,1.50,1.00
2014.12.19 11:33:38.897,1.19346,1.19349,1.75,1.00
2014.12.19 11:33:39.100,1.19341,1.19345,2.25,1.31
2014.12.19 11:33:39.504,1.19343,1.19347,1.50,1.75
2014.12.19 11:33:39.555,1.19343,1.19347,1.57,1.00
2014.12.19 11:33:39.656,1.19343,1.19349,2.44,1.25
2014.12.19 11:33:40.161,1.19344,1.19349,1.50,1.25
2014.12.19 11:33:40.968,1.19344,1.1935,3.00,1.25
2014.12.19 11:33:41.532,1.19346,1.19351,1.25,1.57
2014.12.19 11:33:41.633,1.19349,1.19352,1.00,1.12
2014.12.19 11:33:41.737,1.1935,1.19355,1.00,1.10
2014.12.19 11:33:42.090,1.19351,1.19357,1.10,1.10
2014.12.19 11:33:42.191,1.19353,1.19357,1.00,1.10
2014.12.19 11:33:43.100,1.19351,1.19357,1.57,1.10
2014.12.19 11:33:43.151,1.19351,1.19354,1.10,1.00
2014.12.19 11:33:43.403,1.19349,1.19353,1.57,1.25
2014.12.19 11:33:45.100,1.19347,1.19351,1.12,1.00
2014.12.19 11:33:45.606,1.19345,1.1935,3.00,1.00
2014.12.19 11:33:45.973,1.19344,1.19349,1.75,2.44
2014.12.19 11:33:46.025,1.19344,1.19349,1.12,1.69
2014.12.19 11:33:46.183,1.19344,1.1935,1.12,3.00
2014.12.19 11:33:46.688,1.19345,1.1935,1.12,3.00
2014.12.19 11:33:47.193,1.19345,1.19349,1.12,1.00
2014.12.19 11:33:47.816,1.19345,1.19348,1.10,1.00
2014.12.19 11:33:49.245,1.19344,1.19349,1.12,1.25
2014.12.19 11:33:49.295,1.19344,1.19347,1.12,1.50
2014.12.19 11:33:49.549,1.1934,1.19343,1.10,1.00
2014.12.19 11:33:51.068,1.19344,1.19345,1.50,2.32
2014.12.19 11:33:51.321,1.19351,1.19356,1.25,3.37
2014.12.19 11:33:51.876,1.19351,1.19356,2.32,1.00
2014.12.19 11:33:53.078,1.19349,1.19355,2.25,1.00
2014.12.19 11:33:53.179,1.19349,1.19353,1.10,1.00
2014.12.19 11:33:53.683,1.19349,1.19354,1.10,2.25
2014.12.19 11:33:54.205,1.1935,1.19354,1.10,1.00
2014.12.19 11:33:54.558,1.19353,1.19356,1.00,1.57
2014.12.19 11:33:55.052,1.19351,1.19357,3.07,1.10
2014.12.19 11:33:55.658,1.19351,1.19356,1.57,1.00
2014.12.19 11:33:55.759,1.19351,1.19353,1.10,1.00
2014.12.19 11:33:55.961,1.19348,1.19352,1.10,1.00
2014.12.19 11:33:56.566,1.19348,1.19351,1.00,1.00
2014.12.19 11:33:56.769,1.19347,1.19353,2.32,1.00
2014.12.19 11:33:56.920,1.19347,1.19353,3.00,1.00
2014.12.19 11:33:57.223,1.19347,1.19351,1.50,1.00
2014.12.19 11:33:57.728,1.19345,1.1935,2.25,1.00
2014.12.19 11:33:58.273,1.19345,1.19349,1.50,1.00
2014.12.19 11:33:58.777,1.19345,1.1935,1.50,2.25
2014.12.19 11:33:59.242,1.19344,1.19348,1.75,1.00
2014.12.19 11:33:59.344,1.19342,1.19348,2.25,1.50
2014.12.19 11:33:59.394,1.19342,1.19346,2.25,1.25
2014.12.19 11:33:59.597,1.19341,1.19345,1.87,1.69
2014.12.19 11:34:00.203,1.19342,1.19346,1.10,1.50
2014.12.19 11:34:00.708,1.19343,1.19347,1.01,1.50
2014.12.19 11:34:00.758,1.19345,1.19348,1.00,1.00
2014.12.19 11:34:00.860,1.19346,1.1935,1.00,1.00
2014.12.19 11:34:01.011,1.19347,1.19352,1.10,1.00
2014.12.19 11:34:01.214,1.19347,1.19353,1.50,1.50
2014.12.19 11:34:02.425,1.19349,1.19353,3.00,1.00
2014.12.19 11:34:02.949,1.1935,1.19354,1.12,1.00
2014.12.19 11:34:03.715,1.1935,1.19353,1.12,1.00
2014.12.19 11:34:03.968,1.19349,1.19352,1.50,1.00
2014.12.19 11:34:04.388,1.19348,1.1935,1.00,1.00
2014.12.19 11:34:04.810,1.19346,1.1935,1.57,1.00
2014.12.19 11:34:05.326,1.19346,1.19349,1.00,1.00
2014.12.19 11:34:05.784,1.19346,1.19347,1.00,1.00
2014.12.19 11:34:05.936,1.19342,1.19346,1.10,1.00
2014.12.19 11:34:07.453,1.19342,1.19345,1.00,1.00
2014.12.19 11:34:08.218,1.19343,1.19346,1.00,1.00
2014.12.19 11:34:08.725,1.19343,1.19347,1.57,1.00
2014.12.19 11:34:08.826,1.19345,1.19347,1.00,1.00
2014.12.19 11:34:08.877,1.19345,1.1935,1.00,1.12
2014.12.19 11:34:08.978,1.19346,1.19351,1.10,1.50
2014.12.19 11:34:09.130,1.19347,1.19352,2.06,1.00
2014.12.19 11:34:10.039,1.19347,1.19352,3.19,1.00
2014.12.19 11:34:11.315,1.19347,1.19353,3.00,1.00
2014.12.19 11:34:11.828,1.19347,1.19353,3.37,1.00
2014.12.19 11:34:12.132,1.19347,1.19351,1.12,1.50
2014.12.19 11:34:12.535,1.19346,1.1935,1.00,1.00
2014.12.19 11:34:13.618,1.19346,1.19349,1.00,1.00
2014.12.19 11:34:14.152,1.19345,1.19348,1.00,1.00
2014.12.19 11:34:14.659,1.19345,1.19349,1.00,1.00
2014.12.19 11:34:15.165,1.19345,1.19348,1.00,1.00
2014.12.19 11:34:15.669,1.19345,1.19347,1.00,1.00
2014.12.19 11:34:16.178,1.19345,1.19348,1.00,1.50
2014.12.19 11:34:16.481,1.19343,1.19348,1.57,2.44
2014.12.19 11:34:16.532,1.19343,1.19346,1.10,1.00
2014.12.19 11:34:16.835,1.1934,1.19343,2.62,1.00
2014.12.19 11:34:17.037,1.19338,1.19342,1.00,2.44
2014.12.19 11:34:17.088,1.19336,1.19341,1.50,1.12
2014.12.19 11:34:17.492,1.19334,1.19339,1.25,1.10
2014.12.19 11:34:18.098,1.19333,1.19335,1.10,1.00
2014.12.19 11:34:18.452,1.1933,1.19333,1.67,1.00
2014.12.19 11:34:18.604,1.19329,1.19333,1.50,1.00
2014.12.19 11:34:18.705,1.19329,1.19332,1.00,1.00
2014.12.19 11:34:18.806,1.19327,1.1933,1.10,1.00
2014.12.19 11:34:19.059,1.19325,1.19329,1.10,1.50
2014.12.19 11:34:19.160,1.19326,1.19332,1.50,3.26
2014.12.19 11:34:19.261,1.19326,1.19332,3.00,2.25
2014.12.19 11:34:19.766,1.19328,1.19334,1.10,1.69
2014.12.19 11:34:19.918,1.1933,1.19334,1.10,1.50
2014.12.19 11:34:20.220,1.19341,1.19346,1.50,1.75
2014.12.19 11:34:20.271,1.19341,1.19346,1.50,1.10
2014.12.19 11:34:20.322,1.19343,1.19348,1.00,1.37
2014.12.19 11:34:20.625,1.19341,1.19343,1.00,1.00
2014.12.19 11:34:20.675,1.19338,1.19343,2.62,1.25
2014.12.19 11:34:20.877,1.19338,1.19342,1.10,1.19
2014.12.19 11:34:21.029,1.19334,1.19341,1.50,1.69
2014.12.19 11:34:21.332,1.19334,1.1934,1.12,1.19
2014.12.19 11:34:21.635,1.19331,1.19335,1.50,2.25
2014.12.19 11:34:21.787,1.19327,1.1933,1.87,1.00
2014.12.19 11:34:21.888,1.19326,1.19329,1.00,1.69
2014.12.19 11:34:22.242,1.19324,1.19328,1.10,1.19
2014.12.19 11:34:22.769,1.19324,1.19328,1.57,1.00
2014.12.19 11:34:23.217,1.19335,1.19336,1.00,1.50
2014.12.19 11:34:23.318,1.19343,1.19344,1.00,1.00
2014.12.19 11:34:23.369,1.19341,1.19342,1.00,3.00
2014.12.19 11:34:23.521,1.19344,1.19351,2.44,2.44
2014.12.19 11:34:23.571,1.19344,1.19351,3.19,1.50
2014.12.19 11:34:24.082,1.19347,1.19351,1.00,1.87
2014.12.19 11:34:24.184,1.19345,1.19351,1.10,2.06
2014.12.19 11:34:25.047,1.19344,1.19349,1.12,1.29
2014.12.19 11:34:25.149,1.19342,1.19348,2.25,1.29
2014.12.19 11:34:25.200,1.19342,1.19347,1.57,1.29
2014.12.19 11:34:25.554,1.19343,1.19348,1.10,1.25
2014.12.19 11:34:27.058,1.19343,1.19348,1.10,1.69
2014.12.19 11:34:28.448,1.19342,1.19349,1.12,2.51
2014.12.19 11:34:28.953,1.19343,1.19349,1.12,1.69
2014.12.19 11:34:34.194,1.19344,1.19348,1.10,1.00
2014.12.19 11:34:34.699,1.19343,1.19348,1.10,1.69
2014.12.19 11:34:35.307,1.19343,1.19349,1.57,1.76
2014.12.19 11:34:35.902,1.19343,1.19349,1.12,2.44
2014.12.19 11:34:37.019,1.19345,1.19349,1.00,1.00
2014.12.19 11:34:37.530,1.19344,1.1935,2.62,1.25
2014.12.19 11:34:38.035,1.19345,1.19351,1.10,2.32
2014.12.19 11:34:39.224,1.19346,1.19351,1.00,2.32
2014.12.19 11:34:39.275,1.19348,1.19351,1.00,1.57
2014.12.19 11:34:39.580,1.19358,1.19359,1.00,1.00
2014.12.19 11:34:39.631,1.19359,1.19364,1.25,1.75
2014.12.19 11:34:39.682,1.19359,1.19365,1.25,2.25
2014.12.19 11:34:39.783,1.19358,1.19365,2.06,1.10
2014.12.19 11:34:40.389,1.1936,1.19366,1.10,1.00
2014.12.19 11:34:41.146,1.1936,1.19365,1.10,1.00
2014.12.19 11:34:41.694,1.1936,1.19366,1.10,1.50
2014.12.19 11:34:42.662,1.19361,1.19367,1.00,2.51
2014.12.19 11:34:43.016,1.19362,1.19369,1.12,2.32
2014.12.19 11:34:43.319,1.1936,1.19367,1.12,1.00
2014.12.19 11:34:43.890,1.1936,1.19366,1.87,1.00
2014.12.19 11:34:44.413,1.19359,1.19365,1.50,1.50
2014.12.19 11:34:44.922,1.19359,1.19365,1.12,1.50
2014.12.19 11:34:45.427,1.19359,1.19365,1.50,1.00
2014.12.19 11:34:47.737,1.1936,1.19367,1.12,2.32
2014.12.19 11:34:49.285,1.1936,1.19366,1.12,1.00
2014.12.19 11:34:49.387,1.1936,1.19364,1.12,1.00
2014.12.19 11:34:49.539,1.19354,1.19359,1.50,1.00
2014.12.19 11:34:49.640,1.19352,1.19359,1.57,1.10
2014.12.19 11:34:49.741,1.19355,1.1936,1.00,1.37
2014.12.19 11:34:49.842,1.19355,1.19362,1.87,1.10
2014.12.19 11:34:50.353,1.19357,1.19362,1.00,1.10
2014.12.19 11:34:51.836,1.19357,1.1936,1.10,1.00
2014.12.19 11:34:52.038,1.19353,1.19358,1.87,1.00
2014.12.19 11:34:52.240,1.19355,1.1936,1.00,2.32
2014.12.19 11:34:52.704,1.19352,1.19358,1.50,1.00
2014.12.19 11:34:52.907,1.19352,1.19358,1.00,1.57
2014.12.19 11:34:56.637,1.19352,1.19357,1.00,1.00
2014.12.19 11:34:57.146,1.19352,1.19356,1.00,1.00
2014.12.19 11:34:57.667,1.19351,1.19356,1.50,1.00
2014.12.19 11:35:03.233,1.19351,1.19357,1.00,2.32
2014.12.19 11:35:03.764,1.19351,1.19356,1.00,1.00
2014.12.19 11:35:05.300,1.19351,1.19355,1.00,1.00
2014.12.19 11:35:05.805,1.1935,1.19355,1.10,1.50
2014.12.19 11:35:06.595,1.1935,1.19354,1.10,1.00
2014.12.19 11:35:06.798,1.19349,1.1935,1.05,1.00
2014.12.19 11:35:06.899,1.19346,1.19349,2.25,1.00
2014.12.19 11:35:07.000,1.19346,1.19349,1.10,1.00
2014.12.19 11:35:07.505,1.19346,1.1935,1.10,1.00
2014.12.19 11:35:09.169,1.19346,1.19351,1.10,1.00
2014.12.19 11:35:09.680,1.19345,1.1935,1.12,1.00
2014.12.19 11:35:10.508,1.19345,1.19351,1.12,1.50
2014.12.19 11:35:11.025,1.19345,1.1935,1.12,1.00
2014.12.19 11:35:11.531,1.19345,1.1935,1.10,1.00
2014.12.19 11:35:12.207,1.19345,1.19351,1.57,1.50
2014.12.19 11:35:13.626,1.19346,1.19351,1.00,1.50
2014.12.19 11:35:14.131,1.19346,1.19352,2.32,1.00
2014.12.19 11:35:14.333,1.19348,1.19353,1.00,2.32
2014.12.19 11:35:14.888,1.19349,1.19353,1.00,1.50
2014.12.19 11:35:15.191,1.19351,1.19357,1.50,1.12
2014.12.19 11:35:16.459,1.19352,1.19357,1.50,1.12
2014.12.19 11:35:16.661,1.19357,1.19359,1.00,1.87
2014.12.19 11:35:16.964,1.19361,1.19366,1.00,2.62
2014.12.19 11:35:17.469,1.19361,1.19366,1.00,1.00
2014.12.19 11:35:18.707,1.19362,1.19366,1.00,1.00
2014.12.19 11:35:21.357,1.19363,1.19366,1.00,1.00
2014.12.19 11:35:21.509,1.19364,1.19368,1.00,1.57
2014.12.19 11:35:22.028,1.19363,1.19368,1.50,1.10
2014.12.19 11:35:22.874,1.19372,1.19377,1.01,1.10
2014.12.19 11:35:23.026,1.19372,1.19379,2.51,1.76
2014.12.19 11:35:23.177,1.19374,1.19379,1.00,1.00
2014.12.19 11:35:23.481,1.19369,1.19375,1.75,4.50
2014.12.19 11:35:23.532,1.19367,1.19373,1.50,1.50
2014.12.19 11:35:23.633,1.19366,1.19373,1.12,2.44
2014.12.19 11:35:24.137,1.19366,1.19372,1.10,1.00
2014.12.19 11:35:24.643,1.19366,1.19372,1.00,1.12
2014.12.19 11:35:26.079,1.19365,1.1937,1.57,1.00
2014.12.19 11:35:26.786,1.19364,1.1937,1.10,2.32
2014.12.19 11:35:31.067,1.19364,1.19369,1.10,1.00
2014.12.19 11:35:32.294,1.19364,1.1937,1.10,1.57
2014.12.19 11:35:32.809,1.19364,1.19369,1.10,1.00
2014.12.19 11:35:34.768,1.19364,1.19369,1.12,1.00
2014.12.19 11:35:37.510,1.19363,1.19367,2.25,1.00
2014.12.19 11:35:38.040,1.19362,1.19368,1.50,1.50
2014.12.19 11:35:38.801,1.19363,1.19369,2.62,1.50
2014.12.19 11:35:39.105,1.19365,1.19371,1.10,1.76
2014.12.19 11:35:39.307,1.1937,1.19372,1.00,2.32
2014.12.19 11:35:39.510,1.19371,1.19375,1.01,1.00
2014.12.19 11:35:39.611,1.19373,1.19375,1.10,1.00
2014.12.19 11:35:39.763,1.19373,1.19379,1.12,3.00
2014.12.19 11:35:40.268,1.19375,1.19379,1.00,1.50
2014.12.19 11:35:41.646,1.19374,1.19379,1.10,1.00
2014.12.19 11:35:43.589,1.19376,1.1938,1.50,1.00
2014.12.19 11:35:43.792,1.19379,1.19384,1.00,1.50
2014.12.19 11:35:44.298,1.19379,1.19385,1.57,1.50
2014.12.19 11:35:44.814,1.19379,1.19384,1.10,1.00
2014.12.19 11:35:46.294,1.1938,1.19384,1.00,1.00
2014.12.19 11:35:46.396,1.19383,1.19384,1.00,1.00
2014.12.19 11:35:46.648,1.19386,1.19391,1.01,2.25
2014.12.19 11:35:47.154,1.19387,1.19392,1.00,1.10
2014.12.19 11:35:47.659,1.19388,1.19393,1.00,3.00
2014.12.19 11:35:48.206,1.19388,1.19392,1.00,1.00
2014.12.19 11:35:48.610,1.19387,1.1939,1.10,1.00
2014.12.19 11:35:48.711,1.19387,1.19392,1.10,1.00
2014.12.19 11:35:49.216,1.19387,1.19391,1.10,1.00
2014.12.19 11:35:49.418,1.19386,1.19389,1.12,1.00
2014.12.19 11:35:49.722,1.19381,1.19385,1.00,1.10
2014.12.19 11:35:50.177,1.19378,1.19382,1.50,1.00
2014.12.19 11:35:50.682,1.19377,1.19382,1.50,1.00
2014.12.19 11:35:51.187,1.19377,1.19382,1.75,1.00
2014.12.19 11:35:54.267,1.19377,1.1938,1.50,1.00
2014.12.19 11:35:56.769,1.19377,1.19382,1.50,1.00
2014.12.19 11:35:58.206,1.19377,1.19382,1.75,1.00
2014.12.19 11:35:58.365,1.19377,1.19384,3.00,1.50
2014.12.19 11:35:58.567,1.19379,1.19386,1.87,3.07
2014.12.19 11:35:58.718,1.19381,1.19386,1.12,1.00
2014.12.19 11:35:59.021,1.19381,1.19386,1.75,1.00
2014.12.19 11:35:59.553,1.19381,1.19387,2.25,1.00
2014.12.19 11:36:00.068,1.19381,1.19386,1.50,1.00
2014.12.19 11:36:00.371,1.19381,1.19386,1.10,1.00
2014.12.19 11:36:01.296,1.19379,1.19384,1.50,1.00
2014.12.19 11:36:03.003,1.19378,1.19382,1.75,1.00
2014.12.19 11:36:03.255,1.19377,1.19381,1.50,1.00
2014.12.19 11:36:03.759,1.19376,1.19382,2.00,1.50
2014.12.19 11:36:13.967,1.19376,1.19379,1.67,1.50
2014.12.19 11:36:14.018,1.19376,1.19378,1.00,1.00
2014.12.19 11:36:14.069,1.19372,1.19376,1.12,1.00
2014.12.19 11:36:14.119,1.19371,1.19374,1.12,1.00
2014.12.19 11:36:14.271,1.19368,1.19372,1.00,1.10
2014.12.19 11:36:14.322,1.19365,1.19371,1.87,1.50
2014.12.19 11:36:14.777,1.19365,1.19371,1.50,2.25
2014.12.19 11:36:18.917,1.19365,1.19368,1.69,1.00
2014.12.19 11:36:19.571,1.19365,1.19369,1.69,1.10
2014.12.19 11:36:20.328,1.19366,1.19369,1.00,1.10
2014.12.19 11:36:20.832,1.19366,1.19368,1.00,1.00
2014.12.19 11:36:21.387,1.19367,1.19368,1.00,1.00
2014.12.19 11:36:21.640,1.19367,1.19373,2.44,1.50
2014.12.19 11:36:21.842,1.19368,1.19374,2.44,1.50
2014.12.19 11:36:22.357,1.19369,1.19375,1.31,1.10
2014.12.19 11:36:22.862,1.1937,1.19375,1.12,1.00
2014.12.19 11:36:24.123,1.1937,1.19376,1.31,1.57
2014.12.19 11:36:24.678,1.19371,1.19376,2.44,1.00
2014.12.19 11:36:27.314,1.19371,1.19373,1.50,1.00
2014.12.19 11:36:27.466,1.19367,1.19373,1.10,2.44
2014.12.19 11:36:27.516,1.19369,1.19372,1.00,1.12
2014.12.19 11:36:27.618,1.19371,1.19374,1.10,1.50
2014.12.19 11:36:27.720,1.19369,1.19376,3.94,2.25
2014.12.19 11:36:27.771,1.1937,1.19376,1.75,2.25
2014.12.19 11:36:28.075,1.19371,1.19379,2.00,3.00
2014.12.19 11:36:28.580,1.19371,1.19379,2.00,3.00
2014.12.19 11:36:29.126,1.19373,1.19378,1.75,1.00
2014.12.19 11:36:30.004,1.19371,1.19375,1.75,1.50
2014.12.19 11:36:30.206,1.19371,1.19376,1.75,1.50
2014.12.19 11:36:30.710,1.19371,1.19377,2.25,1.50
2014.12.19 11:36:31.215,1.19371,1.19377,2.25,1.00
2014.12.19 11:36:39.312,1.19371,1.19377,2.25,1.00
2014.12.19 11:36:45.265,1.1937,1.19376,1.75,1.00
2014.12.19 11:36:45.618,1.1937,1.19376,1.75,1.00
2014.12.19 11:36:47.136,1.19369,1.19374,1.75,1.69
2014.12.19 11:36:47.439,1.19363,1.1937,1.75,2.44
2014.12.19 11:36:47.591,1.19362,1.19368,1.75,1.00
2014.12.19 11:36:48.119,1.19361,1.19368,2.00,1.50
2014.12.19 11:36:51.618,1.19361,1.19367,1.75,1.00
2014.12.19 11:36:53.741,1.19361,1.19368,1.75,2.44
2014.12.19 11:36:53.893,1.1936,1.19366,1.75,1.00
2014.12.19 11:36:54.610,1.1936,1.19366,2.44,1.00
2014.12.19 11:36:58.693,1.19364,1.19368,1.69,1.00
2014.12.19 11:36:58.795,1.19366,1.19371,2.00,1.00
2014.12.19 11:36:58.896,1.19366,1.19371,1.31,1.00
2014.12.19 11:36:59.401,1.19364,1.19371,2.44,1.50
2014.12.19 11:36:59.502,1.19364,1.19369,2.00,1.00
2014.12.19 11:37:00.009,1.19363,1.19369,1.94,1.00
2014.12.19 11:37:01.862,1.19363,1.19369,1.75,1.00
2014.12.19 11:37:02.372,1.19363,1.19368,1.50,1.00
2014.12.19 11:37:03.173,1.19363,1.19369,1.50,2.25
2014.12.19 11:37:03.678,1.19363,1.19368,1.50,1.00
2014.12.19 11:37:04.893,1.19363,1.19369,1.50,2.25
2014.12.19 11:37:06.004,1.19362,1.19368,2.25,1.00
2014.12.19 11:37:07.572,1.19362,1.19369,2.25,1.50
2014.12.19 11:37:08.554,1.19362,1.19368,2.44,1.50
2014.12.19 11:37:08.857,1.19359,1.19365,5.44,1.00
2014.12.19 11:37:09.008,1.19359,1.19365,3.19,1.00
2014.12.19 11:37:09.362,1.19359,1.19363,1.75,1.00
2014.12.19 11:37:09.564,1.19352,1.19359,2.25,1.50
2014.12.19 11:37:09.614,1.1935,1.19356,1.75,1.00
2014.12.19 11:37:09.816,1.1935,1.19356,1.50,1.57
2014.12.19 11:37:09.917,1.1935,1.19356,2.25,1.50
2014.12.19 11:37:10.019,1.1935,1.19356,1.50,1.50
2014.12.19 11:37:10.524,1.1935,1.19355,1.50,1.00
2014.12.19 11:37:11.079,1.19352,1.19355,1.00,1.00
2014.12.19 11:37:12.938,1.19353,1.19355,1.00,1.25
2014.12.19 11:37:13.472,1.19353,1.19356,1.00,1.69
2014.12.19 11:37:14.613,1.19357,1.19359,1.00,1.67
2014.12.19 11:37:14.765,1.19357,1.19364,3.00,2.32
2014.12.19 11:37:14.967,1.19359,1.19364,1.75,1.50
2014.12.19 11:37:15.471,1.1936,1.19365,1.50,1.00
2014.12.19 11:37:15.975,1.19359,1.19365,2.25,1.00
2014.12.19 11:37:22.242,1.19359,1.19365,1.75,1.00
2014.12.19 11:37:22.988,1.1936,1.19365,1.75,1.00
2014.12.19 11:37:26.321,1.1936,1.19366,2.25,1.00
2014.12.19 11:37:27.077,1.19362,1.19366,1.50,1.00
2014.12.19 11:37:33.782,1.19361,1.19366,1.50,1.00
2014.12.19 11:37:42.765,1.19361,1.19365,1.75,1.00
2014.12.19 11:37:43.068,1.19349,1.19352,1.50,1.00
2014.12.19 11:37:43.169,1.19347,1.19351,1.75,1.50
2014.12.19 11:37:43.422,1.19347,1.19353,1.00,2.25
2014.12.19 11:37:43.473,1.19347,1.19353,1.50,1.50
2014.12.19 11:37:43.978,1.19348,1.19355,1.87,3.37
2014.12.19 11:37:45.014,1.19349,1.19355,1.12,1.57
2014.12.19 11:37:47.848,1.19352,1.19355,1.00,1.10
2014.12.19 11:37:48.354,1.19351,1.19355,2.00,1.00
2014.12.19 11:37:51.164,1.1935,1.19355,2.81,1.00
2014.12.19 11:37:52.451,1.19352,1.19355,1.00,1.00
2014.12.19 11:37:52.956,1.1935,1.19355,2.06,1.00
2014.12.19 11:37:53.481,1.19352,1.19355,1.00,1.00
2014.12.19 11:38:01.002,1.1935,1.19355,3.26,1.00
2014.12.19 11:38:01.355,1.19352,1.19355,1.00,1.00
2014.12.19 11:38:01.911,1.1935,1.19355,1.76,1.00
2014.12.19 11:38:02.572,1.19352,1.19355,1.00,1.00
2014.12.19 11:38:03.076,1.19353,1.19356,1.00,1.00
2014.12.19 11:38:03.127,1.19351,1.19356,1.00,1.00
2014.12.19 11:38:03.632,1.19352,1.19356,1.00,1.00
2014.12.19 11:38:04.152,1.19353,1.19356,1.00,1.00
2014.12.19 11:38:04.656,1.19352,1.19356,1.00,1.00
2014.12.19 11:38:06.835,1.19353,1.19356,1.00,1.00
2014.12.19 11:38:10.576,1.19352,1.19356,1.00,1.00
2014.12.19 11:38:11.144,1.19351,1.19356,1.00,1.00
2014.12.19 11:38:11.650,1.1935,1.19356,3.26,1.50
2014.12.19 11:38:12.155,1.19351,1.19355,1.00,1.00
2014.12.19 11:38:12.660,1.19352,1.19355,1.00,1.00
2014.12.19 11:38:14.778,1.19352,1.19356,1.00,1.50
2014.12.19 11:38:18.287,1.19351,1.19356,1.00,1.00
2014.12.19 11:38:18.802,1.19352,1.19356,1.00,1.50
2014.12.19 11:38:19.408,1.19351,1.19356,1.00,2.25
2014.12.19 11:38:19.912,1.19352,1.19355,1.00,1.00
2014.12.19 11:38:20.416,1.19352,1.19356,1.00,2.25
2014.12.19 11:38:20.921,1.19351,1.19356,1.00,2.25
2014.12.19 11:38:21.426,1.19352,1.19356,1.00,2.25
2014.12.19 11:38:22.911,1.19351,1.19356,1.00,2.32
2014.12.19 11:38:23.416,1.19352,1.19356,1.00,2.32
2014.12.19 11:38:24.330,1.19353,1.19356,1.00,2.25
2014.12.19 11:38:25.564,1.19354,1.19356,1.00,1.00
2014.12.19 11:38:25.665,1.19352,1.19356,1.50,1.00
2014.12.19 11:38:26.170,1.1935,1.19356,4.31,1.00
2014.12.19 11:38:26.674,1.19351,1.19355,1.00,1.00
2014.12.19 11:38:27.197,1.19352,1.19356,1.00,1.10
2014.12.19 11:38:31.220,1.19352,1.19355,1.00,1.00
2014.12.19 11:38:31.842,1.19352,1.19356,1.50,1.10
2014.12.19 11:38:32.347,1.19353,1.19358,1.50,1.29
2014.12.19 11:38:32.852,1.19354,1.1936,3.19,1.75
2014.12.19 11:38:32.953,1.19357,1.1936,1.25,1.00
2014.12.19 11:38:33.004,1.19359,1.19364,1.25,1.50
2014.12.19 11:38:33.055,1.1936,1.19364,1.00,1.10
2014.12.19 11:38:33.560,1.1936,1.19365,1.10,1.00
2014.12.19 11:38:33.813,1.19362,1.19367,1.00,1.10
2014.12.19 11:38:34.318,1.19362,1.19368,2.62,1.00
2014.12.19 11:38:34.823,1.19364,1.19368,1.57,1.00
2014.12.19 11:38:36.691,1.19364,1.19368,1.87,1.00
2014.12.19 11:38:37.297,1.19364,1.19365,1.80,1.00
2014.12.19 11:38:37.448,1.1936,1.19365,1.10,1.00
2014.12.19 11:38:37.903,1.19362,1.19366,1.00,1.57
2014.12.19 11:38:43.382,1.19363,1.19366,1.00,1.00
2014.12.19 11:38:43.433,1.19363,1.19368,1.00,1.00
2014.12.19 11:38:43.936,1.19364,1.19368,1.00,1.00
2014.12.19 11:38:47.123,1.19363,1.19368,1.00,1.00
2014.12.19 11:38:47.627,1.19363,1.19369,2.25,1.57
2014.12.19 11:38:48.131,1.19363,1.19368,2.25,1.00
2014.12.19 11:38:48.645,1.19364,1.19369,1.00,1.57
2014.12.19 11:38:49.150,1.19365,1.19369,1.00,1.00
2014.12.19 11:38:51.165,1.19364,1.19368,1.00,1.00
2014.12.19 11:38:51.670,1.19363,1.19368,2.32,1.00
2014.12.19 11:38:52.182,1.19363,1.19369,2.32,1.69
2014.12.19 11:38:52.858,1.19363,1.19368,3.07,1.00
2014.12.19 11:38:53.374,1.19366,1.19369,1.00,1.69
2014.12.19 11:38:53.475,1.19364,1.19369,1.00,1.50
2014.12.19 11:38:53.981,1.19365,1.1937,2.25,1.10
2014.12.19 11:38:57.905,1.19366,1.1937,1.00,1.00
2014.12.19 11:38:59.218,1.19365,1.1937,1.57,1.00
2014.12.19 11:39:00.147,1.19365,1.1937,1.00,1.50
2014.12.19 11:39:01.091,1.19364,1.19369,1.00,1.87
2014.12.19 11:39:01.638,1.19364,1.19369,1.00,1.57
2014.12.19 11:39:03.507,1.19363,1.19367,1.10,1.00
2014.12.19 11:39:03.710,1.19361,1.19366,3.07,1.50
2014.12.19 11:39:04.317,1.19361,1.19367,2.32,1.10
2014.12.19 11:39:04.922,1.19362,1.19367,1.00,1.10
2014.12.19 11:39:06.338,1.19361,1.19367,4.01,1.10
2014.12.19 11:39:06.882,1.19362,1.19367,1.00,1.10
2014.12.19 11:39:07.387,1.19363,1.19368,1.50,2.32
2014.12.19 11:39:07.893,1.19364,1.19368,1.00,1.10
2014.12.19 11:39:08.418,1.19364,1.19369,1.00,1.00
2014.12.19 11:39:09.132,1.19363,1.19369,2.51,1.00
2014.12.19 11:39:10.192,1.19364,1.19369,1.00,2.25
2014.12.19 11:39:10.999,1.19363,1.19369,2.32,2.44
2014.12.19 11:39:11.554,1.19363,1.19368,2.32,1.00
2014.12.19 11:39:12.315,1.19365,1.19368,1.00,1.57
2014.12.19 11:39:12.769,1.19363,1.19367,1.00,1.50
2014.12.19 11:39:13.273,1.19362,1.19367,3.07,1.50
2014.12.19 11:39:17.351,1.19363,1.19367,1.00,1.00
2014.12.19 11:39:18.115,1.19362,1.19367,3.82,1.00
2014.12.19 11:39:20.748,1.19363,1.19367,1.00,1.00
2014.12.19 11:39:22.867,1.19364,1.19367,1.00,1.00
2014.12.19 11:39:23.409,1.19363,1.19367,1.00,1.00
2014.12.19 11:39:27.081,1.19363,1.19368,1.00,2.32
2014.12.19 11:39:28.161,1.19364,1.19368,1.00,2.32
2014.12.19 11:39:36.860,1.19363,1.19368,1.76,1.50
2014.12.19 11:39:36.910,1.19369,1.1937,1.00,4.05
2014.12.19 11:39:37.062,1.19369,1.19371,1.00,1.00
2014.12.19 11:39:37.315,1.19367,1.19371,1.50,1.10
2014.12.19 11:39:39.446,1.19367,1.1937,1.00,1.00
2014.12.19 11:39:39.597,1.19365,1.1937,1.10,1.00
2014.12.19 11:39:39.698,1.19363,1.19369,3.07,1.50
2014.12.19 11:39:40.203,1.19363,1.19368,1.57,1.00
2014.12.19 11:39:41.262,1.19364,1.19368,1.00,1.00
2014.12.19 11:39:41.763,1.19363,1.19369,1.57,2.25
2014.12.19 11:39:42.268,1.19363,1.19367,1.50,1.00
2014.12.19 11:39:43.893,1.19363,1.19368,1.00,1.10
2014.12.19 11:39:47.292,1.19363,1.19367,1.10,1.00
2014.12.19 11:39:47.746,1.19362,1.19365,1.10,1.00
2014.12.19 11:39:47.847,1.19358,1.19362,1.00,2.25
2014.12.19 11:39:47.898,1.19357,1.19359,1.00,1.25
2014.12.19 11:39:47.999,1.19354,1.19359,1.10,1.69
2014.12.19 11:39:48.100,1.19354,1.19357,1.37,1.00
2014.12.19 11:39:48.201,1.19354,1.19357,1.10,1.00
2014.12.19 11:39:48.957,1.19353,1.19357,1.00,1.00
2014.12.19 11:39:50.202,1.19352,1.19357,3.26,1.00
2014.12.19 11:39:50.303,1.19354,1.19357,1.00,1.00
2014.12.19 11:39:50.808,1.19354,1.19358,1.50,1.00
2014.12.19 11:39:53.002,1.19354,1.19356,1.00,1.00
2014.12.19 11:39:53.154,1.19352,1.19356,1.00,2.25
2014.12.19 11:39:53.809,1.19351,1.19356,2.32,1.50
2014.12.19 11:39:54.474,1.19352,1.19356,1.00,1.00
2014.12.19 11:39:54.992,1.19352,1.19357,1.00,1.10
2014.12.19 11:39:58.665,1.19352,1.19356,1.50,1.00
2014.12.19 11:40:02.123,1.19352,1.19355,1.00,1.00
2014.12.19 11:40:02.174,1.1935,1.19354,1.00,1.00
2014.12.19 11:40:02.276,1.19348,1.19352,1.10,1.00
2014.12.19 11:40:02.529,1.19346,1.19351,2.44,1.50
2014.12.19 11:40:02.631,1.19346,1.19349,1.50,1.00
2014.12.19 11:40:09.198,1.19344,1.19349,1.10,1.50
2014.12.19 11:40:09.702,1.19344,1.19348,1.00,1.50
2014.12.19 11:40:11.620,1.19342,1.19347,1.57,1.00
2014.12.19 11:40:12.820,1.19342,1.19344,1.00,1.00
2014.12.19 11:40:12.922,1.19338,1.19343,1.87,1.00
2014.12.19 11:40:13.074,1.19338,1.19343,1.00,3.00
2014.12.19 11:40:13.124,1.19336,1.19338,2.62,1.00
2014.12.19 11:40:13.226,1.19332,1.19337,1.50,1.00
2014.12.19 11:40:13.277,1.19332,1.19337,1.10,1.00
2014.12.19 11:40:13.781,1.19332,1.19336,1.00,1.00
2014.12.19 11:40:14.236,1.19334,1.19336,1.00,1.10
2014.12.19 11:40:14.286,1.19334,1.19338,1.00,1.10
2014.12.19 11:40:14.818,1.19334,1.19339,1.50,1.50
2014.12.19 11:40:18.931,1.19334,1.1934,1.50,1.57
2014.12.19 11:40:22.304,1.19334,1.19339,1.00,1.00
2014.12.19 11:40:22.406,1.19331,1.19334,1.12,1.00
2014.12.19 11:40:22.608,1.19325,1.19331,3.56,1.00
2014.12.19 11:40:22.810,1.19325,1.19329,1.12,1.00
2014.12.19 11:40:23.315,1.19322,1.19328,1.69,1.50
2014.12.19 11:40:23.416,1.19322,1.19327,1.87,1.00
2014.12.19 11:40:23.921,1.19322,1.19328,1.00,1.57
2014.12.19 11:40:24.426,1.19322,1.19327,1.50,1.00
2014.12.19 11:40:24.477,1.19324,1.19327,1.00,1.00
2014.12.19 11:40:24.981,1.19324,1.19329,1.00,2.62
2014.12.19 11:40:27.009,1.19322,1.19328,1.00,1.57
2014.12.19 11:40:27.539,1.19323,1.19328,1.00,2.32
2014.12.19 11:40:28.364,1.19323,1.19327,1.00,1.50
2014.12.19 11:40:28.415,1.19319,1.19323,2.25,1.00
2014.12.19 11:40:28.466,1.19319,1.19323,2.25,1.00
2014.12.19 11:40:28.568,1.19319,1.19325,2.25,1.69
2014.12.19 11:40:29.073,1.19319,1.19324,2.32,1.00
2014.12.19 11:40:29.682,1.1932,1.19324,1.50,1.00
2014.12.19 11:40:30.236,1.1932,1.19325,1.50,2.25
2014.12.19 11:40:31.258,1.19321,1.19325,1.50,1.50
2014.12.19 11:40:31.410,1.19323,1.19325,1.00,1.00
2014.12.19 11:40:31.461,1.19323,1.19327,1.00,1.10
2014.12.19 11:40:35.154,1.19321,1.19327,1.00,1.57
2014.12.19 11:40:36.517,1.19323,1.19328,1.00,1.10
2014.12.19 11:40:39.273,1.19328,1.19329,1.00,1.05
2014.12.19 11:40:39.475,1.19331,1.19333,1.00,1.00
2014.12.19 11:40:39.576,1.19331,1.19336,1.00,1.87
2014.12.19 11:40:39.880,1.19331,1.19337,1.57,1.50
2014.12.19 11:40:40.082,1.19333,1.19337,1.00,1.00
2014.12.19 11:40:41.633,1.19333,1.19338,1.00,1.00
2014.12.19 11:40:41.986,1.19335,1.19338,1.00,1.00
2014.12.19 11:40:43.351,1.19335,1.19339,1.00,1.00
2014.12.19 11:40:52.168,1.19335,1.19338,1.00,1.19
2014.12.19 11:40:52.269,1.19331,1.19334,1.87,2.25
2014.12.19 11:40:52.320,1.19331,1.19332,1.00,1.00
2014.12.19 11:40:52.684,1.1933,1.19335,1.12,1.00
2014.12.19 11:40:52.735,1.19333,1.19336,1.00,1.50
2014.12.19 11:40:52.937,1.19333,1.19339,1.50,1.10
2014.12.19 11:40:53.038,1.19336,1.1934,1.00,1.12
2014.12.19 11:40:53.544,1.19336,1.1934,1.00,1.10
2014.12.19 11:40:54.515,1.19336,1.19342,1.50,1.87
2014.12.19 11:40:54.819,1.19342,1.19346,2.44,1.00
2014.12.19 11:40:55.072,1.1934,1.19344,1.00,1.00
2014.12.19 11:40:55.224,1.19338,1.19343,1.10,1.00
2014.12.19 11:40:55.980,1.19338,1.19344,1.57,1.10
2014.12.19 11:40:56.031,1.19342,1.19344,1.00,1.10
2014.12.19 11:40:56.234,1.19344,1.19348,1.50,1.10
2014.12.19 11:40:56.436,1.19346,1.19349,1.00,1.00
2014.12.19 11:40:57.708,1.19347,1.19349,1.00,1.00
2014.12.19 11:40:57.859,1.19348,1.19352,1.00,1.12
2014.12.19 11:40:58.062,1.19349,1.19353,1.00,1.00
2014.12.19 11:40:58.164,1.19351,1.19356,1.00,1.10
2014.12.19 11:40:58.821,1.19352,1.19356,1.00,1.10
2014.12.19 11:40:59.326,1.19353,1.19356,1.00,1.10
2014.12.19 11:40:59.830,1.19352,1.19356,1.50,1.10
2014.12.19 11:41:00.337,1.19351,1.19356,1.00,1.10
2014.12.19 11:41:03.583,1.19349,1.19355,2.32,1.00
2014.12.19 11:41:04.088,1.19349,1.19352,1.57,1.00
2014.12.19 11:41:05.200,1.19348,1.19352,1.50,1.00
2014.12.19 11:41:05.502,1.19346,1.1935,1.50,1.00
2014.12.19 11:41:06.418,1.19345,1.1935,1.57,1.00
2014.12.19 11:41:07.755,1.19346,1.1935,1.00,1.50
2014.12.19 11:41:09.188,1.19345,1.1935,1.57,1.00
2014.12.19 11:41:10.712,1.19346,1.19351,1.00,2.25
2014.12.19 11:41:11.387,1.19346,1.1935,1.50,1.00
2014.12.19 11:41:12.293,1.19344,1.19349,1.87,1.00
2014.12.19 11:41:12.798,1.19344,1.19349,1.10,2.25
2014.12.19 11:41:13.259,1.19344,1.19347,1.10,1.00
2014.12.19 11:41:13.562,1.19335,1.19339,1.10,1.50
2014.12.19 11:41:13.664,1.19333,1.19337,2.25,1.00
2014.12.19 11:41:14.168,1.19333,1.19338,1.00,1.00
2014.12.19 11:41:14.673,1.19333,1.19337,1.00,1.00
2014.12.19 11:41:15.077,1.19331,1.19337,1.00,2.32
2014.12.19 11:41:15.583,1.19334,1.19339,1.00,1.37
2014.12.19 11:41:15.634,1.19334,1.1934,1.00,1.87
2014.12.19 11:41:16.145,1.19334,1.1934,1.00,1.10
2014.12.19 11:41:16.297,1.19333,1.19338,1.10,1.00
2014.12.19 11:41:20.909,1.19332,1.19338,2.32,1.00
2014.12.19 11:41:25.538,1.19333,1.19338,1.00,1.00
2014.12.19 11:41:26.053,1.19332,1.19338,2.32,1.00
2014.12.19 11:41:26.562,1.19333,1.19338,1.00,1.00
2014.12.19 11:41:28.448,1.19332,1.19338,2.32,1.00
2014.12.19 11:41:29.065,1.19333,1.19338,1.00,1.00
2014.12.19 11:41:31.195,1.19335,1.19338,1.00,1.00
2014.12.19 11:41:31.448,1.19334,1.1934,2.25,1.10
2014.12.19 11:41:32.239,1.19335,1.1934,1.00,1.10
2014.12.19 11:41:33.009,1.19334,1.1934,2.25,1.57
2014.12.19 11:41:33.527,1.19335,1.1934,1.00,1.10
2014.12.19 11:41:33.577,1.19341,1.19342,1.00,3.75
2014.12.19 11:41:33.678,1.19344,1.19345,1.50,1.00
2014.12.19 11:41:33.779,1.19344,1.19349,1.57,1.00
2014.12.19 11:41:33.880,1.19346,1.19349,1.00,1.00
2014.12.19 11:41:33.931,1.19347,1.19351,1.00,1.00
2014.12.19 11:41:34.435,1.19347,1.19352,1.10,1.00
2014.12.19 11:41:34.940,1.19347,1.19352,1.87,1.00
2014.12.19 11:41:35.470,1.19349,1.19352,1.50,1.00
2014.12.19 11:41:36.535,1.19349,1.19355,2.25,1.57
2014.12.19 11:41:37.192,1.1935,1.19355,1.50,1.57
2014.12.19 11:41:39.400,1.19349,1.19355,1.50,1.57
2014.12.19 11:41:39.603,1.19351,1.19355,1.00,1.10
2014.12.19 11:41:39.754,1.19351,1.19357,1.00,1.57
2014.12.19 11:41:39.856,1.19351,1.19355,1.00,1.00
2014.12.19 11:41:40.360,1.1935,1.19355,1.10,1.00
2014.12.19 11:41:41.227,1.19351,1.19355,1.00,1.00
2014.12.19 11:41:41.278,1.19351,1.19357,1.50,1.57
2014.12.19 11:41:41.379,1.19351,1.19357,1.87,1.50
2014.12.19 11:41:44.995,1.19351,1.19357,1.87,1.50
2014.12.19 11:41:51.346,1.19357,1.19358,1.00,1.00
2014.12.19 11:41:51.497,1.19359,1.19363,1.12,1.00
2014.12.19 11:41:51.599,1.19361,1.19365,2.62,1.00
2014.12.19 11:41:51.751,1.19361,1.19367,3.19,1.00
2014.12.19 11:41:52.354,1.19364,1.19368,1.00,1.00
2014.12.19 11:41:52.859,1.19364,1.19369,1.12,1.00
2014.12.19 11:41:53.368,1.19366,1.1937,1.00,1.00
2014.12.19 11:42:01.118,1.19365,1.1937,1.10,2.25
2014.12.19 11:42:01.526,1.19363,1.19368,2.25,1.00
2014.12.19 11:42:02.040,1.19362,1.19368,3.00,1.00
2014.12.19 11:42:04.384,1.19362,1.19368,3.37,1.50
2014.12.19 11:42:04.944,1.19364,1.19368,1.00,1.00
2014.12.19 11:42:05.525,1.19364,1.19369,1.00,1.10
2014.12.19 11:42:06.141,1.19366,1.1937,1.00,1.10
2014.12.19 11:42:06.647,1.19366,1.19371,1.57,1.00
2014.12.19 11:42:07.829,1.19366,1.1937,1.10,1.00
2014.12.19 11:42:10.652,1.19366,1.1937,1.29,1.00
2014.12.19 11:42:10.955,1.19376,1.19379,1.00,1.00
2014.12.19 11:42:11.258,1.19379,1.19383,1.00,1.00
2014.12.19 11:42:11.661,1.19379,1.19385,1.10,2.32
2014.12.19 11:42:12.177,1.19379,1.19384,1.57,1.50
2014.12.19 11:42:12.682,1.19377,1.19382,1.12,1.00
2014.12.19 11:42:13.582,1.19377,1.19383,1.87,2.25
2014.12.19 11:42:16.672,1.19377,1.19381,1.12,1.00
2014.12.19 11:42:17.179,1.19377,1.19382,2.32,1.00
2014.12.19 11:42:18.150,1.19377,1.19383,2.32,2.32
2014.12.19 11:42:18.907,1.19377,1.19383,1.87,2.25
2014.12.19 11:42:20.015,1.19377,1.19382,1.87,1.00
2014.12.19 11:42:20.519,1.19378,1.19383,1.10,2.25
2014.12.19 11:42:21.082,1.19378,1.19382,1.10,1.00
2014.12.19 11:42:23.486,1.19377,1.19381,1.87,1.00
2014.12.19 11:42:23.991,1.19377,1.1938,1.10,1.00
2014.12.19 11:42:24.344,1.19375,1.19377,1.42,3.75
2014.12.19 11:42:24.496,1.19367,1.19372,1.00,1.01
2014.12.19 11:42:24.597,1.19366,1.19371,1.50,1.69
2014.12.19 11:42:24.698,1.19364,1.1937,1.00,2.81
2014.12.19 11:42:26.283,1.19362,1.19367,1.57,1.00
2014.12.19 11:42:26.788,1.19361,1.19367,2.32,1.10
2014.12.19 11:42:27.516,1.19362,1.19367,1.00,1.10
2014.12.19 11:42:28.020,1.19363,1.19369,1.00,2.25
2014.12.19 11:42:28.575,1.19363,1.19369,1.00,1.87
2014.12.19 11:42:34.461,1.19364,1.19369,1.50,1.12
2014.12.19 11:42:34.664,1.19373,1.19375,1.00,1.10
2014.12.19 11:42:34.765,1.19374,1.19379,1.00,1.12
2014.12.19 11:42:34.816,1.19376,1.19379,1.00,1.00
2014.12.19 11:42:34.968,1.19376,1.19381,1.10,1.00
2014.12.19 11:42:35.472,1.19376,1.19381,1.12,1.00
2014.12.19 11:42:39.451,1.19376,1.19381,1.10,1.00
2014.12.19 11:42:49.361,1.19376,1.19381,2.25,1.00
2014.12.19 11:42:51.406,1.19376,1.19382,2.25,1.50
2014.12.19 11:42:52.680,1.19376,1.19382,3.00,1.50
2014.12.19 11:42:55.022,1.19382,1.19383,1.00,1.50
2014.12.19 11:42:55.124,1.19382,1.19388,1.50,1.50
2014.12.19 11:42:55.174,1.19382,1.19388,2.44,1.50
2014.12.19 11:42:55.428,1.19384,1.19388,1.10,1.00
2014.12.19 11:42:55.731,1.19384,1.19388,1.50,1.00
2014.12.19 11:42:56.085,1.19382,1.19387,1.12,1.00
2014.12.19 11:42:56.237,1.19381,1.19385,1.12,1.00
2014.12.19 11:42:56.439,1.19382,1.19387,1.57,1.00
2014.12.19 11:42:56.489,1.19382,1.19387,2.25,1.00
2014.12.19 11:42:56.997,1.19384,1.19388,1.10,1.00
2014.12.19 11:42:57.312,1.19385,1.19388,1.12,1.00
2014.12.19 11:42:57.920,1.19385,1.19388,1.50,1.00
2014.12.19 11:42:59.153,1.19386,1.1939,1.87,1.50
2014.12.19 11:42:59.405,1.19389,1.1939,1.00,1.00
2014.12.19 11:42:59.456,1.19389,1.19393,1.50,1.50
2014.12.19 11:42:59.708,1.19389,1.19395,1.57,1.57
2014.12.19 11:43:00.227,1.1939,1.19395,1.00,1.57
2014.12.19 11:43:00.582,1.19391,1.19396,2.62,1.00
2014.12.19 11:43:01.137,1.19393,1.19396,1.00,1.00
2014.12.19 11:43:02.307,1.19393,1.19397,1.50,1.50
2014.12.19 11:43:07.379,1.19391,1.19397,2.06,1.50
2014.12.19 11:43:08.564,1.19393,1.19397,1.00,1.50
2014.12.19 11:43:11.251,1.19391,1.19397,1.12,1.50
2014.12.19 11:43:12.525,1.19389,1.19393,2.25,1.00
2014.12.19 11:43:12.626,1.19386,1.1939,1.10,1.00
2014.12.19 11:43:13.030,1.19386,1.19392,4.69,1.10
2014.12.19 11:43:13.386,1.19388,1.19394,1.76,1.57
2014.12.19 11:43:13.791,1.1939,1.19396,1.00,2.62
2014.12.19 11:43:18.176,1.1939,1.19393,1.00,1.00
2014.12.19 11:43:18.277,1.19387,1.19391,2.32,1.00
2014.12.19 11:43:18.782,1.19386,1.19391,2.51,1.50
2014.12.19 11:43:19.388,1.19387,1.19391,1.00,1.00
2014.12.19 11:43:22.370,1.19388,1.19391,1.00,1.00
2014.12.19 11:43:23.430,1.19389,1.19391,1.00,1.00
2014.12.19 11:43:23.532,1.19389,1.19394,1.50,1.87
2014.12.19 11:43:24.036,1.1939,1.19396,1.50,3.00
2014.12.19 11:43:25.007,1.1939,1.19396,1.50,2.62
2014.12.19 11:43:39.310,1.19389,1.1939,1.10,1.00
2014.12.19 11:43:39.411,1.19386,1.19391,3.00,1.00
2014.12.19 11:43:39.462,1.19385,1.19389,1.75,1.00
2014.12.19 11:43:39.513,1.19383,1.19387,1.50,1.00
2014.12.19 11:43:39.615,1.19382,1.19387,1.12,1.50
2014.12.19 11:43:39.817,1.19381,1.19385,1.50,1.50
2014.12.19 11:43:39.969,1.1938,1.19385,1.10,1.25
2014.12.19 11:43:41.855,1.19378,1.19383,2.06,1.00
2014.12.19 11:43:45.458,1.19379,1.19383,2.06,1.00
2014.12.19 11:43:45.660,1.1938,1.19386,1.57,2.32
2014.12.19 11:43:49.551,1.1938,1.19385,1.57,1.00
2014.12.19 11:43:50.431,1.19384,1.19386,1.00,1.57
2014.12.19 11:43:50.684,1.19386,1.19391,1.00,1.12
2014.12.19 11:43:50.938,1.19383,1.19387,1.50,1.00
2014.12.19 11:43:51.089,1.19381,1.19387,2.25,1.00
2014.12.19 11:43:51.190,1.19381,1.19386,1.10,1.00
2014.12.19 11:43:51.696,1.19379,1.19385,2.25,1.00
2014.12.19 11:43:51.949,1.19379,1.19385,1.57,1.12
2014.12.19 11:43:52.454,1.19377,1.19383,2.25,1.00
2014.12.19 11:43:52.958,1.19377,1.19383,1.87,1.10
2014.12.19 11:44:01.886,1.19382,1.19383,1.00,1.10
2014.12.19 11:44:02.088,1.19382,1.19387,1.57,1.57
2014.12.19 11:44:02.491,1.1938,1.19385,1.12,1.00
2014.12.19 11:44:02.794,1.19379,1.19383,1.12,1.00
2014.12.19 11:44:03.299,1.19379,1.19383,1.10,1.00
2014.12.19 11:44:04.146,1.19379,1.19383,1.12,1.00
2014.12.19 11:44:05.357,1.19379,1.19383,1.10,1.00
2014.12.19 11:44:08.030,1.19377,1.19383,1.57,1.87
2014.12.19 11:44:12.074,1.19382,1.19385,1.00,2.17
2014.12.19 11:44:12.176,1.1938,1.19386,1.00,3.75
2014.12.19 11:44:12.277,1.19378,1.19384,1.50,1.50
2014.12.19 11:44:18.585,1.19382,1.19384,1.00,1.42
2014.12.19 11:44:18.737,1.1938,1.19386,2.44,2.25
2014.12.19 11:44:18.788,1.1938,1.19386,2.44,1.10
2014.12.19 11:44:19.091,1.1938,1.19384,1.12,1.00
2014.12.19 11:44:19.343,1.19379,1.19384,1.10,1.10
2014.12.19 11:44:19.596,1.19376,1.19382,2.25,1.00
2014.12.19 11:44:51.679,1.19378,1.19384,1.10,1.87
2014.12.19 11:44:56.563,1.19377,1.19382,1.12,1.00
2014.12.19 11:44:57.282,1.19377,1.19382,1.00,1.10
2014.12.19 11:44:58.492,1.19377,1.19382,1.00,1.12
2014.12.19 11:45:00.407,1.19376,1.19382,1.50,1.12
2014.12.19 11:45:00.712,1.19374,1.19375,1.00,1.00
2014.12.19 11:45:00.763,1.19371,1.19374,1.10,1.00
2014.12.19 11:45:00.965,1.19368,1.19372,1.10,1.00
2014.12.19 11:45:01.468,1.19366,1.1937,1.00,1.00
2014.12.19 11:45:02.187,1.19364,1.1937,1.87,1.00
2014.12.19 11:45:05.745,1.19366,1.1937,1.00,1.00
2014.12.19 11:45:06.887,1.19366,1.19371,1.50,1.10
2014.12.19 11:45:07.391,1.19366,1.19372,1.87,1.10
2014.12.19 11:45:08.216,1.19368,1.19373,2.44,2.62
2014.12.19 11:45:08.520,1.19377,1.19383,1.19,3.00
2014.12.19 11:45:08.621,1.19377,1.19383,2.44,1.00
2014.12.19 11:45:09.125,1.19379,1.19384,1.10,1.10
2014.12.19 11:45:09.377,1.19377,1.19382,1.69,1.00
2014.12.19 11:45:09.909,1.19377,1.19382,1.31,1.00
2014.12.19 11:45:19.618,1.19378,1.19384,1.10,1.87
2014.12.19 11:45:23.125,1.19381,1.19384,1.00,1.12
2014.12.19 11:45:23.429,1.19385,1.19389,1.69,1.10
2014.12.19 11:45:23.681,1.19386,1.19391,1.76,1.57
2014.12.19 11:45:24.184,1.19387,1.19391,1.00,1.57
2014.12.19 11:45:24.994,1.19386,1.19391,1.10,1.10
2014.12.19 11:45:25.498,1.19385,1.1939,2.44,1.00
2014.12.19 11:45:26.632,1.19384,1.19389,1.75,1.00
2014.12.19 11:45:26.784,1.19381,1.19386,2.44,1.00
2014.12.19 11:45:27.087,1.1938,1.19384,1.50,1.00
2014.12.19 11:45:27.239,1.19378,1.19382,1.31,1.00
2014.12.19 11:45:27.745,1.19377,1.19382,1.31,1.00
2014.12.19 11:45:29.471,1.19379,1.19383,1.19,1.10
2014.12.19 11:45:29.673,1.19383,1.19387,1.00,1.10
2014.12.19 11:45:29.876,1.19385,1.1939,1.10,1.57
2014.12.19 11:45:30.430,1.19386,1.19391,1.00,3.75
2014.12.19 11:45:31.338,1.19385,1.1939,2.51,1.57
2014.12.19 11:45:33.661,1.19385,1.1939,1.76,1.57
2014.12.19 11:45:34.829,1.19386,1.19391,1.01,3.82
2014.12.19 11:45:36.376,1.19386,1.1939,1.01,1.00
2014.12.19 11:45:38.353,1.19386,1.19391,1.01,3.82
2014.12.19 11:45:38.958,1.19385,1.1939,2.44,1.00
2014.12.19 11:45:40.666,1.19385,1.19389,2.44,1.00
2014.12.19 11:45:41.171,1.19386,1.1939,1.01,1.50
2014.12.19 11:45:41.880,1.19385,1.19386,1.42,1.00
2014.12.19 11:45:42.082,1.19379,1.19384,2.25,1.00
2014.12.19 11:45:42.183,1.19379,1.19384,1.10,1.00
2014.12.19 11:45:42.435,1.19376,1.19381,2.00,1.00
2014.12.19 11:45:42.940,1.19376,1.19381,1.69,1.00
2014.12.19 11:45:45.936,1.19382,1.19384,1.00,4.57
2014.12.19 11:45:45.987,1.19382,1.19384,1.00,1.57
2014.12.19 11:45:46.138,1.19382,1.19387,2.44,2.25
2014.12.19 11:45:46.491,1.19381,1.19387,1.10,1.87
2014.12.19 11:45:47.026,1.19379,1.19385,3.19,1.00
2014.12.19 11:45:47.637,1.19381,1.19386,1.10,1.57
2014.12.19 11:45:48.813,1.19381,1.19386,1.29,1.10
2014.12.19 11:45:48.864,1.19384,1.19388,1.00,2.25
2014.12.19 11:45:49.015,1.19385,1.19389,1.69,1.12
2014.12.19 11:45:49.217,1.19385,1.1939,2.51,1.57
2014.12.19 11:45:50.000,1.19385,1.1939,2.51,1.10
2014.12.19 11:45:52.039,1.19385,1.1939,2.51,1.00
2014.12.19 11:45:52.932,1.19386,1.19391,1.50,1.57
2014.12.19 11:45:55.960,1.19388,1.19391,1.00,1.50
2014.12.19 11:45:56.163,1.1939,1.19394,1.00,1.10
2014.12.19 11:45:56.467,1.19391,1.19396,1.00,1.57
2014.12.19 11:45:57.072,1.19392,1.19397,1.00,1.50
2014.12.19 11:45:58.296,1.19392,1.19397,1.00,1.12
2014.12.19 11:46:02.622,1.1939,1.19396,1.69,1.57
2014.12.19 11:46:03.553,1.1939,1.19395,1.25,1.00
2014.12.19 11:46:09.702,1.19391,1.19396,1.00,1.57
2014.12.19 11:46:12.464,1.19392,1.19398,1.00,4.50
2014.12.19 11:46:13.338,1.19393,1.19398,1.00,3.75
2014.12.19 11:46:13.439,1.19398,1.194,1.00,3.82
2014.12.19 11:46:13.541,1.19399,1.19405,1.25,1.87
2014.12.19 11:46:14.055,1.194,1.19405,1.10,1.00
2014.12.19 11:46:18.473,1.19399,1.19403,2.32,1.00
2014.12.19 11:46:18.884,1.19397,1.19402,1.57,2.25
2014.12.19 11:46:18.934,1.19394,1.19398,1.12,1.00
2014.12.19 11:46:19.035,1.19393,1.19399,1.10,2.25
2014.12.19 11:46:19.238,1.19393,1.19398,1.00,1.12
2014.12.19 11:46:19.742,1.19393,1.19398,1.25,1.00
2014.12.19 11:46:20.248,1.19394,1.19399,1.00,2.32
2014.12.19 11:46:20.613,1.19399,1.194,1.00,1.05
2014.12.19 11:46:20.816,1.194,1.19404,1.00,1.12
2014.12.19 11:46:21.320,1.194,1.19404,1.00,1.00
2014.12.19 11:46:22.437,1.19401,1.19404,1.00,1.00
2014.12.19 11:46:22.488,1.19405,1.19407,1.00,1.12
2014.12.19 11:46:22.589,1.19406,1.19409,1.00,1.12
2014.12.19 11:46:22.691,1.19406,1.19412,2.32,2.25
2014.12.19 11:46:22.893,1.19406,1.19409,1.10,1.00
2014.12.19 11:46:23.399,1.19405,1.19409,1.10,1.00
2014.12.19 11:46:25.630,1.19405,1.19408,1.10,1.00
2014.12.19 11:46:25.933,1.19402,1.19405,1.87,1.00
2014.12.19 11:46:26.477,1.19402,1.19405,1.87,1.00
2014.12.19 11:46:27.513,1.19403,1.19407,1.10,1.50
2014.12.19 11:46:28.018,1.19401,1.19404,3.00,1.00
2014.12.19 11:46:28.169,1.194,1.19402,2.32,1.00
2014.12.19 11:46:28.270,1.194,1.19403,1.87,1.00
2014.12.19 11:46:28.718,1.194,1.19402,1.00,1.00
2014.12.19 11:46:29.172,1.19399,1.19404,1.57,2.25
2014.12.19 11:46:29.690,1.194,1.19404,1.10,1.00
2014.12.19 11:46:31.550,1.19401,1.19404,1.00,1.00
2014.12.19 11:46:32.790,1.19399,1.19404,3.56,1.00
2014.12.19 11:46:40.144,1.194,1.19404,1.62,1.00
2014.12.19 11:46:42.371,1.194,1.19404,3.19,1.00
2014.12.19 11:46:42.573,1.194,1.19404,1.76,3.00
2014.12.19 11:46:42.674,1.19401,1.19404,1.31,1.00
2014.12.19 11:46:42.826,1.19402,1.19408,1.76,2.32
2014.12.19 11:46:43.482,1.19402,1.19407,1.25,1.00
2014.12.19 11:46:43.986,1.19401,1.19406,1.10,1.00
2014.12.19 11:46:59.056,1.194,1.19404,1.25,1.00
2014.12.19 11:46:59.964,1.194,1.19402,1.00,1.00
2014.12.19 11:47:00.772,1.194,1.19404,1.00,1.00
2014.12.19 11:47:00.974,1.19398,1.19403,1.76,1.00
2014.12.19 11:47:01.483,1.19399,1.19402,1.00,1.50
2014.12.19 11:47:11.186,1.19399,1.19404,1.10,1.00
2014.12.19 11:47:11.287,1.19399,1.19404,3.19,1.00
2014.12.19 11:47:11.691,1.19399,1.19406,3.94,1.69
2014.12.19 11:47:12.830,1.194,1.19406,1.87,1.00
2014.12.19 11:47:14.925,1.194,1.19406,1.12,1.00
2014.12.19 11:47:16.620,1.19399,1.19404,2.62,1.00
2014.12.19 11:47:16.772,1.19399,1.19403,1.10,1.00
2014.12.19 11:47:16.873,1.19399,1.19404,1.50,1.00
2014.12.19 11:47:17.438,1.194,1.19404,1.10,1.00
2014.12.19 11:47:23.804,1.19399,1.19406,3.56,1.76
2014.12.19 11:47:30.169,1.19401,1.19406,1.00,1.10
2014.12.19 11:47:32.058,1.194,1.19406,1.76,1.10
2014.12.19 11:47:36.749,1.194,1.19405,1.10,1.00
2014.12.19 11:47:38.051,1.194,1.19406,1.10,1.01
2014.12.19 11:47:42.660,1.194,1.19405,1.10,1.00
2014.12.19 11:47:52.953,1.19399,1.19405,1.25,2.62
2014.12.19 11:47:53.491,1.194,1.19405,1.00,1.87
2014.12.19 11:47:54.033,1.19399,1.19405,1.76,1.10
2014.12.19 11:47:54.894,1.19399,1.19405,1.01,1.57
2014.12.19 11:48:01.675,1.19399,1.19404,1.01,1.00
2014.12.19 11:48:03.284,1.19398,1.19402,2.81,1.00
2014.12.19 11:48:03.799,1.19397,1.19403,3.56,1.50
2014.12.19 11:48:06.360,1.19397,1.194,1.87,1.00
2014.12.19 11:48:06.513,1.19395,1.19398,1.00,1.00
2014.12.19 11:48:06.614,1.19393,1.19397,1.10,1.00
2014.12.19 11:48:06.968,1.19391,1.19396,1.10,1.10
2014.12.19 11:48:08.826,1.19391,1.19396,1.00,2.25
2014.12.19 11:48:10.272,1.1939,1.19395,1.00,1.10
2014.12.19 11:48:10.373,1.19389,1.19393,1.57,1.00
2014.12.19 11:48:15.497,1.19389,1.19395,1.57,3.07
2014.12.19 11:48:16.002,1.1939,1.19394,1.00,1.00
2014.12.19 11:48:16.204,1.19395,1.19396,1.00,1.05
2014.12.19 11:48:16.305,1.19397,1.19401,1.00,1.75
2014.12.19 11:48:16.406,1.19397,1.19401,3.00,1.00
2014.12.19 11:48:16.508,1.19397,1.19404,3.00,1.50
2014.12.19 11:48:16.902,1.19399,1.19406,1.87,2.32
2014.12.19 11:48:18.905,1.19401,1.19406,1.00,1.57
2014.12.19 11:48:19.829,1.194,1.19406,1.57,1.57
2014.12.19 11:48:21.005,1.194,1.19405,1.10,1.00
2014.12.19 11:48:22.744,1.19399,1.19406,2.81,1.57
2014.12.19 11:48:25.465,1.194,1.19405,1.10,1.00
2014.12.19 11:48:26.222,1.194,1.19406,1.10,1.57
2014.12.19 11:48:27.484,1.194,1.19405,1.10,1.00
2014.12.19 11:48:28.232,1.194,1.19406,1.10,3.07
2014.12.19 11:48:29.888,1.194,1.19405,1.10,1.00
2014.12.19 11:48:31.659,1.19399,1.19404,1.31,1.00
2014.12.19 11:48:32.163,1.19399,1.19403,1.31,1.00
2014.12.19 11:48:34.493,1.19399,1.19405,1.12,1.50
2014.12.19 11:48:36.805,1.19399,1.194,1.05,1.00
2014.12.19 11:48:36.957,1.19394,1.194,2.25,1.00
2014.12.19 11:48:37.109,1.19393,1.19399,2.25,1.19
2014.12.19 11:48:37.210,1.19391,1.19397,1.12,2.25
2014.12.19 11:48:37.412,1.19391,1.19395,1.10,1.00
2014.12.19 11:48:41.378,1.1939,1.19395,1.10,3.07
2014.12.19 11:48:41.681,1.19389,1.19393,1.00,1.50
2014.12.19 11:48:42.200,1.19389,1.19392,1.00,1.00
2014.12.19 11:48:42.402,1.19386,1.19393,3.56,1.57
2014.12.19 11:48:42.947,1.19386,1.19392,2.81,1.00
2014.12.19 11:48:46.933,1.19386,1.19391,2.06,1.00
2014.12.19 11:48:47.339,1.19385,1.1939,1.10,1.50
2014.12.19 11:48:47.844,1.19385,1.19389,1.00,1.00
2014.12.19 11:48:48.841,1.19385,1.1939,1.00,1.10
2014.12.19 11:48:52.261,1.19386,1.19391,1.00,1.31
2014.12.19 11:48:52.768,1.19387,1.19391,1.00,1.01
2014.12.19 11:48:56.139,1.19389,1.19392,1.00,1.12
2014.12.19 11:48:56.341,1.19389,1.19394,1.57,1.50
2014.12.19 11:48:56.846,1.19389,1.19395,1.57,1.57
2014.12.19 11:48:59.534,1.19389,1.19394,1.57,1.00
2014.12.19 11:49:01.573,1.1939,1.19394,1.00,1.00
2014.12.19 11:49:02.080,1.1939,1.19395,1.10,2.25
2014.12.19 11:49:07.254,1.19389,1.19394,1.87,1.00
2014.12.19 11:49:07.941,1.1939,1.19395,1.00,1.76
2014.12.19 11:49:08.747,1.19391,1.19395,1.00,2.51
2014.12.19 11:49:09.000,1.19393,1.19395,1.00,1.10
2014.12.19 11:49:09.102,1.19395,1.19401,2.44,1.00
2014.12.19 11:49:09.153,1.19401,1.19403,1.00,1.12
2014.12.19 11:49:09.204,1.19401,1.19405,1.00,2.25
2014.12.19 11:49:09.305,1.19402,1.19406,1.00,1.50
2014.12.19 11:49:09.811,1.19402,1.19407,1.00,1.12
2014.12.19 11:49:10.316,1.19402,1.19407,1.10,1.00
2014.12.19 11:49:11.445,1.19402,1.19406,1.10,1.00
2014.12.19 11:49:16.633,1.19401,1.19406,1.57,1.00
2014.12.19 11:49:17.142,1.19402,1.19406,1.00,1.00
2014.12.19 11:49:17.295,1.19401,1.19404,1.10,1.00
2014.12.19 11:49:17.801,1.194,1.19403,1.57,1.00
2014.12.19 11:49:19.240,1.194,1.19404,1.57,1.50
2014.12.19 11:49:21.810,1.19401,1.19405,1.00,1.29
2014.12.19 11:49:22.113,1.19402,1.19406,1.00,2.51
2014.12.19 11:49:22.618,1.19401,1.19407,1.57,2.81
2014.12.19 11:49:27.222,1.19402,1.19407,1.00,2.81
2014.12.19 11:49:28.299,1.19401,1.19406,1.57,1.10
2014.12.19 11:49:28.401,1.19401,1.19403,1.12,1.00
2014.12.19 11:49:28.553,1.19397,1.194,1.12,1.00
2014.12.19 11:49:28.655,1.19394,1.19399,1.12,1.19
2014.12.19 11:49:29.008,1.19393,1.19399,1.10,3.56
2014.12.19 11:49:29.514,1.19391,1.19397,1.12,1.57
2014.12.19 11:49:31.435,1.1939,1.19396,3.00,1.00
2014.12.19 11:49:31.641,1.1939,1.19396,2.32,1.10
2014.12.19 11:49:32.942,1.1939,1.19395,2.32,1.00
2014.12.19 11:49:34.538,1.1939,1.19397,2.32,3.56
2014.12.19 11:49:36.118,1.19391,1.19397,1.00,2.81
2014.12.19 11:49:42.733,1.19391,1.19395,1.00,1.00
2014.12.19 11:49:47.958,1.19391,1.19397,1.10,1.76
2014.12.19 11:49:56.930,1.19391,1.19395,1.10,1.00
2014.12.19 11:50:12.581,1.19391,1.19396,1.00,1.57
2014.12.19 11:50:15.827,1.1939,1.19396,2.32,1.57
2014.12.19 11:50:16.377,1.1939,1.19395,1.57,1.00
2014.12.19 11:50:22.762,1.19391,1.19395,1.00,1.00
2014.12.19 11:50:24.768,1.19391,1.19396,1.00,1.76
2014.12.19 11:50:26.328,1.19391,1.19395,1.00,1.00
2014.12.19 11:50:26.833,1.19389,1.19394,1.12,1.00
2014.12.19 11:50:27.264,1.19388,1.19391,2.25,1.00
2014.12.19 11:50:27.415,1.19387,1.1939,1.10,1.00
2014.12.19 11:50:27.929,1.19386,1.1939,1.57,1.00
2014.12.19 11:50:28.433,1.19387,1.1939,1.00,1.00
2014.12.19 11:50:29.593,1.19386,1.1939,1.50,1.00
2014.12.19 11:50:31.692,1.19386,1.19388,1.00,1.00
2014.12.19 11:50:32.137,1.19385,1.1939,1.50,2.51
2014.12.19 11:50:32.390,1.19386,1.19392,1.10,1.10
2014.12.19 11:50:32.440,1.19388,1.19392,1.00,1.10
2014.12.19 11:50:32.744,1.1939,1.19395,1.00,1.10
2014.12.19 11:50:32.996,1.19392,1.19397,1.00,2.06
2014.12.19 11:50:33.501,1.19392,1.19397,1.50,1.57
2014.12.19 11:50:34.006,1.19393,1.19397,1.50,1.10
2014.12.19 11:50:35.098,1.19397,1.19398,1.00,2.55
2014.12.19 11:50:35.250,1.19397,1.19399,1.25,1.50
2014.12.19 11:50:35.301,1.194,1.19402,1.50,1.00
2014.12.19 11:50:35.504,1.19402,1.19405,1.00,1.00
2014.12.19 11:50:35.707,1.19403,1.19407,1.00,1.10
2014.12.19 11:50:36.716,1.19402,1.19407,1.00,1.76
2014.12.19 11:50:36.817,1.19402,1.19405,1.00,1.00
2014.12.19 11:50:40.271,1.19402,1.19405,1.00,1.19
2014.12.19 11:50:40.524,1.19395,1.19398,1.00,1.00
2014.12.19 11:50:40.726,1.19393,1.19398,1.00,1.76
2014.12.19 11:50:41.231,1.19392,1.19398,1.50,2.06
2014.12.19 11:50:41.736,1.19391,1.19395,1.00,1.00
2014.12.19 11:50:46.601,1.1939,1.19395,1.10,1.00
2014.12.19 11:50:56.066,1.1939,1.19396,1.10,2.51
2014.12.19 11:50:56.471,1.19396,1.19397,1.00,1.80
2014.12.19 11:50:56.674,1.19398,1.19403,2.06,1.50
2014.12.19 11:50:56.724,1.19401,1.19403,1.00,1.50
2014.12.19 11:50:57.036,1.19402,1.19407,1.10,1.50
2014.12.19 11:50:57.542,1.19403,1.19407,1.00,1.50
2014.12.19 11:50:58.463,1.19403,1.19408,1.00,1.57
2014.12.19 11:50:58.968,1.19402,1.19408,1.76,1.57
2014.12.19 11:51:00.080,1.19402,1.19407,1.01,1.00
2014.12.19 11:51:01.424,1.194,1.19406,3.75,1.00
2014.12.19 11:51:01.928,1.194,1.19406,3.37,1.00
2014.12.19 11:51:02.433,1.19401,1.19407,1.10,1.57
2014.12.19 11:51:02.938,1.194,1.19406,2.62,1.50
2014.12.19 11:51:04.022,1.194,1.19405,2.62,1.00
2014.12.19 11:51:04.680,1.194,1.19405,1.57,2.25
2014.12.19 11:51:05.699,1.19399,1.19404,1.50,1.00
2014.12.19 11:51:07.325,1.19399,1.19403,1.50,1.00
2014.12.19 11:51:07.870,1.19399,1.19404,1.69,1.00
2014.12.19 11:51:09.606,1.19401,1.19405,1.00,1.69
2014.12.19 11:51:10.111,1.19399,1.19405,1.69,2.25
2014.12.19 11:51:22.095,1.19399,1.19405,2.44,1.50
2014.12.19 11:51:23.700,1.194,1.19405,3.19,1.00
2014.12.19 11:51:24.546,1.19401,1.19408,1.87,3.26
2014.12.19 11:51:29.325,1.19403,1.19408,1.00,1.10
2014.12.19 11:51:29.910,1.19404,1.19408,1.00,1.00
2014.12.19 11:51:30.976,1.19402,1.19408,1.50,1.25
2014.12.19 11:51:31.128,1.19401,1.19406,1.75,1.00
2014.12.19 11:51:31.179,1.194,1.19406,2.81,1.00
2014.12.19 11:51:52.243,1.194,1.19406,1.10,1.50
2014.12.19 11:51:57.399,1.19401,1.19404,1.00,1.00
2014.12.19 11:51:57.702,1.19424,1.19425,1.00,1.12
2014.12.19 11:51:57.753,1.19427,1.19429,1.50,1.30
2014.12.19 11:51:57.804,1.19429,1.19432,1.00,1.00
2014.12.19 11:51:57.855,1.19431,1.19433,1.19,1.00
2014.12.19 11:51:58.006,1.19432,1.19438,1.00,1.50
2014.12.19 11:51:58.057,1.19432,1.19438,1.19,1.50
2014.12.19 11:51:58.512,1.19435,1.1944,1.19,1.50
2014.12.19 11:51:58.915,1.19435,1.19438,1.00,1.00
2014.12.19 11:51:59.421,1.19434,1.19438,1.00,1.00
2014.12.19 11:51:59.724,1.1943,1.19431,1.50,1.00
2014.12.19 11:51:59.876,1.19424,1.19429,1.50,1.25
2014.12.19 11:52:00.028,1.19422,1.19428,2.25,1.00
2014.12.19 11:52:00.533,1.19421,1.19428,2.25,1.50
2014.12.19 11:52:02.101,1.19421,1.19426,2.25,1.00
2014.12.19 11:52:03.891,1.19421,1.19425,1.00,1.00
2014.12.19 11:52:05.311,1.19421,1.19424,1.00,1.00
2014.12.19 11:52:05.665,1.19423,1.19424,1.69,1.00
2014.12.19 11:52:05.766,1.19423,1.19426,1.50,1.00
2014.12.19 11:52:05.867,1.19423,1.19429,1.00,2.25
2014.12.19 11:52:05.919,1.19424,1.19427,1.12,1.00
2014.12.19 11:52:06.070,1.19427,1.19432,1.50,1.37
2014.12.19 11:52:06.121,1.19428,1.19432,1.00,1.10
2014.12.19 11:52:06.323,1.19428,1.19434,2.81,1.00
2014.12.19 11:52:06.374,1.19431,1.19435,1.00,1.00
2014.12.19 11:52:07.232,1.19429,1.19435,1.12,1.00
2014.12.19 11:52:08.898,1.19429,1.19435,1.87,1.00
2014.12.19 11:52:10.539,1.1943,1.19436,2.62,1.00
2014.12.19 11:52:10.842,1.19435,1.19438,1.50,2.32
2014.12.19 11:52:11.146,1.19441,1.19447,1.25,1.87
2014.12.19 11:52:11.297,1.19442,1.19448,1.31,1.00
2014.12.19 11:52:11.398,1.19443,1.1945,1.01,2.32
2014.12.19 11:52:11.899,1.19443,1.1945,1.12,2.25
2014.12.19 11:52:12.152,1.19442,1.1945,2.06,5.25
2014.12.19 11:52:12.304,1.19439,1.19446,1.87,1.50
2014.12.19 11:52:12.507,1.1944,1.19447,2.32,3.07
2014.12.19 11:52:12.760,1.19441,1.19447,1.87,1.00
2014.12.19 11:52:14.832,1.19441,1.19447,1.10,1.00
2014.12.19 11:52:15.591,1.19441,1.19447,1.87,1.00
2014.12.19 11:52:18.139,1.1944,1.19444,1.87,1.00
2014.12.19 11:52:18.341,1.19437,1.19442,1.00,1.12
2014.12.19 11:52:18.594,1.19435,1.1944,1.01,1.00
2014.12.19 11:52:18.847,1.19434,1.19438,1.12,1.00
2014.12.19 11:52:18.999,1.19433,1.19437,1.00,1.00
2014.12.19 11:52:19.504,1.19433,1.19436,1.00,1.00
2014.12.19 11:52:20.211,1.19431,1.19436,1.10,1.00
2014.12.19 11:52:20.312,1.19431,1.19434,1.10,1.00
2014.12.19 11:52:20.817,1.19431,1.19433,1.10,1.00
2014.12.19 11:52:22.289,1.19429,1.19433,1.12,1.00
2014.12.19 11:52:22.920,1.19426,1.1943,3.19,1.00
2014.12.19 11:52:23.071,1.19428,1.1943,1.10,1.00
2014.12.19 11:52:23.122,1.19428,1.19432,1.10,1.00
2014.12.19 11:52:23.173,1.19428,1.19432,1.37,1.00
2014.12.19 11:52:24.096,1.19427,1.19432,1.37,1.00
2014.12.19 11:52:26.946,1.19429,1.19434,1.01,1.00
2014.12.19 11:52:26.997,1.19436,1.19437,1.50,1.05
2014.12.19 11:52:27.048,1.19439,1.1944,1.25,1.00
2014.12.19 11:52:27.149,1.19443,1.19447,1.25,1.50
2014.12.19 11:52:27.250,1.19444,1.19451,1.12,2.32
2014.12.19 11:52:27.352,1.19443,1.19449,3.19,1.00
2014.12.19 11:52:27.554,1.19444,1.19451,2.06,1.00
2014.12.19 11:52:28.801,1.19444,1.19451,3.19,1.00
2014.12.19 11:52:29.306,1.19444,1.1945,2.81,1.00
2014.12.19 11:52:29.810,1.19443,1.19449,2.44,1.00
2014.12.19 11:52:30.735,1.19444,1.19448,1.37,1.00
2014.12.19 11:52:31.240,1.19443,1.19447,1.31,1.00
2014.12.19 11:52:31.392,1.19443,1.19444,1.05,1.00
2014.12.19 11:52:31.645,1.19436,1.1944,1.37,1.50
2014.12.19 11:52:31.797,1.19435,1.1944,2.44,1.00
2014.12.19 11:52:31.949,1.19435,1.19442,2.06,1.00
2014.12.19 11:52:32.655,1.19437,1.19442,1.10,1.00
2014.12.19 11:52:32.958,1.19436,1.1944,1.10,1.00
2014.12.19 11:52:33.262,1.19436,1.19438,1.00,1.00
2014.12.19 11:52:33.666,1.19434,1.19438,1.10,1.00
2014.12.19 11:52:33.869,1.19431,1.19436,2.62,1.00
2014.12.19 11:52:34.375,1.19431,1.19436,1.57,1.00
2014.12.19 11:52:34.896,1.19432,1.19436,1.00,1.00
2014.12.19 11:52:35.414,1.19431,1.19436,1.57,1.00
2014.12.19 11:52:36.282,1.1943,1.19436,1.57,1.10
2014.12.19 11:52:37.124,1.19431,1.19436,1.00,1.10
2014.12.19 11:52:40.658,1.19436,1.19438,1.00,3.37
2014.12.19 11:52:40.910,1.19439,1.19442,1.76,1.00
2014.12.19 11:52:40.961,1.19439,1.19446,2.51,1.10
2014.12.19 11:52:41.113,1.1944,1.19446,1.76,1.00
2014.12.19 11:52:41.617,1.19441,1.19447,1.10,1.00
2014.12.19 11:52:42.151,1.19441,1.19448,1.10,1.57
2014.12.19 11:52:45.095,1.1944,1.19446,2.06,1.00
2014.12.19 11:52:47.789,1.19439,1.19445,2.06,1.00
2014.12.19 11:52:47.940,1.19439,1.19446,1.76,1.10
2014.12.19 11:52:48.496,1.19439,1.19446,2.81,1.00
2014.12.19 11:52:49.403,1.19438,1.19443,1.37,1.00
2014.12.19 11:52:49.706,1.19431,1.19437,3.37,1.00
2014.12.19 11:52:50.211,1.1943,1.19437,1.87,1.00
2014.12.19 11:52:50.658,1.1943,1.19433,1.37,1.00
2014.12.19 11:52:53.470,1.1943,1.19433,1.10,1.00
2014.12.19 11:52:54.405,1.19429,1.19431,1.87,1.00
2014.12.19 11:52:54.658,1.19423,1.19425,1.10,1.00
2014.12.19 11:52:54.709,1.19419,1.1942,1.10,3.00
2014.12.19 11:52:54.862,1.19415,1.1942,1.75,3.00
2014.12.19 11:52:54.964,1.19415,1.19418,1.12,1.00
2014.12.19 11:52:56.430,1.19416,1.1942,1.10,1.00
2014.12.19 11:52:59.450,1.1942,1.19421,1.00,1.00
2014.12.19 11:52:59.703,1.19427,1.19429,1.69,1.00
2014.12.19 11:52:59.754,1.19427,1.19432,1.69,1.10
2014.12.19 11:52:59.905,1.19429,1.19435,1.29,1.10
2014.12.19 11:53:00.409,1.19429,1.19435,1.56,1.00
2014.12.19 11:53:00.611,1.19431,1.19437,1.12,1.50
2014.12.19 11:53:02.452,1.19431,1.19434,1.12,1.00
2014.12.19 11:53:02.704,1.19427,1.19432,1.62,1.00
2014.12.19 11:53:02.856,1.1943,1.19434,1.10,1.00
2014.12.19 11:53:03.058,1.19431,1.19436,1.10,1.50
2014.12.19 11:53:06.080,1.1943,1.19436,1.00,2.32
2014.12.19 11:53:06.131,1.1943,1.19434,1.00,1.00
2014.12.19 11:53:06.657,1.19428,1.19434,1.12,1.00
2014.12.19 11:53:07.166,1.19428,1.19434,1.10,1.00
2014.12.19 11:53:09.129,1.1943,1.19434,1.00,1.00
2014.12.19 11:53:09.684,1.19429,1.19434,1.10,1.00
2014.12.19 11:53:18.762,1.19429,1.19436,1.10,2.32
2014.12.19 11:53:18.964,1.19431,1.19437,1.00,1.10
2014.12.19 11:53:19.470,1.19431,1.19438,1.12,1.50
2014.12.19 11:53:21.293,1.19429,1.19436,1.50,1.00
2014.12.19 11:53:21.818,1.19429,1.19436,1.37,1.00
2014.12.19 11:53:30.044,1.19429,1.19435,1.37,1.00
2014.12.19 11:53:30.551,1.19428,1.19434,2.25,1.00
2014.12.19 11:53:35.384,1.19427,1.19432,3.00,1.00
2014.12.19 11:53:35.586,1.19425,1.19431,2.81,1.00
2014.12.19 11:53:36.103,1.19425,1.19432,2.06,1.50
2014.12.19 11:53:39.125,1.19425,1.19429,1.12,1.00
2014.12.19 11:53:39.430,1.19422,1.19425,1.25,1.00
2014.12.19 11:53:39.631,1.19423,1.1943,1.62,1.00
2014.12.19 11:53:40.144,1.19424,1.1943,1.62,1.00
2014.12.19 11:53:40.295,1.19425,1.19432,1.12,1.50
2014.12.19 11:53:41.410,1.19425,1.19432,2.25,1.50
2014.12.19 11:53:45.024,1.19425,1.1943,1.87,1.00
2014.12.19 11:53:45.480,1.19425,1.19432,2.62,1.50
2014.12.19 11:53:45.985,1.19425,1.19432,2.62,1.50
2014.12.19 11:53:47.761,1.19425,1.19432,2.44,1.50
2014.12.19 11:53:56.605,1.19426,1.19432,1.69,1.00
2014.12.19 11:53:59.662,1.19425,1.19432,1.50,2.25
2014.12.19 11:54:00.116,1.19425,1.19432,1.10,4.12
2014.12.19 11:54:01.831,1.19424,1.19427,1.12,1.00
2014.12.19 11:54:02.084,1.19418,1.19423,1.31,1.00
2014.12.19 11:54:02.840,1.19418,1.19423,1.10,1.00
2014.12.19 11:54:17.127,1.19423,1.19424,1.00,1.57
2014.12.19 11:54:17.380,1.19424,1.19429,1.10,1.00
2014.12.19 11:54:17.885,1.19424,1.1943,1.10,1.57
2014.12.19 11:54:21.444,1.19424,1.19427,1.10,1.00
2014.12.19 11:54:21.646,1.1942,1.19425,1.87,1.50
2014.12.19 11:54:22.000,1.19417,1.19424,2.44,1.50
2014.12.19 11:54:25.183,1.19417,1.19424,1.87,3.07
2014.12.19 11:54:29.592,1.19417,1.19423,1.87,1.00
2014.12.19 11:54:30.098,1.19417,1.19422,1.12,1.00
2014.12.19 11:54:33.600,1.19417,1.19423,1.87,1.00
2014.12.19 11:54:33.752,1.19417,1.19424,2.25,2.25
2014.12.19 11:54:34.197,1.19417,1.19422,1.75,1.00
2014.12.19 11:54:34.702,1.19416,1.19422,3.00,1.00
2014.12.19 11:54:36.426,1.19416,1.19422,1.50,1.00
2014.12.19 11:54:36.931,1.19418,1.19423,1.10,1.00
2014.12.19 11:54:37.436,1.19416,1.19422,1.50,1.00
2014.12.19 11:54:38.318,1.19415,1.19421,1.75,1.50
2014.12.19 11:54:38.520,1.19413,1.19419,1.50,1.00
2014.12.19 11:54:39.047,1.19413,1.19419,1.12,1.50
2014.12.19 11:54:39.550,1.19413,1.19419,1.10,1.57
2014.12.19 11:54:43.116,1.19413,1.19416,1.10,1.00
2014.12.19 11:54:43.419,1.19406,1.19411,1.57,1.69
2014.12.19 11:54:43.621,1.19401,1.19408,3.00,1.00
2014.12.19 11:54:43.671,1.19401,1.19408,3.00,1.00
2014.12.19 11:54:43.823,1.19405,1.1941,1.00,2.06
2014.12.19 11:54:43.924,1.19406,1.19411,1.00,1.10
2014.12.19 11:54:44.026,1.19409,1.19415,1.00,2.25
2014.12.19 11:54:44.076,1.19409,1.19415,1.00,1.12
2014.12.19 11:54:44.581,1.19407,1.19412,1.50,1.00
2014.12.19 11:54:44.632,1.19406,1.19412,1.12,1.50
2014.12.19 11:54:44.733,1.19405,1.19409,1.50,1.00
2014.12.19 11:54:44.884,1.19402,1.19409,2.81,1.57
2014.12.19 11:54:45.591,1.19402,1.19408,2.06,1.00
2014.12.19 11:54:50.600,1.19402,1.19407,1.12,1.50
2014.12.19 11:54:50.867,1.19401,1.19406,1.10,1.50
2014.12.19 11:54:53.455,1.19401,1.19407,1.12,1.00
2014.12.19 11:54:53.959,1.19401,1.19407,1.50,1.00
2014.12.19 11:54:54.672,1.19401,1.19408,1.50,1.00
2014.12.19 11:54:55.529,1.19403,1.19409,1.57,1.57
2014.12.19 11:54:56.034,1.19401,1.19408,3.00,1.00
2014.12.19 11:55:01.127,1.19401,1.19408,1.87,1.10
2014.12.19 11:55:10.837,1.19401,1.19408,2.25,1.00
2014.12.19 11:55:11.395,1.19406,1.19408,1.00,1.00
2014.12.19 11:55:11.597,1.19413,1.19418,1.00,2.25
2014.12.19 11:55:11.699,1.19414,1.19418,1.00,1.10
2014.12.19 11:55:12.204,1.19413,1.19418,1.50,1.10
2014.12.19 11:55:12.507,1.19413,1.19416,1.00,1.00
2014.12.19 11:55:12.608,1.19411,1.19416,1.00,1.10
2014.12.19 11:55:13.113,1.19412,1.19418,1.00,4.87
2014.12.19 11:55:13.416,1.19409,1.19412,1.87,1.00
2014.12.19 11:55:13.669,1.19401,1.19404,1.00,1.50
2014.12.19 11:55:13.770,1.19398,1.19404,1.12,2.44
2014.12.19 11:55:14.224,1.19396,1.19402,1.00,2.44
2014.12.19 11:55:14.562,1.19394,1.19399,1.10,1.00
2014.12.19 11:55:14.613,1.1939,1.19391,1.00,1.00
2014.12.19 11:55:14.664,1.1939,1.19391,1.10,1.00
2014.12.19 11:55:14.816,1.19389,1.19394,1.00,1.12
2014.12.19 11:55:14.917,1.19389,1.19395,1.10,1.10
2014.12.19 11:55:15.069,1.19387,1.19393,3.19,1.00
2014.12.19 11:55:15.221,1.19384,1.19391,1.01,1.87
2014.12.19 11:55:15.727,1.19384,1.1939,1.31,1.00
2014.12.19 11:55:16.332,1.19384,1.1939,1.10,1.10
2014.12.19 11:55:17.144,1.19383,1.19384,1.05,1.00
2014.12.19 11:55:17.348,1.19374,1.19379,1.50,1.00
2014.12.19 11:55:17.449,1.19374,1.19377,1.12,1.00
2014.12.19 11:55:17.551,1.19372,1.19377,1.10,1.00
2014.12.19 11:55:17.956,1.19374,1.19377,1.69,1.00
2014.12.19 11:55:18.108,1.19376,1.19381,1.10,2.25
2014.12.19 11:55:18.159,1.19376,1.19381,1.29,2.25
2014.12.19 11:55:18.462,1.19384,1.19387,1.25,1.00
2014.12.19 11:55:18.563,1.19384,1.19389,1.00,1.57
2014.12.19 11:55:18.715,1.19382,1.19386,1.12,1.50
2014.12.19 11:55:18.867,1.19378,1.19384,1.01,1.10
2014.12.19 11:55:21.378,1.19378,1.19384,1.00,1.87
2014.12.19 11:55:22.573,1.1938,1.19385,1.00,3.00
2014.12.19 11:55:22.995,1.19383,1.19386,1.50,1.67
2014.12.19 11:55:23.147,1.19384,1.1939,2.25,1.87
2014.12.19 11:55:23.752,1.19385,1.1939,1.00,1.12
2014.12.19 11:55:24.156,1.19383,1.19389,1.00,1.87
2014.12.19 11:55:24.358,1.19382,1.19388,1.00,1.50
2014.12.19 11:55:28.366,1.19382,1.19388,1.19,1.50
2014.12.19 11:55:28.518,1.19386,1.1939,1.50,1.10
2014.12.19 11:55:28.872,1.19388,1.19392,1.00,1.12
2014.12.19 11:55:29.881,1.19387,1.19392,1.50,1.87
2014.12.19 11:55:30.385,1.19386,1.19392,1.00,2.25
2014.12.19 11:55:33.349,1.19387,1.19392,1.00,1.50
2014.12.19 11:55:33.854,1.19387,1.19392,1.00,1.12
2014.12.19 11:55:34.760,1.19388,1.19392,1.00,1.12
2014.12.19 11:55:35.172,1.19388,1.19394,2.25,1.12
2014.12.19 11:55:35.325,1.1939,1.19394,1.00,1.10
2014.12.19 11:55:35.981,1.1939,1.19393,1.00,1.00
2014.12.19 11:55:36.486,1.1939,1.19394,1.00,1.10
2014.12.19 11:55:39.499,1.19389,1.19394,1.10,1.00
2014.12.19 11:55:40.279,1.1939,1.19394,1.00,1.00
2014.12.19 11:55:40.810,1.19388,1.19392,1.10,1.00
2014.12.19 11:55:40.962,1.19386,1.19391,1.00,1.57
2014.12.19 11:55:41.063,1.19383,1.1939,2.32,3.37
2014.12.19 11:55:41.567,1.19385,1.1939,1.00,1.10
2014.12.19 11:55:42.117,1.19386,1.19391,1.00,1.12
2014.12.19 11:55:42.823,1.19386,1.19391,1.00,1.10
2014.12.19 11:55:43.329,1.19387,1.19392,1.50,1.12
2014.12.19 11:55:49.332,1.19386,1.19392,1.00,2.62
2014.12.19 11:55:49.853,1.19385,1.19387,1.10,1.00
2014.12.19 11:55:50.006,1.19383,1.19387,1.00,1.12
2014.12.19 11:55:50.107,1.19381,1.19387,1.57,1.12
2014.12.19 11:55:50.611,1.19381,1.19388,2.62,1.12
2014.12.19 11:55:53.392,1.19382,1.19387,1.00,1.12
2014.12.19 11:55:53.898,1.19381,1.19387,1.50,1.12
2014.12.19 11:55:55.424,1.19382,1.19387,1.00,1.87
2014.12.19 11:55:59.401,1.19381,1.19387,1.50,1.12
2014.12.19 11:56:00.243,1.19381,1.19387,1.00,2.25
2014.12.19 11:56:00.748,1.19382,1.19388,1.00,3.00
2014.12.19 11:56:00.799,1.19384,1.19388,1.00,1.50
2014.12.19 11:56:01.001,1.19387,1.19391,1.00,1.12
2014.12.19 11:56:01.203,1.19388,1.19392,1.00,1.57
2014.12.19 11:56:01.731,1.19389,1.19392,1.00,1.57
2014.12.19 11:56:02.235,1.19388,1.19391,1.50,1.00
2014.12.19 11:56:02.891,1.19387,1.19392,1.00,1.87
2014.12.19 11:56:03.698,1.19386,1.19391,2.32,1.10
2014.12.19 11:56:04.102,1.19383,1.19389,1.50,1.00
2014.12.19 11:56:04.304,1.19383,1.19389,1.00,1.12
2014.12.19 11:56:04.758,1.19381,1.19386,1.12,1.25
2014.12.19 11:56:04.860,1.19378,1.19385,1.50,1.57
2014.12.19 11:56:04.961,1.19378,1.19384,1.00,2.25
2014.12.19 11:56:05.466,1.19378,1.19383,1.00,1.50
2014.12.19 11:56:12.477,1.19378,1.19383,1.25,1.12
2014.12.19 11:56:15.087,1.19378,1.19384,1.00,1.75
2014.12.19 11:56:25.123,1.19379,1.19384,1.00,2.25
2014.12.19 11:56:28.741,1.19379,1.19384,1.50,1.12
2014.12.19 11:56:28.993,1.19383,1.19386,1.25,1.67
2014.12.19 11:56:29.044,1.19383,1.19388,1.25,2.25
2014.12.19 11:56:29.095,1.19386,1.19388,1.00,1.42
2014.12.19 11:56:29.196,1.19386,1.1939,1.50,2.32
2014.12.19 11:56:29.700,1.19387,1.19393,1.00,2.25
2014.12.19 11:56:30.003,1.19385,1.1939,1.87,1.69
2014.12.19 11:56:30.155,1.19381,1.19388,2.25,3.19
2014.12.19 11:56:30.408,1.19381,1.19387,1.50,1.50
2014.12.19 11:56:30.710,1.19379,1.19384,1.00,1.10
2014.12.19 11:56:31.215,1.1938,1.19385,1.00,1.12
2014.12.19 11:56:35.402,1.19382,1.19386,1.00,1.50
2014.12.19 11:56:35.655,1.19385,1.19389,1.00,1.12
2014.12.19 11:56:35.807,1.19387,1.19392,1.00,2.25
2014.12.19 11:56:36.111,1.19388,1.19392,1.00,1.10
2014.12.19 11:56:39.736,1.19387,1.19393,3.07,1.50
2014.12.19 11:56:40.090,1.19386,1.19391,1.00,1.50
2014.12.19 11:56:41.200,1.19387,1.19391,1.00,1.50
2014.12.19 11:56:41.705,1.19386,1.19391,1.00,1.12
2014.12.19 11:56:45.906,1.19384,1.19389,1.87,1.00
2014.12.19 11:56:46.411,1.19384,1.1939,1.50,2.00
2014.12.19 11:56:46.765,1.19382,1.19387,1.10,1.00
2014.12.19 11:56:46.866,1.19381,1.19386,1.00,1.12
2014.12.19 11:56:47.169,1.1938,1.19386,1.00,3.00
2014.12.19 11:56:47.472,1.19378,1.19384,1.50,3.00
2014.12.19 11:56:47.674,1.19375,1.19382,3.37,2.62
2014.12.19 11:56:48.347,1.19377,1.19382,1.00,1.12
2014.12.19 11:56:48.549,1.19378,1.19384,1.10,1.87
2014.12.19 11:56:49.053,1.19379,1.19385,2.32,2.06
2014.12.19 11:56:50.317,1.1938,1.19385,1.00,1.12
2014.12.19 11:56:57.103,1.19379,1.19385,3.82,1.12
2014.12.19 11:57:03.794,1.1938,1.19385,1.00,1.12
2014.12.19 11:57:04.799,1.19381,1.19385,1.00,1.12
2014.12.19 11:57:13.745,1.19384,1.19387,1.00,2.17
2014.12.19 11:57:13.948,1.19386,1.1939,1.00,1.12
2014.12.19 11:57:14.453,1.19386,1.19392,1.50,1.50
2014.12.19 11:57:23.649,1.19387,1.19392,1.00,1.50
2014.12.19 11:57:24.003,1.19389,1.19393,1.00,2.44
2014.12.19 11:57:24.155,1.19389,1.19395,1.00,3.19
2014.12.19 11:57:24.306,1.19389,1.19395,1.10,3.19
2014.12.19 11:57:25.619,1.19389,1.19393,1.57,1.00
2014.12.19 11:57:26.127,1.19389,1.19394,1.10,1.10
2014.12.19 11:57:27.270,1.1939,1.19395,1.00,2.25
2014.12.19 11:57:36.152,1.19391,1.19395,1.50,1.50
2014.12.19 11:57:36.404,1.19392,1.19396,1.00,1.01
2014.12.19 11:57:37.160,1.19392,1.19397,1.10,1.10
2014.12.19 11:57:41.102,1.19391,1.19397,1.57,1.12
2014.12.19 11:57:52.017,1.19391,1.19396,1.00,1.69
2014.12.19 11:57:52.774,1.19391,1.19397,1.00,1.87
2014.12.19 11:57:54.311,1.19392,1.19397,1.00,1.12
2014.12.19 11:57:58.464,1.19391,1.19396,1.00,1.10
2014.12.19 11:57:58.818,1.19388,1.19395,3.07,3.00
2014.12.19 11:57:59.121,1.19388,1.19394,1.00,3.00
2014.12.19 11:58:02.679,1.19388,1.19392,1.00,2.25
2014.12.19 11:58:03.335,1.19386,1.19392,2.25,3.00
2014.12.19 11:58:07.518,1.19386,1.19387,1.00,1.00
2014.12.19 11:58:07.569,1.19383,1.19387,1.57,1.00
2014.12.19 11:58:07.620,1.19383,1.19387,1.00,2.00
2014.12.19 11:58:07.671,1.1938,1.19387,3.07,2.44
2014.12.19 11:58:07.823,1.1938,1.19386,1.50,1.75
2014.12.19 11:58:09.517,1.1938,1.19385,1.50,1.12
2014.12.19 11:58:12.929,1.1938,1.19385,1.50,1.50
2014.12.19 11:58:13.433,1.19379,1.19385,1.00,2.25
2014.12.19 11:58:15.652,1.19378,1.19382,1.50,1.10
2014.12.19 11:58:15.955,1.19376,1.1938,1.50,1.31
2014.12.19 11:58:16.258,1.19374,1.19378,1.00,1.50
2014.12.19 11:58:16.309,1.19372,1.19378,2.25,1.50
2014.12.19 11:58:16.912,1.19372,1.19379,1.50,3.00
2014.12.19 11:58:19.096,1.19371,1.19374,1.00,1.00
2014.12.19 11:58:19.197,1.19369,1.19373,1.00,1.00
2014.12.19 11:58:19.298,1.19368,1.19371,1.00,1.10
2014.12.19 11:58:19.399,1.19365,1.19371,2.25,1.12
2014.12.19 11:58:19.702,1.19364,1.19369,1.00,1.87
2014.12.19 11:58:20.408,1.19365,1.19369,1.00,1.12
2014.12.19 11:58:21.215,1.19364,1.1937,1.50,1.50
2014.12.19 11:58:21.740,1.19364,1.19369,1.00,1.10
2014.12.19 11:58:22.043,1.19372,1.19376,2.25,1.50
2014.12.19 11:58:22.548,1.19373,1.19378,2.25,1.75
2014.12.19 11:58:22.699,1.19373,1.19378,2.25,1.12
2014.12.19 11:58:26.745,1.19373,1.19376,1.00,1.50
2014.12.19 11:58:26.897,1.19371,1.19374,2.25,1.25
2014.12.19 11:58:27.200,1.19366,1.19372,1.00,2.44
2014.12.19 11:58:27.402,1.19369,1.19371,1.00,1.10
2014.12.19 11:58:27.553,1.19366,1.19371,1.50,1.10
2014.12.19 11:58:28.504,1.19366,1.19371,1.00,1.50
2014.12.19 11:58:29.170,1.19365,1.19371,3.19,1.50
2014.12.19 11:58:30.307,1.19364,1.1937,1.10,1.57
2014.12.19 11:58:30.409,1.19363,1.19369,1.57,1.12
2014.12.19 11:58:30.813,1.19363,1.19366,1.50,1.50
2014.12.19 11:58:30.914,1.19361,1.19366,1.57,1.50
2014.12.19 11:58:31.418,1.19361,1.19368,1.00,3.00
2014.12.19 11:58:32.994,1.19361,1.19363,1.00,1.00
2014.12.19 11:58:33.045,1.19359,1.19363,1.57,1.00
2014.12.19 11:58:33.146,1.19358,1.19363,1.00,2.25
2014.12.19 11:58:33.248,1.19358,1.19363,1.00,2.25
2014.12.19 11:58:33.753,1.19359,1.19364,1.00,1.75
2014.12.19 11:58:34.163,1.1936,1.19364,1.00,1.10
2014.12.19 11:58:34.820,1.19361,1.19364,1.00,1.10
2014.12.19 11:58:35.336,1.1936,1.19364,1.00,1.10
2014.12.19 11:58:35.847,1.19361,1.19364,1.00,1.10
2014.12.19 11:58:37.137,1.19362,1.19367,1.00,1.75
2014.12.19 11:58:37.341,1.19363,1.19369,1.50,2.25
2014.12.19 11:58:38.855,1.19363,1.19368,1.00,1.12
2014.12.19 11:58:38.956,1.19363,1.19365,1.00,1.00
2014.12.19 11:58:39.057,1.19361,1.19365,1.01,1.00
2014.12.19 11:58:40.282,1.19361,1.19367,1.00,1.12
2014.12.19 11:58:40.534,1.19363,1.19368,1.00,1.50
2014.12.19 11:58:41.065,1.19363,1.19368,1.00,1.12
2014.12.19 11:58:42.848,1.19363,1.19368,1.00,1.50
2014.12.19 11:58:43.050,1.19361,1.19367,1.00,1.12
2014.12.19 11:58:43.701,1.19361,1.19367,1.00,3.00
2014.12.19 11:58:45.265,1.19362,1.19367,1.00,1.12
2014.12.19 11:58:46.062,1.19361,1.19367,2.25,1.12
2014.12.19 11:58:46.888,1.19362,1.19367,1.00,1.12
2014.12.19 11:58:47.343,1.19361,1.19365,1.00,1.12
2014.12.19 11:58:49.961,1.19359,1.19365,1.00,1.12
2014.12.19 11:58:50.465,1.19359,1.19365,1.00,1.50
2014.12.19 11:58:50.667,1.19357,1.19361,1.57,1.00
2014.12.19 11:58:50.970,1.19355,1.19361,1.00,3.75
2014.12.19 11:58:51.273,1.19358,1.19364,1.00,2.00
2014.12.19 11:58:51.626,1.19358,1.19364,1.57,1.12
2014.12.19 11:58:51.677,1.1936,1.19366,1.00,3.19
2014.12.19 11:58:52.938,1.19361,1.19366,1.00,2.25
2014.12.19 11:58:53.191,1.19361,1.19366,1.00,1.87
2014.12.19 11:58:55.076,1.19363,1.19368,1.00,1.75
2014.12.19 11:58:55.379,1.19361,1.19366,1.10,1.10
2014.12.19 11:58:55.883,1.1936,1.19366,1.57,1.12
2014.12.19 11:58:58.184,1.19363,1.19366,1.00,4.12
2014.12.19 11:58:58.285,1.19359,1.19361,1.12,1.00
2014.12.19 11:58:58.336,1.19355,1.1936,1.00,1.75
2014.12.19 11:58:58.437,1.19355,1.19357,1.00,1.12
2014.12.19 11:58:58.538,1.19351,1.19356,1.50,1.12
2014.12.19 11:58:58.690,1.19351,1.19356,1.50,1.75
2014.12.19 11:58:59.455,1.19351,1.19356,1.00,2.25
2014.12.19 11:59:00.197,1.19349,1.19355,2.25,1.50
2014.12.19 11:59:00.501,1.19351,1.19356,1.00,1.75
2014.12.19 11:59:01.307,1.19353,1.19357,1.00,1.75
2014.12.19 11:59:01.409,1.19353,1.19358,1.00,1.12
2014.12.19 11:59:02.922,1.19355,1.19359,1.00,1.50
2014.12.19 11:59:03.074,1.19356,1.19362,1.50,2.44
2014.12.19 11:59:03.276,1.19358,1.19363,1.00,1.75
2014.12.19 11:59:03.579,1.1936,1.19364,1.00,1.75
2014.12.19 11:59:03.832,1.1936,1.19364,1.00,1.12
2014.12.19 11:59:03.984,1.19358,1.19362,1.00,1.00
2014.12.19 11:59:04.035,1.1936,1.19364,1.00,1.87
2014.12.19 11:59:04.338,1.19362,1.19366,1.00,2.00
2014.12.19 11:59:04.590,1.19363,1.19366,1.00,1.12
2014.12.19 11:59:05.095,1.19363,1.19366,1.00,1.10
2014.12.19 11:59:05.297,1.19365,1.19366,1.00,1.00
2014.12.19 11:59:05.853,1.19366,1.19368,1.00,1.12
2014.12.19 11:59:06.588,1.19364,1.19368,1.00,1.12
2014.12.19 11:59:07.114,1.19364,1.19368,1.00,1.50
2014.12.19 11:59:09.566,1.19364,1.19368,1.00,1.12
2014.12.19 11:59:10.107,1.19364,1.19368,1.00,1.50
2014.12.19 11:59:14.967,1.19364,1.19367,1.00,1.50
2014.12.19 11:59:15.069,1.19359,1.19363,1.12,1.50
2014.12.19 11:59:15.170,1.19356,1.19362,1.00,2.44
2014.12.19 11:59:15.221,1.19359,1.19362,1.00,1.69
2014.12.19 11:59:15.574,1.19356,1.19362,1.50,2.25
2014.12.19 11:59:15.625,1.19358,1.19362,1.00,1.12
2014.12.19 11:59:15.777,1.19356,1.19361,1.00,1.12
2014.12.19 11:59:16.079,1.19354,1.19359,1.00,1.10
2014.12.19 11:59:16.183,1.19354,1.19359,1.00,1.50
2014.12.19 11:59:17.907,1.19353,1.19356,1.00,1.00
2014.12.19 11:59:18.210,1.19352,1.19356,1.00,1.50
2014.12.19 11:59:19.018,1.19352,1.19356,1.00,1.12
2014.12.19 11:59:22.940,1.19354,1.19357,1.00,1.50
2014.12.19 11:59:23.193,1.1936,1.19365,1.00,1.50
2014.12.19 11:59:23.294,1.19362,1.19365,1.00,1.50
2014.12.19 11:59:23.495,1.19358,1.19362,1.10,1.00
2014.12.19 11:59:23.647,1.19358,1.19361,1.00,1.12
2014.12.19 11:59:25.920,1.19361,1.19364,1.00,1.45
2014.12.19 11:59:25.971,1.19361,1.19364,1.00,1.50
2014.12.19 11:59:26.021,1.19363,1.19364,1.00,1.12
2014.12.19 11:59:26.324,1.19358,1.19361,1.00,1.00
2014.12.19 11:59:26.627,1.1936,1.19362,1.00,1.42
2014.12.19 11:59:26.829,1.1936,1.19364,1.00,2.25
2014.12.19 11:59:27.031,1.19362,1.19365,1.00,1.67
2014.12.19 11:59:27.284,1.19364,1.19366,1.00,1.12
2014.12.19 11:59:27.536,1.19366,1.19368,1.00,1.42
2014.12.19 11:59:28.041,1.19366,1.19368,1.00,1.12
2014.12.19 11:59:29.033,1.19364,1.19367,1.00,1.10
2014.12.19 11:59:29.134,1.1936,1.19366,1.50,2.25
2014.12.19 11:59:29.488,1.19362,1.19366,1.00,1.12
2014.12.19 11:59:29.892,1.19364,1.19369,1.00,2.44
2014.12.19 11:59:30.252,1.19361,1.19367,1.00,1.12
2014.12.19 11:59:30.404,1.19361,1.19363,1.00,1.00
2014.12.19 11:59:30.455,1.19358,1.19362,1.12,1.00
2014.12.19 11:59:30.556,1.1936,1.19366,1.00,3.56
2014.12.19 11:59:31.668,1.1936,1.19364,1.00,1.50
2014.12.19 11:59:31.870,1.19361,1.19365,1.00,4.69
2014.12.19 11:59:32.377,1.19361,1.19365,1.00,3.94
2014.12.19 11:59:33.036,1.19359,1.19363,1.00,1.01
2014.12.19 11:59:33.138,1.19356,1.19362,1.12,1.50
2014.12.19 11:59:33.188,1.19356,1.19362,1.00,2.25
2014.12.19 11:59:34.366,1.19356,1.19359,1.00,1.00
2014.12.19 11:59:34.467,1.19354,1.1936,1.10,1.57
2014.12.19 11:59:34.518,1.19354,1.1936,1.00,1.75
2014.12.19 11:59:34.771,1.19354,1.1936,2.25,1.12
2014.12.19 11:59:34.822,1.19356,1.1936,1.00,1.12
2014.12.19 11:59:35.074,1.19357,1.19362,2.25,1.10
2014.12.19 11:59:35.226,1.19359,1.19362,1.00,1.10
2014.12.19 11:59:35.832,1.19356,1.19362,1.87,1.50
2014.12.19 11:59:35.933,1.19356,1.19361,1.00,1.87
2014.12.19 11:59:36.135,1.19353,1.19359,1.12,1.57
2014.12.19 11:59:36.237,1.19352,1.19357,1.87,1.50
2014.12.19 11:59:36.388,1.19349,1.19355,1.87,1.10
2014.12.19 11:59:36.892,1.19351,1.19355,1.00,1.10
2014.12.19 11:59:37.044,1.19354,1.1936,1.00,3.19
2014.12.19 11:59:37.145,1.19356,1.19361,1.00,1.50
2014.12.19 11:59:37.297,1.19358,1.19362,1.00,1.87
2014.12.19 11:59:37.500,1.19355,1.19361,1.10,1.12
2014.12.19 11:59:37.954,1.19357,1.19362,1.00,1.75
2014.12.19 11:59:38.055,1.19357,1.19362,1.00,1.12
2014.12.19 11:59:38.561,1.19358,1.19363,1.00,1.50
2014.12.19 11:59:39.133,1.19359,1.19363,1.00,1.50
2014.12.19 11:59:39.487,1.19359,1.19363,1.00,1.10
2014.12.19 11:59:40.018,1.19358,1.19362,1.10,1.00
2014.12.19 11:59:40.119,1.19356,1.1936,1.50,1.00
2014.12.19 11:59:40.271,1.19353,1.19359,1.12,1.10
2014.12.19 11:59:41.135,1.19354,1.1936,1.00,1.50
2014.12.19 11:59:41.489,1.19354,1.1936,1.10,1.57
2014.12.19 11:59:41.691,1.19354,1.19359,1.00,1.31
2014.12.19 11:59:41.995,1.19354,1.19359,1.00,2.00
2014.12.19 11:59:42.247,1.1935,1.19355,1.12,1.00
2014.12.19 11:59:42.449,1.19351,1.19358,1.50,3.19
2014.12.19 11:59:42.551,1.19352,1.19357,1.00,1.69
2014.12.19 11:59:42.854,1.19351,1.19352,1.05,1.00
2014.12.19 11:59:43.006,1.1935,1.19352,1.57,1.00
2014.12.19 11:59:43.057,1.1935,1.19357,1.57,3.94
2014.12.19 11:59:43.158,1.19354,1.19357,1.00,1.92
2014.12.19 11:59:43.310,1.19357,1.19361,1.00,2.25
2014.12.19 11:59:43.411,1.19356,1.1936,1.12,1.00
2014.12.19 11:59:43.765,1.19355,1.1936,1.00,1.50
2014.12.19 11:59:43.866,1.19353,1.19359,1.10,1.00
2014.12.19 11:59:44.118,1.19353,1.1936,1.00,3.94
2014.12.19 11:59:44.422,1.19352,1.19357,1.00,1.50
2014.12.19 11:59:44.624,1.1935,1.19357,2.25,1.50
2014.12.19 11:59:44.826,1.19352,1.19357,1.00,1.50
2014.12.19 11:59:45.129,1.19356,1.1936,1.00,1.00
2014.12.19 11:59:45.230,1.19354,1.19361,1.00,2.44
2014.12.19 11:59:45.684,1.19351,1.19357,2.62,1.00
2014.12.19 11:59:45.735,1.19351,1.19357,1.00,1.12
2014.12.19 11:59:46.257,1.19351,1.19356,1.00,1.87
2014.12.19 11:59:47.797,1.1935,1.19356,1.00,3.56
2014.12.19 11:59:48.161,1.19349,1.1935,1.50,1.00
2014.12.19 11:59:48.464,1.19347,1.19352,1.00,1.10
2014.12.19 11:59:48.616,1.19346,1.19351,1.00,1.75
2014.12.19 11:59:48.767,1.19344,1.1935,1.69,1.50
2014.12.19 11:59:48.919,1.19345,1.19351,1.00,1.12
2014.12.19 11:59:49.373,1.19347,1.19353,1.00,1.87
2014.12.19 11:59:49.747,1.19349,1.19354,1.00,2.62
2014.12.19 11:59:50.050,1.19347,1.19353,1.50,1.87
2014.12.19 11:59:50.504,1.19349,1.19353,1.00,1.12
2014.12.19 11:59:51.031,1.19349,1.19353,1.00,1.10
2014.12.19 11:59:53.872,1.19349,1.19353,1.00,1.12
2014.12.19 11:59:54.133,1.19347,1.19353,1.50,1.10
2014.12.19 11:59:54.338,1.19347,1.19351,1.50,1.00
2014.12.19 11:59:54.540,1.19347,1.19353,1.00,1.57
2014.12.19 11:59:55.311,1.19348,1.19353,1.00,1.10
2014.12.19 11:59:55.664,1.19346,1.19353,2.25,2.81
2014.12.19 11:59:56.128,1.19349,1.19353,1.00,1.12
2014.12.19 11:59:56.330,1.19351,1.19357,1.00,1.12
2014.12.19 11:59:56.734,1.19351,1.19357,1.00,1.75
2014.12.19 11:59:57.238,1.19349,1.19354,1.00,1.12
2014.12.19 11:59:58.957,1.19349,1.19351,1.00,1.00
2014.12.19 11:59:59.008,1.19347,1.19351,1.50,1.00
2014.12.19 11:59:59.059,1.19347,1.19349,1.00,1.50
2014.12.19 11:59:59.160,1.19343,1.19349,2.62,1.57
2014.12.19 11:59:59.312,1.19348,1.19349,1.00,1.57
2014.12.19 11:59:59.414,1.19342,1.19348,1.87,1.50
2014.12.19 11:59:59.515,1.19343,1.19348,1.37,3.00
2014.12.19 11:59:59.718,1.1934,1.19346,1.31,1.57
2014.12.19 11:59:59.920,1.19339,1.19344,1.87,1.00
