2015.01.05 14:00:00.605,1.19822,1.19826,1.50,1.10
2015.01.05 14:00:00.656,1.19822,1.19826,1.50,1.69
2015.01.05 14:00:01.316,1.19822,1.19825,1.00,1.54
2015.01.05 14:00:01.619,1.1982,1.19824,1.50,1.12
2015.01.05 14:00:01.720,1.19818,1.19822,1.10,1.50
2015.01.05 14:00:01.771,1.19818,1.1982,1.10,2.10
2015.01.05 14:00:02.125,1.1982,1.19822,1.00,1.42
2015.01.05 14:00:02.227,1.1982,1.19822,1.00,1.10
2015.01.05 14:00:02.278,1.19818,1.19822,1.50,1.57
2015.01.05 14:00:02.480,1.19821,1.19822,1.00,1.10
2015.01.05 14:00:02.783,1.19819,1.19822,1.00,1.00
2015.01.05 14:00:02.885,1.19821,1.19824,1.00,1.50
2015.01.05 14:00:04.447,1.19825,1.19828,1.00,2.96
2015.01.05 14:00:04.954,1.19826,1.19829,1.00,1.69
2015.01.05 14:00:07.515,1.19827,1.1983,1.00,1.86
2015.01.05 14:00:08.595,1.19827,1.19829,1.00,1.22
2015.01.05 14:00:09.607,1.19826,1.19829,1.00,1.69
2015.01.05 14:00:09.809,1.19825,1.19829,1.50,2.44
2015.01.05 14:00:10.113,1.19823,1.19827,1.50,1.75
2015.01.05 14:00:11.074,1.19823,1.19825,1.50,1.50
2015.01.05 14:00:11.689,1.19822,1.19824,1.50,1.10
2015.01.05 14:00:11.790,1.1982,1.19822,1.50,1.35
2015.01.05 14:00:12.292,1.19819,1.19821,1.00,1.12
2015.01.05 14:00:12.495,1.19817,1.19821,1.42,1.12
2015.01.05 14:00:12.647,1.19819,1.19822,1.00,2.17
2015.01.05 14:00:13.757,1.19819,1.19823,1.50,1.50
2015.01.05 14:00:13.859,1.19821,1.19824,1.00,2.36
2015.01.05 14:00:14.162,1.19825,1.19828,1.00,1.25
2015.01.05 14:00:14.213,1.19824,1.19829,1.50,3.94
2015.01.05 14:00:16.900,1.19824,1.19827,1.00,2.85
2015.01.05 14:00:17.406,1.19823,1.19827,1.50,2.00
2015.01.05 14:00:17.912,1.19824,1.19827,1.00,1.50
2015.01.05 14:00:19.092,1.19825,1.19829,1.00,3.11
2015.01.05 14:00:19.900,1.19826,1.19829,1.00,1.70
2015.01.05 14:00:20.423,1.19825,1.19827,1.50,1.50
2015.01.05 14:00:22.043,1.19826,1.19827,1.00,1.42
2015.01.05 14:00:23.034,1.19825,1.19827,1.00,1.50
2015.01.05 14:00:26.725,1.19825,1.19827,1.50,1.10
2015.01.05 14:00:27.431,1.19826,1.19827,1.00,1.10
2015.01.05 14:00:29.258,1.19822,1.19824,2.10,1.00
2015.01.05 14:00:29.309,1.1982,1.19822,1.10,1.00
2015.01.05 14:00:29.359,1.1982,1.19822,3.30,1.00
2015.01.05 14:00:29.410,1.19825,1.19826,1.00,1.00
2015.01.05 14:00:29.713,1.19823,1.19827,1.00,2.06
2015.01.05 14:00:29.916,1.19825,1.19829,1.00,2.44
2015.01.05 14:00:30.219,1.19826,1.1983,1.00,1.94
2015.01.05 14:00:32.134,1.19822,1.19824,1.00,1.00
2015.01.05 14:00:32.539,1.19822,1.19826,1.00,2.32
2015.01.05 14:00:32.842,1.19824,1.19826,1.00,1.10
2015.01.05 14:00:33.346,1.19824,1.19828,1.00,1.94
2015.01.05 14:00:33.865,1.19826,1.1983,1.00,3.11
2015.01.05 14:00:34.934,1.19825,1.19828,1.00,1.12
2015.01.05 14:00:36.416,1.19823,1.19827,1.00,1.87
2015.01.05 14:00:36.568,1.1982,1.19823,1.25,1.00
2015.01.05 14:00:36.619,1.19822,1.19824,1.00,4.00
2015.01.05 14:00:36.669,1.19825,1.19827,1.00,1.12
2015.01.05 14:00:37.188,1.19825,1.19827,1.00,1.10
2015.01.05 14:00:37.716,1.19825,1.19827,1.00,1.10
2015.01.05 14:00:39.713,1.19825,1.19829,1.00,2.00
2015.01.05 14:00:41.595,1.19823,1.19825,3.00,2.85
2015.01.05 14:00:41.697,1.19821,1.19824,1.50,1.42
2015.01.05 14:00:41.798,1.19823,1.19825,1.00,1.00
2015.01.05 14:00:42.102,1.19821,1.19825,1.50,1.50
2015.01.05 14:00:42.154,1.19823,1.19826,1.00,1.57
2015.01.05 14:00:42.306,1.1982,1.19824,1.12,1.00
2015.01.05 14:00:42.559,1.19821,1.19822,1.00,1.00
2015.01.05 14:00:42.913,1.19821,1.19824,1.00,1.00
2015.01.05 14:00:42.964,1.19822,1.19824,1.00,1.00
2015.01.05 14:00:43.267,1.19825,1.19826,1.00,1.57
2015.01.05 14:00:46.212,1.19825,1.19827,1.00,1.12
2015.01.05 14:00:47.771,1.19823,1.19825,1.00,5.10
2015.01.05 14:00:47.823,1.1982,1.19822,1.10,1.00
2015.01.05 14:00:48.126,1.1982,1.19823,1.57,1.50
2015.01.05 14:00:48.227,1.19821,1.19823,1.00,1.69
2015.01.05 14:00:48.328,1.19819,1.19822,1.12,1.00
2015.01.05 14:00:48.834,1.19821,1.19822,1.00,1.00
2015.01.05 14:00:48.935,1.19819,1.19822,1.10,1.50
2015.01.05 14:00:48.986,1.19821,1.19823,1.00,3.00
2015.01.05 14:00:49.087,1.19821,1.19823,1.00,1.00
2015.01.05 14:00:49.639,1.19821,1.19822,1.00,1.00
2015.01.05 14:00:49.741,1.19824,1.19825,1.00,1.00
2015.01.05 14:00:49.792,1.19824,1.19826,1.00,1.10
2015.01.05 14:00:50.297,1.19825,1.19828,1.00,1.12
2015.01.05 14:00:50.823,1.19825,1.19828,1.00,2.17
2015.01.05 14:00:51.530,1.19825,1.19828,1.00,1.50
2015.01.05 14:00:52.035,1.19826,1.19828,1.00,1.10
2015.01.05 14:00:52.540,1.19827,1.19829,1.00,1.22
2015.01.05 14:00:54.562,1.19827,1.1983,1.00,1.01
2015.01.05 14:00:56.365,1.19828,1.1983,1.50,1.10
2015.01.05 14:00:56.416,1.1983,1.19832,1.00,3.67
2015.01.05 14:00:56.668,1.19829,1.19833,1.87,1.50
2015.01.05 14:00:56.921,1.19828,1.19832,1.57,1.00
2015.01.05 14:00:57.073,1.19828,1.1983,1.57,1.00
2015.01.05 14:00:57.174,1.19828,1.19832,1.57,1.57
2015.01.05 14:00:57.527,1.19828,1.1983,1.50,1.00
2015.01.05 14:00:58.042,1.19828,1.19832,1.00,3.94
2015.01.05 14:00:58.547,1.19828,1.19832,1.50,1.69
2015.01.05 14:00:59.075,1.19829,1.19832,1.00,1.25
2015.01.05 14:01:00.762,1.1983,1.19832,1.00,1.00
2015.01.05 14:01:00.964,1.19831,1.19834,1.50,1.10
2015.01.05 14:01:01.015,1.19836,1.19838,1.00,3.00
2015.01.05 14:01:01.522,1.19837,1.19839,1.00,1.12
2015.01.05 14:01:01.623,1.19835,1.19837,3.00,1.00
2015.01.05 14:01:01.675,1.19834,1.19835,1.00,2.10
2015.01.05 14:01:01.726,1.19832,1.19835,1.10,3.60
2015.01.05 14:01:01.828,1.1983,1.19834,1.57,1.00
2015.01.05 14:01:02.462,1.1983,1.19832,1.50,1.00
2015.01.05 14:01:02.614,1.19828,1.19832,1.57,1.57
2015.01.05 14:01:02.715,1.19828,1.1983,1.57,1.00
2015.01.05 14:01:02.817,1.19828,1.19832,1.57,1.10
2015.01.05 14:01:03.321,1.19828,1.19831,1.57,1.00
2015.01.05 14:01:03.826,1.19828,1.1983,1.57,1.00
2015.01.05 14:01:04.355,1.19827,1.1983,1.57,1.00
2015.01.05 14:01:06.955,1.19827,1.19829,1.10,1.00
2015.01.05 14:01:07.473,1.19826,1.1983,1.50,1.50
2015.01.05 14:01:07.979,1.19827,1.1983,1.00,1.50
2015.01.05 14:01:08.485,1.19826,1.1983,2.25,1.50
2015.01.05 14:01:09.278,1.19826,1.19828,1.50,1.00
2015.01.05 14:01:09.532,1.19827,1.19831,2.50,2.00
2015.01.05 14:01:09.836,1.19826,1.1983,1.50,1.75
2015.01.05 14:01:10.341,1.19825,1.19827,1.00,1.10
2015.01.05 14:01:10.493,1.19824,1.19825,1.00,1.00
2015.01.05 14:01:11.019,1.19825,1.19827,1.00,1.10
2015.01.05 14:01:11.597,1.19823,1.19825,1.00,1.00
2015.01.05 14:01:12.153,1.19825,1.19826,1.00,1.00
2015.01.05 14:01:12.355,1.19823,1.19825,1.50,1.00
2015.01.05 14:01:12.860,1.19823,1.19825,1.50,1.00
2015.01.05 14:01:13.699,1.19823,1.19826,1.50,1.00
2015.01.05 14:01:14.255,1.19823,1.19827,1.50,1.57
2015.01.05 14:01:14.356,1.19823,1.19825,1.50,1.00
2015.01.05 14:01:15.897,1.19823,1.19826,1.50,1.00
2015.01.05 14:01:16.497,1.19823,1.19825,1.50,1.00
2015.01.05 14:01:17.033,1.19825,1.19827,1.00,1.50
2015.01.05 14:01:17.336,1.19825,1.19828,1.50,1.22
2015.01.05 14:01:17.876,1.19825,1.19826,1.50,1.00
2015.01.05 14:01:18.382,1.19825,1.19827,1.00,1.10
2015.01.05 14:01:19.375,1.19825,1.19826,1.00,1.00
2015.01.05 14:01:22.955,1.19825,1.19828,1.00,1.22
2015.01.05 14:01:23.459,1.19826,1.19828,1.00,1.50
2015.01.05 14:01:23.963,1.19826,1.19829,1.00,2.25
2015.01.05 14:01:24.623,1.19826,1.19829,1.00,1.57
2015.01.05 14:01:25.172,1.19825,1.19829,1.50,1.57
2015.01.05 14:01:27.360,1.19825,1.19829,1.00,3.75
2015.01.05 14:01:31.624,1.19825,1.19829,1.00,3.94
2015.01.05 14:01:32.129,1.19826,1.19829,1.00,2.44
2015.01.05 14:01:33.738,1.19825,1.19829,1.50,2.25
2015.01.05 14:01:33.991,1.19827,1.1983,1.00,1.75
2015.01.05 14:01:34.041,1.19827,1.1983,1.00,1.10
2015.01.05 14:01:34.748,1.19827,1.1983,1.00,1.12
2015.01.05 14:01:35.606,1.19827,1.19831,1.00,2.06
2015.01.05 14:01:36.154,1.19827,1.19831,1.00,2.44
2015.01.05 14:01:40.625,1.19828,1.19831,1.00,1.69
2015.01.05 14:01:43.647,1.19828,1.19831,1.00,1.31
2015.01.05 14:01:44.843,1.19828,1.19831,1.00,1.69
2015.01.05 14:01:45.349,1.19828,1.19831,1.00,1.31
2015.01.05 14:01:45.874,1.19827,1.19831,2.25,1.31
2015.01.05 14:01:46.331,1.19829,1.19833,1.00,3.94
2015.01.05 14:01:46.483,1.19829,1.19833,1.00,1.76
2015.01.05 14:01:46.534,1.19827,1.19831,3.07,1.00
2015.01.05 14:01:49.018,1.19827,1.19829,2.32,1.00
2015.01.05 14:01:49.531,1.19827,1.19831,2.32,1.50
2015.01.05 14:01:50.442,1.19829,1.19832,1.00,1.69
2015.01.05 14:01:50.966,1.19829,1.19831,1.00,1.00
2015.01.05 14:01:51.629,1.19827,1.1983,2.32,1.00
2015.01.05 14:01:52.354,1.19827,1.19831,1.57,2.32
2015.01.05 14:01:52.859,1.19827,1.1983,2.32,1.00
2015.01.05 14:01:53.370,1.19827,1.19831,2.32,1.10
2015.01.05 14:01:53.874,1.19827,1.1983,2.32,1.00
2015.01.05 14:01:54.500,1.19827,1.19831,1.57,1.57
2015.01.05 14:01:56.209,1.19829,1.19831,1.00,1.00
2015.01.05 14:01:56.362,1.19827,1.19831,1.57,1.50
2015.01.05 14:02:00.005,1.19829,1.19831,1.00,1.50
2015.01.05 14:02:00.657,1.19829,1.19833,2.25,1.31
2015.01.05 14:02:01.162,1.19829,1.19833,2.25,1.01
2015.01.05 14:02:02.272,1.19831,1.19834,1.00,1.31
2015.01.05 14:02:02.806,1.19831,1.19834,1.00,1.01
2015.01.05 14:02:03.636,1.19831,1.19834,1.00,2.51
2015.01.05 14:02:04.259,1.19831,1.19835,4.87,2.06
2015.01.05 14:02:04.562,1.19832,1.19835,2.47,1.10
2015.01.05 14:02:04.764,1.19835,1.19839,1.50,1.01
2015.01.05 14:02:04.866,1.19837,1.19839,1.00,1.01
2015.01.05 14:02:05.843,1.19837,1.19841,1.50,1.31
2015.01.05 14:02:11.532,1.19838,1.19841,1.00,2.06
2015.01.05 14:02:11.937,1.19833,1.19835,4.12,2.10
2015.01.05 14:02:11.988,1.19834,1.19835,1.10,2.10
2015.01.05 14:02:12.039,1.19834,1.19837,1.57,2.85
2015.01.05 14:02:12.241,1.19832,1.19834,1.00,1.00
2015.01.05 14:02:12.342,1.19829,1.19833,1.50,1.25
2015.01.05 14:02:12.797,1.19829,1.19831,1.00,1.10
2015.01.05 14:02:12.948,1.19828,1.19831,1.50,1.10
2015.01.05 14:02:13.453,1.19828,1.1983,1.00,1.00
2015.01.05 14:02:17.399,1.19827,1.1983,2.62,1.10
2015.01.05 14:02:17.702,1.19829,1.19831,1.00,1.12
2015.01.05 14:02:18.157,1.1983,1.19833,1.50,1.76
2015.01.05 14:02:19.418,1.1983,1.19833,1.00,1.10
2015.01.05 14:02:24.232,1.1983,1.19831,1.00,1.00
2015.01.05 14:02:24.333,1.19828,1.19831,1.00,1.00
2015.01.05 14:02:24.844,1.19828,1.19832,1.50,1.57
2015.01.05 14:02:25.046,1.1983,1.19833,1.00,1.31
2015.01.05 14:02:25.551,1.1983,1.19833,1.00,1.01
2015.01.05 14:02:26.223,1.1983,1.19832,1.00,1.00
2015.01.05 14:02:26.728,1.19829,1.19831,1.00,1.00
2015.01.05 14:02:27.938,1.19828,1.19831,1.00,1.25
2015.01.05 14:02:29.908,1.1983,1.19831,1.00,1.00
2015.01.05 14:02:30.262,1.19828,1.19832,2.25,1.25
2015.01.05 14:02:32.256,1.19828,1.19832,1.50,1.76
2015.01.05 14:02:33.615,1.19828,1.1983,1.00,1.00
2015.01.05 14:02:34.151,1.19828,1.19831,1.00,1.01
2015.01.05 14:02:37.746,1.19827,1.19831,1.50,2.51
2015.01.05 14:02:39.744,1.19828,1.19831,1.00,1.76
2015.01.05 14:02:47.071,1.19828,1.1983,1.00,1.00
2015.01.05 14:02:47.323,1.19827,1.19828,1.00,1.00
2015.01.05 14:02:47.828,1.19827,1.19829,1.00,1.10
2015.01.05 14:02:48.333,1.19826,1.1983,2.25,2.47
2015.01.05 14:02:51.911,1.19826,1.1983,1.50,6.22
2015.01.05 14:02:51.962,1.19822,1.19825,1.10,3.19
2015.01.05 14:02:52.063,1.19819,1.19825,1.12,6.29
2015.01.05 14:02:52.265,1.19818,1.19822,1.12,3.75
2015.01.05 14:02:52.366,1.19814,1.19819,1.00,1.35
2015.01.05 14:02:52.518,1.19813,1.19819,1.00,6.04
2015.01.05 14:02:53.276,1.19813,1.19818,1.50,2.06
2015.01.05 14:02:53.781,1.19813,1.19818,1.00,3.94
2015.01.05 14:02:54.696,1.19813,1.19818,2.25,3.19
2015.01.05 14:02:55.231,1.19814,1.19818,1.00,2.44
2015.01.05 14:02:57.016,1.19816,1.19818,1.00,1.12
2015.01.05 14:02:57.117,1.19817,1.19822,2.25,3.19
2015.01.05 14:02:57.219,1.19818,1.19822,1.00,2.81
2015.01.05 14:02:57.725,1.19817,1.19822,1.87,1.50
2015.01.05 14:02:58.231,1.19818,1.19822,1.00,1.12
2015.01.05 14:02:58.911,1.19818,1.19821,1.00,1.29
2015.01.05 14:02:59.012,1.19816,1.19819,1.57,1.00
2015.01.05 14:02:59.517,1.19815,1.19819,1.00,1.76
2015.01.05 14:03:00.021,1.19815,1.19818,1.00,1.10
2015.01.05 14:03:00.557,1.19814,1.19818,1.50,1.12
2015.01.05 14:03:03.390,1.19813,1.19817,1.00,2.32
2015.01.05 14:03:03.946,1.19812,1.19816,2.25,1.00
2015.01.05 14:03:04.469,1.19813,1.19817,1.50,1.10
2015.01.05 14:03:04.974,1.19812,1.19816,1.69,1.00
2015.01.05 14:03:05.615,1.19813,1.19816,1.00,1.50
2015.01.05 14:03:06.120,1.19814,1.19817,1.00,1.57
2015.01.05 14:03:06.726,1.19815,1.19817,1.00,1.10
2015.01.05 14:03:06.827,1.19817,1.1982,1.00,1.67
2015.01.05 14:03:06.929,1.19817,1.1982,1.10,1.00
2015.01.05 14:03:07.282,1.19816,1.19818,1.50,1.00
2015.01.05 14:03:07.384,1.19816,1.1982,1.50,1.69
2015.01.05 14:03:07.888,1.19816,1.19819,1.00,1.00
2015.01.05 14:03:07.939,1.19819,1.19822,1.00,1.87
2015.01.05 14:03:09.213,1.19817,1.1982,1.50,1.00
2015.01.05 14:03:09.785,1.19817,1.19821,2.62,1.00
2015.01.05 14:03:09.937,1.19819,1.19823,1.00,2.62
2015.01.05 14:03:10.442,1.1982,1.19823,1.00,1.00
2015.01.05 14:03:10.947,1.1982,1.19822,1.00,1.00
2015.01.05 14:03:11.049,1.1982,1.19824,1.00,1.57
2015.01.05 14:03:11.504,1.1982,1.19822,1.00,1.00
2015.01.05 14:03:12.311,1.19819,1.19822,1.50,1.00
2015.01.05 14:03:12.816,1.19819,1.19821,1.50,1.00
2015.01.05 14:03:13.331,1.1982,1.19821,1.00,1.00
2015.01.05 14:03:13.854,1.1982,1.19822,1.50,1.00
2015.01.05 14:03:14.362,1.1982,1.19823,1.00,1.50
2015.01.05 14:03:15.132,1.19819,1.19822,1.00,1.00
2015.01.05 14:03:15.234,1.19817,1.19819,1.12,2.44
2015.01.05 14:03:15.335,1.19814,1.19817,2.25,1.00
2015.01.05 14:03:15.487,1.19814,1.19817,1.00,1.00
2015.01.05 14:03:16.026,1.19814,1.19818,1.57,1.50
2015.01.05 14:03:16.531,1.19815,1.19819,1.50,1.50
2015.01.05 14:03:17.102,1.19814,1.19818,2.32,1.00
2015.01.05 14:03:17.254,1.19816,1.19818,1.00,1.00
2015.01.05 14:03:17.810,1.19817,1.19819,1.00,1.00
2015.01.05 14:03:18.012,1.19819,1.19822,1.00,2.51
2015.01.05 14:03:18.114,1.19819,1.1982,1.00,1.00
2015.01.05 14:03:18.366,1.19817,1.1982,1.00,1.50
2015.01.05 14:03:18.871,1.19817,1.19821,1.50,1.10
2015.01.05 14:03:19.073,1.19817,1.19819,1.50,1.00
2015.01.05 14:03:19.881,1.19817,1.1982,1.00,1.57
2015.01.05 14:03:20.134,1.19815,1.1982,1.50,2.32
2015.01.05 14:03:20.641,1.19815,1.19819,2.25,1.00
2015.01.05 14:03:21.697,1.19817,1.1982,1.00,1.50
2015.01.05 14:03:22.975,1.19817,1.19821,1.10,1.57
2015.01.05 14:03:23.482,1.19817,1.1982,1.00,1.50
2015.01.05 14:03:23.992,1.19817,1.19821,1.50,1.00
2015.01.05 14:03:24.526,1.19817,1.19822,1.50,3.26
2015.01.05 14:03:24.930,1.19819,1.19822,1.00,1.00
2015.01.05 14:03:25.435,1.19819,1.19823,1.57,1.50
2015.01.05 14:03:26.167,1.19821,1.19823,1.00,1.00
2015.01.05 14:03:26.470,1.19824,1.19829,1.50,3.75
2015.01.05 14:03:26.622,1.19826,1.19829,1.00,1.12
2015.01.05 14:03:26.824,1.19827,1.1983,1.00,1.10
2015.01.05 14:03:28.776,1.19827,1.19831,1.00,1.10
2015.01.05 14:03:28.877,1.19827,1.19829,1.00,1.00
2015.01.05 14:03:29.597,1.19827,1.1983,1.00,1.50
2015.01.05 14:03:30.119,1.19826,1.19829,1.50,1.00
2015.01.05 14:03:30.636,1.19826,1.19828,1.50,1.00
2015.01.05 14:03:31.202,1.19826,1.19829,1.50,1.50
2015.01.05 14:03:31.717,1.19826,1.19828,1.00,1.00
2015.01.05 14:03:34.338,1.19825,1.19828,1.00,1.00
2015.01.05 14:03:34.872,1.19826,1.19829,1.00,1.57
2015.01.05 14:03:35.380,1.19826,1.19828,1.50,1.00
2015.01.05 14:03:40.301,1.19826,1.19829,1.50,1.00
2015.01.05 14:03:41.061,1.19826,1.19829,1.50,1.00
2015.01.05 14:03:41.217,1.19822,1.19824,1.05,1.00
2015.01.05 14:03:41.321,1.19825,1.19827,1.00,1.57
2015.01.05 14:03:41.423,1.19826,1.1983,1.87,2.25
2015.01.05 14:03:41.667,1.19827,1.1983,1.00,1.57
2015.01.05 14:03:42.184,1.19826,1.1983,1.50,1.10
2015.01.05 14:03:42.639,1.19826,1.19829,1.00,2.10
2015.01.05 14:03:43.649,1.19826,1.1983,1.00,1.31
2015.01.05 14:03:44.103,1.19824,1.19827,1.00,1.50
2015.01.05 14:03:44.608,1.19824,1.19826,1.00,1.00
2015.01.05 14:03:44.659,1.19822,1.19826,1.50,1.00
2015.01.05 14:03:45.169,1.19822,1.19825,1.50,1.00
2015.01.05 14:03:45.712,1.19822,1.19826,1.50,1.00
2015.01.05 14:03:46.666,1.19822,1.19823,1.00,1.00
2015.01.05 14:03:47.604,1.19822,1.19824,1.00,1.00
2015.01.05 14:03:47.908,1.19817,1.19819,2.29,1.00
2015.01.05 14:03:48.009,1.19818,1.19821,1.30,1.10
2015.01.05 14:03:48.414,1.1982,1.19823,1.00,1.12
2015.01.05 14:03:48.617,1.19818,1.19821,1.30,1.00
2015.01.05 14:03:48.718,1.1982,1.19822,1.00,1.10
2015.01.05 14:03:49.022,1.19821,1.19824,1.00,1.00
2015.01.05 14:03:49.728,1.1982,1.19823,1.50,1.00
2015.01.05 14:03:49.829,1.19819,1.19821,1.00,1.00
2015.01.05 14:03:50.132,1.19821,1.19823,1.00,1.10
2015.01.05 14:03:50.536,1.19819,1.19821,1.00,1.00
2015.01.05 14:03:50.840,1.19821,1.19823,1.00,1.12
2015.01.05 14:03:51.344,1.1982,1.19823,1.00,1.00
2015.01.05 14:03:51.647,1.19819,1.19821,1.00,1.00
2015.01.05 14:03:52.133,1.19821,1.19823,1.00,1.00
2015.01.05 14:03:52.234,1.19819,1.19823,1.00,2.25
2015.01.05 14:03:52.538,1.19819,1.19821,1.00,1.00
2015.01.05 14:03:52.841,1.19814,1.19818,1.10,2.25
2015.01.05 14:03:53.346,1.19814,1.19817,1.00,1.00
2015.01.05 14:03:53.852,1.19813,1.19816,1.12,1.00
2015.01.05 14:03:56.403,1.19812,1.19816,1.50,1.10
2015.01.05 14:03:56.605,1.19812,1.19816,1.00,2.25
2015.01.05 14:03:57.281,1.19811,1.19814,1.00,1.10
2015.01.05 14:03:57.786,1.19812,1.19815,1.50,1.10
2015.01.05 14:03:59.186,1.19814,1.19816,1.00,1.05
2015.01.05 14:03:59.389,1.19815,1.19818,1.00,1.57
2015.01.05 14:03:59.895,1.19814,1.19818,1.00,1.57
2015.01.05 14:04:00.401,1.19814,1.19817,1.00,1.10
2015.01.05 14:04:00.905,1.19814,1.19816,1.00,1.00
2015.01.05 14:04:01.057,1.19812,1.19816,1.57,1.50
2015.01.05 14:04:01.582,1.19812,1.19815,1.50,1.00
2015.01.05 14:04:02.066,1.19812,1.19813,1.00,1.00
2015.01.05 14:04:02.370,1.19803,1.19804,1.05,1.00
2015.01.05 14:04:02.471,1.198,1.19804,1.20,4.54
2015.01.05 14:04:02.572,1.19796,1.19799,1.87,1.00
2015.01.05 14:04:02.674,1.19796,1.19799,1.57,1.00
2015.01.05 14:04:03.180,1.19797,1.19801,1.00,1.01
2015.01.05 14:04:04.011,1.19796,1.19799,1.57,1.00
2015.01.05 14:04:04.668,1.19795,1.19799,1.50,1.10
2015.01.05 14:04:11.372,1.19798,1.19802,1.57,1.50
2015.01.05 14:04:11.676,1.19796,1.198,3.75,1.00
2015.01.05 14:04:13.764,1.19796,1.198,1.57,2.25
2015.01.05 14:04:13.865,1.19798,1.198,1.00,1.50
2015.01.05 14:04:14.651,1.19798,1.198,1.00,1.00
2015.01.05 14:04:14.904,1.198,1.19802,1.12,1.10
2015.01.05 14:04:15.409,1.19799,1.19802,1.00,1.00
2015.01.05 14:04:16.115,1.198,1.19802,1.00,1.00
2015.01.05 14:04:16.520,1.19798,1.19802,1.57,1.00
2015.01.05 14:04:16.722,1.19796,1.198,3.56,1.50
2015.01.05 14:04:17.127,1.19798,1.19802,1.57,2.32
2015.01.05 14:04:17.177,1.198,1.19802,1.00,1.57
2015.01.05 14:04:17.555,1.19797,1.19801,1.87,1.00
2015.01.05 14:04:18.062,1.19797,1.198,1.00,1.00
2015.01.05 14:04:18.214,1.19795,1.19799,3.07,1.00
2015.01.05 14:04:18.719,1.19796,1.19799,1.00,1.50
2015.01.05 14:04:19.364,1.19796,1.19799,1.87,1.50
2015.01.05 14:04:19.420,1.19797,1.19801,3.07,1.10
2015.01.05 14:04:19.622,1.198,1.19802,1.00,1.42
2015.01.05 14:04:19.724,1.19802,1.19804,1.00,1.12
2015.01.05 14:04:19.927,1.19802,1.19806,1.00,5.10
2015.01.05 14:04:20.331,1.19804,1.19808,1.00,2.25
2015.01.05 14:04:20.483,1.19804,1.19807,1.00,1.00
2015.01.05 14:04:20.989,1.19804,1.19808,1.00,1.10
2015.01.05 14:04:21.140,1.19806,1.19808,1.00,1.10
2015.01.05 14:04:21.495,1.19805,1.19808,1.50,2.25
2015.01.05 14:04:21.700,1.19806,1.19808,1.00,1.10
2015.01.05 14:04:21.902,1.19805,1.19808,1.00,2.10
2015.01.05 14:04:22.209,1.19803,1.19806,1.00,1.10
2015.01.05 14:04:22.361,1.19802,1.19804,1.00,1.00
2015.01.05 14:04:22.715,1.198,1.19803,1.10,1.00
2015.01.05 14:04:23.956,1.19801,1.19803,1.00,1.00
2015.01.05 14:04:24.057,1.19803,1.19806,1.00,1.10
2015.01.05 14:04:24.462,1.19802,1.19804,1.00,1.00
2015.01.05 14:04:24.664,1.19799,1.19802,1.00,1.00
2015.01.05 14:04:25.169,1.19798,1.19802,1.50,1.57
2015.01.05 14:04:25.674,1.19799,1.19802,2.25,1.00
2015.01.05 14:04:26.181,1.19799,1.19803,2.25,1.00
2015.01.05 14:04:26.433,1.19801,1.19803,1.00,1.00
2015.01.05 14:04:26.636,1.19803,1.19805,1.50,1.10
2015.01.05 14:04:26.687,1.19804,1.19806,1.00,1.42
2015.01.05 14:04:26.839,1.19805,1.19808,1.00,1.50
2015.01.05 14:04:27.344,1.19806,1.1981,1.50,2.44
2015.01.05 14:04:29.236,1.19806,1.1981,1.50,1.87
2015.01.05 14:04:30.422,1.19807,1.1981,1.00,1.87
2015.01.05 14:04:30.624,1.19808,1.19812,1.00,2.62
2015.01.05 14:04:31.132,1.19808,1.19812,1.50,2.32
2015.01.05 14:04:32.988,1.19808,1.19811,1.42,1.00
2015.01.05 14:04:33.493,1.19807,1.1981,2.17,1.50
2015.01.05 14:04:33.797,1.19806,1.19809,1.57,1.00
2015.01.05 14:04:34.305,1.19805,1.19808,1.10,1.50
2015.01.05 14:04:34.823,1.19806,1.19808,1.00,1.50
2015.01.05 14:04:36.248,1.19804,1.19808,3.00,1.50
2015.01.05 14:04:36.299,1.19804,1.19806,1.50,1.50
2015.01.05 14:04:36.350,1.19802,1.19804,1.57,1.00
2015.01.05 14:04:36.452,1.198,1.19802,2.17,1.00
2015.01.05 14:04:36.553,1.198,1.19804,1.00,2.32
2015.01.05 14:04:37.111,1.19801,1.19804,1.00,2.32
2015.01.05 14:04:38.777,1.198,1.19804,2.51,2.32
2015.01.05 14:04:39.959,1.19802,1.19804,1.00,1.10
2015.01.05 14:04:40.363,1.19803,1.19805,1.00,2.17
2015.01.05 14:04:40.666,1.19806,1.19808,1.00,2.25
2015.01.05 14:04:41.216,1.19807,1.19808,1.00,1.10
2015.01.05 14:04:44.804,1.19807,1.19809,1.00,1.57
2015.01.05 14:04:45.057,1.19805,1.19809,1.50,1.57
2015.01.05 14:04:45.562,1.19805,1.19808,1.00,1.50
2015.01.05 14:04:46.432,1.19805,1.19807,1.00,1.00
2015.01.05 14:04:46.634,1.19804,1.19805,1.00,1.00
2015.01.05 14:04:46.736,1.19803,1.19805,1.10,1.50
2015.01.05 14:04:47.544,1.19803,1.19806,1.00,1.57
2015.01.05 14:04:48.496,1.19803,1.19807,2.25,2.32
2015.01.05 14:04:48.599,1.19805,1.19807,1.00,1.10
2015.01.05 14:04:49.408,1.19805,1.19808,1.00,1.57
2015.01.05 14:04:49.712,1.19802,1.19804,1.50,1.50
2015.01.05 14:04:49.763,1.19799,1.19804,1.12,2.25
2015.01.05 14:04:49.965,1.19801,1.19802,1.00,1.00
2015.01.05 14:04:50.067,1.19799,1.19802,1.00,1.00
2015.01.05 14:04:50.573,1.19799,1.19801,1.00,1.00
2015.01.05 14:04:50.876,1.19797,1.19801,2.32,2.25
2015.01.05 14:04:51.382,1.19797,1.19799,1.00,1.00
2015.01.05 14:04:52.462,1.19797,1.198,1.00,1.57
2015.01.05 14:04:55.445,1.19796,1.198,1.50,3.07
2015.01.05 14:04:56.671,1.19796,1.19799,1.00,1.50
2015.01.05 14:04:57.177,1.19795,1.19798,3.26,1.00
2015.01.05 14:04:57.687,1.19796,1.19798,1.00,1.00
2015.01.05 14:04:58.193,1.19795,1.19797,1.57,1.00
2015.01.05 14:04:58.648,1.19793,1.19796,1.50,1.50
2015.01.05 14:04:59.154,1.19793,1.19795,1.00,2.25
2015.01.05 14:04:59.663,1.19793,1.19796,2.25,1.10
2015.01.05 14:05:01.209,1.19792,1.19796,1.00,2.51
2015.01.05 14:05:01.259,1.19792,1.19793,1.00,1.00
2015.01.05 14:05:01.765,1.19791,1.19794,1.57,1.00
2015.01.05 14:05:02.290,1.19791,1.19795,1.57,1.69
2015.01.05 14:05:02.811,1.19791,1.19794,1.57,1.00
2015.01.05 14:05:03.114,1.19787,1.19791,3.19,1.00
2015.01.05 14:05:03.165,1.19787,1.19791,2.44,1.00
2015.01.05 14:05:03.317,1.19786,1.19789,1.50,1.50
2015.01.05 14:05:03.469,1.19787,1.19791,1.00,2.51
2015.01.05 14:05:03.520,1.19786,1.1979,1.50,1.12
2015.01.05 14:05:03.621,1.19784,1.19789,1.10,1.01
2015.01.05 14:05:03.823,1.19784,1.19788,1.00,1.87
2015.01.05 14:05:05.338,1.19783,1.19786,1.00,1.00
2015.01.05 14:05:05.941,1.19782,1.19787,1.10,1.57
2015.01.05 14:05:06.247,1.19782,1.19785,2.32,1.00
2015.01.05 14:05:06.348,1.19782,1.19787,1.57,3.07
2015.01.05 14:05:06.754,1.19783,1.19785,1.00,1.00
2015.01.05 14:05:07.007,1.19783,1.19787,1.00,1.10
2015.01.05 14:05:07.411,1.19782,1.19784,1.24,2.85
2015.01.05 14:05:07.513,1.19779,1.1978,3.00,1.00
2015.01.05 14:05:07.664,1.19775,1.19778,1.10,1.00
2015.01.05 14:05:08.221,1.19775,1.19779,1.00,2.89
2015.01.05 14:05:09.030,1.19759,1.19764,3.60,1.00
2015.01.05 14:05:09.233,1.1976,1.19764,1.00,1.25
2015.01.05 14:05:09.284,1.19759,1.19762,1.57,1.00
2015.01.05 14:05:09.790,1.19759,1.19763,1.50,1.57
2015.01.05 14:05:10.296,1.1976,1.19764,1.10,1.00
2015.01.05 14:05:10.600,1.19757,1.19761,2.92,3.94
2015.01.05 14:05:10.652,1.19741,1.19754,3.75,7.75
2015.01.05 14:05:10.754,1.19742,1.19743,1.00,1.00
2015.01.05 14:05:10.956,1.19732,1.19735,1.50,1.50
2015.01.05 14:05:11.057,1.1973,1.19732,1.50,1.00
2015.01.05 14:05:12.137,1.19722,1.19728,2.17,1.37
2015.01.05 14:05:12.207,1.19699,1.19704,1.50,1.25
2015.01.05 14:05:12.258,1.19699,1.19702,1.50,1.50
2015.01.05 14:05:12.372,1.19696,1.19702,1.69,1.87
2015.01.05 14:05:12.474,1.19699,1.19703,1.00,1.00
2015.01.05 14:05:12.727,1.19699,1.19705,1.50,1.00
2015.01.05 14:05:12.930,1.19701,1.19706,1.00,1.00
2015.01.05 14:05:13.082,1.19699,1.19705,1.50,1.00
2015.01.05 14:05:13.487,1.19701,1.19704,1.00,1.00
2015.01.05 14:05:13.588,1.19701,1.19706,1.25,1.00
2015.01.05 14:05:13.790,1.19702,1.19706,1.69,1.00
2015.01.05 14:05:13.841,1.19702,1.19708,2.44,1.00
2015.01.05 14:05:14.043,1.19705,1.1971,2.25,1.69
2015.01.05 14:05:14.347,1.1971,1.19715,1.00,1.00
2015.01.05 14:05:14.650,1.19714,1.19717,1.69,1.00
2015.01.05 14:05:14.752,1.19717,1.19722,1.69,1.50
2015.01.05 14:05:14.802,1.1972,1.19722,1.50,1.00
2015.01.05 14:05:14.853,1.1972,1.19724,2.25,1.00
2015.01.05 14:05:14.904,1.19722,1.19725,1.00,1.00
2015.01.05 14:05:14.956,1.19723,1.19727,1.00,1.00
2015.01.05 14:05:15.057,1.19725,1.19727,1.00,1.00
2015.01.05 14:05:15.360,1.19734,1.19738,1.00,1.00
2015.01.05 14:05:15.462,1.19735,1.19742,1.25,3.37
2015.01.05 14:05:15.512,1.19735,1.19742,1.25,2.25
2015.01.05 14:05:15.614,1.19735,1.19744,1.31,3.37
2015.01.05 14:05:15.664,1.19739,1.19744,1.00,2.62
2015.01.05 14:05:16.014,1.19738,1.19742,1.37,1.10
2015.01.05 14:05:16.266,1.19731,1.19734,1.00,1.12
2015.01.05 14:05:16.468,1.1973,1.19732,1.00,1.27
2015.01.05 14:05:16.771,1.19728,1.1973,1.00,1.00
2015.01.05 14:05:16.873,1.19727,1.19728,1.00,1.00
2015.01.05 14:05:16.974,1.19725,1.19727,1.00,1.00
2015.01.05 14:05:17.479,1.19723,1.19726,1.00,1.10
2015.01.05 14:05:17.682,1.19726,1.19729,1.00,1.67
2015.01.05 14:05:17.884,1.19723,1.19727,1.00,1.10
2015.01.05 14:05:18.087,1.19725,1.19728,1.50,1.10
2015.01.05 14:05:18.341,1.19718,1.19723,1.12,1.50
2015.01.05 14:05:18.492,1.19719,1.19721,1.05,1.00
2015.01.05 14:05:18.544,1.19736,1.19738,1.35,1.00
2015.01.05 14:05:18.595,1.19737,1.19741,1.00,1.86
2015.01.05 14:05:18.646,1.19747,1.19748,1.00,1.00
2015.01.05 14:05:18.697,1.19747,1.1975,1.00,1.12
2015.01.05 14:05:18.798,1.19743,1.19748,2.25,1.75
2015.01.05 14:05:18.849,1.19745,1.19748,1.69,1.37
2015.01.05 14:05:18.901,1.19746,1.19751,1.19,1.10
2015.01.05 14:05:19.696,1.19745,1.19746,1.00,1.00
2015.01.05 14:05:20.001,1.19739,1.19743,1.00,1.10
2015.01.05 14:05:20.102,1.19741,1.19743,1.00,1.10
2015.01.05 14:05:20.205,1.19739,1.19742,3.00,1.10
2015.01.05 14:05:20.256,1.19745,1.19751,1.00,1.00
2015.01.05 14:05:20.307,1.19747,1.19751,1.00,1.00
2015.01.05 14:05:20.611,1.19745,1.19746,1.12,1.00
2015.01.05 14:05:20.662,1.19746,1.19748,1.00,1.00
2015.01.05 14:05:20.764,1.19746,1.1975,1.00,1.00
2015.01.05 14:05:20.866,1.19748,1.19753,1.10,1.57
2015.01.05 14:05:21.170,1.19748,1.19751,1.50,1.00
2015.01.05 14:05:21.424,1.1974,1.19745,2.00,1.50
2015.01.05 14:05:21.525,1.1974,1.19743,1.10,1.00
2015.01.05 14:05:21.829,1.19736,1.1974,1.75,1.00
2015.01.05 14:05:21.981,1.19734,1.19739,1.75,1.00
2015.01.05 14:05:22.536,1.19734,1.19738,1.75,1.00
2015.01.05 14:05:22.689,1.19735,1.1974,1.50,1.50
2015.01.05 14:05:22.740,1.19735,1.19737,1.10,3.00
2015.01.05 14:05:23.043,1.19729,1.19732,1.30,1.72
2015.01.05 14:05:23.094,1.19725,1.19729,1.12,1.00
2015.01.05 14:05:23.196,1.19724,1.19727,1.00,1.00
2015.01.05 14:05:24.836,1.19722,1.19725,1.00,1.00
2015.01.05 14:05:25.343,1.19721,1.19725,1.00,1.00
2015.01.05 14:05:25.749,1.19722,1.19725,1.00,1.37
2015.01.05 14:05:25.800,1.19719,1.19722,3.60,1.00
2015.01.05 14:05:25.901,1.19718,1.19722,1.35,1.00
2015.01.05 14:05:26.003,1.1972,1.19722,1.00,1.00
2015.01.05 14:05:26.307,1.19719,1.19724,1.57,1.10
2015.01.05 14:05:26.358,1.19722,1.19724,1.00,1.10
2015.01.05 14:05:26.409,1.19722,1.19727,1.50,1.12
2015.01.05 14:05:26.460,1.19725,1.19727,1.00,1.12
2015.01.05 14:05:26.510,1.19725,1.19729,1.00,1.10
2015.01.05 14:05:26.561,1.19727,1.19729,1.00,1.10
2015.01.05 14:05:26.665,1.19732,1.19734,1.00,1.00
2015.01.05 14:05:26.716,1.19732,1.19736,1.00,1.10
2015.01.05 14:05:27.019,1.19734,1.19739,1.00,1.12
2015.01.05 14:05:27.626,1.19734,1.19739,1.00,1.50
2015.01.05 14:05:28.163,1.19734,1.19739,1.00,1.12
2015.01.05 14:05:28.669,1.19734,1.19738,1.50,1.75
2015.01.05 14:05:30.027,1.1973,1.19735,1.00,3.22
2015.01.05 14:05:30.078,1.19728,1.1973,3.07,1.00
2015.01.05 14:05:30.129,1.19726,1.1973,1.00,1.57
2015.01.05 14:05:30.231,1.19723,1.19728,1.50,1.12
2015.01.05 14:05:30.534,1.19725,1.19729,1.00,1.87
2015.01.05 14:05:31.706,1.19723,1.19728,1.00,2.25
2015.01.05 14:05:32.854,1.19723,1.19728,1.00,2.25
2015.01.05 14:05:34.319,1.19725,1.19729,1.00,2.81
2015.01.05 14:05:34.420,1.19725,1.19729,1.00,2.06
2015.01.05 14:05:34.925,1.19725,1.19729,1.00,1.50
2015.01.05 14:05:35.788,1.19727,1.1973,1.00,1.87
2015.01.05 14:05:35.839,1.19727,1.1973,1.00,1.12
2015.01.05 14:05:35.890,1.19728,1.1973,1.00,1.00
2015.01.05 14:05:36.044,1.19731,1.19734,1.00,1.10
2015.01.05 14:05:37.191,1.19734,1.19737,1.00,1.50
2015.01.05 14:05:38.041,1.19734,1.19739,1.00,2.62
2015.01.05 14:05:38.968,1.19735,1.19739,1.00,2.06
2015.01.05 14:05:39.423,1.19735,1.19739,1.00,1.50
2015.01.05 14:05:39.524,1.19736,1.19739,1.00,1.50
2015.01.05 14:05:40.036,1.19736,1.19741,1.00,1.50
2015.01.05 14:05:40.647,1.19734,1.19739,1.57,1.10
2015.01.05 14:05:41.161,1.19735,1.19739,1.00,1.12
2015.01.05 14:05:41.672,1.19734,1.19739,1.50,1.12
2015.01.05 14:05:42.392,1.19736,1.19739,1.00,1.12
2015.01.05 14:05:43.090,1.19729,1.19733,1.00,1.76
2015.01.05 14:05:43.596,1.19728,1.19733,1.10,1.10
2015.01.05 14:05:44.354,1.19731,1.19733,1.00,1.10
2015.01.05 14:05:44.457,1.19732,1.19736,1.50,1.12
2015.01.05 14:05:45.228,1.19732,1.19737,1.50,1.12
2015.01.05 14:05:48.719,1.19734,1.19738,1.00,1.87
2015.01.05 14:05:49.742,1.19734,1.19737,1.00,1.37
2015.01.05 14:05:49.793,1.19732,1.19737,2.25,1.87
2015.01.05 14:05:50.318,1.19733,1.19737,1.00,1.87
2015.01.05 14:05:50.725,1.19734,1.19737,1.00,1.42
2015.01.05 14:05:51.237,1.19735,1.19737,1.00,1.50
2015.01.05 14:05:52.219,1.19735,1.19737,1.00,1.10
2015.01.05 14:05:53.067,1.19734,1.19735,1.00,2.25
2015.01.05 14:05:53.370,1.19731,1.19733,2.10,1.00
2015.01.05 14:05:53.673,1.19732,1.19737,1.35,3.37
2015.01.05 14:05:54.178,1.19732,1.19737,1.50,1.50
2015.01.05 14:05:54.229,1.19731,1.19733,1.57,1.00
2015.01.05 14:05:54.330,1.19729,1.19733,2.81,1.00
2015.01.05 14:05:54.381,1.19732,1.19734,1.00,1.10
2015.01.05 14:05:54.482,1.19732,1.19736,1.10,1.00
2015.01.05 14:05:56.454,1.19733,1.19736,1.00,1.00
2015.01.05 14:05:56.960,1.19733,1.19738,1.50,1.50
2015.01.05 14:05:57.571,1.19734,1.19738,1.00,1.50
2015.01.05 14:05:57.673,1.19736,1.19738,1.00,1.12
2015.01.05 14:05:57.825,1.19735,1.1974,1.00,1.57
2015.01.05 14:05:57.927,1.19737,1.1974,1.00,1.10
2015.01.05 14:05:58.230,1.19744,1.19748,1.00,1.75
2015.01.05 14:05:58.281,1.19744,1.19748,1.50,1.00
2015.01.05 14:05:58.786,1.19745,1.1975,1.50,1.87
2015.01.05 14:05:59.341,1.19746,1.19748,1.00,1.00
2015.01.05 14:05:59.443,1.19743,1.19746,2.85,1.00
2015.01.05 14:05:59.494,1.19743,1.19746,2.10,1.00
2015.01.05 14:05:59.999,1.19742,1.19746,1.50,1.00
2015.01.05 14:06:00.604,1.19744,1.19746,1.50,1.00
2015.01.05 14:06:00.706,1.19746,1.19751,1.00,2.44
2015.01.05 14:06:00.908,1.19747,1.19752,1.00,1.12
2015.01.05 14:06:02.146,1.19744,1.19747,1.00,2.10
2015.01.05 14:06:02.248,1.19742,1.19746,1.00,1.00
2015.01.05 14:06:02.754,1.19742,1.19746,1.37,1.10
2015.01.05 14:06:04.854,1.19745,1.19748,1.00,2.25
2015.01.05 14:06:05.006,1.19746,1.19751,1.00,2.44
2015.01.05 14:06:05.107,1.19748,1.19751,1.00,1.00
2015.01.05 14:06:05.411,1.19748,1.19753,1.50,1.76
2015.01.05 14:06:05.664,1.19748,1.1975,1.00,1.00
2015.01.05 14:06:05.866,1.19748,1.19752,1.00,1.00
2015.01.05 14:06:11.489,1.19747,1.19752,2.51,1.50
2015.01.05 14:06:11.995,1.19748,1.19752,1.00,1.12
2015.01.05 14:06:14.566,1.19748,1.19752,1.00,2.70
2015.01.05 14:06:14.823,1.1974,1.19743,1.00,1.87
2015.01.05 14:06:14.925,1.19738,1.1974,1.50,1.00
2015.01.05 14:06:15.142,1.19734,1.19738,1.10,2.62
2015.01.05 14:06:15.193,1.19734,1.19735,1.10,1.00
2015.01.05 14:06:15.345,1.19731,1.19733,1.10,1.00
2015.01.05 14:06:17.334,1.19729,1.19733,1.87,1.50
2015.01.05 14:06:17.385,1.19729,1.19731,1.87,1.50
2015.01.05 14:06:17.537,1.19727,1.1973,1.50,1.00
2015.01.05 14:06:17.991,1.19725,1.1973,1.50,1.57
2015.01.05 14:06:18.244,1.19716,1.19721,1.56,1.37
2015.01.05 14:06:18.295,1.19716,1.19719,1.12,1.00
2015.01.05 14:06:18.396,1.19718,1.19721,1.12,1.00
2015.01.05 14:06:18.447,1.1972,1.19722,1.00,1.00
2015.01.05 14:06:18.902,1.19719,1.19724,1.76,1.87
2015.01.05 14:06:19.413,1.19718,1.19722,2.81,1.00
2015.01.05 14:06:19.922,1.19718,1.19722,1.76,1.00
2015.01.05 14:06:20.437,1.1972,1.19722,1.00,1.00
2015.01.05 14:06:20.639,1.19718,1.19722,1.69,1.50
2015.01.05 14:06:20.791,1.1972,1.19722,1.00,1.50
2015.01.05 14:06:20.892,1.19718,1.19722,1.69,1.50
2015.01.05 14:06:22.124,1.19718,1.1972,1.69,1.00
2015.01.05 14:06:22.752,1.19717,1.1972,1.00,3.60
2015.01.05 14:06:22.803,1.19715,1.1972,4.42,1.50
2015.01.05 14:06:22.904,1.19716,1.19718,1.00,1.00
2015.01.05 14:06:23.107,1.19713,1.19716,1.00,1.57
2015.01.05 14:06:23.309,1.19711,1.19716,2.25,2.32
2015.01.05 14:06:23.512,1.19711,1.19714,1.00,1.00
2015.01.05 14:06:24.273,1.19709,1.19714,3.11,1.50
2015.01.05 14:06:24.778,1.19709,1.19713,1.00,1.00
2015.01.05 14:06:25.132,1.19707,1.1971,2.06,1.00
2015.01.05 14:06:25.385,1.19698,1.19703,2.62,1.00
2015.01.05 14:06:25.436,1.19698,1.19701,1.50,1.00
2015.01.05 14:06:25.739,1.19691,1.19694,1.50,1.00
2015.01.05 14:06:26.044,1.1968,1.19684,5.50,1.50
2015.01.05 14:06:26.095,1.1968,1.19682,4.00,1.50
2015.01.05 14:06:26.146,1.19673,1.19682,5.25,3.75
2015.01.05 14:06:26.197,1.19673,1.1968,5.25,3.04
2015.01.05 14:06:26.248,1.19675,1.1968,1.00,3.11
2015.01.05 14:06:27.529,1.19666,1.19673,3.00,6.37
2015.01.05 14:06:27.634,1.19663,1.19668,5.25,1.50
2015.01.05 14:06:27.685,1.19663,1.19664,4.87,1.00
2015.01.05 14:06:27.843,1.19661,1.19664,1.87,1.00
2015.01.05 14:06:27.945,1.19659,1.19667,1.50,2.51
2015.01.05 14:06:28.250,1.19657,1.19664,1.69,3.94
2015.01.05 14:06:28.402,1.19655,1.19657,1.00,1.00
2015.01.05 14:06:28.453,1.19653,1.19657,1.20,1.00
2015.01.05 14:06:28.555,1.1965,1.19653,1.50,1.00
2015.01.05 14:06:28.656,1.19649,1.19652,1.47,1.00
2015.01.05 14:06:28.757,1.19649,1.19653,1.50,1.69
2015.01.05 14:06:28.859,1.19647,1.19652,2.06,1.50
2015.01.05 14:06:28.960,1.19647,1.1965,1.47,1.50
2015.01.05 14:06:29.062,1.19645,1.19649,1.50,1.12
2015.01.05 14:06:29.163,1.19652,1.19654,1.00,1.10
2015.01.05 14:06:29.265,1.19658,1.19663,1.00,1.75
2015.01.05 14:06:29.316,1.19661,1.19664,1.00,1.12
2015.01.05 14:06:29.368,1.19663,1.19667,1.00,1.75
2015.01.05 14:06:29.419,1.19663,1.19668,1.29,1.50
2015.01.05 14:06:29.520,1.19667,1.19673,1.00,1.87
2015.01.05 14:06:29.622,1.19669,1.19674,1.87,1.00
2015.01.05 14:06:29.674,1.19672,1.19677,1.00,1.37
2015.01.05 14:06:29.725,1.19673,1.19678,1.25,2.25
2015.01.05 14:06:29.878,1.19672,1.19677,1.37,2.10
2015.01.05 14:06:29.929,1.19658,1.19666,10.27,1.00
2015.01.05 14:06:29.980,1.19659,1.19664,1.00,1.00
2015.01.05 14:06:30.317,1.19674,1.19677,1.00,1.00
2015.01.05 14:06:30.369,1.19675,1.19679,1.00,1.00
2015.01.05 14:06:30.470,1.19676,1.19681,1.00,1.00
2015.01.05 14:06:30.571,1.19676,1.19678,1.05,1.00
2015.01.05 14:06:30.622,1.19675,1.19676,1.00,1.00
2015.01.05 14:06:30.673,1.19671,1.19674,1.12,1.00
2015.01.05 14:06:30.725,1.1967,1.19674,1.00,2.25
2015.01.05 14:06:30.928,1.19673,1.19677,1.69,1.00
2015.01.05 14:06:31.030,1.19675,1.1968,1.00,1.50
2015.01.05 14:06:31.283,1.19677,1.19682,1.50,1.87
2015.01.05 14:06:31.335,1.19679,1.19682,1.00,1.12
2015.01.05 14:06:31.540,1.19677,1.19682,1.50,1.12
2015.01.05 14:06:31.743,1.19679,1.19683,1.00,1.10
2015.01.05 14:06:32.046,1.19677,1.19681,1.00,1.00
2015.01.05 14:06:33.057,1.19677,1.1968,1.50,1.00
2015.01.05 14:06:33.259,1.19671,1.19676,1.00,1.00
2015.01.05 14:06:33.360,1.19671,1.19672,1.00,1.00
2015.01.05 14:06:33.562,1.19649,1.19651,1.00,1.35
2015.01.05 14:06:33.714,1.19647,1.19651,1.00,1.20
2015.01.05 14:06:34.247,1.19648,1.19652,1.00,2.81
2015.01.05 14:06:34.601,1.19649,1.19654,1.50,1.12
2015.01.05 14:06:34.652,1.19651,1.19655,1.00,1.50
2015.01.05 14:06:34.803,1.19651,1.19656,1.00,1.31
2015.01.05 14:06:35.259,1.19652,1.19656,1.00,3.00
2015.01.05 14:06:35.411,1.1965,1.19654,1.00,1.87
2015.01.05 14:06:35.513,1.19652,1.19654,1.00,1.10
2015.01.05 14:06:35.666,1.19653,1.19658,1.00,2.44
2015.01.05 14:06:35.768,1.19652,1.19655,1.00,1.12
2015.01.05 14:06:35.821,1.1965,1.19655,1.00,1.12
2015.01.05 14:06:35.922,1.19649,1.19653,1.00,2.25
2015.01.05 14:06:35.973,1.19647,1.19652,1.00,2.62
2015.01.05 14:06:36.024,1.19647,1.19652,1.00,3.00
2015.01.05 14:06:36.175,1.19644,1.19649,1.00,2.51
2015.01.05 14:06:36.327,1.19644,1.19649,1.00,1.69
2015.01.05 14:06:36.580,1.19645,1.19649,1.50,1.10
2015.01.05 14:06:36.782,1.19647,1.19652,1.00,1.69
2015.01.05 14:06:37.438,1.19647,1.19652,1.50,1.47
2015.01.05 14:06:37.741,1.19647,1.19649,1.00,1.00
2015.01.05 14:06:39.102,1.19647,1.1965,1.00,1.00
2015.01.05 14:06:39.153,1.1966,1.19666,1.12,1.00
2015.01.05 14:06:39.204,1.19659,1.19664,2.06,1.00
2015.01.05 14:06:39.711,1.19659,1.19666,2.06,2.44
2015.01.05 14:06:39.762,1.19663,1.19666,1.00,2.25
2015.01.05 14:06:39.813,1.19663,1.19668,1.00,1.50
2015.01.05 14:06:39.864,1.19665,1.19668,1.00,1.25
2015.01.05 14:06:40.218,1.19663,1.19668,1.00,1.00
2015.01.05 14:06:40.724,1.19664,1.19668,1.10,1.00
2015.01.05 14:06:40.876,1.19667,1.19672,1.00,1.87
2015.01.05 14:06:41.180,1.19657,1.1966,1.72,1.25
2015.01.05 14:06:41.483,1.1966,1.19664,1.00,1.00
2015.01.05 14:06:41.584,1.19662,1.19667,1.12,1.25
2015.01.05 14:06:41.635,1.19661,1.19667,1.00,1.92
2015.01.05 14:06:41.736,1.19662,1.19667,1.12,1.69
2015.01.05 14:06:41.888,1.19664,1.19669,1.00,1.94
2015.01.05 14:06:41.939,1.19664,1.19669,1.00,1.69
2015.01.05 14:06:42.292,1.19666,1.19671,1.00,2.00
2015.01.05 14:06:42.629,1.19668,1.19673,1.00,1.94
2015.01.05 14:06:43.134,1.19668,1.19673,1.00,2.44
2015.01.05 14:06:43.386,1.19668,1.19673,1.00,1.31
2015.01.05 14:06:44.143,1.19667,1.1967,1.00,1.50
2015.01.05 14:06:44.194,1.19664,1.19669,2.25,1.00
2015.01.05 14:06:44.295,1.19662,1.19667,1.37,4.35
2015.01.05 14:06:44.548,1.19656,1.1966,1.37,1.10
2015.01.05 14:06:44.851,1.19662,1.19664,1.00,1.50
2015.01.05 14:06:44.903,1.19663,1.19664,1.00,1.10
2015.01.05 14:06:45.257,1.1966,1.19665,1.50,1.12
2015.01.05 14:06:45.308,1.19662,1.19667,1.00,1.75
2015.01.05 14:06:45.359,1.19664,1.19667,1.00,1.10
2015.01.05 14:06:45.410,1.19664,1.19667,1.00,1.47
2015.01.05 14:06:45.512,1.19664,1.19667,1.00,1.12
2015.01.05 14:06:46.168,1.19662,1.19667,1.00,1.37
2015.01.05 14:06:46.751,1.19651,1.19657,1.00,5.44
2015.01.05 14:06:46.803,1.19647,1.19652,1.12,1.37
2015.01.05 14:06:46.904,1.19645,1.19649,1.87,1.50
2015.01.05 14:06:46.955,1.19645,1.19648,1.12,1.00
2015.01.05 14:06:47.006,1.19641,1.19646,2.29,1.12
2015.01.05 14:06:47.108,1.19645,1.19648,1.00,1.69
2015.01.05 14:06:47.462,1.19646,1.19649,1.00,1.29
2015.01.05 14:06:47.968,1.19646,1.19649,1.00,1.37
2015.01.05 14:06:48.171,1.19648,1.1965,1.00,1.00
2015.01.05 14:06:48.676,1.19648,1.19649,1.00,1.00
2015.01.05 14:06:48.727,1.19645,1.19649,1.12,1.25
2015.01.05 14:06:49.905,1.19646,1.1965,1.50,1.10
2015.01.05 14:06:51.502,1.19654,1.19657,1.00,1.77
2015.01.05 14:06:51.756,1.19655,1.1966,1.00,2.44
2015.01.05 14:06:52.618,1.19655,1.1966,1.50,1.69
2015.01.05 14:06:52.720,1.19657,1.19662,1.00,2.44
2015.01.05 14:06:52.821,1.19657,1.19662,1.00,1.31
2015.01.05 14:06:52.922,1.1966,1.19662,1.00,1.12
2015.01.05 14:06:53.175,1.19664,1.19669,1.50,4.50
2015.01.05 14:06:53.226,1.1966,1.19663,1.12,1.00
2015.01.05 14:06:53.277,1.19658,1.19663,1.87,1.00
2015.01.05 14:06:53.479,1.19659,1.19663,1.12,1.25
2015.01.05 14:06:53.985,1.19658,1.19663,1.00,1.69
2015.01.05 14:06:54.389,1.1966,1.19663,1.00,1.42
2015.01.05 14:06:54.491,1.19663,1.19667,1.00,1.75
2015.01.05 14:06:54.592,1.19663,1.19668,1.50,1.50
2015.01.05 14:06:54.845,1.19665,1.19668,1.00,1.12
2015.01.05 14:06:55.421,1.19663,1.19664,1.00,1.00
2015.01.05 14:06:55.472,1.19658,1.19663,1.12,1.50
2015.01.05 14:06:55.574,1.19658,1.19661,1.12,1.00
2015.01.05 14:06:55.878,1.1966,1.19664,1.00,1.50
2015.01.05 14:06:55.929,1.19664,1.19667,1.00,2.06
2015.01.05 14:06:56.030,1.19663,1.19666,1.50,1.00
2015.01.05 14:06:56.537,1.19664,1.19667,1.50,1.50
2015.01.05 14:06:57.046,1.19665,1.19669,1.00,1.50
2015.01.05 14:06:57.097,1.19667,1.1967,1.00,1.67
2015.01.05 14:06:57.351,1.19667,1.19671,1.50,1.12
2015.01.05 14:06:57.857,1.19668,1.19671,1.00,1.12
2015.01.05 14:06:58.362,1.19669,1.19672,1.00,1.50
2015.01.05 14:06:58.975,1.19668,1.19669,1.00,1.50
2015.01.05 14:06:59.026,1.19665,1.19668,1.00,1.35
2015.01.05 14:06:59.558,1.19656,1.1966,1.00,1.94
2015.01.05 14:06:59.611,1.19653,1.19657,1.00,1.01
2015.01.05 14:07:00.066,1.19652,1.19657,1.00,2.01
2015.01.05 14:07:00.168,1.19641,1.19647,1.37,1.50
2015.01.05 14:07:00.219,1.19641,1.19645,1.37,3.75
2015.01.05 14:07:00.270,1.19638,1.19644,1.50,2.25
2015.01.05 14:07:00.322,1.19637,1.19642,1.87,3.00
2015.01.05 14:07:00.424,1.19637,1.19642,1.00,1.19
2015.01.05 14:07:00.628,1.19639,1.19643,1.00,1.29
2015.01.05 14:07:00.780,1.19639,1.19643,1.00,1.10
2015.01.05 14:07:00.831,1.19641,1.19643,1.00,1.10
2015.01.05 14:07:01.135,1.19643,1.19647,1.00,1.00
2015.01.05 14:07:01.267,1.19649,1.19651,1.00,1.00
2015.01.05 14:07:01.317,1.19649,1.19653,1.00,1.00
2015.01.05 14:07:02.177,1.19642,1.19649,3.00,3.75
2015.01.05 14:07:02.229,1.19642,1.19649,1.00,4.75
2015.01.05 14:07:02.533,1.19644,1.19649,1.00,5.50
2015.01.05 14:07:02.584,1.19645,1.19649,1.00,1.00
2015.01.05 14:07:02.635,1.19649,1.19652,1.00,3.75
2015.01.05 14:07:02.741,1.19651,1.19654,1.00,1.00
2015.01.05 14:07:02.944,1.19651,1.19656,1.50,1.00
2015.01.05 14:07:02.995,1.19651,1.19655,1.00,3.00
2015.01.05 14:07:03.248,1.1965,1.19655,1.50,1.50
2015.01.05 14:07:03.956,1.19649,1.19655,1.00,4.75
2015.01.05 14:07:04.259,1.19647,1.1965,1.00,1.00
2015.01.05 14:07:04.361,1.19645,1.1965,2.44,1.00
2015.01.05 14:07:04.462,1.19645,1.19648,1.00,1.00
2015.01.05 14:07:04.564,1.19643,1.19648,2.25,1.00
2015.01.05 14:07:04.766,1.19641,1.19646,1.00,1.00
2015.01.05 14:07:05.069,1.19645,1.19649,1.00,1.00
2015.01.05 14:07:05.574,1.19645,1.1965,1.10,1.00
2015.01.05 14:07:06.350,1.19646,1.1965,1.00,1.10
2015.01.05 14:07:06.704,1.19648,1.19653,1.00,1.87
2015.01.05 14:07:07.372,1.19649,1.19653,1.00,1.10
2015.01.05 14:07:07.726,1.19648,1.19653,1.00,3.67
2015.01.05 14:07:07.980,1.19644,1.1965,1.00,4.12
2015.01.05 14:07:08.284,1.19643,1.19647,1.10,1.35
2015.01.05 14:07:08.790,1.19644,1.19647,1.00,2.42
2015.01.05 14:07:09.375,1.19644,1.19649,1.50,2.25
2015.01.05 14:07:09.780,1.19644,1.19649,1.00,1.10
2015.01.05 14:07:10.394,1.19645,1.19649,1.00,1.10
2015.01.05 14:07:10.900,1.19644,1.19649,1.10,1.00
2015.01.05 14:07:11.052,1.19644,1.19649,1.10,3.79
2015.01.05 14:07:11.203,1.19642,1.19648,1.20,2.51
2015.01.05 14:07:11.708,1.19644,1.19648,1.00,1.31
2015.01.05 14:07:12.011,1.19647,1.1965,1.00,1.67
2015.01.05 14:07:12.516,1.19647,1.19652,1.00,1.69
2015.01.05 14:07:12.618,1.19648,1.19652,1.00,1.10
2015.01.05 14:07:12.871,1.1965,1.19654,1.00,1.12
2015.01.05 14:07:13.377,1.19651,1.19656,1.00,1.69
2015.01.05 14:07:15.005,1.19652,1.19656,1.37,1.42
2015.01.05 14:07:15.159,1.19653,1.19658,2.62,1.00
2015.01.05 14:07:15.260,1.19654,1.19657,1.00,2.47
2015.01.05 14:07:15.567,1.19658,1.19662,1.00,1.69
2015.01.05 14:07:15.618,1.19658,1.19664,1.00,1.67
2015.01.05 14:07:15.720,1.19659,1.19664,1.00,1.94
2015.01.05 14:07:15.822,1.19657,1.19662,1.00,1.10
2015.01.05 14:07:15.874,1.19657,1.19659,1.00,3.00
2015.01.05 14:07:16.026,1.19652,1.19656,1.00,1.00
2015.01.05 14:07:16.128,1.19654,1.19658,1.00,1.12
2015.01.05 14:07:16.437,1.19655,1.19659,1.00,1.92
2015.01.05 14:07:16.948,1.19656,1.1966,1.00,1.94
2015.01.05 14:07:17.269,1.19657,1.1966,1.00,1.56
2015.01.05 14:07:17.473,1.19662,1.19665,1.00,2.25
2015.01.05 14:07:17.574,1.19664,1.19667,1.00,1.00
2015.01.05 14:07:18.081,1.19666,1.1967,1.00,2.25
2015.01.05 14:07:18.131,1.19664,1.19669,1.00,1.50
2015.01.05 14:07:18.811,1.19662,1.19665,1.00,1.00
2015.01.05 14:07:18.862,1.1966,1.19665,1.57,1.50
2015.01.05 14:07:18.913,1.19658,1.19663,1.87,1.19
2015.01.05 14:07:19.217,1.19656,1.1966,1.00,1.19
2015.01.05 14:07:19.722,1.19656,1.19661,1.00,2.44
2015.01.05 14:07:20.228,1.19656,1.19661,1.00,2.44
2015.01.05 14:07:20.633,1.19658,1.19663,1.50,1.75
2015.01.05 14:07:20.684,1.19659,1.19663,1.00,1.50
2015.01.05 14:07:20.785,1.1966,1.19663,1.00,1.00
2015.01.05 14:07:20.887,1.19657,1.19662,1.00,1.01
2015.01.05 14:07:20.988,1.19657,1.19662,1.00,2.44
2015.01.05 14:07:21.645,1.19657,1.19662,1.00,2.44
2015.01.05 14:07:22.605,1.19657,1.19662,1.00,2.44
2015.01.05 14:07:22.756,1.19655,1.1966,1.50,1.10
2015.01.05 14:07:22.958,1.19657,1.1966,1.00,1.12
2015.01.05 14:07:23.111,1.19661,1.19665,2.25,1.75
2015.01.05 14:07:23.212,1.19662,1.19667,2.25,1.50
2015.01.05 14:07:23.516,1.19664,1.19667,1.00,1.50
2015.01.05 14:07:23.769,1.19665,1.1967,1.00,1.69
2015.01.05 14:07:23.870,1.19663,1.19668,2.25,1.10
2015.01.05 14:07:23.972,1.19665,1.1967,1.00,1.69
2015.01.05 14:07:24.985,1.19666,1.1967,1.00,1.69
2015.01.05 14:07:25.490,1.19667,1.19672,1.00,1.94
2015.01.05 14:07:27.156,1.19667,1.19672,1.00,2.06
2015.01.05 14:07:28.099,1.19668,1.19672,1.12,1.69
2015.01.05 14:07:28.403,1.19671,1.19675,1.00,1.94
2015.01.05 14:07:29.026,1.19671,1.19675,1.00,1.69
2015.01.05 14:07:29.434,1.19673,1.19676,1.00,1.92
2015.01.05 14:07:29.687,1.19676,1.1968,1.00,1.50
2015.01.05 14:07:30.142,1.19674,1.19675,1.00,1.00
2015.01.05 14:07:30.243,1.1967,1.19675,3.60,1.01
2015.01.05 14:07:30.445,1.1967,1.19673,2.10,1.25
2015.01.05 14:07:30.749,1.1967,1.19673,2.10,1.69
2015.01.05 14:07:31.297,1.19668,1.19673,3.00,1.69
2015.01.05 14:07:31.449,1.1967,1.19675,1.00,2.44
2015.01.05 14:07:31.954,1.1967,1.19675,1.12,2.44
2015.01.05 14:07:32.460,1.1967,1.19675,1.12,2.06
2015.01.05 14:07:32.612,1.19655,1.19662,2.62,1.00
2015.01.05 14:07:32.663,1.19656,1.19661,1.12,1.19
2015.01.05 14:07:32.764,1.19654,1.19659,1.57,1.01
2015.01.05 14:07:32.865,1.19654,1.19659,1.00,1.69
2015.01.05 14:07:33.371,1.19654,1.19659,1.00,1.94
2015.01.05 14:07:35.240,1.19654,1.19659,1.00,1.69
2015.01.05 14:07:36.886,1.19655,1.19659,1.00,1.50
2015.01.05 14:07:37.565,1.19654,1.19659,2.25,1.69
2015.01.05 14:07:38.282,1.19653,1.19657,1.00,1.10
2015.01.05 14:07:38.586,1.19649,1.19654,1.87,1.12
2015.01.05 14:07:39.690,1.19653,1.19655,2.85,1.00
2015.01.05 14:07:39.741,1.19653,1.19658,4.35,1.12
2015.01.05 14:07:40.249,1.19653,1.19658,2.44,1.10
2015.01.05 14:07:41.064,1.19652,1.19656,4.99,1.00
2015.01.05 14:07:41.368,1.19651,1.19653,1.37,1.50
2015.01.05 14:07:41.419,1.19649,1.19653,1.57,1.50
2015.01.05 14:07:41.470,1.19649,1.1965,1.00,1.57
2015.01.05 14:07:41.521,1.19645,1.1965,1.00,2.51
2015.01.05 14:07:41.572,1.19643,1.19647,1.00,1.25
2015.01.05 14:07:41.674,1.19641,1.19645,1.00,1.00
2015.01.05 14:07:42.180,1.1964,1.19645,1.50,1.00
2015.01.05 14:07:42.785,1.1964,1.19643,1.00,1.00
2015.01.05 14:07:43.441,1.1964,1.19644,1.00,1.76
2015.01.05 14:07:43.952,1.19639,1.19643,1.50,1.00
2015.01.05 14:07:44.255,1.19637,1.19639,2.62,1.00
2015.01.05 14:07:44.508,1.19629,1.19631,1.00,1.50
2015.01.05 14:07:44.559,1.19624,1.19628,1.87,1.00
2015.01.05 14:07:44.610,1.19623,1.19625,1.37,4.50
2015.01.05 14:07:44.661,1.19615,1.1962,1.10,1.00
2015.01.05 14:07:44.711,1.19615,1.1962,1.87,1.00
2015.01.05 14:07:44.863,1.19615,1.1962,2.25,1.00
2015.01.05 14:07:44.914,1.19618,1.19621,1.12,1.00
2015.01.05 14:07:44.966,1.19619,1.19624,1.00,1.00
2015.01.05 14:07:45.017,1.19622,1.19624,1.00,1.00
2015.01.05 14:07:45.371,1.1962,1.19624,1.00,4.12
2015.01.05 14:07:45.726,1.19618,1.19623,2.62,1.00
2015.01.05 14:07:46.483,1.19616,1.19621,3.19,1.00
2015.01.05 14:07:47.509,1.19614,1.19616,1.00,1.00
2015.01.05 14:07:47.560,1.19611,1.19615,1.00,1.50
2015.01.05 14:07:47.611,1.19609,1.19611,1.00,1.00
2015.01.05 14:07:47.763,1.19604,1.19609,1.50,1.10
2015.01.05 14:07:47.814,1.19604,1.19607,1.00,1.00
2015.01.05 14:07:47.865,1.19602,1.19607,2.14,1.00
2015.01.05 14:07:48.067,1.19602,1.19607,4.16,1.00
2015.01.05 14:07:49.076,1.19604,1.19609,1.31,1.00
2015.01.05 14:07:49.380,1.19607,1.19612,1.50,1.00
2015.01.05 14:07:49.885,1.19609,1.19612,1.00,1.00
2015.01.05 14:07:50.391,1.19609,1.19613,1.00,1.25
2015.01.05 14:07:50.795,1.19611,1.19616,1.00,2.81
2015.01.05 14:07:51.098,1.19613,1.19617,1.00,1.69
2015.01.05 14:07:52.217,1.19613,1.19619,2.44,1.00
2015.01.05 14:07:52.267,1.1962,1.19625,1.00,2.85
2015.01.05 14:07:52.419,1.19622,1.19625,1.00,2.10
2015.01.05 14:07:52.773,1.19622,1.19627,1.00,1.12
2015.01.05 14:07:53.228,1.19624,1.19629,1.00,1.94
2015.01.05 14:07:53.733,1.19624,1.19629,1.00,1.50
2015.01.05 14:07:54.262,1.19626,1.19629,1.00,1.50
2015.01.05 14:07:54.364,1.19624,1.19629,1.00,1.50
2015.01.05 14:07:54.617,1.19626,1.19631,1.00,3.94
2015.01.05 14:07:54.920,1.19628,1.19631,1.00,1.56
2015.01.05 14:07:55.410,1.19626,1.19631,1.00,1.86
2015.01.05 14:07:55.511,1.19628,1.19634,1.00,2.06
2015.01.05 14:07:55.612,1.19627,1.19632,1.00,1.37
2015.01.05 14:07:55.663,1.19627,1.19632,1.00,1.10
2015.01.05 14:07:55.713,1.19625,1.1963,1.50,1.00
2015.01.05 14:07:56.218,1.19625,1.1963,1.00,1.12
2015.01.05 14:07:57.387,1.19625,1.1963,1.00,3.00
2015.01.05 14:07:57.690,1.19623,1.19626,4.00,1.19
2015.01.05 14:07:57.792,1.19617,1.19621,1.10,1.50
2015.01.05 14:07:57.843,1.19614,1.19618,1.00,1.00
2015.01.05 14:07:58.347,1.19613,1.19618,1.00,1.29
2015.01.05 14:07:58.651,1.19622,1.19626,1.00,1.75
2015.01.05 14:07:58.752,1.19622,1.19627,1.00,1.57
2015.01.05 14:07:59.509,1.1962,1.19625,2.62,1.00
2015.01.05 14:08:00.184,1.1962,1.19623,1.87,1.00
2015.01.05 14:08:00.704,1.1962,1.19625,1.57,1.50
2015.01.05 14:08:01.268,1.1962,1.19625,1.50,1.87
2015.01.05 14:08:01.471,1.19618,1.1962,1.00,1.00
2015.01.05 14:08:01.624,1.19614,1.19618,1.00,1.00
2015.01.05 14:08:01.827,1.19612,1.19617,1.50,1.25
2015.01.05 14:08:02.331,1.19612,1.19617,1.50,2.06
2015.01.05 14:08:02.837,1.19612,1.19617,2.25,1.50
2015.01.05 14:08:03.140,1.19615,1.19617,1.50,1.00
2015.01.05 14:08:03.242,1.19615,1.19619,1.30,1.10
2015.01.05 14:08:03.293,1.19617,1.19619,1.00,1.10
2015.01.05 14:08:03.344,1.19617,1.19621,1.50,1.10
2015.01.05 14:08:03.496,1.19619,1.1962,1.00,1.10
2015.01.05 14:08:03.597,1.19617,1.19622,2.25,1.12
2015.01.05 14:08:03.648,1.19619,1.19623,1.00,1.37
2015.01.05 14:08:04.917,1.19613,1.19615,3.00,1.01
2015.01.05 14:08:04.968,1.1961,1.19614,1.00,1.00
2015.01.05 14:08:05.978,1.19609,1.19614,2.32,1.00
2015.01.05 14:08:06.483,1.19609,1.19614,2.70,1.00
2015.01.05 14:08:07.521,1.19609,1.19614,1.10,1.00
2015.01.05 14:08:07.826,1.19613,1.19618,1.00,4.69
2015.01.05 14:08:07.877,1.19613,1.19618,1.00,2.06
2015.01.05 14:08:08.242,1.19615,1.19617,3.60,1.00
2015.01.05 14:08:08.293,1.19616,1.1962,1.50,1.00
2015.01.05 14:08:08.343,1.19618,1.19623,1.00,1.37
2015.01.05 14:08:08.394,1.19618,1.19623,1.00,1.10
2015.01.05 14:08:08.798,1.1962,1.19623,1.00,1.00
2015.01.05 14:08:08.849,1.19621,1.19626,1.00,1.31
2015.01.05 14:08:09.354,1.19622,1.19626,1.00,2.06
2015.01.05 14:08:09.607,1.19625,1.19628,1.00,2.06
2015.01.05 14:08:09.960,1.19625,1.19628,1.00,1.76
2015.01.05 14:08:10.264,1.19627,1.1963,1.00,2.44
2015.01.05 14:08:10.365,1.19627,1.1963,1.00,1.01
2015.01.05 14:08:11.576,1.19628,1.19632,1.00,2.44
2015.01.05 14:08:12.178,1.19628,1.19632,1.00,1.29
2015.01.05 14:08:12.685,1.19629,1.19634,2.25,1.50
2015.01.05 14:08:12.787,1.19633,1.19638,3.75,1.70
2015.01.05 14:08:12.837,1.19635,1.19639,1.00,2.66
2015.01.05 14:08:13.243,1.19632,1.19636,1.00,2.32
2015.01.05 14:08:13.346,1.19629,1.19634,1.00,1.69
2015.01.05 14:08:13.599,1.19631,1.19634,1.50,1.10
2015.01.05 14:08:13.649,1.19633,1.19635,1.00,1.12
2015.01.05 14:08:13.700,1.19633,1.19638,1.00,1.01
2015.01.05 14:08:14.457,1.19634,1.19638,1.00,1.01
2015.01.05 14:08:14.508,1.19634,1.19635,1.00,1.00
2015.01.05 14:08:14.559,1.19632,1.19635,1.57,1.00
2015.01.05 14:08:14.660,1.1963,1.19635,1.10,3.67
2015.01.05 14:08:14.812,1.1963,1.19632,1.00,1.25
2015.01.05 14:08:15.317,1.19631,1.19632,1.00,1.00
2015.01.05 14:08:15.620,1.19639,1.19646,1.87,2.44
2015.01.05 14:08:16.946,1.1964,1.19645,1.00,2.25
2015.01.05 14:08:17.452,1.1964,1.19645,1.87,1.25
2015.01.05 14:08:17.958,1.19642,1.19644,1.00,1.12
2015.01.05 14:08:18.059,1.1964,1.19645,1.00,2.06
2015.01.05 14:08:18.566,1.1964,1.19645,1.00,2.06
2015.01.05 14:08:21.499,1.1964,1.19643,1.50,1.50
2015.01.05 14:08:21.600,1.19638,1.19643,2.25,2.44
2015.01.05 14:08:21.701,1.19636,1.19638,1.10,1.00
2015.01.05 14:08:21.904,1.19629,1.19633,2.25,1.19
2015.01.05 14:08:22.914,1.19629,1.19632,1.00,1.37
2015.01.05 14:08:22.965,1.19627,1.19631,1.50,1.50
2015.01.05 14:08:23.067,1.19625,1.1963,2.25,1.10
2015.01.05 14:08:23.168,1.19627,1.1963,1.00,1.10
2015.01.05 14:08:23.572,1.19625,1.1963,2.25,1.12
2015.01.05 14:08:24.469,1.19624,1.19626,1.00,1.00
2015.01.05 14:08:24.774,1.19621,1.19623,1.10,1.00
2015.01.05 14:08:24.825,1.19622,1.19623,1.00,1.00
2015.01.05 14:08:24.927,1.19617,1.19622,1.00,1.12
2015.01.05 14:08:24.978,1.19616,1.1962,1.57,1.00
2015.01.05 14:08:25.281,1.19619,1.19622,1.00,1.00
2015.01.05 14:08:25.787,1.1962,1.19623,1.50,1.00
2015.01.05 14:08:27.118,1.19618,1.19623,3.67,1.57
2015.01.05 14:08:27.624,1.1962,1.19624,1.00,1.12
2015.01.05 14:08:27.776,1.1962,1.19625,1.10,1.10
2015.01.05 14:08:28.281,1.19621,1.19625,1.57,1.00
2015.01.05 14:08:28.786,1.19619,1.19621,1.10,5.10
2015.01.05 14:08:28.888,1.19613,1.19616,1.57,1.00
2015.01.05 14:08:29.394,1.19612,1.19616,1.10,1.00
2015.01.05 14:08:29.555,1.19614,1.19616,1.00,1.00
2015.01.05 14:08:29.757,1.19617,1.19622,1.50,1.87
2015.01.05 14:08:29.858,1.19617,1.1962,1.00,1.12
2015.01.05 14:08:30.010,1.19615,1.19618,1.50,1.00
2015.01.05 14:08:30.212,1.19613,1.19616,1.00,1.00
2015.01.05 14:08:30.751,1.19614,1.19618,1.00,2.14
2015.01.05 14:08:31.414,1.19613,1.19616,1.00,1.00
2015.01.05 14:08:31.874,1.1961,1.19611,1.00,1.00
2015.01.05 14:08:31.976,1.19606,1.19611,2.47,1.50
2015.01.05 14:08:32.244,1.19609,1.19612,1.00,1.00
2015.01.05 14:08:32.749,1.19609,1.19613,1.50,1.10
2015.01.05 14:08:33.255,1.19609,1.19612,1.00,1.00
2015.01.05 14:08:33.762,1.19607,1.19611,2.81,1.00
2015.01.05 14:08:34.268,1.19607,1.19611,3.19,1.00
2015.01.05 14:08:35.090,1.19616,1.19618,2.29,1.00
2015.01.05 14:08:35.143,1.19616,1.19618,2.10,1.00
2015.01.05 14:08:35.244,1.19616,1.1962,1.61,1.00
2015.01.05 14:08:35.345,1.19616,1.1962,4.54,1.00
2015.01.05 14:08:35.699,1.19618,1.19622,1.50,1.00
2015.01.05 14:08:37.397,1.19618,1.19621,1.00,1.12
2015.01.05 14:08:37.549,1.19616,1.19619,1.57,1.00
2015.01.05 14:08:37.802,1.19612,1.19616,1.12,1.00
2015.01.05 14:08:38.559,1.19613,1.19616,1.00,1.00
2015.01.05 14:08:39.646,1.19615,1.19617,1.00,1.50
2015.01.05 14:08:39.748,1.19617,1.19619,1.12,1.00
2015.01.05 14:08:39.849,1.19617,1.19621,1.50,1.00
2015.01.05 14:08:40.405,1.19615,1.19617,4.31,1.00
2015.01.05 14:08:40.556,1.19614,1.19616,1.42,1.00
2015.01.05 14:08:40.607,1.19614,1.19618,2.17,1.57
2015.01.05 14:08:41.552,1.19615,1.19618,2.10,1.00
2015.01.05 14:08:41.603,1.19617,1.19618,1.00,1.00
2015.01.05 14:08:41.653,1.19618,1.19621,1.00,1.00
2015.01.05 14:08:41.957,1.1962,1.19623,1.00,1.10
2015.01.05 14:08:42.462,1.1962,1.19624,1.00,1.76
2015.01.05 14:08:42.764,1.19611,1.19614,1.87,1.00
2015.01.05 14:08:43.169,1.19613,1.19615,1.00,1.10
2015.01.05 14:08:43.371,1.19611,1.19615,1.00,1.00
2015.01.05 14:08:43.421,1.19608,1.19611,2.25,1.00
2015.01.05 14:08:43.624,1.19608,1.19611,1.00,1.12
2015.01.05 14:08:44.017,1.19607,1.19609,1.00,1.12
2015.01.05 14:08:44.069,1.19604,1.19608,1.01,1.00
2015.01.05 14:08:45.283,1.19604,1.19606,1.10,1.00
2015.01.05 14:08:45.486,1.19602,1.19604,1.00,2.10
2015.01.05 14:08:45.537,1.196,1.19604,1.57,2.29
2015.01.05 14:08:45.944,1.19602,1.19605,1.87,1.00
2015.01.05 14:08:46.257,1.19608,1.19611,3.04,1.00
2015.01.05 14:08:46.863,1.19609,1.19613,1.50,1.57
2015.01.05 14:08:46.914,1.19609,1.19611,1.00,1.00
2015.01.05 14:08:47.067,1.19607,1.19611,1.00,1.00
2015.01.05 14:08:47.219,1.19607,1.19608,1.00,1.00
2015.01.05 14:08:47.774,1.19602,1.19606,1.00,2.06
2015.01.05 14:08:47.825,1.19601,1.19605,1.00,1.76
2015.01.05 14:08:47.926,1.19601,1.19605,1.00,1.76
2015.01.05 14:08:49.648,1.19601,1.19604,1.12,1.00
2015.01.05 14:08:49.749,1.19599,1.19601,1.87,1.00
2015.01.05 14:08:49.901,1.19599,1.19603,1.37,1.10
2015.01.05 14:08:50.356,1.19601,1.19605,1.12,1.01
2015.01.05 14:08:52.344,1.19602,1.19605,1.00,1.10
2015.01.05 14:08:52.446,1.19603,1.19607,1.00,1.10
2015.01.05 14:08:52.951,1.19605,1.19609,1.00,2.25
2015.01.05 14:08:53.254,1.19602,1.19603,1.00,1.00
2015.01.05 14:08:53.356,1.19599,1.19603,1.57,1.00
2015.01.05 14:08:53.508,1.19602,1.19605,2.10,5.36
2015.01.05 14:08:53.661,1.19603,1.19607,2.85,1.31
2015.01.05 14:08:53.964,1.19601,1.19605,2.44,1.00
2015.01.05 14:08:54.065,1.19603,1.19607,1.00,1.12
2015.01.05 14:08:54.367,1.19605,1.19609,1.00,2.62
2015.01.05 14:08:54.873,1.19605,1.19609,1.00,1.57
2015.01.05 14:08:56.033,1.19607,1.19609,1.00,1.10
2015.01.05 14:08:56.185,1.19608,1.19612,1.50,1.69
2015.01.05 14:08:56.489,1.19609,1.19612,1.00,1.00
2015.01.05 14:08:56.540,1.19608,1.19611,1.00,1.37
2015.01.05 14:08:57.195,1.19608,1.19612,1.50,1.50
2015.01.05 14:08:57.246,1.1961,1.19614,1.00,2.44
2015.01.05 14:08:57.398,1.19608,1.19612,1.00,1.12
2015.01.05 14:08:57.904,1.19608,1.19612,1.00,1.95
2015.01.05 14:08:59.887,1.19606,1.1961,2.32,1.00
2015.01.05 14:09:00.442,1.19607,1.1961,1.00,1.00
2015.01.05 14:09:00.947,1.19606,1.1961,2.32,1.50
2015.01.05 14:09:01.301,1.19606,1.19608,1.57,1.00
2015.01.05 14:09:01.604,1.19601,1.19604,1.00,3.04
2015.01.05 14:09:01.655,1.19601,1.19604,1.50,1.54
2015.01.05 14:09:02.679,1.19604,1.19607,1.50,1.67
2015.01.05 14:09:02.730,1.19604,1.19607,1.00,1.00
2015.01.05 14:09:03.305,1.19603,1.19607,1.76,1.00
2015.01.05 14:09:03.507,1.19605,1.19608,1.00,1.00
2015.01.05 14:09:04.012,1.19605,1.19609,1.50,1.50
2015.01.05 14:09:04.535,1.19606,1.19609,1.00,1.87
2015.01.05 14:09:04.940,1.19604,1.19607,1.00,1.00
2015.01.05 14:09:05.445,1.19605,1.19609,1.50,2.25
2015.01.05 14:09:05.950,1.19606,1.19609,1.00,1.00
2015.01.05 14:09:06.404,1.19609,1.1961,1.00,1.00
2015.01.05 14:09:06.556,1.19609,1.19613,1.00,1.12
2015.01.05 14:09:06.759,1.19609,1.19613,2.81,1.12
2015.01.05 14:09:06.860,1.19612,1.19615,1.50,1.10
2015.01.05 14:09:06.911,1.19614,1.19615,1.00,1.10
2015.01.05 14:09:07.114,1.19618,1.19621,1.00,1.12
2015.01.05 14:09:07.316,1.1962,1.19622,1.50,1.00
2015.01.05 14:09:07.468,1.19623,1.19627,1.50,1.57
2015.01.05 14:09:07.519,1.19625,1.19628,1.00,1.50
2015.01.05 14:09:08.035,1.19625,1.19628,1.00,1.37
2015.01.05 14:09:09.408,1.19624,1.19627,1.00,1.69
2015.01.05 14:09:09.712,1.1962,1.19622,1.00,1.12
2015.01.05 14:09:10.065,1.19627,1.1963,1.37,1.00
2015.01.05 14:09:10.664,1.19633,1.19635,1.50,1.00
2015.01.05 14:09:10.714,1.19634,1.19638,1.50,1.50
2015.01.05 14:09:11.219,1.19633,1.19637,2.36,1.00
2015.01.05 14:09:11.472,1.19629,1.19633,1.00,1.00
2015.01.05 14:09:11.523,1.19628,1.19631,1.00,1.00
2015.01.05 14:09:11.727,1.19625,1.19629,1.00,1.00
2015.01.05 14:09:12.031,1.19624,1.19627,1.00,1.00
2015.01.05 14:09:12.537,1.19623,1.19627,2.25,1.00
2015.01.05 14:09:13.546,1.19625,1.19627,2.10,1.00
2015.01.05 14:09:13.698,1.19629,1.19633,1.50,1.76
2015.01.05 14:09:13.749,1.19632,1.19633,1.00,1.10
2015.01.05 14:09:15.373,1.19631,1.19634,2.51,1.00
2015.01.05 14:09:15.698,1.19631,1.19635,3.94,1.00
2015.01.05 14:09:16.360,1.19631,1.19634,1.42,1.00
2015.01.05 14:09:16.563,1.19625,1.19629,2.32,1.50
2015.01.05 14:09:16.765,1.19626,1.19627,1.00,1.00
2015.01.05 14:09:16.816,1.19624,1.19627,1.00,1.00
2015.01.05 14:09:17.321,1.19623,1.19627,1.50,1.00
2015.01.05 14:09:17.524,1.19622,1.19625,1.50,1.00
2015.01.05 14:09:17.778,1.19618,1.19622,1.50,1.10
2015.01.05 14:09:17.879,1.19619,1.19624,2.51,1.10
2015.01.05 14:09:18.082,1.19621,1.19626,1.50,1.69
2015.01.05 14:09:18.831,1.19622,1.19626,1.00,1.25
2015.01.05 14:09:19.134,1.19623,1.19628,1.50,2.32
2015.01.05 14:09:19.437,1.19623,1.19626,1.10,1.00
2015.01.05 14:09:20.105,1.19624,1.19626,1.00,1.00
2015.01.05 14:09:20.206,1.19624,1.19628,1.00,1.10
2015.01.05 14:09:20.712,1.19625,1.1963,1.00,1.87
2015.01.05 14:09:20.966,1.19628,1.1963,1.00,1.10
2015.01.05 14:09:21.269,1.19626,1.19631,3.00,1.25
2015.01.05 14:09:21.371,1.19625,1.19629,1.10,1.00
2015.01.05 14:09:22.286,1.19625,1.19629,2.06,1.00
2015.01.05 14:09:23.586,1.19624,1.19629,2.32,1.00
2015.01.05 14:09:24.445,1.19624,1.19628,1.00,1.00
2015.01.05 14:09:24.495,1.19624,1.19625,1.00,1.00
2015.01.05 14:09:24.647,1.19622,1.19625,1.57,1.00
2015.01.05 14:09:24.698,1.19622,1.19627,1.50,1.10
2015.01.05 14:09:25.203,1.19623,1.19627,1.00,1.00
2015.01.05 14:09:25.708,1.19624,1.19628,1.00,1.12
2015.01.05 14:09:27.344,1.1962,1.19625,1.50,1.10
2015.01.05 14:09:27.648,1.19619,1.19621,1.10,1.00
2015.01.05 14:09:27.800,1.19614,1.19619,2.62,1.50
2015.01.05 14:09:27.952,1.19613,1.19617,2.62,1.00
2015.01.05 14:09:28.053,1.19612,1.19617,1.76,1.00
2015.01.05 14:09:28.104,1.19614,1.19617,1.25,1.00
2015.01.05 14:09:28.306,1.19619,1.19624,1.10,1.50
2015.01.05 14:09:28.458,1.19618,1.19622,2.32,1.00
2015.01.05 14:09:28.963,1.19617,1.19622,2.81,1.57
2015.01.05 14:09:29.724,1.19617,1.19619,1.87,3.00
2015.01.05 14:09:29.825,1.19604,1.1961,2.61,1.00
2015.01.05 14:09:29.876,1.19605,1.1961,1.67,1.50
2015.01.05 14:09:29.977,1.19604,1.1961,1.10,1.69
2015.01.05 14:09:30.079,1.19605,1.1961,1.37,1.69
2015.01.05 14:09:30.331,1.19615,1.19619,1.00,1.00
2015.01.05 14:09:30.483,1.19614,1.19617,2.17,1.00
2015.01.05 14:09:30.635,1.19611,1.19615,1.87,1.00
2015.01.05 14:09:31.143,1.19612,1.19616,1.00,1.00
2015.01.05 14:09:32.012,1.19612,1.19617,1.00,1.76
2015.01.05 14:09:32.315,1.1961,1.19615,1.12,1.25
2015.01.05 14:09:32.618,1.1961,1.19615,1.00,2.81
2015.01.05 14:09:33.734,1.1961,1.19614,1.12,1.37
2015.01.05 14:09:33.835,1.19613,1.19615,1.00,1.57
2015.01.05 14:09:34.038,1.1961,1.19615,1.87,1.57
2015.01.05 14:09:34.492,1.19614,1.19617,1.00,2.06
2015.01.05 14:09:34.795,1.19612,1.19617,1.01,1.25
2015.01.05 14:09:35.401,1.19613,1.19617,1.00,1.10
2015.01.05 14:09:35.757,1.19615,1.19619,2.10,1.12
2015.01.05 14:09:35.960,1.19617,1.19622,1.87,1.12
2015.01.05 14:09:36.112,1.19619,1.19623,1.00,1.00
2015.01.05 14:09:36.416,1.19621,1.19626,1.00,1.12
2015.01.05 14:09:36.719,1.19624,1.19629,1.00,1.62
2015.01.05 14:09:36.820,1.19624,1.19629,1.00,1.01
2015.01.05 14:09:38.034,1.19625,1.19629,1.00,1.10
2015.01.05 14:09:38.545,1.19626,1.19629,1.00,1.00
2015.01.05 14:09:40.632,1.19625,1.19629,1.00,1.00
2015.01.05 14:09:42.421,1.19625,1.19629,1.00,1.87
2015.01.05 14:09:43.245,1.19626,1.19631,1.87,2.25
2015.01.05 14:09:43.397,1.19626,1.1963,3.64,1.00
2015.01.05 14:09:43.600,1.19628,1.1963,1.00,1.00
2015.01.05 14:09:44.145,1.19628,1.19631,1.00,1.50
2015.01.05 14:09:44.448,1.19632,1.19633,1.00,1.10
2015.01.05 14:09:44.499,1.19632,1.19635,1.50,1.50
2015.01.05 14:09:44.752,1.1963,1.19633,1.10,1.00
2015.01.05 14:09:45.055,1.1963,1.19635,1.50,1.57
2015.01.05 14:09:45.208,1.19633,1.19635,1.00,1.10
2015.01.05 14:09:45.360,1.19634,1.19639,1.00,1.12
2015.01.05 14:09:45.865,1.19634,1.19639,1.50,1.10
2015.01.05 14:09:46.329,1.19634,1.19639,1.00,2.57
2015.01.05 14:09:46.634,1.19631,1.19637,1.50,2.25
2015.01.05 14:09:46.685,1.19631,1.19637,1.50,2.49
2015.01.05 14:09:46.786,1.19633,1.19638,1.00,1.37
2015.01.05 14:09:46.989,1.19631,1.19637,1.00,2.55
2015.01.05 14:09:47.091,1.19629,1.19635,2.25,1.95
2015.01.05 14:09:47.242,1.19629,1.19634,1.00,1.62
2015.01.05 14:09:48.172,1.19627,1.19632,1.00,3.56
2015.01.05 14:09:48.576,1.19627,1.19632,1.00,2.44
2015.01.05 14:09:49.082,1.19625,1.19628,1.00,1.25
2015.01.05 14:09:49.394,1.19624,1.19626,1.00,1.00
2015.01.05 14:09:49.546,1.19628,1.19631,1.35,1.00
2015.01.05 14:09:49.596,1.19631,1.19633,1.00,1.12
2015.01.05 14:09:49.647,1.19631,1.19635,1.00,1.10
2015.01.05 14:09:49.800,1.1963,1.19633,1.10,1.25
2015.01.05 14:09:49.923,1.19627,1.19632,1.50,1.50
2015.01.05 14:09:50.327,1.1963,1.19632,1.00,1.00
2015.01.05 14:09:50.429,1.19633,1.19637,1.00,3.60
2015.01.05 14:09:50.783,1.1963,1.19635,1.00,1.72
2015.01.05 14:09:50.934,1.1963,1.19633,1.00,1.00
2015.01.05 14:09:50.985,1.19628,1.19633,1.50,1.57
2015.01.05 14:09:51.087,1.19628,1.19633,1.50,1.37
2015.01.05 14:09:51.189,1.19628,1.19633,1.00,1.10
2015.01.05 14:09:52.567,1.19628,1.19633,1.00,1.94
2015.01.05 14:09:52.618,1.19626,1.19631,1.00,2.81
2015.01.05 14:09:53.831,1.19626,1.19631,1.00,2.25
2015.01.05 14:09:53.881,1.19624,1.1963,1.50,2.62
2015.01.05 14:09:54.387,1.19624,1.1963,1.50,2.62
2015.01.05 14:09:54.894,1.19626,1.19631,1.00,2.44
2015.01.05 14:09:56.302,1.19627,1.19631,1.00,2.61
2015.01.05 14:09:57.010,1.19626,1.19631,1.00,2.44
2015.01.05 14:09:58.676,1.19626,1.19631,1.00,2.24
2015.01.05 14:10:00.428,1.19628,1.19632,1.00,2.74
2015.01.05 14:10:00.680,1.19628,1.19632,1.00,1.57
2015.01.05 14:10:00.731,1.19627,1.1963,2.25,1.00
2015.01.05 14:10:01.239,1.19628,1.19632,1.00,1.69
2015.01.05 14:10:01.340,1.19627,1.19632,1.00,1.31
2015.01.05 14:10:01.846,1.19628,1.19632,1.00,2.06
2015.01.05 14:10:02.353,1.19629,1.19633,1.50,1.31
2015.01.05 14:10:03.577,1.19629,1.19633,1.50,1.01
2015.01.05 14:10:03.951,1.19631,1.19634,1.00,1.12
2015.01.05 14:10:04.254,1.19638,1.19641,1.00,2.17
2015.01.05 14:10:04.507,1.19638,1.19641,4.50,1.50
2015.01.05 14:10:04.911,1.1964,1.19644,1.00,1.10
2015.01.05 14:10:05.416,1.19641,1.19646,1.00,2.06
2015.01.05 14:10:05.619,1.19641,1.19645,1.00,3.94
2015.01.05 14:10:05.669,1.19639,1.19643,1.00,1.37
2015.01.05 14:10:05.771,1.1964,1.19643,1.00,1.56
2015.01.05 14:10:05.873,1.19638,1.19641,1.10,1.00
2015.01.05 14:10:05.924,1.19638,1.19641,1.29,1.00
2015.01.05 14:10:06.227,1.19657,1.19659,1.19,3.07
2015.01.05 14:10:06.277,1.1966,1.19662,1.12,1.00
2015.01.05 14:10:06.379,1.1966,1.19664,1.00,1.37
2015.01.05 14:10:06.631,1.1966,1.19663,1.50,1.10
2015.01.05 14:10:06.733,1.19658,1.19662,1.00,1.62
2015.01.05 14:10:06.784,1.19658,1.19662,1.00,1.62
2015.01.05 14:10:06.987,1.19656,1.1966,1.50,1.47
2015.01.05 14:10:07.038,1.19656,1.1966,1.50,1.47
2015.01.05 14:10:07.447,1.19656,1.1966,1.50,2.14
2015.01.05 14:10:07.549,1.19654,1.19658,2.25,1.00
2015.01.05 14:10:08.054,1.19654,1.19658,1.50,1.37
2015.01.05 14:10:08.257,1.19652,1.19656,1.10,1.00
2015.01.05 14:10:09.066,1.19651,1.19654,1.10,1.00
2015.01.05 14:10:09.369,1.19646,1.19648,1.00,1.50
2015.01.05 14:10:09.622,1.19642,1.19645,1.95,1.00
2015.01.05 14:10:09.875,1.19647,1.19651,2.10,1.75
2015.01.05 14:10:09.926,1.19647,1.19651,2.47,1.10
2015.01.05 14:10:10.432,1.19649,1.19653,1.00,1.12
2015.01.05 14:10:10.584,1.19649,1.1965,1.00,1.00
2015.01.05 14:10:10.635,1.19646,1.1965,2.81,1.00
2015.01.05 14:10:11.376,1.19646,1.1965,1.00,1.10
2015.01.05 14:10:11.881,1.19643,1.19649,2.25,4.50
2015.01.05 14:10:12.387,1.19645,1.19649,1.12,1.57
2015.01.05 14:10:12.893,1.19647,1.19651,1.00,1.50
2015.01.05 14:10:13.701,1.19645,1.19649,1.20,1.50
2015.01.05 14:10:14.005,1.19642,1.19646,1.69,1.50
2015.01.05 14:10:15.474,1.19643,1.19646,1.00,2.69
2015.01.05 14:10:16.039,1.19642,1.19646,1.00,2.69
2015.01.05 14:10:16.496,1.19644,1.19645,1.00,1.00
2015.01.05 14:10:16.800,1.19647,1.1965,1.19,2.17
2015.01.05 14:10:16.851,1.19647,1.1965,1.29,1.50
2015.01.05 14:10:17.002,1.19648,1.19652,1.01,1.00
2015.01.05 14:10:17.509,1.1965,1.19654,1.00,1.39
2015.01.05 14:10:17.812,1.19648,1.19652,1.10,1.50
2015.01.05 14:10:17.914,1.19646,1.1965,1.75,3.60
2015.01.05 14:10:17.964,1.19646,1.19649,1.10,1.00
2015.01.05 14:10:18.469,1.19644,1.19648,1.12,1.00
2015.01.05 14:10:18.723,1.19652,1.19655,1.00,1.37
2015.01.05 14:10:18.926,1.19655,1.19659,1.00,1.12
2015.01.05 14:10:20.242,1.19655,1.19657,1.00,1.00
2015.01.05 14:10:20.343,1.19655,1.19659,1.00,1.10
2015.01.05 14:10:21.910,1.19655,1.19659,1.00,1.12
2015.01.05 14:10:22.667,1.19655,1.19659,1.50,1.57
2015.01.05 14:10:23.071,1.19658,1.1966,1.00,1.05
2015.01.05 14:10:23.611,1.19663,1.19666,2.36,1.00
2015.01.05 14:10:23.664,1.19667,1.19669,1.00,1.00
2015.01.05 14:10:23.715,1.19668,1.19672,1.00,1.10
2015.01.05 14:10:23.968,1.19668,1.19671,1.00,1.87
2015.01.05 14:10:24.020,1.19666,1.1967,1.00,1.10
2015.01.05 14:10:24.475,1.19665,1.19667,1.00,1.00
2015.01.05 14:10:24.577,1.19662,1.19665,1.57,3.00
2015.01.05 14:10:24.628,1.1966,1.19663,1.00,3.26
2015.01.05 14:10:24.680,1.19657,1.19659,1.10,1.00
2015.01.05 14:10:25.185,1.19654,1.19658,2.44,1.00
2015.01.05 14:10:25.740,1.19656,1.19659,1.10,1.00
2015.01.05 14:10:26.246,1.19656,1.1966,1.50,1.50
2015.01.05 14:10:26.449,1.19659,1.19661,1.00,1.00
2015.01.05 14:10:26.701,1.19657,1.19661,1.00,1.00
2015.01.05 14:10:28.482,1.19658,1.19661,1.00,1.00
2015.01.05 14:10:28.533,1.19656,1.19661,1.00,1.12
2015.01.05 14:10:29.773,1.19658,1.19661,1.50,1.12
2015.01.05 14:10:30.026,1.19661,1.19666,1.10,1.87
2015.01.05 14:10:30.228,1.19663,1.19667,1.00,1.37
2015.01.05 14:10:30.480,1.19665,1.1967,1.00,2.06
2015.01.05 14:10:30.884,1.19667,1.1967,1.00,1.12
2015.01.05 14:10:31.389,1.19663,1.19665,1.12,1.00
2015.01.05 14:10:31.699,1.1966,1.19663,1.00,2.10
2015.01.05 14:10:31.801,1.19658,1.19663,1.00,1.61
2015.01.05 14:10:32.053,1.19656,1.19661,1.00,1.01
2015.01.05 14:10:32.306,1.19658,1.19661,1.50,1.10
2015.01.05 14:10:32.458,1.19659,1.19664,2.62,1.00
2015.01.05 14:10:32.559,1.19657,1.19662,2.25,1.00
2015.01.05 14:10:32.963,1.19656,1.1966,1.10,1.00
2015.01.05 14:10:33.469,1.19655,1.1966,3.60,1.10
2015.01.05 14:10:34.431,1.19655,1.1966,2.81,1.00
2015.01.05 14:10:34.482,1.19657,1.19662,1.00,1.76
2015.01.05 14:10:35.281,1.19654,1.1966,1.50,1.75
2015.01.05 14:10:35.332,1.19654,1.19659,1.00,1.75
2015.01.05 14:10:35.636,1.19654,1.19659,1.00,1.37
2015.01.05 14:10:35.688,1.19656,1.19661,1.00,1.75
2015.01.05 14:10:36.753,1.19656,1.1966,1.00,1.50
2015.01.05 14:10:38.167,1.19658,1.19661,1.00,1.37
2015.01.05 14:10:38.672,1.19658,1.19662,1.00,1.12
2015.01.05 14:10:39.974,1.19657,1.19661,1.00,1.50
2015.01.05 14:10:40.434,1.19654,1.19655,3.30,1.00
2015.01.05 14:10:40.688,1.19652,1.19654,1.10,1.00
2015.01.05 14:10:40.841,1.19649,1.19653,1.00,1.00
2015.01.05 14:10:40.943,1.19651,1.19653,1.00,1.00
2015.01.05 14:10:41.045,1.19659,1.19664,1.00,1.37
2015.01.05 14:10:41.147,1.19659,1.19665,1.00,1.75
2015.01.05 14:10:41.248,1.19661,1.19665,1.00,1.87
2015.01.05 14:10:41.349,1.1966,1.19664,1.50,1.12
2015.01.05 14:10:41.804,1.19662,1.19667,1.00,2.25
2015.01.05 14:10:42.864,1.19661,1.19665,1.00,1.72
2015.01.05 14:10:43.015,1.1966,1.19664,1.00,1.37
2015.01.05 14:10:43.645,1.19661,1.19665,2.25,1.67
2015.01.05 14:10:43.696,1.19662,1.19667,1.00,1.00
2015.01.05 14:10:43.949,1.19662,1.19665,1.00,2.10
2015.01.05 14:10:44.100,1.1966,1.19664,1.50,2.10
2015.01.05 14:10:44.404,1.1966,1.19662,1.00,1.00
2015.01.05 14:10:44.606,1.1966,1.19665,3.60,1.50
2015.01.05 14:10:44.708,1.19663,1.19668,1.00,2.44
2015.01.05 14:10:45.011,1.19665,1.1967,1.00,2.62
2015.01.05 14:10:45.112,1.19665,1.1967,1.00,1.50
2015.01.05 14:10:45.466,1.19664,1.19666,1.00,3.00
2015.01.05 14:10:45.517,1.19662,1.19666,1.00,3.00
2015.01.05 14:10:45.568,1.19662,1.19664,1.00,1.00
2015.01.05 14:10:45.619,1.1966,1.19664,1.54,1.00
2015.01.05 14:10:45.669,1.19663,1.19665,1.00,1.12
2015.01.05 14:10:45.771,1.19666,1.19668,1.00,1.50
2015.01.05 14:10:45.922,1.19666,1.1967,1.00,2.62
2015.01.05 14:10:46.226,1.19665,1.19666,1.00,1.00
2015.01.05 14:10:46.327,1.19662,1.19666,1.00,1.50
2015.01.05 14:10:46.378,1.19664,1.19666,1.00,1.00
2015.01.05 14:10:46.429,1.19665,1.19669,1.00,2.25
2015.01.05 14:10:46.632,1.19664,1.19666,1.00,1.00
2015.01.05 14:10:46.735,1.1966,1.19663,1.50,1.00
2015.01.05 14:10:46.887,1.19656,1.19663,1.00,2.81
2015.01.05 14:10:47.866,1.19656,1.19663,1.00,3.56
2015.01.05 14:10:48.169,1.19657,1.19663,1.69,1.87
2015.01.05 14:10:48.371,1.19661,1.19665,5.25,1.87
2015.01.05 14:10:48.523,1.19665,1.1967,1.00,1.87
2015.01.05 14:10:48.927,1.19662,1.19667,1.00,1.57
2015.01.05 14:10:48.978,1.19661,1.19665,1.57,1.12
2015.01.05 14:10:49.079,1.19659,1.19665,1.00,3.46
2015.01.05 14:10:49.383,1.19661,1.19665,1.00,3.04
2015.01.05 14:10:49.636,1.19663,1.19667,1.00,1.10
2015.01.05 14:10:49.738,1.19661,1.19667,1.57,5.74
2015.01.05 14:10:49.839,1.19658,1.19665,2.51,5.85
2015.01.05 14:10:50.294,1.19662,1.19665,1.00,2.24
2015.01.05 14:10:50.496,1.19662,1.19667,1.00,1.57
2015.01.05 14:10:50.800,1.19661,1.19666,1.57,6.19
2015.01.05 14:10:51.103,1.19659,1.19664,1.00,2.44
2015.01.05 14:10:52.702,1.19659,1.19664,3.60,1.75
2015.01.05 14:10:52.753,1.19666,1.19671,1.00,2.62
2015.01.05 14:10:53.309,1.19665,1.19669,1.00,1.12
2015.01.05 14:10:53.815,1.19664,1.19669,1.00,1.12
2015.01.05 14:10:54.443,1.19664,1.19667,1.00,1.00
2015.01.05 14:10:55.430,1.19665,1.19669,1.00,1.12
2015.01.05 14:10:55.682,1.19666,1.19671,1.00,1.50
2015.01.05 14:10:55.885,1.19666,1.19668,1.00,1.00
2015.01.05 14:10:56.581,1.19666,1.19669,1.00,1.12
2015.01.05 14:10:57.098,1.19666,1.19668,1.00,1.00
2015.01.05 14:10:58.124,1.19665,1.19668,1.00,4.50
2015.01.05 14:10:58.427,1.19658,1.1966,1.00,1.00
2015.01.05 14:10:58.680,1.19656,1.1966,1.69,1.00
2015.01.05 14:10:58.731,1.19658,1.19662,1.19,1.12
2015.01.05 14:10:59.239,1.19656,1.19661,1.69,1.12
2015.01.05 14:10:59.542,1.19656,1.1966,1.31,1.37
2015.01.05 14:11:00.048,1.19656,1.19661,1.10,1.95
2015.01.05 14:11:01.057,1.19656,1.1966,1.57,1.00
2015.01.05 14:11:01.616,1.19656,1.19661,1.57,1.57
2015.01.05 14:11:02.123,1.19656,1.1966,1.57,1.00
2015.01.05 14:11:03.088,1.19658,1.1966,1.00,1.00
2015.01.05 14:11:03.777,1.19658,1.19661,1.00,1.10
2015.01.05 14:11:04.079,1.19664,1.19665,1.00,1.00
2015.01.05 14:11:05.089,1.19664,1.19668,1.00,1.10
2015.01.05 14:11:05.558,1.19662,1.19665,2.32,2.10
2015.01.05 14:11:05.709,1.19658,1.19663,2.81,1.00
2015.01.05 14:11:05.760,1.19658,1.19661,1.87,1.00
2015.01.05 14:11:06.266,1.19658,1.19663,1.00,1.31
2015.01.05 14:11:06.771,1.19658,1.19663,1.00,1.76
2015.01.05 14:11:07.080,1.19656,1.19661,3.19,1.00
2015.01.05 14:11:08.136,1.19656,1.19658,1.01,1.00
2015.01.05 14:11:08.440,1.1965,1.19652,1.10,1.00
2015.01.05 14:11:08.541,1.1965,1.19654,1.10,1.00
2015.01.05 14:11:08.744,1.19652,1.19657,1.00,1.50
2015.01.05 14:11:08.997,1.19652,1.19657,2.32,1.00
2015.01.05 14:11:09.452,1.19654,1.19659,1.00,1.10
2015.01.05 14:11:09.755,1.19657,1.19659,1.00,1.00
2015.01.05 14:11:09.957,1.19661,1.19665,1.00,1.50
2015.01.05 14:11:10.238,1.19663,1.19667,1.00,1.50
2015.01.05 14:11:10.289,1.19664,1.19669,1.00,1.00
2015.01.05 14:11:11.249,1.19664,1.19666,1.00,1.00
2015.01.05 14:11:11.400,1.1966,1.19663,1.50,1.00
2015.01.05 14:11:11.502,1.19658,1.19661,1.00,1.00
2015.01.05 14:11:11.603,1.19656,1.19661,1.50,1.50
2015.01.05 14:11:12.058,1.19656,1.19658,1.00,1.00
2015.01.05 14:11:12.261,1.19654,1.19657,1.50,1.00
2015.01.05 14:11:12.362,1.19654,1.19659,1.50,1.50
2015.01.05 14:11:13.179,1.19656,1.1966,1.00,1.00
2015.01.05 14:11:13.686,1.19656,1.19659,1.00,1.00
2015.01.05 14:11:13.889,1.19656,1.19661,1.00,1.69
2015.01.05 14:11:14.243,1.19656,1.19659,1.00,1.00
2015.01.05 14:11:14.293,1.19654,1.19659,1.50,1.50
2015.01.05 14:11:14.820,1.19654,1.19658,1.50,1.00
2015.01.05 14:11:15.229,1.19654,1.19655,1.00,1.00
2015.01.05 14:11:15.281,1.19649,1.19651,1.00,1.00
2015.01.05 14:11:15.332,1.19646,1.19648,1.00,1.00
2015.01.05 14:11:15.484,1.19646,1.1965,1.50,1.87
2015.01.05 14:11:15.686,1.19647,1.19652,2.25,1.87
2015.01.05 14:11:16.192,1.19647,1.19652,2.32,1.00
2015.01.05 14:11:16.596,1.19649,1.19653,1.00,1.10
2015.01.05 14:11:17.763,1.19646,1.19648,1.50,1.12
2015.01.05 14:11:17.864,1.19648,1.19652,1.00,1.12
2015.01.05 14:11:17.915,1.1965,1.19652,1.00,1.12
2015.01.05 14:11:18.017,1.1965,1.19654,1.00,1.12
2015.01.05 14:11:18.522,1.19649,1.19652,1.00,1.00
2015.01.05 14:11:18.724,1.19647,1.19651,1.50,1.19
2015.01.05 14:11:18.978,1.19637,1.19642,1.50,1.12
2015.01.05 14:11:19.080,1.19636,1.19639,2.25,1.00
2015.01.05 14:11:19.181,1.19634,1.19639,1.75,1.00
2015.01.05 14:11:19.232,1.19634,1.19639,1.00,1.29
2015.01.05 14:11:19.739,1.19634,1.19639,1.00,1.37
2015.01.05 14:11:19.891,1.19631,1.19634,1.01,1.00
2015.01.05 14:11:20.094,1.19628,1.19632,2.10,1.00
2015.01.05 14:11:20.601,1.1963,1.19634,1.00,1.75
2015.01.05 14:11:20.753,1.1963,1.19635,3.60,1.10
2015.01.05 14:11:20.804,1.19633,1.19637,1.00,1.50
2015.01.05 14:11:20.855,1.19633,1.19637,1.00,1.10
2015.01.05 14:11:20.957,1.19634,1.19639,1.57,1.00
2015.01.05 14:11:21.008,1.19636,1.19641,1.00,1.31
2015.01.05 14:11:21.368,1.19638,1.19643,1.00,1.10
2015.01.05 14:11:21.925,1.19639,1.19643,1.00,1.00
2015.01.05 14:11:22.026,1.19642,1.19646,1.00,4.31
2015.01.05 14:11:22.533,1.19642,1.19646,1.00,1.31
2015.01.05 14:11:22.837,1.19644,1.19649,1.00,1.10
2015.01.05 14:11:24.264,1.19644,1.19646,1.00,1.00
2015.01.05 14:11:24.517,1.19638,1.19642,1.57,1.00
2015.01.05 14:11:25.262,1.19637,1.19642,1.10,1.50
2015.01.05 14:11:25.313,1.19636,1.19639,2.62,1.00
2015.01.05 14:11:25.467,1.19632,1.19635,1.57,1.00
2015.01.05 14:11:25.619,1.19631,1.19633,1.12,1.00
2015.01.05 14:11:25.721,1.1963,1.19633,1.00,1.10
2015.01.05 14:11:26.024,1.19632,1.19636,1.10,1.00
2015.01.05 14:11:26.429,1.19633,1.19638,1.57,1.50
2015.01.05 14:11:26.934,1.19635,1.19638,1.50,1.00
2015.01.05 14:11:27.592,1.19635,1.19638,1.00,1.31
2015.01.05 14:11:27.946,1.19633,1.19638,1.00,2.81
2015.01.05 14:11:28.451,1.1963,1.19634,1.10,1.50
2015.01.05 14:11:28.755,1.19627,1.19632,1.57,1.00
2015.01.05 14:11:29.881,1.19629,1.19633,1.00,1.10
2015.01.05 14:11:30.185,1.19629,1.19631,1.00,1.10
2015.01.05 14:11:30.690,1.1963,1.19632,1.00,1.12
2015.01.05 14:11:31.046,1.1963,1.19633,1.00,1.10
2015.01.05 14:11:31.248,1.19628,1.19632,1.00,1.10
2015.01.05 14:11:31.757,1.19628,1.19632,1.00,1.87
2015.01.05 14:11:32.061,1.1963,1.19631,1.00,1.00
2015.01.05 14:11:32.314,1.19633,1.19637,1.00,1.87
2015.01.05 14:11:32.517,1.19631,1.19632,1.00,1.00
2015.01.05 14:11:32.619,1.19629,1.19632,1.00,1.00
2015.01.05 14:11:32.670,1.19627,1.19631,3.07,1.00
2015.01.05 14:11:33.174,1.19628,1.19631,1.00,1.00
2015.01.05 14:11:33.911,1.19629,1.19632,1.00,1.57
2015.01.05 14:11:34.749,1.19632,1.19637,1.00,3.00
2015.01.05 14:11:34.851,1.19635,1.19639,1.00,2.36
2015.01.05 14:11:34.952,1.19635,1.19639,1.00,1.12
2015.01.05 14:11:35.154,1.19631,1.19636,1.87,1.00
2015.01.05 14:11:35.659,1.19631,1.19636,1.00,1.12
2015.01.05 14:11:35.962,1.19634,1.19639,1.00,2.25
2015.01.05 14:11:36.013,1.19634,1.19639,1.00,1.50
2015.01.05 14:11:36.165,1.19634,1.19637,1.50,1.00
2015.01.05 14:11:36.670,1.19634,1.19638,1.50,1.00
2015.01.05 14:11:37.177,1.19634,1.19639,1.50,1.50
2015.01.05 14:11:37.837,1.19631,1.19634,1.00,1.00
2015.01.05 14:11:38.242,1.1963,1.19633,1.00,1.37
2015.01.05 14:11:38.747,1.1963,1.19633,1.00,1.00
2015.01.05 14:11:38.949,1.19632,1.19636,2.25,1.00
2015.01.05 14:11:39.101,1.19631,1.19632,1.00,1.00
2015.01.05 14:11:39.354,1.19624,1.19628,1.50,1.00
2015.01.05 14:11:39.657,1.19628,1.19631,1.50,1.12
2015.01.05 14:11:39.758,1.19628,1.19632,1.57,1.50
2015.01.05 14:11:39.910,1.1963,1.19633,2.10,1.00
2015.01.05 14:11:40.113,1.19632,1.19637,1.76,1.50
2015.01.05 14:11:40.568,1.1963,1.19634,2.25,1.00
2015.01.05 14:11:40.770,1.19629,1.19633,1.10,1.00
2015.01.05 14:11:40.922,1.19629,1.19631,1.10,1.00
2015.01.05 14:11:42.471,1.19627,1.19631,2.44,1.00
2015.01.05 14:11:42.876,1.19629,1.19634,1.25,2.32
2015.01.05 14:11:43.179,1.19632,1.19634,1.00,1.00
2015.01.05 14:11:43.331,1.19632,1.19637,2.25,1.87
2015.01.05 14:11:43.836,1.19632,1.19637,2.32,1.00
2015.01.05 14:11:44.189,1.19631,1.19633,1.42,1.00
2015.01.05 14:11:44.392,1.19628,1.1963,1.12,1.00
2015.01.05 14:11:44.493,1.19627,1.1963,1.10,1.00
2015.01.05 14:11:44.998,1.19627,1.19632,1.50,1.57
2015.01.05 14:11:45.301,1.19627,1.19629,1.57,1.00
2015.01.05 14:11:45.958,1.19627,1.19628,1.00,1.00
2015.01.05 14:11:46.773,1.19625,1.19628,4.69,3.60
2015.01.05 14:11:46.874,1.19624,1.19625,1.00,1.00
2015.01.05 14:11:46.975,1.19619,1.19621,1.24,1.00
2015.01.05 14:11:47.128,1.19618,1.1962,1.10,1.00
2015.01.05 14:11:47.281,1.19619,1.19623,1.50,1.00
2015.01.05 14:11:47.383,1.19622,1.19625,1.00,1.50
2015.01.05 14:11:47.434,1.19622,1.19627,1.50,3.07
2015.01.05 14:11:47.788,1.19624,1.19627,1.00,1.00
2015.01.05 14:11:48.646,1.19624,1.19628,1.50,1.10
2015.01.05 14:11:50.763,1.19624,1.19627,1.00,1.00
2015.01.05 14:11:51.267,1.19624,1.19626,1.00,1.00
2015.01.05 14:11:51.778,1.19622,1.19627,2.32,1.50
2015.01.05 14:11:52.693,1.19622,1.19626,1.57,2.10
2015.01.05 14:11:52.996,1.19618,1.19622,2.00,1.00
2015.01.05 14:11:53.098,1.19618,1.19622,1.01,1.00
2015.01.05 14:11:53.250,1.19616,1.19619,2.92,1.00
2015.01.05 14:11:53.351,1.19617,1.19621,1.00,1.50
2015.01.05 14:11:53.403,1.19619,1.19621,1.50,1.50
2015.01.05 14:11:53.655,1.19621,1.19625,1.00,1.76
2015.01.05 14:11:53.757,1.1962,1.19623,1.10,1.00
2015.01.05 14:11:54.975,1.19624,1.19628,1.00,1.37
2015.01.05 14:11:55.026,1.19625,1.19629,1.00,5.62
2015.01.05 14:11:55.532,1.19624,1.19628,1.00,1.57
2015.01.05 14:11:55.634,1.19623,1.19626,1.50,1.00
2015.01.05 14:11:56.140,1.19624,1.19627,1.00,1.00
2015.01.05 14:11:56.649,1.19625,1.19628,1.00,1.10
2015.01.05 14:11:57.162,1.19627,1.19629,1.00,1.10
2015.01.05 14:11:57.364,1.19632,1.19636,1.50,1.00
2015.01.05 14:11:58.928,1.19631,1.19633,1.42,1.00
2015.01.05 14:11:59.031,1.1963,1.19632,1.87,1.00
2015.01.05 14:11:59.132,1.19632,1.19636,1.57,1.50
2015.01.05 14:11:59.234,1.19632,1.19634,1.10,1.00
2015.01.05 14:11:59.335,1.19632,1.19636,1.10,1.00
2015.01.05 14:11:59.624,1.19634,1.19638,1.00,1.00
2015.01.05 14:12:00.535,1.19635,1.19638,1.00,1.10
2015.01.05 14:12:01.040,1.19636,1.1964,1.00,1.87
2015.01.05 14:12:02.202,1.19636,1.1964,1.00,3.94
2015.01.05 14:12:02.886,1.19634,1.19638,1.00,1.05
2015.01.05 14:12:03.342,1.19632,1.19635,2.25,3.00
2015.01.05 14:12:03.444,1.1963,1.19635,1.00,6.44
2015.01.05 14:12:03.949,1.19629,1.19634,1.50,1.57
2015.01.05 14:12:04.404,1.19631,1.19634,1.00,1.50
2015.01.05 14:12:04.657,1.19631,1.19635,1.00,1.57
2015.01.05 14:12:05.390,1.19632,1.19635,1.00,1.10
2015.01.05 14:12:05.592,1.19634,1.19637,1.00,1.50
2015.01.05 14:12:05.744,1.19634,1.19638,1.50,1.12
2015.01.05 14:12:07.512,1.19634,1.19636,3.00,1.00
2015.01.05 14:12:07.563,1.19636,1.19639,1.00,1.87
2015.01.05 14:12:09.260,1.19638,1.19641,1.00,1.50
2015.01.05 14:12:09.462,1.19638,1.19641,1.50,1.10
2015.01.05 14:12:09.563,1.1964,1.19644,1.00,2.25
2015.01.05 14:12:09.614,1.19642,1.19644,1.00,1.00
2015.01.05 14:12:09.665,1.19643,1.19646,2.85,3.75
2015.01.05 14:12:09.716,1.19646,1.19648,1.00,1.00
2015.01.05 14:12:09.817,1.19648,1.19652,1.19,3.00
2015.01.05 14:12:10.070,1.19648,1.19652,1.69,1.50
2015.01.05 14:12:10.272,1.19648,1.1965,1.00,1.25
2015.01.05 14:12:10.474,1.19646,1.1965,1.00,4.54
2015.01.05 14:12:10.525,1.19646,1.19647,1.00,1.00
2015.01.05 14:12:10.626,1.19646,1.19649,1.00,1.00
2015.01.05 14:12:10.979,1.19646,1.19648,1.00,1.00
2015.01.05 14:12:11.451,1.19646,1.19649,1.00,1.00
2015.01.05 14:12:11.704,1.19646,1.19647,1.00,1.00
2015.01.05 14:12:11.906,1.19647,1.19649,1.00,1.50
2015.01.05 14:12:12.209,1.19645,1.19649,1.00,2.25
2015.01.05 14:12:12.463,1.19644,1.19647,1.69,1.00
2015.01.05 14:12:12.767,1.19639,1.19643,1.50,4.35
2015.01.05 14:12:12.817,1.19639,1.1964,1.00,1.00
2015.01.05 14:12:13.020,1.19637,1.1964,1.00,1.00
2015.01.05 14:12:13.525,1.19635,1.19639,2.25,1.00
2015.01.05 14:12:13.677,1.19635,1.19639,1.87,1.00
2015.01.05 14:12:14.637,1.19635,1.19639,1.57,1.00
2015.01.05 14:12:15.578,1.19636,1.19639,1.00,1.00
2015.01.05 14:12:15.730,1.19637,1.19641,1.00,1.50
2015.01.05 14:12:16.135,1.19639,1.19643,1.00,1.12
2015.01.05 14:12:16.439,1.19643,1.19647,1.50,1.12
2015.01.05 14:12:16.692,1.19641,1.19645,2.32,1.00
2015.01.05 14:12:17.450,1.19642,1.19645,1.00,1.00
2015.01.05 14:12:17.653,1.19643,1.19647,1.00,1.57
2015.01.05 14:12:18.158,1.19643,1.19646,1.00,1.00
2015.01.05 14:12:18.259,1.19641,1.19645,1.76,1.00
2015.01.05 14:12:18.464,1.19644,1.19645,1.00,1.00
2015.01.05 14:12:18.515,1.19644,1.19648,1.50,2.06
2015.01.05 14:12:18.818,1.19646,1.19648,1.00,1.87
2015.01.05 14:12:20.260,1.19639,1.19641,1.00,1.00
2015.01.05 14:12:20.311,1.1964,1.19644,1.25,1.87
2015.01.05 14:12:20.513,1.1964,1.19644,4.91,1.00
2015.01.05 14:12:21.119,1.1964,1.19644,2.51,1.50
2015.01.05 14:12:21.423,1.1964,1.19643,1.00,1.37
2015.01.05 14:12:21.828,1.19643,1.19646,1.00,2.17
2015.01.05 14:12:22.131,1.19645,1.19648,1.00,1.12
2015.01.05 14:12:22.637,1.19646,1.19649,1.50,1.12
2015.01.05 14:12:23.142,1.19646,1.19649,1.50,1.47
2015.01.05 14:12:24.296,1.19647,1.19648,1.00,1.00
2015.01.05 14:12:24.804,1.19646,1.1965,1.69,1.50
2015.01.05 14:12:27.267,1.19646,1.19649,1.00,3.22
2015.01.05 14:12:27.418,1.19643,1.19647,1.50,1.50
2015.01.05 14:12:27.620,1.19642,1.19646,1.00,2.25
2015.01.05 14:12:28.186,1.19642,1.19644,1.00,1.50
2015.01.05 14:12:28.238,1.1964,1.19644,1.50,1.50
2015.01.05 14:12:29.551,1.1964,1.19645,2.25,2.62
2015.01.05 14:12:29.703,1.19642,1.19646,1.00,3.00
2015.01.05 14:12:30.006,1.19644,1.19647,1.00,2.55
2015.01.05 14:12:30.158,1.19646,1.19649,2.85,1.12
2015.01.05 14:12:30.259,1.19646,1.19651,3.79,2.25
2015.01.05 14:12:30.361,1.19649,1.19652,1.00,1.42
2015.01.05 14:12:30.462,1.1965,1.19654,1.00,3.00
2015.01.05 14:12:30.967,1.1965,1.19653,1.00,1.12
2015.01.05 14:12:31.118,1.19649,1.19653,1.00,2.62
2015.01.05 14:12:31.573,1.1965,1.19654,2.44,1.00
2015.01.05 14:12:31.675,1.19653,1.19655,1.00,3.00
2015.01.05 14:12:32.838,1.1965,1.19653,1.00,2.10
2015.01.05 14:12:33.141,1.19648,1.19651,1.00,1.12
2015.01.05 14:12:33.293,1.19649,1.19651,1.37,1.50
2015.01.05 14:12:33.344,1.19648,1.19651,1.00,1.00
2015.01.05 14:12:33.395,1.19647,1.1965,1.00,3.75
2015.01.05 14:12:33.548,1.19647,1.19651,1.00,1.87
2015.01.05 14:12:34.055,1.19646,1.19651,1.50,3.25
2015.01.05 14:12:34.561,1.19646,1.19651,1.50,3.74
2015.01.05 14:12:35.520,1.19646,1.19648,1.00,1.00
2015.01.05 14:12:36.179,1.19645,1.19647,1.00,1.00
2015.01.05 14:12:36.685,1.19645,1.19648,1.00,1.00
2015.01.05 14:12:36.988,1.19644,1.19645,1.00,1.00
2015.01.05 14:12:37.089,1.19639,1.19643,1.87,1.00
2015.01.05 14:12:37.491,1.19639,1.1964,1.00,1.00
2015.01.05 14:12:37.543,1.19635,1.19639,1.25,1.10
2015.01.05 14:12:38.048,1.19636,1.1964,1.00,1.10
2015.01.05 14:12:38.503,1.19637,1.19642,2.25,1.57
2015.01.05 14:12:38.907,1.19639,1.19642,1.00,1.10
2015.01.05 14:12:39.262,1.19643,1.19644,1.00,1.80
2015.01.05 14:12:39.364,1.19644,1.19647,1.00,1.72
2015.01.05 14:12:39.416,1.19644,1.19647,1.00,1.35
2015.01.05 14:12:39.568,1.19636,1.19643,1.75,3.75
2015.01.05 14:12:39.619,1.19635,1.19641,2.10,2.62
2015.01.05 14:12:39.670,1.19632,1.19635,1.12,1.69
2015.01.05 14:12:39.822,1.19634,1.19636,1.00,1.00
2015.01.05 14:12:39.874,1.19633,1.19638,1.00,1.10
2015.01.05 14:12:40.077,1.19635,1.19639,1.00,2.62
2015.01.05 14:12:40.674,1.19638,1.19639,1.50,1.00
2015.01.05 14:12:40.726,1.19638,1.19643,1.50,3.94
2015.01.05 14:12:41.232,1.19638,1.19643,1.50,2.81
2015.01.05 14:12:41.786,1.1964,1.19643,1.00,2.06
2015.01.05 14:12:42.089,1.19642,1.19646,1.00,1.94
2015.01.05 14:12:42.513,1.1964,1.19645,1.00,1.31
2015.01.05 14:12:43.801,1.19641,1.19645,1.00,1.31
2015.01.05 14:12:45.186,1.19642,1.19646,1.00,1.69
2015.01.05 14:12:45.237,1.19645,1.19648,1.50,1.00
2015.01.05 14:12:45.339,1.19643,1.19648,1.50,1.57
2015.01.05 14:12:45.592,1.19646,1.19649,1.50,1.42
2015.01.05 14:12:46.101,1.19647,1.1965,1.00,2.10
2015.01.05 14:12:46.775,1.19646,1.1965,1.10,2.25
2015.01.05 14:12:47.079,1.19642,1.19646,1.00,1.00
2015.01.05 14:12:47.534,1.19642,1.19645,1.00,1.12
2015.01.05 14:12:47.938,1.19641,1.19643,1.00,1.87
2015.01.05 14:12:47.989,1.19638,1.19643,1.01,2.81
2015.01.05 14:12:48.141,1.19636,1.19641,2.32,1.57
2015.01.05 14:12:48.242,1.19638,1.19642,1.00,1.50
2015.01.05 14:12:48.393,1.1964,1.19643,1.50,1.00
2015.01.05 14:12:48.444,1.19642,1.19645,1.00,1.12
2015.01.05 14:12:49.101,1.19642,1.19646,1.00,2.44
2015.01.05 14:12:49.438,1.1964,1.19643,3.00,1.50
2015.01.05 14:12:49.489,1.19644,1.19645,1.00,1.00
2015.01.05 14:12:49.540,1.19645,1.19648,1.50,1.42
2015.01.05 14:12:49.642,1.19648,1.19653,1.00,1.50
2015.01.05 14:12:49.745,1.1965,1.19654,1.00,1.00
2015.01.05 14:12:49.846,1.19647,1.19652,2.25,4.35
2015.01.05 14:12:49.998,1.19647,1.1965,1.50,1.00
2015.01.05 14:12:50.099,1.19647,1.19652,1.50,1.69
2015.01.05 14:12:50.250,1.19647,1.1965,1.50,1.00
2015.01.05 14:12:50.554,1.19645,1.1965,2.25,4.54
2015.01.05 14:12:51.060,1.19644,1.19648,1.00,1.00
2015.01.05 14:12:52.305,1.19643,1.19648,1.50,2.29
2015.01.05 14:12:52.457,1.19643,1.19646,1.00,1.00
2015.01.05 14:12:52.760,1.19641,1.19644,1.00,1.50
2015.01.05 14:12:53.804,1.19641,1.19644,1.87,1.00
2015.01.05 14:12:53.855,1.19643,1.19647,1.50,1.69
2015.01.05 14:12:54.360,1.19644,1.19647,1.00,1.87
2015.01.05 14:12:54.916,1.19644,1.19647,1.00,1.57
2015.01.05 14:12:55.681,1.19643,1.19644,1.00,1.00
2015.01.05 14:12:55.782,1.1964,1.19643,1.72,1.00
2015.01.05 14:12:55.833,1.19642,1.19644,1.00,1.50
2015.01.05 14:12:55.884,1.19643,1.19645,1.00,2.25
2015.01.05 14:12:56.389,1.19643,1.19646,1.50,1.10
2015.01.05 14:12:56.699,1.19645,1.19646,1.00,1.10
2015.01.05 14:12:58.311,1.19645,1.19648,1.50,1.12
2015.01.05 14:12:58.820,1.19645,1.19648,1.50,1.00
2015.01.05 14:12:59.345,1.19645,1.19649,2.25,1.57
2015.01.05 14:12:59.849,1.19646,1.19649,1.00,1.57
2015.01.05 14:13:00.356,1.19645,1.19648,1.00,1.57
2015.01.05 14:13:00.862,1.19646,1.19649,1.00,2.32
2015.01.05 14:13:01.368,1.19647,1.1965,1.50,1.10
2015.01.05 14:13:02.075,1.19648,1.1965,1.00,1.10
2015.01.05 14:13:02.382,1.19648,1.19652,3.60,2.25
2015.01.05 14:13:02.483,1.19651,1.19653,1.00,1.00
2015.01.05 14:13:02.535,1.19651,1.19653,1.50,1.00
2015.01.05 14:13:02.586,1.19655,1.19657,1.00,1.12
2015.01.05 14:13:02.739,1.19656,1.19658,1.00,1.10
2015.01.05 14:13:03.245,1.19655,1.19658,1.50,1.10
2015.01.05 14:13:03.296,1.19657,1.19658,1.00,1.10
2015.01.05 14:13:04.494,1.19655,1.19658,1.00,1.10
2015.01.05 14:13:05.004,1.19655,1.19657,1.00,1.10
2015.01.05 14:13:05.105,1.19653,1.19657,1.50,2.32
2015.01.05 14:13:06.350,1.19653,1.19656,1.00,1.00
2015.01.05 14:13:06.955,1.19653,1.19655,1.50,2.10
2015.01.05 14:13:07.006,1.19651,1.19653,1.10,1.00
2015.01.05 14:13:07.158,1.19651,1.19653,1.00,1.69
2015.01.05 14:13:07.209,1.19649,1.19653,1.50,2.44
2015.01.05 14:13:07.361,1.19651,1.19653,1.00,1.50
2015.01.05 14:13:07.665,1.19653,1.19654,1.00,1.00
2015.01.05 14:13:07.716,1.1965,1.19654,3.67,1.50
2015.01.05 14:13:08.019,1.19654,1.19655,1.00,1.12
2015.01.05 14:13:08.121,1.19654,1.19658,1.00,1.87
2015.01.05 14:13:09.182,1.19654,1.19658,1.50,1.50
2015.01.05 14:13:10.705,1.19655,1.19658,1.00,2.25
2015.01.05 14:13:11.772,1.19654,1.19658,1.50,2.25
2015.01.05 14:13:12.630,1.19655,1.19658,1.00,1.50
2015.01.05 14:13:13.135,1.19659,1.1966,1.00,2.74
2015.01.05 14:13:13.287,1.1966,1.19662,1.50,1.00
2015.01.05 14:13:13.792,1.19661,1.19664,1.00,1.10
2015.01.05 14:13:13.894,1.19662,1.19665,1.00,1.72
2015.01.05 14:13:14.248,1.19665,1.19666,1.00,2.25
2015.01.05 14:13:14.602,1.19663,1.19666,1.50,1.00
2015.01.05 14:13:15.107,1.19662,1.19665,1.00,1.00
2015.01.05 14:13:16.400,1.19664,1.19666,1.00,1.00
2015.01.05 14:13:17.976,1.19664,1.19667,1.00,1.50
2015.01.05 14:13:18.554,1.19665,1.19667,1.00,1.00
2015.01.05 14:13:19.261,1.19665,1.19667,1.50,1.00
2015.01.05 14:13:19.465,1.19663,1.19666,1.00,1.50
2015.01.05 14:13:19.667,1.19665,1.19666,1.00,1.00
2015.01.05 14:13:20.222,1.19664,1.19666,1.00,1.00
2015.01.05 14:13:20.324,1.19662,1.19665,1.57,2.10
2015.01.05 14:13:20.476,1.19661,1.19663,1.12,1.00
2015.01.05 14:13:20.880,1.1966,1.19662,1.00,1.00
2015.01.05 14:13:21.435,1.19659,1.19662,1.00,1.00
2015.01.05 14:13:23.237,1.19661,1.19663,1.50,1.00
2015.01.05 14:13:23.288,1.19662,1.19664,1.00,1.10
2015.01.05 14:13:23.541,1.19663,1.19666,1.00,1.01
2015.01.05 14:13:23.643,1.19662,1.19664,1.00,2.85
2015.01.05 14:13:24.149,1.19661,1.19663,1.00,1.00
2015.01.05 14:13:24.251,1.19662,1.19665,1.00,1.10
2015.01.05 14:13:24.757,1.19667,1.19671,1.00,2.44
2015.01.05 14:13:27.295,1.19668,1.19671,1.50,1.12
2015.01.05 14:13:27.641,1.1967,1.19671,1.00,1.00
2015.01.05 14:13:30.066,1.19671,1.19676,1.00,2.25
2015.01.05 14:13:31.381,1.1967,1.19674,1.50,1.10
2015.01.05 14:13:31.432,1.19672,1.19673,1.00,1.00
2015.01.05 14:13:32.694,1.19672,1.19674,1.50,1.00
2015.01.05 14:13:33.199,1.19673,1.19674,1.00,1.00
2015.01.05 14:13:34.816,1.19673,1.19678,2.50,4.54
2015.01.05 14:13:35.896,1.19674,1.19679,1.80,2.25
2015.01.05 14:13:35.950,1.19682,1.19686,1.00,1.10
2015.01.05 14:13:36.253,1.19684,1.19688,1.00,2.25
2015.01.05 14:13:36.759,1.19685,1.19688,1.00,2.25
2015.01.05 14:13:37.202,1.19683,1.19687,1.50,1.12
2015.01.05 14:13:38.263,1.19683,1.19687,2.25,1.10
2015.01.05 14:13:40.142,1.19683,1.19687,1.50,1.00
2015.01.05 14:13:40.344,1.19681,1.19686,2.51,2.25
2015.01.05 14:13:40.445,1.19683,1.19686,1.00,1.00
2015.01.05 14:13:40.950,1.19683,1.19687,1.50,1.12
2015.01.05 14:13:41.600,1.19683,1.19687,1.50,1.10
2015.01.05 14:13:42.459,1.19683,1.19687,1.50,3.67
2015.01.05 14:13:42.560,1.19681,1.19684,1.10,2.25
2015.01.05 14:13:43.968,1.19681,1.19685,1.69,1.00
2015.01.05 14:13:45.513,1.19681,1.19683,1.50,2.10
2015.01.05 14:13:45.667,1.19678,1.19682,1.87,1.00
2015.01.05 14:13:46.173,1.1968,1.19682,1.00,1.00
2015.01.05 14:13:46.324,1.1968,1.19684,1.00,2.51
2015.01.05 14:13:49.140,1.19681,1.19684,1.00,1.00
2015.01.05 14:13:49.902,1.1968,1.19684,1.50,1.00
2015.01.05 14:13:50.408,1.19681,1.19684,1.25,1.00
2015.01.05 14:13:51.064,1.19682,1.19685,1.50,1.10
2015.01.05 14:13:51.568,1.19682,1.19686,1.50,1.50
2015.01.05 14:13:52.073,1.19682,1.19685,1.25,1.00
2015.01.05 14:13:52.736,1.19681,1.19684,1.01,1.00
2015.01.05 14:13:54.116,1.1968,1.19684,5.29,1.00
2015.01.05 14:13:54.370,1.19682,1.19686,1.69,1.50
2015.01.05 14:13:55.632,1.19683,1.19686,1.50,1.00
2015.01.05 14:13:55.683,1.19684,1.19688,1.00,2.32
2015.01.05 14:13:56.921,1.19684,1.19688,1.00,2.62
2015.01.05 14:13:58.109,1.19686,1.19688,1.00,1.87
2015.01.05 14:13:58.362,1.19692,1.19696,4.24,1.00
2015.01.05 14:13:58.413,1.19696,1.19698,1.00,3.07
2015.01.05 14:13:58.463,1.19696,1.19699,1.00,1.10
2015.01.05 14:13:58.666,1.19696,1.19697,1.00,1.00
2015.01.05 14:13:58.767,1.19696,1.19699,1.00,1.57
2015.01.05 14:13:59.300,1.19696,1.19698,1.00,1.00
2015.01.05 14:13:59.806,1.19696,1.19699,1.00,2.32
2015.01.05 14:14:00.936,1.19695,1.19696,1.00,3.75
2015.01.05 14:14:00.988,1.1969,1.19692,1.00,1.50
2015.01.05 14:14:01.040,1.1968,1.19686,2.25,1.00
2015.01.05 14:14:01.142,1.19683,1.19686,1.12,1.50
2015.01.05 14:14:01.648,1.19682,1.19686,1.87,1.12
2015.01.05 14:14:02.153,1.19682,1.19685,1.50,1.00
2015.01.05 14:14:02.305,1.19685,1.19686,3.00,1.00
2015.01.05 14:14:02.457,1.19684,1.19688,1.50,1.50
2015.01.05 14:14:02.508,1.19683,1.19686,2.81,1.00
2015.01.05 14:14:02.812,1.19689,1.19691,1.00,1.50
2015.01.05 14:14:02.915,1.19687,1.19691,2.81,1.10
2015.01.05 14:14:02.966,1.19687,1.19689,1.69,1.00
2015.01.05 14:14:03.016,1.19687,1.19689,1.50,1.00
2015.01.05 14:14:03.118,1.19685,1.19689,1.50,1.50
2015.01.05 14:14:03.370,1.19684,1.19687,1.50,1.00
2015.01.05 14:14:04.330,1.19685,1.19687,1.00,1.00
2015.01.05 14:14:04.634,1.19688,1.1969,1.25,2.10
2015.01.05 14:14:04.937,1.1969,1.19692,1.00,1.10
2015.01.05 14:14:05.791,1.19689,1.19691,1.00,2.10
2015.01.05 14:14:06.099,1.19692,1.19694,1.00,1.12
2015.01.05 14:14:06.554,1.1969,1.19692,1.10,2.10
2015.01.05 14:14:06.756,1.19688,1.19692,1.50,3.22
2015.01.05 14:14:07.211,1.19686,1.19689,1.87,3.00
2015.01.05 14:14:07.261,1.19685,1.19687,1.12,1.00
2015.01.05 14:14:07.413,1.19684,1.19687,1.10,1.00
2015.01.05 14:14:07.918,1.19683,1.19687,2.44,1.00
2015.01.05 14:14:08.019,1.19683,1.19685,1.25,1.00
2015.01.05 14:14:08.323,1.19684,1.19688,2.06,1.00
2015.01.05 14:14:08.846,1.19687,1.1969,2.14,3.00
2015.01.05 14:14:08.897,1.19687,1.19692,1.76,1.57
2015.01.05 14:14:08.948,1.19687,1.1969,1.25,1.10
2015.01.05 14:14:09.453,1.19686,1.1969,1.10,1.50
2015.01.05 14:14:09.756,1.19685,1.19688,1.00,1.50
2015.01.05 14:14:10.261,1.19684,1.19688,1.00,1.50
2015.01.05 14:14:10.665,1.19684,1.19686,1.00,1.00
2015.01.05 14:14:11.170,1.19684,1.19687,1.00,1.50
2015.01.05 14:14:11.473,1.19687,1.19691,1.00,4.35
2015.01.05 14:14:11.777,1.19692,1.19695,1.00,1.69
2015.01.05 14:14:12.131,1.19696,1.19697,1.00,1.00
2015.01.05 14:14:13.520,1.19695,1.197,1.50,2.25
2015.01.05 14:14:14.026,1.19695,1.19697,1.00,1.00
2015.01.05 14:14:14.660,1.19694,1.19697,1.00,1.50
2015.01.05 14:14:15.165,1.19693,1.19697,1.69,1.50
2015.01.05 14:14:16.505,1.19694,1.19697,1.50,1.50
2015.01.05 14:14:17.864,1.19695,1.19697,1.00,1.00
2015.01.05 14:14:18.672,1.19693,1.19697,1.76,1.50
2015.01.05 14:14:18.875,1.19692,1.19695,1.20,1.00
2015.01.05 14:14:19.278,1.1969,1.19692,1.42,1.00
2015.01.05 14:14:19.380,1.19688,1.19691,1.37,1.50
2015.01.05 14:14:19.582,1.19688,1.19689,1.00,1.00
2015.01.05 14:14:19.684,1.19689,1.19692,1.00,2.25
2015.01.05 14:14:19.785,1.19687,1.1969,1.00,1.00
2015.01.05 14:14:20.290,1.19686,1.1969,1.69,1.50
2015.01.05 14:14:20.492,1.19686,1.19688,1.50,1.00
2015.01.05 14:14:20.795,1.19683,1.19686,1.12,1.50
2015.01.05 14:14:22.287,1.19684,1.19686,1.00,1.00
2015.01.05 14:14:22.691,1.19684,1.19688,1.00,1.57
2015.01.05 14:14:23.196,1.19684,1.19686,1.00,1.00
2015.01.05 14:14:23.702,1.19683,1.19686,1.00,1.50
2015.01.05 14:14:24.711,1.19683,1.19687,1.69,1.00
2015.01.05 14:14:25.216,1.19684,1.19688,1.00,1.50
2015.01.05 14:14:26.434,1.19685,1.19688,1.57,1.00
2015.01.05 14:14:26.990,1.19685,1.19689,1.50,1.50
2015.01.05 14:14:27.446,1.19684,1.19685,1.10,1.00
2015.01.05 14:14:27.649,1.19677,1.19679,1.00,1.00
2015.01.05 14:14:27.701,1.19677,1.19681,2.85,1.57
2015.01.05 14:14:28.156,1.19679,1.19683,1.00,1.57
2015.01.05 14:14:28.662,1.1968,1.19684,1.00,1.00
2015.01.05 14:14:28.965,1.19682,1.19684,1.00,1.50
2015.01.05 14:14:29.167,1.19683,1.19686,1.00,1.10
2015.01.05 14:14:29.319,1.19681,1.19686,3.26,1.00
2015.01.05 14:14:29.824,1.19682,1.19686,1.10,1.00
2015.01.05 14:14:30.128,1.19688,1.1969,1.12,2.36
2015.01.05 14:14:30.180,1.19688,1.19691,2.62,1.10
2015.01.05 14:14:30.332,1.19688,1.19691,1.87,1.10
2015.01.05 14:14:30.433,1.19688,1.19692,2.62,1.10
2015.01.05 14:14:30.535,1.19689,1.19692,2.47,1.50
2015.01.05 14:14:30.788,1.19688,1.19691,1.00,1.00
2015.01.05 14:14:30.889,1.19689,1.19691,1.37,1.00
2015.01.05 14:14:31.244,1.1969,1.19695,1.12,2.44
2015.01.05 14:14:31.396,1.1969,1.19695,1.20,1.76
2015.01.05 14:14:32.256,1.1969,1.19695,3.00,2.44
2015.01.05 14:14:34.429,1.19692,1.19697,2.89,1.12
2015.01.05 14:14:34.581,1.19694,1.19699,1.00,2.44
2015.01.05 14:14:36.123,1.19695,1.19699,1.00,3.19
2015.01.05 14:14:36.628,1.19696,1.19701,2.25,1.75
2015.01.05 14:14:36.679,1.197,1.19701,1.00,1.00
2015.01.05 14:14:36.730,1.197,1.19704,1.50,1.00
2015.01.05 14:14:36.784,1.197,1.19702,1.00,1.00
2015.01.05 14:14:36.835,1.19697,1.19702,2.25,2.06
2015.01.05 14:14:36.937,1.19697,1.197,1.12,1.00
2015.01.05 14:14:37.140,1.19695,1.197,2.25,1.69
2015.01.05 14:14:37.241,1.19695,1.19698,1.00,1.00
2015.01.05 14:14:37.696,1.19697,1.19699,1.12,1.00
2015.01.05 14:14:37.799,1.19698,1.19701,1.00,1.50
2015.01.05 14:14:37.850,1.19696,1.197,1.50,1.00
2015.01.05 14:14:39.216,1.19695,1.19699,1.50,1.00
2015.01.05 14:14:39.519,1.19693,1.19698,2.44,2.25
2015.01.05 14:14:40.034,1.19693,1.19697,1.69,1.00
2015.01.05 14:14:40.868,1.19692,1.19696,3.56,1.00
2015.01.05 14:14:41.071,1.19694,1.19698,1.00,2.25
2015.01.05 14:14:41.589,1.19693,1.19698,1.50,3.19
2015.01.05 14:14:42.107,1.19692,1.19696,1.31,1.50
2015.01.05 14:14:42.808,1.19691,1.19696,3.37,2.51
2015.01.05 14:14:43.313,1.19692,1.19696,1.12,1.10
2015.01.05 14:14:45.281,1.19692,1.19695,1.12,1.00
2015.01.05 14:14:47.498,1.19693,1.19696,1.72,1.10
2015.01.05 14:14:48.003,1.19693,1.19697,2.25,1.10
2015.01.05 14:14:48.307,1.19691,1.19694,1.31,1.00
2015.01.05 14:14:48.812,1.19692,1.19696,1.50,1.57
2015.01.05 14:14:49.115,1.19692,1.19694,1.00,1.00
2015.01.05 14:14:49.720,1.19692,1.19693,1.00,1.00
2015.01.05 14:14:50.174,1.1969,1.19693,1.76,1.50
2015.01.05 14:14:50.527,1.19693,1.19695,1.00,1.00
2015.01.05 14:14:50.730,1.19693,1.19697,1.00,1.57
2015.01.05 14:14:51.766,1.19695,1.19699,1.50,1.57
2015.01.05 14:14:53.595,1.19696,1.19699,1.00,1.50
2015.01.05 14:14:53.849,1.19697,1.19701,1.69,1.00
2015.01.05 14:14:54.354,1.19696,1.197,1.50,2.47
2015.01.05 14:14:54.877,1.19696,1.19699,1.00,1.00
2015.01.05 14:14:55.383,1.19695,1.19698,1.00,1.00
2015.01.05 14:14:57.005,1.19694,1.19698,1.50,1.50
2015.01.05 14:14:57.511,1.19693,1.19697,1.10,1.50
2015.01.05 14:14:58.971,1.19693,1.19696,1.10,1.00
2015.01.05 14:14:59.852,1.19692,1.19697,2.81,2.25
2015.01.05 14:15:00.361,1.19692,1.19696,1.87,2.25
2015.01.05 14:15:00.869,1.19691,1.19695,2.06,1.50
2015.01.05 14:15:01.177,1.19691,1.19694,1.00,1.37
2015.01.05 14:15:01.381,1.19685,1.19688,1.00,1.10
2015.01.05 14:15:01.433,1.19683,1.19687,1.50,1.00
2015.01.05 14:15:01.947,1.19682,1.19687,1.57,1.00
2015.01.05 14:15:06.800,1.19683,1.19687,1.00,1.10
2015.01.05 14:15:07.002,1.19684,1.19689,1.50,1.57
2015.01.05 14:15:11.453,1.19684,1.19688,1.00,1.00
2015.01.05 14:15:15.380,1.19684,1.19689,1.00,1.57
2015.01.05 14:15:16.814,1.19684,1.19685,1.00,1.50
2015.01.05 14:15:16.921,1.19682,1.19685,1.00,1.50
2015.01.05 14:15:17.174,1.1968,1.19684,1.57,1.50
2015.01.05 14:15:18.184,1.1968,1.19683,1.00,1.00
2015.01.05 14:15:18.688,1.19679,1.19683,1.10,1.50
2015.01.05 14:15:19.309,1.19681,1.19683,1.00,1.50
2015.01.05 14:15:19.410,1.19679,1.19682,1.10,1.00
2015.01.05 14:15:19.713,1.19678,1.1968,1.57,1.00
2015.01.05 14:15:20.015,1.19669,1.19673,1.50,1.00
2015.01.05 14:15:20.116,1.19669,1.19673,1.00,1.00
2015.01.05 14:15:20.470,1.19668,1.19671,1.00,1.00
2015.01.05 14:15:20.622,1.19666,1.19671,1.57,1.00
2015.01.05 14:15:21.127,1.19666,1.19671,1.00,1.12
2015.01.05 14:15:22.377,1.19665,1.19669,1.50,1.00
2015.01.05 14:15:23.254,1.19664,1.19669,1.57,1.00
2015.01.05 14:15:23.709,1.19662,1.19667,2.62,1.00
2015.01.05 14:15:24.013,1.1966,1.19665,2.32,1.50
2015.01.05 14:15:24.164,1.19662,1.19665,1.00,1.00
2015.01.05 14:15:24.854,1.19664,1.19669,1.00,2.25
2015.01.05 14:15:24.905,1.19667,1.19671,1.00,1.00
2015.01.05 14:15:25.107,1.1967,1.19674,1.00,1.00
2015.01.05 14:15:26.033,1.1967,1.19675,1.50,2.25
2015.01.05 14:15:26.578,1.19672,1.19675,1.00,1.50
2015.01.05 14:15:26.730,1.19673,1.19677,1.00,3.07
2015.01.05 14:15:27.235,1.19672,1.19677,1.50,3.00
2015.01.05 14:15:27.904,1.19672,1.19675,1.50,1.00
2015.01.05 14:15:28.005,1.19673,1.19677,1.00,1.50
2015.01.05 14:15:28.106,1.19675,1.19677,1.50,1.00
2015.01.05 14:15:28.359,1.19676,1.1968,1.50,1.50
2015.01.05 14:15:29.789,1.19678,1.1968,2.25,1.00
2015.01.05 14:15:30.144,1.1968,1.19683,1.00,1.50
2015.01.05 14:15:30.347,1.1968,1.19683,1.50,1.10
2015.01.05 14:15:30.955,1.19681,1.19684,1.00,1.12
2015.01.05 14:15:31.511,1.19683,1.19684,1.00,1.05
2015.01.05 14:15:31.612,1.19684,1.19686,1.50,1.12
2015.01.05 14:15:31.764,1.19685,1.19689,1.50,2.25
2015.01.05 14:15:33.931,1.19689,1.19691,1.00,3.07
2015.01.05 14:15:33.981,1.19689,1.19692,1.00,1.00
2015.01.05 14:15:34.084,1.19692,1.19695,1.10,1.00
2015.01.05 14:15:34.439,1.19694,1.19696,1.00,1.00
2015.01.05 14:15:34.540,1.19698,1.19702,1.25,1.50
2015.01.05 14:15:35.048,1.19698,1.19701,1.10,1.00
2015.01.05 14:15:35.351,1.19696,1.19699,1.12,1.00
2015.01.05 14:15:35.857,1.19696,1.19698,1.00,1.00
2015.01.05 14:15:37.650,1.19694,1.19698,1.00,1.57
2015.01.05 14:15:38.474,1.19694,1.19697,1.00,1.00
2015.01.05 14:15:38.576,1.19692,1.19696,1.00,1.00
2015.01.05 14:15:38.729,1.19692,1.19694,1.00,1.00
2015.01.05 14:15:39.135,1.19692,1.19696,1.00,1.50
2015.01.05 14:15:42.731,1.19692,1.19695,1.00,1.00
2015.01.05 14:15:43.594,1.1969,1.19694,2.06,1.00
2015.01.05 14:15:44.203,1.1969,1.19694,1.50,1.50
2015.01.05 14:15:47.286,1.1969,1.19693,1.00,1.00
2015.01.05 14:15:47.791,1.19688,1.19692,4.16,1.00
2015.01.05 14:15:48.891,1.19688,1.19692,3.26,1.50
2015.01.05 14:15:50.186,1.19688,1.1969,1.50,1.00
2015.01.05 14:15:50.440,1.19682,1.19686,1.50,1.00
2015.01.05 14:15:50.592,1.19681,1.19684,1.00,1.00
2015.01.05 14:15:51.097,1.1968,1.19684,1.00,1.00
2015.01.05 14:15:54.535,1.19683,1.19686,1.00,1.12
2015.01.05 14:15:54.739,1.19684,1.19688,1.00,3.37
2015.01.05 14:15:57.533,1.19682,1.19686,1.50,1.00
2015.01.05 14:15:57.837,1.1968,1.19684,1.87,1.00
2015.01.05 14:15:58.343,1.1968,1.19684,1.57,1.00
2015.01.05 14:15:58.699,1.1968,1.19682,1.00,1.00
2015.01.05 14:15:59.205,1.19679,1.19683,2.17,1.00
2015.01.05 14:15:59.510,1.19682,1.19683,1.00,1.00
2015.01.05 14:16:00.022,1.19681,1.19683,1.50,1.00
2015.01.05 14:16:00.224,1.19682,1.19685,1.00,1.00
2015.01.05 14:16:01.133,1.19683,1.19686,1.00,1.00
2015.01.05 14:16:02.042,1.19682,1.19686,1.00,2.50
2015.01.05 14:16:03.311,1.19681,1.19686,1.00,3.00
2015.01.05 14:16:03.463,1.1968,1.19684,1.00,1.57
2015.01.05 14:16:04.070,1.19681,1.19684,1.50,2.15
2015.01.05 14:16:04.222,1.19681,1.19685,2.25,1.57
2015.01.05 14:16:04.525,1.19683,1.19686,1.00,1.50
2015.01.05 14:16:04.878,1.19683,1.19687,1.00,1.57
2015.01.05 14:16:07.710,1.19686,1.19687,1.00,1.10
2015.01.05 14:16:07.811,1.19689,1.19692,2.50,1.00
2015.01.05 14:16:07.862,1.19691,1.19694,1.00,2.25
2015.01.05 14:16:07.963,1.19691,1.19694,1.25,1.10
2015.01.05 14:16:08.166,1.19693,1.19696,1.00,1.12
2015.01.05 14:16:08.671,1.19693,1.19697,1.00,2.62
2015.01.05 14:16:09.699,1.19693,1.19697,1.50,1.00
2015.01.05 14:16:10.212,1.19694,1.19697,1.50,1.00
2015.01.05 14:16:10.725,1.19695,1.19697,1.00,1.00
2015.01.05 14:16:11.244,1.19696,1.19699,1.00,1.12
2015.01.05 14:16:11.713,1.19697,1.197,1.00,1.10
2015.01.05 14:16:12.236,1.19696,1.197,2.25,1.12
2015.01.05 14:16:13.549,1.19695,1.19698,1.00,1.50
2015.01.05 14:16:14.063,1.19694,1.19698,1.00,3.00
2015.01.05 14:16:14.266,1.19694,1.19695,1.00,1.00
2015.01.05 14:16:14.417,1.19692,1.19695,1.50,1.00
2015.01.05 14:16:15.202,1.19692,1.19694,1.00,1.00
2015.01.05 14:16:15.707,1.1969,1.19694,3.19,1.50
2015.01.05 14:16:16.214,1.1969,1.19694,1.69,1.50
2015.01.05 14:16:18.236,1.1969,1.19694,3.19,1.00
2015.01.05 14:16:19.793,1.1969,1.19694,3.19,1.00
2015.01.05 14:16:19.997,1.19692,1.19694,1.00,1.00
2015.01.05 14:16:20.301,1.19694,1.19697,1.00,1.50
2015.01.05 14:16:23.111,1.19695,1.19699,1.00,3.00
2015.01.05 14:16:23.616,1.19695,1.19699,2.25,1.75
2015.01.05 14:16:23.818,1.19695,1.19699,2.25,1.10
2015.01.05 14:16:24.209,1.19693,1.19697,2.51,1.00
2015.01.05 14:16:24.512,1.19695,1.19697,1.00,1.10
2015.01.05 14:16:27.702,1.19696,1.19699,1.00,1.10
2015.01.05 14:16:28.058,1.19698,1.19701,1.25,2.25
2015.01.05 14:16:28.627,1.19697,1.19701,1.50,1.87
2015.01.05 14:16:32.407,1.19699,1.19703,2.25,1.10
2015.01.05 14:16:33.117,1.197,1.19703,1.00,1.10
2015.01.05 14:16:33.471,1.19704,1.19705,1.00,3.75
2015.01.05 14:16:33.572,1.19704,1.19707,3.19,1.50
2015.01.05 14:16:33.674,1.19705,1.19709,1.00,1.47
2015.01.05 14:16:34.180,1.19706,1.19709,1.00,1.10
2015.01.05 14:16:34.560,1.19703,1.19705,4.01,1.50
2015.01.05 14:16:34.661,1.19701,1.19704,1.10,1.87
2015.01.05 14:16:34.813,1.19699,1.19702,1.10,1.00
2015.01.05 14:16:35.527,1.197,1.19702,1.00,1.10
2015.01.05 14:16:35.881,1.19703,1.19704,1.50,1.05
2015.01.05 14:16:35.982,1.19705,1.19707,1.50,1.50
2015.01.05 14:16:36.033,1.19705,1.19708,4.50,1.75
2015.01.05 14:16:36.134,1.19707,1.1971,1.00,1.69
2015.01.05 14:16:37.440,1.19707,1.19711,1.00,2.25
2015.01.05 14:16:41.492,1.19707,1.19709,1.00,1.00
2015.01.05 14:16:42.173,1.19707,1.1971,1.00,1.01
2015.01.05 14:16:42.325,1.19708,1.19712,1.00,3.94
2015.01.05 14:16:45.021,1.19708,1.19711,1.00,1.50
2015.01.05 14:16:45.547,1.19709,1.1971,1.00,1.10
2015.01.05 14:16:47.780,1.19709,1.19712,1.00,1.12
2015.01.05 14:16:48.084,1.19708,1.19712,1.00,1.75
2015.01.05 14:16:49.568,1.19707,1.19711,1.00,2.25
2015.01.05 14:16:52.994,1.19705,1.19709,1.00,1.57
2015.01.05 14:16:53.505,1.19705,1.19709,1.00,1.87
2015.01.05 14:16:57.512,1.19706,1.19709,1.00,1.12
2015.01.05 14:16:58.024,1.19705,1.19709,1.00,1.87
2015.01.05 14:16:58.125,1.19703,1.19707,1.00,1.57
2015.01.05 14:16:58.176,1.19702,1.19705,1.00,1.00
2015.01.05 14:16:58.329,1.19699,1.19703,1.57,1.00
2015.01.05 14:16:58.682,1.19696,1.197,1.57,1.00
2015.01.05 14:17:00.187,1.19694,1.19698,1.57,1.00
2015.01.05 14:17:01.605,1.19693,1.19696,1.12,1.00
2015.01.05 14:17:01.656,1.19692,1.19696,1.10,1.50
2015.01.05 14:17:05.993,1.19692,1.19695,1.00,1.00
2015.01.05 14:17:06.517,1.19692,1.19696,1.00,2.32
2015.01.05 14:17:06.871,1.19694,1.19696,1.00,1.10
2015.01.05 14:17:07.426,1.19694,1.19698,1.00,2.51
2015.01.05 14:17:09.833,1.19694,1.19697,1.00,1.00
2015.01.05 14:17:10.615,1.19694,1.19698,1.00,1.00
2015.01.05 14:17:10.767,1.19697,1.19699,1.00,1.10
2015.01.05 14:17:11.273,1.19696,1.197,1.00,1.10
2015.01.05 14:17:11.475,1.19694,1.19699,1.57,1.00
2015.01.05 14:17:12.395,1.19695,1.19699,1.00,1.00
2015.01.05 14:17:12.923,1.19694,1.19699,1.57,1.00
2015.01.05 14:17:14.209,1.19694,1.19698,1.57,1.00
2015.01.05 14:17:14.260,1.19693,1.19694,1.05,1.00
2015.01.05 14:17:14.411,1.19692,1.19694,1.00,1.00
2015.01.05 14:17:14.563,1.1969,1.19694,1.50,1.00
2015.01.05 14:17:15.265,1.19691,1.19695,2.25,1.00
2015.01.05 14:17:15.772,1.19692,1.19697,2.25,1.87
2015.01.05 14:17:16.278,1.19693,1.19697,1.00,1.00
2015.01.05 14:17:16.784,1.19692,1.19697,2.32,1.00
2015.01.05 14:17:16.885,1.19692,1.19695,1.10,1.00
2015.01.05 14:17:17.399,1.19691,1.19695,1.10,1.00
2015.01.05 14:17:18.108,1.1969,1.19692,1.57,1.00
2015.01.05 14:17:18.412,1.19688,1.1969,1.00,1.19
2015.01.05 14:17:18.766,1.19686,1.19689,1.57,1.69
2015.01.05 14:17:20.389,1.19684,1.19688,1.87,1.00
2015.01.05 14:17:20.490,1.19682,1.19685,3.67,1.00
2015.01.05 14:17:20.995,1.19682,1.19687,3.60,1.50
2015.01.05 14:17:22.106,1.19684,1.19688,1.00,1.50
2015.01.05 14:17:23.584,1.19685,1.19689,1.00,1.75
2015.01.05 14:17:24.090,1.19684,1.19689,1.50,2.25
2015.01.05 14:17:24.444,1.19682,1.19686,2.25,1.00
2015.01.05 14:17:24.747,1.1968,1.19684,1.50,1.10
2015.01.05 14:17:25.812,1.19681,1.19685,1.00,1.12
2015.01.05 14:17:26.329,1.19681,1.19685,1.00,1.10
2015.01.05 14:17:26.835,1.19682,1.19685,1.00,1.10
2015.01.05 14:17:27.441,1.19681,1.19685,1.50,1.10
2015.01.05 14:17:27.946,1.1968,1.19685,2.44,1.10
2015.01.05 14:17:28.452,1.1968,1.19685,2.44,1.12
2015.01.05 14:17:30.198,1.19681,1.19685,1.00,1.12
2015.01.05 14:17:30.703,1.19682,1.19685,1.00,1.00
2015.01.05 14:17:31.893,1.19683,1.19685,1.00,1.00
2015.01.05 14:17:33.004,1.19683,1.19687,1.00,2.25
2015.01.05 14:17:33.509,1.19682,1.19685,1.00,1.12
2015.01.05 14:17:33.711,1.1968,1.19684,1.50,1.10
2015.01.05 14:17:34.705,1.19676,1.19679,1.00,1.37
2015.01.05 14:17:35.212,1.19677,1.19679,1.00,1.47
2015.01.05 14:17:35.617,1.19676,1.1968,1.00,2.10
2015.01.05 14:17:35.668,1.19678,1.1968,1.00,2.10
2015.01.05 14:17:35.972,1.1968,1.19683,1.50,1.50
2015.01.05 14:17:36.074,1.1968,1.19684,1.50,1.00
2015.01.05 14:17:38.151,1.19682,1.19684,1.00,1.00
2015.01.05 14:17:38.454,1.19679,1.19684,2.32,3.37
2015.01.05 14:17:38.707,1.19677,1.1968,1.10,1.37
2015.01.05 14:17:43.310,1.19678,1.1968,1.00,1.01
2015.01.05 14:17:43.665,1.19677,1.1968,1.00,1.39
2015.01.05 14:17:44.423,1.19678,1.1968,1.00,1.10
2015.01.05 14:17:44.928,1.19677,1.19681,1.50,2.06
2015.01.05 14:17:45.618,1.19678,1.19681,1.00,1.69
2015.01.05 14:17:46.123,1.19677,1.1968,1.50,1.39
2015.01.05 14:17:48.903,1.19677,1.1968,1.00,1.76
2015.01.05 14:17:49.409,1.19677,1.19681,1.50,1.25
2015.01.05 14:17:49.916,1.19677,1.1968,1.50,1.00
2015.01.05 14:17:50.571,1.19677,1.19679,1.00,1.00
2015.01.05 14:17:51.076,1.19677,1.1968,1.00,1.50
2015.01.05 14:17:51.695,1.19677,1.19679,1.00,1.00
2015.01.05 14:17:53.368,1.19676,1.19679,1.50,1.00
2015.01.05 14:17:53.881,1.19675,1.1968,3.26,2.25
2015.01.05 14:17:56.173,1.19675,1.19679,1.69,1.00
2015.01.05 14:17:57.800,1.19675,1.19678,1.25,1.50
2015.01.05 14:17:58.002,1.19673,1.19675,2.55,1.00
2015.01.05 14:17:58.155,1.1967,1.19673,1.10,1.50
2015.01.05 14:17:58.308,1.19668,1.19672,1.00,1.50
2015.01.05 14:17:58.461,1.19667,1.1967,1.57,1.00
2015.01.05 14:17:59.449,1.19674,1.19678,1.29,3.00
2015.01.05 14:17:59.955,1.19675,1.19679,1.25,1.50
2015.01.05 14:18:00.461,1.19675,1.19678,1.00,1.50
2015.01.05 14:18:01.323,1.19673,1.19677,3.37,1.00
2015.01.05 14:18:01.576,1.19666,1.1967,2.32,1.50
2015.01.05 14:18:02.081,1.19665,1.19669,2.32,1.00
2015.01.05 14:18:04.282,1.19665,1.1967,3.00,1.50
2015.01.05 14:18:04.796,1.19666,1.1967,1.10,1.50
2015.01.05 14:18:07.607,1.19666,1.19669,1.00,1.00
2015.01.05 14:18:09.556,1.19665,1.19669,1.10,1.00
2015.01.05 14:18:10.106,1.19665,1.19668,1.57,1.00
2015.01.05 14:18:10.611,1.19665,1.19667,1.57,1.00
2015.01.05 14:18:11.743,1.19664,1.19667,1.57,1.50
2015.01.05 14:18:12.265,1.19664,1.19666,1.10,1.00
2015.01.05 14:18:13.584,1.19663,1.19666,1.01,1.50
2015.01.05 14:18:14.102,1.19663,1.19665,1.01,1.00
2015.01.05 14:18:15.078,1.19661,1.19663,1.87,1.00
2015.01.05 14:18:15.130,1.19657,1.19661,1.37,1.00
2015.01.05 14:18:15.232,1.19655,1.19658,1.57,1.00
2015.01.05 14:18:15.748,1.19653,1.19657,1.12,1.50
2015.01.05 14:18:16.266,1.19653,1.19656,1.10,1.50
2015.01.05 14:18:17.071,1.19652,1.19654,1.42,1.00
2015.01.05 14:18:17.325,1.19651,1.19654,1.01,2.25
2015.01.05 14:18:17.528,1.1965,1.19652,1.10,2.25
2015.01.05 14:18:17.975,1.19646,1.19649,1.12,1.00
2015.01.05 14:18:18.480,1.19646,1.19649,1.57,1.00
2015.01.05 14:18:19.492,1.19646,1.19648,1.00,1.50
2015.01.05 14:18:20.709,1.19646,1.19649,1.00,1.00
2015.01.05 14:18:21.213,1.19645,1.19649,1.10,1.50
2015.01.05 14:18:21.668,1.19643,1.19647,2.25,2.85
2015.01.05 14:18:21.820,1.1964,1.19645,1.12,1.50
2015.01.05 14:18:21.921,1.1964,1.19642,1.00,1.00
2015.01.05 14:18:22.022,1.19638,1.19642,1.20,1.50
2015.01.05 14:18:22.981,1.19637,1.19642,1.57,1.00
2015.01.05 14:18:25.320,1.19638,1.19642,1.72,1.00
2015.01.05 14:18:26.045,1.19638,1.19642,3.22,1.50
2015.01.05 14:18:26.551,1.19638,1.19642,2.32,1.00
2015.01.05 14:18:26.652,1.19641,1.19643,1.00,1.50
2015.01.05 14:18:26.754,1.19643,1.19646,1.00,1.12
2015.01.05 14:18:26.906,1.19642,1.19647,2.62,2.25
2015.01.05 14:18:26.957,1.19641,1.19644,2.25,1.00
2015.01.05 14:18:27.058,1.19633,1.19635,1.00,2.85
2015.01.05 14:18:27.109,1.19631,1.19635,1.00,2.85
2015.01.05 14:18:27.159,1.1963,1.19633,1.00,1.00
2015.01.05 14:18:27.462,1.19626,1.19629,2.17,1.00
2015.01.05 14:18:27.564,1.19625,1.19629,1.50,1.00
2015.01.05 14:18:27.967,1.19625,1.19629,1.57,1.00
2015.01.05 14:18:28.472,1.19627,1.19629,1.00,1.00
2015.01.05 14:18:28.885,1.1963,1.19633,5.32,1.00
2015.01.05 14:18:28.987,1.19634,1.19638,1.25,1.00
2015.01.05 14:18:29.493,1.19635,1.19638,1.00,1.00
2015.01.05 14:18:29.998,1.19635,1.19637,1.00,1.00
2015.01.05 14:18:30.503,1.19635,1.19638,1.00,1.00
2015.01.05 14:18:31.009,1.19637,1.1964,1.00,1.12
2015.01.05 14:18:31.262,1.19639,1.19643,1.50,1.57
2015.01.05 14:18:31.363,1.19632,1.19634,1.00,3.22
2015.01.05 14:18:31.464,1.19626,1.1963,1.00,1.00
2015.01.05 14:18:32.043,1.19627,1.1963,1.10,1.54
2015.01.05 14:18:32.147,1.19625,1.19628,1.00,1.00
2015.01.05 14:18:32.652,1.19624,1.19628,2.25,1.00
2015.01.05 14:18:32.956,1.19626,1.19629,1.00,1.10
2015.01.05 14:18:33.921,1.19626,1.19629,1.00,3.41
2015.01.05 14:18:34.998,1.19626,1.19629,1.00,1.76
2015.01.05 14:18:35.558,1.19626,1.19629,1.00,1.39
2015.01.05 14:18:36.619,1.19634,1.19636,1.00,3.00
2015.01.05 14:18:36.672,1.19636,1.19638,1.00,1.00
2015.01.05 14:18:36.875,1.19636,1.1964,1.50,1.57
2015.01.05 14:18:37.178,1.19638,1.19641,1.00,1.00
2015.01.05 14:18:37.685,1.19638,1.19642,1.00,1.57
2015.01.05 14:18:39.525,1.19638,1.1964,1.00,1.00
2015.01.05 14:18:39.828,1.19636,1.19639,1.00,3.67
2015.01.05 14:18:40.332,1.19636,1.19639,1.50,2.17
2015.01.05 14:18:40.856,1.19636,1.19639,1.50,4.05
2015.01.05 14:18:41.738,1.19636,1.19639,1.50,3.97
2015.01.05 14:18:42.041,1.19632,1.19634,1.00,2.85
2015.01.05 14:18:42.243,1.19633,1.19636,1.00,1.10
2015.01.05 14:18:42.596,1.19635,1.19638,1.00,1.87
2015.01.05 14:18:43.102,1.19634,1.19636,1.00,1.00
2015.01.05 14:18:43.203,1.19629,1.19632,1.50,1.00
2015.01.05 14:18:43.506,1.19628,1.19632,1.57,1.69
2015.01.05 14:18:43.809,1.19626,1.1963,2.81,1.00
2015.01.05 14:18:44.905,1.1963,1.19632,1.00,1.12
2015.01.05 14:18:45.007,1.1963,1.19634,2.25,1.50
2015.01.05 14:18:45.108,1.19631,1.19633,1.00,1.50
2015.01.05 14:18:45.209,1.19628,1.19632,1.87,1.50
2015.01.05 14:18:45.714,1.19628,1.19632,1.10,2.25
2015.01.05 14:18:46.181,1.1963,1.19632,1.00,1.00
2015.01.05 14:18:46.485,1.19635,1.19637,1.50,1.12
2015.01.05 14:18:46.906,1.19635,1.19638,1.00,1.10
2015.01.05 14:18:49.713,1.19635,1.19637,1.00,1.00
2015.01.05 14:18:51.002,1.19635,1.19638,1.50,1.10
2015.01.05 14:18:51.508,1.19636,1.19639,1.00,1.50
2015.01.05 14:18:52.012,1.19637,1.19639,1.00,1.00
2015.01.05 14:18:52.478,1.19636,1.19638,1.00,1.00
2015.01.05 14:18:52.530,1.19634,1.19637,1.57,1.00
2015.01.05 14:18:52.581,1.19634,1.19635,1.10,1.00
2015.01.05 14:18:53.088,1.19633,1.19634,2.10,1.00
2015.01.05 14:18:53.796,1.19635,1.19639,1.50,2.36
2015.01.05 14:18:54.197,1.19635,1.19638,1.50,1.10
2015.01.05 14:18:59.274,1.19634,1.19636,1.00,3.10
2015.01.05 14:18:59.325,1.19632,1.19634,1.00,1.00
2015.01.05 14:18:59.529,1.1963,1.19632,1.00,1.00
2015.01.05 14:18:59.731,1.19631,1.19634,1.00,2.32
2015.01.05 14:19:00.035,1.1963,1.19632,1.00,1.00
2015.01.05 14:19:00.439,1.19631,1.19634,1.00,1.10
2015.01.05 14:19:00.540,1.19633,1.19636,1.00,1.57
2015.01.05 14:19:01.760,1.19631,1.19632,1.00,1.10
2015.01.05 14:19:01.811,1.1963,1.19632,2.10,1.57
2015.01.05 14:19:02.625,1.19628,1.19632,1.50,1.10
2015.01.05 14:19:04.160,1.19628,1.19632,1.00,3.60
2015.01.05 14:19:05.746,1.19627,1.1963,1.00,1.00
2015.01.05 14:19:06.252,1.19626,1.1963,1.50,2.25
2015.01.05 14:19:06.808,1.19626,1.19629,1.00,1.00
2015.01.05 14:19:07.331,1.19625,1.19628,1.00,1.00
2015.01.05 14:19:07.810,1.19623,1.19625,1.50,1.00
2015.01.05 14:19:08.064,1.19616,1.1962,1.10,1.00
2015.01.05 14:19:08.166,1.19614,1.19619,1.10,1.50
2015.01.05 14:19:08.671,1.19614,1.19617,1.00,1.00
2015.01.05 14:19:09.076,1.19612,1.19617,1.10,2.25
2015.01.05 14:19:09.643,1.19613,1.19616,1.00,1.50
2015.01.05 14:19:10.151,1.19613,1.19616,3.41,1.00
2015.01.05 14:19:10.658,1.19613,1.19617,3.41,1.50
2015.01.05 14:19:11.214,1.19613,1.19617,1.57,2.10
2015.01.05 14:19:12.208,1.19613,1.19616,1.20,1.00
2015.01.05 14:19:12.361,1.19612,1.19617,2.81,1.50
2015.01.05 14:19:12.462,1.19612,1.19615,2.81,1.00
2015.01.05 14:19:14.234,1.19611,1.19613,1.12,1.50
2015.01.05 14:19:15.126,1.19611,1.19613,1.00,2.29
2015.01.05 14:19:15.329,1.19609,1.19612,1.00,2.06
2015.01.05 14:19:15.430,1.19607,1.19612,1.50,1.76
2015.01.05 14:19:15.532,1.19609,1.19611,1.00,1.00
2015.01.05 14:19:15.937,1.19607,1.19609,1.50,1.00
2015.01.05 14:19:16.139,1.19607,1.19609,1.00,1.00
2015.01.05 14:19:16.240,1.19606,1.19608,1.10,1.00
2015.01.05 14:19:16.392,1.19606,1.19609,1.10,1.50
2015.01.05 14:19:16.897,1.19605,1.19608,2.66,1.50
2015.01.05 14:19:17.403,1.19604,1.19607,2.10,2.25
2015.01.05 14:19:17.454,1.19604,1.19605,1.50,1.00
2015.01.05 14:19:17.505,1.19603,1.19604,1.25,1.00
2015.01.05 14:19:17.556,1.196,1.19603,2.06,1.00
2015.01.05 14:19:17.707,1.19598,1.196,1.10,1.00
2015.01.05 14:19:17.809,1.19597,1.19602,1.87,1.50
2015.01.05 14:19:17.910,1.19597,1.19599,1.12,1.00
2015.01.05 14:19:18.418,1.19596,1.19599,1.00,1.00
2015.01.05 14:19:18.722,1.19594,1.19599,3.79,1.00
2015.01.05 14:19:18.823,1.19593,1.19596,2.47,1.00
2015.01.05 14:19:18.975,1.19592,1.19594,1.22,1.00
2015.01.05 14:19:19.329,1.1959,1.19593,1.31,1.00
2015.01.05 14:19:19.430,1.19587,1.19591,1.75,1.00
2015.01.05 14:19:19.532,1.19581,1.19584,1.87,2.10
2015.01.05 14:19:19.583,1.1958,1.19582,1.00,1.00
2015.01.05 14:19:19.634,1.19577,1.19582,1.12,1.00
2015.01.05 14:19:19.685,1.19574,1.19577,4.00,1.00
2015.01.05 14:19:19.735,1.19569,1.19572,1.00,2.10
2015.01.05 14:19:19.803,1.19567,1.19571,1.12,2.10
2015.01.05 14:19:19.906,1.19563,1.19567,1.12,1.00
2015.01.05 14:19:20.060,1.19563,1.19566,1.00,1.69
2015.01.05 14:19:20.111,1.1956,1.19565,1.00,1.25
2015.01.05 14:19:20.669,1.1956,1.19564,1.00,1.50
2015.01.05 14:19:20.771,1.19558,1.19562,1.69,1.00
2015.01.05 14:19:21.075,1.19552,1.19557,1.19,1.69
2015.01.05 14:19:21.126,1.19552,1.19555,1.19,1.00
2015.01.05 14:19:21.228,1.19553,1.19558,1.00,1.19
2015.01.05 14:19:21.279,1.19554,1.19558,1.19,1.00
2015.01.05 14:19:21.330,1.19554,1.1956,1.69,1.50
2015.01.05 14:19:21.380,1.19554,1.1956,1.69,1.50
2015.01.05 14:19:22.026,1.19554,1.19559,1.69,1.50
2015.01.05 14:19:22.077,1.19554,1.19559,1.00,1.50
2015.01.05 14:19:22.178,1.19553,1.19557,1.19,1.00
2015.01.05 14:19:22.734,1.19554,1.19558,1.25,1.00
2015.01.05 14:19:23.090,1.19557,1.19559,2.10,1.00
2015.01.05 14:19:23.241,1.19558,1.19564,2.10,1.00
2015.01.05 14:19:23.444,1.1956,1.19565,1.10,2.66
2015.01.05 14:19:23.848,1.19561,1.19562,1.00,2.10
2015.01.05 14:19:23.949,1.19557,1.19561,1.50,1.00
2015.01.05 14:19:24.000,1.19556,1.19561,1.50,1.10
2015.01.05 14:19:24.152,1.19559,1.19561,1.00,2.17
2015.01.05 14:19:24.304,1.19561,1.19565,1.00,1.01
2015.01.05 14:19:24.455,1.19563,1.19565,1.00,1.10
2015.01.05 14:19:24.758,1.19564,1.19567,1.00,1.69
2015.01.05 14:19:24.860,1.19566,1.19568,1.00,2.14
2015.01.05 14:19:25.263,1.19573,1.19576,2.10,2.62
2015.01.05 14:19:25.314,1.19575,1.19576,1.00,1.50
2015.01.05 14:19:25.415,1.19575,1.19579,1.35,1.00
2015.01.05 14:19:26.517,1.19576,1.19581,1.25,1.37
2015.01.05 14:19:26.569,1.19583,1.19587,1.00,1.69
2015.01.05 14:19:26.923,1.19585,1.19588,1.00,1.31
2015.01.05 14:19:27.226,1.19583,1.19585,1.00,1.00
2015.01.05 14:19:27.529,1.19581,1.19585,1.00,1.00
2015.01.05 14:19:27.782,1.19581,1.19583,1.00,1.00
2015.01.05 14:19:27.833,1.19578,1.19582,1.50,1.50
2015.01.05 14:19:27.984,1.19578,1.1958,1.00,1.00
2015.01.05 14:19:28.137,1.19576,1.19579,1.00,1.00
2015.01.05 14:19:28.188,1.19576,1.19578,1.00,1.19
2015.01.05 14:19:28.340,1.19571,1.19574,1.00,1.00
2015.01.05 14:19:28.593,1.19571,1.19572,1.00,1.00
2015.01.05 14:19:28.694,1.19569,1.19572,1.10,1.00
2015.01.05 14:19:28.947,1.19567,1.19571,2.92,1.00
2015.01.05 14:19:29.149,1.19567,1.19569,2.92,1.00
2015.01.05 14:19:29.452,1.1956,1.19564,1.00,1.25
2015.01.05 14:19:29.503,1.1956,1.19564,1.12,1.00
2015.01.05 14:19:29.553,1.1956,1.19563,1.12,1.87
2015.01.05 14:19:29.705,1.19555,1.19559,1.12,1.50
2015.01.05 14:19:30.211,1.19555,1.19559,1.00,1.69
2015.01.05 14:19:30.664,1.19557,1.1956,1.00,1.47
2015.01.05 14:19:30.866,1.19562,1.19566,1.00,1.57
2015.01.05 14:19:33.189,1.19563,1.19566,2.85,1.00
2015.01.05 14:19:33.341,1.19565,1.19568,1.00,1.10
2015.01.05 14:19:33.947,1.19565,1.19569,1.00,1.00
2015.01.05 14:19:35.936,1.19569,1.1957,2.10,1.05
2015.01.05 14:19:36.088,1.19571,1.19574,2.29,1.10
2015.01.05 14:19:36.139,1.19574,1.19576,1.25,1.30
2015.01.05 14:19:36.190,1.19574,1.19578,1.69,1.50
2015.01.05 14:19:36.241,1.19574,1.19576,1.00,1.50
2015.01.05 14:19:36.342,1.19572,1.19576,1.10,2.62
2015.01.05 14:19:36.393,1.19572,1.19575,1.00,1.50
2015.01.05 14:19:36.545,1.1957,1.19574,1.50,1.00
2015.01.05 14:19:37.406,1.19571,1.19574,1.00,1.50
2015.01.05 14:19:37.557,1.19573,1.19576,2.85,1.87
2015.01.05 14:19:37.709,1.19576,1.19579,1.00,1.12
2015.01.05 14:19:39.042,1.19577,1.1958,1.01,1.12
2015.01.05 14:19:39.548,1.19578,1.19581,1.00,1.69
2015.01.05 14:19:41.964,1.19579,1.19581,1.00,1.12
2015.01.05 14:19:42.015,1.1958,1.19582,1.00,1.57
2015.01.05 14:19:42.721,1.1958,1.19583,1.69,1.00
2015.01.05 14:19:42.773,1.19586,1.19589,1.12,1.37
2015.01.05 14:19:42.875,1.19588,1.19594,1.25,2.06
2015.01.05 14:19:43.026,1.19589,1.19594,1.00,2.06
2015.01.05 14:19:43.329,1.19585,1.19587,1.00,1.29
2015.01.05 14:19:44.361,1.19585,1.19587,1.00,1.00
2015.01.05 14:19:44.673,1.19588,1.19589,1.50,1.00
2015.01.05 14:19:45.178,1.19588,1.19591,1.00,1.00
2015.01.05 14:19:45.380,1.19588,1.19589,1.00,3.00
2015.01.05 14:19:45.582,1.19581,1.19584,1.10,1.50
2015.01.05 14:19:45.936,1.19582,1.19586,1.00,1.69
2015.01.05 14:19:46.777,1.19582,1.19585,1.00,1.50
2015.01.05 14:19:48.090,1.19582,1.19585,1.00,2.81
2015.01.05 14:19:49.491,1.19583,1.19586,1.12,1.87
2015.01.05 14:19:49.643,1.19585,1.19587,1.00,2.06
2015.01.05 14:19:49.845,1.19585,1.19588,1.50,1.25
2015.01.05 14:19:51.213,1.19588,1.1959,1.25,1.35
2015.01.05 14:19:51.264,1.19588,1.19592,1.69,1.50
2015.01.05 14:19:52.226,1.19588,1.19591,1.76,1.00
2015.01.05 14:19:52.731,1.19588,1.19589,1.50,1.00
2015.01.05 14:19:53.034,1.19581,1.19582,1.00,1.00
2015.01.05 14:19:53.135,1.19579,1.19582,1.10,1.50
2015.01.05 14:19:53.639,1.19577,1.1958,1.12,1.00
2015.01.05 14:19:54.043,1.19576,1.19579,1.25,1.00
2015.01.05 14:19:54.901,1.19575,1.19579,1.76,1.50
2015.01.05 14:19:55.355,1.19577,1.19579,1.00,1.00
2015.01.05 14:19:55.859,1.19577,1.1958,1.00,1.25
2015.01.05 14:19:59.276,1.19577,1.19581,1.50,1.69
2015.01.05 14:19:59.788,1.19577,1.19581,2.51,1.00
2015.01.05 14:20:00.382,1.19578,1.19581,1.29,1.00
2015.01.05 14:20:00.686,1.19585,1.19589,1.00,2.25
2015.01.05 14:20:00.736,1.19585,1.19589,1.00,1.50
2015.01.05 14:20:01.631,1.19584,1.19586,1.00,1.00
2015.01.05 14:20:01.784,1.19579,1.19583,1.69,1.72
2015.01.05 14:20:02.291,1.19579,1.19583,1.50,1.12
2015.01.05 14:20:03.766,1.19579,1.19582,1.25,1.00
2015.01.05 14:20:04.271,1.19582,1.19585,1.00,1.87
2015.01.05 14:20:04.474,1.19583,1.19588,1.50,2.44
2015.01.05 14:20:04.981,1.19584,1.19588,1.00,1.62
2015.01.05 14:20:05.486,1.19585,1.19588,1.00,1.37
2015.01.05 14:20:05.991,1.19584,1.19588,1.00,1.12
2015.01.05 14:20:06.496,1.19585,1.19589,1.00,3.00
2015.01.05 14:20:10.391,1.19585,1.19589,1.00,2.06
2015.01.05 14:20:11.895,1.19588,1.19591,1.69,1.50
2015.01.05 14:20:12.100,1.1959,1.19595,1.29,1.57
2015.01.05 14:20:12.455,1.1959,1.19595,2.51,1.35
2015.01.05 14:20:12.961,1.19592,1.19596,1.00,1.10
2015.01.05 14:20:13.923,1.19594,1.19597,1.00,1.12
2015.01.05 14:20:14.226,1.19596,1.19599,1.00,2.25
2015.01.05 14:20:14.529,1.19596,1.19599,4.75,1.72
2015.01.05 14:20:15.034,1.19598,1.19601,1.00,2.25
2015.01.05 14:20:16.554,1.19601,1.19604,1.00,1.67
2015.01.05 14:20:16.606,1.19604,1.19609,1.25,1.75
2015.01.05 14:20:16.707,1.19606,1.19611,1.00,1.50
2015.01.05 14:20:16.808,1.19608,1.19612,1.00,1.50
2015.01.05 14:20:17.869,1.19608,1.19611,1.50,1.00
2015.01.05 14:20:18.425,1.1961,1.19612,1.00,1.00
2015.01.05 14:20:18.879,1.19608,1.19612,1.25,1.00
2015.01.05 14:20:19.383,1.19608,1.19613,1.25,1.50
2015.01.05 14:20:19.737,1.19608,1.19613,1.00,4.02
2015.01.05 14:20:19.839,1.19605,1.19611,1.00,1.12
2015.01.05 14:20:21.061,1.19605,1.1961,1.50,2.55
2015.01.05 14:20:21.112,1.19604,1.19609,1.50,2.74
2015.01.05 14:20:21.214,1.196,1.19606,3.19,3.00
2015.01.05 14:20:21.315,1.19601,1.19606,1.10,4.40
2015.01.05 14:20:21.820,1.19601,1.19606,1.50,1.57
2015.01.05 14:20:22.174,1.19601,1.19606,1.00,2.42
2015.01.05 14:20:22.478,1.19598,1.19603,1.00,1.72
2015.01.05 14:20:22.914,1.196,1.19603,1.00,1.12
2015.01.05 14:20:23.419,1.19601,1.19605,1.00,1.10
2015.01.05 14:20:23.520,1.19605,1.19608,1.00,2.17
2015.01.05 14:20:23.722,1.19606,1.1961,1.00,5.29
2015.01.05 14:20:24.404,1.19606,1.1961,1.00,1.10
2015.01.05 14:20:24.710,1.19607,1.1961,1.00,2.17
2015.01.05 14:20:27.791,1.19608,1.19612,1.00,4.16
2015.01.05 14:20:28.971,1.19608,1.19612,1.00,1.00
2015.01.05 14:20:31.732,1.19608,1.19612,1.50,1.00
2015.01.05 14:20:31.883,1.19609,1.19614,1.10,6.11
2015.01.05 14:20:32.086,1.19609,1.19612,1.10,1.00
2015.01.05 14:20:32.590,1.19609,1.19613,1.10,2.10
2015.01.05 14:20:34.594,1.19609,1.19613,1.12,1.00
2015.01.05 14:20:35.099,1.19608,1.19612,2.06,1.00
2015.01.05 14:20:35.402,1.19612,1.19616,1.00,1.57
2015.01.05 14:20:35.504,1.19614,1.19616,1.00,1.57
2015.01.05 14:20:35.807,1.19617,1.1962,1.00,1.67
2015.01.05 14:20:35.908,1.19619,1.19622,2.06,1.00
2015.01.05 14:20:36.009,1.19622,1.19627,1.01,1.10
2015.01.05 14:20:36.060,1.19625,1.19628,1.00,1.27
2015.01.05 14:20:36.162,1.19626,1.1963,1.00,3.97
2015.01.05 14:20:37.134,1.19626,1.1963,1.00,1.10
2015.01.05 14:20:37.640,1.19625,1.1963,2.32,1.00
2015.01.05 14:20:38.158,1.19625,1.1963,2.62,1.00
2015.01.05 14:20:38.663,1.19627,1.19631,1.00,1.50
2015.01.05 14:20:43.617,1.19624,1.19626,3.07,2.25
2015.01.05 14:20:43.668,1.19623,1.19625,1.27,2.25
2015.01.05 14:20:43.719,1.19621,1.19625,1.70,1.50
2015.01.05 14:20:43.770,1.19619,1.19621,4.80,1.69
2015.01.05 14:20:43.871,1.19616,1.19619,1.00,1.25
2015.01.05 14:20:43.973,1.19614,1.19618,1.00,2.25
2015.01.05 14:20:44.479,1.19614,1.19617,1.50,1.27
2015.01.05 14:20:45.337,1.19615,1.19618,1.00,1.42
2015.01.05 14:20:45.733,1.19616,1.1962,1.00,1.87
2015.01.05 14:20:45.936,1.19618,1.1962,1.00,1.12
2015.01.05 14:20:46.139,1.1962,1.19624,1.00,2.25
2015.01.05 14:20:46.644,1.19621,1.19624,1.00,1.12
2015.01.05 14:20:48.006,1.19621,1.19624,2.06,1.10
2015.01.05 14:20:48.511,1.19622,1.19624,1.76,1.00
2015.01.05 14:20:50.555,1.19623,1.19624,1.10,1.00
2015.01.05 14:20:52.929,1.19623,1.19627,2.32,1.39
2015.01.05 14:20:54.172,1.19625,1.19628,3.60,2.44
2015.01.05 14:20:54.479,1.1963,1.19633,4.35,5.12
2015.01.05 14:20:54.634,1.19636,1.1964,1.00,2.25
2015.01.05 14:20:54.736,1.19636,1.1964,1.50,1.00
2015.01.05 14:20:55.393,1.19636,1.19639,1.00,1.00
2015.01.05 14:20:55.905,1.19636,1.19638,1.50,1.00
2015.01.05 14:20:56.416,1.19635,1.19639,1.76,1.00
2015.01.05 14:20:56.922,1.19635,1.19639,2.81,1.00
2015.01.05 14:20:57.023,1.19637,1.19641,1.00,1.00
2015.01.05 14:20:57.125,1.19641,1.19644,1.00,1.69
2015.01.05 14:21:00.135,1.19639,1.19644,1.00,2.34
2015.01.05 14:21:01.011,1.19639,1.19643,1.00,1.12
2015.01.05 14:21:01.668,1.19637,1.19641,1.00,1.00
2015.01.05 14:21:02.286,1.19635,1.19637,3.37,1.00
2015.01.05 14:21:02.438,1.19631,1.19633,1.00,2.10
2015.01.05 14:21:02.742,1.19631,1.19635,1.00,2.36
2015.01.05 14:21:03.249,1.19631,1.19635,1.50,1.12
2015.01.05 14:21:03.756,1.19631,1.19635,1.57,1.00
2015.01.05 14:21:03.958,1.19633,1.19637,1.00,1.10
2015.01.05 14:21:04.615,1.19633,1.19636,1.00,1.00
2015.01.05 14:21:04.666,1.19631,1.19635,1.76,1.00
2015.01.05 14:21:05.171,1.19632,1.19635,1.00,1.00
2015.01.05 14:21:05.373,1.19632,1.19633,1.00,1.00
2015.01.05 14:21:05.575,1.19629,1.19632,3.22,1.00
2015.01.05 14:21:06.927,1.19629,1.19632,1.25,1.00
2015.01.05 14:21:07.435,1.19632,1.19636,1.00,2.44
2015.01.05 14:21:07.587,1.19632,1.19636,1.00,1.76
2015.01.05 14:21:07.839,1.19632,1.19634,1.00,2.10
2015.01.05 14:21:08.345,1.19631,1.19634,1.50,1.35
2015.01.05 14:21:08.597,1.19632,1.19636,1.00,1.00
2015.01.05 14:21:09.305,1.19632,1.19634,2.32,2.10
2015.01.05 14:21:09.559,1.19632,1.19636,1.00,1.57
2015.01.05 14:21:09.964,1.19632,1.19633,1.00,1.50
2015.01.05 14:21:10.116,1.1963,1.19633,2.32,2.10
2015.01.05 14:21:10.621,1.1963,1.19633,1.57,1.35
2015.01.05 14:21:11.024,1.19631,1.19633,2.10,1.00
2015.01.05 14:21:11.176,1.19633,1.19636,1.00,1.12
2015.01.05 14:21:11.277,1.19636,1.19637,1.00,1.00
2015.01.05 14:21:11.480,1.19637,1.19639,1.00,1.00
2015.01.05 14:21:11.985,1.19638,1.19641,1.00,3.22
2015.01.05 14:21:12.036,1.1964,1.19641,1.00,2.25
2015.01.05 14:21:12.593,1.1964,1.19643,1.00,2.92
2015.01.05 14:21:13.100,1.19641,1.19643,1.00,1.00
2015.01.05 14:21:13.857,1.19641,1.19645,1.50,1.87
2015.01.05 14:21:16.833,1.19641,1.19645,1.00,1.57
2015.01.05 14:21:17.035,1.19643,1.19645,1.00,1.57
2015.01.05 14:21:17.541,1.19642,1.19644,1.00,1.50
2015.01.05 14:21:19.487,1.19641,1.19644,1.00,1.76
2015.01.05 14:21:23.100,1.19641,1.19645,4.91,1.50
2015.01.05 14:21:23.453,1.19641,1.19645,2.14,2.25
2015.01.05 14:21:25.767,1.19642,1.19645,1.00,1.25
2015.01.05 14:21:26.385,1.19643,1.19645,1.00,1.00
2015.01.05 14:21:27.326,1.19641,1.19645,1.50,1.10
2015.01.05 14:21:27.528,1.19641,1.19645,1.50,1.50
2015.01.05 14:21:28.894,1.19638,1.19642,2.32,1.35
2015.01.05 14:21:29.398,1.19638,1.19642,2.25,1.50
2015.01.05 14:21:29.656,1.19638,1.1964,1.00,2.85
2015.01.05 14:21:29.859,1.19632,1.19636,1.12,1.69
2015.01.05 14:21:30.061,1.19635,1.19638,1.00,1.01
2015.01.05 14:21:30.566,1.19636,1.1964,1.00,1.31
2015.01.05 14:21:31.874,1.19639,1.19641,1.00,2.36
2015.01.05 14:21:32.179,1.19646,1.19649,1.00,1.00
2015.01.05 14:21:32.230,1.19647,1.19651,1.00,1.00
2015.01.05 14:21:32.281,1.19653,1.19657,1.00,1.69
2015.01.05 14:21:32.587,1.19656,1.19661,1.50,2.85
2015.01.05 14:21:32.891,1.19658,1.19662,1.00,3.79
2015.01.05 14:21:34.180,1.19658,1.1966,1.00,2.17
2015.01.05 14:21:34.724,1.19658,1.1966,1.00,3.11
2015.01.05 14:21:35.238,1.19656,1.1966,1.50,3.11
2015.01.05 14:21:35.754,1.19656,1.1966,1.50,3.11
2015.01.05 14:21:36.434,1.19656,1.1966,1.50,1.15
2015.01.05 14:21:42.433,1.19656,1.1966,1.50,1.61
2015.01.05 14:21:43.332,1.19656,1.1966,1.50,1.42
2015.01.05 14:21:44.468,1.19656,1.1966,2.25,1.16
2015.01.05 14:21:45.120,1.19657,1.19661,1.00,1.66
2015.01.05 14:21:46.766,1.19656,1.19661,2.25,1.39
2015.01.05 14:21:47.276,1.19657,1.19661,1.00,2.14
2015.01.05 14:21:47.796,1.19656,1.19661,1.50,2.29
2015.01.05 14:21:49.451,1.19657,1.19661,1.00,1.66
2015.01.05 14:21:52.618,1.19658,1.19661,1.00,2.14
2015.01.05 14:21:53.962,1.19657,1.19661,1.00,2.47
2015.01.05 14:21:54.676,1.19657,1.1966,1.00,1.00
2015.01.05 14:21:56.936,1.19657,1.19659,1.00,1.00
2015.01.05 14:21:58.478,1.19657,1.19661,1.00,2.17
2015.01.05 14:21:58.983,1.19658,1.19661,1.00,1.57
2015.01.05 14:22:00.245,1.19658,1.19663,2.62,1.05
2015.01.05 14:22:00.447,1.19667,1.19669,1.00,1.12
2015.01.05 14:22:00.498,1.19667,1.1967,1.00,1.10
2015.01.05 14:22:01.003,1.19667,1.19672,1.25,1.12
2015.01.05 14:22:01.104,1.19669,1.19674,1.00,1.75
2015.01.05 14:22:01.155,1.19669,1.19674,1.00,3.22
2015.01.05 14:22:01.661,1.1967,1.19674,1.50,1.72
2015.01.05 14:22:02.298,1.1967,1.19672,1.50,1.00
2015.01.05 14:22:02.803,1.1967,1.19672,1.50,1.72
2015.01.05 14:22:03.126,1.1967,1.19674,1.50,1.12
2015.01.05 14:22:04.768,1.1967,1.19675,1.00,1.87
2015.01.05 14:22:05.841,1.19671,1.19675,1.00,3.60
2015.01.05 14:22:06.245,1.19673,1.19676,1.00,1.01
2015.01.05 14:22:07.530,1.19673,1.19675,1.00,1.00
2015.01.05 14:22:09.059,1.19672,1.19675,1.00,1.00
2015.01.05 14:22:12.811,1.19672,1.19674,1.00,1.00
2015.01.05 14:22:12.963,1.19669,1.19674,2.06,1.50
2015.01.05 14:22:13.471,1.19671,1.19674,1.00,1.50
2015.01.05 14:22:13.774,1.1967,1.19672,1.00,1.00
2015.01.05 14:22:14.785,1.19667,1.19669,1.10,1.00
2015.01.05 14:22:14.888,1.19659,1.19661,1.00,2.85
2015.01.05 14:22:14.938,1.19657,1.1966,1.67,1.00
2015.01.05 14:22:15.040,1.19655,1.1966,1.75,1.05
2015.01.05 14:22:15.546,1.19655,1.19661,1.12,1.25
2015.01.05 14:22:16.054,1.19657,1.19661,1.00,1.50
2015.01.05 14:22:17.060,1.19656,1.19661,1.10,1.50
2015.01.05 14:22:18.825,1.19656,1.1966,1.10,1.00
2015.01.05 14:22:19.531,1.19655,1.1966,2.14,1.50
2015.01.05 14:22:19.632,1.19657,1.1966,1.00,1.50
2015.01.05 14:22:20.036,1.19655,1.19659,1.12,1.00
2015.01.05 14:22:20.137,1.19657,1.19659,1.00,1.00
2015.01.05 14:22:21.501,1.19657,1.19662,1.00,2.81
2015.01.05 14:22:22.745,1.19656,1.19662,2.44,2.62
2015.01.05 14:22:23.250,1.19657,1.19662,1.50,1.10
2015.01.05 14:22:23.786,1.19658,1.19662,1.00,1.00
2015.01.05 14:22:23.938,1.1966,1.19663,1.19,1.10
2015.01.05 14:22:24.040,1.19662,1.19667,3.86,1.00
2015.01.05 14:22:24.192,1.19664,1.19669,1.76,1.00
2015.01.05 14:22:24.697,1.19664,1.1967,2.25,3.79
2015.01.05 14:22:25.201,1.19668,1.1967,1.00,1.00
2015.01.05 14:22:25.706,1.19668,1.19671,1.10,3.04
2015.01.05 14:22:27.470,1.19668,1.19672,1.10,3.11
2015.01.05 14:22:28.029,1.19668,1.19672,1.87,2.10
2015.01.05 14:22:28.534,1.19668,1.19672,1.00,2.92
2015.01.05 14:22:29.308,1.1967,1.19675,2.25,1.01
2015.01.05 14:22:29.814,1.19671,1.19675,1.00,1.10
2015.01.05 14:22:31.375,1.19671,1.19674,1.00,1.00
2015.01.05 14:22:31.476,1.1967,1.19672,1.50,2.85
2015.01.05 14:22:31.628,1.19663,1.19666,1.50,1.00
2015.01.05 14:22:31.679,1.19663,1.19664,1.50,1.00
2015.01.05 14:22:31.730,1.19661,1.19664,1.00,1.00
2015.01.05 14:22:31.932,1.19658,1.19664,3.00,1.50
2015.01.05 14:22:32.033,1.19661,1.19665,1.00,1.10
2015.01.05 14:22:32.235,1.19661,1.19668,2.44,1.50
2015.01.05 14:22:32.286,1.19661,1.19668,3.19,1.50
2015.01.05 14:22:32.640,1.19664,1.1967,2.32,2.17
2015.01.05 14:22:32.741,1.19665,1.1967,1.00,1.37
2015.01.05 14:22:34.000,1.19665,1.19671,1.00,1.37
2015.01.05 14:22:34.410,1.19667,1.19674,1.00,2.44
2015.01.05 14:22:35.263,1.19668,1.19673,1.00,2.44
2015.01.05 14:22:35.784,1.19669,1.19673,1.00,1.62
2015.01.05 14:22:36.291,1.19669,1.19674,1.00,2.06
2015.01.05 14:22:36.544,1.19667,1.19671,1.00,1.50
2015.01.05 14:22:37.049,1.19666,1.19671,1.00,1.87
2015.01.05 14:22:38.592,1.19667,1.19671,1.00,2.06
2015.01.05 14:22:42.003,1.19667,1.1967,1.00,1.72
2015.01.05 14:22:42.054,1.19665,1.1967,3.00,1.72
2015.01.05 14:22:44.339,1.19664,1.19666,1.00,2.10
2015.01.05 14:22:44.491,1.1966,1.19664,1.50,1.05
2015.01.05 14:22:44.743,1.19664,1.19667,1.00,1.31
2015.01.05 14:22:45.249,1.19666,1.1967,1.00,2.29
2015.01.05 14:22:46.671,1.19666,1.19671,1.00,4.54
2015.01.05 14:22:47.078,1.19664,1.19669,2.25,1.01
2015.01.05 14:22:47.584,1.19665,1.1967,1.00,2.06
2015.01.05 14:22:48.318,1.19666,1.1967,1.00,2.62
2015.01.05 14:22:49.227,1.19666,1.19671,1.00,2.66
2015.01.05 14:22:51.913,1.19667,1.1967,1.00,1.10
2015.01.05 14:22:52.681,1.19666,1.1967,1.50,1.10
2015.01.05 14:22:53.236,1.19665,1.19669,1.50,1.00
2015.01.05 14:22:54.981,1.19665,1.1967,2.25,2.32
2015.01.05 14:22:55.486,1.19666,1.1967,1.50,1.10
2015.01.05 14:22:55.991,1.19667,1.19672,1.00,2.81
2015.01.05 14:22:56.547,1.19666,1.19668,1.50,1.00
2015.01.05 14:22:56.901,1.19663,1.19667,1.00,1.00
2015.01.05 14:22:57.406,1.19663,1.19668,1.10,2.10
2015.01.05 14:22:57.457,1.19663,1.19668,1.10,2.66
2015.01.05 14:22:57.609,1.1966,1.19664,2.25,1.00
2015.01.05 14:22:57.761,1.19663,1.19664,1.00,1.00
2015.01.05 14:22:57.811,1.19663,1.19666,1.00,1.00
2015.01.05 14:22:57.913,1.19663,1.19666,1.75,1.00
2015.01.05 14:22:58.015,1.19665,1.19668,1.10,1.25
2015.01.05 14:22:58.319,1.19665,1.1967,1.10,2.85
2015.01.05 14:22:59.514,1.19665,1.1967,1.00,1.61
2015.01.05 14:23:00.022,1.19665,1.1967,1.50,1.10
2015.01.05 14:23:01.137,1.19665,1.1967,1.87,1.50
2015.01.05 14:23:01.390,1.19668,1.19669,1.00,1.00
2015.01.05 14:23:01.592,1.19668,1.19674,2.85,1.25
2015.01.05 14:23:01.845,1.19671,1.19676,1.10,1.50
2015.01.05 14:23:02.047,1.19674,1.19676,1.00,1.00
2015.01.05 14:23:02.470,1.19675,1.19681,2.44,1.00
2015.01.05 14:23:02.571,1.19675,1.1968,3.00,1.19
2015.01.05 14:23:02.774,1.19671,1.19674,1.00,1.00
2015.01.05 14:23:02.825,1.19669,1.19674,1.10,1.50
2015.01.05 14:23:03.342,1.19668,1.19673,3.07,1.00
2015.01.05 14:23:03.493,1.1967,1.19674,1.00,1.10
2015.01.05 14:23:03.999,1.19669,1.19674,1.00,1.57
2015.01.05 14:23:04.302,1.19671,1.19674,1.00,1.00
2015.01.05 14:23:05.059,1.19671,1.19674,1.47,1.00
2015.01.05 14:23:05.211,1.19673,1.19677,1.50,1.57
2015.01.05 14:23:05.262,1.19676,1.19677,1.00,1.10
2015.01.05 14:23:05.312,1.19676,1.19681,1.00,1.76
2015.01.05 14:23:05.565,1.19679,1.19681,1.00,1.10
2015.01.05 14:23:05.716,1.19679,1.19683,1.00,1.01
2015.01.05 14:23:06.612,1.19676,1.19681,1.75,2.44
2015.01.05 14:23:06.886,1.19674,1.19677,1.00,2.85
2015.01.05 14:23:07.403,1.19675,1.19677,1.00,2.10
2015.01.05 14:23:07.706,1.19675,1.1968,1.50,1.87
2015.01.05 14:23:07.759,1.19677,1.1968,1.00,1.12
2015.01.05 14:23:07.809,1.19677,1.19681,1.00,1.50
2015.01.05 14:23:08.114,1.19679,1.19683,1.00,1.29
2015.01.05 14:23:08.837,1.19679,1.19683,1.00,1.01
2015.01.05 14:23:09.144,1.19681,1.19685,1.00,3.41
2015.01.05 14:23:09.448,1.1968,1.19683,1.00,1.12
2015.01.05 14:23:09.650,1.1968,1.19685,1.00,3.41
2015.01.05 14:23:10.155,1.19681,1.19685,1.00,1.31
2015.01.05 14:23:11.145,1.19681,1.19685,1.00,1.61
2015.01.05 14:23:11.650,1.1968,1.19684,1.00,1.25
2015.01.05 14:23:12.155,1.1968,1.19683,1.00,1.00
2015.01.05 14:23:12.693,1.19679,1.19684,1.57,1.25
2015.01.05 14:23:13.147,1.19679,1.19682,1.00,1.00
2015.01.05 14:23:13.652,1.19678,1.19682,1.10,1.00
2015.01.05 14:23:14.157,1.19676,1.19681,3.19,1.50
2015.01.05 14:23:14.562,1.19676,1.1968,1.76,1.00
2015.01.05 14:23:15.089,1.19676,1.19679,1.10,1.00
2015.01.05 14:23:19.125,1.19678,1.1968,1.27,1.00
2015.01.05 14:23:19.176,1.19679,1.19682,1.10,1.00
2015.01.05 14:23:19.684,1.19678,1.19681,2.00,1.00
2015.01.05 14:23:20.492,1.19678,1.19681,1.22,1.50
2015.01.05 14:23:21.704,1.1968,1.19682,1.00,1.00
2015.01.05 14:23:21.755,1.19683,1.19686,2.10,1.87
2015.01.05 14:23:22.059,1.19692,1.19696,4.16,1.00
2015.01.05 14:23:22.160,1.19693,1.19699,1.69,1.10
2015.01.05 14:23:23.855,1.19695,1.19697,1.00,1.10
2015.01.05 14:23:24.010,1.19696,1.19699,1.00,1.69
2015.01.05 14:23:24.364,1.19699,1.19702,1.00,1.69
2015.01.05 14:23:24.869,1.19699,1.19703,1.00,3.41
2015.01.05 14:23:25.374,1.197,1.19703,1.00,2.06
2015.01.05 14:23:26.193,1.197,1.19703,1.00,1.10
2015.01.05 14:23:26.714,1.19701,1.19705,1.00,1.31
2015.01.05 14:23:28.167,1.19701,1.19705,1.10,1.69
2015.01.05 14:23:29.001,1.19702,1.19705,1.00,1.00
2015.01.05 14:23:29.305,1.19713,1.19715,1.00,1.00
2015.01.05 14:23:29.457,1.19714,1.19719,1.00,1.31
2015.01.05 14:23:29.558,1.19716,1.19719,1.00,1.12
2015.01.05 14:23:29.761,1.19714,1.19719,1.00,1.62
2015.01.05 14:23:30.820,1.19714,1.19717,1.00,1.12
2015.01.05 14:23:31.875,1.19712,1.19714,1.00,1.00
2015.01.05 14:23:32.178,1.19709,1.19714,1.12,1.50
2015.01.05 14:23:32.280,1.19709,1.19712,1.10,1.00
2015.01.05 14:23:32.584,1.19702,1.19704,1.00,2.29
2015.01.05 14:23:33.089,1.19702,1.19705,1.12,1.00
2015.01.05 14:23:33.999,1.19703,1.19705,1.00,1.00
2015.01.05 14:23:34.202,1.19708,1.1971,1.00,1.00
2015.01.05 14:23:34.303,1.19708,1.19713,1.00,1.31
2015.01.05 14:23:34.455,1.19707,1.19709,1.00,2.10
2015.01.05 14:23:34.556,1.19704,1.19709,1.00,2.92
2015.01.05 14:23:34.607,1.19703,1.19707,1.57,2.10
2015.01.05 14:23:34.910,1.19706,1.19709,1.00,1.10
2015.01.05 14:23:36.303,1.19709,1.19711,1.00,2.47
2015.01.05 14:23:36.354,1.19711,1.19713,1.00,1.00
2015.01.05 14:23:36.894,1.1971,1.19713,1.00,1.00
2015.01.05 14:23:37.348,1.19708,1.19713,1.57,1.00
2015.01.05 14:23:38.486,1.19707,1.19713,2.92,1.10
2015.01.05 14:23:38.993,1.19707,1.19713,1.50,1.12
2015.01.05 14:23:39.397,1.19707,1.1971,1.00,2.10
2015.01.05 14:23:39.498,1.19704,1.19707,1.50,1.00
2015.01.05 14:23:39.751,1.19702,1.19707,1.10,1.50
2015.01.05 14:23:40.256,1.19703,1.19707,1.00,1.00
2015.01.05 14:23:40.509,1.19704,1.1971,1.10,1.10
2015.01.05 14:23:40.843,1.19703,1.19706,1.87,1.00
2015.01.05 14:23:40.944,1.19702,1.19705,1.00,2.10
2015.01.05 14:23:41.652,1.19703,1.19705,1.00,2.10
2015.01.05 14:23:42.259,1.19703,1.19706,1.00,1.00
2015.01.05 14:23:44.107,1.19702,1.19706,1.10,1.00
2015.01.05 14:23:44.835,1.19703,1.19706,1.00,1.50
2015.01.05 14:23:44.885,1.19705,1.19707,1.00,1.25
2015.01.05 14:23:45.038,1.19707,1.19709,1.12,1.00
2015.01.05 14:23:45.089,1.19707,1.19712,2.62,1.50
2015.01.05 14:23:45.241,1.19709,1.19714,1.00,2.32
2015.01.05 14:23:45.746,1.19707,1.19713,1.76,1.10
2015.01.05 14:23:46.252,1.19707,1.19711,1.57,1.00
2015.01.05 14:23:46.576,1.1971,1.19713,1.00,1.72
2015.01.05 14:23:47.146,1.19709,1.19713,1.00,3.22
2015.01.05 14:23:47.653,1.19708,1.19713,1.00,3.97
2015.01.05 14:23:50.009,1.19709,1.19713,1.00,1.31
2015.01.05 14:23:50.514,1.1971,1.19713,1.00,1.10
2015.01.05 14:23:51.019,1.19711,1.19714,1.00,1.12
2015.01.05 14:23:51.524,1.19711,1.19714,1.00,1.00
2015.01.05 14:23:51.625,1.19708,1.19712,1.00,1.00
2015.01.05 14:23:53.098,1.1971,1.19713,1.00,1.10
2015.01.05 14:23:53.403,1.19709,1.19714,1.00,1.12
2015.01.05 14:23:54.322,1.1971,1.19714,1.00,1.12
2015.01.05 14:23:55.333,1.1971,1.19716,1.50,1.31
2015.01.05 14:23:56.416,1.19711,1.19716,1.50,1.12
2015.01.05 14:23:56.976,1.19714,1.19717,1.00,1.37
2015.01.05 14:23:57.331,1.19715,1.19718,2.85,2.06
2015.01.05 14:23:57.584,1.19723,1.19726,3.41,1.50
2015.01.05 14:23:57.635,1.19726,1.19728,1.00,1.00
2015.01.05 14:23:57.736,1.19726,1.1973,1.00,1.00
2015.01.05 14:23:57.838,1.19728,1.1973,1.00,1.00
2015.01.05 14:23:58.192,1.19728,1.19732,1.00,2.92
2015.01.05 14:24:00.076,1.19728,1.19732,1.00,2.92
2015.01.05 14:24:01.108,1.19728,1.19731,1.00,3.97
2015.01.05 14:24:01.160,1.19726,1.19731,1.00,4.72
2015.01.05 14:24:01.666,1.19727,1.19731,1.00,1.72
2015.01.05 14:24:03.687,1.19723,1.19726,1.80,3.00
2015.01.05 14:24:03.738,1.1972,1.19723,1.37,1.00
2015.01.05 14:24:03.789,1.19717,1.19718,1.00,1.00
2015.01.05 14:24:03.840,1.19717,1.19718,1.00,1.00
2015.01.05 14:24:04.143,1.19717,1.1972,1.00,1.01
2015.01.05 14:24:07.222,1.1972,1.19721,1.00,1.10
2015.01.05 14:24:07.323,1.19722,1.19723,1.00,1.00
2015.01.05 14:24:07.424,1.19723,1.19726,1.00,2.17
2015.01.05 14:24:07.930,1.19724,1.19726,1.00,2.10
2015.01.05 14:24:08.449,1.19723,1.19726,1.00,2.10
2015.01.05 14:24:09.280,1.19723,1.19725,1.00,2.10
2015.01.05 14:24:10.240,1.19722,1.19725,1.00,2.85
2015.01.05 14:24:10.294,1.19716,1.19721,2.25,1.76
2015.01.05 14:24:10.808,1.19716,1.1972,1.00,1.01
2015.01.05 14:24:11.314,1.19715,1.1972,2.62,1.01
2015.01.05 14:24:12.172,1.19715,1.1972,1.87,1.01
2015.01.05 14:24:12.374,1.19715,1.19719,1.12,3.22
2015.01.05 14:24:13.930,1.19715,1.1972,1.20,1.31
2015.01.05 14:24:14.435,1.19716,1.19721,2.85,2.44
2015.01.05 14:24:14.486,1.19716,1.19721,3.49,1.76
2015.01.05 14:24:14.890,1.19718,1.19723,1.00,1.50
2015.01.05 14:24:15.394,1.19718,1.19724,1.10,3.79
2015.01.05 14:24:15.697,1.19717,1.1972,1.12,1.00
2015.01.05 14:24:15.799,1.19715,1.1972,1.10,3.79
2015.01.05 14:24:15.900,1.19714,1.19718,1.10,2.10
2015.01.05 14:24:16.418,1.19713,1.19718,1.00,2.17
2015.01.05 14:24:16.943,1.19714,1.19719,1.00,4.54
2015.01.05 14:24:17.448,1.19713,1.19719,2.81,3.86
2015.01.05 14:24:19.988,1.19713,1.19717,2.62,2.10
2015.01.05 14:24:20.493,1.19713,1.19717,1.00,1.35
2015.01.05 14:24:21.773,1.19712,1.19719,1.69,4.54
2015.01.05 14:24:22.282,1.19711,1.19716,2.81,1.50
2015.01.05 14:24:22.788,1.19711,1.19716,1.87,2.00
2015.01.05 14:24:23.301,1.19712,1.19717,1.00,2.44
2015.01.05 14:24:23.705,1.19713,1.19717,1.00,1.69
2015.01.05 14:24:24.159,1.19713,1.19718,1.50,1.01
2015.01.05 14:24:26.213,1.19714,1.19719,1.00,1.69
2015.01.05 14:24:27.204,1.19717,1.19719,3.22,1.42
2015.01.05 14:24:27.356,1.19719,1.19724,5.47,1.00
2015.01.05 14:24:27.457,1.1972,1.19726,1.31,1.00
2015.01.05 14:24:28.875,1.19721,1.19727,1.57,1.76
2015.01.05 14:24:29.128,1.19723,1.19728,1.00,1.10
2015.01.05 14:24:29.632,1.19724,1.19729,1.00,2.10
2015.01.05 14:24:30.693,1.19723,1.19729,1.50,3.60
2015.01.05 14:24:32.625,1.19725,1.19729,1.00,3.79
2015.01.05 14:24:33.133,1.19726,1.19729,1.00,1.50
2015.01.05 14:24:33.487,1.19723,1.19729,1.50,1.87
2015.01.05 14:24:33.538,1.19725,1.1973,1.00,2.47
2015.01.05 14:24:34.244,1.19729,1.19732,1.00,2.02
2015.01.05 14:24:34.396,1.19729,1.19734,1.00,2.00
2015.01.05 14:24:34.649,1.19732,1.19735,1.00,1.75
2015.01.05 14:24:34.851,1.19733,1.19738,1.76,1.12
2015.01.05 14:24:35.357,1.19733,1.19738,1.01,1.00
2015.01.05 14:24:35.863,1.19732,1.19738,4.01,1.50
2015.01.05 14:24:36.317,1.1973,1.19735,3.00,1.00
2015.01.05 14:24:36.368,1.19729,1.19734,1.00,1.69
2015.01.05 14:24:36.419,1.19727,1.19733,2.32,2.36
2015.01.05 14:24:36.622,1.19729,1.19732,1.00,2.36
2015.01.05 14:24:37.076,1.19727,1.19734,2.25,3.79
2015.01.05 14:24:38.599,1.19726,1.19731,1.25,1.27
2015.01.05 14:24:39.821,1.19726,1.1973,1.25,1.67
2015.01.05 14:24:39.974,1.19724,1.1973,1.69,2.85
2015.01.05 14:24:40.480,1.19724,1.19729,1.25,1.50
2015.01.05 14:24:42.959,1.19725,1.19729,1.00,1.50
2015.01.05 14:24:43.794,1.19725,1.19729,1.00,1.12
2015.01.05 14:24:47.907,1.19726,1.19731,3.79,1.75
2015.01.05 14:24:48.059,1.19729,1.19733,1.37,1.69
2015.01.05 14:24:48.564,1.1973,1.19733,2.06,1.12
2015.01.05 14:24:49.081,1.1973,1.19735,2.06,1.69
2015.01.05 14:24:50.499,1.19732,1.19738,2.06,1.75
2015.01.05 14:24:50.554,1.19733,1.19738,1.25,1.50
2015.01.05 14:24:51.060,1.19732,1.19738,4.24,1.50
2015.01.05 14:24:51.767,1.19732,1.19736,1.29,1.00
2015.01.05 14:24:51.818,1.19731,1.19735,3.19,1.00
2015.01.05 14:24:51.919,1.1973,1.19735,2.74,1.12
2015.01.05 14:24:52.273,1.19729,1.19732,2.85,1.10
2015.01.05 14:24:52.576,1.19729,1.19731,1.50,1.12
2015.01.05 14:24:52.778,1.19726,1.19731,1.69,1.12
2015.01.05 14:24:54.365,1.19726,1.19731,1.69,1.10
2015.01.05 14:24:54.869,1.19726,1.19731,1.25,1.12
2015.01.05 14:24:56.757,1.19725,1.19731,1.69,1.50
2015.01.05 14:24:57.974,1.19725,1.1973,1.00,3.60
2015.01.05 14:25:00.276,1.19725,1.19731,1.00,2.85
2015.01.05 14:25:00.932,1.19726,1.19731,1.00,2.10
2015.01.05 14:25:01.285,1.19728,1.19731,1.00,2.02
2015.01.05 14:25:01.387,1.19729,1.19732,1.00,2.17
2015.01.05 14:25:01.641,1.19731,1.19735,1.00,2.85
2015.01.05 14:25:01.692,1.19731,1.19735,1.50,1.27
2015.01.05 14:25:01.743,1.19734,1.19735,1.00,1.20
2015.01.05 14:25:01.845,1.19734,1.1974,3.04,1.75
2015.01.05 14:25:03.319,1.19735,1.19741,1.25,1.50
2015.01.05 14:25:04.788,1.19738,1.19742,1.35,2.25
2015.01.05 14:25:04.890,1.19739,1.19742,1.00,1.10
2015.01.05 14:25:04.991,1.19738,1.19742,1.25,1.75
2015.01.05 14:25:05.244,1.19739,1.19745,1.19,1.75
2015.01.05 14:25:05.346,1.1974,1.19745,2.29,1.67
2015.01.05 14:25:05.398,1.19741,1.19745,1.91,1.00
2015.01.05 14:25:05.449,1.19741,1.19747,4.16,1.50
2015.01.05 14:25:05.955,1.19741,1.19748,1.69,3.97
2015.01.05 14:25:06.460,1.19741,1.19747,1.69,1.25
2015.01.05 14:25:07.096,1.19739,1.19743,2.10,2.62
2015.01.05 14:25:07.399,1.19736,1.19738,1.00,1.50
2015.01.05 14:25:07.450,1.19734,1.19737,1.00,1.00
2015.01.05 14:25:07.551,1.19731,1.19737,1.69,1.00
2015.01.05 14:25:07.955,1.1973,1.19735,1.00,1.00
2015.01.05 14:25:08.157,1.1973,1.19737,1.50,1.50
2015.01.05 14:25:08.663,1.19731,1.19737,1.19,1.00
2015.01.05 14:25:08.966,1.19729,1.19735,1.01,2.32
2015.01.05 14:25:09.068,1.19729,1.19735,1.25,3.00
2015.01.05 14:25:09.522,1.19727,1.19733,2.51,1.12
2015.01.05 14:25:10.179,1.19727,1.19733,1.25,1.50
2015.01.05 14:25:11.173,1.19727,1.19733,1.76,1.50
2015.01.05 14:25:11.224,1.19729,1.19733,2.10,1.50
2015.01.05 14:25:11.729,1.19727,1.19733,2.51,1.50
2015.01.05 14:25:12.235,1.19729,1.19733,1.25,1.12
2015.01.05 14:25:12.386,1.1973,1.19735,3.79,1.57
2015.01.05 14:25:12.437,1.19733,1.19736,1.00,2.25
2015.01.05 14:25:12.589,1.19734,1.1974,1.25,1.87
2015.01.05 14:25:12.993,1.19734,1.19741,1.76,3.37
2015.01.05 14:25:13.650,1.19735,1.19741,1.29,1.95
2015.01.05 14:25:15.913,1.19735,1.19741,1.57,2.89
2015.01.05 14:25:16.065,1.19735,1.19738,1.57,2.10
2015.01.05 14:25:16.522,1.19734,1.19739,1.10,1.01
2015.01.05 14:25:17.736,1.19735,1.19739,1.00,1.10
2015.01.05 14:25:18.644,1.19736,1.19741,1.00,2.06
2015.01.05 14:25:18.745,1.19738,1.19742,1.00,2.06
2015.01.05 14:25:18.796,1.19738,1.19742,1.00,1.31
2015.01.05 14:25:18.847,1.1974,1.19743,1.00,1.66
2015.01.05 14:25:18.998,1.19741,1.19746,1.00,1.69
2015.01.05 14:25:19.100,1.19741,1.19746,1.00,1.01
2015.01.05 14:25:23.998,1.19744,1.19746,1.00,1.00
2015.01.05 14:25:24.912,1.19744,1.19748,1.00,1.39
2015.01.05 14:25:25.418,1.19743,1.19748,1.50,1.39
2015.01.05 14:25:25.923,1.19743,1.19748,1.50,1.39
2015.01.05 14:25:29.933,1.19743,1.19749,3.19,3.56
2015.01.05 14:25:30.479,1.19744,1.19749,1.00,3.56
2015.01.05 14:25:30.986,1.19743,1.19749,1.69,3.56
2015.01.05 14:25:31.922,1.19743,1.19749,3.11,2.89
2015.01.05 14:25:38.200,1.19742,1.19747,1.69,1.01
2015.01.05 14:25:38.654,1.19741,1.19746,5.44,1.22
2015.01.05 14:25:39.461,1.19741,1.19745,1.50,2.17
2015.01.05 14:25:39.665,1.19735,1.1974,1.00,1.61
2015.01.05 14:25:39.766,1.19733,1.19738,1.50,1.10
2015.01.05 14:25:41.061,1.19728,1.19734,6.22,1.25
2015.01.05 14:25:41.772,1.19728,1.19734,4.42,1.10
2015.01.05 14:25:42.792,1.1973,1.19734,1.00,1.10
2015.01.05 14:25:47.199,1.1973,1.19734,2.85,1.00
2015.01.05 14:25:47.700,1.19732,1.19734,2.85,1.00
2015.01.05 14:25:47.902,1.19734,1.19739,1.00,1.50
2015.01.05 14:25:48.465,1.19734,1.1974,1.10,1.87
2015.01.05 14:25:49.703,1.19735,1.1974,2.10,1.50
2015.01.05 14:25:50.007,1.19736,1.19742,1.10,2.25
2015.01.05 14:25:50.519,1.19737,1.19742,1.00,1.50
2015.01.05 14:25:51.279,1.19735,1.19741,2.06,1.10
2015.01.05 14:25:53.629,1.19737,1.19741,2.32,1.00
2015.01.05 14:25:54.166,1.19737,1.19743,3.82,1.87
2015.01.05 14:26:00.800,1.19736,1.19742,1.76,1.50
2015.01.05 14:26:01.913,1.19737,1.19743,1.00,1.87
2015.01.05 14:26:04.692,1.19737,1.1974,1.00,2.10
2015.01.05 14:26:04.743,1.19735,1.19737,1.00,1.00
2015.01.05 14:26:04.844,1.19733,1.19738,1.50,1.20
2015.01.05 14:26:05.198,1.19735,1.1974,1.00,1.12
2015.01.05 14:26:06.166,1.19735,1.19738,1.00,1.00
2015.01.05 14:26:06.217,1.19732,1.19738,1.50,1.12
2015.01.05 14:26:06.722,1.19733,1.19738,1.10,1.00
2015.01.05 14:26:07.235,1.19734,1.19738,1.00,1.00
2015.01.05 14:26:08.057,1.19734,1.1974,1.50,1.20
2015.01.05 14:26:15.961,1.19736,1.19742,1.00,2.25
2015.01.05 14:26:16.365,1.19738,1.19743,1.00,1.69
2015.01.05 14:26:30.902,1.19738,1.19744,1.50,1.31
2015.01.05 14:26:31.408,1.19739,1.19744,2.10,1.12
2015.01.05 14:26:33.860,1.1974,1.19745,1.00,1.50
2015.01.05 14:26:34.012,1.19743,1.19747,1.00,1.76
2015.01.05 14:26:34.517,1.19742,1.19747,1.00,2.06
2015.01.05 14:26:35.049,1.19742,1.19747,1.00,1.76
2015.01.05 14:26:35.570,1.19743,1.19747,1.00,1.01
2015.01.05 14:26:36.083,1.19742,1.19747,2.81,1.10
2015.01.05 14:26:36.593,1.19743,1.19747,1.00,1.10
2015.01.05 14:26:37.356,1.19742,1.19747,2.06,1.10
2015.01.05 14:26:37.973,1.19743,1.19747,1.00,1.00
2015.01.05 14:26:39.684,1.19746,1.19748,2.50,1.10
2015.01.05 14:26:39.838,1.19751,1.19756,1.05,2.51
2015.01.05 14:26:39.939,1.19751,1.19756,3.60,1.50
2015.01.05 14:26:39.990,1.19752,1.19758,1.69,2.32
2015.01.05 14:26:40.041,1.19755,1.19758,2.10,1.50
2015.01.05 14:26:40.142,1.19755,1.1976,2.85,1.10
2015.01.05 14:26:40.396,1.19758,1.19761,2.10,1.00
2015.01.05 14:26:40.599,1.19759,1.19763,1.50,1.00
2015.01.05 14:26:40.700,1.19762,1.19763,1.00,1.00
2015.01.05 14:26:40.801,1.19763,1.19765,2.17,1.00
2015.01.05 14:26:40.902,1.19765,1.1977,1.00,1.12
2015.01.05 14:26:41.155,1.19766,1.19771,1.50,1.69
2015.01.05 14:26:43.075,1.19767,1.19771,1.50,1.69
2015.01.05 14:26:44.708,1.19767,1.1977,1.50,1.00
2015.01.05 14:26:45.214,1.19767,1.19771,1.50,1.69
2015.01.05 14:26:45.823,1.19767,1.19772,1.00,1.10
2015.01.05 14:26:45.875,1.1977,1.19774,1.35,1.12
2015.01.05 14:26:45.977,1.19771,1.19775,1.00,1.00
2015.01.05 14:26:46.078,1.19773,1.19778,1.00,1.31
2015.01.05 14:26:46.987,1.19771,1.19777,1.12,1.25
2015.01.05 14:26:47.492,1.19773,1.19777,1.10,1.50
2015.01.05 14:26:48.099,1.19772,1.19777,4.91,1.00
2015.01.05 14:26:48.755,1.19772,1.19777,3.19,1.50
2015.01.05 14:26:49.201,1.19771,1.19776,1.00,1.57
2015.01.05 14:26:49.923,1.1977,1.19776,2.51,1.57
2015.01.05 14:26:50.872,1.1977,1.19776,4.54,1.50
2015.01.05 14:26:50.923,1.19772,1.19776,1.39,1.00
2015.01.05 14:26:51.025,1.19773,1.19778,1.87,1.50
2015.01.05 14:26:54.321,1.19776,1.19782,2.25,2.25
2015.01.05 14:26:54.372,1.19776,1.19782,2.62,1.50
2015.01.05 14:26:55.330,1.19779,1.19782,4.91,1.00
2015.01.05 14:26:55.381,1.1978,1.19785,1.01,1.00
2015.01.05 14:26:55.908,1.1978,1.19786,4.99,1.10
2015.01.05 14:26:56.771,1.19783,1.19786,2.10,1.10
2015.01.05 14:26:56.872,1.19784,1.19788,1.00,1.00
2015.01.05 14:26:56.974,1.19782,1.19788,1.50,1.10
2015.01.05 14:26:57.759,1.19782,1.19787,1.00,1.00
2015.01.05 14:26:58.063,1.1978,1.19786,4.61,1.00
2015.01.05 14:26:58.214,1.1978,1.19782,2.85,1.00
2015.01.05 14:26:58.316,1.19778,1.19781,1.50,1.01
2015.01.05 14:26:58.367,1.19774,1.1978,1.87,1.00
2015.01.05 14:26:58.887,1.19774,1.1978,2.70,1.10
2015.01.05 14:26:59.392,1.19776,1.1978,1.00,1.10
2015.01.05 14:26:59.929,1.19776,1.19779,1.50,2.85
2015.01.05 14:27:00.031,1.19773,1.19779,1.22,4.35
2015.01.05 14:27:00.536,1.19772,1.19778,2.44,1.50
2015.01.05 14:27:01.040,1.19771,1.19777,2.81,1.50
2015.01.05 14:27:01.545,1.19771,1.19777,1.10,2.32
2015.01.05 14:27:02.095,1.19771,1.19776,1.10,1.00
2015.01.05 14:27:02.600,1.19771,1.19775,1.00,1.00
2015.01.05 14:27:03.209,1.1977,1.19771,1.00,1.00
2015.01.05 14:27:03.261,1.19768,1.19773,1.10,2.06
2015.01.05 14:27:03.413,1.19766,1.19772,2.51,1.12
2015.01.05 14:27:03.565,1.19765,1.1977,1.10,1.00
2015.01.05 14:27:04.726,1.19765,1.19769,1.10,1.00
2015.01.05 14:27:05.030,1.19758,1.19764,1.87,5.29
2015.01.05 14:27:05.282,1.19757,1.19761,1.00,1.10
2015.01.05 14:27:05.333,1.19755,1.19761,1.10,1.01
2015.01.05 14:27:06.523,1.19756,1.19761,1.00,1.10
2015.01.05 14:27:06.928,1.19758,1.19761,1.00,1.00
2015.01.05 14:27:07.232,1.19763,1.19765,1.00,1.00
2015.01.05 14:27:07.284,1.19763,1.19768,1.50,1.00
2015.01.05 14:27:07.385,1.19763,1.1977,2.51,1.10
2015.01.05 14:27:07.486,1.19765,1.19771,1.00,1.87
2015.01.05 14:27:07.992,1.19767,1.19772,1.00,1.50
2015.01.05 14:27:08.498,1.19767,1.19773,2.25,2.44
2015.01.05 14:27:08.751,1.19769,1.19775,1.50,1.31
2015.01.05 14:27:10.914,1.19772,1.19776,1.00,1.50
2015.01.05 14:27:11.420,1.1977,1.19776,1.50,1.87
2015.01.05 14:27:11.943,1.19771,1.19777,1.00,2.25
2015.01.05 14:27:17.149,1.1977,1.19776,1.00,1.12
2015.01.05 14:27:17.665,1.1977,1.19776,1.00,1.50
2015.01.05 14:27:19.783,1.1977,1.19775,1.00,1.10
2015.01.05 14:27:20.315,1.1977,1.19775,1.00,1.12
2015.01.05 14:27:20.366,1.19768,1.19774,1.76,1.10
2015.01.05 14:27:20.872,1.19768,1.19774,1.50,3.97
2015.01.05 14:27:24.489,1.19769,1.19774,1.00,1.12
2015.01.05 14:27:24.998,1.19769,1.19775,1.00,1.87
2015.01.05 14:27:26.769,1.19767,1.19773,1.76,2.55
2015.01.05 14:27:28.033,1.19767,1.19771,1.76,1.00
2015.01.05 14:27:29.533,1.19767,1.19772,1.01,1.00
2015.01.05 14:27:31.179,1.1977,1.19773,2.06,2.10
2015.01.05 14:27:31.483,1.19772,1.19777,2.44,1.50
2015.01.05 14:27:31.533,1.19772,1.19777,2.44,1.50
2015.01.05 14:27:32.241,1.19771,1.19777,3.94,2.25
2015.01.05 14:27:33.242,1.19771,1.19777,4.69,1.50
2015.01.05 14:27:33.751,1.19771,1.19776,4.69,1.00
2015.01.05 14:27:34.310,1.19771,1.19777,4.54,1.50
2015.01.05 14:27:34.843,1.19772,1.19777,3.04,1.00
2015.01.05 14:27:35.440,1.19773,1.19777,1.25,1.00
2015.01.05 14:27:35.541,1.19773,1.19778,4.54,1.10
2015.01.05 14:27:35.643,1.19776,1.1978,1.00,1.00
2015.01.05 14:27:35.795,1.19777,1.19783,1.69,2.62
2015.01.05 14:27:36.048,1.19778,1.19784,1.76,2.32
2015.01.05 14:27:36.553,1.19777,1.19781,1.31,1.00
2015.01.05 14:27:36.907,1.19775,1.1978,2.36,1.00
2015.01.05 14:27:37.457,1.19774,1.19779,4.16,1.00
2015.01.05 14:27:37.760,1.19777,1.1978,1.25,1.00
2015.01.05 14:27:37.811,1.19777,1.19783,1.76,1.57
2015.01.05 14:27:37.963,1.19779,1.19784,1.00,1.87
2015.01.05 14:27:38.958,1.19779,1.19784,1.00,1.57
2015.01.05 14:27:39.261,1.19779,1.19783,1.00,2.10
2015.01.05 14:27:39.775,1.19779,1.19783,1.00,2.10
2015.01.05 14:27:40.129,1.19779,1.19781,1.00,1.00
2015.01.05 14:27:40.239,1.19777,1.1978,1.10,2.85
2015.01.05 14:27:40.443,1.19774,1.1978,2.51,3.60
2015.01.05 14:27:41.237,1.19774,1.19779,2.51,1.00
2015.01.05 14:27:41.338,1.19774,1.19777,2.32,1.00
2015.01.05 14:27:41.540,1.1977,1.19776,2.32,1.10
2015.01.05 14:27:42.046,1.1977,1.19776,1.00,1.12
2015.01.05 14:27:45.575,1.19771,1.19776,1.00,1.12
2015.01.05 14:27:45.626,1.19774,1.19776,1.00,1.10
2015.01.05 14:27:45.778,1.19776,1.1978,1.50,2.47
2015.01.05 14:27:46.031,1.19774,1.19779,1.57,1.35
2015.01.05 14:27:46.537,1.19779,1.19781,1.37,1.80
2015.01.05 14:27:46.689,1.1978,1.19784,2.06,1.10
2015.01.05 14:27:47.195,1.1978,1.19786,2.81,2.44
2015.01.05 14:27:47.701,1.19781,1.19786,1.12,2.06
2015.01.05 14:27:48.593,1.19781,1.19786,1.39,1.10
2015.01.05 14:27:49.097,1.19782,1.19788,1.31,2.06
2015.01.05 14:27:49.602,1.19783,1.19788,1.00,1.31
2015.01.05 14:27:50.107,1.19782,1.19788,3.56,1.12
2015.01.05 14:27:52.562,1.19782,1.19788,3.94,2.85
2015.01.05 14:27:53.080,1.19783,1.19788,1.00,2.25
2015.01.05 14:27:54.464,1.19782,1.19787,3.75,1.12
2015.01.05 14:27:59.089,1.19783,1.19788,1.12,2.25
2015.01.05 14:27:59.594,1.19783,1.19788,2.62,1.31
2015.01.05 14:28:00.102,1.19784,1.1979,1.00,3.94
2015.01.05 14:28:01.579,1.19784,1.1979,1.50,3.19
2015.01.05 14:28:02.084,1.19785,1.1979,1.00,3.19
2015.01.05 14:28:02.780,1.19787,1.1979,1.00,1.00
2015.01.05 14:28:02.882,1.19787,1.19792,1.00,1.01
2015.01.05 14:28:03.898,1.19791,1.19793,1.37,1.00
2015.01.05 14:28:03.948,1.19796,1.19802,2.10,2.25
2015.01.05 14:28:04.201,1.19797,1.19804,2.25,5.85
2015.01.05 14:28:04.252,1.19799,1.19804,1.00,3.00
2015.01.05 14:28:04.757,1.19799,1.19805,2.25,1.29
2015.01.05 14:28:04.807,1.19802,1.19805,1.00,1.29
2015.01.05 14:28:04.909,1.198,1.19806,1.00,1.91
2015.01.05 14:28:05.262,1.19802,1.19806,1.00,1.72
2015.01.05 14:28:05.566,1.19803,1.19807,1.12,2.85
2015.01.05 14:28:06.381,1.198,1.19805,3.00,1.00
2015.01.05 14:28:06.891,1.198,1.19805,3.75,1.00
2015.01.05 14:28:07.044,1.198,1.19805,3.37,1.00
2015.01.05 14:28:07.601,1.198,1.19805,1.10,2.29
2015.01.05 14:28:08.510,1.19799,1.19804,2.62,1.00
2015.01.05 14:28:09.021,1.19799,1.19803,1.12,1.00
2015.01.05 14:28:09.527,1.19798,1.19803,2.62,1.00
2015.01.05 14:28:10.032,1.19798,1.19803,2.51,1.25
2015.01.05 14:28:11.295,1.19801,1.19805,2.10,2.06
2015.01.05 14:28:11.447,1.19803,1.19807,1.00,1.10
2015.01.05 14:28:11.610,1.19804,1.1981,1.01,2.51
2015.01.05 14:28:11.966,1.19804,1.19808,1.31,1.00
2015.01.05 14:28:12.564,1.19805,1.19809,1.01,1.00
2015.01.05 14:28:12.615,1.19805,1.19811,1.76,1.10
2015.01.05 14:28:15.756,1.19806,1.19812,1.00,1.12
2015.01.05 14:28:18.789,1.19805,1.19807,3.60,1.50
2015.01.05 14:28:18.841,1.19801,1.19806,1.31,1.00
2015.01.05 14:28:20.477,1.19801,1.19806,1.10,1.00
2015.01.05 14:28:21.386,1.19801,1.19806,1.00,1.87
2015.01.05 14:28:21.891,1.198,1.19806,1.50,1.31
2015.01.05 14:28:23.041,1.198,1.19806,1.87,2.06
2015.01.05 14:28:23.344,1.19805,1.19811,1.25,2.62
2015.01.05 14:28:23.849,1.19806,1.19812,1.00,2.06
2015.01.05 14:28:24.354,1.19806,1.19807,1.10,1.00
2015.01.05 14:28:24.456,1.19804,1.19806,1.12,1.00
2015.01.05 14:28:24.559,1.19802,1.19806,1.10,1.00
2015.01.05 14:28:25.094,1.19802,1.19806,1.00,1.12
2015.01.05 14:28:25.639,1.19801,1.19806,1.31,1.00
2015.01.05 14:28:27.278,1.19802,1.19805,1.00,1.00
2015.01.05 14:28:27.734,1.19805,1.19807,2.85,1.10
2015.01.05 14:28:27.887,1.19805,1.1981,3.04,1.10
2015.01.05 14:28:28.392,1.19805,1.19807,2.17,1.00
2015.01.05 14:28:28.645,1.19806,1.1981,1.00,1.10
2015.01.05 14:28:29.150,1.19807,1.19811,1.25,1.10
2015.01.05 14:28:31.470,1.19808,1.19813,1.00,1.50
2015.01.05 14:28:31.973,1.19808,1.19813,1.00,1.12
2015.01.05 14:28:32.478,1.19808,1.19813,1.25,1.10
2015.01.05 14:28:34.793,1.19808,1.19811,1.12,1.00
2015.01.05 14:28:35.298,1.19808,1.19813,1.25,1.87
2015.01.05 14:28:36.665,1.19808,1.19814,1.69,1.87
2015.01.05 14:28:39.204,1.19808,1.19812,1.00,1.00
2015.01.05 14:28:39.727,1.19808,1.19813,1.25,1.10
2015.01.05 14:28:40.386,1.19808,1.19812,1.25,1.00
2015.01.05 14:28:41.043,1.19807,1.19812,1.76,1.00
2015.01.05 14:28:41.498,1.19804,1.19807,4.87,3.10
2015.01.05 14:28:41.600,1.19803,1.19806,1.10,1.00
2015.01.05 14:28:42.206,1.19802,1.19807,3.04,1.00
2015.01.05 14:28:43.651,1.19803,1.19808,2.36,1.00
2015.01.05 14:28:44.220,1.19802,1.19807,4.54,1.00
2015.01.05 14:28:44.725,1.19802,1.19806,2.29,1.00
2015.01.05 14:28:45.237,1.198,1.19806,1.76,2.17
2015.01.05 14:28:45.338,1.198,1.19806,1.69,2.85
2015.01.05 14:28:45.744,1.198,1.19802,1.00,1.00
2015.01.05 14:28:46.351,1.19798,1.19802,4.69,1.00
2015.01.05 14:28:46.856,1.19798,1.19801,3.19,1.00
2015.01.05 14:28:47.360,1.19798,1.19802,2.44,1.00
2015.01.05 14:28:47.876,1.19798,1.19803,3.19,1.10
2015.01.05 14:28:48.381,1.19799,1.19804,1.61,1.00
2015.01.05 14:28:49.225,1.19799,1.19804,1.29,1.00
2015.01.05 14:28:50.250,1.19799,1.19804,1.01,1.50
2015.01.05 14:28:53.098,1.19799,1.19803,1.01,1.00
2015.01.05 14:28:53.905,1.19798,1.19802,5.66,1.00
2015.01.05 14:28:55.885,1.19798,1.19804,5.29,2.25
2015.01.05 14:28:56.391,1.19798,1.19803,5.28,1.00
2015.01.05 14:28:56.896,1.19798,1.19804,5.28,1.50
2015.01.05 14:28:58.163,1.19799,1.19804,2.14,2.25
2015.01.05 14:28:58.365,1.198,1.19804,1.12,1.50
2015.01.05 14:28:58.872,1.19799,1.19804,3.86,1.25
2015.01.05 14:28:59.478,1.19798,1.19802,4.31,1.00
2015.01.05 14:28:59.579,1.19799,1.19804,1.15,1.50
2015.01.05 14:29:00.560,1.19799,1.19803,1.01,1.00
2015.01.05 14:29:01.340,1.19799,1.19804,1.01,2.25
2015.01.05 14:29:01.642,1.19799,1.19802,1.10,1.00
2015.01.05 14:29:02.283,1.19798,1.19802,1.50,2.25
2015.01.05 14:29:02.940,1.19797,1.19802,1.57,2.25
2015.01.05 14:29:03.677,1.19796,1.19801,2.51,2.25
2015.01.05 14:29:05.044,1.19796,1.19798,1.50,1.00
2015.01.05 14:29:05.096,1.19795,1.19797,1.10,1.00
2015.01.05 14:29:05.197,1.19786,1.19791,1.00,2.85
2015.01.05 14:29:05.249,1.19786,1.19791,1.00,3.79
2015.01.05 14:29:05.300,1.19784,1.19789,1.50,1.29
2015.01.05 14:29:05.552,1.19782,1.19788,1.95,2.51
2015.01.05 14:29:05.805,1.19782,1.19786,1.10,1.00
2015.01.05 14:29:06.159,1.19786,1.19787,1.00,1.00
2015.01.05 14:29:06.260,1.19786,1.19789,1.00,1.35
2015.01.05 14:29:06.311,1.19784,1.19788,1.57,1.00
2015.01.05 14:29:06.866,1.19782,1.19787,4.87,1.00
2015.01.05 14:29:08.365,1.19783,1.19788,2.17,1.50
2015.01.05 14:29:08.871,1.19783,1.19788,1.12,2.25
2015.01.05 14:29:09.377,1.19783,1.19788,2.17,2.25
2015.01.05 14:29:10.411,1.19785,1.19788,1.00,1.50
2015.01.05 14:29:12.720,1.19784,1.19788,1.20,1.50
2015.01.05 14:29:13.225,1.19784,1.19788,1.00,1.00
2015.01.05 14:29:14.206,1.19786,1.19791,1.12,1.12
2015.01.05 14:29:14.308,1.19788,1.19793,1.50,1.10
2015.01.05 14:29:14.815,1.19787,1.19793,1.87,1.00
2015.01.05 14:29:15.169,1.19788,1.19795,6.67,2.06
2015.01.05 14:29:15.373,1.1979,1.19798,5.06,3.37
2015.01.05 14:29:16.239,1.19791,1.19798,1.12,1.00
2015.01.05 14:29:17.073,1.19794,1.19798,1.00,1.00
2015.01.05 14:29:17.584,1.19794,1.19798,1.37,1.00
2015.01.05 14:29:18.914,1.19794,1.19799,1.37,1.10
2015.01.05 14:29:19.825,1.19794,1.19798,1.37,1.00
2015.01.05 14:29:21.016,1.19794,1.19799,1.37,1.57
2015.01.05 14:29:22.277,1.19793,1.19798,1.95,1.00
2015.01.05 14:29:22.329,1.19793,1.19795,1.10,1.00
2015.01.05 14:29:22.431,1.19789,1.19792,1.50,1.00
2015.01.05 14:29:22.533,1.19788,1.19791,1.50,3.79
2015.01.05 14:29:22.635,1.19785,1.1979,1.87,1.50
2015.01.05 14:29:25.184,1.19784,1.19789,5.47,1.10
2015.01.05 14:29:25.678,1.19788,1.1979,1.00,1.05
2015.01.05 14:29:26.386,1.19789,1.19793,1.12,2.10
2015.01.05 14:29:27.295,1.1979,1.19793,1.00,1.67
2015.01.05 14:29:27.802,1.1979,1.19794,1.37,2.25
2015.01.05 14:29:28.780,1.1979,1.19794,1.87,1.87
2015.01.05 14:29:29.134,1.1979,1.19794,1.00,5.10
2015.01.05 14:29:29.336,1.19789,1.19793,2.85,2.25
2015.01.05 14:29:29.790,1.19789,1.19793,1.87,2.25
2015.01.05 14:29:30.296,1.1979,1.19794,1.50,2.44
2015.01.05 14:29:30.801,1.1979,1.19794,1.87,2.17
2015.01.05 14:29:31.104,1.19789,1.19793,1.87,1.50
2015.01.05 14:29:31.306,1.19787,1.19789,1.01,1.00
2015.01.05 14:29:31.408,1.19786,1.19789,1.10,1.00
2015.01.05 14:29:33.298,1.19784,1.19789,3.19,1.10
2015.01.05 14:29:33.808,1.19785,1.1979,1.00,2.81
2015.01.05 14:29:36.133,1.19789,1.1979,1.00,1.05
2015.01.05 14:29:36.286,1.19789,1.19792,1.50,1.27
2015.01.05 14:29:36.744,1.19789,1.19795,2.10,1.12
2015.01.05 14:29:36.795,1.19789,1.19795,1.87,1.12
2015.01.05 14:29:37.300,1.19791,1.19796,1.37,1.50
2015.01.05 14:29:37.503,1.19791,1.19797,2.47,1.87
2015.01.05 14:29:38.007,1.19791,1.19796,2.62,1.10
2015.01.05 14:29:38.615,1.19791,1.19796,1.50,1.12
2015.01.05 14:29:39.225,1.19791,1.19796,1.37,1.87
2015.01.05 14:29:39.428,1.19791,1.19796,1.00,1.12
2015.01.05 14:29:39.478,1.19794,1.19796,1.00,1.12
2015.01.05 14:29:39.782,1.19799,1.19803,1.50,1.75
2015.01.05 14:29:39.883,1.19798,1.198,1.50,1.80
2015.01.05 14:29:39.986,1.19799,1.19802,1.00,1.72
2015.01.05 14:29:40.036,1.19797,1.198,1.37,1.12
2015.01.05 14:29:40.340,1.19798,1.19803,2.81,3.22
2015.01.05 14:29:40.794,1.19801,1.19803,1.50,3.22
2015.01.05 14:29:41.357,1.19803,1.19808,2.06,2.06
2015.01.05 14:29:41.459,1.19803,1.19805,2.06,2.10
2015.01.05 14:29:41.510,1.19803,1.19808,2.06,2.06
2015.01.05 14:29:42.016,1.19803,1.19808,2.89,1.69
2015.01.05 14:29:42.471,1.19802,1.19806,3.00,1.00
2015.01.05 14:29:42.977,1.19802,1.19805,1.12,1.00
2015.01.05 14:29:43.512,1.198,1.19805,2.89,1.50
2015.01.05 14:29:43.866,1.198,1.19804,1.95,1.10
2015.01.05 14:29:44.371,1.19801,1.19805,1.37,1.00
2015.01.05 14:29:45.767,1.19801,1.19805,1.00,1.12
2015.01.05 14:29:46.482,1.19802,1.19804,1.00,1.57
2015.01.05 14:29:46.736,1.19803,1.19806,2.10,1.10
2015.01.05 14:29:47.442,1.19802,1.19806,1.10,1.00
2015.01.05 14:29:47.544,1.19801,1.19805,1.22,3.60
2015.01.05 14:29:48.049,1.19801,1.19805,1.12,2.32
2015.01.05 14:29:48.352,1.19803,1.19806,2.47,1.12
2015.01.05 14:29:49.110,1.19803,1.19807,2.47,1.87
2015.01.05 14:29:49.614,1.19804,1.19808,1.12,1.12
2015.01.05 14:29:50.426,1.19803,1.19808,2.66,1.12
2015.01.05 14:29:50.931,1.19802,1.19808,2.81,2.62
2015.01.05 14:29:51.234,1.19802,1.19805,1.00,1.00
2015.01.05 14:29:51.793,1.198,1.19804,1.39,1.57
2015.01.05 14:29:51.895,1.198,1.19804,1.62,1.57
2015.01.05 14:29:52.400,1.198,1.19804,1.12,1.57
2015.01.05 14:29:53.772,1.19801,1.19804,1.00,1.10
2015.01.05 14:29:54.279,1.19801,1.19806,1.00,2.06
2015.01.05 14:29:55.044,1.19801,1.19803,1.00,1.00
2015.01.05 14:29:55.095,1.19798,1.19803,1.57,2.25
2015.01.05 14:29:55.196,1.19798,1.19803,1.00,3.00
2015.01.05 14:29:55.701,1.19799,1.19802,1.00,1.12
2015.01.05 14:29:56.075,1.198,1.19802,1.50,1.00
2015.01.05 14:29:56.178,1.19802,1.19805,1.87,1.00
2015.01.05 14:29:56.633,1.19801,1.19806,1.50,5.29
2015.01.05 14:29:56.836,1.19801,1.19805,1.50,1.10
2015.01.05 14:29:58.524,1.19804,1.19807,1.00,1.50
2015.01.05 14:29:58.728,1.19804,1.19808,1.00,2.25
2015.01.05 14:29:59.233,1.19803,1.19807,4.35,1.10
2015.01.05 14:29:59.890,1.19804,1.19808,1.00,2.25
2015.01.05 14:30:00.395,1.19805,1.19808,1.00,2.25
2015.01.05 14:30:00.900,1.19805,1.19809,1.50,1.69
2015.01.05 14:30:01.415,1.19806,1.19809,1.00,1.22
2015.01.05 14:30:02.666,1.19805,1.19809,1.50,1.12
2015.01.05 14:30:02.919,1.19805,1.19806,1.00,1.00
2015.01.05 14:30:03.172,1.19803,1.19806,1.00,2.25
2015.01.05 14:30:04.030,1.19804,1.19806,1.00,1.00
2015.01.05 14:30:04.384,1.19802,1.19805,1.69,1.50
2015.01.05 14:30:04.889,1.19803,1.19806,2.85,1.57
2015.01.05 14:30:08.024,1.19801,1.19806,1.87,2.32
2015.01.05 14:30:08.075,1.19801,1.19804,1.00,2.85
2015.01.05 14:30:08.227,1.19799,1.19803,1.00,1.10
2015.01.05 14:30:08.429,1.19798,1.19803,1.00,2.25
2015.01.05 14:30:08.732,1.19801,1.19805,1.50,1.12
2015.01.05 14:30:08.985,1.19799,1.19804,1.50,2.25
2015.01.05 14:30:09.288,1.19801,1.19804,1.00,1.00
2015.01.05 14:30:09.441,1.19799,1.19804,1.57,1.35
2015.01.05 14:30:09.896,1.19799,1.19803,1.00,2.06
2015.01.05 14:30:10.874,1.19802,1.19803,1.00,1.87
2015.01.05 14:30:10.926,1.19803,1.19805,2.10,1.00
2015.01.05 14:30:11.027,1.19803,1.19808,2.10,1.39
2015.01.05 14:30:12.307,1.19804,1.19809,1.00,3.56
2015.01.05 14:30:13.367,1.19804,1.19807,1.00,1.00
2015.01.05 14:30:14.841,1.19804,1.19808,1.50,1.01
2015.01.05 14:30:15.345,1.19805,1.19809,1.00,3.56
2015.01.05 14:30:16.259,1.19804,1.19808,2.25,1.57
2015.01.05 14:30:17.224,1.19804,1.19807,1.50,1.00
2015.01.05 14:30:17.730,1.19803,1.19807,1.00,1.10
2015.01.05 14:30:19.029,1.19802,1.19806,2.44,1.00
2015.01.05 14:30:19.281,1.19804,1.19807,1.00,1.10
2015.01.05 14:30:19.988,1.19805,1.19808,1.00,1.47
2015.01.05 14:30:20.907,1.19805,1.19809,1.00,2.81
2015.01.05 14:30:21.417,1.19805,1.19809,1.00,1.39
2015.01.05 14:30:21.770,1.19806,1.19811,2.44,1.75
2015.01.05 14:30:22.023,1.19816,1.19818,1.50,2.52
2015.01.05 14:30:22.074,1.1982,1.19822,1.00,1.00
2015.01.05 14:30:22.327,1.19819,1.19824,1.19,1.10
2015.01.05 14:30:23.600,1.19819,1.19824,2.44,1.12
2015.01.05 14:30:24.106,1.1982,1.19825,1.00,2.25
2015.01.05 14:30:24.562,1.1982,1.19822,1.00,1.27
2015.01.05 14:30:25.067,1.1982,1.19823,1.00,3.22
2015.01.05 14:30:25.974,1.1982,1.19821,1.00,1.00
2015.01.05 14:30:26.076,1.19818,1.19821,1.00,1.00
2015.01.05 14:30:26.379,1.19816,1.19819,2.06,1.00
2015.01.05 14:30:26.480,1.19817,1.19821,1.50,1.57
2015.01.05 14:30:26.985,1.19818,1.19822,2.62,1.01
2015.01.05 14:30:27.187,1.19817,1.19819,1.50,1.00
2015.01.05 14:30:27.289,1.19816,1.19817,1.10,3.60
2015.01.05 14:30:27.340,1.19814,1.19817,1.00,4.35
2015.01.05 14:30:27.441,1.19809,1.19814,1.57,1.60
2015.01.05 14:30:28.452,1.19808,1.19813,1.57,1.50
2015.01.05 14:30:28.952,1.19813,1.19814,1.00,1.05
2015.01.05 14:30:29.104,1.19813,1.19817,1.87,1.00
2015.01.05 14:30:29.508,1.19812,1.19817,1.00,2.10
2015.01.05 14:30:29.660,1.1981,1.19815,1.00,1.12
2015.01.05 14:30:30.268,1.19808,1.19813,4.42,1.50
2015.01.05 14:30:31.707,1.19808,1.19812,1.00,1.00
2015.01.05 14:30:31.809,1.19808,1.1981,1.00,1.00
2015.01.05 14:30:31.961,1.19806,1.1981,1.00,1.00
2015.01.05 14:30:32.473,1.19806,1.19809,1.00,1.69
2015.01.05 14:30:32.989,1.19806,1.19808,1.00,1.00
2015.01.05 14:30:33.797,1.19806,1.19807,1.00,1.00
2015.01.05 14:30:33.999,1.19804,1.19807,1.01,1.00
2015.01.05 14:30:34.504,1.19803,1.19807,1.76,1.00
2015.01.05 14:30:38.696,1.19803,1.19804,1.10,1.00
2015.01.05 14:30:38.902,1.19798,1.19801,1.50,1.00
2015.01.05 14:30:40.238,1.19798,1.198,1.00,1.00
2015.01.05 14:30:41.198,1.19797,1.19801,1.50,1.10
2015.01.05 14:30:41.704,1.19797,1.198,1.50,1.00
2015.01.05 14:30:42.708,1.19799,1.19801,1.00,1.00
2015.01.05 14:30:43.011,1.19804,1.19806,1.31,2.10
2015.01.05 14:30:43.113,1.19805,1.19806,1.01,2.10
2015.01.05 14:30:43.214,1.19806,1.1981,1.10,1.00
2015.01.05 14:30:43.316,1.19804,1.19808,1.39,1.00
2015.01.05 14:30:43.467,1.19803,1.19808,1.76,1.50
2015.01.05 14:30:43.519,1.19803,1.19806,1.10,1.00
2015.01.05 14:30:44.074,1.198,1.19805,3.00,1.00
2015.01.05 14:30:44.125,1.19801,1.19805,2.14,1.00
2015.01.05 14:30:44.328,1.19801,1.19805,2.17,1.00
2015.01.05 14:30:44.430,1.19799,1.19803,1.87,1.25
2015.01.05 14:30:44.482,1.19799,1.19803,2.25,3.11
2015.01.05 14:30:44.988,1.198,1.19803,1.00,1.76
2015.01.05 14:30:45.139,1.19802,1.19804,1.12,1.00
2015.01.05 14:30:45.341,1.19803,1.19807,1.00,1.75
2015.01.05 14:30:45.392,1.19803,1.19807,1.00,1.57
2015.01.05 14:30:45.796,1.19801,1.19806,1.76,1.00
2015.01.05 14:30:46.301,1.19801,1.19806,1.00,4.61
2015.01.05 14:30:46.402,1.19799,1.19804,2.25,1.10
2015.01.05 14:30:46.554,1.19801,1.19804,1.00,1.10
2015.01.05 14:30:46.706,1.19801,1.19806,2.51,1.00
2015.01.05 14:30:47.262,1.19803,1.19806,1.00,1.00
2015.01.05 14:30:48.613,1.198,1.19804,1.12,3.04
2015.01.05 14:30:48.715,1.19799,1.19804,1.10,1.69
2015.01.05 14:30:49.473,1.19801,1.19804,1.00,1.10
2015.01.05 14:30:49.980,1.19803,1.19807,2.10,1.25
2015.01.05 14:30:50.850,1.19803,1.19805,1.00,1.00
2015.01.05 14:30:51.002,1.19799,1.19804,3.07,1.00
2015.01.05 14:30:51.204,1.19801,1.19805,1.00,2.29
2015.01.05 14:30:51.406,1.19799,1.19804,1.57,3.41
2015.01.05 14:30:51.508,1.19799,1.19804,2.62,3.04
2015.01.05 14:30:51.862,1.19799,1.19804,2.25,1.01
2015.01.05 14:30:52.366,1.19799,1.19804,2.25,1.29
2015.01.05 14:30:53.262,1.19799,1.19804,1.50,1.76
2015.01.05 14:30:54.083,1.198,1.19804,1.50,1.76
2015.01.05 14:30:54.659,1.19797,1.19802,1.57,3.79
2015.01.05 14:30:55.164,1.19797,1.19802,1.50,4.54
2015.01.05 14:30:57.177,1.19797,1.19801,1.50,1.69
2015.01.05 14:30:58.994,1.19798,1.19801,1.00,1.69
2015.01.05 14:30:59.499,1.19797,1.19801,2.62,1.69
2015.01.05 14:31:00.004,1.19797,1.198,1.00,1.50
2015.01.05 14:31:03.480,1.19797,1.19799,1.12,1.00
2015.01.05 14:31:04.202,1.19796,1.198,1.87,2.51
2015.01.05 14:31:04.706,1.19796,1.19799,1.37,1.00
2015.01.05 14:31:05.211,1.19797,1.198,2.25,1.10
2015.01.05 14:31:05.777,1.19796,1.198,2.62,2.25
2015.01.05 14:31:06.283,1.19796,1.19799,1.12,1.00
2015.01.05 14:31:07.596,1.19795,1.19799,1.87,1.69
2015.01.05 14:31:07.899,1.19792,1.19795,1.50,1.00
2015.01.05 14:31:08.403,1.1979,1.19794,1.00,1.00
2015.01.05 14:31:08.899,1.19785,1.19788,1.67,1.00
2015.01.05 14:31:08.955,1.19783,1.19788,1.10,2.44
2015.01.05 14:31:09.461,1.19783,1.19788,1.72,1.69
2015.01.05 14:31:10.118,1.19783,1.19788,1.10,2.44
2015.01.05 14:31:10.623,1.19783,1.19786,1.00,1.00
2015.01.05 14:31:11.582,1.19782,1.19786,1.00,1.00
2015.01.05 14:31:12.087,1.19783,1.19786,1.00,1.00
2015.01.05 14:31:13.598,1.19783,1.19785,1.00,1.10
2015.01.05 14:31:13.649,1.19781,1.19785,2.10,1.57
2015.01.05 14:31:16.635,1.19781,1.19784,1.00,1.00
2015.01.05 14:31:17.141,1.1978,1.19784,1.50,1.00
2015.01.05 14:31:17.856,1.19779,1.19783,1.57,1.69
2015.01.05 14:31:17.958,1.19779,1.19782,1.10,3.97
2015.01.05 14:31:18.059,1.19777,1.1978,1.00,1.54
2015.01.05 14:31:18.110,1.19777,1.19778,1.00,1.00
2015.01.05 14:31:18.162,1.19774,1.19778,1.87,1.00
2015.01.05 14:31:18.673,1.19772,1.19777,1.87,1.69
2015.01.05 14:31:18.922,1.19771,1.19775,1.50,3.00
2015.01.05 14:31:18.974,1.19766,1.19768,2.10,1.69
2015.01.05 14:31:19.076,1.19763,1.19766,1.10,1.00
2015.01.05 14:31:19.278,1.19762,1.19764,1.12,1.35
2015.01.05 14:31:19.380,1.19758,1.19762,2.25,1.00
2015.01.05 14:31:19.431,1.19758,1.19761,1.87,1.19
2015.01.05 14:31:19.586,1.19756,1.19758,1.00,1.61
2015.01.05 14:31:19.637,1.19754,1.19755,3.00,1.00
2015.01.05 14:31:19.689,1.19753,1.19755,1.00,1.00
2015.01.05 14:31:19.791,1.19751,1.19755,1.00,1.00
2015.01.05 14:31:20.297,1.1975,1.19754,1.76,1.00
2015.01.05 14:31:20.802,1.1975,1.19753,1.00,1.00
2015.01.05 14:31:20.954,1.19754,1.19756,1.00,1.42
2015.01.05 14:31:21.471,1.19754,1.19757,1.00,1.57
2015.01.05 14:31:21.523,1.1976,1.19764,3.04,1.00
2015.01.05 14:31:22.081,1.19761,1.19766,1.00,1.10
2015.01.05 14:31:22.233,1.19761,1.19767,1.87,1.87
2015.01.05 14:31:22.740,1.19764,1.19768,1.10,1.00
2015.01.05 14:31:23.043,1.19765,1.1977,1.12,2.44
2015.01.05 14:31:23.549,1.19765,1.1977,3.22,1.00
2015.01.05 14:31:24.155,1.19766,1.19769,1.10,1.00
2015.01.05 14:31:24.659,1.19766,1.1977,1.00,1.50
2015.01.05 14:31:26.133,1.19764,1.19768,2.62,1.00
2015.01.05 14:31:26.437,1.19764,1.19766,1.50,1.00
2015.01.05 14:31:26.538,1.19764,1.19768,1.00,2.25
2015.01.05 14:31:27.044,1.19763,1.19767,1.42,1.00
2015.01.05 14:31:27.550,1.19763,1.19768,1.87,1.50
2015.01.05 14:31:28.988,1.19763,1.19769,2.47,1.50
2015.01.05 14:31:29.493,1.19763,1.19769,2.32,1.57
2015.01.05 14:31:31.164,1.19763,1.19768,2.32,1.00
2015.01.05 14:31:31.619,1.19765,1.1977,1.00,1.31
2015.01.05 14:31:32.125,1.19765,1.1977,1.00,1.76
2015.01.05 14:31:32.529,1.19765,1.19769,1.00,1.87
2015.01.05 14:31:34.124,1.19765,1.1977,1.50,2.06
2015.01.05 14:31:38.643,1.19771,1.19773,1.00,3.00
2015.01.05 14:31:38.849,1.19779,1.19781,1.00,1.00
2015.01.05 14:31:38.951,1.19779,1.19785,1.19,1.50
2015.01.05 14:31:39.459,1.1978,1.19786,1.69,1.72
2015.01.05 14:31:40.827,1.1978,1.19786,5.17,1.10
2015.01.05 14:31:40.929,1.19782,1.19786,1.00,1.00
2015.01.05 14:31:41.383,1.19783,1.19788,1.00,1.76
2015.01.05 14:31:41.686,1.19785,1.19788,2.85,1.01
2015.01.05 14:31:41.990,1.1979,1.19795,1.00,2.00
2015.01.05 14:31:42.040,1.1979,1.19795,1.00,1.25
2015.01.05 14:31:42.343,1.1979,1.19793,1.00,2.10
2015.01.05 14:31:42.445,1.19788,1.19792,1.00,3.79
2015.01.05 14:31:42.546,1.19786,1.19791,1.00,1.00
2015.01.05 14:31:42.647,1.19784,1.19791,3.04,2.25
2015.01.05 14:31:43.193,1.19784,1.1979,1.69,1.50
2015.01.05 14:31:43.597,1.19784,1.19788,1.00,1.00
2015.01.05 14:31:44.102,1.19784,1.19787,1.00,1.00
2015.01.05 14:31:44.607,1.19783,1.19786,1.00,1.00
2015.01.05 14:31:45.803,1.19782,1.19786,1.50,1.50
2015.01.05 14:31:46.308,1.19782,1.19785,1.50,1.00
2015.01.05 14:31:48.241,1.19781,1.19785,1.35,1.00
2015.01.05 14:31:48.764,1.19782,1.19785,1.00,1.00
2015.01.05 14:31:49.294,1.19781,1.19785,1.00,1.00
2015.01.05 14:31:49.836,1.19782,1.19785,1.00,1.00
2015.01.05 14:31:51.267,1.19782,1.19786,1.69,1.00
2015.01.05 14:31:51.772,1.19782,1.19787,1.25,1.10
2015.01.05 14:31:52.277,1.19781,1.19786,1.76,1.00
2015.01.05 14:31:52.782,1.19782,1.19786,1.00,1.10
2015.01.05 14:31:53.316,1.19781,1.19786,1.25,1.10
2015.01.05 14:31:53.822,1.19782,1.19786,1.00,1.57
2015.01.05 14:31:54.327,1.19779,1.19783,2.62,1.12
2015.01.05 14:31:54.580,1.19775,1.19779,2.92,1.00
2015.01.05 14:31:56.448,1.19774,1.19777,1.25,1.35
2015.01.05 14:31:56.499,1.19769,1.19774,1.76,1.12
2015.01.05 14:31:56.852,1.1977,1.19775,2.10,2.25
2015.01.05 14:31:57.257,1.19769,1.19774,1.57,1.00
2015.01.05 14:31:58.126,1.1977,1.19773,1.00,1.00
2015.01.05 14:31:58.632,1.1977,1.19773,1.00,1.12
2015.01.05 14:31:59.228,1.19766,1.19769,3.22,1.00
2015.01.05 14:31:59.735,1.19764,1.19767,1.50,1.50
2015.01.05 14:31:59.786,1.19763,1.19767,1.00,1.50
2015.01.05 14:32:00.291,1.19762,1.19767,1.10,2.25
2015.01.05 14:32:00.443,1.19762,1.19765,1.10,1.00
2015.01.05 14:32:00.746,1.19757,1.19761,1.12,1.00
2015.01.05 14:32:00.847,1.19756,1.19761,1.00,1.10
2015.01.05 14:32:01.352,1.19756,1.19761,1.00,1.50
2015.01.05 14:32:01.857,1.19756,1.19759,1.00,1.00
2015.01.05 14:32:02.009,1.19754,1.19759,2.51,1.50
2015.01.05 14:32:02.312,1.19754,1.19757,1.00,1.00
2015.01.05 14:32:02.514,1.19752,1.19757,3.00,1.00
2015.01.05 14:32:02.666,1.19752,1.19754,1.00,1.00
2015.01.05 14:32:02.717,1.19749,1.19753,1.10,1.00
2015.01.05 14:32:03.923,1.19745,1.19752,1.50,2.25
2015.01.05 14:32:04.438,1.19745,1.19751,2.32,1.10
2015.01.05 14:32:04.489,1.19747,1.19751,1.00,1.10
2015.01.05 14:32:04.946,1.19746,1.19748,1.50,1.00
2015.01.05 14:32:05.051,1.19745,1.19751,1.57,1.57
2015.01.05 14:32:05.254,1.19745,1.19749,1.50,1.00
2015.01.05 14:32:05.560,1.19748,1.19753,2.85,2.25
2015.01.05 14:32:05.611,1.19749,1.19754,1.00,1.00
2015.01.05 14:32:05.814,1.1975,1.19756,2.29,1.00
2015.01.05 14:32:05.967,1.19751,1.19757,2.47,3.19
2015.01.05 14:32:06.272,1.19754,1.1976,1.12,2.51
2015.01.05 14:32:07.333,1.19754,1.1976,2.06,1.69
2015.01.05 14:32:07.796,1.19754,1.1976,2.06,1.69
2015.01.05 14:32:08.333,1.19755,1.19761,1.87,1.69
2015.01.05 14:32:09.266,1.19755,1.1976,2.62,1.00
2015.01.05 14:32:10.687,1.19759,1.19762,1.12,2.06
2015.01.05 14:32:10.839,1.19763,1.19766,2.47,1.12
2015.01.05 14:32:10.890,1.19763,1.19766,2.47,1.12
2015.01.05 14:32:10.941,1.19764,1.19769,2.29,1.50
2015.01.05 14:32:11.194,1.19766,1.19771,1.10,1.00
2015.01.05 14:32:11.967,1.19767,1.19772,1.50,1.10
2015.01.05 14:32:12.573,1.19767,1.19773,4.35,2.62
2015.01.05 14:32:12.674,1.19769,1.19773,2.85,1.87
2015.01.05 14:32:12.725,1.19769,1.19774,2.85,1.01
2015.01.05 14:32:13.231,1.19769,1.19773,2.25,1.00
2015.01.05 14:32:13.434,1.1977,1.19775,1.10,2.25
2015.01.05 14:32:14.678,1.1977,1.19774,1.10,1.00
2015.01.05 14:32:15.183,1.19768,1.19773,1.72,1.50
2015.01.05 14:32:16.634,1.19767,1.1977,1.10,1.00
2015.01.05 14:32:17.138,1.19767,1.19771,1.10,1.50
2015.01.05 14:32:17.643,1.19767,1.19772,4.42,1.00
2015.01.05 14:32:18.198,1.19767,1.19773,5.85,1.50
2015.01.05 14:32:18.703,1.19767,1.19772,3.60,1.00
2015.01.05 14:32:19.208,1.19767,1.19771,2.32,1.00
2015.01.05 14:32:19.713,1.19768,1.19773,1.00,1.57
2015.01.05 14:32:20.319,1.19769,1.19773,1.00,1.00
2015.01.05 14:32:21.630,1.19769,1.19774,2.85,1.10
2015.01.05 14:32:22.175,1.19769,1.19775,3.07,1.57
2015.01.05 14:32:22.528,1.19769,1.19773,2.32,1.00
2015.01.05 14:32:23.841,1.19769,1.19773,1.50,1.12
2015.01.05 14:32:24.636,1.19769,1.19775,3.60,2.25
2015.01.05 14:32:25.248,1.19769,1.19775,3.07,1.57
2015.01.05 14:32:25.763,1.1977,1.19775,1.12,1.57
2015.01.05 14:32:26.286,1.19769,1.19774,2.70,1.00
2015.01.05 14:32:26.807,1.19769,1.19774,1.50,1.12
2015.01.05 14:32:27.985,1.19769,1.19772,1.50,1.00
2015.01.05 14:32:29.140,1.19768,1.19773,2.25,1.57
2015.01.05 14:32:29.648,1.19767,1.19773,1.50,2.62
2015.01.05 14:32:31.226,1.19767,1.19771,1.00,1.00
2015.01.05 14:32:31.731,1.19767,1.1977,1.00,1.00
2015.01.05 14:32:34.219,1.19767,1.19769,1.00,1.50
2015.01.05 14:32:34.472,1.19764,1.19766,1.77,1.00
2015.01.05 14:32:34.926,1.19757,1.19762,2.25,2.29
2015.01.05 14:32:35.451,1.19757,1.19761,1.00,1.10
2015.01.05 14:32:35.703,1.19755,1.1976,1.10,1.00
2015.01.05 14:32:36.460,1.19755,1.19759,1.50,1.00
2015.01.05 14:32:37.127,1.19755,1.1976,1.50,1.57
2015.01.05 14:32:37.280,1.19757,1.19761,1.00,2.62
2015.01.05 14:32:37.583,1.1976,1.19762,1.00,1.00
2015.01.05 14:32:37.634,1.19761,1.19763,1.00,1.10
2015.01.05 14:32:37.786,1.19761,1.19765,2.06,1.50
2015.01.05 14:32:37.887,1.19763,1.19767,1.10,1.00
2015.01.05 14:32:38.392,1.19762,1.19767,2.00,1.50
2015.01.05 14:32:38.898,1.19763,1.19769,1.69,1.50
2015.01.05 14:32:39.402,1.19765,1.1977,1.10,2.25
2015.01.05 14:32:39.655,1.19766,1.19771,1.50,1.00
2015.01.05 14:32:40.109,1.19767,1.19773,2.62,2.25
2015.01.05 14:32:43.859,1.19768,1.19773,1.12,1.50
2015.01.05 14:32:46.825,1.19767,1.19773,2.62,2.25
2015.01.05 14:32:51.744,1.19769,1.19773,1.00,1.00
2015.01.05 14:32:52.249,1.19769,1.19774,1.10,1.50
2015.01.05 14:32:52.754,1.19768,1.19774,3.00,1.87
2015.01.05 14:32:53.258,1.19769,1.19774,1.00,1.57
2015.01.05 14:32:55.883,1.19768,1.19774,4.42,2.32
2015.01.05 14:32:56.388,1.19769,1.19774,1.10,2.25
2015.01.05 14:32:56.893,1.1977,1.19774,1.00,1.50
2015.01.05 14:32:59.082,1.19769,1.19773,1.12,1.00
2015.01.05 14:32:59.588,1.19769,1.19774,1.57,1.31
2015.01.05 14:33:00.389,1.19769,1.19774,3.67,1.00
2015.01.05 14:33:00.490,1.19772,1.19775,1.00,1.00
2015.01.05 14:33:00.794,1.1977,1.19775,3.00,1.50
2015.01.05 14:33:00.996,1.19772,1.19777,1.12,1.00
2015.01.05 14:33:01.148,1.19772,1.19776,3.00,2.10
2015.01.05 14:33:01.249,1.19771,1.19777,3.75,4.35
2015.01.05 14:33:01.351,1.19771,1.19775,1.87,2.10
2015.01.05 14:33:01.553,1.19769,1.19775,2.62,3.60
2015.01.05 14:33:02.097,1.19769,1.19775,2.32,3.67
2015.01.05 14:33:02.614,1.1977,1.19775,1.00,3.86
2015.01.05 14:33:06.416,1.1977,1.19774,1.00,1.00
2015.01.05 14:33:07.372,1.1977,1.19773,1.00,1.00
2015.01.05 14:33:07.826,1.19768,1.19772,1.10,1.35
2015.01.05 14:33:08.079,1.19767,1.1977,1.25,1.00
2015.01.05 14:33:08.864,1.19766,1.1977,2.51,1.00
2015.01.05 14:33:09.168,1.19757,1.19761,3.00,1.00
2015.01.05 14:33:09.269,1.19756,1.19761,1.75,1.19
2015.01.05 14:33:09.472,1.19755,1.19761,3.00,1.50
2015.01.05 14:33:09.523,1.19758,1.19762,2.85,2.14
2015.01.05 14:33:09.827,1.1976,1.19765,1.00,1.47
2015.01.05 14:33:10.131,1.19758,1.1976,1.10,2.10
2015.01.05 14:33:10.283,1.19758,1.19762,1.00,2.10
2015.01.05 14:33:10.485,1.19762,1.19765,1.00,2.25
2015.01.05 14:33:10.687,1.19762,1.19767,1.00,1.87
2015.01.05 14:33:10.788,1.19762,1.19767,1.10,1.00
2015.01.05 14:33:11.293,1.19763,1.19768,1.00,1.01
2015.01.05 14:33:12.355,1.19762,1.19768,3.07,1.01
2015.01.05 14:33:12.557,1.19764,1.19769,1.00,1.12
2015.01.05 14:33:12.860,1.19764,1.1977,3.07,1.57
2015.01.05 14:33:13.404,1.19765,1.1977,1.00,1.57
2015.01.05 14:33:14.326,1.19764,1.19766,1.95,1.00
2015.01.05 14:33:14.629,1.19757,1.19763,4.12,1.61
2015.01.05 14:33:14.882,1.1976,1.19765,1.12,2.32
2015.01.05 14:33:15.439,1.19762,1.19766,1.00,1.87
2015.01.05 14:33:15.641,1.19762,1.19768,1.50,1.12
2015.01.05 14:33:15.894,1.19763,1.19769,2.32,2.32
2015.01.05 14:33:16.097,1.19763,1.19767,1.10,1.00
2015.01.05 14:33:16.400,1.1976,1.19765,3.60,1.50
2015.01.05 14:33:17.482,1.19759,1.19765,3.64,1.57
2015.01.05 14:33:17.785,1.19759,1.19762,1.10,1.00
2015.01.05 14:33:18.894,1.19758,1.19763,1.20,1.50
2015.01.05 14:33:19.401,1.1976,1.19763,1.69,1.00
2015.01.05 14:33:19.604,1.19764,1.19767,1.00,1.10
2015.01.05 14:33:19.705,1.19764,1.19769,1.00,1.76
2015.01.05 14:33:20.009,1.19765,1.19769,1.50,1.25
2015.01.05 14:33:20.919,1.19765,1.19768,1.10,1.00
2015.01.05 14:33:21.842,1.19764,1.19769,1.50,1.50
2015.01.05 14:33:22.830,1.19763,1.19768,6.41,1.00
2015.01.05 14:33:23.335,1.19763,1.19766,1.22,1.00
2015.01.05 14:33:23.940,1.19762,1.19766,2.44,1.00
2015.01.05 14:33:25.104,1.19763,1.19766,1.12,1.00
2015.01.05 14:33:25.963,1.19762,1.19767,2.00,1.50
2015.01.05 14:33:28.423,1.19764,1.19768,1.10,1.00
2015.01.05 14:33:28.932,1.19765,1.19769,1.10,1.50
2015.01.05 14:33:29.441,1.19764,1.19768,2.25,1.00
2015.01.05 14:33:30.347,1.19763,1.19767,3.19,1.00
2015.01.05 14:33:31.480,1.19764,1.19768,2.62,1.00
2015.01.05 14:33:32.811,1.19763,1.19768,4.31,1.00
2015.01.05 14:33:34.452,1.19765,1.19769,1.00,1.00
2015.01.05 14:33:34.957,1.19764,1.19769,1.10,1.00
2015.01.05 14:33:35.462,1.19763,1.19768,2.25,1.00
2015.01.05 14:33:35.966,1.19763,1.19767,3.00,1.00
2015.01.05 14:33:36.471,1.19763,1.19768,1.57,1.00
2015.01.05 14:33:37.187,1.19765,1.19769,1.00,2.51
2015.01.05 14:33:38.120,1.19765,1.19768,1.50,1.00
2015.01.05 14:33:39.029,1.19762,1.19764,1.00,2.10
2015.01.05 14:33:39.283,1.19753,1.19758,1.10,1.00
2015.01.05 14:33:39.486,1.19753,1.19757,1.00,1.12
2015.01.05 14:33:39.589,1.19751,1.19757,1.87,1.87
2015.01.05 14:33:40.247,1.19751,1.19755,2.62,1.00
2015.01.05 14:33:40.956,1.19751,1.19756,2.62,1.10
2015.01.05 14:33:41.107,1.19751,1.19756,3.22,1.10
2015.01.05 14:33:41.612,1.19753,1.19757,1.00,2.25
2015.01.05 14:33:41.917,1.1976,1.19764,1.76,1.00
2015.01.05 14:33:42.221,1.19759,1.19762,2.36,2.10
2015.01.05 14:33:42.373,1.19757,1.19761,2.00,2.10
2015.01.05 14:33:43.775,1.19756,1.19761,1.87,2.06
2015.01.05 14:33:43.826,1.19755,1.19761,1.00,5.66
2015.01.05 14:33:44.330,1.19755,1.19759,1.50,1.00
2015.01.05 14:33:46.058,1.19755,1.1976,1.50,2.92
2015.01.05 14:33:46.589,1.19755,1.1976,1.87,2.85
2015.01.05 14:33:47.135,1.19756,1.19761,1.10,2.44
2015.01.05 14:33:47.645,1.19755,1.1976,1.12,1.35
2015.01.05 14:33:47.696,1.19755,1.19758,1.12,1.00
2015.01.05 14:33:48.101,1.19755,1.1976,1.00,1.10
2015.01.05 14:33:48.634,1.19756,1.1976,1.00,1.10
2015.01.05 14:33:48.997,1.19761,1.19762,1.00,1.57
2015.01.05 14:33:49.200,1.19761,1.19765,1.10,1.69
2015.01.05 14:33:49.705,1.19761,1.19765,1.50,1.69
2015.01.05 14:33:50.109,1.19761,1.19765,1.42,5.47
2015.01.05 14:33:50.260,1.19758,1.19762,2.25,1.00
2015.01.05 14:33:50.412,1.19761,1.19765,1.00,2.32
2015.01.05 14:33:50.867,1.19762,1.19767,1.50,1.01
2015.01.05 14:33:50.968,1.19764,1.19767,1.00,1.10
2015.01.05 14:33:51.271,1.19762,1.19767,1.57,1.00
2015.01.05 14:33:51.807,1.1976,1.19764,1.10,3.79
2015.01.05 14:33:52.163,1.19762,1.19764,1.10,2.10
2015.01.05 14:33:52.668,1.19763,1.19766,1.00,1.50
2015.01.05 14:33:53.275,1.19763,1.19768,2.25,1.57
2015.01.05 14:33:54.195,1.19763,1.19769,3.07,2.51
2015.01.05 14:33:54.296,1.19765,1.19769,1.00,1.10
2015.01.05 14:33:54.676,1.19768,1.1977,1.00,1.10
2015.01.05 14:33:54.878,1.19772,1.19776,1.12,1.00
2015.01.05 14:33:55.283,1.1977,1.19774,1.67,1.87
2015.01.05 14:33:55.333,1.19769,1.19774,1.12,2.62
2015.01.05 14:33:56.319,1.19765,1.19771,2.81,1.00
2015.01.05 14:33:56.845,1.19765,1.1977,3.00,1.00
2015.01.05 14:33:57.356,1.19765,1.19769,2.25,1.00
2015.01.05 14:33:57.861,1.19765,1.1977,2.25,1.00
2015.01.05 14:33:58.329,1.19765,1.19768,1.50,1.00
2015.01.05 14:33:58.531,1.19764,1.19769,2.55,1.50
2015.01.05 14:33:59.036,1.19765,1.19769,1.00,1.00
2015.01.05 14:34:00.234,1.19764,1.1977,5.47,1.25
2015.01.05 14:34:00.740,1.19764,1.19769,3.22,1.69
2015.01.05 14:34:01.250,1.19764,1.19769,2.55,1.69
2015.01.05 14:34:01.301,1.19763,1.19766,2.92,1.00
2015.01.05 14:34:01.554,1.1976,1.19763,3.56,1.00
2015.01.05 14:34:02.009,1.19762,1.19766,3.41,1.30
2015.01.05 14:34:02.060,1.19763,1.19768,1.69,1.10
2015.01.05 14:34:02.566,1.19764,1.19767,1.20,1.00
2015.01.05 14:34:02.616,1.19763,1.19764,1.05,1.00
2015.01.05 14:34:02.819,1.19758,1.19763,1.12,3.04
2015.01.05 14:34:02.971,1.19755,1.19761,2.62,1.69
2015.01.05 14:34:03.829,1.19757,1.19761,1.00,2.32
2015.01.05 14:34:04.395,1.19757,1.1976,1.00,1.00
2015.01.05 14:34:04.849,1.19757,1.19761,1.37,1.57
2015.01.05 14:34:05.355,1.19758,1.19762,4.05,1.00
2015.01.05 14:34:05.659,1.19763,1.19767,1.00,1.12
2015.01.05 14:34:05.761,1.19765,1.19768,1.00,1.50
2015.01.05 14:34:05.812,1.19765,1.19768,1.00,1.10
2015.01.05 14:34:06.319,1.19765,1.19769,1.00,1.01
2015.01.05 14:34:07.586,1.19766,1.1977,2.10,1.57
2015.01.05 14:34:07.739,1.19767,1.1977,1.37,1.10
2015.01.05 14:34:07.890,1.19769,1.19772,1.00,1.10
2015.01.05 14:34:07.941,1.19769,1.19774,3.22,2.25
2015.01.05 14:34:09.001,1.19769,1.19771,1.00,1.00
2015.01.05 14:34:09.509,1.19768,1.19771,1.00,1.10
2015.01.05 14:34:10.014,1.19768,1.19772,1.50,1.10
2015.01.05 14:34:10.167,1.19771,1.19773,1.00,1.12
2015.01.05 14:34:10.420,1.19771,1.19774,1.00,1.10
2015.01.05 14:34:14.914,1.1977,1.19775,1.87,2.25
2015.01.05 14:34:15.570,1.19771,1.19775,1.00,2.25
2015.01.05 14:34:16.404,1.19772,1.19776,1.37,2.44
2015.01.05 14:34:17.095,1.19772,1.19776,1.37,1.50
2015.01.05 14:34:17.601,1.19771,1.19776,2.89,1.00
2015.01.05 14:34:18.409,1.19774,1.19776,1.00,1.01
2015.01.05 14:34:18.914,1.19773,1.19777,1.12,3.19
2015.01.05 14:34:20.681,1.19772,1.19777,1.87,1.76
2015.01.05 14:34:21.713,1.19772,1.19776,1.12,1.00
2015.01.05 14:34:22.076,1.19771,1.19775,1.50,1.31
2015.01.05 14:34:22.430,1.19773,1.19777,3.60,2.25
2015.01.05 14:34:22.735,1.19778,1.19781,3.60,1.10
2015.01.05 14:34:22.786,1.1978,1.19782,1.00,1.42
2015.01.05 14:34:22.838,1.19781,1.19784,1.00,1.12
2015.01.05 14:34:23.346,1.19781,1.19784,1.50,1.00
2015.01.05 14:34:24.055,1.1978,1.19784,1.57,1.50
2015.01.05 14:34:24.561,1.19779,1.19784,1.10,1.50
2015.01.05 14:34:25.066,1.1978,1.19784,1.00,2.25
2015.01.05 14:34:31.375,1.19781,1.19784,1.00,1.00
2015.01.05 14:34:32.441,1.19781,1.19785,1.50,1.25
2015.01.05 14:34:32.947,1.19782,1.19785,1.50,1.00
2015.01.05 14:34:34.235,1.19783,1.19785,1.50,1.10
2015.01.05 14:34:34.288,1.19785,1.19789,1.00,1.75
2015.01.05 14:34:34.390,1.19787,1.1979,1.91,1.00
2015.01.05 14:34:34.441,1.19789,1.19792,1.00,1.10
2015.01.05 14:34:34.544,1.19791,1.19793,1.72,1.67
2015.01.05 14:34:34.595,1.19791,1.19794,1.72,1.00
2015.01.05 14:34:34.647,1.19791,1.19795,2.29,1.00
2015.01.05 14:34:34.698,1.19793,1.19795,1.00,1.00
2015.01.05 14:34:34.952,1.19786,1.1979,1.87,1.00
2015.01.05 14:34:35.106,1.19784,1.19787,1.57,1.00
2015.01.05 14:34:35.258,1.19782,1.19786,1.00,1.10
2015.01.05 14:34:35.763,1.19783,1.19787,1.00,1.12
2015.01.05 14:34:36.268,1.19783,1.19787,1.00,1.10
2015.01.05 14:34:38.046,1.19782,1.19787,1.00,1.10
2015.01.05 14:34:38.819,1.19783,1.19787,1.00,1.10
2015.01.05 14:34:39.324,1.19782,1.19787,1.00,1.10
2015.01.05 14:34:40.131,1.19784,1.19787,1.00,1.57
2015.01.05 14:34:40.434,1.19784,1.19789,1.00,2.51
2015.01.05 14:34:40.939,1.19784,1.19789,3.67,1.50
2015.01.05 14:34:41.444,1.19784,1.19789,3.07,1.00
2015.01.05 14:34:42.357,1.19786,1.19789,1.00,1.00
2015.01.05 14:34:42.862,1.19786,1.1979,1.00,1.10
2015.01.05 14:34:43.773,1.19788,1.19791,2.85,1.57
2015.01.05 14:34:44.077,1.19791,1.19795,1.00,2.44
2015.01.05 14:34:44.431,1.19788,1.19792,1.87,2.10
2015.01.05 14:34:44.936,1.19789,1.19794,1.57,1.00
2015.01.05 14:34:45.440,1.1979,1.19794,1.00,1.00
2015.01.05 14:34:47.049,1.19791,1.19794,1.00,1.00
2015.01.05 14:34:47.202,1.19793,1.19797,1.00,1.75
2015.01.05 14:34:47.354,1.19793,1.19797,2.25,1.10
2015.01.05 14:34:48.069,1.1979,1.19792,3.07,2.10
2015.01.05 14:34:48.122,1.19789,1.19792,1.12,2.10
2015.01.05 14:34:48.578,1.1979,1.19796,1.00,2.62
2015.01.05 14:34:49.084,1.19791,1.19796,1.50,1.12
2015.01.05 14:34:49.598,1.19791,1.19796,2.32,1.00
2015.01.05 14:34:50.797,1.19792,1.19796,1.00,1.00
2015.01.05 14:34:51.425,1.19793,1.19797,2.25,1.10
2015.01.05 14:34:51.931,1.19794,1.19798,1.00,1.57
2015.01.05 14:34:52.740,1.19793,1.19798,1.50,2.32
2015.01.05 14:34:53.094,1.19795,1.19798,1.00,1.10
2015.01.05 14:34:53.297,1.19795,1.198,2.47,1.57
2015.01.05 14:34:54.612,1.19796,1.198,1.00,1.57
2015.01.05 14:34:56.109,1.19799,1.198,1.00,1.10
2015.01.05 14:34:56.261,1.19798,1.19803,1.00,1.10
2015.01.05 14:34:56.363,1.19797,1.19801,1.50,1.12
2015.01.05 14:34:56.516,1.19797,1.19802,2.25,1.10
2015.01.05 14:34:57.021,1.19795,1.198,3.19,1.00
2015.01.05 14:34:57.730,1.19795,1.198,2.70,1.00
2015.01.05 14:34:58.033,1.19797,1.198,1.50,1.00
2015.01.05 14:34:58.135,1.19798,1.19802,1.00,1.76
2015.01.05 14:34:58.437,1.19798,1.19804,2.89,1.76
2015.01.05 14:34:59.846,1.19793,1.19798,2.62,1.57
2015.01.05 14:35:00.959,1.19793,1.19798,1.20,2.25
2015.01.05 14:35:01.465,1.19793,1.19795,1.12,1.00
2015.01.05 14:35:01.718,1.19787,1.19789,1.00,1.25
2015.01.05 14:35:01.770,1.19785,1.19789,1.00,1.25
2015.01.05 14:35:02.825,1.19785,1.1979,2.47,1.10
2015.01.05 14:35:03.341,1.19786,1.1979,1.00,1.10
2015.01.05 14:35:03.594,1.19787,1.1979,1.37,1.00
2015.01.05 14:35:04.172,1.19792,1.19795,1.00,1.00
2015.01.05 14:35:04.223,1.19792,1.19797,1.50,1.31
2015.01.05 14:35:04.729,1.19792,1.19797,1.50,1.01
2015.01.05 14:35:06.267,1.19791,1.19796,1.57,1.00
2015.01.05 14:35:06.570,1.19793,1.19796,1.00,1.00
2015.01.05 14:35:07.125,1.19791,1.19794,1.10,1.00
2015.01.05 14:35:07.328,1.19788,1.19792,3.45,1.50
2015.01.05 14:35:07.876,1.19787,1.19792,3.00,2.32
2015.01.05 14:35:09.307,1.19787,1.19792,2.62,1.76
2015.01.05 14:35:12.486,1.19787,1.19792,3.19,1.76
2015.01.05 14:35:13.160,1.19787,1.19792,2.25,2.44
2015.01.05 14:35:14.397,1.19788,1.19793,1.37,2.25
2015.01.05 14:35:14.499,1.19788,1.19793,3.22,1.57
2015.01.05 14:35:14.601,1.1979,1.19793,1.00,1.10
2015.01.05 14:35:14.904,1.19788,1.19793,1.20,1.25
2015.01.05 14:35:15.409,1.19788,1.19793,1.12,3.19
2015.01.05 14:35:15.611,1.19786,1.1979,4.99,1.00
2015.01.05 14:35:15.914,1.19786,1.1979,3.49,1.00
2015.01.05 14:35:17.073,1.19787,1.1979,1.00,1.00
2015.01.05 14:35:17.458,1.19789,1.1979,1.00,1.00
2015.01.05 14:35:17.711,1.19791,1.19794,1.50,1.25
2015.01.05 14:35:19.160,1.19791,1.19795,1.00,1.76
2015.01.05 14:35:19.363,1.19789,1.19793,1.87,1.00
2015.01.05 14:35:20.345,1.19789,1.19792,1.00,2.10
2015.01.05 14:35:20.849,1.19788,1.19792,1.00,1.35
2015.01.05 14:35:22.694,1.19787,1.19792,1.57,2.25
2015.01.05 14:35:22.997,1.19791,1.19794,1.00,2.92
2015.01.05 14:35:23.300,1.19789,1.19793,1.10,1.01
2015.01.05 14:35:23.604,1.19787,1.19792,1.50,1.57
2015.01.05 14:35:23.705,1.19789,1.19792,1.00,1.10
2015.01.05 14:35:23.856,1.19789,1.19794,2.25,1.01
2015.01.05 14:35:24.836,1.19791,1.19794,1.00,1.00
2015.01.05 14:35:25.139,1.19789,1.19794,3.07,1.50
2015.01.05 14:35:25.494,1.19791,1.19795,1.50,1.00
2015.01.05 14:35:26.728,1.19791,1.19795,1.00,2.44
2015.01.05 14:35:27.032,1.19788,1.19793,1.57,2.25
2015.01.05 14:35:27.133,1.19787,1.19791,2.89,1.00
2015.01.05 14:35:27.661,1.19786,1.19791,1.50,1.10
2015.01.05 14:35:27.965,1.19791,1.19794,1.00,1.10
2015.01.05 14:35:28.470,1.19792,1.19797,2.10,2.25
2015.01.05 14:35:28.673,1.19794,1.19798,1.50,1.10
2015.01.05 14:35:29.178,1.19793,1.19798,1.00,2.32
2015.01.05 14:35:30.287,1.19794,1.19798,1.00,1.57
2015.01.05 14:35:30.818,1.19794,1.198,1.50,1.87
2015.01.05 14:35:30.869,1.19796,1.198,1.00,1.87
2015.01.05 14:35:33.451,1.19795,1.19799,1.00,3.07
2015.01.05 14:35:33.957,1.19794,1.19799,1.00,3.37
2015.01.05 14:35:35.164,1.19795,1.198,1.12,1.50
2015.01.05 14:35:35.467,1.19797,1.198,1.00,1.12
2015.01.05 14:35:35.972,1.19797,1.198,1.00,1.10
2015.01.05 14:35:38.877,1.19798,1.198,1.00,1.00
2015.01.05 14:35:40.044,1.19798,1.19802,1.00,1.10
2015.01.05 14:35:40.550,1.19797,1.19801,1.00,1.10
2015.01.05 14:35:41.055,1.19798,1.19802,1.00,1.31
2015.01.05 14:35:41.867,1.19798,1.19802,1.00,1.10
2015.01.05 14:35:42.876,1.198,1.19802,1.37,1.10
2015.01.05 14:35:43.178,1.19798,1.19803,2.25,2.51
2015.01.05 14:35:43.431,1.19797,1.19802,1.50,2.25
2015.01.05 14:35:44.084,1.19797,1.19802,1.87,2.25
2015.01.05 14:35:44.588,1.19798,1.19802,1.12,1.00
2015.01.05 14:35:50.978,1.19799,1.19803,1.00,2.44
2015.01.05 14:35:51.484,1.19799,1.19803,1.87,1.50
2015.01.05 14:35:51.997,1.19799,1.19802,1.00,1.00
2015.01.05 14:35:52.501,1.19797,1.19802,3.19,1.00
2015.01.05 14:35:53.311,1.19797,1.198,1.00,1.00
2015.01.05 14:35:53.413,1.19794,1.198,2.25,2.25
2015.01.05 14:35:53.565,1.19794,1.198,1.00,3.75
2015.01.05 14:35:54.024,1.19794,1.19797,1.00,1.19
2015.01.05 14:35:54.226,1.19787,1.19792,1.10,1.00
2015.01.05 14:35:54.327,1.19786,1.1979,1.57,1.00
2015.01.05 14:35:54.731,1.19786,1.1979,2.47,1.00
2015.01.05 14:35:55.448,1.19789,1.19792,1.00,1.76
2015.01.05 14:35:55.751,1.19791,1.19793,1.00,1.10
2015.01.05 14:35:55.854,1.19792,1.19797,1.50,3.00
2015.01.05 14:35:55.955,1.19792,1.19797,1.50,1.10
2015.01.05 14:35:56.107,1.19794,1.19799,1.00,1.57
2015.01.05 14:35:57.541,1.19796,1.19801,1.00,1.57
2015.01.05 14:35:58.654,1.19797,1.19801,1.00,1.10
2015.01.05 14:36:00.487,1.19796,1.19798,1.00,1.00
2015.01.05 14:36:00.588,1.19793,1.19798,1.87,1.57
2015.01.05 14:36:02.064,1.19793,1.19798,2.06,1.00
2015.01.05 14:36:02.417,1.19795,1.198,1.00,1.10
2015.01.05 14:36:03.909,1.19795,1.198,1.00,1.12
2015.01.05 14:36:05.019,1.19795,1.19797,1.00,1.00
2015.01.05 14:36:05.323,1.19789,1.19791,1.00,1.57
2015.01.05 14:36:05.425,1.19786,1.19791,1.20,3.26
2015.01.05 14:36:05.930,1.19785,1.1979,3.64,1.01
2015.01.05 14:36:06.480,1.19786,1.1979,1.72,1.01
2015.01.05 14:36:06.835,1.19789,1.19791,1.00,2.17
2015.01.05 14:36:07.088,1.19792,1.19796,2.92,1.00
2015.01.05 14:36:07.290,1.19791,1.19795,2.25,1.69
2015.01.05 14:36:07.392,1.19788,1.19793,5.85,1.19
2015.01.05 14:36:07.644,1.19787,1.1979,1.87,1.00
2015.01.05 14:36:08.149,1.19787,1.19791,1.87,1.00
2015.01.05 14:36:08.654,1.19787,1.1979,1.87,1.00
2015.01.05 14:36:14.627,1.19787,1.1979,1.12,1.50
2015.01.05 14:36:22.846,1.19785,1.1979,5.36,1.25
2015.01.05 14:36:26.925,1.19774,1.19778,4.00,2.85
2015.01.05 14:36:26.980,1.19773,1.19777,1.00,3.11
2015.01.05 14:36:27.738,1.19777,1.19779,2.85,2.62
2015.01.05 14:36:27.789,1.19778,1.19779,1.35,1.87
2015.01.05 14:36:27.891,1.1978,1.19784,1.00,2.36
2015.01.05 14:36:28.094,1.1978,1.19784,1.50,1.50
2015.01.05 14:36:28.752,1.1978,1.19785,1.00,4.31
2015.01.05 14:36:28.904,1.19782,1.19785,1.00,1.69
2015.01.05 14:36:30.077,1.19782,1.19786,1.00,2.81
2015.01.05 14:36:31.822,1.1978,1.19785,1.00,2.85
2015.01.05 14:36:32.295,1.19779,1.19781,1.00,1.00
2015.01.05 14:36:32.346,1.19776,1.19777,1.05,2.29
2015.01.05 14:36:32.658,1.19771,1.19776,1.69,1.57
2015.01.05 14:36:35.034,1.19772,1.19776,1.00,1.10
2015.01.05 14:36:35.540,1.19771,1.19776,2.44,1.76
2015.01.05 14:36:36.572,1.19772,1.19776,1.00,1.76
2015.01.05 14:36:37.481,1.19771,1.19776,2.25,1.76
2015.01.05 14:36:39.492,1.19771,1.19776,1.50,2.89
2015.01.05 14:36:41.174,1.1977,1.19774,2.25,1.12
2015.01.05 14:36:41.991,1.19771,1.19772,1.00,1.00
2015.01.05 14:36:42.092,1.19769,1.19772,1.00,1.20
2015.01.05 14:36:42.295,1.19766,1.19771,2.32,1.00
2015.01.05 14:36:42.837,1.19766,1.1977,1.00,1.10
2015.01.05 14:36:43.101,1.19765,1.19768,2.25,1.00
2015.01.05 14:36:43.404,1.19758,1.19762,1.00,2.74
2015.01.05 14:36:43.909,1.19758,1.19761,1.00,1.22
2015.01.05 14:36:45.055,1.19758,1.19761,1.00,1.12
2015.01.05 14:36:45.161,1.19759,1.19762,1.00,2.74
2015.01.05 14:36:45.262,1.19756,1.19762,1.00,3.56
2015.01.05 14:36:45.575,1.19755,1.1976,1.00,3.00
2015.01.05 14:36:49.267,1.19755,1.19757,1.00,1.00
2015.01.05 14:36:49.368,1.19752,1.19756,1.00,1.50
2015.01.05 14:36:49.873,1.19752,1.19757,1.50,2.25
2015.01.05 14:36:50.429,1.19754,1.19757,1.00,1.50
2015.01.05 14:36:52.142,1.19754,1.19758,1.00,1.31
2015.01.05 14:36:52.446,1.19756,1.19758,1.00,1.12
2015.01.05 14:36:52.497,1.19756,1.19759,1.00,1.10
2015.01.05 14:36:53.812,1.19757,1.19761,1.00,2.06
2015.01.05 14:36:54.065,1.19759,1.19761,1.00,1.00
2015.01.05 14:36:54.319,1.1976,1.19764,1.50,3.37
2015.01.05 14:36:54.471,1.19761,1.19765,1.57,1.25
2015.01.05 14:36:54.673,1.1976,1.19764,1.10,3.04
2015.01.05 14:36:55.278,1.19759,1.19761,1.10,1.00
2015.01.05 14:36:55.379,1.19757,1.19761,2.51,1.50
2015.01.05 14:36:58.229,1.19756,1.1976,3.00,1.00
2015.01.05 14:36:58.986,1.19756,1.19758,1.50,1.00
2015.01.05 14:36:59.492,1.19756,1.1976,1.00,3.37
2015.01.05 14:37:00.229,1.19755,1.19759,1.50,1.10
2015.01.05 14:37:00.735,1.19755,1.19758,1.00,1.00
2015.01.05 14:37:01.040,1.19753,1.19758,2.32,2.25
2015.01.05 14:37:01.444,1.19753,1.19755,1.50,1.00
2015.01.05 14:37:01.698,1.19747,1.1975,1.10,1.50
2015.01.05 14:37:02.203,1.19746,1.19751,2.47,2.25
2015.01.05 14:37:02.410,1.19746,1.19749,1.72,1.00
2015.01.05 14:37:02.713,1.19745,1.19747,1.00,1.00
2015.01.05 14:37:04.723,1.19738,1.19743,1.00,1.75
2015.01.05 14:37:04.777,1.19734,1.19736,1.00,1.00
2015.01.05 14:37:04.828,1.19731,1.19734,1.00,1.05
2015.01.05 14:37:04.929,1.19729,1.19734,1.01,1.10
2015.01.05 14:37:05.182,1.1973,1.19732,1.00,1.00
2015.01.05 14:37:05.233,1.19728,1.19732,1.42,1.00
2015.01.05 14:37:05.486,1.19726,1.19731,2.92,1.00
2015.01.05 14:37:06.446,1.19726,1.19729,1.00,2.10
2015.01.05 14:37:06.547,1.19724,1.19728,1.10,1.54
2015.01.05 14:37:06.648,1.19722,1.19727,1.00,1.10
2015.01.05 14:37:06.800,1.19721,1.19725,1.50,1.00
2015.01.05 14:37:07.103,1.19724,1.19729,1.00,3.94
2015.01.05 14:37:07.609,1.19724,1.19729,1.00,3.19
2015.01.05 14:37:08.164,1.19724,1.19728,1.00,1.69
2015.01.05 14:37:08.265,1.19724,1.19728,1.00,2.44
2015.01.05 14:37:08.316,1.19722,1.19727,1.00,1.10
2015.01.05 14:37:08.367,1.19725,1.19727,1.00,1.10
2015.01.05 14:37:08.469,1.19723,1.19727,1.00,1.10
2015.01.05 14:37:09.042,1.19726,1.19727,1.00,1.10
2015.01.05 14:37:09.346,1.19728,1.1973,1.00,1.00
2015.01.05 14:37:10.371,1.19728,1.19732,2.10,1.57
2015.01.05 14:37:10.877,1.19727,1.19732,2.44,2.32
2015.01.05 14:37:12.677,1.19728,1.19732,1.00,1.57
2015.01.05 14:37:12.829,1.19732,1.19733,1.00,1.05
2015.01.05 14:37:12.932,1.19736,1.19739,1.54,1.00
2015.01.05 14:37:13.044,1.19738,1.19741,1.00,1.00
2015.01.05 14:37:13.550,1.19737,1.19741,1.00,1.00
2015.01.05 14:37:13.853,1.19732,1.19734,1.00,1.50
2015.01.05 14:37:13.904,1.19729,1.19733,1.12,1.00
2015.01.05 14:37:13.955,1.19727,1.19731,1.87,1.00
2015.01.05 14:37:14.460,1.19728,1.19732,1.00,1.00
2015.01.05 14:37:16.056,1.19727,1.19731,2.06,1.00
2015.01.05 14:37:17.421,1.19727,1.19731,1.57,1.57
2015.01.05 14:37:17.929,1.19728,1.19732,1.00,1.50
2015.01.05 14:37:18.434,1.19729,1.19732,1.00,2.25
2015.01.05 14:37:18.485,1.19727,1.19732,2.51,2.25
2015.01.05 14:37:18.990,1.19728,1.19732,1.76,1.50
2015.01.05 14:37:19.395,1.1973,1.19732,1.00,1.10
2015.01.05 14:37:19.850,1.19731,1.19735,4.35,2.25
2015.01.05 14:37:19.901,1.19733,1.19735,1.00,1.00
2015.01.05 14:37:19.953,1.19735,1.19737,1.00,1.00
2015.01.05 14:37:20.004,1.19735,1.19739,1.01,1.00
2015.01.05 14:37:20.509,1.19734,1.19739,1.01,1.50
2015.01.05 14:37:20.662,1.19732,1.19737,2.06,3.97
2015.01.05 14:37:20.763,1.19729,1.19734,1.10,1.87
2015.01.05 14:37:21.015,1.19727,1.19732,2.10,2.51
2015.01.05 14:37:21.528,1.19727,1.19731,1.50,1.00
2015.01.05 14:37:22.033,1.19727,1.1973,1.50,1.00
2015.01.05 14:37:22.327,1.19742,1.19747,1.50,1.00
2015.01.05 14:37:22.632,1.19754,1.19759,1.94,1.00
2015.01.05 14:37:22.935,1.19758,1.19761,1.16,1.00
2015.01.05 14:37:23.441,1.19756,1.19761,4.54,1.00
2015.01.05 14:37:23.946,1.19756,1.19761,2.06,1.00
2015.01.05 14:37:24.473,1.19756,1.19759,1.31,1.00
2015.01.05 14:37:25.320,1.19754,1.19759,1.87,1.00
2015.01.05 14:37:25.851,1.19757,1.19758,1.00,1.00
2015.01.05 14:37:26.003,1.19771,1.19775,2.29,1.86
2015.01.05 14:37:26.054,1.19771,1.19777,2.96,1.00
2015.01.05 14:37:26.155,1.19774,1.19776,1.50,1.00
2015.01.05 14:37:26.206,1.19773,1.19778,1.00,1.00
2015.01.05 14:37:26.257,1.19773,1.1978,1.75,1.87
2015.01.05 14:37:26.307,1.19773,1.19776,1.00,1.00
2015.01.05 14:37:26.409,1.19763,1.19766,1.00,1.37
2015.01.05 14:37:26.612,1.19759,1.19764,2.25,1.10
2015.01.05 14:37:26.713,1.19759,1.19762,1.00,1.12
2015.01.05 14:37:26.916,1.19754,1.19759,1.00,1.87
2015.01.05 14:37:27.118,1.19752,1.19757,1.00,1.10
2015.01.05 14:37:27.824,1.19752,1.19758,1.00,1.50
2015.01.05 14:37:28.329,1.19751,1.19756,2.29,1.10
2015.01.05 14:37:29.923,1.19753,1.19758,3.60,1.12
2015.01.05 14:37:30.229,1.19754,1.19758,3.79,1.00
2015.01.05 14:37:30.734,1.19755,1.1976,2.85,1.12
2015.01.05 14:37:31.240,1.19755,1.1976,2.85,1.12
2015.01.05 14:37:31.745,1.19755,1.1976,2.85,1.10
2015.01.05 14:37:32.357,1.19754,1.1976,5.36,1.10
2015.01.05 14:37:32.862,1.19755,1.1976,1.50,1.57
2015.01.05 14:37:33.620,1.19755,1.19758,2.25,1.00
2015.01.05 14:37:34.125,1.19756,1.19758,1.00,1.00
2015.01.05 14:37:34.666,1.19755,1.19758,1.00,1.00
2015.01.05 14:37:35.625,1.19754,1.19758,3.79,1.00
2015.01.05 14:37:35.929,1.1975,1.19755,1.00,1.37
2015.01.05 14:37:36.081,1.19747,1.19751,1.00,1.47
2015.01.05 14:37:36.132,1.19745,1.19747,1.00,1.50
2015.01.05 14:37:36.183,1.19742,1.19747,1.10,1.50
2015.01.05 14:37:36.284,1.1974,1.19746,2.17,1.10
2015.01.05 14:37:36.335,1.19742,1.19747,1.00,2.62
2015.01.05 14:37:36.942,1.19743,1.19747,1.00,2.62
2015.01.05 14:37:37.245,1.19746,1.19747,1.00,1.00
2015.01.05 14:37:37.397,1.19746,1.19751,1.10,1.87
2015.01.05 14:37:37.499,1.19743,1.19748,4.91,1.00
2015.01.05 14:37:37.986,1.19743,1.19746,3.86,1.00
2015.01.05 14:37:38.496,1.19743,1.19745,1.10,1.00
2015.01.05 14:37:38.748,1.19744,1.19747,2.10,1.00
2015.01.05 14:37:38.850,1.19745,1.1975,1.00,1.72
2015.01.05 14:37:38.900,1.19745,1.19748,1.12,1.00
2015.01.05 14:37:39.103,1.19746,1.1975,1.00,1.00
2015.01.05 14:37:39.154,1.19747,1.1975,1.31,1.00
2015.01.05 14:37:39.457,1.19752,1.19753,1.00,1.00
2015.01.05 14:37:39.709,1.19751,1.19755,1.35,1.10
2015.01.05 14:37:40.012,1.19752,1.19757,1.00,1.57
2015.01.05 14:37:40.517,1.19753,1.19757,1.00,1.00
2015.01.05 14:37:40.769,1.19753,1.19759,4.42,3.07
2015.01.05 14:37:40.820,1.19753,1.19757,1.57,2.10
2015.01.05 14:37:41.123,1.19751,1.19754,1.00,1.00
2015.01.05 14:37:42.590,1.19746,1.19751,4.54,1.00
2015.01.05 14:37:42.641,1.19747,1.19753,3.22,2.06
2015.01.05 14:37:43.046,1.1975,1.19753,1.00,1.87
2015.01.05 14:37:43.553,1.19751,1.19754,1.00,1.10
2015.01.05 14:37:44.059,1.19752,1.19754,1.00,1.10
2015.01.05 14:37:44.567,1.19749,1.19753,1.50,1.10
2015.01.05 14:37:44.769,1.19751,1.19754,1.00,1.10
2015.01.05 14:37:45.173,1.1975,1.19753,1.00,3.37
2015.01.05 14:37:45.325,1.19745,1.19748,1.12,1.50
2015.01.05 14:37:45.427,1.19742,1.19746,3.60,1.00
2015.01.05 14:37:45.730,1.19746,1.19748,1.00,1.00
2015.01.05 14:37:45.832,1.19746,1.1975,1.10,1.00
2015.01.05 14:37:45.933,1.19747,1.19753,1.00,3.00
2015.01.05 14:37:46.286,1.19748,1.19751,1.10,1.37
2015.01.05 14:37:46.701,1.19746,1.19748,1.00,1.00
2015.01.05 14:37:46.853,1.19748,1.19751,1.10,1.00
2015.01.05 14:37:46.904,1.19748,1.19753,1.10,1.87
2015.01.05 14:37:46.954,1.19747,1.19752,1.12,1.37
2015.01.05 14:37:47.512,1.19748,1.19753,1.57,3.37
2015.01.05 14:37:47.614,1.19748,1.19753,1.57,2.62
2015.01.05 14:37:47.967,1.19748,1.19753,1.10,1.87
2015.01.05 14:37:48.169,1.19746,1.1975,1.00,1.87
2015.01.05 14:37:48.827,1.19748,1.1975,1.00,1.87
2015.01.05 14:37:48.928,1.19745,1.1975,1.87,1.87
2015.01.05 14:37:48.979,1.19748,1.19751,1.00,1.37
2015.01.05 14:37:49.131,1.19749,1.19753,1.00,2.06
2015.01.05 14:37:49.282,1.19752,1.19753,1.00,1.00
2015.01.05 14:37:49.737,1.1975,1.19753,1.10,1.00
2015.01.05 14:37:50.563,1.1975,1.19753,1.00,1.50
2015.01.05 14:37:50.614,1.19744,1.19746,1.00,1.50
2015.01.05 14:37:50.715,1.19742,1.19746,1.10,2.62
2015.01.05 14:37:51.242,1.19743,1.19746,1.00,2.62
2015.01.05 14:37:51.773,1.19742,1.19745,1.00,1.00
2015.01.05 14:37:52.593,1.19741,1.19745,4.61,1.00
2015.01.05 14:37:53.109,1.19741,1.19745,4.61,1.00
2015.01.05 14:37:55.023,1.19744,1.19745,1.00,1.00
2015.01.05 14:37:55.529,1.19743,1.19746,1.00,2.32
2015.01.05 14:37:56.090,1.19742,1.19746,1.00,2.51
2015.01.05 14:37:56.603,1.19742,1.19745,1.00,1.00
2015.01.05 14:37:58.995,1.19741,1.19745,2.25,1.50
2015.01.05 14:37:59.499,1.19742,1.19745,1.00,1.00
2015.01.05 14:38:00.219,1.19742,1.19746,1.00,3.07
2015.01.05 14:38:00.727,1.19743,1.19746,1.00,3.07
2015.01.05 14:38:01.277,1.19742,1.19746,1.50,3.26
2015.01.05 14:38:03.129,1.19742,1.19745,1.00,1.00
2015.01.05 14:38:03.889,1.19741,1.19745,2.25,1.00
2015.01.05 14:38:04.393,1.1974,1.19742,1.01,1.00
2015.01.05 14:38:04.445,1.1974,1.19742,1.00,1.00
2015.01.05 14:38:04.496,1.19737,1.19739,1.42,1.00
2015.01.05 14:38:04.548,1.19737,1.19739,1.00,1.37
2015.01.05 14:38:04.600,1.19734,1.19736,1.10,1.00
2015.01.05 14:38:04.651,1.19734,1.19735,1.00,1.12
2015.01.05 14:38:04.702,1.19731,1.19733,1.00,1.00
2015.01.05 14:38:05.106,1.1973,1.19735,1.10,1.00
2015.01.05 14:38:05.459,1.19732,1.19735,1.00,1.00
2015.01.05 14:38:05.964,1.19731,1.19736,3.60,2.32
2015.01.05 14:38:06.267,1.19736,1.19738,1.00,1.37
2015.01.05 14:38:06.420,1.19737,1.1974,1.00,1.10
2015.01.05 14:38:07.380,1.19738,1.1974,1.00,1.00
2015.01.05 14:38:07.887,1.19738,1.19743,2.25,2.62
2015.01.05 14:38:08.291,1.19739,1.19743,1.10,2.62
2015.01.05 14:38:08.392,1.19738,1.19743,1.50,2.62
2015.01.05 14:38:08.898,1.19738,1.19742,1.50,1.87
2015.01.05 14:38:09.403,1.19738,1.19742,2.25,1.37
2015.01.05 14:38:10.059,1.19738,1.19742,2.25,1.12
2015.01.05 14:38:10.593,1.19738,1.19742,1.50,1.37
2015.01.05 14:38:11.097,1.19739,1.19742,1.00,1.12
2015.01.05 14:38:11.803,1.19738,1.19742,1.50,1.12
2015.01.05 14:38:12.711,1.19738,1.19742,1.50,1.87
2015.01.05 14:38:13.279,1.19737,1.19741,1.57,1.87
2015.01.05 14:38:14.114,1.19738,1.19741,1.00,1.87
2015.01.05 14:38:14.648,1.19737,1.19741,1.57,1.87
2015.01.05 14:38:15.363,1.19736,1.1974,3.00,1.12
2015.01.05 14:38:15.565,1.19735,1.1974,1.31,3.37
2015.01.05 14:38:16.922,1.19738,1.1974,1.00,1.00
2015.01.05 14:38:17.426,1.19737,1.19741,1.57,3.37
2015.01.05 14:38:17.969,1.19738,1.19741,2.10,1.00
2015.01.05 14:38:19.830,1.19739,1.19742,1.00,1.12
2015.01.05 14:38:23.655,1.1974,1.19743,1.00,2.62
2015.01.05 14:38:24.658,1.19739,1.19743,1.00,2.62
2015.01.05 14:38:25.163,1.1974,1.19743,1.00,2.62
2015.01.05 14:38:25.907,1.19741,1.19744,1.00,1.57
2015.01.05 14:38:25.958,1.19743,1.19745,2.85,2.25
2015.01.05 14:38:26.059,1.19745,1.19749,2.85,1.50
2015.01.05 14:38:26.161,1.19748,1.1975,2.10,1.00
2015.01.05 14:38:26.262,1.19747,1.19751,1.57,1.00
2015.01.05 14:38:26.565,1.19747,1.19748,1.10,1.00
2015.01.05 14:38:26.717,1.19742,1.19747,1.69,1.50
2015.01.05 14:38:26.819,1.19742,1.19745,1.50,1.00
2015.01.05 14:38:26.920,1.19741,1.19745,1.10,1.50
2015.01.05 14:38:27.383,1.19738,1.19743,6.04,1.00
2015.01.05 14:38:27.951,1.19739,1.19743,1.10,1.00
2015.01.05 14:38:30.666,1.1974,1.19743,1.00,1.00
2015.01.05 14:38:32.650,1.19733,1.19735,1.00,1.00
2015.01.05 14:38:32.953,1.1973,1.19735,2.25,1.56
2015.01.05 14:38:33.168,1.19731,1.19735,1.00,1.10
2015.01.05 14:38:33.219,1.19735,1.19737,1.00,1.69
2015.01.05 14:38:33.472,1.19735,1.19739,1.10,1.31
2015.01.05 14:38:33.988,1.19735,1.1974,1.50,2.06
2015.01.05 14:38:34.525,1.19736,1.1974,1.10,1.31
2015.01.05 14:38:34.677,1.19738,1.19741,2.25,1.50
2015.01.05 14:38:34.829,1.19739,1.19743,1.50,1.57
2015.01.05 14:38:37.669,1.19741,1.19743,3.75,1.00
2015.01.05 14:38:37.822,1.19744,1.19745,1.00,1.00
2015.01.05 14:38:37.923,1.19742,1.19745,1.00,1.50
2015.01.05 14:38:38.176,1.1974,1.19745,1.10,4.12
2015.01.05 14:38:38.481,1.1974,1.19743,1.10,1.00
2015.01.05 14:38:38.988,1.19738,1.19743,2.25,1.37
2015.01.05 14:38:40.937,1.1974,1.19743,1.00,1.00
2015.01.05 14:38:41.089,1.19742,1.19747,2.25,1.12
2015.01.05 14:38:41.140,1.19743,1.19747,1.67,1.00
2015.01.05 14:38:41.392,1.19744,1.19749,2.92,1.00
2015.01.05 14:38:41.493,1.19744,1.19748,1.10,3.22
2015.01.05 14:38:41.696,1.1974,1.19746,2.25,1.87
2015.01.05 14:38:41.747,1.1974,1.19744,2.25,1.00
2015.01.05 14:38:43.061,1.19742,1.19745,1.00,1.00
2015.01.05 14:38:43.465,1.19744,1.19746,1.00,2.44
2015.01.05 14:38:43.780,1.19744,1.19748,1.35,1.69
2015.01.05 14:38:45.122,1.19745,1.19748,1.00,1.00
2015.01.05 14:38:45.223,1.19747,1.19748,1.00,1.00
2015.01.05 14:38:45.425,1.19748,1.19752,1.00,1.76
2015.01.05 14:38:45.526,1.19746,1.19748,1.00,1.00
2015.01.05 14:38:45.678,1.19745,1.19749,1.00,2.06
2015.01.05 14:38:45.779,1.19745,1.19749,1.10,1.69
2015.01.05 14:38:45.982,1.19748,1.1975,1.00,2.17
2015.01.05 14:38:46.184,1.19753,1.19758,1.10,1.87
2015.01.05 14:38:46.336,1.19754,1.19758,1.00,1.12
2015.01.05 14:38:46.841,1.19753,1.19758,2.32,1.87
2015.01.05 14:38:47.347,1.19753,1.19757,1.35,1.00
2015.01.05 14:38:47.856,1.19753,1.19758,1.00,3.07
2015.01.05 14:38:48.310,1.19753,1.19757,1.00,1.37
2015.01.05 14:38:48.512,1.19762,1.19766,1.00,1.00
2015.01.05 14:38:48.714,1.19763,1.19768,1.12,4.12
2015.01.05 14:38:49.221,1.19763,1.19768,1.10,3.41
2015.01.05 14:38:49.373,1.19761,1.19766,1.10,1.50
2015.01.05 14:38:49.913,1.19761,1.19766,1.87,1.37
2015.01.05 14:38:50.219,1.19761,1.19762,1.80,1.00
2015.01.05 14:38:50.372,1.19756,1.1976,1.75,1.00
2015.01.05 14:38:50.473,1.19756,1.1976,1.50,1.00
2015.01.05 14:38:50.777,1.19757,1.19762,2.32,2.25
2015.01.05 14:38:50.928,1.1976,1.19762,2.85,1.00
2015.01.05 14:38:50.979,1.19761,1.19764,1.00,1.57
2015.01.05 14:38:51.131,1.19762,1.19766,1.00,1.10
2015.01.05 14:38:51.636,1.19763,1.19766,1.00,1.12
2015.01.05 14:38:52.040,1.19761,1.19766,2.32,2.62
2015.01.05 14:38:53.230,1.19761,1.19762,1.57,1.69
2015.01.05 14:38:53.281,1.19757,1.19761,1.42,1.00
2015.01.05 14:38:53.786,1.19757,1.1976,1.10,1.00
2015.01.05 14:38:54.449,1.1976,1.19761,1.50,1.10
2015.01.05 14:38:54.550,1.19762,1.19766,3.60,2.25
2015.01.05 14:38:54.651,1.19762,1.19767,5.10,1.57
2015.01.05 14:38:55.156,1.19763,1.19767,1.50,1.00
2015.01.05 14:38:56.518,1.19762,1.19764,1.57,1.00
2015.01.05 14:38:57.746,1.19756,1.19758,1.00,1.00
2015.01.05 14:38:57.799,1.19754,1.19758,1.00,1.00
2015.01.05 14:38:58.861,1.19754,1.19758,1.72,1.00
2015.01.05 14:38:59.417,1.19756,1.19759,1.00,1.00
2015.01.05 14:38:59.720,1.19757,1.19761,1.00,2.44
2015.01.05 14:39:00.043,1.19759,1.1976,1.00,1.00
2015.01.05 14:39:00.195,1.19761,1.19766,4.35,1.50
2015.01.05 14:39:00.296,1.19761,1.19766,2.44,1.10
2015.01.05 14:39:00.498,1.1976,1.19764,1.50,1.00
2015.01.05 14:39:00.801,1.19757,1.19761,1.12,1.00
2015.01.05 14:39:01.154,1.19756,1.1976,1.10,1.50
2015.01.05 14:39:01.709,1.19755,1.19759,1.10,1.00
2015.01.05 14:39:03.028,1.19754,1.19759,1.10,2.51
2015.01.05 14:39:03.079,1.19753,1.19758,1.87,1.62
2015.01.05 14:39:03.584,1.19753,1.19758,1.00,1.76
2015.01.05 14:39:06.079,1.19753,1.19757,1.00,1.00
2015.01.05 14:39:06.585,1.19751,1.19756,2.25,1.50
2015.01.05 14:39:07.191,1.19751,1.19756,2.25,3.56
2015.01.05 14:39:07.444,1.19741,1.19745,1.10,1.31
2015.01.05 14:39:07.596,1.1974,1.19743,1.00,1.19
2015.01.05 14:39:07.748,1.19737,1.19742,1.57,1.69
2015.01.05 14:39:08.612,1.19738,1.19742,2.10,1.69
2015.01.05 14:39:09.135,1.19737,1.19742,1.57,1.69
2015.01.05 14:39:09.186,1.19739,1.19742,1.00,1.19
2015.01.05 14:39:10.364,1.19732,1.19735,1.00,2.74
2015.01.05 14:39:10.667,1.19736,1.19739,3.60,1.37
2015.01.05 14:39:10.718,1.19739,1.19741,1.00,1.42
2015.01.05 14:39:10.819,1.19739,1.19743,1.50,2.44
2015.01.05 14:39:11.425,1.1974,1.19742,1.00,1.00
2015.01.05 14:39:11.930,1.19739,1.19742,1.00,1.00
2015.01.05 14:39:13.776,1.19739,1.1974,1.00,1.00
2015.01.05 14:39:13.827,1.19736,1.19739,1.12,1.00
2015.01.05 14:39:13.928,1.19735,1.19739,1.10,1.25
2015.01.05 14:39:14.585,1.19736,1.19739,1.00,1.31
2015.01.05 14:39:15.091,1.19735,1.19739,1.00,1.12
2015.01.05 14:39:16.218,1.19735,1.19739,1.00,1.00
2015.01.05 14:39:17.127,1.19735,1.19737,1.00,1.00
2015.01.05 14:39:17.329,1.19728,1.1973,1.10,1.00
2015.01.05 14:39:17.783,1.19725,1.19729,1.00,1.01
2015.01.05 14:39:18.320,1.19726,1.19729,1.00,1.10
2015.01.05 14:39:19.128,1.19726,1.19728,1.00,1.50
2015.01.05 14:39:19.230,1.19723,1.19725,1.57,1.00
2015.01.05 14:39:19.534,1.19717,1.19719,1.00,1.25
2015.01.05 14:39:19.888,1.19719,1.19722,1.00,1.12
2015.01.05 14:39:19.939,1.19721,1.19725,2.25,1.37
2015.01.05 14:39:19.990,1.19723,1.19725,1.00,1.30
2015.01.05 14:39:20.092,1.19722,1.19727,1.35,2.81
2015.01.05 14:39:20.294,1.19723,1.19728,1.00,1.47
2015.01.05 14:39:20.598,1.19724,1.19729,1.00,1.57
2015.01.05 14:39:20.749,1.19723,1.19728,1.57,3.04
2015.01.05 14:39:21.103,1.19722,1.19723,1.00,1.00
2015.01.05 14:39:21.255,1.19715,1.1972,1.00,1.19
2015.01.05 14:39:21.760,1.19714,1.19718,1.57,1.00
2015.01.05 14:39:22.881,1.19714,1.19717,1.00,1.50
2015.01.05 14:39:22.933,1.19712,1.19717,2.32,1.50
2015.01.05 14:39:23.137,1.19713,1.19715,1.00,1.00
2015.01.05 14:39:23.492,1.1971,1.19715,2.25,1.00
2015.01.05 14:39:23.544,1.1971,1.19713,2.25,1.00
2015.01.05 14:39:23.748,1.19708,1.19712,1.10,1.50
2015.01.05 14:39:23.849,1.1971,1.19712,1.00,1.50
2015.01.05 14:39:24.357,1.19711,1.19713,1.00,1.00
2015.01.05 14:39:24.864,1.19712,1.19715,1.00,3.75
2015.01.05 14:39:25.070,1.1971,1.19714,1.00,1.57
2015.01.05 14:39:25.879,1.1971,1.19714,1.72,1.50
2015.01.05 14:39:26.336,1.19709,1.19713,1.57,1.00
2015.01.05 14:39:27.144,1.19708,1.19712,1.87,1.00
2015.01.05 14:39:28.023,1.19711,1.19713,1.00,1.50
2015.01.05 14:39:28.529,1.19712,1.19713,1.00,1.00
2015.01.05 14:39:29.034,1.19711,1.19714,1.00,1.50
2015.01.05 14:39:29.541,1.1971,1.19713,1.00,1.00
2015.01.05 14:39:30.061,1.1971,1.19714,1.00,1.50
2015.01.05 14:39:31.053,1.19711,1.19714,1.00,1.50
2015.01.05 14:39:31.838,1.19712,1.19714,1.00,1.00
2015.01.05 14:39:32.350,1.19712,1.19715,1.00,1.57
2015.01.05 14:39:32.856,1.19712,1.19716,1.50,1.69
2015.01.05 14:39:33.160,1.19715,1.19719,1.10,1.25
2015.01.05 14:39:33.413,1.19715,1.19719,1.10,2.06
2015.01.05 14:39:33.615,1.19712,1.19716,2.44,1.00
2015.01.05 14:39:34.170,1.19714,1.19716,1.00,1.00
2015.01.05 14:39:35.558,1.19714,1.19717,1.00,1.69
2015.01.05 14:39:36.086,1.19714,1.19716,1.00,1.00
2015.01.05 14:39:36.807,1.19714,1.19717,1.00,2.44
2015.01.05 14:39:36.908,1.19714,1.19715,1.00,1.00
2015.01.05 14:39:37.417,1.19713,1.19715,1.10,1.00
2015.01.05 14:39:39.635,1.19712,1.19715,1.57,1.00
2015.01.05 14:39:42.694,1.19711,1.19714,1.50,1.00
2015.01.05 14:39:42.745,1.1971,1.19714,1.10,1.00
2015.01.05 14:39:43.555,1.1971,1.19715,1.50,3.45
2015.01.05 14:39:44.262,1.1971,1.19714,1.10,1.00
2015.01.05 14:39:44.363,1.19709,1.19712,1.57,1.00
2015.01.05 14:39:44.981,1.19708,1.19711,1.87,1.00
2015.01.05 14:39:45.486,1.19707,1.19711,1.10,1.50
2015.01.05 14:39:45.839,1.19704,1.19705,1.00,1.00
2015.01.05 14:39:45.941,1.19701,1.19703,1.10,1.00
2015.01.05 14:39:45.992,1.19697,1.19701,1.75,2.25
2015.01.05 14:39:46.042,1.19697,1.19701,1.50,4.35
2015.01.05 14:39:46.144,1.19695,1.197,1.50,1.16
2015.01.05 14:39:46.245,1.19694,1.19699,1.87,4.16
2015.01.05 14:39:46.346,1.19692,1.19697,2.25,1.31
2015.01.05 14:39:46.397,1.1969,1.19695,3.75,1.25
2015.01.05 14:39:46.448,1.1969,1.19695,3.00,1.25
2015.01.05 14:39:48.231,1.19684,1.19689,2.25,2.10
2015.01.05 14:39:48.687,1.19688,1.19692,3.60,2.25
2015.01.05 14:39:48.889,1.19689,1.19694,1.10,1.69
2015.01.05 14:39:49.143,1.19691,1.19695,1.00,1.10
2015.01.05 14:39:49.650,1.19691,1.19696,1.50,2.51
2015.01.05 14:39:50.408,1.19692,1.19696,1.00,1.10
2015.01.05 14:39:50.712,1.19695,1.19698,1.00,1.00
2015.01.05 14:39:53.082,1.19694,1.19698,1.50,2.10
2015.01.05 14:39:53.587,1.19693,1.19697,1.50,1.57
2015.01.05 14:39:54.060,1.19692,1.19694,1.00,2.10
2015.01.05 14:39:54.363,1.19687,1.1969,2.25,1.50
2015.01.05 14:39:54.514,1.19686,1.19689,1.57,1.00
2015.01.05 14:39:55.529,1.19686,1.19689,1.00,1.62
2015.01.05 14:39:55.631,1.19683,1.19687,2.52,1.12
2015.01.05 14:39:55.684,1.19683,1.19685,1.50,1.00
2015.01.05 14:39:55.735,1.1968,1.19682,1.10,1.00
2015.01.05 14:39:55.837,1.19677,1.19682,1.57,1.50
2015.01.05 14:39:56.359,1.1968,1.19684,1.00,1.00
2015.01.05 14:39:56.561,1.1968,1.19686,1.57,2.89
2015.01.05 14:39:57.073,1.19681,1.19686,1.00,2.14
2015.01.05 14:39:57.578,1.19682,1.19686,1.00,1.01
2015.01.05 14:39:58.084,1.19682,1.19685,1.00,1.10
2015.01.05 14:39:58.790,1.19681,1.19685,1.00,2.32
2015.01.05 14:39:59.306,1.1968,1.19685,1.50,1.57
2015.01.05 14:39:59.881,1.19681,1.19685,1.00,1.57
2015.01.05 14:40:00.942,1.1968,1.19685,1.50,1.57
2015.01.05 14:40:01.447,1.1968,1.19685,1.50,1.87
2015.01.05 14:40:01.801,1.1968,1.19682,1.00,1.00
2015.01.05 14:40:01.904,1.19677,1.19681,2.25,1.00
2015.01.05 14:40:01.955,1.19677,1.19681,2.17,1.37
2015.01.05 14:40:02.107,1.19675,1.19679,2.25,1.37
2015.01.05 14:40:02.612,1.19675,1.19678,1.50,1.00
2015.01.05 14:40:02.815,1.19677,1.1968,1.00,1.87
2015.01.05 14:40:03.169,1.19674,1.19677,1.19,1.35
2015.01.05 14:40:03.220,1.19672,1.19677,1.50,2.10
2015.01.05 14:40:03.321,1.19671,1.19675,1.31,1.00
2015.01.05 14:40:03.826,1.19671,1.19675,1.39,1.00
2015.01.05 14:40:04.131,1.19675,1.19679,1.00,1.87
2015.01.05 14:40:04.637,1.19675,1.19679,1.50,1.10
2015.01.05 14:40:05.141,1.19676,1.19679,1.50,1.00
2015.01.05 14:40:05.645,1.19676,1.19678,1.00,1.00
2015.01.05 14:40:06.239,1.19676,1.19679,1.31,1.00
2015.01.05 14:40:06.746,1.19675,1.19678,1.31,1.00
2015.01.05 14:40:07.251,1.19677,1.19678,1.00,1.00
2015.01.05 14:40:07.755,1.19677,1.19679,1.00,1.00
2015.01.05 14:40:09.622,1.19677,1.19678,1.00,1.00
2015.01.05 14:40:09.926,1.19672,1.19674,1.00,1.00
2015.01.05 14:40:10.229,1.19675,1.19677,1.00,3.82
2015.01.05 14:40:10.280,1.19675,1.19677,1.00,1.10
2015.01.05 14:40:10.584,1.19676,1.19678,1.00,1.57
2015.01.05 14:40:11.093,1.19676,1.19678,1.00,1.00
2015.01.05 14:40:11.700,1.19677,1.19678,1.00,1.00
2015.01.05 14:40:13.692,1.19673,1.19675,2.85,1.00
2015.01.05 14:40:14.230,1.19672,1.19675,3.04,1.00
2015.01.05 14:40:16.242,1.19672,1.19675,4.54,1.00
2015.01.05 14:40:16.394,1.19674,1.19678,1.57,1.00
2015.01.05 14:40:16.647,1.19673,1.19675,1.80,1.00
2015.01.05 14:40:16.950,1.19671,1.19674,1.20,1.50
2015.01.05 14:40:18.376,1.19673,1.19674,2.10,1.50
2015.01.05 14:40:18.528,1.19674,1.19678,1.69,1.50
2015.01.05 14:40:19.034,1.19675,1.19679,1.00,3.37
2015.01.05 14:40:19.590,1.19676,1.19678,1.00,1.12
2015.01.05 14:40:20.117,1.19675,1.19679,1.50,2.81
2015.01.05 14:40:20.622,1.19676,1.19679,1.50,1.00
2015.01.05 14:40:20.926,1.19678,1.19679,1.10,1.00
2015.01.05 14:40:21.229,1.19682,1.19684,1.00,1.00
2015.01.05 14:40:21.766,1.19683,1.19688,4.35,1.57
2015.01.05 14:40:22.321,1.19683,1.19688,1.50,1.87
2015.01.05 14:40:22.830,1.19682,1.19687,4.35,1.10
2015.01.05 14:40:23.335,1.19682,1.19686,1.00,1.00
2015.01.05 14:40:23.689,1.19684,1.19686,1.00,2.25
2015.01.05 14:40:24.195,1.19685,1.19687,1.00,1.00
2015.01.05 14:40:24.549,1.19683,1.19687,1.00,1.00
2015.01.05 14:40:24.852,1.19685,1.19688,1.00,1.57
2015.01.05 14:40:25.206,1.19683,1.19688,1.00,3.07
2015.01.05 14:40:26.293,1.19682,1.19686,2.92,1.00
2015.01.05 14:40:26.775,1.19685,1.19687,1.00,2.32
2015.01.05 14:40:26.978,1.19682,1.19687,1.69,2.32
2015.01.05 14:40:27.483,1.19682,1.19686,1.00,1.50
2015.01.05 14:40:27.886,1.19682,1.19684,1.00,1.00
2015.01.05 14:40:28.190,1.19679,1.19682,1.00,2.32
2015.01.05 14:40:28.702,1.19678,1.19682,2.85,1.00
2015.01.05 14:40:29.156,1.19677,1.1968,1.01,1.00
2015.01.05 14:40:29.460,1.19671,1.19674,2.06,1.00
2015.01.05 14:40:29.612,1.1967,1.19674,1.87,1.00
2015.01.05 14:40:29.936,1.19672,1.19676,2.85,1.50
2015.01.05 14:40:30.312,1.19675,1.19679,2.10,1.50
2015.01.05 14:40:30.817,1.19675,1.1968,2.92,1.00
2015.01.05 14:40:31.221,1.19674,1.19677,1.00,1.00
2015.01.05 14:40:31.374,1.1967,1.19676,1.50,1.25
2015.01.05 14:40:31.475,1.19671,1.19674,1.00,1.00
2015.01.05 14:40:31.778,1.19668,1.19674,1.87,1.50
2015.01.05 14:40:32.283,1.19667,1.19673,3.94,1.50
2015.01.05 14:40:32.990,1.19671,1.19673,1.00,1.00
2015.01.05 14:40:33.444,1.19669,1.19673,1.10,1.00
2015.01.05 14:40:34.280,1.1967,1.19673,1.50,1.50
2015.01.05 14:40:34.433,1.19665,1.1967,1.00,1.00
2015.01.05 14:40:34.939,1.19666,1.19671,1.10,2.25
2015.01.05 14:40:35.646,1.19665,1.1967,1.31,1.00
2015.01.05 14:40:36.151,1.19665,1.19671,2.81,1.50
2015.01.05 14:40:36.699,1.19665,1.1967,2.06,1.00
2015.01.05 14:40:37.203,1.19665,1.19671,2.62,2.25
2015.01.05 14:40:38.596,1.19667,1.19671,1.00,1.00
2015.01.05 14:40:39.116,1.19664,1.1967,1.69,3.00
2015.01.05 14:40:39.620,1.19664,1.19669,1.69,1.50
2015.01.05 14:40:40.148,1.19663,1.19668,1.94,1.00
2015.01.05 14:40:40.351,1.19663,1.19665,1.12,1.60
2015.01.05 14:40:40.401,1.19661,1.19663,1.00,1.50
2015.01.05 14:40:40.452,1.19657,1.1966,1.00,1.50
2015.01.05 14:40:40.503,1.19653,1.19659,1.75,1.50
2015.01.05 14:40:40.604,1.19654,1.19659,1.00,2.81
2015.01.05 14:40:41.111,1.19651,1.19658,2.25,1.50
2015.01.05 14:40:41.162,1.19651,1.19655,2.25,1.00
2015.01.05 14:40:41.465,1.19651,1.19658,2.17,2.25
2015.01.05 14:40:41.819,1.19651,1.19656,2.17,1.00
2015.01.05 14:40:42.021,1.19651,1.19658,2.17,3.00
2015.01.05 14:40:42.641,1.19652,1.19657,1.10,1.00
2015.01.05 14:40:43.182,1.19653,1.19657,1.00,1.87
2015.01.05 14:40:43.687,1.19654,1.19658,1.00,1.87
2015.01.05 14:40:43.789,1.19653,1.19658,1.50,1.57
2015.01.05 14:40:44.091,1.19655,1.19658,1.00,1.57
2015.01.05 14:40:44.446,1.19653,1.19658,1.00,4.42
2015.01.05 14:40:44.951,1.19654,1.19657,1.00,1.10
2015.01.05 14:40:46.533,1.19655,1.19659,1.00,1.87
2015.01.05 14:40:47.038,1.19656,1.19659,1.00,1.50
2015.01.05 14:40:47.571,1.19655,1.19659,1.00,1.50
2015.01.05 14:40:48.631,1.19655,1.19657,1.00,1.00
2015.01.05 14:40:49.137,1.19654,1.19657,1.00,1.00
2015.01.05 14:40:49.944,1.19653,1.19657,1.10,1.00
2015.01.05 14:40:51.345,1.19654,1.19657,1.00,1.50
2015.01.05 14:40:51.951,1.19653,1.19657,1.10,1.50
2015.01.05 14:40:52.919,1.19654,1.19656,1.00,1.00
2015.01.05 14:40:53.424,1.19651,1.19656,4.54,1.00
2015.01.05 14:40:53.929,1.19651,1.19657,2.44,2.25
2015.01.05 14:40:54.434,1.19652,1.19656,1.12,1.00
2015.01.05 14:40:54.585,1.19651,1.19656,1.76,1.00
2015.01.05 14:40:55.090,1.1965,1.19653,1.12,1.00
2015.01.05 14:40:55.241,1.19648,1.19653,1.12,1.50
2015.01.05 14:40:55.343,1.19647,1.19652,1.01,1.00
2015.01.05 14:40:55.866,1.19647,1.19652,1.91,1.00
2015.01.05 14:40:56.321,1.19648,1.19653,3.79,1.00
2015.01.05 14:40:57.080,1.19647,1.19653,3.04,1.00
2015.01.05 14:40:57.587,1.19647,1.19653,4.91,1.00
2015.01.05 14:41:00.029,1.19648,1.19653,2.17,1.50
2015.01.05 14:41:00.282,1.19648,1.19655,3.22,1.69
2015.01.05 14:41:00.636,1.19646,1.19653,3.19,1.50
2015.01.05 14:41:01.142,1.19646,1.19651,1.10,1.00
2015.01.05 14:41:01.748,1.19647,1.19651,1.00,1.00
2015.01.05 14:41:02.253,1.19647,1.19652,1.50,2.44
2015.01.05 14:41:02.757,1.19647,1.1965,1.00,1.00
2015.01.05 14:41:03.010,1.1964,1.19644,1.00,2.10
2015.01.05 14:41:04.126,1.19636,1.1964,1.00,1.00
2015.01.05 14:41:05.441,1.19636,1.19639,1.00,1.00
2015.01.05 14:41:05.745,1.19634,1.19639,1.01,1.00
2015.01.05 14:41:06.755,1.19634,1.19639,2.66,1.00
2015.01.05 14:41:08.312,1.19634,1.19638,1.31,1.00
2015.01.05 14:41:08.860,1.19634,1.19639,1.50,2.06
2015.01.05 14:41:10.273,1.19633,1.19636,1.12,1.00
2015.01.05 14:41:10.779,1.1963,1.19633,1.31,1.00
2015.01.05 14:41:10.880,1.19628,1.19633,1.87,1.00
2015.01.05 14:41:10.931,1.19627,1.19633,1.12,1.57
2015.01.05 14:41:11.083,1.19626,1.1963,1.37,1.00
2015.01.05 14:41:11.235,1.19625,1.1963,1.80,1.00
2015.01.05 14:41:11.387,1.19627,1.19632,1.00,1.57
2015.01.05 14:41:12.038,1.19628,1.19632,1.00,1.00
2015.01.05 14:41:12.342,1.19621,1.19625,1.75,1.00
2015.01.05 14:41:12.494,1.1962,1.19623,1.10,1.00
2015.01.05 14:41:13.353,1.19619,1.19624,1.12,1.00
2015.01.05 14:41:13.867,1.19624,1.19626,3.00,1.50
2015.01.05 14:41:14.171,1.19635,1.19639,1.50,1.75
2015.01.05 14:41:14.222,1.19635,1.19639,1.50,1.00
2015.01.05 14:41:14.727,1.19637,1.19639,1.12,1.00
2015.01.05 14:41:14.778,1.19637,1.19641,1.12,1.25
2015.01.05 14:41:15.283,1.19638,1.19642,1.00,1.00
2015.01.05 14:41:15.637,1.1964,1.19643,1.00,1.25
2015.01.05 14:41:16.809,1.19641,1.19644,1.00,1.00
2015.01.05 14:41:17.315,1.19642,1.19644,1.00,1.00
2015.01.05 14:41:17.618,1.19642,1.19646,1.00,2.32
2015.01.05 14:41:17.719,1.19644,1.19648,1.00,1.37
2015.01.05 14:41:17.872,1.19644,1.19649,1.00,4.16
2015.01.05 14:41:18.074,1.19643,1.19646,1.10,1.00
2015.01.05 14:41:18.581,1.19642,1.19646,1.00,1.00
2015.01.05 14:41:19.086,1.19642,1.19646,1.00,1.87
2015.01.05 14:41:20.247,1.1964,1.19644,1.50,1.50
2015.01.05 14:41:20.901,1.19641,1.19645,1.00,2.62
2015.01.05 14:41:21.255,1.19637,1.19643,1.12,1.50
2015.01.05 14:41:21.306,1.19636,1.19641,1.69,1.00
2015.01.05 14:41:21.610,1.19636,1.19639,1.10,1.00
2015.01.05 14:41:21.913,1.19633,1.19638,1.00,2.32
2015.01.05 14:41:21.964,1.19633,1.19636,1.00,1.00
2015.01.05 14:41:22.268,1.19626,1.1963,2.25,1.00
2015.01.05 14:41:22.774,1.19629,1.1963,1.00,1.00
2015.01.05 14:41:22.927,1.19627,1.1963,3.22,1.00
2015.01.05 14:41:23.432,1.19627,1.19632,1.87,1.50
2015.01.05 14:41:23.937,1.19628,1.19632,1.00,1.00
2015.01.05 14:41:24.446,1.19627,1.19632,1.12,1.50
2015.01.05 14:41:24.944,1.19627,1.19628,1.00,1.00
2015.01.05 14:41:24.996,1.19622,1.19627,1.50,1.00
2015.01.05 14:41:25.501,1.19623,1.19628,1.00,1.57
2015.01.05 14:41:25.552,1.19623,1.19626,1.00,1.00
2015.01.05 14:41:26.007,1.19621,1.19626,1.57,2.25
2015.01.05 14:41:26.310,1.19621,1.19624,1.10,1.00
2015.01.05 14:41:26.462,1.19614,1.19618,1.00,1.00
2015.01.05 14:41:26.613,1.19612,1.19616,1.50,1.00
2015.01.05 14:41:26.664,1.19612,1.19615,1.10,1.00
2015.01.05 14:41:27.170,1.19612,1.19616,1.00,1.00
2015.01.05 14:41:27.220,1.19614,1.19616,1.00,1.00
2015.01.05 14:41:27.725,1.19613,1.19617,1.42,1.00
2015.01.05 14:41:28.180,1.19615,1.19619,1.35,1.00
2015.01.05 14:41:29.713,1.19616,1.19618,1.00,1.00
2015.01.05 14:41:29.765,1.19613,1.19617,1.87,1.00
2015.01.05 14:41:30.763,1.19613,1.19617,1.25,1.00
2015.01.05 14:41:31.269,1.19612,1.19616,1.20,1.00
2015.01.05 14:41:31.421,1.19612,1.19614,1.20,1.00
2015.01.05 14:41:31.926,1.19611,1.19614,1.20,1.00
2015.01.05 14:41:32.382,1.19613,1.19615,1.00,1.00
2015.01.05 14:41:32.534,1.19614,1.19616,1.00,1.00
2015.01.05 14:41:32.737,1.19616,1.19618,1.00,1.10
2015.01.05 14:41:33.040,1.19618,1.1962,1.00,1.00
2015.01.05 14:41:33.192,1.19619,1.19623,1.00,1.87
2015.01.05 14:41:33.901,1.19617,1.19621,2.44,1.00
2015.01.05 14:41:34.407,1.19617,1.19622,2.81,3.19
2015.01.05 14:41:34.942,1.19617,1.19622,1.76,3.26
2015.01.05 14:41:35.949,1.19617,1.19621,1.76,1.00
2015.01.05 14:41:36.202,1.19615,1.19619,2.25,1.69
2015.01.05 14:41:36.253,1.19614,1.19619,2.32,3.26
2015.01.05 14:41:36.354,1.19617,1.19619,1.00,1.69
2015.01.05 14:41:36.457,1.19618,1.1962,1.00,1.76
2015.01.05 14:41:36.560,1.1962,1.19622,1.00,1.05
2015.01.05 14:41:36.712,1.19621,1.19624,1.00,2.51
2015.01.05 14:41:37.542,1.19621,1.19625,1.50,2.51
2015.01.05 14:41:38.074,1.19621,1.19625,1.50,1.10
2015.01.05 14:41:38.176,1.19624,1.19627,1.35,2.25
2015.01.05 14:41:38.328,1.19624,1.19628,1.35,1.50
2015.01.05 14:41:38.378,1.19627,1.19628,1.00,1.00
2015.01.05 14:41:38.429,1.19627,1.1963,1.00,1.50
2015.01.05 14:41:38.581,1.19631,1.19632,1.50,1.05
2015.01.05 14:41:38.784,1.19634,1.19637,1.00,1.10
2015.01.05 14:41:39.138,1.19636,1.19637,1.00,1.10
2015.01.05 14:41:39.643,1.19635,1.19637,1.00,1.00
2015.01.05 14:41:40.163,1.19635,1.19638,1.00,1.57
2015.01.05 14:41:40.685,1.19636,1.19638,1.00,1.57
2015.01.05 14:41:42.215,1.19628,1.19632,1.12,1.57
2015.01.05 14:41:42.266,1.19629,1.19632,1.37,1.10
2015.01.05 14:41:42.569,1.19631,1.19635,1.00,2.17
2015.01.05 14:41:42.671,1.19629,1.19634,1.69,2.25
2015.01.05 14:41:42.823,1.19629,1.19633,1.00,3.60
2015.01.05 14:41:43.076,1.19627,1.19631,1.95,1.50
2015.01.05 14:41:43.582,1.19626,1.1963,1.10,1.00
2015.01.05 14:41:44.100,1.19626,1.19629,1.00,1.00
2015.01.05 14:41:44.916,1.19626,1.19628,1.00,1.00
2015.01.05 14:41:45.068,1.19623,1.19628,1.00,1.00
2015.01.05 14:41:46.002,1.19623,1.19627,1.12,1.50
2015.01.05 14:41:46.514,1.19623,1.19628,1.00,1.00
2015.01.05 14:41:47.297,1.19623,1.19628,1.37,1.00
2015.01.05 14:41:47.550,1.19623,1.19629,1.87,2.32
2015.01.05 14:41:47.752,1.19623,1.19627,1.50,1.00
2015.01.05 14:41:48.762,1.19622,1.19627,1.57,3.00
2015.01.05 14:41:50.298,1.1963,1.19633,1.00,1.37
2015.01.05 14:41:50.349,1.19631,1.19633,1.00,1.00
2015.01.05 14:41:50.451,1.19629,1.19632,1.00,1.00
2015.01.05 14:41:50.703,1.19627,1.19632,2.17,1.50
2015.01.05 14:41:51.209,1.19627,1.19631,1.10,1.00
2015.01.05 14:41:51.614,1.19629,1.19632,1.00,1.00
2015.01.05 14:41:51.917,1.19633,1.19636,1.00,1.00
2015.01.05 14:41:52.069,1.19633,1.19638,1.57,1.50
2015.01.05 14:41:52.578,1.19633,1.19638,3.04,1.00
2015.01.05 14:41:53.134,1.19633,1.19637,1.12,1.00
2015.01.05 14:41:53.639,1.19632,1.19636,1.12,1.10
2015.01.05 14:41:54.982,1.19633,1.19636,1.00,1.57
2015.01.05 14:41:55.257,1.19631,1.19636,2.06,2.32
2015.01.05 14:41:55.762,1.19631,1.19635,1.87,1.00
2015.01.05 14:41:55.914,1.19631,1.19633,1.00,2.10
2015.01.05 14:41:56.066,1.19629,1.19634,1.00,2.06
2015.01.05 14:41:56.218,1.1963,1.19634,3.41,1.87
2015.01.05 14:41:56.723,1.19632,1.19634,1.00,1.12
2015.01.05 14:41:57.228,1.19632,1.19634,1.12,1.10
2015.01.05 14:41:57.582,1.19633,1.19637,3.22,2.62
2015.01.05 14:41:58.087,1.19633,1.19637,3.97,1.00
2015.01.05 14:41:58.490,1.19636,1.19637,1.00,1.00
2015.01.05 14:41:58.592,1.19634,1.19638,1.00,2.32
2015.01.05 14:41:59.097,1.19634,1.19637,1.00,2.25
2015.01.05 14:41:59.601,1.19633,1.19637,1.12,2.25
2015.01.05 14:42:00.325,1.19634,1.19637,1.00,2.25
2015.01.05 14:42:00.478,1.19634,1.19635,1.00,1.00
2015.01.05 14:42:00.680,1.19631,1.19635,1.31,1.00
2015.01.05 14:42:00.831,1.19631,1.19632,1.00,1.00
2015.01.05 14:42:00.983,1.19628,1.19631,1.12,1.00
2015.01.05 14:42:01.236,1.19629,1.19634,1.00,1.76
2015.01.05 14:42:01.608,1.19628,1.19632,2.06,1.00
2015.01.05 14:42:01.912,1.19627,1.1963,1.00,1.50
2015.01.05 14:42:02.839,1.19628,1.19631,3.60,1.00
2015.01.05 14:42:03.094,1.19631,1.19634,2.85,1.57
2015.01.05 14:42:03.145,1.19632,1.19634,2.10,1.57
2015.01.05 14:42:03.246,1.19633,1.19636,2.10,1.57
2015.01.05 14:42:03.752,1.19631,1.19635,2.92,1.50
2015.01.05 14:42:04.258,1.1963,1.19634,1.69,1.00
2015.01.05 14:42:04.359,1.1963,1.19632,1.10,1.00
2015.01.05 14:42:04.410,1.19628,1.19632,1.01,1.00
2015.01.05 14:42:04.764,1.19626,1.19631,1.57,3.07
2015.01.05 14:42:05.117,1.19624,1.19629,2.85,1.50
2015.01.05 14:42:05.622,1.19624,1.19628,3.22,1.00
2015.01.05 14:42:07.337,1.19624,1.19626,1.50,1.00
2015.01.05 14:42:07.842,1.19623,1.19626,1.00,1.00
2015.01.05 14:42:08.296,1.19622,1.19624,1.50,1.00
2015.01.05 14:42:08.498,1.19619,1.19624,2.44,1.00
2015.01.05 14:42:09.003,1.19619,1.19624,2.51,2.32
2015.01.05 14:42:09.508,1.19619,1.19623,1.57,1.00
2015.01.05 14:42:10.014,1.19618,1.19622,1.12,2.85
2015.01.05 14:42:10.065,1.19617,1.19618,1.12,1.00
2015.01.05 14:42:10.217,1.19612,1.19617,1.00,1.76
2015.01.05 14:42:10.723,1.19613,1.19616,1.00,1.00
2015.01.05 14:42:10.773,1.19612,1.19614,1.00,1.00
2015.01.05 14:42:11.279,1.19611,1.19613,1.10,1.00
2015.01.05 14:42:11.785,1.1961,1.19612,1.39,1.00
2015.01.05 14:42:12.293,1.19609,1.19613,2.29,1.00
2015.01.05 14:42:12.915,1.19607,1.1961,2.14,1.00
2015.01.05 14:42:13.119,1.19605,1.19609,1.50,1.00
2015.01.05 14:42:13.627,1.19603,1.19607,1.00,1.10
2015.01.05 14:42:14.186,1.19603,1.19607,2.66,1.00
2015.01.05 14:42:14.338,1.19601,1.19605,2.25,1.50
2015.01.05 14:42:14.540,1.19599,1.19603,1.00,2.44
2015.01.05 14:42:15.150,1.19596,1.19601,2.44,1.10
2015.01.05 14:42:15.201,1.19596,1.19601,1.50,1.10
2015.01.05 14:42:15.605,1.19598,1.19601,2.10,1.12
2015.01.05 14:42:15.858,1.19599,1.19603,1.57,1.00
2015.01.05 14:42:15.909,1.19599,1.19601,1.10,1.00
2015.01.05 14:42:16.111,1.19597,1.19601,1.50,1.00
2015.01.05 14:42:16.667,1.19596,1.19599,1.76,1.00
2015.01.05 14:42:17.203,1.19595,1.19599,1.10,1.00
2015.01.05 14:42:17.713,1.19595,1.19599,3.67,1.00
2015.01.05 14:42:18.016,1.19598,1.19601,1.00,1.12
2015.01.05 14:42:18.521,1.19597,1.19601,1.50,1.10
2015.01.05 14:42:18.875,1.19599,1.19602,1.00,1.12
2015.01.05 14:42:19.908,1.19603,1.19605,2.10,1.30
2015.01.05 14:42:19.960,1.19603,1.19608,3.86,2.25
2015.01.05 14:42:20.466,1.19605,1.19609,1.00,1.00
2015.01.05 14:42:20.972,1.19605,1.19608,1.10,1.12
2015.01.05 14:42:24.979,1.19606,1.19609,1.00,1.00
2015.01.05 14:42:25.283,1.19609,1.19613,1.00,1.87
2015.01.05 14:42:25.486,1.1961,1.19614,1.00,1.00
2015.01.05 14:42:25.992,1.1961,1.19614,1.00,1.12
2015.01.05 14:42:26.447,1.19612,1.19615,1.00,2.25
2015.01.05 14:42:26.599,1.19621,1.19623,1.00,1.00
2015.01.05 14:42:26.701,1.19621,1.19626,1.50,1.50
2015.01.05 14:42:26.903,1.19623,1.19626,1.50,1.00
2015.01.05 14:42:27.408,1.19623,1.19627,1.50,1.12
2015.01.05 14:42:27.948,1.19622,1.19626,1.00,1.50
2015.01.05 14:42:28.465,1.1962,1.19625,1.00,2.25
2015.01.05 14:42:28.516,1.1962,1.19623,1.00,1.00
2015.01.05 14:42:28.819,1.19617,1.1962,1.00,1.00
2015.01.05 14:42:29.122,1.19612,1.19615,1.00,1.00
2015.01.05 14:42:29.628,1.19613,1.19618,2.25,1.50
2015.01.05 14:42:29.779,1.19612,1.19615,1.50,1.00
2015.01.05 14:42:30.536,1.19611,1.19614,1.50,1.00
2015.01.05 14:42:31.041,1.19611,1.19615,1.00,1.00
2015.01.05 14:42:31.547,1.1961,1.19615,1.57,1.50
2015.01.05 14:42:32.664,1.19611,1.19615,1.12,1.00
2015.01.05 14:42:32.917,1.19615,1.19619,1.35,1.57
2015.01.05 14:42:33.474,1.19615,1.19618,2.92,1.00
2015.01.05 14:42:34.030,1.19613,1.19616,1.61,1.00
2015.01.05 14:42:34.334,1.1961,1.19614,3.19,1.00
2015.01.05 14:42:34.855,1.19612,1.19615,1.12,1.00
2015.01.05 14:42:35.259,1.19615,1.19617,2.10,1.00
2015.01.05 14:42:35.360,1.19615,1.19619,2.85,1.12
2015.01.05 14:42:35.562,1.19616,1.19622,1.50,2.62
2015.01.05 14:42:35.613,1.19616,1.19619,1.50,1.00
2015.01.05 14:42:36.420,1.19615,1.19618,1.57,1.00
2015.01.05 14:42:36.724,1.19613,1.19616,1.10,1.50
2015.01.05 14:42:37.229,1.19613,1.19616,1.47,1.50
2015.01.05 14:42:37.432,1.19621,1.19624,1.00,1.10
2015.01.05 14:42:37.635,1.19622,1.19626,1.00,1.50
2015.01.05 14:42:38.948,1.19621,1.19625,1.87,1.00
2015.01.05 14:42:39.050,1.1962,1.19624,1.01,1.50
2015.01.05 14:42:39.555,1.19619,1.19624,2.32,1.57
2015.01.05 14:42:39.859,1.19619,1.19623,1.00,1.47
2015.01.05 14:42:40.213,1.1962,1.19624,1.10,1.00
2015.01.05 14:42:40.726,1.19622,1.19625,1.00,1.00
2015.01.05 14:42:41.233,1.19622,1.19626,1.57,1.00
2015.01.05 14:42:41.738,1.19622,1.19625,1.10,1.00
2015.01.05 14:42:42.245,1.19624,1.19625,1.00,1.00
2015.01.05 14:42:42.650,1.19624,1.19627,2.25,1.00
2015.01.05 14:42:43.157,1.19627,1.19629,1.00,1.10
2015.01.05 14:42:43.308,1.19631,1.19634,1.00,1.12
2015.01.05 14:42:43.359,1.19632,1.19635,2.25,1.10
2015.01.05 14:42:43.461,1.19632,1.19637,3.26,1.50
2015.01.05 14:42:43.966,1.19632,1.19636,1.76,1.00
2015.01.05 14:42:45.593,1.19632,1.19637,3.07,2.25
2015.01.05 14:42:48.330,1.19632,1.19636,2.32,1.00
2015.01.05 14:42:48.835,1.19633,1.19637,1.00,2.25
2015.01.05 14:42:50.110,1.19632,1.19637,2.32,2.25
2015.01.05 14:42:51.421,1.19633,1.19636,1.00,1.00
2015.01.05 14:42:51.927,1.19633,1.19637,1.00,2.25
2015.01.05 14:42:55.612,1.19634,1.19637,1.00,1.00
2015.01.05 14:42:56.134,1.19634,1.19637,1.12,1.00
2015.01.05 14:42:57.819,1.19634,1.19638,1.00,1.00
2015.01.05 14:42:58.348,1.19636,1.19639,1.00,1.10
2015.01.05 14:42:58.550,1.19638,1.19643,1.00,3.94
2015.01.05 14:42:58.752,1.19642,1.19644,1.00,4.82
2015.01.05 14:42:58.955,1.19642,1.19645,1.29,1.00
2015.01.05 14:42:59.007,1.19642,1.19647,1.76,2.25
2015.01.05 14:42:59.108,1.19641,1.19644,2.25,1.00
2015.01.05 14:42:59.310,1.1964,1.19643,1.00,1.00
2015.01.05 14:42:59.664,1.19638,1.19641,1.10,1.00
2015.01.05 14:42:59.867,1.19635,1.19639,1.69,1.10
2015.01.05 14:43:00.120,1.19633,1.19636,2.92,4.00
2015.01.05 14:43:00.275,1.19634,1.19638,1.00,2.62
2015.01.05 14:43:00.529,1.19635,1.19639,1.00,1.10
2015.01.05 14:43:01.903,1.19637,1.19639,1.00,1.10
2015.01.05 14:43:02.207,1.19639,1.19641,1.00,1.87
2015.01.05 14:43:02.590,1.1964,1.19644,1.50,1.12
2015.01.05 14:43:03.096,1.1964,1.19643,1.00,1.12
2015.01.05 14:43:03.198,1.19637,1.1964,2.25,1.00
2015.01.05 14:43:03.401,1.19635,1.1964,1.50,1.87
2015.01.05 14:43:03.907,1.19635,1.1964,1.50,2.25
2015.01.05 14:43:05.844,1.19635,1.1964,1.50,1.87
2015.01.05 14:43:06.388,1.19636,1.1964,1.00,1.12
2015.01.05 14:43:06.792,1.19635,1.19637,1.50,1.00
2015.01.05 14:43:07.297,1.19634,1.19638,1.00,2.25
2015.01.05 14:43:07.550,1.19634,1.19638,1.00,1.57
2015.01.05 14:43:08.156,1.19635,1.19638,1.00,1.10
2015.01.05 14:43:08.661,1.19634,1.19638,1.00,1.57
2015.01.05 14:43:08.813,1.19634,1.19636,1.00,1.00
2015.01.05 14:43:10.415,1.19634,1.19637,1.69,1.50
2015.01.05 14:43:10.720,1.19637,1.19639,1.00,1.00
2015.01.05 14:43:11.028,1.19637,1.19641,1.50,1.10
2015.01.05 14:43:11.230,1.19639,1.19642,1.00,2.62
2015.01.05 14:43:11.736,1.19638,1.19643,2.06,2.32
2015.01.05 14:43:12.241,1.19638,1.19642,1.31,1.00
2015.01.05 14:43:12.647,1.19639,1.19642,1.37,1.00
2015.01.05 14:43:13.151,1.19639,1.19643,1.50,1.57
2015.01.05 14:43:13.556,1.19641,1.19644,1.00,1.87
2015.01.05 14:43:13.808,1.19646,1.19649,2.29,1.00
2015.01.05 14:43:14.010,1.19647,1.19651,1.01,1.10
2015.01.05 14:43:14.111,1.19649,1.19652,1.50,1.50
2015.01.05 14:43:14.162,1.19649,1.19652,1.50,1.00
2015.01.05 14:43:14.213,1.19649,1.19653,1.54,1.10
2015.01.05 14:43:14.315,1.19651,1.19655,1.01,1.00
2015.01.05 14:43:14.618,1.19652,1.19657,1.01,1.10
2015.01.05 14:43:14.769,1.19654,1.19658,1.00,2.47
2015.01.05 14:43:15.145,1.19652,1.19658,1.76,2.47
2015.01.05 14:43:15.398,1.19654,1.19657,1.00,1.10
2015.01.05 14:43:15.499,1.19652,1.19657,1.57,1.10
2015.01.05 14:43:16.006,1.19651,1.19656,2.81,2.25
2015.01.05 14:43:17.587,1.19651,1.19655,1.12,1.50
2015.01.05 14:43:18.296,1.19649,1.19654,3.94,2.25
2015.01.05 14:43:18.500,1.19653,1.19655,1.00,1.00
2015.01.05 14:43:18.753,1.19657,1.19662,4.99,1.50
2015.01.05 14:43:18.956,1.19661,1.19664,1.00,1.10
2015.01.05 14:43:19.109,1.19664,1.19669,1.25,2.62
2015.01.05 14:43:19.312,1.19664,1.19669,3.94,1.00
2015.01.05 14:43:19.414,1.19667,1.19671,1.57,1.00
2015.01.05 14:43:19.465,1.19666,1.19669,1.12,1.00
2015.01.05 14:43:19.768,1.19656,1.19659,1.00,1.42
2015.01.05 14:43:19.819,1.19654,1.19659,1.00,2.02
2015.01.05 14:43:19.921,1.19653,1.19654,1.00,1.00
2015.01.05 14:43:20.022,1.19651,1.19656,1.12,1.87
2015.01.05 14:43:20.578,1.19651,1.19654,1.31,1.00
2015.01.05 14:43:20.882,1.19651,1.19656,1.01,1.00
2015.01.05 14:43:21.387,1.19652,1.19656,1.00,1.00
2015.01.05 14:43:21.907,1.19651,1.19656,1.76,2.25
2015.01.05 14:43:23.265,1.19653,1.19655,1.00,1.00
2015.01.05 14:43:23.571,1.1966,1.19664,2.10,1.75
2015.01.05 14:43:23.622,1.19662,1.19666,1.25,1.00
2015.01.05 14:43:23.723,1.19663,1.19668,1.00,2.25
2015.01.05 14:43:23.925,1.19664,1.19669,1.69,2.25
2015.01.05 14:43:24.228,1.19667,1.19671,1.00,1.35
2015.01.05 14:43:24.533,1.1967,1.19672,1.00,1.00
2015.01.05 14:43:24.635,1.19668,1.19672,1.00,1.00
2015.01.05 14:43:24.888,1.1967,1.19672,1.00,1.00
2015.01.05 14:43:25.090,1.19668,1.19672,1.00,1.00
2015.01.05 14:43:25.657,1.19667,1.19672,1.69,1.00
2015.01.05 14:43:25.859,1.19669,1.19672,1.00,1.00
2015.01.05 14:43:26.209,1.19669,1.19674,1.62,1.60
2015.01.05 14:43:26.412,1.19668,1.19673,2.06,1.00
2015.01.05 14:43:26.514,1.19667,1.19672,1.00,1.50
2015.01.05 14:43:26.615,1.19666,1.1967,1.00,1.00
2015.01.05 14:43:27.070,1.19665,1.19668,1.50,1.00
2015.01.05 14:43:27.424,1.19663,1.19668,1.01,1.00
2015.01.05 14:43:27.627,1.19662,1.19664,1.57,1.00
2015.01.05 14:43:27.930,1.19654,1.19657,1.10,1.00
2015.01.05 14:43:28.031,1.19653,1.19655,1.00,1.00
2015.01.05 14:43:28.536,1.19652,1.19655,1.00,1.00
2015.01.05 14:43:28.839,1.19652,1.19657,2.10,1.12
2015.01.05 14:43:28.991,1.19654,1.19659,2.47,1.00
2015.01.05 14:43:29.497,1.19656,1.19659,1.00,1.00
2015.01.05 14:43:29.598,1.19654,1.19659,1.10,1.57
2015.01.05 14:43:29.801,1.19653,1.19657,1.00,1.00
2015.01.05 14:43:30.104,1.19652,1.19657,2.25,1.00
2015.01.05 14:43:30.307,1.19655,1.19659,1.67,1.00
2015.01.05 14:43:30.843,1.19662,1.19667,2.44,1.50
2015.01.05 14:43:30.894,1.19662,1.19667,2.44,1.50
2015.01.05 14:43:31.147,1.19665,1.19669,1.16,1.00
2015.01.05 14:43:31.652,1.19665,1.19669,1.69,1.00
2015.01.05 14:43:32.307,1.19664,1.19668,3.19,1.00
2015.01.05 14:43:32.409,1.19663,1.19668,1.10,1.00
2015.01.05 14:43:33.217,1.19663,1.19667,1.10,1.00
2015.01.05 14:43:33.723,1.19663,1.19668,1.00,1.42
2015.01.05 14:43:33.774,1.19663,1.19666,1.00,1.00
2015.01.05 14:43:33.927,1.19659,1.19663,1.57,1.00
2015.01.05 14:43:34.079,1.1966,1.19664,1.22,1.50
2015.01.05 14:43:34.383,1.19661,1.19662,1.12,2.10
2015.01.05 14:43:35.491,1.19662,1.19666,1.42,1.00
2015.01.05 14:43:35.946,1.19661,1.19663,1.05,1.00
2015.01.05 14:43:36.148,1.19655,1.1966,1.10,2.25
2015.01.05 14:43:36.199,1.19655,1.19658,1.10,1.00
2015.01.05 14:43:36.351,1.19653,1.19657,1.10,1.00
2015.01.05 14:43:36.856,1.19652,1.19657,1.01,1.10
2015.01.05 14:43:37.058,1.19654,1.19658,1.00,1.00
2015.01.05 14:43:37.716,1.19654,1.19657,1.00,1.00
2015.01.05 14:43:38.069,1.19654,1.19659,1.00,1.57
2015.01.05 14:43:38.170,1.19654,1.19657,1.00,1.00
2015.01.05 14:43:38.704,1.19652,1.19657,3.56,1.50
2015.01.05 14:43:39.215,1.19654,1.19658,1.00,1.50
2015.01.05 14:43:39.952,1.19656,1.19659,1.00,1.00
2015.01.05 14:43:40.616,1.19654,1.19659,2.51,1.50
2015.01.05 14:43:42.467,1.19656,1.19659,1.00,1.50
2015.01.05 14:43:42.772,1.19662,1.19666,1.25,1.10
2015.01.05 14:43:43.312,1.19663,1.19667,1.00,1.00
2015.01.05 14:43:44.271,1.19663,1.19668,1.50,1.10
2015.01.05 14:43:44.826,1.19664,1.19668,1.25,1.00
2015.01.05 14:43:45.079,1.19665,1.1967,1.00,1.57
2015.01.05 14:43:45.634,1.19666,1.1967,1.00,1.50
2015.01.05 14:43:46.139,1.19667,1.19672,1.00,1.87
2015.01.05 14:43:46.795,1.19667,1.19672,1.57,1.00
2015.01.05 14:43:47.916,1.19669,1.19672,1.25,1.00
2015.01.05 14:43:48.426,1.19669,1.19673,2.44,1.00
2015.01.05 14:43:48.931,1.1967,1.19674,1.00,1.57
2015.01.05 14:43:49.235,1.19679,1.19683,2.10,2.25
2015.01.05 14:43:49.336,1.19681,1.19685,1.39,1.00
2015.01.05 14:43:49.437,1.19682,1.19687,1.76,1.00
2015.01.05 14:43:50.144,1.19682,1.19687,2.44,1.00
2015.01.05 14:43:50.649,1.19682,1.19686,1.29,1.00
2015.01.05 14:43:50.901,1.1968,1.19684,1.31,1.00
2015.01.05 14:43:51.407,1.19679,1.19683,1.12,1.00
2015.01.05 14:43:51.753,1.19679,1.19682,1.12,1.00
2015.01.05 14:43:52.278,1.19673,1.19677,3.04,1.00
2015.01.05 14:43:52.684,1.19675,1.19679,1.10,1.50
2015.01.05 14:43:53.190,1.19674,1.19678,1.69,1.00
2015.01.05 14:43:53.695,1.19676,1.1968,1.10,1.00
2015.01.05 14:43:53.948,1.19677,1.19681,1.29,1.00
2015.01.05 14:43:54.252,1.19681,1.19685,1.19,1.42
2015.01.05 14:43:54.304,1.19681,1.19686,1.66,1.00
2015.01.05 14:43:54.406,1.19687,1.19691,1.75,1.00
2015.01.05 14:43:54.507,1.19691,1.19697,1.75,1.00
2015.01.05 14:43:54.609,1.19696,1.19697,1.00,1.00
2015.01.05 14:43:54.710,1.19696,1.197,1.00,2.17
2015.01.05 14:43:54.761,1.19691,1.19694,1.37,1.00
2015.01.05 14:43:54.863,1.19687,1.19692,1.10,1.50
2015.01.05 14:43:54.914,1.19686,1.1969,1.12,1.00
2015.01.05 14:43:55.116,1.19684,1.19689,1.50,1.87
2015.01.05 14:43:55.318,1.19681,1.19686,2.06,1.00
2015.01.05 14:43:55.987,1.1968,1.19684,1.01,1.00
2015.01.05 14:43:56.697,1.19679,1.19681,1.12,1.00
2015.01.05 14:43:57.203,1.19679,1.19682,1.10,1.00
2015.01.05 14:43:57.405,1.19677,1.19681,1.10,2.10
2015.01.05 14:43:57.860,1.19675,1.1968,2.25,3.60
2015.01.05 14:43:58.112,1.19673,1.19677,1.57,2.10
2015.01.05 14:43:58.264,1.19674,1.19678,1.29,1.00
2015.01.05 14:43:58.770,1.19675,1.1968,1.25,1.87
2015.01.05 14:43:59.124,1.19676,1.19681,1.69,1.57
2015.01.05 14:44:00.644,1.19675,1.19678,1.00,1.12
2015.01.05 14:44:00.847,1.19676,1.1968,2.29,1.87
2015.01.05 14:44:01.403,1.19676,1.1968,1.00,1.00
2015.01.05 14:44:01.911,1.19677,1.1968,1.00,1.00
2015.01.05 14:44:02.013,1.19679,1.19683,1.00,2.62
2015.01.05 14:44:02.317,1.19683,1.19685,3.00,1.42
2015.01.05 14:44:02.418,1.19684,1.19686,1.00,1.42
2015.01.05 14:44:04.308,1.19682,1.19685,1.00,1.12
2015.01.05 14:44:04.460,1.19679,1.19684,1.50,2.92
2015.01.05 14:44:04.561,1.19679,1.19682,1.50,1.12
2015.01.05 14:44:04.865,1.19677,1.19681,1.00,1.10
2015.01.05 14:44:05.373,1.19677,1.1968,1.00,1.10
2015.01.05 14:44:05.929,1.19677,1.19679,1.00,1.00
2015.01.05 14:44:06.434,1.19677,1.1968,1.00,1.10
2015.01.05 14:44:07.142,1.19677,1.19679,1.00,1.00
2015.01.05 14:44:07.852,1.19677,1.1968,1.00,1.10
2015.01.05 14:44:08.003,1.19679,1.19682,1.00,1.75
2015.01.05 14:44:08.542,1.19679,1.19682,1.50,1.50
2015.01.05 14:44:09.048,1.1968,1.19684,1.00,1.91
2015.01.05 14:44:09.503,1.19679,1.19681,1.00,1.00
2015.01.05 14:44:09.655,1.19676,1.19681,1.00,1.87
2015.01.05 14:44:09.756,1.19676,1.19679,1.00,1.12
2015.01.05 14:44:09.857,1.19672,1.19676,1.01,1.00
2015.01.05 14:44:09.959,1.19673,1.19678,1.00,1.57
2015.01.05 14:44:10.110,1.19672,1.19678,1.00,2.10
2015.01.05 14:44:10.515,1.19674,1.19679,3.60,3.75
2015.01.05 14:44:10.566,1.19674,1.19679,3.60,2.25
2015.01.05 14:44:10.970,1.19675,1.19681,1.00,1.50
2015.01.05 14:44:11.072,1.19675,1.19679,1.00,1.00
2015.01.05 14:44:11.527,1.19673,1.19678,1.00,1.00
2015.01.05 14:44:11.678,1.19671,1.19677,1.50,1.35
2015.01.05 14:44:11.729,1.19673,1.19677,1.00,1.35
2015.01.05 14:44:11.831,1.19671,1.19676,1.50,1.00
2015.01.05 14:44:13.237,1.19672,1.19677,2.06,2.25
2015.01.05 14:44:13.742,1.19672,1.19677,1.00,2.29
2015.01.05 14:44:14.248,1.19672,1.19676,1.00,1.00
2015.01.05 14:44:14.956,1.19672,1.19676,1.00,2.25
2015.01.05 14:44:15.261,1.1967,1.19673,1.00,1.50
2015.01.05 14:44:15.363,1.1966,1.19663,2.29,1.00
2015.01.05 14:44:15.414,1.1966,1.19664,2.29,1.00
2015.01.05 14:44:15.467,1.19664,1.19665,1.00,1.00
2015.01.05 14:44:15.619,1.19665,1.19669,1.00,1.12
2015.01.05 14:44:15.922,1.19666,1.1967,1.00,1.00
2015.01.05 14:44:16.499,1.19667,1.19671,1.00,1.10
2015.01.05 14:44:17.004,1.19669,1.19673,1.00,1.50
2015.01.05 14:44:17.155,1.19669,1.19674,1.50,1.87
2015.01.05 14:44:17.660,1.19669,1.19674,1.50,1.57
2015.01.05 14:44:21.343,1.1967,1.19674,1.25,1.10
2015.01.05 14:44:21.398,1.19674,1.19676,1.00,2.92
2015.01.05 14:44:21.552,1.19676,1.1968,2.10,2.25
2015.01.05 14:44:21.603,1.19674,1.19678,2.25,1.35
2015.01.05 14:44:21.654,1.19674,1.19676,1.10,1.00
2015.01.05 14:44:21.857,1.19672,1.19675,1.00,1.00
2015.01.05 14:44:22.009,1.1967,1.19674,1.10,1.50
2015.01.05 14:44:22.517,1.19669,1.19674,1.50,2.32
2015.01.05 14:44:23.029,1.19669,1.19673,1.50,1.25
2015.01.05 14:44:23.585,1.19669,1.19674,2.85,1.57
2015.01.05 14:44:23.989,1.19669,1.19672,1.10,1.00
2015.01.05 14:44:24.141,1.19669,1.19674,2.32,2.32
2015.01.05 14:44:24.393,1.19667,1.19672,2.06,1.00
2015.01.05 14:44:24.495,1.19667,1.19672,1.76,1.00
2015.01.05 14:44:24.849,1.19666,1.19671,1.50,1.87
2015.01.05 14:44:26.001,1.19668,1.19672,1.50,1.69
2015.01.05 14:44:26.053,1.19668,1.19673,1.50,2.51
2015.01.05 14:44:26.558,1.19669,1.19673,1.00,1.01
2015.01.05 14:44:28.731,1.19673,1.19674,1.00,1.57
2015.01.05 14:44:28.934,1.19674,1.19678,1.50,1.10
2015.01.05 14:44:29.900,1.19673,1.19678,2.81,2.50
2015.01.05 14:44:30.103,1.19672,1.19678,2.25,5.84
2015.01.05 14:44:30.526,1.19674,1.19678,1.00,2.50
2015.01.05 14:44:30.879,1.19674,1.19679,2.25,1.76
2015.01.05 14:44:31.385,1.19675,1.19679,1.00,1.10
2015.01.05 14:44:31.999,1.19675,1.1968,1.50,2.32
2015.01.05 14:44:32.726,1.19674,1.19679,3.07,1.00
2015.01.05 14:44:33.231,1.19674,1.19678,2.25,1.00
2015.01.05 14:44:34.097,1.19675,1.19679,1.50,1.10
2015.01.05 14:44:34.602,1.19676,1.1968,1.00,3.00
2015.01.05 14:44:35.258,1.19677,1.19681,1.00,3.00
2015.01.05 14:44:35.612,1.19678,1.19682,1.50,1.57
2015.01.05 14:44:35.714,1.19681,1.19682,1.00,1.00
2015.01.05 14:44:35.916,1.19679,1.19683,1.10,1.00
2015.01.05 14:44:36.421,1.1968,1.19684,1.00,1.00
2015.01.05 14:44:37.431,1.19681,1.19685,1.00,1.57
2015.01.05 14:44:38.645,1.19685,1.19687,3.56,1.00
2015.01.05 14:44:38.698,1.1969,1.19692,1.00,1.10
2015.01.05 14:44:38.799,1.19688,1.19692,1.10,1.10
2015.01.05 14:44:39.001,1.1969,1.19692,1.00,1.12
2015.01.05 14:44:39.525,1.19689,1.19692,1.00,1.00
2015.01.05 14:44:40.231,1.19689,1.19691,1.00,1.00
2015.01.05 14:44:40.433,1.19688,1.19692,1.76,1.00
2015.01.05 14:44:40.938,1.19686,1.19689,1.50,1.00
2015.01.05 14:44:41.140,1.19682,1.19684,1.40,1.00
2015.01.05 14:44:41.241,1.19682,1.19684,1.00,1.00
2015.01.05 14:44:41.696,1.19681,1.19686,1.00,1.76
2015.01.05 14:44:42.049,1.19682,1.19684,1.00,1.00
2015.01.05 14:44:42.201,1.1968,1.19683,1.10,1.00
2015.01.05 14:44:42.404,1.19682,1.19686,1.00,2.25
2015.01.05 14:44:42.454,1.19682,1.19687,1.50,3.19
2015.01.05 14:44:43.061,1.19683,1.19687,1.00,1.50
2015.01.05 14:44:43.607,1.19683,1.19688,1.50,1.69
2015.01.05 14:44:43.860,1.19683,1.19685,1.00,1.00
2015.01.05 14:44:44.164,1.19681,1.19685,1.50,1.00
2015.01.05 14:44:44.669,1.19681,1.19686,1.50,1.50
2015.01.05 14:44:44.720,1.19683,1.19687,1.00,2.44
2015.01.05 14:44:45.225,1.19683,1.19688,1.50,2.44
2015.01.05 14:44:45.528,1.19677,1.19681,1.62,1.00
2015.01.05 14:44:45.631,1.19675,1.1968,1.69,1.00
2015.01.05 14:44:45.732,1.19675,1.1968,1.01,1.00
2015.01.05 14:44:45.833,1.19677,1.1968,1.00,1.10
2015.01.05 14:44:46.516,1.19675,1.1968,1.76,1.00
2015.01.05 14:44:46.617,1.19677,1.1968,1.00,1.00
2015.01.05 14:44:46.819,1.19675,1.1968,2.51,1.00
2015.01.05 14:44:48.165,1.19675,1.19679,1.57,1.00
2015.01.05 14:44:48.671,1.19676,1.1968,1.00,1.10
2015.01.05 14:44:49.177,1.19677,1.19682,1.00,2.44
2015.01.05 14:44:49.329,1.19679,1.19681,1.00,1.00
2015.01.05 14:44:49.381,1.19679,1.19682,1.00,1.10
2015.01.05 14:44:49.886,1.1968,1.19684,1.00,1.69
2015.01.05 14:44:50.038,1.19678,1.19682,1.50,1.00
2015.01.05 14:44:51.209,1.19677,1.19682,1.50,1.57
2015.01.05 14:44:52.145,1.19677,1.19682,1.50,1.87
2015.01.05 14:44:54.368,1.19676,1.1968,1.50,1.00
2015.01.05 14:44:54.721,1.19675,1.19678,1.57,1.00
2015.01.05 14:44:54.978,1.19668,1.19674,1.00,2.25
2015.01.05 14:44:55.248,1.19666,1.19672,1.00,1.12
2015.01.05 14:44:55.299,1.19669,1.19674,1.00,1.75
2015.01.05 14:44:55.350,1.19671,1.19674,1.00,1.00
2015.01.05 14:44:55.401,1.19673,1.19678,1.00,1.50
2015.01.05 14:44:55.603,1.19674,1.19678,1.00,1.00
2015.01.05 14:44:55.705,1.19672,1.19676,1.00,1.00
2015.01.05 14:44:56.059,1.19674,1.19679,1.00,1.00
2015.01.05 14:44:56.160,1.19672,1.19677,1.50,1.00
2015.01.05 14:44:56.616,1.1967,1.19675,1.50,1.00
2015.01.05 14:44:57.171,1.19673,1.19678,1.00,1.50
2015.01.05 14:44:57.474,1.19676,1.19681,1.00,1.00
2015.01.05 14:44:58.382,1.19677,1.19684,1.00,1.50
2015.01.05 14:44:58.635,1.19676,1.19683,1.50,1.50
2015.01.05 14:44:59.587,1.19676,1.1968,1.00,1.00
2015.01.05 14:45:00.446,1.19676,1.19681,1.00,1.10
2015.01.05 14:45:00.952,1.19676,1.19681,1.12,1.10
2015.01.05 14:45:01.255,1.19674,1.19679,2.25,1.10
2015.01.05 14:45:01.356,1.19678,1.19681,1.00,1.75
2015.01.05 14:45:01.712,1.19678,1.19683,1.50,1.22
2015.01.05 14:45:01.763,1.1968,1.19683,1.00,1.22
2015.01.05 14:45:04.090,1.1969,1.19695,1.57,1.10
2015.01.05 14:45:04.141,1.19692,1.19695,1.00,1.00
2015.01.05 14:45:04.348,1.19695,1.19699,1.00,1.10
2015.01.05 14:45:04.450,1.19697,1.19699,1.00,1.10
2015.01.05 14:45:04.907,1.19697,1.19702,1.00,1.69
2015.01.05 14:45:05.059,1.19699,1.19701,1.00,1.10
2015.01.05 14:45:05.416,1.19699,1.19705,1.25,1.75
2015.01.05 14:45:05.468,1.19703,1.19709,1.00,1.69
2015.01.05 14:45:05.570,1.19708,1.19712,1.00,2.00
2015.01.05 14:45:05.672,1.19712,1.19716,1.00,1.50
2015.01.05 14:45:05.825,1.19712,1.19718,1.00,1.25
2015.01.05 14:45:05.927,1.19715,1.19718,1.00,1.00
2015.01.05 14:45:05.978,1.19715,1.1972,1.00,1.69
2015.01.05 14:45:06.180,1.19715,1.19722,1.50,1.00
2015.01.05 14:45:06.484,1.19717,1.19724,1.00,1.00
2015.01.05 14:45:06.788,1.19721,1.19726,1.00,1.00
2015.01.05 14:45:07.092,1.19716,1.1972,1.00,1.00
2015.01.05 14:45:07.295,1.19718,1.19724,1.00,1.00
2015.01.05 14:45:07.345,1.19722,1.19724,1.00,1.00
2015.01.05 14:45:07.497,1.1972,1.19723,1.00,1.00
2015.01.05 14:45:07.806,1.19718,1.19721,1.00,1.00
2015.01.05 14:45:07.858,1.19711,1.19719,1.00,1.19
2015.01.05 14:45:07.909,1.19711,1.19719,1.00,1.69
2015.01.05 14:45:07.960,1.19709,1.19714,1.00,1.25
2015.01.05 14:45:08.366,1.19705,1.19709,1.00,1.00
2015.01.05 14:45:08.468,1.19703,1.19707,1.00,1.00
2015.01.05 14:45:08.569,1.19701,1.19707,1.69,1.00
2015.01.05 14:45:08.823,1.197,1.19703,1.00,1.25
2015.01.05 14:45:08.875,1.19696,1.19703,1.00,1.25
2015.01.05 14:45:08.926,1.19695,1.19699,1.00,1.00
2015.01.05 14:45:09.029,1.19691,1.19698,1.57,1.00
2015.01.05 14:45:09.080,1.19691,1.19698,1.37,1.00
2015.01.05 14:45:09.385,1.1969,1.19695,1.12,1.00
2015.01.05 14:45:10.011,1.1969,1.19697,2.06,1.10
2015.01.05 14:45:10.263,1.1969,1.19695,2.51,1.00
2015.01.05 14:45:10.567,1.19692,1.19695,1.00,1.00
2015.01.05 14:45:11.531,1.19692,1.19696,1.00,2.00
2015.01.05 14:45:11.683,1.19694,1.19697,1.00,1.69
2015.01.05 14:45:12.088,1.19695,1.19697,1.00,1.05
2015.01.05 14:45:12.392,1.197,1.19702,1.00,1.25
2015.01.05 14:45:12.494,1.19705,1.19707,1.00,1.00
2015.01.05 14:45:12.595,1.19703,1.19707,3.00,2.17
2015.01.05 14:45:12.697,1.19703,1.19706,1.00,1.75
2015.01.05 14:45:12.798,1.19702,1.19707,1.50,1.67
2015.01.05 14:45:12.900,1.19704,1.19707,1.00,1.75
2015.01.05 14:45:13.406,1.19704,1.19708,1.00,1.75
2015.01.05 14:45:14.113,1.19703,1.19706,1.00,1.12
2015.01.05 14:45:14.366,1.19702,1.19707,1.50,2.25
2015.01.05 14:45:14.620,1.19704,1.19706,1.00,3.07
2015.01.05 14:45:14.673,1.19699,1.19703,1.12,1.00
2015.01.05 14:45:14.724,1.19698,1.19701,1.87,1.00
2015.01.05 14:45:15.078,1.19696,1.197,1.50,1.00
2015.01.05 14:45:16.162,1.19696,1.19699,1.00,1.00
2015.01.05 14:45:16.214,1.19694,1.19699,2.25,1.12
2015.01.05 14:45:16.315,1.19697,1.19701,1.00,1.50
2015.01.05 14:45:16.671,1.19696,1.19698,1.00,1.00
2015.01.05 14:45:16.722,1.19695,1.19697,1.00,1.00
2015.01.05 14:45:16.874,1.19694,1.19695,1.50,1.00
2015.01.05 14:45:16.975,1.19692,1.19696,1.00,1.01
2015.01.05 14:45:17.228,1.19692,1.19695,1.00,1.22
2015.01.05 14:45:17.734,1.19692,1.19697,1.50,2.44
2015.01.05 14:45:18.037,1.19691,1.19692,1.00,1.00
2015.01.05 14:45:18.087,1.19688,1.19692,1.87,1.00
2015.01.05 14:45:18.189,1.19689,1.19694,1.50,1.94
2015.01.05 14:45:18.240,1.19689,1.19694,1.00,2.44
2015.01.05 14:45:18.493,1.19691,1.19696,1.00,1.50
2015.01.05 14:45:18.797,1.19693,1.19697,1.00,1.00
2015.01.05 14:45:19.052,1.19694,1.19699,1.00,1.69
2015.01.05 14:45:19.709,1.19693,1.19698,1.50,1.00
2015.01.05 14:45:20.496,1.19694,1.19699,1.00,2.44
2015.01.05 14:45:20.799,1.19695,1.19701,1.00,1.69
2015.01.05 14:45:21.203,1.19696,1.19703,1.00,1.69
2015.01.05 14:45:21.254,1.19696,1.19703,1.50,2.44
2015.01.05 14:45:21.760,1.19698,1.19703,1.00,2.00
2015.01.05 14:45:26.089,1.19696,1.19698,3.00,1.19
2015.01.05 14:45:26.241,1.19692,1.19695,1.37,1.50
2015.01.05 14:45:26.343,1.1969,1.19695,1.50,1.75
2015.01.05 14:45:26.444,1.1969,1.19694,1.50,1.12
2015.01.05 14:45:26.798,1.19692,1.19699,1.00,2.25
2015.01.05 14:45:26.849,1.19692,1.19699,1.00,1.75
2015.01.05 14:45:26.899,1.19694,1.19699,1.00,1.00
2015.01.05 14:45:27.102,1.19695,1.19701,1.00,1.25
2015.01.05 14:45:30.985,1.19698,1.19702,1.00,1.12
2015.01.05 14:45:32.528,1.19699,1.19703,1.00,1.37
2015.01.05 14:45:32.832,1.19704,1.19708,1.00,1.00
2015.01.05 14:45:33.034,1.19706,1.19711,1.42,1.75
2015.01.05 14:45:33.136,1.19706,1.19711,1.42,1.10
2015.01.05 14:45:33.237,1.19704,1.19706,4.05,1.37
2015.01.05 14:45:33.389,1.197,1.19706,1.50,1.87
2015.01.05 14:45:33.440,1.19699,1.19704,1.99,1.12
2015.01.05 14:45:33.730,1.19702,1.19704,1.00,1.00
2015.01.05 14:45:33.883,1.19703,1.19708,1.92,1.50
2015.01.05 14:45:34.036,1.19704,1.19709,1.69,1.10
2015.01.05 14:45:34.238,1.19706,1.1971,1.00,1.10
2015.01.05 14:45:34.785,1.19706,1.19711,1.00,1.50
2015.01.05 14:45:35.292,1.19705,1.1971,1.50,2.25
2015.01.05 14:45:35.898,1.19705,1.1971,1.50,1.87
2015.01.05 14:45:36.869,1.19705,1.1971,1.50,1.87
2015.01.05 14:45:37.225,1.19698,1.19703,2.25,1.50
2015.01.05 14:45:37.326,1.19697,1.19703,1.00,2.00
2015.01.05 14:45:37.428,1.19695,1.19701,1.00,2.06
2015.01.05 14:45:37.630,1.19693,1.19699,1.00,1.50
2015.01.05 14:45:38.136,1.19694,1.19699,1.00,1.50
2015.01.05 14:45:39.851,1.19695,1.19699,1.00,1.50
2015.01.05 14:45:40.361,1.19694,1.19699,1.00,1.50
2015.01.05 14:45:41.980,1.19694,1.19699,1.50,1.50
2015.01.05 14:45:42.509,1.19695,1.19699,1.00,1.50
2015.01.05 14:45:45.291,1.19695,1.19699,1.50,1.12
2015.01.05 14:45:45.543,1.19702,1.19704,1.00,3.00
2015.01.05 14:45:45.645,1.197,1.19703,1.00,1.00
2015.01.05 14:45:45.746,1.19702,1.19704,1.50,1.00
2015.01.05 14:45:45.898,1.19703,1.19709,1.76,1.50
2015.01.05 14:45:46.000,1.19702,1.19706,1.87,1.00
2015.01.05 14:45:46.152,1.197,1.19704,1.10,1.00
2015.01.05 14:45:46.253,1.19698,1.19703,1.57,1.12
2015.01.05 14:45:46.556,1.19697,1.19702,1.00,2.25
2015.01.05 14:45:47.073,1.19696,1.19702,2.44,2.25
2015.01.05 14:45:47.376,1.19698,1.19703,1.00,3.00
2015.01.05 14:45:47.579,1.19699,1.19703,1.00,1.50
2015.01.05 14:45:48.083,1.197,1.19704,1.00,2.85
2015.01.05 14:45:48.185,1.19697,1.19703,3.19,4.35
2015.01.05 14:45:48.336,1.19697,1.19703,1.69,4.35
2015.01.05 14:45:50.378,1.19698,1.19703,1.50,1.75
2015.01.05 14:45:50.529,1.19699,1.19703,1.00,1.12
2015.01.05 14:45:50.782,1.19697,1.19702,2.06,1.10
2015.01.05 14:45:51.287,1.19698,1.19703,1.12,1.12
2015.01.05 14:45:52.095,1.19698,1.19703,1.00,2.25
2015.01.05 14:45:52.600,1.19697,1.19702,1.12,1.50
2015.01.05 14:45:52.752,1.19697,1.19699,1.00,1.37
2015.01.05 14:45:53.923,1.19684,1.19687,1.00,1.50
2015.01.05 14:45:53.974,1.19681,1.19687,1.25,2.25
2015.01.05 14:45:54.583,1.19679,1.19685,2.51,1.10
2015.01.05 14:45:55.089,1.19681,1.19685,1.00,1.10
2015.01.05 14:45:55.596,1.19679,1.19685,2.51,1.10
2015.01.05 14:45:56.215,1.19681,1.19685,1.00,1.10
2015.01.05 14:45:56.723,1.19682,1.19687,1.00,2.25
2015.01.05 14:45:56.824,1.19682,1.19687,1.50,1.57
2015.01.05 14:45:57.027,1.19682,1.19687,1.50,2.25
2015.01.05 14:45:57.532,1.19683,1.19687,1.00,1.50
2015.01.05 14:45:59.724,1.19684,1.19687,1.00,1.69
2015.01.05 14:45:59.977,1.19684,1.19689,1.00,3.19
2015.01.05 14:46:00.482,1.19685,1.19689,1.00,1.50
2015.01.05 14:46:01.007,1.19685,1.19689,1.50,2.25
2015.01.05 14:46:01.830,1.19693,1.19694,1.00,1.00
2015.01.05 14:46:01.881,1.19693,1.19699,1.50,4.35
2015.01.05 14:46:02.033,1.19691,1.19692,1.00,2.10
2015.01.05 14:46:02.185,1.19689,1.19692,1.00,2.17
2015.01.05 14:46:02.387,1.19687,1.19692,1.87,2.17
2015.01.05 14:46:02.892,1.19687,1.19692,1.87,3.60
2015.01.05 14:46:03.701,1.19686,1.19691,1.12,3.67
2015.01.05 14:46:03.954,1.19685,1.19688,1.00,1.00
2015.01.05 14:46:04.461,1.19685,1.19687,1.00,1.00
2015.01.05 14:46:05.118,1.19686,1.19687,1.00,1.00
2015.01.05 14:46:05.471,1.19684,1.19686,1.50,1.00
2015.01.05 14:46:06.718,1.19684,1.19687,1.00,1.10
2015.01.05 14:46:07.224,1.19684,1.19686,1.00,1.00
2015.01.05 14:46:07.728,1.19684,1.19687,1.00,1.10
2015.01.05 14:46:08.233,1.19684,1.19686,1.00,1.00
2015.01.05 14:46:08.738,1.19684,1.19685,1.00,1.00
2015.01.05 14:46:08.789,1.19681,1.19683,1.50,1.00
2015.01.05 14:46:08.890,1.19678,1.1968,1.30,1.00
2015.01.05 14:46:08.991,1.19676,1.19678,1.00,2.29
2015.01.05 14:46:09.092,1.19672,1.19675,1.12,1.00
2015.01.05 14:46:09.193,1.19671,1.19675,1.00,1.00
2015.01.05 14:46:09.647,1.19669,1.19675,1.10,1.50
2015.01.05 14:46:09.748,1.19669,1.19673,1.10,1.50
2015.01.05 14:46:10.245,1.19664,1.19669,1.25,1.00
2015.01.05 14:46:10.396,1.19667,1.19669,1.00,1.00
2015.01.05 14:46:10.497,1.19667,1.19671,1.00,1.10
2015.01.05 14:46:11.002,1.19666,1.19672,1.25,1.10
2015.01.05 14:46:11.619,1.19667,1.19672,1.00,1.10
2015.01.05 14:46:12.137,1.19668,1.19672,1.00,1.00
2015.01.05 14:46:12.542,1.19668,1.1967,1.10,1.00
2015.01.05 14:46:12.795,1.19667,1.19673,1.39,2.32
2015.01.05 14:46:13.282,1.1967,1.19674,1.00,1.00
2015.01.05 14:46:13.586,1.19675,1.19679,2.66,1.00
2015.01.05 14:46:13.738,1.19677,1.19681,1.00,1.50
2015.01.05 14:46:13.840,1.19674,1.19679,1.50,1.10
2015.01.05 14:46:13.890,1.19674,1.19677,1.50,1.00
2015.01.05 14:46:14.535,1.19671,1.19676,1.25,1.00
2015.01.05 14:46:14.737,1.19673,1.19677,2.47,2.32
2015.01.05 14:46:14.939,1.19676,1.1968,1.62,1.57
2015.01.05 14:46:15.040,1.19675,1.19678,1.47,1.00
2015.01.05 14:46:15.192,1.1967,1.19675,3.19,1.00
2015.01.05 14:46:15.697,1.1967,1.19674,1.31,1.00
2015.01.05 14:46:15.950,1.19672,1.19674,2.47,1.00
2015.01.05 14:46:16.254,1.19676,1.19679,1.37,1.00
2015.01.05 14:46:16.607,1.19674,1.19679,2.81,1.00
2015.01.05 14:46:17.213,1.19675,1.1968,1.01,3.60
2015.01.05 14:46:17.768,1.19676,1.1968,1.00,2.85
2015.01.05 14:46:19.142,1.19671,1.19676,1.00,2.32
2015.01.05 14:46:20.812,1.19671,1.19674,1.00,1.00
2015.01.05 14:46:21.317,1.1967,1.19675,1.50,3.67
2015.01.05 14:46:21.691,1.1967,1.19672,1.50,1.00
2015.01.05 14:46:21.994,1.19668,1.19672,3.00,1.00
2015.01.05 14:46:22.514,1.19668,1.19673,3.00,4.35
2015.01.05 14:46:23.022,1.19668,1.19672,1.00,2.85
2015.01.05 14:46:24.654,1.19667,1.19672,2.44,1.50
2015.01.05 14:46:25.201,1.19667,1.19671,1.25,1.00
2015.01.05 14:46:27.571,1.19667,1.19672,2.62,3.00
2015.01.05 14:46:28.085,1.19668,1.19672,1.00,2.25
2015.01.05 14:46:29.472,1.19667,1.19672,2.81,3.00
2015.01.05 14:46:29.779,1.19669,1.19672,1.00,1.50
2015.01.05 14:46:29.981,1.1967,1.19674,1.00,1.50
2015.01.05 14:46:31.700,1.19669,1.19672,1.50,1.12
2015.01.05 14:46:32.003,1.19665,1.19667,1.12,2.47
2015.01.05 14:46:32.105,1.19661,1.19664,1.00,2.29
2015.01.05 14:46:32.206,1.19659,1.19662,1.50,1.12
2015.01.05 14:46:32.257,1.19656,1.19659,1.50,1.00
2015.01.05 14:46:32.610,1.19654,1.19659,1.57,1.00
2015.01.05 14:46:32.813,1.19654,1.19656,1.00,1.00
2015.01.05 14:46:32.864,1.19652,1.19656,1.10,1.00
2015.01.05 14:46:33.368,1.19651,1.19657,1.10,1.95
2015.01.05 14:46:33.873,1.1965,1.19654,1.31,1.00
2015.01.05 14:46:34.327,1.19652,1.19657,1.00,3.75
2015.01.05 14:46:34.855,1.19652,1.19657,2.25,2.70
2015.01.05 14:46:35.511,1.19652,1.19656,1.50,1.00
2015.01.05 14:46:36.169,1.19652,1.19655,1.00,1.00
2015.01.05 14:46:36.321,1.1965,1.19655,2.32,2.25
2015.01.05 14:46:36.851,1.19649,1.19654,2.81,1.50
2015.01.05 14:46:38.463,1.1965,1.19653,1.10,1.50
2015.01.05 14:46:38.666,1.19646,1.19647,1.05,1.00
2015.01.05 14:46:38.767,1.19642,1.19647,1.95,3.60
2015.01.05 14:46:38.969,1.1964,1.19646,1.87,1.10
2015.01.05 14:46:39.770,1.19641,1.19646,1.00,1.10
2015.01.05 14:46:40.277,1.19642,1.19646,1.00,2.32
2015.01.05 14:46:41.338,1.19643,1.19646,1.00,1.10
2015.01.05 14:46:41.540,1.19645,1.19647,1.00,1.10
2015.01.05 14:46:41.742,1.19651,1.19655,1.00,1.87
2015.01.05 14:46:41.843,1.19651,1.19655,1.50,1.10
2015.01.05 14:46:41.995,1.19653,1.19657,2.25,1.10
2015.01.05 14:46:42.500,1.19654,1.19658,1.00,1.10
2015.01.05 14:46:43.005,1.19655,1.1966,1.00,3.04
2015.01.05 14:46:44.419,1.19654,1.19656,1.00,1.10
2015.01.05 14:46:44.925,1.19653,1.19657,1.50,1.00
2015.01.05 14:46:45.684,1.19654,1.19658,1.00,1.76
2015.01.05 14:46:46.190,1.19654,1.19658,1.00,2.06
2015.01.05 14:46:46.997,1.19653,1.19658,1.00,3.41
2015.01.05 14:46:47.502,1.19654,1.19658,1.00,2.06
2015.01.05 14:46:47.654,1.19652,1.19657,3.19,1.10
2015.01.05 14:46:48.159,1.19652,1.19656,1.50,1.00
2015.01.05 14:46:48.664,1.19651,1.19656,2.25,2.25
2015.01.05 14:46:49.212,1.19652,1.19656,1.00,1.00
2015.01.05 14:46:49.954,1.19652,1.19657,2.25,1.50
2015.01.05 14:46:50.409,1.19652,1.19654,1.00,1.00
2015.01.05 14:46:50.913,1.19651,1.19655,1.00,1.50
2015.01.05 14:46:51.402,1.19651,1.19653,1.00,2.10
2015.01.05 14:46:51.504,1.19647,1.19649,1.00,1.00
2015.01.05 14:46:51.555,1.19644,1.19646,1.00,1.00
2015.01.05 14:46:51.606,1.19642,1.19646,1.00,1.00
2015.01.05 14:46:51.707,1.19643,1.19646,1.00,1.00
2015.01.05 14:46:51.910,1.19644,1.19649,1.00,1.87
2015.01.05 14:46:52.459,1.19648,1.19651,1.00,1.37
2015.01.05 14:46:52.510,1.19645,1.19649,1.00,3.11
2015.01.05 14:46:53.015,1.19644,1.19648,1.50,2.10
2015.01.05 14:46:54.391,1.19642,1.19647,2.44,1.00
2015.01.05 14:46:54.593,1.19645,1.19648,1.00,1.10
2015.01.05 14:46:54.896,1.19651,1.19656,1.50,1.87
2015.01.05 14:46:55.200,1.19654,1.19658,1.00,1.12
2015.01.05 14:46:55.704,1.19655,1.19659,1.50,1.12
2015.01.05 14:46:57.099,1.19656,1.19659,1.00,1.10
2015.01.05 14:46:57.453,1.19655,1.19657,1.50,1.00
2015.01.05 14:46:57.655,1.19645,1.1965,3.00,1.00
2015.01.05 14:46:57.808,1.19647,1.1965,1.00,1.50
2015.01.05 14:46:58.010,1.19648,1.19652,1.00,1.10
2015.01.05 14:46:58.213,1.19649,1.19654,2.32,1.00
2015.01.05 14:46:58.264,1.19651,1.19655,1.00,1.10
2015.01.05 14:46:58.569,1.19656,1.19659,1.00,3.56
2015.01.05 14:46:58.771,1.19654,1.19659,1.50,2.81
2015.01.05 14:46:59.226,1.19654,1.19657,1.00,1.29
2015.01.05 14:46:59.327,1.19644,1.19648,1.87,1.00
2015.01.05 14:46:59.428,1.19647,1.19649,1.00,1.00
2015.01.05 14:46:59.580,1.19649,1.19652,1.00,1.00
2015.01.05 14:47:00.086,1.1965,1.19651,1.00,1.00
2015.01.05 14:47:00.591,1.19651,1.19654,1.00,1.50
2015.01.05 14:47:01.184,1.1965,1.19655,1.50,1.37
2015.01.05 14:47:01.234,1.19654,1.19658,1.00,1.87
2015.01.05 14:47:01.748,1.19656,1.19659,1.00,2.62
2015.01.05 14:47:02.202,1.19655,1.1966,1.00,1.10
2015.01.05 14:47:02.681,1.19652,1.19657,2.06,1.00
2015.01.05 14:47:04.477,1.19653,1.19656,1.50,1.00
2015.01.05 14:47:05.204,1.19653,1.19655,1.00,1.00
2015.01.05 14:47:05.700,1.19653,1.19657,1.00,1.50
2015.01.05 14:47:06.215,1.19652,1.19657,1.57,1.50
2015.01.05 14:47:07.041,1.19653,1.19657,1.00,1.50
2015.01.05 14:47:07.550,1.19653,1.19658,2.25,1.57
2015.01.05 14:47:08.367,1.19653,1.19657,1.50,1.00
2015.01.05 14:47:09.547,1.19654,1.19657,1.00,1.00
2015.01.05 14:47:11.641,1.19653,1.19657,1.00,1.50
2015.01.05 14:47:12.146,1.19654,1.19657,1.00,1.00
2015.01.05 14:47:12.848,1.19653,1.19657,1.50,1.00
2015.01.05 14:47:13.366,1.19654,1.19657,1.00,1.00
2015.01.05 14:47:15.724,1.19654,1.19656,1.00,1.00
2015.01.05 14:47:15.876,1.19651,1.19656,2.44,1.00
2015.01.05 14:47:16.381,1.19651,1.19655,2.44,1.50
2015.01.05 14:47:16.835,1.19653,1.19657,1.50,1.57
2015.01.05 14:47:18.042,1.19652,1.19655,1.00,1.00
2015.01.05 14:47:18.143,1.1965,1.19654,1.76,1.00
2015.01.05 14:47:18.245,1.19647,1.1965,1.80,1.50
2015.01.05 14:47:18.295,1.19647,1.19649,1.12,1.00
2015.01.05 14:47:18.447,1.19644,1.19647,2.25,1.00
2015.01.05 14:47:18.599,1.19643,1.19647,2.32,1.00
2015.01.05 14:47:19.457,1.19643,1.19646,1.00,1.50
2015.01.05 14:47:19.962,1.19642,1.19646,2.10,2.25
2015.01.05 14:47:20.467,1.19642,1.19645,1.00,1.50
2015.01.05 14:47:20.972,1.19639,1.19645,2.06,1.00
2015.01.05 14:47:22.075,1.19639,1.19645,1.57,1.00
2015.01.05 14:47:22.378,1.19639,1.19643,1.50,1.00
2015.01.05 14:47:22.682,1.19639,1.19641,1.00,1.00
2015.01.05 14:47:22.985,1.19634,1.19638,1.50,1.10
2015.01.05 14:47:23.188,1.19636,1.1964,1.50,1.12
2015.01.05 14:47:23.340,1.19636,1.19641,1.50,1.57
2015.01.05 14:47:23.643,1.19638,1.19641,1.00,1.10
2015.01.05 14:47:23.745,1.19638,1.19643,1.50,1.10
2015.01.05 14:47:24.249,1.19639,1.19644,1.00,2.32
2015.01.05 14:47:24.755,1.1964,1.19644,1.00,1.57
2015.01.05 14:47:24.907,1.1964,1.19642,1.00,1.00
2015.01.05 14:47:24.957,1.19638,1.19642,1.10,1.87
2015.01.05 14:47:25.059,1.1964,1.19644,1.00,1.12
2015.01.05 14:47:25.514,1.19637,1.19642,1.57,2.06
2015.01.05 14:47:25.817,1.19637,1.19639,1.00,1.00
2015.01.05 14:47:26.120,1.19637,1.19641,1.00,1.50
2015.01.05 14:47:26.719,1.19636,1.19639,1.00,1.00
2015.01.05 14:47:26.821,1.19637,1.19641,1.00,1.00
2015.01.05 14:47:27.074,1.19639,1.19643,1.00,1.87
2015.01.05 14:47:27.377,1.1964,1.19645,1.00,3.37
2015.01.05 14:47:27.782,1.1964,1.19642,1.00,1.00
2015.01.05 14:47:28.136,1.19638,1.19642,1.00,1.50
2015.01.05 14:47:28.541,1.19639,1.19644,1.69,2.32
2015.01.05 14:47:28.693,1.19641,1.19644,1.00,2.92
2015.01.05 14:47:28.895,1.19639,1.19643,1.00,2.25
2015.01.05 14:47:28.997,1.19639,1.19641,1.00,2.85
2015.01.05 14:47:29.150,1.19636,1.1964,1.57,1.35
2015.01.05 14:47:30.089,1.19634,1.19637,1.00,1.50
2015.01.05 14:47:30.140,1.19631,1.19635,1.10,1.69
2015.01.05 14:47:30.241,1.19628,1.19633,1.10,1.25
2015.01.05 14:47:30.444,1.19628,1.19631,1.12,1.00
2015.01.05 14:47:30.595,1.19628,1.19633,1.50,2.36
2015.01.05 14:47:30.697,1.19626,1.1963,1.76,1.00
2015.01.05 14:47:31.001,1.19626,1.1963,3.41,1.00
2015.01.05 14:47:31.556,1.19626,1.19629,1.25,1.00
2015.01.05 14:47:31.810,1.19625,1.19626,1.00,1.00
2015.01.05 14:47:31.861,1.19623,1.19626,1.57,1.00
2015.01.05 14:47:32.113,1.19622,1.19624,1.00,1.00
2015.01.05 14:47:32.164,1.1962,1.19624,2.89,1.00
2015.01.05 14:47:32.669,1.19622,1.19627,1.50,2.25
2015.01.05 14:47:32.770,1.19622,1.19627,2.32,1.50
2015.01.05 14:47:32.872,1.19624,1.19628,1.00,1.00
2015.01.05 14:47:33.390,1.19625,1.1963,1.00,1.87
2015.01.05 14:47:35.040,1.19615,1.19618,2.85,2.50
2015.01.05 14:47:35.092,1.1961,1.19613,1.50,1.00
2015.01.05 14:47:35.597,1.1961,1.19612,1.00,1.00
2015.01.05 14:47:35.648,1.1961,1.19615,1.50,2.06
2015.01.05 14:47:36.153,1.19611,1.19615,1.00,1.25
2015.01.05 14:47:36.508,1.19612,1.19617,1.50,1.57
2015.01.05 14:47:37.014,1.19613,1.19618,1.50,1.87
2015.01.05 14:47:37.166,1.19615,1.19618,1.19,1.12
2015.01.05 14:47:37.268,1.19618,1.19619,1.50,1.00
2015.01.05 14:47:37.319,1.19618,1.19623,1.50,1.50
2015.01.05 14:47:37.370,1.19622,1.19624,1.54,1.10
2015.01.05 14:47:37.421,1.19622,1.19626,2.29,1.00
2015.01.05 14:47:37.572,1.19623,1.19628,1.69,1.57
2015.01.05 14:47:38.078,1.19624,1.19629,1.00,1.50
2015.01.05 14:47:38.381,1.19624,1.19628,1.00,2.10
2015.01.05 14:47:38.482,1.19624,1.19629,1.00,5.17
2015.01.05 14:47:38.583,1.19623,1.19629,1.00,1.37
2015.01.05 14:47:39.145,1.19623,1.19629,2.25,1.12
2015.01.05 14:47:39.450,1.19619,1.1962,1.10,2.10
2015.01.05 14:47:39.552,1.19618,1.19622,1.00,1.01
2015.01.05 14:47:39.703,1.1962,1.19624,1.00,2.25
2015.01.05 14:47:39.754,1.1962,1.19624,1.00,1.50
2015.01.05 14:47:39.906,1.19621,1.19622,1.00,1.00
2015.01.05 14:47:40.007,1.19617,1.1962,1.50,1.00
2015.01.05 14:47:40.260,1.19619,1.1962,1.00,1.00
2015.01.05 14:47:40.311,1.19619,1.19623,1.00,1.00
2015.01.05 14:47:40.716,1.19621,1.19625,1.00,1.00
2015.01.05 14:47:41.021,1.19623,1.19626,1.00,1.00
2015.01.05 14:47:41.324,1.19621,1.19623,1.00,1.00
2015.01.05 14:47:41.426,1.19621,1.19625,1.00,1.87
2015.01.05 14:47:41.527,1.19619,1.19621,2.50,2.10
2015.01.05 14:47:41.629,1.19616,1.19621,1.50,3.60
2015.01.05 14:47:41.680,1.19619,1.19621,1.00,1.00
2015.01.05 14:47:41.833,1.1962,1.19625,1.50,2.44
2015.01.05 14:47:42.086,1.1962,1.19622,1.50,2.10
2015.01.05 14:47:42.188,1.19621,1.19624,1.00,2.29
2015.01.05 14:47:42.239,1.19618,1.19621,1.00,1.00
2015.01.05 14:47:43.150,1.19614,1.19618,1.00,1.00
2015.01.05 14:47:43.457,1.19616,1.19618,1.00,1.00
2015.01.05 14:47:43.659,1.19618,1.19623,1.00,2.06
2015.01.05 14:47:44.266,1.19615,1.19621,1.10,1.57
2015.01.05 14:47:44.367,1.19616,1.19619,1.00,1.00
2015.01.05 14:47:44.418,1.19614,1.19619,1.50,1.00
2015.01.05 14:47:44.873,1.19617,1.19619,1.50,1.10
2015.01.05 14:47:45.177,1.19623,1.19627,1.00,1.50
2015.01.05 14:47:45.685,1.19622,1.19626,1.12,1.57
2015.01.05 14:47:46.190,1.19621,1.19626,2.25,1.57
2015.01.05 14:47:46.711,1.19621,1.19625,1.00,1.10
2015.01.05 14:47:47.686,1.19621,1.19624,1.50,1.00
2015.01.05 14:47:48.195,1.19621,1.19623,1.25,1.00
2015.01.05 14:47:49.421,1.19618,1.1962,1.87,1.00
2015.01.05 14:47:49.522,1.19614,1.19616,1.00,1.00
2015.01.05 14:47:49.624,1.19612,1.19615,1.10,1.00
2015.01.05 14:47:50.130,1.19611,1.19614,1.10,1.00
2015.01.05 14:47:52.119,1.1961,1.19614,1.00,1.50
2015.01.05 14:47:52.624,1.19611,1.19613,1.00,1.00
2015.01.05 14:47:52.675,1.19614,1.19615,1.00,1.10
2015.01.05 14:47:53.172,1.1961,1.19614,2.62,1.00
2015.01.05 14:47:53.780,1.1961,1.19612,1.00,1.00
2015.01.05 14:47:54.083,1.19607,1.19609,1.00,1.00
2015.01.05 14:47:54.739,1.19606,1.19608,1.00,1.00
2015.01.05 14:47:55.611,1.19607,1.19608,1.00,1.00
2015.01.05 14:47:56.143,1.19606,1.19608,1.00,1.00
2015.01.05 14:47:56.194,1.19604,1.19608,2.51,1.00
2015.01.05 14:47:57.844,1.19604,1.19607,1.10,1.00
2015.01.05 14:47:58.380,1.19604,1.19608,1.00,1.50
2015.01.05 14:47:59.149,1.19604,1.19608,3.86,1.50
2015.01.05 14:48:00.173,1.19604,1.19606,2.10,1.00
2015.01.05 14:48:00.224,1.19601,1.19606,2.70,1.50
2015.01.05 14:48:00.326,1.196,1.19604,3.94,1.00
2015.01.05 14:48:00.377,1.19599,1.19603,2.44,1.00
2015.01.05 14:48:00.579,1.196,1.19603,1.37,1.00
2015.01.05 14:48:00.883,1.196,1.19604,1.39,1.50
2015.01.05 14:48:01.388,1.19602,1.19604,1.00,1.50
2015.01.05 14:48:01.490,1.196,1.19604,1.76,1.50
2015.01.05 14:48:01.743,1.196,1.19602,1.76,1.00
2015.01.05 14:48:01.945,1.196,1.19604,4.35,1.50
2015.01.05 14:48:02.046,1.196,1.19604,3.41,1.00
2015.01.05 14:48:02.552,1.19602,1.19605,1.00,1.50
2015.01.05 14:48:03.712,1.19602,1.19604,1.00,1.00
2015.01.05 14:48:03.813,1.196,1.19603,1.10,1.50
2015.01.05 14:48:03.914,1.19598,1.19601,1.69,1.00
2015.01.05 14:48:04.621,1.19599,1.19601,1.00,1.00
2015.01.05 14:48:05.027,1.19603,1.19604,1.00,1.10
2015.01.05 14:48:05.281,1.19601,1.19605,1.01,1.50
2015.01.05 14:48:05.534,1.196,1.19603,1.10,1.00
2015.01.05 14:48:05.888,1.19598,1.19601,1.75,1.00
2015.01.05 14:48:05.989,1.19598,1.196,1.00,1.00
2015.01.05 14:48:06.345,1.19595,1.19599,1.76,1.10
2015.01.05 14:48:06.446,1.19595,1.19599,2.44,1.00
2015.01.05 14:48:06.850,1.19595,1.19599,1.57,1.00
2015.01.05 14:48:06.951,1.19597,1.19599,1.00,1.00
2015.01.05 14:48:07.254,1.19599,1.19601,1.00,1.00
2015.01.05 14:48:07.304,1.196,1.19603,1.00,1.50
2015.01.05 14:48:08.332,1.19598,1.19603,1.12,2.62
2015.01.05 14:48:08.535,1.19596,1.19598,1.10,1.00
2015.01.05 14:48:08.738,1.19594,1.19597,1.57,1.50
2015.01.05 14:48:09.693,1.19593,1.19596,2.44,1.00
2015.01.05 14:48:10.048,1.19592,1.19595,1.00,1.50
2015.01.05 14:48:10.099,1.19592,1.19594,1.00,1.00
2015.01.05 14:48:10.301,1.19587,1.19591,1.12,1.00
2015.01.05 14:48:10.403,1.19585,1.19588,1.10,1.10
2015.01.05 14:48:10.707,1.19585,1.19586,0.10,3.00
2015.01.05 14:48:10.961,1.19582,1.19585,1.00,1.00
2015.01.05 14:48:12.945,1.19579,1.19583,1.69,3.60
2015.01.05 14:48:13.047,1.19576,1.19579,1.00,2.25
2015.01.05 14:48:13.099,1.19574,1.19579,2.51,3.00
2015.01.05 14:48:13.200,1.19574,1.19576,1.00,1.00
2015.01.05 14:48:13.251,1.1957,1.19575,1.57,1.50
2015.01.05 14:48:13.353,1.1957,1.19573,1.00,1.00
2015.01.05 14:48:13.807,1.19572,1.19575,1.00,1.00
2015.01.05 14:48:14.112,1.19572,1.19577,3.79,1.57
2015.01.05 14:48:14.618,1.19573,1.19577,2.29,1.10
2015.01.05 14:48:14.719,1.19575,1.19577,1.00,1.00
2015.01.05 14:48:14.821,1.19574,1.19579,5.10,1.50
2015.01.05 14:48:15.326,1.19573,1.19578,2.44,1.00
2015.01.05 14:48:15.579,1.19573,1.19577,1.25,1.10
2015.01.05 14:48:15.731,1.19576,1.19578,2.10,1.42
2015.01.05 14:48:15.882,1.19578,1.1958,1.69,1.00
2015.01.05 14:48:15.985,1.1958,1.19582,1.00,1.12
2015.01.05 14:48:16.408,1.1958,1.19585,2.06,2.25
2015.01.05 14:48:16.560,1.19583,1.19587,1.10,1.50
2015.01.05 14:48:17.419,1.19583,1.19588,2.32,2.32
2015.01.05 14:48:17.773,1.19585,1.19588,1.00,1.10
2015.01.05 14:48:18.341,1.19586,1.19588,1.00,1.10
2015.01.05 14:48:18.644,1.19591,1.19594,1.10,1.00
2015.01.05 14:48:18.745,1.19592,1.19596,1.00,1.10
2015.01.05 14:48:19.364,1.19592,1.19596,1.00,2.92
2015.01.05 14:48:19.516,1.1959,1.19594,1.57,1.12
2015.01.05 14:48:20.021,1.1959,1.19593,1.00,2.14
2015.01.05 14:48:20.122,1.19588,1.19592,1.00,1.00
2015.01.05 14:48:20.801,1.19585,1.1959,3.19,1.50
2015.01.05 14:48:21.306,1.19587,1.1959,1.50,1.00
2015.01.05 14:48:21.610,1.19589,1.19592,1.61,1.00
2015.01.05 14:48:22.115,1.1959,1.19592,1.57,1.00
2015.01.05 14:48:23.143,1.1959,1.19595,2.17,1.57
2015.01.05 14:48:24.056,1.1959,1.19594,1.10,1.00
2015.01.05 14:48:24.157,1.19589,1.19592,2.06,1.00
2015.01.05 14:48:24.259,1.19591,1.19595,1.50,1.57
2015.01.05 14:48:24.360,1.19593,1.19595,1.00,1.00
2015.01.05 14:48:25.376,1.19592,1.19596,1.69,1.10
2015.01.05 14:48:25.680,1.19595,1.19597,1.00,2.62
2015.01.05 14:48:26.188,1.19594,1.19598,1.00,2.25
2015.01.05 14:48:26.898,1.19594,1.19599,2.44,3.75
2015.01.05 14:48:27.202,1.19596,1.19599,1.00,1.37
2015.01.05 14:48:27.354,1.19599,1.19602,1.25,1.10
2015.01.05 14:48:27.405,1.19602,1.19603,1.00,1.05
2015.01.05 14:48:27.456,1.19605,1.19607,1.00,1.10
2015.01.05 14:48:27.557,1.19605,1.19609,1.19,1.10
2015.01.05 14:48:27.810,1.19608,1.1961,1.00,1.00
2015.01.05 14:48:28.278,1.19607,1.19612,2.25,3.60
2015.01.05 14:48:28.783,1.19608,1.19612,1.50,1.50
2015.01.05 14:48:29.493,1.19607,1.19611,2.44,1.00
2015.01.05 14:48:29.862,1.19605,1.1961,2.44,2.62
2015.01.05 14:48:31.236,1.19606,1.1961,1.00,1.87
2015.01.05 14:48:31.388,1.19608,1.1961,1.00,1.12
2015.01.05 14:48:31.539,1.19609,1.19614,1.00,3.00
2015.01.05 14:48:32.094,1.19609,1.19614,2.51,2.32
2015.01.05 14:48:32.650,1.1961,1.19614,1.00,1.10
2015.01.05 14:48:33.694,1.1961,1.19614,1.50,1.12
2015.01.05 14:48:33.846,1.19611,1.19615,1.50,1.10
2015.01.05 14:48:33.948,1.19615,1.19616,1.00,1.05
2015.01.05 14:48:34.049,1.19615,1.19617,2.25,1.10
2015.01.05 14:48:34.252,1.19615,1.19619,1.50,1.10
2015.01.05 14:48:34.354,1.19617,1.19619,1.00,1.10
2015.01.05 14:48:34.861,1.19616,1.1962,1.69,1.10
2015.01.05 14:48:35.215,1.19615,1.1962,1.10,3.67
2015.01.05 14:48:35.267,1.19613,1.19618,1.31,1.00
2015.01.05 14:48:35.570,1.19613,1.19617,1.00,1.12
2015.01.05 14:48:35.671,1.19611,1.19616,1.01,1.10
2015.01.05 14:48:36.176,1.19612,1.19616,1.00,1.87
2015.01.05 14:48:36.480,1.19614,1.19617,1.00,1.50
2015.01.05 14:48:36.582,1.19614,1.19618,1.87,2.10
2015.01.05 14:48:36.784,1.19613,1.19618,1.76,3.67
2015.01.05 14:48:37.957,1.19618,1.19621,1.50,1.77
2015.01.05 14:48:38.011,1.19618,1.19623,3.07,1.57
2015.01.05 14:48:38.819,1.19618,1.19621,1.10,2.10
2015.01.05 14:48:39.324,1.19618,1.19623,2.25,5.47
2015.01.05 14:48:39.627,1.19622,1.19623,1.00,1.10
2015.01.05 14:48:39.779,1.19622,1.19625,1.00,1.10
2015.01.05 14:48:39.880,1.1962,1.19625,1.01,1.42
2015.01.05 14:48:39.931,1.19622,1.19625,1.00,1.42
2015.01.05 14:48:40.638,1.19622,1.19626,1.50,1.10
2015.01.05 14:48:41.142,1.19623,1.19626,1.00,1.10
2015.01.05 14:48:41.747,1.19623,1.19627,1.69,1.10
2015.01.05 14:48:42.256,1.19624,1.19628,1.50,1.12
2015.01.05 14:48:43.481,1.19624,1.19626,1.00,1.00
2015.01.05 14:48:43.986,1.19623,1.19626,1.00,1.00
2015.01.05 14:48:45.106,1.19622,1.19626,1.76,1.00
2015.01.05 14:48:46.291,1.19623,1.19626,1.00,1.00
2015.01.05 14:48:47.907,1.19623,1.19627,1.25,1.00
2015.01.05 14:48:48.483,1.19625,1.19627,1.00,1.00
2015.01.05 14:48:48.988,1.19626,1.19627,1.00,1.00
2015.01.05 14:48:50.354,1.19626,1.19629,1.00,1.50
2015.01.05 14:48:50.658,1.19629,1.19632,2.32,1.00
2015.01.05 14:48:50.709,1.19632,1.19634,1.00,1.00
2015.01.05 14:48:50.962,1.1963,1.19634,1.00,1.00
2015.01.05 14:48:51.013,1.19632,1.19634,1.00,1.00
2015.01.05 14:48:51.114,1.19633,1.19636,1.25,1.00
2015.01.05 14:48:51.619,1.19634,1.19637,1.25,1.10
2015.01.05 14:48:53.070,1.19634,1.19639,1.69,3.41
2015.01.05 14:48:53.575,1.19635,1.19639,1.69,1.12
2015.01.05 14:48:53.828,1.19635,1.19638,1.00,1.87
2015.01.05 14:48:54.337,1.19634,1.19638,1.25,2.47
2015.01.05 14:48:55.102,1.19633,1.19634,1.00,2.10
2015.01.05 14:48:55.617,1.19633,1.19636,1.50,1.50
2015.01.05 14:48:55.920,1.19629,1.19633,1.00,3.22
2015.01.05 14:48:55.971,1.19629,1.19633,1.50,1.67
2015.01.05 14:48:56.072,1.19627,1.19631,1.69,1.35
2015.01.05 14:48:56.274,1.19626,1.1963,1.25,1.67
2015.01.05 14:48:56.779,1.19625,1.1963,1.69,2.25
2015.01.05 14:48:57.284,1.19624,1.19629,1.69,3.00
2015.01.05 14:48:57.739,1.19625,1.19628,2.29,1.50
2015.01.05 14:48:58.360,1.19633,1.19637,1.00,2.62
2015.01.05 14:48:58.966,1.19632,1.19637,1.69,3.37
2015.01.05 14:48:59.117,1.19633,1.19637,1.19,2.55
2015.01.05 14:48:59.320,1.19633,1.19637,4.54,1.50
2015.01.05 14:49:00.104,1.19633,1.19637,1.69,1.87
2015.01.05 14:49:00.608,1.19634,1.19637,1.00,1.50
2015.01.05 14:49:02.777,1.19633,1.19637,1.69,1.87
2015.01.05 14:49:03.282,1.19633,1.19638,1.69,2.62
2015.01.05 14:49:03.939,1.19633,1.19637,1.19,1.75
2015.01.05 14:49:04.091,1.19632,1.19634,1.25,1.50
2015.01.05 14:49:04.243,1.19629,1.19633,1.50,1.10
2015.01.05 14:49:04.293,1.19628,1.19633,2.25,1.75
2015.01.05 14:49:04.548,1.19625,1.19629,1.50,1.12
2015.01.05 14:49:04.751,1.19624,1.19627,1.69,1.12
2015.01.05 14:49:06.579,1.19623,1.19628,2.44,2.25
2015.01.05 14:49:06.882,1.19622,1.19625,1.25,1.12
2015.01.05 14:49:07.387,1.19621,1.19625,1.25,1.87
2015.01.05 14:49:07.892,1.19621,1.19625,2.06,1.00
2015.01.05 14:49:08.196,1.19624,1.19625,1.00,1.00
2015.01.05 14:49:08.348,1.19624,1.19628,1.00,1.50
2015.01.05 14:49:08.500,1.19623,1.19625,1.69,1.00
2015.01.05 14:49:08.703,1.1962,1.19625,1.69,2.62
2015.01.05 14:49:09.572,1.19621,1.19625,1.25,1.10
2015.01.05 14:49:10.077,1.19622,1.19625,1.00,1.10
2015.01.05 14:49:15.787,1.19623,1.19625,1.00,1.00
2015.01.05 14:49:17.641,1.19622,1.19625,1.00,1.10
2015.01.05 14:49:18.145,1.19621,1.19625,1.00,1.10
2015.01.05 14:49:18.549,1.1962,1.19622,1.01,1.00
2015.01.05 14:49:19.053,1.1962,1.19621,1.00,1.00
2015.01.05 14:49:19.255,1.19614,1.19618,1.50,1.00
2015.01.05 14:49:19.356,1.19614,1.19616,1.00,1.00
2015.01.05 14:49:19.558,1.19611,1.19614,1.00,1.00
2015.01.05 14:49:20.062,1.19612,1.19614,1.00,1.00
2015.01.05 14:49:20.945,1.19611,1.19614,1.00,1.00
2015.01.05 14:49:21.703,1.19612,1.19614,1.00,1.00
2015.01.05 14:49:21.855,1.19614,1.19617,1.00,3.67
2015.01.05 14:49:22.009,1.19617,1.19619,1.00,1.95
2015.01.05 14:49:22.974,1.19614,1.19618,1.50,1.57
2015.01.05 14:49:23.075,1.19612,1.19616,1.87,1.00
2015.01.05 14:49:23.580,1.19611,1.19616,2.81,1.00
2015.01.05 14:49:24.389,1.19613,1.19616,1.00,1.00
2015.01.05 14:49:24.692,1.19614,1.19617,1.12,1.00
2015.01.05 14:49:24.743,1.19613,1.19617,1.25,1.00
2015.01.05 14:49:25.248,1.19612,1.19616,2.32,1.00
2015.01.05 14:49:25.702,1.19614,1.19618,1.00,1.57
2015.01.05 14:49:26.212,1.19614,1.19618,1.00,1.87
2015.01.05 14:49:27.557,1.19613,1.19617,1.00,2.25
2015.01.05 14:49:28.589,1.19612,1.19616,1.00,1.57
2015.01.05 14:49:28.995,1.19611,1.19614,1.57,1.00
2015.01.05 14:49:30.410,1.19612,1.19614,1.00,1.00
2015.01.05 14:49:30.915,1.19611,1.19614,1.10,1.00
2015.01.05 14:49:32.810,1.19611,1.19615,1.10,1.50
2015.01.05 14:49:33.384,1.19613,1.19616,1.00,1.12
2015.01.05 14:49:33.890,1.19612,1.19616,1.57,1.00
2015.01.05 14:49:34.647,1.19611,1.19615,1.50,1.12
2015.01.05 14:49:35.712,1.1961,1.19614,1.50,2.32
2015.01.05 14:49:36.169,1.1961,1.19613,1.00,1.12
2015.01.05 14:49:36.423,1.19601,1.19605,1.10,1.00
2015.01.05 14:49:36.929,1.19602,1.19605,1.00,1.50
2015.01.05 14:49:37.081,1.19604,1.19607,1.00,1.75
2015.01.05 14:49:37.385,1.19608,1.19612,1.00,1.50
2015.01.05 14:49:37.638,1.1961,1.19614,1.50,2.44
2015.01.05 14:49:38.145,1.19611,1.19614,1.00,2.25
2015.01.05 14:49:38.500,1.19612,1.19616,1.00,2.44
2015.01.05 14:49:40.101,1.19615,1.19618,1.00,1.50
2015.01.05 14:49:40.152,1.19613,1.19618,1.50,1.50
2015.01.05 14:49:40.719,1.19614,1.19617,1.00,1.12
2015.01.05 14:49:40.820,1.19611,1.19617,2.32,1.87
2015.01.05 14:49:41.023,1.19613,1.19617,1.00,2.85
2015.01.05 14:49:41.910,1.19614,1.19617,1.00,2.25
2015.01.05 14:49:42.365,1.19614,1.19617,1.50,1.00
2015.01.05 14:49:42.675,1.19611,1.19617,4.76,1.10
2015.01.05 14:49:42.929,1.19613,1.19617,1.00,2.62
2015.01.05 14:49:43.441,1.19612,1.19617,1.00,2.62
2015.01.05 14:49:43.795,1.19614,1.19617,1.00,1.10
2015.01.05 14:49:43.946,1.19612,1.19617,1.00,1.10
2015.01.05 14:49:44.452,1.19613,1.19617,1.50,1.57
2015.01.05 14:49:45.203,1.19613,1.19617,1.50,1.12
2015.01.05 14:49:45.759,1.19614,1.19617,1.00,1.12
2015.01.05 14:49:46.219,1.19613,1.19618,1.57,1.57
2015.01.05 14:49:46.731,1.19613,1.19618,1.50,1.87
2015.01.05 14:49:47.085,1.19617,1.19618,1.00,1.00
2015.01.05 14:49:47.186,1.1962,1.19623,1.00,1.10
2015.01.05 14:49:47.288,1.19621,1.19625,1.00,1.57
2015.01.05 14:49:48.077,1.19621,1.19627,1.76,1.72
2015.01.05 14:49:48.286,1.19624,1.19627,1.00,2.25
2015.01.05 14:49:48.388,1.19624,1.19627,1.10,1.00
2015.01.05 14:49:48.641,1.19624,1.19628,1.69,1.00
2015.01.05 14:49:48.792,1.19625,1.1963,1.12,2.25
2015.01.05 14:49:49.299,1.19626,1.19631,1.87,1.50
2015.01.05 14:49:52.794,1.19626,1.1963,1.10,1.00
2015.01.05 14:49:53.299,1.19626,1.19631,1.10,1.50
2015.01.05 14:49:53.907,1.19627,1.19631,1.00,1.00
2015.01.05 14:49:54.009,1.19628,1.19633,1.00,1.57
2015.01.05 14:49:54.517,1.19629,1.19633,1.10,1.50
2015.01.05 14:49:55.227,1.1963,1.19633,1.00,1.50
2015.01.05 14:49:58.174,1.19631,1.19633,1.00,2.25
2015.01.05 14:49:59.090,1.19631,1.19632,1.00,1.00
2015.01.05 14:49:59.597,1.19631,1.19633,1.00,1.50
2015.01.05 14:50:01.036,1.19629,1.19633,1.69,1.00
2015.01.05 14:50:01.491,1.19628,1.19633,1.10,1.76
2015.01.05 14:50:05.385,1.19629,1.19633,1.00,3.56
2015.01.05 14:50:05.688,1.19627,1.19631,2.06,1.10
2015.01.05 14:50:06.194,1.19626,1.19628,1.00,1.00
2015.01.05 14:50:06.345,1.1962,1.19622,1.00,4.16
2015.01.05 14:50:06.446,1.19615,1.19621,3.37,2.06
2015.01.05 14:50:06.598,1.19615,1.19619,2.62,1.76
2015.01.05 14:50:07.413,1.19616,1.19619,1.00,1.57
2015.01.05 14:50:08.438,1.19617,1.19619,2.10,1.57
2015.01.05 14:50:08.642,1.19619,1.19622,1.00,1.00
2015.01.05 14:50:08.995,1.19621,1.19624,1.00,1.00
2015.01.05 14:50:09.298,1.19618,1.19621,1.00,1.00
2015.01.05 14:50:09.551,1.19616,1.1962,1.00,1.00
2015.01.05 14:50:09.860,1.19615,1.19618,1.20,1.00
2015.01.05 14:50:09.961,1.19613,1.19618,1.57,1.57
2015.01.05 14:50:10.063,1.19613,1.19616,1.00,1.00
2015.01.05 14:50:10.607,1.19614,1.19616,1.00,1.00
2015.01.05 14:50:11.113,1.19614,1.19617,1.00,1.57
2015.01.05 14:50:11.633,1.19613,1.19616,1.00,1.00
2015.01.05 14:50:12.626,1.19612,1.19616,1.00,1.00
2015.01.05 14:50:13.320,1.19613,1.19616,1.00,1.00
2015.01.05 14:50:13.644,1.19615,1.19617,1.00,1.00
2015.01.05 14:50:14.149,1.19614,1.19617,1.10,1.00
2015.01.05 14:50:14.678,1.19614,1.19618,1.50,1.00
2015.01.05 14:50:15.234,1.19613,1.19618,3.67,1.50
2015.01.05 14:50:15.890,1.19613,1.19617,1.00,1.00
2015.01.05 14:50:16.244,1.19611,1.19616,3.07,1.50
2015.01.05 14:50:16.699,1.19611,1.19614,2.32,1.00
2015.01.05 14:50:17.915,1.19601,1.19604,1.12,1.10
2015.01.05 14:50:18.220,1.19606,1.19607,1.00,1.10
2015.01.05 14:50:18.322,1.19606,1.19609,1.87,1.00
2015.01.05 14:50:18.524,1.19608,1.19611,1.00,1.10
2015.01.05 14:50:19.029,1.19608,1.19612,1.00,1.00
2015.01.05 14:50:20.393,1.19607,1.19612,1.50,1.57
2015.01.05 14:50:20.695,1.19605,1.1961,5.17,1.00
2015.01.05 14:50:21.051,1.19607,1.19611,1.00,1.00
2015.01.05 14:50:21.555,1.19606,1.19609,1.00,1.00
2015.01.05 14:50:21.960,1.19609,1.19611,1.50,1.00
2015.01.05 14:50:22.112,1.19611,1.19614,1.00,1.00
2015.01.05 14:50:22.448,1.19609,1.19613,2.32,1.00
2015.01.05 14:50:22.953,1.1961,1.19613,1.10,1.00
2015.01.05 14:50:24.064,1.19609,1.19612,1.12,1.00
2015.01.05 14:50:25.840,1.19611,1.19613,1.00,1.50
2015.01.05 14:50:26.396,1.1961,1.19612,1.12,2.66
2015.01.05 14:50:26.447,1.19608,1.19609,1.10,3.00
2015.01.05 14:50:26.549,1.19602,1.19605,1.50,1.00
2015.01.05 14:50:26.802,1.196,1.19604,1.50,1.31
2015.01.05 14:50:27.308,1.19599,1.19603,3.94,1.00
2015.01.05 14:50:27.359,1.19599,1.19603,3.56,1.37
2015.01.05 14:50:27.562,1.19598,1.19602,1.00,1.12
2015.01.05 14:50:27.613,1.19597,1.19602,1.57,1.37
2015.01.05 14:50:27.765,1.19596,1.19601,1.00,1.47
2015.01.05 14:50:27.816,1.19596,1.19601,1.00,1.10
2015.01.05 14:50:27.917,1.19596,1.19601,1.50,1.47
2015.01.05 14:50:28.422,1.19595,1.19599,1.50,1.12
2015.01.05 14:50:28.980,1.19594,1.19599,4.42,1.87
2015.01.05 14:50:30.574,1.19593,1.19595,2.10,1.12
2015.01.05 14:50:30.624,1.19591,1.19595,1.00,1.87
2015.01.05 14:50:30.877,1.19594,1.19596,1.35,1.50
2015.01.05 14:50:30.978,1.19594,1.19598,2.10,1.00
2015.01.05 14:50:34.547,1.19594,1.19598,2.47,1.00
2015.01.05 14:50:35.562,1.19597,1.19599,1.00,1.00
2015.01.05 14:50:35.613,1.19597,1.19601,1.00,1.20
2015.01.05 14:50:36.701,1.19597,1.196,1.00,2.10
2015.01.05 14:50:36.802,1.19593,1.19596,1.87,1.00
2015.01.05 14:50:37.106,1.19592,1.19597,1.50,1.75
2015.01.05 14:50:37.157,1.19593,1.19598,1.00,1.10
2015.01.05 14:50:37.309,1.19595,1.19599,1.00,1.20
2015.01.05 14:50:37.815,1.19595,1.196,3.22,1.00
2015.01.05 14:50:38.017,1.19597,1.19602,1.50,1.10
2015.01.05 14:50:38.068,1.19599,1.19603,1.00,1.12
2015.01.05 14:50:39.093,1.19599,1.19601,1.00,1.00
2015.01.05 14:50:39.194,1.19597,1.19602,1.50,2.70
2015.01.05 14:50:39.699,1.19598,1.19602,1.00,1.57
2015.01.05 14:50:40.730,1.19599,1.19602,1.00,1.10
2015.01.05 14:50:40.983,1.19597,1.19602,2.32,1.00
2015.01.05 14:50:41.186,1.19599,1.19602,1.00,1.37
2015.01.05 14:50:41.691,1.19598,1.19602,1.00,1.00
2015.01.05 14:50:42.196,1.19598,1.19603,1.50,1.57
2015.01.05 14:50:44.690,1.19599,1.19603,1.00,1.10
2015.01.05 14:50:45.448,1.19598,1.19603,1.50,1.10
2015.01.05 14:50:48.113,1.19598,1.196,1.00,1.00
2015.01.05 14:50:48.416,1.19598,1.196,1.00,1.00
2015.01.05 14:50:50.399,1.19592,1.19594,1.00,1.00
2015.01.05 14:50:51.088,1.19587,1.19591,1.67,1.00
2015.01.05 14:50:51.142,1.19586,1.1959,3.19,1.50
2015.01.05 14:50:51.646,1.19586,1.1959,2.81,1.50
2015.01.05 14:50:51.899,1.19589,1.1959,1.00,1.50
2015.01.05 14:50:52.101,1.19586,1.1959,2.81,1.50
2015.01.05 14:50:52.620,1.19588,1.19589,1.00,1.00
2015.01.05 14:50:52.822,1.19591,1.19593,1.50,1.10
2015.01.05 14:50:53.277,1.19589,1.19592,1.00,2.29
2015.01.05 14:50:53.833,1.19589,1.1959,1.00,1.00
2015.01.05 14:50:53.986,1.19585,1.1959,1.87,2.66
2015.01.05 14:50:54.492,1.19585,1.19589,1.00,1.01
2015.01.05 14:50:55.716,1.19581,1.19585,1.69,1.50
2015.01.05 14:50:56.033,1.19575,1.1958,1.10,1.00
2015.01.05 14:50:56.135,1.19572,1.19577,3.41,1.00
2015.01.05 14:50:56.338,1.19577,1.1958,1.12,1.57
2015.01.05 14:50:56.389,1.19578,1.1958,1.12,1.00
2015.01.05 14:50:56.541,1.19578,1.19582,1.50,1.00
2015.01.05 14:50:56.593,1.19578,1.19582,1.50,1.00
2015.01.05 14:50:56.898,1.19573,1.19578,2.81,1.50
2015.01.05 14:50:56.949,1.19573,1.19577,1.69,1.00
2015.01.05 14:50:57.455,1.19573,1.19577,1.76,1.50
2015.01.05 14:50:57.960,1.19573,1.19577,2.06,1.00
2015.01.05 14:50:58.465,1.19572,1.19577,3.56,1.50
2015.01.05 14:50:59.022,1.19574,1.19577,1.00,1.50
2015.01.05 14:50:59.377,1.19571,1.19576,3.19,1.50
2015.01.05 14:50:59.925,1.19573,1.19576,1.10,1.00
2015.01.05 14:51:00.430,1.19571,1.19574,1.50,1.00
2015.01.05 14:51:00.936,1.19571,1.19574,1.20,1.50
2015.01.05 14:51:02.102,1.1957,1.19573,1.25,1.00
2015.01.05 14:51:02.405,1.19566,1.19569,1.10,1.00
2015.01.05 14:51:02.709,1.19569,1.19573,1.00,1.50
2015.01.05 14:51:03.063,1.19569,1.19573,2.25,1.10
2015.01.05 14:51:03.992,1.19569,1.19573,2.25,1.12
2015.01.05 14:51:04.497,1.19569,1.19571,1.00,1.00
2015.01.05 14:51:04.699,1.19567,1.19571,1.50,1.00
2015.01.05 14:51:05.204,1.19565,1.1957,2.06,1.50
2015.01.05 14:51:05.709,1.19566,1.19571,1.10,1.50
2015.01.05 14:51:06.214,1.19566,1.1957,1.10,1.00
2015.01.05 14:51:06.366,1.19564,1.19568,2.62,1.00
2015.01.05 14:51:06.670,1.19563,1.19567,1.00,1.00
2015.01.05 14:51:06.771,1.19566,1.19568,2.10,1.10
2015.01.05 14:51:06.974,1.19565,1.19567,1.00,1.12
2015.01.05 14:51:07.075,1.19563,1.19568,1.50,1.57
2015.01.05 14:51:07.580,1.19564,1.19568,1.57,1.00
2015.01.05 14:51:08.703,1.19563,1.19564,1.00,1.10
2015.01.05 14:51:08.754,1.1956,1.19563,1.00,1.00
2015.01.05 14:51:09.007,1.19558,1.19561,2.25,1.00
2015.01.05 14:51:09.159,1.19557,1.1956,2.10,1.00
2015.01.05 14:51:09.665,1.19557,1.19561,2.29,1.10
2015.01.05 14:51:10.271,1.19558,1.19561,1.00,1.00
2015.01.05 14:51:10.878,1.19557,1.1956,2.51,1.00
2015.01.05 14:51:10.979,1.19557,1.19561,1.76,1.00
2015.01.05 14:51:11.182,1.19557,1.19559,1.25,1.00
2015.01.05 14:51:11.687,1.19556,1.19559,1.92,1.50
2015.01.05 14:51:12.242,1.19556,1.19558,1.87,1.00
2015.01.05 14:51:12.764,1.19555,1.19557,2.36,1.00
2015.01.05 14:51:13.522,1.19555,1.19558,2.36,1.00
2015.01.05 14:51:15.190,1.19558,1.19559,1.00,1.00
2015.01.05 14:51:15.594,1.19558,1.19561,1.01,1.00
2015.01.05 14:51:16.101,1.19559,1.19561,2.17,1.00
2015.01.05 14:51:16.683,1.19564,1.19567,2.85,2.62
2015.01.05 14:51:16.885,1.19565,1.19568,1.00,1.00
2015.01.05 14:51:17.087,1.19566,1.19571,1.00,1.87
2015.01.05 14:51:17.189,1.19567,1.19573,2.25,1.31
2015.01.05 14:51:17.492,1.19569,1.19571,1.00,1.57
2015.01.05 14:51:17.796,1.19571,1.19574,1.00,2.44
2015.01.05 14:51:18.049,1.19569,1.19574,1.00,1.10
2015.01.05 14:51:18.251,1.19567,1.19573,1.57,1.10
2015.01.05 14:51:18.403,1.19567,1.19573,2.25,1.00
2015.01.05 14:51:19.031,1.1957,1.19573,1.00,1.00
2015.01.05 14:51:19.537,1.19571,1.19574,1.00,1.00
2015.01.05 14:51:19.840,1.19571,1.19576,1.00,2.89
2015.01.05 14:51:19.941,1.19573,1.19576,1.00,1.57
2015.01.05 14:51:20.144,1.19574,1.19579,1.76,1.87
2015.01.05 14:51:20.195,1.19576,1.19579,1.00,1.37
2015.01.05 14:51:21.273,1.19577,1.19579,1.00,1.00
2015.01.05 14:51:21.325,1.19581,1.19587,1.00,1.69
2015.01.05 14:51:21.678,1.19583,1.19588,1.50,2.44
2015.01.05 14:51:22.183,1.19584,1.19588,1.00,3.60
2015.01.05 14:51:22.487,1.1958,1.19584,1.00,2.06
2015.01.05 14:51:22.993,1.1958,1.19585,1.00,1.57
2015.01.05 14:51:23.145,1.1958,1.19583,1.00,1.50
2015.01.05 14:51:23.449,1.19576,1.19579,1.00,2.10
2015.01.05 14:51:23.652,1.19573,1.19578,1.10,2.06
2015.01.05 14:51:23.803,1.19571,1.19577,1.00,2.29
2015.01.05 14:51:24.006,1.19569,1.19575,1.50,1.12
2015.01.05 14:51:24.107,1.19567,1.19573,2.32,1.10
2015.01.05 14:51:24.360,1.19567,1.19573,1.70,1.10
2015.01.05 14:51:24.663,1.19567,1.19573,2.32,1.10
2015.01.05 14:51:25.371,1.19567,1.19573,3.37,1.37
2015.01.05 14:51:25.422,1.1957,1.19573,1.00,1.37
2015.01.05 14:51:25.624,1.19571,1.19574,1.00,1.12
2015.01.05 14:51:26.129,1.19571,1.19575,1.00,1.12
2015.01.05 14:51:26.433,1.19571,1.19575,1.00,1.87
2015.01.05 14:51:26.938,1.19571,1.19576,1.00,3.19
2015.01.05 14:51:27.494,1.19571,1.19576,1.50,2.44
2015.01.05 14:51:27.848,1.19573,1.19577,1.00,2.44
2015.01.05 14:51:27.949,1.19574,1.19577,1.00,1.31
2015.01.05 14:51:28.455,1.19575,1.19578,1.00,2.06
2015.01.05 14:51:29.199,1.19573,1.19578,3.60,1.87
2015.01.05 14:51:29.250,1.19575,1.19578,1.00,1.12
2015.01.05 14:51:29.554,1.19577,1.19581,1.00,1.50
2015.01.05 14:51:29.908,1.19577,1.19583,1.00,2.85
2015.01.05 14:51:30.363,1.19574,1.19579,1.50,1.57
2015.01.05 14:51:30.464,1.19576,1.19579,1.00,1.10
2015.01.05 14:51:30.919,1.19578,1.19582,1.00,1.67
2015.01.05 14:51:31.388,1.19577,1.19578,1.00,1.69
2015.01.05 14:51:31.489,1.19574,1.19578,2.25,1.31
2015.01.05 14:51:31.994,1.19573,1.19577,1.50,1.10
2015.01.05 14:51:32.247,1.19575,1.19579,2.85,1.50
2015.01.05 14:51:32.348,1.19576,1.19581,1.50,1.12
2015.01.05 14:51:32.449,1.19578,1.19582,1.00,1.12
2015.01.05 14:51:32.752,1.1958,1.19584,1.00,1.31
2015.01.05 14:51:33.847,1.19576,1.19582,2.32,1.10
2015.01.05 14:51:33.999,1.19578,1.19582,1.00,1.10
2015.01.05 14:51:34.302,1.19577,1.19579,1.00,1.00
2015.01.05 14:51:34.454,1.19574,1.19578,1.00,1.54
2015.01.05 14:51:34.959,1.19575,1.19579,1.00,1.61
2015.01.05 14:51:35.414,1.19573,1.19577,1.10,1.00
2015.01.05 14:51:35.869,1.19571,1.19576,1.10,1.50
2015.01.05 14:51:35.970,1.19569,1.19574,1.31,1.00
2015.01.05 14:51:36.475,1.19569,1.19574,1.01,1.00
2015.01.05 14:51:36.779,1.19572,1.19576,1.00,2.44
2015.01.05 14:51:36.981,1.19568,1.19571,1.57,1.00
2015.01.05 14:51:37.334,1.19566,1.19572,4.42,1.01
2015.01.05 14:51:37.385,1.19569,1.19572,1.00,1.01
2015.01.05 14:51:38.149,1.19569,1.19573,1.00,1.10
2015.01.05 14:51:39.689,1.19568,1.1957,1.00,1.00
2015.01.05 14:51:39.841,1.1956,1.19563,1.00,1.00
2015.01.05 14:51:39.942,1.19565,1.19566,1.00,1.10
2015.01.05 14:51:39.993,1.19565,1.1957,1.00,2.25
2015.01.05 14:51:40.044,1.19567,1.19571,1.50,1.10
2015.01.05 14:51:40.145,1.1957,1.19573,1.00,1.10
2015.01.05 14:51:40.651,1.1957,1.19575,1.00,2.81
2015.01.05 14:51:41.732,1.19569,1.19575,1.00,1.87
2015.01.05 14:51:42.086,1.19569,1.19571,1.00,3.00
2015.01.05 14:51:42.389,1.19558,1.19561,1.00,1.31
2015.01.05 14:51:42.693,1.19571,1.19575,1.00,4.00
2015.01.05 14:51:42.795,1.19572,1.19577,2.44,1.00
2015.01.05 14:51:43.048,1.19571,1.19575,2.44,1.00
2015.01.05 14:51:43.351,1.19569,1.19574,2.62,1.00
2015.01.05 14:51:43.890,1.19569,1.19573,1.57,1.00
2015.01.05 14:51:44.395,1.19569,1.19574,2.32,1.00
2015.01.05 14:51:45.267,1.19569,1.19574,5.17,1.00
2015.01.05 14:51:46.384,1.19566,1.19569,1.62,1.00
2015.01.05 14:51:46.435,1.19563,1.19568,5.44,1.00
2015.01.05 14:51:46.537,1.19563,1.19568,4.01,1.00
2015.01.05 14:51:47.043,1.19564,1.19568,2.25,1.00
2015.01.05 14:51:47.296,1.19562,1.19567,3.82,1.25
2015.01.05 14:51:47.957,1.19563,1.19568,1.00,2.32
2015.01.05 14:51:48.059,1.19562,1.19564,1.10,2.85
2015.01.05 14:51:48.211,1.19557,1.19563,1.12,4.54
2015.01.05 14:51:48.261,1.19556,1.19562,3.56,1.19
2015.01.05 14:51:48.565,1.19555,1.19561,6.41,1.19
2015.01.05 14:51:48.666,1.19556,1.19561,1.50,1.25
2015.01.05 14:51:49.171,1.19555,1.19561,4.69,1.01
2015.01.05 14:51:49.575,1.19555,1.19559,1.31,1.00
2015.01.05 14:51:50.263,1.19556,1.19559,1.12,1.69
2015.01.05 14:51:50.768,1.19554,1.19559,2.25,1.87
2015.01.05 14:51:51.273,1.19553,1.19555,1.42,1.50
2015.01.05 14:51:51.374,1.19551,1.19554,1.12,2.10
2015.01.05 14:51:51.476,1.19548,1.19552,1.87,1.00
2015.01.05 14:51:51.577,1.19547,1.19551,1.37,2.85
2015.01.05 14:51:51.831,1.19546,1.19551,2.25,2.92
2015.01.05 14:51:51.881,1.19546,1.19551,2.25,3.11
2015.01.05 14:51:52.034,1.19542,1.19546,1.50,1.00
2015.01.05 14:51:52.135,1.19542,1.19543,1.00,1.00
2015.01.05 14:51:52.185,1.1954,1.19543,1.10,1.25
2015.01.05 14:51:52.287,1.19538,1.19543,1.87,1.19
2015.01.05 14:51:52.691,1.19537,1.19542,1.10,1.31
2015.01.05 14:51:52.894,1.19536,1.19539,1.10,1.00
2015.01.05 14:51:53.400,1.19537,1.1954,1.00,1.00
2015.01.05 14:51:53.451,1.19537,1.19542,1.00,2.81
2015.01.05 14:51:53.501,1.19536,1.1954,1.10,1.00
2015.01.05 14:51:53.653,1.19537,1.19542,1.00,2.06
2015.01.05 14:51:53.805,1.19536,1.19539,1.10,1.00
2015.01.05 14:51:53.907,1.19536,1.19541,1.10,1.00
2015.01.05 14:51:54.487,1.19517,1.19521,1.87,1.00
2015.01.05 14:51:54.892,1.19516,1.1952,1.57,1.12
2015.01.05 14:51:55.095,1.19516,1.19517,1.10,2.85
2015.01.05 14:51:55.146,1.19512,1.19515,1.50,1.12
2015.01.05 14:51:55.248,1.19515,1.19518,1.00,2.62
2015.01.05 14:51:55.603,1.19515,1.19519,1.76,1.12
2015.01.05 14:51:56.110,1.19516,1.1952,1.50,1.47
2015.01.05 14:51:56.463,1.19517,1.19522,1.19,3.60
2015.01.05 14:51:56.665,1.1952,1.19525,1.69,2.32
2015.01.05 14:51:57.186,1.1952,1.19525,1.50,4.61
2015.01.05 14:51:57.338,1.19523,1.19525,1.00,4.61
2015.01.05 14:51:57.641,1.19526,1.19529,1.00,1.20
2015.01.05 14:51:57.691,1.19528,1.1953,1.00,1.10
2015.01.05 14:51:57.894,1.19531,1.19535,1.50,1.10
2015.01.05 14:51:57.995,1.19533,1.19537,1.69,1.47
2015.01.05 14:51:59.275,1.19537,1.19542,3.86,1.37
2015.01.05 14:51:59.326,1.19539,1.19543,1.10,1.00
2015.01.05 14:51:59.427,1.19541,1.19545,1.00,2.32
2015.01.05 14:51:59.731,1.19553,1.19554,1.00,1.50
2015.01.05 14:51:59.832,1.19555,1.19558,1.00,1.00
2015.01.05 14:51:59.933,1.19556,1.1956,1.25,1.00
2015.01.05 14:52:00.236,1.19554,1.19561,2.51,3.97
2015.01.05 14:52:00.741,1.19554,1.19559,1.00,1.10
2015.01.05 14:52:01.246,1.19553,1.19559,1.00,1.87
2015.01.05 14:52:01.500,1.19552,1.19558,1.00,1.50
2015.01.05 14:52:01.803,1.19549,1.19556,2.81,1.10
2015.01.05 14:52:02.005,1.19549,1.19554,2.47,1.00
2015.01.05 14:52:02.308,1.19547,1.19551,1.31,1.00
2015.01.05 14:52:02.612,1.19539,1.19545,2.32,1.10
2015.01.05 14:52:02.956,1.19535,1.1954,1.00,1.10
2015.01.05 14:52:03.462,1.19536,1.1954,1.00,1.10
2015.01.05 14:52:03.966,1.19535,1.19539,1.00,1.10
2015.01.05 14:52:04.118,1.19532,1.19538,2.06,1.00
2015.01.05 14:52:04.219,1.19531,1.19536,1.50,1.00
2015.01.05 14:52:04.270,1.19531,1.19536,1.00,1.10
2015.01.05 14:52:04.371,1.19531,1.19533,1.00,1.50
2015.01.05 14:52:04.473,1.19527,1.19532,1.50,2.25
2015.01.05 14:52:04.524,1.19525,1.19531,1.87,1.00
2015.01.05 14:52:04.928,1.1953,1.19532,1.00,1.42
2015.01.05 14:52:05.080,1.1953,1.19535,1.50,2.25
2015.01.05 14:52:05.181,1.1953,1.19535,1.50,1.87
2015.01.05 14:52:05.686,1.1953,1.19535,1.54,1.10
2015.01.05 14:52:05.888,1.19533,1.19535,1.00,1.10
2015.01.05 14:52:06.090,1.19533,1.19537,1.00,1.00
2015.01.05 14:52:06.242,1.19536,1.19541,1.00,3.75
2015.01.05 14:52:06.393,1.19538,1.19541,1.00,1.57
2015.01.05 14:52:07.343,1.19536,1.19541,3.60,1.00
2015.01.05 14:52:07.754,1.19536,1.19539,1.50,1.00
2015.01.05 14:52:08.006,1.19534,1.19539,1.10,1.50
2015.01.05 14:52:08.662,1.19537,1.1954,1.00,1.10
2015.01.05 14:52:09.117,1.19535,1.1954,1.25,1.00
2015.01.05 14:52:09.622,1.19534,1.19539,2.36,1.00
2015.01.05 14:52:10.127,1.19534,1.19539,1.76,1.00
2015.01.05 14:52:11.705,1.19535,1.19541,1.00,2.47
2015.01.05 14:52:11.861,1.19538,1.1954,1.00,1.10
2015.01.05 14:52:12.013,1.19536,1.1954,1.00,1.00
2015.01.05 14:52:12.520,1.19537,1.19541,1.00,1.12
2015.01.05 14:52:12.571,1.19538,1.19542,1.00,1.95
2015.01.05 14:52:12.773,1.1954,1.19545,1.00,4.31
2015.01.05 14:52:13.329,1.19539,1.19543,3.79,1.00
2015.01.05 14:52:13.598,1.19538,1.19543,1.01,1.87
2015.01.05 14:52:13.649,1.19537,1.19541,1.12,1.00
2015.01.05 14:52:13.901,1.19536,1.19541,2.25,1.10
2015.01.05 14:52:13.952,1.19538,1.19542,1.00,1.87
2015.01.05 14:52:14.458,1.19538,1.19543,1.00,1.12
2015.01.05 14:52:14.963,1.19538,1.19543,1.35,1.00
2015.01.05 14:52:15.266,1.19541,1.19545,1.00,1.12
2015.01.05 14:52:15.954,1.19542,1.19546,1.00,1.12
2015.01.05 14:52:16.461,1.19544,1.19546,1.00,1.12
2015.01.05 14:52:17.067,1.19544,1.19547,1.00,2.44
2015.01.05 14:52:17.572,1.19543,1.19547,1.00,3.19
2015.01.05 14:52:17.925,1.19541,1.19546,1.00,1.95
2015.01.05 14:52:18.228,1.19541,1.19544,1.00,3.60
2015.01.05 14:52:18.279,1.19538,1.19543,2.32,1.35
2015.01.05 14:52:18.481,1.1954,1.19545,1.00,1.37
2015.01.05 14:52:19.087,1.19538,1.19543,1.35,1.10
2015.01.05 14:52:19.723,1.19536,1.19542,3.79,1.95
2015.01.05 14:52:20.077,1.19538,1.19543,1.00,3.00
2015.01.05 14:52:20.584,1.19538,1.19543,2.85,1.00
2015.01.05 14:52:21.291,1.19538,1.19543,3.79,1.00
2015.01.05 14:52:21.807,1.19538,1.19543,3.79,1.00
2015.01.05 14:52:24.219,1.1954,1.19545,1.00,1.57
2015.01.05 14:52:25.829,1.1954,1.19543,1.00,1.00
2015.01.05 14:52:26.086,1.19538,1.19543,1.76,1.00
2015.01.05 14:52:27.461,1.19539,1.19543,1.00,1.00
2015.01.05 14:52:27.965,1.19538,1.19543,1.50,1.00
2015.01.05 14:52:29.123,1.19539,1.19543,1.00,1.00
2015.01.05 14:52:29.764,1.19538,1.19542,1.00,1.00
2015.01.05 14:52:30.282,1.19537,1.19542,2.51,1.00
2015.01.05 14:52:30.787,1.19538,1.19542,1.00,1.00
2015.01.05 14:52:31.291,1.19537,1.19542,1.76,1.00
2015.01.05 14:52:32.167,1.19537,1.1954,1.25,1.00
2015.01.05 14:52:32.269,1.19534,1.19538,1.57,1.00
2015.01.05 14:52:32.371,1.19534,1.19536,1.00,1.00
2015.01.05 14:52:32.523,1.19527,1.19531,1.87,1.00
2015.01.05 14:52:32.624,1.19525,1.19529,1.00,1.00
2015.01.05 14:52:33.130,1.19525,1.19528,1.10,1.00
2015.01.05 14:52:33.635,1.19523,1.19526,1.12,1.00
2015.01.05 14:52:34.172,1.19523,1.19526,1.00,1.00
2015.01.05 14:52:35.029,1.19522,1.19525,3.67,1.00
2015.01.05 14:52:35.534,1.19521,1.19524,1.01,1.00
2015.01.05 14:52:37.475,1.19519,1.19524,1.76,1.00
2015.01.05 14:52:38.082,1.19519,1.19524,2.06,1.00
2015.01.05 14:52:38.587,1.19519,1.19524,1.69,1.00
2015.01.05 14:52:38.739,1.19518,1.19523,1.87,1.00
2015.01.05 14:52:38.992,1.19517,1.19523,1.10,1.50
2015.01.05 14:52:39.194,1.19518,1.19523,1.12,1.00
2015.01.05 14:52:39.700,1.19518,1.19523,3.22,1.00
2015.01.05 14:52:40.458,1.19517,1.19519,1.12,1.00
2015.01.05 14:52:40.560,1.19514,1.19518,1.67,1.50
2015.01.05 14:52:40.711,1.19512,1.19517,1.12,1.00
2015.01.05 14:52:41.417,1.19512,1.19517,1.01,1.00
2015.01.05 14:52:42.637,1.19512,1.19514,1.10,1.00
2015.01.05 14:52:42.942,1.19507,1.19509,3.37,1.00
2015.01.05 14:52:43.044,1.19503,1.19508,1.87,1.50
2015.01.05 14:52:43.146,1.19503,1.19505,1.00,1.00
2015.01.05 14:52:43.196,1.195,1.19503,1.31,1.00
2015.01.05 14:52:43.298,1.19499,1.19502,1.30,1.00
2015.01.05 14:52:43.348,1.19499,1.19502,1.00,1.00
2015.01.05 14:52:43.500,1.19499,1.19503,2.25,1.00
2015.01.05 14:52:43.904,1.19499,1.19503,1.57,1.00
2015.01.05 14:52:44.709,1.195,1.19505,2.29,1.01
2015.01.05 14:52:45.013,1.195,1.19505,1.69,3.19
2015.01.05 14:52:45.417,1.19499,1.19501,1.00,1.00
2015.01.05 14:52:45.570,1.19494,1.19498,4.16,1.00
2015.01.05 14:52:45.975,1.19492,1.19494,1.10,1.12
2015.01.05 14:52:46.076,1.19481,1.19484,1.50,1.00
2015.01.05 14:52:46.128,1.19481,1.19483,2.17,1.00
2015.01.05 14:52:46.230,1.19481,1.19483,1.00,1.50
2015.01.05 14:52:46.281,1.19478,1.19483,2.92,1.87
2015.01.05 14:52:46.331,1.19478,1.19483,3.60,2.06
2015.01.05 14:52:46.635,1.19478,1.19481,1.50,1.00
2015.01.05 14:52:46.686,1.19478,1.19481,1.12,1.00
2015.01.05 14:52:47.191,1.19477,1.19481,2.62,1.00
2015.01.05 14:52:47.242,1.19479,1.19484,1.00,1.10
2015.01.05 14:52:47.395,1.19481,1.19485,1.00,1.10
2015.01.05 14:52:47.700,1.19493,1.19497,1.25,1.50
2015.01.05 14:52:48.004,1.19494,1.19499,1.19,1.47
2015.01.05 14:52:48.258,1.19494,1.19499,1.19,1.00
2015.01.05 14:52:49.459,1.19496,1.19499,1.00,1.10
2015.01.05 14:52:49.510,1.19516,1.1952,1.42,1.10
2015.01.05 14:52:49.813,1.19514,1.1952,2.62,1.50
2015.01.05 14:52:49.914,1.19513,1.19518,2.81,1.00
2015.01.05 14:52:50.218,1.19514,1.1952,2.14,1.57
2015.01.05 14:52:50.723,1.19515,1.19521,4.05,1.50
2015.01.05 14:52:50.976,1.19515,1.1952,1.50,3.04
2015.01.05 14:52:51.077,1.19513,1.19518,1.69,1.00
2015.01.05 14:52:51.582,1.19512,1.19519,2.14,1.57
2015.01.05 14:52:51.684,1.19512,1.19517,2.14,1.00
2015.01.05 14:52:51.987,1.19506,1.19512,2.62,1.25
2015.01.05 14:52:52.038,1.19506,1.19512,1.95,1.69
2015.01.05 14:52:52.594,1.19506,1.19512,2.44,1.00
2015.01.05 14:52:53.136,1.19506,1.19511,1.39,1.00
2015.01.05 14:52:53.493,1.19506,1.19509,1.10,1.00
2015.01.05 14:52:53.797,1.19498,1.19504,1.50,1.50
2015.01.05 14:52:53.949,1.19498,1.19502,1.00,2.10
2015.01.05 14:52:54.050,1.19496,1.19501,1.20,1.00
2015.01.05 14:52:54.404,1.19496,1.19499,1.12,1.00
2015.01.05 14:52:54.960,1.19496,1.195,1.00,1.10
2015.01.05 14:52:55.465,1.19496,1.19499,1.00,1.00
2015.01.05 14:52:56.006,1.19495,1.19499,1.12,1.00
2015.01.05 14:52:56.533,1.19495,1.195,1.12,1.57
2015.01.05 14:52:56.838,1.19497,1.19503,1.00,3.94
2015.01.05 14:52:56.889,1.19497,1.19503,1.00,3.56
2015.01.05 14:52:57.516,1.19494,1.19499,2.06,1.10
2015.01.05 14:52:58.032,1.19497,1.19499,1.00,1.10
2015.01.05 14:52:58.336,1.19498,1.19502,1.00,1.31
2015.01.05 14:52:58.588,1.195,1.19503,1.00,1.57
2015.01.05 14:52:58.892,1.19501,1.19505,2.06,1.12
2015.01.05 14:52:59.043,1.19505,1.19507,1.00,3.67
2015.01.05 14:52:59.094,1.19508,1.19512,1.00,1.50
2015.01.05 14:52:59.448,1.19509,1.19515,2.44,1.12
2015.01.05 14:52:59.600,1.19511,1.19515,1.00,1.10
2015.01.05 14:53:00.105,1.1951,1.19516,1.10,1.00
2015.01.05 14:53:00.609,1.19511,1.19515,1.00,1.00
2015.01.05 14:53:00.932,1.19515,1.19517,1.00,1.00
2015.01.05 14:53:01.085,1.19517,1.19523,1.50,1.87
2015.01.05 14:53:02.162,1.1952,1.19527,1.00,5.87
2015.01.05 14:53:02.214,1.19527,1.19533,2.10,1.00
2015.01.05 14:53:02.417,1.19529,1.19534,1.00,1.00
2015.01.05 14:53:02.720,1.19533,1.19536,1.00,1.57
2015.01.05 14:53:02.771,1.1953,1.19536,1.31,1.57
2015.01.05 14:53:03.024,1.19529,1.19534,2.47,1.00
2015.01.05 14:53:03.277,1.19528,1.19534,1.57,2.25
2015.01.05 14:53:03.782,1.19529,1.19534,2.10,1.57
2015.01.05 14:53:03.934,1.19531,1.19536,1.00,1.87
2015.01.05 14:53:04.439,1.19528,1.19535,1.37,3.19
2015.01.05 14:53:04.490,1.19528,1.19535,1.10,3.26
2015.01.05 14:53:04.541,1.19527,1.19533,2.62,1.50
2015.01.05 14:53:05.046,1.19526,1.19531,1.12,1.50
2015.01.05 14:53:05.248,1.19524,1.19531,1.12,2.25
2015.01.05 14:53:05.349,1.19523,1.19529,3.41,1.00
2015.01.05 14:53:05.653,1.1952,1.19526,3.04,1.00
2015.01.05 14:53:06.008,1.19522,1.19528,1.12,1.50
2015.01.05 14:53:07.232,1.19522,1.19528,1.10,1.00
2015.01.05 14:53:07.740,1.19522,1.19529,2.32,3.07
2015.01.05 14:53:08.245,1.19522,1.19528,1.57,1.50
2015.01.05 14:53:08.750,1.19523,1.19528,1.00,1.00
2015.01.05 14:53:09.254,1.19522,1.19528,1.57,1.00
2015.01.05 14:53:09.356,1.19522,1.19525,2.32,2.10
2015.01.05 14:53:09.659,1.19519,1.19523,1.00,1.19
2015.01.05 14:53:10.260,1.19521,1.19522,1.00,2.85
2015.01.05 14:53:10.311,1.19523,1.19528,1.00,1.12
2015.01.05 14:53:10.817,1.19522,1.19527,2.25,2.10
2015.01.05 14:53:11.120,1.19524,1.19527,1.00,1.12
2015.01.05 14:53:11.424,1.19527,1.19528,1.00,1.10
2015.01.05 14:53:11.627,1.19527,1.19531,1.00,1.12
2015.01.05 14:53:12.132,1.19527,1.19531,1.00,1.00
2015.01.05 14:53:12.845,1.19526,1.1953,1.50,1.00
2015.01.05 14:53:12.896,1.19525,1.19527,1.10,1.00
2015.01.05 14:53:13.049,1.19523,1.19527,1.00,1.00
2015.01.05 14:53:13.301,1.19523,1.1953,1.57,2.81
2015.01.05 14:53:13.655,1.19525,1.1953,1.00,1.12
2015.01.05 14:53:16.271,1.19525,1.1953,1.00,1.57
2015.01.05 14:53:16.791,1.19525,1.19531,1.00,3.07
2015.01.05 14:53:17.246,1.19524,1.19529,3.67,1.00
2015.01.05 14:53:17.549,1.1952,1.19526,1.37,1.50
2015.01.05 14:53:17.852,1.19522,1.19527,1.37,1.00
2015.01.05 14:53:18.004,1.19524,1.19529,1.72,1.10
2015.01.05 14:53:18.155,1.19526,1.19531,1.00,1.00
2015.01.05 14:53:18.257,1.19526,1.19529,1.00,1.00
2015.01.05 14:53:18.560,1.19521,1.19523,1.00,1.00
2015.01.05 14:53:18.610,1.19519,1.19523,1.00,1.00
2015.01.05 14:53:18.661,1.19518,1.19522,1.37,3.94
2015.01.05 14:53:18.813,1.19514,1.19519,1.00,1.25
2015.01.05 14:53:19.352,1.19513,1.19519,1.72,2.44
2015.01.05 14:53:19.857,1.19513,1.19519,2.06,1.69
2015.01.05 14:53:20.363,1.19513,1.19519,1.76,1.76
2015.01.05 14:53:20.868,1.19513,1.19519,1.10,2.51
2015.01.05 14:53:21.222,1.19515,1.19519,2.10,1.57
2015.01.05 14:53:21.526,1.19517,1.1952,1.10,1.00
2015.01.05 14:53:21.779,1.19515,1.19519,1.10,1.50
2015.01.05 14:53:23.524,1.19518,1.19519,1.00,1.50
2015.01.05 14:53:23.676,1.19519,1.19524,1.00,2.25
2015.01.05 14:53:23.727,1.19519,1.19524,1.00,1.50
2015.01.05 14:53:24.231,1.1952,1.19525,1.00,1.00
2015.01.05 14:53:24.751,1.1952,1.19526,2.25,1.50
2015.01.05 14:53:25.105,1.19522,1.19526,1.00,1.00
2015.01.05 14:53:25.660,1.19523,1.19526,1.00,1.00
2015.01.05 14:53:27.526,1.19526,1.19531,1.50,1.57
2015.01.05 14:53:28.132,1.19528,1.19532,1.00,2.06
2015.01.05 14:53:28.284,1.19534,1.19538,1.00,1.57
2015.01.05 14:53:28.436,1.19536,1.19539,1.00,1.00
2015.01.05 14:53:28.487,1.19537,1.19542,1.00,1.12
2015.01.05 14:53:28.588,1.19538,1.19543,1.50,1.50
2015.01.05 14:53:29.094,1.19539,1.19543,1.50,1.10
2015.01.05 14:53:29.347,1.19537,1.19542,1.00,2.92
2015.01.05 14:53:29.853,1.19537,1.19541,1.00,1.10
2015.01.05 14:53:29.904,1.19534,1.19537,3.82,1.00
2015.01.05 14:53:30.056,1.19529,1.19533,1.00,2.85
2015.01.05 14:53:30.412,1.19533,1.19535,1.00,1.05
2015.01.05 14:53:30.567,1.19534,1.19538,1.00,1.50
2015.01.05 14:53:31.259,1.19533,1.19537,1.30,1.00
2015.01.05 14:53:31.714,1.19533,1.19539,1.50,3.26
2015.01.05 14:53:32.017,1.19534,1.19539,2.10,1.00
2015.01.05 14:53:32.219,1.19539,1.19545,2.06,1.12
2015.01.05 14:53:32.270,1.19541,1.19545,1.37,1.12
2015.01.05 14:53:32.775,1.19542,1.19545,1.00,1.10
2015.01.05 14:53:33.583,1.19541,1.19545,2.25,1.10
2015.01.05 14:53:33.937,1.19543,1.19545,1.00,1.10
2015.01.05 14:53:34.240,1.19547,1.19549,1.00,1.00
2015.01.05 14:53:34.292,1.19547,1.19551,1.50,1.00
2015.01.05 14:53:34.698,1.19549,1.19551,1.00,1.00
2015.01.05 14:53:35.326,1.1955,1.19552,1.10,1.00
2015.01.05 14:53:35.630,1.19552,1.19554,1.00,1.00
2015.01.05 14:53:35.984,1.19552,1.19556,1.50,1.69
2015.01.05 14:53:36.136,1.19554,1.19557,1.00,1.57
2015.01.05 14:53:36.288,1.19554,1.19559,1.50,1.76
2015.01.05 14:53:36.743,1.19552,1.19557,2.32,1.00
2015.01.05 14:53:37.249,1.19549,1.19556,1.12,1.50
2015.01.05 14:53:37.300,1.19548,1.19554,3.97,1.50
2015.01.05 14:53:37.603,1.19545,1.19551,3.60,1.00
2015.01.05 14:53:37.907,1.19545,1.19551,1.57,1.00
2015.01.05 14:53:38.008,1.19545,1.19549,1.10,1.00
2015.01.05 14:53:38.160,1.19544,1.19551,1.10,2.51
2015.01.05 14:53:38.413,1.19543,1.19549,5.47,1.00
2015.01.05 14:53:38.717,1.19539,1.19545,1.20,1.10
2015.01.05 14:53:38.768,1.19539,1.19545,1.47,1.10
2015.01.05 14:53:39.983,1.19544,1.19547,2.25,3.04
2015.01.05 14:53:40.035,1.19546,1.1955,2.55,1.50
2015.01.05 14:53:40.338,1.19546,1.19552,4.91,1.50
2015.01.05 14:53:41.046,1.19547,1.19553,1.72,1.50
2015.01.05 14:53:41.551,1.1955,1.19554,1.00,1.00
2015.01.05 14:53:42.057,1.19551,1.19554,1.00,1.00
2015.01.05 14:53:42.158,1.19551,1.19556,1.00,1.50
2015.01.05 14:53:42.613,1.19549,1.19554,1.12,1.00
2015.01.05 14:53:42.765,1.19547,1.19554,1.87,1.00
2015.01.05 14:53:43.378,1.19547,1.1955,1.80,1.00
2015.01.05 14:53:43.697,1.19549,1.19553,1.00,1.00
2015.01.05 14:53:43.748,1.19549,1.19555,1.12,1.69
2015.01.05 14:53:44.153,1.19551,1.19557,1.10,2.44
2015.01.05 14:53:45.568,1.19552,1.19557,1.00,2.25
2015.01.05 14:53:46.073,1.19551,1.19557,2.70,1.00
2015.01.05 14:53:46.528,1.19551,1.19555,1.10,1.00
2015.01.05 14:53:47.032,1.19549,1.19555,2.81,1.50
2015.01.05 14:53:47.824,1.19549,1.19554,1.87,1.00
2015.01.05 14:53:48.330,1.19548,1.19554,1.31,2.25
2015.01.05 14:53:48.835,1.19547,1.19553,3.94,1.00
2015.01.05 14:53:49.340,1.19547,1.19552,1.31,1.00
2015.01.05 14:53:49.644,1.19544,1.19545,1.00,1.00
2015.01.05 14:53:49.694,1.19539,1.19544,1.12,2.10
2015.01.05 14:53:49.745,1.19539,1.19543,1.12,1.50
2015.01.05 14:53:49.847,1.19536,1.19543,1.57,4.61
2015.01.05 14:53:49.897,1.19536,1.19542,1.00,1.12
2015.01.05 14:53:50.453,1.19536,1.19543,2.32,4.91
2015.01.05 14:53:51.009,1.19536,1.19541,1.10,1.35
2015.01.05 14:53:52.447,1.19538,1.19542,1.00,1.57
2015.01.05 14:53:52.957,1.19538,1.19543,1.00,1.57
2015.01.05 14:53:53.310,1.19539,1.19544,1.87,2.06
2015.01.05 14:53:53.563,1.19543,1.19547,2.10,1.57
2015.01.05 14:53:53.664,1.19545,1.19547,2.85,1.50
2015.01.05 14:53:53.816,1.1955,1.19553,1.00,1.10
2015.01.05 14:53:54.321,1.19552,1.19554,1.00,1.00
2015.01.05 14:53:54.574,1.19555,1.19558,1.00,1.10
2015.01.05 14:53:54.675,1.19556,1.19561,1.00,1.57
2015.01.05 14:53:54.878,1.19556,1.19562,4.91,1.50
2015.01.05 14:53:55.130,1.19556,1.19562,1.57,1.50
2015.01.05 14:53:55.635,1.19556,1.19561,1.50,1.01
2015.01.05 14:53:56.910,1.19557,1.19561,1.00,1.00
2015.01.05 14:53:57.062,1.19558,1.19562,2.25,3.60
2015.01.05 14:53:57.315,1.19557,1.19561,1.10,1.00
2015.01.05 14:53:57.467,1.19554,1.19559,2.85,1.50
2015.01.05 14:53:57.518,1.19554,1.19559,1.10,1.50
2015.01.05 14:53:57.872,1.19553,1.19557,1.24,1.00
2015.01.05 14:53:58.377,1.19552,1.19557,1.10,1.50
2015.01.05 14:53:58.881,1.19551,1.19557,1.57,2.25
2015.01.05 14:53:59.386,1.19552,1.19557,2.17,1.00
2015.01.05 14:54:01.060,1.19551,1.19556,1.57,1.00
2015.01.05 14:54:01.465,1.19547,1.19549,3.37,1.00
2015.01.05 14:54:01.618,1.19542,1.19546,1.50,1.00
2015.01.05 14:54:02.073,1.1954,1.19545,1.50,1.25
2015.01.05 14:54:02.579,1.19541,1.19546,2.29,1.50
2015.01.05 14:54:03.235,1.19543,1.19546,2.36,1.50
2015.01.05 14:54:03.286,1.19545,1.19547,1.00,1.00
2015.01.05 14:54:03.388,1.19547,1.19551,1.50,1.00
2015.01.05 14:54:03.439,1.19547,1.19551,3.00,1.00
2015.01.05 14:54:03.945,1.19548,1.19552,1.87,1.00
2015.01.05 14:54:05.338,1.19548,1.19553,1.31,1.00
2015.01.05 14:54:05.844,1.19547,1.19553,2.44,4.35
2015.01.05 14:54:06.248,1.19546,1.19551,3.75,1.00
2015.01.05 14:54:06.400,1.19545,1.19547,1.10,1.69
2015.01.05 14:54:06.552,1.19542,1.19546,1.12,1.00
2015.01.05 14:54:07.864,1.19541,1.19546,2.62,1.50
2015.01.05 14:54:08.369,1.19543,1.19547,1.00,3.79
2015.01.05 14:54:09.720,1.19543,1.19547,1.00,4.04
2015.01.05 14:54:10.224,1.19541,1.19547,2.62,4.79
2015.01.05 14:54:11.700,1.19541,1.19545,1.12,3.41
2015.01.05 14:54:12.205,1.1954,1.19545,2.44,1.69
2015.01.05 14:54:13.326,1.19542,1.19545,1.10,1.25
2015.01.05 14:54:13.478,1.19542,1.19547,1.87,1.00
2015.01.05 14:54:13.984,1.19543,1.19546,1.10,1.00
2015.01.05 14:54:14.085,1.19543,1.19548,1.10,3.19
2015.01.05 14:54:14.590,1.19542,1.19546,2.44,1.00
2015.01.05 14:54:15.096,1.19542,1.19544,1.10,1.00
2015.01.05 14:54:15.500,1.19538,1.19542,2.17,1.00
2015.01.05 14:54:15.652,1.19538,1.1954,1.00,2.10
2015.01.05 14:54:15.753,1.19535,1.1954,1.00,2.17
2015.01.05 14:54:16.257,1.19534,1.19539,1.10,1.50
2015.01.05 14:54:17.987,1.19534,1.19539,2.44,1.00
2015.01.05 14:54:18.712,1.19534,1.19538,1.50,1.00
2015.01.05 14:54:18.864,1.19528,1.19533,1.87,1.00
2015.01.05 14:54:18.965,1.19527,1.19531,1.10,1.00
2015.01.05 14:54:19.066,1.19525,1.19531,1.00,3.37
2015.01.05 14:54:19.622,1.19523,1.19529,1.87,2.25
2015.01.05 14:54:19.824,1.19522,1.19527,1.12,1.00
2015.01.05 14:54:20.329,1.19521,1.19527,1.12,1.00
2015.01.05 14:54:20.834,1.19521,1.19527,1.00,1.12
2015.01.05 14:54:21.289,1.19517,1.19523,2.32,1.10
2015.01.05 14:54:21.390,1.19521,1.19525,1.00,1.50
2015.01.05 14:54:21.896,1.19521,1.19525,1.12,1.50
2015.01.05 14:54:22.543,1.19521,1.19525,1.12,1.10
2015.01.05 14:54:22.896,1.19518,1.19525,2.62,1.12
2015.01.05 14:54:23.402,1.19521,1.19526,1.00,1.12
2015.01.05 14:54:23.907,1.19521,1.19526,1.10,1.00
2015.01.05 14:54:24.210,1.19535,1.19537,3.60,1.00
2015.01.05 14:54:24.311,1.19539,1.19542,1.00,1.10
2015.01.05 14:54:24.564,1.19538,1.19545,2.66,1.57
2015.01.05 14:54:24.665,1.19539,1.19545,1.19,1.50
2015.01.05 14:54:24.868,1.19538,1.19545,1.76,3.00
2015.01.05 14:54:25.373,1.19537,1.19543,1.10,1.87
2015.01.05 14:54:26.051,1.19536,1.19541,1.87,1.00
2015.01.05 14:54:26.203,1.19535,1.19541,2.32,1.12
2015.01.05 14:54:26.909,1.19537,1.19541,1.00,1.87
2015.01.05 14:54:27.414,1.19537,1.19543,1.50,2.25
2015.01.05 14:54:27.919,1.19536,1.19542,1.10,3.22
2015.01.05 14:54:28.979,1.19536,1.19541,2.17,2.32
2015.01.05 14:54:29.383,1.19538,1.19542,1.37,1.12
2015.01.05 14:54:30.550,1.19541,1.19544,1.00,1.50
2015.01.05 14:54:30.854,1.19539,1.19545,2.06,3.00
2015.01.05 14:54:31.359,1.19538,1.19543,1.57,1.10
2015.01.05 14:54:31.713,1.19539,1.19544,3.22,2.25
2015.01.05 14:54:31.865,1.1954,1.19545,1.00,2.44
2015.01.05 14:54:32.674,1.19539,1.19545,2.55,3.19
2015.01.05 14:54:32.926,1.19538,1.19542,2.62,1.00
2015.01.05 14:54:33.229,1.19537,1.19541,1.00,1.50
2015.01.05 14:54:33.331,1.19534,1.19538,3.75,1.00
2015.01.05 14:54:33.634,1.19527,1.19531,1.12,1.00
2015.01.05 14:54:33.735,1.19527,1.19533,1.87,1.69
2015.01.05 14:54:34.038,1.19526,1.19532,2.32,5.36
2015.01.05 14:54:34.341,1.19523,1.19529,1.12,2.29
2015.01.05 14:54:34.645,1.19521,1.19526,1.10,1.10
2015.01.05 14:54:35.150,1.19523,1.19528,1.00,2.25
2015.01.05 14:54:35.200,1.19523,1.19528,1.50,1.10
2015.01.05 14:54:35.352,1.19525,1.19529,1.00,1.57
2015.01.05 14:54:35.743,1.19523,1.19528,1.95,1.00
2015.01.05 14:54:35.950,1.1952,1.19527,1.12,1.87
2015.01.05 14:54:36.305,1.1952,1.19523,1.12,1.00
2015.01.05 14:54:36.508,1.19513,1.19516,1.00,1.00
2015.01.05 14:54:36.584,1.19511,1.19514,1.12,1.00
2015.01.05 14:54:36.636,1.19509,1.19514,1.00,1.87
2015.01.05 14:54:37.142,1.19508,1.19514,2.85,2.25
2015.01.05 14:54:37.647,1.1951,1.19515,3.67,1.00
2015.01.05 14:54:37.748,1.19512,1.19515,1.25,1.00
2015.01.05 14:54:37.950,1.19513,1.19517,3.30,1.00
2015.01.05 14:54:38.564,1.19514,1.19518,2.85,1.00
2015.01.05 14:54:38.868,1.1952,1.19524,2.29,1.50
2015.01.05 14:54:39.020,1.19521,1.19526,2.29,3.00
2015.01.05 14:54:39.121,1.19522,1.19527,1.00,1.10
2015.01.05 14:54:39.626,1.19519,1.19525,1.50,1.50
2015.01.05 14:54:39.778,1.19513,1.1952,3.37,1.00
2015.01.05 14:54:39.930,1.19517,1.19521,1.00,1.00
2015.01.05 14:54:40.234,1.19523,1.19526,1.00,1.50
2015.01.05 14:54:40.739,1.19524,1.19527,1.00,1.10
2015.01.05 14:54:41.093,1.19522,1.19524,3.00,1.00
2015.01.05 14:54:41.244,1.19514,1.19519,1.87,1.19
2015.01.05 14:54:41.749,1.19515,1.19519,1.00,1.75
2015.01.05 14:54:43.224,1.19518,1.1952,2.10,2.52
2015.01.05 14:54:43.330,1.19519,1.19523,1.50,1.50
2015.01.05 14:54:43.837,1.1952,1.19523,1.00,1.10
2015.01.05 14:54:44.244,1.19518,1.19522,1.00,2.85
2015.01.05 14:54:44.552,1.19516,1.19522,2.06,4.35
2015.01.05 14:54:44.857,1.19516,1.1952,1.31,1.75
2015.01.05 14:54:45.364,1.19516,1.19517,1.00,1.00
2015.01.05 14:54:46.424,1.19515,1.19517,1.00,1.10
2015.01.05 14:54:46.777,1.19513,1.19516,1.50,1.00
2015.01.05 14:54:47.231,1.1951,1.19515,1.10,5.10
2015.01.05 14:54:47.531,1.19508,1.19514,2.32,1.12
2015.01.05 14:54:47.888,1.19508,1.19511,1.50,1.69
2015.01.05 14:54:48.041,1.19503,1.19507,1.00,1.00
2015.01.05 14:54:48.092,1.19505,1.19507,1.00,1.00
2015.01.05 14:54:48.396,1.19505,1.1951,1.00,1.87
2015.01.05 14:54:48.649,1.19503,1.19507,2.25,2.10
2015.01.05 14:54:48.800,1.19502,1.19506,1.12,1.00
2015.01.05 14:54:49.053,1.195,1.19505,1.01,1.00
2015.01.05 14:54:49.407,1.19499,1.19501,2.62,2.10
2015.01.05 14:54:49.913,1.19499,1.19503,1.31,1.00
2015.01.05 14:54:50.572,1.195,1.19503,1.00,1.00
2015.01.05 14:54:51.370,1.19499,1.19503,1.10,1.00
2015.01.05 14:54:51.522,1.19497,1.19499,1.42,2.10
2015.01.05 14:54:51.623,1.19495,1.19502,3.00,4.80
2015.01.05 14:54:51.674,1.19495,1.19502,2.62,4.42
2015.01.05 14:54:51.877,1.19497,1.19501,2.06,1.00
2015.01.05 14:54:52.382,1.19497,1.19502,2.62,1.20
2015.01.05 14:54:53.564,1.19498,1.19503,1.00,1.75
2015.01.05 14:54:54.070,1.19499,1.19503,1.00,1.50
2015.01.05 14:54:54.373,1.19501,1.19503,1.00,1.42
2015.01.05 14:54:54.474,1.19501,1.19505,1.00,1.75
2015.01.05 14:54:54.526,1.19502,1.19506,1.25,1.50
2015.01.05 14:54:54.627,1.19502,1.19504,1.00,1.00
2015.01.05 14:54:55.911,1.195,1.19504,1.00,1.00
2015.01.05 14:54:56.417,1.19499,1.19505,3.19,1.00
2015.01.05 14:54:57.075,1.19504,1.19505,1.00,1.00
2015.01.05 14:54:57.126,1.19504,1.19507,1.50,1.50
2015.01.05 14:54:57.278,1.19505,1.1951,1.50,1.00
2015.01.05 14:54:57.329,1.19505,1.19511,3.04,1.50
2015.01.05 14:54:57.834,1.19509,1.19513,1.00,1.57
2015.01.05 14:54:58.137,1.19507,1.19513,2.44,1.50
2015.01.05 14:54:58.491,1.1951,1.19513,1.00,1.50
2015.01.05 14:54:58.693,1.19508,1.19513,1.10,1.10
2015.01.05 14:54:59.198,1.1951,1.19515,1.00,1.87
2015.01.05 14:54:59.602,1.19516,1.19517,1.00,1.00
2015.01.05 14:54:59.703,1.19519,1.19524,3.60,1.50
2015.01.05 14:54:59.805,1.19521,1.19526,1.19,1.10
2015.01.05 14:55:00.195,1.19527,1.1953,1.00,1.75
2015.01.05 14:55:00.245,1.19527,1.1953,1.00,1.10
2015.01.05 14:55:00.649,1.19525,1.1953,1.25,2.92
2015.01.05 14:55:02.621,1.19524,1.19527,1.50,1.00
2015.01.05 14:55:02.925,1.19523,1.19525,1.12,1.00
2015.01.05 14:55:02.976,1.19523,1.19528,1.87,1.50
2015.01.05 14:55:03.026,1.19523,1.1953,2.06,2.25
2015.01.05 14:55:03.330,1.19525,1.19531,1.20,1.57
2015.01.05 14:55:03.912,1.19526,1.19531,1.00,1.10
2015.01.05 14:55:04.469,1.19525,1.19531,2.14,1.57
2015.01.05 14:55:04.975,1.19525,1.1953,1.39,1.00
2015.01.05 14:55:05.541,1.19525,1.1953,1.47,1.00
2015.01.05 14:55:05.643,1.19528,1.19531,1.25,1.57
2015.01.05 14:55:05.946,1.19538,1.19543,1.25,1.75
2015.01.05 14:55:05.997,1.19538,1.19544,1.25,2.25
2015.01.05 14:55:06.047,1.19538,1.19542,1.19,1.00
2015.01.05 14:55:06.351,1.1953,1.19533,1.00,1.00
2015.01.05 14:55:06.401,1.19527,1.19533,2.81,1.00
2015.01.05 14:55:07.462,1.19528,1.19533,1.49,1.00
2015.01.05 14:55:08.621,1.19534,1.19537,1.00,2.85
2015.01.05 14:55:08.673,1.19534,1.19541,1.00,3.04
2015.01.05 14:55:09.179,1.19534,1.19541,1.00,2.85
2015.01.05 14:55:09.331,1.19535,1.19538,1.00,2.10
2015.01.05 14:55:09.483,1.1953,1.19536,1.12,2.17
2015.01.05 14:55:09.990,1.19529,1.19534,2.25,1.00
2015.01.05 14:55:10.752,1.19537,1.19538,1.00,1.00
2015.01.05 14:55:10.904,1.19537,1.1954,1.00,1.10
2015.01.05 14:55:11.209,1.19534,1.19541,1.01,2.25
2015.01.05 14:55:11.521,1.19537,1.19542,1.00,1.75
2015.01.05 14:55:11.724,1.19539,1.19544,1.00,1.87
2015.01.05 14:55:12.128,1.1954,1.19546,1.87,1.12
2015.01.05 14:55:13.079,1.19541,1.19546,1.00,1.12
2015.01.05 14:55:13.231,1.19542,1.19548,1.50,1.12
2015.01.05 14:55:13.787,1.19542,1.19548,1.57,1.10
2015.01.05 14:55:14.141,1.19545,1.19548,1.00,1.10
2015.01.05 14:55:14.343,1.19551,1.19557,1.00,1.12
2015.01.05 14:55:14.394,1.19554,1.19557,1.00,1.12
2015.01.05 14:55:14.546,1.19554,1.1956,2.36,1.12
2015.01.05 14:55:14.698,1.19556,1.1956,1.00,1.10
2015.01.05 14:55:15.102,1.19554,1.1956,1.00,1.12
2015.01.05 14:55:15.607,1.19554,1.1956,1.50,1.50
2015.01.05 14:55:16.937,1.19555,1.1956,1.00,1.50
2015.01.05 14:55:17.442,1.19554,1.1956,1.50,2.85
2015.01.05 14:55:17.695,1.19554,1.19555,1.00,1.00
2015.01.05 14:55:17.949,1.19542,1.19546,1.87,1.25
2015.01.05 14:55:18.202,1.19541,1.19546,1.20,1.50
2015.01.05 14:55:18.456,1.19543,1.19546,1.00,1.00
2015.01.05 14:55:18.759,1.19543,1.19548,1.95,1.10
2015.01.05 14:55:19.263,1.19542,1.19546,1.39,1.00
2015.01.05 14:55:20.075,1.19542,1.19547,4.80,1.00
2015.01.05 14:55:21.629,1.19542,1.19546,4.42,1.00
2015.01.05 14:55:22.135,1.19542,1.19547,2.92,1.00
2015.01.05 14:55:22.640,1.19542,1.19546,2.17,1.00
2015.01.05 14:55:22.994,1.1954,1.19541,1.80,3.00
2015.01.05 14:55:23.146,1.19532,1.19535,1.00,1.05
2015.01.05 14:55:23.247,1.1953,1.19534,1.10,1.50
2015.01.05 14:55:23.398,1.19528,1.19532,2.25,1.00
2015.01.05 14:55:24.284,1.19529,1.19533,1.10,1.50
2015.01.05 14:55:25.030,1.1953,1.19533,1.00,1.00
2015.01.05 14:55:25.333,1.19537,1.1954,1.35,1.75
2015.01.05 14:55:25.434,1.19538,1.19542,1.00,1.75
2015.01.05 14:55:25.586,1.1954,1.19545,1.00,2.25
2015.01.05 14:55:25.687,1.1954,1.19545,1.00,1.50
2015.01.05 14:55:26.343,1.1954,1.19545,1.00,1.87
2015.01.05 14:55:26.495,1.19543,1.19547,1.00,1.37
2015.01.05 14:55:27.910,1.19541,1.19547,1.00,3.22
2015.01.05 14:55:27.961,1.1954,1.19545,1.00,2.10
2015.01.05 14:55:28.113,1.1954,1.19545,1.00,1.10
2015.01.05 14:55:29.797,1.19541,1.19545,1.00,1.00
2015.01.05 14:55:30.301,1.19542,1.19547,1.76,1.12
2015.01.05 14:55:31.058,1.19542,1.19543,1.10,2.10
2015.01.05 14:55:31.159,1.1954,1.19545,1.00,1.87
2015.01.05 14:55:31.210,1.19538,1.1954,1.05,1.37
2015.01.05 14:55:31.311,1.19536,1.19538,1.10,1.00
2015.01.05 14:55:31.413,1.19537,1.1954,1.69,1.00
2015.01.05 14:55:31.514,1.19541,1.19545,1.00,1.10
2015.01.05 14:55:32.141,1.19542,1.19546,1.00,1.50
2015.01.05 14:55:34.087,1.19539,1.19544,3.11,1.00
2015.01.05 14:55:34.594,1.1954,1.19544,1.05,1.00
2015.01.05 14:55:34.848,1.19542,1.19546,1.00,1.87
2015.01.05 14:55:35.152,1.19549,1.19554,1.19,1.12
2015.01.05 14:55:35.203,1.19549,1.19554,1.19,1.12
2015.01.05 14:55:35.304,1.19551,1.19556,1.25,1.50
2015.01.05 14:55:35.809,1.1955,1.19556,1.50,2.47
2015.01.05 14:55:36.415,1.1955,1.19554,1.00,1.00
2015.01.05 14:55:36.667,1.19549,1.19552,1.10,2.47
2015.01.05 14:55:36.869,1.19543,1.19548,1.57,1.50
2015.01.05 14:55:37.375,1.19543,1.19548,1.00,1.87
2015.01.05 14:55:38.323,1.19541,1.19547,1.76,1.57
2015.01.05 14:55:38.424,1.1954,1.19545,2.06,1.00
2015.01.05 14:55:38.931,1.1954,1.19544,1.12,1.00
2015.01.05 14:55:39.134,1.19536,1.1954,1.76,1.00
2015.01.05 14:55:39.337,1.19535,1.19537,1.00,1.00
2015.01.05 14:55:39.539,1.19533,1.19536,2.10,1.50
2015.01.05 14:55:39.742,1.19533,1.19538,2.36,1.10
2015.01.05 14:55:40.247,1.19535,1.19538,1.00,1.57
2015.01.05 14:55:40.400,1.19535,1.1954,2.17,1.00
2015.01.05 14:55:40.855,1.19534,1.19539,1.00,1.87
2015.01.05 14:55:41.208,1.19536,1.19541,1.00,1.87
2015.01.05 14:55:41.512,1.19529,1.19535,1.57,1.62
2015.01.05 14:55:42.517,1.1953,1.19535,1.00,1.50
2015.01.05 14:55:43.288,1.19529,1.19535,5.85,1.50
2015.01.05 14:55:43.390,1.19533,1.19535,1.00,1.42
2015.01.05 14:55:43.592,1.19534,1.19538,1.00,1.10
2015.01.05 14:55:44.097,1.19535,1.1954,1.00,2.25
2015.01.05 14:55:44.350,1.19536,1.1954,1.00,1.00
2015.01.05 14:55:44.855,1.19537,1.19542,1.00,1.72
2015.01.05 14:55:45.360,1.19539,1.19542,1.00,1.50
2015.01.05 14:55:45.461,1.19539,1.19544,1.50,1.12
2015.01.05 14:55:46.857,1.19539,1.19544,1.00,1.75
2015.01.05 14:55:47.412,1.19537,1.19542,1.00,1.12
2015.01.05 14:55:47.916,1.19537,1.19542,1.00,2.85
2015.01.05 14:55:48.421,1.19536,1.1954,1.00,1.10
2015.01.05 14:55:48.926,1.19536,1.19539,1.00,1.00
2015.01.05 14:55:49.027,1.19534,1.19536,1.00,1.00
2015.01.05 14:55:49.230,1.19529,1.19533,2.25,1.00
2015.01.05 14:55:49.734,1.19528,1.19533,2.81,1.10
2015.01.05 14:55:51.249,1.19529,1.19533,1.00,1.10
2015.01.05 14:55:51.792,1.1953,1.19533,1.00,1.10
2015.01.05 14:55:51.843,1.19528,1.19533,2.44,1.10
2015.01.05 14:55:52.349,1.19528,1.19532,1.25,1.10
2015.01.05 14:55:52.400,1.19526,1.19532,4.95,1.57
2015.01.05 14:55:52.451,1.19526,1.1953,2.95,1.00
2015.01.05 14:55:52.956,1.19527,1.1953,1.00,1.10
2015.01.05 14:55:53.462,1.19526,1.19529,0.10,1.00
2015.01.05 14:55:54.021,1.19526,1.19529,0.10,1.57
2015.01.05 14:55:54.287,1.19517,1.1952,1.12,1.00
2015.01.05 14:55:54.340,1.19517,1.19522,1.12,2.17
2015.01.05 14:55:54.845,1.19514,1.19518,2.06,1.00
2015.01.05 14:55:55.151,1.19522,1.19528,2.62,2.44
2015.01.05 14:55:55.252,1.19523,1.19528,1.50,1.50
2015.01.05 14:55:55.456,1.19524,1.19529,2.25,1.10
2015.01.05 14:55:55.961,1.19525,1.19529,1.12,1.00
2015.01.05 14:55:57.173,1.19523,1.19527,2.14,1.00
2015.01.05 14:55:57.679,1.19523,1.19527,1.19,1.10
2015.01.05 14:55:57.781,1.19522,1.19527,2.51,1.10
2015.01.05 14:55:58.034,1.19524,1.19527,1.00,1.10
2015.01.05 14:55:58.186,1.19522,1.19527,1.10,2.32
2015.01.05 14:55:59.544,1.19515,1.19519,3.75,1.25
2015.01.05 14:55:59.595,1.19514,1.19519,1.00,2.06
2015.01.05 14:56:00.666,1.19512,1.19518,2.51,1.10
2015.01.05 14:56:01.173,1.19512,1.19518,1.50,1.87
2015.01.05 14:56:01.749,1.19512,1.19518,2.32,2.32
2015.01.05 14:56:02.407,1.19513,1.19518,1.30,1.57
2015.01.05 14:56:02.458,1.19515,1.19518,1.00,1.57
2015.01.05 14:56:02.559,1.19513,1.19517,1.00,1.00
2015.01.05 14:56:03.266,1.19513,1.19518,1.50,1.57
2015.01.05 14:56:04.397,1.19513,1.19517,2.55,1.00
2015.01.05 14:56:05.054,1.19512,1.19515,1.12,1.00
2015.01.05 14:56:05.256,1.19508,1.19513,4.12,1.00
2015.01.05 14:56:05.358,1.19508,1.19511,2.25,1.00
2015.01.05 14:56:05.561,1.19506,1.19511,1.95,1.50
2015.01.05 14:56:06.066,1.19506,1.1951,1.37,1.10
2015.01.05 14:56:06.470,1.19504,1.19506,1.50,1.50
2015.01.05 14:56:06.723,1.19501,1.19506,2.06,2.25
2015.01.05 14:56:06.824,1.19505,1.19508,2.10,1.50
2015.01.05 14:56:06.925,1.19504,1.19508,1.31,1.00
2015.01.05 14:56:06.976,1.19508,1.1951,1.00,1.95
2015.01.05 14:56:07.484,1.1951,1.19515,1.87,1.19
2015.01.05 14:56:07.535,1.1951,1.19515,1.12,1.00
2015.01.05 14:56:07.687,1.19508,1.19513,1.50,1.50
2015.01.05 14:56:07.990,1.19507,1.19511,1.75,1.00
2015.01.05 14:56:08.345,1.19506,1.19511,1.12,1.50
2015.01.05 14:56:08.850,1.19506,1.1951,1.12,1.00
2015.01.05 14:56:09.355,1.19507,1.19511,2.92,1.50
2015.01.05 14:56:09.406,1.19509,1.19511,1.00,1.00
2015.01.05 14:56:09.558,1.19509,1.19513,1.12,1.00
2015.01.05 14:56:10.062,1.19509,1.19512,1.12,1.00
2015.01.05 14:56:10.618,1.19508,1.19511,1.69,1.00
2015.01.05 14:56:10.870,1.19505,1.19509,1.57,1.00
2015.01.05 14:56:11.074,1.19506,1.19507,1.00,1.00
2015.01.05 14:56:12.190,1.195,1.19503,1.50,1.00
2015.01.05 14:56:12.392,1.19499,1.19501,1.00,1.00
2015.01.05 14:56:12.594,1.19498,1.19503,1.57,2.25
2015.01.05 14:56:12.645,1.195,1.19503,1.00,2.62
2015.01.05 14:56:13.151,1.19499,1.19503,2.66,1.00
2015.01.05 14:56:13.454,1.19499,1.19503,2.81,1.00
2015.01.05 14:56:13.505,1.19499,1.19503,2.14,1.00
2015.01.05 14:56:14.548,1.19499,1.19503,2.66,1.00
2015.01.05 14:56:15.586,1.19498,1.19503,1.76,1.00
2015.01.05 14:56:16.640,1.19497,1.19499,1.01,1.12
2015.01.05 14:56:16.792,1.19497,1.19501,1.10,1.50
2015.01.05 14:56:16.893,1.19497,1.19501,4.17,1.00
2015.01.05 14:56:16.995,1.19498,1.19503,3.07,1.57
2015.01.05 14:56:17.905,1.19498,1.19501,1.50,1.00
2015.01.05 14:56:18.310,1.195,1.19502,2.10,1.00
2015.01.05 14:56:18.462,1.19504,1.1951,2.17,3.45
2015.01.05 14:56:18.613,1.19504,1.1951,6.04,1.87
2015.01.05 14:56:18.664,1.19504,1.1951,5.29,1.87
2015.01.05 14:56:18.867,1.19504,1.1951,4.54,2.62
2015.01.05 14:56:19.372,1.19504,1.1951,4.16,1.37
2015.01.05 14:56:20.643,1.19504,1.19506,2.59,1.00
2015.01.05 14:56:20.898,1.195,1.19504,1.12,1.12
2015.01.05 14:56:21.252,1.19498,1.19503,2.17,1.37
2015.01.05 14:56:21.759,1.19498,1.19503,2.25,1.87
2015.01.05 14:56:22.623,1.19498,1.19503,1.50,2.81
2015.01.05 14:56:23.077,1.19497,1.195,1.10,1.00
2015.01.05 14:56:25.243,1.19497,1.19502,1.10,2.06
2015.01.05 14:56:27.264,1.19497,1.19502,5.61,1.00
2015.01.05 14:56:28.071,1.19497,1.19502,3.56,1.37
2015.01.05 14:56:28.626,1.19497,1.19502,4.26,1.20
2015.01.05 14:56:28.933,1.19498,1.19502,2.85,1.20
2015.01.05 14:56:29.136,1.19499,1.19504,2.10,1.76
2015.01.05 14:56:29.472,1.195,1.19504,1.35,1.05
2015.01.05 14:56:29.573,1.195,1.19503,1.10,1.00
2015.01.05 14:56:30.087,1.19498,1.19503,2.25,2.06
2015.01.05 14:56:30.594,1.19499,1.19503,1.50,2.51
2015.01.05 14:56:31.099,1.195,1.19505,1.00,3.19
2015.01.05 14:56:31.604,1.195,1.19505,1.50,2.06
2015.01.05 14:56:31.806,1.19503,1.19504,1.00,1.10
2015.01.05 14:56:31.907,1.195,1.19505,3.07,4.05
2015.01.05 14:56:32.008,1.195,1.19505,2.32,1.95
2015.01.05 14:56:32.261,1.195,1.19505,1.50,1.87
2015.01.05 14:56:32.861,1.19505,1.19506,2.10,1.31
2015.01.05 14:56:32.912,1.19507,1.19511,1.00,2.06
2015.01.05 14:56:32.963,1.19507,1.19511,1.00,1.39
2015.01.05 14:56:33.570,1.19509,1.19512,1.00,1.00
2015.01.05 14:56:33.824,1.19509,1.19514,1.10,1.10
2015.01.05 14:56:33.976,1.19509,1.19514,1.50,1.00
2015.01.05 14:56:35.390,1.19511,1.19516,1.57,1.47
2015.01.05 14:56:35.694,1.19509,1.19514,1.50,1.12
2015.01.05 14:56:35.795,1.195,1.19505,1.00,3.75
2015.01.05 14:56:35.846,1.19499,1.19505,1.00,7.91
2015.01.05 14:56:35.998,1.19497,1.19502,2.10,1.12
2015.01.05 14:56:36.402,1.195,1.19503,1.00,1.67
2015.01.05 14:56:37.525,1.19499,1.19503,1.00,1.75
2015.01.05 14:56:37.577,1.195,1.19505,1.00,1.69
2015.01.05 14:56:38.032,1.19503,1.19505,1.00,1.80
2015.01.05 14:56:38.284,1.19508,1.19511,1.50,1.10
2015.01.05 14:56:38.588,1.19508,1.19513,1.57,1.10
2015.01.05 14:56:39.093,1.19508,1.19513,2.06,1.00
2015.01.05 14:56:39.397,1.19507,1.19512,1.50,1.35
2015.01.05 14:56:39.498,1.19507,1.19512,1.10,2.50
2015.01.05 14:56:40.004,1.19507,1.19512,2.32,1.00
2015.01.05 14:56:40.156,1.19508,1.19512,1.87,1.00
2015.01.05 14:56:40.559,1.19512,1.19516,1.00,1.87
2015.01.05 14:56:40.812,1.19514,1.19518,1.00,1.10
2015.01.05 14:56:41.116,1.19516,1.19519,1.00,1.00
2015.01.05 14:56:41.536,1.19523,1.19524,1.00,1.00
2015.01.05 14:56:41.588,1.19527,1.19531,1.00,1.50
2015.01.05 14:56:41.841,1.19524,1.19528,1.50,1.19
2015.01.05 14:56:41.891,1.19522,1.19526,2.25,1.00
2015.01.05 14:56:41.993,1.19522,1.19527,1.10,3.04
2015.01.05 14:56:42.498,1.19522,1.19526,1.00,1.42
2015.01.05 14:56:42.650,1.19521,1.19525,1.00,1.12
2015.01.05 14:56:42.701,1.19519,1.19524,1.57,1.10
2015.01.05 14:56:42.861,1.19518,1.1952,1.05,1.00
2015.01.05 14:56:43.013,1.19514,1.19519,1.12,1.50
2015.01.05 14:56:43.114,1.19514,1.19519,1.00,2.44
2015.01.05 14:56:43.776,1.19515,1.19517,1.00,1.10
2015.01.05 14:56:44.180,1.19517,1.1952,1.00,1.67
2015.01.05 14:56:44.433,1.19519,1.19524,1.00,3.94
2015.01.05 14:56:44.996,1.1952,1.19523,1.00,1.67
2015.01.05 14:56:45.048,1.1952,1.19523,1.00,1.00
2015.01.05 14:56:45.575,1.1952,1.19525,2.25,1.00
2015.01.05 14:56:46.082,1.1952,1.19526,2.25,2.44
2015.01.05 14:56:46.504,1.1952,1.19524,1.50,1.00
2015.01.05 14:56:46.606,1.19521,1.19526,1.00,1.25
2015.01.05 14:56:46.707,1.19523,1.19528,1.00,1.00
2015.01.05 14:56:47.331,1.19521,1.19526,1.50,1.00
2015.01.05 14:56:47.735,1.19523,1.19528,1.00,1.00
2015.01.05 14:56:47.937,1.19524,1.1953,1.00,1.69
2015.01.05 14:56:48.190,1.19524,1.1953,1.00,2.25
2015.01.05 14:56:48.702,1.19524,1.19529,1.00,2.44
2015.01.05 14:56:50.135,1.19529,1.1953,1.00,1.00
2015.01.05 14:56:50.190,1.19529,1.19532,1.00,1.25
2015.01.05 14:56:50.696,1.19531,1.19534,1.50,1.00
2015.01.05 14:56:51.000,1.19543,1.19544,1.00,1.00
2015.01.05 14:56:51.101,1.19543,1.19548,1.50,1.00
2015.01.05 14:56:51.253,1.19545,1.19548,1.50,1.00
2015.01.05 14:56:51.556,1.19545,1.1955,1.00,2.25
2015.01.05 14:56:51.824,1.19543,1.19549,1.00,1.69
2015.01.05 14:56:51.926,1.19547,1.1955,1.00,1.00
2015.01.05 14:56:52.229,1.19553,1.19556,1.50,1.00
2015.01.05 14:56:52.431,1.19556,1.1956,1.00,1.25
2015.01.05 14:56:52.936,1.19556,1.1956,1.00,1.19
2015.01.05 14:56:53.912,1.19556,1.1956,1.00,1.56
2015.01.05 14:56:54.472,1.19556,1.1956,1.00,1.69
2015.01.05 14:56:54.977,1.19556,1.19561,1.00,3.19
2015.01.05 14:56:56.117,1.19556,1.19559,1.00,1.00
2015.01.05 14:56:56.422,1.19556,1.19558,1.00,1.25
2015.01.05 14:56:56.473,1.19553,1.19555,6.07,4.35
2015.01.05 14:56:56.525,1.19545,1.19551,1.00,1.19
2015.01.05 14:56:56.626,1.19546,1.1955,1.00,2.06
2015.01.05 14:56:56.677,1.19545,1.19547,1.00,1.87
2015.01.05 14:56:56.728,1.19542,1.19547,1.57,2.06
2015.01.05 14:56:56.829,1.19542,1.19547,1.10,2.44
2015.01.05 14:56:57.032,1.19539,1.19545,1.10,2.06
2015.01.05 14:56:58.006,1.19543,1.19544,1.00,1.05
2015.01.05 14:56:58.057,1.19547,1.19552,1.50,1.50
2015.01.05 14:56:58.158,1.19549,1.19554,1.00,2.25
2015.01.05 14:56:58.462,1.19545,1.19549,1.75,3.00
2015.01.05 14:56:58.614,1.19543,1.19547,1.50,1.00
2015.01.05 14:56:58.918,1.19542,1.19547,1.50,1.10
2015.01.05 14:56:59.423,1.19543,1.19547,1.00,1.10
2015.01.05 14:57:00.031,1.19542,1.19547,2.32,1.00
2015.01.05 14:57:00.537,1.19543,1.19547,1.00,1.00
2015.01.05 14:57:01.067,1.19542,1.19547,1.50,1.10
2015.01.05 14:57:02.618,1.19542,1.19546,3.60,1.00
2015.01.05 14:57:02.921,1.19547,1.19548,1.00,1.10
2015.01.05 14:57:03.023,1.19548,1.1955,1.50,1.00
2015.01.05 14:57:03.074,1.19548,1.19552,1.50,1.10
2015.01.05 14:57:03.226,1.19546,1.19551,1.57,1.99
2015.01.05 14:57:03.579,1.19548,1.19553,1.50,1.69
2015.01.05 14:57:03.681,1.19549,1.19554,1.50,1.10
2015.01.05 14:57:03.782,1.19551,1.19554,1.00,1.00
2015.01.05 14:57:03.884,1.19551,1.19556,1.57,1.10
2015.01.05 14:57:04.137,1.19552,1.19558,1.57,1.10
2015.01.05 14:57:04.642,1.19552,1.19558,2.62,1.00
2015.01.05 14:57:04.744,1.19555,1.1956,1.00,2.85
2015.01.05 14:57:05.048,1.19557,1.1956,1.00,1.10
2015.01.05 14:57:05.149,1.19555,1.1956,1.50,1.10
2015.01.05 14:57:05.502,1.19557,1.19561,1.00,1.12
2015.01.05 14:57:05.654,1.19558,1.19562,2.85,1.10
2015.01.05 14:57:05.705,1.19561,1.19563,1.00,1.12
2015.01.05 14:57:05.756,1.19562,1.19566,1.50,1.37
2015.01.05 14:57:05.807,1.19565,1.19568,1.00,2.25
2015.01.05 14:57:06.192,1.19567,1.19572,1.87,1.50
2015.01.05 14:57:06.546,1.19567,1.19569,1.05,1.37
2015.01.05 14:57:06.647,1.19566,1.19568,1.00,3.45
2015.01.05 14:57:06.698,1.19564,1.19567,1.00,1.00
2015.01.05 14:57:06.901,1.19566,1.1957,1.00,1.12
2015.01.05 14:57:06.951,1.19567,1.19572,1.00,3.19
2015.01.05 14:57:07.154,1.19567,1.1957,1.00,1.31
2015.01.05 14:57:07.458,1.19559,1.19564,1.75,1.00
2015.01.05 14:57:07.509,1.19559,1.19564,1.12,1.76
2015.01.05 14:57:07.662,1.19557,1.19562,1.10,1.00
2015.01.05 14:57:08.217,1.19558,1.19563,1.00,1.69
2015.01.05 14:57:08.975,1.19557,1.19561,1.00,1.10
2015.01.05 14:57:09.479,1.19557,1.19561,1.00,2.10
2015.01.05 14:57:10.109,1.19555,1.19557,1.00,1.00
2015.01.05 14:57:10.161,1.19552,1.19557,1.12,1.00
2015.01.05 14:57:10.667,1.19552,1.19557,1.10,1.57
2015.01.05 14:57:11.071,1.19552,1.19555,1.10,1.00
2015.01.05 14:57:11.274,1.19545,1.1955,1.57,2.17
2015.01.05 14:57:11.375,1.19545,1.19546,1.05,1.00
2015.01.05 14:57:11.578,1.19541,1.19545,1.75,1.00
2015.01.05 14:57:12.134,1.19543,1.19548,2.62,1.00
2015.01.05 14:57:12.235,1.19546,1.1955,1.10,1.00
2015.01.05 14:57:12.538,1.19548,1.1955,1.50,1.00
2015.01.05 14:57:12.791,1.19542,1.19546,1.10,1.00
2015.01.05 14:57:12.892,1.19544,1.19548,1.00,1.50
2015.01.05 14:57:13.044,1.19546,1.19551,1.20,1.01
2015.01.05 14:57:13.145,1.19547,1.19553,2.25,2.85
2015.01.05 14:57:13.548,1.19549,1.19551,1.00,1.00
2015.01.05 14:57:13.751,1.1955,1.19553,1.00,1.00
2015.01.05 14:57:14.972,1.19545,1.19549,1.12,1.00
2015.01.05 14:57:15.023,1.19544,1.19549,2.25,1.00
2015.01.05 14:57:15.227,1.19545,1.19549,4.91,1.00
2015.01.05 14:57:15.279,1.19546,1.19551,1.50,1.50
2015.01.05 14:57:15.784,1.19546,1.19551,1.87,1.00
2015.01.05 14:57:16.895,1.19546,1.1955,1.87,1.00
2015.01.05 14:57:16.996,1.19545,1.19547,1.42,1.00
2015.01.05 14:57:17.098,1.19542,1.19546,2.25,1.00
2015.01.05 14:57:17.552,1.19542,1.19545,1.87,1.00
2015.01.05 14:57:18.855,1.19545,1.19549,3.22,1.10
2015.01.05 14:57:18.957,1.19546,1.19551,2.32,1.10
2015.01.05 14:57:19.008,1.19549,1.19551,1.00,1.10
2015.01.05 14:57:19.210,1.19549,1.19553,1.00,1.00
2015.01.05 14:57:19.563,1.19547,1.19551,2.25,1.00
2015.01.05 14:57:19.867,1.19544,1.19548,2.25,1.00
2015.01.05 14:57:19.969,1.19545,1.1955,3.30,1.57
2015.01.05 14:57:20.070,1.19546,1.1955,1.87,1.00
2015.01.05 14:57:20.171,1.19547,1.19552,1.10,1.00
2015.01.05 14:57:20.475,1.19547,1.19551,1.10,2.10
2015.01.05 14:57:21.081,1.19546,1.1955,1.10,2.85
2015.01.05 14:57:21.384,1.19544,1.19548,1.12,1.00
2015.01.05 14:57:22.440,1.19546,1.19548,1.35,1.00
2015.01.05 14:57:23.029,1.19547,1.19553,4.31,1.10
2015.01.05 14:57:23.534,1.19549,1.19553,1.12,1.00
2015.01.05 14:57:24.039,1.1955,1.19554,1.50,1.00
2015.01.05 14:57:24.393,1.19549,1.19552,1.12,1.00
2015.01.05 14:57:24.595,1.19543,1.19547,1.20,1.00
2015.01.05 14:57:24.696,1.19542,1.19545,1.95,1.00
2015.01.05 14:57:25.050,1.19544,1.19548,1.05,1.00
2015.01.05 14:57:25.555,1.19545,1.19548,1.50,1.00
2015.01.05 14:57:25.858,1.19546,1.1955,1.10,1.00
2015.01.05 14:57:26.464,1.19547,1.19552,2.25,1.42
2015.01.05 14:57:27.623,1.1955,1.19558,1.00,5.85
2015.01.05 14:57:27.676,1.19562,1.19566,1.00,2.10
2015.01.05 14:57:27.827,1.19562,1.19568,1.00,1.50
2015.01.05 14:57:28.332,1.19563,1.19568,1.00,3.67
2015.01.05 14:57:28.838,1.19563,1.19568,2.89,1.00
2015.01.05 14:57:29.444,1.19565,1.19568,1.00,1.00
2015.01.05 14:57:29.950,1.19564,1.19568,2.14,1.00
2015.01.05 14:57:30.253,1.19563,1.19566,1.95,1.00
2015.01.05 14:57:30.759,1.19563,1.19565,1.12,1.00
2015.01.05 14:57:31.214,1.19561,1.19565,1.20,1.00
2015.01.05 14:57:31.265,1.1956,1.19561,1.00,2.10
2015.01.05 14:57:31.316,1.19557,1.19561,2.32,2.10
2015.01.05 14:57:31.619,1.19559,1.19562,2.44,1.00
2015.01.05 14:57:31.948,1.19561,1.19563,1.00,1.00
2015.01.05 14:57:32.252,1.19563,1.19565,1.20,1.00
2015.01.05 14:57:32.505,1.19564,1.19568,2.62,3.60
2015.01.05 14:57:33.010,1.19564,1.19568,1.12,3.60
2015.01.05 14:57:33.516,1.19564,1.19568,1.87,1.50
2015.01.05 14:57:34.679,1.19569,1.1957,1.00,1.00
2015.01.05 14:57:34.780,1.19573,1.19577,1.50,1.75
2015.01.05 14:57:34.831,1.19573,1.19577,1.50,1.00
2015.01.05 14:57:35.185,1.19571,1.19575,1.87,1.00
2015.01.05 14:57:35.756,1.1957,1.19575,1.50,1.00
2015.01.05 14:57:36.211,1.19567,1.19572,4.31,1.00
2015.01.05 14:57:36.262,1.19567,1.19572,2.62,1.00
2015.01.05 14:57:37.220,1.19567,1.19572,1.10,1.00
2015.01.05 14:57:37.423,1.19567,1.19569,1.10,1.00
2015.01.05 14:57:37.524,1.19564,1.19568,1.20,2.10
2015.01.05 14:57:37.626,1.19563,1.19566,1.37,1.00
2015.01.05 14:57:37.828,1.19559,1.19563,2.62,1.00
2015.01.05 14:57:38.232,1.1956,1.19564,1.47,1.00
2015.01.05 14:57:38.434,1.1956,1.19565,1.57,1.57
2015.01.05 14:57:38.485,1.19559,1.19563,1.87,1.00
2015.01.05 14:57:38.687,1.19558,1.19563,1.61,1.87
2015.01.05 14:57:38.788,1.19558,1.1956,1.00,1.00
2015.01.05 14:57:38.889,1.19557,1.19562,2.25,1.00
2015.01.05 14:57:38.990,1.19558,1.19564,3.11,2.32
2015.01.05 14:57:39.092,1.1956,1.19564,1.37,1.00
2015.01.05 14:57:39.395,1.19559,1.19561,1.12,1.00
2015.01.05 14:57:40.587,1.19556,1.1956,2.25,1.00
2015.01.05 14:57:40.638,1.19555,1.19559,1.12,1.00
2015.01.05 14:57:40.841,1.19554,1.19559,1.57,1.57
2015.01.05 14:57:40.892,1.19553,1.19557,2.25,1.00
2015.01.05 14:57:41.247,1.19554,1.19559,1.12,1.00
2015.01.05 14:57:41.862,1.19554,1.19559,3.00,1.00
2015.01.05 14:57:42.625,1.19554,1.19559,1.57,1.00
2015.01.05 14:57:42.827,1.19554,1.19557,1.00,1.00
2015.01.05 14:57:43.332,1.19552,1.19557,3.00,1.00
2015.01.05 14:57:43.836,1.19554,1.19557,1.00,1.50
2015.01.05 14:57:44.341,1.19552,1.19557,2.70,1.50
2015.01.05 14:57:45.594,1.19554,1.19557,1.00,1.50
2015.01.05 14:57:45.999,1.19552,1.19557,1.10,5.10
2015.01.05 14:57:46.050,1.19549,1.19553,4.87,3.00
2015.01.05 14:57:46.152,1.19548,1.19552,1.00,5.47
2015.01.05 14:57:46.253,1.19547,1.19552,1.47,2.69
2015.01.05 14:57:46.355,1.19548,1.19552,1.50,1.25
2015.01.05 14:57:46.558,1.19545,1.19548,1.10,2.85
2015.01.05 14:57:46.609,1.19545,1.19548,1.10,4.35
2015.01.05 14:57:46.710,1.19543,1.19548,1.10,2.50
2015.01.05 14:57:46.862,1.19548,1.19552,2.10,2.36
2015.01.05 14:57:46.913,1.19548,1.19551,2.47,1.05
2015.01.05 14:57:47.015,1.19546,1.19551,1.10,1.00
2015.01.05 14:57:47.318,1.19546,1.19549,1.00,1.54
2015.01.05 14:57:47.470,1.19542,1.19547,1.10,2.10
2015.01.05 14:57:48.357,1.1954,1.19544,1.00,1.10
2015.01.05 14:57:48.661,1.1954,1.19544,1.37,1.10
2015.01.05 14:57:48.813,1.19543,1.19547,1.50,1.00
2015.01.05 14:57:48.863,1.19545,1.19547,2.10,1.00
2015.01.05 14:57:48.914,1.19545,1.1955,2.85,2.62
2015.01.05 14:57:49.016,1.19544,1.19547,1.50,1.00
2015.01.05 14:57:49.522,1.19542,1.19547,2.25,2.25
2015.01.05 14:57:49.675,1.19541,1.19545,1.00,1.00
2015.01.05 14:57:50.180,1.19543,1.19546,2.10,1.12
2015.01.05 14:57:50.332,1.19543,1.19547,3.60,1.57
2015.01.05 14:57:50.787,1.19543,1.19546,1.37,1.00
2015.01.05 14:57:51.191,1.19543,1.19545,1.00,1.00
2015.01.05 14:57:51.444,1.19543,1.19547,1.00,1.57
2015.01.05 14:57:53.032,1.19541,1.19546,4.16,1.00
2015.01.05 14:57:53.488,1.19541,1.19546,1.62,1.50
2015.01.05 14:57:54.803,1.1954,1.19546,2.62,2.81
2015.01.05 14:57:55.250,1.1954,1.19543,1.87,1.00
2015.01.05 14:57:56.159,1.19543,1.19545,1.00,1.00
2015.01.05 14:57:56.261,1.19543,1.19547,1.00,1.01
2015.01.05 14:57:56.463,1.19546,1.19549,1.00,1.87
2015.01.05 14:57:56.565,1.19544,1.19548,1.25,1.42
2015.01.05 14:57:56.716,1.19542,1.19547,1.12,4.61
2015.01.05 14:57:57.121,1.19546,1.19548,2.85,1.00
2015.01.05 14:57:57.172,1.19546,1.1955,3.22,1.12
2015.01.05 14:57:57.273,1.19546,1.19552,3.45,1.10
2015.01.05 14:57:57.526,1.19546,1.1955,1.20,1.00
2015.01.05 14:57:57.627,1.19547,1.19552,1.00,1.10
2015.01.05 14:57:57.728,1.19545,1.1955,2.25,1.00
2015.01.05 14:57:58.145,1.19545,1.1955,1.57,1.00
2015.01.05 14:57:59.357,1.19546,1.1955,1.00,1.00
2015.01.05 14:57:59.903,1.19545,1.19549,1.00,1.00
2015.01.05 14:58:00.055,1.19543,1.19547,1.57,1.00
2015.01.05 14:58:02.272,1.19542,1.19547,2.70,2.25
2015.01.05 14:58:03.078,1.19543,1.19547,1.00,2.25
2015.01.05 14:58:03.839,1.19544,1.19547,1.00,2.25
2015.01.05 14:58:04.344,1.19544,1.19548,1.01,1.00
2015.01.05 14:58:05.430,1.19545,1.19549,1.01,1.00
2015.01.05 14:58:05.733,1.19543,1.19547,2.44,1.00
2015.01.05 14:58:06.087,1.19543,1.19545,1.10,1.00
2015.01.05 14:58:06.819,1.19542,1.19545,1.12,1.00
2015.01.05 14:58:12.178,1.19541,1.19547,2.14,3.19
2015.01.05 14:58:12.685,1.19541,1.19545,1.95,1.00
2015.01.05 14:58:12.786,1.1954,1.19545,2.51,1.10
2015.01.05 14:58:12.888,1.1954,1.19545,1.50,3.79
2015.01.05 14:58:13.383,1.1954,1.19545,1.50,3.79
2015.01.05 14:58:13.587,1.19538,1.19542,1.00,1.12
2015.01.05 14:58:14.194,1.19538,1.19544,1.50,4.50
2015.01.05 14:58:14.296,1.19541,1.19544,1.00,2.25
2015.01.05 14:58:14.397,1.19545,1.19547,2.10,1.10
2015.01.05 14:58:14.498,1.19545,1.19549,3.79,1.00
2015.01.05 14:58:14.803,1.19553,1.19555,2.10,1.12
2015.01.05 14:58:14.955,1.19558,1.19561,4.91,3.00
2015.01.05 14:58:15.208,1.19557,1.19561,1.00,3.60
2015.01.05 14:58:15.309,1.19552,1.19558,2.81,1.10
2015.01.05 14:58:15.512,1.19552,1.19557,1.00,1.50
2015.01.05 14:58:16.017,1.1955,1.19555,1.50,1.00
2015.01.05 14:58:16.370,1.19549,1.19554,1.57,1.00
2015.01.05 14:58:16.673,1.19548,1.19552,1.50,1.00
2015.01.05 14:58:16.825,1.19547,1.19551,1.57,1.00
2015.01.05 14:58:16.876,1.19547,1.19549,1.10,1.00
2015.01.05 14:58:16.927,1.19544,1.19549,1.47,1.10
2015.01.05 14:58:16.978,1.19543,1.19547,2.25,1.00
2015.01.05 14:58:18.101,1.19543,1.19546,2.25,2.50
2015.01.05 14:58:18.612,1.19542,1.19545,1.37,1.57
2015.01.05 14:58:19.118,1.19541,1.19545,1.37,1.57
2015.01.05 14:58:19.625,1.1954,1.19544,2.14,1.00
2015.01.05 14:58:20.131,1.1954,1.19543,1.95,1.00
2015.01.05 14:58:22.001,1.19539,1.19543,2.89,1.00
2015.01.05 14:58:22.478,1.19538,1.19542,1.00,1.10
2015.01.05 14:58:22.933,1.19536,1.19541,2.32,2.32
2015.01.05 14:58:27.797,1.19536,1.1954,1.57,1.00
2015.01.05 14:58:31.825,1.19536,1.19538,1.10,1.00
2015.01.05 14:58:32.028,1.19532,1.19536,1.72,1.57
2015.01.05 14:58:32.738,1.19532,1.19536,3.30,1.00
2015.01.05 14:58:33.243,1.19534,1.19538,1.00,3.00
2015.01.05 14:58:33.445,1.19534,1.19539,2.25,1.00
2015.01.05 14:58:33.950,1.19534,1.19539,3.37,1.00
2015.01.05 14:58:34.566,1.19534,1.19538,2.25,1.00
2015.01.05 14:58:34.669,1.19534,1.19538,1.00,2.32
2015.01.05 14:58:36.788,1.19533,1.19535,1.12,1.00
2015.01.05 14:58:36.839,1.19532,1.19535,1.20,1.00
2015.01.05 14:58:36.991,1.1953,1.19533,2.25,1.00
2015.01.05 14:58:37.041,1.19529,1.19532,1.20,1.00
2015.01.05 14:58:37.194,1.19527,1.19531,1.10,1.00
2015.01.05 14:58:37.244,1.19524,1.19529,3.00,1.00
2015.01.05 14:58:37.296,1.19524,1.19529,2.62,1.00
2015.01.05 14:58:37.548,1.19523,1.19526,1.12,1.00
2015.01.05 14:58:38.053,1.19522,1.19526,1.50,1.00
2015.01.05 14:58:38.922,1.19523,1.19527,2.17,1.00
2015.01.05 14:58:39.226,1.19517,1.19519,1.00,2.10
2015.01.05 14:58:39.327,1.19514,1.19516,1.00,1.00
2015.01.05 14:58:39.378,1.1951,1.19512,1.00,1.00
2015.01.05 14:58:39.530,1.19507,1.19509,1.00,1.00
2015.01.05 14:58:39.581,1.19505,1.19508,1.00,1.00
2015.01.05 14:58:39.632,1.19503,1.19505,1.50,1.00
2015.01.05 14:58:39.733,1.19502,1.19507,1.95,1.01
2015.01.05 14:58:39.834,1.19502,1.19507,4.12,1.25
2015.01.05 14:58:40.037,1.19506,1.19511,2.66,1.00
2015.01.05 14:58:40.138,1.19509,1.19512,2.36,1.00
2015.01.05 14:58:40.239,1.1951,1.19514,2.10,1.10
2015.01.05 14:58:40.542,1.19508,1.19512,3.11,1.00
2015.01.05 14:58:41.051,1.19508,1.19512,2.55,1.00
2015.01.05 14:58:41.455,1.19508,1.19512,2.55,2.25
2015.01.05 14:58:41.960,1.19506,1.19511,1.50,1.50
2015.01.05 14:58:43.873,1.19507,1.19512,1.12,1.00
2015.01.05 14:58:46.008,1.19507,1.19512,1.12,1.87
2015.01.05 14:58:46.210,1.19507,1.1951,1.00,1.37
2015.01.05 14:58:46.664,1.19506,1.1951,1.10,1.87
2015.01.05 14:58:46.866,1.19506,1.19511,1.50,1.62
2015.01.05 14:58:47.220,1.19507,1.19512,4.72,1.12
2015.01.05 14:58:47.473,1.1951,1.19514,2.10,3.00
2015.01.05 14:58:47.524,1.1951,1.19514,2.10,1.57
2015.01.05 14:58:47.625,1.19512,1.19515,1.00,3.27
2015.01.05 14:58:47.938,1.19517,1.19521,1.01,1.12
2015.01.05 14:58:48.039,1.19519,1.19522,1.00,1.95
2015.01.05 14:58:48.495,1.19517,1.19522,1.42,1.57
2015.01.05 14:58:49.001,1.19518,1.19524,1.60,2.25
2015.01.05 14:58:49.051,1.1952,1.19525,1.00,3.00
2015.01.05 14:58:49.354,1.19522,1.19526,1.50,2.25
2015.01.05 14:58:49.657,1.19526,1.1953,1.00,1.87
2015.01.05 14:58:50.514,1.19526,1.1953,3.79,3.00
2015.01.05 14:58:50.716,1.19528,1.19533,1.25,1.57
2015.01.05 14:58:50.766,1.19528,1.19533,3.04,1.57
2015.01.05 14:58:51.318,1.19532,1.19533,1.00,1.00
2015.01.05 14:58:51.622,1.19535,1.19539,1.50,2.62
2015.01.05 14:58:51.824,1.19535,1.19539,1.50,2.62
2015.01.05 14:58:52.077,1.19533,1.19537,1.57,1.12
2015.01.05 14:58:52.280,1.19535,1.19539,1.00,1.50
2015.01.05 14:58:52.585,1.1954,1.19543,2.10,1.12
2015.01.05 14:58:52.788,1.1954,1.19546,3.04,1.87
2015.01.05 14:58:53.142,1.19541,1.19545,1.00,1.50
2015.01.05 14:58:53.698,1.19539,1.19542,1.25,1.00
2015.01.05 14:58:53.850,1.19539,1.1954,1.00,1.00
2015.01.05 14:58:53.901,1.19536,1.1954,1.57,1.37
2015.01.05 14:58:53.952,1.19536,1.19537,1.10,1.00
2015.01.05 14:58:54.003,1.19531,1.19535,1.00,1.75
2015.01.05 14:58:54.104,1.19528,1.19533,1.00,1.31
2015.01.05 14:58:54.307,1.1953,1.19535,2.10,2.25
2015.01.05 14:58:54.357,1.1953,1.19535,2.10,1.50
2015.01.05 14:58:54.408,1.19533,1.19535,2.10,1.00
2015.01.05 14:58:54.712,1.19527,1.19531,1.00,1.54
2015.01.05 14:58:54.813,1.19524,1.19529,1.00,1.00
2015.01.05 14:58:56.087,1.19524,1.19526,1.00,1.00
2015.01.05 14:58:56.593,1.19523,1.19527,1.00,1.50
2015.01.05 14:58:57.368,1.19522,1.19527,1.00,1.50
2015.01.05 14:58:57.923,1.19521,1.19527,1.00,3.60
2015.01.05 14:58:58.428,1.19521,1.19526,1.00,1.00
2015.01.05 14:58:58.983,1.19521,1.19527,1.50,2.25
2015.01.05 14:58:59.437,1.19521,1.19525,1.00,1.00
2015.01.05 14:59:00.825,1.19521,1.19525,1.00,1.87
2015.01.05 14:59:01.027,1.19519,1.19524,2.32,1.10
2015.01.05 14:59:01.282,1.19518,1.19521,1.87,1.00
2015.01.05 14:59:01.434,1.19514,1.1952,1.50,2.85
2015.01.05 14:59:01.536,1.19512,1.19518,2.32,1.31
2015.01.05 14:59:01.789,1.19512,1.19517,1.00,2.06
2015.01.05 14:59:02.669,1.19512,1.19517,1.00,1.12
2015.01.05 14:59:04.056,1.19518,1.1952,1.00,1.00
2015.01.05 14:59:04.107,1.19521,1.19528,1.25,2.25
2015.01.05 14:59:04.612,1.19522,1.19528,1.00,1.87
2015.01.05 14:59:04.765,1.19522,1.19528,1.00,4.97
2015.01.05 14:59:05.269,1.19521,1.19526,1.00,1.42
2015.01.05 14:59:05.572,1.19519,1.19526,1.57,2.62
2015.01.05 14:59:06.076,1.1952,1.19526,1.00,2.62
2015.01.05 14:59:06.480,1.19519,1.19523,1.57,1.00
2015.01.05 14:59:06.632,1.19516,1.19522,1.10,1.87
2015.01.05 14:59:06.834,1.19518,1.19522,2.10,1.12
2015.01.05 14:59:06.986,1.19518,1.19523,2.92,1.00
2015.01.05 14:59:07.492,1.19519,1.19525,1.50,2.44
2015.01.05 14:59:08.639,1.1952,1.19525,1.50,1.50
2015.01.05 14:59:09.145,1.19518,1.19523,2.10,1.25
2015.01.05 14:59:09.196,1.19518,1.19522,1.35,1.10
2015.01.05 14:59:09.500,1.19517,1.1952,1.00,2.10
2015.01.05 14:59:09.602,1.19517,1.19522,3.67,1.10
2015.01.05 14:59:09.755,1.1952,1.19524,1.00,1.01
2015.01.05 14:59:10.414,1.1952,1.19526,1.57,2.44
2015.01.05 14:59:10.717,1.19523,1.19527,1.00,1.12
2015.01.05 14:59:11.223,1.19524,1.1953,1.00,3.00
2015.01.05 14:59:11.728,1.19524,1.1953,2.25,2.25
2015.01.05 14:59:12.233,1.19525,1.19531,2.25,1.75
2015.01.05 14:59:12.586,1.19525,1.19532,2.32,6.04
2015.01.05 14:59:13.894,1.19531,1.19532,3.00,1.00
2015.01.05 14:59:14.148,1.19535,1.19541,2.81,1.10
2015.01.05 14:59:14.653,1.19537,1.19543,1.10,3.97
2015.01.05 14:59:15.157,1.19537,1.19543,1.00,4.35
2015.01.05 14:59:15.662,1.19535,1.19541,1.10,1.87
2015.01.05 14:59:15.763,1.19535,1.19538,1.10,2.10
2015.01.05 14:59:15.967,1.19531,1.19535,1.57,2.10
2015.01.05 14:59:16.221,1.19529,1.19534,1.10,2.17
2015.01.05 14:59:16.769,1.19527,1.19533,2.44,1.35
2015.01.05 14:59:16.975,1.19527,1.19533,1.10,1.72
2015.01.05 14:59:17.850,1.19526,1.19532,1.12,4.42
2015.01.05 14:59:18.356,1.19526,1.19531,1.00,2.17
2015.01.05 14:59:18.508,1.19528,1.19531,1.00,2.92
2015.01.05 14:59:19.013,1.19527,1.19531,1.00,1.57
2015.01.05 14:59:19.517,1.19526,1.19531,1.00,2.17
2015.01.05 14:59:21.546,1.19524,1.1953,3.00,1.69
2015.01.05 14:59:21.851,1.19523,1.19528,1.50,2.25
2015.01.05 14:59:22.154,1.19515,1.19521,1.50,1.50
2015.01.05 14:59:22.357,1.19519,1.19525,2.25,1.50
2015.01.05 14:59:22.409,1.19521,1.19525,1.50,1.50
2015.01.05 14:59:22.663,1.19522,1.19527,1.12,1.00
2015.01.05 14:59:23.169,1.19522,1.19528,2.81,1.10
2015.01.05 14:59:24.189,1.19524,1.19528,1.00,1.10
2015.01.05 14:59:24.393,1.19523,1.19526,1.10,1.50
2015.01.05 14:59:24.494,1.1952,1.19525,1.57,2.17
2015.01.05 14:59:24.747,1.1952,1.19526,1.91,2.32
2015.01.05 14:59:24.898,1.19523,1.19528,1.00,1.12
2015.01.05 14:59:25.151,1.19524,1.1953,2.32,1.50
2015.01.05 14:59:25.303,1.19526,1.1953,1.00,1.50
2015.01.05 14:59:26.198,1.19526,1.19531,1.00,3.00
2015.01.05 14:59:26.603,1.19524,1.19531,2.25,3.75
2015.01.05 14:59:28.337,1.19524,1.19528,1.50,2.85
2015.01.05 14:59:28.843,1.19524,1.19527,1.39,2.17
2015.01.05 14:59:28.894,1.19523,1.19525,1.05,1.00
2015.01.05 14:59:29.046,1.19518,1.19524,1.00,2.44
2015.01.05 14:59:29.097,1.19518,1.19524,1.50,1.76
2015.01.05 14:59:29.250,1.19521,1.19524,1.00,1.00
2015.01.05 14:59:29.806,1.19523,1.19525,1.00,1.00
2015.01.05 14:59:29.857,1.19523,1.19529,1.50,2.25
2015.01.05 14:59:30.059,1.19523,1.19527,1.50,1.35
2015.01.05 14:59:30.211,1.19521,1.19527,1.57,1.50
2015.01.05 14:59:30.465,1.19523,1.19527,1.00,1.50
2015.01.05 14:59:30.667,1.19521,1.19526,1.57,2.17
2015.01.05 14:59:30.921,1.1952,1.19524,1.50,1.00
2015.01.05 14:59:31.225,1.19519,1.19522,1.12,2.10
2015.01.05 14:59:31.377,1.19519,1.19524,2.92,1.57
2015.01.05 14:59:31.630,1.19518,1.19522,1.50,1.00
2015.01.05 14:59:31.681,1.19518,1.19522,2.17,1.00
2015.01.05 14:59:31.782,1.1952,1.19523,1.00,1.00
2015.01.05 14:59:32.035,1.19516,1.19522,2.81,1.50
2015.01.05 14:59:32.187,1.1952,1.19523,1.00,1.50
2015.01.05 14:59:32.238,1.1952,1.19524,1.00,1.10
2015.01.05 14:59:33.116,1.19517,1.19522,3.94,1.00
2015.01.05 14:59:34.151,1.19517,1.19519,3.86,1.00
2015.01.05 14:59:34.202,1.19514,1.1952,1.00,2.10
2015.01.05 14:59:34.707,1.19513,1.1952,3.45,2.44
2015.01.05 14:59:35.974,1.19513,1.19518,1.00,1.50
2015.01.05 14:59:36.429,1.19512,1.19518,3.00,2.29
2015.01.05 14:59:36.783,1.1951,1.19514,1.76,1.00
2015.01.05 14:59:36.834,1.1951,1.19512,1.10,3.00
2015.01.05 14:59:36.986,1.19502,1.19507,1.50,3.79
2015.01.05 14:59:37.491,1.19501,1.19506,1.37,1.69
2015.01.05 14:59:37.996,1.19499,1.19504,1.31,1.50
2015.01.05 14:59:38.047,1.19498,1.19502,1.87,1.00
2015.01.05 14:59:38.098,1.19497,1.19502,1.12,1.00
2015.01.05 14:59:38.603,1.19495,1.19501,3.19,1.10
2015.01.05 14:59:39.152,1.19494,1.195,2.44,1.00
2015.01.05 14:59:39.456,1.19494,1.19499,1.69,1.00
2015.01.05 14:59:39.708,1.19491,1.19495,1.87,1.00
2015.01.05 14:59:40.213,1.1949,1.19495,1.12,1.00
2015.01.05 14:59:40.567,1.19489,1.19494,1.75,1.00
2015.01.05 14:59:40.718,1.19482,1.19487,1.80,1.25
2015.01.05 14:59:40.820,1.19482,1.19488,2.62,1.57
2015.01.05 14:59:41.023,1.19483,1.19488,1.75,1.25
2015.01.05 14:59:41.175,1.19482,1.19487,1.50,1.00
2015.01.05 14:59:41.428,1.19481,1.19485,1.35,1.00
2015.01.05 14:59:42.087,1.19478,1.19483,1.35,2.25
2015.01.05 14:59:42.239,1.19479,1.19483,2.06,1.00
2015.01.05 14:59:42.542,1.19479,1.19481,1.42,1.00
2015.01.05 14:59:42.593,1.19473,1.19476,3.75,1.00
2015.01.05 14:59:42.645,1.19473,1.19474,1.00,1.00
2015.01.05 14:59:42.798,1.19469,1.19474,1.22,1.50
2015.01.05 14:59:43.102,1.19469,1.19474,1.47,1.10
2015.01.05 14:59:43.355,1.19474,1.19478,1.00,1.00
2015.01.05 14:59:43.558,1.19474,1.1948,1.61,1.57
2015.01.05 14:59:43.760,1.19474,1.19477,1.00,1.00
2015.01.05 14:59:44.013,1.19467,1.19473,2.25,1.00
2015.01.05 14:59:44.216,1.19471,1.19473,1.00,1.12
2015.01.05 14:59:45.316,1.19461,1.19465,1.22,1.50
2015.01.05 14:59:45.824,1.19459,1.19464,1.54,1.00
2015.01.05 14:59:46.329,1.19461,1.19465,1.54,1.00
2015.01.05 14:59:46.834,1.19461,1.19466,1.22,1.00
2015.01.05 14:59:47.339,1.19461,1.19466,1.01,1.50
2015.01.05 14:59:47.744,1.19459,1.19464,1.10,1.00
2015.01.05 14:59:48.046,1.19459,1.19465,3.04,1.57
2015.01.05 14:59:48.350,1.19461,1.19467,1.89,1.50
2015.01.05 14:59:48.451,1.19463,1.19469,1.19,1.12
2015.01.05 14:59:48.502,1.19466,1.19469,1.00,1.10
2015.01.05 14:59:49.007,1.19467,1.19474,1.50,2.44
2015.01.05 14:59:49.309,1.19469,1.19475,2.10,2.62
2015.01.05 14:59:49.360,1.19469,1.19475,2.10,1.87
2015.01.05 14:59:49.411,1.19471,1.19475,1.00,1.87
2015.01.05 14:59:49.715,1.19469,1.19474,2.10,1.00
2015.01.05 14:59:49.816,1.19471,1.19474,1.00,1.00
2015.01.05 14:59:49.968,1.19469,1.19474,3.60,1.00
2015.01.05 14:59:50.297,1.19477,1.19478,1.00,1.35
2015.01.05 14:59:50.500,1.1948,1.19484,3.60,1.00
2015.01.05 14:59:50.601,1.19482,1.19487,1.00,1.12
2015.01.05 14:59:50.702,1.19484,1.19487,1.00,1.12
2015.01.05 14:59:50.804,1.19485,1.19489,1.00,1.00
2015.01.05 14:59:51.158,1.19481,1.19487,1.00,1.00
2015.01.05 14:59:51.259,1.19483,1.19489,1.00,1.00
2015.01.05 14:59:51.563,1.19485,1.19489,1.00,1.00
2015.01.05 14:59:51.867,1.19486,1.19491,1.00,1.25
2015.01.05 14:59:52.020,1.19484,1.19491,3.60,1.31
2015.01.05 14:59:52.273,1.19484,1.19487,1.50,1.00
2015.01.05 14:59:52.482,1.19485,1.19488,1.00,1.00
2015.01.05 14:59:52.634,1.19487,1.19491,1.00,1.69
2015.01.05 14:59:52.685,1.19487,1.19491,1.00,1.50
2015.01.05 14:59:53.282,1.19488,1.19491,1.31,1.00
2015.01.05 14:59:53.587,1.19486,1.1949,1.39,1.00
2015.01.05 14:59:53.942,1.19488,1.1949,2.10,1.00
2015.01.05 14:59:54.045,1.19489,1.19493,1.00,3.00
2015.01.05 14:59:54.652,1.19488,1.19491,1.50,1.00
2015.01.05 14:59:54.804,1.19487,1.19491,1.39,1.00
2015.01.05 14:59:55.006,1.19488,1.19491,1.12,1.00
2015.01.05 14:59:55.311,1.19487,1.19489,1.80,1.00
2015.01.05 14:59:55.463,1.19486,1.19489,1.87,1.00
2015.01.05 14:59:55.971,1.19486,1.19489,1.20,1.50
2015.01.05 14:59:56.426,1.19487,1.1949,3.97,1.00
2015.01.05 14:59:58.003,1.19487,1.19491,2.66,1.50
2015.01.05 14:59:59.806,1.19485,1.1949,3.49,1.00
